Postcode	Duration (min)	Route Index	Name	Description	Waypoint Count	Waypoint 1	Waypoint 2	Waypoint 3	Distance (m)	Duration (sec)	Polyline	Generate Polyline
S2	15	1			2	Wobbly Wheel Cyclery (S2)	Daughters (S2)		1342	1006	oatdInh}GBrBDlCn@ED?F?v@GbAG?FJtGL`HlBIDbBmClGkBfEgAdCqAwBIM\{@~BsFTg@E[IcFImDMyIE?o@DEmCCsB	Click to Generate
S2	45	1			2	The Hardy Pick (S2)	Porcelanosa (S2)		3145	2359	yltdIbq`HId@]UOKEESOSQKICCGGCEEIEIEGKUISCKGMEMCKCMIi@ESESEOGSc@w@GGC[BEHENIPI`@QDC\MJCFCHCDAD?R?P?F?PBD?`@ENCRGDCHGFGBCBEDEv@pBlAzCHPf@{@Se@GO_@}@JSV_@c@r@^|@FNRd@g@z@IQmA{Cw@qBEDCDCBGFIFEBSFOBa@DE?KJIFCBIFEACACCCAAGGQCIEMAGEKEOISQk@]u@oAeDg@kAeAgCi@oAMc@Y_ACMCICCEIEGEGGEa@UaAm@kBiAmAs@MIIIGGIIGMEIOc@EKAKCME]K}@Gc@Ks@ASEc@Ce@T@B?H?XAFAF?REZ?b@Av@A\?V?J@H@D@B@JDHDHHTRTTX\PTPTZd@`@n@f@t@f@t@HLFFDHLNDFBBVXLLFDXPNJNHPLTH\Pd@PHBFBZLz@\\PJDNHFFJHNLFHFDHHZZl@d@ELGRENADECUK_@QGC@Y?G@IDUDQIIGEGIOMKIGGOIKEA\GnAKnCALCJEFYn@CD?DAD?B?D@D@DXj@fAzBLZFTDRF`@@^E@C@A?C@EBCDe@p@EDCDCBGFIFEBSFOBa@DE?KJIFCBIF?R@R?JEh@A^Ad@EpA?`A?f@?L?P?JBVRPRNDDNJ\THe@	Click to Generate
S2	30	1			2	International Automatic Cars (S2)	Virgin Crucible (S2)		2444	1833	ahtdIh{~GyAhDk@vAPXVd@H@t@aBu@`BIACES_@QYEJWj@Yp@CTz@\\PA\GnAKnCALCJEFYn@CD?DAD?B?D@D@DXj@fAzBLZFTDRF`@@^E@C@A?C@EBCDe@p@EDCDCBGFIFEBSFSkCCYCUCOIQIWM]Zk@[j@L\HVHPBNBTVdDOBa@DE?KJIFCBIFEACACCCAAGGQCIEMAGEKEOISQk@]u@oAeDg@kAeAgCi@oAMc@Y_ACMCICCEIEGEGGEa@UaAm@kBiAmAs@MIIIGGIIGMEIOc@EKAKCME]K}@Gc@Ks@ASEc@Ce@T@B?H?XAFAF?REZ?b@Av@A\?V?J@H@D@B@JDHDHHTRTTX\PTPTZd@`@n@f@t@f@t@HLFFDHLNDFBBVXLLFDXPNJNHPLTH\Pd@PHBFBZLBUXq@Vk@DKj@wAxAiD	Click to Generate
S2	30	1			2	Leaves (S2)	UBU (S2)		2234	1676	ududI|gvGQXVo@Xw@L[d@y@@E@E?C@E?E?G?E?C?EAC?A?EAEAEAGCEAEEG[SmBkAGT]xAENa@jAq@|ASb@Q\_@r@q@z@pBvC??qBwCIJcAnAGF{@v@w@^k@^u@Ts@RYDYDg@HG??TBx@Bl@Fj@FX@HDRJ\`AzB`AtBJR@BLYRYBCDINUNY^q@BEzAqC`ByC|A}C^q@`AgB`AmBVo@Xw@L[d@y@Ra@DIJUHOJSJQ`@_AN]FSTw@DOP_ABONYJg@DUDUBE@CBAB?B?D?D@DD^|@Tn@N\Rl@Jd@@HAd@ATCNENENGVGTEPKRi@F_@DODM@{@FWTO@]BK@GBC@IDGBIHEDEDABCBuAbC	Click to Generate
S2	15	1			2	Best Pizza (S2)	Sheffield Inclusion Centre (S2)		1278	958	ivudI|cwGMTwAfC]p@OZ]p@BFBFj@lAVj@d@`ATf@Tf@@Bl@rAb@~@FL`@~@b@hARl@?BN`@UTu@t@qBjBw@v@eAbAcA~@I[Ke@GUw@_DCGIUOEIAGA?S?O?KCQKc@e@{AIUCGMc@EQCE?EAGAG?CAI?I@I?I@E@CDIDKDEb@w@HKd@{@jBkDj@cA\q@l@mAvAgCLU	Click to Generate
S2	30	1			2	Ideal Hairdresser (S2)	Porcelanosa (S2)		2533	1900	kjtdIxt`H??KKKKMKSQ]Y]UOKEESOAAQOKICCGGCEEIEIEGKUISCKGMEMCKCMIi@ESESEOGSc@w@GGC[BEHENIPI`@QDC\MFIBC@G@C@E?G@E?OAKISQk@]u@oAeDg@kAeAgCi@oAMc@Y_ACMCICCEIEGEGGEa@UaAm@kBiAmAs@MIIIGGIIGMEIOc@EKAKCME]K}@Gc@Ks@ASEc@Ce@T@B?H?XAFAF?REZ?b@Av@A\?V?J@H@D@B@JDHDHHTRTTX\PTPTZd@`@n@f@t@f@t@HLFFDHLNDFBBVXLLFDXPNJNHPLTH\Pd@PHBFBZLz@\\PJDNHFFJHNLFHFDHHZZl@d@ELGRENADECUK_@QGC@Y?G@IDUDQIIGEGIOMKIGGOIKEA\GnAKnCALCJEFYn@CD?DAD?B?D@D@DXj@fAzBLZFTDRF`@@^E@C@A?C@EBCDe@p@EDCDCBGFIFEBSFOBa@DE?KJIFCBIF?R@R?JEh@A^Ad@EpA?`A?f@?L?P?JBVRPRNDDNJ\T\XRPLJJJJJ??	Click to Generate
S2	20	1			2	The Bhaji Shack (S2)	Little London Bodyworks (S2)		1690	1268	gftdIdm_H@@ELg@s@[[IIGEGIOMKIGGOIIEA?]Q{@][MGCICe@Q]QUIQMOIOKYQGEMMWYCCEGBO@EHYFMDKHKJQLQJOtA_BHKf@q@~BaDFGv@kApAoEDDLAxAgAPAv@AVAt@Cu@BoABQ@yAfAM@EEqAnEw@jAGF_C`Dg@p@IJuA~AKNMPKPIJEJGLIXADCNDFBBVXLLFDXPNJNHPLTH\Pd@PHBFBZLz@\\PJDNHFFJHNLFHFDHHZZj@b@	Click to Generate
S2	30	1			2	Pizza City (S2)	Newfield Green Dental Surgery (S2)		2543	1907	uxtdIvtyGuAx@C@GGCGEKEEG@IFKJEKGYCMMq@Ms@E_@K}@QcBDCx@o@|@s@d@]f@]hBqAXQRM`@W`Ak@n@]`@QLGFAAb@?N?L?FAd@Af@Ah@Cn@Al@Cv@AVCx@CZAZG~@GdAKzACb@Gz@?FIfAGt@E`@Kz@EZEXG\Sz@Qv@Wx@Od@MXGNMXSd@EHGHMVHR@BBBHDJ?F?FC`B]r@On@OVGFAF?F?F?PD`@LH@l@XLHPJRAD?@AH?DCHCBGLW@EJSJQLSFIBG@AN[@EFIBEKSGKFJJRCDGHADOZA@CFGHMRKPKRADMVCFITEHCLKIGGEGGGQKMIm@YIAFu@HsA?IBe@@OEQMIK?a@NK@KEGKGOAS?C?WJo@@KPy@Py@H]@GLm@VqADSBKJw@@IAUCQIMICEAQHYTSRQRGDGFIBEA[EGz@?FIfAGt@E`@Kz@EZEXG\_@SUMk@]i@]i@c@OKSSKIMK[_@Q[OSM[GOCEK]GSJKHGFADDDJBFFFBAtAy@	Click to Generate
S2	15	1			2	East Bank Medical Centre (S2)	Sheffield Springs Academy (S2)		1098	824	}ztdIxwwGCBELERAXDVJTLFH@@`@B^BbAFrALCH?ZGNCb@Er@I`@G?YEqAC_@mANlAOHpB?XDAl@Ir@KI}@Gy@Em@AICe@C_@Ca@Cg@Ag@Ci@A]p@IJC~@Sx@ODE?G??Cu@UBe@nA_ARKBq@H@\Bh@@f@Bf@yARoBXOBQ@EWEQKKWCGDED	Click to Generate
S2	30	1			2	St Swithun (S2)	No.1 Chinese Takeaway (S2)		2619	1964	gnvdIphuG]n@Yo@Zq@Zq@Qa@CCCG\w@f@iABG?ABOTL`DvAHB@IBGBEDAF@BB@BBF@F?FAFADFDb@Vl@`@^XLLHJTb@Ph@Jj@FpAD~BL`E?RP@LBDDDHDNHZ@N@NAJAL?BETCFCFGJEDGDEBE@I@EAGAECEEGGEKIWE]a@JcB^_ATYHJkDd@oCBKeBkBaAeAEEGIGLKJEDMFa@@S@UBUH}@f@k@d@MJa@\e@n@i@t@OTaAlBe@z@e@x@SLUHQ?SEOGOGWOECeCwAiBcAa@a@U[S]GI~@mB\q@Vg@Cm@LWP_@ZHFM\o@NYv@{A`BkDfB_DFIHOb@}@NWNFnAh@dCdA@@`DtACN?@CFg@hA]v@BFBBP`@[p@[p@Xn@\o@	Click to Generate
S2	30	1			2	Jaan Kebab House (S2)	Porcelanosa (S2)		2524	1893	qjtdIrt`HEEKKMKSQ]Y]UOKEESOGGKIKICCGGCEEIEIEGKUISCKGMEMCKCMIi@ESESEOGSc@w@GGC[BEHENIPI`@QDC\MFIBC@G@C@E?G@E?OAKISQk@]u@oAeDg@kAeAgCi@oAMc@Y_ACMCICCEIEGEGGEa@UaAm@kBiAmAs@MIIIGGIIGMEIOc@EKAKCME]K}@Gc@Ks@ASEc@Ce@T@B?H?XAFAF?REZ?b@Av@A\?V?J@H@D@B@JDHDHHTRTTX\PTPTZd@`@n@f@t@f@t@HLFFDHLNDFBBVXLLFDXPNJNHPLTH\Pd@PHBFBZLz@\\PJDNHFFJHNLFHFDHHZZl@d@ELGRENADECUK_@QGC@Y?G@IDUDQIIGEGIOMKIGGOIKEA\GnAKnCALCJEFYn@CD?DAD?B?D@D@DXj@fAzBLZFTDRF`@@^E@C@A?C@EBCDe@p@EDCDCBGFIFEBSFOBa@DE?KJIFCBIF?R@R?JEh@A^Ad@EpA?`A?f@?L?P?JBVRPRNDDNJ\T\XRPLJJJDD	Click to Generate
S2	20	1			2	Leaves (S2)	Bronze & Polished (S2)		1496	1122	geudIzhvG?CVo@Xw@L[d@y@@E@E?C@E?E?G?E?C?EAC?A?EAEAEAGCEAEEG[SmBkAGT]xAENa@jAq@|ASb@Q\_@r@q@z@pBvC??qBwCIJcAnAGF{@v@w@^k@^u@Ts@RYDYDg@HG??TBx@Bl@Fj@FX@HDRJ\`AzB`AtBJR@BLYRYBCDINUNYJORa@~AwC`ByC|A}C^q@`AgB`AiB	Click to Generate
S2	20	1			2	Nether Edge Primary School (S2)	Broadfield Park (S2)		1771	1328	_ztdIfqaHDQBKL_@J]BKFWPw@Hc@TkANq@`@_CFc@d@uE^aEL_BFi@BM?EBG@EN]DFDHDHBDFFBBJHRPRNDDNJ\T\XRPQr@CFAFUhAAJ[zAERMj@AD?B?B?D@B@BJFr@d@FDFDl@wCBONu@XwAQWIKKMKKKKMKSQ]Y]UOKEESOSQKICCGGCEEIEIEGKUISCKGMEMCKCMIi@ESESEOGSc@w@GGC[BEHENIPI`@QDC\MJCFCHCDAD?R?@NBJ@F?R@R?JEh@A^Ab@?@EpA?HAHCHAHAFIVEJCHKVO\ADCF?DCLGh@M~A_@`Ee@tEGb@a@~BOp@UjAIb@Qv@GVCJK\M^CJEP	Click to Generate
S2	20	1			2	Alberts (S2)	Leaves (S2)		1675	1256	mzudIljwG\q@vAgCLU?CRYBCDINUNY^q@~AwC`ByC|A}C^q@`AgB`AmBVo@Xw@L[d@y@@E@E?C@E?E?G?E?C?EAC?A?EAEAEAGCEAEEG[SmBkAGT]xAENa@jAq@|ASb@Q\_@r@q@z@pBvC??qBwCIJcAnAGF{@v@w@^k@^u@Ts@RYDYDg@HG??TBx@Bl@Fj@FX@HDRJ\`AzB`AtBJR@BwAfC]p@	Click to Generate
S2	45	1			2	Boots (S2)	Hafiz Store (S2)		3152	2364	citdInn_HBU@Y?G@IDUDQZZl@d@X\dAhANPJJEJCFILCHEJKh@ITGXIA??AAAAEICEAEUg@BqAD@T^CjAEJ@DHN@@@@??H@FYAQDq@BKBQJS[]{@iAMQg@s@[[IIGEGIOMKIGGOIKEA\GnAKnCALCJEFYn@CD?DAD?B?D@D@DXj@fAzBLZFTDRF`@@^E@C@A?C@EBCDe@p@EDCDCBGFIFEBSFOBa@DE?KJIFCBIF?R@R?JEh@A^Ad@EpA?`A?f@?L?P?JBVRPRNDDFDFD\TPcA@I`@wB@GAFa@vBAHQbA]UOKEESOSQKICCGGCEEIEIEGKUISCKGMEMCKCMIi@ESESEOGSc@w@GGC[BEHENIPI`@QDC\MFIBC@G@C@E?G@E?OAKISQk@]u@oAeDg@kAeAgCi@oAMc@Y_ACMCICCEIEGEGGEa@UaAm@kBiAmAs@MIIIGGIIGMEIOc@EKAKCME]K}@Gc@Ks@ASEc@Ce@T@B?H?XAFAF?REZ?b@Av@A\?V?J@H@D@B@JDHDHHTRTTX\PTPTZd@`@n@f@t@f@t@HLFFDHLNDFBBVXLLFDXPNJNHPLTH\Pd@PHBFBZLz@\\PJDNHFFJHNLFHFDHHZZl@d@ELGRENAD?DAHAJAt@AP?R_AKECCC?C?CHkB	Click to Generate
S2	45	1			2	The Hardy Pick (S2)	Nether Edge Primary School (S2)		3536	2652	ydtdInu_HDH@@@@??H@FYAQDq@BKBQJS[]{@iAMQg@s@[[IIGEGIOMKIGGOIKEA\GnAKnCALCJEFYn@CD?DAD?B?D@D@DXj@fAzBLZFTDRF`@@^E@C@A?C@EBCDe@p@v@pBlAzCHPf@{@Se@GO_@}@JSV_@c@r@^|@FNRd@g@z@IQmA{Cw@qBEDCDCBGFIFEBSFOBa@DE?KJIFCBIF?R@R?JEh@A^Ad@EpA?`A?f@?L?P?JBVRPRNDDNJ\T\XRPQr@CFAFUhAAJ[zAERMj@AD?B?B?D@B@BJFr@d@FDFDl@wCBONu@XwAQWIKKMKKKKMKSQ]Y]UOKEESOSQKICCGGCEEIEIEGKUISCKGMEMCKCMIi@ESESEOGSc@w@GGC[BEHENIPI`@QDC\MFIBC@G@C@E?G@E?OAKISQk@]u@oAeDg@kAeAgCi@oAMc@Y_ACMCICCEIEGEGGEa@UaAm@kBiAmAs@MIIIGGIIGMEIOc@EKAKCME]K}@Gc@Ks@ASEc@Ce@T@B?H?XAFAF?REZ?b@Av@A\?V?J@H@D@B@JDHDHHTRTTX\PTPTZd@`@n@f@t@f@t@HLFFDHLNDFBBVXLLFDXPNJNHPLTH\Pd@PHBFBZLz@\\PJDNHFFJHNLFHFDHHZZl@d@X\dAhANPJJEJCFILCHEJKh@ITGXIA??AAAAEI	Click to Generate
S2	45	1			2	Curry Master (S2)	Heeley Sidings (S2)		3611	2708	qptdI~p`HDi@JHRPRNDDNJ\T\XRPQr@CFAFWtA[zAERMj@AD?B?B?D@B@BJFr@d@FDFDl@wCBONu@XwAQWIKKMKK??KKMKSQ]Y]UOKEESOSQKICCGGCEEIEIEGKUISCKGMEMCKCMIi@ESESEOGSc@w@GGC[BEHENIPI`@QDC\MFIBC@G@C@E?G@E?OAKISQk@]u@oAeDg@kAeAgCi@oAMc@Y_ACMCICCEIEGEGGEa@UaAm@kBiAmAs@MIIIGGIIGMEIOc@EKAKCME]K}@Gc@Ks@ASEc@Ce@T@B?H?XAFAF?REZ?b@Av@A\?V?J@H@D@B@JDHDHHTRTTX\PTPTZd@`@n@f@t@f@t@HLFFDHLNDFBBVXLLFDXPNJNHPLTH\Pd@PHBFBZLz@\\PJDNHFFJHNLFHFDHHZZl@d@X\dAhANPJJEJCFILCHEJKh@ITGXD\@B@@BFn@pARa@R]u@}AMV@R@Dj@hAS`@o@qAEIACE]FYAQDq@BKBQJS[]{@iAMQg@s@[[IIGEGIOMKIGGOIKEA\GnAKnCALCJEFYn@CD?DAD?B?D@D@DXj@fAzBLZFTDRF`@@^E@C@A?C@EBCDe@p@EDCDCBGFIFEBSFOBa@DE?KJIFCBIF?R@R?JEh@A^Ad@EpA?`A?f@?L?P?JBVRPRNDDNJ\TPcA@I`@wB@GAFa@vBAHQbA]UOKEESOSQKIEh@	Click to Generate
S2	15	1			2	Tuck News (S2)	Scullion and Scott (S2)		1379	1034	}otdI|g`H?@EpA?`A?f@?L?P?JBVRPRN@@BBNJ\TPcA@I`@wB@GAFa@vBAHQbA]UOKEESOSQKICCGGCEEIEIEGO\ADCF?DCLGh@M~A_@`Ee@tEGb@a@~BOp@UjACHEXQv@GVCJK\M^CJOl@AHNb@ERId@SA@EHw@BQBK@INm@BKL_@J]BKFWPw@Hc@TkANq@`@_CFc@d@uE^aEL_BFi@BM?EBG@EN]JWBIDKHW@G@IBI@I?IDqA?A	Click to Generate
S2	15	1			2	Caribbean Fusion (S2)	Sheffield Inclusion Centre (S2)		1387	1040	_tudIp`wGKNOXOTEHCBSXMXmAvBINm@lA]p@BFBFj@lAVj@d@`ATf@Tf@@Bl@rAb@~@FL`@~@b@hARl@?BN`@UTu@t@qBjBw@v@eAbAcA~@I[Ke@GUw@_DCGIUOEIAGA?S?O?KCQKc@e@{AIUCGMc@EQCE?EAGAG?CAI?I@I?I@E@CDIDKDEb@w@HKd@{@jBkDj@cA\q@l@mAvAgCLYRYBCDINUNYJO	Click to Generate
S2	30	1			2	Virgin Crucible (S2)	B&M Bargains (S2)		2855	2141	sntdIbq`HCASOSQKICCGGCEEIEIEGKUISCKGMEMCKCMIi@ESESEOGSc@w@GGC[BEHENIPI`@QDC\MJCFCHCDAD?R?P?F?PBD?`@ENCSkCCYCUCOIQIWM]Zk@[j@L\HVHPBNBTVdDOBa@DE?KJIFCBIFEACACCCAAGGQCIEMAGEKEOISQk@]u@oAeDg@kAeAgCi@oAMc@Y_ACMCICCEIEGEGGEa@UaAm@kBiAmAs@MIIIGGIIGMEIOc@EKAKCME]K}@Gc@Ks@ASEc@Ce@T@B?H?XAFAF?REZ?b@Av@A\?V?J@H@D@B@JDHDHHTRTTX\PTPTZd@`@n@f@t@f@t@HLFFDHLNDFBBVXLLFDXPNJNHPLTH\Pd@PHBFBZLz@\\PJDNHFFJHNLFHFDHHZZl@d@ELGRENAD?DAHAJAt@AP?R_AKECCC?C?CHkBBU@Y?G@IDUDQIIGEGIOMKIGGOIKEA\GnAKnCALCJEFYn@CD?DAD?B?D@D@DXj@fAzBLZFTDRF`@@^E@C@A?C@EBCDe@p@EDCDCBGFIFEBSFOBa@DE?KJIFCBIF?R@R?JEh@A^Ad@EpA?`A?f@?L?P?JBVRPRNB@	Click to Generate
S2	60	1			2	Pentagon Jeep (S2)	Manor Park Medical Centre (S2)		5357	4018	egydItavGK^Wt@R\^gANg@Ru@Nm@Lg@b@aBJe@Rs@f@f@XRTPn@f@k@pCGVg@zB@ZVb@XRTPNLFFTR_@hBOr@Ns@^iBUSGGOMUQYSWc@A[f@{Br@iDo@g@UQYSg@g@Z{@Xg@bAqAF]Dc@Ca@CW@UFWFMDEHEJAFBD@HJDJDLVx@P`@N\n@x@vArApB`BTRTDT?TGNOLWDUDY@a@Mk@OWQKMCQDSNMXWbAa@bBm@dCg@zBm@fBi@dCWvByBfKU~@SdAa@dCcA|HW~ADRDJDFLCf@W`AcAp@s@hC_BNUFOPWZ}@j@_Bd@sA~@oCVs@d@sA^iAL[LUTa@\e@Z[VSXO^Ol@QXORMTS^]v@kANYrBkDp@kACMAM@M@GDIFEFA??HBDHDJ@L?FCLEJEDK@GCGIq@jAsBjDOXw@jA_@\URSLYNm@P_@NYNWR[Z]d@U`@MTMZ_@hAe@rAWr@_AnCe@rAk@~A[|@QVGNOTiC~Aq@r@aAbAg@VY^IFm@d@[XORU`@Uh@ABo@pAg@tAw@vBw@rBY~@KR?@ADA@ABA?A?A?A?AAAAAAoAm@_@UoAu@SMIIGKEIEKEMMYOe@EM_@iACGs@yAQ]s@wAd@yBBOJs@Hu@PwAJy@PkABQTiAR{@f@eBJ]\aAx@gBFKDMt@_AZg@jAwANUlAgBHOTg@t@aB`@{@S]Vu@J_@	Click to Generate
S2	30	1			2	Windy House Lane Pocket Park (S2)	Archdale School (S2)		2081	1561	_~udIz_vGC}@I@EAGAECEEGGEKIWE]?Q@QF[JWHIJGHCP@LBDDDHDNHZ@N@NAJAL?BETt@v@~DjEELCFCBg@^AGGW??FV@Ff@_@BCBGDM_EkEu@w@CFCFGJEDGDEBE@I@EAGAECEEGGEKIWE]?Q@QF[JWHIJGHC?SMaEE_CGqAKk@Qi@Uc@IKMM_@Ym@a@c@WGEAFEBC@E?ECCCCG?I?IICaDwAUMCN?@CFg@hA]v@BFBBP`@[p@[p@Xn@\o@??]n@Yo@Zq@Zq@Qa@CCCG\w@f@iABG?ABOTL`DvAHB@IBGBEDAF@BB@BBF@F?FAFADFDb@Vl@`@^XLLHJTb@Ph@Jj@FpAD~BL`E?RP@LBDDDHDNHZ@N@NAJAL?BETCFCFGJEDGDEBE@B|@	Click to Generate
S2	30	1			2	Boots (S2)	Hafiz Store (S2)		2962	2222	gitdInh_HELK^NLFHFDHHZZl@d@X\dAhANPJJEJCFILCHEJKh@ITGXIA??AAAAEICEAEUg@BqAD@T^CjAEJ@DHN@@@@??H@FYAQDq@BKBQJS[]{@iAMQg@s@[[IIGEGIOMKIGGOIKEA\GnAKnCALCJEFYn@CD?DAD?B?D@D@DXj@fAzBLZFTDRF`@@^E@C@A?C@EBCDe@p@EDCDCBGFIFEBSFOBa@DE?KJIFCBIF?R@R?JEh@A^Ad@EpA?`A?f@?L?P?JBVRPRNDDFDFD\TPcA@I`@wB@GAFa@vBAHQbA]UOKEESOSQKICCGGCEEIEIEGKUISCKGMEMCKCMIi@ESESEOGSc@w@GGC[BEHENIPI`@QDC\MFIBC@G@C@E?G@E?OAKISQk@]u@oAeDg@kAeAgCi@oAMc@Y_ACMCICCEIEGEGGEa@UaAm@kBiAmAs@MIIIGGIIGMEIOc@EKAKCME]K}@Gc@Ks@ASEc@Ce@T@B?H?XAFAF?REZ?b@Av@A\?V?J@H@D@B@JDHDHHTRTTX\PTPTZd@`@n@f@t@f@t@HLFFDHLNDFBBVXLLFDXPNJNHPLTH\Pd@PHBFBZLz@\\PJDNHFFJHJ_@DM	Click to Generate
S2	20	1			2	Wobbly Wheel Cyclery (S2)	Daughters (S2)		1507	1130	uusdIni}GD~AAh@@j@kAJ?FJrGoBJKuG?GcAFw@FG?LxIHlDHbFDZUf@_CrF]z@HLpAvBfAeCjBgElCmGEcBCcCG_DKsG?GjAKAk@@i@E_B	Click to Generate
S2	20	1			2	Bronze & Polished (S2)	Leaves (S2)		1614	1210	eyudIjhwGlAwBLYRYBCDINUNYJORa@~AwC`ByC|A}C^q@`AgB`AmBVo@Xw@L[d@y@@E@E?C@E?E?G?E?C?EAC?A?EAEAEAGCEAEEG[SmBkAGT]xAENa@jAq@|ASb@Q\_@r@q@z@pBvC??qBwCIJcAnAGF{@v@w@^k@^u@Ts@RYDYDg@HG??TBx@Bl@Fj@FX@HDRJ\`AzB`AtBJR@BmAvB	Click to Generate
S2	20	1			2	International Automatic Cars (S2)	Little London Bodyworks (S2)		1963	1472	agtdIpl_HZTELg@s@[[IIGEGIOMKIGGOIKE]Q{@]BUXq@Vk@DKPXVd@H@t@aBu@`BIACES_@QYEJWj@Yp@CT[MGCICe@Q]QUIQMOIOKYQGEMMWYCCEGBO@EHYFMDKHKJQLQJOtA_BHKf@q@~BaDFGv@kApAoEDDLAxAgAPAv@AVAt@Cu@BoABQ@yAfAM@EEqAnEw@jAGF_C`Dg@p@IJuA~AKNMPKPIJEJGLIXADCNDFBBVXLLFDXPNJNHPLTH\Pd@PHBFBZLz@\\PJDNHFFJHNLFHFDHHZZPN	Click to Generate
S2	30	1			2	Gleadless Medical Centre (S2)	Arbourthorne Community Primary School (S2)		2942	2206	mbtdI|~yGn@uABCTe@f@aAP]h@eAHKLKBCTAF@JFHLHRDX@\?Z@RA\?H?J?L@H@Jg@r@QXCBa@j@KLKLMJiB`BQNUTKNILSZOXCDGHADOZA@CFGHMRKPKRADHNZl@??[m@IOMVCFITEHCLKIGGEGGGQKMIm@YIAFu@HsA?IBe@@OEQMIK?a@NK@KEGKGOAS?C?WJo@@KPy@Py@H]@GLm@VqADSBKJw@@IAUCQIMICEAQHYTSRQRGDGFIBEA[EGz@?FIfAGt@E`@Kz@EZEXG\_@SUMk@]i@]i@c@OKSSKIMK[_@Q[OSM[GOCEK]GSJKHGFADDDJBFFFBAtAy@??uAx@C@GGCGEKEEG@IFKJFRJ\BDFNLZNRPZZ^LJJHRRNJh@b@h@\j@\TL^RSz@Qv@Wx@Od@MXGNMXSd@EHGHMVHR@BBBHDJ?F?FC`B]r@On@OVGFAF?F?F?PD`@LH@l@XLHPJRAFAH?DCHCBGLW@EJSJQLSFIBG@AN[@EFIBENYR[HMJOTUPOhBaBLKJMJM`@k@BCPYf@s@AKAI?M?K?I@]AS?[A]EYISIMKGGAU@CBMJIJi@dAQ\g@`AUd@CBo@tA	Click to Generate
S2	15	1			2	Kathy's Tea Room (S2)	Manor Park Medical Centre (S2)		1205	904	uiwdIfuvGWGaAOq@a@QSUe@KOa@n@mBxCoAyCoAyCZi@IOR_@F[?SA[COCSCINWs@aBsAkCEDK@GCGICMAM@M@GDIFEFA??HBDHDJ@L?FCLEJrAjCr@`Bl@bBJSh@{@NUHEHAL?jBb@jA`@OvB]bB_@|@JNTd@PRp@`@`ANVF	Click to Generate
S2	30	1			2	Meersbrook Service Station (S2)	74th Oak Street Scout Group (S2)		2682	2012	{itdIbe|GAAEAg@WUGSCQ?E@C@GBIDULCHqCvIW~@Of@K^ERADK`@GPI^A@IVCHCFKR[f@LPDFBDF@D@PDPDz@RB?`AT@?TFPB`AVl@NzBf@n@NB?^HNDZ@PGNQh@s@Tg@DWEkAAOHmBN}@RyAFUJ]hB\~Bb@rBjFQDqDo@qEw@IlBFzAEV`@FZ`CFfCw@D@J@p@BrBDlCWBM@a@?mAMG?E?eE[c@k@}Aw@gAq@[Oq@][a@IOIUMSi@_@P_ABc@Bg@?_@AaA?G?M@I?E@G?C@GBMCEEGMQZg@JSBGBIHW@AH_@FQJa@@EDSJ_@Ng@V_ApCwIBITMHEFCBADAP?RBTFf@VD@@@	Click to Generate
S2	30	1			2	Boots (S2)	Hafiz Store (S2)		2926	2194	sgtdI`l_Hl@d@X\dAhANPJJEJCFILCHEJKh@ITGXIA??AAAAEICEAEUg@BqAD@T^CjAEJ@DHN@@@@??H@FYAQDq@BKBQJS[]{@iAMQg@s@[[IIGEGIOMKIGGOIKEA\GnAKnCALCJEFYn@CD?DAD?B?D@D@DXj@fAzBLZFTDRF`@@^E@C@A?C@EBCDe@p@EDCDCBGFIFEBSFOBa@DE?KJIFCBIF?R@R?JEh@A^Ad@EpA?`A?f@?L?P?JBVRPRNDDFDFD\TPcA@I`@wB@GAFa@vBAHQbA]UOKEESOSQKICCGGCEEIEIEGKUISCKGMEMCKCMIi@ESESEOGSc@w@GGC[BEHENIPI`@QDC\MFIBC@G@C@E?G@E?OAKISQk@]u@oAeDg@kAeAgCi@oAMc@Y_ACMCICCEIEGEGGEa@UaAm@kBiAmAs@MIIIGGIIGMEIOc@EKAKCME]K}@Gc@Ks@ASEc@Ce@T@B?H?XAFAF?REZ?b@Av@A\?V?J@H@D@B@JDHDHHTRTTX\PTPTZd@`@n@f@t@f@t@HLFFDHLNDFBBVXLLFDXPNJNHPLTH\Pd@PHBFBZLz@\\PJDNHFFJHNLFHFDHHZZ??	Click to Generate
S2	60	1			2	Substantial Victorian houses in Norfolk Road (S2)	Sheffield Inclusion Centre (S2)		4979	3734	oexdIn}{GkAmBFMn@}Ad@gAtA}CBElCkGl@wA@CXo@JWhBkEfEmMBE@ABATA@k@@o@@y@BgA@QJyFJuFDuBD}BFoC?K@k@TUZ]fBeBRS^]BADEFG~BuBrFgFDEFEzCuCv@u@|@_ARQDEDEx@u@^]nAqA\m@~@cBf@aA^m@`@u@h@_AFMDIP[HMDIDKDEb@w@HKd@{@jBkDj@cABFBFj@lAVj@d@`ATf@Tf@@Bl@rAb@~@FL`@~@b@hARl@?BN`@UTu@t@qBjBw@v@eAbAcA~@I[Ke@GUw@_DCGIUOEIAGA?S?O?KCQKc@e@{AIUCGMc@KKGGIGCCEAK?i@~@a@t@_@l@g@`A_AbB]l@oApA_@\y@t@EDEDSP}@~@w@t@{CtCGDEDsFfF_CtBGFEDC@_@\SRgBdB[\UTAj@?JGnCE|BEtBKtFKxFAPCfAAx@An@Aj@U@C@A@CDgElMiBjEKVYn@ABm@vAmCjGCDuA|CuAdDGLjAlB	Click to Generate
S2	60	1			2	Hillside below the Cholera Monument (S2)	Sheffield Inclusion Centre (S2)		6063	4547	k}wdIzs{GiAoBEGGCC?CAI?G@I@E?CAQUCDuA|CuAdDGLwA`DFLHJf@f@RPz@x@tAtABB~@~@DBb@b@FK@CDEDCFA|B_@@ABA@C@C@C?C@GCa@c@F??b@GB`@AF?BABABABC@A@}B^G@EBEDABGJc@c@EC_A_ACCuAuA{@y@SQg@g@IKGMCECICImAqEWcAW}@Su@EQCKEKQu@y@}CMi@Kc@HIHKNO`AeANS`AeANSDEFE`@e@dCgDLSXe@JSP_@h@yAzAqEJWhHaTBKBITo@b@sAf@sAL]P]b@}@`@u@d@s@DGFINOTUZ]fBeBRS^]BADEFG~BuBrFgFDEFEzCuCv@u@|@_ARQDEDEx@u@^]nAqA\m@~@cBf@aA^m@`@u@h@_AFMDIP[HMDIDKDEb@w@HKd@{@jBkDj@cABFBFj@lAVj@d@`ATf@Tf@@Bl@rAb@~@FL`@~@b@hARl@?BN`@UTu@t@qBjBw@v@eAbAcA~@I[Ke@GUw@_DCGIUOEIAGA?S?O?KCQKc@e@{AIUCGMc@KKGGIGCCEAK?i@~@a@t@_@l@g@`A_AbB]l@oApA_@\y@t@EDEDSP}@~@w@t@{CtCGDEDsFfF_CtBGFEDC@_@\SRgBdB[\UTAj@?JGnCE|BEtBKtFKxFAPCfAAx@An@Aj@U@C@A@CDgElMiBjEKVYn@ABm@vAmCjGPTB@D?HAFAH?B@B?FBDFhAnB	Click to Generate
S2	20	1			2	Leaves (S2)	City Grocers (S2)		1590	1192	qfudI~jvGh@gAVo@Xw@L[d@y@@E@E?C@E?E?G?E?C?EAC?A?EAEAEAGCEAEEG[SmBkAGT]xAENa@jAq@|ASb@Q\_@r@q@z@pBvC??qBwCIJcAnAGF{@v@w@^k@^u@Ts@RYDYDg@HG??TBx@Bl@Fj@FX@HDRJ\`AzB`AtBJR@BLYRYBCDINUNY@DBDFPXf@?JKRE@O]IOESCGACNY^q@~AwC`ByC|A}C^q@`AgBVe@	Click to Generate
S2	20	1			2	Best Pizza (S2)	Sheffield Inclusion Centre (S2)		1441	1081	etudIjcwGIOESCGACOTEHCBSXMXwAfC]p@OZ]p@BFBFj@lAVj@d@`ATf@Tf@@Bl@rAb@~@FL`@~@b@hARl@?BN`@UTu@t@qBjBw@v@eAbAcA~@I[Ke@GUw@_DCGIUOEIAGA?S?O?KCQKc@e@{AIUCGMc@EQCE?EAGAG?CAI?I@I?I@E@CDIDKDEb@w@HKd@{@jBkDj@cA\q@l@mAvAgCLYRYBCDINUNY@DBDFPXf@?JKRE@O]	Click to Generate
S2	15	1			2	Broadfield Hotel (S2)	Edge Cutters (S2)		1268	951	wjtdIlt`H??KKMKSQ]Y]UOKEESOSQKIEh@??Di@CCGGCEEIEIEGO\ADCF?DCLGh@M~A_@`EVHVJbAp@XP@B@@?B@F?@?B?@?BADCPKf@ADG`@QrA]bCYjB?DUvAKr@SpAGb@KCIEMIMKk@q@UYIIEEGGMQJ]BKFWPw@Hc@TkANq@`@_CFc@d@uE^aEL_BFi@BM?EBG@EN]DFDHDHBDFFBBJHRPRNDDNJ\T\XRPLJJJ??	Click to Generate
S2	15	1			2	Meersbrook Park Church (S2)	Alam Hill Books (S2)		1426	1070	mbtdIty_Hi@iAEIACE]FYAQDq@BKBQJSNMJJPRPTRZ@BBDDHN^LZZ`A[k@KQIQOUOWWa@EGW[QQ[]{@iAMQg@s@[[IIGEGIOMKIGGOIKE]Q{@]BUXq@Vk@DKj@wAxAiDdC}FHLpAvBiC`GiA~C_@hAY~@K^NLFHFDHHZZl@d@X\dAhANPJJEJCFILCHEJKh@ITGXD\@BDHh@hA	Click to Generate
S2	30	1			2	Newfield Green Clinic (S2)	Arbourthorne Community Primary School (S2)		2850	2138	gatdIv|yGHOBCTe@f@aAP]h@eAHKLKBCTAF@JFHLHRDX@\?Z@RA\?H?J?L@H@Jg@r@QXCBa@j@KLKLMJiB`BQNUTKNILSZOXKSGK??FJJRCDGHADOZA@CFGHMRKPKRADMVCFITEHCLKIGGEGGGQKMIm@YIAFu@HsA?IBe@@OEQMIK?a@NK@KEGKGOAS?C?WJo@@KPy@Py@H]@GLm@VqADSBKJw@@IAUCQIMICEAQHYTSRQRGDGFIBEA[EGz@?FIfAGt@E`@Kz@EZEXG\_@SUMk@]i@]i@c@OKSSKIMK[_@Q[OSM[GOCEK]GSJKHGFADDDJBFFFBAtAy@??uAx@C@GGCGEKEEG@IFKJFRJ\BDFNLZNRPZZ^LJJHRRNJh@b@h@\j@\TL^RSz@Qv@Wx@Od@MXGNMXSd@EHGHMVHR@BBBHDJ?F?FC`B]r@On@OVGFAF?F?F?PD`@LH@l@XLHPJRAFAH?DCHCBGLW@EJSJQLSFIBG@AN[@EFIBENYR[HMJOTUPOhBaBLKJMJM`@k@BCPYf@s@AKAI?M?K?I@]AS?[A]EYISIMKGGAU@CBMJIJi@dAQ\g@`AUd@CBIN	Click to Generate
S2	10	1			2	I Said Bread (S2)	74th Oak Street Scout Group (S2)		853	640	}~sdIzi~GTg@E[IcFImDS@u@@EEKmIVCEmCCsBAq@AKv@EJ~HLxIHlDHbFDZUf@	Click to Generate
S2	20	1			2	Highfield Motors (S2)	Woodbourn Road Stadium (S2)		1759	1319	ye{dIrxwGSOYY~@cDHc@?q@CSCQCIDKBG??HPDLV[BDDFJYYuAIe@CIc@oBEOK[BIBCPENEREp@q@`@e@HI`@a@TSHSL_@DGHQBGNM@CFQDQJc@He@l@cDHg@`@_CFc@Pu@^qAXZTPNLMp@G\ADQlAd@ZLLAV?\FRN@??VIWHOAGS?]@WMMe@[PmA@EF]Lq@OMUQY[_@pAQt@Gb@a@~BIf@m@bDId@Kb@EPGPABAVAHCLINILKLSFURa@`@IHa@d@q@p@S\EDWVDNb@nBBHHd@XtAKXo@bBIb@_AbDXXRN	Click to Generate
S2	15	1			2	The Spires Centre (S2)	Sheffield Springs Academy (S2)		1387	1040	ywtdIlzwGCk@nBYxASCg@Ag@Ci@A]?_@AS?KAU?y@?q@?_A?e@@]@e@Bg@BW@]Dm@FaABi@Bc@D}@Bu@D}A@}@?G?Y?]?K?_@?]AQASCYF?FDP\N^WNQH?^?J?\?X?FA|@E|ACt@E|@Cb@Ch@G`AEl@A\CVCf@Ad@A\?d@?~@?N?`@?x@@T?J@R?^p@IJC~@Sx@ODE?G??Cu@UBe@nA_ARKBq@H@\Bh@@f@Bf@yARoBXBj@	Click to Generate
S2	30	1			2	Virgin Crucible (S2)	B&M Bargains (S2)		2843	2132	}ntdIzp`HMISQKICCGGCEEIEIEGKUISCKGMEMCKCMIi@ESESEOGSc@w@GGC[BEHENIPI`@QDC\MJCFCHCDAD?R?P?F?PBD?`@ENCSkCCYCUCOIQIWM]Zk@[j@L\HVHPBNBTVdDOBa@DE?KJIFCBIFEACACCCAAGGQCIEMAGEKEOISQk@]u@oAeDg@kAeAgCi@oAMc@Y_ACMCICCEIEGEGGEa@UaAm@kBiAmAs@MIIIGGIIGMEIOc@EKAKCME]K}@Gc@Ks@ASEc@Ce@T@B?H?XAFAF?REZ?b@Av@A\?V?J@H@D@B@JDHDHHTRTTX\PTPTZd@`@n@f@t@f@t@HLFFDHLNDFBBVXLLFDXPNJNHPLTH\Pd@PHBFBZLz@\\PJDNHFFJHNLFHFDHHZZl@d@ELGRENAD?DAHAJAt@AP?R_AKECCC?C?CHkBBU@Y?G@IDUDQIIGEGIOMKIGGOIKEA\GnAKnCALCJEFYn@CD?DAD?B?D@D@DXj@fAzBLZFTDRF`@@^E@C@A?C@EBCDe@p@EDCDCBGFIFEBSFOBa@DE?KJIFCBIF?R@R?JEh@A^Ad@EpA?`A?f@?L?P?JBVRPLH	Click to Generate
S2	30	1			2	The Co-operative Food (S2)	Express Dial A Pizza (S2)		2374	1780	{stdIv}wGDpA?Xa@Fs@Hc@DOB[FI?MBGsACcAC_@Aa@RIFMHS?]EWEQ??KKWCGDIHELERAXUBOBgAT[L[NSL[RGFQL@i@?e@Ac@A}@GkBG}AG_BCo@Ci@AQIsAGw@GiAOmBKmACa@AKEi@Iw@Ku@I]?CMc@Qi@CGM[g@cAIOAE^q@`AgBHOv@}AVo@Xw@L[d@y@Ra@DIJUHOJSJQ`@_AN]FSTw@DOP_ABONYJg@DUDUBE@CBAB?B?D?D@DD^|@Tn@N\Rl@Jd@@HDNHf@F\BL@PDRBPDVBN@H@`@Hb@H`@BLDTLd@Np@BLLb@Pt@HZHZJ^F^DVBX@R@P?\?^?J?\?X?FA|@E|ACt@E|@Cb@Ch@G`AEl@A\CVCf@Ad@A\?d@?~@?p@?x@@T?J@R?^@\Bh@@f@Bf@B`@B^Bd@@HDl@Fx@H|@s@Jm@HE@?YEqA	Click to Generate
S2	20	1			2	Nether Edge Primary School (S2)	Broadfield Park (S2)		1759	1319	kxtdIhpaHEEGGMQJ]BKFWPw@Hc@TkANq@`@_CFc@d@uE^aEL_BFi@BM?EBG@EN]DFDHDHBDFFBBJHRPRNDDNJ\T\XRPQr@CFAFUhAAJ[zAERMj@AD?B?B?D@B@BJFr@d@FDFDl@wCBONu@XwAQWIKKMKKKKMKSQ]Y]UOKEESOSQKICCGGCEEIEIEGKUISCKGMEMCKCMIi@ESESEOGSc@w@GGC[BEHENIPI`@QDC\MJCFCHCDAD?R?@NBJ@F?R@R?JEh@A^Ab@?@EpA?HAHCHAHAFIVEJCHKVO\ADCF?DCLGh@M~A_@`Ee@tEGb@a@~BOp@UjAIb@Qv@GVCJK\LPFFDD	Click to Generate
S2	20	1			2	Leaves (S2)	Bronze & Polished (S2)		1705	1279	yfudInfvGq@`AMB[\ICm@oAQ\_@r@q@z@pBvC??qBwCIJcAnAGF{@v@w@^k@^u@Ts@RYDYDg@HG??TBx@Bl@Fj@FX@HDRJ\`AzB`AtBJR@BLYRYBCDINUNYJORa@~AwC`ByC|A}C^q@`AgB`AmBVo@Xw@L[d@y@@E@E?C@E?E?G?E?C?EAC?A?EAEAEAGCEAEEG[SmBkAGT]xAENa@jAq@|ASb@l@nAHBZ]LCp@aA	Click to Generate
S2	20	1			2	Burton Roofing Merchants (S2)	Makro (S2)		1499	1124	g|xdId~uG_@]EO@g@KDOMo@g@UQYSg@g@Sr@Kd@c@`BMf@Ol@St@Of@_@fAS]Vu@Ni@CHK^Wt@R\a@z@u@`BUf@INmAfBOTkAvA[f@u@~@SWY]UYW]EGOQW[t@uAl@cA??P^R`@R`@Rb@BHNZTf@jAwANUlAgBHOTg@t@aB`@{@^gANg@Ru@Nm@Lg@b@aBJe@Rs@f@f@XRTPn@f@NLJEAf@DN^\	Click to Generate
S2	15	1			2	UBU (S2)	Kwik Fit (S2)		1403	1052	_gudItkvGINaAfB_@p@}A|CaBxC{ApCCD_@p@OXOTEHCBSXMXQZeAjBm@lA]p@k@bAkBjDe@z@CEEIk@mAj@lADHBDd@{@jBkDj@cA\q@l@mAvAgCLYRYBCDINUNY^q@~AwC`ByC|A}C^q@`AgBHO	Click to Generate
S2	30	1			2	Gleadless Medical Centre (S2)	Arbourthorne Community Primary School (S2)		2921	2191	abtdId~yGb@}@BCTe@f@aAP]h@eAHKLKBCTAF@JFHLHRDX@\?Z@RA\?H?J?L@H@Jg@r@QXCBa@j@KLKLMJiB`BQNUTKNILSZOXCDGHADOZA@CFGHMRKPKRADHNZl@??[m@IOMVCFITEHCLKIGGEGGGQKMIm@YIAFu@HsA?IBe@@OEQMIK?a@NK@KEGKGOAS?C?WJo@@KPy@Py@H]@GLm@VqADSBKJw@@IAUCQIMICEAQHYTSRQRGDGFIBEA[EGz@?FIfAGt@E`@Kz@EZEXG\_@SUMk@]i@]i@c@OKSSKIMK[_@Q[OSM[GOCEK]GSJKHGFADDDJBFFFBAtAy@??uAx@C@GGCGEKEEG@IFKJFRJ\BDFNLZNRPZZ^LJJHRRNJh@b@h@\j@\TL^RSz@Qv@Wx@Od@MXGNMXSd@EHGHMVHR@BBBHDJ?F?FC`B]r@On@OVGFAF?F?F?PD`@LH@l@XLHPJRAFAH?DCHCBGLW@EJSJQLSFIBG@AN[@EFIBENYR[HMJOTUPOhBaBLKJMJM`@k@BCPYf@s@AKAI?M?K?I@]AS?[A]EYISIMKGGAU@CBMJIJi@dAQ\g@`AUd@CBc@|@	Click to Generate
S2	20	1			2	Temple Park Centre (S2)	Castle View Park (S2)		1802	1352	c{wdIravGEKCCGGIGICGAG?GBWVCDC?A?MIp@kACMAM@M@GDIFEFAHBDHx@gAZc@TSVMRGF?ARGV?p@?I?g@FW@SG?SFWLUR[b@y@fADJ@L?FCLEJrAjCr@`Bl@bBJSh@{@NUHEHAL?jBb@jA`@zBp@^Lp@T|Ah@l@^Zb@Pb@BH@DHd@Dr@A`AKv@ENe@jAe@aAQUyDq@WGaAOq@a@QSUe@KO^}@\cBNwBkAa@kBc@M?I@IDOTi@z@KRm@cBOV_@}@}@sB	Click to Generate
S2	30	1			2	Arbourthorne Community Primary School (S2)	Newfield Green Dental Surgery (S2)		2157	1618	_otdItkyG?JEv@G~@GdAKzACb@Gz@?FIfAGt@E`@Kz@EZEXG\_@SUMk@]i@]i@c@OKSSKIMK[_@Q[OSM[GOCEK]GSJKHGFADDDJBFFFBAtAy@??uAx@C@GGCGEKEEG@IFKJFRJ\BDFNLZNRPZZ^LJJHRRNJh@b@h@\j@\TL^RSz@Qv@Wx@Od@MXGNMXSd@EHGHMVHR@BBBHDJ?F?FC`B]r@On@OVGFAF?F?F?PD`@LH@l@XLHPJRAD?@AH?DCHCBGLW@EJSJQLSFIBG@AN[@EFIBEKSGKFJJRCDGHADOZA@CFGHMRKPKRADMVCFITEHCLKIGGEGGGQKMIm@YIAFu@HsA?IBe@@OEQMIK?a@NK@KEGKGOAS?C?WJo@@KPy@Py@H]@GLm@VqADSBKJw@@IAUCQIMICEAQHYTSRQRGDGFIBEA[EBc@J{AFeAF_ADw@?K	Click to Generate
S2	45	1			2	Noble and Wylie (S2)	Heeley Sidings (S2)		3369	2527	ertdIbp`H@I?EBG@EN]DFDHDHBDFFBBJHRPRNDDNJ\T\XBBNLQr@CFAFWtA[zAERMj@AD?B?B?D@B@BJFr@d@FDFDl@wCBONu@XwAQWIKKMKKKKMKSQ]Y]UOKEESOSQKICCGGCEEIEIEGKUISCKGMEMCKCMIi@ESESEOGSc@w@GGC[BEHENIPI`@QDC\MFIBC@G@C@E?G@E?OAKISQk@]u@oAeDg@kAeAgCi@oAMc@Y_ACMCICCEIEGEGGEa@UaAm@kBiAmAs@MIIIGGIIGMEIOc@EKAKCME]K}@Gc@Ks@ASEc@Ce@T@B?H?XAFAF?REZ?b@Av@A\?V?J@H@D@B@JDHDHHTRTTX\PTPTZd@`@n@f@t@f@t@HLFFDHLNDFBBVXLLFDXPNJNHPLTH\Pd@PHBFBZLz@\\PJDNHFFJHNLFHFDHHZZl@d@X\dAhANPJJEJCFILCHEJKh@ITGXD\@B@@BFn@pARa@R]u@}AMV@R@Dj@hAS`@o@qAEIACE]FYAQDq@BKBQJS[]{@iAMQg@s@[[IIGEGIOMKIGGOIKEA\GnAKnCALCJEFYn@CD?DAD?B?D@D@DXj@fAzBLZFTDRF`@@^E@C@A?C@EBCDe@p@EDCDCBGFIFEBSFOBa@DE?KJIFCBIF?R@R?JEh@A^Ad@EpA?HAHCHAHAFIVEJCHKVO\ADCF?DAH	Click to Generate
S2	30	1			2	Well Pharmacy (S2)	Pizza City (S2)		2172	1629	yetdIjnzG[m@IO@EJSJQLSFIBG@AN[@EFIBENYR[HMJO??TUPOhBaBLKJMJMIS?C?G@Mj@y@BCZi@LKH??L@H@Jg@r@QXCBa@j@KLKLMJiB`BQNUTKNILSZOXCDGHADOZA@CFGHMRKPKRADMVCFITEHCLKIGGEGGGQKMIm@YIAFu@HsA?IBe@@OEQMIK?a@NK@KEGKGOAS?C?WJo@@KPy@Py@H]@GLm@VqADSBKJw@@IAUCQIMICEAQHYTSRQRGDGFIBEA[EBc@J{AFeAF_A@[B[By@@WfATB_@C^gAUAVCx@Ev@G~@GdAKzACb@Gz@?FIfAGt@E`@Kz@EZEXG\Sz@Qv@Wx@Od@MXGNMXSd@EHGHMVHR@BBBHDJ?F?FC`B]r@On@OVGFAF?F?F?PD`@LH@l@XLHPJRAFAH?DCHCBGLWHNZl@	Click to Generate
S2	20	1			2	Leaves (S2)	City Grocers (S2)		1590	1192	yfudIjkvGp@sAVo@Xw@L[d@y@@E@E?C@E?E?G?E?C?EAC?A?EAEAEAGCEAEEG[SmBkAGT]xAENa@jAq@|ASb@Q\_@r@q@z@pBvC??qBwCIJcAnAGF{@v@w@^k@^u@Ts@RYDYDg@HG??TBx@Bl@Fj@FX@HDRJ\`AzB`AtBJR@BLYRYBCDINUNY@DBDFPXf@?JKRE@O]IOESCGACNY^q@~AwC`ByC|A}C^q@`AgBNY	Click to Generate
S2	60	1			2	Substantial Victorian houses in Norfolk Road (S2)	Path up to the Cholera Monument, Sheffield (S2)		7623	5717	cj{dI|t_HFIRYRQBCHG@ALIHWBEJ[h@oCPcAXkBFi@Jq@ZsBPqAFk@v@qGHa@RYX]~@iADEXa@Ta@LSVi@L[DMVu@BGBIBKZs@\{@HSF]Pg@Ns@FY@IFa@Jy@Be@Be@@c@@G?Q?k@?ICw@?]By@PeDDcA@OLcBLaALq@No@HYJa@Na@Pg@BIPc@FMPe@Vc@Zk@`@m@FKPUb@g@TYBEPUNUPUPUFKDMTc@DKDSHUBMBKBWDa@BUBa@Ba@@_@Bk@Bo@Dq@?MBe@@a@B[DaAHkBD_AHkAF{@Fs@Da@Fc@Ju@DSP_ADSJa@DKLa@`@q@DE^e@ZQDC@ALA@?F?D@B@B@B@BBBBBDDFFLDFBH?D@B@B?@?BBTBf@Fh@D\DZDZJl@Jl@J^H\X`A^vANh@Nh@Pr@T`ATv@DNBDDHDDFBJDH@D?B@BAFENMFCJE@?HAHAJB\NLCHEFERM@ADA\U@ABCROx@q@XWt@k@DEBAFEHILKFEFE\WZWtCkCf@k@t@w@VYX]hAmAVWHIHKNO`AeANS`AeANSDEFE`@e@dCgDLSXe@DJDDB@F?NGzAo@bAa@JGDIFKDHFFVPd@`@|CdCiBjEKVYn@ABm@vAmCjGCDuA|Ce@fAo@|AGLwA`DFLHJf@f@RPz@x@tAtABB~@~@DBb@b@FK@CDEDCFAfAQt@M@ABA@C@C@C?C@GCa@c@Fb@GB`@AF?BABABABC@A@}B^G@EBEDABGJc@c@EC_A_ACCuAuA{@y@SQg@g@IKGMCECICImAqEWcAW}@Su@EQCKEKQu@y@}CMi@Kc@WViAlAY\WXu@v@g@j@uCjC[V]VGDGDMJIHGDC@EDu@j@YVy@p@SNCBA@GRCJAHAJAL?J@N?PBT@Nr@tCBZ@\AZAJI`@GT]Xa@XIDMDG@G?E?G?GAq@SOGe@D_@?WAg@MQ@WBODUFE@a@HQBOCMEGEEEGGKQW_@oB}BgAqAIGY_@c@]AAEECCKOE|@Cb@EfACb@A`@C\C`@CVG\ETELGTGPITGPS\ILGHKNGFOPONc@d@UXIJGFILKNQTKNMTOXKXQf@Oh@ERGTCJWbAMn@QdAU~@IZEPCTCZAPARAPA\@X@\@TFh@D\BNFTHTL^DHd@hAFNBB@R?TAPCNCJEDGHIDIEy@_@C?K?C@G@A@EBEHCFGFO|ACTAPCJCNCPGTGRGPIVGNQRIR]z@[r@CJCHCFWt@ELMZIr@Y`Bm@tCgBpICLAN?PE?mAcAQpA[rBKp@Gh@YjBQbAi@nCKZCDIVMHA@IFCBSPSXGH	Click to Generate
S2	45	1			2	The Hardy Pick (S2)	Porcelanosa (S2)		3071	2303	intdIlq`HGEEESOSQKICCGGCEEIEIEGKUISCKGMEMCKCMIi@ESESEOGSc@w@GGC[BEHENIPI`@QDC\MJCFCHCDAD?R?P?F?PBD?`@ENCRGDCHGFGBCBEDEv@pBlAzCHPf@{@Se@GO_@}@JSV_@c@r@^|@FNRd@g@z@IQmA{Cw@qBEDCDCBGFIFEBSFOBa@DE?KJIFCBIFEACACCCAAGGQCIEMAGEKEOISQk@]u@oAeDg@kAeAgCi@oAMc@Y_ACMCICCEIEGEGGEa@UaAm@kBiAmAs@MIIIGGIIGMEIOc@EKAKCME]K}@Gc@Ks@ASEc@Ce@T@B?H?XAFAF?REZ?b@Av@A\?V?J@H@D@B@JDHDHHTRTTX\PTPTZd@`@n@f@t@f@t@HLFFDHLNDFBBVXLLFDXPNJNHPLTH\Pd@PHBFBZLz@\\PJDNHFFJHNLFHFDHHZZl@d@ELGRENADECUK_@QGC@Y?G@IDUDQIIGEGIOMKIGGOIKEA\GnAKnCALCJEFYn@CD?DAD?B?D@D@DXj@fAzBLZFTDRF`@@^E@C@A?C@EBCDe@p@EDCDCBGFIFEBSFOBa@DE?KJIFCBIF?R@R?JEh@A^Ad@EpA?`A?f@?L?P?JBVRPRNDDFD	Click to Generate
S2	30	1			2	Temple Park Centre (S2)	Castle View Park (S2)		2423	1817	wfwdIpmuG??Bl@Wf@]p@_AlBw@~@s@b@q@Jq@@g@E{@CkACQ@ARGV?p@?I?g@FW@SG?SFWLUR[b@y@fADJ@L?FCLEJrAjCr@`Bl@bBJSh@{@NUHEHAL?jBb@jA`@zBp@^Lp@T|Ah@l@^Zb@Pb@BH@DHd@Dr@A`AKv@ENe@jAe@aAQUyDq@WGaAOq@a@QSUe@KO^}@\cBNwBkAa@kBc@M?I@IDOTi@z@KRm@cBs@aBsAkCEDK@GCGICMAM@M@GDIFEFAHBDHx@gAZc@TSVMRGF?PAjABz@Bf@Dp@Ap@Kr@c@v@_A~@mB\q@Vg@Cm@	Click to Generate
S2	30	1			2	Gleadless Medical Centre (S2)	Arbourthorne Community Primary School (S2)		2910	2182	{atdIz}yG\s@BCTe@f@aAP]h@eAHKLKBCTAF@JFHLHRDX@\?Z@RA\?H?J?L@H@Jg@r@QXCBa@j@KLKLMJiB`BQNUTKNILSZOXCDGHADOZA@CFGHMRKPKRADHNZl@??[m@IOMVCFITEHCLKIGGEGGGQKMIm@YIAFu@HsA?IBe@@OEQMIK?a@NK@KEGKGOAS?C?WJo@@KPy@Py@H]@GLm@VqADSBKJw@@IAUCQIMICEAQHYTSRQRGDGFIBEA[EGz@?FIfAGt@E`@Kz@EZEXG\_@SUMk@]i@]i@c@OKSSKIMK[_@Q[OSM[GOCEK]GSJKHGFADDDJBFFFBAtAy@??uAx@C@GGCGEKEEG@IFKJFRJ\BDFNLZNRPZZ^LJJHRRNJh@b@h@\j@\TL^RSz@Qv@Wx@Od@MXGNMXSd@EHGHMVHR@BBBHDJ?F?FC`B]r@On@OVGFAF?F?F?PD`@LH@l@XLHPJRAFAH?DCHCBGLW@EJSJQLSFIBG@AN[@EFIBENYR[HMJOTUPOhBaBLKJMJM`@k@BCPYf@s@AKAI?M?K?I@]AS?[A]EYISIMKGGAU@CBMJIJi@dAQ\g@`AUd@CB]r@	Click to Generate
S2	20	1			2	Leaves (S2)	City Grocers (S2)		1590	1192	gfudIljvG^u@Vo@Xw@L[d@y@@E@E?C@E?E?G?E?C?EAC?A?EAEAEAGCEAEEG[SmBkAGT]xAENa@jAq@|ASb@Q\_@r@q@z@pBvC??qBwCIJcAnAGF{@v@w@^k@^u@Ts@RYDYDg@HG??TBx@Bl@Fj@FX@HDRJ\`AzB`AtBJR@BLYRYBCDINUNY@DBDFPXf@?JKRE@O]IOESCGACNY^q@~AwC`ByC|A}C^q@`AgB`@w@	Click to Generate
S2	30	1			2	Porcelanosa (S2)	Tuck News (S2)		2859	2144	{ctdIbw_HAAACE]FYAQDq@BKBQJS[]{@iAMQGRENADECUK_@QGC@Y?G@IDUDQIIGEGIOMKIGGOIKEA\GnAKnCALCJEFYn@CD?DAD?B?D@D@DXj@fAzBLZFTDRF`@@^E@C@A?C@EBCDe@p@EDCDCBGFIFEBSFOBa@DE?KJIFCBIF?R@R?JEh@A^Ad@EpA?`A?f@?L?P?JBVRPRN@@BBNJ\TPcA@I`@wB@GAFa@vBAHQbA]UOKEESOSQKICCGGCEEIEIEGKUISCKGMEMCKCMIi@ESESEOGSc@w@GGC[BEHENIPI`@QDC\MFIBC@G@C@E?G@E?OAKISQk@]u@oAeDg@kAeAgCi@oAMc@Y_ACMCICCEIEGEGGEa@UaAm@kBiAmAs@MIIIGGIIGMEIOc@EKAKCME]K}@Gc@Ks@ASEc@Ce@T@B?H?XAFAF?REZ?b@Av@A\?V?J@H@D@B@JDHDHHTRTTX\PTPTZd@`@n@f@t@f@t@HLFFDHLNDFBBVXLLFDXPNJNHPLTH\Pd@PHBFBZLz@\\PJDNHFFJHNLFHFDHHZZl@d@X\dAhANPJJEJCFILCHEJKh@ITGXD\@B@@	Click to Generate
S2	20	1			2	Diocese of Hallam Pastoral Centre (S2)	Woodbourn Road Stadium (S2)		2016	1512	_e{dIjmwG??CFEJBHBPBR?p@Ib@_AbDXXRNDBZXJ^?^?RE~AbBPH@n@JHBZDEg@K_BAKASOmBm@sC_AaEYuAIe@CIc@oBEOK[BIBCPENEREp@q@`@e@HI`@a@TSHSL_@DGHQBGNM@CFQDQJc@He@l@cDHg@`@_CFc@Pu@^qAXZTPNLMp@G\ADQlAd@ZLLAV?\FRN@??VIWHOAGS?]@WMMe@[PmA@EF]Lq@OMUQY[_@pAQt@Gb@a@~BIf@m@bDId@Kb@EPGPABAVAHCLINILKLSFURa@`@IHa@d@q@p@S\EDWVDNb@nBBHHd@XtAKXEGCEWZEMIQ	Click to Generate
S2	60	1			2	Path near the Cholera Monument, Sheffield (S2)	Sheffield Inclusion Centre (S2)		5950	4462	c|wdI`f|Gb@GB`@AF?BABABABC@A@}B^G@EBEDABGJc@c@EC_A_ACCuAuA{@y@SQg@g@IKGMvAaDjAlBIZADAF?D?\?z@?F@DBFBFCGCGAE?G?{@?]?E@G@EH[??kAmBFMtAeDtA}CBElCkGl@wA@CXo@JWhBkEfEmMBE@ABATA@k@@o@@y@BgA@QJyFJuFDuBD}BFoC?K@k@TUZ]fBeBRS^]BADEFG~BuBrFgFDEFEzCuCv@u@|@_ARQDEDEx@u@^]nAqA\m@~@cBf@aA^m@`@u@h@_AFMDIP[HMDIDKDEb@w@HKd@{@jBkDj@cABFBFj@lAVj@d@`ATf@Tf@@Bl@rAb@~@FL`@~@b@hARl@?BN`@UTu@t@qBjBw@v@eAbAcA~@I[Ke@GUw@_DCGIUOEIAGA?S?O?KCQKc@e@{AIUCGMc@KKGGIGCCEAK?i@~@a@t@_@l@g@`A_AbB]l@oApA_@\y@t@EDEDSP}@~@w@t@{CtCGDEDsFfF_CtBGFEDC@_@\SRgBdB[\UTAj@?JGnCE|BEtBKtFKxFAPCfAAx@An@Aj@U@C@A@CDgElMiBjEKVYn@ABm@vAmCjGCDuA|CuAdDGLwA`DFLHJf@f@RPz@x@tAtABB~@~@DBb@b@FK@CDEDCFA|B_@@ABA@C@C@C?C@GCa@c@F	Click to Generate
S2	15	1			2	Burton Roofing Merchants (S2)	Makro (S2)		1333	1000	q_ydIdzuGEEUQYSg@g@Sr@Kd@c@`BMf@Ol@St@Of@_@fAS]Vu@Ni@CHK^Wt@R\a@z@u@`BUf@INmAfBOTkAvA[f@u@~@SWY]UYW]EGOQW[t@uAl@cA??P^R`@R`@Rb@BHNZTf@jAwANUlAgBHOTg@t@aB`@{@^gANg@Ru@Nm@Lg@b@aBJe@Rs@f@f@XRTPDD	Click to Generate
S2	15	1			2	Wobbly Wheel Cyclery (S2)	Alam Hill Books (S2)		1427	1070	u_tdIf{}GRAMyIF?v@GbAG?FJtGL`HuBvEuCzG]z@_FfLeA_BdA~AxAiDdC}F\{@tC{GE[IcFImDS@	Click to Generate
S2	30	1			2	Anna Roberts (S2)	Porcelanosa (S2)		2825	2119	motdInp`H@@RNDDNJ\T\XRPQr@CFAFWtA[zAERMj@AD?B?B?D@B@BJFr@d@FDFDl@wCBONu@XwAQWIKKM??KKKKMKSQ]Y]UOKEESOSQKICCGGCEEIEIEGKUISCKGMEMCKCMIi@ESESEOGSc@w@GGC[BEHENIPI`@QDC\MFIBC@G@C@E?G@E?OAKISQk@]u@oAeDg@kAeAgCi@oAMc@Y_ACMCICCEIEGEGGEa@UaAm@kBiAmAs@MIIIGGIIGMEIOc@EKAKCME]K}@Gc@Ks@ASEc@Ce@T@B?H?XAFAF?REZ?b@Av@A\?V?J@H@D@B@JDHDHHTRTTX\PTPTZd@`@n@f@t@f@t@HLFFDHLNDFBBVXLLFDXPNJNHPLTH\Pd@PHBFBZLz@\\PJDNHFFJHNLFHFDHHZZl@d@ELGRENADECUK_@QGC@Y?G@IDUDQIIGEGIOMKIGGOIKEA\GnAKnCALCJEFYn@CD?DAD?B?D@D@DXj@fAzBLZFTDRF`@@^E@C@A?C@EBCDe@p@EDCDCBGFIFEBSFOBa@DE?KJIFCBIF?R@R?JEh@A^Ad@EpA?`A?f@?L?P?JBVPN	Click to Generate
S2	30	1			2	Leaves (S2)	UBU (S2)		2234	1676	}dudIfhvGINVo@Xw@L[d@y@@E@E?C@E?E?G?E?C?EAC?A?EAEAEAGCEAEEG[SmBkAGT]xAENa@jAq@|ASb@Q\_@r@q@z@pBvC??qBwCIJcAnAGF{@v@w@^k@^u@Ts@RYDYDg@HG??TBx@Bl@Fj@FX@HDRJ\`AzB`AtBJR@BLYRYBCDINUNY^q@BEzAqC`ByC|A}C^q@`AgB`AmBVo@Xw@L[d@y@Ra@DIJUHOJSJQ`@_AN]FSTw@DOP_ABONYJg@DUDUBE@CBAB?B?D?D@DD^|@Tn@N\Rl@Jd@@HAd@ATCNENENGVGTEPKRi@F_@DODM@{@FWTO@]BK@GBC@IDGBIHEDEDABCB}AlC	Click to Generate
S2	30	1			2	Casa Italia (S2)	Broadfield Park (S2)		2392	1794	aktdIde_HS_@QYEJWj@Yp@CTz@\\PJDNHFFJHNLFHFDHHZZPNZTELg@s@[[IIGEGIOMKIGGOIKEA\GnAKnCALCJEFYn@CD?DAD?B?D@D@DXj@fAzBLZFTDRF`@@^E@C@A?C@EBCDe@p@EDCDCBGFIFEBSFOBa@DE?KJIFCBIF?R@R?JEh@A^Ab@?@EpA?HAHCHAHAFIVEJCHKVKUISCKGMEMCKCMIi@ESESEOGSc@w@GGC[BEHENIPI`@QDC\MFIBC@G@C@E?G@E?OAKISQk@]u@oAeDg@kAeAgCi@oAMc@Y_ACMCICCEIEGEGGEa@UaAm@kBiAmAs@MIIIGGIIGMEIOc@EKAKCME]K}@Gc@Ks@ASEc@Ce@T@B?H?XAFAF?REZ?b@Av@A\?V?J@H@D@B@JDHDHHTRTTX\PTPTZd@`@n@f@t@f@t@HLFFDHLNDFBBVXLLFDXPNJNHPLTH\Pd@PHBFBZLBUXq@Vk@DKPXR^	Click to Generate
S2	60	1			2	Path near the Cholera Monument, Sheffield (S2)	Sheffield Inclusion Centre (S2)		5755	4316	g~wdInh|G_@FG@EBEDABGJc@c@EC_A_ACCuAuA{@y@SQg@g@IKGMvAaDjAlBIZADAF?D?\?z@?F@DBFBFCGCGAE?G?{@?]?E@G@EH[??kAmBFMtAeDtA}CBElCkGl@wA@CXo@JWhBkEfEmMBE@ABATA@k@@o@@y@BgA@QJyFJuFDuBD}BFoC?K@k@TUZ]fBeBRS^]BADEFG~BuBrFgFDEFEzCuCv@u@|@_ARQDEDEx@u@^]nAqA\m@~@cBf@aA^m@`@u@h@_AFMDIP[HMDIDKDEb@w@HKd@{@jBkDj@cABFBFj@lAVj@d@`ATf@Tf@@Bl@rAb@~@FL`@~@b@hARl@?BN`@UTu@t@qBjBw@v@eAbAcA~@I[Ke@GUw@_DCGIUOEIAGA?S?O?KCQKc@e@{AIUCGMc@KKGGIGCCEAK?i@~@a@t@_@l@g@`A_AbB]l@oApA_@\y@t@EDEDSP}@~@w@t@{CtCGDEDsFfF_CtBGFEDC@_@\SRgBdB[\UTAj@?JGnCE|BEtBKtFKxFAPCfAAx@An@Aj@U@C@A@CDgElMiBjEKVYn@ABm@vAmCjGCDuA|CuAdDGLwA`DFLHJf@f@RPz@x@tAtABB~@~@DBb@b@FK@CDEDCFA^G	Click to Generate
S2	30	1			2	Arman Food Store (S2)	Porcelanosa (S2)		2825	2119	sotdIhp`HFFRNDDNJ\T\XRPQr@CFAFWtA[zAERMj@AD?B?B?D@B@BJFr@d@FDFDl@wCBONu@XwAQWIKKMEEEEKKMKSQ]Y]UOKEESOSQKICCGGCEEIEIEGKUISCKGMEMCKCMIi@ESESEOGSc@w@GGC[BEHENIPI`@QDC\MFIBC@G@C@E?G@E?OAKISQk@]u@oAeDg@kAeAgCi@oAMc@Y_ACMCICCEIEGEGGEa@UaAm@kBiAmAs@MIIIGGIIGMEIOc@EKAKCME]K}@Gc@Ks@ASEc@Ce@T@B?H?XAFAF?REZ?b@Av@A\?V?J@H@D@B@JDHDHHTRTTX\PTPTZd@`@n@f@t@f@t@HLFFDHLNDFBBVXLLFDXPNJNHPLTH\Pd@PHBFBZLz@\\PJDNHFFJHNLFHFDHHZZl@d@ELGRENADECUK_@QGC@Y?G@IDUDQIIGEGIOMKIGGOIKEA\GnAKnCALCJEFYn@CD?DAD?B?D@D@DXj@fAzBLZFTDRF`@@^E@C@A?C@EBCDe@p@EDCDCBGFIFEBSFOBa@DE?KJIFCBIF?R@R?JEh@A^Ad@EpA?`A?f@?L?P?JBVJH	Click to Generate
S2	15	1			2	Temple Park Centre (S2)	Hair & Beauty Lounge (S2)		1378	1034	}wwdIbhvGCSCINWs@aBsAkCEDK@GCGICMAM@M@GDIFEFAHBDHx@gAZc@TSVMRGF?ARGV?p@?I?g@FW@SPAjABz@Bf@Dp@Ap@Kr@c@v@_A~@mB\q@Vg@Cm@??^w@ZHq@tAEDWf@]p@_AlBw@~@s@b@q@Jq@@g@E{@CkACQ@G?SFWLUR[b@y@fADJ@L?FCLEJrAjCr@`BOVBHBR	Click to Generate
S2	15	1			2	Valley Road Garage (S2)	Wobbly Wheel Cyclery (S2)		1075	806	sftdIrx~GvAgD\{@~@wBtAcDE[IcFImDMyIF?v@GbAG?FJtGL`HuBvEuCzG]z@wAfD	Click to Generate
S2	20	1			2	Temple Park Centre (S2)	Castle View Park (S2)		1817	1363	k|wdIlavG_@l@KWESC?A?MIp@kACMAM@M@GDIFEFAHBDHx@gAZc@TSVMRGF?ARGV?p@?I?g@FW@SG?SFWLUR[b@y@fADJ@L?FCLEJrAjCr@`Bl@bBJSh@{@NUHEHAL?jBb@jA`@zBp@^Lp@T|Ah@l@^Zb@Pb@BH@DHd@Dr@A`AKv@ENe@jAe@aAQUyDq@WGaAOq@a@QSUe@KO^}@\cBNwBkAa@kBc@M?I@IDOTi@z@KRm@cBOV_@}@cA_CCCGGIGENEH	Click to Generate
S2	20	1			2	UBU (S2)	Windy House Lane Pocket Park (S2)		1712	1284	iwudInewGP[LYRYBCDINUNY^q@BEzAqC`ByC|A}C^q@`AgB`AmBVo@Xw@L[d@y@@E@E?C@E?E?G?E?C?EAC?A?EAEAEAGCEAEEG[SmBkA_BcAsA}@UQGXS|@u@rBq@jAy@jAc@f@INCHOOELCFCBg@^AGGW??FV@Ff@_@BCBGDMNNzA|At@x@@?l@p@IJcAnAGF{@v@w@^k@^u@Ts@RYDYDg@HG??TBx@Bl@Fj@FX@HDRJ\`AzB`AtBJR@BQZ	Click to Generate
S2	20	1			2	GoLocalExtra (S2)	Singh's (S2)		2039	1529	_kudIdpvGqBwCIJcAnAGF{@v@w@^k@^u@Ts@RYDYDg@HG??TBx@Bl@Fj@FX@HDRJ\`AzB`AtBJR@BLYRYBCDINUNY^q@~AwC`ByC|A}C^q@`AgBNYp@sAVo@Xw@L[d@y@@E@E?C@E?E?G?E?C?EAC?A?EAEAEAGCEAEEG[SmBkA_BcAsA}@UQoA_Ae@g@EIY]MLKHQB]?QKSSQPyA|AABe@f@w@v@Y\AJAL?BETZ\XX~DjENNzA|At@x@@?l@p@pBvC	Click to Generate
S2	20	1			2	Bronze & Polished (S2)	Leaves (S2)		1634	1226	syudI`iwGBEvAgCLYRYBCDINUNYJORa@~AwC`ByC|A}C^q@`AgB`AmBVo@Xw@L[d@y@@E@E?C@E?E?G?E?C?EAC?A?EAEAEAGCEAEEG[SmBkAGT]xAENa@jAq@|ASb@Q\_@r@q@z@pBvC??qBwCIJcAnAGF{@v@w@^k@^u@Ts@RYDYDg@HG??TBx@Bl@Fj@FX@HDRJ\`AzB`AtBJR@BwAfCCD	Click to Generate
S2	15	1			2	Top Chopper (S2)	Edge Cutters (S2)		1257	943	_ktdIdt`HCCMKSQ]Y]UOKEESOSQKIEd@?BDi@CCGGCEEIEIEGO\ADCF?DCLGh@M~A_@`EVHVJbAp@XP@B@@?B@F?@?B?@?BADCPKf@ADG`@QrA]bCYjB?DUvAKr@SpAGb@KCIEMIMKk@q@UYIIEEGGMQJ]BKFWPw@Hc@TkANq@`@_CFc@d@uE^aEL_BFi@BM?EBG@EN]DFDHDHBDFFBBJHRPRNDDNJ\T\XRPLJBB	Click to Generate
S2	10	1			2	Windy House Lane Pocket Park (S2)	Leaves (S2)		827	620	c|udIf}uG^^~DjEELCFCBg@^AGGW??FV@Ff@_@BCBGDMNNzA|At@x@@?l@p@pBvC??qBwCm@q@A?u@y@{A}AOO_EkE_@_@	Click to Generate
S2	20	1			2	I Said Bread (S2)	74th Oak Street Scout Group (S2)		1475	1106	oatdI`h~Gw@@Q@yAfAM@EE|@eDJy@BcA?m@QuEW_G?WF?lAL`@?LAJlIDDt@ARAMyIK_Iw@D@J@p@BrBDlCWBM@a@?mAMG??VV~FPtE?l@CbAKx@}@dDDDLAxAgAPAv@A	Click to Generate
S2	60	1			2	Path up to the Cholera Monument, Sheffield (S2)	Sheffield Inclusion Centre (S2)		5857	4393	c|wdI`f|Gb@GB`@AF?BABABABC@A@u@LgAPG@EBEDABGJc@c@EC_A_ACCuAuA{@y@SQg@g@IKGMCECICImAqEWcAW}@Su@EQCKEKQu@y@}CMi@Kc@HIHKNO`AeANS`AeANSDEFE`@e@dCgDLSXe@JSP_@h@yAzAqEJWhHaTBKBITo@b@sAf@sAL]P]b@}@`@u@d@s@DGFINOTUZ]fBeBRS^]BADEFG~BuBrFgFDEFEzCuCv@u@|@_ARQDEDEx@u@^]nAqA\m@~@cBf@aA^m@`@u@h@_AFMDIP[HMDIDKDEb@w@HKd@{@jBkDj@cABFBFj@lAVj@d@`ATf@Tf@@Bl@rAb@~@FL`@~@b@hARl@?BN`@UTu@t@qBjBw@v@eAbAcA~@I[Ke@GUw@_DCGIUOEIAGA?S?O?KCQKc@e@{AIUCGMc@KKGGIGCCEAK?i@~@a@t@_@l@g@`A_AbB]l@oApA_@\y@t@EDEDSP}@~@w@t@{CtCGDEDsFfF_CtBGFEDC@_@\SRgBdB[\UTAj@?JGnCE|BEtBKtFKxFAPCfAAx@An@Aj@U@C@A@CDgElMiBjEKVYn@ABm@vAmCjGCDuA|CuAdDGLwA`DFLHJf@f@RPz@x@tAtABB~@~@DBb@b@FK@CDEDCFA|B_@@ABA@C@C@C?C@GCa@c@F	Click to Generate
S2	30	1			2	Arbourthorne Community Primary School (S2)	Newfield Green Dental Surgery (S2)		2239	1679	ymtdIxiyG_@IAVCx@Ev@G~@GdAKzACb@Gz@?FIfAGt@E`@Kz@EZEXG\_@SUMk@]i@]i@c@OKSSKIMK[_@Q[OSM[GOCEK]GSJKHGFADDDJBFFFBAtAy@??uAx@C@GGCGEKEEG@IFKJFRJ\BDFNLZNRPZZ^LJJHRRNJh@b@h@\j@\TL^RSz@Qv@Wx@Od@MXGNMXSd@EHGHMVHR@BBBHDJ?F?FC`B]r@On@OVGFAF?F?F?PD`@LH@l@XLHPJRAD?@AH?DCHCBGLW@EJSJQLSFIBG@AN[@EFIBEKSGKFJJRCDGHADOZA@CFGHMRKPKRADMVCFITEHCLKIGGEGGGQKMIm@YIAFu@HsA?IBe@@OEQMIK?a@NK@KEGKGOAS?C?WJo@@KPy@Py@H]@GLm@VqADSBKJw@@IAUCQIMICEAQHYTSRQRGDGFIBEA[EBc@J{AFeAF_ADw@By@@W^H	Click to Generate
S2	20	1			2	Burton Roofing Merchants (S2)	Pentagon Jeep (S2)		1763	1322	otydI~kvGP^R`@R`@Rb@BHNZTf@jAwANUlAgBHOTg@t@aB`@{@S]Vu@Ni@CHK^Wt@R\^gANg@Ru@Nm@Lg@b@aBJe@Rs@f@f@XRTPn@f@k@pCGVg@zB@ZVb@XRTPNLFFTR_@hBOr@Ns@^iBUSGGOMUQYSWc@A[f@{Br@iDo@g@UQYSg@g@Sr@Kd@c@`BMf@Ol@St@Of@_@fAa@z@u@`BUf@INmAfBOTkAvAUg@O[CISc@Sa@Sa@Q_@	Click to Generate
S2	30	1			2	Porcelanosa (S2)	Broadfield Park (S2)		2263	1697	_ktdI~h_H@@NHFFJHNLFHFDHHZZl@d@ELGRENADECUK_@QGC@Y?G@IDUDQIIGEGIOMKIGGOIKEA\GnAKnCALCJEFYn@CD?DAD?B?D@D@DXj@fAzBLZFTDRF`@@^E@C@A?C@EBCDe@p@EDCDCBGFIFEBSFOBa@DE?KJIFCBIF?R@R?JEh@A^Ab@?@EpA?HAHCHAHAFIVEJCHKVKUISCKGMEMCKCMIi@ESESEOGSc@w@GGC[BEHENIPI`@QDC\MFIBC@G@C@E?G@E?OAKISQk@]u@oAeDg@kAeAgCi@oAMc@Y_ACMCICCEIEGEGGEa@UaAm@kBiAmAs@MIIIGGIIGMEIOc@EKAKCME]K}@Gc@Ks@ASEc@Ce@T@B?H?XAFAF?REZ?b@Av@A\?V?J@H@D@B@JDHDHHTRTTX\PTPTZd@`@n@f@t@f@t@HLFFDHLNDFBBVXLLFDXPNJNHPLTH\Pd@PHBFBZLz@\\PHB	Click to Generate
S2	60	1			2	Castle View Park (S2)	St Swithun (S2)		5321	3991	swvdIf}vG??eD|BaBhAOb@f@rCjAhHuBxAc@Zk@`@e@ZwBxAg@Xs@f@aB`AGc@MqAImBEu@MkCbAw@FQHe@H_AX{Cv@sADIDKvBsDrBaDe@aAQUyDq@WGaAOq@a@QSUe@KO^}@\cBNwBkAa@kBc@M?I@IDOTi@z@KRm@cBs@aBsAkCEDK@GCGICMAM@M@GDIFEFAHBDHx@gAZc@TSVMRGF?PAjABz@Bf@Dp@Ap@Kr@c@v@_AFHR\TZ`@`@hBbAdCvADBVNNFNFRDP?TIRMd@y@d@{@`AmBNUh@u@d@o@`@]LKj@e@|@g@TITCRA`@ALGDEJKFMFHDD`AdAdBjBCJe@nCKjDXI~@UbB_@`@K?Q@QF[JWHIJGHCP@LBDDDHDNHZ@N@NAJAL?BETCFCFGJEDGDEBE@VnJBrADxAH|C@N?TBx@Bl@Fj@FX@HDRJ\`AzB`AtBJR@BwAfCm@lA]p@k@bAkBjDe@z@IJc@v@EDEJEHILQZEHGLi@~@a@t@_@l@g@`A_AbB]l@oApA_@\y@t@EDEDSP}@~@c@kBd@g@jBu@nCgBVa@^mBYyAaAmFu@cEY_Ba@yBkAaHCOS_AW]m@GS@	Click to Generate
S2	20	1			2	Temple Park Centre (S2)	Castle View Park (S2)		1802	1352	yzwdIdbvGO]CCGGIGICGAG?GBWVCDC?A?MIp@kACMAM@M@GDIFEFAHBDHx@gAZc@TSVMRGF?ARGV?p@?I?g@FW@SG?SFWLUR[b@y@fADJ@L?FCLEJrAjCr@`Bl@bBJSh@{@NUHEHAL?jBb@jA`@zBp@^Lp@T|Ah@l@^Zb@Pb@BH@DHd@Dr@A`AKv@ENe@jAe@aAQUyDq@WGaAOq@a@QSUe@KO^}@\cBNwBkAa@kBc@M?I@IDOTi@z@KRm@cBOV_@}@s@aB	Click to Generate
S2	20	1			2	St Vincent's (S2)	Castle View Park (S2)		1575	1181	k|wdIt|uG??HBDHDJ@L?FCLEJEDK@GCGIq@jALH@?B?BEVWFCF?F@HBHFFFBBVl@j@pA^|@NWl@bBJSh@{@NUHEHAL?jBb@jA`@zBp@^Lp@T|Ah@l@^Zb@Pb@BH@DHd@Dr@A`AKv@ENe@jAe@aAQUyDq@WGaAOq@a@QSUe@KO^}@\cBNwBkAa@kBc@M?I@IDOTi@z@KRm@cBs@aBsAkCEDK@GCGICMAM@M@GDIFEFA	Click to Generate
S2	15	1			2	Manor Park Medical Centre (S2)	Hair & Beauty Lounge (S2)		1304	978	gzwdIfcvGa@_ACCGGIGICGAG?GBWVCDC?A?MIp@kACMAM@M@GDIFEFA??HBDHx@gAZc@TSVMRGF?PAjABz@Bf@Dp@Ap@Kr@c@v@_A~@mB\q@Vg@Cm@??^w@ZHq@tAEDWf@]p@_AlBw@~@s@b@q@Jq@@g@E{@CkACQ@G?SFWLUR[b@y@fADJ@L?FCLEJEDK@GCGIq@jALH@?B?BEVWFCF?F@HBHFFFBB`@~@	Click to Generate
S2	30	1			2	Windy House Lane Pocket Park (S2)	UBU (S2)		2371	1778	a~udIh_vGAk@I@EAGAECEEGGEKIWE]?Q@QF[JWHIJGHCP@LBDDDHDNHZ@N@NAJAL?BETt@v@~DjEELCFCBg@^AGGW??FV@Ff@_@BCBGDMNNBIHOb@g@x@kAp@kAt@sBR}@FYNc@`BfAXPb@`@RLHDDBXPjBnAh@?H?FALCJEHGHKFMN]FSTw@DOP_ABONYJg@DUDUBE@CBAB?B?D?D@DD^|@Tn@N\Rl@Jd@@HAd@ATCNENENGVGTEPKRi@F_@DODM@{@FWTO@]BK@GBC@IDGBIHEDEDABCBgB|CaAlBaAfB_@p@}A|CaBxC{ApCCD_@p@OXOTEHCBSXMXACKSaAuBaA{BK]ESAIGYGk@Cm@Cy@?UAOI}CEyACsAUcI	Click to Generate
S2	20	1			2	Leaves (S2)	Bronze & Polished (S2)		1496	1122	qeudIhivGHQVo@Xw@L[d@y@@E@E?C@E?E?G?E?C?EAC?A?EAEAEAGCEAEEG[SmBkAGT]xAENa@jAq@|ASb@Q\_@r@q@z@pBvC??qBwCIJcAnAGF{@v@w@^k@^u@Ts@RYDYDg@HG??TBx@Bl@Fj@FX@HDRJ\`AzB`AtBJR@BLYRYBCDINUNYJORa@~AwC`ByC|A}C^q@`AgBv@{A	Click to Generate
S2	30	1			2	Leaves (S2)	UBU (S2)		2234	1676	idudIhgvG]l@Vo@Xw@L[d@y@@E@E?C@E?E?G?E?C?EAC?A?EAEAEAGCEAEEG[SmBkAGT]xAENa@jAq@|ASb@Q\_@r@q@z@pBvC??qBwCIJcAnAGF{@v@w@^k@^u@Ts@RYDYDg@HG??TBx@Bl@Fj@FX@HDRJ\`AzB`AtBJR@BLYRYBCDINUNY^q@BEzAqC`ByC|A}C^q@`AgB`AmBVo@Xw@L[d@y@Ra@DIJUHOJSJQ`@_AN]FSTw@DOP_ABONYJg@DUDUBE@CBAB?B?D?D@DD^|@Tn@N\Rl@Jd@@HAd@ATCNENENGVGTEPKRi@F_@DODM@{@FWTO@]BK@GBC@IDGBIHEDEDABCBiAnB	Click to Generate
S2	30	1			2	Boots (S2)	Hafiz Store (S2)		2926	2194	kgtdIfl_Hd@^X\dAhANPJJEJCFILCHEJKh@ITGXIA??AAAAEICEAEUg@BqAD@T^CjAEJ@DHN@@@@??H@FYAQDq@BKBQJS[]{@iAMQg@s@[[IIGEGIOMKIGGOIKEA\GnAKnCALCJEFYn@CD?DAD?B?D@D@DXj@fAzBLZFTDRF`@@^E@C@A?C@EBCDe@p@EDCDCBGFIFEBSFOBa@DE?KJIFCBIF?R@R?JEh@A^Ad@EpA?`A?f@?L?P?JBVRPRNDDFDFD\TPcA@I`@wB@GAFa@vBAHQbA]UOKEESOSQKICCGGCEEIEIEGKUISCKGMEMCKCMIi@ESESEOGSc@w@GGC[BEHENIPI`@QDC\MFIBC@G@C@E?G@E?OAKISQk@]u@oAeDg@kAeAgCi@oAMc@Y_ACMCICCEIEGEGGEa@UaAm@kBiAmAs@MIIIGGIIGMEIOc@EKAKCME]K}@Gc@Ks@ASEc@Ce@T@B?H?XAFAF?REZ?b@Av@A\?V?J@H@D@B@JDHDHHTRTTX\PTPTZd@`@n@f@t@f@t@HLFFDHLNDFBBVXLLFDXPNJNHPLTH\Pd@PHBFBZLz@\\PJDNHFFJHNLFHFDHHZZFD	Click to Generate
S2	60	1			2	HSS Hire (S2)	Burton Roofing Merchants (S2)		5414	4060	cuxdIvdtGMJ_Bt@Ks@SaBn@wA`@gAZ_A\oADWFUTiA\sBp@yEx@kFHo@BMj@cEJg@xDfCtBjBpAjAPNDD\ZTVHFHDF@F?HEFEDCPCJ@VJXRXRPVJNDNHd@Fd@@P?PARAPIVGNIHGBG@MBI?WR[n@uAhFg@nBaEzNk@bCi@`Cy@zDy@tDO`BkAlGE`@?^?^D^D\Lf@Lv@?b@A`@EXETMVONUFU?UEUSqBaBwAsAyAaAKGYOCBOXm@`@cApAYf@[z@f@f@XRTPn@f@NLJEd@qBNJnAbADNk@fCILqAkAEO@g@KDOMi@a@EEUQYSg@g@Sr@Kd@c@`BMf@Ol@St@Of@_@fAS]Vu@Ni@CHK^Wt@R\^gANg@Ru@Nm@Lg@b@aBJe@Rs@Z{@Xg@bAqAF]Dc@Ca@CW@UFWFMDEHEJAFBD@HJDJDLVx@P`@h@`@^Ph@Jb@F\EPINMNSN_@dA{D|@mD~@mD^aBfAiFv@qDXuA`@eBz@{F|@_Ft@gEr@}DB[@O?OEUA_@A_@C]I[KSKOGGoBiBeCuB}AeAo@a@o@_@k@bECLIn@y@jFq@xE]rBUhAtAlAf@b@j@l@U|@]z@e@|@s@v@g@`@	Click to Generate
S2	45	1			2	Premier, Steve's Convenience Shop (S2)	I Said Bread (S2)		3154	2366	}lsdIta_HIlAtDc@^EJ@Hw@LeAn@uDBS?_@?W?gDAqADo@BYLm@HMLISkDE[CQeAoFOu@U?_Be@e@G{@@a@JsC~@yCz@BbCDbBmClGeAiB??dAhBkBfEgAdCqAwBIM\{@tC{GE[IcFImDS@u@@EEKmIVCn@ED?F?zBO?FJtGnBKF~CxC{@rC_A`@Kz@Ad@F~Ad@T?Nt@dAnFBPDZRjDMHILMl@CXEn@@pA?fD?V?^CRo@tDMdAIv@KA_@DuDb@HmA	Click to Generate
S2	45	1			2	Boots (S2)	Hafiz Store (S2)		3117	2338	o`tdIvs_HBDDHN^LZZ`A[k@KQIQOUOWWa@EGW[ILCHEJKh@ITGXIA??AAAAEICEAEUg@BqAD@T^CjAEJ@DHN@@@@??H@FYAQDq@BKBQJS[]{@iAMQg@s@[[IIGEGIOMKIGGOIKEA\GnAKnCALCJEFYn@CD?DAD?B?D@D@DXj@fAzBLZFTDRF`@@^E@C@A?C@EBCDe@p@EDCDCBGFIFEBSFOBa@DE?KJIFCBIF?R@R?JEh@A^Ad@EpA?`A?f@?L?P?JBVRPRNDDFDFD\TPcA@I`@wB@GAFa@vBAHQbA]UOKEESOSQKICCGGCEEIEIEGKUISCKGMEMCKCMIi@ESESEOGSc@w@GGC[BEHENIPI`@QDC\MFIBC@G@C@E?G@E?OAKISQk@]u@oAeDg@kAeAgCi@oAMc@Y_ACMCICCEIEGEGGEa@UaAm@kBiAmAs@MIIIGGIIGMEIOc@EKAKCME]K}@Gc@Ks@ASEc@Ce@T@B?H?XAFAF?REZ?b@Av@A\?V?J@H@D@B@JDHDHHTRTTX\PTPTZd@`@n@f@t@f@t@HLFFDHLNDFBBVXLLFDXPNJNHPLTH\Pd@PHBFBZLz@\\PJDNHFFJHNLFHFDHHZZl@d@X\dAhANPJJPRPTRZ@B	Click to Generate
S2	20	1			2	74th Oak Street Scout Group (S2)	Daughters (S2)		1479	1109	abtdItz|GDjAEV`@FZ`CFfCw@D@J@p@BrBDlCn@ED?LxIHlDHbFDZuCzGy@yAe@y@d@x@x@xA~BsFTg@E[IcFImDMyIK_IGgC[aCa@GDWEkA	Click to Generate
S2	15	1			2	Top Chopper (S2)	Edge Cutters (S2)		1234	926	qktdIts`H??SQ]Y]UOKEESOSQKIEd@?BDi@CCGGCEEIEIEGO\ADCF?DCLGh@M~A_@`EVHVJbAp@XP@B@@?B@F?@?B?@?BADCPKf@ADG`@QrA]bCYjB?DUvAKr@SpAGb@KCIEMIMKk@q@UYIIEEGGMQJ]BKFWPw@Hc@TkANq@`@_CFc@d@uE^aEL_BFi@BM?EBG@EN]DFDHDHBDFFBBJHRPRNDDNJ\T\XRP??	Click to Generate
S2	30	1			2	Newfield Green Library (S2)	Arbourthorne Community Primary School (S2)		2919	2189	actdI~_zGbAwBBCTe@f@aAP]h@eAHKLKBCTAF@JFHLHRDX@\?Z@RA\?H?JI?MJ[h@CBQVY`@AL?F?BHRKLKLMJiB`BQNUTKNILSZOXCDGHADOZA@CFGHMRKPKRADMVCFITEHCLKIGGEGGGQKMIm@YIAFu@HsA?IBe@@OEQMIK?a@NK@KEGKGOAS?C?WJo@@KPy@Py@H]@GLm@VqADSBKJw@@IAUCQIMICEAQHYTSRQRGDGFIBEA[EGz@?FIfAGt@E`@Kz@EZEXG\_@SUMk@]i@]i@c@OKSSKIMK[_@Q[OSM[GOCEK]GSJKHGFADDDJBFFFBAtAy@??uAx@C@GGCGEKEEG@IFKJFRJ\BDFNLZNRPZZ^LJJHRRNJh@b@h@\j@\TL^RSz@Qv@Wx@Od@MXGNMXSd@EHGHMVHR@BBBHDJ?F?FC`B]r@On@OVGFAF?F?F?PD`@LH@l@XLHPJRAFAH?DCHCBGLW@EJSJQLSFIBG@AN[@EFIBENYR[HMJOTUPOhBaBLKJMJM`@k@BCPYf@s@AKAI?M?K?I@]AS?[A]EYISIMKGGAU@CBMJIJi@dAQ\g@`AUd@CBcAvB	Click to Generate
S2	20	1			2	Nether Edge Primary School (S2)	Broadfield Park (S2)		1739	1304	qytdI~oaHHUJ]BKFWPw@Hc@TkANq@`@_CFc@d@uE^aEL_BFi@BM?EBG@EN]DFDHDHBDFFBBJHRPRNDDNJ\T\XRPQr@CFAFUhAAJ[zAERMj@AD?B?B?D@B@BJFr@d@FDFDl@wCBONu@XwAQWIKKMKKKKMKSQ]Y]UOKEESOSQKICCGGCEEIEIEGKUISCKGMEMCKCMIi@ESESEOGSc@w@GGC[BEHENIPI`@QDC\MJCFCHCDAD?R?@NBJ@F?R@R?JEh@A^Ab@?@EpA?HAHCHAHAFIVEJCHKVO\ADCF?DCLGh@M~A_@`Ee@tEGb@a@~BOp@UjAIb@Qv@GVCJK\IT	Click to Generate
S2	45	1			2	Broadfield Park (S2)	The Food Warehouse (S2)		3678	2758	_mtdIbx`HAJ[zAERMj@AD?B?B?D@B@BJFr@d@FDFDl@wCBONu@XwAQWIKKMKKKKMKSQ]Y]UOKEESOSQKICCGGCEEIEIEGKUISCKGMEMCKCMIi@ESESEOGSc@w@GGC[BEHENIPI`@QDC\MJCFCHCDAD?R?@NBJ@F?R@R?JEh@A^Ab@?@EpA?HAHCHAHAFIVEJCHKVKUISCKGMEMCKCMIi@ESESEOGSc@w@GGC[BEHENIPI`@QDC\MFIBC@G@C@E?G@E?OAKISQk@]u@oAeDg@kAeAgCi@oAMc@Y_ACMCICCEIEGEGGEa@UaAm@kBiAmAs@MIIIGGIIGMEIOc@EKAKCME]K}@Gc@Ks@ASEc@Ce@T@B?H?XAFAF?REZ?b@Av@A\?V?J@H@D@B@JDHDHHTRTTX\PTPTZd@`@n@f@t@f@t@HLFFDHLNDFBBVXLLFDXPNJNHPLTH\Pd@PHBFBZLz@\\PJDNHFFJHNLFHFDHHZZl@d@X\dAhANPJJEJCFILCHEJKh@ITGXD\@BDH??n@pARa@R]u@}AMV@R@Dj@hAS`@o@qAEIACE]FYAQDq@BKBQJS[]{@iAMQg@s@[[IIGEGIOMKIGGOIKEA\GnAKnCALCJEFYn@CD?DAD?B?D@D@DXj@fAzBLZFTDRF`@@^E@C@A?C@EBCDe@p@EDCDCBGFIFEBSFOBa@DE?KJIFCBIF?R@R?JEh@A^Ad@EpA?`A?f@?L?P?JBVRPRNDDNJ\T\XRPQr@CFAFUhA	Click to Generate
S2	30	1			2	Newfield Green Dental Surgery (S2)	Arbourthorne Community Primary School (S2)		2437	1828	_etdIfgzGFJJRCDGHADOZA@CFGHMRKPKRADMVCFITEHCLKIGGEGGGQKMIm@YIAFu@HsA?Ic@Gb@F?HIrAGt@H@l@XLHPJRAD?@AH?DCHCBGLW@EJSJQLSFIBG@AN[@EFIBEKSGKFJJRCDGHADOZA@CFGHMRKPKRADMVCFITEHCLKIGGEGGGQKMIm@YIAFu@HsA?IBe@@OEQMIK?a@NK@KEGKGOAS?C?WJo@@KPy@Py@H]@GLm@VqADSBKJw@@IAUCQIMICEAQHYTSRQRGDGFIBEA[EGz@?FIfAGt@E`@Kz@EZEXG\_@SUMk@]i@]i@c@OKSSKIMK[_@Q[OSM[GOCEK]GSJKHGFADDDJBFFFBAtAy@??uAx@C@GGCGEKEEG@IFKJFRJ\BDFNLZNRPZZ^LJJHRRNJh@b@h@\j@\TL^RSz@Qv@Wx@Od@MXGNMXSd@EHGHMVHR@BBBHDJ?F?FC`B]r@On@OVGFAF?F?F?PD`@LH@l@XLHPJRAFAH?DCHCBGLW@EJSJQLSFIBG@AN[@EFIBEKSGK	Click to Generate
S2	20	1			2	Newfield Green Clinic (S2)	gian (S2)		1655	1241	mhtdIvmzG@AH?DCHCBGLW@EJSJQLSFIBG@AN[@EFIBEKSGK??FJJRCDGHADOZA@CFGHMRKPKRADMVCFITEHCLKIGGEGGGQKMIm@YIAFu@HsA?IBe@@OEQMIK?a@NK@KEGKGOAS?C?WJo@@KPy@Py@H]@GLm@VqADSBKJw@@IAUCQIMICEAQHYTSRQRGDGFIBEA[EBc@J{AFeAF_ADw@?KBm@@WfATB_@C^gAUAVCx@Ev@G~@GdAKzACb@Gz@?FIfAGt@E`@Kz@EZEXG\Sz@Qv@Wx@Od@MXGNMXSd@EHGHMVHR@BBBHDJ?F?FC`B]r@On@OVGFAF?F?F?PD`@LH@l@XLHPJRAD?	Click to Generate
S2	30	1			2	One Stop Mini Market (S2)	Arbourthorne Community Primary School (S2)		2920	2190	g|sdIr}yGPWBCZi@LKH??K?I@]AS?[A]EYISIMKGGAU@CBMJIJi@dAQ\g@`AUd@CB}@jBGJdAwBBCTe@f@aAP]h@eAHKLKBCTAF@JFHLHRDX@\?Z@RA\?H?J?L@H@Jg@r@QXCBa@j@KLKLMJiB`BQNUTKNILSZOXCDGHADOZA@CFGHMRKPKRADMVCFITEHCLKIGGEGGGQKMIm@YIAFu@HsA?IBe@@OEQMIK?a@NK@KEGKGOAS?C?WJo@@KPy@Py@H]@GLm@VqADSBKJw@@IAUCQIMICEAQHYTSRQRGDGFIBEA[EGz@?FIfAGt@E`@Kz@EZEXG\_@SUMk@]i@]i@c@OKSSKIMK[_@Q[OSM[GOCEK]GSJKHGFADDDJBFFFBAtAy@??uAx@C@GGCGEKEEG@IFKJFRJ\BDFNLZNRPZZ^LJJHRRNJh@b@h@\j@\TL^RSz@Qv@Wx@Od@MXGNMXSd@EHGHMVHR@BBBHDJ?F?FC`B]r@On@OVGFAF?F?F?PD`@LH@l@XLHPJRAFAH?DCHCBGLW@EJSJQLSFIBG@AN[@EFIBENYR[HMJOTUPOhBaBLKJMJMIS?C?G@MXa@	Click to Generate
S2	30	1			2	Gleadless Medical Centre (S2)	Arbourthorne Community Primary School (S2)		2900	2175	satdIn}yGTg@BCTe@f@aAP]h@eAHKLKBCTAF@JFHLHRDX@\?Z@RA\?H?J?L@H@Jg@r@QXCBa@j@KLKLMJiB`BQNUTKNILSZOXCDGHADOZA@CFGHMRKPKRADHNZl@??[m@IOMVCFITEHCLKIGGEGGGQKMIm@YIAFu@HsA?IBe@@OEQMIK?a@NK@KEGKGOAS?C?WJo@@KPy@Py@H]@GLm@VqADSBKJw@@IAUCQIMICEAQHYTSRQRGDGFIBEA[EGz@?FIfAGt@E`@Kz@EZEXG\_@SUMk@]i@]i@c@OKSSKIMK[_@Q[OSM[GOCEK]GSJKHGFADDDJBFFFBAtAy@??uAx@C@GGCGEKEEG@IFKJFRJ\BDFNLZNRPZZ^LJJHRRNJh@b@h@\j@\TL^RSz@Qv@Wx@Od@MXGNMXSd@EHGHMVHR@BBBHDJ?F?FC`B]r@On@OVGFAF?F?F?PD`@LH@l@XLHPJRAFAH?DCHCBGLW@EJSJQLSFIBG@AN[@EFIBENYR[HMJOTUPOhBaBLKJMJM`@k@BCPYf@s@AKAI?M?K?I@]AS?[A]EYISIMKGGAU@CBMJIJi@dAQ\g@`AUd@CBUf@	Click to Generate
S2	45	1			2	Meersbrook Service Station (S2)	74th Oak Street Scout Group (S2)		3182	2386	{jtdIt_|GNENSRa@Xu@b@gBBYCYM[U`@MZc@pAKXKPA@OFI@G?IAKAIp@Gf@CLGb@CRENI\IZK\CHqCvIW~@Of@K^ERADK`@GPI^A@IVCHCFKR[f@LPDFBDF@D@PDPDz@RB?`AT@?TFPB`AVl@NzBf@n@NB?^HNDZ@PGNQh@s@Tg@DWEkAAOHmBN}@RyAFUJ]hB\~Bb@rBjFQDqDo@qEw@IlBFzAEV`@FZ`CFfCw@D@J@p@BrBDlCWBM@a@?mAMG?E?eE[c@k@}Aw@gAq@[Oq@][a@IOIUMSi@_@P_ABc@Bg@?_@AaA?G?M@I?E@G?C@GBMCEEGMQZg@JSBGBIHW@AH_@FQJa@@EDSJ_@Ng@V_ApCwIBIJ]H[H]DOBSFc@BMFg@Hq@J@H@F?HANG@AJQJYb@qAL[Ta@LZBXCXc@fBYt@S`@OROD	Click to Generate
S2	30	1			2	Temple Park Centre (S2)	Castle View Park (S2)		2445	1834	ifwdIxluGMVBl@Wf@]p@_AlBw@~@s@b@q@Jq@@g@E{@CkACQ@ARGV?p@?I?g@FW@SG?SFWLUR[b@y@fADJ@L?FCLEJrAjCr@`Bl@bBJSh@{@NUHEHAL?jBb@jA`@zBp@^Lp@T|Ah@l@^Zb@Pb@BH@DHd@Dr@A`AKv@ENe@jAe@aAQUyDq@WGaAOq@a@QSUe@KO^}@\cBNwBkAa@kBc@M?I@IDOTi@z@KRm@cBs@aBsAkCEDK@GCGICMAM@M@GDIFEFAHBDHx@gAZc@TSVMRGF?PAjABz@Bf@Dp@Ap@Kr@c@v@_A~@mB\q@Vg@Cm@LW	Click to Generate
S2	15	1			2	Gin Bar (S2)	Edge Cutters (S2)		1186	890	altdIfs`HCC]Y]UOKEESOSQKICCGGCEEIEIEGO\ADCF?DAHABGh@M~A_@`EVHVJbAp@XP@B@@?B@F?@?B?@?BADCPKf@ADG`@QrA]bCYjB?DUvAKr@SpAGb@KCIEMIMKk@q@UYIIEEGGMQJ]BKFWPw@Hc@TkANq@`@_CFc@d@uE^aEL_BFi@BM?EBG@EN]DFDHDHBDFFBBJHRPRNDDNJ\T\XBB	Click to Generate
S2	20	1			2	International Automatic Cars (S2)	Little London Bodyworks (S2)		1963	1472	oftdI`m_HHDELg@s@[[IIGEGIOMKIGGOIKE]Q{@]BUXq@Vk@DKPXVd@H@t@aBu@`BIACES_@QYEJWj@Yp@CT[MGCICe@Q]QUIQMOIOKYQGEMMWYCCEGBO@EHYFMDKHKJQLQJOtA_BHKf@q@~BaDFGv@kApAoEDDLAxAgAPAv@AVAt@Cu@BoABQ@yAfAM@EEqAnEw@jAGF_C`Dg@p@IJuA~AKNMPKPIJEJGLIXADCNDFBBVXLLFDXPNJNHPLTH\Pd@PHBFBZLz@\\PJDNHFFJHNLFHFDHHZZb@^	Click to Generate
S2	30	1			2	Newfield Green Library (S2)	Arbourthorne Community Primary School (S2)		2908	2181	{btdIr_zG|@kBBCTe@f@aAP]h@eAHKLKBCTAF@JFHLHRDX@\?Z@RA\?H?JI?MJ[h@CBQVY`@AL?F?BHRKLKLMJiB`BQNUTKNILSZOXCDGHADOZA@CFGHMRKPKRADMVCFITEHCLKIGGEGGGQKMIm@YIAFu@HsA?IBe@@OEQMIK?a@NK@KEGKGOAS?C?WJo@@KPy@Py@H]@GLm@VqADSBKJw@@IAUCQIMICEAQHYTSRQRGDGFIBEA[EGz@?FIfAGt@E`@Kz@EZEXG\_@SUMk@]i@]i@c@OKSSKIMK[_@Q[OSM[GOCEK]GSJKHGFADDDJBFFFBAtAy@??uAx@C@GGCGEKEEG@IFKJFRJ\BDFNLZNRPZZ^LJJHRRNJh@b@h@\j@\TL^RSz@Qv@Wx@Od@MXGNMXSd@EHGHMVHR@BBBHDJ?F?FC`B]r@On@OVGFAF?F?F?PD`@LH@l@XLHPJRAFAH?DCHCBGLW@EJSJQLSFIBG@AN[@EFIBENYR[HMJOTUPOhBaBLKJMJM`@k@BCPYf@s@AKAI?M?K?I@]AS?[A]EYISIMKGGAU@CBMJIJi@dAQ\g@`AUd@CB}@jB	Click to Generate
S2	60	1			2	The Cholera Monument (S2)	Sheffield Inclusion Centre (S2)		5968	4476	oexdIn}{GkAmBwA`DFLHJf@f@RPz@x@tAtABB~@~@DBb@b@FK@CDEDCFA|B_@@ABA@C@C@C?C@GCa@c@F??b@GB`@AF?BABABABC@A@}B^G@EBEDABGJc@c@EC_A_ACCuAuA{@y@SQg@g@IKGMCECICImAqEWcAW}@Su@EQCKEKQu@y@}CMi@Kc@HIHKNO`AeANS`AeANSDEFE`@e@dCgDLSXe@JSP_@h@yAzAqEJWhHaTBKBITo@b@sAf@sAL]P]b@}@`@u@d@s@DGFINOTUZ]fBeBRS^]BADEFG~BuBrFgFDEFEzCuCv@u@|@_ARQDEDEx@u@^]nAqA\m@~@cBf@aA^m@`@u@h@_AFMDIP[HMDIDKDEb@w@HKd@{@jBkDj@cABFBFj@lAVj@d@`ATf@Tf@@Bl@rAb@~@FL`@~@b@hARl@?BN`@UTu@t@qBjBw@v@eAbAcA~@I[Ke@GUw@_DCGIUOEIAGA?S?O?KCQKc@e@{AIUCGMc@KKGGIGCCEAK?i@~@a@t@_@l@g@`A_AbB]l@oApA_@\y@t@EDEDSP}@~@w@t@{CtCGDEDsFfF_CtBGFEDC@_@\SRgBdB[\UTAj@?JGnCE|BEtBKtFKxFAPCfAAx@An@Aj@U@C@A@CDgElMiBjEKVYn@ABm@vAmCjGCDuA|CuAdDGLjAlB	Click to Generate
S2	60	1			2	Sheffield Cholera Monument (S2)	Sheffield Inclusion Centre (S2)		5857	4393	_}wdIdh|Gt@M@ABA@C@C@C?C@GCa@c@F??b@GB`@AF?BABABABC@A@}B^G@EBEDABGJc@c@EC_A_ACCuAuA{@y@SQg@g@IKGMCECICImAqEWcAW}@Su@EQCKEKQu@y@}CMi@Kc@HIHKNO`AeANS`AeANSDEFE`@e@dCgDLSXe@JSP_@h@yAzAqEJWhHaTBKBITo@b@sAf@sAL]P]b@}@`@u@d@s@DGFINOTUZ]fBeBRS^]BADEFG~BuBrFgFDEFEzCuCv@u@|@_ARQDEDEx@u@^]nAqA\m@~@cBf@aA^m@`@u@h@_AFMDIP[HMDIDKDEb@w@HKd@{@jBkDj@cABFBFj@lAVj@d@`ATf@Tf@@Bl@rAb@~@FL`@~@b@hARl@?BN`@UTu@t@qBjBw@v@eAbAcA~@I[Ke@GUw@_DCGIUOEIAGA?S?O?KCQKc@e@{AIUCGMc@KKGGIGCCEAK?i@~@a@t@_@l@g@`A_AbB]l@oApA_@\y@t@EDEDSP}@~@w@t@{CtCGDEDsFfF_CtBGFEDC@_@\SRgBdB[\UTAj@?JGnCE|BEtBKtFKxFAPCfAAx@An@Aj@U@C@A@CDgElMiBjEKVYn@ABm@vAmCjGCDuA|CuAdDGLwA`DFLHJf@f@RPz@x@tAtABB~@~@DBb@b@FK@CDEDCFAfAQ	Click to Generate
S2	30	1			2	Arbourthorne Community Primary School (S2)	Newfield Green Dental Surgery (S2)		2306	1730	mltdIdiyGC^gAUAVCx@Ev@G~@GdAKzACb@Gz@?FIfAGt@E`@Kz@EZEXG\_@SUMk@]i@]i@c@OKSSKIMK[_@Q[OSM[GOCEK]GSJKHGFADDDJBFFFBAtAy@??uAx@C@GGCGEKEEG@IFKJFRJ\BDFNLZNRPZZ^LJJHRRNJh@b@h@\j@\TL^RSz@Qv@Wx@Od@MXGNMXSd@EHGHMVHR@BBBHDJ?F?FC`B]r@On@OVGFAF?F?F?PD`@LH@l@XLHPJRAD?@AH?DCHCBGLW@EJSJQLSFIBG@AN[@EFIBEKSGKFJJRCDGHADOZA@CFGHMRKPKRADMVCFITEHCLKIGGEGGGQKMIm@YIAFu@HsA?IBe@@OEQMIK?a@NK@KEGKGOAS?C?WJo@@KPy@Py@H]@GLm@VqADSBKJw@@IAUCQIMICEAQHYTSRQRGDGFIBEA[EBc@J{AFeAF_ADw@By@@WfATB_@	Click to Generate
S2	20	1			2	Burton Roofing Merchants (S2)	Makro (S2)		1493	1120	s_ydIx_vGj@qCo@g@UQYSg@g@Sr@Kd@c@`BMf@Ol@St@Of@_@fAS]Vu@Ni@CHK^Wt@R\a@z@u@`BUf@INmAfBOTkAvA[f@u@~@SWY]UYW]EGOQW[t@uAl@cA??P^R`@R`@Rb@BHNZTf@jAwANUlAgBHOTg@t@aB`@{@^gANg@Ru@Nm@Lg@b@aBJe@Rs@f@f@XRTPn@f@k@pC	Click to Generate
S2	20	1			2	Burton Roofing Merchants (S2)	Makro (S2)		1458	1094	g}xdIf}uGEO@g@KDOMo@g@UQYSg@g@Sr@Kd@c@`BMf@Ol@St@Of@_@fAS]Vu@Ni@CHK^Wt@R\a@z@u@`BUf@INmAfBOTkAvA[f@u@~@SWY]UYW]EGOQW[t@uAl@cA??P^R`@R`@Rb@BHNZTf@jAwANUlAgBHOTg@t@aB`@{@^gANg@Ru@Nm@Lg@b@aBJe@Rs@f@f@XRTPn@f@NLJEAf@DN	Click to Generate
S2	20	1			2	Burton Roofing Merchants (S2)	Makro (S2)		1485	1114	s|xdIz}uGSSEO@g@KDOMo@g@UQYSg@g@Sr@Kd@c@`BMf@Ol@St@Of@_@fAS]Vu@Ni@CHK^Wt@R\a@z@u@`BUf@INmAfBOTkAvA[f@u@~@SWY]UYW]EGOQW[t@uAl@cA??P^R`@R`@Rb@BHNZTf@jAwANUlAgBHOTg@t@aB`@{@^gANg@Ru@Nm@Lg@b@aBJe@Rs@f@f@XRTPn@f@NLJEAf@DNRR	Click to Generate
S2	20	1			2	Arbourthorne Community Primary School (S2)	Gleadless Medical Centre (S2)		2030	1522	cotdI|lyGAZG~@GdAKzACb@Gz@?FIfAGt@E`@Kz@EZEXG\_@SUMk@]i@]i@c@OKSSKIMK[_@Q[OSM[GOCEK]GSJKHGFADDDJBFFFBAtAy@??uAx@C@GGCGEKEEG@IFKJFRJ\BDFNLZNRPZZ^LJJHRRNJh@b@h@\j@\TL^RSz@Qv@Wx@Od@MXGNMXSd@EHGHMVHR@BBBHDJ?F?FC`B]r@On@OVGFAF?F?F?PD`@LH@l@XLHPJRAFAH?DCHCBGLWHNZl@??[m@IOMVCFITEHCLKIGGEGGGQKMIm@YIAFu@HsA?IBe@@OEQMIK?a@NK@KEGKGOAS?C?WJo@@KPy@Py@H]@GLm@VqADSBKJw@@IAUCQIMICEAQHYTSRQRGDGFIBEA[EBc@J{AFeAF_A@[	Click to Generate
S2	15	1			2	East Bank Medical Centre (S2)	Sheffield Springs Academy (S2)		1098	824	k{tdIvxwGAFAXDVJTLFH@@`@B^BbAFrALCH?ZGNCb@Er@I`@G?YEqAC_@mANlAOHpB?XDAl@Ir@KI}@Gy@Em@AICe@C_@Ca@Cg@Ag@Ci@A]p@IJC~@Sx@ODE?G??Cu@UBe@nA_ARKBq@H@\Bh@@f@Bf@yARoBXOBQ@EWEQKKWCGDIHELCJ	Click to Generate
S2	15	1			2	Mandala (S2)	Valley Road Garage (S2)		1419	1064	wgtdInn_H_@QGC@Y?G@IDUDQIIGEGIOMKIGGOIAAIC]Q{@]BUXq@Vk@DKj@wA~EgL\{@~@wBtAcDtBwElBIDbBmClGkBfEgAdCiC`GiA~C_@hAY~@K^NLFHFDHHZZl@d@ELGRENADECUK	Click to Generate
S2	20	1			2	I Said Bread (S2)	74th Oak Street Scout Group (S2)		1512	1134	q}sdIxi~GdAhBkBfEgAdCqAwBIM\{@tC{GE[IcFImDS@u@@EEKmIVCEmCCsBAq@AKv@EJ~HF?zBO?FJtGL`HlBIDbBmClGeAiB	Click to Generate
S2	30	1			2	Boots (S2)	Hafiz Store (S2)		2926	2194	uhtdI`k_HDBZZl@d@X\dAhANPJJEJCFILCHEJKh@ITGXIA??AAAAEICEAEUg@BqAD@T^CjAEJ@DHN@@@@??H@FYAQDq@BKBQJS[]{@iAMQg@s@[[IIGEGIOMKIGGOIKEA\GnAKnCALCJEFYn@CD?DAD?B?D@D@DXj@fAzBLZFTDRF`@@^E@C@A?C@EBCDe@p@EDCDCBGFIFEBSFOBa@DE?KJIFCBIF?R@R?JEh@A^Ad@EpA?`A?f@?L?P?JBVRPRNDDFDFD\TPcA@I`@wB@GAFa@vBAHQbA]UOKEESOSQKICCGGCEEIEIEGKUISCKGMEMCKCMIi@ESESEOGSc@w@GGC[BEHENIPI`@QDC\MFIBC@G@C@E?G@E?OAKISQk@]u@oAeDg@kAeAgCi@oAMc@Y_ACMCICCEIEGEGGEa@UaAm@kBiAmAs@MIIIGGIIGMEIOc@EKAKCME]K}@Gc@Ks@ASEc@Ce@T@B?H?XAFAF?REZ?b@Av@A\?V?J@H@D@B@JDHDHHTRTTX\PTPTZd@`@n@f@t@f@t@HLFFDHLNDFBBVXLLFDXPNJNHPLTH\Pd@PHBFBZLz@\\PJDNHFFJHNLFHFDBD	Click to Generate
S2	30	1			2	Boots (S2)	Hafiz Store (S2)		2926	2194	mhtdIfk_HXXl@d@X\dAhANPJJEJCFILCHEJKh@ITGXIA??AAAAEICEAEUg@BqAD@T^CjAEJ@DHN@@@@??H@FYAQDq@BKBQJS[]{@iAMQg@s@[[IIGEGIOMKIGGOIKEA\GnAKnCALCJEFYn@CD?DAD?B?D@D@DXj@fAzBLZFTDRF`@@^E@C@A?C@EBCDe@p@EDCDCBGFIFEBSFOBa@DE?KJIFCBIF?R@R?JEh@A^Ad@EpA?`A?f@?L?P?JBVRPRNDDFDFD\TPcA@I`@wB@GAFa@vBAHQbA]UOKEESOSQKICCGGCEEIEIEGKUISCKGMEMCKCMIi@ESESEOGSc@w@GGC[BEHENIPI`@QDC\MFIBC@G@C@E?G@E?OAKISQk@]u@oAeDg@kAeAgCi@oAMc@Y_ACMCICCEIEGEGGEa@UaAm@kBiAmAs@MIIIGGIIGMEIOc@EKAKCME]K}@Gc@Ks@ASEc@Ce@T@B?H?XAFAF?REZ?b@Av@A\?V?J@H@D@B@JDHDHHTRTTX\PTPTZd@`@n@f@t@f@t@HLFFDHLNDFBBVXLLFDXPNJNHPLTH\Pd@PHBFBZLz@\\PJDNHFFJHNLFHFDHH@@	Click to Generate
S2	20	1			2	Nether Edge Primary School (S2)	Broadfield Park (S2)		1609	1207	wwtdItjaHBITkANq@`@_CFc@d@uE^aEL_BFi@BM?EBG@EN]DFDHDHBDFFBBJHRPRNDDNJ\T\XRPQr@CFAFUhAAJ[zAERMj@AD?B?B?D@B@BJFr@d@FDFDl@wCBONu@XwAQWIKKMKKKKMKSQ]Y]UOKEESOSQKICCGGCEEIEIEGKUISCKGMEMCKCMIi@ESESEOGSc@w@GGC[BEHENIPI`@QDC\MJCFCHCDAD?R?@NBJ@F?R@R?JEh@A^Ab@?@EpA?HAHCHAHAFIVEJCHKVO\ADCF?DCLGh@M~A_@`Ee@tEGb@a@~BOp@UjACH	Click to Generate
S2	45	1			2	Woodbourn Road Stadium (S2)	Makro (S2)		3145	2359	efzdIt|vGBE~@iAPe@Bo@yFcGs@cAe@_@m@_@OGq@s@aAeAIGMGM\]bAMp@G\ADQlAd@ZLLAV?\FRN@??VIWHOAGS?]@WMMe@[PmA@EF]Lq@OMUQY[_@pAQt@Gb@a@~BIf@m@bDId@Kb@EPGPABAVAHCLJLFFDFZRZPpEhCxBlAJF@@lAn@d@VJDDBl@\^RbAj@b@V^Rl@\j@Vp@^NHt@d@BBNPPXT`@d@yBBOJs@Hu@PwAJy@PkABQTiAR{@f@eBJ]\aAx@gBFKDMSWY]UYW]EGOQW[t@uAl@cA??P^R`@R`@Rb@BHNZTf@[f@u@~@ELGJy@fB]`AK\g@dBSz@UhACPQjAKx@QvAIt@Kr@CNe@xBUa@QYOQCCu@e@OIq@_@k@W`@wCJo@AQEI}@g@g@YwAw@`@aBX{@Vc@	Click to Generate
S2	30	1			2	Gleadless Medical Centre (S2)	Arbourthorne Community Primary School (S2)		2952	2214	ubtdIf_zGv@_BBCTe@f@aAP]h@eAHKLKBCTAF@JFHLHRDX@\?Z@RA\?H?J?L@H@Jg@r@QXCBa@j@KLKLMJiB`BQNUTKNILSZOXCDGHADOZA@CFGHMRKPKRADHNZl@??[m@IOMVCFITEHCLKIGGEGGGQKMIm@YIAFu@HsA?IBe@@OEQMIK?a@NK@KEGKGOAS?C?WJo@@KPy@Py@H]@GLm@VqADSBKJw@@IAUCQIMICEAQHYTSRQRGDGFIBEA[EGz@?FIfAGt@E`@Kz@EZEXG\_@SUMk@]i@]i@c@OKSSKIMK[_@Q[OSM[GOCEK]GSJKHGFADDDJBFFFBAtAy@??uAx@C@GGCGEKEEG@IFKJFRJ\BDFNLZNRPZZ^LJJHRRNJh@b@h@\j@\TL^RSz@Qv@Wx@Od@MXGNMXSd@EHGHMVHR@BBBHDJ?F?FC`B]r@On@OVGFAF?F?F?PD`@LH@l@XLHPJRAFAH?DCHCBGLW@EJSJQLSFIBG@AN[@EFIBENYR[HMJOTUPOhBaBLKJMJM`@k@BCPYf@s@AKAI?M?K?I@]AS?[A]EYISIMKGGAU@CBMJIJi@dAQ\g@`AUd@CBw@~A	Click to Generate
S2	60	1			2	Path up to the Cholera Monument, Sheffield (S2)	Sheffield Inclusion Centre (S2)		5857	4393	c|wdI`f|Gb@GB`@AF?BABABABC@A@u@LgAPG@EBEDABGJc@c@EC_A_ACCuAuA{@y@SQg@g@IKGMCECICImAqEWcAW}@Su@EQCKEKQu@y@}CMi@Kc@HIHKNO`AeANS`AeANSDEFE`@e@dCgDLSXe@JSP_@h@yAzAqEJWhHaTBKBITo@b@sAf@sAL]P]b@}@`@u@d@s@DGFINOTUZ]fBeBRS^]BADEFG~BuBrFgFDEFEzCuCv@u@|@_ARQDEDEx@u@^]nAqA\m@~@cBf@aA^m@`@u@h@_AFMDIP[HMDIDKDEb@w@HKd@{@jBkDj@cABFBFj@lAVj@d@`ATf@Tf@@Bl@rAb@~@FL`@~@b@hARl@?BN`@UTu@t@qBjBw@v@eAbAcA~@I[Ke@GUw@_DCGIUOEIAGA?S?O?KCQKc@e@{AIUCGMc@KKGGIGCCEAK?i@~@a@t@_@l@g@`A_AbB]l@oApA_@\y@t@EDEDSP}@~@w@t@{CtCGDEDsFfF_CtBGFEDC@_@\SRgBdB[\UTAj@?JGnCE|BEtBKtFKxFAPCfAAx@An@Aj@U@C@A@CDgElMiBjEKVYn@ABm@vAmCjGCDuA|CuAdDGLwA`DFLHJf@f@RPz@x@tAtABB~@~@DBb@b@FK@CDEDCFA|B_@@ABA@C@C@C?C@GCa@c@F	Click to Generate
S2	20	1			2	Best Pizza (S2)	Alberts (S2)		1528	1146	mxudIjixGeAbAcA~@I[Ke@GUw@_DCGIUOEIAGA?S?O?KCQKc@e@{AIUCGMc@EQCE?EAGAG?CAI?I@I?I@E@CDIDKDEb@w@HKd@{@jBkDj@cA\q@N[\q@vAgCLYRYBCDINUNY@DBDFPXf@?JKRE@Ym@ESCGACOTEHCBSX?BMTwAfCm@lA]p@k@bAkBjDe@z@IJc@v@EDEJEHABAD?HAH?H@H?B@F@F?DBDDPLb@BFHTd@zAJb@BP?J?N?RF@H@NDHTBFv@~CFTJd@HZbA_AdAcA	Click to Generate
S2	15	1			2	The Spires Centre (S2)	The Co-operative Food (S2)		1227	920	altdIzpwG???FEDy@N_ARKBq@H?_@AS?KAU?y@?a@?O?_A?e@@]@e@Bg@BW@]Dm@FaABi@Bc@D}@Bu@D}AQASCg@KkAQEn@Gz@Gp@Ep@EjAE|@Ah@CxAAhA?L@~A@vAARCJEFIBw@J}@NF`BBv@@XBd@VBJJ??DPDVPANCnBYxASCg@Ag@Ci@A]p@IJC~@Sx@ODE?G??	Click to Generate
S2	60	1			2	Path up to the Cholera Monument, Sheffield (S2)	Sheffield Inclusion Centre (S2)		6063	4547	k}wdIzs{GiAoBEGGCC?CAI?G@I@E?CAQUCDuA|CuAdDGLwA`DFLHJf@f@RPz@x@tAtABB~@~@DBb@b@FK@CDEDCFAfAQt@M@ABA@C@C@C?C@GCa@c@Fb@GB`@AF?BABABABC@A@}B^G@EBEDABGJc@c@EC_A_ACCuAuA{@y@SQg@g@IKGMCECICImAqEWcAW}@Su@EQCKEKQu@y@}CMi@Kc@HIHKNO`AeANS`AeANSDEFE`@e@dCgDLSXe@JSP_@h@yAzAqEJWhHaTBKBITo@b@sAf@sAL]P]b@}@`@u@d@s@DGFINOTUZ]fBeBRS^]BADEFG~BuBrFgFDEFEzCuCv@u@|@_ARQDEDEx@u@^]nAqA\m@~@cBf@aA^m@`@u@h@_AFMDIP[HMDIDKDEb@w@HKd@{@jBkDj@cABFBFj@lAVj@d@`ATf@Tf@@Bl@rAb@~@FL`@~@b@hARl@?BN`@UTu@t@qBjBw@v@eAbAcA~@I[Ke@GUw@_DCGIUOEIAGA?S?O?KCQKc@e@{AIUCGMc@KKGGIGCCEAK?i@~@a@t@_@l@g@`A_AbB]l@oApA_@\y@t@EDEDSP}@~@w@t@{CtCGDEDsFfF_CtBGFEDC@_@\SRgBdB[\UTAj@?JGnCE|BEtBKtFKxFAPCfAAx@An@Aj@U@C@A@CDgElMiBjEKVYn@ABm@vAmCjGPTB@D?HAFAH?B@B?FBDFhAnB	Click to Generate
S2	60	1			2	Path up to the Cholera Monument, Sheffield (S2)	Sheffield Inclusion Centre (S2)		5857	4393	c|wdI`f|Gb@GB`@AF?BABABABC@A@u@LgAPG@EBEDABGJc@c@EC_A_ACCuAuA{@y@SQg@g@IKGMCECICImAqEWcAW}@Su@EQCKEKQu@y@}CMi@Kc@HIHKNO`AeANS`AeANSDEFE`@e@dCgDLSXe@JSP_@h@yAzAqEJWhHaTBKBITo@b@sAf@sAL]P]b@}@`@u@d@s@DGFINOTUZ]fBeBRS^]BADEFG~BuBrFgFDEFEzCuCv@u@|@_ARQDEDEx@u@^]nAqA\m@~@cBf@aA^m@`@u@h@_AFMDIP[HMDIDKDEb@w@HKd@{@jBkDj@cABFBFj@lAVj@d@`ATf@Tf@@Bl@rAb@~@FL`@~@b@hARl@?BN`@UTu@t@qBjBw@v@eAbAcA~@I[Ke@GUw@_DCGIUOEIAGA?S?O?KCQKc@e@{AIUCGMc@KKGGIGCCEAK?i@~@a@t@_@l@g@`A_AbB]l@oApA_@\y@t@EDEDSP}@~@w@t@{CtCGDEDsFfF_CtBGFEDC@_@\SRgBdB[\UTAj@?JGnCE|BEtBKtFKxFAPCfAAx@An@Aj@U@C@A@CDgElMiBjEKVYn@ABm@vAmCjGCDuA|CuAdDGLwA`DFLHJf@f@RPz@x@tAtABB~@~@DBb@b@FK@CDEDCFA|B_@@ABA@C@C@C?C@GCa@c@F	Click to Generate
S2	20	1			2	Windy House Lane Pocket Park (S2)	UBU (S2)		1972	1479	}{udIl}uGXX~DjEELCFCBg@^AGGW??FV@Ff@_@BCBGDMNNzA|At@x@@?l@p@IJcAnAGF{@v@w@^k@^u@Ts@RYDYDg@HG??TBx@Bl@Fj@FX@HDRJ\`AzB`AtBJR@BLYRYBCDINUNY^q@BEzAqC`ByC|A}C^q@`AgB`AmBVo@Xw@L[d@y@@E@E?C@E?E?G?E?C?EAC?A?EAEAEAGCEAEEG[SmBkA_BcAsA}@UQoA_Ae@g@EIY]MLKHQB]?QKSSQPyA|AABe@f@w@v@Y\AJAL?BETZ\	Click to Generate
S2	30	1			2	Virgin Crucible (S2)	B&M Bargains (S2)		2836	2127	cotdIvp`HGESQKICCGGCEEIEIEGKUISCKGMEMCKCMIi@ESESEOGSc@w@GGC[BEHENIPI`@QDC\MJCFCHCDAD?R?P?F?PBD?`@ENCSkCCYCUCOIQIWM]Zk@[j@L\HVHPBNBTVdDOBa@DE?KJIFCBIFEACACCCAAGGQCIEMAGEKEOISQk@]u@oAeDg@kAeAgCi@oAMc@Y_ACMCICCEIEGEGGEa@UaAm@kBiAmAs@MIIIGGIIGMEIOc@EKAKCME]K}@Gc@Ks@ASEc@Ce@T@B?H?XAFAF?REZ?b@Av@A\?V?J@H@D@B@JDHDHHTRTTX\PTPTZd@`@n@f@t@f@t@HLFFDHLNDFBBVXLLFDXPNJNHPLTH\Pd@PHBFBZLz@\\PJDNHFFJHNLFHFDHHZZl@d@ELGRENAD?DAHAJAt@AP?R_AKECCC?C?CHkBBU@Y?G@IDUDQIIGEGIOMKIGGOIKEA\GnAKnCALCJEFYn@CD?DAD?B?D@D@DXj@fAzBLZFTDRF`@@^E@C@A?C@EBCDe@p@EDCDCBGFIFEBSFOBa@DE?KJIFCBIF?R@R?JEh@A^Ad@EpA?`A?f@?L?P?JBVRPFD	Click to Generate
S2	20	1			2	The Spires Centre (S2)	Alan's Barber (S2)		2060	1545	altdIzpwG???FEDy@N_ARKBq@H?_@AS?KAU?y@?a@?O?_A?e@@]@e@Bg@BW@]Dm@FaABi@Bc@D}@Bu@D}A@}@?G?Y?]?K?_@?]AQASCYEWG_@K_@I[I[Qu@Mc@CMOq@Me@EUCMIa@Ic@KSAGCICOCGCEGE]HGB_@Ji@F_@DODM@{@FWTO@]BK@GBC@IDGBIHEDEDABCBuAbCQXaAlBaAfB_@p@@DHNf@bALZBFPh@Lb@?BH\Jt@Hv@Dh@DCBEJMX_@RWTSTSNKHEHEJGXMh@S\Kd@Id@IVAf@A^@b@BXBh@JjAPf@JRBP@E|ACt@E|@Cb@Ch@G`AEl@A\CVCf@Ad@A\?d@?~@?p@?x@@T?J@R?^p@IJC~@Sx@ODE?G??	Click to Generate
S2	15	1			2	Windy House Lane Pocket Park (S2)	Leaves (S2)		1101	826	gavdIr{uG`@K?Q@QF[JWHIJGHCP@LBDDDHDNHZ@N@NAJAL?BETt@v@~DjEELCFCBg@^AGGW??FV@Ff@_@BCBGDMNNzA|At@x@@?l@p@pBvC??qBwCm@q@A?u@y@{A}AOO_EkEu@w@CFCFGJEDGDEBE@I@EAGAECEEGGEKIWE]a@J	Click to Generate
S2	15	1			2	Manor Park Medical Centre (S2)	Hair & Beauty Lounge (S2)		1288	966	qzwdItbvGWm@CCGGIGICGAG?GBWVCDC?A?MIp@kACMAM@M@GDIFEFA??HBDHx@gAZc@TSVMRGF?PAjABz@Bf@Dp@Ap@Kr@c@v@_A~@mB\q@Vg@Cm@??^w@ZHq@tAEDWf@]p@_AlBw@~@s@b@q@Jq@@g@E{@CkACQ@G?SFWLUR[b@y@fADJ@L?FCLEJEDK@GCGIq@jALH@?B?BEVWFCF?F@HBHFFFBBVl@	Click to Generate
S2	30	1			2	Temple Park Centre (S2)	Castle View Park (S2)		2428	1821	ufwdIlmuGABBl@Wf@]p@_AlBw@~@s@b@q@Jq@@g@E{@CkACQ@ARGV?p@?I?g@FW@SG?SFWLUR[b@y@fADJ@L?FCLEJrAjCr@`Bl@bBJSh@{@NUHEHAL?jBb@jA`@zBp@^Lp@T|Ah@l@^Zb@Pb@BH@DHd@Dr@A`AKv@ENe@jAe@aAQUyDq@WGaAOq@a@QSUe@KO^}@\cBNwBkAa@kBc@M?I@IDOTi@z@KRm@cBs@aBsAkCEDK@GCGICMAM@M@GDIFEFAHBDHx@gAZc@TSVMRGF?PAjABz@Bf@Dp@Ap@Kr@c@v@_A~@mB\q@Vg@Cm@@C	Click to Generate
S2	60	1			2	Cholera Monument, Sheffield (S2)	Sheffield Inclusion Centre (S2)		5098	3824	cfxdItv{Go@|AGLjAlBIZADAF?D?\?z@?F@DBFBFCGCGAE?G?{@?]?E@G@EH[??kAmBFMtAeDtA}CBElCkGl@wA@CXo@JWhBkEfEmMBE@ABATA@k@@o@@y@BgA@QJyFJuFDuBD}BFoC?K@k@TUZ]fBeBRS^]BADEFG~BuBrFgFDEFEzCuCv@u@|@_ARQDEDEx@u@^]nAqA\m@~@cBf@aA^m@`@u@h@_AFMDIP[HMDIDKDEb@w@HKd@{@jBkDj@cABFBFj@lAVj@d@`ATf@Tf@@Bl@rAb@~@FL`@~@b@hARl@?BN`@UTu@t@qBjBw@v@eAbAcA~@I[Ke@GUw@_DCGIUOEIAGA?S?O?KCQKc@e@{AIUCGMc@KKGGIGCCEAK?i@~@a@t@_@l@g@`A_AbB]l@oApA_@\y@t@EDEDSP}@~@w@t@{CtCGDEDsFfF_CtBGFEDC@_@\SRgBdB[\UTAj@?JGnCE|BEtBKtFKxFAPCfAAx@An@Aj@U@C@A@CDgElMiBjEKVYn@ABm@vAmCjGCDuA|Ce@fA	Click to Generate
S2	30	1			2	Broadfield Park (S2)	Porcelanosa (S2)		2831	2123	iltdI`s`HYW]UOKEESOSQKICCGGCEEIEIEGKUISCKGMEMCKCMIi@ESESEOGSc@w@GGC[BEHENIPI`@QDC\MJCFCHCDAD?R?@NBJ@F?R@R?JEh@A^Ab@?@EpA?HAHCHAHAFIVEJCHKVKUISCKGMEMCKCMIi@ESESEOGSc@w@GGC[BEHENIPI`@QDC\MFIBC@G@C@E?G@E?OAKISQk@]u@oAeDg@kAeAgCi@oAMc@Y_ACMCICCEIEGEGGEa@UaAm@kBiAmAs@MIIIGGIIGMEIOc@EKAKCME]K}@Gc@Ks@ASEc@Ce@T@B?H?XAFAF?REZ?b@Av@A\?V?J@H@D@B@JDHDHHTRTTX\PTPTZd@`@n@f@t@f@t@HLFFDHLNDFBBVXLLFDXPNJNHPLTH\Pd@PHBFBZLz@\\PJDNHFFJHNLFHFDHHZZl@d@ELGRENADECUK_@QGC@Y?G@IDUDQIIGEGIOMKIGGOIKEA\GnAKnCALCJEFYn@CD?DAD?B?D@D@DXj@fAzBLZFTDRF`@@^E@C@A?C@EBCDe@p@EDCDCBGFIFEBSFOBa@DE?KJIFCBIF?R@R?JEh@A^Ad@EpA?`A?f@?L?P?JBVRPRNDDNJ\TXV	Click to Generate
S2	15	1			2	Alam Hill Books (S2)	Daughters (S2)		1227	920	gitdInh_HELK^KIGGOIKE]Q{@]BUXq@Vk@DKj@wAxAiDdC}F\{@~BsFTg@tBwElBIDbBmClGkBfEgAdCiC`GiA~C_@hASp@	Click to Generate
S2	15	1			2	Gin Bar (S2)	Edge Cutters (S2)		1193	895	{ktdIls`HII]Y]UOKEESOSQKICCGGCEEIEIEGO\ADCF?DAHABGh@M~A_@`EVHVJbAp@XP@B@@?B@F?@?B?@?BADCPKf@ADG`@QrA]bCYjB?DUvAKr@SpAGb@KCIEMIMKk@q@UYIIEEGGMQJ]BKFWPw@Hc@TkANq@`@_CFc@d@uE^aEL_BFi@BM?EBG@EN]DFDHDHBDFFBBJHRPRNDDNJ\T\XHH	Click to Generate
S2	15	1			2	Top Chopper (S2)	Edge Cutters (S2)		1242	932	kktdIzs`HEESQ]Y]UOKEESOSQKIEd@?BDi@CCGGCEEIEIEGO\ADCF?DCLGh@M~A_@`EVHVJbAp@XP@B@@?B@F?@?B?@?BADCPKf@ADG`@QrA]bCYjB?DUvAKr@SpAGb@KCIEMIMKk@q@UYIIEEGGMQJ]BKFWPw@Hc@TkANq@`@_CFc@d@uE^aEL_BFi@BM?EBG@EN]DFDHDHBDFFBBJHRPRNDDNJ\T\XRPDD	Click to Generate
S2	60	1			2	Manor Park Medical Centre (S2)	Europcar (S2)		5498	4124	ewwdI`{uG?g@FW@SG?SFWLUR[b@y@fADJ@L?FCLEJEDK@GCGICMAM@M@GDIFEFA??HBDHx@gAZc@TSVMRGF?PAjABz@BDgBJ}AJ{@VyB^_DP}AV{BTeBPsAPcAl@kBHO??FMpAeCGyAYyFCi@GoAK{B[QGEIEOMy@g@s@i@q@o@aAgAa@a@QWW]EIOSw@gAIMIGECICW?GBG@MBI?WR[n@uAhFg@nBaEzNk@bCi@`Cy@zDy@tDO`BkAlGE`@?^?^D^D\Lf@Lv@?b@A`@EXETMVONUFU?UEUSqBaBwAsAyAaAKGYOCBOXm@`@cApAYf@[z@f@f@XRTPn@f@NLJEd@qBNJnAbADNk@fCILq@m@_@]EO@g@KDOMo@g@UQYSg@g@Z{@Xg@bAqAF]Dc@Ca@CW@UFWFMDEHEJAFBD@HJDJDLVx@P`@N\n@x@vArApB`BTRTDT?TGNOLWDUDY@a@Mk@OWQKMCQDSNMXWbAa@bBm@dCg@zBm@fBi@dCWvByBfKU~@SdAa@dCcA|HW~ADRDJDFLCf@W`AcAp@s@hC_BNUFOPWZ}@j@_Bd@sA~@oCVs@d@sA^iAL[LUTa@\e@Z[VSXO^Ol@QXORMTS^]v@kANYrBkDp@kACMAM@M@GDIFEFAHBDHx@gAZc@TSVMRGF?ARGV?f@	Click to Generate
S2	30	1			2	Well Pharmacy (S2)	Arbourthorne Community Primary School (S2)		2258	1694	a}sdIt~yG??AL?F?BHRKLKLMJiB`BQNUT??KNILSZOXCDGHADOZA@CFGHMRKPKRADMVCFITEHCLKIGGEGGGQKMIm@YIAFu@HsA?IBe@@OEQMIK?a@NK@KEGKGOAS?C?WJo@@KPy@Py@H]@GLm@VqADSBKJw@@IAUCQIMICEAQHYTSRQRGDGFIBEA[EGz@?FIfAGt@E`@Kz@EZEXG\_@SUMk@]i@]i@c@OKSSKIMK[_@Q[OSM[GOCEK]GSJKHGFADDDJBFFFBAtAy@??uAx@C@GGCGEKEEG@IFKJFRJ\BDFNLZNRPZZ^LJJHRRNJh@b@h@\j@\TL^RSz@Qv@Wx@Od@MXGNMXSd@EHGHMVHR@BBBHDJ?F?FC`B]r@On@OVGFAF?F?F?PD`@LH@l@XLHPJRAFAH?DCHCBGLW@EJSJQLSFIBG@AN[@EFIBENYR[HMJOTUPOhBaBLKJMJMIS?C?G@M??	Click to Generate
S2	30	1			2	Another Level (S2)	Broadfield Park (S2)		2223	1667	gktdIzh_HHDNHFFJHNLFHFDHHZZj@b@@@ELg@s@[[IIGEGIOMKIGGOIKEA\GnAKnCALCJEFYn@CD?DAD?B?D@D@DXj@fAzBLZFTDRF`@@^E@C@A?C@EBCDe@p@EDCDCBGFIFEBSFOBa@DE?KJIFCBIF?R@R?JEh@A^Ab@?@EpA?HAHCHAHAFIVEJCHKVKUISCKGMEMCKCMIi@ESESEOGSc@w@GGC[BEHENIPI`@QDC\MFIBC@G@C@E?G@E?OAKISQk@]u@oAeDg@kAeAgCi@oAMc@Y_ACMCICCEIEGEGGEa@UaAm@kBiAmAs@MIIIGGIIGMEIOc@EKAKCME]K}@Gc@Ks@ASEc@Ce@T@B?H?XAFAF?REZ?b@Av@A\?V?J@H@D@B@JDHDHHTRTTX\PTPTZd@`@n@f@t@f@t@HLFFDHLNDFBBVXLLFDXPNJNHPLTH\Pd@PHBFBZLz@\\P@?	Click to Generate
S2	30	1			2	Newfield Green Clinic (S2)	Arbourthorne Community Primary School (S2)		2195	1646	g~sdIrazGaBxAQNUTKNILSZOXKSGK??FJJRCDGHADOZA@CFGHMRKPKRADMVCFITEHCLKIGGEGGGQKMIm@YIAFu@HsA?IBe@@OEQMIK?a@NK@KEGKGOAS?C?WJo@@KPy@Py@H]@GLm@VqADSBKJw@@IAUCQIMICEAQHYTSRQRGDGFIBEA[EGz@?FIfAGt@E`@Kz@EZEXG\_@SUMk@]i@]i@c@OKSSKIMK[_@Q[OSM[GOCEK]GSJKHGFADDDJBFFFBAtAy@??uAx@C@GGCGEKEEG@IFKJFRJ\BDFNLZNRPZZ^LJJHRRNJh@b@h@\j@\TL^RSz@Qv@Wx@Od@MXGNMXSd@EHGHMVHR@BBBHDJ?F?FC`B]r@On@OVGFAF?F?F?PD`@LH@l@XLHPJRAFAH?DCHCBGLW@EJSJQLSFIBG@AN[@EFIBENYR[HMJOTUPO`ByA	Click to Generate
S2	60	1			2	Path near the Cholera Monument, Sheffield (S2)	Sheffield Inclusion Centre (S2)		5950	4462	c|wdI`f|Gb@GB`@AF?BABABABC@A@}B^G@EBEDABGJc@c@EC_A_ACCuAuA{@y@SQg@g@IKGMvAaDjAlBIZADAF?D?\?z@?F@DBFBFCGCGAE?G?{@?]?E@G@EH[??kAmBFMtAeDtA}CBElCkGl@wA@CXo@JWhBkEfEmMBE@ABATA@k@@o@@y@BgA@QJyFJuFDuBD}BFoC?K@k@TUZ]fBeBRS^]BADEFG~BuBrFgFDEFEzCuCv@u@|@_ARQDEDEx@u@^]nAqA\m@~@cBf@aA^m@`@u@h@_AFMDIP[HMDIDKDEb@w@HKd@{@jBkDj@cABFBFj@lAVj@d@`ATf@Tf@@Bl@rAb@~@FL`@~@b@hARl@?BN`@UTu@t@qBjBw@v@eAbAcA~@I[Ke@GUw@_DCGIUOEIAGA?S?O?KCQKc@e@{AIUCGMc@KKGGIGCCEAK?i@~@a@t@_@l@g@`A_AbB]l@oApA_@\y@t@EDEDSP}@~@w@t@{CtCGDEDsFfF_CtBGFEDC@_@\SRgBdB[\UTAj@?JGnCE|BEtBKtFKxFAPCfAAx@An@Aj@U@C@A@CDgElMiBjEKVYn@ABm@vAmCjGCDuA|CuAdDGLwA`DFLHJf@f@RPz@x@tAtABB~@~@DBb@b@FK@CDEDCFA|B_@@ABA@C@C@C?C@GCa@c@F	Click to Generate
S2	60	1			2	Path up to the Cholera Monument, Sheffield (S2)	Sheffield Inclusion Centre (S2)		5857	4393	c|wdI`f|Gb@GB`@AF?BABABABC@A@u@LgAPG@EBEDABGJc@c@EC_A_ACCuAuA{@y@SQg@g@IKGMCECICImAqEWcAW}@Su@EQCKEKQu@y@}CMi@Kc@HIHKNO`AeANS`AeANSDEFE`@e@dCgDLSXe@JSP_@h@yAzAqEJWhHaTBKBITo@b@sAf@sAL]P]b@}@`@u@d@s@DGFINOTUZ]fBeBRS^]BADEFG~BuBrFgFDEFEzCuCv@u@|@_ARQDEDEx@u@^]nAqA\m@~@cBf@aA^m@`@u@h@_AFMDIP[HMDIDKDEb@w@HKd@{@jBkDj@cABFBFj@lAVj@d@`ATf@Tf@@Bl@rAb@~@FL`@~@b@hARl@?BN`@UTu@t@qBjBw@v@eAbAcA~@I[Ke@GUw@_DCGIUOEIAGA?S?O?KCQKc@e@{AIUCGMc@KKGGIGCCEAK?i@~@a@t@_@l@g@`A_AbB]l@oApA_@\y@t@EDEDSP}@~@w@t@{CtCGDEDsFfF_CtBGFEDC@_@\SRgBdB[\UTAj@?JGnCE|BEtBKtFKxFAPCfAAx@An@Aj@U@C@A@CDgElMiBjEKVYn@ABm@vAmCjGCDuA|CuAdDGLwA`DFLHJf@f@RPz@x@tAtABB~@~@DBb@b@FK@CDEDCFA|B_@@ABA@C@C@C?C@GCa@c@F	Click to Generate
S2	15	1			2	East Bank Medical Centre (S2)	Sheffield Springs Academy (S2)		1063	797	kytdI|wwG??DPDV?\IRGLSH@`@B^BbAFrALCH?ZGNCb@Er@I`@G?YEqAC_@mANlAOHpB?XDAl@Ir@KI}@Gy@Em@AICe@C_@Ca@Cg@Ag@Ci@A]p@IJC~@Sx@ODE?G??Cu@UBe@nA_ARKBq@H@\Bh@@f@Bf@yARoBXOBQ@EWEQ??	Click to Generate
S2	15	1			2	Porcelanosa (S2)	Kingdom Hall of Jehovah's Witnesses (S2)		1168	876	wctdIjw_HEIACE]FYAQDq@BKBQJS[]{@iAMQGRENADECUK_@QGC@Y?G@IDUDQIIGEGIOMKIGGOIKE]Q{@]BUXq@Vk@DKj@wAfC_GvAgDHLpAvBiC`GiA~C_@hAY~@K^NLFHFDHHZZl@d@X\dAhANPJJEJCFILCHEJKh@ITGXD\@BDH	Click to Generate
S2	45	1			2	Boots (S2)	Alam Hill Books (S2)		3358	2518	wftdI`c`HKR^|@FNRd@g@z@IQmA{Cw@qBEDCDCBGFIFEBSFOBa@DE?KJIFCBIFEACACCCAAGGQCIEMAGEKEOISQk@]u@oAeDg@kAeAgCi@oAMc@Y_ACMCICCEIEGEGGEa@UaAm@kBiAmAs@MIIIGGIIGMEIOc@EKAKCME]K}@Gc@Ks@ASEc@Ce@T@B?H?XAFAF?REZ?b@Av@A\?V?J@H@D@B@JDHDHHTRTTX\PTPTZd@`@n@f@t@f@t@HLFFDHLNDFBBVXLLFDXPNJNHPLTH\Pd@PHBFBZLz@\\PJDNHFFJHNLFHFDHHZZl@d@X\dAhANPJJEJCFILCHEJKh@ITGXIA??AAAAEICEAEUg@BqAD@T^CjAEJ@DHN@@@@??H@FYAQDq@BKBQJS[]{@iAMQg@s@[[IIGEGIOMJ_@X_A^iAhA_DhCaGqAwBIMeC|FyAhDk@vAEJWj@Yp@CTz@\\PA\GnAKnCALCJEFYn@CD?DAD?B?D@D@DXj@fAzBLZFTDRF`@@^E@C@A?C@EBCDe@p@v@pBlAzCHPf@{@Se@GO_@}@JS	Click to Generate
S2	30	1			2	Boots (S2)	Hafiz Store (S2)		2926	2194	ihtdIlk_HTRl@d@X\dAhANPJJEJCFILCHEJKh@ITGXIA??AAAAEICEAEUg@BqAD@T^CjAEJ@DHN@@@@??H@FYAQDq@BKBQJS[]{@iAMQg@s@[[IIGEGIOMKIGGOIKEA\GnAKnCALCJEFYn@CD?DAD?B?D@D@DXj@fAzBLZFTDRF`@@^E@C@A?C@EBCDe@p@EDCDCBGFIFEBSFOBa@DE?KJIFCBIF?R@R?JEh@A^Ad@EpA?`A?f@?L?P?JBVRPRNDDFDFD\TPcA@I`@wB@GAFa@vBAHQbA]UOKEESOSQKICCGGCEEIEIEGKUISCKGMEMCKCMIi@ESESEOGSc@w@GGC[BEHENIPI`@QDC\MFIBC@G@C@E?G@E?OAKISQk@]u@oAeDg@kAeAgCi@oAMc@Y_ACMCICCEIEGEGGEa@UaAm@kBiAmAs@MIIIGGIIGMEIOc@EKAKCME]K}@Gc@Ks@ASEc@Ce@T@B?H?XAFAF?REZ?b@Av@A\?V?J@H@D@B@JDHDHHTRTTX\PTPTZd@`@n@f@t@f@t@HLFFDHLNDFBBVXLLFDXPNJNHPLTH\Pd@PHBFBZLz@\\PJDNHFFJHNLFHFDHHDF	Click to Generate
S2	20	1			2	Temple Park Centre (S2)	Hair & Beauty Lounge (S2)		1451	1088	exwdIhkvGDIF[?SA[Gc@CINWs@aBsAkCEDK@GCGICMAM@M@GDIFEFAHBDHx@gAZc@TSVMRGF?ARGV?p@?I?g@FW@SPAjABz@Bf@Dp@Ap@Kr@c@v@_A~@mB\q@Vg@Cm@??^w@ZHq@tAEDWf@]p@_AlBw@~@s@b@q@Jq@@g@E{@CkACQ@G?SFWLUR[b@y@fADJ@L?FCLEJrAjCr@`BOVBHFb@@Z?RGZEH	Click to Generate
S2	20	1			2	Bronze & Polished (S2)	Leaves (S2)		1623	1217	kyudIthwGrAaCLYRYBCDINUNYJORa@~AwC`ByC|A}C^q@`AgB`AmBVo@Xw@L[d@y@@E@E?C@E?E?G?E?C?EAC?A?EAEAEAGCEAEEG[SmBkAGT]xAENa@jAq@|ASb@Q\_@r@q@z@pBvC??qBwCIJcAnAGF{@v@w@^k@^u@Ts@RYDYDg@HG??TBx@Bl@Fj@FX@HDRJ\`AzB`AtBJR@BsA`C	Click to Generate
S2	20	1			2	Springs Leisure Centre (S2)	Pearl Motors (S2)		1645	1234	crtdIhmwG?`@?x@@T?J@R?^p@IJC~@Sx@ODE?G??Cu@UBe@nA_ARKBq@H@\Bh@@f@Bf@B`@B^Bd@@HDl@Fx@H|@@BH~@J|@Df@Dd@Bd@F~@Bf@DrABj@@b@?F@z@@f@?p@?z@@`B?rA?B?X?ZAb@?N?L?FAd@Af@Ah@Cn@Al@Cv@fATB_@??C^gAUBw@@m@Bo@@i@@g@@e@?G?M?O@c@?[?Y?C?sAAaB?{@?q@Ag@A{@?GAc@Ck@EsACg@G_ACe@Ee@Eg@K}@I_AACI}@Gy@Em@AICe@C_@Ca@Cg@Ag@Ci@A]?_@AS?KAU?y@?a@	Click to Generate
S2	20	1			2	International Automatic Cars (S2)	Little London Bodyworks (S2)		2009	1507	wetdI~i_H{AaBY~@K^KIGGOIKE]Q{@]BUXq@Vk@DKPXVd@H@t@aBu@`BIACES_@QYEJWj@Yp@CT[MGCICe@Q]QUIQMOIOKYQGEMMWYCCEGBO@EHYFMDKHKJQLQJOtA_BHKf@q@~BaDFGv@kApAoEDDLAxAgAPAv@AVAt@Cu@BoABQ@yAfAM@EEqAnEw@jAGF_C`Dg@p@IJuA~AKNMPKPIJEJGLIXADCNDFBBVXLLFDXPNJNHPLTH\Pd@PHBFBZLz@\\PJDNHFFJHJ_@X_AzA`B	Click to Generate
S2	45	1			2	MJ Dressmaker & Designer (S2)	Heeley Sidings (S2)		3607	2705	qptdIzp`HDe@JHRPRNDDNJ\T\XRPQr@CFAFWtA[zAERMj@AD?B?B?D@B@BJFr@d@FDFDl@wCBONu@XwAQWIKKMKKKKMK??SQ]Y]UOKEESOSQKICCGGCEEIEIEGKUISCKGMEMCKCMIi@ESESEOGSc@w@GGC[BEHENIPI`@QDC\MFIBC@G@C@E?G@E?OAKISQk@]u@oAeDg@kAeAgCi@oAMc@Y_ACMCICCEIEGEGGEa@UaAm@kBiAmAs@MIIIGGIIGMEIOc@EKAKCME]K}@Gc@Ks@ASEc@Ce@T@B?H?XAFAF?REZ?b@Av@A\?V?J@H@D@B@JDHDHHTRTTX\PTPTZd@`@n@f@t@f@t@HLFFDHLNDFBBVXLLFDXPNJNHPLTH\Pd@PHBFBZLz@\\PJDNHFFJHNLFHFDHHZZl@d@X\dAhANPJJEJCFILCHEJKh@ITGXD\@B@@BFn@pARa@R]u@}AMV@R@Dj@hAS`@o@qAEIACE]FYAQDq@BKBQJS[]{@iAMQg@s@[[IIGEGIOMKIGGOIKEA\GnAKnCALCJEFYn@CD?DAD?B?D@D@DXj@fAzBLZFTDRF`@@^E@C@A?C@EBCDe@p@EDCDCBGFIFEBSFOBa@DE?KJIFCBIF?R@R?JEh@A^Ad@EpA?`A?f@?L?P?JBVRPRNDDNJ\TPcA@I`@wB@GAFa@vBAHQbA]UOKEESOSQKIEd@	Click to Generate
S2	45	1			2	Broadfield Park (S2)	Heeley Sidings (S2)		3212	2409	untdIbq`HAASOSQKICCGGCEEIEIEGKUISCKGMEMCKCMIi@ESESEOGSc@w@GGC[BEHENIPI`@QDC\MJCFCHCDAD?R?@NBJ@F?R@R?JEh@A^Ab@?@EpA?HAHCHAHAFIVEJCHKVKUISCKGMEMCKCMIi@ESESEOGSc@w@GGC[BEHENIPI`@QDC\MFIBC@G@C@E?G@E?OAKISQk@]u@oAeDg@kAeAgCi@oAMc@Y_ACMCICCEIEGEGGEa@UaAm@kBiAmAs@MIIIGGIIGMEIOc@EKAKCME]K}@Gc@Ks@ASEc@Ce@T@B?H?XAFAF?REZ?b@Av@A\?V?J@H@D@B@JDHDHHTRTTX\PTPTZd@`@n@f@t@f@t@HLFFDHLNDFBBVXLLFDXPNJNHPLTH\Pd@PHBFBZLz@\\PJDNHFFJHNLFHFDHHZZl@d@X\dAhANPJJEJCFILCHEJKh@ITGXD\@B@@BFn@pARa@R]u@}AMV@R@Dj@hAS`@o@qAEIACE]FYAQDq@BKBQJS[]{@iAMQg@s@[[IIGEGIOMKIGGOIKEA\GnAKnCALCJEFYn@CD?DAD?B?D@D@DXj@fAzBLZFTDRF`@@^E@C@A?C@EBCDe@p@EDCDCBGFIFEBSFOBa@DE?KJIFCBIF?R@R?JEh@A^Ad@EpA?`A?f@?L?P?JBVRPRN@@	Click to Generate
S2	15	1			2	Kwik Fit (S2)	Sheffield Inclusion Centre (S2)		1426	1070	gsudIh_wGCD_@p@OXOTEHCBSXMXQZeAjBm@lA]p@BFBFj@lAVj@d@`ATf@Tf@@Bl@rAb@~@FL`@~@b@hARl@?BN`@UTu@t@qBjBw@v@eAbAcA~@I[Ke@GUw@_DCGIUOEIAGA?S?O?KCQKc@e@{AIUCGMc@EQCE?EAGAG?CAI?I@I?I@E@CDIDKDEb@w@HKd@{@jBkDj@cA\q@l@mAvAgCLYRYBCDINUNY^q@BE	Click to Generate
S2	15	1			2	Temple Park Centre (S2)	Hair & Beauty Lounge (S2)		1368	1026	axwdItgvG?ECINWs@aBsAkCEDK@GCGICMAM@M@GDIFEFAHBDHx@gAZc@TSVMRGF?ARGV?p@?I?g@FW@SPAjABz@Bf@Dp@Ap@Kr@c@v@_A~@mB\q@Vg@Cm@??^w@ZHq@tAEDWf@]p@_AlBw@~@s@b@q@Jq@@g@E{@CkACQ@G?SFWLUR[b@y@fADJ@L?FCLEJrAjCr@`BOVBH?D	Click to Generate
S2	15	1			2	Kingdom Hall of Jehovah's Witnesses (S2)	B&M Bargains (S2)		1164	873	}`tdIvm~G_AvB]z@wAfDgC~Fk@vAEJWj@Yp@CTz@\\PJDNHFFJHNLFHFDHHZZl@d@ELGRENAD?DAHAJAt@AP?R_AKECCC?C?CHkBBU@Y?G@IDUDQIIGEGIOMKIGGOIKE]Q{@]BUXq@Vk@DKj@wA~EgL\{@~@wB	Click to Generate
S2	15	1			2	Broadfield Park (S2)	Scullion and Scott (S2)		1409	1057	mmtdId}_HRjCOBa@DE?KJIFCBIF?R@R?JEh@A^Ab@?@EpA?HAHCHAHAFIVEJCHKVO\ADCF?DCLGh@M~A_@`Ee@tEGb@a@~BOp@UjACHEXQv@GVCJK\M^CJOl@AHNb@ERId@SA@EHw@BQBK@INm@BKL_@J]BKFWPw@Hc@TkANq@`@_CFc@d@uE^aEL_BFi@BM?EBG@EN]JWBIDKHW@G@IBI@I?IDqA@e@@_@Eg@ASAMASCQGQR?P?F?PBD?`@ENCSkC	Click to Generate
S2	20	1			2	Gleadless Medical Centre (S2)	Pearl Motors (S2)		1771	1328	qbtdIrezG??KNILSZOXCDGHADOZA@CFGHMRKPKRADHNZl@??[m@IOMVCFITEHCLKIGGEGGGQKMIm@YIAFu@HsA?IBe@@OEQMIK?a@NK@KEGKGOAS?C?WJo@@KPy@Py@H]@GLm@VqADSBKJw@@IAUCQIMICEAQHYTSRQRGDGFIBEA[EBc@J{AFeAF_ADw@By@@WfATB_@??C^gAUAVCx@Ev@G~@GdAKzACb@Gz@?FIfAGt@E`@Kz@EZEXG\Sz@Qv@Wx@Od@MXGNMXSd@EHGHMVHR@BBBHDJ?F?FC`B]r@On@OVGFAF?F?F?PD`@LH@l@XLHPJRAFAH?DCHCBGLW@EJSJQLSFIBG@AN[@EFIBENYR[HMJO	Click to Generate
S2	20	1			2	Singh's (S2)	Archdale School (S2)		1835	1376	cwudIlevGFV@Ff@_@BCBGDM_EkEYY[]CFCFGJEDGDEBE@I@EAGAECEEGGEKIWE]?Q@QF[JWHIJGHC?SMaEE_CGqAKk@Qi@Uc@IKMM_@Ym@a@c@WGEAFEBC@E?ECCCCG?I?IICaDwAUMCN?@CFg@hA]v@BFBBP`@[p@[p@Xn@\o@??]n@Yo@Zq@Zq@Qa@CCCG\w@f@iABG?ABOTL`DvAHB@IBGBEDAF@BB@BBF@F?FAFADFDb@Vl@`@^XLLHJTb@Ph@Jj@FpAD~BL`E?RP@LBDDDHDNHZ@N@NAJAL?BETt@v@~DjEELCFCBg@^AGGW	Click to Generate
S2	20	1			2	I Said Bread (S2)	Kingdom Hall of Jehovah's Witnesses (S2)		1454	1090	o}sdIbp}Gw@FG?E?o@DWBJlIDDt@ARAHlDHbFDZuCzG]z@_FfLeA_BdA~AfC_GvAgD\{@tC{GE[IcFImDMyIF?v@G	Click to Generate
S2	30	1			2	Sheffield Animal Centre (S2)	Highfield Motors (S2)		2157	1618	utzdIprvGOAGS?]@WMMe@[PmA@EF]Lq@\cAL]LFHF`AdAp@r@NFl@^d@^r@bAxFbGCn@Qd@_AhACDWb@Yz@a@`BOHK@k@EMBGFEFCPALAp@?JAHAHAHCBAFEHe@WmAo@AAKGyBmAqEiC[QOAM?KAKAQAM@SFURa@`@IHa@d@q@p@S\EDWVDNb@nBBHHd@XtAKXEGCEWZEMIQ??CFEJGKCGOWhAeAIe@CIc@oBEOK[BIBCPENEREp@q@`@e@HI`@a@TSHSL_@DGHQBGNM@CFQDQJc@He@l@cDHg@`@_CFc@Pu@^qAXZTPNLMp@G\ADQlAd@ZLLAV?\FRN@	Click to Generate
S2	15	1			2	East Bank Medical Centre (S2)	Sheffield Springs Academy (S2)		1098	824	e{tdIdxwGADERAXDVJTLFH@@`@B^BbAFrALCH?ZGNCb@Er@I`@G?YEqAC_@mANlAOHpB?XDAl@Ir@KI}@Gy@Em@AICe@C_@Ca@Cg@Ag@Ci@A]p@IJC~@Sx@ODE?G??Cu@UBe@nA_ARKBq@H@\Bh@@f@Bf@yARoBXOBQ@EWEQKKWCGDIHCF	Click to Generate
S2	20	1			2	Nether Edge Primary School (S2)	Broadfield Park (S2)		1621	1216	{wtdIfkaHF[TkANq@`@_CFc@d@uE^aEL_BFi@BM?EBG@EN]DFDHDHBDFFBBJHRPRNDDNJ\T\XRPQr@CFAFUhAAJ[zAERMj@AD?B?B?D@B@BJFr@d@FDFDl@wCBONu@XwAQWIKKMKKKKMKSQ]Y]UOKEESOSQKICCGGCEEIEIEGKUISCKGMEMCKCMIi@ESESEOGSc@w@GGC[BEHENIPI`@QDC\MJCFCHCDAD?R?@NBJ@F?R@R?JEh@A^Ab@?@EpA?HAHCHAHAFIVEJCHKVO\ADCF?DCLGh@M~A_@`Ee@tEGb@a@~BOp@UjAGZ	Click to Generate
S2	30	1			2	Windy House Lane Pocket Park (S2)	UBU (S2)		2371	1778	_~udIv`vGCyAI@EAGAECEEGGEKIWE]?Q@QF[JWHIJGHCP@LBDDDHDNHZ@N@NAJAL?BETt@v@~DjEELCFCBg@^AGGW??FV@Ff@_@BCBGDMNNBIHOb@g@x@kAp@kAt@sBR}@FYNc@`BfAXPb@`@RLHDDBXPjBnAh@?H?FALCJEHGHKFMN]FSTw@DOP_ABONYJg@DUDUBE@CBAB?B?D?D@DD^|@Tn@N\Rl@Jd@@HAd@ATCNENENGVGTEPKRi@F_@DODM@{@FWTO@]BK@GBC@IDGBIHEDEDABCBgB|CaAlBaAfB_@p@}A|CaBxC{ApCCD_@p@OXOTEHCBSXMXACKSaAuBaA{BK]ESAIGYGk@Cm@Cy@?UAOI}CEyACsASuG	Click to Generate
S2	30	1			2	Gleadless Medical Centre (S2)	Arbourthorne Community Primary School (S2)		2931	2198	gbtdIp~yGh@iABCTe@f@aAP]h@eAHKLKBCTAF@JFHLHRDX@\?Z@RA\?H?J?L@H@Jg@r@QXCBa@j@KLKLMJiB`BQNUTKNILSZOXCDGHADOZA@CFGHMRKPKRADHNZl@??[m@IOMVCFITEHCLKIGGEGGGQKMIm@YIAFu@HsA?IBe@@OEQMIK?a@NK@KEGKGOAS?C?WJo@@KPy@Py@H]@GLm@VqADSBKJw@@IAUCQIMICEAQHYTSRQRGDGFIBEA[EGz@?FIfAGt@E`@Kz@EZEXG\_@SUMk@]i@]i@c@OKSSKIMK[_@Q[OSM[GOCEK]GSJKHGFADDDJBFFFBAtAy@??uAx@C@GGCGEKEEG@IFKJFRJ\BDFNLZNRPZZ^LJJHRRNJh@b@h@\j@\TL^RSz@Qv@Wx@Od@MXGNMXSd@EHGHMVHR@BBBHDJ?F?FC`B]r@On@OVGFAF?F?F?PD`@LH@l@XLHPJRAFAH?DCHCBGLW@EJSJQLSFIBG@AN[@EFIBENYR[HMJOTUPOhBaBLKJMJM`@k@BCPYf@s@AKAI?M?K?I@]AS?[A]EYISIMKGGAU@CBMJIJi@dAQ\g@`AUd@CBi@hA	Click to Generate
S2	20	1			2	Wobbly Wheel Cyclery (S2)	Meersbrook Service Station (S2)		1629	1222	oatdInh}GBrBDlCn@ED?F?v@GbAG?FJtGnBKKsG?GOqKCK@_@@WAIAIoGeAa@GDWEkAAOHmBN}@RyAFUJ]hB\~Bb@rBjFQDqDo@qEw@IlBFzAEV`@FZ`CFfCw@D@J@p@	Click to Generate
S2	20	1			2	The Hardy Pick (S2)	Virgin Crucible (S2)		1441	1081	yltdIbq`HId@]UOKEESOSQKICCGGCEEIEIEGKUISCKGMEMCKCMIi@ESESEOGSc@w@GGC[BEHENIPI`@QDC\MJCFCHCDAD?R?P?F?PBD?`@ENCRGDCHGFGBCBEDEv@pBlAzCHPf@{@Se@GO_@}@JSV_@c@r@^|@FNRd@g@z@IQmA{Cw@qBEDCDCBGFIFEBSFSkCCYCUCOIQIWM]Zk@[j@L\HVHPBNBTVdDOBa@DE?KJIFCBIF?R@R?JEh@A^Ad@EpA?`A?f@?L?P?JBVRPRNDDNJ\THe@	Click to Generate
S2	10	1			2	International Automatic Cars (S2)	Casa Italia (S2)		813	610	ahtdIh{~GyAhDk@vAPXVd@H@t@aBu@`BIACES_@QYEJWj@Yp@CTz@\\PJDNHFFJHNLFHFDHHZZPNZTELg@s@[[IIGEGIOMKIGGOIKE]Q{@]BUXq@Vk@DKj@wAxAiD	Click to Generate
S2	20	1			2	Leaves (S2)	Windy House Lane Pocket Park (S2)		1874	1406	ududI|gvGQXVo@Xw@L[d@y@@E@E?C@E?E?G?E?C?EAC?A?EAEAEAGCEAEEG[SmBkAGT]xAENa@jAq@|ASb@Q\_@r@q@z@pBvC??qBwCm@q@A?u@y@{A}AOOELCFCBg@^AGGW??FV@Ff@_@BCBGDMNNBIHOb@g@x@kAp@kAt@sBR}@FYNc@`BfAXPb@`@RLHDDBXPjBnAh@?H?FALCJEHGHKFMN]FSTw@DOP_ABONYJg@DUDUBE@CBAB?B?D?D@DD^|@Tn@N\Rl@Jd@@HAd@ATCNENENGVGTEPKRi@F_@DODM@{@FWTO@]BK@GBC@IDGBIHEDEDABCBuAbC	Click to Generate
S2	20	1			2	Best Pizza (S2)	Leaves (S2)		1780	1335	ivudI|cwGMTwAfCm@lA]p@k@bAkBjDe@z@CEEIk@mAj@lADHBDd@{@jBkDj@cA\q@N[\q@vAgCACKSaAuBaA{BK]ESAIGYGk@Cm@Cy@?UF?f@IXEXEr@St@Uj@_@v@_@z@w@FGbAoAHKpBvC??qBwCIJcAnAGF{@v@w@^k@^u@Ts@RYDYDg@HG??TBx@Bl@Fj@FX@HDRJ\`AzB`AtBJR@BLU	Click to Generate
S2	15	1			2	Ideal Hairdresser (S2)	The Hardy Pick (S2)		1281	961	kjtdIxt`H??KKKKMKSQ]Y]UOKEESOAAQOKICCGGCEEIEIEGKUISCKGMEMCKCMIi@ESESEOGSc@w@GGC[BEHENIPI`@QDC\MJCFCHCDAD?R?P?F?PBD?`@ENCRGDCHGFGBCBEDEv@pBlAzCHPf@{@Se@GO_@}@JSV_@c@r@^|@FNRd@g@z@IQmA{Cw@qBEDCDCBGFIFEBSFOBa@DE?KJIFCBIF?R@R?JEh@A^Ad@EpA?`A?f@?L?P?JBVRPRNDDNJ\T\XRPLJJJJJ??	Click to Generate
S2	10	1			2	The Bhaji Shack (S2)	Boots (S2)		918	688	gftdIdm_H@@ELg@s@[[IIGEGIOMKIGGOIKEA\GnALBMCFoA@]@?HDNHFFJHNLFHFDHHZZl@d@X\dAhANPJJEJCFILCHEJKh@ITGXIA??AAAAEICEAEUg@BqAD@T^CjAEJ@DHN@@@@??H@FYAQDq@BKBQJS[]{@iAMQGRENAD?DAHAJAt@AP?R_AKECCC?C?CLaC@Y?G@IDUDQZZj@b@	Click to Generate
S2	30	1			2	Pizza City (S2)	Newfield Green Dental Surgery (S2)		2543	1907	uxtdIvtyGuAx@C@GGCGEKEEG@IFKJEKGYCMMq@Ms@E_@K}@QcBDCx@o@|@s@d@]f@]hBqAXQRM`@W`Ak@n@]`@QLGFAAb@?N?L?FAd@Af@Ah@Cn@Al@Cv@AVCx@CZAZG~@GdAKzACb@Gz@?FIfAGt@E`@Kz@EZEXG\Sz@Qv@Wx@Od@MXGNMXSd@EHGHMVHR@BBBHDJ?F?FC`B]r@On@OVGFAF?F?F?PD`@LH@l@XLHPJRAD?@AH?DCHCBGLW@EJSJQLSFIBG@AN[@EFIBEKSGKFJJRCDGHADOZA@CFGHMRKPKRADMVCFITEHCLKIGGEGGGQKMIm@YIAFu@HsA?IBe@@OEQMIK?a@NK@KEGKGOAS?C?WJo@@KPy@Py@H]@GLm@VqADSBKJw@@IAUCQIMICEAQHYTSRQRGDGFIBEA[EGz@?FIfAGt@E`@Kz@EZEXG\_@SUMk@]i@]i@c@OKSSKIMK[_@Q[OSM[GOCEK]GSJKHGFADDDJBFFFBAtAy@	Click to Generate
S2	15	1			2	East Bank Medical Centre (S2)	The Spires Centre (S2)		1419	1064	}ztdIxwwGCBELERAXDVJTLFH@@`@B^BbAFrALCH?ZGNCb@Er@I`@G?YEqAC_@mANlAOHpB?XDAl@Ir@KI}@Gy@Em@AICe@C_@Ca@Cg@Ag@Ci@A]?_@AS?KAU?y@?a@?O?_A?e@@]@e@Bg@BW@]Dm@FaABi@Bc@D}@Bu@D}AQASCg@KkAQEn@Gz@Gp@Ep@EjAE|@Ah@CxAAhA?L@~A@vAARCJEFIBw@J}@NF`BBv@@XBd@GDED	Click to Generate
S2	30	1			2	St Swithun (S2)	No.1 Chinese Takeaway (S2)		2619	1964	gnvdIphuG]n@Yo@Zq@Zq@Qa@CCCG\w@f@iABG?ABOTL`DvAHB@IBGBEDAF@BB@BBF@F?FAFADFDb@Vl@`@^XLLHJTb@Ph@Jj@FpAD~BL`E?RP@LBDDDHDNHZ@N@NAJAL?BETCFCFGJEDGDEBE@I@EAGAECEEGGEKIWE]a@JcB^_ATYHJkDd@oCBKeBkBaAeAEEGIGLKJEDMFa@@S@UBUH}@f@k@d@MJa@\e@n@i@t@OTaAlBe@z@e@x@SLUHQ?SEOGOGWOECeCwAiBcAa@a@U[S]GI~@mB\q@Vg@Cm@LWP_@ZHFM\o@NYv@{A`BkDfB_DFIHOb@}@NWNFnAh@dCdA@@`DtACN?@CFg@hA]v@BFBBP`@[p@[p@Xn@\o@	Click to Generate
S2	15	1			2	Jaan Kebab House (S2)	The Hardy Pick (S2)		1271	953	qjtdIrt`HEEKKMKSQ]Y]UOKEESOGGKIKICCGGCEEIEIEGKUISCKGMEMCKCMIi@ESESEOGSc@w@GGC[BEHENIPI`@QDC\MJCFCHCDAD?R?P?F?PBD?`@ENCRGDCHGFGBCBEDEv@pBlAzCHPf@{@Se@GO_@}@JSV_@c@r@^|@FNRd@g@z@IQmA{Cw@qBEDCDCBGFIFEBSFOBa@DE?KJIFCBIF?R@R?JEh@A^Ad@EpA?`A?f@?L?P?JBVRPRNDDNJ\T\XRPLJJJDD	Click to Generate
S2	20	1			2	Leaves (S2)	Windy House Lane Pocket Park (S2)		1877	1408	geudIzhvG?CVo@Xw@L[d@y@@E@E?C@E?E?G?E?C?EAC?A?EAEAEAGCEAEEG[SmBkAGT]xAENa@jAq@|ASb@Q\_@r@q@z@pBvC??qBwCm@q@A?u@y@{A}AOOELCFCBg@^AGGW??FV@Ff@_@BCBGDMNNBIHOb@g@x@kAp@kAt@sBR}@FYNc@`BfAXPb@`@RLHDDBXPjBnAh@?H?FALCJEHGHKFMN]FSTw@DOP_ABONYJg@DUDUBE@CBAB?B?D?D@DD^|@Tn@N\Rl@Jd@@HAd@ATCNENENGVGTEPKRi@F_@DODM@{@FWTO@]BK@GBC@IDGBIHEDEDABCBgB|C?B	Click to Generate
S2	20	1			2	Nether Edge Primary School (S2)	Broadfield Park (S2)		1771	1328	_ztdIfqaHDQBKL_@J]BKFWPw@Hc@TkANq@`@_CFc@d@uE^aEL_BFi@BM?EBG@EN]DFDHDHBDFFBBJHRPRNDDNJ\T\XRPQr@CFAFUhAAJ[zAERMj@AD?B?B?D@B@BJFr@d@FDFDl@wCBONu@XwAQWIKKMKKKKMKSQ]Y]UOKEESOSQKICCGGCEEIEIEGKUISCKGMEMCKCMIi@ESESEOGSc@w@GGC[BEHENIPI`@QDC\MJCFCHCDAD?R?@NBJ@F?R@R?JEh@A^Ab@?@EpA?HAHCHAHAFIVEJCHKVO\ADCF?DCLGh@M~A_@`Ee@tEGb@a@~BOp@UjAIb@Qv@GVCJK\M^CJEP	Click to Generate
S2	20	1			2	Alberts (S2)	Sheffield Inclusion Centre (S2)		1441	1081	mzudIljwG\q@vAgCLYRYBCDINUNY@DBDFPXf@?JKRE@Ym@ESCGACOTEHCBSX?BMTwAfCm@lA]p@BFBFj@lAVj@d@`ATf@Tf@@Bl@rAb@~@FL`@~@b@hARl@?BN`@UTu@t@qBjBw@v@eAbAcA~@I[Ke@GUw@_DCGIUOEIAGA?S?O?KCQKc@e@{AIUCGMc@EQCE?EAGAG?CAI?I@I?I@E@CDIDKDEb@w@HKd@{@jBkDj@cA\q@N[	Click to Generate
S2	30	1			2	Boots (S2)	Virgin Crucible (S2)		2773	2080	citdInn_HBU@Y?G@IDUDQZZl@d@X\dAhANPJJEJCFILCHEJKh@ITGXIA??AAAAEICEAEUg@BqAD@T^CjAEJ@DHN@@@@??H@FYAQDq@BKBQJS[]{@iAMQg@s@[[IIGEGIOMKIGGOIKEA\GnAKnCALCJEFYn@CD?DAD?B?D@D@DXj@fAzBLZFTDRF`@@^E@C@A?C@EBCDe@p@EDCDCBGFIFEBSFSkCCYCUCOIQIWM]Zk@[j@L\HVHPBNBTVdDOBa@DE?KJIFCBIFEACACCCAAGGQCIEMAGEKEOISQk@]u@oAeDg@kAeAgCi@oAMc@Y_ACMCICCEIEGEGGEa@UaAm@kBiAmAs@MIIIGGIIGMEIOc@EKAKCME]K}@Gc@Ks@ASEc@Ce@T@B?H?XAFAF?REZ?b@Av@A\?V?J@H@D@B@JDHDHHTRTTX\PTPTZd@`@n@f@t@f@t@HLFFDHLNDFBBVXLLFDXPNJNHPLTH\Pd@PHBFBZLz@\\PJDNHFFJHNLFHFDHHZZl@d@ELGRENAD?DAHAJAt@AP?R_AKECCC?C?CHkB	Click to Generate
S2	30	1			2	The Hardy Pick (S2)	Another Level (S2)		2660	1995	ydtdInu_HDH@@@@??H@FYAQDq@BKBQJS[]{@iAMQg@s@[[IIGEGIOMKIGGOIKEA\GnAKnCALCJEFYn@CD?DAD?B?D@D@DXj@fAzBLZFTDRF`@@^E@C@A?C@EBCDe@p@v@pBlAzCHPf@{@Se@GO_@}@JSV_@c@r@^|@FNRd@g@z@IQmA{Cw@qBEDCDCBGFIFEBSFOBa@DE?KJIFCBIFEACACCCAAGGQCIEMAGEKEOISQk@]u@oAeDg@kAeAgCi@oAMc@Y_ACMCICCEIEGEGGEa@UaAm@kBiAmAs@MIIIGGIIGMEIOc@EKAKCME]K}@Gc@Ks@ASEc@Ce@T@B?H?XAFAF?REZ?b@Av@A\?V?J@H@D@B@JDHDHHTRTTX\PTPTZd@`@n@f@t@f@t@HLFFDHLNDFBBVXLLFDXPNJNHPLTH\Pd@PHBFBZLz@\\PJDNHFFJHNLFHFDHHZZj@b@@@X\dAhANPJJEJCFILCHEJKh@ITGXIA??AAAAEI	Click to Generate
S2	15	1			2	Curry Master (S2)	Broadfield Park (S2)		1249	937	qptdI~p`HDi@JHRPRNDDNJ\T\XRPQr@CFAFWtA[zAERMj@AD?B?B?D@B@BJFr@d@FDFDl@wCBONu@XwAQWIKKMKK??KKMKSQ]Y]UOKEESOSQKICCGGCEEIEIEGKUISCKGMEMCKCMIi@ESESEOGSc@w@GGC[BEHENIPI`@QDC\MJCFCHCDAD?R?@NBJ@F?R@R?JEh@A^Ab@?@EpA?`A?f@?L?P?JBVRPRNDDNJ\TPcA@I`@wB@GAFa@vBAHQbA]UOKEESOSQKIEh@	Click to Generate
S2	10	1			2	Tuck News (S2)	Virgin Crucible (S2)		1030	772	}otdI|g`H?@EpA?`A?f@?L?P?JBVRPRN@@BBNJ\TPcA@I`@wB@GAFa@vBAHQbA]UOKEESOSQKICCGGCEEIEIEGKUISCKGMEMCKCMIi@ESESEOGSc@w@GGC[BEHENIPI`@QDC\MJCFCHCDAD?R?P?F?PBD?`@ENCSkCCYCUCOIQIWM]Zk@[j@L\HVHPBNBTVdDOBa@DE?KJIFCBIF?R@R?JEh@A^Ab@	Click to Generate
S2	20	1			2	Caribbean Fusion (S2)	Leaves (S2)		1890	1418	_tudIp`wGKNOXOTEHCBSXMXwAfCm@lA]p@k@bAkBjDe@z@CEEIk@mAj@lADHBDd@{@jBkDj@cA\q@l@mAHOlAwBACKSaAuBaA{BK]ESAIGYGk@Cm@Cy@?UF?f@IXEXEr@St@Uj@_@v@_@z@w@FGbAoAHKpBvC??qBwCIJcAnAGF{@v@w@^k@^u@Ts@RYDYDg@HG??TBx@Bl@Fj@FX@HDRJ\`AzB`AtBJR@BLYRYBCDINUNYJO	Click to Generate
S2	15	1			2	Virgin Crucible (S2)	The Hardy Pick (S2)		1354	1016	sntdIbq`HCASOSQKICCGGCEEIEIEGKUISCKGMEMCKCMIi@ESESEOGSc@w@GGC[BEHENIPI`@QDC\MJCFCHCDAD?R?P?F?PBD?`@ENCWeDCUCOIQIWM]Zk@[j@L\HVHPBNBTBXRjCRGDCHGFGBCBEDEv@pBlAzCHPf@{@Se@GO_@}@JSV_@c@r@^|@FNRd@g@z@IQmA{Cw@qBEDCDCBGFIFEBSFOBa@DE?KJIFCBIF?R@R?JEh@A^Ad@EpA?`A?f@?L?P?JBVRPRNB@	Click to Generate
S2	20	1			2	Pentagon Jeep (S2)	Makro (S2)		1885	1414	egydItavGK^Wt@R\^gANg@Ru@Nm@Lg@b@aBJe@Rs@f@f@XRTPn@f@k@pCGVg@zB@ZVb@XRTPNLFFTR_@hBOr@Ns@^iBUSGGOMUQYSWc@A[f@{Br@iDo@g@UQYSg@g@Sr@Kd@c@`BMf@Ol@St@Of@_@fAa@z@u@`BUf@INmAfBOTkAvA[f@u@~@SWY]UYW]EGOQW[t@uAl@cA??P^R`@R`@Rb@BHNZTf@jAwANUlAgBHOTg@t@aB`@{@S]Vu@J_@	Click to Generate
S2	30	1			2	Windy House Lane Pocket Park (S2)	Archdale School (S2)		2081	1561	_~udIz_vGC}@I@EAGAECEEGGEKIWE]?Q@QF[JWHIJGHCP@LBDDDHDNHZ@N@NAJAL?BETt@v@~DjEELCFCBg@^AGGW??FV@Ff@_@BCBGDM_EkEu@w@CFCFGJEDGDEBE@I@EAGAECEEGGEKIWE]?Q@QF[JWHIJGHC?SMaEE_CGqAKk@Qi@Uc@IKMM_@Ym@a@c@WGEAFEBC@E?ECCCCG?I?IICaDwAUMCN?@CFg@hA]v@BFBBP`@[p@[p@Xn@\o@??]n@Yo@Zq@Zq@Qa@CCCG\w@f@iABG?ABOTL`DvAHB@IBGBEDAF@BB@BBF@F?FAFADFDb@Vl@`@^XLLHJTb@Ph@Jj@FpAD~BL`E?RP@LBDDDHDNHZ@N@NAJAL?BETCFCFGJEDGDEBE@B|@	Click to Generate
S2	15	1			2	Boots (S2)	Alam Hill Books (S2)		1227	920	gitdInh_HELK^NLFHFDHHZZl@d@X\dAhANPJJEJCFILCHEJKh@ITGXIA??AAAAEICEAEUg@BqAD@T^CjAEJ@DHN@@@@??H@FYAQDq@BKBQJS[]{@iAMQg@s@[[IIGEGIOMKIGGOIKE]Q{@]BUXq@Vk@DKj@wAxAiDdC}FHLpAvBiC`GiA~C_@hASp@	Click to Generate
S2	15	1			2	Wobbly Wheel Cyclery (S2)	74th Oak Street Scout Group (S2)		1134	850	uusdIni}GD~AAh@@j@kAJ?FJrGoBJKuG?GcAFw@FG?E?o@DEmCCsBAq@AKv@EJ~HF?zBO?FJtGnBKKsG?GjAKAk@@i@E_B	Click to Generate
S2	20	1			2	Bronze & Polished (S2)	Sheffield Inclusion Centre (S2)		1810	1358	eyudIjhwGlAwBLYRYBCDINUNYJORa@~AwC`ByC|A}C@DHNf@bALZBFPh@Lb@?BH\Jt@Hv@Dh@@JIJMRQ^]r@m@nA@TPvBNjCHhBFjAD|ADlAB~@G?I@MHo@l@k@h@k@h@gAdAa@^WTUTu@t@qBjBw@v@eAbAcA~@I[Ke@GUw@_DCGIUOEIAGA?S?O?KCQKc@e@{AIUCGMc@EQCE?EAGAG?CAI?I@I?I@E@CDIDKDEb@w@HKd@{@jBkDj@cA\q@l@mAHO	Click to Generate
S2	15	1			2	International Automatic Cars (S2)	Boots (S2)		1207	905	agtdIpl_HZTELg@s@[[IIGEGIOMKIGGOIKE]Q{@]BUXq@Vk@DKPXVd@H@t@aBu@`BIACES_@QYEJWj@Yp@CTz@\\PJDNHFFJHNLFHFDHHZZl@d@X\dAhANPJJEJCFILCHEJKh@ITGXIA??AAAAEICEAEUg@BqAD@T^CjAEJ@DHN@@@@??H@FYAQDq@BKBQJS[]{@iAMQGRENAD?DAHAJAt@AP?R_AKECCC?C?CLaC@Y?G@IDUDQZZPN	Click to Generate
S2	30	1			2	Gleadless Medical Centre (S2)	Pizza City (S2)		2664	1998	mbtdI|~yGn@uABCTe@f@aAP]h@eAHKLKBCTAF@JFHLHRDX@\?Z@RA\?H?J?L@H@Jg@r@QXCBa@j@KLKLMJiB`BQNUTKNILSZOXCDGHADOZA@CFGHMRKPKRADHNZl@??[m@IOMVCFITEHCLKIGGEGGGQKMIm@YIAFu@HsA?IBe@@OEQMIK?a@NK@KEGKGOAS?C?WJo@@KPy@Py@H]@GLm@VqADSBKJw@@IAUCQIMICEAQHYTSRQRGDGFIBEA[EBc@J{AFeAF_A@[B[By@@WfATB_@C^gAUAVCx@Ev@G~@GdAKzACb@Gz@?FIfAGt@E`@Kz@EZEXG\Sz@Qv@Wx@Od@MXGNMXSd@EHGHMVHR@BBBHDJ?F?FC`B]r@On@OVGFAF?F?F?PD`@LH@l@XLHPJRAFAH?DCHCBGLW@EJSJQLSFIBG@AN[@EFIBENYR[HMJOTUPOhBaBLKJMJM`@k@BCPYf@s@AKAI?M?K?I@]AS?[A]EYISIMKGGAU@CBMJIJi@dAQ\g@`AUd@CBo@tA	Click to Generate
S2	45	1			2	Kathy's Tea Room (S2)	Manor Fields (S2)		3314	2486	uiwdIfuvGWGaAOq@a@QSUe@KOa@n@mBxCoAyCoAyCZi@IOR_@F[?SA[COCSCINWl@bBaA|A[h@nAxCnAxCKRs@jAh@bA^Vd@@BCJIRQlApChAjCd@fAYzCI~@Id@GPcAv@LjCDt@HlBLpAFb@`BaAr@g@f@YvByAd@[j@a@b@[tByAkAiHg@sCNc@`BiAdD}B??RAl@FV\R~@BNjA`HqBxAuBzAyB|AuBxAc@Zk@`@e@ZwBxAg@Xs@f@aB`AGc@MqAImBEu@MkCbAw@FQHe@H_AX{Ce@gAiAkCmAqCxB_Ef@{@`ANVF	Click to Generate
S2	30	1			2	Meersbrook Service Station (S2)	74th Oak Street Scout Group (S2)		2682	2012	{itdIbe|GAAEAg@WUGSCQ?E@C@GBIDULCHqCvIW~@Of@K^ERADK`@GPI^A@IVCHCFKR[f@LPDFBDF@D@PDPDz@RB?`AT@?TFPB`AVl@NzBf@n@NB?^HNDZ@PGNQh@s@Tg@DWEkAAOHmBN}@RyAFUJ]hB\~Bb@rBjFQDqDo@qEw@IlBFzAEV`@FZ`CFfCw@D@J@p@BrBDlCWBM@a@?mAMG?E?eE[c@k@}Aw@gAq@[Oq@][a@IOIUMSi@_@P_ABc@Bg@?_@AaA?G?M@I?E@G?C@GBMCEEGMQZg@JSBGBIHW@AH_@FQJa@@EDSJ_@Ng@V_ApCwIBITMHEFCBADAP?RBTFf@VD@@@	Click to Generate
S2	10	1			2	Boots (S2)	Meersbrook Park Church (S2)		849	637	sgtdI`l_Hl@d@X\dAhANPJJEJCFILCHEJKh@ITGXIA??AAAAEICEAEUg@BqAD@T^CjAEJ@DHN@@@@??H@FYAQDq@BKBQJSNMJJPRPTRZ@BBDDHN^LZZ`A[k@KQIQOUOWWa@EGW[QQ[]{@iAMQGRENAD?DAHAJAt@AP?R_AKECCC?C?CLaC@Y?G@IDUDQZZ??	Click to Generate
S2	15	1			2	Substantial Victorian houses in Norfolk Road (S2)	Path up to the Cholera Monument, Sheffield (S2)		1216	912	oexdIn}{GkAmBFMn@}Ad@gAGKw@oAv@nAFJuAdDGLwA`DFLHJf@f@RPz@x@tAtABB~@~@DBb@b@FK@CDEDCFAfAQt@M@ABA@C@C@C?C@GCa@c@Fb@GB`@AF?BABABABC@A@}B^G@EBEDABGJc@c@EC_A_ACCuAuA{@y@SQg@g@IKGMvAaDjAlB	Click to Generate
S2	15	1			2	Hillside below the Cholera Monument (S2)	Substantial Victorian houses in Norfolk Road (S2)		1364	1023	k}wdIzs{GiAoBEGGCC?CAI?G@I@E?CAQUCDuA|CuAdDGLwA`DFLHJf@f@RPz@x@tAtABB~@~@DBb@b@FK@CDEDCFA|B_@@ABA@C@C@C?C@GCa@c@F??b@GB`@AF?BABABABC@A@}B^G@EBEDABGJc@c@EC_A_ACCuAuA{@y@SQg@g@IKGMvAaDFMn@}Ad@gAtA}CBEPTB@D?HAFAH?B@B?FBDFhAnB	Click to Generate
S2	20	1			2	Leaves (S2)	Windy House Lane Pocket Park (S2)		1942	1456	qfudI~jvGh@gAVo@Xw@L[d@y@@E@E?C@E?E?G?E?C?EAC?A?EAEAEAGCEAEEG[SmBkAGT]xAENa@jAq@|ASb@Q\_@r@q@z@pBvC??qBwCm@q@A?u@y@{A}AOOELCFCBg@^AGGW??FV@Ff@_@BCBGDMNNBIHOb@g@x@kAp@kAt@sBR}@FYNc@`BfAXPb@`@RLHDDBXPjBnAh@?H?FALCJEHGHKFMN]FSTw@DOP_ABONYJg@DUDUBE@CBAB?B?D?D@DD^|@Tn@N\Rl@Jd@@HAd@ATCNENENGVGTEPKRi@F_@DODM@{@FWTO@]BK@GBC@IDGBIHEDEDABCBgB|Ci@fA	Click to Generate
S2	20	1			2	Best Pizza (S2)	Leaves (S2)		1943	1457	etudIjcwGIOESCGACOTEHCBSXMXwAfCm@lA]p@k@bAkBjDe@z@CEEIk@mAj@lADHBDd@{@jBkDj@cA\q@N[\q@vAgCACKSaAuBaA{BK]ESAIGYGk@Cm@Cy@?UF?f@IXEXEr@St@Uj@_@v@_@z@w@FGbAoAHKpBvC??qBwCIJcAnAGF{@v@w@^k@^u@Ts@RYDYDg@HG??TBx@Bl@Fj@FX@HDRJ\`AzB`AtBJR@BLYRYBCDINUNY@DBDFPXf@?JKRE@O]	Click to Generate
S2	10	1			2	Broadfield Hotel (S2)	Broadfield Park (S2)		660	495	wjtdIlt`H??KKMKSQ]Y]UOKEESOSQKIEh@??Di@CCGGCEEIEIEGKUISCKGMEMCKCMIi@ESESEOGSc@w@GGC[BEHENIPI`@QDC\MJCFCHCDAD?R?@NBJ@F?R@R?JEh@A^Ab@?@EpA?`A?f@?L?P?JBVRPRNDDNJ\T\XRPLJJJ??	Click to Generate
S2	10	1			2	Meersbrook Park Church (S2)	Porcelanosa (S2)		731	548	mbtdIty_Hi@iAEIACE]FYAQDq@BKBQJSNMJJPRPTRZ@BBDDHN^LZZ`A[k@KQIQOUOWWa@EGW[QQ[]{@iAMQGRENADECUK_@QGC@Y?G@IDUDQZZl@d@X\dAhANPJJEJCFILCHEJKh@ITGXD\@BDHh@hA	Click to Generate
S2	15	1			2	Newfield Green Clinic (S2)	Newfield Green Dental Surgery (S2)		1420	1065	gatdIv|yGHOBCTe@f@aAP]h@eAHKLKBCTAF@JFHLHRDX@\?Z@RA\?H?J?L@H@Jg@r@QXCBa@j@KLKLMJiB`BQNUTKNILSZOXKSGK??FJJRCDGHADOZA@CFGHMRKPKRADMVCFITEHCLKIGGEGGGQKMIm@YIAFu@HsA?Ic@Gb@F?HIrAGt@H@l@XLHPJRAD?@AH?DCHCBGLW@EJSJQLSFIBG@AN[@EFIBENYR[HMJOTUPOhBaBLKJMJM`@k@BCPYf@s@AKAI?M?K?I@]AS?[A]EYISIMKGGAU@CBMJIJi@dAQ\g@`AUd@CBIN	Click to Generate
S2	15	1			2	I Said Bread (S2)	Kingdom Hall of Jehovah's Witnesses (S2)		1384	1038	}~sdIzi~GTg@E[IcFImDS@u@@EEKmIVCn@ED?LxIHlDHbFDZuCzG]z@_FfLeA_BdA~AfC_GvAgD\{@~BsF	Click to Generate
S2	20	1			2	Highfield Motors (S2)	Woodbourn Road Stadium (S2)		1759	1319	ye{dIrxwGSOYY~@cDHc@?q@CSCQCIDKBG??HPDLV[BDDFJYYuAIe@CIc@oBEOK[BIBCPENEREp@q@`@e@HI`@a@TSHSL_@DGHQBGNM@CFQDQJc@He@l@cDHg@`@_CFc@Pu@^qAXZTPNLMp@G\ADQlAd@ZLLAV?\FRN@??VIWHOAGS?]@WMMe@[PmA@EF]Lq@OMUQY[_@pAQt@Gb@a@~BIf@m@bDId@Kb@EPGPABAVAHCLINILKLSFURa@`@IHa@d@q@p@S\EDWVDNb@nBBHHd@XtAKXo@bBIb@_AbDXXRN	Click to Generate
S2	15	1			2	The Spires Centre (S2)	Springs Leisure Centre (S2)		1387	1040	ywtdIlzwGCk@nBYxASCg@Ag@Ci@A]?_@AS?KAU?y@?q@?_A?e@@]@e@Bg@BW@]Dm@FaABi@Bc@D}@Bu@D}A@}@?G?Y?]?K?_@?]AQASCYF?FDP\N^WNQH?^?J?\?X?FA|@E|ACt@E|@Cb@Ch@G`AEl@A\CVCf@Ad@A\?d@?~@?N?`@?x@@T?J@R?^p@IJC~@Sx@ODE?G??Cu@UBe@nA_ARKBq@H@\Bh@@f@Bf@yARoBXBj@	Click to Generate
S2	15	1			2	Virgin Crucible (S2)	The Hardy Pick (S2)		1342	1006	}ntdIzp`HMISQKICCGGCEEIEIEGKUISCKGMEMCKCMIi@ESESEOGSc@w@GGC[BEHENIPI`@QDC\MJCFCHCDAD?R?P?F?PBD?`@ENCWeDCUCOIQIWM]Zk@[j@L\HVHPBNBTBXRjCRGDCHGFGBCBEDEv@pBlAzCHPf@{@Se@GO_@}@JSV_@c@r@^|@FNRd@g@z@IQmA{Cw@qBEDCDCBGFIFEBSFOBa@DE?KJIFCBIF?R@R?JEh@A^Ad@EpA?`A?f@?L?P?JBVRPLH	Click to Generate
S2	15	1			2	The Co-operative Food (S2)	The Spires Centre (S2)		1317	988	{stdIv}wGDpA?Xa@Fs@Hc@DOB[FI?MBGsACcAC_@Aa@RIFMHS?]EWEQ??KKWCCe@AYCw@GaB|@Ov@KHCDGBK@SAwAA_B?M@iAByA@i@D}@DkADq@Fq@F{@Do@jAPf@JRBP@E|ACt@E|@Cb@Ch@G`AEl@A\CVCf@Ad@A\?d@?~@?N?`@?x@@T?J@R?^@\Bh@@f@Bf@B`@B^Bd@@HDl@Fx@H|@s@Jm@HE@?YEqA	Click to Generate
S2	20	1			2	Nether Edge Primary School (S2)	Broadfield Park (S2)		1759	1319	kxtdIhpaHEEGGMQJ]BKFWPw@Hc@TkANq@`@_CFc@d@uE^aEL_BFi@BM?EBG@EN]DFDHDHBDFFBBJHRPRNDDNJ\T\XRPQr@CFAFUhAAJ[zAERMj@AD?B?B?D@B@BJFr@d@FDFDl@wCBONu@XwAQWIKKMKKKKMKSQ]Y]UOKEESOSQKICCGGCEEIEIEGKUISCKGMEMCKCMIi@ESESEOGSc@w@GGC[BEHENIPI`@QDC\MJCFCHCDAD?R?@NBJ@F?R@R?JEh@A^Ab@?@EpA?HAHCHAHAFIVEJCHKVO\ADCF?DCLGh@M~A_@`Ee@tEGb@a@~BOp@UjAIb@Qv@GVCJK\LPFFDD	Click to Generate
S2	10	1			2	Leaves (S2)	Windy House Lane Pocket Park (S2)		889	667	yfudInfvGq@`AMB[\ICm@oAQ\_@r@q@z@pBvC??qBwCm@q@A?u@y@{A}AOOELCFCBg@^AGGW??FV@Ff@_@BCBGDMNNzA|At@x@@?l@p@p@{@^s@P]l@nAHBZ]LCp@aA	Click to Generate
S2	20	1			2	Burton Roofing Merchants (S2)	Makro (S2)		1499	1124	g|xdId~uG_@]EO@g@KDOMo@g@UQYSg@g@Sr@Kd@c@`BMf@Ol@St@Of@_@fAS]Vu@Ni@CHK^Wt@R\a@z@u@`BUf@INmAfBOTkAvA[f@u@~@SWY]UYW]EGOQW[t@uAl@cA??P^R`@R`@Rb@BHNZTf@jAwANUlAgBHOTg@t@aB`@{@^gANg@Ru@Nm@Lg@b@aBJe@Rs@f@f@XRTPn@f@NLJEAf@DN^\	Click to Generate
S2	30	1			2	UBU (S2)	Windy House Lane Pocket Park (S2)		2207	1655	_gudItkvGINaAfB_@p@}A|CaBxC{ApCCD_@p@OXOTEHCBSXMXACKSaAuBaA{BK]ESAIGYGk@Cm@Cy@?UF?f@IXEXEr@St@Uj@_@v@_@z@w@FGbAoAHKm@q@A?u@y@{A}AOOELCFCBg@^AGGW??FV@Ff@_@BCBGDMNNBIHOb@g@x@kAp@kAt@sBR}@FYNc@`BfAXPb@`@RLHDDBXPjBnAh@?H?FALCJEHGHKFMN]FSTw@DOP_ABONYJg@DUDUBE@CBAB?B?D?D@DD^|@Tn@N\Rl@Jd@@HAd@ATCNENENGVGTEPKRi@F_@DODM@{@FWTO@]BK@GBC@IDGBIHEDEDABCBgB|Cw@|A	Click to Generate
S2	30	1			2	Gleadless Medical Centre (S2)	Pizza City (S2)		2643	1982	abtdId~yGb@}@BCTe@f@aAP]h@eAHKLKBCTAF@JFHLHRDX@\?Z@RA\?H?J?L@H@Jg@r@QXCBa@j@KLKLMJiB`BQNUTKNILSZOXCDGHADOZA@CFGHMRKPKRADHNZl@??[m@IOMVCFITEHCLKIGGEGGGQKMIm@YIAFu@HsA?IBe@@OEQMIK?a@NK@KEGKGOAS?C?WJo@@KPy@Py@H]@GLm@VqADSBKJw@@IAUCQIMICEAQHYTSRQRGDGFIBEA[EBc@J{AFeAF_A@[B[By@@WfATB_@C^gAUAVCx@Ev@G~@GdAKzACb@Gz@?FIfAGt@E`@Kz@EZEXG\Sz@Qv@Wx@Od@MXGNMXSd@EHGHMVHR@BBBHDJ?F?FC`B]r@On@OVGFAF?F?F?PD`@LH@l@XLHPJRAFAH?DCHCBGLW@EJSJQLSFIBG@AN[@EFIBENYR[HMJOTUPOhBaBLKJMJM`@k@BCPYf@s@AKAI?M?K?I@]AS?[A]EYISIMKGGAU@CBMJIJi@dAQ\g@`AUd@CBc@|@	Click to Generate
S2	20	1			2	Temple Park Centre (S2)	Castle View Park (S2)		1802	1352	c{wdIravGEKCCGGIGICGAG?GBWVCDC?A?MIp@kACMAM@M@GDIFEFAHBDHx@gAZc@TSVMRGF?ARGV?p@?I?g@FW@SG?SFWLUR[b@y@fADJ@L?FCLEJrAjCr@`Bl@bBJSh@{@NUHEHAL?jBb@jA`@zBp@^Lp@T|Ah@l@^Zb@Pb@BH@DHd@Dr@A`AKv@ENe@jAe@aAQUyDq@WGaAOq@a@QSUe@KO^}@\cBNwBkAa@kBc@M?I@IDOTi@z@KRm@cBOV_@}@}@sB	Click to Generate
S2	45	1			2	Arbourthorne Community Primary School (S2)	Zakwetu (S2)		3138	2354	_otdItkyG?JEv@G~@GdAKzACb@Gz@?FIfAGt@E`@Kz@EZEXG\_@SUMk@]i@]i@c@OKSSKIMK[_@Q[OSM[GOCEK]GSJKHGFADDDJBFFFBAtAy@??uAx@C@GGCGEKEEG@IFKJFRJ\BDFNLZNRPZZ^LJJHRRNJh@b@h@\j@\TL^RSz@Qv@Wx@Od@MXGNMXSd@EHGHMVHR@BBBHDJ?F?FC`B]r@On@OVGFAF?F?F?PD`@LH@l@XLHPJRAFAH?DCHCBGLW@EJSJQLSFIBG@AN[@EFIBENYR[HMJOTUPOhBaBLKJMJM`@k@BCPYf@s@AKAI?M?K?I@]AS?[A]EYISIMKGGAU@CBMJIJi@dAQ\g@`AUd@CBi@hA[l@dAwBBCTe@f@aAP]h@eAHKLKBCTAF@JFHLHRDX@\?Z@RA\?H?J?L@H@Jg@r@QXCBa@j@KLKLMJiB`BQNUTKNILSZOXCDGHADOZA@CFGHMRKPKRADMVCFITEHCLKIGGEGGGQKMIm@YIAFu@HsA?IBe@@OEQMIK?a@NK@KEGKGOAS?C?WJo@@KPy@Py@H]@GLm@VqADSBKJw@@IAUCQIMICEAQHYTSRQRGDGFIBEA[EBc@J{AFeAF_ADw@?K	Click to Generate
S2	10	1			2	Noble and Wylie (S2)	Broadfield Park (S2)		1007	755	ertdIbp`H@I?EBG@EN]DFDHDHBDFFBBJHRPRNDDNJ\T\XBBNLQr@CFAFWtA[zAERMj@AD?B?B?D@B@BJFr@d@FDFDl@wCBONu@XwAQWIKKMKKKKMKSQ]Y]UOKEESOSQKICCGGCEEIEIEGKUISCKGMEMCKCMIi@ESESEOGSc@w@GGC[BEHENIPI`@QDC\MJCFCHCDAD?R?@NBJ@F?R@R?JEh@A^Ab@?@EpA?HAHCHAHAFIVEJCHKVO\ADCF?DAH	Click to Generate
S2	10	1			2	Well Pharmacy (S2)	Terry Wright Community Hall (S2)		677	508	yetdIjnzG[m@IO@EJSJQLSFIBG@AN[@EFIBENYR[HMJO??TUPOhBaBLKJMJMIS?C?G@M??j@y@BCZi@LKH??L@H@Jg@r@QXCBa@j@KLKLMJiB`BQNUTKNILSZOXCDGHADOZA@CFGHMRKPKRADHNZl@	Click to Generate
S2	20	1			2	Leaves (S2)	UBU (S2)		1496	1122	yfudIjkvGp@sAVo@Xw@L[d@y@@E@E?C@E?E?G?E?C?EAC?A?EAEAEAGCEAEEG[SmBkAGT]xAENa@jAq@|ASb@Q\_@r@q@z@pBvC??qBwCIJcAnAGF{@v@w@^k@^u@Ts@RYDYDg@HG??TBx@Bl@Fj@FX@HDRJ\`AzB`AtBJR@BLYRYBCDINUNY^q@BEzAqC`ByC|A}C^q@`AgBNY	Click to Generate
S2	60	1			2	Substantial Victorian houses in Norfolk Road (S2)	Path up to the Cholera Monument, Sheffield (S2)		7623	5717	cj{dI|t_HFIRYRQBCHG@ALIHWBEJ[h@oCPcAXkBFi@Jq@ZsBPqAFk@v@qGHa@RYX]~@iADEXa@Ta@LSVi@L[DMVu@BGBIBKZs@\{@HSF]Pg@Ns@FY@IFa@Jy@Be@Be@@c@@G?Q?k@?ICw@?]By@PeDDcA@OLcBLaALq@No@HYJa@Na@Pg@BIPc@FMPe@Vc@Zk@`@m@FKPUb@g@TYBEPUNUPUPUFKDMTc@DKDSHUBMBKBWDa@BUBa@Ba@@_@Bk@Bo@Dq@?MBe@@a@B[DaAHkBD_AHkAF{@Fs@Da@Fc@Ju@DSP_ADSJa@DKLa@`@q@DE^e@ZQDC@ALA@?F?D@B@B@B@BBBBBDDFFLDFBH?D@B@B?@?BBTBf@Fh@D\DZDZJl@Jl@J^H\X`A^vANh@Nh@Pr@T`ATv@DNBDDHDDFBJDH@D?B@BAFENMFCJE@?HAHAJB\NLCHEFERM@ADA\U@ABCROx@q@XWt@k@DEBAFEHILKFEFE\WZWtCkCf@k@t@w@VYX]hAmAVWHIHKNO`AeANS`AeANSDEFE`@e@dCgDLSXe@DJDDB@F?NGzAo@bAa@JGDIFKDHFFVPd@`@|CdCiBjEKVYn@ABm@vAmCjGCDuA|Ce@fAo@|AGLwA`DFLHJf@f@RPz@x@tAtABB~@~@DBb@b@FK@CDEDCFAfAQt@M@ABA@C@C@C?C@GCa@c@Fb@GB`@AF?BABABABC@A@}B^G@EBEDABGJc@c@EC_A_ACCuAuA{@y@SQg@g@IKGMCECICImAqEWcAW}@Su@EQCKEKQu@y@}CMi@Kc@WViAlAY\WXu@v@g@j@uCjC[V]VGDGDMJIHGDC@EDu@j@YVy@p@SNCBA@GRCJAHAJAL?J@N?PBT@Nr@tCBZ@\AZAJI`@GT]Xa@XIDMDG@G?E?G?GAq@SOGe@D_@?WAg@MQ@WBODUFE@a@HQBOCMEGEEEGGKQW_@oB}BgAqAIGY_@c@]AAEECCKOE|@Cb@EfACb@A`@C\C`@CVG\ETELGTGPITGPS\ILGHKNGFOPONc@d@UXIJGFILKNQTKNMTOXKXQf@Oh@ERGTCJWbAMn@QdAU~@IZEPCTCZAPARAPA\@X@\@TFh@D\BNFTHTL^DHd@hAFNBB@R?TAPCNCJEDGHIDIEy@_@C?K?C@G@A@EBEHCFGFO|ACTAPCJCNCPGTGRGPIVGNQRIR]z@[r@CJCHCFWt@ELMZIr@Y`Bm@tCgBpICLAN?PE?mAcAQpA[rBKp@Gh@YjBQbAi@nCKZCDIVMHA@IFCBSPSXGH	Click to Generate
S2	15	1			2	The Hardy Pick (S2)	Virgin Crucible (S2)		1367	1025	intdIlq`HGEEESOSQKICCGGCEEIEIEGKUISCKGMEMCKCMIi@ESESEOGSc@w@GGC[BEHENIPI`@QDC\MJCFCHCDAD?R?P?F?PBD?`@ENCRGDCHGFGBCBEDEv@pBlAzCHPf@{@Se@GO_@}@JSV_@c@r@^|@FNRd@g@z@IQmA{Cw@qBEDCDCBGFIFEBSFSkCCYCUCOIQIWM]Zk@[j@L\HVHPBNBTVdDOBa@DE?KJIFCBIF?R@R?JEh@A^Ad@EpA?`A?f@?L?P?JBVRPRNDDFD	Click to Generate
S2	30	1			2	Temple Park Centre (S2)	Castle View Park (S2)		2423	1817	wfwdIpmuG??Bl@Wf@]p@_AlBw@~@s@b@q@Jq@@g@E{@CkACQ@ARGV?p@?I?g@FW@SG?SFWLUR[b@y@fADJ@L?FCLEJrAjCr@`Bl@bBJSh@{@NUHEHAL?jBb@jA`@zBp@^Lp@T|Ah@l@^Zb@Pb@BH@DHd@Dr@A`AKv@ENe@jAe@aAQUyDq@WGaAOq@a@QSUe@KO^}@\cBNwBkAa@kBc@M?I@IDOTi@z@KRm@cBs@aBsAkCEDK@GCGICMAM@M@GDIFEFAHBDHx@gAZc@TSVMRGF?PAjABz@Bf@Dp@Ap@Kr@c@v@_A~@mB\q@Vg@Cm@	Click to Generate
S2	30	1			2	Gleadless Medical Centre (S2)	Pizza City (S2)		2633	1975	{atdIz}yG\s@BCTe@f@aAP]h@eAHKLKBCTAF@JFHLHRDX@\?Z@RA\?H?J?L@H@Jg@r@QXCBa@j@KLKLMJiB`BQNUTKNILSZOXCDGHADOZA@CFGHMRKPKRADHNZl@??[m@IOMVCFITEHCLKIGGEGGGQKMIm@YIAFu@HsA?IBe@@OEQMIK?a@NK@KEGKGOAS?C?WJo@@KPy@Py@H]@GLm@VqADSBKJw@@IAUCQIMICEAQHYTSRQRGDGFIBEA[EBc@J{AFeAF_A@[B[By@@WfATB_@C^gAUAVCx@Ev@G~@GdAKzACb@Gz@?FIfAGt@E`@Kz@EZEXG\Sz@Qv@Wx@Od@MXGNMXSd@EHGHMVHR@BBBHDJ?F?FC`B]r@On@OVGFAF?F?F?PD`@LH@l@XLHPJRAFAH?DCHCBGLW@EJSJQLSFIBG@AN[@EFIBENYR[HMJOTUPOhBaBLKJMJM`@k@BCPYf@s@AKAI?M?K?I@]AS?[A]EYISIMKGGAU@CBMJIJi@dAQ\g@`AUd@CB]r@	Click to Generate
S2	20	1			2	Leaves (S2)	Windy House Lane Pocket Park (S2)		1925	1444	gfudIljvG^u@Vo@Xw@L[d@y@@E@E?C@E?E?G?E?C?EAC?A?EAEAEAGCEAEEG[SmBkAGT]xAENa@jAq@|ASb@Q\_@r@q@z@pBvC??qBwCm@q@A?u@y@{A}AOOELCFCBg@^AGGW??FV@Ff@_@BCBGDMNNBIHOb@g@x@kAp@kAt@sBR}@FYNc@`BfAXPb@`@RLHDDBXPjBnAh@?H?FALCJEHGHKFMN]FSTw@DOP_ABONYJg@DUDUBE@CBAB?B?D?D@DD^|@Tn@N\Rl@Jd@@HAd@ATCNENENGVGTEPKRi@F_@DODM@{@FWTO@]BK@GBC@IDGBIHEDEDABCBgB|C_@t@	Click to Generate
S2	30	1			2	Porcelanosa (S2)	The Hardy Pick (S2)		2699	2024	{ctdIbw_HAAACE]FYAQDq@BKBQJS[]{@iAMQGRENADECUK_@QGC@Y?G@IDUDQIIGEGIOMKIGGOIKEA\GnAKnCALCJEFYn@CD?DAD?B?D@D@DXj@fAzBLZFTDRF`@@^E@C@A?C@EBCDe@p@v@pBlAzCHPf@{@Se@GO_@}@JSV_@c@r@^|@FNRd@g@z@IQmA{Cw@qBEDCDCBGFIFEBSFOBa@DE?KJIFCBIFEACACCCAAGGQCIEMAGEKEOISQk@]u@oAeDg@kAeAgCi@oAMc@Y_ACMCICCEIEGEGGEa@UaAm@kBiAmAs@MIIIGGIIGMEIOc@EKAKCME]K}@Gc@Ks@ASEc@Ce@T@B?H?XAFAF?REZ?b@Av@A\?V?J@H@D@B@JDHDHHTRTTX\PTPTZd@`@n@f@t@f@t@HLFFDHLNDFBBVXLLFDXPNJNHPLTH\Pd@PHBFBZLz@\\PJDNHFFJHNLFHFDHHZZl@d@X\dAhANPJJEJCFILCHEJKh@ITGXD\@B@@	Click to Generate
S2	20	1			2	Diocese of Hallam Pastoral Centre (S2)	Woodbourn Road Stadium (S2)		2016	1512	_e{dIjmwG??CFEJBHBPBR?p@Ib@_AbDXXRNDBZXJ^?^?RE~AbBPH@n@JHBZDEg@K_BAKASOmBm@sC_AaEYuAIe@CIc@oBEOK[BIBCPENEREp@q@`@e@HI`@a@TSHSL_@DGHQBGNM@CFQDQJc@He@l@cDHg@`@_CFc@Pu@^qAXZTPNLMp@G\ADQlAd@ZLLAV?\FRN@??VIWHOAGS?]@WMMe@[PmA@EF]Lq@OMUQY[_@pAQt@Gb@a@~BIf@m@bDId@Kb@EPGPABAVAHCLINILKLSFURa@`@IHa@d@q@p@S\EDWVDNb@nBBHHd@XtAKXEGCEWZEMIQ	Click to Generate
S2	60	1			2	Path near the Cholera Monument, Sheffield (S2)	Sheffield Inclusion Centre (S2)		5950	4462	c|wdI`f|Gb@GB`@AF?BABABABC@A@}B^G@EBEDABGJc@c@EC_A_ACCuAuA{@y@SQg@g@IKGMvAaDjAlBIZADAF?D?\?z@?F@DBFBFCGCGAE?G?{@?]?E@G@EH[??kAmBFMtAeDtA}CBElCkGl@wA@CXo@JWhBkEfEmMBE@ABATA@k@@o@@y@BgA@QJyFJuFDuBD}BFoC?K@k@TUZ]fBeBRS^]BADEFG~BuBrFgFDEFEzCuCv@u@|@_ARQDEDEx@u@^]nAqA\m@~@cBf@aA^m@`@u@h@_AFMDIP[HMDIDKDEb@w@HKd@{@jBkDj@cABFBFj@lAVj@d@`ATf@Tf@@Bl@rAb@~@FL`@~@b@hARl@?BN`@UTu@t@qBjBw@v@eAbAcA~@I[Ke@GUw@_DCGIUOEIAGA?S?O?KCQKc@e@{AIUCGMc@KKGGIGCCEAK?i@~@a@t@_@l@g@`A_AbB]l@oApA_@\y@t@EDEDSP}@~@w@t@{CtCGDEDsFfF_CtBGFEDC@_@\SRgBdB[\UTAj@?JGnCE|BEtBKtFKxFAPCfAAx@An@Aj@U@C@A@CDgElMiBjEKVYn@ABm@vAmCjGCDuA|CuAdDGLwA`DFLHJf@f@RPz@x@tAtABB~@~@DBb@b@FK@CDEDCFA|B_@@ABA@C@C@C?C@GCa@c@F	Click to Generate
S2	15	1			2	Burton Roofing Merchants (S2)	Makro (S2)		1333	1000	q_ydIdzuGEEUQYSg@g@Sr@Kd@c@`BMf@Ol@St@Of@_@fAS]Vu@Ni@CHK^Wt@R\a@z@u@`BUf@INmAfBOTkAvA[f@u@~@SWY]UYW]EGOQW[t@uAl@cA??P^R`@R`@Rb@BHNZTf@jAwANUlAgBHOTg@t@aB`@{@^gANg@Ru@Nm@Lg@b@aBJe@Rs@f@f@XRTPDD	Click to Generate
S2	15	1			2	Wobbly Wheel Cyclery (S2)	Daughters (S2)		1132	849	u_tdIf{}GRAMyIF?v@GbAG?FJtGL`HlBIDbBmClGkBfEgAdCqAwBIM\{@~BsFTg@E[IcFImDS@	Click to Generate
S2	15	1			2	Anna Roberts (S2)	Virgin Crucible (S2)		1282	962	motdInp`H@@RNDDNJ\T\XRPQr@CFAFWtA[zAERMj@AD?B?B?D@B@BJFr@d@FDFDl@wCBONu@XwAQWIKKM??KKKKMKSQ]Y]UOKEESOSQKICCGGCEEIEIEGKUISCKGMEMCKCMIi@ESESEOGSc@w@GGC[BEHENIPI`@QDC\MJCFCHCDAD?R?P?F?PBD?`@ENCSkCCYCUCOIQIWM]Zk@[j@L\HVHPBNBTVdDOBa@DE?KJIFCBIF?R@R?JEh@A^Ad@EpA?`A?f@?L?P?JBVPN	Click to Generate
S2	20	1			2	Leaves (S2)	Windy House Lane Pocket Park (S2)		1874	1406	}dudIfhvGINVo@Xw@L[d@y@@E@E?C@E?E?G?E?C?EAC?A?EAEAEAGCEAEEG[SmBkAGT]xAENa@jAq@|ASb@Q\_@r@q@z@pBvC??qBwCm@q@A?u@y@{A}AOOELCFCBg@^AGGW??FV@Ff@_@BCBGDMNNBIHOb@g@x@kAp@kAt@sBR}@FYNc@`BfAXPb@`@RLHDDBXPjBnAh@?H?FALCJEHGHKFMN]FSTw@DOP_ABONYJg@DUDUBE@CBAB?B?D?D@DD^|@Tn@N\Rl@Jd@@HAd@ATCNENENGVGTEPKRi@F_@DODM@{@FWTO@]BK@GBC@IDGBIHEDEDABCB}AlC	Click to Generate
S2	10	1			2	Casa Italia (S2)	Alam Hill Books (S2)		892	669	aktdIde_HS_@QYEJWj@Yp@CTz@\\PJDNHFFJHNLFHFDHHZZPNZTELg@s@[[IIGEGIOMJ_@X_A^iAhA_DhCaGqAwBIMeC|FyAhDk@vAPXR^	Click to Generate
S2	60	1			2	Path near the Cholera Monument, Sheffield (S2)	Sheffield Inclusion Centre (S2)		5755	4316	g~wdInh|G_@FG@EBEDABGJc@c@EC_A_ACCuAuA{@y@SQg@g@IKGMvAaDjAlBIZADAF?D?\?z@?F@DBFBFCGCGAE?G?{@?]?E@G@EH[??kAmBFMtAeDtA}CBElCkGl@wA@CXo@JWhBkEfEmMBE@ABATA@k@@o@@y@BgA@QJyFJuFDuBD}BFoC?K@k@TUZ]fBeBRS^]BADEFG~BuBrFgFDEFEzCuCv@u@|@_ARQDEDEx@u@^]nAqA\m@~@cBf@aA^m@`@u@h@_AFMDIP[HMDIDKDEb@w@HKd@{@jBkDj@cABFBFj@lAVj@d@`ATf@Tf@@Bl@rAb@~@FL`@~@b@hARl@?BN`@UTu@t@qBjBw@v@eAbAcA~@I[Ke@GUw@_DCGIUOEIAGA?S?O?KCQKc@e@{AIUCGMc@KKGGIGCCEAK?i@~@a@t@_@l@g@`A_AbB]l@oApA_@\y@t@EDEDSP}@~@w@t@{CtCGDEDsFfF_CtBGFEDC@_@\SRgBdB[\UTAj@?JGnCE|BEtBKtFKxFAPCfAAx@An@Aj@U@C@A@CDgElMiBjEKVYn@ABm@vAmCjGCDuA|CuAdDGLwA`DFLHJf@f@RPz@x@tAtABB~@~@DBb@b@FK@CDEDCFA^G	Click to Generate
S2	15	1			2	Arman Food Store (S2)	Virgin Crucible (S2)		1282	962	sotdIhp`HFFRNDDNJ\T\XRPQr@CFAFWtA[zAERMj@AD?B?B?D@B@BJFr@d@FDFDl@wCBONu@XwAQWIKKMEEEEKKMKSQ]Y]UOKEESOSQKICCGGCEEIEIEGKUISCKGMEMCKCMIi@ESESEOGSc@w@GGC[BEHENIPI`@QDC\MJCFCHCDAD?R?P?F?PBD?`@ENCSkCCYCUCOIQIWM]Zk@[j@L\HVHPBNBTVdDOBa@DE?KJIFCBIF?R@R?JEh@A^Ad@EpA?`A?f@?L?P?JBVJH	Click to Generate
S2	10	1			2	Temple Park Centre (S2)	Manor Park Medical Centre (S2)		707	530	}wwdIbhvGCSCINWs@aBsAkCEDK@GCGICMAM@M@GDIFEFAHBDHx@gAZc@TSVMRGF?ARGV?p@?I?g@FW@SG?SFWLUR[b@y@fADJ@L?FCLEJEDK@GCGICMAM@M@GDIFEFA??HBDHDJ@L?FCLEJrAjCr@`BOVBHBR	Click to Generate
S2	15	1			2	Valley Road Garage (S2)	International Automatic Cars (S2)		1297	973	sftdIrx~GvAgD\{@~@wBtAcDtBwElBIDbBmClGkBfEgAdCqAwBIM_FfLk@vAPXVd@H@t@aBu@`BIACES_@QYj@wAfC_G	Click to Generate
S2	20	1			2	Temple Park Centre (S2)	Castle View Park (S2)		1817	1363	k|wdIlavG_@l@KWESC?A?MIp@kACMAM@M@GDIFEFAHBDHx@gAZc@TSVMRGF?ARGV?p@?I?g@FW@SG?SFWLUR[b@y@fADJ@L?FCLEJrAjCr@`Bl@bBJSh@{@NUHEHAL?jBb@jA`@zBp@^Lp@T|Ah@l@^Zb@Pb@BH@DHd@Dr@A`AKv@ENe@jAe@aAQUyDq@WGaAOq@a@QSUe@KO^}@\cBNwBkAa@kBc@M?I@IDOTi@z@KRm@cBOV_@}@cA_CCCGGIGENEH	Click to Generate
S2	20	1			2	UBU (S2)	Leaves (S2)		1522	1142	iwudInewGP[LYRYBCDINUNY^q@BEzAqC`ByC|A}C^q@`AgB`AmBVo@Xw@L[d@y@@E@E?C@E?E?G?E?C?EAC?A?EAEAEAGCEAEEG[SmBkAGT]xAENa@jAq@|ASb@Q\_@r@q@z@pBvC??qBwCIJcAnAGF{@v@w@^k@^u@Ts@RYDYDg@HG??TBx@Bl@Fj@FX@HDRJ\`AzB`AtBJR@BQZ	Click to Generate
S2	30	1			2	GoLocalExtra (S2)	UBU (S2)		2138	1604	_kudIdpvGqBwCp@{@^s@P]Rc@p@}A`@kADO\yAFU_BcAFk@XPb@`@RLHDDBXPjBnAh@?H?FALCJEHGHKFMN]FSTw@DOP_ABONYJg@DUDUBE@CBAB?B?D?D@DD^|@Tn@N\Rl@Jd@@HAd@ATCNENENGVGTEPKRi@F_@DODM@{@FWTO@]BK@GBC@IDGBIHEDEDABCBgB|Cq@rAOXaAfB_@p@}A|CaBxC{ApCCD_@p@OXOTEHCBSXMXACKSaAuBaA{BK]ESAIGYGk@Cm@Cy@?UF?f@IXEXEr@St@Uj@_@v@_@z@w@FGbAoAHKpBvC	Click to Generate
S2	20	1			2	Bronze & Polished (S2)	Sheffield Inclusion Centre (S2)		1810	1358	syudI`iwGBEvAgCLYRYBCDINUNYJORa@~AwC`ByC|A}C@DHNf@bALZBFPh@Lb@?BH\Jt@Hv@Dh@@JIJMRQ^]r@m@nA@TPvBNjCHhBFjAD|ADlAB~@G?I@MHo@l@k@h@k@h@gAdAa@^WTUTu@t@qBjBw@v@eAbAcA~@I[Ke@GUw@_DCGIUOEIAGA?S?O?KCQKc@e@{AIUCGMc@EQCE?EAGAG?CAI?I@I?I@E@CDIDKDEb@w@HKd@{@jBkDj@cA\q@h@gA	Click to Generate
S2	10	1			2	Top Chopper (S2)	Broadfield Park (S2)		650	488	_ktdIdt`HCCMKSQ]Y]UOKEESOSQKIEd@?BDi@CCGGCEEIEIEGKUISCKGMEMCKCMIi@ESESEOGSc@w@GGC[BEHENIPI`@QDC\MJCFCHCDAD?R?@NBJ@F?R@R?JEh@A^Ab@?@EpA?`A?f@?L?P?JBVRPRNDDNJ\T\XRPLJBB	Click to Generate
S2	10	1			2	Windy House Lane Pocket Park (S2)	Leaves (S2)		827	620	c|udIf}uG^^~DjEELCFCBg@^AGGW??FV@Ff@_@BCBGDMNNzA|At@x@@?l@p@pBvC??qBwCm@q@A?u@y@{A}AOO_EkE_@_@	Click to Generate
S2	20	1			2	I Said Bread (S2)	Kingdom Hall of Jehovah's Witnesses (S2)		1849	1387	oatdI`h~Gw@@Q@yAfAM@EE|@eDJy@BcA?m@QuEW_G?WF?lAL`@?LAJlIDDt@ARAHlDHbFDZuCzG]z@wAfDgC~Fk@vAEJWj@Yp@CT[MGCICe@Q]QUIQMOIOKYQGEMMWYCCEGBO@EHYFMDKHKJQLQJOtA_BHKf@q@~BaDFGv@kApAoEDDLAxAgAPAv@A	Click to Generate
S2	15	1			2	Path up to the Cholera Monument, Sheffield (S2)	Substantial Victorian houses in Norfolk Road (S2)		1105	829	c|wdI`f|Gb@GB`@AF?BABABABC@A@u@LgAPG@EBEDABGJc@c@EC_A_ACCuAuA{@y@SQg@g@IKGMvAaDFMn@}Ad@gAGKw@oAv@nAFJuAdDGLwA`DFLHJf@f@RPz@x@tAtABB~@~@DBb@b@FK@CDEDCFA|B_@@ABA@C@C@C?C@GCa@c@F	Click to Generate
S2	45	1			2	Arbourthorne Community Primary School (S2)	ExtraCare (S2)		3220	2415	ymtdIxiyG_@IAVCx@Ev@G~@GdAKzACb@Gz@?FIfAGt@E`@Kz@EZEXG\_@SUMk@]i@]i@c@OKSSKIMK[_@Q[OSM[GOCEK]GSJKHGFADDDJBFFFBAtAy@??uAx@C@GGCGEKEEG@IFKJFRJ\BDFNLZNRPZZ^LJJHRRNJh@b@h@\j@\TL^RSz@Qv@Wx@Od@MXGNMXSd@EHGHMVHR@BBBHDJ?F?FC`B]r@On@OVGFAF?F?F?PD`@LH@l@XLHPJRAFAH?DCHCBGLW@EJSJQLSFIBG@AN[@EFIBENYR[HMJOTUPOhBaBLKJMJM`@k@BCPYf@s@AKAI?M?K?I@]AS?[A]EYISIMKGGAU@CBMJIJi@dAQ\g@`AUd@CBc@|@a@x@dAwBBCTe@f@aAP]h@eAHKLKBCTAF@JFHLHRDX@\?Z@RA\?H?J?L@H@Jg@r@QXCBa@j@KLKLMJiB`BQNUTKNILSZOXCDGHADOZA@CFGHMRKPKRADMVCFITEHCLKIGGEGGGQKMIm@YIAFu@HsA?IBe@@OEQMIK?a@NK@KEGKGOAS?C?WJo@@KPy@Py@H]@GLm@VqADSBKJw@@IAUCQIMICEAQHYTSRQRGDGFIBEA[EBc@J{AFeAF_ADw@By@@W^H	Click to Generate
S2	20	1			2	Burton Roofing Merchants (S2)	Pentagon Jeep (S2)		1763	1322	otydI~kvGP^R`@R`@Rb@BHNZTf@jAwANUlAgBHOTg@t@aB`@{@S]Vu@Ni@CHK^Wt@R\^gANg@Ru@Nm@Lg@b@aBJe@Rs@f@f@XRTPn@f@k@pCGVg@zB@ZVb@XRTPNLFFTR_@hBOr@Ns@^iBUSGGOMUQYSWc@A[f@{Br@iDo@g@UQYSg@g@Sr@Kd@c@`BMf@Ol@St@Of@_@fAa@z@u@`BUf@INmAfBOTkAvAUg@O[CISc@Sa@Sa@Q_@	Click to Generate
S2	10	1			2	Porcelanosa (S2)	Alam Hill Books (S2)		921	691	_ktdI~h_H@@NHFFJHNLFHFDHHZZl@d@ELGRENADECUK_@QGC@Y?G@IDUDQIIGEGIOMKIGGOIKE]Q{@]BUXq@Vk@DKj@wAxAiDdC}FHLpAvBiC`GiA~C_@hAY~@K^KIGGOIAA	Click to Generate
S2	60	1			2	Castle View Park (S2)	St Swithun (S2)		5321	3991	swvdIf}vG??eD|BaBhAOb@f@rCjAhHuBxAc@Zk@`@e@ZwBxAg@Xs@f@aB`AGc@MqAImBEu@MkCbAw@FQHe@H_AX{Cv@sADIDKvBsDrBaDe@aAQUyDq@WGaAOq@a@QSUe@KO^}@\cBNwBkAa@kBc@M?I@IDOTi@z@KRm@cBs@aBsAkCEDK@GCGICMAM@M@GDIFEFAHBDHx@gAZc@TSVMRGF?PAjABz@Bf@Dp@Ap@Kr@c@v@_AFHR\TZ`@`@hBbAdCvADBVNNFNFRDP?TIRMd@y@d@{@`AmBNUh@u@d@o@`@]LKj@e@|@g@TITCRA`@ALGDEJKFMFHDD`AdAdBjBCJe@nCKjDXI~@UbB_@`@K?Q@QF[JWHIJGHCP@LBDDDHDNHZ@N@NAJAL?BETCFCFGJEDGDEBE@VnJBrADxAH|C@N?TBx@Bl@Fj@FX@HDRJ\`AzB`AtBJR@BwAfCm@lA]p@k@bAkBjDe@z@IJc@v@EDEJEHILQZEHGLi@~@a@t@_@l@g@`A_AbB]l@oApA_@\y@t@EDEDSP}@~@c@kBd@g@jBu@nCgBVa@^mBYyAaAmFu@cEY_Ba@yBkAaHCOS_AW]m@GS@	Click to Generate
S2	20	1			2	Temple Park Centre (S2)	Castle View Park (S2)		1802	1352	yzwdIdbvGO]CCGGIGICGAG?GBWVCDC?A?MIp@kACMAM@M@GDIFEFAHBDHx@gAZc@TSVMRGF?ARGV?p@?I?g@FW@SG?SFWLUR[b@y@fADJ@L?FCLEJrAjCr@`Bl@bBJSh@{@NUHEHAL?jBb@jA`@zBp@^Lp@T|Ah@l@^Zb@Pb@BH@DHd@Dr@A`AKv@ENe@jAe@aAQUyDq@WGaAOq@a@QSUe@KO^}@\cBNwBkAa@kBc@M?I@IDOTi@z@KRm@cBOV_@}@s@aB	Click to Generate
S2	10	1			2	St Vincent's (S2)	Temple Park Centre (S2)		726	544	k|wdIt|uG??HBDHDJ@L?FCLEJrAjCr@`BOV_@}@k@qAWm@CCGGIGICGAG?GBWVCDC?A?MIp@kACMAM@M@GDIFEFAHBDHx@gAZc@TSVMRGF?ARGV?p@?I?g@FW@SG?SFWLUR[b@y@fADJ@L?FCLEJEDK@GCGICMAM@M@GDIFEFA	Click to Generate
S2	5	1			2	Manor Park Medical Centre (S2)	Temple Park Centre (S2)		613	460	gzwdIfcvGa@_ACCGGIGICGAG?GBWVCDC?A?MIp@kACMAM@M@GDIFEFA??HBDHx@gAZc@TSVMRGF?ARGV?p@?I?g@FW@SG?SFWLUR[b@y@fADJ@L?FCLEJEDK@GCGIq@jALH@?B?BEVWFCF?F@HBHFFFBB`@~@	Click to Generate
S2	30	1			2	Windy House Lane Pocket Park (S2)	UBU (S2)		2371	1778	a~udIh_vGAk@I@EAGAECEEGGEKIWE]?Q@QF[JWHIJGHCP@LBDDDHDNHZ@N@NAJAL?BETt@v@~DjEELCFCBg@^AGGW??FV@Ff@_@BCBGDMNNBIHOb@g@x@kAp@kAt@sBR}@FYNc@`BfAXPb@`@RLHDDBXPjBnAh@?H?FALCJEHGHKFMN]FSTw@DOP_ABONYJg@DUDUBE@CBAB?B?D?D@DD^|@Tn@N\Rl@Jd@@HAd@ATCNENENGVGTEPKRi@F_@DODM@{@FWTO@]BK@GBC@IDGBIHEDEDABCBgB|CaAlBaAfB_@p@}A|CaBxC{ApCCD_@p@OXOTEHCBSXMXACKSaAuBaA{BK]ESAIGYGk@Cm@Cy@?UAOI}CEyACsAUcI	Click to Generate
S2	20	1			2	Leaves (S2)	Windy House Lane Pocket Park (S2)		1891	1418	qeudIhivGHQVo@Xw@L[d@y@@E@E?C@E?E?G?E?C?EAC?A?EAEAEAGCEAEEG[SmBkAGT]xAENa@jAq@|ASb@Q\_@r@q@z@pBvC??qBwCm@q@A?u@y@{A}AOOELCFCBg@^AGGW??FV@Ff@_@BCBGDMNNBIHOb@g@x@kAp@kAt@sBR}@FYNc@`BfAXPb@`@RLHDDBXPjBnAh@?H?FALCJEHGHKFMN]FSTw@DOP_ABONYJg@DUDUBE@CBAB?B?D?D@DD^|@Tn@N\Rl@Jd@@HAd@ATCNENENGVGTEPKRi@F_@DODM@{@FWTO@]BK@GBC@IDGBIHEDEDABCBgB|CIP	Click to Generate
S2	20	1			2	Leaves (S2)	Windy House Lane Pocket Park (S2)		1874	1406	idudIhgvG]l@Vo@Xw@L[d@y@@E@E?C@E?E?G?E?C?EAC?A?EAEAEAGCEAEEG[SmBkAGT]xAENa@jAq@|ASb@Q\_@r@q@z@pBvC??qBwCm@q@A?u@y@{A}AOOELCFCBg@^AGGW??FV@Ff@_@BCBGDMNNBIHOb@g@x@kAp@kAt@sBR}@FYNc@`BfAXPb@`@RLHDDBXPjBnAh@?H?FALCJEHGHKFMN]FSTw@DOP_ABONYJg@DUDUBE@CBAB?B?D?D@DD^|@Tn@N\Rl@Jd@@HAd@ATCNENENGVGTEPKRi@F_@DODM@{@FWTO@]BK@GBC@IDGBIHEDEDABCBiAnB	Click to Generate
S2	10	1			2	Boots (S2)	Meersbrook Park Church (S2)		849	637	kgtdIfl_Hd@^X\dAhANPJJEJCFILCHEJKh@ITGXIA??AAAAEICEAEUg@BqAD@T^CjAEJ@DHN@@@@??H@FYAQDq@BKBQJSNMJJPRPTRZ@BBDDHN^LZZ`A[k@KQIQOUOWWa@EGW[QQ[]{@iAMQGRENAD?DAHAJAt@AP?R_AKECCC?C?CLaC@Y?G@IDUDQZZFD	Click to Generate
S2	60	1			2	HSS Hire (S2)	Burton Roofing Merchants (S2)		5414	4060	cuxdIvdtGMJ_Bt@Ks@SaBn@wA`@gAZ_A\oADWFUTiA\sBp@yEx@kFHo@BMj@cEJg@xDfCtBjBpAjAPNDD\ZTVHFHDF@F?HEFEDCPCJ@VJXRXRPVJNDNHd@Fd@@P?PARAPIVGNIHGBG@MBI?WR[n@uAhFg@nBaEzNk@bCi@`Cy@zDy@tDO`BkAlGE`@?^?^D^D\Lf@Lv@?b@A`@EXETMVONUFU?UEUSqBaBwAsAyAaAKGYOCBOXm@`@cApAYf@[z@f@f@XRTPn@f@NLJEd@qBNJnAbADNk@fCILqAkAEO@g@KDOMi@a@EEUQYSg@g@Sr@Kd@c@`BMf@Ol@St@Of@_@fAS]Vu@Ni@CHK^Wt@R\^gANg@Ru@Nm@Lg@b@aBJe@Rs@Z{@Xg@bAqAF]Dc@Ca@CW@UFWFMDEHEJAFBD@HJDJDLVx@P`@h@`@^Ph@Jb@F\EPINMNSN_@dA{D|@mD~@mD^aBfAiFv@qDXuA`@eBz@{F|@_Ft@gEr@}DB[@O?OEUA_@A_@C]I[KSKOGGoBiBeCuB}AeAo@a@o@_@k@bECLIn@y@jFq@xE]rBUhAtAlAf@b@j@l@U|@]z@e@|@s@v@g@`@	Click to Generate
S2	30	1			2	Premier, Steve's Convenience Shop (S2)	Meersbrook Park Church (S2)		2558	1918	}lsdIta_HIlAtDc@^EJ@Hw@LeAn@uDBS?_@?W?gDAqADo@BYLm@HMLISkDE[CQeAoFOu@U?_Be@e@G{@@a@JsC~@yCz@BbCDbBmClGeAiB??dAhBkBfEgAdCiC`GiA~C_@hAY~@K^NLFHFDHHZZl@d@X\dAhANPJJPRPTRZ@BBDDHN^LZZ`AZ~@v@hCV|@DLFRBFJd@DJBJPj@BHLQjAiAb@e@z@}@RUDEbAaAvAcACy@E_AEuBCoD@mAFyALsBDIHmA	Click to Generate
S2	10	1			2	Boots (S2)	Another Level (S2)		810	608	o`tdIvs_HBDDHN^LZZ`A[k@KQIQOUOWWa@EGW[ILCHEJKh@ITGXIA??AAAAEICEAEUg@BqAD@T^CjAEJ@DHN@@@@??H@FYAQDq@BKBQJS[]{@iAMQGRENAD?DAHAJAt@AP?R_AKECCC?C?CLaC@Y?G@IDUDQZZj@b@@@X\dAhANPJJPRPTRZ@B	Click to Generate
S2	30	1			2	74th Oak Street Scout Group (S2)	Cat Lane Bakery (S2)		2262	1696	abtdItz|GDjAEV`@FZ`CFfCw@D@J@p@BrBDlCWBM@a@?mAMG?E?eE[c@k@}Aw@gAq@[Oq@][a@IOIUMSi@_@P_ABc@Bg@?_@AaA?G?M@I?E@G?C@GBMCEEGMQZg@JSBGBIHW@AH_@FQJa@@EDSJ_@Ng@V_ApCwIBITMHEFCBADAP?RBTFf@VD@@@DBjAr@VJ^FDPAVYnASjAEd@Eb@A\Ab@@\@p@D|@o@LmAPsBVI?i@OgAUu@Qq@QGPI^A@IVCHCFKR[f@LPDFBDF@D@PDPDz@RB?`AT@?TFPB`AVl@NzBf@n@NB?^HNDZ@PGNQh@s@Tg@DWEkA	Click to Generate
S2	5	1			2	Top Chopper (S2)	Broadfield Park (S2)		626	470	qktdIts`H??SQ]Y]UOKEESOSQKIEd@?BDi@CCGGCEEIEIEGKUISCKGMEMCKCMIi@ESESEOGSc@w@GGC[BEHENIPI`@QDC\MJCFCHCDAD?R?@NBJ@F?R@R?JEh@A^Ab@?@EpA?`A?f@?L?P?JBVRPRNDDNJ\T\XRP??	Click to Generate
S2	15	1			2	Newfield Green Library (S2)	Gleadless Medical Centre (S2)		1206	904	actdI~_zGbAwBBCTe@f@aAP]h@eAHKLKBCTAF@JFHLHRDX@\?Z@RA\?H?JI?MJ[h@CBQVY`@AL?F?BHRKLKLMJiB`BQNUTKNILSZOXCDGHADOZA@CFGHMRKPKRADHNZl@??[m@IO@EJSJQLSFIBG@AN[@EFIBENYR[HMJOTUPOhBaBLKJMJM`@k@BCPYf@s@AKAI?M?K?I@]AS?[A]EYISIMKGGAU@CBMJIJi@dAQ\g@`AUd@CBcAvB	Click to Generate
S2	20	1			2	Nether Edge Primary School (S2)	Broadfield Park (S2)		1739	1304	qytdI~oaHHUJ]BKFWPw@Hc@TkANq@`@_CFc@d@uE^aEL_BFi@BM?EBG@EN]DFDHDHBDFFBBJHRPRNDDNJ\T\XRPQr@CFAFUhAAJ[zAERMj@AD?B?B?D@B@BJFr@d@FDFDl@wCBONu@XwAQWIKKMKKKKMKSQ]Y]UOKEESOSQKICCGGCEEIEIEGKUISCKGMEMCKCMIi@ESESEOGSc@w@GGC[BEHENIPI`@QDC\MJCFCHCDAD?R?@NBJ@F?R@R?JEh@A^Ab@?@EpA?HAHCHAHAFIVEJCHKVO\ADCF?DCLGh@M~A_@`Ee@tEGb@a@~BOp@UjAIb@Qv@GVCJK\IT	Click to Generate
S2	20	1			2	Broadfield Park (S2)	The Hardy Pick (S2)		1950	1462	_mtdIbx`HAJ[zAERMj@AD?B?B?D@B@BJFr@d@FDFDl@wCBONu@XwAQWIKKMKKKKMKSQ]Y]UOKEESOSQKICCGGCEEIEIEGKUISCKGMEMCKCMIi@ESESEOGSc@w@GGC[BEHENIPI`@QDC\MJCFCHCDAD?R?@NBJ@F?R@R?JEh@A^Ab@?@EpA?HAHCHAHAFIVEJCHKVKUISCKGMEMCKCMIi@ESESEOGSc@w@GGC[BEHENIPI`@QDC\MJCFCHCDAD?R?P?F?PBD?`@ENCRGDCHGFGBCBEDEv@pBlAzCHPf@{@Se@GO_@}@JSV_@c@r@^|@FNRd@g@z@IQmA{Cw@qBEDCDCBGFIFEBSFOBa@DE?KJIFCBIF?R@R?JEh@A^Ad@EpA?`A?f@?L?P?JBVRPRNDDNJ\T\XRPQr@CFAFUhA	Click to Generate
S2	20	1			2	Newfield Green Dental Surgery (S2)	Daily News & Cards (S2)		1516	1137	_etdIfgzGFJJRCDGHADOZA@CFGHMRKPKRADMVCFITEHCLKIGGEGGGQKMIm@YIAFu@HsA?Ic@Gb@F?HIrAGt@H@l@XLHPJRAD?@AH?DCHCBGLW@EJSJQLSFIBG@AN[@EFIBENYR[HMJOTUPOhBaBLKJMJM`@k@BCPYf@s@AKAI?M?K?I@]AS?[A]EYISIMKGGAU@CBMJIJi@dAQ\g@`AUd@CBIN{@fBdAwBBCTe@f@aAP]h@eAHKLKBCTAF@JFHLHRDX@\?Z@RA\?H?J?L@H@Jg@r@QXCBa@j@KLKLMJiB`BQNUTKNILSZOXKSGK	Click to Generate
S2	20	1			2	Newfield Green Clinic (S2)	Daily News & Cards (S2)		1516	1137	mhtdIvmzG@AH?DCHCBGLW@EJSJQLSFIBG@AN[@EFIBEKSGK??FJJRNYR[HMJOTUPOhBaBLKJMJM`@k@BCPYf@s@AKAI?M?K?I@]AS?[A]EYISIMKGGAU@CBMJIJi@dAQ\g@`AUd@CBIN{@fBdAwBBCTe@f@aAP]h@eAHKLKBCTAF@JFHLHRDX@\?Z@RA\?H?J?L@H@Jg@r@QXCBa@j@KLKLMJiB`BQNUTKNILSZOXCDGHADOZA@CFGHMRKPKRADMVCFITEHCLKIGGEGGGQKMIm@YIAFu@HsA?Ic@Gb@F?HIrAGt@H@l@XLHPJRAD?	Click to Generate
S2	15	1			2	One Stop Mini Market (S2)	Gleadless Medical Centre (S2)		1207	905	g|sdIr}yGPWBCZi@LKH??K?I@]AS?[A]EYISIMKGGAU@CBMJIJi@dAQ\g@`AUd@CB}@jBGJdAwBBCTe@f@aAP]h@eAHKLKBCTAF@JFHLHRDX@\?Z@RA\?H?J?L@H@Jg@r@QXCBa@j@KLKLMJiB`BQNUTKNILSZOXCDGHADOZA@CFGHMRKPKRADHNZl@??[m@IO@EJSJQLSFIBG@AN[@EFIBENYR[HMJOTUPOhBaBLKJMJMIS?C?G@MXa@	Click to Generate
S2	30	1			2	Gleadless Medical Centre (S2)	Pizza City (S2)		2622	1966	satdIn}yGTg@BCTe@f@aAP]h@eAHKLKBCTAF@JFHLHRDX@\?Z@RA\?H?J?L@H@Jg@r@QXCBa@j@KLKLMJiB`BQNUTKNILSZOXCDGHADOZA@CFGHMRKPKRADHNZl@??[m@IOMVCFITEHCLKIGGEGGGQKMIm@YIAFu@HsA?IBe@@OEQMIK?a@NK@KEGKGOAS?C?WJo@@KPy@Py@H]@GLm@VqADSBKJw@@IAUCQIMICEAQHYTSRQRGDGFIBEA[EBc@J{AFeAF_A@[B[By@@WfATB_@C^gAUAVCx@Ev@G~@GdAKzACb@Gz@?FIfAGt@E`@Kz@EZEXG\Sz@Qv@Wx@Od@MXGNMXSd@EHGHMVHR@BBBHDJ?F?FC`B]r@On@OVGFAF?F?F?PD`@LH@l@XLHPJRAFAH?DCHCBGLW@EJSJQLSFIBG@AN[@EFIBENYR[HMJOTUPOhBaBLKJMJM`@k@BCPYf@s@AKAI?M?K?I@]AS?[A]EYISIMKGGAU@CBMJIJi@dAQ\g@`AUd@CBUf@	Click to Generate
S2	45	1			2	Meersbrook Service Station (S2)	74th Oak Street Scout Group (S2)		3182	2386	{jtdIt_|GNENSRa@Xu@b@gBBYCYM[U`@MZc@pAKXKPA@OFI@G?IAKAIp@Gf@CLGb@CRENI\IZK\CHqCvIW~@Of@K^ERADK`@GPI^A@IVCHCFKR[f@LPDFBDF@D@PDPDz@RB?`AT@?TFPB`AVl@NzBf@n@NB?^HNDZ@PGNQh@s@Tg@DWEkAAOHmBN}@RyAFUJ]hB\~Bb@rBjFQDqDo@qEw@IlBFzAEV`@FZ`CFfCw@D@J@p@BrBDlCWBM@a@?mAMG?E?eE[c@k@}Aw@gAq@[Oq@][a@IOIUMSi@_@P_ABc@Bg@?_@AaA?G?M@I?E@G?C@GBMCEEGMQZg@JSBGBIHW@AH_@FQJa@@EDSJ_@Ng@V_ApCwIBIJ]H[H]DOBSFc@BMFg@Hq@J@H@F?HANG@AJQJYb@qAL[Ta@LZBXCXc@fBYt@S`@OROD	Click to Generate
S2	30	1			2	Temple Park Centre (S2)	Castle View Park (S2)		2445	1834	ifwdIxluGMVBl@Wf@]p@_AlBw@~@s@b@q@Jq@@g@E{@CkACQ@ARGV?p@?I?g@FW@SG?SFWLUR[b@y@fADJ@L?FCLEJrAjCr@`Bl@bBJSh@{@NUHEHAL?jBb@jA`@zBp@^Lp@T|Ah@l@^Zb@Pb@BH@DHd@Dr@A`AKv@ENe@jAe@aAQUyDq@WGaAOq@a@QSUe@KO^}@\cBNwBkAa@kBc@M?I@IDOTi@z@KRm@cBs@aBsAkCEDK@GCGICMAM@M@GDIFEFAHBDHx@gAZc@TSVMRGF?PAjABz@Bf@Dp@Ap@Kr@c@v@_A~@mB\q@Vg@Cm@LW	Click to Generate
S2	15	1			2	Gin Bar (S2)	Broadfield Park (S2)		1070	802	altdIfs`HCC]Y]UOKEESOSQKICCGGCEEIEIEGKUISCKGMEMCKCMIi@ESESEOGSc@w@GGGGGIQYGPEFMVDL@@BH?F?vC?V?zB?|@A\AZCn@\J@?B@@B@@@B@BBD?B@D?FHlA?B?B@D?B@@@B@B@@@@BB@?B@VH^aEL_BFi@@C@I?EBG@EN]JWBIDKHW@G@IBI@I?IDqA@e@@_@Eg@ASAMASCQGQR?@NBJ@F?R@R?JEh@A^Ab@?@EpA?`A?f@?L?P?JBVRPRNDDNJ\T\XBB	Click to Generate
S2	15	1			2	International Automatic Cars (S2)	Boots (S2)		1207	905	oftdI`m_HHDELg@s@[[IIGEGIOMKIGGOIKE]Q{@]BUXq@Vk@DKPXVd@H@t@aBu@`BIACES_@QYEJWj@Yp@CTz@\\PJDNHFFJHNLFHFDHHZZl@d@X\dAhANPJJEJCFILCHEJKh@ITGXIA??AAAAEICEAEUg@BqAD@T^CjAEJ@DHN@@@@??H@FYAQDq@BKBQJS[]{@iAMQGRENAD?DAHAJAt@AP?R_AKECCC?C?CLaC@Y?G@IDUDQZZb@^	Click to Generate
S2	15	1			2	Newfield Green Library (S2)	Gleadless Medical Centre (S2)		1195	896	{btdIr_zG|@kBBCTe@f@aAP]h@eAHKLKBCTAF@JFHLHRDX@\?Z@RA\?H?JI?MJ[h@CBQVY`@AL?F?BHRKLKLMJiB`BQNUTKNILSZOXCDGHADOZA@CFGHMRKPKRADHNZl@??[m@IO@EJSJQLSFIBG@AN[@EFIBENYR[HMJOTUPOhBaBLKJMJM`@k@BCPYf@s@AKAI?M?K?I@]AS?[A]EYISIMKGGAU@CBMJIJi@dAQ\g@`AUd@CB}@jB	Click to Generate
S2	10	1			2	The Cholera Monument (S2)	Path up to the Cholera Monument, Sheffield (S2)		963	722	oexdIn}{GkAmBwA`DFLHJf@f@RPz@x@tAtABB~@~@DBb@b@FK@CDEDCFA|B_@@ABA@C@C@C?C@GCa@c@F??b@GB`@AF?BABABABC@A@u@LgAPG@EBEDABGJc@c@EC_A_ACCuAuA{@y@SQg@g@IKGMvAaDjAlB	Click to Generate
S2	15	1			2	Sheffield Cholera Monument (S2)	Substantial Victorian houses in Norfolk Road (S2)		1105	829	_}wdIdh|Gt@M@ABA@C@C@C?C@GCa@c@F??b@GB`@AF?BABABABC@A@}B^G@EBEDABGJc@c@EC_A_ACCuAuA{@y@SQg@g@IKGMvAaDFMn@}Ad@gAGKw@oAv@nAFJuAdDGLwA`DFLHJf@f@RPz@x@tAtABB~@~@DBb@b@FK@CDEDCFAfAQ	Click to Generate
S2	45	1			2	Arbourthorne Community Primary School (S2)	Daily News & Cards (S2)		3288	2466	mltdIdiyGC^gAUAVCx@Ev@G~@GdAKzACb@Gz@?FIfAGt@E`@Kz@EZEXG\_@SUMk@]i@]i@c@OKSSKIMK[_@Q[OSM[GOCEK]GSJKHGFADDDJBFFFBAtAy@??uAx@C@GGCGEKEEG@IFKJFRJ\BDFNLZNRPZZ^LJJHRRNJh@b@h@\j@\TL^RSz@Qv@Wx@Od@MXGNMXSd@EHGHMVHR@BBBHDJ?F?FC`B]r@On@OVGFAF?F?F?PD`@LH@l@XLHPJRAFAH?DCHCBGLW@EJSJQLSFIBG@AN[@EFIBENYR[HMJOTUPOhBaBLKJMJM`@k@BCPYf@s@AKAI?M?K?I@]AS?[A]EYISIMKGGAU@CBMJIJi@dAQ\g@`AUd@CBIN{@fBdAwBBCTe@f@aAP]h@eAHKLKBCTAF@JFHLHRDX@\?Z@RA\?H?J?L@H@Jg@r@QXCBa@j@KLKLMJiB`BQNUTKNILSZOXCDGHADOZA@CFGHMRKPKRADMVCFITEHCLKIGGEGGGQKMIm@YIAFu@HsA?IBe@@OEQMIK?a@NK@KEGKGOAS?C?WJo@@KPy@Py@H]@GLm@VqADSBKJw@@IAUCQIMICEAQHYTSRQRGDGFIBEA[EBc@J{AFeAF_ADw@By@@WfATB_@	Click to Generate
S2	20	1			2	Burton Roofing Merchants (S2)	Makro (S2)		1493	1120	s_ydIx_vGj@qCo@g@UQYSg@g@Sr@Kd@c@`BMf@Ol@St@Of@_@fAS]Vu@Ni@CHK^Wt@R\a@z@u@`BUf@INmAfBOTkAvA[f@u@~@SWY]UYW]EGOQW[t@uAl@cA??P^R`@R`@Rb@BHNZTf@jAwANUlAgBHOTg@t@aB`@{@^gANg@Ru@Nm@Lg@b@aBJe@Rs@f@f@XRTPn@f@k@pC	Click to Generate
S2	20	1			2	Burton Roofing Merchants (S2)	Makro (S2)		1458	1094	g}xdIf}uGEO@g@KDOMo@g@UQYSg@g@Sr@Kd@c@`BMf@Ol@St@Of@_@fAS]Vu@Ni@CHK^Wt@R\a@z@u@`BUf@INmAfBOTkAvA[f@u@~@SWY]UYW]EGOQW[t@uAl@cA??P^R`@R`@Rb@BHNZTf@jAwANUlAgBHOTg@t@aB`@{@^gANg@Ru@Nm@Lg@b@aBJe@Rs@f@f@XRTPn@f@NLJEAf@DN	Click to Generate
S2	20	1			2	Burton Roofing Merchants (S2)	Makro (S2)		1485	1114	s|xdIz}uGSSEO@g@KDOMo@g@UQYSg@g@Sr@Kd@c@`BMf@Ol@St@Of@_@fAS]Vu@Ni@CHK^Wt@R\a@z@u@`BUf@INmAfBOTkAvA[f@u@~@SWY]UYW]EGOQW[t@uAl@cA??P^R`@R`@Rb@BHNZTf@jAwANUlAgBHOTg@t@aB`@{@^gANg@Ru@Nm@Lg@b@aBJe@Rs@f@f@XRTPn@f@NLJEAf@DNRR	Click to Generate
S2	45	1			2	Arbourthorne Community Primary School (S2)	Momma Katz (S2)		3112	2334	cotdI|lyGAZG~@GdAKzACb@Gz@?FIfAGt@E`@Kz@EZEXG\_@SUMk@]i@]i@c@OKSSKIMK[_@Q[OSM[GOCEK]GSJKHGFADDDJBFFFBAtAy@??uAx@C@GGCGEKEEG@IFKJFRJ\BDFNLZNRPZZ^LJJHRRNJh@b@h@\j@\TL^RSz@Qv@Wx@Od@MXGNMXSd@EHGHMVHR@BBBHDJ?F?FC`B]r@On@OVGFAF?F?F?PD`@LH@l@XLHPJRAFAH?DCHCBGLW@EJSJQLSFIBG@AN[@EFIBENYR[HMJOTUPOhBaBLKJMJM`@k@BCPYf@s@AKAI?M?K?I@]AS?[A]EYISIMKGGAU@CBMJIJi@dAQ\g@`AUd@CBcAvBA?dAwBBCTe@f@aAP]h@eAHKLKBCTAF@JFHLHRDX@\?Z@RA\?H?J?L@H@Jg@r@QXCBa@j@KLKLMJiB`BQNUTKNILSZOXCDGHADOZA@CFGHMRKPKRADMVCFITEHCLKIGGEGGGQKMIm@YIAFu@HsA?IBe@@OEQMIK?a@NK@KEGKGOAS?C?WJo@@KPy@Py@H]@GLm@VqADSBKJw@@IAUCQIMICEAQHYTSRQRGDGFIBEA[EBc@J{AFeAF_A@[	Click to Generate
S2	15	1			2	East Bank Medical Centre (S2)	The Spires Centre (S2)		1419	1064	k{tdIvxwGAFAXDVJTLFH@@`@B^BbAFrALCH?ZGNCb@Er@I`@G?YEqAC_@mANlAOHpB?XDAl@Ir@KI}@Gy@Em@AICe@C_@Ca@Cg@Ag@Ci@A]?_@AS?KAU?y@?a@?O?_A?e@@]@e@Bg@BW@]Dm@FaABi@Bc@D}@Bu@D}AQASCg@KkAQEn@Gz@Gp@Ep@EjAE|@Ah@CxAAhA?L@~A@vAARCJEFIBw@J}@NF`BBv@@XBd@GDIHELCJ	Click to Generate
S2	10	1			2	Mandala (S2)	Heeley Sidings (S2)		854	640	wgtdInn_H_@QGC@Y?G@IDUDQIIGEGIOMKIGGOIKEA\GnALBMCFoA@]HB@@NHFFJHNLFHFDHHZZl@d@X\dAhANPJJEJCFILCHEJKh@ITGXD\@B@@BFn@pARa@R]u@}AMV@R@Dj@hAS`@o@qAEIACE]FYAQDq@BKBQJS[]{@iAMQGRENADECUK	Click to Generate
S2	20	1			2	I Said Bread (S2)	Kingdom Hall of Jehovah's Witnesses (S2)		1844	1383	q}sdIxi~GdAhBlCmGEcBmBHMaHKuG?G{BNG?E?o@DWBJlIDDt@ARAHlDHbFDZuCzG]z@wAfDgC~Fk@vAEJWj@Yp@CTz@\\PJDNHFFJHJ_@X_A^iAhA_DhCaGfAeCjBgEeAiB	Click to Generate
S2	15	1			2	Boots (S2)	Alam Hill Books (S2)		1227	920	uhtdI`k_HDBZZl@d@X\dAhANPJJEJCFILCHEJKh@ITGXIA??AAAAEICEAEUg@BqAD@T^CjAEJ@DHN@@@@??H@FYAQDq@BKBQJS[]{@iAMQg@s@[[IIGEGIOMKIGGOIKE]Q{@]BUXq@Vk@DKj@wAxAiDdC}FHLpAvBiC`GiA~C_@hAY~@K^NLFHFDBD	Click to Generate
S2	15	1			2	Boots (S2)	Alam Hill Books (S2)		1227	920	mhtdIfk_HXXl@d@X\dAhANPJJEJCFILCHEJKh@ITGXIA??AAAAEICEAEUg@BqAD@T^CjAEJ@DHN@@@@??H@FYAQDq@BKBQJS[]{@iAMQg@s@[[IIGEGIOMKIGGOIKE]Q{@]BUXq@Vk@DKj@wAxAiDdC}FHLpAvBiC`GiA~C_@hAY~@K^NLFHFDHH@@	Click to Generate
S2	20	1			2	Nether Edge Primary School (S2)	Broadfield Park (S2)		1609	1207	wwtdItjaHBITkANq@`@_CFc@d@uE^aEL_BFi@BM?EBG@EN]DFDHDHBDFFBBJHRPRNDDNJ\T\XRPQr@CFAFUhAAJ[zAERMj@AD?B?B?D@B@BJFr@d@FDFDl@wCBONu@XwAQWIKKMKKKKMKSQ]Y]UOKEESOSQKICCGGCEEIEIEGKUISCKGMEMCKCMIi@ESESEOGSc@w@GGC[BEHENIPI`@QDC\MJCFCHCDAD?R?@NBJ@F?R@R?JEh@A^Ab@?@EpA?HAHCHAHAFIVEJCHKVO\ADCF?DCLGh@M~A_@`Ee@tEGb@a@~BOp@UjACH	Click to Generate
S2	45	1			2	Woodbourn Road Stadium (S2)	Makro (S2)		3145	2359	efzdIt|vGBE~@iAPe@Bo@yFcGs@cAe@_@m@_@OGq@s@aAeAIGMGM\]bAMp@G\ADQlAd@ZLLAV?\FRN@??VIWHOAGS?]@WMMe@[PmA@EF]Lq@OMUQY[_@pAQt@Gb@a@~BIf@m@bDId@Kb@EPGPABAVAHCLJLFFDFZRZPpEhCxBlAJF@@lAn@d@VJDDBl@\^RbAj@b@V^Rl@\j@Vp@^NHt@d@BBNPPXT`@d@yBBOJs@Hu@PwAJy@PkABQTiAR{@f@eBJ]\aAx@gBFKDMSWY]UYW]EGOQW[t@uAl@cA??P^R`@R`@Rb@BHNZTf@[f@u@~@ELGJy@fB]`AK\g@dBSz@UhACPQjAKx@QvAIt@Kr@CNe@xBUa@QYOQCCu@e@OIq@_@k@W`@wCJo@AQEI}@g@g@YwAw@`@aBX{@Vc@	Click to Generate
S2	30	1			2	Gleadless Medical Centre (S2)	Pizza City (S2)		2675	2006	ubtdIf_zGv@_BBCTe@f@aAP]h@eAHKLKBCTAF@JFHLHRDX@\?Z@RA\?H?J?L@H@Jg@r@QXCBa@j@KLKLMJiB`BQNUTKNILSZOXCDGHADOZA@CFGHMRKPKRADHNZl@??[m@IOMVCFITEHCLKIGGEGGGQKMIm@YIAFu@HsA?IBe@@OEQMIK?a@NK@KEGKGOAS?C?WJo@@KPy@Py@H]@GLm@VqADSBKJw@@IAUCQIMICEAQHYTSRQRGDGFIBEA[EBc@J{AFeAF_A@[B[By@@WfATB_@C^gAUAVCx@Ev@G~@GdAKzACb@Gz@?FIfAGt@E`@Kz@EZEXG\Sz@Qv@Wx@Od@MXGNMXSd@EHGHMVHR@BBBHDJ?F?FC`B]r@On@OVGFAF?F?F?PD`@LH@l@XLHPJRAFAH?DCHCBGLW@EJSJQLSFIBG@AN[@EFIBENYR[HMJOTUPOhBaBLKJMJM`@k@BCPYf@s@AKAI?M?K?I@]AS?[A]EYISIMKGGAU@CBMJIJi@dAQ\g@`AUd@CBw@~A	Click to Generate
S2	15	1			2	Path up to the Cholera Monument, Sheffield (S2)	Substantial Victorian houses in Norfolk Road (S2)		1105	829	c|wdI`f|Gb@GB`@AF?BABABABC@A@u@LgAPG@EBEDABGJc@c@EC_A_ACCuAuA{@y@SQg@g@IKGMvAaDFMn@}Ad@gAGKw@oAv@nAFJuAdDGLwA`DFLHJf@f@RPz@x@tAtABB~@~@DBb@b@FK@CDEDCFA|B_@@ABA@C@C@C?C@GCa@c@F	Click to Generate
S2	20	1			2	Best Pizza (S2)	Alberts (S2)		1528	1146	mxudIjixGeAbAcA~@I[Ke@GUw@_DCGIUOEIAGA?S?O?KCQKc@e@{AIUCGMc@EQCE?EAGAG?CAI?I@I?I@E@CDIDKDEb@w@HKd@{@jBkDj@cA\q@N[\q@vAgCLYRYBCDINUNY@DBDFPXf@?JKRE@Ym@ESCGACOTEHCBSX?BMTwAfCm@lA]p@k@bAkBjDe@z@IJc@v@EDEJEHABAD?HAH?H@H?B@F@F?DBDDPLb@BFHTd@zAJb@BP?J?N?RF@H@NDHTBFv@~CFTJd@HZbA_AdAcA	Click to Generate
S2	20	1			2	The Spires Centre (S2)	East Bank Medical Centre (S2)		1595	1196	altdIzpwG???FEDy@N_ARKBq@H?_@AS?KAU?y@?q@?_A?e@@]@e@Bg@BW@]Dm@FaABi@Bc@D}@Bu@D}A@}@?G?Y?]?K?_@?]AQASCYF?FDP\N^WNQH?^?J?\?X?FA|@E|ACt@E|@Cb@Ch@G`AEl@A\CVCf@Ad@A\?d@?~@?N?`@?x@@T?J@R?^@\Bh@@f@Bf@B`@B^Bd@@HDl@Fx@H|@s@Jm@HE@?YEqAC_@mANlAOHpB?XDAl@Ir@KI}@Gy@Em@AICe@C_@Ca@Cg@Ag@Ci@A]p@IJC~@Sx@ODE?G??	Click to Generate
S2	15	1			2	Path up to the Cholera Monument, Sheffield (S2)	Substantial Victorian houses in Norfolk Road (S2)		1364	1023	k}wdIzs{GiAoBEGGCC?CAI?G@I@E?CAQUCDuA|CuAdDGLwA`DFLHJf@f@RPz@x@tAtABB~@~@DBb@b@FK@CDEDCFAfAQt@M@ABA@C@C@C?C@GCa@c@Fb@GB`@AF?BABABABC@A@}B^G@EBEDABGJc@c@EC_A_ACCuAuA{@y@SQg@g@IKGMvAaDFMn@}Ad@gAtA}CBEPTB@D?HAFAH?B@B?FBDFhAnB	Click to Generate
S2	15	1			2	Path up to the Cholera Monument, Sheffield (S2)	Substantial Victorian houses in Norfolk Road (S2)		1105	829	c|wdI`f|Gb@GB`@AF?BABABABC@A@u@LgAPG@EBEDABGJc@c@EC_A_ACCuAuA{@y@SQg@g@IKGMvAaDFMn@}Ad@gAGKw@oAv@nAFJuAdDGLwA`DFLHJf@f@RPz@x@tAtABB~@~@DBb@b@FK@CDEDCFA|B_@@ABA@C@C@C?C@GCa@c@F	Click to Generate
S2	20	1			2	Windy House Lane Pocket Park (S2)	UBU (S2)		1972	1479	}{udIl}uGXX~DjEELCFCBg@^AGGW??FV@Ff@_@BCBGDMNNzA|At@x@@?l@p@IJcAnAGF{@v@w@^k@^u@Ts@RYDYDg@HG??TBx@Bl@Fj@FX@HDRJ\`AzB`AtBJR@BLYRYBCDINUNY^q@BEzAqC`ByC|A}C^q@`AgB`AmBVo@Xw@L[d@y@@E@E?C@E?E?G?E?C?EAC?A?EAEAEAGCEAEEG[SmBkA_BcAsA}@UQoA_Ae@g@EIY]MLKHQB]?QKSSQPyA|AABe@f@w@v@Y\AJAL?BETZ\	Click to Generate
S2	15	1			2	Virgin Crucible (S2)	The Hardy Pick (S2)		1334	1000	cotdIvp`HGESQKICCGGCEEIEIEGKUISCKGMEMCKCMIi@ESESEOGSc@w@GGC[BEHENIPI`@QDC\MJCFCHCDAD?R?P?F?PBD?`@ENCWeDCUCOIQIWM]Zk@[j@L\HVHPBNBTBXRjCRGDCHGFGBCBEDEv@pBlAzCHPf@{@Se@GO_@}@JSV_@c@r@^|@FNRd@g@z@IQmA{Cw@qBEDCDCBGFIFEBSFOBa@DE?KJIFCBIF?R@R?JEh@A^Ad@EpA?`A?f@?L?P?JBVRPFD	Click to Generate
S2	20	1			2	The Spires Centre (S2)	East Bank Medical Centre (S2)		1595	1196	altdIzpwG???FEDy@N_ARKBq@H?_@AS?KAU?y@?q@?_A?e@@]@e@Bg@BW@]Dm@FaABi@Bc@D}@Bu@D}A@}@?G?Y?]?K?_@?]AQASCYF?FDP\N^WNQH?^?J?\?X?FA|@E|ACt@E|@Cb@Ch@G`AEl@A\CVCf@Ad@A\?d@?~@?N?`@?x@@T?J@R?^@\Bh@@f@Bf@B`@B^Bd@@HDl@Fx@H|@s@Jm@HE@?YEqAC_@mANlAOHpB?XDAl@Ir@KI}@Gy@Em@AICe@C_@Ca@Cg@Ag@Ci@A]p@IJC~@Sx@ODE?G??	Click to Generate
S2	30	1			2	Windy House Lane Pocket Park (S2)	Archdale School (S2)		2080	1560	gavdIr{uG`@K?Q@QF[JWHIJGHCP@LBDDDHDNHZ@N@NAJAL?BETt@v@~DjEELCFCBg@^AGGW??FV@Ff@_@BCBGDM_EkEu@w@CFCFGJEDGDEBE@I@EAGAECEEGGEKIWE]?Q@QF[JWHIJGHC?SMaEE_CGqAKk@Qi@Uc@IKMM_@Ym@a@c@WGEAFEBC@E?ECCCCG?I?IICaDwAUMCN?@CFg@hA]v@BFBBP`@[p@[p@Xn@\o@??]n@Yo@Zq@Zq@Qa@CCCG\w@f@iABG?ABOTL`DvAHB@IBGBEDAF@BB@BBF@F?FAFADFDb@Vl@`@^XLLHJTb@Ph@Jj@FpAD~BL`E?RP@LBDDDHDNHZ@N@NAJAL?BETCFCFGJEDGDEBE@I@EAGAECEEGGEKIWE]a@J	Click to Generate
S2	5	1			2	Manor Park Medical Centre (S2)	Temple Park Centre (S2)		597	448	qzwdItbvGWm@CCGGIGICGAG?GBWVCDC?A?MIp@kACMAM@M@GDIFEFA??HBDHx@gAZc@TSVMRGF?ARGV?p@?I?g@FW@SG?SFWLUR[b@y@fADJ@L?FCLEJEDK@GCGIq@jALH@?B?BEVWFCF?F@HBHFFFBBVl@	Click to Generate
S2	30	1			2	Temple Park Centre (S2)	Castle View Park (S2)		2428	1821	ufwdIlmuGABBl@Wf@]p@_AlBw@~@s@b@q@Jq@@g@E{@CkACQ@ARGV?p@?I?g@FW@SG?SFWLUR[b@y@fADJ@L?FCLEJrAjCr@`Bl@bBJSh@{@NUHEHAL?jBb@jA`@zBp@^Lp@T|Ah@l@^Zb@Pb@BH@DHd@Dr@A`AKv@ENe@jAe@aAQUyDq@WGaAOq@a@QSUe@KO^}@\cBNwBkAa@kBc@M?I@IDOTi@z@KRm@cBs@aBsAkCEDK@GCGICMAM@M@GDIFEFAHBDHx@gAZc@TSVMRGF?PAjABz@Bf@Dp@Ap@Kr@c@v@_A~@mB\q@Vg@Cm@@C	Click to Generate
S2	15	1			2	Cholera Monument, Sheffield (S2)	Path up to the Cholera Monument, Sheffield (S2)		1176	882	cfxdItv{Go@|AGLjAlBIZADAF?D?\?z@?F@DBFBFCGCGAE?G?{@?]?E@G@EH[??kAmBwA`DFLHJf@f@RPz@x@tAtABB~@~@DBb@b@FK@CDEDCFAfAQt@M@ABA@C@C@C?C@GCa@c@Fb@GB`@AF?BABABABC@A@}B^G@EBEDABGJc@c@EC_A_ACCuAuA{@y@SQg@g@IKGMvAaDFMn@}A	Click to Generate
S2	20	1			2	Broadfield Park (S2)	The Hardy Pick (S2)		1579	1184	iltdI`s`HYW]UOKEESOSQKICCGGCEEIEIEGKUISCKGMEMCKCMIi@ESESEOGSc@w@GGC[BEHENIPI`@QDC\MJCFCHCDAD?R?@NBJ@F?R@R?JEh@A^Ab@?@EpA?HAHCHAHAFIVEJCHKVKUISCKGMEMCKCMIi@ESESEOGSc@w@GGC[BEHENIPI`@QDC\MJCFCHCDAD?R?P?F?PBD?`@ENCRGDCHGFGBCBEDEv@pBlAzCHPf@{@Se@GO_@}@JSV_@c@r@^|@FNRd@g@z@IQmA{Cw@qBEDCDCBGFIFEBSFOBa@DE?KJIFCBIF?R@R?JEh@A^Ad@EpA?`A?f@?L?P?JBVRPRNDDNJ\TXV	Click to Generate
S2	15	1			2	Alam Hill Books (S2)	Boots (S2)		1227	920	gitdInh_HRq@^iAhA_DhCaGqAwBIMeC|FyAhDk@vAEJWj@Yp@CTz@\\PJDNHFFJHNLFHFDHHZZl@d@X\dAhANPJJEJCFILCHEJKh@ITGXIA??AAAAEICEAEUg@BqAD@T^CjAEJ@DHN@@@@??H@FYAQDq@BKBQJS[]{@iAMQg@s@[[IIGEGIOMJ_@DM	Click to Generate
S2	15	1			2	Gin Bar (S2)	Broadfield Park (S2)		1077	808	{ktdIls`HII]Y]UOKEESOSQKICCGGCEEIEIEGKUISCKGMEMCKCMIi@ESESEOGSc@w@GGGGGIQYGPEFMVDL@@BH?F?vC?V?zB?|@A\AZCn@\J@?B@@B@@@B@BBD?B@D?FHlA?B?B@D?B@@@B@B@@@@BB@?B@VH^aEL_BFi@@C@I?EBG@EN]JWBIDKHW@G@IBI@I?IDqA@e@@_@Eg@ASAMASCQGQR?@NBJ@F?R@R?JEh@A^Ab@?@EpA?`A?f@?L?P?JBVRPRNDDNJ\T\XHH	Click to Generate
S2	5	1			2	Top Chopper (S2)	Broadfield Park (S2)		634	476	kktdIzs`HEESQ]Y]UOKEESOSQKIEd@?BDi@CCGGCEEIEIEGKUISCKGMEMCKCMIi@ESESEOGSc@w@GGC[BEHENIPI`@QDC\MJCFCHCDAD?R?@NBJ@F?R@R?JEh@A^Ab@?@EpA?`A?f@?L?P?JBVRPRNDDNJ\T\XRPDD	Click to Generate
S2	10	1			2	Manor Park Medical Centre (S2)	St Vincent's (S2)		721	541	ewwdI`{uG?g@FW@SG?SFWLUR[b@y@fADJ@L?FCLEJEDK@GCGICMAM@M@GDIFEFA??HBDHDJ@L?FCLEJrAjCr@`BOV_@}@k@qAWm@CCGGIGICGAG?GBWVCDC?A?MIp@kACMAM@M@GDIFEFAHBDHx@gAZc@TSVMRGF?ARGV?f@	Click to Generate
S2	5	1			2	Well Pharmacy (S2)	Gleadless Medical Centre (S2)		545	409	a}sdIt~yG??AL?F?BHRKLKLMJiB`BQNUT??KNILSZOXCDGHADOZA@CFGHMRKPKRADHNZl@??[m@IO@EJSJQLSFIBG@AN[@EFIBENYR[HMJOTUPOhBaBLKJMJMIS?C?G@M??	Click to Generate
S2	10	1			2	Another Level (S2)	Alam Hill Books (S2)		890	668	gktdIzh_HHDNHFFJHNLFHFDHHZZj@b@@@ELg@s@[[IIGEGIOMKIGGOIKE]Q{@]BUXq@Vk@DKj@wAxAiDdC}FHLpAvBiC`GiA~C_@hAY~@K^KIGGOIIE	Click to Generate
S2	10	1			2	Newfield Green Clinic (S2)	Newfield Green Dental Surgery (S2)		766	574	g~sdIrazGaBxAQNUTKNILSZOXKSGK??FJJRCDGHADOZA@CFGHMRKPKRADMVCFITEHCLKIGGEGGGQKMIm@YIAFu@HsA?Ic@Gb@F?HIrAGt@H@l@XLHPJRAD?@AH?DCHCBGLW@EJSJQLSFIBG@AN[@EFIBENYR[HMJOTUPO`ByA	Click to Generate
S2	15	1			2	Path near the Cholera Monument, Sheffield (S2)	Path up to the Cholera Monument, Sheffield (S2)		1081	811	c|wdI`f|Gb@GB`@AF?BABABABC@A@}B^G@EBEDABGJc@c@EC_A_ACCuAuA{@y@SQg@g@IKGMvAaDjAlBIZADAF?D?\?z@?F@DBFBFCGCGAE?G?{@?]?E@G@EH[??kAmBwA`DFLHJf@f@RPz@x@tAtABB~@~@DBb@b@FK@CDEDCFAfAQt@M@ABA@C@C@C?C@GCa@c@F	Click to Generate
S2	15	1			2	Path up to the Cholera Monument, Sheffield (S2)	Substantial Victorian houses in Norfolk Road (S2)		1105	829	c|wdI`f|Gb@GB`@AF?BABABABC@A@u@LgAPG@EBEDABGJc@c@EC_A_ACCuAuA{@y@SQg@g@IKGMvAaDFMn@}Ad@gAGKw@oAv@nAFJuAdDGLwA`DFLHJf@f@RPz@x@tAtABB~@~@DBb@b@FK@CDEDCFA|B_@@ABA@C@C@C?C@GCa@c@F	Click to Generate
S2	20	1			2	East Bank Medical Centre (S2)	The Spires Centre (S2)		1601	1201	kytdI|wwG??DPDV?\IRGLSH@`@B^BbAFrALCH?ZGNCb@Er@I`@G?YEqAC_@mANlAOHpB?XDAl@Ir@KI}@Gy@Em@AICe@C_@Ca@Cg@Ag@Ci@A]?_@AS?KAU?y@?q@?_A?e@@]@e@Bg@BW@]Dm@FaABi@Bc@D}@Bu@D}A@}@?G?Y?]?K?_@?]AQASCYF?FDP\N^WNQH?^?J?\?X?FA|@E|ACt@E|@Cb@Ch@G`AEl@A\CVCf@Ad@A\?d@?~@?N?`@?x@@T?J@R?^@\Bh@@f@Bf@yARoBXOBQ@EWEQ??	Click to Generate
S2	5	1			2	Porcelanosa (S2)	Meersbrook Park Church (S2)		624	468	wctdIjw_HEIACE]FYAQDq@BKBQJS[]{@iAMQGRENADECUK_@QGC@Y?G@IDUDQZZl@d@X\dAhANPJJPRPTRZ@BBDDHN^LZZ`A[k@KQIQOUOWWa@EGW[ILCHEJKh@ITGXD\@BDH	Click to Generate
S2	45	1			2	Boots (S2)	Broadfield Park (S2)		3280	2460	wftdI`c`HKR^|@FNRd@g@z@IQmA{Cw@qBEDCDCBGFIFEBSFOBa@DE?KJIFCBIFEACACCCAAGGQCIEMAGEKEOISQk@]u@oAeDg@kAeAgCi@oAMc@Y_ACMCICCEIEGEGGEa@UaAm@kBiAmAs@MIIIGGIIGMEIOc@EKAKCME]K}@Gc@Ks@ASEc@Ce@T@B?H?XAFAF?REZ?b@Av@A\?V?J@H@D@B@JDHDHHTRTTX\PTPTZd@`@n@f@t@f@t@HLFFDHLNDFBBVXLLFDXPNJNHPLTH\Pd@PHBFBZLz@\\PJDNHFFJHNLFHFDHHZZl@d@X\dAhANPJJEJCFILCHEJKh@ITGXIA??AAAAEICEAEUg@BqAD@T^CjAEJ@DHN@@@@??H@FYAQDq@BKBQJS[]{@iAMQg@s@[[IIGEGIOMKIGGOIKEA\GnAKnCALCJEFYn@CD?DAD?B?D@D@DXj@fAzBLZFTDRF`@@^E@C@A?C@EBCDe@p@EDCDCBGFIFEBSFOBa@DE?KJIFCBIF?R@R?JEh@A^Ab@?@EpA?HAHCHAHAFIVEJCHKVKUISCKGMEMCKCMIi@ESESEOGSc@w@GGC[BEHENIPI`@QDC\MJCFCHCDAD?R?P?F?PBD?`@ENCRGDCHGFGBCBEDEv@pBlAzCHPf@{@Se@GO_@}@JS	Click to Generate
S2	15	1			2	Boots (S2)	Alam Hill Books (S2)		1227	920	ihtdIlk_HTRl@d@X\dAhANPJJEJCFILCHEJKh@ITGXIA??AAAAEICEAEUg@BqAD@T^CjAEJ@DHN@@@@??H@FYAQDq@BKBQJS[]{@iAMQg@s@[[IIGEGIOMKIGGOIKE]Q{@]BUXq@Vk@DKj@wAxAiDdC}FHLpAvBiC`GiA~C_@hAY~@K^NLFHFDHHDF	Click to Generate
S2	10	1			2	Temple Park Centre (S2)	Manor Park Medical Centre (S2)		781	586	exwdIhkvGDIF[?SA[Gc@CINWs@aBsAkCEDK@GCGICMAM@M@GDIFEFAHBDHx@gAZc@TSVMRGF?ARGV?p@?I?g@FW@SG?SFWLUR[b@y@fADJ@L?FCLEJEDK@GCGICMAM@M@GDIFEFA??HBDHDJ@L?FCLEJrAjCr@`BOVBHFb@@Z?RGZEH	Click to Generate
S2	20	1			2	Bronze & Polished (S2)	Sheffield Inclusion Centre (S2)		1810	1358	kyudIthwGrAaCLYRYBCDINUNYJORa@~AwC`ByC|A}C@DHNf@bALZBFPh@Lb@?BH\Jt@Hv@Dh@@JIJMRQ^]r@m@nA@TPvBNjCHhBFjAD|ADlAB~@G?I@MHo@l@k@h@k@h@gAdAa@^WTUTu@t@qBjBw@v@eAbAcA~@I[Ke@GUw@_DCGIUOEIAGA?S?O?KCQKc@e@{AIUCGMc@EQCE?EAGAG?CAI?I@I?I@E@CDIDKDEb@w@HKd@{@jBkDj@cA\q@l@mABE	Click to Generate
S2	10	1			2	Springs Leisure Centre (S2)	The Co-operative Food (S2)		815	611	crtdIhmwG?`@?x@@T?J@R?^p@IJC~@Sx@ODE?G??Cu@UBe@nA_ARKBq@H@\Bh@@f@Bf@yARoBXOBQ@k@HCcAVBJJ??DPDVPANCnBYxASCg@Ag@Ci@A]?_@AS?KAU?y@?a@	Click to Generate
S2	15	1			2	International Automatic Cars (S2)	Boots (S2)		1178	884	wetdI~i_H{AaBY~@K^KIGGOIKE]Q{@]BUXq@Vk@DKPXVd@H@t@aBu@`BIACES_@QYEJWj@Yp@CTz@\\PJDNHFFJHNLFHFDHHZZl@d@X\dAhANPJJEJCFILCHEJKh@ITGXIA??AAAAEICEAEUg@BqAD@T^CjAEJ@DHN@@@@??H@FYAQDq@BKBQJS[]{@iAMQg@s@[[IIGEGIOMJ_@X_AzA`B	Click to Generate
S2	15	1			2	MJ Dressmaker & Designer (S2)	Broadfield Park (S2)		1245	934	qptdIzp`HDe@JHRPRNDDNJ\T\XRPQr@CFAFWtA[zAERMj@AD?B?B?D@B@BJFr@d@FDFDl@wCBONu@XwAQWIKKMKKKKMK??SQ]Y]UOKEESOSQKICCGGCEEIEIEGKUISCKGMEMCKCMIi@ESESEOGSc@w@GGC[BEHENIPI`@QDC\MJCFCHCDAD?R?@NBJ@F?R@R?JEh@A^Ab@?@EpA?`A?f@?L?P?JBVRPRNDDNJ\TPcA@I`@wB@GAFa@vBAHQbA]UOKEESOSQKIEd@	Click to Generate
S2	15	1			2	Broadfield Park (S2)	Virgin Crucible (S2)		1193	895	untdIbq`HAASOSQKICCGGCEEIEIEGKUISCKGMEMCKCMIi@ESESEOGSc@w@GGC[BEHENIPI`@QDC\MJCFCHCDAD?R?@NBJ@F?R@R?JEh@A^Ab@?@EpA?HAHCHAHAFIVEJCHKVKUISCKGMEMCKCMIi@ESESEOGSc@w@GGC[BEHENIPI`@QDC\MJCFCHCDAD?R?P?F?PBD?`@ENCSkCCYCUCOIQIWM]Zk@[j@L\HVHPBNBTVdDOBa@DE?KJIFCBIF?R@R?JEh@A^Ad@EpA?`A?f@?L?P?JBVRPRN@@	Click to Generate
S2	20	1			2	Kwik Fit (S2)	Leaves (S2)		1928	1446	gsudIh_wGCD_@p@OXOTEHCBSXMXwAfCm@lA]p@k@bAkBjDe@z@CEEIk@mAj@lADHBDd@{@jBkDj@cA\q@l@mAdAkBP[ACKSaAuBaA{BK]ESAIGYGk@Cm@Cy@?UF?f@IXEXEr@St@Uj@_@v@_@z@w@FGbAoAHKpBvC??qBwCIJcAnAGF{@v@w@^k@^u@Ts@RYDYDg@HG??TBx@Bl@Fj@FX@HDRJ\`AzB`AtBJR@BLYRYBCDINUNY^q@BE	Click to Generate
S2	10	1			2	Temple Park Centre (S2)	Manor Park Medical Centre (S2)		697	523	axwdItgvG?ECINWs@aBsAkCEDK@GCGICMAM@M@GDIFEFAHBDHx@gAZc@TSVMRGF?ARGV?p@?I?g@FW@SG?SFWLUR[b@y@fADJ@L?FCLEJEDK@GCGICMAM@M@GDIFEFA??HBDHDJ@L?FCLEJrAjCr@`BOVBH?D	Click to Generate
S2	20	1			2	Kingdom Hall of Jehovah's Witnesses (S2)	I Said Bread (S2)		1632	1224	}`tdIvm~G_AvB]z@wAfDgC~Fk@vAEJWj@Yp@CT[MGCICe@Q]QUIQMOIOKYQGEMMWYCCEGBO@EHYFMDKHKJQLQJOtA_BHKf@q@~BaDFGv@kApAoE|@eDJy@BcA?m@QuEW_G?WF?lAL`@?LAJlIDDt@ARAHlDHbFDZuAbD	Click to Generate
S2	15	1			2	Broadfield Park (S2)	The Hardy Pick (S2)		1107	830	mmtdId}_HRjCOBa@DE?KJIFCBIF?R@R?JEh@A^Ab@?@EpA?HAHCHAHAFIVEJCHKVKUISCKGMEMCKCMIi@ESESEOGSc@w@GGC[BEHENIPI`@QDC\MJCFCHCDAD?R?P?F?PBD?`@ENCRGDCHGFGBCBEDEv@pBlAzCHPf@{@Se@GO_@}@JSV_@c@r@^|@FNRd@g@z@IQmA{Cw@qBEDCDCBGFIFEBSFSkC	Click to Generate
S2	10	1			2	Gleadless Medical Centre (S2)	Terry Wright Community Hall (S2)		677	508	qbtdIrezG??KNILSZOXCDGHADOZA@CFGHMRKPKRADHNZl@??[m@IO@EJSJQLSFIBG@AN[@EFIBENYR[HMJOTUPOhBaBLKJMJMIS?C?G@M??j@y@BCZi@LKH??L@H@Jg@r@QXCBa@j@KLKLMJiB`BQNUT	Click to Generate
S2	15	1			2	Singh's (S2)	Leaves (S2)		1061	796	cwudIlevGFV@Ff@_@BCBGDM_EkEu@w@CFCFGJEDGDEBE@I@EAGAECEEGGEKIWE]?Q@QF[JWHIJGHCP@LBDDDHDNHZ@N@NAJAL?BETZ\XX~DjENNzA|At@x@@?l@p@pBvC??qBwCm@q@A?u@y@{A}AOOELCFCBg@^AGGW	Click to Generate
S2	5	1			2	I Said Bread (S2)	74th Oak Street Scout Group (S2)		600	450	o}sdIbp}Gw@FG?LxIS@u@@EEKmIVCEmCCsBAq@AKv@EJ~HF?v@G	Click to Generate
S2	30	1			2	Sheffield Animal Centre (S2)	Highfield Motors (S2)		2157	1618	utzdIprvGOAGS?]@WMMe@[PmA@EF]Lq@\cAL]LFHF`AdAp@r@NFl@^d@^r@bAxFbGCn@Qd@_AhACDWb@Yz@a@`BOHK@k@EMBGFEFCPALAp@?JAHAHAHCBAFEHe@WmAo@AAKGyBmAqEiC[QOAM?KAKAQAM@SFURa@`@IHa@d@q@p@S\EDWVDNb@nBBHHd@XtAKXEGCEWZEMIQ??CFEJGKCGOWhAeAIe@CIc@oBEOK[BIBCPENEREp@q@`@e@HI`@a@TSHSL_@DGHQBGNM@CFQDQJc@He@l@cDHg@`@_CFc@Pu@^qAXZTPNLMp@G\ADQlAd@ZLLAV?\FRN@	Click to Generate
S2	15	1			2	East Bank Medical Centre (S2)	The Spires Centre (S2)		1419	1064	e{tdIdxwGADERAXDVJTLFH@@`@B^BbAFrALCH?ZGNCb@Er@I`@G?YEqAC_@mANlAOHpB?XDAl@Ir@KI}@Gy@Em@AICe@C_@Ca@Cg@Ag@Ci@A]?_@AS?KAU?y@?a@?O?_A?e@@]@e@Bg@BW@]Dm@FaABi@Bc@D}@Bu@D}AQASCg@KkAQEn@Gz@Gp@Ep@EjAE|@Ah@CxAAhA?L@~A@vAARCJEFIBw@J}@NF`BBv@@XBd@GDIHCF	Click to Generate
S2	20	1			2	Nether Edge Primary School (S2)	Broadfield Park (S2)		1621	1216	{wtdIfkaHF[TkANq@`@_CFc@d@uE^aEL_BFi@BM?EBG@EN]DFDHDHBDFFBBJHRPRNDDNJ\T\XRPQr@CFAFUhAAJ[zAERMj@AD?B?B?D@B@BJFr@d@FDFDl@wCBONu@XwAQWIKKMKKKKMKSQ]Y]UOKEESOSQKICCGGCEEIEIEGKUISCKGMEMCKCMIi@ESESEOGSc@w@GGC[BEHENIPI`@QDC\MJCFCHCDAD?R?@NBJ@F?R@R?JEh@A^Ab@?@EpA?HAHCHAHAFIVEJCHKVO\ADCF?DCLGh@M~A_@`Ee@tEGb@a@~BOp@UjAGZ	Click to Generate
S2	30	1			2	Windy House Lane Pocket Park (S2)	UBU (S2)		2371	1778	_~udIv`vGCyAI@EAGAECEEGGEKIWE]?Q@QF[JWHIJGHCP@LBDDDHDNHZ@N@NAJAL?BETt@v@~DjEELCFCBg@^AGGW??FV@Ff@_@BCBGDMNNBIHOb@g@x@kAp@kAt@sBR}@FYNc@`BfAXPb@`@RLHDDBXPjBnAh@?H?FALCJEHGHKFMN]FSTw@DOP_ABONYJg@DUDUBE@CBAB?B?D?D@DD^|@Tn@N\Rl@Jd@@HAd@ATCNENENGVGTEPKRi@F_@DODM@{@FWTO@]BK@GBC@IDGBIHEDEDABCBgB|CaAlBaAfB_@p@}A|CaBxC{ApCCD_@p@OXOTEHCBSXMXACKSaAuBaA{BK]ESAIGYGk@Cm@Cy@?UAOI}CEyACsASuG	Click to Generate
S2	30	1			2	Gleadless Medical Centre (S2)	Pizza City (S2)		2653	1990	gbtdIp~yGh@iABCTe@f@aAP]h@eAHKLKBCTAF@JFHLHRDX@\?Z@RA\?H?J?L@H@Jg@r@QXCBa@j@KLKLMJiB`BQNUTKNILSZOXCDGHADOZA@CFGHMRKPKRADHNZl@??[m@IOMVCFITEHCLKIGGEGGGQKMIm@YIAFu@HsA?IBe@@OEQMIK?a@NK@KEGKGOAS?C?WJo@@KPy@Py@H]@GLm@VqADSBKJw@@IAUCQIMICEAQHYTSRQRGDGFIBEA[EBc@J{AFeAF_A@[B[By@@WfATB_@C^gAUAVCx@Ev@G~@GdAKzACb@Gz@?FIfAGt@E`@Kz@EZEXG\Sz@Qv@Wx@Od@MXGNMXSd@EHGHMVHR@BBBHDJ?F?FC`B]r@On@OVGFAF?F?F?PD`@LH@l@XLHPJRAFAH?DCHCBGLW@EJSJQLSFIBG@AN[@EFIBENYR[HMJOTUPOhBaBLKJMJM`@k@BCPYf@s@AKAI?M?K?I@]AS?[A]EYISIMKGGAU@CBMJIJi@dAQ\g@`AUd@CBi@hA	Click to Generate
S2	20	1			3	Wobbly Wheel Cyclery (S2)	Meersbrook Service Station (S2)	I Said Bread (S2)	2057	1543	oatdInh}GBrBDlCn@ED?F?v@GbAG?FJtGnBKKsG?GOqKCK@_@@WAIAIoGeAa@GDWEkAAOHmBN}@RyAFUJ]hB\~Bb@rBjFQDqDo@qEw@IlBFzAEV`@FZ`CFfCJ~HLxIS@u@@EEKmIVCEmCCsB	Click to Generate
S2	45	1			3	The Hardy Pick (S2)	Virgin Crucible (S2)	Boots (S2)	3743	2807	yltdIbq`HId@]UOKEESOSQKICCGGCEEIEIEGKUISCKGMEMCKCMIi@ESESEOGSc@w@GGC[BEHENIPI`@QDC\MJCFCHCDAD?R?P?F?PBD?`@ENCRGDCHGFGBCBEDEv@pBlAzCHPf@{@Se@GO_@}@JSV_@c@r@^|@FNRd@g@z@IQmA{Cw@qBEDCDCBGFIFEBSFSkCCYCUCOIQIWM]Zk@[j@L\HVHPBNBTVdDOBa@DE?KJIFCBIFEACACCCAAGGQCIEMAGEKEOISQk@]u@oAeDg@kAeAgCi@oAMc@Y_ACMCICCEIEGEGGEa@UaAm@kBiAmAs@MIIIGGIIGMEIOc@EKAKCME]K}@Gc@Ks@ASEc@Ce@T@B?H?XAFAF?REZ?b@Av@A\?V?J@H@D@B@JDHDHHTRTTX\PTPTZd@`@n@f@t@f@t@HLFFDHLNDFBBVXLLFDXPNJNHPLTH\Pd@PHBFBZLz@\\PJDNHFFJHNLFHFDHHZZl@d@X\dAhANPJJEJCFILCHEJKh@ITGXIA??AAAAEICEAEUg@BqAD@T^CjAEJ@DHN@@@@??H@FYAQDq@BKBQJS[]{@iAMQg@s@[[IIGEGIOMKIGGOIKEA\GnAKnCALCJEFYn@CD?DAD?B?D@D@DXj@fAzBLZFTDRF`@@^E@C@A?C@EBCDe@p@EDCDCBGFIFEBSFOBa@DE?KJIFCBIF?R@R?JEh@A^Ad@EpA?`A?f@?L?P?JBVRPRNDDNJ\THe@	Click to Generate
S2	20	1			3	International Automatic Cars (S2)	Casa Italia (S2)	Valley Road Garage (S2)	1542	1156	ahtdIh{~GyAhDk@vAPXVd@H@t@aBu@`BIACES_@QYEJWj@Yp@CTz@\\PJDNHFFJHNLFHFDHHZZPNZTELg@s@[[IIGEGIOMJ_@X_A^iAhA_DhCaGfAeCjBgElCmGEcBmBHuBvEuAbD_AvB]z@eC|F	Click to Generate
S2	30	1			3	Leaves (S2)	Windy House Lane Pocket Park (S2)	UBU (S2)	2605	1954	ududI|gvGQXVo@Xw@L[d@y@@E@E?C@E?E?G?E?C?EAC?A?EAEAEAGCEAEEG[SmBkAGT]xAENa@jAq@|ASb@Q\_@r@q@z@pBvC??qBwCm@q@A?u@y@{A}AOOELCFCBg@^AGGW??FV@Ff@_@BCBGDMNNzA|At@x@@?l@p@IJcAnAGF{@v@w@^k@^u@Ts@RYDYDg@HG??TBx@Bl@Fj@FX@HDRJ\`AzB`AtBJR@BLYRYBCDINUNY^q@BEzAqC`ByC|A}C^q@`AgB`AmBVo@Xw@L[d@y@Ra@DIJUHOJSJQ`@_AN]FSTw@DOP_ABONYJg@DUDUBE@CBAB?B?D?D@DD^|@Tn@N\Rl@Jd@@HAd@ATCNENENGVGTEPKRi@F_@DODM@{@FWTO@]BK@GBC@IDGBIHEDEDABCBuAbC	Click to Generate
S2	30	1			3	Best Pizza (S2)	Leaves (S2)	Windy House Lane Pocket Park (S2)	2152	1614	ivudI|cwGMTwAfCm@lA]p@k@bAkBjDe@z@CEEIk@mAj@lADHBDd@{@jBkDj@cA\q@N[\q@vAgCACKSaAuBaA{BK]ESAIGYGk@Cm@Cy@?UF?f@IXEXEr@St@Uj@_@v@_@z@w@FGbAoAHKpBvC??qBwCm@q@A?u@y@{A}AOOELCFCBg@^AGGW??FV@Ff@_@BCBGDMNNzA|At@x@@?l@p@IJcAnAGF{@v@w@^k@^u@Ts@RYDYDg@HG??TBx@Bl@Fj@FX@HDRJ\`AzB`AtBJR@BLU	Click to Generate
S2	20	1			3	Ideal Hairdresser (S2)	The Hardy Pick (S2)	Virgin Crucible (S2)	1525	1144	kjtdIxt`H??KKKKMKSQ]Y]UOKEESOAAQOKICCGGCEEIEIEGKUISCKGMEMCKCMIi@ESESEOGSc@w@GGC[BEHENIPI`@QDC\MJCFCHCDAD?R?P?F?PBD?`@ENCRGDCHGFGBCBEDEv@pBlAzCHPf@{@Se@GO_@}@JSV_@c@r@^|@FNRd@g@z@IQmA{Cw@qBEDCDCBGFIFEBSFSkCCYCUCOIQIWM]Zk@[j@L\HVHPBNBTVdDOBa@DE?KJIFCBIF?R@R?JEh@A^Ad@EpA?`A?f@?L?P?JBVRPRNDDNJ\T\XRPLJJJJJ??	Click to Generate
S2	15	1			3	The Bhaji Shack (S2)	Boots (S2)	Meersbrook Park Church (S2)	1148	861	gftdIdm_H@@ELg@s@[[IIGEGIOMKIGGOIKEA\GnALBMCFoA@]@?HDNHFFJHNLFHFDHHZZl@d@X\dAhANPJJEJCFILCHEJKh@ITGXIA??AAAAEICEAEUg@BqAD@T^CjAEJ@DHN@@@@??H@FYAQDq@BKBQJSNMJJPRPTRZ@BBDDHN^LZZ`A[k@KQIQOUOWWa@EGW[QQ[]{@iAMQGRENAD?DAHAJAt@AP?R_AKECCC?C?CLaC@Y?G@IDUDQZZj@b@	Click to Generate
S2	45	1			3	Pizza City (S2)	Newfield Green Dental Surgery (S2)	Momma Katz (S2)	3524	2643	uxtdIvtyGuAx@C@GGCGEKEEG@IFKJEKGYCMMq@Ms@E_@K}@QcBDCx@o@|@s@d@]f@]hBqAXQRM`@W`Ak@n@]`@QLGFAAb@?N?L?FAd@Af@Ah@Cn@Al@Cv@AVCx@CZAZG~@GdAKzACb@Gz@?FIfAGt@E`@Kz@EZEXG\Sz@Qv@Wx@Od@MXGNMXSd@EHGHMVHR@BBBHDJ?F?FC`B]r@On@OVGFAF?F?F?PD`@LH@l@XLHPJRAD?@AH?DCHCBGLW@EJSJQLSFIBG@AN[@EFIBENYR[HMJOTUPOhBaBLKJMJM`@k@BCPYf@s@AKAI?M?K?I@]AS?[A]EYISIMKGGAU@CBMJIJi@dAQ\g@`AUd@CBcAvBA?dAwBBCTe@f@aAP]h@eAHKLKBCTAF@JFHLHRDX@\?Z@RA\?H?J?L@H@Jg@r@QXCBa@j@KLKLMJiB`BQNUTKNILSZOXCDGHADOZA@CFGHMRKPKRADMVCFITEHCLKIGGEGGGQKMIm@YIAFu@HsA?IBe@@OEQMIK?a@NK@KEGKGOAS?C?WJo@@KPy@Py@H]@GLm@VqADSBKJw@@IAUCQIMICEAQHYTSRQRGDGFIBEA[EGz@?FIfAGt@E`@Kz@EZEXG\_@SUMk@]i@]i@c@OKSSKIMK[_@Q[OSM[GOCEK]GSJKHGFADDDJBFFFBAtAy@	Click to Generate
S2	20	1			3	East Bank Medical Centre (S2)	The Spires Centre (S2)	Springs Leisure Centre (S2)	1882	1412	}ztdIxwwGCBELERAXDVJTLFH@@`@B^BbAFrALCH?ZGNCb@Er@I`@G?YEqAC_@mANlAOHpB?XDAl@Ir@KI}@Gy@Em@AICe@C_@Ca@Cg@Ag@Ci@A]?_@AS?KAU?y@?q@?_A?e@@]@e@Bg@BW@]Dm@FaABi@Bc@D}@Bu@D}A@}@?G?Y?]?K?_@?]AQASCYF?FDP\N^WNQH?^?J?\?X?FA|@E|ACt@E|@Cb@Ch@G`AEl@A\CVCf@Ad@A\?d@?~@?N?`@?x@@T?J@R?^p@IJC~@Sx@ODE?G??Cu@UBe@nA_ARKBq@H@\Bh@@f@Bf@yARoBXOBQ@EWEQKKWCGDED	Click to Generate
S2	60	1			3	St Swithun (S2)	No.1 Chinese Takeaway (S2)	Windy House Lane Pocket Park (S2)	4617	3463	gnvdIphuG]n@Yo@Zq@Zq@Qa@CCCG\w@f@iABG?ABOTL`DvAHB@IBGBEDAF@BB@BBF@F?FAFADFDb@Vl@`@^XLLHJTb@Ph@Jj@FpAD~BL`E?RP@LBDDDHDNHZ@N@NAJAL?BETCFCFGJEDGDEBE@I@EAGAECEEGGEKIWE]a@JcB^_ATYHJkDd@oCBKeBkBaAeAEEGIGLKJEDMFa@@S@UBUH}@f@k@d@MJa@\e@n@i@t@OTaAlBe@z@e@x@SLUHQ?SEOGOGWOECeCwAiBcAa@a@U[S]GI~@mB\q@Vg@Cm@LWP_@ZHFM\o@NYv@{A`BkDfB_DFIHOb@}@NWx@{AFOBEDGTe@jAaCnA}BpAmCNWN[Zk@dCQb@E`@?T?V@D@dAVx@d@f@\DDLLVZT^`@r@Xl@Xr@Nh@Hd@H^Hb@Fh@Fl@BN?HDp@\xDVpC?JDf@Hz@J`AFf@Jf@Jh@^rABJFRZt@\r@FJb@j@b@d@lAx@Ob@GXS|@u@rBq@jAy@jAc@f@INCHOOELCFCBg@^AGGW??FV@Ff@_@BCBGDM_EkEu@w@CFCFGJEDGDEBE@I@EAGAECEEGGEKIWE]?Q@QF[JWHIJGHC?SMaEE_CGqAKk@Qi@Uc@IKMM_@Ym@a@c@WGEAFEBC@E?ECCCCG?I?IICaDwAUMCN?@CFg@hA]v@BFBBP`@[p@[p@Xn@\o@	Click to Generate
S2	20	1			3	Jaan Kebab House (S2)	The Hardy Pick (S2)	Virgin Crucible (S2)	1516	1137	qjtdIrt`HEEKKMKSQ]Y]UOKEESOGGKIKICCGGCEEIEIEGKUISCKGMEMCKCMIi@ESESEOGSc@w@GGC[BEHENIPI`@QDC\MJCFCHCDAD?R?P?F?PBD?`@ENCRGDCHGFGBCBEDEv@pBlAzCHPf@{@Se@GO_@}@JSV_@c@r@^|@FNRd@g@z@IQmA{Cw@qBEDCDCBGFIFEBSFSkCCYCUCOIQIWM]Zk@[j@L\HVHPBNBTVdDOBa@DE?KJIFCBIF?R@R?JEh@A^Ad@EpA?`A?f@?L?P?JBVRPRNDDNJ\T\XRPLJJJDD	Click to Generate
S2	20	1			3	Leaves (S2)	Windy House Lane Pocket Park (S2)	UBU (S2)	1867	1400	geudIzhvG?CVo@Xw@L[d@y@@E@E?C@E?E?G?E?C?EAC?A?EAEAEAGCEAEEG[SmBkAGT]xAENa@jAq@|ASb@Q\_@r@q@z@pBvC??qBwCm@q@A?u@y@{A}AOOELCFCBg@^AGGW??FV@Ff@_@BCBGDMNNzA|At@x@@?l@p@IJcAnAGF{@v@w@^k@^u@Ts@RYDYDg@HG??TBx@Bl@Fj@FX@HDRJ\`AzB`AtBJR@BLYRYBCDINUNY^q@BEzAqC`ByC|A}C^q@`AgB`AiB	Click to Generate
S2	30	1			3	Nether Edge Primary School (S2)	Broadfield Park (S2)	Virgin Crucible (S2)	2491	1868	_ztdIfqaHDQBKL_@J]BKFWPw@Hc@TkANq@`@_CFc@d@uE^aEL_BFi@BM?EBG@EN]DFDHDHBDFFBBJHRPRNDDNJ\T\XRPQr@CFAFUhAAJ[zAERMj@AD?B?B?D@B@BJFr@d@FDFDl@wCBONu@XwAQWIKKMKKKKMKSQ]Y]UOKEESOSQKICCGGCEEIEIEGKUISCKGMEMCKCMIi@ESESEOGSc@w@GGC[BEHENIPI`@QDC\MJCFCHCDAD?R?@NBJ@F?R@R?JEh@A^Ab@?@EpA?HAHCHAHAFIVEJCHKVKUISCKGMEMCKCMIi@ESESEOGSc@w@GGC[BEHENIPI`@QDC\MJCFCHCDAD?R?P?F?PBD?`@ENCSkCCYCUCOIQIWM]Zk@[j@L\HVHPBNBTVdDOBa@DE?KJIFCBIF?R@R?JEh@A^Ad@EpA?HAHCHAHAFIVEJCHKVO\ADCF?DCLGh@M~A_@`Ee@tEGb@a@~BOp@UjAIb@Qv@GVCJK\M^CJEP	Click to Generate
S2	30	1			3	Alberts (S2)	Sheffield Inclusion Centre (S2)	Leaves (S2)	2749	2062	mzudIljwG\q@vAgCLYRYBCDINUNY@DBDFPXf@?JKRE@Ym@ESCGACOTEHCBSX?BMTwAfCm@lA]p@BFBFj@lAVj@d@`ATf@Tf@@Bl@rAb@~@FL`@~@b@hARl@?BN`@UTu@t@qBjBw@v@eAbAcA~@I[Ke@GUw@_DCGIUOEIAGA?S?O?KCQKc@e@{AIUCGMc@EQCE?EAGAG?CAI?I@I?I@E@CDIDKDEb@w@HKd@{@jBkDj@cA\q@l@mAvAgCACKSaAuBaA{BK]ESAIGYGk@Cm@Cy@?UF?f@IXEXEr@St@Uj@_@v@_@z@w@FGbAoAHKpBvC??qBwCIJcAnAGF{@v@w@^k@^u@Ts@RYDYDg@HG??TBx@Bl@Fj@FX@HDRJ\`AzB`AtBJR@BwAfC]p@	Click to Generate
S2	45	1			3	Boots (S2)	Virgin Crucible (S2)	Meersbrook Park Church (S2)	3132	2349	citdInn_HBU@Y?G@IDUDQZZl@d@X\dAhANPJJEJCFILCHEJKh@ITGXIA??AAAAEICEAEUg@BqAD@T^CjAEJ@DHN@@@@??H@FYAQDq@BKBQJS[]{@iAMQg@s@[[IIGEGIOMKIGGOIKEA\GnAKnCALCJEFYn@CD?DAD?B?D@D@DXj@fAzBLZFTDRF`@@^E@C@A?C@EBCDe@p@EDCDCBGFIFEBSFSkCCYCUCOIQIWM]Zk@[j@L\HVHPBNBTVdDOBa@DE?KJIFCBIFEACACCCAAGGQCIEMAGEKEOISQk@]u@oAeDg@kAeAgCi@oAMc@Y_ACMCICCEIEGEGGEa@UaAm@kBiAmAs@MIIIGGIIGMEIOc@EKAKCME]K}@Gc@Ks@ASEc@Ce@T@B?H?XAFAF?REZ?b@Av@A\?V?J@H@D@B@JDHDHHTRTTX\PTPTZd@`@n@f@t@f@t@HLFFDHLNDFBBVXLLFDXPNJNHPLTH\Pd@PHBFBZLz@\\PJDNHFFJHNLFHFDHHZZl@d@X\dAhANPJJPRPTRZ@BBDDHN^LZZ`A[k@KQIQOUOWWa@EGW[QQ[]{@iAMQGRENAD?DAHAJAt@AP?R_AKECCC?C?CHkB	Click to Generate
S2	30	1			3	The Hardy Pick (S2)	Another Level (S2)	Meersbrook Park Church (S2)	2851	2138	ydtdInu_HDH@@@@??H@FYAQDq@BKBQJS[]{@iAMQg@s@[[IIGEGIOMKIGGOIKEA\GnAKnCALCJEFYn@CD?DAD?B?D@D@DXj@fAzBLZFTDRF`@@^E@C@A?C@EBCDe@p@v@pBlAzCHPf@{@Se@GO_@}@JSV_@c@r@^|@FNRd@g@z@IQmA{Cw@qBEDCDCBGFIFEBSFOBa@DE?KJIFCBIFEACACCCAAGGQCIEMAGEKEOISQk@]u@oAeDg@kAeAgCi@oAMc@Y_ACMCICCEIEGEGGEa@UaAm@kBiAmAs@MIIIGGIIGMEIOc@EKAKCME]K}@Gc@Ks@ASEc@Ce@T@B?H?XAFAF?REZ?b@Av@A\?V?J@H@D@B@JDHDHHTRTTX\PTPTZd@`@n@f@t@f@t@HLFFDHLNDFBBVXLLFDXPNJNHPLTH\Pd@PHBFBZLz@\\PJDNHFFJHNLFHFDHHZZj@b@@@X\dAhANPJJPRPTRZ@BBDDHN^LZZ`A[k@KQIQOUOWWa@EGW[ILCHEJKh@ITGXIA??AAAAEI	Click to Generate
S2	20	1			3	Curry Master (S2)	Broadfield Park (S2)	Virgin Crucible (S2)	1969	1477	qptdI~p`HDi@JHRPRNDDNJ\T\XRPQr@CFAFWtA[zAERMj@AD?B?B?D@B@BJFr@d@FDFDl@wCBONu@XwAQWIKKMKK??KKMKSQ]Y]UOKEESOSQKICCGGCEEIEIEGKUISCKGMEMCKCMIi@ESESEOGSc@w@GGC[BEHENIPI`@QDC\MJCFCHCDAD?R?@NBJ@F?R@R?JEh@A^Ab@?@EpA?HAHCHAHAFIVEJCHKVKUISCKGMEMCKCMIi@ESESEOGSc@w@GGC[BEHENIPI`@QDC\MJCFCHCDAD?R?P?F?PBD?`@ENCSkCCYCUCOIQIWM]Zk@[j@L\HVHPBNBTVdDOBa@DE?KJIFCBIF?R@R?JEh@A^Ad@EpA?`A?f@?L?P?JBVRPRNDDNJ\TPcA@I`@wB@GAFa@vBAHQbA]UOKEESOSQKIEh@	Click to Generate
S2	20	1			3	Tuck News (S2)	Virgin Crucible (S2)	The Hardy Pick (S2)	1565	1174	}otdI|g`H?@EpA?`A?f@?L?P?JBVRPRN@@BBNJ\TPcA@I`@wB@GAFa@vBAHQbA]UOKEESOSQKICCGGCEEIEIEGKUISCKGMEMCKCMIi@ESESEOGSc@w@GGC[BEHENIPI`@QDC\MJCFCHCDAD?R?P?F?PBD?`@ENCWeDCUCOIQIWM]Zk@[j@L\HVHPBNBTBXRjCRGDCHGFGBCBEDEv@pBlAzCHPf@{@Se@GO_@}@JSV_@c@r@^|@FNRd@g@z@IQmA{Cw@qBEDCDCBGFIFEBSFOBa@DE?KJIFCBIF?R@R?JEh@A^Ab@	Click to Generate
S2	30	1			3	Caribbean Fusion (S2)	Leaves (S2)	Windy House Lane Pocket Park (S2)	2262	1696	_tudIp`wGKNOXOTEHCBSXMXwAfCm@lA]p@k@bAkBjDe@z@CEEIk@mAj@lADHBDd@{@jBkDj@cA\q@l@mAHOlAwBACKSaAuBaA{BK]ESAIGYGk@Cm@Cy@?UF?f@IXEXEr@St@Uj@_@v@_@z@w@FGbAoAHKpBvC??qBwCm@q@A?u@y@{A}AOOELCFCBg@^AGGW??FV@Ff@_@BCBGDMNNzA|At@x@@?l@p@IJcAnAGF{@v@w@^k@^u@Ts@RYDYDg@HG??TBx@Bl@Fj@FX@HDRJ\`AzB`AtBJR@BLYRYBCDINUNYJO	Click to Generate
S2	45	1			3	Virgin Crucible (S2)	The Hardy Pick (S2)	Boots (S2)	3656	2742	sntdIbq`HCASOSQKICCGGCEEIEIEGKUISCKGMEMCKCMIi@ESESEOGSc@w@GGC[BEHENIPI`@QDC\MJCFCHCDAD?R?P?F?PBD?`@ENCWeDCUCOIQIWM]Zk@[j@L\HVHPBNBTBXRjCRGDCHGFGBCBEDEv@pBlAzCHPf@{@Se@GO_@}@JSV_@c@r@^|@FNRd@g@z@IQmA{Cw@qBEDCDCBGFIFEBSFOBa@DE?KJIFCBIFEACACCCAAGGQCIEMAGEKEOISQk@]u@oAeDg@kAeAgCi@oAMc@Y_ACMCICCEIEGEGGEa@UaAm@kBiAmAs@MIIIGGIIGMEIOc@EKAKCME]K}@Gc@Ks@ASEc@Ce@T@B?H?XAFAF?REZ?b@Av@A\?V?J@H@D@B@JDHDHHTRTTX\PTPTZd@`@n@f@t@f@t@HLFFDHLNDFBBVXLLFDXPNJNHPLTH\Pd@PHBFBZLz@\\PJDNHFFJHNLFHFDHHZZl@d@X\dAhANPJJEJCFILCHEJKh@ITGXIA??AAAAEICEAEUg@BqAD@T^CjAEJ@DHN@@@@??H@FYAQDq@BKBQJS[]{@iAMQg@s@[[IIGEGIOMKIGGOIKEA\GnAKnCALCJEFYn@CD?DAD?B?D@D@DXj@fAzBLZFTDRF`@@^E@C@A?C@EBCDe@p@EDCDCBGFIFEBSFOBa@DE?KJIFCBIF?R@R?JEh@A^Ad@EpA?`A?f@?L?P?JBVRPRNB@	Click to Generate
S2	60	1			3	Pentagon Jeep (S2)	Makro (S2)	Sheffield Animal Centre (S2)	4426	3320	egydItavGK^Wt@R\^gANg@Ru@Nm@Lg@b@aBJe@Rs@f@f@XRTPn@f@k@pCGVg@zB@ZVb@XRTPNLFFTR_@hBOr@Ns@^iBUSGGOMUQYSWc@A[f@{Br@iDo@g@UQYSg@g@Sr@Kd@c@`BMf@Ol@St@Of@_@fAa@z@u@`BUf@INmAfBOTkAvAUg@O[CISc@Sa@Sa@Q_@??m@bAu@tAVZNPDFV\TXX\RVELGJy@fB]`AK\g@dBSz@UhACPQjAKx@QvAIt@Kr@CNe@xBUa@QYOQCCu@e@OIq@_@k@Wm@]_@Sc@WcAk@_@Sm@]ECKEe@WmAo@AAKGyBmAqEiC[Q[SEGGGKMEKAI?KNM@CFQDQJc@He@l@cDHg@`@_CFc@Pu@^qAXZTPNL\cAL]LFHF`AdAp@r@NFl@^d@^r@bAxFbGCn@Qd@_AhACDWb@Yz@a@`BvAv@f@X|@f@DH@PKn@a@vCj@Vp@^NHt@d@BBNPPXT`@d@yBBOJs@Hu@PwAJy@PkABQTiAR{@f@eBJ]\aAx@gBFKDMt@_AZg@jAwANUlAgBHOTg@t@aB`@{@S]Vu@J_@	Click to Generate
S2	45	1			3	Windy House Lane Pocket Park (S2)	Archdale School (S2)	UBU (S2)	3654	2740	_~udIz_vGC}@I@EAGAECEEGGEKIWE]?Q@QF[JWHIJGHCP@LBDDDHDNHZ@N@NAJAL?BETt@v@~DjEELCFCBg@^AGGW??FV@Ff@_@BCBGDM_EkEu@w@CFCFGJEDGDEBE@I@EAGAECEEGGEKIWE]?Q@QF[JWHIJGHC?SMaEE_CGqAKk@Qi@Uc@IKMM_@Ym@a@c@WGEAFEBC@E?ECCCCG?I?IICaDwAUMCN?@CFg@hA]v@BFBBP`@[p@[p@Xn@\o@??]n@Yo@Zq@Zq@Qa@CCCG\w@f@iABG?ABOTL`DvAHB@IBGBEDAF@BB@BBF@F?FAFADFDb@Vl@`@^XLLHJTb@Ph@Jj@FpAD~BL`E?RP@LBDDDHDNHZ@N@NAJAL?BETCFCFGJEDGDEBE@VnJBrADxAH|C@N?TBx@Bl@Fj@FX@HDRJ\`AzB`AtBJR@BLYRYBCDINUNY^q@BEzAqC`ByC|A}C^q@`AgB`AmBVo@Xw@L[d@y@@E@E?C@E?E?G?E?C?EAC?A?EAEAEAGCEAEEG[SmBkA_BcAsA}@UQoA_Ae@g@EIY]MLKHQB]?QKSSQPyA|AABe@f@w@v@Y\AJAL?BETCFCFGJEDGDEBE@B|@	Click to Generate
S2	20	1			3	Boots (S2)	Alam Hill Books (S2)	Meersbrook Park Church (S2)	1774	1330	gitdInh_HELK^NLFHFDHHZZl@d@X\dAhANPJJEJCFILCHEJKh@ITGXIA??AAAAEICEAEUg@BqAD@T^CjAEJ@DHN@@@@??H@FYAQDq@BKBQJS[]{@iAMQg@s@[[IIGEGIOMKIGGOIKE]Q{@]BUXq@Vk@DKj@wAxAiDdC}FHLpAvBiC`GiA~C_@hAY~@K^NLFHFDHHZZl@d@X\dAhANPJJPRPTRZ@BBDDHN^LZZ`A[k@KQIQOUOWWa@EGW[QQ[]{@iAMQg@s@[[IIGEGIOMJ_@DM	Click to Generate
S2	20	1			3	Wobbly Wheel Cyclery (S2)	74th Oak Street Scout Group (S2)	I Said Bread (S2)	1450	1088	uusdIni}GD~AAh@@j@kAJ?FJrGoBJKuG?GcAFw@FG?E?o@DEmCCsBAq@AKv@EJ~HLxIS@u@@EEKmIVCn@ED?F?zBO?FJtGnBKKsG?GjAKAk@@i@E_B	Click to Generate
S2	45	1			3	Bronze & Polished (S2)	Sheffield Inclusion Centre (S2)	Leaves (S2)	3057	2293	eyudIjhwGlAwBLYRYBCDINUNYJORa@~AwC`ByC|A}C@DHNf@bALZBFPh@Lb@?BH\Jt@Hv@Dh@@JIJMRQ^]r@m@nA@TPvBNjCHhBFjAD|ADlAB~@G?I@MHo@l@k@h@k@h@gAdAa@^WTUTu@t@qBjBw@v@eAbAcA~@I[Ke@GUw@_DCGIUOEIAGA?S?O?KCQKc@e@{AIUCGMc@EQCE?EAGAG?CAI?I@I?I@E@CDIDKDEb@w@HKd@{@jBkDj@cA\q@l@mAvAgCACKSaAuBaA{BK]ESAIGYGk@Cm@Cy@?UF?f@IXEXEr@St@Uj@_@v@_@z@w@FGbAoAHKpBvC??qBwCIJcAnAGF{@v@w@^k@^u@Ts@RYDYDg@HG??TBx@Bl@Fj@FX@HDRJ\`AzB`AtBJR@BmAvB	Click to Generate
S2	15	1			3	International Automatic Cars (S2)	Boots (S2)	Meersbrook Park Church (S2)	1437	1078	agtdIpl_HZTELg@s@[[IIGEGIOMKIGGOIKE]Q{@]BUXq@Vk@DKPXVd@H@t@aBu@`BIACES_@QYEJWj@Yp@CTz@\\PJDNHFFJHNLFHFDHHZZl@d@X\dAhANPJJEJCFILCHEJKh@ITGXIA??AAAAEICEAEUg@BqAD@T^CjAEJ@DHN@@@@??H@FYAQDq@BKBQJSNMJJPRPTRZ@BBDDHN^LZZ`A[k@KQIQOUOWWa@EGW[QQ[]{@iAMQGRENAD?DAHAJAt@AP?R_AKECCC?C?CLaC@Y?G@IDUDQZZPN	Click to Generate
S2	45	1			3	Gleadless Medical Centre (S2)	Pizza City (S2)	Arbourthorne Community Primary School (S2)	3293	2470	mbtdI|~yGn@uABCTe@f@aAP]h@eAHKLKBCTAF@JFHLHRDX@\?Z@RA\?H?J?L@H@Jg@r@QXCBa@j@KLKLMJiB`BQNUTKNILSZOXCDGHADOZA@CFGHMRKPKRADHNZl@??[m@IOMVCFITEHCLKIGGEGGGQKMIm@YIAFu@HsA?IBe@@OEQMIK?a@NK@KEGKGOAS?C?WJo@@KPy@Py@H]@GLm@VqADSBKJw@@IAUCQIMICEAQHYTSRQRGDGFIBEA[EBc@J{AFeAF_A@[B[By@@WBw@@m@Bo@@i@@g@@e@?G?M?O@c@G@MFa@Po@\aAj@a@VSLYPiBpAg@\e@\}@r@y@n@EBPbBJ|@D^Lr@Lp@BLFXDJJKHGFADDDJBFFFBAtAy@??uAx@C@GGCGEKEEG@IFKJFRJ\BDFNLZNRPZZ^LJJHRRNJh@b@h@\j@\TL^RSz@Qv@Wx@Od@MXGNMXSd@EHGHMVHR@BBBHDJ?F?FC`B]r@On@OVGFAF?F?F?PD`@LH@l@XLHPJRAFAH?DCHCBGLW@EJSJQLSFIBG@AN[@EFIBENYR[HMJOTUPOhBaBLKJMJM`@k@BCPYf@s@AKAI?M?K?I@]AS?[A]EYISIMKGGAU@CBMJIJi@dAQ\g@`AUd@CBo@tA	Click to Generate
S2	60	1			3	Kathy's Tea Room (S2)	Manor Fields (S2)	Temple Park Centre (S2)	4548	3411	uiwdIfuvGWGaAOq@a@QSUe@KOa@n@mBxCoAyCoAyCZi@IOR_@F[?SA[COCSCINWl@bBaA|A[h@nAxCnAxCKRs@jAh@bA^Vd@@BCJIRQlApChAjCd@fAYzCI~@Id@GPcAv@LjCDt@HlBLpAFb@`BaAr@g@f@YvByAd@[j@a@b@[tByAkAiHg@sCNc@`BiAdD}B??RAl@FV\R~@BNjA`HqBxAuBzAyB|AuBxAc@Zk@`@e@ZwBxAg@Xs@f@aB`AGc@MqAImBEu@MkCbAw@FQHe@H_AX{Ce@gAiAkCmAqCSPKHCBe@A_@Wi@cAr@kAJSoAyCoAyCZi@`A}Am@cBs@aBsAkCEDK@GCGICMAM@M@GDIFEFAHBDHx@gAZc@TSVMRGF?ARGV?p@?I?g@FW@SG?SFWLUR[b@y@fADJ@L?FCLEJrAjCr@`Bl@bBJSh@{@NUHEHAL?jBb@jA`@OvB]bB_@|@JNTd@PRp@`@`ANVF	Click to Generate
S2	45	1			3	Meersbrook Service Station (S2)	74th Oak Street Scout Group (S2)	Wobbly Wheel Cyclery (S2)	3223	2417	{itdIbe|GAAEAg@WUGSCQ?E@C@GBIDULCHqCvIW~@Of@K^ERADK`@GPI^A@IVCHCFKR[f@LPDFBDF@D@PDPDz@RB?`AT@?TFPB`AVl@NzBf@n@NB?^HNDZ@PGNQh@s@Tg@DWEkAAOHmBN}@RyAFUJ]hB\~Bb@rBjFQDqDo@qEw@IlBFzAEV`@FZ`CFfCw@D@J@p@BrBDlCn@ED?F?v@GbAG?FJtGnBKKsG?GOqKCK@_@@WAIAIoGeAa@GUf@i@r@OPQF[AOE_@IC?o@O{Bg@m@OaAWQCUGA?aAUC?{@SQEQEEAGACEEGMQZg@JSBGBIHW@AH_@FQJa@@EDSJ_@Ng@V_ApCwIBITMHEFCBADAP?RBTFf@VD@@@	Click to Generate
S2	20	1			3	Boots (S2)	Meersbrook Park Church (S2)	Alam Hill Books (S2)	1457	1093	sgtdI`l_Hl@d@X\dAhANPJJEJCFILCHEJKh@ITGXIA??AAAAEICEAEUg@BqAD@T^CjAEJ@DHN@@@@??H@FYAQDq@BKBQJSNMJJPRPTRZ@BBDDHN^LZZ`A[k@KQIQOUOWWa@EGW[QQ[]{@iAMQg@s@[[IIGEGIOMKIGGOIKE]Q{@]BUXq@Vk@DKj@wAxAiDdC}FHLpAvBiC`GiA~C_@hAY~@K^NLFHFDHHZZ??	Click to Generate
S2	60	1			3	Substantial Victorian houses in Norfolk Road (S2)	Path up to the Cholera Monument, Sheffield (S2)	Sheffield Inclusion Centre (S2)	6221	4666	oexdIn}{GkAmBFMn@}Ad@gAGKw@oAv@nAFJuAdDGLwA`DFLHJf@f@RPz@x@tAtABB~@~@DBb@b@FK@CDEDCFAfAQt@M@ABA@C@C@C?C@GCa@c@Fb@GB`@AF?BABABABC@A@}B^G@EBEDABGJc@c@EC_A_ACCuAuA{@y@SQg@g@IKGMCECICImAqEWcAW}@Su@EQCKEKQu@y@}CMi@Kc@HIHKNO`AeANS`AeANSDEFE`@e@dCgDLSXe@JSP_@h@yAzAqEJWhHaTBKBITo@b@sAf@sAL]P]b@}@`@u@d@s@DGFINOTUZ]fBeBRS^]BADEFG~BuBrFgFDEFEzCuCv@u@|@_ARQDEDEx@u@^]nAqA\m@~@cBf@aA^m@`@u@h@_AFMDIP[HMDIDKDEb@w@HKd@{@jBkDj@cABFBFj@lAVj@d@`ATf@Tf@@Bl@rAb@~@FL`@~@b@hARl@?BN`@UTu@t@qBjBw@v@eAbAcA~@I[Ke@GUw@_DCGIUOEIAGA?S?O?KCQKc@e@{AIUCGMc@KKGGIGCCEAK?i@~@a@t@_@l@g@`A_AbB]l@oApA_@\y@t@EDEDSP}@~@w@t@{CtCGDEDsFfF_CtBGFEDC@_@\SRgBdB[\UTAj@?JGnCE|BEtBKtFKxFAPCfAAx@An@Aj@U@C@A@CDgElMiBjEKVYn@ABm@vAmCjGCDuA|CuAdDGLjAlB	Click to Generate
S2	60	1			3	Hillside below the Cholera Monument (S2)	Substantial Victorian houses in Norfolk Road (S2)	Sheffield Inclusion Centre (S2)	5927	4445	k}wdIzs{GiAoBEGGCC?CAI?G@I@E?CAQUCDuA|CuAdDGLwA`DFLHJf@f@RPz@x@tAtABB~@~@DBb@b@FK@CDEDCFA|B_@@ABA@C@C@C?C@GCa@c@F??b@GB`@AF?BABABABC@A@}B^G@EBEDABGJc@c@EC_A_ACCuAuA{@y@SQg@g@IKGMvAaDFMn@}Ad@gAtA}CBElCkGl@wA@CXo@JWhBkEfEmMBE@ABATA@k@@o@@y@BgA@QJyFJuFDuBD}BFoC?K@k@TUZ]fBeBRS^]BADEFG~BuBrFgFDEFEzCuCv@u@|@_ARQDEDEx@u@^]nAqA\m@~@cBf@aA^m@`@u@h@_AFMDIP[HMDIDKDEb@w@HKd@{@jBkDj@cABFBFj@lAVj@d@`ATf@Tf@@Bl@rAb@~@FL`@~@b@hARl@?BN`@UTu@t@qBjBw@v@eAbAcA~@I[Ke@GUw@_DCGIUOEIAGA?S?O?KCQKc@e@{AIUCGMc@KKGGIGCCEAK?i@~@a@t@_@l@g@`A_AbB]l@oApA_@\y@t@EDEDSP}@~@w@t@{CtCGDEDsFfF_CtBGFEDC@_@\SRgBdB[\UTAj@?JGnCE|BEtBKtFKxFAPCfAAx@An@Aj@U@C@A@CDgElMiBjEKVYn@ABm@vAmCjGPTB@D?HAFAH?B@B?FBDFhAnB	Click to Generate
S2	20	1			3	Leaves (S2)	Windy House Lane Pocket Park (S2)	UBU (S2)	1867	1400	qfudI~jvGh@gAVo@Xw@L[d@y@@E@E?C@E?E?G?E?C?EAC?A?EAEAEAGCEAEEG[SmBkAGT]xAENa@jAq@|ASb@Q\_@r@q@z@pBvC??qBwCm@q@A?u@y@{A}AOOELCFCBg@^AGGW??FV@Ff@_@BCBGDMNNzA|At@x@@?l@p@IJcAnAGF{@v@w@^k@^u@Ts@RYDYDg@HG??TBx@Bl@Fj@FX@HDRJ\`AzB`AtBJR@BLYRYBCDINUNY^q@BEzAqC`ByC|A}C^q@`AgBVe@	Click to Generate
S2	30	1			3	Best Pizza (S2)	Leaves (S2)	Windy House Lane Pocket Park (S2)	2315	1736	etudIjcwGIOESCGACOTEHCBSXMXwAfCm@lA]p@k@bAkBjDe@z@CEEIk@mAj@lADHBDd@{@jBkDj@cA\q@N[\q@vAgCACKSaAuBaA{BK]ESAIGYGk@Cm@Cy@?UF?f@IXEXEr@St@Uj@_@v@_@z@w@FGbAoAHKpBvC??qBwCm@q@A?u@y@{A}AOOELCFCBg@^AGGW??FV@Ff@_@BCBGDMNNzA|At@x@@?l@p@IJcAnAGF{@v@w@^k@^u@Ts@RYDYDg@HG??TBx@Bl@Fj@FX@HDRJ\`AzB`AtBJR@BLYRYBCDINUNY@DBDFPXf@?JKRE@O]	Click to Generate
S2	20	1			3	Broadfield Hotel (S2)	Broadfield Park (S2)	The Hardy Pick (S2)	1671	1253	wjtdIlt`H??KKMKSQ]Y]UOKEESOSQKIEh@??Di@CCGGCEEIEIEGKUISCKGMEMCKCMIi@ESESEOGSc@w@GGC[BEHENIPI`@QDC\MJCFCHCDAD?R?@NBJ@F?R@R?JEh@A^Ab@?@EpA?HAHCHAHAFIVEJCHKVKUISCKGMEMCKCMIi@ESESEOGSc@w@GGC[BEHENIPI`@QDC\MJCFCHCDAD?R?P?F?PBD?`@ENCRGDCHGFGBCBEDEv@pBlAzCHPf@{@Se@GO_@}@JSV_@c@r@^|@FNRd@g@z@IQmA{Cw@qBEDCDCBGFIFEBSFOBa@DE?KJIFCBIF?R@R?JEh@A^Ad@EpA?`A?f@?L?P?JBVRPRNDDNJ\T\XRPLJJJ??	Click to Generate
S2	30	1			3	Meersbrook Park Church (S2)	Porcelanosa (S2)	Virgin Crucible (S2)	2786	2090	mbtdIty_Hi@iAEIACE]FYAQDq@BKBQJSNMJJPRPTRZ@BBDDHN^LZZ`A[k@KQIQOUOWWa@EGW[QQ[]{@iAMQGRENADECUK_@QGC@Y?G@IDUDQIIGEGIOMKIGGOIKEA\GnAKnCALCJEFYn@CD?DAD?B?D@D@DXj@fAzBLZFTDRF`@@^E@C@A?C@EBCDe@p@EDCDCBGFIFEBSFSkCCYCUCOIQIWM]Zk@[j@L\HVHPBNBTVdDOBa@DE?KJIFCBIFEACACCCAAGGQCIEMAGEKEOISQk@]u@oAeDg@kAeAgCi@oAMc@Y_ACMCICCEIEGEGGEa@UaAm@kBiAmAs@MIIIGGIIGMEIOc@EKAKCME]K}@Gc@Ks@ASEc@Ce@T@B?H?XAFAF?REZ?b@Av@A\?V?J@H@D@B@JDHDHHTRTTX\PTPTZd@`@n@f@t@f@t@HLFFDHLNDFBBVXLLFDXPNJNHPLTH\Pd@PHBFBZLz@\\PJDNHFFJHNLFHFDHHZZl@d@X\dAhANPJJEJCFILCHEJKh@ITGXD\@BDHh@hA	Click to Generate
S2	45	1			3	Newfield Green Clinic (S2)	Newfield Green Dental Surgery (S2)	Pizza City (S2)	3076	2307	gatdIv|yGHOBCTe@f@aAP]h@eAHKLKBCTAF@JFHLHRDX@\?Z@RA\?H?J?L@H@Jg@r@QXCBa@j@KLKLMJiB`BQNUTKNILSZOXKSGK??FJJRCDGHADOZA@CFGHMRKPKRADMVCFITEHCLKIGGEGGGQKMIm@YIAFu@HsA?Ic@Gb@F?HIrAGt@H@l@XLHPJRAD?@AH?DCHCBGLW@EJSJQLSFIBG@AN[@EFIBEKSGKFJJRCDGHADOZA@CFGHMRKPKRADMVCFITEHCLKIGGEGGGQKMIm@YIAFu@HsA?IBe@@OEQMIK?a@NK@KEGKGOAS?C?WJo@@KPy@Py@H]@GLm@VqADSBKJw@@IAUCQIMICEAQHYTSRQRGDGFIBEA[EBc@J{AFeAF_A@[B[By@@WfATB_@C^gAUAVCx@Ev@G~@GdAKzACb@Gz@?FIfAGt@E`@Kz@EZEXG\Sz@Qv@Wx@Od@MXGNMXSd@EHGHMVHR@BBBHDJ?F?FC`B]r@On@OVGFAF?F?F?PD`@LH@l@XLHPJRAFAH?DCHCBGLW@EJSJQLSFIBG@AN[@EFIBENYR[HMJOTUPOhBaBLKJMJM`@k@BCPYf@s@AKAI?M?K?I@]AS?[A]EYISIMKGGAU@CBMJIJi@dAQ\g@`AUd@CBIN	Click to Generate
S2	20	1			3	I Said Bread (S2)	Kingdom Hall of Jehovah's Witnesses (S2)	Wobbly Wheel Cyclery (S2)	2042	1532	}~sdIzi~GTg@E[IcFImDS@u@@EEKmIVCn@ED?LxIHlDHbFDZuCzG]z@_FfLeA_BdA~AfC_GvAgD\{@tC{GE[IcFImDMyIF?v@GbAG?FJtGL`HuBvEUf@	Click to Generate
S2	30	1			3	Highfield Motors (S2)	Woodbourn Road Stadium (S2)	Sheffield Animal Centre (S2)	2449	1837	ye{dIrxwGSOYY~@cDHc@?q@CSCQCIDKBG??HPDLV[BDDFJYYuAIe@CIc@oBEOK[BIBCPENEREp@q@`@e@HI`@a@TSHSL_@DGHQBGNM@CFQDQJc@He@l@cDHg@`@_CFc@Pu@^qAXZTPNLMp@G\ADQlAd@ZLLAV?\FRN@??VIWHOAGS?]@WMMe@[PmA@EF]Lq@\cAL]LFHF`AdAp@r@NFl@^d@^r@bAxFbGCn@Qd@_AhACDWb@Yz@a@`BOHK@k@EMBGFEFCPALAp@?JAHAHAHCBAFEHe@WmAo@AAKGyBmAqEiC[QOAM?KAKAQAM@SFURa@`@IHa@d@q@p@S\EDWVDNb@nBBHHd@XtAKXo@bBIb@_AbDXXRN	Click to Generate
S2	30	1			3	The Spires Centre (S2)	Springs Leisure Centre (S2)	Pearl Motors (S2)	2567	1925	ywtdIlzwGCk@nBYxASCg@Ag@Ci@A]?_@AS?KAU?y@?q@?_A?e@@]@e@Bg@BW@]Dm@FaABi@Bc@D}@Bu@D}A@}@?G?Y?]?K?_@?]AQASCYF?FDP\N^WNQH?^?J?\?X?FA|@E|ACt@E|@Cb@Ch@G`AEl@A\CVCf@Ad@A\?d@?~@?N?`@?x@@T?J@R?^p@IJC~@Sx@ODE?G??Cu@UBe@nA_ARKBq@H@\Bh@@f@Bf@B`@B^Bd@@HDl@Fx@H|@@BH~@J|@Df@Dd@Bd@F~@Bf@DrABj@@b@?F@z@@f@?p@?z@@`B?rA?B?X?ZAb@?N?L?FAd@Af@Ah@Cn@Al@Cv@fATB_@??C^gAUBw@@m@Bo@@i@@g@@e@?G?M?O@c@?[?Y?C?sAAaB?{@?q@Ag@A{@?GAc@Ck@EsACg@G_ACe@Ee@Eg@K}@I_AACI}@Gy@Em@AICe@C_@Ca@yARoBXBj@	Click to Generate
S2	45	1			3	Virgin Crucible (S2)	The Hardy Pick (S2)	Boots (S2)	3644	2733	}ntdIzp`HMISQKICCGGCEEIEIEGKUISCKGMEMCKCMIi@ESESEOGSc@w@GGC[BEHENIPI`@QDC\MJCFCHCDAD?R?P?F?PBD?`@ENCWeDCUCOIQIWM]Zk@[j@L\HVHPBNBTBXRjCRGDCHGFGBCBEDEv@pBlAzCHPf@{@Se@GO_@}@JSV_@c@r@^|@FNRd@g@z@IQmA{Cw@qBEDCDCBGFIFEBSFOBa@DE?KJIFCBIFEACACCCAAGGQCIEMAGEKEOISQk@]u@oAeDg@kAeAgCi@oAMc@Y_ACMCICCEIEGEGGEa@UaAm@kBiAmAs@MIIIGGIIGMEIOc@EKAKCME]K}@Gc@Ks@ASEc@Ce@T@B?H?XAFAF?REZ?b@Av@A\?V?J@H@D@B@JDHDHHTRTTX\PTPTZd@`@n@f@t@f@t@HLFFDHLNDFBBVXLLFDXPNJNHPLTH\Pd@PHBFBZLz@\\PJDNHFFJHNLFHFDHHZZl@d@X\dAhANPJJEJCFILCHEJKh@ITGXIA??AAAAEICEAEUg@BqAD@T^CjAEJ@DHN@@@@??H@FYAQDq@BKBQJS[]{@iAMQg@s@[[IIGEGIOMKIGGOIKEA\GnAKnCALCJEFYn@CD?DAD?B?D@D@DXj@fAzBLZFTDRF`@@^E@C@A?C@EBCDe@p@EDCDCBGFIFEBSFOBa@DE?KJIFCBIF?R@R?JEh@A^Ad@EpA?`A?f@?L?P?JBVRPLH	Click to Generate
S2	20	1			3	The Co-operative Food (S2)	The Spires Centre (S2)	Springs Leisure Centre (S2)	1562	1172	{stdIv}wGDpA?Xa@Fs@Hc@DOB[FI?MBGsACcAC_@Aa@RIFMHS?]EWEQ??KKWCCe@AYCw@GaB|@Ov@KHCDGBK@SAwAA_B?M@iAByA@i@D}@DkADq@Fq@F{@Do@jAPf@JRBP@E|ACt@E|@Cb@Ch@G`AEl@A\CVCf@Ad@A\?d@?~@?N?`@?x@@T?J@R?^p@IJC~@Sx@ODE?G??Cu@UBe@nA_ARKBq@H@\Bh@@f@Bf@B`@B^Bd@@HDl@Fx@H|@s@Jm@HE@?YEqA	Click to Generate
S2	30	1			3	Nether Edge Primary School (S2)	Broadfield Park (S2)	Virgin Crucible (S2)	2479	1859	kxtdIhpaHEEGGMQJ]BKFWPw@Hc@TkANq@`@_CFc@d@uE^aEL_BFi@BM?EBG@EN]DFDHDHBDFFBBJHRPRNDDNJ\T\XRPQr@CFAFUhAAJ[zAERMj@AD?B?B?D@B@BJFr@d@FDFDl@wCBONu@XwAQWIKKMKKKKMKSQ]Y]UOKEESOSQKICCGGCEEIEIEGKUISCKGMEMCKCMIi@ESESEOGSc@w@GGC[BEHENIPI`@QDC\MJCFCHCDAD?R?@NBJ@F?R@R?JEh@A^Ab@?@EpA?HAHCHAHAFIVEJCHKVKUISCKGMEMCKCMIi@ESESEOGSc@w@GGC[BEHENIPI`@QDC\MJCFCHCDAD?R?P?F?PBD?`@ENCSkCCYCUCOIQIWM]Zk@[j@L\HVHPBNBTVdDOBa@DE?KJIFCBIF?R@R?JEh@A^Ad@EpA?HAHCHAHAFIVEJCHKVO\ADCF?DCLGh@M~A_@`Ee@tEGb@a@~BOp@UjAIb@Qv@GVCJK\LPFFDD	Click to Generate
S2	20	1			3	Leaves (S2)	Windy House Lane Pocket Park (S2)	UBU (S2)	2077	1558	yfudInfvGq@`AMB[\ICm@oAQ\_@r@q@z@pBvC??qBwCm@q@A?u@y@{A}AOOELCFCBg@^AGGW??FV@Ff@_@BCBGDMNNzA|At@x@@?l@p@IJcAnAGF{@v@w@^k@^u@Ts@RYDYDg@HG??TBx@Bl@Fj@FX@HDRJ\`AzB`AtBJR@BLYRYBCDINUNY^q@BEzAqC`ByC|A}C^q@`AgB`AmBVo@Xw@L[d@y@@E@E?C@E?E?G?E?C?EAC?A?EAEAEAGCEAEEG[SmBkAGT]xAENa@jAq@|ASb@l@nAHBZ]LCp@aA	Click to Generate
S2	60	1			3	Burton Roofing Merchants (S2)	Makro (S2)	Manor Park Medical Centre (S2)	5454	4090	g|xdId~uG_@]EO@g@KDOMo@g@UQYSg@g@Sr@Kd@c@`BMf@Ol@St@Of@_@fAS]Vu@Ni@CHK^Wt@R\a@z@u@`BUf@INmAfBOTkAvAUg@O[CISc@Sa@Sa@Q_@??m@bAu@tAVZNPDFV\TXX\RVELGJy@fB]`AK\g@dBSz@UhACPQjAKx@QvAIt@Kr@CNe@xBr@vAP\r@xABFl@hAd@|@@BDJFHFHJJn@f@JF\R~Az@@?B@F@@A@?B?@?BADELUR]v@sBv@wBf@uAb@cBXu@LSJQFIp@i@d@WTMLCf@W`AcAp@s@hC_BNUFOPWZ}@j@_Bd@sA~@oCVs@d@sA^iAL[LUTa@\e@Z[VSXO^Ol@QXORMTS^]v@kANYrBkDp@kACMAM@M@GDIFEFA??HBDHx@gAZc@TSVMRGF?PAjABz@BDgBJ}AJ{@VyB^_DP}AV{BTeBPsAPcAl@kBHO??FMpAeCGyAYyFCi@GoAK{B[QGEIEOMy@g@s@i@q@o@aAgAa@a@QWW]EIOSw@gAIMIGECICW?GBG@MBI?WR[n@uAhFg@nBaEzNk@bCi@`Cy@zDy@tDO`BkAlGE`@?^?^D^D\Lf@Lv@?b@A`@EXETMVONUFU?UEUSqBaBwAsAyAaAKGYOCBOXm@`@cApAYf@[z@f@f@XRTPn@f@NLJEAf@DN^\	Click to Generate
S2	30	1			3	UBU (S2)	Windy House Lane Pocket Park (S2)	Kwik Fit (S2)	2742	2056	_gudItkvGINaAfB_@p@}A|CaBxC{ApCCD_@p@OXOTEHCBSXMXACKSaAuBaA{BK]ESAIGYGk@Cm@Cy@?UF?f@IXEXEr@St@Uj@_@v@_@z@w@FGbAoAHKm@q@A?u@y@{A}AOOELCFCBg@^AGGW??FV@Ff@_@BCBGDMNNzA|At@x@@?l@p@IJcAnAGF{@v@w@^k@^u@Ts@RYDYDg@HG??TBx@Bl@Fj@FX@HDRJ\`AzB`AtBJR@BQZeAjBm@lA]p@k@bAkBjDe@z@CEEIk@mAj@lADHBDd@{@jBkDj@cA\q@l@mAvAgCLYRYBCDINUNY^q@~AwC`ByC|A}C^q@`AgBHO	Click to Generate
S2	45	1			3	Gleadless Medical Centre (S2)	Pizza City (S2)	Arbourthorne Community Primary School (S2)	3272	2454	abtdId~yGb@}@BCTe@f@aAP]h@eAHKLKBCTAF@JFHLHRDX@\?Z@RA\?H?J?L@H@Jg@r@QXCBa@j@KLKLMJiB`BQNUTKNILSZOXCDGHADOZA@CFGHMRKPKRADHNZl@??[m@IOMVCFITEHCLKIGGEGGGQKMIm@YIAFu@HsA?IBe@@OEQMIK?a@NK@KEGKGOAS?C?WJo@@KPy@Py@H]@GLm@VqADSBKJw@@IAUCQIMICEAQHYTSRQRGDGFIBEA[EBc@J{AFeAF_A@[B[By@@WBw@@m@Bo@@i@@g@@e@?G?M?O@c@G@MFa@Po@\aAj@a@VSLYPiBpAg@\e@\}@r@y@n@EBPbBJ|@D^Lr@Lp@BLFXDJJKHGFADDDJBFFFBAtAy@??uAx@C@GGCGEKEEG@IFKJFRJ\BDFNLZNRPZZ^LJJHRRNJh@b@h@\j@\TL^RSz@Qv@Wx@Od@MXGNMXSd@EHGHMVHR@BBBHDJ?F?FC`B]r@On@OVGFAF?F?F?PD`@LH@l@XLHPJRAFAH?DCHCBGLW@EJSJQLSFIBG@AN[@EFIBENYR[HMJOTUPOhBaBLKJMJM`@k@BCPYf@s@AKAI?M?K?I@]AS?[A]EYISIMKGGAU@CBMJIJi@dAQ\g@`AUd@CBc@|@	Click to Generate
S2	30	1			3	Temple Park Centre (S2)	Castle View Park (S2)	Hair & Beauty Lounge (S2)	2995	2246	c{wdIravGEKCCGGIGICGAG?GBWVCDC?A?MIp@kACMAM@M@GDIFEFAHBDHx@gAZc@TSVMRGF?ARGV?p@?I?g@FW@SG?SFWLUR[b@y@fADJ@L?FCLEJrAjCr@`Bl@bBJSh@{@NUHEHAL?jBb@jA`@zBp@^Lp@T|Ah@l@^Zb@Pb@BH@DHd@Dr@A`AKv@ENe@jAe@aAQUyDq@WGaAOq@a@QSUe@KO^}@\cBNwBkAa@kBc@M?I@IDOTi@z@KRm@cBs@aBsAkCEDK@GCGICMAM@M@GDIFEFAHBDHx@gAZc@TSVMRGF?PAjABz@Bf@Dp@Ap@Kr@c@v@_A~@mB\q@Vg@Cm@??^w@ZHq@tAEDWf@]p@_AlBw@~@s@b@q@Jq@@g@E{@CkACQ@G?SFWLUR[b@y@fADJ@L?FCLEJEDK@GCGIq@jALH@?B?BEVWFCF?F@HBHFFFBBDJ	Click to Generate
S2	45	1			3	Arbourthorne Community Primary School (S2)	Zakwetu (S2)	Newfield Green Dental Surgery (S2)	3642	2732	_otdItkyG?JEv@G~@GdAKzACb@Gz@?FIfAGt@E`@Kz@EZEXG\_@SUMk@]i@]i@c@OKSSKIMK[_@Q[OSM[GOCEK]GSJKHGFADDDJBFFFBAtAy@??uAx@C@GGCGEKEEG@IFKJFRJ\BDFNLZNRPZZ^LJJHRRNJh@b@h@\j@\TL^RSz@Qv@Wx@Od@MXGNMXSd@EHGHMVHR@BBBHDJ?F?FC`B]r@On@OVGFAF?F?F?PD`@LH@l@XLHPJRAFAH?DCHCBGLW@EJSJQLSFIBG@AN[@EFIBENYR[HMJOTUPOhBaBLKJMJM`@k@BCPYf@s@AKAI?M?K?I@]AS?[A]EYISIMKGGAU@CBMJIJi@dAQ\g@`AUd@CBi@hA[l@dAwBBCTe@f@aAP]h@eAHKLKBCTAF@JFHLHRDX@\?Z@RA\?H?J?L@H@Jg@r@QXCBa@j@KLKLMJiB`BQNUTKNILSZOXCDGHADOZA@CFGHMRKPKRADMVCFITEHCLKIGGEGGGQKMIm@YIAFu@HsA?Ic@Gb@F?HIrAGt@H@l@XLHPJRAD?@AH?DCHCBGLW@EJSJQLSFIBG@AN[@EFIBEKSGKFJJRCDGHADOZA@CFGHMRKPKRADMVCFITEHCLKIGGEGGGQKMIm@YIAFu@HsA?IBe@@OEQMIK?a@NK@KEGKGOAS?C?WJo@@KPy@Py@H]@GLm@VqADSBKJw@@IAUCQIMICEAQHYTSRQRGDGFIBEA[EBc@J{AFeAF_ADw@?K	Click to Generate
S2	20	1			3	Noble and Wylie (S2)	Broadfield Park (S2)	Virgin Crucible (S2)	1727	1295	ertdIbp`H@I?EBG@EN]DFDHDHBDFFBBJHRPRNDDNJ\T\XBBNLQr@CFAFWtA[zAERMj@AD?B?B?D@B@BJFr@d@FDFDl@wCBONu@XwAQWIKKMKKKKMKSQ]Y]UOKEESOSQKICCGGCEEIEIEGKUISCKGMEMCKCMIi@ESESEOGSc@w@GGC[BEHENIPI`@QDC\MJCFCHCDAD?R?@NBJ@F?R@R?JEh@A^Ab@?@EpA?HAHCHAHAFIVEJCHKVKUISCKGMEMCKCMIi@ESESEOGSc@w@GGC[BEHENIPI`@QDC\MJCFCHCDAD?R?P?F?PBD?`@ENCSkCCYCUCOIQIWM]Zk@[j@L\HVHPBNBTVdDOBa@DE?KJIFCBIF?R@R?JEh@A^Ad@EpA?HAHCHAHAFIVEJCHKVO\ADCF?DAH	Click to Generate
S2	30	1			3	Well Pharmacy (S2)	Terry Wright Community Hall (S2)	Pizza City (S2)	2172	1629	yetdIjnzG[m@IO@EJSJQLSFIBG@AN[@EFIBENYR[HMJO??TUPOhBaBLKJMJMIS?C?G@M??j@y@BCZi@LKH??L@H@Jg@r@QXCBa@j@KLKLMJiB`BQNUTKNILSZOXCDGHADOZA@CFGHMRKPKRADMVCFITEHCLKIGGEGGGQKMIm@YIAFu@HsA?IBe@@OEQMIK?a@NK@KEGKGOAS?C?WJo@@KPy@Py@H]@GLm@VqADSBKJw@@IAUCQIMICEAQHYTSRQRGDGFIBEA[EBc@J{AFeAF_A@[B[By@@WfATB_@C^gAUAVCx@Ev@G~@GdAKzACb@Gz@?FIfAGt@E`@Kz@EZEXG\Sz@Qv@Wx@Od@MXGNMXSd@EHGHMVHR@BBBHDJ?F?FC`B]r@On@OVGFAF?F?F?PD`@LH@l@XLHPJRAFAH?DCHCBGLWHNZl@	Click to Generate
S2	45	1			3	Leaves (S2)	UBU (S2)	Windy House Lane Pocket Park (S2)	3267	2450	yfudIjkvGp@sAVo@Xw@L[d@y@@E@E?C@E?E?G?E?C?EAC?A?EAEAEAGCEAEEG[SmBkAGT]xAENa@jAq@|ASb@Q\_@r@q@z@pBvC??qBwCIJcAnAGF{@v@w@^k@^u@Ts@RYDYDg@HG??TBx@Bl@Fj@FX@HDRJ\`AzB`AtBJR@BLYRYBCDINUNY^q@BEzAqC`ByC|A}C^q@`AgB`AmBVo@Xw@L[d@y@@E@E?C@E?E?G?E?C?EAC?A?EAEAEAGCEAEEG[SmBkA_BcAsA}@UQGXS|@u@rBq@jAy@jAc@f@INCHOOELCFCBg@^AGGW??FV@Ff@_@BCBGDMNNBIHOb@g@x@kAp@kAt@sBR}@FYNc@`BfAXPb@`@RLHDDBXPjBnAh@?H?FALCJEHGHKFMN]FSTw@DOP_ABONYJg@DUDUBE@CBAB?B?D?D@DD^|@Tn@N\Rl@Jd@@HAd@ATCNENENGVGTEPKRi@F_@DODM@{@FWTO@]BK@GBC@IDGBIHEDEDABCBgB|Cq@rA	Click to Generate
S2	60	1			3	Substantial Victorian houses in Norfolk Road (S2)	Path up to the Cholera Monument, Sheffield (S2)	Cholera Monument, Sheffield (S2)	7998	5998	cj{dI|t_HFIRYRQBCHG@ALIHWBEJ[h@oCPcAXkBFi@Jq@ZsBPqAFk@v@qGHa@RYX]~@iADEXa@Ta@LSVi@L[DMVu@BGBIBKZs@\{@HSF]Pg@Ns@FY@IFa@Jy@Be@Be@@c@@G?Q?k@?ICw@?]By@PeDDcA@OLcBLaALq@No@HYJa@Na@Pg@BIPc@FMPe@Vc@Zk@`@m@FKPUb@g@TYBEPUNUPUPUFKDMTc@DKDSHUBMBKBWDa@BUBa@Ba@@_@Bk@Bo@Dq@?MBe@@a@B[DaAHkBD_AHkAF{@Fs@Da@Fc@Ju@DSP_ADSJa@DKLa@`@q@DE^e@ZQDC@ALA@?F?D@B@B@B@BBBBBDDFFLDFBH?D@B@B?@?BBTBf@Fh@D\DZDZJl@Jl@J^H\X`A^vANh@Nh@Pr@T`ATv@DNBDDHDDFBJDH@D?B@BAFENMFCJE@?HAHAJB\NLCHEFERM@ADA\U@ABCROx@q@XWt@k@DEBAFEHILKFEFE\WZWtCkCf@k@t@w@VYX]hAmAVWHIHKNO`AeANS`AeANSDEFE`@e@dCgDLSXe@DJDDB@F?NGzAo@bAa@JGDIFKDHFFVPd@`@|CdCiBjEKVYn@ABm@vAmCjGCDuA|Ce@fAo@|AGLwA`DFLHJf@f@RPz@x@tAtABB~@~@DBb@b@FK@CDEDCFAfAQt@M@ABA@C@C@C?C@GCa@c@Fb@GB`@AF?BABABABC@A@}B^G@EBEDABGJc@c@EC_A_ACCuAuA{@y@SQg@g@IKGMvAaDjAlBIZADAF?D?\?z@?F@DBFBFCGCGAE?G?{@?]?E@G@EH[??kAmBwA`DCECICImAqEWcAW}@Su@EQCKEKQu@y@}CMi@Kc@WViAlAY\WXu@v@g@j@uCjC[V]VGDGDMJIHGDC@EDu@j@YVy@p@SNCBA@GRCJAHAJAL?J@N?PBT@Nr@tCBZ@\AZAJI`@GT]Xa@XIDMDG@G?E?G?GAq@SOGe@D_@?WAg@MQ@WBODUFE@a@HQBOCMEGEEEGGKQW_@oB}BgAqAIGY_@c@]AAEECCKOE|@Cb@EfACb@A`@C\C`@CVG\ETELGTGPITGPS\ILGHKNGFOPONc@d@UXIJGFILKNQTKNMTOXKXQf@Oh@ERGTCJWbAMn@QdAU~@IZEPCTCZAPARAPA\@X@\@TFh@D\BNFTHTL^DHd@hAFNBB@R?TAPCNCJEDGHIDIEy@_@C?K?C@G@A@EBEHCFGFO|ACTAPCJCNCPGTGRGPIVGNQRIR]z@[r@CJCHCFWt@ELMZIr@Y`Bm@tCgBpICLAN?PE?mAcAQpA[rBKp@Gh@YjBQbAi@nCKZCDIVMHA@IFCBSPSXGH	Click to Generate
S2	45	1			3	The Hardy Pick (S2)	Virgin Crucible (S2)	Boots (S2)	3669	2752	intdIlq`HGEEESOSQKICCGGCEEIEIEGKUISCKGMEMCKCMIi@ESESEOGSc@w@GGC[BEHENIPI`@QDC\MJCFCHCDAD?R?P?F?PBD?`@ENCRGDCHGFGBCBEDEv@pBlAzCHPf@{@Se@GO_@}@JSV_@c@r@^|@FNRd@g@z@IQmA{Cw@qBEDCDCBGFIFEBSFSkCCYCUCOIQIWM]Zk@[j@L\HVHPBNBTVdDOBa@DE?KJIFCBIFEACACCCAAGGQCIEMAGEKEOISQk@]u@oAeDg@kAeAgCi@oAMc@Y_ACMCICCEIEGEGGEa@UaAm@kBiAmAs@MIIIGGIIGMEIOc@EKAKCME]K}@Gc@Ks@ASEc@Ce@T@B?H?XAFAF?REZ?b@Av@A\?V?J@H@D@B@JDHDHHTRTTX\PTPTZd@`@n@f@t@f@t@HLFFDHLNDFBBVXLLFDXPNJNHPLTH\Pd@PHBFBZLz@\\PJDNHFFJHNLFHFDHHZZl@d@X\dAhANPJJEJCFILCHEJKh@ITGXIA??AAAAEICEAEUg@BqAD@T^CjAEJ@DHN@@@@??H@FYAQDq@BKBQJS[]{@iAMQg@s@[[IIGEGIOMKIGGOIKEA\GnAKnCALCJEFYn@CD?DAD?B?D@D@DXj@fAzBLZFTDRF`@@^E@C@A?C@EBCDe@p@EDCDCBGFIFEBSFOBa@DE?KJIFCBIF?R@R?JEh@A^Ad@EpA?`A?f@?L?P?JBVRPRNDDFD	Click to Generate
S2	30	1			3	Temple Park Centre (S2)	Castle View Park (S2)	Manor Park Medical Centre (S2)	2423	1817	wfwdIpmuG??Bl@Wf@]p@_AlBw@~@s@b@q@Jq@@g@E{@CkACQ@ARGV?p@?I?g@FW@SG?SFWLUR[b@y@fADJ@L?FCLEJrAjCr@`Bl@bBJSh@{@NUHEHAL?jBb@jA`@zBp@^Lp@T|Ah@l@^Zb@Pb@BH@DHd@Dr@A`AKv@ENe@jAe@aAQUyDq@WGaAOq@a@QSUe@KO^}@\cBNwBkAa@kBc@M?I@IDOTi@z@KRm@cBs@aBsAkCEDK@GCGICMAM@M@GDIFEFA??HBDHx@gAZc@TSVMRGF?PAjABz@Bf@Dp@Ap@Kr@c@v@_A~@mB\q@Vg@Cm@	Click to Generate
S2	45	1			3	Gleadless Medical Centre (S2)	Pizza City (S2)	Arbourthorne Community Primary School (S2)	3262	2446	{atdIz}yG\s@BCTe@f@aAP]h@eAHKLKBCTAF@JFHLHRDX@\?Z@RA\?H?J?L@H@Jg@r@QXCBa@j@KLKLMJiB`BQNUTKNILSZOXCDGHADOZA@CFGHMRKPKRADHNZl@??[m@IOMVCFITEHCLKIGGEGGGQKMIm@YIAFu@HsA?IBe@@OEQMIK?a@NK@KEGKGOAS?C?WJo@@KPy@Py@H]@GLm@VqADSBKJw@@IAUCQIMICEAQHYTSRQRGDGFIBEA[EBc@J{AFeAF_A@[B[By@@WBw@@m@Bo@@i@@g@@e@?G?M?O@c@G@MFa@Po@\aAj@a@VSLYPiBpAg@\e@\}@r@y@n@EBPbBJ|@D^Lr@Lp@BLFXDJJKHGFADDDJBFFFBAtAy@??uAx@C@GGCGEKEEG@IFKJFRJ\BDFNLZNRPZZ^LJJHRRNJh@b@h@\j@\TL^RSz@Qv@Wx@Od@MXGNMXSd@EHGHMVHR@BBBHDJ?F?FC`B]r@On@OVGFAF?F?F?PD`@LH@l@XLHPJRAFAH?DCHCBGLW@EJSJQLSFIBG@AN[@EFIBENYR[HMJOTUPOhBaBLKJMJM`@k@BCPYf@s@AKAI?M?K?I@]AS?[A]EYISIMKGGAU@CBMJIJi@dAQ\g@`AUd@CB]r@	Click to Generate
S2	20	1			3	Leaves (S2)	Windy House Lane Pocket Park (S2)	UBU (S2)	1867	1400	gfudIljvG^u@Vo@Xw@L[d@y@@E@E?C@E?E?G?E?C?EAC?A?EAEAEAGCEAEEG[SmBkAGT]xAENa@jAq@|ASb@Q\_@r@q@z@pBvC??qBwCm@q@A?u@y@{A}AOOELCFCBg@^AGGW??FV@Ff@_@BCBGDMNNzA|At@x@@?l@p@IJcAnAGF{@v@w@^k@^u@Ts@RYDYDg@HG??TBx@Bl@Fj@FX@HDRJ\`AzB`AtBJR@BLYRYBCDINUNY^q@BEzAqC`ByC|A}C^q@`AgB`@w@	Click to Generate
S2	30	1			3	Porcelanosa (S2)	The Hardy Pick (S2)	Mandala (S2)	2699	2024	{ctdIbw_HAAACE]FYAQDq@BKBQJS[]{@iAMQGRENADECUK_@QGC@Y?G@IDUDQIIGEGIOMKIGGOIKEA\GnAKnCALCJEFYn@CD?DAD?B?D@D@DXj@fAzBLZFTDRF`@@^E@C@A?C@EBCDe@p@v@pBlAzCHPf@{@Se@GO_@}@JSV_@c@r@^|@FNRd@g@z@IQmA{Cw@qBEDCDCBGFIFEBSFOBa@DE?KJIFCBIFEACACCCAAGGQCIEMAGEKEOISQk@]u@oAeDg@kAeAgCi@oAMc@Y_ACMCICCEIEGEGGEa@UaAm@kBiAmAs@MIIIGGIIGMEIOc@EKAKCME]K}@Gc@Ks@ASEc@Ce@T@B?H?XAFAF?REZ?b@Av@A\?V?J@H@D@B@JDHDHHTRTTX\PTPTZd@`@n@f@t@f@t@HLFFDHLNDFBBVXLLFDXPNJNHPLTH\Pd@PHBFBZLz@\\PHB@@NHFFJHNLFHFDHHZZl@d@X\dAhANPJJEJCFILCHEJKh@ITGXD\@B@@	Click to Generate
S2	30	1			3	Diocese of Hallam Pastoral Centre (S2)	Woodbourn Road Stadium (S2)	Sheffield Animal Centre (S2)	2707	2030	_e{dIjmwG??CFEJBHBPBR?p@Ib@_AbDXXRNDBZXJ^?^?RE~AbBPH@n@JHBZDEg@K_BAKASOmBm@sC_AaEYuAIe@CIc@oBEOK[BIBCPENEREp@q@`@e@HI`@a@TSHSL_@DGHQBGNM@CFQDQJc@He@l@cDHg@`@_CFc@Pu@^qAXZTPNLMp@G\ADQlAd@ZLLAV?\FRN@??VIWHOAGS?]@WMMe@[PmA@EF]Lq@\cAL]LFHF`AdAp@r@NFl@^d@^r@bAxFbGCn@Qd@_AhACDWb@Yz@a@`BOHK@k@EMBGFEFCPALAp@?JAHAHAHCBAFEHe@WmAo@AAKGyBmAqEiC[QOAM?KAKAQAM@SFURa@`@IHa@d@q@p@S\EDWVDNb@nBBHHd@XtAKXEGCEWZEMIQ	Click to Generate
S2	60	1			3	Path near the Cholera Monument, Sheffield (S2)	Sheffield Inclusion Centre (S2)	Manor Fields (S2)	7359	5519	c|wdI`f|Gb@GB`@AF?BABABABC@A@}B^G@EBEDABGJc@c@EC_A_ACCuAuA{@y@SQg@g@IKGMvAaDjAlBIZADAF?D?\?z@?F@DBFBFCGCGAE?G?{@?]?E@G@EH[??kAmBFMtAeDtA}CBElCkGl@wA@CXo@JWhBkEfEmMBE@ABATA@k@@o@@y@BgA@QJyFJuFDuBD}BFoC?K@k@TUZ]fBeBRS^]BADEFG~BuBrFgFDEFEzCuCv@u@|@_ARQDEDEx@u@^]nAqA\m@~@cBf@aA^m@`@u@h@_AFMDIP[HMDIDKDEb@w@HKd@{@jBkDj@cABFBFj@lAVj@d@`ATf@Tf@@Bl@rAb@~@FL`@~@b@hARl@?BN`@UTu@t@qBjBw@v@eAbAcA~@I[Ke@GUw@_DCGIUOEIAGA?S?O?KCQKc@e@{AIUCGMc@KKGGIGCCEAK?i@~@a@t@_@l@g@`A_AbB]l@oApA_@\y@t@EDEDSP}@~@c@kBd@g@jBu@nCgBVa@^mBYyAaAmFu@cEY_Ba@yBkAaHCOS_AW]m@GS@??eD|BaBhAOb@f@rCjAhHuBxAc@Zk@`@e@ZwBxAg@Xs@f@xApKtAxKr@vE_CtBGFEDC@_@\SRgBdB[\UTAj@?JGnCE|BEtBKtFKxFAPCfAAx@An@Aj@U@C@A@CDgElMiBjEKVYn@ABm@vAmCjGCDuA|CuAdDGLwA`DFLHJf@f@RPz@x@tAtABB~@~@DBb@b@FK@CDEDCFA|B_@@ABA@C@C@C?C@GCa@c@F	Click to Generate
S2	60	1			3	Burton Roofing Merchants (S2)	Makro (S2)	Mather Community Park (S2)	5847	4385	q_ydIdzuGEEUQYSg@g@Sr@Kd@c@`BMf@Ol@St@Of@_@fAS]Vu@Ni@CHK^Wt@R\a@z@u@`BUf@INmAfBOTkAvA[f@u@~@SWY]UYW]EGOQW[t@uAl@cA??P^R`@R`@Rb@BHNZTf@jAwANUlAgBHOTg@t@aB`@{@^gANg@Ru@Nm@Lg@b@aBJe@Rs@Z{@Xg@bAqAF]Dc@Ca@CW@UFWFMDEHEJAFBD@HJDJDLVx@P`@h@`@^Ph@Jb@F\EPINMNSN_@dA{D|@mD~@mD^aBfAiFv@qDXuA`@eBz@{F|@_Ft@gEr@}DB[@O?OEUA_@A_@C]I[KSKOGGoBiBeCuB}AeAo@a@o@_@k@bECLIn@y@jFq@xE]rBUhAtAlAf@b@j@l@U|@]z@e@|@s@v@g@`@MJ_Bt@Ks@SaBn@wA`@gAZ_A\oADWFUTiA\sBp@yEx@kFHo@BMj@cEJg@xDfCtBjBpAjAPNDD\ZTVHFHDF@F?HEFEDCPCJ@VJXRXRPVJNDNHd@Fd@@P?PARAPIVGNIHGBG@MBI?WR[n@uAhFg@nBaEzNk@bCi@`Cy@zDy@tDO`BkAlGE`@?^?^D^D\Lf@Lv@?b@A`@EXETMVONUFU?UEUSqBaBwAsAyAaAKGYOCBOXm@`@cApAYf@[z@f@f@XRTPDD	Click to Generate
S2	20	1			3	Wobbly Wheel Cyclery (S2)	Daughters (S2)	74th Oak Street Scout Group (S2)	1638	1228	u_tdIf{}GRAMyIF?v@GbAG?FJtGL`HlBIDbBmClGkBfEgAdCqAwBIM\{@~BsFTg@E[IcFImDMyIE?o@DEmCCsBAq@AKv@EJ~HLxIS@	Click to Generate
S2	20	1			3	Anna Roberts (S2)	Virgin Crucible (S2)	The Hardy Pick (S2)	1818	1364	motdInp`H@@RNDDNJ\T\XRPQr@CFAFWtA[zAERMj@AD?B?B?D@B@BJFr@d@FDFDl@wCBONu@XwAQWIKKM??KKKKMKSQ]Y]UOKEESOSQKICCGGCEEIEIEGKUISCKGMEMCKCMIi@ESESEOGSc@w@GGC[BEHENIPI`@QDC\MJCFCHCDAD?R?P?F?PBD?`@ENCWeDCUCOIQIWM]Zk@[j@L\HVHPBNBTBXRjCRGDCHGFGBCBEDEv@pBlAzCHPf@{@Se@GO_@}@JSV_@c@r@^|@FNRd@g@z@IQmA{Cw@qBEDCDCBGFIFEBSFOBa@DE?KJIFCBIF?R@R?JEh@A^Ad@EpA?`A?f@?L?P?JBVPN	Click to Generate
S2	30	1			3	Leaves (S2)	Windy House Lane Pocket Park (S2)	UBU (S2)	2605	1954	}dudIfhvGINVo@Xw@L[d@y@@E@E?C@E?E?G?E?C?EAC?A?EAEAEAGCEAEEG[SmBkAGT]xAENa@jAq@|ASb@Q\_@r@q@z@pBvC??qBwCm@q@A?u@y@{A}AOOELCFCBg@^AGGW??FV@Ff@_@BCBGDMNNzA|At@x@@?l@p@IJcAnAGF{@v@w@^k@^u@Ts@RYDYDg@HG??TBx@Bl@Fj@FX@HDRJ\`AzB`AtBJR@BLYRYBCDINUNY^q@BEzAqC`ByC|A}C^q@`AgB`AmBVo@Xw@L[d@y@Ra@DIJUHOJSJQ`@_AN]FSTw@DOP_ABONYJg@DUDUBE@CBAB?B?D?D@DD^|@Tn@N\Rl@Jd@@HAd@ATCNENENGVGTEPKRi@F_@DODM@{@FWTO@]BK@GBC@IDGBIHEDEDABCB}AlC	Click to Generate
S2	20	1			3	Casa Italia (S2)	Alam Hill Books (S2)	Boots (S2)	1709	1282	aktdIde_HS_@QYEJWj@Yp@CTz@\\PJDNHFFJHNLFHFDHHZZPNZTELg@s@[[IIGEGIOMKIGGOIKE]Q{@]BUXq@Vk@DKj@wAxAiDdC}FHLpAvBiC`GiA~C_@hAY~@K^NLFHFDHHZZl@d@X\dAhANPJJEJCFILCHEJKh@ITGXIA??AAAAEICEAEUg@BqAD@T^CjAEJ@DHN@@@@??H@FYAQDq@BKBQJS[]{@iAMQg@s@[[IIGEGIOMKIGGOIKE]Q{@]BUXq@Vk@DKPXR^	Click to Generate
S2	60	1			3	Path near the Cholera Monument, Sheffield (S2)	Sheffield Inclusion Centre (S2)	Manor Fields (S2)	7164	5373	g~wdInh|G_@FG@EBEDABGJc@c@EC_A_ACCuAuA{@y@SQg@g@IKGMvAaDjAlBIZADAF?D?\?z@?F@DBFBFCGCGAE?G?{@?]?E@G@EH[??kAmBFMtAeDtA}CBElCkGl@wA@CXo@JWhBkEfEmMBE@ABATA@k@@o@@y@BgA@QJyFJuFDuBD}BFoC?K@k@TUZ]fBeBRS^]BADEFG~BuBrFgFDEFEzCuCv@u@|@_ARQDEDEx@u@^]nAqA\m@~@cBf@aA^m@`@u@h@_AFMDIP[HMDIDKDEb@w@HKd@{@jBkDj@cABFBFj@lAVj@d@`ATf@Tf@@Bl@rAb@~@FL`@~@b@hARl@?BN`@UTu@t@qBjBw@v@eAbAcA~@I[Ke@GUw@_DCGIUOEIAGA?S?O?KCQKc@e@{AIUCGMc@KKGGIGCCEAK?i@~@a@t@_@l@g@`A_AbB]l@oApA_@\y@t@EDEDSP}@~@c@kBd@g@jBu@nCgBVa@^mBYyAaAmFu@cEY_Ba@yBkAaHCOS_AW]m@GS@??eD|BaBhAOb@f@rCjAhHuBxAc@Zk@`@e@ZwBxAg@Xs@f@xApKtAxKr@vE_CtBGFEDC@_@\SRgBdB[\UTAj@?JGnCE|BEtBKtFKxFAPCfAAx@An@Aj@U@C@A@CDgElMiBjEKVYn@ABm@vAmCjGCDuA|CuAdDGLwA`DFLHJf@f@RPz@x@tAtABB~@~@DBb@b@FK@CDEDCFA^G	Click to Generate
S2	20	1			3	Arman Food Store (S2)	Virgin Crucible (S2)	The Hardy Pick (S2)	1818	1364	sotdIhp`HFFRNDDNJ\T\XRPQr@CFAFWtA[zAERMj@AD?B?B?D@B@BJFr@d@FDFDl@wCBONu@XwAQWIKKMEEEEKKMKSQ]Y]UOKEESOSQKICCGGCEEIEIEGKUISCKGMEMCKCMIi@ESESEOGSc@w@GGC[BEHENIPI`@QDC\MJCFCHCDAD?R?P?F?PBD?`@ENCWeDCUCOIQIWM]Zk@[j@L\HVHPBNBTBXRjCRGDCHGFGBCBEDEv@pBlAzCHPf@{@Se@GO_@}@JSV_@c@r@^|@FNRd@g@z@IQmA{Cw@qBEDCDCBGFIFEBSFOBa@DE?KJIFCBIF?R@R?JEh@A^Ad@EpA?`A?f@?L?P?JBVJH	Click to Generate
S2	20	1			3	Temple Park Centre (S2)	Manor Park Medical Centre (S2)	Castle View Park (S2)	1839	1379	}wwdIbhvGCSCINWs@aBsAkCEDK@GCGICMAM@M@GDIFEFAHBDHx@gAZc@TSVMRGF?ARGV?p@?I?g@FW@SG?SFWLUR[b@y@fADJ@L?FCLEJEDK@GCGICMAM@M@GDIFEFA??HBDHDJ@L?FCLEJrAjCr@`Bl@bBJSh@{@NUHEHAL?jBb@jA`@zBp@^Lp@T|Ah@l@^Zb@Pb@BH@DHd@Dr@A`AKv@ENe@jAe@aAQUyDq@WGaAOq@a@QSUe@KOa@n@mBxCoAyCoAyCZi@IOR_@F[?SA[CO	Click to Generate
S2	20	1			3	Valley Road Garage (S2)	International Automatic Cars (S2)	Casa Italia (S2)	1722	1292	sftdIrx~GvAgD\{@~@wBtAcDtBwElBIDbBmClGkBfEgAdCqAwBIM_FfLk@vAPXVd@H@t@aBu@`BIACES_@QYEJWj@Yp@CTz@\\PJDNHFFJHNLFHFDHHZZPNZTELg@s@[[IIGEGIOMKIGGOIKE]Q{@]BUXq@Vk@DKj@wAfC_G	Click to Generate
S2	30	1			3	Temple Park Centre (S2)	Castle View Park (S2)	Hair & Beauty Lounge (S2)	2973	2230	k|wdIlavG_@l@KWESC?A?MIp@kACMAM@M@GDIFEFAHBDHx@gAZc@TSVMRGF?ARGV?p@?I?g@FW@SG?SFWLUR[b@y@fADJ@L?FCLEJrAjCr@`Bl@bBJSh@{@NUHEHAL?jBb@jA`@zBp@^Lp@T|Ah@l@^Zb@Pb@BH@DHd@Dr@A`AKv@ENe@jAe@aAQUyDq@WGaAOq@a@QSUe@KO^}@\cBNwBkAa@kBc@M?I@IDOTi@z@KRm@cBs@aBsAkCEDK@GCGICMAM@M@GDIFEFAHBDHx@gAZc@TSVMRGF?PAjABz@Bf@Dp@Ap@Kr@c@v@_A~@mB\q@Vg@Cm@??^w@ZHq@tAEDWf@]p@_AlBw@~@s@b@q@Jq@@g@E{@CkACQ@G?SFWLUR[b@y@fADJ@L?FCLEJEDK@GCGIq@jALH@?B?BEVWFCF?F@HBENEH	Click to Generate
S2	30	1			3	UBU (S2)	Leaves (S2)	Sheffield Inclusion Centre (S2)	2752	2064	iwudInewGP[LYRYBCDINUNY^q@BEzAqC`ByC|A}C^q@`AgB`AmBVo@Xw@L[d@y@@E@E?C@E?E?G?E?C?EAC?A?EAEAEAGCEAEEG[SmBkAGT]xAENa@jAq@|ASb@Q\_@r@q@z@pBvC??qBwCIJcAnAGF{@v@w@^k@^u@Ts@RYDYDg@HG??TBx@Bl@Fj@FX@HDRJ\`AzB`AtBJR@BwAfCm@lA]p@BFBFj@lAVj@d@`ATf@Tf@@Bl@rAb@~@FL`@~@b@hARl@?BN`@UTu@t@qBjBw@v@eAbAcA~@I[Ke@GUw@_DCGIUOEIAGA?S?O?KCQKc@e@{AIUCGMc@EQCE?EAGAG?CAI?I@I?I@E@CDIDKDEb@w@HKd@{@jBkDj@cA\q@l@mAdAkB	Click to Generate
S2	30	1			3	GoLocalExtra (S2)	UBU (S2)	Windy House Lane Pocket Park (S2)	2510	1882	_kudIdpvGqBwCp@{@^s@P]Rc@p@}A`@kADO\yAFU_BcAFk@XPb@`@RLHDDBXPjBnAh@?H?FALCJEHGHKFMN]FSTw@DOP_ABONYJg@DUDUBE@CBAB?B?D?D@DD^|@Tn@N\Rl@Jd@@HAd@ATCNENENGVGTEPKRi@F_@DODM@{@FWTO@]BK@GBC@IDGBIHEDEDABCBgB|Cq@rAOXaAfB_@p@}A|CaBxC{ApCCD_@p@OXOTEHCBSXMXACKSaAuBaA{BK]ESAIGYGk@Cm@Cy@?UF?f@IXEXEr@St@Uj@_@v@_@z@w@FGbAoAHKm@q@A?u@y@{A}AOOELCFCBg@^AGGW??FV@Ff@_@BCBGDMNNzA|At@x@@?l@p@pBvC	Click to Generate
S2	45	1			3	Bronze & Polished (S2)	Sheffield Inclusion Centre (S2)	Leaves (S2)	3077	2308	syudI`iwGBEvAgCLYRYBCDINUNYJORa@~AwC`ByC|A}C@DHNf@bALZBFPh@Lb@?BH\Jt@Hv@Dh@@JIJMRQ^]r@m@nA@TPvBNjCHhBFjAD|ADlAB~@G?I@MHo@l@k@h@k@h@gAdAa@^WTUTu@t@qBjBw@v@eAbAcA~@I[Ke@GUw@_DCGIUOEIAGA?S?O?KCQKc@e@{AIUCGMc@EQCE?EAGAG?CAI?I@I?I@E@CDIDKDEb@w@HKd@{@jBkDj@cA\q@l@mAvAgCACKSaAuBaA{BK]ESAIGYGk@Cm@Cy@?UF?f@IXEXEr@St@Uj@_@v@_@z@w@FGbAoAHKpBvC??qBwCIJcAnAGF{@v@w@^k@^u@Ts@RYDYDg@HG??TBx@Bl@Fj@FX@HDRJ\`AzB`AtBJR@BwAfCCD	Click to Generate
S2	20	1			3	Top Chopper (S2)	Broadfield Park (S2)	The Hardy Pick (S2)	1661	1246	_ktdIdt`HCCMKSQ]Y]UOKEESOSQKIEd@?BDi@CCGGCEEIEIEGKUISCKGMEMCKCMIi@ESESEOGSc@w@GGC[BEHENIPI`@QDC\MJCFCHCDAD?R?@NBJ@F?R@R?JEh@A^Ab@?@EpA?HAHCHAHAFIVEJCHKVKUISCKGMEMCKCMIi@ESESEOGSc@w@GGC[BEHENIPI`@QDC\MJCFCHCDAD?R?P?F?PBD?`@ENCRGDCHGFGBCBEDEv@pBlAzCHPf@{@Se@GO_@}@JSV_@c@r@^|@FNRd@g@z@IQmA{Cw@qBEDCDCBGFIFEBSFOBa@DE?KJIFCBIF?R@R?JEh@A^Ad@EpA?`A?f@?L?P?JBVRPRNDDNJ\T\XRPLJBB	Click to Generate
S2	30	1			3	Windy House Lane Pocket Park (S2)	Leaves (S2)	UBU (S2)	2134	1600	c|udIf}uG^^~DjEELCFCBg@^AGGW??FV@Ff@_@BCBGDMNNzA|At@x@@?l@p@pBvC??qBwCIJcAnAGF{@v@w@^k@^u@Ts@RYDYDg@HG??TBx@Bl@Fj@FX@HDRJ\`AzB`AtBJR@BLYRYBCDINUNY^q@BEzAqC`ByC|A}C^q@`AgB`AmBVo@Xw@L[d@y@@E@E?C@E?E?G?E?C?EAC?A?EAEAEAGCEAEEG[SmBkA_BcAsA}@UQoA_Ae@g@EIY]MLKHQB]?QKSSQPyA|AABe@f@w@v@Y\AJAL?BETTV	Click to Generate
S2	30	1			3	I Said Bread (S2)	Kingdom Hall of Jehovah's Witnesses (S2)	Wobbly Wheel Cyclery (S2)	2434	1826	oatdI`h~Gw@@Q@yAfAM@EE|@eDJy@BcA?m@QuEW_G?WF?lAL`@?LAJlIDDt@ARAHlDHbFDZuCzG]z@_FfLeA_BdA~AfC_GvAgD\{@tC{GtBwEMaHKuG?GcAFw@FG?E?o@DWBM@a@?mAMG??VV~FPtE?l@CbAKx@}@dDDDLAxAgAPAv@A	Click to Generate
S2	60	1			3	Path up to the Cholera Monument, Sheffield (S2)	Substantial Victorian houses in Norfolk Road (S2)	Sheffield Inclusion Centre (S2)	5721	4291	c|wdI`f|Gb@GB`@AF?BABABABC@A@u@LgAPG@EBEDABGJc@c@EC_A_ACCuAuA{@y@SQg@g@IKGMvAaDFMn@}Ad@gAtA}CBElCkGl@wA@CXo@JWhBkEfEmMBE@ABATA@k@@o@@y@BgA@QJyFJuFDuBD}BFoC?K@k@TUZ]fBeBRS^]BADEFG~BuBrFgFDEFEzCuCv@u@|@_ARQDEDEx@u@^]nAqA\m@~@cBf@aA^m@`@u@h@_AFMDIP[HMDIDKDEb@w@HKd@{@jBkDj@cABFBFj@lAVj@d@`ATf@Tf@@Bl@rAb@~@FL`@~@b@hARl@?BN`@UTu@t@qBjBw@v@eAbAcA~@I[Ke@GUw@_DCGIUOEIAGA?S?O?KCQKc@e@{AIUCGMc@KKGGIGCCEAK?i@~@a@t@_@l@g@`A_AbB]l@oApA_@\y@t@EDEDSP}@~@w@t@{CtCGDEDsFfF_CtBGFEDC@_@\SRgBdB[\UTAj@?JGnCE|BEtBKtFKxFAPCfAAx@An@Aj@U@C@A@CDgElMiBjEKVYn@ABm@vAmCjGCDuA|CuAdDGLwA`DFLHJf@f@RPz@x@tAtABB~@~@DBb@b@FK@CDEDCFA|B_@@ABA@C@C@C?C@GCa@c@F	Click to Generate
S2	45	1			3	Arbourthorne Community Primary School (S2)	ExtraCare (S2)	Newfield Green Dental Surgery (S2)	3724	2793	ymtdIxiyG_@IAVCx@Ev@G~@GdAKzACb@Gz@?FIfAGt@E`@Kz@EZEXG\_@SUMk@]i@]i@c@OKSSKIMK[_@Q[OSM[GOCEK]GSJKHGFADDDJBFFFBAtAy@??uAx@C@GGCGEKEEG@IFKJFRJ\BDFNLZNRPZZ^LJJHRRNJh@b@h@\j@\TL^RSz@Qv@Wx@Od@MXGNMXSd@EHGHMVHR@BBBHDJ?F?FC`B]r@On@OVGFAF?F?F?PD`@LH@l@XLHPJRAFAH?DCHCBGLW@EJSJQLSFIBG@AN[@EFIBENYR[HMJOTUPOhBaBLKJMJM`@k@BCPYf@s@AKAI?M?K?I@]AS?[A]EYISIMKGGAU@CBMJIJi@dAQ\g@`AUd@CBc@|@a@x@dAwBBCTe@f@aAP]h@eAHKLKBCTAF@JFHLHRDX@\?Z@RA\?H?J?L@H@Jg@r@QXCBa@j@KLKLMJiB`BQNUTKNILSZOXCDGHADOZA@CFGHMRKPKRADMVCFITEHCLKIGGEGGGQKMIm@YIAFu@HsA?Ic@Gb@F?HIrAGt@H@l@XLHPJRAD?@AH?DCHCBGLW@EJSJQLSFIBG@AN[@EFIBEKSGKFJJRCDGHADOZA@CFGHMRKPKRADMVCFITEHCLKIGGEGGGQKMIm@YIAFu@HsA?IBe@@OEQMIK?a@NK@KEGKGOAS?C?WJo@@KPy@Py@H]@GLm@VqADSBKJw@@IAUCQIMICEAQHYTSRQRGDGFIBEA[EBc@J{AFeAF_ADw@By@@W^H	Click to Generate
S2	60	1			3	Burton Roofing Merchants (S2)	Pentagon Jeep (S2)	Sheffield Animal Centre (S2)	4419	3314	otydI~kvGP^R`@R`@Rb@BHNZTf@jAwANUlAgBHOTg@t@aB`@{@S]Vu@Ni@CHK^Wt@R\^gANg@Ru@Nm@Lg@b@aBJe@Rs@f@f@XRTPn@f@k@pCGVg@zB@ZVb@XRTPNLFFTR_@hBOr@Ns@^iBUSGGOMUQYSWc@A[f@{Br@iDo@g@UQYSg@g@Sr@Kd@c@`BMf@Ol@St@Of@_@fAa@z@u@`BUf@INmAfBOTkAvA[f@u@~@ELGJy@fB]`AK\g@dBSz@UhACPQjAKx@QvAIt@Kr@CNe@xBUa@QYOQCCu@e@OIq@_@k@Wm@]_@Sc@WcAk@_@Sm@]ECKEe@WmAo@AAKGyBmAqEiC[Q[SEGGGKMEKAI?KNM@CFQDQJc@He@l@cDHg@`@_CFc@Pu@^qAXZTPNL\cAL]LFHF`AdAp@r@NFl@^d@^r@bAxFbGCn@Qd@_AhACDWb@Yz@a@`BvAv@f@X|@f@DH@PKn@a@vCj@Vp@^NHt@d@BBNPPXT`@d@yBBOJs@Hu@PwAJy@PkABQTiAR{@f@eBJ]\aAx@gBFKDMt@_AZg@Ug@O[CISc@Sa@Sa@Q_@	Click to Generate
S2	20	1			3	Porcelanosa (S2)	Alam Hill Books (S2)	Heeley Sidings (S2)	1589	1192	_ktdI~h_H@@NHFFJHNLFHFDHHZZl@d@ELGRENADECUK_@QGC@Y?G@IDUDQIIGEGIOMKIGGOIKE]Q{@]BUXq@Vk@DKj@wAxAiDdC}FHLpAvBiC`GiA~C_@hAY~@K^NLFHFDHHZZl@d@X\dAhANPJJEJCFILCHEJKh@ITGXD\@B@@BFn@pARa@R]u@}AMV@R@Dj@hAS`@o@qAEIACE]FYAQDq@BKBQJS[]{@iAMQg@s@[[IIGEGIOMKIGGOIAA	Click to Generate
S2	60	1			3	Castle View Park (S2)	St Swithun (S2)	Hair & Beauty Lounge (S2)	6401	4801	swvdIf}vG??eD|BaBhAOb@f@rCjAhHuBxAc@Zk@`@e@ZwBxAg@Xs@f@aB`AGc@MqAImBEu@MkCbAw@FQHe@H_AX{Cv@sADIDKvBsDrBaDe@aAQUyDq@WGaAOq@a@QSUe@KO^}@\cBNwBkAa@kBc@M?I@IDOTi@z@KRm@cBs@aBsAkCEDK@GCGICMAM@M@GDIFEFAHBDHx@gAZc@TSVMRGF?PAjABz@Bf@Dp@Ap@Kr@c@v@_AFHR\TZ`@`@hBbAdCvADBVNNFNFRDP?TIRMd@y@d@{@`AmBNUh@u@d@o@`@]LKj@e@|@g@TITCRA`@ALGDEJKFMFHDD`AdAdBjBCJe@nCKjDXI~@UbB_@`@K?Q@QF[JWHIJGHC?SMaEE_CGqAKk@Qi@Uc@IKMM_@Ym@a@c@WGEAFEBC@E?ECCCCG?I?IICaDwAUMaDuAAAeCeAoAi@OGOVc@|@INGHgB~CaBjDw@zAOX]n@GL[I_@v@??Bl@Wf@]p@_AlBw@~@s@b@q@Jq@@g@E{@CkACQ@G?SFWLUR[b@y@fADJ@L?FCLEJrAjCr@`Bl@bBaA|A[h@nAxCnAxCKRs@jAh@bA^Vd@@BCJIRQlApChAjCd@fAYzCI~@Id@GPcAv@LjCDt@HlBLpAFb@`BaAr@g@f@YvByAd@[j@a@b@[tByAkAiHg@sCNc@`BiAdD}B??	Click to Generate
S2	30	1			3	Temple Park Centre (S2)	Castle View Park (S2)	Hair & Beauty Lounge (S2)	3012	2259	yzwdIdbvGO]CCGGIGICGAG?GBWVCDC?A?MIp@kACMAM@M@GDIFEFAHBDHx@gAZc@TSVMRGF?ARGV?p@?I?g@FW@SG?SFWLUR[b@y@fADJ@L?FCLEJrAjCr@`Bl@bBJSh@{@NUHEHAL?jBb@jA`@zBp@^Lp@T|Ah@l@^Zb@Pb@BH@DHd@Dr@A`AKv@ENe@jAe@aAQUyDq@WGaAOq@a@QSUe@KO^}@\cBNwBkAa@kBc@M?I@IDOTi@z@KRm@cBs@aBsAkCEDK@GCGICMAM@M@GDIFEFAHBDHx@gAZc@TSVMRGF?PAjABz@Bf@Dp@Ap@Kr@c@v@_A~@mB\q@Vg@Cm@??^w@ZHq@tAEDWf@]p@_AlBw@~@s@b@q@Jq@@g@E{@CkACQ@G?SFWLUR[b@y@fADJ@L?FCLEJEDK@GCGIq@jALH@?B?BEVWFCF?F@HBHFFFBBN\	Click to Generate
S2	20	1			3	St Vincent's (S2)	Temple Park Centre (S2)	Hair & Beauty Lounge (S2)	1483	1112	k|wdIt|uG??HBDHDJ@L?FCLEJrAjCr@`BOV_@}@k@qAWm@CCGGIGICGAG?GBWVCDC?A?MIp@kACMAM@M@GDIFEFAHBDHx@gAZc@TSVMRGF?ARGV?p@?I?g@FW@SPAjABz@Bf@Dp@Ap@Kr@c@v@_A~@mB\q@Vg@Cm@??^w@ZHq@tAEDWf@]p@_AlBw@~@s@b@q@Jq@@g@E{@CkACQ@G?SFWLUR[b@y@fADJ@L?FCLEJEDK@GCGICMAM@M@GDIFEFA	Click to Generate
S2	20	1			3	Manor Park Medical Centre (S2)	Temple Park Centre (S2)	Castle View Park (S2)	1802	1352	gzwdIfcvGa@_ACCGGIGICGAG?GBWVCDC?A?MIp@kACMAM@M@GDIFEFA??HBDHx@gAZc@TSVMRGF?ARGV?p@?I?g@FW@SG?SFWLUR[b@y@fADJ@L?FCLEJrAjCr@`Bl@bBJSh@{@NUHEHAL?jBb@jA`@zBp@^Lp@T|Ah@l@^Zb@Pb@BH@DHd@Dr@A`AKv@ENe@jAe@aAQUyDq@WGaAOq@a@QSUe@KO^}@\cBNwBkAa@kBc@M?I@IDOTi@z@KRm@cBOV_@}@a@_A	Click to Generate
S2	30	1			3	Windy House Lane Pocket Park (S2)	UBU (S2)	Leaves (S2)	2424	1818	a~udIh_vGAk@I@EAGAECEEGGEKIWE]?Q@QF[JWHIJGHCP@LBDDDHDNHZ@N@NAJAL?BETt@v@~DjEELCFCBg@^AGGW??FV@Ff@_@BCBGDMNNzA|At@x@@?l@p@IJcAnAGF{@v@w@^k@^u@Ts@RYDYDg@HG??TBx@Bl@Fj@FX@HDRJ\`AzB`AtBJR@BLYRYBCDINUNY^q@BEzAqC`ByC|A}C^q@`AgB`AmBVo@Xw@L[d@y@@E@E?C@E?E?G?E?C?EAC?A?EAEAEAGCEAEEG[SmBkAGT]xAENa@jAq@|ASb@Q\_@r@q@z@pBvC??qBwCm@q@A?u@y@{A}AOO_EkEu@w@CFCFGJEDGDEBE@@j@	Click to Generate
S2	20	1			3	Leaves (S2)	Windy House Lane Pocket Park (S2)	UBU (S2)	1867	1400	qeudIhivGHQVo@Xw@L[d@y@@E@E?C@E?E?G?E?C?EAC?A?EAEAEAGCEAEEG[SmBkAGT]xAENa@jAq@|ASb@Q\_@r@q@z@pBvC??qBwCm@q@A?u@y@{A}AOOELCFCBg@^AGGW??FV@Ff@_@BCBGDMNNzA|At@x@@?l@p@IJcAnAGF{@v@w@^k@^u@Ts@RYDYDg@HG??TBx@Bl@Fj@FX@HDRJ\`AzB`AtBJR@BLYRYBCDINUNY^q@BEzAqC`ByC|A}C^q@`AgBv@{A	Click to Generate
S2	30	1			3	Leaves (S2)	Windy House Lane Pocket Park (S2)	UBU (S2)	2605	1954	idudIhgvG]l@Vo@Xw@L[d@y@@E@E?C@E?E?G?E?C?EAC?A?EAEAEAGCEAEEG[SmBkAGT]xAENa@jAq@|ASb@Q\_@r@q@z@pBvC??qBwCm@q@A?u@y@{A}AOOELCFCBg@^AGGW??FV@Ff@_@BCBGDMNNzA|At@x@@?l@p@IJcAnAGF{@v@w@^k@^u@Ts@RYDYDg@HG??TBx@Bl@Fj@FX@HDRJ\`AzB`AtBJR@BLYRYBCDINUNY^q@BEzAqC`ByC|A}C^q@`AgB`AmBVo@Xw@L[d@y@Ra@DIJUHOJSJQ`@_AN]FSTw@DOP_ABONYJg@DUDUBE@CBAB?B?D?D@DD^|@Tn@N\Rl@Jd@@HAd@ATCNENENGVGTEPKRi@F_@DODM@{@FWTO@]BK@GBC@IDGBIHEDEDABCBiAnB	Click to Generate
S2	20	1			3	Boots (S2)	Meersbrook Park Church (S2)	Alam Hill Books (S2)	1457	1093	kgtdIfl_Hd@^X\dAhANPJJEJCFILCHEJKh@ITGXIA??AAAAEICEAEUg@BqAD@T^CjAEJ@DHN@@@@??H@FYAQDq@BKBQJSNMJJPRPTRZ@BBDDHN^LZZ`A[k@KQIQOUOWWa@EGW[QQ[]{@iAMQg@s@[[IIGEGIOMKIGGOIKE]Q{@]BUXq@Vk@DKj@wAxAiDdC}FHLpAvBiC`GiA~C_@hAY~@K^NLFHFDHHZZFD	Click to Generate
S2	60	1			3	HSS Hire (S2)	Burton Roofing Merchants (S2)	Manor Park Medical Centre (S2)	7720	5790	cuxdIvdtGMJ_Bt@Ks@SaBn@wA`@gAZ_A\oADWFUTiA\sBp@yEx@kFHo@BMj@cEJg@xDfCtBjBpAjAPNDD\ZTVHFHDF@F?HEFEDCPCJ@VJXRXRPVJNDNHd@Fd@@P?PARAPIVGNIHGBG@MBI?WR[n@uAhFg@nBaEzNk@bCi@`Cy@zDy@tDO`BkAlGE`@?^?^D^D\Lf@Lv@?b@A`@EXETMVONUFU?UEUSqBaBwAsAyAaAKGYOCBOXm@`@cApAYf@[z@f@f@XRTPn@f@NLJEd@qBNJnAbADNk@fCILqAkAEO@g@KDOMi@a@EEUQYSg@g@Sr@Kd@c@`BMf@Ol@St@Of@_@fAS]Vu@Ni@CHK^Wt@R\^gANg@Ru@Nm@Lg@b@aBJe@Rs@Z{@Xg@bAqAF]Dc@Ca@CW@UFWFMDEHEJAFBD@HJDJDLVx@P`@N\n@x@vArApB`BTRTDT?TGNOLWDUDY@a@Mk@OWQKMCQDSNMXWbAa@bBm@dCg@zBm@fBi@dCWvByBfKU~@SdAa@dCcA|HW~ADRDJDFLCf@W`AcAp@s@hC_BNUFOPWZ}@j@_Bd@sA~@oCVs@d@sA^iAL[LUTa@\e@Z[VSXO^Ol@QXORMTS^]v@kANYrBkDp@kACMAM@M@GDIFEFA??HBDHx@gAZc@TSVMRGF?PAjABz@BDgBJ}AJ{@VyB^_DP}AV{BTeBPsAPcAl@kBHO??FMpAeCGyAYyFCi@GoAK{B[QGEIEOMy@g@s@i@q@o@aAgAa@a@QWW]EIOSw@gAIMIGECICW?GBG@MBI?]KQIIGq@k@GIEIEKCOEUA_@A_@C]I[KSKOGGoBiBeCuB}AeAo@a@o@_@k@bECLIn@y@jFq@xE]rBUhAtAlAf@b@j@l@U|@]z@e@|@s@v@g@`@	Click to Generate
S2	45	1			3	Premier, Steve's Convenience Shop (S2)	Meersbrook Park Church (S2)	Kingdom Hall of Jehovah's Witnesses (S2)	3752	2814	}lsdIta_HIlAtDc@^EJ@Hw@LeAn@uDBS?_@?W?gDAqADo@BYLm@HMLISkDE[CQeAoFOu@U?_Be@e@G{@@a@JsC~@yCz@BbCDbBmClGeAiB??dAhBkBfEgAdCiC`GiA~C_@hAY~@K^NLFHFDHHZZl@d@X\dAhANPJJPRPTRZ@BBDDHN^LZZ`A[k@KQIQOUOWWa@EGW[QQ[]{@iAMQg@s@[[IIGEGIOMKIGGOIKE]Q{@]BUXq@Vk@DKj@wAfC_GvAgDHLpAvBiC`GiA~C_@hAY~@K^NLFHFDHHZZl@d@X\dAhANPJJPRPTRZDHDHN^LZZ`AZ~@v@hCV|@DLFRBFJd@DJBJPj@BHLQjAiAb@e@z@}@RUDEbAaAvAcACy@E_AEuBCoD@mAFyALsBDIHmA	Click to Generate
S2	45	1			3	Boots (S2)	Another Level (S2)	The Hardy Pick (S2)	3184	2388	o`tdIvs_HBDDHN^LZZ`A[k@KQIQOUOWWa@EGW[ILCHEJKh@ITGXIA??AAAAEICEAEUg@BqAD@T^CjAEJ@DHN@@@@??H@FYAQDq@BKBQJS[]{@iAMQGRENAD?DAHAJAt@AP?R_AKECCC?C?CLaC@Y?G@IDUDQZZj@b@@@ELg@s@[[IIGEGIOMKIGGOIKEA\GnAKnCALCJEFYn@CD?DAD?B?D@D@DXj@fAzBLZFTDRF`@@^E@C@A?C@EBCDe@p@v@pBlAzCHPf@{@Se@GO_@}@JSV_@c@r@^|@FNRd@g@z@IQmA{Cw@qBEDCDCBGFIFEBSFOBa@DE?KJIFCBIFEACACCCAAGGQCIEMAGEKEOISQk@]u@oAeDg@kAeAgCi@oAMc@Y_ACMCICCEIEGEGGEa@UaAm@kBiAmAs@MIIIGGIIGMEIOc@EKAKCME]K}@Gc@Ks@ASEc@Ce@T@B?H?XAFAF?REZ?b@Av@A\?V?J@H@D@B@JDHDHHTRTTX\PTPTZd@`@n@f@t@f@t@HLFFDHLNDFBBVXLLFDXPNJNHPLTH\Pd@PHBFBZLz@\\PJDNHFFJHNLFHFDHHZZl@d@X\dAhANPJJPRPTRZ@B	Click to Generate
S2	45	1			3	74th Oak Street Scout Group (S2)	Cat Lane Bakery (S2)	Wobbly Wheel Cyclery (S2)	3135	2351	abtdItz|GDjAEV`@FZ`CFfCw@D@J@p@BrBDlCWBM@a@?mAMG?E?eE[c@k@}Aw@gAq@[Oq@][a@IOIUMSi@_@P_ABc@Bg@?_@AaA?G?M@I?E@G?C@GBMCEEGMQZg@JSBGBIHW@AH_@FQJa@@EDSJ_@Ng@V_ApCwIBITMHEFCBADAP?RBTFf@VD@@@DBjAr@VJ^FDPAVYnASjAEd@Eb@A\Ab@@\@p@D|@o@LmAPsBVI?i@OgAUu@Qq@QGPI^A@IVCHCFKR[f@LPDFBDF@D@PDPDz@RB?`AT@?TFPB`AVl@NzBf@n@NB?^HNDZ@@ZIj@Q~@Gt@EnAAjAH~A?^F?lAL`@?LAVCn@ED?F?v@GbAG?FJtGnBKKsG?GOqKCK@_@@WAIAIoGeAa@GDWEkA	Click to Generate
S2	20	1			3	Top Chopper (S2)	Broadfield Park (S2)	The Hardy Pick (S2)	1637	1228	qktdIts`H??SQ]Y]UOKEESOSQKIEd@?BDi@CCGGCEEIEIEGKUISCKGMEMCKCMIi@ESESEOGSc@w@GGC[BEHENIPI`@QDC\MJCFCHCDAD?R?@NBJ@F?R@R?JEh@A^Ab@?@EpA?HAHCHAHAFIVEJCHKVKUISCKGMEMCKCMIi@ESESEOGSc@w@GGC[BEHENIPI`@QDC\MJCFCHCDAD?R?P?F?PBD?`@ENCRGDCHGFGBCBEDEv@pBlAzCHPf@{@Se@GO_@}@JSV_@c@r@^|@FNRd@g@z@IQmA{Cw@qBEDCDCBGFIFEBSFOBa@DE?KJIFCBIF?R@R?JEh@A^Ad@EpA?`A?f@?L?P?JBVRPRNDDNJ\T\XRP??	Click to Generate
S2	30	1			3	Newfield Green Library (S2)	Gleadless Medical Centre (S2)	Pizza City (S2)	2701	2026	actdI~_zGbAwBBCTe@f@aAP]h@eAHKLKBCTAF@JFHLHRDX@\?Z@RA\?H?JI?MJ[h@CBQVY`@AL?F?BHRKLKLMJiB`BQNUTKNILSZOXCDGHADOZA@CFGHMRKPKRADHNZl@??[m@IOMVCFITEHCLKIGGEGGGQKMIm@YIAFu@HsA?IBe@@OEQMIK?a@NK@KEGKGOAS?C?WJo@@KPy@Py@H]@GLm@VqADSBKJw@@IAUCQIMICEAQHYTSRQRGDGFIBEA[EBc@J{AFeAF_A@[B[By@@WfATB_@C^gAUAVCx@Ev@G~@GdAKzACb@Gz@?FIfAGt@E`@Kz@EZEXG\Sz@Qv@Wx@Od@MXGNMXSd@EHGHMVHR@BBBHDJ?F?FC`B]r@On@OVGFAF?F?F?PD`@LH@l@XLHPJRAFAH?DCHCBGLW@EJSJQLSFIBG@AN[@EFIBENYR[HMJOTUPOhBaBLKJMJM`@k@BCPYf@s@AKAI?M?K?I@]AS?[A]EYISIMKGGAU@CBMJIJi@dAQ\g@`AUd@CBcAvB	Click to Generate
S2	30	1			3	Nether Edge Primary School (S2)	Broadfield Park (S2)	Virgin Crucible (S2)	2460	1845	qytdI~oaHHUJ]BKFWPw@Hc@TkANq@`@_CFc@d@uE^aEL_BFi@BM?EBG@EN]DFDHDHBDFFBBJHRPRNDDNJ\T\XRPQr@CFAFUhAAJ[zAERMj@AD?B?B?D@B@BJFr@d@FDFDl@wCBONu@XwAQWIKKMKKKKMKSQ]Y]UOKEESOSQKICCGGCEEIEIEGKUISCKGMEMCKCMIi@ESESEOGSc@w@GGC[BEHENIPI`@QDC\MJCFCHCDAD?R?@NBJ@F?R@R?JEh@A^Ab@?@EpA?HAHCHAHAFIVEJCHKVKUISCKGMEMCKCMIi@ESESEOGSc@w@GGC[BEHENIPI`@QDC\MJCFCHCDAD?R?P?F?PBD?`@ENCSkCCYCUCOIQIWM]Zk@[j@L\HVHPBNBTVdDOBa@DE?KJIFCBIF?R@R?JEh@A^Ad@EpA?HAHCHAHAFIVEJCHKVO\ADCF?DCLGh@M~A_@`Ee@tEGb@a@~BOp@UjAIb@Qv@GVCJK\IT	Click to Generate
S2	30	1			3	Broadfield Park (S2)	The Hardy Pick (S2)	Virgin Crucible (S2)	2195	1646	_mtdIbx`HAJ[zAERMj@AD?B?B?D@B@BJFr@d@FDFDl@wCBONu@XwAQWIKKMKKKKMKSQ]Y]UOKEESOSQKICCGGCEEIEIEGKUISCKGMEMCKCMIi@ESESEOGSc@w@GGC[BEHENIPI`@QDC\MJCFCHCDAD?R?@NBJ@F?R@R?JEh@A^Ab@?@EpA?HAHCHAHAFIVEJCHKVKUISCKGMEMCKCMIi@ESESEOGSc@w@GGC[BEHENIPI`@QDC\MJCFCHCDAD?R?P?F?PBD?`@ENCRGDCHGFGBCBEDEv@pBlAzCHPf@{@Se@GO_@}@JSV_@c@r@^|@FNRd@g@z@IQmA{Cw@qBEDCDCBGFIFEBSFSkCCYCUCOIQIWM]Zk@[j@L\HVHPBNBTVdDOBa@DE?KJIFCBIF?R@R?JEh@A^Ad@EpA?`A?f@?L?P?JBVRPRNDDNJ\T\XRPQr@CFAFUhA	Click to Generate
S2	45	1			3	Newfield Green Dental Surgery (S2)	Daily News & Cards (S2)	Pizza City (S2)	3141	2356	_etdIfgzGFJJRCDGHADOZA@CFGHMRKPKRADMVCFITEHCLKIGGEGGGQKMIm@YIAFu@HsA?Ic@Gb@F?HIrAGt@H@l@XLHPJRAD?@AH?DCHCBGLW@EJSJQLSFIBG@AN[@EFIBENYR[HMJOTUPOhBaBLKJMJM`@k@BCPYf@s@AKAI?M?K?I@]AS?[A]EYISIMKGGAU@CBMJIJi@dAQ\g@`AUd@CBIN{@fBdAwBBCTe@f@aAP]h@eAHKLKBCTAF@JFHLHRDX@\?Z@RA\?H?J?L@H@Jg@r@QXCBa@j@KLKLMJiB`BQNUTKNILSZOXCDGHADOZA@CFGHMRKPKRADMVCFITEHCLKIGGEGGGQKMIm@YIAFu@HsA?IBe@@OEQMIK?a@NK@KEGKGOAS?C?WJo@@KPy@Py@H]@GLm@VqADSBKJw@@IAUCQIMICEAQHYTSRQRGDGFIBEA[EBc@J{AFeAF_A@[B[By@@WfATB_@C^gAUAVCx@Ev@G~@GdAKzACb@Gz@?FIfAGt@E`@Kz@EZEXG\Sz@Qv@Wx@Od@MXGNMXSd@EHGHMVHR@BBBHDJ?F?FC`B]r@On@OVGFAF?F?F?PD`@LH@l@XLHPJRAFAH?DCHCBGLW@EJSJQLSFIBG@AN[@EFIBEKSGK	Click to Generate
S2	30	1			3	Newfield Green Clinic (S2)	Daily News & Cards (S2)	Pizza City (S2)	2668	2001	mhtdIvmzG@AH?DCHCBGLW@EJSJQLSFIBG@AN[@EFIBEKSGK??FJJRNYR[HMJOTUPOhBaBLKJMJM`@k@BCPYf@s@AKAI?M?K?I@]AS?[A]EYISIMKGGAU@CBMJIJi@dAQ\g@`AUd@CBIN{@fBdAwBBCTe@f@aAP]h@eAHKLKBCTAF@JFHLHRDX@\?Z@RA\?H?J?L@H@Jg@r@QXCBa@j@KLKLMJiB`BQNUTKNILSZOXCDGHADOZA@CFGHMRKPKRADMVCFITEHCLKIGGEGGGQKMIm@YIAFu@HsA?IBe@@OEQMIK?a@NK@KEGKGOAS?C?WJo@@KPy@Py@H]@GLm@VqADSBKJw@@IAUCQIMICEAQHYTSRQRGDGFIBEA[EBc@J{AFeAF_A@[B[By@@WfATB_@C^gAUAVCx@Ev@G~@GdAKzACb@Gz@?FIfAGt@E`@Kz@EZEXG\Sz@Qv@Wx@Od@MXGNMXSd@EHGHMVHR@BBBHDJ?F?FC`B]r@On@OVGFAF?F?F?PD`@LH@l@XLHPJRAD?	Click to Generate
S2	30	1			3	One Stop Mini Market (S2)	Gleadless Medical Centre (S2)	Pizza City (S2)	2703	2027	g|sdIr}yGPWBCZi@LKH??K?I@]AS?[A]EYISIMKGGAU@CBMJIJi@dAQ\g@`AUd@CB}@jBGJdAwBBCTe@f@aAP]h@eAHKLKBCTAF@JFHLHRDX@\?Z@RA\?H?J?L@H@Jg@r@QXCBa@j@KLKLMJiB`BQNUTKNILSZOXCDGHADOZA@CFGHMRKPKRADHNZl@??[m@IOMVCFITEHCLKIGGEGGGQKMIm@YIAFu@HsA?IBe@@OEQMIK?a@NK@KEGKGOAS?C?WJo@@KPy@Py@H]@GLm@VqADSBKJw@@IAUCQIMICEAQHYTSRQRGDGFIBEA[EBc@J{AFeAF_A@[B[By@@WfATB_@C^gAUAVCx@Ev@G~@GdAKzACb@Gz@?FIfAGt@E`@Kz@EZEXG\Sz@Qv@Wx@Od@MXGNMXSd@EHGHMVHR@BBBHDJ?F?FC`B]r@On@OVGFAF?F?F?PD`@LH@l@XLHPJRAFAH?DCHCBGLW@EJSJQLSFIBG@AN[@EFIBENYR[HMJOTUPOhBaBLKJMJMIS?C?G@MXa@	Click to Generate
S2	45	1			3	Gleadless Medical Centre (S2)	Pizza City (S2)	Arbourthorne Community Primary School (S2)	3252	2439	satdIn}yGTg@BCTe@f@aAP]h@eAHKLKBCTAF@JFHLHRDX@\?Z@RA\?H?J?L@H@Jg@r@QXCBa@j@KLKLMJiB`BQNUTKNILSZOXCDGHADOZA@CFGHMRKPKRADHNZl@??[m@IOMVCFITEHCLKIGGEGGGQKMIm@YIAFu@HsA?IBe@@OEQMIK?a@NK@KEGKGOAS?C?WJo@@KPy@Py@H]@GLm@VqADSBKJw@@IAUCQIMICEAQHYTSRQRGDGFIBEA[EBc@J{AFeAF_A@[B[By@@WBw@@m@Bo@@i@@g@@e@?G?M?O@c@G@MFa@Po@\aAj@a@VSLYPiBpAg@\e@\}@r@y@n@EBPbBJ|@D^Lr@Lp@BLFXDJJKHGFADDDJBFFFBAtAy@??uAx@C@GGCGEKEEG@IFKJFRJ\BDFNLZNRPZZ^LJJHRRNJh@b@h@\j@\TL^RSz@Qv@Wx@Od@MXGNMXSd@EHGHMVHR@BBBHDJ?F?FC`B]r@On@OVGFAF?F?F?PD`@LH@l@XLHPJRAFAH?DCHCBGLW@EJSJQLSFIBG@AN[@EFIBENYR[HMJOTUPOhBaBLKJMJM`@k@BCPYf@s@AKAI?M?K?I@]AS?[A]EYISIMKGGAU@CBMJIJi@dAQ\g@`AUd@CBUf@	Click to Generate
S2	60	1			3	Meersbrook Service Station (S2)	74th Oak Street Scout Group (S2)	Gleadless Medical Centre (S2)	4311	3233	{jtdIt_|GNENSRa@Xu@b@gBBYCYM[U`@MZc@pAKXKPA@OFI@G?IAKAIp@Gf@CLGb@CRENI\IZK\CHqCvIW~@Of@K^ERADK`@GPI^A@IVCHCFKR[f@LPDFBDF@D@PDPDz@RB?`AT@?TFPB`AVl@NzBf@n@NB?^HNDZ@PGNQh@s@Tg@DWEkAAOHmBN}@RyAFUJ]hB\~Bb@rBjFQDqDo@qEw@IlBFzAEV`@FZ`CFfCw@D@J@p@BrBDlCWBM@a@?mAMG?E?eE[c@k@}Aw@gAq@[Oq@][a@IOIUMSi@_@P_ABc@Bg@?_@AaA?G?M@I?E@G?C@GBMCEEGMQZg@JSBGBIHW@AH_@FQJa@@EDSJ_@Ng@V_ApCwIBIJ]H[H]DOBSFc@BMFg@Hq@J}@LkAT{ANeABOVsBBYHuAFoAHsAHoADs@Dq@@_@?S?S?a@@c@Ae@?]ASAS?AC_@Em@GeACS?I?CAO?I@M?K@O@O@KDSDSBMDIHUBGLWHNZl@??[m@IOMVCFITEHCLERERAJANAN?JAL?H@N?B?HBRFdADl@B^?@@R@R?\@d@Ab@?`@?R?RA^Ep@Er@InAIrAGnAItACXWrBCNOdAUzAMjAK|@J@H@F?HANG@AJQJYb@qAL[Ta@LZBXCXc@fBYt@S`@OROD	Click to Generate
S2	30	1			3	Temple Park Centre (S2)	Castle View Park (S2)	Manor Park Medical Centre (S2)	2445	1834	ifwdIxluGMVBl@Wf@]p@_AlBw@~@s@b@q@Jq@@g@E{@CkACQ@ARGV?p@?I?g@FW@SG?SFWLUR[b@y@fADJ@L?FCLEJrAjCr@`Bl@bBJSh@{@NUHEHAL?jBb@jA`@zBp@^Lp@T|Ah@l@^Zb@Pb@BH@DHd@Dr@A`AKv@ENe@jAe@aAQUyDq@WGaAOq@a@QSUe@KO^}@\cBNwBkAa@kBc@M?I@IDOTi@z@KRm@cBs@aBsAkCEDK@GCGICMAM@M@GDIFEFA??HBDHx@gAZc@TSVMRGF?PAjABz@Bf@Dp@Ap@Kr@c@v@_A~@mB\q@Vg@Cm@LW	Click to Generate
S2	20	1			3	Gin Bar (S2)	Broadfield Park (S2)	The Hardy Pick (S2)	1704	1278	altdIfs`HCC]Y]UOKEESOSQKICCGGCEEIEIEGKUISCKGMEMCKCMIi@ESESEOGSc@w@GGGGGIQYGPEFMVDL@@BH?F?vC?V?zB?|@A\AZCn@\J@?B@@B@@@B@BBD?B@D?FHlA?B?B@D?B@@@B@B@@@@BB@?B@VH^aEL_BFi@@C@I?EBG@EN]JWBIDKHW@G@IBI@I?IDqA?A@c@@_@Eg@ASAMASCQGQR?P?F?PBD?`@ENCRGDCHGFGBCBEDEv@pBlAzCHPf@{@Se@GO_@}@JSV_@c@r@^|@FNRd@g@z@IQmA{Cw@qBEDCDCBGFIFEBSFOBa@DE?KJIFCBIF?R@R?JEh@A^Ad@EpA?`A?f@?L?P?JBVRPRNDDNJ\T\XBB	Click to Generate
S2	15	1			3	International Automatic Cars (S2)	Boots (S2)	Meersbrook Park Church (S2)	1437	1078	oftdI`m_HHDELg@s@[[IIGEGIOMKIGGOIKE]Q{@]BUXq@Vk@DKPXVd@H@t@aBu@`BIACES_@QYEJWj@Yp@CTz@\\PJDNHFFJHNLFHFDHHZZl@d@X\dAhANPJJEJCFILCHEJKh@ITGXIA??AAAAEICEAEUg@BqAD@T^CjAEJ@DHN@@@@??H@FYAQDq@BKBQJSNMJJPRPTRZ@BBDDHN^LZZ`A[k@KQIQOUOWWa@EGW[QQ[]{@iAMQGRENAD?DAHAJAt@AP?R_AKECCC?C?CLaC@Y?G@IDUDQZZb@^	Click to Generate
S2	30	1			3	Newfield Green Library (S2)	Gleadless Medical Centre (S2)	Pizza City (S2)	2691	2018	{btdIr_zG|@kBBCTe@f@aAP]h@eAHKLKBCTAF@JFHLHRDX@\?Z@RA\?H?JI?MJ[h@CBQVY`@AL?F?BHRKLKLMJiB`BQNUTKNILSZOXCDGHADOZA@CFGHMRKPKRADHNZl@??[m@IOMVCFITEHCLKIGGEGGGQKMIm@YIAFu@HsA?IBe@@OEQMIK?a@NK@KEGKGOAS?C?WJo@@KPy@Py@H]@GLm@VqADSBKJw@@IAUCQIMICEAQHYTSRQRGDGFIBEA[EBc@J{AFeAF_A@[B[By@@WfATB_@C^gAUAVCx@Ev@G~@GdAKzACb@Gz@?FIfAGt@E`@Kz@EZEXG\Sz@Qv@Wx@Od@MXGNMXSd@EHGHMVHR@BBBHDJ?F?FC`B]r@On@OVGFAF?F?F?PD`@LH@l@XLHPJRAFAH?DCHCBGLW@EJSJQLSFIBG@AN[@EFIBENYR[HMJOTUPOhBaBLKJMJM`@k@BCPYf@s@AKAI?M?K?I@]AS?[A]EYISIMKGGAU@CBMJIJi@dAQ\g@`AUd@CB}@jB	Click to Generate
S2	60	1			3	The Cholera Monument (S2)	Path up to the Cholera Monument, Sheffield (S2)	Sheffield Inclusion Centre (S2)	5968	4476	oexdIn}{GkAmBwA`DFLHJf@f@RPz@x@tAtABB~@~@DBb@b@FK@CDEDCFA|B_@@ABA@C@C@C?C@GCa@c@F??b@GB`@AF?BABABABC@A@u@LgAPG@EBEDABGJc@c@EC_A_ACCuAuA{@y@SQg@g@IKGMCECICImAqEWcAW}@Su@EQCKEKQu@y@}CMi@Kc@HIHKNO`AeANS`AeANSDEFE`@e@dCgDLSXe@JSP_@h@yAzAqEJWhHaTBKBITo@b@sAf@sAL]P]b@}@`@u@d@s@DGFINOTUZ]fBeBRS^]BADEFG~BuBrFgFDEFEzCuCv@u@|@_ARQDEDEx@u@^]nAqA\m@~@cBf@aA^m@`@u@h@_AFMDIP[HMDIDKDEb@w@HKd@{@jBkDj@cABFBFj@lAVj@d@`ATf@Tf@@Bl@rAb@~@FL`@~@b@hARl@?BN`@UTu@t@qBjBw@v@eAbAcA~@I[Ke@GUw@_DCGIUOEIAGA?S?O?KCQKc@e@{AIUCGMc@KKGGIGCCEAK?i@~@a@t@_@l@g@`A_AbB]l@oApA_@\y@t@EDEDSP}@~@w@t@{CtCGDEDsFfF_CtBGFEDC@_@\SRgBdB[\UTAj@?JGnCE|BEtBKtFKxFAPCfAAx@An@Aj@U@C@A@CDgElMiBjEKVYn@ABm@vAmCjGCDuA|CuAdDGLjAlB	Click to Generate
S2	60	1			3	Sheffield Cholera Monument (S2)	Substantial Victorian houses in Norfolk Road (S2)	Sheffield Inclusion Centre (S2)	5721	4291	_}wdIdh|Gt@M@ABA@C@C@C?C@GCa@c@F??b@GB`@AF?BABABABC@A@}B^G@EBEDABGJc@c@EC_A_ACCuAuA{@y@SQg@g@IKGMvAaDFMn@}Ad@gAtA}CBElCkGl@wA@CXo@JWhBkEfEmMBE@ABATA@k@@o@@y@BgA@QJyFJuFDuBD}BFoC?K@k@TUZ]fBeBRS^]BADEFG~BuBrFgFDEFEzCuCv@u@|@_ARQDEDEx@u@^]nAqA\m@~@cBf@aA^m@`@u@h@_AFMDIP[HMDIDKDEb@w@HKd@{@jBkDj@cABFBFj@lAVj@d@`ATf@Tf@@Bl@rAb@~@FL`@~@b@hARl@?BN`@UTu@t@qBjBw@v@eAbAcA~@I[Ke@GUw@_DCGIUOEIAGA?S?O?KCQKc@e@{AIUCGMc@KKGGIGCCEAK?i@~@a@t@_@l@g@`A_AbB]l@oApA_@\y@t@EDEDSP}@~@w@t@{CtCGDEDsFfF_CtBGFEDC@_@\SRgBdB[\UTAj@?JGnCE|BEtBKtFKxFAPCfAAx@An@Aj@U@C@A@CDgElMiBjEKVYn@ABm@vAmCjGCDuA|CuAdDGLwA`DFLHJf@f@RPz@x@tAtABB~@~@DBb@b@FK@CDEDCFAfAQ	Click to Generate
S2	45	1			3	Arbourthorne Community Primary School (S2)	Daily News & Cards (S2)	Newfield Green Clinic (S2)	3319	2489	mltdIdiyGC^gAUAVCx@Ev@G~@GdAKzACb@Gz@?FIfAGt@E`@Kz@EZEXG\_@SUMk@]i@]i@c@OKSSKIMK[_@Q[OSM[GOCEK]GSJKHGFADDDJBFFFBAtAy@??uAx@C@GGCGEKEEG@IFKJFRJ\BDFNLZNRPZZ^LJJHRRNJh@b@h@\j@\TL^RSz@Qv@Wx@Od@MXGNMXSd@EHGHMVHR@BBBHDJ?F?FC`B]r@On@OVGFAF?F?F?PD`@LH@l@XLHPJRAFAH?DCHCBGLW@EJSJQLSFIBG@AN[@EFIBENYR[HMJOTUPOhBaBLKJMJM`@k@BCPYf@s@AKAI?M?K?I@]AS?[A]EYISIMKGGAU@CBMJIJi@dAQ\g@`AUd@CBIN{@fBdAwBBCTe@f@aAP]h@eAHKLKBCTAF@JFHLHRDX@\?Z@RA\?H?J?L@H@Jg@r@QXCBa@j@KLKLMJiB`BQNUTKNILSZOXKSGK??FJJRCDGHADOZA@CFGHMRKPKRADMVCFITEHCLKIGGEGGGQKMIm@YIAFu@HsA?IBe@@OEQMIK?a@NK@KEGKGOAS?C?WJo@@KPy@Py@H]@GLm@VqADSBKJw@@IAUCQIMICEAQHYTSRQRGDGFIBEA[EBc@J{AFeAF_ADw@By@@WfATB_@	Click to Generate
S2	60	1			3	Burton Roofing Merchants (S2)	Makro (S2)	Manor Park Medical Centre (S2)	5448	4086	s_ydIx_vGj@qCo@g@UQYSg@g@Sr@Kd@c@`BMf@Ol@St@Of@_@fAS]Vu@Ni@CHK^Wt@R\a@z@u@`BUf@INmAfBOTkAvAUg@O[CISc@Sa@Sa@Q_@??m@bAu@tAVZNPDFV\TXX\RVELGJy@fB]`AK\g@dBSz@UhACPQjAKx@QvAIt@Kr@CNe@xBr@vAP\r@xABFl@hAd@|@@BDJFHFHJJn@f@JF\R~Az@@?B@F@@A@?B?@?BADELUR]v@sBv@wBf@uAb@cBXu@LSJQFIp@i@d@WTMLCf@W`AcAp@s@hC_BNUFOPWZ}@j@_Bd@sA~@oCVs@d@sA^iAL[LUTa@\e@Z[VSXO^Ol@QXORMTS^]v@kANYrBkDp@kACMAM@M@GDIFEFA??HBDHx@gAZc@TSVMRGF?PAjABz@BDgBJ}AJ{@VyB^_DP}AV{BTeBPsAPcAl@kBHO??FMpAeCGyAYyFCi@GoAK{B[QGEIEOMy@g@s@i@q@o@aAgAa@a@QWW]EIOSw@gAIMIGECICW?GBG@MBI?WR[n@uAhFg@nBaEzNk@bCi@`Cy@zDy@tDO`BkAlGE`@?^?^D^D\Lf@Lv@?b@A`@EXETMVONUFU?UEUSqBaBwAsAyAaAKGYOCBOXm@`@cApAYf@[z@f@f@XRTPn@f@k@pC	Click to Generate
S2	60	1			3	Burton Roofing Merchants (S2)	Makro (S2)	Manor Park Medical Centre (S2)	5413	4060	g}xdIf}uGEO@g@KDOMo@g@UQYSg@g@Sr@Kd@c@`BMf@Ol@St@Of@_@fAS]Vu@Ni@CHK^Wt@R\a@z@u@`BUf@INmAfBOTkAvAUg@O[CISc@Sa@Sa@Q_@??m@bAu@tAVZNPDFV\TXX\RVELGJy@fB]`AK\g@dBSz@UhACPQjAKx@QvAIt@Kr@CNe@xBr@vAP\r@xABFl@hAd@|@@BDJFHFHJJn@f@JF\R~Az@@?B@F@@A@?B?@?BADELUR]v@sBv@wBf@uAb@cBXu@LSJQFIp@i@d@WTMLCf@W`AcAp@s@hC_BNUFOPWZ}@j@_Bd@sA~@oCVs@d@sA^iAL[LUTa@\e@Z[VSXO^Ol@QXORMTS^]v@kANYrBkDp@kACMAM@M@GDIFEFA??HBDHx@gAZc@TSVMRGF?PAjABz@BDgBJ}AJ{@VyB^_DP}AV{BTeBPsAPcAl@kBHO??FMpAeCGyAYyFCi@GoAK{B[QGEIEOMy@g@s@i@q@o@aAgAa@a@QWW]EIOSw@gAIMIGECICW?GBG@MBI?WR[n@uAhFg@nBaEzNk@bCi@`Cy@zDy@tDO`BkAlGE`@?^?^D^D\Lf@Lv@?b@A`@EXETMVONUFU?UEUSqBaBwAsAyAaAKGYOCBOXm@`@cApAYf@[z@f@f@XRTPn@f@NLJEAf@DN	Click to Generate
S2	60	1			3	Burton Roofing Merchants (S2)	Makro (S2)	Manor Park Medical Centre (S2)	5440	4080	s|xdIz}uGSSEO@g@KDOMo@g@UQYSg@g@Sr@Kd@c@`BMf@Ol@St@Of@_@fAS]Vu@Ni@CHK^Wt@R\a@z@u@`BUf@INmAfBOTkAvAUg@O[CISc@Sa@Sa@Q_@??m@bAu@tAVZNPDFV\TXX\RVELGJy@fB]`AK\g@dBSz@UhACPQjAKx@QvAIt@Kr@CNe@xBr@vAP\r@xABFl@hAd@|@@BDJFHFHJJn@f@JF\R~Az@@?B@F@@A@?B?@?BADELUR]v@sBv@wBf@uAb@cBXu@LSJQFIp@i@d@WTMLCf@W`AcAp@s@hC_BNUFOPWZ}@j@_Bd@sA~@oCVs@d@sA^iAL[LUTa@\e@Z[VSXO^Ol@QXORMTS^]v@kANYrBkDp@kACMAM@M@GDIFEFA??HBDHx@gAZc@TSVMRGF?PAjABz@BDgBJ}AJ{@VyB^_DP}AV{BTeBPsAPcAl@kBHO??FMpAeCGyAYyFCi@GoAK{B[QGEIEOMy@g@s@i@q@o@aAgAa@a@QWW]EIOSw@gAIMIGECICW?GBG@MBI?WR[n@uAhFg@nBaEzNk@bCi@`Cy@zDy@tDO`BkAlGE`@?^?^D^D\Lf@Lv@?b@A`@EXETMVONUFU?UEUSqBaBwAsAyAaAKGYOCBOXm@`@cApAYf@[z@f@f@XRTPn@f@NLJEAf@DNRR	Click to Generate
S2	45	1			3	Arbourthorne Community Primary School (S2)	Momma Katz (S2)	Newfield Green Library (S2)	3117	2338	cotdI|lyGAZG~@GdAKzACb@Gz@?FIfAGt@E`@Kz@EZEXG\_@SUMk@]i@]i@c@OKSSKIMK[_@Q[OSM[GOCEK]GSJKHGFADDDJBFFFBAtAy@??uAx@C@GGCGEKEEG@IFKJFRJ\BDFNLZNRPZZ^LJJHRRNJh@b@h@\j@\TL^RSz@Qv@Wx@Od@MXGNMXSd@EHGHMVHR@BBBHDJ?F?FC`B]r@On@OVGFAF?F?F?PD`@LH@l@XLHPJRAFAH?DCHCBGLW@EJSJQLSFIBG@AN[@EFIBENYR[HMJOTUPOhBaBLKJMJM`@k@BCPYf@s@AKAI?M?K?I@]AS?[A]EYISIMKGGAU@CBMJIJi@dAQ\g@`AUd@CBcAvBA?dAwBBCTe@f@aAP]h@eAHKLKBCTAF@JFHLHRDX@\?Z@RA\?H?JI?MJ[h@CBQVY`@AL?F?BHRKLKLMJiB`BQNUTKNILSZOXCDGHADOZA@CFGHMRKPKRADMVCFITEHCLKIGGEGGGQKMIm@YIAFu@HsA?IBe@@OEQMIK?a@NK@KEGKGOAS?C?WJo@@KPy@Py@H]@GLm@VqADSBKJw@@IAUCQIMICEAQHYTSRQRGDGFIBEA[EBc@J{AFeAF_A@[	Click to Generate
S2	20	1			3	East Bank Medical Centre (S2)	The Spires Centre (S2)	Springs Leisure Centre (S2)	1882	1412	k{tdIvxwGAFAXDVJTLFH@@`@B^BbAFrALCH?ZGNCb@Er@I`@G?YEqAC_@mANlAOHpB?XDAl@Ir@KI}@Gy@Em@AICe@C_@Ca@Cg@Ag@Ci@A]?_@AS?KAU?y@?q@?_A?e@@]@e@Bg@BW@]Dm@FaABi@Bc@D}@Bu@D}A@}@?G?Y?]?K?_@?]AQASCYF?FDP\N^WNQH?^?J?\?X?FA|@E|ACt@E|@Cb@Ch@G`AEl@A\CVCf@Ad@A\?d@?~@?N?`@?x@@T?J@R?^p@IJC~@Sx@ODE?G??Cu@UBe@nA_ARKBq@H@\Bh@@f@Bf@yARoBXOBQ@EWEQKKWCGDIHELCJ	Click to Generate
S2	45	1			3	Mandala (S2)	Heeley Sidings (S2)	The Hardy Pick (S2)	3228	2421	wgtdInn_H_@QGC@Y?G@IDUDQIIGEGIOMKIGGOIKEA\GnALBMCFoA@]HB@@NHFFJHNLFHFDHHZZl@d@X\dAhANPJJEJCFILCHEJKh@ITGXD\@B@@BFn@pARa@R]u@}AMV@R@Dj@hAS`@o@qAEIACE]FYAQDq@BKBQJS[]{@iAMQg@s@[[IIGEGIOMKIGGOIKEA\GnAKnCALCJEFYn@CD?DAD?B?D@D@DXj@fAzBLZFTDRF`@@^E@C@A?C@EBCDe@p@v@pBlAzCHPf@{@Se@GO_@}@JSV_@c@r@^|@FNRd@g@z@IQmA{Cw@qBEDCDCBGFIFEBSFOBa@DE?KJIFCBIFEACACCCAAGGQCIEMAGEKEOISQk@]u@oAeDg@kAeAgCi@oAMc@Y_ACMCICCEIEGEGGEa@UaAm@kBiAmAs@MIIIGGIIGMEIOc@EKAKCME]K}@Gc@Ks@ASEc@Ce@T@B?H?XAFAF?REZ?b@Av@A\?V?J@H@D@B@JDHDHHTRTTX\PTPTZd@`@n@f@t@f@t@HLFFDHLNDFBBVXLLFDXPNJNHPLTH\Pd@PHBFBZLz@\\PJDNHFFJHNLFHFDHHZZl@d@ELGRENADECUK	Click to Generate
S2	45	1			3	I Said Bread (S2)	Kingdom Hall of Jehovah's Witnesses (S2)	Meersbrook Park (S2)	3496	2622	q}sdIxi~GdAhBlCmGEcBmBHMaHKuG?G{BNG?E?o@DWBJlIDDt@ARAHlDHbFDZuCzG]z@wAfDgC~Fk@vAEJWj@Yp@CTz@\\PJDNHFFJHNLFHFDHHZZl@d@X\dAhANPJJPRPTRZDHDHN^LZZ`AZ~@v@hCV|@DLFRBFJd@DJBJPj@BHLQjAiAb@e@z@}@RUDEbAaAvAcACy@E_AEuBCoD@mAFyALsBDIHmA??IlAtDc@^EJ@Hw@LeAn@uDBS?_@?W?gDAqADo@BYLm@HMLISkDE[CQeAoFOu@U?_Be@e@G{@@a@JsC~@yCz@BbCDbBmClGeAiB	Click to Generate
S2	20	1			3	Boots (S2)	Alam Hill Books (S2)	Meersbrook Park Church (S2)	1691	1268	uhtdI`k_HDBZZl@d@X\dAhANPJJEJCFILCHEJKh@ITGXIA??AAAAEICEAEUg@BqAD@T^CjAEJ@DHN@@@@??H@FYAQDq@BKBQJS[]{@iAMQg@s@[[IIGEGIOMKIGGOIKE]Q{@]BUXq@Vk@DKj@wAxAiDdC}FHLpAvBiC`GiA~C_@hAY~@K^NLFHFDHHZZl@d@X\dAhANPJJPRPTRZ@BBDDHN^LZZ`A[k@KQIQOUOWWa@EGW[QQ[]{@iAMQg@s@[[EC	Click to Generate
S2	20	1			3	Boots (S2)	Alam Hill Books (S2)	Meersbrook Park Church (S2)	1682	1262	mhtdIfk_HXXl@d@X\dAhANPJJEJCFILCHEJKh@ITGXIA??AAAAEICEAEUg@BqAD@T^CjAEJ@DHN@@@@??H@FYAQDq@BKBQJS[]{@iAMQg@s@[[IIGEGIOMKIGGOIKE]Q{@]BUXq@Vk@DKj@wAxAiDdC}FHLpAvBiC`GiA~C_@hAY~@K^NLFHFDHHZZl@d@X\dAhANPJJPRPTRZ@BBDDHN^LZZ`A[k@KQIQOUOWWa@EGW[QQ[]{@iAMQg@s@YY	Click to Generate
S2	30	1			3	Nether Edge Primary School (S2)	Broadfield Park (S2)	Virgin Crucible (S2)	2329	1747	wwtdItjaHBITkANq@`@_CFc@d@uE^aEL_BFi@BM?EBG@EN]DFDHDHBDFFBBJHRPRNDDNJ\T\XRPQr@CFAFUhAAJ[zAERMj@AD?B?B?D@B@BJFr@d@FDFDl@wCBONu@XwAQWIKKMKKKKMKSQ]Y]UOKEESOSQKICCGGCEEIEIEGKUISCKGMEMCKCMIi@ESESEOGSc@w@GGC[BEHENIPI`@QDC\MJCFCHCDAD?R?@NBJ@F?R@R?JEh@A^Ab@?@EpA?HAHCHAHAFIVEJCHKVKUISCKGMEMCKCMIi@ESESEOGSc@w@GGC[BEHENIPI`@QDC\MJCFCHCDAD?R?P?F?PBD?`@ENCSkCCYCUCOIQIWM]Zk@[j@L\HVHPBNBTVdDOBa@DE?KJIFCBIF?R@R?JEh@A^Ad@EpA?HAHCHAHAFIVEJCHKVO\ADCF?DCLGh@M~A_@`Ee@tEGb@a@~BOp@UjACH	Click to Generate
S2	60	1			3	Woodbourn Road Stadium (S2)	Makro (S2)	Highfield Motors (S2)	4510	3382	efzdIt|vGBE~@iAPe@Bo@yFcGs@cAe@_@m@_@OGq@s@aAeAIGMGM\]bAMp@G\ADQlAd@ZLLAV?\FRN@??VIWHOAGS?]@WMMe@[PmA@EF]Lq@OMUQY[_@pAQt@Gb@a@~BIf@m@bDId@Kb@EPGPABAVAHCLJLFFDFZRZPpEhCxBlAJF@@lAn@d@VJDDBl@\^RbAj@b@V^Rl@\j@Vp@^NHt@d@BBNPPXT`@d@yBBOJs@Hu@PwAJy@PkABQTiAR{@f@eBJ]\aAx@gBFKDMSWY]UYW]EGOQW[t@uAl@cA??P^R`@R`@Rb@BHNZTf@[f@u@~@ELGJy@fB]`AK\g@dBSz@UhACPQjAKx@QvAIt@Kr@CNe@xBUa@QYOQCCu@e@OIq@_@k@Wm@]_@Sc@WcAk@_@Sm@]ECKEe@WmAo@AAKGyBmAqEiC[QOAM?KAKAQAM@SFURa@`@IHa@d@q@p@S\EDWVDNb@nBBHHd@XtAKXEGCEWZEMIQ??CFEJGKCGOWhAeAIe@CIc@oBEOK[BIBCPENEREp@q@`@e@HI`@a@TSHSNQJIDCF?JLFFDFZRZPpEhCxBlAJF@@lAn@d@VDI@GBC@I@I@I?K@q@@MBQDGFGLCj@DJANI`@aBX{@Vc@	Click to Generate
S2	45	1			3	Gleadless Medical Centre (S2)	Pizza City (S2)	Arbourthorne Community Primary School (S2)	3304	2478	ubtdIf_zGv@_BBCTe@f@aAP]h@eAHKLKBCTAF@JFHLHRDX@\?Z@RA\?H?J?L@H@Jg@r@QXCBa@j@KLKLMJiB`BQNUTKNILSZOXCDGHADOZA@CFGHMRKPKRADHNZl@??[m@IOMVCFITEHCLKIGGEGGGQKMIm@YIAFu@HsA?IBe@@OEQMIK?a@NK@KEGKGOAS?C?WJo@@KPy@Py@H]@GLm@VqADSBKJw@@IAUCQIMICEAQHYTSRQRGDGFIBEA[EBc@J{AFeAF_A@[B[By@@WBw@@m@Bo@@i@@g@@e@?G?M?O@c@G@MFa@Po@\aAj@a@VSLYPiBpAg@\e@\}@r@y@n@EBPbBJ|@D^Lr@Lp@BLFXDJJKHGFADDDJBFFFBAtAy@??uAx@C@GGCGEKEEG@IFKJFRJ\BDFNLZNRPZZ^LJJHRRNJh@b@h@\j@\TL^RSz@Qv@Wx@Od@MXGNMXSd@EHGHMVHR@BBBHDJ?F?FC`B]r@On@OVGFAF?F?F?PD`@LH@l@XLHPJRAFAH?DCHCBGLW@EJSJQLSFIBG@AN[@EFIBENYR[HMJOTUPOhBaBLKJMJM`@k@BCPYf@s@AKAI?M?K?I@]AS?[A]EYISIMKGGAU@CBMJIJi@dAQ\g@`AUd@CBw@~A	Click to Generate
S2	60	1			3	Path up to the Cholera Monument, Sheffield (S2)	Substantial Victorian houses in Norfolk Road (S2)	Sheffield Inclusion Centre (S2)	5721	4291	c|wdI`f|Gb@GB`@AF?BABABABC@A@u@LgAPG@EBEDABGJc@c@EC_A_ACCuAuA{@y@SQg@g@IKGMvAaDFMn@}Ad@gAtA}CBElCkGl@wA@CXo@JWhBkEfEmMBE@ABATA@k@@o@@y@BgA@QJyFJuFDuBD}BFoC?K@k@TUZ]fBeBRS^]BADEFG~BuBrFgFDEFEzCuCv@u@|@_ARQDEDEx@u@^]nAqA\m@~@cBf@aA^m@`@u@h@_AFMDIP[HMDIDKDEb@w@HKd@{@jBkDj@cABFBFj@lAVj@d@`ATf@Tf@@Bl@rAb@~@FL`@~@b@hARl@?BN`@UTu@t@qBjBw@v@eAbAcA~@I[Ke@GUw@_DCGIUOEIAGA?S?O?KCQKc@e@{AIUCGMc@KKGGIGCCEAK?i@~@a@t@_@l@g@`A_AbB]l@oApA_@\y@t@EDEDSP}@~@w@t@{CtCGDEDsFfF_CtBGFEDC@_@\SRgBdB[\UTAj@?JGnCE|BEtBKtFKxFAPCfAAx@An@Aj@U@C@A@CDgElMiBjEKVYn@ABm@vAmCjGCDuA|CuAdDGLwA`DFLHJf@f@RPz@x@tAtABB~@~@DBb@b@FK@CDEDCFA|B_@@ABA@C@C@C?C@GCa@c@F	Click to Generate
S2	30	1			3	Best Pizza (S2)	Alberts (S2)	Popeyes Pizza (S2)	2278	1708	mxudIjixGeAbAcA~@I[Ke@GUw@_DCGIUOEIAGA?S?O?KCQKc@e@{AIUCGMc@EQCE?EAGAG?CAI?I@I?I@E@CDIDKDEb@w@HKd@{@jBkDj@cA\q@N[\q@vAgCLU?CRYBCDINUNY^q@~AwC`ByC|A}C@DHNf@bALZBFPh@Lb@?BH\Jt@Hv@Dh@DCBEJMX_@RWTSTSNKHEP|BHrAJtBJ~BFfB@PFjB@z@@NBF@DBBLBp@K~@KF`BBv@@XBd@GDIHELCJAFAXUBOBgAT[L[NSL[RGFQLIFIDSR}AzAKH}@x@m@j@}@x@y@t@YsAQ{@U_AUTu@t@qBjBw@v@	Click to Generate
S2	20	1			3	The Spires Centre (S2)	East Bank Medical Centre (S2)	The Co-operative Food (S2)	1835	1376	altdIzpwG???FEDy@N_ARKBq@H?_@AS?KAU?y@?q@?_A?e@@]@e@Bg@BW@]Dm@FaABi@Bc@D}@Bu@D}A@}@?G?Y?]?K?_@?]AQASCYF?FDP\N^WNQH?^?J?\?X?FA|@E|ACt@E|@Cb@Ch@G`AEl@A\CVCf@Ad@A\?d@?~@?N?`@?x@@T?J@R?^@\Bh@@f@Bf@B`@B^Bd@@HDl@Fx@H|@s@Jm@HE@?YEqAC_@mANlAOHpB?Xa@Fs@Hc@DOB[FI?MBGsACcAC_@Aa@E_ACcAVBJJ??DPDVPANCnBYxASCg@Ag@Ci@A]p@IJC~@Sx@ODE?G??	Click to Generate
S2	60	1			3	Path up to the Cholera Monument, Sheffield (S2)	Substantial Victorian houses in Norfolk Road (S2)	Sheffield Inclusion Centre (S2)	5927	4445	k}wdIzs{GiAoBEGGCC?CAI?G@I@E?CAQUCDuA|CuAdDGLwA`DFLHJf@f@RPz@x@tAtABB~@~@DBb@b@FK@CDEDCFAfAQt@M@ABA@C@C@C?C@GCa@c@Fb@GB`@AF?BABABABC@A@}B^G@EBEDABGJc@c@EC_A_ACCuAuA{@y@SQg@g@IKGMvAaDFMn@}Ad@gAtA}CBElCkGl@wA@CXo@JWhBkEfEmMBE@ABATA@k@@o@@y@BgA@QJyFJuFDuBD}BFoC?K@k@TUZ]fBeBRS^]BADEFG~BuBrFgFDEFEzCuCv@u@|@_ARQDEDEx@u@^]nAqA\m@~@cBf@aA^m@`@u@h@_AFMDIP[HMDIDKDEb@w@HKd@{@jBkDj@cABFBFj@lAVj@d@`ATf@Tf@@Bl@rAb@~@FL`@~@b@hARl@?BN`@UTu@t@qBjBw@v@eAbAcA~@I[Ke@GUw@_DCGIUOEIAGA?S?O?KCQKc@e@{AIUCGMc@KKGGIGCCEAK?i@~@a@t@_@l@g@`A_AbB]l@oApA_@\y@t@EDEDSP}@~@w@t@{CtCGDEDsFfF_CtBGFEDC@_@\SRgBdB[\UTAj@?JGnCE|BEtBKtFKxFAPCfAAx@An@Aj@U@C@A@CDgElMiBjEKVYn@ABm@vAmCjGPTB@D?HAFAH?B@B?FBDFhAnB	Click to Generate
S2	60	1			3	Path up to the Cholera Monument, Sheffield (S2)	Substantial Victorian houses in Norfolk Road (S2)	Sheffield Inclusion Centre (S2)	5721	4291	c|wdI`f|Gb@GB`@AF?BABABABC@A@u@LgAPG@EBEDABGJc@c@EC_A_ACCuAuA{@y@SQg@g@IKGMvAaDFMn@}Ad@gAtA}CBElCkGl@wA@CXo@JWhBkEfEmMBE@ABATA@k@@o@@y@BgA@QJyFJuFDuBD}BFoC?K@k@TUZ]fBeBRS^]BADEFG~BuBrFgFDEFEzCuCv@u@|@_ARQDEDEx@u@^]nAqA\m@~@cBf@aA^m@`@u@h@_AFMDIP[HMDIDKDEb@w@HKd@{@jBkDj@cABFBFj@lAVj@d@`ATf@Tf@@Bl@rAb@~@FL`@~@b@hARl@?BN`@UTu@t@qBjBw@v@eAbAcA~@I[Ke@GUw@_DCGIUOEIAGA?S?O?KCQKc@e@{AIUCGMc@KKGGIGCCEAK?i@~@a@t@_@l@g@`A_AbB]l@oApA_@\y@t@EDEDSP}@~@w@t@{CtCGDEDsFfF_CtBGFEDC@_@\SRgBdB[\UTAj@?JGnCE|BEtBKtFKxFAPCfAAx@An@Aj@U@C@A@CDgElMiBjEKVYn@ABm@vAmCjGCDuA|CuAdDGLwA`DFLHJf@f@RPz@x@tAtABB~@~@DBb@b@FK@CDEDCFA|B_@@ABA@C@C@C?C@GCa@c@F	Click to Generate
S2	30	1			3	Windy House Lane Pocket Park (S2)	UBU (S2)	Leaves (S2)	2154	1616	}{udIl}uGXX~DjEELCFCBg@^AGGW??FV@Ff@_@BCBGDMNNzA|At@x@@?l@p@IJcAnAGF{@v@w@^k@^u@Ts@RYDYDg@HG??TBx@Bl@Fj@FX@HDRJ\`AzB`AtBJR@BLYRYBCDINUNY^q@BEzAqC`ByC|A}C^q@`AgB`AmBVo@Xw@L[d@y@@E@E?C@E?E?G?E?C?EAC?A?EAEAEAGCEAEEG[SmBkAGT]xAENa@jAq@|ASb@Q\_@r@q@z@pBvC??qBwCm@q@A?u@y@{A}AOO_EkEYY	Click to Generate
S2	45	1			3	Virgin Crucible (S2)	The Hardy Pick (S2)	Boots (S2)	3637	2728	cotdIvp`HGESQKICCGGCEEIEIEGKUISCKGMEMCKCMIi@ESESEOGSc@w@GGC[BEHENIPI`@QDC\MJCFCHCDAD?R?P?F?PBD?`@ENCWeDCUCOIQIWM]Zk@[j@L\HVHPBNBTBXRjCRGDCHGFGBCBEDEv@pBlAzCHPf@{@Se@GO_@}@JSV_@c@r@^|@FNRd@g@z@IQmA{Cw@qBEDCDCBGFIFEBSFOBa@DE?KJIFCBIFEACACCCAAGGQCIEMAGEKEOISQk@]u@oAeDg@kAeAgCi@oAMc@Y_ACMCICCEIEGEGGEa@UaAm@kBiAmAs@MIIIGGIIGMEIOc@EKAKCME]K}@Gc@Ks@ASEc@Ce@T@B?H?XAFAF?REZ?b@Av@A\?V?J@H@D@B@JDHDHHTRTTX\PTPTZd@`@n@f@t@f@t@HLFFDHLNDFBBVXLLFDXPNJNHPLTH\Pd@PHBFBZLz@\\PJDNHFFJHNLFHFDHHZZl@d@X\dAhANPJJEJCFILCHEJKh@ITGXIA??AAAAEICEAEUg@BqAD@T^CjAEJ@DHN@@@@??H@FYAQDq@BKBQJS[]{@iAMQg@s@[[IIGEGIOMKIGGOIKEA\GnAKnCALCJEFYn@CD?DAD?B?D@D@DXj@fAzBLZFTDRF`@@^E@C@A?C@EBCDe@p@EDCDCBGFIFEBSFOBa@DE?KJIFCBIF?R@R?JEh@A^Ad@EpA?`A?f@?L?P?JBVRPFD	Click to Generate
S2	20	1			3	The Spires Centre (S2)	East Bank Medical Centre (S2)	The Co-operative Food (S2)	1835	1376	altdIzpwG???FEDy@N_ARKBq@H?_@AS?KAU?y@?q@?_A?e@@]@e@Bg@BW@]Dm@FaABi@Bc@D}@Bu@D}A@}@?G?Y?]?K?_@?]AQASCYF?FDP\N^WNQH?^?J?\?X?FA|@E|ACt@E|@Cb@Ch@G`AEl@A\CVCf@Ad@A\?d@?~@?N?`@?x@@T?J@R?^@\Bh@@f@Bf@B`@B^Bd@@HDl@Fx@H|@s@Jm@HE@?YEqAC_@mANlAOHpB?Xa@Fs@Hc@DOB[FI?MBGsACcAC_@Aa@E_ACcAVBJJ??DPDVPANCnBYxASCg@Ag@Ci@A]p@IJC~@Sx@ODE?G??	Click to Generate
S2	45	1			3	Windy House Lane Pocket Park (S2)	Archdale School (S2)	UBU (S2)	3653	2740	gavdIr{uG`@K?Q@QF[JWHIJGHCP@LBDDDHDNHZ@N@NAJAL?BETt@v@~DjEELCFCBg@^AGGW??FV@Ff@_@BCBGDM_EkEu@w@CFCFGJEDGDEBE@I@EAGAECEEGGEKIWE]?Q@QF[JWHIJGHC?SMaEE_CGqAKk@Qi@Uc@IKMM_@Ym@a@c@WGEAFEBC@E?ECCCCG?I?IICaDwAUMCN?@CFg@hA]v@BFBBP`@[p@[p@Xn@\o@??]n@Yo@Zq@Zq@Qa@CCCG\w@f@iABG?ABOTL`DvAHB@IBGBEDAF@BB@BBF@F?FAFADFDb@Vl@`@^XLLHJTb@Ph@Jj@FpAD~BL`E?RP@LBDDDHDNHZ@N@NAJAL?BETCFCFGJEDGDEBE@VnJBrADxAH|C@N?TBx@Bl@Fj@FX@HDRJ\`AzB`AtBJR@BLYRYBCDINUNY^q@BEzAqC`ByC|A}C^q@`AgB`AmBVo@Xw@L[d@y@@E@E?C@E?E?G?E?C?EAC?A?EAEAEAGCEAEEG[SmBkA_BcAsA}@UQoA_Ae@g@EIY]MLKHQB]?QKSSQPyA|AABe@f@w@v@Y\AJAL?BETCFCFGJEDGDEBE@I@EAGAECEEGGEKIWE]a@J	Click to Generate
S2	20	1			3	Manor Park Medical Centre (S2)	Temple Park Centre (S2)	Castle View Park (S2)	1802	1352	qzwdItbvGWm@CCGGIGICGAG?GBWVCDC?A?MIp@kACMAM@M@GDIFEFA??HBDHx@gAZc@TSVMRGF?ARGV?p@?I?g@FW@SG?SFWLUR[b@y@fADJ@L?FCLEJrAjCr@`Bl@bBJSh@{@NUHEHAL?jBb@jA`@zBp@^Lp@T|Ah@l@^Zb@Pb@BH@DHd@Dr@A`AKv@ENe@jAe@aAQUyDq@WGaAOq@a@QSUe@KO^}@\cBNwBkAa@kBc@M?I@IDOTi@z@KRm@cBOV_@}@k@qA	Click to Generate
S2	30	1			3	Temple Park Centre (S2)	Castle View Park (S2)	Manor Park Medical Centre (S2)	2428	1821	ufwdIlmuGABBl@Wf@]p@_AlBw@~@s@b@q@Jq@@g@E{@CkACQ@ARGV?p@?I?g@FW@SG?SFWLUR[b@y@fADJ@L?FCLEJrAjCr@`Bl@bBJSh@{@NUHEHAL?jBb@jA`@zBp@^Lp@T|Ah@l@^Zb@Pb@BH@DHd@Dr@A`AKv@ENe@jAe@aAQUyDq@WGaAOq@a@QSUe@KO^}@\cBNwBkAa@kBc@M?I@IDOTi@z@KRm@cBs@aBsAkCEDK@GCGICMAM@M@GDIFEFA??HBDHx@gAZc@TSVMRGF?PAjABz@Bf@Dp@Ap@Kr@c@v@_A~@mB\q@Vg@Cm@@C	Click to Generate
S2	60	1			3	Cholera Monument, Sheffield (S2)	Path up to the Cholera Monument, Sheffield (S2)	Sheffield Inclusion Centre (S2)	6087	4565	cfxdItv{Go@|AGLjAlBIZADAF?D?\?z@?F@DBFBFCGCGAE?G?{@?]?E@G@EH[??kAmBwA`DFLHJf@f@RPz@x@tAtABB~@~@DBb@b@FK@CDEDCFAfAQt@M@ABA@C@C@C?C@GCa@c@Fb@GB`@AF?BABABABC@A@}B^G@EBEDABGJc@c@EC_A_ACCuAuA{@y@SQg@g@IKGMCECICImAqEWcAW}@Su@EQCKEKQu@y@}CMi@Kc@HIHKNO`AeANS`AeANSDEFE`@e@dCgDLSXe@JSP_@h@yAzAqEJWhHaTBKBITo@b@sAf@sAL]P]b@}@`@u@d@s@DGFINOTUZ]fBeBRS^]BADEFG~BuBrFgFDEFEzCuCv@u@|@_ARQDEDEx@u@^]nAqA\m@~@cBf@aA^m@`@u@h@_AFMDIP[HMDIDKDEb@w@HKd@{@jBkDj@cABFBFj@lAVj@d@`ATf@Tf@@Bl@rAb@~@FL`@~@b@hARl@?BN`@UTu@t@qBjBw@v@eAbAcA~@I[Ke@GUw@_DCGIUOEIAGA?S?O?KCQKc@e@{AIUCGMc@KKGGIGCCEAK?i@~@a@t@_@l@g@`A_AbB]l@oApA_@\y@t@EDEDSP}@~@w@t@{CtCGDEDsFfF_CtBGFEDC@_@\SRgBdB[\UTAj@?JGnCE|BEtBKtFKxFAPCfAAx@An@Aj@U@C@A@CDgElMiBjEKVYn@ABm@vAmCjGCDuA|Ce@fA	Click to Generate
S2	20	1			3	Broadfield Park (S2)	The Hardy Pick (S2)	Virgin Crucible (S2)	1824	1368	iltdI`s`HYW]UOKEESOSQKICCGGCEEIEIEGKUISCKGMEMCKCMIi@ESESEOGSc@w@GGC[BEHENIPI`@QDC\MJCFCHCDAD?R?@NBJ@F?R@R?JEh@A^Ab@?@EpA?HAHCHAHAFIVEJCHKVKUISCKGMEMCKCMIi@ESESEOGSc@w@GGC[BEHENIPI`@QDC\MJCFCHCDAD?R?P?F?PBD?`@ENCRGDCHGFGBCBEDEv@pBlAzCHPf@{@Se@GO_@}@JSV_@c@r@^|@FNRd@g@z@IQmA{Cw@qBEDCDCBGFIFEBSFSkCCYCUCOIQIWM]Zk@[j@L\HVHPBNBTVdDOBa@DE?KJIFCBIF?R@R?JEh@A^Ad@EpA?`A?f@?L?P?JBVRPRNDDNJ\TXV	Click to Generate
S2	20	1			3	Alam Hill Books (S2)	Boots (S2)	Meersbrook Park Church (S2)	1457	1093	gitdInh_HRq@^iAhA_DhCaGqAwBIMeC|FyAhDk@vAEJWj@Yp@CTz@\\PJDNHFFJHNLFHFDHHZZl@d@X\dAhANPJJEJCFILCHEJKh@ITGXIA??AAAAEICEAEUg@BqAD@T^CjAEJ@DHN@@@@??H@FYAQDq@BKBQJSNMJJPRPTRZ@BBDDHN^LZZ`A[k@KQIQOUOWWa@EGW[QQ[]{@iAMQg@s@[[IIGEGIOMJ_@DM	Click to Generate
S2	20	1			3	Gin Bar (S2)	Broadfield Park (S2)	The Hardy Pick (S2)	1711	1283	{ktdIls`HII]Y]UOKEESOSQKICCGGCEEIEIEGKUISCKGMEMCKCMIi@ESESEOGSc@w@GGGGGIQYGPEFMVDL@@BH?F?vC?V?zB?|@A\AZCn@\J@?B@@B@@@B@BBD?B@D?FHlA?B?B@D?B@@@B@B@@@@BB@?B@VH^aEL_BFi@@C@I?EBG@EN]JWBIDKHW@G@IBI@I?IDqA?A@c@@_@Eg@ASAMASCQGQR?P?F?PBD?`@ENCRGDCHGFGBCBEDEv@pBlAzCHPf@{@Se@GO_@}@JSV_@c@r@^|@FNRd@g@z@IQmA{Cw@qBEDCDCBGFIFEBSFOBa@DE?KJIFCBIF?R@R?JEh@A^Ad@EpA?`A?f@?L?P?JBVRPRNDDNJ\T\XHH	Click to Generate
S2	20	1			3	Top Chopper (S2)	Broadfield Park (S2)	The Hardy Pick (S2)	1645	1234	kktdIzs`HEESQ]Y]UOKEESOSQKIEd@?BDi@CCGGCEEIEIEGKUISCKGMEMCKCMIi@ESESEOGSc@w@GGC[BEHENIPI`@QDC\MJCFCHCDAD?R?@NBJ@F?R@R?JEh@A^Ab@?@EpA?HAHCHAHAFIVEJCHKVKUISCKGMEMCKCMIi@ESESEOGSc@w@GGC[BEHENIPI`@QDC\MJCFCHCDAD?R?P?F?PBD?`@ENCRGDCHGFGBCBEDEv@pBlAzCHPf@{@Se@GO_@}@JSV_@c@r@^|@FNRd@g@z@IQmA{Cw@qBEDCDCBGFIFEBSFOBa@DE?KJIFCBIF?R@R?JEh@A^Ad@EpA?`A?f@?L?P?JBVRPRNDDNJ\T\XRPDD	Click to Generate
S2	20	1			3	Manor Park Medical Centre (S2)	St Vincent's (S2)	Hair & Beauty Lounge (S2)	1477	1108	ewwdI`{uG?g@FW@SG?SFWLUR[b@y@fADJ@L?FCLEJEDK@GCGICMAM@M@GDIFEFA??HBDHDJ@L?FCLEJrAjCr@`BOV_@}@k@qAWm@CCGGIGICGAG?GBWVCDC?A?MIp@kACMAM@M@GDIFEFAHBDHx@gAZc@TSVMRGF?PAjABz@Bf@Dp@Ap@Kr@c@v@_A~@mB\q@Vg@Cm@??^w@ZHq@tAEDWf@]p@_AlBw@~@s@b@q@Jq@@g@E{@CkACQ@ARGV?f@	Click to Generate
S2	20	1			3	Well Pharmacy (S2)	Gleadless Medical Centre (S2)	Pizza City (S2)	2040	1530	a}sdIt~yG??AL?F?BHRKLKLMJiB`BQNUT??KNILSZOXCDGHADOZA@CFGHMRKPKRADHNZl@??[m@IOMVCFITEHCLKIGGEGGGQKMIm@YIAFu@HsA?IBe@@OEQMIK?a@NK@KEGKGOAS?C?WJo@@KPy@Py@H]@GLm@VqADSBKJw@@IAUCQIMICEAQHYTSRQRGDGFIBEA[EBc@J{AFeAF_A@[B[By@@WfATB_@C^gAUAVCx@Ev@G~@GdAKzACb@Gz@?FIfAGt@E`@Kz@EZEXG\Sz@Qv@Wx@Od@MXGNMXSd@EHGHMVHR@BBBHDJ?F?FC`B]r@On@OVGFAF?F?F?PD`@LH@l@XLHPJRAFAH?DCHCBGLW@EJSJQLSFIBG@AN[@EFIBENYR[HMJOTUPOhBaBLKJMJMIS?C?G@M??	Click to Generate
S2	15	1			3	Another Level (S2)	Alam Hill Books (S2)	Boots (S2)	1435	1076	gktdIzh_HHDNHFFJHNLFHFDHHZZj@b@@@ELg@s@[[IIGEGIOMKIGGOIKE]Q{@]BUXq@Vk@DKj@wAxAiDdC}FHLpAvBiC`GiA~C_@hAY~@K^NLFHFDHHZZl@d@X\dAhANPJJEJCFILCHEJKh@ITGXIA??AAAAEICEAEUg@BqAD@T^CjAEJ@DHN@@@@??H@FYAQDq@BKBQJS[]{@iAMQg@s@[[IIGEGIOMKIGGOIIE	Click to Generate
S2	30	1			3	Newfield Green Clinic (S2)	Newfield Green Dental Surgery (S2)	Pizza City (S2)	2422	1816	g~sdIrazGaBxAQNUTKNILSZOXKSGK??FJJRCDGHADOZA@CFGHMRKPKRADMVCFITEHCLKIGGEGGGQKMIm@YIAFu@HsA?Ic@Gb@F?HIrAGt@H@l@XLHPJRAD?@AH?DCHCBGLW@EJSJQLSFIBG@AN[@EFIBEKSGKFJJRCDGHADOZA@CFGHMRKPKRADMVCFITEHCLKIGGEGGGQKMIm@YIAFu@HsA?IBe@@OEQMIK?a@NK@KEGKGOAS?C?WJo@@KPy@Py@H]@GLm@VqADSBKJw@@IAUCQIMICEAQHYTSRQRGDGFIBEA[EBc@J{AFeAF_A@[B[By@@WfATB_@C^gAUAVCx@Ev@G~@GdAKzACb@Gz@?FIfAGt@E`@Kz@EZEXG\Sz@Qv@Wx@Od@MXGNMXSd@EHGHMVHR@BBBHDJ?F?FC`B]r@On@OVGFAF?F?F?PD`@LH@l@XLHPJRAFAH?DCHCBGLW@EJSJQLSFIBG@AN[@EFIBENYR[HMJOTUPO`ByA	Click to Generate
S2	60	1			3	Path near the Cholera Monument, Sheffield (S2)	Path up to the Cholera Monument, Sheffield (S2)	Sheffield Inclusion Centre (S2)	6939	5204	c|wdI`f|Gb@GB`@AF?BABABABC@A@}B^G@EBEDABGJc@c@EC_A_ACCuAuA{@y@SQg@g@IKGMvAaDjAlBIZADAF?D?\?z@?F@DBFBFCGCGAE?G?{@?]?E@G@EH[??kAmBwA`DFLHJf@f@RPz@x@tAtABB~@~@DBb@b@FK@CDEDCFAfAQt@M@ABA@C@C@C?C@GCa@c@Fb@GB`@AF?BABABABC@A@}B^G@EBEDABGJc@c@EC_A_ACCuAuA{@y@SQg@g@IKGMCECICImAqEWcAW}@Su@EQCKEKQu@y@}CMi@Kc@HIHKNO`AeANS`AeANSDEFE`@e@dCgDLSXe@JSP_@h@yAzAqEJWhHaTBKBITo@b@sAf@sAL]P]b@}@`@u@d@s@DGFINOTUZ]fBeBRS^]BADEFG~BuBrFgFDEFEzCuCv@u@|@_ARQDEDEx@u@^]nAqA\m@~@cBf@aA^m@`@u@h@_AFMDIP[HMDIDKDEb@w@HKd@{@jBkDj@cABFBFj@lAVj@d@`ATf@Tf@@Bl@rAb@~@FL`@~@b@hARl@?BN`@UTu@t@qBjBw@v@eAbAcA~@I[Ke@GUw@_DCGIUOEIAGA?S?O?KCQKc@e@{AIUCGMc@KKGGIGCCEAK?i@~@a@t@_@l@g@`A_AbB]l@oApA_@\y@t@EDEDSP}@~@w@t@{CtCGDEDsFfF_CtBGFEDC@_@\SRgBdB[\UTAj@?JGnCE|BEtBKtFKxFAPCfAAx@An@Aj@U@C@A@CDgElMiBjEKVYn@ABm@vAmCjGCDuA|CuAdDGLwA`DFLHJf@f@RPz@x@tAtABB~@~@DBb@b@FK@CDEDCFA|B_@@ABA@C@C@C?C@GCa@c@F	Click to Generate
S2	60	1			3	Path up to the Cholera Monument, Sheffield (S2)	Substantial Victorian houses in Norfolk Road (S2)	Sheffield Inclusion Centre (S2)	5721	4291	c|wdI`f|Gb@GB`@AF?BABABABC@A@u@LgAPG@EBEDABGJc@c@EC_A_ACCuAuA{@y@SQg@g@IKGMvAaDFMn@}Ad@gAtA}CBElCkGl@wA@CXo@JWhBkEfEmMBE@ABATA@k@@o@@y@BgA@QJyFJuFDuBD}BFoC?K@k@TUZ]fBeBRS^]BADEFG~BuBrFgFDEFEzCuCv@u@|@_ARQDEDEx@u@^]nAqA\m@~@cBf@aA^m@`@u@h@_AFMDIP[HMDIDKDEb@w@HKd@{@jBkDj@cABFBFj@lAVj@d@`ATf@Tf@@Bl@rAb@~@FL`@~@b@hARl@?BN`@UTu@t@qBjBw@v@eAbAcA~@I[Ke@GUw@_DCGIUOEIAGA?S?O?KCQKc@e@{AIUCGMc@KKGGIGCCEAK?i@~@a@t@_@l@g@`A_AbB]l@oApA_@\y@t@EDEDSP}@~@w@t@{CtCGDEDsFfF_CtBGFEDC@_@\SRgBdB[\UTAj@?JGnCE|BEtBKtFKxFAPCfAAx@An@Aj@U@C@A@CDgElMiBjEKVYn@ABm@vAmCjGCDuA|CuAdDGLwA`DFLHJf@f@RPz@x@tAtABB~@~@DBb@b@FK@CDEDCFA|B_@@ABA@C@C@C?C@GCa@c@F	Click to Generate
S2	20	1			3	East Bank Medical Centre (S2)	The Spires Centre (S2)	Springs Leisure Centre (S2)	1846	1384	kytdI|wwG??DPDV?\IRGLSH@`@B^BbAFrALCH?ZGNCb@Er@I`@G?YEqAC_@mANlAOHpB?XDAl@Ir@KI}@Gy@Em@AICe@C_@Ca@Cg@Ag@Ci@A]?_@AS?KAU?y@?q@?_A?e@@]@e@Bg@BW@]Dm@FaABi@Bc@D}@Bu@D}A@}@?G?Y?]?K?_@?]AQASCYF?FDP\N^WNQH?^?J?\?X?FA|@E|ACt@E|@Cb@Ch@G`AEl@A\CVCf@Ad@A\?d@?~@?N?`@?x@@T?J@R?^p@IJC~@Sx@ODE?G??Cu@UBe@nA_ARKBq@H@\Bh@@f@Bf@yARoBXOBQ@EWEQ??	Click to Generate
S2	30	1			3	Porcelanosa (S2)	Meersbrook Park Church (S2)	Virgin Crucible (S2)	2946	2210	wctdIjw_HEIACE]FYAQDq@BKBQJS[]{@iAMQGRENADECUK_@QGC@Y?G@IDUDQZZl@d@X\dAhANPJJPRPTRZ@BBDDHN^LZZ`A[k@KQIQOUOWWa@EGW[QQ[]{@iAMQg@s@[[IIGEGIOMKIGGOIKEA\GnAKnCALCJEFYn@CD?DAD?B?D@D@DXj@fAzBLZFTDRF`@@^E@C@A?C@EBCDe@p@EDCDCBGFIFEBSFSkCCYCUCOIQIWM]Zk@[j@L\HVHPBNBTVdDOBa@DE?KJIFCBIFEACACCCAAGGQCIEMAGEKEOISQk@]u@oAeDg@kAeAgCi@oAMc@Y_ACMCICCEIEGEGGEa@UaAm@kBiAmAs@MIIIGGIIGMEIOc@EKAKCME]K}@Gc@Ks@ASEc@Ce@T@B?H?XAFAF?REZ?b@Av@A\?V?J@H@D@B@JDHDHHTRTTX\PTPTZd@`@n@f@t@f@t@HLFFDHLNDFBBVXLLFDXPNJNHPLTH\Pd@PHBFBZLz@\\PJDNHFFJHNLFHFDHHZZl@d@X\dAhANPJJEJCFILCHEJKh@ITGXD\@BDH	Click to Generate
S2	45	1			3	Boots (S2)	Broadfield Park (S2)	Virgin Crucible (S2)	3525	2644	wftdI`c`HKR^|@FNRd@g@z@IQmA{Cw@qBEDCDCBGFIFEBSFOBa@DE?KJIFCBIFEACACCCAAGGQCIEMAGEKEOISQk@]u@oAeDg@kAeAgCi@oAMc@Y_ACMCICCEIEGEGGEa@UaAm@kBiAmAs@MIIIGGIIGMEIOc@EKAKCME]K}@Gc@Ks@ASEc@Ce@T@B?H?XAFAF?REZ?b@Av@A\?V?J@H@D@B@JDHDHHTRTTX\PTPTZd@`@n@f@t@f@t@HLFFDHLNDFBBVXLLFDXPNJNHPLTH\Pd@PHBFBZLz@\\PJDNHFFJHNLFHFDHHZZl@d@X\dAhANPJJEJCFILCHEJKh@ITGXIA??AAAAEICEAEUg@BqAD@T^CjAEJ@DHN@@@@??H@FYAQDq@BKBQJS[]{@iAMQg@s@[[IIGEGIOMKIGGOIKEA\GnAKnCALCJEFYn@CD?DAD?B?D@D@DXj@fAzBLZFTDRF`@@^E@C@A?C@EBCDe@p@EDCDCBGFIFEBSFOBa@DE?KJIFCBIF?R@R?JEh@A^Ab@?@EpA?HAHCHAHAFIVEJCHKVKUISCKGMEMCKCMIi@ESESEOGSc@w@GGC[BEHENIPI`@QDC\MJCFCHCDAD?R?P?F?PBD?`@ENCWeDCUCOIQIWM]Zk@[j@L\HVHPBNBTBXRjCRGDCHGFGBCBEDEv@pBlAzCHPf@{@Se@GO_@}@JS	Click to Generate
S2	20	1			3	Boots (S2)	Alam Hill Books (S2)	Meersbrook Park Church (S2)	1675	1256	ihtdIlk_HTRl@d@X\dAhANPJJEJCFILCHEJKh@ITGXIA??AAAAEICEAEUg@BqAD@T^CjAEJ@DHN@@@@??H@FYAQDq@BKBQJS[]{@iAMQg@s@[[IIGEGIOMKIGGOIKE]Q{@]BUXq@Vk@DKj@wAxAiDdC}FHLpAvBiC`GiA~C_@hAY~@K^NLFHFDHHZZl@d@X\dAhANPJJPRPTRZ@BBDDHN^LZZ`A[k@KQIQOUOWWa@EGW[QQ[]{@iAMQg@s@US	Click to Generate
S2	20	1			3	Temple Park Centre (S2)	Manor Park Medical Centre (S2)	Castle View Park (S2)	1839	1379	exwdIhkvGDIF[?SA[Gc@CINWs@aBsAkCEDK@GCGICMAM@M@GDIFEFAHBDHx@gAZc@TSVMRGF?ARGV?p@?I?g@FW@SG?SFWLUR[b@y@fADJ@L?FCLEJEDK@GCGICMAM@M@GDIFEFA??HBDHDJ@L?FCLEJrAjCr@`Bl@bBJSh@{@NUHEHAL?jBb@jA`@zBp@^Lp@T|Ah@l@^Zb@Pb@BH@DHd@Dr@A`AKv@ENe@jAe@aAQUyDq@WGaAOq@a@QSUe@KOa@n@mBxCoAyCoAyCZi@IOLU	Click to Generate
S2	45	1			3	Bronze & Polished (S2)	Sheffield Inclusion Centre (S2)	Leaves (S2)	3066	2300	kyudIthwGrAaCLYRYBCDINUNYJORa@~AwC`ByC|A}C@DHNf@bALZBFPh@Lb@?BH\Jt@Hv@Dh@@JIJMRQ^]r@m@nA@TPvBNjCHhBFjAD|ADlAB~@G?I@MHo@l@k@h@k@h@gAdAa@^WTUTu@t@qBjBw@v@eAbAcA~@I[Ke@GUw@_DCGIUOEIAGA?S?O?KCQKc@e@{AIUCGMc@EQCE?EAGAG?CAI?I@I?I@E@CDIDKDEb@w@HKd@{@jBkDj@cA\q@l@mAvAgCACKSaAuBaA{BK]ESAIGYGk@Cm@Cy@?UF?f@IXEXEr@St@Uj@_@v@_@z@w@FGbAoAHKpBvC??qBwCIJcAnAGF{@v@w@^k@^u@Ts@RYDYDg@HG??TBx@Bl@Fj@FX@HDRJ\`AzB`AtBJR@BsA`C	Click to Generate
S2	15	1			3	Springs Leisure Centre (S2)	The Co-operative Food (S2)	East Bank Medical Centre (S2)	1218	914	crtdIhmwG?`@?x@@T?J@R?^p@IJC~@Sx@ODE?G??Cu@UBe@nA_ARKBq@H@\Bh@@f@Bf@yARoBXOBQ@EWEQ??KKWCGDIHELERAXDVJTLFH@@`@B^BbAFrALCH?ZGNCb@Er@I`@G?YEqAC_@mANlAOHpB?XDAl@Ir@KI}@Gy@Em@AICe@C_@Ca@Cg@Ag@Ci@A]?_@AS?KAU?y@?a@	Click to Generate
S2	15	1			3	International Automatic Cars (S2)	Boots (S2)	Meersbrook Park Church (S2)	1408	1056	wetdI~i_H{AaBY~@K^KIGGOIKE]Q{@]BUXq@Vk@DKPXVd@H@t@aBu@`BIACES_@QYEJWj@Yp@CTz@\\PJDNHFFJHNLFHFDHHZZl@d@X\dAhANPJJEJCFILCHEJKh@ITGXIA??AAAAEICEAEUg@BqAD@T^CjAEJ@DHN@@@@??H@FYAQDq@BKBQJSNMJJPRPTRZ@BBDDHN^LZZ`A[k@KQIQOUOWWa@EGW[QQ[]{@iAMQg@s@[[IIGEGIOMJ_@X_AzA`B	Click to Generate
S2	20	1			3	MJ Dressmaker & Designer (S2)	Broadfield Park (S2)	Virgin Crucible (S2)	1965	1474	qptdIzp`HDe@JHRPRNDDNJ\T\XRPQr@CFAFWtA[zAERMj@AD?B?B?D@B@BJFr@d@FDFDl@wCBONu@XwAQWIKKMKKKKMK??SQ]Y]UOKEESOSQKICCGGCEEIEIEGKUISCKGMEMCKCMIi@ESESEOGSc@w@GGC[BEHENIPI`@QDC\MJCFCHCDAD?R?@NBJ@F?R@R?JEh@A^Ab@?@EpA?HAHCHAHAFIVEJCHKVKUISCKGMEMCKCMIi@ESESEOGSc@w@GGC[BEHENIPI`@QDC\MJCFCHCDAD?R?P?F?PBD?`@ENCSkCCYCUCOIQIWM]Zk@[j@L\HVHPBNBTVdDOBa@DE?KJIFCBIF?R@R?JEh@A^Ad@EpA?`A?f@?L?P?JBVRPRNDDNJ\TPcA@I`@wB@GAFa@vBAHQbA]UOKEESOSQKIEd@	Click to Generate
S2	20	1			3	Broadfield Park (S2)	Virgin Crucible (S2)	The Hardy Pick (S2)	1729	1297	untdIbq`HAASOSQKICCGGCEEIEIEGKUISCKGMEMCKCMIi@ESESEOGSc@w@GGC[BEHENIPI`@QDC\MJCFCHCDAD?R?@NBJ@F?R@R?JEh@A^Ab@?@EpA?HAHCHAHAFIVEJCHKVKUISCKGMEMCKCMIi@ESESEOGSc@w@GGC[BEHENIPI`@QDC\MJCFCHCDAD?R?P?F?PBD?`@ENCWeDCUCOIQIWM]Zk@[j@L\HVHPBNBTBXRjCRGDCHGFGBCBEDEv@pBlAzCHPf@{@Se@GO_@}@JSV_@c@r@^|@FNRd@g@z@IQmA{Cw@qBEDCDCBGFIFEBSFOBa@DE?KJIFCBIF?R@R?JEh@A^Ad@EpA?`A?f@?L?P?JBVRPRN@@	Click to Generate
S2	30	1			3	Kwik Fit (S2)	Leaves (S2)	Windy House Lane Pocket Park (S2)	2300	1725	gsudIh_wGCD_@p@OXOTEHCBSXMXwAfCm@lA]p@k@bAkBjDe@z@CEEIk@mAj@lADHBDd@{@jBkDj@cA\q@l@mAdAkBP[ACKSaAuBaA{BK]ESAIGYGk@Cm@Cy@?UF?f@IXEXEr@St@Uj@_@v@_@z@w@FGbAoAHKpBvC??qBwCm@q@A?u@y@{A}AOOELCFCBg@^AGGW??FV@Ff@_@BCBGDMNNzA|At@x@@?l@p@IJcAnAGF{@v@w@^k@^u@Ts@RYDYDg@HG??TBx@Bl@Fj@FX@HDRJ\`AzB`AtBJR@BLYRYBCDINUNY^q@BE	Click to Generate
S2	20	1			3	Temple Park Centre (S2)	Manor Park Medical Centre (S2)	Castle View Park (S2)	1839	1379	axwdItgvG?ECINWs@aBsAkCEDK@GCGICMAM@M@GDIFEFAHBDHx@gAZc@TSVMRGF?ARGV?p@?I?g@FW@SG?SFWLUR[b@y@fADJ@L?FCLEJEDK@GCGICMAM@M@GDIFEFA??HBDHDJ@L?FCLEJrAjCr@`Bl@bBJSh@{@NUHEHAL?jBb@jA`@zBp@^Lp@T|Ah@l@^Zb@Pb@BH@DHd@Dr@A`AKv@ENe@jAe@aAQUyDq@WGaAOq@a@QSUe@KOa@n@mBxCoAyCoAyCZi@IOR_@F[?SA[G]	Click to Generate
S2	45	1			3	Kingdom Hall of Jehovah's Witnesses (S2)	I Said Bread (S2)	Meersbrook Park (S2)	3633	2725	}`tdIvm~G_AvB]z@_FfLeA_BdA~AfC_GvAgD\{@tC{GE[IcFImDS@u@@EEKmIVCn@ED?F?zBO?FJtGnBKF~CxC{@rC_A`@Kz@Ad@F~Ad@T?Nt@dAnFBPDZRjDMHILMl@CXEn@@pA?fD?V?^CRo@tDMdAIv@KA_@DuDb@HmA??IlAEHMrBGxAAlABnDDtBD~@Bx@wAbAcA`AEDST{@|@c@d@kAhAMPCIQk@CKEKKe@CGGSEMW}@w@iC[_A[k@KQIQOUOWWa@EGW[QQ[]{@iAMQg@s@[[IIGEGIOMKIGGOIKE]Q{@]BUXq@Vk@DKj@wA~EgL\{@~@wB	Click to Generate
S2	45	1			3	Broadfield Park (S2)	The Hardy Pick (S2)	Boots (S2)	3409	2557	mmtdId}_HRjCOBa@DE?KJIFCBIF?R@R?JEh@A^Ab@?@EpA?HAHCHAHAFIVEJCHKVKUISCKGMEMCKCMIi@ESESEOGSc@w@GGC[BEHENIPI`@QDC\MJCFCHCDAD?R?P?F?PBD?`@ENCRGDCHGFGBCBEDEv@pBlAzCHPf@{@Se@GO_@}@JSV_@c@r@^|@FNRd@g@z@IQmA{Cw@qBEDCDCBGFIFEBSFOBa@DE?KJIFCBIFEACACCCAAGGQCIEMAGEKEOISQk@]u@oAeDg@kAeAgCi@oAMc@Y_ACMCICCEIEGEGGEa@UaAm@kBiAmAs@MIIIGGIIGMEIOc@EKAKCME]K}@Gc@Ks@ASEc@Ce@T@B?H?XAFAF?REZ?b@Av@A\?V?J@H@D@B@JDHDHHTRTTX\PTPTZd@`@n@f@t@f@t@HLFFDHLNDFBBVXLLFDXPNJNHPLTH\Pd@PHBFBZLz@\\PJDNHFFJHNLFHFDHHZZl@d@X\dAhANPJJEJCFILCHEJKh@ITGXIA??AAAAEICEAEUg@BqAD@T^CjAEJ@DHN@@@@??H@FYAQDq@BKBQJS[]{@iAMQg@s@[[IIGEGIOMKIGGOIKEA\GnAKnCALCJEFYn@CD?DAD?B?D@D@DXj@fAzBLZFTDRF`@@^E@C@A?C@EBCDe@p@EDCDCBGFIFEBSFSkC	Click to Generate
S2	30	1			3	Gleadless Medical Centre (S2)	Terry Wright Community Hall (S2)	Pizza City (S2)	2388	1791	qbtdIrezG??KNILSZOXCDGHADOZA@CFGHMRKPKRADHNZl@??[m@IO@EJSJQLSFIBG@AN[@EFIBENYR[HMJOTUPOhBaBLKJMJMIS?C?G@M??j@y@BCZi@LKH??L@H@Jg@r@QXCBa@j@KLKLMJiB`BQNUTKNILSZOXCDGHADOZA@CFGHMRKPKRADMVCFITEHCLKIGGEGGGQKMIm@YIAFu@HsA?IBe@@OEQMIK?a@NK@KEGKGOAS?C?WJo@@KPy@Py@H]@GLm@VqADSBKJw@@IAUCQIMICEAQHYTSRQRGDGFIBEA[EBc@J{AFeAF_A@[B[By@@WfATB_@C^gAUAVCx@Ev@G~@GdAKzACb@Gz@?FIfAGt@E`@Kz@EZEXG\Sz@Qv@Wx@Od@MXGNMXSd@EHGHMVHR@BBBHDJ?F?FC`B]r@On@OVGFAF?F?F?PD`@LH@l@XLHPJRAFAH?DCHCBGLW@EJSJQLSFIBG@AN[@EFIBENYR[HMJO	Click to Generate
S2	30	1			3	Singh's (S2)	Leaves (S2)	UBU (S2)	2375	1781	cwudIlevGFV@Ff@_@BCBGDM_EkEu@w@CFCFGJEDGDEBE@I@EAGAECEEGGEKIWE]?Q@QF[JWHIJGHCP@LBDDDHDNHZ@N@NAJAL?BETZ\XX~DjENNzA|At@x@@?l@p@pBvC??qBwCIJcAnAGF{@v@w@^k@^u@Ts@RYDYDg@HG??TBx@Bl@Fj@FX@HDRJ\`AzB`AtBJR@BLYRYBCDINUNY^q@BEzAqC`ByC|A}C^q@`AgB`AmBVo@Xw@L[d@y@@E@E?C@E?E?G?E?C?EAC?A?EAEAEAGCEAEEG[SmBkA_BcAsA}@UQGXS|@u@rBq@jAy@jAc@f@INCHOOELCFCBg@^AGGW	Click to Generate
S2	20	1			3	I Said Bread (S2)	74th Oak Street Scout Group (S2)	Carfield Primary School (S2)	1464	1098	o}sdIbp}Gw@FG?LxIS@u@@EEKmIVCEmCCsBAq@AKv@EJ~HF?zBO?FJtGnBKKsG?GjAKAk@@i@E_BCoBHnEAh@@j@kAJ?FJrGoBJKuG?GcAF	Click to Generate
S2	30	1			3	Sheffield Animal Centre (S2)	Highfield Motors (S2)	Diocese of Hallam Pastoral Centre (S2)	2679	2009	utzdIprvGOAGS?]@WMMe@[PmA@EF]Lq@\cAL]LFHF`AdAp@r@NFl@^d@^r@bAxFbGCn@Qd@_AhACDWb@Yz@a@`BOHK@k@EMBGFEFCPALAp@?JAHAHAHCBAFEHe@WmAo@AAKGyBmAqEiC[QOAM?KAKAQAM@SFURa@`@IHa@d@q@p@S\EDWVDNb@nBBHHd@XtAKXEGCEWZEMIQ??CFEJBHBPBR?p@Ib@_AbDXXRNDBZXJ^?^?RE~AbBPH@n@JHBZDEg@K_BAKASOmBm@sC_AaEYuAIe@CIc@oBEOK[BIBCPENEREp@q@`@e@HI`@a@TSHSL_@DGHQBGNM@CFQDQJc@He@l@cDHg@`@_CFc@Pu@^qAXZTPNLMp@G\ADQlAd@ZLLAV?\FRN@	Click to Generate
S2	20	1			3	East Bank Medical Centre (S2)	The Spires Centre (S2)	Springs Leisure Centre (S2)	1882	1412	e{tdIdxwGADERAXDVJTLFH@@`@B^BbAFrALCH?ZGNCb@Er@I`@G?YEqAC_@mANlAOHpB?XDAl@Ir@KI}@Gy@Em@AICe@C_@Ca@Cg@Ag@Ci@A]?_@AS?KAU?y@?q@?_A?e@@]@e@Bg@BW@]Dm@FaABi@Bc@D}@Bu@D}A@}@?G?Y?]?K?_@?]AQASCYF?FDP\N^WNQH?^?J?\?X?FA|@E|ACt@E|@Cb@Ch@G`AEl@A\CVCf@Ad@A\?d@?~@?N?`@?x@@T?J@R?^p@IJC~@Sx@ODE?G??Cu@UBe@nA_ARKBq@H@\Bh@@f@Bf@yARoBXOBQ@EWEQKKWCGDIHCF	Click to Generate
S2	30	1			3	Nether Edge Primary School (S2)	Broadfield Park (S2)	Virgin Crucible (S2)	2342	1756	{wtdIfkaHF[TkANq@`@_CFc@d@uE^aEL_BFi@BM?EBG@EN]DFDHDHBDFFBBJHRPRNDDNJ\T\XRPQr@CFAFUhAAJ[zAERMj@AD?B?B?D@B@BJFr@d@FDFDl@wCBONu@XwAQWIKKMKKKKMKSQ]Y]UOKEESOSQKICCGGCEEIEIEGKUISCKGMEMCKCMIi@ESESEOGSc@w@GGC[BEHENIPI`@QDC\MJCFCHCDAD?R?@NBJ@F?R@R?JEh@A^Ab@?@EpA?HAHCHAHAFIVEJCHKVKUISCKGMEMCKCMIi@ESESEOGSc@w@GGC[BEHENIPI`@QDC\MJCFCHCDAD?R?P?F?PBD?`@ENCSkCCYCUCOIQIWM]Zk@[j@L\HVHPBNBTVdDOBa@DE?KJIFCBIF?R@R?JEh@A^Ad@EpA?HAHCHAHAFIVEJCHKVO\ADCF?DCLGh@M~A_@`Ee@tEGb@a@~BOp@UjAGZ	Click to Generate
S2	30	1			3	Windy House Lane Pocket Park (S2)	UBU (S2)	Leaves (S2)	2455	1841	_~udIv`vGCyAI@EAGAECEEGGEKIWE]?Q@QF[JWHIJGHCP@LBDDDHDNHZ@N@NAJAL?BETt@v@~DjEELCFCBg@^AGGW??FV@Ff@_@BCBGDMNNzA|At@x@@?l@p@IJcAnAGF{@v@w@^k@^u@Ts@RYDYDg@HG??TBx@Bl@Fj@FX@HDRJ\`AzB`AtBJR@BLYRYBCDINUNY^q@BEzAqC`ByC|A}C^q@`AgB`AmBVo@Xw@L[d@y@@E@E?C@E?E?G?E?C?EAC?A?EAEAEAGCEAEEG[SmBkAGT]xAENa@jAq@|ASb@Q\_@r@q@z@pBvC??qBwCm@q@A?u@y@{A}AOO_EkEu@w@CFCFGJEDGDEBE@BxA	Click to Generate
S2	45	1			3	Gleadless Medical Centre (S2)	Pizza City (S2)	Arbourthorne Community Primary School (S2)	3283	2462	gbtdIp~yGh@iABCTe@f@aAP]h@eAHKLKBCTAF@JFHLHRDX@\?Z@RA\?H?J?L@H@Jg@r@QXCBa@j@KLKLMJiB`BQNUTKNILSZOXCDGHADOZA@CFGHMRKPKRADHNZl@??[m@IOMVCFITEHCLKIGGEGGGQKMIm@YIAFu@HsA?IBe@@OEQMIK?a@NK@KEGKGOAS?C?WJo@@KPy@Py@H]@GLm@VqADSBKJw@@IAUCQIMICEAQHYTSRQRGDGFIBEA[EBc@J{AFeAF_A@[B[By@@WBw@@m@Bo@@i@@g@@e@?G?M?O@c@G@MFa@Po@\aAj@a@VSLYPiBpAg@\e@\}@r@y@n@EBPbBJ|@D^Lr@Lp@BLFXDJJKHGFADDDJBFFFBAtAy@??uAx@C@GGCGEKEEG@IFKJFRJ\BDFNLZNRPZZ^LJJHRRNJh@b@h@\j@\TL^RSz@Qv@Wx@Od@MXGNMXSd@EHGHMVHR@BBBHDJ?F?FC`B]r@On@OVGFAF?F?F?PD`@LH@l@XLHPJRAFAH?DCHCBGLW@EJSJQLSFIBG@AN[@EFIBENYR[HMJOTUPOhBaBLKJMJM`@k@BCPYf@s@AKAI?M?K?I@]AS?[A]EYISIMKGGAU@CBMJIJi@dAQ\g@`AUd@CBi@hA	Click to Generate
S2	20	1			3	Wobbly Wheel Cyclery (S2)	Meersbrook Service Station (S2)	I Said Bread (S2)	2057	1543	oatdInh}GBrBDlCn@ED?F?v@GbAG?FJtGnBKKsG?GOqKCK@_@@WAIAIoGeAa@GDWEkAAOHmBN}@RyAFUJ]hB\~Bb@rBjFQDqDo@qEw@IlBFzAEV`@FZ`CFfCJ~HLxIS@u@@EEKmIVCEmCCsB	Click to Generate
S2	45	1			3	The Hardy Pick (S2)	Virgin Crucible (S2)	Boots (S2)	3743	2807	yltdIbq`HId@]UOKEESOSQKICCGGCEEIEIEGKUISCKGMEMCKCMIi@ESESEOGSc@w@GGC[BEHENIPI`@QDC\MJCFCHCDAD?R?P?F?PBD?`@ENCRGDCHGFGBCBEDEv@pBlAzCHPf@{@Se@GO_@}@JSV_@c@r@^|@FNRd@g@z@IQmA{Cw@qBEDCDCBGFIFEBSFSkCCYCUCOIQIWM]Zk@[j@L\HVHPBNBTVdDOBa@DE?KJIFCBIFEACACCCAAGGQCIEMAGEKEOISQk@]u@oAeDg@kAeAgCi@oAMc@Y_ACMCICCEIEGEGGEa@UaAm@kBiAmAs@MIIIGGIIGMEIOc@EKAKCME]K}@Gc@Ks@ASEc@Ce@T@B?H?XAFAF?REZ?b@Av@A\?V?J@H@D@B@JDHDHHTRTTX\PTPTZd@`@n@f@t@f@t@HLFFDHLNDFBBVXLLFDXPNJNHPLTH\Pd@PHBFBZLz@\\PJDNHFFJHNLFHFDHHZZl@d@X\dAhANPJJEJCFILCHEJKh@ITGXIA??AAAAEICEAEUg@BqAD@T^CjAEJ@DHN@@@@??H@FYAQDq@BKBQJS[]{@iAMQg@s@[[IIGEGIOMKIGGOIKEA\GnAKnCALCJEFYn@CD?DAD?B?D@D@DXj@fAzBLZFTDRF`@@^E@C@A?C@EBCDe@p@EDCDCBGFIFEBSFOBa@DE?KJIFCBIF?R@R?JEh@A^Ad@EpA?`A?f@?L?P?JBVRPRNDDNJ\THe@	Click to Generate
S2	20	1			3	International Automatic Cars (S2)	Casa Italia (S2)	Valley Road Garage (S2)	1542	1156	ahtdIh{~GyAhDk@vAPXVd@H@t@aBu@`BIACES_@QYEJWj@Yp@CTz@\\PJDNHFFJHNLFHFDHHZZPNZTELg@s@[[IIGEGIOMJ_@X_A^iAhA_DhCaGfAeCjBgElCmGEcBmBHuBvEuAbD_AvB]z@eC|F	Click to Generate
S2	30	1			3	Leaves (S2)	Windy House Lane Pocket Park (S2)	UBU (S2)	2605	1954	ududI|gvGQXVo@Xw@L[d@y@@E@E?C@E?E?G?E?C?EAC?A?EAEAEAGCEAEEG[SmBkAGT]xAENa@jAq@|ASb@Q\_@r@q@z@pBvC??qBwCm@q@A?u@y@{A}AOOELCFCBg@^AGGW??FV@Ff@_@BCBGDMNNzA|At@x@@?l@p@IJcAnAGF{@v@w@^k@^u@Ts@RYDYDg@HG??TBx@Bl@Fj@FX@HDRJ\`AzB`AtBJR@BLYRYBCDINUNY^q@BEzAqC`ByC|A}C^q@`AgB`AmBVo@Xw@L[d@y@Ra@DIJUHOJSJQ`@_AN]FSTw@DOP_ABONYJg@DUDUBE@CBAB?B?D?D@DD^|@Tn@N\Rl@Jd@@HAd@ATCNENENGVGTEPKRi@F_@DODM@{@FWTO@]BK@GBC@IDGBIHEDEDABCBuAbC	Click to Generate
S2	30	1			3	Best Pizza (S2)	Leaves (S2)	Windy House Lane Pocket Park (S2)	2152	1614	ivudI|cwGMTwAfCm@lA]p@k@bAkBjDe@z@CEEIk@mAj@lADHBDd@{@jBkDj@cA\q@N[\q@vAgCACKSaAuBaA{BK]ESAIGYGk@Cm@Cy@?UF?f@IXEXEr@St@Uj@_@v@_@z@w@FGbAoAHKpBvC??qBwCm@q@A?u@y@{A}AOOELCFCBg@^AGGW??FV@Ff@_@BCBGDMNNzA|At@x@@?l@p@IJcAnAGF{@v@w@^k@^u@Ts@RYDYDg@HG??TBx@Bl@Fj@FX@HDRJ\`AzB`AtBJR@BLU	Click to Generate
S2	20	1			3	Ideal Hairdresser (S2)	The Hardy Pick (S2)	Virgin Crucible (S2)	1525	1144	kjtdIxt`H??KKKKMKSQ]Y]UOKEESOAAQOKICCGGCEEIEIEGKUISCKGMEMCKCMIi@ESESEOGSc@w@GGC[BEHENIPI`@QDC\MJCFCHCDAD?R?P?F?PBD?`@ENCRGDCHGFGBCBEDEv@pBlAzCHPf@{@Se@GO_@}@JSV_@c@r@^|@FNRd@g@z@IQmA{Cw@qBEDCDCBGFIFEBSFSkCCYCUCOIQIWM]Zk@[j@L\HVHPBNBTVdDOBa@DE?KJIFCBIF?R@R?JEh@A^Ad@EpA?`A?f@?L?P?JBVRPRNDDNJ\T\XRPLJJJJJ??	Click to Generate
S2	15	1			3	The Bhaji Shack (S2)	Boots (S2)	Meersbrook Park Church (S2)	1148	861	gftdIdm_H@@ELg@s@[[IIGEGIOMKIGGOIKEA\GnALBMCFoA@]@?HDNHFFJHNLFHFDHHZZl@d@X\dAhANPJJEJCFILCHEJKh@ITGXIA??AAAAEICEAEUg@BqAD@T^CjAEJ@DHN@@@@??H@FYAQDq@BKBQJSNMJJPRPTRZ@BBDDHN^LZZ`A[k@KQIQOUOWWa@EGW[QQ[]{@iAMQGRENAD?DAHAJAt@AP?R_AKECCC?C?CLaC@Y?G@IDUDQZZj@b@	Click to Generate
S2	45	1			3	Pizza City (S2)	Newfield Green Dental Surgery (S2)	Momma Katz (S2)	3524	2643	uxtdIvtyGuAx@C@GGCGEKEEG@IFKJEKGYCMMq@Ms@E_@K}@QcBDCx@o@|@s@d@]f@]hBqAXQRM`@W`Ak@n@]`@QLGFAAb@?N?L?FAd@Af@Ah@Cn@Al@Cv@AVCx@CZAZG~@GdAKzACb@Gz@?FIfAGt@E`@Kz@EZEXG\Sz@Qv@Wx@Od@MXGNMXSd@EHGHMVHR@BBBHDJ?F?FC`B]r@On@OVGFAF?F?F?PD`@LH@l@XLHPJRAD?@AH?DCHCBGLW@EJSJQLSFIBG@AN[@EFIBENYR[HMJOTUPOhBaBLKJMJM`@k@BCPYf@s@AKAI?M?K?I@]AS?[A]EYISIMKGGAU@CBMJIJi@dAQ\g@`AUd@CBcAvBA?dAwBBCTe@f@aAP]h@eAHKLKBCTAF@JFHLHRDX@\?Z@RA\?H?J?L@H@Jg@r@QXCBa@j@KLKLMJiB`BQNUTKNILSZOXCDGHADOZA@CFGHMRKPKRADMVCFITEHCLKIGGEGGGQKMIm@YIAFu@HsA?IBe@@OEQMIK?a@NK@KEGKGOAS?C?WJo@@KPy@Py@H]@GLm@VqADSBKJw@@IAUCQIMICEAQHYTSRQRGDGFIBEA[EGz@?FIfAGt@E`@Kz@EZEXG\_@SUMk@]i@]i@c@OKSSKIMK[_@Q[OSM[GOCEK]GSJKHGFADDDJBFFFBAtAy@	Click to Generate
S2	20	1			3	East Bank Medical Centre (S2)	The Spires Centre (S2)	Springs Leisure Centre (S2)	1882	1412	}ztdIxwwGCBELERAXDVJTLFH@@`@B^BbAFrALCH?ZGNCb@Er@I`@G?YEqAC_@mANlAOHpB?XDAl@Ir@KI}@Gy@Em@AICe@C_@Ca@Cg@Ag@Ci@A]?_@AS?KAU?y@?q@?_A?e@@]@e@Bg@BW@]Dm@FaABi@Bc@D}@Bu@D}A@}@?G?Y?]?K?_@?]AQASCYF?FDP\N^WNQH?^?J?\?X?FA|@E|ACt@E|@Cb@Ch@G`AEl@A\CVCf@Ad@A\?d@?~@?N?`@?x@@T?J@R?^p@IJC~@Sx@ODE?G??Cu@UBe@nA_ARKBq@H@\Bh@@f@Bf@yARoBXOBQ@EWEQKKWCGDED	Click to Generate
S2	60	1			3	St Swithun (S2)	No.1 Chinese Takeaway (S2)	Windy House Lane Pocket Park (S2)	4617	3463	gnvdIphuG]n@Yo@Zq@Zq@Qa@CCCG\w@f@iABG?ABOTL`DvAHB@IBGBEDAF@BB@BBF@F?FAFADFDb@Vl@`@^XLLHJTb@Ph@Jj@FpAD~BL`E?RP@LBDDDHDNHZ@N@NAJAL?BETCFCFGJEDGDEBE@I@EAGAECEEGGEKIWE]a@JcB^_ATYHJkDd@oCBKeBkBaAeAEEGIGLKJEDMFa@@S@UBUH}@f@k@d@MJa@\e@n@i@t@OTaAlBe@z@e@x@SLUHQ?SEOGOGWOECeCwAiBcAa@a@U[S]GI~@mB\q@Vg@Cm@LWP_@ZHFM\o@NYv@{A`BkDfB_DFIHOb@}@NWx@{AFOBEDGTe@jAaCnA}BpAmCNWN[Zk@dCQb@E`@?T?V@D@dAVx@d@f@\DDLLVZT^`@r@Xl@Xr@Nh@Hd@H^Hb@Fh@Fl@BN?HDp@\xDVpC?JDf@Hz@J`AFf@Jf@Jh@^rABJFRZt@\r@FJb@j@b@d@lAx@Ob@GXS|@u@rBq@jAy@jAc@f@INCHOOELCFCBg@^AGGW??FV@Ff@_@BCBGDM_EkEu@w@CFCFGJEDGDEBE@I@EAGAECEEGGEKIWE]?Q@QF[JWHIJGHC?SMaEE_CGqAKk@Qi@Uc@IKMM_@Ym@a@c@WGEAFEBC@E?ECCCCG?I?IICaDwAUMCN?@CFg@hA]v@BFBBP`@[p@[p@Xn@\o@	Click to Generate
S2	20	1			3	Jaan Kebab House (S2)	The Hardy Pick (S2)	Virgin Crucible (S2)	1516	1137	qjtdIrt`HEEKKMKSQ]Y]UOKEESOGGKIKICCGGCEEIEIEGKUISCKGMEMCKCMIi@ESESEOGSc@w@GGC[BEHENIPI`@QDC\MJCFCHCDAD?R?P?F?PBD?`@ENCRGDCHGFGBCBEDEv@pBlAzCHPf@{@Se@GO_@}@JSV_@c@r@^|@FNRd@g@z@IQmA{Cw@qBEDCDCBGFIFEBSFSkCCYCUCOIQIWM]Zk@[j@L\HVHPBNBTVdDOBa@DE?KJIFCBIF?R@R?JEh@A^Ad@EpA?`A?f@?L?P?JBVRPRNDDNJ\T\XRPLJJJDD	Click to Generate
S2	20	1			3	Leaves (S2)	Windy House Lane Pocket Park (S2)	UBU (S2)	1867	1400	geudIzhvG?CVo@Xw@L[d@y@@E@E?C@E?E?G?E?C?EAC?A?EAEAEAGCEAEEG[SmBkAGT]xAENa@jAq@|ASb@Q\_@r@q@z@pBvC??qBwCm@q@A?u@y@{A}AOOELCFCBg@^AGGW??FV@Ff@_@BCBGDMNNzA|At@x@@?l@p@IJcAnAGF{@v@w@^k@^u@Ts@RYDYDg@HG??TBx@Bl@Fj@FX@HDRJ\`AzB`AtBJR@BLYRYBCDINUNY^q@BEzAqC`ByC|A}C^q@`AgB`AiB	Click to Generate
S2	30	1			3	Nether Edge Primary School (S2)	Broadfield Park (S2)	Virgin Crucible (S2)	2491	1868	_ztdIfqaHDQBKL_@J]BKFWPw@Hc@TkANq@`@_CFc@d@uE^aEL_BFi@BM?EBG@EN]DFDHDHBDFFBBJHRPRNDDNJ\T\XRPQr@CFAFUhAAJ[zAERMj@AD?B?B?D@B@BJFr@d@FDFDl@wCBONu@XwAQWIKKMKKKKMKSQ]Y]UOKEESOSQKICCGGCEEIEIEGKUISCKGMEMCKCMIi@ESESEOGSc@w@GGC[BEHENIPI`@QDC\MJCFCHCDAD?R?@NBJ@F?R@R?JEh@A^Ab@?@EpA?HAHCHAHAFIVEJCHKVKUISCKGMEMCKCMIi@ESESEOGSc@w@GGC[BEHENIPI`@QDC\MJCFCHCDAD?R?P?F?PBD?`@ENCSkCCYCUCOIQIWM]Zk@[j@L\HVHPBNBTVdDOBa@DE?KJIFCBIF?R@R?JEh@A^Ad@EpA?HAHCHAHAFIVEJCHKVO\ADCF?DCLGh@M~A_@`Ee@tEGb@a@~BOp@UjAIb@Qv@GVCJK\M^CJEP	Click to Generate
S2	30	1			3	Alberts (S2)	Sheffield Inclusion Centre (S2)	Leaves (S2)	2749	2062	mzudIljwG\q@vAgCLYRYBCDINUNY@DBDFPXf@?JKRE@Ym@ESCGACOTEHCBSX?BMTwAfCm@lA]p@BFBFj@lAVj@d@`ATf@Tf@@Bl@rAb@~@FL`@~@b@hARl@?BN`@UTu@t@qBjBw@v@eAbAcA~@I[Ke@GUw@_DCGIUOEIAGA?S?O?KCQKc@e@{AIUCGMc@EQCE?EAGAG?CAI?I@I?I@E@CDIDKDEb@w@HKd@{@jBkDj@cA\q@l@mAvAgCACKSaAuBaA{BK]ESAIGYGk@Cm@Cy@?UF?f@IXEXEr@St@Uj@_@v@_@z@w@FGbAoAHKpBvC??qBwCIJcAnAGF{@v@w@^k@^u@Ts@RYDYDg@HG??TBx@Bl@Fj@FX@HDRJ\`AzB`AtBJR@BwAfC]p@	Click to Generate
S2	45	1			3	Boots (S2)	Virgin Crucible (S2)	Meersbrook Park Church (S2)	3132	2349	citdInn_HBU@Y?G@IDUDQZZl@d@X\dAhANPJJEJCFILCHEJKh@ITGXIA??AAAAEICEAEUg@BqAD@T^CjAEJ@DHN@@@@??H@FYAQDq@BKBQJS[]{@iAMQg@s@[[IIGEGIOMKIGGOIKEA\GnAKnCALCJEFYn@CD?DAD?B?D@D@DXj@fAzBLZFTDRF`@@^E@C@A?C@EBCDe@p@EDCDCBGFIFEBSFSkCCYCUCOIQIWM]Zk@[j@L\HVHPBNBTVdDOBa@DE?KJIFCBIFEACACCCAAGGQCIEMAGEKEOISQk@]u@oAeDg@kAeAgCi@oAMc@Y_ACMCICCEIEGEGGEa@UaAm@kBiAmAs@MIIIGGIIGMEIOc@EKAKCME]K}@Gc@Ks@ASEc@Ce@T@B?H?XAFAF?REZ?b@Av@A\?V?J@H@D@B@JDHDHHTRTTX\PTPTZd@`@n@f@t@f@t@HLFFDHLNDFBBVXLLFDXPNJNHPLTH\Pd@PHBFBZLz@\\PJDNHFFJHNLFHFDHHZZl@d@X\dAhANPJJPRPTRZ@BBDDHN^LZZ`A[k@KQIQOUOWWa@EGW[QQ[]{@iAMQGRENAD?DAHAJAt@AP?R_AKECCC?C?CHkB	Click to Generate
S2	30	1			3	The Hardy Pick (S2)	Another Level (S2)	Meersbrook Park Church (S2)	2851	2138	ydtdInu_HDH@@@@??H@FYAQDq@BKBQJS[]{@iAMQg@s@[[IIGEGIOMKIGGOIKEA\GnAKnCALCJEFYn@CD?DAD?B?D@D@DXj@fAzBLZFTDRF`@@^E@C@A?C@EBCDe@p@v@pBlAzCHPf@{@Se@GO_@}@JSV_@c@r@^|@FNRd@g@z@IQmA{Cw@qBEDCDCBGFIFEBSFOBa@DE?KJIFCBIFEACACCCAAGGQCIEMAGEKEOISQk@]u@oAeDg@kAeAgCi@oAMc@Y_ACMCICCEIEGEGGEa@UaAm@kBiAmAs@MIIIGGIIGMEIOc@EKAKCME]K}@Gc@Ks@ASEc@Ce@T@B?H?XAFAF?REZ?b@Av@A\?V?J@H@D@B@JDHDHHTRTTX\PTPTZd@`@n@f@t@f@t@HLFFDHLNDFBBVXLLFDXPNJNHPLTH\Pd@PHBFBZLz@\\PJDNHFFJHNLFHFDHHZZj@b@@@X\dAhANPJJPRPTRZ@BBDDHN^LZZ`A[k@KQIQOUOWWa@EGW[ILCHEJKh@ITGXIA??AAAAEI	Click to Generate
S2	20	1			3	Curry Master (S2)	Broadfield Park (S2)	Virgin Crucible (S2)	1969	1477	qptdI~p`HDi@JHRPRNDDNJ\T\XRPQr@CFAFWtA[zAERMj@AD?B?B?D@B@BJFr@d@FDFDl@wCBONu@XwAQWIKKMKK??KKMKSQ]Y]UOKEESOSQKICCGGCEEIEIEGKUISCKGMEMCKCMIi@ESESEOGSc@w@GGC[BEHENIPI`@QDC\MJCFCHCDAD?R?@NBJ@F?R@R?JEh@A^Ab@?@EpA?HAHCHAHAFIVEJCHKVKUISCKGMEMCKCMIi@ESESEOGSc@w@GGC[BEHENIPI`@QDC\MJCFCHCDAD?R?P?F?PBD?`@ENCSkCCYCUCOIQIWM]Zk@[j@L\HVHPBNBTVdDOBa@DE?KJIFCBIF?R@R?JEh@A^Ad@EpA?`A?f@?L?P?JBVRPRNDDNJ\TPcA@I`@wB@GAFa@vBAHQbA]UOKEESOSQKIEh@	Click to Generate
S2	20	1			3	Tuck News (S2)	Virgin Crucible (S2)	The Hardy Pick (S2)	1565	1174	}otdI|g`H?@EpA?`A?f@?L?P?JBVRPRN@@BBNJ\TPcA@I`@wB@GAFa@vBAHQbA]UOKEESOSQKICCGGCEEIEIEGKUISCKGMEMCKCMIi@ESESEOGSc@w@GGC[BEHENIPI`@QDC\MJCFCHCDAD?R?P?F?PBD?`@ENCWeDCUCOIQIWM]Zk@[j@L\HVHPBNBTBXRjCRGDCHGFGBCBEDEv@pBlAzCHPf@{@Se@GO_@}@JSV_@c@r@^|@FNRd@g@z@IQmA{Cw@qBEDCDCBGFIFEBSFOBa@DE?KJIFCBIF?R@R?JEh@A^Ab@	Click to Generate
S2	30	1			3	Caribbean Fusion (S2)	Leaves (S2)	Windy House Lane Pocket Park (S2)	2262	1696	_tudIp`wGKNOXOTEHCBSXMXwAfCm@lA]p@k@bAkBjDe@z@CEEIk@mAj@lADHBDd@{@jBkDj@cA\q@l@mAHOlAwBACKSaAuBaA{BK]ESAIGYGk@Cm@Cy@?UF?f@IXEXEr@St@Uj@_@v@_@z@w@FGbAoAHKpBvC??qBwCm@q@A?u@y@{A}AOOELCFCBg@^AGGW??FV@Ff@_@BCBGDMNNzA|At@x@@?l@p@IJcAnAGF{@v@w@^k@^u@Ts@RYDYDg@HG??TBx@Bl@Fj@FX@HDRJ\`AzB`AtBJR@BLYRYBCDINUNYJO	Click to Generate
S2	45	1			3	Virgin Crucible (S2)	The Hardy Pick (S2)	Boots (S2)	3656	2742	sntdIbq`HCASOSQKICCGGCEEIEIEGKUISCKGMEMCKCMIi@ESESEOGSc@w@GGC[BEHENIPI`@QDC\MJCFCHCDAD?R?P?F?PBD?`@ENCWeDCUCOIQIWM]Zk@[j@L\HVHPBNBTBXRjCRGDCHGFGBCBEDEv@pBlAzCHPf@{@Se@GO_@}@JSV_@c@r@^|@FNRd@g@z@IQmA{Cw@qBEDCDCBGFIFEBSFOBa@DE?KJIFCBIFEACACCCAAGGQCIEMAGEKEOISQk@]u@oAeDg@kAeAgCi@oAMc@Y_ACMCICCEIEGEGGEa@UaAm@kBiAmAs@MIIIGGIIGMEIOc@EKAKCME]K}@Gc@Ks@ASEc@Ce@T@B?H?XAFAF?REZ?b@Av@A\?V?J@H@D@B@JDHDHHTRTTX\PTPTZd@`@n@f@t@f@t@HLFFDHLNDFBBVXLLFDXPNJNHPLTH\Pd@PHBFBZLz@\\PJDNHFFJHNLFHFDHHZZl@d@X\dAhANPJJEJCFILCHEJKh@ITGXIA??AAAAEICEAEUg@BqAD@T^CjAEJ@DHN@@@@??H@FYAQDq@BKBQJS[]{@iAMQg@s@[[IIGEGIOMKIGGOIKEA\GnAKnCALCJEFYn@CD?DAD?B?D@D@DXj@fAzBLZFTDRF`@@^E@C@A?C@EBCDe@p@EDCDCBGFIFEBSFOBa@DE?KJIFCBIF?R@R?JEh@A^Ad@EpA?`A?f@?L?P?JBVRPRNB@	Click to Generate
S2	60	1			3	Pentagon Jeep (S2)	Makro (S2)	Sheffield Animal Centre (S2)	4426	3320	egydItavGK^Wt@R\^gANg@Ru@Nm@Lg@b@aBJe@Rs@f@f@XRTPn@f@k@pCGVg@zB@ZVb@XRTPNLFFTR_@hBOr@Ns@^iBUSGGOMUQYSWc@A[f@{Br@iDo@g@UQYSg@g@Sr@Kd@c@`BMf@Ol@St@Of@_@fAa@z@u@`BUf@INmAfBOTkAvAUg@O[CISc@Sa@Sa@Q_@??m@bAu@tAVZNPDFV\TXX\RVELGJy@fB]`AK\g@dBSz@UhACPQjAKx@QvAIt@Kr@CNe@xBUa@QYOQCCu@e@OIq@_@k@Wm@]_@Sc@WcAk@_@Sm@]ECKEe@WmAo@AAKGyBmAqEiC[Q[SEGGGKMEKAI?KNM@CFQDQJc@He@l@cDHg@`@_CFc@Pu@^qAXZTPNL\cAL]LFHF`AdAp@r@NFl@^d@^r@bAxFbGCn@Qd@_AhACDWb@Yz@a@`BvAv@f@X|@f@DH@PKn@a@vCj@Vp@^NHt@d@BBNPPXT`@d@yBBOJs@Hu@PwAJy@PkABQTiAR{@f@eBJ]\aAx@gBFKDMt@_AZg@jAwANUlAgBHOTg@t@aB`@{@S]Vu@J_@	Click to Generate
S2	45	1			3	Windy House Lane Pocket Park (S2)	Archdale School (S2)	UBU (S2)	3654	2740	_~udIz_vGC}@I@EAGAECEEGGEKIWE]?Q@QF[JWHIJGHCP@LBDDDHDNHZ@N@NAJAL?BETt@v@~DjEELCFCBg@^AGGW??FV@Ff@_@BCBGDM_EkEu@w@CFCFGJEDGDEBE@I@EAGAECEEGGEKIWE]?Q@QF[JWHIJGHC?SMaEE_CGqAKk@Qi@Uc@IKMM_@Ym@a@c@WGEAFEBC@E?ECCCCG?I?IICaDwAUMCN?@CFg@hA]v@BFBBP`@[p@[p@Xn@\o@??]n@Yo@Zq@Zq@Qa@CCCG\w@f@iABG?ABOTL`DvAHB@IBGBEDAF@BB@BBF@F?FAFADFDb@Vl@`@^XLLHJTb@Ph@Jj@FpAD~BL`E?RP@LBDDDHDNHZ@N@NAJAL?BETCFCFGJEDGDEBE@VnJBrADxAH|C@N?TBx@Bl@Fj@FX@HDRJ\`AzB`AtBJR@BLYRYBCDINUNY^q@BEzAqC`ByC|A}C^q@`AgB`AmBVo@Xw@L[d@y@@E@E?C@E?E?G?E?C?EAC?A?EAEAEAGCEAEEG[SmBkA_BcAsA}@UQoA_Ae@g@EIY]MLKHQB]?QKSSQPyA|AABe@f@w@v@Y\AJAL?BETCFCFGJEDGDEBE@B|@	Click to Generate
S2	20	1			3	Boots (S2)	Alam Hill Books (S2)	Meersbrook Park Church (S2)	1774	1330	gitdInh_HELK^NLFHFDHHZZl@d@X\dAhANPJJEJCFILCHEJKh@ITGXIA??AAAAEICEAEUg@BqAD@T^CjAEJ@DHN@@@@??H@FYAQDq@BKBQJS[]{@iAMQg@s@[[IIGEGIOMKIGGOIKE]Q{@]BUXq@Vk@DKj@wAxAiDdC}FHLpAvBiC`GiA~C_@hAY~@K^NLFHFDHHZZl@d@X\dAhANPJJPRPTRZ@BBDDHN^LZZ`A[k@KQIQOUOWWa@EGW[QQ[]{@iAMQg@s@[[IIGEGIOMJ_@DM	Click to Generate
S2	20	1			3	Wobbly Wheel Cyclery (S2)	74th Oak Street Scout Group (S2)	I Said Bread (S2)	1450	1088	uusdIni}GD~AAh@@j@kAJ?FJrGoBJKuG?GcAFw@FG?E?o@DEmCCsBAq@AKv@EJ~HLxIS@u@@EEKmIVCn@ED?F?zBO?FJtGnBKKsG?GjAKAk@@i@E_B	Click to Generate
S2	45	1			3	Bronze & Polished (S2)	Sheffield Inclusion Centre (S2)	Leaves (S2)	3057	2293	eyudIjhwGlAwBLYRYBCDINUNYJORa@~AwC`ByC|A}C@DHNf@bALZBFPh@Lb@?BH\Jt@Hv@Dh@@JIJMRQ^]r@m@nA@TPvBNjCHhBFjAD|ADlAB~@G?I@MHo@l@k@h@k@h@gAdAa@^WTUTu@t@qBjBw@v@eAbAcA~@I[Ke@GUw@_DCGIUOEIAGA?S?O?KCQKc@e@{AIUCGMc@EQCE?EAGAG?CAI?I@I?I@E@CDIDKDEb@w@HKd@{@jBkDj@cA\q@l@mAvAgCACKSaAuBaA{BK]ESAIGYGk@Cm@Cy@?UF?f@IXEXEr@St@Uj@_@v@_@z@w@FGbAoAHKpBvC??qBwCIJcAnAGF{@v@w@^k@^u@Ts@RYDYDg@HG??TBx@Bl@Fj@FX@HDRJ\`AzB`AtBJR@BmAvB	Click to Generate
S2	15	1			3	International Automatic Cars (S2)	Boots (S2)	Meersbrook Park Church (S2)	1437	1078	agtdIpl_HZTELg@s@[[IIGEGIOMKIGGOIKE]Q{@]BUXq@Vk@DKPXVd@H@t@aBu@`BIACES_@QYEJWj@Yp@CTz@\\PJDNHFFJHNLFHFDHHZZl@d@X\dAhANPJJEJCFILCHEJKh@ITGXIA??AAAAEICEAEUg@BqAD@T^CjAEJ@DHN@@@@??H@FYAQDq@BKBQJSNMJJPRPTRZ@BBDDHN^LZZ`A[k@KQIQOUOWWa@EGW[QQ[]{@iAMQGRENAD?DAHAJAt@AP?R_AKECCC?C?CLaC@Y?G@IDUDQZZPN	Click to Generate
S2	45	1			3	Gleadless Medical Centre (S2)	Pizza City (S2)	Arbourthorne Community Primary School (S2)	3293	2470	mbtdI|~yGn@uABCTe@f@aAP]h@eAHKLKBCTAF@JFHLHRDX@\?Z@RA\?H?J?L@H@Jg@r@QXCBa@j@KLKLMJiB`BQNUTKNILSZOXCDGHADOZA@CFGHMRKPKRADHNZl@??[m@IOMVCFITEHCLKIGGEGGGQKMIm@YIAFu@HsA?IBe@@OEQMIK?a@NK@KEGKGOAS?C?WJo@@KPy@Py@H]@GLm@VqADSBKJw@@IAUCQIMICEAQHYTSRQRGDGFIBEA[EBc@J{AFeAF_A@[B[By@@WBw@@m@Bo@@i@@g@@e@?G?M?O@c@G@MFa@Po@\aAj@a@VSLYPiBpAg@\e@\}@r@y@n@EBPbBJ|@D^Lr@Lp@BLFXDJJKHGFADDDJBFFFBAtAy@??uAx@C@GGCGEKEEG@IFKJFRJ\BDFNLZNRPZZ^LJJHRRNJh@b@h@\j@\TL^RSz@Qv@Wx@Od@MXGNMXSd@EHGHMVHR@BBBHDJ?F?FC`B]r@On@OVGFAF?F?F?PD`@LH@l@XLHPJRAFAH?DCHCBGLW@EJSJQLSFIBG@AN[@EFIBENYR[HMJOTUPOhBaBLKJMJM`@k@BCPYf@s@AKAI?M?K?I@]AS?[A]EYISIMKGGAU@CBMJIJi@dAQ\g@`AUd@CBo@tA	Click to Generate
S2	60	1			3	Kathy's Tea Room (S2)	Manor Fields (S2)	Temple Park Centre (S2)	4548	3411	uiwdIfuvGWGaAOq@a@QSUe@KOa@n@mBxCoAyCoAyCZi@IOR_@F[?SA[COCSCINWl@bBaA|A[h@nAxCnAxCKRs@jAh@bA^Vd@@BCJIRQlApChAjCd@fAYzCI~@Id@GPcAv@LjCDt@HlBLpAFb@`BaAr@g@f@YvByAd@[j@a@b@[tByAkAiHg@sCNc@`BiAdD}B??RAl@FV\R~@BNjA`HqBxAuBzAyB|AuBxAc@Zk@`@e@ZwBxAg@Xs@f@aB`AGc@MqAImBEu@MkCbAw@FQHe@H_AX{Ce@gAiAkCmAqCSPKHCBe@A_@Wi@cAr@kAJSoAyCoAyCZi@`A}Am@cBs@aBsAkCEDK@GCGICMAM@M@GDIFEFAHBDHx@gAZc@TSVMRGF?ARGV?p@?I?g@FW@SG?SFWLUR[b@y@fADJ@L?FCLEJrAjCr@`Bl@bBJSh@{@NUHEHAL?jBb@jA`@OvB]bB_@|@JNTd@PRp@`@`ANVF	Click to Generate
S2	45	1			3	Meersbrook Service Station (S2)	74th Oak Street Scout Group (S2)	Wobbly Wheel Cyclery (S2)	3223	2417	{itdIbe|GAAEAg@WUGSCQ?E@C@GBIDULCHqCvIW~@Of@K^ERADK`@GPI^A@IVCHCFKR[f@LPDFBDF@D@PDPDz@RB?`AT@?TFPB`AVl@NzBf@n@NB?^HNDZ@PGNQh@s@Tg@DWEkAAOHmBN}@RyAFUJ]hB\~Bb@rBjFQDqDo@qEw@IlBFzAEV`@FZ`CFfCw@D@J@p@BrBDlCn@ED?F?v@GbAG?FJtGnBKKsG?GOqKCK@_@@WAIAIoGeAa@GUf@i@r@OPQF[AOE_@IC?o@O{Bg@m@OaAWQCUGA?aAUC?{@SQEQEEAGACEEGMQZg@JSBGBIHW@AH_@FQJa@@EDSJ_@Ng@V_ApCwIBITMHEFCBADAP?RBTFf@VD@@@	Click to Generate
S2	20	1			3	Boots (S2)	Meersbrook Park Church (S2)	Alam Hill Books (S2)	1457	1093	sgtdI`l_Hl@d@X\dAhANPJJEJCFILCHEJKh@ITGXIA??AAAAEICEAEUg@BqAD@T^CjAEJ@DHN@@@@??H@FYAQDq@BKBQJSNMJJPRPTRZ@BBDDHN^LZZ`A[k@KQIQOUOWWa@EGW[QQ[]{@iAMQg@s@[[IIGEGIOMKIGGOIKE]Q{@]BUXq@Vk@DKj@wAxAiDdC}FHLpAvBiC`GiA~C_@hAY~@K^NLFHFDHHZZ??	Click to Generate
S2	60	1			3	Substantial Victorian houses in Norfolk Road (S2)	Path up to the Cholera Monument, Sheffield (S2)	Sheffield Inclusion Centre (S2)	6221	4666	oexdIn}{GkAmBFMn@}Ad@gAGKw@oAv@nAFJuAdDGLwA`DFLHJf@f@RPz@x@tAtABB~@~@DBb@b@FK@CDEDCFAfAQt@M@ABA@C@C@C?C@GCa@c@Fb@GB`@AF?BABABABC@A@}B^G@EBEDABGJc@c@EC_A_ACCuAuA{@y@SQg@g@IKGMCECICImAqEWcAW}@Su@EQCKEKQu@y@}CMi@Kc@HIHKNO`AeANS`AeANSDEFE`@e@dCgDLSXe@JSP_@h@yAzAqEJWhHaTBKBITo@b@sAf@sAL]P]b@}@`@u@d@s@DGFINOTUZ]fBeBRS^]BADEFG~BuBrFgFDEFEzCuCv@u@|@_ARQDEDEx@u@^]nAqA\m@~@cBf@aA^m@`@u@h@_AFMDIP[HMDIDKDEb@w@HKd@{@jBkDj@cABFBFj@lAVj@d@`ATf@Tf@@Bl@rAb@~@FL`@~@b@hARl@?BN`@UTu@t@qBjBw@v@eAbAcA~@I[Ke@GUw@_DCGIUOEIAGA?S?O?KCQKc@e@{AIUCGMc@KKGGIGCCEAK?i@~@a@t@_@l@g@`A_AbB]l@oApA_@\y@t@EDEDSP}@~@w@t@{CtCGDEDsFfF_CtBGFEDC@_@\SRgBdB[\UTAj@?JGnCE|BEtBKtFKxFAPCfAAx@An@Aj@U@C@A@CDgElMiBjEKVYn@ABm@vAmCjGCDuA|CuAdDGLjAlB	Click to Generate
S2	60	1			3	Hillside below the Cholera Monument (S2)	Substantial Victorian houses in Norfolk Road (S2)	Sheffield Inclusion Centre (S2)	5927	4445	k}wdIzs{GiAoBEGGCC?CAI?G@I@E?CAQUCDuA|CuAdDGLwA`DFLHJf@f@RPz@x@tAtABB~@~@DBb@b@FK@CDEDCFA|B_@@ABA@C@C@C?C@GCa@c@F??b@GB`@AF?BABABABC@A@}B^G@EBEDABGJc@c@EC_A_ACCuAuA{@y@SQg@g@IKGMvAaDFMn@}Ad@gAtA}CBElCkGl@wA@CXo@JWhBkEfEmMBE@ABATA@k@@o@@y@BgA@QJyFJuFDuBD}BFoC?K@k@TUZ]fBeBRS^]BADEFG~BuBrFgFDEFEzCuCv@u@|@_ARQDEDEx@u@^]nAqA\m@~@cBf@aA^m@`@u@h@_AFMDIP[HMDIDKDEb@w@HKd@{@jBkDj@cABFBFj@lAVj@d@`ATf@Tf@@Bl@rAb@~@FL`@~@b@hARl@?BN`@UTu@t@qBjBw@v@eAbAcA~@I[Ke@GUw@_DCGIUOEIAGA?S?O?KCQKc@e@{AIUCGMc@KKGGIGCCEAK?i@~@a@t@_@l@g@`A_AbB]l@oApA_@\y@t@EDEDSP}@~@w@t@{CtCGDEDsFfF_CtBGFEDC@_@\SRgBdB[\UTAj@?JGnCE|BEtBKtFKxFAPCfAAx@An@Aj@U@C@A@CDgElMiBjEKVYn@ABm@vAmCjGPTB@D?HAFAH?B@B?FBDFhAnB	Click to Generate
S2	20	1			3	Leaves (S2)	Windy House Lane Pocket Park (S2)	UBU (S2)	1867	1400	qfudI~jvGh@gAVo@Xw@L[d@y@@E@E?C@E?E?G?E?C?EAC?A?EAEAEAGCEAEEG[SmBkAGT]xAENa@jAq@|ASb@Q\_@r@q@z@pBvC??qBwCm@q@A?u@y@{A}AOOELCFCBg@^AGGW??FV@Ff@_@BCBGDMNNzA|At@x@@?l@p@IJcAnAGF{@v@w@^k@^u@Ts@RYDYDg@HG??TBx@Bl@Fj@FX@HDRJ\`AzB`AtBJR@BLYRYBCDINUNY^q@BEzAqC`ByC|A}C^q@`AgBVe@	Click to Generate
S2	30	1			3	Best Pizza (S2)	Leaves (S2)	Windy House Lane Pocket Park (S2)	2315	1736	etudIjcwGIOESCGACOTEHCBSXMXwAfCm@lA]p@k@bAkBjDe@z@CEEIk@mAj@lADHBDd@{@jBkDj@cA\q@N[\q@vAgCACKSaAuBaA{BK]ESAIGYGk@Cm@Cy@?UF?f@IXEXEr@St@Uj@_@v@_@z@w@FGbAoAHKpBvC??qBwCm@q@A?u@y@{A}AOOELCFCBg@^AGGW??FV@Ff@_@BCBGDMNNzA|At@x@@?l@p@IJcAnAGF{@v@w@^k@^u@Ts@RYDYDg@HG??TBx@Bl@Fj@FX@HDRJ\`AzB`AtBJR@BLYRYBCDINUNY@DBDFPXf@?JKRE@O]	Click to Generate
S2	20	1			3	Broadfield Hotel (S2)	Broadfield Park (S2)	The Hardy Pick (S2)	1671	1253	wjtdIlt`H??KKMKSQ]Y]UOKEESOSQKIEh@??Di@CCGGCEEIEIEGKUISCKGMEMCKCMIi@ESESEOGSc@w@GGC[BEHENIPI`@QDC\MJCFCHCDAD?R?@NBJ@F?R@R?JEh@A^Ab@?@EpA?HAHCHAHAFIVEJCHKVKUISCKGMEMCKCMIi@ESESEOGSc@w@GGC[BEHENIPI`@QDC\MJCFCHCDAD?R?P?F?PBD?`@ENCRGDCHGFGBCBEDEv@pBlAzCHPf@{@Se@GO_@}@JSV_@c@r@^|@FNRd@g@z@IQmA{Cw@qBEDCDCBGFIFEBSFOBa@DE?KJIFCBIF?R@R?JEh@A^Ad@EpA?`A?f@?L?P?JBVRPRNDDNJ\T\XRPLJJJ??	Click to Generate
S2	30	1			3	Meersbrook Park Church (S2)	Porcelanosa (S2)	Virgin Crucible (S2)	2786	2090	mbtdIty_Hi@iAEIACE]FYAQDq@BKBQJSNMJJPRPTRZ@BBDDHN^LZZ`A[k@KQIQOUOWWa@EGW[QQ[]{@iAMQGRENADECUK_@QGC@Y?G@IDUDQIIGEGIOMKIGGOIKEA\GnAKnCALCJEFYn@CD?DAD?B?D@D@DXj@fAzBLZFTDRF`@@^E@C@A?C@EBCDe@p@EDCDCBGFIFEBSFSkCCYCUCOIQIWM]Zk@[j@L\HVHPBNBTVdDOBa@DE?KJIFCBIFEACACCCAAGGQCIEMAGEKEOISQk@]u@oAeDg@kAeAgCi@oAMc@Y_ACMCICCEIEGEGGEa@UaAm@kBiAmAs@MIIIGGIIGMEIOc@EKAKCME]K}@Gc@Ks@ASEc@Ce@T@B?H?XAFAF?REZ?b@Av@A\?V?J@H@D@B@JDHDHHTRTTX\PTPTZd@`@n@f@t@f@t@HLFFDHLNDFBBVXLLFDXPNJNHPLTH\Pd@PHBFBZLz@\\PJDNHFFJHNLFHFDHHZZl@d@X\dAhANPJJEJCFILCHEJKh@ITGXD\@BDHh@hA	Click to Generate
S2	45	1			3	Newfield Green Clinic (S2)	Newfield Green Dental Surgery (S2)	Pizza City (S2)	3076	2307	gatdIv|yGHOBCTe@f@aAP]h@eAHKLKBCTAF@JFHLHRDX@\?Z@RA\?H?J?L@H@Jg@r@QXCBa@j@KLKLMJiB`BQNUTKNILSZOXKSGK??FJJRCDGHADOZA@CFGHMRKPKRADMVCFITEHCLKIGGEGGGQKMIm@YIAFu@HsA?Ic@Gb@F?HIrAGt@H@l@XLHPJRAD?@AH?DCHCBGLW@EJSJQLSFIBG@AN[@EFIBEKSGKFJJRCDGHADOZA@CFGHMRKPKRADMVCFITEHCLKIGGEGGGQKMIm@YIAFu@HsA?IBe@@OEQMIK?a@NK@KEGKGOAS?C?WJo@@KPy@Py@H]@GLm@VqADSBKJw@@IAUCQIMICEAQHYTSRQRGDGFIBEA[EBc@J{AFeAF_A@[B[By@@WfATB_@C^gAUAVCx@Ev@G~@GdAKzACb@Gz@?FIfAGt@E`@Kz@EZEXG\Sz@Qv@Wx@Od@MXGNMXSd@EHGHMVHR@BBBHDJ?F?FC`B]r@On@OVGFAF?F?F?PD`@LH@l@XLHPJRAFAH?DCHCBGLW@EJSJQLSFIBG@AN[@EFIBENYR[HMJOTUPOhBaBLKJMJM`@k@BCPYf@s@AKAI?M?K?I@]AS?[A]EYISIMKGGAU@CBMJIJi@dAQ\g@`AUd@CBIN	Click to Generate
S2	20	1			3	I Said Bread (S2)	Kingdom Hall of Jehovah's Witnesses (S2)	Wobbly Wheel Cyclery (S2)	2042	1532	}~sdIzi~GTg@E[IcFImDS@u@@EEKmIVCn@ED?LxIHlDHbFDZuCzG]z@_FfLeA_BdA~AfC_GvAgD\{@tC{GE[IcFImDMyIF?v@GbAG?FJtGL`HuBvEUf@	Click to Generate
S2	30	1			3	Highfield Motors (S2)	Woodbourn Road Stadium (S2)	Sheffield Animal Centre (S2)	2449	1837	ye{dIrxwGSOYY~@cDHc@?q@CSCQCIDKBG??HPDLV[BDDFJYYuAIe@CIc@oBEOK[BIBCPENEREp@q@`@e@HI`@a@TSHSL_@DGHQBGNM@CFQDQJc@He@l@cDHg@`@_CFc@Pu@^qAXZTPNLMp@G\ADQlAd@ZLLAV?\FRN@??VIWHOAGS?]@WMMe@[PmA@EF]Lq@\cAL]LFHF`AdAp@r@NFl@^d@^r@bAxFbGCn@Qd@_AhACDWb@Yz@a@`BOHK@k@EMBGFEFCPALAp@?JAHAHAHCBAFEHe@WmAo@AAKGyBmAqEiC[QOAM?KAKAQAM@SFURa@`@IHa@d@q@p@S\EDWVDNb@nBBHHd@XtAKXo@bBIb@_AbDXXRN	Click to Generate
S2	30	1			3	The Spires Centre (S2)	Springs Leisure Centre (S2)	Pearl Motors (S2)	2567	1925	ywtdIlzwGCk@nBYxASCg@Ag@Ci@A]?_@AS?KAU?y@?q@?_A?e@@]@e@Bg@BW@]Dm@FaABi@Bc@D}@Bu@D}A@}@?G?Y?]?K?_@?]AQASCYF?FDP\N^WNQH?^?J?\?X?FA|@E|ACt@E|@Cb@Ch@G`AEl@A\CVCf@Ad@A\?d@?~@?N?`@?x@@T?J@R?^p@IJC~@Sx@ODE?G??Cu@UBe@nA_ARKBq@H@\Bh@@f@Bf@B`@B^Bd@@HDl@Fx@H|@@BH~@J|@Df@Dd@Bd@F~@Bf@DrABj@@b@?F@z@@f@?p@?z@@`B?rA?B?X?ZAb@?N?L?FAd@Af@Ah@Cn@Al@Cv@fATB_@??C^gAUBw@@m@Bo@@i@@g@@e@?G?M?O@c@?[?Y?C?sAAaB?{@?q@Ag@A{@?GAc@Ck@EsACg@G_ACe@Ee@Eg@K}@I_AACI}@Gy@Em@AICe@C_@Ca@yARoBXBj@	Click to Generate
S2	45	1			3	Virgin Crucible (S2)	The Hardy Pick (S2)	Boots (S2)	3644	2733	}ntdIzp`HMISQKICCGGCEEIEIEGKUISCKGMEMCKCMIi@ESESEOGSc@w@GGC[BEHENIPI`@QDC\MJCFCHCDAD?R?P?F?PBD?`@ENCWeDCUCOIQIWM]Zk@[j@L\HVHPBNBTBXRjCRGDCHGFGBCBEDEv@pBlAzCHPf@{@Se@GO_@}@JSV_@c@r@^|@FNRd@g@z@IQmA{Cw@qBEDCDCBGFIFEBSFOBa@DE?KJIFCBIFEACACCCAAGGQCIEMAGEKEOISQk@]u@oAeDg@kAeAgCi@oAMc@Y_ACMCICCEIEGEGGEa@UaAm@kBiAmAs@MIIIGGIIGMEIOc@EKAKCME]K}@Gc@Ks@ASEc@Ce@T@B?H?XAFAF?REZ?b@Av@A\?V?J@H@D@B@JDHDHHTRTTX\PTPTZd@`@n@f@t@f@t@HLFFDHLNDFBBVXLLFDXPNJNHPLTH\Pd@PHBFBZLz@\\PJDNHFFJHNLFHFDHHZZl@d@X\dAhANPJJEJCFILCHEJKh@ITGXIA??AAAAEICEAEUg@BqAD@T^CjAEJ@DHN@@@@??H@FYAQDq@BKBQJS[]{@iAMQg@s@[[IIGEGIOMKIGGOIKEA\GnAKnCALCJEFYn@CD?DAD?B?D@D@DXj@fAzBLZFTDRF`@@^E@C@A?C@EBCDe@p@EDCDCBGFIFEBSFOBa@DE?KJIFCBIF?R@R?JEh@A^Ad@EpA?`A?f@?L?P?JBVRPLH	Click to Generate
S2	20	1			3	The Co-operative Food (S2)	The Spires Centre (S2)	Springs Leisure Centre (S2)	1562	1172	{stdIv}wGDpA?Xa@Fs@Hc@DOB[FI?MBGsACcAC_@Aa@RIFMHS?]EWEQ??KKWCCe@AYCw@GaB|@Ov@KHCDGBK@SAwAA_B?M@iAByA@i@D}@DkADq@Fq@F{@Do@jAPf@JRBP@E|ACt@E|@Cb@Ch@G`AEl@A\CVCf@Ad@A\?d@?~@?N?`@?x@@T?J@R?^p@IJC~@Sx@ODE?G??Cu@UBe@nA_ARKBq@H@\Bh@@f@Bf@B`@B^Bd@@HDl@Fx@H|@s@Jm@HE@?YEqA	Click to Generate
S2	30	1			3	Nether Edge Primary School (S2)	Broadfield Park (S2)	Virgin Crucible (S2)	2479	1859	kxtdIhpaHEEGGMQJ]BKFWPw@Hc@TkANq@`@_CFc@d@uE^aEL_BFi@BM?EBG@EN]DFDHDHBDFFBBJHRPRNDDNJ\T\XRPQr@CFAFUhAAJ[zAERMj@AD?B?B?D@B@BJFr@d@FDFDl@wCBONu@XwAQWIKKMKKKKMKSQ]Y]UOKEESOSQKICCGGCEEIEIEGKUISCKGMEMCKCMIi@ESESEOGSc@w@GGC[BEHENIPI`@QDC\MJCFCHCDAD?R?@NBJ@F?R@R?JEh@A^Ab@?@EpA?HAHCHAHAFIVEJCHKVKUISCKGMEMCKCMIi@ESESEOGSc@w@GGC[BEHENIPI`@QDC\MJCFCHCDAD?R?P?F?PBD?`@ENCSkCCYCUCOIQIWM]Zk@[j@L\HVHPBNBTVdDOBa@DE?KJIFCBIF?R@R?JEh@A^Ad@EpA?HAHCHAHAFIVEJCHKVO\ADCF?DCLGh@M~A_@`Ee@tEGb@a@~BOp@UjAIb@Qv@GVCJK\LPFFDD	Click to Generate
S2	20	1			3	Leaves (S2)	Windy House Lane Pocket Park (S2)	UBU (S2)	2077	1558	yfudInfvGq@`AMB[\ICm@oAQ\_@r@q@z@pBvC??qBwCm@q@A?u@y@{A}AOOELCFCBg@^AGGW??FV@Ff@_@BCBGDMNNzA|At@x@@?l@p@IJcAnAGF{@v@w@^k@^u@Ts@RYDYDg@HG??TBx@Bl@Fj@FX@HDRJ\`AzB`AtBJR@BLYRYBCDINUNY^q@BEzAqC`ByC|A}C^q@`AgB`AmBVo@Xw@L[d@y@@E@E?C@E?E?G?E?C?EAC?A?EAEAEAGCEAEEG[SmBkAGT]xAENa@jAq@|ASb@l@nAHBZ]LCp@aA	Click to Generate
S2	60	1			3	Burton Roofing Merchants (S2)	Makro (S2)	Manor Park Medical Centre (S2)	5454	4090	g|xdId~uG_@]EO@g@KDOMo@g@UQYSg@g@Sr@Kd@c@`BMf@Ol@St@Of@_@fAS]Vu@Ni@CHK^Wt@R\a@z@u@`BUf@INmAfBOTkAvAUg@O[CISc@Sa@Sa@Q_@??m@bAu@tAVZNPDFV\TXX\RVELGJy@fB]`AK\g@dBSz@UhACPQjAKx@QvAIt@Kr@CNe@xBr@vAP\r@xABFl@hAd@|@@BDJFHFHJJn@f@JF\R~Az@@?B@F@@A@?B?@?BADELUR]v@sBv@wBf@uAb@cBXu@LSJQFIp@i@d@WTMLCf@W`AcAp@s@hC_BNUFOPWZ}@j@_Bd@sA~@oCVs@d@sA^iAL[LUTa@\e@Z[VSXO^Ol@QXORMTS^]v@kANYrBkDp@kACMAM@M@GDIFEFA??HBDHx@gAZc@TSVMRGF?PAjABz@BDgBJ}AJ{@VyB^_DP}AV{BTeBPsAPcAl@kBHO??FMpAeCGyAYyFCi@GoAK{B[QGEIEOMy@g@s@i@q@o@aAgAa@a@QWW]EIOSw@gAIMIGECICW?GBG@MBI?WR[n@uAhFg@nBaEzNk@bCi@`Cy@zDy@tDO`BkAlGE`@?^?^D^D\Lf@Lv@?b@A`@EXETMVONUFU?UEUSqBaBwAsAyAaAKGYOCBOXm@`@cApAYf@[z@f@f@XRTPn@f@NLJEAf@DN^\	Click to Generate
S2	30	1			3	UBU (S2)	Windy House Lane Pocket Park (S2)	Kwik Fit (S2)	2742	2056	_gudItkvGINaAfB_@p@}A|CaBxC{ApCCD_@p@OXOTEHCBSXMXACKSaAuBaA{BK]ESAIGYGk@Cm@Cy@?UF?f@IXEXEr@St@Uj@_@v@_@z@w@FGbAoAHKm@q@A?u@y@{A}AOOELCFCBg@^AGGW??FV@Ff@_@BCBGDMNNzA|At@x@@?l@p@IJcAnAGF{@v@w@^k@^u@Ts@RYDYDg@HG??TBx@Bl@Fj@FX@HDRJ\`AzB`AtBJR@BQZeAjBm@lA]p@k@bAkBjDe@z@CEEIk@mAj@lADHBDd@{@jBkDj@cA\q@l@mAvAgCLYRYBCDINUNY^q@~AwC`ByC|A}C^q@`AgBHO	Click to Generate
S2	45	1			3	Gleadless Medical Centre (S2)	Pizza City (S2)	Arbourthorne Community Primary School (S2)	3272	2454	abtdId~yGb@}@BCTe@f@aAP]h@eAHKLKBCTAF@JFHLHRDX@\?Z@RA\?H?J?L@H@Jg@r@QXCBa@j@KLKLMJiB`BQNUTKNILSZOXCDGHADOZA@CFGHMRKPKRADHNZl@??[m@IOMVCFITEHCLKIGGEGGGQKMIm@YIAFu@HsA?IBe@@OEQMIK?a@NK@KEGKGOAS?C?WJo@@KPy@Py@H]@GLm@VqADSBKJw@@IAUCQIMICEAQHYTSRQRGDGFIBEA[EBc@J{AFeAF_A@[B[By@@WBw@@m@Bo@@i@@g@@e@?G?M?O@c@G@MFa@Po@\aAj@a@VSLYPiBpAg@\e@\}@r@y@n@EBPbBJ|@D^Lr@Lp@BLFXDJJKHGFADDDJBFFFBAtAy@??uAx@C@GGCGEKEEG@IFKJFRJ\BDFNLZNRPZZ^LJJHRRNJh@b@h@\j@\TL^RSz@Qv@Wx@Od@MXGNMXSd@EHGHMVHR@BBBHDJ?F?FC`B]r@On@OVGFAF?F?F?PD`@LH@l@XLHPJRAFAH?DCHCBGLW@EJSJQLSFIBG@AN[@EFIBENYR[HMJOTUPOhBaBLKJMJM`@k@BCPYf@s@AKAI?M?K?I@]AS?[A]EYISIMKGGAU@CBMJIJi@dAQ\g@`AUd@CBc@|@	Click to Generate
S2	30	1			3	Temple Park Centre (S2)	Castle View Park (S2)	Hair & Beauty Lounge (S2)	2995	2246	c{wdIravGEKCCGGIGICGAG?GBWVCDC?A?MIp@kACMAM@M@GDIFEFAHBDHx@gAZc@TSVMRGF?ARGV?p@?I?g@FW@SG?SFWLUR[b@y@fADJ@L?FCLEJrAjCr@`Bl@bBJSh@{@NUHEHAL?jBb@jA`@zBp@^Lp@T|Ah@l@^Zb@Pb@BH@DHd@Dr@A`AKv@ENe@jAe@aAQUyDq@WGaAOq@a@QSUe@KO^}@\cBNwBkAa@kBc@M?I@IDOTi@z@KRm@cBs@aBsAkCEDK@GCGICMAM@M@GDIFEFAHBDHx@gAZc@TSVMRGF?PAjABz@Bf@Dp@Ap@Kr@c@v@_A~@mB\q@Vg@Cm@??^w@ZHq@tAEDWf@]p@_AlBw@~@s@b@q@Jq@@g@E{@CkACQ@G?SFWLUR[b@y@fADJ@L?FCLEJEDK@GCGIq@jALH@?B?BEVWFCF?F@HBHFFFBBDJ	Click to Generate
S2	45	1			3	Arbourthorne Community Primary School (S2)	Zakwetu (S2)	Newfield Green Dental Surgery (S2)	3642	2732	_otdItkyG?JEv@G~@GdAKzACb@Gz@?FIfAGt@E`@Kz@EZEXG\_@SUMk@]i@]i@c@OKSSKIMK[_@Q[OSM[GOCEK]GSJKHGFADDDJBFFFBAtAy@??uAx@C@GGCGEKEEG@IFKJFRJ\BDFNLZNRPZZ^LJJHRRNJh@b@h@\j@\TL^RSz@Qv@Wx@Od@MXGNMXSd@EHGHMVHR@BBBHDJ?F?FC`B]r@On@OVGFAF?F?F?PD`@LH@l@XLHPJRAFAH?DCHCBGLW@EJSJQLSFIBG@AN[@EFIBENYR[HMJOTUPOhBaBLKJMJM`@k@BCPYf@s@AKAI?M?K?I@]AS?[A]EYISIMKGGAU@CBMJIJi@dAQ\g@`AUd@CBi@hA[l@dAwBBCTe@f@aAP]h@eAHKLKBCTAF@JFHLHRDX@\?Z@RA\?H?J?L@H@Jg@r@QXCBa@j@KLKLMJiB`BQNUTKNILSZOXCDGHADOZA@CFGHMRKPKRADMVCFITEHCLKIGGEGGGQKMIm@YIAFu@HsA?Ic@Gb@F?HIrAGt@H@l@XLHPJRAD?@AH?DCHCBGLW@EJSJQLSFIBG@AN[@EFIBEKSGKFJJRCDGHADOZA@CFGHMRKPKRADMVCFITEHCLKIGGEGGGQKMIm@YIAFu@HsA?IBe@@OEQMIK?a@NK@KEGKGOAS?C?WJo@@KPy@Py@H]@GLm@VqADSBKJw@@IAUCQIMICEAQHYTSRQRGDGFIBEA[EBc@J{AFeAF_ADw@?K	Click to Generate
S2	20	1			3	Noble and Wylie (S2)	Broadfield Park (S2)	Virgin Crucible (S2)	1727	1295	ertdIbp`H@I?EBG@EN]DFDHDHBDFFBBJHRPRNDDNJ\T\XBBNLQr@CFAFWtA[zAERMj@AD?B?B?D@B@BJFr@d@FDFDl@wCBONu@XwAQWIKKMKKKKMKSQ]Y]UOKEESOSQKICCGGCEEIEIEGKUISCKGMEMCKCMIi@ESESEOGSc@w@GGC[BEHENIPI`@QDC\MJCFCHCDAD?R?@NBJ@F?R@R?JEh@A^Ab@?@EpA?HAHCHAHAFIVEJCHKVKUISCKGMEMCKCMIi@ESESEOGSc@w@GGC[BEHENIPI`@QDC\MJCFCHCDAD?R?P?F?PBD?`@ENCSkCCYCUCOIQIWM]Zk@[j@L\HVHPBNBTVdDOBa@DE?KJIFCBIF?R@R?JEh@A^Ad@EpA?HAHCHAHAFIVEJCHKVO\ADCF?DAH	Click to Generate
S2	30	1			3	Well Pharmacy (S2)	Terry Wright Community Hall (S2)	Pizza City (S2)	2172	1629	yetdIjnzG[m@IO@EJSJQLSFIBG@AN[@EFIBENYR[HMJO??TUPOhBaBLKJMJMIS?C?G@M??j@y@BCZi@LKH??L@H@Jg@r@QXCBa@j@KLKLMJiB`BQNUTKNILSZOXCDGHADOZA@CFGHMRKPKRADMVCFITEHCLKIGGEGGGQKMIm@YIAFu@HsA?IBe@@OEQMIK?a@NK@KEGKGOAS?C?WJo@@KPy@Py@H]@GLm@VqADSBKJw@@IAUCQIMICEAQHYTSRQRGDGFIBEA[EBc@J{AFeAF_A@[B[By@@WfATB_@C^gAUAVCx@Ev@G~@GdAKzACb@Gz@?FIfAGt@E`@Kz@EZEXG\Sz@Qv@Wx@Od@MXGNMXSd@EHGHMVHR@BBBHDJ?F?FC`B]r@On@OVGFAF?F?F?PD`@LH@l@XLHPJRAFAH?DCHCBGLWHNZl@	Click to Generate
S2	45	1			3	Leaves (S2)	UBU (S2)	Windy House Lane Pocket Park (S2)	3267	2450	yfudIjkvGp@sAVo@Xw@L[d@y@@E@E?C@E?E?G?E?C?EAC?A?EAEAEAGCEAEEG[SmBkAGT]xAENa@jAq@|ASb@Q\_@r@q@z@pBvC??qBwCIJcAnAGF{@v@w@^k@^u@Ts@RYDYDg@HG??TBx@Bl@Fj@FX@HDRJ\`AzB`AtBJR@BLYRYBCDINUNY^q@BEzAqC`ByC|A}C^q@`AgB`AmBVo@Xw@L[d@y@@E@E?C@E?E?G?E?C?EAC?A?EAEAEAGCEAEEG[SmBkA_BcAsA}@UQGXS|@u@rBq@jAy@jAc@f@INCHOOELCFCBg@^AGGW??FV@Ff@_@BCBGDMNNBIHOb@g@x@kAp@kAt@sBR}@FYNc@`BfAXPb@`@RLHDDBXPjBnAh@?H?FALCJEHGHKFMN]FSTw@DOP_ABONYJg@DUDUBE@CBAB?B?D?D@DD^|@Tn@N\Rl@Jd@@HAd@ATCNENENGVGTEPKRi@F_@DODM@{@FWTO@]BK@GBC@IDGBIHEDEDABCBgB|Cq@rA	Click to Generate
S2	60	1			3	Substantial Victorian houses in Norfolk Road (S2)	Path up to the Cholera Monument, Sheffield (S2)	Cholera Monument, Sheffield (S2)	7998	5998	cj{dI|t_HFIRYRQBCHG@ALIHWBEJ[h@oCPcAXkBFi@Jq@ZsBPqAFk@v@qGHa@RYX]~@iADEXa@Ta@LSVi@L[DMVu@BGBIBKZs@\{@HSF]Pg@Ns@FY@IFa@Jy@Be@Be@@c@@G?Q?k@?ICw@?]By@PeDDcA@OLcBLaALq@No@HYJa@Na@Pg@BIPc@FMPe@Vc@Zk@`@m@FKPUb@g@TYBEPUNUPUPUFKDMTc@DKDSHUBMBKBWDa@BUBa@Ba@@_@Bk@Bo@Dq@?MBe@@a@B[DaAHkBD_AHkAF{@Fs@Da@Fc@Ju@DSP_ADSJa@DKLa@`@q@DE^e@ZQDC@ALA@?F?D@B@B@B@BBBBBDDFFLDFBH?D@B@B?@?BBTBf@Fh@D\DZDZJl@Jl@J^H\X`A^vANh@Nh@Pr@T`ATv@DNBDDHDDFBJDH@D?B@BAFENMFCJE@?HAHAJB\NLCHEFERM@ADA\U@ABCROx@q@XWt@k@DEBAFEHILKFEFE\WZWtCkCf@k@t@w@VYX]hAmAVWHIHKNO`AeANS`AeANSDEFE`@e@dCgDLSXe@DJDDB@F?NGzAo@bAa@JGDIFKDHFFVPd@`@|CdCiBjEKVYn@ABm@vAmCjGCDuA|Ce@fAo@|AGLwA`DFLHJf@f@RPz@x@tAtABB~@~@DBb@b@FK@CDEDCFAfAQt@M@ABA@C@C@C?C@GCa@c@Fb@GB`@AF?BABABABC@A@}B^G@EBEDABGJc@c@EC_A_ACCuAuA{@y@SQg@g@IKGMvAaDjAlBIZADAF?D?\?z@?F@DBFBFCGCGAE?G?{@?]?E@G@EH[??kAmBwA`DCECICImAqEWcAW}@Su@EQCKEKQu@y@}CMi@Kc@WViAlAY\WXu@v@g@j@uCjC[V]VGDGDMJIHGDC@EDu@j@YVy@p@SNCBA@GRCJAHAJAL?J@N?PBT@Nr@tCBZ@\AZAJI`@GT]Xa@XIDMDG@G?E?G?GAq@SOGe@D_@?WAg@MQ@WBODUFE@a@HQBOCMEGEEEGGKQW_@oB}BgAqAIGY_@c@]AAEECCKOE|@Cb@EfACb@A`@C\C`@CVG\ETELGTGPITGPS\ILGHKNGFOPONc@d@UXIJGFILKNQTKNMTOXKXQf@Oh@ERGTCJWbAMn@QdAU~@IZEPCTCZAPARAPA\@X@\@TFh@D\BNFTHTL^DHd@hAFNBB@R?TAPCNCJEDGHIDIEy@_@C?K?C@G@A@EBEHCFGFO|ACTAPCJCNCPGTGRGPIVGNQRIR]z@[r@CJCHCFWt@ELMZIr@Y`Bm@tCgBpICLAN?PE?mAcAQpA[rBKp@Gh@YjBQbAi@nCKZCDIVMHA@IFCBSPSXGH	Click to Generate
S2	45	1			3	The Hardy Pick (S2)	Virgin Crucible (S2)	Boots (S2)	3669	2752	intdIlq`HGEEESOSQKICCGGCEEIEIEGKUISCKGMEMCKCMIi@ESESEOGSc@w@GGC[BEHENIPI`@QDC\MJCFCHCDAD?R?P?F?PBD?`@ENCRGDCHGFGBCBEDEv@pBlAzCHPf@{@Se@GO_@}@JSV_@c@r@^|@FNRd@g@z@IQmA{Cw@qBEDCDCBGFIFEBSFSkCCYCUCOIQIWM]Zk@[j@L\HVHPBNBTVdDOBa@DE?KJIFCBIFEACACCCAAGGQCIEMAGEKEOISQk@]u@oAeDg@kAeAgCi@oAMc@Y_ACMCICCEIEGEGGEa@UaAm@kBiAmAs@MIIIGGIIGMEIOc@EKAKCME]K}@Gc@Ks@ASEc@Ce@T@B?H?XAFAF?REZ?b@Av@A\?V?J@H@D@B@JDHDHHTRTTX\PTPTZd@`@n@f@t@f@t@HLFFDHLNDFBBVXLLFDXPNJNHPLTH\Pd@PHBFBZLz@\\PJDNHFFJHNLFHFDHHZZl@d@X\dAhANPJJEJCFILCHEJKh@ITGXIA??AAAAEICEAEUg@BqAD@T^CjAEJ@DHN@@@@??H@FYAQDq@BKBQJS[]{@iAMQg@s@[[IIGEGIOMKIGGOIKEA\GnAKnCALCJEFYn@CD?DAD?B?D@D@DXj@fAzBLZFTDRF`@@^E@C@A?C@EBCDe@p@EDCDCBGFIFEBSFOBa@DE?KJIFCBIF?R@R?JEh@A^Ad@EpA?`A?f@?L?P?JBVRPRNDDFD	Click to Generate
S2	30	1			3	Temple Park Centre (S2)	Castle View Park (S2)	Manor Park Medical Centre (S2)	2423	1817	wfwdIpmuG??Bl@Wf@]p@_AlBw@~@s@b@q@Jq@@g@E{@CkACQ@ARGV?p@?I?g@FW@SG?SFWLUR[b@y@fADJ@L?FCLEJrAjCr@`Bl@bBJSh@{@NUHEHAL?jBb@jA`@zBp@^Lp@T|Ah@l@^Zb@Pb@BH@DHd@Dr@A`AKv@ENe@jAe@aAQUyDq@WGaAOq@a@QSUe@KO^}@\cBNwBkAa@kBc@M?I@IDOTi@z@KRm@cBs@aBsAkCEDK@GCGICMAM@M@GDIFEFA??HBDHx@gAZc@TSVMRGF?PAjABz@Bf@Dp@Ap@Kr@c@v@_A~@mB\q@Vg@Cm@	Click to Generate
S2	45	1			3	Gleadless Medical Centre (S2)	Pizza City (S2)	Arbourthorne Community Primary School (S2)	3262	2446	{atdIz}yG\s@BCTe@f@aAP]h@eAHKLKBCTAF@JFHLHRDX@\?Z@RA\?H?J?L@H@Jg@r@QXCBa@j@KLKLMJiB`BQNUTKNILSZOXCDGHADOZA@CFGHMRKPKRADHNZl@??[m@IOMVCFITEHCLKIGGEGGGQKMIm@YIAFu@HsA?IBe@@OEQMIK?a@NK@KEGKGOAS?C?WJo@@KPy@Py@H]@GLm@VqADSBKJw@@IAUCQIMICEAQHYTSRQRGDGFIBEA[EBc@J{AFeAF_A@[B[By@@WBw@@m@Bo@@i@@g@@e@?G?M?O@c@G@MFa@Po@\aAj@a@VSLYPiBpAg@\e@\}@r@y@n@EBPbBJ|@D^Lr@Lp@BLFXDJJKHGFADDDJBFFFBAtAy@??uAx@C@GGCGEKEEG@IFKJFRJ\BDFNLZNRPZZ^LJJHRRNJh@b@h@\j@\TL^RSz@Qv@Wx@Od@MXGNMXSd@EHGHMVHR@BBBHDJ?F?FC`B]r@On@OVGFAF?F?F?PD`@LH@l@XLHPJRAFAH?DCHCBGLW@EJSJQLSFIBG@AN[@EFIBENYR[HMJOTUPOhBaBLKJMJM`@k@BCPYf@s@AKAI?M?K?I@]AS?[A]EYISIMKGGAU@CBMJIJi@dAQ\g@`AUd@CB]r@	Click to Generate
S2	20	1			3	Leaves (S2)	Windy House Lane Pocket Park (S2)	UBU (S2)	1867	1400	gfudIljvG^u@Vo@Xw@L[d@y@@E@E?C@E?E?G?E?C?EAC?A?EAEAEAGCEAEEG[SmBkAGT]xAENa@jAq@|ASb@Q\_@r@q@z@pBvC??qBwCm@q@A?u@y@{A}AOOELCFCBg@^AGGW??FV@Ff@_@BCBGDMNNzA|At@x@@?l@p@IJcAnAGF{@v@w@^k@^u@Ts@RYDYDg@HG??TBx@Bl@Fj@FX@HDRJ\`AzB`AtBJR@BLYRYBCDINUNY^q@BEzAqC`ByC|A}C^q@`AgB`@w@	Click to Generate
S2	30	1			3	Porcelanosa (S2)	The Hardy Pick (S2)	Mandala (S2)	2699	2024	{ctdIbw_HAAACE]FYAQDq@BKBQJS[]{@iAMQGRENADECUK_@QGC@Y?G@IDUDQIIGEGIOMKIGGOIKEA\GnAKnCALCJEFYn@CD?DAD?B?D@D@DXj@fAzBLZFTDRF`@@^E@C@A?C@EBCDe@p@v@pBlAzCHPf@{@Se@GO_@}@JSV_@c@r@^|@FNRd@g@z@IQmA{Cw@qBEDCDCBGFIFEBSFOBa@DE?KJIFCBIFEACACCCAAGGQCIEMAGEKEOISQk@]u@oAeDg@kAeAgCi@oAMc@Y_ACMCICCEIEGEGGEa@UaAm@kBiAmAs@MIIIGGIIGMEIOc@EKAKCME]K}@Gc@Ks@ASEc@Ce@T@B?H?XAFAF?REZ?b@Av@A\?V?J@H@D@B@JDHDHHTRTTX\PTPTZd@`@n@f@t@f@t@HLFFDHLNDFBBVXLLFDXPNJNHPLTH\Pd@PHBFBZLz@\\PHB@@NHFFJHNLFHFDHHZZl@d@X\dAhANPJJEJCFILCHEJKh@ITGXD\@B@@	Click to Generate
S2	30	1			3	Diocese of Hallam Pastoral Centre (S2)	Woodbourn Road Stadium (S2)	Sheffield Animal Centre (S2)	2707	2030	_e{dIjmwG??CFEJBHBPBR?p@Ib@_AbDXXRNDBZXJ^?^?RE~AbBPH@n@JHBZDEg@K_BAKASOmBm@sC_AaEYuAIe@CIc@oBEOK[BIBCPENEREp@q@`@e@HI`@a@TSHSL_@DGHQBGNM@CFQDQJc@He@l@cDHg@`@_CFc@Pu@^qAXZTPNLMp@G\ADQlAd@ZLLAV?\FRN@??VIWHOAGS?]@WMMe@[PmA@EF]Lq@\cAL]LFHF`AdAp@r@NFl@^d@^r@bAxFbGCn@Qd@_AhACDWb@Yz@a@`BOHK@k@EMBGFEFCPALAp@?JAHAHAHCBAFEHe@WmAo@AAKGyBmAqEiC[QOAM?KAKAQAM@SFURa@`@IHa@d@q@p@S\EDWVDNb@nBBHHd@XtAKXEGCEWZEMIQ	Click to Generate
S2	60	1			3	Path near the Cholera Monument, Sheffield (S2)	Sheffield Inclusion Centre (S2)	Manor Fields (S2)	7359	5519	c|wdI`f|Gb@GB`@AF?BABABABC@A@}B^G@EBEDABGJc@c@EC_A_ACCuAuA{@y@SQg@g@IKGMvAaDjAlBIZADAF?D?\?z@?F@DBFBFCGCGAE?G?{@?]?E@G@EH[??kAmBFMtAeDtA}CBElCkGl@wA@CXo@JWhBkEfEmMBE@ABATA@k@@o@@y@BgA@QJyFJuFDuBD}BFoC?K@k@TUZ]fBeBRS^]BADEFG~BuBrFgFDEFEzCuCv@u@|@_ARQDEDEx@u@^]nAqA\m@~@cBf@aA^m@`@u@h@_AFMDIP[HMDIDKDEb@w@HKd@{@jBkDj@cABFBFj@lAVj@d@`ATf@Tf@@Bl@rAb@~@FL`@~@b@hARl@?BN`@UTu@t@qBjBw@v@eAbAcA~@I[Ke@GUw@_DCGIUOEIAGA?S?O?KCQKc@e@{AIUCGMc@KKGGIGCCEAK?i@~@a@t@_@l@g@`A_AbB]l@oApA_@\y@t@EDEDSP}@~@c@kBd@g@jBu@nCgBVa@^mBYyAaAmFu@cEY_Ba@yBkAaHCOS_AW]m@GS@??eD|BaBhAOb@f@rCjAhHuBxAc@Zk@`@e@ZwBxAg@Xs@f@xApKtAxKr@vE_CtBGFEDC@_@\SRgBdB[\UTAj@?JGnCE|BEtBKtFKxFAPCfAAx@An@Aj@U@C@A@CDgElMiBjEKVYn@ABm@vAmCjGCDuA|CuAdDGLwA`DFLHJf@f@RPz@x@tAtABB~@~@DBb@b@FK@CDEDCFA|B_@@ABA@C@C@C?C@GCa@c@F	Click to Generate
S2	60	1			3	Burton Roofing Merchants (S2)	Makro (S2)	Mather Community Park (S2)	5847	4385	q_ydIdzuGEEUQYSg@g@Sr@Kd@c@`BMf@Ol@St@Of@_@fAS]Vu@Ni@CHK^Wt@R\a@z@u@`BUf@INmAfBOTkAvA[f@u@~@SWY]UYW]EGOQW[t@uAl@cA??P^R`@R`@Rb@BHNZTf@jAwANUlAgBHOTg@t@aB`@{@^gANg@Ru@Nm@Lg@b@aBJe@Rs@Z{@Xg@bAqAF]Dc@Ca@CW@UFWFMDEHEJAFBD@HJDJDLVx@P`@h@`@^Ph@Jb@F\EPINMNSN_@dA{D|@mD~@mD^aBfAiFv@qDXuA`@eBz@{F|@_Ft@gEr@}DB[@O?OEUA_@A_@C]I[KSKOGGoBiBeCuB}AeAo@a@o@_@k@bECLIn@y@jFq@xE]rBUhAtAlAf@b@j@l@U|@]z@e@|@s@v@g@`@MJ_Bt@Ks@SaBn@wA`@gAZ_A\oADWFUTiA\sBp@yEx@kFHo@BMj@cEJg@xDfCtBjBpAjAPNDD\ZTVHFHDF@F?HEFEDCPCJ@VJXRXRPVJNDNHd@Fd@@P?PARAPIVGNIHGBG@MBI?WR[n@uAhFg@nBaEzNk@bCi@`Cy@zDy@tDO`BkAlGE`@?^?^D^D\Lf@Lv@?b@A`@EXETMVONUFU?UEUSqBaBwAsAyAaAKGYOCBOXm@`@cApAYf@[z@f@f@XRTPDD	Click to Generate
S2	20	1			3	Wobbly Wheel Cyclery (S2)	Daughters (S2)	74th Oak Street Scout Group (S2)	1638	1228	u_tdIf{}GRAMyIF?v@GbAG?FJtGL`HlBIDbBmClGkBfEgAdCqAwBIM\{@~BsFTg@E[IcFImDMyIE?o@DEmCCsBAq@AKv@EJ~HLxIS@	Click to Generate
S2	20	1			3	Anna Roberts (S2)	Virgin Crucible (S2)	The Hardy Pick (S2)	1818	1364	motdInp`H@@RNDDNJ\T\XRPQr@CFAFWtA[zAERMj@AD?B?B?D@B@BJFr@d@FDFDl@wCBONu@XwAQWIKKM??KKKKMKSQ]Y]UOKEESOSQKICCGGCEEIEIEGKUISCKGMEMCKCMIi@ESESEOGSc@w@GGC[BEHENIPI`@QDC\MJCFCHCDAD?R?P?F?PBD?`@ENCWeDCUCOIQIWM]Zk@[j@L\HVHPBNBTBXRjCRGDCHGFGBCBEDEv@pBlAzCHPf@{@Se@GO_@}@JSV_@c@r@^|@FNRd@g@z@IQmA{Cw@qBEDCDCBGFIFEBSFOBa@DE?KJIFCBIF?R@R?JEh@A^Ad@EpA?`A?f@?L?P?JBVPN	Click to Generate
S2	30	1			3	Leaves (S2)	Windy House Lane Pocket Park (S2)	UBU (S2)	2605	1954	}dudIfhvGINVo@Xw@L[d@y@@E@E?C@E?E?G?E?C?EAC?A?EAEAEAGCEAEEG[SmBkAGT]xAENa@jAq@|ASb@Q\_@r@q@z@pBvC??qBwCm@q@A?u@y@{A}AOOELCFCBg@^AGGW??FV@Ff@_@BCBGDMNNzA|At@x@@?l@p@IJcAnAGF{@v@w@^k@^u@Ts@RYDYDg@HG??TBx@Bl@Fj@FX@HDRJ\`AzB`AtBJR@BLYRYBCDINUNY^q@BEzAqC`ByC|A}C^q@`AgB`AmBVo@Xw@L[d@y@Ra@DIJUHOJSJQ`@_AN]FSTw@DOP_ABONYJg@DUDUBE@CBAB?B?D?D@DD^|@Tn@N\Rl@Jd@@HAd@ATCNENENGVGTEPKRi@F_@DODM@{@FWTO@]BK@GBC@IDGBIHEDEDABCB}AlC	Click to Generate
S2	20	1			3	Casa Italia (S2)	Alam Hill Books (S2)	Boots (S2)	1709	1282	aktdIde_HS_@QYEJWj@Yp@CTz@\\PJDNHFFJHNLFHFDHHZZPNZTELg@s@[[IIGEGIOMKIGGOIKE]Q{@]BUXq@Vk@DKj@wAxAiDdC}FHLpAvBiC`GiA~C_@hAY~@K^NLFHFDHHZZl@d@X\dAhANPJJEJCFILCHEJKh@ITGXIA??AAAAEICEAEUg@BqAD@T^CjAEJ@DHN@@@@??H@FYAQDq@BKBQJS[]{@iAMQg@s@[[IIGEGIOMKIGGOIKE]Q{@]BUXq@Vk@DKPXR^	Click to Generate
S2	60	1			3	Path near the Cholera Monument, Sheffield (S2)	Sheffield Inclusion Centre (S2)	Manor Fields (S2)	7164	5373	g~wdInh|G_@FG@EBEDABGJc@c@EC_A_ACCuAuA{@y@SQg@g@IKGMvAaDjAlBIZADAF?D?\?z@?F@DBFBFCGCGAE?G?{@?]?E@G@EH[??kAmBFMtAeDtA}CBElCkGl@wA@CXo@JWhBkEfEmMBE@ABATA@k@@o@@y@BgA@QJyFJuFDuBD}BFoC?K@k@TUZ]fBeBRS^]BADEFG~BuBrFgFDEFEzCuCv@u@|@_ARQDEDEx@u@^]nAqA\m@~@cBf@aA^m@`@u@h@_AFMDIP[HMDIDKDEb@w@HKd@{@jBkDj@cABFBFj@lAVj@d@`ATf@Tf@@Bl@rAb@~@FL`@~@b@hARl@?BN`@UTu@t@qBjBw@v@eAbAcA~@I[Ke@GUw@_DCGIUOEIAGA?S?O?KCQKc@e@{AIUCGMc@KKGGIGCCEAK?i@~@a@t@_@l@g@`A_AbB]l@oApA_@\y@t@EDEDSP}@~@c@kBd@g@jBu@nCgBVa@^mBYyAaAmFu@cEY_Ba@yBkAaHCOS_AW]m@GS@??eD|BaBhAOb@f@rCjAhHuBxAc@Zk@`@e@ZwBxAg@Xs@f@xApKtAxKr@vE_CtBGFEDC@_@\SRgBdB[\UTAj@?JGnCE|BEtBKtFKxFAPCfAAx@An@Aj@U@C@A@CDgElMiBjEKVYn@ABm@vAmCjGCDuA|CuAdDGLwA`DFLHJf@f@RPz@x@tAtABB~@~@DBb@b@FK@CDEDCFA^G	Click to Generate
S2	20	1			3	Arman Food Store (S2)	Virgin Crucible (S2)	The Hardy Pick (S2)	1818	1364	sotdIhp`HFFRNDDNJ\T\XRPQr@CFAFWtA[zAERMj@AD?B?B?D@B@BJFr@d@FDFDl@wCBONu@XwAQWIKKMEEEEKKMKSQ]Y]UOKEESOSQKICCGGCEEIEIEGKUISCKGMEMCKCMIi@ESESEOGSc@w@GGC[BEHENIPI`@QDC\MJCFCHCDAD?R?P?F?PBD?`@ENCWeDCUCOIQIWM]Zk@[j@L\HVHPBNBTBXRjCRGDCHGFGBCBEDEv@pBlAzCHPf@{@Se@GO_@}@JSV_@c@r@^|@FNRd@g@z@IQmA{Cw@qBEDCDCBGFIFEBSFOBa@DE?KJIFCBIF?R@R?JEh@A^Ad@EpA?`A?f@?L?P?JBVJH	Click to Generate
S2	20	1			3	Temple Park Centre (S2)	Manor Park Medical Centre (S2)	Castle View Park (S2)	1839	1379	}wwdIbhvGCSCINWs@aBsAkCEDK@GCGICMAM@M@GDIFEFAHBDHx@gAZc@TSVMRGF?ARGV?p@?I?g@FW@SG?SFWLUR[b@y@fADJ@L?FCLEJEDK@GCGICMAM@M@GDIFEFA??HBDHDJ@L?FCLEJrAjCr@`Bl@bBJSh@{@NUHEHAL?jBb@jA`@zBp@^Lp@T|Ah@l@^Zb@Pb@BH@DHd@Dr@A`AKv@ENe@jAe@aAQUyDq@WGaAOq@a@QSUe@KOa@n@mBxCoAyCoAyCZi@IOR_@F[?SA[CO	Click to Generate
S2	20	1			3	Valley Road Garage (S2)	International Automatic Cars (S2)	Casa Italia (S2)	1722	1292	sftdIrx~GvAgD\{@~@wBtAcDtBwElBIDbBmClGkBfEgAdCqAwBIM_FfLk@vAPXVd@H@t@aBu@`BIACES_@QYEJWj@Yp@CTz@\\PJDNHFFJHNLFHFDHHZZPNZTELg@s@[[IIGEGIOMKIGGOIKE]Q{@]BUXq@Vk@DKj@wAfC_G	Click to Generate
S2	30	1			3	Temple Park Centre (S2)	Castle View Park (S2)	Hair & Beauty Lounge (S2)	2973	2230	k|wdIlavG_@l@KWESC?A?MIp@kACMAM@M@GDIFEFAHBDHx@gAZc@TSVMRGF?ARGV?p@?I?g@FW@SG?SFWLUR[b@y@fADJ@L?FCLEJrAjCr@`Bl@bBJSh@{@NUHEHAL?jBb@jA`@zBp@^Lp@T|Ah@l@^Zb@Pb@BH@DHd@Dr@A`AKv@ENe@jAe@aAQUyDq@WGaAOq@a@QSUe@KO^}@\cBNwBkAa@kBc@M?I@IDOTi@z@KRm@cBs@aBsAkCEDK@GCGICMAM@M@GDIFEFAHBDHx@gAZc@TSVMRGF?PAjABz@Bf@Dp@Ap@Kr@c@v@_A~@mB\q@Vg@Cm@??^w@ZHq@tAEDWf@]p@_AlBw@~@s@b@q@Jq@@g@E{@CkACQ@G?SFWLUR[b@y@fADJ@L?FCLEJEDK@GCGIq@jALH@?B?BEVWFCF?F@HBENEH	Click to Generate
S2	30	1			3	UBU (S2)	Leaves (S2)	Sheffield Inclusion Centre (S2)	2752	2064	iwudInewGP[LYRYBCDINUNY^q@BEzAqC`ByC|A}C^q@`AgB`AmBVo@Xw@L[d@y@@E@E?C@E?E?G?E?C?EAC?A?EAEAEAGCEAEEG[SmBkAGT]xAENa@jAq@|ASb@Q\_@r@q@z@pBvC??qBwCIJcAnAGF{@v@w@^k@^u@Ts@RYDYDg@HG??TBx@Bl@Fj@FX@HDRJ\`AzB`AtBJR@BwAfCm@lA]p@BFBFj@lAVj@d@`ATf@Tf@@Bl@rAb@~@FL`@~@b@hARl@?BN`@UTu@t@qBjBw@v@eAbAcA~@I[Ke@GUw@_DCGIUOEIAGA?S?O?KCQKc@e@{AIUCGMc@EQCE?EAGAG?CAI?I@I?I@E@CDIDKDEb@w@HKd@{@jBkDj@cA\q@l@mAdAkB	Click to Generate
S2	30	1			3	GoLocalExtra (S2)	UBU (S2)	Windy House Lane Pocket Park (S2)	2510	1882	_kudIdpvGqBwCp@{@^s@P]Rc@p@}A`@kADO\yAFU_BcAFk@XPb@`@RLHDDBXPjBnAh@?H?FALCJEHGHKFMN]FSTw@DOP_ABONYJg@DUDUBE@CBAB?B?D?D@DD^|@Tn@N\Rl@Jd@@HAd@ATCNENENGVGTEPKRi@F_@DODM@{@FWTO@]BK@GBC@IDGBIHEDEDABCBgB|Cq@rAOXaAfB_@p@}A|CaBxC{ApCCD_@p@OXOTEHCBSXMXACKSaAuBaA{BK]ESAIGYGk@Cm@Cy@?UF?f@IXEXEr@St@Uj@_@v@_@z@w@FGbAoAHKm@q@A?u@y@{A}AOOELCFCBg@^AGGW??FV@Ff@_@BCBGDMNNzA|At@x@@?l@p@pBvC	Click to Generate
S2	45	1			3	Bronze & Polished (S2)	Sheffield Inclusion Centre (S2)	Leaves (S2)	3077	2308	syudI`iwGBEvAgCLYRYBCDINUNYJORa@~AwC`ByC|A}C@DHNf@bALZBFPh@Lb@?BH\Jt@Hv@Dh@@JIJMRQ^]r@m@nA@TPvBNjCHhBFjAD|ADlAB~@G?I@MHo@l@k@h@k@h@gAdAa@^WTUTu@t@qBjBw@v@eAbAcA~@I[Ke@GUw@_DCGIUOEIAGA?S?O?KCQKc@e@{AIUCGMc@EQCE?EAGAG?CAI?I@I?I@E@CDIDKDEb@w@HKd@{@jBkDj@cA\q@l@mAvAgCACKSaAuBaA{BK]ESAIGYGk@Cm@Cy@?UF?f@IXEXEr@St@Uj@_@v@_@z@w@FGbAoAHKpBvC??qBwCIJcAnAGF{@v@w@^k@^u@Ts@RYDYDg@HG??TBx@Bl@Fj@FX@HDRJ\`AzB`AtBJR@BwAfCCD	Click to Generate
S2	20	1			3	Top Chopper (S2)	Broadfield Park (S2)	The Hardy Pick (S2)	1661	1246	_ktdIdt`HCCMKSQ]Y]UOKEESOSQKIEd@?BDi@CCGGCEEIEIEGKUISCKGMEMCKCMIi@ESESEOGSc@w@GGC[BEHENIPI`@QDC\MJCFCHCDAD?R?@NBJ@F?R@R?JEh@A^Ab@?@EpA?HAHCHAHAFIVEJCHKVKUISCKGMEMCKCMIi@ESESEOGSc@w@GGC[BEHENIPI`@QDC\MJCFCHCDAD?R?P?F?PBD?`@ENCRGDCHGFGBCBEDEv@pBlAzCHPf@{@Se@GO_@}@JSV_@c@r@^|@FNRd@g@z@IQmA{Cw@qBEDCDCBGFIFEBSFOBa@DE?KJIFCBIF?R@R?JEh@A^Ad@EpA?`A?f@?L?P?JBVRPRNDDNJ\T\XRPLJBB	Click to Generate
S2	30	1			3	Windy House Lane Pocket Park (S2)	Leaves (S2)	UBU (S2)	2134	1600	c|udIf}uG^^~DjEELCFCBg@^AGGW??FV@Ff@_@BCBGDMNNzA|At@x@@?l@p@pBvC??qBwCIJcAnAGF{@v@w@^k@^u@Ts@RYDYDg@HG??TBx@Bl@Fj@FX@HDRJ\`AzB`AtBJR@BLYRYBCDINUNY^q@BEzAqC`ByC|A}C^q@`AgB`AmBVo@Xw@L[d@y@@E@E?C@E?E?G?E?C?EAC?A?EAEAEAGCEAEEG[SmBkA_BcAsA}@UQoA_Ae@g@EIY]MLKHQB]?QKSSQPyA|AABe@f@w@v@Y\AJAL?BETTV	Click to Generate
S2	30	1			3	I Said Bread (S2)	Kingdom Hall of Jehovah's Witnesses (S2)	Wobbly Wheel Cyclery (S2)	2434	1826	oatdI`h~Gw@@Q@yAfAM@EE|@eDJy@BcA?m@QuEW_G?WF?lAL`@?LAJlIDDt@ARAHlDHbFDZuCzG]z@_FfLeA_BdA~AfC_GvAgD\{@tC{GtBwEMaHKuG?GcAFw@FG?E?o@DWBM@a@?mAMG??VV~FPtE?l@CbAKx@}@dDDDLAxAgAPAv@A	Click to Generate
S2	60	1			3	Path up to the Cholera Monument, Sheffield (S2)	Substantial Victorian houses in Norfolk Road (S2)	Sheffield Inclusion Centre (S2)	5721	4291	c|wdI`f|Gb@GB`@AF?BABABABC@A@u@LgAPG@EBEDABGJc@c@EC_A_ACCuAuA{@y@SQg@g@IKGMvAaDFMn@}Ad@gAtA}CBElCkGl@wA@CXo@JWhBkEfEmMBE@ABATA@k@@o@@y@BgA@QJyFJuFDuBD}BFoC?K@k@TUZ]fBeBRS^]BADEFG~BuBrFgFDEFEzCuCv@u@|@_ARQDEDEx@u@^]nAqA\m@~@cBf@aA^m@`@u@h@_AFMDIP[HMDIDKDEb@w@HKd@{@jBkDj@cABFBFj@lAVj@d@`ATf@Tf@@Bl@rAb@~@FL`@~@b@hARl@?BN`@UTu@t@qBjBw@v@eAbAcA~@I[Ke@GUw@_DCGIUOEIAGA?S?O?KCQKc@e@{AIUCGMc@KKGGIGCCEAK?i@~@a@t@_@l@g@`A_AbB]l@oApA_@\y@t@EDEDSP}@~@w@t@{CtCGDEDsFfF_CtBGFEDC@_@\SRgBdB[\UTAj@?JGnCE|BEtBKtFKxFAPCfAAx@An@Aj@U@C@A@CDgElMiBjEKVYn@ABm@vAmCjGCDuA|CuAdDGLwA`DFLHJf@f@RPz@x@tAtABB~@~@DBb@b@FK@CDEDCFA|B_@@ABA@C@C@C?C@GCa@c@F	Click to Generate
S2	45	1			3	Arbourthorne Community Primary School (S2)	ExtraCare (S2)	Newfield Green Dental Surgery (S2)	3724	2793	ymtdIxiyG_@IAVCx@Ev@G~@GdAKzACb@Gz@?FIfAGt@E`@Kz@EZEXG\_@SUMk@]i@]i@c@OKSSKIMK[_@Q[OSM[GOCEK]GSJKHGFADDDJBFFFBAtAy@??uAx@C@GGCGEKEEG@IFKJFRJ\BDFNLZNRPZZ^LJJHRRNJh@b@h@\j@\TL^RSz@Qv@Wx@Od@MXGNMXSd@EHGHMVHR@BBBHDJ?F?FC`B]r@On@OVGFAF?F?F?PD`@LH@l@XLHPJRAFAH?DCHCBGLW@EJSJQLSFIBG@AN[@EFIBENYR[HMJOTUPOhBaBLKJMJM`@k@BCPYf@s@AKAI?M?K?I@]AS?[A]EYISIMKGGAU@CBMJIJi@dAQ\g@`AUd@CBc@|@a@x@dAwBBCTe@f@aAP]h@eAHKLKBCTAF@JFHLHRDX@\?Z@RA\?H?J?L@H@Jg@r@QXCBa@j@KLKLMJiB`BQNUTKNILSZOXCDGHADOZA@CFGHMRKPKRADMVCFITEHCLKIGGEGGGQKMIm@YIAFu@HsA?Ic@Gb@F?HIrAGt@H@l@XLHPJRAD?@AH?DCHCBGLW@EJSJQLSFIBG@AN[@EFIBEKSGKFJJRCDGHADOZA@CFGHMRKPKRADMVCFITEHCLKIGGEGGGQKMIm@YIAFu@HsA?IBe@@OEQMIK?a@NK@KEGKGOAS?C?WJo@@KPy@Py@H]@GLm@VqADSBKJw@@IAUCQIMICEAQHYTSRQRGDGFIBEA[EBc@J{AFeAF_ADw@By@@W^H	Click to Generate
S2	60	1			3	Burton Roofing Merchants (S2)	Pentagon Jeep (S2)	Sheffield Animal Centre (S2)	4419	3314	otydI~kvGP^R`@R`@Rb@BHNZTf@jAwANUlAgBHOTg@t@aB`@{@S]Vu@Ni@CHK^Wt@R\^gANg@Ru@Nm@Lg@b@aBJe@Rs@f@f@XRTPn@f@k@pCGVg@zB@ZVb@XRTPNLFFTR_@hBOr@Ns@^iBUSGGOMUQYSWc@A[f@{Br@iDo@g@UQYSg@g@Sr@Kd@c@`BMf@Ol@St@Of@_@fAa@z@u@`BUf@INmAfBOTkAvA[f@u@~@ELGJy@fB]`AK\g@dBSz@UhACPQjAKx@QvAIt@Kr@CNe@xBUa@QYOQCCu@e@OIq@_@k@Wm@]_@Sc@WcAk@_@Sm@]ECKEe@WmAo@AAKGyBmAqEiC[Q[SEGGGKMEKAI?KNM@CFQDQJc@He@l@cDHg@`@_CFc@Pu@^qAXZTPNL\cAL]LFHF`AdAp@r@NFl@^d@^r@bAxFbGCn@Qd@_AhACDWb@Yz@a@`BvAv@f@X|@f@DH@PKn@a@vCj@Vp@^NHt@d@BBNPPXT`@d@yBBOJs@Hu@PwAJy@PkABQTiAR{@f@eBJ]\aAx@gBFKDMt@_AZg@Ug@O[CISc@Sa@Sa@Q_@	Click to Generate
S2	20	1			3	Porcelanosa (S2)	Alam Hill Books (S2)	Heeley Sidings (S2)	1589	1192	_ktdI~h_H@@NHFFJHNLFHFDHHZZl@d@ELGRENADECUK_@QGC@Y?G@IDUDQIIGEGIOMKIGGOIKE]Q{@]BUXq@Vk@DKj@wAxAiDdC}FHLpAvBiC`GiA~C_@hAY~@K^NLFHFDHHZZl@d@X\dAhANPJJEJCFILCHEJKh@ITGXD\@B@@BFn@pARa@R]u@}AMV@R@Dj@hAS`@o@qAEIACE]FYAQDq@BKBQJS[]{@iAMQg@s@[[IIGEGIOMKIGGOIAA	Click to Generate
S2	60	1			3	Castle View Park (S2)	St Swithun (S2)	Hair & Beauty Lounge (S2)	6401	4801	swvdIf}vG??eD|BaBhAOb@f@rCjAhHuBxAc@Zk@`@e@ZwBxAg@Xs@f@aB`AGc@MqAImBEu@MkCbAw@FQHe@H_AX{Cv@sADIDKvBsDrBaDe@aAQUyDq@WGaAOq@a@QSUe@KO^}@\cBNwBkAa@kBc@M?I@IDOTi@z@KRm@cBs@aBsAkCEDK@GCGICMAM@M@GDIFEFAHBDHx@gAZc@TSVMRGF?PAjABz@Bf@Dp@Ap@Kr@c@v@_AFHR\TZ`@`@hBbAdCvADBVNNFNFRDP?TIRMd@y@d@{@`AmBNUh@u@d@o@`@]LKj@e@|@g@TITCRA`@ALGDEJKFMFHDD`AdAdBjBCJe@nCKjDXI~@UbB_@`@K?Q@QF[JWHIJGHC?SMaEE_CGqAKk@Qi@Uc@IKMM_@Ym@a@c@WGEAFEBC@E?ECCCCG?I?IICaDwAUMaDuAAAeCeAoAi@OGOVc@|@INGHgB~CaBjDw@zAOX]n@GL[I_@v@??Bl@Wf@]p@_AlBw@~@s@b@q@Jq@@g@E{@CkACQ@G?SFWLUR[b@y@fADJ@L?FCLEJrAjCr@`Bl@bBaA|A[h@nAxCnAxCKRs@jAh@bA^Vd@@BCJIRQlApChAjCd@fAYzCI~@Id@GPcAv@LjCDt@HlBLpAFb@`BaAr@g@f@YvByAd@[j@a@b@[tByAkAiHg@sCNc@`BiAdD}B??	Click to Generate
S2	30	1			3	Temple Park Centre (S2)	Castle View Park (S2)	Hair & Beauty Lounge (S2)	3012	2259	yzwdIdbvGO]CCGGIGICGAG?GBWVCDC?A?MIp@kACMAM@M@GDIFEFAHBDHx@gAZc@TSVMRGF?ARGV?p@?I?g@FW@SG?SFWLUR[b@y@fADJ@L?FCLEJrAjCr@`Bl@bBJSh@{@NUHEHAL?jBb@jA`@zBp@^Lp@T|Ah@l@^Zb@Pb@BH@DHd@Dr@A`AKv@ENe@jAe@aAQUyDq@WGaAOq@a@QSUe@KO^}@\cBNwBkAa@kBc@M?I@IDOTi@z@KRm@cBs@aBsAkCEDK@GCGICMAM@M@GDIFEFAHBDHx@gAZc@TSVMRGF?PAjABz@Bf@Dp@Ap@Kr@c@v@_A~@mB\q@Vg@Cm@??^w@ZHq@tAEDWf@]p@_AlBw@~@s@b@q@Jq@@g@E{@CkACQ@G?SFWLUR[b@y@fADJ@L?FCLEJEDK@GCGIq@jALH@?B?BEVWFCF?F@HBHFFFBBN\	Click to Generate
S2	20	1			3	St Vincent's (S2)	Temple Park Centre (S2)	Hair & Beauty Lounge (S2)	1483	1112	k|wdIt|uG??HBDHDJ@L?FCLEJrAjCr@`BOV_@}@k@qAWm@CCGGIGICGAG?GBWVCDC?A?MIp@kACMAM@M@GDIFEFAHBDHx@gAZc@TSVMRGF?ARGV?p@?I?g@FW@SPAjABz@Bf@Dp@Ap@Kr@c@v@_A~@mB\q@Vg@Cm@??^w@ZHq@tAEDWf@]p@_AlBw@~@s@b@q@Jq@@g@E{@CkACQ@G?SFWLUR[b@y@fADJ@L?FCLEJEDK@GCGICMAM@M@GDIFEFA	Click to Generate
S2	20	1			3	Manor Park Medical Centre (S2)	Temple Park Centre (S2)	Castle View Park (S2)	1802	1352	gzwdIfcvGa@_ACCGGIGICGAG?GBWVCDC?A?MIp@kACMAM@M@GDIFEFA??HBDHx@gAZc@TSVMRGF?ARGV?p@?I?g@FW@SG?SFWLUR[b@y@fADJ@L?FCLEJrAjCr@`Bl@bBJSh@{@NUHEHAL?jBb@jA`@zBp@^Lp@T|Ah@l@^Zb@Pb@BH@DHd@Dr@A`AKv@ENe@jAe@aAQUyDq@WGaAOq@a@QSUe@KO^}@\cBNwBkAa@kBc@M?I@IDOTi@z@KRm@cBOV_@}@a@_A	Click to Generate
S2	30	1			3	Windy House Lane Pocket Park (S2)	UBU (S2)	Leaves (S2)	2424	1818	a~udIh_vGAk@I@EAGAECEEGGEKIWE]?Q@QF[JWHIJGHCP@LBDDDHDNHZ@N@NAJAL?BETt@v@~DjEELCFCBg@^AGGW??FV@Ff@_@BCBGDMNNzA|At@x@@?l@p@IJcAnAGF{@v@w@^k@^u@Ts@RYDYDg@HG??TBx@Bl@Fj@FX@HDRJ\`AzB`AtBJR@BLYRYBCDINUNY^q@BEzAqC`ByC|A}C^q@`AgB`AmBVo@Xw@L[d@y@@E@E?C@E?E?G?E?C?EAC?A?EAEAEAGCEAEEG[SmBkAGT]xAENa@jAq@|ASb@Q\_@r@q@z@pBvC??qBwCm@q@A?u@y@{A}AOO_EkEu@w@CFCFGJEDGDEBE@@j@	Click to Generate
S2	20	1			3	Leaves (S2)	Windy House Lane Pocket Park (S2)	UBU (S2)	1867	1400	qeudIhivGHQVo@Xw@L[d@y@@E@E?C@E?E?G?E?C?EAC?A?EAEAEAGCEAEEG[SmBkAGT]xAENa@jAq@|ASb@Q\_@r@q@z@pBvC??qBwCm@q@A?u@y@{A}AOOELCFCBg@^AGGW??FV@Ff@_@BCBGDMNNzA|At@x@@?l@p@IJcAnAGF{@v@w@^k@^u@Ts@RYDYDg@HG??TBx@Bl@Fj@FX@HDRJ\`AzB`AtBJR@BLYRYBCDINUNY^q@BEzAqC`ByC|A}C^q@`AgBv@{A	Click to Generate
S2	30	1			3	Leaves (S2)	Windy House Lane Pocket Park (S2)	UBU (S2)	2605	1954	idudIhgvG]l@Vo@Xw@L[d@y@@E@E?C@E?E?G?E?C?EAC?A?EAEAEAGCEAEEG[SmBkAGT]xAENa@jAq@|ASb@Q\_@r@q@z@pBvC??qBwCm@q@A?u@y@{A}AOOELCFCBg@^AGGW??FV@Ff@_@BCBGDMNNzA|At@x@@?l@p@IJcAnAGF{@v@w@^k@^u@Ts@RYDYDg@HG??TBx@Bl@Fj@FX@HDRJ\`AzB`AtBJR@BLYRYBCDINUNY^q@BEzAqC`ByC|A}C^q@`AgB`AmBVo@Xw@L[d@y@Ra@DIJUHOJSJQ`@_AN]FSTw@DOP_ABONYJg@DUDUBE@CBAB?B?D?D@DD^|@Tn@N\Rl@Jd@@HAd@ATCNENENGVGTEPKRi@F_@DODM@{@FWTO@]BK@GBC@IDGBIHEDEDABCBiAnB	Click to Generate
S2	20	1			3	Boots (S2)	Meersbrook Park Church (S2)	Alam Hill Books (S2)	1457	1093	kgtdIfl_Hd@^X\dAhANPJJEJCFILCHEJKh@ITGXIA??AAAAEICEAEUg@BqAD@T^CjAEJ@DHN@@@@??H@FYAQDq@BKBQJSNMJJPRPTRZ@BBDDHN^LZZ`A[k@KQIQOUOWWa@EGW[QQ[]{@iAMQg@s@[[IIGEGIOMKIGGOIKE]Q{@]BUXq@Vk@DKj@wAxAiDdC}FHLpAvBiC`GiA~C_@hAY~@K^NLFHFDHHZZFD	Click to Generate
S2	60	1			3	HSS Hire (S2)	Burton Roofing Merchants (S2)	Manor Park Medical Centre (S2)	7720	5790	cuxdIvdtGMJ_Bt@Ks@SaBn@wA`@gAZ_A\oADWFUTiA\sBp@yEx@kFHo@BMj@cEJg@xDfCtBjBpAjAPNDD\ZTVHFHDF@F?HEFEDCPCJ@VJXRXRPVJNDNHd@Fd@@P?PARAPIVGNIHGBG@MBI?WR[n@uAhFg@nBaEzNk@bCi@`Cy@zDy@tDO`BkAlGE`@?^?^D^D\Lf@Lv@?b@A`@EXETMVONUFU?UEUSqBaBwAsAyAaAKGYOCBOXm@`@cApAYf@[z@f@f@XRTPn@f@NLJEd@qBNJnAbADNk@fCILqAkAEO@g@KDOMi@a@EEUQYSg@g@Sr@Kd@c@`BMf@Ol@St@Of@_@fAS]Vu@Ni@CHK^Wt@R\^gANg@Ru@Nm@Lg@b@aBJe@Rs@Z{@Xg@bAqAF]Dc@Ca@CW@UFWFMDEHEJAFBD@HJDJDLVx@P`@N\n@x@vArApB`BTRTDT?TGNOLWDUDY@a@Mk@OWQKMCQDSNMXWbAa@bBm@dCg@zBm@fBi@dCWvByBfKU~@SdAa@dCcA|HW~ADRDJDFLCf@W`AcAp@s@hC_BNUFOPWZ}@j@_Bd@sA~@oCVs@d@sA^iAL[LUTa@\e@Z[VSXO^Ol@QXORMTS^]v@kANYrBkDp@kACMAM@M@GDIFEFA??HBDHx@gAZc@TSVMRGF?PAjABz@BDgBJ}AJ{@VyB^_DP}AV{BTeBPsAPcAl@kBHO??FMpAeCGyAYyFCi@GoAK{B[QGEIEOMy@g@s@i@q@o@aAgAa@a@QWW]EIOSw@gAIMIGECICW?GBG@MBI?]KQIIGq@k@GIEIEKCOEUA_@A_@C]I[KSKOGGoBiBeCuB}AeAo@a@o@_@k@bECLIn@y@jFq@xE]rBUhAtAlAf@b@j@l@U|@]z@e@|@s@v@g@`@	Click to Generate
S2	45	1			3	Premier, Steve's Convenience Shop (S2)	Meersbrook Park Church (S2)	Kingdom Hall of Jehovah's Witnesses (S2)	3752	2814	}lsdIta_HIlAtDc@^EJ@Hw@LeAn@uDBS?_@?W?gDAqADo@BYLm@HMLISkDE[CQeAoFOu@U?_Be@e@G{@@a@JsC~@yCz@BbCDbBmClGeAiB??dAhBkBfEgAdCiC`GiA~C_@hAY~@K^NLFHFDHHZZl@d@X\dAhANPJJPRPTRZ@BBDDHN^LZZ`A[k@KQIQOUOWWa@EGW[QQ[]{@iAMQg@s@[[IIGEGIOMKIGGOIKE]Q{@]BUXq@Vk@DKj@wAfC_GvAgDHLpAvBiC`GiA~C_@hAY~@K^NLFHFDHHZZl@d@X\dAhANPJJPRPTRZDHDHN^LZZ`AZ~@v@hCV|@DLFRBFJd@DJBJPj@BHLQjAiAb@e@z@}@RUDEbAaAvAcACy@E_AEuBCoD@mAFyALsBDIHmA	Click to Generate
S2	45	1			3	Boots (S2)	Another Level (S2)	The Hardy Pick (S2)	3184	2388	o`tdIvs_HBDDHN^LZZ`A[k@KQIQOUOWWa@EGW[ILCHEJKh@ITGXIA??AAAAEICEAEUg@BqAD@T^CjAEJ@DHN@@@@??H@FYAQDq@BKBQJS[]{@iAMQGRENAD?DAHAJAt@AP?R_AKECCC?C?CLaC@Y?G@IDUDQZZj@b@@@ELg@s@[[IIGEGIOMKIGGOIKEA\GnAKnCALCJEFYn@CD?DAD?B?D@D@DXj@fAzBLZFTDRF`@@^E@C@A?C@EBCDe@p@v@pBlAzCHPf@{@Se@GO_@}@JSV_@c@r@^|@FNRd@g@z@IQmA{Cw@qBEDCDCBGFIFEBSFOBa@DE?KJIFCBIFEACACCCAAGGQCIEMAGEKEOISQk@]u@oAeDg@kAeAgCi@oAMc@Y_ACMCICCEIEGEGGEa@UaAm@kBiAmAs@MIIIGGIIGMEIOc@EKAKCME]K}@Gc@Ks@ASEc@Ce@T@B?H?XAFAF?REZ?b@Av@A\?V?J@H@D@B@JDHDHHTRTTX\PTPTZd@`@n@f@t@f@t@HLFFDHLNDFBBVXLLFDXPNJNHPLTH\Pd@PHBFBZLz@\\PJDNHFFJHNLFHFDHHZZl@d@X\dAhANPJJPRPTRZ@B	Click to Generate
S2	45	1			3	74th Oak Street Scout Group (S2)	Cat Lane Bakery (S2)	Wobbly Wheel Cyclery (S2)	3135	2351	abtdItz|GDjAEV`@FZ`CFfCw@D@J@p@BrBDlCWBM@a@?mAMG?E?eE[c@k@}Aw@gAq@[Oq@][a@IOIUMSi@_@P_ABc@Bg@?_@AaA?G?M@I?E@G?C@GBMCEEGMQZg@JSBGBIHW@AH_@FQJa@@EDSJ_@Ng@V_ApCwIBITMHEFCBADAP?RBTFf@VD@@@DBjAr@VJ^FDPAVYnASjAEd@Eb@A\Ab@@\@p@D|@o@LmAPsBVI?i@OgAUu@Qq@QGPI^A@IVCHCFKR[f@LPDFBDF@D@PDPDz@RB?`AT@?TFPB`AVl@NzBf@n@NB?^HNDZ@@ZIj@Q~@Gt@EnAAjAH~A?^F?lAL`@?LAVCn@ED?F?v@GbAG?FJtGnBKKsG?GOqKCK@_@@WAIAIoGeAa@GDWEkA	Click to Generate
S2	20	1			3	Top Chopper (S2)	Broadfield Park (S2)	The Hardy Pick (S2)	1637	1228	qktdIts`H??SQ]Y]UOKEESOSQKIEd@?BDi@CCGGCEEIEIEGKUISCKGMEMCKCMIi@ESESEOGSc@w@GGC[BEHENIPI`@QDC\MJCFCHCDAD?R?@NBJ@F?R@R?JEh@A^Ab@?@EpA?HAHCHAHAFIVEJCHKVKUISCKGMEMCKCMIi@ESESEOGSc@w@GGC[BEHENIPI`@QDC\MJCFCHCDAD?R?P?F?PBD?`@ENCRGDCHGFGBCBEDEv@pBlAzCHPf@{@Se@GO_@}@JSV_@c@r@^|@FNRd@g@z@IQmA{Cw@qBEDCDCBGFIFEBSFOBa@DE?KJIFCBIF?R@R?JEh@A^Ad@EpA?`A?f@?L?P?JBVRPRNDDNJ\T\XRP??	Click to Generate
S2	30	1			3	Newfield Green Library (S2)	Gleadless Medical Centre (S2)	Pizza City (S2)	2701	2026	actdI~_zGbAwBBCTe@f@aAP]h@eAHKLKBCTAF@JFHLHRDX@\?Z@RA\?H?JI?MJ[h@CBQVY`@AL?F?BHRKLKLMJiB`BQNUTKNILSZOXCDGHADOZA@CFGHMRKPKRADHNZl@??[m@IOMVCFITEHCLKIGGEGGGQKMIm@YIAFu@HsA?IBe@@OEQMIK?a@NK@KEGKGOAS?C?WJo@@KPy@Py@H]@GLm@VqADSBKJw@@IAUCQIMICEAQHYTSRQRGDGFIBEA[EBc@J{AFeAF_A@[B[By@@WfATB_@C^gAUAVCx@Ev@G~@GdAKzACb@Gz@?FIfAGt@E`@Kz@EZEXG\Sz@Qv@Wx@Od@MXGNMXSd@EHGHMVHR@BBBHDJ?F?FC`B]r@On@OVGFAF?F?F?PD`@LH@l@XLHPJRAFAH?DCHCBGLW@EJSJQLSFIBG@AN[@EFIBENYR[HMJOTUPOhBaBLKJMJM`@k@BCPYf@s@AKAI?M?K?I@]AS?[A]EYISIMKGGAU@CBMJIJi@dAQ\g@`AUd@CBcAvB	Click to Generate
S2	30	1			3	Nether Edge Primary School (S2)	Broadfield Park (S2)	Virgin Crucible (S2)	2460	1845	qytdI~oaHHUJ]BKFWPw@Hc@TkANq@`@_CFc@d@uE^aEL_BFi@BM?EBG@EN]DFDHDHBDFFBBJHRPRNDDNJ\T\XRPQr@CFAFUhAAJ[zAERMj@AD?B?B?D@B@BJFr@d@FDFDl@wCBONu@XwAQWIKKMKKKKMKSQ]Y]UOKEESOSQKICCGGCEEIEIEGKUISCKGMEMCKCMIi@ESESEOGSc@w@GGC[BEHENIPI`@QDC\MJCFCHCDAD?R?@NBJ@F?R@R?JEh@A^Ab@?@EpA?HAHCHAHAFIVEJCHKVKUISCKGMEMCKCMIi@ESESEOGSc@w@GGC[BEHENIPI`@QDC\MJCFCHCDAD?R?P?F?PBD?`@ENCSkCCYCUCOIQIWM]Zk@[j@L\HVHPBNBTVdDOBa@DE?KJIFCBIF?R@R?JEh@A^Ad@EpA?HAHCHAHAFIVEJCHKVO\ADCF?DCLGh@M~A_@`Ee@tEGb@a@~BOp@UjAIb@Qv@GVCJK\IT	Click to Generate
S2	30	1			3	Broadfield Park (S2)	The Hardy Pick (S2)	Virgin Crucible (S2)	2195	1646	_mtdIbx`HAJ[zAERMj@AD?B?B?D@B@BJFr@d@FDFDl@wCBONu@XwAQWIKKMKKKKMKSQ]Y]UOKEESOSQKICCGGCEEIEIEGKUISCKGMEMCKCMIi@ESESEOGSc@w@GGC[BEHENIPI`@QDC\MJCFCHCDAD?R?@NBJ@F?R@R?JEh@A^Ab@?@EpA?HAHCHAHAFIVEJCHKVKUISCKGMEMCKCMIi@ESESEOGSc@w@GGC[BEHENIPI`@QDC\MJCFCHCDAD?R?P?F?PBD?`@ENCRGDCHGFGBCBEDEv@pBlAzCHPf@{@Se@GO_@}@JSV_@c@r@^|@FNRd@g@z@IQmA{Cw@qBEDCDCBGFIFEBSFSkCCYCUCOIQIWM]Zk@[j@L\HVHPBNBTVdDOBa@DE?KJIFCBIF?R@R?JEh@A^Ad@EpA?`A?f@?L?P?JBVRPRNDDNJ\T\XRPQr@CFAFUhA	Click to Generate
S2	45	1			3	Newfield Green Dental Surgery (S2)	Daily News & Cards (S2)	Pizza City (S2)	3141	2356	_etdIfgzGFJJRCDGHADOZA@CFGHMRKPKRADMVCFITEHCLKIGGEGGGQKMIm@YIAFu@HsA?Ic@Gb@F?HIrAGt@H@l@XLHPJRAD?@AH?DCHCBGLW@EJSJQLSFIBG@AN[@EFIBENYR[HMJOTUPOhBaBLKJMJM`@k@BCPYf@s@AKAI?M?K?I@]AS?[A]EYISIMKGGAU@CBMJIJi@dAQ\g@`AUd@CBIN{@fBdAwBBCTe@f@aAP]h@eAHKLKBCTAF@JFHLHRDX@\?Z@RA\?H?J?L@H@Jg@r@QXCBa@j@KLKLMJiB`BQNUTKNILSZOXCDGHADOZA@CFGHMRKPKRADMVCFITEHCLKIGGEGGGQKMIm@YIAFu@HsA?IBe@@OEQMIK?a@NK@KEGKGOAS?C?WJo@@KPy@Py@H]@GLm@VqADSBKJw@@IAUCQIMICEAQHYTSRQRGDGFIBEA[EBc@J{AFeAF_A@[B[By@@WfATB_@C^gAUAVCx@Ev@G~@GdAKzACb@Gz@?FIfAGt@E`@Kz@EZEXG\Sz@Qv@Wx@Od@MXGNMXSd@EHGHMVHR@BBBHDJ?F?FC`B]r@On@OVGFAF?F?F?PD`@LH@l@XLHPJRAFAH?DCHCBGLW@EJSJQLSFIBG@AN[@EFIBEKSGK	Click to Generate
S2	30	1			3	Newfield Green Clinic (S2)	Daily News & Cards (S2)	Pizza City (S2)	2668	2001	mhtdIvmzG@AH?DCHCBGLW@EJSJQLSFIBG@AN[@EFIBEKSGK??FJJRNYR[HMJOTUPOhBaBLKJMJM`@k@BCPYf@s@AKAI?M?K?I@]AS?[A]EYISIMKGGAU@CBMJIJi@dAQ\g@`AUd@CBIN{@fBdAwBBCTe@f@aAP]h@eAHKLKBCTAF@JFHLHRDX@\?Z@RA\?H?J?L@H@Jg@r@QXCBa@j@KLKLMJiB`BQNUTKNILSZOXCDGHADOZA@CFGHMRKPKRADMVCFITEHCLKIGGEGGGQKMIm@YIAFu@HsA?IBe@@OEQMIK?a@NK@KEGKGOAS?C?WJo@@KPy@Py@H]@GLm@VqADSBKJw@@IAUCQIMICEAQHYTSRQRGDGFIBEA[EBc@J{AFeAF_A@[B[By@@WfATB_@C^gAUAVCx@Ev@G~@GdAKzACb@Gz@?FIfAGt@E`@Kz@EZEXG\Sz@Qv@Wx@Od@MXGNMXSd@EHGHMVHR@BBBHDJ?F?FC`B]r@On@OVGFAF?F?F?PD`@LH@l@XLHPJRAD?	Click to Generate
S2	30	1			3	One Stop Mini Market (S2)	Gleadless Medical Centre (S2)	Pizza City (S2)	2703	2027	g|sdIr}yGPWBCZi@LKH??K?I@]AS?[A]EYISIMKGGAU@CBMJIJi@dAQ\g@`AUd@CB}@jBGJdAwBBCTe@f@aAP]h@eAHKLKBCTAF@JFHLHRDX@\?Z@RA\?H?J?L@H@Jg@r@QXCBa@j@KLKLMJiB`BQNUTKNILSZOXCDGHADOZA@CFGHMRKPKRADHNZl@??[m@IOMVCFITEHCLKIGGEGGGQKMIm@YIAFu@HsA?IBe@@OEQMIK?a@NK@KEGKGOAS?C?WJo@@KPy@Py@H]@GLm@VqADSBKJw@@IAUCQIMICEAQHYTSRQRGDGFIBEA[EBc@J{AFeAF_A@[B[By@@WfATB_@C^gAUAVCx@Ev@G~@GdAKzACb@Gz@?FIfAGt@E`@Kz@EZEXG\Sz@Qv@Wx@Od@MXGNMXSd@EHGHMVHR@BBBHDJ?F?FC`B]r@On@OVGFAF?F?F?PD`@LH@l@XLHPJRAFAH?DCHCBGLW@EJSJQLSFIBG@AN[@EFIBENYR[HMJOTUPOhBaBLKJMJMIS?C?G@MXa@	Click to Generate
S2	45	1			3	Gleadless Medical Centre (S2)	Pizza City (S2)	Arbourthorne Community Primary School (S2)	3252	2439	satdIn}yGTg@BCTe@f@aAP]h@eAHKLKBCTAF@JFHLHRDX@\?Z@RA\?H?J?L@H@Jg@r@QXCBa@j@KLKLMJiB`BQNUTKNILSZOXCDGHADOZA@CFGHMRKPKRADHNZl@??[m@IOMVCFITEHCLKIGGEGGGQKMIm@YIAFu@HsA?IBe@@OEQMIK?a@NK@KEGKGOAS?C?WJo@@KPy@Py@H]@GLm@VqADSBKJw@@IAUCQIMICEAQHYTSRQRGDGFIBEA[EBc@J{AFeAF_A@[B[By@@WBw@@m@Bo@@i@@g@@e@?G?M?O@c@G@MFa@Po@\aAj@a@VSLYPiBpAg@\e@\}@r@y@n@EBPbBJ|@D^Lr@Lp@BLFXDJJKHGFADDDJBFFFBAtAy@??uAx@C@GGCGEKEEG@IFKJFRJ\BDFNLZNRPZZ^LJJHRRNJh@b@h@\j@\TL^RSz@Qv@Wx@Od@MXGNMXSd@EHGHMVHR@BBBHDJ?F?FC`B]r@On@OVGFAF?F?F?PD`@LH@l@XLHPJRAFAH?DCHCBGLW@EJSJQLSFIBG@AN[@EFIBENYR[HMJOTUPOhBaBLKJMJM`@k@BCPYf@s@AKAI?M?K?I@]AS?[A]EYISIMKGGAU@CBMJIJi@dAQ\g@`AUd@CBUf@	Click to Generate
S2	60	1			3	Meersbrook Service Station (S2)	74th Oak Street Scout Group (S2)	Gleadless Medical Centre (S2)	4311	3233	{jtdIt_|GNENSRa@Xu@b@gBBYCYM[U`@MZc@pAKXKPA@OFI@G?IAKAIp@Gf@CLGb@CRENI\IZK\CHqCvIW~@Of@K^ERADK`@GPI^A@IVCHCFKR[f@LPDFBDF@D@PDPDz@RB?`AT@?TFPB`AVl@NzBf@n@NB?^HNDZ@PGNQh@s@Tg@DWEkAAOHmBN}@RyAFUJ]hB\~Bb@rBjFQDqDo@qEw@IlBFzAEV`@FZ`CFfCw@D@J@p@BrBDlCWBM@a@?mAMG?E?eE[c@k@}Aw@gAq@[Oq@][a@IOIUMSi@_@P_ABc@Bg@?_@AaA?G?M@I?E@G?C@GBMCEEGMQZg@JSBGBIHW@AH_@FQJa@@EDSJ_@Ng@V_ApCwIBIJ]H[H]DOBSFc@BMFg@Hq@J}@LkAT{ANeABOVsBBYHuAFoAHsAHoADs@Dq@@_@?S?S?a@@c@Ae@?]ASAS?AC_@Em@GeACS?I?CAO?I@M?K@O@O@KDSDSBMDIHUBGLWHNZl@??[m@IOMVCFITEHCLERERAJANAN?JAL?H@N?B?HBRFdADl@B^?@@R@R?\@d@Ab@?`@?R?RA^Ep@Er@InAIrAGnAItACXWrBCNOdAUzAMjAK|@J@H@F?HANG@AJQJYb@qAL[Ta@LZBXCXc@fBYt@S`@OROD	Click to Generate
S2	30	1			3	Temple Park Centre (S2)	Castle View Park (S2)	Manor Park Medical Centre (S2)	2445	1834	ifwdIxluGMVBl@Wf@]p@_AlBw@~@s@b@q@Jq@@g@E{@CkACQ@ARGV?p@?I?g@FW@SG?SFWLUR[b@y@fADJ@L?FCLEJrAjCr@`Bl@bBJSh@{@NUHEHAL?jBb@jA`@zBp@^Lp@T|Ah@l@^Zb@Pb@BH@DHd@Dr@A`AKv@ENe@jAe@aAQUyDq@WGaAOq@a@QSUe@KO^}@\cBNwBkAa@kBc@M?I@IDOTi@z@KRm@cBs@aBsAkCEDK@GCGICMAM@M@GDIFEFA??HBDHx@gAZc@TSVMRGF?PAjABz@Bf@Dp@Ap@Kr@c@v@_A~@mB\q@Vg@Cm@LW	Click to Generate
S2	20	1			3	Gin Bar (S2)	Broadfield Park (S2)	The Hardy Pick (S2)	1704	1278	altdIfs`HCC]Y]UOKEESOSQKICCGGCEEIEIEGKUISCKGMEMCKCMIi@ESESEOGSc@w@GGGGGIQYGPEFMVDL@@BH?F?vC?V?zB?|@A\AZCn@\J@?B@@B@@@B@BBD?B@D?FHlA?B?B@D?B@@@B@B@@@@BB@?B@VH^aEL_BFi@@C@I?EBG@EN]JWBIDKHW@G@IBI@I?IDqA?A@c@@_@Eg@ASAMASCQGQR?P?F?PBD?`@ENCRGDCHGFGBCBEDEv@pBlAzCHPf@{@Se@GO_@}@JSV_@c@r@^|@FNRd@g@z@IQmA{Cw@qBEDCDCBGFIFEBSFOBa@DE?KJIFCBIF?R@R?JEh@A^Ad@EpA?`A?f@?L?P?JBVRPRNDDNJ\T\XBB	Click to Generate
S2	15	1			3	International Automatic Cars (S2)	Boots (S2)	Meersbrook Park Church (S2)	1437	1078	oftdI`m_HHDELg@s@[[IIGEGIOMKIGGOIKE]Q{@]BUXq@Vk@DKPXVd@H@t@aBu@`BIACES_@QYEJWj@Yp@CTz@\\PJDNHFFJHNLFHFDHHZZl@d@X\dAhANPJJEJCFILCHEJKh@ITGXIA??AAAAEICEAEUg@BqAD@T^CjAEJ@DHN@@@@??H@FYAQDq@BKBQJSNMJJPRPTRZ@BBDDHN^LZZ`A[k@KQIQOUOWWa@EGW[QQ[]{@iAMQGRENAD?DAHAJAt@AP?R_AKECCC?C?CLaC@Y?G@IDUDQZZb@^	Click to Generate
S2	30	1			3	Newfield Green Library (S2)	Gleadless Medical Centre (S2)	Pizza City (S2)	2691	2018	{btdIr_zG|@kBBCTe@f@aAP]h@eAHKLKBCTAF@JFHLHRDX@\?Z@RA\?H?JI?MJ[h@CBQVY`@AL?F?BHRKLKLMJiB`BQNUTKNILSZOXCDGHADOZA@CFGHMRKPKRADHNZl@??[m@IOMVCFITEHCLKIGGEGGGQKMIm@YIAFu@HsA?IBe@@OEQMIK?a@NK@KEGKGOAS?C?WJo@@KPy@Py@H]@GLm@VqADSBKJw@@IAUCQIMICEAQHYTSRQRGDGFIBEA[EBc@J{AFeAF_A@[B[By@@WfATB_@C^gAUAVCx@Ev@G~@GdAKzACb@Gz@?FIfAGt@E`@Kz@EZEXG\Sz@Qv@Wx@Od@MXGNMXSd@EHGHMVHR@BBBHDJ?F?FC`B]r@On@OVGFAF?F?F?PD`@LH@l@XLHPJRAFAH?DCHCBGLW@EJSJQLSFIBG@AN[@EFIBENYR[HMJOTUPOhBaBLKJMJM`@k@BCPYf@s@AKAI?M?K?I@]AS?[A]EYISIMKGGAU@CBMJIJi@dAQ\g@`AUd@CB}@jB	Click to Generate
S2	60	1			3	The Cholera Monument (S2)	Path up to the Cholera Monument, Sheffield (S2)	Sheffield Inclusion Centre (S2)	5968	4476	oexdIn}{GkAmBwA`DFLHJf@f@RPz@x@tAtABB~@~@DBb@b@FK@CDEDCFA|B_@@ABA@C@C@C?C@GCa@c@F??b@GB`@AF?BABABABC@A@u@LgAPG@EBEDABGJc@c@EC_A_ACCuAuA{@y@SQg@g@IKGMCECICImAqEWcAW}@Su@EQCKEKQu@y@}CMi@Kc@HIHKNO`AeANS`AeANSDEFE`@e@dCgDLSXe@JSP_@h@yAzAqEJWhHaTBKBITo@b@sAf@sAL]P]b@}@`@u@d@s@DGFINOTUZ]fBeBRS^]BADEFG~BuBrFgFDEFEzCuCv@u@|@_ARQDEDEx@u@^]nAqA\m@~@cBf@aA^m@`@u@h@_AFMDIP[HMDIDKDEb@w@HKd@{@jBkDj@cABFBFj@lAVj@d@`ATf@Tf@@Bl@rAb@~@FL`@~@b@hARl@?BN`@UTu@t@qBjBw@v@eAbAcA~@I[Ke@GUw@_DCGIUOEIAGA?S?O?KCQKc@e@{AIUCGMc@KKGGIGCCEAK?i@~@a@t@_@l@g@`A_AbB]l@oApA_@\y@t@EDEDSP}@~@w@t@{CtCGDEDsFfF_CtBGFEDC@_@\SRgBdB[\UTAj@?JGnCE|BEtBKtFKxFAPCfAAx@An@Aj@U@C@A@CDgElMiBjEKVYn@ABm@vAmCjGCDuA|CuAdDGLjAlB	Click to Generate
S2	60	1			3	Sheffield Cholera Monument (S2)	Substantial Victorian houses in Norfolk Road (S2)	Sheffield Inclusion Centre (S2)	5721	4291	_}wdIdh|Gt@M@ABA@C@C@C?C@GCa@c@F??b@GB`@AF?BABABABC@A@}B^G@EBEDABGJc@c@EC_A_ACCuAuA{@y@SQg@g@IKGMvAaDFMn@}Ad@gAtA}CBElCkGl@wA@CXo@JWhBkEfEmMBE@ABATA@k@@o@@y@BgA@QJyFJuFDuBD}BFoC?K@k@TUZ]fBeBRS^]BADEFG~BuBrFgFDEFEzCuCv@u@|@_ARQDEDEx@u@^]nAqA\m@~@cBf@aA^m@`@u@h@_AFMDIP[HMDIDKDEb@w@HKd@{@jBkDj@cABFBFj@lAVj@d@`ATf@Tf@@Bl@rAb@~@FL`@~@b@hARl@?BN`@UTu@t@qBjBw@v@eAbAcA~@I[Ke@GUw@_DCGIUOEIAGA?S?O?KCQKc@e@{AIUCGMc@KKGGIGCCEAK?i@~@a@t@_@l@g@`A_AbB]l@oApA_@\y@t@EDEDSP}@~@w@t@{CtCGDEDsFfF_CtBGFEDC@_@\SRgBdB[\UTAj@?JGnCE|BEtBKtFKxFAPCfAAx@An@Aj@U@C@A@CDgElMiBjEKVYn@ABm@vAmCjGCDuA|CuAdDGLwA`DFLHJf@f@RPz@x@tAtABB~@~@DBb@b@FK@CDEDCFAfAQ	Click to Generate
S2	45	1			3	Arbourthorne Community Primary School (S2)	Daily News & Cards (S2)	Newfield Green Clinic (S2)	3319	2489	mltdIdiyGC^gAUAVCx@Ev@G~@GdAKzACb@Gz@?FIfAGt@E`@Kz@EZEXG\_@SUMk@]i@]i@c@OKSSKIMK[_@Q[OSM[GOCEK]GSJKHGFADDDJBFFFBAtAy@??uAx@C@GGCGEKEEG@IFKJFRJ\BDFNLZNRPZZ^LJJHRRNJh@b@h@\j@\TL^RSz@Qv@Wx@Od@MXGNMXSd@EHGHMVHR@BBBHDJ?F?FC`B]r@On@OVGFAF?F?F?PD`@LH@l@XLHPJRAFAH?DCHCBGLW@EJSJQLSFIBG@AN[@EFIBENYR[HMJOTUPOhBaBLKJMJM`@k@BCPYf@s@AKAI?M?K?I@]AS?[A]EYISIMKGGAU@CBMJIJi@dAQ\g@`AUd@CBIN{@fBdAwBBCTe@f@aAP]h@eAHKLKBCTAF@JFHLHRDX@\?Z@RA\?H?J?L@H@Jg@r@QXCBa@j@KLKLMJiB`BQNUTKNILSZOXKSGK??FJJRCDGHADOZA@CFGHMRKPKRADMVCFITEHCLKIGGEGGGQKMIm@YIAFu@HsA?IBe@@OEQMIK?a@NK@KEGKGOAS?C?WJo@@KPy@Py@H]@GLm@VqADSBKJw@@IAUCQIMICEAQHYTSRQRGDGFIBEA[EBc@J{AFeAF_ADw@By@@WfATB_@	Click to Generate
S2	60	1			3	Burton Roofing Merchants (S2)	Makro (S2)	Manor Park Medical Centre (S2)	5448	4086	s_ydIx_vGj@qCo@g@UQYSg@g@Sr@Kd@c@`BMf@Ol@St@Of@_@fAS]Vu@Ni@CHK^Wt@R\a@z@u@`BUf@INmAfBOTkAvAUg@O[CISc@Sa@Sa@Q_@??m@bAu@tAVZNPDFV\TXX\RVELGJy@fB]`AK\g@dBSz@UhACPQjAKx@QvAIt@Kr@CNe@xBr@vAP\r@xABFl@hAd@|@@BDJFHFHJJn@f@JF\R~Az@@?B@F@@A@?B?@?BADELUR]v@sBv@wBf@uAb@cBXu@LSJQFIp@i@d@WTMLCf@W`AcAp@s@hC_BNUFOPWZ}@j@_Bd@sA~@oCVs@d@sA^iAL[LUTa@\e@Z[VSXO^Ol@QXORMTS^]v@kANYrBkDp@kACMAM@M@GDIFEFA??HBDHx@gAZc@TSVMRGF?PAjABz@BDgBJ}AJ{@VyB^_DP}AV{BTeBPsAPcAl@kBHO??FMpAeCGyAYyFCi@GoAK{B[QGEIEOMy@g@s@i@q@o@aAgAa@a@QWW]EIOSw@gAIMIGECICW?GBG@MBI?WR[n@uAhFg@nBaEzNk@bCi@`Cy@zDy@tDO`BkAlGE`@?^?^D^D\Lf@Lv@?b@A`@EXETMVONUFU?UEUSqBaBwAsAyAaAKGYOCBOXm@`@cApAYf@[z@f@f@XRTPn@f@k@pC	Click to Generate
S2	60	1			3	Burton Roofing Merchants (S2)	Makro (S2)	Manor Park Medical Centre (S2)	5413	4060	g}xdIf}uGEO@g@KDOMo@g@UQYSg@g@Sr@Kd@c@`BMf@Ol@St@Of@_@fAS]Vu@Ni@CHK^Wt@R\a@z@u@`BUf@INmAfBOTkAvAUg@O[CISc@Sa@Sa@Q_@??m@bAu@tAVZNPDFV\TXX\RVELGJy@fB]`AK\g@dBSz@UhACPQjAKx@QvAIt@Kr@CNe@xBr@vAP\r@xABFl@hAd@|@@BDJFHFHJJn@f@JF\R~Az@@?B@F@@A@?B?@?BADELUR]v@sBv@wBf@uAb@cBXu@LSJQFIp@i@d@WTMLCf@W`AcAp@s@hC_BNUFOPWZ}@j@_Bd@sA~@oCVs@d@sA^iAL[LUTa@\e@Z[VSXO^Ol@QXORMTS^]v@kANYrBkDp@kACMAM@M@GDIFEFA??HBDHx@gAZc@TSVMRGF?PAjABz@BDgBJ}AJ{@VyB^_DP}AV{BTeBPsAPcAl@kBHO??FMpAeCGyAYyFCi@GoAK{B[QGEIEOMy@g@s@i@q@o@aAgAa@a@QWW]EIOSw@gAIMIGECICW?GBG@MBI?WR[n@uAhFg@nBaEzNk@bCi@`Cy@zDy@tDO`BkAlGE`@?^?^D^D\Lf@Lv@?b@A`@EXETMVONUFU?UEUSqBaBwAsAyAaAKGYOCBOXm@`@cApAYf@[z@f@f@XRTPn@f@NLJEAf@DN	Click to Generate
S2	60	1			3	Burton Roofing Merchants (S2)	Makro (S2)	Manor Park Medical Centre (S2)	5440	4080	s|xdIz}uGSSEO@g@KDOMo@g@UQYSg@g@Sr@Kd@c@`BMf@Ol@St@Of@_@fAS]Vu@Ni@CHK^Wt@R\a@z@u@`BUf@INmAfBOTkAvAUg@O[CISc@Sa@Sa@Q_@??m@bAu@tAVZNPDFV\TXX\RVELGJy@fB]`AK\g@dBSz@UhACPQjAKx@QvAIt@Kr@CNe@xBr@vAP\r@xABFl@hAd@|@@BDJFHFHJJn@f@JF\R~Az@@?B@F@@A@?B?@?BADELUR]v@sBv@wBf@uAb@cBXu@LSJQFIp@i@d@WTMLCf@W`AcAp@s@hC_BNUFOPWZ}@j@_Bd@sA~@oCVs@d@sA^iAL[LUTa@\e@Z[VSXO^Ol@QXORMTS^]v@kANYrBkDp@kACMAM@M@GDIFEFA??HBDHx@gAZc@TSVMRGF?PAjABz@BDgBJ}AJ{@VyB^_DP}AV{BTeBPsAPcAl@kBHO??FMpAeCGyAYyFCi@GoAK{B[QGEIEOMy@g@s@i@q@o@aAgAa@a@QWW]EIOSw@gAIMIGECICW?GBG@MBI?WR[n@uAhFg@nBaEzNk@bCi@`Cy@zDy@tDO`BkAlGE`@?^?^D^D\Lf@Lv@?b@A`@EXETMVONUFU?UEUSqBaBwAsAyAaAKGYOCBOXm@`@cApAYf@[z@f@f@XRTPn@f@NLJEAf@DNRR	Click to Generate
S2	45	1			3	Arbourthorne Community Primary School (S2)	Momma Katz (S2)	Newfield Green Library (S2)	3117	2338	cotdI|lyGAZG~@GdAKzACb@Gz@?FIfAGt@E`@Kz@EZEXG\_@SUMk@]i@]i@c@OKSSKIMK[_@Q[OSM[GOCEK]GSJKHGFADDDJBFFFBAtAy@??uAx@C@GGCGEKEEG@IFKJFRJ\BDFNLZNRPZZ^LJJHRRNJh@b@h@\j@\TL^RSz@Qv@Wx@Od@MXGNMXSd@EHGHMVHR@BBBHDJ?F?FC`B]r@On@OVGFAF?F?F?PD`@LH@l@XLHPJRAFAH?DCHCBGLW@EJSJQLSFIBG@AN[@EFIBENYR[HMJOTUPOhBaBLKJMJM`@k@BCPYf@s@AKAI?M?K?I@]AS?[A]EYISIMKGGAU@CBMJIJi@dAQ\g@`AUd@CBcAvBA?dAwBBCTe@f@aAP]h@eAHKLKBCTAF@JFHLHRDX@\?Z@RA\?H?JI?MJ[h@CBQVY`@AL?F?BHRKLKLMJiB`BQNUTKNILSZOXCDGHADOZA@CFGHMRKPKRADMVCFITEHCLKIGGEGGGQKMIm@YIAFu@HsA?IBe@@OEQMIK?a@NK@KEGKGOAS?C?WJo@@KPy@Py@H]@GLm@VqADSBKJw@@IAUCQIMICEAQHYTSRQRGDGFIBEA[EBc@J{AFeAF_A@[	Click to Generate
S2	20	1			3	East Bank Medical Centre (S2)	The Spires Centre (S2)	Springs Leisure Centre (S2)	1882	1412	k{tdIvxwGAFAXDVJTLFH@@`@B^BbAFrALCH?ZGNCb@Er@I`@G?YEqAC_@mANlAOHpB?XDAl@Ir@KI}@Gy@Em@AICe@C_@Ca@Cg@Ag@Ci@A]?_@AS?KAU?y@?q@?_A?e@@]@e@Bg@BW@]Dm@FaABi@Bc@D}@Bu@D}A@}@?G?Y?]?K?_@?]AQASCYF?FDP\N^WNQH?^?J?\?X?FA|@E|ACt@E|@Cb@Ch@G`AEl@A\CVCf@Ad@A\?d@?~@?N?`@?x@@T?J@R?^p@IJC~@Sx@ODE?G??Cu@UBe@nA_ARKBq@H@\Bh@@f@Bf@yARoBXOBQ@EWEQKKWCGDIHELCJ	Click to Generate
S2	45	1			3	Mandala (S2)	Heeley Sidings (S2)	The Hardy Pick (S2)	3228	2421	wgtdInn_H_@QGC@Y?G@IDUDQIIGEGIOMKIGGOIKEA\GnALBMCFoA@]HB@@NHFFJHNLFHFDHHZZl@d@X\dAhANPJJEJCFILCHEJKh@ITGXD\@B@@BFn@pARa@R]u@}AMV@R@Dj@hAS`@o@qAEIACE]FYAQDq@BKBQJS[]{@iAMQg@s@[[IIGEGIOMKIGGOIKEA\GnAKnCALCJEFYn@CD?DAD?B?D@D@DXj@fAzBLZFTDRF`@@^E@C@A?C@EBCDe@p@v@pBlAzCHPf@{@Se@GO_@}@JSV_@c@r@^|@FNRd@g@z@IQmA{Cw@qBEDCDCBGFIFEBSFOBa@DE?KJIFCBIFEACACCCAAGGQCIEMAGEKEOISQk@]u@oAeDg@kAeAgCi@oAMc@Y_ACMCICCEIEGEGGEa@UaAm@kBiAmAs@MIIIGGIIGMEIOc@EKAKCME]K}@Gc@Ks@ASEc@Ce@T@B?H?XAFAF?REZ?b@Av@A\?V?J@H@D@B@JDHDHHTRTTX\PTPTZd@`@n@f@t@f@t@HLFFDHLNDFBBVXLLFDXPNJNHPLTH\Pd@PHBFBZLz@\\PJDNHFFJHNLFHFDHHZZl@d@ELGRENADECUK	Click to Generate
S2	45	1			3	I Said Bread (S2)	Kingdom Hall of Jehovah's Witnesses (S2)	Meersbrook Park (S2)	3496	2622	q}sdIxi~GdAhBlCmGEcBmBHMaHKuG?G{BNG?E?o@DWBJlIDDt@ARAHlDHbFDZuCzG]z@wAfDgC~Fk@vAEJWj@Yp@CTz@\\PJDNHFFJHNLFHFDHHZZl@d@X\dAhANPJJPRPTRZDHDHN^LZZ`AZ~@v@hCV|@DLFRBFJd@DJBJPj@BHLQjAiAb@e@z@}@RUDEbAaAvAcACy@E_AEuBCoD@mAFyALsBDIHmA??IlAtDc@^EJ@Hw@LeAn@uDBS?_@?W?gDAqADo@BYLm@HMLISkDE[CQeAoFOu@U?_Be@e@G{@@a@JsC~@yCz@BbCDbBmClGeAiB	Click to Generate
S2	20	1			3	Boots (S2)	Alam Hill Books (S2)	Meersbrook Park Church (S2)	1691	1268	uhtdI`k_HDBZZl@d@X\dAhANPJJEJCFILCHEJKh@ITGXIA??AAAAEICEAEUg@BqAD@T^CjAEJ@DHN@@@@??H@FYAQDq@BKBQJS[]{@iAMQg@s@[[IIGEGIOMKIGGOIKE]Q{@]BUXq@Vk@DKj@wAxAiDdC}FHLpAvBiC`GiA~C_@hAY~@K^NLFHFDHHZZl@d@X\dAhANPJJPRPTRZ@BBDDHN^LZZ`A[k@KQIQOUOWWa@EGW[QQ[]{@iAMQg@s@[[EC	Click to Generate
S2	20	1			3	Boots (S2)	Alam Hill Books (S2)	Meersbrook Park Church (S2)	1682	1262	mhtdIfk_HXXl@d@X\dAhANPJJEJCFILCHEJKh@ITGXIA??AAAAEICEAEUg@BqAD@T^CjAEJ@DHN@@@@??H@FYAQDq@BKBQJS[]{@iAMQg@s@[[IIGEGIOMKIGGOIKE]Q{@]BUXq@Vk@DKj@wAxAiDdC}FHLpAvBiC`GiA~C_@hAY~@K^NLFHFDHHZZl@d@X\dAhANPJJPRPTRZ@BBDDHN^LZZ`A[k@KQIQOUOWWa@EGW[QQ[]{@iAMQg@s@YY	Click to Generate
S2	30	1			3	Nether Edge Primary School (S2)	Broadfield Park (S2)	Virgin Crucible (S2)	2329	1747	wwtdItjaHBITkANq@`@_CFc@d@uE^aEL_BFi@BM?EBG@EN]DFDHDHBDFFBBJHRPRNDDNJ\T\XRPQr@CFAFUhAAJ[zAERMj@AD?B?B?D@B@BJFr@d@FDFDl@wCBONu@XwAQWIKKMKKKKMKSQ]Y]UOKEESOSQKICCGGCEEIEIEGKUISCKGMEMCKCMIi@ESESEOGSc@w@GGC[BEHENIPI`@QDC\MJCFCHCDAD?R?@NBJ@F?R@R?JEh@A^Ab@?@EpA?HAHCHAHAFIVEJCHKVKUISCKGMEMCKCMIi@ESESEOGSc@w@GGC[BEHENIPI`@QDC\MJCFCHCDAD?R?P?F?PBD?`@ENCSkCCYCUCOIQIWM]Zk@[j@L\HVHPBNBTVdDOBa@DE?KJIFCBIF?R@R?JEh@A^Ad@EpA?HAHCHAHAFIVEJCHKVO\ADCF?DCLGh@M~A_@`Ee@tEGb@a@~BOp@UjACH	Click to Generate
S2	60	1			3	Woodbourn Road Stadium (S2)	Makro (S2)	Highfield Motors (S2)	4510	3382	efzdIt|vGBE~@iAPe@Bo@yFcGs@cAe@_@m@_@OGq@s@aAeAIGMGM\]bAMp@G\ADQlAd@ZLLAV?\FRN@??VIWHOAGS?]@WMMe@[PmA@EF]Lq@OMUQY[_@pAQt@Gb@a@~BIf@m@bDId@Kb@EPGPABAVAHCLJLFFDFZRZPpEhCxBlAJF@@lAn@d@VJDDBl@\^RbAj@b@V^Rl@\j@Vp@^NHt@d@BBNPPXT`@d@yBBOJs@Hu@PwAJy@PkABQTiAR{@f@eBJ]\aAx@gBFKDMSWY]UYW]EGOQW[t@uAl@cA??P^R`@R`@Rb@BHNZTf@[f@u@~@ELGJy@fB]`AK\g@dBSz@UhACPQjAKx@QvAIt@Kr@CNe@xBUa@QYOQCCu@e@OIq@_@k@Wm@]_@Sc@WcAk@_@Sm@]ECKEe@WmAo@AAKGyBmAqEiC[QOAM?KAKAQAM@SFURa@`@IHa@d@q@p@S\EDWVDNb@nBBHHd@XtAKXEGCEWZEMIQ??CFEJGKCGOWhAeAIe@CIc@oBEOK[BIBCPENEREp@q@`@e@HI`@a@TSHSNQJIDCF?JLFFDFZRZPpEhCxBlAJF@@lAn@d@VDI@GBC@I@I@I?K@q@@MBQDGFGLCj@DJANI`@aBX{@Vc@	Click to Generate
S2	45	1			3	Gleadless Medical Centre (S2)	Pizza City (S2)	Arbourthorne Community Primary School (S2)	3304	2478	ubtdIf_zGv@_BBCTe@f@aAP]h@eAHKLKBCTAF@JFHLHRDX@\?Z@RA\?H?J?L@H@Jg@r@QXCBa@j@KLKLMJiB`BQNUTKNILSZOXCDGHADOZA@CFGHMRKPKRADHNZl@??[m@IOMVCFITEHCLKIGGEGGGQKMIm@YIAFu@HsA?IBe@@OEQMIK?a@NK@KEGKGOAS?C?WJo@@KPy@Py@H]@GLm@VqADSBKJw@@IAUCQIMICEAQHYTSRQRGDGFIBEA[EBc@J{AFeAF_A@[B[By@@WBw@@m@Bo@@i@@g@@e@?G?M?O@c@G@MFa@Po@\aAj@a@VSLYPiBpAg@\e@\}@r@y@n@EBPbBJ|@D^Lr@Lp@BLFXDJJKHGFADDDJBFFFBAtAy@??uAx@C@GGCGEKEEG@IFKJFRJ\BDFNLZNRPZZ^LJJHRRNJh@b@h@\j@\TL^RSz@Qv@Wx@Od@MXGNMXSd@EHGHMVHR@BBBHDJ?F?FC`B]r@On@OVGFAF?F?F?PD`@LH@l@XLHPJRAFAH?DCHCBGLW@EJSJQLSFIBG@AN[@EFIBENYR[HMJOTUPOhBaBLKJMJM`@k@BCPYf@s@AKAI?M?K?I@]AS?[A]EYISIMKGGAU@CBMJIJi@dAQ\g@`AUd@CBw@~A	Click to Generate
S2	60	1			3	Path up to the Cholera Monument, Sheffield (S2)	Substantial Victorian houses in Norfolk Road (S2)	Sheffield Inclusion Centre (S2)	5721	4291	c|wdI`f|Gb@GB`@AF?BABABABC@A@u@LgAPG@EBEDABGJc@c@EC_A_ACCuAuA{@y@SQg@g@IKGMvAaDFMn@}Ad@gAtA}CBElCkGl@wA@CXo@JWhBkEfEmMBE@ABATA@k@@o@@y@BgA@QJyFJuFDuBD}BFoC?K@k@TUZ]fBeBRS^]BADEFG~BuBrFgFDEFEzCuCv@u@|@_ARQDEDEx@u@^]nAqA\m@~@cBf@aA^m@`@u@h@_AFMDIP[HMDIDKDEb@w@HKd@{@jBkDj@cABFBFj@lAVj@d@`ATf@Tf@@Bl@rAb@~@FL`@~@b@hARl@?BN`@UTu@t@qBjBw@v@eAbAcA~@I[Ke@GUw@_DCGIUOEIAGA?S?O?KCQKc@e@{AIUCGMc@KKGGIGCCEAK?i@~@a@t@_@l@g@`A_AbB]l@oApA_@\y@t@EDEDSP}@~@w@t@{CtCGDEDsFfF_CtBGFEDC@_@\SRgBdB[\UTAj@?JGnCE|BEtBKtFKxFAPCfAAx@An@Aj@U@C@A@CDgElMiBjEKVYn@ABm@vAmCjGCDuA|CuAdDGLwA`DFLHJf@f@RPz@x@tAtABB~@~@DBb@b@FK@CDEDCFA|B_@@ABA@C@C@C?C@GCa@c@F	Click to Generate
S2	30	1			3	Best Pizza (S2)	Alberts (S2)	Popeyes Pizza (S2)	2278	1708	mxudIjixGeAbAcA~@I[Ke@GUw@_DCGIUOEIAGA?S?O?KCQKc@e@{AIUCGMc@EQCE?EAGAG?CAI?I@I?I@E@CDIDKDEb@w@HKd@{@jBkDj@cA\q@N[\q@vAgCLU?CRYBCDINUNY^q@~AwC`ByC|A}C@DHNf@bALZBFPh@Lb@?BH\Jt@Hv@Dh@DCBEJMX_@RWTSTSNKHEP|BHrAJtBJ~BFfB@PFjB@z@@NBF@DBBLBp@K~@KF`BBv@@XBd@GDIHELCJAFAXUBOBgAT[L[NSL[RGFQLIFIDSR}AzAKH}@x@m@j@}@x@y@t@YsAQ{@U_AUTu@t@qBjBw@v@	Click to Generate
S2	20	1			3	The Spires Centre (S2)	East Bank Medical Centre (S2)	The Co-operative Food (S2)	1835	1376	altdIzpwG???FEDy@N_ARKBq@H?_@AS?KAU?y@?q@?_A?e@@]@e@Bg@BW@]Dm@FaABi@Bc@D}@Bu@D}A@}@?G?Y?]?K?_@?]AQASCYF?FDP\N^WNQH?^?J?\?X?FA|@E|ACt@E|@Cb@Ch@G`AEl@A\CVCf@Ad@A\?d@?~@?N?`@?x@@T?J@R?^@\Bh@@f@Bf@B`@B^Bd@@HDl@Fx@H|@s@Jm@HE@?YEqAC_@mANlAOHpB?Xa@Fs@Hc@DOB[FI?MBGsACcAC_@Aa@E_ACcAVBJJ??DPDVPANCnBYxASCg@Ag@Ci@A]p@IJC~@Sx@ODE?G??	Click to Generate
S2	60	1			3	Path up to the Cholera Monument, Sheffield (S2)	Substantial Victorian houses in Norfolk Road (S2)	Sheffield Inclusion Centre (S2)	5927	4445	k}wdIzs{GiAoBEGGCC?CAI?G@I@E?CAQUCDuA|CuAdDGLwA`DFLHJf@f@RPz@x@tAtABB~@~@DBb@b@FK@CDEDCFAfAQt@M@ABA@C@C@C?C@GCa@c@Fb@GB`@AF?BABABABC@A@}B^G@EBEDABGJc@c@EC_A_ACCuAuA{@y@SQg@g@IKGMvAaDFMn@}Ad@gAtA}CBElCkGl@wA@CXo@JWhBkEfEmMBE@ABATA@k@@o@@y@BgA@QJyFJuFDuBD}BFoC?K@k@TUZ]fBeBRS^]BADEFG~BuBrFgFDEFEzCuCv@u@|@_ARQDEDEx@u@^]nAqA\m@~@cBf@aA^m@`@u@h@_AFMDIP[HMDIDKDEb@w@HKd@{@jBkDj@cABFBFj@lAVj@d@`ATf@Tf@@Bl@rAb@~@FL`@~@b@hARl@?BN`@UTu@t@qBjBw@v@eAbAcA~@I[Ke@GUw@_DCGIUOEIAGA?S?O?KCQKc@e@{AIUCGMc@KKGGIGCCEAK?i@~@a@t@_@l@g@`A_AbB]l@oApA_@\y@t@EDEDSP}@~@w@t@{CtCGDEDsFfF_CtBGFEDC@_@\SRgBdB[\UTAj@?JGnCE|BEtBKtFKxFAPCfAAx@An@Aj@U@C@A@CDgElMiBjEKVYn@ABm@vAmCjGPTB@D?HAFAH?B@B?FBDFhAnB	Click to Generate
S2	60	1			3	Path up to the Cholera Monument, Sheffield (S2)	Substantial Victorian houses in Norfolk Road (S2)	Sheffield Inclusion Centre (S2)	5721	4291	c|wdI`f|Gb@GB`@AF?BABABABC@A@u@LgAPG@EBEDABGJc@c@EC_A_ACCuAuA{@y@SQg@g@IKGMvAaDFMn@}Ad@gAtA}CBElCkGl@wA@CXo@JWhBkEfEmMBE@ABATA@k@@o@@y@BgA@QJyFJuFDuBD}BFoC?K@k@TUZ]fBeBRS^]BADEFG~BuBrFgFDEFEzCuCv@u@|@_ARQDEDEx@u@^]nAqA\m@~@cBf@aA^m@`@u@h@_AFMDIP[HMDIDKDEb@w@HKd@{@jBkDj@cABFBFj@lAVj@d@`ATf@Tf@@Bl@rAb@~@FL`@~@b@hARl@?BN`@UTu@t@qBjBw@v@eAbAcA~@I[Ke@GUw@_DCGIUOEIAGA?S?O?KCQKc@e@{AIUCGMc@KKGGIGCCEAK?i@~@a@t@_@l@g@`A_AbB]l@oApA_@\y@t@EDEDSP}@~@w@t@{CtCGDEDsFfF_CtBGFEDC@_@\SRgBdB[\UTAj@?JGnCE|BEtBKtFKxFAPCfAAx@An@Aj@U@C@A@CDgElMiBjEKVYn@ABm@vAmCjGCDuA|CuAdDGLwA`DFLHJf@f@RPz@x@tAtABB~@~@DBb@b@FK@CDEDCFA|B_@@ABA@C@C@C?C@GCa@c@F	Click to Generate
S2	30	1			3	Windy House Lane Pocket Park (S2)	UBU (S2)	Leaves (S2)	2154	1616	}{udIl}uGXX~DjEELCFCBg@^AGGW??FV@Ff@_@BCBGDMNNzA|At@x@@?l@p@IJcAnAGF{@v@w@^k@^u@Ts@RYDYDg@HG??TBx@Bl@Fj@FX@HDRJ\`AzB`AtBJR@BLYRYBCDINUNY^q@BEzAqC`ByC|A}C^q@`AgB`AmBVo@Xw@L[d@y@@E@E?C@E?E?G?E?C?EAC?A?EAEAEAGCEAEEG[SmBkAGT]xAENa@jAq@|ASb@Q\_@r@q@z@pBvC??qBwCm@q@A?u@y@{A}AOO_EkEYY	Click to Generate
S2	45	1			3	Virgin Crucible (S2)	The Hardy Pick (S2)	Boots (S2)	3637	2728	cotdIvp`HGESQKICCGGCEEIEIEGKUISCKGMEMCKCMIi@ESESEOGSc@w@GGC[BEHENIPI`@QDC\MJCFCHCDAD?R?P?F?PBD?`@ENCWeDCUCOIQIWM]Zk@[j@L\HVHPBNBTBXRjCRGDCHGFGBCBEDEv@pBlAzCHPf@{@Se@GO_@}@JSV_@c@r@^|@FNRd@g@z@IQmA{Cw@qBEDCDCBGFIFEBSFOBa@DE?KJIFCBIFEACACCCAAGGQCIEMAGEKEOISQk@]u@oAeDg@kAeAgCi@oAMc@Y_ACMCICCEIEGEGGEa@UaAm@kBiAmAs@MIIIGGIIGMEIOc@EKAKCME]K}@Gc@Ks@ASEc@Ce@T@B?H?XAFAF?REZ?b@Av@A\?V?J@H@D@B@JDHDHHTRTTX\PTPTZd@`@n@f@t@f@t@HLFFDHLNDFBBVXLLFDXPNJNHPLTH\Pd@PHBFBZLz@\\PJDNHFFJHNLFHFDHHZZl@d@X\dAhANPJJEJCFILCHEJKh@ITGXIA??AAAAEICEAEUg@BqAD@T^CjAEJ@DHN@@@@??H@FYAQDq@BKBQJS[]{@iAMQg@s@[[IIGEGIOMKIGGOIKEA\GnAKnCALCJEFYn@CD?DAD?B?D@D@DXj@fAzBLZFTDRF`@@^E@C@A?C@EBCDe@p@EDCDCBGFIFEBSFOBa@DE?KJIFCBIF?R@R?JEh@A^Ad@EpA?`A?f@?L?P?JBVRPFD	Click to Generate
S2	20	1			3	The Spires Centre (S2)	East Bank Medical Centre (S2)	The Co-operative Food (S2)	1835	1376	altdIzpwG???FEDy@N_ARKBq@H?_@AS?KAU?y@?q@?_A?e@@]@e@Bg@BW@]Dm@FaABi@Bc@D}@Bu@D}A@}@?G?Y?]?K?_@?]AQASCYF?FDP\N^WNQH?^?J?\?X?FA|@E|ACt@E|@Cb@Ch@G`AEl@A\CVCf@Ad@A\?d@?~@?N?`@?x@@T?J@R?^@\Bh@@f@Bf@B`@B^Bd@@HDl@Fx@H|@s@Jm@HE@?YEqAC_@mANlAOHpB?Xa@Fs@Hc@DOB[FI?MBGsACcAC_@Aa@E_ACcAVBJJ??DPDVPANCnBYxASCg@Ag@Ci@A]p@IJC~@Sx@ODE?G??	Click to Generate
S2	45	1			3	Windy House Lane Pocket Park (S2)	Archdale School (S2)	UBU (S2)	3653	2740	gavdIr{uG`@K?Q@QF[JWHIJGHCP@LBDDDHDNHZ@N@NAJAL?BETt@v@~DjEELCFCBg@^AGGW??FV@Ff@_@BCBGDM_EkEu@w@CFCFGJEDGDEBE@I@EAGAECEEGGEKIWE]?Q@QF[JWHIJGHC?SMaEE_CGqAKk@Qi@Uc@IKMM_@Ym@a@c@WGEAFEBC@E?ECCCCG?I?IICaDwAUMCN?@CFg@hA]v@BFBBP`@[p@[p@Xn@\o@??]n@Yo@Zq@Zq@Qa@CCCG\w@f@iABG?ABOTL`DvAHB@IBGBEDAF@BB@BBF@F?FAFADFDb@Vl@`@^XLLHJTb@Ph@Jj@FpAD~BL`E?RP@LBDDDHDNHZ@N@NAJAL?BETCFCFGJEDGDEBE@VnJBrADxAH|C@N?TBx@Bl@Fj@FX@HDRJ\`AzB`AtBJR@BLYRYBCDINUNY^q@BEzAqC`ByC|A}C^q@`AgB`AmBVo@Xw@L[d@y@@E@E?C@E?E?G?E?C?EAC?A?EAEAEAGCEAEEG[SmBkA_BcAsA}@UQoA_Ae@g@EIY]MLKHQB]?QKSSQPyA|AABe@f@w@v@Y\AJAL?BETCFCFGJEDGDEBE@I@EAGAECEEGGEKIWE]a@J	Click to Generate
S2	20	1			3	Manor Park Medical Centre (S2)	Temple Park Centre (S2)	Castle View Park (S2)	1802	1352	qzwdItbvGWm@CCGGIGICGAG?GBWVCDC?A?MIp@kACMAM@M@GDIFEFA??HBDHx@gAZc@TSVMRGF?ARGV?p@?I?g@FW@SG?SFWLUR[b@y@fADJ@L?FCLEJrAjCr@`Bl@bBJSh@{@NUHEHAL?jBb@jA`@zBp@^Lp@T|Ah@l@^Zb@Pb@BH@DHd@Dr@A`AKv@ENe@jAe@aAQUyDq@WGaAOq@a@QSUe@KO^}@\cBNwBkAa@kBc@M?I@IDOTi@z@KRm@cBOV_@}@k@qA	Click to Generate
S2	30	1			3	Temple Park Centre (S2)	Castle View Park (S2)	Manor Park Medical Centre (S2)	2428	1821	ufwdIlmuGABBl@Wf@]p@_AlBw@~@s@b@q@Jq@@g@E{@CkACQ@ARGV?p@?I?g@FW@SG?SFWLUR[b@y@fADJ@L?FCLEJrAjCr@`Bl@bBJSh@{@NUHEHAL?jBb@jA`@zBp@^Lp@T|Ah@l@^Zb@Pb@BH@DHd@Dr@A`AKv@ENe@jAe@aAQUyDq@WGaAOq@a@QSUe@KO^}@\cBNwBkAa@kBc@M?I@IDOTi@z@KRm@cBs@aBsAkCEDK@GCGICMAM@M@GDIFEFA??HBDHx@gAZc@TSVMRGF?PAjABz@Bf@Dp@Ap@Kr@c@v@_A~@mB\q@Vg@Cm@@C	Click to Generate
S2	60	1			3	Cholera Monument, Sheffield (S2)	Path up to the Cholera Monument, Sheffield (S2)	Sheffield Inclusion Centre (S2)	6087	4565	cfxdItv{Go@|AGLjAlBIZADAF?D?\?z@?F@DBFBFCGCGAE?G?{@?]?E@G@EH[??kAmBwA`DFLHJf@f@RPz@x@tAtABB~@~@DBb@b@FK@CDEDCFAfAQt@M@ABA@C@C@C?C@GCa@c@Fb@GB`@AF?BABABABC@A@}B^G@EBEDABGJc@c@EC_A_ACCuAuA{@y@SQg@g@IKGMCECICImAqEWcAW}@Su@EQCKEKQu@y@}CMi@Kc@HIHKNO`AeANS`AeANSDEFE`@e@dCgDLSXe@JSP_@h@yAzAqEJWhHaTBKBITo@b@sAf@sAL]P]b@}@`@u@d@s@DGFINOTUZ]fBeBRS^]BADEFG~BuBrFgFDEFEzCuCv@u@|@_ARQDEDEx@u@^]nAqA\m@~@cBf@aA^m@`@u@h@_AFMDIP[HMDIDKDEb@w@HKd@{@jBkDj@cABFBFj@lAVj@d@`ATf@Tf@@Bl@rAb@~@FL`@~@b@hARl@?BN`@UTu@t@qBjBw@v@eAbAcA~@I[Ke@GUw@_DCGIUOEIAGA?S?O?KCQKc@e@{AIUCGMc@KKGGIGCCEAK?i@~@a@t@_@l@g@`A_AbB]l@oApA_@\y@t@EDEDSP}@~@w@t@{CtCGDEDsFfF_CtBGFEDC@_@\SRgBdB[\UTAj@?JGnCE|BEtBKtFKxFAPCfAAx@An@Aj@U@C@A@CDgElMiBjEKVYn@ABm@vAmCjGCDuA|Ce@fA	Click to Generate
S2	20	1			3	Broadfield Park (S2)	The Hardy Pick (S2)	Virgin Crucible (S2)	1824	1368	iltdI`s`HYW]UOKEESOSQKICCGGCEEIEIEGKUISCKGMEMCKCMIi@ESESEOGSc@w@GGC[BEHENIPI`@QDC\MJCFCHCDAD?R?@NBJ@F?R@R?JEh@A^Ab@?@EpA?HAHCHAHAFIVEJCHKVKUISCKGMEMCKCMIi@ESESEOGSc@w@GGC[BEHENIPI`@QDC\MJCFCHCDAD?R?P?F?PBD?`@ENCRGDCHGFGBCBEDEv@pBlAzCHPf@{@Se@GO_@}@JSV_@c@r@^|@FNRd@g@z@IQmA{Cw@qBEDCDCBGFIFEBSFSkCCYCUCOIQIWM]Zk@[j@L\HVHPBNBTVdDOBa@DE?KJIFCBIF?R@R?JEh@A^Ad@EpA?`A?f@?L?P?JBVRPRNDDNJ\TXV	Click to Generate
S2	20	1			3	Alam Hill Books (S2)	Boots (S2)	Meersbrook Park Church (S2)	1457	1093	gitdInh_HRq@^iAhA_DhCaGqAwBIMeC|FyAhDk@vAEJWj@Yp@CTz@\\PJDNHFFJHNLFHFDHHZZl@d@X\dAhANPJJEJCFILCHEJKh@ITGXIA??AAAAEICEAEUg@BqAD@T^CjAEJ@DHN@@@@??H@FYAQDq@BKBQJSNMJJPRPTRZ@BBDDHN^LZZ`A[k@KQIQOUOWWa@EGW[QQ[]{@iAMQg@s@[[IIGEGIOMJ_@DM	Click to Generate
S2	20	1			3	Gin Bar (S2)	Broadfield Park (S2)	The Hardy Pick (S2)	1711	1283	{ktdIls`HII]Y]UOKEESOSQKICCGGCEEIEIEGKUISCKGMEMCKCMIi@ESESEOGSc@w@GGGGGIQYGPEFMVDL@@BH?F?vC?V?zB?|@A\AZCn@\J@?B@@B@@@B@BBD?B@D?FHlA?B?B@D?B@@@B@B@@@@BB@?B@VH^aEL_BFi@@C@I?EBG@EN]JWBIDKHW@G@IBI@I?IDqA?A@c@@_@Eg@ASAMASCQGQR?P?F?PBD?`@ENCRGDCHGFGBCBEDEv@pBlAzCHPf@{@Se@GO_@}@JSV_@c@r@^|@FNRd@g@z@IQmA{Cw@qBEDCDCBGFIFEBSFOBa@DE?KJIFCBIF?R@R?JEh@A^Ad@EpA?`A?f@?L?P?JBVRPRNDDNJ\T\XHH	Click to Generate
S2	20	1			3	Top Chopper (S2)	Broadfield Park (S2)	The Hardy Pick (S2)	1645	1234	kktdIzs`HEESQ]Y]UOKEESOSQKIEd@?BDi@CCGGCEEIEIEGKUISCKGMEMCKCMIi@ESESEOGSc@w@GGC[BEHENIPI`@QDC\MJCFCHCDAD?R?@NBJ@F?R@R?JEh@A^Ab@?@EpA?HAHCHAHAFIVEJCHKVKUISCKGMEMCKCMIi@ESESEOGSc@w@GGC[BEHENIPI`@QDC\MJCFCHCDAD?R?P?F?PBD?`@ENCRGDCHGFGBCBEDEv@pBlAzCHPf@{@Se@GO_@}@JSV_@c@r@^|@FNRd@g@z@IQmA{Cw@qBEDCDCBGFIFEBSFOBa@DE?KJIFCBIF?R@R?JEh@A^Ad@EpA?`A?f@?L?P?JBVRPRNDDNJ\T\XRPDD	Click to Generate
S2	20	1			3	Manor Park Medical Centre (S2)	St Vincent's (S2)	Hair & Beauty Lounge (S2)	1477	1108	ewwdI`{uG?g@FW@SG?SFWLUR[b@y@fADJ@L?FCLEJEDK@GCGICMAM@M@GDIFEFA??HBDHDJ@L?FCLEJrAjCr@`BOV_@}@k@qAWm@CCGGIGICGAG?GBWVCDC?A?MIp@kACMAM@M@GDIFEFAHBDHx@gAZc@TSVMRGF?PAjABz@Bf@Dp@Ap@Kr@c@v@_A~@mB\q@Vg@Cm@??^w@ZHq@tAEDWf@]p@_AlBw@~@s@b@q@Jq@@g@E{@CkACQ@ARGV?f@	Click to Generate
S2	20	1			3	Well Pharmacy (S2)	Gleadless Medical Centre (S2)	Pizza City (S2)	2040	1530	a}sdIt~yG??AL?F?BHRKLKLMJiB`BQNUT??KNILSZOXCDGHADOZA@CFGHMRKPKRADHNZl@??[m@IOMVCFITEHCLKIGGEGGGQKMIm@YIAFu@HsA?IBe@@OEQMIK?a@NK@KEGKGOAS?C?WJo@@KPy@Py@H]@GLm@VqADSBKJw@@IAUCQIMICEAQHYTSRQRGDGFIBEA[EBc@J{AFeAF_A@[B[By@@WfATB_@C^gAUAVCx@Ev@G~@GdAKzACb@Gz@?FIfAGt@E`@Kz@EZEXG\Sz@Qv@Wx@Od@MXGNMXSd@EHGHMVHR@BBBHDJ?F?FC`B]r@On@OVGFAF?F?F?PD`@LH@l@XLHPJRAFAH?DCHCBGLW@EJSJQLSFIBG@AN[@EFIBENYR[HMJOTUPOhBaBLKJMJMIS?C?G@M??	Click to Generate
S2	15	1			3	Another Level (S2)	Alam Hill Books (S2)	Boots (S2)	1435	1076	gktdIzh_HHDNHFFJHNLFHFDHHZZj@b@@@ELg@s@[[IIGEGIOMKIGGOIKE]Q{@]BUXq@Vk@DKj@wAxAiDdC}FHLpAvBiC`GiA~C_@hAY~@K^NLFHFDHHZZl@d@X\dAhANPJJEJCFILCHEJKh@ITGXIA??AAAAEICEAEUg@BqAD@T^CjAEJ@DHN@@@@??H@FYAQDq@BKBQJS[]{@iAMQg@s@[[IIGEGIOMKIGGOIIE	Click to Generate
S2	30	1			3	Newfield Green Clinic (S2)	Newfield Green Dental Surgery (S2)	Pizza City (S2)	2422	1816	g~sdIrazGaBxAQNUTKNILSZOXKSGK??FJJRCDGHADOZA@CFGHMRKPKRADMVCFITEHCLKIGGEGGGQKMIm@YIAFu@HsA?Ic@Gb@F?HIrAGt@H@l@XLHPJRAD?@AH?DCHCBGLW@EJSJQLSFIBG@AN[@EFIBEKSGKFJJRCDGHADOZA@CFGHMRKPKRADMVCFITEHCLKIGGEGGGQKMIm@YIAFu@HsA?IBe@@OEQMIK?a@NK@KEGKGOAS?C?WJo@@KPy@Py@H]@GLm@VqADSBKJw@@IAUCQIMICEAQHYTSRQRGDGFIBEA[EBc@J{AFeAF_A@[B[By@@WfATB_@C^gAUAVCx@Ev@G~@GdAKzACb@Gz@?FIfAGt@E`@Kz@EZEXG\Sz@Qv@Wx@Od@MXGNMXSd@EHGHMVHR@BBBHDJ?F?FC`B]r@On@OVGFAF?F?F?PD`@LH@l@XLHPJRAFAH?DCHCBGLW@EJSJQLSFIBG@AN[@EFIBENYR[HMJOTUPO`ByA	Click to Generate
S2	60	1			3	Path near the Cholera Monument, Sheffield (S2)	Path up to the Cholera Monument, Sheffield (S2)	Sheffield Inclusion Centre (S2)	6939	5204	c|wdI`f|Gb@GB`@AF?BABABABC@A@}B^G@EBEDABGJc@c@EC_A_ACCuAuA{@y@SQg@g@IKGMvAaDjAlBIZADAF?D?\?z@?F@DBFBFCGCGAE?G?{@?]?E@G@EH[??kAmBwA`DFLHJf@f@RPz@x@tAtABB~@~@DBb@b@FK@CDEDCFAfAQt@M@ABA@C@C@C?C@GCa@c@Fb@GB`@AF?BABABABC@A@}B^G@EBEDABGJc@c@EC_A_ACCuAuA{@y@SQg@g@IKGMCECICImAqEWcAW}@Su@EQCKEKQu@y@}CMi@Kc@HIHKNO`AeANS`AeANSDEFE`@e@dCgDLSXe@JSP_@h@yAzAqEJWhHaTBKBITo@b@sAf@sAL]P]b@}@`@u@d@s@DGFINOTUZ]fBeBRS^]BADEFG~BuBrFgFDEFEzCuCv@u@|@_ARQDEDEx@u@^]nAqA\m@~@cBf@aA^m@`@u@h@_AFMDIP[HMDIDKDEb@w@HKd@{@jBkDj@cABFBFj@lAVj@d@`ATf@Tf@@Bl@rAb@~@FL`@~@b@hARl@?BN`@UTu@t@qBjBw@v@eAbAcA~@I[Ke@GUw@_DCGIUOEIAGA?S?O?KCQKc@e@{AIUCGMc@KKGGIGCCEAK?i@~@a@t@_@l@g@`A_AbB]l@oApA_@\y@t@EDEDSP}@~@w@t@{CtCGDEDsFfF_CtBGFEDC@_@\SRgBdB[\UTAj@?JGnCE|BEtBKtFKxFAPCfAAx@An@Aj@U@C@A@CDgElMiBjEKVYn@ABm@vAmCjGCDuA|CuAdDGLwA`DFLHJf@f@RPz@x@tAtABB~@~@DBb@b@FK@CDEDCFA|B_@@ABA@C@C@C?C@GCa@c@F	Click to Generate
S2	60	1			3	Path up to the Cholera Monument, Sheffield (S2)	Substantial Victorian houses in Norfolk Road (S2)	Sheffield Inclusion Centre (S2)	5721	4291	c|wdI`f|Gb@GB`@AF?BABABABC@A@u@LgAPG@EBEDABGJc@c@EC_A_ACCuAuA{@y@SQg@g@IKGMvAaDFMn@}Ad@gAtA}CBElCkGl@wA@CXo@JWhBkEfEmMBE@ABATA@k@@o@@y@BgA@QJyFJuFDuBD}BFoC?K@k@TUZ]fBeBRS^]BADEFG~BuBrFgFDEFEzCuCv@u@|@_ARQDEDEx@u@^]nAqA\m@~@cBf@aA^m@`@u@h@_AFMDIP[HMDIDKDEb@w@HKd@{@jBkDj@cABFBFj@lAVj@d@`ATf@Tf@@Bl@rAb@~@FL`@~@b@hARl@?BN`@UTu@t@qBjBw@v@eAbAcA~@I[Ke@GUw@_DCGIUOEIAGA?S?O?KCQKc@e@{AIUCGMc@KKGGIGCCEAK?i@~@a@t@_@l@g@`A_AbB]l@oApA_@\y@t@EDEDSP}@~@w@t@{CtCGDEDsFfF_CtBGFEDC@_@\SRgBdB[\UTAj@?JGnCE|BEtBKtFKxFAPCfAAx@An@Aj@U@C@A@CDgElMiBjEKVYn@ABm@vAmCjGCDuA|CuAdDGLwA`DFLHJf@f@RPz@x@tAtABB~@~@DBb@b@FK@CDEDCFA|B_@@ABA@C@C@C?C@GCa@c@F	Click to Generate
S2	20	1			3	East Bank Medical Centre (S2)	The Spires Centre (S2)	Springs Leisure Centre (S2)	1846	1384	kytdI|wwG??DPDV?\IRGLSH@`@B^BbAFrALCH?ZGNCb@Er@I`@G?YEqAC_@mANlAOHpB?XDAl@Ir@KI}@Gy@Em@AICe@C_@Ca@Cg@Ag@Ci@A]?_@AS?KAU?y@?q@?_A?e@@]@e@Bg@BW@]Dm@FaABi@Bc@D}@Bu@D}A@}@?G?Y?]?K?_@?]AQASCYF?FDP\N^WNQH?^?J?\?X?FA|@E|ACt@E|@Cb@Ch@G`AEl@A\CVCf@Ad@A\?d@?~@?N?`@?x@@T?J@R?^p@IJC~@Sx@ODE?G??Cu@UBe@nA_ARKBq@H@\Bh@@f@Bf@yARoBXOBQ@EWEQ??	Click to Generate
S2	30	1			3	Porcelanosa (S2)	Meersbrook Park Church (S2)	Virgin Crucible (S2)	2946	2210	wctdIjw_HEIACE]FYAQDq@BKBQJS[]{@iAMQGRENADECUK_@QGC@Y?G@IDUDQZZl@d@X\dAhANPJJPRPTRZ@BBDDHN^LZZ`A[k@KQIQOUOWWa@EGW[QQ[]{@iAMQg@s@[[IIGEGIOMKIGGOIKEA\GnAKnCALCJEFYn@CD?DAD?B?D@D@DXj@fAzBLZFTDRF`@@^E@C@A?C@EBCDe@p@EDCDCBGFIFEBSFSkCCYCUCOIQIWM]Zk@[j@L\HVHPBNBTVdDOBa@DE?KJIFCBIFEACACCCAAGGQCIEMAGEKEOISQk@]u@oAeDg@kAeAgCi@oAMc@Y_ACMCICCEIEGEGGEa@UaAm@kBiAmAs@MIIIGGIIGMEIOc@EKAKCME]K}@Gc@Ks@ASEc@Ce@T@B?H?XAFAF?REZ?b@Av@A\?V?J@H@D@B@JDHDHHTRTTX\PTPTZd@`@n@f@t@f@t@HLFFDHLNDFBBVXLLFDXPNJNHPLTH\Pd@PHBFBZLz@\\PJDNHFFJHNLFHFDHHZZl@d@X\dAhANPJJEJCFILCHEJKh@ITGXD\@BDH	Click to Generate
S2	45	1			3	Boots (S2)	Broadfield Park (S2)	Virgin Crucible (S2)	3525	2644	wftdI`c`HKR^|@FNRd@g@z@IQmA{Cw@qBEDCDCBGFIFEBSFOBa@DE?KJIFCBIFEACACCCAAGGQCIEMAGEKEOISQk@]u@oAeDg@kAeAgCi@oAMc@Y_ACMCICCEIEGEGGEa@UaAm@kBiAmAs@MIIIGGIIGMEIOc@EKAKCME]K}@Gc@Ks@ASEc@Ce@T@B?H?XAFAF?REZ?b@Av@A\?V?J@H@D@B@JDHDHHTRTTX\PTPTZd@`@n@f@t@f@t@HLFFDHLNDFBBVXLLFDXPNJNHPLTH\Pd@PHBFBZLz@\\PJDNHFFJHNLFHFDHHZZl@d@X\dAhANPJJEJCFILCHEJKh@ITGXIA??AAAAEICEAEUg@BqAD@T^CjAEJ@DHN@@@@??H@FYAQDq@BKBQJS[]{@iAMQg@s@[[IIGEGIOMKIGGOIKEA\GnAKnCALCJEFYn@CD?DAD?B?D@D@DXj@fAzBLZFTDRF`@@^E@C@A?C@EBCDe@p@EDCDCBGFIFEBSFOBa@DE?KJIFCBIF?R@R?JEh@A^Ab@?@EpA?HAHCHAHAFIVEJCHKVKUISCKGMEMCKCMIi@ESESEOGSc@w@GGC[BEHENIPI`@QDC\MJCFCHCDAD?R?P?F?PBD?`@ENCWeDCUCOIQIWM]Zk@[j@L\HVHPBNBTBXRjCRGDCHGFGBCBEDEv@pBlAzCHPf@{@Se@GO_@}@JS	Click to Generate
S2	20	1			3	Boots (S2)	Alam Hill Books (S2)	Meersbrook Park Church (S2)	1675	1256	ihtdIlk_HTRl@d@X\dAhANPJJEJCFILCHEJKh@ITGXIA??AAAAEICEAEUg@BqAD@T^CjAEJ@DHN@@@@??H@FYAQDq@BKBQJS[]{@iAMQg@s@[[IIGEGIOMKIGGOIKE]Q{@]BUXq@Vk@DKj@wAxAiDdC}FHLpAvBiC`GiA~C_@hAY~@K^NLFHFDHHZZl@d@X\dAhANPJJPRPTRZ@BBDDHN^LZZ`A[k@KQIQOUOWWa@EGW[QQ[]{@iAMQg@s@US	Click to Generate
S2	20	1			3	Temple Park Centre (S2)	Manor Park Medical Centre (S2)	Castle View Park (S2)	1839	1379	exwdIhkvGDIF[?SA[Gc@CINWs@aBsAkCEDK@GCGICMAM@M@GDIFEFAHBDHx@gAZc@TSVMRGF?ARGV?p@?I?g@FW@SG?SFWLUR[b@y@fADJ@L?FCLEJEDK@GCGICMAM@M@GDIFEFA??HBDHDJ@L?FCLEJrAjCr@`Bl@bBJSh@{@NUHEHAL?jBb@jA`@zBp@^Lp@T|Ah@l@^Zb@Pb@BH@DHd@Dr@A`AKv@ENe@jAe@aAQUyDq@WGaAOq@a@QSUe@KOa@n@mBxCoAyCoAyCZi@IOLU	Click to Generate
S2	45	1			3	Bronze & Polished (S2)	Sheffield Inclusion Centre (S2)	Leaves (S2)	3066	2300	kyudIthwGrAaCLYRYBCDINUNYJORa@~AwC`ByC|A}C@DHNf@bALZBFPh@Lb@?BH\Jt@Hv@Dh@@JIJMRQ^]r@m@nA@TPvBNjCHhBFjAD|ADlAB~@G?I@MHo@l@k@h@k@h@gAdAa@^WTUTu@t@qBjBw@v@eAbAcA~@I[Ke@GUw@_DCGIUOEIAGA?S?O?KCQKc@e@{AIUCGMc@EQCE?EAGAG?CAI?I@I?I@E@CDIDKDEb@w@HKd@{@jBkDj@cA\q@l@mAvAgCACKSaAuBaA{BK]ESAIGYGk@Cm@Cy@?UF?f@IXEXEr@St@Uj@_@v@_@z@w@FGbAoAHKpBvC??qBwCIJcAnAGF{@v@w@^k@^u@Ts@RYDYDg@HG??TBx@Bl@Fj@FX@HDRJ\`AzB`AtBJR@BsA`C	Click to Generate
S2	15	1			3	Springs Leisure Centre (S2)	The Co-operative Food (S2)	East Bank Medical Centre (S2)	1218	914	crtdIhmwG?`@?x@@T?J@R?^p@IJC~@Sx@ODE?G??Cu@UBe@nA_ARKBq@H@\Bh@@f@Bf@yARoBXOBQ@EWEQ??KKWCGDIHELERAXDVJTLFH@@`@B^BbAFrALCH?ZGNCb@Er@I`@G?YEqAC_@mANlAOHpB?XDAl@Ir@KI}@Gy@Em@AICe@C_@Ca@Cg@Ag@Ci@A]?_@AS?KAU?y@?a@	Click to Generate
S2	15	1			3	International Automatic Cars (S2)	Boots (S2)	Meersbrook Park Church (S2)	1408	1056	wetdI~i_H{AaBY~@K^KIGGOIKE]Q{@]BUXq@Vk@DKPXVd@H@t@aBu@`BIACES_@QYEJWj@Yp@CTz@\\PJDNHFFJHNLFHFDHHZZl@d@X\dAhANPJJEJCFILCHEJKh@ITGXIA??AAAAEICEAEUg@BqAD@T^CjAEJ@DHN@@@@??H@FYAQDq@BKBQJSNMJJPRPTRZ@BBDDHN^LZZ`A[k@KQIQOUOWWa@EGW[QQ[]{@iAMQg@s@[[IIGEGIOMJ_@X_AzA`B	Click to Generate
S2	20	1			3	MJ Dressmaker & Designer (S2)	Broadfield Park (S2)	Virgin Crucible (S2)	1965	1474	qptdIzp`HDe@JHRPRNDDNJ\T\XRPQr@CFAFWtA[zAERMj@AD?B?B?D@B@BJFr@d@FDFDl@wCBONu@XwAQWIKKMKKKKMK??SQ]Y]UOKEESOSQKICCGGCEEIEIEGKUISCKGMEMCKCMIi@ESESEOGSc@w@GGC[BEHENIPI`@QDC\MJCFCHCDAD?R?@NBJ@F?R@R?JEh@A^Ab@?@EpA?HAHCHAHAFIVEJCHKVKUISCKGMEMCKCMIi@ESESEOGSc@w@GGC[BEHENIPI`@QDC\MJCFCHCDAD?R?P?F?PBD?`@ENCSkCCYCUCOIQIWM]Zk@[j@L\HVHPBNBTVdDOBa@DE?KJIFCBIF?R@R?JEh@A^Ad@EpA?`A?f@?L?P?JBVRPRNDDNJ\TPcA@I`@wB@GAFa@vBAHQbA]UOKEESOSQKIEd@	Click to Generate
S2	20	1			3	Broadfield Park (S2)	Virgin Crucible (S2)	The Hardy Pick (S2)	1729	1297	untdIbq`HAASOSQKICCGGCEEIEIEGKUISCKGMEMCKCMIi@ESESEOGSc@w@GGC[BEHENIPI`@QDC\MJCFCHCDAD?R?@NBJ@F?R@R?JEh@A^Ab@?@EpA?HAHCHAHAFIVEJCHKVKUISCKGMEMCKCMIi@ESESEOGSc@w@GGC[BEHENIPI`@QDC\MJCFCHCDAD?R?P?F?PBD?`@ENCWeDCUCOIQIWM]Zk@[j@L\HVHPBNBTBXRjCRGDCHGFGBCBEDEv@pBlAzCHPf@{@Se@GO_@}@JSV_@c@r@^|@FNRd@g@z@IQmA{Cw@qBEDCDCBGFIFEBSFOBa@DE?KJIFCBIF?R@R?JEh@A^Ad@EpA?`A?f@?L?P?JBVRPRN@@	Click to Generate
S2	30	1			3	Kwik Fit (S2)	Leaves (S2)	Windy House Lane Pocket Park (S2)	2300	1725	gsudIh_wGCD_@p@OXOTEHCBSXMXwAfCm@lA]p@k@bAkBjDe@z@CEEIk@mAj@lADHBDd@{@jBkDj@cA\q@l@mAdAkBP[ACKSaAuBaA{BK]ESAIGYGk@Cm@Cy@?UF?f@IXEXEr@St@Uj@_@v@_@z@w@FGbAoAHKpBvC??qBwCm@q@A?u@y@{A}AOOELCFCBg@^AGGW??FV@Ff@_@BCBGDMNNzA|At@x@@?l@p@IJcAnAGF{@v@w@^k@^u@Ts@RYDYDg@HG??TBx@Bl@Fj@FX@HDRJ\`AzB`AtBJR@BLYRYBCDINUNY^q@BE	Click to Generate
S2	20	1			3	Temple Park Centre (S2)	Manor Park Medical Centre (S2)	Castle View Park (S2)	1839	1379	axwdItgvG?ECINWs@aBsAkCEDK@GCGICMAM@M@GDIFEFAHBDHx@gAZc@TSVMRGF?ARGV?p@?I?g@FW@SG?SFWLUR[b@y@fADJ@L?FCLEJEDK@GCGICMAM@M@GDIFEFA??HBDHDJ@L?FCLEJrAjCr@`Bl@bBJSh@{@NUHEHAL?jBb@jA`@zBp@^Lp@T|Ah@l@^Zb@Pb@BH@DHd@Dr@A`AKv@ENe@jAe@aAQUyDq@WGaAOq@a@QSUe@KOa@n@mBxCoAyCoAyCZi@IOR_@F[?SA[G]	Click to Generate
S2	45	1			3	Kingdom Hall of Jehovah's Witnesses (S2)	I Said Bread (S2)	Meersbrook Park (S2)	3633	2725	}`tdIvm~G_AvB]z@_FfLeA_BdA~AfC_GvAgD\{@tC{GE[IcFImDS@u@@EEKmIVCn@ED?F?zBO?FJtGnBKF~CxC{@rC_A`@Kz@Ad@F~Ad@T?Nt@dAnFBPDZRjDMHILMl@CXEn@@pA?fD?V?^CRo@tDMdAIv@KA_@DuDb@HmA??IlAEHMrBGxAAlABnDDtBD~@Bx@wAbAcA`AEDST{@|@c@d@kAhAMPCIQk@CKEKKe@CGGSEMW}@w@iC[_A[k@KQIQOUOWWa@EGW[QQ[]{@iAMQg@s@[[IIGEGIOMKIGGOIKE]Q{@]BUXq@Vk@DKj@wA~EgL\{@~@wB	Click to Generate
S2	45	1			3	Broadfield Park (S2)	The Hardy Pick (S2)	Boots (S2)	3409	2557	mmtdId}_HRjCOBa@DE?KJIFCBIF?R@R?JEh@A^Ab@?@EpA?HAHCHAHAFIVEJCHKVKUISCKGMEMCKCMIi@ESESEOGSc@w@GGC[BEHENIPI`@QDC\MJCFCHCDAD?R?P?F?PBD?`@ENCRGDCHGFGBCBEDEv@pBlAzCHPf@{@Se@GO_@}@JSV_@c@r@^|@FNRd@g@z@IQmA{Cw@qBEDCDCBGFIFEBSFOBa@DE?KJIFCBIFEACACCCAAGGQCIEMAGEKEOISQk@]u@oAeDg@kAeAgCi@oAMc@Y_ACMCICCEIEGEGGEa@UaAm@kBiAmAs@MIIIGGIIGMEIOc@EKAKCME]K}@Gc@Ks@ASEc@Ce@T@B?H?XAFAF?REZ?b@Av@A\?V?J@H@D@B@JDHDHHTRTTX\PTPTZd@`@n@f@t@f@t@HLFFDHLNDFBBVXLLFDXPNJNHPLTH\Pd@PHBFBZLz@\\PJDNHFFJHNLFHFDHHZZl@d@X\dAhANPJJEJCFILCHEJKh@ITGXIA??AAAAEICEAEUg@BqAD@T^CjAEJ@DHN@@@@??H@FYAQDq@BKBQJS[]{@iAMQg@s@[[IIGEGIOMKIGGOIKEA\GnAKnCALCJEFYn@CD?DAD?B?D@D@DXj@fAzBLZFTDRF`@@^E@C@A?C@EBCDe@p@EDCDCBGFIFEBSFSkC	Click to Generate
S2	30	1			3	Gleadless Medical Centre (S2)	Terry Wright Community Hall (S2)	Pizza City (S2)	2388	1791	qbtdIrezG??KNILSZOXCDGHADOZA@CFGHMRKPKRADHNZl@??[m@IO@EJSJQLSFIBG@AN[@EFIBENYR[HMJOTUPOhBaBLKJMJMIS?C?G@M??j@y@BCZi@LKH??L@H@Jg@r@QXCBa@j@KLKLMJiB`BQNUTKNILSZOXCDGHADOZA@CFGHMRKPKRADMVCFITEHCLKIGGEGGGQKMIm@YIAFu@HsA?IBe@@OEQMIK?a@NK@KEGKGOAS?C?WJo@@KPy@Py@H]@GLm@VqADSBKJw@@IAUCQIMICEAQHYTSRQRGDGFIBEA[EBc@J{AFeAF_A@[B[By@@WfATB_@C^gAUAVCx@Ev@G~@GdAKzACb@Gz@?FIfAGt@E`@Kz@EZEXG\Sz@Qv@Wx@Od@MXGNMXSd@EHGHMVHR@BBBHDJ?F?FC`B]r@On@OVGFAF?F?F?PD`@LH@l@XLHPJRAFAH?DCHCBGLW@EJSJQLSFIBG@AN[@EFIBENYR[HMJO	Click to Generate
S2	30	1			3	Singh's (S2)	Leaves (S2)	UBU (S2)	2375	1781	cwudIlevGFV@Ff@_@BCBGDM_EkEu@w@CFCFGJEDGDEBE@I@EAGAECEEGGEKIWE]?Q@QF[JWHIJGHCP@LBDDDHDNHZ@N@NAJAL?BETZ\XX~DjENNzA|At@x@@?l@p@pBvC??qBwCIJcAnAGF{@v@w@^k@^u@Ts@RYDYDg@HG??TBx@Bl@Fj@FX@HDRJ\`AzB`AtBJR@BLYRYBCDINUNY^q@BEzAqC`ByC|A}C^q@`AgB`AmBVo@Xw@L[d@y@@E@E?C@E?E?G?E?C?EAC?A?EAEAEAGCEAEEG[SmBkA_BcAsA}@UQGXS|@u@rBq@jAy@jAc@f@INCHOOELCFCBg@^AGGW	Click to Generate
S2	20	1			3	I Said Bread (S2)	74th Oak Street Scout Group (S2)	Carfield Primary School (S2)	1464	1098	o}sdIbp}Gw@FG?LxIS@u@@EEKmIVCEmCCsBAq@AKv@EJ~HF?zBO?FJtGnBKKsG?GjAKAk@@i@E_BCoBHnEAh@@j@kAJ?FJrGoBJKuG?GcAF	Click to Generate
S2	30	1			3	Sheffield Animal Centre (S2)	Highfield Motors (S2)	Diocese of Hallam Pastoral Centre (S2)	2679	2009	utzdIprvGOAGS?]@WMMe@[PmA@EF]Lq@\cAL]LFHF`AdAp@r@NFl@^d@^r@bAxFbGCn@Qd@_AhACDWb@Yz@a@`BOHK@k@EMBGFEFCPALAp@?JAHAHAHCBAFEHe@WmAo@AAKGyBmAqEiC[QOAM?KAKAQAM@SFURa@`@IHa@d@q@p@S\EDWVDNb@nBBHHd@XtAKXEGCEWZEMIQ??CFEJBHBPBR?p@Ib@_AbDXXRNDBZXJ^?^?RE~AbBPH@n@JHBZDEg@K_BAKASOmBm@sC_AaEYuAIe@CIc@oBEOK[BIBCPENEREp@q@`@e@HI`@a@TSHSL_@DGHQBGNM@CFQDQJc@He@l@cDHg@`@_CFc@Pu@^qAXZTPNLMp@G\ADQlAd@ZLLAV?\FRN@	Click to Generate
S2	20	1			3	East Bank Medical Centre (S2)	The Spires Centre (S2)	Springs Leisure Centre (S2)	1882	1412	e{tdIdxwGADERAXDVJTLFH@@`@B^BbAFrALCH?ZGNCb@Er@I`@G?YEqAC_@mANlAOHpB?XDAl@Ir@KI}@Gy@Em@AICe@C_@Ca@Cg@Ag@Ci@A]?_@AS?KAU?y@?q@?_A?e@@]@e@Bg@BW@]Dm@FaABi@Bc@D}@Bu@D}A@}@?G?Y?]?K?_@?]AQASCYF?FDP\N^WNQH?^?J?\?X?FA|@E|ACt@E|@Cb@Ch@G`AEl@A\CVCf@Ad@A\?d@?~@?N?`@?x@@T?J@R?^p@IJC~@Sx@ODE?G??Cu@UBe@nA_ARKBq@H@\Bh@@f@Bf@yARoBXOBQ@EWEQKKWCGDIHCF	Click to Generate
S2	30	1			3	Nether Edge Primary School (S2)	Broadfield Park (S2)	Virgin Crucible (S2)	2342	1756	{wtdIfkaHF[TkANq@`@_CFc@d@uE^aEL_BFi@BM?EBG@EN]DFDHDHBDFFBBJHRPRNDDNJ\T\XRPQr@CFAFUhAAJ[zAERMj@AD?B?B?D@B@BJFr@d@FDFDl@wCBONu@XwAQWIKKMKKKKMKSQ]Y]UOKEESOSQKICCGGCEEIEIEGKUISCKGMEMCKCMIi@ESESEOGSc@w@GGC[BEHENIPI`@QDC\MJCFCHCDAD?R?@NBJ@F?R@R?JEh@A^Ab@?@EpA?HAHCHAHAFIVEJCHKVKUISCKGMEMCKCMIi@ESESEOGSc@w@GGC[BEHENIPI`@QDC\MJCFCHCDAD?R?P?F?PBD?`@ENCSkCCYCUCOIQIWM]Zk@[j@L\HVHPBNBTVdDOBa@DE?KJIFCBIF?R@R?JEh@A^Ad@EpA?HAHCHAHAFIVEJCHKVO\ADCF?DCLGh@M~A_@`Ee@tEGb@a@~BOp@UjAGZ	Click to Generate
S2	30	1			3	Windy House Lane Pocket Park (S2)	UBU (S2)	Leaves (S2)	2455	1841	_~udIv`vGCyAI@EAGAECEEGGEKIWE]?Q@QF[JWHIJGHCP@LBDDDHDNHZ@N@NAJAL?BETt@v@~DjEELCFCBg@^AGGW??FV@Ff@_@BCBGDMNNzA|At@x@@?l@p@IJcAnAGF{@v@w@^k@^u@Ts@RYDYDg@HG??TBx@Bl@Fj@FX@HDRJ\`AzB`AtBJR@BLYRYBCDINUNY^q@BEzAqC`ByC|A}C^q@`AgB`AmBVo@Xw@L[d@y@@E@E?C@E?E?G?E?C?EAC?A?EAEAEAGCEAEEG[SmBkAGT]xAENa@jAq@|ASb@Q\_@r@q@z@pBvC??qBwCm@q@A?u@y@{A}AOO_EkEu@w@CFCFGJEDGDEBE@BxA	Click to Generate
S2	45	1			3	Gleadless Medical Centre (S2)	Pizza City (S2)	Arbourthorne Community Primary School (S2)	3283	2462	gbtdIp~yGh@iABCTe@f@aAP]h@eAHKLKBCTAF@JFHLHRDX@\?Z@RA\?H?J?L@H@Jg@r@QXCBa@j@KLKLMJiB`BQNUTKNILSZOXCDGHADOZA@CFGHMRKPKRADHNZl@??[m@IOMVCFITEHCLKIGGEGGGQKMIm@YIAFu@HsA?IBe@@OEQMIK?a@NK@KEGKGOAS?C?WJo@@KPy@Py@H]@GLm@VqADSBKJw@@IAUCQIMICEAQHYTSRQRGDGFIBEA[EBc@J{AFeAF_A@[B[By@@WBw@@m@Bo@@i@@g@@e@?G?M?O@c@G@MFa@Po@\aAj@a@VSLYPiBpAg@\e@\}@r@y@n@EBPbBJ|@D^Lr@Lp@BLFXDJJKHGFADDDJBFFFBAtAy@??uAx@C@GGCGEKEEG@IFKJFRJ\BDFNLZNRPZZ^LJJHRRNJh@b@h@\j@\TL^RSz@Qv@Wx@Od@MXGNMXSd@EHGHMVHR@BBBHDJ?F?FC`B]r@On@OVGFAF?F?F?PD`@LH@l@XLHPJRAFAH?DCHCBGLW@EJSJQLSFIBG@AN[@EFIBENYR[HMJOTUPOhBaBLKJMJM`@k@BCPYf@s@AKAI?M?K?I@]AS?[A]EYISIMKGGAU@CBMJIJi@dAQ\g@`AUd@CBi@hA	Click to Generate
S2	20	1			3	Wobbly Wheel Cyclery (S2)	Meersbrook Service Station (S2)	I Said Bread (S2)	2057	1543	oatdInh}GBrBDlCn@ED?F?v@GbAG?FJtGnBKKsG?GOqKCK@_@@WAIAIoGeAa@GDWEkAAOHmBN}@RyAFUJ]hB\~Bb@rBjFQDqDo@qEw@IlBFzAEV`@FZ`CFfCJ~HLxIS@u@@EEKmIVCEmCCsB	Click to Generate
S2	45	1			3	The Hardy Pick (S2)	Virgin Crucible (S2)	Boots (S2)	3743	2807	yltdIbq`HId@]UOKEESOSQKICCGGCEEIEIEGKUISCKGMEMCKCMIi@ESESEOGSc@w@GGC[BEHENIPI`@QDC\MJCFCHCDAD?R?P?F?PBD?`@ENCRGDCHGFGBCBEDEv@pBlAzCHPf@{@Se@GO_@}@JSV_@c@r@^|@FNRd@g@z@IQmA{Cw@qBEDCDCBGFIFEBSFSkCCYCUCOIQIWM]Zk@[j@L\HVHPBNBTVdDOBa@DE?KJIFCBIFEACACCCAAGGQCIEMAGEKEOISQk@]u@oAeDg@kAeAgCi@oAMc@Y_ACMCICCEIEGEGGEa@UaAm@kBiAmAs@MIIIGGIIGMEIOc@EKAKCME]K}@Gc@Ks@ASEc@Ce@T@B?H?XAFAF?REZ?b@Av@A\?V?J@H@D@B@JDHDHHTRTTX\PTPTZd@`@n@f@t@f@t@HLFFDHLNDFBBVXLLFDXPNJNHPLTH\Pd@PHBFBZLz@\\PJDNHFFJHNLFHFDHHZZl@d@X\dAhANPJJEJCFILCHEJKh@ITGXIA??AAAAEICEAEUg@BqAD@T^CjAEJ@DHN@@@@??H@FYAQDq@BKBQJS[]{@iAMQg@s@[[IIGEGIOMKIGGOIKEA\GnAKnCALCJEFYn@CD?DAD?B?D@D@DXj@fAzBLZFTDRF`@@^E@C@A?C@EBCDe@p@EDCDCBGFIFEBSFOBa@DE?KJIFCBIF?R@R?JEh@A^Ad@EpA?`A?f@?L?P?JBVRPRNDDNJ\THe@	Click to Generate
S2	20	1			3	International Automatic Cars (S2)	Casa Italia (S2)	Valley Road Garage (S2)	1542	1156	ahtdIh{~GyAhDk@vAPXVd@H@t@aBu@`BIACES_@QYEJWj@Yp@CTz@\\PJDNHFFJHNLFHFDHHZZPNZTELg@s@[[IIGEGIOMJ_@X_A^iAhA_DhCaGfAeCjBgElCmGEcBmBHuBvEuAbD_AvB]z@eC|F	Click to Generate
S2	30	1			3	Leaves (S2)	Windy House Lane Pocket Park (S2)	UBU (S2)	2605	1954	ududI|gvGQXVo@Xw@L[d@y@@E@E?C@E?E?G?E?C?EAC?A?EAEAEAGCEAEEG[SmBkAGT]xAENa@jAq@|ASb@Q\_@r@q@z@pBvC??qBwCm@q@A?u@y@{A}AOOELCFCBg@^AGGW??FV@Ff@_@BCBGDMNNzA|At@x@@?l@p@IJcAnAGF{@v@w@^k@^u@Ts@RYDYDg@HG??TBx@Bl@Fj@FX@HDRJ\`AzB`AtBJR@BLYRYBCDINUNY^q@BEzAqC`ByC|A}C^q@`AgB`AmBVo@Xw@L[d@y@Ra@DIJUHOJSJQ`@_AN]FSTw@DOP_ABONYJg@DUDUBE@CBAB?B?D?D@DD^|@Tn@N\Rl@Jd@@HAd@ATCNENENGVGTEPKRi@F_@DODM@{@FWTO@]BK@GBC@IDGBIHEDEDABCBuAbC	Click to Generate
S2	30	1			3	Best Pizza (S2)	Leaves (S2)	Windy House Lane Pocket Park (S2)	2152	1614	ivudI|cwGMTwAfCm@lA]p@k@bAkBjDe@z@CEEIk@mAj@lADHBDd@{@jBkDj@cA\q@N[\q@vAgCACKSaAuBaA{BK]ESAIGYGk@Cm@Cy@?UF?f@IXEXEr@St@Uj@_@v@_@z@w@FGbAoAHKpBvC??qBwCm@q@A?u@y@{A}AOOELCFCBg@^AGGW??FV@Ff@_@BCBGDMNNzA|At@x@@?l@p@IJcAnAGF{@v@w@^k@^u@Ts@RYDYDg@HG??TBx@Bl@Fj@FX@HDRJ\`AzB`AtBJR@BLU	Click to Generate
S2	20	1			3	Ideal Hairdresser (S2)	The Hardy Pick (S2)	Virgin Crucible (S2)	1525	1144	kjtdIxt`H??KKKKMKSQ]Y]UOKEESOAAQOKICCGGCEEIEIEGKUISCKGMEMCKCMIi@ESESEOGSc@w@GGC[BEHENIPI`@QDC\MJCFCHCDAD?R?P?F?PBD?`@ENCRGDCHGFGBCBEDEv@pBlAzCHPf@{@Se@GO_@}@JSV_@c@r@^|@FNRd@g@z@IQmA{Cw@qBEDCDCBGFIFEBSFSkCCYCUCOIQIWM]Zk@[j@L\HVHPBNBTVdDOBa@DE?KJIFCBIF?R@R?JEh@A^Ad@EpA?`A?f@?L?P?JBVRPRNDDNJ\T\XRPLJJJJJ??	Click to Generate
S2	15	1			3	The Bhaji Shack (S2)	Boots (S2)	Meersbrook Park Church (S2)	1148	861	gftdIdm_H@@ELg@s@[[IIGEGIOMKIGGOIKEA\GnALBMCFoA@]@?HDNHFFJHNLFHFDHHZZl@d@X\dAhANPJJEJCFILCHEJKh@ITGXIA??AAAAEICEAEUg@BqAD@T^CjAEJ@DHN@@@@??H@FYAQDq@BKBQJSNMJJPRPTRZ@BBDDHN^LZZ`A[k@KQIQOUOWWa@EGW[QQ[]{@iAMQGRENAD?DAHAJAt@AP?R_AKECCC?C?CLaC@Y?G@IDUDQZZj@b@	Click to Generate
S2	45	1			3	Pizza City (S2)	Newfield Green Dental Surgery (S2)	Momma Katz (S2)	3524	2643	uxtdIvtyGuAx@C@GGCGEKEEG@IFKJEKGYCMMq@Ms@E_@K}@QcBDCx@o@|@s@d@]f@]hBqAXQRM`@W`Ak@n@]`@QLGFAAb@?N?L?FAd@Af@Ah@Cn@Al@Cv@AVCx@CZAZG~@GdAKzACb@Gz@?FIfAGt@E`@Kz@EZEXG\Sz@Qv@Wx@Od@MXGNMXSd@EHGHMVHR@BBBHDJ?F?FC`B]r@On@OVGFAF?F?F?PD`@LH@l@XLHPJRAD?@AH?DCHCBGLW@EJSJQLSFIBG@AN[@EFIBENYR[HMJOTUPOhBaBLKJMJM`@k@BCPYf@s@AKAI?M?K?I@]AS?[A]EYISIMKGGAU@CBMJIJi@dAQ\g@`AUd@CBcAvBA?dAwBBCTe@f@aAP]h@eAHKLKBCTAF@JFHLHRDX@\?Z@RA\?H?J?L@H@Jg@r@QXCBa@j@KLKLMJiB`BQNUTKNILSZOXCDGHADOZA@CFGHMRKPKRADMVCFITEHCLKIGGEGGGQKMIm@YIAFu@HsA?IBe@@OEQMIK?a@NK@KEGKGOAS?C?WJo@@KPy@Py@H]@GLm@VqADSBKJw@@IAUCQIMICEAQHYTSRQRGDGFIBEA[EGz@?FIfAGt@E`@Kz@EZEXG\_@SUMk@]i@]i@c@OKSSKIMK[_@Q[OSM[GOCEK]GSJKHGFADDDJBFFFBAtAy@	Click to Generate
S2	20	1			3	East Bank Medical Centre (S2)	The Spires Centre (S2)	Springs Leisure Centre (S2)	1882	1412	}ztdIxwwGCBELERAXDVJTLFH@@`@B^BbAFrALCH?ZGNCb@Er@I`@G?YEqAC_@mANlAOHpB?XDAl@Ir@KI}@Gy@Em@AICe@C_@Ca@Cg@Ag@Ci@A]?_@AS?KAU?y@?q@?_A?e@@]@e@Bg@BW@]Dm@FaABi@Bc@D}@Bu@D}A@}@?G?Y?]?K?_@?]AQASCYF?FDP\N^WNQH?^?J?\?X?FA|@E|ACt@E|@Cb@Ch@G`AEl@A\CVCf@Ad@A\?d@?~@?N?`@?x@@T?J@R?^p@IJC~@Sx@ODE?G??Cu@UBe@nA_ARKBq@H@\Bh@@f@Bf@yARoBXOBQ@EWEQKKWCGDED	Click to Generate
S2	60	1			3	St Swithun (S2)	No.1 Chinese Takeaway (S2)	Windy House Lane Pocket Park (S2)	4617	3463	gnvdIphuG]n@Yo@Zq@Zq@Qa@CCCG\w@f@iABG?ABOTL`DvAHB@IBGBEDAF@BB@BBF@F?FAFADFDb@Vl@`@^XLLHJTb@Ph@Jj@FpAD~BL`E?RP@LBDDDHDNHZ@N@NAJAL?BETCFCFGJEDGDEBE@I@EAGAECEEGGEKIWE]a@JcB^_ATYHJkDd@oCBKeBkBaAeAEEGIGLKJEDMFa@@S@UBUH}@f@k@d@MJa@\e@n@i@t@OTaAlBe@z@e@x@SLUHQ?SEOGOGWOECeCwAiBcAa@a@U[S]GI~@mB\q@Vg@Cm@LWP_@ZHFM\o@NYv@{A`BkDfB_DFIHOb@}@NWx@{AFOBEDGTe@jAaCnA}BpAmCNWN[Zk@dCQb@E`@?T?V@D@dAVx@d@f@\DDLLVZT^`@r@Xl@Xr@Nh@Hd@H^Hb@Fh@Fl@BN?HDp@\xDVpC?JDf@Hz@J`AFf@Jf@Jh@^rABJFRZt@\r@FJb@j@b@d@lAx@Ob@GXS|@u@rBq@jAy@jAc@f@INCHOOELCFCBg@^AGGW??FV@Ff@_@BCBGDM_EkEu@w@CFCFGJEDGDEBE@I@EAGAECEEGGEKIWE]?Q@QF[JWHIJGHC?SMaEE_CGqAKk@Qi@Uc@IKMM_@Ym@a@c@WGEAFEBC@E?ECCCCG?I?IICaDwAUMCN?@CFg@hA]v@BFBBP`@[p@[p@Xn@\o@	Click to Generate
S2	20	1			3	Jaan Kebab House (S2)	The Hardy Pick (S2)	Virgin Crucible (S2)	1516	1137	qjtdIrt`HEEKKMKSQ]Y]UOKEESOGGKIKICCGGCEEIEIEGKUISCKGMEMCKCMIi@ESESEOGSc@w@GGC[BEHENIPI`@QDC\MJCFCHCDAD?R?P?F?PBD?`@ENCRGDCHGFGBCBEDEv@pBlAzCHPf@{@Se@GO_@}@JSV_@c@r@^|@FNRd@g@z@IQmA{Cw@qBEDCDCBGFIFEBSFSkCCYCUCOIQIWM]Zk@[j@L\HVHPBNBTVdDOBa@DE?KJIFCBIF?R@R?JEh@A^Ad@EpA?`A?f@?L?P?JBVRPRNDDNJ\T\XRPLJJJDD	Click to Generate
S2	20	1			3	Leaves (S2)	Windy House Lane Pocket Park (S2)	UBU (S2)	1867	1400	geudIzhvG?CVo@Xw@L[d@y@@E@E?C@E?E?G?E?C?EAC?A?EAEAEAGCEAEEG[SmBkAGT]xAENa@jAq@|ASb@Q\_@r@q@z@pBvC??qBwCm@q@A?u@y@{A}AOOELCFCBg@^AGGW??FV@Ff@_@BCBGDMNNzA|At@x@@?l@p@IJcAnAGF{@v@w@^k@^u@Ts@RYDYDg@HG??TBx@Bl@Fj@FX@HDRJ\`AzB`AtBJR@BLYRYBCDINUNY^q@BEzAqC`ByC|A}C^q@`AgB`AiB	Click to Generate
S2	30	1			3	Nether Edge Primary School (S2)	Broadfield Park (S2)	Virgin Crucible (S2)	2491	1868	_ztdIfqaHDQBKL_@J]BKFWPw@Hc@TkANq@`@_CFc@d@uE^aEL_BFi@BM?EBG@EN]DFDHDHBDFFBBJHRPRNDDNJ\T\XRPQr@CFAFUhAAJ[zAERMj@AD?B?B?D@B@BJFr@d@FDFDl@wCBONu@XwAQWIKKMKKKKMKSQ]Y]UOKEESOSQKICCGGCEEIEIEGKUISCKGMEMCKCMIi@ESESEOGSc@w@GGC[BEHENIPI`@QDC\MJCFCHCDAD?R?@NBJ@F?R@R?JEh@A^Ab@?@EpA?HAHCHAHAFIVEJCHKVKUISCKGMEMCKCMIi@ESESEOGSc@w@GGC[BEHENIPI`@QDC\MJCFCHCDAD?R?P?F?PBD?`@ENCSkCCYCUCOIQIWM]Zk@[j@L\HVHPBNBTVdDOBa@DE?KJIFCBIF?R@R?JEh@A^Ad@EpA?HAHCHAHAFIVEJCHKVO\ADCF?DCLGh@M~A_@`Ee@tEGb@a@~BOp@UjAIb@Qv@GVCJK\M^CJEP	Click to Generate
S2	30	1			3	Alberts (S2)	Sheffield Inclusion Centre (S2)	Leaves (S2)	2749	2062	mzudIljwG\q@vAgCLYRYBCDINUNY@DBDFPXf@?JKRE@Ym@ESCGACOTEHCBSX?BMTwAfCm@lA]p@BFBFj@lAVj@d@`ATf@Tf@@Bl@rAb@~@FL`@~@b@hARl@?BN`@UTu@t@qBjBw@v@eAbAcA~@I[Ke@GUw@_DCGIUOEIAGA?S?O?KCQKc@e@{AIUCGMc@EQCE?EAGAG?CAI?I@I?I@E@CDIDKDEb@w@HKd@{@jBkDj@cA\q@l@mAvAgCACKSaAuBaA{BK]ESAIGYGk@Cm@Cy@?UF?f@IXEXEr@St@Uj@_@v@_@z@w@FGbAoAHKpBvC??qBwCIJcAnAGF{@v@w@^k@^u@Ts@RYDYDg@HG??TBx@Bl@Fj@FX@HDRJ\`AzB`AtBJR@BwAfC]p@	Click to Generate
S2	45	1			3	Boots (S2)	Virgin Crucible (S2)	Meersbrook Park Church (S2)	3132	2349	citdInn_HBU@Y?G@IDUDQZZl@d@X\dAhANPJJEJCFILCHEJKh@ITGXIA??AAAAEICEAEUg@BqAD@T^CjAEJ@DHN@@@@??H@FYAQDq@BKBQJS[]{@iAMQg@s@[[IIGEGIOMKIGGOIKEA\GnAKnCALCJEFYn@CD?DAD?B?D@D@DXj@fAzBLZFTDRF`@@^E@C@A?C@EBCDe@p@EDCDCBGFIFEBSFSkCCYCUCOIQIWM]Zk@[j@L\HVHPBNBTVdDOBa@DE?KJIFCBIFEACACCCAAGGQCIEMAGEKEOISQk@]u@oAeDg@kAeAgCi@oAMc@Y_ACMCICCEIEGEGGEa@UaAm@kBiAmAs@MIIIGGIIGMEIOc@EKAKCME]K}@Gc@Ks@ASEc@Ce@T@B?H?XAFAF?REZ?b@Av@A\?V?J@H@D@B@JDHDHHTRTTX\PTPTZd@`@n@f@t@f@t@HLFFDHLNDFBBVXLLFDXPNJNHPLTH\Pd@PHBFBZLz@\\PJDNHFFJHNLFHFDHHZZl@d@X\dAhANPJJPRPTRZ@BBDDHN^LZZ`A[k@KQIQOUOWWa@EGW[QQ[]{@iAMQGRENAD?DAHAJAt@AP?R_AKECCC?C?CHkB	Click to Generate
S2	30	1			3	The Hardy Pick (S2)	Another Level (S2)	Meersbrook Park Church (S2)	2851	2138	ydtdInu_HDH@@@@??H@FYAQDq@BKBQJS[]{@iAMQg@s@[[IIGEGIOMKIGGOIKEA\GnAKnCALCJEFYn@CD?DAD?B?D@D@DXj@fAzBLZFTDRF`@@^E@C@A?C@EBCDe@p@v@pBlAzCHPf@{@Se@GO_@}@JSV_@c@r@^|@FNRd@g@z@IQmA{Cw@qBEDCDCBGFIFEBSFOBa@DE?KJIFCBIFEACACCCAAGGQCIEMAGEKEOISQk@]u@oAeDg@kAeAgCi@oAMc@Y_ACMCICCEIEGEGGEa@UaAm@kBiAmAs@MIIIGGIIGMEIOc@EKAKCME]K}@Gc@Ks@ASEc@Ce@T@B?H?XAFAF?REZ?b@Av@A\?V?J@H@D@B@JDHDHHTRTTX\PTPTZd@`@n@f@t@f@t@HLFFDHLNDFBBVXLLFDXPNJNHPLTH\Pd@PHBFBZLz@\\PJDNHFFJHNLFHFDHHZZj@b@@@X\dAhANPJJPRPTRZ@BBDDHN^LZZ`A[k@KQIQOUOWWa@EGW[ILCHEJKh@ITGXIA??AAAAEI	Click to Generate
S2	20	1			3	Curry Master (S2)	Broadfield Park (S2)	Virgin Crucible (S2)	1969	1477	qptdI~p`HDi@JHRPRNDDNJ\T\XRPQr@CFAFWtA[zAERMj@AD?B?B?D@B@BJFr@d@FDFDl@wCBONu@XwAQWIKKMKK??KKMKSQ]Y]UOKEESOSQKICCGGCEEIEIEGKUISCKGMEMCKCMIi@ESESEOGSc@w@GGC[BEHENIPI`@QDC\MJCFCHCDAD?R?@NBJ@F?R@R?JEh@A^Ab@?@EpA?HAHCHAHAFIVEJCHKVKUISCKGMEMCKCMIi@ESESEOGSc@w@GGC[BEHENIPI`@QDC\MJCFCHCDAD?R?P?F?PBD?`@ENCSkCCYCUCOIQIWM]Zk@[j@L\HVHPBNBTVdDOBa@DE?KJIFCBIF?R@R?JEh@A^Ad@EpA?`A?f@?L?P?JBVRPRNDDNJ\TPcA@I`@wB@GAFa@vBAHQbA]UOKEESOSQKIEh@	Click to Generate
S2	20	1			3	Tuck News (S2)	Virgin Crucible (S2)	The Hardy Pick (S2)	1565	1174	}otdI|g`H?@EpA?`A?f@?L?P?JBVRPRN@@BBNJ\TPcA@I`@wB@GAFa@vBAHQbA]UOKEESOSQKICCGGCEEIEIEGKUISCKGMEMCKCMIi@ESESEOGSc@w@GGC[BEHENIPI`@QDC\MJCFCHCDAD?R?P?F?PBD?`@ENCWeDCUCOIQIWM]Zk@[j@L\HVHPBNBTBXRjCRGDCHGFGBCBEDEv@pBlAzCHPf@{@Se@GO_@}@JSV_@c@r@^|@FNRd@g@z@IQmA{Cw@qBEDCDCBGFIFEBSFOBa@DE?KJIFCBIF?R@R?JEh@A^Ab@	Click to Generate
S2	30	1			3	Caribbean Fusion (S2)	Leaves (S2)	Windy House Lane Pocket Park (S2)	2262	1696	_tudIp`wGKNOXOTEHCBSXMXwAfCm@lA]p@k@bAkBjDe@z@CEEIk@mAj@lADHBDd@{@jBkDj@cA\q@l@mAHOlAwBACKSaAuBaA{BK]ESAIGYGk@Cm@Cy@?UF?f@IXEXEr@St@Uj@_@v@_@z@w@FGbAoAHKpBvC??qBwCm@q@A?u@y@{A}AOOELCFCBg@^AGGW??FV@Ff@_@BCBGDMNNzA|At@x@@?l@p@IJcAnAGF{@v@w@^k@^u@Ts@RYDYDg@HG??TBx@Bl@Fj@FX@HDRJ\`AzB`AtBJR@BLYRYBCDINUNYJO	Click to Generate
S2	45	1			3	Virgin Crucible (S2)	The Hardy Pick (S2)	Boots (S2)	3656	2742	sntdIbq`HCASOSQKICCGGCEEIEIEGKUISCKGMEMCKCMIi@ESESEOGSc@w@GGC[BEHENIPI`@QDC\MJCFCHCDAD?R?P?F?PBD?`@ENCWeDCUCOIQIWM]Zk@[j@L\HVHPBNBTBXRjCRGDCHGFGBCBEDEv@pBlAzCHPf@{@Se@GO_@}@JSV_@c@r@^|@FNRd@g@z@IQmA{Cw@qBEDCDCBGFIFEBSFOBa@DE?KJIFCBIFEACACCCAAGGQCIEMAGEKEOISQk@]u@oAeDg@kAeAgCi@oAMc@Y_ACMCICCEIEGEGGEa@UaAm@kBiAmAs@MIIIGGIIGMEIOc@EKAKCME]K}@Gc@Ks@ASEc@Ce@T@B?H?XAFAF?REZ?b@Av@A\?V?J@H@D@B@JDHDHHTRTTX\PTPTZd@`@n@f@t@f@t@HLFFDHLNDFBBVXLLFDXPNJNHPLTH\Pd@PHBFBZLz@\\PJDNHFFJHNLFHFDHHZZl@d@X\dAhANPJJEJCFILCHEJKh@ITGXIA??AAAAEICEAEUg@BqAD@T^CjAEJ@DHN@@@@??H@FYAQDq@BKBQJS[]{@iAMQg@s@[[IIGEGIOMKIGGOIKEA\GnAKnCALCJEFYn@CD?DAD?B?D@D@DXj@fAzBLZFTDRF`@@^E@C@A?C@EBCDe@p@EDCDCBGFIFEBSFOBa@DE?KJIFCBIF?R@R?JEh@A^Ad@EpA?`A?f@?L?P?JBVRPRNB@	Click to Generate
S2	60	1			3	Pentagon Jeep (S2)	Makro (S2)	Sheffield Animal Centre (S2)	4426	3320	egydItavGK^Wt@R\^gANg@Ru@Nm@Lg@b@aBJe@Rs@f@f@XRTPn@f@k@pCGVg@zB@ZVb@XRTPNLFFTR_@hBOr@Ns@^iBUSGGOMUQYSWc@A[f@{Br@iDo@g@UQYSg@g@Sr@Kd@c@`BMf@Ol@St@Of@_@fAa@z@u@`BUf@INmAfBOTkAvAUg@O[CISc@Sa@Sa@Q_@??m@bAu@tAVZNPDFV\TXX\RVELGJy@fB]`AK\g@dBSz@UhACPQjAKx@QvAIt@Kr@CNe@xBUa@QYOQCCu@e@OIq@_@k@Wm@]_@Sc@WcAk@_@Sm@]ECKEe@WmAo@AAKGyBmAqEiC[Q[SEGGGKMEKAI?KNM@CFQDQJc@He@l@cDHg@`@_CFc@Pu@^qAXZTPNL\cAL]LFHF`AdAp@r@NFl@^d@^r@bAxFbGCn@Qd@_AhACDWb@Yz@a@`BvAv@f@X|@f@DH@PKn@a@vCj@Vp@^NHt@d@BBNPPXT`@d@yBBOJs@Hu@PwAJy@PkABQTiAR{@f@eBJ]\aAx@gBFKDMt@_AZg@jAwANUlAgBHOTg@t@aB`@{@S]Vu@J_@	Click to Generate
S2	45	1			3	Windy House Lane Pocket Park (S2)	Archdale School (S2)	UBU (S2)	3654	2740	_~udIz_vGC}@I@EAGAECEEGGEKIWE]?Q@QF[JWHIJGHCP@LBDDDHDNHZ@N@NAJAL?BETt@v@~DjEELCFCBg@^AGGW??FV@Ff@_@BCBGDM_EkEu@w@CFCFGJEDGDEBE@I@EAGAECEEGGEKIWE]?Q@QF[JWHIJGHC?SMaEE_CGqAKk@Qi@Uc@IKMM_@Ym@a@c@WGEAFEBC@E?ECCCCG?I?IICaDwAUMCN?@CFg@hA]v@BFBBP`@[p@[p@Xn@\o@??]n@Yo@Zq@Zq@Qa@CCCG\w@f@iABG?ABOTL`DvAHB@IBGBEDAF@BB@BBF@F?FAFADFDb@Vl@`@^XLLHJTb@Ph@Jj@FpAD~BL`E?RP@LBDDDHDNHZ@N@NAJAL?BETCFCFGJEDGDEBE@VnJBrADxAH|C@N?TBx@Bl@Fj@FX@HDRJ\`AzB`AtBJR@BLYRYBCDINUNY^q@BEzAqC`ByC|A}C^q@`AgB`AmBVo@Xw@L[d@y@@E@E?C@E?E?G?E?C?EAC?A?EAEAEAGCEAEEG[SmBkA_BcAsA}@UQoA_Ae@g@EIY]MLKHQB]?QKSSQPyA|AABe@f@w@v@Y\AJAL?BETCFCFGJEDGDEBE@B|@	Click to Generate
S2	20	1			3	Boots (S2)	Alam Hill Books (S2)	Meersbrook Park Church (S2)	1774	1330	gitdInh_HELK^NLFHFDHHZZl@d@X\dAhANPJJEJCFILCHEJKh@ITGXIA??AAAAEICEAEUg@BqAD@T^CjAEJ@DHN@@@@??H@FYAQDq@BKBQJS[]{@iAMQg@s@[[IIGEGIOMKIGGOIKE]Q{@]BUXq@Vk@DKj@wAxAiDdC}FHLpAvBiC`GiA~C_@hAY~@K^NLFHFDHHZZl@d@X\dAhANPJJPRPTRZ@BBDDHN^LZZ`A[k@KQIQOUOWWa@EGW[QQ[]{@iAMQg@s@[[IIGEGIOMJ_@DM	Click to Generate
S2	20	1			3	Wobbly Wheel Cyclery (S2)	74th Oak Street Scout Group (S2)	I Said Bread (S2)	1450	1088	uusdIni}GD~AAh@@j@kAJ?FJrGoBJKuG?GcAFw@FG?E?o@DEmCCsBAq@AKv@EJ~HLxIS@u@@EEKmIVCn@ED?F?zBO?FJtGnBKKsG?GjAKAk@@i@E_B	Click to Generate
S2	45	1			3	Bronze & Polished (S2)	Sheffield Inclusion Centre (S2)	Leaves (S2)	3057	2293	eyudIjhwGlAwBLYRYBCDINUNYJORa@~AwC`ByC|A}C@DHNf@bALZBFPh@Lb@?BH\Jt@Hv@Dh@@JIJMRQ^]r@m@nA@TPvBNjCHhBFjAD|ADlAB~@G?I@MHo@l@k@h@k@h@gAdAa@^WTUTu@t@qBjBw@v@eAbAcA~@I[Ke@GUw@_DCGIUOEIAGA?S?O?KCQKc@e@{AIUCGMc@EQCE?EAGAG?CAI?I@I?I@E@CDIDKDEb@w@HKd@{@jBkDj@cA\q@l@mAvAgCACKSaAuBaA{BK]ESAIGYGk@Cm@Cy@?UF?f@IXEXEr@St@Uj@_@v@_@z@w@FGbAoAHKpBvC??qBwCIJcAnAGF{@v@w@^k@^u@Ts@RYDYDg@HG??TBx@Bl@Fj@FX@HDRJ\`AzB`AtBJR@BmAvB	Click to Generate
S2	15	1			3	International Automatic Cars (S2)	Boots (S2)	Meersbrook Park Church (S2)	1437	1078	agtdIpl_HZTELg@s@[[IIGEGIOMKIGGOIKE]Q{@]BUXq@Vk@DKPXVd@H@t@aBu@`BIACES_@QYEJWj@Yp@CTz@\\PJDNHFFJHNLFHFDHHZZl@d@X\dAhANPJJEJCFILCHEJKh@ITGXIA??AAAAEICEAEUg@BqAD@T^CjAEJ@DHN@@@@??H@FYAQDq@BKBQJSNMJJPRPTRZ@BBDDHN^LZZ`A[k@KQIQOUOWWa@EGW[QQ[]{@iAMQGRENAD?DAHAJAt@AP?R_AKECCC?C?CLaC@Y?G@IDUDQZZPN	Click to Generate
S2	45	1			3	Gleadless Medical Centre (S2)	Pizza City (S2)	Arbourthorne Community Primary School (S2)	3293	2470	mbtdI|~yGn@uABCTe@f@aAP]h@eAHKLKBCTAF@JFHLHRDX@\?Z@RA\?H?J?L@H@Jg@r@QXCBa@j@KLKLMJiB`BQNUTKNILSZOXCDGHADOZA@CFGHMRKPKRADHNZl@??[m@IOMVCFITEHCLKIGGEGGGQKMIm@YIAFu@HsA?IBe@@OEQMIK?a@NK@KEGKGOAS?C?WJo@@KPy@Py@H]@GLm@VqADSBKJw@@IAUCQIMICEAQHYTSRQRGDGFIBEA[EBc@J{AFeAF_A@[B[By@@WBw@@m@Bo@@i@@g@@e@?G?M?O@c@G@MFa@Po@\aAj@a@VSLYPiBpAg@\e@\}@r@y@n@EBPbBJ|@D^Lr@Lp@BLFXDJJKHGFADDDJBFFFBAtAy@??uAx@C@GGCGEKEEG@IFKJFRJ\BDFNLZNRPZZ^LJJHRRNJh@b@h@\j@\TL^RSz@Qv@Wx@Od@MXGNMXSd@EHGHMVHR@BBBHDJ?F?FC`B]r@On@OVGFAF?F?F?PD`@LH@l@XLHPJRAFAH?DCHCBGLW@EJSJQLSFIBG@AN[@EFIBENYR[HMJOTUPOhBaBLKJMJM`@k@BCPYf@s@AKAI?M?K?I@]AS?[A]EYISIMKGGAU@CBMJIJi@dAQ\g@`AUd@CBo@tA	Click to Generate
S2	60	1			3	Kathy's Tea Room (S2)	Manor Fields (S2)	Temple Park Centre (S2)	4548	3411	uiwdIfuvGWGaAOq@a@QSUe@KOa@n@mBxCoAyCoAyCZi@IOR_@F[?SA[COCSCINWl@bBaA|A[h@nAxCnAxCKRs@jAh@bA^Vd@@BCJIRQlApChAjCd@fAYzCI~@Id@GPcAv@LjCDt@HlBLpAFb@`BaAr@g@f@YvByAd@[j@a@b@[tByAkAiHg@sCNc@`BiAdD}B??RAl@FV\R~@BNjA`HqBxAuBzAyB|AuBxAc@Zk@`@e@ZwBxAg@Xs@f@aB`AGc@MqAImBEu@MkCbAw@FQHe@H_AX{Ce@gAiAkCmAqCSPKHCBe@A_@Wi@cAr@kAJSoAyCoAyCZi@`A}Am@cBs@aBsAkCEDK@GCGICMAM@M@GDIFEFAHBDHx@gAZc@TSVMRGF?ARGV?p@?I?g@FW@SG?SFWLUR[b@y@fADJ@L?FCLEJrAjCr@`Bl@bBJSh@{@NUHEHAL?jBb@jA`@OvB]bB_@|@JNTd@PRp@`@`ANVF	Click to Generate
S2	45	1			3	Meersbrook Service Station (S2)	74th Oak Street Scout Group (S2)	Wobbly Wheel Cyclery (S2)	3223	2417	{itdIbe|GAAEAg@WUGSCQ?E@C@GBIDULCHqCvIW~@Of@K^ERADK`@GPI^A@IVCHCFKR[f@LPDFBDF@D@PDPDz@RB?`AT@?TFPB`AVl@NzBf@n@NB?^HNDZ@PGNQh@s@Tg@DWEkAAOHmBN}@RyAFUJ]hB\~Bb@rBjFQDqDo@qEw@IlBFzAEV`@FZ`CFfCw@D@J@p@BrBDlCn@ED?F?v@GbAG?FJtGnBKKsG?GOqKCK@_@@WAIAIoGeAa@GUf@i@r@OPQF[AOE_@IC?o@O{Bg@m@OaAWQCUGA?aAUC?{@SQEQEEAGACEEGMQZg@JSBGBIHW@AH_@FQJa@@EDSJ_@Ng@V_ApCwIBITMHEFCBADAP?RBTFf@VD@@@	Click to Generate
S2	20	1			3	Boots (S2)	Meersbrook Park Church (S2)	Alam Hill Books (S2)	1457	1093	sgtdI`l_Hl@d@X\dAhANPJJEJCFILCHEJKh@ITGXIA??AAAAEICEAEUg@BqAD@T^CjAEJ@DHN@@@@??H@FYAQDq@BKBQJSNMJJPRPTRZ@BBDDHN^LZZ`A[k@KQIQOUOWWa@EGW[QQ[]{@iAMQg@s@[[IIGEGIOMKIGGOIKE]Q{@]BUXq@Vk@DKj@wAxAiDdC}FHLpAvBiC`GiA~C_@hAY~@K^NLFHFDHHZZ??	Click to Generate
S2	60	1			3	Substantial Victorian houses in Norfolk Road (S2)	Path up to the Cholera Monument, Sheffield (S2)	Sheffield Inclusion Centre (S2)	6221	4666	oexdIn}{GkAmBFMn@}Ad@gAGKw@oAv@nAFJuAdDGLwA`DFLHJf@f@RPz@x@tAtABB~@~@DBb@b@FK@CDEDCFAfAQt@M@ABA@C@C@C?C@GCa@c@Fb@GB`@AF?BABABABC@A@}B^G@EBEDABGJc@c@EC_A_ACCuAuA{@y@SQg@g@IKGMCECICImAqEWcAW}@Su@EQCKEKQu@y@}CMi@Kc@HIHKNO`AeANS`AeANSDEFE`@e@dCgDLSXe@JSP_@h@yAzAqEJWhHaTBKBITo@b@sAf@sAL]P]b@}@`@u@d@s@DGFINOTUZ]fBeBRS^]BADEFG~BuBrFgFDEFEzCuCv@u@|@_ARQDEDEx@u@^]nAqA\m@~@cBf@aA^m@`@u@h@_AFMDIP[HMDIDKDEb@w@HKd@{@jBkDj@cABFBFj@lAVj@d@`ATf@Tf@@Bl@rAb@~@FL`@~@b@hARl@?BN`@UTu@t@qBjBw@v@eAbAcA~@I[Ke@GUw@_DCGIUOEIAGA?S?O?KCQKc@e@{AIUCGMc@KKGGIGCCEAK?i@~@a@t@_@l@g@`A_AbB]l@oApA_@\y@t@EDEDSP}@~@w@t@{CtCGDEDsFfF_CtBGFEDC@_@\SRgBdB[\UTAj@?JGnCE|BEtBKtFKxFAPCfAAx@An@Aj@U@C@A@CDgElMiBjEKVYn@ABm@vAmCjGCDuA|CuAdDGLjAlB	Click to Generate
S2	60	1			3	Hillside below the Cholera Monument (S2)	Substantial Victorian houses in Norfolk Road (S2)	Sheffield Inclusion Centre (S2)	5927	4445	k}wdIzs{GiAoBEGGCC?CAI?G@I@E?CAQUCDuA|CuAdDGLwA`DFLHJf@f@RPz@x@tAtABB~@~@DBb@b@FK@CDEDCFA|B_@@ABA@C@C@C?C@GCa@c@F??b@GB`@AF?BABABABC@A@}B^G@EBEDABGJc@c@EC_A_ACCuAuA{@y@SQg@g@IKGMvAaDFMn@}Ad@gAtA}CBElCkGl@wA@CXo@JWhBkEfEmMBE@ABATA@k@@o@@y@BgA@QJyFJuFDuBD}BFoC?K@k@TUZ]fBeBRS^]BADEFG~BuBrFgFDEFEzCuCv@u@|@_ARQDEDEx@u@^]nAqA\m@~@cBf@aA^m@`@u@h@_AFMDIP[HMDIDKDEb@w@HKd@{@jBkDj@cABFBFj@lAVj@d@`ATf@Tf@@Bl@rAb@~@FL`@~@b@hARl@?BN`@UTu@t@qBjBw@v@eAbAcA~@I[Ke@GUw@_DCGIUOEIAGA?S?O?KCQKc@e@{AIUCGMc@KKGGIGCCEAK?i@~@a@t@_@l@g@`A_AbB]l@oApA_@\y@t@EDEDSP}@~@w@t@{CtCGDEDsFfF_CtBGFEDC@_@\SRgBdB[\UTAj@?JGnCE|BEtBKtFKxFAPCfAAx@An@Aj@U@C@A@CDgElMiBjEKVYn@ABm@vAmCjGPTB@D?HAFAH?B@B?FBDFhAnB	Click to Generate
S2	20	1			3	Leaves (S2)	Windy House Lane Pocket Park (S2)	UBU (S2)	1867	1400	qfudI~jvGh@gAVo@Xw@L[d@y@@E@E?C@E?E?G?E?C?EAC?A?EAEAEAGCEAEEG[SmBkAGT]xAENa@jAq@|ASb@Q\_@r@q@z@pBvC??qBwCm@q@A?u@y@{A}AOOELCFCBg@^AGGW??FV@Ff@_@BCBGDMNNzA|At@x@@?l@p@IJcAnAGF{@v@w@^k@^u@Ts@RYDYDg@HG??TBx@Bl@Fj@FX@HDRJ\`AzB`AtBJR@BLYRYBCDINUNY^q@BEzAqC`ByC|A}C^q@`AgBVe@	Click to Generate
S2	30	1			3	Best Pizza (S2)	Leaves (S2)	Windy House Lane Pocket Park (S2)	2315	1736	etudIjcwGIOESCGACOTEHCBSXMXwAfCm@lA]p@k@bAkBjDe@z@CEEIk@mAj@lADHBDd@{@jBkDj@cA\q@N[\q@vAgCACKSaAuBaA{BK]ESAIGYGk@Cm@Cy@?UF?f@IXEXEr@St@Uj@_@v@_@z@w@FGbAoAHKpBvC??qBwCm@q@A?u@y@{A}AOOELCFCBg@^AGGW??FV@Ff@_@BCBGDMNNzA|At@x@@?l@p@IJcAnAGF{@v@w@^k@^u@Ts@RYDYDg@HG??TBx@Bl@Fj@FX@HDRJ\`AzB`AtBJR@BLYRYBCDINUNY@DBDFPXf@?JKRE@O]	Click to Generate
S2	20	1			3	Broadfield Hotel (S2)	Broadfield Park (S2)	The Hardy Pick (S2)	1671	1253	wjtdIlt`H??KKMKSQ]Y]UOKEESOSQKIEh@??Di@CCGGCEEIEIEGKUISCKGMEMCKCMIi@ESESEOGSc@w@GGC[BEHENIPI`@QDC\MJCFCHCDAD?R?@NBJ@F?R@R?JEh@A^Ab@?@EpA?HAHCHAHAFIVEJCHKVKUISCKGMEMCKCMIi@ESESEOGSc@w@GGC[BEHENIPI`@QDC\MJCFCHCDAD?R?P?F?PBD?`@ENCRGDCHGFGBCBEDEv@pBlAzCHPf@{@Se@GO_@}@JSV_@c@r@^|@FNRd@g@z@IQmA{Cw@qBEDCDCBGFIFEBSFOBa@DE?KJIFCBIF?R@R?JEh@A^Ad@EpA?`A?f@?L?P?JBVRPRNDDNJ\T\XRPLJJJ??	Click to Generate
S2	30	1			3	Meersbrook Park Church (S2)	Porcelanosa (S2)	Virgin Crucible (S2)	2786	2090	mbtdIty_Hi@iAEIACE]FYAQDq@BKBQJSNMJJPRPTRZ@BBDDHN^LZZ`A[k@KQIQOUOWWa@EGW[QQ[]{@iAMQGRENADECUK_@QGC@Y?G@IDUDQIIGEGIOMKIGGOIKEA\GnAKnCALCJEFYn@CD?DAD?B?D@D@DXj@fAzBLZFTDRF`@@^E@C@A?C@EBCDe@p@EDCDCBGFIFEBSFSkCCYCUCOIQIWM]Zk@[j@L\HVHPBNBTVdDOBa@DE?KJIFCBIFEACACCCAAGGQCIEMAGEKEOISQk@]u@oAeDg@kAeAgCi@oAMc@Y_ACMCICCEIEGEGGEa@UaAm@kBiAmAs@MIIIGGIIGMEIOc@EKAKCME]K}@Gc@Ks@ASEc@Ce@T@B?H?XAFAF?REZ?b@Av@A\?V?J@H@D@B@JDHDHHTRTTX\PTPTZd@`@n@f@t@f@t@HLFFDHLNDFBBVXLLFDXPNJNHPLTH\Pd@PHBFBZLz@\\PJDNHFFJHNLFHFDHHZZl@d@X\dAhANPJJEJCFILCHEJKh@ITGXD\@BDHh@hA	Click to Generate
S2	45	1			3	Newfield Green Clinic (S2)	Newfield Green Dental Surgery (S2)	Pizza City (S2)	3076	2307	gatdIv|yGHOBCTe@f@aAP]h@eAHKLKBCTAF@JFHLHRDX@\?Z@RA\?H?J?L@H@Jg@r@QXCBa@j@KLKLMJiB`BQNUTKNILSZOXKSGK??FJJRCDGHADOZA@CFGHMRKPKRADMVCFITEHCLKIGGEGGGQKMIm@YIAFu@HsA?Ic@Gb@F?HIrAGt@H@l@XLHPJRAD?@AH?DCHCBGLW@EJSJQLSFIBG@AN[@EFIBEKSGKFJJRCDGHADOZA@CFGHMRKPKRADMVCFITEHCLKIGGEGGGQKMIm@YIAFu@HsA?IBe@@OEQMIK?a@NK@KEGKGOAS?C?WJo@@KPy@Py@H]@GLm@VqADSBKJw@@IAUCQIMICEAQHYTSRQRGDGFIBEA[EBc@J{AFeAF_A@[B[By@@WfATB_@C^gAUAVCx@Ev@G~@GdAKzACb@Gz@?FIfAGt@E`@Kz@EZEXG\Sz@Qv@Wx@Od@MXGNMXSd@EHGHMVHR@BBBHDJ?F?FC`B]r@On@OVGFAF?F?F?PD`@LH@l@XLHPJRAFAH?DCHCBGLW@EJSJQLSFIBG@AN[@EFIBENYR[HMJOTUPOhBaBLKJMJM`@k@BCPYf@s@AKAI?M?K?I@]AS?[A]EYISIMKGGAU@CBMJIJi@dAQ\g@`AUd@CBIN	Click to Generate
S2	20	1			3	I Said Bread (S2)	Kingdom Hall of Jehovah's Witnesses (S2)	Wobbly Wheel Cyclery (S2)	2042	1532	}~sdIzi~GTg@E[IcFImDS@u@@EEKmIVCn@ED?LxIHlDHbFDZuCzG]z@_FfLeA_BdA~AfC_GvAgD\{@tC{GE[IcFImDMyIF?v@GbAG?FJtGL`HuBvEUf@	Click to Generate
S2	30	1			3	Highfield Motors (S2)	Woodbourn Road Stadium (S2)	Sheffield Animal Centre (S2)	2449	1837	ye{dIrxwGSOYY~@cDHc@?q@CSCQCIDKBG??HPDLV[BDDFJYYuAIe@CIc@oBEOK[BIBCPENEREp@q@`@e@HI`@a@TSHSL_@DGHQBGNM@CFQDQJc@He@l@cDHg@`@_CFc@Pu@^qAXZTPNLMp@G\ADQlAd@ZLLAV?\FRN@??VIWHOAGS?]@WMMe@[PmA@EF]Lq@\cAL]LFHF`AdAp@r@NFl@^d@^r@bAxFbGCn@Qd@_AhACDWb@Yz@a@`BOHK@k@EMBGFEFCPALAp@?JAHAHAHCBAFEHe@WmAo@AAKGyBmAqEiC[QOAM?KAKAQAM@SFURa@`@IHa@d@q@p@S\EDWVDNb@nBBHHd@XtAKXo@bBIb@_AbDXXRN	Click to Generate
S2	30	1			3	The Spires Centre (S2)	Springs Leisure Centre (S2)	Pearl Motors (S2)	2567	1925	ywtdIlzwGCk@nBYxASCg@Ag@Ci@A]?_@AS?KAU?y@?q@?_A?e@@]@e@Bg@BW@]Dm@FaABi@Bc@D}@Bu@D}A@}@?G?Y?]?K?_@?]AQASCYF?FDP\N^WNQH?^?J?\?X?FA|@E|ACt@E|@Cb@Ch@G`AEl@A\CVCf@Ad@A\?d@?~@?N?`@?x@@T?J@R?^p@IJC~@Sx@ODE?G??Cu@UBe@nA_ARKBq@H@\Bh@@f@Bf@B`@B^Bd@@HDl@Fx@H|@@BH~@J|@Df@Dd@Bd@F~@Bf@DrABj@@b@?F@z@@f@?p@?z@@`B?rA?B?X?ZAb@?N?L?FAd@Af@Ah@Cn@Al@Cv@fATB_@??C^gAUBw@@m@Bo@@i@@g@@e@?G?M?O@c@?[?Y?C?sAAaB?{@?q@Ag@A{@?GAc@Ck@EsACg@G_ACe@Ee@Eg@K}@I_AACI}@Gy@Em@AICe@C_@Ca@yARoBXBj@	Click to Generate
S2	45	1			3	Virgin Crucible (S2)	The Hardy Pick (S2)	Boots (S2)	3644	2733	}ntdIzp`HMISQKICCGGCEEIEIEGKUISCKGMEMCKCMIi@ESESEOGSc@w@GGC[BEHENIPI`@QDC\MJCFCHCDAD?R?P?F?PBD?`@ENCWeDCUCOIQIWM]Zk@[j@L\HVHPBNBTBXRjCRGDCHGFGBCBEDEv@pBlAzCHPf@{@Se@GO_@}@JSV_@c@r@^|@FNRd@g@z@IQmA{Cw@qBEDCDCBGFIFEBSFOBa@DE?KJIFCBIFEACACCCAAGGQCIEMAGEKEOISQk@]u@oAeDg@kAeAgCi@oAMc@Y_ACMCICCEIEGEGGEa@UaAm@kBiAmAs@MIIIGGIIGMEIOc@EKAKCME]K}@Gc@Ks@ASEc@Ce@T@B?H?XAFAF?REZ?b@Av@A\?V?J@H@D@B@JDHDHHTRTTX\PTPTZd@`@n@f@t@f@t@HLFFDHLNDFBBVXLLFDXPNJNHPLTH\Pd@PHBFBZLz@\\PJDNHFFJHNLFHFDHHZZl@d@X\dAhANPJJEJCFILCHEJKh@ITGXIA??AAAAEICEAEUg@BqAD@T^CjAEJ@DHN@@@@??H@FYAQDq@BKBQJS[]{@iAMQg@s@[[IIGEGIOMKIGGOIKEA\GnAKnCALCJEFYn@CD?DAD?B?D@D@DXj@fAzBLZFTDRF`@@^E@C@A?C@EBCDe@p@EDCDCBGFIFEBSFOBa@DE?KJIFCBIF?R@R?JEh@A^Ad@EpA?`A?f@?L?P?JBVRPLH	Click to Generate
S2	20	1			3	The Co-operative Food (S2)	The Spires Centre (S2)	Springs Leisure Centre (S2)	1562	1172	{stdIv}wGDpA?Xa@Fs@Hc@DOB[FI?MBGsACcAC_@Aa@RIFMHS?]EWEQ??KKWCCe@AYCw@GaB|@Ov@KHCDGBK@SAwAA_B?M@iAByA@i@D}@DkADq@Fq@F{@Do@jAPf@JRBP@E|ACt@E|@Cb@Ch@G`AEl@A\CVCf@Ad@A\?d@?~@?N?`@?x@@T?J@R?^p@IJC~@Sx@ODE?G??Cu@UBe@nA_ARKBq@H@\Bh@@f@Bf@B`@B^Bd@@HDl@Fx@H|@s@Jm@HE@?YEqA	Click to Generate
S2	30	1			3	Nether Edge Primary School (S2)	Broadfield Park (S2)	Virgin Crucible (S2)	2479	1859	kxtdIhpaHEEGGMQJ]BKFWPw@Hc@TkANq@`@_CFc@d@uE^aEL_BFi@BM?EBG@EN]DFDHDHBDFFBBJHRPRNDDNJ\T\XRPQr@CFAFUhAAJ[zAERMj@AD?B?B?D@B@BJFr@d@FDFDl@wCBONu@XwAQWIKKMKKKKMKSQ]Y]UOKEESOSQKICCGGCEEIEIEGKUISCKGMEMCKCMIi@ESESEOGSc@w@GGC[BEHENIPI`@QDC\MJCFCHCDAD?R?@NBJ@F?R@R?JEh@A^Ab@?@EpA?HAHCHAHAFIVEJCHKVKUISCKGMEMCKCMIi@ESESEOGSc@w@GGC[BEHENIPI`@QDC\MJCFCHCDAD?R?P?F?PBD?`@ENCSkCCYCUCOIQIWM]Zk@[j@L\HVHPBNBTVdDOBa@DE?KJIFCBIF?R@R?JEh@A^Ad@EpA?HAHCHAHAFIVEJCHKVO\ADCF?DCLGh@M~A_@`Ee@tEGb@a@~BOp@UjAIb@Qv@GVCJK\LPFFDD	Click to Generate
S2	20	1			3	Leaves (S2)	Windy House Lane Pocket Park (S2)	UBU (S2)	2077	1558	yfudInfvGq@`AMB[\ICm@oAQ\_@r@q@z@pBvC??qBwCm@q@A?u@y@{A}AOOELCFCBg@^AGGW??FV@Ff@_@BCBGDMNNzA|At@x@@?l@p@IJcAnAGF{@v@w@^k@^u@Ts@RYDYDg@HG??TBx@Bl@Fj@FX@HDRJ\`AzB`AtBJR@BLYRYBCDINUNY^q@BEzAqC`ByC|A}C^q@`AgB`AmBVo@Xw@L[d@y@@E@E?C@E?E?G?E?C?EAC?A?EAEAEAGCEAEEG[SmBkAGT]xAENa@jAq@|ASb@l@nAHBZ]LCp@aA	Click to Generate
S2	60	1			3	Burton Roofing Merchants (S2)	Makro (S2)	Manor Park Medical Centre (S2)	5454	4090	g|xdId~uG_@]EO@g@KDOMo@g@UQYSg@g@Sr@Kd@c@`BMf@Ol@St@Of@_@fAS]Vu@Ni@CHK^Wt@R\a@z@u@`BUf@INmAfBOTkAvAUg@O[CISc@Sa@Sa@Q_@??m@bAu@tAVZNPDFV\TXX\RVELGJy@fB]`AK\g@dBSz@UhACPQjAKx@QvAIt@Kr@CNe@xBr@vAP\r@xABFl@hAd@|@@BDJFHFHJJn@f@JF\R~Az@@?B@F@@A@?B?@?BADELUR]v@sBv@wBf@uAb@cBXu@LSJQFIp@i@d@WTMLCf@W`AcAp@s@hC_BNUFOPWZ}@j@_Bd@sA~@oCVs@d@sA^iAL[LUTa@\e@Z[VSXO^Ol@QXORMTS^]v@kANYrBkDp@kACMAM@M@GDIFEFA??HBDHx@gAZc@TSVMRGF?PAjABz@BDgBJ}AJ{@VyB^_DP}AV{BTeBPsAPcAl@kBHO??FMpAeCGyAYyFCi@GoAK{B[QGEIEOMy@g@s@i@q@o@aAgAa@a@QWW]EIOSw@gAIMIGECICW?GBG@MBI?WR[n@uAhFg@nBaEzNk@bCi@`Cy@zDy@tDO`BkAlGE`@?^?^D^D\Lf@Lv@?b@A`@EXETMVONUFU?UEUSqBaBwAsAyAaAKGYOCBOXm@`@cApAYf@[z@f@f@XRTPn@f@NLJEAf@DN^\	Click to Generate
S2	30	1			3	UBU (S2)	Windy House Lane Pocket Park (S2)	Kwik Fit (S2)	2742	2056	_gudItkvGINaAfB_@p@}A|CaBxC{ApCCD_@p@OXOTEHCBSXMXACKSaAuBaA{BK]ESAIGYGk@Cm@Cy@?UF?f@IXEXEr@St@Uj@_@v@_@z@w@FGbAoAHKm@q@A?u@y@{A}AOOELCFCBg@^AGGW??FV@Ff@_@BCBGDMNNzA|At@x@@?l@p@IJcAnAGF{@v@w@^k@^u@Ts@RYDYDg@HG??TBx@Bl@Fj@FX@HDRJ\`AzB`AtBJR@BQZeAjBm@lA]p@k@bAkBjDe@z@CEEIk@mAj@lADHBDd@{@jBkDj@cA\q@l@mAvAgCLYRYBCDINUNY^q@~AwC`ByC|A}C^q@`AgBHO	Click to Generate
S2	45	1			3	Gleadless Medical Centre (S2)	Pizza City (S2)	Arbourthorne Community Primary School (S2)	3272	2454	abtdId~yGb@}@BCTe@f@aAP]h@eAHKLKBCTAF@JFHLHRDX@\?Z@RA\?H?J?L@H@Jg@r@QXCBa@j@KLKLMJiB`BQNUTKNILSZOXCDGHADOZA@CFGHMRKPKRADHNZl@??[m@IOMVCFITEHCLKIGGEGGGQKMIm@YIAFu@HsA?IBe@@OEQMIK?a@NK@KEGKGOAS?C?WJo@@KPy@Py@H]@GLm@VqADSBKJw@@IAUCQIMICEAQHYTSRQRGDGFIBEA[EBc@J{AFeAF_A@[B[By@@WBw@@m@Bo@@i@@g@@e@?G?M?O@c@G@MFa@Po@\aAj@a@VSLYPiBpAg@\e@\}@r@y@n@EBPbBJ|@D^Lr@Lp@BLFXDJJKHGFADDDJBFFFBAtAy@??uAx@C@GGCGEKEEG@IFKJFRJ\BDFNLZNRPZZ^LJJHRRNJh@b@h@\j@\TL^RSz@Qv@Wx@Od@MXGNMXSd@EHGHMVHR@BBBHDJ?F?FC`B]r@On@OVGFAF?F?F?PD`@LH@l@XLHPJRAFAH?DCHCBGLW@EJSJQLSFIBG@AN[@EFIBENYR[HMJOTUPOhBaBLKJMJM`@k@BCPYf@s@AKAI?M?K?I@]AS?[A]EYISIMKGGAU@CBMJIJi@dAQ\g@`AUd@CBc@|@	Click to Generate
S2	30	1			3	Temple Park Centre (S2)	Castle View Park (S2)	Hair & Beauty Lounge (S2)	2995	2246	c{wdIravGEKCCGGIGICGAG?GBWVCDC?A?MIp@kACMAM@M@GDIFEFAHBDHx@gAZc@TSVMRGF?ARGV?p@?I?g@FW@SG?SFWLUR[b@y@fADJ@L?FCLEJrAjCr@`Bl@bBJSh@{@NUHEHAL?jBb@jA`@zBp@^Lp@T|Ah@l@^Zb@Pb@BH@DHd@Dr@A`AKv@ENe@jAe@aAQUyDq@WGaAOq@a@QSUe@KO^}@\cBNwBkAa@kBc@M?I@IDOTi@z@KRm@cBs@aBsAkCEDK@GCGICMAM@M@GDIFEFAHBDHx@gAZc@TSVMRGF?PAjABz@Bf@Dp@Ap@Kr@c@v@_A~@mB\q@Vg@Cm@??^w@ZHq@tAEDWf@]p@_AlBw@~@s@b@q@Jq@@g@E{@CkACQ@G?SFWLUR[b@y@fADJ@L?FCLEJEDK@GCGIq@jALH@?B?BEVWFCF?F@HBHFFFBBDJ	Click to Generate
S2	45	1			3	Arbourthorne Community Primary School (S2)	Zakwetu (S2)	Newfield Green Dental Surgery (S2)	3642	2732	_otdItkyG?JEv@G~@GdAKzACb@Gz@?FIfAGt@E`@Kz@EZEXG\_@SUMk@]i@]i@c@OKSSKIMK[_@Q[OSM[GOCEK]GSJKHGFADDDJBFFFBAtAy@??uAx@C@GGCGEKEEG@IFKJFRJ\BDFNLZNRPZZ^LJJHRRNJh@b@h@\j@\TL^RSz@Qv@Wx@Od@MXGNMXSd@EHGHMVHR@BBBHDJ?F?FC`B]r@On@OVGFAF?F?F?PD`@LH@l@XLHPJRAFAH?DCHCBGLW@EJSJQLSFIBG@AN[@EFIBENYR[HMJOTUPOhBaBLKJMJM`@k@BCPYf@s@AKAI?M?K?I@]AS?[A]EYISIMKGGAU@CBMJIJi@dAQ\g@`AUd@CBi@hA[l@dAwBBCTe@f@aAP]h@eAHKLKBCTAF@JFHLHRDX@\?Z@RA\?H?J?L@H@Jg@r@QXCBa@j@KLKLMJiB`BQNUTKNILSZOXCDGHADOZA@CFGHMRKPKRADMVCFITEHCLKIGGEGGGQKMIm@YIAFu@HsA?Ic@Gb@F?HIrAGt@H@l@XLHPJRAD?@AH?DCHCBGLW@EJSJQLSFIBG@AN[@EFIBEKSGKFJJRCDGHADOZA@CFGHMRKPKRADMVCFITEHCLKIGGEGGGQKMIm@YIAFu@HsA?IBe@@OEQMIK?a@NK@KEGKGOAS?C?WJo@@KPy@Py@H]@GLm@VqADSBKJw@@IAUCQIMICEAQHYTSRQRGDGFIBEA[EBc@J{AFeAF_ADw@?K	Click to Generate
S2	20	1			3	Noble and Wylie (S2)	Broadfield Park (S2)	Virgin Crucible (S2)	1727	1295	ertdIbp`H@I?EBG@EN]DFDHDHBDFFBBJHRPRNDDNJ\T\XBBNLQr@CFAFWtA[zAERMj@AD?B?B?D@B@BJFr@d@FDFDl@wCBONu@XwAQWIKKMKKKKMKSQ]Y]UOKEESOSQKICCGGCEEIEIEGKUISCKGMEMCKCMIi@ESESEOGSc@w@GGC[BEHENIPI`@QDC\MJCFCHCDAD?R?@NBJ@F?R@R?JEh@A^Ab@?@EpA?HAHCHAHAFIVEJCHKVKUISCKGMEMCKCMIi@ESESEOGSc@w@GGC[BEHENIPI`@QDC\MJCFCHCDAD?R?P?F?PBD?`@ENCSkCCYCUCOIQIWM]Zk@[j@L\HVHPBNBTVdDOBa@DE?KJIFCBIF?R@R?JEh@A^Ad@EpA?HAHCHAHAFIVEJCHKVO\ADCF?DAH	Click to Generate
S2	30	1			3	Well Pharmacy (S2)	Terry Wright Community Hall (S2)	Pizza City (S2)	2172	1629	yetdIjnzG[m@IO@EJSJQLSFIBG@AN[@EFIBENYR[HMJO??TUPOhBaBLKJMJMIS?C?G@M??j@y@BCZi@LKH??L@H@Jg@r@QXCBa@j@KLKLMJiB`BQNUTKNILSZOXCDGHADOZA@CFGHMRKPKRADMVCFITEHCLKIGGEGGGQKMIm@YIAFu@HsA?IBe@@OEQMIK?a@NK@KEGKGOAS?C?WJo@@KPy@Py@H]@GLm@VqADSBKJw@@IAUCQIMICEAQHYTSRQRGDGFIBEA[EBc@J{AFeAF_A@[B[By@@WfATB_@C^gAUAVCx@Ev@G~@GdAKzACb@Gz@?FIfAGt@E`@Kz@EZEXG\Sz@Qv@Wx@Od@MXGNMXSd@EHGHMVHR@BBBHDJ?F?FC`B]r@On@OVGFAF?F?F?PD`@LH@l@XLHPJRAFAH?DCHCBGLWHNZl@	Click to Generate
S2	45	1			3	Leaves (S2)	UBU (S2)	Windy House Lane Pocket Park (S2)	3267	2450	yfudIjkvGp@sAVo@Xw@L[d@y@@E@E?C@E?E?G?E?C?EAC?A?EAEAEAGCEAEEG[SmBkAGT]xAENa@jAq@|ASb@Q\_@r@q@z@pBvC??qBwCIJcAnAGF{@v@w@^k@^u@Ts@RYDYDg@HG??TBx@Bl@Fj@FX@HDRJ\`AzB`AtBJR@BLYRYBCDINUNY^q@BEzAqC`ByC|A}C^q@`AgB`AmBVo@Xw@L[d@y@@E@E?C@E?E?G?E?C?EAC?A?EAEAEAGCEAEEG[SmBkA_BcAsA}@UQGXS|@u@rBq@jAy@jAc@f@INCHOOELCFCBg@^AGGW??FV@Ff@_@BCBGDMNNBIHOb@g@x@kAp@kAt@sBR}@FYNc@`BfAXPb@`@RLHDDBXPjBnAh@?H?FALCJEHGHKFMN]FSTw@DOP_ABONYJg@DUDUBE@CBAB?B?D?D@DD^|@Tn@N\Rl@Jd@@HAd@ATCNENENGVGTEPKRi@F_@DODM@{@FWTO@]BK@GBC@IDGBIHEDEDABCBgB|Cq@rA	Click to Generate
S2	60	1			3	Substantial Victorian houses in Norfolk Road (S2)	Path up to the Cholera Monument, Sheffield (S2)	Cholera Monument, Sheffield (S2)	7998	5998	cj{dI|t_HFIRYRQBCHG@ALIHWBEJ[h@oCPcAXkBFi@Jq@ZsBPqAFk@v@qGHa@RYX]~@iADEXa@Ta@LSVi@L[DMVu@BGBIBKZs@\{@HSF]Pg@Ns@FY@IFa@Jy@Be@Be@@c@@G?Q?k@?ICw@?]By@PeDDcA@OLcBLaALq@No@HYJa@Na@Pg@BIPc@FMPe@Vc@Zk@`@m@FKPUb@g@TYBEPUNUPUPUFKDMTc@DKDSHUBMBKBWDa@BUBa@Ba@@_@Bk@Bo@Dq@?MBe@@a@B[DaAHkBD_AHkAF{@Fs@Da@Fc@Ju@DSP_ADSJa@DKLa@`@q@DE^e@ZQDC@ALA@?F?D@B@B@B@BBBBBDDFFLDFBH?D@B@B?@?BBTBf@Fh@D\DZDZJl@Jl@J^H\X`A^vANh@Nh@Pr@T`ATv@DNBDDHDDFBJDH@D?B@BAFENMFCJE@?HAHAJB\NLCHEFERM@ADA\U@ABCROx@q@XWt@k@DEBAFEHILKFEFE\WZWtCkCf@k@t@w@VYX]hAmAVWHIHKNO`AeANS`AeANSDEFE`@e@dCgDLSXe@DJDDB@F?NGzAo@bAa@JGDIFKDHFFVPd@`@|CdCiBjEKVYn@ABm@vAmCjGCDuA|Ce@fAo@|AGLwA`DFLHJf@f@RPz@x@tAtABB~@~@DBb@b@FK@CDEDCFAfAQt@M@ABA@C@C@C?C@GCa@c@Fb@GB`@AF?BABABABC@A@}B^G@EBEDABGJc@c@EC_A_ACCuAuA{@y@SQg@g@IKGMvAaDjAlBIZADAF?D?\?z@?F@DBFBFCGCGAE?G?{@?]?E@G@EH[??kAmBwA`DCECICImAqEWcAW}@Su@EQCKEKQu@y@}CMi@Kc@WViAlAY\WXu@v@g@j@uCjC[V]VGDGDMJIHGDC@EDu@j@YVy@p@SNCBA@GRCJAHAJAL?J@N?PBT@Nr@tCBZ@\AZAJI`@GT]Xa@XIDMDG@G?E?G?GAq@SOGe@D_@?WAg@MQ@WBODUFE@a@HQBOCMEGEEEGGKQW_@oB}BgAqAIGY_@c@]AAEECCKOE|@Cb@EfACb@A`@C\C`@CVG\ETELGTGPITGPS\ILGHKNGFOPONc@d@UXIJGFILKNQTKNMTOXKXQf@Oh@ERGTCJWbAMn@QdAU~@IZEPCTCZAPARAPA\@X@\@TFh@D\BNFTHTL^DHd@hAFNBB@R?TAPCNCJEDGHIDIEy@_@C?K?C@G@A@EBEHCFGFO|ACTAPCJCNCPGTGRGPIVGNQRIR]z@[r@CJCHCFWt@ELMZIr@Y`Bm@tCgBpICLAN?PE?mAcAQpA[rBKp@Gh@YjBQbAi@nCKZCDIVMHA@IFCBSPSXGH	Click to Generate
S2	45	1			3	The Hardy Pick (S2)	Virgin Crucible (S2)	Boots (S2)	3669	2752	intdIlq`HGEEESOSQKICCGGCEEIEIEGKUISCKGMEMCKCMIi@ESESEOGSc@w@GGC[BEHENIPI`@QDC\MJCFCHCDAD?R?P?F?PBD?`@ENCRGDCHGFGBCBEDEv@pBlAzCHPf@{@Se@GO_@}@JSV_@c@r@^|@FNRd@g@z@IQmA{Cw@qBEDCDCBGFIFEBSFSkCCYCUCOIQIWM]Zk@[j@L\HVHPBNBTVdDOBa@DE?KJIFCBIFEACACCCAAGGQCIEMAGEKEOISQk@]u@oAeDg@kAeAgCi@oAMc@Y_ACMCICCEIEGEGGEa@UaAm@kBiAmAs@MIIIGGIIGMEIOc@EKAKCME]K}@Gc@Ks@ASEc@Ce@T@B?H?XAFAF?REZ?b@Av@A\?V?J@H@D@B@JDHDHHTRTTX\PTPTZd@`@n@f@t@f@t@HLFFDHLNDFBBVXLLFDXPNJNHPLTH\Pd@PHBFBZLz@\\PJDNHFFJHNLFHFDHHZZl@d@X\dAhANPJJEJCFILCHEJKh@ITGXIA??AAAAEICEAEUg@BqAD@T^CjAEJ@DHN@@@@??H@FYAQDq@BKBQJS[]{@iAMQg@s@[[IIGEGIOMKIGGOIKEA\GnAKnCALCJEFYn@CD?DAD?B?D@D@DXj@fAzBLZFTDRF`@@^E@C@A?C@EBCDe@p@EDCDCBGFIFEBSFOBa@DE?KJIFCBIF?R@R?JEh@A^Ad@EpA?`A?f@?L?P?JBVRPRNDDFD	Click to Generate
S2	30	1			3	Temple Park Centre (S2)	Castle View Park (S2)	Manor Park Medical Centre (S2)	2423	1817	wfwdIpmuG??Bl@Wf@]p@_AlBw@~@s@b@q@Jq@@g@E{@CkACQ@ARGV?p@?I?g@FW@SG?SFWLUR[b@y@fADJ@L?FCLEJrAjCr@`Bl@bBJSh@{@NUHEHAL?jBb@jA`@zBp@^Lp@T|Ah@l@^Zb@Pb@BH@DHd@Dr@A`AKv@ENe@jAe@aAQUyDq@WGaAOq@a@QSUe@KO^}@\cBNwBkAa@kBc@M?I@IDOTi@z@KRm@cBs@aBsAkCEDK@GCGICMAM@M@GDIFEFA??HBDHx@gAZc@TSVMRGF?PAjABz@Bf@Dp@Ap@Kr@c@v@_A~@mB\q@Vg@Cm@	Click to Generate
S2	45	1			3	Gleadless Medical Centre (S2)	Pizza City (S2)	Arbourthorne Community Primary School (S2)	3262	2446	{atdIz}yG\s@BCTe@f@aAP]h@eAHKLKBCTAF@JFHLHRDX@\?Z@RA\?H?J?L@H@Jg@r@QXCBa@j@KLKLMJiB`BQNUTKNILSZOXCDGHADOZA@CFGHMRKPKRADHNZl@??[m@IOMVCFITEHCLKIGGEGGGQKMIm@YIAFu@HsA?IBe@@OEQMIK?a@NK@KEGKGOAS?C?WJo@@KPy@Py@H]@GLm@VqADSBKJw@@IAUCQIMICEAQHYTSRQRGDGFIBEA[EBc@J{AFeAF_A@[B[By@@WBw@@m@Bo@@i@@g@@e@?G?M?O@c@G@MFa@Po@\aAj@a@VSLYPiBpAg@\e@\}@r@y@n@EBPbBJ|@D^Lr@Lp@BLFXDJJKHGFADDDJBFFFBAtAy@??uAx@C@GGCGEKEEG@IFKJFRJ\BDFNLZNRPZZ^LJJHRRNJh@b@h@\j@\TL^RSz@Qv@Wx@Od@MXGNMXSd@EHGHMVHR@BBBHDJ?F?FC`B]r@On@OVGFAF?F?F?PD`@LH@l@XLHPJRAFAH?DCHCBGLW@EJSJQLSFIBG@AN[@EFIBENYR[HMJOTUPOhBaBLKJMJM`@k@BCPYf@s@AKAI?M?K?I@]AS?[A]EYISIMKGGAU@CBMJIJi@dAQ\g@`AUd@CB]r@	Click to Generate
S2	20	1			3	Leaves (S2)	Windy House Lane Pocket Park (S2)	UBU (S2)	1867	1400	gfudIljvG^u@Vo@Xw@L[d@y@@E@E?C@E?E?G?E?C?EAC?A?EAEAEAGCEAEEG[SmBkAGT]xAENa@jAq@|ASb@Q\_@r@q@z@pBvC??qBwCm@q@A?u@y@{A}AOOELCFCBg@^AGGW??FV@Ff@_@BCBGDMNNzA|At@x@@?l@p@IJcAnAGF{@v@w@^k@^u@Ts@RYDYDg@HG??TBx@Bl@Fj@FX@HDRJ\`AzB`AtBJR@BLYRYBCDINUNY^q@BEzAqC`ByC|A}C^q@`AgB`@w@	Click to Generate
S2	30	1			3	Porcelanosa (S2)	The Hardy Pick (S2)	Mandala (S2)	2699	2024	{ctdIbw_HAAACE]FYAQDq@BKBQJS[]{@iAMQGRENADECUK_@QGC@Y?G@IDUDQIIGEGIOMKIGGOIKEA\GnAKnCALCJEFYn@CD?DAD?B?D@D@DXj@fAzBLZFTDRF`@@^E@C@A?C@EBCDe@p@v@pBlAzCHPf@{@Se@GO_@}@JSV_@c@r@^|@FNRd@g@z@IQmA{Cw@qBEDCDCBGFIFEBSFOBa@DE?KJIFCBIFEACACCCAAGGQCIEMAGEKEOISQk@]u@oAeDg@kAeAgCi@oAMc@Y_ACMCICCEIEGEGGEa@UaAm@kBiAmAs@MIIIGGIIGMEIOc@EKAKCME]K}@Gc@Ks@ASEc@Ce@T@B?H?XAFAF?REZ?b@Av@A\?V?J@H@D@B@JDHDHHTRTTX\PTPTZd@`@n@f@t@f@t@HLFFDHLNDFBBVXLLFDXPNJNHPLTH\Pd@PHBFBZLz@\\PHB@@NHFFJHNLFHFDHHZZl@d@X\dAhANPJJEJCFILCHEJKh@ITGXD\@B@@	Click to Generate
S2	30	1			3	Diocese of Hallam Pastoral Centre (S2)	Woodbourn Road Stadium (S2)	Sheffield Animal Centre (S2)	2707	2030	_e{dIjmwG??CFEJBHBPBR?p@Ib@_AbDXXRNDBZXJ^?^?RE~AbBPH@n@JHBZDEg@K_BAKASOmBm@sC_AaEYuAIe@CIc@oBEOK[BIBCPENEREp@q@`@e@HI`@a@TSHSL_@DGHQBGNM@CFQDQJc@He@l@cDHg@`@_CFc@Pu@^qAXZTPNLMp@G\ADQlAd@ZLLAV?\FRN@??VIWHOAGS?]@WMMe@[PmA@EF]Lq@\cAL]LFHF`AdAp@r@NFl@^d@^r@bAxFbGCn@Qd@_AhACDWb@Yz@a@`BOHK@k@EMBGFEFCPALAp@?JAHAHAHCBAFEHe@WmAo@AAKGyBmAqEiC[QOAM?KAKAQAM@SFURa@`@IHa@d@q@p@S\EDWVDNb@nBBHHd@XtAKXEGCEWZEMIQ	Click to Generate
S2	60	1			3	Path near the Cholera Monument, Sheffield (S2)	Sheffield Inclusion Centre (S2)	Manor Fields (S2)	7359	5519	c|wdI`f|Gb@GB`@AF?BABABABC@A@}B^G@EBEDABGJc@c@EC_A_ACCuAuA{@y@SQg@g@IKGMvAaDjAlBIZADAF?D?\?z@?F@DBFBFCGCGAE?G?{@?]?E@G@EH[??kAmBFMtAeDtA}CBElCkGl@wA@CXo@JWhBkEfEmMBE@ABATA@k@@o@@y@BgA@QJyFJuFDuBD}BFoC?K@k@TUZ]fBeBRS^]BADEFG~BuBrFgFDEFEzCuCv@u@|@_ARQDEDEx@u@^]nAqA\m@~@cBf@aA^m@`@u@h@_AFMDIP[HMDIDKDEb@w@HKd@{@jBkDj@cABFBFj@lAVj@d@`ATf@Tf@@Bl@rAb@~@FL`@~@b@hARl@?BN`@UTu@t@qBjBw@v@eAbAcA~@I[Ke@GUw@_DCGIUOEIAGA?S?O?KCQKc@e@{AIUCGMc@KKGGIGCCEAK?i@~@a@t@_@l@g@`A_AbB]l@oApA_@\y@t@EDEDSP}@~@c@kBd@g@jBu@nCgBVa@^mBYyAaAmFu@cEY_Ba@yBkAaHCOS_AW]m@GS@??eD|BaBhAOb@f@rCjAhHuBxAc@Zk@`@e@ZwBxAg@Xs@f@xApKtAxKr@vE_CtBGFEDC@_@\SRgBdB[\UTAj@?JGnCE|BEtBKtFKxFAPCfAAx@An@Aj@U@C@A@CDgElMiBjEKVYn@ABm@vAmCjGCDuA|CuAdDGLwA`DFLHJf@f@RPz@x@tAtABB~@~@DBb@b@FK@CDEDCFA|B_@@ABA@C@C@C?C@GCa@c@F	Click to Generate
S2	60	1			3	Burton Roofing Merchants (S2)	Makro (S2)	Mather Community Park (S2)	5847	4385	q_ydIdzuGEEUQYSg@g@Sr@Kd@c@`BMf@Ol@St@Of@_@fAS]Vu@Ni@CHK^Wt@R\a@z@u@`BUf@INmAfBOTkAvA[f@u@~@SWY]UYW]EGOQW[t@uAl@cA??P^R`@R`@Rb@BHNZTf@jAwANUlAgBHOTg@t@aB`@{@^gANg@Ru@Nm@Lg@b@aBJe@Rs@Z{@Xg@bAqAF]Dc@Ca@CW@UFWFMDEHEJAFBD@HJDJDLVx@P`@h@`@^Ph@Jb@F\EPINMNSN_@dA{D|@mD~@mD^aBfAiFv@qDXuA`@eBz@{F|@_Ft@gEr@}DB[@O?OEUA_@A_@C]I[KSKOGGoBiBeCuB}AeAo@a@o@_@k@bECLIn@y@jFq@xE]rBUhAtAlAf@b@j@l@U|@]z@e@|@s@v@g@`@MJ_Bt@Ks@SaBn@wA`@gAZ_A\oADWFUTiA\sBp@yEx@kFHo@BMj@cEJg@xDfCtBjBpAjAPNDD\ZTVHFHDF@F?HEFEDCPCJ@VJXRXRPVJNDNHd@Fd@@P?PARAPIVGNIHGBG@MBI?WR[n@uAhFg@nBaEzNk@bCi@`Cy@zDy@tDO`BkAlGE`@?^?^D^D\Lf@Lv@?b@A`@EXETMVONUFU?UEUSqBaBwAsAyAaAKGYOCBOXm@`@cApAYf@[z@f@f@XRTPDD	Click to Generate
S2	20	1			3	Wobbly Wheel Cyclery (S2)	Daughters (S2)	74th Oak Street Scout Group (S2)	1638	1228	u_tdIf{}GRAMyIF?v@GbAG?FJtGL`HlBIDbBmClGkBfEgAdCqAwBIM\{@~BsFTg@E[IcFImDMyIE?o@DEmCCsBAq@AKv@EJ~HLxIS@	Click to Generate
S2	20	1			3	Anna Roberts (S2)	Virgin Crucible (S2)	The Hardy Pick (S2)	1818	1364	motdInp`H@@RNDDNJ\T\XRPQr@CFAFWtA[zAERMj@AD?B?B?D@B@BJFr@d@FDFDl@wCBONu@XwAQWIKKM??KKKKMKSQ]Y]UOKEESOSQKICCGGCEEIEIEGKUISCKGMEMCKCMIi@ESESEOGSc@w@GGC[BEHENIPI`@QDC\MJCFCHCDAD?R?P?F?PBD?`@ENCWeDCUCOIQIWM]Zk@[j@L\HVHPBNBTBXRjCRGDCHGFGBCBEDEv@pBlAzCHPf@{@Se@GO_@}@JSV_@c@r@^|@FNRd@g@z@IQmA{Cw@qBEDCDCBGFIFEBSFOBa@DE?KJIFCBIF?R@R?JEh@A^Ad@EpA?`A?f@?L?P?JBVPN	Click to Generate
S2	30	1			3	Leaves (S2)	Windy House Lane Pocket Park (S2)	UBU (S2)	2605	1954	}dudIfhvGINVo@Xw@L[d@y@@E@E?C@E?E?G?E?C?EAC?A?EAEAEAGCEAEEG[SmBkAGT]xAENa@jAq@|ASb@Q\_@r@q@z@pBvC??qBwCm@q@A?u@y@{A}AOOELCFCBg@^AGGW??FV@Ff@_@BCBGDMNNzA|At@x@@?l@p@IJcAnAGF{@v@w@^k@^u@Ts@RYDYDg@HG??TBx@Bl@Fj@FX@HDRJ\`AzB`AtBJR@BLYRYBCDINUNY^q@BEzAqC`ByC|A}C^q@`AgB`AmBVo@Xw@L[d@y@Ra@DIJUHOJSJQ`@_AN]FSTw@DOP_ABONYJg@DUDUBE@CBAB?B?D?D@DD^|@Tn@N\Rl@Jd@@HAd@ATCNENENGVGTEPKRi@F_@DODM@{@FWTO@]BK@GBC@IDGBIHEDEDABCB}AlC	Click to Generate
S2	20	1			3	Casa Italia (S2)	Alam Hill Books (S2)	Boots (S2)	1709	1282	aktdIde_HS_@QYEJWj@Yp@CTz@\\PJDNHFFJHNLFHFDHHZZPNZTELg@s@[[IIGEGIOMKIGGOIKE]Q{@]BUXq@Vk@DKj@wAxAiDdC}FHLpAvBiC`GiA~C_@hAY~@K^NLFHFDHHZZl@d@X\dAhANPJJEJCFILCHEJKh@ITGXIA??AAAAEICEAEUg@BqAD@T^CjAEJ@DHN@@@@??H@FYAQDq@BKBQJS[]{@iAMQg@s@[[IIGEGIOMKIGGOIKE]Q{@]BUXq@Vk@DKPXR^	Click to Generate
S2	60	1			3	Path near the Cholera Monument, Sheffield (S2)	Sheffield Inclusion Centre (S2)	Manor Fields (S2)	7164	5373	g~wdInh|G_@FG@EBEDABGJc@c@EC_A_ACCuAuA{@y@SQg@g@IKGMvAaDjAlBIZADAF?D?\?z@?F@DBFBFCGCGAE?G?{@?]?E@G@EH[??kAmBFMtAeDtA}CBElCkGl@wA@CXo@JWhBkEfEmMBE@ABATA@k@@o@@y@BgA@QJyFJuFDuBD}BFoC?K@k@TUZ]fBeBRS^]BADEFG~BuBrFgFDEFEzCuCv@u@|@_ARQDEDEx@u@^]nAqA\m@~@cBf@aA^m@`@u@h@_AFMDIP[HMDIDKDEb@w@HKd@{@jBkDj@cABFBFj@lAVj@d@`ATf@Tf@@Bl@rAb@~@FL`@~@b@hARl@?BN`@UTu@t@qBjBw@v@eAbAcA~@I[Ke@GUw@_DCGIUOEIAGA?S?O?KCQKc@e@{AIUCGMc@KKGGIGCCEAK?i@~@a@t@_@l@g@`A_AbB]l@oApA_@\y@t@EDEDSP}@~@c@kBd@g@jBu@nCgBVa@^mBYyAaAmFu@cEY_Ba@yBkAaHCOS_AW]m@GS@??eD|BaBhAOb@f@rCjAhHuBxAc@Zk@`@e@ZwBxAg@Xs@f@xApKtAxKr@vE_CtBGFEDC@_@\SRgBdB[\UTAj@?JGnCE|BEtBKtFKxFAPCfAAx@An@Aj@U@C@A@CDgElMiBjEKVYn@ABm@vAmCjGCDuA|CuAdDGLwA`DFLHJf@f@RPz@x@tAtABB~@~@DBb@b@FK@CDEDCFA^G	Click to Generate
S2	20	1			3	Arman Food Store (S2)	Virgin Crucible (S2)	The Hardy Pick (S2)	1818	1364	sotdIhp`HFFRNDDNJ\T\XRPQr@CFAFWtA[zAERMj@AD?B?B?D@B@BJFr@d@FDFDl@wCBONu@XwAQWIKKMEEEEKKMKSQ]Y]UOKEESOSQKICCGGCEEIEIEGKUISCKGMEMCKCMIi@ESESEOGSc@w@GGC[BEHENIPI`@QDC\MJCFCHCDAD?R?P?F?PBD?`@ENCWeDCUCOIQIWM]Zk@[j@L\HVHPBNBTBXRjCRGDCHGFGBCBEDEv@pBlAzCHPf@{@Se@GO_@}@JSV_@c@r@^|@FNRd@g@z@IQmA{Cw@qBEDCDCBGFIFEBSFOBa@DE?KJIFCBIF?R@R?JEh@A^Ad@EpA?`A?f@?L?P?JBVJH	Click to Generate
S2	20	1			3	Temple Park Centre (S2)	Manor Park Medical Centre (S2)	Castle View Park (S2)	1839	1379	}wwdIbhvGCSCINWs@aBsAkCEDK@GCGICMAM@M@GDIFEFAHBDHx@gAZc@TSVMRGF?ARGV?p@?I?g@FW@SG?SFWLUR[b@y@fADJ@L?FCLEJEDK@GCGICMAM@M@GDIFEFA??HBDHDJ@L?FCLEJrAjCr@`Bl@bBJSh@{@NUHEHAL?jBb@jA`@zBp@^Lp@T|Ah@l@^Zb@Pb@BH@DHd@Dr@A`AKv@ENe@jAe@aAQUyDq@WGaAOq@a@QSUe@KOa@n@mBxCoAyCoAyCZi@IOR_@F[?SA[CO	Click to Generate
S2	20	1			3	Valley Road Garage (S2)	International Automatic Cars (S2)	Casa Italia (S2)	1722	1292	sftdIrx~GvAgD\{@~@wBtAcDtBwElBIDbBmClGkBfEgAdCqAwBIM_FfLk@vAPXVd@H@t@aBu@`BIACES_@QYEJWj@Yp@CTz@\\PJDNHFFJHNLFHFDHHZZPNZTELg@s@[[IIGEGIOMKIGGOIKE]Q{@]BUXq@Vk@DKj@wAfC_G	Click to Generate
S2	30	1			3	Temple Park Centre (S2)	Castle View Park (S2)	Hair & Beauty Lounge (S2)	2973	2230	k|wdIlavG_@l@KWESC?A?MIp@kACMAM@M@GDIFEFAHBDHx@gAZc@TSVMRGF?ARGV?p@?I?g@FW@SG?SFWLUR[b@y@fADJ@L?FCLEJrAjCr@`Bl@bBJSh@{@NUHEHAL?jBb@jA`@zBp@^Lp@T|Ah@l@^Zb@Pb@BH@DHd@Dr@A`AKv@ENe@jAe@aAQUyDq@WGaAOq@a@QSUe@KO^}@\cBNwBkAa@kBc@M?I@IDOTi@z@KRm@cBs@aBsAkCEDK@GCGICMAM@M@GDIFEFAHBDHx@gAZc@TSVMRGF?PAjABz@Bf@Dp@Ap@Kr@c@v@_A~@mB\q@Vg@Cm@??^w@ZHq@tAEDWf@]p@_AlBw@~@s@b@q@Jq@@g@E{@CkACQ@G?SFWLUR[b@y@fADJ@L?FCLEJEDK@GCGIq@jALH@?B?BEVWFCF?F@HBENEH	Click to Generate
S2	30	1			3	UBU (S2)	Leaves (S2)	Sheffield Inclusion Centre (S2)	2752	2064	iwudInewGP[LYRYBCDINUNY^q@BEzAqC`ByC|A}C^q@`AgB`AmBVo@Xw@L[d@y@@E@E?C@E?E?G?E?C?EAC?A?EAEAEAGCEAEEG[SmBkAGT]xAENa@jAq@|ASb@Q\_@r@q@z@pBvC??qBwCIJcAnAGF{@v@w@^k@^u@Ts@RYDYDg@HG??TBx@Bl@Fj@FX@HDRJ\`AzB`AtBJR@BwAfCm@lA]p@BFBFj@lAVj@d@`ATf@Tf@@Bl@rAb@~@FL`@~@b@hARl@?BN`@UTu@t@qBjBw@v@eAbAcA~@I[Ke@GUw@_DCGIUOEIAGA?S?O?KCQKc@e@{AIUCGMc@EQCE?EAGAG?CAI?I@I?I@E@CDIDKDEb@w@HKd@{@jBkDj@cA\q@l@mAdAkB	Click to Generate
S2	30	1			3	GoLocalExtra (S2)	UBU (S2)	Windy House Lane Pocket Park (S2)	2510	1882	_kudIdpvGqBwCp@{@^s@P]Rc@p@}A`@kADO\yAFU_BcAFk@XPb@`@RLHDDBXPjBnAh@?H?FALCJEHGHKFMN]FSTw@DOP_ABONYJg@DUDUBE@CBAB?B?D?D@DD^|@Tn@N\Rl@Jd@@HAd@ATCNENENGVGTEPKRi@F_@DODM@{@FWTO@]BK@GBC@IDGBIHEDEDABCBgB|Cq@rAOXaAfB_@p@}A|CaBxC{ApCCD_@p@OXOTEHCBSXMXACKSaAuBaA{BK]ESAIGYGk@Cm@Cy@?UF?f@IXEXEr@St@Uj@_@v@_@z@w@FGbAoAHKm@q@A?u@y@{A}AOOELCFCBg@^AGGW??FV@Ff@_@BCBGDMNNzA|At@x@@?l@p@pBvC	Click to Generate
S2	45	1			3	Bronze & Polished (S2)	Sheffield Inclusion Centre (S2)	Leaves (S2)	3077	2308	syudI`iwGBEvAgCLYRYBCDINUNYJORa@~AwC`ByC|A}C@DHNf@bALZBFPh@Lb@?BH\Jt@Hv@Dh@@JIJMRQ^]r@m@nA@TPvBNjCHhBFjAD|ADlAB~@G?I@MHo@l@k@h@k@h@gAdAa@^WTUTu@t@qBjBw@v@eAbAcA~@I[Ke@GUw@_DCGIUOEIAGA?S?O?KCQKc@e@{AIUCGMc@EQCE?EAGAG?CAI?I@I?I@E@CDIDKDEb@w@HKd@{@jBkDj@cA\q@l@mAvAgCACKSaAuBaA{BK]ESAIGYGk@Cm@Cy@?UF?f@IXEXEr@St@Uj@_@v@_@z@w@FGbAoAHKpBvC??qBwCIJcAnAGF{@v@w@^k@^u@Ts@RYDYDg@HG??TBx@Bl@Fj@FX@HDRJ\`AzB`AtBJR@BwAfCCD	Click to Generate
S2	20	1			3	Top Chopper (S2)	Broadfield Park (S2)	The Hardy Pick (S2)	1661	1246	_ktdIdt`HCCMKSQ]Y]UOKEESOSQKIEd@?BDi@CCGGCEEIEIEGKUISCKGMEMCKCMIi@ESESEOGSc@w@GGC[BEHENIPI`@QDC\MJCFCHCDAD?R?@NBJ@F?R@R?JEh@A^Ab@?@EpA?HAHCHAHAFIVEJCHKVKUISCKGMEMCKCMIi@ESESEOGSc@w@GGC[BEHENIPI`@QDC\MJCFCHCDAD?R?P?F?PBD?`@ENCRGDCHGFGBCBEDEv@pBlAzCHPf@{@Se@GO_@}@JSV_@c@r@^|@FNRd@g@z@IQmA{Cw@qBEDCDCBGFIFEBSFOBa@DE?KJIFCBIF?R@R?JEh@A^Ad@EpA?`A?f@?L?P?JBVRPRNDDNJ\T\XRPLJBB	Click to Generate
S2	30	1			3	Windy House Lane Pocket Park (S2)	Leaves (S2)	UBU (S2)	2134	1600	c|udIf}uG^^~DjEELCFCBg@^AGGW??FV@Ff@_@BCBGDMNNzA|At@x@@?l@p@pBvC??qBwCIJcAnAGF{@v@w@^k@^u@Ts@RYDYDg@HG??TBx@Bl@Fj@FX@HDRJ\`AzB`AtBJR@BLYRYBCDINUNY^q@BEzAqC`ByC|A}C^q@`AgB`AmBVo@Xw@L[d@y@@E@E?C@E?E?G?E?C?EAC?A?EAEAEAGCEAEEG[SmBkA_BcAsA}@UQoA_Ae@g@EIY]MLKHQB]?QKSSQPyA|AABe@f@w@v@Y\AJAL?BETTV	Click to Generate
S2	30	1			3	I Said Bread (S2)	Kingdom Hall of Jehovah's Witnesses (S2)	Wobbly Wheel Cyclery (S2)	2434	1826	oatdI`h~Gw@@Q@yAfAM@EE|@eDJy@BcA?m@QuEW_G?WF?lAL`@?LAJlIDDt@ARAHlDHbFDZuCzG]z@_FfLeA_BdA~AfC_GvAgD\{@tC{GtBwEMaHKuG?GcAFw@FG?E?o@DWBM@a@?mAMG??VV~FPtE?l@CbAKx@}@dDDDLAxAgAPAv@A	Click to Generate
S2	60	1			3	Path up to the Cholera Monument, Sheffield (S2)	Substantial Victorian houses in Norfolk Road (S2)	Sheffield Inclusion Centre (S2)	5721	4291	c|wdI`f|Gb@GB`@AF?BABABABC@A@u@LgAPG@EBEDABGJc@c@EC_A_ACCuAuA{@y@SQg@g@IKGMvAaDFMn@}Ad@gAtA}CBElCkGl@wA@CXo@JWhBkEfEmMBE@ABATA@k@@o@@y@BgA@QJyFJuFDuBD}BFoC?K@k@TUZ]fBeBRS^]BADEFG~BuBrFgFDEFEzCuCv@u@|@_ARQDEDEx@u@^]nAqA\m@~@cBf@aA^m@`@u@h@_AFMDIP[HMDIDKDEb@w@HKd@{@jBkDj@cABFBFj@lAVj@d@`ATf@Tf@@Bl@rAb@~@FL`@~@b@hARl@?BN`@UTu@t@qBjBw@v@eAbAcA~@I[Ke@GUw@_DCGIUOEIAGA?S?O?KCQKc@e@{AIUCGMc@KKGGIGCCEAK?i@~@a@t@_@l@g@`A_AbB]l@oApA_@\y@t@EDEDSP}@~@w@t@{CtCGDEDsFfF_CtBGFEDC@_@\SRgBdB[\UTAj@?JGnCE|BEtBKtFKxFAPCfAAx@An@Aj@U@C@A@CDgElMiBjEKVYn@ABm@vAmCjGCDuA|CuAdDGLwA`DFLHJf@f@RPz@x@tAtABB~@~@DBb@b@FK@CDEDCFA|B_@@ABA@C@C@C?C@GCa@c@F	Click to Generate
S2	45	1			3	Arbourthorne Community Primary School (S2)	ExtraCare (S2)	Newfield Green Dental Surgery (S2)	3724	2793	ymtdIxiyG_@IAVCx@Ev@G~@GdAKzACb@Gz@?FIfAGt@E`@Kz@EZEXG\_@SUMk@]i@]i@c@OKSSKIMK[_@Q[OSM[GOCEK]GSJKHGFADDDJBFFFBAtAy@??uAx@C@GGCGEKEEG@IFKJFRJ\BDFNLZNRPZZ^LJJHRRNJh@b@h@\j@\TL^RSz@Qv@Wx@Od@MXGNMXSd@EHGHMVHR@BBBHDJ?F?FC`B]r@On@OVGFAF?F?F?PD`@LH@l@XLHPJRAFAH?DCHCBGLW@EJSJQLSFIBG@AN[@EFIBENYR[HMJOTUPOhBaBLKJMJM`@k@BCPYf@s@AKAI?M?K?I@]AS?[A]EYISIMKGGAU@CBMJIJi@dAQ\g@`AUd@CBc@|@a@x@dAwBBCTe@f@aAP]h@eAHKLKBCTAF@JFHLHRDX@\?Z@RA\?H?J?L@H@Jg@r@QXCBa@j@KLKLMJiB`BQNUTKNILSZOXCDGHADOZA@CFGHMRKPKRADMVCFITEHCLKIGGEGGGQKMIm@YIAFu@HsA?Ic@Gb@F?HIrAGt@H@l@XLHPJRAD?@AH?DCHCBGLW@EJSJQLSFIBG@AN[@EFIBEKSGKFJJRCDGHADOZA@CFGHMRKPKRADMVCFITEHCLKIGGEGGGQKMIm@YIAFu@HsA?IBe@@OEQMIK?a@NK@KEGKGOAS?C?WJo@@KPy@Py@H]@GLm@VqADSBKJw@@IAUCQIMICEAQHYTSRQRGDGFIBEA[EBc@J{AFeAF_ADw@By@@W^H	Click to Generate
S2	60	1			3	Burton Roofing Merchants (S2)	Pentagon Jeep (S2)	Sheffield Animal Centre (S2)	4419	3314	otydI~kvGP^R`@R`@Rb@BHNZTf@jAwANUlAgBHOTg@t@aB`@{@S]Vu@Ni@CHK^Wt@R\^gANg@Ru@Nm@Lg@b@aBJe@Rs@f@f@XRTPn@f@k@pCGVg@zB@ZVb@XRTPNLFFTR_@hBOr@Ns@^iBUSGGOMUQYSWc@A[f@{Br@iDo@g@UQYSg@g@Sr@Kd@c@`BMf@Ol@St@Of@_@fAa@z@u@`BUf@INmAfBOTkAvA[f@u@~@ELGJy@fB]`AK\g@dBSz@UhACPQjAKx@QvAIt@Kr@CNe@xBUa@QYOQCCu@e@OIq@_@k@Wm@]_@Sc@WcAk@_@Sm@]ECKEe@WmAo@AAKGyBmAqEiC[Q[SEGGGKMEKAI?KNM@CFQDQJc@He@l@cDHg@`@_CFc@Pu@^qAXZTPNL\cAL]LFHF`AdAp@r@NFl@^d@^r@bAxFbGCn@Qd@_AhACDWb@Yz@a@`BvAv@f@X|@f@DH@PKn@a@vCj@Vp@^NHt@d@BBNPPXT`@d@yBBOJs@Hu@PwAJy@PkABQTiAR{@f@eBJ]\aAx@gBFKDMt@_AZg@Ug@O[CISc@Sa@Sa@Q_@	Click to Generate
S2	20	1			3	Porcelanosa (S2)	Alam Hill Books (S2)	Heeley Sidings (S2)	1589	1192	_ktdI~h_H@@NHFFJHNLFHFDHHZZl@d@ELGRENADECUK_@QGC@Y?G@IDUDQIIGEGIOMKIGGOIKE]Q{@]BUXq@Vk@DKj@wAxAiDdC}FHLpAvBiC`GiA~C_@hAY~@K^NLFHFDHHZZl@d@X\dAhANPJJEJCFILCHEJKh@ITGXD\@B@@BFn@pARa@R]u@}AMV@R@Dj@hAS`@o@qAEIACE]FYAQDq@BKBQJS[]{@iAMQg@s@[[IIGEGIOMKIGGOIAA	Click to Generate
S2	60	1			3	Castle View Park (S2)	St Swithun (S2)	Hair & Beauty Lounge (S2)	6401	4801	swvdIf}vG??eD|BaBhAOb@f@rCjAhHuBxAc@Zk@`@e@ZwBxAg@Xs@f@aB`AGc@MqAImBEu@MkCbAw@FQHe@H_AX{Cv@sADIDKvBsDrBaDe@aAQUyDq@WGaAOq@a@QSUe@KO^}@\cBNwBkAa@kBc@M?I@IDOTi@z@KRm@cBs@aBsAkCEDK@GCGICMAM@M@GDIFEFAHBDHx@gAZc@TSVMRGF?PAjABz@Bf@Dp@Ap@Kr@c@v@_AFHR\TZ`@`@hBbAdCvADBVNNFNFRDP?TIRMd@y@d@{@`AmBNUh@u@d@o@`@]LKj@e@|@g@TITCRA`@ALGDEJKFMFHDD`AdAdBjBCJe@nCKjDXI~@UbB_@`@K?Q@QF[JWHIJGHC?SMaEE_CGqAKk@Qi@Uc@IKMM_@Ym@a@c@WGEAFEBC@E?ECCCCG?I?IICaDwAUMaDuAAAeCeAoAi@OGOVc@|@INGHgB~CaBjDw@zAOX]n@GL[I_@v@??Bl@Wf@]p@_AlBw@~@s@b@q@Jq@@g@E{@CkACQ@G?SFWLUR[b@y@fADJ@L?FCLEJrAjCr@`Bl@bBaA|A[h@nAxCnAxCKRs@jAh@bA^Vd@@BCJIRQlApChAjCd@fAYzCI~@Id@GPcAv@LjCDt@HlBLpAFb@`BaAr@g@f@YvByAd@[j@a@b@[tByAkAiHg@sCNc@`BiAdD}B??	Click to Generate
S2	30	1			3	Temple Park Centre (S2)	Castle View Park (S2)	Hair & Beauty Lounge (S2)	3012	2259	yzwdIdbvGO]CCGGIGICGAG?GBWVCDC?A?MIp@kACMAM@M@GDIFEFAHBDHx@gAZc@TSVMRGF?ARGV?p@?I?g@FW@SG?SFWLUR[b@y@fADJ@L?FCLEJrAjCr@`Bl@bBJSh@{@NUHEHAL?jBb@jA`@zBp@^Lp@T|Ah@l@^Zb@Pb@BH@DHd@Dr@A`AKv@ENe@jAe@aAQUyDq@WGaAOq@a@QSUe@KO^}@\cBNwBkAa@kBc@M?I@IDOTi@z@KRm@cBs@aBsAkCEDK@GCGICMAM@M@GDIFEFAHBDHx@gAZc@TSVMRGF?PAjABz@Bf@Dp@Ap@Kr@c@v@_A~@mB\q@Vg@Cm@??^w@ZHq@tAEDWf@]p@_AlBw@~@s@b@q@Jq@@g@E{@CkACQ@G?SFWLUR[b@y@fADJ@L?FCLEJEDK@GCGIq@jALH@?B?BEVWFCF?F@HBHFFFBBN\	Click to Generate
S2	20	1			3	St Vincent's (S2)	Temple Park Centre (S2)	Hair & Beauty Lounge (S2)	1483	1112	k|wdIt|uG??HBDHDJ@L?FCLEJrAjCr@`BOV_@}@k@qAWm@CCGGIGICGAG?GBWVCDC?A?MIp@kACMAM@M@GDIFEFAHBDHx@gAZc@TSVMRGF?ARGV?p@?I?g@FW@SPAjABz@Bf@Dp@Ap@Kr@c@v@_A~@mB\q@Vg@Cm@??^w@ZHq@tAEDWf@]p@_AlBw@~@s@b@q@Jq@@g@E{@CkACQ@G?SFWLUR[b@y@fADJ@L?FCLEJEDK@GCGICMAM@M@GDIFEFA	Click to Generate
S2	20	1			3	Manor Park Medical Centre (S2)	Temple Park Centre (S2)	Castle View Park (S2)	1802	1352	gzwdIfcvGa@_ACCGGIGICGAG?GBWVCDC?A?MIp@kACMAM@M@GDIFEFA??HBDHx@gAZc@TSVMRGF?ARGV?p@?I?g@FW@SG?SFWLUR[b@y@fADJ@L?FCLEJrAjCr@`Bl@bBJSh@{@NUHEHAL?jBb@jA`@zBp@^Lp@T|Ah@l@^Zb@Pb@BH@DHd@Dr@A`AKv@ENe@jAe@aAQUyDq@WGaAOq@a@QSUe@KO^}@\cBNwBkAa@kBc@M?I@IDOTi@z@KRm@cBOV_@}@a@_A	Click to Generate
S2	30	1			3	Windy House Lane Pocket Park (S2)	UBU (S2)	Leaves (S2)	2424	1818	a~udIh_vGAk@I@EAGAECEEGGEKIWE]?Q@QF[JWHIJGHCP@LBDDDHDNHZ@N@NAJAL?BETt@v@~DjEELCFCBg@^AGGW??FV@Ff@_@BCBGDMNNzA|At@x@@?l@p@IJcAnAGF{@v@w@^k@^u@Ts@RYDYDg@HG??TBx@Bl@Fj@FX@HDRJ\`AzB`AtBJR@BLYRYBCDINUNY^q@BEzAqC`ByC|A}C^q@`AgB`AmBVo@Xw@L[d@y@@E@E?C@E?E?G?E?C?EAC?A?EAEAEAGCEAEEG[SmBkAGT]xAENa@jAq@|ASb@Q\_@r@q@z@pBvC??qBwCm@q@A?u@y@{A}AOO_EkEu@w@CFCFGJEDGDEBE@@j@	Click to Generate
S2	20	1			3	Leaves (S2)	Windy House Lane Pocket Park (S2)	UBU (S2)	1867	1400	qeudIhivGHQVo@Xw@L[d@y@@E@E?C@E?E?G?E?C?EAC?A?EAEAEAGCEAEEG[SmBkAGT]xAENa@jAq@|ASb@Q\_@r@q@z@pBvC??qBwCm@q@A?u@y@{A}AOOELCFCBg@^AGGW??FV@Ff@_@BCBGDMNNzA|At@x@@?l@p@IJcAnAGF{@v@w@^k@^u@Ts@RYDYDg@HG??TBx@Bl@Fj@FX@HDRJ\`AzB`AtBJR@BLYRYBCDINUNY^q@BEzAqC`ByC|A}C^q@`AgBv@{A	Click to Generate
S2	30	1			3	Leaves (S2)	Windy House Lane Pocket Park (S2)	UBU (S2)	2605	1954	idudIhgvG]l@Vo@Xw@L[d@y@@E@E?C@E?E?G?E?C?EAC?A?EAEAEAGCEAEEG[SmBkAGT]xAENa@jAq@|ASb@Q\_@r@q@z@pBvC??qBwCm@q@A?u@y@{A}AOOELCFCBg@^AGGW??FV@Ff@_@BCBGDMNNzA|At@x@@?l@p@IJcAnAGF{@v@w@^k@^u@Ts@RYDYDg@HG??TBx@Bl@Fj@FX@HDRJ\`AzB`AtBJR@BLYRYBCDINUNY^q@BEzAqC`ByC|A}C^q@`AgB`AmBVo@Xw@L[d@y@Ra@DIJUHOJSJQ`@_AN]FSTw@DOP_ABONYJg@DUDUBE@CBAB?B?D?D@DD^|@Tn@N\Rl@Jd@@HAd@ATCNENENGVGTEPKRi@F_@DODM@{@FWTO@]BK@GBC@IDGBIHEDEDABCBiAnB	Click to Generate
S2	20	1			3	Boots (S2)	Meersbrook Park Church (S2)	Alam Hill Books (S2)	1457	1093	kgtdIfl_Hd@^X\dAhANPJJEJCFILCHEJKh@ITGXIA??AAAAEICEAEUg@BqAD@T^CjAEJ@DHN@@@@??H@FYAQDq@BKBQJSNMJJPRPTRZ@BBDDHN^LZZ`A[k@KQIQOUOWWa@EGW[QQ[]{@iAMQg@s@[[IIGEGIOMKIGGOIKE]Q{@]BUXq@Vk@DKj@wAxAiDdC}FHLpAvBiC`GiA~C_@hAY~@K^NLFHFDHHZZFD	Click to Generate
S2	60	1			3	HSS Hire (S2)	Burton Roofing Merchants (S2)	Manor Park Medical Centre (S2)	7720	5790	cuxdIvdtGMJ_Bt@Ks@SaBn@wA`@gAZ_A\oADWFUTiA\sBp@yEx@kFHo@BMj@cEJg@xDfCtBjBpAjAPNDD\ZTVHFHDF@F?HEFEDCPCJ@VJXRXRPVJNDNHd@Fd@@P?PARAPIVGNIHGBG@MBI?WR[n@uAhFg@nBaEzNk@bCi@`Cy@zDy@tDO`BkAlGE`@?^?^D^D\Lf@Lv@?b@A`@EXETMVONUFU?UEUSqBaBwAsAyAaAKGYOCBOXm@`@cApAYf@[z@f@f@XRTPn@f@NLJEd@qBNJnAbADNk@fCILqAkAEO@g@KDOMi@a@EEUQYSg@g@Sr@Kd@c@`BMf@Ol@St@Of@_@fAS]Vu@Ni@CHK^Wt@R\^gANg@Ru@Nm@Lg@b@aBJe@Rs@Z{@Xg@bAqAF]Dc@Ca@CW@UFWFMDEHEJAFBD@HJDJDLVx@P`@N\n@x@vArApB`BTRTDT?TGNOLWDUDY@a@Mk@OWQKMCQDSNMXWbAa@bBm@dCg@zBm@fBi@dCWvByBfKU~@SdAa@dCcA|HW~ADRDJDFLCf@W`AcAp@s@hC_BNUFOPWZ}@j@_Bd@sA~@oCVs@d@sA^iAL[LUTa@\e@Z[VSXO^Ol@QXORMTS^]v@kANYrBkDp@kACMAM@M@GDIFEFA??HBDHx@gAZc@TSVMRGF?PAjABz@BDgBJ}AJ{@VyB^_DP}AV{BTeBPsAPcAl@kBHO??FMpAeCGyAYyFCi@GoAK{B[QGEIEOMy@g@s@i@q@o@aAgAa@a@QWW]EIOSw@gAIMIGECICW?GBG@MBI?]KQIIGq@k@GIEIEKCOEUA_@A_@C]I[KSKOGGoBiBeCuB}AeAo@a@o@_@k@bECLIn@y@jFq@xE]rBUhAtAlAf@b@j@l@U|@]z@e@|@s@v@g@`@	Click to Generate
S2	45	1			3	Premier, Steve's Convenience Shop (S2)	Meersbrook Park Church (S2)	Kingdom Hall of Jehovah's Witnesses (S2)	3752	2814	}lsdIta_HIlAtDc@^EJ@Hw@LeAn@uDBS?_@?W?gDAqADo@BYLm@HMLISkDE[CQeAoFOu@U?_Be@e@G{@@a@JsC~@yCz@BbCDbBmClGeAiB??dAhBkBfEgAdCiC`GiA~C_@hAY~@K^NLFHFDHHZZl@d@X\dAhANPJJPRPTRZ@BBDDHN^LZZ`A[k@KQIQOUOWWa@EGW[QQ[]{@iAMQg@s@[[IIGEGIOMKIGGOIKE]Q{@]BUXq@Vk@DKj@wAfC_GvAgDHLpAvBiC`GiA~C_@hAY~@K^NLFHFDHHZZl@d@X\dAhANPJJPRPTRZDHDHN^LZZ`AZ~@v@hCV|@DLFRBFJd@DJBJPj@BHLQjAiAb@e@z@}@RUDEbAaAvAcACy@E_AEuBCoD@mAFyALsBDIHmA	Click to Generate
S2	45	1			3	Boots (S2)	Another Level (S2)	The Hardy Pick (S2)	3184	2388	o`tdIvs_HBDDHN^LZZ`A[k@KQIQOUOWWa@EGW[ILCHEJKh@ITGXIA??AAAAEICEAEUg@BqAD@T^CjAEJ@DHN@@@@??H@FYAQDq@BKBQJS[]{@iAMQGRENAD?DAHAJAt@AP?R_AKECCC?C?CLaC@Y?G@IDUDQZZj@b@@@ELg@s@[[IIGEGIOMKIGGOIKEA\GnAKnCALCJEFYn@CD?DAD?B?D@D@DXj@fAzBLZFTDRF`@@^E@C@A?C@EBCDe@p@v@pBlAzCHPf@{@Se@GO_@}@JSV_@c@r@^|@FNRd@g@z@IQmA{Cw@qBEDCDCBGFIFEBSFOBa@DE?KJIFCBIFEACACCCAAGGQCIEMAGEKEOISQk@]u@oAeDg@kAeAgCi@oAMc@Y_ACMCICCEIEGEGGEa@UaAm@kBiAmAs@MIIIGGIIGMEIOc@EKAKCME]K}@Gc@Ks@ASEc@Ce@T@B?H?XAFAF?REZ?b@Av@A\?V?J@H@D@B@JDHDHHTRTTX\PTPTZd@`@n@f@t@f@t@HLFFDHLNDFBBVXLLFDXPNJNHPLTH\Pd@PHBFBZLz@\\PJDNHFFJHNLFHFDHHZZl@d@X\dAhANPJJPRPTRZ@B	Click to Generate
S2	45	1			3	74th Oak Street Scout Group (S2)	Cat Lane Bakery (S2)	Wobbly Wheel Cyclery (S2)	3135	2351	abtdItz|GDjAEV`@FZ`CFfCw@D@J@p@BrBDlCWBM@a@?mAMG?E?eE[c@k@}Aw@gAq@[Oq@][a@IOIUMSi@_@P_ABc@Bg@?_@AaA?G?M@I?E@G?C@GBMCEEGMQZg@JSBGBIHW@AH_@FQJa@@EDSJ_@Ng@V_ApCwIBITMHEFCBADAP?RBTFf@VD@@@DBjAr@VJ^FDPAVYnASjAEd@Eb@A\Ab@@\@p@D|@o@LmAPsBVI?i@OgAUu@Qq@QGPI^A@IVCHCFKR[f@LPDFBDF@D@PDPDz@RB?`AT@?TFPB`AVl@NzBf@n@NB?^HNDZ@@ZIj@Q~@Gt@EnAAjAH~A?^F?lAL`@?LAVCn@ED?F?v@GbAG?FJtGnBKKsG?GOqKCK@_@@WAIAIoGeAa@GDWEkA	Click to Generate
S2	20	1			3	Top Chopper (S2)	Broadfield Park (S2)	The Hardy Pick (S2)	1637	1228	qktdIts`H??SQ]Y]UOKEESOSQKIEd@?BDi@CCGGCEEIEIEGKUISCKGMEMCKCMIi@ESESEOGSc@w@GGC[BEHENIPI`@QDC\MJCFCHCDAD?R?@NBJ@F?R@R?JEh@A^Ab@?@EpA?HAHCHAHAFIVEJCHKVKUISCKGMEMCKCMIi@ESESEOGSc@w@GGC[BEHENIPI`@QDC\MJCFCHCDAD?R?P?F?PBD?`@ENCRGDCHGFGBCBEDEv@pBlAzCHPf@{@Se@GO_@}@JSV_@c@r@^|@FNRd@g@z@IQmA{Cw@qBEDCDCBGFIFEBSFOBa@DE?KJIFCBIF?R@R?JEh@A^Ad@EpA?`A?f@?L?P?JBVRPRNDDNJ\T\XRP??	Click to Generate
S2	30	1			3	Newfield Green Library (S2)	Gleadless Medical Centre (S2)	Pizza City (S2)	2701	2026	actdI~_zGbAwBBCTe@f@aAP]h@eAHKLKBCTAF@JFHLHRDX@\?Z@RA\?H?JI?MJ[h@CBQVY`@AL?F?BHRKLKLMJiB`BQNUTKNILSZOXCDGHADOZA@CFGHMRKPKRADHNZl@??[m@IOMVCFITEHCLKIGGEGGGQKMIm@YIAFu@HsA?IBe@@OEQMIK?a@NK@KEGKGOAS?C?WJo@@KPy@Py@H]@GLm@VqADSBKJw@@IAUCQIMICEAQHYTSRQRGDGFIBEA[EBc@J{AFeAF_A@[B[By@@WfATB_@C^gAUAVCx@Ev@G~@GdAKzACb@Gz@?FIfAGt@E`@Kz@EZEXG\Sz@Qv@Wx@Od@MXGNMXSd@EHGHMVHR@BBBHDJ?F?FC`B]r@On@OVGFAF?F?F?PD`@LH@l@XLHPJRAFAH?DCHCBGLW@EJSJQLSFIBG@AN[@EFIBENYR[HMJOTUPOhBaBLKJMJM`@k@BCPYf@s@AKAI?M?K?I@]AS?[A]EYISIMKGGAU@CBMJIJi@dAQ\g@`AUd@CBcAvB	Click to Generate
S2	30	1			3	Nether Edge Primary School (S2)	Broadfield Park (S2)	Virgin Crucible (S2)	2460	1845	qytdI~oaHHUJ]BKFWPw@Hc@TkANq@`@_CFc@d@uE^aEL_BFi@BM?EBG@EN]DFDHDHBDFFBBJHRPRNDDNJ\T\XRPQr@CFAFUhAAJ[zAERMj@AD?B?B?D@B@BJFr@d@FDFDl@wCBONu@XwAQWIKKMKKKKMKSQ]Y]UOKEESOSQKICCGGCEEIEIEGKUISCKGMEMCKCMIi@ESESEOGSc@w@GGC[BEHENIPI`@QDC\MJCFCHCDAD?R?@NBJ@F?R@R?JEh@A^Ab@?@EpA?HAHCHAHAFIVEJCHKVKUISCKGMEMCKCMIi@ESESEOGSc@w@GGC[BEHENIPI`@QDC\MJCFCHCDAD?R?P?F?PBD?`@ENCSkCCYCUCOIQIWM]Zk@[j@L\HVHPBNBTVdDOBa@DE?KJIFCBIF?R@R?JEh@A^Ad@EpA?HAHCHAHAFIVEJCHKVO\ADCF?DCLGh@M~A_@`Ee@tEGb@a@~BOp@UjAIb@Qv@GVCJK\IT	Click to Generate
S2	30	1			3	Broadfield Park (S2)	The Hardy Pick (S2)	Virgin Crucible (S2)	2195	1646	_mtdIbx`HAJ[zAERMj@AD?B?B?D@B@BJFr@d@FDFDl@wCBONu@XwAQWIKKMKKKKMKSQ]Y]UOKEESOSQKICCGGCEEIEIEGKUISCKGMEMCKCMIi@ESESEOGSc@w@GGC[BEHENIPI`@QDC\MJCFCHCDAD?R?@NBJ@F?R@R?JEh@A^Ab@?@EpA?HAHCHAHAFIVEJCHKVKUISCKGMEMCKCMIi@ESESEOGSc@w@GGC[BEHENIPI`@QDC\MJCFCHCDAD?R?P?F?PBD?`@ENCRGDCHGFGBCBEDEv@pBlAzCHPf@{@Se@GO_@}@JSV_@c@r@^|@FNRd@g@z@IQmA{Cw@qBEDCDCBGFIFEBSFSkCCYCUCOIQIWM]Zk@[j@L\HVHPBNBTVdDOBa@DE?KJIFCBIF?R@R?JEh@A^Ad@EpA?`A?f@?L?P?JBVRPRNDDNJ\T\XRPQr@CFAFUhA	Click to Generate
S2	45	1			3	Newfield Green Dental Surgery (S2)	Daily News & Cards (S2)	Pizza City (S2)	3141	2356	_etdIfgzGFJJRCDGHADOZA@CFGHMRKPKRADMVCFITEHCLKIGGEGGGQKMIm@YIAFu@HsA?Ic@Gb@F?HIrAGt@H@l@XLHPJRAD?@AH?DCHCBGLW@EJSJQLSFIBG@AN[@EFIBENYR[HMJOTUPOhBaBLKJMJM`@k@BCPYf@s@AKAI?M?K?I@]AS?[A]EYISIMKGGAU@CBMJIJi@dAQ\g@`AUd@CBIN{@fBdAwBBCTe@f@aAP]h@eAHKLKBCTAF@JFHLHRDX@\?Z@RA\?H?J?L@H@Jg@r@QXCBa@j@KLKLMJiB`BQNUTKNILSZOXCDGHADOZA@CFGHMRKPKRADMVCFITEHCLKIGGEGGGQKMIm@YIAFu@HsA?IBe@@OEQMIK?a@NK@KEGKGOAS?C?WJo@@KPy@Py@H]@GLm@VqADSBKJw@@IAUCQIMICEAQHYTSRQRGDGFIBEA[EBc@J{AFeAF_A@[B[By@@WfATB_@C^gAUAVCx@Ev@G~@GdAKzACb@Gz@?FIfAGt@E`@Kz@EZEXG\Sz@Qv@Wx@Od@MXGNMXSd@EHGHMVHR@BBBHDJ?F?FC`B]r@On@OVGFAF?F?F?PD`@LH@l@XLHPJRAFAH?DCHCBGLW@EJSJQLSFIBG@AN[@EFIBEKSGK	Click to Generate
S2	30	1			3	Newfield Green Clinic (S2)	Daily News & Cards (S2)	Pizza City (S2)	2668	2001	mhtdIvmzG@AH?DCHCBGLW@EJSJQLSFIBG@AN[@EFIBEKSGK??FJJRNYR[HMJOTUPOhBaBLKJMJM`@k@BCPYf@s@AKAI?M?K?I@]AS?[A]EYISIMKGGAU@CBMJIJi@dAQ\g@`AUd@CBIN{@fBdAwBBCTe@f@aAP]h@eAHKLKBCTAF@JFHLHRDX@\?Z@RA\?H?J?L@H@Jg@r@QXCBa@j@KLKLMJiB`BQNUTKNILSZOXCDGHADOZA@CFGHMRKPKRADMVCFITEHCLKIGGEGGGQKMIm@YIAFu@HsA?IBe@@OEQMIK?a@NK@KEGKGOAS?C?WJo@@KPy@Py@H]@GLm@VqADSBKJw@@IAUCQIMICEAQHYTSRQRGDGFIBEA[EBc@J{AFeAF_A@[B[By@@WfATB_@C^gAUAVCx@Ev@G~@GdAKzACb@Gz@?FIfAGt@E`@Kz@EZEXG\Sz@Qv@Wx@Od@MXGNMXSd@EHGHMVHR@BBBHDJ?F?FC`B]r@On@OVGFAF?F?F?PD`@LH@l@XLHPJRAD?	Click to Generate
S2	30	1			3	One Stop Mini Market (S2)	Gleadless Medical Centre (S2)	Pizza City (S2)	2703	2027	g|sdIr}yGPWBCZi@LKH??K?I@]AS?[A]EYISIMKGGAU@CBMJIJi@dAQ\g@`AUd@CB}@jBGJdAwBBCTe@f@aAP]h@eAHKLKBCTAF@JFHLHRDX@\?Z@RA\?H?J?L@H@Jg@r@QXCBa@j@KLKLMJiB`BQNUTKNILSZOXCDGHADOZA@CFGHMRKPKRADHNZl@??[m@IOMVCFITEHCLKIGGEGGGQKMIm@YIAFu@HsA?IBe@@OEQMIK?a@NK@KEGKGOAS?C?WJo@@KPy@Py@H]@GLm@VqADSBKJw@@IAUCQIMICEAQHYTSRQRGDGFIBEA[EBc@J{AFeAF_A@[B[By@@WfATB_@C^gAUAVCx@Ev@G~@GdAKzACb@Gz@?FIfAGt@E`@Kz@EZEXG\Sz@Qv@Wx@Od@MXGNMXSd@EHGHMVHR@BBBHDJ?F?FC`B]r@On@OVGFAF?F?F?PD`@LH@l@XLHPJRAFAH?DCHCBGLW@EJSJQLSFIBG@AN[@EFIBENYR[HMJOTUPOhBaBLKJMJMIS?C?G@MXa@	Click to Generate
S2	45	1			3	Gleadless Medical Centre (S2)	Pizza City (S2)	Arbourthorne Community Primary School (S2)	3252	2439	satdIn}yGTg@BCTe@f@aAP]h@eAHKLKBCTAF@JFHLHRDX@\?Z@RA\?H?J?L@H@Jg@r@QXCBa@j@KLKLMJiB`BQNUTKNILSZOXCDGHADOZA@CFGHMRKPKRADHNZl@??[m@IOMVCFITEHCLKIGGEGGGQKMIm@YIAFu@HsA?IBe@@OEQMIK?a@NK@KEGKGOAS?C?WJo@@KPy@Py@H]@GLm@VqADSBKJw@@IAUCQIMICEAQHYTSRQRGDGFIBEA[EBc@J{AFeAF_A@[B[By@@WBw@@m@Bo@@i@@g@@e@?G?M?O@c@G@MFa@Po@\aAj@a@VSLYPiBpAg@\e@\}@r@y@n@EBPbBJ|@D^Lr@Lp@BLFXDJJKHGFADDDJBFFFBAtAy@??uAx@C@GGCGEKEEG@IFKJFRJ\BDFNLZNRPZZ^LJJHRRNJh@b@h@\j@\TL^RSz@Qv@Wx@Od@MXGNMXSd@EHGHMVHR@BBBHDJ?F?FC`B]r@On@OVGFAF?F?F?PD`@LH@l@XLHPJRAFAH?DCHCBGLW@EJSJQLSFIBG@AN[@EFIBENYR[HMJOTUPOhBaBLKJMJM`@k@BCPYf@s@AKAI?M?K?I@]AS?[A]EYISIMKGGAU@CBMJIJi@dAQ\g@`AUd@CBUf@	Click to Generate
S2	60	1			3	Meersbrook Service Station (S2)	74th Oak Street Scout Group (S2)	Gleadless Medical Centre (S2)	4311	3233	{jtdIt_|GNENSRa@Xu@b@gBBYCYM[U`@MZc@pAKXKPA@OFI@G?IAKAIp@Gf@CLGb@CRENI\IZK\CHqCvIW~@Of@K^ERADK`@GPI^A@IVCHCFKR[f@LPDFBDF@D@PDPDz@RB?`AT@?TFPB`AVl@NzBf@n@NB?^HNDZ@PGNQh@s@Tg@DWEkAAOHmBN}@RyAFUJ]hB\~Bb@rBjFQDqDo@qEw@IlBFzAEV`@FZ`CFfCw@D@J@p@BrBDlCWBM@a@?mAMG?E?eE[c@k@}Aw@gAq@[Oq@][a@IOIUMSi@_@P_ABc@Bg@?_@AaA?G?M@I?E@G?C@GBMCEEGMQZg@JSBGBIHW@AH_@FQJa@@EDSJ_@Ng@V_ApCwIBIJ]H[H]DOBSFc@BMFg@Hq@J}@LkAT{ANeABOVsBBYHuAFoAHsAHoADs@Dq@@_@?S?S?a@@c@Ae@?]ASAS?AC_@Em@GeACS?I?CAO?I@M?K@O@O@KDSDSBMDIHUBGLWHNZl@??[m@IOMVCFITEHCLERERAJANAN?JAL?H@N?B?HBRFdADl@B^?@@R@R?\@d@Ab@?`@?R?RA^Ep@Er@InAIrAGnAItACXWrBCNOdAUzAMjAK|@J@H@F?HANG@AJQJYb@qAL[Ta@LZBXCXc@fBYt@S`@OROD	Click to Generate
S2	30	1			3	Temple Park Centre (S2)	Castle View Park (S2)	Manor Park Medical Centre (S2)	2445	1834	ifwdIxluGMVBl@Wf@]p@_AlBw@~@s@b@q@Jq@@g@E{@CkACQ@ARGV?p@?I?g@FW@SG?SFWLUR[b@y@fADJ@L?FCLEJrAjCr@`Bl@bBJSh@{@NUHEHAL?jBb@jA`@zBp@^Lp@T|Ah@l@^Zb@Pb@BH@DHd@Dr@A`AKv@ENe@jAe@aAQUyDq@WGaAOq@a@QSUe@KO^}@\cBNwBkAa@kBc@M?I@IDOTi@z@KRm@cBs@aBsAkCEDK@GCGICMAM@M@GDIFEFA??HBDHx@gAZc@TSVMRGF?PAjABz@Bf@Dp@Ap@Kr@c@v@_A~@mB\q@Vg@Cm@LW	Click to Generate
S2	20	1			3	Gin Bar (S2)	Broadfield Park (S2)	The Hardy Pick (S2)	1704	1278	altdIfs`HCC]Y]UOKEESOSQKICCGGCEEIEIEGKUISCKGMEMCKCMIi@ESESEOGSc@w@GGGGGIQYGPEFMVDL@@BH?F?vC?V?zB?|@A\AZCn@\J@?B@@B@@@B@BBD?B@D?FHlA?B?B@D?B@@@B@B@@@@BB@?B@VH^aEL_BFi@@C@I?EBG@EN]JWBIDKHW@G@IBI@I?IDqA?A@c@@_@Eg@ASAMASCQGQR?P?F?PBD?`@ENCRGDCHGFGBCBEDEv@pBlAzCHPf@{@Se@GO_@}@JSV_@c@r@^|@FNRd@g@z@IQmA{Cw@qBEDCDCBGFIFEBSFOBa@DE?KJIFCBIF?R@R?JEh@A^Ad@EpA?`A?f@?L?P?JBVRPRNDDNJ\T\XBB	Click to Generate
S2	15	1			3	International Automatic Cars (S2)	Boots (S2)	Meersbrook Park Church (S2)	1437	1078	oftdI`m_HHDELg@s@[[IIGEGIOMKIGGOIKE]Q{@]BUXq@Vk@DKPXVd@H@t@aBu@`BIACES_@QYEJWj@Yp@CTz@\\PJDNHFFJHNLFHFDHHZZl@d@X\dAhANPJJEJCFILCHEJKh@ITGXIA??AAAAEICEAEUg@BqAD@T^CjAEJ@DHN@@@@??H@FYAQDq@BKBQJSNMJJPRPTRZ@BBDDHN^LZZ`A[k@KQIQOUOWWa@EGW[QQ[]{@iAMQGRENAD?DAHAJAt@AP?R_AKECCC?C?CLaC@Y?G@IDUDQZZb@^	Click to Generate
S2	30	1			3	Newfield Green Library (S2)	Gleadless Medical Centre (S2)	Pizza City (S2)	2691	2018	{btdIr_zG|@kBBCTe@f@aAP]h@eAHKLKBCTAF@JFHLHRDX@\?Z@RA\?H?JI?MJ[h@CBQVY`@AL?F?BHRKLKLMJiB`BQNUTKNILSZOXCDGHADOZA@CFGHMRKPKRADHNZl@??[m@IOMVCFITEHCLKIGGEGGGQKMIm@YIAFu@HsA?IBe@@OEQMIK?a@NK@KEGKGOAS?C?WJo@@KPy@Py@H]@GLm@VqADSBKJw@@IAUCQIMICEAQHYTSRQRGDGFIBEA[EBc@J{AFeAF_A@[B[By@@WfATB_@C^gAUAVCx@Ev@G~@GdAKzACb@Gz@?FIfAGt@E`@Kz@EZEXG\Sz@Qv@Wx@Od@MXGNMXSd@EHGHMVHR@BBBHDJ?F?FC`B]r@On@OVGFAF?F?F?PD`@LH@l@XLHPJRAFAH?DCHCBGLW@EJSJQLSFIBG@AN[@EFIBENYR[HMJOTUPOhBaBLKJMJM`@k@BCPYf@s@AKAI?M?K?I@]AS?[A]EYISIMKGGAU@CBMJIJi@dAQ\g@`AUd@CB}@jB	Click to Generate
S2	60	1			3	The Cholera Monument (S2)	Path up to the Cholera Monument, Sheffield (S2)	Sheffield Inclusion Centre (S2)	5968	4476	oexdIn}{GkAmBwA`DFLHJf@f@RPz@x@tAtABB~@~@DBb@b@FK@CDEDCFA|B_@@ABA@C@C@C?C@GCa@c@F??b@GB`@AF?BABABABC@A@u@LgAPG@EBEDABGJc@c@EC_A_ACCuAuA{@y@SQg@g@IKGMCECICImAqEWcAW}@Su@EQCKEKQu@y@}CMi@Kc@HIHKNO`AeANS`AeANSDEFE`@e@dCgDLSXe@JSP_@h@yAzAqEJWhHaTBKBITo@b@sAf@sAL]P]b@}@`@u@d@s@DGFINOTUZ]fBeBRS^]BADEFG~BuBrFgFDEFEzCuCv@u@|@_ARQDEDEx@u@^]nAqA\m@~@cBf@aA^m@`@u@h@_AFMDIP[HMDIDKDEb@w@HKd@{@jBkDj@cABFBFj@lAVj@d@`ATf@Tf@@Bl@rAb@~@FL`@~@b@hARl@?BN`@UTu@t@qBjBw@v@eAbAcA~@I[Ke@GUw@_DCGIUOEIAGA?S?O?KCQKc@e@{AIUCGMc@KKGGIGCCEAK?i@~@a@t@_@l@g@`A_AbB]l@oApA_@\y@t@EDEDSP}@~@w@t@{CtCGDEDsFfF_CtBGFEDC@_@\SRgBdB[\UTAj@?JGnCE|BEtBKtFKxFAPCfAAx@An@Aj@U@C@A@CDgElMiBjEKVYn@ABm@vAmCjGCDuA|CuAdDGLjAlB	Click to Generate
S2	60	1			3	Sheffield Cholera Monument (S2)	Substantial Victorian houses in Norfolk Road (S2)	Sheffield Inclusion Centre (S2)	5721	4291	_}wdIdh|Gt@M@ABA@C@C@C?C@GCa@c@F??b@GB`@AF?BABABABC@A@}B^G@EBEDABGJc@c@EC_A_ACCuAuA{@y@SQg@g@IKGMvAaDFMn@}Ad@gAtA}CBElCkGl@wA@CXo@JWhBkEfEmMBE@ABATA@k@@o@@y@BgA@QJyFJuFDuBD}BFoC?K@k@TUZ]fBeBRS^]BADEFG~BuBrFgFDEFEzCuCv@u@|@_ARQDEDEx@u@^]nAqA\m@~@cBf@aA^m@`@u@h@_AFMDIP[HMDIDKDEb@w@HKd@{@jBkDj@cABFBFj@lAVj@d@`ATf@Tf@@Bl@rAb@~@FL`@~@b@hARl@?BN`@UTu@t@qBjBw@v@eAbAcA~@I[Ke@GUw@_DCGIUOEIAGA?S?O?KCQKc@e@{AIUCGMc@KKGGIGCCEAK?i@~@a@t@_@l@g@`A_AbB]l@oApA_@\y@t@EDEDSP}@~@w@t@{CtCGDEDsFfF_CtBGFEDC@_@\SRgBdB[\UTAj@?JGnCE|BEtBKtFKxFAPCfAAx@An@Aj@U@C@A@CDgElMiBjEKVYn@ABm@vAmCjGCDuA|CuAdDGLwA`DFLHJf@f@RPz@x@tAtABB~@~@DBb@b@FK@CDEDCFAfAQ	Click to Generate
S2	45	1			3	Arbourthorne Community Primary School (S2)	Daily News & Cards (S2)	Newfield Green Clinic (S2)	3319	2489	mltdIdiyGC^gAUAVCx@Ev@G~@GdAKzACb@Gz@?FIfAGt@E`@Kz@EZEXG\_@SUMk@]i@]i@c@OKSSKIMK[_@Q[OSM[GOCEK]GSJKHGFADDDJBFFFBAtAy@??uAx@C@GGCGEKEEG@IFKJFRJ\BDFNLZNRPZZ^LJJHRRNJh@b@h@\j@\TL^RSz@Qv@Wx@Od@MXGNMXSd@EHGHMVHR@BBBHDJ?F?FC`B]r@On@OVGFAF?F?F?PD`@LH@l@XLHPJRAFAH?DCHCBGLW@EJSJQLSFIBG@AN[@EFIBENYR[HMJOTUPOhBaBLKJMJM`@k@BCPYf@s@AKAI?M?K?I@]AS?[A]EYISIMKGGAU@CBMJIJi@dAQ\g@`AUd@CBIN{@fBdAwBBCTe@f@aAP]h@eAHKLKBCTAF@JFHLHRDX@\?Z@RA\?H?J?L@H@Jg@r@QXCBa@j@KLKLMJiB`BQNUTKNILSZOXKSGK??FJJRCDGHADOZA@CFGHMRKPKRADMVCFITEHCLKIGGEGGGQKMIm@YIAFu@HsA?IBe@@OEQMIK?a@NK@KEGKGOAS?C?WJo@@KPy@Py@H]@GLm@VqADSBKJw@@IAUCQIMICEAQHYTSRQRGDGFIBEA[EBc@J{AFeAF_ADw@By@@WfATB_@	Click to Generate
S2	60	1			3	Burton Roofing Merchants (S2)	Makro (S2)	Manor Park Medical Centre (S2)	5448	4086	s_ydIx_vGj@qCo@g@UQYSg@g@Sr@Kd@c@`BMf@Ol@St@Of@_@fAS]Vu@Ni@CHK^Wt@R\a@z@u@`BUf@INmAfBOTkAvAUg@O[CISc@Sa@Sa@Q_@??m@bAu@tAVZNPDFV\TXX\RVELGJy@fB]`AK\g@dBSz@UhACPQjAKx@QvAIt@Kr@CNe@xBr@vAP\r@xABFl@hAd@|@@BDJFHFHJJn@f@JF\R~Az@@?B@F@@A@?B?@?BADELUR]v@sBv@wBf@uAb@cBXu@LSJQFIp@i@d@WTMLCf@W`AcAp@s@hC_BNUFOPWZ}@j@_Bd@sA~@oCVs@d@sA^iAL[LUTa@\e@Z[VSXO^Ol@QXORMTS^]v@kANYrBkDp@kACMAM@M@GDIFEFA??HBDHx@gAZc@TSVMRGF?PAjABz@BDgBJ}AJ{@VyB^_DP}AV{BTeBPsAPcAl@kBHO??FMpAeCGyAYyFCi@GoAK{B[QGEIEOMy@g@s@i@q@o@aAgAa@a@QWW]EIOSw@gAIMIGECICW?GBG@MBI?WR[n@uAhFg@nBaEzNk@bCi@`Cy@zDy@tDO`BkAlGE`@?^?^D^D\Lf@Lv@?b@A`@EXETMVONUFU?UEUSqBaBwAsAyAaAKGYOCBOXm@`@cApAYf@[z@f@f@XRTPn@f@k@pC	Click to Generate
S2	60	1			3	Burton Roofing Merchants (S2)	Makro (S2)	Manor Park Medical Centre (S2)	5413	4060	g}xdIf}uGEO@g@KDOMo@g@UQYSg@g@Sr@Kd@c@`BMf@Ol@St@Of@_@fAS]Vu@Ni@CHK^Wt@R\a@z@u@`BUf@INmAfBOTkAvAUg@O[CISc@Sa@Sa@Q_@??m@bAu@tAVZNPDFV\TXX\RVELGJy@fB]`AK\g@dBSz@UhACPQjAKx@QvAIt@Kr@CNe@xBr@vAP\r@xABFl@hAd@|@@BDJFHFHJJn@f@JF\R~Az@@?B@F@@A@?B?@?BADELUR]v@sBv@wBf@uAb@cBXu@LSJQFIp@i@d@WTMLCf@W`AcAp@s@hC_BNUFOPWZ}@j@_Bd@sA~@oCVs@d@sA^iAL[LUTa@\e@Z[VSXO^Ol@QXORMTS^]v@kANYrBkDp@kACMAM@M@GDIFEFA??HBDHx@gAZc@TSVMRGF?PAjABz@BDgBJ}AJ{@VyB^_DP}AV{BTeBPsAPcAl@kBHO??FMpAeCGyAYyFCi@GoAK{B[QGEIEOMy@g@s@i@q@o@aAgAa@a@QWW]EIOSw@gAIMIGECICW?GBG@MBI?WR[n@uAhFg@nBaEzNk@bCi@`Cy@zDy@tDO`BkAlGE`@?^?^D^D\Lf@Lv@?b@A`@EXETMVONUFU?UEUSqBaBwAsAyAaAKGYOCBOXm@`@cApAYf@[z@f@f@XRTPn@f@NLJEAf@DN	Click to Generate
S2	60	1			3	Burton Roofing Merchants (S2)	Makro (S2)	Manor Park Medical Centre (S2)	5440	4080	s|xdIz}uGSSEO@g@KDOMo@g@UQYSg@g@Sr@Kd@c@`BMf@Ol@St@Of@_@fAS]Vu@Ni@CHK^Wt@R\a@z@u@`BUf@INmAfBOTkAvAUg@O[CISc@Sa@Sa@Q_@??m@bAu@tAVZNPDFV\TXX\RVELGJy@fB]`AK\g@dBSz@UhACPQjAKx@QvAIt@Kr@CNe@xBr@vAP\r@xABFl@hAd@|@@BDJFHFHJJn@f@JF\R~Az@@?B@F@@A@?B?@?BADELUR]v@sBv@wBf@uAb@cBXu@LSJQFIp@i@d@WTMLCf@W`AcAp@s@hC_BNUFOPWZ}@j@_Bd@sA~@oCVs@d@sA^iAL[LUTa@\e@Z[VSXO^Ol@QXORMTS^]v@kANYrBkDp@kACMAM@M@GDIFEFA??HBDHx@gAZc@TSVMRGF?PAjABz@BDgBJ}AJ{@VyB^_DP}AV{BTeBPsAPcAl@kBHO??FMpAeCGyAYyFCi@GoAK{B[QGEIEOMy@g@s@i@q@o@aAgAa@a@QWW]EIOSw@gAIMIGECICW?GBG@MBI?WR[n@uAhFg@nBaEzNk@bCi@`Cy@zDy@tDO`BkAlGE`@?^?^D^D\Lf@Lv@?b@A`@EXETMVONUFU?UEUSqBaBwAsAyAaAKGYOCBOXm@`@cApAYf@[z@f@f@XRTPn@f@NLJEAf@DNRR	Click to Generate
S2	45	1			3	Arbourthorne Community Primary School (S2)	Momma Katz (S2)	Newfield Green Library (S2)	3117	2338	cotdI|lyGAZG~@GdAKzACb@Gz@?FIfAGt@E`@Kz@EZEXG\_@SUMk@]i@]i@c@OKSSKIMK[_@Q[OSM[GOCEK]GSJKHGFADDDJBFFFBAtAy@??uAx@C@GGCGEKEEG@IFKJFRJ\BDFNLZNRPZZ^LJJHRRNJh@b@h@\j@\TL^RSz@Qv@Wx@Od@MXGNMXSd@EHGHMVHR@BBBHDJ?F?FC`B]r@On@OVGFAF?F?F?PD`@LH@l@XLHPJRAFAH?DCHCBGLW@EJSJQLSFIBG@AN[@EFIBENYR[HMJOTUPOhBaBLKJMJM`@k@BCPYf@s@AKAI?M?K?I@]AS?[A]EYISIMKGGAU@CBMJIJi@dAQ\g@`AUd@CBcAvBA?dAwBBCTe@f@aAP]h@eAHKLKBCTAF@JFHLHRDX@\?Z@RA\?H?JI?MJ[h@CBQVY`@AL?F?BHRKLKLMJiB`BQNUTKNILSZOXCDGHADOZA@CFGHMRKPKRADMVCFITEHCLKIGGEGGGQKMIm@YIAFu@HsA?IBe@@OEQMIK?a@NK@KEGKGOAS?C?WJo@@KPy@Py@H]@GLm@VqADSBKJw@@IAUCQIMICEAQHYTSRQRGDGFIBEA[EBc@J{AFeAF_A@[	Click to Generate
S2	20	1			3	East Bank Medical Centre (S2)	The Spires Centre (S2)	Springs Leisure Centre (S2)	1882	1412	k{tdIvxwGAFAXDVJTLFH@@`@B^BbAFrALCH?ZGNCb@Er@I`@G?YEqAC_@mANlAOHpB?XDAl@Ir@KI}@Gy@Em@AICe@C_@Ca@Cg@Ag@Ci@A]?_@AS?KAU?y@?q@?_A?e@@]@e@Bg@BW@]Dm@FaABi@Bc@D}@Bu@D}A@}@?G?Y?]?K?_@?]AQASCYF?FDP\N^WNQH?^?J?\?X?FA|@E|ACt@E|@Cb@Ch@G`AEl@A\CVCf@Ad@A\?d@?~@?N?`@?x@@T?J@R?^p@IJC~@Sx@ODE?G??Cu@UBe@nA_ARKBq@H@\Bh@@f@Bf@yARoBXOBQ@EWEQKKWCGDIHELCJ	Click to Generate
S2	45	1			3	Mandala (S2)	Heeley Sidings (S2)	The Hardy Pick (S2)	3228	2421	wgtdInn_H_@QGC@Y?G@IDUDQIIGEGIOMKIGGOIKEA\GnALBMCFoA@]HB@@NHFFJHNLFHFDHHZZl@d@X\dAhANPJJEJCFILCHEJKh@ITGXD\@B@@BFn@pARa@R]u@}AMV@R@Dj@hAS`@o@qAEIACE]FYAQDq@BKBQJS[]{@iAMQg@s@[[IIGEGIOMKIGGOIKEA\GnAKnCALCJEFYn@CD?DAD?B?D@D@DXj@fAzBLZFTDRF`@@^E@C@A?C@EBCDe@p@v@pBlAzCHPf@{@Se@GO_@}@JSV_@c@r@^|@FNRd@g@z@IQmA{Cw@qBEDCDCBGFIFEBSFOBa@DE?KJIFCBIFEACACCCAAGGQCIEMAGEKEOISQk@]u@oAeDg@kAeAgCi@oAMc@Y_ACMCICCEIEGEGGEa@UaAm@kBiAmAs@MIIIGGIIGMEIOc@EKAKCME]K}@Gc@Ks@ASEc@Ce@T@B?H?XAFAF?REZ?b@Av@A\?V?J@H@D@B@JDHDHHTRTTX\PTPTZd@`@n@f@t@f@t@HLFFDHLNDFBBVXLLFDXPNJNHPLTH\Pd@PHBFBZLz@\\PJDNHFFJHNLFHFDHHZZl@d@ELGRENADECUK	Click to Generate
S2	45	1			3	I Said Bread (S2)	Kingdom Hall of Jehovah's Witnesses (S2)	Meersbrook Park (S2)	3496	2622	q}sdIxi~GdAhBlCmGEcBmBHMaHKuG?G{BNG?E?o@DWBJlIDDt@ARAHlDHbFDZuCzG]z@wAfDgC~Fk@vAEJWj@Yp@CTz@\\PJDNHFFJHNLFHFDHHZZl@d@X\dAhANPJJPRPTRZDHDHN^LZZ`AZ~@v@hCV|@DLFRBFJd@DJBJPj@BHLQjAiAb@e@z@}@RUDEbAaAvAcACy@E_AEuBCoD@mAFyALsBDIHmA??IlAtDc@^EJ@Hw@LeAn@uDBS?_@?W?gDAqADo@BYLm@HMLISkDE[CQeAoFOu@U?_Be@e@G{@@a@JsC~@yCz@BbCDbBmClGeAiB	Click to Generate
S2	20	1			3	Boots (S2)	Alam Hill Books (S2)	Meersbrook Park Church (S2)	1691	1268	uhtdI`k_HDBZZl@d@X\dAhANPJJEJCFILCHEJKh@ITGXIA??AAAAEICEAEUg@BqAD@T^CjAEJ@DHN@@@@??H@FYAQDq@BKBQJS[]{@iAMQg@s@[[IIGEGIOMKIGGOIKE]Q{@]BUXq@Vk@DKj@wAxAiDdC}FHLpAvBiC`GiA~C_@hAY~@K^NLFHFDHHZZl@d@X\dAhANPJJPRPTRZ@BBDDHN^LZZ`A[k@KQIQOUOWWa@EGW[QQ[]{@iAMQg@s@[[EC	Click to Generate
S2	20	1			3	Boots (S2)	Alam Hill Books (S2)	Meersbrook Park Church (S2)	1682	1262	mhtdIfk_HXXl@d@X\dAhANPJJEJCFILCHEJKh@ITGXIA??AAAAEICEAEUg@BqAD@T^CjAEJ@DHN@@@@??H@FYAQDq@BKBQJS[]{@iAMQg@s@[[IIGEGIOMKIGGOIKE]Q{@]BUXq@Vk@DKj@wAxAiDdC}FHLpAvBiC`GiA~C_@hAY~@K^NLFHFDHHZZl@d@X\dAhANPJJPRPTRZ@BBDDHN^LZZ`A[k@KQIQOUOWWa@EGW[QQ[]{@iAMQg@s@YY	Click to Generate
S2	30	1			3	Nether Edge Primary School (S2)	Broadfield Park (S2)	Virgin Crucible (S2)	2329	1747	wwtdItjaHBITkANq@`@_CFc@d@uE^aEL_BFi@BM?EBG@EN]DFDHDHBDFFBBJHRPRNDDNJ\T\XRPQr@CFAFUhAAJ[zAERMj@AD?B?B?D@B@BJFr@d@FDFDl@wCBONu@XwAQWIKKMKKKKMKSQ]Y]UOKEESOSQKICCGGCEEIEIEGKUISCKGMEMCKCMIi@ESESEOGSc@w@GGC[BEHENIPI`@QDC\MJCFCHCDAD?R?@NBJ@F?R@R?JEh@A^Ab@?@EpA?HAHCHAHAFIVEJCHKVKUISCKGMEMCKCMIi@ESESEOGSc@w@GGC[BEHENIPI`@QDC\MJCFCHCDAD?R?P?F?PBD?`@ENCSkCCYCUCOIQIWM]Zk@[j@L\HVHPBNBTVdDOBa@DE?KJIFCBIF?R@R?JEh@A^Ad@EpA?HAHCHAHAFIVEJCHKVO\ADCF?DCLGh@M~A_@`Ee@tEGb@a@~BOp@UjACH	Click to Generate
S2	60	1			3	Woodbourn Road Stadium (S2)	Makro (S2)	Highfield Motors (S2)	4510	3382	efzdIt|vGBE~@iAPe@Bo@yFcGs@cAe@_@m@_@OGq@s@aAeAIGMGM\]bAMp@G\ADQlAd@ZLLAV?\FRN@??VIWHOAGS?]@WMMe@[PmA@EF]Lq@OMUQY[_@pAQt@Gb@a@~BIf@m@bDId@Kb@EPGPABAVAHCLJLFFDFZRZPpEhCxBlAJF@@lAn@d@VJDDBl@\^RbAj@b@V^Rl@\j@Vp@^NHt@d@BBNPPXT`@d@yBBOJs@Hu@PwAJy@PkABQTiAR{@f@eBJ]\aAx@gBFKDMSWY]UYW]EGOQW[t@uAl@cA??P^R`@R`@Rb@BHNZTf@[f@u@~@ELGJy@fB]`AK\g@dBSz@UhACPQjAKx@QvAIt@Kr@CNe@xBUa@QYOQCCu@e@OIq@_@k@Wm@]_@Sc@WcAk@_@Sm@]ECKEe@WmAo@AAKGyBmAqEiC[QOAM?KAKAQAM@SFURa@`@IHa@d@q@p@S\EDWVDNb@nBBHHd@XtAKXEGCEWZEMIQ??CFEJGKCGOWhAeAIe@CIc@oBEOK[BIBCPENEREp@q@`@e@HI`@a@TSHSNQJIDCF?JLFFDFZRZPpEhCxBlAJF@@lAn@d@VDI@GBC@I@I@I?K@q@@MBQDGFGLCj@DJANI`@aBX{@Vc@	Click to Generate
S2	45	1			3	Gleadless Medical Centre (S2)	Pizza City (S2)	Arbourthorne Community Primary School (S2)	3304	2478	ubtdIf_zGv@_BBCTe@f@aAP]h@eAHKLKBCTAF@JFHLHRDX@\?Z@RA\?H?J?L@H@Jg@r@QXCBa@j@KLKLMJiB`BQNUTKNILSZOXCDGHADOZA@CFGHMRKPKRADHNZl@??[m@IOMVCFITEHCLKIGGEGGGQKMIm@YIAFu@HsA?IBe@@OEQMIK?a@NK@KEGKGOAS?C?WJo@@KPy@Py@H]@GLm@VqADSBKJw@@IAUCQIMICEAQHYTSRQRGDGFIBEA[EBc@J{AFeAF_A@[B[By@@WBw@@m@Bo@@i@@g@@e@?G?M?O@c@G@MFa@Po@\aAj@a@VSLYPiBpAg@\e@\}@r@y@n@EBPbBJ|@D^Lr@Lp@BLFXDJJKHGFADDDJBFFFBAtAy@??uAx@C@GGCGEKEEG@IFKJFRJ\BDFNLZNRPZZ^LJJHRRNJh@b@h@\j@\TL^RSz@Qv@Wx@Od@MXGNMXSd@EHGHMVHR@BBBHDJ?F?FC`B]r@On@OVGFAF?F?F?PD`@LH@l@XLHPJRAFAH?DCHCBGLW@EJSJQLSFIBG@AN[@EFIBENYR[HMJOTUPOhBaBLKJMJM`@k@BCPYf@s@AKAI?M?K?I@]AS?[A]EYISIMKGGAU@CBMJIJi@dAQ\g@`AUd@CBw@~A	Click to Generate
S2	60	1			3	Path up to the Cholera Monument, Sheffield (S2)	Substantial Victorian houses in Norfolk Road (S2)	Sheffield Inclusion Centre (S2)	5721	4291	c|wdI`f|Gb@GB`@AF?BABABABC@A@u@LgAPG@EBEDABGJc@c@EC_A_ACCuAuA{@y@SQg@g@IKGMvAaDFMn@}Ad@gAtA}CBElCkGl@wA@CXo@JWhBkEfEmMBE@ABATA@k@@o@@y@BgA@QJyFJuFDuBD}BFoC?K@k@TUZ]fBeBRS^]BADEFG~BuBrFgFDEFEzCuCv@u@|@_ARQDEDEx@u@^]nAqA\m@~@cBf@aA^m@`@u@h@_AFMDIP[HMDIDKDEb@w@HKd@{@jBkDj@cABFBFj@lAVj@d@`ATf@Tf@@Bl@rAb@~@FL`@~@b@hARl@?BN`@UTu@t@qBjBw@v@eAbAcA~@I[Ke@GUw@_DCGIUOEIAGA?S?O?KCQKc@e@{AIUCGMc@KKGGIGCCEAK?i@~@a@t@_@l@g@`A_AbB]l@oApA_@\y@t@EDEDSP}@~@w@t@{CtCGDEDsFfF_CtBGFEDC@_@\SRgBdB[\UTAj@?JGnCE|BEtBKtFKxFAPCfAAx@An@Aj@U@C@A@CDgElMiBjEKVYn@ABm@vAmCjGCDuA|CuAdDGLwA`DFLHJf@f@RPz@x@tAtABB~@~@DBb@b@FK@CDEDCFA|B_@@ABA@C@C@C?C@GCa@c@F	Click to Generate
S2	30	1			3	Best Pizza (S2)	Alberts (S2)	Popeyes Pizza (S2)	2278	1708	mxudIjixGeAbAcA~@I[Ke@GUw@_DCGIUOEIAGA?S?O?KCQKc@e@{AIUCGMc@EQCE?EAGAG?CAI?I@I?I@E@CDIDKDEb@w@HKd@{@jBkDj@cA\q@N[\q@vAgCLU?CRYBCDINUNY^q@~AwC`ByC|A}C@DHNf@bALZBFPh@Lb@?BH\Jt@Hv@Dh@DCBEJMX_@RWTSTSNKHEP|BHrAJtBJ~BFfB@PFjB@z@@NBF@DBBLBp@K~@KF`BBv@@XBd@GDIHELCJAFAXUBOBgAT[L[NSL[RGFQLIFIDSR}AzAKH}@x@m@j@}@x@y@t@YsAQ{@U_AUTu@t@qBjBw@v@	Click to Generate
S2	20	1			3	The Spires Centre (S2)	East Bank Medical Centre (S2)	The Co-operative Food (S2)	1835	1376	altdIzpwG???FEDy@N_ARKBq@H?_@AS?KAU?y@?q@?_A?e@@]@e@Bg@BW@]Dm@FaABi@Bc@D}@Bu@D}A@}@?G?Y?]?K?_@?]AQASCYF?FDP\N^WNQH?^?J?\?X?FA|@E|ACt@E|@Cb@Ch@G`AEl@A\CVCf@Ad@A\?d@?~@?N?`@?x@@T?J@R?^@\Bh@@f@Bf@B`@B^Bd@@HDl@Fx@H|@s@Jm@HE@?YEqAC_@mANlAOHpB?Xa@Fs@Hc@DOB[FI?MBGsACcAC_@Aa@E_ACcAVBJJ??DPDVPANCnBYxASCg@Ag@Ci@A]p@IJC~@Sx@ODE?G??	Click to Generate
S2	60	1			3	Path up to the Cholera Monument, Sheffield (S2)	Substantial Victorian houses in Norfolk Road (S2)	Sheffield Inclusion Centre (S2)	5927	4445	k}wdIzs{GiAoBEGGCC?CAI?G@I@E?CAQUCDuA|CuAdDGLwA`DFLHJf@f@RPz@x@tAtABB~@~@DBb@b@FK@CDEDCFAfAQt@M@ABA@C@C@C?C@GCa@c@Fb@GB`@AF?BABABABC@A@}B^G@EBEDABGJc@c@EC_A_ACCuAuA{@y@SQg@g@IKGMvAaDFMn@}Ad@gAtA}CBElCkGl@wA@CXo@JWhBkEfEmMBE@ABATA@k@@o@@y@BgA@QJyFJuFDuBD}BFoC?K@k@TUZ]fBeBRS^]BADEFG~BuBrFgFDEFEzCuCv@u@|@_ARQDEDEx@u@^]nAqA\m@~@cBf@aA^m@`@u@h@_AFMDIP[HMDIDKDEb@w@HKd@{@jBkDj@cABFBFj@lAVj@d@`ATf@Tf@@Bl@rAb@~@FL`@~@b@hARl@?BN`@UTu@t@qBjBw@v@eAbAcA~@I[Ke@GUw@_DCGIUOEIAGA?S?O?KCQKc@e@{AIUCGMc@KKGGIGCCEAK?i@~@a@t@_@l@g@`A_AbB]l@oApA_@\y@t@EDEDSP}@~@w@t@{CtCGDEDsFfF_CtBGFEDC@_@\SRgBdB[\UTAj@?JGnCE|BEtBKtFKxFAPCfAAx@An@Aj@U@C@A@CDgElMiBjEKVYn@ABm@vAmCjGPTB@D?HAFAH?B@B?FBDFhAnB	Click to Generate
S2	60	1			3	Path up to the Cholera Monument, Sheffield (S2)	Substantial Victorian houses in Norfolk Road (S2)	Sheffield Inclusion Centre (S2)	5721	4291	c|wdI`f|Gb@GB`@AF?BABABABC@A@u@LgAPG@EBEDABGJc@c@EC_A_ACCuAuA{@y@SQg@g@IKGMvAaDFMn@}Ad@gAtA}CBElCkGl@wA@CXo@JWhBkEfEmMBE@ABATA@k@@o@@y@BgA@QJyFJuFDuBD}BFoC?K@k@TUZ]fBeBRS^]BADEFG~BuBrFgFDEFEzCuCv@u@|@_ARQDEDEx@u@^]nAqA\m@~@cBf@aA^m@`@u@h@_AFMDIP[HMDIDKDEb@w@HKd@{@jBkDj@cABFBFj@lAVj@d@`ATf@Tf@@Bl@rAb@~@FL`@~@b@hARl@?BN`@UTu@t@qBjBw@v@eAbAcA~@I[Ke@GUw@_DCGIUOEIAGA?S?O?KCQKc@e@{AIUCGMc@KKGGIGCCEAK?i@~@a@t@_@l@g@`A_AbB]l@oApA_@\y@t@EDEDSP}@~@w@t@{CtCGDEDsFfF_CtBGFEDC@_@\SRgBdB[\UTAj@?JGnCE|BEtBKtFKxFAPCfAAx@An@Aj@U@C@A@CDgElMiBjEKVYn@ABm@vAmCjGCDuA|CuAdDGLwA`DFLHJf@f@RPz@x@tAtABB~@~@DBb@b@FK@CDEDCFA|B_@@ABA@C@C@C?C@GCa@c@F	Click to Generate
S2	30	1			3	Windy House Lane Pocket Park (S2)	UBU (S2)	Leaves (S2)	2154	1616	}{udIl}uGXX~DjEELCFCBg@^AGGW??FV@Ff@_@BCBGDMNNzA|At@x@@?l@p@IJcAnAGF{@v@w@^k@^u@Ts@RYDYDg@HG??TBx@Bl@Fj@FX@HDRJ\`AzB`AtBJR@BLYRYBCDINUNY^q@BEzAqC`ByC|A}C^q@`AgB`AmBVo@Xw@L[d@y@@E@E?C@E?E?G?E?C?EAC?A?EAEAEAGCEAEEG[SmBkAGT]xAENa@jAq@|ASb@Q\_@r@q@z@pBvC??qBwCm@q@A?u@y@{A}AOO_EkEYY	Click to Generate
S2	45	1			3	Virgin Crucible (S2)	The Hardy Pick (S2)	Boots (S2)	3637	2728	cotdIvp`HGESQKICCGGCEEIEIEGKUISCKGMEMCKCMIi@ESESEOGSc@w@GGC[BEHENIPI`@QDC\MJCFCHCDAD?R?P?F?PBD?`@ENCWeDCUCOIQIWM]Zk@[j@L\HVHPBNBTBXRjCRGDCHGFGBCBEDEv@pBlAzCHPf@{@Se@GO_@}@JSV_@c@r@^|@FNRd@g@z@IQmA{Cw@qBEDCDCBGFIFEBSFOBa@DE?KJIFCBIFEACACCCAAGGQCIEMAGEKEOISQk@]u@oAeDg@kAeAgCi@oAMc@Y_ACMCICCEIEGEGGEa@UaAm@kBiAmAs@MIIIGGIIGMEIOc@EKAKCME]K}@Gc@Ks@ASEc@Ce@T@B?H?XAFAF?REZ?b@Av@A\?V?J@H@D@B@JDHDHHTRTTX\PTPTZd@`@n@f@t@f@t@HLFFDHLNDFBBVXLLFDXPNJNHPLTH\Pd@PHBFBZLz@\\PJDNHFFJHNLFHFDHHZZl@d@X\dAhANPJJEJCFILCHEJKh@ITGXIA??AAAAEICEAEUg@BqAD@T^CjAEJ@DHN@@@@??H@FYAQDq@BKBQJS[]{@iAMQg@s@[[IIGEGIOMKIGGOIKEA\GnAKnCALCJEFYn@CD?DAD?B?D@D@DXj@fAzBLZFTDRF`@@^E@C@A?C@EBCDe@p@EDCDCBGFIFEBSFOBa@DE?KJIFCBIF?R@R?JEh@A^Ad@EpA?`A?f@?L?P?JBVRPFD	Click to Generate
S2	20	1			3	The Spires Centre (S2)	East Bank Medical Centre (S2)	The Co-operative Food (S2)	1835	1376	altdIzpwG???FEDy@N_ARKBq@H?_@AS?KAU?y@?q@?_A?e@@]@e@Bg@BW@]Dm@FaABi@Bc@D}@Bu@D}A@}@?G?Y?]?K?_@?]AQASCYF?FDP\N^WNQH?^?J?\?X?FA|@E|ACt@E|@Cb@Ch@G`AEl@A\CVCf@Ad@A\?d@?~@?N?`@?x@@T?J@R?^@\Bh@@f@Bf@B`@B^Bd@@HDl@Fx@H|@s@Jm@HE@?YEqAC_@mANlAOHpB?Xa@Fs@Hc@DOB[FI?MBGsACcAC_@Aa@E_ACcAVBJJ??DPDVPANCnBYxASCg@Ag@Ci@A]p@IJC~@Sx@ODE?G??	Click to Generate
S2	45	1			3	Windy House Lane Pocket Park (S2)	Archdale School (S2)	UBU (S2)	3653	2740	gavdIr{uG`@K?Q@QF[JWHIJGHCP@LBDDDHDNHZ@N@NAJAL?BETt@v@~DjEELCFCBg@^AGGW??FV@Ff@_@BCBGDM_EkEu@w@CFCFGJEDGDEBE@I@EAGAECEEGGEKIWE]?Q@QF[JWHIJGHC?SMaEE_CGqAKk@Qi@Uc@IKMM_@Ym@a@c@WGEAFEBC@E?ECCCCG?I?IICaDwAUMCN?@CFg@hA]v@BFBBP`@[p@[p@Xn@\o@??]n@Yo@Zq@Zq@Qa@CCCG\w@f@iABG?ABOTL`DvAHB@IBGBEDAF@BB@BBF@F?FAFADFDb@Vl@`@^XLLHJTb@Ph@Jj@FpAD~BL`E?RP@LBDDDHDNHZ@N@NAJAL?BETCFCFGJEDGDEBE@VnJBrADxAH|C@N?TBx@Bl@Fj@FX@HDRJ\`AzB`AtBJR@BLYRYBCDINUNY^q@BEzAqC`ByC|A}C^q@`AgB`AmBVo@Xw@L[d@y@@E@E?C@E?E?G?E?C?EAC?A?EAEAEAGCEAEEG[SmBkA_BcAsA}@UQoA_Ae@g@EIY]MLKHQB]?QKSSQPyA|AABe@f@w@v@Y\AJAL?BETCFCFGJEDGDEBE@I@EAGAECEEGGEKIWE]a@J	Click to Generate
S2	20	1			3	Manor Park Medical Centre (S2)	Temple Park Centre (S2)	Castle View Park (S2)	1802	1352	qzwdItbvGWm@CCGGIGICGAG?GBWVCDC?A?MIp@kACMAM@M@GDIFEFA??HBDHx@gAZc@TSVMRGF?ARGV?p@?I?g@FW@SG?SFWLUR[b@y@fADJ@L?FCLEJrAjCr@`Bl@bBJSh@{@NUHEHAL?jBb@jA`@zBp@^Lp@T|Ah@l@^Zb@Pb@BH@DHd@Dr@A`AKv@ENe@jAe@aAQUyDq@WGaAOq@a@QSUe@KO^}@\cBNwBkAa@kBc@M?I@IDOTi@z@KRm@cBOV_@}@k@qA	Click to Generate
S2	30	1			3	Temple Park Centre (S2)	Castle View Park (S2)	Manor Park Medical Centre (S2)	2428	1821	ufwdIlmuGABBl@Wf@]p@_AlBw@~@s@b@q@Jq@@g@E{@CkACQ@ARGV?p@?I?g@FW@SG?SFWLUR[b@y@fADJ@L?FCLEJrAjCr@`Bl@bBJSh@{@NUHEHAL?jBb@jA`@zBp@^Lp@T|Ah@l@^Zb@Pb@BH@DHd@Dr@A`AKv@ENe@jAe@aAQUyDq@WGaAOq@a@QSUe@KO^}@\cBNwBkAa@kBc@M?I@IDOTi@z@KRm@cBs@aBsAkCEDK@GCGICMAM@M@GDIFEFA??HBDHx@gAZc@TSVMRGF?PAjABz@Bf@Dp@Ap@Kr@c@v@_A~@mB\q@Vg@Cm@@C	Click to Generate
S2	60	1			3	Cholera Monument, Sheffield (S2)	Path up to the Cholera Monument, Sheffield (S2)	Sheffield Inclusion Centre (S2)	6087	4565	cfxdItv{Go@|AGLjAlBIZADAF?D?\?z@?F@DBFBFCGCGAE?G?{@?]?E@G@EH[??kAmBwA`DFLHJf@f@RPz@x@tAtABB~@~@DBb@b@FK@CDEDCFAfAQt@M@ABA@C@C@C?C@GCa@c@Fb@GB`@AF?BABABABC@A@}B^G@EBEDABGJc@c@EC_A_ACCuAuA{@y@SQg@g@IKGMCECICImAqEWcAW}@Su@EQCKEKQu@y@}CMi@Kc@HIHKNO`AeANS`AeANSDEFE`@e@dCgDLSXe@JSP_@h@yAzAqEJWhHaTBKBITo@b@sAf@sAL]P]b@}@`@u@d@s@DGFINOTUZ]fBeBRS^]BADEFG~BuBrFgFDEFEzCuCv@u@|@_ARQDEDEx@u@^]nAqA\m@~@cBf@aA^m@`@u@h@_AFMDIP[HMDIDKDEb@w@HKd@{@jBkDj@cABFBFj@lAVj@d@`ATf@Tf@@Bl@rAb@~@FL`@~@b@hARl@?BN`@UTu@t@qBjBw@v@eAbAcA~@I[Ke@GUw@_DCGIUOEIAGA?S?O?KCQKc@e@{AIUCGMc@KKGGIGCCEAK?i@~@a@t@_@l@g@`A_AbB]l@oApA_@\y@t@EDEDSP}@~@w@t@{CtCGDEDsFfF_CtBGFEDC@_@\SRgBdB[\UTAj@?JGnCE|BEtBKtFKxFAPCfAAx@An@Aj@U@C@A@CDgElMiBjEKVYn@ABm@vAmCjGCDuA|Ce@fA	Click to Generate
S2	20	1			3	Broadfield Park (S2)	The Hardy Pick (S2)	Virgin Crucible (S2)	1824	1368	iltdI`s`HYW]UOKEESOSQKICCGGCEEIEIEGKUISCKGMEMCKCMIi@ESESEOGSc@w@GGC[BEHENIPI`@QDC\MJCFCHCDAD?R?@NBJ@F?R@R?JEh@A^Ab@?@EpA?HAHCHAHAFIVEJCHKVKUISCKGMEMCKCMIi@ESESEOGSc@w@GGC[BEHENIPI`@QDC\MJCFCHCDAD?R?P?F?PBD?`@ENCRGDCHGFGBCBEDEv@pBlAzCHPf@{@Se@GO_@}@JSV_@c@r@^|@FNRd@g@z@IQmA{Cw@qBEDCDCBGFIFEBSFSkCCYCUCOIQIWM]Zk@[j@L\HVHPBNBTVdDOBa@DE?KJIFCBIF?R@R?JEh@A^Ad@EpA?`A?f@?L?P?JBVRPRNDDNJ\TXV	Click to Generate
S2	20	1			3	Alam Hill Books (S2)	Boots (S2)	Meersbrook Park Church (S2)	1457	1093	gitdInh_HRq@^iAhA_DhCaGqAwBIMeC|FyAhDk@vAEJWj@Yp@CTz@\\PJDNHFFJHNLFHFDHHZZl@d@X\dAhANPJJEJCFILCHEJKh@ITGXIA??AAAAEICEAEUg@BqAD@T^CjAEJ@DHN@@@@??H@FYAQDq@BKBQJSNMJJPRPTRZ@BBDDHN^LZZ`A[k@KQIQOUOWWa@EGW[QQ[]{@iAMQg@s@[[IIGEGIOMJ_@DM	Click to Generate
S2	20	1			3	Gin Bar (S2)	Broadfield Park (S2)	The Hardy Pick (S2)	1711	1283	{ktdIls`HII]Y]UOKEESOSQKICCGGCEEIEIEGKUISCKGMEMCKCMIi@ESESEOGSc@w@GGGGGIQYGPEFMVDL@@BH?F?vC?V?zB?|@A\AZCn@\J@?B@@B@@@B@BBD?B@D?FHlA?B?B@D?B@@@B@B@@@@BB@?B@VH^aEL_BFi@@C@I?EBG@EN]JWBIDKHW@G@IBI@I?IDqA?A@c@@_@Eg@ASAMASCQGQR?P?F?PBD?`@ENCRGDCHGFGBCBEDEv@pBlAzCHPf@{@Se@GO_@}@JSV_@c@r@^|@FNRd@g@z@IQmA{Cw@qBEDCDCBGFIFEBSFOBa@DE?KJIFCBIF?R@R?JEh@A^Ad@EpA?`A?f@?L?P?JBVRPRNDDNJ\T\XHH	Click to Generate
S2	20	1			3	Top Chopper (S2)	Broadfield Park (S2)	The Hardy Pick (S2)	1645	1234	kktdIzs`HEESQ]Y]UOKEESOSQKIEd@?BDi@CCGGCEEIEIEGKUISCKGMEMCKCMIi@ESESEOGSc@w@GGC[BEHENIPI`@QDC\MJCFCHCDAD?R?@NBJ@F?R@R?JEh@A^Ab@?@EpA?HAHCHAHAFIVEJCHKVKUISCKGMEMCKCMIi@ESESEOGSc@w@GGC[BEHENIPI`@QDC\MJCFCHCDAD?R?P?F?PBD?`@ENCRGDCHGFGBCBEDEv@pBlAzCHPf@{@Se@GO_@}@JSV_@c@r@^|@FNRd@g@z@IQmA{Cw@qBEDCDCBGFIFEBSFOBa@DE?KJIFCBIF?R@R?JEh@A^Ad@EpA?`A?f@?L?P?JBVRPRNDDNJ\T\XRPDD	Click to Generate
S2	20	1			3	Manor Park Medical Centre (S2)	St Vincent's (S2)	Hair & Beauty Lounge (S2)	1477	1108	ewwdI`{uG?g@FW@SG?SFWLUR[b@y@fADJ@L?FCLEJEDK@GCGICMAM@M@GDIFEFA??HBDHDJ@L?FCLEJrAjCr@`BOV_@}@k@qAWm@CCGGIGICGAG?GBWVCDC?A?MIp@kACMAM@M@GDIFEFAHBDHx@gAZc@TSVMRGF?PAjABz@Bf@Dp@Ap@Kr@c@v@_A~@mB\q@Vg@Cm@??^w@ZHq@tAEDWf@]p@_AlBw@~@s@b@q@Jq@@g@E{@CkACQ@ARGV?f@	Click to Generate
S2	20	1			3	Well Pharmacy (S2)	Gleadless Medical Centre (S2)	Pizza City (S2)	2040	1530	a}sdIt~yG??AL?F?BHRKLKLMJiB`BQNUT??KNILSZOXCDGHADOZA@CFGHMRKPKRADHNZl@??[m@IOMVCFITEHCLKIGGEGGGQKMIm@YIAFu@HsA?IBe@@OEQMIK?a@NK@KEGKGOAS?C?WJo@@KPy@Py@H]@GLm@VqADSBKJw@@IAUCQIMICEAQHYTSRQRGDGFIBEA[EBc@J{AFeAF_A@[B[By@@WfATB_@C^gAUAVCx@Ev@G~@GdAKzACb@Gz@?FIfAGt@E`@Kz@EZEXG\Sz@Qv@Wx@Od@MXGNMXSd@EHGHMVHR@BBBHDJ?F?FC`B]r@On@OVGFAF?F?F?PD`@LH@l@XLHPJRAFAH?DCHCBGLW@EJSJQLSFIBG@AN[@EFIBENYR[HMJOTUPOhBaBLKJMJMIS?C?G@M??	Click to Generate
S2	15	1			3	Another Level (S2)	Alam Hill Books (S2)	Boots (S2)	1435	1076	gktdIzh_HHDNHFFJHNLFHFDHHZZj@b@@@ELg@s@[[IIGEGIOMKIGGOIKE]Q{@]BUXq@Vk@DKj@wAxAiDdC}FHLpAvBiC`GiA~C_@hAY~@K^NLFHFDHHZZl@d@X\dAhANPJJEJCFILCHEJKh@ITGXIA??AAAAEICEAEUg@BqAD@T^CjAEJ@DHN@@@@??H@FYAQDq@BKBQJS[]{@iAMQg@s@[[IIGEGIOMKIGGOIIE	Click to Generate
S2	30	1			3	Newfield Green Clinic (S2)	Newfield Green Dental Surgery (S2)	Pizza City (S2)	2422	1816	g~sdIrazGaBxAQNUTKNILSZOXKSGK??FJJRCDGHADOZA@CFGHMRKPKRADMVCFITEHCLKIGGEGGGQKMIm@YIAFu@HsA?Ic@Gb@F?HIrAGt@H@l@XLHPJRAD?@AH?DCHCBGLW@EJSJQLSFIBG@AN[@EFIBEKSGKFJJRCDGHADOZA@CFGHMRKPKRADMVCFITEHCLKIGGEGGGQKMIm@YIAFu@HsA?IBe@@OEQMIK?a@NK@KEGKGOAS?C?WJo@@KPy@Py@H]@GLm@VqADSBKJw@@IAUCQIMICEAQHYTSRQRGDGFIBEA[EBc@J{AFeAF_A@[B[By@@WfATB_@C^gAUAVCx@Ev@G~@GdAKzACb@Gz@?FIfAGt@E`@Kz@EZEXG\Sz@Qv@Wx@Od@MXGNMXSd@EHGHMVHR@BBBHDJ?F?FC`B]r@On@OVGFAF?F?F?PD`@LH@l@XLHPJRAFAH?DCHCBGLW@EJSJQLSFIBG@AN[@EFIBENYR[HMJOTUPO`ByA	Click to Generate
S2	60	1			3	Path near the Cholera Monument, Sheffield (S2)	Path up to the Cholera Monument, Sheffield (S2)	Sheffield Inclusion Centre (S2)	6939	5204	c|wdI`f|Gb@GB`@AF?BABABABC@A@}B^G@EBEDABGJc@c@EC_A_ACCuAuA{@y@SQg@g@IKGMvAaDjAlBIZADAF?D?\?z@?F@DBFBFCGCGAE?G?{@?]?E@G@EH[??kAmBwA`DFLHJf@f@RPz@x@tAtABB~@~@DBb@b@FK@CDEDCFAfAQt@M@ABA@C@C@C?C@GCa@c@Fb@GB`@AF?BABABABC@A@}B^G@EBEDABGJc@c@EC_A_ACCuAuA{@y@SQg@g@IKGMCECICImAqEWcAW}@Su@EQCKEKQu@y@}CMi@Kc@HIHKNO`AeANS`AeANSDEFE`@e@dCgDLSXe@JSP_@h@yAzAqEJWhHaTBKBITo@b@sAf@sAL]P]b@}@`@u@d@s@DGFINOTUZ]fBeBRS^]BADEFG~BuBrFgFDEFEzCuCv@u@|@_ARQDEDEx@u@^]nAqA\m@~@cBf@aA^m@`@u@h@_AFMDIP[HMDIDKDEb@w@HKd@{@jBkDj@cABFBFj@lAVj@d@`ATf@Tf@@Bl@rAb@~@FL`@~@b@hARl@?BN`@UTu@t@qBjBw@v@eAbAcA~@I[Ke@GUw@_DCGIUOEIAGA?S?O?KCQKc@e@{AIUCGMc@KKGGIGCCEAK?i@~@a@t@_@l@g@`A_AbB]l@oApA_@\y@t@EDEDSP}@~@w@t@{CtCGDEDsFfF_CtBGFEDC@_@\SRgBdB[\UTAj@?JGnCE|BEtBKtFKxFAPCfAAx@An@Aj@U@C@A@CDgElMiBjEKVYn@ABm@vAmCjGCDuA|CuAdDGLwA`DFLHJf@f@RPz@x@tAtABB~@~@DBb@b@FK@CDEDCFA|B_@@ABA@C@C@C?C@GCa@c@F	Click to Generate
S2	60	1			3	Path up to the Cholera Monument, Sheffield (S2)	Substantial Victorian houses in Norfolk Road (S2)	Sheffield Inclusion Centre (S2)	5721	4291	c|wdI`f|Gb@GB`@AF?BABABABC@A@u@LgAPG@EBEDABGJc@c@EC_A_ACCuAuA{@y@SQg@g@IKGMvAaDFMn@}Ad@gAtA}CBElCkGl@wA@CXo@JWhBkEfEmMBE@ABATA@k@@o@@y@BgA@QJyFJuFDuBD}BFoC?K@k@TUZ]fBeBRS^]BADEFG~BuBrFgFDEFEzCuCv@u@|@_ARQDEDEx@u@^]nAqA\m@~@cBf@aA^m@`@u@h@_AFMDIP[HMDIDKDEb@w@HKd@{@jBkDj@cABFBFj@lAVj@d@`ATf@Tf@@Bl@rAb@~@FL`@~@b@hARl@?BN`@UTu@t@qBjBw@v@eAbAcA~@I[Ke@GUw@_DCGIUOEIAGA?S?O?KCQKc@e@{AIUCGMc@KKGGIGCCEAK?i@~@a@t@_@l@g@`A_AbB]l@oApA_@\y@t@EDEDSP}@~@w@t@{CtCGDEDsFfF_CtBGFEDC@_@\SRgBdB[\UTAj@?JGnCE|BEtBKtFKxFAPCfAAx@An@Aj@U@C@A@CDgElMiBjEKVYn@ABm@vAmCjGCDuA|CuAdDGLwA`DFLHJf@f@RPz@x@tAtABB~@~@DBb@b@FK@CDEDCFA|B_@@ABA@C@C@C?C@GCa@c@F	Click to Generate
S2	20	1			3	East Bank Medical Centre (S2)	The Spires Centre (S2)	Springs Leisure Centre (S2)	1846	1384	kytdI|wwG??DPDV?\IRGLSH@`@B^BbAFrALCH?ZGNCb@Er@I`@G?YEqAC_@mANlAOHpB?XDAl@Ir@KI}@Gy@Em@AICe@C_@Ca@Cg@Ag@Ci@A]?_@AS?KAU?y@?q@?_A?e@@]@e@Bg@BW@]Dm@FaABi@Bc@D}@Bu@D}A@}@?G?Y?]?K?_@?]AQASCYF?FDP\N^WNQH?^?J?\?X?FA|@E|ACt@E|@Cb@Ch@G`AEl@A\CVCf@Ad@A\?d@?~@?N?`@?x@@T?J@R?^p@IJC~@Sx@ODE?G??Cu@UBe@nA_ARKBq@H@\Bh@@f@Bf@yARoBXOBQ@EWEQ??	Click to Generate
S2	30	1			3	Porcelanosa (S2)	Meersbrook Park Church (S2)	Virgin Crucible (S2)	2946	2210	wctdIjw_HEIACE]FYAQDq@BKBQJS[]{@iAMQGRENADECUK_@QGC@Y?G@IDUDQZZl@d@X\dAhANPJJPRPTRZ@BBDDHN^LZZ`A[k@KQIQOUOWWa@EGW[QQ[]{@iAMQg@s@[[IIGEGIOMKIGGOIKEA\GnAKnCALCJEFYn@CD?DAD?B?D@D@DXj@fAzBLZFTDRF`@@^E@C@A?C@EBCDe@p@EDCDCBGFIFEBSFSkCCYCUCOIQIWM]Zk@[j@L\HVHPBNBTVdDOBa@DE?KJIFCBIFEACACCCAAGGQCIEMAGEKEOISQk@]u@oAeDg@kAeAgCi@oAMc@Y_ACMCICCEIEGEGGEa@UaAm@kBiAmAs@MIIIGGIIGMEIOc@EKAKCME]K}@Gc@Ks@ASEc@Ce@T@B?H?XAFAF?REZ?b@Av@A\?V?J@H@D@B@JDHDHHTRTTX\PTPTZd@`@n@f@t@f@t@HLFFDHLNDFBBVXLLFDXPNJNHPLTH\Pd@PHBFBZLz@\\PJDNHFFJHNLFHFDHHZZl@d@X\dAhANPJJEJCFILCHEJKh@ITGXD\@BDH	Click to Generate
S2	45	1			3	Boots (S2)	Broadfield Park (S2)	Virgin Crucible (S2)	3525	2644	wftdI`c`HKR^|@FNRd@g@z@IQmA{Cw@qBEDCDCBGFIFEBSFOBa@DE?KJIFCBIFEACACCCAAGGQCIEMAGEKEOISQk@]u@oAeDg@kAeAgCi@oAMc@Y_ACMCICCEIEGEGGEa@UaAm@kBiAmAs@MIIIGGIIGMEIOc@EKAKCME]K}@Gc@Ks@ASEc@Ce@T@B?H?XAFAF?REZ?b@Av@A\?V?J@H@D@B@JDHDHHTRTTX\PTPTZd@`@n@f@t@f@t@HLFFDHLNDFBBVXLLFDXPNJNHPLTH\Pd@PHBFBZLz@\\PJDNHFFJHNLFHFDHHZZl@d@X\dAhANPJJEJCFILCHEJKh@ITGXIA??AAAAEICEAEUg@BqAD@T^CjAEJ@DHN@@@@??H@FYAQDq@BKBQJS[]{@iAMQg@s@[[IIGEGIOMKIGGOIKEA\GnAKnCALCJEFYn@CD?DAD?B?D@D@DXj@fAzBLZFTDRF`@@^E@C@A?C@EBCDe@p@EDCDCBGFIFEBSFOBa@DE?KJIFCBIF?R@R?JEh@A^Ab@?@EpA?HAHCHAHAFIVEJCHKVKUISCKGMEMCKCMIi@ESESEOGSc@w@GGC[BEHENIPI`@QDC\MJCFCHCDAD?R?P?F?PBD?`@ENCWeDCUCOIQIWM]Zk@[j@L\HVHPBNBTBXRjCRGDCHGFGBCBEDEv@pBlAzCHPf@{@Se@GO_@}@JS	Click to Generate
S2	20	1			3	Boots (S2)	Alam Hill Books (S2)	Meersbrook Park Church (S2)	1675	1256	ihtdIlk_HTRl@d@X\dAhANPJJEJCFILCHEJKh@ITGXIA??AAAAEICEAEUg@BqAD@T^CjAEJ@DHN@@@@??H@FYAQDq@BKBQJS[]{@iAMQg@s@[[IIGEGIOMKIGGOIKE]Q{@]BUXq@Vk@DKj@wAxAiDdC}FHLpAvBiC`GiA~C_@hAY~@K^NLFHFDHHZZl@d@X\dAhANPJJPRPTRZ@BBDDHN^LZZ`A[k@KQIQOUOWWa@EGW[QQ[]{@iAMQg@s@US	Click to Generate
S2	20	1			3	Temple Park Centre (S2)	Manor Park Medical Centre (S2)	Castle View Park (S2)	1839	1379	exwdIhkvGDIF[?SA[Gc@CINWs@aBsAkCEDK@GCGICMAM@M@GDIFEFAHBDHx@gAZc@TSVMRGF?ARGV?p@?I?g@FW@SG?SFWLUR[b@y@fADJ@L?FCLEJEDK@GCGICMAM@M@GDIFEFA??HBDHDJ@L?FCLEJrAjCr@`Bl@bBJSh@{@NUHEHAL?jBb@jA`@zBp@^Lp@T|Ah@l@^Zb@Pb@BH@DHd@Dr@A`AKv@ENe@jAe@aAQUyDq@WGaAOq@a@QSUe@KOa@n@mBxCoAyCoAyCZi@IOLU	Click to Generate
S2	45	1			3	Bronze & Polished (S2)	Sheffield Inclusion Centre (S2)	Leaves (S2)	3066	2300	kyudIthwGrAaCLYRYBCDINUNYJORa@~AwC`ByC|A}C@DHNf@bALZBFPh@Lb@?BH\Jt@Hv@Dh@@JIJMRQ^]r@m@nA@TPvBNjCHhBFjAD|ADlAB~@G?I@MHo@l@k@h@k@h@gAdAa@^WTUTu@t@qBjBw@v@eAbAcA~@I[Ke@GUw@_DCGIUOEIAGA?S?O?KCQKc@e@{AIUCGMc@EQCE?EAGAG?CAI?I@I?I@E@CDIDKDEb@w@HKd@{@jBkDj@cA\q@l@mAvAgCACKSaAuBaA{BK]ESAIGYGk@Cm@Cy@?UF?f@IXEXEr@St@Uj@_@v@_@z@w@FGbAoAHKpBvC??qBwCIJcAnAGF{@v@w@^k@^u@Ts@RYDYDg@HG??TBx@Bl@Fj@FX@HDRJ\`AzB`AtBJR@BsA`C	Click to Generate
S2	15	1			3	Springs Leisure Centre (S2)	The Co-operative Food (S2)	East Bank Medical Centre (S2)	1218	914	crtdIhmwG?`@?x@@T?J@R?^p@IJC~@Sx@ODE?G??Cu@UBe@nA_ARKBq@H@\Bh@@f@Bf@yARoBXOBQ@EWEQ??KKWCGDIHELERAXDVJTLFH@@`@B^BbAFrALCH?ZGNCb@Er@I`@G?YEqAC_@mANlAOHpB?XDAl@Ir@KI}@Gy@Em@AICe@C_@Ca@Cg@Ag@Ci@A]?_@AS?KAU?y@?a@	Click to Generate
S2	15	1			3	International Automatic Cars (S2)	Boots (S2)	Meersbrook Park Church (S2)	1408	1056	wetdI~i_H{AaBY~@K^KIGGOIKE]Q{@]BUXq@Vk@DKPXVd@H@t@aBu@`BIACES_@QYEJWj@Yp@CTz@\\PJDNHFFJHNLFHFDHHZZl@d@X\dAhANPJJEJCFILCHEJKh@ITGXIA??AAAAEICEAEUg@BqAD@T^CjAEJ@DHN@@@@??H@FYAQDq@BKBQJSNMJJPRPTRZ@BBDDHN^LZZ`A[k@KQIQOUOWWa@EGW[QQ[]{@iAMQg@s@[[IIGEGIOMJ_@X_AzA`B	Click to Generate
S2	20	1			3	MJ Dressmaker & Designer (S2)	Broadfield Park (S2)	Virgin Crucible (S2)	1965	1474	qptdIzp`HDe@JHRPRNDDNJ\T\XRPQr@CFAFWtA[zAERMj@AD?B?B?D@B@BJFr@d@FDFDl@wCBONu@XwAQWIKKMKKKKMK??SQ]Y]UOKEESOSQKICCGGCEEIEIEGKUISCKGMEMCKCMIi@ESESEOGSc@w@GGC[BEHENIPI`@QDC\MJCFCHCDAD?R?@NBJ@F?R@R?JEh@A^Ab@?@EpA?HAHCHAHAFIVEJCHKVKUISCKGMEMCKCMIi@ESESEOGSc@w@GGC[BEHENIPI`@QDC\MJCFCHCDAD?R?P?F?PBD?`@ENCSkCCYCUCOIQIWM]Zk@[j@L\HVHPBNBTVdDOBa@DE?KJIFCBIF?R@R?JEh@A^Ad@EpA?`A?f@?L?P?JBVRPRNDDNJ\TPcA@I`@wB@GAFa@vBAHQbA]UOKEESOSQKIEd@	Click to Generate
S2	20	1			3	Broadfield Park (S2)	Virgin Crucible (S2)	The Hardy Pick (S2)	1729	1297	untdIbq`HAASOSQKICCGGCEEIEIEGKUISCKGMEMCKCMIi@ESESEOGSc@w@GGC[BEHENIPI`@QDC\MJCFCHCDAD?R?@NBJ@F?R@R?JEh@A^Ab@?@EpA?HAHCHAHAFIVEJCHKVKUISCKGMEMCKCMIi@ESESEOGSc@w@GGC[BEHENIPI`@QDC\MJCFCHCDAD?R?P?F?PBD?`@ENCWeDCUCOIQIWM]Zk@[j@L\HVHPBNBTBXRjCRGDCHGFGBCBEDEv@pBlAzCHPf@{@Se@GO_@}@JSV_@c@r@^|@FNRd@g@z@IQmA{Cw@qBEDCDCBGFIFEBSFOBa@DE?KJIFCBIF?R@R?JEh@A^Ad@EpA?`A?f@?L?P?JBVRPRN@@	Click to Generate
S2	30	1			3	Kwik Fit (S2)	Leaves (S2)	Windy House Lane Pocket Park (S2)	2300	1725	gsudIh_wGCD_@p@OXOTEHCBSXMXwAfCm@lA]p@k@bAkBjDe@z@CEEIk@mAj@lADHBDd@{@jBkDj@cA\q@l@mAdAkBP[ACKSaAuBaA{BK]ESAIGYGk@Cm@Cy@?UF?f@IXEXEr@St@Uj@_@v@_@z@w@FGbAoAHKpBvC??qBwCm@q@A?u@y@{A}AOOELCFCBg@^AGGW??FV@Ff@_@BCBGDMNNzA|At@x@@?l@p@IJcAnAGF{@v@w@^k@^u@Ts@RYDYDg@HG??TBx@Bl@Fj@FX@HDRJ\`AzB`AtBJR@BLYRYBCDINUNY^q@BE	Click to Generate
S2	20	1			3	Temple Park Centre (S2)	Manor Park Medical Centre (S2)	Castle View Park (S2)	1839	1379	axwdItgvG?ECINWs@aBsAkCEDK@GCGICMAM@M@GDIFEFAHBDHx@gAZc@TSVMRGF?ARGV?p@?I?g@FW@SG?SFWLUR[b@y@fADJ@L?FCLEJEDK@GCGICMAM@M@GDIFEFA??HBDHDJ@L?FCLEJrAjCr@`Bl@bBJSh@{@NUHEHAL?jBb@jA`@zBp@^Lp@T|Ah@l@^Zb@Pb@BH@DHd@Dr@A`AKv@ENe@jAe@aAQUyDq@WGaAOq@a@QSUe@KOa@n@mBxCoAyCoAyCZi@IOR_@F[?SA[G]	Click to Generate
S2	45	1			3	Kingdom Hall of Jehovah's Witnesses (S2)	I Said Bread (S2)	Meersbrook Park (S2)	3633	2725	}`tdIvm~G_AvB]z@_FfLeA_BdA~AfC_GvAgD\{@tC{GE[IcFImDS@u@@EEKmIVCn@ED?F?zBO?FJtGnBKF~CxC{@rC_A`@Kz@Ad@F~Ad@T?Nt@dAnFBPDZRjDMHILMl@CXEn@@pA?fD?V?^CRo@tDMdAIv@KA_@DuDb@HmA??IlAEHMrBGxAAlABnDDtBD~@Bx@wAbAcA`AEDST{@|@c@d@kAhAMPCIQk@CKEKKe@CGGSEMW}@w@iC[_A[k@KQIQOUOWWa@EGW[QQ[]{@iAMQg@s@[[IIGEGIOMKIGGOIKE]Q{@]BUXq@Vk@DKj@wA~EgL\{@~@wB	Click to Generate
S2	45	1			3	Broadfield Park (S2)	The Hardy Pick (S2)	Boots (S2)	3409	2557	mmtdId}_HRjCOBa@DE?KJIFCBIF?R@R?JEh@A^Ab@?@EpA?HAHCHAHAFIVEJCHKVKUISCKGMEMCKCMIi@ESESEOGSc@w@GGC[BEHENIPI`@QDC\MJCFCHCDAD?R?P?F?PBD?`@ENCRGDCHGFGBCBEDEv@pBlAzCHPf@{@Se@GO_@}@JSV_@c@r@^|@FNRd@g@z@IQmA{Cw@qBEDCDCBGFIFEBSFOBa@DE?KJIFCBIFEACACCCAAGGQCIEMAGEKEOISQk@]u@oAeDg@kAeAgCi@oAMc@Y_ACMCICCEIEGEGGEa@UaAm@kBiAmAs@MIIIGGIIGMEIOc@EKAKCME]K}@Gc@Ks@ASEc@Ce@T@B?H?XAFAF?REZ?b@Av@A\?V?J@H@D@B@JDHDHHTRTTX\PTPTZd@`@n@f@t@f@t@HLFFDHLNDFBBVXLLFDXPNJNHPLTH\Pd@PHBFBZLz@\\PJDNHFFJHNLFHFDHHZZl@d@X\dAhANPJJEJCFILCHEJKh@ITGXIA??AAAAEICEAEUg@BqAD@T^CjAEJ@DHN@@@@??H@FYAQDq@BKBQJS[]{@iAMQg@s@[[IIGEGIOMKIGGOIKEA\GnAKnCALCJEFYn@CD?DAD?B?D@D@DXj@fAzBLZFTDRF`@@^E@C@A?C@EBCDe@p@EDCDCBGFIFEBSFSkC	Click to Generate
S2	30	1			3	Gleadless Medical Centre (S2)	Terry Wright Community Hall (S2)	Pizza City (S2)	2388	1791	qbtdIrezG??KNILSZOXCDGHADOZA@CFGHMRKPKRADHNZl@??[m@IO@EJSJQLSFIBG@AN[@EFIBENYR[HMJOTUPOhBaBLKJMJMIS?C?G@M??j@y@BCZi@LKH??L@H@Jg@r@QXCBa@j@KLKLMJiB`BQNUTKNILSZOXCDGHADOZA@CFGHMRKPKRADMVCFITEHCLKIGGEGGGQKMIm@YIAFu@HsA?IBe@@OEQMIK?a@NK@KEGKGOAS?C?WJo@@KPy@Py@H]@GLm@VqADSBKJw@@IAUCQIMICEAQHYTSRQRGDGFIBEA[EBc@J{AFeAF_A@[B[By@@WfATB_@C^gAUAVCx@Ev@G~@GdAKzACb@Gz@?FIfAGt@E`@Kz@EZEXG\Sz@Qv@Wx@Od@MXGNMXSd@EHGHMVHR@BBBHDJ?F?FC`B]r@On@OVGFAF?F?F?PD`@LH@l@XLHPJRAFAH?DCHCBGLW@EJSJQLSFIBG@AN[@EFIBENYR[HMJO	Click to Generate
S2	30	1			3	Singh's (S2)	Leaves (S2)	UBU (S2)	2375	1781	cwudIlevGFV@Ff@_@BCBGDM_EkEu@w@CFCFGJEDGDEBE@I@EAGAECEEGGEKIWE]?Q@QF[JWHIJGHCP@LBDDDHDNHZ@N@NAJAL?BETZ\XX~DjENNzA|At@x@@?l@p@pBvC??qBwCIJcAnAGF{@v@w@^k@^u@Ts@RYDYDg@HG??TBx@Bl@Fj@FX@HDRJ\`AzB`AtBJR@BLYRYBCDINUNY^q@BEzAqC`ByC|A}C^q@`AgB`AmBVo@Xw@L[d@y@@E@E?C@E?E?G?E?C?EAC?A?EAEAEAGCEAEEG[SmBkA_BcAsA}@UQGXS|@u@rBq@jAy@jAc@f@INCHOOELCFCBg@^AGGW	Click to Generate
S2	20	1			3	I Said Bread (S2)	74th Oak Street Scout Group (S2)	Carfield Primary School (S2)	1464	1098	o}sdIbp}Gw@FG?LxIS@u@@EEKmIVCEmCCsBAq@AKv@EJ~HF?zBO?FJtGnBKKsG?GjAKAk@@i@E_BCoBHnEAh@@j@kAJ?FJrGoBJKuG?GcAF	Click to Generate
S2	30	1			3	Sheffield Animal Centre (S2)	Highfield Motors (S2)	Diocese of Hallam Pastoral Centre (S2)	2679	2009	utzdIprvGOAGS?]@WMMe@[PmA@EF]Lq@\cAL]LFHF`AdAp@r@NFl@^d@^r@bAxFbGCn@Qd@_AhACDWb@Yz@a@`BOHK@k@EMBGFEFCPALAp@?JAHAHAHCBAFEHe@WmAo@AAKGyBmAqEiC[QOAM?KAKAQAM@SFURa@`@IHa@d@q@p@S\EDWVDNb@nBBHHd@XtAKXEGCEWZEMIQ??CFEJBHBPBR?p@Ib@_AbDXXRNDBZXJ^?^?RE~AbBPH@n@JHBZDEg@K_BAKASOmBm@sC_AaEYuAIe@CIc@oBEOK[BIBCPENEREp@q@`@e@HI`@a@TSHSL_@DGHQBGNM@CFQDQJc@He@l@cDHg@`@_CFc@Pu@^qAXZTPNLMp@G\ADQlAd@ZLLAV?\FRN@	Click to Generate
S2	20	1			3	East Bank Medical Centre (S2)	The Spires Centre (S2)	Springs Leisure Centre (S2)	1882	1412	e{tdIdxwGADERAXDVJTLFH@@`@B^BbAFrALCH?ZGNCb@Er@I`@G?YEqAC_@mANlAOHpB?XDAl@Ir@KI}@Gy@Em@AICe@C_@Ca@Cg@Ag@Ci@A]?_@AS?KAU?y@?q@?_A?e@@]@e@Bg@BW@]Dm@FaABi@Bc@D}@Bu@D}A@}@?G?Y?]?K?_@?]AQASCYF?FDP\N^WNQH?^?J?\?X?FA|@E|ACt@E|@Cb@Ch@G`AEl@A\CVCf@Ad@A\?d@?~@?N?`@?x@@T?J@R?^p@IJC~@Sx@ODE?G??Cu@UBe@nA_ARKBq@H@\Bh@@f@Bf@yARoBXOBQ@EWEQKKWCGDIHCF	Click to Generate
S2	30	1			3	Nether Edge Primary School (S2)	Broadfield Park (S2)	Virgin Crucible (S2)	2342	1756	{wtdIfkaHF[TkANq@`@_CFc@d@uE^aEL_BFi@BM?EBG@EN]DFDHDHBDFFBBJHRPRNDDNJ\T\XRPQr@CFAFUhAAJ[zAERMj@AD?B?B?D@B@BJFr@d@FDFDl@wCBONu@XwAQWIKKMKKKKMKSQ]Y]UOKEESOSQKICCGGCEEIEIEGKUISCKGMEMCKCMIi@ESESEOGSc@w@GGC[BEHENIPI`@QDC\MJCFCHCDAD?R?@NBJ@F?R@R?JEh@A^Ab@?@EpA?HAHCHAHAFIVEJCHKVKUISCKGMEMCKCMIi@ESESEOGSc@w@GGC[BEHENIPI`@QDC\MJCFCHCDAD?R?P?F?PBD?`@ENCSkCCYCUCOIQIWM]Zk@[j@L\HVHPBNBTVdDOBa@DE?KJIFCBIF?R@R?JEh@A^Ad@EpA?HAHCHAHAFIVEJCHKVO\ADCF?DCLGh@M~A_@`Ee@tEGb@a@~BOp@UjAGZ	Click to Generate
S2	30	1			3	Windy House Lane Pocket Park (S2)	UBU (S2)	Leaves (S2)	2455	1841	_~udIv`vGCyAI@EAGAECEEGGEKIWE]?Q@QF[JWHIJGHCP@LBDDDHDNHZ@N@NAJAL?BETt@v@~DjEELCFCBg@^AGGW??FV@Ff@_@BCBGDMNNzA|At@x@@?l@p@IJcAnAGF{@v@w@^k@^u@Ts@RYDYDg@HG??TBx@Bl@Fj@FX@HDRJ\`AzB`AtBJR@BLYRYBCDINUNY^q@BEzAqC`ByC|A}C^q@`AgB`AmBVo@Xw@L[d@y@@E@E?C@E?E?G?E?C?EAC?A?EAEAEAGCEAEEG[SmBkAGT]xAENa@jAq@|ASb@Q\_@r@q@z@pBvC??qBwCm@q@A?u@y@{A}AOO_EkEu@w@CFCFGJEDGDEBE@BxA	Click to Generate
S2	45	1			3	Gleadless Medical Centre (S2)	Pizza City (S2)	Arbourthorne Community Primary School (S2)	3283	2462	gbtdIp~yGh@iABCTe@f@aAP]h@eAHKLKBCTAF@JFHLHRDX@\?Z@RA\?H?J?L@H@Jg@r@QXCBa@j@KLKLMJiB`BQNUTKNILSZOXCDGHADOZA@CFGHMRKPKRADHNZl@??[m@IOMVCFITEHCLKIGGEGGGQKMIm@YIAFu@HsA?IBe@@OEQMIK?a@NK@KEGKGOAS?C?WJo@@KPy@Py@H]@GLm@VqADSBKJw@@IAUCQIMICEAQHYTSRQRGDGFIBEA[EBc@J{AFeAF_A@[B[By@@WBw@@m@Bo@@i@@g@@e@?G?M?O@c@G@MFa@Po@\aAj@a@VSLYPiBpAg@\e@\}@r@y@n@EBPbBJ|@D^Lr@Lp@BLFXDJJKHGFADDDJBFFFBAtAy@??uAx@C@GGCGEKEEG@IFKJFRJ\BDFNLZNRPZZ^LJJHRRNJh@b@h@\j@\TL^RSz@Qv@Wx@Od@MXGNMXSd@EHGHMVHR@BBBHDJ?F?FC`B]r@On@OVGFAF?F?F?PD`@LH@l@XLHPJRAFAH?DCHCBGLW@EJSJQLSFIBG@AN[@EFIBENYR[HMJOTUPOhBaBLKJMJM`@k@BCPYf@s@AKAI?M?K?I@]AS?[A]EYISIMKGGAU@CBMJIJi@dAQ\g@`AUd@CBi@hA	Click to Generate
S2	20	1			3	Wobbly Wheel Cyclery (S2)	Meersbrook Service Station (S2)	I Said Bread (S2)	2057	1543	oatdInh}GBrBDlCn@ED?F?v@GbAG?FJtGnBKKsG?GOqKCK@_@@WAIAIoGeAa@GDWEkAAOHmBN}@RyAFUJ]hB\~Bb@rBjFQDqDo@qEw@IlBFzAEV`@FZ`CFfCJ~HLxIS@u@@EEKmIVCEmCCsB	Click to Generate
S2	45	1			3	The Hardy Pick (S2)	Virgin Crucible (S2)	Boots (S2)	3743	2807	yltdIbq`HId@]UOKEESOSQKICCGGCEEIEIEGKUISCKGMEMCKCMIi@ESESEOGSc@w@GGC[BEHENIPI`@QDC\MJCFCHCDAD?R?P?F?PBD?`@ENCRGDCHGFGBCBEDEv@pBlAzCHPf@{@Se@GO_@}@JSV_@c@r@^|@FNRd@g@z@IQmA{Cw@qBEDCDCBGFIFEBSFSkCCYCUCOIQIWM]Zk@[j@L\HVHPBNBTVdDOBa@DE?KJIFCBIFEACACCCAAGGQCIEMAGEKEOISQk@]u@oAeDg@kAeAgCi@oAMc@Y_ACMCICCEIEGEGGEa@UaAm@kBiAmAs@MIIIGGIIGMEIOc@EKAKCME]K}@Gc@Ks@ASEc@Ce@T@B?H?XAFAF?REZ?b@Av@A\?V?J@H@D@B@JDHDHHTRTTX\PTPTZd@`@n@f@t@f@t@HLFFDHLNDFBBVXLLFDXPNJNHPLTH\Pd@PHBFBZLz@\\PJDNHFFJHNLFHFDHHZZl@d@X\dAhANPJJEJCFILCHEJKh@ITGXIA??AAAAEICEAEUg@BqAD@T^CjAEJ@DHN@@@@??H@FYAQDq@BKBQJS[]{@iAMQg@s@[[IIGEGIOMKIGGOIKEA\GnAKnCALCJEFYn@CD?DAD?B?D@D@DXj@fAzBLZFTDRF`@@^E@C@A?C@EBCDe@p@EDCDCBGFIFEBSFOBa@DE?KJIFCBIF?R@R?JEh@A^Ad@EpA?`A?f@?L?P?JBVRPRNDDNJ\THe@	Click to Generate
S2	20	1			3	International Automatic Cars (S2)	Casa Italia (S2)	Valley Road Garage (S2)	1542	1156	ahtdIh{~GyAhDk@vAPXVd@H@t@aBu@`BIACES_@QYEJWj@Yp@CTz@\\PJDNHFFJHNLFHFDHHZZPNZTELg@s@[[IIGEGIOMJ_@X_A^iAhA_DhCaGfAeCjBgElCmGEcBmBHuBvEuAbD_AvB]z@eC|F	Click to Generate
S2	30	1			3	Leaves (S2)	Windy House Lane Pocket Park (S2)	UBU (S2)	2605	1954	ududI|gvGQXVo@Xw@L[d@y@@E@E?C@E?E?G?E?C?EAC?A?EAEAEAGCEAEEG[SmBkAGT]xAENa@jAq@|ASb@Q\_@r@q@z@pBvC??qBwCm@q@A?u@y@{A}AOOELCFCBg@^AGGW??FV@Ff@_@BCBGDMNNzA|At@x@@?l@p@IJcAnAGF{@v@w@^k@^u@Ts@RYDYDg@HG??TBx@Bl@Fj@FX@HDRJ\`AzB`AtBJR@BLYRYBCDINUNY^q@BEzAqC`ByC|A}C^q@`AgB`AmBVo@Xw@L[d@y@Ra@DIJUHOJSJQ`@_AN]FSTw@DOP_ABONYJg@DUDUBE@CBAB?B?D?D@DD^|@Tn@N\Rl@Jd@@HAd@ATCNENENGVGTEPKRi@F_@DODM@{@FWTO@]BK@GBC@IDGBIHEDEDABCBuAbC	Click to Generate
S2	30	1			3	Best Pizza (S2)	Leaves (S2)	Windy House Lane Pocket Park (S2)	2152	1614	ivudI|cwGMTwAfCm@lA]p@k@bAkBjDe@z@CEEIk@mAj@lADHBDd@{@jBkDj@cA\q@N[\q@vAgCACKSaAuBaA{BK]ESAIGYGk@Cm@Cy@?UF?f@IXEXEr@St@Uj@_@v@_@z@w@FGbAoAHKpBvC??qBwCm@q@A?u@y@{A}AOOELCFCBg@^AGGW??FV@Ff@_@BCBGDMNNzA|At@x@@?l@p@IJcAnAGF{@v@w@^k@^u@Ts@RYDYDg@HG??TBx@Bl@Fj@FX@HDRJ\`AzB`AtBJR@BLU	Click to Generate
S2	20	1			3	Ideal Hairdresser (S2)	The Hardy Pick (S2)	Virgin Crucible (S2)	1525	1144	kjtdIxt`H??KKKKMKSQ]Y]UOKEESOAAQOKICCGGCEEIEIEGKUISCKGMEMCKCMIi@ESESEOGSc@w@GGC[BEHENIPI`@QDC\MJCFCHCDAD?R?P?F?PBD?`@ENCRGDCHGFGBCBEDEv@pBlAzCHPf@{@Se@GO_@}@JSV_@c@r@^|@FNRd@g@z@IQmA{Cw@qBEDCDCBGFIFEBSFSkCCYCUCOIQIWM]Zk@[j@L\HVHPBNBTVdDOBa@DE?KJIFCBIF?R@R?JEh@A^Ad@EpA?`A?f@?L?P?JBVRPRNDDNJ\T\XRPLJJJJJ??	Click to Generate
S2	15	1			3	The Bhaji Shack (S2)	Boots (S2)	Meersbrook Park Church (S2)	1148	861	gftdIdm_H@@ELg@s@[[IIGEGIOMKIGGOIKEA\GnALBMCFoA@]@?HDNHFFJHNLFHFDHHZZl@d@X\dAhANPJJEJCFILCHEJKh@ITGXIA??AAAAEICEAEUg@BqAD@T^CjAEJ@DHN@@@@??H@FYAQDq@BKBQJSNMJJPRPTRZ@BBDDHN^LZZ`A[k@KQIQOUOWWa@EGW[QQ[]{@iAMQGRENAD?DAHAJAt@AP?R_AKECCC?C?CLaC@Y?G@IDUDQZZj@b@	Click to Generate
S2	45	1			3	Pizza City (S2)	Newfield Green Dental Surgery (S2)	Momma Katz (S2)	3524	2643	uxtdIvtyGuAx@C@GGCGEKEEG@IFKJEKGYCMMq@Ms@E_@K}@QcBDCx@o@|@s@d@]f@]hBqAXQRM`@W`Ak@n@]`@QLGFAAb@?N?L?FAd@Af@Ah@Cn@Al@Cv@AVCx@CZAZG~@GdAKzACb@Gz@?FIfAGt@E`@Kz@EZEXG\Sz@Qv@Wx@Od@MXGNMXSd@EHGHMVHR@BBBHDJ?F?FC`B]r@On@OVGFAF?F?F?PD`@LH@l@XLHPJRAD?@AH?DCHCBGLW@EJSJQLSFIBG@AN[@EFIBENYR[HMJOTUPOhBaBLKJMJM`@k@BCPYf@s@AKAI?M?K?I@]AS?[A]EYISIMKGGAU@CBMJIJi@dAQ\g@`AUd@CBcAvBA?dAwBBCTe@f@aAP]h@eAHKLKBCTAF@JFHLHRDX@\?Z@RA\?H?J?L@H@Jg@r@QXCBa@j@KLKLMJiB`BQNUTKNILSZOXCDGHADOZA@CFGHMRKPKRADMVCFITEHCLKIGGEGGGQKMIm@YIAFu@HsA?IBe@@OEQMIK?a@NK@KEGKGOAS?C?WJo@@KPy@Py@H]@GLm@VqADSBKJw@@IAUCQIMICEAQHYTSRQRGDGFIBEA[EGz@?FIfAGt@E`@Kz@EZEXG\_@SUMk@]i@]i@c@OKSSKIMK[_@Q[OSM[GOCEK]GSJKHGFADDDJBFFFBAtAy@	Click to Generate
S2	20	1			3	East Bank Medical Centre (S2)	The Spires Centre (S2)	Springs Leisure Centre (S2)	1882	1412	}ztdIxwwGCBELERAXDVJTLFH@@`@B^BbAFrALCH?ZGNCb@Er@I`@G?YEqAC_@mANlAOHpB?XDAl@Ir@KI}@Gy@Em@AICe@C_@Ca@Cg@Ag@Ci@A]?_@AS?KAU?y@?q@?_A?e@@]@e@Bg@BW@]Dm@FaABi@Bc@D}@Bu@D}A@}@?G?Y?]?K?_@?]AQASCYF?FDP\N^WNQH?^?J?\?X?FA|@E|ACt@E|@Cb@Ch@G`AEl@A\CVCf@Ad@A\?d@?~@?N?`@?x@@T?J@R?^p@IJC~@Sx@ODE?G??Cu@UBe@nA_ARKBq@H@\Bh@@f@Bf@yARoBXOBQ@EWEQKKWCGDED	Click to Generate
S2	60	1			3	St Swithun (S2)	No.1 Chinese Takeaway (S2)	Windy House Lane Pocket Park (S2)	4617	3463	gnvdIphuG]n@Yo@Zq@Zq@Qa@CCCG\w@f@iABG?ABOTL`DvAHB@IBGBEDAF@BB@BBF@F?FAFADFDb@Vl@`@^XLLHJTb@Ph@Jj@FpAD~BL`E?RP@LBDDDHDNHZ@N@NAJAL?BETCFCFGJEDGDEBE@I@EAGAECEEGGEKIWE]a@JcB^_ATYHJkDd@oCBKeBkBaAeAEEGIGLKJEDMFa@@S@UBUH}@f@k@d@MJa@\e@n@i@t@OTaAlBe@z@e@x@SLUHQ?SEOGOGWOECeCwAiBcAa@a@U[S]GI~@mB\q@Vg@Cm@LWP_@ZHFM\o@NYv@{A`BkDfB_DFIHOb@}@NWx@{AFOBEDGTe@jAaCnA}BpAmCNWN[Zk@dCQb@E`@?T?V@D@dAVx@d@f@\DDLLVZT^`@r@Xl@Xr@Nh@Hd@H^Hb@Fh@Fl@BN?HDp@\xDVpC?JDf@Hz@J`AFf@Jf@Jh@^rABJFRZt@\r@FJb@j@b@d@lAx@Ob@GXS|@u@rBq@jAy@jAc@f@INCHOOELCFCBg@^AGGW??FV@Ff@_@BCBGDM_EkEu@w@CFCFGJEDGDEBE@I@EAGAECEEGGEKIWE]?Q@QF[JWHIJGHC?SMaEE_CGqAKk@Qi@Uc@IKMM_@Ym@a@c@WGEAFEBC@E?ECCCCG?I?IICaDwAUMCN?@CFg@hA]v@BFBBP`@[p@[p@Xn@\o@	Click to Generate
S2	20	1			3	Jaan Kebab House (S2)	The Hardy Pick (S2)	Virgin Crucible (S2)	1516	1137	qjtdIrt`HEEKKMKSQ]Y]UOKEESOGGKIKICCGGCEEIEIEGKUISCKGMEMCKCMIi@ESESEOGSc@w@GGC[BEHENIPI`@QDC\MJCFCHCDAD?R?P?F?PBD?`@ENCRGDCHGFGBCBEDEv@pBlAzCHPf@{@Se@GO_@}@JSV_@c@r@^|@FNRd@g@z@IQmA{Cw@qBEDCDCBGFIFEBSFSkCCYCUCOIQIWM]Zk@[j@L\HVHPBNBTVdDOBa@DE?KJIFCBIF?R@R?JEh@A^Ad@EpA?`A?f@?L?P?JBVRPRNDDNJ\T\XRPLJJJDD	Click to Generate
S2	20	1			3	Leaves (S2)	Windy House Lane Pocket Park (S2)	UBU (S2)	1867	1400	geudIzhvG?CVo@Xw@L[d@y@@E@E?C@E?E?G?E?C?EAC?A?EAEAEAGCEAEEG[SmBkAGT]xAENa@jAq@|ASb@Q\_@r@q@z@pBvC??qBwCm@q@A?u@y@{A}AOOELCFCBg@^AGGW??FV@Ff@_@BCBGDMNNzA|At@x@@?l@p@IJcAnAGF{@v@w@^k@^u@Ts@RYDYDg@HG??TBx@Bl@Fj@FX@HDRJ\`AzB`AtBJR@BLYRYBCDINUNY^q@BEzAqC`ByC|A}C^q@`AgB`AiB	Click to Generate
S2	30	1			3	Nether Edge Primary School (S2)	Broadfield Park (S2)	Virgin Crucible (S2)	2491	1868	_ztdIfqaHDQBKL_@J]BKFWPw@Hc@TkANq@`@_CFc@d@uE^aEL_BFi@BM?EBG@EN]DFDHDHBDFFBBJHRPRNDDNJ\T\XRPQr@CFAFUhAAJ[zAERMj@AD?B?B?D@B@BJFr@d@FDFDl@wCBONu@XwAQWIKKMKKKKMKSQ]Y]UOKEESOSQKICCGGCEEIEIEGKUISCKGMEMCKCMIi@ESESEOGSc@w@GGC[BEHENIPI`@QDC\MJCFCHCDAD?R?@NBJ@F?R@R?JEh@A^Ab@?@EpA?HAHCHAHAFIVEJCHKVKUISCKGMEMCKCMIi@ESESEOGSc@w@GGC[BEHENIPI`@QDC\MJCFCHCDAD?R?P?F?PBD?`@ENCSkCCYCUCOIQIWM]Zk@[j@L\HVHPBNBTVdDOBa@DE?KJIFCBIF?R@R?JEh@A^Ad@EpA?HAHCHAHAFIVEJCHKVO\ADCF?DCLGh@M~A_@`Ee@tEGb@a@~BOp@UjAIb@Qv@GVCJK\M^CJEP	Click to Generate
S2	30	1			3	Alberts (S2)	Sheffield Inclusion Centre (S2)	Leaves (S2)	2749	2062	mzudIljwG\q@vAgCLYRYBCDINUNY@DBDFPXf@?JKRE@Ym@ESCGACOTEHCBSX?BMTwAfCm@lA]p@BFBFj@lAVj@d@`ATf@Tf@@Bl@rAb@~@FL`@~@b@hARl@?BN`@UTu@t@qBjBw@v@eAbAcA~@I[Ke@GUw@_DCGIUOEIAGA?S?O?KCQKc@e@{AIUCGMc@EQCE?EAGAG?CAI?I@I?I@E@CDIDKDEb@w@HKd@{@jBkDj@cA\q@l@mAvAgCACKSaAuBaA{BK]ESAIGYGk@Cm@Cy@?UF?f@IXEXEr@St@Uj@_@v@_@z@w@FGbAoAHKpBvC??qBwCIJcAnAGF{@v@w@^k@^u@Ts@RYDYDg@HG??TBx@Bl@Fj@FX@HDRJ\`AzB`AtBJR@BwAfC]p@	Click to Generate
S2	45	1			3	Boots (S2)	Virgin Crucible (S2)	Meersbrook Park Church (S2)	3132	2349	citdInn_HBU@Y?G@IDUDQZZl@d@X\dAhANPJJEJCFILCHEJKh@ITGXIA??AAAAEICEAEUg@BqAD@T^CjAEJ@DHN@@@@??H@FYAQDq@BKBQJS[]{@iAMQg@s@[[IIGEGIOMKIGGOIKEA\GnAKnCALCJEFYn@CD?DAD?B?D@D@DXj@fAzBLZFTDRF`@@^E@C@A?C@EBCDe@p@EDCDCBGFIFEBSFSkCCYCUCOIQIWM]Zk@[j@L\HVHPBNBTVdDOBa@DE?KJIFCBIFEACACCCAAGGQCIEMAGEKEOISQk@]u@oAeDg@kAeAgCi@oAMc@Y_ACMCICCEIEGEGGEa@UaAm@kBiAmAs@MIIIGGIIGMEIOc@EKAKCME]K}@Gc@Ks@ASEc@Ce@T@B?H?XAFAF?REZ?b@Av@A\?V?J@H@D@B@JDHDHHTRTTX\PTPTZd@`@n@f@t@f@t@HLFFDHLNDFBBVXLLFDXPNJNHPLTH\Pd@PHBFBZLz@\\PJDNHFFJHNLFHFDHHZZl@d@X\dAhANPJJPRPTRZ@BBDDHN^LZZ`A[k@KQIQOUOWWa@EGW[QQ[]{@iAMQGRENAD?DAHAJAt@AP?R_AKECCC?C?CHkB	Click to Generate
S2	30	1			3	The Hardy Pick (S2)	Another Level (S2)	Meersbrook Park Church (S2)	2851	2138	ydtdInu_HDH@@@@??H@FYAQDq@BKBQJS[]{@iAMQg@s@[[IIGEGIOMKIGGOIKEA\GnAKnCALCJEFYn@CD?DAD?B?D@D@DXj@fAzBLZFTDRF`@@^E@C@A?C@EBCDe@p@v@pBlAzCHPf@{@Se@GO_@}@JSV_@c@r@^|@FNRd@g@z@IQmA{Cw@qBEDCDCBGFIFEBSFOBa@DE?KJIFCBIFEACACCCAAGGQCIEMAGEKEOISQk@]u@oAeDg@kAeAgCi@oAMc@Y_ACMCICCEIEGEGGEa@UaAm@kBiAmAs@MIIIGGIIGMEIOc@EKAKCME]K}@Gc@Ks@ASEc@Ce@T@B?H?XAFAF?REZ?b@Av@A\?V?J@H@D@B@JDHDHHTRTTX\PTPTZd@`@n@f@t@f@t@HLFFDHLNDFBBVXLLFDXPNJNHPLTH\Pd@PHBFBZLz@\\PJDNHFFJHNLFHFDHHZZj@b@@@X\dAhANPJJPRPTRZ@BBDDHN^LZZ`A[k@KQIQOUOWWa@EGW[ILCHEJKh@ITGXIA??AAAAEI	Click to Generate
S2	20	1			3	Curry Master (S2)	Broadfield Park (S2)	Virgin Crucible (S2)	1969	1477	qptdI~p`HDi@JHRPRNDDNJ\T\XRPQr@CFAFWtA[zAERMj@AD?B?B?D@B@BJFr@d@FDFDl@wCBONu@XwAQWIKKMKK??KKMKSQ]Y]UOKEESOSQKICCGGCEEIEIEGKUISCKGMEMCKCMIi@ESESEOGSc@w@GGC[BEHENIPI`@QDC\MJCFCHCDAD?R?@NBJ@F?R@R?JEh@A^Ab@?@EpA?HAHCHAHAFIVEJCHKVKUISCKGMEMCKCMIi@ESESEOGSc@w@GGC[BEHENIPI`@QDC\MJCFCHCDAD?R?P?F?PBD?`@ENCSkCCYCUCOIQIWM]Zk@[j@L\HVHPBNBTVdDOBa@DE?KJIFCBIF?R@R?JEh@A^Ad@EpA?`A?f@?L?P?JBVRPRNDDNJ\TPcA@I`@wB@GAFa@vBAHQbA]UOKEESOSQKIEh@	Click to Generate
S2	20	1			3	Tuck News (S2)	Virgin Crucible (S2)	The Hardy Pick (S2)	1565	1174	}otdI|g`H?@EpA?`A?f@?L?P?JBVRPRN@@BBNJ\TPcA@I`@wB@GAFa@vBAHQbA]UOKEESOSQKICCGGCEEIEIEGKUISCKGMEMCKCMIi@ESESEOGSc@w@GGC[BEHENIPI`@QDC\MJCFCHCDAD?R?P?F?PBD?`@ENCWeDCUCOIQIWM]Zk@[j@L\HVHPBNBTBXRjCRGDCHGFGBCBEDEv@pBlAzCHPf@{@Se@GO_@}@JSV_@c@r@^|@FNRd@g@z@IQmA{Cw@qBEDCDCBGFIFEBSFOBa@DE?KJIFCBIF?R@R?JEh@A^Ab@	Click to Generate
S2	30	1			3	Caribbean Fusion (S2)	Leaves (S2)	Windy House Lane Pocket Park (S2)	2262	1696	_tudIp`wGKNOXOTEHCBSXMXwAfCm@lA]p@k@bAkBjDe@z@CEEIk@mAj@lADHBDd@{@jBkDj@cA\q@l@mAHOlAwBACKSaAuBaA{BK]ESAIGYGk@Cm@Cy@?UF?f@IXEXEr@St@Uj@_@v@_@z@w@FGbAoAHKpBvC??qBwCm@q@A?u@y@{A}AOOELCFCBg@^AGGW??FV@Ff@_@BCBGDMNNzA|At@x@@?l@p@IJcAnAGF{@v@w@^k@^u@Ts@RYDYDg@HG??TBx@Bl@Fj@FX@HDRJ\`AzB`AtBJR@BLYRYBCDINUNYJO	Click to Generate
S2	45	1			3	Virgin Crucible (S2)	The Hardy Pick (S2)	Boots (S2)	3656	2742	sntdIbq`HCASOSQKICCGGCEEIEIEGKUISCKGMEMCKCMIi@ESESEOGSc@w@GGC[BEHENIPI`@QDC\MJCFCHCDAD?R?P?F?PBD?`@ENCWeDCUCOIQIWM]Zk@[j@L\HVHPBNBTBXRjCRGDCHGFGBCBEDEv@pBlAzCHPf@{@Se@GO_@}@JSV_@c@r@^|@FNRd@g@z@IQmA{Cw@qBEDCDCBGFIFEBSFOBa@DE?KJIFCBIFEACACCCAAGGQCIEMAGEKEOISQk@]u@oAeDg@kAeAgCi@oAMc@Y_ACMCICCEIEGEGGEa@UaAm@kBiAmAs@MIIIGGIIGMEIOc@EKAKCME]K}@Gc@Ks@ASEc@Ce@T@B?H?XAFAF?REZ?b@Av@A\?V?J@H@D@B@JDHDHHTRTTX\PTPTZd@`@n@f@t@f@t@HLFFDHLNDFBBVXLLFDXPNJNHPLTH\Pd@PHBFBZLz@\\PJDNHFFJHNLFHFDHHZZl@d@X\dAhANPJJEJCFILCHEJKh@ITGXIA??AAAAEICEAEUg@BqAD@T^CjAEJ@DHN@@@@??H@FYAQDq@BKBQJS[]{@iAMQg@s@[[IIGEGIOMKIGGOIKEA\GnAKnCALCJEFYn@CD?DAD?B?D@D@DXj@fAzBLZFTDRF`@@^E@C@A?C@EBCDe@p@EDCDCBGFIFEBSFOBa@DE?KJIFCBIF?R@R?JEh@A^Ad@EpA?`A?f@?L?P?JBVRPRNB@	Click to Generate
S2	60	1			3	Pentagon Jeep (S2)	Makro (S2)	Sheffield Animal Centre (S2)	4426	3320	egydItavGK^Wt@R\^gANg@Ru@Nm@Lg@b@aBJe@Rs@f@f@XRTPn@f@k@pCGVg@zB@ZVb@XRTPNLFFTR_@hBOr@Ns@^iBUSGGOMUQYSWc@A[f@{Br@iDo@g@UQYSg@g@Sr@Kd@c@`BMf@Ol@St@Of@_@fAa@z@u@`BUf@INmAfBOTkAvAUg@O[CISc@Sa@Sa@Q_@??m@bAu@tAVZNPDFV\TXX\RVELGJy@fB]`AK\g@dBSz@UhACPQjAKx@QvAIt@Kr@CNe@xBUa@QYOQCCu@e@OIq@_@k@Wm@]_@Sc@WcAk@_@Sm@]ECKEe@WmAo@AAKGyBmAqEiC[Q[SEGGGKMEKAI?KNM@CFQDQJc@He@l@cDHg@`@_CFc@Pu@^qAXZTPNL\cAL]LFHF`AdAp@r@NFl@^d@^r@bAxFbGCn@Qd@_AhACDWb@Yz@a@`BvAv@f@X|@f@DH@PKn@a@vCj@Vp@^NHt@d@BBNPPXT`@d@yBBOJs@Hu@PwAJy@PkABQTiAR{@f@eBJ]\aAx@gBFKDMt@_AZg@jAwANUlAgBHOTg@t@aB`@{@S]Vu@J_@	Click to Generate
S2	45	1			3	Windy House Lane Pocket Park (S2)	Archdale School (S2)	UBU (S2)	3654	2740	_~udIz_vGC}@I@EAGAECEEGGEKIWE]?Q@QF[JWHIJGHCP@LBDDDHDNHZ@N@NAJAL?BETt@v@~DjEELCFCBg@^AGGW??FV@Ff@_@BCBGDM_EkEu@w@CFCFGJEDGDEBE@I@EAGAECEEGGEKIWE]?Q@QF[JWHIJGHC?SMaEE_CGqAKk@Qi@Uc@IKMM_@Ym@a@c@WGEAFEBC@E?ECCCCG?I?IICaDwAUMCN?@CFg@hA]v@BFBBP`@[p@[p@Xn@\o@??]n@Yo@Zq@Zq@Qa@CCCG\w@f@iABG?ABOTL`DvAHB@IBGBEDAF@BB@BBF@F?FAFADFDb@Vl@`@^XLLHJTb@Ph@Jj@FpAD~BL`E?RP@LBDDDHDNHZ@N@NAJAL?BETCFCFGJEDGDEBE@VnJBrADxAH|C@N?TBx@Bl@Fj@FX@HDRJ\`AzB`AtBJR@BLYRYBCDINUNY^q@BEzAqC`ByC|A}C^q@`AgB`AmBVo@Xw@L[d@y@@E@E?C@E?E?G?E?C?EAC?A?EAEAEAGCEAEEG[SmBkA_BcAsA}@UQoA_Ae@g@EIY]MLKHQB]?QKSSQPyA|AABe@f@w@v@Y\AJAL?BETCFCFGJEDGDEBE@B|@	Click to Generate
S2	20	1			3	Boots (S2)	Alam Hill Books (S2)	Meersbrook Park Church (S2)	1774	1330	gitdInh_HELK^NLFHFDHHZZl@d@X\dAhANPJJEJCFILCHEJKh@ITGXIA??AAAAEICEAEUg@BqAD@T^CjAEJ@DHN@@@@??H@FYAQDq@BKBQJS[]{@iAMQg@s@[[IIGEGIOMKIGGOIKE]Q{@]BUXq@Vk@DKj@wAxAiDdC}FHLpAvBiC`GiA~C_@hAY~@K^NLFHFDHHZZl@d@X\dAhANPJJPRPTRZ@BBDDHN^LZZ`A[k@KQIQOUOWWa@EGW[QQ[]{@iAMQg@s@[[IIGEGIOMJ_@DM	Click to Generate
S2	20	1			3	Wobbly Wheel Cyclery (S2)	74th Oak Street Scout Group (S2)	I Said Bread (S2)	1450	1088	uusdIni}GD~AAh@@j@kAJ?FJrGoBJKuG?GcAFw@FG?E?o@DEmCCsBAq@AKv@EJ~HLxIS@u@@EEKmIVCn@ED?F?zBO?FJtGnBKKsG?GjAKAk@@i@E_B	Click to Generate
S2	45	1			3	Bronze & Polished (S2)	Sheffield Inclusion Centre (S2)	Leaves (S2)	3057	2293	eyudIjhwGlAwBLYRYBCDINUNYJORa@~AwC`ByC|A}C@DHNf@bALZBFPh@Lb@?BH\Jt@Hv@Dh@@JIJMRQ^]r@m@nA@TPvBNjCHhBFjAD|ADlAB~@G?I@MHo@l@k@h@k@h@gAdAa@^WTUTu@t@qBjBw@v@eAbAcA~@I[Ke@GUw@_DCGIUOEIAGA?S?O?KCQKc@e@{AIUCGMc@EQCE?EAGAG?CAI?I@I?I@E@CDIDKDEb@w@HKd@{@jBkDj@cA\q@l@mAvAgCACKSaAuBaA{BK]ESAIGYGk@Cm@Cy@?UF?f@IXEXEr@St@Uj@_@v@_@z@w@FGbAoAHKpBvC??qBwCIJcAnAGF{@v@w@^k@^u@Ts@RYDYDg@HG??TBx@Bl@Fj@FX@HDRJ\`AzB`AtBJR@BmAvB	Click to Generate
S2	15	1			3	International Automatic Cars (S2)	Boots (S2)	Meersbrook Park Church (S2)	1437	1078	agtdIpl_HZTELg@s@[[IIGEGIOMKIGGOIKE]Q{@]BUXq@Vk@DKPXVd@H@t@aBu@`BIACES_@QYEJWj@Yp@CTz@\\PJDNHFFJHNLFHFDHHZZl@d@X\dAhANPJJEJCFILCHEJKh@ITGXIA??AAAAEICEAEUg@BqAD@T^CjAEJ@DHN@@@@??H@FYAQDq@BKBQJSNMJJPRPTRZ@BBDDHN^LZZ`A[k@KQIQOUOWWa@EGW[QQ[]{@iAMQGRENAD?DAHAJAt@AP?R_AKECCC?C?CLaC@Y?G@IDUDQZZPN	Click to Generate
S2	45	1			3	Gleadless Medical Centre (S2)	Pizza City (S2)	Arbourthorne Community Primary School (S2)	3293	2470	mbtdI|~yGn@uABCTe@f@aAP]h@eAHKLKBCTAF@JFHLHRDX@\?Z@RA\?H?J?L@H@Jg@r@QXCBa@j@KLKLMJiB`BQNUTKNILSZOXCDGHADOZA@CFGHMRKPKRADHNZl@??[m@IOMVCFITEHCLKIGGEGGGQKMIm@YIAFu@HsA?IBe@@OEQMIK?a@NK@KEGKGOAS?C?WJo@@KPy@Py@H]@GLm@VqADSBKJw@@IAUCQIMICEAQHYTSRQRGDGFIBEA[EBc@J{AFeAF_A@[B[By@@WBw@@m@Bo@@i@@g@@e@?G?M?O@c@G@MFa@Po@\aAj@a@VSLYPiBpAg@\e@\}@r@y@n@EBPbBJ|@D^Lr@Lp@BLFXDJJKHGFADDDJBFFFBAtAy@??uAx@C@GGCGEKEEG@IFKJFRJ\BDFNLZNRPZZ^LJJHRRNJh@b@h@\j@\TL^RSz@Qv@Wx@Od@MXGNMXSd@EHGHMVHR@BBBHDJ?F?FC`B]r@On@OVGFAF?F?F?PD`@LH@l@XLHPJRAFAH?DCHCBGLW@EJSJQLSFIBG@AN[@EFIBENYR[HMJOTUPOhBaBLKJMJM`@k@BCPYf@s@AKAI?M?K?I@]AS?[A]EYISIMKGGAU@CBMJIJi@dAQ\g@`AUd@CBo@tA	Click to Generate
S2	60	1			3	Kathy's Tea Room (S2)	Manor Fields (S2)	Temple Park Centre (S2)	4548	3411	uiwdIfuvGWGaAOq@a@QSUe@KOa@n@mBxCoAyCoAyCZi@IOR_@F[?SA[COCSCINWl@bBaA|A[h@nAxCnAxCKRs@jAh@bA^Vd@@BCJIRQlApChAjCd@fAYzCI~@Id@GPcAv@LjCDt@HlBLpAFb@`BaAr@g@f@YvByAd@[j@a@b@[tByAkAiHg@sCNc@`BiAdD}B??RAl@FV\R~@BNjA`HqBxAuBzAyB|AuBxAc@Zk@`@e@ZwBxAg@Xs@f@aB`AGc@MqAImBEu@MkCbAw@FQHe@H_AX{Ce@gAiAkCmAqCSPKHCBe@A_@Wi@cAr@kAJSoAyCoAyCZi@`A}Am@cBs@aBsAkCEDK@GCGICMAM@M@GDIFEFAHBDHx@gAZc@TSVMRGF?ARGV?p@?I?g@FW@SG?SFWLUR[b@y@fADJ@L?FCLEJrAjCr@`Bl@bBJSh@{@NUHEHAL?jBb@jA`@OvB]bB_@|@JNTd@PRp@`@`ANVF	Click to Generate
S2	45	1			3	Meersbrook Service Station (S2)	74th Oak Street Scout Group (S2)	Wobbly Wheel Cyclery (S2)	3223	2417	{itdIbe|GAAEAg@WUGSCQ?E@C@GBIDULCHqCvIW~@Of@K^ERADK`@GPI^A@IVCHCFKR[f@LPDFBDF@D@PDPDz@RB?`AT@?TFPB`AVl@NzBf@n@NB?^HNDZ@PGNQh@s@Tg@DWEkAAOHmBN}@RyAFUJ]hB\~Bb@rBjFQDqDo@qEw@IlBFzAEV`@FZ`CFfCw@D@J@p@BrBDlCn@ED?F?v@GbAG?FJtGnBKKsG?GOqKCK@_@@WAIAIoGeAa@GUf@i@r@OPQF[AOE_@IC?o@O{Bg@m@OaAWQCUGA?aAUC?{@SQEQEEAGACEEGMQZg@JSBGBIHW@AH_@FQJa@@EDSJ_@Ng@V_ApCwIBITMHEFCBADAP?RBTFf@VD@@@	Click to Generate
S2	20	1			3	Boots (S2)	Meersbrook Park Church (S2)	Alam Hill Books (S2)	1457	1093	sgtdI`l_Hl@d@X\dAhANPJJEJCFILCHEJKh@ITGXIA??AAAAEICEAEUg@BqAD@T^CjAEJ@DHN@@@@??H@FYAQDq@BKBQJSNMJJPRPTRZ@BBDDHN^LZZ`A[k@KQIQOUOWWa@EGW[QQ[]{@iAMQg@s@[[IIGEGIOMKIGGOIKE]Q{@]BUXq@Vk@DKj@wAxAiDdC}FHLpAvBiC`GiA~C_@hAY~@K^NLFHFDHHZZ??	Click to Generate
S2	60	1			3	Substantial Victorian houses in Norfolk Road (S2)	Path up to the Cholera Monument, Sheffield (S2)	Sheffield Inclusion Centre (S2)	6221	4666	oexdIn}{GkAmBFMn@}Ad@gAGKw@oAv@nAFJuAdDGLwA`DFLHJf@f@RPz@x@tAtABB~@~@DBb@b@FK@CDEDCFAfAQt@M@ABA@C@C@C?C@GCa@c@Fb@GB`@AF?BABABABC@A@}B^G@EBEDABGJc@c@EC_A_ACCuAuA{@y@SQg@g@IKGMCECICImAqEWcAW}@Su@EQCKEKQu@y@}CMi@Kc@HIHKNO`AeANS`AeANSDEFE`@e@dCgDLSXe@JSP_@h@yAzAqEJWhHaTBKBITo@b@sAf@sAL]P]b@}@`@u@d@s@DGFINOTUZ]fBeBRS^]BADEFG~BuBrFgFDEFEzCuCv@u@|@_ARQDEDEx@u@^]nAqA\m@~@cBf@aA^m@`@u@h@_AFMDIP[HMDIDKDEb@w@HKd@{@jBkDj@cABFBFj@lAVj@d@`ATf@Tf@@Bl@rAb@~@FL`@~@b@hARl@?BN`@UTu@t@qBjBw@v@eAbAcA~@I[Ke@GUw@_DCGIUOEIAGA?S?O?KCQKc@e@{AIUCGMc@KKGGIGCCEAK?i@~@a@t@_@l@g@`A_AbB]l@oApA_@\y@t@EDEDSP}@~@w@t@{CtCGDEDsFfF_CtBGFEDC@_@\SRgBdB[\UTAj@?JGnCE|BEtBKtFKxFAPCfAAx@An@Aj@U@C@A@CDgElMiBjEKVYn@ABm@vAmCjGCDuA|CuAdDGLjAlB	Click to Generate
S2	60	1			3	Hillside below the Cholera Monument (S2)	Substantial Victorian houses in Norfolk Road (S2)	Sheffield Inclusion Centre (S2)	5927	4445	k}wdIzs{GiAoBEGGCC?CAI?G@I@E?CAQUCDuA|CuAdDGLwA`DFLHJf@f@RPz@x@tAtABB~@~@DBb@b@FK@CDEDCFA|B_@@ABA@C@C@C?C@GCa@c@F??b@GB`@AF?BABABABC@A@}B^G@EBEDABGJc@c@EC_A_ACCuAuA{@y@SQg@g@IKGMvAaDFMn@}Ad@gAtA}CBElCkGl@wA@CXo@JWhBkEfEmMBE@ABATA@k@@o@@y@BgA@QJyFJuFDuBD}BFoC?K@k@TUZ]fBeBRS^]BADEFG~BuBrFgFDEFEzCuCv@u@|@_ARQDEDEx@u@^]nAqA\m@~@cBf@aA^m@`@u@h@_AFMDIP[HMDIDKDEb@w@HKd@{@jBkDj@cABFBFj@lAVj@d@`ATf@Tf@@Bl@rAb@~@FL`@~@b@hARl@?BN`@UTu@t@qBjBw@v@eAbAcA~@I[Ke@GUw@_DCGIUOEIAGA?S?O?KCQKc@e@{AIUCGMc@KKGGIGCCEAK?i@~@a@t@_@l@g@`A_AbB]l@oApA_@\y@t@EDEDSP}@~@w@t@{CtCGDEDsFfF_CtBGFEDC@_@\SRgBdB[\UTAj@?JGnCE|BEtBKtFKxFAPCfAAx@An@Aj@U@C@A@CDgElMiBjEKVYn@ABm@vAmCjGPTB@D?HAFAH?B@B?FBDFhAnB	Click to Generate
S2	20	1			3	Leaves (S2)	Windy House Lane Pocket Park (S2)	UBU (S2)	1867	1400	qfudI~jvGh@gAVo@Xw@L[d@y@@E@E?C@E?E?G?E?C?EAC?A?EAEAEAGCEAEEG[SmBkAGT]xAENa@jAq@|ASb@Q\_@r@q@z@pBvC??qBwCm@q@A?u@y@{A}AOOELCFCBg@^AGGW??FV@Ff@_@BCBGDMNNzA|At@x@@?l@p@IJcAnAGF{@v@w@^k@^u@Ts@RYDYDg@HG??TBx@Bl@Fj@FX@HDRJ\`AzB`AtBJR@BLYRYBCDINUNY^q@BEzAqC`ByC|A}C^q@`AgBVe@	Click to Generate
S2	30	1			3	Best Pizza (S2)	Leaves (S2)	Windy House Lane Pocket Park (S2)	2315	1736	etudIjcwGIOESCGACOTEHCBSXMXwAfCm@lA]p@k@bAkBjDe@z@CEEIk@mAj@lADHBDd@{@jBkDj@cA\q@N[\q@vAgCACKSaAuBaA{BK]ESAIGYGk@Cm@Cy@?UF?f@IXEXEr@St@Uj@_@v@_@z@w@FGbAoAHKpBvC??qBwCm@q@A?u@y@{A}AOOELCFCBg@^AGGW??FV@Ff@_@BCBGDMNNzA|At@x@@?l@p@IJcAnAGF{@v@w@^k@^u@Ts@RYDYDg@HG??TBx@Bl@Fj@FX@HDRJ\`AzB`AtBJR@BLYRYBCDINUNY@DBDFPXf@?JKRE@O]	Click to Generate
S2	20	1			3	Broadfield Hotel (S2)	Broadfield Park (S2)	The Hardy Pick (S2)	1671	1253	wjtdIlt`H??KKMKSQ]Y]UOKEESOSQKIEh@??Di@CCGGCEEIEIEGKUISCKGMEMCKCMIi@ESESEOGSc@w@GGC[BEHENIPI`@QDC\MJCFCHCDAD?R?@NBJ@F?R@R?JEh@A^Ab@?@EpA?HAHCHAHAFIVEJCHKVKUISCKGMEMCKCMIi@ESESEOGSc@w@GGC[BEHENIPI`@QDC\MJCFCHCDAD?R?P?F?PBD?`@ENCRGDCHGFGBCBEDEv@pBlAzCHPf@{@Se@GO_@}@JSV_@c@r@^|@FNRd@g@z@IQmA{Cw@qBEDCDCBGFIFEBSFOBa@DE?KJIFCBIF?R@R?JEh@A^Ad@EpA?`A?f@?L?P?JBVRPRNDDNJ\T\XRPLJJJ??	Click to Generate
S2	30	1			3	Meersbrook Park Church (S2)	Porcelanosa (S2)	Virgin Crucible (S2)	2786	2090	mbtdIty_Hi@iAEIACE]FYAQDq@BKBQJSNMJJPRPTRZ@BBDDHN^LZZ`A[k@KQIQOUOWWa@EGW[QQ[]{@iAMQGRENADECUK_@QGC@Y?G@IDUDQIIGEGIOMKIGGOIKEA\GnAKnCALCJEFYn@CD?DAD?B?D@D@DXj@fAzBLZFTDRF`@@^E@C@A?C@EBCDe@p@EDCDCBGFIFEBSFSkCCYCUCOIQIWM]Zk@[j@L\HVHPBNBTVdDOBa@DE?KJIFCBIFEACACCCAAGGQCIEMAGEKEOISQk@]u@oAeDg@kAeAgCi@oAMc@Y_ACMCICCEIEGEGGEa@UaAm@kBiAmAs@MIIIGGIIGMEIOc@EKAKCME]K}@Gc@Ks@ASEc@Ce@T@B?H?XAFAF?REZ?b@Av@A\?V?J@H@D@B@JDHDHHTRTTX\PTPTZd@`@n@f@t@f@t@HLFFDHLNDFBBVXLLFDXPNJNHPLTH\Pd@PHBFBZLz@\\PJDNHFFJHNLFHFDHHZZl@d@X\dAhANPJJEJCFILCHEJKh@ITGXD\@BDHh@hA	Click to Generate
S2	45	1			3	Newfield Green Clinic (S2)	Newfield Green Dental Surgery (S2)	Pizza City (S2)	3076	2307	gatdIv|yGHOBCTe@f@aAP]h@eAHKLKBCTAF@JFHLHRDX@\?Z@RA\?H?J?L@H@Jg@r@QXCBa@j@KLKLMJiB`BQNUTKNILSZOXKSGK??FJJRCDGHADOZA@CFGHMRKPKRADMVCFITEHCLKIGGEGGGQKMIm@YIAFu@HsA?Ic@Gb@F?HIrAGt@H@l@XLHPJRAD?@AH?DCHCBGLW@EJSJQLSFIBG@AN[@EFIBEKSGKFJJRCDGHADOZA@CFGHMRKPKRADMVCFITEHCLKIGGEGGGQKMIm@YIAFu@HsA?IBe@@OEQMIK?a@NK@KEGKGOAS?C?WJo@@KPy@Py@H]@GLm@VqADSBKJw@@IAUCQIMICEAQHYTSRQRGDGFIBEA[EBc@J{AFeAF_A@[B[By@@WfATB_@C^gAUAVCx@Ev@G~@GdAKzACb@Gz@?FIfAGt@E`@Kz@EZEXG\Sz@Qv@Wx@Od@MXGNMXSd@EHGHMVHR@BBBHDJ?F?FC`B]r@On@OVGFAF?F?F?PD`@LH@l@XLHPJRAFAH?DCHCBGLW@EJSJQLSFIBG@AN[@EFIBENYR[HMJOTUPOhBaBLKJMJM`@k@BCPYf@s@AKAI?M?K?I@]AS?[A]EYISIMKGGAU@CBMJIJi@dAQ\g@`AUd@CBIN	Click to Generate
S2	20	1			3	I Said Bread (S2)	Kingdom Hall of Jehovah's Witnesses (S2)	Wobbly Wheel Cyclery (S2)	2042	1532	}~sdIzi~GTg@E[IcFImDS@u@@EEKmIVCn@ED?LxIHlDHbFDZuCzG]z@_FfLeA_BdA~AfC_GvAgD\{@tC{GE[IcFImDMyIF?v@GbAG?FJtGL`HuBvEUf@	Click to Generate
S2	30	1			3	Highfield Motors (S2)	Woodbourn Road Stadium (S2)	Sheffield Animal Centre (S2)	2449	1837	ye{dIrxwGSOYY~@cDHc@?q@CSCQCIDKBG??HPDLV[BDDFJYYuAIe@CIc@oBEOK[BIBCPENEREp@q@`@e@HI`@a@TSHSL_@DGHQBGNM@CFQDQJc@He@l@cDHg@`@_CFc@Pu@^qAXZTPNLMp@G\ADQlAd@ZLLAV?\FRN@??VIWHOAGS?]@WMMe@[PmA@EF]Lq@\cAL]LFHF`AdAp@r@NFl@^d@^r@bAxFbGCn@Qd@_AhACDWb@Yz@a@`BOHK@k@EMBGFEFCPALAp@?JAHAHAHCBAFEHe@WmAo@AAKGyBmAqEiC[QOAM?KAKAQAM@SFURa@`@IHa@d@q@p@S\EDWVDNb@nBBHHd@XtAKXo@bBIb@_AbDXXRN	Click to Generate
S2	30	1			3	The Spires Centre (S2)	Springs Leisure Centre (S2)	Pearl Motors (S2)	2567	1925	ywtdIlzwGCk@nBYxASCg@Ag@Ci@A]?_@AS?KAU?y@?q@?_A?e@@]@e@Bg@BW@]Dm@FaABi@Bc@D}@Bu@D}A@}@?G?Y?]?K?_@?]AQASCYF?FDP\N^WNQH?^?J?\?X?FA|@E|ACt@E|@Cb@Ch@G`AEl@A\CVCf@Ad@A\?d@?~@?N?`@?x@@T?J@R?^p@IJC~@Sx@ODE?G??Cu@UBe@nA_ARKBq@H@\Bh@@f@Bf@B`@B^Bd@@HDl@Fx@H|@@BH~@J|@Df@Dd@Bd@F~@Bf@DrABj@@b@?F@z@@f@?p@?z@@`B?rA?B?X?ZAb@?N?L?FAd@Af@Ah@Cn@Al@Cv@fATB_@??C^gAUBw@@m@Bo@@i@@g@@e@?G?M?O@c@?[?Y?C?sAAaB?{@?q@Ag@A{@?GAc@Ck@EsACg@G_ACe@Ee@Eg@K}@I_AACI}@Gy@Em@AICe@C_@Ca@yARoBXBj@	Click to Generate
S2	45	1			3	Virgin Crucible (S2)	The Hardy Pick (S2)	Boots (S2)	3644	2733	}ntdIzp`HMISQKICCGGCEEIEIEGKUISCKGMEMCKCMIi@ESESEOGSc@w@GGC[BEHENIPI`@QDC\MJCFCHCDAD?R?P?F?PBD?`@ENCWeDCUCOIQIWM]Zk@[j@L\HVHPBNBTBXRjCRGDCHGFGBCBEDEv@pBlAzCHPf@{@Se@GO_@}@JSV_@c@r@^|@FNRd@g@z@IQmA{Cw@qBEDCDCBGFIFEBSFOBa@DE?KJIFCBIFEACACCCAAGGQCIEMAGEKEOISQk@]u@oAeDg@kAeAgCi@oAMc@Y_ACMCICCEIEGEGGEa@UaAm@kBiAmAs@MIIIGGIIGMEIOc@EKAKCME]K}@Gc@Ks@ASEc@Ce@T@B?H?XAFAF?REZ?b@Av@A\?V?J@H@D@B@JDHDHHTRTTX\PTPTZd@`@n@f@t@f@t@HLFFDHLNDFBBVXLLFDXPNJNHPLTH\Pd@PHBFBZLz@\\PJDNHFFJHNLFHFDHHZZl@d@X\dAhANPJJEJCFILCHEJKh@ITGXIA??AAAAEICEAEUg@BqAD@T^CjAEJ@DHN@@@@??H@FYAQDq@BKBQJS[]{@iAMQg@s@[[IIGEGIOMKIGGOIKEA\GnAKnCALCJEFYn@CD?DAD?B?D@D@DXj@fAzBLZFTDRF`@@^E@C@A?C@EBCDe@p@EDCDCBGFIFEBSFOBa@DE?KJIFCBIF?R@R?JEh@A^Ad@EpA?`A?f@?L?P?JBVRPLH	Click to Generate
S2	20	1			3	The Co-operative Food (S2)	The Spires Centre (S2)	Springs Leisure Centre (S2)	1562	1172	{stdIv}wGDpA?Xa@Fs@Hc@DOB[FI?MBGsACcAC_@Aa@RIFMHS?]EWEQ??KKWCCe@AYCw@GaB|@Ov@KHCDGBK@SAwAA_B?M@iAByA@i@D}@DkADq@Fq@F{@Do@jAPf@JRBP@E|ACt@E|@Cb@Ch@G`AEl@A\CVCf@Ad@A\?d@?~@?N?`@?x@@T?J@R?^p@IJC~@Sx@ODE?G??Cu@UBe@nA_ARKBq@H@\Bh@@f@Bf@B`@B^Bd@@HDl@Fx@H|@s@Jm@HE@?YEqA	Click to Generate
S2	30	1			3	Nether Edge Primary School (S2)	Broadfield Park (S2)	Virgin Crucible (S2)	2479	1859	kxtdIhpaHEEGGMQJ]BKFWPw@Hc@TkANq@`@_CFc@d@uE^aEL_BFi@BM?EBG@EN]DFDHDHBDFFBBJHRPRNDDNJ\T\XRPQr@CFAFUhAAJ[zAERMj@AD?B?B?D@B@BJFr@d@FDFDl@wCBONu@XwAQWIKKMKKKKMKSQ]Y]UOKEESOSQKICCGGCEEIEIEGKUISCKGMEMCKCMIi@ESESEOGSc@w@GGC[BEHENIPI`@QDC\MJCFCHCDAD?R?@NBJ@F?R@R?JEh@A^Ab@?@EpA?HAHCHAHAFIVEJCHKVKUISCKGMEMCKCMIi@ESESEOGSc@w@GGC[BEHENIPI`@QDC\MJCFCHCDAD?R?P?F?PBD?`@ENCSkCCYCUCOIQIWM]Zk@[j@L\HVHPBNBTVdDOBa@DE?KJIFCBIF?R@R?JEh@A^Ad@EpA?HAHCHAHAFIVEJCHKVO\ADCF?DCLGh@M~A_@`Ee@tEGb@a@~BOp@UjAIb@Qv@GVCJK\LPFFDD	Click to Generate
S2	20	1			3	Leaves (S2)	Windy House Lane Pocket Park (S2)	UBU (S2)	2077	1558	yfudInfvGq@`AMB[\ICm@oAQ\_@r@q@z@pBvC??qBwCm@q@A?u@y@{A}AOOELCFCBg@^AGGW??FV@Ff@_@BCBGDMNNzA|At@x@@?l@p@IJcAnAGF{@v@w@^k@^u@Ts@RYDYDg@HG??TBx@Bl@Fj@FX@HDRJ\`AzB`AtBJR@BLYRYBCDINUNY^q@BEzAqC`ByC|A}C^q@`AgB`AmBVo@Xw@L[d@y@@E@E?C@E?E?G?E?C?EAC?A?EAEAEAGCEAEEG[SmBkAGT]xAENa@jAq@|ASb@l@nAHBZ]LCp@aA	Click to Generate
S2	60	1			3	Burton Roofing Merchants (S2)	Makro (S2)	Manor Park Medical Centre (S2)	5454	4090	g|xdId~uG_@]EO@g@KDOMo@g@UQYSg@g@Sr@Kd@c@`BMf@Ol@St@Of@_@fAS]Vu@Ni@CHK^Wt@R\a@z@u@`BUf@INmAfBOTkAvAUg@O[CISc@Sa@Sa@Q_@??m@bAu@tAVZNPDFV\TXX\RVELGJy@fB]`AK\g@dBSz@UhACPQjAKx@QvAIt@Kr@CNe@xBr@vAP\r@xABFl@hAd@|@@BDJFHFHJJn@f@JF\R~Az@@?B@F@@A@?B?@?BADELUR]v@sBv@wBf@uAb@cBXu@LSJQFIp@i@d@WTMLCf@W`AcAp@s@hC_BNUFOPWZ}@j@_Bd@sA~@oCVs@d@sA^iAL[LUTa@\e@Z[VSXO^Ol@QXORMTS^]v@kANYrBkDp@kACMAM@M@GDIFEFA??HBDHx@gAZc@TSVMRGF?PAjABz@BDgBJ}AJ{@VyB^_DP}AV{BTeBPsAPcAl@kBHO??FMpAeCGyAYyFCi@GoAK{B[QGEIEOMy@g@s@i@q@o@aAgAa@a@QWW]EIOSw@gAIMIGECICW?GBG@MBI?WR[n@uAhFg@nBaEzNk@bCi@`Cy@zDy@tDO`BkAlGE`@?^?^D^D\Lf@Lv@?b@A`@EXETMVONUFU?UEUSqBaBwAsAyAaAKGYOCBOXm@`@cApAYf@[z@f@f@XRTPn@f@NLJEAf@DN^\	Click to Generate
S2	30	1			3	UBU (S2)	Windy House Lane Pocket Park (S2)	Kwik Fit (S2)	2742	2056	_gudItkvGINaAfB_@p@}A|CaBxC{ApCCD_@p@OXOTEHCBSXMXACKSaAuBaA{BK]ESAIGYGk@Cm@Cy@?UF?f@IXEXEr@St@Uj@_@v@_@z@w@FGbAoAHKm@q@A?u@y@{A}AOOELCFCBg@^AGGW??FV@Ff@_@BCBGDMNNzA|At@x@@?l@p@IJcAnAGF{@v@w@^k@^u@Ts@RYDYDg@HG??TBx@Bl@Fj@FX@HDRJ\`AzB`AtBJR@BQZeAjBm@lA]p@k@bAkBjDe@z@CEEIk@mAj@lADHBDd@{@jBkDj@cA\q@l@mAvAgCLYRYBCDINUNY^q@~AwC`ByC|A}C^q@`AgBHO	Click to Generate
S2	45	1			3	Gleadless Medical Centre (S2)	Pizza City (S2)	Arbourthorne Community Primary School (S2)	3272	2454	abtdId~yGb@}@BCTe@f@aAP]h@eAHKLKBCTAF@JFHLHRDX@\?Z@RA\?H?J?L@H@Jg@r@QXCBa@j@KLKLMJiB`BQNUTKNILSZOXCDGHADOZA@CFGHMRKPKRADHNZl@??[m@IOMVCFITEHCLKIGGEGGGQKMIm@YIAFu@HsA?IBe@@OEQMIK?a@NK@KEGKGOAS?C?WJo@@KPy@Py@H]@GLm@VqADSBKJw@@IAUCQIMICEAQHYTSRQRGDGFIBEA[EBc@J{AFeAF_A@[B[By@@WBw@@m@Bo@@i@@g@@e@?G?M?O@c@G@MFa@Po@\aAj@a@VSLYPiBpAg@\e@\}@r@y@n@EBPbBJ|@D^Lr@Lp@BLFXDJJKHGFADDDJBFFFBAtAy@??uAx@C@GGCGEKEEG@IFKJFRJ\BDFNLZNRPZZ^LJJHRRNJh@b@h@\j@\TL^RSz@Qv@Wx@Od@MXGNMXSd@EHGHMVHR@BBBHDJ?F?FC`B]r@On@OVGFAF?F?F?PD`@LH@l@XLHPJRAFAH?DCHCBGLW@EJSJQLSFIBG@AN[@EFIBENYR[HMJOTUPOhBaBLKJMJM`@k@BCPYf@s@AKAI?M?K?I@]AS?[A]EYISIMKGGAU@CBMJIJi@dAQ\g@`AUd@CBc@|@	Click to Generate
S2	30	1			3	Temple Park Centre (S2)	Castle View Park (S2)	Hair & Beauty Lounge (S2)	2995	2246	c{wdIravGEKCCGGIGICGAG?GBWVCDC?A?MIp@kACMAM@M@GDIFEFAHBDHx@gAZc@TSVMRGF?ARGV?p@?I?g@FW@SG?SFWLUR[b@y@fADJ@L?FCLEJrAjCr@`Bl@bBJSh@{@NUHEHAL?jBb@jA`@zBp@^Lp@T|Ah@l@^Zb@Pb@BH@DHd@Dr@A`AKv@ENe@jAe@aAQUyDq@WGaAOq@a@QSUe@KO^}@\cBNwBkAa@kBc@M?I@IDOTi@z@KRm@cBs@aBsAkCEDK@GCGICMAM@M@GDIFEFAHBDHx@gAZc@TSVMRGF?PAjABz@Bf@Dp@Ap@Kr@c@v@_A~@mB\q@Vg@Cm@??^w@ZHq@tAEDWf@]p@_AlBw@~@s@b@q@Jq@@g@E{@CkACQ@G?SFWLUR[b@y@fADJ@L?FCLEJEDK@GCGIq@jALH@?B?BEVWFCF?F@HBHFFFBBDJ	Click to Generate
S2	45	1			3	Arbourthorne Community Primary School (S2)	Zakwetu (S2)	Newfield Green Dental Surgery (S2)	3642	2732	_otdItkyG?JEv@G~@GdAKzACb@Gz@?FIfAGt@E`@Kz@EZEXG\_@SUMk@]i@]i@c@OKSSKIMK[_@Q[OSM[GOCEK]GSJKHGFADDDJBFFFBAtAy@??uAx@C@GGCGEKEEG@IFKJFRJ\BDFNLZNRPZZ^LJJHRRNJh@b@h@\j@\TL^RSz@Qv@Wx@Od@MXGNMXSd@EHGHMVHR@BBBHDJ?F?FC`B]r@On@OVGFAF?F?F?PD`@LH@l@XLHPJRAFAH?DCHCBGLW@EJSJQLSFIBG@AN[@EFIBENYR[HMJOTUPOhBaBLKJMJM`@k@BCPYf@s@AKAI?M?K?I@]AS?[A]EYISIMKGGAU@CBMJIJi@dAQ\g@`AUd@CBi@hA[l@dAwBBCTe@f@aAP]h@eAHKLKBCTAF@JFHLHRDX@\?Z@RA\?H?J?L@H@Jg@r@QXCBa@j@KLKLMJiB`BQNUTKNILSZOXCDGHADOZA@CFGHMRKPKRADMVCFITEHCLKIGGEGGGQKMIm@YIAFu@HsA?Ic@Gb@F?HIrAGt@H@l@XLHPJRAD?@AH?DCHCBGLW@EJSJQLSFIBG@AN[@EFIBEKSGKFJJRCDGHADOZA@CFGHMRKPKRADMVCFITEHCLKIGGEGGGQKMIm@YIAFu@HsA?IBe@@OEQMIK?a@NK@KEGKGOAS?C?WJo@@KPy@Py@H]@GLm@VqADSBKJw@@IAUCQIMICEAQHYTSRQRGDGFIBEA[EBc@J{AFeAF_ADw@?K	Click to Generate
S2	20	1			3	Noble and Wylie (S2)	Broadfield Park (S2)	Virgin Crucible (S2)	1727	1295	ertdIbp`H@I?EBG@EN]DFDHDHBDFFBBJHRPRNDDNJ\T\XBBNLQr@CFAFWtA[zAERMj@AD?B?B?D@B@BJFr@d@FDFDl@wCBONu@XwAQWIKKMKKKKMKSQ]Y]UOKEESOSQKICCGGCEEIEIEGKUISCKGMEMCKCMIi@ESESEOGSc@w@GGC[BEHENIPI`@QDC\MJCFCHCDAD?R?@NBJ@F?R@R?JEh@A^Ab@?@EpA?HAHCHAHAFIVEJCHKVKUISCKGMEMCKCMIi@ESESEOGSc@w@GGC[BEHENIPI`@QDC\MJCFCHCDAD?R?P?F?PBD?`@ENCSkCCYCUCOIQIWM]Zk@[j@L\HVHPBNBTVdDOBa@DE?KJIFCBIF?R@R?JEh@A^Ad@EpA?HAHCHAHAFIVEJCHKVO\ADCF?DAH	Click to Generate
S2	30	1			3	Well Pharmacy (S2)	Terry Wright Community Hall (S2)	Pizza City (S2)	2172	1629	yetdIjnzG[m@IO@EJSJQLSFIBG@AN[@EFIBENYR[HMJO??TUPOhBaBLKJMJMIS?C?G@M??j@y@BCZi@LKH??L@H@Jg@r@QXCBa@j@KLKLMJiB`BQNUTKNILSZOXCDGHADOZA@CFGHMRKPKRADMVCFITEHCLKIGGEGGGQKMIm@YIAFu@HsA?IBe@@OEQMIK?a@NK@KEGKGOAS?C?WJo@@KPy@Py@H]@GLm@VqADSBKJw@@IAUCQIMICEAQHYTSRQRGDGFIBEA[EBc@J{AFeAF_A@[B[By@@WfATB_@C^gAUAVCx@Ev@G~@GdAKzACb@Gz@?FIfAGt@E`@Kz@EZEXG\Sz@Qv@Wx@Od@MXGNMXSd@EHGHMVHR@BBBHDJ?F?FC`B]r@On@OVGFAF?F?F?PD`@LH@l@XLHPJRAFAH?DCHCBGLWHNZl@	Click to Generate
S2	45	1			3	Leaves (S2)	UBU (S2)	Windy House Lane Pocket Park (S2)	3267	2450	yfudIjkvGp@sAVo@Xw@L[d@y@@E@E?C@E?E?G?E?C?EAC?A?EAEAEAGCEAEEG[SmBkAGT]xAENa@jAq@|ASb@Q\_@r@q@z@pBvC??qBwCIJcAnAGF{@v@w@^k@^u@Ts@RYDYDg@HG??TBx@Bl@Fj@FX@HDRJ\`AzB`AtBJR@BLYRYBCDINUNY^q@BEzAqC`ByC|A}C^q@`AgB`AmBVo@Xw@L[d@y@@E@E?C@E?E?G?E?C?EAC?A?EAEAEAGCEAEEG[SmBkA_BcAsA}@UQGXS|@u@rBq@jAy@jAc@f@INCHOOELCFCBg@^AGGW??FV@Ff@_@BCBGDMNNBIHOb@g@x@kAp@kAt@sBR}@FYNc@`BfAXPb@`@RLHDDBXPjBnAh@?H?FALCJEHGHKFMN]FSTw@DOP_ABONYJg@DUDUBE@CBAB?B?D?D@DD^|@Tn@N\Rl@Jd@@HAd@ATCNENENGVGTEPKRi@F_@DODM@{@FWTO@]BK@GBC@IDGBIHEDEDABCBgB|Cq@rA	Click to Generate
S2	60	1			3	Substantial Victorian houses in Norfolk Road (S2)	Path up to the Cholera Monument, Sheffield (S2)	Cholera Monument, Sheffield (S2)	7998	5998	cj{dI|t_HFIRYRQBCHG@ALIHWBEJ[h@oCPcAXkBFi@Jq@ZsBPqAFk@v@qGHa@RYX]~@iADEXa@Ta@LSVi@L[DMVu@BGBIBKZs@\{@HSF]Pg@Ns@FY@IFa@Jy@Be@Be@@c@@G?Q?k@?ICw@?]By@PeDDcA@OLcBLaALq@No@HYJa@Na@Pg@BIPc@FMPe@Vc@Zk@`@m@FKPUb@g@TYBEPUNUPUPUFKDMTc@DKDSHUBMBKBWDa@BUBa@Ba@@_@Bk@Bo@Dq@?MBe@@a@B[DaAHkBD_AHkAF{@Fs@Da@Fc@Ju@DSP_ADSJa@DKLa@`@q@DE^e@ZQDC@ALA@?F?D@B@B@B@BBBBBDDFFLDFBH?D@B@B?@?BBTBf@Fh@D\DZDZJl@Jl@J^H\X`A^vANh@Nh@Pr@T`ATv@DNBDDHDDFBJDH@D?B@BAFENMFCJE@?HAHAJB\NLCHEFERM@ADA\U@ABCROx@q@XWt@k@DEBAFEHILKFEFE\WZWtCkCf@k@t@w@VYX]hAmAVWHIHKNO`AeANS`AeANSDEFE`@e@dCgDLSXe@DJDDB@F?NGzAo@bAa@JGDIFKDHFFVPd@`@|CdCiBjEKVYn@ABm@vAmCjGCDuA|Ce@fAo@|AGLwA`DFLHJf@f@RPz@x@tAtABB~@~@DBb@b@FK@CDEDCFAfAQt@M@ABA@C@C@C?C@GCa@c@Fb@GB`@AF?BABABABC@A@}B^G@EBEDABGJc@c@EC_A_ACCuAuA{@y@SQg@g@IKGMvAaDjAlBIZADAF?D?\?z@?F@DBFBFCGCGAE?G?{@?]?E@G@EH[??kAmBwA`DCECICImAqEWcAW}@Su@EQCKEKQu@y@}CMi@Kc@WViAlAY\WXu@v@g@j@uCjC[V]VGDGDMJIHGDC@EDu@j@YVy@p@SNCBA@GRCJAHAJAL?J@N?PBT@Nr@tCBZ@\AZAJI`@GT]Xa@XIDMDG@G?E?G?GAq@SOGe@D_@?WAg@MQ@WBODUFE@a@HQBOCMEGEEEGGKQW_@oB}BgAqAIGY_@c@]AAEECCKOE|@Cb@EfACb@A`@C\C`@CVG\ETELGTGPITGPS\ILGHKNGFOPONc@d@UXIJGFILKNQTKNMTOXKXQf@Oh@ERGTCJWbAMn@QdAU~@IZEPCTCZAPARAPA\@X@\@TFh@D\BNFTHTL^DHd@hAFNBB@R?TAPCNCJEDGHIDIEy@_@C?K?C@G@A@EBEHCFGFO|ACTAPCJCNCPGTGRGPIVGNQRIR]z@[r@CJCHCFWt@ELMZIr@Y`Bm@tCgBpICLAN?PE?mAcAQpA[rBKp@Gh@YjBQbAi@nCKZCDIVMHA@IFCBSPSXGH	Click to Generate
S2	45	1			3	The Hardy Pick (S2)	Virgin Crucible (S2)	Boots (S2)	3669	2752	intdIlq`HGEEESOSQKICCGGCEEIEIEGKUISCKGMEMCKCMIi@ESESEOGSc@w@GGC[BEHENIPI`@QDC\MJCFCHCDAD?R?P?F?PBD?`@ENCRGDCHGFGBCBEDEv@pBlAzCHPf@{@Se@GO_@}@JSV_@c@r@^|@FNRd@g@z@IQmA{Cw@qBEDCDCBGFIFEBSFSkCCYCUCOIQIWM]Zk@[j@L\HVHPBNBTVdDOBa@DE?KJIFCBIFEACACCCAAGGQCIEMAGEKEOISQk@]u@oAeDg@kAeAgCi@oAMc@Y_ACMCICCEIEGEGGEa@UaAm@kBiAmAs@MIIIGGIIGMEIOc@EKAKCME]K}@Gc@Ks@ASEc@Ce@T@B?H?XAFAF?REZ?b@Av@A\?V?J@H@D@B@JDHDHHTRTTX\PTPTZd@`@n@f@t@f@t@HLFFDHLNDFBBVXLLFDXPNJNHPLTH\Pd@PHBFBZLz@\\PJDNHFFJHNLFHFDHHZZl@d@X\dAhANPJJEJCFILCHEJKh@ITGXIA??AAAAEICEAEUg@BqAD@T^CjAEJ@DHN@@@@??H@FYAQDq@BKBQJS[]{@iAMQg@s@[[IIGEGIOMKIGGOIKEA\GnAKnCALCJEFYn@CD?DAD?B?D@D@DXj@fAzBLZFTDRF`@@^E@C@A?C@EBCDe@p@EDCDCBGFIFEBSFOBa@DE?KJIFCBIF?R@R?JEh@A^Ad@EpA?`A?f@?L?P?JBVRPRNDDFD	Click to Generate
S2	30	1			3	Temple Park Centre (S2)	Castle View Park (S2)	Manor Park Medical Centre (S2)	2423	1817	wfwdIpmuG??Bl@Wf@]p@_AlBw@~@s@b@q@Jq@@g@E{@CkACQ@ARGV?p@?I?g@FW@SG?SFWLUR[b@y@fADJ@L?FCLEJrAjCr@`Bl@bBJSh@{@NUHEHAL?jBb@jA`@zBp@^Lp@T|Ah@l@^Zb@Pb@BH@DHd@Dr@A`AKv@ENe@jAe@aAQUyDq@WGaAOq@a@QSUe@KO^}@\cBNwBkAa@kBc@M?I@IDOTi@z@KRm@cBs@aBsAkCEDK@GCGICMAM@M@GDIFEFA??HBDHx@gAZc@TSVMRGF?PAjABz@Bf@Dp@Ap@Kr@c@v@_A~@mB\q@Vg@Cm@	Click to Generate
S2	45	1			3	Gleadless Medical Centre (S2)	Pizza City (S2)	Arbourthorne Community Primary School (S2)	3262	2446	{atdIz}yG\s@BCTe@f@aAP]h@eAHKLKBCTAF@JFHLHRDX@\?Z@RA\?H?J?L@H@Jg@r@QXCBa@j@KLKLMJiB`BQNUTKNILSZOXCDGHADOZA@CFGHMRKPKRADHNZl@??[m@IOMVCFITEHCLKIGGEGGGQKMIm@YIAFu@HsA?IBe@@OEQMIK?a@NK@KEGKGOAS?C?WJo@@KPy@Py@H]@GLm@VqADSBKJw@@IAUCQIMICEAQHYTSRQRGDGFIBEA[EBc@J{AFeAF_A@[B[By@@WBw@@m@Bo@@i@@g@@e@?G?M?O@c@G@MFa@Po@\aAj@a@VSLYPiBpAg@\e@\}@r@y@n@EBPbBJ|@D^Lr@Lp@BLFXDJJKHGFADDDJBFFFBAtAy@??uAx@C@GGCGEKEEG@IFKJFRJ\BDFNLZNRPZZ^LJJHRRNJh@b@h@\j@\TL^RSz@Qv@Wx@Od@MXGNMXSd@EHGHMVHR@BBBHDJ?F?FC`B]r@On@OVGFAF?F?F?PD`@LH@l@XLHPJRAFAH?DCHCBGLW@EJSJQLSFIBG@AN[@EFIBENYR[HMJOTUPOhBaBLKJMJM`@k@BCPYf@s@AKAI?M?K?I@]AS?[A]EYISIMKGGAU@CBMJIJi@dAQ\g@`AUd@CB]r@	Click to Generate
S2	20	1			3	Leaves (S2)	Windy House Lane Pocket Park (S2)	UBU (S2)	1867	1400	gfudIljvG^u@Vo@Xw@L[d@y@@E@E?C@E?E?G?E?C?EAC?A?EAEAEAGCEAEEG[SmBkAGT]xAENa@jAq@|ASb@Q\_@r@q@z@pBvC??qBwCm@q@A?u@y@{A}AOOELCFCBg@^AGGW??FV@Ff@_@BCBGDMNNzA|At@x@@?l@p@IJcAnAGF{@v@w@^k@^u@Ts@RYDYDg@HG??TBx@Bl@Fj@FX@HDRJ\`AzB`AtBJR@BLYRYBCDINUNY^q@BEzAqC`ByC|A}C^q@`AgB`@w@	Click to Generate
S2	30	1			3	Porcelanosa (S2)	The Hardy Pick (S2)	Mandala (S2)	2699	2024	{ctdIbw_HAAACE]FYAQDq@BKBQJS[]{@iAMQGRENADECUK_@QGC@Y?G@IDUDQIIGEGIOMKIGGOIKEA\GnAKnCALCJEFYn@CD?DAD?B?D@D@DXj@fAzBLZFTDRF`@@^E@C@A?C@EBCDe@p@v@pBlAzCHPf@{@Se@GO_@}@JSV_@c@r@^|@FNRd@g@z@IQmA{Cw@qBEDCDCBGFIFEBSFOBa@DE?KJIFCBIFEACACCCAAGGQCIEMAGEKEOISQk@]u@oAeDg@kAeAgCi@oAMc@Y_ACMCICCEIEGEGGEa@UaAm@kBiAmAs@MIIIGGIIGMEIOc@EKAKCME]K}@Gc@Ks@ASEc@Ce@T@B?H?XAFAF?REZ?b@Av@A\?V?J@H@D@B@JDHDHHTRTTX\PTPTZd@`@n@f@t@f@t@HLFFDHLNDFBBVXLLFDXPNJNHPLTH\Pd@PHBFBZLz@\\PHB@@NHFFJHNLFHFDHHZZl@d@X\dAhANPJJEJCFILCHEJKh@ITGXD\@B@@	Click to Generate
S2	30	1			3	Diocese of Hallam Pastoral Centre (S2)	Woodbourn Road Stadium (S2)	Sheffield Animal Centre (S2)	2707	2030	_e{dIjmwG??CFEJBHBPBR?p@Ib@_AbDXXRNDBZXJ^?^?RE~AbBPH@n@JHBZDEg@K_BAKASOmBm@sC_AaEYuAIe@CIc@oBEOK[BIBCPENEREp@q@`@e@HI`@a@TSHSL_@DGHQBGNM@CFQDQJc@He@l@cDHg@`@_CFc@Pu@^qAXZTPNLMp@G\ADQlAd@ZLLAV?\FRN@??VIWHOAGS?]@WMMe@[PmA@EF]Lq@\cAL]LFHF`AdAp@r@NFl@^d@^r@bAxFbGCn@Qd@_AhACDWb@Yz@a@`BOHK@k@EMBGFEFCPALAp@?JAHAHAHCBAFEHe@WmAo@AAKGyBmAqEiC[QOAM?KAKAQAM@SFURa@`@IHa@d@q@p@S\EDWVDNb@nBBHHd@XtAKXEGCEWZEMIQ	Click to Generate
S2	60	1			3	Path near the Cholera Monument, Sheffield (S2)	Sheffield Inclusion Centre (S2)	Manor Fields (S2)	7359	5519	c|wdI`f|Gb@GB`@AF?BABABABC@A@}B^G@EBEDABGJc@c@EC_A_ACCuAuA{@y@SQg@g@IKGMvAaDjAlBIZADAF?D?\?z@?F@DBFBFCGCGAE?G?{@?]?E@G@EH[??kAmBFMtAeDtA}CBElCkGl@wA@CXo@JWhBkEfEmMBE@ABATA@k@@o@@y@BgA@QJyFJuFDuBD}BFoC?K@k@TUZ]fBeBRS^]BADEFG~BuBrFgFDEFEzCuCv@u@|@_ARQDEDEx@u@^]nAqA\m@~@cBf@aA^m@`@u@h@_AFMDIP[HMDIDKDEb@w@HKd@{@jBkDj@cABFBFj@lAVj@d@`ATf@Tf@@Bl@rAb@~@FL`@~@b@hARl@?BN`@UTu@t@qBjBw@v@eAbAcA~@I[Ke@GUw@_DCGIUOEIAGA?S?O?KCQKc@e@{AIUCGMc@KKGGIGCCEAK?i@~@a@t@_@l@g@`A_AbB]l@oApA_@\y@t@EDEDSP}@~@c@kBd@g@jBu@nCgBVa@^mBYyAaAmFu@cEY_Ba@yBkAaHCOS_AW]m@GS@??eD|BaBhAOb@f@rCjAhHuBxAc@Zk@`@e@ZwBxAg@Xs@f@xApKtAxKr@vE_CtBGFEDC@_@\SRgBdB[\UTAj@?JGnCE|BEtBKtFKxFAPCfAAx@An@Aj@U@C@A@CDgElMiBjEKVYn@ABm@vAmCjGCDuA|CuAdDGLwA`DFLHJf@f@RPz@x@tAtABB~@~@DBb@b@FK@CDEDCFA|B_@@ABA@C@C@C?C@GCa@c@F	Click to Generate
S2	60	1			3	Burton Roofing Merchants (S2)	Makro (S2)	Mather Community Park (S2)	5847	4385	q_ydIdzuGEEUQYSg@g@Sr@Kd@c@`BMf@Ol@St@Of@_@fAS]Vu@Ni@CHK^Wt@R\a@z@u@`BUf@INmAfBOTkAvA[f@u@~@SWY]UYW]EGOQW[t@uAl@cA??P^R`@R`@Rb@BHNZTf@jAwANUlAgBHOTg@t@aB`@{@^gANg@Ru@Nm@Lg@b@aBJe@Rs@Z{@Xg@bAqAF]Dc@Ca@CW@UFWFMDEHEJAFBD@HJDJDLVx@P`@h@`@^Ph@Jb@F\EPINMNSN_@dA{D|@mD~@mD^aBfAiFv@qDXuA`@eBz@{F|@_Ft@gEr@}DB[@O?OEUA_@A_@C]I[KSKOGGoBiBeCuB}AeAo@a@o@_@k@bECLIn@y@jFq@xE]rBUhAtAlAf@b@j@l@U|@]z@e@|@s@v@g@`@MJ_Bt@Ks@SaBn@wA`@gAZ_A\oADWFUTiA\sBp@yEx@kFHo@BMj@cEJg@xDfCtBjBpAjAPNDD\ZTVHFHDF@F?HEFEDCPCJ@VJXRXRPVJNDNHd@Fd@@P?PARAPIVGNIHGBG@MBI?WR[n@uAhFg@nBaEzNk@bCi@`Cy@zDy@tDO`BkAlGE`@?^?^D^D\Lf@Lv@?b@A`@EXETMVONUFU?UEUSqBaBwAsAyAaAKGYOCBOXm@`@cApAYf@[z@f@f@XRTPDD	Click to Generate
S2	20	1			3	Wobbly Wheel Cyclery (S2)	Daughters (S2)	74th Oak Street Scout Group (S2)	1638	1228	u_tdIf{}GRAMyIF?v@GbAG?FJtGL`HlBIDbBmClGkBfEgAdCqAwBIM\{@~BsFTg@E[IcFImDMyIE?o@DEmCCsBAq@AKv@EJ~HLxIS@	Click to Generate
S2	20	1			3	Anna Roberts (S2)	Virgin Crucible (S2)	The Hardy Pick (S2)	1818	1364	motdInp`H@@RNDDNJ\T\XRPQr@CFAFWtA[zAERMj@AD?B?B?D@B@BJFr@d@FDFDl@wCBONu@XwAQWIKKM??KKKKMKSQ]Y]UOKEESOSQKICCGGCEEIEIEGKUISCKGMEMCKCMIi@ESESEOGSc@w@GGC[BEHENIPI`@QDC\MJCFCHCDAD?R?P?F?PBD?`@ENCWeDCUCOIQIWM]Zk@[j@L\HVHPBNBTBXRjCRGDCHGFGBCBEDEv@pBlAzCHPf@{@Se@GO_@}@JSV_@c@r@^|@FNRd@g@z@IQmA{Cw@qBEDCDCBGFIFEBSFOBa@DE?KJIFCBIF?R@R?JEh@A^Ad@EpA?`A?f@?L?P?JBVPN	Click to Generate
S2	30	1			3	Leaves (S2)	Windy House Lane Pocket Park (S2)	UBU (S2)	2605	1954	}dudIfhvGINVo@Xw@L[d@y@@E@E?C@E?E?G?E?C?EAC?A?EAEAEAGCEAEEG[SmBkAGT]xAENa@jAq@|ASb@Q\_@r@q@z@pBvC??qBwCm@q@A?u@y@{A}AOOELCFCBg@^AGGW??FV@Ff@_@BCBGDMNNzA|At@x@@?l@p@IJcAnAGF{@v@w@^k@^u@Ts@RYDYDg@HG??TBx@Bl@Fj@FX@HDRJ\`AzB`AtBJR@BLYRYBCDINUNY^q@BEzAqC`ByC|A}C^q@`AgB`AmBVo@Xw@L[d@y@Ra@DIJUHOJSJQ`@_AN]FSTw@DOP_ABONYJg@DUDUBE@CBAB?B?D?D@DD^|@Tn@N\Rl@Jd@@HAd@ATCNENENGVGTEPKRi@F_@DODM@{@FWTO@]BK@GBC@IDGBIHEDEDABCB}AlC	Click to Generate
S2	20	1			3	Casa Italia (S2)	Alam Hill Books (S2)	Boots (S2)	1709	1282	aktdIde_HS_@QYEJWj@Yp@CTz@\\PJDNHFFJHNLFHFDHHZZPNZTELg@s@[[IIGEGIOMKIGGOIKE]Q{@]BUXq@Vk@DKj@wAxAiDdC}FHLpAvBiC`GiA~C_@hAY~@K^NLFHFDHHZZl@d@X\dAhANPJJEJCFILCHEJKh@ITGXIA??AAAAEICEAEUg@BqAD@T^CjAEJ@DHN@@@@??H@FYAQDq@BKBQJS[]{@iAMQg@s@[[IIGEGIOMKIGGOIKE]Q{@]BUXq@Vk@DKPXR^	Click to Generate
S2	60	1			3	Path near the Cholera Monument, Sheffield (S2)	Sheffield Inclusion Centre (S2)	Manor Fields (S2)	7164	5373	g~wdInh|G_@FG@EBEDABGJc@c@EC_A_ACCuAuA{@y@SQg@g@IKGMvAaDjAlBIZADAF?D?\?z@?F@DBFBFCGCGAE?G?{@?]?E@G@EH[??kAmBFMtAeDtA}CBElCkGl@wA@CXo@JWhBkEfEmMBE@ABATA@k@@o@@y@BgA@QJyFJuFDuBD}BFoC?K@k@TUZ]fBeBRS^]BADEFG~BuBrFgFDEFEzCuCv@u@|@_ARQDEDEx@u@^]nAqA\m@~@cBf@aA^m@`@u@h@_AFMDIP[HMDIDKDEb@w@HKd@{@jBkDj@cABFBFj@lAVj@d@`ATf@Tf@@Bl@rAb@~@FL`@~@b@hARl@?BN`@UTu@t@qBjBw@v@eAbAcA~@I[Ke@GUw@_DCGIUOEIAGA?S?O?KCQKc@e@{AIUCGMc@KKGGIGCCEAK?i@~@a@t@_@l@g@`A_AbB]l@oApA_@\y@t@EDEDSP}@~@c@kBd@g@jBu@nCgBVa@^mBYyAaAmFu@cEY_Ba@yBkAaHCOS_AW]m@GS@??eD|BaBhAOb@f@rCjAhHuBxAc@Zk@`@e@ZwBxAg@Xs@f@xApKtAxKr@vE_CtBGFEDC@_@\SRgBdB[\UTAj@?JGnCE|BEtBKtFKxFAPCfAAx@An@Aj@U@C@A@CDgElMiBjEKVYn@ABm@vAmCjGCDuA|CuAdDGLwA`DFLHJf@f@RPz@x@tAtABB~@~@DBb@b@FK@CDEDCFA^G	Click to Generate
S2	20	1			3	Arman Food Store (S2)	Virgin Crucible (S2)	The Hardy Pick (S2)	1818	1364	sotdIhp`HFFRNDDNJ\T\XRPQr@CFAFWtA[zAERMj@AD?B?B?D@B@BJFr@d@FDFDl@wCBONu@XwAQWIKKMEEEEKKMKSQ]Y]UOKEESOSQKICCGGCEEIEIEGKUISCKGMEMCKCMIi@ESESEOGSc@w@GGC[BEHENIPI`@QDC\MJCFCHCDAD?R?P?F?PBD?`@ENCWeDCUCOIQIWM]Zk@[j@L\HVHPBNBTBXRjCRGDCHGFGBCBEDEv@pBlAzCHPf@{@Se@GO_@}@JSV_@c@r@^|@FNRd@g@z@IQmA{Cw@qBEDCDCBGFIFEBSFOBa@DE?KJIFCBIF?R@R?JEh@A^Ad@EpA?`A?f@?L?P?JBVJH	Click to Generate
S2	20	1			3	Temple Park Centre (S2)	Manor Park Medical Centre (S2)	Castle View Park (S2)	1839	1379	}wwdIbhvGCSCINWs@aBsAkCEDK@GCGICMAM@M@GDIFEFAHBDHx@gAZc@TSVMRGF?ARGV?p@?I?g@FW@SG?SFWLUR[b@y@fADJ@L?FCLEJEDK@GCGICMAM@M@GDIFEFA??HBDHDJ@L?FCLEJrAjCr@`Bl@bBJSh@{@NUHEHAL?jBb@jA`@zBp@^Lp@T|Ah@l@^Zb@Pb@BH@DHd@Dr@A`AKv@ENe@jAe@aAQUyDq@WGaAOq@a@QSUe@KOa@n@mBxCoAyCoAyCZi@IOR_@F[?SA[CO	Click to Generate
S2	20	1			3	Valley Road Garage (S2)	International Automatic Cars (S2)	Casa Italia (S2)	1722	1292	sftdIrx~GvAgD\{@~@wBtAcDtBwElBIDbBmClGkBfEgAdCqAwBIM_FfLk@vAPXVd@H@t@aBu@`BIACES_@QYEJWj@Yp@CTz@\\PJDNHFFJHNLFHFDHHZZPNZTELg@s@[[IIGEGIOMKIGGOIKE]Q{@]BUXq@Vk@DKj@wAfC_G	Click to Generate
S2	30	1			3	Temple Park Centre (S2)	Castle View Park (S2)	Hair & Beauty Lounge (S2)	2973	2230	k|wdIlavG_@l@KWESC?A?MIp@kACMAM@M@GDIFEFAHBDHx@gAZc@TSVMRGF?ARGV?p@?I?g@FW@SG?SFWLUR[b@y@fADJ@L?FCLEJrAjCr@`Bl@bBJSh@{@NUHEHAL?jBb@jA`@zBp@^Lp@T|Ah@l@^Zb@Pb@BH@DHd@Dr@A`AKv@ENe@jAe@aAQUyDq@WGaAOq@a@QSUe@KO^}@\cBNwBkAa@kBc@M?I@IDOTi@z@KRm@cBs@aBsAkCEDK@GCGICMAM@M@GDIFEFAHBDHx@gAZc@TSVMRGF?PAjABz@Bf@Dp@Ap@Kr@c@v@_A~@mB\q@Vg@Cm@??^w@ZHq@tAEDWf@]p@_AlBw@~@s@b@q@Jq@@g@E{@CkACQ@G?SFWLUR[b@y@fADJ@L?FCLEJEDK@GCGIq@jALH@?B?BEVWFCF?F@HBENEH	Click to Generate
S2	30	1			3	UBU (S2)	Leaves (S2)	Sheffield Inclusion Centre (S2)	2752	2064	iwudInewGP[LYRYBCDINUNY^q@BEzAqC`ByC|A}C^q@`AgB`AmBVo@Xw@L[d@y@@E@E?C@E?E?G?E?C?EAC?A?EAEAEAGCEAEEG[SmBkAGT]xAENa@jAq@|ASb@Q\_@r@q@z@pBvC??qBwCIJcAnAGF{@v@w@^k@^u@Ts@RYDYDg@HG??TBx@Bl@Fj@FX@HDRJ\`AzB`AtBJR@BwAfCm@lA]p@BFBFj@lAVj@d@`ATf@Tf@@Bl@rAb@~@FL`@~@b@hARl@?BN`@UTu@t@qBjBw@v@eAbAcA~@I[Ke@GUw@_DCGIUOEIAGA?S?O?KCQKc@e@{AIUCGMc@EQCE?EAGAG?CAI?I@I?I@E@CDIDKDEb@w@HKd@{@jBkDj@cA\q@l@mAdAkB	Click to Generate
S2	30	1			3	GoLocalExtra (S2)	UBU (S2)	Windy House Lane Pocket Park (S2)	2510	1882	_kudIdpvGqBwCp@{@^s@P]Rc@p@}A`@kADO\yAFU_BcAFk@XPb@`@RLHDDBXPjBnAh@?H?FALCJEHGHKFMN]FSTw@DOP_ABONYJg@DUDUBE@CBAB?B?D?D@DD^|@Tn@N\Rl@Jd@@HAd@ATCNENENGVGTEPKRi@F_@DODM@{@FWTO@]BK@GBC@IDGBIHEDEDABCBgB|Cq@rAOXaAfB_@p@}A|CaBxC{ApCCD_@p@OXOTEHCBSXMXACKSaAuBaA{BK]ESAIGYGk@Cm@Cy@?UF?f@IXEXEr@St@Uj@_@v@_@z@w@FGbAoAHKm@q@A?u@y@{A}AOOELCFCBg@^AGGW??FV@Ff@_@BCBGDMNNzA|At@x@@?l@p@pBvC	Click to Generate
S2	45	1			3	Bronze & Polished (S2)	Sheffield Inclusion Centre (S2)	Leaves (S2)	3077	2308	syudI`iwGBEvAgCLYRYBCDINUNYJORa@~AwC`ByC|A}C@DHNf@bALZBFPh@Lb@?BH\Jt@Hv@Dh@@JIJMRQ^]r@m@nA@TPvBNjCHhBFjAD|ADlAB~@G?I@MHo@l@k@h@k@h@gAdAa@^WTUTu@t@qBjBw@v@eAbAcA~@I[Ke@GUw@_DCGIUOEIAGA?S?O?KCQKc@e@{AIUCGMc@EQCE?EAGAG?CAI?I@I?I@E@CDIDKDEb@w@HKd@{@jBkDj@cA\q@l@mAvAgCACKSaAuBaA{BK]ESAIGYGk@Cm@Cy@?UF?f@IXEXEr@St@Uj@_@v@_@z@w@FGbAoAHKpBvC??qBwCIJcAnAGF{@v@w@^k@^u@Ts@RYDYDg@HG??TBx@Bl@Fj@FX@HDRJ\`AzB`AtBJR@BwAfCCD	Click to Generate
S2	20	1			3	Top Chopper (S2)	Broadfield Park (S2)	The Hardy Pick (S2)	1661	1246	_ktdIdt`HCCMKSQ]Y]UOKEESOSQKIEd@?BDi@CCGGCEEIEIEGKUISCKGMEMCKCMIi@ESESEOGSc@w@GGC[BEHENIPI`@QDC\MJCFCHCDAD?R?@NBJ@F?R@R?JEh@A^Ab@?@EpA?HAHCHAHAFIVEJCHKVKUISCKGMEMCKCMIi@ESESEOGSc@w@GGC[BEHENIPI`@QDC\MJCFCHCDAD?R?P?F?PBD?`@ENCRGDCHGFGBCBEDEv@pBlAzCHPf@{@Se@GO_@}@JSV_@c@r@^|@FNRd@g@z@IQmA{Cw@qBEDCDCBGFIFEBSFOBa@DE?KJIFCBIF?R@R?JEh@A^Ad@EpA?`A?f@?L?P?JBVRPRNDDNJ\T\XRPLJBB	Click to Generate
S2	30	1			3	Windy House Lane Pocket Park (S2)	Leaves (S2)	UBU (S2)	2134	1600	c|udIf}uG^^~DjEELCFCBg@^AGGW??FV@Ff@_@BCBGDMNNzA|At@x@@?l@p@pBvC??qBwCIJcAnAGF{@v@w@^k@^u@Ts@RYDYDg@HG??TBx@Bl@Fj@FX@HDRJ\`AzB`AtBJR@BLYRYBCDINUNY^q@BEzAqC`ByC|A}C^q@`AgB`AmBVo@Xw@L[d@y@@E@E?C@E?E?G?E?C?EAC?A?EAEAEAGCEAEEG[SmBkA_BcAsA}@UQoA_Ae@g@EIY]MLKHQB]?QKSSQPyA|AABe@f@w@v@Y\AJAL?BETTV	Click to Generate
S2	30	1			3	I Said Bread (S2)	Kingdom Hall of Jehovah's Witnesses (S2)	Wobbly Wheel Cyclery (S2)	2434	1826	oatdI`h~Gw@@Q@yAfAM@EE|@eDJy@BcA?m@QuEW_G?WF?lAL`@?LAJlIDDt@ARAHlDHbFDZuCzG]z@_FfLeA_BdA~AfC_GvAgD\{@tC{GtBwEMaHKuG?GcAFw@FG?E?o@DWBM@a@?mAMG??VV~FPtE?l@CbAKx@}@dDDDLAxAgAPAv@A	Click to Generate
S2	60	1			3	Path up to the Cholera Monument, Sheffield (S2)	Substantial Victorian houses in Norfolk Road (S2)	Sheffield Inclusion Centre (S2)	5721	4291	c|wdI`f|Gb@GB`@AF?BABABABC@A@u@LgAPG@EBEDABGJc@c@EC_A_ACCuAuA{@y@SQg@g@IKGMvAaDFMn@}Ad@gAtA}CBElCkGl@wA@CXo@JWhBkEfEmMBE@ABATA@k@@o@@y@BgA@QJyFJuFDuBD}BFoC?K@k@TUZ]fBeBRS^]BADEFG~BuBrFgFDEFEzCuCv@u@|@_ARQDEDEx@u@^]nAqA\m@~@cBf@aA^m@`@u@h@_AFMDIP[HMDIDKDEb@w@HKd@{@jBkDj@cABFBFj@lAVj@d@`ATf@Tf@@Bl@rAb@~@FL`@~@b@hARl@?BN`@UTu@t@qBjBw@v@eAbAcA~@I[Ke@GUw@_DCGIUOEIAGA?S?O?KCQKc@e@{AIUCGMc@KKGGIGCCEAK?i@~@a@t@_@l@g@`A_AbB]l@oApA_@\y@t@EDEDSP}@~@w@t@{CtCGDEDsFfF_CtBGFEDC@_@\SRgBdB[\UTAj@?JGnCE|BEtBKtFKxFAPCfAAx@An@Aj@U@C@A@CDgElMiBjEKVYn@ABm@vAmCjGCDuA|CuAdDGLwA`DFLHJf@f@RPz@x@tAtABB~@~@DBb@b@FK@CDEDCFA|B_@@ABA@C@C@C?C@GCa@c@F	Click to Generate
S2	45	1			3	Arbourthorne Community Primary School (S2)	ExtraCare (S2)	Newfield Green Dental Surgery (S2)	3724	2793	ymtdIxiyG_@IAVCx@Ev@G~@GdAKzACb@Gz@?FIfAGt@E`@Kz@EZEXG\_@SUMk@]i@]i@c@OKSSKIMK[_@Q[OSM[GOCEK]GSJKHGFADDDJBFFFBAtAy@??uAx@C@GGCGEKEEG@IFKJFRJ\BDFNLZNRPZZ^LJJHRRNJh@b@h@\j@\TL^RSz@Qv@Wx@Od@MXGNMXSd@EHGHMVHR@BBBHDJ?F?FC`B]r@On@OVGFAF?F?F?PD`@LH@l@XLHPJRAFAH?DCHCBGLW@EJSJQLSFIBG@AN[@EFIBENYR[HMJOTUPOhBaBLKJMJM`@k@BCPYf@s@AKAI?M?K?I@]AS?[A]EYISIMKGGAU@CBMJIJi@dAQ\g@`AUd@CBc@|@a@x@dAwBBCTe@f@aAP]h@eAHKLKBCTAF@JFHLHRDX@\?Z@RA\?H?J?L@H@Jg@r@QXCBa@j@KLKLMJiB`BQNUTKNILSZOXCDGHADOZA@CFGHMRKPKRADMVCFITEHCLKIGGEGGGQKMIm@YIAFu@HsA?Ic@Gb@F?HIrAGt@H@l@XLHPJRAD?@AH?DCHCBGLW@EJSJQLSFIBG@AN[@EFIBEKSGKFJJRCDGHADOZA@CFGHMRKPKRADMVCFITEHCLKIGGEGGGQKMIm@YIAFu@HsA?IBe@@OEQMIK?a@NK@KEGKGOAS?C?WJo@@KPy@Py@H]@GLm@VqADSBKJw@@IAUCQIMICEAQHYTSRQRGDGFIBEA[EBc@J{AFeAF_ADw@By@@W^H	Click to Generate
S2	60	1			3	Burton Roofing Merchants (S2)	Pentagon Jeep (S2)	Sheffield Animal Centre (S2)	4419	3314	otydI~kvGP^R`@R`@Rb@BHNZTf@jAwANUlAgBHOTg@t@aB`@{@S]Vu@Ni@CHK^Wt@R\^gANg@Ru@Nm@Lg@b@aBJe@Rs@f@f@XRTPn@f@k@pCGVg@zB@ZVb@XRTPNLFFTR_@hBOr@Ns@^iBUSGGOMUQYSWc@A[f@{Br@iDo@g@UQYSg@g@Sr@Kd@c@`BMf@Ol@St@Of@_@fAa@z@u@`BUf@INmAfBOTkAvA[f@u@~@ELGJy@fB]`AK\g@dBSz@UhACPQjAKx@QvAIt@Kr@CNe@xBUa@QYOQCCu@e@OIq@_@k@Wm@]_@Sc@WcAk@_@Sm@]ECKEe@WmAo@AAKGyBmAqEiC[Q[SEGGGKMEKAI?KNM@CFQDQJc@He@l@cDHg@`@_CFc@Pu@^qAXZTPNL\cAL]LFHF`AdAp@r@NFl@^d@^r@bAxFbGCn@Qd@_AhACDWb@Yz@a@`BvAv@f@X|@f@DH@PKn@a@vCj@Vp@^NHt@d@BBNPPXT`@d@yBBOJs@Hu@PwAJy@PkABQTiAR{@f@eBJ]\aAx@gBFKDMt@_AZg@Ug@O[CISc@Sa@Sa@Q_@	Click to Generate
S2	20	1			3	Porcelanosa (S2)	Alam Hill Books (S2)	Heeley Sidings (S2)	1589	1192	_ktdI~h_H@@NHFFJHNLFHFDHHZZl@d@ELGRENADECUK_@QGC@Y?G@IDUDQIIGEGIOMKIGGOIKE]Q{@]BUXq@Vk@DKj@wAxAiDdC}FHLpAvBiC`GiA~C_@hAY~@K^NLFHFDHHZZl@d@X\dAhANPJJEJCFILCHEJKh@ITGXD\@B@@BFn@pARa@R]u@}AMV@R@Dj@hAS`@o@qAEIACE]FYAQDq@BKBQJS[]{@iAMQg@s@[[IIGEGIOMKIGGOIAA	Click to Generate
S2	60	1			3	Castle View Park (S2)	St Swithun (S2)	Hair & Beauty Lounge (S2)	6401	4801	swvdIf}vG??eD|BaBhAOb@f@rCjAhHuBxAc@Zk@`@e@ZwBxAg@Xs@f@aB`AGc@MqAImBEu@MkCbAw@FQHe@H_AX{Cv@sADIDKvBsDrBaDe@aAQUyDq@WGaAOq@a@QSUe@KO^}@\cBNwBkAa@kBc@M?I@IDOTi@z@KRm@cBs@aBsAkCEDK@GCGICMAM@M@GDIFEFAHBDHx@gAZc@TSVMRGF?PAjABz@Bf@Dp@Ap@Kr@c@v@_AFHR\TZ`@`@hBbAdCvADBVNNFNFRDP?TIRMd@y@d@{@`AmBNUh@u@d@o@`@]LKj@e@|@g@TITCRA`@ALGDEJKFMFHDD`AdAdBjBCJe@nCKjDXI~@UbB_@`@K?Q@QF[JWHIJGHC?SMaEE_CGqAKk@Qi@Uc@IKMM_@Ym@a@c@WGEAFEBC@E?ECCCCG?I?IICaDwAUMaDuAAAeCeAoAi@OGOVc@|@INGHgB~CaBjDw@zAOX]n@GL[I_@v@??Bl@Wf@]p@_AlBw@~@s@b@q@Jq@@g@E{@CkACQ@G?SFWLUR[b@y@fADJ@L?FCLEJrAjCr@`Bl@bBaA|A[h@nAxCnAxCKRs@jAh@bA^Vd@@BCJIRQlApChAjCd@fAYzCI~@Id@GPcAv@LjCDt@HlBLpAFb@`BaAr@g@f@YvByAd@[j@a@b@[tByAkAiHg@sCNc@`BiAdD}B??	Click to Generate
S2	30	1			3	Temple Park Centre (S2)	Castle View Park (S2)	Hair & Beauty Lounge (S2)	3012	2259	yzwdIdbvGO]CCGGIGICGAG?GBWVCDC?A?MIp@kACMAM@M@GDIFEFAHBDHx@gAZc@TSVMRGF?ARGV?p@?I?g@FW@SG?SFWLUR[b@y@fADJ@L?FCLEJrAjCr@`Bl@bBJSh@{@NUHEHAL?jBb@jA`@zBp@^Lp@T|Ah@l@^Zb@Pb@BH@DHd@Dr@A`AKv@ENe@jAe@aAQUyDq@WGaAOq@a@QSUe@KO^}@\cBNwBkAa@kBc@M?I@IDOTi@z@KRm@cBs@aBsAkCEDK@GCGICMAM@M@GDIFEFAHBDHx@gAZc@TSVMRGF?PAjABz@Bf@Dp@Ap@Kr@c@v@_A~@mB\q@Vg@Cm@??^w@ZHq@tAEDWf@]p@_AlBw@~@s@b@q@Jq@@g@E{@CkACQ@G?SFWLUR[b@y@fADJ@L?FCLEJEDK@GCGIq@jALH@?B?BEVWFCF?F@HBHFFFBBN\	Click to Generate
S2	20	1			3	St Vincent's (S2)	Temple Park Centre (S2)	Hair & Beauty Lounge (S2)	1483	1112	k|wdIt|uG??HBDHDJ@L?FCLEJrAjCr@`BOV_@}@k@qAWm@CCGGIGICGAG?GBWVCDC?A?MIp@kACMAM@M@GDIFEFAHBDHx@gAZc@TSVMRGF?ARGV?p@?I?g@FW@SPAjABz@Bf@Dp@Ap@Kr@c@v@_A~@mB\q@Vg@Cm@??^w@ZHq@tAEDWf@]p@_AlBw@~@s@b@q@Jq@@g@E{@CkACQ@G?SFWLUR[b@y@fADJ@L?FCLEJEDK@GCGICMAM@M@GDIFEFA	Click to Generate
S2	20	1			3	Manor Park Medical Centre (S2)	Temple Park Centre (S2)	Castle View Park (S2)	1802	1352	gzwdIfcvGa@_ACCGGIGICGAG?GBWVCDC?A?MIp@kACMAM@M@GDIFEFA??HBDHx@gAZc@TSVMRGF?ARGV?p@?I?g@FW@SG?SFWLUR[b@y@fADJ@L?FCLEJrAjCr@`Bl@bBJSh@{@NUHEHAL?jBb@jA`@zBp@^Lp@T|Ah@l@^Zb@Pb@BH@DHd@Dr@A`AKv@ENe@jAe@aAQUyDq@WGaAOq@a@QSUe@KO^}@\cBNwBkAa@kBc@M?I@IDOTi@z@KRm@cBOV_@}@a@_A	Click to Generate
S2	30	1			3	Windy House Lane Pocket Park (S2)	UBU (S2)	Leaves (S2)	2424	1818	a~udIh_vGAk@I@EAGAECEEGGEKIWE]?Q@QF[JWHIJGHCP@LBDDDHDNHZ@N@NAJAL?BETt@v@~DjEELCFCBg@^AGGW??FV@Ff@_@BCBGDMNNzA|At@x@@?l@p@IJcAnAGF{@v@w@^k@^u@Ts@RYDYDg@HG??TBx@Bl@Fj@FX@HDRJ\`AzB`AtBJR@BLYRYBCDINUNY^q@BEzAqC`ByC|A}C^q@`AgB`AmBVo@Xw@L[d@y@@E@E?C@E?E?G?E?C?EAC?A?EAEAEAGCEAEEG[SmBkAGT]xAENa@jAq@|ASb@Q\_@r@q@z@pBvC??qBwCm@q@A?u@y@{A}AOO_EkEu@w@CFCFGJEDGDEBE@@j@	Click to Generate
S2	20	1			3	Leaves (S2)	Windy House Lane Pocket Park (S2)	UBU (S2)	1867	1400	qeudIhivGHQVo@Xw@L[d@y@@E@E?C@E?E?G?E?C?EAC?A?EAEAEAGCEAEEG[SmBkAGT]xAENa@jAq@|ASb@Q\_@r@q@z@pBvC??qBwCm@q@A?u@y@{A}AOOELCFCBg@^AGGW??FV@Ff@_@BCBGDMNNzA|At@x@@?l@p@IJcAnAGF{@v@w@^k@^u@Ts@RYDYDg@HG??TBx@Bl@Fj@FX@HDRJ\`AzB`AtBJR@BLYRYBCDINUNY^q@BEzAqC`ByC|A}C^q@`AgBv@{A	Click to Generate
S2	30	1			3	Leaves (S2)	Windy House Lane Pocket Park (S2)	UBU (S2)	2605	1954	idudIhgvG]l@Vo@Xw@L[d@y@@E@E?C@E?E?G?E?C?EAC?A?EAEAEAGCEAEEG[SmBkAGT]xAENa@jAq@|ASb@Q\_@r@q@z@pBvC??qBwCm@q@A?u@y@{A}AOOELCFCBg@^AGGW??FV@Ff@_@BCBGDMNNzA|At@x@@?l@p@IJcAnAGF{@v@w@^k@^u@Ts@RYDYDg@HG??TBx@Bl@Fj@FX@HDRJ\`AzB`AtBJR@BLYRYBCDINUNY^q@BEzAqC`ByC|A}C^q@`AgB`AmBVo@Xw@L[d@y@Ra@DIJUHOJSJQ`@_AN]FSTw@DOP_ABONYJg@DUDUBE@CBAB?B?D?D@DD^|@Tn@N\Rl@Jd@@HAd@ATCNENENGVGTEPKRi@F_@DODM@{@FWTO@]BK@GBC@IDGBIHEDEDABCBiAnB	Click to Generate
S2	20	1			3	Boots (S2)	Meersbrook Park Church (S2)	Alam Hill Books (S2)	1457	1093	kgtdIfl_Hd@^X\dAhANPJJEJCFILCHEJKh@ITGXIA??AAAAEICEAEUg@BqAD@T^CjAEJ@DHN@@@@??H@FYAQDq@BKBQJSNMJJPRPTRZ@BBDDHN^LZZ`A[k@KQIQOUOWWa@EGW[QQ[]{@iAMQg@s@[[IIGEGIOMKIGGOIKE]Q{@]BUXq@Vk@DKj@wAxAiDdC}FHLpAvBiC`GiA~C_@hAY~@K^NLFHFDHHZZFD	Click to Generate
S2	60	1			3	HSS Hire (S2)	Burton Roofing Merchants (S2)	Manor Park Medical Centre (S2)	7720	5790	cuxdIvdtGMJ_Bt@Ks@SaBn@wA`@gAZ_A\oADWFUTiA\sBp@yEx@kFHo@BMj@cEJg@xDfCtBjBpAjAPNDD\ZTVHFHDF@F?HEFEDCPCJ@VJXRXRPVJNDNHd@Fd@@P?PARAPIVGNIHGBG@MBI?WR[n@uAhFg@nBaEzNk@bCi@`Cy@zDy@tDO`BkAlGE`@?^?^D^D\Lf@Lv@?b@A`@EXETMVONUFU?UEUSqBaBwAsAyAaAKGYOCBOXm@`@cApAYf@[z@f@f@XRTPn@f@NLJEd@qBNJnAbADNk@fCILqAkAEO@g@KDOMi@a@EEUQYSg@g@Sr@Kd@c@`BMf@Ol@St@Of@_@fAS]Vu@Ni@CHK^Wt@R\^gANg@Ru@Nm@Lg@b@aBJe@Rs@Z{@Xg@bAqAF]Dc@Ca@CW@UFWFMDEHEJAFBD@HJDJDLVx@P`@N\n@x@vArApB`BTRTDT?TGNOLWDUDY@a@Mk@OWQKMCQDSNMXWbAa@bBm@dCg@zBm@fBi@dCWvByBfKU~@SdAa@dCcA|HW~ADRDJDFLCf@W`AcAp@s@hC_BNUFOPWZ}@j@_Bd@sA~@oCVs@d@sA^iAL[LUTa@\e@Z[VSXO^Ol@QXORMTS^]v@kANYrBkDp@kACMAM@M@GDIFEFA??HBDHx@gAZc@TSVMRGF?PAjABz@BDgBJ}AJ{@VyB^_DP}AV{BTeBPsAPcAl@kBHO??FMpAeCGyAYyFCi@GoAK{B[QGEIEOMy@g@s@i@q@o@aAgAa@a@QWW]EIOSw@gAIMIGECICW?GBG@MBI?]KQIIGq@k@GIEIEKCOEUA_@A_@C]I[KSKOGGoBiBeCuB}AeAo@a@o@_@k@bECLIn@y@jFq@xE]rBUhAtAlAf@b@j@l@U|@]z@e@|@s@v@g@`@	Click to Generate
S2	45	1			3	Premier, Steve's Convenience Shop (S2)	Meersbrook Park Church (S2)	Kingdom Hall of Jehovah's Witnesses (S2)	3752	2814	}lsdIta_HIlAtDc@^EJ@Hw@LeAn@uDBS?_@?W?gDAqADo@BYLm@HMLISkDE[CQeAoFOu@U?_Be@e@G{@@a@JsC~@yCz@BbCDbBmClGeAiB??dAhBkBfEgAdCiC`GiA~C_@hAY~@K^NLFHFDHHZZl@d@X\dAhANPJJPRPTRZ@BBDDHN^LZZ`A[k@KQIQOUOWWa@EGW[QQ[]{@iAMQg@s@[[IIGEGIOMKIGGOIKE]Q{@]BUXq@Vk@DKj@wAfC_GvAgDHLpAvBiC`GiA~C_@hAY~@K^NLFHFDHHZZl@d@X\dAhANPJJPRPTRZDHDHN^LZZ`AZ~@v@hCV|@DLFRBFJd@DJBJPj@BHLQjAiAb@e@z@}@RUDEbAaAvAcACy@E_AEuBCoD@mAFyALsBDIHmA	Click to Generate
S2	45	1			3	Boots (S2)	Another Level (S2)	The Hardy Pick (S2)	3184	2388	o`tdIvs_HBDDHN^LZZ`A[k@KQIQOUOWWa@EGW[ILCHEJKh@ITGXIA??AAAAEICEAEUg@BqAD@T^CjAEJ@DHN@@@@??H@FYAQDq@BKBQJS[]{@iAMQGRENAD?DAHAJAt@AP?R_AKECCC?C?CLaC@Y?G@IDUDQZZj@b@@@ELg@s@[[IIGEGIOMKIGGOIKEA\GnAKnCALCJEFYn@CD?DAD?B?D@D@DXj@fAzBLZFTDRF`@@^E@C@A?C@EBCDe@p@v@pBlAzCHPf@{@Se@GO_@}@JSV_@c@r@^|@FNRd@g@z@IQmA{Cw@qBEDCDCBGFIFEBSFOBa@DE?KJIFCBIFEACACCCAAGGQCIEMAGEKEOISQk@]u@oAeDg@kAeAgCi@oAMc@Y_ACMCICCEIEGEGGEa@UaAm@kBiAmAs@MIIIGGIIGMEIOc@EKAKCME]K}@Gc@Ks@ASEc@Ce@T@B?H?XAFAF?REZ?b@Av@A\?V?J@H@D@B@JDHDHHTRTTX\PTPTZd@`@n@f@t@f@t@HLFFDHLNDFBBVXLLFDXPNJNHPLTH\Pd@PHBFBZLz@\\PJDNHFFJHNLFHFDHHZZl@d@X\dAhANPJJPRPTRZ@B	Click to Generate
S2	45	1			3	74th Oak Street Scout Group (S2)	Cat Lane Bakery (S2)	Wobbly Wheel Cyclery (S2)	3135	2351	abtdItz|GDjAEV`@FZ`CFfCw@D@J@p@BrBDlCWBM@a@?mAMG?E?eE[c@k@}Aw@gAq@[Oq@][a@IOIUMSi@_@P_ABc@Bg@?_@AaA?G?M@I?E@G?C@GBMCEEGMQZg@JSBGBIHW@AH_@FQJa@@EDSJ_@Ng@V_ApCwIBITMHEFCBADAP?RBTFf@VD@@@DBjAr@VJ^FDPAVYnASjAEd@Eb@A\Ab@@\@p@D|@o@LmAPsBVI?i@OgAUu@Qq@QGPI^A@IVCHCFKR[f@LPDFBDF@D@PDPDz@RB?`AT@?TFPB`AVl@NzBf@n@NB?^HNDZ@@ZIj@Q~@Gt@EnAAjAH~A?^F?lAL`@?LAVCn@ED?F?v@GbAG?FJtGnBKKsG?GOqKCK@_@@WAIAIoGeAa@GDWEkA	Click to Generate
S2	20	1			3	Top Chopper (S2)	Broadfield Park (S2)	The Hardy Pick (S2)	1637	1228	qktdIts`H??SQ]Y]UOKEESOSQKIEd@?BDi@CCGGCEEIEIEGKUISCKGMEMCKCMIi@ESESEOGSc@w@GGC[BEHENIPI`@QDC\MJCFCHCDAD?R?@NBJ@F?R@R?JEh@A^Ab@?@EpA?HAHCHAHAFIVEJCHKVKUISCKGMEMCKCMIi@ESESEOGSc@w@GGC[BEHENIPI`@QDC\MJCFCHCDAD?R?P?F?PBD?`@ENCRGDCHGFGBCBEDEv@pBlAzCHPf@{@Se@GO_@}@JSV_@c@r@^|@FNRd@g@z@IQmA{Cw@qBEDCDCBGFIFEBSFOBa@DE?KJIFCBIF?R@R?JEh@A^Ad@EpA?`A?f@?L?P?JBVRPRNDDNJ\T\XRP??	Click to Generate
S2	30	1			3	Newfield Green Library (S2)	Gleadless Medical Centre (S2)	Pizza City (S2)	2701	2026	actdI~_zGbAwBBCTe@f@aAP]h@eAHKLKBCTAF@JFHLHRDX@\?Z@RA\?H?JI?MJ[h@CBQVY`@AL?F?BHRKLKLMJiB`BQNUTKNILSZOXCDGHADOZA@CFGHMRKPKRADHNZl@??[m@IOMVCFITEHCLKIGGEGGGQKMIm@YIAFu@HsA?IBe@@OEQMIK?a@NK@KEGKGOAS?C?WJo@@KPy@Py@H]@GLm@VqADSBKJw@@IAUCQIMICEAQHYTSRQRGDGFIBEA[EBc@J{AFeAF_A@[B[By@@WfATB_@C^gAUAVCx@Ev@G~@GdAKzACb@Gz@?FIfAGt@E`@Kz@EZEXG\Sz@Qv@Wx@Od@MXGNMXSd@EHGHMVHR@BBBHDJ?F?FC`B]r@On@OVGFAF?F?F?PD`@LH@l@XLHPJRAFAH?DCHCBGLW@EJSJQLSFIBG@AN[@EFIBENYR[HMJOTUPOhBaBLKJMJM`@k@BCPYf@s@AKAI?M?K?I@]AS?[A]EYISIMKGGAU@CBMJIJi@dAQ\g@`AUd@CBcAvB	Click to Generate
S2	30	1			3	Nether Edge Primary School (S2)	Broadfield Park (S2)	Virgin Crucible (S2)	2460	1845	qytdI~oaHHUJ]BKFWPw@Hc@TkANq@`@_CFc@d@uE^aEL_BFi@BM?EBG@EN]DFDHDHBDFFBBJHRPRNDDNJ\T\XRPQr@CFAFUhAAJ[zAERMj@AD?B?B?D@B@BJFr@d@FDFDl@wCBONu@XwAQWIKKMKKKKMKSQ]Y]UOKEESOSQKICCGGCEEIEIEGKUISCKGMEMCKCMIi@ESESEOGSc@w@GGC[BEHENIPI`@QDC\MJCFCHCDAD?R?@NBJ@F?R@R?JEh@A^Ab@?@EpA?HAHCHAHAFIVEJCHKVKUISCKGMEMCKCMIi@ESESEOGSc@w@GGC[BEHENIPI`@QDC\MJCFCHCDAD?R?P?F?PBD?`@ENCSkCCYCUCOIQIWM]Zk@[j@L\HVHPBNBTVdDOBa@DE?KJIFCBIF?R@R?JEh@A^Ad@EpA?HAHCHAHAFIVEJCHKVO\ADCF?DCLGh@M~A_@`Ee@tEGb@a@~BOp@UjAIb@Qv@GVCJK\IT	Click to Generate
S2	30	1			3	Broadfield Park (S2)	The Hardy Pick (S2)	Virgin Crucible (S2)	2195	1646	_mtdIbx`HAJ[zAERMj@AD?B?B?D@B@BJFr@d@FDFDl@wCBONu@XwAQWIKKMKKKKMKSQ]Y]UOKEESOSQKICCGGCEEIEIEGKUISCKGMEMCKCMIi@ESESEOGSc@w@GGC[BEHENIPI`@QDC\MJCFCHCDAD?R?@NBJ@F?R@R?JEh@A^Ab@?@EpA?HAHCHAHAFIVEJCHKVKUISCKGMEMCKCMIi@ESESEOGSc@w@GGC[BEHENIPI`@QDC\MJCFCHCDAD?R?P?F?PBD?`@ENCRGDCHGFGBCBEDEv@pBlAzCHPf@{@Se@GO_@}@JSV_@c@r@^|@FNRd@g@z@IQmA{Cw@qBEDCDCBGFIFEBSFSkCCYCUCOIQIWM]Zk@[j@L\HVHPBNBTVdDOBa@DE?KJIFCBIF?R@R?JEh@A^Ad@EpA?`A?f@?L?P?JBVRPRNDDNJ\T\XRPQr@CFAFUhA	Click to Generate
S2	45	1			3	Newfield Green Dental Surgery (S2)	Daily News & Cards (S2)	Pizza City (S2)	3141	2356	_etdIfgzGFJJRCDGHADOZA@CFGHMRKPKRADMVCFITEHCLKIGGEGGGQKMIm@YIAFu@HsA?Ic@Gb@F?HIrAGt@H@l@XLHPJRAD?@AH?DCHCBGLW@EJSJQLSFIBG@AN[@EFIBENYR[HMJOTUPOhBaBLKJMJM`@k@BCPYf@s@AKAI?M?K?I@]AS?[A]EYISIMKGGAU@CBMJIJi@dAQ\g@`AUd@CBIN{@fBdAwBBCTe@f@aAP]h@eAHKLKBCTAF@JFHLHRDX@\?Z@RA\?H?J?L@H@Jg@r@QXCBa@j@KLKLMJiB`BQNUTKNILSZOXCDGHADOZA@CFGHMRKPKRADMVCFITEHCLKIGGEGGGQKMIm@YIAFu@HsA?IBe@@OEQMIK?a@NK@KEGKGOAS?C?WJo@@KPy@Py@H]@GLm@VqADSBKJw@@IAUCQIMICEAQHYTSRQRGDGFIBEA[EBc@J{AFeAF_A@[B[By@@WfATB_@C^gAUAVCx@Ev@G~@GdAKzACb@Gz@?FIfAGt@E`@Kz@EZEXG\Sz@Qv@Wx@Od@MXGNMXSd@EHGHMVHR@BBBHDJ?F?FC`B]r@On@OVGFAF?F?F?PD`@LH@l@XLHPJRAFAH?DCHCBGLW@EJSJQLSFIBG@AN[@EFIBEKSGK	Click to Generate
S2	30	1			3	Newfield Green Clinic (S2)	Daily News & Cards (S2)	Pizza City (S2)	2668	2001	mhtdIvmzG@AH?DCHCBGLW@EJSJQLSFIBG@AN[@EFIBEKSGK??FJJRNYR[HMJOTUPOhBaBLKJMJM`@k@BCPYf@s@AKAI?M?K?I@]AS?[A]EYISIMKGGAU@CBMJIJi@dAQ\g@`AUd@CBIN{@fBdAwBBCTe@f@aAP]h@eAHKLKBCTAF@JFHLHRDX@\?Z@RA\?H?J?L@H@Jg@r@QXCBa@j@KLKLMJiB`BQNUTKNILSZOXCDGHADOZA@CFGHMRKPKRADMVCFITEHCLKIGGEGGGQKMIm@YIAFu@HsA?IBe@@OEQMIK?a@NK@KEGKGOAS?C?WJo@@KPy@Py@H]@GLm@VqADSBKJw@@IAUCQIMICEAQHYTSRQRGDGFIBEA[EBc@J{AFeAF_A@[B[By@@WfATB_@C^gAUAVCx@Ev@G~@GdAKzACb@Gz@?FIfAGt@E`@Kz@EZEXG\Sz@Qv@Wx@Od@MXGNMXSd@EHGHMVHR@BBBHDJ?F?FC`B]r@On@OVGFAF?F?F?PD`@LH@l@XLHPJRAD?	Click to Generate
S2	30	1			3	One Stop Mini Market (S2)	Gleadless Medical Centre (S2)	Pizza City (S2)	2703	2027	g|sdIr}yGPWBCZi@LKH??K?I@]AS?[A]EYISIMKGGAU@CBMJIJi@dAQ\g@`AUd@CB}@jBGJdAwBBCTe@f@aAP]h@eAHKLKBCTAF@JFHLHRDX@\?Z@RA\?H?J?L@H@Jg@r@QXCBa@j@KLKLMJiB`BQNUTKNILSZOXCDGHADOZA@CFGHMRKPKRADHNZl@??[m@IOMVCFITEHCLKIGGEGGGQKMIm@YIAFu@HsA?IBe@@OEQMIK?a@NK@KEGKGOAS?C?WJo@@KPy@Py@H]@GLm@VqADSBKJw@@IAUCQIMICEAQHYTSRQRGDGFIBEA[EBc@J{AFeAF_A@[B[By@@WfATB_@C^gAUAVCx@Ev@G~@GdAKzACb@Gz@?FIfAGt@E`@Kz@EZEXG\Sz@Qv@Wx@Od@MXGNMXSd@EHGHMVHR@BBBHDJ?F?FC`B]r@On@OVGFAF?F?F?PD`@LH@l@XLHPJRAFAH?DCHCBGLW@EJSJQLSFIBG@AN[@EFIBENYR[HMJOTUPOhBaBLKJMJMIS?C?G@MXa@	Click to Generate
S2	45	1			3	Gleadless Medical Centre (S2)	Pizza City (S2)	Arbourthorne Community Primary School (S2)	3252	2439	satdIn}yGTg@BCTe@f@aAP]h@eAHKLKBCTAF@JFHLHRDX@\?Z@RA\?H?J?L@H@Jg@r@QXCBa@j@KLKLMJiB`BQNUTKNILSZOXCDGHADOZA@CFGHMRKPKRADHNZl@??[m@IOMVCFITEHCLKIGGEGGGQKMIm@YIAFu@HsA?IBe@@OEQMIK?a@NK@KEGKGOAS?C?WJo@@KPy@Py@H]@GLm@VqADSBKJw@@IAUCQIMICEAQHYTSRQRGDGFIBEA[EBc@J{AFeAF_A@[B[By@@WBw@@m@Bo@@i@@g@@e@?G?M?O@c@G@MFa@Po@\aAj@a@VSLYPiBpAg@\e@\}@r@y@n@EBPbBJ|@D^Lr@Lp@BLFXDJJKHGFADDDJBFFFBAtAy@??uAx@C@GGCGEKEEG@IFKJFRJ\BDFNLZNRPZZ^LJJHRRNJh@b@h@\j@\TL^RSz@Qv@Wx@Od@MXGNMXSd@EHGHMVHR@BBBHDJ?F?FC`B]r@On@OVGFAF?F?F?PD`@LH@l@XLHPJRAFAH?DCHCBGLW@EJSJQLSFIBG@AN[@EFIBENYR[HMJOTUPOhBaBLKJMJM`@k@BCPYf@s@AKAI?M?K?I@]AS?[A]EYISIMKGGAU@CBMJIJi@dAQ\g@`AUd@CBUf@	Click to Generate
S2	60	1			3	Meersbrook Service Station (S2)	74th Oak Street Scout Group (S2)	Gleadless Medical Centre (S2)	4311	3233	{jtdIt_|GNENSRa@Xu@b@gBBYCYM[U`@MZc@pAKXKPA@OFI@G?IAKAIp@Gf@CLGb@CRENI\IZK\CHqCvIW~@Of@K^ERADK`@GPI^A@IVCHCFKR[f@LPDFBDF@D@PDPDz@RB?`AT@?TFPB`AVl@NzBf@n@NB?^HNDZ@PGNQh@s@Tg@DWEkAAOHmBN}@RyAFUJ]hB\~Bb@rBjFQDqDo@qEw@IlBFzAEV`@FZ`CFfCw@D@J@p@BrBDlCWBM@a@?mAMG?E?eE[c@k@}Aw@gAq@[Oq@][a@IOIUMSi@_@P_ABc@Bg@?_@AaA?G?M@I?E@G?C@GBMCEEGMQZg@JSBGBIHW@AH_@FQJa@@EDSJ_@Ng@V_ApCwIBIJ]H[H]DOBSFc@BMFg@Hq@J}@LkAT{ANeABOVsBBYHuAFoAHsAHoADs@Dq@@_@?S?S?a@@c@Ae@?]ASAS?AC_@Em@GeACS?I?CAO?I@M?K@O@O@KDSDSBMDIHUBGLWHNZl@??[m@IOMVCFITEHCLERERAJANAN?JAL?H@N?B?HBRFdADl@B^?@@R@R?\@d@Ab@?`@?R?RA^Ep@Er@InAIrAGnAItACXWrBCNOdAUzAMjAK|@J@H@F?HANG@AJQJYb@qAL[Ta@LZBXCXc@fBYt@S`@OROD	Click to Generate
S2	30	1			3	Temple Park Centre (S2)	Castle View Park (S2)	Manor Park Medical Centre (S2)	2445	1834	ifwdIxluGMVBl@Wf@]p@_AlBw@~@s@b@q@Jq@@g@E{@CkACQ@ARGV?p@?I?g@FW@SG?SFWLUR[b@y@fADJ@L?FCLEJrAjCr@`Bl@bBJSh@{@NUHEHAL?jBb@jA`@zBp@^Lp@T|Ah@l@^Zb@Pb@BH@DHd@Dr@A`AKv@ENe@jAe@aAQUyDq@WGaAOq@a@QSUe@KO^}@\cBNwBkAa@kBc@M?I@IDOTi@z@KRm@cBs@aBsAkCEDK@GCGICMAM@M@GDIFEFA??HBDHx@gAZc@TSVMRGF?PAjABz@Bf@Dp@Ap@Kr@c@v@_A~@mB\q@Vg@Cm@LW	Click to Generate
S2	20	1			3	Gin Bar (S2)	Broadfield Park (S2)	The Hardy Pick (S2)	1704	1278	altdIfs`HCC]Y]UOKEESOSQKICCGGCEEIEIEGKUISCKGMEMCKCMIi@ESESEOGSc@w@GGGGGIQYGPEFMVDL@@BH?F?vC?V?zB?|@A\AZCn@\J@?B@@B@@@B@BBD?B@D?FHlA?B?B@D?B@@@B@B@@@@BB@?B@VH^aEL_BFi@@C@I?EBG@EN]JWBIDKHW@G@IBI@I?IDqA?A@c@@_@Eg@ASAMASCQGQR?P?F?PBD?`@ENCRGDCHGFGBCBEDEv@pBlAzCHPf@{@Se@GO_@}@JSV_@c@r@^|@FNRd@g@z@IQmA{Cw@qBEDCDCBGFIFEBSFOBa@DE?KJIFCBIF?R@R?JEh@A^Ad@EpA?`A?f@?L?P?JBVRPRNDDNJ\T\XBB	Click to Generate
S2	15	1			3	International Automatic Cars (S2)	Boots (S2)	Meersbrook Park Church (S2)	1437	1078	oftdI`m_HHDELg@s@[[IIGEGIOMKIGGOIKE]Q{@]BUXq@Vk@DKPXVd@H@t@aBu@`BIACES_@QYEJWj@Yp@CTz@\\PJDNHFFJHNLFHFDHHZZl@d@X\dAhANPJJEJCFILCHEJKh@ITGXIA??AAAAEICEAEUg@BqAD@T^CjAEJ@DHN@@@@??H@FYAQDq@BKBQJSNMJJPRPTRZ@BBDDHN^LZZ`A[k@KQIQOUOWWa@EGW[QQ[]{@iAMQGRENAD?DAHAJAt@AP?R_AKECCC?C?CLaC@Y?G@IDUDQZZb@^	Click to Generate
S2	30	1			3	Newfield Green Library (S2)	Gleadless Medical Centre (S2)	Pizza City (S2)	2691	2018	{btdIr_zG|@kBBCTe@f@aAP]h@eAHKLKBCTAF@JFHLHRDX@\?Z@RA\?H?JI?MJ[h@CBQVY`@AL?F?BHRKLKLMJiB`BQNUTKNILSZOXCDGHADOZA@CFGHMRKPKRADHNZl@??[m@IOMVCFITEHCLKIGGEGGGQKMIm@YIAFu@HsA?IBe@@OEQMIK?a@NK@KEGKGOAS?C?WJo@@KPy@Py@H]@GLm@VqADSBKJw@@IAUCQIMICEAQHYTSRQRGDGFIBEA[EBc@J{AFeAF_A@[B[By@@WfATB_@C^gAUAVCx@Ev@G~@GdAKzACb@Gz@?FIfAGt@E`@Kz@EZEXG\Sz@Qv@Wx@Od@MXGNMXSd@EHGHMVHR@BBBHDJ?F?FC`B]r@On@OVGFAF?F?F?PD`@LH@l@XLHPJRAFAH?DCHCBGLW@EJSJQLSFIBG@AN[@EFIBENYR[HMJOTUPOhBaBLKJMJM`@k@BCPYf@s@AKAI?M?K?I@]AS?[A]EYISIMKGGAU@CBMJIJi@dAQ\g@`AUd@CB}@jB	Click to Generate
S2	60	1			3	The Cholera Monument (S2)	Path up to the Cholera Monument, Sheffield (S2)	Sheffield Inclusion Centre (S2)	5968	4476	oexdIn}{GkAmBwA`DFLHJf@f@RPz@x@tAtABB~@~@DBb@b@FK@CDEDCFA|B_@@ABA@C@C@C?C@GCa@c@F??b@GB`@AF?BABABABC@A@u@LgAPG@EBEDABGJc@c@EC_A_ACCuAuA{@y@SQg@g@IKGMCECICImAqEWcAW}@Su@EQCKEKQu@y@}CMi@Kc@HIHKNO`AeANS`AeANSDEFE`@e@dCgDLSXe@JSP_@h@yAzAqEJWhHaTBKBITo@b@sAf@sAL]P]b@}@`@u@d@s@DGFINOTUZ]fBeBRS^]BADEFG~BuBrFgFDEFEzCuCv@u@|@_ARQDEDEx@u@^]nAqA\m@~@cBf@aA^m@`@u@h@_AFMDIP[HMDIDKDEb@w@HKd@{@jBkDj@cABFBFj@lAVj@d@`ATf@Tf@@Bl@rAb@~@FL`@~@b@hARl@?BN`@UTu@t@qBjBw@v@eAbAcA~@I[Ke@GUw@_DCGIUOEIAGA?S?O?KCQKc@e@{AIUCGMc@KKGGIGCCEAK?i@~@a@t@_@l@g@`A_AbB]l@oApA_@\y@t@EDEDSP}@~@w@t@{CtCGDEDsFfF_CtBGFEDC@_@\SRgBdB[\UTAj@?JGnCE|BEtBKtFKxFAPCfAAx@An@Aj@U@C@A@CDgElMiBjEKVYn@ABm@vAmCjGCDuA|CuAdDGLjAlB	Click to Generate
S2	60	1			3	Sheffield Cholera Monument (S2)	Substantial Victorian houses in Norfolk Road (S2)	Sheffield Inclusion Centre (S2)	5721	4291	_}wdIdh|Gt@M@ABA@C@C@C?C@GCa@c@F??b@GB`@AF?BABABABC@A@}B^G@EBEDABGJc@c@EC_A_ACCuAuA{@y@SQg@g@IKGMvAaDFMn@}Ad@gAtA}CBElCkGl@wA@CXo@JWhBkEfEmMBE@ABATA@k@@o@@y@BgA@QJyFJuFDuBD}BFoC?K@k@TUZ]fBeBRS^]BADEFG~BuBrFgFDEFEzCuCv@u@|@_ARQDEDEx@u@^]nAqA\m@~@cBf@aA^m@`@u@h@_AFMDIP[HMDIDKDEb@w@HKd@{@jBkDj@cABFBFj@lAVj@d@`ATf@Tf@@Bl@rAb@~@FL`@~@b@hARl@?BN`@UTu@t@qBjBw@v@eAbAcA~@I[Ke@GUw@_DCGIUOEIAGA?S?O?KCQKc@e@{AIUCGMc@KKGGIGCCEAK?i@~@a@t@_@l@g@`A_AbB]l@oApA_@\y@t@EDEDSP}@~@w@t@{CtCGDEDsFfF_CtBGFEDC@_@\SRgBdB[\UTAj@?JGnCE|BEtBKtFKxFAPCfAAx@An@Aj@U@C@A@CDgElMiBjEKVYn@ABm@vAmCjGCDuA|CuAdDGLwA`DFLHJf@f@RPz@x@tAtABB~@~@DBb@b@FK@CDEDCFAfAQ	Click to Generate
S2	45	1			3	Arbourthorne Community Primary School (S2)	Daily News & Cards (S2)	Newfield Green Clinic (S2)	3319	2489	mltdIdiyGC^gAUAVCx@Ev@G~@GdAKzACb@Gz@?FIfAGt@E`@Kz@EZEXG\_@SUMk@]i@]i@c@OKSSKIMK[_@Q[OSM[GOCEK]GSJKHGFADDDJBFFFBAtAy@??uAx@C@GGCGEKEEG@IFKJFRJ\BDFNLZNRPZZ^LJJHRRNJh@b@h@\j@\TL^RSz@Qv@Wx@Od@MXGNMXSd@EHGHMVHR@BBBHDJ?F?FC`B]r@On@OVGFAF?F?F?PD`@LH@l@XLHPJRAFAH?DCHCBGLW@EJSJQLSFIBG@AN[@EFIBENYR[HMJOTUPOhBaBLKJMJM`@k@BCPYf@s@AKAI?M?K?I@]AS?[A]EYISIMKGGAU@CBMJIJi@dAQ\g@`AUd@CBIN{@fBdAwBBCTe@f@aAP]h@eAHKLKBCTAF@JFHLHRDX@\?Z@RA\?H?J?L@H@Jg@r@QXCBa@j@KLKLMJiB`BQNUTKNILSZOXKSGK??FJJRCDGHADOZA@CFGHMRKPKRADMVCFITEHCLKIGGEGGGQKMIm@YIAFu@HsA?IBe@@OEQMIK?a@NK@KEGKGOAS?C?WJo@@KPy@Py@H]@GLm@VqADSBKJw@@IAUCQIMICEAQHYTSRQRGDGFIBEA[EBc@J{AFeAF_ADw@By@@WfATB_@	Click to Generate
S2	60	1			3	Burton Roofing Merchants (S2)	Makro (S2)	Manor Park Medical Centre (S2)	5448	4086	s_ydIx_vGj@qCo@g@UQYSg@g@Sr@Kd@c@`BMf@Ol@St@Of@_@fAS]Vu@Ni@CHK^Wt@R\a@z@u@`BUf@INmAfBOTkAvAUg@O[CISc@Sa@Sa@Q_@??m@bAu@tAVZNPDFV\TXX\RVELGJy@fB]`AK\g@dBSz@UhACPQjAKx@QvAIt@Kr@CNe@xBr@vAP\r@xABFl@hAd@|@@BDJFHFHJJn@f@JF\R~Az@@?B@F@@A@?B?@?BADELUR]v@sBv@wBf@uAb@cBXu@LSJQFIp@i@d@WTMLCf@W`AcAp@s@hC_BNUFOPWZ}@j@_Bd@sA~@oCVs@d@sA^iAL[LUTa@\e@Z[VSXO^Ol@QXORMTS^]v@kANYrBkDp@kACMAM@M@GDIFEFA??HBDHx@gAZc@TSVMRGF?PAjABz@BDgBJ}AJ{@VyB^_DP}AV{BTeBPsAPcAl@kBHO??FMpAeCGyAYyFCi@GoAK{B[QGEIEOMy@g@s@i@q@o@aAgAa@a@QWW]EIOSw@gAIMIGECICW?GBG@MBI?WR[n@uAhFg@nBaEzNk@bCi@`Cy@zDy@tDO`BkAlGE`@?^?^D^D\Lf@Lv@?b@A`@EXETMVONUFU?UEUSqBaBwAsAyAaAKGYOCBOXm@`@cApAYf@[z@f@f@XRTPn@f@k@pC	Click to Generate
S2	60	1			3	Burton Roofing Merchants (S2)	Makro (S2)	Manor Park Medical Centre (S2)	5413	4060	g}xdIf}uGEO@g@KDOMo@g@UQYSg@g@Sr@Kd@c@`BMf@Ol@St@Of@_@fAS]Vu@Ni@CHK^Wt@R\a@z@u@`BUf@INmAfBOTkAvAUg@O[CISc@Sa@Sa@Q_@??m@bAu@tAVZNPDFV\TXX\RVELGJy@fB]`AK\g@dBSz@UhACPQjAKx@QvAIt@Kr@CNe@xBr@vAP\r@xABFl@hAd@|@@BDJFHFHJJn@f@JF\R~Az@@?B@F@@A@?B?@?BADELUR]v@sBv@wBf@uAb@cBXu@LSJQFIp@i@d@WTMLCf@W`AcAp@s@hC_BNUFOPWZ}@j@_Bd@sA~@oCVs@d@sA^iAL[LUTa@\e@Z[VSXO^Ol@QXORMTS^]v@kANYrBkDp@kACMAM@M@GDIFEFA??HBDHx@gAZc@TSVMRGF?PAjABz@BDgBJ}AJ{@VyB^_DP}AV{BTeBPsAPcAl@kBHO??FMpAeCGyAYyFCi@GoAK{B[QGEIEOMy@g@s@i@q@o@aAgAa@a@QWW]EIOSw@gAIMIGECICW?GBG@MBI?WR[n@uAhFg@nBaEzNk@bCi@`Cy@zDy@tDO`BkAlGE`@?^?^D^D\Lf@Lv@?b@A`@EXETMVONUFU?UEUSqBaBwAsAyAaAKGYOCBOXm@`@cApAYf@[z@f@f@XRTPn@f@NLJEAf@DN	Click to Generate
S2	60	1			3	Burton Roofing Merchants (S2)	Makro (S2)	Manor Park Medical Centre (S2)	5440	4080	s|xdIz}uGSSEO@g@KDOMo@g@UQYSg@g@Sr@Kd@c@`BMf@Ol@St@Of@_@fAS]Vu@Ni@CHK^Wt@R\a@z@u@`BUf@INmAfBOTkAvAUg@O[CISc@Sa@Sa@Q_@??m@bAu@tAVZNPDFV\TXX\RVELGJy@fB]`AK\g@dBSz@UhACPQjAKx@QvAIt@Kr@CNe@xBr@vAP\r@xABFl@hAd@|@@BDJFHFHJJn@f@JF\R~Az@@?B@F@@A@?B?@?BADELUR]v@sBv@wBf@uAb@cBXu@LSJQFIp@i@d@WTMLCf@W`AcAp@s@hC_BNUFOPWZ}@j@_Bd@sA~@oCVs@d@sA^iAL[LUTa@\e@Z[VSXO^Ol@QXORMTS^]v@kANYrBkDp@kACMAM@M@GDIFEFA??HBDHx@gAZc@TSVMRGF?PAjABz@BDgBJ}AJ{@VyB^_DP}AV{BTeBPsAPcAl@kBHO??FMpAeCGyAYyFCi@GoAK{B[QGEIEOMy@g@s@i@q@o@aAgAa@a@QWW]EIOSw@gAIMIGECICW?GBG@MBI?WR[n@uAhFg@nBaEzNk@bCi@`Cy@zDy@tDO`BkAlGE`@?^?^D^D\Lf@Lv@?b@A`@EXETMVONUFU?UEUSqBaBwAsAyAaAKGYOCBOXm@`@cApAYf@[z@f@f@XRTPn@f@NLJEAf@DNRR	Click to Generate
S2	45	1			3	Arbourthorne Community Primary School (S2)	Momma Katz (S2)	Newfield Green Library (S2)	3117	2338	cotdI|lyGAZG~@GdAKzACb@Gz@?FIfAGt@E`@Kz@EZEXG\_@SUMk@]i@]i@c@OKSSKIMK[_@Q[OSM[GOCEK]GSJKHGFADDDJBFFFBAtAy@??uAx@C@GGCGEKEEG@IFKJFRJ\BDFNLZNRPZZ^LJJHRRNJh@b@h@\j@\TL^RSz@Qv@Wx@Od@MXGNMXSd@EHGHMVHR@BBBHDJ?F?FC`B]r@On@OVGFAF?F?F?PD`@LH@l@XLHPJRAFAH?DCHCBGLW@EJSJQLSFIBG@AN[@EFIBENYR[HMJOTUPOhBaBLKJMJM`@k@BCPYf@s@AKAI?M?K?I@]AS?[A]EYISIMKGGAU@CBMJIJi@dAQ\g@`AUd@CBcAvBA?dAwBBCTe@f@aAP]h@eAHKLKBCTAF@JFHLHRDX@\?Z@RA\?H?JI?MJ[h@CBQVY`@AL?F?BHRKLKLMJiB`BQNUTKNILSZOXCDGHADOZA@CFGHMRKPKRADMVCFITEHCLKIGGEGGGQKMIm@YIAFu@HsA?IBe@@OEQMIK?a@NK@KEGKGOAS?C?WJo@@KPy@Py@H]@GLm@VqADSBKJw@@IAUCQIMICEAQHYTSRQRGDGFIBEA[EBc@J{AFeAF_A@[	Click to Generate
S2	20	1			3	East Bank Medical Centre (S2)	The Spires Centre (S2)	Springs Leisure Centre (S2)	1882	1412	k{tdIvxwGAFAXDVJTLFH@@`@B^BbAFrALCH?ZGNCb@Er@I`@G?YEqAC_@mANlAOHpB?XDAl@Ir@KI}@Gy@Em@AICe@C_@Ca@Cg@Ag@Ci@A]?_@AS?KAU?y@?q@?_A?e@@]@e@Bg@BW@]Dm@FaABi@Bc@D}@Bu@D}A@}@?G?Y?]?K?_@?]AQASCYF?FDP\N^WNQH?^?J?\?X?FA|@E|ACt@E|@Cb@Ch@G`AEl@A\CVCf@Ad@A\?d@?~@?N?`@?x@@T?J@R?^p@IJC~@Sx@ODE?G??Cu@UBe@nA_ARKBq@H@\Bh@@f@Bf@yARoBXOBQ@EWEQKKWCGDIHELCJ	Click to Generate
S2	45	1			3	Mandala (S2)	Heeley Sidings (S2)	The Hardy Pick (S2)	3228	2421	wgtdInn_H_@QGC@Y?G@IDUDQIIGEGIOMKIGGOIKEA\GnALBMCFoA@]HB@@NHFFJHNLFHFDHHZZl@d@X\dAhANPJJEJCFILCHEJKh@ITGXD\@B@@BFn@pARa@R]u@}AMV@R@Dj@hAS`@o@qAEIACE]FYAQDq@BKBQJS[]{@iAMQg@s@[[IIGEGIOMKIGGOIKEA\GnAKnCALCJEFYn@CD?DAD?B?D@D@DXj@fAzBLZFTDRF`@@^E@C@A?C@EBCDe@p@v@pBlAzCHPf@{@Se@GO_@}@JSV_@c@r@^|@FNRd@g@z@IQmA{Cw@qBEDCDCBGFIFEBSFOBa@DE?KJIFCBIFEACACCCAAGGQCIEMAGEKEOISQk@]u@oAeDg@kAeAgCi@oAMc@Y_ACMCICCEIEGEGGEa@UaAm@kBiAmAs@MIIIGGIIGMEIOc@EKAKCME]K}@Gc@Ks@ASEc@Ce@T@B?H?XAFAF?REZ?b@Av@A\?V?J@H@D@B@JDHDHHTRTTX\PTPTZd@`@n@f@t@f@t@HLFFDHLNDFBBVXLLFDXPNJNHPLTH\Pd@PHBFBZLz@\\PJDNHFFJHNLFHFDHHZZl@d@ELGRENADECUK	Click to Generate
S2	45	1			3	I Said Bread (S2)	Kingdom Hall of Jehovah's Witnesses (S2)	Meersbrook Park (S2)	3496	2622	q}sdIxi~GdAhBlCmGEcBmBHMaHKuG?G{BNG?E?o@DWBJlIDDt@ARAHlDHbFDZuCzG]z@wAfDgC~Fk@vAEJWj@Yp@CTz@\\PJDNHFFJHNLFHFDHHZZl@d@X\dAhANPJJPRPTRZDHDHN^LZZ`AZ~@v@hCV|@DLFRBFJd@DJBJPj@BHLQjAiAb@e@z@}@RUDEbAaAvAcACy@E_AEuBCoD@mAFyALsBDIHmA??IlAtDc@^EJ@Hw@LeAn@uDBS?_@?W?gDAqADo@BYLm@HMLISkDE[CQeAoFOu@U?_Be@e@G{@@a@JsC~@yCz@BbCDbBmClGeAiB	Click to Generate
S2	20	1			3	Boots (S2)	Alam Hill Books (S2)	Meersbrook Park Church (S2)	1691	1268	uhtdI`k_HDBZZl@d@X\dAhANPJJEJCFILCHEJKh@ITGXIA??AAAAEICEAEUg@BqAD@T^CjAEJ@DHN@@@@??H@FYAQDq@BKBQJS[]{@iAMQg@s@[[IIGEGIOMKIGGOIKE]Q{@]BUXq@Vk@DKj@wAxAiDdC}FHLpAvBiC`GiA~C_@hAY~@K^NLFHFDHHZZl@d@X\dAhANPJJPRPTRZ@BBDDHN^LZZ`A[k@KQIQOUOWWa@EGW[QQ[]{@iAMQg@s@[[EC	Click to Generate
S2	20	1			3	Boots (S2)	Alam Hill Books (S2)	Meersbrook Park Church (S2)	1682	1262	mhtdIfk_HXXl@d@X\dAhANPJJEJCFILCHEJKh@ITGXIA??AAAAEICEAEUg@BqAD@T^CjAEJ@DHN@@@@??H@FYAQDq@BKBQJS[]{@iAMQg@s@[[IIGEGIOMKIGGOIKE]Q{@]BUXq@Vk@DKj@wAxAiDdC}FHLpAvBiC`GiA~C_@hAY~@K^NLFHFDHHZZl@d@X\dAhANPJJPRPTRZ@BBDDHN^LZZ`A[k@KQIQOUOWWa@EGW[QQ[]{@iAMQg@s@YY	Click to Generate
S2	30	1			3	Nether Edge Primary School (S2)	Broadfield Park (S2)	Virgin Crucible (S2)	2329	1747	wwtdItjaHBITkANq@`@_CFc@d@uE^aEL_BFi@BM?EBG@EN]DFDHDHBDFFBBJHRPRNDDNJ\T\XRPQr@CFAFUhAAJ[zAERMj@AD?B?B?D@B@BJFr@d@FDFDl@wCBONu@XwAQWIKKMKKKKMKSQ]Y]UOKEESOSQKICCGGCEEIEIEGKUISCKGMEMCKCMIi@ESESEOGSc@w@GGC[BEHENIPI`@QDC\MJCFCHCDAD?R?@NBJ@F?R@R?JEh@A^Ab@?@EpA?HAHCHAHAFIVEJCHKVKUISCKGMEMCKCMIi@ESESEOGSc@w@GGC[BEHENIPI`@QDC\MJCFCHCDAD?R?P?F?PBD?`@ENCSkCCYCUCOIQIWM]Zk@[j@L\HVHPBNBTVdDOBa@DE?KJIFCBIF?R@R?JEh@A^Ad@EpA?HAHCHAHAFIVEJCHKVO\ADCF?DCLGh@M~A_@`Ee@tEGb@a@~BOp@UjACH	Click to Generate
S2	60	1			3	Woodbourn Road Stadium (S2)	Makro (S2)	Highfield Motors (S2)	4510	3382	efzdIt|vGBE~@iAPe@Bo@yFcGs@cAe@_@m@_@OGq@s@aAeAIGMGM\]bAMp@G\ADQlAd@ZLLAV?\FRN@??VIWHOAGS?]@WMMe@[PmA@EF]Lq@OMUQY[_@pAQt@Gb@a@~BIf@m@bDId@Kb@EPGPABAVAHCLJLFFDFZRZPpEhCxBlAJF@@lAn@d@VJDDBl@\^RbAj@b@V^Rl@\j@Vp@^NHt@d@BBNPPXT`@d@yBBOJs@Hu@PwAJy@PkABQTiAR{@f@eBJ]\aAx@gBFKDMSWY]UYW]EGOQW[t@uAl@cA??P^R`@R`@Rb@BHNZTf@[f@u@~@ELGJy@fB]`AK\g@dBSz@UhACPQjAKx@QvAIt@Kr@CNe@xBUa@QYOQCCu@e@OIq@_@k@Wm@]_@Sc@WcAk@_@Sm@]ECKEe@WmAo@AAKGyBmAqEiC[QOAM?KAKAQAM@SFURa@`@IHa@d@q@p@S\EDWVDNb@nBBHHd@XtAKXEGCEWZEMIQ??CFEJGKCGOWhAeAIe@CIc@oBEOK[BIBCPENEREp@q@`@e@HI`@a@TSHSNQJIDCF?JLFFDFZRZPpEhCxBlAJF@@lAn@d@VDI@GBC@I@I@I?K@q@@MBQDGFGLCj@DJANI`@aBX{@Vc@	Click to Generate
S2	45	1			3	Gleadless Medical Centre (S2)	Pizza City (S2)	Arbourthorne Community Primary School (S2)	3304	2478	ubtdIf_zGv@_BBCTe@f@aAP]h@eAHKLKBCTAF@JFHLHRDX@\?Z@RA\?H?J?L@H@Jg@r@QXCBa@j@KLKLMJiB`BQNUTKNILSZOXCDGHADOZA@CFGHMRKPKRADHNZl@??[m@IOMVCFITEHCLKIGGEGGGQKMIm@YIAFu@HsA?IBe@@OEQMIK?a@NK@KEGKGOAS?C?WJo@@KPy@Py@H]@GLm@VqADSBKJw@@IAUCQIMICEAQHYTSRQRGDGFIBEA[EBc@J{AFeAF_A@[B[By@@WBw@@m@Bo@@i@@g@@e@?G?M?O@c@G@MFa@Po@\aAj@a@VSLYPiBpAg@\e@\}@r@y@n@EBPbBJ|@D^Lr@Lp@BLFXDJJKHGFADDDJBFFFBAtAy@??uAx@C@GGCGEKEEG@IFKJFRJ\BDFNLZNRPZZ^LJJHRRNJh@b@h@\j@\TL^RSz@Qv@Wx@Od@MXGNMXSd@EHGHMVHR@BBBHDJ?F?FC`B]r@On@OVGFAF?F?F?PD`@LH@l@XLHPJRAFAH?DCHCBGLW@EJSJQLSFIBG@AN[@EFIBENYR[HMJOTUPOhBaBLKJMJM`@k@BCPYf@s@AKAI?M?K?I@]AS?[A]EYISIMKGGAU@CBMJIJi@dAQ\g@`AUd@CBw@~A	Click to Generate
S2	60	1			3	Path up to the Cholera Monument, Sheffield (S2)	Substantial Victorian houses in Norfolk Road (S2)	Sheffield Inclusion Centre (S2)	5721	4291	c|wdI`f|Gb@GB`@AF?BABABABC@A@u@LgAPG@EBEDABGJc@c@EC_A_ACCuAuA{@y@SQg@g@IKGMvAaDFMn@}Ad@gAtA}CBElCkGl@wA@CXo@JWhBkEfEmMBE@ABATA@k@@o@@y@BgA@QJyFJuFDuBD}BFoC?K@k@TUZ]fBeBRS^]BADEFG~BuBrFgFDEFEzCuCv@u@|@_ARQDEDEx@u@^]nAqA\m@~@cBf@aA^m@`@u@h@_AFMDIP[HMDIDKDEb@w@HKd@{@jBkDj@cABFBFj@lAVj@d@`ATf@Tf@@Bl@rAb@~@FL`@~@b@hARl@?BN`@UTu@t@qBjBw@v@eAbAcA~@I[Ke@GUw@_DCGIUOEIAGA?S?O?KCQKc@e@{AIUCGMc@KKGGIGCCEAK?i@~@a@t@_@l@g@`A_AbB]l@oApA_@\y@t@EDEDSP}@~@w@t@{CtCGDEDsFfF_CtBGFEDC@_@\SRgBdB[\UTAj@?JGnCE|BEtBKtFKxFAPCfAAx@An@Aj@U@C@A@CDgElMiBjEKVYn@ABm@vAmCjGCDuA|CuAdDGLwA`DFLHJf@f@RPz@x@tAtABB~@~@DBb@b@FK@CDEDCFA|B_@@ABA@C@C@C?C@GCa@c@F	Click to Generate
S2	30	1			3	Best Pizza (S2)	Alberts (S2)	Popeyes Pizza (S2)	2278	1708	mxudIjixGeAbAcA~@I[Ke@GUw@_DCGIUOEIAGA?S?O?KCQKc@e@{AIUCGMc@EQCE?EAGAG?CAI?I@I?I@E@CDIDKDEb@w@HKd@{@jBkDj@cA\q@N[\q@vAgCLU?CRYBCDINUNY^q@~AwC`ByC|A}C@DHNf@bALZBFPh@Lb@?BH\Jt@Hv@Dh@DCBEJMX_@RWTSTSNKHEP|BHrAJtBJ~BFfB@PFjB@z@@NBF@DBBLBp@K~@KF`BBv@@XBd@GDIHELCJAFAXUBOBgAT[L[NSL[RGFQLIFIDSR}AzAKH}@x@m@j@}@x@y@t@YsAQ{@U_AUTu@t@qBjBw@v@	Click to Generate
S2	20	1			3	The Spires Centre (S2)	East Bank Medical Centre (S2)	The Co-operative Food (S2)	1835	1376	altdIzpwG???FEDy@N_ARKBq@H?_@AS?KAU?y@?q@?_A?e@@]@e@Bg@BW@]Dm@FaABi@Bc@D}@Bu@D}A@}@?G?Y?]?K?_@?]AQASCYF?FDP\N^WNQH?^?J?\?X?FA|@E|ACt@E|@Cb@Ch@G`AEl@A\CVCf@Ad@A\?d@?~@?N?`@?x@@T?J@R?^@\Bh@@f@Bf@B`@B^Bd@@HDl@Fx@H|@s@Jm@HE@?YEqAC_@mANlAOHpB?Xa@Fs@Hc@DOB[FI?MBGsACcAC_@Aa@E_ACcAVBJJ??DPDVPANCnBYxASCg@Ag@Ci@A]p@IJC~@Sx@ODE?G??	Click to Generate
S2	60	1			3	Path up to the Cholera Monument, Sheffield (S2)	Substantial Victorian houses in Norfolk Road (S2)	Sheffield Inclusion Centre (S2)	5927	4445	k}wdIzs{GiAoBEGGCC?CAI?G@I@E?CAQUCDuA|CuAdDGLwA`DFLHJf@f@RPz@x@tAtABB~@~@DBb@b@FK@CDEDCFAfAQt@M@ABA@C@C@C?C@GCa@c@Fb@GB`@AF?BABABABC@A@}B^G@EBEDABGJc@c@EC_A_ACCuAuA{@y@SQg@g@IKGMvAaDFMn@}Ad@gAtA}CBElCkGl@wA@CXo@JWhBkEfEmMBE@ABATA@k@@o@@y@BgA@QJyFJuFDuBD}BFoC?K@k@TUZ]fBeBRS^]BADEFG~BuBrFgFDEFEzCuCv@u@|@_ARQDEDEx@u@^]nAqA\m@~@cBf@aA^m@`@u@h@_AFMDIP[HMDIDKDEb@w@HKd@{@jBkDj@cABFBFj@lAVj@d@`ATf@Tf@@Bl@rAb@~@FL`@~@b@hARl@?BN`@UTu@t@qBjBw@v@eAbAcA~@I[Ke@GUw@_DCGIUOEIAGA?S?O?KCQKc@e@{AIUCGMc@KKGGIGCCEAK?i@~@a@t@_@l@g@`A_AbB]l@oApA_@\y@t@EDEDSP}@~@w@t@{CtCGDEDsFfF_CtBGFEDC@_@\SRgBdB[\UTAj@?JGnCE|BEtBKtFKxFAPCfAAx@An@Aj@U@C@A@CDgElMiBjEKVYn@ABm@vAmCjGPTB@D?HAFAH?B@B?FBDFhAnB	Click to Generate
S2	60	1			3	Path up to the Cholera Monument, Sheffield (S2)	Substantial Victorian houses in Norfolk Road (S2)	Sheffield Inclusion Centre (S2)	5721	4291	c|wdI`f|Gb@GB`@AF?BABABABC@A@u@LgAPG@EBEDABGJc@c@EC_A_ACCuAuA{@y@SQg@g@IKGMvAaDFMn@}Ad@gAtA}CBElCkGl@wA@CXo@JWhBkEfEmMBE@ABATA@k@@o@@y@BgA@QJyFJuFDuBD}BFoC?K@k@TUZ]fBeBRS^]BADEFG~BuBrFgFDEFEzCuCv@u@|@_ARQDEDEx@u@^]nAqA\m@~@cBf@aA^m@`@u@h@_AFMDIP[HMDIDKDEb@w@HKd@{@jBkDj@cABFBFj@lAVj@d@`ATf@Tf@@Bl@rAb@~@FL`@~@b@hARl@?BN`@UTu@t@qBjBw@v@eAbAcA~@I[Ke@GUw@_DCGIUOEIAGA?S?O?KCQKc@e@{AIUCGMc@KKGGIGCCEAK?i@~@a@t@_@l@g@`A_AbB]l@oApA_@\y@t@EDEDSP}@~@w@t@{CtCGDEDsFfF_CtBGFEDC@_@\SRgBdB[\UTAj@?JGnCE|BEtBKtFKxFAPCfAAx@An@Aj@U@C@A@CDgElMiBjEKVYn@ABm@vAmCjGCDuA|CuAdDGLwA`DFLHJf@f@RPz@x@tAtABB~@~@DBb@b@FK@CDEDCFA|B_@@ABA@C@C@C?C@GCa@c@F	Click to Generate
S2	30	1			3	Windy House Lane Pocket Park (S2)	UBU (S2)	Leaves (S2)	2154	1616	}{udIl}uGXX~DjEELCFCBg@^AGGW??FV@Ff@_@BCBGDMNNzA|At@x@@?l@p@IJcAnAGF{@v@w@^k@^u@Ts@RYDYDg@HG??TBx@Bl@Fj@FX@HDRJ\`AzB`AtBJR@BLYRYBCDINUNY^q@BEzAqC`ByC|A}C^q@`AgB`AmBVo@Xw@L[d@y@@E@E?C@E?E?G?E?C?EAC?A?EAEAEAGCEAEEG[SmBkAGT]xAENa@jAq@|ASb@Q\_@r@q@z@pBvC??qBwCm@q@A?u@y@{A}AOO_EkEYY	Click to Generate
S2	45	1			3	Virgin Crucible (S2)	The Hardy Pick (S2)	Boots (S2)	3637	2728	cotdIvp`HGESQKICCGGCEEIEIEGKUISCKGMEMCKCMIi@ESESEOGSc@w@GGC[BEHENIPI`@QDC\MJCFCHCDAD?R?P?F?PBD?`@ENCWeDCUCOIQIWM]Zk@[j@L\HVHPBNBTBXRjCRGDCHGFGBCBEDEv@pBlAzCHPf@{@Se@GO_@}@JSV_@c@r@^|@FNRd@g@z@IQmA{Cw@qBEDCDCBGFIFEBSFOBa@DE?KJIFCBIFEACACCCAAGGQCIEMAGEKEOISQk@]u@oAeDg@kAeAgCi@oAMc@Y_ACMCICCEIEGEGGEa@UaAm@kBiAmAs@MIIIGGIIGMEIOc@EKAKCME]K}@Gc@Ks@ASEc@Ce@T@B?H?XAFAF?REZ?b@Av@A\?V?J@H@D@B@JDHDHHTRTTX\PTPTZd@`@n@f@t@f@t@HLFFDHLNDFBBVXLLFDXPNJNHPLTH\Pd@PHBFBZLz@\\PJDNHFFJHNLFHFDHHZZl@d@X\dAhANPJJEJCFILCHEJKh@ITGXIA??AAAAEICEAEUg@BqAD@T^CjAEJ@DHN@@@@??H@FYAQDq@BKBQJS[]{@iAMQg@s@[[IIGEGIOMKIGGOIKEA\GnAKnCALCJEFYn@CD?DAD?B?D@D@DXj@fAzBLZFTDRF`@@^E@C@A?C@EBCDe@p@EDCDCBGFIFEBSFOBa@DE?KJIFCBIF?R@R?JEh@A^Ad@EpA?`A?f@?L?P?JBVRPFD	Click to Generate
S2	20	1			3	The Spires Centre (S2)	East Bank Medical Centre (S2)	The Co-operative Food (S2)	1835	1376	altdIzpwG???FEDy@N_ARKBq@H?_@AS?KAU?y@?q@?_A?e@@]@e@Bg@BW@]Dm@FaABi@Bc@D}@Bu@D}A@}@?G?Y?]?K?_@?]AQASCYF?FDP\N^WNQH?^?J?\?X?FA|@E|ACt@E|@Cb@Ch@G`AEl@A\CVCf@Ad@A\?d@?~@?N?`@?x@@T?J@R?^@\Bh@@f@Bf@B`@B^Bd@@HDl@Fx@H|@s@Jm@HE@?YEqAC_@mANlAOHpB?Xa@Fs@Hc@DOB[FI?MBGsACcAC_@Aa@E_ACcAVBJJ??DPDVPANCnBYxASCg@Ag@Ci@A]p@IJC~@Sx@ODE?G??	Click to Generate
S2	45	1			3	Windy House Lane Pocket Park (S2)	Archdale School (S2)	UBU (S2)	3653	2740	gavdIr{uG`@K?Q@QF[JWHIJGHCP@LBDDDHDNHZ@N@NAJAL?BETt@v@~DjEELCFCBg@^AGGW??FV@Ff@_@BCBGDM_EkEu@w@CFCFGJEDGDEBE@I@EAGAECEEGGEKIWE]?Q@QF[JWHIJGHC?SMaEE_CGqAKk@Qi@Uc@IKMM_@Ym@a@c@WGEAFEBC@E?ECCCCG?I?IICaDwAUMCN?@CFg@hA]v@BFBBP`@[p@[p@Xn@\o@??]n@Yo@Zq@Zq@Qa@CCCG\w@f@iABG?ABOTL`DvAHB@IBGBEDAF@BB@BBF@F?FAFADFDb@Vl@`@^XLLHJTb@Ph@Jj@FpAD~BL`E?RP@LBDDDHDNHZ@N@NAJAL?BETCFCFGJEDGDEBE@VnJBrADxAH|C@N?TBx@Bl@Fj@FX@HDRJ\`AzB`AtBJR@BLYRYBCDINUNY^q@BEzAqC`ByC|A}C^q@`AgB`AmBVo@Xw@L[d@y@@E@E?C@E?E?G?E?C?EAC?A?EAEAEAGCEAEEG[SmBkA_BcAsA}@UQoA_Ae@g@EIY]MLKHQB]?QKSSQPyA|AABe@f@w@v@Y\AJAL?BETCFCFGJEDGDEBE@I@EAGAECEEGGEKIWE]a@J	Click to Generate
S2	20	1			3	Manor Park Medical Centre (S2)	Temple Park Centre (S2)	Castle View Park (S2)	1802	1352	qzwdItbvGWm@CCGGIGICGAG?GBWVCDC?A?MIp@kACMAM@M@GDIFEFA??HBDHx@gAZc@TSVMRGF?ARGV?p@?I?g@FW@SG?SFWLUR[b@y@fADJ@L?FCLEJrAjCr@`Bl@bBJSh@{@NUHEHAL?jBb@jA`@zBp@^Lp@T|Ah@l@^Zb@Pb@BH@DHd@Dr@A`AKv@ENe@jAe@aAQUyDq@WGaAOq@a@QSUe@KO^}@\cBNwBkAa@kBc@M?I@IDOTi@z@KRm@cBOV_@}@k@qA	Click to Generate
S2	30	1			3	Temple Park Centre (S2)	Castle View Park (S2)	Manor Park Medical Centre (S2)	2428	1821	ufwdIlmuGABBl@Wf@]p@_AlBw@~@s@b@q@Jq@@g@E{@CkACQ@ARGV?p@?I?g@FW@SG?SFWLUR[b@y@fADJ@L?FCLEJrAjCr@`Bl@bBJSh@{@NUHEHAL?jBb@jA`@zBp@^Lp@T|Ah@l@^Zb@Pb@BH@DHd@Dr@A`AKv@ENe@jAe@aAQUyDq@WGaAOq@a@QSUe@KO^}@\cBNwBkAa@kBc@M?I@IDOTi@z@KRm@cBs@aBsAkCEDK@GCGICMAM@M@GDIFEFA??HBDHx@gAZc@TSVMRGF?PAjABz@Bf@Dp@Ap@Kr@c@v@_A~@mB\q@Vg@Cm@@C	Click to Generate
S2	60	1			3	Cholera Monument, Sheffield (S2)	Path up to the Cholera Monument, Sheffield (S2)	Sheffield Inclusion Centre (S2)	6087	4565	cfxdItv{Go@|AGLjAlBIZADAF?D?\?z@?F@DBFBFCGCGAE?G?{@?]?E@G@EH[??kAmBwA`DFLHJf@f@RPz@x@tAtABB~@~@DBb@b@FK@CDEDCFAfAQt@M@ABA@C@C@C?C@GCa@c@Fb@GB`@AF?BABABABC@A@}B^G@EBEDABGJc@c@EC_A_ACCuAuA{@y@SQg@g@IKGMCECICImAqEWcAW}@Su@EQCKEKQu@y@}CMi@Kc@HIHKNO`AeANS`AeANSDEFE`@e@dCgDLSXe@JSP_@h@yAzAqEJWhHaTBKBITo@b@sAf@sAL]P]b@}@`@u@d@s@DGFINOTUZ]fBeBRS^]BADEFG~BuBrFgFDEFEzCuCv@u@|@_ARQDEDEx@u@^]nAqA\m@~@cBf@aA^m@`@u@h@_AFMDIP[HMDIDKDEb@w@HKd@{@jBkDj@cABFBFj@lAVj@d@`ATf@Tf@@Bl@rAb@~@FL`@~@b@hARl@?BN`@UTu@t@qBjBw@v@eAbAcA~@I[Ke@GUw@_DCGIUOEIAGA?S?O?KCQKc@e@{AIUCGMc@KKGGIGCCEAK?i@~@a@t@_@l@g@`A_AbB]l@oApA_@\y@t@EDEDSP}@~@w@t@{CtCGDEDsFfF_CtBGFEDC@_@\SRgBdB[\UTAj@?JGnCE|BEtBKtFKxFAPCfAAx@An@Aj@U@C@A@CDgElMiBjEKVYn@ABm@vAmCjGCDuA|Ce@fA	Click to Generate
S2	20	1			3	Broadfield Park (S2)	The Hardy Pick (S2)	Virgin Crucible (S2)	1824	1368	iltdI`s`HYW]UOKEESOSQKICCGGCEEIEIEGKUISCKGMEMCKCMIi@ESESEOGSc@w@GGC[BEHENIPI`@QDC\MJCFCHCDAD?R?@NBJ@F?R@R?JEh@A^Ab@?@EpA?HAHCHAHAFIVEJCHKVKUISCKGMEMCKCMIi@ESESEOGSc@w@GGC[BEHENIPI`@QDC\MJCFCHCDAD?R?P?F?PBD?`@ENCRGDCHGFGBCBEDEv@pBlAzCHPf@{@Se@GO_@}@JSV_@c@r@^|@FNRd@g@z@IQmA{Cw@qBEDCDCBGFIFEBSFSkCCYCUCOIQIWM]Zk@[j@L\HVHPBNBTVdDOBa@DE?KJIFCBIF?R@R?JEh@A^Ad@EpA?`A?f@?L?P?JBVRPRNDDNJ\TXV	Click to Generate
S2	20	1			3	Alam Hill Books (S2)	Boots (S2)	Meersbrook Park Church (S2)	1457	1093	gitdInh_HRq@^iAhA_DhCaGqAwBIMeC|FyAhDk@vAEJWj@Yp@CTz@\\PJDNHFFJHNLFHFDHHZZl@d@X\dAhANPJJEJCFILCHEJKh@ITGXIA??AAAAEICEAEUg@BqAD@T^CjAEJ@DHN@@@@??H@FYAQDq@BKBQJSNMJJPRPTRZ@BBDDHN^LZZ`A[k@KQIQOUOWWa@EGW[QQ[]{@iAMQg@s@[[IIGEGIOMJ_@DM	Click to Generate
S2	20	1			3	Gin Bar (S2)	Broadfield Park (S2)	The Hardy Pick (S2)	1711	1283	{ktdIls`HII]Y]UOKEESOSQKICCGGCEEIEIEGKUISCKGMEMCKCMIi@ESESEOGSc@w@GGGGGIQYGPEFMVDL@@BH?F?vC?V?zB?|@A\AZCn@\J@?B@@B@@@B@BBD?B@D?FHlA?B?B@D?B@@@B@B@@@@BB@?B@VH^aEL_BFi@@C@I?EBG@EN]JWBIDKHW@G@IBI@I?IDqA?A@c@@_@Eg@ASAMASCQGQR?P?F?PBD?`@ENCRGDCHGFGBCBEDEv@pBlAzCHPf@{@Se@GO_@}@JSV_@c@r@^|@FNRd@g@z@IQmA{Cw@qBEDCDCBGFIFEBSFOBa@DE?KJIFCBIF?R@R?JEh@A^Ad@EpA?`A?f@?L?P?JBVRPRNDDNJ\T\XHH	Click to Generate
S2	20	1			3	Top Chopper (S2)	Broadfield Park (S2)	The Hardy Pick (S2)	1645	1234	kktdIzs`HEESQ]Y]UOKEESOSQKIEd@?BDi@CCGGCEEIEIEGKUISCKGMEMCKCMIi@ESESEOGSc@w@GGC[BEHENIPI`@QDC\MJCFCHCDAD?R?@NBJ@F?R@R?JEh@A^Ab@?@EpA?HAHCHAHAFIVEJCHKVKUISCKGMEMCKCMIi@ESESEOGSc@w@GGC[BEHENIPI`@QDC\MJCFCHCDAD?R?P?F?PBD?`@ENCRGDCHGFGBCBEDEv@pBlAzCHPf@{@Se@GO_@}@JSV_@c@r@^|@FNRd@g@z@IQmA{Cw@qBEDCDCBGFIFEBSFOBa@DE?KJIFCBIF?R@R?JEh@A^Ad@EpA?`A?f@?L?P?JBVRPRNDDNJ\T\XRPDD	Click to Generate
S2	20	1			3	Manor Park Medical Centre (S2)	St Vincent's (S2)	Hair & Beauty Lounge (S2)	1477	1108	ewwdI`{uG?g@FW@SG?SFWLUR[b@y@fADJ@L?FCLEJEDK@GCGICMAM@M@GDIFEFA??HBDHDJ@L?FCLEJrAjCr@`BOV_@}@k@qAWm@CCGGIGICGAG?GBWVCDC?A?MIp@kACMAM@M@GDIFEFAHBDHx@gAZc@TSVMRGF?PAjABz@Bf@Dp@Ap@Kr@c@v@_A~@mB\q@Vg@Cm@??^w@ZHq@tAEDWf@]p@_AlBw@~@s@b@q@Jq@@g@E{@CkACQ@ARGV?f@	Click to Generate
S2	20	1			3	Well Pharmacy (S2)	Gleadless Medical Centre (S2)	Pizza City (S2)	2040	1530	a}sdIt~yG??AL?F?BHRKLKLMJiB`BQNUT??KNILSZOXCDGHADOZA@CFGHMRKPKRADHNZl@??[m@IOMVCFITEHCLKIGGEGGGQKMIm@YIAFu@HsA?IBe@@OEQMIK?a@NK@KEGKGOAS?C?WJo@@KPy@Py@H]@GLm@VqADSBKJw@@IAUCQIMICEAQHYTSRQRGDGFIBEA[EBc@J{AFeAF_A@[B[By@@WfATB_@C^gAUAVCx@Ev@G~@GdAKzACb@Gz@?FIfAGt@E`@Kz@EZEXG\Sz@Qv@Wx@Od@MXGNMXSd@EHGHMVHR@BBBHDJ?F?FC`B]r@On@OVGFAF?F?F?PD`@LH@l@XLHPJRAFAH?DCHCBGLW@EJSJQLSFIBG@AN[@EFIBENYR[HMJOTUPOhBaBLKJMJMIS?C?G@M??	Click to Generate
S2	15	1			3	Another Level (S2)	Alam Hill Books (S2)	Boots (S2)	1435	1076	gktdIzh_HHDNHFFJHNLFHFDHHZZj@b@@@ELg@s@[[IIGEGIOMKIGGOIKE]Q{@]BUXq@Vk@DKj@wAxAiDdC}FHLpAvBiC`GiA~C_@hAY~@K^NLFHFDHHZZl@d@X\dAhANPJJEJCFILCHEJKh@ITGXIA??AAAAEICEAEUg@BqAD@T^CjAEJ@DHN@@@@??H@FYAQDq@BKBQJS[]{@iAMQg@s@[[IIGEGIOMKIGGOIIE	Click to Generate
S2	30	1			3	Newfield Green Clinic (S2)	Newfield Green Dental Surgery (S2)	Pizza City (S2)	2422	1816	g~sdIrazGaBxAQNUTKNILSZOXKSGK??FJJRCDGHADOZA@CFGHMRKPKRADMVCFITEHCLKIGGEGGGQKMIm@YIAFu@HsA?Ic@Gb@F?HIrAGt@H@l@XLHPJRAD?@AH?DCHCBGLW@EJSJQLSFIBG@AN[@EFIBEKSGKFJJRCDGHADOZA@CFGHMRKPKRADMVCFITEHCLKIGGEGGGQKMIm@YIAFu@HsA?IBe@@OEQMIK?a@NK@KEGKGOAS?C?WJo@@KPy@Py@H]@GLm@VqADSBKJw@@IAUCQIMICEAQHYTSRQRGDGFIBEA[EBc@J{AFeAF_A@[B[By@@WfATB_@C^gAUAVCx@Ev@G~@GdAKzACb@Gz@?FIfAGt@E`@Kz@EZEXG\Sz@Qv@Wx@Od@MXGNMXSd@EHGHMVHR@BBBHDJ?F?FC`B]r@On@OVGFAF?F?F?PD`@LH@l@XLHPJRAFAH?DCHCBGLW@EJSJQLSFIBG@AN[@EFIBENYR[HMJOTUPO`ByA	Click to Generate
S2	60	1			3	Path near the Cholera Monument, Sheffield (S2)	Path up to the Cholera Monument, Sheffield (S2)	Sheffield Inclusion Centre (S2)	6939	5204	c|wdI`f|Gb@GB`@AF?BABABABC@A@}B^G@EBEDABGJc@c@EC_A_ACCuAuA{@y@SQg@g@IKGMvAaDjAlBIZADAF?D?\?z@?F@DBFBFCGCGAE?G?{@?]?E@G@EH[??kAmBwA`DFLHJf@f@RPz@x@tAtABB~@~@DBb@b@FK@CDEDCFAfAQt@M@ABA@C@C@C?C@GCa@c@Fb@GB`@AF?BABABABC@A@}B^G@EBEDABGJc@c@EC_A_ACCuAuA{@y@SQg@g@IKGMCECICImAqEWcAW}@Su@EQCKEKQu@y@}CMi@Kc@HIHKNO`AeANS`AeANSDEFE`@e@dCgDLSXe@JSP_@h@yAzAqEJWhHaTBKBITo@b@sAf@sAL]P]b@}@`@u@d@s@DGFINOTUZ]fBeBRS^]BADEFG~BuBrFgFDEFEzCuCv@u@|@_ARQDEDEx@u@^]nAqA\m@~@cBf@aA^m@`@u@h@_AFMDIP[HMDIDKDEb@w@HKd@{@jBkDj@cABFBFj@lAVj@d@`ATf@Tf@@Bl@rAb@~@FL`@~@b@hARl@?BN`@UTu@t@qBjBw@v@eAbAcA~@I[Ke@GUw@_DCGIUOEIAGA?S?O?KCQKc@e@{AIUCGMc@KKGGIGCCEAK?i@~@a@t@_@l@g@`A_AbB]l@oApA_@\y@t@EDEDSP}@~@w@t@{CtCGDEDsFfF_CtBGFEDC@_@\SRgBdB[\UTAj@?JGnCE|BEtBKtFKxFAPCfAAx@An@Aj@U@C@A@CDgElMiBjEKVYn@ABm@vAmCjGCDuA|CuAdDGLwA`DFLHJf@f@RPz@x@tAtABB~@~@DBb@b@FK@CDEDCFA|B_@@ABA@C@C@C?C@GCa@c@F	Click to Generate
S2	60	1			3	Path up to the Cholera Monument, Sheffield (S2)	Substantial Victorian houses in Norfolk Road (S2)	Sheffield Inclusion Centre (S2)	5721	4291	c|wdI`f|Gb@GB`@AF?BABABABC@A@u@LgAPG@EBEDABGJc@c@EC_A_ACCuAuA{@y@SQg@g@IKGMvAaDFMn@}Ad@gAtA}CBElCkGl@wA@CXo@JWhBkEfEmMBE@ABATA@k@@o@@y@BgA@QJyFJuFDuBD}BFoC?K@k@TUZ]fBeBRS^]BADEFG~BuBrFgFDEFEzCuCv@u@|@_ARQDEDEx@u@^]nAqA\m@~@cBf@aA^m@`@u@h@_AFMDIP[HMDIDKDEb@w@HKd@{@jBkDj@cABFBFj@lAVj@d@`ATf@Tf@@Bl@rAb@~@FL`@~@b@hARl@?BN`@UTu@t@qBjBw@v@eAbAcA~@I[Ke@GUw@_DCGIUOEIAGA?S?O?KCQKc@e@{AIUCGMc@KKGGIGCCEAK?i@~@a@t@_@l@g@`A_AbB]l@oApA_@\y@t@EDEDSP}@~@w@t@{CtCGDEDsFfF_CtBGFEDC@_@\SRgBdB[\UTAj@?JGnCE|BEtBKtFKxFAPCfAAx@An@Aj@U@C@A@CDgElMiBjEKVYn@ABm@vAmCjGCDuA|CuAdDGLwA`DFLHJf@f@RPz@x@tAtABB~@~@DBb@b@FK@CDEDCFA|B_@@ABA@C@C@C?C@GCa@c@F	Click to Generate
S2	20	1			3	East Bank Medical Centre (S2)	The Spires Centre (S2)	Springs Leisure Centre (S2)	1846	1384	kytdI|wwG??DPDV?\IRGLSH@`@B^BbAFrALCH?ZGNCb@Er@I`@G?YEqAC_@mANlAOHpB?XDAl@Ir@KI}@Gy@Em@AICe@C_@Ca@Cg@Ag@Ci@A]?_@AS?KAU?y@?q@?_A?e@@]@e@Bg@BW@]Dm@FaABi@Bc@D}@Bu@D}A@}@?G?Y?]?K?_@?]AQASCYF?FDP\N^WNQH?^?J?\?X?FA|@E|ACt@E|@Cb@Ch@G`AEl@A\CVCf@Ad@A\?d@?~@?N?`@?x@@T?J@R?^p@IJC~@Sx@ODE?G??Cu@UBe@nA_ARKBq@H@\Bh@@f@Bf@yARoBXOBQ@EWEQ??	Click to Generate
S2	30	1			3	Porcelanosa (S2)	Meersbrook Park Church (S2)	Virgin Crucible (S2)	2946	2210	wctdIjw_HEIACE]FYAQDq@BKBQJS[]{@iAMQGRENADECUK_@QGC@Y?G@IDUDQZZl@d@X\dAhANPJJPRPTRZ@BBDDHN^LZZ`A[k@KQIQOUOWWa@EGW[QQ[]{@iAMQg@s@[[IIGEGIOMKIGGOIKEA\GnAKnCALCJEFYn@CD?DAD?B?D@D@DXj@fAzBLZFTDRF`@@^E@C@A?C@EBCDe@p@EDCDCBGFIFEBSFSkCCYCUCOIQIWM]Zk@[j@L\HVHPBNBTVdDOBa@DE?KJIFCBIFEACACCCAAGGQCIEMAGEKEOISQk@]u@oAeDg@kAeAgCi@oAMc@Y_ACMCICCEIEGEGGEa@UaAm@kBiAmAs@MIIIGGIIGMEIOc@EKAKCME]K}@Gc@Ks@ASEc@Ce@T@B?H?XAFAF?REZ?b@Av@A\?V?J@H@D@B@JDHDHHTRTTX\PTPTZd@`@n@f@t@f@t@HLFFDHLNDFBBVXLLFDXPNJNHPLTH\Pd@PHBFBZLz@\\PJDNHFFJHNLFHFDHHZZl@d@X\dAhANPJJEJCFILCHEJKh@ITGXD\@BDH	Click to Generate
S2	45	1			3	Boots (S2)	Broadfield Park (S2)	Virgin Crucible (S2)	3525	2644	wftdI`c`HKR^|@FNRd@g@z@IQmA{Cw@qBEDCDCBGFIFEBSFOBa@DE?KJIFCBIFEACACCCAAGGQCIEMAGEKEOISQk@]u@oAeDg@kAeAgCi@oAMc@Y_ACMCICCEIEGEGGEa@UaAm@kBiAmAs@MIIIGGIIGMEIOc@EKAKCME]K}@Gc@Ks@ASEc@Ce@T@B?H?XAFAF?REZ?b@Av@A\?V?J@H@D@B@JDHDHHTRTTX\PTPTZd@`@n@f@t@f@t@HLFFDHLNDFBBVXLLFDXPNJNHPLTH\Pd@PHBFBZLz@\\PJDNHFFJHNLFHFDHHZZl@d@X\dAhANPJJEJCFILCHEJKh@ITGXIA??AAAAEICEAEUg@BqAD@T^CjAEJ@DHN@@@@??H@FYAQDq@BKBQJS[]{@iAMQg@s@[[IIGEGIOMKIGGOIKEA\GnAKnCALCJEFYn@CD?DAD?B?D@D@DXj@fAzBLZFTDRF`@@^E@C@A?C@EBCDe@p@EDCDCBGFIFEBSFOBa@DE?KJIFCBIF?R@R?JEh@A^Ab@?@EpA?HAHCHAHAFIVEJCHKVKUISCKGMEMCKCMIi@ESESEOGSc@w@GGC[BEHENIPI`@QDC\MJCFCHCDAD?R?P?F?PBD?`@ENCWeDCUCOIQIWM]Zk@[j@L\HVHPBNBTBXRjCRGDCHGFGBCBEDEv@pBlAzCHPf@{@Se@GO_@}@JS	Click to Generate
S2	20	1			3	Boots (S2)	Alam Hill Books (S2)	Meersbrook Park Church (S2)	1675	1256	ihtdIlk_HTRl@d@X\dAhANPJJEJCFILCHEJKh@ITGXIA??AAAAEICEAEUg@BqAD@T^CjAEJ@DHN@@@@??H@FYAQDq@BKBQJS[]{@iAMQg@s@[[IIGEGIOMKIGGOIKE]Q{@]BUXq@Vk@DKj@wAxAiDdC}FHLpAvBiC`GiA~C_@hAY~@K^NLFHFDHHZZl@d@X\dAhANPJJPRPTRZ@BBDDHN^LZZ`A[k@KQIQOUOWWa@EGW[QQ[]{@iAMQg@s@US	Click to Generate
S2	20	1			3	Temple Park Centre (S2)	Manor Park Medical Centre (S2)	Castle View Park (S2)	1839	1379	exwdIhkvGDIF[?SA[Gc@CINWs@aBsAkCEDK@GCGICMAM@M@GDIFEFAHBDHx@gAZc@TSVMRGF?ARGV?p@?I?g@FW@SG?SFWLUR[b@y@fADJ@L?FCLEJEDK@GCGICMAM@M@GDIFEFA??HBDHDJ@L?FCLEJrAjCr@`Bl@bBJSh@{@NUHEHAL?jBb@jA`@zBp@^Lp@T|Ah@l@^Zb@Pb@BH@DHd@Dr@A`AKv@ENe@jAe@aAQUyDq@WGaAOq@a@QSUe@KOa@n@mBxCoAyCoAyCZi@IOLU	Click to Generate
S2	45	1			3	Bronze & Polished (S2)	Sheffield Inclusion Centre (S2)	Leaves (S2)	3066	2300	kyudIthwGrAaCLYRYBCDINUNYJORa@~AwC`ByC|A}C@DHNf@bALZBFPh@Lb@?BH\Jt@Hv@Dh@@JIJMRQ^]r@m@nA@TPvBNjCHhBFjAD|ADlAB~@G?I@MHo@l@k@h@k@h@gAdAa@^WTUTu@t@qBjBw@v@eAbAcA~@I[Ke@GUw@_DCGIUOEIAGA?S?O?KCQKc@e@{AIUCGMc@EQCE?EAGAG?CAI?I@I?I@E@CDIDKDEb@w@HKd@{@jBkDj@cA\q@l@mAvAgCACKSaAuBaA{BK]ESAIGYGk@Cm@Cy@?UF?f@IXEXEr@St@Uj@_@v@_@z@w@FGbAoAHKpBvC??qBwCIJcAnAGF{@v@w@^k@^u@Ts@RYDYDg@HG??TBx@Bl@Fj@FX@HDRJ\`AzB`AtBJR@BsA`C	Click to Generate
S2	15	1			3	Springs Leisure Centre (S2)	The Co-operative Food (S2)	East Bank Medical Centre (S2)	1218	914	crtdIhmwG?`@?x@@T?J@R?^p@IJC~@Sx@ODE?G??Cu@UBe@nA_ARKBq@H@\Bh@@f@Bf@yARoBXOBQ@EWEQ??KKWCGDIHELERAXDVJTLFH@@`@B^BbAFrALCH?ZGNCb@Er@I`@G?YEqAC_@mANlAOHpB?XDAl@Ir@KI}@Gy@Em@AICe@C_@Ca@Cg@Ag@Ci@A]?_@AS?KAU?y@?a@	Click to Generate
S2	15	1			3	International Automatic Cars (S2)	Boots (S2)	Meersbrook Park Church (S2)	1408	1056	wetdI~i_H{AaBY~@K^KIGGOIKE]Q{@]BUXq@Vk@DKPXVd@H@t@aBu@`BIACES_@QYEJWj@Yp@CTz@\\PJDNHFFJHNLFHFDHHZZl@d@X\dAhANPJJEJCFILCHEJKh@ITGXIA??AAAAEICEAEUg@BqAD@T^CjAEJ@DHN@@@@??H@FYAQDq@BKBQJSNMJJPRPTRZ@BBDDHN^LZZ`A[k@KQIQOUOWWa@EGW[QQ[]{@iAMQg@s@[[IIGEGIOMJ_@X_AzA`B	Click to Generate
S2	20	1			3	MJ Dressmaker & Designer (S2)	Broadfield Park (S2)	Virgin Crucible (S2)	1965	1474	qptdIzp`HDe@JHRPRNDDNJ\T\XRPQr@CFAFWtA[zAERMj@AD?B?B?D@B@BJFr@d@FDFDl@wCBONu@XwAQWIKKMKKKKMK??SQ]Y]UOKEESOSQKICCGGCEEIEIEGKUISCKGMEMCKCMIi@ESESEOGSc@w@GGC[BEHENIPI`@QDC\MJCFCHCDAD?R?@NBJ@F?R@R?JEh@A^Ab@?@EpA?HAHCHAHAFIVEJCHKVKUISCKGMEMCKCMIi@ESESEOGSc@w@GGC[BEHENIPI`@QDC\MJCFCHCDAD?R?P?F?PBD?`@ENCSkCCYCUCOIQIWM]Zk@[j@L\HVHPBNBTVdDOBa@DE?KJIFCBIF?R@R?JEh@A^Ad@EpA?`A?f@?L?P?JBVRPRNDDNJ\TPcA@I`@wB@GAFa@vBAHQbA]UOKEESOSQKIEd@	Click to Generate
S2	20	1			3	Broadfield Park (S2)	Virgin Crucible (S2)	The Hardy Pick (S2)	1729	1297	untdIbq`HAASOSQKICCGGCEEIEIEGKUISCKGMEMCKCMIi@ESESEOGSc@w@GGC[BEHENIPI`@QDC\MJCFCHCDAD?R?@NBJ@F?R@R?JEh@A^Ab@?@EpA?HAHCHAHAFIVEJCHKVKUISCKGMEMCKCMIi@ESESEOGSc@w@GGC[BEHENIPI`@QDC\MJCFCHCDAD?R?P?F?PBD?`@ENCWeDCUCOIQIWM]Zk@[j@L\HVHPBNBTBXRjCRGDCHGFGBCBEDEv@pBlAzCHPf@{@Se@GO_@}@JSV_@c@r@^|@FNRd@g@z@IQmA{Cw@qBEDCDCBGFIFEBSFOBa@DE?KJIFCBIF?R@R?JEh@A^Ad@EpA?`A?f@?L?P?JBVRPRN@@	Click to Generate
S2	30	1			3	Kwik Fit (S2)	Leaves (S2)	Windy House Lane Pocket Park (S2)	2300	1725	gsudIh_wGCD_@p@OXOTEHCBSXMXwAfCm@lA]p@k@bAkBjDe@z@CEEIk@mAj@lADHBDd@{@jBkDj@cA\q@l@mAdAkBP[ACKSaAuBaA{BK]ESAIGYGk@Cm@Cy@?UF?f@IXEXEr@St@Uj@_@v@_@z@w@FGbAoAHKpBvC??qBwCm@q@A?u@y@{A}AOOELCFCBg@^AGGW??FV@Ff@_@BCBGDMNNzA|At@x@@?l@p@IJcAnAGF{@v@w@^k@^u@Ts@RYDYDg@HG??TBx@Bl@Fj@FX@HDRJ\`AzB`AtBJR@BLYRYBCDINUNY^q@BE	Click to Generate
S2	20	1			3	Temple Park Centre (S2)	Manor Park Medical Centre (S2)	Castle View Park (S2)	1839	1379	axwdItgvG?ECINWs@aBsAkCEDK@GCGICMAM@M@GDIFEFAHBDHx@gAZc@TSVMRGF?ARGV?p@?I?g@FW@SG?SFWLUR[b@y@fADJ@L?FCLEJEDK@GCGICMAM@M@GDIFEFA??HBDHDJ@L?FCLEJrAjCr@`Bl@bBJSh@{@NUHEHAL?jBb@jA`@zBp@^Lp@T|Ah@l@^Zb@Pb@BH@DHd@Dr@A`AKv@ENe@jAe@aAQUyDq@WGaAOq@a@QSUe@KOa@n@mBxCoAyCoAyCZi@IOR_@F[?SA[G]	Click to Generate
S2	45	1			3	Kingdom Hall of Jehovah's Witnesses (S2)	I Said Bread (S2)	Meersbrook Park (S2)	3633	2725	}`tdIvm~G_AvB]z@_FfLeA_BdA~AfC_GvAgD\{@tC{GE[IcFImDS@u@@EEKmIVCn@ED?F?zBO?FJtGnBKF~CxC{@rC_A`@Kz@Ad@F~Ad@T?Nt@dAnFBPDZRjDMHILMl@CXEn@@pA?fD?V?^CRo@tDMdAIv@KA_@DuDb@HmA??IlAEHMrBGxAAlABnDDtBD~@Bx@wAbAcA`AEDST{@|@c@d@kAhAMPCIQk@CKEKKe@CGGSEMW}@w@iC[_A[k@KQIQOUOWWa@EGW[QQ[]{@iAMQg@s@[[IIGEGIOMKIGGOIKE]Q{@]BUXq@Vk@DKj@wA~EgL\{@~@wB	Click to Generate
S2	45	1			3	Broadfield Park (S2)	The Hardy Pick (S2)	Boots (S2)	3409	2557	mmtdId}_HRjCOBa@DE?KJIFCBIF?R@R?JEh@A^Ab@?@EpA?HAHCHAHAFIVEJCHKVKUISCKGMEMCKCMIi@ESESEOGSc@w@GGC[BEHENIPI`@QDC\MJCFCHCDAD?R?P?F?PBD?`@ENCRGDCHGFGBCBEDEv@pBlAzCHPf@{@Se@GO_@}@JSV_@c@r@^|@FNRd@g@z@IQmA{Cw@qBEDCDCBGFIFEBSFOBa@DE?KJIFCBIFEACACCCAAGGQCIEMAGEKEOISQk@]u@oAeDg@kAeAgCi@oAMc@Y_ACMCICCEIEGEGGEa@UaAm@kBiAmAs@MIIIGGIIGMEIOc@EKAKCME]K}@Gc@Ks@ASEc@Ce@T@B?H?XAFAF?REZ?b@Av@A\?V?J@H@D@B@JDHDHHTRTTX\PTPTZd@`@n@f@t@f@t@HLFFDHLNDFBBVXLLFDXPNJNHPLTH\Pd@PHBFBZLz@\\PJDNHFFJHNLFHFDHHZZl@d@X\dAhANPJJEJCFILCHEJKh@ITGXIA??AAAAEICEAEUg@BqAD@T^CjAEJ@DHN@@@@??H@FYAQDq@BKBQJS[]{@iAMQg@s@[[IIGEGIOMKIGGOIKEA\GnAKnCALCJEFYn@CD?DAD?B?D@D@DXj@fAzBLZFTDRF`@@^E@C@A?C@EBCDe@p@EDCDCBGFIFEBSFSkC	Click to Generate
S2	30	1			3	Gleadless Medical Centre (S2)	Terry Wright Community Hall (S2)	Pizza City (S2)	2388	1791	qbtdIrezG??KNILSZOXCDGHADOZA@CFGHMRKPKRADHNZl@??[m@IO@EJSJQLSFIBG@AN[@EFIBENYR[HMJOTUPOhBaBLKJMJMIS?C?G@M??j@y@BCZi@LKH??L@H@Jg@r@QXCBa@j@KLKLMJiB`BQNUTKNILSZOXCDGHADOZA@CFGHMRKPKRADMVCFITEHCLKIGGEGGGQKMIm@YIAFu@HsA?IBe@@OEQMIK?a@NK@KEGKGOAS?C?WJo@@KPy@Py@H]@GLm@VqADSBKJw@@IAUCQIMICEAQHYTSRQRGDGFIBEA[EBc@J{AFeAF_A@[B[By@@WfATB_@C^gAUAVCx@Ev@G~@GdAKzACb@Gz@?FIfAGt@E`@Kz@EZEXG\Sz@Qv@Wx@Od@MXGNMXSd@EHGHMVHR@BBBHDJ?F?FC`B]r@On@OVGFAF?F?F?PD`@LH@l@XLHPJRAFAH?DCHCBGLW@EJSJQLSFIBG@AN[@EFIBENYR[HMJO	Click to Generate
S2	30	1			3	Singh's (S2)	Leaves (S2)	UBU (S2)	2375	1781	cwudIlevGFV@Ff@_@BCBGDM_EkEu@w@CFCFGJEDGDEBE@I@EAGAECEEGGEKIWE]?Q@QF[JWHIJGHCP@LBDDDHDNHZ@N@NAJAL?BETZ\XX~DjENNzA|At@x@@?l@p@pBvC??qBwCIJcAnAGF{@v@w@^k@^u@Ts@RYDYDg@HG??TBx@Bl@Fj@FX@HDRJ\`AzB`AtBJR@BLYRYBCDINUNY^q@BEzAqC`ByC|A}C^q@`AgB`AmBVo@Xw@L[d@y@@E@E?C@E?E?G?E?C?EAC?A?EAEAEAGCEAEEG[SmBkA_BcAsA}@UQGXS|@u@rBq@jAy@jAc@f@INCHOOELCFCBg@^AGGW	Click to Generate
S2	20	1			3	I Said Bread (S2)	74th Oak Street Scout Group (S2)	Carfield Primary School (S2)	1464	1098	o}sdIbp}Gw@FG?LxIS@u@@EEKmIVCEmCCsBAq@AKv@EJ~HF?zBO?FJtGnBKKsG?GjAKAk@@i@E_BCoBHnEAh@@j@kAJ?FJrGoBJKuG?GcAF	Click to Generate
S2	30	1			3	Sheffield Animal Centre (S2)	Highfield Motors (S2)	Diocese of Hallam Pastoral Centre (S2)	2679	2009	utzdIprvGOAGS?]@WMMe@[PmA@EF]Lq@\cAL]LFHF`AdAp@r@NFl@^d@^r@bAxFbGCn@Qd@_AhACDWb@Yz@a@`BOHK@k@EMBGFEFCPALAp@?JAHAHAHCBAFEHe@WmAo@AAKGyBmAqEiC[QOAM?KAKAQAM@SFURa@`@IHa@d@q@p@S\EDWVDNb@nBBHHd@XtAKXEGCEWZEMIQ??CFEJBHBPBR?p@Ib@_AbDXXRNDBZXJ^?^?RE~AbBPH@n@JHBZDEg@K_BAKASOmBm@sC_AaEYuAIe@CIc@oBEOK[BIBCPENEREp@q@`@e@HI`@a@TSHSL_@DGHQBGNM@CFQDQJc@He@l@cDHg@`@_CFc@Pu@^qAXZTPNLMp@G\ADQlAd@ZLLAV?\FRN@	Click to Generate
S2	20	1			3	East Bank Medical Centre (S2)	The Spires Centre (S2)	Springs Leisure Centre (S2)	1882	1412	e{tdIdxwGADERAXDVJTLFH@@`@B^BbAFrALCH?ZGNCb@Er@I`@G?YEqAC_@mANlAOHpB?XDAl@Ir@KI}@Gy@Em@AICe@C_@Ca@Cg@Ag@Ci@A]?_@AS?KAU?y@?q@?_A?e@@]@e@Bg@BW@]Dm@FaABi@Bc@D}@Bu@D}A@}@?G?Y?]?K?_@?]AQASCYF?FDP\N^WNQH?^?J?\?X?FA|@E|ACt@E|@Cb@Ch@G`AEl@A\CVCf@Ad@A\?d@?~@?N?`@?x@@T?J@R?^p@IJC~@Sx@ODE?G??Cu@UBe@nA_ARKBq@H@\Bh@@f@Bf@yARoBXOBQ@EWEQKKWCGDIHCF	Click to Generate
S2	30	1			3	Nether Edge Primary School (S2)	Broadfield Park (S2)	Virgin Crucible (S2)	2342	1756	{wtdIfkaHF[TkANq@`@_CFc@d@uE^aEL_BFi@BM?EBG@EN]DFDHDHBDFFBBJHRPRNDDNJ\T\XRPQr@CFAFUhAAJ[zAERMj@AD?B?B?D@B@BJFr@d@FDFDl@wCBONu@XwAQWIKKMKKKKMKSQ]Y]UOKEESOSQKICCGGCEEIEIEGKUISCKGMEMCKCMIi@ESESEOGSc@w@GGC[BEHENIPI`@QDC\MJCFCHCDAD?R?@NBJ@F?R@R?JEh@A^Ab@?@EpA?HAHCHAHAFIVEJCHKVKUISCKGMEMCKCMIi@ESESEOGSc@w@GGC[BEHENIPI`@QDC\MJCFCHCDAD?R?P?F?PBD?`@ENCSkCCYCUCOIQIWM]Zk@[j@L\HVHPBNBTVdDOBa@DE?KJIFCBIF?R@R?JEh@A^Ad@EpA?HAHCHAHAFIVEJCHKVO\ADCF?DCLGh@M~A_@`Ee@tEGb@a@~BOp@UjAGZ	Click to Generate
S2	30	1			3	Windy House Lane Pocket Park (S2)	UBU (S2)	Leaves (S2)	2455	1841	_~udIv`vGCyAI@EAGAECEEGGEKIWE]?Q@QF[JWHIJGHCP@LBDDDHDNHZ@N@NAJAL?BETt@v@~DjEELCFCBg@^AGGW??FV@Ff@_@BCBGDMNNzA|At@x@@?l@p@IJcAnAGF{@v@w@^k@^u@Ts@RYDYDg@HG??TBx@Bl@Fj@FX@HDRJ\`AzB`AtBJR@BLYRYBCDINUNY^q@BEzAqC`ByC|A}C^q@`AgB`AmBVo@Xw@L[d@y@@E@E?C@E?E?G?E?C?EAC?A?EAEAEAGCEAEEG[SmBkAGT]xAENa@jAq@|ASb@Q\_@r@q@z@pBvC??qBwCm@q@A?u@y@{A}AOO_EkEu@w@CFCFGJEDGDEBE@BxA	Click to Generate
S2	45	1			3	Gleadless Medical Centre (S2)	Pizza City (S2)	Arbourthorne Community Primary School (S2)	3283	2462	gbtdIp~yGh@iABCTe@f@aAP]h@eAHKLKBCTAF@JFHLHRDX@\?Z@RA\?H?J?L@H@Jg@r@QXCBa@j@KLKLMJiB`BQNUTKNILSZOXCDGHADOZA@CFGHMRKPKRADHNZl@??[m@IOMVCFITEHCLKIGGEGGGQKMIm@YIAFu@HsA?IBe@@OEQMIK?a@NK@KEGKGOAS?C?WJo@@KPy@Py@H]@GLm@VqADSBKJw@@IAUCQIMICEAQHYTSRQRGDGFIBEA[EBc@J{AFeAF_A@[B[By@@WBw@@m@Bo@@i@@g@@e@?G?M?O@c@G@MFa@Po@\aAj@a@VSLYPiBpAg@\e@\}@r@y@n@EBPbBJ|@D^Lr@Lp@BLFXDJJKHGFADDDJBFFFBAtAy@??uAx@C@GGCGEKEEG@IFKJFRJ\BDFNLZNRPZZ^LJJHRRNJh@b@h@\j@\TL^RSz@Qv@Wx@Od@MXGNMXSd@EHGHMVHR@BBBHDJ?F?FC`B]r@On@OVGFAF?F?F?PD`@LH@l@XLHPJRAFAH?DCHCBGLW@EJSJQLSFIBG@AN[@EFIBENYR[HMJOTUPOhBaBLKJMJM`@k@BCPYf@s@AKAI?M?K?I@]AS?[A]EYISIMKGGAU@CBMJIJi@dAQ\g@`AUd@CBi@hA	Click to Generate
S2	20	1			3	Wobbly Wheel Cyclery (S2)	Meersbrook Service Station (S2)	I Said Bread (S2)	2057	1543	oatdInh}GBrBDlCn@ED?F?v@GbAG?FJtGnBKKsG?GOqKCK@_@@WAIAIoGeAa@GDWEkAAOHmBN}@RyAFUJ]hB\~Bb@rBjFQDqDo@qEw@IlBFzAEV`@FZ`CFfCJ~HLxIS@u@@EEKmIVCEmCCsB	Click to Generate
S2	45	1			3	The Hardy Pick (S2)	Virgin Crucible (S2)	Boots (S2)	3743	2807	yltdIbq`HId@]UOKEESOSQKICCGGCEEIEIEGKUISCKGMEMCKCMIi@ESESEOGSc@w@GGC[BEHENIPI`@QDC\MJCFCHCDAD?R?P?F?PBD?`@ENCRGDCHGFGBCBEDEv@pBlAzCHPf@{@Se@GO_@}@JSV_@c@r@^|@FNRd@g@z@IQmA{Cw@qBEDCDCBGFIFEBSFSkCCYCUCOIQIWM]Zk@[j@L\HVHPBNBTVdDOBa@DE?KJIFCBIFEACACCCAAGGQCIEMAGEKEOISQk@]u@oAeDg@kAeAgCi@oAMc@Y_ACMCICCEIEGEGGEa@UaAm@kBiAmAs@MIIIGGIIGMEIOc@EKAKCME]K}@Gc@Ks@ASEc@Ce@T@B?H?XAFAF?REZ?b@Av@A\?V?J@H@D@B@JDHDHHTRTTX\PTPTZd@`@n@f@t@f@t@HLFFDHLNDFBBVXLLFDXPNJNHPLTH\Pd@PHBFBZLz@\\PJDNHFFJHNLFHFDHHZZl@d@X\dAhANPJJEJCFILCHEJKh@ITGXIA??AAAAEICEAEUg@BqAD@T^CjAEJ@DHN@@@@??H@FYAQDq@BKBQJS[]{@iAMQg@s@[[IIGEGIOMKIGGOIKEA\GnAKnCALCJEFYn@CD?DAD?B?D@D@DXj@fAzBLZFTDRF`@@^E@C@A?C@EBCDe@p@EDCDCBGFIFEBSFOBa@DE?KJIFCBIF?R@R?JEh@A^Ad@EpA?`A?f@?L?P?JBVRPRNDDNJ\THe@	Click to Generate
S2	20	1			3	International Automatic Cars (S2)	Casa Italia (S2)	Valley Road Garage (S2)	1542	1156	ahtdIh{~GyAhDk@vAPXVd@H@t@aBu@`BIACES_@QYEJWj@Yp@CTz@\\PJDNHFFJHNLFHFDHHZZPNZTELg@s@[[IIGEGIOMJ_@X_A^iAhA_DhCaGfAeCjBgElCmGEcBmBHuBvEuAbD_AvB]z@eC|F	Click to Generate
S2	30	1			3	Leaves (S2)	Windy House Lane Pocket Park (S2)	UBU (S2)	2605	1954	ududI|gvGQXVo@Xw@L[d@y@@E@E?C@E?E?G?E?C?EAC?A?EAEAEAGCEAEEG[SmBkAGT]xAENa@jAq@|ASb@Q\_@r@q@z@pBvC??qBwCm@q@A?u@y@{A}AOOELCFCBg@^AGGW??FV@Ff@_@BCBGDMNNzA|At@x@@?l@p@IJcAnAGF{@v@w@^k@^u@Ts@RYDYDg@HG??TBx@Bl@Fj@FX@HDRJ\`AzB`AtBJR@BLYRYBCDINUNY^q@BEzAqC`ByC|A}C^q@`AgB`AmBVo@Xw@L[d@y@Ra@DIJUHOJSJQ`@_AN]FSTw@DOP_ABONYJg@DUDUBE@CBAB?B?D?D@DD^|@Tn@N\Rl@Jd@@HAd@ATCNENENGVGTEPKRi@F_@DODM@{@FWTO@]BK@GBC@IDGBIHEDEDABCBuAbC	Click to Generate
S2	30	1			3	Best Pizza (S2)	Leaves (S2)	Windy House Lane Pocket Park (S2)	2152	1614	ivudI|cwGMTwAfCm@lA]p@k@bAkBjDe@z@CEEIk@mAj@lADHBDd@{@jBkDj@cA\q@N[\q@vAgCACKSaAuBaA{BK]ESAIGYGk@Cm@Cy@?UF?f@IXEXEr@St@Uj@_@v@_@z@w@FGbAoAHKpBvC??qBwCm@q@A?u@y@{A}AOOELCFCBg@^AGGW??FV@Ff@_@BCBGDMNNzA|At@x@@?l@p@IJcAnAGF{@v@w@^k@^u@Ts@RYDYDg@HG??TBx@Bl@Fj@FX@HDRJ\`AzB`AtBJR@BLU	Click to Generate
S2	20	1			3	Ideal Hairdresser (S2)	The Hardy Pick (S2)	Virgin Crucible (S2)	1525	1144	kjtdIxt`H??KKKKMKSQ]Y]UOKEESOAAQOKICCGGCEEIEIEGKUISCKGMEMCKCMIi@ESESEOGSc@w@GGC[BEHENIPI`@QDC\MJCFCHCDAD?R?P?F?PBD?`@ENCRGDCHGFGBCBEDEv@pBlAzCHPf@{@Se@GO_@}@JSV_@c@r@^|@FNRd@g@z@IQmA{Cw@qBEDCDCBGFIFEBSFSkCCYCUCOIQIWM]Zk@[j@L\HVHPBNBTVdDOBa@DE?KJIFCBIF?R@R?JEh@A^Ad@EpA?`A?f@?L?P?JBVRPRNDDNJ\T\XRPLJJJJJ??	Click to Generate
S2	15	1			3	The Bhaji Shack (S2)	Boots (S2)	Meersbrook Park Church (S2)	1148	861	gftdIdm_H@@ELg@s@[[IIGEGIOMKIGGOIKEA\GnALBMCFoA@]@?HDNHFFJHNLFHFDHHZZl@d@X\dAhANPJJEJCFILCHEJKh@ITGXIA??AAAAEICEAEUg@BqAD@T^CjAEJ@DHN@@@@??H@FYAQDq@BKBQJSNMJJPRPTRZ@BBDDHN^LZZ`A[k@KQIQOUOWWa@EGW[QQ[]{@iAMQGRENAD?DAHAJAt@AP?R_AKECCC?C?CLaC@Y?G@IDUDQZZj@b@	Click to Generate
S2	45	1			3	Pizza City (S2)	Newfield Green Dental Surgery (S2)	Momma Katz (S2)	3524	2643	uxtdIvtyGuAx@C@GGCGEKEEG@IFKJEKGYCMMq@Ms@E_@K}@QcBDCx@o@|@s@d@]f@]hBqAXQRM`@W`Ak@n@]`@QLGFAAb@?N?L?FAd@Af@Ah@Cn@Al@Cv@AVCx@CZAZG~@GdAKzACb@Gz@?FIfAGt@E`@Kz@EZEXG\Sz@Qv@Wx@Od@MXGNMXSd@EHGHMVHR@BBBHDJ?F?FC`B]r@On@OVGFAF?F?F?PD`@LH@l@XLHPJRAD?@AH?DCHCBGLW@EJSJQLSFIBG@AN[@EFIBENYR[HMJOTUPOhBaBLKJMJM`@k@BCPYf@s@AKAI?M?K?I@]AS?[A]EYISIMKGGAU@CBMJIJi@dAQ\g@`AUd@CBcAvBA?dAwBBCTe@f@aAP]h@eAHKLKBCTAF@JFHLHRDX@\?Z@RA\?H?J?L@H@Jg@r@QXCBa@j@KLKLMJiB`BQNUTKNILSZOXCDGHADOZA@CFGHMRKPKRADMVCFITEHCLKIGGEGGGQKMIm@YIAFu@HsA?IBe@@OEQMIK?a@NK@KEGKGOAS?C?WJo@@KPy@Py@H]@GLm@VqADSBKJw@@IAUCQIMICEAQHYTSRQRGDGFIBEA[EGz@?FIfAGt@E`@Kz@EZEXG\_@SUMk@]i@]i@c@OKSSKIMK[_@Q[OSM[GOCEK]GSJKHGFADDDJBFFFBAtAy@	Click to Generate
S2	20	1			3	East Bank Medical Centre (S2)	The Spires Centre (S2)	Springs Leisure Centre (S2)	1882	1412	}ztdIxwwGCBELERAXDVJTLFH@@`@B^BbAFrALCH?ZGNCb@Er@I`@G?YEqAC_@mANlAOHpB?XDAl@Ir@KI}@Gy@Em@AICe@C_@Ca@Cg@Ag@Ci@A]?_@AS?KAU?y@?q@?_A?e@@]@e@Bg@BW@]Dm@FaABi@Bc@D}@Bu@D}A@}@?G?Y?]?K?_@?]AQASCYF?FDP\N^WNQH?^?J?\?X?FA|@E|ACt@E|@Cb@Ch@G`AEl@A\CVCf@Ad@A\?d@?~@?N?`@?x@@T?J@R?^p@IJC~@Sx@ODE?G??Cu@UBe@nA_ARKBq@H@\Bh@@f@Bf@yARoBXOBQ@EWEQKKWCGDED	Click to Generate
S2	60	1			3	St Swithun (S2)	No.1 Chinese Takeaway (S2)	Windy House Lane Pocket Park (S2)	4617	3463	gnvdIphuG]n@Yo@Zq@Zq@Qa@CCCG\w@f@iABG?ABOTL`DvAHB@IBGBEDAF@BB@BBF@F?FAFADFDb@Vl@`@^XLLHJTb@Ph@Jj@FpAD~BL`E?RP@LBDDDHDNHZ@N@NAJAL?BETCFCFGJEDGDEBE@I@EAGAECEEGGEKIWE]a@JcB^_ATYHJkDd@oCBKeBkBaAeAEEGIGLKJEDMFa@@S@UBUH}@f@k@d@MJa@\e@n@i@t@OTaAlBe@z@e@x@SLUHQ?SEOGOGWOECeCwAiBcAa@a@U[S]GI~@mB\q@Vg@Cm@LWP_@ZHFM\o@NYv@{A`BkDfB_DFIHOb@}@NWx@{AFOBEDGTe@jAaCnA}BpAmCNWN[Zk@dCQb@E`@?T?V@D@dAVx@d@f@\DDLLVZT^`@r@Xl@Xr@Nh@Hd@H^Hb@Fh@Fl@BN?HDp@\xDVpC?JDf@Hz@J`AFf@Jf@Jh@^rABJFRZt@\r@FJb@j@b@d@lAx@Ob@GXS|@u@rBq@jAy@jAc@f@INCHOOELCFCBg@^AGGW??FV@Ff@_@BCBGDM_EkEu@w@CFCFGJEDGDEBE@I@EAGAECEEGGEKIWE]?Q@QF[JWHIJGHC?SMaEE_CGqAKk@Qi@Uc@IKMM_@Ym@a@c@WGEAFEBC@E?ECCCCG?I?IICaDwAUMCN?@CFg@hA]v@BFBBP`@[p@[p@Xn@\o@	Click to Generate
S2	20	1			3	Jaan Kebab House (S2)	The Hardy Pick (S2)	Virgin Crucible (S2)	1516	1137	qjtdIrt`HEEKKMKSQ]Y]UOKEESOGGKIKICCGGCEEIEIEGKUISCKGMEMCKCMIi@ESESEOGSc@w@GGC[BEHENIPI`@QDC\MJCFCHCDAD?R?P?F?PBD?`@ENCRGDCHGFGBCBEDEv@pBlAzCHPf@{@Se@GO_@}@JSV_@c@r@^|@FNRd@g@z@IQmA{Cw@qBEDCDCBGFIFEBSFSkCCYCUCOIQIWM]Zk@[j@L\HVHPBNBTVdDOBa@DE?KJIFCBIF?R@R?JEh@A^Ad@EpA?`A?f@?L?P?JBVRPRNDDNJ\T\XRPLJJJDD	Click to Generate
S2	20	1			3	Leaves (S2)	Windy House Lane Pocket Park (S2)	UBU (S2)	1867	1400	geudIzhvG?CVo@Xw@L[d@y@@E@E?C@E?E?G?E?C?EAC?A?EAEAEAGCEAEEG[SmBkAGT]xAENa@jAq@|ASb@Q\_@r@q@z@pBvC??qBwCm@q@A?u@y@{A}AOOELCFCBg@^AGGW??FV@Ff@_@BCBGDMNNzA|At@x@@?l@p@IJcAnAGF{@v@w@^k@^u@Ts@RYDYDg@HG??TBx@Bl@Fj@FX@HDRJ\`AzB`AtBJR@BLYRYBCDINUNY^q@BEzAqC`ByC|A}C^q@`AgB`AiB	Click to Generate
S2	30	1			3	Nether Edge Primary School (S2)	Broadfield Park (S2)	Virgin Crucible (S2)	2491	1868	_ztdIfqaHDQBKL_@J]BKFWPw@Hc@TkANq@`@_CFc@d@uE^aEL_BFi@BM?EBG@EN]DFDHDHBDFFBBJHRPRNDDNJ\T\XRPQr@CFAFUhAAJ[zAERMj@AD?B?B?D@B@BJFr@d@FDFDl@wCBONu@XwAQWIKKMKKKKMKSQ]Y]UOKEESOSQKICCGGCEEIEIEGKUISCKGMEMCKCMIi@ESESEOGSc@w@GGC[BEHENIPI`@QDC\MJCFCHCDAD?R?@NBJ@F?R@R?JEh@A^Ab@?@EpA?HAHCHAHAFIVEJCHKVKUISCKGMEMCKCMIi@ESESEOGSc@w@GGC[BEHENIPI`@QDC\MJCFCHCDAD?R?P?F?PBD?`@ENCSkCCYCUCOIQIWM]Zk@[j@L\HVHPBNBTVdDOBa@DE?KJIFCBIF?R@R?JEh@A^Ad@EpA?HAHCHAHAFIVEJCHKVO\ADCF?DCLGh@M~A_@`Ee@tEGb@a@~BOp@UjAIb@Qv@GVCJK\M^CJEP	Click to Generate
S2	30	1			3	Alberts (S2)	Sheffield Inclusion Centre (S2)	Leaves (S2)	2749	2062	mzudIljwG\q@vAgCLYRYBCDINUNY@DBDFPXf@?JKRE@Ym@ESCGACOTEHCBSX?BMTwAfCm@lA]p@BFBFj@lAVj@d@`ATf@Tf@@Bl@rAb@~@FL`@~@b@hARl@?BN`@UTu@t@qBjBw@v@eAbAcA~@I[Ke@GUw@_DCGIUOEIAGA?S?O?KCQKc@e@{AIUCGMc@EQCE?EAGAG?CAI?I@I?I@E@CDIDKDEb@w@HKd@{@jBkDj@cA\q@l@mAvAgCACKSaAuBaA{BK]ESAIGYGk@Cm@Cy@?UF?f@IXEXEr@St@Uj@_@v@_@z@w@FGbAoAHKpBvC??qBwCIJcAnAGF{@v@w@^k@^u@Ts@RYDYDg@HG??TBx@Bl@Fj@FX@HDRJ\`AzB`AtBJR@BwAfC]p@	Click to Generate
S2	45	1			3	Boots (S2)	Virgin Crucible (S2)	Meersbrook Park Church (S2)	3132	2349	citdInn_HBU@Y?G@IDUDQZZl@d@X\dAhANPJJEJCFILCHEJKh@ITGXIA??AAAAEICEAEUg@BqAD@T^CjAEJ@DHN@@@@??H@FYAQDq@BKBQJS[]{@iAMQg@s@[[IIGEGIOMKIGGOIKEA\GnAKnCALCJEFYn@CD?DAD?B?D@D@DXj@fAzBLZFTDRF`@@^E@C@A?C@EBCDe@p@EDCDCBGFIFEBSFSkCCYCUCOIQIWM]Zk@[j@L\HVHPBNBTVdDOBa@DE?KJIFCBIFEACACCCAAGGQCIEMAGEKEOISQk@]u@oAeDg@kAeAgCi@oAMc@Y_ACMCICCEIEGEGGEa@UaAm@kBiAmAs@MIIIGGIIGMEIOc@EKAKCME]K}@Gc@Ks@ASEc@Ce@T@B?H?XAFAF?REZ?b@Av@A\?V?J@H@D@B@JDHDHHTRTTX\PTPTZd@`@n@f@t@f@t@HLFFDHLNDFBBVXLLFDXPNJNHPLTH\Pd@PHBFBZLz@\\PJDNHFFJHNLFHFDHHZZl@d@X\dAhANPJJPRPTRZ@BBDDHN^LZZ`A[k@KQIQOUOWWa@EGW[QQ[]{@iAMQGRENAD?DAHAJAt@AP?R_AKECCC?C?CHkB	Click to Generate
S2	30	1			3	The Hardy Pick (S2)	Another Level (S2)	Meersbrook Park Church (S2)	2851	2138	ydtdInu_HDH@@@@??H@FYAQDq@BKBQJS[]{@iAMQg@s@[[IIGEGIOMKIGGOIKEA\GnAKnCALCJEFYn@CD?DAD?B?D@D@DXj@fAzBLZFTDRF`@@^E@C@A?C@EBCDe@p@v@pBlAzCHPf@{@Se@GO_@}@JSV_@c@r@^|@FNRd@g@z@IQmA{Cw@qBEDCDCBGFIFEBSFOBa@DE?KJIFCBIFEACACCCAAGGQCIEMAGEKEOISQk@]u@oAeDg@kAeAgCi@oAMc@Y_ACMCICCEIEGEGGEa@UaAm@kBiAmAs@MIIIGGIIGMEIOc@EKAKCME]K}@Gc@Ks@ASEc@Ce@T@B?H?XAFAF?REZ?b@Av@A\?V?J@H@D@B@JDHDHHTRTTX\PTPTZd@`@n@f@t@f@t@HLFFDHLNDFBBVXLLFDXPNJNHPLTH\Pd@PHBFBZLz@\\PJDNHFFJHNLFHFDHHZZj@b@@@X\dAhANPJJPRPTRZ@BBDDHN^LZZ`A[k@KQIQOUOWWa@EGW[ILCHEJKh@ITGXIA??AAAAEI	Click to Generate
S2	20	1			3	Curry Master (S2)	Broadfield Park (S2)	Virgin Crucible (S2)	1969	1477	qptdI~p`HDi@JHRPRNDDNJ\T\XRPQr@CFAFWtA[zAERMj@AD?B?B?D@B@BJFr@d@FDFDl@wCBONu@XwAQWIKKMKK??KKMKSQ]Y]UOKEESOSQKICCGGCEEIEIEGKUISCKGMEMCKCMIi@ESESEOGSc@w@GGC[BEHENIPI`@QDC\MJCFCHCDAD?R?@NBJ@F?R@R?JEh@A^Ab@?@EpA?HAHCHAHAFIVEJCHKVKUISCKGMEMCKCMIi@ESESEOGSc@w@GGC[BEHENIPI`@QDC\MJCFCHCDAD?R?P?F?PBD?`@ENCSkCCYCUCOIQIWM]Zk@[j@L\HVHPBNBTVdDOBa@DE?KJIFCBIF?R@R?JEh@A^Ad@EpA?`A?f@?L?P?JBVRPRNDDNJ\TPcA@I`@wB@GAFa@vBAHQbA]UOKEESOSQKIEh@	Click to Generate
S2	20	1			3	Tuck News (S2)	Virgin Crucible (S2)	The Hardy Pick (S2)	1565	1174	}otdI|g`H?@EpA?`A?f@?L?P?JBVRPRN@@BBNJ\TPcA@I`@wB@GAFa@vBAHQbA]UOKEESOSQKICCGGCEEIEIEGKUISCKGMEMCKCMIi@ESESEOGSc@w@GGC[BEHENIPI`@QDC\MJCFCHCDAD?R?P?F?PBD?`@ENCWeDCUCOIQIWM]Zk@[j@L\HVHPBNBTBXRjCRGDCHGFGBCBEDEv@pBlAzCHPf@{@Se@GO_@}@JSV_@c@r@^|@FNRd@g@z@IQmA{Cw@qBEDCDCBGFIFEBSFOBa@DE?KJIFCBIF?R@R?JEh@A^Ab@	Click to Generate
S2	30	1			3	Caribbean Fusion (S2)	Leaves (S2)	Windy House Lane Pocket Park (S2)	2262	1696	_tudIp`wGKNOXOTEHCBSXMXwAfCm@lA]p@k@bAkBjDe@z@CEEIk@mAj@lADHBDd@{@jBkDj@cA\q@l@mAHOlAwBACKSaAuBaA{BK]ESAIGYGk@Cm@Cy@?UF?f@IXEXEr@St@Uj@_@v@_@z@w@FGbAoAHKpBvC??qBwCm@q@A?u@y@{A}AOOELCFCBg@^AGGW??FV@Ff@_@BCBGDMNNzA|At@x@@?l@p@IJcAnAGF{@v@w@^k@^u@Ts@RYDYDg@HG??TBx@Bl@Fj@FX@HDRJ\`AzB`AtBJR@BLYRYBCDINUNYJO	Click to Generate
S2	45	1			3	Virgin Crucible (S2)	The Hardy Pick (S2)	Boots (S2)	3656	2742	sntdIbq`HCASOSQKICCGGCEEIEIEGKUISCKGMEMCKCMIi@ESESEOGSc@w@GGC[BEHENIPI`@QDC\MJCFCHCDAD?R?P?F?PBD?`@ENCWeDCUCOIQIWM]Zk@[j@L\HVHPBNBTBXRjCRGDCHGFGBCBEDEv@pBlAzCHPf@{@Se@GO_@}@JSV_@c@r@^|@FNRd@g@z@IQmA{Cw@qBEDCDCBGFIFEBSFOBa@DE?KJIFCBIFEACACCCAAGGQCIEMAGEKEOISQk@]u@oAeDg@kAeAgCi@oAMc@Y_ACMCICCEIEGEGGEa@UaAm@kBiAmAs@MIIIGGIIGMEIOc@EKAKCME]K}@Gc@Ks@ASEc@Ce@T@B?H?XAFAF?REZ?b@Av@A\?V?J@H@D@B@JDHDHHTRTTX\PTPTZd@`@n@f@t@f@t@HLFFDHLNDFBBVXLLFDXPNJNHPLTH\Pd@PHBFBZLz@\\PJDNHFFJHNLFHFDHHZZl@d@X\dAhANPJJEJCFILCHEJKh@ITGXIA??AAAAEICEAEUg@BqAD@T^CjAEJ@DHN@@@@??H@FYAQDq@BKBQJS[]{@iAMQg@s@[[IIGEGIOMKIGGOIKEA\GnAKnCALCJEFYn@CD?DAD?B?D@D@DXj@fAzBLZFTDRF`@@^E@C@A?C@EBCDe@p@EDCDCBGFIFEBSFOBa@DE?KJIFCBIF?R@R?JEh@A^Ad@EpA?`A?f@?L?P?JBVRPRNB@	Click to Generate
S2	60	1			3	Pentagon Jeep (S2)	Makro (S2)	Sheffield Animal Centre (S2)	4426	3320	egydItavGK^Wt@R\^gANg@Ru@Nm@Lg@b@aBJe@Rs@f@f@XRTPn@f@k@pCGVg@zB@ZVb@XRTPNLFFTR_@hBOr@Ns@^iBUSGGOMUQYSWc@A[f@{Br@iDo@g@UQYSg@g@Sr@Kd@c@`BMf@Ol@St@Of@_@fAa@z@u@`BUf@INmAfBOTkAvAUg@O[CISc@Sa@Sa@Q_@??m@bAu@tAVZNPDFV\TXX\RVELGJy@fB]`AK\g@dBSz@UhACPQjAKx@QvAIt@Kr@CNe@xBUa@QYOQCCu@e@OIq@_@k@Wm@]_@Sc@WcAk@_@Sm@]ECKEe@WmAo@AAKGyBmAqEiC[Q[SEGGGKMEKAI?KNM@CFQDQJc@He@l@cDHg@`@_CFc@Pu@^qAXZTPNL\cAL]LFHF`AdAp@r@NFl@^d@^r@bAxFbGCn@Qd@_AhACDWb@Yz@a@`BvAv@f@X|@f@DH@PKn@a@vCj@Vp@^NHt@d@BBNPPXT`@d@yBBOJs@Hu@PwAJy@PkABQTiAR{@f@eBJ]\aAx@gBFKDMt@_AZg@jAwANUlAgBHOTg@t@aB`@{@S]Vu@J_@	Click to Generate
S2	45	1			3	Windy House Lane Pocket Park (S2)	Archdale School (S2)	UBU (S2)	3654	2740	_~udIz_vGC}@I@EAGAECEEGGEKIWE]?Q@QF[JWHIJGHCP@LBDDDHDNHZ@N@NAJAL?BETt@v@~DjEELCFCBg@^AGGW??FV@Ff@_@BCBGDM_EkEu@w@CFCFGJEDGDEBE@I@EAGAECEEGGEKIWE]?Q@QF[JWHIJGHC?SMaEE_CGqAKk@Qi@Uc@IKMM_@Ym@a@c@WGEAFEBC@E?ECCCCG?I?IICaDwAUMCN?@CFg@hA]v@BFBBP`@[p@[p@Xn@\o@??]n@Yo@Zq@Zq@Qa@CCCG\w@f@iABG?ABOTL`DvAHB@IBGBEDAF@BB@BBF@F?FAFADFDb@Vl@`@^XLLHJTb@Ph@Jj@FpAD~BL`E?RP@LBDDDHDNHZ@N@NAJAL?BETCFCFGJEDGDEBE@VnJBrADxAH|C@N?TBx@Bl@Fj@FX@HDRJ\`AzB`AtBJR@BLYRYBCDINUNY^q@BEzAqC`ByC|A}C^q@`AgB`AmBVo@Xw@L[d@y@@E@E?C@E?E?G?E?C?EAC?A?EAEAEAGCEAEEG[SmBkA_BcAsA}@UQoA_Ae@g@EIY]MLKHQB]?QKSSQPyA|AABe@f@w@v@Y\AJAL?BETCFCFGJEDGDEBE@B|@	Click to Generate
S2	20	1			3	Boots (S2)	Alam Hill Books (S2)	Meersbrook Park Church (S2)	1774	1330	gitdInh_HELK^NLFHFDHHZZl@d@X\dAhANPJJEJCFILCHEJKh@ITGXIA??AAAAEICEAEUg@BqAD@T^CjAEJ@DHN@@@@??H@FYAQDq@BKBQJS[]{@iAMQg@s@[[IIGEGIOMKIGGOIKE]Q{@]BUXq@Vk@DKj@wAxAiDdC}FHLpAvBiC`GiA~C_@hAY~@K^NLFHFDHHZZl@d@X\dAhANPJJPRPTRZ@BBDDHN^LZZ`A[k@KQIQOUOWWa@EGW[QQ[]{@iAMQg@s@[[IIGEGIOMJ_@DM	Click to Generate
S2	20	1			3	Wobbly Wheel Cyclery (S2)	74th Oak Street Scout Group (S2)	I Said Bread (S2)	1450	1088	uusdIni}GD~AAh@@j@kAJ?FJrGoBJKuG?GcAFw@FG?E?o@DEmCCsBAq@AKv@EJ~HLxIS@u@@EEKmIVCn@ED?F?zBO?FJtGnBKKsG?GjAKAk@@i@E_B	Click to Generate
S2	45	1			3	Bronze & Polished (S2)	Sheffield Inclusion Centre (S2)	Leaves (S2)	3057	2293	eyudIjhwGlAwBLYRYBCDINUNYJORa@~AwC`ByC|A}C@DHNf@bALZBFPh@Lb@?BH\Jt@Hv@Dh@@JIJMRQ^]r@m@nA@TPvBNjCHhBFjAD|ADlAB~@G?I@MHo@l@k@h@k@h@gAdAa@^WTUTu@t@qBjBw@v@eAbAcA~@I[Ke@GUw@_DCGIUOEIAGA?S?O?KCQKc@e@{AIUCGMc@EQCE?EAGAG?CAI?I@I?I@E@CDIDKDEb@w@HKd@{@jBkDj@cA\q@l@mAvAgCACKSaAuBaA{BK]ESAIGYGk@Cm@Cy@?UF?f@IXEXEr@St@Uj@_@v@_@z@w@FGbAoAHKpBvC??qBwCIJcAnAGF{@v@w@^k@^u@Ts@RYDYDg@HG??TBx@Bl@Fj@FX@HDRJ\`AzB`AtBJR@BmAvB	Click to Generate
S2	15	1			3	International Automatic Cars (S2)	Boots (S2)	Meersbrook Park Church (S2)	1437	1078	agtdIpl_HZTELg@s@[[IIGEGIOMKIGGOIKE]Q{@]BUXq@Vk@DKPXVd@H@t@aBu@`BIACES_@QYEJWj@Yp@CTz@\\PJDNHFFJHNLFHFDHHZZl@d@X\dAhANPJJEJCFILCHEJKh@ITGXIA??AAAAEICEAEUg@BqAD@T^CjAEJ@DHN@@@@??H@FYAQDq@BKBQJSNMJJPRPTRZ@BBDDHN^LZZ`A[k@KQIQOUOWWa@EGW[QQ[]{@iAMQGRENAD?DAHAJAt@AP?R_AKECCC?C?CLaC@Y?G@IDUDQZZPN	Click to Generate
S2	45	1			3	Gleadless Medical Centre (S2)	Pizza City (S2)	Arbourthorne Community Primary School (S2)	3293	2470	mbtdI|~yGn@uABCTe@f@aAP]h@eAHKLKBCTAF@JFHLHRDX@\?Z@RA\?H?J?L@H@Jg@r@QXCBa@j@KLKLMJiB`BQNUTKNILSZOXCDGHADOZA@CFGHMRKPKRADHNZl@??[m@IOMVCFITEHCLKIGGEGGGQKMIm@YIAFu@HsA?IBe@@OEQMIK?a@NK@KEGKGOAS?C?WJo@@KPy@Py@H]@GLm@VqADSBKJw@@IAUCQIMICEAQHYTSRQRGDGFIBEA[EBc@J{AFeAF_A@[B[By@@WBw@@m@Bo@@i@@g@@e@?G?M?O@c@G@MFa@Po@\aAj@a@VSLYPiBpAg@\e@\}@r@y@n@EBPbBJ|@D^Lr@Lp@BLFXDJJKHGFADDDJBFFFBAtAy@??uAx@C@GGCGEKEEG@IFKJFRJ\BDFNLZNRPZZ^LJJHRRNJh@b@h@\j@\TL^RSz@Qv@Wx@Od@MXGNMXSd@EHGHMVHR@BBBHDJ?F?FC`B]r@On@OVGFAF?F?F?PD`@LH@l@XLHPJRAFAH?DCHCBGLW@EJSJQLSFIBG@AN[@EFIBENYR[HMJOTUPOhBaBLKJMJM`@k@BCPYf@s@AKAI?M?K?I@]AS?[A]EYISIMKGGAU@CBMJIJi@dAQ\g@`AUd@CBo@tA	Click to Generate
S2	60	1			3	Kathy's Tea Room (S2)	Manor Fields (S2)	Temple Park Centre (S2)	4548	3411	uiwdIfuvGWGaAOq@a@QSUe@KOa@n@mBxCoAyCoAyCZi@IOR_@F[?SA[COCSCINWl@bBaA|A[h@nAxCnAxCKRs@jAh@bA^Vd@@BCJIRQlApChAjCd@fAYzCI~@Id@GPcAv@LjCDt@HlBLpAFb@`BaAr@g@f@YvByAd@[j@a@b@[tByAkAiHg@sCNc@`BiAdD}B??RAl@FV\R~@BNjA`HqBxAuBzAyB|AuBxAc@Zk@`@e@ZwBxAg@Xs@f@aB`AGc@MqAImBEu@MkCbAw@FQHe@H_AX{Ce@gAiAkCmAqCSPKHCBe@A_@Wi@cAr@kAJSoAyCoAyCZi@`A}Am@cBs@aBsAkCEDK@GCGICMAM@M@GDIFEFAHBDHx@gAZc@TSVMRGF?ARGV?p@?I?g@FW@SG?SFWLUR[b@y@fADJ@L?FCLEJrAjCr@`Bl@bBJSh@{@NUHEHAL?jBb@jA`@OvB]bB_@|@JNTd@PRp@`@`ANVF	Click to Generate
S2	45	1			3	Meersbrook Service Station (S2)	74th Oak Street Scout Group (S2)	Wobbly Wheel Cyclery (S2)	3223	2417	{itdIbe|GAAEAg@WUGSCQ?E@C@GBIDULCHqCvIW~@Of@K^ERADK`@GPI^A@IVCHCFKR[f@LPDFBDF@D@PDPDz@RB?`AT@?TFPB`AVl@NzBf@n@NB?^HNDZ@PGNQh@s@Tg@DWEkAAOHmBN}@RyAFUJ]hB\~Bb@rBjFQDqDo@qEw@IlBFzAEV`@FZ`CFfCw@D@J@p@BrBDlCn@ED?F?v@GbAG?FJtGnBKKsG?GOqKCK@_@@WAIAIoGeAa@GUf@i@r@OPQF[AOE_@IC?o@O{Bg@m@OaAWQCUGA?aAUC?{@SQEQEEAGACEEGMQZg@JSBGBIHW@AH_@FQJa@@EDSJ_@Ng@V_ApCwIBITMHEFCBADAP?RBTFf@VD@@@	Click to Generate
S2	20	1			3	Boots (S2)	Meersbrook Park Church (S2)	Alam Hill Books (S2)	1457	1093	sgtdI`l_Hl@d@X\dAhANPJJEJCFILCHEJKh@ITGXIA??AAAAEICEAEUg@BqAD@T^CjAEJ@DHN@@@@??H@FYAQDq@BKBQJSNMJJPRPTRZ@BBDDHN^LZZ`A[k@KQIQOUOWWa@EGW[QQ[]{@iAMQg@s@[[IIGEGIOMKIGGOIKE]Q{@]BUXq@Vk@DKj@wAxAiDdC}FHLpAvBiC`GiA~C_@hAY~@K^NLFHFDHHZZ??	Click to Generate
S2	60	1			3	Substantial Victorian houses in Norfolk Road (S2)	Path up to the Cholera Monument, Sheffield (S2)	Sheffield Inclusion Centre (S2)	6221	4666	oexdIn}{GkAmBFMn@}Ad@gAGKw@oAv@nAFJuAdDGLwA`DFLHJf@f@RPz@x@tAtABB~@~@DBb@b@FK@CDEDCFAfAQt@M@ABA@C@C@C?C@GCa@c@Fb@GB`@AF?BABABABC@A@}B^G@EBEDABGJc@c@EC_A_ACCuAuA{@y@SQg@g@IKGMCECICImAqEWcAW}@Su@EQCKEKQu@y@}CMi@Kc@HIHKNO`AeANS`AeANSDEFE`@e@dCgDLSXe@JSP_@h@yAzAqEJWhHaTBKBITo@b@sAf@sAL]P]b@}@`@u@d@s@DGFINOTUZ]fBeBRS^]BADEFG~BuBrFgFDEFEzCuCv@u@|@_ARQDEDEx@u@^]nAqA\m@~@cBf@aA^m@`@u@h@_AFMDIP[HMDIDKDEb@w@HKd@{@jBkDj@cABFBFj@lAVj@d@`ATf@Tf@@Bl@rAb@~@FL`@~@b@hARl@?BN`@UTu@t@qBjBw@v@eAbAcA~@I[Ke@GUw@_DCGIUOEIAGA?S?O?KCQKc@e@{AIUCGMc@KKGGIGCCEAK?i@~@a@t@_@l@g@`A_AbB]l@oApA_@\y@t@EDEDSP}@~@w@t@{CtCGDEDsFfF_CtBGFEDC@_@\SRgBdB[\UTAj@?JGnCE|BEtBKtFKxFAPCfAAx@An@Aj@U@C@A@CDgElMiBjEKVYn@ABm@vAmCjGCDuA|CuAdDGLjAlB	Click to Generate
S2	60	1			3	Hillside below the Cholera Monument (S2)	Substantial Victorian houses in Norfolk Road (S2)	Sheffield Inclusion Centre (S2)	5927	4445	k}wdIzs{GiAoBEGGCC?CAI?G@I@E?CAQUCDuA|CuAdDGLwA`DFLHJf@f@RPz@x@tAtABB~@~@DBb@b@FK@CDEDCFA|B_@@ABA@C@C@C?C@GCa@c@F??b@GB`@AF?BABABABC@A@}B^G@EBEDABGJc@c@EC_A_ACCuAuA{@y@SQg@g@IKGMvAaDFMn@}Ad@gAtA}CBElCkGl@wA@CXo@JWhBkEfEmMBE@ABATA@k@@o@@y@BgA@QJyFJuFDuBD}BFoC?K@k@TUZ]fBeBRS^]BADEFG~BuBrFgFDEFEzCuCv@u@|@_ARQDEDEx@u@^]nAqA\m@~@cBf@aA^m@`@u@h@_AFMDIP[HMDIDKDEb@w@HKd@{@jBkDj@cABFBFj@lAVj@d@`ATf@Tf@@Bl@rAb@~@FL`@~@b@hARl@?BN`@UTu@t@qBjBw@v@eAbAcA~@I[Ke@GUw@_DCGIUOEIAGA?S?O?KCQKc@e@{AIUCGMc@KKGGIGCCEAK?i@~@a@t@_@l@g@`A_AbB]l@oApA_@\y@t@EDEDSP}@~@w@t@{CtCGDEDsFfF_CtBGFEDC@_@\SRgBdB[\UTAj@?JGnCE|BEtBKtFKxFAPCfAAx@An@Aj@U@C@A@CDgElMiBjEKVYn@ABm@vAmCjGPTB@D?HAFAH?B@B?FBDFhAnB	Click to Generate
S2	20	1			3	Leaves (S2)	Windy House Lane Pocket Park (S2)	UBU (S2)	1867	1400	qfudI~jvGh@gAVo@Xw@L[d@y@@E@E?C@E?E?G?E?C?EAC?A?EAEAEAGCEAEEG[SmBkAGT]xAENa@jAq@|ASb@Q\_@r@q@z@pBvC??qBwCm@q@A?u@y@{A}AOOELCFCBg@^AGGW??FV@Ff@_@BCBGDMNNzA|At@x@@?l@p@IJcAnAGF{@v@w@^k@^u@Ts@RYDYDg@HG??TBx@Bl@Fj@FX@HDRJ\`AzB`AtBJR@BLYRYBCDINUNY^q@BEzAqC`ByC|A}C^q@`AgBVe@	Click to Generate
S2	30	1			3	Best Pizza (S2)	Leaves (S2)	Windy House Lane Pocket Park (S2)	2315	1736	etudIjcwGIOESCGACOTEHCBSXMXwAfCm@lA]p@k@bAkBjDe@z@CEEIk@mAj@lADHBDd@{@jBkDj@cA\q@N[\q@vAgCACKSaAuBaA{BK]ESAIGYGk@Cm@Cy@?UF?f@IXEXEr@St@Uj@_@v@_@z@w@FGbAoAHKpBvC??qBwCm@q@A?u@y@{A}AOOELCFCBg@^AGGW??FV@Ff@_@BCBGDMNNzA|At@x@@?l@p@IJcAnAGF{@v@w@^k@^u@Ts@RYDYDg@HG??TBx@Bl@Fj@FX@HDRJ\`AzB`AtBJR@BLYRYBCDINUNY@DBDFPXf@?JKRE@O]	Click to Generate
S2	20	1			3	Broadfield Hotel (S2)	Broadfield Park (S2)	The Hardy Pick (S2)	1671	1253	wjtdIlt`H??KKMKSQ]Y]UOKEESOSQKIEh@??Di@CCGGCEEIEIEGKUISCKGMEMCKCMIi@ESESEOGSc@w@GGC[BEHENIPI`@QDC\MJCFCHCDAD?R?@NBJ@F?R@R?JEh@A^Ab@?@EpA?HAHCHAHAFIVEJCHKVKUISCKGMEMCKCMIi@ESESEOGSc@w@GGC[BEHENIPI`@QDC\MJCFCHCDAD?R?P?F?PBD?`@ENCRGDCHGFGBCBEDEv@pBlAzCHPf@{@Se@GO_@}@JSV_@c@r@^|@FNRd@g@z@IQmA{Cw@qBEDCDCBGFIFEBSFOBa@DE?KJIFCBIF?R@R?JEh@A^Ad@EpA?`A?f@?L?P?JBVRPRNDDNJ\T\XRPLJJJ??	Click to Generate
S2	30	1			3	Meersbrook Park Church (S2)	Porcelanosa (S2)	Virgin Crucible (S2)	2786	2090	mbtdIty_Hi@iAEIACE]FYAQDq@BKBQJSNMJJPRPTRZ@BBDDHN^LZZ`A[k@KQIQOUOWWa@EGW[QQ[]{@iAMQGRENADECUK_@QGC@Y?G@IDUDQIIGEGIOMKIGGOIKEA\GnAKnCALCJEFYn@CD?DAD?B?D@D@DXj@fAzBLZFTDRF`@@^E@C@A?C@EBCDe@p@EDCDCBGFIFEBSFSkCCYCUCOIQIWM]Zk@[j@L\HVHPBNBTVdDOBa@DE?KJIFCBIFEACACCCAAGGQCIEMAGEKEOISQk@]u@oAeDg@kAeAgCi@oAMc@Y_ACMCICCEIEGEGGEa@UaAm@kBiAmAs@MIIIGGIIGMEIOc@EKAKCME]K}@Gc@Ks@ASEc@Ce@T@B?H?XAFAF?REZ?b@Av@A\?V?J@H@D@B@JDHDHHTRTTX\PTPTZd@`@n@f@t@f@t@HLFFDHLNDFBBVXLLFDXPNJNHPLTH\Pd@PHBFBZLz@\\PJDNHFFJHNLFHFDHHZZl@d@X\dAhANPJJEJCFILCHEJKh@ITGXD\@BDHh@hA	Click to Generate
S2	45	1			3	Newfield Green Clinic (S2)	Newfield Green Dental Surgery (S2)	Pizza City (S2)	3076	2307	gatdIv|yGHOBCTe@f@aAP]h@eAHKLKBCTAF@JFHLHRDX@\?Z@RA\?H?J?L@H@Jg@r@QXCBa@j@KLKLMJiB`BQNUTKNILSZOXKSGK??FJJRCDGHADOZA@CFGHMRKPKRADMVCFITEHCLKIGGEGGGQKMIm@YIAFu@HsA?Ic@Gb@F?HIrAGt@H@l@XLHPJRAD?@AH?DCHCBGLW@EJSJQLSFIBG@AN[@EFIBEKSGKFJJRCDGHADOZA@CFGHMRKPKRADMVCFITEHCLKIGGEGGGQKMIm@YIAFu@HsA?IBe@@OEQMIK?a@NK@KEGKGOAS?C?WJo@@KPy@Py@H]@GLm@VqADSBKJw@@IAUCQIMICEAQHYTSRQRGDGFIBEA[EBc@J{AFeAF_A@[B[By@@WfATB_@C^gAUAVCx@Ev@G~@GdAKzACb@Gz@?FIfAGt@E`@Kz@EZEXG\Sz@Qv@Wx@Od@MXGNMXSd@EHGHMVHR@BBBHDJ?F?FC`B]r@On@OVGFAF?F?F?PD`@LH@l@XLHPJRAFAH?DCHCBGLW@EJSJQLSFIBG@AN[@EFIBENYR[HMJOTUPOhBaBLKJMJM`@k@BCPYf@s@AKAI?M?K?I@]AS?[A]EYISIMKGGAU@CBMJIJi@dAQ\g@`AUd@CBIN	Click to Generate
S2	20	1			3	I Said Bread (S2)	Kingdom Hall of Jehovah's Witnesses (S2)	Wobbly Wheel Cyclery (S2)	2042	1532	}~sdIzi~GTg@E[IcFImDS@u@@EEKmIVCn@ED?LxIHlDHbFDZuCzG]z@_FfLeA_BdA~AfC_GvAgD\{@tC{GE[IcFImDMyIF?v@GbAG?FJtGL`HuBvEUf@	Click to Generate
S2	30	1			3	Highfield Motors (S2)	Woodbourn Road Stadium (S2)	Sheffield Animal Centre (S2)	2449	1837	ye{dIrxwGSOYY~@cDHc@?q@CSCQCIDKBG??HPDLV[BDDFJYYuAIe@CIc@oBEOK[BIBCPENEREp@q@`@e@HI`@a@TSHSL_@DGHQBGNM@CFQDQJc@He@l@cDHg@`@_CFc@Pu@^qAXZTPNLMp@G\ADQlAd@ZLLAV?\FRN@??VIWHOAGS?]@WMMe@[PmA@EF]Lq@\cAL]LFHF`AdAp@r@NFl@^d@^r@bAxFbGCn@Qd@_AhACDWb@Yz@a@`BOHK@k@EMBGFEFCPALAp@?JAHAHAHCBAFEHe@WmAo@AAKGyBmAqEiC[QOAM?KAKAQAM@SFURa@`@IHa@d@q@p@S\EDWVDNb@nBBHHd@XtAKXo@bBIb@_AbDXXRN	Click to Generate
S2	30	1			3	The Spires Centre (S2)	Springs Leisure Centre (S2)	Pearl Motors (S2)	2567	1925	ywtdIlzwGCk@nBYxASCg@Ag@Ci@A]?_@AS?KAU?y@?q@?_A?e@@]@e@Bg@BW@]Dm@FaABi@Bc@D}@Bu@D}A@}@?G?Y?]?K?_@?]AQASCYF?FDP\N^WNQH?^?J?\?X?FA|@E|ACt@E|@Cb@Ch@G`AEl@A\CVCf@Ad@A\?d@?~@?N?`@?x@@T?J@R?^p@IJC~@Sx@ODE?G??Cu@UBe@nA_ARKBq@H@\Bh@@f@Bf@B`@B^Bd@@HDl@Fx@H|@@BH~@J|@Df@Dd@Bd@F~@Bf@DrABj@@b@?F@z@@f@?p@?z@@`B?rA?B?X?ZAb@?N?L?FAd@Af@Ah@Cn@Al@Cv@fATB_@??C^gAUBw@@m@Bo@@i@@g@@e@?G?M?O@c@?[?Y?C?sAAaB?{@?q@Ag@A{@?GAc@Ck@EsACg@G_ACe@Ee@Eg@K}@I_AACI}@Gy@Em@AICe@C_@Ca@yARoBXBj@	Click to Generate
S2	45	1			3	Virgin Crucible (S2)	The Hardy Pick (S2)	Boots (S2)	3644	2733	}ntdIzp`HMISQKICCGGCEEIEIEGKUISCKGMEMCKCMIi@ESESEOGSc@w@GGC[BEHENIPI`@QDC\MJCFCHCDAD?R?P?F?PBD?`@ENCWeDCUCOIQIWM]Zk@[j@L\HVHPBNBTBXRjCRGDCHGFGBCBEDEv@pBlAzCHPf@{@Se@GO_@}@JSV_@c@r@^|@FNRd@g@z@IQmA{Cw@qBEDCDCBGFIFEBSFOBa@DE?KJIFCBIFEACACCCAAGGQCIEMAGEKEOISQk@]u@oAeDg@kAeAgCi@oAMc@Y_ACMCICCEIEGEGGEa@UaAm@kBiAmAs@MIIIGGIIGMEIOc@EKAKCME]K}@Gc@Ks@ASEc@Ce@T@B?H?XAFAF?REZ?b@Av@A\?V?J@H@D@B@JDHDHHTRTTX\PTPTZd@`@n@f@t@f@t@HLFFDHLNDFBBVXLLFDXPNJNHPLTH\Pd@PHBFBZLz@\\PJDNHFFJHNLFHFDHHZZl@d@X\dAhANPJJEJCFILCHEJKh@ITGXIA??AAAAEICEAEUg@BqAD@T^CjAEJ@DHN@@@@??H@FYAQDq@BKBQJS[]{@iAMQg@s@[[IIGEGIOMKIGGOIKEA\GnAKnCALCJEFYn@CD?DAD?B?D@D@DXj@fAzBLZFTDRF`@@^E@C@A?C@EBCDe@p@EDCDCBGFIFEBSFOBa@DE?KJIFCBIF?R@R?JEh@A^Ad@EpA?`A?f@?L?P?JBVRPLH	Click to Generate
S2	20	1			3	The Co-operative Food (S2)	The Spires Centre (S2)	Springs Leisure Centre (S2)	1562	1172	{stdIv}wGDpA?Xa@Fs@Hc@DOB[FI?MBGsACcAC_@Aa@RIFMHS?]EWEQ??KKWCCe@AYCw@GaB|@Ov@KHCDGBK@SAwAA_B?M@iAByA@i@D}@DkADq@Fq@F{@Do@jAPf@JRBP@E|ACt@E|@Cb@Ch@G`AEl@A\CVCf@Ad@A\?d@?~@?N?`@?x@@T?J@R?^p@IJC~@Sx@ODE?G??Cu@UBe@nA_ARKBq@H@\Bh@@f@Bf@B`@B^Bd@@HDl@Fx@H|@s@Jm@HE@?YEqA	Click to Generate
S2	30	1			3	Nether Edge Primary School (S2)	Broadfield Park (S2)	Virgin Crucible (S2)	2479	1859	kxtdIhpaHEEGGMQJ]BKFWPw@Hc@TkANq@`@_CFc@d@uE^aEL_BFi@BM?EBG@EN]DFDHDHBDFFBBJHRPRNDDNJ\T\XRPQr@CFAFUhAAJ[zAERMj@AD?B?B?D@B@BJFr@d@FDFDl@wCBONu@XwAQWIKKMKKKKMKSQ]Y]UOKEESOSQKICCGGCEEIEIEGKUISCKGMEMCKCMIi@ESESEOGSc@w@GGC[BEHENIPI`@QDC\MJCFCHCDAD?R?@NBJ@F?R@R?JEh@A^Ab@?@EpA?HAHCHAHAFIVEJCHKVKUISCKGMEMCKCMIi@ESESEOGSc@w@GGC[BEHENIPI`@QDC\MJCFCHCDAD?R?P?F?PBD?`@ENCSkCCYCUCOIQIWM]Zk@[j@L\HVHPBNBTVdDOBa@DE?KJIFCBIF?R@R?JEh@A^Ad@EpA?HAHCHAHAFIVEJCHKVO\ADCF?DCLGh@M~A_@`Ee@tEGb@a@~BOp@UjAIb@Qv@GVCJK\LPFFDD	Click to Generate
S2	20	1			3	Leaves (S2)	Windy House Lane Pocket Park (S2)	UBU (S2)	2077	1558	yfudInfvGq@`AMB[\ICm@oAQ\_@r@q@z@pBvC??qBwCm@q@A?u@y@{A}AOOELCFCBg@^AGGW??FV@Ff@_@BCBGDMNNzA|At@x@@?l@p@IJcAnAGF{@v@w@^k@^u@Ts@RYDYDg@HG??TBx@Bl@Fj@FX@HDRJ\`AzB`AtBJR@BLYRYBCDINUNY^q@BEzAqC`ByC|A}C^q@`AgB`AmBVo@Xw@L[d@y@@E@E?C@E?E?G?E?C?EAC?A?EAEAEAGCEAEEG[SmBkAGT]xAENa@jAq@|ASb@l@nAHBZ]LCp@aA	Click to Generate
S2	60	1			3	Burton Roofing Merchants (S2)	Makro (S2)	Manor Park Medical Centre (S2)	5454	4090	g|xdId~uG_@]EO@g@KDOMo@g@UQYSg@g@Sr@Kd@c@`BMf@Ol@St@Of@_@fAS]Vu@Ni@CHK^Wt@R\a@z@u@`BUf@INmAfBOTkAvAUg@O[CISc@Sa@Sa@Q_@??m@bAu@tAVZNPDFV\TXX\RVELGJy@fB]`AK\g@dBSz@UhACPQjAKx@QvAIt@Kr@CNe@xBr@vAP\r@xABFl@hAd@|@@BDJFHFHJJn@f@JF\R~Az@@?B@F@@A@?B?@?BADELUR]v@sBv@wBf@uAb@cBXu@LSJQFIp@i@d@WTMLCf@W`AcAp@s@hC_BNUFOPWZ}@j@_Bd@sA~@oCVs@d@sA^iAL[LUTa@\e@Z[VSXO^Ol@QXORMTS^]v@kANYrBkDp@kACMAM@M@GDIFEFA??HBDHx@gAZc@TSVMRGF?PAjABz@BDgBJ}AJ{@VyB^_DP}AV{BTeBPsAPcAl@kBHO??FMpAeCGyAYyFCi@GoAK{B[QGEIEOMy@g@s@i@q@o@aAgAa@a@QWW]EIOSw@gAIMIGECICW?GBG@MBI?WR[n@uAhFg@nBaEzNk@bCi@`Cy@zDy@tDO`BkAlGE`@?^?^D^D\Lf@Lv@?b@A`@EXETMVONUFU?UEUSqBaBwAsAyAaAKGYOCBOXm@`@cApAYf@[z@f@f@XRTPn@f@NLJEAf@DN^\	Click to Generate
S2	30	1			3	UBU (S2)	Windy House Lane Pocket Park (S2)	Kwik Fit (S2)	2742	2056	_gudItkvGINaAfB_@p@}A|CaBxC{ApCCD_@p@OXOTEHCBSXMXACKSaAuBaA{BK]ESAIGYGk@Cm@Cy@?UF?f@IXEXEr@St@Uj@_@v@_@z@w@FGbAoAHKm@q@A?u@y@{A}AOOELCFCBg@^AGGW??FV@Ff@_@BCBGDMNNzA|At@x@@?l@p@IJcAnAGF{@v@w@^k@^u@Ts@RYDYDg@HG??TBx@Bl@Fj@FX@HDRJ\`AzB`AtBJR@BQZeAjBm@lA]p@k@bAkBjDe@z@CEEIk@mAj@lADHBDd@{@jBkDj@cA\q@l@mAvAgCLYRYBCDINUNY^q@~AwC`ByC|A}C^q@`AgBHO	Click to Generate
S2	45	1			3	Gleadless Medical Centre (S2)	Pizza City (S2)	Arbourthorne Community Primary School (S2)	3272	2454	abtdId~yGb@}@BCTe@f@aAP]h@eAHKLKBCTAF@JFHLHRDX@\?Z@RA\?H?J?L@H@Jg@r@QXCBa@j@KLKLMJiB`BQNUTKNILSZOXCDGHADOZA@CFGHMRKPKRADHNZl@??[m@IOMVCFITEHCLKIGGEGGGQKMIm@YIAFu@HsA?IBe@@OEQMIK?a@NK@KEGKGOAS?C?WJo@@KPy@Py@H]@GLm@VqADSBKJw@@IAUCQIMICEAQHYTSRQRGDGFIBEA[EBc@J{AFeAF_A@[B[By@@WBw@@m@Bo@@i@@g@@e@?G?M?O@c@G@MFa@Po@\aAj@a@VSLYPiBpAg@\e@\}@r@y@n@EBPbBJ|@D^Lr@Lp@BLFXDJJKHGFADDDJBFFFBAtAy@??uAx@C@GGCGEKEEG@IFKJFRJ\BDFNLZNRPZZ^LJJHRRNJh@b@h@\j@\TL^RSz@Qv@Wx@Od@MXGNMXSd@EHGHMVHR@BBBHDJ?F?FC`B]r@On@OVGFAF?F?F?PD`@LH@l@XLHPJRAFAH?DCHCBGLW@EJSJQLSFIBG@AN[@EFIBENYR[HMJOTUPOhBaBLKJMJM`@k@BCPYf@s@AKAI?M?K?I@]AS?[A]EYISIMKGGAU@CBMJIJi@dAQ\g@`AUd@CBc@|@	Click to Generate
S2	30	1			3	Temple Park Centre (S2)	Castle View Park (S2)	Hair & Beauty Lounge (S2)	2995	2246	c{wdIravGEKCCGGIGICGAG?GBWVCDC?A?MIp@kACMAM@M@GDIFEFAHBDHx@gAZc@TSVMRGF?ARGV?p@?I?g@FW@SG?SFWLUR[b@y@fADJ@L?FCLEJrAjCr@`Bl@bBJSh@{@NUHEHAL?jBb@jA`@zBp@^Lp@T|Ah@l@^Zb@Pb@BH@DHd@Dr@A`AKv@ENe@jAe@aAQUyDq@WGaAOq@a@QSUe@KO^}@\cBNwBkAa@kBc@M?I@IDOTi@z@KRm@cBs@aBsAkCEDK@GCGICMAM@M@GDIFEFAHBDHx@gAZc@TSVMRGF?PAjABz@Bf@Dp@Ap@Kr@c@v@_A~@mB\q@Vg@Cm@??^w@ZHq@tAEDWf@]p@_AlBw@~@s@b@q@Jq@@g@E{@CkACQ@G?SFWLUR[b@y@fADJ@L?FCLEJEDK@GCGIq@jALH@?B?BEVWFCF?F@HBHFFFBBDJ	Click to Generate
S2	45	1			3	Arbourthorne Community Primary School (S2)	Zakwetu (S2)	Newfield Green Dental Surgery (S2)	3642	2732	_otdItkyG?JEv@G~@GdAKzACb@Gz@?FIfAGt@E`@Kz@EZEXG\_@SUMk@]i@]i@c@OKSSKIMK[_@Q[OSM[GOCEK]GSJKHGFADDDJBFFFBAtAy@??uAx@C@GGCGEKEEG@IFKJFRJ\BDFNLZNRPZZ^LJJHRRNJh@b@h@\j@\TL^RSz@Qv@Wx@Od@MXGNMXSd@EHGHMVHR@BBBHDJ?F?FC`B]r@On@OVGFAF?F?F?PD`@LH@l@XLHPJRAFAH?DCHCBGLW@EJSJQLSFIBG@AN[@EFIBENYR[HMJOTUPOhBaBLKJMJM`@k@BCPYf@s@AKAI?M?K?I@]AS?[A]EYISIMKGGAU@CBMJIJi@dAQ\g@`AUd@CBi@hA[l@dAwBBCTe@f@aAP]h@eAHKLKBCTAF@JFHLHRDX@\?Z@RA\?H?J?L@H@Jg@r@QXCBa@j@KLKLMJiB`BQNUTKNILSZOXCDGHADOZA@CFGHMRKPKRADMVCFITEHCLKIGGEGGGQKMIm@YIAFu@HsA?Ic@Gb@F?HIrAGt@H@l@XLHPJRAD?@AH?DCHCBGLW@EJSJQLSFIBG@AN[@EFIBEKSGKFJJRCDGHADOZA@CFGHMRKPKRADMVCFITEHCLKIGGEGGGQKMIm@YIAFu@HsA?IBe@@OEQMIK?a@NK@KEGKGOAS?C?WJo@@KPy@Py@H]@GLm@VqADSBKJw@@IAUCQIMICEAQHYTSRQRGDGFIBEA[EBc@J{AFeAF_ADw@?K	Click to Generate
S2	20	1			3	Noble and Wylie (S2)	Broadfield Park (S2)	Virgin Crucible (S2)	1727	1295	ertdIbp`H@I?EBG@EN]DFDHDHBDFFBBJHRPRNDDNJ\T\XBBNLQr@CFAFWtA[zAERMj@AD?B?B?D@B@BJFr@d@FDFDl@wCBONu@XwAQWIKKMKKKKMKSQ]Y]UOKEESOSQKICCGGCEEIEIEGKUISCKGMEMCKCMIi@ESESEOGSc@w@GGC[BEHENIPI`@QDC\MJCFCHCDAD?R?@NBJ@F?R@R?JEh@A^Ab@?@EpA?HAHCHAHAFIVEJCHKVKUISCKGMEMCKCMIi@ESESEOGSc@w@GGC[BEHENIPI`@QDC\MJCFCHCDAD?R?P?F?PBD?`@ENCSkCCYCUCOIQIWM]Zk@[j@L\HVHPBNBTVdDOBa@DE?KJIFCBIF?R@R?JEh@A^Ad@EpA?HAHCHAHAFIVEJCHKVO\ADCF?DAH	Click to Generate
S2	30	1			3	Well Pharmacy (S2)	Terry Wright Community Hall (S2)	Pizza City (S2)	2172	1629	yetdIjnzG[m@IO@EJSJQLSFIBG@AN[@EFIBENYR[HMJO??TUPOhBaBLKJMJMIS?C?G@M??j@y@BCZi@LKH??L@H@Jg@r@QXCBa@j@KLKLMJiB`BQNUTKNILSZOXCDGHADOZA@CFGHMRKPKRADMVCFITEHCLKIGGEGGGQKMIm@YIAFu@HsA?IBe@@OEQMIK?a@NK@KEGKGOAS?C?WJo@@KPy@Py@H]@GLm@VqADSBKJw@@IAUCQIMICEAQHYTSRQRGDGFIBEA[EBc@J{AFeAF_A@[B[By@@WfATB_@C^gAUAVCx@Ev@G~@GdAKzACb@Gz@?FIfAGt@E`@Kz@EZEXG\Sz@Qv@Wx@Od@MXGNMXSd@EHGHMVHR@BBBHDJ?F?FC`B]r@On@OVGFAF?F?F?PD`@LH@l@XLHPJRAFAH?DCHCBGLWHNZl@	Click to Generate
S2	45	1			3	Leaves (S2)	UBU (S2)	Windy House Lane Pocket Park (S2)	3267	2450	yfudIjkvGp@sAVo@Xw@L[d@y@@E@E?C@E?E?G?E?C?EAC?A?EAEAEAGCEAEEG[SmBkAGT]xAENa@jAq@|ASb@Q\_@r@q@z@pBvC??qBwCIJcAnAGF{@v@w@^k@^u@Ts@RYDYDg@HG??TBx@Bl@Fj@FX@HDRJ\`AzB`AtBJR@BLYRYBCDINUNY^q@BEzAqC`ByC|A}C^q@`AgB`AmBVo@Xw@L[d@y@@E@E?C@E?E?G?E?C?EAC?A?EAEAEAGCEAEEG[SmBkA_BcAsA}@UQGXS|@u@rBq@jAy@jAc@f@INCHOOELCFCBg@^AGGW??FV@Ff@_@BCBGDMNNBIHOb@g@x@kAp@kAt@sBR}@FYNc@`BfAXPb@`@RLHDDBXPjBnAh@?H?FALCJEHGHKFMN]FSTw@DOP_ABONYJg@DUDUBE@CBAB?B?D?D@DD^|@Tn@N\Rl@Jd@@HAd@ATCNENENGVGTEPKRi@F_@DODM@{@FWTO@]BK@GBC@IDGBIHEDEDABCBgB|Cq@rA	Click to Generate
S2	60	1			3	Substantial Victorian houses in Norfolk Road (S2)	Path up to the Cholera Monument, Sheffield (S2)	Cholera Monument, Sheffield (S2)	7998	5998	cj{dI|t_HFIRYRQBCHG@ALIHWBEJ[h@oCPcAXkBFi@Jq@ZsBPqAFk@v@qGHa@RYX]~@iADEXa@Ta@LSVi@L[DMVu@BGBIBKZs@\{@HSF]Pg@Ns@FY@IFa@Jy@Be@Be@@c@@G?Q?k@?ICw@?]By@PeDDcA@OLcBLaALq@No@HYJa@Na@Pg@BIPc@FMPe@Vc@Zk@`@m@FKPUb@g@TYBEPUNUPUPUFKDMTc@DKDSHUBMBKBWDa@BUBa@Ba@@_@Bk@Bo@Dq@?MBe@@a@B[DaAHkBD_AHkAF{@Fs@Da@Fc@Ju@DSP_ADSJa@DKLa@`@q@DE^e@ZQDC@ALA@?F?D@B@B@B@BBBBBDDFFLDFBH?D@B@B?@?BBTBf@Fh@D\DZDZJl@Jl@J^H\X`A^vANh@Nh@Pr@T`ATv@DNBDDHDDFBJDH@D?B@BAFENMFCJE@?HAHAJB\NLCHEFERM@ADA\U@ABCROx@q@XWt@k@DEBAFEHILKFEFE\WZWtCkCf@k@t@w@VYX]hAmAVWHIHKNO`AeANS`AeANSDEFE`@e@dCgDLSXe@DJDDB@F?NGzAo@bAa@JGDIFKDHFFVPd@`@|CdCiBjEKVYn@ABm@vAmCjGCDuA|Ce@fAo@|AGLwA`DFLHJf@f@RPz@x@tAtABB~@~@DBb@b@FK@CDEDCFAfAQt@M@ABA@C@C@C?C@GCa@c@Fb@GB`@AF?BABABABC@A@}B^G@EBEDABGJc@c@EC_A_ACCuAuA{@y@SQg@g@IKGMvAaDjAlBIZADAF?D?\?z@?F@DBFBFCGCGAE?G?{@?]?E@G@EH[??kAmBwA`DCECICImAqEWcAW}@Su@EQCKEKQu@y@}CMi@Kc@WViAlAY\WXu@v@g@j@uCjC[V]VGDGDMJIHGDC@EDu@j@YVy@p@SNCBA@GRCJAHAJAL?J@N?PBT@Nr@tCBZ@\AZAJI`@GT]Xa@XIDMDG@G?E?G?GAq@SOGe@D_@?WAg@MQ@WBODUFE@a@HQBOCMEGEEEGGKQW_@oB}BgAqAIGY_@c@]AAEECCKOE|@Cb@EfACb@A`@C\C`@CVG\ETELGTGPITGPS\ILGHKNGFOPONc@d@UXIJGFILKNQTKNMTOXKXQf@Oh@ERGTCJWbAMn@QdAU~@IZEPCTCZAPARAPA\@X@\@TFh@D\BNFTHTL^DHd@hAFNBB@R?TAPCNCJEDGHIDIEy@_@C?K?C@G@A@EBEHCFGFO|ACTAPCJCNCPGTGRGPIVGNQRIR]z@[r@CJCHCFWt@ELMZIr@Y`Bm@tCgBpICLAN?PE?mAcAQpA[rBKp@Gh@YjBQbAi@nCKZCDIVMHA@IFCBSPSXGH	Click to Generate
S2	45	1			3	The Hardy Pick (S2)	Virgin Crucible (S2)	Boots (S2)	3669	2752	intdIlq`HGEEESOSQKICCGGCEEIEIEGKUISCKGMEMCKCMIi@ESESEOGSc@w@GGC[BEHENIPI`@QDC\MJCFCHCDAD?R?P?F?PBD?`@ENCRGDCHGFGBCBEDEv@pBlAzCHPf@{@Se@GO_@}@JSV_@c@r@^|@FNRd@g@z@IQmA{Cw@qBEDCDCBGFIFEBSFSkCCYCUCOIQIWM]Zk@[j@L\HVHPBNBTVdDOBa@DE?KJIFCBIFEACACCCAAGGQCIEMAGEKEOISQk@]u@oAeDg@kAeAgCi@oAMc@Y_ACMCICCEIEGEGGEa@UaAm@kBiAmAs@MIIIGGIIGMEIOc@EKAKCME]K}@Gc@Ks@ASEc@Ce@T@B?H?XAFAF?REZ?b@Av@A\?V?J@H@D@B@JDHDHHTRTTX\PTPTZd@`@n@f@t@f@t@HLFFDHLNDFBBVXLLFDXPNJNHPLTH\Pd@PHBFBZLz@\\PJDNHFFJHNLFHFDHHZZl@d@X\dAhANPJJEJCFILCHEJKh@ITGXIA??AAAAEICEAEUg@BqAD@T^CjAEJ@DHN@@@@??H@FYAQDq@BKBQJS[]{@iAMQg@s@[[IIGEGIOMKIGGOIKEA\GnAKnCALCJEFYn@CD?DAD?B?D@D@DXj@fAzBLZFTDRF`@@^E@C@A?C@EBCDe@p@EDCDCBGFIFEBSFOBa@DE?KJIFCBIF?R@R?JEh@A^Ad@EpA?`A?f@?L?P?JBVRPRNDDFD	Click to Generate
S2	30	1			3	Temple Park Centre (S2)	Castle View Park (S2)	Manor Park Medical Centre (S2)	2423	1817	wfwdIpmuG??Bl@Wf@]p@_AlBw@~@s@b@q@Jq@@g@E{@CkACQ@ARGV?p@?I?g@FW@SG?SFWLUR[b@y@fADJ@L?FCLEJrAjCr@`Bl@bBJSh@{@NUHEHAL?jBb@jA`@zBp@^Lp@T|Ah@l@^Zb@Pb@BH@DHd@Dr@A`AKv@ENe@jAe@aAQUyDq@WGaAOq@a@QSUe@KO^}@\cBNwBkAa@kBc@M?I@IDOTi@z@KRm@cBs@aBsAkCEDK@GCGICMAM@M@GDIFEFA??HBDHx@gAZc@TSVMRGF?PAjABz@Bf@Dp@Ap@Kr@c@v@_A~@mB\q@Vg@Cm@	Click to Generate
S2	45	1			3	Gleadless Medical Centre (S2)	Pizza City (S2)	Arbourthorne Community Primary School (S2)	3262	2446	{atdIz}yG\s@BCTe@f@aAP]h@eAHKLKBCTAF@JFHLHRDX@\?Z@RA\?H?J?L@H@Jg@r@QXCBa@j@KLKLMJiB`BQNUTKNILSZOXCDGHADOZA@CFGHMRKPKRADHNZl@??[m@IOMVCFITEHCLKIGGEGGGQKMIm@YIAFu@HsA?IBe@@OEQMIK?a@NK@KEGKGOAS?C?WJo@@KPy@Py@H]@GLm@VqADSBKJw@@IAUCQIMICEAQHYTSRQRGDGFIBEA[EBc@J{AFeAF_A@[B[By@@WBw@@m@Bo@@i@@g@@e@?G?M?O@c@G@MFa@Po@\aAj@a@VSLYPiBpAg@\e@\}@r@y@n@EBPbBJ|@D^Lr@Lp@BLFXDJJKHGFADDDJBFFFBAtAy@??uAx@C@GGCGEKEEG@IFKJFRJ\BDFNLZNRPZZ^LJJHRRNJh@b@h@\j@\TL^RSz@Qv@Wx@Od@MXGNMXSd@EHGHMVHR@BBBHDJ?F?FC`B]r@On@OVGFAF?F?F?PD`@LH@l@XLHPJRAFAH?DCHCBGLW@EJSJQLSFIBG@AN[@EFIBENYR[HMJOTUPOhBaBLKJMJM`@k@BCPYf@s@AKAI?M?K?I@]AS?[A]EYISIMKGGAU@CBMJIJi@dAQ\g@`AUd@CB]r@	Click to Generate
S2	20	1			3	Leaves (S2)	Windy House Lane Pocket Park (S2)	UBU (S2)	1867	1400	gfudIljvG^u@Vo@Xw@L[d@y@@E@E?C@E?E?G?E?C?EAC?A?EAEAEAGCEAEEG[SmBkAGT]xAENa@jAq@|ASb@Q\_@r@q@z@pBvC??qBwCm@q@A?u@y@{A}AOOELCFCBg@^AGGW??FV@Ff@_@BCBGDMNNzA|At@x@@?l@p@IJcAnAGF{@v@w@^k@^u@Ts@RYDYDg@HG??TBx@Bl@Fj@FX@HDRJ\`AzB`AtBJR@BLYRYBCDINUNY^q@BEzAqC`ByC|A}C^q@`AgB`@w@	Click to Generate
S2	30	1			3	Porcelanosa (S2)	The Hardy Pick (S2)	Mandala (S2)	2699	2024	{ctdIbw_HAAACE]FYAQDq@BKBQJS[]{@iAMQGRENADECUK_@QGC@Y?G@IDUDQIIGEGIOMKIGGOIKEA\GnAKnCALCJEFYn@CD?DAD?B?D@D@DXj@fAzBLZFTDRF`@@^E@C@A?C@EBCDe@p@v@pBlAzCHPf@{@Se@GO_@}@JSV_@c@r@^|@FNRd@g@z@IQmA{Cw@qBEDCDCBGFIFEBSFOBa@DE?KJIFCBIFEACACCCAAGGQCIEMAGEKEOISQk@]u@oAeDg@kAeAgCi@oAMc@Y_ACMCICCEIEGEGGEa@UaAm@kBiAmAs@MIIIGGIIGMEIOc@EKAKCME]K}@Gc@Ks@ASEc@Ce@T@B?H?XAFAF?REZ?b@Av@A\?V?J@H@D@B@JDHDHHTRTTX\PTPTZd@`@n@f@t@f@t@HLFFDHLNDFBBVXLLFDXPNJNHPLTH\Pd@PHBFBZLz@\\PHB@@NHFFJHNLFHFDHHZZl@d@X\dAhANPJJEJCFILCHEJKh@ITGXD\@B@@	Click to Generate
S2	30	1			3	Diocese of Hallam Pastoral Centre (S2)	Woodbourn Road Stadium (S2)	Sheffield Animal Centre (S2)	2707	2030	_e{dIjmwG??CFEJBHBPBR?p@Ib@_AbDXXRNDBZXJ^?^?RE~AbBPH@n@JHBZDEg@K_BAKASOmBm@sC_AaEYuAIe@CIc@oBEOK[BIBCPENEREp@q@`@e@HI`@a@TSHSL_@DGHQBGNM@CFQDQJc@He@l@cDHg@`@_CFc@Pu@^qAXZTPNLMp@G\ADQlAd@ZLLAV?\FRN@??VIWHOAGS?]@WMMe@[PmA@EF]Lq@\cAL]LFHF`AdAp@r@NFl@^d@^r@bAxFbGCn@Qd@_AhACDWb@Yz@a@`BOHK@k@EMBGFEFCPALAp@?JAHAHAHCBAFEHe@WmAo@AAKGyBmAqEiC[QOAM?KAKAQAM@SFURa@`@IHa@d@q@p@S\EDWVDNb@nBBHHd@XtAKXEGCEWZEMIQ	Click to Generate
S2	60	1			3	Path near the Cholera Monument, Sheffield (S2)	Sheffield Inclusion Centre (S2)	Manor Fields (S2)	7359	5519	c|wdI`f|Gb@GB`@AF?BABABABC@A@}B^G@EBEDABGJc@c@EC_A_ACCuAuA{@y@SQg@g@IKGMvAaDjAlBIZADAF?D?\?z@?F@DBFBFCGCGAE?G?{@?]?E@G@EH[??kAmBFMtAeDtA}CBElCkGl@wA@CXo@JWhBkEfEmMBE@ABATA@k@@o@@y@BgA@QJyFJuFDuBD}BFoC?K@k@TUZ]fBeBRS^]BADEFG~BuBrFgFDEFEzCuCv@u@|@_ARQDEDEx@u@^]nAqA\m@~@cBf@aA^m@`@u@h@_AFMDIP[HMDIDKDEb@w@HKd@{@jBkDj@cABFBFj@lAVj@d@`ATf@Tf@@Bl@rAb@~@FL`@~@b@hARl@?BN`@UTu@t@qBjBw@v@eAbAcA~@I[Ke@GUw@_DCGIUOEIAGA?S?O?KCQKc@e@{AIUCGMc@KKGGIGCCEAK?i@~@a@t@_@l@g@`A_AbB]l@oApA_@\y@t@EDEDSP}@~@c@kBd@g@jBu@nCgBVa@^mBYyAaAmFu@cEY_Ba@yBkAaHCOS_AW]m@GS@??eD|BaBhAOb@f@rCjAhHuBxAc@Zk@`@e@ZwBxAg@Xs@f@xApKtAxKr@vE_CtBGFEDC@_@\SRgBdB[\UTAj@?JGnCE|BEtBKtFKxFAPCfAAx@An@Aj@U@C@A@CDgElMiBjEKVYn@ABm@vAmCjGCDuA|CuAdDGLwA`DFLHJf@f@RPz@x@tAtABB~@~@DBb@b@FK@CDEDCFA|B_@@ABA@C@C@C?C@GCa@c@F	Click to Generate
S2	60	1			3	Burton Roofing Merchants (S2)	Makro (S2)	Mather Community Park (S2)	5847	4385	q_ydIdzuGEEUQYSg@g@Sr@Kd@c@`BMf@Ol@St@Of@_@fAS]Vu@Ni@CHK^Wt@R\a@z@u@`BUf@INmAfBOTkAvA[f@u@~@SWY]UYW]EGOQW[t@uAl@cA??P^R`@R`@Rb@BHNZTf@jAwANUlAgBHOTg@t@aB`@{@^gANg@Ru@Nm@Lg@b@aBJe@Rs@Z{@Xg@bAqAF]Dc@Ca@CW@UFWFMDEHEJAFBD@HJDJDLVx@P`@h@`@^Ph@Jb@F\EPINMNSN_@dA{D|@mD~@mD^aBfAiFv@qDXuA`@eBz@{F|@_Ft@gEr@}DB[@O?OEUA_@A_@C]I[KSKOGGoBiBeCuB}AeAo@a@o@_@k@bECLIn@y@jFq@xE]rBUhAtAlAf@b@j@l@U|@]z@e@|@s@v@g@`@MJ_Bt@Ks@SaBn@wA`@gAZ_A\oADWFUTiA\sBp@yEx@kFHo@BMj@cEJg@xDfCtBjBpAjAPNDD\ZTVHFHDF@F?HEFEDCPCJ@VJXRXRPVJNDNHd@Fd@@P?PARAPIVGNIHGBG@MBI?WR[n@uAhFg@nBaEzNk@bCi@`Cy@zDy@tDO`BkAlGE`@?^?^D^D\Lf@Lv@?b@A`@EXETMVONUFU?UEUSqBaBwAsAyAaAKGYOCBOXm@`@cApAYf@[z@f@f@XRTPDD	Click to Generate
S2	20	1			3	Wobbly Wheel Cyclery (S2)	Daughters (S2)	74th Oak Street Scout Group (S2)	1638	1228	u_tdIf{}GRAMyIF?v@GbAG?FJtGL`HlBIDbBmClGkBfEgAdCqAwBIM\{@~BsFTg@E[IcFImDMyIE?o@DEmCCsBAq@AKv@EJ~HLxIS@	Click to Generate
S2	20	1			3	Anna Roberts (S2)	Virgin Crucible (S2)	The Hardy Pick (S2)	1818	1364	motdInp`H@@RNDDNJ\T\XRPQr@CFAFWtA[zAERMj@AD?B?B?D@B@BJFr@d@FDFDl@wCBONu@XwAQWIKKM??KKKKMKSQ]Y]UOKEESOSQKICCGGCEEIEIEGKUISCKGMEMCKCMIi@ESESEOGSc@w@GGC[BEHENIPI`@QDC\MJCFCHCDAD?R?P?F?PBD?`@ENCWeDCUCOIQIWM]Zk@[j@L\HVHPBNBTBXRjCRGDCHGFGBCBEDEv@pBlAzCHPf@{@Se@GO_@}@JSV_@c@r@^|@FNRd@g@z@IQmA{Cw@qBEDCDCBGFIFEBSFOBa@DE?KJIFCBIF?R@R?JEh@A^Ad@EpA?`A?f@?L?P?JBVPN	Click to Generate
S2	30	1			3	Leaves (S2)	Windy House Lane Pocket Park (S2)	UBU (S2)	2605	1954	}dudIfhvGINVo@Xw@L[d@y@@E@E?C@E?E?G?E?C?EAC?A?EAEAEAGCEAEEG[SmBkAGT]xAENa@jAq@|ASb@Q\_@r@q@z@pBvC??qBwCm@q@A?u@y@{A}AOOELCFCBg@^AGGW??FV@Ff@_@BCBGDMNNzA|At@x@@?l@p@IJcAnAGF{@v@w@^k@^u@Ts@RYDYDg@HG??TBx@Bl@Fj@FX@HDRJ\`AzB`AtBJR@BLYRYBCDINUNY^q@BEzAqC`ByC|A}C^q@`AgB`AmBVo@Xw@L[d@y@Ra@DIJUHOJSJQ`@_AN]FSTw@DOP_ABONYJg@DUDUBE@CBAB?B?D?D@DD^|@Tn@N\Rl@Jd@@HAd@ATCNENENGVGTEPKRi@F_@DODM@{@FWTO@]BK@GBC@IDGBIHEDEDABCB}AlC	Click to Generate
S2	20	1			3	Casa Italia (S2)	Alam Hill Books (S2)	Boots (S2)	1709	1282	aktdIde_HS_@QYEJWj@Yp@CTz@\\PJDNHFFJHNLFHFDHHZZPNZTELg@s@[[IIGEGIOMKIGGOIKE]Q{@]BUXq@Vk@DKj@wAxAiDdC}FHLpAvBiC`GiA~C_@hAY~@K^NLFHFDHHZZl@d@X\dAhANPJJEJCFILCHEJKh@ITGXIA??AAAAEICEAEUg@BqAD@T^CjAEJ@DHN@@@@??H@FYAQDq@BKBQJS[]{@iAMQg@s@[[IIGEGIOMKIGGOIKE]Q{@]BUXq@Vk@DKPXR^	Click to Generate
S2	60	1			3	Path near the Cholera Monument, Sheffield (S2)	Sheffield Inclusion Centre (S2)	Manor Fields (S2)	7164	5373	g~wdInh|G_@FG@EBEDABGJc@c@EC_A_ACCuAuA{@y@SQg@g@IKGMvAaDjAlBIZADAF?D?\?z@?F@DBFBFCGCGAE?G?{@?]?E@G@EH[??kAmBFMtAeDtA}CBElCkGl@wA@CXo@JWhBkEfEmMBE@ABATA@k@@o@@y@BgA@QJyFJuFDuBD}BFoC?K@k@TUZ]fBeBRS^]BADEFG~BuBrFgFDEFEzCuCv@u@|@_ARQDEDEx@u@^]nAqA\m@~@cBf@aA^m@`@u@h@_AFMDIP[HMDIDKDEb@w@HKd@{@jBkDj@cABFBFj@lAVj@d@`ATf@Tf@@Bl@rAb@~@FL`@~@b@hARl@?BN`@UTu@t@qBjBw@v@eAbAcA~@I[Ke@GUw@_DCGIUOEIAGA?S?O?KCQKc@e@{AIUCGMc@KKGGIGCCEAK?i@~@a@t@_@l@g@`A_AbB]l@oApA_@\y@t@EDEDSP}@~@c@kBd@g@jBu@nCgBVa@^mBYyAaAmFu@cEY_Ba@yBkAaHCOS_AW]m@GS@??eD|BaBhAOb@f@rCjAhHuBxAc@Zk@`@e@ZwBxAg@Xs@f@xApKtAxKr@vE_CtBGFEDC@_@\SRgBdB[\UTAj@?JGnCE|BEtBKtFKxFAPCfAAx@An@Aj@U@C@A@CDgElMiBjEKVYn@ABm@vAmCjGCDuA|CuAdDGLwA`DFLHJf@f@RPz@x@tAtABB~@~@DBb@b@FK@CDEDCFA^G	Click to Generate
S2	20	1			3	Arman Food Store (S2)	Virgin Crucible (S2)	The Hardy Pick (S2)	1818	1364	sotdIhp`HFFRNDDNJ\T\XRPQr@CFAFWtA[zAERMj@AD?B?B?D@B@BJFr@d@FDFDl@wCBONu@XwAQWIKKMEEEEKKMKSQ]Y]UOKEESOSQKICCGGCEEIEIEGKUISCKGMEMCKCMIi@ESESEOGSc@w@GGC[BEHENIPI`@QDC\MJCFCHCDAD?R?P?F?PBD?`@ENCWeDCUCOIQIWM]Zk@[j@L\HVHPBNBTBXRjCRGDCHGFGBCBEDEv@pBlAzCHPf@{@Se@GO_@}@JSV_@c@r@^|@FNRd@g@z@IQmA{Cw@qBEDCDCBGFIFEBSFOBa@DE?KJIFCBIF?R@R?JEh@A^Ad@EpA?`A?f@?L?P?JBVJH	Click to Generate
S2	20	1			3	Temple Park Centre (S2)	Manor Park Medical Centre (S2)	Castle View Park (S2)	1839	1379	}wwdIbhvGCSCINWs@aBsAkCEDK@GCGICMAM@M@GDIFEFAHBDHx@gAZc@TSVMRGF?ARGV?p@?I?g@FW@SG?SFWLUR[b@y@fADJ@L?FCLEJEDK@GCGICMAM@M@GDIFEFA??HBDHDJ@L?FCLEJrAjCr@`Bl@bBJSh@{@NUHEHAL?jBb@jA`@zBp@^Lp@T|Ah@l@^Zb@Pb@BH@DHd@Dr@A`AKv@ENe@jAe@aAQUyDq@WGaAOq@a@QSUe@KOa@n@mBxCoAyCoAyCZi@IOR_@F[?SA[CO	Click to Generate
S2	20	1			3	Valley Road Garage (S2)	International Automatic Cars (S2)	Casa Italia (S2)	1722	1292	sftdIrx~GvAgD\{@~@wBtAcDtBwElBIDbBmClGkBfEgAdCqAwBIM_FfLk@vAPXVd@H@t@aBu@`BIACES_@QYEJWj@Yp@CTz@\\PJDNHFFJHNLFHFDHHZZPNZTELg@s@[[IIGEGIOMKIGGOIKE]Q{@]BUXq@Vk@DKj@wAfC_G	Click to Generate
S2	30	1			3	Temple Park Centre (S2)	Castle View Park (S2)	Hair & Beauty Lounge (S2)	2973	2230	k|wdIlavG_@l@KWESC?A?MIp@kACMAM@M@GDIFEFAHBDHx@gAZc@TSVMRGF?ARGV?p@?I?g@FW@SG?SFWLUR[b@y@fADJ@L?FCLEJrAjCr@`Bl@bBJSh@{@NUHEHAL?jBb@jA`@zBp@^Lp@T|Ah@l@^Zb@Pb@BH@DHd@Dr@A`AKv@ENe@jAe@aAQUyDq@WGaAOq@a@QSUe@KO^}@\cBNwBkAa@kBc@M?I@IDOTi@z@KRm@cBs@aBsAkCEDK@GCGICMAM@M@GDIFEFAHBDHx@gAZc@TSVMRGF?PAjABz@Bf@Dp@Ap@Kr@c@v@_A~@mB\q@Vg@Cm@??^w@ZHq@tAEDWf@]p@_AlBw@~@s@b@q@Jq@@g@E{@CkACQ@G?SFWLUR[b@y@fADJ@L?FCLEJEDK@GCGIq@jALH@?B?BEVWFCF?F@HBENEH	Click to Generate
S2	30	1			3	UBU (S2)	Leaves (S2)	Sheffield Inclusion Centre (S2)	2752	2064	iwudInewGP[LYRYBCDINUNY^q@BEzAqC`ByC|A}C^q@`AgB`AmBVo@Xw@L[d@y@@E@E?C@E?E?G?E?C?EAC?A?EAEAEAGCEAEEG[SmBkAGT]xAENa@jAq@|ASb@Q\_@r@q@z@pBvC??qBwCIJcAnAGF{@v@w@^k@^u@Ts@RYDYDg@HG??TBx@Bl@Fj@FX@HDRJ\`AzB`AtBJR@BwAfCm@lA]p@BFBFj@lAVj@d@`ATf@Tf@@Bl@rAb@~@FL`@~@b@hARl@?BN`@UTu@t@qBjBw@v@eAbAcA~@I[Ke@GUw@_DCGIUOEIAGA?S?O?KCQKc@e@{AIUCGMc@EQCE?EAGAG?CAI?I@I?I@E@CDIDKDEb@w@HKd@{@jBkDj@cA\q@l@mAdAkB	Click to Generate
S2	30	1			3	GoLocalExtra (S2)	UBU (S2)	Windy House Lane Pocket Park (S2)	2510	1882	_kudIdpvGqBwCp@{@^s@P]Rc@p@}A`@kADO\yAFU_BcAFk@XPb@`@RLHDDBXPjBnAh@?H?FALCJEHGHKFMN]FSTw@DOP_ABONYJg@DUDUBE@CBAB?B?D?D@DD^|@Tn@N\Rl@Jd@@HAd@ATCNENENGVGTEPKRi@F_@DODM@{@FWTO@]BK@GBC@IDGBIHEDEDABCBgB|Cq@rAOXaAfB_@p@}A|CaBxC{ApCCD_@p@OXOTEHCBSXMXACKSaAuBaA{BK]ESAIGYGk@Cm@Cy@?UF?f@IXEXEr@St@Uj@_@v@_@z@w@FGbAoAHKm@q@A?u@y@{A}AOOELCFCBg@^AGGW??FV@Ff@_@BCBGDMNNzA|At@x@@?l@p@pBvC	Click to Generate
S2	45	1			3	Bronze & Polished (S2)	Sheffield Inclusion Centre (S2)	Leaves (S2)	3077	2308	syudI`iwGBEvAgCLYRYBCDINUNYJORa@~AwC`ByC|A}C@DHNf@bALZBFPh@Lb@?BH\Jt@Hv@Dh@@JIJMRQ^]r@m@nA@TPvBNjCHhBFjAD|ADlAB~@G?I@MHo@l@k@h@k@h@gAdAa@^WTUTu@t@qBjBw@v@eAbAcA~@I[Ke@GUw@_DCGIUOEIAGA?S?O?KCQKc@e@{AIUCGMc@EQCE?EAGAG?CAI?I@I?I@E@CDIDKDEb@w@HKd@{@jBkDj@cA\q@l@mAvAgCACKSaAuBaA{BK]ESAIGYGk@Cm@Cy@?UF?f@IXEXEr@St@Uj@_@v@_@z@w@FGbAoAHKpBvC??qBwCIJcAnAGF{@v@w@^k@^u@Ts@RYDYDg@HG??TBx@Bl@Fj@FX@HDRJ\`AzB`AtBJR@BwAfCCD	Click to Generate
S2	20	1			3	Top Chopper (S2)	Broadfield Park (S2)	The Hardy Pick (S2)	1661	1246	_ktdIdt`HCCMKSQ]Y]UOKEESOSQKIEd@?BDi@CCGGCEEIEIEGKUISCKGMEMCKCMIi@ESESEOGSc@w@GGC[BEHENIPI`@QDC\MJCFCHCDAD?R?@NBJ@F?R@R?JEh@A^Ab@?@EpA?HAHCHAHAFIVEJCHKVKUISCKGMEMCKCMIi@ESESEOGSc@w@GGC[BEHENIPI`@QDC\MJCFCHCDAD?R?P?F?PBD?`@ENCRGDCHGFGBCBEDEv@pBlAzCHPf@{@Se@GO_@}@JSV_@c@r@^|@FNRd@g@z@IQmA{Cw@qBEDCDCBGFIFEBSFOBa@DE?KJIFCBIF?R@R?JEh@A^Ad@EpA?`A?f@?L?P?JBVRPRNDDNJ\T\XRPLJBB	Click to Generate
S2	30	1			3	Windy House Lane Pocket Park (S2)	Leaves (S2)	UBU (S2)	2134	1600	c|udIf}uG^^~DjEELCFCBg@^AGGW??FV@Ff@_@BCBGDMNNzA|At@x@@?l@p@pBvC??qBwCIJcAnAGF{@v@w@^k@^u@Ts@RYDYDg@HG??TBx@Bl@Fj@FX@HDRJ\`AzB`AtBJR@BLYRYBCDINUNY^q@BEzAqC`ByC|A}C^q@`AgB`AmBVo@Xw@L[d@y@@E@E?C@E?E?G?E?C?EAC?A?EAEAEAGCEAEEG[SmBkA_BcAsA}@UQoA_Ae@g@EIY]MLKHQB]?QKSSQPyA|AABe@f@w@v@Y\AJAL?BETTV	Click to Generate
S2	30	1			3	I Said Bread (S2)	Kingdom Hall of Jehovah's Witnesses (S2)	Wobbly Wheel Cyclery (S2)	2434	1826	oatdI`h~Gw@@Q@yAfAM@EE|@eDJy@BcA?m@QuEW_G?WF?lAL`@?LAJlIDDt@ARAHlDHbFDZuCzG]z@_FfLeA_BdA~AfC_GvAgD\{@tC{GtBwEMaHKuG?GcAFw@FG?E?o@DWBM@a@?mAMG??VV~FPtE?l@CbAKx@}@dDDDLAxAgAPAv@A	Click to Generate
S2	60	1			3	Path up to the Cholera Monument, Sheffield (S2)	Substantial Victorian houses in Norfolk Road (S2)	Sheffield Inclusion Centre (S2)	5721	4291	c|wdI`f|Gb@GB`@AF?BABABABC@A@u@LgAPG@EBEDABGJc@c@EC_A_ACCuAuA{@y@SQg@g@IKGMvAaDFMn@}Ad@gAtA}CBElCkGl@wA@CXo@JWhBkEfEmMBE@ABATA@k@@o@@y@BgA@QJyFJuFDuBD}BFoC?K@k@TUZ]fBeBRS^]BADEFG~BuBrFgFDEFEzCuCv@u@|@_ARQDEDEx@u@^]nAqA\m@~@cBf@aA^m@`@u@h@_AFMDIP[HMDIDKDEb@w@HKd@{@jBkDj@cABFBFj@lAVj@d@`ATf@Tf@@Bl@rAb@~@FL`@~@b@hARl@?BN`@UTu@t@qBjBw@v@eAbAcA~@I[Ke@GUw@_DCGIUOEIAGA?S?O?KCQKc@e@{AIUCGMc@KKGGIGCCEAK?i@~@a@t@_@l@g@`A_AbB]l@oApA_@\y@t@EDEDSP}@~@w@t@{CtCGDEDsFfF_CtBGFEDC@_@\SRgBdB[\UTAj@?JGnCE|BEtBKtFKxFAPCfAAx@An@Aj@U@C@A@CDgElMiBjEKVYn@ABm@vAmCjGCDuA|CuAdDGLwA`DFLHJf@f@RPz@x@tAtABB~@~@DBb@b@FK@CDEDCFA|B_@@ABA@C@C@C?C@GCa@c@F	Click to Generate
S2	45	1			3	Arbourthorne Community Primary School (S2)	ExtraCare (S2)	Newfield Green Dental Surgery (S2)	3724	2793	ymtdIxiyG_@IAVCx@Ev@G~@GdAKzACb@Gz@?FIfAGt@E`@Kz@EZEXG\_@SUMk@]i@]i@c@OKSSKIMK[_@Q[OSM[GOCEK]GSJKHGFADDDJBFFFBAtAy@??uAx@C@GGCGEKEEG@IFKJFRJ\BDFNLZNRPZZ^LJJHRRNJh@b@h@\j@\TL^RSz@Qv@Wx@Od@MXGNMXSd@EHGHMVHR@BBBHDJ?F?FC`B]r@On@OVGFAF?F?F?PD`@LH@l@XLHPJRAFAH?DCHCBGLW@EJSJQLSFIBG@AN[@EFIBENYR[HMJOTUPOhBaBLKJMJM`@k@BCPYf@s@AKAI?M?K?I@]AS?[A]EYISIMKGGAU@CBMJIJi@dAQ\g@`AUd@CBc@|@a@x@dAwBBCTe@f@aAP]h@eAHKLKBCTAF@JFHLHRDX@\?Z@RA\?H?J?L@H@Jg@r@QXCBa@j@KLKLMJiB`BQNUTKNILSZOXCDGHADOZA@CFGHMRKPKRADMVCFITEHCLKIGGEGGGQKMIm@YIAFu@HsA?Ic@Gb@F?HIrAGt@H@l@XLHPJRAD?@AH?DCHCBGLW@EJSJQLSFIBG@AN[@EFIBEKSGKFJJRCDGHADOZA@CFGHMRKPKRADMVCFITEHCLKIGGEGGGQKMIm@YIAFu@HsA?IBe@@OEQMIK?a@NK@KEGKGOAS?C?WJo@@KPy@Py@H]@GLm@VqADSBKJw@@IAUCQIMICEAQHYTSRQRGDGFIBEA[EBc@J{AFeAF_ADw@By@@W^H	Click to Generate
S2	60	1			3	Burton Roofing Merchants (S2)	Pentagon Jeep (S2)	Sheffield Animal Centre (S2)	4419	3314	otydI~kvGP^R`@R`@Rb@BHNZTf@jAwANUlAgBHOTg@t@aB`@{@S]Vu@Ni@CHK^Wt@R\^gANg@Ru@Nm@Lg@b@aBJe@Rs@f@f@XRTPn@f@k@pCGVg@zB@ZVb@XRTPNLFFTR_@hBOr@Ns@^iBUSGGOMUQYSWc@A[f@{Br@iDo@g@UQYSg@g@Sr@Kd@c@`BMf@Ol@St@Of@_@fAa@z@u@`BUf@INmAfBOTkAvA[f@u@~@ELGJy@fB]`AK\g@dBSz@UhACPQjAKx@QvAIt@Kr@CNe@xBUa@QYOQCCu@e@OIq@_@k@Wm@]_@Sc@WcAk@_@Sm@]ECKEe@WmAo@AAKGyBmAqEiC[Q[SEGGGKMEKAI?KNM@CFQDQJc@He@l@cDHg@`@_CFc@Pu@^qAXZTPNL\cAL]LFHF`AdAp@r@NFl@^d@^r@bAxFbGCn@Qd@_AhACDWb@Yz@a@`BvAv@f@X|@f@DH@PKn@a@vCj@Vp@^NHt@d@BBNPPXT`@d@yBBOJs@Hu@PwAJy@PkABQTiAR{@f@eBJ]\aAx@gBFKDMt@_AZg@Ug@O[CISc@Sa@Sa@Q_@	Click to Generate
S2	20	1			3	Porcelanosa (S2)	Alam Hill Books (S2)	Heeley Sidings (S2)	1589	1192	_ktdI~h_H@@NHFFJHNLFHFDHHZZl@d@ELGRENADECUK_@QGC@Y?G@IDUDQIIGEGIOMKIGGOIKE]Q{@]BUXq@Vk@DKj@wAxAiDdC}FHLpAvBiC`GiA~C_@hAY~@K^NLFHFDHHZZl@d@X\dAhANPJJEJCFILCHEJKh@ITGXD\@B@@BFn@pARa@R]u@}AMV@R@Dj@hAS`@o@qAEIACE]FYAQDq@BKBQJS[]{@iAMQg@s@[[IIGEGIOMKIGGOIAA	Click to Generate
S2	60	1			3	Castle View Park (S2)	St Swithun (S2)	Hair & Beauty Lounge (S2)	6401	4801	swvdIf}vG??eD|BaBhAOb@f@rCjAhHuBxAc@Zk@`@e@ZwBxAg@Xs@f@aB`AGc@MqAImBEu@MkCbAw@FQHe@H_AX{Cv@sADIDKvBsDrBaDe@aAQUyDq@WGaAOq@a@QSUe@KO^}@\cBNwBkAa@kBc@M?I@IDOTi@z@KRm@cBs@aBsAkCEDK@GCGICMAM@M@GDIFEFAHBDHx@gAZc@TSVMRGF?PAjABz@Bf@Dp@Ap@Kr@c@v@_AFHR\TZ`@`@hBbAdCvADBVNNFNFRDP?TIRMd@y@d@{@`AmBNUh@u@d@o@`@]LKj@e@|@g@TITCRA`@ALGDEJKFMFHDD`AdAdBjBCJe@nCKjDXI~@UbB_@`@K?Q@QF[JWHIJGHC?SMaEE_CGqAKk@Qi@Uc@IKMM_@Ym@a@c@WGEAFEBC@E?ECCCCG?I?IICaDwAUMaDuAAAeCeAoAi@OGOVc@|@INGHgB~CaBjDw@zAOX]n@GL[I_@v@??Bl@Wf@]p@_AlBw@~@s@b@q@Jq@@g@E{@CkACQ@G?SFWLUR[b@y@fADJ@L?FCLEJrAjCr@`Bl@bBaA|A[h@nAxCnAxCKRs@jAh@bA^Vd@@BCJIRQlApChAjCd@fAYzCI~@Id@GPcAv@LjCDt@HlBLpAFb@`BaAr@g@f@YvByAd@[j@a@b@[tByAkAiHg@sCNc@`BiAdD}B??	Click to Generate
S2	30	1			3	Temple Park Centre (S2)	Castle View Park (S2)	Hair & Beauty Lounge (S2)	3012	2259	yzwdIdbvGO]CCGGIGICGAG?GBWVCDC?A?MIp@kACMAM@M@GDIFEFAHBDHx@gAZc@TSVMRGF?ARGV?p@?I?g@FW@SG?SFWLUR[b@y@fADJ@L?FCLEJrAjCr@`Bl@bBJSh@{@NUHEHAL?jBb@jA`@zBp@^Lp@T|Ah@l@^Zb@Pb@BH@DHd@Dr@A`AKv@ENe@jAe@aAQUyDq@WGaAOq@a@QSUe@KO^}@\cBNwBkAa@kBc@M?I@IDOTi@z@KRm@cBs@aBsAkCEDK@GCGICMAM@M@GDIFEFAHBDHx@gAZc@TSVMRGF?PAjABz@Bf@Dp@Ap@Kr@c@v@_A~@mB\q@Vg@Cm@??^w@ZHq@tAEDWf@]p@_AlBw@~@s@b@q@Jq@@g@E{@CkACQ@G?SFWLUR[b@y@fADJ@L?FCLEJEDK@GCGIq@jALH@?B?BEVWFCF?F@HBHFFFBBN\	Click to Generate
S2	20	1			3	St Vincent's (S2)	Temple Park Centre (S2)	Hair & Beauty Lounge (S2)	1483	1112	k|wdIt|uG??HBDHDJ@L?FCLEJrAjCr@`BOV_@}@k@qAWm@CCGGIGICGAG?GBWVCDC?A?MIp@kACMAM@M@GDIFEFAHBDHx@gAZc@TSVMRGF?ARGV?p@?I?g@FW@SPAjABz@Bf@Dp@Ap@Kr@c@v@_A~@mB\q@Vg@Cm@??^w@ZHq@tAEDWf@]p@_AlBw@~@s@b@q@Jq@@g@E{@CkACQ@G?SFWLUR[b@y@fADJ@L?FCLEJEDK@GCGICMAM@M@GDIFEFA	Click to Generate
S2	20	1			3	Manor Park Medical Centre (S2)	Temple Park Centre (S2)	Castle View Park (S2)	1802	1352	gzwdIfcvGa@_ACCGGIGICGAG?GBWVCDC?A?MIp@kACMAM@M@GDIFEFA??HBDHx@gAZc@TSVMRGF?ARGV?p@?I?g@FW@SG?SFWLUR[b@y@fADJ@L?FCLEJrAjCr@`Bl@bBJSh@{@NUHEHAL?jBb@jA`@zBp@^Lp@T|Ah@l@^Zb@Pb@BH@DHd@Dr@A`AKv@ENe@jAe@aAQUyDq@WGaAOq@a@QSUe@KO^}@\cBNwBkAa@kBc@M?I@IDOTi@z@KRm@cBOV_@}@a@_A	Click to Generate
S2	30	1			3	Windy House Lane Pocket Park (S2)	UBU (S2)	Leaves (S2)	2424	1818	a~udIh_vGAk@I@EAGAECEEGGEKIWE]?Q@QF[JWHIJGHCP@LBDDDHDNHZ@N@NAJAL?BETt@v@~DjEELCFCBg@^AGGW??FV@Ff@_@BCBGDMNNzA|At@x@@?l@p@IJcAnAGF{@v@w@^k@^u@Ts@RYDYDg@HG??TBx@Bl@Fj@FX@HDRJ\`AzB`AtBJR@BLYRYBCDINUNY^q@BEzAqC`ByC|A}C^q@`AgB`AmBVo@Xw@L[d@y@@E@E?C@E?E?G?E?C?EAC?A?EAEAEAGCEAEEG[SmBkAGT]xAENa@jAq@|ASb@Q\_@r@q@z@pBvC??qBwCm@q@A?u@y@{A}AOO_EkEu@w@CFCFGJEDGDEBE@@j@	Click to Generate
S2	20	1			3	Leaves (S2)	Windy House Lane Pocket Park (S2)	UBU (S2)	1867	1400	qeudIhivGHQVo@Xw@L[d@y@@E@E?C@E?E?G?E?C?EAC?A?EAEAEAGCEAEEG[SmBkAGT]xAENa@jAq@|ASb@Q\_@r@q@z@pBvC??qBwCm@q@A?u@y@{A}AOOELCFCBg@^AGGW??FV@Ff@_@BCBGDMNNzA|At@x@@?l@p@IJcAnAGF{@v@w@^k@^u@Ts@RYDYDg@HG??TBx@Bl@Fj@FX@HDRJ\`AzB`AtBJR@BLYRYBCDINUNY^q@BEzAqC`ByC|A}C^q@`AgBv@{A	Click to Generate
S2	30	1			3	Leaves (S2)	Windy House Lane Pocket Park (S2)	UBU (S2)	2605	1954	idudIhgvG]l@Vo@Xw@L[d@y@@E@E?C@E?E?G?E?C?EAC?A?EAEAEAGCEAEEG[SmBkAGT]xAENa@jAq@|ASb@Q\_@r@q@z@pBvC??qBwCm@q@A?u@y@{A}AOOELCFCBg@^AGGW??FV@Ff@_@BCBGDMNNzA|At@x@@?l@p@IJcAnAGF{@v@w@^k@^u@Ts@RYDYDg@HG??TBx@Bl@Fj@FX@HDRJ\`AzB`AtBJR@BLYRYBCDINUNY^q@BEzAqC`ByC|A}C^q@`AgB`AmBVo@Xw@L[d@y@Ra@DIJUHOJSJQ`@_AN]FSTw@DOP_ABONYJg@DUDUBE@CBAB?B?D?D@DD^|@Tn@N\Rl@Jd@@HAd@ATCNENENGVGTEPKRi@F_@DODM@{@FWTO@]BK@GBC@IDGBIHEDEDABCBiAnB	Click to Generate
S2	20	1			3	Boots (S2)	Meersbrook Park Church (S2)	Alam Hill Books (S2)	1457	1093	kgtdIfl_Hd@^X\dAhANPJJEJCFILCHEJKh@ITGXIA??AAAAEICEAEUg@BqAD@T^CjAEJ@DHN@@@@??H@FYAQDq@BKBQJSNMJJPRPTRZ@BBDDHN^LZZ`A[k@KQIQOUOWWa@EGW[QQ[]{@iAMQg@s@[[IIGEGIOMKIGGOIKE]Q{@]BUXq@Vk@DKj@wAxAiDdC}FHLpAvBiC`GiA~C_@hAY~@K^NLFHFDHHZZFD	Click to Generate
S2	60	1			3	HSS Hire (S2)	Burton Roofing Merchants (S2)	Manor Park Medical Centre (S2)	7720	5790	cuxdIvdtGMJ_Bt@Ks@SaBn@wA`@gAZ_A\oADWFUTiA\sBp@yEx@kFHo@BMj@cEJg@xDfCtBjBpAjAPNDD\ZTVHFHDF@F?HEFEDCPCJ@VJXRXRPVJNDNHd@Fd@@P?PARAPIVGNIHGBG@MBI?WR[n@uAhFg@nBaEzNk@bCi@`Cy@zDy@tDO`BkAlGE`@?^?^D^D\Lf@Lv@?b@A`@EXETMVONUFU?UEUSqBaBwAsAyAaAKGYOCBOXm@`@cApAYf@[z@f@f@XRTPn@f@NLJEd@qBNJnAbADNk@fCILqAkAEO@g@KDOMi@a@EEUQYSg@g@Sr@Kd@c@`BMf@Ol@St@Of@_@fAS]Vu@Ni@CHK^Wt@R\^gANg@Ru@Nm@Lg@b@aBJe@Rs@Z{@Xg@bAqAF]Dc@Ca@CW@UFWFMDEHEJAFBD@HJDJDLVx@P`@N\n@x@vArApB`BTRTDT?TGNOLWDUDY@a@Mk@OWQKMCQDSNMXWbAa@bBm@dCg@zBm@fBi@dCWvByBfKU~@SdAa@dCcA|HW~ADRDJDFLCf@W`AcAp@s@hC_BNUFOPWZ}@j@_Bd@sA~@oCVs@d@sA^iAL[LUTa@\e@Z[VSXO^Ol@QXORMTS^]v@kANYrBkDp@kACMAM@M@GDIFEFA??HBDHx@gAZc@TSVMRGF?PAjABz@BDgBJ}AJ{@VyB^_DP}AV{BTeBPsAPcAl@kBHO??FMpAeCGyAYyFCi@GoAK{B[QGEIEOMy@g@s@i@q@o@aAgAa@a@QWW]EIOSw@gAIMIGECICW?GBG@MBI?]KQIIGq@k@GIEIEKCOEUA_@A_@C]I[KSKOGGoBiBeCuB}AeAo@a@o@_@k@bECLIn@y@jFq@xE]rBUhAtAlAf@b@j@l@U|@]z@e@|@s@v@g@`@	Click to Generate
S2	45	1			3	Premier, Steve's Convenience Shop (S2)	Meersbrook Park Church (S2)	Kingdom Hall of Jehovah's Witnesses (S2)	3752	2814	}lsdIta_HIlAtDc@^EJ@Hw@LeAn@uDBS?_@?W?gDAqADo@BYLm@HMLISkDE[CQeAoFOu@U?_Be@e@G{@@a@JsC~@yCz@BbCDbBmClGeAiB??dAhBkBfEgAdCiC`GiA~C_@hAY~@K^NLFHFDHHZZl@d@X\dAhANPJJPRPTRZ@BBDDHN^LZZ`A[k@KQIQOUOWWa@EGW[QQ[]{@iAMQg@s@[[IIGEGIOMKIGGOIKE]Q{@]BUXq@Vk@DKj@wAfC_GvAgDHLpAvBiC`GiA~C_@hAY~@K^NLFHFDHHZZl@d@X\dAhANPJJPRPTRZDHDHN^LZZ`AZ~@v@hCV|@DLFRBFJd@DJBJPj@BHLQjAiAb@e@z@}@RUDEbAaAvAcACy@E_AEuBCoD@mAFyALsBDIHmA	Click to Generate
S2	45	1			3	Boots (S2)	Another Level (S2)	The Hardy Pick (S2)	3184	2388	o`tdIvs_HBDDHN^LZZ`A[k@KQIQOUOWWa@EGW[ILCHEJKh@ITGXIA??AAAAEICEAEUg@BqAD@T^CjAEJ@DHN@@@@??H@FYAQDq@BKBQJS[]{@iAMQGRENAD?DAHAJAt@AP?R_AKECCC?C?CLaC@Y?G@IDUDQZZj@b@@@ELg@s@[[IIGEGIOMKIGGOIKEA\GnAKnCALCJEFYn@CD?DAD?B?D@D@DXj@fAzBLZFTDRF`@@^E@C@A?C@EBCDe@p@v@pBlAzCHPf@{@Se@GO_@}@JSV_@c@r@^|@FNRd@g@z@IQmA{Cw@qBEDCDCBGFIFEBSFOBa@DE?KJIFCBIFEACACCCAAGGQCIEMAGEKEOISQk@]u@oAeDg@kAeAgCi@oAMc@Y_ACMCICCEIEGEGGEa@UaAm@kBiAmAs@MIIIGGIIGMEIOc@EKAKCME]K}@Gc@Ks@ASEc@Ce@T@B?H?XAFAF?REZ?b@Av@A\?V?J@H@D@B@JDHDHHTRTTX\PTPTZd@`@n@f@t@f@t@HLFFDHLNDFBBVXLLFDXPNJNHPLTH\Pd@PHBFBZLz@\\PJDNHFFJHNLFHFDHHZZl@d@X\dAhANPJJPRPTRZ@B	Click to Generate
S2	45	1			3	74th Oak Street Scout Group (S2)	Cat Lane Bakery (S2)	Wobbly Wheel Cyclery (S2)	3135	2351	abtdItz|GDjAEV`@FZ`CFfCw@D@J@p@BrBDlCWBM@a@?mAMG?E?eE[c@k@}Aw@gAq@[Oq@][a@IOIUMSi@_@P_ABc@Bg@?_@AaA?G?M@I?E@G?C@GBMCEEGMQZg@JSBGBIHW@AH_@FQJa@@EDSJ_@Ng@V_ApCwIBITMHEFCBADAP?RBTFf@VD@@@DBjAr@VJ^FDPAVYnASjAEd@Eb@A\Ab@@\@p@D|@o@LmAPsBVI?i@OgAUu@Qq@QGPI^A@IVCHCFKR[f@LPDFBDF@D@PDPDz@RB?`AT@?TFPB`AVl@NzBf@n@NB?^HNDZ@@ZIj@Q~@Gt@EnAAjAH~A?^F?lAL`@?LAVCn@ED?F?v@GbAG?FJtGnBKKsG?GOqKCK@_@@WAIAIoGeAa@GDWEkA	Click to Generate
S2	20	1			3	Top Chopper (S2)	Broadfield Park (S2)	The Hardy Pick (S2)	1637	1228	qktdIts`H??SQ]Y]UOKEESOSQKIEd@?BDi@CCGGCEEIEIEGKUISCKGMEMCKCMIi@ESESEOGSc@w@GGC[BEHENIPI`@QDC\MJCFCHCDAD?R?@NBJ@F?R@R?JEh@A^Ab@?@EpA?HAHCHAHAFIVEJCHKVKUISCKGMEMCKCMIi@ESESEOGSc@w@GGC[BEHENIPI`@QDC\MJCFCHCDAD?R?P?F?PBD?`@ENCRGDCHGFGBCBEDEv@pBlAzCHPf@{@Se@GO_@}@JSV_@c@r@^|@FNRd@g@z@IQmA{Cw@qBEDCDCBGFIFEBSFOBa@DE?KJIFCBIF?R@R?JEh@A^Ad@EpA?`A?f@?L?P?JBVRPRNDDNJ\T\XRP??	Click to Generate
S2	30	1			3	Newfield Green Library (S2)	Gleadless Medical Centre (S2)	Pizza City (S2)	2701	2026	actdI~_zGbAwBBCTe@f@aAP]h@eAHKLKBCTAF@JFHLHRDX@\?Z@RA\?H?JI?MJ[h@CBQVY`@AL?F?BHRKLKLMJiB`BQNUTKNILSZOXCDGHADOZA@CFGHMRKPKRADHNZl@??[m@IOMVCFITEHCLKIGGEGGGQKMIm@YIAFu@HsA?IBe@@OEQMIK?a@NK@KEGKGOAS?C?WJo@@KPy@Py@H]@GLm@VqADSBKJw@@IAUCQIMICEAQHYTSRQRGDGFIBEA[EBc@J{AFeAF_A@[B[By@@WfATB_@C^gAUAVCx@Ev@G~@GdAKzACb@Gz@?FIfAGt@E`@Kz@EZEXG\Sz@Qv@Wx@Od@MXGNMXSd@EHGHMVHR@BBBHDJ?F?FC`B]r@On@OVGFAF?F?F?PD`@LH@l@XLHPJRAFAH?DCHCBGLW@EJSJQLSFIBG@AN[@EFIBENYR[HMJOTUPOhBaBLKJMJM`@k@BCPYf@s@AKAI?M?K?I@]AS?[A]EYISIMKGGAU@CBMJIJi@dAQ\g@`AUd@CBcAvB	Click to Generate
S2	30	1			3	Nether Edge Primary School (S2)	Broadfield Park (S2)	Virgin Crucible (S2)	2460	1845	qytdI~oaHHUJ]BKFWPw@Hc@TkANq@`@_CFc@d@uE^aEL_BFi@BM?EBG@EN]DFDHDHBDFFBBJHRPRNDDNJ\T\XRPQr@CFAFUhAAJ[zAERMj@AD?B?B?D@B@BJFr@d@FDFDl@wCBONu@XwAQWIKKMKKKKMKSQ]Y]UOKEESOSQKICCGGCEEIEIEGKUISCKGMEMCKCMIi@ESESEOGSc@w@GGC[BEHENIPI`@QDC\MJCFCHCDAD?R?@NBJ@F?R@R?JEh@A^Ab@?@EpA?HAHCHAHAFIVEJCHKVKUISCKGMEMCKCMIi@ESESEOGSc@w@GGC[BEHENIPI`@QDC\MJCFCHCDAD?R?P?F?PBD?`@ENCSkCCYCUCOIQIWM]Zk@[j@L\HVHPBNBTVdDOBa@DE?KJIFCBIF?R@R?JEh@A^Ad@EpA?HAHCHAHAFIVEJCHKVO\ADCF?DCLGh@M~A_@`Ee@tEGb@a@~BOp@UjAIb@Qv@GVCJK\IT	Click to Generate
S2	30	1			3	Broadfield Park (S2)	The Hardy Pick (S2)	Virgin Crucible (S2)	2195	1646	_mtdIbx`HAJ[zAERMj@AD?B?B?D@B@BJFr@d@FDFDl@wCBONu@XwAQWIKKMKKKKMKSQ]Y]UOKEESOSQKICCGGCEEIEIEGKUISCKGMEMCKCMIi@ESESEOGSc@w@GGC[BEHENIPI`@QDC\MJCFCHCDAD?R?@NBJ@F?R@R?JEh@A^Ab@?@EpA?HAHCHAHAFIVEJCHKVKUISCKGMEMCKCMIi@ESESEOGSc@w@GGC[BEHENIPI`@QDC\MJCFCHCDAD?R?P?F?PBD?`@ENCRGDCHGFGBCBEDEv@pBlAzCHPf@{@Se@GO_@}@JSV_@c@r@^|@FNRd@g@z@IQmA{Cw@qBEDCDCBGFIFEBSFSkCCYCUCOIQIWM]Zk@[j@L\HVHPBNBTVdDOBa@DE?KJIFCBIF?R@R?JEh@A^Ad@EpA?`A?f@?L?P?JBVRPRNDDNJ\T\XRPQr@CFAFUhA	Click to Generate
S2	45	1			3	Newfield Green Dental Surgery (S2)	Daily News & Cards (S2)	Pizza City (S2)	3141	2356	_etdIfgzGFJJRCDGHADOZA@CFGHMRKPKRADMVCFITEHCLKIGGEGGGQKMIm@YIAFu@HsA?Ic@Gb@F?HIrAGt@H@l@XLHPJRAD?@AH?DCHCBGLW@EJSJQLSFIBG@AN[@EFIBENYR[HMJOTUPOhBaBLKJMJM`@k@BCPYf@s@AKAI?M?K?I@]AS?[A]EYISIMKGGAU@CBMJIJi@dAQ\g@`AUd@CBIN{@fBdAwBBCTe@f@aAP]h@eAHKLKBCTAF@JFHLHRDX@\?Z@RA\?H?J?L@H@Jg@r@QXCBa@j@KLKLMJiB`BQNUTKNILSZOXCDGHADOZA@CFGHMRKPKRADMVCFITEHCLKIGGEGGGQKMIm@YIAFu@HsA?IBe@@OEQMIK?a@NK@KEGKGOAS?C?WJo@@KPy@Py@H]@GLm@VqADSBKJw@@IAUCQIMICEAQHYTSRQRGDGFIBEA[EBc@J{AFeAF_A@[B[By@@WfATB_@C^gAUAVCx@Ev@G~@GdAKzACb@Gz@?FIfAGt@E`@Kz@EZEXG\Sz@Qv@Wx@Od@MXGNMXSd@EHGHMVHR@BBBHDJ?F?FC`B]r@On@OVGFAF?F?F?PD`@LH@l@XLHPJRAFAH?DCHCBGLW@EJSJQLSFIBG@AN[@EFIBEKSGK	Click to Generate
S2	30	1			3	Newfield Green Clinic (S2)	Daily News & Cards (S2)	Pizza City (S2)	2668	2001	mhtdIvmzG@AH?DCHCBGLW@EJSJQLSFIBG@AN[@EFIBEKSGK??FJJRNYR[HMJOTUPOhBaBLKJMJM`@k@BCPYf@s@AKAI?M?K?I@]AS?[A]EYISIMKGGAU@CBMJIJi@dAQ\g@`AUd@CBIN{@fBdAwBBCTe@f@aAP]h@eAHKLKBCTAF@JFHLHRDX@\?Z@RA\?H?J?L@H@Jg@r@QXCBa@j@KLKLMJiB`BQNUTKNILSZOXCDGHADOZA@CFGHMRKPKRADMVCFITEHCLKIGGEGGGQKMIm@YIAFu@HsA?IBe@@OEQMIK?a@NK@KEGKGOAS?C?WJo@@KPy@Py@H]@GLm@VqADSBKJw@@IAUCQIMICEAQHYTSRQRGDGFIBEA[EBc@J{AFeAF_A@[B[By@@WfATB_@C^gAUAVCx@Ev@G~@GdAKzACb@Gz@?FIfAGt@E`@Kz@EZEXG\Sz@Qv@Wx@Od@MXGNMXSd@EHGHMVHR@BBBHDJ?F?FC`B]r@On@OVGFAF?F?F?PD`@LH@l@XLHPJRAD?	Click to Generate
S2	30	1			3	One Stop Mini Market (S2)	Gleadless Medical Centre (S2)	Pizza City (S2)	2703	2027	g|sdIr}yGPWBCZi@LKH??K?I@]AS?[A]EYISIMKGGAU@CBMJIJi@dAQ\g@`AUd@CB}@jBGJdAwBBCTe@f@aAP]h@eAHKLKBCTAF@JFHLHRDX@\?Z@RA\?H?J?L@H@Jg@r@QXCBa@j@KLKLMJiB`BQNUTKNILSZOXCDGHADOZA@CFGHMRKPKRADHNZl@??[m@IOMVCFITEHCLKIGGEGGGQKMIm@YIAFu@HsA?IBe@@OEQMIK?a@NK@KEGKGOAS?C?WJo@@KPy@Py@H]@GLm@VqADSBKJw@@IAUCQIMICEAQHYTSRQRGDGFIBEA[EBc@J{AFeAF_A@[B[By@@WfATB_@C^gAUAVCx@Ev@G~@GdAKzACb@Gz@?FIfAGt@E`@Kz@EZEXG\Sz@Qv@Wx@Od@MXGNMXSd@EHGHMVHR@BBBHDJ?F?FC`B]r@On@OVGFAF?F?F?PD`@LH@l@XLHPJRAFAH?DCHCBGLW@EJSJQLSFIBG@AN[@EFIBENYR[HMJOTUPOhBaBLKJMJMIS?C?G@MXa@	Click to Generate
S2	45	1			3	Gleadless Medical Centre (S2)	Pizza City (S2)	Arbourthorne Community Primary School (S2)	3252	2439	satdIn}yGTg@BCTe@f@aAP]h@eAHKLKBCTAF@JFHLHRDX@\?Z@RA\?H?J?L@H@Jg@r@QXCBa@j@KLKLMJiB`BQNUTKNILSZOXCDGHADOZA@CFGHMRKPKRADHNZl@??[m@IOMVCFITEHCLKIGGEGGGQKMIm@YIAFu@HsA?IBe@@OEQMIK?a@NK@KEGKGOAS?C?WJo@@KPy@Py@H]@GLm@VqADSBKJw@@IAUCQIMICEAQHYTSRQRGDGFIBEA[EBc@J{AFeAF_A@[B[By@@WBw@@m@Bo@@i@@g@@e@?G?M?O@c@G@MFa@Po@\aAj@a@VSLYPiBpAg@\e@\}@r@y@n@EBPbBJ|@D^Lr@Lp@BLFXDJJKHGFADDDJBFFFBAtAy@??uAx@C@GGCGEKEEG@IFKJFRJ\BDFNLZNRPZZ^LJJHRRNJh@b@h@\j@\TL^RSz@Qv@Wx@Od@MXGNMXSd@EHGHMVHR@BBBHDJ?F?FC`B]r@On@OVGFAF?F?F?PD`@LH@l@XLHPJRAFAH?DCHCBGLW@EJSJQLSFIBG@AN[@EFIBENYR[HMJOTUPOhBaBLKJMJM`@k@BCPYf@s@AKAI?M?K?I@]AS?[A]EYISIMKGGAU@CBMJIJi@dAQ\g@`AUd@CBUf@	Click to Generate
S2	60	1			3	Meersbrook Service Station (S2)	74th Oak Street Scout Group (S2)	Gleadless Medical Centre (S2)	4311	3233	{jtdIt_|GNENSRa@Xu@b@gBBYCYM[U`@MZc@pAKXKPA@OFI@G?IAKAIp@Gf@CLGb@CRENI\IZK\CHqCvIW~@Of@K^ERADK`@GPI^A@IVCHCFKR[f@LPDFBDF@D@PDPDz@RB?`AT@?TFPB`AVl@NzBf@n@NB?^HNDZ@PGNQh@s@Tg@DWEkAAOHmBN}@RyAFUJ]hB\~Bb@rBjFQDqDo@qEw@IlBFzAEV`@FZ`CFfCw@D@J@p@BrBDlCWBM@a@?mAMG?E?eE[c@k@}Aw@gAq@[Oq@][a@IOIUMSi@_@P_ABc@Bg@?_@AaA?G?M@I?E@G?C@GBMCEEGMQZg@JSBGBIHW@AH_@FQJa@@EDSJ_@Ng@V_ApCwIBIJ]H[H]DOBSFc@BMFg@Hq@J}@LkAT{ANeABOVsBBYHuAFoAHsAHoADs@Dq@@_@?S?S?a@@c@Ae@?]ASAS?AC_@Em@GeACS?I?CAO?I@M?K@O@O@KDSDSBMDIHUBGLWHNZl@??[m@IOMVCFITEHCLERERAJANAN?JAL?H@N?B?HBRFdADl@B^?@@R@R?\@d@Ab@?`@?R?RA^Ep@Er@InAIrAGnAItACXWrBCNOdAUzAMjAK|@J@H@F?HANG@AJQJYb@qAL[Ta@LZBXCXc@fBYt@S`@OROD	Click to Generate
S2	30	1			3	Temple Park Centre (S2)	Castle View Park (S2)	Manor Park Medical Centre (S2)	2445	1834	ifwdIxluGMVBl@Wf@]p@_AlBw@~@s@b@q@Jq@@g@E{@CkACQ@ARGV?p@?I?g@FW@SG?SFWLUR[b@y@fADJ@L?FCLEJrAjCr@`Bl@bBJSh@{@NUHEHAL?jBb@jA`@zBp@^Lp@T|Ah@l@^Zb@Pb@BH@DHd@Dr@A`AKv@ENe@jAe@aAQUyDq@WGaAOq@a@QSUe@KO^}@\cBNwBkAa@kBc@M?I@IDOTi@z@KRm@cBs@aBsAkCEDK@GCGICMAM@M@GDIFEFA??HBDHx@gAZc@TSVMRGF?PAjABz@Bf@Dp@Ap@Kr@c@v@_A~@mB\q@Vg@Cm@LW	Click to Generate
S2	20	1			3	Gin Bar (S2)	Broadfield Park (S2)	The Hardy Pick (S2)	1704	1278	altdIfs`HCC]Y]UOKEESOSQKICCGGCEEIEIEGKUISCKGMEMCKCMIi@ESESEOGSc@w@GGGGGIQYGPEFMVDL@@BH?F?vC?V?zB?|@A\AZCn@\J@?B@@B@@@B@BBD?B@D?FHlA?B?B@D?B@@@B@B@@@@BB@?B@VH^aEL_BFi@@C@I?EBG@EN]JWBIDKHW@G@IBI@I?IDqA?A@c@@_@Eg@ASAMASCQGQR?P?F?PBD?`@ENCRGDCHGFGBCBEDEv@pBlAzCHPf@{@Se@GO_@}@JSV_@c@r@^|@FNRd@g@z@IQmA{Cw@qBEDCDCBGFIFEBSFOBa@DE?KJIFCBIF?R@R?JEh@A^Ad@EpA?`A?f@?L?P?JBVRPRNDDNJ\T\XBB	Click to Generate
S2	15	1			3	International Automatic Cars (S2)	Boots (S2)	Meersbrook Park Church (S2)	1437	1078	oftdI`m_HHDELg@s@[[IIGEGIOMKIGGOIKE]Q{@]BUXq@Vk@DKPXVd@H@t@aBu@`BIACES_@QYEJWj@Yp@CTz@\\PJDNHFFJHNLFHFDHHZZl@d@X\dAhANPJJEJCFILCHEJKh@ITGXIA??AAAAEICEAEUg@BqAD@T^CjAEJ@DHN@@@@??H@FYAQDq@BKBQJSNMJJPRPTRZ@BBDDHN^LZZ`A[k@KQIQOUOWWa@EGW[QQ[]{@iAMQGRENAD?DAHAJAt@AP?R_AKECCC?C?CLaC@Y?G@IDUDQZZb@^	Click to Generate
S2	30	1			3	Newfield Green Library (S2)	Gleadless Medical Centre (S2)	Pizza City (S2)	2691	2018	{btdIr_zG|@kBBCTe@f@aAP]h@eAHKLKBCTAF@JFHLHRDX@\?Z@RA\?H?JI?MJ[h@CBQVY`@AL?F?BHRKLKLMJiB`BQNUTKNILSZOXCDGHADOZA@CFGHMRKPKRADHNZl@??[m@IOMVCFITEHCLKIGGEGGGQKMIm@YIAFu@HsA?IBe@@OEQMIK?a@NK@KEGKGOAS?C?WJo@@KPy@Py@H]@GLm@VqADSBKJw@@IAUCQIMICEAQHYTSRQRGDGFIBEA[EBc@J{AFeAF_A@[B[By@@WfATB_@C^gAUAVCx@Ev@G~@GdAKzACb@Gz@?FIfAGt@E`@Kz@EZEXG\Sz@Qv@Wx@Od@MXGNMXSd@EHGHMVHR@BBBHDJ?F?FC`B]r@On@OVGFAF?F?F?PD`@LH@l@XLHPJRAFAH?DCHCBGLW@EJSJQLSFIBG@AN[@EFIBENYR[HMJOTUPOhBaBLKJMJM`@k@BCPYf@s@AKAI?M?K?I@]AS?[A]EYISIMKGGAU@CBMJIJi@dAQ\g@`AUd@CB}@jB	Click to Generate
S2	60	1			3	The Cholera Monument (S2)	Path up to the Cholera Monument, Sheffield (S2)	Sheffield Inclusion Centre (S2)	5968	4476	oexdIn}{GkAmBwA`DFLHJf@f@RPz@x@tAtABB~@~@DBb@b@FK@CDEDCFA|B_@@ABA@C@C@C?C@GCa@c@F??b@GB`@AF?BABABABC@A@u@LgAPG@EBEDABGJc@c@EC_A_ACCuAuA{@y@SQg@g@IKGMCECICImAqEWcAW}@Su@EQCKEKQu@y@}CMi@Kc@HIHKNO`AeANS`AeANSDEFE`@e@dCgDLSXe@JSP_@h@yAzAqEJWhHaTBKBITo@b@sAf@sAL]P]b@}@`@u@d@s@DGFINOTUZ]fBeBRS^]BADEFG~BuBrFgFDEFEzCuCv@u@|@_ARQDEDEx@u@^]nAqA\m@~@cBf@aA^m@`@u@h@_AFMDIP[HMDIDKDEb@w@HKd@{@jBkDj@cABFBFj@lAVj@d@`ATf@Tf@@Bl@rAb@~@FL`@~@b@hARl@?BN`@UTu@t@qBjBw@v@eAbAcA~@I[Ke@GUw@_DCGIUOEIAGA?S?O?KCQKc@e@{AIUCGMc@KKGGIGCCEAK?i@~@a@t@_@l@g@`A_AbB]l@oApA_@\y@t@EDEDSP}@~@w@t@{CtCGDEDsFfF_CtBGFEDC@_@\SRgBdB[\UTAj@?JGnCE|BEtBKtFKxFAPCfAAx@An@Aj@U@C@A@CDgElMiBjEKVYn@ABm@vAmCjGCDuA|CuAdDGLjAlB	Click to Generate
S2	60	1			3	Sheffield Cholera Monument (S2)	Substantial Victorian houses in Norfolk Road (S2)	Sheffield Inclusion Centre (S2)	5721	4291	_}wdIdh|Gt@M@ABA@C@C@C?C@GCa@c@F??b@GB`@AF?BABABABC@A@}B^G@EBEDABGJc@c@EC_A_ACCuAuA{@y@SQg@g@IKGMvAaDFMn@}Ad@gAtA}CBElCkGl@wA@CXo@JWhBkEfEmMBE@ABATA@k@@o@@y@BgA@QJyFJuFDuBD}BFoC?K@k@TUZ]fBeBRS^]BADEFG~BuBrFgFDEFEzCuCv@u@|@_ARQDEDEx@u@^]nAqA\m@~@cBf@aA^m@`@u@h@_AFMDIP[HMDIDKDEb@w@HKd@{@jBkDj@cABFBFj@lAVj@d@`ATf@Tf@@Bl@rAb@~@FL`@~@b@hARl@?BN`@UTu@t@qBjBw@v@eAbAcA~@I[Ke@GUw@_DCGIUOEIAGA?S?O?KCQKc@e@{AIUCGMc@KKGGIGCCEAK?i@~@a@t@_@l@g@`A_AbB]l@oApA_@\y@t@EDEDSP}@~@w@t@{CtCGDEDsFfF_CtBGFEDC@_@\SRgBdB[\UTAj@?JGnCE|BEtBKtFKxFAPCfAAx@An@Aj@U@C@A@CDgElMiBjEKVYn@ABm@vAmCjGCDuA|CuAdDGLwA`DFLHJf@f@RPz@x@tAtABB~@~@DBb@b@FK@CDEDCFAfAQ	Click to Generate
S2	45	1			3	Arbourthorne Community Primary School (S2)	Daily News & Cards (S2)	Newfield Green Clinic (S2)	3319	2489	mltdIdiyGC^gAUAVCx@Ev@G~@GdAKzACb@Gz@?FIfAGt@E`@Kz@EZEXG\_@SUMk@]i@]i@c@OKSSKIMK[_@Q[OSM[GOCEK]GSJKHGFADDDJBFFFBAtAy@??uAx@C@GGCGEKEEG@IFKJFRJ\BDFNLZNRPZZ^LJJHRRNJh@b@h@\j@\TL^RSz@Qv@Wx@Od@MXGNMXSd@EHGHMVHR@BBBHDJ?F?FC`B]r@On@OVGFAF?F?F?PD`@LH@l@XLHPJRAFAH?DCHCBGLW@EJSJQLSFIBG@AN[@EFIBENYR[HMJOTUPOhBaBLKJMJM`@k@BCPYf@s@AKAI?M?K?I@]AS?[A]EYISIMKGGAU@CBMJIJi@dAQ\g@`AUd@CBIN{@fBdAwBBCTe@f@aAP]h@eAHKLKBCTAF@JFHLHRDX@\?Z@RA\?H?J?L@H@Jg@r@QXCBa@j@KLKLMJiB`BQNUTKNILSZOXKSGK??FJJRCDGHADOZA@CFGHMRKPKRADMVCFITEHCLKIGGEGGGQKMIm@YIAFu@HsA?IBe@@OEQMIK?a@NK@KEGKGOAS?C?WJo@@KPy@Py@H]@GLm@VqADSBKJw@@IAUCQIMICEAQHYTSRQRGDGFIBEA[EBc@J{AFeAF_ADw@By@@WfATB_@	Click to Generate
S2	60	1			3	Burton Roofing Merchants (S2)	Makro (S2)	Manor Park Medical Centre (S2)	5448	4086	s_ydIx_vGj@qCo@g@UQYSg@g@Sr@Kd@c@`BMf@Ol@St@Of@_@fAS]Vu@Ni@CHK^Wt@R\a@z@u@`BUf@INmAfBOTkAvAUg@O[CISc@Sa@Sa@Q_@??m@bAu@tAVZNPDFV\TXX\RVELGJy@fB]`AK\g@dBSz@UhACPQjAKx@QvAIt@Kr@CNe@xBr@vAP\r@xABFl@hAd@|@@BDJFHFHJJn@f@JF\R~Az@@?B@F@@A@?B?@?BADELUR]v@sBv@wBf@uAb@cBXu@LSJQFIp@i@d@WTMLCf@W`AcAp@s@hC_BNUFOPWZ}@j@_Bd@sA~@oCVs@d@sA^iAL[LUTa@\e@Z[VSXO^Ol@QXORMTS^]v@kANYrBkDp@kACMAM@M@GDIFEFA??HBDHx@gAZc@TSVMRGF?PAjABz@BDgBJ}AJ{@VyB^_DP}AV{BTeBPsAPcAl@kBHO??FMpAeCGyAYyFCi@GoAK{B[QGEIEOMy@g@s@i@q@o@aAgAa@a@QWW]EIOSw@gAIMIGECICW?GBG@MBI?WR[n@uAhFg@nBaEzNk@bCi@`Cy@zDy@tDO`BkAlGE`@?^?^D^D\Lf@Lv@?b@A`@EXETMVONUFU?UEUSqBaBwAsAyAaAKGYOCBOXm@`@cApAYf@[z@f@f@XRTPn@f@k@pC	Click to Generate
S2	60	1			3	Burton Roofing Merchants (S2)	Makro (S2)	Manor Park Medical Centre (S2)	5413	4060	g}xdIf}uGEO@g@KDOMo@g@UQYSg@g@Sr@Kd@c@`BMf@Ol@St@Of@_@fAS]Vu@Ni@CHK^Wt@R\a@z@u@`BUf@INmAfBOTkAvAUg@O[CISc@Sa@Sa@Q_@??m@bAu@tAVZNPDFV\TXX\RVELGJy@fB]`AK\g@dBSz@UhACPQjAKx@QvAIt@Kr@CNe@xBr@vAP\r@xABFl@hAd@|@@BDJFHFHJJn@f@JF\R~Az@@?B@F@@A@?B?@?BADELUR]v@sBv@wBf@uAb@cBXu@LSJQFIp@i@d@WTMLCf@W`AcAp@s@hC_BNUFOPWZ}@j@_Bd@sA~@oCVs@d@sA^iAL[LUTa@\e@Z[VSXO^Ol@QXORMTS^]v@kANYrBkDp@kACMAM@M@GDIFEFA??HBDHx@gAZc@TSVMRGF?PAjABz@BDgBJ}AJ{@VyB^_DP}AV{BTeBPsAPcAl@kBHO??FMpAeCGyAYyFCi@GoAK{B[QGEIEOMy@g@s@i@q@o@aAgAa@a@QWW]EIOSw@gAIMIGECICW?GBG@MBI?WR[n@uAhFg@nBaEzNk@bCi@`Cy@zDy@tDO`BkAlGE`@?^?^D^D\Lf@Lv@?b@A`@EXETMVONUFU?UEUSqBaBwAsAyAaAKGYOCBOXm@`@cApAYf@[z@f@f@XRTPn@f@NLJEAf@DN	Click to Generate
S2	60	1			3	Burton Roofing Merchants (S2)	Makro (S2)	Manor Park Medical Centre (S2)	5440	4080	s|xdIz}uGSSEO@g@KDOMo@g@UQYSg@g@Sr@Kd@c@`BMf@Ol@St@Of@_@fAS]Vu@Ni@CHK^Wt@R\a@z@u@`BUf@INmAfBOTkAvAUg@O[CISc@Sa@Sa@Q_@??m@bAu@tAVZNPDFV\TXX\RVELGJy@fB]`AK\g@dBSz@UhACPQjAKx@QvAIt@Kr@CNe@xBr@vAP\r@xABFl@hAd@|@@BDJFHFHJJn@f@JF\R~Az@@?B@F@@A@?B?@?BADELUR]v@sBv@wBf@uAb@cBXu@LSJQFIp@i@d@WTMLCf@W`AcAp@s@hC_BNUFOPWZ}@j@_Bd@sA~@oCVs@d@sA^iAL[LUTa@\e@Z[VSXO^Ol@QXORMTS^]v@kANYrBkDp@kACMAM@M@GDIFEFA??HBDHx@gAZc@TSVMRGF?PAjABz@BDgBJ}AJ{@VyB^_DP}AV{BTeBPsAPcAl@kBHO??FMpAeCGyAYyFCi@GoAK{B[QGEIEOMy@g@s@i@q@o@aAgAa@a@QWW]EIOSw@gAIMIGECICW?GBG@MBI?WR[n@uAhFg@nBaEzNk@bCi@`Cy@zDy@tDO`BkAlGE`@?^?^D^D\Lf@Lv@?b@A`@EXETMVONUFU?UEUSqBaBwAsAyAaAKGYOCBOXm@`@cApAYf@[z@f@f@XRTPn@f@NLJEAf@DNRR	Click to Generate
S2	45	1			3	Arbourthorne Community Primary School (S2)	Momma Katz (S2)	Newfield Green Library (S2)	3117	2338	cotdI|lyGAZG~@GdAKzACb@Gz@?FIfAGt@E`@Kz@EZEXG\_@SUMk@]i@]i@c@OKSSKIMK[_@Q[OSM[GOCEK]GSJKHGFADDDJBFFFBAtAy@??uAx@C@GGCGEKEEG@IFKJFRJ\BDFNLZNRPZZ^LJJHRRNJh@b@h@\j@\TL^RSz@Qv@Wx@Od@MXGNMXSd@EHGHMVHR@BBBHDJ?F?FC`B]r@On@OVGFAF?F?F?PD`@LH@l@XLHPJRAFAH?DCHCBGLW@EJSJQLSFIBG@AN[@EFIBENYR[HMJOTUPOhBaBLKJMJM`@k@BCPYf@s@AKAI?M?K?I@]AS?[A]EYISIMKGGAU@CBMJIJi@dAQ\g@`AUd@CBcAvBA?dAwBBCTe@f@aAP]h@eAHKLKBCTAF@JFHLHRDX@\?Z@RA\?H?JI?MJ[h@CBQVY`@AL?F?BHRKLKLMJiB`BQNUTKNILSZOXCDGHADOZA@CFGHMRKPKRADMVCFITEHCLKIGGEGGGQKMIm@YIAFu@HsA?IBe@@OEQMIK?a@NK@KEGKGOAS?C?WJo@@KPy@Py@H]@GLm@VqADSBKJw@@IAUCQIMICEAQHYTSRQRGDGFIBEA[EBc@J{AFeAF_A@[	Click to Generate
S2	20	1			3	East Bank Medical Centre (S2)	The Spires Centre (S2)	Springs Leisure Centre (S2)	1882	1412	k{tdIvxwGAFAXDVJTLFH@@`@B^BbAFrALCH?ZGNCb@Er@I`@G?YEqAC_@mANlAOHpB?XDAl@Ir@KI}@Gy@Em@AICe@C_@Ca@Cg@Ag@Ci@A]?_@AS?KAU?y@?q@?_A?e@@]@e@Bg@BW@]Dm@FaABi@Bc@D}@Bu@D}A@}@?G?Y?]?K?_@?]AQASCYF?FDP\N^WNQH?^?J?\?X?FA|@E|ACt@E|@Cb@Ch@G`AEl@A\CVCf@Ad@A\?d@?~@?N?`@?x@@T?J@R?^p@IJC~@Sx@ODE?G??Cu@UBe@nA_ARKBq@H@\Bh@@f@Bf@yARoBXOBQ@EWEQKKWCGDIHELCJ	Click to Generate
S2	45	1			3	Mandala (S2)	Heeley Sidings (S2)	The Hardy Pick (S2)	3228	2421	wgtdInn_H_@QGC@Y?G@IDUDQIIGEGIOMKIGGOIKEA\GnALBMCFoA@]HB@@NHFFJHNLFHFDHHZZl@d@X\dAhANPJJEJCFILCHEJKh@ITGXD\@B@@BFn@pARa@R]u@}AMV@R@Dj@hAS`@o@qAEIACE]FYAQDq@BKBQJS[]{@iAMQg@s@[[IIGEGIOMKIGGOIKEA\GnAKnCALCJEFYn@CD?DAD?B?D@D@DXj@fAzBLZFTDRF`@@^E@C@A?C@EBCDe@p@v@pBlAzCHPf@{@Se@GO_@}@JSV_@c@r@^|@FNRd@g@z@IQmA{Cw@qBEDCDCBGFIFEBSFOBa@DE?KJIFCBIFEACACCCAAGGQCIEMAGEKEOISQk@]u@oAeDg@kAeAgCi@oAMc@Y_ACMCICCEIEGEGGEa@UaAm@kBiAmAs@MIIIGGIIGMEIOc@EKAKCME]K}@Gc@Ks@ASEc@Ce@T@B?H?XAFAF?REZ?b@Av@A\?V?J@H@D@B@JDHDHHTRTTX\PTPTZd@`@n@f@t@f@t@HLFFDHLNDFBBVXLLFDXPNJNHPLTH\Pd@PHBFBZLz@\\PJDNHFFJHNLFHFDHHZZl@d@ELGRENADECUK	Click to Generate
S2	45	1			3	I Said Bread (S2)	Kingdom Hall of Jehovah's Witnesses (S2)	Meersbrook Park (S2)	3496	2622	q}sdIxi~GdAhBlCmGEcBmBHMaHKuG?G{BNG?E?o@DWBJlIDDt@ARAHlDHbFDZuCzG]z@wAfDgC~Fk@vAEJWj@Yp@CTz@\\PJDNHFFJHNLFHFDHHZZl@d@X\dAhANPJJPRPTRZDHDHN^LZZ`AZ~@v@hCV|@DLFRBFJd@DJBJPj@BHLQjAiAb@e@z@}@RUDEbAaAvAcACy@E_AEuBCoD@mAFyALsBDIHmA??IlAtDc@^EJ@Hw@LeAn@uDBS?_@?W?gDAqADo@BYLm@HMLISkDE[CQeAoFOu@U?_Be@e@G{@@a@JsC~@yCz@BbCDbBmClGeAiB	Click to Generate
S2	20	1			3	Boots (S2)	Alam Hill Books (S2)	Meersbrook Park Church (S2)	1691	1268	uhtdI`k_HDBZZl@d@X\dAhANPJJEJCFILCHEJKh@ITGXIA??AAAAEICEAEUg@BqAD@T^CjAEJ@DHN@@@@??H@FYAQDq@BKBQJS[]{@iAMQg@s@[[IIGEGIOMKIGGOIKE]Q{@]BUXq@Vk@DKj@wAxAiDdC}FHLpAvBiC`GiA~C_@hAY~@K^NLFHFDHHZZl@d@X\dAhANPJJPRPTRZ@BBDDHN^LZZ`A[k@KQIQOUOWWa@EGW[QQ[]{@iAMQg@s@[[EC	Click to Generate
S2	20	1			3	Boots (S2)	Alam Hill Books (S2)	Meersbrook Park Church (S2)	1682	1262	mhtdIfk_HXXl@d@X\dAhANPJJEJCFILCHEJKh@ITGXIA??AAAAEICEAEUg@BqAD@T^CjAEJ@DHN@@@@??H@FYAQDq@BKBQJS[]{@iAMQg@s@[[IIGEGIOMKIGGOIKE]Q{@]BUXq@Vk@DKj@wAxAiDdC}FHLpAvBiC`GiA~C_@hAY~@K^NLFHFDHHZZl@d@X\dAhANPJJPRPTRZ@BBDDHN^LZZ`A[k@KQIQOUOWWa@EGW[QQ[]{@iAMQg@s@YY	Click to Generate
S2	30	1			3	Nether Edge Primary School (S2)	Broadfield Park (S2)	Virgin Crucible (S2)	2329	1747	wwtdItjaHBITkANq@`@_CFc@d@uE^aEL_BFi@BM?EBG@EN]DFDHDHBDFFBBJHRPRNDDNJ\T\XRPQr@CFAFUhAAJ[zAERMj@AD?B?B?D@B@BJFr@d@FDFDl@wCBONu@XwAQWIKKMKKKKMKSQ]Y]UOKEESOSQKICCGGCEEIEIEGKUISCKGMEMCKCMIi@ESESEOGSc@w@GGC[BEHENIPI`@QDC\MJCFCHCDAD?R?@NBJ@F?R@R?JEh@A^Ab@?@EpA?HAHCHAHAFIVEJCHKVKUISCKGMEMCKCMIi@ESESEOGSc@w@GGC[BEHENIPI`@QDC\MJCFCHCDAD?R?P?F?PBD?`@ENCSkCCYCUCOIQIWM]Zk@[j@L\HVHPBNBTVdDOBa@DE?KJIFCBIF?R@R?JEh@A^Ad@EpA?HAHCHAHAFIVEJCHKVO\ADCF?DCLGh@M~A_@`Ee@tEGb@a@~BOp@UjACH	Click to Generate
S2	60	1			3	Woodbourn Road Stadium (S2)	Makro (S2)	Highfield Motors (S2)	4510	3382	efzdIt|vGBE~@iAPe@Bo@yFcGs@cAe@_@m@_@OGq@s@aAeAIGMGM\]bAMp@G\ADQlAd@ZLLAV?\FRN@??VIWHOAGS?]@WMMe@[PmA@EF]Lq@OMUQY[_@pAQt@Gb@a@~BIf@m@bDId@Kb@EPGPABAVAHCLJLFFDFZRZPpEhCxBlAJF@@lAn@d@VJDDBl@\^RbAj@b@V^Rl@\j@Vp@^NHt@d@BBNPPXT`@d@yBBOJs@Hu@PwAJy@PkABQTiAR{@f@eBJ]\aAx@gBFKDMSWY]UYW]EGOQW[t@uAl@cA??P^R`@R`@Rb@BHNZTf@[f@u@~@ELGJy@fB]`AK\g@dBSz@UhACPQjAKx@QvAIt@Kr@CNe@xBUa@QYOQCCu@e@OIq@_@k@Wm@]_@Sc@WcAk@_@Sm@]ECKEe@WmAo@AAKGyBmAqEiC[QOAM?KAKAQAM@SFURa@`@IHa@d@q@p@S\EDWVDNb@nBBHHd@XtAKXEGCEWZEMIQ??CFEJGKCGOWhAeAIe@CIc@oBEOK[BIBCPENEREp@q@`@e@HI`@a@TSHSNQJIDCF?JLFFDFZRZPpEhCxBlAJF@@lAn@d@VDI@GBC@I@I@I?K@q@@MBQDGFGLCj@DJANI`@aBX{@Vc@	Click to Generate
S2	45	1			3	Gleadless Medical Centre (S2)	Pizza City (S2)	Arbourthorne Community Primary School (S2)	3304	2478	ubtdIf_zGv@_BBCTe@f@aAP]h@eAHKLKBCTAF@JFHLHRDX@\?Z@RA\?H?J?L@H@Jg@r@QXCBa@j@KLKLMJiB`BQNUTKNILSZOXCDGHADOZA@CFGHMRKPKRADHNZl@??[m@IOMVCFITEHCLKIGGEGGGQKMIm@YIAFu@HsA?IBe@@OEQMIK?a@NK@KEGKGOAS?C?WJo@@KPy@Py@H]@GLm@VqADSBKJw@@IAUCQIMICEAQHYTSRQRGDGFIBEA[EBc@J{AFeAF_A@[B[By@@WBw@@m@Bo@@i@@g@@e@?G?M?O@c@G@MFa@Po@\aAj@a@VSLYPiBpAg@\e@\}@r@y@n@EBPbBJ|@D^Lr@Lp@BLFXDJJKHGFADDDJBFFFBAtAy@??uAx@C@GGCGEKEEG@IFKJFRJ\BDFNLZNRPZZ^LJJHRRNJh@b@h@\j@\TL^RSz@Qv@Wx@Od@MXGNMXSd@EHGHMVHR@BBBHDJ?F?FC`B]r@On@OVGFAF?F?F?PD`@LH@l@XLHPJRAFAH?DCHCBGLW@EJSJQLSFIBG@AN[@EFIBENYR[HMJOTUPOhBaBLKJMJM`@k@BCPYf@s@AKAI?M?K?I@]AS?[A]EYISIMKGGAU@CBMJIJi@dAQ\g@`AUd@CBw@~A	Click to Generate
S2	60	1			3	Path up to the Cholera Monument, Sheffield (S2)	Substantial Victorian houses in Norfolk Road (S2)	Sheffield Inclusion Centre (S2)	5721	4291	c|wdI`f|Gb@GB`@AF?BABABABC@A@u@LgAPG@EBEDABGJc@c@EC_A_ACCuAuA{@y@SQg@g@IKGMvAaDFMn@}Ad@gAtA}CBElCkGl@wA@CXo@JWhBkEfEmMBE@ABATA@k@@o@@y@BgA@QJyFJuFDuBD}BFoC?K@k@TUZ]fBeBRS^]BADEFG~BuBrFgFDEFEzCuCv@u@|@_ARQDEDEx@u@^]nAqA\m@~@cBf@aA^m@`@u@h@_AFMDIP[HMDIDKDEb@w@HKd@{@jBkDj@cABFBFj@lAVj@d@`ATf@Tf@@Bl@rAb@~@FL`@~@b@hARl@?BN`@UTu@t@qBjBw@v@eAbAcA~@I[Ke@GUw@_DCGIUOEIAGA?S?O?KCQKc@e@{AIUCGMc@KKGGIGCCEAK?i@~@a@t@_@l@g@`A_AbB]l@oApA_@\y@t@EDEDSP}@~@w@t@{CtCGDEDsFfF_CtBGFEDC@_@\SRgBdB[\UTAj@?JGnCE|BEtBKtFKxFAPCfAAx@An@Aj@U@C@A@CDgElMiBjEKVYn@ABm@vAmCjGCDuA|CuAdDGLwA`DFLHJf@f@RPz@x@tAtABB~@~@DBb@b@FK@CDEDCFA|B_@@ABA@C@C@C?C@GCa@c@F	Click to Generate
S2	30	1			3	Best Pizza (S2)	Alberts (S2)	Popeyes Pizza (S2)	2278	1708	mxudIjixGeAbAcA~@I[Ke@GUw@_DCGIUOEIAGA?S?O?KCQKc@e@{AIUCGMc@EQCE?EAGAG?CAI?I@I?I@E@CDIDKDEb@w@HKd@{@jBkDj@cA\q@N[\q@vAgCLU?CRYBCDINUNY^q@~AwC`ByC|A}C@DHNf@bALZBFPh@Lb@?BH\Jt@Hv@Dh@DCBEJMX_@RWTSTSNKHEP|BHrAJtBJ~BFfB@PFjB@z@@NBF@DBBLBp@K~@KF`BBv@@XBd@GDIHELCJAFAXUBOBgAT[L[NSL[RGFQLIFIDSR}AzAKH}@x@m@j@}@x@y@t@YsAQ{@U_AUTu@t@qBjBw@v@	Click to Generate
S2	20	1			3	The Spires Centre (S2)	East Bank Medical Centre (S2)	The Co-operative Food (S2)	1835	1376	altdIzpwG???FEDy@N_ARKBq@H?_@AS?KAU?y@?q@?_A?e@@]@e@Bg@BW@]Dm@FaABi@Bc@D}@Bu@D}A@}@?G?Y?]?K?_@?]AQASCYF?FDP\N^WNQH?^?J?\?X?FA|@E|ACt@E|@Cb@Ch@G`AEl@A\CVCf@Ad@A\?d@?~@?N?`@?x@@T?J@R?^@\Bh@@f@Bf@B`@B^Bd@@HDl@Fx@H|@s@Jm@HE@?YEqAC_@mANlAOHpB?Xa@Fs@Hc@DOB[FI?MBGsACcAC_@Aa@E_ACcAVBJJ??DPDVPANCnBYxASCg@Ag@Ci@A]p@IJC~@Sx@ODE?G??	Click to Generate
S2	60	1			3	Path up to the Cholera Monument, Sheffield (S2)	Substantial Victorian houses in Norfolk Road (S2)	Sheffield Inclusion Centre (S2)	5927	4445	k}wdIzs{GiAoBEGGCC?CAI?G@I@E?CAQUCDuA|CuAdDGLwA`DFLHJf@f@RPz@x@tAtABB~@~@DBb@b@FK@CDEDCFAfAQt@M@ABA@C@C@C?C@GCa@c@Fb@GB`@AF?BABABABC@A@}B^G@EBEDABGJc@c@EC_A_ACCuAuA{@y@SQg@g@IKGMvAaDFMn@}Ad@gAtA}CBElCkGl@wA@CXo@JWhBkEfEmMBE@ABATA@k@@o@@y@BgA@QJyFJuFDuBD}BFoC?K@k@TUZ]fBeBRS^]BADEFG~BuBrFgFDEFEzCuCv@u@|@_ARQDEDEx@u@^]nAqA\m@~@cBf@aA^m@`@u@h@_AFMDIP[HMDIDKDEb@w@HKd@{@jBkDj@cABFBFj@lAVj@d@`ATf@Tf@@Bl@rAb@~@FL`@~@b@hARl@?BN`@UTu@t@qBjBw@v@eAbAcA~@I[Ke@GUw@_DCGIUOEIAGA?S?O?KCQKc@e@{AIUCGMc@KKGGIGCCEAK?i@~@a@t@_@l@g@`A_AbB]l@oApA_@\y@t@EDEDSP}@~@w@t@{CtCGDEDsFfF_CtBGFEDC@_@\SRgBdB[\UTAj@?JGnCE|BEtBKtFKxFAPCfAAx@An@Aj@U@C@A@CDgElMiBjEKVYn@ABm@vAmCjGPTB@D?HAFAH?B@B?FBDFhAnB	Click to Generate
S2	60	1			3	Path up to the Cholera Monument, Sheffield (S2)	Substantial Victorian houses in Norfolk Road (S2)	Sheffield Inclusion Centre (S2)	5721	4291	c|wdI`f|Gb@GB`@AF?BABABABC@A@u@LgAPG@EBEDABGJc@c@EC_A_ACCuAuA{@y@SQg@g@IKGMvAaDFMn@}Ad@gAtA}CBElCkGl@wA@CXo@JWhBkEfEmMBE@ABATA@k@@o@@y@BgA@QJyFJuFDuBD}BFoC?K@k@TUZ]fBeBRS^]BADEFG~BuBrFgFDEFEzCuCv@u@|@_ARQDEDEx@u@^]nAqA\m@~@cBf@aA^m@`@u@h@_AFMDIP[HMDIDKDEb@w@HKd@{@jBkDj@cABFBFj@lAVj@d@`ATf@Tf@@Bl@rAb@~@FL`@~@b@hARl@?BN`@UTu@t@qBjBw@v@eAbAcA~@I[Ke@GUw@_DCGIUOEIAGA?S?O?KCQKc@e@{AIUCGMc@KKGGIGCCEAK?i@~@a@t@_@l@g@`A_AbB]l@oApA_@\y@t@EDEDSP}@~@w@t@{CtCGDEDsFfF_CtBGFEDC@_@\SRgBdB[\UTAj@?JGnCE|BEtBKtFKxFAPCfAAx@An@Aj@U@C@A@CDgElMiBjEKVYn@ABm@vAmCjGCDuA|CuAdDGLwA`DFLHJf@f@RPz@x@tAtABB~@~@DBb@b@FK@CDEDCFA|B_@@ABA@C@C@C?C@GCa@c@F	Click to Generate
S2	30	1			3	Windy House Lane Pocket Park (S2)	UBU (S2)	Leaves (S2)	2154	1616	}{udIl}uGXX~DjEELCFCBg@^AGGW??FV@Ff@_@BCBGDMNNzA|At@x@@?l@p@IJcAnAGF{@v@w@^k@^u@Ts@RYDYDg@HG??TBx@Bl@Fj@FX@HDRJ\`AzB`AtBJR@BLYRYBCDINUNY^q@BEzAqC`ByC|A}C^q@`AgB`AmBVo@Xw@L[d@y@@E@E?C@E?E?G?E?C?EAC?A?EAEAEAGCEAEEG[SmBkAGT]xAENa@jAq@|ASb@Q\_@r@q@z@pBvC??qBwCm@q@A?u@y@{A}AOO_EkEYY	Click to Generate
S2	45	1			3	Virgin Crucible (S2)	The Hardy Pick (S2)	Boots (S2)	3637	2728	cotdIvp`HGESQKICCGGCEEIEIEGKUISCKGMEMCKCMIi@ESESEOGSc@w@GGC[BEHENIPI`@QDC\MJCFCHCDAD?R?P?F?PBD?`@ENCWeDCUCOIQIWM]Zk@[j@L\HVHPBNBTBXRjCRGDCHGFGBCBEDEv@pBlAzCHPf@{@Se@GO_@}@JSV_@c@r@^|@FNRd@g@z@IQmA{Cw@qBEDCDCBGFIFEBSFOBa@DE?KJIFCBIFEACACCCAAGGQCIEMAGEKEOISQk@]u@oAeDg@kAeAgCi@oAMc@Y_ACMCICCEIEGEGGEa@UaAm@kBiAmAs@MIIIGGIIGMEIOc@EKAKCME]K}@Gc@Ks@ASEc@Ce@T@B?H?XAFAF?REZ?b@Av@A\?V?J@H@D@B@JDHDHHTRTTX\PTPTZd@`@n@f@t@f@t@HLFFDHLNDFBBVXLLFDXPNJNHPLTH\Pd@PHBFBZLz@\\PJDNHFFJHNLFHFDHHZZl@d@X\dAhANPJJEJCFILCHEJKh@ITGXIA??AAAAEICEAEUg@BqAD@T^CjAEJ@DHN@@@@??H@FYAQDq@BKBQJS[]{@iAMQg@s@[[IIGEGIOMKIGGOIKEA\GnAKnCALCJEFYn@CD?DAD?B?D@D@DXj@fAzBLZFTDRF`@@^E@C@A?C@EBCDe@p@EDCDCBGFIFEBSFOBa@DE?KJIFCBIF?R@R?JEh@A^Ad@EpA?`A?f@?L?P?JBVRPFD	Click to Generate
S2	20	1			3	The Spires Centre (S2)	East Bank Medical Centre (S2)	The Co-operative Food (S2)	1835	1376	altdIzpwG???FEDy@N_ARKBq@H?_@AS?KAU?y@?q@?_A?e@@]@e@Bg@BW@]Dm@FaABi@Bc@D}@Bu@D}A@}@?G?Y?]?K?_@?]AQASCYF?FDP\N^WNQH?^?J?\?X?FA|@E|ACt@E|@Cb@Ch@G`AEl@A\CVCf@Ad@A\?d@?~@?N?`@?x@@T?J@R?^@\Bh@@f@Bf@B`@B^Bd@@HDl@Fx@H|@s@Jm@HE@?YEqAC_@mANlAOHpB?Xa@Fs@Hc@DOB[FI?MBGsACcAC_@Aa@E_ACcAVBJJ??DPDVPANCnBYxASCg@Ag@Ci@A]p@IJC~@Sx@ODE?G??	Click to Generate
S2	45	1			3	Windy House Lane Pocket Park (S2)	Archdale School (S2)	UBU (S2)	3653	2740	gavdIr{uG`@K?Q@QF[JWHIJGHCP@LBDDDHDNHZ@N@NAJAL?BETt@v@~DjEELCFCBg@^AGGW??FV@Ff@_@BCBGDM_EkEu@w@CFCFGJEDGDEBE@I@EAGAECEEGGEKIWE]?Q@QF[JWHIJGHC?SMaEE_CGqAKk@Qi@Uc@IKMM_@Ym@a@c@WGEAFEBC@E?ECCCCG?I?IICaDwAUMCN?@CFg@hA]v@BFBBP`@[p@[p@Xn@\o@??]n@Yo@Zq@Zq@Qa@CCCG\w@f@iABG?ABOTL`DvAHB@IBGBEDAF@BB@BBF@F?FAFADFDb@Vl@`@^XLLHJTb@Ph@Jj@FpAD~BL`E?RP@LBDDDHDNHZ@N@NAJAL?BETCFCFGJEDGDEBE@VnJBrADxAH|C@N?TBx@Bl@Fj@FX@HDRJ\`AzB`AtBJR@BLYRYBCDINUNY^q@BEzAqC`ByC|A}C^q@`AgB`AmBVo@Xw@L[d@y@@E@E?C@E?E?G?E?C?EAC?A?EAEAEAGCEAEEG[SmBkA_BcAsA}@UQoA_Ae@g@EIY]MLKHQB]?QKSSQPyA|AABe@f@w@v@Y\AJAL?BETCFCFGJEDGDEBE@I@EAGAECEEGGEKIWE]a@J	Click to Generate
S2	20	1			3	Manor Park Medical Centre (S2)	Temple Park Centre (S2)	Castle View Park (S2)	1802	1352	qzwdItbvGWm@CCGGIGICGAG?GBWVCDC?A?MIp@kACMAM@M@GDIFEFA??HBDHx@gAZc@TSVMRGF?ARGV?p@?I?g@FW@SG?SFWLUR[b@y@fADJ@L?FCLEJrAjCr@`Bl@bBJSh@{@NUHEHAL?jBb@jA`@zBp@^Lp@T|Ah@l@^Zb@Pb@BH@DHd@Dr@A`AKv@ENe@jAe@aAQUyDq@WGaAOq@a@QSUe@KO^}@\cBNwBkAa@kBc@M?I@IDOTi@z@KRm@cBOV_@}@k@qA	Click to Generate
S2	30	1			3	Temple Park Centre (S2)	Castle View Park (S2)	Manor Park Medical Centre (S2)	2428	1821	ufwdIlmuGABBl@Wf@]p@_AlBw@~@s@b@q@Jq@@g@E{@CkACQ@ARGV?p@?I?g@FW@SG?SFWLUR[b@y@fADJ@L?FCLEJrAjCr@`Bl@bBJSh@{@NUHEHAL?jBb@jA`@zBp@^Lp@T|Ah@l@^Zb@Pb@BH@DHd@Dr@A`AKv@ENe@jAe@aAQUyDq@WGaAOq@a@QSUe@KO^}@\cBNwBkAa@kBc@M?I@IDOTi@z@KRm@cBs@aBsAkCEDK@GCGICMAM@M@GDIFEFA??HBDHx@gAZc@TSVMRGF?PAjABz@Bf@Dp@Ap@Kr@c@v@_A~@mB\q@Vg@Cm@@C	Click to Generate
S2	60	1			3	Cholera Monument, Sheffield (S2)	Path up to the Cholera Monument, Sheffield (S2)	Sheffield Inclusion Centre (S2)	6087	4565	cfxdItv{Go@|AGLjAlBIZADAF?D?\?z@?F@DBFBFCGCGAE?G?{@?]?E@G@EH[??kAmBwA`DFLHJf@f@RPz@x@tAtABB~@~@DBb@b@FK@CDEDCFAfAQt@M@ABA@C@C@C?C@GCa@c@Fb@GB`@AF?BABABABC@A@}B^G@EBEDABGJc@c@EC_A_ACCuAuA{@y@SQg@g@IKGMCECICImAqEWcAW}@Su@EQCKEKQu@y@}CMi@Kc@HIHKNO`AeANS`AeANSDEFE`@e@dCgDLSXe@JSP_@h@yAzAqEJWhHaTBKBITo@b@sAf@sAL]P]b@}@`@u@d@s@DGFINOTUZ]fBeBRS^]BADEFG~BuBrFgFDEFEzCuCv@u@|@_ARQDEDEx@u@^]nAqA\m@~@cBf@aA^m@`@u@h@_AFMDIP[HMDIDKDEb@w@HKd@{@jBkDj@cABFBFj@lAVj@d@`ATf@Tf@@Bl@rAb@~@FL`@~@b@hARl@?BN`@UTu@t@qBjBw@v@eAbAcA~@I[Ke@GUw@_DCGIUOEIAGA?S?O?KCQKc@e@{AIUCGMc@KKGGIGCCEAK?i@~@a@t@_@l@g@`A_AbB]l@oApA_@\y@t@EDEDSP}@~@w@t@{CtCGDEDsFfF_CtBGFEDC@_@\SRgBdB[\UTAj@?JGnCE|BEtBKtFKxFAPCfAAx@An@Aj@U@C@A@CDgElMiBjEKVYn@ABm@vAmCjGCDuA|Ce@fA	Click to Generate
S2	20	1			3	Broadfield Park (S2)	The Hardy Pick (S2)	Virgin Crucible (S2)	1824	1368	iltdI`s`HYW]UOKEESOSQKICCGGCEEIEIEGKUISCKGMEMCKCMIi@ESESEOGSc@w@GGC[BEHENIPI`@QDC\MJCFCHCDAD?R?@NBJ@F?R@R?JEh@A^Ab@?@EpA?HAHCHAHAFIVEJCHKVKUISCKGMEMCKCMIi@ESESEOGSc@w@GGC[BEHENIPI`@QDC\MJCFCHCDAD?R?P?F?PBD?`@ENCRGDCHGFGBCBEDEv@pBlAzCHPf@{@Se@GO_@}@JSV_@c@r@^|@FNRd@g@z@IQmA{Cw@qBEDCDCBGFIFEBSFSkCCYCUCOIQIWM]Zk@[j@L\HVHPBNBTVdDOBa@DE?KJIFCBIF?R@R?JEh@A^Ad@EpA?`A?f@?L?P?JBVRPRNDDNJ\TXV	Click to Generate
S2	20	1			3	Alam Hill Books (S2)	Boots (S2)	Meersbrook Park Church (S2)	1457	1093	gitdInh_HRq@^iAhA_DhCaGqAwBIMeC|FyAhDk@vAEJWj@Yp@CTz@\\PJDNHFFJHNLFHFDHHZZl@d@X\dAhANPJJEJCFILCHEJKh@ITGXIA??AAAAEICEAEUg@BqAD@T^CjAEJ@DHN@@@@??H@FYAQDq@BKBQJSNMJJPRPTRZ@BBDDHN^LZZ`A[k@KQIQOUOWWa@EGW[QQ[]{@iAMQg@s@[[IIGEGIOMJ_@DM	Click to Generate
S2	20	1			3	Gin Bar (S2)	Broadfield Park (S2)	The Hardy Pick (S2)	1711	1283	{ktdIls`HII]Y]UOKEESOSQKICCGGCEEIEIEGKUISCKGMEMCKCMIi@ESESEOGSc@w@GGGGGIQYGPEFMVDL@@BH?F?vC?V?zB?|@A\AZCn@\J@?B@@B@@@B@BBD?B@D?FHlA?B?B@D?B@@@B@B@@@@BB@?B@VH^aEL_BFi@@C@I?EBG@EN]JWBIDKHW@G@IBI@I?IDqA?A@c@@_@Eg@ASAMASCQGQR?P?F?PBD?`@ENCRGDCHGFGBCBEDEv@pBlAzCHPf@{@Se@GO_@}@JSV_@c@r@^|@FNRd@g@z@IQmA{Cw@qBEDCDCBGFIFEBSFOBa@DE?KJIFCBIF?R@R?JEh@A^Ad@EpA?`A?f@?L?P?JBVRPRNDDNJ\T\XHH	Click to Generate
S2	20	1			3	Top Chopper (S2)	Broadfield Park (S2)	The Hardy Pick (S2)	1645	1234	kktdIzs`HEESQ]Y]UOKEESOSQKIEd@?BDi@CCGGCEEIEIEGKUISCKGMEMCKCMIi@ESESEOGSc@w@GGC[BEHENIPI`@QDC\MJCFCHCDAD?R?@NBJ@F?R@R?JEh@A^Ab@?@EpA?HAHCHAHAFIVEJCHKVKUISCKGMEMCKCMIi@ESESEOGSc@w@GGC[BEHENIPI`@QDC\MJCFCHCDAD?R?P?F?PBD?`@ENCRGDCHGFGBCBEDEv@pBlAzCHPf@{@Se@GO_@}@JSV_@c@r@^|@FNRd@g@z@IQmA{Cw@qBEDCDCBGFIFEBSFOBa@DE?KJIFCBIF?R@R?JEh@A^Ad@EpA?`A?f@?L?P?JBVRPRNDDNJ\T\XRPDD	Click to Generate
S2	20	1			3	Manor Park Medical Centre (S2)	St Vincent's (S2)	Hair & Beauty Lounge (S2)	1477	1108	ewwdI`{uG?g@FW@SG?SFWLUR[b@y@fADJ@L?FCLEJEDK@GCGICMAM@M@GDIFEFA??HBDHDJ@L?FCLEJrAjCr@`BOV_@}@k@qAWm@CCGGIGICGAG?GBWVCDC?A?MIp@kACMAM@M@GDIFEFAHBDHx@gAZc@TSVMRGF?PAjABz@Bf@Dp@Ap@Kr@c@v@_A~@mB\q@Vg@Cm@??^w@ZHq@tAEDWf@]p@_AlBw@~@s@b@q@Jq@@g@E{@CkACQ@ARGV?f@	Click to Generate
S2	20	1			3	Well Pharmacy (S2)	Gleadless Medical Centre (S2)	Pizza City (S2)	2040	1530	a}sdIt~yG??AL?F?BHRKLKLMJiB`BQNUT??KNILSZOXCDGHADOZA@CFGHMRKPKRADHNZl@??[m@IOMVCFITEHCLKIGGEGGGQKMIm@YIAFu@HsA?IBe@@OEQMIK?a@NK@KEGKGOAS?C?WJo@@KPy@Py@H]@GLm@VqADSBKJw@@IAUCQIMICEAQHYTSRQRGDGFIBEA[EBc@J{AFeAF_A@[B[By@@WfATB_@C^gAUAVCx@Ev@G~@GdAKzACb@Gz@?FIfAGt@E`@Kz@EZEXG\Sz@Qv@Wx@Od@MXGNMXSd@EHGHMVHR@BBBHDJ?F?FC`B]r@On@OVGFAF?F?F?PD`@LH@l@XLHPJRAFAH?DCHCBGLW@EJSJQLSFIBG@AN[@EFIBENYR[HMJOTUPOhBaBLKJMJMIS?C?G@M??	Click to Generate
S2	15	1			3	Another Level (S2)	Alam Hill Books (S2)	Boots (S2)	1435	1076	gktdIzh_HHDNHFFJHNLFHFDHHZZj@b@@@ELg@s@[[IIGEGIOMKIGGOIKE]Q{@]BUXq@Vk@DKj@wAxAiDdC}FHLpAvBiC`GiA~C_@hAY~@K^NLFHFDHHZZl@d@X\dAhANPJJEJCFILCHEJKh@ITGXIA??AAAAEICEAEUg@BqAD@T^CjAEJ@DHN@@@@??H@FYAQDq@BKBQJS[]{@iAMQg@s@[[IIGEGIOMKIGGOIIE	Click to Generate
S2	30	1			3	Newfield Green Clinic (S2)	Newfield Green Dental Surgery (S2)	Pizza City (S2)	2422	1816	g~sdIrazGaBxAQNUTKNILSZOXKSGK??FJJRCDGHADOZA@CFGHMRKPKRADMVCFITEHCLKIGGEGGGQKMIm@YIAFu@HsA?Ic@Gb@F?HIrAGt@H@l@XLHPJRAD?@AH?DCHCBGLW@EJSJQLSFIBG@AN[@EFIBEKSGKFJJRCDGHADOZA@CFGHMRKPKRADMVCFITEHCLKIGGEGGGQKMIm@YIAFu@HsA?IBe@@OEQMIK?a@NK@KEGKGOAS?C?WJo@@KPy@Py@H]@GLm@VqADSBKJw@@IAUCQIMICEAQHYTSRQRGDGFIBEA[EBc@J{AFeAF_A@[B[By@@WfATB_@C^gAUAVCx@Ev@G~@GdAKzACb@Gz@?FIfAGt@E`@Kz@EZEXG\Sz@Qv@Wx@Od@MXGNMXSd@EHGHMVHR@BBBHDJ?F?FC`B]r@On@OVGFAF?F?F?PD`@LH@l@XLHPJRAFAH?DCHCBGLW@EJSJQLSFIBG@AN[@EFIBENYR[HMJOTUPO`ByA	Click to Generate
S2	60	1			3	Path near the Cholera Monument, Sheffield (S2)	Path up to the Cholera Monument, Sheffield (S2)	Sheffield Inclusion Centre (S2)	6939	5204	c|wdI`f|Gb@GB`@AF?BABABABC@A@}B^G@EBEDABGJc@c@EC_A_ACCuAuA{@y@SQg@g@IKGMvAaDjAlBIZADAF?D?\?z@?F@DBFBFCGCGAE?G?{@?]?E@G@EH[??kAmBwA`DFLHJf@f@RPz@x@tAtABB~@~@DBb@b@FK@CDEDCFAfAQt@M@ABA@C@C@C?C@GCa@c@Fb@GB`@AF?BABABABC@A@}B^G@EBEDABGJc@c@EC_A_ACCuAuA{@y@SQg@g@IKGMCECICImAqEWcAW}@Su@EQCKEKQu@y@}CMi@Kc@HIHKNO`AeANS`AeANSDEFE`@e@dCgDLSXe@JSP_@h@yAzAqEJWhHaTBKBITo@b@sAf@sAL]P]b@}@`@u@d@s@DGFINOTUZ]fBeBRS^]BADEFG~BuBrFgFDEFEzCuCv@u@|@_ARQDEDEx@u@^]nAqA\m@~@cBf@aA^m@`@u@h@_AFMDIP[HMDIDKDEb@w@HKd@{@jBkDj@cABFBFj@lAVj@d@`ATf@Tf@@Bl@rAb@~@FL`@~@b@hARl@?BN`@UTu@t@qBjBw@v@eAbAcA~@I[Ke@GUw@_DCGIUOEIAGA?S?O?KCQKc@e@{AIUCGMc@KKGGIGCCEAK?i@~@a@t@_@l@g@`A_AbB]l@oApA_@\y@t@EDEDSP}@~@w@t@{CtCGDEDsFfF_CtBGFEDC@_@\SRgBdB[\UTAj@?JGnCE|BEtBKtFKxFAPCfAAx@An@Aj@U@C@A@CDgElMiBjEKVYn@ABm@vAmCjGCDuA|CuAdDGLwA`DFLHJf@f@RPz@x@tAtABB~@~@DBb@b@FK@CDEDCFA|B_@@ABA@C@C@C?C@GCa@c@F	Click to Generate
S2	60	1			3	Path up to the Cholera Monument, Sheffield (S2)	Substantial Victorian houses in Norfolk Road (S2)	Sheffield Inclusion Centre (S2)	5721	4291	c|wdI`f|Gb@GB`@AF?BABABABC@A@u@LgAPG@EBEDABGJc@c@EC_A_ACCuAuA{@y@SQg@g@IKGMvAaDFMn@}Ad@gAtA}CBElCkGl@wA@CXo@JWhBkEfEmMBE@ABATA@k@@o@@y@BgA@QJyFJuFDuBD}BFoC?K@k@TUZ]fBeBRS^]BADEFG~BuBrFgFDEFEzCuCv@u@|@_ARQDEDEx@u@^]nAqA\m@~@cBf@aA^m@`@u@h@_AFMDIP[HMDIDKDEb@w@HKd@{@jBkDj@cABFBFj@lAVj@d@`ATf@Tf@@Bl@rAb@~@FL`@~@b@hARl@?BN`@UTu@t@qBjBw@v@eAbAcA~@I[Ke@GUw@_DCGIUOEIAGA?S?O?KCQKc@e@{AIUCGMc@KKGGIGCCEAK?i@~@a@t@_@l@g@`A_AbB]l@oApA_@\y@t@EDEDSP}@~@w@t@{CtCGDEDsFfF_CtBGFEDC@_@\SRgBdB[\UTAj@?JGnCE|BEtBKtFKxFAPCfAAx@An@Aj@U@C@A@CDgElMiBjEKVYn@ABm@vAmCjGCDuA|CuAdDGLwA`DFLHJf@f@RPz@x@tAtABB~@~@DBb@b@FK@CDEDCFA|B_@@ABA@C@C@C?C@GCa@c@F	Click to Generate
S2	20	1			3	East Bank Medical Centre (S2)	The Spires Centre (S2)	Springs Leisure Centre (S2)	1846	1384	kytdI|wwG??DPDV?\IRGLSH@`@B^BbAFrALCH?ZGNCb@Er@I`@G?YEqAC_@mANlAOHpB?XDAl@Ir@KI}@Gy@Em@AICe@C_@Ca@Cg@Ag@Ci@A]?_@AS?KAU?y@?q@?_A?e@@]@e@Bg@BW@]Dm@FaABi@Bc@D}@Bu@D}A@}@?G?Y?]?K?_@?]AQASCYF?FDP\N^WNQH?^?J?\?X?FA|@E|ACt@E|@Cb@Ch@G`AEl@A\CVCf@Ad@A\?d@?~@?N?`@?x@@T?J@R?^p@IJC~@Sx@ODE?G??Cu@UBe@nA_ARKBq@H@\Bh@@f@Bf@yARoBXOBQ@EWEQ??	Click to Generate
S2	30	1			3	Porcelanosa (S2)	Meersbrook Park Church (S2)	Virgin Crucible (S2)	2946	2210	wctdIjw_HEIACE]FYAQDq@BKBQJS[]{@iAMQGRENADECUK_@QGC@Y?G@IDUDQZZl@d@X\dAhANPJJPRPTRZ@BBDDHN^LZZ`A[k@KQIQOUOWWa@EGW[QQ[]{@iAMQg@s@[[IIGEGIOMKIGGOIKEA\GnAKnCALCJEFYn@CD?DAD?B?D@D@DXj@fAzBLZFTDRF`@@^E@C@A?C@EBCDe@p@EDCDCBGFIFEBSFSkCCYCUCOIQIWM]Zk@[j@L\HVHPBNBTVdDOBa@DE?KJIFCBIFEACACCCAAGGQCIEMAGEKEOISQk@]u@oAeDg@kAeAgCi@oAMc@Y_ACMCICCEIEGEGGEa@UaAm@kBiAmAs@MIIIGGIIGMEIOc@EKAKCME]K}@Gc@Ks@ASEc@Ce@T@B?H?XAFAF?REZ?b@Av@A\?V?J@H@D@B@JDHDHHTRTTX\PTPTZd@`@n@f@t@f@t@HLFFDHLNDFBBVXLLFDXPNJNHPLTH\Pd@PHBFBZLz@\\PJDNHFFJHNLFHFDHHZZl@d@X\dAhANPJJEJCFILCHEJKh@ITGXD\@BDH	Click to Generate
S2	45	1			3	Boots (S2)	Broadfield Park (S2)	Virgin Crucible (S2)	3525	2644	wftdI`c`HKR^|@FNRd@g@z@IQmA{Cw@qBEDCDCBGFIFEBSFOBa@DE?KJIFCBIFEACACCCAAGGQCIEMAGEKEOISQk@]u@oAeDg@kAeAgCi@oAMc@Y_ACMCICCEIEGEGGEa@UaAm@kBiAmAs@MIIIGGIIGMEIOc@EKAKCME]K}@Gc@Ks@ASEc@Ce@T@B?H?XAFAF?REZ?b@Av@A\?V?J@H@D@B@JDHDHHTRTTX\PTPTZd@`@n@f@t@f@t@HLFFDHLNDFBBVXLLFDXPNJNHPLTH\Pd@PHBFBZLz@\\PJDNHFFJHNLFHFDHHZZl@d@X\dAhANPJJEJCFILCHEJKh@ITGXIA??AAAAEICEAEUg@BqAD@T^CjAEJ@DHN@@@@??H@FYAQDq@BKBQJS[]{@iAMQg@s@[[IIGEGIOMKIGGOIKEA\GnAKnCALCJEFYn@CD?DAD?B?D@D@DXj@fAzBLZFTDRF`@@^E@C@A?C@EBCDe@p@EDCDCBGFIFEBSFOBa@DE?KJIFCBIF?R@R?JEh@A^Ab@?@EpA?HAHCHAHAFIVEJCHKVKUISCKGMEMCKCMIi@ESESEOGSc@w@GGC[BEHENIPI`@QDC\MJCFCHCDAD?R?P?F?PBD?`@ENCWeDCUCOIQIWM]Zk@[j@L\HVHPBNBTBXRjCRGDCHGFGBCBEDEv@pBlAzCHPf@{@Se@GO_@}@JS	Click to Generate
S2	20	1			3	Boots (S2)	Alam Hill Books (S2)	Meersbrook Park Church (S2)	1675	1256	ihtdIlk_HTRl@d@X\dAhANPJJEJCFILCHEJKh@ITGXIA??AAAAEICEAEUg@BqAD@T^CjAEJ@DHN@@@@??H@FYAQDq@BKBQJS[]{@iAMQg@s@[[IIGEGIOMKIGGOIKE]Q{@]BUXq@Vk@DKj@wAxAiDdC}FHLpAvBiC`GiA~C_@hAY~@K^NLFHFDHHZZl@d@X\dAhANPJJPRPTRZ@BBDDHN^LZZ`A[k@KQIQOUOWWa@EGW[QQ[]{@iAMQg@s@US	Click to Generate
S2	20	1			3	Temple Park Centre (S2)	Manor Park Medical Centre (S2)	Castle View Park (S2)	1839	1379	exwdIhkvGDIF[?SA[Gc@CINWs@aBsAkCEDK@GCGICMAM@M@GDIFEFAHBDHx@gAZc@TSVMRGF?ARGV?p@?I?g@FW@SG?SFWLUR[b@y@fADJ@L?FCLEJEDK@GCGICMAM@M@GDIFEFA??HBDHDJ@L?FCLEJrAjCr@`Bl@bBJSh@{@NUHEHAL?jBb@jA`@zBp@^Lp@T|Ah@l@^Zb@Pb@BH@DHd@Dr@A`AKv@ENe@jAe@aAQUyDq@WGaAOq@a@QSUe@KOa@n@mBxCoAyCoAyCZi@IOLU	Click to Generate
S2	45	1			3	Bronze & Polished (S2)	Sheffield Inclusion Centre (S2)	Leaves (S2)	3066	2300	kyudIthwGrAaCLYRYBCDINUNYJORa@~AwC`ByC|A}C@DHNf@bALZBFPh@Lb@?BH\Jt@Hv@Dh@@JIJMRQ^]r@m@nA@TPvBNjCHhBFjAD|ADlAB~@G?I@MHo@l@k@h@k@h@gAdAa@^WTUTu@t@qBjBw@v@eAbAcA~@I[Ke@GUw@_DCGIUOEIAGA?S?O?KCQKc@e@{AIUCGMc@EQCE?EAGAG?CAI?I@I?I@E@CDIDKDEb@w@HKd@{@jBkDj@cA\q@l@mAvAgCACKSaAuBaA{BK]ESAIGYGk@Cm@Cy@?UF?f@IXEXEr@St@Uj@_@v@_@z@w@FGbAoAHKpBvC??qBwCIJcAnAGF{@v@w@^k@^u@Ts@RYDYDg@HG??TBx@Bl@Fj@FX@HDRJ\`AzB`AtBJR@BsA`C	Click to Generate
S2	15	1			3	Springs Leisure Centre (S2)	The Co-operative Food (S2)	East Bank Medical Centre (S2)	1218	914	crtdIhmwG?`@?x@@T?J@R?^p@IJC~@Sx@ODE?G??Cu@UBe@nA_ARKBq@H@\Bh@@f@Bf@yARoBXOBQ@EWEQ??KKWCGDIHELERAXDVJTLFH@@`@B^BbAFrALCH?ZGNCb@Er@I`@G?YEqAC_@mANlAOHpB?XDAl@Ir@KI}@Gy@Em@AICe@C_@Ca@Cg@Ag@Ci@A]?_@AS?KAU?y@?a@	Click to Generate
S2	15	1			3	International Automatic Cars (S2)	Boots (S2)	Meersbrook Park Church (S2)	1408	1056	wetdI~i_H{AaBY~@K^KIGGOIKE]Q{@]BUXq@Vk@DKPXVd@H@t@aBu@`BIACES_@QYEJWj@Yp@CTz@\\PJDNHFFJHNLFHFDHHZZl@d@X\dAhANPJJEJCFILCHEJKh@ITGXIA??AAAAEICEAEUg@BqAD@T^CjAEJ@DHN@@@@??H@FYAQDq@BKBQJSNMJJPRPTRZ@BBDDHN^LZZ`A[k@KQIQOUOWWa@EGW[QQ[]{@iAMQg@s@[[IIGEGIOMJ_@X_AzA`B	Click to Generate
S2	20	1			3	MJ Dressmaker & Designer (S2)	Broadfield Park (S2)	Virgin Crucible (S2)	1965	1474	qptdIzp`HDe@JHRPRNDDNJ\T\XRPQr@CFAFWtA[zAERMj@AD?B?B?D@B@BJFr@d@FDFDl@wCBONu@XwAQWIKKMKKKKMK??SQ]Y]UOKEESOSQKICCGGCEEIEIEGKUISCKGMEMCKCMIi@ESESEOGSc@w@GGC[BEHENIPI`@QDC\MJCFCHCDAD?R?@NBJ@F?R@R?JEh@A^Ab@?@EpA?HAHCHAHAFIVEJCHKVKUISCKGMEMCKCMIi@ESESEOGSc@w@GGC[BEHENIPI`@QDC\MJCFCHCDAD?R?P?F?PBD?`@ENCSkCCYCUCOIQIWM]Zk@[j@L\HVHPBNBTVdDOBa@DE?KJIFCBIF?R@R?JEh@A^Ad@EpA?`A?f@?L?P?JBVRPRNDDNJ\TPcA@I`@wB@GAFa@vBAHQbA]UOKEESOSQKIEd@	Click to Generate
S2	20	1			3	Broadfield Park (S2)	Virgin Crucible (S2)	The Hardy Pick (S2)	1729	1297	untdIbq`HAASOSQKICCGGCEEIEIEGKUISCKGMEMCKCMIi@ESESEOGSc@w@GGC[BEHENIPI`@QDC\MJCFCHCDAD?R?@NBJ@F?R@R?JEh@A^Ab@?@EpA?HAHCHAHAFIVEJCHKVKUISCKGMEMCKCMIi@ESESEOGSc@w@GGC[BEHENIPI`@QDC\MJCFCHCDAD?R?P?F?PBD?`@ENCWeDCUCOIQIWM]Zk@[j@L\HVHPBNBTBXRjCRGDCHGFGBCBEDEv@pBlAzCHPf@{@Se@GO_@}@JSV_@c@r@^|@FNRd@g@z@IQmA{Cw@qBEDCDCBGFIFEBSFOBa@DE?KJIFCBIF?R@R?JEh@A^Ad@EpA?`A?f@?L?P?JBVRPRN@@	Click to Generate
S2	30	1			3	Kwik Fit (S2)	Leaves (S2)	Windy House Lane Pocket Park (S2)	2300	1725	gsudIh_wGCD_@p@OXOTEHCBSXMXwAfCm@lA]p@k@bAkBjDe@z@CEEIk@mAj@lADHBDd@{@jBkDj@cA\q@l@mAdAkBP[ACKSaAuBaA{BK]ESAIGYGk@Cm@Cy@?UF?f@IXEXEr@St@Uj@_@v@_@z@w@FGbAoAHKpBvC??qBwCm@q@A?u@y@{A}AOOELCFCBg@^AGGW??FV@Ff@_@BCBGDMNNzA|At@x@@?l@p@IJcAnAGF{@v@w@^k@^u@Ts@RYDYDg@HG??TBx@Bl@Fj@FX@HDRJ\`AzB`AtBJR@BLYRYBCDINUNY^q@BE	Click to Generate
S2	20	1			3	Temple Park Centre (S2)	Manor Park Medical Centre (S2)	Castle View Park (S2)	1839	1379	axwdItgvG?ECINWs@aBsAkCEDK@GCGICMAM@M@GDIFEFAHBDHx@gAZc@TSVMRGF?ARGV?p@?I?g@FW@SG?SFWLUR[b@y@fADJ@L?FCLEJEDK@GCGICMAM@M@GDIFEFA??HBDHDJ@L?FCLEJrAjCr@`Bl@bBJSh@{@NUHEHAL?jBb@jA`@zBp@^Lp@T|Ah@l@^Zb@Pb@BH@DHd@Dr@A`AKv@ENe@jAe@aAQUyDq@WGaAOq@a@QSUe@KOa@n@mBxCoAyCoAyCZi@IOR_@F[?SA[G]	Click to Generate
S2	45	1			3	Kingdom Hall of Jehovah's Witnesses (S2)	I Said Bread (S2)	Meersbrook Park (S2)	3633	2725	}`tdIvm~G_AvB]z@_FfLeA_BdA~AfC_GvAgD\{@tC{GE[IcFImDS@u@@EEKmIVCn@ED?F?zBO?FJtGnBKF~CxC{@rC_A`@Kz@Ad@F~Ad@T?Nt@dAnFBPDZRjDMHILMl@CXEn@@pA?fD?V?^CRo@tDMdAIv@KA_@DuDb@HmA??IlAEHMrBGxAAlABnDDtBD~@Bx@wAbAcA`AEDST{@|@c@d@kAhAMPCIQk@CKEKKe@CGGSEMW}@w@iC[_A[k@KQIQOUOWWa@EGW[QQ[]{@iAMQg@s@[[IIGEGIOMKIGGOIKE]Q{@]BUXq@Vk@DKj@wA~EgL\{@~@wB	Click to Generate
S2	45	1			3	Broadfield Park (S2)	The Hardy Pick (S2)	Boots (S2)	3409	2557	mmtdId}_HRjCOBa@DE?KJIFCBIF?R@R?JEh@A^Ab@?@EpA?HAHCHAHAFIVEJCHKVKUISCKGMEMCKCMIi@ESESEOGSc@w@GGC[BEHENIPI`@QDC\MJCFCHCDAD?R?P?F?PBD?`@ENCRGDCHGFGBCBEDEv@pBlAzCHPf@{@Se@GO_@}@JSV_@c@r@^|@FNRd@g@z@IQmA{Cw@qBEDCDCBGFIFEBSFOBa@DE?KJIFCBIFEACACCCAAGGQCIEMAGEKEOISQk@]u@oAeDg@kAeAgCi@oAMc@Y_ACMCICCEIEGEGGEa@UaAm@kBiAmAs@MIIIGGIIGMEIOc@EKAKCME]K}@Gc@Ks@ASEc@Ce@T@B?H?XAFAF?REZ?b@Av@A\?V?J@H@D@B@JDHDHHTRTTX\PTPTZd@`@n@f@t@f@t@HLFFDHLNDFBBVXLLFDXPNJNHPLTH\Pd@PHBFBZLz@\\PJDNHFFJHNLFHFDHHZZl@d@X\dAhANPJJEJCFILCHEJKh@ITGXIA??AAAAEICEAEUg@BqAD@T^CjAEJ@DHN@@@@??H@FYAQDq@BKBQJS[]{@iAMQg@s@[[IIGEGIOMKIGGOIKEA\GnAKnCALCJEFYn@CD?DAD?B?D@D@DXj@fAzBLZFTDRF`@@^E@C@A?C@EBCDe@p@EDCDCBGFIFEBSFSkC	Click to Generate
S2	30	1			3	Gleadless Medical Centre (S2)	Terry Wright Community Hall (S2)	Pizza City (S2)	2388	1791	qbtdIrezG??KNILSZOXCDGHADOZA@CFGHMRKPKRADHNZl@??[m@IO@EJSJQLSFIBG@AN[@EFIBENYR[HMJOTUPOhBaBLKJMJMIS?C?G@M??j@y@BCZi@LKH??L@H@Jg@r@QXCBa@j@KLKLMJiB`BQNUTKNILSZOXCDGHADOZA@CFGHMRKPKRADMVCFITEHCLKIGGEGGGQKMIm@YIAFu@HsA?IBe@@OEQMIK?a@NK@KEGKGOAS?C?WJo@@KPy@Py@H]@GLm@VqADSBKJw@@IAUCQIMICEAQHYTSRQRGDGFIBEA[EBc@J{AFeAF_A@[B[By@@WfATB_@C^gAUAVCx@Ev@G~@GdAKzACb@Gz@?FIfAGt@E`@Kz@EZEXG\Sz@Qv@Wx@Od@MXGNMXSd@EHGHMVHR@BBBHDJ?F?FC`B]r@On@OVGFAF?F?F?PD`@LH@l@XLHPJRAFAH?DCHCBGLW@EJSJQLSFIBG@AN[@EFIBENYR[HMJO	Click to Generate
S2	30	1			3	Singh's (S2)	Leaves (S2)	UBU (S2)	2375	1781	cwudIlevGFV@Ff@_@BCBGDM_EkEu@w@CFCFGJEDGDEBE@I@EAGAECEEGGEKIWE]?Q@QF[JWHIJGHCP@LBDDDHDNHZ@N@NAJAL?BETZ\XX~DjENNzA|At@x@@?l@p@pBvC??qBwCIJcAnAGF{@v@w@^k@^u@Ts@RYDYDg@HG??TBx@Bl@Fj@FX@HDRJ\`AzB`AtBJR@BLYRYBCDINUNY^q@BEzAqC`ByC|A}C^q@`AgB`AmBVo@Xw@L[d@y@@E@E?C@E?E?G?E?C?EAC?A?EAEAEAGCEAEEG[SmBkA_BcAsA}@UQGXS|@u@rBq@jAy@jAc@f@INCHOOELCFCBg@^AGGW	Click to Generate
S2	20	1			3	I Said Bread (S2)	74th Oak Street Scout Group (S2)	Carfield Primary School (S2)	1464	1098	o}sdIbp}Gw@FG?LxIS@u@@EEKmIVCEmCCsBAq@AKv@EJ~HF?zBO?FJtGnBKKsG?GjAKAk@@i@E_BCoBHnEAh@@j@kAJ?FJrGoBJKuG?GcAF	Click to Generate
S2	30	1			3	Sheffield Animal Centre (S2)	Highfield Motors (S2)	Diocese of Hallam Pastoral Centre (S2)	2679	2009	utzdIprvGOAGS?]@WMMe@[PmA@EF]Lq@\cAL]LFHF`AdAp@r@NFl@^d@^r@bAxFbGCn@Qd@_AhACDWb@Yz@a@`BOHK@k@EMBGFEFCPALAp@?JAHAHAHCBAFEHe@WmAo@AAKGyBmAqEiC[QOAM?KAKAQAM@SFURa@`@IHa@d@q@p@S\EDWVDNb@nBBHHd@XtAKXEGCEWZEMIQ??CFEJBHBPBR?p@Ib@_AbDXXRNDBZXJ^?^?RE~AbBPH@n@JHBZDEg@K_BAKASOmBm@sC_AaEYuAIe@CIc@oBEOK[BIBCPENEREp@q@`@e@HI`@a@TSHSL_@DGHQBGNM@CFQDQJc@He@l@cDHg@`@_CFc@Pu@^qAXZTPNLMp@G\ADQlAd@ZLLAV?\FRN@	Click to Generate
S2	20	1			3	East Bank Medical Centre (S2)	The Spires Centre (S2)	Springs Leisure Centre (S2)	1882	1412	e{tdIdxwGADERAXDVJTLFH@@`@B^BbAFrALCH?ZGNCb@Er@I`@G?YEqAC_@mANlAOHpB?XDAl@Ir@KI}@Gy@Em@AICe@C_@Ca@Cg@Ag@Ci@A]?_@AS?KAU?y@?q@?_A?e@@]@e@Bg@BW@]Dm@FaABi@Bc@D}@Bu@D}A@}@?G?Y?]?K?_@?]AQASCYF?FDP\N^WNQH?^?J?\?X?FA|@E|ACt@E|@Cb@Ch@G`AEl@A\CVCf@Ad@A\?d@?~@?N?`@?x@@T?J@R?^p@IJC~@Sx@ODE?G??Cu@UBe@nA_ARKBq@H@\Bh@@f@Bf@yARoBXOBQ@EWEQKKWCGDIHCF	Click to Generate
S2	30	1			3	Nether Edge Primary School (S2)	Broadfield Park (S2)	Virgin Crucible (S2)	2342	1756	{wtdIfkaHF[TkANq@`@_CFc@d@uE^aEL_BFi@BM?EBG@EN]DFDHDHBDFFBBJHRPRNDDNJ\T\XRPQr@CFAFUhAAJ[zAERMj@AD?B?B?D@B@BJFr@d@FDFDl@wCBONu@XwAQWIKKMKKKKMKSQ]Y]UOKEESOSQKICCGGCEEIEIEGKUISCKGMEMCKCMIi@ESESEOGSc@w@GGC[BEHENIPI`@QDC\MJCFCHCDAD?R?@NBJ@F?R@R?JEh@A^Ab@?@EpA?HAHCHAHAFIVEJCHKVKUISCKGMEMCKCMIi@ESESEOGSc@w@GGC[BEHENIPI`@QDC\MJCFCHCDAD?R?P?F?PBD?`@ENCSkCCYCUCOIQIWM]Zk@[j@L\HVHPBNBTVdDOBa@DE?KJIFCBIF?R@R?JEh@A^Ad@EpA?HAHCHAHAFIVEJCHKVO\ADCF?DCLGh@M~A_@`Ee@tEGb@a@~BOp@UjAGZ	Click to Generate
S2	30	1			3	Windy House Lane Pocket Park (S2)	UBU (S2)	Leaves (S2)	2455	1841	_~udIv`vGCyAI@EAGAECEEGGEKIWE]?Q@QF[JWHIJGHCP@LBDDDHDNHZ@N@NAJAL?BETt@v@~DjEELCFCBg@^AGGW??FV@Ff@_@BCBGDMNNzA|At@x@@?l@p@IJcAnAGF{@v@w@^k@^u@Ts@RYDYDg@HG??TBx@Bl@Fj@FX@HDRJ\`AzB`AtBJR@BLYRYBCDINUNY^q@BEzAqC`ByC|A}C^q@`AgB`AmBVo@Xw@L[d@y@@E@E?C@E?E?G?E?C?EAC?A?EAEAEAGCEAEEG[SmBkAGT]xAENa@jAq@|ASb@Q\_@r@q@z@pBvC??qBwCm@q@A?u@y@{A}AOO_EkEu@w@CFCFGJEDGDEBE@BxA	Click to Generate
S2	45	1			3	Gleadless Medical Centre (S2)	Pizza City (S2)	Arbourthorne Community Primary School (S2)	3283	2462	gbtdIp~yGh@iABCTe@f@aAP]h@eAHKLKBCTAF@JFHLHRDX@\?Z@RA\?H?J?L@H@Jg@r@QXCBa@j@KLKLMJiB`BQNUTKNILSZOXCDGHADOZA@CFGHMRKPKRADHNZl@??[m@IOMVCFITEHCLKIGGEGGGQKMIm@YIAFu@HsA?IBe@@OEQMIK?a@NK@KEGKGOAS?C?WJo@@KPy@Py@H]@GLm@VqADSBKJw@@IAUCQIMICEAQHYTSRQRGDGFIBEA[EBc@J{AFeAF_A@[B[By@@WBw@@m@Bo@@i@@g@@e@?G?M?O@c@G@MFa@Po@\aAj@a@VSLYPiBpAg@\e@\}@r@y@n@EBPbBJ|@D^Lr@Lp@BLFXDJJKHGFADDDJBFFFBAtAy@??uAx@C@GGCGEKEEG@IFKJFRJ\BDFNLZNRPZZ^LJJHRRNJh@b@h@\j@\TL^RSz@Qv@Wx@Od@MXGNMXSd@EHGHMVHR@BBBHDJ?F?FC`B]r@On@OVGFAF?F?F?PD`@LH@l@XLHPJRAFAH?DCHCBGLW@EJSJQLSFIBG@AN[@EFIBENYR[HMJOTUPOhBaBLKJMJM`@k@BCPYf@s@AKAI?M?K?I@]AS?[A]EYISIMKGGAU@CBMJIJi@dAQ\g@`AUd@CBi@hA	Click to Generate
S2	20	1			3	Wobbly Wheel Cyclery (S2)	Meersbrook Service Station (S2)	I Said Bread (S2)	2057	1543	oatdInh}GBrBDlCn@ED?F?v@GbAG?FJtGnBKKsG?GOqKCK@_@@WAIAIoGeAa@GDWEkAAOHmBN}@RyAFUJ]hB\~Bb@rBjFQDqDo@qEw@IlBFzAEV`@FZ`CFfCJ~HLxIS@u@@EEKmIVCEmCCsB	Click to Generate
S2	45	1			3	The Hardy Pick (S2)	Virgin Crucible (S2)	Boots (S2)	3743	2807	yltdIbq`HId@]UOKEESOSQKICCGGCEEIEIEGKUISCKGMEMCKCMIi@ESESEOGSc@w@GGC[BEHENIPI`@QDC\MJCFCHCDAD?R?P?F?PBD?`@ENCRGDCHGFGBCBEDEv@pBlAzCHPf@{@Se@GO_@}@JSV_@c@r@^|@FNRd@g@z@IQmA{Cw@qBEDCDCBGFIFEBSFSkCCYCUCOIQIWM]Zk@[j@L\HVHPBNBTVdDOBa@DE?KJIFCBIFEACACCCAAGGQCIEMAGEKEOISQk@]u@oAeDg@kAeAgCi@oAMc@Y_ACMCICCEIEGEGGEa@UaAm@kBiAmAs@MIIIGGIIGMEIOc@EKAKCME]K}@Gc@Ks@ASEc@Ce@T@B?H?XAFAF?REZ?b@Av@A\?V?J@H@D@B@JDHDHHTRTTX\PTPTZd@`@n@f@t@f@t@HLFFDHLNDFBBVXLLFDXPNJNHPLTH\Pd@PHBFBZLz@\\PJDNHFFJHNLFHFDHHZZl@d@X\dAhANPJJEJCFILCHEJKh@ITGXIA??AAAAEICEAEUg@BqAD@T^CjAEJ@DHN@@@@??H@FYAQDq@BKBQJS[]{@iAMQg@s@[[IIGEGIOMKIGGOIKEA\GnAKnCALCJEFYn@CD?DAD?B?D@D@DXj@fAzBLZFTDRF`@@^E@C@A?C@EBCDe@p@EDCDCBGFIFEBSFOBa@DE?KJIFCBIF?R@R?JEh@A^Ad@EpA?`A?f@?L?P?JBVRPRNDDNJ\THe@	Click to Generate
S2	20	1			3	International Automatic Cars (S2)	Casa Italia (S2)	Valley Road Garage (S2)	1542	1156	ahtdIh{~GyAhDk@vAPXVd@H@t@aBu@`BIACES_@QYEJWj@Yp@CTz@\\PJDNHFFJHNLFHFDHHZZPNZTELg@s@[[IIGEGIOMJ_@X_A^iAhA_DhCaGfAeCjBgElCmGEcBmBHuBvEuAbD_AvB]z@eC|F	Click to Generate
S2	30	1			3	Leaves (S2)	Windy House Lane Pocket Park (S2)	UBU (S2)	2605	1954	ududI|gvGQXVo@Xw@L[d@y@@E@E?C@E?E?G?E?C?EAC?A?EAEAEAGCEAEEG[SmBkAGT]xAENa@jAq@|ASb@Q\_@r@q@z@pBvC??qBwCm@q@A?u@y@{A}AOOELCFCBg@^AGGW??FV@Ff@_@BCBGDMNNzA|At@x@@?l@p@IJcAnAGF{@v@w@^k@^u@Ts@RYDYDg@HG??TBx@Bl@Fj@FX@HDRJ\`AzB`AtBJR@BLYRYBCDINUNY^q@BEzAqC`ByC|A}C^q@`AgB`AmBVo@Xw@L[d@y@Ra@DIJUHOJSJQ`@_AN]FSTw@DOP_ABONYJg@DUDUBE@CBAB?B?D?D@DD^|@Tn@N\Rl@Jd@@HAd@ATCNENENGVGTEPKRi@F_@DODM@{@FWTO@]BK@GBC@IDGBIHEDEDABCBuAbC	Click to Generate
S2	30	1			3	Best Pizza (S2)	Leaves (S2)	Windy House Lane Pocket Park (S2)	2152	1614	ivudI|cwGMTwAfCm@lA]p@k@bAkBjDe@z@CEEIk@mAj@lADHBDd@{@jBkDj@cA\q@N[\q@vAgCACKSaAuBaA{BK]ESAIGYGk@Cm@Cy@?UF?f@IXEXEr@St@Uj@_@v@_@z@w@FGbAoAHKpBvC??qBwCm@q@A?u@y@{A}AOOELCFCBg@^AGGW??FV@Ff@_@BCBGDMNNzA|At@x@@?l@p@IJcAnAGF{@v@w@^k@^u@Ts@RYDYDg@HG??TBx@Bl@Fj@FX@HDRJ\`AzB`AtBJR@BLU	Click to Generate
S2	20	1			3	Ideal Hairdresser (S2)	The Hardy Pick (S2)	Virgin Crucible (S2)	1525	1144	kjtdIxt`H??KKKKMKSQ]Y]UOKEESOAAQOKICCGGCEEIEIEGKUISCKGMEMCKCMIi@ESESEOGSc@w@GGC[BEHENIPI`@QDC\MJCFCHCDAD?R?P?F?PBD?`@ENCRGDCHGFGBCBEDEv@pBlAzCHPf@{@Se@GO_@}@JSV_@c@r@^|@FNRd@g@z@IQmA{Cw@qBEDCDCBGFIFEBSFSkCCYCUCOIQIWM]Zk@[j@L\HVHPBNBTVdDOBa@DE?KJIFCBIF?R@R?JEh@A^Ad@EpA?`A?f@?L?P?JBVRPRNDDNJ\T\XRPLJJJJJ??	Click to Generate
S2	15	1			3	The Bhaji Shack (S2)	Boots (S2)	Meersbrook Park Church (S2)	1148	861	gftdIdm_H@@ELg@s@[[IIGEGIOMKIGGOIKEA\GnALBMCFoA@]@?HDNHFFJHNLFHFDHHZZl@d@X\dAhANPJJEJCFILCHEJKh@ITGXIA??AAAAEICEAEUg@BqAD@T^CjAEJ@DHN@@@@??H@FYAQDq@BKBQJSNMJJPRPTRZ@BBDDHN^LZZ`A[k@KQIQOUOWWa@EGW[QQ[]{@iAMQGRENAD?DAHAJAt@AP?R_AKECCC?C?CLaC@Y?G@IDUDQZZj@b@	Click to Generate
S2	45	1			3	Pizza City (S2)	Newfield Green Dental Surgery (S2)	Momma Katz (S2)	3524	2643	uxtdIvtyGuAx@C@GGCGEKEEG@IFKJEKGYCMMq@Ms@E_@K}@QcBDCx@o@|@s@d@]f@]hBqAXQRM`@W`Ak@n@]`@QLGFAAb@?N?L?FAd@Af@Ah@Cn@Al@Cv@AVCx@CZAZG~@GdAKzACb@Gz@?FIfAGt@E`@Kz@EZEXG\Sz@Qv@Wx@Od@MXGNMXSd@EHGHMVHR@BBBHDJ?F?FC`B]r@On@OVGFAF?F?F?PD`@LH@l@XLHPJRAD?@AH?DCHCBGLW@EJSJQLSFIBG@AN[@EFIBENYR[HMJOTUPOhBaBLKJMJM`@k@BCPYf@s@AKAI?M?K?I@]AS?[A]EYISIMKGGAU@CBMJIJi@dAQ\g@`AUd@CBcAvBA?dAwBBCTe@f@aAP]h@eAHKLKBCTAF@JFHLHRDX@\?Z@RA\?H?J?L@H@Jg@r@QXCBa@j@KLKLMJiB`BQNUTKNILSZOXCDGHADOZA@CFGHMRKPKRADMVCFITEHCLKIGGEGGGQKMIm@YIAFu@HsA?IBe@@OEQMIK?a@NK@KEGKGOAS?C?WJo@@KPy@Py@H]@GLm@VqADSBKJw@@IAUCQIMICEAQHYTSRQRGDGFIBEA[EGz@?FIfAGt@E`@Kz@EZEXG\_@SUMk@]i@]i@c@OKSSKIMK[_@Q[OSM[GOCEK]GSJKHGFADDDJBFFFBAtAy@	Click to Generate
S2	20	1			3	East Bank Medical Centre (S2)	The Spires Centre (S2)	Springs Leisure Centre (S2)	1882	1412	}ztdIxwwGCBELERAXDVJTLFH@@`@B^BbAFrALCH?ZGNCb@Er@I`@G?YEqAC_@mANlAOHpB?XDAl@Ir@KI}@Gy@Em@AICe@C_@Ca@Cg@Ag@Ci@A]?_@AS?KAU?y@?q@?_A?e@@]@e@Bg@BW@]Dm@FaABi@Bc@D}@Bu@D}A@}@?G?Y?]?K?_@?]AQASCYF?FDP\N^WNQH?^?J?\?X?FA|@E|ACt@E|@Cb@Ch@G`AEl@A\CVCf@Ad@A\?d@?~@?N?`@?x@@T?J@R?^p@IJC~@Sx@ODE?G??Cu@UBe@nA_ARKBq@H@\Bh@@f@Bf@yARoBXOBQ@EWEQKKWCGDED	Click to Generate
S2	60	1			3	St Swithun (S2)	No.1 Chinese Takeaway (S2)	Windy House Lane Pocket Park (S2)	4617	3463	gnvdIphuG]n@Yo@Zq@Zq@Qa@CCCG\w@f@iABG?ABOTL`DvAHB@IBGBEDAF@BB@BBF@F?FAFADFDb@Vl@`@^XLLHJTb@Ph@Jj@FpAD~BL`E?RP@LBDDDHDNHZ@N@NAJAL?BETCFCFGJEDGDEBE@I@EAGAECEEGGEKIWE]a@JcB^_ATYHJkDd@oCBKeBkBaAeAEEGIGLKJEDMFa@@S@UBUH}@f@k@d@MJa@\e@n@i@t@OTaAlBe@z@e@x@SLUHQ?SEOGOGWOECeCwAiBcAa@a@U[S]GI~@mB\q@Vg@Cm@LWP_@ZHFM\o@NYv@{A`BkDfB_DFIHOb@}@NWx@{AFOBEDGTe@jAaCnA}BpAmCNWN[Zk@dCQb@E`@?T?V@D@dAVx@d@f@\DDLLVZT^`@r@Xl@Xr@Nh@Hd@H^Hb@Fh@Fl@BN?HDp@\xDVpC?JDf@Hz@J`AFf@Jf@Jh@^rABJFRZt@\r@FJb@j@b@d@lAx@Ob@GXS|@u@rBq@jAy@jAc@f@INCHOOELCFCBg@^AGGW??FV@Ff@_@BCBGDM_EkEu@w@CFCFGJEDGDEBE@I@EAGAECEEGGEKIWE]?Q@QF[JWHIJGHC?SMaEE_CGqAKk@Qi@Uc@IKMM_@Ym@a@c@WGEAFEBC@E?ECCCCG?I?IICaDwAUMCN?@CFg@hA]v@BFBBP`@[p@[p@Xn@\o@	Click to Generate
S2	20	1			3	Jaan Kebab House (S2)	The Hardy Pick (S2)	Virgin Crucible (S2)	1516	1137	qjtdIrt`HEEKKMKSQ]Y]UOKEESOGGKIKICCGGCEEIEIEGKUISCKGMEMCKCMIi@ESESEOGSc@w@GGC[BEHENIPI`@QDC\MJCFCHCDAD?R?P?F?PBD?`@ENCRGDCHGFGBCBEDEv@pBlAzCHPf@{@Se@GO_@}@JSV_@c@r@^|@FNRd@g@z@IQmA{Cw@qBEDCDCBGFIFEBSFSkCCYCUCOIQIWM]Zk@[j@L\HVHPBNBTVdDOBa@DE?KJIFCBIF?R@R?JEh@A^Ad@EpA?`A?f@?L?P?JBVRPRNDDNJ\T\XRPLJJJDD	Click to Generate
S2	20	1			3	Leaves (S2)	Windy House Lane Pocket Park (S2)	UBU (S2)	1867	1400	geudIzhvG?CVo@Xw@L[d@y@@E@E?C@E?E?G?E?C?EAC?A?EAEAEAGCEAEEG[SmBkAGT]xAENa@jAq@|ASb@Q\_@r@q@z@pBvC??qBwCm@q@A?u@y@{A}AOOELCFCBg@^AGGW??FV@Ff@_@BCBGDMNNzA|At@x@@?l@p@IJcAnAGF{@v@w@^k@^u@Ts@RYDYDg@HG??TBx@Bl@Fj@FX@HDRJ\`AzB`AtBJR@BLYRYBCDINUNY^q@BEzAqC`ByC|A}C^q@`AgB`AiB	Click to Generate
S2	30	1			3	Nether Edge Primary School (S2)	Broadfield Park (S2)	Virgin Crucible (S2)	2491	1868	_ztdIfqaHDQBKL_@J]BKFWPw@Hc@TkANq@`@_CFc@d@uE^aEL_BFi@BM?EBG@EN]DFDHDHBDFFBBJHRPRNDDNJ\T\XRPQr@CFAFUhAAJ[zAERMj@AD?B?B?D@B@BJFr@d@FDFDl@wCBONu@XwAQWIKKMKKKKMKSQ]Y]UOKEESOSQKICCGGCEEIEIEGKUISCKGMEMCKCMIi@ESESEOGSc@w@GGC[BEHENIPI`@QDC\MJCFCHCDAD?R?@NBJ@F?R@R?JEh@A^Ab@?@EpA?HAHCHAHAFIVEJCHKVKUISCKGMEMCKCMIi@ESESEOGSc@w@GGC[BEHENIPI`@QDC\MJCFCHCDAD?R?P?F?PBD?`@ENCSkCCYCUCOIQIWM]Zk@[j@L\HVHPBNBTVdDOBa@DE?KJIFCBIF?R@R?JEh@A^Ad@EpA?HAHCHAHAFIVEJCHKVO\ADCF?DCLGh@M~A_@`Ee@tEGb@a@~BOp@UjAIb@Qv@GVCJK\M^CJEP	Click to Generate
S2	30	1			3	Alberts (S2)	Sheffield Inclusion Centre (S2)	Leaves (S2)	2749	2062	mzudIljwG\q@vAgCLYRYBCDINUNY@DBDFPXf@?JKRE@Ym@ESCGACOTEHCBSX?BMTwAfCm@lA]p@BFBFj@lAVj@d@`ATf@Tf@@Bl@rAb@~@FL`@~@b@hARl@?BN`@UTu@t@qBjBw@v@eAbAcA~@I[Ke@GUw@_DCGIUOEIAGA?S?O?KCQKc@e@{AIUCGMc@EQCE?EAGAG?CAI?I@I?I@E@CDIDKDEb@w@HKd@{@jBkDj@cA\q@l@mAvAgCACKSaAuBaA{BK]ESAIGYGk@Cm@Cy@?UF?f@IXEXEr@St@Uj@_@v@_@z@w@FGbAoAHKpBvC??qBwCIJcAnAGF{@v@w@^k@^u@Ts@RYDYDg@HG??TBx@Bl@Fj@FX@HDRJ\`AzB`AtBJR@BwAfC]p@	Click to Generate
S2	45	1			3	Boots (S2)	Virgin Crucible (S2)	Meersbrook Park Church (S2)	3132	2349	citdInn_HBU@Y?G@IDUDQZZl@d@X\dAhANPJJEJCFILCHEJKh@ITGXIA??AAAAEICEAEUg@BqAD@T^CjAEJ@DHN@@@@??H@FYAQDq@BKBQJS[]{@iAMQg@s@[[IIGEGIOMKIGGOIKEA\GnAKnCALCJEFYn@CD?DAD?B?D@D@DXj@fAzBLZFTDRF`@@^E@C@A?C@EBCDe@p@EDCDCBGFIFEBSFSkCCYCUCOIQIWM]Zk@[j@L\HVHPBNBTVdDOBa@DE?KJIFCBIFEACACCCAAGGQCIEMAGEKEOISQk@]u@oAeDg@kAeAgCi@oAMc@Y_ACMCICCEIEGEGGEa@UaAm@kBiAmAs@MIIIGGIIGMEIOc@EKAKCME]K}@Gc@Ks@ASEc@Ce@T@B?H?XAFAF?REZ?b@Av@A\?V?J@H@D@B@JDHDHHTRTTX\PTPTZd@`@n@f@t@f@t@HLFFDHLNDFBBVXLLFDXPNJNHPLTH\Pd@PHBFBZLz@\\PJDNHFFJHNLFHFDHHZZl@d@X\dAhANPJJPRPTRZ@BBDDHN^LZZ`A[k@KQIQOUOWWa@EGW[QQ[]{@iAMQGRENAD?DAHAJAt@AP?R_AKECCC?C?CHkB	Click to Generate
S2	30	1			3	The Hardy Pick (S2)	Another Level (S2)	Meersbrook Park Church (S2)	2851	2138	ydtdInu_HDH@@@@??H@FYAQDq@BKBQJS[]{@iAMQg@s@[[IIGEGIOMKIGGOIKEA\GnAKnCALCJEFYn@CD?DAD?B?D@D@DXj@fAzBLZFTDRF`@@^E@C@A?C@EBCDe@p@v@pBlAzCHPf@{@Se@GO_@}@JSV_@c@r@^|@FNRd@g@z@IQmA{Cw@qBEDCDCBGFIFEBSFOBa@DE?KJIFCBIFEACACCCAAGGQCIEMAGEKEOISQk@]u@oAeDg@kAeAgCi@oAMc@Y_ACMCICCEIEGEGGEa@UaAm@kBiAmAs@MIIIGGIIGMEIOc@EKAKCME]K}@Gc@Ks@ASEc@Ce@T@B?H?XAFAF?REZ?b@Av@A\?V?J@H@D@B@JDHDHHTRTTX\PTPTZd@`@n@f@t@f@t@HLFFDHLNDFBBVXLLFDXPNJNHPLTH\Pd@PHBFBZLz@\\PJDNHFFJHNLFHFDHHZZj@b@@@X\dAhANPJJPRPTRZ@BBDDHN^LZZ`A[k@KQIQOUOWWa@EGW[ILCHEJKh@ITGXIA??AAAAEI	Click to Generate
S2	20	1			3	Curry Master (S2)	Broadfield Park (S2)	Virgin Crucible (S2)	1969	1477	qptdI~p`HDi@JHRPRNDDNJ\T\XRPQr@CFAFWtA[zAERMj@AD?B?B?D@B@BJFr@d@FDFDl@wCBONu@XwAQWIKKMKK??KKMKSQ]Y]UOKEESOSQKICCGGCEEIEIEGKUISCKGMEMCKCMIi@ESESEOGSc@w@GGC[BEHENIPI`@QDC\MJCFCHCDAD?R?@NBJ@F?R@R?JEh@A^Ab@?@EpA?HAHCHAHAFIVEJCHKVKUISCKGMEMCKCMIi@ESESEOGSc@w@GGC[BEHENIPI`@QDC\MJCFCHCDAD?R?P?F?PBD?`@ENCSkCCYCUCOIQIWM]Zk@[j@L\HVHPBNBTVdDOBa@DE?KJIFCBIF?R@R?JEh@A^Ad@EpA?`A?f@?L?P?JBVRPRNDDNJ\TPcA@I`@wB@GAFa@vBAHQbA]UOKEESOSQKIEh@	Click to Generate
S2	20	1			3	Tuck News (S2)	Virgin Crucible (S2)	The Hardy Pick (S2)	1565	1174	}otdI|g`H?@EpA?`A?f@?L?P?JBVRPRN@@BBNJ\TPcA@I`@wB@GAFa@vBAHQbA]UOKEESOSQKICCGGCEEIEIEGKUISCKGMEMCKCMIi@ESESEOGSc@w@GGC[BEHENIPI`@QDC\MJCFCHCDAD?R?P?F?PBD?`@ENCWeDCUCOIQIWM]Zk@[j@L\HVHPBNBTBXRjCRGDCHGFGBCBEDEv@pBlAzCHPf@{@Se@GO_@}@JSV_@c@r@^|@FNRd@g@z@IQmA{Cw@qBEDCDCBGFIFEBSFOBa@DE?KJIFCBIF?R@R?JEh@A^Ab@	Click to Generate
S2	30	1			3	Caribbean Fusion (S2)	Leaves (S2)	Windy House Lane Pocket Park (S2)	2262	1696	_tudIp`wGKNOXOTEHCBSXMXwAfCm@lA]p@k@bAkBjDe@z@CEEIk@mAj@lADHBDd@{@jBkDj@cA\q@l@mAHOlAwBACKSaAuBaA{BK]ESAIGYGk@Cm@Cy@?UF?f@IXEXEr@St@Uj@_@v@_@z@w@FGbAoAHKpBvC??qBwCm@q@A?u@y@{A}AOOELCFCBg@^AGGW??FV@Ff@_@BCBGDMNNzA|At@x@@?l@p@IJcAnAGF{@v@w@^k@^u@Ts@RYDYDg@HG??TBx@Bl@Fj@FX@HDRJ\`AzB`AtBJR@BLYRYBCDINUNYJO	Click to Generate
S2	45	1			3	Virgin Crucible (S2)	The Hardy Pick (S2)	Boots (S2)	3656	2742	sntdIbq`HCASOSQKICCGGCEEIEIEGKUISCKGMEMCKCMIi@ESESEOGSc@w@GGC[BEHENIPI`@QDC\MJCFCHCDAD?R?P?F?PBD?`@ENCWeDCUCOIQIWM]Zk@[j@L\HVHPBNBTBXRjCRGDCHGFGBCBEDEv@pBlAzCHPf@{@Se@GO_@}@JSV_@c@r@^|@FNRd@g@z@IQmA{Cw@qBEDCDCBGFIFEBSFOBa@DE?KJIFCBIFEACACCCAAGGQCIEMAGEKEOISQk@]u@oAeDg@kAeAgCi@oAMc@Y_ACMCICCEIEGEGGEa@UaAm@kBiAmAs@MIIIGGIIGMEIOc@EKAKCME]K}@Gc@Ks@ASEc@Ce@T@B?H?XAFAF?REZ?b@Av@A\?V?J@H@D@B@JDHDHHTRTTX\PTPTZd@`@n@f@t@f@t@HLFFDHLNDFBBVXLLFDXPNJNHPLTH\Pd@PHBFBZLz@\\PJDNHFFJHNLFHFDHHZZl@d@X\dAhANPJJEJCFILCHEJKh@ITGXIA??AAAAEICEAEUg@BqAD@T^CjAEJ@DHN@@@@??H@FYAQDq@BKBQJS[]{@iAMQg@s@[[IIGEGIOMKIGGOIKEA\GnAKnCALCJEFYn@CD?DAD?B?D@D@DXj@fAzBLZFTDRF`@@^E@C@A?C@EBCDe@p@EDCDCBGFIFEBSFOBa@DE?KJIFCBIF?R@R?JEh@A^Ad@EpA?`A?f@?L?P?JBVRPRNB@	Click to Generate
S2	60	1			3	Pentagon Jeep (S2)	Makro (S2)	Sheffield Animal Centre (S2)	4426	3320	egydItavGK^Wt@R\^gANg@Ru@Nm@Lg@b@aBJe@Rs@f@f@XRTPn@f@k@pCGVg@zB@ZVb@XRTPNLFFTR_@hBOr@Ns@^iBUSGGOMUQYSWc@A[f@{Br@iDo@g@UQYSg@g@Sr@Kd@c@`BMf@Ol@St@Of@_@fAa@z@u@`BUf@INmAfBOTkAvAUg@O[CISc@Sa@Sa@Q_@??m@bAu@tAVZNPDFV\TXX\RVELGJy@fB]`AK\g@dBSz@UhACPQjAKx@QvAIt@Kr@CNe@xBUa@QYOQCCu@e@OIq@_@k@Wm@]_@Sc@WcAk@_@Sm@]ECKEe@WmAo@AAKGyBmAqEiC[Q[SEGGGKMEKAI?KNM@CFQDQJc@He@l@cDHg@`@_CFc@Pu@^qAXZTPNL\cAL]LFHF`AdAp@r@NFl@^d@^r@bAxFbGCn@Qd@_AhACDWb@Yz@a@`BvAv@f@X|@f@DH@PKn@a@vCj@Vp@^NHt@d@BBNPPXT`@d@yBBOJs@Hu@PwAJy@PkABQTiAR{@f@eBJ]\aAx@gBFKDMt@_AZg@jAwANUlAgBHOTg@t@aB`@{@S]Vu@J_@	Click to Generate
S2	45	1			3	Windy House Lane Pocket Park (S2)	Archdale School (S2)	UBU (S2)	3654	2740	_~udIz_vGC}@I@EAGAECEEGGEKIWE]?Q@QF[JWHIJGHCP@LBDDDHDNHZ@N@NAJAL?BETt@v@~DjEELCFCBg@^AGGW??FV@Ff@_@BCBGDM_EkEu@w@CFCFGJEDGDEBE@I@EAGAECEEGGEKIWE]?Q@QF[JWHIJGHC?SMaEE_CGqAKk@Qi@Uc@IKMM_@Ym@a@c@WGEAFEBC@E?ECCCCG?I?IICaDwAUMCN?@CFg@hA]v@BFBBP`@[p@[p@Xn@\o@??]n@Yo@Zq@Zq@Qa@CCCG\w@f@iABG?ABOTL`DvAHB@IBGBEDAF@BB@BBF@F?FAFADFDb@Vl@`@^XLLHJTb@Ph@Jj@FpAD~BL`E?RP@LBDDDHDNHZ@N@NAJAL?BETCFCFGJEDGDEBE@VnJBrADxAH|C@N?TBx@Bl@Fj@FX@HDRJ\`AzB`AtBJR@BLYRYBCDINUNY^q@BEzAqC`ByC|A}C^q@`AgB`AmBVo@Xw@L[d@y@@E@E?C@E?E?G?E?C?EAC?A?EAEAEAGCEAEEG[SmBkA_BcAsA}@UQoA_Ae@g@EIY]MLKHQB]?QKSSQPyA|AABe@f@w@v@Y\AJAL?BETCFCFGJEDGDEBE@B|@	Click to Generate
S2	20	1			3	Boots (S2)	Alam Hill Books (S2)	Meersbrook Park Church (S2)	1774	1330	gitdInh_HELK^NLFHFDHHZZl@d@X\dAhANPJJEJCFILCHEJKh@ITGXIA??AAAAEICEAEUg@BqAD@T^CjAEJ@DHN@@@@??H@FYAQDq@BKBQJS[]{@iAMQg@s@[[IIGEGIOMKIGGOIKE]Q{@]BUXq@Vk@DKj@wAxAiDdC}FHLpAvBiC`GiA~C_@hAY~@K^NLFHFDHHZZl@d@X\dAhANPJJPRPTRZ@BBDDHN^LZZ`A[k@KQIQOUOWWa@EGW[QQ[]{@iAMQg@s@[[IIGEGIOMJ_@DM	Click to Generate
S2	20	1			3	Wobbly Wheel Cyclery (S2)	74th Oak Street Scout Group (S2)	I Said Bread (S2)	1450	1088	uusdIni}GD~AAh@@j@kAJ?FJrGoBJKuG?GcAFw@FG?E?o@DEmCCsBAq@AKv@EJ~HLxIS@u@@EEKmIVCn@ED?F?zBO?FJtGnBKKsG?GjAKAk@@i@E_B	Click to Generate
S2	45	1			3	Bronze & Polished (S2)	Sheffield Inclusion Centre (S2)	Leaves (S2)	3057	2293	eyudIjhwGlAwBLYRYBCDINUNYJORa@~AwC`ByC|A}C@DHNf@bALZBFPh@Lb@?BH\Jt@Hv@Dh@@JIJMRQ^]r@m@nA@TPvBNjCHhBFjAD|ADlAB~@G?I@MHo@l@k@h@k@h@gAdAa@^WTUTu@t@qBjBw@v@eAbAcA~@I[Ke@GUw@_DCGIUOEIAGA?S?O?KCQKc@e@{AIUCGMc@EQCE?EAGAG?CAI?I@I?I@E@CDIDKDEb@w@HKd@{@jBkDj@cA\q@l@mAvAgCACKSaAuBaA{BK]ESAIGYGk@Cm@Cy@?UF?f@IXEXEr@St@Uj@_@v@_@z@w@FGbAoAHKpBvC??qBwCIJcAnAGF{@v@w@^k@^u@Ts@RYDYDg@HG??TBx@Bl@Fj@FX@HDRJ\`AzB`AtBJR@BmAvB	Click to Generate
S2	15	1			3	International Automatic Cars (S2)	Boots (S2)	Meersbrook Park Church (S2)	1437	1078	agtdIpl_HZTELg@s@[[IIGEGIOMKIGGOIKE]Q{@]BUXq@Vk@DKPXVd@H@t@aBu@`BIACES_@QYEJWj@Yp@CTz@\\PJDNHFFJHNLFHFDHHZZl@d@X\dAhANPJJEJCFILCHEJKh@ITGXIA??AAAAEICEAEUg@BqAD@T^CjAEJ@DHN@@@@??H@FYAQDq@BKBQJSNMJJPRPTRZ@BBDDHN^LZZ`A[k@KQIQOUOWWa@EGW[QQ[]{@iAMQGRENAD?DAHAJAt@AP?R_AKECCC?C?CLaC@Y?G@IDUDQZZPN	Click to Generate
S2	45	1			3	Gleadless Medical Centre (S2)	Pizza City (S2)	Arbourthorne Community Primary School (S2)	3293	2470	mbtdI|~yGn@uABCTe@f@aAP]h@eAHKLKBCTAF@JFHLHRDX@\?Z@RA\?H?J?L@H@Jg@r@QXCBa@j@KLKLMJiB`BQNUTKNILSZOXCDGHADOZA@CFGHMRKPKRADHNZl@??[m@IOMVCFITEHCLKIGGEGGGQKMIm@YIAFu@HsA?IBe@@OEQMIK?a@NK@KEGKGOAS?C?WJo@@KPy@Py@H]@GLm@VqADSBKJw@@IAUCQIMICEAQHYTSRQRGDGFIBEA[EBc@J{AFeAF_A@[B[By@@WBw@@m@Bo@@i@@g@@e@?G?M?O@c@G@MFa@Po@\aAj@a@VSLYPiBpAg@\e@\}@r@y@n@EBPbBJ|@D^Lr@Lp@BLFXDJJKHGFADDDJBFFFBAtAy@??uAx@C@GGCGEKEEG@IFKJFRJ\BDFNLZNRPZZ^LJJHRRNJh@b@h@\j@\TL^RSz@Qv@Wx@Od@MXGNMXSd@EHGHMVHR@BBBHDJ?F?FC`B]r@On@OVGFAF?F?F?PD`@LH@l@XLHPJRAFAH?DCHCBGLW@EJSJQLSFIBG@AN[@EFIBENYR[HMJOTUPOhBaBLKJMJM`@k@BCPYf@s@AKAI?M?K?I@]AS?[A]EYISIMKGGAU@CBMJIJi@dAQ\g@`AUd@CBo@tA	Click to Generate
S2	60	1			3	Kathy's Tea Room (S2)	Manor Fields (S2)	Temple Park Centre (S2)	4548	3411	uiwdIfuvGWGaAOq@a@QSUe@KOa@n@mBxCoAyCoAyCZi@IOR_@F[?SA[COCSCINWl@bBaA|A[h@nAxCnAxCKRs@jAh@bA^Vd@@BCJIRQlApChAjCd@fAYzCI~@Id@GPcAv@LjCDt@HlBLpAFb@`BaAr@g@f@YvByAd@[j@a@b@[tByAkAiHg@sCNc@`BiAdD}B??RAl@FV\R~@BNjA`HqBxAuBzAyB|AuBxAc@Zk@`@e@ZwBxAg@Xs@f@aB`AGc@MqAImBEu@MkCbAw@FQHe@H_AX{Ce@gAiAkCmAqCSPKHCBe@A_@Wi@cAr@kAJSoAyCoAyCZi@`A}Am@cBs@aBsAkCEDK@GCGICMAM@M@GDIFEFAHBDHx@gAZc@TSVMRGF?ARGV?p@?I?g@FW@SG?SFWLUR[b@y@fADJ@L?FCLEJrAjCr@`Bl@bBJSh@{@NUHEHAL?jBb@jA`@OvB]bB_@|@JNTd@PRp@`@`ANVF	Click to Generate
S2	45	1			3	Meersbrook Service Station (S2)	74th Oak Street Scout Group (S2)	Wobbly Wheel Cyclery (S2)	3223	2417	{itdIbe|GAAEAg@WUGSCQ?E@C@GBIDULCHqCvIW~@Of@K^ERADK`@GPI^A@IVCHCFKR[f@LPDFBDF@D@PDPDz@RB?`AT@?TFPB`AVl@NzBf@n@NB?^HNDZ@PGNQh@s@Tg@DWEkAAOHmBN}@RyAFUJ]hB\~Bb@rBjFQDqDo@qEw@IlBFzAEV`@FZ`CFfCw@D@J@p@BrBDlCn@ED?F?v@GbAG?FJtGnBKKsG?GOqKCK@_@@WAIAIoGeAa@GUf@i@r@OPQF[AOE_@IC?o@O{Bg@m@OaAWQCUGA?aAUC?{@SQEQEEAGACEEGMQZg@JSBGBIHW@AH_@FQJa@@EDSJ_@Ng@V_ApCwIBITMHEFCBADAP?RBTFf@VD@@@	Click to Generate
S2	20	1			3	Boots (S2)	Meersbrook Park Church (S2)	Alam Hill Books (S2)	1457	1093	sgtdI`l_Hl@d@X\dAhANPJJEJCFILCHEJKh@ITGXIA??AAAAEICEAEUg@BqAD@T^CjAEJ@DHN@@@@??H@FYAQDq@BKBQJSNMJJPRPTRZ@BBDDHN^LZZ`A[k@KQIQOUOWWa@EGW[QQ[]{@iAMQg@s@[[IIGEGIOMKIGGOIKE]Q{@]BUXq@Vk@DKj@wAxAiDdC}FHLpAvBiC`GiA~C_@hAY~@K^NLFHFDHHZZ??	Click to Generate
S2	60	1			3	Substantial Victorian houses in Norfolk Road (S2)	Path up to the Cholera Monument, Sheffield (S2)	Sheffield Inclusion Centre (S2)	6221	4666	oexdIn}{GkAmBFMn@}Ad@gAGKw@oAv@nAFJuAdDGLwA`DFLHJf@f@RPz@x@tAtABB~@~@DBb@b@FK@CDEDCFAfAQt@M@ABA@C@C@C?C@GCa@c@Fb@GB`@AF?BABABABC@A@}B^G@EBEDABGJc@c@EC_A_ACCuAuA{@y@SQg@g@IKGMCECICImAqEWcAW}@Su@EQCKEKQu@y@}CMi@Kc@HIHKNO`AeANS`AeANSDEFE`@e@dCgDLSXe@JSP_@h@yAzAqEJWhHaTBKBITo@b@sAf@sAL]P]b@}@`@u@d@s@DGFINOTUZ]fBeBRS^]BADEFG~BuBrFgFDEFEzCuCv@u@|@_ARQDEDEx@u@^]nAqA\m@~@cBf@aA^m@`@u@h@_AFMDIP[HMDIDKDEb@w@HKd@{@jBkDj@cABFBFj@lAVj@d@`ATf@Tf@@Bl@rAb@~@FL`@~@b@hARl@?BN`@UTu@t@qBjBw@v@eAbAcA~@I[Ke@GUw@_DCGIUOEIAGA?S?O?KCQKc@e@{AIUCGMc@KKGGIGCCEAK?i@~@a@t@_@l@g@`A_AbB]l@oApA_@\y@t@EDEDSP}@~@w@t@{CtCGDEDsFfF_CtBGFEDC@_@\SRgBdB[\UTAj@?JGnCE|BEtBKtFKxFAPCfAAx@An@Aj@U@C@A@CDgElMiBjEKVYn@ABm@vAmCjGCDuA|CuAdDGLjAlB	Click to Generate
S2	60	1			3	Hillside below the Cholera Monument (S2)	Substantial Victorian houses in Norfolk Road (S2)	Sheffield Inclusion Centre (S2)	5927	4445	k}wdIzs{GiAoBEGGCC?CAI?G@I@E?CAQUCDuA|CuAdDGLwA`DFLHJf@f@RPz@x@tAtABB~@~@DBb@b@FK@CDEDCFA|B_@@ABA@C@C@C?C@GCa@c@F??b@GB`@AF?BABABABC@A@}B^G@EBEDABGJc@c@EC_A_ACCuAuA{@y@SQg@g@IKGMvAaDFMn@}Ad@gAtA}CBElCkGl@wA@CXo@JWhBkEfEmMBE@ABATA@k@@o@@y@BgA@QJyFJuFDuBD}BFoC?K@k@TUZ]fBeBRS^]BADEFG~BuBrFgFDEFEzCuCv@u@|@_ARQDEDEx@u@^]nAqA\m@~@cBf@aA^m@`@u@h@_AFMDIP[HMDIDKDEb@w@HKd@{@jBkDj@cABFBFj@lAVj@d@`ATf@Tf@@Bl@rAb@~@FL`@~@b@hARl@?BN`@UTu@t@qBjBw@v@eAbAcA~@I[Ke@GUw@_DCGIUOEIAGA?S?O?KCQKc@e@{AIUCGMc@KKGGIGCCEAK?i@~@a@t@_@l@g@`A_AbB]l@oApA_@\y@t@EDEDSP}@~@w@t@{CtCGDEDsFfF_CtBGFEDC@_@\SRgBdB[\UTAj@?JGnCE|BEtBKtFKxFAPCfAAx@An@Aj@U@C@A@CDgElMiBjEKVYn@ABm@vAmCjGPTB@D?HAFAH?B@B?FBDFhAnB	Click to Generate
S2	20	1			3	Leaves (S2)	Windy House Lane Pocket Park (S2)	UBU (S2)	1867	1400	qfudI~jvGh@gAVo@Xw@L[d@y@@E@E?C@E?E?G?E?C?EAC?A?EAEAEAGCEAEEG[SmBkAGT]xAENa@jAq@|ASb@Q\_@r@q@z@pBvC??qBwCm@q@A?u@y@{A}AOOELCFCBg@^AGGW??FV@Ff@_@BCBGDMNNzA|At@x@@?l@p@IJcAnAGF{@v@w@^k@^u@Ts@RYDYDg@HG??TBx@Bl@Fj@FX@HDRJ\`AzB`AtBJR@BLYRYBCDINUNY^q@BEzAqC`ByC|A}C^q@`AgBVe@	Click to Generate
S2	30	1			3	Best Pizza (S2)	Leaves (S2)	Windy House Lane Pocket Park (S2)	2315	1736	etudIjcwGIOESCGACOTEHCBSXMXwAfCm@lA]p@k@bAkBjDe@z@CEEIk@mAj@lADHBDd@{@jBkDj@cA\q@N[\q@vAgCACKSaAuBaA{BK]ESAIGYGk@Cm@Cy@?UF?f@IXEXEr@St@Uj@_@v@_@z@w@FGbAoAHKpBvC??qBwCm@q@A?u@y@{A}AOOELCFCBg@^AGGW??FV@Ff@_@BCBGDMNNzA|At@x@@?l@p@IJcAnAGF{@v@w@^k@^u@Ts@RYDYDg@HG??TBx@Bl@Fj@FX@HDRJ\`AzB`AtBJR@BLYRYBCDINUNY@DBDFPXf@?JKRE@O]	Click to Generate
S2	20	1			3	Broadfield Hotel (S2)	Broadfield Park (S2)	The Hardy Pick (S2)	1671	1253	wjtdIlt`H??KKMKSQ]Y]UOKEESOSQKIEh@??Di@CCGGCEEIEIEGKUISCKGMEMCKCMIi@ESESEOGSc@w@GGC[BEHENIPI`@QDC\MJCFCHCDAD?R?@NBJ@F?R@R?JEh@A^Ab@?@EpA?HAHCHAHAFIVEJCHKVKUISCKGMEMCKCMIi@ESESEOGSc@w@GGC[BEHENIPI`@QDC\MJCFCHCDAD?R?P?F?PBD?`@ENCRGDCHGFGBCBEDEv@pBlAzCHPf@{@Se@GO_@}@JSV_@c@r@^|@FNRd@g@z@IQmA{Cw@qBEDCDCBGFIFEBSFOBa@DE?KJIFCBIF?R@R?JEh@A^Ad@EpA?`A?f@?L?P?JBVRPRNDDNJ\T\XRPLJJJ??	Click to Generate
S2	30	1			3	Meersbrook Park Church (S2)	Porcelanosa (S2)	Virgin Crucible (S2)	2786	2090	mbtdIty_Hi@iAEIACE]FYAQDq@BKBQJSNMJJPRPTRZ@BBDDHN^LZZ`A[k@KQIQOUOWWa@EGW[QQ[]{@iAMQGRENADECUK_@QGC@Y?G@IDUDQIIGEGIOMKIGGOIKEA\GnAKnCALCJEFYn@CD?DAD?B?D@D@DXj@fAzBLZFTDRF`@@^E@C@A?C@EBCDe@p@EDCDCBGFIFEBSFSkCCYCUCOIQIWM]Zk@[j@L\HVHPBNBTVdDOBa@DE?KJIFCBIFEACACCCAAGGQCIEMAGEKEOISQk@]u@oAeDg@kAeAgCi@oAMc@Y_ACMCICCEIEGEGGEa@UaAm@kBiAmAs@MIIIGGIIGMEIOc@EKAKCME]K}@Gc@Ks@ASEc@Ce@T@B?H?XAFAF?REZ?b@Av@A\?V?J@H@D@B@JDHDHHTRTTX\PTPTZd@`@n@f@t@f@t@HLFFDHLNDFBBVXLLFDXPNJNHPLTH\Pd@PHBFBZLz@\\PJDNHFFJHNLFHFDHHZZl@d@X\dAhANPJJEJCFILCHEJKh@ITGXD\@BDHh@hA	Click to Generate
S2	45	1			3	Newfield Green Clinic (S2)	Newfield Green Dental Surgery (S2)	Pizza City (S2)	3076	2307	gatdIv|yGHOBCTe@f@aAP]h@eAHKLKBCTAF@JFHLHRDX@\?Z@RA\?H?J?L@H@Jg@r@QXCBa@j@KLKLMJiB`BQNUTKNILSZOXKSGK??FJJRCDGHADOZA@CFGHMRKPKRADMVCFITEHCLKIGGEGGGQKMIm@YIAFu@HsA?Ic@Gb@F?HIrAGt@H@l@XLHPJRAD?@AH?DCHCBGLW@EJSJQLSFIBG@AN[@EFIBEKSGKFJJRCDGHADOZA@CFGHMRKPKRADMVCFITEHCLKIGGEGGGQKMIm@YIAFu@HsA?IBe@@OEQMIK?a@NK@KEGKGOAS?C?WJo@@KPy@Py@H]@GLm@VqADSBKJw@@IAUCQIMICEAQHYTSRQRGDGFIBEA[EBc@J{AFeAF_A@[B[By@@WfATB_@C^gAUAVCx@Ev@G~@GdAKzACb@Gz@?FIfAGt@E`@Kz@EZEXG\Sz@Qv@Wx@Od@MXGNMXSd@EHGHMVHR@BBBHDJ?F?FC`B]r@On@OVGFAF?F?F?PD`@LH@l@XLHPJRAFAH?DCHCBGLW@EJSJQLSFIBG@AN[@EFIBENYR[HMJOTUPOhBaBLKJMJM`@k@BCPYf@s@AKAI?M?K?I@]AS?[A]EYISIMKGGAU@CBMJIJi@dAQ\g@`AUd@CBIN	Click to Generate
S2	20	1			3	I Said Bread (S2)	Kingdom Hall of Jehovah's Witnesses (S2)	Wobbly Wheel Cyclery (S2)	2042	1532	}~sdIzi~GTg@E[IcFImDS@u@@EEKmIVCn@ED?LxIHlDHbFDZuCzG]z@_FfLeA_BdA~AfC_GvAgD\{@tC{GE[IcFImDMyIF?v@GbAG?FJtGL`HuBvEUf@	Click to Generate
S2	30	1			3	Highfield Motors (S2)	Woodbourn Road Stadium (S2)	Sheffield Animal Centre (S2)	2449	1837	ye{dIrxwGSOYY~@cDHc@?q@CSCQCIDKBG??HPDLV[BDDFJYYuAIe@CIc@oBEOK[BIBCPENEREp@q@`@e@HI`@a@TSHSL_@DGHQBGNM@CFQDQJc@He@l@cDHg@`@_CFc@Pu@^qAXZTPNLMp@G\ADQlAd@ZLLAV?\FRN@??VIWHOAGS?]@WMMe@[PmA@EF]Lq@\cAL]LFHF`AdAp@r@NFl@^d@^r@bAxFbGCn@Qd@_AhACDWb@Yz@a@`BOHK@k@EMBGFEFCPALAp@?JAHAHAHCBAFEHe@WmAo@AAKGyBmAqEiC[QOAM?KAKAQAM@SFURa@`@IHa@d@q@p@S\EDWVDNb@nBBHHd@XtAKXo@bBIb@_AbDXXRN	Click to Generate
S2	30	1			3	The Spires Centre (S2)	Springs Leisure Centre (S2)	Pearl Motors (S2)	2567	1925	ywtdIlzwGCk@nBYxASCg@Ag@Ci@A]?_@AS?KAU?y@?q@?_A?e@@]@e@Bg@BW@]Dm@FaABi@Bc@D}@Bu@D}A@}@?G?Y?]?K?_@?]AQASCYF?FDP\N^WNQH?^?J?\?X?FA|@E|ACt@E|@Cb@Ch@G`AEl@A\CVCf@Ad@A\?d@?~@?N?`@?x@@T?J@R?^p@IJC~@Sx@ODE?G??Cu@UBe@nA_ARKBq@H@\Bh@@f@Bf@B`@B^Bd@@HDl@Fx@H|@@BH~@J|@Df@Dd@Bd@F~@Bf@DrABj@@b@?F@z@@f@?p@?z@@`B?rA?B?X?ZAb@?N?L?FAd@Af@Ah@Cn@Al@Cv@fATB_@??C^gAUBw@@m@Bo@@i@@g@@e@?G?M?O@c@?[?Y?C?sAAaB?{@?q@Ag@A{@?GAc@Ck@EsACg@G_ACe@Ee@Eg@K}@I_AACI}@Gy@Em@AICe@C_@Ca@yARoBXBj@	Click to Generate
S2	45	1			3	Virgin Crucible (S2)	The Hardy Pick (S2)	Boots (S2)	3644	2733	}ntdIzp`HMISQKICCGGCEEIEIEGKUISCKGMEMCKCMIi@ESESEOGSc@w@GGC[BEHENIPI`@QDC\MJCFCHCDAD?R?P?F?PBD?`@ENCWeDCUCOIQIWM]Zk@[j@L\HVHPBNBTBXRjCRGDCHGFGBCBEDEv@pBlAzCHPf@{@Se@GO_@}@JSV_@c@r@^|@FNRd@g@z@IQmA{Cw@qBEDCDCBGFIFEBSFOBa@DE?KJIFCBIFEACACCCAAGGQCIEMAGEKEOISQk@]u@oAeDg@kAeAgCi@oAMc@Y_ACMCICCEIEGEGGEa@UaAm@kBiAmAs@MIIIGGIIGMEIOc@EKAKCME]K}@Gc@Ks@ASEc@Ce@T@B?H?XAFAF?REZ?b@Av@A\?V?J@H@D@B@JDHDHHTRTTX\PTPTZd@`@n@f@t@f@t@HLFFDHLNDFBBVXLLFDXPNJNHPLTH\Pd@PHBFBZLz@\\PJDNHFFJHNLFHFDHHZZl@d@X\dAhANPJJEJCFILCHEJKh@ITGXIA??AAAAEICEAEUg@BqAD@T^CjAEJ@DHN@@@@??H@FYAQDq@BKBQJS[]{@iAMQg@s@[[IIGEGIOMKIGGOIKEA\GnAKnCALCJEFYn@CD?DAD?B?D@D@DXj@fAzBLZFTDRF`@@^E@C@A?C@EBCDe@p@EDCDCBGFIFEBSFOBa@DE?KJIFCBIF?R@R?JEh@A^Ad@EpA?`A?f@?L?P?JBVRPLH	Click to Generate
S2	20	1			3	The Co-operative Food (S2)	The Spires Centre (S2)	Springs Leisure Centre (S2)	1562	1172	{stdIv}wGDpA?Xa@Fs@Hc@DOB[FI?MBGsACcAC_@Aa@RIFMHS?]EWEQ??KKWCCe@AYCw@GaB|@Ov@KHCDGBK@SAwAA_B?M@iAByA@i@D}@DkADq@Fq@F{@Do@jAPf@JRBP@E|ACt@E|@Cb@Ch@G`AEl@A\CVCf@Ad@A\?d@?~@?N?`@?x@@T?J@R?^p@IJC~@Sx@ODE?G??Cu@UBe@nA_ARKBq@H@\Bh@@f@Bf@B`@B^Bd@@HDl@Fx@H|@s@Jm@HE@?YEqA	Click to Generate
S2	30	1			3	Nether Edge Primary School (S2)	Broadfield Park (S2)	Virgin Crucible (S2)	2479	1859	kxtdIhpaHEEGGMQJ]BKFWPw@Hc@TkANq@`@_CFc@d@uE^aEL_BFi@BM?EBG@EN]DFDHDHBDFFBBJHRPRNDDNJ\T\XRPQr@CFAFUhAAJ[zAERMj@AD?B?B?D@B@BJFr@d@FDFDl@wCBONu@XwAQWIKKMKKKKMKSQ]Y]UOKEESOSQKICCGGCEEIEIEGKUISCKGMEMCKCMIi@ESESEOGSc@w@GGC[BEHENIPI`@QDC\MJCFCHCDAD?R?@NBJ@F?R@R?JEh@A^Ab@?@EpA?HAHCHAHAFIVEJCHKVKUISCKGMEMCKCMIi@ESESEOGSc@w@GGC[BEHENIPI`@QDC\MJCFCHCDAD?R?P?F?PBD?`@ENCSkCCYCUCOIQIWM]Zk@[j@L\HVHPBNBTVdDOBa@DE?KJIFCBIF?R@R?JEh@A^Ad@EpA?HAHCHAHAFIVEJCHKVO\ADCF?DCLGh@M~A_@`Ee@tEGb@a@~BOp@UjAIb@Qv@GVCJK\LPFFDD	Click to Generate
S2	20	1			3	Leaves (S2)	Windy House Lane Pocket Park (S2)	UBU (S2)	2077	1558	yfudInfvGq@`AMB[\ICm@oAQ\_@r@q@z@pBvC??qBwCm@q@A?u@y@{A}AOOELCFCBg@^AGGW??FV@Ff@_@BCBGDMNNzA|At@x@@?l@p@IJcAnAGF{@v@w@^k@^u@Ts@RYDYDg@HG??TBx@Bl@Fj@FX@HDRJ\`AzB`AtBJR@BLYRYBCDINUNY^q@BEzAqC`ByC|A}C^q@`AgB`AmBVo@Xw@L[d@y@@E@E?C@E?E?G?E?C?EAC?A?EAEAEAGCEAEEG[SmBkAGT]xAENa@jAq@|ASb@l@nAHBZ]LCp@aA	Click to Generate
S2	60	1			3	Burton Roofing Merchants (S2)	Makro (S2)	Manor Park Medical Centre (S2)	5454	4090	g|xdId~uG_@]EO@g@KDOMo@g@UQYSg@g@Sr@Kd@c@`BMf@Ol@St@Of@_@fAS]Vu@Ni@CHK^Wt@R\a@z@u@`BUf@INmAfBOTkAvAUg@O[CISc@Sa@Sa@Q_@??m@bAu@tAVZNPDFV\TXX\RVELGJy@fB]`AK\g@dBSz@UhACPQjAKx@QvAIt@Kr@CNe@xBr@vAP\r@xABFl@hAd@|@@BDJFHFHJJn@f@JF\R~Az@@?B@F@@A@?B?@?BADELUR]v@sBv@wBf@uAb@cBXu@LSJQFIp@i@d@WTMLCf@W`AcAp@s@hC_BNUFOPWZ}@j@_Bd@sA~@oCVs@d@sA^iAL[LUTa@\e@Z[VSXO^Ol@QXORMTS^]v@kANYrBkDp@kACMAM@M@GDIFEFA??HBDHx@gAZc@TSVMRGF?PAjABz@BDgBJ}AJ{@VyB^_DP}AV{BTeBPsAPcAl@kBHO??FMpAeCGyAYyFCi@GoAK{B[QGEIEOMy@g@s@i@q@o@aAgAa@a@QWW]EIOSw@gAIMIGECICW?GBG@MBI?WR[n@uAhFg@nBaEzNk@bCi@`Cy@zDy@tDO`BkAlGE`@?^?^D^D\Lf@Lv@?b@A`@EXETMVONUFU?UEUSqBaBwAsAyAaAKGYOCBOXm@`@cApAYf@[z@f@f@XRTPn@f@NLJEAf@DN^\	Click to Generate
S2	30	1			3	UBU (S2)	Windy House Lane Pocket Park (S2)	Kwik Fit (S2)	2742	2056	_gudItkvGINaAfB_@p@}A|CaBxC{ApCCD_@p@OXOTEHCBSXMXACKSaAuBaA{BK]ESAIGYGk@Cm@Cy@?UF?f@IXEXEr@St@Uj@_@v@_@z@w@FGbAoAHKm@q@A?u@y@{A}AOOELCFCBg@^AGGW??FV@Ff@_@BCBGDMNNzA|At@x@@?l@p@IJcAnAGF{@v@w@^k@^u@Ts@RYDYDg@HG??TBx@Bl@Fj@FX@HDRJ\`AzB`AtBJR@BQZeAjBm@lA]p@k@bAkBjDe@z@CEEIk@mAj@lADHBDd@{@jBkDj@cA\q@l@mAvAgCLYRYBCDINUNY^q@~AwC`ByC|A}C^q@`AgBHO	Click to Generate
S2	45	1			3	Gleadless Medical Centre (S2)	Pizza City (S2)	Arbourthorne Community Primary School (S2)	3272	2454	abtdId~yGb@}@BCTe@f@aAP]h@eAHKLKBCTAF@JFHLHRDX@\?Z@RA\?H?J?L@H@Jg@r@QXCBa@j@KLKLMJiB`BQNUTKNILSZOXCDGHADOZA@CFGHMRKPKRADHNZl@??[m@IOMVCFITEHCLKIGGEGGGQKMIm@YIAFu@HsA?IBe@@OEQMIK?a@NK@KEGKGOAS?C?WJo@@KPy@Py@H]@GLm@VqADSBKJw@@IAUCQIMICEAQHYTSRQRGDGFIBEA[EBc@J{AFeAF_A@[B[By@@WBw@@m@Bo@@i@@g@@e@?G?M?O@c@G@MFa@Po@\aAj@a@VSLYPiBpAg@\e@\}@r@y@n@EBPbBJ|@D^Lr@Lp@BLFXDJJKHGFADDDJBFFFBAtAy@??uAx@C@GGCGEKEEG@IFKJFRJ\BDFNLZNRPZZ^LJJHRRNJh@b@h@\j@\TL^RSz@Qv@Wx@Od@MXGNMXSd@EHGHMVHR@BBBHDJ?F?FC`B]r@On@OVGFAF?F?F?PD`@LH@l@XLHPJRAFAH?DCHCBGLW@EJSJQLSFIBG@AN[@EFIBENYR[HMJOTUPOhBaBLKJMJM`@k@BCPYf@s@AKAI?M?K?I@]AS?[A]EYISIMKGGAU@CBMJIJi@dAQ\g@`AUd@CBc@|@	Click to Generate
S2	30	1			3	Temple Park Centre (S2)	Castle View Park (S2)	Hair & Beauty Lounge (S2)	2995	2246	c{wdIravGEKCCGGIGICGAG?GBWVCDC?A?MIp@kACMAM@M@GDIFEFAHBDHx@gAZc@TSVMRGF?ARGV?p@?I?g@FW@SG?SFWLUR[b@y@fADJ@L?FCLEJrAjCr@`Bl@bBJSh@{@NUHEHAL?jBb@jA`@zBp@^Lp@T|Ah@l@^Zb@Pb@BH@DHd@Dr@A`AKv@ENe@jAe@aAQUyDq@WGaAOq@a@QSUe@KO^}@\cBNwBkAa@kBc@M?I@IDOTi@z@KRm@cBs@aBsAkCEDK@GCGICMAM@M@GDIFEFAHBDHx@gAZc@TSVMRGF?PAjABz@Bf@Dp@Ap@Kr@c@v@_A~@mB\q@Vg@Cm@??^w@ZHq@tAEDWf@]p@_AlBw@~@s@b@q@Jq@@g@E{@CkACQ@G?SFWLUR[b@y@fADJ@L?FCLEJEDK@GCGIq@jALH@?B?BEVWFCF?F@HBHFFFBBDJ	Click to Generate
S2	45	1			3	Arbourthorne Community Primary School (S2)	Zakwetu (S2)	Newfield Green Dental Surgery (S2)	3642	2732	_otdItkyG?JEv@G~@GdAKzACb@Gz@?FIfAGt@E`@Kz@EZEXG\_@SUMk@]i@]i@c@OKSSKIMK[_@Q[OSM[GOCEK]GSJKHGFADDDJBFFFBAtAy@??uAx@C@GGCGEKEEG@IFKJFRJ\BDFNLZNRPZZ^LJJHRRNJh@b@h@\j@\TL^RSz@Qv@Wx@Od@MXGNMXSd@EHGHMVHR@BBBHDJ?F?FC`B]r@On@OVGFAF?F?F?PD`@LH@l@XLHPJRAFAH?DCHCBGLW@EJSJQLSFIBG@AN[@EFIBENYR[HMJOTUPOhBaBLKJMJM`@k@BCPYf@s@AKAI?M?K?I@]AS?[A]EYISIMKGGAU@CBMJIJi@dAQ\g@`AUd@CBi@hA[l@dAwBBCTe@f@aAP]h@eAHKLKBCTAF@JFHLHRDX@\?Z@RA\?H?J?L@H@Jg@r@QXCBa@j@KLKLMJiB`BQNUTKNILSZOXCDGHADOZA@CFGHMRKPKRADMVCFITEHCLKIGGEGGGQKMIm@YIAFu@HsA?Ic@Gb@F?HIrAGt@H@l@XLHPJRAD?@AH?DCHCBGLW@EJSJQLSFIBG@AN[@EFIBEKSGKFJJRCDGHADOZA@CFGHMRKPKRADMVCFITEHCLKIGGEGGGQKMIm@YIAFu@HsA?IBe@@OEQMIK?a@NK@KEGKGOAS?C?WJo@@KPy@Py@H]@GLm@VqADSBKJw@@IAUCQIMICEAQHYTSRQRGDGFIBEA[EBc@J{AFeAF_ADw@?K	Click to Generate
S2	20	1			3	Noble and Wylie (S2)	Broadfield Park (S2)	Virgin Crucible (S2)	1727	1295	ertdIbp`H@I?EBG@EN]DFDHDHBDFFBBJHRPRNDDNJ\T\XBBNLQr@CFAFWtA[zAERMj@AD?B?B?D@B@BJFr@d@FDFDl@wCBONu@XwAQWIKKMKKKKMKSQ]Y]UOKEESOSQKICCGGCEEIEIEGKUISCKGMEMCKCMIi@ESESEOGSc@w@GGC[BEHENIPI`@QDC\MJCFCHCDAD?R?@NBJ@F?R@R?JEh@A^Ab@?@EpA?HAHCHAHAFIVEJCHKVKUISCKGMEMCKCMIi@ESESEOGSc@w@GGC[BEHENIPI`@QDC\MJCFCHCDAD?R?P?F?PBD?`@ENCSkCCYCUCOIQIWM]Zk@[j@L\HVHPBNBTVdDOBa@DE?KJIFCBIF?R@R?JEh@A^Ad@EpA?HAHCHAHAFIVEJCHKVO\ADCF?DAH	Click to Generate
S2	30	1			3	Well Pharmacy (S2)	Terry Wright Community Hall (S2)	Pizza City (S2)	2172	1629	yetdIjnzG[m@IO@EJSJQLSFIBG@AN[@EFIBENYR[HMJO??TUPOhBaBLKJMJMIS?C?G@M??j@y@BCZi@LKH??L@H@Jg@r@QXCBa@j@KLKLMJiB`BQNUTKNILSZOXCDGHADOZA@CFGHMRKPKRADMVCFITEHCLKIGGEGGGQKMIm@YIAFu@HsA?IBe@@OEQMIK?a@NK@KEGKGOAS?C?WJo@@KPy@Py@H]@GLm@VqADSBKJw@@IAUCQIMICEAQHYTSRQRGDGFIBEA[EBc@J{AFeAF_A@[B[By@@WfATB_@C^gAUAVCx@Ev@G~@GdAKzACb@Gz@?FIfAGt@E`@Kz@EZEXG\Sz@Qv@Wx@Od@MXGNMXSd@EHGHMVHR@BBBHDJ?F?FC`B]r@On@OVGFAF?F?F?PD`@LH@l@XLHPJRAFAH?DCHCBGLWHNZl@	Click to Generate
S2	45	1			3	Leaves (S2)	UBU (S2)	Windy House Lane Pocket Park (S2)	3267	2450	yfudIjkvGp@sAVo@Xw@L[d@y@@E@E?C@E?E?G?E?C?EAC?A?EAEAEAGCEAEEG[SmBkAGT]xAENa@jAq@|ASb@Q\_@r@q@z@pBvC??qBwCIJcAnAGF{@v@w@^k@^u@Ts@RYDYDg@HG??TBx@Bl@Fj@FX@HDRJ\`AzB`AtBJR@BLYRYBCDINUNY^q@BEzAqC`ByC|A}C^q@`AgB`AmBVo@Xw@L[d@y@@E@E?C@E?E?G?E?C?EAC?A?EAEAEAGCEAEEG[SmBkA_BcAsA}@UQGXS|@u@rBq@jAy@jAc@f@INCHOOELCFCBg@^AGGW??FV@Ff@_@BCBGDMNNBIHOb@g@x@kAp@kAt@sBR}@FYNc@`BfAXPb@`@RLHDDBXPjBnAh@?H?FALCJEHGHKFMN]FSTw@DOP_ABONYJg@DUDUBE@CBAB?B?D?D@DD^|@Tn@N\Rl@Jd@@HAd@ATCNENENGVGTEPKRi@F_@DODM@{@FWTO@]BK@GBC@IDGBIHEDEDABCBgB|Cq@rA	Click to Generate
S2	60	1			3	Substantial Victorian houses in Norfolk Road (S2)	Path up to the Cholera Monument, Sheffield (S2)	Cholera Monument, Sheffield (S2)	7998	5998	cj{dI|t_HFIRYRQBCHG@ALIHWBEJ[h@oCPcAXkBFi@Jq@ZsBPqAFk@v@qGHa@RYX]~@iADEXa@Ta@LSVi@L[DMVu@BGBIBKZs@\{@HSF]Pg@Ns@FY@IFa@Jy@Be@Be@@c@@G?Q?k@?ICw@?]By@PeDDcA@OLcBLaALq@No@HYJa@Na@Pg@BIPc@FMPe@Vc@Zk@`@m@FKPUb@g@TYBEPUNUPUPUFKDMTc@DKDSHUBMBKBWDa@BUBa@Ba@@_@Bk@Bo@Dq@?MBe@@a@B[DaAHkBD_AHkAF{@Fs@Da@Fc@Ju@DSP_ADSJa@DKLa@`@q@DE^e@ZQDC@ALA@?F?D@B@B@B@BBBBBDDFFLDFBH?D@B@B?@?BBTBf@Fh@D\DZDZJl@Jl@J^H\X`A^vANh@Nh@Pr@T`ATv@DNBDDHDDFBJDH@D?B@BAFENMFCJE@?HAHAJB\NLCHEFERM@ADA\U@ABCROx@q@XWt@k@DEBAFEHILKFEFE\WZWtCkCf@k@t@w@VYX]hAmAVWHIHKNO`AeANS`AeANSDEFE`@e@dCgDLSXe@DJDDB@F?NGzAo@bAa@JGDIFKDHFFVPd@`@|CdCiBjEKVYn@ABm@vAmCjGCDuA|Ce@fAo@|AGLwA`DFLHJf@f@RPz@x@tAtABB~@~@DBb@b@FK@CDEDCFAfAQt@M@ABA@C@C@C?C@GCa@c@Fb@GB`@AF?BABABABC@A@}B^G@EBEDABGJc@c@EC_A_ACCuAuA{@y@SQg@g@IKGMvAaDjAlBIZADAF?D?\?z@?F@DBFBFCGCGAE?G?{@?]?E@G@EH[??kAmBwA`DCECICImAqEWcAW}@Su@EQCKEKQu@y@}CMi@Kc@WViAlAY\WXu@v@g@j@uCjC[V]VGDGDMJIHGDC@EDu@j@YVy@p@SNCBA@GRCJAHAJAL?J@N?PBT@Nr@tCBZ@\AZAJI`@GT]Xa@XIDMDG@G?E?G?GAq@SOGe@D_@?WAg@MQ@WBODUFE@a@HQBOCMEGEEEGGKQW_@oB}BgAqAIGY_@c@]AAEECCKOE|@Cb@EfACb@A`@C\C`@CVG\ETELGTGPITGPS\ILGHKNGFOPONc@d@UXIJGFILKNQTKNMTOXKXQf@Oh@ERGTCJWbAMn@QdAU~@IZEPCTCZAPARAPA\@X@\@TFh@D\BNFTHTL^DHd@hAFNBB@R?TAPCNCJEDGHIDIEy@_@C?K?C@G@A@EBEHCFGFO|ACTAPCJCNCPGTGRGPIVGNQRIR]z@[r@CJCHCFWt@ELMZIr@Y`Bm@tCgBpICLAN?PE?mAcAQpA[rBKp@Gh@YjBQbAi@nCKZCDIVMHA@IFCBSPSXGH	Click to Generate
S2	45	1			3	The Hardy Pick (S2)	Virgin Crucible (S2)	Boots (S2)	3669	2752	intdIlq`HGEEESOSQKICCGGCEEIEIEGKUISCKGMEMCKCMIi@ESESEOGSc@w@GGC[BEHENIPI`@QDC\MJCFCHCDAD?R?P?F?PBD?`@ENCRGDCHGFGBCBEDEv@pBlAzCHPf@{@Se@GO_@}@JSV_@c@r@^|@FNRd@g@z@IQmA{Cw@qBEDCDCBGFIFEBSFSkCCYCUCOIQIWM]Zk@[j@L\HVHPBNBTVdDOBa@DE?KJIFCBIFEACACCCAAGGQCIEMAGEKEOISQk@]u@oAeDg@kAeAgCi@oAMc@Y_ACMCICCEIEGEGGEa@UaAm@kBiAmAs@MIIIGGIIGMEIOc@EKAKCME]K}@Gc@Ks@ASEc@Ce@T@B?H?XAFAF?REZ?b@Av@A\?V?J@H@D@B@JDHDHHTRTTX\PTPTZd@`@n@f@t@f@t@HLFFDHLNDFBBVXLLFDXPNJNHPLTH\Pd@PHBFBZLz@\\PJDNHFFJHNLFHFDHHZZl@d@X\dAhANPJJEJCFILCHEJKh@ITGXIA??AAAAEICEAEUg@BqAD@T^CjAEJ@DHN@@@@??H@FYAQDq@BKBQJS[]{@iAMQg@s@[[IIGEGIOMKIGGOIKEA\GnAKnCALCJEFYn@CD?DAD?B?D@D@DXj@fAzBLZFTDRF`@@^E@C@A?C@EBCDe@p@EDCDCBGFIFEBSFOBa@DE?KJIFCBIF?R@R?JEh@A^Ad@EpA?`A?f@?L?P?JBVRPRNDDFD	Click to Generate
S2	30	1			3	Temple Park Centre (S2)	Castle View Park (S2)	Manor Park Medical Centre (S2)	2423	1817	wfwdIpmuG??Bl@Wf@]p@_AlBw@~@s@b@q@Jq@@g@E{@CkACQ@ARGV?p@?I?g@FW@SG?SFWLUR[b@y@fADJ@L?FCLEJrAjCr@`Bl@bBJSh@{@NUHEHAL?jBb@jA`@zBp@^Lp@T|Ah@l@^Zb@Pb@BH@DHd@Dr@A`AKv@ENe@jAe@aAQUyDq@WGaAOq@a@QSUe@KO^}@\cBNwBkAa@kBc@M?I@IDOTi@z@KRm@cBs@aBsAkCEDK@GCGICMAM@M@GDIFEFA??HBDHx@gAZc@TSVMRGF?PAjABz@Bf@Dp@Ap@Kr@c@v@_A~@mB\q@Vg@Cm@	Click to Generate
S2	45	1			3	Gleadless Medical Centre (S2)	Pizza City (S2)	Arbourthorne Community Primary School (S2)	3262	2446	{atdIz}yG\s@BCTe@f@aAP]h@eAHKLKBCTAF@JFHLHRDX@\?Z@RA\?H?J?L@H@Jg@r@QXCBa@j@KLKLMJiB`BQNUTKNILSZOXCDGHADOZA@CFGHMRKPKRADHNZl@??[m@IOMVCFITEHCLKIGGEGGGQKMIm@YIAFu@HsA?IBe@@OEQMIK?a@NK@KEGKGOAS?C?WJo@@KPy@Py@H]@GLm@VqADSBKJw@@IAUCQIMICEAQHYTSRQRGDGFIBEA[EBc@J{AFeAF_A@[B[By@@WBw@@m@Bo@@i@@g@@e@?G?M?O@c@G@MFa@Po@\aAj@a@VSLYPiBpAg@\e@\}@r@y@n@EBPbBJ|@D^Lr@Lp@BLFXDJJKHGFADDDJBFFFBAtAy@??uAx@C@GGCGEKEEG@IFKJFRJ\BDFNLZNRPZZ^LJJHRRNJh@b@h@\j@\TL^RSz@Qv@Wx@Od@MXGNMXSd@EHGHMVHR@BBBHDJ?F?FC`B]r@On@OVGFAF?F?F?PD`@LH@l@XLHPJRAFAH?DCHCBGLW@EJSJQLSFIBG@AN[@EFIBENYR[HMJOTUPOhBaBLKJMJM`@k@BCPYf@s@AKAI?M?K?I@]AS?[A]EYISIMKGGAU@CBMJIJi@dAQ\g@`AUd@CB]r@	Click to Generate
S2	20	1			3	Leaves (S2)	Windy House Lane Pocket Park (S2)	UBU (S2)	1867	1400	gfudIljvG^u@Vo@Xw@L[d@y@@E@E?C@E?E?G?E?C?EAC?A?EAEAEAGCEAEEG[SmBkAGT]xAENa@jAq@|ASb@Q\_@r@q@z@pBvC??qBwCm@q@A?u@y@{A}AOOELCFCBg@^AGGW??FV@Ff@_@BCBGDMNNzA|At@x@@?l@p@IJcAnAGF{@v@w@^k@^u@Ts@RYDYDg@HG??TBx@Bl@Fj@FX@HDRJ\`AzB`AtBJR@BLYRYBCDINUNY^q@BEzAqC`ByC|A}C^q@`AgB`@w@	Click to Generate
S2	30	1			3	Porcelanosa (S2)	The Hardy Pick (S2)	Mandala (S2)	2699	2024	{ctdIbw_HAAACE]FYAQDq@BKBQJS[]{@iAMQGRENADECUK_@QGC@Y?G@IDUDQIIGEGIOMKIGGOIKEA\GnAKnCALCJEFYn@CD?DAD?B?D@D@DXj@fAzBLZFTDRF`@@^E@C@A?C@EBCDe@p@v@pBlAzCHPf@{@Se@GO_@}@JSV_@c@r@^|@FNRd@g@z@IQmA{Cw@qBEDCDCBGFIFEBSFOBa@DE?KJIFCBIFEACACCCAAGGQCIEMAGEKEOISQk@]u@oAeDg@kAeAgCi@oAMc@Y_ACMCICCEIEGEGGEa@UaAm@kBiAmAs@MIIIGGIIGMEIOc@EKAKCME]K}@Gc@Ks@ASEc@Ce@T@B?H?XAFAF?REZ?b@Av@A\?V?J@H@D@B@JDHDHHTRTTX\PTPTZd@`@n@f@t@f@t@HLFFDHLNDFBBVXLLFDXPNJNHPLTH\Pd@PHBFBZLz@\\PHB@@NHFFJHNLFHFDHHZZl@d@X\dAhANPJJEJCFILCHEJKh@ITGXD\@B@@	Click to Generate
S2	30	1			3	Diocese of Hallam Pastoral Centre (S2)	Woodbourn Road Stadium (S2)	Sheffield Animal Centre (S2)	2707	2030	_e{dIjmwG??CFEJBHBPBR?p@Ib@_AbDXXRNDBZXJ^?^?RE~AbBPH@n@JHBZDEg@K_BAKASOmBm@sC_AaEYuAIe@CIc@oBEOK[BIBCPENEREp@q@`@e@HI`@a@TSHSL_@DGHQBGNM@CFQDQJc@He@l@cDHg@`@_CFc@Pu@^qAXZTPNLMp@G\ADQlAd@ZLLAV?\FRN@??VIWHOAGS?]@WMMe@[PmA@EF]Lq@\cAL]LFHF`AdAp@r@NFl@^d@^r@bAxFbGCn@Qd@_AhACDWb@Yz@a@`BOHK@k@EMBGFEFCPALAp@?JAHAHAHCBAFEHe@WmAo@AAKGyBmAqEiC[QOAM?KAKAQAM@SFURa@`@IHa@d@q@p@S\EDWVDNb@nBBHHd@XtAKXEGCEWZEMIQ	Click to Generate
S2	60	1			3	Path near the Cholera Monument, Sheffield (S2)	Sheffield Inclusion Centre (S2)	Manor Fields (S2)	7359	5519	c|wdI`f|Gb@GB`@AF?BABABABC@A@}B^G@EBEDABGJc@c@EC_A_ACCuAuA{@y@SQg@g@IKGMvAaDjAlBIZADAF?D?\?z@?F@DBFBFCGCGAE?G?{@?]?E@G@EH[??kAmBFMtAeDtA}CBElCkGl@wA@CXo@JWhBkEfEmMBE@ABATA@k@@o@@y@BgA@QJyFJuFDuBD}BFoC?K@k@TUZ]fBeBRS^]BADEFG~BuBrFgFDEFEzCuCv@u@|@_ARQDEDEx@u@^]nAqA\m@~@cBf@aA^m@`@u@h@_AFMDIP[HMDIDKDEb@w@HKd@{@jBkDj@cABFBFj@lAVj@d@`ATf@Tf@@Bl@rAb@~@FL`@~@b@hARl@?BN`@UTu@t@qBjBw@v@eAbAcA~@I[Ke@GUw@_DCGIUOEIAGA?S?O?KCQKc@e@{AIUCGMc@KKGGIGCCEAK?i@~@a@t@_@l@g@`A_AbB]l@oApA_@\y@t@EDEDSP}@~@c@kBd@g@jBu@nCgBVa@^mBYyAaAmFu@cEY_Ba@yBkAaHCOS_AW]m@GS@??eD|BaBhAOb@f@rCjAhHuBxAc@Zk@`@e@ZwBxAg@Xs@f@xApKtAxKr@vE_CtBGFEDC@_@\SRgBdB[\UTAj@?JGnCE|BEtBKtFKxFAPCfAAx@An@Aj@U@C@A@CDgElMiBjEKVYn@ABm@vAmCjGCDuA|CuAdDGLwA`DFLHJf@f@RPz@x@tAtABB~@~@DBb@b@FK@CDEDCFA|B_@@ABA@C@C@C?C@GCa@c@F	Click to Generate
S2	60	1			3	Burton Roofing Merchants (S2)	Makro (S2)	Mather Community Park (S2)	5847	4385	q_ydIdzuGEEUQYSg@g@Sr@Kd@c@`BMf@Ol@St@Of@_@fAS]Vu@Ni@CHK^Wt@R\a@z@u@`BUf@INmAfBOTkAvA[f@u@~@SWY]UYW]EGOQW[t@uAl@cA??P^R`@R`@Rb@BHNZTf@jAwANUlAgBHOTg@t@aB`@{@^gANg@Ru@Nm@Lg@b@aBJe@Rs@Z{@Xg@bAqAF]Dc@Ca@CW@UFWFMDEHEJAFBD@HJDJDLVx@P`@h@`@^Ph@Jb@F\EPINMNSN_@dA{D|@mD~@mD^aBfAiFv@qDXuA`@eBz@{F|@_Ft@gEr@}DB[@O?OEUA_@A_@C]I[KSKOGGoBiBeCuB}AeAo@a@o@_@k@bECLIn@y@jFq@xE]rBUhAtAlAf@b@j@l@U|@]z@e@|@s@v@g@`@MJ_Bt@Ks@SaBn@wA`@gAZ_A\oADWFUTiA\sBp@yEx@kFHo@BMj@cEJg@xDfCtBjBpAjAPNDD\ZTVHFHDF@F?HEFEDCPCJ@VJXRXRPVJNDNHd@Fd@@P?PARAPIVGNIHGBG@MBI?WR[n@uAhFg@nBaEzNk@bCi@`Cy@zDy@tDO`BkAlGE`@?^?^D^D\Lf@Lv@?b@A`@EXETMVONUFU?UEUSqBaBwAsAyAaAKGYOCBOXm@`@cApAYf@[z@f@f@XRTPDD	Click to Generate
S2	20	1			3	Wobbly Wheel Cyclery (S2)	Daughters (S2)	74th Oak Street Scout Group (S2)	1638	1228	u_tdIf{}GRAMyIF?v@GbAG?FJtGL`HlBIDbBmClGkBfEgAdCqAwBIM\{@~BsFTg@E[IcFImDMyIE?o@DEmCCsBAq@AKv@EJ~HLxIS@	Click to Generate
S2	20	1			3	Anna Roberts (S2)	Virgin Crucible (S2)	The Hardy Pick (S2)	1818	1364	motdInp`H@@RNDDNJ\T\XRPQr@CFAFWtA[zAERMj@AD?B?B?D@B@BJFr@d@FDFDl@wCBONu@XwAQWIKKM??KKKKMKSQ]Y]UOKEESOSQKICCGGCEEIEIEGKUISCKGMEMCKCMIi@ESESEOGSc@w@GGC[BEHENIPI`@QDC\MJCFCHCDAD?R?P?F?PBD?`@ENCWeDCUCOIQIWM]Zk@[j@L\HVHPBNBTBXRjCRGDCHGFGBCBEDEv@pBlAzCHPf@{@Se@GO_@}@JSV_@c@r@^|@FNRd@g@z@IQmA{Cw@qBEDCDCBGFIFEBSFOBa@DE?KJIFCBIF?R@R?JEh@A^Ad@EpA?`A?f@?L?P?JBVPN	Click to Generate
S2	30	1			3	Leaves (S2)	Windy House Lane Pocket Park (S2)	UBU (S2)	2605	1954	}dudIfhvGINVo@Xw@L[d@y@@E@E?C@E?E?G?E?C?EAC?A?EAEAEAGCEAEEG[SmBkAGT]xAENa@jAq@|ASb@Q\_@r@q@z@pBvC??qBwCm@q@A?u@y@{A}AOOELCFCBg@^AGGW??FV@Ff@_@BCBGDMNNzA|At@x@@?l@p@IJcAnAGF{@v@w@^k@^u@Ts@RYDYDg@HG??TBx@Bl@Fj@FX@HDRJ\`AzB`AtBJR@BLYRYBCDINUNY^q@BEzAqC`ByC|A}C^q@`AgB`AmBVo@Xw@L[d@y@Ra@DIJUHOJSJQ`@_AN]FSTw@DOP_ABONYJg@DUDUBE@CBAB?B?D?D@DD^|@Tn@N\Rl@Jd@@HAd@ATCNENENGVGTEPKRi@F_@DODM@{@FWTO@]BK@GBC@IDGBIHEDEDABCB}AlC	Click to Generate
S2	20	1			3	Casa Italia (S2)	Alam Hill Books (S2)	Boots (S2)	1709	1282	aktdIde_HS_@QYEJWj@Yp@CTz@\\PJDNHFFJHNLFHFDHHZZPNZTELg@s@[[IIGEGIOMKIGGOIKE]Q{@]BUXq@Vk@DKj@wAxAiDdC}FHLpAvBiC`GiA~C_@hAY~@K^NLFHFDHHZZl@d@X\dAhANPJJEJCFILCHEJKh@ITGXIA??AAAAEICEAEUg@BqAD@T^CjAEJ@DHN@@@@??H@FYAQDq@BKBQJS[]{@iAMQg@s@[[IIGEGIOMKIGGOIKE]Q{@]BUXq@Vk@DKPXR^	Click to Generate
S2	60	1			3	Path near the Cholera Monument, Sheffield (S2)	Sheffield Inclusion Centre (S2)	Manor Fields (S2)	7164	5373	g~wdInh|G_@FG@EBEDABGJc@c@EC_A_ACCuAuA{@y@SQg@g@IKGMvAaDjAlBIZADAF?D?\?z@?F@DBFBFCGCGAE?G?{@?]?E@G@EH[??kAmBFMtAeDtA}CBElCkGl@wA@CXo@JWhBkEfEmMBE@ABATA@k@@o@@y@BgA@QJyFJuFDuBD}BFoC?K@k@TUZ]fBeBRS^]BADEFG~BuBrFgFDEFEzCuCv@u@|@_ARQDEDEx@u@^]nAqA\m@~@cBf@aA^m@`@u@h@_AFMDIP[HMDIDKDEb@w@HKd@{@jBkDj@cABFBFj@lAVj@d@`ATf@Tf@@Bl@rAb@~@FL`@~@b@hARl@?BN`@UTu@t@qBjBw@v@eAbAcA~@I[Ke@GUw@_DCGIUOEIAGA?S?O?KCQKc@e@{AIUCGMc@KKGGIGCCEAK?i@~@a@t@_@l@g@`A_AbB]l@oApA_@\y@t@EDEDSP}@~@c@kBd@g@jBu@nCgBVa@^mBYyAaAmFu@cEY_Ba@yBkAaHCOS_AW]m@GS@??eD|BaBhAOb@f@rCjAhHuBxAc@Zk@`@e@ZwBxAg@Xs@f@xApKtAxKr@vE_CtBGFEDC@_@\SRgBdB[\UTAj@?JGnCE|BEtBKtFKxFAPCfAAx@An@Aj@U@C@A@CDgElMiBjEKVYn@ABm@vAmCjGCDuA|CuAdDGLwA`DFLHJf@f@RPz@x@tAtABB~@~@DBb@b@FK@CDEDCFA^G	Click to Generate
S2	20	1			3	Arman Food Store (S2)	Virgin Crucible (S2)	The Hardy Pick (S2)	1818	1364	sotdIhp`HFFRNDDNJ\T\XRPQr@CFAFWtA[zAERMj@AD?B?B?D@B@BJFr@d@FDFDl@wCBONu@XwAQWIKKMEEEEKKMKSQ]Y]UOKEESOSQKICCGGCEEIEIEGKUISCKGMEMCKCMIi@ESESEOGSc@w@GGC[BEHENIPI`@QDC\MJCFCHCDAD?R?P?F?PBD?`@ENCWeDCUCOIQIWM]Zk@[j@L\HVHPBNBTBXRjCRGDCHGFGBCBEDEv@pBlAzCHPf@{@Se@GO_@}@JSV_@c@r@^|@FNRd@g@z@IQmA{Cw@qBEDCDCBGFIFEBSFOBa@DE?KJIFCBIF?R@R?JEh@A^Ad@EpA?`A?f@?L?P?JBVJH	Click to Generate
S2	20	1			3	Temple Park Centre (S2)	Manor Park Medical Centre (S2)	Castle View Park (S2)	1839	1379	}wwdIbhvGCSCINWs@aBsAkCEDK@GCGICMAM@M@GDIFEFAHBDHx@gAZc@TSVMRGF?ARGV?p@?I?g@FW@SG?SFWLUR[b@y@fADJ@L?FCLEJEDK@GCGICMAM@M@GDIFEFA??HBDHDJ@L?FCLEJrAjCr@`Bl@bBJSh@{@NUHEHAL?jBb@jA`@zBp@^Lp@T|Ah@l@^Zb@Pb@BH@DHd@Dr@A`AKv@ENe@jAe@aAQUyDq@WGaAOq@a@QSUe@KOa@n@mBxCoAyCoAyCZi@IOR_@F[?SA[CO	Click to Generate
S2	20	1			3	Valley Road Garage (S2)	International Automatic Cars (S2)	Casa Italia (S2)	1722	1292	sftdIrx~GvAgD\{@~@wBtAcDtBwElBIDbBmClGkBfEgAdCqAwBIM_FfLk@vAPXVd@H@t@aBu@`BIACES_@QYEJWj@Yp@CTz@\\PJDNHFFJHNLFHFDHHZZPNZTELg@s@[[IIGEGIOMKIGGOIKE]Q{@]BUXq@Vk@DKj@wAfC_G	Click to Generate
S2	30	1			3	Temple Park Centre (S2)	Castle View Park (S2)	Hair & Beauty Lounge (S2)	2973	2230	k|wdIlavG_@l@KWESC?A?MIp@kACMAM@M@GDIFEFAHBDHx@gAZc@TSVMRGF?ARGV?p@?I?g@FW@SG?SFWLUR[b@y@fADJ@L?FCLEJrAjCr@`Bl@bBJSh@{@NUHEHAL?jBb@jA`@zBp@^Lp@T|Ah@l@^Zb@Pb@BH@DHd@Dr@A`AKv@ENe@jAe@aAQUyDq@WGaAOq@a@QSUe@KO^}@\cBNwBkAa@kBc@M?I@IDOTi@z@KRm@cBs@aBsAkCEDK@GCGICMAM@M@GDIFEFAHBDHx@gAZc@TSVMRGF?PAjABz@Bf@Dp@Ap@Kr@c@v@_A~@mB\q@Vg@Cm@??^w@ZHq@tAEDWf@]p@_AlBw@~@s@b@q@Jq@@g@E{@CkACQ@G?SFWLUR[b@y@fADJ@L?FCLEJEDK@GCGIq@jALH@?B?BEVWFCF?F@HBENEH	Click to Generate
S2	30	1			3	UBU (S2)	Leaves (S2)	Sheffield Inclusion Centre (S2)	2752	2064	iwudInewGP[LYRYBCDINUNY^q@BEzAqC`ByC|A}C^q@`AgB`AmBVo@Xw@L[d@y@@E@E?C@E?E?G?E?C?EAC?A?EAEAEAGCEAEEG[SmBkAGT]xAENa@jAq@|ASb@Q\_@r@q@z@pBvC??qBwCIJcAnAGF{@v@w@^k@^u@Ts@RYDYDg@HG??TBx@Bl@Fj@FX@HDRJ\`AzB`AtBJR@BwAfCm@lA]p@BFBFj@lAVj@d@`ATf@Tf@@Bl@rAb@~@FL`@~@b@hARl@?BN`@UTu@t@qBjBw@v@eAbAcA~@I[Ke@GUw@_DCGIUOEIAGA?S?O?KCQKc@e@{AIUCGMc@EQCE?EAGAG?CAI?I@I?I@E@CDIDKDEb@w@HKd@{@jBkDj@cA\q@l@mAdAkB	Click to Generate
S2	30	1			3	GoLocalExtra (S2)	UBU (S2)	Windy House Lane Pocket Park (S2)	2510	1882	_kudIdpvGqBwCp@{@^s@P]Rc@p@}A`@kADO\yAFU_BcAFk@XPb@`@RLHDDBXPjBnAh@?H?FALCJEHGHKFMN]FSTw@DOP_ABONYJg@DUDUBE@CBAB?B?D?D@DD^|@Tn@N\Rl@Jd@@HAd@ATCNENENGVGTEPKRi@F_@DODM@{@FWTO@]BK@GBC@IDGBIHEDEDABCBgB|Cq@rAOXaAfB_@p@}A|CaBxC{ApCCD_@p@OXOTEHCBSXMXACKSaAuBaA{BK]ESAIGYGk@Cm@Cy@?UF?f@IXEXEr@St@Uj@_@v@_@z@w@FGbAoAHKm@q@A?u@y@{A}AOOELCFCBg@^AGGW??FV@Ff@_@BCBGDMNNzA|At@x@@?l@p@pBvC	Click to Generate
S2	45	1			3	Bronze & Polished (S2)	Sheffield Inclusion Centre (S2)	Leaves (S2)	3077	2308	syudI`iwGBEvAgCLYRYBCDINUNYJORa@~AwC`ByC|A}C@DHNf@bALZBFPh@Lb@?BH\Jt@Hv@Dh@@JIJMRQ^]r@m@nA@TPvBNjCHhBFjAD|ADlAB~@G?I@MHo@l@k@h@k@h@gAdAa@^WTUTu@t@qBjBw@v@eAbAcA~@I[Ke@GUw@_DCGIUOEIAGA?S?O?KCQKc@e@{AIUCGMc@EQCE?EAGAG?CAI?I@I?I@E@CDIDKDEb@w@HKd@{@jBkDj@cA\q@l@mAvAgCACKSaAuBaA{BK]ESAIGYGk@Cm@Cy@?UF?f@IXEXEr@St@Uj@_@v@_@z@w@FGbAoAHKpBvC??qBwCIJcAnAGF{@v@w@^k@^u@Ts@RYDYDg@HG??TBx@Bl@Fj@FX@HDRJ\`AzB`AtBJR@BwAfCCD	Click to Generate
S2	20	1			3	Top Chopper (S2)	Broadfield Park (S2)	The Hardy Pick (S2)	1661	1246	_ktdIdt`HCCMKSQ]Y]UOKEESOSQKIEd@?BDi@CCGGCEEIEIEGKUISCKGMEMCKCMIi@ESESEOGSc@w@GGC[BEHENIPI`@QDC\MJCFCHCDAD?R?@NBJ@F?R@R?JEh@A^Ab@?@EpA?HAHCHAHAFIVEJCHKVKUISCKGMEMCKCMIi@ESESEOGSc@w@GGC[BEHENIPI`@QDC\MJCFCHCDAD?R?P?F?PBD?`@ENCRGDCHGFGBCBEDEv@pBlAzCHPf@{@Se@GO_@}@JSV_@c@r@^|@FNRd@g@z@IQmA{Cw@qBEDCDCBGFIFEBSFOBa@DE?KJIFCBIF?R@R?JEh@A^Ad@EpA?`A?f@?L?P?JBVRPRNDDNJ\T\XRPLJBB	Click to Generate
S2	30	1			3	Windy House Lane Pocket Park (S2)	Leaves (S2)	UBU (S2)	2134	1600	c|udIf}uG^^~DjEELCFCBg@^AGGW??FV@Ff@_@BCBGDMNNzA|At@x@@?l@p@pBvC??qBwCIJcAnAGF{@v@w@^k@^u@Ts@RYDYDg@HG??TBx@Bl@Fj@FX@HDRJ\`AzB`AtBJR@BLYRYBCDINUNY^q@BEzAqC`ByC|A}C^q@`AgB`AmBVo@Xw@L[d@y@@E@E?C@E?E?G?E?C?EAC?A?EAEAEAGCEAEEG[SmBkA_BcAsA}@UQoA_Ae@g@EIY]MLKHQB]?QKSSQPyA|AABe@f@w@v@Y\AJAL?BETTV	Click to Generate
S2	30	1			3	I Said Bread (S2)	Kingdom Hall of Jehovah's Witnesses (S2)	Wobbly Wheel Cyclery (S2)	2434	1826	oatdI`h~Gw@@Q@yAfAM@EE|@eDJy@BcA?m@QuEW_G?WF?lAL`@?LAJlIDDt@ARAHlDHbFDZuCzG]z@_FfLeA_BdA~AfC_GvAgD\{@tC{GtBwEMaHKuG?GcAFw@FG?E?o@DWBM@a@?mAMG??VV~FPtE?l@CbAKx@}@dDDDLAxAgAPAv@A	Click to Generate
S2	60	1			3	Path up to the Cholera Monument, Sheffield (S2)	Substantial Victorian houses in Norfolk Road (S2)	Sheffield Inclusion Centre (S2)	5721	4291	c|wdI`f|Gb@GB`@AF?BABABABC@A@u@LgAPG@EBEDABGJc@c@EC_A_ACCuAuA{@y@SQg@g@IKGMvAaDFMn@}Ad@gAtA}CBElCkGl@wA@CXo@JWhBkEfEmMBE@ABATA@k@@o@@y@BgA@QJyFJuFDuBD}BFoC?K@k@TUZ]fBeBRS^]BADEFG~BuBrFgFDEFEzCuCv@u@|@_ARQDEDEx@u@^]nAqA\m@~@cBf@aA^m@`@u@h@_AFMDIP[HMDIDKDEb@w@HKd@{@jBkDj@cABFBFj@lAVj@d@`ATf@Tf@@Bl@rAb@~@FL`@~@b@hARl@?BN`@UTu@t@qBjBw@v@eAbAcA~@I[Ke@GUw@_DCGIUOEIAGA?S?O?KCQKc@e@{AIUCGMc@KKGGIGCCEAK?i@~@a@t@_@l@g@`A_AbB]l@oApA_@\y@t@EDEDSP}@~@w@t@{CtCGDEDsFfF_CtBGFEDC@_@\SRgBdB[\UTAj@?JGnCE|BEtBKtFKxFAPCfAAx@An@Aj@U@C@A@CDgElMiBjEKVYn@ABm@vAmCjGCDuA|CuAdDGLwA`DFLHJf@f@RPz@x@tAtABB~@~@DBb@b@FK@CDEDCFA|B_@@ABA@C@C@C?C@GCa@c@F	Click to Generate
S2	45	1			3	Arbourthorne Community Primary School (S2)	ExtraCare (S2)	Newfield Green Dental Surgery (S2)	3724	2793	ymtdIxiyG_@IAVCx@Ev@G~@GdAKzACb@Gz@?FIfAGt@E`@Kz@EZEXG\_@SUMk@]i@]i@c@OKSSKIMK[_@Q[OSM[GOCEK]GSJKHGFADDDJBFFFBAtAy@??uAx@C@GGCGEKEEG@IFKJFRJ\BDFNLZNRPZZ^LJJHRRNJh@b@h@\j@\TL^RSz@Qv@Wx@Od@MXGNMXSd@EHGHMVHR@BBBHDJ?F?FC`B]r@On@OVGFAF?F?F?PD`@LH@l@XLHPJRAFAH?DCHCBGLW@EJSJQLSFIBG@AN[@EFIBENYR[HMJOTUPOhBaBLKJMJM`@k@BCPYf@s@AKAI?M?K?I@]AS?[A]EYISIMKGGAU@CBMJIJi@dAQ\g@`AUd@CBc@|@a@x@dAwBBCTe@f@aAP]h@eAHKLKBCTAF@JFHLHRDX@\?Z@RA\?H?J?L@H@Jg@r@QXCBa@j@KLKLMJiB`BQNUTKNILSZOXCDGHADOZA@CFGHMRKPKRADMVCFITEHCLKIGGEGGGQKMIm@YIAFu@HsA?Ic@Gb@F?HIrAGt@H@l@XLHPJRAD?@AH?DCHCBGLW@EJSJQLSFIBG@AN[@EFIBEKSGKFJJRCDGHADOZA@CFGHMRKPKRADMVCFITEHCLKIGGEGGGQKMIm@YIAFu@HsA?IBe@@OEQMIK?a@NK@KEGKGOAS?C?WJo@@KPy@Py@H]@GLm@VqADSBKJw@@IAUCQIMICEAQHYTSRQRGDGFIBEA[EBc@J{AFeAF_ADw@By@@W^H	Click to Generate
S2	60	1			3	Burton Roofing Merchants (S2)	Pentagon Jeep (S2)	Sheffield Animal Centre (S2)	4419	3314	otydI~kvGP^R`@R`@Rb@BHNZTf@jAwANUlAgBHOTg@t@aB`@{@S]Vu@Ni@CHK^Wt@R\^gANg@Ru@Nm@Lg@b@aBJe@Rs@f@f@XRTPn@f@k@pCGVg@zB@ZVb@XRTPNLFFTR_@hBOr@Ns@^iBUSGGOMUQYSWc@A[f@{Br@iDo@g@UQYSg@g@Sr@Kd@c@`BMf@Ol@St@Of@_@fAa@z@u@`BUf@INmAfBOTkAvA[f@u@~@ELGJy@fB]`AK\g@dBSz@UhACPQjAKx@QvAIt@Kr@CNe@xBUa@QYOQCCu@e@OIq@_@k@Wm@]_@Sc@WcAk@_@Sm@]ECKEe@WmAo@AAKGyBmAqEiC[Q[SEGGGKMEKAI?KNM@CFQDQJc@He@l@cDHg@`@_CFc@Pu@^qAXZTPNL\cAL]LFHF`AdAp@r@NFl@^d@^r@bAxFbGCn@Qd@_AhACDWb@Yz@a@`BvAv@f@X|@f@DH@PKn@a@vCj@Vp@^NHt@d@BBNPPXT`@d@yBBOJs@Hu@PwAJy@PkABQTiAR{@f@eBJ]\aAx@gBFKDMt@_AZg@Ug@O[CISc@Sa@Sa@Q_@	Click to Generate
S2	20	1			3	Porcelanosa (S2)	Alam Hill Books (S2)	Heeley Sidings (S2)	1589	1192	_ktdI~h_H@@NHFFJHNLFHFDHHZZl@d@ELGRENADECUK_@QGC@Y?G@IDUDQIIGEGIOMKIGGOIKE]Q{@]BUXq@Vk@DKj@wAxAiDdC}FHLpAvBiC`GiA~C_@hAY~@K^NLFHFDHHZZl@d@X\dAhANPJJEJCFILCHEJKh@ITGXD\@B@@BFn@pARa@R]u@}AMV@R@Dj@hAS`@o@qAEIACE]FYAQDq@BKBQJS[]{@iAMQg@s@[[IIGEGIOMKIGGOIAA	Click to Generate
S2	60	1			3	Castle View Park (S2)	St Swithun (S2)	Hair & Beauty Lounge (S2)	6401	4801	swvdIf}vG??eD|BaBhAOb@f@rCjAhHuBxAc@Zk@`@e@ZwBxAg@Xs@f@aB`AGc@MqAImBEu@MkCbAw@FQHe@H_AX{Cv@sADIDKvBsDrBaDe@aAQUyDq@WGaAOq@a@QSUe@KO^}@\cBNwBkAa@kBc@M?I@IDOTi@z@KRm@cBs@aBsAkCEDK@GCGICMAM@M@GDIFEFAHBDHx@gAZc@TSVMRGF?PAjABz@Bf@Dp@Ap@Kr@c@v@_AFHR\TZ`@`@hBbAdCvADBVNNFNFRDP?TIRMd@y@d@{@`AmBNUh@u@d@o@`@]LKj@e@|@g@TITCRA`@ALGDEJKFMFHDD`AdAdBjBCJe@nCKjDXI~@UbB_@`@K?Q@QF[JWHIJGHC?SMaEE_CGqAKk@Qi@Uc@IKMM_@Ym@a@c@WGEAFEBC@E?ECCCCG?I?IICaDwAUMaDuAAAeCeAoAi@OGOVc@|@INGHgB~CaBjDw@zAOX]n@GL[I_@v@??Bl@Wf@]p@_AlBw@~@s@b@q@Jq@@g@E{@CkACQ@G?SFWLUR[b@y@fADJ@L?FCLEJrAjCr@`Bl@bBaA|A[h@nAxCnAxCKRs@jAh@bA^Vd@@BCJIRQlApChAjCd@fAYzCI~@Id@GPcAv@LjCDt@HlBLpAFb@`BaAr@g@f@YvByAd@[j@a@b@[tByAkAiHg@sCNc@`BiAdD}B??	Click to Generate
S2	30	1			3	Temple Park Centre (S2)	Castle View Park (S2)	Hair & Beauty Lounge (S2)	3012	2259	yzwdIdbvGO]CCGGIGICGAG?GBWVCDC?A?MIp@kACMAM@M@GDIFEFAHBDHx@gAZc@TSVMRGF?ARGV?p@?I?g@FW@SG?SFWLUR[b@y@fADJ@L?FCLEJrAjCr@`Bl@bBJSh@{@NUHEHAL?jBb@jA`@zBp@^Lp@T|Ah@l@^Zb@Pb@BH@DHd@Dr@A`AKv@ENe@jAe@aAQUyDq@WGaAOq@a@QSUe@KO^}@\cBNwBkAa@kBc@M?I@IDOTi@z@KRm@cBs@aBsAkCEDK@GCGICMAM@M@GDIFEFAHBDHx@gAZc@TSVMRGF?PAjABz@Bf@Dp@Ap@Kr@c@v@_A~@mB\q@Vg@Cm@??^w@ZHq@tAEDWf@]p@_AlBw@~@s@b@q@Jq@@g@E{@CkACQ@G?SFWLUR[b@y@fADJ@L?FCLEJEDK@GCGIq@jALH@?B?BEVWFCF?F@HBHFFFBBN\	Click to Generate
S2	20	1			3	St Vincent's (S2)	Temple Park Centre (S2)	Hair & Beauty Lounge (S2)	1483	1112	k|wdIt|uG??HBDHDJ@L?FCLEJrAjCr@`BOV_@}@k@qAWm@CCGGIGICGAG?GBWVCDC?A?MIp@kACMAM@M@GDIFEFAHBDHx@gAZc@TSVMRGF?ARGV?p@?I?g@FW@SPAjABz@Bf@Dp@Ap@Kr@c@v@_A~@mB\q@Vg@Cm@??^w@ZHq@tAEDWf@]p@_AlBw@~@s@b@q@Jq@@g@E{@CkACQ@G?SFWLUR[b@y@fADJ@L?FCLEJEDK@GCGICMAM@M@GDIFEFA	Click to Generate
S2	20	1			3	Manor Park Medical Centre (S2)	Temple Park Centre (S2)	Castle View Park (S2)	1802	1352	gzwdIfcvGa@_ACCGGIGICGAG?GBWVCDC?A?MIp@kACMAM@M@GDIFEFA??HBDHx@gAZc@TSVMRGF?ARGV?p@?I?g@FW@SG?SFWLUR[b@y@fADJ@L?FCLEJrAjCr@`Bl@bBJSh@{@NUHEHAL?jBb@jA`@zBp@^Lp@T|Ah@l@^Zb@Pb@BH@DHd@Dr@A`AKv@ENe@jAe@aAQUyDq@WGaAOq@a@QSUe@KO^}@\cBNwBkAa@kBc@M?I@IDOTi@z@KRm@cBOV_@}@a@_A	Click to Generate
S2	30	1			3	Windy House Lane Pocket Park (S2)	UBU (S2)	Leaves (S2)	2424	1818	a~udIh_vGAk@I@EAGAECEEGGEKIWE]?Q@QF[JWHIJGHCP@LBDDDHDNHZ@N@NAJAL?BETt@v@~DjEELCFCBg@^AGGW??FV@Ff@_@BCBGDMNNzA|At@x@@?l@p@IJcAnAGF{@v@w@^k@^u@Ts@RYDYDg@HG??TBx@Bl@Fj@FX@HDRJ\`AzB`AtBJR@BLYRYBCDINUNY^q@BEzAqC`ByC|A}C^q@`AgB`AmBVo@Xw@L[d@y@@E@E?C@E?E?G?E?C?EAC?A?EAEAEAGCEAEEG[SmBkAGT]xAENa@jAq@|ASb@Q\_@r@q@z@pBvC??qBwCm@q@A?u@y@{A}AOO_EkEu@w@CFCFGJEDGDEBE@@j@	Click to Generate
S2	20	1			3	Leaves (S2)	Windy House Lane Pocket Park (S2)	UBU (S2)	1867	1400	qeudIhivGHQVo@Xw@L[d@y@@E@E?C@E?E?G?E?C?EAC?A?EAEAEAGCEAEEG[SmBkAGT]xAENa@jAq@|ASb@Q\_@r@q@z@pBvC??qBwCm@q@A?u@y@{A}AOOELCFCBg@^AGGW??FV@Ff@_@BCBGDMNNzA|At@x@@?l@p@IJcAnAGF{@v@w@^k@^u@Ts@RYDYDg@HG??TBx@Bl@Fj@FX@HDRJ\`AzB`AtBJR@BLYRYBCDINUNY^q@BEzAqC`ByC|A}C^q@`AgBv@{A	Click to Generate
S2	30	1			3	Leaves (S2)	Windy House Lane Pocket Park (S2)	UBU (S2)	2605	1954	idudIhgvG]l@Vo@Xw@L[d@y@@E@E?C@E?E?G?E?C?EAC?A?EAEAEAGCEAEEG[SmBkAGT]xAENa@jAq@|ASb@Q\_@r@q@z@pBvC??qBwCm@q@A?u@y@{A}AOOELCFCBg@^AGGW??FV@Ff@_@BCBGDMNNzA|At@x@@?l@p@IJcAnAGF{@v@w@^k@^u@Ts@RYDYDg@HG??TBx@Bl@Fj@FX@HDRJ\`AzB`AtBJR@BLYRYBCDINUNY^q@BEzAqC`ByC|A}C^q@`AgB`AmBVo@Xw@L[d@y@Ra@DIJUHOJSJQ`@_AN]FSTw@DOP_ABONYJg@DUDUBE@CBAB?B?D?D@DD^|@Tn@N\Rl@Jd@@HAd@ATCNENENGVGTEPKRi@F_@DODM@{@FWTO@]BK@GBC@IDGBIHEDEDABCBiAnB	Click to Generate
S2	20	1			3	Boots (S2)	Meersbrook Park Church (S2)	Alam Hill Books (S2)	1457	1093	kgtdIfl_Hd@^X\dAhANPJJEJCFILCHEJKh@ITGXIA??AAAAEICEAEUg@BqAD@T^CjAEJ@DHN@@@@??H@FYAQDq@BKBQJSNMJJPRPTRZ@BBDDHN^LZZ`A[k@KQIQOUOWWa@EGW[QQ[]{@iAMQg@s@[[IIGEGIOMKIGGOIKE]Q{@]BUXq@Vk@DKj@wAxAiDdC}FHLpAvBiC`GiA~C_@hAY~@K^NLFHFDHHZZFD	Click to Generate
S2	60	1			3	HSS Hire (S2)	Burton Roofing Merchants (S2)	Manor Park Medical Centre (S2)	7720	5790	cuxdIvdtGMJ_Bt@Ks@SaBn@wA`@gAZ_A\oADWFUTiA\sBp@yEx@kFHo@BMj@cEJg@xDfCtBjBpAjAPNDD\ZTVHFHDF@F?HEFEDCPCJ@VJXRXRPVJNDNHd@Fd@@P?PARAPIVGNIHGBG@MBI?WR[n@uAhFg@nBaEzNk@bCi@`Cy@zDy@tDO`BkAlGE`@?^?^D^D\Lf@Lv@?b@A`@EXETMVONUFU?UEUSqBaBwAsAyAaAKGYOCBOXm@`@cApAYf@[z@f@f@XRTPn@f@NLJEd@qBNJnAbADNk@fCILqAkAEO@g@KDOMi@a@EEUQYSg@g@Sr@Kd@c@`BMf@Ol@St@Of@_@fAS]Vu@Ni@CHK^Wt@R\^gANg@Ru@Nm@Lg@b@aBJe@Rs@Z{@Xg@bAqAF]Dc@Ca@CW@UFWFMDEHEJAFBD@HJDJDLVx@P`@N\n@x@vArApB`BTRTDT?TGNOLWDUDY@a@Mk@OWQKMCQDSNMXWbAa@bBm@dCg@zBm@fBi@dCWvByBfKU~@SdAa@dCcA|HW~ADRDJDFLCf@W`AcAp@s@hC_BNUFOPWZ}@j@_Bd@sA~@oCVs@d@sA^iAL[LUTa@\e@Z[VSXO^Ol@QXORMTS^]v@kANYrBkDp@kACMAM@M@GDIFEFA??HBDHx@gAZc@TSVMRGF?PAjABz@BDgBJ}AJ{@VyB^_DP}AV{BTeBPsAPcAl@kBHO??FMpAeCGyAYyFCi@GoAK{B[QGEIEOMy@g@s@i@q@o@aAgAa@a@QWW]EIOSw@gAIMIGECICW?GBG@MBI?]KQIIGq@k@GIEIEKCOEUA_@A_@C]I[KSKOGGoBiBeCuB}AeAo@a@o@_@k@bECLIn@y@jFq@xE]rBUhAtAlAf@b@j@l@U|@]z@e@|@s@v@g@`@	Click to Generate
S2	45	1			3	Premier, Steve's Convenience Shop (S2)	Meersbrook Park Church (S2)	Kingdom Hall of Jehovah's Witnesses (S2)	3752	2814	}lsdIta_HIlAtDc@^EJ@Hw@LeAn@uDBS?_@?W?gDAqADo@BYLm@HMLISkDE[CQeAoFOu@U?_Be@e@G{@@a@JsC~@yCz@BbCDbBmClGeAiB??dAhBkBfEgAdCiC`GiA~C_@hAY~@K^NLFHFDHHZZl@d@X\dAhANPJJPRPTRZ@BBDDHN^LZZ`A[k@KQIQOUOWWa@EGW[QQ[]{@iAMQg@s@[[IIGEGIOMKIGGOIKE]Q{@]BUXq@Vk@DKj@wAfC_GvAgDHLpAvBiC`GiA~C_@hAY~@K^NLFHFDHHZZl@d@X\dAhANPJJPRPTRZDHDHN^LZZ`AZ~@v@hCV|@DLFRBFJd@DJBJPj@BHLQjAiAb@e@z@}@RUDEbAaAvAcACy@E_AEuBCoD@mAFyALsBDIHmA	Click to Generate
S2	45	1			3	Boots (S2)	Another Level (S2)	The Hardy Pick (S2)	3184	2388	o`tdIvs_HBDDHN^LZZ`A[k@KQIQOUOWWa@EGW[ILCHEJKh@ITGXIA??AAAAEICEAEUg@BqAD@T^CjAEJ@DHN@@@@??H@FYAQDq@BKBQJS[]{@iAMQGRENAD?DAHAJAt@AP?R_AKECCC?C?CLaC@Y?G@IDUDQZZj@b@@@ELg@s@[[IIGEGIOMKIGGOIKEA\GnAKnCALCJEFYn@CD?DAD?B?D@D@DXj@fAzBLZFTDRF`@@^E@C@A?C@EBCDe@p@v@pBlAzCHPf@{@Se@GO_@}@JSV_@c@r@^|@FNRd@g@z@IQmA{Cw@qBEDCDCBGFIFEBSFOBa@DE?KJIFCBIFEACACCCAAGGQCIEMAGEKEOISQk@]u@oAeDg@kAeAgCi@oAMc@Y_ACMCICCEIEGEGGEa@UaAm@kBiAmAs@MIIIGGIIGMEIOc@EKAKCME]K}@Gc@Ks@ASEc@Ce@T@B?H?XAFAF?REZ?b@Av@A\?V?J@H@D@B@JDHDHHTRTTX\PTPTZd@`@n@f@t@f@t@HLFFDHLNDFBBVXLLFDXPNJNHPLTH\Pd@PHBFBZLz@\\PJDNHFFJHNLFHFDHHZZl@d@X\dAhANPJJPRPTRZ@B	Click to Generate
S2	45	1			3	74th Oak Street Scout Group (S2)	Cat Lane Bakery (S2)	Wobbly Wheel Cyclery (S2)	3135	2351	abtdItz|GDjAEV`@FZ`CFfCw@D@J@p@BrBDlCWBM@a@?mAMG?E?eE[c@k@}Aw@gAq@[Oq@][a@IOIUMSi@_@P_ABc@Bg@?_@AaA?G?M@I?E@G?C@GBMCEEGMQZg@JSBGBIHW@AH_@FQJa@@EDSJ_@Ng@V_ApCwIBITMHEFCBADAP?RBTFf@VD@@@DBjAr@VJ^FDPAVYnASjAEd@Eb@A\Ab@@\@p@D|@o@LmAPsBVI?i@OgAUu@Qq@QGPI^A@IVCHCFKR[f@LPDFBDF@D@PDPDz@RB?`AT@?TFPB`AVl@NzBf@n@NB?^HNDZ@@ZIj@Q~@Gt@EnAAjAH~A?^F?lAL`@?LAVCn@ED?F?v@GbAG?FJtGnBKKsG?GOqKCK@_@@WAIAIoGeAa@GDWEkA	Click to Generate
S2	20	1			3	Top Chopper (S2)	Broadfield Park (S2)	The Hardy Pick (S2)	1637	1228	qktdIts`H??SQ]Y]UOKEESOSQKIEd@?BDi@CCGGCEEIEIEGKUISCKGMEMCKCMIi@ESESEOGSc@w@GGC[BEHENIPI`@QDC\MJCFCHCDAD?R?@NBJ@F?R@R?JEh@A^Ab@?@EpA?HAHCHAHAFIVEJCHKVKUISCKGMEMCKCMIi@ESESEOGSc@w@GGC[BEHENIPI`@QDC\MJCFCHCDAD?R?P?F?PBD?`@ENCRGDCHGFGBCBEDEv@pBlAzCHPf@{@Se@GO_@}@JSV_@c@r@^|@FNRd@g@z@IQmA{Cw@qBEDCDCBGFIFEBSFOBa@DE?KJIFCBIF?R@R?JEh@A^Ad@EpA?`A?f@?L?P?JBVRPRNDDNJ\T\XRP??	Click to Generate
S2	30	1			3	Newfield Green Library (S2)	Gleadless Medical Centre (S2)	Pizza City (S2)	2701	2026	actdI~_zGbAwBBCTe@f@aAP]h@eAHKLKBCTAF@JFHLHRDX@\?Z@RA\?H?JI?MJ[h@CBQVY`@AL?F?BHRKLKLMJiB`BQNUTKNILSZOXCDGHADOZA@CFGHMRKPKRADHNZl@??[m@IOMVCFITEHCLKIGGEGGGQKMIm@YIAFu@HsA?IBe@@OEQMIK?a@NK@KEGKGOAS?C?WJo@@KPy@Py@H]@GLm@VqADSBKJw@@IAUCQIMICEAQHYTSRQRGDGFIBEA[EBc@J{AFeAF_A@[B[By@@WfATB_@C^gAUAVCx@Ev@G~@GdAKzACb@Gz@?FIfAGt@E`@Kz@EZEXG\Sz@Qv@Wx@Od@MXGNMXSd@EHGHMVHR@BBBHDJ?F?FC`B]r@On@OVGFAF?F?F?PD`@LH@l@XLHPJRAFAH?DCHCBGLW@EJSJQLSFIBG@AN[@EFIBENYR[HMJOTUPOhBaBLKJMJM`@k@BCPYf@s@AKAI?M?K?I@]AS?[A]EYISIMKGGAU@CBMJIJi@dAQ\g@`AUd@CBcAvB	Click to Generate
S2	30	1			3	Nether Edge Primary School (S2)	Broadfield Park (S2)	Virgin Crucible (S2)	2460	1845	qytdI~oaHHUJ]BKFWPw@Hc@TkANq@`@_CFc@d@uE^aEL_BFi@BM?EBG@EN]DFDHDHBDFFBBJHRPRNDDNJ\T\XRPQr@CFAFUhAAJ[zAERMj@AD?B?B?D@B@BJFr@d@FDFDl@wCBONu@XwAQWIKKMKKKKMKSQ]Y]UOKEESOSQKICCGGCEEIEIEGKUISCKGMEMCKCMIi@ESESEOGSc@w@GGC[BEHENIPI`@QDC\MJCFCHCDAD?R?@NBJ@F?R@R?JEh@A^Ab@?@EpA?HAHCHAHAFIVEJCHKVKUISCKGMEMCKCMIi@ESESEOGSc@w@GGC[BEHENIPI`@QDC\MJCFCHCDAD?R?P?F?PBD?`@ENCSkCCYCUCOIQIWM]Zk@[j@L\HVHPBNBTVdDOBa@DE?KJIFCBIF?R@R?JEh@A^Ad@EpA?HAHCHAHAFIVEJCHKVO\ADCF?DCLGh@M~A_@`Ee@tEGb@a@~BOp@UjAIb@Qv@GVCJK\IT	Click to Generate
S2	30	1			3	Broadfield Park (S2)	The Hardy Pick (S2)	Virgin Crucible (S2)	2195	1646	_mtdIbx`HAJ[zAERMj@AD?B?B?D@B@BJFr@d@FDFDl@wCBONu@XwAQWIKKMKKKKMKSQ]Y]UOKEESOSQKICCGGCEEIEIEGKUISCKGMEMCKCMIi@ESESEOGSc@w@GGC[BEHENIPI`@QDC\MJCFCHCDAD?R?@NBJ@F?R@R?JEh@A^Ab@?@EpA?HAHCHAHAFIVEJCHKVKUISCKGMEMCKCMIi@ESESEOGSc@w@GGC[BEHENIPI`@QDC\MJCFCHCDAD?R?P?F?PBD?`@ENCRGDCHGFGBCBEDEv@pBlAzCHPf@{@Se@GO_@}@JSV_@c@r@^|@FNRd@g@z@IQmA{Cw@qBEDCDCBGFIFEBSFSkCCYCUCOIQIWM]Zk@[j@L\HVHPBNBTVdDOBa@DE?KJIFCBIF?R@R?JEh@A^Ad@EpA?`A?f@?L?P?JBVRPRNDDNJ\T\XRPQr@CFAFUhA	Click to Generate
S2	45	1			3	Newfield Green Dental Surgery (S2)	Daily News & Cards (S2)	Pizza City (S2)	3141	2356	_etdIfgzGFJJRCDGHADOZA@CFGHMRKPKRADMVCFITEHCLKIGGEGGGQKMIm@YIAFu@HsA?Ic@Gb@F?HIrAGt@H@l@XLHPJRAD?@AH?DCHCBGLW@EJSJQLSFIBG@AN[@EFIBENYR[HMJOTUPOhBaBLKJMJM`@k@BCPYf@s@AKAI?M?K?I@]AS?[A]EYISIMKGGAU@CBMJIJi@dAQ\g@`AUd@CBIN{@fBdAwBBCTe@f@aAP]h@eAHKLKBCTAF@JFHLHRDX@\?Z@RA\?H?J?L@H@Jg@r@QXCBa@j@KLKLMJiB`BQNUTKNILSZOXCDGHADOZA@CFGHMRKPKRADMVCFITEHCLKIGGEGGGQKMIm@YIAFu@HsA?IBe@@OEQMIK?a@NK@KEGKGOAS?C?WJo@@KPy@Py@H]@GLm@VqADSBKJw@@IAUCQIMICEAQHYTSRQRGDGFIBEA[EBc@J{AFeAF_A@[B[By@@WfATB_@C^gAUAVCx@Ev@G~@GdAKzACb@Gz@?FIfAGt@E`@Kz@EZEXG\Sz@Qv@Wx@Od@MXGNMXSd@EHGHMVHR@BBBHDJ?F?FC`B]r@On@OVGFAF?F?F?PD`@LH@l@XLHPJRAFAH?DCHCBGLW@EJSJQLSFIBG@AN[@EFIBEKSGK	Click to Generate
S2	30	1			3	Newfield Green Clinic (S2)	Daily News & Cards (S2)	Pizza City (S2)	2668	2001	mhtdIvmzG@AH?DCHCBGLW@EJSJQLSFIBG@AN[@EFIBEKSGK??FJJRNYR[HMJOTUPOhBaBLKJMJM`@k@BCPYf@s@AKAI?M?K?I@]AS?[A]EYISIMKGGAU@CBMJIJi@dAQ\g@`AUd@CBIN{@fBdAwBBCTe@f@aAP]h@eAHKLKBCTAF@JFHLHRDX@\?Z@RA\?H?J?L@H@Jg@r@QXCBa@j@KLKLMJiB`BQNUTKNILSZOXCDGHADOZA@CFGHMRKPKRADMVCFITEHCLKIGGEGGGQKMIm@YIAFu@HsA?IBe@@OEQMIK?a@NK@KEGKGOAS?C?WJo@@KPy@Py@H]@GLm@VqADSBKJw@@IAUCQIMICEAQHYTSRQRGDGFIBEA[EBc@J{AFeAF_A@[B[By@@WfATB_@C^gAUAVCx@Ev@G~@GdAKzACb@Gz@?FIfAGt@E`@Kz@EZEXG\Sz@Qv@Wx@Od@MXGNMXSd@EHGHMVHR@BBBHDJ?F?FC`B]r@On@OVGFAF?F?F?PD`@LH@l@XLHPJRAD?	Click to Generate
S2	30	1			3	One Stop Mini Market (S2)	Gleadless Medical Centre (S2)	Pizza City (S2)	2703	2027	g|sdIr}yGPWBCZi@LKH??K?I@]AS?[A]EYISIMKGGAU@CBMJIJi@dAQ\g@`AUd@CB}@jBGJdAwBBCTe@f@aAP]h@eAHKLKBCTAF@JFHLHRDX@\?Z@RA\?H?J?L@H@Jg@r@QXCBa@j@KLKLMJiB`BQNUTKNILSZOXCDGHADOZA@CFGHMRKPKRADHNZl@??[m@IOMVCFITEHCLKIGGEGGGQKMIm@YIAFu@HsA?IBe@@OEQMIK?a@NK@KEGKGOAS?C?WJo@@KPy@Py@H]@GLm@VqADSBKJw@@IAUCQIMICEAQHYTSRQRGDGFIBEA[EBc@J{AFeAF_A@[B[By@@WfATB_@C^gAUAVCx@Ev@G~@GdAKzACb@Gz@?FIfAGt@E`@Kz@EZEXG\Sz@Qv@Wx@Od@MXGNMXSd@EHGHMVHR@BBBHDJ?F?FC`B]r@On@OVGFAF?F?F?PD`@LH@l@XLHPJRAFAH?DCHCBGLW@EJSJQLSFIBG@AN[@EFIBENYR[HMJOTUPOhBaBLKJMJMIS?C?G@MXa@	Click to Generate
S2	45	1			3	Gleadless Medical Centre (S2)	Pizza City (S2)	Arbourthorne Community Primary School (S2)	3252	2439	satdIn}yGTg@BCTe@f@aAP]h@eAHKLKBCTAF@JFHLHRDX@\?Z@RA\?H?J?L@H@Jg@r@QXCBa@j@KLKLMJiB`BQNUTKNILSZOXCDGHADOZA@CFGHMRKPKRADHNZl@??[m@IOMVCFITEHCLKIGGEGGGQKMIm@YIAFu@HsA?IBe@@OEQMIK?a@NK@KEGKGOAS?C?WJo@@KPy@Py@H]@GLm@VqADSBKJw@@IAUCQIMICEAQHYTSRQRGDGFIBEA[EBc@J{AFeAF_A@[B[By@@WBw@@m@Bo@@i@@g@@e@?G?M?O@c@G@MFa@Po@\aAj@a@VSLYPiBpAg@\e@\}@r@y@n@EBPbBJ|@D^Lr@Lp@BLFXDJJKHGFADDDJBFFFBAtAy@??uAx@C@GGCGEKEEG@IFKJFRJ\BDFNLZNRPZZ^LJJHRRNJh@b@h@\j@\TL^RSz@Qv@Wx@Od@MXGNMXSd@EHGHMVHR@BBBHDJ?F?FC`B]r@On@OVGFAF?F?F?PD`@LH@l@XLHPJRAFAH?DCHCBGLW@EJSJQLSFIBG@AN[@EFIBENYR[HMJOTUPOhBaBLKJMJM`@k@BCPYf@s@AKAI?M?K?I@]AS?[A]EYISIMKGGAU@CBMJIJi@dAQ\g@`AUd@CBUf@	Click to Generate
S2	60	1			3	Meersbrook Service Station (S2)	74th Oak Street Scout Group (S2)	Gleadless Medical Centre (S2)	4311	3233	{jtdIt_|GNENSRa@Xu@b@gBBYCYM[U`@MZc@pAKXKPA@OFI@G?IAKAIp@Gf@CLGb@CRENI\IZK\CHqCvIW~@Of@K^ERADK`@GPI^A@IVCHCFKR[f@LPDFBDF@D@PDPDz@RB?`AT@?TFPB`AVl@NzBf@n@NB?^HNDZ@PGNQh@s@Tg@DWEkAAOHmBN}@RyAFUJ]hB\~Bb@rBjFQDqDo@qEw@IlBFzAEV`@FZ`CFfCw@D@J@p@BrBDlCWBM@a@?mAMG?E?eE[c@k@}Aw@gAq@[Oq@][a@IOIUMSi@_@P_ABc@Bg@?_@AaA?G?M@I?E@G?C@GBMCEEGMQZg@JSBGBIHW@AH_@FQJa@@EDSJ_@Ng@V_ApCwIBIJ]H[H]DOBSFc@BMFg@Hq@J}@LkAT{ANeABOVsBBYHuAFoAHsAHoADs@Dq@@_@?S?S?a@@c@Ae@?]ASAS?AC_@Em@GeACS?I?CAO?I@M?K@O@O@KDSDSBMDIHUBGLWHNZl@??[m@IOMVCFITEHCLERERAJANAN?JAL?H@N?B?HBRFdADl@B^?@@R@R?\@d@Ab@?`@?R?RA^Ep@Er@InAIrAGnAItACXWrBCNOdAUzAMjAK|@J@H@F?HANG@AJQJYb@qAL[Ta@LZBXCXc@fBYt@S`@OROD	Click to Generate
S2	30	1			3	Temple Park Centre (S2)	Castle View Park (S2)	Manor Park Medical Centre (S2)	2445	1834	ifwdIxluGMVBl@Wf@]p@_AlBw@~@s@b@q@Jq@@g@E{@CkACQ@ARGV?p@?I?g@FW@SG?SFWLUR[b@y@fADJ@L?FCLEJrAjCr@`Bl@bBJSh@{@NUHEHAL?jBb@jA`@zBp@^Lp@T|Ah@l@^Zb@Pb@BH@DHd@Dr@A`AKv@ENe@jAe@aAQUyDq@WGaAOq@a@QSUe@KO^}@\cBNwBkAa@kBc@M?I@IDOTi@z@KRm@cBs@aBsAkCEDK@GCGICMAM@M@GDIFEFA??HBDHx@gAZc@TSVMRGF?PAjABz@Bf@Dp@Ap@Kr@c@v@_A~@mB\q@Vg@Cm@LW	Click to Generate
S2	20	1			3	Gin Bar (S2)	Broadfield Park (S2)	The Hardy Pick (S2)	1704	1278	altdIfs`HCC]Y]UOKEESOSQKICCGGCEEIEIEGKUISCKGMEMCKCMIi@ESESEOGSc@w@GGGGGIQYGPEFMVDL@@BH?F?vC?V?zB?|@A\AZCn@\J@?B@@B@@@B@BBD?B@D?FHlA?B?B@D?B@@@B@B@@@@BB@?B@VH^aEL_BFi@@C@I?EBG@EN]JWBIDKHW@G@IBI@I?IDqA?A@c@@_@Eg@ASAMASCQGQR?P?F?PBD?`@ENCRGDCHGFGBCBEDEv@pBlAzCHPf@{@Se@GO_@}@JSV_@c@r@^|@FNRd@g@z@IQmA{Cw@qBEDCDCBGFIFEBSFOBa@DE?KJIFCBIF?R@R?JEh@A^Ad@EpA?`A?f@?L?P?JBVRPRNDDNJ\T\XBB	Click to Generate
S2	15	1			3	International Automatic Cars (S2)	Boots (S2)	Meersbrook Park Church (S2)	1437	1078	oftdI`m_HHDELg@s@[[IIGEGIOMKIGGOIKE]Q{@]BUXq@Vk@DKPXVd@H@t@aBu@`BIACES_@QYEJWj@Yp@CTz@\\PJDNHFFJHNLFHFDHHZZl@d@X\dAhANPJJEJCFILCHEJKh@ITGXIA??AAAAEICEAEUg@BqAD@T^CjAEJ@DHN@@@@??H@FYAQDq@BKBQJSNMJJPRPTRZ@BBDDHN^LZZ`A[k@KQIQOUOWWa@EGW[QQ[]{@iAMQGRENAD?DAHAJAt@AP?R_AKECCC?C?CLaC@Y?G@IDUDQZZb@^	Click to Generate
S2	30	1			3	Newfield Green Library (S2)	Gleadless Medical Centre (S2)	Pizza City (S2)	2691	2018	{btdIr_zG|@kBBCTe@f@aAP]h@eAHKLKBCTAF@JFHLHRDX@\?Z@RA\?H?JI?MJ[h@CBQVY`@AL?F?BHRKLKLMJiB`BQNUTKNILSZOXCDGHADOZA@CFGHMRKPKRADHNZl@??[m@IOMVCFITEHCLKIGGEGGGQKMIm@YIAFu@HsA?IBe@@OEQMIK?a@NK@KEGKGOAS?C?WJo@@KPy@Py@H]@GLm@VqADSBKJw@@IAUCQIMICEAQHYTSRQRGDGFIBEA[EBc@J{AFeAF_A@[B[By@@WfATB_@C^gAUAVCx@Ev@G~@GdAKzACb@Gz@?FIfAGt@E`@Kz@EZEXG\Sz@Qv@Wx@Od@MXGNMXSd@EHGHMVHR@BBBHDJ?F?FC`B]r@On@OVGFAF?F?F?PD`@LH@l@XLHPJRAFAH?DCHCBGLW@EJSJQLSFIBG@AN[@EFIBENYR[HMJOTUPOhBaBLKJMJM`@k@BCPYf@s@AKAI?M?K?I@]AS?[A]EYISIMKGGAU@CBMJIJi@dAQ\g@`AUd@CB}@jB	Click to Generate
S2	60	1			3	The Cholera Monument (S2)	Path up to the Cholera Monument, Sheffield (S2)	Sheffield Inclusion Centre (S2)	5968	4476	oexdIn}{GkAmBwA`DFLHJf@f@RPz@x@tAtABB~@~@DBb@b@FK@CDEDCFA|B_@@ABA@C@C@C?C@GCa@c@F??b@GB`@AF?BABABABC@A@u@LgAPG@EBEDABGJc@c@EC_A_ACCuAuA{@y@SQg@g@IKGMCECICImAqEWcAW}@Su@EQCKEKQu@y@}CMi@Kc@HIHKNO`AeANS`AeANSDEFE`@e@dCgDLSXe@JSP_@h@yAzAqEJWhHaTBKBITo@b@sAf@sAL]P]b@}@`@u@d@s@DGFINOTUZ]fBeBRS^]BADEFG~BuBrFgFDEFEzCuCv@u@|@_ARQDEDEx@u@^]nAqA\m@~@cBf@aA^m@`@u@h@_AFMDIP[HMDIDKDEb@w@HKd@{@jBkDj@cABFBFj@lAVj@d@`ATf@Tf@@Bl@rAb@~@FL`@~@b@hARl@?BN`@UTu@t@qBjBw@v@eAbAcA~@I[Ke@GUw@_DCGIUOEIAGA?S?O?KCQKc@e@{AIUCGMc@KKGGIGCCEAK?i@~@a@t@_@l@g@`A_AbB]l@oApA_@\y@t@EDEDSP}@~@w@t@{CtCGDEDsFfF_CtBGFEDC@_@\SRgBdB[\UTAj@?JGnCE|BEtBKtFKxFAPCfAAx@An@Aj@U@C@A@CDgElMiBjEKVYn@ABm@vAmCjGCDuA|CuAdDGLjAlB	Click to Generate
S2	60	1			3	Sheffield Cholera Monument (S2)	Substantial Victorian houses in Norfolk Road (S2)	Sheffield Inclusion Centre (S2)	5721	4291	_}wdIdh|Gt@M@ABA@C@C@C?C@GCa@c@F??b@GB`@AF?BABABABC@A@}B^G@EBEDABGJc@c@EC_A_ACCuAuA{@y@SQg@g@IKGMvAaDFMn@}Ad@gAtA}CBElCkGl@wA@CXo@JWhBkEfEmMBE@ABATA@k@@o@@y@BgA@QJyFJuFDuBD}BFoC?K@k@TUZ]fBeBRS^]BADEFG~BuBrFgFDEFEzCuCv@u@|@_ARQDEDEx@u@^]nAqA\m@~@cBf@aA^m@`@u@h@_AFMDIP[HMDIDKDEb@w@HKd@{@jBkDj@cABFBFj@lAVj@d@`ATf@Tf@@Bl@rAb@~@FL`@~@b@hARl@?BN`@UTu@t@qBjBw@v@eAbAcA~@I[Ke@GUw@_DCGIUOEIAGA?S?O?KCQKc@e@{AIUCGMc@KKGGIGCCEAK?i@~@a@t@_@l@g@`A_AbB]l@oApA_@\y@t@EDEDSP}@~@w@t@{CtCGDEDsFfF_CtBGFEDC@_@\SRgBdB[\UTAj@?JGnCE|BEtBKtFKxFAPCfAAx@An@Aj@U@C@A@CDgElMiBjEKVYn@ABm@vAmCjGCDuA|CuAdDGLwA`DFLHJf@f@RPz@x@tAtABB~@~@DBb@b@FK@CDEDCFAfAQ	Click to Generate
S2	45	1			3	Arbourthorne Community Primary School (S2)	Daily News & Cards (S2)	Newfield Green Clinic (S2)	3319	2489	mltdIdiyGC^gAUAVCx@Ev@G~@GdAKzACb@Gz@?FIfAGt@E`@Kz@EZEXG\_@SUMk@]i@]i@c@OKSSKIMK[_@Q[OSM[GOCEK]GSJKHGFADDDJBFFFBAtAy@??uAx@C@GGCGEKEEG@IFKJFRJ\BDFNLZNRPZZ^LJJHRRNJh@b@h@\j@\TL^RSz@Qv@Wx@Od@MXGNMXSd@EHGHMVHR@BBBHDJ?F?FC`B]r@On@OVGFAF?F?F?PD`@LH@l@XLHPJRAFAH?DCHCBGLW@EJSJQLSFIBG@AN[@EFIBENYR[HMJOTUPOhBaBLKJMJM`@k@BCPYf@s@AKAI?M?K?I@]AS?[A]EYISIMKGGAU@CBMJIJi@dAQ\g@`AUd@CBIN{@fBdAwBBCTe@f@aAP]h@eAHKLKBCTAF@JFHLHRDX@\?Z@RA\?H?J?L@H@Jg@r@QXCBa@j@KLKLMJiB`BQNUTKNILSZOXKSGK??FJJRCDGHADOZA@CFGHMRKPKRADMVCFITEHCLKIGGEGGGQKMIm@YIAFu@HsA?IBe@@OEQMIK?a@NK@KEGKGOAS?C?WJo@@KPy@Py@H]@GLm@VqADSBKJw@@IAUCQIMICEAQHYTSRQRGDGFIBEA[EBc@J{AFeAF_ADw@By@@WfATB_@	Click to Generate
S2	60	1			3	Burton Roofing Merchants (S2)	Makro (S2)	Manor Park Medical Centre (S2)	5448	4086	s_ydIx_vGj@qCo@g@UQYSg@g@Sr@Kd@c@`BMf@Ol@St@Of@_@fAS]Vu@Ni@CHK^Wt@R\a@z@u@`BUf@INmAfBOTkAvAUg@O[CISc@Sa@Sa@Q_@??m@bAu@tAVZNPDFV\TXX\RVELGJy@fB]`AK\g@dBSz@UhACPQjAKx@QvAIt@Kr@CNe@xBr@vAP\r@xABFl@hAd@|@@BDJFHFHJJn@f@JF\R~Az@@?B@F@@A@?B?@?BADELUR]v@sBv@wBf@uAb@cBXu@LSJQFIp@i@d@WTMLCf@W`AcAp@s@hC_BNUFOPWZ}@j@_Bd@sA~@oCVs@d@sA^iAL[LUTa@\e@Z[VSXO^Ol@QXORMTS^]v@kANYrBkDp@kACMAM@M@GDIFEFA??HBDHx@gAZc@TSVMRGF?PAjABz@BDgBJ}AJ{@VyB^_DP}AV{BTeBPsAPcAl@kBHO??FMpAeCGyAYyFCi@GoAK{B[QGEIEOMy@g@s@i@q@o@aAgAa@a@QWW]EIOSw@gAIMIGECICW?GBG@MBI?WR[n@uAhFg@nBaEzNk@bCi@`Cy@zDy@tDO`BkAlGE`@?^?^D^D\Lf@Lv@?b@A`@EXETMVONUFU?UEUSqBaBwAsAyAaAKGYOCBOXm@`@cApAYf@[z@f@f@XRTPn@f@k@pC	Click to Generate
S2	60	1			3	Burton Roofing Merchants (S2)	Makro (S2)	Manor Park Medical Centre (S2)	5413	4060	g}xdIf}uGEO@g@KDOMo@g@UQYSg@g@Sr@Kd@c@`BMf@Ol@St@Of@_@fAS]Vu@Ni@CHK^Wt@R\a@z@u@`BUf@INmAfBOTkAvAUg@O[CISc@Sa@Sa@Q_@??m@bAu@tAVZNPDFV\TXX\RVELGJy@fB]`AK\g@dBSz@UhACPQjAKx@QvAIt@Kr@CNe@xBr@vAP\r@xABFl@hAd@|@@BDJFHFHJJn@f@JF\R~Az@@?B@F@@A@?B?@?BADELUR]v@sBv@wBf@uAb@cBXu@LSJQFIp@i@d@WTMLCf@W`AcAp@s@hC_BNUFOPWZ}@j@_Bd@sA~@oCVs@d@sA^iAL[LUTa@\e@Z[VSXO^Ol@QXORMTS^]v@kANYrBkDp@kACMAM@M@GDIFEFA??HBDHx@gAZc@TSVMRGF?PAjABz@BDgBJ}AJ{@VyB^_DP}AV{BTeBPsAPcAl@kBHO??FMpAeCGyAYyFCi@GoAK{B[QGEIEOMy@g@s@i@q@o@aAgAa@a@QWW]EIOSw@gAIMIGECICW?GBG@MBI?WR[n@uAhFg@nBaEzNk@bCi@`Cy@zDy@tDO`BkAlGE`@?^?^D^D\Lf@Lv@?b@A`@EXETMVONUFU?UEUSqBaBwAsAyAaAKGYOCBOXm@`@cApAYf@[z@f@f@XRTPn@f@NLJEAf@DN	Click to Generate
S2	60	1			3	Burton Roofing Merchants (S2)	Makro (S2)	Manor Park Medical Centre (S2)	5440	4080	s|xdIz}uGSSEO@g@KDOMo@g@UQYSg@g@Sr@Kd@c@`BMf@Ol@St@Of@_@fAS]Vu@Ni@CHK^Wt@R\a@z@u@`BUf@INmAfBOTkAvAUg@O[CISc@Sa@Sa@Q_@??m@bAu@tAVZNPDFV\TXX\RVELGJy@fB]`AK\g@dBSz@UhACPQjAKx@QvAIt@Kr@CNe@xBr@vAP\r@xABFl@hAd@|@@BDJFHFHJJn@f@JF\R~Az@@?B@F@@A@?B?@?BADELUR]v@sBv@wBf@uAb@cBXu@LSJQFIp@i@d@WTMLCf@W`AcAp@s@hC_BNUFOPWZ}@j@_Bd@sA~@oCVs@d@sA^iAL[LUTa@\e@Z[VSXO^Ol@QXORMTS^]v@kANYrBkDp@kACMAM@M@GDIFEFA??HBDHx@gAZc@TSVMRGF?PAjABz@BDgBJ}AJ{@VyB^_DP}AV{BTeBPsAPcAl@kBHO??FMpAeCGyAYyFCi@GoAK{B[QGEIEOMy@g@s@i@q@o@aAgAa@a@QWW]EIOSw@gAIMIGECICW?GBG@MBI?WR[n@uAhFg@nBaEzNk@bCi@`Cy@zDy@tDO`BkAlGE`@?^?^D^D\Lf@Lv@?b@A`@EXETMVONUFU?UEUSqBaBwAsAyAaAKGYOCBOXm@`@cApAYf@[z@f@f@XRTPn@f@NLJEAf@DNRR	Click to Generate
S2	45	1			3	Arbourthorne Community Primary School (S2)	Momma Katz (S2)	Newfield Green Library (S2)	3117	2338	cotdI|lyGAZG~@GdAKzACb@Gz@?FIfAGt@E`@Kz@EZEXG\_@SUMk@]i@]i@c@OKSSKIMK[_@Q[OSM[GOCEK]GSJKHGFADDDJBFFFBAtAy@??uAx@C@GGCGEKEEG@IFKJFRJ\BDFNLZNRPZZ^LJJHRRNJh@b@h@\j@\TL^RSz@Qv@Wx@Od@MXGNMXSd@EHGHMVHR@BBBHDJ?F?FC`B]r@On@OVGFAF?F?F?PD`@LH@l@XLHPJRAFAH?DCHCBGLW@EJSJQLSFIBG@AN[@EFIBENYR[HMJOTUPOhBaBLKJMJM`@k@BCPYf@s@AKAI?M?K?I@]AS?[A]EYISIMKGGAU@CBMJIJi@dAQ\g@`AUd@CBcAvBA?dAwBBCTe@f@aAP]h@eAHKLKBCTAF@JFHLHRDX@\?Z@RA\?H?JI?MJ[h@CBQVY`@AL?F?BHRKLKLMJiB`BQNUTKNILSZOXCDGHADOZA@CFGHMRKPKRADMVCFITEHCLKIGGEGGGQKMIm@YIAFu@HsA?IBe@@OEQMIK?a@NK@KEGKGOAS?C?WJo@@KPy@Py@H]@GLm@VqADSBKJw@@IAUCQIMICEAQHYTSRQRGDGFIBEA[EBc@J{AFeAF_A@[	Click to Generate
S2	20	1			3	East Bank Medical Centre (S2)	The Spires Centre (S2)	Springs Leisure Centre (S2)	1882	1412	k{tdIvxwGAFAXDVJTLFH@@`@B^BbAFrALCH?ZGNCb@Er@I`@G?YEqAC_@mANlAOHpB?XDAl@Ir@KI}@Gy@Em@AICe@C_@Ca@Cg@Ag@Ci@A]?_@AS?KAU?y@?q@?_A?e@@]@e@Bg@BW@]Dm@FaABi@Bc@D}@Bu@D}A@}@?G?Y?]?K?_@?]AQASCYF?FDP\N^WNQH?^?J?\?X?FA|@E|ACt@E|@Cb@Ch@G`AEl@A\CVCf@Ad@A\?d@?~@?N?`@?x@@T?J@R?^p@IJC~@Sx@ODE?G??Cu@UBe@nA_ARKBq@H@\Bh@@f@Bf@yARoBXOBQ@EWEQKKWCGDIHELCJ	Click to Generate
S2	45	1			3	Mandala (S2)	Heeley Sidings (S2)	The Hardy Pick (S2)	3228	2421	wgtdInn_H_@QGC@Y?G@IDUDQIIGEGIOMKIGGOIKEA\GnALBMCFoA@]HB@@NHFFJHNLFHFDHHZZl@d@X\dAhANPJJEJCFILCHEJKh@ITGXD\@B@@BFn@pARa@R]u@}AMV@R@Dj@hAS`@o@qAEIACE]FYAQDq@BKBQJS[]{@iAMQg@s@[[IIGEGIOMKIGGOIKEA\GnAKnCALCJEFYn@CD?DAD?B?D@D@DXj@fAzBLZFTDRF`@@^E@C@A?C@EBCDe@p@v@pBlAzCHPf@{@Se@GO_@}@JSV_@c@r@^|@FNRd@g@z@IQmA{Cw@qBEDCDCBGFIFEBSFOBa@DE?KJIFCBIFEACACCCAAGGQCIEMAGEKEOISQk@]u@oAeDg@kAeAgCi@oAMc@Y_ACMCICCEIEGEGGEa@UaAm@kBiAmAs@MIIIGGIIGMEIOc@EKAKCME]K}@Gc@Ks@ASEc@Ce@T@B?H?XAFAF?REZ?b@Av@A\?V?J@H@D@B@JDHDHHTRTTX\PTPTZd@`@n@f@t@f@t@HLFFDHLNDFBBVXLLFDXPNJNHPLTH\Pd@PHBFBZLz@\\PJDNHFFJHNLFHFDHHZZl@d@ELGRENADECUK	Click to Generate
S2	45	1			3	I Said Bread (S2)	Kingdom Hall of Jehovah's Witnesses (S2)	Meersbrook Park (S2)	3496	2622	q}sdIxi~GdAhBlCmGEcBmBHMaHKuG?G{BNG?E?o@DWBJlIDDt@ARAHlDHbFDZuCzG]z@wAfDgC~Fk@vAEJWj@Yp@CTz@\\PJDNHFFJHNLFHFDHHZZl@d@X\dAhANPJJPRPTRZDHDHN^LZZ`AZ~@v@hCV|@DLFRBFJd@DJBJPj@BHLQjAiAb@e@z@}@RUDEbAaAvAcACy@E_AEuBCoD@mAFyALsBDIHmA??IlAtDc@^EJ@Hw@LeAn@uDBS?_@?W?gDAqADo@BYLm@HMLISkDE[CQeAoFOu@U?_Be@e@G{@@a@JsC~@yCz@BbCDbBmClGeAiB	Click to Generate
S2	20	1			3	Boots (S2)	Alam Hill Books (S2)	Meersbrook Park Church (S2)	1691	1268	uhtdI`k_HDBZZl@d@X\dAhANPJJEJCFILCHEJKh@ITGXIA??AAAAEICEAEUg@BqAD@T^CjAEJ@DHN@@@@??H@FYAQDq@BKBQJS[]{@iAMQg@s@[[IIGEGIOMKIGGOIKE]Q{@]BUXq@Vk@DKj@wAxAiDdC}FHLpAvBiC`GiA~C_@hAY~@K^NLFHFDHHZZl@d@X\dAhANPJJPRPTRZ@BBDDHN^LZZ`A[k@KQIQOUOWWa@EGW[QQ[]{@iAMQg@s@[[EC	Click to Generate
S2	20	1			3	Boots (S2)	Alam Hill Books (S2)	Meersbrook Park Church (S2)	1682	1262	mhtdIfk_HXXl@d@X\dAhANPJJEJCFILCHEJKh@ITGXIA??AAAAEICEAEUg@BqAD@T^CjAEJ@DHN@@@@??H@FYAQDq@BKBQJS[]{@iAMQg@s@[[IIGEGIOMKIGGOIKE]Q{@]BUXq@Vk@DKj@wAxAiDdC}FHLpAvBiC`GiA~C_@hAY~@K^NLFHFDHHZZl@d@X\dAhANPJJPRPTRZ@BBDDHN^LZZ`A[k@KQIQOUOWWa@EGW[QQ[]{@iAMQg@s@YY	Click to Generate
S2	30	1			3	Nether Edge Primary School (S2)	Broadfield Park (S2)	Virgin Crucible (S2)	2329	1747	wwtdItjaHBITkANq@`@_CFc@d@uE^aEL_BFi@BM?EBG@EN]DFDHDHBDFFBBJHRPRNDDNJ\T\XRPQr@CFAFUhAAJ[zAERMj@AD?B?B?D@B@BJFr@d@FDFDl@wCBONu@XwAQWIKKMKKKKMKSQ]Y]UOKEESOSQKICCGGCEEIEIEGKUISCKGMEMCKCMIi@ESESEOGSc@w@GGC[BEHENIPI`@QDC\MJCFCHCDAD?R?@NBJ@F?R@R?JEh@A^Ab@?@EpA?HAHCHAHAFIVEJCHKVKUISCKGMEMCKCMIi@ESESEOGSc@w@GGC[BEHENIPI`@QDC\MJCFCHCDAD?R?P?F?PBD?`@ENCSkCCYCUCOIQIWM]Zk@[j@L\HVHPBNBTVdDOBa@DE?KJIFCBIF?R@R?JEh@A^Ad@EpA?HAHCHAHAFIVEJCHKVO\ADCF?DCLGh@M~A_@`Ee@tEGb@a@~BOp@UjACH	Click to Generate
S2	60	1			3	Woodbourn Road Stadium (S2)	Makro (S2)	Highfield Motors (S2)	4510	3382	efzdIt|vGBE~@iAPe@Bo@yFcGs@cAe@_@m@_@OGq@s@aAeAIGMGM\]bAMp@G\ADQlAd@ZLLAV?\FRN@??VIWHOAGS?]@WMMe@[PmA@EF]Lq@OMUQY[_@pAQt@Gb@a@~BIf@m@bDId@Kb@EPGPABAVAHCLJLFFDFZRZPpEhCxBlAJF@@lAn@d@VJDDBl@\^RbAj@b@V^Rl@\j@Vp@^NHt@d@BBNPPXT`@d@yBBOJs@Hu@PwAJy@PkABQTiAR{@f@eBJ]\aAx@gBFKDMSWY]UYW]EGOQW[t@uAl@cA??P^R`@R`@Rb@BHNZTf@[f@u@~@ELGJy@fB]`AK\g@dBSz@UhACPQjAKx@QvAIt@Kr@CNe@xBUa@QYOQCCu@e@OIq@_@k@Wm@]_@Sc@WcAk@_@Sm@]ECKEe@WmAo@AAKGyBmAqEiC[QOAM?KAKAQAM@SFURa@`@IHa@d@q@p@S\EDWVDNb@nBBHHd@XtAKXEGCEWZEMIQ??CFEJGKCGOWhAeAIe@CIc@oBEOK[BIBCPENEREp@q@`@e@HI`@a@TSHSNQJIDCF?JLFFDFZRZPpEhCxBlAJF@@lAn@d@VDI@GBC@I@I@I?K@q@@MBQDGFGLCj@DJANI`@aBX{@Vc@	Click to Generate
S2	45	1			3	Gleadless Medical Centre (S2)	Pizza City (S2)	Arbourthorne Community Primary School (S2)	3304	2478	ubtdIf_zGv@_BBCTe@f@aAP]h@eAHKLKBCTAF@JFHLHRDX@\?Z@RA\?H?J?L@H@Jg@r@QXCBa@j@KLKLMJiB`BQNUTKNILSZOXCDGHADOZA@CFGHMRKPKRADHNZl@??[m@IOMVCFITEHCLKIGGEGGGQKMIm@YIAFu@HsA?IBe@@OEQMIK?a@NK@KEGKGOAS?C?WJo@@KPy@Py@H]@GLm@VqADSBKJw@@IAUCQIMICEAQHYTSRQRGDGFIBEA[EBc@J{AFeAF_A@[B[By@@WBw@@m@Bo@@i@@g@@e@?G?M?O@c@G@MFa@Po@\aAj@a@VSLYPiBpAg@\e@\}@r@y@n@EBPbBJ|@D^Lr@Lp@BLFXDJJKHGFADDDJBFFFBAtAy@??uAx@C@GGCGEKEEG@IFKJFRJ\BDFNLZNRPZZ^LJJHRRNJh@b@h@\j@\TL^RSz@Qv@Wx@Od@MXGNMXSd@EHGHMVHR@BBBHDJ?F?FC`B]r@On@OVGFAF?F?F?PD`@LH@l@XLHPJRAFAH?DCHCBGLW@EJSJQLSFIBG@AN[@EFIBENYR[HMJOTUPOhBaBLKJMJM`@k@BCPYf@s@AKAI?M?K?I@]AS?[A]EYISIMKGGAU@CBMJIJi@dAQ\g@`AUd@CBw@~A	Click to Generate
S2	60	1			3	Path up to the Cholera Monument, Sheffield (S2)	Substantial Victorian houses in Norfolk Road (S2)	Sheffield Inclusion Centre (S2)	5721	4291	c|wdI`f|Gb@GB`@AF?BABABABC@A@u@LgAPG@EBEDABGJc@c@EC_A_ACCuAuA{@y@SQg@g@IKGMvAaDFMn@}Ad@gAtA}CBElCkGl@wA@CXo@JWhBkEfEmMBE@ABATA@k@@o@@y@BgA@QJyFJuFDuBD}BFoC?K@k@TUZ]fBeBRS^]BADEFG~BuBrFgFDEFEzCuCv@u@|@_ARQDEDEx@u@^]nAqA\m@~@cBf@aA^m@`@u@h@_AFMDIP[HMDIDKDEb@w@HKd@{@jBkDj@cABFBFj@lAVj@d@`ATf@Tf@@Bl@rAb@~@FL`@~@b@hARl@?BN`@UTu@t@qBjBw@v@eAbAcA~@I[Ke@GUw@_DCGIUOEIAGA?S?O?KCQKc@e@{AIUCGMc@KKGGIGCCEAK?i@~@a@t@_@l@g@`A_AbB]l@oApA_@\y@t@EDEDSP}@~@w@t@{CtCGDEDsFfF_CtBGFEDC@_@\SRgBdB[\UTAj@?JGnCE|BEtBKtFKxFAPCfAAx@An@Aj@U@C@A@CDgElMiBjEKVYn@ABm@vAmCjGCDuA|CuAdDGLwA`DFLHJf@f@RPz@x@tAtABB~@~@DBb@b@FK@CDEDCFA|B_@@ABA@C@C@C?C@GCa@c@F	Click to Generate
S2	30	1			3	Best Pizza (S2)	Alberts (S2)	Popeyes Pizza (S2)	2278	1708	mxudIjixGeAbAcA~@I[Ke@GUw@_DCGIUOEIAGA?S?O?KCQKc@e@{AIUCGMc@EQCE?EAGAG?CAI?I@I?I@E@CDIDKDEb@w@HKd@{@jBkDj@cA\q@N[\q@vAgCLU?CRYBCDINUNY^q@~AwC`ByC|A}C@DHNf@bALZBFPh@Lb@?BH\Jt@Hv@Dh@DCBEJMX_@RWTSTSNKHEP|BHrAJtBJ~BFfB@PFjB@z@@NBF@DBBLBp@K~@KF`BBv@@XBd@GDIHELCJAFAXUBOBgAT[L[NSL[RGFQLIFIDSR}AzAKH}@x@m@j@}@x@y@t@YsAQ{@U_AUTu@t@qBjBw@v@	Click to Generate
S2	20	1			3	The Spires Centre (S2)	East Bank Medical Centre (S2)	The Co-operative Food (S2)	1835	1376	altdIzpwG???FEDy@N_ARKBq@H?_@AS?KAU?y@?q@?_A?e@@]@e@Bg@BW@]Dm@FaABi@Bc@D}@Bu@D}A@}@?G?Y?]?K?_@?]AQASCYF?FDP\N^WNQH?^?J?\?X?FA|@E|ACt@E|@Cb@Ch@G`AEl@A\CVCf@Ad@A\?d@?~@?N?`@?x@@T?J@R?^@\Bh@@f@Bf@B`@B^Bd@@HDl@Fx@H|@s@Jm@HE@?YEqAC_@mANlAOHpB?Xa@Fs@Hc@DOB[FI?MBGsACcAC_@Aa@E_ACcAVBJJ??DPDVPANCnBYxASCg@Ag@Ci@A]p@IJC~@Sx@ODE?G??	Click to Generate
S2	60	1			3	Path up to the Cholera Monument, Sheffield (S2)	Substantial Victorian houses in Norfolk Road (S2)	Sheffield Inclusion Centre (S2)	5927	4445	k}wdIzs{GiAoBEGGCC?CAI?G@I@E?CAQUCDuA|CuAdDGLwA`DFLHJf@f@RPz@x@tAtABB~@~@DBb@b@FK@CDEDCFAfAQt@M@ABA@C@C@C?C@GCa@c@Fb@GB`@AF?BABABABC@A@}B^G@EBEDABGJc@c@EC_A_ACCuAuA{@y@SQg@g@IKGMvAaDFMn@}Ad@gAtA}CBElCkGl@wA@CXo@JWhBkEfEmMBE@ABATA@k@@o@@y@BgA@QJyFJuFDuBD}BFoC?K@k@TUZ]fBeBRS^]BADEFG~BuBrFgFDEFEzCuCv@u@|@_ARQDEDEx@u@^]nAqA\m@~@cBf@aA^m@`@u@h@_AFMDIP[HMDIDKDEb@w@HKd@{@jBkDj@cABFBFj@lAVj@d@`ATf@Tf@@Bl@rAb@~@FL`@~@b@hARl@?BN`@UTu@t@qBjBw@v@eAbAcA~@I[Ke@GUw@_DCGIUOEIAGA?S?O?KCQKc@e@{AIUCGMc@KKGGIGCCEAK?i@~@a@t@_@l@g@`A_AbB]l@oApA_@\y@t@EDEDSP}@~@w@t@{CtCGDEDsFfF_CtBGFEDC@_@\SRgBdB[\UTAj@?JGnCE|BEtBKtFKxFAPCfAAx@An@Aj@U@C@A@CDgElMiBjEKVYn@ABm@vAmCjGPTB@D?HAFAH?B@B?FBDFhAnB	Click to Generate
S2	60	1			3	Path up to the Cholera Monument, Sheffield (S2)	Substantial Victorian houses in Norfolk Road (S2)	Sheffield Inclusion Centre (S2)	5721	4291	c|wdI`f|Gb@GB`@AF?BABABABC@A@u@LgAPG@EBEDABGJc@c@EC_A_ACCuAuA{@y@SQg@g@IKGMvAaDFMn@}Ad@gAtA}CBElCkGl@wA@CXo@JWhBkEfEmMBE@ABATA@k@@o@@y@BgA@QJyFJuFDuBD}BFoC?K@k@TUZ]fBeBRS^]BADEFG~BuBrFgFDEFEzCuCv@u@|@_ARQDEDEx@u@^]nAqA\m@~@cBf@aA^m@`@u@h@_AFMDIP[HMDIDKDEb@w@HKd@{@jBkDj@cABFBFj@lAVj@d@`ATf@Tf@@Bl@rAb@~@FL`@~@b@hARl@?BN`@UTu@t@qBjBw@v@eAbAcA~@I[Ke@GUw@_DCGIUOEIAGA?S?O?KCQKc@e@{AIUCGMc@KKGGIGCCEAK?i@~@a@t@_@l@g@`A_AbB]l@oApA_@\y@t@EDEDSP}@~@w@t@{CtCGDEDsFfF_CtBGFEDC@_@\SRgBdB[\UTAj@?JGnCE|BEtBKtFKxFAPCfAAx@An@Aj@U@C@A@CDgElMiBjEKVYn@ABm@vAmCjGCDuA|CuAdDGLwA`DFLHJf@f@RPz@x@tAtABB~@~@DBb@b@FK@CDEDCFA|B_@@ABA@C@C@C?C@GCa@c@F	Click to Generate
S2	30	1			3	Windy House Lane Pocket Park (S2)	UBU (S2)	Leaves (S2)	2154	1616	}{udIl}uGXX~DjEELCFCBg@^AGGW??FV@Ff@_@BCBGDMNNzA|At@x@@?l@p@IJcAnAGF{@v@w@^k@^u@Ts@RYDYDg@HG??TBx@Bl@Fj@FX@HDRJ\`AzB`AtBJR@BLYRYBCDINUNY^q@BEzAqC`ByC|A}C^q@`AgB`AmBVo@Xw@L[d@y@@E@E?C@E?E?G?E?C?EAC?A?EAEAEAGCEAEEG[SmBkAGT]xAENa@jAq@|ASb@Q\_@r@q@z@pBvC??qBwCm@q@A?u@y@{A}AOO_EkEYY	Click to Generate
S2	45	1			3	Virgin Crucible (S2)	The Hardy Pick (S2)	Boots (S2)	3637	2728	cotdIvp`HGESQKICCGGCEEIEIEGKUISCKGMEMCKCMIi@ESESEOGSc@w@GGC[BEHENIPI`@QDC\MJCFCHCDAD?R?P?F?PBD?`@ENCWeDCUCOIQIWM]Zk@[j@L\HVHPBNBTBXRjCRGDCHGFGBCBEDEv@pBlAzCHPf@{@Se@GO_@}@JSV_@c@r@^|@FNRd@g@z@IQmA{Cw@qBEDCDCBGFIFEBSFOBa@DE?KJIFCBIFEACACCCAAGGQCIEMAGEKEOISQk@]u@oAeDg@kAeAgCi@oAMc@Y_ACMCICCEIEGEGGEa@UaAm@kBiAmAs@MIIIGGIIGMEIOc@EKAKCME]K}@Gc@Ks@ASEc@Ce@T@B?H?XAFAF?REZ?b@Av@A\?V?J@H@D@B@JDHDHHTRTTX\PTPTZd@`@n@f@t@f@t@HLFFDHLNDFBBVXLLFDXPNJNHPLTH\Pd@PHBFBZLz@\\PJDNHFFJHNLFHFDHHZZl@d@X\dAhANPJJEJCFILCHEJKh@ITGXIA??AAAAEICEAEUg@BqAD@T^CjAEJ@DHN@@@@??H@FYAQDq@BKBQJS[]{@iAMQg@s@[[IIGEGIOMKIGGOIKEA\GnAKnCALCJEFYn@CD?DAD?B?D@D@DXj@fAzBLZFTDRF`@@^E@C@A?C@EBCDe@p@EDCDCBGFIFEBSFOBa@DE?KJIFCBIF?R@R?JEh@A^Ad@EpA?`A?f@?L?P?JBVRPFD	Click to Generate
S2	20	1			3	The Spires Centre (S2)	East Bank Medical Centre (S2)	The Co-operative Food (S2)	1835	1376	altdIzpwG???FEDy@N_ARKBq@H?_@AS?KAU?y@?q@?_A?e@@]@e@Bg@BW@]Dm@FaABi@Bc@D}@Bu@D}A@}@?G?Y?]?K?_@?]AQASCYF?FDP\N^WNQH?^?J?\?X?FA|@E|ACt@E|@Cb@Ch@G`AEl@A\CVCf@Ad@A\?d@?~@?N?`@?x@@T?J@R?^@\Bh@@f@Bf@B`@B^Bd@@HDl@Fx@H|@s@Jm@HE@?YEqAC_@mANlAOHpB?Xa@Fs@Hc@DOB[FI?MBGsACcAC_@Aa@E_ACcAVBJJ??DPDVPANCnBYxASCg@Ag@Ci@A]p@IJC~@Sx@ODE?G??	Click to Generate
S2	45	1			3	Windy House Lane Pocket Park (S2)	Archdale School (S2)	UBU (S2)	3653	2740	gavdIr{uG`@K?Q@QF[JWHIJGHCP@LBDDDHDNHZ@N@NAJAL?BETt@v@~DjEELCFCBg@^AGGW??FV@Ff@_@BCBGDM_EkEu@w@CFCFGJEDGDEBE@I@EAGAECEEGGEKIWE]?Q@QF[JWHIJGHC?SMaEE_CGqAKk@Qi@Uc@IKMM_@Ym@a@c@WGEAFEBC@E?ECCCCG?I?IICaDwAUMCN?@CFg@hA]v@BFBBP`@[p@[p@Xn@\o@??]n@Yo@Zq@Zq@Qa@CCCG\w@f@iABG?ABOTL`DvAHB@IBGBEDAF@BB@BBF@F?FAFADFDb@Vl@`@^XLLHJTb@Ph@Jj@FpAD~BL`E?RP@LBDDDHDNHZ@N@NAJAL?BETCFCFGJEDGDEBE@VnJBrADxAH|C@N?TBx@Bl@Fj@FX@HDRJ\`AzB`AtBJR@BLYRYBCDINUNY^q@BEzAqC`ByC|A}C^q@`AgB`AmBVo@Xw@L[d@y@@E@E?C@E?E?G?E?C?EAC?A?EAEAEAGCEAEEG[SmBkA_BcAsA}@UQoA_Ae@g@EIY]MLKHQB]?QKSSQPyA|AABe@f@w@v@Y\AJAL?BETCFCFGJEDGDEBE@I@EAGAECEEGGEKIWE]a@J	Click to Generate
S2	20	1			3	Manor Park Medical Centre (S2)	Temple Park Centre (S2)	Castle View Park (S2)	1802	1352	qzwdItbvGWm@CCGGIGICGAG?GBWVCDC?A?MIp@kACMAM@M@GDIFEFA??HBDHx@gAZc@TSVMRGF?ARGV?p@?I?g@FW@SG?SFWLUR[b@y@fADJ@L?FCLEJrAjCr@`Bl@bBJSh@{@NUHEHAL?jBb@jA`@zBp@^Lp@T|Ah@l@^Zb@Pb@BH@DHd@Dr@A`AKv@ENe@jAe@aAQUyDq@WGaAOq@a@QSUe@KO^}@\cBNwBkAa@kBc@M?I@IDOTi@z@KRm@cBOV_@}@k@qA	Click to Generate
S2	30	1			3	Temple Park Centre (S2)	Castle View Park (S2)	Manor Park Medical Centre (S2)	2428	1821	ufwdIlmuGABBl@Wf@]p@_AlBw@~@s@b@q@Jq@@g@E{@CkACQ@ARGV?p@?I?g@FW@SG?SFWLUR[b@y@fADJ@L?FCLEJrAjCr@`Bl@bBJSh@{@NUHEHAL?jBb@jA`@zBp@^Lp@T|Ah@l@^Zb@Pb@BH@DHd@Dr@A`AKv@ENe@jAe@aAQUyDq@WGaAOq@a@QSUe@KO^}@\cBNwBkAa@kBc@M?I@IDOTi@z@KRm@cBs@aBsAkCEDK@GCGICMAM@M@GDIFEFA??HBDHx@gAZc@TSVMRGF?PAjABz@Bf@Dp@Ap@Kr@c@v@_A~@mB\q@Vg@Cm@@C	Click to Generate
S2	60	1			3	Cholera Monument, Sheffield (S2)	Path up to the Cholera Monument, Sheffield (S2)	Sheffield Inclusion Centre (S2)	6087	4565	cfxdItv{Go@|AGLjAlBIZADAF?D?\?z@?F@DBFBFCGCGAE?G?{@?]?E@G@EH[??kAmBwA`DFLHJf@f@RPz@x@tAtABB~@~@DBb@b@FK@CDEDCFAfAQt@M@ABA@C@C@C?C@GCa@c@Fb@GB`@AF?BABABABC@A@}B^G@EBEDABGJc@c@EC_A_ACCuAuA{@y@SQg@g@IKGMCECICImAqEWcAW}@Su@EQCKEKQu@y@}CMi@Kc@HIHKNO`AeANS`AeANSDEFE`@e@dCgDLSXe@JSP_@h@yAzAqEJWhHaTBKBITo@b@sAf@sAL]P]b@}@`@u@d@s@DGFINOTUZ]fBeBRS^]BADEFG~BuBrFgFDEFEzCuCv@u@|@_ARQDEDEx@u@^]nAqA\m@~@cBf@aA^m@`@u@h@_AFMDIP[HMDIDKDEb@w@HKd@{@jBkDj@cABFBFj@lAVj@d@`ATf@Tf@@Bl@rAb@~@FL`@~@b@hARl@?BN`@UTu@t@qBjBw@v@eAbAcA~@I[Ke@GUw@_DCGIUOEIAGA?S?O?KCQKc@e@{AIUCGMc@KKGGIGCCEAK?i@~@a@t@_@l@g@`A_AbB]l@oApA_@\y@t@EDEDSP}@~@w@t@{CtCGDEDsFfF_CtBGFEDC@_@\SRgBdB[\UTAj@?JGnCE|BEtBKtFKxFAPCfAAx@An@Aj@U@C@A@CDgElMiBjEKVYn@ABm@vAmCjGCDuA|Ce@fA	Click to Generate
S2	20	1			3	Broadfield Park (S2)	The Hardy Pick (S2)	Virgin Crucible (S2)	1824	1368	iltdI`s`HYW]UOKEESOSQKICCGGCEEIEIEGKUISCKGMEMCKCMIi@ESESEOGSc@w@GGC[BEHENIPI`@QDC\MJCFCHCDAD?R?@NBJ@F?R@R?JEh@A^Ab@?@EpA?HAHCHAHAFIVEJCHKVKUISCKGMEMCKCMIi@ESESEOGSc@w@GGC[BEHENIPI`@QDC\MJCFCHCDAD?R?P?F?PBD?`@ENCRGDCHGFGBCBEDEv@pBlAzCHPf@{@Se@GO_@}@JSV_@c@r@^|@FNRd@g@z@IQmA{Cw@qBEDCDCBGFIFEBSFSkCCYCUCOIQIWM]Zk@[j@L\HVHPBNBTVdDOBa@DE?KJIFCBIF?R@R?JEh@A^Ad@EpA?`A?f@?L?P?JBVRPRNDDNJ\TXV	Click to Generate
S2	20	1			3	Alam Hill Books (S2)	Boots (S2)	Meersbrook Park Church (S2)	1457	1093	gitdInh_HRq@^iAhA_DhCaGqAwBIMeC|FyAhDk@vAEJWj@Yp@CTz@\\PJDNHFFJHNLFHFDHHZZl@d@X\dAhANPJJEJCFILCHEJKh@ITGXIA??AAAAEICEAEUg@BqAD@T^CjAEJ@DHN@@@@??H@FYAQDq@BKBQJSNMJJPRPTRZ@BBDDHN^LZZ`A[k@KQIQOUOWWa@EGW[QQ[]{@iAMQg@s@[[IIGEGIOMJ_@DM	Click to Generate
S2	20	1			3	Gin Bar (S2)	Broadfield Park (S2)	The Hardy Pick (S2)	1711	1283	{ktdIls`HII]Y]UOKEESOSQKICCGGCEEIEIEGKUISCKGMEMCKCMIi@ESESEOGSc@w@GGGGGIQYGPEFMVDL@@BH?F?vC?V?zB?|@A\AZCn@\J@?B@@B@@@B@BBD?B@D?FHlA?B?B@D?B@@@B@B@@@@BB@?B@VH^aEL_BFi@@C@I?EBG@EN]JWBIDKHW@G@IBI@I?IDqA?A@c@@_@Eg@ASAMASCQGQR?P?F?PBD?`@ENCRGDCHGFGBCBEDEv@pBlAzCHPf@{@Se@GO_@}@JSV_@c@r@^|@FNRd@g@z@IQmA{Cw@qBEDCDCBGFIFEBSFOBa@DE?KJIFCBIF?R@R?JEh@A^Ad@EpA?`A?f@?L?P?JBVRPRNDDNJ\T\XHH	Click to Generate
S2	20	1			3	Top Chopper (S2)	Broadfield Park (S2)	The Hardy Pick (S2)	1645	1234	kktdIzs`HEESQ]Y]UOKEESOSQKIEd@?BDi@CCGGCEEIEIEGKUISCKGMEMCKCMIi@ESESEOGSc@w@GGC[BEHENIPI`@QDC\MJCFCHCDAD?R?@NBJ@F?R@R?JEh@A^Ab@?@EpA?HAHCHAHAFIVEJCHKVKUISCKGMEMCKCMIi@ESESEOGSc@w@GGC[BEHENIPI`@QDC\MJCFCHCDAD?R?P?F?PBD?`@ENCRGDCHGFGBCBEDEv@pBlAzCHPf@{@Se@GO_@}@JSV_@c@r@^|@FNRd@g@z@IQmA{Cw@qBEDCDCBGFIFEBSFOBa@DE?KJIFCBIF?R@R?JEh@A^Ad@EpA?`A?f@?L?P?JBVRPRNDDNJ\T\XRPDD	Click to Generate
S2	20	1			3	Manor Park Medical Centre (S2)	St Vincent's (S2)	Hair & Beauty Lounge (S2)	1477	1108	ewwdI`{uG?g@FW@SG?SFWLUR[b@y@fADJ@L?FCLEJEDK@GCGICMAM@M@GDIFEFA??HBDHDJ@L?FCLEJrAjCr@`BOV_@}@k@qAWm@CCGGIGICGAG?GBWVCDC?A?MIp@kACMAM@M@GDIFEFAHBDHx@gAZc@TSVMRGF?PAjABz@Bf@Dp@Ap@Kr@c@v@_A~@mB\q@Vg@Cm@??^w@ZHq@tAEDWf@]p@_AlBw@~@s@b@q@Jq@@g@E{@CkACQ@ARGV?f@	Click to Generate
S2	20	1			3	Well Pharmacy (S2)	Gleadless Medical Centre (S2)	Pizza City (S2)	2040	1530	a}sdIt~yG??AL?F?BHRKLKLMJiB`BQNUT??KNILSZOXCDGHADOZA@CFGHMRKPKRADHNZl@??[m@IOMVCFITEHCLKIGGEGGGQKMIm@YIAFu@HsA?IBe@@OEQMIK?a@NK@KEGKGOAS?C?WJo@@KPy@Py@H]@GLm@VqADSBKJw@@IAUCQIMICEAQHYTSRQRGDGFIBEA[EBc@J{AFeAF_A@[B[By@@WfATB_@C^gAUAVCx@Ev@G~@GdAKzACb@Gz@?FIfAGt@E`@Kz@EZEXG\Sz@Qv@Wx@Od@MXGNMXSd@EHGHMVHR@BBBHDJ?F?FC`B]r@On@OVGFAF?F?F?PD`@LH@l@XLHPJRAFAH?DCHCBGLW@EJSJQLSFIBG@AN[@EFIBENYR[HMJOTUPOhBaBLKJMJMIS?C?G@M??	Click to Generate
S2	15	1			3	Another Level (S2)	Alam Hill Books (S2)	Boots (S2)	1435	1076	gktdIzh_HHDNHFFJHNLFHFDHHZZj@b@@@ELg@s@[[IIGEGIOMKIGGOIKE]Q{@]BUXq@Vk@DKj@wAxAiDdC}FHLpAvBiC`GiA~C_@hAY~@K^NLFHFDHHZZl@d@X\dAhANPJJEJCFILCHEJKh@ITGXIA??AAAAEICEAEUg@BqAD@T^CjAEJ@DHN@@@@??H@FYAQDq@BKBQJS[]{@iAMQg@s@[[IIGEGIOMKIGGOIIE	Click to Generate
S2	30	1			3	Newfield Green Clinic (S2)	Newfield Green Dental Surgery (S2)	Pizza City (S2)	2422	1816	g~sdIrazGaBxAQNUTKNILSZOXKSGK??FJJRCDGHADOZA@CFGHMRKPKRADMVCFITEHCLKIGGEGGGQKMIm@YIAFu@HsA?Ic@Gb@F?HIrAGt@H@l@XLHPJRAD?@AH?DCHCBGLW@EJSJQLSFIBG@AN[@EFIBEKSGKFJJRCDGHADOZA@CFGHMRKPKRADMVCFITEHCLKIGGEGGGQKMIm@YIAFu@HsA?IBe@@OEQMIK?a@NK@KEGKGOAS?C?WJo@@KPy@Py@H]@GLm@VqADSBKJw@@IAUCQIMICEAQHYTSRQRGDGFIBEA[EBc@J{AFeAF_A@[B[By@@WfATB_@C^gAUAVCx@Ev@G~@GdAKzACb@Gz@?FIfAGt@E`@Kz@EZEXG\Sz@Qv@Wx@Od@MXGNMXSd@EHGHMVHR@BBBHDJ?F?FC`B]r@On@OVGFAF?F?F?PD`@LH@l@XLHPJRAFAH?DCHCBGLW@EJSJQLSFIBG@AN[@EFIBENYR[HMJOTUPO`ByA	Click to Generate
S2	60	1			3	Path near the Cholera Monument, Sheffield (S2)	Path up to the Cholera Monument, Sheffield (S2)	Sheffield Inclusion Centre (S2)	6939	5204	c|wdI`f|Gb@GB`@AF?BABABABC@A@}B^G@EBEDABGJc@c@EC_A_ACCuAuA{@y@SQg@g@IKGMvAaDjAlBIZADAF?D?\?z@?F@DBFBFCGCGAE?G?{@?]?E@G@EH[??kAmBwA`DFLHJf@f@RPz@x@tAtABB~@~@DBb@b@FK@CDEDCFAfAQt@M@ABA@C@C@C?C@GCa@c@Fb@GB`@AF?BABABABC@A@}B^G@EBEDABGJc@c@EC_A_ACCuAuA{@y@SQg@g@IKGMCECICImAqEWcAW}@Su@EQCKEKQu@y@}CMi@Kc@HIHKNO`AeANS`AeANSDEFE`@e@dCgDLSXe@JSP_@h@yAzAqEJWhHaTBKBITo@b@sAf@sAL]P]b@}@`@u@d@s@DGFINOTUZ]fBeBRS^]BADEFG~BuBrFgFDEFEzCuCv@u@|@_ARQDEDEx@u@^]nAqA\m@~@cBf@aA^m@`@u@h@_AFMDIP[HMDIDKDEb@w@HKd@{@jBkDj@cABFBFj@lAVj@d@`ATf@Tf@@Bl@rAb@~@FL`@~@b@hARl@?BN`@UTu@t@qBjBw@v@eAbAcA~@I[Ke@GUw@_DCGIUOEIAGA?S?O?KCQKc@e@{AIUCGMc@KKGGIGCCEAK?i@~@a@t@_@l@g@`A_AbB]l@oApA_@\y@t@EDEDSP}@~@w@t@{CtCGDEDsFfF_CtBGFEDC@_@\SRgBdB[\UTAj@?JGnCE|BEtBKtFKxFAPCfAAx@An@Aj@U@C@A@CDgElMiBjEKVYn@ABm@vAmCjGCDuA|CuAdDGLwA`DFLHJf@f@RPz@x@tAtABB~@~@DBb@b@FK@CDEDCFA|B_@@ABA@C@C@C?C@GCa@c@F	Click to Generate
S2	60	1			3	Path up to the Cholera Monument, Sheffield (S2)	Substantial Victorian houses in Norfolk Road (S2)	Sheffield Inclusion Centre (S2)	5721	4291	c|wdI`f|Gb@GB`@AF?BABABABC@A@u@LgAPG@EBEDABGJc@c@EC_A_ACCuAuA{@y@SQg@g@IKGMvAaDFMn@}Ad@gAtA}CBElCkGl@wA@CXo@JWhBkEfEmMBE@ABATA@k@@o@@y@BgA@QJyFJuFDuBD}BFoC?K@k@TUZ]fBeBRS^]BADEFG~BuBrFgFDEFEzCuCv@u@|@_ARQDEDEx@u@^]nAqA\m@~@cBf@aA^m@`@u@h@_AFMDIP[HMDIDKDEb@w@HKd@{@jBkDj@cABFBFj@lAVj@d@`ATf@Tf@@Bl@rAb@~@FL`@~@b@hARl@?BN`@UTu@t@qBjBw@v@eAbAcA~@I[Ke@GUw@_DCGIUOEIAGA?S?O?KCQKc@e@{AIUCGMc@KKGGIGCCEAK?i@~@a@t@_@l@g@`A_AbB]l@oApA_@\y@t@EDEDSP}@~@w@t@{CtCGDEDsFfF_CtBGFEDC@_@\SRgBdB[\UTAj@?JGnCE|BEtBKtFKxFAPCfAAx@An@Aj@U@C@A@CDgElMiBjEKVYn@ABm@vAmCjGCDuA|CuAdDGLwA`DFLHJf@f@RPz@x@tAtABB~@~@DBb@b@FK@CDEDCFA|B_@@ABA@C@C@C?C@GCa@c@F	Click to Generate
S2	20	1			3	East Bank Medical Centre (S2)	The Spires Centre (S2)	Springs Leisure Centre (S2)	1846	1384	kytdI|wwG??DPDV?\IRGLSH@`@B^BbAFrALCH?ZGNCb@Er@I`@G?YEqAC_@mANlAOHpB?XDAl@Ir@KI}@Gy@Em@AICe@C_@Ca@Cg@Ag@Ci@A]?_@AS?KAU?y@?q@?_A?e@@]@e@Bg@BW@]Dm@FaABi@Bc@D}@Bu@D}A@}@?G?Y?]?K?_@?]AQASCYF?FDP\N^WNQH?^?J?\?X?FA|@E|ACt@E|@Cb@Ch@G`AEl@A\CVCf@Ad@A\?d@?~@?N?`@?x@@T?J@R?^p@IJC~@Sx@ODE?G??Cu@UBe@nA_ARKBq@H@\Bh@@f@Bf@yARoBXOBQ@EWEQ??	Click to Generate
S2	30	1			3	Porcelanosa (S2)	Meersbrook Park Church (S2)	Virgin Crucible (S2)	2946	2210	wctdIjw_HEIACE]FYAQDq@BKBQJS[]{@iAMQGRENADECUK_@QGC@Y?G@IDUDQZZl@d@X\dAhANPJJPRPTRZ@BBDDHN^LZZ`A[k@KQIQOUOWWa@EGW[QQ[]{@iAMQg@s@[[IIGEGIOMKIGGOIKEA\GnAKnCALCJEFYn@CD?DAD?B?D@D@DXj@fAzBLZFTDRF`@@^E@C@A?C@EBCDe@p@EDCDCBGFIFEBSFSkCCYCUCOIQIWM]Zk@[j@L\HVHPBNBTVdDOBa@DE?KJIFCBIFEACACCCAAGGQCIEMAGEKEOISQk@]u@oAeDg@kAeAgCi@oAMc@Y_ACMCICCEIEGEGGEa@UaAm@kBiAmAs@MIIIGGIIGMEIOc@EKAKCME]K}@Gc@Ks@ASEc@Ce@T@B?H?XAFAF?REZ?b@Av@A\?V?J@H@D@B@JDHDHHTRTTX\PTPTZd@`@n@f@t@f@t@HLFFDHLNDFBBVXLLFDXPNJNHPLTH\Pd@PHBFBZLz@\\PJDNHFFJHNLFHFDHHZZl@d@X\dAhANPJJEJCFILCHEJKh@ITGXD\@BDH	Click to Generate
S2	45	1			3	Boots (S2)	Broadfield Park (S2)	Virgin Crucible (S2)	3525	2644	wftdI`c`HKR^|@FNRd@g@z@IQmA{Cw@qBEDCDCBGFIFEBSFOBa@DE?KJIFCBIFEACACCCAAGGQCIEMAGEKEOISQk@]u@oAeDg@kAeAgCi@oAMc@Y_ACMCICCEIEGEGGEa@UaAm@kBiAmAs@MIIIGGIIGMEIOc@EKAKCME]K}@Gc@Ks@ASEc@Ce@T@B?H?XAFAF?REZ?b@Av@A\?V?J@H@D@B@JDHDHHTRTTX\PTPTZd@`@n@f@t@f@t@HLFFDHLNDFBBVXLLFDXPNJNHPLTH\Pd@PHBFBZLz@\\PJDNHFFJHNLFHFDHHZZl@d@X\dAhANPJJEJCFILCHEJKh@ITGXIA??AAAAEICEAEUg@BqAD@T^CjAEJ@DHN@@@@??H@FYAQDq@BKBQJS[]{@iAMQg@s@[[IIGEGIOMKIGGOIKEA\GnAKnCALCJEFYn@CD?DAD?B?D@D@DXj@fAzBLZFTDRF`@@^E@C@A?C@EBCDe@p@EDCDCBGFIFEBSFOBa@DE?KJIFCBIF?R@R?JEh@A^Ab@?@EpA?HAHCHAHAFIVEJCHKVKUISCKGMEMCKCMIi@ESESEOGSc@w@GGC[BEHENIPI`@QDC\MJCFCHCDAD?R?P?F?PBD?`@ENCWeDCUCOIQIWM]Zk@[j@L\HVHPBNBTBXRjCRGDCHGFGBCBEDEv@pBlAzCHPf@{@Se@GO_@}@JS	Click to Generate
S2	20	1			3	Boots (S2)	Alam Hill Books (S2)	Meersbrook Park Church (S2)	1675	1256	ihtdIlk_HTRl@d@X\dAhANPJJEJCFILCHEJKh@ITGXIA??AAAAEICEAEUg@BqAD@T^CjAEJ@DHN@@@@??H@FYAQDq@BKBQJS[]{@iAMQg@s@[[IIGEGIOMKIGGOIKE]Q{@]BUXq@Vk@DKj@wAxAiDdC}FHLpAvBiC`GiA~C_@hAY~@K^NLFHFDHHZZl@d@X\dAhANPJJPRPTRZ@BBDDHN^LZZ`A[k@KQIQOUOWWa@EGW[QQ[]{@iAMQg@s@US	Click to Generate
S2	20	1			3	Temple Park Centre (S2)	Manor Park Medical Centre (S2)	Castle View Park (S2)	1839	1379	exwdIhkvGDIF[?SA[Gc@CINWs@aBsAkCEDK@GCGICMAM@M@GDIFEFAHBDHx@gAZc@TSVMRGF?ARGV?p@?I?g@FW@SG?SFWLUR[b@y@fADJ@L?FCLEJEDK@GCGICMAM@M@GDIFEFA??HBDHDJ@L?FCLEJrAjCr@`Bl@bBJSh@{@NUHEHAL?jBb@jA`@zBp@^Lp@T|Ah@l@^Zb@Pb@BH@DHd@Dr@A`AKv@ENe@jAe@aAQUyDq@WGaAOq@a@QSUe@KOa@n@mBxCoAyCoAyCZi@IOLU	Click to Generate
S2	45	1			3	Bronze & Polished (S2)	Sheffield Inclusion Centre (S2)	Leaves (S2)	3066	2300	kyudIthwGrAaCLYRYBCDINUNYJORa@~AwC`ByC|A}C@DHNf@bALZBFPh@Lb@?BH\Jt@Hv@Dh@@JIJMRQ^]r@m@nA@TPvBNjCHhBFjAD|ADlAB~@G?I@MHo@l@k@h@k@h@gAdAa@^WTUTu@t@qBjBw@v@eAbAcA~@I[Ke@GUw@_DCGIUOEIAGA?S?O?KCQKc@e@{AIUCGMc@EQCE?EAGAG?CAI?I@I?I@E@CDIDKDEb@w@HKd@{@jBkDj@cA\q@l@mAvAgCACKSaAuBaA{BK]ESAIGYGk@Cm@Cy@?UF?f@IXEXEr@St@Uj@_@v@_@z@w@FGbAoAHKpBvC??qBwCIJcAnAGF{@v@w@^k@^u@Ts@RYDYDg@HG??TBx@Bl@Fj@FX@HDRJ\`AzB`AtBJR@BsA`C	Click to Generate
S2	15	1			3	Springs Leisure Centre (S2)	The Co-operative Food (S2)	East Bank Medical Centre (S2)	1218	914	crtdIhmwG?`@?x@@T?J@R?^p@IJC~@Sx@ODE?G??Cu@UBe@nA_ARKBq@H@\Bh@@f@Bf@yARoBXOBQ@EWEQ??KKWCGDIHELERAXDVJTLFH@@`@B^BbAFrALCH?ZGNCb@Er@I`@G?YEqAC_@mANlAOHpB?XDAl@Ir@KI}@Gy@Em@AICe@C_@Ca@Cg@Ag@Ci@A]?_@AS?KAU?y@?a@	Click to Generate
S2	15	1			3	International Automatic Cars (S2)	Boots (S2)	Meersbrook Park Church (S2)	1408	1056	wetdI~i_H{AaBY~@K^KIGGOIKE]Q{@]BUXq@Vk@DKPXVd@H@t@aBu@`BIACES_@QYEJWj@Yp@CTz@\\PJDNHFFJHNLFHFDHHZZl@d@X\dAhANPJJEJCFILCHEJKh@ITGXIA??AAAAEICEAEUg@BqAD@T^CjAEJ@DHN@@@@??H@FYAQDq@BKBQJSNMJJPRPTRZ@BBDDHN^LZZ`A[k@KQIQOUOWWa@EGW[QQ[]{@iAMQg@s@[[IIGEGIOMJ_@X_AzA`B	Click to Generate
S2	20	1			3	MJ Dressmaker & Designer (S2)	Broadfield Park (S2)	Virgin Crucible (S2)	1965	1474	qptdIzp`HDe@JHRPRNDDNJ\T\XRPQr@CFAFWtA[zAERMj@AD?B?B?D@B@BJFr@d@FDFDl@wCBONu@XwAQWIKKMKKKKMK??SQ]Y]UOKEESOSQKICCGGCEEIEIEGKUISCKGMEMCKCMIi@ESESEOGSc@w@GGC[BEHENIPI`@QDC\MJCFCHCDAD?R?@NBJ@F?R@R?JEh@A^Ab@?@EpA?HAHCHAHAFIVEJCHKVKUISCKGMEMCKCMIi@ESESEOGSc@w@GGC[BEHENIPI`@QDC\MJCFCHCDAD?R?P?F?PBD?`@ENCSkCCYCUCOIQIWM]Zk@[j@L\HVHPBNBTVdDOBa@DE?KJIFCBIF?R@R?JEh@A^Ad@EpA?`A?f@?L?P?JBVRPRNDDNJ\TPcA@I`@wB@GAFa@vBAHQbA]UOKEESOSQKIEd@	Click to Generate
S2	20	1			3	Broadfield Park (S2)	Virgin Crucible (S2)	The Hardy Pick (S2)	1729	1297	untdIbq`HAASOSQKICCGGCEEIEIEGKUISCKGMEMCKCMIi@ESESEOGSc@w@GGC[BEHENIPI`@QDC\MJCFCHCDAD?R?@NBJ@F?R@R?JEh@A^Ab@?@EpA?HAHCHAHAFIVEJCHKVKUISCKGMEMCKCMIi@ESESEOGSc@w@GGC[BEHENIPI`@QDC\MJCFCHCDAD?R?P?F?PBD?`@ENCWeDCUCOIQIWM]Zk@[j@L\HVHPBNBTBXRjCRGDCHGFGBCBEDEv@pBlAzCHPf@{@Se@GO_@}@JSV_@c@r@^|@FNRd@g@z@IQmA{Cw@qBEDCDCBGFIFEBSFOBa@DE?KJIFCBIF?R@R?JEh@A^Ad@EpA?`A?f@?L?P?JBVRPRN@@	Click to Generate
S2	30	1			3	Kwik Fit (S2)	Leaves (S2)	Windy House Lane Pocket Park (S2)	2300	1725	gsudIh_wGCD_@p@OXOTEHCBSXMXwAfCm@lA]p@k@bAkBjDe@z@CEEIk@mAj@lADHBDd@{@jBkDj@cA\q@l@mAdAkBP[ACKSaAuBaA{BK]ESAIGYGk@Cm@Cy@?UF?f@IXEXEr@St@Uj@_@v@_@z@w@FGbAoAHKpBvC??qBwCm@q@A?u@y@{A}AOOELCFCBg@^AGGW??FV@Ff@_@BCBGDMNNzA|At@x@@?l@p@IJcAnAGF{@v@w@^k@^u@Ts@RYDYDg@HG??TBx@Bl@Fj@FX@HDRJ\`AzB`AtBJR@BLYRYBCDINUNY^q@BE	Click to Generate
S2	20	1			3	Temple Park Centre (S2)	Manor Park Medical Centre (S2)	Castle View Park (S2)	1839	1379	axwdItgvG?ECINWs@aBsAkCEDK@GCGICMAM@M@GDIFEFAHBDHx@gAZc@TSVMRGF?ARGV?p@?I?g@FW@SG?SFWLUR[b@y@fADJ@L?FCLEJEDK@GCGICMAM@M@GDIFEFA??HBDHDJ@L?FCLEJrAjCr@`Bl@bBJSh@{@NUHEHAL?jBb@jA`@zBp@^Lp@T|Ah@l@^Zb@Pb@BH@DHd@Dr@A`AKv@ENe@jAe@aAQUyDq@WGaAOq@a@QSUe@KOa@n@mBxCoAyCoAyCZi@IOR_@F[?SA[G]	Click to Generate
S2	45	1			3	Kingdom Hall of Jehovah's Witnesses (S2)	I Said Bread (S2)	Meersbrook Park (S2)	3633	2725	}`tdIvm~G_AvB]z@_FfLeA_BdA~AfC_GvAgD\{@tC{GE[IcFImDS@u@@EEKmIVCn@ED?F?zBO?FJtGnBKF~CxC{@rC_A`@Kz@Ad@F~Ad@T?Nt@dAnFBPDZRjDMHILMl@CXEn@@pA?fD?V?^CRo@tDMdAIv@KA_@DuDb@HmA??IlAEHMrBGxAAlABnDDtBD~@Bx@wAbAcA`AEDST{@|@c@d@kAhAMPCIQk@CKEKKe@CGGSEMW}@w@iC[_A[k@KQIQOUOWWa@EGW[QQ[]{@iAMQg@s@[[IIGEGIOMKIGGOIKE]Q{@]BUXq@Vk@DKj@wA~EgL\{@~@wB	Click to Generate
S2	45	1			3	Broadfield Park (S2)	The Hardy Pick (S2)	Boots (S2)	3409	2557	mmtdId}_HRjCOBa@DE?KJIFCBIF?R@R?JEh@A^Ab@?@EpA?HAHCHAHAFIVEJCHKVKUISCKGMEMCKCMIi@ESESEOGSc@w@GGC[BEHENIPI`@QDC\MJCFCHCDAD?R?P?F?PBD?`@ENCRGDCHGFGBCBEDEv@pBlAzCHPf@{@Se@GO_@}@JSV_@c@r@^|@FNRd@g@z@IQmA{Cw@qBEDCDCBGFIFEBSFOBa@DE?KJIFCBIFEACACCCAAGGQCIEMAGEKEOISQk@]u@oAeDg@kAeAgCi@oAMc@Y_ACMCICCEIEGEGGEa@UaAm@kBiAmAs@MIIIGGIIGMEIOc@EKAKCME]K}@Gc@Ks@ASEc@Ce@T@B?H?XAFAF?REZ?b@Av@A\?V?J@H@D@B@JDHDHHTRTTX\PTPTZd@`@n@f@t@f@t@HLFFDHLNDFBBVXLLFDXPNJNHPLTH\Pd@PHBFBZLz@\\PJDNHFFJHNLFHFDHHZZl@d@X\dAhANPJJEJCFILCHEJKh@ITGXIA??AAAAEICEAEUg@BqAD@T^CjAEJ@DHN@@@@??H@FYAQDq@BKBQJS[]{@iAMQg@s@[[IIGEGIOMKIGGOIKEA\GnAKnCALCJEFYn@CD?DAD?B?D@D@DXj@fAzBLZFTDRF`@@^E@C@A?C@EBCDe@p@EDCDCBGFIFEBSFSkC	Click to Generate
S2	30	1			3	Gleadless Medical Centre (S2)	Terry Wright Community Hall (S2)	Pizza City (S2)	2388	1791	qbtdIrezG??KNILSZOXCDGHADOZA@CFGHMRKPKRADHNZl@??[m@IO@EJSJQLSFIBG@AN[@EFIBENYR[HMJOTUPOhBaBLKJMJMIS?C?G@M??j@y@BCZi@LKH??L@H@Jg@r@QXCBa@j@KLKLMJiB`BQNUTKNILSZOXCDGHADOZA@CFGHMRKPKRADMVCFITEHCLKIGGEGGGQKMIm@YIAFu@HsA?IBe@@OEQMIK?a@NK@KEGKGOAS?C?WJo@@KPy@Py@H]@GLm@VqADSBKJw@@IAUCQIMICEAQHYTSRQRGDGFIBEA[EBc@J{AFeAF_A@[B[By@@WfATB_@C^gAUAVCx@Ev@G~@GdAKzACb@Gz@?FIfAGt@E`@Kz@EZEXG\Sz@Qv@Wx@Od@MXGNMXSd@EHGHMVHR@BBBHDJ?F?FC`B]r@On@OVGFAF?F?F?PD`@LH@l@XLHPJRAFAH?DCHCBGLW@EJSJQLSFIBG@AN[@EFIBENYR[HMJO	Click to Generate
S2	30	1			3	Singh's (S2)	Leaves (S2)	UBU (S2)	2375	1781	cwudIlevGFV@Ff@_@BCBGDM_EkEu@w@CFCFGJEDGDEBE@I@EAGAECEEGGEKIWE]?Q@QF[JWHIJGHCP@LBDDDHDNHZ@N@NAJAL?BETZ\XX~DjENNzA|At@x@@?l@p@pBvC??qBwCIJcAnAGF{@v@w@^k@^u@Ts@RYDYDg@HG??TBx@Bl@Fj@FX@HDRJ\`AzB`AtBJR@BLYRYBCDINUNY^q@BEzAqC`ByC|A}C^q@`AgB`AmBVo@Xw@L[d@y@@E@E?C@E?E?G?E?C?EAC?A?EAEAEAGCEAEEG[SmBkA_BcAsA}@UQGXS|@u@rBq@jAy@jAc@f@INCHOOELCFCBg@^AGGW	Click to Generate
S2	20	1			3	I Said Bread (S2)	74th Oak Street Scout Group (S2)	Carfield Primary School (S2)	1464	1098	o}sdIbp}Gw@FG?LxIS@u@@EEKmIVCEmCCsBAq@AKv@EJ~HF?zBO?FJtGnBKKsG?GjAKAk@@i@E_BCoBHnEAh@@j@kAJ?FJrGoBJKuG?GcAF	Click to Generate
S2	30	1			3	Sheffield Animal Centre (S2)	Highfield Motors (S2)	Diocese of Hallam Pastoral Centre (S2)	2679	2009	utzdIprvGOAGS?]@WMMe@[PmA@EF]Lq@\cAL]LFHF`AdAp@r@NFl@^d@^r@bAxFbGCn@Qd@_AhACDWb@Yz@a@`BOHK@k@EMBGFEFCPALAp@?JAHAHAHCBAFEHe@WmAo@AAKGyBmAqEiC[QOAM?KAKAQAM@SFURa@`@IHa@d@q@p@S\EDWVDNb@nBBHHd@XtAKXEGCEWZEMIQ??CFEJBHBPBR?p@Ib@_AbDXXRNDBZXJ^?^?RE~AbBPH@n@JHBZDEg@K_BAKASOmBm@sC_AaEYuAIe@CIc@oBEOK[BIBCPENEREp@q@`@e@HI`@a@TSHSL_@DGHQBGNM@CFQDQJc@He@l@cDHg@`@_CFc@Pu@^qAXZTPNLMp@G\ADQlAd@ZLLAV?\FRN@	Click to Generate
S2	20	1			3	East Bank Medical Centre (S2)	The Spires Centre (S2)	Springs Leisure Centre (S2)	1882	1412	e{tdIdxwGADERAXDVJTLFH@@`@B^BbAFrALCH?ZGNCb@Er@I`@G?YEqAC_@mANlAOHpB?XDAl@Ir@KI}@Gy@Em@AICe@C_@Ca@Cg@Ag@Ci@A]?_@AS?KAU?y@?q@?_A?e@@]@e@Bg@BW@]Dm@FaABi@Bc@D}@Bu@D}A@}@?G?Y?]?K?_@?]AQASCYF?FDP\N^WNQH?^?J?\?X?FA|@E|ACt@E|@Cb@Ch@G`AEl@A\CVCf@Ad@A\?d@?~@?N?`@?x@@T?J@R?^p@IJC~@Sx@ODE?G??Cu@UBe@nA_ARKBq@H@\Bh@@f@Bf@yARoBXOBQ@EWEQKKWCGDIHCF	Click to Generate
S2	30	1			3	Nether Edge Primary School (S2)	Broadfield Park (S2)	Virgin Crucible (S2)	2342	1756	{wtdIfkaHF[TkANq@`@_CFc@d@uE^aEL_BFi@BM?EBG@EN]DFDHDHBDFFBBJHRPRNDDNJ\T\XRPQr@CFAFUhAAJ[zAERMj@AD?B?B?D@B@BJFr@d@FDFDl@wCBONu@XwAQWIKKMKKKKMKSQ]Y]UOKEESOSQKICCGGCEEIEIEGKUISCKGMEMCKCMIi@ESESEOGSc@w@GGC[BEHENIPI`@QDC\MJCFCHCDAD?R?@NBJ@F?R@R?JEh@A^Ab@?@EpA?HAHCHAHAFIVEJCHKVKUISCKGMEMCKCMIi@ESESEOGSc@w@GGC[BEHENIPI`@QDC\MJCFCHCDAD?R?P?F?PBD?`@ENCSkCCYCUCOIQIWM]Zk@[j@L\HVHPBNBTVdDOBa@DE?KJIFCBIF?R@R?JEh@A^Ad@EpA?HAHCHAHAFIVEJCHKVO\ADCF?DCLGh@M~A_@`Ee@tEGb@a@~BOp@UjAGZ	Click to Generate
S2	30	1			3	Windy House Lane Pocket Park (S2)	UBU (S2)	Leaves (S2)	2455	1841	_~udIv`vGCyAI@EAGAECEEGGEKIWE]?Q@QF[JWHIJGHCP@LBDDDHDNHZ@N@NAJAL?BETt@v@~DjEELCFCBg@^AGGW??FV@Ff@_@BCBGDMNNzA|At@x@@?l@p@IJcAnAGF{@v@w@^k@^u@Ts@RYDYDg@HG??TBx@Bl@Fj@FX@HDRJ\`AzB`AtBJR@BLYRYBCDINUNY^q@BEzAqC`ByC|A}C^q@`AgB`AmBVo@Xw@L[d@y@@E@E?C@E?E?G?E?C?EAC?A?EAEAEAGCEAEEG[SmBkAGT]xAENa@jAq@|ASb@Q\_@r@q@z@pBvC??qBwCm@q@A?u@y@{A}AOO_EkEu@w@CFCFGJEDGDEBE@BxA	Click to Generate
S2	45	1			3	Gleadless Medical Centre (S2)	Pizza City (S2)	Arbourthorne Community Primary School (S2)	3283	2462	gbtdIp~yGh@iABCTe@f@aAP]h@eAHKLKBCTAF@JFHLHRDX@\?Z@RA\?H?J?L@H@Jg@r@QXCBa@j@KLKLMJiB`BQNUTKNILSZOXCDGHADOZA@CFGHMRKPKRADHNZl@??[m@IOMVCFITEHCLKIGGEGGGQKMIm@YIAFu@HsA?IBe@@OEQMIK?a@NK@KEGKGOAS?C?WJo@@KPy@Py@H]@GLm@VqADSBKJw@@IAUCQIMICEAQHYTSRQRGDGFIBEA[EBc@J{AFeAF_A@[B[By@@WBw@@m@Bo@@i@@g@@e@?G?M?O@c@G@MFa@Po@\aAj@a@VSLYPiBpAg@\e@\}@r@y@n@EBPbBJ|@D^Lr@Lp@BLFXDJJKHGFADDDJBFFFBAtAy@??uAx@C@GGCGEKEEG@IFKJFRJ\BDFNLZNRPZZ^LJJHRRNJh@b@h@\j@\TL^RSz@Qv@Wx@Od@MXGNMXSd@EHGHMVHR@BBBHDJ?F?FC`B]r@On@OVGFAF?F?F?PD`@LH@l@XLHPJRAFAH?DCHCBGLW@EJSJQLSFIBG@AN[@EFIBENYR[HMJOTUPOhBaBLKJMJM`@k@BCPYf@s@AKAI?M?K?I@]AS?[A]EYISIMKGGAU@CBMJIJi@dAQ\g@`AUd@CBi@hA	Click to Generate
S2	20	1			3	Wobbly Wheel Cyclery (S2)	Meersbrook Service Station (S2)	I Said Bread (S2)	2057	1543	oatdInh}GBrBDlCn@ED?F?v@GbAG?FJtGnBKKsG?GOqKCK@_@@WAIAIoGeAa@GDWEkAAOHmBN}@RyAFUJ]hB\~Bb@rBjFQDqDo@qEw@IlBFzAEV`@FZ`CFfCJ~HLxIS@u@@EEKmIVCEmCCsB	Click to Generate
S2	45	1			3	The Hardy Pick (S2)	Virgin Crucible (S2)	Boots (S2)	3743	2807	yltdIbq`HId@]UOKEESOSQKICCGGCEEIEIEGKUISCKGMEMCKCMIi@ESESEOGSc@w@GGC[BEHENIPI`@QDC\MJCFCHCDAD?R?P?F?PBD?`@ENCRGDCHGFGBCBEDEv@pBlAzCHPf@{@Se@GO_@}@JSV_@c@r@^|@FNRd@g@z@IQmA{Cw@qBEDCDCBGFIFEBSFSkCCYCUCOIQIWM]Zk@[j@L\HVHPBNBTVdDOBa@DE?KJIFCBIFEACACCCAAGGQCIEMAGEKEOISQk@]u@oAeDg@kAeAgCi@oAMc@Y_ACMCICCEIEGEGGEa@UaAm@kBiAmAs@MIIIGGIIGMEIOc@EKAKCME]K}@Gc@Ks@ASEc@Ce@T@B?H?XAFAF?REZ?b@Av@A\?V?J@H@D@B@JDHDHHTRTTX\PTPTZd@`@n@f@t@f@t@HLFFDHLNDFBBVXLLFDXPNJNHPLTH\Pd@PHBFBZLz@\\PJDNHFFJHNLFHFDHHZZl@d@X\dAhANPJJEJCFILCHEJKh@ITGXIA??AAAAEICEAEUg@BqAD@T^CjAEJ@DHN@@@@??H@FYAQDq@BKBQJS[]{@iAMQg@s@[[IIGEGIOMKIGGOIKEA\GnAKnCALCJEFYn@CD?DAD?B?D@D@DXj@fAzBLZFTDRF`@@^E@C@A?C@EBCDe@p@EDCDCBGFIFEBSFOBa@DE?KJIFCBIF?R@R?JEh@A^Ad@EpA?`A?f@?L?P?JBVRPRNDDNJ\THe@	Click to Generate
S2	20	1			3	International Automatic Cars (S2)	Casa Italia (S2)	Valley Road Garage (S2)	1542	1156	ahtdIh{~GyAhDk@vAPXVd@H@t@aBu@`BIACES_@QYEJWj@Yp@CTz@\\PJDNHFFJHNLFHFDHHZZPNZTELg@s@[[IIGEGIOMJ_@X_A^iAhA_DhCaGfAeCjBgElCmGEcBmBHuBvEuAbD_AvB]z@eC|F	Click to Generate
S2	30	1			3	Leaves (S2)	Windy House Lane Pocket Park (S2)	UBU (S2)	2605	1954	ududI|gvGQXVo@Xw@L[d@y@@E@E?C@E?E?G?E?C?EAC?A?EAEAEAGCEAEEG[SmBkAGT]xAENa@jAq@|ASb@Q\_@r@q@z@pBvC??qBwCm@q@A?u@y@{A}AOOELCFCBg@^AGGW??FV@Ff@_@BCBGDMNNzA|At@x@@?l@p@IJcAnAGF{@v@w@^k@^u@Ts@RYDYDg@HG??TBx@Bl@Fj@FX@HDRJ\`AzB`AtBJR@BLYRYBCDINUNY^q@BEzAqC`ByC|A}C^q@`AgB`AmBVo@Xw@L[d@y@Ra@DIJUHOJSJQ`@_AN]FSTw@DOP_ABONYJg@DUDUBE@CBAB?B?D?D@DD^|@Tn@N\Rl@Jd@@HAd@ATCNENENGVGTEPKRi@F_@DODM@{@FWTO@]BK@GBC@IDGBIHEDEDABCBuAbC	Click to Generate
S2	30	1			3	Best Pizza (S2)	Leaves (S2)	Windy House Lane Pocket Park (S2)	2152	1614	ivudI|cwGMTwAfCm@lA]p@k@bAkBjDe@z@CEEIk@mAj@lADHBDd@{@jBkDj@cA\q@N[\q@vAgCACKSaAuBaA{BK]ESAIGYGk@Cm@Cy@?UF?f@IXEXEr@St@Uj@_@v@_@z@w@FGbAoAHKpBvC??qBwCm@q@A?u@y@{A}AOOELCFCBg@^AGGW??FV@Ff@_@BCBGDMNNzA|At@x@@?l@p@IJcAnAGF{@v@w@^k@^u@Ts@RYDYDg@HG??TBx@Bl@Fj@FX@HDRJ\`AzB`AtBJR@BLU	Click to Generate
S2	20	1			3	Ideal Hairdresser (S2)	The Hardy Pick (S2)	Virgin Crucible (S2)	1525	1144	kjtdIxt`H??KKKKMKSQ]Y]UOKEESOAAQOKICCGGCEEIEIEGKUISCKGMEMCKCMIi@ESESEOGSc@w@GGC[BEHENIPI`@QDC\MJCFCHCDAD?R?P?F?PBD?`@ENCRGDCHGFGBCBEDEv@pBlAzCHPf@{@Se@GO_@}@JSV_@c@r@^|@FNRd@g@z@IQmA{Cw@qBEDCDCBGFIFEBSFSkCCYCUCOIQIWM]Zk@[j@L\HVHPBNBTVdDOBa@DE?KJIFCBIF?R@R?JEh@A^Ad@EpA?`A?f@?L?P?JBVRPRNDDNJ\T\XRPLJJJJJ??	Click to Generate
S2	15	1			3	The Bhaji Shack (S2)	Boots (S2)	Meersbrook Park Church (S2)	1148	861	gftdIdm_H@@ELg@s@[[IIGEGIOMKIGGOIKEA\GnALBMCFoA@]@?HDNHFFJHNLFHFDHHZZl@d@X\dAhANPJJEJCFILCHEJKh@ITGXIA??AAAAEICEAEUg@BqAD@T^CjAEJ@DHN@@@@??H@FYAQDq@BKBQJSNMJJPRPTRZ@BBDDHN^LZZ`A[k@KQIQOUOWWa@EGW[QQ[]{@iAMQGRENAD?DAHAJAt@AP?R_AKECCC?C?CLaC@Y?G@IDUDQZZj@b@	Click to Generate
S2	45	1			3	Pizza City (S2)	Newfield Green Dental Surgery (S2)	Momma Katz (S2)	3524	2643	uxtdIvtyGuAx@C@GGCGEKEEG@IFKJEKGYCMMq@Ms@E_@K}@QcBDCx@o@|@s@d@]f@]hBqAXQRM`@W`Ak@n@]`@QLGFAAb@?N?L?FAd@Af@Ah@Cn@Al@Cv@AVCx@CZAZG~@GdAKzACb@Gz@?FIfAGt@E`@Kz@EZEXG\Sz@Qv@Wx@Od@MXGNMXSd@EHGHMVHR@BBBHDJ?F?FC`B]r@On@OVGFAF?F?F?PD`@LH@l@XLHPJRAD?@AH?DCHCBGLW@EJSJQLSFIBG@AN[@EFIBENYR[HMJOTUPOhBaBLKJMJM`@k@BCPYf@s@AKAI?M?K?I@]AS?[A]EYISIMKGGAU@CBMJIJi@dAQ\g@`AUd@CBcAvBA?dAwBBCTe@f@aAP]h@eAHKLKBCTAF@JFHLHRDX@\?Z@RA\?H?J?L@H@Jg@r@QXCBa@j@KLKLMJiB`BQNUTKNILSZOXCDGHADOZA@CFGHMRKPKRADMVCFITEHCLKIGGEGGGQKMIm@YIAFu@HsA?IBe@@OEQMIK?a@NK@KEGKGOAS?C?WJo@@KPy@Py@H]@GLm@VqADSBKJw@@IAUCQIMICEAQHYTSRQRGDGFIBEA[EGz@?FIfAGt@E`@Kz@EZEXG\_@SUMk@]i@]i@c@OKSSKIMK[_@Q[OSM[GOCEK]GSJKHGFADDDJBFFFBAtAy@	Click to Generate
S2	20	1			3	East Bank Medical Centre (S2)	The Spires Centre (S2)	Springs Leisure Centre (S2)	1882	1412	}ztdIxwwGCBELERAXDVJTLFH@@`@B^BbAFrALCH?ZGNCb@Er@I`@G?YEqAC_@mANlAOHpB?XDAl@Ir@KI}@Gy@Em@AICe@C_@Ca@Cg@Ag@Ci@A]?_@AS?KAU?y@?q@?_A?e@@]@e@Bg@BW@]Dm@FaABi@Bc@D}@Bu@D}A@}@?G?Y?]?K?_@?]AQASCYF?FDP\N^WNQH?^?J?\?X?FA|@E|ACt@E|@Cb@Ch@G`AEl@A\CVCf@Ad@A\?d@?~@?N?`@?x@@T?J@R?^p@IJC~@Sx@ODE?G??Cu@UBe@nA_ARKBq@H@\Bh@@f@Bf@yARoBXOBQ@EWEQKKWCGDED	Click to Generate
S2	60	1			3	St Swithun (S2)	No.1 Chinese Takeaway (S2)	Windy House Lane Pocket Park (S2)	4617	3463	gnvdIphuG]n@Yo@Zq@Zq@Qa@CCCG\w@f@iABG?ABOTL`DvAHB@IBGBEDAF@BB@BBF@F?FAFADFDb@Vl@`@^XLLHJTb@Ph@Jj@FpAD~BL`E?RP@LBDDDHDNHZ@N@NAJAL?BETCFCFGJEDGDEBE@I@EAGAECEEGGEKIWE]a@JcB^_ATYHJkDd@oCBKeBkBaAeAEEGIGLKJEDMFa@@S@UBUH}@f@k@d@MJa@\e@n@i@t@OTaAlBe@z@e@x@SLUHQ?SEOGOGWOECeCwAiBcAa@a@U[S]GI~@mB\q@Vg@Cm@LWP_@ZHFM\o@NYv@{A`BkDfB_DFIHOb@}@NWx@{AFOBEDGTe@jAaCnA}BpAmCNWN[Zk@dCQb@E`@?T?V@D@dAVx@d@f@\DDLLVZT^`@r@Xl@Xr@Nh@Hd@H^Hb@Fh@Fl@BN?HDp@\xDVpC?JDf@Hz@J`AFf@Jf@Jh@^rABJFRZt@\r@FJb@j@b@d@lAx@Ob@GXS|@u@rBq@jAy@jAc@f@INCHOOELCFCBg@^AGGW??FV@Ff@_@BCBGDM_EkEu@w@CFCFGJEDGDEBE@I@EAGAECEEGGEKIWE]?Q@QF[JWHIJGHC?SMaEE_CGqAKk@Qi@Uc@IKMM_@Ym@a@c@WGEAFEBC@E?ECCCCG?I?IICaDwAUMCN?@CFg@hA]v@BFBBP`@[p@[p@Xn@\o@	Click to Generate
S2	20	1			3	Jaan Kebab House (S2)	The Hardy Pick (S2)	Virgin Crucible (S2)	1516	1137	qjtdIrt`HEEKKMKSQ]Y]UOKEESOGGKIKICCGGCEEIEIEGKUISCKGMEMCKCMIi@ESESEOGSc@w@GGC[BEHENIPI`@QDC\MJCFCHCDAD?R?P?F?PBD?`@ENCRGDCHGFGBCBEDEv@pBlAzCHPf@{@Se@GO_@}@JSV_@c@r@^|@FNRd@g@z@IQmA{Cw@qBEDCDCBGFIFEBSFSkCCYCUCOIQIWM]Zk@[j@L\HVHPBNBTVdDOBa@DE?KJIFCBIF?R@R?JEh@A^Ad@EpA?`A?f@?L?P?JBVRPRNDDNJ\T\XRPLJJJDD	Click to Generate
S2	20	1			3	Leaves (S2)	Windy House Lane Pocket Park (S2)	UBU (S2)	1867	1400	geudIzhvG?CVo@Xw@L[d@y@@E@E?C@E?E?G?E?C?EAC?A?EAEAEAGCEAEEG[SmBkAGT]xAENa@jAq@|ASb@Q\_@r@q@z@pBvC??qBwCm@q@A?u@y@{A}AOOELCFCBg@^AGGW??FV@Ff@_@BCBGDMNNzA|At@x@@?l@p@IJcAnAGF{@v@w@^k@^u@Ts@RYDYDg@HG??TBx@Bl@Fj@FX@HDRJ\`AzB`AtBJR@BLYRYBCDINUNY^q@BEzAqC`ByC|A}C^q@`AgB`AiB	Click to Generate
S2	30	1			3	Nether Edge Primary School (S2)	Broadfield Park (S2)	Virgin Crucible (S2)	2491	1868	_ztdIfqaHDQBKL_@J]BKFWPw@Hc@TkANq@`@_CFc@d@uE^aEL_BFi@BM?EBG@EN]DFDHDHBDFFBBJHRPRNDDNJ\T\XRPQr@CFAFUhAAJ[zAERMj@AD?B?B?D@B@BJFr@d@FDFDl@wCBONu@XwAQWIKKMKKKKMKSQ]Y]UOKEESOSQKICCGGCEEIEIEGKUISCKGMEMCKCMIi@ESESEOGSc@w@GGC[BEHENIPI`@QDC\MJCFCHCDAD?R?@NBJ@F?R@R?JEh@A^Ab@?@EpA?HAHCHAHAFIVEJCHKVKUISCKGMEMCKCMIi@ESESEOGSc@w@GGC[BEHENIPI`@QDC\MJCFCHCDAD?R?P?F?PBD?`@ENCSkCCYCUCOIQIWM]Zk@[j@L\HVHPBNBTVdDOBa@DE?KJIFCBIF?R@R?JEh@A^Ad@EpA?HAHCHAHAFIVEJCHKVO\ADCF?DCLGh@M~A_@`Ee@tEGb@a@~BOp@UjAIb@Qv@GVCJK\M^CJEP	Click to Generate
S2	30	1			3	Alberts (S2)	Sheffield Inclusion Centre (S2)	Leaves (S2)	2749	2062	mzudIljwG\q@vAgCLYRYBCDINUNY@DBDFPXf@?JKRE@Ym@ESCGACOTEHCBSX?BMTwAfCm@lA]p@BFBFj@lAVj@d@`ATf@Tf@@Bl@rAb@~@FL`@~@b@hARl@?BN`@UTu@t@qBjBw@v@eAbAcA~@I[Ke@GUw@_DCGIUOEIAGA?S?O?KCQKc@e@{AIUCGMc@EQCE?EAGAG?CAI?I@I?I@E@CDIDKDEb@w@HKd@{@jBkDj@cA\q@l@mAvAgCACKSaAuBaA{BK]ESAIGYGk@Cm@Cy@?UF?f@IXEXEr@St@Uj@_@v@_@z@w@FGbAoAHKpBvC??qBwCIJcAnAGF{@v@w@^k@^u@Ts@RYDYDg@HG??TBx@Bl@Fj@FX@HDRJ\`AzB`AtBJR@BwAfC]p@	Click to Generate
S2	45	1			3	Boots (S2)	Virgin Crucible (S2)	Meersbrook Park Church (S2)	3132	2349	citdInn_HBU@Y?G@IDUDQZZl@d@X\dAhANPJJEJCFILCHEJKh@ITGXIA??AAAAEICEAEUg@BqAD@T^CjAEJ@DHN@@@@??H@FYAQDq@BKBQJS[]{@iAMQg@s@[[IIGEGIOMKIGGOIKEA\GnAKnCALCJEFYn@CD?DAD?B?D@D@DXj@fAzBLZFTDRF`@@^E@C@A?C@EBCDe@p@EDCDCBGFIFEBSFSkCCYCUCOIQIWM]Zk@[j@L\HVHPBNBTVdDOBa@DE?KJIFCBIFEACACCCAAGGQCIEMAGEKEOISQk@]u@oAeDg@kAeAgCi@oAMc@Y_ACMCICCEIEGEGGEa@UaAm@kBiAmAs@MIIIGGIIGMEIOc@EKAKCME]K}@Gc@Ks@ASEc@Ce@T@B?H?XAFAF?REZ?b@Av@A\?V?J@H@D@B@JDHDHHTRTTX\PTPTZd@`@n@f@t@f@t@HLFFDHLNDFBBVXLLFDXPNJNHPLTH\Pd@PHBFBZLz@\\PJDNHFFJHNLFHFDHHZZl@d@X\dAhANPJJPRPTRZ@BBDDHN^LZZ`A[k@KQIQOUOWWa@EGW[QQ[]{@iAMQGRENAD?DAHAJAt@AP?R_AKECCC?C?CHkB	Click to Generate
S2	30	1			3	The Hardy Pick (S2)	Another Level (S2)	Meersbrook Park Church (S2)	2851	2138	ydtdInu_HDH@@@@??H@FYAQDq@BKBQJS[]{@iAMQg@s@[[IIGEGIOMKIGGOIKEA\GnAKnCALCJEFYn@CD?DAD?B?D@D@DXj@fAzBLZFTDRF`@@^E@C@A?C@EBCDe@p@v@pBlAzCHPf@{@Se@GO_@}@JSV_@c@r@^|@FNRd@g@z@IQmA{Cw@qBEDCDCBGFIFEBSFOBa@DE?KJIFCBIFEACACCCAAGGQCIEMAGEKEOISQk@]u@oAeDg@kAeAgCi@oAMc@Y_ACMCICCEIEGEGGEa@UaAm@kBiAmAs@MIIIGGIIGMEIOc@EKAKCME]K}@Gc@Ks@ASEc@Ce@T@B?H?XAFAF?REZ?b@Av@A\?V?J@H@D@B@JDHDHHTRTTX\PTPTZd@`@n@f@t@f@t@HLFFDHLNDFBBVXLLFDXPNJNHPLTH\Pd@PHBFBZLz@\\PJDNHFFJHNLFHFDHHZZj@b@@@X\dAhANPJJPRPTRZ@BBDDHN^LZZ`A[k@KQIQOUOWWa@EGW[ILCHEJKh@ITGXIA??AAAAEI	Click to Generate
S2	20	1			3	Curry Master (S2)	Broadfield Park (S2)	Virgin Crucible (S2)	1969	1477	qptdI~p`HDi@JHRPRNDDNJ\T\XRPQr@CFAFWtA[zAERMj@AD?B?B?D@B@BJFr@d@FDFDl@wCBONu@XwAQWIKKMKK??KKMKSQ]Y]UOKEESOSQKICCGGCEEIEIEGKUISCKGMEMCKCMIi@ESESEOGSc@w@GGC[BEHENIPI`@QDC\MJCFCHCDAD?R?@NBJ@F?R@R?JEh@A^Ab@?@EpA?HAHCHAHAFIVEJCHKVKUISCKGMEMCKCMIi@ESESEOGSc@w@GGC[BEHENIPI`@QDC\MJCFCHCDAD?R?P?F?PBD?`@ENCSkCCYCUCOIQIWM]Zk@[j@L\HVHPBNBTVdDOBa@DE?KJIFCBIF?R@R?JEh@A^Ad@EpA?`A?f@?L?P?JBVRPRNDDNJ\TPcA@I`@wB@GAFa@vBAHQbA]UOKEESOSQKIEh@	Click to Generate
S2	20	1			3	Tuck News (S2)	Virgin Crucible (S2)	The Hardy Pick (S2)	1565	1174	}otdI|g`H?@EpA?`A?f@?L?P?JBVRPRN@@BBNJ\TPcA@I`@wB@GAFa@vBAHQbA]UOKEESOSQKICCGGCEEIEIEGKUISCKGMEMCKCMIi@ESESEOGSc@w@GGC[BEHENIPI`@QDC\MJCFCHCDAD?R?P?F?PBD?`@ENCWeDCUCOIQIWM]Zk@[j@L\HVHPBNBTBXRjCRGDCHGFGBCBEDEv@pBlAzCHPf@{@Se@GO_@}@JSV_@c@r@^|@FNRd@g@z@IQmA{Cw@qBEDCDCBGFIFEBSFOBa@DE?KJIFCBIF?R@R?JEh@A^Ab@	Click to Generate
S2	30	1			3	Caribbean Fusion (S2)	Leaves (S2)	Windy House Lane Pocket Park (S2)	2262	1696	_tudIp`wGKNOXOTEHCBSXMXwAfCm@lA]p@k@bAkBjDe@z@CEEIk@mAj@lADHBDd@{@jBkDj@cA\q@l@mAHOlAwBACKSaAuBaA{BK]ESAIGYGk@Cm@Cy@?UF?f@IXEXEr@St@Uj@_@v@_@z@w@FGbAoAHKpBvC??qBwCm@q@A?u@y@{A}AOOELCFCBg@^AGGW??FV@Ff@_@BCBGDMNNzA|At@x@@?l@p@IJcAnAGF{@v@w@^k@^u@Ts@RYDYDg@HG??TBx@Bl@Fj@FX@HDRJ\`AzB`AtBJR@BLYRYBCDINUNYJO	Click to Generate
S2	45	1			3	Virgin Crucible (S2)	The Hardy Pick (S2)	Boots (S2)	3656	2742	sntdIbq`HCASOSQKICCGGCEEIEIEGKUISCKGMEMCKCMIi@ESESEOGSc@w@GGC[BEHENIPI`@QDC\MJCFCHCDAD?R?P?F?PBD?`@ENCWeDCUCOIQIWM]Zk@[j@L\HVHPBNBTBXRjCRGDCHGFGBCBEDEv@pBlAzCHPf@{@Se@GO_@}@JSV_@c@r@^|@FNRd@g@z@IQmA{Cw@qBEDCDCBGFIFEBSFOBa@DE?KJIFCBIFEACACCCAAGGQCIEMAGEKEOISQk@]u@oAeDg@kAeAgCi@oAMc@Y_ACMCICCEIEGEGGEa@UaAm@kBiAmAs@MIIIGGIIGMEIOc@EKAKCME]K}@Gc@Ks@ASEc@Ce@T@B?H?XAFAF?REZ?b@Av@A\?V?J@H@D@B@JDHDHHTRTTX\PTPTZd@`@n@f@t@f@t@HLFFDHLNDFBBVXLLFDXPNJNHPLTH\Pd@PHBFBZLz@\\PJDNHFFJHNLFHFDHHZZl@d@X\dAhANPJJEJCFILCHEJKh@ITGXIA??AAAAEICEAEUg@BqAD@T^CjAEJ@DHN@@@@??H@FYAQDq@BKBQJS[]{@iAMQg@s@[[IIGEGIOMKIGGOIKEA\GnAKnCALCJEFYn@CD?DAD?B?D@D@DXj@fAzBLZFTDRF`@@^E@C@A?C@EBCDe@p@EDCDCBGFIFEBSFOBa@DE?KJIFCBIF?R@R?JEh@A^Ad@EpA?`A?f@?L?P?JBVRPRNB@	Click to Generate
S2	60	1			3	Pentagon Jeep (S2)	Makro (S2)	Sheffield Animal Centre (S2)	4426	3320	egydItavGK^Wt@R\^gANg@Ru@Nm@Lg@b@aBJe@Rs@f@f@XRTPn@f@k@pCGVg@zB@ZVb@XRTPNLFFTR_@hBOr@Ns@^iBUSGGOMUQYSWc@A[f@{Br@iDo@g@UQYSg@g@Sr@Kd@c@`BMf@Ol@St@Of@_@fAa@z@u@`BUf@INmAfBOTkAvAUg@O[CISc@Sa@Sa@Q_@??m@bAu@tAVZNPDFV\TXX\RVELGJy@fB]`AK\g@dBSz@UhACPQjAKx@QvAIt@Kr@CNe@xBUa@QYOQCCu@e@OIq@_@k@Wm@]_@Sc@WcAk@_@Sm@]ECKEe@WmAo@AAKGyBmAqEiC[Q[SEGGGKMEKAI?KNM@CFQDQJc@He@l@cDHg@`@_CFc@Pu@^qAXZTPNL\cAL]LFHF`AdAp@r@NFl@^d@^r@bAxFbGCn@Qd@_AhACDWb@Yz@a@`BvAv@f@X|@f@DH@PKn@a@vCj@Vp@^NHt@d@BBNPPXT`@d@yBBOJs@Hu@PwAJy@PkABQTiAR{@f@eBJ]\aAx@gBFKDMt@_AZg@jAwANUlAgBHOTg@t@aB`@{@S]Vu@J_@	Click to Generate
S2	45	1			3	Windy House Lane Pocket Park (S2)	Archdale School (S2)	UBU (S2)	3654	2740	_~udIz_vGC}@I@EAGAECEEGGEKIWE]?Q@QF[JWHIJGHCP@LBDDDHDNHZ@N@NAJAL?BETt@v@~DjEELCFCBg@^AGGW??FV@Ff@_@BCBGDM_EkEu@w@CFCFGJEDGDEBE@I@EAGAECEEGGEKIWE]?Q@QF[JWHIJGHC?SMaEE_CGqAKk@Qi@Uc@IKMM_@Ym@a@c@WGEAFEBC@E?ECCCCG?I?IICaDwAUMCN?@CFg@hA]v@BFBBP`@[p@[p@Xn@\o@??]n@Yo@Zq@Zq@Qa@CCCG\w@f@iABG?ABOTL`DvAHB@IBGBEDAF@BB@BBF@F?FAFADFDb@Vl@`@^XLLHJTb@Ph@Jj@FpAD~BL`E?RP@LBDDDHDNHZ@N@NAJAL?BETCFCFGJEDGDEBE@VnJBrADxAH|C@N?TBx@Bl@Fj@FX@HDRJ\`AzB`AtBJR@BLYRYBCDINUNY^q@BEzAqC`ByC|A}C^q@`AgB`AmBVo@Xw@L[d@y@@E@E?C@E?E?G?E?C?EAC?A?EAEAEAGCEAEEG[SmBkA_BcAsA}@UQoA_Ae@g@EIY]MLKHQB]?QKSSQPyA|AABe@f@w@v@Y\AJAL?BETCFCFGJEDGDEBE@B|@	Click to Generate
S2	20	1			3	Boots (S2)	Alam Hill Books (S2)	Meersbrook Park Church (S2)	1774	1330	gitdInh_HELK^NLFHFDHHZZl@d@X\dAhANPJJEJCFILCHEJKh@ITGXIA??AAAAEICEAEUg@BqAD@T^CjAEJ@DHN@@@@??H@FYAQDq@BKBQJS[]{@iAMQg@s@[[IIGEGIOMKIGGOIKE]Q{@]BUXq@Vk@DKj@wAxAiDdC}FHLpAvBiC`GiA~C_@hAY~@K^NLFHFDHHZZl@d@X\dAhANPJJPRPTRZ@BBDDHN^LZZ`A[k@KQIQOUOWWa@EGW[QQ[]{@iAMQg@s@[[IIGEGIOMJ_@DM	Click to Generate
S2	20	1			3	Wobbly Wheel Cyclery (S2)	74th Oak Street Scout Group (S2)	I Said Bread (S2)	1450	1088	uusdIni}GD~AAh@@j@kAJ?FJrGoBJKuG?GcAFw@FG?E?o@DEmCCsBAq@AKv@EJ~HLxIS@u@@EEKmIVCn@ED?F?zBO?FJtGnBKKsG?GjAKAk@@i@E_B	Click to Generate
S2	45	1			3	Bronze & Polished (S2)	Sheffield Inclusion Centre (S2)	Leaves (S2)	3057	2293	eyudIjhwGlAwBLYRYBCDINUNYJORa@~AwC`ByC|A}C@DHNf@bALZBFPh@Lb@?BH\Jt@Hv@Dh@@JIJMRQ^]r@m@nA@TPvBNjCHhBFjAD|ADlAB~@G?I@MHo@l@k@h@k@h@gAdAa@^WTUTu@t@qBjBw@v@eAbAcA~@I[Ke@GUw@_DCGIUOEIAGA?S?O?KCQKc@e@{AIUCGMc@EQCE?EAGAG?CAI?I@I?I@E@CDIDKDEb@w@HKd@{@jBkDj@cA\q@l@mAvAgCACKSaAuBaA{BK]ESAIGYGk@Cm@Cy@?UF?f@IXEXEr@St@Uj@_@v@_@z@w@FGbAoAHKpBvC??qBwCIJcAnAGF{@v@w@^k@^u@Ts@RYDYDg@HG??TBx@Bl@Fj@FX@HDRJ\`AzB`AtBJR@BmAvB	Click to Generate
S2	15	1			3	International Automatic Cars (S2)	Boots (S2)	Meersbrook Park Church (S2)	1437	1078	agtdIpl_HZTELg@s@[[IIGEGIOMKIGGOIKE]Q{@]BUXq@Vk@DKPXVd@H@t@aBu@`BIACES_@QYEJWj@Yp@CTz@\\PJDNHFFJHNLFHFDHHZZl@d@X\dAhANPJJEJCFILCHEJKh@ITGXIA??AAAAEICEAEUg@BqAD@T^CjAEJ@DHN@@@@??H@FYAQDq@BKBQJSNMJJPRPTRZ@BBDDHN^LZZ`A[k@KQIQOUOWWa@EGW[QQ[]{@iAMQGRENAD?DAHAJAt@AP?R_AKECCC?C?CLaC@Y?G@IDUDQZZPN	Click to Generate
S2	45	1			3	Gleadless Medical Centre (S2)	Pizza City (S2)	Arbourthorne Community Primary School (S2)	3293	2470	mbtdI|~yGn@uABCTe@f@aAP]h@eAHKLKBCTAF@JFHLHRDX@\?Z@RA\?H?J?L@H@Jg@r@QXCBa@j@KLKLMJiB`BQNUTKNILSZOXCDGHADOZA@CFGHMRKPKRADHNZl@??[m@IOMVCFITEHCLKIGGEGGGQKMIm@YIAFu@HsA?IBe@@OEQMIK?a@NK@KEGKGOAS?C?WJo@@KPy@Py@H]@GLm@VqADSBKJw@@IAUCQIMICEAQHYTSRQRGDGFIBEA[EBc@J{AFeAF_A@[B[By@@WBw@@m@Bo@@i@@g@@e@?G?M?O@c@G@MFa@Po@\aAj@a@VSLYPiBpAg@\e@\}@r@y@n@EBPbBJ|@D^Lr@Lp@BLFXDJJKHGFADDDJBFFFBAtAy@??uAx@C@GGCGEKEEG@IFKJFRJ\BDFNLZNRPZZ^LJJHRRNJh@b@h@\j@\TL^RSz@Qv@Wx@Od@MXGNMXSd@EHGHMVHR@BBBHDJ?F?FC`B]r@On@OVGFAF?F?F?PD`@LH@l@XLHPJRAFAH?DCHCBGLW@EJSJQLSFIBG@AN[@EFIBENYR[HMJOTUPOhBaBLKJMJM`@k@BCPYf@s@AKAI?M?K?I@]AS?[A]EYISIMKGGAU@CBMJIJi@dAQ\g@`AUd@CBo@tA	Click to Generate
S2	60	1			3	Kathy's Tea Room (S2)	Manor Fields (S2)	Temple Park Centre (S2)	4548	3411	uiwdIfuvGWGaAOq@a@QSUe@KOa@n@mBxCoAyCoAyCZi@IOR_@F[?SA[COCSCINWl@bBaA|A[h@nAxCnAxCKRs@jAh@bA^Vd@@BCJIRQlApChAjCd@fAYzCI~@Id@GPcAv@LjCDt@HlBLpAFb@`BaAr@g@f@YvByAd@[j@a@b@[tByAkAiHg@sCNc@`BiAdD}B??RAl@FV\R~@BNjA`HqBxAuBzAyB|AuBxAc@Zk@`@e@ZwBxAg@Xs@f@aB`AGc@MqAImBEu@MkCbAw@FQHe@H_AX{Ce@gAiAkCmAqCSPKHCBe@A_@Wi@cAr@kAJSoAyCoAyCZi@`A}Am@cBs@aBsAkCEDK@GCGICMAM@M@GDIFEFAHBDHx@gAZc@TSVMRGF?ARGV?p@?I?g@FW@SG?SFWLUR[b@y@fADJ@L?FCLEJrAjCr@`Bl@bBJSh@{@NUHEHAL?jBb@jA`@OvB]bB_@|@JNTd@PRp@`@`ANVF	Click to Generate
S2	45	1			3	Meersbrook Service Station (S2)	74th Oak Street Scout Group (S2)	Wobbly Wheel Cyclery (S2)	3223	2417	{itdIbe|GAAEAg@WUGSCQ?E@C@GBIDULCHqCvIW~@Of@K^ERADK`@GPI^A@IVCHCFKR[f@LPDFBDF@D@PDPDz@RB?`AT@?TFPB`AVl@NzBf@n@NB?^HNDZ@PGNQh@s@Tg@DWEkAAOHmBN}@RyAFUJ]hB\~Bb@rBjFQDqDo@qEw@IlBFzAEV`@FZ`CFfCw@D@J@p@BrBDlCn@ED?F?v@GbAG?FJtGnBKKsG?GOqKCK@_@@WAIAIoGeAa@GUf@i@r@OPQF[AOE_@IC?o@O{Bg@m@OaAWQCUGA?aAUC?{@SQEQEEAGACEEGMQZg@JSBGBIHW@AH_@FQJa@@EDSJ_@Ng@V_ApCwIBITMHEFCBADAP?RBTFf@VD@@@	Click to Generate
S2	20	1			3	Boots (S2)	Meersbrook Park Church (S2)	Alam Hill Books (S2)	1457	1093	sgtdI`l_Hl@d@X\dAhANPJJEJCFILCHEJKh@ITGXIA??AAAAEICEAEUg@BqAD@T^CjAEJ@DHN@@@@??H@FYAQDq@BKBQJSNMJJPRPTRZ@BBDDHN^LZZ`A[k@KQIQOUOWWa@EGW[QQ[]{@iAMQg@s@[[IIGEGIOMKIGGOIKE]Q{@]BUXq@Vk@DKj@wAxAiDdC}FHLpAvBiC`GiA~C_@hAY~@K^NLFHFDHHZZ??	Click to Generate
S2	60	1			3	Substantial Victorian houses in Norfolk Road (S2)	Path up to the Cholera Monument, Sheffield (S2)	Sheffield Inclusion Centre (S2)	6221	4666	oexdIn}{GkAmBFMn@}Ad@gAGKw@oAv@nAFJuAdDGLwA`DFLHJf@f@RPz@x@tAtABB~@~@DBb@b@FK@CDEDCFAfAQt@M@ABA@C@C@C?C@GCa@c@Fb@GB`@AF?BABABABC@A@}B^G@EBEDABGJc@c@EC_A_ACCuAuA{@y@SQg@g@IKGMCECICImAqEWcAW}@Su@EQCKEKQu@y@}CMi@Kc@HIHKNO`AeANS`AeANSDEFE`@e@dCgDLSXe@JSP_@h@yAzAqEJWhHaTBKBITo@b@sAf@sAL]P]b@}@`@u@d@s@DGFINOTUZ]fBeBRS^]BADEFG~BuBrFgFDEFEzCuCv@u@|@_ARQDEDEx@u@^]nAqA\m@~@cBf@aA^m@`@u@h@_AFMDIP[HMDIDKDEb@w@HKd@{@jBkDj@cABFBFj@lAVj@d@`ATf@Tf@@Bl@rAb@~@FL`@~@b@hARl@?BN`@UTu@t@qBjBw@v@eAbAcA~@I[Ke@GUw@_DCGIUOEIAGA?S?O?KCQKc@e@{AIUCGMc@KKGGIGCCEAK?i@~@a@t@_@l@g@`A_AbB]l@oApA_@\y@t@EDEDSP}@~@w@t@{CtCGDEDsFfF_CtBGFEDC@_@\SRgBdB[\UTAj@?JGnCE|BEtBKtFKxFAPCfAAx@An@Aj@U@C@A@CDgElMiBjEKVYn@ABm@vAmCjGCDuA|CuAdDGLjAlB	Click to Generate
S2	60	1			3	Hillside below the Cholera Monument (S2)	Substantial Victorian houses in Norfolk Road (S2)	Sheffield Inclusion Centre (S2)	5927	4445	k}wdIzs{GiAoBEGGCC?CAI?G@I@E?CAQUCDuA|CuAdDGLwA`DFLHJf@f@RPz@x@tAtABB~@~@DBb@b@FK@CDEDCFA|B_@@ABA@C@C@C?C@GCa@c@F??b@GB`@AF?BABABABC@A@}B^G@EBEDABGJc@c@EC_A_ACCuAuA{@y@SQg@g@IKGMvAaDFMn@}Ad@gAtA}CBElCkGl@wA@CXo@JWhBkEfEmMBE@ABATA@k@@o@@y@BgA@QJyFJuFDuBD}BFoC?K@k@TUZ]fBeBRS^]BADEFG~BuBrFgFDEFEzCuCv@u@|@_ARQDEDEx@u@^]nAqA\m@~@cBf@aA^m@`@u@h@_AFMDIP[HMDIDKDEb@w@HKd@{@jBkDj@cABFBFj@lAVj@d@`ATf@Tf@@Bl@rAb@~@FL`@~@b@hARl@?BN`@UTu@t@qBjBw@v@eAbAcA~@I[Ke@GUw@_DCGIUOEIAGA?S?O?KCQKc@e@{AIUCGMc@KKGGIGCCEAK?i@~@a@t@_@l@g@`A_AbB]l@oApA_@\y@t@EDEDSP}@~@w@t@{CtCGDEDsFfF_CtBGFEDC@_@\SRgBdB[\UTAj@?JGnCE|BEtBKtFKxFAPCfAAx@An@Aj@U@C@A@CDgElMiBjEKVYn@ABm@vAmCjGPTB@D?HAFAH?B@B?FBDFhAnB	Click to Generate
S2	20	1			3	Leaves (S2)	Windy House Lane Pocket Park (S2)	UBU (S2)	1867	1400	qfudI~jvGh@gAVo@Xw@L[d@y@@E@E?C@E?E?G?E?C?EAC?A?EAEAEAGCEAEEG[SmBkAGT]xAENa@jAq@|ASb@Q\_@r@q@z@pBvC??qBwCm@q@A?u@y@{A}AOOELCFCBg@^AGGW??FV@Ff@_@BCBGDMNNzA|At@x@@?l@p@IJcAnAGF{@v@w@^k@^u@Ts@RYDYDg@HG??TBx@Bl@Fj@FX@HDRJ\`AzB`AtBJR@BLYRYBCDINUNY^q@BEzAqC`ByC|A}C^q@`AgBVe@	Click to Generate
S2	30	1			3	Best Pizza (S2)	Leaves (S2)	Windy House Lane Pocket Park (S2)	2315	1736	etudIjcwGIOESCGACOTEHCBSXMXwAfCm@lA]p@k@bAkBjDe@z@CEEIk@mAj@lADHBDd@{@jBkDj@cA\q@N[\q@vAgCACKSaAuBaA{BK]ESAIGYGk@Cm@Cy@?UF?f@IXEXEr@St@Uj@_@v@_@z@w@FGbAoAHKpBvC??qBwCm@q@A?u@y@{A}AOOELCFCBg@^AGGW??FV@Ff@_@BCBGDMNNzA|At@x@@?l@p@IJcAnAGF{@v@w@^k@^u@Ts@RYDYDg@HG??TBx@Bl@Fj@FX@HDRJ\`AzB`AtBJR@BLYRYBCDINUNY@DBDFPXf@?JKRE@O]	Click to Generate
S2	20	1			3	Broadfield Hotel (S2)	Broadfield Park (S2)	The Hardy Pick (S2)	1671	1253	wjtdIlt`H??KKMKSQ]Y]UOKEESOSQKIEh@??Di@CCGGCEEIEIEGKUISCKGMEMCKCMIi@ESESEOGSc@w@GGC[BEHENIPI`@QDC\MJCFCHCDAD?R?@NBJ@F?R@R?JEh@A^Ab@?@EpA?HAHCHAHAFIVEJCHKVKUISCKGMEMCKCMIi@ESESEOGSc@w@GGC[BEHENIPI`@QDC\MJCFCHCDAD?R?P?F?PBD?`@ENCRGDCHGFGBCBEDEv@pBlAzCHPf@{@Se@GO_@}@JSV_@c@r@^|@FNRd@g@z@IQmA{Cw@qBEDCDCBGFIFEBSFOBa@DE?KJIFCBIF?R@R?JEh@A^Ad@EpA?`A?f@?L?P?JBVRPRNDDNJ\T\XRPLJJJ??	Click to Generate
S2	30	1			3	Meersbrook Park Church (S2)	Porcelanosa (S2)	Virgin Crucible (S2)	2786	2090	mbtdIty_Hi@iAEIACE]FYAQDq@BKBQJSNMJJPRPTRZ@BBDDHN^LZZ`A[k@KQIQOUOWWa@EGW[QQ[]{@iAMQGRENADECUK_@QGC@Y?G@IDUDQIIGEGIOMKIGGOIKEA\GnAKnCALCJEFYn@CD?DAD?B?D@D@DXj@fAzBLZFTDRF`@@^E@C@A?C@EBCDe@p@EDCDCBGFIFEBSFSkCCYCUCOIQIWM]Zk@[j@L\HVHPBNBTVdDOBa@DE?KJIFCBIFEACACCCAAGGQCIEMAGEKEOISQk@]u@oAeDg@kAeAgCi@oAMc@Y_ACMCICCEIEGEGGEa@UaAm@kBiAmAs@MIIIGGIIGMEIOc@EKAKCME]K}@Gc@Ks@ASEc@Ce@T@B?H?XAFAF?REZ?b@Av@A\?V?J@H@D@B@JDHDHHTRTTX\PTPTZd@`@n@f@t@f@t@HLFFDHLNDFBBVXLLFDXPNJNHPLTH\Pd@PHBFBZLz@\\PJDNHFFJHNLFHFDHHZZl@d@X\dAhANPJJEJCFILCHEJKh@ITGXD\@BDHh@hA	Click to Generate
S2	45	1			3	Newfield Green Clinic (S2)	Newfield Green Dental Surgery (S2)	Pizza City (S2)	3076	2307	gatdIv|yGHOBCTe@f@aAP]h@eAHKLKBCTAF@JFHLHRDX@\?Z@RA\?H?J?L@H@Jg@r@QXCBa@j@KLKLMJiB`BQNUTKNILSZOXKSGK??FJJRCDGHADOZA@CFGHMRKPKRADMVCFITEHCLKIGGEGGGQKMIm@YIAFu@HsA?Ic@Gb@F?HIrAGt@H@l@XLHPJRAD?@AH?DCHCBGLW@EJSJQLSFIBG@AN[@EFIBEKSGKFJJRCDGHADOZA@CFGHMRKPKRADMVCFITEHCLKIGGEGGGQKMIm@YIAFu@HsA?IBe@@OEQMIK?a@NK@KEGKGOAS?C?WJo@@KPy@Py@H]@GLm@VqADSBKJw@@IAUCQIMICEAQHYTSRQRGDGFIBEA[EBc@J{AFeAF_A@[B[By@@WfATB_@C^gAUAVCx@Ev@G~@GdAKzACb@Gz@?FIfAGt@E`@Kz@EZEXG\Sz@Qv@Wx@Od@MXGNMXSd@EHGHMVHR@BBBHDJ?F?FC`B]r@On@OVGFAF?F?F?PD`@LH@l@XLHPJRAFAH?DCHCBGLW@EJSJQLSFIBG@AN[@EFIBENYR[HMJOTUPOhBaBLKJMJM`@k@BCPYf@s@AKAI?M?K?I@]AS?[A]EYISIMKGGAU@CBMJIJi@dAQ\g@`AUd@CBIN	Click to Generate
S2	20	1			3	I Said Bread (S2)	Kingdom Hall of Jehovah's Witnesses (S2)	Wobbly Wheel Cyclery (S2)	2042	1532	}~sdIzi~GTg@E[IcFImDS@u@@EEKmIVCn@ED?LxIHlDHbFDZuCzG]z@_FfLeA_BdA~AfC_GvAgD\{@tC{GE[IcFImDMyIF?v@GbAG?FJtGL`HuBvEUf@	Click to Generate
S2	30	1			3	Highfield Motors (S2)	Woodbourn Road Stadium (S2)	Sheffield Animal Centre (S2)	2449	1837	ye{dIrxwGSOYY~@cDHc@?q@CSCQCIDKBG??HPDLV[BDDFJYYuAIe@CIc@oBEOK[BIBCPENEREp@q@`@e@HI`@a@TSHSL_@DGHQBGNM@CFQDQJc@He@l@cDHg@`@_CFc@Pu@^qAXZTPNLMp@G\ADQlAd@ZLLAV?\FRN@??VIWHOAGS?]@WMMe@[PmA@EF]Lq@\cAL]LFHF`AdAp@r@NFl@^d@^r@bAxFbGCn@Qd@_AhACDWb@Yz@a@`BOHK@k@EMBGFEFCPALAp@?JAHAHAHCBAFEHe@WmAo@AAKGyBmAqEiC[QOAM?KAKAQAM@SFURa@`@IHa@d@q@p@S\EDWVDNb@nBBHHd@XtAKXo@bBIb@_AbDXXRN	Click to Generate
S2	30	1			3	The Spires Centre (S2)	Springs Leisure Centre (S2)	Pearl Motors (S2)	2567	1925	ywtdIlzwGCk@nBYxASCg@Ag@Ci@A]?_@AS?KAU?y@?q@?_A?e@@]@e@Bg@BW@]Dm@FaABi@Bc@D}@Bu@D}A@}@?G?Y?]?K?_@?]AQASCYF?FDP\N^WNQH?^?J?\?X?FA|@E|ACt@E|@Cb@Ch@G`AEl@A\CVCf@Ad@A\?d@?~@?N?`@?x@@T?J@R?^p@IJC~@Sx@ODE?G??Cu@UBe@nA_ARKBq@H@\Bh@@f@Bf@B`@B^Bd@@HDl@Fx@H|@@BH~@J|@Df@Dd@Bd@F~@Bf@DrABj@@b@?F@z@@f@?p@?z@@`B?rA?B?X?ZAb@?N?L?FAd@Af@Ah@Cn@Al@Cv@fATB_@??C^gAUBw@@m@Bo@@i@@g@@e@?G?M?O@c@?[?Y?C?sAAaB?{@?q@Ag@A{@?GAc@Ck@EsACg@G_ACe@Ee@Eg@K}@I_AACI}@Gy@Em@AICe@C_@Ca@yARoBXBj@	Click to Generate
S2	45	1			3	Virgin Crucible (S2)	The Hardy Pick (S2)	Boots (S2)	3644	2733	}ntdIzp`HMISQKICCGGCEEIEIEGKUISCKGMEMCKCMIi@ESESEOGSc@w@GGC[BEHENIPI`@QDC\MJCFCHCDAD?R?P?F?PBD?`@ENCWeDCUCOIQIWM]Zk@[j@L\HVHPBNBTBXRjCRGDCHGFGBCBEDEv@pBlAzCHPf@{@Se@GO_@}@JSV_@c@r@^|@FNRd@g@z@IQmA{Cw@qBEDCDCBGFIFEBSFOBa@DE?KJIFCBIFEACACCCAAGGQCIEMAGEKEOISQk@]u@oAeDg@kAeAgCi@oAMc@Y_ACMCICCEIEGEGGEa@UaAm@kBiAmAs@MIIIGGIIGMEIOc@EKAKCME]K}@Gc@Ks@ASEc@Ce@T@B?H?XAFAF?REZ?b@Av@A\?V?J@H@D@B@JDHDHHTRTTX\PTPTZd@`@n@f@t@f@t@HLFFDHLNDFBBVXLLFDXPNJNHPLTH\Pd@PHBFBZLz@\\PJDNHFFJHNLFHFDHHZZl@d@X\dAhANPJJEJCFILCHEJKh@ITGXIA??AAAAEICEAEUg@BqAD@T^CjAEJ@DHN@@@@??H@FYAQDq@BKBQJS[]{@iAMQg@s@[[IIGEGIOMKIGGOIKEA\GnAKnCALCJEFYn@CD?DAD?B?D@D@DXj@fAzBLZFTDRF`@@^E@C@A?C@EBCDe@p@EDCDCBGFIFEBSFOBa@DE?KJIFCBIF?R@R?JEh@A^Ad@EpA?`A?f@?L?P?JBVRPLH	Click to Generate
S2	20	1			3	The Co-operative Food (S2)	The Spires Centre (S2)	Springs Leisure Centre (S2)	1562	1172	{stdIv}wGDpA?Xa@Fs@Hc@DOB[FI?MBGsACcAC_@Aa@RIFMHS?]EWEQ??KKWCCe@AYCw@GaB|@Ov@KHCDGBK@SAwAA_B?M@iAByA@i@D}@DkADq@Fq@F{@Do@jAPf@JRBP@E|ACt@E|@Cb@Ch@G`AEl@A\CVCf@Ad@A\?d@?~@?N?`@?x@@T?J@R?^p@IJC~@Sx@ODE?G??Cu@UBe@nA_ARKBq@H@\Bh@@f@Bf@B`@B^Bd@@HDl@Fx@H|@s@Jm@HE@?YEqA	Click to Generate
S2	30	1			3	Nether Edge Primary School (S2)	Broadfield Park (S2)	Virgin Crucible (S2)	2479	1859	kxtdIhpaHEEGGMQJ]BKFWPw@Hc@TkANq@`@_CFc@d@uE^aEL_BFi@BM?EBG@EN]DFDHDHBDFFBBJHRPRNDDNJ\T\XRPQr@CFAFUhAAJ[zAERMj@AD?B?B?D@B@BJFr@d@FDFDl@wCBONu@XwAQWIKKMKKKKMKSQ]Y]UOKEESOSQKICCGGCEEIEIEGKUISCKGMEMCKCMIi@ESESEOGSc@w@GGC[BEHENIPI`@QDC\MJCFCHCDAD?R?@NBJ@F?R@R?JEh@A^Ab@?@EpA?HAHCHAHAFIVEJCHKVKUISCKGMEMCKCMIi@ESESEOGSc@w@GGC[BEHENIPI`@QDC\MJCFCHCDAD?R?P?F?PBD?`@ENCSkCCYCUCOIQIWM]Zk@[j@L\HVHPBNBTVdDOBa@DE?KJIFCBIF?R@R?JEh@A^Ad@EpA?HAHCHAHAFIVEJCHKVO\ADCF?DCLGh@M~A_@`Ee@tEGb@a@~BOp@UjAIb@Qv@GVCJK\LPFFDD	Click to Generate
S2	20	1			3	Leaves (S2)	Windy House Lane Pocket Park (S2)	UBU (S2)	2077	1558	yfudInfvGq@`AMB[\ICm@oAQ\_@r@q@z@pBvC??qBwCm@q@A?u@y@{A}AOOELCFCBg@^AGGW??FV@Ff@_@BCBGDMNNzA|At@x@@?l@p@IJcAnAGF{@v@w@^k@^u@Ts@RYDYDg@HG??TBx@Bl@Fj@FX@HDRJ\`AzB`AtBJR@BLYRYBCDINUNY^q@BEzAqC`ByC|A}C^q@`AgB`AmBVo@Xw@L[d@y@@E@E?C@E?E?G?E?C?EAC?A?EAEAEAGCEAEEG[SmBkAGT]xAENa@jAq@|ASb@l@nAHBZ]LCp@aA	Click to Generate
S2	60	1			3	Burton Roofing Merchants (S2)	Makro (S2)	Manor Park Medical Centre (S2)	5454	4090	g|xdId~uG_@]EO@g@KDOMo@g@UQYSg@g@Sr@Kd@c@`BMf@Ol@St@Of@_@fAS]Vu@Ni@CHK^Wt@R\a@z@u@`BUf@INmAfBOTkAvAUg@O[CISc@Sa@Sa@Q_@??m@bAu@tAVZNPDFV\TXX\RVELGJy@fB]`AK\g@dBSz@UhACPQjAKx@QvAIt@Kr@CNe@xBr@vAP\r@xABFl@hAd@|@@BDJFHFHJJn@f@JF\R~Az@@?B@F@@A@?B?@?BADELUR]v@sBv@wBf@uAb@cBXu@LSJQFIp@i@d@WTMLCf@W`AcAp@s@hC_BNUFOPWZ}@j@_Bd@sA~@oCVs@d@sA^iAL[LUTa@\e@Z[VSXO^Ol@QXORMTS^]v@kANYrBkDp@kACMAM@M@GDIFEFA??HBDHx@gAZc@TSVMRGF?PAjABz@BDgBJ}AJ{@VyB^_DP}AV{BTeBPsAPcAl@kBHO??FMpAeCGyAYyFCi@GoAK{B[QGEIEOMy@g@s@i@q@o@aAgAa@a@QWW]EIOSw@gAIMIGECICW?GBG@MBI?WR[n@uAhFg@nBaEzNk@bCi@`Cy@zDy@tDO`BkAlGE`@?^?^D^D\Lf@Lv@?b@A`@EXETMVONUFU?UEUSqBaBwAsAyAaAKGYOCBOXm@`@cApAYf@[z@f@f@XRTPn@f@NLJEAf@DN^\	Click to Generate
S2	30	1			3	UBU (S2)	Windy House Lane Pocket Park (S2)	Kwik Fit (S2)	2742	2056	_gudItkvGINaAfB_@p@}A|CaBxC{ApCCD_@p@OXOTEHCBSXMXACKSaAuBaA{BK]ESAIGYGk@Cm@Cy@?UF?f@IXEXEr@St@Uj@_@v@_@z@w@FGbAoAHKm@q@A?u@y@{A}AOOELCFCBg@^AGGW??FV@Ff@_@BCBGDMNNzA|At@x@@?l@p@IJcAnAGF{@v@w@^k@^u@Ts@RYDYDg@HG??TBx@Bl@Fj@FX@HDRJ\`AzB`AtBJR@BQZeAjBm@lA]p@k@bAkBjDe@z@CEEIk@mAj@lADHBDd@{@jBkDj@cA\q@l@mAvAgCLYRYBCDINUNY^q@~AwC`ByC|A}C^q@`AgBHO	Click to Generate
S2	45	1			3	Gleadless Medical Centre (S2)	Pizza City (S2)	Arbourthorne Community Primary School (S2)	3272	2454	abtdId~yGb@}@BCTe@f@aAP]h@eAHKLKBCTAF@JFHLHRDX@\?Z@RA\?H?J?L@H@Jg@r@QXCBa@j@KLKLMJiB`BQNUTKNILSZOXCDGHADOZA@CFGHMRKPKRADHNZl@??[m@IOMVCFITEHCLKIGGEGGGQKMIm@YIAFu@HsA?IBe@@OEQMIK?a@NK@KEGKGOAS?C?WJo@@KPy@Py@H]@GLm@VqADSBKJw@@IAUCQIMICEAQHYTSRQRGDGFIBEA[EBc@J{AFeAF_A@[B[By@@WBw@@m@Bo@@i@@g@@e@?G?M?O@c@G@MFa@Po@\aAj@a@VSLYPiBpAg@\e@\}@r@y@n@EBPbBJ|@D^Lr@Lp@BLFXDJJKHGFADDDJBFFFBAtAy@??uAx@C@GGCGEKEEG@IFKJFRJ\BDFNLZNRPZZ^LJJHRRNJh@b@h@\j@\TL^RSz@Qv@Wx@Od@MXGNMXSd@EHGHMVHR@BBBHDJ?F?FC`B]r@On@OVGFAF?F?F?PD`@LH@l@XLHPJRAFAH?DCHCBGLW@EJSJQLSFIBG@AN[@EFIBENYR[HMJOTUPOhBaBLKJMJM`@k@BCPYf@s@AKAI?M?K?I@]AS?[A]EYISIMKGGAU@CBMJIJi@dAQ\g@`AUd@CBc@|@	Click to Generate
S2	30	1			3	Temple Park Centre (S2)	Castle View Park (S2)	Hair & Beauty Lounge (S2)	2995	2246	c{wdIravGEKCCGGIGICGAG?GBWVCDC?A?MIp@kACMAM@M@GDIFEFAHBDHx@gAZc@TSVMRGF?ARGV?p@?I?g@FW@SG?SFWLUR[b@y@fADJ@L?FCLEJrAjCr@`Bl@bBJSh@{@NUHEHAL?jBb@jA`@zBp@^Lp@T|Ah@l@^Zb@Pb@BH@DHd@Dr@A`AKv@ENe@jAe@aAQUyDq@WGaAOq@a@QSUe@KO^}@\cBNwBkAa@kBc@M?I@IDOTi@z@KRm@cBs@aBsAkCEDK@GCGICMAM@M@GDIFEFAHBDHx@gAZc@TSVMRGF?PAjABz@Bf@Dp@Ap@Kr@c@v@_A~@mB\q@Vg@Cm@??^w@ZHq@tAEDWf@]p@_AlBw@~@s@b@q@Jq@@g@E{@CkACQ@G?SFWLUR[b@y@fADJ@L?FCLEJEDK@GCGIq@jALH@?B?BEVWFCF?F@HBHFFFBBDJ	Click to Generate
S2	45	1			3	Arbourthorne Community Primary School (S2)	Zakwetu (S2)	Newfield Green Dental Surgery (S2)	3642	2732	_otdItkyG?JEv@G~@GdAKzACb@Gz@?FIfAGt@E`@Kz@EZEXG\_@SUMk@]i@]i@c@OKSSKIMK[_@Q[OSM[GOCEK]GSJKHGFADDDJBFFFBAtAy@??uAx@C@GGCGEKEEG@IFKJFRJ\BDFNLZNRPZZ^LJJHRRNJh@b@h@\j@\TL^RSz@Qv@Wx@Od@MXGNMXSd@EHGHMVHR@BBBHDJ?F?FC`B]r@On@OVGFAF?F?F?PD`@LH@l@XLHPJRAFAH?DCHCBGLW@EJSJQLSFIBG@AN[@EFIBENYR[HMJOTUPOhBaBLKJMJM`@k@BCPYf@s@AKAI?M?K?I@]AS?[A]EYISIMKGGAU@CBMJIJi@dAQ\g@`AUd@CBi@hA[l@dAwBBCTe@f@aAP]h@eAHKLKBCTAF@JFHLHRDX@\?Z@RA\?H?J?L@H@Jg@r@QXCBa@j@KLKLMJiB`BQNUTKNILSZOXCDGHADOZA@CFGHMRKPKRADMVCFITEHCLKIGGEGGGQKMIm@YIAFu@HsA?Ic@Gb@F?HIrAGt@H@l@XLHPJRAD?@AH?DCHCBGLW@EJSJQLSFIBG@AN[@EFIBEKSGKFJJRCDGHADOZA@CFGHMRKPKRADMVCFITEHCLKIGGEGGGQKMIm@YIAFu@HsA?IBe@@OEQMIK?a@NK@KEGKGOAS?C?WJo@@KPy@Py@H]@GLm@VqADSBKJw@@IAUCQIMICEAQHYTSRQRGDGFIBEA[EBc@J{AFeAF_ADw@?K	Click to Generate
S2	20	1			3	Noble and Wylie (S2)	Broadfield Park (S2)	Virgin Crucible (S2)	1727	1295	ertdIbp`H@I?EBG@EN]DFDHDHBDFFBBJHRPRNDDNJ\T\XBBNLQr@CFAFWtA[zAERMj@AD?B?B?D@B@BJFr@d@FDFDl@wCBONu@XwAQWIKKMKKKKMKSQ]Y]UOKEESOSQKICCGGCEEIEIEGKUISCKGMEMCKCMIi@ESESEOGSc@w@GGC[BEHENIPI`@QDC\MJCFCHCDAD?R?@NBJ@F?R@R?JEh@A^Ab@?@EpA?HAHCHAHAFIVEJCHKVKUISCKGMEMCKCMIi@ESESEOGSc@w@GGC[BEHENIPI`@QDC\MJCFCHCDAD?R?P?F?PBD?`@ENCSkCCYCUCOIQIWM]Zk@[j@L\HVHPBNBTVdDOBa@DE?KJIFCBIF?R@R?JEh@A^Ad@EpA?HAHCHAHAFIVEJCHKVO\ADCF?DAH	Click to Generate
S2	30	1			3	Well Pharmacy (S2)	Terry Wright Community Hall (S2)	Pizza City (S2)	2172	1629	yetdIjnzG[m@IO@EJSJQLSFIBG@AN[@EFIBENYR[HMJO??TUPOhBaBLKJMJMIS?C?G@M??j@y@BCZi@LKH??L@H@Jg@r@QXCBa@j@KLKLMJiB`BQNUTKNILSZOXCDGHADOZA@CFGHMRKPKRADMVCFITEHCLKIGGEGGGQKMIm@YIAFu@HsA?IBe@@OEQMIK?a@NK@KEGKGOAS?C?WJo@@KPy@Py@H]@GLm@VqADSBKJw@@IAUCQIMICEAQHYTSRQRGDGFIBEA[EBc@J{AFeAF_A@[B[By@@WfATB_@C^gAUAVCx@Ev@G~@GdAKzACb@Gz@?FIfAGt@E`@Kz@EZEXG\Sz@Qv@Wx@Od@MXGNMXSd@EHGHMVHR@BBBHDJ?F?FC`B]r@On@OVGFAF?F?F?PD`@LH@l@XLHPJRAFAH?DCHCBGLWHNZl@	Click to Generate
S2	45	1			3	Leaves (S2)	UBU (S2)	Windy House Lane Pocket Park (S2)	3267	2450	yfudIjkvGp@sAVo@Xw@L[d@y@@E@E?C@E?E?G?E?C?EAC?A?EAEAEAGCEAEEG[SmBkAGT]xAENa@jAq@|ASb@Q\_@r@q@z@pBvC??qBwCIJcAnAGF{@v@w@^k@^u@Ts@RYDYDg@HG??TBx@Bl@Fj@FX@HDRJ\`AzB`AtBJR@BLYRYBCDINUNY^q@BEzAqC`ByC|A}C^q@`AgB`AmBVo@Xw@L[d@y@@E@E?C@E?E?G?E?C?EAC?A?EAEAEAGCEAEEG[SmBkA_BcAsA}@UQGXS|@u@rBq@jAy@jAc@f@INCHOOELCFCBg@^AGGW??FV@Ff@_@BCBGDMNNBIHOb@g@x@kAp@kAt@sBR}@FYNc@`BfAXPb@`@RLHDDBXPjBnAh@?H?FALCJEHGHKFMN]FSTw@DOP_ABONYJg@DUDUBE@CBAB?B?D?D@DD^|@Tn@N\Rl@Jd@@HAd@ATCNENENGVGTEPKRi@F_@DODM@{@FWTO@]BK@GBC@IDGBIHEDEDABCBgB|Cq@rA	Click to Generate
S2	60	1			3	Substantial Victorian houses in Norfolk Road (S2)	Path up to the Cholera Monument, Sheffield (S2)	Cholera Monument, Sheffield (S2)	7998	5998	cj{dI|t_HFIRYRQBCHG@ALIHWBEJ[h@oCPcAXkBFi@Jq@ZsBPqAFk@v@qGHa@RYX]~@iADEXa@Ta@LSVi@L[DMVu@BGBIBKZs@\{@HSF]Pg@Ns@FY@IFa@Jy@Be@Be@@c@@G?Q?k@?ICw@?]By@PeDDcA@OLcBLaALq@No@HYJa@Na@Pg@BIPc@FMPe@Vc@Zk@`@m@FKPUb@g@TYBEPUNUPUPUFKDMTc@DKDSHUBMBKBWDa@BUBa@Ba@@_@Bk@Bo@Dq@?MBe@@a@B[DaAHkBD_AHkAF{@Fs@Da@Fc@Ju@DSP_ADSJa@DKLa@`@q@DE^e@ZQDC@ALA@?F?D@B@B@B@BBBBBDDFFLDFBH?D@B@B?@?BBTBf@Fh@D\DZDZJl@Jl@J^H\X`A^vANh@Nh@Pr@T`ATv@DNBDDHDDFBJDH@D?B@BAFENMFCJE@?HAHAJB\NLCHEFERM@ADA\U@ABCROx@q@XWt@k@DEBAFEHILKFEFE\WZWtCkCf@k@t@w@VYX]hAmAVWHIHKNO`AeANS`AeANSDEFE`@e@dCgDLSXe@DJDDB@F?NGzAo@bAa@JGDIFKDHFFVPd@`@|CdCiBjEKVYn@ABm@vAmCjGCDuA|Ce@fAo@|AGLwA`DFLHJf@f@RPz@x@tAtABB~@~@DBb@b@FK@CDEDCFAfAQt@M@ABA@C@C@C?C@GCa@c@Fb@GB`@AF?BABABABC@A@}B^G@EBEDABGJc@c@EC_A_ACCuAuA{@y@SQg@g@IKGMvAaDjAlBIZADAF?D?\?z@?F@DBFBFCGCGAE?G?{@?]?E@G@EH[??kAmBwA`DCECICImAqEWcAW}@Su@EQCKEKQu@y@}CMi@Kc@WViAlAY\WXu@v@g@j@uCjC[V]VGDGDMJIHGDC@EDu@j@YVy@p@SNCBA@GRCJAHAJAL?J@N?PBT@Nr@tCBZ@\AZAJI`@GT]Xa@XIDMDG@G?E?G?GAq@SOGe@D_@?WAg@MQ@WBODUFE@a@HQBOCMEGEEEGGKQW_@oB}BgAqAIGY_@c@]AAEECCKOE|@Cb@EfACb@A`@C\C`@CVG\ETELGTGPITGPS\ILGHKNGFOPONc@d@UXIJGFILKNQTKNMTOXKXQf@Oh@ERGTCJWbAMn@QdAU~@IZEPCTCZAPARAPA\@X@\@TFh@D\BNFTHTL^DHd@hAFNBB@R?TAPCNCJEDGHIDIEy@_@C?K?C@G@A@EBEHCFGFO|ACTAPCJCNCPGTGRGPIVGNQRIR]z@[r@CJCHCFWt@ELMZIr@Y`Bm@tCgBpICLAN?PE?mAcAQpA[rBKp@Gh@YjBQbAi@nCKZCDIVMHA@IFCBSPSXGH	Click to Generate
S2	45	1			3	The Hardy Pick (S2)	Virgin Crucible (S2)	Boots (S2)	3669	2752	intdIlq`HGEEESOSQKICCGGCEEIEIEGKUISCKGMEMCKCMIi@ESESEOGSc@w@GGC[BEHENIPI`@QDC\MJCFCHCDAD?R?P?F?PBD?`@ENCRGDCHGFGBCBEDEv@pBlAzCHPf@{@Se@GO_@}@JSV_@c@r@^|@FNRd@g@z@IQmA{Cw@qBEDCDCBGFIFEBSFSkCCYCUCOIQIWM]Zk@[j@L\HVHPBNBTVdDOBa@DE?KJIFCBIFEACACCCAAGGQCIEMAGEKEOISQk@]u@oAeDg@kAeAgCi@oAMc@Y_ACMCICCEIEGEGGEa@UaAm@kBiAmAs@MIIIGGIIGMEIOc@EKAKCME]K}@Gc@Ks@ASEc@Ce@T@B?H?XAFAF?REZ?b@Av@A\?V?J@H@D@B@JDHDHHTRTTX\PTPTZd@`@n@f@t@f@t@HLFFDHLNDFBBVXLLFDXPNJNHPLTH\Pd@PHBFBZLz@\\PJDNHFFJHNLFHFDHHZZl@d@X\dAhANPJJEJCFILCHEJKh@ITGXIA??AAAAEICEAEUg@BqAD@T^CjAEJ@DHN@@@@??H@FYAQDq@BKBQJS[]{@iAMQg@s@[[IIGEGIOMKIGGOIKEA\GnAKnCALCJEFYn@CD?DAD?B?D@D@DXj@fAzBLZFTDRF`@@^E@C@A?C@EBCDe@p@EDCDCBGFIFEBSFOBa@DE?KJIFCBIF?R@R?JEh@A^Ad@EpA?`A?f@?L?P?JBVRPRNDDFD	Click to Generate
S2	30	1			3	Temple Park Centre (S2)	Castle View Park (S2)	Manor Park Medical Centre (S2)	2423	1817	wfwdIpmuG??Bl@Wf@]p@_AlBw@~@s@b@q@Jq@@g@E{@CkACQ@ARGV?p@?I?g@FW@SG?SFWLUR[b@y@fADJ@L?FCLEJrAjCr@`Bl@bBJSh@{@NUHEHAL?jBb@jA`@zBp@^Lp@T|Ah@l@^Zb@Pb@BH@DHd@Dr@A`AKv@ENe@jAe@aAQUyDq@WGaAOq@a@QSUe@KO^}@\cBNwBkAa@kBc@M?I@IDOTi@z@KRm@cBs@aBsAkCEDK@GCGICMAM@M@GDIFEFA??HBDHx@gAZc@TSVMRGF?PAjABz@Bf@Dp@Ap@Kr@c@v@_A~@mB\q@Vg@Cm@	Click to Generate
S2	45	1			3	Gleadless Medical Centre (S2)	Pizza City (S2)	Arbourthorne Community Primary School (S2)	3262	2446	{atdIz}yG\s@BCTe@f@aAP]h@eAHKLKBCTAF@JFHLHRDX@\?Z@RA\?H?J?L@H@Jg@r@QXCBa@j@KLKLMJiB`BQNUTKNILSZOXCDGHADOZA@CFGHMRKPKRADHNZl@??[m@IOMVCFITEHCLKIGGEGGGQKMIm@YIAFu@HsA?IBe@@OEQMIK?a@NK@KEGKGOAS?C?WJo@@KPy@Py@H]@GLm@VqADSBKJw@@IAUCQIMICEAQHYTSRQRGDGFIBEA[EBc@J{AFeAF_A@[B[By@@WBw@@m@Bo@@i@@g@@e@?G?M?O@c@G@MFa@Po@\aAj@a@VSLYPiBpAg@\e@\}@r@y@n@EBPbBJ|@D^Lr@Lp@BLFXDJJKHGFADDDJBFFFBAtAy@??uAx@C@GGCGEKEEG@IFKJFRJ\BDFNLZNRPZZ^LJJHRRNJh@b@h@\j@\TL^RSz@Qv@Wx@Od@MXGNMXSd@EHGHMVHR@BBBHDJ?F?FC`B]r@On@OVGFAF?F?F?PD`@LH@l@XLHPJRAFAH?DCHCBGLW@EJSJQLSFIBG@AN[@EFIBENYR[HMJOTUPOhBaBLKJMJM`@k@BCPYf@s@AKAI?M?K?I@]AS?[A]EYISIMKGGAU@CBMJIJi@dAQ\g@`AUd@CB]r@	Click to Generate
S2	20	1			3	Leaves (S2)	Windy House Lane Pocket Park (S2)	UBU (S2)	1867	1400	gfudIljvG^u@Vo@Xw@L[d@y@@E@E?C@E?E?G?E?C?EAC?A?EAEAEAGCEAEEG[SmBkAGT]xAENa@jAq@|ASb@Q\_@r@q@z@pBvC??qBwCm@q@A?u@y@{A}AOOELCFCBg@^AGGW??FV@Ff@_@BCBGDMNNzA|At@x@@?l@p@IJcAnAGF{@v@w@^k@^u@Ts@RYDYDg@HG??TBx@Bl@Fj@FX@HDRJ\`AzB`AtBJR@BLYRYBCDINUNY^q@BEzAqC`ByC|A}C^q@`AgB`@w@	Click to Generate
S2	30	1			3	Porcelanosa (S2)	The Hardy Pick (S2)	Mandala (S2)	2699	2024	{ctdIbw_HAAACE]FYAQDq@BKBQJS[]{@iAMQGRENADECUK_@QGC@Y?G@IDUDQIIGEGIOMKIGGOIKEA\GnAKnCALCJEFYn@CD?DAD?B?D@D@DXj@fAzBLZFTDRF`@@^E@C@A?C@EBCDe@p@v@pBlAzCHPf@{@Se@GO_@}@JSV_@c@r@^|@FNRd@g@z@IQmA{Cw@qBEDCDCBGFIFEBSFOBa@DE?KJIFCBIFEACACCCAAGGQCIEMAGEKEOISQk@]u@oAeDg@kAeAgCi@oAMc@Y_ACMCICCEIEGEGGEa@UaAm@kBiAmAs@MIIIGGIIGMEIOc@EKAKCME]K}@Gc@Ks@ASEc@Ce@T@B?H?XAFAF?REZ?b@Av@A\?V?J@H@D@B@JDHDHHTRTTX\PTPTZd@`@n@f@t@f@t@HLFFDHLNDFBBVXLLFDXPNJNHPLTH\Pd@PHBFBZLz@\\PHB@@NHFFJHNLFHFDHHZZl@d@X\dAhANPJJEJCFILCHEJKh@ITGXD\@B@@	Click to Generate
S2	30	1			3	Diocese of Hallam Pastoral Centre (S2)	Woodbourn Road Stadium (S2)	Sheffield Animal Centre (S2)	2707	2030	_e{dIjmwG??CFEJBHBPBR?p@Ib@_AbDXXRNDBZXJ^?^?RE~AbBPH@n@JHBZDEg@K_BAKASOmBm@sC_AaEYuAIe@CIc@oBEOK[BIBCPENEREp@q@`@e@HI`@a@TSHSL_@DGHQBGNM@CFQDQJc@He@l@cDHg@`@_CFc@Pu@^qAXZTPNLMp@G\ADQlAd@ZLLAV?\FRN@??VIWHOAGS?]@WMMe@[PmA@EF]Lq@\cAL]LFHF`AdAp@r@NFl@^d@^r@bAxFbGCn@Qd@_AhACDWb@Yz@a@`BOHK@k@EMBGFEFCPALAp@?JAHAHAHCBAFEHe@WmAo@AAKGyBmAqEiC[QOAM?KAKAQAM@SFURa@`@IHa@d@q@p@S\EDWVDNb@nBBHHd@XtAKXEGCEWZEMIQ	Click to Generate
S2	60	1			3	Path near the Cholera Monument, Sheffield (S2)	Sheffield Inclusion Centre (S2)	Manor Fields (S2)	7359	5519	c|wdI`f|Gb@GB`@AF?BABABABC@A@}B^G@EBEDABGJc@c@EC_A_ACCuAuA{@y@SQg@g@IKGMvAaDjAlBIZADAF?D?\?z@?F@DBFBFCGCGAE?G?{@?]?E@G@EH[??kAmBFMtAeDtA}CBElCkGl@wA@CXo@JWhBkEfEmMBE@ABATA@k@@o@@y@BgA@QJyFJuFDuBD}BFoC?K@k@TUZ]fBeBRS^]BADEFG~BuBrFgFDEFEzCuCv@u@|@_ARQDEDEx@u@^]nAqA\m@~@cBf@aA^m@`@u@h@_AFMDIP[HMDIDKDEb@w@HKd@{@jBkDj@cABFBFj@lAVj@d@`ATf@Tf@@Bl@rAb@~@FL`@~@b@hARl@?BN`@UTu@t@qBjBw@v@eAbAcA~@I[Ke@GUw@_DCGIUOEIAGA?S?O?KCQKc@e@{AIUCGMc@KKGGIGCCEAK?i@~@a@t@_@l@g@`A_AbB]l@oApA_@\y@t@EDEDSP}@~@c@kBd@g@jBu@nCgBVa@^mBYyAaAmFu@cEY_Ba@yBkAaHCOS_AW]m@GS@??eD|BaBhAOb@f@rCjAhHuBxAc@Zk@`@e@ZwBxAg@Xs@f@xApKtAxKr@vE_CtBGFEDC@_@\SRgBdB[\UTAj@?JGnCE|BEtBKtFKxFAPCfAAx@An@Aj@U@C@A@CDgElMiBjEKVYn@ABm@vAmCjGCDuA|CuAdDGLwA`DFLHJf@f@RPz@x@tAtABB~@~@DBb@b@FK@CDEDCFA|B_@@ABA@C@C@C?C@GCa@c@F	Click to Generate
S2	60	1			3	Burton Roofing Merchants (S2)	Makro (S2)	Mather Community Park (S2)	5847	4385	q_ydIdzuGEEUQYSg@g@Sr@Kd@c@`BMf@Ol@St@Of@_@fAS]Vu@Ni@CHK^Wt@R\a@z@u@`BUf@INmAfBOTkAvA[f@u@~@SWY]UYW]EGOQW[t@uAl@cA??P^R`@R`@Rb@BHNZTf@jAwANUlAgBHOTg@t@aB`@{@^gANg@Ru@Nm@Lg@b@aBJe@Rs@Z{@Xg@bAqAF]Dc@Ca@CW@UFWFMDEHEJAFBD@HJDJDLVx@P`@h@`@^Ph@Jb@F\EPINMNSN_@dA{D|@mD~@mD^aBfAiFv@qDXuA`@eBz@{F|@_Ft@gEr@}DB[@O?OEUA_@A_@C]I[KSKOGGoBiBeCuB}AeAo@a@o@_@k@bECLIn@y@jFq@xE]rBUhAtAlAf@b@j@l@U|@]z@e@|@s@v@g@`@MJ_Bt@Ks@SaBn@wA`@gAZ_A\oADWFUTiA\sBp@yEx@kFHo@BMj@cEJg@xDfCtBjBpAjAPNDD\ZTVHFHDF@F?HEFEDCPCJ@VJXRXRPVJNDNHd@Fd@@P?PARAPIVGNIHGBG@MBI?WR[n@uAhFg@nBaEzNk@bCi@`Cy@zDy@tDO`BkAlGE`@?^?^D^D\Lf@Lv@?b@A`@EXETMVONUFU?UEUSqBaBwAsAyAaAKGYOCBOXm@`@cApAYf@[z@f@f@XRTPDD	Click to Generate
S2	20	1			3	Wobbly Wheel Cyclery (S2)	Daughters (S2)	74th Oak Street Scout Group (S2)	1638	1228	u_tdIf{}GRAMyIF?v@GbAG?FJtGL`HlBIDbBmClGkBfEgAdCqAwBIM\{@~BsFTg@E[IcFImDMyIE?o@DEmCCsBAq@AKv@EJ~HLxIS@	Click to Generate
S2	20	1			3	Anna Roberts (S2)	Virgin Crucible (S2)	The Hardy Pick (S2)	1818	1364	motdInp`H@@RNDDNJ\T\XRPQr@CFAFWtA[zAERMj@AD?B?B?D@B@BJFr@d@FDFDl@wCBONu@XwAQWIKKM??KKKKMKSQ]Y]UOKEESOSQKICCGGCEEIEIEGKUISCKGMEMCKCMIi@ESESEOGSc@w@GGC[BEHENIPI`@QDC\MJCFCHCDAD?R?P?F?PBD?`@ENCWeDCUCOIQIWM]Zk@[j@L\HVHPBNBTBXRjCRGDCHGFGBCBEDEv@pBlAzCHPf@{@Se@GO_@}@JSV_@c@r@^|@FNRd@g@z@IQmA{Cw@qBEDCDCBGFIFEBSFOBa@DE?KJIFCBIF?R@R?JEh@A^Ad@EpA?`A?f@?L?P?JBVPN	Click to Generate
S2	30	1			3	Leaves (S2)	Windy House Lane Pocket Park (S2)	UBU (S2)	2605	1954	}dudIfhvGINVo@Xw@L[d@y@@E@E?C@E?E?G?E?C?EAC?A?EAEAEAGCEAEEG[SmBkAGT]xAENa@jAq@|ASb@Q\_@r@q@z@pBvC??qBwCm@q@A?u@y@{A}AOOELCFCBg@^AGGW??FV@Ff@_@BCBGDMNNzA|At@x@@?l@p@IJcAnAGF{@v@w@^k@^u@Ts@RYDYDg@HG??TBx@Bl@Fj@FX@HDRJ\`AzB`AtBJR@BLYRYBCDINUNY^q@BEzAqC`ByC|A}C^q@`AgB`AmBVo@Xw@L[d@y@Ra@DIJUHOJSJQ`@_AN]FSTw@DOP_ABONYJg@DUDUBE@CBAB?B?D?D@DD^|@Tn@N\Rl@Jd@@HAd@ATCNENENGVGTEPKRi@F_@DODM@{@FWTO@]BK@GBC@IDGBIHEDEDABCB}AlC	Click to Generate
S2	20	1			3	Casa Italia (S2)	Alam Hill Books (S2)	Boots (S2)	1709	1282	aktdIde_HS_@QYEJWj@Yp@CTz@\\PJDNHFFJHNLFHFDHHZZPNZTELg@s@[[IIGEGIOMKIGGOIKE]Q{@]BUXq@Vk@DKj@wAxAiDdC}FHLpAvBiC`GiA~C_@hAY~@K^NLFHFDHHZZl@d@X\dAhANPJJEJCFILCHEJKh@ITGXIA??AAAAEICEAEUg@BqAD@T^CjAEJ@DHN@@@@??H@FYAQDq@BKBQJS[]{@iAMQg@s@[[IIGEGIOMKIGGOIKE]Q{@]BUXq@Vk@DKPXR^	Click to Generate
S2	60	1			3	Path near the Cholera Monument, Sheffield (S2)	Sheffield Inclusion Centre (S2)	Manor Fields (S2)	7164	5373	g~wdInh|G_@FG@EBEDABGJc@c@EC_A_ACCuAuA{@y@SQg@g@IKGMvAaDjAlBIZADAF?D?\?z@?F@DBFBFCGCGAE?G?{@?]?E@G@EH[??kAmBFMtAeDtA}CBElCkGl@wA@CXo@JWhBkEfEmMBE@ABATA@k@@o@@y@BgA@QJyFJuFDuBD}BFoC?K@k@TUZ]fBeBRS^]BADEFG~BuBrFgFDEFEzCuCv@u@|@_ARQDEDEx@u@^]nAqA\m@~@cBf@aA^m@`@u@h@_AFMDIP[HMDIDKDEb@w@HKd@{@jBkDj@cABFBFj@lAVj@d@`ATf@Tf@@Bl@rAb@~@FL`@~@b@hARl@?BN`@UTu@t@qBjBw@v@eAbAcA~@I[Ke@GUw@_DCGIUOEIAGA?S?O?KCQKc@e@{AIUCGMc@KKGGIGCCEAK?i@~@a@t@_@l@g@`A_AbB]l@oApA_@\y@t@EDEDSP}@~@c@kBd@g@jBu@nCgBVa@^mBYyAaAmFu@cEY_Ba@yBkAaHCOS_AW]m@GS@??eD|BaBhAOb@f@rCjAhHuBxAc@Zk@`@e@ZwBxAg@Xs@f@xApKtAxKr@vE_CtBGFEDC@_@\SRgBdB[\UTAj@?JGnCE|BEtBKtFKxFAPCfAAx@An@Aj@U@C@A@CDgElMiBjEKVYn@ABm@vAmCjGCDuA|CuAdDGLwA`DFLHJf@f@RPz@x@tAtABB~@~@DBb@b@FK@CDEDCFA^G	Click to Generate
S2	20	1			3	Arman Food Store (S2)	Virgin Crucible (S2)	The Hardy Pick (S2)	1818	1364	sotdIhp`HFFRNDDNJ\T\XRPQr@CFAFWtA[zAERMj@AD?B?B?D@B@BJFr@d@FDFDl@wCBONu@XwAQWIKKMEEEEKKMKSQ]Y]UOKEESOSQKICCGGCEEIEIEGKUISCKGMEMCKCMIi@ESESEOGSc@w@GGC[BEHENIPI`@QDC\MJCFCHCDAD?R?P?F?PBD?`@ENCWeDCUCOIQIWM]Zk@[j@L\HVHPBNBTBXRjCRGDCHGFGBCBEDEv@pBlAzCHPf@{@Se@GO_@}@JSV_@c@r@^|@FNRd@g@z@IQmA{Cw@qBEDCDCBGFIFEBSFOBa@DE?KJIFCBIF?R@R?JEh@A^Ad@EpA?`A?f@?L?P?JBVJH	Click to Generate
S2	20	1			3	Temple Park Centre (S2)	Manor Park Medical Centre (S2)	Castle View Park (S2)	1839	1379	}wwdIbhvGCSCINWs@aBsAkCEDK@GCGICMAM@M@GDIFEFAHBDHx@gAZc@TSVMRGF?ARGV?p@?I?g@FW@SG?SFWLUR[b@y@fADJ@L?FCLEJEDK@GCGICMAM@M@GDIFEFA??HBDHDJ@L?FCLEJrAjCr@`Bl@bBJSh@{@NUHEHAL?jBb@jA`@zBp@^Lp@T|Ah@l@^Zb@Pb@BH@DHd@Dr@A`AKv@ENe@jAe@aAQUyDq@WGaAOq@a@QSUe@KOa@n@mBxCoAyCoAyCZi@IOR_@F[?SA[CO	Click to Generate
S2	20	1			3	Valley Road Garage (S2)	International Automatic Cars (S2)	Casa Italia (S2)	1722	1292	sftdIrx~GvAgD\{@~@wBtAcDtBwElBIDbBmClGkBfEgAdCqAwBIM_FfLk@vAPXVd@H@t@aBu@`BIACES_@QYEJWj@Yp@CTz@\\PJDNHFFJHNLFHFDHHZZPNZTELg@s@[[IIGEGIOMKIGGOIKE]Q{@]BUXq@Vk@DKj@wAfC_G	Click to Generate
S2	30	1			3	Temple Park Centre (S2)	Castle View Park (S2)	Hair & Beauty Lounge (S2)	2973	2230	k|wdIlavG_@l@KWESC?A?MIp@kACMAM@M@GDIFEFAHBDHx@gAZc@TSVMRGF?ARGV?p@?I?g@FW@SG?SFWLUR[b@y@fADJ@L?FCLEJrAjCr@`Bl@bBJSh@{@NUHEHAL?jBb@jA`@zBp@^Lp@T|Ah@l@^Zb@Pb@BH@DHd@Dr@A`AKv@ENe@jAe@aAQUyDq@WGaAOq@a@QSUe@KO^}@\cBNwBkAa@kBc@M?I@IDOTi@z@KRm@cBs@aBsAkCEDK@GCGICMAM@M@GDIFEFAHBDHx@gAZc@TSVMRGF?PAjABz@Bf@Dp@Ap@Kr@c@v@_A~@mB\q@Vg@Cm@??^w@ZHq@tAEDWf@]p@_AlBw@~@s@b@q@Jq@@g@E{@CkACQ@G?SFWLUR[b@y@fADJ@L?FCLEJEDK@GCGIq@jALH@?B?BEVWFCF?F@HBENEH	Click to Generate
S2	30	1			3	UBU (S2)	Leaves (S2)	Sheffield Inclusion Centre (S2)	2752	2064	iwudInewGP[LYRYBCDINUNY^q@BEzAqC`ByC|A}C^q@`AgB`AmBVo@Xw@L[d@y@@E@E?C@E?E?G?E?C?EAC?A?EAEAEAGCEAEEG[SmBkAGT]xAENa@jAq@|ASb@Q\_@r@q@z@pBvC??qBwCIJcAnAGF{@v@w@^k@^u@Ts@RYDYDg@HG??TBx@Bl@Fj@FX@HDRJ\`AzB`AtBJR@BwAfCm@lA]p@BFBFj@lAVj@d@`ATf@Tf@@Bl@rAb@~@FL`@~@b@hARl@?BN`@UTu@t@qBjBw@v@eAbAcA~@I[Ke@GUw@_DCGIUOEIAGA?S?O?KCQKc@e@{AIUCGMc@EQCE?EAGAG?CAI?I@I?I@E@CDIDKDEb@w@HKd@{@jBkDj@cA\q@l@mAdAkB	Click to Generate
S2	30	1			3	GoLocalExtra (S2)	UBU (S2)	Windy House Lane Pocket Park (S2)	2510	1882	_kudIdpvGqBwCp@{@^s@P]Rc@p@}A`@kADO\yAFU_BcAFk@XPb@`@RLHDDBXPjBnAh@?H?FALCJEHGHKFMN]FSTw@DOP_ABONYJg@DUDUBE@CBAB?B?D?D@DD^|@Tn@N\Rl@Jd@@HAd@ATCNENENGVGTEPKRi@F_@DODM@{@FWTO@]BK@GBC@IDGBIHEDEDABCBgB|Cq@rAOXaAfB_@p@}A|CaBxC{ApCCD_@p@OXOTEHCBSXMXACKSaAuBaA{BK]ESAIGYGk@Cm@Cy@?UF?f@IXEXEr@St@Uj@_@v@_@z@w@FGbAoAHKm@q@A?u@y@{A}AOOELCFCBg@^AGGW??FV@Ff@_@BCBGDMNNzA|At@x@@?l@p@pBvC	Click to Generate
S2	45	1			3	Bronze & Polished (S2)	Sheffield Inclusion Centre (S2)	Leaves (S2)	3077	2308	syudI`iwGBEvAgCLYRYBCDINUNYJORa@~AwC`ByC|A}C@DHNf@bALZBFPh@Lb@?BH\Jt@Hv@Dh@@JIJMRQ^]r@m@nA@TPvBNjCHhBFjAD|ADlAB~@G?I@MHo@l@k@h@k@h@gAdAa@^WTUTu@t@qBjBw@v@eAbAcA~@I[Ke@GUw@_DCGIUOEIAGA?S?O?KCQKc@e@{AIUCGMc@EQCE?EAGAG?CAI?I@I?I@E@CDIDKDEb@w@HKd@{@jBkDj@cA\q@l@mAvAgCACKSaAuBaA{BK]ESAIGYGk@Cm@Cy@?UF?f@IXEXEr@St@Uj@_@v@_@z@w@FGbAoAHKpBvC??qBwCIJcAnAGF{@v@w@^k@^u@Ts@RYDYDg@HG??TBx@Bl@Fj@FX@HDRJ\`AzB`AtBJR@BwAfCCD	Click to Generate
S2	20	1			3	Top Chopper (S2)	Broadfield Park (S2)	The Hardy Pick (S2)	1661	1246	_ktdIdt`HCCMKSQ]Y]UOKEESOSQKIEd@?BDi@CCGGCEEIEIEGKUISCKGMEMCKCMIi@ESESEOGSc@w@GGC[BEHENIPI`@QDC\MJCFCHCDAD?R?@NBJ@F?R@R?JEh@A^Ab@?@EpA?HAHCHAHAFIVEJCHKVKUISCKGMEMCKCMIi@ESESEOGSc@w@GGC[BEHENIPI`@QDC\MJCFCHCDAD?R?P?F?PBD?`@ENCRGDCHGFGBCBEDEv@pBlAzCHPf@{@Se@GO_@}@JSV_@c@r@^|@FNRd@g@z@IQmA{Cw@qBEDCDCBGFIFEBSFOBa@DE?KJIFCBIF?R@R?JEh@A^Ad@EpA?`A?f@?L?P?JBVRPRNDDNJ\T\XRPLJBB	Click to Generate
S2	30	1			3	Windy House Lane Pocket Park (S2)	Leaves (S2)	UBU (S2)	2134	1600	c|udIf}uG^^~DjEELCFCBg@^AGGW??FV@Ff@_@BCBGDMNNzA|At@x@@?l@p@pBvC??qBwCIJcAnAGF{@v@w@^k@^u@Ts@RYDYDg@HG??TBx@Bl@Fj@FX@HDRJ\`AzB`AtBJR@BLYRYBCDINUNY^q@BEzAqC`ByC|A}C^q@`AgB`AmBVo@Xw@L[d@y@@E@E?C@E?E?G?E?C?EAC?A?EAEAEAGCEAEEG[SmBkA_BcAsA}@UQoA_Ae@g@EIY]MLKHQB]?QKSSQPyA|AABe@f@w@v@Y\AJAL?BETTV	Click to Generate
S2	30	1			3	I Said Bread (S2)	Kingdom Hall of Jehovah's Witnesses (S2)	Wobbly Wheel Cyclery (S2)	2434	1826	oatdI`h~Gw@@Q@yAfAM@EE|@eDJy@BcA?m@QuEW_G?WF?lAL`@?LAJlIDDt@ARAHlDHbFDZuCzG]z@_FfLeA_BdA~AfC_GvAgD\{@tC{GtBwEMaHKuG?GcAFw@FG?E?o@DWBM@a@?mAMG??VV~FPtE?l@CbAKx@}@dDDDLAxAgAPAv@A	Click to Generate
S2	60	1			3	Path up to the Cholera Monument, Sheffield (S2)	Substantial Victorian houses in Norfolk Road (S2)	Sheffield Inclusion Centre (S2)	5721	4291	c|wdI`f|Gb@GB`@AF?BABABABC@A@u@LgAPG@EBEDABGJc@c@EC_A_ACCuAuA{@y@SQg@g@IKGMvAaDFMn@}Ad@gAtA}CBElCkGl@wA@CXo@JWhBkEfEmMBE@ABATA@k@@o@@y@BgA@QJyFJuFDuBD}BFoC?K@k@TUZ]fBeBRS^]BADEFG~BuBrFgFDEFEzCuCv@u@|@_ARQDEDEx@u@^]nAqA\m@~@cBf@aA^m@`@u@h@_AFMDIP[HMDIDKDEb@w@HKd@{@jBkDj@cABFBFj@lAVj@d@`ATf@Tf@@Bl@rAb@~@FL`@~@b@hARl@?BN`@UTu@t@qBjBw@v@eAbAcA~@I[Ke@GUw@_DCGIUOEIAGA?S?O?KCQKc@e@{AIUCGMc@KKGGIGCCEAK?i@~@a@t@_@l@g@`A_AbB]l@oApA_@\y@t@EDEDSP}@~@w@t@{CtCGDEDsFfF_CtBGFEDC@_@\SRgBdB[\UTAj@?JGnCE|BEtBKtFKxFAPCfAAx@An@Aj@U@C@A@CDgElMiBjEKVYn@ABm@vAmCjGCDuA|CuAdDGLwA`DFLHJf@f@RPz@x@tAtABB~@~@DBb@b@FK@CDEDCFA|B_@@ABA@C@C@C?C@GCa@c@F	Click to Generate
S2	45	1			3	Arbourthorne Community Primary School (S2)	ExtraCare (S2)	Newfield Green Dental Surgery (S2)	3724	2793	ymtdIxiyG_@IAVCx@Ev@G~@GdAKzACb@Gz@?FIfAGt@E`@Kz@EZEXG\_@SUMk@]i@]i@c@OKSSKIMK[_@Q[OSM[GOCEK]GSJKHGFADDDJBFFFBAtAy@??uAx@C@GGCGEKEEG@IFKJFRJ\BDFNLZNRPZZ^LJJHRRNJh@b@h@\j@\TL^RSz@Qv@Wx@Od@MXGNMXSd@EHGHMVHR@BBBHDJ?F?FC`B]r@On@OVGFAF?F?F?PD`@LH@l@XLHPJRAFAH?DCHCBGLW@EJSJQLSFIBG@AN[@EFIBENYR[HMJOTUPOhBaBLKJMJM`@k@BCPYf@s@AKAI?M?K?I@]AS?[A]EYISIMKGGAU@CBMJIJi@dAQ\g@`AUd@CBc@|@a@x@dAwBBCTe@f@aAP]h@eAHKLKBCTAF@JFHLHRDX@\?Z@RA\?H?J?L@H@Jg@r@QXCBa@j@KLKLMJiB`BQNUTKNILSZOXCDGHADOZA@CFGHMRKPKRADMVCFITEHCLKIGGEGGGQKMIm@YIAFu@HsA?Ic@Gb@F?HIrAGt@H@l@XLHPJRAD?@AH?DCHCBGLW@EJSJQLSFIBG@AN[@EFIBEKSGKFJJRCDGHADOZA@CFGHMRKPKRADMVCFITEHCLKIGGEGGGQKMIm@YIAFu@HsA?IBe@@OEQMIK?a@NK@KEGKGOAS?C?WJo@@KPy@Py@H]@GLm@VqADSBKJw@@IAUCQIMICEAQHYTSRQRGDGFIBEA[EBc@J{AFeAF_ADw@By@@W^H	Click to Generate
S2	60	1			3	Burton Roofing Merchants (S2)	Pentagon Jeep (S2)	Sheffield Animal Centre (S2)	4419	3314	otydI~kvGP^R`@R`@Rb@BHNZTf@jAwANUlAgBHOTg@t@aB`@{@S]Vu@Ni@CHK^Wt@R\^gANg@Ru@Nm@Lg@b@aBJe@Rs@f@f@XRTPn@f@k@pCGVg@zB@ZVb@XRTPNLFFTR_@hBOr@Ns@^iBUSGGOMUQYSWc@A[f@{Br@iDo@g@UQYSg@g@Sr@Kd@c@`BMf@Ol@St@Of@_@fAa@z@u@`BUf@INmAfBOTkAvA[f@u@~@ELGJy@fB]`AK\g@dBSz@UhACPQjAKx@QvAIt@Kr@CNe@xBUa@QYOQCCu@e@OIq@_@k@Wm@]_@Sc@WcAk@_@Sm@]ECKEe@WmAo@AAKGyBmAqEiC[Q[SEGGGKMEKAI?KNM@CFQDQJc@He@l@cDHg@`@_CFc@Pu@^qAXZTPNL\cAL]LFHF`AdAp@r@NFl@^d@^r@bAxFbGCn@Qd@_AhACDWb@Yz@a@`BvAv@f@X|@f@DH@PKn@a@vCj@Vp@^NHt@d@BBNPPXT`@d@yBBOJs@Hu@PwAJy@PkABQTiAR{@f@eBJ]\aAx@gBFKDMt@_AZg@Ug@O[CISc@Sa@Sa@Q_@	Click to Generate
S2	20	1			3	Porcelanosa (S2)	Alam Hill Books (S2)	Heeley Sidings (S2)	1589	1192	_ktdI~h_H@@NHFFJHNLFHFDHHZZl@d@ELGRENADECUK_@QGC@Y?G@IDUDQIIGEGIOMKIGGOIKE]Q{@]BUXq@Vk@DKj@wAxAiDdC}FHLpAvBiC`GiA~C_@hAY~@K^NLFHFDHHZZl@d@X\dAhANPJJEJCFILCHEJKh@ITGXD\@B@@BFn@pARa@R]u@}AMV@R@Dj@hAS`@o@qAEIACE]FYAQDq@BKBQJS[]{@iAMQg@s@[[IIGEGIOMKIGGOIAA	Click to Generate
S2	60	1			3	Castle View Park (S2)	St Swithun (S2)	Hair & Beauty Lounge (S2)	6401	4801	swvdIf}vG??eD|BaBhAOb@f@rCjAhHuBxAc@Zk@`@e@ZwBxAg@Xs@f@aB`AGc@MqAImBEu@MkCbAw@FQHe@H_AX{Cv@sADIDKvBsDrBaDe@aAQUyDq@WGaAOq@a@QSUe@KO^}@\cBNwBkAa@kBc@M?I@IDOTi@z@KRm@cBs@aBsAkCEDK@GCGICMAM@M@GDIFEFAHBDHx@gAZc@TSVMRGF?PAjABz@Bf@Dp@Ap@Kr@c@v@_AFHR\TZ`@`@hBbAdCvADBVNNFNFRDP?TIRMd@y@d@{@`AmBNUh@u@d@o@`@]LKj@e@|@g@TITCRA`@ALGDEJKFMFHDD`AdAdBjBCJe@nCKjDXI~@UbB_@`@K?Q@QF[JWHIJGHC?SMaEE_CGqAKk@Qi@Uc@IKMM_@Ym@a@c@WGEAFEBC@E?ECCCCG?I?IICaDwAUMaDuAAAeCeAoAi@OGOVc@|@INGHgB~CaBjDw@zAOX]n@GL[I_@v@??Bl@Wf@]p@_AlBw@~@s@b@q@Jq@@g@E{@CkACQ@G?SFWLUR[b@y@fADJ@L?FCLEJrAjCr@`Bl@bBaA|A[h@nAxCnAxCKRs@jAh@bA^Vd@@BCJIRQlApChAjCd@fAYzCI~@Id@GPcAv@LjCDt@HlBLpAFb@`BaAr@g@f@YvByAd@[j@a@b@[tByAkAiHg@sCNc@`BiAdD}B??	Click to Generate
S2	30	1			3	Temple Park Centre (S2)	Castle View Park (S2)	Hair & Beauty Lounge (S2)	3012	2259	yzwdIdbvGO]CCGGIGICGAG?GBWVCDC?A?MIp@kACMAM@M@GDIFEFAHBDHx@gAZc@TSVMRGF?ARGV?p@?I?g@FW@SG?SFWLUR[b@y@fADJ@L?FCLEJrAjCr@`Bl@bBJSh@{@NUHEHAL?jBb@jA`@zBp@^Lp@T|Ah@l@^Zb@Pb@BH@DHd@Dr@A`AKv@ENe@jAe@aAQUyDq@WGaAOq@a@QSUe@KO^}@\cBNwBkAa@kBc@M?I@IDOTi@z@KRm@cBs@aBsAkCEDK@GCGICMAM@M@GDIFEFAHBDHx@gAZc@TSVMRGF?PAjABz@Bf@Dp@Ap@Kr@c@v@_A~@mB\q@Vg@Cm@??^w@ZHq@tAEDWf@]p@_AlBw@~@s@b@q@Jq@@g@E{@CkACQ@G?SFWLUR[b@y@fADJ@L?FCLEJEDK@GCGIq@jALH@?B?BEVWFCF?F@HBHFFFBBN\	Click to Generate
S2	20	1			3	St Vincent's (S2)	Temple Park Centre (S2)	Hair & Beauty Lounge (S2)	1483	1112	k|wdIt|uG??HBDHDJ@L?FCLEJrAjCr@`BOV_@}@k@qAWm@CCGGIGICGAG?GBWVCDC?A?MIp@kACMAM@M@GDIFEFAHBDHx@gAZc@TSVMRGF?ARGV?p@?I?g@FW@SPAjABz@Bf@Dp@Ap@Kr@c@v@_A~@mB\q@Vg@Cm@??^w@ZHq@tAEDWf@]p@_AlBw@~@s@b@q@Jq@@g@E{@CkACQ@G?SFWLUR[b@y@fADJ@L?FCLEJEDK@GCGICMAM@M@GDIFEFA	Click to Generate
S2	20	1			3	Manor Park Medical Centre (S2)	Temple Park Centre (S2)	Castle View Park (S2)	1802	1352	gzwdIfcvGa@_ACCGGIGICGAG?GBWVCDC?A?MIp@kACMAM@M@GDIFEFA??HBDHx@gAZc@TSVMRGF?ARGV?p@?I?g@FW@SG?SFWLUR[b@y@fADJ@L?FCLEJrAjCr@`Bl@bBJSh@{@NUHEHAL?jBb@jA`@zBp@^Lp@T|Ah@l@^Zb@Pb@BH@DHd@Dr@A`AKv@ENe@jAe@aAQUyDq@WGaAOq@a@QSUe@KO^}@\cBNwBkAa@kBc@M?I@IDOTi@z@KRm@cBOV_@}@a@_A	Click to Generate
S2	30	1			3	Windy House Lane Pocket Park (S2)	UBU (S2)	Leaves (S2)	2424	1818	a~udIh_vGAk@I@EAGAECEEGGEKIWE]?Q@QF[JWHIJGHCP@LBDDDHDNHZ@N@NAJAL?BETt@v@~DjEELCFCBg@^AGGW??FV@Ff@_@BCBGDMNNzA|At@x@@?l@p@IJcAnAGF{@v@w@^k@^u@Ts@RYDYDg@HG??TBx@Bl@Fj@FX@HDRJ\`AzB`AtBJR@BLYRYBCDINUNY^q@BEzAqC`ByC|A}C^q@`AgB`AmBVo@Xw@L[d@y@@E@E?C@E?E?G?E?C?EAC?A?EAEAEAGCEAEEG[SmBkAGT]xAENa@jAq@|ASb@Q\_@r@q@z@pBvC??qBwCm@q@A?u@y@{A}AOO_EkEu@w@CFCFGJEDGDEBE@@j@	Click to Generate
S2	20	1			3	Leaves (S2)	Windy House Lane Pocket Park (S2)	UBU (S2)	1867	1400	qeudIhivGHQVo@Xw@L[d@y@@E@E?C@E?E?G?E?C?EAC?A?EAEAEAGCEAEEG[SmBkAGT]xAENa@jAq@|ASb@Q\_@r@q@z@pBvC??qBwCm@q@A?u@y@{A}AOOELCFCBg@^AGGW??FV@Ff@_@BCBGDMNNzA|At@x@@?l@p@IJcAnAGF{@v@w@^k@^u@Ts@RYDYDg@HG??TBx@Bl@Fj@FX@HDRJ\`AzB`AtBJR@BLYRYBCDINUNY^q@BEzAqC`ByC|A}C^q@`AgBv@{A	Click to Generate
S2	30	1			3	Leaves (S2)	Windy House Lane Pocket Park (S2)	UBU (S2)	2605	1954	idudIhgvG]l@Vo@Xw@L[d@y@@E@E?C@E?E?G?E?C?EAC?A?EAEAEAGCEAEEG[SmBkAGT]xAENa@jAq@|ASb@Q\_@r@q@z@pBvC??qBwCm@q@A?u@y@{A}AOOELCFCBg@^AGGW??FV@Ff@_@BCBGDMNNzA|At@x@@?l@p@IJcAnAGF{@v@w@^k@^u@Ts@RYDYDg@HG??TBx@Bl@Fj@FX@HDRJ\`AzB`AtBJR@BLYRYBCDINUNY^q@BEzAqC`ByC|A}C^q@`AgB`AmBVo@Xw@L[d@y@Ra@DIJUHOJSJQ`@_AN]FSTw@DOP_ABONYJg@DUDUBE@CBAB?B?D?D@DD^|@Tn@N\Rl@Jd@@HAd@ATCNENENGVGTEPKRi@F_@DODM@{@FWTO@]BK@GBC@IDGBIHEDEDABCBiAnB	Click to Generate
S2	20	1			3	Boots (S2)	Meersbrook Park Church (S2)	Alam Hill Books (S2)	1457	1093	kgtdIfl_Hd@^X\dAhANPJJEJCFILCHEJKh@ITGXIA??AAAAEICEAEUg@BqAD@T^CjAEJ@DHN@@@@??H@FYAQDq@BKBQJSNMJJPRPTRZ@BBDDHN^LZZ`A[k@KQIQOUOWWa@EGW[QQ[]{@iAMQg@s@[[IIGEGIOMKIGGOIKE]Q{@]BUXq@Vk@DKj@wAxAiDdC}FHLpAvBiC`GiA~C_@hAY~@K^NLFHFDHHZZFD	Click to Generate
S2	60	1			3	HSS Hire (S2)	Burton Roofing Merchants (S2)	Manor Park Medical Centre (S2)	7720	5790	cuxdIvdtGMJ_Bt@Ks@SaBn@wA`@gAZ_A\oADWFUTiA\sBp@yEx@kFHo@BMj@cEJg@xDfCtBjBpAjAPNDD\ZTVHFHDF@F?HEFEDCPCJ@VJXRXRPVJNDNHd@Fd@@P?PARAPIVGNIHGBG@MBI?WR[n@uAhFg@nBaEzNk@bCi@`Cy@zDy@tDO`BkAlGE`@?^?^D^D\Lf@Lv@?b@A`@EXETMVONUFU?UEUSqBaBwAsAyAaAKGYOCBOXm@`@cApAYf@[z@f@f@XRTPn@f@NLJEd@qBNJnAbADNk@fCILqAkAEO@g@KDOMi@a@EEUQYSg@g@Sr@Kd@c@`BMf@Ol@St@Of@_@fAS]Vu@Ni@CHK^Wt@R\^gANg@Ru@Nm@Lg@b@aBJe@Rs@Z{@Xg@bAqAF]Dc@Ca@CW@UFWFMDEHEJAFBD@HJDJDLVx@P`@N\n@x@vArApB`BTRTDT?TGNOLWDUDY@a@Mk@OWQKMCQDSNMXWbAa@bBm@dCg@zBm@fBi@dCWvByBfKU~@SdAa@dCcA|HW~ADRDJDFLCf@W`AcAp@s@hC_BNUFOPWZ}@j@_Bd@sA~@oCVs@d@sA^iAL[LUTa@\e@Z[VSXO^Ol@QXORMTS^]v@kANYrBkDp@kACMAM@M@GDIFEFA??HBDHx@gAZc@TSVMRGF?PAjABz@BDgBJ}AJ{@VyB^_DP}AV{BTeBPsAPcAl@kBHO??FMpAeCGyAYyFCi@GoAK{B[QGEIEOMy@g@s@i@q@o@aAgAa@a@QWW]EIOSw@gAIMIGECICW?GBG@MBI?]KQIIGq@k@GIEIEKCOEUA_@A_@C]I[KSKOGGoBiBeCuB}AeAo@a@o@_@k@bECLIn@y@jFq@xE]rBUhAtAlAf@b@j@l@U|@]z@e@|@s@v@g@`@	Click to Generate
S2	45	1			3	Premier, Steve's Convenience Shop (S2)	Meersbrook Park Church (S2)	Kingdom Hall of Jehovah's Witnesses (S2)	3752	2814	}lsdIta_HIlAtDc@^EJ@Hw@LeAn@uDBS?_@?W?gDAqADo@BYLm@HMLISkDE[CQeAoFOu@U?_Be@e@G{@@a@JsC~@yCz@BbCDbBmClGeAiB??dAhBkBfEgAdCiC`GiA~C_@hAY~@K^NLFHFDHHZZl@d@X\dAhANPJJPRPTRZ@BBDDHN^LZZ`A[k@KQIQOUOWWa@EGW[QQ[]{@iAMQg@s@[[IIGEGIOMKIGGOIKE]Q{@]BUXq@Vk@DKj@wAfC_GvAgDHLpAvBiC`GiA~C_@hAY~@K^NLFHFDHHZZl@d@X\dAhANPJJPRPTRZDHDHN^LZZ`AZ~@v@hCV|@DLFRBFJd@DJBJPj@BHLQjAiAb@e@z@}@RUDEbAaAvAcACy@E_AEuBCoD@mAFyALsBDIHmA	Click to Generate
S2	45	1			3	Boots (S2)	Another Level (S2)	The Hardy Pick (S2)	3184	2388	o`tdIvs_HBDDHN^LZZ`A[k@KQIQOUOWWa@EGW[ILCHEJKh@ITGXIA??AAAAEICEAEUg@BqAD@T^CjAEJ@DHN@@@@??H@FYAQDq@BKBQJS[]{@iAMQGRENAD?DAHAJAt@AP?R_AKECCC?C?CLaC@Y?G@IDUDQZZj@b@@@ELg@s@[[IIGEGIOMKIGGOIKEA\GnAKnCALCJEFYn@CD?DAD?B?D@D@DXj@fAzBLZFTDRF`@@^E@C@A?C@EBCDe@p@v@pBlAzCHPf@{@Se@GO_@}@JSV_@c@r@^|@FNRd@g@z@IQmA{Cw@qBEDCDCBGFIFEBSFOBa@DE?KJIFCBIFEACACCCAAGGQCIEMAGEKEOISQk@]u@oAeDg@kAeAgCi@oAMc@Y_ACMCICCEIEGEGGEa@UaAm@kBiAmAs@MIIIGGIIGMEIOc@EKAKCME]K}@Gc@Ks@ASEc@Ce@T@B?H?XAFAF?REZ?b@Av@A\?V?J@H@D@B@JDHDHHTRTTX\PTPTZd@`@n@f@t@f@t@HLFFDHLNDFBBVXLLFDXPNJNHPLTH\Pd@PHBFBZLz@\\PJDNHFFJHNLFHFDHHZZl@d@X\dAhANPJJPRPTRZ@B	Click to Generate
S2	45	1			3	74th Oak Street Scout Group (S2)	Cat Lane Bakery (S2)	Wobbly Wheel Cyclery (S2)	3135	2351	abtdItz|GDjAEV`@FZ`CFfCw@D@J@p@BrBDlCWBM@a@?mAMG?E?eE[c@k@}Aw@gAq@[Oq@][a@IOIUMSi@_@P_ABc@Bg@?_@AaA?G?M@I?E@G?C@GBMCEEGMQZg@JSBGBIHW@AH_@FQJa@@EDSJ_@Ng@V_ApCwIBITMHEFCBADAP?RBTFf@VD@@@DBjAr@VJ^FDPAVYnASjAEd@Eb@A\Ab@@\@p@D|@o@LmAPsBVI?i@OgAUu@Qq@QGPI^A@IVCHCFKR[f@LPDFBDF@D@PDPDz@RB?`AT@?TFPB`AVl@NzBf@n@NB?^HNDZ@@ZIj@Q~@Gt@EnAAjAH~A?^F?lAL`@?LAVCn@ED?F?v@GbAG?FJtGnBKKsG?GOqKCK@_@@WAIAIoGeAa@GDWEkA	Click to Generate
S2	20	1			3	Top Chopper (S2)	Broadfield Park (S2)	The Hardy Pick (S2)	1637	1228	qktdIts`H??SQ]Y]UOKEESOSQKIEd@?BDi@CCGGCEEIEIEGKUISCKGMEMCKCMIi@ESESEOGSc@w@GGC[BEHENIPI`@QDC\MJCFCHCDAD?R?@NBJ@F?R@R?JEh@A^Ab@?@EpA?HAHCHAHAFIVEJCHKVKUISCKGMEMCKCMIi@ESESEOGSc@w@GGC[BEHENIPI`@QDC\MJCFCHCDAD?R?P?F?PBD?`@ENCRGDCHGFGBCBEDEv@pBlAzCHPf@{@Se@GO_@}@JSV_@c@r@^|@FNRd@g@z@IQmA{Cw@qBEDCDCBGFIFEBSFOBa@DE?KJIFCBIF?R@R?JEh@A^Ad@EpA?`A?f@?L?P?JBVRPRNDDNJ\T\XRP??	Click to Generate
S2	30	1			3	Newfield Green Library (S2)	Gleadless Medical Centre (S2)	Pizza City (S2)	2701	2026	actdI~_zGbAwBBCTe@f@aAP]h@eAHKLKBCTAF@JFHLHRDX@\?Z@RA\?H?JI?MJ[h@CBQVY`@AL?F?BHRKLKLMJiB`BQNUTKNILSZOXCDGHADOZA@CFGHMRKPKRADHNZl@??[m@IOMVCFITEHCLKIGGEGGGQKMIm@YIAFu@HsA?IBe@@OEQMIK?a@NK@KEGKGOAS?C?WJo@@KPy@Py@H]@GLm@VqADSBKJw@@IAUCQIMICEAQHYTSRQRGDGFIBEA[EBc@J{AFeAF_A@[B[By@@WfATB_@C^gAUAVCx@Ev@G~@GdAKzACb@Gz@?FIfAGt@E`@Kz@EZEXG\Sz@Qv@Wx@Od@MXGNMXSd@EHGHMVHR@BBBHDJ?F?FC`B]r@On@OVGFAF?F?F?PD`@LH@l@XLHPJRAFAH?DCHCBGLW@EJSJQLSFIBG@AN[@EFIBENYR[HMJOTUPOhBaBLKJMJM`@k@BCPYf@s@AKAI?M?K?I@]AS?[A]EYISIMKGGAU@CBMJIJi@dAQ\g@`AUd@CBcAvB	Click to Generate
S2	30	1			3	Nether Edge Primary School (S2)	Broadfield Park (S2)	Virgin Crucible (S2)	2460	1845	qytdI~oaHHUJ]BKFWPw@Hc@TkANq@`@_CFc@d@uE^aEL_BFi@BM?EBG@EN]DFDHDHBDFFBBJHRPRNDDNJ\T\XRPQr@CFAFUhAAJ[zAERMj@AD?B?B?D@B@BJFr@d@FDFDl@wCBONu@XwAQWIKKMKKKKMKSQ]Y]UOKEESOSQKICCGGCEEIEIEGKUISCKGMEMCKCMIi@ESESEOGSc@w@GGC[BEHENIPI`@QDC\MJCFCHCDAD?R?@NBJ@F?R@R?JEh@A^Ab@?@EpA?HAHCHAHAFIVEJCHKVKUISCKGMEMCKCMIi@ESESEOGSc@w@GGC[BEHENIPI`@QDC\MJCFCHCDAD?R?P?F?PBD?`@ENCSkCCYCUCOIQIWM]Zk@[j@L\HVHPBNBTVdDOBa@DE?KJIFCBIF?R@R?JEh@A^Ad@EpA?HAHCHAHAFIVEJCHKVO\ADCF?DCLGh@M~A_@`Ee@tEGb@a@~BOp@UjAIb@Qv@GVCJK\IT	Click to Generate
S2	30	1			3	Broadfield Park (S2)	The Hardy Pick (S2)	Virgin Crucible (S2)	2195	1646	_mtdIbx`HAJ[zAERMj@AD?B?B?D@B@BJFr@d@FDFDl@wCBONu@XwAQWIKKMKKKKMKSQ]Y]UOKEESOSQKICCGGCEEIEIEGKUISCKGMEMCKCMIi@ESESEOGSc@w@GGC[BEHENIPI`@QDC\MJCFCHCDAD?R?@NBJ@F?R@R?JEh@A^Ab@?@EpA?HAHCHAHAFIVEJCHKVKUISCKGMEMCKCMIi@ESESEOGSc@w@GGC[BEHENIPI`@QDC\MJCFCHCDAD?R?P?F?PBD?`@ENCRGDCHGFGBCBEDEv@pBlAzCHPf@{@Se@GO_@}@JSV_@c@r@^|@FNRd@g@z@IQmA{Cw@qBEDCDCBGFIFEBSFSkCCYCUCOIQIWM]Zk@[j@L\HVHPBNBTVdDOBa@DE?KJIFCBIF?R@R?JEh@A^Ad@EpA?`A?f@?L?P?JBVRPRNDDNJ\T\XRPQr@CFAFUhA	Click to Generate
S2	45	1			3	Newfield Green Dental Surgery (S2)	Daily News & Cards (S2)	Pizza City (S2)	3141	2356	_etdIfgzGFJJRCDGHADOZA@CFGHMRKPKRADMVCFITEHCLKIGGEGGGQKMIm@YIAFu@HsA?Ic@Gb@F?HIrAGt@H@l@XLHPJRAD?@AH?DCHCBGLW@EJSJQLSFIBG@AN[@EFIBENYR[HMJOTUPOhBaBLKJMJM`@k@BCPYf@s@AKAI?M?K?I@]AS?[A]EYISIMKGGAU@CBMJIJi@dAQ\g@`AUd@CBIN{@fBdAwBBCTe@f@aAP]h@eAHKLKBCTAF@JFHLHRDX@\?Z@RA\?H?J?L@H@Jg@r@QXCBa@j@KLKLMJiB`BQNUTKNILSZOXCDGHADOZA@CFGHMRKPKRADMVCFITEHCLKIGGEGGGQKMIm@YIAFu@HsA?IBe@@OEQMIK?a@NK@KEGKGOAS?C?WJo@@KPy@Py@H]@GLm@VqADSBKJw@@IAUCQIMICEAQHYTSRQRGDGFIBEA[EBc@J{AFeAF_A@[B[By@@WfATB_@C^gAUAVCx@Ev@G~@GdAKzACb@Gz@?FIfAGt@E`@Kz@EZEXG\Sz@Qv@Wx@Od@MXGNMXSd@EHGHMVHR@BBBHDJ?F?FC`B]r@On@OVGFAF?F?F?PD`@LH@l@XLHPJRAFAH?DCHCBGLW@EJSJQLSFIBG@AN[@EFIBEKSGK	Click to Generate
S2	30	1			3	Newfield Green Clinic (S2)	Daily News & Cards (S2)	Pizza City (S2)	2668	2001	mhtdIvmzG@AH?DCHCBGLW@EJSJQLSFIBG@AN[@EFIBEKSGK??FJJRNYR[HMJOTUPOhBaBLKJMJM`@k@BCPYf@s@AKAI?M?K?I@]AS?[A]EYISIMKGGAU@CBMJIJi@dAQ\g@`AUd@CBIN{@fBdAwBBCTe@f@aAP]h@eAHKLKBCTAF@JFHLHRDX@\?Z@RA\?H?J?L@H@Jg@r@QXCBa@j@KLKLMJiB`BQNUTKNILSZOXCDGHADOZA@CFGHMRKPKRADMVCFITEHCLKIGGEGGGQKMIm@YIAFu@HsA?IBe@@OEQMIK?a@NK@KEGKGOAS?C?WJo@@KPy@Py@H]@GLm@VqADSBKJw@@IAUCQIMICEAQHYTSRQRGDGFIBEA[EBc@J{AFeAF_A@[B[By@@WfATB_@C^gAUAVCx@Ev@G~@GdAKzACb@Gz@?FIfAGt@E`@Kz@EZEXG\Sz@Qv@Wx@Od@MXGNMXSd@EHGHMVHR@BBBHDJ?F?FC`B]r@On@OVGFAF?F?F?PD`@LH@l@XLHPJRAD?	Click to Generate
S2	30	1			3	One Stop Mini Market (S2)	Gleadless Medical Centre (S2)	Pizza City (S2)	2703	2027	g|sdIr}yGPWBCZi@LKH??K?I@]AS?[A]EYISIMKGGAU@CBMJIJi@dAQ\g@`AUd@CB}@jBGJdAwBBCTe@f@aAP]h@eAHKLKBCTAF@JFHLHRDX@\?Z@RA\?H?J?L@H@Jg@r@QXCBa@j@KLKLMJiB`BQNUTKNILSZOXCDGHADOZA@CFGHMRKPKRADHNZl@??[m@IOMVCFITEHCLKIGGEGGGQKMIm@YIAFu@HsA?IBe@@OEQMIK?a@NK@KEGKGOAS?C?WJo@@KPy@Py@H]@GLm@VqADSBKJw@@IAUCQIMICEAQHYTSRQRGDGFIBEA[EBc@J{AFeAF_A@[B[By@@WfATB_@C^gAUAVCx@Ev@G~@GdAKzACb@Gz@?FIfAGt@E`@Kz@EZEXG\Sz@Qv@Wx@Od@MXGNMXSd@EHGHMVHR@BBBHDJ?F?FC`B]r@On@OVGFAF?F?F?PD`@LH@l@XLHPJRAFAH?DCHCBGLW@EJSJQLSFIBG@AN[@EFIBENYR[HMJOTUPOhBaBLKJMJMIS?C?G@MXa@	Click to Generate
S2	45	1			3	Gleadless Medical Centre (S2)	Pizza City (S2)	Arbourthorne Community Primary School (S2)	3252	2439	satdIn}yGTg@BCTe@f@aAP]h@eAHKLKBCTAF@JFHLHRDX@\?Z@RA\?H?J?L@H@Jg@r@QXCBa@j@KLKLMJiB`BQNUTKNILSZOXCDGHADOZA@CFGHMRKPKRADHNZl@??[m@IOMVCFITEHCLKIGGEGGGQKMIm@YIAFu@HsA?IBe@@OEQMIK?a@NK@KEGKGOAS?C?WJo@@KPy@Py@H]@GLm@VqADSBKJw@@IAUCQIMICEAQHYTSRQRGDGFIBEA[EBc@J{AFeAF_A@[B[By@@WBw@@m@Bo@@i@@g@@e@?G?M?O@c@G@MFa@Po@\aAj@a@VSLYPiBpAg@\e@\}@r@y@n@EBPbBJ|@D^Lr@Lp@BLFXDJJKHGFADDDJBFFFBAtAy@??uAx@C@GGCGEKEEG@IFKJFRJ\BDFNLZNRPZZ^LJJHRRNJh@b@h@\j@\TL^RSz@Qv@Wx@Od@MXGNMXSd@EHGHMVHR@BBBHDJ?F?FC`B]r@On@OVGFAF?F?F?PD`@LH@l@XLHPJRAFAH?DCHCBGLW@EJSJQLSFIBG@AN[@EFIBENYR[HMJOTUPOhBaBLKJMJM`@k@BCPYf@s@AKAI?M?K?I@]AS?[A]EYISIMKGGAU@CBMJIJi@dAQ\g@`AUd@CBUf@	Click to Generate
S2	60	1			3	Meersbrook Service Station (S2)	74th Oak Street Scout Group (S2)	Gleadless Medical Centre (S2)	4311	3233	{jtdIt_|GNENSRa@Xu@b@gBBYCYM[U`@MZc@pAKXKPA@OFI@G?IAKAIp@Gf@CLGb@CRENI\IZK\CHqCvIW~@Of@K^ERADK`@GPI^A@IVCHCFKR[f@LPDFBDF@D@PDPDz@RB?`AT@?TFPB`AVl@NzBf@n@NB?^HNDZ@PGNQh@s@Tg@DWEkAAOHmBN}@RyAFUJ]hB\~Bb@rBjFQDqDo@qEw@IlBFzAEV`@FZ`CFfCw@D@J@p@BrBDlCWBM@a@?mAMG?E?eE[c@k@}Aw@gAq@[Oq@][a@IOIUMSi@_@P_ABc@Bg@?_@AaA?G?M@I?E@G?C@GBMCEEGMQZg@JSBGBIHW@AH_@FQJa@@EDSJ_@Ng@V_ApCwIBIJ]H[H]DOBSFc@BMFg@Hq@J}@LkAT{ANeABOVsBBYHuAFoAHsAHoADs@Dq@@_@?S?S?a@@c@Ae@?]ASAS?AC_@Em@GeACS?I?CAO?I@M?K@O@O@KDSDSBMDIHUBGLWHNZl@??[m@IOMVCFITEHCLERERAJANAN?JAL?H@N?B?HBRFdADl@B^?@@R@R?\@d@Ab@?`@?R?RA^Ep@Er@InAIrAGnAItACXWrBCNOdAUzAMjAK|@J@H@F?HANG@AJQJYb@qAL[Ta@LZBXCXc@fBYt@S`@OROD	Click to Generate
S2	30	1			3	Temple Park Centre (S2)	Castle View Park (S2)	Manor Park Medical Centre (S2)	2445	1834	ifwdIxluGMVBl@Wf@]p@_AlBw@~@s@b@q@Jq@@g@E{@CkACQ@ARGV?p@?I?g@FW@SG?SFWLUR[b@y@fADJ@L?FCLEJrAjCr@`Bl@bBJSh@{@NUHEHAL?jBb@jA`@zBp@^Lp@T|Ah@l@^Zb@Pb@BH@DHd@Dr@A`AKv@ENe@jAe@aAQUyDq@WGaAOq@a@QSUe@KO^}@\cBNwBkAa@kBc@M?I@IDOTi@z@KRm@cBs@aBsAkCEDK@GCGICMAM@M@GDIFEFA??HBDHx@gAZc@TSVMRGF?PAjABz@Bf@Dp@Ap@Kr@c@v@_A~@mB\q@Vg@Cm@LW	Click to Generate
S2	20	1			3	Gin Bar (S2)	Broadfield Park (S2)	The Hardy Pick (S2)	1704	1278	altdIfs`HCC]Y]UOKEESOSQKICCGGCEEIEIEGKUISCKGMEMCKCMIi@ESESEOGSc@w@GGGGGIQYGPEFMVDL@@BH?F?vC?V?zB?|@A\AZCn@\J@?B@@B@@@B@BBD?B@D?FHlA?B?B@D?B@@@B@B@@@@BB@?B@VH^aEL_BFi@@C@I?EBG@EN]JWBIDKHW@G@IBI@I?IDqA?A@c@@_@Eg@ASAMASCQGQR?P?F?PBD?`@ENCRGDCHGFGBCBEDEv@pBlAzCHPf@{@Se@GO_@}@JSV_@c@r@^|@FNRd@g@z@IQmA{Cw@qBEDCDCBGFIFEBSFOBa@DE?KJIFCBIF?R@R?JEh@A^Ad@EpA?`A?f@?L?P?JBVRPRNDDNJ\T\XBB	Click to Generate
S2	15	1			3	International Automatic Cars (S2)	Boots (S2)	Meersbrook Park Church (S2)	1437	1078	oftdI`m_HHDELg@s@[[IIGEGIOMKIGGOIKE]Q{@]BUXq@Vk@DKPXVd@H@t@aBu@`BIACES_@QYEJWj@Yp@CTz@\\PJDNHFFJHNLFHFDHHZZl@d@X\dAhANPJJEJCFILCHEJKh@ITGXIA??AAAAEICEAEUg@BqAD@T^CjAEJ@DHN@@@@??H@FYAQDq@BKBQJSNMJJPRPTRZ@BBDDHN^LZZ`A[k@KQIQOUOWWa@EGW[QQ[]{@iAMQGRENAD?DAHAJAt@AP?R_AKECCC?C?CLaC@Y?G@IDUDQZZb@^	Click to Generate
S2	30	1			3	Newfield Green Library (S2)	Gleadless Medical Centre (S2)	Pizza City (S2)	2691	2018	{btdIr_zG|@kBBCTe@f@aAP]h@eAHKLKBCTAF@JFHLHRDX@\?Z@RA\?H?JI?MJ[h@CBQVY`@AL?F?BHRKLKLMJiB`BQNUTKNILSZOXCDGHADOZA@CFGHMRKPKRADHNZl@??[m@IOMVCFITEHCLKIGGEGGGQKMIm@YIAFu@HsA?IBe@@OEQMIK?a@NK@KEGKGOAS?C?WJo@@KPy@Py@H]@GLm@VqADSBKJw@@IAUCQIMICEAQHYTSRQRGDGFIBEA[EBc@J{AFeAF_A@[B[By@@WfATB_@C^gAUAVCx@Ev@G~@GdAKzACb@Gz@?FIfAGt@E`@Kz@EZEXG\Sz@Qv@Wx@Od@MXGNMXSd@EHGHMVHR@BBBHDJ?F?FC`B]r@On@OVGFAF?F?F?PD`@LH@l@XLHPJRAFAH?DCHCBGLW@EJSJQLSFIBG@AN[@EFIBENYR[HMJOTUPOhBaBLKJMJM`@k@BCPYf@s@AKAI?M?K?I@]AS?[A]EYISIMKGGAU@CBMJIJi@dAQ\g@`AUd@CB}@jB	Click to Generate
S2	60	1			3	The Cholera Monument (S2)	Path up to the Cholera Monument, Sheffield (S2)	Sheffield Inclusion Centre (S2)	5968	4476	oexdIn}{GkAmBwA`DFLHJf@f@RPz@x@tAtABB~@~@DBb@b@FK@CDEDCFA|B_@@ABA@C@C@C?C@GCa@c@F??b@GB`@AF?BABABABC@A@u@LgAPG@EBEDABGJc@c@EC_A_ACCuAuA{@y@SQg@g@IKGMCECICImAqEWcAW}@Su@EQCKEKQu@y@}CMi@Kc@HIHKNO`AeANS`AeANSDEFE`@e@dCgDLSXe@JSP_@h@yAzAqEJWhHaTBKBITo@b@sAf@sAL]P]b@}@`@u@d@s@DGFINOTUZ]fBeBRS^]BADEFG~BuBrFgFDEFEzCuCv@u@|@_ARQDEDEx@u@^]nAqA\m@~@cBf@aA^m@`@u@h@_AFMDIP[HMDIDKDEb@w@HKd@{@jBkDj@cABFBFj@lAVj@d@`ATf@Tf@@Bl@rAb@~@FL`@~@b@hARl@?BN`@UTu@t@qBjBw@v@eAbAcA~@I[Ke@GUw@_DCGIUOEIAGA?S?O?KCQKc@e@{AIUCGMc@KKGGIGCCEAK?i@~@a@t@_@l@g@`A_AbB]l@oApA_@\y@t@EDEDSP}@~@w@t@{CtCGDEDsFfF_CtBGFEDC@_@\SRgBdB[\UTAj@?JGnCE|BEtBKtFKxFAPCfAAx@An@Aj@U@C@A@CDgElMiBjEKVYn@ABm@vAmCjGCDuA|CuAdDGLjAlB	Click to Generate
S2	60	1			3	Sheffield Cholera Monument (S2)	Substantial Victorian houses in Norfolk Road (S2)	Sheffield Inclusion Centre (S2)	5721	4291	_}wdIdh|Gt@M@ABA@C@C@C?C@GCa@c@F??b@GB`@AF?BABABABC@A@}B^G@EBEDABGJc@c@EC_A_ACCuAuA{@y@SQg@g@IKGMvAaDFMn@}Ad@gAtA}CBElCkGl@wA@CXo@JWhBkEfEmMBE@ABATA@k@@o@@y@BgA@QJyFJuFDuBD}BFoC?K@k@TUZ]fBeBRS^]BADEFG~BuBrFgFDEFEzCuCv@u@|@_ARQDEDEx@u@^]nAqA\m@~@cBf@aA^m@`@u@h@_AFMDIP[HMDIDKDEb@w@HKd@{@jBkDj@cABFBFj@lAVj@d@`ATf@Tf@@Bl@rAb@~@FL`@~@b@hARl@?BN`@UTu@t@qBjBw@v@eAbAcA~@I[Ke@GUw@_DCGIUOEIAGA?S?O?KCQKc@e@{AIUCGMc@KKGGIGCCEAK?i@~@a@t@_@l@g@`A_AbB]l@oApA_@\y@t@EDEDSP}@~@w@t@{CtCGDEDsFfF_CtBGFEDC@_@\SRgBdB[\UTAj@?JGnCE|BEtBKtFKxFAPCfAAx@An@Aj@U@C@A@CDgElMiBjEKVYn@ABm@vAmCjGCDuA|CuAdDGLwA`DFLHJf@f@RPz@x@tAtABB~@~@DBb@b@FK@CDEDCFAfAQ	Click to Generate
S2	45	1			3	Arbourthorne Community Primary School (S2)	Daily News & Cards (S2)	Newfield Green Clinic (S2)	3319	2489	mltdIdiyGC^gAUAVCx@Ev@G~@GdAKzACb@Gz@?FIfAGt@E`@Kz@EZEXG\_@SUMk@]i@]i@c@OKSSKIMK[_@Q[OSM[GOCEK]GSJKHGFADDDJBFFFBAtAy@??uAx@C@GGCGEKEEG@IFKJFRJ\BDFNLZNRPZZ^LJJHRRNJh@b@h@\j@\TL^RSz@Qv@Wx@Od@MXGNMXSd@EHGHMVHR@BBBHDJ?F?FC`B]r@On@OVGFAF?F?F?PD`@LH@l@XLHPJRAFAH?DCHCBGLW@EJSJQLSFIBG@AN[@EFIBENYR[HMJOTUPOhBaBLKJMJM`@k@BCPYf@s@AKAI?M?K?I@]AS?[A]EYISIMKGGAU@CBMJIJi@dAQ\g@`AUd@CBIN{@fBdAwBBCTe@f@aAP]h@eAHKLKBCTAF@JFHLHRDX@\?Z@RA\?H?J?L@H@Jg@r@QXCBa@j@KLKLMJiB`BQNUTKNILSZOXKSGK??FJJRCDGHADOZA@CFGHMRKPKRADMVCFITEHCLKIGGEGGGQKMIm@YIAFu@HsA?IBe@@OEQMIK?a@NK@KEGKGOAS?C?WJo@@KPy@Py@H]@GLm@VqADSBKJw@@IAUCQIMICEAQHYTSRQRGDGFIBEA[EBc@J{AFeAF_ADw@By@@WfATB_@	Click to Generate
S2	60	1			3	Burton Roofing Merchants (S2)	Makro (S2)	Manor Park Medical Centre (S2)	5448	4086	s_ydIx_vGj@qCo@g@UQYSg@g@Sr@Kd@c@`BMf@Ol@St@Of@_@fAS]Vu@Ni@CHK^Wt@R\a@z@u@`BUf@INmAfBOTkAvAUg@O[CISc@Sa@Sa@Q_@??m@bAu@tAVZNPDFV\TXX\RVELGJy@fB]`AK\g@dBSz@UhACPQjAKx@QvAIt@Kr@CNe@xBr@vAP\r@xABFl@hAd@|@@BDJFHFHJJn@f@JF\R~Az@@?B@F@@A@?B?@?BADELUR]v@sBv@wBf@uAb@cBXu@LSJQFIp@i@d@WTMLCf@W`AcAp@s@hC_BNUFOPWZ}@j@_Bd@sA~@oCVs@d@sA^iAL[LUTa@\e@Z[VSXO^Ol@QXORMTS^]v@kANYrBkDp@kACMAM@M@GDIFEFA??HBDHx@gAZc@TSVMRGF?PAjABz@BDgBJ}AJ{@VyB^_DP}AV{BTeBPsAPcAl@kBHO??FMpAeCGyAYyFCi@GoAK{B[QGEIEOMy@g@s@i@q@o@aAgAa@a@QWW]EIOSw@gAIMIGECICW?GBG@MBI?WR[n@uAhFg@nBaEzNk@bCi@`Cy@zDy@tDO`BkAlGE`@?^?^D^D\Lf@Lv@?b@A`@EXETMVONUFU?UEUSqBaBwAsAyAaAKGYOCBOXm@`@cApAYf@[z@f@f@XRTPn@f@k@pC	Click to Generate
S2	60	1			3	Burton Roofing Merchants (S2)	Makro (S2)	Manor Park Medical Centre (S2)	5413	4060	g}xdIf}uGEO@g@KDOMo@g@UQYSg@g@Sr@Kd@c@`BMf@Ol@St@Of@_@fAS]Vu@Ni@CHK^Wt@R\a@z@u@`BUf@INmAfBOTkAvAUg@O[CISc@Sa@Sa@Q_@??m@bAu@tAVZNPDFV\TXX\RVELGJy@fB]`AK\g@dBSz@UhACPQjAKx@QvAIt@Kr@CNe@xBr@vAP\r@xABFl@hAd@|@@BDJFHFHJJn@f@JF\R~Az@@?B@F@@A@?B?@?BADELUR]v@sBv@wBf@uAb@cBXu@LSJQFIp@i@d@WTMLCf@W`AcAp@s@hC_BNUFOPWZ}@j@_Bd@sA~@oCVs@d@sA^iAL[LUTa@\e@Z[VSXO^Ol@QXORMTS^]v@kANYrBkDp@kACMAM@M@GDIFEFA??HBDHx@gAZc@TSVMRGF?PAjABz@BDgBJ}AJ{@VyB^_DP}AV{BTeBPsAPcAl@kBHO??FMpAeCGyAYyFCi@GoAK{B[QGEIEOMy@g@s@i@q@o@aAgAa@a@QWW]EIOSw@gAIMIGECICW?GBG@MBI?WR[n@uAhFg@nBaEzNk@bCi@`Cy@zDy@tDO`BkAlGE`@?^?^D^D\Lf@Lv@?b@A`@EXETMVONUFU?UEUSqBaBwAsAyAaAKGYOCBOXm@`@cApAYf@[z@f@f@XRTPn@f@NLJEAf@DN	Click to Generate
S2	60	1			3	Burton Roofing Merchants (S2)	Makro (S2)	Manor Park Medical Centre (S2)	5440	4080	s|xdIz}uGSSEO@g@KDOMo@g@UQYSg@g@Sr@Kd@c@`BMf@Ol@St@Of@_@fAS]Vu@Ni@CHK^Wt@R\a@z@u@`BUf@INmAfBOTkAvAUg@O[CISc@Sa@Sa@Q_@??m@bAu@tAVZNPDFV\TXX\RVELGJy@fB]`AK\g@dBSz@UhACPQjAKx@QvAIt@Kr@CNe@xBr@vAP\r@xABFl@hAd@|@@BDJFHFHJJn@f@JF\R~Az@@?B@F@@A@?B?@?BADELUR]v@sBv@wBf@uAb@cBXu@LSJQFIp@i@d@WTMLCf@W`AcAp@s@hC_BNUFOPWZ}@j@_Bd@sA~@oCVs@d@sA^iAL[LUTa@\e@Z[VSXO^Ol@QXORMTS^]v@kANYrBkDp@kACMAM@M@GDIFEFA??HBDHx@gAZc@TSVMRGF?PAjABz@BDgBJ}AJ{@VyB^_DP}AV{BTeBPsAPcAl@kBHO??FMpAeCGyAYyFCi@GoAK{B[QGEIEOMy@g@s@i@q@o@aAgAa@a@QWW]EIOSw@gAIMIGECICW?GBG@MBI?WR[n@uAhFg@nBaEzNk@bCi@`Cy@zDy@tDO`BkAlGE`@?^?^D^D\Lf@Lv@?b@A`@EXETMVONUFU?UEUSqBaBwAsAyAaAKGYOCBOXm@`@cApAYf@[z@f@f@XRTPn@f@NLJEAf@DNRR	Click to Generate
S2	45	1			3	Arbourthorne Community Primary School (S2)	Momma Katz (S2)	Newfield Green Library (S2)	3117	2338	cotdI|lyGAZG~@GdAKzACb@Gz@?FIfAGt@E`@Kz@EZEXG\_@SUMk@]i@]i@c@OKSSKIMK[_@Q[OSM[GOCEK]GSJKHGFADDDJBFFFBAtAy@??uAx@C@GGCGEKEEG@IFKJFRJ\BDFNLZNRPZZ^LJJHRRNJh@b@h@\j@\TL^RSz@Qv@Wx@Od@MXGNMXSd@EHGHMVHR@BBBHDJ?F?FC`B]r@On@OVGFAF?F?F?PD`@LH@l@XLHPJRAFAH?DCHCBGLW@EJSJQLSFIBG@AN[@EFIBENYR[HMJOTUPOhBaBLKJMJM`@k@BCPYf@s@AKAI?M?K?I@]AS?[A]EYISIMKGGAU@CBMJIJi@dAQ\g@`AUd@CBcAvBA?dAwBBCTe@f@aAP]h@eAHKLKBCTAF@JFHLHRDX@\?Z@RA\?H?JI?MJ[h@CBQVY`@AL?F?BHRKLKLMJiB`BQNUTKNILSZOXCDGHADOZA@CFGHMRKPKRADMVCFITEHCLKIGGEGGGQKMIm@YIAFu@HsA?IBe@@OEQMIK?a@NK@KEGKGOAS?C?WJo@@KPy@Py@H]@GLm@VqADSBKJw@@IAUCQIMICEAQHYTSRQRGDGFIBEA[EBc@J{AFeAF_A@[	Click to Generate
S2	20	1			3	East Bank Medical Centre (S2)	The Spires Centre (S2)	Springs Leisure Centre (S2)	1882	1412	k{tdIvxwGAFAXDVJTLFH@@`@B^BbAFrALCH?ZGNCb@Er@I`@G?YEqAC_@mANlAOHpB?XDAl@Ir@KI}@Gy@Em@AICe@C_@Ca@Cg@Ag@Ci@A]?_@AS?KAU?y@?q@?_A?e@@]@e@Bg@BW@]Dm@FaABi@Bc@D}@Bu@D}A@}@?G?Y?]?K?_@?]AQASCYF?FDP\N^WNQH?^?J?\?X?FA|@E|ACt@E|@Cb@Ch@G`AEl@A\CVCf@Ad@A\?d@?~@?N?`@?x@@T?J@R?^p@IJC~@Sx@ODE?G??Cu@UBe@nA_ARKBq@H@\Bh@@f@Bf@yARoBXOBQ@EWEQKKWCGDIHELCJ	Click to Generate
S2	45	1			3	Mandala (S2)	Heeley Sidings (S2)	The Hardy Pick (S2)	3228	2421	wgtdInn_H_@QGC@Y?G@IDUDQIIGEGIOMKIGGOIKEA\GnALBMCFoA@]HB@@NHFFJHNLFHFDHHZZl@d@X\dAhANPJJEJCFILCHEJKh@ITGXD\@B@@BFn@pARa@R]u@}AMV@R@Dj@hAS`@o@qAEIACE]FYAQDq@BKBQJS[]{@iAMQg@s@[[IIGEGIOMKIGGOIKEA\GnAKnCALCJEFYn@CD?DAD?B?D@D@DXj@fAzBLZFTDRF`@@^E@C@A?C@EBCDe@p@v@pBlAzCHPf@{@Se@GO_@}@JSV_@c@r@^|@FNRd@g@z@IQmA{Cw@qBEDCDCBGFIFEBSFOBa@DE?KJIFCBIFEACACCCAAGGQCIEMAGEKEOISQk@]u@oAeDg@kAeAgCi@oAMc@Y_ACMCICCEIEGEGGEa@UaAm@kBiAmAs@MIIIGGIIGMEIOc@EKAKCME]K}@Gc@Ks@ASEc@Ce@T@B?H?XAFAF?REZ?b@Av@A\?V?J@H@D@B@JDHDHHTRTTX\PTPTZd@`@n@f@t@f@t@HLFFDHLNDFBBVXLLFDXPNJNHPLTH\Pd@PHBFBZLz@\\PJDNHFFJHNLFHFDHHZZl@d@ELGRENADECUK	Click to Generate
S2	45	1			3	I Said Bread (S2)	Kingdom Hall of Jehovah's Witnesses (S2)	Meersbrook Park (S2)	3496	2622	q}sdIxi~GdAhBlCmGEcBmBHMaHKuG?G{BNG?E?o@DWBJlIDDt@ARAHlDHbFDZuCzG]z@wAfDgC~Fk@vAEJWj@Yp@CTz@\\PJDNHFFJHNLFHFDHHZZl@d@X\dAhANPJJPRPTRZDHDHN^LZZ`AZ~@v@hCV|@DLFRBFJd@DJBJPj@BHLQjAiAb@e@z@}@RUDEbAaAvAcACy@E_AEuBCoD@mAFyALsBDIHmA??IlAtDc@^EJ@Hw@LeAn@uDBS?_@?W?gDAqADo@BYLm@HMLISkDE[CQeAoFOu@U?_Be@e@G{@@a@JsC~@yCz@BbCDbBmClGeAiB	Click to Generate
S2	20	1			3	Boots (S2)	Alam Hill Books (S2)	Meersbrook Park Church (S2)	1691	1268	uhtdI`k_HDBZZl@d@X\dAhANPJJEJCFILCHEJKh@ITGXIA??AAAAEICEAEUg@BqAD@T^CjAEJ@DHN@@@@??H@FYAQDq@BKBQJS[]{@iAMQg@s@[[IIGEGIOMKIGGOIKE]Q{@]BUXq@Vk@DKj@wAxAiDdC}FHLpAvBiC`GiA~C_@hAY~@K^NLFHFDHHZZl@d@X\dAhANPJJPRPTRZ@BBDDHN^LZZ`A[k@KQIQOUOWWa@EGW[QQ[]{@iAMQg@s@[[EC	Click to Generate
S2	20	1			3	Boots (S2)	Alam Hill Books (S2)	Meersbrook Park Church (S2)	1682	1262	mhtdIfk_HXXl@d@X\dAhANPJJEJCFILCHEJKh@ITGXIA??AAAAEICEAEUg@BqAD@T^CjAEJ@DHN@@@@??H@FYAQDq@BKBQJS[]{@iAMQg@s@[[IIGEGIOMKIGGOIKE]Q{@]BUXq@Vk@DKj@wAxAiDdC}FHLpAvBiC`GiA~C_@hAY~@K^NLFHFDHHZZl@d@X\dAhANPJJPRPTRZ@BBDDHN^LZZ`A[k@KQIQOUOWWa@EGW[QQ[]{@iAMQg@s@YY	Click to Generate
S2	30	1			3	Nether Edge Primary School (S2)	Broadfield Park (S2)	Virgin Crucible (S2)	2329	1747	wwtdItjaHBITkANq@`@_CFc@d@uE^aEL_BFi@BM?EBG@EN]DFDHDHBDFFBBJHRPRNDDNJ\T\XRPQr@CFAFUhAAJ[zAERMj@AD?B?B?D@B@BJFr@d@FDFDl@wCBONu@XwAQWIKKMKKKKMKSQ]Y]UOKEESOSQKICCGGCEEIEIEGKUISCKGMEMCKCMIi@ESESEOGSc@w@GGC[BEHENIPI`@QDC\MJCFCHCDAD?R?@NBJ@F?R@R?JEh@A^Ab@?@EpA?HAHCHAHAFIVEJCHKVKUISCKGMEMCKCMIi@ESESEOGSc@w@GGC[BEHENIPI`@QDC\MJCFCHCDAD?R?P?F?PBD?`@ENCSkCCYCUCOIQIWM]Zk@[j@L\HVHPBNBTVdDOBa@DE?KJIFCBIF?R@R?JEh@A^Ad@EpA?HAHCHAHAFIVEJCHKVO\ADCF?DCLGh@M~A_@`Ee@tEGb@a@~BOp@UjACH	Click to Generate
S2	60	1			3	Woodbourn Road Stadium (S2)	Makro (S2)	Highfield Motors (S2)	4510	3382	efzdIt|vGBE~@iAPe@Bo@yFcGs@cAe@_@m@_@OGq@s@aAeAIGMGM\]bAMp@G\ADQlAd@ZLLAV?\FRN@??VIWHOAGS?]@WMMe@[PmA@EF]Lq@OMUQY[_@pAQt@Gb@a@~BIf@m@bDId@Kb@EPGPABAVAHCLJLFFDFZRZPpEhCxBlAJF@@lAn@d@VJDDBl@\^RbAj@b@V^Rl@\j@Vp@^NHt@d@BBNPPXT`@d@yBBOJs@Hu@PwAJy@PkABQTiAR{@f@eBJ]\aAx@gBFKDMSWY]UYW]EGOQW[t@uAl@cA??P^R`@R`@Rb@BHNZTf@[f@u@~@ELGJy@fB]`AK\g@dBSz@UhACPQjAKx@QvAIt@Kr@CNe@xBUa@QYOQCCu@e@OIq@_@k@Wm@]_@Sc@WcAk@_@Sm@]ECKEe@WmAo@AAKGyBmAqEiC[QOAM?KAKAQAM@SFURa@`@IHa@d@q@p@S\EDWVDNb@nBBHHd@XtAKXEGCEWZEMIQ??CFEJGKCGOWhAeAIe@CIc@oBEOK[BIBCPENEREp@q@`@e@HI`@a@TSHSNQJIDCF?JLFFDFZRZPpEhCxBlAJF@@lAn@d@VDI@GBC@I@I@I?K@q@@MBQDGFGLCj@DJANI`@aBX{@Vc@	Click to Generate
S2	45	1			3	Gleadless Medical Centre (S2)	Pizza City (S2)	Arbourthorne Community Primary School (S2)	3304	2478	ubtdIf_zGv@_BBCTe@f@aAP]h@eAHKLKBCTAF@JFHLHRDX@\?Z@RA\?H?J?L@H@Jg@r@QXCBa@j@KLKLMJiB`BQNUTKNILSZOXCDGHADOZA@CFGHMRKPKRADHNZl@??[m@IOMVCFITEHCLKIGGEGGGQKMIm@YIAFu@HsA?IBe@@OEQMIK?a@NK@KEGKGOAS?C?WJo@@KPy@Py@H]@GLm@VqADSBKJw@@IAUCQIMICEAQHYTSRQRGDGFIBEA[EBc@J{AFeAF_A@[B[By@@WBw@@m@Bo@@i@@g@@e@?G?M?O@c@G@MFa@Po@\aAj@a@VSLYPiBpAg@\e@\}@r@y@n@EBPbBJ|@D^Lr@Lp@BLFXDJJKHGFADDDJBFFFBAtAy@??uAx@C@GGCGEKEEG@IFKJFRJ\BDFNLZNRPZZ^LJJHRRNJh@b@h@\j@\TL^RSz@Qv@Wx@Od@MXGNMXSd@EHGHMVHR@BBBHDJ?F?FC`B]r@On@OVGFAF?F?F?PD`@LH@l@XLHPJRAFAH?DCHCBGLW@EJSJQLSFIBG@AN[@EFIBENYR[HMJOTUPOhBaBLKJMJM`@k@BCPYf@s@AKAI?M?K?I@]AS?[A]EYISIMKGGAU@CBMJIJi@dAQ\g@`AUd@CBw@~A	Click to Generate
S2	60	1			3	Path up to the Cholera Monument, Sheffield (S2)	Substantial Victorian houses in Norfolk Road (S2)	Sheffield Inclusion Centre (S2)	5721	4291	c|wdI`f|Gb@GB`@AF?BABABABC@A@u@LgAPG@EBEDABGJc@c@EC_A_ACCuAuA{@y@SQg@g@IKGMvAaDFMn@}Ad@gAtA}CBElCkGl@wA@CXo@JWhBkEfEmMBE@ABATA@k@@o@@y@BgA@QJyFJuFDuBD}BFoC?K@k@TUZ]fBeBRS^]BADEFG~BuBrFgFDEFEzCuCv@u@|@_ARQDEDEx@u@^]nAqA\m@~@cBf@aA^m@`@u@h@_AFMDIP[HMDIDKDEb@w@HKd@{@jBkDj@cABFBFj@lAVj@d@`ATf@Tf@@Bl@rAb@~@FL`@~@b@hARl@?BN`@UTu@t@qBjBw@v@eAbAcA~@I[Ke@GUw@_DCGIUOEIAGA?S?O?KCQKc@e@{AIUCGMc@KKGGIGCCEAK?i@~@a@t@_@l@g@`A_AbB]l@oApA_@\y@t@EDEDSP}@~@w@t@{CtCGDEDsFfF_CtBGFEDC@_@\SRgBdB[\UTAj@?JGnCE|BEtBKtFKxFAPCfAAx@An@Aj@U@C@A@CDgElMiBjEKVYn@ABm@vAmCjGCDuA|CuAdDGLwA`DFLHJf@f@RPz@x@tAtABB~@~@DBb@b@FK@CDEDCFA|B_@@ABA@C@C@C?C@GCa@c@F	Click to Generate
S2	30	1			3	Best Pizza (S2)	Alberts (S2)	Popeyes Pizza (S2)	2278	1708	mxudIjixGeAbAcA~@I[Ke@GUw@_DCGIUOEIAGA?S?O?KCQKc@e@{AIUCGMc@EQCE?EAGAG?CAI?I@I?I@E@CDIDKDEb@w@HKd@{@jBkDj@cA\q@N[\q@vAgCLU?CRYBCDINUNY^q@~AwC`ByC|A}C@DHNf@bALZBFPh@Lb@?BH\Jt@Hv@Dh@DCBEJMX_@RWTSTSNKHEP|BHrAJtBJ~BFfB@PFjB@z@@NBF@DBBLBp@K~@KF`BBv@@XBd@GDIHELCJAFAXUBOBgAT[L[NSL[RGFQLIFIDSR}AzAKH}@x@m@j@}@x@y@t@YsAQ{@U_AUTu@t@qBjBw@v@	Click to Generate
S2	20	1			3	The Spires Centre (S2)	East Bank Medical Centre (S2)	The Co-operative Food (S2)	1835	1376	altdIzpwG???FEDy@N_ARKBq@H?_@AS?KAU?y@?q@?_A?e@@]@e@Bg@BW@]Dm@FaABi@Bc@D}@Bu@D}A@}@?G?Y?]?K?_@?]AQASCYF?FDP\N^WNQH?^?J?\?X?FA|@E|ACt@E|@Cb@Ch@G`AEl@A\CVCf@Ad@A\?d@?~@?N?`@?x@@T?J@R?^@\Bh@@f@Bf@B`@B^Bd@@HDl@Fx@H|@s@Jm@HE@?YEqAC_@mANlAOHpB?Xa@Fs@Hc@DOB[FI?MBGsACcAC_@Aa@E_ACcAVBJJ??DPDVPANCnBYxASCg@Ag@Ci@A]p@IJC~@Sx@ODE?G??	Click to Generate
S2	60	1			3	Path up to the Cholera Monument, Sheffield (S2)	Substantial Victorian houses in Norfolk Road (S2)	Sheffield Inclusion Centre (S2)	5927	4445	k}wdIzs{GiAoBEGGCC?CAI?G@I@E?CAQUCDuA|CuAdDGLwA`DFLHJf@f@RPz@x@tAtABB~@~@DBb@b@FK@CDEDCFAfAQt@M@ABA@C@C@C?C@GCa@c@Fb@GB`@AF?BABABABC@A@}B^G@EBEDABGJc@c@EC_A_ACCuAuA{@y@SQg@g@IKGMvAaDFMn@}Ad@gAtA}CBElCkGl@wA@CXo@JWhBkEfEmMBE@ABATA@k@@o@@y@BgA@QJyFJuFDuBD}BFoC?K@k@TUZ]fBeBRS^]BADEFG~BuBrFgFDEFEzCuCv@u@|@_ARQDEDEx@u@^]nAqA\m@~@cBf@aA^m@`@u@h@_AFMDIP[HMDIDKDEb@w@HKd@{@jBkDj@cABFBFj@lAVj@d@`ATf@Tf@@Bl@rAb@~@FL`@~@b@hARl@?BN`@UTu@t@qBjBw@v@eAbAcA~@I[Ke@GUw@_DCGIUOEIAGA?S?O?KCQKc@e@{AIUCGMc@KKGGIGCCEAK?i@~@a@t@_@l@g@`A_AbB]l@oApA_@\y@t@EDEDSP}@~@w@t@{CtCGDEDsFfF_CtBGFEDC@_@\SRgBdB[\UTAj@?JGnCE|BEtBKtFKxFAPCfAAx@An@Aj@U@C@A@CDgElMiBjEKVYn@ABm@vAmCjGPTB@D?HAFAH?B@B?FBDFhAnB	Click to Generate
S2	60	1			3	Path up to the Cholera Monument, Sheffield (S2)	Substantial Victorian houses in Norfolk Road (S2)	Sheffield Inclusion Centre (S2)	5721	4291	c|wdI`f|Gb@GB`@AF?BABABABC@A@u@LgAPG@EBEDABGJc@c@EC_A_ACCuAuA{@y@SQg@g@IKGMvAaDFMn@}Ad@gAtA}CBElCkGl@wA@CXo@JWhBkEfEmMBE@ABATA@k@@o@@y@BgA@QJyFJuFDuBD}BFoC?K@k@TUZ]fBeBRS^]BADEFG~BuBrFgFDEFEzCuCv@u@|@_ARQDEDEx@u@^]nAqA\m@~@cBf@aA^m@`@u@h@_AFMDIP[HMDIDKDEb@w@HKd@{@jBkDj@cABFBFj@lAVj@d@`ATf@Tf@@Bl@rAb@~@FL`@~@b@hARl@?BN`@UTu@t@qBjBw@v@eAbAcA~@I[Ke@GUw@_DCGIUOEIAGA?S?O?KCQKc@e@{AIUCGMc@KKGGIGCCEAK?i@~@a@t@_@l@g@`A_AbB]l@oApA_@\y@t@EDEDSP}@~@w@t@{CtCGDEDsFfF_CtBGFEDC@_@\SRgBdB[\UTAj@?JGnCE|BEtBKtFKxFAPCfAAx@An@Aj@U@C@A@CDgElMiBjEKVYn@ABm@vAmCjGCDuA|CuAdDGLwA`DFLHJf@f@RPz@x@tAtABB~@~@DBb@b@FK@CDEDCFA|B_@@ABA@C@C@C?C@GCa@c@F	Click to Generate
S2	30	1			3	Windy House Lane Pocket Park (S2)	UBU (S2)	Leaves (S2)	2154	1616	}{udIl}uGXX~DjEELCFCBg@^AGGW??FV@Ff@_@BCBGDMNNzA|At@x@@?l@p@IJcAnAGF{@v@w@^k@^u@Ts@RYDYDg@HG??TBx@Bl@Fj@FX@HDRJ\`AzB`AtBJR@BLYRYBCDINUNY^q@BEzAqC`ByC|A}C^q@`AgB`AmBVo@Xw@L[d@y@@E@E?C@E?E?G?E?C?EAC?A?EAEAEAGCEAEEG[SmBkAGT]xAENa@jAq@|ASb@Q\_@r@q@z@pBvC??qBwCm@q@A?u@y@{A}AOO_EkEYY	Click to Generate
S2	45	1			3	Virgin Crucible (S2)	The Hardy Pick (S2)	Boots (S2)	3637	2728	cotdIvp`HGESQKICCGGCEEIEIEGKUISCKGMEMCKCMIi@ESESEOGSc@w@GGC[BEHENIPI`@QDC\MJCFCHCDAD?R?P?F?PBD?`@ENCWeDCUCOIQIWM]Zk@[j@L\HVHPBNBTBXRjCRGDCHGFGBCBEDEv@pBlAzCHPf@{@Se@GO_@}@JSV_@c@r@^|@FNRd@g@z@IQmA{Cw@qBEDCDCBGFIFEBSFOBa@DE?KJIFCBIFEACACCCAAGGQCIEMAGEKEOISQk@]u@oAeDg@kAeAgCi@oAMc@Y_ACMCICCEIEGEGGEa@UaAm@kBiAmAs@MIIIGGIIGMEIOc@EKAKCME]K}@Gc@Ks@ASEc@Ce@T@B?H?XAFAF?REZ?b@Av@A\?V?J@H@D@B@JDHDHHTRTTX\PTPTZd@`@n@f@t@f@t@HLFFDHLNDFBBVXLLFDXPNJNHPLTH\Pd@PHBFBZLz@\\PJDNHFFJHNLFHFDHHZZl@d@X\dAhANPJJEJCFILCHEJKh@ITGXIA??AAAAEICEAEUg@BqAD@T^CjAEJ@DHN@@@@??H@FYAQDq@BKBQJS[]{@iAMQg@s@[[IIGEGIOMKIGGOIKEA\GnAKnCALCJEFYn@CD?DAD?B?D@D@DXj@fAzBLZFTDRF`@@^E@C@A?C@EBCDe@p@EDCDCBGFIFEBSFOBa@DE?KJIFCBIF?R@R?JEh@A^Ad@EpA?`A?f@?L?P?JBVRPFD	Click to Generate
S2	20	1			3	The Spires Centre (S2)	East Bank Medical Centre (S2)	The Co-operative Food (S2)	1835	1376	altdIzpwG???FEDy@N_ARKBq@H?_@AS?KAU?y@?q@?_A?e@@]@e@Bg@BW@]Dm@FaABi@Bc@D}@Bu@D}A@}@?G?Y?]?K?_@?]AQASCYF?FDP\N^WNQH?^?J?\?X?FA|@E|ACt@E|@Cb@Ch@G`AEl@A\CVCf@Ad@A\?d@?~@?N?`@?x@@T?J@R?^@\Bh@@f@Bf@B`@B^Bd@@HDl@Fx@H|@s@Jm@HE@?YEqAC_@mANlAOHpB?Xa@Fs@Hc@DOB[FI?MBGsACcAC_@Aa@E_ACcAVBJJ??DPDVPANCnBYxASCg@Ag@Ci@A]p@IJC~@Sx@ODE?G??	Click to Generate
S2	45	1			3	Windy House Lane Pocket Park (S2)	Archdale School (S2)	UBU (S2)	3653	2740	gavdIr{uG`@K?Q@QF[JWHIJGHCP@LBDDDHDNHZ@N@NAJAL?BETt@v@~DjEELCFCBg@^AGGW??FV@Ff@_@BCBGDM_EkEu@w@CFCFGJEDGDEBE@I@EAGAECEEGGEKIWE]?Q@QF[JWHIJGHC?SMaEE_CGqAKk@Qi@Uc@IKMM_@Ym@a@c@WGEAFEBC@E?ECCCCG?I?IICaDwAUMCN?@CFg@hA]v@BFBBP`@[p@[p@Xn@\o@??]n@Yo@Zq@Zq@Qa@CCCG\w@f@iABG?ABOTL`DvAHB@IBGBEDAF@BB@BBF@F?FAFADFDb@Vl@`@^XLLHJTb@Ph@Jj@FpAD~BL`E?RP@LBDDDHDNHZ@N@NAJAL?BETCFCFGJEDGDEBE@VnJBrADxAH|C@N?TBx@Bl@Fj@FX@HDRJ\`AzB`AtBJR@BLYRYBCDINUNY^q@BEzAqC`ByC|A}C^q@`AgB`AmBVo@Xw@L[d@y@@E@E?C@E?E?G?E?C?EAC?A?EAEAEAGCEAEEG[SmBkA_BcAsA}@UQoA_Ae@g@EIY]MLKHQB]?QKSSQPyA|AABe@f@w@v@Y\AJAL?BETCFCFGJEDGDEBE@I@EAGAECEEGGEKIWE]a@J	Click to Generate
S2	20	1			3	Manor Park Medical Centre (S2)	Temple Park Centre (S2)	Castle View Park (S2)	1802	1352	qzwdItbvGWm@CCGGIGICGAG?GBWVCDC?A?MIp@kACMAM@M@GDIFEFA??HBDHx@gAZc@TSVMRGF?ARGV?p@?I?g@FW@SG?SFWLUR[b@y@fADJ@L?FCLEJrAjCr@`Bl@bBJSh@{@NUHEHAL?jBb@jA`@zBp@^Lp@T|Ah@l@^Zb@Pb@BH@DHd@Dr@A`AKv@ENe@jAe@aAQUyDq@WGaAOq@a@QSUe@KO^}@\cBNwBkAa@kBc@M?I@IDOTi@z@KRm@cBOV_@}@k@qA	Click to Generate
S2	30	1			3	Temple Park Centre (S2)	Castle View Park (S2)	Manor Park Medical Centre (S2)	2428	1821	ufwdIlmuGABBl@Wf@]p@_AlBw@~@s@b@q@Jq@@g@E{@CkACQ@ARGV?p@?I?g@FW@SG?SFWLUR[b@y@fADJ@L?FCLEJrAjCr@`Bl@bBJSh@{@NUHEHAL?jBb@jA`@zBp@^Lp@T|Ah@l@^Zb@Pb@BH@DHd@Dr@A`AKv@ENe@jAe@aAQUyDq@WGaAOq@a@QSUe@KO^}@\cBNwBkAa@kBc@M?I@IDOTi@z@KRm@cBs@aBsAkCEDK@GCGICMAM@M@GDIFEFA??HBDHx@gAZc@TSVMRGF?PAjABz@Bf@Dp@Ap@Kr@c@v@_A~@mB\q@Vg@Cm@@C	Click to Generate
S2	60	1			3	Cholera Monument, Sheffield (S2)	Path up to the Cholera Monument, Sheffield (S2)	Sheffield Inclusion Centre (S2)	6087	4565	cfxdItv{Go@|AGLjAlBIZADAF?D?\?z@?F@DBFBFCGCGAE?G?{@?]?E@G@EH[??kAmBwA`DFLHJf@f@RPz@x@tAtABB~@~@DBb@b@FK@CDEDCFAfAQt@M@ABA@C@C@C?C@GCa@c@Fb@GB`@AF?BABABABC@A@}B^G@EBEDABGJc@c@EC_A_ACCuAuA{@y@SQg@g@IKGMCECICImAqEWcAW}@Su@EQCKEKQu@y@}CMi@Kc@HIHKNO`AeANS`AeANSDEFE`@e@dCgDLSXe@JSP_@h@yAzAqEJWhHaTBKBITo@b@sAf@sAL]P]b@}@`@u@d@s@DGFINOTUZ]fBeBRS^]BADEFG~BuBrFgFDEFEzCuCv@u@|@_ARQDEDEx@u@^]nAqA\m@~@cBf@aA^m@`@u@h@_AFMDIP[HMDIDKDEb@w@HKd@{@jBkDj@cABFBFj@lAVj@d@`ATf@Tf@@Bl@rAb@~@FL`@~@b@hARl@?BN`@UTu@t@qBjBw@v@eAbAcA~@I[Ke@GUw@_DCGIUOEIAGA?S?O?KCQKc@e@{AIUCGMc@KKGGIGCCEAK?i@~@a@t@_@l@g@`A_AbB]l@oApA_@\y@t@EDEDSP}@~@w@t@{CtCGDEDsFfF_CtBGFEDC@_@\SRgBdB[\UTAj@?JGnCE|BEtBKtFKxFAPCfAAx@An@Aj@U@C@A@CDgElMiBjEKVYn@ABm@vAmCjGCDuA|Ce@fA	Click to Generate
S2	20	1			3	Broadfield Park (S2)	The Hardy Pick (S2)	Virgin Crucible (S2)	1824	1368	iltdI`s`HYW]UOKEESOSQKICCGGCEEIEIEGKUISCKGMEMCKCMIi@ESESEOGSc@w@GGC[BEHENIPI`@QDC\MJCFCHCDAD?R?@NBJ@F?R@R?JEh@A^Ab@?@EpA?HAHCHAHAFIVEJCHKVKUISCKGMEMCKCMIi@ESESEOGSc@w@GGC[BEHENIPI`@QDC\MJCFCHCDAD?R?P?F?PBD?`@ENCRGDCHGFGBCBEDEv@pBlAzCHPf@{@Se@GO_@}@JSV_@c@r@^|@FNRd@g@z@IQmA{Cw@qBEDCDCBGFIFEBSFSkCCYCUCOIQIWM]Zk@[j@L\HVHPBNBTVdDOBa@DE?KJIFCBIF?R@R?JEh@A^Ad@EpA?`A?f@?L?P?JBVRPRNDDNJ\TXV	Click to Generate
S2	20	1			3	Alam Hill Books (S2)	Boots (S2)	Meersbrook Park Church (S2)	1457	1093	gitdInh_HRq@^iAhA_DhCaGqAwBIMeC|FyAhDk@vAEJWj@Yp@CTz@\\PJDNHFFJHNLFHFDHHZZl@d@X\dAhANPJJEJCFILCHEJKh@ITGXIA??AAAAEICEAEUg@BqAD@T^CjAEJ@DHN@@@@??H@FYAQDq@BKBQJSNMJJPRPTRZ@BBDDHN^LZZ`A[k@KQIQOUOWWa@EGW[QQ[]{@iAMQg@s@[[IIGEGIOMJ_@DM	Click to Generate
S2	20	1			3	Gin Bar (S2)	Broadfield Park (S2)	The Hardy Pick (S2)	1711	1283	{ktdIls`HII]Y]UOKEESOSQKICCGGCEEIEIEGKUISCKGMEMCKCMIi@ESESEOGSc@w@GGGGGIQYGPEFMVDL@@BH?F?vC?V?zB?|@A\AZCn@\J@?B@@B@@@B@BBD?B@D?FHlA?B?B@D?B@@@B@B@@@@BB@?B@VH^aEL_BFi@@C@I?EBG@EN]JWBIDKHW@G@IBI@I?IDqA?A@c@@_@Eg@ASAMASCQGQR?P?F?PBD?`@ENCRGDCHGFGBCBEDEv@pBlAzCHPf@{@Se@GO_@}@JSV_@c@r@^|@FNRd@g@z@IQmA{Cw@qBEDCDCBGFIFEBSFOBa@DE?KJIFCBIF?R@R?JEh@A^Ad@EpA?`A?f@?L?P?JBVRPRNDDNJ\T\XHH	Click to Generate
S2	20	1			3	Top Chopper (S2)	Broadfield Park (S2)	The Hardy Pick (S2)	1645	1234	kktdIzs`HEESQ]Y]UOKEESOSQKIEd@?BDi@CCGGCEEIEIEGKUISCKGMEMCKCMIi@ESESEOGSc@w@GGC[BEHENIPI`@QDC\MJCFCHCDAD?R?@NBJ@F?R@R?JEh@A^Ab@?@EpA?HAHCHAHAFIVEJCHKVKUISCKGMEMCKCMIi@ESESEOGSc@w@GGC[BEHENIPI`@QDC\MJCFCHCDAD?R?P?F?PBD?`@ENCRGDCHGFGBCBEDEv@pBlAzCHPf@{@Se@GO_@}@JSV_@c@r@^|@FNRd@g@z@IQmA{Cw@qBEDCDCBGFIFEBSFOBa@DE?KJIFCBIF?R@R?JEh@A^Ad@EpA?`A?f@?L?P?JBVRPRNDDNJ\T\XRPDD	Click to Generate
S2	20	1			3	Manor Park Medical Centre (S2)	St Vincent's (S2)	Hair & Beauty Lounge (S2)	1477	1108	ewwdI`{uG?g@FW@SG?SFWLUR[b@y@fADJ@L?FCLEJEDK@GCGICMAM@M@GDIFEFA??HBDHDJ@L?FCLEJrAjCr@`BOV_@}@k@qAWm@CCGGIGICGAG?GBWVCDC?A?MIp@kACMAM@M@GDIFEFAHBDHx@gAZc@TSVMRGF?PAjABz@Bf@Dp@Ap@Kr@c@v@_A~@mB\q@Vg@Cm@??^w@ZHq@tAEDWf@]p@_AlBw@~@s@b@q@Jq@@g@E{@CkACQ@ARGV?f@	Click to Generate
S2	20	1			3	Well Pharmacy (S2)	Gleadless Medical Centre (S2)	Pizza City (S2)	2040	1530	a}sdIt~yG??AL?F?BHRKLKLMJiB`BQNUT??KNILSZOXCDGHADOZA@CFGHMRKPKRADHNZl@??[m@IOMVCFITEHCLKIGGEGGGQKMIm@YIAFu@HsA?IBe@@OEQMIK?a@NK@KEGKGOAS?C?WJo@@KPy@Py@H]@GLm@VqADSBKJw@@IAUCQIMICEAQHYTSRQRGDGFIBEA[EBc@J{AFeAF_A@[B[By@@WfATB_@C^gAUAVCx@Ev@G~@GdAKzACb@Gz@?FIfAGt@E`@Kz@EZEXG\Sz@Qv@Wx@Od@MXGNMXSd@EHGHMVHR@BBBHDJ?F?FC`B]r@On@OVGFAF?F?F?PD`@LH@l@XLHPJRAFAH?DCHCBGLW@EJSJQLSFIBG@AN[@EFIBENYR[HMJOTUPOhBaBLKJMJMIS?C?G@M??	Click to Generate
S2	15	1			3	Another Level (S2)	Alam Hill Books (S2)	Boots (S2)	1435	1076	gktdIzh_HHDNHFFJHNLFHFDHHZZj@b@@@ELg@s@[[IIGEGIOMKIGGOIKE]Q{@]BUXq@Vk@DKj@wAxAiDdC}FHLpAvBiC`GiA~C_@hAY~@K^NLFHFDHHZZl@d@X\dAhANPJJEJCFILCHEJKh@ITGXIA??AAAAEICEAEUg@BqAD@T^CjAEJ@DHN@@@@??H@FYAQDq@BKBQJS[]{@iAMQg@s@[[IIGEGIOMKIGGOIIE	Click to Generate
S2	30	1			3	Newfield Green Clinic (S2)	Newfield Green Dental Surgery (S2)	Pizza City (S2)	2422	1816	g~sdIrazGaBxAQNUTKNILSZOXKSGK??FJJRCDGHADOZA@CFGHMRKPKRADMVCFITEHCLKIGGEGGGQKMIm@YIAFu@HsA?Ic@Gb@F?HIrAGt@H@l@XLHPJRAD?@AH?DCHCBGLW@EJSJQLSFIBG@AN[@EFIBEKSGKFJJRCDGHADOZA@CFGHMRKPKRADMVCFITEHCLKIGGEGGGQKMIm@YIAFu@HsA?IBe@@OEQMIK?a@NK@KEGKGOAS?C?WJo@@KPy@Py@H]@GLm@VqADSBKJw@@IAUCQIMICEAQHYTSRQRGDGFIBEA[EBc@J{AFeAF_A@[B[By@@WfATB_@C^gAUAVCx@Ev@G~@GdAKzACb@Gz@?FIfAGt@E`@Kz@EZEXG\Sz@Qv@Wx@Od@MXGNMXSd@EHGHMVHR@BBBHDJ?F?FC`B]r@On@OVGFAF?F?F?PD`@LH@l@XLHPJRAFAH?DCHCBGLW@EJSJQLSFIBG@AN[@EFIBENYR[HMJOTUPO`ByA	Click to Generate
S2	60	1			3	Path near the Cholera Monument, Sheffield (S2)	Path up to the Cholera Monument, Sheffield (S2)	Sheffield Inclusion Centre (S2)	6939	5204	c|wdI`f|Gb@GB`@AF?BABABABC@A@}B^G@EBEDABGJc@c@EC_A_ACCuAuA{@y@SQg@g@IKGMvAaDjAlBIZADAF?D?\?z@?F@DBFBFCGCGAE?G?{@?]?E@G@EH[??kAmBwA`DFLHJf@f@RPz@x@tAtABB~@~@DBb@b@FK@CDEDCFAfAQt@M@ABA@C@C@C?C@GCa@c@Fb@GB`@AF?BABABABC@A@}B^G@EBEDABGJc@c@EC_A_ACCuAuA{@y@SQg@g@IKGMCECICImAqEWcAW}@Su@EQCKEKQu@y@}CMi@Kc@HIHKNO`AeANS`AeANSDEFE`@e@dCgDLSXe@JSP_@h@yAzAqEJWhHaTBKBITo@b@sAf@sAL]P]b@}@`@u@d@s@DGFINOTUZ]fBeBRS^]BADEFG~BuBrFgFDEFEzCuCv@u@|@_ARQDEDEx@u@^]nAqA\m@~@cBf@aA^m@`@u@h@_AFMDIP[HMDIDKDEb@w@HKd@{@jBkDj@cABFBFj@lAVj@d@`ATf@Tf@@Bl@rAb@~@FL`@~@b@hARl@?BN`@UTu@t@qBjBw@v@eAbAcA~@I[Ke@GUw@_DCGIUOEIAGA?S?O?KCQKc@e@{AIUCGMc@KKGGIGCCEAK?i@~@a@t@_@l@g@`A_AbB]l@oApA_@\y@t@EDEDSP}@~@w@t@{CtCGDEDsFfF_CtBGFEDC@_@\SRgBdB[\UTAj@?JGnCE|BEtBKtFKxFAPCfAAx@An@Aj@U@C@A@CDgElMiBjEKVYn@ABm@vAmCjGCDuA|CuAdDGLwA`DFLHJf@f@RPz@x@tAtABB~@~@DBb@b@FK@CDEDCFA|B_@@ABA@C@C@C?C@GCa@c@F	Click to Generate
S2	60	1			3	Path up to the Cholera Monument, Sheffield (S2)	Substantial Victorian houses in Norfolk Road (S2)	Sheffield Inclusion Centre (S2)	5721	4291	c|wdI`f|Gb@GB`@AF?BABABABC@A@u@LgAPG@EBEDABGJc@c@EC_A_ACCuAuA{@y@SQg@g@IKGMvAaDFMn@}Ad@gAtA}CBElCkGl@wA@CXo@JWhBkEfEmMBE@ABATA@k@@o@@y@BgA@QJyFJuFDuBD}BFoC?K@k@TUZ]fBeBRS^]BADEFG~BuBrFgFDEFEzCuCv@u@|@_ARQDEDEx@u@^]nAqA\m@~@cBf@aA^m@`@u@h@_AFMDIP[HMDIDKDEb@w@HKd@{@jBkDj@cABFBFj@lAVj@d@`ATf@Tf@@Bl@rAb@~@FL`@~@b@hARl@?BN`@UTu@t@qBjBw@v@eAbAcA~@I[Ke@GUw@_DCGIUOEIAGA?S?O?KCQKc@e@{AIUCGMc@KKGGIGCCEAK?i@~@a@t@_@l@g@`A_AbB]l@oApA_@\y@t@EDEDSP}@~@w@t@{CtCGDEDsFfF_CtBGFEDC@_@\SRgBdB[\UTAj@?JGnCE|BEtBKtFKxFAPCfAAx@An@Aj@U@C@A@CDgElMiBjEKVYn@ABm@vAmCjGCDuA|CuAdDGLwA`DFLHJf@f@RPz@x@tAtABB~@~@DBb@b@FK@CDEDCFA|B_@@ABA@C@C@C?C@GCa@c@F	Click to Generate
S2	20	1			3	East Bank Medical Centre (S2)	The Spires Centre (S2)	Springs Leisure Centre (S2)	1846	1384	kytdI|wwG??DPDV?\IRGLSH@`@B^BbAFrALCH?ZGNCb@Er@I`@G?YEqAC_@mANlAOHpB?XDAl@Ir@KI}@Gy@Em@AICe@C_@Ca@Cg@Ag@Ci@A]?_@AS?KAU?y@?q@?_A?e@@]@e@Bg@BW@]Dm@FaABi@Bc@D}@Bu@D}A@}@?G?Y?]?K?_@?]AQASCYF?FDP\N^WNQH?^?J?\?X?FA|@E|ACt@E|@Cb@Ch@G`AEl@A\CVCf@Ad@A\?d@?~@?N?`@?x@@T?J@R?^p@IJC~@Sx@ODE?G??Cu@UBe@nA_ARKBq@H@\Bh@@f@Bf@yARoBXOBQ@EWEQ??	Click to Generate
S2	30	1			3	Porcelanosa (S2)	Meersbrook Park Church (S2)	Virgin Crucible (S2)	2946	2210	wctdIjw_HEIACE]FYAQDq@BKBQJS[]{@iAMQGRENADECUK_@QGC@Y?G@IDUDQZZl@d@X\dAhANPJJPRPTRZ@BBDDHN^LZZ`A[k@KQIQOUOWWa@EGW[QQ[]{@iAMQg@s@[[IIGEGIOMKIGGOIKEA\GnAKnCALCJEFYn@CD?DAD?B?D@D@DXj@fAzBLZFTDRF`@@^E@C@A?C@EBCDe@p@EDCDCBGFIFEBSFSkCCYCUCOIQIWM]Zk@[j@L\HVHPBNBTVdDOBa@DE?KJIFCBIFEACACCCAAGGQCIEMAGEKEOISQk@]u@oAeDg@kAeAgCi@oAMc@Y_ACMCICCEIEGEGGEa@UaAm@kBiAmAs@MIIIGGIIGMEIOc@EKAKCME]K}@Gc@Ks@ASEc@Ce@T@B?H?XAFAF?REZ?b@Av@A\?V?J@H@D@B@JDHDHHTRTTX\PTPTZd@`@n@f@t@f@t@HLFFDHLNDFBBVXLLFDXPNJNHPLTH\Pd@PHBFBZLz@\\PJDNHFFJHNLFHFDHHZZl@d@X\dAhANPJJEJCFILCHEJKh@ITGXD\@BDH	Click to Generate
S2	45	1			3	Boots (S2)	Broadfield Park (S2)	Virgin Crucible (S2)	3525	2644	wftdI`c`HKR^|@FNRd@g@z@IQmA{Cw@qBEDCDCBGFIFEBSFOBa@DE?KJIFCBIFEACACCCAAGGQCIEMAGEKEOISQk@]u@oAeDg@kAeAgCi@oAMc@Y_ACMCICCEIEGEGGEa@UaAm@kBiAmAs@MIIIGGIIGMEIOc@EKAKCME]K}@Gc@Ks@ASEc@Ce@T@B?H?XAFAF?REZ?b@Av@A\?V?J@H@D@B@JDHDHHTRTTX\PTPTZd@`@n@f@t@f@t@HLFFDHLNDFBBVXLLFDXPNJNHPLTH\Pd@PHBFBZLz@\\PJDNHFFJHNLFHFDHHZZl@d@X\dAhANPJJEJCFILCHEJKh@ITGXIA??AAAAEICEAEUg@BqAD@T^CjAEJ@DHN@@@@??H@FYAQDq@BKBQJS[]{@iAMQg@s@[[IIGEGIOMKIGGOIKEA\GnAKnCALCJEFYn@CD?DAD?B?D@D@DXj@fAzBLZFTDRF`@@^E@C@A?C@EBCDe@p@EDCDCBGFIFEBSFOBa@DE?KJIFCBIF?R@R?JEh@A^Ab@?@EpA?HAHCHAHAFIVEJCHKVKUISCKGMEMCKCMIi@ESESEOGSc@w@GGC[BEHENIPI`@QDC\MJCFCHCDAD?R?P?F?PBD?`@ENCWeDCUCOIQIWM]Zk@[j@L\HVHPBNBTBXRjCRGDCHGFGBCBEDEv@pBlAzCHPf@{@Se@GO_@}@JS	Click to Generate
S2	20	1			3	Boots (S2)	Alam Hill Books (S2)	Meersbrook Park Church (S2)	1675	1256	ihtdIlk_HTRl@d@X\dAhANPJJEJCFILCHEJKh@ITGXIA??AAAAEICEAEUg@BqAD@T^CjAEJ@DHN@@@@??H@FYAQDq@BKBQJS[]{@iAMQg@s@[[IIGEGIOMKIGGOIKE]Q{@]BUXq@Vk@DKj@wAxAiDdC}FHLpAvBiC`GiA~C_@hAY~@K^NLFHFDHHZZl@d@X\dAhANPJJPRPTRZ@BBDDHN^LZZ`A[k@KQIQOUOWWa@EGW[QQ[]{@iAMQg@s@US	Click to Generate
S2	20	1			3	Temple Park Centre (S2)	Manor Park Medical Centre (S2)	Castle View Park (S2)	1839	1379	exwdIhkvGDIF[?SA[Gc@CINWs@aBsAkCEDK@GCGICMAM@M@GDIFEFAHBDHx@gAZc@TSVMRGF?ARGV?p@?I?g@FW@SG?SFWLUR[b@y@fADJ@L?FCLEJEDK@GCGICMAM@M@GDIFEFA??HBDHDJ@L?FCLEJrAjCr@`Bl@bBJSh@{@NUHEHAL?jBb@jA`@zBp@^Lp@T|Ah@l@^Zb@Pb@BH@DHd@Dr@A`AKv@ENe@jAe@aAQUyDq@WGaAOq@a@QSUe@KOa@n@mBxCoAyCoAyCZi@IOLU	Click to Generate
S2	45	1			3	Bronze & Polished (S2)	Sheffield Inclusion Centre (S2)	Leaves (S2)	3066	2300	kyudIthwGrAaCLYRYBCDINUNYJORa@~AwC`ByC|A}C@DHNf@bALZBFPh@Lb@?BH\Jt@Hv@Dh@@JIJMRQ^]r@m@nA@TPvBNjCHhBFjAD|ADlAB~@G?I@MHo@l@k@h@k@h@gAdAa@^WTUTu@t@qBjBw@v@eAbAcA~@I[Ke@GUw@_DCGIUOEIAGA?S?O?KCQKc@e@{AIUCGMc@EQCE?EAGAG?CAI?I@I?I@E@CDIDKDEb@w@HKd@{@jBkDj@cA\q@l@mAvAgCACKSaAuBaA{BK]ESAIGYGk@Cm@Cy@?UF?f@IXEXEr@St@Uj@_@v@_@z@w@FGbAoAHKpBvC??qBwCIJcAnAGF{@v@w@^k@^u@Ts@RYDYDg@HG??TBx@Bl@Fj@FX@HDRJ\`AzB`AtBJR@BsA`C	Click to Generate
S2	15	1			3	Springs Leisure Centre (S2)	The Co-operative Food (S2)	East Bank Medical Centre (S2)	1218	914	crtdIhmwG?`@?x@@T?J@R?^p@IJC~@Sx@ODE?G??Cu@UBe@nA_ARKBq@H@\Bh@@f@Bf@yARoBXOBQ@EWEQ??KKWCGDIHELERAXDVJTLFH@@`@B^BbAFrALCH?ZGNCb@Er@I`@G?YEqAC_@mANlAOHpB?XDAl@Ir@KI}@Gy@Em@AICe@C_@Ca@Cg@Ag@Ci@A]?_@AS?KAU?y@?a@	Click to Generate
S2	15	1			3	International Automatic Cars (S2)	Boots (S2)	Meersbrook Park Church (S2)	1408	1056	wetdI~i_H{AaBY~@K^KIGGOIKE]Q{@]BUXq@Vk@DKPXVd@H@t@aBu@`BIACES_@QYEJWj@Yp@CTz@\\PJDNHFFJHNLFHFDHHZZl@d@X\dAhANPJJEJCFILCHEJKh@ITGXIA??AAAAEICEAEUg@BqAD@T^CjAEJ@DHN@@@@??H@FYAQDq@BKBQJSNMJJPRPTRZ@BBDDHN^LZZ`A[k@KQIQOUOWWa@EGW[QQ[]{@iAMQg@s@[[IIGEGIOMJ_@X_AzA`B	Click to Generate
S2	20	1			3	MJ Dressmaker & Designer (S2)	Broadfield Park (S2)	Virgin Crucible (S2)	1965	1474	qptdIzp`HDe@JHRPRNDDNJ\T\XRPQr@CFAFWtA[zAERMj@AD?B?B?D@B@BJFr@d@FDFDl@wCBONu@XwAQWIKKMKKKKMK??SQ]Y]UOKEESOSQKICCGGCEEIEIEGKUISCKGMEMCKCMIi@ESESEOGSc@w@GGC[BEHENIPI`@QDC\MJCFCHCDAD?R?@NBJ@F?R@R?JEh@A^Ab@?@EpA?HAHCHAHAFIVEJCHKVKUISCKGMEMCKCMIi@ESESEOGSc@w@GGC[BEHENIPI`@QDC\MJCFCHCDAD?R?P?F?PBD?`@ENCSkCCYCUCOIQIWM]Zk@[j@L\HVHPBNBTVdDOBa@DE?KJIFCBIF?R@R?JEh@A^Ad@EpA?`A?f@?L?P?JBVRPRNDDNJ\TPcA@I`@wB@GAFa@vBAHQbA]UOKEESOSQKIEd@	Click to Generate
S2	20	1			3	Broadfield Park (S2)	Virgin Crucible (S2)	The Hardy Pick (S2)	1729	1297	untdIbq`HAASOSQKICCGGCEEIEIEGKUISCKGMEMCKCMIi@ESESEOGSc@w@GGC[BEHENIPI`@QDC\MJCFCHCDAD?R?@NBJ@F?R@R?JEh@A^Ab@?@EpA?HAHCHAHAFIVEJCHKVKUISCKGMEMCKCMIi@ESESEOGSc@w@GGC[BEHENIPI`@QDC\MJCFCHCDAD?R?P?F?PBD?`@ENCWeDCUCOIQIWM]Zk@[j@L\HVHPBNBTBXRjCRGDCHGFGBCBEDEv@pBlAzCHPf@{@Se@GO_@}@JSV_@c@r@^|@FNRd@g@z@IQmA{Cw@qBEDCDCBGFIFEBSFOBa@DE?KJIFCBIF?R@R?JEh@A^Ad@EpA?`A?f@?L?P?JBVRPRN@@	Click to Generate
S2	30	1			3	Kwik Fit (S2)	Leaves (S2)	Windy House Lane Pocket Park (S2)	2300	1725	gsudIh_wGCD_@p@OXOTEHCBSXMXwAfCm@lA]p@k@bAkBjDe@z@CEEIk@mAj@lADHBDd@{@jBkDj@cA\q@l@mAdAkBP[ACKSaAuBaA{BK]ESAIGYGk@Cm@Cy@?UF?f@IXEXEr@St@Uj@_@v@_@z@w@FGbAoAHKpBvC??qBwCm@q@A?u@y@{A}AOOELCFCBg@^AGGW??FV@Ff@_@BCBGDMNNzA|At@x@@?l@p@IJcAnAGF{@v@w@^k@^u@Ts@RYDYDg@HG??TBx@Bl@Fj@FX@HDRJ\`AzB`AtBJR@BLYRYBCDINUNY^q@BE	Click to Generate
S2	20	1			3	Temple Park Centre (S2)	Manor Park Medical Centre (S2)	Castle View Park (S2)	1839	1379	axwdItgvG?ECINWs@aBsAkCEDK@GCGICMAM@M@GDIFEFAHBDHx@gAZc@TSVMRGF?ARGV?p@?I?g@FW@SG?SFWLUR[b@y@fADJ@L?FCLEJEDK@GCGICMAM@M@GDIFEFA??HBDHDJ@L?FCLEJrAjCr@`Bl@bBJSh@{@NUHEHAL?jBb@jA`@zBp@^Lp@T|Ah@l@^Zb@Pb@BH@DHd@Dr@A`AKv@ENe@jAe@aAQUyDq@WGaAOq@a@QSUe@KOa@n@mBxCoAyCoAyCZi@IOR_@F[?SA[G]	Click to Generate
S2	45	1			3	Kingdom Hall of Jehovah's Witnesses (S2)	I Said Bread (S2)	Meersbrook Park (S2)	3633	2725	}`tdIvm~G_AvB]z@_FfLeA_BdA~AfC_GvAgD\{@tC{GE[IcFImDS@u@@EEKmIVCn@ED?F?zBO?FJtGnBKF~CxC{@rC_A`@Kz@Ad@F~Ad@T?Nt@dAnFBPDZRjDMHILMl@CXEn@@pA?fD?V?^CRo@tDMdAIv@KA_@DuDb@HmA??IlAEHMrBGxAAlABnDDtBD~@Bx@wAbAcA`AEDST{@|@c@d@kAhAMPCIQk@CKEKKe@CGGSEMW}@w@iC[_A[k@KQIQOUOWWa@EGW[QQ[]{@iAMQg@s@[[IIGEGIOMKIGGOIKE]Q{@]BUXq@Vk@DKj@wA~EgL\{@~@wB	Click to Generate
S2	45	1			3	Broadfield Park (S2)	The Hardy Pick (S2)	Boots (S2)	3409	2557	mmtdId}_HRjCOBa@DE?KJIFCBIF?R@R?JEh@A^Ab@?@EpA?HAHCHAHAFIVEJCHKVKUISCKGMEMCKCMIi@ESESEOGSc@w@GGC[BEHENIPI`@QDC\MJCFCHCDAD?R?P?F?PBD?`@ENCRGDCHGFGBCBEDEv@pBlAzCHPf@{@Se@GO_@}@JSV_@c@r@^|@FNRd@g@z@IQmA{Cw@qBEDCDCBGFIFEBSFOBa@DE?KJIFCBIFEACACCCAAGGQCIEMAGEKEOISQk@]u@oAeDg@kAeAgCi@oAMc@Y_ACMCICCEIEGEGGEa@UaAm@kBiAmAs@MIIIGGIIGMEIOc@EKAKCME]K}@Gc@Ks@ASEc@Ce@T@B?H?XAFAF?REZ?b@Av@A\?V?J@H@D@B@JDHDHHTRTTX\PTPTZd@`@n@f@t@f@t@HLFFDHLNDFBBVXLLFDXPNJNHPLTH\Pd@PHBFBZLz@\\PJDNHFFJHNLFHFDHHZZl@d@X\dAhANPJJEJCFILCHEJKh@ITGXIA??AAAAEICEAEUg@BqAD@T^CjAEJ@DHN@@@@??H@FYAQDq@BKBQJS[]{@iAMQg@s@[[IIGEGIOMKIGGOIKEA\GnAKnCALCJEFYn@CD?DAD?B?D@D@DXj@fAzBLZFTDRF`@@^E@C@A?C@EBCDe@p@EDCDCBGFIFEBSFSkC	Click to Generate
S2	30	1			3	Gleadless Medical Centre (S2)	Terry Wright Community Hall (S2)	Pizza City (S2)	2388	1791	qbtdIrezG??KNILSZOXCDGHADOZA@CFGHMRKPKRADHNZl@??[m@IO@EJSJQLSFIBG@AN[@EFIBENYR[HMJOTUPOhBaBLKJMJMIS?C?G@M??j@y@BCZi@LKH??L@H@Jg@r@QXCBa@j@KLKLMJiB`BQNUTKNILSZOXCDGHADOZA@CFGHMRKPKRADMVCFITEHCLKIGGEGGGQKMIm@YIAFu@HsA?IBe@@OEQMIK?a@NK@KEGKGOAS?C?WJo@@KPy@Py@H]@GLm@VqADSBKJw@@IAUCQIMICEAQHYTSRQRGDGFIBEA[EBc@J{AFeAF_A@[B[By@@WfATB_@C^gAUAVCx@Ev@G~@GdAKzACb@Gz@?FIfAGt@E`@Kz@EZEXG\Sz@Qv@Wx@Od@MXGNMXSd@EHGHMVHR@BBBHDJ?F?FC`B]r@On@OVGFAF?F?F?PD`@LH@l@XLHPJRAFAH?DCHCBGLW@EJSJQLSFIBG@AN[@EFIBENYR[HMJO	Click to Generate
S2	30	1			3	Singh's (S2)	Leaves (S2)	UBU (S2)	2375	1781	cwudIlevGFV@Ff@_@BCBGDM_EkEu@w@CFCFGJEDGDEBE@I@EAGAECEEGGEKIWE]?Q@QF[JWHIJGHCP@LBDDDHDNHZ@N@NAJAL?BETZ\XX~DjENNzA|At@x@@?l@p@pBvC??qBwCIJcAnAGF{@v@w@^k@^u@Ts@RYDYDg@HG??TBx@Bl@Fj@FX@HDRJ\`AzB`AtBJR@BLYRYBCDINUNY^q@BEzAqC`ByC|A}C^q@`AgB`AmBVo@Xw@L[d@y@@E@E?C@E?E?G?E?C?EAC?A?EAEAEAGCEAEEG[SmBkA_BcAsA}@UQGXS|@u@rBq@jAy@jAc@f@INCHOOELCFCBg@^AGGW	Click to Generate
S2	20	1			3	I Said Bread (S2)	74th Oak Street Scout Group (S2)	Carfield Primary School (S2)	1464	1098	o}sdIbp}Gw@FG?LxIS@u@@EEKmIVCEmCCsBAq@AKv@EJ~HF?zBO?FJtGnBKKsG?GjAKAk@@i@E_BCoBHnEAh@@j@kAJ?FJrGoBJKuG?GcAF	Click to Generate
S2	30	1			3	Sheffield Animal Centre (S2)	Highfield Motors (S2)	Diocese of Hallam Pastoral Centre (S2)	2679	2009	utzdIprvGOAGS?]@WMMe@[PmA@EF]Lq@\cAL]LFHF`AdAp@r@NFl@^d@^r@bAxFbGCn@Qd@_AhACDWb@Yz@a@`BOHK@k@EMBGFEFCPALAp@?JAHAHAHCBAFEHe@WmAo@AAKGyBmAqEiC[QOAM?KAKAQAM@SFURa@`@IHa@d@q@p@S\EDWVDNb@nBBHHd@XtAKXEGCEWZEMIQ??CFEJBHBPBR?p@Ib@_AbDXXRNDBZXJ^?^?RE~AbBPH@n@JHBZDEg@K_BAKASOmBm@sC_AaEYuAIe@CIc@oBEOK[BIBCPENEREp@q@`@e@HI`@a@TSHSL_@DGHQBGNM@CFQDQJc@He@l@cDHg@`@_CFc@Pu@^qAXZTPNLMp@G\ADQlAd@ZLLAV?\FRN@	Click to Generate
S2	20	1			3	East Bank Medical Centre (S2)	The Spires Centre (S2)	Springs Leisure Centre (S2)	1882	1412	e{tdIdxwGADERAXDVJTLFH@@`@B^BbAFrALCH?ZGNCb@Er@I`@G?YEqAC_@mANlAOHpB?XDAl@Ir@KI}@Gy@Em@AICe@C_@Ca@Cg@Ag@Ci@A]?_@AS?KAU?y@?q@?_A?e@@]@e@Bg@BW@]Dm@FaABi@Bc@D}@Bu@D}A@}@?G?Y?]?K?_@?]AQASCYF?FDP\N^WNQH?^?J?\?X?FA|@E|ACt@E|@Cb@Ch@G`AEl@A\CVCf@Ad@A\?d@?~@?N?`@?x@@T?J@R?^p@IJC~@Sx@ODE?G??Cu@UBe@nA_ARKBq@H@\Bh@@f@Bf@yARoBXOBQ@EWEQKKWCGDIHCF	Click to Generate
S2	30	1			3	Nether Edge Primary School (S2)	Broadfield Park (S2)	Virgin Crucible (S2)	2342	1756	{wtdIfkaHF[TkANq@`@_CFc@d@uE^aEL_BFi@BM?EBG@EN]DFDHDHBDFFBBJHRPRNDDNJ\T\XRPQr@CFAFUhAAJ[zAERMj@AD?B?B?D@B@BJFr@d@FDFDl@wCBONu@XwAQWIKKMKKKKMKSQ]Y]UOKEESOSQKICCGGCEEIEIEGKUISCKGMEMCKCMIi@ESESEOGSc@w@GGC[BEHENIPI`@QDC\MJCFCHCDAD?R?@NBJ@F?R@R?JEh@A^Ab@?@EpA?HAHCHAHAFIVEJCHKVKUISCKGMEMCKCMIi@ESESEOGSc@w@GGC[BEHENIPI`@QDC\MJCFCHCDAD?R?P?F?PBD?`@ENCSkCCYCUCOIQIWM]Zk@[j@L\HVHPBNBTVdDOBa@DE?KJIFCBIF?R@R?JEh@A^Ad@EpA?HAHCHAHAFIVEJCHKVO\ADCF?DCLGh@M~A_@`Ee@tEGb@a@~BOp@UjAGZ	Click to Generate
S2	30	1			3	Windy House Lane Pocket Park (S2)	UBU (S2)	Leaves (S2)	2455	1841	_~udIv`vGCyAI@EAGAECEEGGEKIWE]?Q@QF[JWHIJGHCP@LBDDDHDNHZ@N@NAJAL?BETt@v@~DjEELCFCBg@^AGGW??FV@Ff@_@BCBGDMNNzA|At@x@@?l@p@IJcAnAGF{@v@w@^k@^u@Ts@RYDYDg@HG??TBx@Bl@Fj@FX@HDRJ\`AzB`AtBJR@BLYRYBCDINUNY^q@BEzAqC`ByC|A}C^q@`AgB`AmBVo@Xw@L[d@y@@E@E?C@E?E?G?E?C?EAC?A?EAEAEAGCEAEEG[SmBkAGT]xAENa@jAq@|ASb@Q\_@r@q@z@pBvC??qBwCm@q@A?u@y@{A}AOO_EkEu@w@CFCFGJEDGDEBE@BxA	Click to Generate
S2	45	1			3	Gleadless Medical Centre (S2)	Pizza City (S2)	Arbourthorne Community Primary School (S2)	3283	2462	gbtdIp~yGh@iABCTe@f@aAP]h@eAHKLKBCTAF@JFHLHRDX@\?Z@RA\?H?J?L@H@Jg@r@QXCBa@j@KLKLMJiB`BQNUTKNILSZOXCDGHADOZA@CFGHMRKPKRADHNZl@??[m@IOMVCFITEHCLKIGGEGGGQKMIm@YIAFu@HsA?IBe@@OEQMIK?a@NK@KEGKGOAS?C?WJo@@KPy@Py@H]@GLm@VqADSBKJw@@IAUCQIMICEAQHYTSRQRGDGFIBEA[EBc@J{AFeAF_A@[B[By@@WBw@@m@Bo@@i@@g@@e@?G?M?O@c@G@MFa@Po@\aAj@a@VSLYPiBpAg@\e@\}@r@y@n@EBPbBJ|@D^Lr@Lp@BLFXDJJKHGFADDDJBFFFBAtAy@??uAx@C@GGCGEKEEG@IFKJFRJ\BDFNLZNRPZZ^LJJHRRNJh@b@h@\j@\TL^RSz@Qv@Wx@Od@MXGNMXSd@EHGHMVHR@BBBHDJ?F?FC`B]r@On@OVGFAF?F?F?PD`@LH@l@XLHPJRAFAH?DCHCBGLW@EJSJQLSFIBG@AN[@EFIBENYR[HMJOTUPOhBaBLKJMJM`@k@BCPYf@s@AKAI?M?K?I@]AS?[A]EYISIMKGGAU@CBMJIJi@dAQ\g@`AUd@CBi@hA	Click to Generate
S2	20	1			3	Wobbly Wheel Cyclery (S2)	Meersbrook Service Station (S2)	I Said Bread (S2)	2057	1543	oatdInh}GBrBDlCn@ED?F?v@GbAG?FJtGnBKKsG?GOqKCK@_@@WAIAIoGeAa@GDWEkAAOHmBN}@RyAFUJ]hB\~Bb@rBjFQDqDo@qEw@IlBFzAEV`@FZ`CFfCJ~HLxIS@u@@EEKmIVCEmCCsB	Click to Generate
S2	45	1			3	The Hardy Pick (S2)	Virgin Crucible (S2)	Boots (S2)	3743	2807	yltdIbq`HId@]UOKEESOSQKICCGGCEEIEIEGKUISCKGMEMCKCMIi@ESESEOGSc@w@GGC[BEHENIPI`@QDC\MJCFCHCDAD?R?P?F?PBD?`@ENCRGDCHGFGBCBEDEv@pBlAzCHPf@{@Se@GO_@}@JSV_@c@r@^|@FNRd@g@z@IQmA{Cw@qBEDCDCBGFIFEBSFSkCCYCUCOIQIWM]Zk@[j@L\HVHPBNBTVdDOBa@DE?KJIFCBIFEACACCCAAGGQCIEMAGEKEOISQk@]u@oAeDg@kAeAgCi@oAMc@Y_ACMCICCEIEGEGGEa@UaAm@kBiAmAs@MIIIGGIIGMEIOc@EKAKCME]K}@Gc@Ks@ASEc@Ce@T@B?H?XAFAF?REZ?b@Av@A\?V?J@H@D@B@JDHDHHTRTTX\PTPTZd@`@n@f@t@f@t@HLFFDHLNDFBBVXLLFDXPNJNHPLTH\Pd@PHBFBZLz@\\PJDNHFFJHNLFHFDHHZZl@d@X\dAhANPJJEJCFILCHEJKh@ITGXIA??AAAAEICEAEUg@BqAD@T^CjAEJ@DHN@@@@??H@FYAQDq@BKBQJS[]{@iAMQg@s@[[IIGEGIOMKIGGOIKEA\GnAKnCALCJEFYn@CD?DAD?B?D@D@DXj@fAzBLZFTDRF`@@^E@C@A?C@EBCDe@p@EDCDCBGFIFEBSFOBa@DE?KJIFCBIF?R@R?JEh@A^Ad@EpA?`A?f@?L?P?JBVRPRNDDNJ\THe@	Click to Generate
S2	20	1			3	International Automatic Cars (S2)	Casa Italia (S2)	Valley Road Garage (S2)	1542	1156	ahtdIh{~GyAhDk@vAPXVd@H@t@aBu@`BIACES_@QYEJWj@Yp@CTz@\\PJDNHFFJHNLFHFDHHZZPNZTELg@s@[[IIGEGIOMJ_@X_A^iAhA_DhCaGfAeCjBgElCmGEcBmBHuBvEuAbD_AvB]z@eC|F	Click to Generate
S2	30	1			3	Leaves (S2)	Windy House Lane Pocket Park (S2)	UBU (S2)	2605	1954	ududI|gvGQXVo@Xw@L[d@y@@E@E?C@E?E?G?E?C?EAC?A?EAEAEAGCEAEEG[SmBkAGT]xAENa@jAq@|ASb@Q\_@r@q@z@pBvC??qBwCm@q@A?u@y@{A}AOOELCFCBg@^AGGW??FV@Ff@_@BCBGDMNNzA|At@x@@?l@p@IJcAnAGF{@v@w@^k@^u@Ts@RYDYDg@HG??TBx@Bl@Fj@FX@HDRJ\`AzB`AtBJR@BLYRYBCDINUNY^q@BEzAqC`ByC|A}C^q@`AgB`AmBVo@Xw@L[d@y@Ra@DIJUHOJSJQ`@_AN]FSTw@DOP_ABONYJg@DUDUBE@CBAB?B?D?D@DD^|@Tn@N\Rl@Jd@@HAd@ATCNENENGVGTEPKRi@F_@DODM@{@FWTO@]BK@GBC@IDGBIHEDEDABCBuAbC	Click to Generate
S2	30	1			3	Best Pizza (S2)	Leaves (S2)	Windy House Lane Pocket Park (S2)	2152	1614	ivudI|cwGMTwAfCm@lA]p@k@bAkBjDe@z@CEEIk@mAj@lADHBDd@{@jBkDj@cA\q@N[\q@vAgCACKSaAuBaA{BK]ESAIGYGk@Cm@Cy@?UF?f@IXEXEr@St@Uj@_@v@_@z@w@FGbAoAHKpBvC??qBwCm@q@A?u@y@{A}AOOELCFCBg@^AGGW??FV@Ff@_@BCBGDMNNzA|At@x@@?l@p@IJcAnAGF{@v@w@^k@^u@Ts@RYDYDg@HG??TBx@Bl@Fj@FX@HDRJ\`AzB`AtBJR@BLU	Click to Generate
S2	20	1			3	Ideal Hairdresser (S2)	The Hardy Pick (S2)	Virgin Crucible (S2)	1525	1144	kjtdIxt`H??KKKKMKSQ]Y]UOKEESOAAQOKICCGGCEEIEIEGKUISCKGMEMCKCMIi@ESESEOGSc@w@GGC[BEHENIPI`@QDC\MJCFCHCDAD?R?P?F?PBD?`@ENCRGDCHGFGBCBEDEv@pBlAzCHPf@{@Se@GO_@}@JSV_@c@r@^|@FNRd@g@z@IQmA{Cw@qBEDCDCBGFIFEBSFSkCCYCUCOIQIWM]Zk@[j@L\HVHPBNBTVdDOBa@DE?KJIFCBIF?R@R?JEh@A^Ad@EpA?`A?f@?L?P?JBVRPRNDDNJ\T\XRPLJJJJJ??	Click to Generate
S2	15	1			3	The Bhaji Shack (S2)	Boots (S2)	Meersbrook Park Church (S2)	1148	861	gftdIdm_H@@ELg@s@[[IIGEGIOMKIGGOIKEA\GnALBMCFoA@]@?HDNHFFJHNLFHFDHHZZl@d@X\dAhANPJJEJCFILCHEJKh@ITGXIA??AAAAEICEAEUg@BqAD@T^CjAEJ@DHN@@@@??H@FYAQDq@BKBQJSNMJJPRPTRZ@BBDDHN^LZZ`A[k@KQIQOUOWWa@EGW[QQ[]{@iAMQGRENAD?DAHAJAt@AP?R_AKECCC?C?CLaC@Y?G@IDUDQZZj@b@	Click to Generate
S2	45	1			3	Pizza City (S2)	Newfield Green Dental Surgery (S2)	Momma Katz (S2)	3524	2643	uxtdIvtyGuAx@C@GGCGEKEEG@IFKJEKGYCMMq@Ms@E_@K}@QcBDCx@o@|@s@d@]f@]hBqAXQRM`@W`Ak@n@]`@QLGFAAb@?N?L?FAd@Af@Ah@Cn@Al@Cv@AVCx@CZAZG~@GdAKzACb@Gz@?FIfAGt@E`@Kz@EZEXG\Sz@Qv@Wx@Od@MXGNMXSd@EHGHMVHR@BBBHDJ?F?FC`B]r@On@OVGFAF?F?F?PD`@LH@l@XLHPJRAD?@AH?DCHCBGLW@EJSJQLSFIBG@AN[@EFIBENYR[HMJOTUPOhBaBLKJMJM`@k@BCPYf@s@AKAI?M?K?I@]AS?[A]EYISIMKGGAU@CBMJIJi@dAQ\g@`AUd@CBcAvBA?dAwBBCTe@f@aAP]h@eAHKLKBCTAF@JFHLHRDX@\?Z@RA\?H?J?L@H@Jg@r@QXCBa@j@KLKLMJiB`BQNUTKNILSZOXCDGHADOZA@CFGHMRKPKRADMVCFITEHCLKIGGEGGGQKMIm@YIAFu@HsA?IBe@@OEQMIK?a@NK@KEGKGOAS?C?WJo@@KPy@Py@H]@GLm@VqADSBKJw@@IAUCQIMICEAQHYTSRQRGDGFIBEA[EGz@?FIfAGt@E`@Kz@EZEXG\_@SUMk@]i@]i@c@OKSSKIMK[_@Q[OSM[GOCEK]GSJKHGFADDDJBFFFBAtAy@	Click to Generate
S2	20	1			3	East Bank Medical Centre (S2)	The Spires Centre (S2)	Springs Leisure Centre (S2)	1882	1412	}ztdIxwwGCBELERAXDVJTLFH@@`@B^BbAFrALCH?ZGNCb@Er@I`@G?YEqAC_@mANlAOHpB?XDAl@Ir@KI}@Gy@Em@AICe@C_@Ca@Cg@Ag@Ci@A]?_@AS?KAU?y@?q@?_A?e@@]@e@Bg@BW@]Dm@FaABi@Bc@D}@Bu@D}A@}@?G?Y?]?K?_@?]AQASCYF?FDP\N^WNQH?^?J?\?X?FA|@E|ACt@E|@Cb@Ch@G`AEl@A\CVCf@Ad@A\?d@?~@?N?`@?x@@T?J@R?^p@IJC~@Sx@ODE?G??Cu@UBe@nA_ARKBq@H@\Bh@@f@Bf@yARoBXOBQ@EWEQKKWCGDED	Click to Generate
S2	60	1			3	St Swithun (S2)	No.1 Chinese Takeaway (S2)	Windy House Lane Pocket Park (S2)	4617	3463	gnvdIphuG]n@Yo@Zq@Zq@Qa@CCCG\w@f@iABG?ABOTL`DvAHB@IBGBEDAF@BB@BBF@F?FAFADFDb@Vl@`@^XLLHJTb@Ph@Jj@FpAD~BL`E?RP@LBDDDHDNHZ@N@NAJAL?BETCFCFGJEDGDEBE@I@EAGAECEEGGEKIWE]a@JcB^_ATYHJkDd@oCBKeBkBaAeAEEGIGLKJEDMFa@@S@UBUH}@f@k@d@MJa@\e@n@i@t@OTaAlBe@z@e@x@SLUHQ?SEOGOGWOECeCwAiBcAa@a@U[S]GI~@mB\q@Vg@Cm@LWP_@ZHFM\o@NYv@{A`BkDfB_DFIHOb@}@NWx@{AFOBEDGTe@jAaCnA}BpAmCNWN[Zk@dCQb@E`@?T?V@D@dAVx@d@f@\DDLLVZT^`@r@Xl@Xr@Nh@Hd@H^Hb@Fh@Fl@BN?HDp@\xDVpC?JDf@Hz@J`AFf@Jf@Jh@^rABJFRZt@\r@FJb@j@b@d@lAx@Ob@GXS|@u@rBq@jAy@jAc@f@INCHOOELCFCBg@^AGGW??FV@Ff@_@BCBGDM_EkEu@w@CFCFGJEDGDEBE@I@EAGAECEEGGEKIWE]?Q@QF[JWHIJGHC?SMaEE_CGqAKk@Qi@Uc@IKMM_@Ym@a@c@WGEAFEBC@E?ECCCCG?I?IICaDwAUMCN?@CFg@hA]v@BFBBP`@[p@[p@Xn@\o@	Click to Generate
S2	20	1			3	Jaan Kebab House (S2)	The Hardy Pick (S2)	Virgin Crucible (S2)	1516	1137	qjtdIrt`HEEKKMKSQ]Y]UOKEESOGGKIKICCGGCEEIEIEGKUISCKGMEMCKCMIi@ESESEOGSc@w@GGC[BEHENIPI`@QDC\MJCFCHCDAD?R?P?F?PBD?`@ENCRGDCHGFGBCBEDEv@pBlAzCHPf@{@Se@GO_@}@JSV_@c@r@^|@FNRd@g@z@IQmA{Cw@qBEDCDCBGFIFEBSFSkCCYCUCOIQIWM]Zk@[j@L\HVHPBNBTVdDOBa@DE?KJIFCBIF?R@R?JEh@A^Ad@EpA?`A?f@?L?P?JBVRPRNDDNJ\T\XRPLJJJDD	Click to Generate
S2	20	1			3	Leaves (S2)	Windy House Lane Pocket Park (S2)	UBU (S2)	1867	1400	geudIzhvG?CVo@Xw@L[d@y@@E@E?C@E?E?G?E?C?EAC?A?EAEAEAGCEAEEG[SmBkAGT]xAENa@jAq@|ASb@Q\_@r@q@z@pBvC??qBwCm@q@A?u@y@{A}AOOELCFCBg@^AGGW??FV@Ff@_@BCBGDMNNzA|At@x@@?l@p@IJcAnAGF{@v@w@^k@^u@Ts@RYDYDg@HG??TBx@Bl@Fj@FX@HDRJ\`AzB`AtBJR@BLYRYBCDINUNY^q@BEzAqC`ByC|A}C^q@`AgB`AiB	Click to Generate
S2	30	1			3	Nether Edge Primary School (S2)	Broadfield Park (S2)	Virgin Crucible (S2)	2491	1868	_ztdIfqaHDQBKL_@J]BKFWPw@Hc@TkANq@`@_CFc@d@uE^aEL_BFi@BM?EBG@EN]DFDHDHBDFFBBJHRPRNDDNJ\T\XRPQr@CFAFUhAAJ[zAERMj@AD?B?B?D@B@BJFr@d@FDFDl@wCBONu@XwAQWIKKMKKKKMKSQ]Y]UOKEESOSQKICCGGCEEIEIEGKUISCKGMEMCKCMIi@ESESEOGSc@w@GGC[BEHENIPI`@QDC\MJCFCHCDAD?R?@NBJ@F?R@R?JEh@A^Ab@?@EpA?HAHCHAHAFIVEJCHKVKUISCKGMEMCKCMIi@ESESEOGSc@w@GGC[BEHENIPI`@QDC\MJCFCHCDAD?R?P?F?PBD?`@ENCSkCCYCUCOIQIWM]Zk@[j@L\HVHPBNBTVdDOBa@DE?KJIFCBIF?R@R?JEh@A^Ad@EpA?HAHCHAHAFIVEJCHKVO\ADCF?DCLGh@M~A_@`Ee@tEGb@a@~BOp@UjAIb@Qv@GVCJK\M^CJEP	Click to Generate
S2	30	1			3	Alberts (S2)	Sheffield Inclusion Centre (S2)	Leaves (S2)	2749	2062	mzudIljwG\q@vAgCLYRYBCDINUNY@DBDFPXf@?JKRE@Ym@ESCGACOTEHCBSX?BMTwAfCm@lA]p@BFBFj@lAVj@d@`ATf@Tf@@Bl@rAb@~@FL`@~@b@hARl@?BN`@UTu@t@qBjBw@v@eAbAcA~@I[Ke@GUw@_DCGIUOEIAGA?S?O?KCQKc@e@{AIUCGMc@EQCE?EAGAG?CAI?I@I?I@E@CDIDKDEb@w@HKd@{@jBkDj@cA\q@l@mAvAgCACKSaAuBaA{BK]ESAIGYGk@Cm@Cy@?UF?f@IXEXEr@St@Uj@_@v@_@z@w@FGbAoAHKpBvC??qBwCIJcAnAGF{@v@w@^k@^u@Ts@RYDYDg@HG??TBx@Bl@Fj@FX@HDRJ\`AzB`AtBJR@BwAfC]p@	Click to Generate
S2	45	1			3	Boots (S2)	Virgin Crucible (S2)	Meersbrook Park Church (S2)	3132	2349	citdInn_HBU@Y?G@IDUDQZZl@d@X\dAhANPJJEJCFILCHEJKh@ITGXIA??AAAAEICEAEUg@BqAD@T^CjAEJ@DHN@@@@??H@FYAQDq@BKBQJS[]{@iAMQg@s@[[IIGEGIOMKIGGOIKEA\GnAKnCALCJEFYn@CD?DAD?B?D@D@DXj@fAzBLZFTDRF`@@^E@C@A?C@EBCDe@p@EDCDCBGFIFEBSFSkCCYCUCOIQIWM]Zk@[j@L\HVHPBNBTVdDOBa@DE?KJIFCBIFEACACCCAAGGQCIEMAGEKEOISQk@]u@oAeDg@kAeAgCi@oAMc@Y_ACMCICCEIEGEGGEa@UaAm@kBiAmAs@MIIIGGIIGMEIOc@EKAKCME]K}@Gc@Ks@ASEc@Ce@T@B?H?XAFAF?REZ?b@Av@A\?V?J@H@D@B@JDHDHHTRTTX\PTPTZd@`@n@f@t@f@t@HLFFDHLNDFBBVXLLFDXPNJNHPLTH\Pd@PHBFBZLz@\\PJDNHFFJHNLFHFDHHZZl@d@X\dAhANPJJPRPTRZ@BBDDHN^LZZ`A[k@KQIQOUOWWa@EGW[QQ[]{@iAMQGRENAD?DAHAJAt@AP?R_AKECCC?C?CHkB	Click to Generate
S2	30	1			3	The Hardy Pick (S2)	Another Level (S2)	Meersbrook Park Church (S2)	2851	2138	ydtdInu_HDH@@@@??H@FYAQDq@BKBQJS[]{@iAMQg@s@[[IIGEGIOMKIGGOIKEA\GnAKnCALCJEFYn@CD?DAD?B?D@D@DXj@fAzBLZFTDRF`@@^E@C@A?C@EBCDe@p@v@pBlAzCHPf@{@Se@GO_@}@JSV_@c@r@^|@FNRd@g@z@IQmA{Cw@qBEDCDCBGFIFEBSFOBa@DE?KJIFCBIFEACACCCAAGGQCIEMAGEKEOISQk@]u@oAeDg@kAeAgCi@oAMc@Y_ACMCICCEIEGEGGEa@UaAm@kBiAmAs@MIIIGGIIGMEIOc@EKAKCME]K}@Gc@Ks@ASEc@Ce@T@B?H?XAFAF?REZ?b@Av@A\?V?J@H@D@B@JDHDHHTRTTX\PTPTZd@`@n@f@t@f@t@HLFFDHLNDFBBVXLLFDXPNJNHPLTH\Pd@PHBFBZLz@\\PJDNHFFJHNLFHFDHHZZj@b@@@X\dAhANPJJPRPTRZ@BBDDHN^LZZ`A[k@KQIQOUOWWa@EGW[ILCHEJKh@ITGXIA??AAAAEI	Click to Generate
S2	20	1			3	Curry Master (S2)	Broadfield Park (S2)	Virgin Crucible (S2)	1969	1477	qptdI~p`HDi@JHRPRNDDNJ\T\XRPQr@CFAFWtA[zAERMj@AD?B?B?D@B@BJFr@d@FDFDl@wCBONu@XwAQWIKKMKK??KKMKSQ]Y]UOKEESOSQKICCGGCEEIEIEGKUISCKGMEMCKCMIi@ESESEOGSc@w@GGC[BEHENIPI`@QDC\MJCFCHCDAD?R?@NBJ@F?R@R?JEh@A^Ab@?@EpA?HAHCHAHAFIVEJCHKVKUISCKGMEMCKCMIi@ESESEOGSc@w@GGC[BEHENIPI`@QDC\MJCFCHCDAD?R?P?F?PBD?`@ENCSkCCYCUCOIQIWM]Zk@[j@L\HVHPBNBTVdDOBa@DE?KJIFCBIF?R@R?JEh@A^Ad@EpA?`A?f@?L?P?JBVRPRNDDNJ\TPcA@I`@wB@GAFa@vBAHQbA]UOKEESOSQKIEh@	Click to Generate
S2	20	1			3	Tuck News (S2)	Virgin Crucible (S2)	The Hardy Pick (S2)	1565	1174	}otdI|g`H?@EpA?`A?f@?L?P?JBVRPRN@@BBNJ\TPcA@I`@wB@GAFa@vBAHQbA]UOKEESOSQKICCGGCEEIEIEGKUISCKGMEMCKCMIi@ESESEOGSc@w@GGC[BEHENIPI`@QDC\MJCFCHCDAD?R?P?F?PBD?`@ENCWeDCUCOIQIWM]Zk@[j@L\HVHPBNBTBXRjCRGDCHGFGBCBEDEv@pBlAzCHPf@{@Se@GO_@}@JSV_@c@r@^|@FNRd@g@z@IQmA{Cw@qBEDCDCBGFIFEBSFOBa@DE?KJIFCBIF?R@R?JEh@A^Ab@	Click to Generate
S2	30	1			3	Caribbean Fusion (S2)	Leaves (S2)	Windy House Lane Pocket Park (S2)	2262	1696	_tudIp`wGKNOXOTEHCBSXMXwAfCm@lA]p@k@bAkBjDe@z@CEEIk@mAj@lADHBDd@{@jBkDj@cA\q@l@mAHOlAwBACKSaAuBaA{BK]ESAIGYGk@Cm@Cy@?UF?f@IXEXEr@St@Uj@_@v@_@z@w@FGbAoAHKpBvC??qBwCm@q@A?u@y@{A}AOOELCFCBg@^AGGW??FV@Ff@_@BCBGDMNNzA|At@x@@?l@p@IJcAnAGF{@v@w@^k@^u@Ts@RYDYDg@HG??TBx@Bl@Fj@FX@HDRJ\`AzB`AtBJR@BLYRYBCDINUNYJO	Click to Generate
S2	45	1			3	Virgin Crucible (S2)	The Hardy Pick (S2)	Boots (S2)	3656	2742	sntdIbq`HCASOSQKICCGGCEEIEIEGKUISCKGMEMCKCMIi@ESESEOGSc@w@GGC[BEHENIPI`@QDC\MJCFCHCDAD?R?P?F?PBD?`@ENCWeDCUCOIQIWM]Zk@[j@L\HVHPBNBTBXRjCRGDCHGFGBCBEDEv@pBlAzCHPf@{@Se@GO_@}@JSV_@c@r@^|@FNRd@g@z@IQmA{Cw@qBEDCDCBGFIFEBSFOBa@DE?KJIFCBIFEACACCCAAGGQCIEMAGEKEOISQk@]u@oAeDg@kAeAgCi@oAMc@Y_ACMCICCEIEGEGGEa@UaAm@kBiAmAs@MIIIGGIIGMEIOc@EKAKCME]K}@Gc@Ks@ASEc@Ce@T@B?H?XAFAF?REZ?b@Av@A\?V?J@H@D@B@JDHDHHTRTTX\PTPTZd@`@n@f@t@f@t@HLFFDHLNDFBBVXLLFDXPNJNHPLTH\Pd@PHBFBZLz@\\PJDNHFFJHNLFHFDHHZZl@d@X\dAhANPJJEJCFILCHEJKh@ITGXIA??AAAAEICEAEUg@BqAD@T^CjAEJ@DHN@@@@??H@FYAQDq@BKBQJS[]{@iAMQg@s@[[IIGEGIOMKIGGOIKEA\GnAKnCALCJEFYn@CD?DAD?B?D@D@DXj@fAzBLZFTDRF`@@^E@C@A?C@EBCDe@p@EDCDCBGFIFEBSFOBa@DE?KJIFCBIF?R@R?JEh@A^Ad@EpA?`A?f@?L?P?JBVRPRNB@	Click to Generate
S2	60	1			3	Pentagon Jeep (S2)	Makro (S2)	Sheffield Animal Centre (S2)	4426	3320	egydItavGK^Wt@R\^gANg@Ru@Nm@Lg@b@aBJe@Rs@f@f@XRTPn@f@k@pCGVg@zB@ZVb@XRTPNLFFTR_@hBOr@Ns@^iBUSGGOMUQYSWc@A[f@{Br@iDo@g@UQYSg@g@Sr@Kd@c@`BMf@Ol@St@Of@_@fAa@z@u@`BUf@INmAfBOTkAvAUg@O[CISc@Sa@Sa@Q_@??m@bAu@tAVZNPDFV\TXX\RVELGJy@fB]`AK\g@dBSz@UhACPQjAKx@QvAIt@Kr@CNe@xBUa@QYOQCCu@e@OIq@_@k@Wm@]_@Sc@WcAk@_@Sm@]ECKEe@WmAo@AAKGyBmAqEiC[Q[SEGGGKMEKAI?KNM@CFQDQJc@He@l@cDHg@`@_CFc@Pu@^qAXZTPNL\cAL]LFHF`AdAp@r@NFl@^d@^r@bAxFbGCn@Qd@_AhACDWb@Yz@a@`BvAv@f@X|@f@DH@PKn@a@vCj@Vp@^NHt@d@BBNPPXT`@d@yBBOJs@Hu@PwAJy@PkABQTiAR{@f@eBJ]\aAx@gBFKDMt@_AZg@jAwANUlAgBHOTg@t@aB`@{@S]Vu@J_@	Click to Generate
S2	45	1			3	Windy House Lane Pocket Park (S2)	Archdale School (S2)	UBU (S2)	3654	2740	_~udIz_vGC}@I@EAGAECEEGGEKIWE]?Q@QF[JWHIJGHCP@LBDDDHDNHZ@N@NAJAL?BETt@v@~DjEELCFCBg@^AGGW??FV@Ff@_@BCBGDM_EkEu@w@CFCFGJEDGDEBE@I@EAGAECEEGGEKIWE]?Q@QF[JWHIJGHC?SMaEE_CGqAKk@Qi@Uc@IKMM_@Ym@a@c@WGEAFEBC@E?ECCCCG?I?IICaDwAUMCN?@CFg@hA]v@BFBBP`@[p@[p@Xn@\o@??]n@Yo@Zq@Zq@Qa@CCCG\w@f@iABG?ABOTL`DvAHB@IBGBEDAF@BB@BBF@F?FAFADFDb@Vl@`@^XLLHJTb@Ph@Jj@FpAD~BL`E?RP@LBDDDHDNHZ@N@NAJAL?BETCFCFGJEDGDEBE@VnJBrADxAH|C@N?TBx@Bl@Fj@FX@HDRJ\`AzB`AtBJR@BLYRYBCDINUNY^q@BEzAqC`ByC|A}C^q@`AgB`AmBVo@Xw@L[d@y@@E@E?C@E?E?G?E?C?EAC?A?EAEAEAGCEAEEG[SmBkA_BcAsA}@UQoA_Ae@g@EIY]MLKHQB]?QKSSQPyA|AABe@f@w@v@Y\AJAL?BETCFCFGJEDGDEBE@B|@	Click to Generate
S2	20	1			3	Boots (S2)	Alam Hill Books (S2)	Meersbrook Park Church (S2)	1774	1330	gitdInh_HELK^NLFHFDHHZZl@d@X\dAhANPJJEJCFILCHEJKh@ITGXIA??AAAAEICEAEUg@BqAD@T^CjAEJ@DHN@@@@??H@FYAQDq@BKBQJS[]{@iAMQg@s@[[IIGEGIOMKIGGOIKE]Q{@]BUXq@Vk@DKj@wAxAiDdC}FHLpAvBiC`GiA~C_@hAY~@K^NLFHFDHHZZl@d@X\dAhANPJJPRPTRZ@BBDDHN^LZZ`A[k@KQIQOUOWWa@EGW[QQ[]{@iAMQg@s@[[IIGEGIOMJ_@DM	Click to Generate
S2	20	1			3	Wobbly Wheel Cyclery (S2)	74th Oak Street Scout Group (S2)	I Said Bread (S2)	1450	1088	uusdIni}GD~AAh@@j@kAJ?FJrGoBJKuG?GcAFw@FG?E?o@DEmCCsBAq@AKv@EJ~HLxIS@u@@EEKmIVCn@ED?F?zBO?FJtGnBKKsG?GjAKAk@@i@E_B	Click to Generate
S2	45	1			3	Bronze & Polished (S2)	Sheffield Inclusion Centre (S2)	Leaves (S2)	3057	2293	eyudIjhwGlAwBLYRYBCDINUNYJORa@~AwC`ByC|A}C@DHNf@bALZBFPh@Lb@?BH\Jt@Hv@Dh@@JIJMRQ^]r@m@nA@TPvBNjCHhBFjAD|ADlAB~@G?I@MHo@l@k@h@k@h@gAdAa@^WTUTu@t@qBjBw@v@eAbAcA~@I[Ke@GUw@_DCGIUOEIAGA?S?O?KCQKc@e@{AIUCGMc@EQCE?EAGAG?CAI?I@I?I@E@CDIDKDEb@w@HKd@{@jBkDj@cA\q@l@mAvAgCACKSaAuBaA{BK]ESAIGYGk@Cm@Cy@?UF?f@IXEXEr@St@Uj@_@v@_@z@w@FGbAoAHKpBvC??qBwCIJcAnAGF{@v@w@^k@^u@Ts@RYDYDg@HG??TBx@Bl@Fj@FX@HDRJ\`AzB`AtBJR@BmAvB	Click to Generate
S2	15	1			3	International Automatic Cars (S2)	Boots (S2)	Meersbrook Park Church (S2)	1437	1078	agtdIpl_HZTELg@s@[[IIGEGIOMKIGGOIKE]Q{@]BUXq@Vk@DKPXVd@H@t@aBu@`BIACES_@QYEJWj@Yp@CTz@\\PJDNHFFJHNLFHFDHHZZl@d@X\dAhANPJJEJCFILCHEJKh@ITGXIA??AAAAEICEAEUg@BqAD@T^CjAEJ@DHN@@@@??H@FYAQDq@BKBQJSNMJJPRPTRZ@BBDDHN^LZZ`A[k@KQIQOUOWWa@EGW[QQ[]{@iAMQGRENAD?DAHAJAt@AP?R_AKECCC?C?CLaC@Y?G@IDUDQZZPN	Click to Generate
S2	45	1			3	Gleadless Medical Centre (S2)	Pizza City (S2)	Arbourthorne Community Primary School (S2)	3293	2470	mbtdI|~yGn@uABCTe@f@aAP]h@eAHKLKBCTAF@JFHLHRDX@\?Z@RA\?H?J?L@H@Jg@r@QXCBa@j@KLKLMJiB`BQNUTKNILSZOXCDGHADOZA@CFGHMRKPKRADHNZl@??[m@IOMVCFITEHCLKIGGEGGGQKMIm@YIAFu@HsA?IBe@@OEQMIK?a@NK@KEGKGOAS?C?WJo@@KPy@Py@H]@GLm@VqADSBKJw@@IAUCQIMICEAQHYTSRQRGDGFIBEA[EBc@J{AFeAF_A@[B[By@@WBw@@m@Bo@@i@@g@@e@?G?M?O@c@G@MFa@Po@\aAj@a@VSLYPiBpAg@\e@\}@r@y@n@EBPbBJ|@D^Lr@Lp@BLFXDJJKHGFADDDJBFFFBAtAy@??uAx@C@GGCGEKEEG@IFKJFRJ\BDFNLZNRPZZ^LJJHRRNJh@b@h@\j@\TL^RSz@Qv@Wx@Od@MXGNMXSd@EHGHMVHR@BBBHDJ?F?FC`B]r@On@OVGFAF?F?F?PD`@LH@l@XLHPJRAFAH?DCHCBGLW@EJSJQLSFIBG@AN[@EFIBENYR[HMJOTUPOhBaBLKJMJM`@k@BCPYf@s@AKAI?M?K?I@]AS?[A]EYISIMKGGAU@CBMJIJi@dAQ\g@`AUd@CBo@tA	Click to Generate
S2	60	1			3	Kathy's Tea Room (S2)	Manor Fields (S2)	Temple Park Centre (S2)	4548	3411	uiwdIfuvGWGaAOq@a@QSUe@KOa@n@mBxCoAyCoAyCZi@IOR_@F[?SA[COCSCINWl@bBaA|A[h@nAxCnAxCKRs@jAh@bA^Vd@@BCJIRQlApChAjCd@fAYzCI~@Id@GPcAv@LjCDt@HlBLpAFb@`BaAr@g@f@YvByAd@[j@a@b@[tByAkAiHg@sCNc@`BiAdD}B??RAl@FV\R~@BNjA`HqBxAuBzAyB|AuBxAc@Zk@`@e@ZwBxAg@Xs@f@aB`AGc@MqAImBEu@MkCbAw@FQHe@H_AX{Ce@gAiAkCmAqCSPKHCBe@A_@Wi@cAr@kAJSoAyCoAyCZi@`A}Am@cBs@aBsAkCEDK@GCGICMAM@M@GDIFEFAHBDHx@gAZc@TSVMRGF?ARGV?p@?I?g@FW@SG?SFWLUR[b@y@fADJ@L?FCLEJrAjCr@`Bl@bBJSh@{@NUHEHAL?jBb@jA`@OvB]bB_@|@JNTd@PRp@`@`ANVF	Click to Generate
S2	45	1			3	Meersbrook Service Station (S2)	74th Oak Street Scout Group (S2)	Wobbly Wheel Cyclery (S2)	3223	2417	{itdIbe|GAAEAg@WUGSCQ?E@C@GBIDULCHqCvIW~@Of@K^ERADK`@GPI^A@IVCHCFKR[f@LPDFBDF@D@PDPDz@RB?`AT@?TFPB`AVl@NzBf@n@NB?^HNDZ@PGNQh@s@Tg@DWEkAAOHmBN}@RyAFUJ]hB\~Bb@rBjFQDqDo@qEw@IlBFzAEV`@FZ`CFfCw@D@J@p@BrBDlCn@ED?F?v@GbAG?FJtGnBKKsG?GOqKCK@_@@WAIAIoGeAa@GUf@i@r@OPQF[AOE_@IC?o@O{Bg@m@OaAWQCUGA?aAUC?{@SQEQEEAGACEEGMQZg@JSBGBIHW@AH_@FQJa@@EDSJ_@Ng@V_ApCwIBITMHEFCBADAP?RBTFf@VD@@@	Click to Generate
S2	20	1			3	Boots (S2)	Meersbrook Park Church (S2)	Alam Hill Books (S2)	1457	1093	sgtdI`l_Hl@d@X\dAhANPJJEJCFILCHEJKh@ITGXIA??AAAAEICEAEUg@BqAD@T^CjAEJ@DHN@@@@??H@FYAQDq@BKBQJSNMJJPRPTRZ@BBDDHN^LZZ`A[k@KQIQOUOWWa@EGW[QQ[]{@iAMQg@s@[[IIGEGIOMKIGGOIKE]Q{@]BUXq@Vk@DKj@wAxAiDdC}FHLpAvBiC`GiA~C_@hAY~@K^NLFHFDHHZZ??	Click to Generate
S2	60	1			3	Substantial Victorian houses in Norfolk Road (S2)	Path up to the Cholera Monument, Sheffield (S2)	Sheffield Inclusion Centre (S2)	6221	4666	oexdIn}{GkAmBFMn@}Ad@gAGKw@oAv@nAFJuAdDGLwA`DFLHJf@f@RPz@x@tAtABB~@~@DBb@b@FK@CDEDCFAfAQt@M@ABA@C@C@C?C@GCa@c@Fb@GB`@AF?BABABABC@A@}B^G@EBEDABGJc@c@EC_A_ACCuAuA{@y@SQg@g@IKGMCECICImAqEWcAW}@Su@EQCKEKQu@y@}CMi@Kc@HIHKNO`AeANS`AeANSDEFE`@e@dCgDLSXe@JSP_@h@yAzAqEJWhHaTBKBITo@b@sAf@sAL]P]b@}@`@u@d@s@DGFINOTUZ]fBeBRS^]BADEFG~BuBrFgFDEFEzCuCv@u@|@_ARQDEDEx@u@^]nAqA\m@~@cBf@aA^m@`@u@h@_AFMDIP[HMDIDKDEb@w@HKd@{@jBkDj@cABFBFj@lAVj@d@`ATf@Tf@@Bl@rAb@~@FL`@~@b@hARl@?BN`@UTu@t@qBjBw@v@eAbAcA~@I[Ke@GUw@_DCGIUOEIAGA?S?O?KCQKc@e@{AIUCGMc@KKGGIGCCEAK?i@~@a@t@_@l@g@`A_AbB]l@oApA_@\y@t@EDEDSP}@~@w@t@{CtCGDEDsFfF_CtBGFEDC@_@\SRgBdB[\UTAj@?JGnCE|BEtBKtFKxFAPCfAAx@An@Aj@U@C@A@CDgElMiBjEKVYn@ABm@vAmCjGCDuA|CuAdDGLjAlB	Click to Generate
S2	60	1			3	Hillside below the Cholera Monument (S2)	Substantial Victorian houses in Norfolk Road (S2)	Sheffield Inclusion Centre (S2)	5927	4445	k}wdIzs{GiAoBEGGCC?CAI?G@I@E?CAQUCDuA|CuAdDGLwA`DFLHJf@f@RPz@x@tAtABB~@~@DBb@b@FK@CDEDCFA|B_@@ABA@C@C@C?C@GCa@c@F??b@GB`@AF?BABABABC@A@}B^G@EBEDABGJc@c@EC_A_ACCuAuA{@y@SQg@g@IKGMvAaDFMn@}Ad@gAtA}CBElCkGl@wA@CXo@JWhBkEfEmMBE@ABATA@k@@o@@y@BgA@QJyFJuFDuBD}BFoC?K@k@TUZ]fBeBRS^]BADEFG~BuBrFgFDEFEzCuCv@u@|@_ARQDEDEx@u@^]nAqA\m@~@cBf@aA^m@`@u@h@_AFMDIP[HMDIDKDEb@w@HKd@{@jBkDj@cABFBFj@lAVj@d@`ATf@Tf@@Bl@rAb@~@FL`@~@b@hARl@?BN`@UTu@t@qBjBw@v@eAbAcA~@I[Ke@GUw@_DCGIUOEIAGA?S?O?KCQKc@e@{AIUCGMc@KKGGIGCCEAK?i@~@a@t@_@l@g@`A_AbB]l@oApA_@\y@t@EDEDSP}@~@w@t@{CtCGDEDsFfF_CtBGFEDC@_@\SRgBdB[\UTAj@?JGnCE|BEtBKtFKxFAPCfAAx@An@Aj@U@C@A@CDgElMiBjEKVYn@ABm@vAmCjGPTB@D?HAFAH?B@B?FBDFhAnB	Click to Generate
S2	20	1			3	Leaves (S2)	Windy House Lane Pocket Park (S2)	UBU (S2)	1867	1400	qfudI~jvGh@gAVo@Xw@L[d@y@@E@E?C@E?E?G?E?C?EAC?A?EAEAEAGCEAEEG[SmBkAGT]xAENa@jAq@|ASb@Q\_@r@q@z@pBvC??qBwCm@q@A?u@y@{A}AOOELCFCBg@^AGGW??FV@Ff@_@BCBGDMNNzA|At@x@@?l@p@IJcAnAGF{@v@w@^k@^u@Ts@RYDYDg@HG??TBx@Bl@Fj@FX@HDRJ\`AzB`AtBJR@BLYRYBCDINUNY^q@BEzAqC`ByC|A}C^q@`AgBVe@	Click to Generate
S2	30	1			3	Best Pizza (S2)	Leaves (S2)	Windy House Lane Pocket Park (S2)	2315	1736	etudIjcwGIOESCGACOTEHCBSXMXwAfCm@lA]p@k@bAkBjDe@z@CEEIk@mAj@lADHBDd@{@jBkDj@cA\q@N[\q@vAgCACKSaAuBaA{BK]ESAIGYGk@Cm@Cy@?UF?f@IXEXEr@St@Uj@_@v@_@z@w@FGbAoAHKpBvC??qBwCm@q@A?u@y@{A}AOOELCFCBg@^AGGW??FV@Ff@_@BCBGDMNNzA|At@x@@?l@p@IJcAnAGF{@v@w@^k@^u@Ts@RYDYDg@HG??TBx@Bl@Fj@FX@HDRJ\`AzB`AtBJR@BLYRYBCDINUNY@DBDFPXf@?JKRE@O]	Click to Generate
S2	20	1			3	Broadfield Hotel (S2)	Broadfield Park (S2)	The Hardy Pick (S2)	1671	1253	wjtdIlt`H??KKMKSQ]Y]UOKEESOSQKIEh@??Di@CCGGCEEIEIEGKUISCKGMEMCKCMIi@ESESEOGSc@w@GGC[BEHENIPI`@QDC\MJCFCHCDAD?R?@NBJ@F?R@R?JEh@A^Ab@?@EpA?HAHCHAHAFIVEJCHKVKUISCKGMEMCKCMIi@ESESEOGSc@w@GGC[BEHENIPI`@QDC\MJCFCHCDAD?R?P?F?PBD?`@ENCRGDCHGFGBCBEDEv@pBlAzCHPf@{@Se@GO_@}@JSV_@c@r@^|@FNRd@g@z@IQmA{Cw@qBEDCDCBGFIFEBSFOBa@DE?KJIFCBIF?R@R?JEh@A^Ad@EpA?`A?f@?L?P?JBVRPRNDDNJ\T\XRPLJJJ??	Click to Generate
S2	30	1			3	Meersbrook Park Church (S2)	Porcelanosa (S2)	Virgin Crucible (S2)	2786	2090	mbtdIty_Hi@iAEIACE]FYAQDq@BKBQJSNMJJPRPTRZ@BBDDHN^LZZ`A[k@KQIQOUOWWa@EGW[QQ[]{@iAMQGRENADECUK_@QGC@Y?G@IDUDQIIGEGIOMKIGGOIKEA\GnAKnCALCJEFYn@CD?DAD?B?D@D@DXj@fAzBLZFTDRF`@@^E@C@A?C@EBCDe@p@EDCDCBGFIFEBSFSkCCYCUCOIQIWM]Zk@[j@L\HVHPBNBTVdDOBa@DE?KJIFCBIFEACACCCAAGGQCIEMAGEKEOISQk@]u@oAeDg@kAeAgCi@oAMc@Y_ACMCICCEIEGEGGEa@UaAm@kBiAmAs@MIIIGGIIGMEIOc@EKAKCME]K}@Gc@Ks@ASEc@Ce@T@B?H?XAFAF?REZ?b@Av@A\?V?J@H@D@B@JDHDHHTRTTX\PTPTZd@`@n@f@t@f@t@HLFFDHLNDFBBVXLLFDXPNJNHPLTH\Pd@PHBFBZLz@\\PJDNHFFJHNLFHFDHHZZl@d@X\dAhANPJJEJCFILCHEJKh@ITGXD\@BDHh@hA	Click to Generate
S2	45	1			3	Newfield Green Clinic (S2)	Newfield Green Dental Surgery (S2)	Pizza City (S2)	3076	2307	gatdIv|yGHOBCTe@f@aAP]h@eAHKLKBCTAF@JFHLHRDX@\?Z@RA\?H?J?L@H@Jg@r@QXCBa@j@KLKLMJiB`BQNUTKNILSZOXKSGK??FJJRCDGHADOZA@CFGHMRKPKRADMVCFITEHCLKIGGEGGGQKMIm@YIAFu@HsA?Ic@Gb@F?HIrAGt@H@l@XLHPJRAD?@AH?DCHCBGLW@EJSJQLSFIBG@AN[@EFIBEKSGKFJJRCDGHADOZA@CFGHMRKPKRADMVCFITEHCLKIGGEGGGQKMIm@YIAFu@HsA?IBe@@OEQMIK?a@NK@KEGKGOAS?C?WJo@@KPy@Py@H]@GLm@VqADSBKJw@@IAUCQIMICEAQHYTSRQRGDGFIBEA[EBc@J{AFeAF_A@[B[By@@WfATB_@C^gAUAVCx@Ev@G~@GdAKzACb@Gz@?FIfAGt@E`@Kz@EZEXG\Sz@Qv@Wx@Od@MXGNMXSd@EHGHMVHR@BBBHDJ?F?FC`B]r@On@OVGFAF?F?F?PD`@LH@l@XLHPJRAFAH?DCHCBGLW@EJSJQLSFIBG@AN[@EFIBENYR[HMJOTUPOhBaBLKJMJM`@k@BCPYf@s@AKAI?M?K?I@]AS?[A]EYISIMKGGAU@CBMJIJi@dAQ\g@`AUd@CBIN	Click to Generate
S2	20	1			3	I Said Bread (S2)	Kingdom Hall of Jehovah's Witnesses (S2)	Wobbly Wheel Cyclery (S2)	2042	1532	}~sdIzi~GTg@E[IcFImDS@u@@EEKmIVCn@ED?LxIHlDHbFDZuCzG]z@_FfLeA_BdA~AfC_GvAgD\{@tC{GE[IcFImDMyIF?v@GbAG?FJtGL`HuBvEUf@	Click to Generate
S2	30	1			3	Highfield Motors (S2)	Woodbourn Road Stadium (S2)	Sheffield Animal Centre (S2)	2449	1837	ye{dIrxwGSOYY~@cDHc@?q@CSCQCIDKBG??HPDLV[BDDFJYYuAIe@CIc@oBEOK[BIBCPENEREp@q@`@e@HI`@a@TSHSL_@DGHQBGNM@CFQDQJc@He@l@cDHg@`@_CFc@Pu@^qAXZTPNLMp@G\ADQlAd@ZLLAV?\FRN@??VIWHOAGS?]@WMMe@[PmA@EF]Lq@\cAL]LFHF`AdAp@r@NFl@^d@^r@bAxFbGCn@Qd@_AhACDWb@Yz@a@`BOHK@k@EMBGFEFCPALAp@?JAHAHAHCBAFEHe@WmAo@AAKGyBmAqEiC[QOAM?KAKAQAM@SFURa@`@IHa@d@q@p@S\EDWVDNb@nBBHHd@XtAKXo@bBIb@_AbDXXRN	Click to Generate
S2	30	1			3	The Spires Centre (S2)	Springs Leisure Centre (S2)	Pearl Motors (S2)	2567	1925	ywtdIlzwGCk@nBYxASCg@Ag@Ci@A]?_@AS?KAU?y@?q@?_A?e@@]@e@Bg@BW@]Dm@FaABi@Bc@D}@Bu@D}A@}@?G?Y?]?K?_@?]AQASCYF?FDP\N^WNQH?^?J?\?X?FA|@E|ACt@E|@Cb@Ch@G`AEl@A\CVCf@Ad@A\?d@?~@?N?`@?x@@T?J@R?^p@IJC~@Sx@ODE?G??Cu@UBe@nA_ARKBq@H@\Bh@@f@Bf@B`@B^Bd@@HDl@Fx@H|@@BH~@J|@Df@Dd@Bd@F~@Bf@DrABj@@b@?F@z@@f@?p@?z@@`B?rA?B?X?ZAb@?N?L?FAd@Af@Ah@Cn@Al@Cv@fATB_@??C^gAUBw@@m@Bo@@i@@g@@e@?G?M?O@c@?[?Y?C?sAAaB?{@?q@Ag@A{@?GAc@Ck@EsACg@G_ACe@Ee@Eg@K}@I_AACI}@Gy@Em@AICe@C_@Ca@yARoBXBj@	Click to Generate
S2	45	1			3	Virgin Crucible (S2)	The Hardy Pick (S2)	Boots (S2)	3644	2733	}ntdIzp`HMISQKICCGGCEEIEIEGKUISCKGMEMCKCMIi@ESESEOGSc@w@GGC[BEHENIPI`@QDC\MJCFCHCDAD?R?P?F?PBD?`@ENCWeDCUCOIQIWM]Zk@[j@L\HVHPBNBTBXRjCRGDCHGFGBCBEDEv@pBlAzCHPf@{@Se@GO_@}@JSV_@c@r@^|@FNRd@g@z@IQmA{Cw@qBEDCDCBGFIFEBSFOBa@DE?KJIFCBIFEACACCCAAGGQCIEMAGEKEOISQk@]u@oAeDg@kAeAgCi@oAMc@Y_ACMCICCEIEGEGGEa@UaAm@kBiAmAs@MIIIGGIIGMEIOc@EKAKCME]K}@Gc@Ks@ASEc@Ce@T@B?H?XAFAF?REZ?b@Av@A\?V?J@H@D@B@JDHDHHTRTTX\PTPTZd@`@n@f@t@f@t@HLFFDHLNDFBBVXLLFDXPNJNHPLTH\Pd@PHBFBZLz@\\PJDNHFFJHNLFHFDHHZZl@d@X\dAhANPJJEJCFILCHEJKh@ITGXIA??AAAAEICEAEUg@BqAD@T^CjAEJ@DHN@@@@??H@FYAQDq@BKBQJS[]{@iAMQg@s@[[IIGEGIOMKIGGOIKEA\GnAKnCALCJEFYn@CD?DAD?B?D@D@DXj@fAzBLZFTDRF`@@^E@C@A?C@EBCDe@p@EDCDCBGFIFEBSFOBa@DE?KJIFCBIF?R@R?JEh@A^Ad@EpA?`A?f@?L?P?JBVRPLH	Click to Generate
S2	20	1			3	The Co-operative Food (S2)	The Spires Centre (S2)	Springs Leisure Centre (S2)	1562	1172	{stdIv}wGDpA?Xa@Fs@Hc@DOB[FI?MBGsACcAC_@Aa@RIFMHS?]EWEQ??KKWCCe@AYCw@GaB|@Ov@KHCDGBK@SAwAA_B?M@iAByA@i@D}@DkADq@Fq@F{@Do@jAPf@JRBP@E|ACt@E|@Cb@Ch@G`AEl@A\CVCf@Ad@A\?d@?~@?N?`@?x@@T?J@R?^p@IJC~@Sx@ODE?G??Cu@UBe@nA_ARKBq@H@\Bh@@f@Bf@B`@B^Bd@@HDl@Fx@H|@s@Jm@HE@?YEqA	Click to Generate
S2	30	1			3	Nether Edge Primary School (S2)	Broadfield Park (S2)	Virgin Crucible (S2)	2479	1859	kxtdIhpaHEEGGMQJ]BKFWPw@Hc@TkANq@`@_CFc@d@uE^aEL_BFi@BM?EBG@EN]DFDHDHBDFFBBJHRPRNDDNJ\T\XRPQr@CFAFUhAAJ[zAERMj@AD?B?B?D@B@BJFr@d@FDFDl@wCBONu@XwAQWIKKMKKKKMKSQ]Y]UOKEESOSQKICCGGCEEIEIEGKUISCKGMEMCKCMIi@ESESEOGSc@w@GGC[BEHENIPI`@QDC\MJCFCHCDAD?R?@NBJ@F?R@R?JEh@A^Ab@?@EpA?HAHCHAHAFIVEJCHKVKUISCKGMEMCKCMIi@ESESEOGSc@w@GGC[BEHENIPI`@QDC\MJCFCHCDAD?R?P?F?PBD?`@ENCSkCCYCUCOIQIWM]Zk@[j@L\HVHPBNBTVdDOBa@DE?KJIFCBIF?R@R?JEh@A^Ad@EpA?HAHCHAHAFIVEJCHKVO\ADCF?DCLGh@M~A_@`Ee@tEGb@a@~BOp@UjAIb@Qv@GVCJK\LPFFDD	Click to Generate
S2	20	1			3	Leaves (S2)	Windy House Lane Pocket Park (S2)	UBU (S2)	2077	1558	yfudInfvGq@`AMB[\ICm@oAQ\_@r@q@z@pBvC??qBwCm@q@A?u@y@{A}AOOELCFCBg@^AGGW??FV@Ff@_@BCBGDMNNzA|At@x@@?l@p@IJcAnAGF{@v@w@^k@^u@Ts@RYDYDg@HG??TBx@Bl@Fj@FX@HDRJ\`AzB`AtBJR@BLYRYBCDINUNY^q@BEzAqC`ByC|A}C^q@`AgB`AmBVo@Xw@L[d@y@@E@E?C@E?E?G?E?C?EAC?A?EAEAEAGCEAEEG[SmBkAGT]xAENa@jAq@|ASb@l@nAHBZ]LCp@aA	Click to Generate
S2	60	1			3	Burton Roofing Merchants (S2)	Makro (S2)	Manor Park Medical Centre (S2)	5454	4090	g|xdId~uG_@]EO@g@KDOMo@g@UQYSg@g@Sr@Kd@c@`BMf@Ol@St@Of@_@fAS]Vu@Ni@CHK^Wt@R\a@z@u@`BUf@INmAfBOTkAvAUg@O[CISc@Sa@Sa@Q_@??m@bAu@tAVZNPDFV\TXX\RVELGJy@fB]`AK\g@dBSz@UhACPQjAKx@QvAIt@Kr@CNe@xBr@vAP\r@xABFl@hAd@|@@BDJFHFHJJn@f@JF\R~Az@@?B@F@@A@?B?@?BADELUR]v@sBv@wBf@uAb@cBXu@LSJQFIp@i@d@WTMLCf@W`AcAp@s@hC_BNUFOPWZ}@j@_Bd@sA~@oCVs@d@sA^iAL[LUTa@\e@Z[VSXO^Ol@QXORMTS^]v@kANYrBkDp@kACMAM@M@GDIFEFA??HBDHx@gAZc@TSVMRGF?PAjABz@BDgBJ}AJ{@VyB^_DP}AV{BTeBPsAPcAl@kBHO??FMpAeCGyAYyFCi@GoAK{B[QGEIEOMy@g@s@i@q@o@aAgAa@a@QWW]EIOSw@gAIMIGECICW?GBG@MBI?WR[n@uAhFg@nBaEzNk@bCi@`Cy@zDy@tDO`BkAlGE`@?^?^D^D\Lf@Lv@?b@A`@EXETMVONUFU?UEUSqBaBwAsAyAaAKGYOCBOXm@`@cApAYf@[z@f@f@XRTPn@f@NLJEAf@DN^\	Click to Generate
S2	30	1			3	UBU (S2)	Windy House Lane Pocket Park (S2)	Kwik Fit (S2)	2742	2056	_gudItkvGINaAfB_@p@}A|CaBxC{ApCCD_@p@OXOTEHCBSXMXACKSaAuBaA{BK]ESAIGYGk@Cm@Cy@?UF?f@IXEXEr@St@Uj@_@v@_@z@w@FGbAoAHKm@q@A?u@y@{A}AOOELCFCBg@^AGGW??FV@Ff@_@BCBGDMNNzA|At@x@@?l@p@IJcAnAGF{@v@w@^k@^u@Ts@RYDYDg@HG??TBx@Bl@Fj@FX@HDRJ\`AzB`AtBJR@BQZeAjBm@lA]p@k@bAkBjDe@z@CEEIk@mAj@lADHBDd@{@jBkDj@cA\q@l@mAvAgCLYRYBCDINUNY^q@~AwC`ByC|A}C^q@`AgBHO	Click to Generate
S2	45	1			3	Gleadless Medical Centre (S2)	Pizza City (S2)	Arbourthorne Community Primary School (S2)	3272	2454	abtdId~yGb@}@BCTe@f@aAP]h@eAHKLKBCTAF@JFHLHRDX@\?Z@RA\?H?J?L@H@Jg@r@QXCBa@j@KLKLMJiB`BQNUTKNILSZOXCDGHADOZA@CFGHMRKPKRADHNZl@??[m@IOMVCFITEHCLKIGGEGGGQKMIm@YIAFu@HsA?IBe@@OEQMIK?a@NK@KEGKGOAS?C?WJo@@KPy@Py@H]@GLm@VqADSBKJw@@IAUCQIMICEAQHYTSRQRGDGFIBEA[EBc@J{AFeAF_A@[B[By@@WBw@@m@Bo@@i@@g@@e@?G?M?O@c@G@MFa@Po@\aAj@a@VSLYPiBpAg@\e@\}@r@y@n@EBPbBJ|@D^Lr@Lp@BLFXDJJKHGFADDDJBFFFBAtAy@??uAx@C@GGCGEKEEG@IFKJFRJ\BDFNLZNRPZZ^LJJHRRNJh@b@h@\j@\TL^RSz@Qv@Wx@Od@MXGNMXSd@EHGHMVHR@BBBHDJ?F?FC`B]r@On@OVGFAF?F?F?PD`@LH@l@XLHPJRAFAH?DCHCBGLW@EJSJQLSFIBG@AN[@EFIBENYR[HMJOTUPOhBaBLKJMJM`@k@BCPYf@s@AKAI?M?K?I@]AS?[A]EYISIMKGGAU@CBMJIJi@dAQ\g@`AUd@CBc@|@	Click to Generate
S2	30	1			3	Temple Park Centre (S2)	Castle View Park (S2)	Hair & Beauty Lounge (S2)	2995	2246	c{wdIravGEKCCGGIGICGAG?GBWVCDC?A?MIp@kACMAM@M@GDIFEFAHBDHx@gAZc@TSVMRGF?ARGV?p@?I?g@FW@SG?SFWLUR[b@y@fADJ@L?FCLEJrAjCr@`Bl@bBJSh@{@NUHEHAL?jBb@jA`@zBp@^Lp@T|Ah@l@^Zb@Pb@BH@DHd@Dr@A`AKv@ENe@jAe@aAQUyDq@WGaAOq@a@QSUe@KO^}@\cBNwBkAa@kBc@M?I@IDOTi@z@KRm@cBs@aBsAkCEDK@GCGICMAM@M@GDIFEFAHBDHx@gAZc@TSVMRGF?PAjABz@Bf@Dp@Ap@Kr@c@v@_A~@mB\q@Vg@Cm@??^w@ZHq@tAEDWf@]p@_AlBw@~@s@b@q@Jq@@g@E{@CkACQ@G?SFWLUR[b@y@fADJ@L?FCLEJEDK@GCGIq@jALH@?B?BEVWFCF?F@HBHFFFBBDJ	Click to Generate
S2	45	1			3	Arbourthorne Community Primary School (S2)	Zakwetu (S2)	Newfield Green Dental Surgery (S2)	3642	2732	_otdItkyG?JEv@G~@GdAKzACb@Gz@?FIfAGt@E`@Kz@EZEXG\_@SUMk@]i@]i@c@OKSSKIMK[_@Q[OSM[GOCEK]GSJKHGFADDDJBFFFBAtAy@??uAx@C@GGCGEKEEG@IFKJFRJ\BDFNLZNRPZZ^LJJHRRNJh@b@h@\j@\TL^RSz@Qv@Wx@Od@MXGNMXSd@EHGHMVHR@BBBHDJ?F?FC`B]r@On@OVGFAF?F?F?PD`@LH@l@XLHPJRAFAH?DCHCBGLW@EJSJQLSFIBG@AN[@EFIBENYR[HMJOTUPOhBaBLKJMJM`@k@BCPYf@s@AKAI?M?K?I@]AS?[A]EYISIMKGGAU@CBMJIJi@dAQ\g@`AUd@CBi@hA[l@dAwBBCTe@f@aAP]h@eAHKLKBCTAF@JFHLHRDX@\?Z@RA\?H?J?L@H@Jg@r@QXCBa@j@KLKLMJiB`BQNUTKNILSZOXCDGHADOZA@CFGHMRKPKRADMVCFITEHCLKIGGEGGGQKMIm@YIAFu@HsA?Ic@Gb@F?HIrAGt@H@l@XLHPJRAD?@AH?DCHCBGLW@EJSJQLSFIBG@AN[@EFIBEKSGKFJJRCDGHADOZA@CFGHMRKPKRADMVCFITEHCLKIGGEGGGQKMIm@YIAFu@HsA?IBe@@OEQMIK?a@NK@KEGKGOAS?C?WJo@@KPy@Py@H]@GLm@VqADSBKJw@@IAUCQIMICEAQHYTSRQRGDGFIBEA[EBc@J{AFeAF_ADw@?K	Click to Generate
S2	20	1			3	Noble and Wylie (S2)	Broadfield Park (S2)	Virgin Crucible (S2)	1727	1295	ertdIbp`H@I?EBG@EN]DFDHDHBDFFBBJHRPRNDDNJ\T\XBBNLQr@CFAFWtA[zAERMj@AD?B?B?D@B@BJFr@d@FDFDl@wCBONu@XwAQWIKKMKKKKMKSQ]Y]UOKEESOSQKICCGGCEEIEIEGKUISCKGMEMCKCMIi@ESESEOGSc@w@GGC[BEHENIPI`@QDC\MJCFCHCDAD?R?@NBJ@F?R@R?JEh@A^Ab@?@EpA?HAHCHAHAFIVEJCHKVKUISCKGMEMCKCMIi@ESESEOGSc@w@GGC[BEHENIPI`@QDC\MJCFCHCDAD?R?P?F?PBD?`@ENCSkCCYCUCOIQIWM]Zk@[j@L\HVHPBNBTVdDOBa@DE?KJIFCBIF?R@R?JEh@A^Ad@EpA?HAHCHAHAFIVEJCHKVO\ADCF?DAH	Click to Generate
S2	30	1			3	Well Pharmacy (S2)	Terry Wright Community Hall (S2)	Pizza City (S2)	2172	1629	yetdIjnzG[m@IO@EJSJQLSFIBG@AN[@EFIBENYR[HMJO??TUPOhBaBLKJMJMIS?C?G@M??j@y@BCZi@LKH??L@H@Jg@r@QXCBa@j@KLKLMJiB`BQNUTKNILSZOXCDGHADOZA@CFGHMRKPKRADMVCFITEHCLKIGGEGGGQKMIm@YIAFu@HsA?IBe@@OEQMIK?a@NK@KEGKGOAS?C?WJo@@KPy@Py@H]@GLm@VqADSBKJw@@IAUCQIMICEAQHYTSRQRGDGFIBEA[EBc@J{AFeAF_A@[B[By@@WfATB_@C^gAUAVCx@Ev@G~@GdAKzACb@Gz@?FIfAGt@E`@Kz@EZEXG\Sz@Qv@Wx@Od@MXGNMXSd@EHGHMVHR@BBBHDJ?F?FC`B]r@On@OVGFAF?F?F?PD`@LH@l@XLHPJRAFAH?DCHCBGLWHNZl@	Click to Generate
S2	45	1			3	Leaves (S2)	UBU (S2)	Windy House Lane Pocket Park (S2)	3267	2450	yfudIjkvGp@sAVo@Xw@L[d@y@@E@E?C@E?E?G?E?C?EAC?A?EAEAEAGCEAEEG[SmBkAGT]xAENa@jAq@|ASb@Q\_@r@q@z@pBvC??qBwCIJcAnAGF{@v@w@^k@^u@Ts@RYDYDg@HG??TBx@Bl@Fj@FX@HDRJ\`AzB`AtBJR@BLYRYBCDINUNY^q@BEzAqC`ByC|A}C^q@`AgB`AmBVo@Xw@L[d@y@@E@E?C@E?E?G?E?C?EAC?A?EAEAEAGCEAEEG[SmBkA_BcAsA}@UQGXS|@u@rBq@jAy@jAc@f@INCHOOELCFCBg@^AGGW??FV@Ff@_@BCBGDMNNBIHOb@g@x@kAp@kAt@sBR}@FYNc@`BfAXPb@`@RLHDDBXPjBnAh@?H?FALCJEHGHKFMN]FSTw@DOP_ABONYJg@DUDUBE@CBAB?B?D?D@DD^|@Tn@N\Rl@Jd@@HAd@ATCNENENGVGTEPKRi@F_@DODM@{@FWTO@]BK@GBC@IDGBIHEDEDABCBgB|Cq@rA	Click to Generate
S2	60	1			3	Substantial Victorian houses in Norfolk Road (S2)	Path up to the Cholera Monument, Sheffield (S2)	Cholera Monument, Sheffield (S2)	7998	5998	cj{dI|t_HFIRYRQBCHG@ALIHWBEJ[h@oCPcAXkBFi@Jq@ZsBPqAFk@v@qGHa@RYX]~@iADEXa@Ta@LSVi@L[DMVu@BGBIBKZs@\{@HSF]Pg@Ns@FY@IFa@Jy@Be@Be@@c@@G?Q?k@?ICw@?]By@PeDDcA@OLcBLaALq@No@HYJa@Na@Pg@BIPc@FMPe@Vc@Zk@`@m@FKPUb@g@TYBEPUNUPUPUFKDMTc@DKDSHUBMBKBWDa@BUBa@Ba@@_@Bk@Bo@Dq@?MBe@@a@B[DaAHkBD_AHkAF{@Fs@Da@Fc@Ju@DSP_ADSJa@DKLa@`@q@DE^e@ZQDC@ALA@?F?D@B@B@B@BBBBBDDFFLDFBH?D@B@B?@?BBTBf@Fh@D\DZDZJl@Jl@J^H\X`A^vANh@Nh@Pr@T`ATv@DNBDDHDDFBJDH@D?B@BAFENMFCJE@?HAHAJB\NLCHEFERM@ADA\U@ABCROx@q@XWt@k@DEBAFEHILKFEFE\WZWtCkCf@k@t@w@VYX]hAmAVWHIHKNO`AeANS`AeANSDEFE`@e@dCgDLSXe@DJDDB@F?NGzAo@bAa@JGDIFKDHFFVPd@`@|CdCiBjEKVYn@ABm@vAmCjGCDuA|Ce@fAo@|AGLwA`DFLHJf@f@RPz@x@tAtABB~@~@DBb@b@FK@CDEDCFAfAQt@M@ABA@C@C@C?C@GCa@c@Fb@GB`@AF?BABABABC@A@}B^G@EBEDABGJc@c@EC_A_ACCuAuA{@y@SQg@g@IKGMvAaDjAlBIZADAF?D?\?z@?F@DBFBFCGCGAE?G?{@?]?E@G@EH[??kAmBwA`DCECICImAqEWcAW}@Su@EQCKEKQu@y@}CMi@Kc@WViAlAY\WXu@v@g@j@uCjC[V]VGDGDMJIHGDC@EDu@j@YVy@p@SNCBA@GRCJAHAJAL?J@N?PBT@Nr@tCBZ@\AZAJI`@GT]Xa@XIDMDG@G?E?G?GAq@SOGe@D_@?WAg@MQ@WBODUFE@a@HQBOCMEGEEEGGKQW_@oB}BgAqAIGY_@c@]AAEECCKOE|@Cb@EfACb@A`@C\C`@CVG\ETELGTGPITGPS\ILGHKNGFOPONc@d@UXIJGFILKNQTKNMTOXKXQf@Oh@ERGTCJWbAMn@QdAU~@IZEPCTCZAPARAPA\@X@\@TFh@D\BNFTHTL^DHd@hAFNBB@R?TAPCNCJEDGHIDIEy@_@C?K?C@G@A@EBEHCFGFO|ACTAPCJCNCPGTGRGPIVGNQRIR]z@[r@CJCHCFWt@ELMZIr@Y`Bm@tCgBpICLAN?PE?mAcAQpA[rBKp@Gh@YjBQbAi@nCKZCDIVMHA@IFCBSPSXGH	Click to Generate
S2	45	1			3	The Hardy Pick (S2)	Virgin Crucible (S2)	Boots (S2)	3669	2752	intdIlq`HGEEESOSQKICCGGCEEIEIEGKUISCKGMEMCKCMIi@ESESEOGSc@w@GGC[BEHENIPI`@QDC\MJCFCHCDAD?R?P?F?PBD?`@ENCRGDCHGFGBCBEDEv@pBlAzCHPf@{@Se@GO_@}@JSV_@c@r@^|@FNRd@g@z@IQmA{Cw@qBEDCDCBGFIFEBSFSkCCYCUCOIQIWM]Zk@[j@L\HVHPBNBTVdDOBa@DE?KJIFCBIFEACACCCAAGGQCIEMAGEKEOISQk@]u@oAeDg@kAeAgCi@oAMc@Y_ACMCICCEIEGEGGEa@UaAm@kBiAmAs@MIIIGGIIGMEIOc@EKAKCME]K}@Gc@Ks@ASEc@Ce@T@B?H?XAFAF?REZ?b@Av@A\?V?J@H@D@B@JDHDHHTRTTX\PTPTZd@`@n@f@t@f@t@HLFFDHLNDFBBVXLLFDXPNJNHPLTH\Pd@PHBFBZLz@\\PJDNHFFJHNLFHFDHHZZl@d@X\dAhANPJJEJCFILCHEJKh@ITGXIA??AAAAEICEAEUg@BqAD@T^CjAEJ@DHN@@@@??H@FYAQDq@BKBQJS[]{@iAMQg@s@[[IIGEGIOMKIGGOIKEA\GnAKnCALCJEFYn@CD?DAD?B?D@D@DXj@fAzBLZFTDRF`@@^E@C@A?C@EBCDe@p@EDCDCBGFIFEBSFOBa@DE?KJIFCBIF?R@R?JEh@A^Ad@EpA?`A?f@?L?P?JBVRPRNDDFD	Click to Generate
S2	30	1			3	Temple Park Centre (S2)	Castle View Park (S2)	Manor Park Medical Centre (S2)	2423	1817	wfwdIpmuG??Bl@Wf@]p@_AlBw@~@s@b@q@Jq@@g@E{@CkACQ@ARGV?p@?I?g@FW@SG?SFWLUR[b@y@fADJ@L?FCLEJrAjCr@`Bl@bBJSh@{@NUHEHAL?jBb@jA`@zBp@^Lp@T|Ah@l@^Zb@Pb@BH@DHd@Dr@A`AKv@ENe@jAe@aAQUyDq@WGaAOq@a@QSUe@KO^}@\cBNwBkAa@kBc@M?I@IDOTi@z@KRm@cBs@aBsAkCEDK@GCGICMAM@M@GDIFEFA??HBDHx@gAZc@TSVMRGF?PAjABz@Bf@Dp@Ap@Kr@c@v@_A~@mB\q@Vg@Cm@	Click to Generate
S2	45	1			3	Gleadless Medical Centre (S2)	Pizza City (S2)	Arbourthorne Community Primary School (S2)	3262	2446	{atdIz}yG\s@BCTe@f@aAP]h@eAHKLKBCTAF@JFHLHRDX@\?Z@RA\?H?J?L@H@Jg@r@QXCBa@j@KLKLMJiB`BQNUTKNILSZOXCDGHADOZA@CFGHMRKPKRADHNZl@??[m@IOMVCFITEHCLKIGGEGGGQKMIm@YIAFu@HsA?IBe@@OEQMIK?a@NK@KEGKGOAS?C?WJo@@KPy@Py@H]@GLm@VqADSBKJw@@IAUCQIMICEAQHYTSRQRGDGFIBEA[EBc@J{AFeAF_A@[B[By@@WBw@@m@Bo@@i@@g@@e@?G?M?O@c@G@MFa@Po@\aAj@a@VSLYPiBpAg@\e@\}@r@y@n@EBPbBJ|@D^Lr@Lp@BLFXDJJKHGFADDDJBFFFBAtAy@??uAx@C@GGCGEKEEG@IFKJFRJ\BDFNLZNRPZZ^LJJHRRNJh@b@h@\j@\TL^RSz@Qv@Wx@Od@MXGNMXSd@EHGHMVHR@BBBHDJ?F?FC`B]r@On@OVGFAF?F?F?PD`@LH@l@XLHPJRAFAH?DCHCBGLW@EJSJQLSFIBG@AN[@EFIBENYR[HMJOTUPOhBaBLKJMJM`@k@BCPYf@s@AKAI?M?K?I@]AS?[A]EYISIMKGGAU@CBMJIJi@dAQ\g@`AUd@CB]r@	Click to Generate
S2	20	1			3	Leaves (S2)	Windy House Lane Pocket Park (S2)	UBU (S2)	1867	1400	gfudIljvG^u@Vo@Xw@L[d@y@@E@E?C@E?E?G?E?C?EAC?A?EAEAEAGCEAEEG[SmBkAGT]xAENa@jAq@|ASb@Q\_@r@q@z@pBvC??qBwCm@q@A?u@y@{A}AOOELCFCBg@^AGGW??FV@Ff@_@BCBGDMNNzA|At@x@@?l@p@IJcAnAGF{@v@w@^k@^u@Ts@RYDYDg@HG??TBx@Bl@Fj@FX@HDRJ\`AzB`AtBJR@BLYRYBCDINUNY^q@BEzAqC`ByC|A}C^q@`AgB`@w@	Click to Generate
S2	30	1			3	Porcelanosa (S2)	The Hardy Pick (S2)	Mandala (S2)	2699	2024	{ctdIbw_HAAACE]FYAQDq@BKBQJS[]{@iAMQGRENADECUK_@QGC@Y?G@IDUDQIIGEGIOMKIGGOIKEA\GnAKnCALCJEFYn@CD?DAD?B?D@D@DXj@fAzBLZFTDRF`@@^E@C@A?C@EBCDe@p@v@pBlAzCHPf@{@Se@GO_@}@JSV_@c@r@^|@FNRd@g@z@IQmA{Cw@qBEDCDCBGFIFEBSFOBa@DE?KJIFCBIFEACACCCAAGGQCIEMAGEKEOISQk@]u@oAeDg@kAeAgCi@oAMc@Y_ACMCICCEIEGEGGEa@UaAm@kBiAmAs@MIIIGGIIGMEIOc@EKAKCME]K}@Gc@Ks@ASEc@Ce@T@B?H?XAFAF?REZ?b@Av@A\?V?J@H@D@B@JDHDHHTRTTX\PTPTZd@`@n@f@t@f@t@HLFFDHLNDFBBVXLLFDXPNJNHPLTH\Pd@PHBFBZLz@\\PHB@@NHFFJHNLFHFDHHZZl@d@X\dAhANPJJEJCFILCHEJKh@ITGXD\@B@@	Click to Generate
S2	30	1			3	Diocese of Hallam Pastoral Centre (S2)	Woodbourn Road Stadium (S2)	Sheffield Animal Centre (S2)	2707	2030	_e{dIjmwG??CFEJBHBPBR?p@Ib@_AbDXXRNDBZXJ^?^?RE~AbBPH@n@JHBZDEg@K_BAKASOmBm@sC_AaEYuAIe@CIc@oBEOK[BIBCPENEREp@q@`@e@HI`@a@TSHSL_@DGHQBGNM@CFQDQJc@He@l@cDHg@`@_CFc@Pu@^qAXZTPNLMp@G\ADQlAd@ZLLAV?\FRN@??VIWHOAGS?]@WMMe@[PmA@EF]Lq@\cAL]LFHF`AdAp@r@NFl@^d@^r@bAxFbGCn@Qd@_AhACDWb@Yz@a@`BOHK@k@EMBGFEFCPALAp@?JAHAHAHCBAFEHe@WmAo@AAKGyBmAqEiC[QOAM?KAKAQAM@SFURa@`@IHa@d@q@p@S\EDWVDNb@nBBHHd@XtAKXEGCEWZEMIQ	Click to Generate
S2	60	1			3	Path near the Cholera Monument, Sheffield (S2)	Sheffield Inclusion Centre (S2)	Manor Fields (S2)	7359	5519	c|wdI`f|Gb@GB`@AF?BABABABC@A@}B^G@EBEDABGJc@c@EC_A_ACCuAuA{@y@SQg@g@IKGMvAaDjAlBIZADAF?D?\?z@?F@DBFBFCGCGAE?G?{@?]?E@G@EH[??kAmBFMtAeDtA}CBElCkGl@wA@CXo@JWhBkEfEmMBE@ABATA@k@@o@@y@BgA@QJyFJuFDuBD}BFoC?K@k@TUZ]fBeBRS^]BADEFG~BuBrFgFDEFEzCuCv@u@|@_ARQDEDEx@u@^]nAqA\m@~@cBf@aA^m@`@u@h@_AFMDIP[HMDIDKDEb@w@HKd@{@jBkDj@cABFBFj@lAVj@d@`ATf@Tf@@Bl@rAb@~@FL`@~@b@hARl@?BN`@UTu@t@qBjBw@v@eAbAcA~@I[Ke@GUw@_DCGIUOEIAGA?S?O?KCQKc@e@{AIUCGMc@KKGGIGCCEAK?i@~@a@t@_@l@g@`A_AbB]l@oApA_@\y@t@EDEDSP}@~@c@kBd@g@jBu@nCgBVa@^mBYyAaAmFu@cEY_Ba@yBkAaHCOS_AW]m@GS@??eD|BaBhAOb@f@rCjAhHuBxAc@Zk@`@e@ZwBxAg@Xs@f@xApKtAxKr@vE_CtBGFEDC@_@\SRgBdB[\UTAj@?JGnCE|BEtBKtFKxFAPCfAAx@An@Aj@U@C@A@CDgElMiBjEKVYn@ABm@vAmCjGCDuA|CuAdDGLwA`DFLHJf@f@RPz@x@tAtABB~@~@DBb@b@FK@CDEDCFA|B_@@ABA@C@C@C?C@GCa@c@F	Click to Generate
S2	60	1			3	Burton Roofing Merchants (S2)	Makro (S2)	Mather Community Park (S2)	5847	4385	q_ydIdzuGEEUQYSg@g@Sr@Kd@c@`BMf@Ol@St@Of@_@fAS]Vu@Ni@CHK^Wt@R\a@z@u@`BUf@INmAfBOTkAvA[f@u@~@SWY]UYW]EGOQW[t@uAl@cA??P^R`@R`@Rb@BHNZTf@jAwANUlAgBHOTg@t@aB`@{@^gANg@Ru@Nm@Lg@b@aBJe@Rs@Z{@Xg@bAqAF]Dc@Ca@CW@UFWFMDEHEJAFBD@HJDJDLVx@P`@h@`@^Ph@Jb@F\EPINMNSN_@dA{D|@mD~@mD^aBfAiFv@qDXuA`@eBz@{F|@_Ft@gEr@}DB[@O?OEUA_@A_@C]I[KSKOGGoBiBeCuB}AeAo@a@o@_@k@bECLIn@y@jFq@xE]rBUhAtAlAf@b@j@l@U|@]z@e@|@s@v@g@`@MJ_Bt@Ks@SaBn@wA`@gAZ_A\oADWFUTiA\sBp@yEx@kFHo@BMj@cEJg@xDfCtBjBpAjAPNDD\ZTVHFHDF@F?HEFEDCPCJ@VJXRXRPVJNDNHd@Fd@@P?PARAPIVGNIHGBG@MBI?WR[n@uAhFg@nBaEzNk@bCi@`Cy@zDy@tDO`BkAlGE`@?^?^D^D\Lf@Lv@?b@A`@EXETMVONUFU?UEUSqBaBwAsAyAaAKGYOCBOXm@`@cApAYf@[z@f@f@XRTPDD	Click to Generate
S2	20	1			3	Wobbly Wheel Cyclery (S2)	Daughters (S2)	74th Oak Street Scout Group (S2)	1638	1228	u_tdIf{}GRAMyIF?v@GbAG?FJtGL`HlBIDbBmClGkBfEgAdCqAwBIM\{@~BsFTg@E[IcFImDMyIE?o@DEmCCsBAq@AKv@EJ~HLxIS@	Click to Generate
S2	20	1			3	Anna Roberts (S2)	Virgin Crucible (S2)	The Hardy Pick (S2)	1818	1364	motdInp`H@@RNDDNJ\T\XRPQr@CFAFWtA[zAERMj@AD?B?B?D@B@BJFr@d@FDFDl@wCBONu@XwAQWIKKM??KKKKMKSQ]Y]UOKEESOSQKICCGGCEEIEIEGKUISCKGMEMCKCMIi@ESESEOGSc@w@GGC[BEHENIPI`@QDC\MJCFCHCDAD?R?P?F?PBD?`@ENCWeDCUCOIQIWM]Zk@[j@L\HVHPBNBTBXRjCRGDCHGFGBCBEDEv@pBlAzCHPf@{@Se@GO_@}@JSV_@c@r@^|@FNRd@g@z@IQmA{Cw@qBEDCDCBGFIFEBSFOBa@DE?KJIFCBIF?R@R?JEh@A^Ad@EpA?`A?f@?L?P?JBVPN	Click to Generate
S2	30	1			3	Leaves (S2)	Windy House Lane Pocket Park (S2)	UBU (S2)	2605	1954	}dudIfhvGINVo@Xw@L[d@y@@E@E?C@E?E?G?E?C?EAC?A?EAEAEAGCEAEEG[SmBkAGT]xAENa@jAq@|ASb@Q\_@r@q@z@pBvC??qBwCm@q@A?u@y@{A}AOOELCFCBg@^AGGW??FV@Ff@_@BCBGDMNNzA|At@x@@?l@p@IJcAnAGF{@v@w@^k@^u@Ts@RYDYDg@HG??TBx@Bl@Fj@FX@HDRJ\`AzB`AtBJR@BLYRYBCDINUNY^q@BEzAqC`ByC|A}C^q@`AgB`AmBVo@Xw@L[d@y@Ra@DIJUHOJSJQ`@_AN]FSTw@DOP_ABONYJg@DUDUBE@CBAB?B?D?D@DD^|@Tn@N\Rl@Jd@@HAd@ATCNENENGVGTEPKRi@F_@DODM@{@FWTO@]BK@GBC@IDGBIHEDEDABCB}AlC	Click to Generate
S2	20	1			3	Casa Italia (S2)	Alam Hill Books (S2)	Boots (S2)	1709	1282	aktdIde_HS_@QYEJWj@Yp@CTz@\\PJDNHFFJHNLFHFDHHZZPNZTELg@s@[[IIGEGIOMKIGGOIKE]Q{@]BUXq@Vk@DKj@wAxAiDdC}FHLpAvBiC`GiA~C_@hAY~@K^NLFHFDHHZZl@d@X\dAhANPJJEJCFILCHEJKh@ITGXIA??AAAAEICEAEUg@BqAD@T^CjAEJ@DHN@@@@??H@FYAQDq@BKBQJS[]{@iAMQg@s@[[IIGEGIOMKIGGOIKE]Q{@]BUXq@Vk@DKPXR^	Click to Generate
S2	60	1			3	Path near the Cholera Monument, Sheffield (S2)	Sheffield Inclusion Centre (S2)	Manor Fields (S2)	7164	5373	g~wdInh|G_@FG@EBEDABGJc@c@EC_A_ACCuAuA{@y@SQg@g@IKGMvAaDjAlBIZADAF?D?\?z@?F@DBFBFCGCGAE?G?{@?]?E@G@EH[??kAmBFMtAeDtA}CBElCkGl@wA@CXo@JWhBkEfEmMBE@ABATA@k@@o@@y@BgA@QJyFJuFDuBD}BFoC?K@k@TUZ]fBeBRS^]BADEFG~BuBrFgFDEFEzCuCv@u@|@_ARQDEDEx@u@^]nAqA\m@~@cBf@aA^m@`@u@h@_AFMDIP[HMDIDKDEb@w@HKd@{@jBkDj@cABFBFj@lAVj@d@`ATf@Tf@@Bl@rAb@~@FL`@~@b@hARl@?BN`@UTu@t@qBjBw@v@eAbAcA~@I[Ke@GUw@_DCGIUOEIAGA?S?O?KCQKc@e@{AIUCGMc@KKGGIGCCEAK?i@~@a@t@_@l@g@`A_AbB]l@oApA_@\y@t@EDEDSP}@~@c@kBd@g@jBu@nCgBVa@^mBYyAaAmFu@cEY_Ba@yBkAaHCOS_AW]m@GS@??eD|BaBhAOb@f@rCjAhHuBxAc@Zk@`@e@ZwBxAg@Xs@f@xApKtAxKr@vE_CtBGFEDC@_@\SRgBdB[\UTAj@?JGnCE|BEtBKtFKxFAPCfAAx@An@Aj@U@C@A@CDgElMiBjEKVYn@ABm@vAmCjGCDuA|CuAdDGLwA`DFLHJf@f@RPz@x@tAtABB~@~@DBb@b@FK@CDEDCFA^G	Click to Generate
S2	20	1			3	Arman Food Store (S2)	Virgin Crucible (S2)	The Hardy Pick (S2)	1818	1364	sotdIhp`HFFRNDDNJ\T\XRPQr@CFAFWtA[zAERMj@AD?B?B?D@B@BJFr@d@FDFDl@wCBONu@XwAQWIKKMEEEEKKMKSQ]Y]UOKEESOSQKICCGGCEEIEIEGKUISCKGMEMCKCMIi@ESESEOGSc@w@GGC[BEHENIPI`@QDC\MJCFCHCDAD?R?P?F?PBD?`@ENCWeDCUCOIQIWM]Zk@[j@L\HVHPBNBTBXRjCRGDCHGFGBCBEDEv@pBlAzCHPf@{@Se@GO_@}@JSV_@c@r@^|@FNRd@g@z@IQmA{Cw@qBEDCDCBGFIFEBSFOBa@DE?KJIFCBIF?R@R?JEh@A^Ad@EpA?`A?f@?L?P?JBVJH	Click to Generate
S2	20	1			3	Temple Park Centre (S2)	Manor Park Medical Centre (S2)	Castle View Park (S2)	1839	1379	}wwdIbhvGCSCINWs@aBsAkCEDK@GCGICMAM@M@GDIFEFAHBDHx@gAZc@TSVMRGF?ARGV?p@?I?g@FW@SG?SFWLUR[b@y@fADJ@L?FCLEJEDK@GCGICMAM@M@GDIFEFA??HBDHDJ@L?FCLEJrAjCr@`Bl@bBJSh@{@NUHEHAL?jBb@jA`@zBp@^Lp@T|Ah@l@^Zb@Pb@BH@DHd@Dr@A`AKv@ENe@jAe@aAQUyDq@WGaAOq@a@QSUe@KOa@n@mBxCoAyCoAyCZi@IOR_@F[?SA[CO	Click to Generate
S2	20	1			3	Valley Road Garage (S2)	International Automatic Cars (S2)	Casa Italia (S2)	1722	1292	sftdIrx~GvAgD\{@~@wBtAcDtBwElBIDbBmClGkBfEgAdCqAwBIM_FfLk@vAPXVd@H@t@aBu@`BIACES_@QYEJWj@Yp@CTz@\\PJDNHFFJHNLFHFDHHZZPNZTELg@s@[[IIGEGIOMKIGGOIKE]Q{@]BUXq@Vk@DKj@wAfC_G	Click to Generate
S2	30	1			3	Temple Park Centre (S2)	Castle View Park (S2)	Hair & Beauty Lounge (S2)	2973	2230	k|wdIlavG_@l@KWESC?A?MIp@kACMAM@M@GDIFEFAHBDHx@gAZc@TSVMRGF?ARGV?p@?I?g@FW@SG?SFWLUR[b@y@fADJ@L?FCLEJrAjCr@`Bl@bBJSh@{@NUHEHAL?jBb@jA`@zBp@^Lp@T|Ah@l@^Zb@Pb@BH@DHd@Dr@A`AKv@ENe@jAe@aAQUyDq@WGaAOq@a@QSUe@KO^}@\cBNwBkAa@kBc@M?I@IDOTi@z@KRm@cBs@aBsAkCEDK@GCGICMAM@M@GDIFEFAHBDHx@gAZc@TSVMRGF?PAjABz@Bf@Dp@Ap@Kr@c@v@_A~@mB\q@Vg@Cm@??^w@ZHq@tAEDWf@]p@_AlBw@~@s@b@q@Jq@@g@E{@CkACQ@G?SFWLUR[b@y@fADJ@L?FCLEJEDK@GCGIq@jALH@?B?BEVWFCF?F@HBENEH	Click to Generate
S2	30	1			3	UBU (S2)	Leaves (S2)	Sheffield Inclusion Centre (S2)	2752	2064	iwudInewGP[LYRYBCDINUNY^q@BEzAqC`ByC|A}C^q@`AgB`AmBVo@Xw@L[d@y@@E@E?C@E?E?G?E?C?EAC?A?EAEAEAGCEAEEG[SmBkAGT]xAENa@jAq@|ASb@Q\_@r@q@z@pBvC??qBwCIJcAnAGF{@v@w@^k@^u@Ts@RYDYDg@HG??TBx@Bl@Fj@FX@HDRJ\`AzB`AtBJR@BwAfCm@lA]p@BFBFj@lAVj@d@`ATf@Tf@@Bl@rAb@~@FL`@~@b@hARl@?BN`@UTu@t@qBjBw@v@eAbAcA~@I[Ke@GUw@_DCGIUOEIAGA?S?O?KCQKc@e@{AIUCGMc@EQCE?EAGAG?CAI?I@I?I@E@CDIDKDEb@w@HKd@{@jBkDj@cA\q@l@mAdAkB	Click to Generate
S2	30	1			3	GoLocalExtra (S2)	UBU (S2)	Windy House Lane Pocket Park (S2)	2510	1882	_kudIdpvGqBwCp@{@^s@P]Rc@p@}A`@kADO\yAFU_BcAFk@XPb@`@RLHDDBXPjBnAh@?H?FALCJEHGHKFMN]FSTw@DOP_ABONYJg@DUDUBE@CBAB?B?D?D@DD^|@Tn@N\Rl@Jd@@HAd@ATCNENENGVGTEPKRi@F_@DODM@{@FWTO@]BK@GBC@IDGBIHEDEDABCBgB|Cq@rAOXaAfB_@p@}A|CaBxC{ApCCD_@p@OXOTEHCBSXMXACKSaAuBaA{BK]ESAIGYGk@Cm@Cy@?UF?f@IXEXEr@St@Uj@_@v@_@z@w@FGbAoAHKm@q@A?u@y@{A}AOOELCFCBg@^AGGW??FV@Ff@_@BCBGDMNNzA|At@x@@?l@p@pBvC	Click to Generate
S2	45	1			3	Bronze & Polished (S2)	Sheffield Inclusion Centre (S2)	Leaves (S2)	3077	2308	syudI`iwGBEvAgCLYRYBCDINUNYJORa@~AwC`ByC|A}C@DHNf@bALZBFPh@Lb@?BH\Jt@Hv@Dh@@JIJMRQ^]r@m@nA@TPvBNjCHhBFjAD|ADlAB~@G?I@MHo@l@k@h@k@h@gAdAa@^WTUTu@t@qBjBw@v@eAbAcA~@I[Ke@GUw@_DCGIUOEIAGA?S?O?KCQKc@e@{AIUCGMc@EQCE?EAGAG?CAI?I@I?I@E@CDIDKDEb@w@HKd@{@jBkDj@cA\q@l@mAvAgCACKSaAuBaA{BK]ESAIGYGk@Cm@Cy@?UF?f@IXEXEr@St@Uj@_@v@_@z@w@FGbAoAHKpBvC??qBwCIJcAnAGF{@v@w@^k@^u@Ts@RYDYDg@HG??TBx@Bl@Fj@FX@HDRJ\`AzB`AtBJR@BwAfCCD	Click to Generate
S2	20	1			3	Top Chopper (S2)	Broadfield Park (S2)	The Hardy Pick (S2)	1661	1246	_ktdIdt`HCCMKSQ]Y]UOKEESOSQKIEd@?BDi@CCGGCEEIEIEGKUISCKGMEMCKCMIi@ESESEOGSc@w@GGC[BEHENIPI`@QDC\MJCFCHCDAD?R?@NBJ@F?R@R?JEh@A^Ab@?@EpA?HAHCHAHAFIVEJCHKVKUISCKGMEMCKCMIi@ESESEOGSc@w@GGC[BEHENIPI`@QDC\MJCFCHCDAD?R?P?F?PBD?`@ENCRGDCHGFGBCBEDEv@pBlAzCHPf@{@Se@GO_@}@JSV_@c@r@^|@FNRd@g@z@IQmA{Cw@qBEDCDCBGFIFEBSFOBa@DE?KJIFCBIF?R@R?JEh@A^Ad@EpA?`A?f@?L?P?JBVRPRNDDNJ\T\XRPLJBB	Click to Generate
S2	30	1			3	Windy House Lane Pocket Park (S2)	Leaves (S2)	UBU (S2)	2134	1600	c|udIf}uG^^~DjEELCFCBg@^AGGW??FV@Ff@_@BCBGDMNNzA|At@x@@?l@p@pBvC??qBwCIJcAnAGF{@v@w@^k@^u@Ts@RYDYDg@HG??TBx@Bl@Fj@FX@HDRJ\`AzB`AtBJR@BLYRYBCDINUNY^q@BEzAqC`ByC|A}C^q@`AgB`AmBVo@Xw@L[d@y@@E@E?C@E?E?G?E?C?EAC?A?EAEAEAGCEAEEG[SmBkA_BcAsA}@UQoA_Ae@g@EIY]MLKHQB]?QKSSQPyA|AABe@f@w@v@Y\AJAL?BETTV	Click to Generate
S2	30	1			3	I Said Bread (S2)	Kingdom Hall of Jehovah's Witnesses (S2)	Wobbly Wheel Cyclery (S2)	2434	1826	oatdI`h~Gw@@Q@yAfAM@EE|@eDJy@BcA?m@QuEW_G?WF?lAL`@?LAJlIDDt@ARAHlDHbFDZuCzG]z@_FfLeA_BdA~AfC_GvAgD\{@tC{GtBwEMaHKuG?GcAFw@FG?E?o@DWBM@a@?mAMG??VV~FPtE?l@CbAKx@}@dDDDLAxAgAPAv@A	Click to Generate
S2	60	1			3	Path up to the Cholera Monument, Sheffield (S2)	Substantial Victorian houses in Norfolk Road (S2)	Sheffield Inclusion Centre (S2)	5721	4291	c|wdI`f|Gb@GB`@AF?BABABABC@A@u@LgAPG@EBEDABGJc@c@EC_A_ACCuAuA{@y@SQg@g@IKGMvAaDFMn@}Ad@gAtA}CBElCkGl@wA@CXo@JWhBkEfEmMBE@ABATA@k@@o@@y@BgA@QJyFJuFDuBD}BFoC?K@k@TUZ]fBeBRS^]BADEFG~BuBrFgFDEFEzCuCv@u@|@_ARQDEDEx@u@^]nAqA\m@~@cBf@aA^m@`@u@h@_AFMDIP[HMDIDKDEb@w@HKd@{@jBkDj@cABFBFj@lAVj@d@`ATf@Tf@@Bl@rAb@~@FL`@~@b@hARl@?BN`@UTu@t@qBjBw@v@eAbAcA~@I[Ke@GUw@_DCGIUOEIAGA?S?O?KCQKc@e@{AIUCGMc@KKGGIGCCEAK?i@~@a@t@_@l@g@`A_AbB]l@oApA_@\y@t@EDEDSP}@~@w@t@{CtCGDEDsFfF_CtBGFEDC@_@\SRgBdB[\UTAj@?JGnCE|BEtBKtFKxFAPCfAAx@An@Aj@U@C@A@CDgElMiBjEKVYn@ABm@vAmCjGCDuA|CuAdDGLwA`DFLHJf@f@RPz@x@tAtABB~@~@DBb@b@FK@CDEDCFA|B_@@ABA@C@C@C?C@GCa@c@F	Click to Generate
S2	45	1			3	Arbourthorne Community Primary School (S2)	ExtraCare (S2)	Newfield Green Dental Surgery (S2)	3724	2793	ymtdIxiyG_@IAVCx@Ev@G~@GdAKzACb@Gz@?FIfAGt@E`@Kz@EZEXG\_@SUMk@]i@]i@c@OKSSKIMK[_@Q[OSM[GOCEK]GSJKHGFADDDJBFFFBAtAy@??uAx@C@GGCGEKEEG@IFKJFRJ\BDFNLZNRPZZ^LJJHRRNJh@b@h@\j@\TL^RSz@Qv@Wx@Od@MXGNMXSd@EHGHMVHR@BBBHDJ?F?FC`B]r@On@OVGFAF?F?F?PD`@LH@l@XLHPJRAFAH?DCHCBGLW@EJSJQLSFIBG@AN[@EFIBENYR[HMJOTUPOhBaBLKJMJM`@k@BCPYf@s@AKAI?M?K?I@]AS?[A]EYISIMKGGAU@CBMJIJi@dAQ\g@`AUd@CBc@|@a@x@dAwBBCTe@f@aAP]h@eAHKLKBCTAF@JFHLHRDX@\?Z@RA\?H?J?L@H@Jg@r@QXCBa@j@KLKLMJiB`BQNUTKNILSZOXCDGHADOZA@CFGHMRKPKRADMVCFITEHCLKIGGEGGGQKMIm@YIAFu@HsA?Ic@Gb@F?HIrAGt@H@l@XLHPJRAD?@AH?DCHCBGLW@EJSJQLSFIBG@AN[@EFIBEKSGKFJJRCDGHADOZA@CFGHMRKPKRADMVCFITEHCLKIGGEGGGQKMIm@YIAFu@HsA?IBe@@OEQMIK?a@NK@KEGKGOAS?C?WJo@@KPy@Py@H]@GLm@VqADSBKJw@@IAUCQIMICEAQHYTSRQRGDGFIBEA[EBc@J{AFeAF_ADw@By@@W^H	Click to Generate
S2	60	1			3	Burton Roofing Merchants (S2)	Pentagon Jeep (S2)	Sheffield Animal Centre (S2)	4419	3314	otydI~kvGP^R`@R`@Rb@BHNZTf@jAwANUlAgBHOTg@t@aB`@{@S]Vu@Ni@CHK^Wt@R\^gANg@Ru@Nm@Lg@b@aBJe@Rs@f@f@XRTPn@f@k@pCGVg@zB@ZVb@XRTPNLFFTR_@hBOr@Ns@^iBUSGGOMUQYSWc@A[f@{Br@iDo@g@UQYSg@g@Sr@Kd@c@`BMf@Ol@St@Of@_@fAa@z@u@`BUf@INmAfBOTkAvA[f@u@~@ELGJy@fB]`AK\g@dBSz@UhACPQjAKx@QvAIt@Kr@CNe@xBUa@QYOQCCu@e@OIq@_@k@Wm@]_@Sc@WcAk@_@Sm@]ECKEe@WmAo@AAKGyBmAqEiC[Q[SEGGGKMEKAI?KNM@CFQDQJc@He@l@cDHg@`@_CFc@Pu@^qAXZTPNL\cAL]LFHF`AdAp@r@NFl@^d@^r@bAxFbGCn@Qd@_AhACDWb@Yz@a@`BvAv@f@X|@f@DH@PKn@a@vCj@Vp@^NHt@d@BBNPPXT`@d@yBBOJs@Hu@PwAJy@PkABQTiAR{@f@eBJ]\aAx@gBFKDMt@_AZg@Ug@O[CISc@Sa@Sa@Q_@	Click to Generate
S2	20	1			3	Porcelanosa (S2)	Alam Hill Books (S2)	Heeley Sidings (S2)	1589	1192	_ktdI~h_H@@NHFFJHNLFHFDHHZZl@d@ELGRENADECUK_@QGC@Y?G@IDUDQIIGEGIOMKIGGOIKE]Q{@]BUXq@Vk@DKj@wAxAiDdC}FHLpAvBiC`GiA~C_@hAY~@K^NLFHFDHHZZl@d@X\dAhANPJJEJCFILCHEJKh@ITGXD\@B@@BFn@pARa@R]u@}AMV@R@Dj@hAS`@o@qAEIACE]FYAQDq@BKBQJS[]{@iAMQg@s@[[IIGEGIOMKIGGOIAA	Click to Generate
S2	60	1			3	Castle View Park (S2)	St Swithun (S2)	Hair & Beauty Lounge (S2)	6401	4801	swvdIf}vG??eD|BaBhAOb@f@rCjAhHuBxAc@Zk@`@e@ZwBxAg@Xs@f@aB`AGc@MqAImBEu@MkCbAw@FQHe@H_AX{Cv@sADIDKvBsDrBaDe@aAQUyDq@WGaAOq@a@QSUe@KO^}@\cBNwBkAa@kBc@M?I@IDOTi@z@KRm@cBs@aBsAkCEDK@GCGICMAM@M@GDIFEFAHBDHx@gAZc@TSVMRGF?PAjABz@Bf@Dp@Ap@Kr@c@v@_AFHR\TZ`@`@hBbAdCvADBVNNFNFRDP?TIRMd@y@d@{@`AmBNUh@u@d@o@`@]LKj@e@|@g@TITCRA`@ALGDEJKFMFHDD`AdAdBjBCJe@nCKjDXI~@UbB_@`@K?Q@QF[JWHIJGHC?SMaEE_CGqAKk@Qi@Uc@IKMM_@Ym@a@c@WGEAFEBC@E?ECCCCG?I?IICaDwAUMaDuAAAeCeAoAi@OGOVc@|@INGHgB~CaBjDw@zAOX]n@GL[I_@v@??Bl@Wf@]p@_AlBw@~@s@b@q@Jq@@g@E{@CkACQ@G?SFWLUR[b@y@fADJ@L?FCLEJrAjCr@`Bl@bBaA|A[h@nAxCnAxCKRs@jAh@bA^Vd@@BCJIRQlApChAjCd@fAYzCI~@Id@GPcAv@LjCDt@HlBLpAFb@`BaAr@g@f@YvByAd@[j@a@b@[tByAkAiHg@sCNc@`BiAdD}B??	Click to Generate
S2	30	1			3	Temple Park Centre (S2)	Castle View Park (S2)	Hair & Beauty Lounge (S2)	3012	2259	yzwdIdbvGO]CCGGIGICGAG?GBWVCDC?A?MIp@kACMAM@M@GDIFEFAHBDHx@gAZc@TSVMRGF?ARGV?p@?I?g@FW@SG?SFWLUR[b@y@fADJ@L?FCLEJrAjCr@`Bl@bBJSh@{@NUHEHAL?jBb@jA`@zBp@^Lp@T|Ah@l@^Zb@Pb@BH@DHd@Dr@A`AKv@ENe@jAe@aAQUyDq@WGaAOq@a@QSUe@KO^}@\cBNwBkAa@kBc@M?I@IDOTi@z@KRm@cBs@aBsAkCEDK@GCGICMAM@M@GDIFEFAHBDHx@gAZc@TSVMRGF?PAjABz@Bf@Dp@Ap@Kr@c@v@_A~@mB\q@Vg@Cm@??^w@ZHq@tAEDWf@]p@_AlBw@~@s@b@q@Jq@@g@E{@CkACQ@G?SFWLUR[b@y@fADJ@L?FCLEJEDK@GCGIq@jALH@?B?BEVWFCF?F@HBHFFFBBN\	Click to Generate
S2	20	1			3	St Vincent's (S2)	Temple Park Centre (S2)	Hair & Beauty Lounge (S2)	1483	1112	k|wdIt|uG??HBDHDJ@L?FCLEJrAjCr@`BOV_@}@k@qAWm@CCGGIGICGAG?GBWVCDC?A?MIp@kACMAM@M@GDIFEFAHBDHx@gAZc@TSVMRGF?ARGV?p@?I?g@FW@SPAjABz@Bf@Dp@Ap@Kr@c@v@_A~@mB\q@Vg@Cm@??^w@ZHq@tAEDWf@]p@_AlBw@~@s@b@q@Jq@@g@E{@CkACQ@G?SFWLUR[b@y@fADJ@L?FCLEJEDK@GCGICMAM@M@GDIFEFA	Click to Generate
S2	20	1			3	Manor Park Medical Centre (S2)	Temple Park Centre (S2)	Castle View Park (S2)	1802	1352	gzwdIfcvGa@_ACCGGIGICGAG?GBWVCDC?A?MIp@kACMAM@M@GDIFEFA??HBDHx@gAZc@TSVMRGF?ARGV?p@?I?g@FW@SG?SFWLUR[b@y@fADJ@L?FCLEJrAjCr@`Bl@bBJSh@{@NUHEHAL?jBb@jA`@zBp@^Lp@T|Ah@l@^Zb@Pb@BH@DHd@Dr@A`AKv@ENe@jAe@aAQUyDq@WGaAOq@a@QSUe@KO^}@\cBNwBkAa@kBc@M?I@IDOTi@z@KRm@cBOV_@}@a@_A	Click to Generate
S2	30	1			3	Windy House Lane Pocket Park (S2)	UBU (S2)	Leaves (S2)	2424	1818	a~udIh_vGAk@I@EAGAECEEGGEKIWE]?Q@QF[JWHIJGHCP@LBDDDHDNHZ@N@NAJAL?BETt@v@~DjEELCFCBg@^AGGW??FV@Ff@_@BCBGDMNNzA|At@x@@?l@p@IJcAnAGF{@v@w@^k@^u@Ts@RYDYDg@HG??TBx@Bl@Fj@FX@HDRJ\`AzB`AtBJR@BLYRYBCDINUNY^q@BEzAqC`ByC|A}C^q@`AgB`AmBVo@Xw@L[d@y@@E@E?C@E?E?G?E?C?EAC?A?EAEAEAGCEAEEG[SmBkAGT]xAENa@jAq@|ASb@Q\_@r@q@z@pBvC??qBwCm@q@A?u@y@{A}AOO_EkEu@w@CFCFGJEDGDEBE@@j@	Click to Generate
S2	20	1			3	Leaves (S2)	Windy House Lane Pocket Park (S2)	UBU (S2)	1867	1400	qeudIhivGHQVo@Xw@L[d@y@@E@E?C@E?E?G?E?C?EAC?A?EAEAEAGCEAEEG[SmBkAGT]xAENa@jAq@|ASb@Q\_@r@q@z@pBvC??qBwCm@q@A?u@y@{A}AOOELCFCBg@^AGGW??FV@Ff@_@BCBGDMNNzA|At@x@@?l@p@IJcAnAGF{@v@w@^k@^u@Ts@RYDYDg@HG??TBx@Bl@Fj@FX@HDRJ\`AzB`AtBJR@BLYRYBCDINUNY^q@BEzAqC`ByC|A}C^q@`AgBv@{A	Click to Generate
S2	30	1			3	Leaves (S2)	Windy House Lane Pocket Park (S2)	UBU (S2)	2605	1954	idudIhgvG]l@Vo@Xw@L[d@y@@E@E?C@E?E?G?E?C?EAC?A?EAEAEAGCEAEEG[SmBkAGT]xAENa@jAq@|ASb@Q\_@r@q@z@pBvC??qBwCm@q@A?u@y@{A}AOOELCFCBg@^AGGW??FV@Ff@_@BCBGDMNNzA|At@x@@?l@p@IJcAnAGF{@v@w@^k@^u@Ts@RYDYDg@HG??TBx@Bl@Fj@FX@HDRJ\`AzB`AtBJR@BLYRYBCDINUNY^q@BEzAqC`ByC|A}C^q@`AgB`AmBVo@Xw@L[d@y@Ra@DIJUHOJSJQ`@_AN]FSTw@DOP_ABONYJg@DUDUBE@CBAB?B?D?D@DD^|@Tn@N\Rl@Jd@@HAd@ATCNENENGVGTEPKRi@F_@DODM@{@FWTO@]BK@GBC@IDGBIHEDEDABCBiAnB	Click to Generate
S2	20	1			3	Boots (S2)	Meersbrook Park Church (S2)	Alam Hill Books (S2)	1457	1093	kgtdIfl_Hd@^X\dAhANPJJEJCFILCHEJKh@ITGXIA??AAAAEICEAEUg@BqAD@T^CjAEJ@DHN@@@@??H@FYAQDq@BKBQJSNMJJPRPTRZ@BBDDHN^LZZ`A[k@KQIQOUOWWa@EGW[QQ[]{@iAMQg@s@[[IIGEGIOMKIGGOIKE]Q{@]BUXq@Vk@DKj@wAxAiDdC}FHLpAvBiC`GiA~C_@hAY~@K^NLFHFDHHZZFD	Click to Generate
S2	60	1			3	HSS Hire (S2)	Burton Roofing Merchants (S2)	Manor Park Medical Centre (S2)	7720	5790	cuxdIvdtGMJ_Bt@Ks@SaBn@wA`@gAZ_A\oADWFUTiA\sBp@yEx@kFHo@BMj@cEJg@xDfCtBjBpAjAPNDD\ZTVHFHDF@F?HEFEDCPCJ@VJXRXRPVJNDNHd@Fd@@P?PARAPIVGNIHGBG@MBI?WR[n@uAhFg@nBaEzNk@bCi@`Cy@zDy@tDO`BkAlGE`@?^?^D^D\Lf@Lv@?b@A`@EXETMVONUFU?UEUSqBaBwAsAyAaAKGYOCBOXm@`@cApAYf@[z@f@f@XRTPn@f@NLJEd@qBNJnAbADNk@fCILqAkAEO@g@KDOMi@a@EEUQYSg@g@Sr@Kd@c@`BMf@Ol@St@Of@_@fAS]Vu@Ni@CHK^Wt@R\^gANg@Ru@Nm@Lg@b@aBJe@Rs@Z{@Xg@bAqAF]Dc@Ca@CW@UFWFMDEHEJAFBD@HJDJDLVx@P`@N\n@x@vArApB`BTRTDT?TGNOLWDUDY@a@Mk@OWQKMCQDSNMXWbAa@bBm@dCg@zBm@fBi@dCWvByBfKU~@SdAa@dCcA|HW~ADRDJDFLCf@W`AcAp@s@hC_BNUFOPWZ}@j@_Bd@sA~@oCVs@d@sA^iAL[LUTa@\e@Z[VSXO^Ol@QXORMTS^]v@kANYrBkDp@kACMAM@M@GDIFEFA??HBDHx@gAZc@TSVMRGF?PAjABz@BDgBJ}AJ{@VyB^_DP}AV{BTeBPsAPcAl@kBHO??FMpAeCGyAYyFCi@GoAK{B[QGEIEOMy@g@s@i@q@o@aAgAa@a@QWW]EIOSw@gAIMIGECICW?GBG@MBI?]KQIIGq@k@GIEIEKCOEUA_@A_@C]I[KSKOGGoBiBeCuB}AeAo@a@o@_@k@bECLIn@y@jFq@xE]rBUhAtAlAf@b@j@l@U|@]z@e@|@s@v@g@`@	Click to Generate
S2	45	1			3	Premier, Steve's Convenience Shop (S2)	Meersbrook Park Church (S2)	Kingdom Hall of Jehovah's Witnesses (S2)	3752	2814	}lsdIta_HIlAtDc@^EJ@Hw@LeAn@uDBS?_@?W?gDAqADo@BYLm@HMLISkDE[CQeAoFOu@U?_Be@e@G{@@a@JsC~@yCz@BbCDbBmClGeAiB??dAhBkBfEgAdCiC`GiA~C_@hAY~@K^NLFHFDHHZZl@d@X\dAhANPJJPRPTRZ@BBDDHN^LZZ`A[k@KQIQOUOWWa@EGW[QQ[]{@iAMQg@s@[[IIGEGIOMKIGGOIKE]Q{@]BUXq@Vk@DKj@wAfC_GvAgDHLpAvBiC`GiA~C_@hAY~@K^NLFHFDHHZZl@d@X\dAhANPJJPRPTRZDHDHN^LZZ`AZ~@v@hCV|@DLFRBFJd@DJBJPj@BHLQjAiAb@e@z@}@RUDEbAaAvAcACy@E_AEuBCoD@mAFyALsBDIHmA	Click to Generate
S2	45	1			3	Boots (S2)	Another Level (S2)	The Hardy Pick (S2)	3184	2388	o`tdIvs_HBDDHN^LZZ`A[k@KQIQOUOWWa@EGW[ILCHEJKh@ITGXIA??AAAAEICEAEUg@BqAD@T^CjAEJ@DHN@@@@??H@FYAQDq@BKBQJS[]{@iAMQGRENAD?DAHAJAt@AP?R_AKECCC?C?CLaC@Y?G@IDUDQZZj@b@@@ELg@s@[[IIGEGIOMKIGGOIKEA\GnAKnCALCJEFYn@CD?DAD?B?D@D@DXj@fAzBLZFTDRF`@@^E@C@A?C@EBCDe@p@v@pBlAzCHPf@{@Se@GO_@}@JSV_@c@r@^|@FNRd@g@z@IQmA{Cw@qBEDCDCBGFIFEBSFOBa@DE?KJIFCBIFEACACCCAAGGQCIEMAGEKEOISQk@]u@oAeDg@kAeAgCi@oAMc@Y_ACMCICCEIEGEGGEa@UaAm@kBiAmAs@MIIIGGIIGMEIOc@EKAKCME]K}@Gc@Ks@ASEc@Ce@T@B?H?XAFAF?REZ?b@Av@A\?V?J@H@D@B@JDHDHHTRTTX\PTPTZd@`@n@f@t@f@t@HLFFDHLNDFBBVXLLFDXPNJNHPLTH\Pd@PHBFBZLz@\\PJDNHFFJHNLFHFDHHZZl@d@X\dAhANPJJPRPTRZ@B	Click to Generate
S2	45	1			3	74th Oak Street Scout Group (S2)	Cat Lane Bakery (S2)	Wobbly Wheel Cyclery (S2)	3135	2351	abtdItz|GDjAEV`@FZ`CFfCw@D@J@p@BrBDlCWBM@a@?mAMG?E?eE[c@k@}Aw@gAq@[Oq@][a@IOIUMSi@_@P_ABc@Bg@?_@AaA?G?M@I?E@G?C@GBMCEEGMQZg@JSBGBIHW@AH_@FQJa@@EDSJ_@Ng@V_ApCwIBITMHEFCBADAP?RBTFf@VD@@@DBjAr@VJ^FDPAVYnASjAEd@Eb@A\Ab@@\@p@D|@o@LmAPsBVI?i@OgAUu@Qq@QGPI^A@IVCHCFKR[f@LPDFBDF@D@PDPDz@RB?`AT@?TFPB`AVl@NzBf@n@NB?^HNDZ@@ZIj@Q~@Gt@EnAAjAH~A?^F?lAL`@?LAVCn@ED?F?v@GbAG?FJtGnBKKsG?GOqKCK@_@@WAIAIoGeAa@GDWEkA	Click to Generate
S2	20	1			3	Top Chopper (S2)	Broadfield Park (S2)	The Hardy Pick (S2)	1637	1228	qktdIts`H??SQ]Y]UOKEESOSQKIEd@?BDi@CCGGCEEIEIEGKUISCKGMEMCKCMIi@ESESEOGSc@w@GGC[BEHENIPI`@QDC\MJCFCHCDAD?R?@NBJ@F?R@R?JEh@A^Ab@?@EpA?HAHCHAHAFIVEJCHKVKUISCKGMEMCKCMIi@ESESEOGSc@w@GGC[BEHENIPI`@QDC\MJCFCHCDAD?R?P?F?PBD?`@ENCRGDCHGFGBCBEDEv@pBlAzCHPf@{@Se@GO_@}@JSV_@c@r@^|@FNRd@g@z@IQmA{Cw@qBEDCDCBGFIFEBSFOBa@DE?KJIFCBIF?R@R?JEh@A^Ad@EpA?`A?f@?L?P?JBVRPRNDDNJ\T\XRP??	Click to Generate
S2	30	1			3	Newfield Green Library (S2)	Gleadless Medical Centre (S2)	Pizza City (S2)	2701	2026	actdI~_zGbAwBBCTe@f@aAP]h@eAHKLKBCTAF@JFHLHRDX@\?Z@RA\?H?JI?MJ[h@CBQVY`@AL?F?BHRKLKLMJiB`BQNUTKNILSZOXCDGHADOZA@CFGHMRKPKRADHNZl@??[m@IOMVCFITEHCLKIGGEGGGQKMIm@YIAFu@HsA?IBe@@OEQMIK?a@NK@KEGKGOAS?C?WJo@@KPy@Py@H]@GLm@VqADSBKJw@@IAUCQIMICEAQHYTSRQRGDGFIBEA[EBc@J{AFeAF_A@[B[By@@WfATB_@C^gAUAVCx@Ev@G~@GdAKzACb@Gz@?FIfAGt@E`@Kz@EZEXG\Sz@Qv@Wx@Od@MXGNMXSd@EHGHMVHR@BBBHDJ?F?FC`B]r@On@OVGFAF?F?F?PD`@LH@l@XLHPJRAFAH?DCHCBGLW@EJSJQLSFIBG@AN[@EFIBENYR[HMJOTUPOhBaBLKJMJM`@k@BCPYf@s@AKAI?M?K?I@]AS?[A]EYISIMKGGAU@CBMJIJi@dAQ\g@`AUd@CBcAvB	Click to Generate
S2	30	1			3	Nether Edge Primary School (S2)	Broadfield Park (S2)	Virgin Crucible (S2)	2460	1845	qytdI~oaHHUJ]BKFWPw@Hc@TkANq@`@_CFc@d@uE^aEL_BFi@BM?EBG@EN]DFDHDHBDFFBBJHRPRNDDNJ\T\XRPQr@CFAFUhAAJ[zAERMj@AD?B?B?D@B@BJFr@d@FDFDl@wCBONu@XwAQWIKKMKKKKMKSQ]Y]UOKEESOSQKICCGGCEEIEIEGKUISCKGMEMCKCMIi@ESESEOGSc@w@GGC[BEHENIPI`@QDC\MJCFCHCDAD?R?@NBJ@F?R@R?JEh@A^Ab@?@EpA?HAHCHAHAFIVEJCHKVKUISCKGMEMCKCMIi@ESESEOGSc@w@GGC[BEHENIPI`@QDC\MJCFCHCDAD?R?P?F?PBD?`@ENCSkCCYCUCOIQIWM]Zk@[j@L\HVHPBNBTVdDOBa@DE?KJIFCBIF?R@R?JEh@A^Ad@EpA?HAHCHAHAFIVEJCHKVO\ADCF?DCLGh@M~A_@`Ee@tEGb@a@~BOp@UjAIb@Qv@GVCJK\IT	Click to Generate
S2	30	1			3	Broadfield Park (S2)	The Hardy Pick (S2)	Virgin Crucible (S2)	2195	1646	_mtdIbx`HAJ[zAERMj@AD?B?B?D@B@BJFr@d@FDFDl@wCBONu@XwAQWIKKMKKKKMKSQ]Y]UOKEESOSQKICCGGCEEIEIEGKUISCKGMEMCKCMIi@ESESEOGSc@w@GGC[BEHENIPI`@QDC\MJCFCHCDAD?R?@NBJ@F?R@R?JEh@A^Ab@?@EpA?HAHCHAHAFIVEJCHKVKUISCKGMEMCKCMIi@ESESEOGSc@w@GGC[BEHENIPI`@QDC\MJCFCHCDAD?R?P?F?PBD?`@ENCRGDCHGFGBCBEDEv@pBlAzCHPf@{@Se@GO_@}@JSV_@c@r@^|@FNRd@g@z@IQmA{Cw@qBEDCDCBGFIFEBSFSkCCYCUCOIQIWM]Zk@[j@L\HVHPBNBTVdDOBa@DE?KJIFCBIF?R@R?JEh@A^Ad@EpA?`A?f@?L?P?JBVRPRNDDNJ\T\XRPQr@CFAFUhA	Click to Generate
S2	45	1			3	Newfield Green Dental Surgery (S2)	Daily News & Cards (S2)	Pizza City (S2)	3141	2356	_etdIfgzGFJJRCDGHADOZA@CFGHMRKPKRADMVCFITEHCLKIGGEGGGQKMIm@YIAFu@HsA?Ic@Gb@F?HIrAGt@H@l@XLHPJRAD?@AH?DCHCBGLW@EJSJQLSFIBG@AN[@EFIBENYR[HMJOTUPOhBaBLKJMJM`@k@BCPYf@s@AKAI?M?K?I@]AS?[A]EYISIMKGGAU@CBMJIJi@dAQ\g@`AUd@CBIN{@fBdAwBBCTe@f@aAP]h@eAHKLKBCTAF@JFHLHRDX@\?Z@RA\?H?J?L@H@Jg@r@QXCBa@j@KLKLMJiB`BQNUTKNILSZOXCDGHADOZA@CFGHMRKPKRADMVCFITEHCLKIGGEGGGQKMIm@YIAFu@HsA?IBe@@OEQMIK?a@NK@KEGKGOAS?C?WJo@@KPy@Py@H]@GLm@VqADSBKJw@@IAUCQIMICEAQHYTSRQRGDGFIBEA[EBc@J{AFeAF_A@[B[By@@WfATB_@C^gAUAVCx@Ev@G~@GdAKzACb@Gz@?FIfAGt@E`@Kz@EZEXG\Sz@Qv@Wx@Od@MXGNMXSd@EHGHMVHR@BBBHDJ?F?FC`B]r@On@OVGFAF?F?F?PD`@LH@l@XLHPJRAFAH?DCHCBGLW@EJSJQLSFIBG@AN[@EFIBEKSGK	Click to Generate
S2	30	1			3	Newfield Green Clinic (S2)	Daily News & Cards (S2)	Pizza City (S2)	2668	2001	mhtdIvmzG@AH?DCHCBGLW@EJSJQLSFIBG@AN[@EFIBEKSGK??FJJRNYR[HMJOTUPOhBaBLKJMJM`@k@BCPYf@s@AKAI?M?K?I@]AS?[A]EYISIMKGGAU@CBMJIJi@dAQ\g@`AUd@CBIN{@fBdAwBBCTe@f@aAP]h@eAHKLKBCTAF@JFHLHRDX@\?Z@RA\?H?J?L@H@Jg@r@QXCBa@j@KLKLMJiB`BQNUTKNILSZOXCDGHADOZA@CFGHMRKPKRADMVCFITEHCLKIGGEGGGQKMIm@YIAFu@HsA?IBe@@OEQMIK?a@NK@KEGKGOAS?C?WJo@@KPy@Py@H]@GLm@VqADSBKJw@@IAUCQIMICEAQHYTSRQRGDGFIBEA[EBc@J{AFeAF_A@[B[By@@WfATB_@C^gAUAVCx@Ev@G~@GdAKzACb@Gz@?FIfAGt@E`@Kz@EZEXG\Sz@Qv@Wx@Od@MXGNMXSd@EHGHMVHR@BBBHDJ?F?FC`B]r@On@OVGFAF?F?F?PD`@LH@l@XLHPJRAD?	Click to Generate
S2	30	1			3	One Stop Mini Market (S2)	Gleadless Medical Centre (S2)	Pizza City (S2)	2703	2027	g|sdIr}yGPWBCZi@LKH??K?I@]AS?[A]EYISIMKGGAU@CBMJIJi@dAQ\g@`AUd@CB}@jBGJdAwBBCTe@f@aAP]h@eAHKLKBCTAF@JFHLHRDX@\?Z@RA\?H?J?L@H@Jg@r@QXCBa@j@KLKLMJiB`BQNUTKNILSZOXCDGHADOZA@CFGHMRKPKRADHNZl@??[m@IOMVCFITEHCLKIGGEGGGQKMIm@YIAFu@HsA?IBe@@OEQMIK?a@NK@KEGKGOAS?C?WJo@@KPy@Py@H]@GLm@VqADSBKJw@@IAUCQIMICEAQHYTSRQRGDGFIBEA[EBc@J{AFeAF_A@[B[By@@WfATB_@C^gAUAVCx@Ev@G~@GdAKzACb@Gz@?FIfAGt@E`@Kz@EZEXG\Sz@Qv@Wx@Od@MXGNMXSd@EHGHMVHR@BBBHDJ?F?FC`B]r@On@OVGFAF?F?F?PD`@LH@l@XLHPJRAFAH?DCHCBGLW@EJSJQLSFIBG@AN[@EFIBENYR[HMJOTUPOhBaBLKJMJMIS?C?G@MXa@	Click to Generate
S2	45	1			3	Gleadless Medical Centre (S2)	Pizza City (S2)	Arbourthorne Community Primary School (S2)	3252	2439	satdIn}yGTg@BCTe@f@aAP]h@eAHKLKBCTAF@JFHLHRDX@\?Z@RA\?H?J?L@H@Jg@r@QXCBa@j@KLKLMJiB`BQNUTKNILSZOXCDGHADOZA@CFGHMRKPKRADHNZl@??[m@IOMVCFITEHCLKIGGEGGGQKMIm@YIAFu@HsA?IBe@@OEQMIK?a@NK@KEGKGOAS?C?WJo@@KPy@Py@H]@GLm@VqADSBKJw@@IAUCQIMICEAQHYTSRQRGDGFIBEA[EBc@J{AFeAF_A@[B[By@@WBw@@m@Bo@@i@@g@@e@?G?M?O@c@G@MFa@Po@\aAj@a@VSLYPiBpAg@\e@\}@r@y@n@EBPbBJ|@D^Lr@Lp@BLFXDJJKHGFADDDJBFFFBAtAy@??uAx@C@GGCGEKEEG@IFKJFRJ\BDFNLZNRPZZ^LJJHRRNJh@b@h@\j@\TL^RSz@Qv@Wx@Od@MXGNMXSd@EHGHMVHR@BBBHDJ?F?FC`B]r@On@OVGFAF?F?F?PD`@LH@l@XLHPJRAFAH?DCHCBGLW@EJSJQLSFIBG@AN[@EFIBENYR[HMJOTUPOhBaBLKJMJM`@k@BCPYf@s@AKAI?M?K?I@]AS?[A]EYISIMKGGAU@CBMJIJi@dAQ\g@`AUd@CBUf@	Click to Generate
S2	60	1			3	Meersbrook Service Station (S2)	74th Oak Street Scout Group (S2)	Gleadless Medical Centre (S2)	4311	3233	{jtdIt_|GNENSRa@Xu@b@gBBYCYM[U`@MZc@pAKXKPA@OFI@G?IAKAIp@Gf@CLGb@CRENI\IZK\CHqCvIW~@Of@K^ERADK`@GPI^A@IVCHCFKR[f@LPDFBDF@D@PDPDz@RB?`AT@?TFPB`AVl@NzBf@n@NB?^HNDZ@PGNQh@s@Tg@DWEkAAOHmBN}@RyAFUJ]hB\~Bb@rBjFQDqDo@qEw@IlBFzAEV`@FZ`CFfCw@D@J@p@BrBDlCWBM@a@?mAMG?E?eE[c@k@}Aw@gAq@[Oq@][a@IOIUMSi@_@P_ABc@Bg@?_@AaA?G?M@I?E@G?C@GBMCEEGMQZg@JSBGBIHW@AH_@FQJa@@EDSJ_@Ng@V_ApCwIBIJ]H[H]DOBSFc@BMFg@Hq@J}@LkAT{ANeABOVsBBYHuAFoAHsAHoADs@Dq@@_@?S?S?a@@c@Ae@?]ASAS?AC_@Em@GeACS?I?CAO?I@M?K@O@O@KDSDSBMDIHUBGLWHNZl@??[m@IOMVCFITEHCLERERAJANAN?JAL?H@N?B?HBRFdADl@B^?@@R@R?\@d@Ab@?`@?R?RA^Ep@Er@InAIrAGnAItACXWrBCNOdAUzAMjAK|@J@H@F?HANG@AJQJYb@qAL[Ta@LZBXCXc@fBYt@S`@OROD	Click to Generate
S2	30	1			3	Temple Park Centre (S2)	Castle View Park (S2)	Manor Park Medical Centre (S2)	2445	1834	ifwdIxluGMVBl@Wf@]p@_AlBw@~@s@b@q@Jq@@g@E{@CkACQ@ARGV?p@?I?g@FW@SG?SFWLUR[b@y@fADJ@L?FCLEJrAjCr@`Bl@bBJSh@{@NUHEHAL?jBb@jA`@zBp@^Lp@T|Ah@l@^Zb@Pb@BH@DHd@Dr@A`AKv@ENe@jAe@aAQUyDq@WGaAOq@a@QSUe@KO^}@\cBNwBkAa@kBc@M?I@IDOTi@z@KRm@cBs@aBsAkCEDK@GCGICMAM@M@GDIFEFA??HBDHx@gAZc@TSVMRGF?PAjABz@Bf@Dp@Ap@Kr@c@v@_A~@mB\q@Vg@Cm@LW	Click to Generate
S2	20	1			3	Gin Bar (S2)	Broadfield Park (S2)	The Hardy Pick (S2)	1704	1278	altdIfs`HCC]Y]UOKEESOSQKICCGGCEEIEIEGKUISCKGMEMCKCMIi@ESESEOGSc@w@GGGGGIQYGPEFMVDL@@BH?F?vC?V?zB?|@A\AZCn@\J@?B@@B@@@B@BBD?B@D?FHlA?B?B@D?B@@@B@B@@@@BB@?B@VH^aEL_BFi@@C@I?EBG@EN]JWBIDKHW@G@IBI@I?IDqA?A@c@@_@Eg@ASAMASCQGQR?P?F?PBD?`@ENCRGDCHGFGBCBEDEv@pBlAzCHPf@{@Se@GO_@}@JSV_@c@r@^|@FNRd@g@z@IQmA{Cw@qBEDCDCBGFIFEBSFOBa@DE?KJIFCBIF?R@R?JEh@A^Ad@EpA?`A?f@?L?P?JBVRPRNDDNJ\T\XBB	Click to Generate
S2	15	1			3	International Automatic Cars (S2)	Boots (S2)	Meersbrook Park Church (S2)	1437	1078	oftdI`m_HHDELg@s@[[IIGEGIOMKIGGOIKE]Q{@]BUXq@Vk@DKPXVd@H@t@aBu@`BIACES_@QYEJWj@Yp@CTz@\\PJDNHFFJHNLFHFDHHZZl@d@X\dAhANPJJEJCFILCHEJKh@ITGXIA??AAAAEICEAEUg@BqAD@T^CjAEJ@DHN@@@@??H@FYAQDq@BKBQJSNMJJPRPTRZ@BBDDHN^LZZ`A[k@KQIQOUOWWa@EGW[QQ[]{@iAMQGRENAD?DAHAJAt@AP?R_AKECCC?C?CLaC@Y?G@IDUDQZZb@^	Click to Generate
S2	30	1			3	Newfield Green Library (S2)	Gleadless Medical Centre (S2)	Pizza City (S2)	2691	2018	{btdIr_zG|@kBBCTe@f@aAP]h@eAHKLKBCTAF@JFHLHRDX@\?Z@RA\?H?JI?MJ[h@CBQVY`@AL?F?BHRKLKLMJiB`BQNUTKNILSZOXCDGHADOZA@CFGHMRKPKRADHNZl@??[m@IOMVCFITEHCLKIGGEGGGQKMIm@YIAFu@HsA?IBe@@OEQMIK?a@NK@KEGKGOAS?C?WJo@@KPy@Py@H]@GLm@VqADSBKJw@@IAUCQIMICEAQHYTSRQRGDGFIBEA[EBc@J{AFeAF_A@[B[By@@WfATB_@C^gAUAVCx@Ev@G~@GdAKzACb@Gz@?FIfAGt@E`@Kz@EZEXG\Sz@Qv@Wx@Od@MXGNMXSd@EHGHMVHR@BBBHDJ?F?FC`B]r@On@OVGFAF?F?F?PD`@LH@l@XLHPJRAFAH?DCHCBGLW@EJSJQLSFIBG@AN[@EFIBENYR[HMJOTUPOhBaBLKJMJM`@k@BCPYf@s@AKAI?M?K?I@]AS?[A]EYISIMKGGAU@CBMJIJi@dAQ\g@`AUd@CB}@jB	Click to Generate
S2	60	1			3	The Cholera Monument (S2)	Path up to the Cholera Monument, Sheffield (S2)	Sheffield Inclusion Centre (S2)	5968	4476	oexdIn}{GkAmBwA`DFLHJf@f@RPz@x@tAtABB~@~@DBb@b@FK@CDEDCFA|B_@@ABA@C@C@C?C@GCa@c@F??b@GB`@AF?BABABABC@A@u@LgAPG@EBEDABGJc@c@EC_A_ACCuAuA{@y@SQg@g@IKGMCECICImAqEWcAW}@Su@EQCKEKQu@y@}CMi@Kc@HIHKNO`AeANS`AeANSDEFE`@e@dCgDLSXe@JSP_@h@yAzAqEJWhHaTBKBITo@b@sAf@sAL]P]b@}@`@u@d@s@DGFINOTUZ]fBeBRS^]BADEFG~BuBrFgFDEFEzCuCv@u@|@_ARQDEDEx@u@^]nAqA\m@~@cBf@aA^m@`@u@h@_AFMDIP[HMDIDKDEb@w@HKd@{@jBkDj@cABFBFj@lAVj@d@`ATf@Tf@@Bl@rAb@~@FL`@~@b@hARl@?BN`@UTu@t@qBjBw@v@eAbAcA~@I[Ke@GUw@_DCGIUOEIAGA?S?O?KCQKc@e@{AIUCGMc@KKGGIGCCEAK?i@~@a@t@_@l@g@`A_AbB]l@oApA_@\y@t@EDEDSP}@~@w@t@{CtCGDEDsFfF_CtBGFEDC@_@\SRgBdB[\UTAj@?JGnCE|BEtBKtFKxFAPCfAAx@An@Aj@U@C@A@CDgElMiBjEKVYn@ABm@vAmCjGCDuA|CuAdDGLjAlB	Click to Generate
S2	60	1			3	Sheffield Cholera Monument (S2)	Substantial Victorian houses in Norfolk Road (S2)	Sheffield Inclusion Centre (S2)	5721	4291	_}wdIdh|Gt@M@ABA@C@C@C?C@GCa@c@F??b@GB`@AF?BABABABC@A@}B^G@EBEDABGJc@c@EC_A_ACCuAuA{@y@SQg@g@IKGMvAaDFMn@}Ad@gAtA}CBElCkGl@wA@CXo@JWhBkEfEmMBE@ABATA@k@@o@@y@BgA@QJyFJuFDuBD}BFoC?K@k@TUZ]fBeBRS^]BADEFG~BuBrFgFDEFEzCuCv@u@|@_ARQDEDEx@u@^]nAqA\m@~@cBf@aA^m@`@u@h@_AFMDIP[HMDIDKDEb@w@HKd@{@jBkDj@cABFBFj@lAVj@d@`ATf@Tf@@Bl@rAb@~@FL`@~@b@hARl@?BN`@UTu@t@qBjBw@v@eAbAcA~@I[Ke@GUw@_DCGIUOEIAGA?S?O?KCQKc@e@{AIUCGMc@KKGGIGCCEAK?i@~@a@t@_@l@g@`A_AbB]l@oApA_@\y@t@EDEDSP}@~@w@t@{CtCGDEDsFfF_CtBGFEDC@_@\SRgBdB[\UTAj@?JGnCE|BEtBKtFKxFAPCfAAx@An@Aj@U@C@A@CDgElMiBjEKVYn@ABm@vAmCjGCDuA|CuAdDGLwA`DFLHJf@f@RPz@x@tAtABB~@~@DBb@b@FK@CDEDCFAfAQ	Click to Generate
S2	45	1			3	Arbourthorne Community Primary School (S2)	Daily News & Cards (S2)	Newfield Green Clinic (S2)	3319	2489	mltdIdiyGC^gAUAVCx@Ev@G~@GdAKzACb@Gz@?FIfAGt@E`@Kz@EZEXG\_@SUMk@]i@]i@c@OKSSKIMK[_@Q[OSM[GOCEK]GSJKHGFADDDJBFFFBAtAy@??uAx@C@GGCGEKEEG@IFKJFRJ\BDFNLZNRPZZ^LJJHRRNJh@b@h@\j@\TL^RSz@Qv@Wx@Od@MXGNMXSd@EHGHMVHR@BBBHDJ?F?FC`B]r@On@OVGFAF?F?F?PD`@LH@l@XLHPJRAFAH?DCHCBGLW@EJSJQLSFIBG@AN[@EFIBENYR[HMJOTUPOhBaBLKJMJM`@k@BCPYf@s@AKAI?M?K?I@]AS?[A]EYISIMKGGAU@CBMJIJi@dAQ\g@`AUd@CBIN{@fBdAwBBCTe@f@aAP]h@eAHKLKBCTAF@JFHLHRDX@\?Z@RA\?H?J?L@H@Jg@r@QXCBa@j@KLKLMJiB`BQNUTKNILSZOXKSGK??FJJRCDGHADOZA@CFGHMRKPKRADMVCFITEHCLKIGGEGGGQKMIm@YIAFu@HsA?IBe@@OEQMIK?a@NK@KEGKGOAS?C?WJo@@KPy@Py@H]@GLm@VqADSBKJw@@IAUCQIMICEAQHYTSRQRGDGFIBEA[EBc@J{AFeAF_ADw@By@@WfATB_@	Click to Generate
S2	60	1			3	Burton Roofing Merchants (S2)	Makro (S2)	Manor Park Medical Centre (S2)	5448	4086	s_ydIx_vGj@qCo@g@UQYSg@g@Sr@Kd@c@`BMf@Ol@St@Of@_@fAS]Vu@Ni@CHK^Wt@R\a@z@u@`BUf@INmAfBOTkAvAUg@O[CISc@Sa@Sa@Q_@??m@bAu@tAVZNPDFV\TXX\RVELGJy@fB]`AK\g@dBSz@UhACPQjAKx@QvAIt@Kr@CNe@xBr@vAP\r@xABFl@hAd@|@@BDJFHFHJJn@f@JF\R~Az@@?B@F@@A@?B?@?BADELUR]v@sBv@wBf@uAb@cBXu@LSJQFIp@i@d@WTMLCf@W`AcAp@s@hC_BNUFOPWZ}@j@_Bd@sA~@oCVs@d@sA^iAL[LUTa@\e@Z[VSXO^Ol@QXORMTS^]v@kANYrBkDp@kACMAM@M@GDIFEFA??HBDHx@gAZc@TSVMRGF?PAjABz@BDgBJ}AJ{@VyB^_DP}AV{BTeBPsAPcAl@kBHO??FMpAeCGyAYyFCi@GoAK{B[QGEIEOMy@g@s@i@q@o@aAgAa@a@QWW]EIOSw@gAIMIGECICW?GBG@MBI?WR[n@uAhFg@nBaEzNk@bCi@`Cy@zDy@tDO`BkAlGE`@?^?^D^D\Lf@Lv@?b@A`@EXETMVONUFU?UEUSqBaBwAsAyAaAKGYOCBOXm@`@cApAYf@[z@f@f@XRTPn@f@k@pC	Click to Generate
S2	60	1			3	Burton Roofing Merchants (S2)	Makro (S2)	Manor Park Medical Centre (S2)	5413	4060	g}xdIf}uGEO@g@KDOMo@g@UQYSg@g@Sr@Kd@c@`BMf@Ol@St@Of@_@fAS]Vu@Ni@CHK^Wt@R\a@z@u@`BUf@INmAfBOTkAvAUg@O[CISc@Sa@Sa@Q_@??m@bAu@tAVZNPDFV\TXX\RVELGJy@fB]`AK\g@dBSz@UhACPQjAKx@QvAIt@Kr@CNe@xBr@vAP\r@xABFl@hAd@|@@BDJFHFHJJn@f@JF\R~Az@@?B@F@@A@?B?@?BADELUR]v@sBv@wBf@uAb@cBXu@LSJQFIp@i@d@WTMLCf@W`AcAp@s@hC_BNUFOPWZ}@j@_Bd@sA~@oCVs@d@sA^iAL[LUTa@\e@Z[VSXO^Ol@QXORMTS^]v@kANYrBkDp@kACMAM@M@GDIFEFA??HBDHx@gAZc@TSVMRGF?PAjABz@BDgBJ}AJ{@VyB^_DP}AV{BTeBPsAPcAl@kBHO??FMpAeCGyAYyFCi@GoAK{B[QGEIEOMy@g@s@i@q@o@aAgAa@a@QWW]EIOSw@gAIMIGECICW?GBG@MBI?WR[n@uAhFg@nBaEzNk@bCi@`Cy@zDy@tDO`BkAlGE`@?^?^D^D\Lf@Lv@?b@A`@EXETMVONUFU?UEUSqBaBwAsAyAaAKGYOCBOXm@`@cApAYf@[z@f@f@XRTPn@f@NLJEAf@DN	Click to Generate
S2	60	1			3	Burton Roofing Merchants (S2)	Makro (S2)	Manor Park Medical Centre (S2)	5440	4080	s|xdIz}uGSSEO@g@KDOMo@g@UQYSg@g@Sr@Kd@c@`BMf@Ol@St@Of@_@fAS]Vu@Ni@CHK^Wt@R\a@z@u@`BUf@INmAfBOTkAvAUg@O[CISc@Sa@Sa@Q_@??m@bAu@tAVZNPDFV\TXX\RVELGJy@fB]`AK\g@dBSz@UhACPQjAKx@QvAIt@Kr@CNe@xBr@vAP\r@xABFl@hAd@|@@BDJFHFHJJn@f@JF\R~Az@@?B@F@@A@?B?@?BADELUR]v@sBv@wBf@uAb@cBXu@LSJQFIp@i@d@WTMLCf@W`AcAp@s@hC_BNUFOPWZ}@j@_Bd@sA~@oCVs@d@sA^iAL[LUTa@\e@Z[VSXO^Ol@QXORMTS^]v@kANYrBkDp@kACMAM@M@GDIFEFA??HBDHx@gAZc@TSVMRGF?PAjABz@BDgBJ}AJ{@VyB^_DP}AV{BTeBPsAPcAl@kBHO??FMpAeCGyAYyFCi@GoAK{B[QGEIEOMy@g@s@i@q@o@aAgAa@a@QWW]EIOSw@gAIMIGECICW?GBG@MBI?WR[n@uAhFg@nBaEzNk@bCi@`Cy@zDy@tDO`BkAlGE`@?^?^D^D\Lf@Lv@?b@A`@EXETMVONUFU?UEUSqBaBwAsAyAaAKGYOCBOXm@`@cApAYf@[z@f@f@XRTPn@f@NLJEAf@DNRR	Click to Generate
S2	45	1			3	Arbourthorne Community Primary School (S2)	Momma Katz (S2)	Newfield Green Library (S2)	3117	2338	cotdI|lyGAZG~@GdAKzACb@Gz@?FIfAGt@E`@Kz@EZEXG\_@SUMk@]i@]i@c@OKSSKIMK[_@Q[OSM[GOCEK]GSJKHGFADDDJBFFFBAtAy@??uAx@C@GGCGEKEEG@IFKJFRJ\BDFNLZNRPZZ^LJJHRRNJh@b@h@\j@\TL^RSz@Qv@Wx@Od@MXGNMXSd@EHGHMVHR@BBBHDJ?F?FC`B]r@On@OVGFAF?F?F?PD`@LH@l@XLHPJRAFAH?DCHCBGLW@EJSJQLSFIBG@AN[@EFIBENYR[HMJOTUPOhBaBLKJMJM`@k@BCPYf@s@AKAI?M?K?I@]AS?[A]EYISIMKGGAU@CBMJIJi@dAQ\g@`AUd@CBcAvBA?dAwBBCTe@f@aAP]h@eAHKLKBCTAF@JFHLHRDX@\?Z@RA\?H?JI?MJ[h@CBQVY`@AL?F?BHRKLKLMJiB`BQNUTKNILSZOXCDGHADOZA@CFGHMRKPKRADMVCFITEHCLKIGGEGGGQKMIm@YIAFu@HsA?IBe@@OEQMIK?a@NK@KEGKGOAS?C?WJo@@KPy@Py@H]@GLm@VqADSBKJw@@IAUCQIMICEAQHYTSRQRGDGFIBEA[EBc@J{AFeAF_A@[	Click to Generate
S2	20	1			3	East Bank Medical Centre (S2)	The Spires Centre (S2)	Springs Leisure Centre (S2)	1882	1412	k{tdIvxwGAFAXDVJTLFH@@`@B^BbAFrALCH?ZGNCb@Er@I`@G?YEqAC_@mANlAOHpB?XDAl@Ir@KI}@Gy@Em@AICe@C_@Ca@Cg@Ag@Ci@A]?_@AS?KAU?y@?q@?_A?e@@]@e@Bg@BW@]Dm@FaABi@Bc@D}@Bu@D}A@}@?G?Y?]?K?_@?]AQASCYF?FDP\N^WNQH?^?J?\?X?FA|@E|ACt@E|@Cb@Ch@G`AEl@A\CVCf@Ad@A\?d@?~@?N?`@?x@@T?J@R?^p@IJC~@Sx@ODE?G??Cu@UBe@nA_ARKBq@H@\Bh@@f@Bf@yARoBXOBQ@EWEQKKWCGDIHELCJ	Click to Generate
S2	45	1			3	Mandala (S2)	Heeley Sidings (S2)	The Hardy Pick (S2)	3228	2421	wgtdInn_H_@QGC@Y?G@IDUDQIIGEGIOMKIGGOIKEA\GnALBMCFoA@]HB@@NHFFJHNLFHFDHHZZl@d@X\dAhANPJJEJCFILCHEJKh@ITGXD\@B@@BFn@pARa@R]u@}AMV@R@Dj@hAS`@o@qAEIACE]FYAQDq@BKBQJS[]{@iAMQg@s@[[IIGEGIOMKIGGOIKEA\GnAKnCALCJEFYn@CD?DAD?B?D@D@DXj@fAzBLZFTDRF`@@^E@C@A?C@EBCDe@p@v@pBlAzCHPf@{@Se@GO_@}@JSV_@c@r@^|@FNRd@g@z@IQmA{Cw@qBEDCDCBGFIFEBSFOBa@DE?KJIFCBIFEACACCCAAGGQCIEMAGEKEOISQk@]u@oAeDg@kAeAgCi@oAMc@Y_ACMCICCEIEGEGGEa@UaAm@kBiAmAs@MIIIGGIIGMEIOc@EKAKCME]K}@Gc@Ks@ASEc@Ce@T@B?H?XAFAF?REZ?b@Av@A\?V?J@H@D@B@JDHDHHTRTTX\PTPTZd@`@n@f@t@f@t@HLFFDHLNDFBBVXLLFDXPNJNHPLTH\Pd@PHBFBZLz@\\PJDNHFFJHNLFHFDHHZZl@d@ELGRENADECUK	Click to Generate
S2	45	1			3	I Said Bread (S2)	Kingdom Hall of Jehovah's Witnesses (S2)	Meersbrook Park (S2)	3496	2622	q}sdIxi~GdAhBlCmGEcBmBHMaHKuG?G{BNG?E?o@DWBJlIDDt@ARAHlDHbFDZuCzG]z@wAfDgC~Fk@vAEJWj@Yp@CTz@\\PJDNHFFJHNLFHFDHHZZl@d@X\dAhANPJJPRPTRZDHDHN^LZZ`AZ~@v@hCV|@DLFRBFJd@DJBJPj@BHLQjAiAb@e@z@}@RUDEbAaAvAcACy@E_AEuBCoD@mAFyALsBDIHmA??IlAtDc@^EJ@Hw@LeAn@uDBS?_@?W?gDAqADo@BYLm@HMLISkDE[CQeAoFOu@U?_Be@e@G{@@a@JsC~@yCz@BbCDbBmClGeAiB	Click to Generate
S2	20	1			3	Boots (S2)	Alam Hill Books (S2)	Meersbrook Park Church (S2)	1691	1268	uhtdI`k_HDBZZl@d@X\dAhANPJJEJCFILCHEJKh@ITGXIA??AAAAEICEAEUg@BqAD@T^CjAEJ@DHN@@@@??H@FYAQDq@BKBQJS[]{@iAMQg@s@[[IIGEGIOMKIGGOIKE]Q{@]BUXq@Vk@DKj@wAxAiDdC}FHLpAvBiC`GiA~C_@hAY~@K^NLFHFDHHZZl@d@X\dAhANPJJPRPTRZ@BBDDHN^LZZ`A[k@KQIQOUOWWa@EGW[QQ[]{@iAMQg@s@[[EC	Click to Generate
S2	20	1			3	Boots (S2)	Alam Hill Books (S2)	Meersbrook Park Church (S2)	1682	1262	mhtdIfk_HXXl@d@X\dAhANPJJEJCFILCHEJKh@ITGXIA??AAAAEICEAEUg@BqAD@T^CjAEJ@DHN@@@@??H@FYAQDq@BKBQJS[]{@iAMQg@s@[[IIGEGIOMKIGGOIKE]Q{@]BUXq@Vk@DKj@wAxAiDdC}FHLpAvBiC`GiA~C_@hAY~@K^NLFHFDHHZZl@d@X\dAhANPJJPRPTRZ@BBDDHN^LZZ`A[k@KQIQOUOWWa@EGW[QQ[]{@iAMQg@s@YY	Click to Generate
S2	30	1			3	Nether Edge Primary School (S2)	Broadfield Park (S2)	Virgin Crucible (S2)	2329	1747	wwtdItjaHBITkANq@`@_CFc@d@uE^aEL_BFi@BM?EBG@EN]DFDHDHBDFFBBJHRPRNDDNJ\T\XRPQr@CFAFUhAAJ[zAERMj@AD?B?B?D@B@BJFr@d@FDFDl@wCBONu@XwAQWIKKMKKKKMKSQ]Y]UOKEESOSQKICCGGCEEIEIEGKUISCKGMEMCKCMIi@ESESEOGSc@w@GGC[BEHENIPI`@QDC\MJCFCHCDAD?R?@NBJ@F?R@R?JEh@A^Ab@?@EpA?HAHCHAHAFIVEJCHKVKUISCKGMEMCKCMIi@ESESEOGSc@w@GGC[BEHENIPI`@QDC\MJCFCHCDAD?R?P?F?PBD?`@ENCSkCCYCUCOIQIWM]Zk@[j@L\HVHPBNBTVdDOBa@DE?KJIFCBIF?R@R?JEh@A^Ad@EpA?HAHCHAHAFIVEJCHKVO\ADCF?DCLGh@M~A_@`Ee@tEGb@a@~BOp@UjACH	Click to Generate
S2	60	1			3	Woodbourn Road Stadium (S2)	Makro (S2)	Highfield Motors (S2)	4510	3382	efzdIt|vGBE~@iAPe@Bo@yFcGs@cAe@_@m@_@OGq@s@aAeAIGMGM\]bAMp@G\ADQlAd@ZLLAV?\FRN@??VIWHOAGS?]@WMMe@[PmA@EF]Lq@OMUQY[_@pAQt@Gb@a@~BIf@m@bDId@Kb@EPGPABAVAHCLJLFFDFZRZPpEhCxBlAJF@@lAn@d@VJDDBl@\^RbAj@b@V^Rl@\j@Vp@^NHt@d@BBNPPXT`@d@yBBOJs@Hu@PwAJy@PkABQTiAR{@f@eBJ]\aAx@gBFKDMSWY]UYW]EGOQW[t@uAl@cA??P^R`@R`@Rb@BHNZTf@[f@u@~@ELGJy@fB]`AK\g@dBSz@UhACPQjAKx@QvAIt@Kr@CNe@xBUa@QYOQCCu@e@OIq@_@k@Wm@]_@Sc@WcAk@_@Sm@]ECKEe@WmAo@AAKGyBmAqEiC[QOAM?KAKAQAM@SFURa@`@IHa@d@q@p@S\EDWVDNb@nBBHHd@XtAKXEGCEWZEMIQ??CFEJGKCGOWhAeAIe@CIc@oBEOK[BIBCPENEREp@q@`@e@HI`@a@TSHSNQJIDCF?JLFFDFZRZPpEhCxBlAJF@@lAn@d@VDI@GBC@I@I@I?K@q@@MBQDGFGLCj@DJANI`@aBX{@Vc@	Click to Generate
S2	45	1			3	Gleadless Medical Centre (S2)	Pizza City (S2)	Arbourthorne Community Primary School (S2)	3304	2478	ubtdIf_zGv@_BBCTe@f@aAP]h@eAHKLKBCTAF@JFHLHRDX@\?Z@RA\?H?J?L@H@Jg@r@QXCBa@j@KLKLMJiB`BQNUTKNILSZOXCDGHADOZA@CFGHMRKPKRADHNZl@??[m@IOMVCFITEHCLKIGGEGGGQKMIm@YIAFu@HsA?IBe@@OEQMIK?a@NK@KEGKGOAS?C?WJo@@KPy@Py@H]@GLm@VqADSBKJw@@IAUCQIMICEAQHYTSRQRGDGFIBEA[EBc@J{AFeAF_A@[B[By@@WBw@@m@Bo@@i@@g@@e@?G?M?O@c@G@MFa@Po@\aAj@a@VSLYPiBpAg@\e@\}@r@y@n@EBPbBJ|@D^Lr@Lp@BLFXDJJKHGFADDDJBFFFBAtAy@??uAx@C@GGCGEKEEG@IFKJFRJ\BDFNLZNRPZZ^LJJHRRNJh@b@h@\j@\TL^RSz@Qv@Wx@Od@MXGNMXSd@EHGHMVHR@BBBHDJ?F?FC`B]r@On@OVGFAF?F?F?PD`@LH@l@XLHPJRAFAH?DCHCBGLW@EJSJQLSFIBG@AN[@EFIBENYR[HMJOTUPOhBaBLKJMJM`@k@BCPYf@s@AKAI?M?K?I@]AS?[A]EYISIMKGGAU@CBMJIJi@dAQ\g@`AUd@CBw@~A	Click to Generate
S2	60	1			3	Path up to the Cholera Monument, Sheffield (S2)	Substantial Victorian houses in Norfolk Road (S2)	Sheffield Inclusion Centre (S2)	5721	4291	c|wdI`f|Gb@GB`@AF?BABABABC@A@u@LgAPG@EBEDABGJc@c@EC_A_ACCuAuA{@y@SQg@g@IKGMvAaDFMn@}Ad@gAtA}CBElCkGl@wA@CXo@JWhBkEfEmMBE@ABATA@k@@o@@y@BgA@QJyFJuFDuBD}BFoC?K@k@TUZ]fBeBRS^]BADEFG~BuBrFgFDEFEzCuCv@u@|@_ARQDEDEx@u@^]nAqA\m@~@cBf@aA^m@`@u@h@_AFMDIP[HMDIDKDEb@w@HKd@{@jBkDj@cABFBFj@lAVj@d@`ATf@Tf@@Bl@rAb@~@FL`@~@b@hARl@?BN`@UTu@t@qBjBw@v@eAbAcA~@I[Ke@GUw@_DCGIUOEIAGA?S?O?KCQKc@e@{AIUCGMc@KKGGIGCCEAK?i@~@a@t@_@l@g@`A_AbB]l@oApA_@\y@t@EDEDSP}@~@w@t@{CtCGDEDsFfF_CtBGFEDC@_@\SRgBdB[\UTAj@?JGnCE|BEtBKtFKxFAPCfAAx@An@Aj@U@C@A@CDgElMiBjEKVYn@ABm@vAmCjGCDuA|CuAdDGLwA`DFLHJf@f@RPz@x@tAtABB~@~@DBb@b@FK@CDEDCFA|B_@@ABA@C@C@C?C@GCa@c@F	Click to Generate
S2	30	1			3	Best Pizza (S2)	Alberts (S2)	Popeyes Pizza (S2)	2278	1708	mxudIjixGeAbAcA~@I[Ke@GUw@_DCGIUOEIAGA?S?O?KCQKc@e@{AIUCGMc@EQCE?EAGAG?CAI?I@I?I@E@CDIDKDEb@w@HKd@{@jBkDj@cA\q@N[\q@vAgCLU?CRYBCDINUNY^q@~AwC`ByC|A}C@DHNf@bALZBFPh@Lb@?BH\Jt@Hv@Dh@DCBEJMX_@RWTSTSNKHEP|BHrAJtBJ~BFfB@PFjB@z@@NBF@DBBLBp@K~@KF`BBv@@XBd@GDIHELCJAFAXUBOBgAT[L[NSL[RGFQLIFIDSR}AzAKH}@x@m@j@}@x@y@t@YsAQ{@U_AUTu@t@qBjBw@v@	Click to Generate
S2	20	1			3	The Spires Centre (S2)	East Bank Medical Centre (S2)	The Co-operative Food (S2)	1835	1376	altdIzpwG???FEDy@N_ARKBq@H?_@AS?KAU?y@?q@?_A?e@@]@e@Bg@BW@]Dm@FaABi@Bc@D}@Bu@D}A@}@?G?Y?]?K?_@?]AQASCYF?FDP\N^WNQH?^?J?\?X?FA|@E|ACt@E|@Cb@Ch@G`AEl@A\CVCf@Ad@A\?d@?~@?N?`@?x@@T?J@R?^@\Bh@@f@Bf@B`@B^Bd@@HDl@Fx@H|@s@Jm@HE@?YEqAC_@mANlAOHpB?Xa@Fs@Hc@DOB[FI?MBGsACcAC_@Aa@E_ACcAVBJJ??DPDVPANCnBYxASCg@Ag@Ci@A]p@IJC~@Sx@ODE?G??	Click to Generate
S2	60	1			3	Path up to the Cholera Monument, Sheffield (S2)	Substantial Victorian houses in Norfolk Road (S2)	Sheffield Inclusion Centre (S2)	5927	4445	k}wdIzs{GiAoBEGGCC?CAI?G@I@E?CAQUCDuA|CuAdDGLwA`DFLHJf@f@RPz@x@tAtABB~@~@DBb@b@FK@CDEDCFAfAQt@M@ABA@C@C@C?C@GCa@c@Fb@GB`@AF?BABABABC@A@}B^G@EBEDABGJc@c@EC_A_ACCuAuA{@y@SQg@g@IKGMvAaDFMn@}Ad@gAtA}CBElCkGl@wA@CXo@JWhBkEfEmMBE@ABATA@k@@o@@y@BgA@QJyFJuFDuBD}BFoC?K@k@TUZ]fBeBRS^]BADEFG~BuBrFgFDEFEzCuCv@u@|@_ARQDEDEx@u@^]nAqA\m@~@cBf@aA^m@`@u@h@_AFMDIP[HMDIDKDEb@w@HKd@{@jBkDj@cABFBFj@lAVj@d@`ATf@Tf@@Bl@rAb@~@FL`@~@b@hARl@?BN`@UTu@t@qBjBw@v@eAbAcA~@I[Ke@GUw@_DCGIUOEIAGA?S?O?KCQKc@e@{AIUCGMc@KKGGIGCCEAK?i@~@a@t@_@l@g@`A_AbB]l@oApA_@\y@t@EDEDSP}@~@w@t@{CtCGDEDsFfF_CtBGFEDC@_@\SRgBdB[\UTAj@?JGnCE|BEtBKtFKxFAPCfAAx@An@Aj@U@C@A@CDgElMiBjEKVYn@ABm@vAmCjGPTB@D?HAFAH?B@B?FBDFhAnB	Click to Generate
S2	60	1			3	Path up to the Cholera Monument, Sheffield (S2)	Substantial Victorian houses in Norfolk Road (S2)	Sheffield Inclusion Centre (S2)	5721	4291	c|wdI`f|Gb@GB`@AF?BABABABC@A@u@LgAPG@EBEDABGJc@c@EC_A_ACCuAuA{@y@SQg@g@IKGMvAaDFMn@}Ad@gAtA}CBElCkGl@wA@CXo@JWhBkEfEmMBE@ABATA@k@@o@@y@BgA@QJyFJuFDuBD}BFoC?K@k@TUZ]fBeBRS^]BADEFG~BuBrFgFDEFEzCuCv@u@|@_ARQDEDEx@u@^]nAqA\m@~@cBf@aA^m@`@u@h@_AFMDIP[HMDIDKDEb@w@HKd@{@jBkDj@cABFBFj@lAVj@d@`ATf@Tf@@Bl@rAb@~@FL`@~@b@hARl@?BN`@UTu@t@qBjBw@v@eAbAcA~@I[Ke@GUw@_DCGIUOEIAGA?S?O?KCQKc@e@{AIUCGMc@KKGGIGCCEAK?i@~@a@t@_@l@g@`A_AbB]l@oApA_@\y@t@EDEDSP}@~@w@t@{CtCGDEDsFfF_CtBGFEDC@_@\SRgBdB[\UTAj@?JGnCE|BEtBKtFKxFAPCfAAx@An@Aj@U@C@A@CDgElMiBjEKVYn@ABm@vAmCjGCDuA|CuAdDGLwA`DFLHJf@f@RPz@x@tAtABB~@~@DBb@b@FK@CDEDCFA|B_@@ABA@C@C@C?C@GCa@c@F	Click to Generate
S2	30	1			3	Windy House Lane Pocket Park (S2)	UBU (S2)	Leaves (S2)	2154	1616	}{udIl}uGXX~DjEELCFCBg@^AGGW??FV@Ff@_@BCBGDMNNzA|At@x@@?l@p@IJcAnAGF{@v@w@^k@^u@Ts@RYDYDg@HG??TBx@Bl@Fj@FX@HDRJ\`AzB`AtBJR@BLYRYBCDINUNY^q@BEzAqC`ByC|A}C^q@`AgB`AmBVo@Xw@L[d@y@@E@E?C@E?E?G?E?C?EAC?A?EAEAEAGCEAEEG[SmBkAGT]xAENa@jAq@|ASb@Q\_@r@q@z@pBvC??qBwCm@q@A?u@y@{A}AOO_EkEYY	Click to Generate
S2	45	1			3	Virgin Crucible (S2)	The Hardy Pick (S2)	Boots (S2)	3637	2728	cotdIvp`HGESQKICCGGCEEIEIEGKUISCKGMEMCKCMIi@ESESEOGSc@w@GGC[BEHENIPI`@QDC\MJCFCHCDAD?R?P?F?PBD?`@ENCWeDCUCOIQIWM]Zk@[j@L\HVHPBNBTBXRjCRGDCHGFGBCBEDEv@pBlAzCHPf@{@Se@GO_@}@JSV_@c@r@^|@FNRd@g@z@IQmA{Cw@qBEDCDCBGFIFEBSFOBa@DE?KJIFCBIFEACACCCAAGGQCIEMAGEKEOISQk@]u@oAeDg@kAeAgCi@oAMc@Y_ACMCICCEIEGEGGEa@UaAm@kBiAmAs@MIIIGGIIGMEIOc@EKAKCME]K}@Gc@Ks@ASEc@Ce@T@B?H?XAFAF?REZ?b@Av@A\?V?J@H@D@B@JDHDHHTRTTX\PTPTZd@`@n@f@t@f@t@HLFFDHLNDFBBVXLLFDXPNJNHPLTH\Pd@PHBFBZLz@\\PJDNHFFJHNLFHFDHHZZl@d@X\dAhANPJJEJCFILCHEJKh@ITGXIA??AAAAEICEAEUg@BqAD@T^CjAEJ@DHN@@@@??H@FYAQDq@BKBQJS[]{@iAMQg@s@[[IIGEGIOMKIGGOIKEA\GnAKnCALCJEFYn@CD?DAD?B?D@D@DXj@fAzBLZFTDRF`@@^E@C@A?C@EBCDe@p@EDCDCBGFIFEBSFOBa@DE?KJIFCBIF?R@R?JEh@A^Ad@EpA?`A?f@?L?P?JBVRPFD	Click to Generate
S2	20	1			3	The Spires Centre (S2)	East Bank Medical Centre (S2)	The Co-operative Food (S2)	1835	1376	altdIzpwG???FEDy@N_ARKBq@H?_@AS?KAU?y@?q@?_A?e@@]@e@Bg@BW@]Dm@FaABi@Bc@D}@Bu@D}A@}@?G?Y?]?K?_@?]AQASCYF?FDP\N^WNQH?^?J?\?X?FA|@E|ACt@E|@Cb@Ch@G`AEl@A\CVCf@Ad@A\?d@?~@?N?`@?x@@T?J@R?^@\Bh@@f@Bf@B`@B^Bd@@HDl@Fx@H|@s@Jm@HE@?YEqAC_@mANlAOHpB?Xa@Fs@Hc@DOB[FI?MBGsACcAC_@Aa@E_ACcAVBJJ??DPDVPANCnBYxASCg@Ag@Ci@A]p@IJC~@Sx@ODE?G??	Click to Generate
S2	45	1			3	Windy House Lane Pocket Park (S2)	Archdale School (S2)	UBU (S2)	3653	2740	gavdIr{uG`@K?Q@QF[JWHIJGHCP@LBDDDHDNHZ@N@NAJAL?BETt@v@~DjEELCFCBg@^AGGW??FV@Ff@_@BCBGDM_EkEu@w@CFCFGJEDGDEBE@I@EAGAECEEGGEKIWE]?Q@QF[JWHIJGHC?SMaEE_CGqAKk@Qi@Uc@IKMM_@Ym@a@c@WGEAFEBC@E?ECCCCG?I?IICaDwAUMCN?@CFg@hA]v@BFBBP`@[p@[p@Xn@\o@??]n@Yo@Zq@Zq@Qa@CCCG\w@f@iABG?ABOTL`DvAHB@IBGBEDAF@BB@BBF@F?FAFADFDb@Vl@`@^XLLHJTb@Ph@Jj@FpAD~BL`E?RP@LBDDDHDNHZ@N@NAJAL?BETCFCFGJEDGDEBE@VnJBrADxAH|C@N?TBx@Bl@Fj@FX@HDRJ\`AzB`AtBJR@BLYRYBCDINUNY^q@BEzAqC`ByC|A}C^q@`AgB`AmBVo@Xw@L[d@y@@E@E?C@E?E?G?E?C?EAC?A?EAEAEAGCEAEEG[SmBkA_BcAsA}@UQoA_Ae@g@EIY]MLKHQB]?QKSSQPyA|AABe@f@w@v@Y\AJAL?BETCFCFGJEDGDEBE@I@EAGAECEEGGEKIWE]a@J	Click to Generate
S2	20	1			3	Manor Park Medical Centre (S2)	Temple Park Centre (S2)	Castle View Park (S2)	1802	1352	qzwdItbvGWm@CCGGIGICGAG?GBWVCDC?A?MIp@kACMAM@M@GDIFEFA??HBDHx@gAZc@TSVMRGF?ARGV?p@?I?g@FW@SG?SFWLUR[b@y@fADJ@L?FCLEJrAjCr@`Bl@bBJSh@{@NUHEHAL?jBb@jA`@zBp@^Lp@T|Ah@l@^Zb@Pb@BH@DHd@Dr@A`AKv@ENe@jAe@aAQUyDq@WGaAOq@a@QSUe@KO^}@\cBNwBkAa@kBc@M?I@IDOTi@z@KRm@cBOV_@}@k@qA	Click to Generate
S2	30	1			3	Temple Park Centre (S2)	Castle View Park (S2)	Manor Park Medical Centre (S2)	2428	1821	ufwdIlmuGABBl@Wf@]p@_AlBw@~@s@b@q@Jq@@g@E{@CkACQ@ARGV?p@?I?g@FW@SG?SFWLUR[b@y@fADJ@L?FCLEJrAjCr@`Bl@bBJSh@{@NUHEHAL?jBb@jA`@zBp@^Lp@T|Ah@l@^Zb@Pb@BH@DHd@Dr@A`AKv@ENe@jAe@aAQUyDq@WGaAOq@a@QSUe@KO^}@\cBNwBkAa@kBc@M?I@IDOTi@z@KRm@cBs@aBsAkCEDK@GCGICMAM@M@GDIFEFA??HBDHx@gAZc@TSVMRGF?PAjABz@Bf@Dp@Ap@Kr@c@v@_A~@mB\q@Vg@Cm@@C	Click to Generate
S2	60	1			3	Cholera Monument, Sheffield (S2)	Path up to the Cholera Monument, Sheffield (S2)	Sheffield Inclusion Centre (S2)	6087	4565	cfxdItv{Go@|AGLjAlBIZADAF?D?\?z@?F@DBFBFCGCGAE?G?{@?]?E@G@EH[??kAmBwA`DFLHJf@f@RPz@x@tAtABB~@~@DBb@b@FK@CDEDCFAfAQt@M@ABA@C@C@C?C@GCa@c@Fb@GB`@AF?BABABABC@A@}B^G@EBEDABGJc@c@EC_A_ACCuAuA{@y@SQg@g@IKGMCECICImAqEWcAW}@Su@EQCKEKQu@y@}CMi@Kc@HIHKNO`AeANS`AeANSDEFE`@e@dCgDLSXe@JSP_@h@yAzAqEJWhHaTBKBITo@b@sAf@sAL]P]b@}@`@u@d@s@DGFINOTUZ]fBeBRS^]BADEFG~BuBrFgFDEFEzCuCv@u@|@_ARQDEDEx@u@^]nAqA\m@~@cBf@aA^m@`@u@h@_AFMDIP[HMDIDKDEb@w@HKd@{@jBkDj@cABFBFj@lAVj@d@`ATf@Tf@@Bl@rAb@~@FL`@~@b@hARl@?BN`@UTu@t@qBjBw@v@eAbAcA~@I[Ke@GUw@_DCGIUOEIAGA?S?O?KCQKc@e@{AIUCGMc@KKGGIGCCEAK?i@~@a@t@_@l@g@`A_AbB]l@oApA_@\y@t@EDEDSP}@~@w@t@{CtCGDEDsFfF_CtBGFEDC@_@\SRgBdB[\UTAj@?JGnCE|BEtBKtFKxFAPCfAAx@An@Aj@U@C@A@CDgElMiBjEKVYn@ABm@vAmCjGCDuA|Ce@fA	Click to Generate
S2	20	1			3	Broadfield Park (S2)	The Hardy Pick (S2)	Virgin Crucible (S2)	1824	1368	iltdI`s`HYW]UOKEESOSQKICCGGCEEIEIEGKUISCKGMEMCKCMIi@ESESEOGSc@w@GGC[BEHENIPI`@QDC\MJCFCHCDAD?R?@NBJ@F?R@R?JEh@A^Ab@?@EpA?HAHCHAHAFIVEJCHKVKUISCKGMEMCKCMIi@ESESEOGSc@w@GGC[BEHENIPI`@QDC\MJCFCHCDAD?R?P?F?PBD?`@ENCRGDCHGFGBCBEDEv@pBlAzCHPf@{@Se@GO_@}@JSV_@c@r@^|@FNRd@g@z@IQmA{Cw@qBEDCDCBGFIFEBSFSkCCYCUCOIQIWM]Zk@[j@L\HVHPBNBTVdDOBa@DE?KJIFCBIF?R@R?JEh@A^Ad@EpA?`A?f@?L?P?JBVRPRNDDNJ\TXV	Click to Generate
S2	20	1			3	Alam Hill Books (S2)	Boots (S2)	Meersbrook Park Church (S2)	1457	1093	gitdInh_HRq@^iAhA_DhCaGqAwBIMeC|FyAhDk@vAEJWj@Yp@CTz@\\PJDNHFFJHNLFHFDHHZZl@d@X\dAhANPJJEJCFILCHEJKh@ITGXIA??AAAAEICEAEUg@BqAD@T^CjAEJ@DHN@@@@??H@FYAQDq@BKBQJSNMJJPRPTRZ@BBDDHN^LZZ`A[k@KQIQOUOWWa@EGW[QQ[]{@iAMQg@s@[[IIGEGIOMJ_@DM	Click to Generate
S2	20	1			3	Gin Bar (S2)	Broadfield Park (S2)	The Hardy Pick (S2)	1711	1283	{ktdIls`HII]Y]UOKEESOSQKICCGGCEEIEIEGKUISCKGMEMCKCMIi@ESESEOGSc@w@GGGGGIQYGPEFMVDL@@BH?F?vC?V?zB?|@A\AZCn@\J@?B@@B@@@B@BBD?B@D?FHlA?B?B@D?B@@@B@B@@@@BB@?B@VH^aEL_BFi@@C@I?EBG@EN]JWBIDKHW@G@IBI@I?IDqA?A@c@@_@Eg@ASAMASCQGQR?P?F?PBD?`@ENCRGDCHGFGBCBEDEv@pBlAzCHPf@{@Se@GO_@}@JSV_@c@r@^|@FNRd@g@z@IQmA{Cw@qBEDCDCBGFIFEBSFOBa@DE?KJIFCBIF?R@R?JEh@A^Ad@EpA?`A?f@?L?P?JBVRPRNDDNJ\T\XHH	Click to Generate
S2	20	1			3	Top Chopper (S2)	Broadfield Park (S2)	The Hardy Pick (S2)	1645	1234	kktdIzs`HEESQ]Y]UOKEESOSQKIEd@?BDi@CCGGCEEIEIEGKUISCKGMEMCKCMIi@ESESEOGSc@w@GGC[BEHENIPI`@QDC\MJCFCHCDAD?R?@NBJ@F?R@R?JEh@A^Ab@?@EpA?HAHCHAHAFIVEJCHKVKUISCKGMEMCKCMIi@ESESEOGSc@w@GGC[BEHENIPI`@QDC\MJCFCHCDAD?R?P?F?PBD?`@ENCRGDCHGFGBCBEDEv@pBlAzCHPf@{@Se@GO_@}@JSV_@c@r@^|@FNRd@g@z@IQmA{Cw@qBEDCDCBGFIFEBSFOBa@DE?KJIFCBIF?R@R?JEh@A^Ad@EpA?`A?f@?L?P?JBVRPRNDDNJ\T\XRPDD	Click to Generate
S2	20	1			3	Manor Park Medical Centre (S2)	St Vincent's (S2)	Hair & Beauty Lounge (S2)	1477	1108	ewwdI`{uG?g@FW@SG?SFWLUR[b@y@fADJ@L?FCLEJEDK@GCGICMAM@M@GDIFEFA??HBDHDJ@L?FCLEJrAjCr@`BOV_@}@k@qAWm@CCGGIGICGAG?GBWVCDC?A?MIp@kACMAM@M@GDIFEFAHBDHx@gAZc@TSVMRGF?PAjABz@Bf@Dp@Ap@Kr@c@v@_A~@mB\q@Vg@Cm@??^w@ZHq@tAEDWf@]p@_AlBw@~@s@b@q@Jq@@g@E{@CkACQ@ARGV?f@	Click to Generate
S2	20	1			3	Well Pharmacy (S2)	Gleadless Medical Centre (S2)	Pizza City (S2)	2040	1530	a}sdIt~yG??AL?F?BHRKLKLMJiB`BQNUT??KNILSZOXCDGHADOZA@CFGHMRKPKRADHNZl@??[m@IOMVCFITEHCLKIGGEGGGQKMIm@YIAFu@HsA?IBe@@OEQMIK?a@NK@KEGKGOAS?C?WJo@@KPy@Py@H]@GLm@VqADSBKJw@@IAUCQIMICEAQHYTSRQRGDGFIBEA[EBc@J{AFeAF_A@[B[By@@WfATB_@C^gAUAVCx@Ev@G~@GdAKzACb@Gz@?FIfAGt@E`@Kz@EZEXG\Sz@Qv@Wx@Od@MXGNMXSd@EHGHMVHR@BBBHDJ?F?FC`B]r@On@OVGFAF?F?F?PD`@LH@l@XLHPJRAFAH?DCHCBGLW@EJSJQLSFIBG@AN[@EFIBENYR[HMJOTUPOhBaBLKJMJMIS?C?G@M??	Click to Generate
S2	15	1			3	Another Level (S2)	Alam Hill Books (S2)	Boots (S2)	1435	1076	gktdIzh_HHDNHFFJHNLFHFDHHZZj@b@@@ELg@s@[[IIGEGIOMKIGGOIKE]Q{@]BUXq@Vk@DKj@wAxAiDdC}FHLpAvBiC`GiA~C_@hAY~@K^NLFHFDHHZZl@d@X\dAhANPJJEJCFILCHEJKh@ITGXIA??AAAAEICEAEUg@BqAD@T^CjAEJ@DHN@@@@??H@FYAQDq@BKBQJS[]{@iAMQg@s@[[IIGEGIOMKIGGOIIE	Click to Generate
S2	30	1			3	Newfield Green Clinic (S2)	Newfield Green Dental Surgery (S2)	Pizza City (S2)	2422	1816	g~sdIrazGaBxAQNUTKNILSZOXKSGK??FJJRCDGHADOZA@CFGHMRKPKRADMVCFITEHCLKIGGEGGGQKMIm@YIAFu@HsA?Ic@Gb@F?HIrAGt@H@l@XLHPJRAD?@AH?DCHCBGLW@EJSJQLSFIBG@AN[@EFIBEKSGKFJJRCDGHADOZA@CFGHMRKPKRADMVCFITEHCLKIGGEGGGQKMIm@YIAFu@HsA?IBe@@OEQMIK?a@NK@KEGKGOAS?C?WJo@@KPy@Py@H]@GLm@VqADSBKJw@@IAUCQIMICEAQHYTSRQRGDGFIBEA[EBc@J{AFeAF_A@[B[By@@WfATB_@C^gAUAVCx@Ev@G~@GdAKzACb@Gz@?FIfAGt@E`@Kz@EZEXG\Sz@Qv@Wx@Od@MXGNMXSd@EHGHMVHR@BBBHDJ?F?FC`B]r@On@OVGFAF?F?F?PD`@LH@l@XLHPJRAFAH?DCHCBGLW@EJSJQLSFIBG@AN[@EFIBENYR[HMJOTUPO`ByA	Click to Generate
S2	60	1			3	Path near the Cholera Monument, Sheffield (S2)	Path up to the Cholera Monument, Sheffield (S2)	Sheffield Inclusion Centre (S2)	6939	5204	c|wdI`f|Gb@GB`@AF?BABABABC@A@}B^G@EBEDABGJc@c@EC_A_ACCuAuA{@y@SQg@g@IKGMvAaDjAlBIZADAF?D?\?z@?F@DBFBFCGCGAE?G?{@?]?E@G@EH[??kAmBwA`DFLHJf@f@RPz@x@tAtABB~@~@DBb@b@FK@CDEDCFAfAQt@M@ABA@C@C@C?C@GCa@c@Fb@GB`@AF?BABABABC@A@}B^G@EBEDABGJc@c@EC_A_ACCuAuA{@y@SQg@g@IKGMCECICImAqEWcAW}@Su@EQCKEKQu@y@}CMi@Kc@HIHKNO`AeANS`AeANSDEFE`@e@dCgDLSXe@JSP_@h@yAzAqEJWhHaTBKBITo@b@sAf@sAL]P]b@}@`@u@d@s@DGFINOTUZ]fBeBRS^]BADEFG~BuBrFgFDEFEzCuCv@u@|@_ARQDEDEx@u@^]nAqA\m@~@cBf@aA^m@`@u@h@_AFMDIP[HMDIDKDEb@w@HKd@{@jBkDj@cABFBFj@lAVj@d@`ATf@Tf@@Bl@rAb@~@FL`@~@b@hARl@?BN`@UTu@t@qBjBw@v@eAbAcA~@I[Ke@GUw@_DCGIUOEIAGA?S?O?KCQKc@e@{AIUCGMc@KKGGIGCCEAK?i@~@a@t@_@l@g@`A_AbB]l@oApA_@\y@t@EDEDSP}@~@w@t@{CtCGDEDsFfF_CtBGFEDC@_@\SRgBdB[\UTAj@?JGnCE|BEtBKtFKxFAPCfAAx@An@Aj@U@C@A@CDgElMiBjEKVYn@ABm@vAmCjGCDuA|CuAdDGLwA`DFLHJf@f@RPz@x@tAtABB~@~@DBb@b@FK@CDEDCFA|B_@@ABA@C@C@C?C@GCa@c@F	Click to Generate
S2	60	1			3	Path up to the Cholera Monument, Sheffield (S2)	Substantial Victorian houses in Norfolk Road (S2)	Sheffield Inclusion Centre (S2)	5721	4291	c|wdI`f|Gb@GB`@AF?BABABABC@A@u@LgAPG@EBEDABGJc@c@EC_A_ACCuAuA{@y@SQg@g@IKGMvAaDFMn@}Ad@gAtA}CBElCkGl@wA@CXo@JWhBkEfEmMBE@ABATA@k@@o@@y@BgA@QJyFJuFDuBD}BFoC?K@k@TUZ]fBeBRS^]BADEFG~BuBrFgFDEFEzCuCv@u@|@_ARQDEDEx@u@^]nAqA\m@~@cBf@aA^m@`@u@h@_AFMDIP[HMDIDKDEb@w@HKd@{@jBkDj@cABFBFj@lAVj@d@`ATf@Tf@@Bl@rAb@~@FL`@~@b@hARl@?BN`@UTu@t@qBjBw@v@eAbAcA~@I[Ke@GUw@_DCGIUOEIAGA?S?O?KCQKc@e@{AIUCGMc@KKGGIGCCEAK?i@~@a@t@_@l@g@`A_AbB]l@oApA_@\y@t@EDEDSP}@~@w@t@{CtCGDEDsFfF_CtBGFEDC@_@\SRgBdB[\UTAj@?JGnCE|BEtBKtFKxFAPCfAAx@An@Aj@U@C@A@CDgElMiBjEKVYn@ABm@vAmCjGCDuA|CuAdDGLwA`DFLHJf@f@RPz@x@tAtABB~@~@DBb@b@FK@CDEDCFA|B_@@ABA@C@C@C?C@GCa@c@F	Click to Generate
S2	20	1			3	East Bank Medical Centre (S2)	The Spires Centre (S2)	Springs Leisure Centre (S2)	1846	1384	kytdI|wwG??DPDV?\IRGLSH@`@B^BbAFrALCH?ZGNCb@Er@I`@G?YEqAC_@mANlAOHpB?XDAl@Ir@KI}@Gy@Em@AICe@C_@Ca@Cg@Ag@Ci@A]?_@AS?KAU?y@?q@?_A?e@@]@e@Bg@BW@]Dm@FaABi@Bc@D}@Bu@D}A@}@?G?Y?]?K?_@?]AQASCYF?FDP\N^WNQH?^?J?\?X?FA|@E|ACt@E|@Cb@Ch@G`AEl@A\CVCf@Ad@A\?d@?~@?N?`@?x@@T?J@R?^p@IJC~@Sx@ODE?G??Cu@UBe@nA_ARKBq@H@\Bh@@f@Bf@yARoBXOBQ@EWEQ??	Click to Generate
S2	30	1			3	Porcelanosa (S2)	Meersbrook Park Church (S2)	Virgin Crucible (S2)	2946	2210	wctdIjw_HEIACE]FYAQDq@BKBQJS[]{@iAMQGRENADECUK_@QGC@Y?G@IDUDQZZl@d@X\dAhANPJJPRPTRZ@BBDDHN^LZZ`A[k@KQIQOUOWWa@EGW[QQ[]{@iAMQg@s@[[IIGEGIOMKIGGOIKEA\GnAKnCALCJEFYn@CD?DAD?B?D@D@DXj@fAzBLZFTDRF`@@^E@C@A?C@EBCDe@p@EDCDCBGFIFEBSFSkCCYCUCOIQIWM]Zk@[j@L\HVHPBNBTVdDOBa@DE?KJIFCBIFEACACCCAAGGQCIEMAGEKEOISQk@]u@oAeDg@kAeAgCi@oAMc@Y_ACMCICCEIEGEGGEa@UaAm@kBiAmAs@MIIIGGIIGMEIOc@EKAKCME]K}@Gc@Ks@ASEc@Ce@T@B?H?XAFAF?REZ?b@Av@A\?V?J@H@D@B@JDHDHHTRTTX\PTPTZd@`@n@f@t@f@t@HLFFDHLNDFBBVXLLFDXPNJNHPLTH\Pd@PHBFBZLz@\\PJDNHFFJHNLFHFDHHZZl@d@X\dAhANPJJEJCFILCHEJKh@ITGXD\@BDH	Click to Generate
S2	45	1			3	Boots (S2)	Broadfield Park (S2)	Virgin Crucible (S2)	3525	2644	wftdI`c`HKR^|@FNRd@g@z@IQmA{Cw@qBEDCDCBGFIFEBSFOBa@DE?KJIFCBIFEACACCCAAGGQCIEMAGEKEOISQk@]u@oAeDg@kAeAgCi@oAMc@Y_ACMCICCEIEGEGGEa@UaAm@kBiAmAs@MIIIGGIIGMEIOc@EKAKCME]K}@Gc@Ks@ASEc@Ce@T@B?H?XAFAF?REZ?b@Av@A\?V?J@H@D@B@JDHDHHTRTTX\PTPTZd@`@n@f@t@f@t@HLFFDHLNDFBBVXLLFDXPNJNHPLTH\Pd@PHBFBZLz@\\PJDNHFFJHNLFHFDHHZZl@d@X\dAhANPJJEJCFILCHEJKh@ITGXIA??AAAAEICEAEUg@BqAD@T^CjAEJ@DHN@@@@??H@FYAQDq@BKBQJS[]{@iAMQg@s@[[IIGEGIOMKIGGOIKEA\GnAKnCALCJEFYn@CD?DAD?B?D@D@DXj@fAzBLZFTDRF`@@^E@C@A?C@EBCDe@p@EDCDCBGFIFEBSFOBa@DE?KJIFCBIF?R@R?JEh@A^Ab@?@EpA?HAHCHAHAFIVEJCHKVKUISCKGMEMCKCMIi@ESESEOGSc@w@GGC[BEHENIPI`@QDC\MJCFCHCDAD?R?P?F?PBD?`@ENCWeDCUCOIQIWM]Zk@[j@L\HVHPBNBTBXRjCRGDCHGFGBCBEDEv@pBlAzCHPf@{@Se@GO_@}@JS	Click to Generate
S2	20	1			3	Boots (S2)	Alam Hill Books (S2)	Meersbrook Park Church (S2)	1675	1256	ihtdIlk_HTRl@d@X\dAhANPJJEJCFILCHEJKh@ITGXIA??AAAAEICEAEUg@BqAD@T^CjAEJ@DHN@@@@??H@FYAQDq@BKBQJS[]{@iAMQg@s@[[IIGEGIOMKIGGOIKE]Q{@]BUXq@Vk@DKj@wAxAiDdC}FHLpAvBiC`GiA~C_@hAY~@K^NLFHFDHHZZl@d@X\dAhANPJJPRPTRZ@BBDDHN^LZZ`A[k@KQIQOUOWWa@EGW[QQ[]{@iAMQg@s@US	Click to Generate
S2	20	1			3	Temple Park Centre (S2)	Manor Park Medical Centre (S2)	Castle View Park (S2)	1839	1379	exwdIhkvGDIF[?SA[Gc@CINWs@aBsAkCEDK@GCGICMAM@M@GDIFEFAHBDHx@gAZc@TSVMRGF?ARGV?p@?I?g@FW@SG?SFWLUR[b@y@fADJ@L?FCLEJEDK@GCGICMAM@M@GDIFEFA??HBDHDJ@L?FCLEJrAjCr@`Bl@bBJSh@{@NUHEHAL?jBb@jA`@zBp@^Lp@T|Ah@l@^Zb@Pb@BH@DHd@Dr@A`AKv@ENe@jAe@aAQUyDq@WGaAOq@a@QSUe@KOa@n@mBxCoAyCoAyCZi@IOLU	Click to Generate
S2	45	1			3	Bronze & Polished (S2)	Sheffield Inclusion Centre (S2)	Leaves (S2)	3066	2300	kyudIthwGrAaCLYRYBCDINUNYJORa@~AwC`ByC|A}C@DHNf@bALZBFPh@Lb@?BH\Jt@Hv@Dh@@JIJMRQ^]r@m@nA@TPvBNjCHhBFjAD|ADlAB~@G?I@MHo@l@k@h@k@h@gAdAa@^WTUTu@t@qBjBw@v@eAbAcA~@I[Ke@GUw@_DCGIUOEIAGA?S?O?KCQKc@e@{AIUCGMc@EQCE?EAGAG?CAI?I@I?I@E@CDIDKDEb@w@HKd@{@jBkDj@cA\q@l@mAvAgCACKSaAuBaA{BK]ESAIGYGk@Cm@Cy@?UF?f@IXEXEr@St@Uj@_@v@_@z@w@FGbAoAHKpBvC??qBwCIJcAnAGF{@v@w@^k@^u@Ts@RYDYDg@HG??TBx@Bl@Fj@FX@HDRJ\`AzB`AtBJR@BsA`C	Click to Generate
S2	15	1			3	Springs Leisure Centre (S2)	The Co-operative Food (S2)	East Bank Medical Centre (S2)	1218	914	crtdIhmwG?`@?x@@T?J@R?^p@IJC~@Sx@ODE?G??Cu@UBe@nA_ARKBq@H@\Bh@@f@Bf@yARoBXOBQ@EWEQ??KKWCGDIHELERAXDVJTLFH@@`@B^BbAFrALCH?ZGNCb@Er@I`@G?YEqAC_@mANlAOHpB?XDAl@Ir@KI}@Gy@Em@AICe@C_@Ca@Cg@Ag@Ci@A]?_@AS?KAU?y@?a@	Click to Generate
S2	15	1			3	International Automatic Cars (S2)	Boots (S2)	Meersbrook Park Church (S2)	1408	1056	wetdI~i_H{AaBY~@K^KIGGOIKE]Q{@]BUXq@Vk@DKPXVd@H@t@aBu@`BIACES_@QYEJWj@Yp@CTz@\\PJDNHFFJHNLFHFDHHZZl@d@X\dAhANPJJEJCFILCHEJKh@ITGXIA??AAAAEICEAEUg@BqAD@T^CjAEJ@DHN@@@@??H@FYAQDq@BKBQJSNMJJPRPTRZ@BBDDHN^LZZ`A[k@KQIQOUOWWa@EGW[QQ[]{@iAMQg@s@[[IIGEGIOMJ_@X_AzA`B	Click to Generate
S2	20	1			3	MJ Dressmaker & Designer (S2)	Broadfield Park (S2)	Virgin Crucible (S2)	1965	1474	qptdIzp`HDe@JHRPRNDDNJ\T\XRPQr@CFAFWtA[zAERMj@AD?B?B?D@B@BJFr@d@FDFDl@wCBONu@XwAQWIKKMKKKKMK??SQ]Y]UOKEESOSQKICCGGCEEIEIEGKUISCKGMEMCKCMIi@ESESEOGSc@w@GGC[BEHENIPI`@QDC\MJCFCHCDAD?R?@NBJ@F?R@R?JEh@A^Ab@?@EpA?HAHCHAHAFIVEJCHKVKUISCKGMEMCKCMIi@ESESEOGSc@w@GGC[BEHENIPI`@QDC\MJCFCHCDAD?R?P?F?PBD?`@ENCSkCCYCUCOIQIWM]Zk@[j@L\HVHPBNBTVdDOBa@DE?KJIFCBIF?R@R?JEh@A^Ad@EpA?`A?f@?L?P?JBVRPRNDDNJ\TPcA@I`@wB@GAFa@vBAHQbA]UOKEESOSQKIEd@	Click to Generate
S2	20	1			3	Broadfield Park (S2)	Virgin Crucible (S2)	The Hardy Pick (S2)	1729	1297	untdIbq`HAASOSQKICCGGCEEIEIEGKUISCKGMEMCKCMIi@ESESEOGSc@w@GGC[BEHENIPI`@QDC\MJCFCHCDAD?R?@NBJ@F?R@R?JEh@A^Ab@?@EpA?HAHCHAHAFIVEJCHKVKUISCKGMEMCKCMIi@ESESEOGSc@w@GGC[BEHENIPI`@QDC\MJCFCHCDAD?R?P?F?PBD?`@ENCWeDCUCOIQIWM]Zk@[j@L\HVHPBNBTBXRjCRGDCHGFGBCBEDEv@pBlAzCHPf@{@Se@GO_@}@JSV_@c@r@^|@FNRd@g@z@IQmA{Cw@qBEDCDCBGFIFEBSFOBa@DE?KJIFCBIF?R@R?JEh@A^Ad@EpA?`A?f@?L?P?JBVRPRN@@	Click to Generate
S2	30	1			3	Kwik Fit (S2)	Leaves (S2)	Windy House Lane Pocket Park (S2)	2300	1725	gsudIh_wGCD_@p@OXOTEHCBSXMXwAfCm@lA]p@k@bAkBjDe@z@CEEIk@mAj@lADHBDd@{@jBkDj@cA\q@l@mAdAkBP[ACKSaAuBaA{BK]ESAIGYGk@Cm@Cy@?UF?f@IXEXEr@St@Uj@_@v@_@z@w@FGbAoAHKpBvC??qBwCm@q@A?u@y@{A}AOOELCFCBg@^AGGW??FV@Ff@_@BCBGDMNNzA|At@x@@?l@p@IJcAnAGF{@v@w@^k@^u@Ts@RYDYDg@HG??TBx@Bl@Fj@FX@HDRJ\`AzB`AtBJR@BLYRYBCDINUNY^q@BE	Click to Generate
S2	20	1			3	Temple Park Centre (S2)	Manor Park Medical Centre (S2)	Castle View Park (S2)	1839	1379	axwdItgvG?ECINWs@aBsAkCEDK@GCGICMAM@M@GDIFEFAHBDHx@gAZc@TSVMRGF?ARGV?p@?I?g@FW@SG?SFWLUR[b@y@fADJ@L?FCLEJEDK@GCGICMAM@M@GDIFEFA??HBDHDJ@L?FCLEJrAjCr@`Bl@bBJSh@{@NUHEHAL?jBb@jA`@zBp@^Lp@T|Ah@l@^Zb@Pb@BH@DHd@Dr@A`AKv@ENe@jAe@aAQUyDq@WGaAOq@a@QSUe@KOa@n@mBxCoAyCoAyCZi@IOR_@F[?SA[G]	Click to Generate
S2	45	1			3	Kingdom Hall of Jehovah's Witnesses (S2)	I Said Bread (S2)	Meersbrook Park (S2)	3633	2725	}`tdIvm~G_AvB]z@_FfLeA_BdA~AfC_GvAgD\{@tC{GE[IcFImDS@u@@EEKmIVCn@ED?F?zBO?FJtGnBKF~CxC{@rC_A`@Kz@Ad@F~Ad@T?Nt@dAnFBPDZRjDMHILMl@CXEn@@pA?fD?V?^CRo@tDMdAIv@KA_@DuDb@HmA??IlAEHMrBGxAAlABnDDtBD~@Bx@wAbAcA`AEDST{@|@c@d@kAhAMPCIQk@CKEKKe@CGGSEMW}@w@iC[_A[k@KQIQOUOWWa@EGW[QQ[]{@iAMQg@s@[[IIGEGIOMKIGGOIKE]Q{@]BUXq@Vk@DKj@wA~EgL\{@~@wB	Click to Generate
S2	45	1			3	Broadfield Park (S2)	The Hardy Pick (S2)	Boots (S2)	3409	2557	mmtdId}_HRjCOBa@DE?KJIFCBIF?R@R?JEh@A^Ab@?@EpA?HAHCHAHAFIVEJCHKVKUISCKGMEMCKCMIi@ESESEOGSc@w@GGC[BEHENIPI`@QDC\MJCFCHCDAD?R?P?F?PBD?`@ENCRGDCHGFGBCBEDEv@pBlAzCHPf@{@Se@GO_@}@JSV_@c@r@^|@FNRd@g@z@IQmA{Cw@qBEDCDCBGFIFEBSFOBa@DE?KJIFCBIFEACACCCAAGGQCIEMAGEKEOISQk@]u@oAeDg@kAeAgCi@oAMc@Y_ACMCICCEIEGEGGEa@UaAm@kBiAmAs@MIIIGGIIGMEIOc@EKAKCME]K}@Gc@Ks@ASEc@Ce@T@B?H?XAFAF?REZ?b@Av@A\?V?J@H@D@B@JDHDHHTRTTX\PTPTZd@`@n@f@t@f@t@HLFFDHLNDFBBVXLLFDXPNJNHPLTH\Pd@PHBFBZLz@\\PJDNHFFJHNLFHFDHHZZl@d@X\dAhANPJJEJCFILCHEJKh@ITGXIA??AAAAEICEAEUg@BqAD@T^CjAEJ@DHN@@@@??H@FYAQDq@BKBQJS[]{@iAMQg@s@[[IIGEGIOMKIGGOIKEA\GnAKnCALCJEFYn@CD?DAD?B?D@D@DXj@fAzBLZFTDRF`@@^E@C@A?C@EBCDe@p@EDCDCBGFIFEBSFSkC	Click to Generate
S2	30	1			3	Gleadless Medical Centre (S2)	Terry Wright Community Hall (S2)	Pizza City (S2)	2388	1791	qbtdIrezG??KNILSZOXCDGHADOZA@CFGHMRKPKRADHNZl@??[m@IO@EJSJQLSFIBG@AN[@EFIBENYR[HMJOTUPOhBaBLKJMJMIS?C?G@M??j@y@BCZi@LKH??L@H@Jg@r@QXCBa@j@KLKLMJiB`BQNUTKNILSZOXCDGHADOZA@CFGHMRKPKRADMVCFITEHCLKIGGEGGGQKMIm@YIAFu@HsA?IBe@@OEQMIK?a@NK@KEGKGOAS?C?WJo@@KPy@Py@H]@GLm@VqADSBKJw@@IAUCQIMICEAQHYTSRQRGDGFIBEA[EBc@J{AFeAF_A@[B[By@@WfATB_@C^gAUAVCx@Ev@G~@GdAKzACb@Gz@?FIfAGt@E`@Kz@EZEXG\Sz@Qv@Wx@Od@MXGNMXSd@EHGHMVHR@BBBHDJ?F?FC`B]r@On@OVGFAF?F?F?PD`@LH@l@XLHPJRAFAH?DCHCBGLW@EJSJQLSFIBG@AN[@EFIBENYR[HMJO	Click to Generate
S2	30	1			3	Singh's (S2)	Leaves (S2)	UBU (S2)	2375	1781	cwudIlevGFV@Ff@_@BCBGDM_EkEu@w@CFCFGJEDGDEBE@I@EAGAECEEGGEKIWE]?Q@QF[JWHIJGHCP@LBDDDHDNHZ@N@NAJAL?BETZ\XX~DjENNzA|At@x@@?l@p@pBvC??qBwCIJcAnAGF{@v@w@^k@^u@Ts@RYDYDg@HG??TBx@Bl@Fj@FX@HDRJ\`AzB`AtBJR@BLYRYBCDINUNY^q@BEzAqC`ByC|A}C^q@`AgB`AmBVo@Xw@L[d@y@@E@E?C@E?E?G?E?C?EAC?A?EAEAEAGCEAEEG[SmBkA_BcAsA}@UQGXS|@u@rBq@jAy@jAc@f@INCHOOELCFCBg@^AGGW	Click to Generate
S2	20	1			3	I Said Bread (S2)	74th Oak Street Scout Group (S2)	Carfield Primary School (S2)	1464	1098	o}sdIbp}Gw@FG?LxIS@u@@EEKmIVCEmCCsBAq@AKv@EJ~HF?zBO?FJtGnBKKsG?GjAKAk@@i@E_BCoBHnEAh@@j@kAJ?FJrGoBJKuG?GcAF	Click to Generate
S2	30	1			3	Sheffield Animal Centre (S2)	Highfield Motors (S2)	Diocese of Hallam Pastoral Centre (S2)	2679	2009	utzdIprvGOAGS?]@WMMe@[PmA@EF]Lq@\cAL]LFHF`AdAp@r@NFl@^d@^r@bAxFbGCn@Qd@_AhACDWb@Yz@a@`BOHK@k@EMBGFEFCPALAp@?JAHAHAHCBAFEHe@WmAo@AAKGyBmAqEiC[QOAM?KAKAQAM@SFURa@`@IHa@d@q@p@S\EDWVDNb@nBBHHd@XtAKXEGCEWZEMIQ??CFEJBHBPBR?p@Ib@_AbDXXRNDBZXJ^?^?RE~AbBPH@n@JHBZDEg@K_BAKASOmBm@sC_AaEYuAIe@CIc@oBEOK[BIBCPENEREp@q@`@e@HI`@a@TSHSL_@DGHQBGNM@CFQDQJc@He@l@cDHg@`@_CFc@Pu@^qAXZTPNLMp@G\ADQlAd@ZLLAV?\FRN@	Click to Generate
S2	20	1			3	East Bank Medical Centre (S2)	The Spires Centre (S2)	Springs Leisure Centre (S2)	1882	1412	e{tdIdxwGADERAXDVJTLFH@@`@B^BbAFrALCH?ZGNCb@Er@I`@G?YEqAC_@mANlAOHpB?XDAl@Ir@KI}@Gy@Em@AICe@C_@Ca@Cg@Ag@Ci@A]?_@AS?KAU?y@?q@?_A?e@@]@e@Bg@BW@]Dm@FaABi@Bc@D}@Bu@D}A@}@?G?Y?]?K?_@?]AQASCYF?FDP\N^WNQH?^?J?\?X?FA|@E|ACt@E|@Cb@Ch@G`AEl@A\CVCf@Ad@A\?d@?~@?N?`@?x@@T?J@R?^p@IJC~@Sx@ODE?G??Cu@UBe@nA_ARKBq@H@\Bh@@f@Bf@yARoBXOBQ@EWEQKKWCGDIHCF	Click to Generate
S2	30	1			3	Nether Edge Primary School (S2)	Broadfield Park (S2)	Virgin Crucible (S2)	2342	1756	{wtdIfkaHF[TkANq@`@_CFc@d@uE^aEL_BFi@BM?EBG@EN]DFDHDHBDFFBBJHRPRNDDNJ\T\XRPQr@CFAFUhAAJ[zAERMj@AD?B?B?D@B@BJFr@d@FDFDl@wCBONu@XwAQWIKKMKKKKMKSQ]Y]UOKEESOSQKICCGGCEEIEIEGKUISCKGMEMCKCMIi@ESESEOGSc@w@GGC[BEHENIPI`@QDC\MJCFCHCDAD?R?@NBJ@F?R@R?JEh@A^Ab@?@EpA?HAHCHAHAFIVEJCHKVKUISCKGMEMCKCMIi@ESESEOGSc@w@GGC[BEHENIPI`@QDC\MJCFCHCDAD?R?P?F?PBD?`@ENCSkCCYCUCOIQIWM]Zk@[j@L\HVHPBNBTVdDOBa@DE?KJIFCBIF?R@R?JEh@A^Ad@EpA?HAHCHAHAFIVEJCHKVO\ADCF?DCLGh@M~A_@`Ee@tEGb@a@~BOp@UjAGZ	Click to Generate
S2	30	1			3	Windy House Lane Pocket Park (S2)	UBU (S2)	Leaves (S2)	2455	1841	_~udIv`vGCyAI@EAGAECEEGGEKIWE]?Q@QF[JWHIJGHCP@LBDDDHDNHZ@N@NAJAL?BETt@v@~DjEELCFCBg@^AGGW??FV@Ff@_@BCBGDMNNzA|At@x@@?l@p@IJcAnAGF{@v@w@^k@^u@Ts@RYDYDg@HG??TBx@Bl@Fj@FX@HDRJ\`AzB`AtBJR@BLYRYBCDINUNY^q@BEzAqC`ByC|A}C^q@`AgB`AmBVo@Xw@L[d@y@@E@E?C@E?E?G?E?C?EAC?A?EAEAEAGCEAEEG[SmBkAGT]xAENa@jAq@|ASb@Q\_@r@q@z@pBvC??qBwCm@q@A?u@y@{A}AOO_EkEu@w@CFCFGJEDGDEBE@BxA	Click to Generate
S2	45	1			3	Gleadless Medical Centre (S2)	Pizza City (S2)	Arbourthorne Community Primary School (S2)	3283	2462	gbtdIp~yGh@iABCTe@f@aAP]h@eAHKLKBCTAF@JFHLHRDX@\?Z@RA\?H?J?L@H@Jg@r@QXCBa@j@KLKLMJiB`BQNUTKNILSZOXCDGHADOZA@CFGHMRKPKRADHNZl@??[m@IOMVCFITEHCLKIGGEGGGQKMIm@YIAFu@HsA?IBe@@OEQMIK?a@NK@KEGKGOAS?C?WJo@@KPy@Py@H]@GLm@VqADSBKJw@@IAUCQIMICEAQHYTSRQRGDGFIBEA[EBc@J{AFeAF_A@[B[By@@WBw@@m@Bo@@i@@g@@e@?G?M?O@c@G@MFa@Po@\aAj@a@VSLYPiBpAg@\e@\}@r@y@n@EBPbBJ|@D^Lr@Lp@BLFXDJJKHGFADDDJBFFFBAtAy@??uAx@C@GGCGEKEEG@IFKJFRJ\BDFNLZNRPZZ^LJJHRRNJh@b@h@\j@\TL^RSz@Qv@Wx@Od@MXGNMXSd@EHGHMVHR@BBBHDJ?F?FC`B]r@On@OVGFAF?F?F?PD`@LH@l@XLHPJRAFAH?DCHCBGLW@EJSJQLSFIBG@AN[@EFIBENYR[HMJOTUPOhBaBLKJMJM`@k@BCPYf@s@AKAI?M?K?I@]AS?[A]EYISIMKGGAU@CBMJIJi@dAQ\g@`AUd@CBi@hA	Click to Generate
S2	20	1			3	Wobbly Wheel Cyclery (S2)	Meersbrook Service Station (S2)	I Said Bread (S2)	2057	1543	oatdInh}GBrBDlCn@ED?F?v@GbAG?FJtGnBKKsG?GOqKCK@_@@WAIAIoGeAa@GDWEkAAOHmBN}@RyAFUJ]hB\~Bb@rBjFQDqDo@qEw@IlBFzAEV`@FZ`CFfCJ~HLxIS@u@@EEKmIVCEmCCsB	Click to Generate
S2	45	1			3	The Hardy Pick (S2)	Virgin Crucible (S2)	Boots (S2)	3743	2807	yltdIbq`HId@]UOKEESOSQKICCGGCEEIEIEGKUISCKGMEMCKCMIi@ESESEOGSc@w@GGC[BEHENIPI`@QDC\MJCFCHCDAD?R?P?F?PBD?`@ENCRGDCHGFGBCBEDEv@pBlAzCHPf@{@Se@GO_@}@JSV_@c@r@^|@FNRd@g@z@IQmA{Cw@qBEDCDCBGFIFEBSFSkCCYCUCOIQIWM]Zk@[j@L\HVHPBNBTVdDOBa@DE?KJIFCBIFEACACCCAAGGQCIEMAGEKEOISQk@]u@oAeDg@kAeAgCi@oAMc@Y_ACMCICCEIEGEGGEa@UaAm@kBiAmAs@MIIIGGIIGMEIOc@EKAKCME]K}@Gc@Ks@ASEc@Ce@T@B?H?XAFAF?REZ?b@Av@A\?V?J@H@D@B@JDHDHHTRTTX\PTPTZd@`@n@f@t@f@t@HLFFDHLNDFBBVXLLFDXPNJNHPLTH\Pd@PHBFBZLz@\\PJDNHFFJHNLFHFDHHZZl@d@X\dAhANPJJEJCFILCHEJKh@ITGXIA??AAAAEICEAEUg@BqAD@T^CjAEJ@DHN@@@@??H@FYAQDq@BKBQJS[]{@iAMQg@s@[[IIGEGIOMKIGGOIKEA\GnAKnCALCJEFYn@CD?DAD?B?D@D@DXj@fAzBLZFTDRF`@@^E@C@A?C@EBCDe@p@EDCDCBGFIFEBSFOBa@DE?KJIFCBIF?R@R?JEh@A^Ad@EpA?`A?f@?L?P?JBVRPRNDDNJ\THe@	Click to Generate
S2	20	1			3	International Automatic Cars (S2)	Casa Italia (S2)	Valley Road Garage (S2)	1542	1156	ahtdIh{~GyAhDk@vAPXVd@H@t@aBu@`BIACES_@QYEJWj@Yp@CTz@\\PJDNHFFJHNLFHFDHHZZPNZTELg@s@[[IIGEGIOMJ_@X_A^iAhA_DhCaGfAeCjBgElCmGEcBmBHuBvEuAbD_AvB]z@eC|F	Click to Generate
S2	30	1			3	Leaves (S2)	Windy House Lane Pocket Park (S2)	UBU (S2)	2605	1954	ududI|gvGQXVo@Xw@L[d@y@@E@E?C@E?E?G?E?C?EAC?A?EAEAEAGCEAEEG[SmBkAGT]xAENa@jAq@|ASb@Q\_@r@q@z@pBvC??qBwCm@q@A?u@y@{A}AOOELCFCBg@^AGGW??FV@Ff@_@BCBGDMNNzA|At@x@@?l@p@IJcAnAGF{@v@w@^k@^u@Ts@RYDYDg@HG??TBx@Bl@Fj@FX@HDRJ\`AzB`AtBJR@BLYRYBCDINUNY^q@BEzAqC`ByC|A}C^q@`AgB`AmBVo@Xw@L[d@y@Ra@DIJUHOJSJQ`@_AN]FSTw@DOP_ABONYJg@DUDUBE@CBAB?B?D?D@DD^|@Tn@N\Rl@Jd@@HAd@ATCNENENGVGTEPKRi@F_@DODM@{@FWTO@]BK@GBC@IDGBIHEDEDABCBuAbC	Click to Generate
S2	30	1			3	Best Pizza (S2)	Leaves (S2)	Windy House Lane Pocket Park (S2)	2152	1614	ivudI|cwGMTwAfCm@lA]p@k@bAkBjDe@z@CEEIk@mAj@lADHBDd@{@jBkDj@cA\q@N[\q@vAgCACKSaAuBaA{BK]ESAIGYGk@Cm@Cy@?UF?f@IXEXEr@St@Uj@_@v@_@z@w@FGbAoAHKpBvC??qBwCm@q@A?u@y@{A}AOOELCFCBg@^AGGW??FV@Ff@_@BCBGDMNNzA|At@x@@?l@p@IJcAnAGF{@v@w@^k@^u@Ts@RYDYDg@HG??TBx@Bl@Fj@FX@HDRJ\`AzB`AtBJR@BLU	Click to Generate
S2	20	1			3	Ideal Hairdresser (S2)	The Hardy Pick (S2)	Virgin Crucible (S2)	1525	1144	kjtdIxt`H??KKKKMKSQ]Y]UOKEESOAAQOKICCGGCEEIEIEGKUISCKGMEMCKCMIi@ESESEOGSc@w@GGC[BEHENIPI`@QDC\MJCFCHCDAD?R?P?F?PBD?`@ENCRGDCHGFGBCBEDEv@pBlAzCHPf@{@Se@GO_@}@JSV_@c@r@^|@FNRd@g@z@IQmA{Cw@qBEDCDCBGFIFEBSFSkCCYCUCOIQIWM]Zk@[j@L\HVHPBNBTVdDOBa@DE?KJIFCBIF?R@R?JEh@A^Ad@EpA?`A?f@?L?P?JBVRPRNDDNJ\T\XRPLJJJJJ??	Click to Generate
S2	15	1			3	The Bhaji Shack (S2)	Boots (S2)	Meersbrook Park Church (S2)	1148	861	gftdIdm_H@@ELg@s@[[IIGEGIOMKIGGOIKEA\GnALBMCFoA@]@?HDNHFFJHNLFHFDHHZZl@d@X\dAhANPJJEJCFILCHEJKh@ITGXIA??AAAAEICEAEUg@BqAD@T^CjAEJ@DHN@@@@??H@FYAQDq@BKBQJSNMJJPRPTRZ@BBDDHN^LZZ`A[k@KQIQOUOWWa@EGW[QQ[]{@iAMQGRENAD?DAHAJAt@AP?R_AKECCC?C?CLaC@Y?G@IDUDQZZj@b@	Click to Generate
S2	45	1			3	Pizza City (S2)	Newfield Green Dental Surgery (S2)	Momma Katz (S2)	3524	2643	uxtdIvtyGuAx@C@GGCGEKEEG@IFKJEKGYCMMq@Ms@E_@K}@QcBDCx@o@|@s@d@]f@]hBqAXQRM`@W`Ak@n@]`@QLGFAAb@?N?L?FAd@Af@Ah@Cn@Al@Cv@AVCx@CZAZG~@GdAKzACb@Gz@?FIfAGt@E`@Kz@EZEXG\Sz@Qv@Wx@Od@MXGNMXSd@EHGHMVHR@BBBHDJ?F?FC`B]r@On@OVGFAF?F?F?PD`@LH@l@XLHPJRAD?@AH?DCHCBGLW@EJSJQLSFIBG@AN[@EFIBENYR[HMJOTUPOhBaBLKJMJM`@k@BCPYf@s@AKAI?M?K?I@]AS?[A]EYISIMKGGAU@CBMJIJi@dAQ\g@`AUd@CBcAvBA?dAwBBCTe@f@aAP]h@eAHKLKBCTAF@JFHLHRDX@\?Z@RA\?H?J?L@H@Jg@r@QXCBa@j@KLKLMJiB`BQNUTKNILSZOXCDGHADOZA@CFGHMRKPKRADMVCFITEHCLKIGGEGGGQKMIm@YIAFu@HsA?IBe@@OEQMIK?a@NK@KEGKGOAS?C?WJo@@KPy@Py@H]@GLm@VqADSBKJw@@IAUCQIMICEAQHYTSRQRGDGFIBEA[EGz@?FIfAGt@E`@Kz@EZEXG\_@SUMk@]i@]i@c@OKSSKIMK[_@Q[OSM[GOCEK]GSJKHGFADDDJBFFFBAtAy@	Click to Generate
S2	20	1			3	East Bank Medical Centre (S2)	The Spires Centre (S2)	Springs Leisure Centre (S2)	1882	1412	}ztdIxwwGCBELERAXDVJTLFH@@`@B^BbAFrALCH?ZGNCb@Er@I`@G?YEqAC_@mANlAOHpB?XDAl@Ir@KI}@Gy@Em@AICe@C_@Ca@Cg@Ag@Ci@A]?_@AS?KAU?y@?q@?_A?e@@]@e@Bg@BW@]Dm@FaABi@Bc@D}@Bu@D}A@}@?G?Y?]?K?_@?]AQASCYF?FDP\N^WNQH?^?J?\?X?FA|@E|ACt@E|@Cb@Ch@G`AEl@A\CVCf@Ad@A\?d@?~@?N?`@?x@@T?J@R?^p@IJC~@Sx@ODE?G??Cu@UBe@nA_ARKBq@H@\Bh@@f@Bf@yARoBXOBQ@EWEQKKWCGDED	Click to Generate
S2	60	1			3	St Swithun (S2)	No.1 Chinese Takeaway (S2)	Windy House Lane Pocket Park (S2)	4617	3463	gnvdIphuG]n@Yo@Zq@Zq@Qa@CCCG\w@f@iABG?ABOTL`DvAHB@IBGBEDAF@BB@BBF@F?FAFADFDb@Vl@`@^XLLHJTb@Ph@Jj@FpAD~BL`E?RP@LBDDDHDNHZ@N@NAJAL?BETCFCFGJEDGDEBE@I@EAGAECEEGGEKIWE]a@JcB^_ATYHJkDd@oCBKeBkBaAeAEEGIGLKJEDMFa@@S@UBUH}@f@k@d@MJa@\e@n@i@t@OTaAlBe@z@e@x@SLUHQ?SEOGOGWOECeCwAiBcAa@a@U[S]GI~@mB\q@Vg@Cm@LWP_@ZHFM\o@NYv@{A`BkDfB_DFIHOb@}@NWx@{AFOBEDGTe@jAaCnA}BpAmCNWN[Zk@dCQb@E`@?T?V@D@dAVx@d@f@\DDLLVZT^`@r@Xl@Xr@Nh@Hd@H^Hb@Fh@Fl@BN?HDp@\xDVpC?JDf@Hz@J`AFf@Jf@Jh@^rABJFRZt@\r@FJb@j@b@d@lAx@Ob@GXS|@u@rBq@jAy@jAc@f@INCHOOELCFCBg@^AGGW??FV@Ff@_@BCBGDM_EkEu@w@CFCFGJEDGDEBE@I@EAGAECEEGGEKIWE]?Q@QF[JWHIJGHC?SMaEE_CGqAKk@Qi@Uc@IKMM_@Ym@a@c@WGEAFEBC@E?ECCCCG?I?IICaDwAUMCN?@CFg@hA]v@BFBBP`@[p@[p@Xn@\o@	Click to Generate
S2	20	1			3	Jaan Kebab House (S2)	The Hardy Pick (S2)	Virgin Crucible (S2)	1516	1137	qjtdIrt`HEEKKMKSQ]Y]UOKEESOGGKIKICCGGCEEIEIEGKUISCKGMEMCKCMIi@ESESEOGSc@w@GGC[BEHENIPI`@QDC\MJCFCHCDAD?R?P?F?PBD?`@ENCRGDCHGFGBCBEDEv@pBlAzCHPf@{@Se@GO_@}@JSV_@c@r@^|@FNRd@g@z@IQmA{Cw@qBEDCDCBGFIFEBSFSkCCYCUCOIQIWM]Zk@[j@L\HVHPBNBTVdDOBa@DE?KJIFCBIF?R@R?JEh@A^Ad@EpA?`A?f@?L?P?JBVRPRNDDNJ\T\XRPLJJJDD	Click to Generate
S2	20	1			3	Leaves (S2)	Windy House Lane Pocket Park (S2)	UBU (S2)	1867	1400	geudIzhvG?CVo@Xw@L[d@y@@E@E?C@E?E?G?E?C?EAC?A?EAEAEAGCEAEEG[SmBkAGT]xAENa@jAq@|ASb@Q\_@r@q@z@pBvC??qBwCm@q@A?u@y@{A}AOOELCFCBg@^AGGW??FV@Ff@_@BCBGDMNNzA|At@x@@?l@p@IJcAnAGF{@v@w@^k@^u@Ts@RYDYDg@HG??TBx@Bl@Fj@FX@HDRJ\`AzB`AtBJR@BLYRYBCDINUNY^q@BEzAqC`ByC|A}C^q@`AgB`AiB	Click to Generate
S2	30	1			3	Nether Edge Primary School (S2)	Broadfield Park (S2)	Virgin Crucible (S2)	2491	1868	_ztdIfqaHDQBKL_@J]BKFWPw@Hc@TkANq@`@_CFc@d@uE^aEL_BFi@BM?EBG@EN]DFDHDHBDFFBBJHRPRNDDNJ\T\XRPQr@CFAFUhAAJ[zAERMj@AD?B?B?D@B@BJFr@d@FDFDl@wCBONu@XwAQWIKKMKKKKMKSQ]Y]UOKEESOSQKICCGGCEEIEIEGKUISCKGMEMCKCMIi@ESESEOGSc@w@GGC[BEHENIPI`@QDC\MJCFCHCDAD?R?@NBJ@F?R@R?JEh@A^Ab@?@EpA?HAHCHAHAFIVEJCHKVKUISCKGMEMCKCMIi@ESESEOGSc@w@GGC[BEHENIPI`@QDC\MJCFCHCDAD?R?P?F?PBD?`@ENCSkCCYCUCOIQIWM]Zk@[j@L\HVHPBNBTVdDOBa@DE?KJIFCBIF?R@R?JEh@A^Ad@EpA?HAHCHAHAFIVEJCHKVO\ADCF?DCLGh@M~A_@`Ee@tEGb@a@~BOp@UjAIb@Qv@GVCJK\M^CJEP	Click to Generate
S2	30	1			3	Alberts (S2)	Sheffield Inclusion Centre (S2)	Leaves (S2)	2749	2062	mzudIljwG\q@vAgCLYRYBCDINUNY@DBDFPXf@?JKRE@Ym@ESCGACOTEHCBSX?BMTwAfCm@lA]p@BFBFj@lAVj@d@`ATf@Tf@@Bl@rAb@~@FL`@~@b@hARl@?BN`@UTu@t@qBjBw@v@eAbAcA~@I[Ke@GUw@_DCGIUOEIAGA?S?O?KCQKc@e@{AIUCGMc@EQCE?EAGAG?CAI?I@I?I@E@CDIDKDEb@w@HKd@{@jBkDj@cA\q@l@mAvAgCACKSaAuBaA{BK]ESAIGYGk@Cm@Cy@?UF?f@IXEXEr@St@Uj@_@v@_@z@w@FGbAoAHKpBvC??qBwCIJcAnAGF{@v@w@^k@^u@Ts@RYDYDg@HG??TBx@Bl@Fj@FX@HDRJ\`AzB`AtBJR@BwAfC]p@	Click to Generate
S2	45	1			3	Boots (S2)	Virgin Crucible (S2)	Meersbrook Park Church (S2)	3132	2349	citdInn_HBU@Y?G@IDUDQZZl@d@X\dAhANPJJEJCFILCHEJKh@ITGXIA??AAAAEICEAEUg@BqAD@T^CjAEJ@DHN@@@@??H@FYAQDq@BKBQJS[]{@iAMQg@s@[[IIGEGIOMKIGGOIKEA\GnAKnCALCJEFYn@CD?DAD?B?D@D@DXj@fAzBLZFTDRF`@@^E@C@A?C@EBCDe@p@EDCDCBGFIFEBSFSkCCYCUCOIQIWM]Zk@[j@L\HVHPBNBTVdDOBa@DE?KJIFCBIFEACACCCAAGGQCIEMAGEKEOISQk@]u@oAeDg@kAeAgCi@oAMc@Y_ACMCICCEIEGEGGEa@UaAm@kBiAmAs@MIIIGGIIGMEIOc@EKAKCME]K}@Gc@Ks@ASEc@Ce@T@B?H?XAFAF?REZ?b@Av@A\?V?J@H@D@B@JDHDHHTRTTX\PTPTZd@`@n@f@t@f@t@HLFFDHLNDFBBVXLLFDXPNJNHPLTH\Pd@PHBFBZLz@\\PJDNHFFJHNLFHFDHHZZl@d@X\dAhANPJJPRPTRZ@BBDDHN^LZZ`A[k@KQIQOUOWWa@EGW[QQ[]{@iAMQGRENAD?DAHAJAt@AP?R_AKECCC?C?CHkB	Click to Generate
S2	30	1			3	The Hardy Pick (S2)	Another Level (S2)	Meersbrook Park Church (S2)	2851	2138	ydtdInu_HDH@@@@??H@FYAQDq@BKBQJS[]{@iAMQg@s@[[IIGEGIOMKIGGOIKEA\GnAKnCALCJEFYn@CD?DAD?B?D@D@DXj@fAzBLZFTDRF`@@^E@C@A?C@EBCDe@p@v@pBlAzCHPf@{@Se@GO_@}@JSV_@c@r@^|@FNRd@g@z@IQmA{Cw@qBEDCDCBGFIFEBSFOBa@DE?KJIFCBIFEACACCCAAGGQCIEMAGEKEOISQk@]u@oAeDg@kAeAgCi@oAMc@Y_ACMCICCEIEGEGGEa@UaAm@kBiAmAs@MIIIGGIIGMEIOc@EKAKCME]K}@Gc@Ks@ASEc@Ce@T@B?H?XAFAF?REZ?b@Av@A\?V?J@H@D@B@JDHDHHTRTTX\PTPTZd@`@n@f@t@f@t@HLFFDHLNDFBBVXLLFDXPNJNHPLTH\Pd@PHBFBZLz@\\PJDNHFFJHNLFHFDHHZZj@b@@@X\dAhANPJJPRPTRZ@BBDDHN^LZZ`A[k@KQIQOUOWWa@EGW[ILCHEJKh@ITGXIA??AAAAEI	Click to Generate
S2	20	1			3	Curry Master (S2)	Broadfield Park (S2)	Virgin Crucible (S2)	1969	1477	qptdI~p`HDi@JHRPRNDDNJ\T\XRPQr@CFAFWtA[zAERMj@AD?B?B?D@B@BJFr@d@FDFDl@wCBONu@XwAQWIKKMKK??KKMKSQ]Y]UOKEESOSQKICCGGCEEIEIEGKUISCKGMEMCKCMIi@ESESEOGSc@w@GGC[BEHENIPI`@QDC\MJCFCHCDAD?R?@NBJ@F?R@R?JEh@A^Ab@?@EpA?HAHCHAHAFIVEJCHKVKUISCKGMEMCKCMIi@ESESEOGSc@w@GGC[BEHENIPI`@QDC\MJCFCHCDAD?R?P?F?PBD?`@ENCSkCCYCUCOIQIWM]Zk@[j@L\HVHPBNBTVdDOBa@DE?KJIFCBIF?R@R?JEh@A^Ad@EpA?`A?f@?L?P?JBVRPRNDDNJ\TPcA@I`@wB@GAFa@vBAHQbA]UOKEESOSQKIEh@	Click to Generate
S2	20	1			3	Tuck News (S2)	Virgin Crucible (S2)	The Hardy Pick (S2)	1565	1174	}otdI|g`H?@EpA?`A?f@?L?P?JBVRPRN@@BBNJ\TPcA@I`@wB@GAFa@vBAHQbA]UOKEESOSQKICCGGCEEIEIEGKUISCKGMEMCKCMIi@ESESEOGSc@w@GGC[BEHENIPI`@QDC\MJCFCHCDAD?R?P?F?PBD?`@ENCWeDCUCOIQIWM]Zk@[j@L\HVHPBNBTBXRjCRGDCHGFGBCBEDEv@pBlAzCHPf@{@Se@GO_@}@JSV_@c@r@^|@FNRd@g@z@IQmA{Cw@qBEDCDCBGFIFEBSFOBa@DE?KJIFCBIF?R@R?JEh@A^Ab@	Click to Generate
S2	30	1			3	Caribbean Fusion (S2)	Leaves (S2)	Windy House Lane Pocket Park (S2)	2262	1696	_tudIp`wGKNOXOTEHCBSXMXwAfCm@lA]p@k@bAkBjDe@z@CEEIk@mAj@lADHBDd@{@jBkDj@cA\q@l@mAHOlAwBACKSaAuBaA{BK]ESAIGYGk@Cm@Cy@?UF?f@IXEXEr@St@Uj@_@v@_@z@w@FGbAoAHKpBvC??qBwCm@q@A?u@y@{A}AOOELCFCBg@^AGGW??FV@Ff@_@BCBGDMNNzA|At@x@@?l@p@IJcAnAGF{@v@w@^k@^u@Ts@RYDYDg@HG??TBx@Bl@Fj@FX@HDRJ\`AzB`AtBJR@BLYRYBCDINUNYJO	Click to Generate
S2	45	1			3	Virgin Crucible (S2)	The Hardy Pick (S2)	Boots (S2)	3656	2742	sntdIbq`HCASOSQKICCGGCEEIEIEGKUISCKGMEMCKCMIi@ESESEOGSc@w@GGC[BEHENIPI`@QDC\MJCFCHCDAD?R?P?F?PBD?`@ENCWeDCUCOIQIWM]Zk@[j@L\HVHPBNBTBXRjCRGDCHGFGBCBEDEv@pBlAzCHPf@{@Se@GO_@}@JSV_@c@r@^|@FNRd@g@z@IQmA{Cw@qBEDCDCBGFIFEBSFOBa@DE?KJIFCBIFEACACCCAAGGQCIEMAGEKEOISQk@]u@oAeDg@kAeAgCi@oAMc@Y_ACMCICCEIEGEGGEa@UaAm@kBiAmAs@MIIIGGIIGMEIOc@EKAKCME]K}@Gc@Ks@ASEc@Ce@T@B?H?XAFAF?REZ?b@Av@A\?V?J@H@D@B@JDHDHHTRTTX\PTPTZd@`@n@f@t@f@t@HLFFDHLNDFBBVXLLFDXPNJNHPLTH\Pd@PHBFBZLz@\\PJDNHFFJHNLFHFDHHZZl@d@X\dAhANPJJEJCFILCHEJKh@ITGXIA??AAAAEICEAEUg@BqAD@T^CjAEJ@DHN@@@@??H@FYAQDq@BKBQJS[]{@iAMQg@s@[[IIGEGIOMKIGGOIKEA\GnAKnCALCJEFYn@CD?DAD?B?D@D@DXj@fAzBLZFTDRF`@@^E@C@A?C@EBCDe@p@EDCDCBGFIFEBSFOBa@DE?KJIFCBIF?R@R?JEh@A^Ad@EpA?`A?f@?L?P?JBVRPRNB@	Click to Generate
S2	60	1			3	Pentagon Jeep (S2)	Makro (S2)	Sheffield Animal Centre (S2)	4426	3320	egydItavGK^Wt@R\^gANg@Ru@Nm@Lg@b@aBJe@Rs@f@f@XRTPn@f@k@pCGVg@zB@ZVb@XRTPNLFFTR_@hBOr@Ns@^iBUSGGOMUQYSWc@A[f@{Br@iDo@g@UQYSg@g@Sr@Kd@c@`BMf@Ol@St@Of@_@fAa@z@u@`BUf@INmAfBOTkAvAUg@O[CISc@Sa@Sa@Q_@??m@bAu@tAVZNPDFV\TXX\RVELGJy@fB]`AK\g@dBSz@UhACPQjAKx@QvAIt@Kr@CNe@xBUa@QYOQCCu@e@OIq@_@k@Wm@]_@Sc@WcAk@_@Sm@]ECKEe@WmAo@AAKGyBmAqEiC[Q[SEGGGKMEKAI?KNM@CFQDQJc@He@l@cDHg@`@_CFc@Pu@^qAXZTPNL\cAL]LFHF`AdAp@r@NFl@^d@^r@bAxFbGCn@Qd@_AhACDWb@Yz@a@`BvAv@f@X|@f@DH@PKn@a@vCj@Vp@^NHt@d@BBNPPXT`@d@yBBOJs@Hu@PwAJy@PkABQTiAR{@f@eBJ]\aAx@gBFKDMt@_AZg@jAwANUlAgBHOTg@t@aB`@{@S]Vu@J_@	Click to Generate
S2	45	1			3	Windy House Lane Pocket Park (S2)	Archdale School (S2)	UBU (S2)	3654	2740	_~udIz_vGC}@I@EAGAECEEGGEKIWE]?Q@QF[JWHIJGHCP@LBDDDHDNHZ@N@NAJAL?BETt@v@~DjEELCFCBg@^AGGW??FV@Ff@_@BCBGDM_EkEu@w@CFCFGJEDGDEBE@I@EAGAECEEGGEKIWE]?Q@QF[JWHIJGHC?SMaEE_CGqAKk@Qi@Uc@IKMM_@Ym@a@c@WGEAFEBC@E?ECCCCG?I?IICaDwAUMCN?@CFg@hA]v@BFBBP`@[p@[p@Xn@\o@??]n@Yo@Zq@Zq@Qa@CCCG\w@f@iABG?ABOTL`DvAHB@IBGBEDAF@BB@BBF@F?FAFADFDb@Vl@`@^XLLHJTb@Ph@Jj@FpAD~BL`E?RP@LBDDDHDNHZ@N@NAJAL?BETCFCFGJEDGDEBE@VnJBrADxAH|C@N?TBx@Bl@Fj@FX@HDRJ\`AzB`AtBJR@BLYRYBCDINUNY^q@BEzAqC`ByC|A}C^q@`AgB`AmBVo@Xw@L[d@y@@E@E?C@E?E?G?E?C?EAC?A?EAEAEAGCEAEEG[SmBkA_BcAsA}@UQoA_Ae@g@EIY]MLKHQB]?QKSSQPyA|AABe@f@w@v@Y\AJAL?BETCFCFGJEDGDEBE@B|@	Click to Generate
S2	20	1			3	Boots (S2)	Alam Hill Books (S2)	Meersbrook Park Church (S2)	1774	1330	gitdInh_HELK^NLFHFDHHZZl@d@X\dAhANPJJEJCFILCHEJKh@ITGXIA??AAAAEICEAEUg@BqAD@T^CjAEJ@DHN@@@@??H@FYAQDq@BKBQJS[]{@iAMQg@s@[[IIGEGIOMKIGGOIKE]Q{@]BUXq@Vk@DKj@wAxAiDdC}FHLpAvBiC`GiA~C_@hAY~@K^NLFHFDHHZZl@d@X\dAhANPJJPRPTRZ@BBDDHN^LZZ`A[k@KQIQOUOWWa@EGW[QQ[]{@iAMQg@s@[[IIGEGIOMJ_@DM	Click to Generate
S2	20	1			3	Wobbly Wheel Cyclery (S2)	74th Oak Street Scout Group (S2)	I Said Bread (S2)	1450	1088	uusdIni}GD~AAh@@j@kAJ?FJrGoBJKuG?GcAFw@FG?E?o@DEmCCsBAq@AKv@EJ~HLxIS@u@@EEKmIVCn@ED?F?zBO?FJtGnBKKsG?GjAKAk@@i@E_B	Click to Generate
S2	45	1			3	Bronze & Polished (S2)	Sheffield Inclusion Centre (S2)	Leaves (S2)	3057	2293	eyudIjhwGlAwBLYRYBCDINUNYJORa@~AwC`ByC|A}C@DHNf@bALZBFPh@Lb@?BH\Jt@Hv@Dh@@JIJMRQ^]r@m@nA@TPvBNjCHhBFjAD|ADlAB~@G?I@MHo@l@k@h@k@h@gAdAa@^WTUTu@t@qBjBw@v@eAbAcA~@I[Ke@GUw@_DCGIUOEIAGA?S?O?KCQKc@e@{AIUCGMc@EQCE?EAGAG?CAI?I@I?I@E@CDIDKDEb@w@HKd@{@jBkDj@cA\q@l@mAvAgCACKSaAuBaA{BK]ESAIGYGk@Cm@Cy@?UF?f@IXEXEr@St@Uj@_@v@_@z@w@FGbAoAHKpBvC??qBwCIJcAnAGF{@v@w@^k@^u@Ts@RYDYDg@HG??TBx@Bl@Fj@FX@HDRJ\`AzB`AtBJR@BmAvB	Click to Generate
S2	15	1			3	International Automatic Cars (S2)	Boots (S2)	Meersbrook Park Church (S2)	1437	1078	agtdIpl_HZTELg@s@[[IIGEGIOMKIGGOIKE]Q{@]BUXq@Vk@DKPXVd@H@t@aBu@`BIACES_@QYEJWj@Yp@CTz@\\PJDNHFFJHNLFHFDHHZZl@d@X\dAhANPJJEJCFILCHEJKh@ITGXIA??AAAAEICEAEUg@BqAD@T^CjAEJ@DHN@@@@??H@FYAQDq@BKBQJSNMJJPRPTRZ@BBDDHN^LZZ`A[k@KQIQOUOWWa@EGW[QQ[]{@iAMQGRENAD?DAHAJAt@AP?R_AKECCC?C?CLaC@Y?G@IDUDQZZPN	Click to Generate
S2	45	1			3	Gleadless Medical Centre (S2)	Pizza City (S2)	Arbourthorne Community Primary School (S2)	3293	2470	mbtdI|~yGn@uABCTe@f@aAP]h@eAHKLKBCTAF@JFHLHRDX@\?Z@RA\?H?J?L@H@Jg@r@QXCBa@j@KLKLMJiB`BQNUTKNILSZOXCDGHADOZA@CFGHMRKPKRADHNZl@??[m@IOMVCFITEHCLKIGGEGGGQKMIm@YIAFu@HsA?IBe@@OEQMIK?a@NK@KEGKGOAS?C?WJo@@KPy@Py@H]@GLm@VqADSBKJw@@IAUCQIMICEAQHYTSRQRGDGFIBEA[EBc@J{AFeAF_A@[B[By@@WBw@@m@Bo@@i@@g@@e@?G?M?O@c@G@MFa@Po@\aAj@a@VSLYPiBpAg@\e@\}@r@y@n@EBPbBJ|@D^Lr@Lp@BLFXDJJKHGFADDDJBFFFBAtAy@??uAx@C@GGCGEKEEG@IFKJFRJ\BDFNLZNRPZZ^LJJHRRNJh@b@h@\j@\TL^RSz@Qv@Wx@Od@MXGNMXSd@EHGHMVHR@BBBHDJ?F?FC`B]r@On@OVGFAF?F?F?PD`@LH@l@XLHPJRAFAH?DCHCBGLW@EJSJQLSFIBG@AN[@EFIBENYR[HMJOTUPOhBaBLKJMJM`@k@BCPYf@s@AKAI?M?K?I@]AS?[A]EYISIMKGGAU@CBMJIJi@dAQ\g@`AUd@CBo@tA	Click to Generate
S2	60	1			3	Kathy's Tea Room (S2)	Manor Fields (S2)	Temple Park Centre (S2)	4548	3411	uiwdIfuvGWGaAOq@a@QSUe@KOa@n@mBxCoAyCoAyCZi@IOR_@F[?SA[COCSCINWl@bBaA|A[h@nAxCnAxCKRs@jAh@bA^Vd@@BCJIRQlApChAjCd@fAYzCI~@Id@GPcAv@LjCDt@HlBLpAFb@`BaAr@g@f@YvByAd@[j@a@b@[tByAkAiHg@sCNc@`BiAdD}B??RAl@FV\R~@BNjA`HqBxAuBzAyB|AuBxAc@Zk@`@e@ZwBxAg@Xs@f@aB`AGc@MqAImBEu@MkCbAw@FQHe@H_AX{Ce@gAiAkCmAqCSPKHCBe@A_@Wi@cAr@kAJSoAyCoAyCZi@`A}Am@cBs@aBsAkCEDK@GCGICMAM@M@GDIFEFAHBDHx@gAZc@TSVMRGF?ARGV?p@?I?g@FW@SG?SFWLUR[b@y@fADJ@L?FCLEJrAjCr@`Bl@bBJSh@{@NUHEHAL?jBb@jA`@OvB]bB_@|@JNTd@PRp@`@`ANVF	Click to Generate
S2	45	1			3	Meersbrook Service Station (S2)	74th Oak Street Scout Group (S2)	Wobbly Wheel Cyclery (S2)	3223	2417	{itdIbe|GAAEAg@WUGSCQ?E@C@GBIDULCHqCvIW~@Of@K^ERADK`@GPI^A@IVCHCFKR[f@LPDFBDF@D@PDPDz@RB?`AT@?TFPB`AVl@NzBf@n@NB?^HNDZ@PGNQh@s@Tg@DWEkAAOHmBN}@RyAFUJ]hB\~Bb@rBjFQDqDo@qEw@IlBFzAEV`@FZ`CFfCw@D@J@p@BrBDlCn@ED?F?v@GbAG?FJtGnBKKsG?GOqKCK@_@@WAIAIoGeAa@GUf@i@r@OPQF[AOE_@IC?o@O{Bg@m@OaAWQCUGA?aAUC?{@SQEQEEAGACEEGMQZg@JSBGBIHW@AH_@FQJa@@EDSJ_@Ng@V_ApCwIBITMHEFCBADAP?RBTFf@VD@@@	Click to Generate
S2	20	1			3	Boots (S2)	Meersbrook Park Church (S2)	Alam Hill Books (S2)	1457	1093	sgtdI`l_Hl@d@X\dAhANPJJEJCFILCHEJKh@ITGXIA??AAAAEICEAEUg@BqAD@T^CjAEJ@DHN@@@@??H@FYAQDq@BKBQJSNMJJPRPTRZ@BBDDHN^LZZ`A[k@KQIQOUOWWa@EGW[QQ[]{@iAMQg@s@[[IIGEGIOMKIGGOIKE]Q{@]BUXq@Vk@DKj@wAxAiDdC}FHLpAvBiC`GiA~C_@hAY~@K^NLFHFDHHZZ??	Click to Generate
S2	60	1			3	Substantial Victorian houses in Norfolk Road (S2)	Path up to the Cholera Monument, Sheffield (S2)	Sheffield Inclusion Centre (S2)	6221	4666	oexdIn}{GkAmBFMn@}Ad@gAGKw@oAv@nAFJuAdDGLwA`DFLHJf@f@RPz@x@tAtABB~@~@DBb@b@FK@CDEDCFAfAQt@M@ABA@C@C@C?C@GCa@c@Fb@GB`@AF?BABABABC@A@}B^G@EBEDABGJc@c@EC_A_ACCuAuA{@y@SQg@g@IKGMCECICImAqEWcAW}@Su@EQCKEKQu@y@}CMi@Kc@HIHKNO`AeANS`AeANSDEFE`@e@dCgDLSXe@JSP_@h@yAzAqEJWhHaTBKBITo@b@sAf@sAL]P]b@}@`@u@d@s@DGFINOTUZ]fBeBRS^]BADEFG~BuBrFgFDEFEzCuCv@u@|@_ARQDEDEx@u@^]nAqA\m@~@cBf@aA^m@`@u@h@_AFMDIP[HMDIDKDEb@w@HKd@{@jBkDj@cABFBFj@lAVj@d@`ATf@Tf@@Bl@rAb@~@FL`@~@b@hARl@?BN`@UTu@t@qBjBw@v@eAbAcA~@I[Ke@GUw@_DCGIUOEIAGA?S?O?KCQKc@e@{AIUCGMc@KKGGIGCCEAK?i@~@a@t@_@l@g@`A_AbB]l@oApA_@\y@t@EDEDSP}@~@w@t@{CtCGDEDsFfF_CtBGFEDC@_@\SRgBdB[\UTAj@?JGnCE|BEtBKtFKxFAPCfAAx@An@Aj@U@C@A@CDgElMiBjEKVYn@ABm@vAmCjGCDuA|CuAdDGLjAlB	Click to Generate
S2	60	1			3	Hillside below the Cholera Monument (S2)	Substantial Victorian houses in Norfolk Road (S2)	Sheffield Inclusion Centre (S2)	5927	4445	k}wdIzs{GiAoBEGGCC?CAI?G@I@E?CAQUCDuA|CuAdDGLwA`DFLHJf@f@RPz@x@tAtABB~@~@DBb@b@FK@CDEDCFA|B_@@ABA@C@C@C?C@GCa@c@F??b@GB`@AF?BABABABC@A@}B^G@EBEDABGJc@c@EC_A_ACCuAuA{@y@SQg@g@IKGMvAaDFMn@}Ad@gAtA}CBElCkGl@wA@CXo@JWhBkEfEmMBE@ABATA@k@@o@@y@BgA@QJyFJuFDuBD}BFoC?K@k@TUZ]fBeBRS^]BADEFG~BuBrFgFDEFEzCuCv@u@|@_ARQDEDEx@u@^]nAqA\m@~@cBf@aA^m@`@u@h@_AFMDIP[HMDIDKDEb@w@HKd@{@jBkDj@cABFBFj@lAVj@d@`ATf@Tf@@Bl@rAb@~@FL`@~@b@hARl@?BN`@UTu@t@qBjBw@v@eAbAcA~@I[Ke@GUw@_DCGIUOEIAGA?S?O?KCQKc@e@{AIUCGMc@KKGGIGCCEAK?i@~@a@t@_@l@g@`A_AbB]l@oApA_@\y@t@EDEDSP}@~@w@t@{CtCGDEDsFfF_CtBGFEDC@_@\SRgBdB[\UTAj@?JGnCE|BEtBKtFKxFAPCfAAx@An@Aj@U@C@A@CDgElMiBjEKVYn@ABm@vAmCjGPTB@D?HAFAH?B@B?FBDFhAnB	Click to Generate
S2	20	1			3	Leaves (S2)	Windy House Lane Pocket Park (S2)	UBU (S2)	1867	1400	qfudI~jvGh@gAVo@Xw@L[d@y@@E@E?C@E?E?G?E?C?EAC?A?EAEAEAGCEAEEG[SmBkAGT]xAENa@jAq@|ASb@Q\_@r@q@z@pBvC??qBwCm@q@A?u@y@{A}AOOELCFCBg@^AGGW??FV@Ff@_@BCBGDMNNzA|At@x@@?l@p@IJcAnAGF{@v@w@^k@^u@Ts@RYDYDg@HG??TBx@Bl@Fj@FX@HDRJ\`AzB`AtBJR@BLYRYBCDINUNY^q@BEzAqC`ByC|A}C^q@`AgBVe@	Click to Generate
S2	30	1			3	Best Pizza (S2)	Leaves (S2)	Windy House Lane Pocket Park (S2)	2315	1736	etudIjcwGIOESCGACOTEHCBSXMXwAfCm@lA]p@k@bAkBjDe@z@CEEIk@mAj@lADHBDd@{@jBkDj@cA\q@N[\q@vAgCACKSaAuBaA{BK]ESAIGYGk@Cm@Cy@?UF?f@IXEXEr@St@Uj@_@v@_@z@w@FGbAoAHKpBvC??qBwCm@q@A?u@y@{A}AOOELCFCBg@^AGGW??FV@Ff@_@BCBGDMNNzA|At@x@@?l@p@IJcAnAGF{@v@w@^k@^u@Ts@RYDYDg@HG??TBx@Bl@Fj@FX@HDRJ\`AzB`AtBJR@BLYRYBCDINUNY@DBDFPXf@?JKRE@O]	Click to Generate
S2	20	1			3	Broadfield Hotel (S2)	Broadfield Park (S2)	The Hardy Pick (S2)	1671	1253	wjtdIlt`H??KKMKSQ]Y]UOKEESOSQKIEh@??Di@CCGGCEEIEIEGKUISCKGMEMCKCMIi@ESESEOGSc@w@GGC[BEHENIPI`@QDC\MJCFCHCDAD?R?@NBJ@F?R@R?JEh@A^Ab@?@EpA?HAHCHAHAFIVEJCHKVKUISCKGMEMCKCMIi@ESESEOGSc@w@GGC[BEHENIPI`@QDC\MJCFCHCDAD?R?P?F?PBD?`@ENCRGDCHGFGBCBEDEv@pBlAzCHPf@{@Se@GO_@}@JSV_@c@r@^|@FNRd@g@z@IQmA{Cw@qBEDCDCBGFIFEBSFOBa@DE?KJIFCBIF?R@R?JEh@A^Ad@EpA?`A?f@?L?P?JBVRPRNDDNJ\T\XRPLJJJ??	Click to Generate
S2	30	1			3	Meersbrook Park Church (S2)	Porcelanosa (S2)	Virgin Crucible (S2)	2786	2090	mbtdIty_Hi@iAEIACE]FYAQDq@BKBQJSNMJJPRPTRZ@BBDDHN^LZZ`A[k@KQIQOUOWWa@EGW[QQ[]{@iAMQGRENADECUK_@QGC@Y?G@IDUDQIIGEGIOMKIGGOIKEA\GnAKnCALCJEFYn@CD?DAD?B?D@D@DXj@fAzBLZFTDRF`@@^E@C@A?C@EBCDe@p@EDCDCBGFIFEBSFSkCCYCUCOIQIWM]Zk@[j@L\HVHPBNBTVdDOBa@DE?KJIFCBIFEACACCCAAGGQCIEMAGEKEOISQk@]u@oAeDg@kAeAgCi@oAMc@Y_ACMCICCEIEGEGGEa@UaAm@kBiAmAs@MIIIGGIIGMEIOc@EKAKCME]K}@Gc@Ks@ASEc@Ce@T@B?H?XAFAF?REZ?b@Av@A\?V?J@H@D@B@JDHDHHTRTTX\PTPTZd@`@n@f@t@f@t@HLFFDHLNDFBBVXLLFDXPNJNHPLTH\Pd@PHBFBZLz@\\PJDNHFFJHNLFHFDHHZZl@d@X\dAhANPJJEJCFILCHEJKh@ITGXD\@BDHh@hA	Click to Generate
S2	45	1			3	Newfield Green Clinic (S2)	Newfield Green Dental Surgery (S2)	Pizza City (S2)	3076	2307	gatdIv|yGHOBCTe@f@aAP]h@eAHKLKBCTAF@JFHLHRDX@\?Z@RA\?H?J?L@H@Jg@r@QXCBa@j@KLKLMJiB`BQNUTKNILSZOXKSGK??FJJRCDGHADOZA@CFGHMRKPKRADMVCFITEHCLKIGGEGGGQKMIm@YIAFu@HsA?Ic@Gb@F?HIrAGt@H@l@XLHPJRAD?@AH?DCHCBGLW@EJSJQLSFIBG@AN[@EFIBEKSGKFJJRCDGHADOZA@CFGHMRKPKRADMVCFITEHCLKIGGEGGGQKMIm@YIAFu@HsA?IBe@@OEQMIK?a@NK@KEGKGOAS?C?WJo@@KPy@Py@H]@GLm@VqADSBKJw@@IAUCQIMICEAQHYTSRQRGDGFIBEA[EBc@J{AFeAF_A@[B[By@@WfATB_@C^gAUAVCx@Ev@G~@GdAKzACb@Gz@?FIfAGt@E`@Kz@EZEXG\Sz@Qv@Wx@Od@MXGNMXSd@EHGHMVHR@BBBHDJ?F?FC`B]r@On@OVGFAF?F?F?PD`@LH@l@XLHPJRAFAH?DCHCBGLW@EJSJQLSFIBG@AN[@EFIBENYR[HMJOTUPOhBaBLKJMJM`@k@BCPYf@s@AKAI?M?K?I@]AS?[A]EYISIMKGGAU@CBMJIJi@dAQ\g@`AUd@CBIN	Click to Generate
S2	20	1			3	I Said Bread (S2)	Kingdom Hall of Jehovah's Witnesses (S2)	Wobbly Wheel Cyclery (S2)	2042	1532	}~sdIzi~GTg@E[IcFImDS@u@@EEKmIVCn@ED?LxIHlDHbFDZuCzG]z@_FfLeA_BdA~AfC_GvAgD\{@tC{GE[IcFImDMyIF?v@GbAG?FJtGL`HuBvEUf@	Click to Generate
S2	30	1			3	Highfield Motors (S2)	Woodbourn Road Stadium (S2)	Sheffield Animal Centre (S2)	2449	1837	ye{dIrxwGSOYY~@cDHc@?q@CSCQCIDKBG??HPDLV[BDDFJYYuAIe@CIc@oBEOK[BIBCPENEREp@q@`@e@HI`@a@TSHSL_@DGHQBGNM@CFQDQJc@He@l@cDHg@`@_CFc@Pu@^qAXZTPNLMp@G\ADQlAd@ZLLAV?\FRN@??VIWHOAGS?]@WMMe@[PmA@EF]Lq@\cAL]LFHF`AdAp@r@NFl@^d@^r@bAxFbGCn@Qd@_AhACDWb@Yz@a@`BOHK@k@EMBGFEFCPALAp@?JAHAHAHCBAFEHe@WmAo@AAKGyBmAqEiC[QOAM?KAKAQAM@SFURa@`@IHa@d@q@p@S\EDWVDNb@nBBHHd@XtAKXo@bBIb@_AbDXXRN	Click to Generate
S2	30	1			3	The Spires Centre (S2)	Springs Leisure Centre (S2)	Pearl Motors (S2)	2567	1925	ywtdIlzwGCk@nBYxASCg@Ag@Ci@A]?_@AS?KAU?y@?q@?_A?e@@]@e@Bg@BW@]Dm@FaABi@Bc@D}@Bu@D}A@}@?G?Y?]?K?_@?]AQASCYF?FDP\N^WNQH?^?J?\?X?FA|@E|ACt@E|@Cb@Ch@G`AEl@A\CVCf@Ad@A\?d@?~@?N?`@?x@@T?J@R?^p@IJC~@Sx@ODE?G??Cu@UBe@nA_ARKBq@H@\Bh@@f@Bf@B`@B^Bd@@HDl@Fx@H|@@BH~@J|@Df@Dd@Bd@F~@Bf@DrABj@@b@?F@z@@f@?p@?z@@`B?rA?B?X?ZAb@?N?L?FAd@Af@Ah@Cn@Al@Cv@fATB_@??C^gAUBw@@m@Bo@@i@@g@@e@?G?M?O@c@?[?Y?C?sAAaB?{@?q@Ag@A{@?GAc@Ck@EsACg@G_ACe@Ee@Eg@K}@I_AACI}@Gy@Em@AICe@C_@Ca@yARoBXBj@	Click to Generate
S2	45	1			3	Virgin Crucible (S2)	The Hardy Pick (S2)	Boots (S2)	3644	2733	}ntdIzp`HMISQKICCGGCEEIEIEGKUISCKGMEMCKCMIi@ESESEOGSc@w@GGC[BEHENIPI`@QDC\MJCFCHCDAD?R?P?F?PBD?`@ENCWeDCUCOIQIWM]Zk@[j@L\HVHPBNBTBXRjCRGDCHGFGBCBEDEv@pBlAzCHPf@{@Se@GO_@}@JSV_@c@r@^|@FNRd@g@z@IQmA{Cw@qBEDCDCBGFIFEBSFOBa@DE?KJIFCBIFEACACCCAAGGQCIEMAGEKEOISQk@]u@oAeDg@kAeAgCi@oAMc@Y_ACMCICCEIEGEGGEa@UaAm@kBiAmAs@MIIIGGIIGMEIOc@EKAKCME]K}@Gc@Ks@ASEc@Ce@T@B?H?XAFAF?REZ?b@Av@A\?V?J@H@D@B@JDHDHHTRTTX\PTPTZd@`@n@f@t@f@t@HLFFDHLNDFBBVXLLFDXPNJNHPLTH\Pd@PHBFBZLz@\\PJDNHFFJHNLFHFDHHZZl@d@X\dAhANPJJEJCFILCHEJKh@ITGXIA??AAAAEICEAEUg@BqAD@T^CjAEJ@DHN@@@@??H@FYAQDq@BKBQJS[]{@iAMQg@s@[[IIGEGIOMKIGGOIKEA\GnAKnCALCJEFYn@CD?DAD?B?D@D@DXj@fAzBLZFTDRF`@@^E@C@A?C@EBCDe@p@EDCDCBGFIFEBSFOBa@DE?KJIFCBIF?R@R?JEh@A^Ad@EpA?`A?f@?L?P?JBVRPLH	Click to Generate
S2	20	1			3	The Co-operative Food (S2)	The Spires Centre (S2)	Springs Leisure Centre (S2)	1562	1172	{stdIv}wGDpA?Xa@Fs@Hc@DOB[FI?MBGsACcAC_@Aa@RIFMHS?]EWEQ??KKWCCe@AYCw@GaB|@Ov@KHCDGBK@SAwAA_B?M@iAByA@i@D}@DkADq@Fq@F{@Do@jAPf@JRBP@E|ACt@E|@Cb@Ch@G`AEl@A\CVCf@Ad@A\?d@?~@?N?`@?x@@T?J@R?^p@IJC~@Sx@ODE?G??Cu@UBe@nA_ARKBq@H@\Bh@@f@Bf@B`@B^Bd@@HDl@Fx@H|@s@Jm@HE@?YEqA	Click to Generate
S2	30	1			3	Nether Edge Primary School (S2)	Broadfield Park (S2)	Virgin Crucible (S2)	2479	1859	kxtdIhpaHEEGGMQJ]BKFWPw@Hc@TkANq@`@_CFc@d@uE^aEL_BFi@BM?EBG@EN]DFDHDHBDFFBBJHRPRNDDNJ\T\XRPQr@CFAFUhAAJ[zAERMj@AD?B?B?D@B@BJFr@d@FDFDl@wCBONu@XwAQWIKKMKKKKMKSQ]Y]UOKEESOSQKICCGGCEEIEIEGKUISCKGMEMCKCMIi@ESESEOGSc@w@GGC[BEHENIPI`@QDC\MJCFCHCDAD?R?@NBJ@F?R@R?JEh@A^Ab@?@EpA?HAHCHAHAFIVEJCHKVKUISCKGMEMCKCMIi@ESESEOGSc@w@GGC[BEHENIPI`@QDC\MJCFCHCDAD?R?P?F?PBD?`@ENCSkCCYCUCOIQIWM]Zk@[j@L\HVHPBNBTVdDOBa@DE?KJIFCBIF?R@R?JEh@A^Ad@EpA?HAHCHAHAFIVEJCHKVO\ADCF?DCLGh@M~A_@`Ee@tEGb@a@~BOp@UjAIb@Qv@GVCJK\LPFFDD	Click to Generate
S2	20	1			3	Leaves (S2)	Windy House Lane Pocket Park (S2)	UBU (S2)	2077	1558	yfudInfvGq@`AMB[\ICm@oAQ\_@r@q@z@pBvC??qBwCm@q@A?u@y@{A}AOOELCFCBg@^AGGW??FV@Ff@_@BCBGDMNNzA|At@x@@?l@p@IJcAnAGF{@v@w@^k@^u@Ts@RYDYDg@HG??TBx@Bl@Fj@FX@HDRJ\`AzB`AtBJR@BLYRYBCDINUNY^q@BEzAqC`ByC|A}C^q@`AgB`AmBVo@Xw@L[d@y@@E@E?C@E?E?G?E?C?EAC?A?EAEAEAGCEAEEG[SmBkAGT]xAENa@jAq@|ASb@l@nAHBZ]LCp@aA	Click to Generate
S2	60	1			3	Burton Roofing Merchants (S2)	Makro (S2)	Manor Park Medical Centre (S2)	5454	4090	g|xdId~uG_@]EO@g@KDOMo@g@UQYSg@g@Sr@Kd@c@`BMf@Ol@St@Of@_@fAS]Vu@Ni@CHK^Wt@R\a@z@u@`BUf@INmAfBOTkAvAUg@O[CISc@Sa@Sa@Q_@??m@bAu@tAVZNPDFV\TXX\RVELGJy@fB]`AK\g@dBSz@UhACPQjAKx@QvAIt@Kr@CNe@xBr@vAP\r@xABFl@hAd@|@@BDJFHFHJJn@f@JF\R~Az@@?B@F@@A@?B?@?BADELUR]v@sBv@wBf@uAb@cBXu@LSJQFIp@i@d@WTMLCf@W`AcAp@s@hC_BNUFOPWZ}@j@_Bd@sA~@oCVs@d@sA^iAL[LUTa@\e@Z[VSXO^Ol@QXORMTS^]v@kANYrBkDp@kACMAM@M@GDIFEFA??HBDHx@gAZc@TSVMRGF?PAjABz@BDgBJ}AJ{@VyB^_DP}AV{BTeBPsAPcAl@kBHO??FMpAeCGyAYyFCi@GoAK{B[QGEIEOMy@g@s@i@q@o@aAgAa@a@QWW]EIOSw@gAIMIGECICW?GBG@MBI?WR[n@uAhFg@nBaEzNk@bCi@`Cy@zDy@tDO`BkAlGE`@?^?^D^D\Lf@Lv@?b@A`@EXETMVONUFU?UEUSqBaBwAsAyAaAKGYOCBOXm@`@cApAYf@[z@f@f@XRTPn@f@NLJEAf@DN^\	Click to Generate
S2	30	1			3	UBU (S2)	Windy House Lane Pocket Park (S2)	Kwik Fit (S2)	2742	2056	_gudItkvGINaAfB_@p@}A|CaBxC{ApCCD_@p@OXOTEHCBSXMXACKSaAuBaA{BK]ESAIGYGk@Cm@Cy@?UF?f@IXEXEr@St@Uj@_@v@_@z@w@FGbAoAHKm@q@A?u@y@{A}AOOELCFCBg@^AGGW??FV@Ff@_@BCBGDMNNzA|At@x@@?l@p@IJcAnAGF{@v@w@^k@^u@Ts@RYDYDg@HG??TBx@Bl@Fj@FX@HDRJ\`AzB`AtBJR@BQZeAjBm@lA]p@k@bAkBjDe@z@CEEIk@mAj@lADHBDd@{@jBkDj@cA\q@l@mAvAgCLYRYBCDINUNY^q@~AwC`ByC|A}C^q@`AgBHO	Click to Generate
S2	45	1			3	Gleadless Medical Centre (S2)	Pizza City (S2)	Arbourthorne Community Primary School (S2)	3272	2454	abtdId~yGb@}@BCTe@f@aAP]h@eAHKLKBCTAF@JFHLHRDX@\?Z@RA\?H?J?L@H@Jg@r@QXCBa@j@KLKLMJiB`BQNUTKNILSZOXCDGHADOZA@CFGHMRKPKRADHNZl@??[m@IOMVCFITEHCLKIGGEGGGQKMIm@YIAFu@HsA?IBe@@OEQMIK?a@NK@KEGKGOAS?C?WJo@@KPy@Py@H]@GLm@VqADSBKJw@@IAUCQIMICEAQHYTSRQRGDGFIBEA[EBc@J{AFeAF_A@[B[By@@WBw@@m@Bo@@i@@g@@e@?G?M?O@c@G@MFa@Po@\aAj@a@VSLYPiBpAg@\e@\}@r@y@n@EBPbBJ|@D^Lr@Lp@BLFXDJJKHGFADDDJBFFFBAtAy@??uAx@C@GGCGEKEEG@IFKJFRJ\BDFNLZNRPZZ^LJJHRRNJh@b@h@\j@\TL^RSz@Qv@Wx@Od@MXGNMXSd@EHGHMVHR@BBBHDJ?F?FC`B]r@On@OVGFAF?F?F?PD`@LH@l@XLHPJRAFAH?DCHCBGLW@EJSJQLSFIBG@AN[@EFIBENYR[HMJOTUPOhBaBLKJMJM`@k@BCPYf@s@AKAI?M?K?I@]AS?[A]EYISIMKGGAU@CBMJIJi@dAQ\g@`AUd@CBc@|@	Click to Generate
S2	30	1			3	Temple Park Centre (S2)	Castle View Park (S2)	Hair & Beauty Lounge (S2)	2995	2246	c{wdIravGEKCCGGIGICGAG?GBWVCDC?A?MIp@kACMAM@M@GDIFEFAHBDHx@gAZc@TSVMRGF?ARGV?p@?I?g@FW@SG?SFWLUR[b@y@fADJ@L?FCLEJrAjCr@`Bl@bBJSh@{@NUHEHAL?jBb@jA`@zBp@^Lp@T|Ah@l@^Zb@Pb@BH@DHd@Dr@A`AKv@ENe@jAe@aAQUyDq@WGaAOq@a@QSUe@KO^}@\cBNwBkAa@kBc@M?I@IDOTi@z@KRm@cBs@aBsAkCEDK@GCGICMAM@M@GDIFEFAHBDHx@gAZc@TSVMRGF?PAjABz@Bf@Dp@Ap@Kr@c@v@_A~@mB\q@Vg@Cm@??^w@ZHq@tAEDWf@]p@_AlBw@~@s@b@q@Jq@@g@E{@CkACQ@G?SFWLUR[b@y@fADJ@L?FCLEJEDK@GCGIq@jALH@?B?BEVWFCF?F@HBHFFFBBDJ	Click to Generate
S2	45	1			3	Arbourthorne Community Primary School (S2)	Zakwetu (S2)	Newfield Green Dental Surgery (S2)	3642	2732	_otdItkyG?JEv@G~@GdAKzACb@Gz@?FIfAGt@E`@Kz@EZEXG\_@SUMk@]i@]i@c@OKSSKIMK[_@Q[OSM[GOCEK]GSJKHGFADDDJBFFFBAtAy@??uAx@C@GGCGEKEEG@IFKJFRJ\BDFNLZNRPZZ^LJJHRRNJh@b@h@\j@\TL^RSz@Qv@Wx@Od@MXGNMXSd@EHGHMVHR@BBBHDJ?F?FC`B]r@On@OVGFAF?F?F?PD`@LH@l@XLHPJRAFAH?DCHCBGLW@EJSJQLSFIBG@AN[@EFIBENYR[HMJOTUPOhBaBLKJMJM`@k@BCPYf@s@AKAI?M?K?I@]AS?[A]EYISIMKGGAU@CBMJIJi@dAQ\g@`AUd@CBi@hA[l@dAwBBCTe@f@aAP]h@eAHKLKBCTAF@JFHLHRDX@\?Z@RA\?H?J?L@H@Jg@r@QXCBa@j@KLKLMJiB`BQNUTKNILSZOXCDGHADOZA@CFGHMRKPKRADMVCFITEHCLKIGGEGGGQKMIm@YIAFu@HsA?Ic@Gb@F?HIrAGt@H@l@XLHPJRAD?@AH?DCHCBGLW@EJSJQLSFIBG@AN[@EFIBEKSGKFJJRCDGHADOZA@CFGHMRKPKRADMVCFITEHCLKIGGEGGGQKMIm@YIAFu@HsA?IBe@@OEQMIK?a@NK@KEGKGOAS?C?WJo@@KPy@Py@H]@GLm@VqADSBKJw@@IAUCQIMICEAQHYTSRQRGDGFIBEA[EBc@J{AFeAF_ADw@?K	Click to Generate
S2	20	1			3	Noble and Wylie (S2)	Broadfield Park (S2)	Virgin Crucible (S2)	1727	1295	ertdIbp`H@I?EBG@EN]DFDHDHBDFFBBJHRPRNDDNJ\T\XBBNLQr@CFAFWtA[zAERMj@AD?B?B?D@B@BJFr@d@FDFDl@wCBONu@XwAQWIKKMKKKKMKSQ]Y]UOKEESOSQKICCGGCEEIEIEGKUISCKGMEMCKCMIi@ESESEOGSc@w@GGC[BEHENIPI`@QDC\MJCFCHCDAD?R?@NBJ@F?R@R?JEh@A^Ab@?@EpA?HAHCHAHAFIVEJCHKVKUISCKGMEMCKCMIi@ESESEOGSc@w@GGC[BEHENIPI`@QDC\MJCFCHCDAD?R?P?F?PBD?`@ENCSkCCYCUCOIQIWM]Zk@[j@L\HVHPBNBTVdDOBa@DE?KJIFCBIF?R@R?JEh@A^Ad@EpA?HAHCHAHAFIVEJCHKVO\ADCF?DAH	Click to Generate
S2	30	1			3	Well Pharmacy (S2)	Terry Wright Community Hall (S2)	Pizza City (S2)	2172	1629	yetdIjnzG[m@IO@EJSJQLSFIBG@AN[@EFIBENYR[HMJO??TUPOhBaBLKJMJMIS?C?G@M??j@y@BCZi@LKH??L@H@Jg@r@QXCBa@j@KLKLMJiB`BQNUTKNILSZOXCDGHADOZA@CFGHMRKPKRADMVCFITEHCLKIGGEGGGQKMIm@YIAFu@HsA?IBe@@OEQMIK?a@NK@KEGKGOAS?C?WJo@@KPy@Py@H]@GLm@VqADSBKJw@@IAUCQIMICEAQHYTSRQRGDGFIBEA[EBc@J{AFeAF_A@[B[By@@WfATB_@C^gAUAVCx@Ev@G~@GdAKzACb@Gz@?FIfAGt@E`@Kz@EZEXG\Sz@Qv@Wx@Od@MXGNMXSd@EHGHMVHR@BBBHDJ?F?FC`B]r@On@OVGFAF?F?F?PD`@LH@l@XLHPJRAFAH?DCHCBGLWHNZl@	Click to Generate
S2	45	1			3	Leaves (S2)	UBU (S2)	Windy House Lane Pocket Park (S2)	3267	2450	yfudIjkvGp@sAVo@Xw@L[d@y@@E@E?C@E?E?G?E?C?EAC?A?EAEAEAGCEAEEG[SmBkAGT]xAENa@jAq@|ASb@Q\_@r@q@z@pBvC??qBwCIJcAnAGF{@v@w@^k@^u@Ts@RYDYDg@HG??TBx@Bl@Fj@FX@HDRJ\`AzB`AtBJR@BLYRYBCDINUNY^q@BEzAqC`ByC|A}C^q@`AgB`AmBVo@Xw@L[d@y@@E@E?C@E?E?G?E?C?EAC?A?EAEAEAGCEAEEG[SmBkA_BcAsA}@UQGXS|@u@rBq@jAy@jAc@f@INCHOOELCFCBg@^AGGW??FV@Ff@_@BCBGDMNNBIHOb@g@x@kAp@kAt@sBR}@FYNc@`BfAXPb@`@RLHDDBXPjBnAh@?H?FALCJEHGHKFMN]FSTw@DOP_ABONYJg@DUDUBE@CBAB?B?D?D@DD^|@Tn@N\Rl@Jd@@HAd@ATCNENENGVGTEPKRi@F_@DODM@{@FWTO@]BK@GBC@IDGBIHEDEDABCBgB|Cq@rA	Click to Generate
S2	60	1			3	Substantial Victorian houses in Norfolk Road (S2)	Path up to the Cholera Monument, Sheffield (S2)	Cholera Monument, Sheffield (S2)	7998	5998	cj{dI|t_HFIRYRQBCHG@ALIHWBEJ[h@oCPcAXkBFi@Jq@ZsBPqAFk@v@qGHa@RYX]~@iADEXa@Ta@LSVi@L[DMVu@BGBIBKZs@\{@HSF]Pg@Ns@FY@IFa@Jy@Be@Be@@c@@G?Q?k@?ICw@?]By@PeDDcA@OLcBLaALq@No@HYJa@Na@Pg@BIPc@FMPe@Vc@Zk@`@m@FKPUb@g@TYBEPUNUPUPUFKDMTc@DKDSHUBMBKBWDa@BUBa@Ba@@_@Bk@Bo@Dq@?MBe@@a@B[DaAHkBD_AHkAF{@Fs@Da@Fc@Ju@DSP_ADSJa@DKLa@`@q@DE^e@ZQDC@ALA@?F?D@B@B@B@BBBBBDDFFLDFBH?D@B@B?@?BBTBf@Fh@D\DZDZJl@Jl@J^H\X`A^vANh@Nh@Pr@T`ATv@DNBDDHDDFBJDH@D?B@BAFENMFCJE@?HAHAJB\NLCHEFERM@ADA\U@ABCROx@q@XWt@k@DEBAFEHILKFEFE\WZWtCkCf@k@t@w@VYX]hAmAVWHIHKNO`AeANS`AeANSDEFE`@e@dCgDLSXe@DJDDB@F?NGzAo@bAa@JGDIFKDHFFVPd@`@|CdCiBjEKVYn@ABm@vAmCjGCDuA|Ce@fAo@|AGLwA`DFLHJf@f@RPz@x@tAtABB~@~@DBb@b@FK@CDEDCFAfAQt@M@ABA@C@C@C?C@GCa@c@Fb@GB`@AF?BABABABC@A@}B^G@EBEDABGJc@c@EC_A_ACCuAuA{@y@SQg@g@IKGMvAaDjAlBIZADAF?D?\?z@?F@DBFBFCGCGAE?G?{@?]?E@G@EH[??kAmBwA`DCECICImAqEWcAW}@Su@EQCKEKQu@y@}CMi@Kc@WViAlAY\WXu@v@g@j@uCjC[V]VGDGDMJIHGDC@EDu@j@YVy@p@SNCBA@GRCJAHAJAL?J@N?PBT@Nr@tCBZ@\AZAJI`@GT]Xa@XIDMDG@G?E?G?GAq@SOGe@D_@?WAg@MQ@WBODUFE@a@HQBOCMEGEEEGGKQW_@oB}BgAqAIGY_@c@]AAEECCKOE|@Cb@EfACb@A`@C\C`@CVG\ETELGTGPITGPS\ILGHKNGFOPONc@d@UXIJGFILKNQTKNMTOXKXQf@Oh@ERGTCJWbAMn@QdAU~@IZEPCTCZAPARAPA\@X@\@TFh@D\BNFTHTL^DHd@hAFNBB@R?TAPCNCJEDGHIDIEy@_@C?K?C@G@A@EBEHCFGFO|ACTAPCJCNCPGTGRGPIVGNQRIR]z@[r@CJCHCFWt@ELMZIr@Y`Bm@tCgBpICLAN?PE?mAcAQpA[rBKp@Gh@YjBQbAi@nCKZCDIVMHA@IFCBSPSXGH	Click to Generate
S2	45	1			3	The Hardy Pick (S2)	Virgin Crucible (S2)	Boots (S2)	3669	2752	intdIlq`HGEEESOSQKICCGGCEEIEIEGKUISCKGMEMCKCMIi@ESESEOGSc@w@GGC[BEHENIPI`@QDC\MJCFCHCDAD?R?P?F?PBD?`@ENCRGDCHGFGBCBEDEv@pBlAzCHPf@{@Se@GO_@}@JSV_@c@r@^|@FNRd@g@z@IQmA{Cw@qBEDCDCBGFIFEBSFSkCCYCUCOIQIWM]Zk@[j@L\HVHPBNBTVdDOBa@DE?KJIFCBIFEACACCCAAGGQCIEMAGEKEOISQk@]u@oAeDg@kAeAgCi@oAMc@Y_ACMCICCEIEGEGGEa@UaAm@kBiAmAs@MIIIGGIIGMEIOc@EKAKCME]K}@Gc@Ks@ASEc@Ce@T@B?H?XAFAF?REZ?b@Av@A\?V?J@H@D@B@JDHDHHTRTTX\PTPTZd@`@n@f@t@f@t@HLFFDHLNDFBBVXLLFDXPNJNHPLTH\Pd@PHBFBZLz@\\PJDNHFFJHNLFHFDHHZZl@d@X\dAhANPJJEJCFILCHEJKh@ITGXIA??AAAAEICEAEUg@BqAD@T^CjAEJ@DHN@@@@??H@FYAQDq@BKBQJS[]{@iAMQg@s@[[IIGEGIOMKIGGOIKEA\GnAKnCALCJEFYn@CD?DAD?B?D@D@DXj@fAzBLZFTDRF`@@^E@C@A?C@EBCDe@p@EDCDCBGFIFEBSFOBa@DE?KJIFCBIF?R@R?JEh@A^Ad@EpA?`A?f@?L?P?JBVRPRNDDFD	Click to Generate
S2	30	1			3	Temple Park Centre (S2)	Castle View Park (S2)	Manor Park Medical Centre (S2)	2423	1817	wfwdIpmuG??Bl@Wf@]p@_AlBw@~@s@b@q@Jq@@g@E{@CkACQ@ARGV?p@?I?g@FW@SG?SFWLUR[b@y@fADJ@L?FCLEJrAjCr@`Bl@bBJSh@{@NUHEHAL?jBb@jA`@zBp@^Lp@T|Ah@l@^Zb@Pb@BH@DHd@Dr@A`AKv@ENe@jAe@aAQUyDq@WGaAOq@a@QSUe@KO^}@\cBNwBkAa@kBc@M?I@IDOTi@z@KRm@cBs@aBsAkCEDK@GCGICMAM@M@GDIFEFA??HBDHx@gAZc@TSVMRGF?PAjABz@Bf@Dp@Ap@Kr@c@v@_A~@mB\q@Vg@Cm@	Click to Generate
S2	45	1			3	Gleadless Medical Centre (S2)	Pizza City (S2)	Arbourthorne Community Primary School (S2)	3262	2446	{atdIz}yG\s@BCTe@f@aAP]h@eAHKLKBCTAF@JFHLHRDX@\?Z@RA\?H?J?L@H@Jg@r@QXCBa@j@KLKLMJiB`BQNUTKNILSZOXCDGHADOZA@CFGHMRKPKRADHNZl@??[m@IOMVCFITEHCLKIGGEGGGQKMIm@YIAFu@HsA?IBe@@OEQMIK?a@NK@KEGKGOAS?C?WJo@@KPy@Py@H]@GLm@VqADSBKJw@@IAUCQIMICEAQHYTSRQRGDGFIBEA[EBc@J{AFeAF_A@[B[By@@WBw@@m@Bo@@i@@g@@e@?G?M?O@c@G@MFa@Po@\aAj@a@VSLYPiBpAg@\e@\}@r@y@n@EBPbBJ|@D^Lr@Lp@BLFXDJJKHGFADDDJBFFFBAtAy@??uAx@C@GGCGEKEEG@IFKJFRJ\BDFNLZNRPZZ^LJJHRRNJh@b@h@\j@\TL^RSz@Qv@Wx@Od@MXGNMXSd@EHGHMVHR@BBBHDJ?F?FC`B]r@On@OVGFAF?F?F?PD`@LH@l@XLHPJRAFAH?DCHCBGLW@EJSJQLSFIBG@AN[@EFIBENYR[HMJOTUPOhBaBLKJMJM`@k@BCPYf@s@AKAI?M?K?I@]AS?[A]EYISIMKGGAU@CBMJIJi@dAQ\g@`AUd@CB]r@	Click to Generate
S2	20	1			3	Leaves (S2)	Windy House Lane Pocket Park (S2)	UBU (S2)	1867	1400	gfudIljvG^u@Vo@Xw@L[d@y@@E@E?C@E?E?G?E?C?EAC?A?EAEAEAGCEAEEG[SmBkAGT]xAENa@jAq@|ASb@Q\_@r@q@z@pBvC??qBwCm@q@A?u@y@{A}AOOELCFCBg@^AGGW??FV@Ff@_@BCBGDMNNzA|At@x@@?l@p@IJcAnAGF{@v@w@^k@^u@Ts@RYDYDg@HG??TBx@Bl@Fj@FX@HDRJ\`AzB`AtBJR@BLYRYBCDINUNY^q@BEzAqC`ByC|A}C^q@`AgB`@w@	Click to Generate
S2	30	1			3	Porcelanosa (S2)	The Hardy Pick (S2)	Mandala (S2)	2699	2024	{ctdIbw_HAAACE]FYAQDq@BKBQJS[]{@iAMQGRENADECUK_@QGC@Y?G@IDUDQIIGEGIOMKIGGOIKEA\GnAKnCALCJEFYn@CD?DAD?B?D@D@DXj@fAzBLZFTDRF`@@^E@C@A?C@EBCDe@p@v@pBlAzCHPf@{@Se@GO_@}@JSV_@c@r@^|@FNRd@g@z@IQmA{Cw@qBEDCDCBGFIFEBSFOBa@DE?KJIFCBIFEACACCCAAGGQCIEMAGEKEOISQk@]u@oAeDg@kAeAgCi@oAMc@Y_ACMCICCEIEGEGGEa@UaAm@kBiAmAs@MIIIGGIIGMEIOc@EKAKCME]K}@Gc@Ks@ASEc@Ce@T@B?H?XAFAF?REZ?b@Av@A\?V?J@H@D@B@JDHDHHTRTTX\PTPTZd@`@n@f@t@f@t@HLFFDHLNDFBBVXLLFDXPNJNHPLTH\Pd@PHBFBZLz@\\PHB@@NHFFJHNLFHFDHHZZl@d@X\dAhANPJJEJCFILCHEJKh@ITGXD\@B@@	Click to Generate
S2	30	1			3	Diocese of Hallam Pastoral Centre (S2)	Woodbourn Road Stadium (S2)	Sheffield Animal Centre (S2)	2707	2030	_e{dIjmwG??CFEJBHBPBR?p@Ib@_AbDXXRNDBZXJ^?^?RE~AbBPH@n@JHBZDEg@K_BAKASOmBm@sC_AaEYuAIe@CIc@oBEOK[BIBCPENEREp@q@`@e@HI`@a@TSHSL_@DGHQBGNM@CFQDQJc@He@l@cDHg@`@_CFc@Pu@^qAXZTPNLMp@G\ADQlAd@ZLLAV?\FRN@??VIWHOAGS?]@WMMe@[PmA@EF]Lq@\cAL]LFHF`AdAp@r@NFl@^d@^r@bAxFbGCn@Qd@_AhACDWb@Yz@a@`BOHK@k@EMBGFEFCPALAp@?JAHAHAHCBAFEHe@WmAo@AAKGyBmAqEiC[QOAM?KAKAQAM@SFURa@`@IHa@d@q@p@S\EDWVDNb@nBBHHd@XtAKXEGCEWZEMIQ	Click to Generate
S2	60	1			3	Path near the Cholera Monument, Sheffield (S2)	Sheffield Inclusion Centre (S2)	Manor Fields (S2)	7359	5519	c|wdI`f|Gb@GB`@AF?BABABABC@A@}B^G@EBEDABGJc@c@EC_A_ACCuAuA{@y@SQg@g@IKGMvAaDjAlBIZADAF?D?\?z@?F@DBFBFCGCGAE?G?{@?]?E@G@EH[??kAmBFMtAeDtA}CBElCkGl@wA@CXo@JWhBkEfEmMBE@ABATA@k@@o@@y@BgA@QJyFJuFDuBD}BFoC?K@k@TUZ]fBeBRS^]BADEFG~BuBrFgFDEFEzCuCv@u@|@_ARQDEDEx@u@^]nAqA\m@~@cBf@aA^m@`@u@h@_AFMDIP[HMDIDKDEb@w@HKd@{@jBkDj@cABFBFj@lAVj@d@`ATf@Tf@@Bl@rAb@~@FL`@~@b@hARl@?BN`@UTu@t@qBjBw@v@eAbAcA~@I[Ke@GUw@_DCGIUOEIAGA?S?O?KCQKc@e@{AIUCGMc@KKGGIGCCEAK?i@~@a@t@_@l@g@`A_AbB]l@oApA_@\y@t@EDEDSP}@~@c@kBd@g@jBu@nCgBVa@^mBYyAaAmFu@cEY_Ba@yBkAaHCOS_AW]m@GS@??eD|BaBhAOb@f@rCjAhHuBxAc@Zk@`@e@ZwBxAg@Xs@f@xApKtAxKr@vE_CtBGFEDC@_@\SRgBdB[\UTAj@?JGnCE|BEtBKtFKxFAPCfAAx@An@Aj@U@C@A@CDgElMiBjEKVYn@ABm@vAmCjGCDuA|CuAdDGLwA`DFLHJf@f@RPz@x@tAtABB~@~@DBb@b@FK@CDEDCFA|B_@@ABA@C@C@C?C@GCa@c@F	Click to Generate
S2	60	1			3	Burton Roofing Merchants (S2)	Makro (S2)	Mather Community Park (S2)	5847	4385	q_ydIdzuGEEUQYSg@g@Sr@Kd@c@`BMf@Ol@St@Of@_@fAS]Vu@Ni@CHK^Wt@R\a@z@u@`BUf@INmAfBOTkAvA[f@u@~@SWY]UYW]EGOQW[t@uAl@cA??P^R`@R`@Rb@BHNZTf@jAwANUlAgBHOTg@t@aB`@{@^gANg@Ru@Nm@Lg@b@aBJe@Rs@Z{@Xg@bAqAF]Dc@Ca@CW@UFWFMDEHEJAFBD@HJDJDLVx@P`@h@`@^Ph@Jb@F\EPINMNSN_@dA{D|@mD~@mD^aBfAiFv@qDXuA`@eBz@{F|@_Ft@gEr@}DB[@O?OEUA_@A_@C]I[KSKOGGoBiBeCuB}AeAo@a@o@_@k@bECLIn@y@jFq@xE]rBUhAtAlAf@b@j@l@U|@]z@e@|@s@v@g@`@MJ_Bt@Ks@SaBn@wA`@gAZ_A\oADWFUTiA\sBp@yEx@kFHo@BMj@cEJg@xDfCtBjBpAjAPNDD\ZTVHFHDF@F?HEFEDCPCJ@VJXRXRPVJNDNHd@Fd@@P?PARAPIVGNIHGBG@MBI?WR[n@uAhFg@nBaEzNk@bCi@`Cy@zDy@tDO`BkAlGE`@?^?^D^D\Lf@Lv@?b@A`@EXETMVONUFU?UEUSqBaBwAsAyAaAKGYOCBOXm@`@cApAYf@[z@f@f@XRTPDD	Click to Generate
S2	20	1			3	Wobbly Wheel Cyclery (S2)	Daughters (S2)	74th Oak Street Scout Group (S2)	1638	1228	u_tdIf{}GRAMyIF?v@GbAG?FJtGL`HlBIDbBmClGkBfEgAdCqAwBIM\{@~BsFTg@E[IcFImDMyIE?o@DEmCCsBAq@AKv@EJ~HLxIS@	Click to Generate
S2	20	1			3	Anna Roberts (S2)	Virgin Crucible (S2)	The Hardy Pick (S2)	1818	1364	motdInp`H@@RNDDNJ\T\XRPQr@CFAFWtA[zAERMj@AD?B?B?D@B@BJFr@d@FDFDl@wCBONu@XwAQWIKKM??KKKKMKSQ]Y]UOKEESOSQKICCGGCEEIEIEGKUISCKGMEMCKCMIi@ESESEOGSc@w@GGC[BEHENIPI`@QDC\MJCFCHCDAD?R?P?F?PBD?`@ENCWeDCUCOIQIWM]Zk@[j@L\HVHPBNBTBXRjCRGDCHGFGBCBEDEv@pBlAzCHPf@{@Se@GO_@}@JSV_@c@r@^|@FNRd@g@z@IQmA{Cw@qBEDCDCBGFIFEBSFOBa@DE?KJIFCBIF?R@R?JEh@A^Ad@EpA?`A?f@?L?P?JBVPN	Click to Generate
S2	30	1			3	Leaves (S2)	Windy House Lane Pocket Park (S2)	UBU (S2)	2605	1954	}dudIfhvGINVo@Xw@L[d@y@@E@E?C@E?E?G?E?C?EAC?A?EAEAEAGCEAEEG[SmBkAGT]xAENa@jAq@|ASb@Q\_@r@q@z@pBvC??qBwCm@q@A?u@y@{A}AOOELCFCBg@^AGGW??FV@Ff@_@BCBGDMNNzA|At@x@@?l@p@IJcAnAGF{@v@w@^k@^u@Ts@RYDYDg@HG??TBx@Bl@Fj@FX@HDRJ\`AzB`AtBJR@BLYRYBCDINUNY^q@BEzAqC`ByC|A}C^q@`AgB`AmBVo@Xw@L[d@y@Ra@DIJUHOJSJQ`@_AN]FSTw@DOP_ABONYJg@DUDUBE@CBAB?B?D?D@DD^|@Tn@N\Rl@Jd@@HAd@ATCNENENGVGTEPKRi@F_@DODM@{@FWTO@]BK@GBC@IDGBIHEDEDABCB}AlC	Click to Generate
S2	20	1			3	Casa Italia (S2)	Alam Hill Books (S2)	Boots (S2)	1709	1282	aktdIde_HS_@QYEJWj@Yp@CTz@\\PJDNHFFJHNLFHFDHHZZPNZTELg@s@[[IIGEGIOMKIGGOIKE]Q{@]BUXq@Vk@DKj@wAxAiDdC}FHLpAvBiC`GiA~C_@hAY~@K^NLFHFDHHZZl@d@X\dAhANPJJEJCFILCHEJKh@ITGXIA??AAAAEICEAEUg@BqAD@T^CjAEJ@DHN@@@@??H@FYAQDq@BKBQJS[]{@iAMQg@s@[[IIGEGIOMKIGGOIKE]Q{@]BUXq@Vk@DKPXR^	Click to Generate
S2	60	1			3	Path near the Cholera Monument, Sheffield (S2)	Sheffield Inclusion Centre (S2)	Manor Fields (S2)	7164	5373	g~wdInh|G_@FG@EBEDABGJc@c@EC_A_ACCuAuA{@y@SQg@g@IKGMvAaDjAlBIZADAF?D?\?z@?F@DBFBFCGCGAE?G?{@?]?E@G@EH[??kAmBFMtAeDtA}CBElCkGl@wA@CXo@JWhBkEfEmMBE@ABATA@k@@o@@y@BgA@QJyFJuFDuBD}BFoC?K@k@TUZ]fBeBRS^]BADEFG~BuBrFgFDEFEzCuCv@u@|@_ARQDEDEx@u@^]nAqA\m@~@cBf@aA^m@`@u@h@_AFMDIP[HMDIDKDEb@w@HKd@{@jBkDj@cABFBFj@lAVj@d@`ATf@Tf@@Bl@rAb@~@FL`@~@b@hARl@?BN`@UTu@t@qBjBw@v@eAbAcA~@I[Ke@GUw@_DCGIUOEIAGA?S?O?KCQKc@e@{AIUCGMc@KKGGIGCCEAK?i@~@a@t@_@l@g@`A_AbB]l@oApA_@\y@t@EDEDSP}@~@c@kBd@g@jBu@nCgBVa@^mBYyAaAmFu@cEY_Ba@yBkAaHCOS_AW]m@GS@??eD|BaBhAOb@f@rCjAhHuBxAc@Zk@`@e@ZwBxAg@Xs@f@xApKtAxKr@vE_CtBGFEDC@_@\SRgBdB[\UTAj@?JGnCE|BEtBKtFKxFAPCfAAx@An@Aj@U@C@A@CDgElMiBjEKVYn@ABm@vAmCjGCDuA|CuAdDGLwA`DFLHJf@f@RPz@x@tAtABB~@~@DBb@b@FK@CDEDCFA^G	Click to Generate
S2	20	1			3	Arman Food Store (S2)	Virgin Crucible (S2)	The Hardy Pick (S2)	1818	1364	sotdIhp`HFFRNDDNJ\T\XRPQr@CFAFWtA[zAERMj@AD?B?B?D@B@BJFr@d@FDFDl@wCBONu@XwAQWIKKMEEEEKKMKSQ]Y]UOKEESOSQKICCGGCEEIEIEGKUISCKGMEMCKCMIi@ESESEOGSc@w@GGC[BEHENIPI`@QDC\MJCFCHCDAD?R?P?F?PBD?`@ENCWeDCUCOIQIWM]Zk@[j@L\HVHPBNBTBXRjCRGDCHGFGBCBEDEv@pBlAzCHPf@{@Se@GO_@}@JSV_@c@r@^|@FNRd@g@z@IQmA{Cw@qBEDCDCBGFIFEBSFOBa@DE?KJIFCBIF?R@R?JEh@A^Ad@EpA?`A?f@?L?P?JBVJH	Click to Generate
S2	20	1			3	Temple Park Centre (S2)	Manor Park Medical Centre (S2)	Castle View Park (S2)	1839	1379	}wwdIbhvGCSCINWs@aBsAkCEDK@GCGICMAM@M@GDIFEFAHBDHx@gAZc@TSVMRGF?ARGV?p@?I?g@FW@SG?SFWLUR[b@y@fADJ@L?FCLEJEDK@GCGICMAM@M@GDIFEFA??HBDHDJ@L?FCLEJrAjCr@`Bl@bBJSh@{@NUHEHAL?jBb@jA`@zBp@^Lp@T|Ah@l@^Zb@Pb@BH@DHd@Dr@A`AKv@ENe@jAe@aAQUyDq@WGaAOq@a@QSUe@KOa@n@mBxCoAyCoAyCZi@IOR_@F[?SA[CO	Click to Generate
S2	20	1			3	Valley Road Garage (S2)	International Automatic Cars (S2)	Casa Italia (S2)	1722	1292	sftdIrx~GvAgD\{@~@wBtAcDtBwElBIDbBmClGkBfEgAdCqAwBIM_FfLk@vAPXVd@H@t@aBu@`BIACES_@QYEJWj@Yp@CTz@\\PJDNHFFJHNLFHFDHHZZPNZTELg@s@[[IIGEGIOMKIGGOIKE]Q{@]BUXq@Vk@DKj@wAfC_G	Click to Generate
S2	30	1			3	Temple Park Centre (S2)	Castle View Park (S2)	Hair & Beauty Lounge (S2)	2973	2230	k|wdIlavG_@l@KWESC?A?MIp@kACMAM@M@GDIFEFAHBDHx@gAZc@TSVMRGF?ARGV?p@?I?g@FW@SG?SFWLUR[b@y@fADJ@L?FCLEJrAjCr@`Bl@bBJSh@{@NUHEHAL?jBb@jA`@zBp@^Lp@T|Ah@l@^Zb@Pb@BH@DHd@Dr@A`AKv@ENe@jAe@aAQUyDq@WGaAOq@a@QSUe@KO^}@\cBNwBkAa@kBc@M?I@IDOTi@z@KRm@cBs@aBsAkCEDK@GCGICMAM@M@GDIFEFAHBDHx@gAZc@TSVMRGF?PAjABz@Bf@Dp@Ap@Kr@c@v@_A~@mB\q@Vg@Cm@??^w@ZHq@tAEDWf@]p@_AlBw@~@s@b@q@Jq@@g@E{@CkACQ@G?SFWLUR[b@y@fADJ@L?FCLEJEDK@GCGIq@jALH@?B?BEVWFCF?F@HBENEH	Click to Generate
S2	30	1			3	UBU (S2)	Leaves (S2)	Sheffield Inclusion Centre (S2)	2752	2064	iwudInewGP[LYRYBCDINUNY^q@BEzAqC`ByC|A}C^q@`AgB`AmBVo@Xw@L[d@y@@E@E?C@E?E?G?E?C?EAC?A?EAEAEAGCEAEEG[SmBkAGT]xAENa@jAq@|ASb@Q\_@r@q@z@pBvC??qBwCIJcAnAGF{@v@w@^k@^u@Ts@RYDYDg@HG??TBx@Bl@Fj@FX@HDRJ\`AzB`AtBJR@BwAfCm@lA]p@BFBFj@lAVj@d@`ATf@Tf@@Bl@rAb@~@FL`@~@b@hARl@?BN`@UTu@t@qBjBw@v@eAbAcA~@I[Ke@GUw@_DCGIUOEIAGA?S?O?KCQKc@e@{AIUCGMc@EQCE?EAGAG?CAI?I@I?I@E@CDIDKDEb@w@HKd@{@jBkDj@cA\q@l@mAdAkB	Click to Generate
S2	30	1			3	GoLocalExtra (S2)	UBU (S2)	Windy House Lane Pocket Park (S2)	2510	1882	_kudIdpvGqBwCp@{@^s@P]Rc@p@}A`@kADO\yAFU_BcAFk@XPb@`@RLHDDBXPjBnAh@?H?FALCJEHGHKFMN]FSTw@DOP_ABONYJg@DUDUBE@CBAB?B?D?D@DD^|@Tn@N\Rl@Jd@@HAd@ATCNENENGVGTEPKRi@F_@DODM@{@FWTO@]BK@GBC@IDGBIHEDEDABCBgB|Cq@rAOXaAfB_@p@}A|CaBxC{ApCCD_@p@OXOTEHCBSXMXACKSaAuBaA{BK]ESAIGYGk@Cm@Cy@?UF?f@IXEXEr@St@Uj@_@v@_@z@w@FGbAoAHKm@q@A?u@y@{A}AOOELCFCBg@^AGGW??FV@Ff@_@BCBGDMNNzA|At@x@@?l@p@pBvC	Click to Generate
S2	45	1			3	Bronze & Polished (S2)	Sheffield Inclusion Centre (S2)	Leaves (S2)	3077	2308	syudI`iwGBEvAgCLYRYBCDINUNYJORa@~AwC`ByC|A}C@DHNf@bALZBFPh@Lb@?BH\Jt@Hv@Dh@@JIJMRQ^]r@m@nA@TPvBNjCHhBFjAD|ADlAB~@G?I@MHo@l@k@h@k@h@gAdAa@^WTUTu@t@qBjBw@v@eAbAcA~@I[Ke@GUw@_DCGIUOEIAGA?S?O?KCQKc@e@{AIUCGMc@EQCE?EAGAG?CAI?I@I?I@E@CDIDKDEb@w@HKd@{@jBkDj@cA\q@l@mAvAgCACKSaAuBaA{BK]ESAIGYGk@Cm@Cy@?UF?f@IXEXEr@St@Uj@_@v@_@z@w@FGbAoAHKpBvC??qBwCIJcAnAGF{@v@w@^k@^u@Ts@RYDYDg@HG??TBx@Bl@Fj@FX@HDRJ\`AzB`AtBJR@BwAfCCD	Click to Generate
S2	20	1			3	Top Chopper (S2)	Broadfield Park (S2)	The Hardy Pick (S2)	1661	1246	_ktdIdt`HCCMKSQ]Y]UOKEESOSQKIEd@?BDi@CCGGCEEIEIEGKUISCKGMEMCKCMIi@ESESEOGSc@w@GGC[BEHENIPI`@QDC\MJCFCHCDAD?R?@NBJ@F?R@R?JEh@A^Ab@?@EpA?HAHCHAHAFIVEJCHKVKUISCKGMEMCKCMIi@ESESEOGSc@w@GGC[BEHENIPI`@QDC\MJCFCHCDAD?R?P?F?PBD?`@ENCRGDCHGFGBCBEDEv@pBlAzCHPf@{@Se@GO_@}@JSV_@c@r@^|@FNRd@g@z@IQmA{Cw@qBEDCDCBGFIFEBSFOBa@DE?KJIFCBIF?R@R?JEh@A^Ad@EpA?`A?f@?L?P?JBVRPRNDDNJ\T\XRPLJBB	Click to Generate
S2	30	1			3	Windy House Lane Pocket Park (S2)	Leaves (S2)	UBU (S2)	2134	1600	c|udIf}uG^^~DjEELCFCBg@^AGGW??FV@Ff@_@BCBGDMNNzA|At@x@@?l@p@pBvC??qBwCIJcAnAGF{@v@w@^k@^u@Ts@RYDYDg@HG??TBx@Bl@Fj@FX@HDRJ\`AzB`AtBJR@BLYRYBCDINUNY^q@BEzAqC`ByC|A}C^q@`AgB`AmBVo@Xw@L[d@y@@E@E?C@E?E?G?E?C?EAC?A?EAEAEAGCEAEEG[SmBkA_BcAsA}@UQoA_Ae@g@EIY]MLKHQB]?QKSSQPyA|AABe@f@w@v@Y\AJAL?BETTV	Click to Generate
S2	30	1			3	I Said Bread (S2)	Kingdom Hall of Jehovah's Witnesses (S2)	Wobbly Wheel Cyclery (S2)	2434	1826	oatdI`h~Gw@@Q@yAfAM@EE|@eDJy@BcA?m@QuEW_G?WF?lAL`@?LAJlIDDt@ARAHlDHbFDZuCzG]z@_FfLeA_BdA~AfC_GvAgD\{@tC{GtBwEMaHKuG?GcAFw@FG?E?o@DWBM@a@?mAMG??VV~FPtE?l@CbAKx@}@dDDDLAxAgAPAv@A	Click to Generate
S2	60	1			3	Path up to the Cholera Monument, Sheffield (S2)	Substantial Victorian houses in Norfolk Road (S2)	Sheffield Inclusion Centre (S2)	5721	4291	c|wdI`f|Gb@GB`@AF?BABABABC@A@u@LgAPG@EBEDABGJc@c@EC_A_ACCuAuA{@y@SQg@g@IKGMvAaDFMn@}Ad@gAtA}CBElCkGl@wA@CXo@JWhBkEfEmMBE@ABATA@k@@o@@y@BgA@QJyFJuFDuBD}BFoC?K@k@TUZ]fBeBRS^]BADEFG~BuBrFgFDEFEzCuCv@u@|@_ARQDEDEx@u@^]nAqA\m@~@cBf@aA^m@`@u@h@_AFMDIP[HMDIDKDEb@w@HKd@{@jBkDj@cABFBFj@lAVj@d@`ATf@Tf@@Bl@rAb@~@FL`@~@b@hARl@?BN`@UTu@t@qBjBw@v@eAbAcA~@I[Ke@GUw@_DCGIUOEIAGA?S?O?KCQKc@e@{AIUCGMc@KKGGIGCCEAK?i@~@a@t@_@l@g@`A_AbB]l@oApA_@\y@t@EDEDSP}@~@w@t@{CtCGDEDsFfF_CtBGFEDC@_@\SRgBdB[\UTAj@?JGnCE|BEtBKtFKxFAPCfAAx@An@Aj@U@C@A@CDgElMiBjEKVYn@ABm@vAmCjGCDuA|CuAdDGLwA`DFLHJf@f@RPz@x@tAtABB~@~@DBb@b@FK@CDEDCFA|B_@@ABA@C@C@C?C@GCa@c@F	Click to Generate
S2	45	1			3	Arbourthorne Community Primary School (S2)	ExtraCare (S2)	Newfield Green Dental Surgery (S2)	3724	2793	ymtdIxiyG_@IAVCx@Ev@G~@GdAKzACb@Gz@?FIfAGt@E`@Kz@EZEXG\_@SUMk@]i@]i@c@OKSSKIMK[_@Q[OSM[GOCEK]GSJKHGFADDDJBFFFBAtAy@??uAx@C@GGCGEKEEG@IFKJFRJ\BDFNLZNRPZZ^LJJHRRNJh@b@h@\j@\TL^RSz@Qv@Wx@Od@MXGNMXSd@EHGHMVHR@BBBHDJ?F?FC`B]r@On@OVGFAF?F?F?PD`@LH@l@XLHPJRAFAH?DCHCBGLW@EJSJQLSFIBG@AN[@EFIBENYR[HMJOTUPOhBaBLKJMJM`@k@BCPYf@s@AKAI?M?K?I@]AS?[A]EYISIMKGGAU@CBMJIJi@dAQ\g@`AUd@CBc@|@a@x@dAwBBCTe@f@aAP]h@eAHKLKBCTAF@JFHLHRDX@\?Z@RA\?H?J?L@H@Jg@r@QXCBa@j@KLKLMJiB`BQNUTKNILSZOXCDGHADOZA@CFGHMRKPKRADMVCFITEHCLKIGGEGGGQKMIm@YIAFu@HsA?Ic@Gb@F?HIrAGt@H@l@XLHPJRAD?@AH?DCHCBGLW@EJSJQLSFIBG@AN[@EFIBEKSGKFJJRCDGHADOZA@CFGHMRKPKRADMVCFITEHCLKIGGEGGGQKMIm@YIAFu@HsA?IBe@@OEQMIK?a@NK@KEGKGOAS?C?WJo@@KPy@Py@H]@GLm@VqADSBKJw@@IAUCQIMICEAQHYTSRQRGDGFIBEA[EBc@J{AFeAF_ADw@By@@W^H	Click to Generate
S2	60	1			3	Burton Roofing Merchants (S2)	Pentagon Jeep (S2)	Sheffield Animal Centre (S2)	4419	3314	otydI~kvGP^R`@R`@Rb@BHNZTf@jAwANUlAgBHOTg@t@aB`@{@S]Vu@Ni@CHK^Wt@R\^gANg@Ru@Nm@Lg@b@aBJe@Rs@f@f@XRTPn@f@k@pCGVg@zB@ZVb@XRTPNLFFTR_@hBOr@Ns@^iBUSGGOMUQYSWc@A[f@{Br@iDo@g@UQYSg@g@Sr@Kd@c@`BMf@Ol@St@Of@_@fAa@z@u@`BUf@INmAfBOTkAvA[f@u@~@ELGJy@fB]`AK\g@dBSz@UhACPQjAKx@QvAIt@Kr@CNe@xBUa@QYOQCCu@e@OIq@_@k@Wm@]_@Sc@WcAk@_@Sm@]ECKEe@WmAo@AAKGyBmAqEiC[Q[SEGGGKMEKAI?KNM@CFQDQJc@He@l@cDHg@`@_CFc@Pu@^qAXZTPNL\cAL]LFHF`AdAp@r@NFl@^d@^r@bAxFbGCn@Qd@_AhACDWb@Yz@a@`BvAv@f@X|@f@DH@PKn@a@vCj@Vp@^NHt@d@BBNPPXT`@d@yBBOJs@Hu@PwAJy@PkABQTiAR{@f@eBJ]\aAx@gBFKDMt@_AZg@Ug@O[CISc@Sa@Sa@Q_@	Click to Generate
S2	20	1			3	Porcelanosa (S2)	Alam Hill Books (S2)	Heeley Sidings (S2)	1589	1192	_ktdI~h_H@@NHFFJHNLFHFDHHZZl@d@ELGRENADECUK_@QGC@Y?G@IDUDQIIGEGIOMKIGGOIKE]Q{@]BUXq@Vk@DKj@wAxAiDdC}FHLpAvBiC`GiA~C_@hAY~@K^NLFHFDHHZZl@d@X\dAhANPJJEJCFILCHEJKh@ITGXD\@B@@BFn@pARa@R]u@}AMV@R@Dj@hAS`@o@qAEIACE]FYAQDq@BKBQJS[]{@iAMQg@s@[[IIGEGIOMKIGGOIAA	Click to Generate
S2	60	1			3	Castle View Park (S2)	St Swithun (S2)	Hair & Beauty Lounge (S2)	6401	4801	swvdIf}vG??eD|BaBhAOb@f@rCjAhHuBxAc@Zk@`@e@ZwBxAg@Xs@f@aB`AGc@MqAImBEu@MkCbAw@FQHe@H_AX{Cv@sADIDKvBsDrBaDe@aAQUyDq@WGaAOq@a@QSUe@KO^}@\cBNwBkAa@kBc@M?I@IDOTi@z@KRm@cBs@aBsAkCEDK@GCGICMAM@M@GDIFEFAHBDHx@gAZc@TSVMRGF?PAjABz@Bf@Dp@Ap@Kr@c@v@_AFHR\TZ`@`@hBbAdCvADBVNNFNFRDP?TIRMd@y@d@{@`AmBNUh@u@d@o@`@]LKj@e@|@g@TITCRA`@ALGDEJKFMFHDD`AdAdBjBCJe@nCKjDXI~@UbB_@`@K?Q@QF[JWHIJGHC?SMaEE_CGqAKk@Qi@Uc@IKMM_@Ym@a@c@WGEAFEBC@E?ECCCCG?I?IICaDwAUMaDuAAAeCeAoAi@OGOVc@|@INGHgB~CaBjDw@zAOX]n@GL[I_@v@??Bl@Wf@]p@_AlBw@~@s@b@q@Jq@@g@E{@CkACQ@G?SFWLUR[b@y@fADJ@L?FCLEJrAjCr@`Bl@bBaA|A[h@nAxCnAxCKRs@jAh@bA^Vd@@BCJIRQlApChAjCd@fAYzCI~@Id@GPcAv@LjCDt@HlBLpAFb@`BaAr@g@f@YvByAd@[j@a@b@[tByAkAiHg@sCNc@`BiAdD}B??	Click to Generate
S2	30	1			3	Temple Park Centre (S2)	Castle View Park (S2)	Hair & Beauty Lounge (S2)	3012	2259	yzwdIdbvGO]CCGGIGICGAG?GBWVCDC?A?MIp@kACMAM@M@GDIFEFAHBDHx@gAZc@TSVMRGF?ARGV?p@?I?g@FW@SG?SFWLUR[b@y@fADJ@L?FCLEJrAjCr@`Bl@bBJSh@{@NUHEHAL?jBb@jA`@zBp@^Lp@T|Ah@l@^Zb@Pb@BH@DHd@Dr@A`AKv@ENe@jAe@aAQUyDq@WGaAOq@a@QSUe@KO^}@\cBNwBkAa@kBc@M?I@IDOTi@z@KRm@cBs@aBsAkCEDK@GCGICMAM@M@GDIFEFAHBDHx@gAZc@TSVMRGF?PAjABz@Bf@Dp@Ap@Kr@c@v@_A~@mB\q@Vg@Cm@??^w@ZHq@tAEDWf@]p@_AlBw@~@s@b@q@Jq@@g@E{@CkACQ@G?SFWLUR[b@y@fADJ@L?FCLEJEDK@GCGIq@jALH@?B?BEVWFCF?F@HBHFFFBBN\	Click to Generate
S2	20	1			3	St Vincent's (S2)	Temple Park Centre (S2)	Hair & Beauty Lounge (S2)	1483	1112	k|wdIt|uG??HBDHDJ@L?FCLEJrAjCr@`BOV_@}@k@qAWm@CCGGIGICGAG?GBWVCDC?A?MIp@kACMAM@M@GDIFEFAHBDHx@gAZc@TSVMRGF?ARGV?p@?I?g@FW@SPAjABz@Bf@Dp@Ap@Kr@c@v@_A~@mB\q@Vg@Cm@??^w@ZHq@tAEDWf@]p@_AlBw@~@s@b@q@Jq@@g@E{@CkACQ@G?SFWLUR[b@y@fADJ@L?FCLEJEDK@GCGICMAM@M@GDIFEFA	Click to Generate
S2	20	1			3	Manor Park Medical Centre (S2)	Temple Park Centre (S2)	Castle View Park (S2)	1802	1352	gzwdIfcvGa@_ACCGGIGICGAG?GBWVCDC?A?MIp@kACMAM@M@GDIFEFA??HBDHx@gAZc@TSVMRGF?ARGV?p@?I?g@FW@SG?SFWLUR[b@y@fADJ@L?FCLEJrAjCr@`Bl@bBJSh@{@NUHEHAL?jBb@jA`@zBp@^Lp@T|Ah@l@^Zb@Pb@BH@DHd@Dr@A`AKv@ENe@jAe@aAQUyDq@WGaAOq@a@QSUe@KO^}@\cBNwBkAa@kBc@M?I@IDOTi@z@KRm@cBOV_@}@a@_A	Click to Generate
S2	30	1			3	Windy House Lane Pocket Park (S2)	UBU (S2)	Leaves (S2)	2424	1818	a~udIh_vGAk@I@EAGAECEEGGEKIWE]?Q@QF[JWHIJGHCP@LBDDDHDNHZ@N@NAJAL?BETt@v@~DjEELCFCBg@^AGGW??FV@Ff@_@BCBGDMNNzA|At@x@@?l@p@IJcAnAGF{@v@w@^k@^u@Ts@RYDYDg@HG??TBx@Bl@Fj@FX@HDRJ\`AzB`AtBJR@BLYRYBCDINUNY^q@BEzAqC`ByC|A}C^q@`AgB`AmBVo@Xw@L[d@y@@E@E?C@E?E?G?E?C?EAC?A?EAEAEAGCEAEEG[SmBkAGT]xAENa@jAq@|ASb@Q\_@r@q@z@pBvC??qBwCm@q@A?u@y@{A}AOO_EkEu@w@CFCFGJEDGDEBE@@j@	Click to Generate
S2	20	1			3	Leaves (S2)	Windy House Lane Pocket Park (S2)	UBU (S2)	1867	1400	qeudIhivGHQVo@Xw@L[d@y@@E@E?C@E?E?G?E?C?EAC?A?EAEAEAGCEAEEG[SmBkAGT]xAENa@jAq@|ASb@Q\_@r@q@z@pBvC??qBwCm@q@A?u@y@{A}AOOELCFCBg@^AGGW??FV@Ff@_@BCBGDMNNzA|At@x@@?l@p@IJcAnAGF{@v@w@^k@^u@Ts@RYDYDg@HG??TBx@Bl@Fj@FX@HDRJ\`AzB`AtBJR@BLYRYBCDINUNY^q@BEzAqC`ByC|A}C^q@`AgBv@{A	Click to Generate
S2	30	1			3	Leaves (S2)	Windy House Lane Pocket Park (S2)	UBU (S2)	2605	1954	idudIhgvG]l@Vo@Xw@L[d@y@@E@E?C@E?E?G?E?C?EAC?A?EAEAEAGCEAEEG[SmBkAGT]xAENa@jAq@|ASb@Q\_@r@q@z@pBvC??qBwCm@q@A?u@y@{A}AOOELCFCBg@^AGGW??FV@Ff@_@BCBGDMNNzA|At@x@@?l@p@IJcAnAGF{@v@w@^k@^u@Ts@RYDYDg@HG??TBx@Bl@Fj@FX@HDRJ\`AzB`AtBJR@BLYRYBCDINUNY^q@BEzAqC`ByC|A}C^q@`AgB`AmBVo@Xw@L[d@y@Ra@DIJUHOJSJQ`@_AN]FSTw@DOP_ABONYJg@DUDUBE@CBAB?B?D?D@DD^|@Tn@N\Rl@Jd@@HAd@ATCNENENGVGTEPKRi@F_@DODM@{@FWTO@]BK@GBC@IDGBIHEDEDABCBiAnB	Click to Generate
S2	20	1			3	Boots (S2)	Meersbrook Park Church (S2)	Alam Hill Books (S2)	1457	1093	kgtdIfl_Hd@^X\dAhANPJJEJCFILCHEJKh@ITGXIA??AAAAEICEAEUg@BqAD@T^CjAEJ@DHN@@@@??H@FYAQDq@BKBQJSNMJJPRPTRZ@BBDDHN^LZZ`A[k@KQIQOUOWWa@EGW[QQ[]{@iAMQg@s@[[IIGEGIOMKIGGOIKE]Q{@]BUXq@Vk@DKj@wAxAiDdC}FHLpAvBiC`GiA~C_@hAY~@K^NLFHFDHHZZFD	Click to Generate
S2	60	1			3	HSS Hire (S2)	Burton Roofing Merchants (S2)	Manor Park Medical Centre (S2)	7720	5790	cuxdIvdtGMJ_Bt@Ks@SaBn@wA`@gAZ_A\oADWFUTiA\sBp@yEx@kFHo@BMj@cEJg@xDfCtBjBpAjAPNDD\ZTVHFHDF@F?HEFEDCPCJ@VJXRXRPVJNDNHd@Fd@@P?PARAPIVGNIHGBG@MBI?WR[n@uAhFg@nBaEzNk@bCi@`Cy@zDy@tDO`BkAlGE`@?^?^D^D\Lf@Lv@?b@A`@EXETMVONUFU?UEUSqBaBwAsAyAaAKGYOCBOXm@`@cApAYf@[z@f@f@XRTPn@f@NLJEd@qBNJnAbADNk@fCILqAkAEO@g@KDOMi@a@EEUQYSg@g@Sr@Kd@c@`BMf@Ol@St@Of@_@fAS]Vu@Ni@CHK^Wt@R\^gANg@Ru@Nm@Lg@b@aBJe@Rs@Z{@Xg@bAqAF]Dc@Ca@CW@UFWFMDEHEJAFBD@HJDJDLVx@P`@N\n@x@vArApB`BTRTDT?TGNOLWDUDY@a@Mk@OWQKMCQDSNMXWbAa@bBm@dCg@zBm@fBi@dCWvByBfKU~@SdAa@dCcA|HW~ADRDJDFLCf@W`AcAp@s@hC_BNUFOPWZ}@j@_Bd@sA~@oCVs@d@sA^iAL[LUTa@\e@Z[VSXO^Ol@QXORMTS^]v@kANYrBkDp@kACMAM@M@GDIFEFA??HBDHx@gAZc@TSVMRGF?PAjABz@BDgBJ}AJ{@VyB^_DP}AV{BTeBPsAPcAl@kBHO??FMpAeCGyAYyFCi@GoAK{B[QGEIEOMy@g@s@i@q@o@aAgAa@a@QWW]EIOSw@gAIMIGECICW?GBG@MBI?]KQIIGq@k@GIEIEKCOEUA_@A_@C]I[KSKOGGoBiBeCuB}AeAo@a@o@_@k@bECLIn@y@jFq@xE]rBUhAtAlAf@b@j@l@U|@]z@e@|@s@v@g@`@	Click to Generate
S2	45	1			3	Premier, Steve's Convenience Shop (S2)	Meersbrook Park Church (S2)	Kingdom Hall of Jehovah's Witnesses (S2)	3752	2814	}lsdIta_HIlAtDc@^EJ@Hw@LeAn@uDBS?_@?W?gDAqADo@BYLm@HMLISkDE[CQeAoFOu@U?_Be@e@G{@@a@JsC~@yCz@BbCDbBmClGeAiB??dAhBkBfEgAdCiC`GiA~C_@hAY~@K^NLFHFDHHZZl@d@X\dAhANPJJPRPTRZ@BBDDHN^LZZ`A[k@KQIQOUOWWa@EGW[QQ[]{@iAMQg@s@[[IIGEGIOMKIGGOIKE]Q{@]BUXq@Vk@DKj@wAfC_GvAgDHLpAvBiC`GiA~C_@hAY~@K^NLFHFDHHZZl@d@X\dAhANPJJPRPTRZDHDHN^LZZ`AZ~@v@hCV|@DLFRBFJd@DJBJPj@BHLQjAiAb@e@z@}@RUDEbAaAvAcACy@E_AEuBCoD@mAFyALsBDIHmA	Click to Generate
S2	45	1			3	Boots (S2)	Another Level (S2)	The Hardy Pick (S2)	3184	2388	o`tdIvs_HBDDHN^LZZ`A[k@KQIQOUOWWa@EGW[ILCHEJKh@ITGXIA??AAAAEICEAEUg@BqAD@T^CjAEJ@DHN@@@@??H@FYAQDq@BKBQJS[]{@iAMQGRENAD?DAHAJAt@AP?R_AKECCC?C?CLaC@Y?G@IDUDQZZj@b@@@ELg@s@[[IIGEGIOMKIGGOIKEA\GnAKnCALCJEFYn@CD?DAD?B?D@D@DXj@fAzBLZFTDRF`@@^E@C@A?C@EBCDe@p@v@pBlAzCHPf@{@Se@GO_@}@JSV_@c@r@^|@FNRd@g@z@IQmA{Cw@qBEDCDCBGFIFEBSFOBa@DE?KJIFCBIFEACACCCAAGGQCIEMAGEKEOISQk@]u@oAeDg@kAeAgCi@oAMc@Y_ACMCICCEIEGEGGEa@UaAm@kBiAmAs@MIIIGGIIGMEIOc@EKAKCME]K}@Gc@Ks@ASEc@Ce@T@B?H?XAFAF?REZ?b@Av@A\?V?J@H@D@B@JDHDHHTRTTX\PTPTZd@`@n@f@t@f@t@HLFFDHLNDFBBVXLLFDXPNJNHPLTH\Pd@PHBFBZLz@\\PJDNHFFJHNLFHFDHHZZl@d@X\dAhANPJJPRPTRZ@B	Click to Generate
S2	45	1			3	74th Oak Street Scout Group (S2)	Cat Lane Bakery (S2)	Wobbly Wheel Cyclery (S2)	3135	2351	abtdItz|GDjAEV`@FZ`CFfCw@D@J@p@BrBDlCWBM@a@?mAMG?E?eE[c@k@}Aw@gAq@[Oq@][a@IOIUMSi@_@P_ABc@Bg@?_@AaA?G?M@I?E@G?C@GBMCEEGMQZg@JSBGBIHW@AH_@FQJa@@EDSJ_@Ng@V_ApCwIBITMHEFCBADAP?RBTFf@VD@@@DBjAr@VJ^FDPAVYnASjAEd@Eb@A\Ab@@\@p@D|@o@LmAPsBVI?i@OgAUu@Qq@QGPI^A@IVCHCFKR[f@LPDFBDF@D@PDPDz@RB?`AT@?TFPB`AVl@NzBf@n@NB?^HNDZ@@ZIj@Q~@Gt@EnAAjAH~A?^F?lAL`@?LAVCn@ED?F?v@GbAG?FJtGnBKKsG?GOqKCK@_@@WAIAIoGeAa@GDWEkA	Click to Generate
S2	20	1			3	Top Chopper (S2)	Broadfield Park (S2)	The Hardy Pick (S2)	1637	1228	qktdIts`H??SQ]Y]UOKEESOSQKIEd@?BDi@CCGGCEEIEIEGKUISCKGMEMCKCMIi@ESESEOGSc@w@GGC[BEHENIPI`@QDC\MJCFCHCDAD?R?@NBJ@F?R@R?JEh@A^Ab@?@EpA?HAHCHAHAFIVEJCHKVKUISCKGMEMCKCMIi@ESESEOGSc@w@GGC[BEHENIPI`@QDC\MJCFCHCDAD?R?P?F?PBD?`@ENCRGDCHGFGBCBEDEv@pBlAzCHPf@{@Se@GO_@}@JSV_@c@r@^|@FNRd@g@z@IQmA{Cw@qBEDCDCBGFIFEBSFOBa@DE?KJIFCBIF?R@R?JEh@A^Ad@EpA?`A?f@?L?P?JBVRPRNDDNJ\T\XRP??	Click to Generate
S2	30	1			3	Newfield Green Library (S2)	Gleadless Medical Centre (S2)	Pizza City (S2)	2701	2026	actdI~_zGbAwBBCTe@f@aAP]h@eAHKLKBCTAF@JFHLHRDX@\?Z@RA\?H?JI?MJ[h@CBQVY`@AL?F?BHRKLKLMJiB`BQNUTKNILSZOXCDGHADOZA@CFGHMRKPKRADHNZl@??[m@IOMVCFITEHCLKIGGEGGGQKMIm@YIAFu@HsA?IBe@@OEQMIK?a@NK@KEGKGOAS?C?WJo@@KPy@Py@H]@GLm@VqADSBKJw@@IAUCQIMICEAQHYTSRQRGDGFIBEA[EBc@J{AFeAF_A@[B[By@@WfATB_@C^gAUAVCx@Ev@G~@GdAKzACb@Gz@?FIfAGt@E`@Kz@EZEXG\Sz@Qv@Wx@Od@MXGNMXSd@EHGHMVHR@BBBHDJ?F?FC`B]r@On@OVGFAF?F?F?PD`@LH@l@XLHPJRAFAH?DCHCBGLW@EJSJQLSFIBG@AN[@EFIBENYR[HMJOTUPOhBaBLKJMJM`@k@BCPYf@s@AKAI?M?K?I@]AS?[A]EYISIMKGGAU@CBMJIJi@dAQ\g@`AUd@CBcAvB	Click to Generate
S2	30	1			3	Nether Edge Primary School (S2)	Broadfield Park (S2)	Virgin Crucible (S2)	2460	1845	qytdI~oaHHUJ]BKFWPw@Hc@TkANq@`@_CFc@d@uE^aEL_BFi@BM?EBG@EN]DFDHDHBDFFBBJHRPRNDDNJ\T\XRPQr@CFAFUhAAJ[zAERMj@AD?B?B?D@B@BJFr@d@FDFDl@wCBONu@XwAQWIKKMKKKKMKSQ]Y]UOKEESOSQKICCGGCEEIEIEGKUISCKGMEMCKCMIi@ESESEOGSc@w@GGC[BEHENIPI`@QDC\MJCFCHCDAD?R?@NBJ@F?R@R?JEh@A^Ab@?@EpA?HAHCHAHAFIVEJCHKVKUISCKGMEMCKCMIi@ESESEOGSc@w@GGC[BEHENIPI`@QDC\MJCFCHCDAD?R?P?F?PBD?`@ENCSkCCYCUCOIQIWM]Zk@[j@L\HVHPBNBTVdDOBa@DE?KJIFCBIF?R@R?JEh@A^Ad@EpA?HAHCHAHAFIVEJCHKVO\ADCF?DCLGh@M~A_@`Ee@tEGb@a@~BOp@UjAIb@Qv@GVCJK\IT	Click to Generate
S2	30	1			3	Broadfield Park (S2)	The Hardy Pick (S2)	Virgin Crucible (S2)	2195	1646	_mtdIbx`HAJ[zAERMj@AD?B?B?D@B@BJFr@d@FDFDl@wCBONu@XwAQWIKKMKKKKMKSQ]Y]UOKEESOSQKICCGGCEEIEIEGKUISCKGMEMCKCMIi@ESESEOGSc@w@GGC[BEHENIPI`@QDC\MJCFCHCDAD?R?@NBJ@F?R@R?JEh@A^Ab@?@EpA?HAHCHAHAFIVEJCHKVKUISCKGMEMCKCMIi@ESESEOGSc@w@GGC[BEHENIPI`@QDC\MJCFCHCDAD?R?P?F?PBD?`@ENCRGDCHGFGBCBEDEv@pBlAzCHPf@{@Se@GO_@}@JSV_@c@r@^|@FNRd@g@z@IQmA{Cw@qBEDCDCBGFIFEBSFSkCCYCUCOIQIWM]Zk@[j@L\HVHPBNBTVdDOBa@DE?KJIFCBIF?R@R?JEh@A^Ad@EpA?`A?f@?L?P?JBVRPRNDDNJ\T\XRPQr@CFAFUhA	Click to Generate
S2	45	1			3	Newfield Green Dental Surgery (S2)	Daily News & Cards (S2)	Pizza City (S2)	3141	2356	_etdIfgzGFJJRCDGHADOZA@CFGHMRKPKRADMVCFITEHCLKIGGEGGGQKMIm@YIAFu@HsA?Ic@Gb@F?HIrAGt@H@l@XLHPJRAD?@AH?DCHCBGLW@EJSJQLSFIBG@AN[@EFIBENYR[HMJOTUPOhBaBLKJMJM`@k@BCPYf@s@AKAI?M?K?I@]AS?[A]EYISIMKGGAU@CBMJIJi@dAQ\g@`AUd@CBIN{@fBdAwBBCTe@f@aAP]h@eAHKLKBCTAF@JFHLHRDX@\?Z@RA\?H?J?L@H@Jg@r@QXCBa@j@KLKLMJiB`BQNUTKNILSZOXCDGHADOZA@CFGHMRKPKRADMVCFITEHCLKIGGEGGGQKMIm@YIAFu@HsA?IBe@@OEQMIK?a@NK@KEGKGOAS?C?WJo@@KPy@Py@H]@GLm@VqADSBKJw@@IAUCQIMICEAQHYTSRQRGDGFIBEA[EBc@J{AFeAF_A@[B[By@@WfATB_@C^gAUAVCx@Ev@G~@GdAKzACb@Gz@?FIfAGt@E`@Kz@EZEXG\Sz@Qv@Wx@Od@MXGNMXSd@EHGHMVHR@BBBHDJ?F?FC`B]r@On@OVGFAF?F?F?PD`@LH@l@XLHPJRAFAH?DCHCBGLW@EJSJQLSFIBG@AN[@EFIBEKSGK	Click to Generate
S2	30	1			3	Newfield Green Clinic (S2)	Daily News & Cards (S2)	Pizza City (S2)	2668	2001	mhtdIvmzG@AH?DCHCBGLW@EJSJQLSFIBG@AN[@EFIBEKSGK??FJJRNYR[HMJOTUPOhBaBLKJMJM`@k@BCPYf@s@AKAI?M?K?I@]AS?[A]EYISIMKGGAU@CBMJIJi@dAQ\g@`AUd@CBIN{@fBdAwBBCTe@f@aAP]h@eAHKLKBCTAF@JFHLHRDX@\?Z@RA\?H?J?L@H@Jg@r@QXCBa@j@KLKLMJiB`BQNUTKNILSZOXCDGHADOZA@CFGHMRKPKRADMVCFITEHCLKIGGEGGGQKMIm@YIAFu@HsA?IBe@@OEQMIK?a@NK@KEGKGOAS?C?WJo@@KPy@Py@H]@GLm@VqADSBKJw@@IAUCQIMICEAQHYTSRQRGDGFIBEA[EBc@J{AFeAF_A@[B[By@@WfATB_@C^gAUAVCx@Ev@G~@GdAKzACb@Gz@?FIfAGt@E`@Kz@EZEXG\Sz@Qv@Wx@Od@MXGNMXSd@EHGHMVHR@BBBHDJ?F?FC`B]r@On@OVGFAF?F?F?PD`@LH@l@XLHPJRAD?	Click to Generate
S2	30	1			3	One Stop Mini Market (S2)	Gleadless Medical Centre (S2)	Pizza City (S2)	2703	2027	g|sdIr}yGPWBCZi@LKH??K?I@]AS?[A]EYISIMKGGAU@CBMJIJi@dAQ\g@`AUd@CB}@jBGJdAwBBCTe@f@aAP]h@eAHKLKBCTAF@JFHLHRDX@\?Z@RA\?H?J?L@H@Jg@r@QXCBa@j@KLKLMJiB`BQNUTKNILSZOXCDGHADOZA@CFGHMRKPKRADHNZl@??[m@IOMVCFITEHCLKIGGEGGGQKMIm@YIAFu@HsA?IBe@@OEQMIK?a@NK@KEGKGOAS?C?WJo@@KPy@Py@H]@GLm@VqADSBKJw@@IAUCQIMICEAQHYTSRQRGDGFIBEA[EBc@J{AFeAF_A@[B[By@@WfATB_@C^gAUAVCx@Ev@G~@GdAKzACb@Gz@?FIfAGt@E`@Kz@EZEXG\Sz@Qv@Wx@Od@MXGNMXSd@EHGHMVHR@BBBHDJ?F?FC`B]r@On@OVGFAF?F?F?PD`@LH@l@XLHPJRAFAH?DCHCBGLW@EJSJQLSFIBG@AN[@EFIBENYR[HMJOTUPOhBaBLKJMJMIS?C?G@MXa@	Click to Generate
S2	45	1			3	Gleadless Medical Centre (S2)	Pizza City (S2)	Arbourthorne Community Primary School (S2)	3252	2439	satdIn}yGTg@BCTe@f@aAP]h@eAHKLKBCTAF@JFHLHRDX@\?Z@RA\?H?J?L@H@Jg@r@QXCBa@j@KLKLMJiB`BQNUTKNILSZOXCDGHADOZA@CFGHMRKPKRADHNZl@??[m@IOMVCFITEHCLKIGGEGGGQKMIm@YIAFu@HsA?IBe@@OEQMIK?a@NK@KEGKGOAS?C?WJo@@KPy@Py@H]@GLm@VqADSBKJw@@IAUCQIMICEAQHYTSRQRGDGFIBEA[EBc@J{AFeAF_A@[B[By@@WBw@@m@Bo@@i@@g@@e@?G?M?O@c@G@MFa@Po@\aAj@a@VSLYPiBpAg@\e@\}@r@y@n@EBPbBJ|@D^Lr@Lp@BLFXDJJKHGFADDDJBFFFBAtAy@??uAx@C@GGCGEKEEG@IFKJFRJ\BDFNLZNRPZZ^LJJHRRNJh@b@h@\j@\TL^RSz@Qv@Wx@Od@MXGNMXSd@EHGHMVHR@BBBHDJ?F?FC`B]r@On@OVGFAF?F?F?PD`@LH@l@XLHPJRAFAH?DCHCBGLW@EJSJQLSFIBG@AN[@EFIBENYR[HMJOTUPOhBaBLKJMJM`@k@BCPYf@s@AKAI?M?K?I@]AS?[A]EYISIMKGGAU@CBMJIJi@dAQ\g@`AUd@CBUf@	Click to Generate
S2	60	1			3	Meersbrook Service Station (S2)	74th Oak Street Scout Group (S2)	Gleadless Medical Centre (S2)	4311	3233	{jtdIt_|GNENSRa@Xu@b@gBBYCYM[U`@MZc@pAKXKPA@OFI@G?IAKAIp@Gf@CLGb@CRENI\IZK\CHqCvIW~@Of@K^ERADK`@GPI^A@IVCHCFKR[f@LPDFBDF@D@PDPDz@RB?`AT@?TFPB`AVl@NzBf@n@NB?^HNDZ@PGNQh@s@Tg@DWEkAAOHmBN}@RyAFUJ]hB\~Bb@rBjFQDqDo@qEw@IlBFzAEV`@FZ`CFfCw@D@J@p@BrBDlCWBM@a@?mAMG?E?eE[c@k@}Aw@gAq@[Oq@][a@IOIUMSi@_@P_ABc@Bg@?_@AaA?G?M@I?E@G?C@GBMCEEGMQZg@JSBGBIHW@AH_@FQJa@@EDSJ_@Ng@V_ApCwIBIJ]H[H]DOBSFc@BMFg@Hq@J}@LkAT{ANeABOVsBBYHuAFoAHsAHoADs@Dq@@_@?S?S?a@@c@Ae@?]ASAS?AC_@Em@GeACS?I?CAO?I@M?K@O@O@KDSDSBMDIHUBGLWHNZl@??[m@IOMVCFITEHCLERERAJANAN?JAL?H@N?B?HBRFdADl@B^?@@R@R?\@d@Ab@?`@?R?RA^Ep@Er@InAIrAGnAItACXWrBCNOdAUzAMjAK|@J@H@F?HANG@AJQJYb@qAL[Ta@LZBXCXc@fBYt@S`@OROD	Click to Generate
S2	30	1			3	Temple Park Centre (S2)	Castle View Park (S2)	Manor Park Medical Centre (S2)	2445	1834	ifwdIxluGMVBl@Wf@]p@_AlBw@~@s@b@q@Jq@@g@E{@CkACQ@ARGV?p@?I?g@FW@SG?SFWLUR[b@y@fADJ@L?FCLEJrAjCr@`Bl@bBJSh@{@NUHEHAL?jBb@jA`@zBp@^Lp@T|Ah@l@^Zb@Pb@BH@DHd@Dr@A`AKv@ENe@jAe@aAQUyDq@WGaAOq@a@QSUe@KO^}@\cBNwBkAa@kBc@M?I@IDOTi@z@KRm@cBs@aBsAkCEDK@GCGICMAM@M@GDIFEFA??HBDHx@gAZc@TSVMRGF?PAjABz@Bf@Dp@Ap@Kr@c@v@_A~@mB\q@Vg@Cm@LW	Click to Generate
S2	20	1			3	Gin Bar (S2)	Broadfield Park (S2)	The Hardy Pick (S2)	1704	1278	altdIfs`HCC]Y]UOKEESOSQKICCGGCEEIEIEGKUISCKGMEMCKCMIi@ESESEOGSc@w@GGGGGIQYGPEFMVDL@@BH?F?vC?V?zB?|@A\AZCn@\J@?B@@B@@@B@BBD?B@D?FHlA?B?B@D?B@@@B@B@@@@BB@?B@VH^aEL_BFi@@C@I?EBG@EN]JWBIDKHW@G@IBI@I?IDqA?A@c@@_@Eg@ASAMASCQGQR?P?F?PBD?`@ENCRGDCHGFGBCBEDEv@pBlAzCHPf@{@Se@GO_@}@JSV_@c@r@^|@FNRd@g@z@IQmA{Cw@qBEDCDCBGFIFEBSFOBa@DE?KJIFCBIF?R@R?JEh@A^Ad@EpA?`A?f@?L?P?JBVRPRNDDNJ\T\XBB	Click to Generate
S2	15	1			3	International Automatic Cars (S2)	Boots (S2)	Meersbrook Park Church (S2)	1437	1078	oftdI`m_HHDELg@s@[[IIGEGIOMKIGGOIKE]Q{@]BUXq@Vk@DKPXVd@H@t@aBu@`BIACES_@QYEJWj@Yp@CTz@\\PJDNHFFJHNLFHFDHHZZl@d@X\dAhANPJJEJCFILCHEJKh@ITGXIA??AAAAEICEAEUg@BqAD@T^CjAEJ@DHN@@@@??H@FYAQDq@BKBQJSNMJJPRPTRZ@BBDDHN^LZZ`A[k@KQIQOUOWWa@EGW[QQ[]{@iAMQGRENAD?DAHAJAt@AP?R_AKECCC?C?CLaC@Y?G@IDUDQZZb@^	Click to Generate
S2	30	1			3	Newfield Green Library (S2)	Gleadless Medical Centre (S2)	Pizza City (S2)	2691	2018	{btdIr_zG|@kBBCTe@f@aAP]h@eAHKLKBCTAF@JFHLHRDX@\?Z@RA\?H?JI?MJ[h@CBQVY`@AL?F?BHRKLKLMJiB`BQNUTKNILSZOXCDGHADOZA@CFGHMRKPKRADHNZl@??[m@IOMVCFITEHCLKIGGEGGGQKMIm@YIAFu@HsA?IBe@@OEQMIK?a@NK@KEGKGOAS?C?WJo@@KPy@Py@H]@GLm@VqADSBKJw@@IAUCQIMICEAQHYTSRQRGDGFIBEA[EBc@J{AFeAF_A@[B[By@@WfATB_@C^gAUAVCx@Ev@G~@GdAKzACb@Gz@?FIfAGt@E`@Kz@EZEXG\Sz@Qv@Wx@Od@MXGNMXSd@EHGHMVHR@BBBHDJ?F?FC`B]r@On@OVGFAF?F?F?PD`@LH@l@XLHPJRAFAH?DCHCBGLW@EJSJQLSFIBG@AN[@EFIBENYR[HMJOTUPOhBaBLKJMJM`@k@BCPYf@s@AKAI?M?K?I@]AS?[A]EYISIMKGGAU@CBMJIJi@dAQ\g@`AUd@CB}@jB	Click to Generate
S2	60	1			3	The Cholera Monument (S2)	Path up to the Cholera Monument, Sheffield (S2)	Sheffield Inclusion Centre (S2)	5968	4476	oexdIn}{GkAmBwA`DFLHJf@f@RPz@x@tAtABB~@~@DBb@b@FK@CDEDCFA|B_@@ABA@C@C@C?C@GCa@c@F??b@GB`@AF?BABABABC@A@u@LgAPG@EBEDABGJc@c@EC_A_ACCuAuA{@y@SQg@g@IKGMCECICImAqEWcAW}@Su@EQCKEKQu@y@}CMi@Kc@HIHKNO`AeANS`AeANSDEFE`@e@dCgDLSXe@JSP_@h@yAzAqEJWhHaTBKBITo@b@sAf@sAL]P]b@}@`@u@d@s@DGFINOTUZ]fBeBRS^]BADEFG~BuBrFgFDEFEzCuCv@u@|@_ARQDEDEx@u@^]nAqA\m@~@cBf@aA^m@`@u@h@_AFMDIP[HMDIDKDEb@w@HKd@{@jBkDj@cABFBFj@lAVj@d@`ATf@Tf@@Bl@rAb@~@FL`@~@b@hARl@?BN`@UTu@t@qBjBw@v@eAbAcA~@I[Ke@GUw@_DCGIUOEIAGA?S?O?KCQKc@e@{AIUCGMc@KKGGIGCCEAK?i@~@a@t@_@l@g@`A_AbB]l@oApA_@\y@t@EDEDSP}@~@w@t@{CtCGDEDsFfF_CtBGFEDC@_@\SRgBdB[\UTAj@?JGnCE|BEtBKtFKxFAPCfAAx@An@Aj@U@C@A@CDgElMiBjEKVYn@ABm@vAmCjGCDuA|CuAdDGLjAlB	Click to Generate
S2	60	1			3	Sheffield Cholera Monument (S2)	Substantial Victorian houses in Norfolk Road (S2)	Sheffield Inclusion Centre (S2)	5721	4291	_}wdIdh|Gt@M@ABA@C@C@C?C@GCa@c@F??b@GB`@AF?BABABABC@A@}B^G@EBEDABGJc@c@EC_A_ACCuAuA{@y@SQg@g@IKGMvAaDFMn@}Ad@gAtA}CBElCkGl@wA@CXo@JWhBkEfEmMBE@ABATA@k@@o@@y@BgA@QJyFJuFDuBD}BFoC?K@k@TUZ]fBeBRS^]BADEFG~BuBrFgFDEFEzCuCv@u@|@_ARQDEDEx@u@^]nAqA\m@~@cBf@aA^m@`@u@h@_AFMDIP[HMDIDKDEb@w@HKd@{@jBkDj@cABFBFj@lAVj@d@`ATf@Tf@@Bl@rAb@~@FL`@~@b@hARl@?BN`@UTu@t@qBjBw@v@eAbAcA~@I[Ke@GUw@_DCGIUOEIAGA?S?O?KCQKc@e@{AIUCGMc@KKGGIGCCEAK?i@~@a@t@_@l@g@`A_AbB]l@oApA_@\y@t@EDEDSP}@~@w@t@{CtCGDEDsFfF_CtBGFEDC@_@\SRgBdB[\UTAj@?JGnCE|BEtBKtFKxFAPCfAAx@An@Aj@U@C@A@CDgElMiBjEKVYn@ABm@vAmCjGCDuA|CuAdDGLwA`DFLHJf@f@RPz@x@tAtABB~@~@DBb@b@FK@CDEDCFAfAQ	Click to Generate
S2	45	1			3	Arbourthorne Community Primary School (S2)	Daily News & Cards (S2)	Newfield Green Clinic (S2)	3319	2489	mltdIdiyGC^gAUAVCx@Ev@G~@GdAKzACb@Gz@?FIfAGt@E`@Kz@EZEXG\_@SUMk@]i@]i@c@OKSSKIMK[_@Q[OSM[GOCEK]GSJKHGFADDDJBFFFBAtAy@??uAx@C@GGCGEKEEG@IFKJFRJ\BDFNLZNRPZZ^LJJHRRNJh@b@h@\j@\TL^RSz@Qv@Wx@Od@MXGNMXSd@EHGHMVHR@BBBHDJ?F?FC`B]r@On@OVGFAF?F?F?PD`@LH@l@XLHPJRAFAH?DCHCBGLW@EJSJQLSFIBG@AN[@EFIBENYR[HMJOTUPOhBaBLKJMJM`@k@BCPYf@s@AKAI?M?K?I@]AS?[A]EYISIMKGGAU@CBMJIJi@dAQ\g@`AUd@CBIN{@fBdAwBBCTe@f@aAP]h@eAHKLKBCTAF@JFHLHRDX@\?Z@RA\?H?J?L@H@Jg@r@QXCBa@j@KLKLMJiB`BQNUTKNILSZOXKSGK??FJJRCDGHADOZA@CFGHMRKPKRADMVCFITEHCLKIGGEGGGQKMIm@YIAFu@HsA?IBe@@OEQMIK?a@NK@KEGKGOAS?C?WJo@@KPy@Py@H]@GLm@VqADSBKJw@@IAUCQIMICEAQHYTSRQRGDGFIBEA[EBc@J{AFeAF_ADw@By@@WfATB_@	Click to Generate
S2	60	1			3	Burton Roofing Merchants (S2)	Makro (S2)	Manor Park Medical Centre (S2)	5448	4086	s_ydIx_vGj@qCo@g@UQYSg@g@Sr@Kd@c@`BMf@Ol@St@Of@_@fAS]Vu@Ni@CHK^Wt@R\a@z@u@`BUf@INmAfBOTkAvAUg@O[CISc@Sa@Sa@Q_@??m@bAu@tAVZNPDFV\TXX\RVELGJy@fB]`AK\g@dBSz@UhACPQjAKx@QvAIt@Kr@CNe@xBr@vAP\r@xABFl@hAd@|@@BDJFHFHJJn@f@JF\R~Az@@?B@F@@A@?B?@?BADELUR]v@sBv@wBf@uAb@cBXu@LSJQFIp@i@d@WTMLCf@W`AcAp@s@hC_BNUFOPWZ}@j@_Bd@sA~@oCVs@d@sA^iAL[LUTa@\e@Z[VSXO^Ol@QXORMTS^]v@kANYrBkDp@kACMAM@M@GDIFEFA??HBDHx@gAZc@TSVMRGF?PAjABz@BDgBJ}AJ{@VyB^_DP}AV{BTeBPsAPcAl@kBHO??FMpAeCGyAYyFCi@GoAK{B[QGEIEOMy@g@s@i@q@o@aAgAa@a@QWW]EIOSw@gAIMIGECICW?GBG@MBI?WR[n@uAhFg@nBaEzNk@bCi@`Cy@zDy@tDO`BkAlGE`@?^?^D^D\Lf@Lv@?b@A`@EXETMVONUFU?UEUSqBaBwAsAyAaAKGYOCBOXm@`@cApAYf@[z@f@f@XRTPn@f@k@pC	Click to Generate
S2	60	1			3	Burton Roofing Merchants (S2)	Makro (S2)	Manor Park Medical Centre (S2)	5413	4060	g}xdIf}uGEO@g@KDOMo@g@UQYSg@g@Sr@Kd@c@`BMf@Ol@St@Of@_@fAS]Vu@Ni@CHK^Wt@R\a@z@u@`BUf@INmAfBOTkAvAUg@O[CISc@Sa@Sa@Q_@??m@bAu@tAVZNPDFV\TXX\RVELGJy@fB]`AK\g@dBSz@UhACPQjAKx@QvAIt@Kr@CNe@xBr@vAP\r@xABFl@hAd@|@@BDJFHFHJJn@f@JF\R~Az@@?B@F@@A@?B?@?BADELUR]v@sBv@wBf@uAb@cBXu@LSJQFIp@i@d@WTMLCf@W`AcAp@s@hC_BNUFOPWZ}@j@_Bd@sA~@oCVs@d@sA^iAL[LUTa@\e@Z[VSXO^Ol@QXORMTS^]v@kANYrBkDp@kACMAM@M@GDIFEFA??HBDHx@gAZc@TSVMRGF?PAjABz@BDgBJ}AJ{@VyB^_DP}AV{BTeBPsAPcAl@kBHO??FMpAeCGyAYyFCi@GoAK{B[QGEIEOMy@g@s@i@q@o@aAgAa@a@QWW]EIOSw@gAIMIGECICW?GBG@MBI?WR[n@uAhFg@nBaEzNk@bCi@`Cy@zDy@tDO`BkAlGE`@?^?^D^D\Lf@Lv@?b@A`@EXETMVONUFU?UEUSqBaBwAsAyAaAKGYOCBOXm@`@cApAYf@[z@f@f@XRTPn@f@NLJEAf@DN	Click to Generate
S2	60	1			3	Burton Roofing Merchants (S2)	Makro (S2)	Manor Park Medical Centre (S2)	5440	4080	s|xdIz}uGSSEO@g@KDOMo@g@UQYSg@g@Sr@Kd@c@`BMf@Ol@St@Of@_@fAS]Vu@Ni@CHK^Wt@R\a@z@u@`BUf@INmAfBOTkAvAUg@O[CISc@Sa@Sa@Q_@??m@bAu@tAVZNPDFV\TXX\RVELGJy@fB]`AK\g@dBSz@UhACPQjAKx@QvAIt@Kr@CNe@xBr@vAP\r@xABFl@hAd@|@@BDJFHFHJJn@f@JF\R~Az@@?B@F@@A@?B?@?BADELUR]v@sBv@wBf@uAb@cBXu@LSJQFIp@i@d@WTMLCf@W`AcAp@s@hC_BNUFOPWZ}@j@_Bd@sA~@oCVs@d@sA^iAL[LUTa@\e@Z[VSXO^Ol@QXORMTS^]v@kANYrBkDp@kACMAM@M@GDIFEFA??HBDHx@gAZc@TSVMRGF?PAjABz@BDgBJ}AJ{@VyB^_DP}AV{BTeBPsAPcAl@kBHO??FMpAeCGyAYyFCi@GoAK{B[QGEIEOMy@g@s@i@q@o@aAgAa@a@QWW]EIOSw@gAIMIGECICW?GBG@MBI?WR[n@uAhFg@nBaEzNk@bCi@`Cy@zDy@tDO`BkAlGE`@?^?^D^D\Lf@Lv@?b@A`@EXETMVONUFU?UEUSqBaBwAsAyAaAKGYOCBOXm@`@cApAYf@[z@f@f@XRTPn@f@NLJEAf@DNRR	Click to Generate
S2	45	1			3	Arbourthorne Community Primary School (S2)	Momma Katz (S2)	Newfield Green Library (S2)	3117	2338	cotdI|lyGAZG~@GdAKzACb@Gz@?FIfAGt@E`@Kz@EZEXG\_@SUMk@]i@]i@c@OKSSKIMK[_@Q[OSM[GOCEK]GSJKHGFADDDJBFFFBAtAy@??uAx@C@GGCGEKEEG@IFKJFRJ\BDFNLZNRPZZ^LJJHRRNJh@b@h@\j@\TL^RSz@Qv@Wx@Od@MXGNMXSd@EHGHMVHR@BBBHDJ?F?FC`B]r@On@OVGFAF?F?F?PD`@LH@l@XLHPJRAFAH?DCHCBGLW@EJSJQLSFIBG@AN[@EFIBENYR[HMJOTUPOhBaBLKJMJM`@k@BCPYf@s@AKAI?M?K?I@]AS?[A]EYISIMKGGAU@CBMJIJi@dAQ\g@`AUd@CBcAvBA?dAwBBCTe@f@aAP]h@eAHKLKBCTAF@JFHLHRDX@\?Z@RA\?H?JI?MJ[h@CBQVY`@AL?F?BHRKLKLMJiB`BQNUTKNILSZOXCDGHADOZA@CFGHMRKPKRADMVCFITEHCLKIGGEGGGQKMIm@YIAFu@HsA?IBe@@OEQMIK?a@NK@KEGKGOAS?C?WJo@@KPy@Py@H]@GLm@VqADSBKJw@@IAUCQIMICEAQHYTSRQRGDGFIBEA[EBc@J{AFeAF_A@[	Click to Generate
S2	20	1			3	East Bank Medical Centre (S2)	The Spires Centre (S2)	Springs Leisure Centre (S2)	1882	1412	k{tdIvxwGAFAXDVJTLFH@@`@B^BbAFrALCH?ZGNCb@Er@I`@G?YEqAC_@mANlAOHpB?XDAl@Ir@KI}@Gy@Em@AICe@C_@Ca@Cg@Ag@Ci@A]?_@AS?KAU?y@?q@?_A?e@@]@e@Bg@BW@]Dm@FaABi@Bc@D}@Bu@D}A@}@?G?Y?]?K?_@?]AQASCYF?FDP\N^WNQH?^?J?\?X?FA|@E|ACt@E|@Cb@Ch@G`AEl@A\CVCf@Ad@A\?d@?~@?N?`@?x@@T?J@R?^p@IJC~@Sx@ODE?G??Cu@UBe@nA_ARKBq@H@\Bh@@f@Bf@yARoBXOBQ@EWEQKKWCGDIHELCJ	Click to Generate
S2	45	1			3	Mandala (S2)	Heeley Sidings (S2)	The Hardy Pick (S2)	3228	2421	wgtdInn_H_@QGC@Y?G@IDUDQIIGEGIOMKIGGOIKEA\GnALBMCFoA@]HB@@NHFFJHNLFHFDHHZZl@d@X\dAhANPJJEJCFILCHEJKh@ITGXD\@B@@BFn@pARa@R]u@}AMV@R@Dj@hAS`@o@qAEIACE]FYAQDq@BKBQJS[]{@iAMQg@s@[[IIGEGIOMKIGGOIKEA\GnAKnCALCJEFYn@CD?DAD?B?D@D@DXj@fAzBLZFTDRF`@@^E@C@A?C@EBCDe@p@v@pBlAzCHPf@{@Se@GO_@}@JSV_@c@r@^|@FNRd@g@z@IQmA{Cw@qBEDCDCBGFIFEBSFOBa@DE?KJIFCBIFEACACCCAAGGQCIEMAGEKEOISQk@]u@oAeDg@kAeAgCi@oAMc@Y_ACMCICCEIEGEGGEa@UaAm@kBiAmAs@MIIIGGIIGMEIOc@EKAKCME]K}@Gc@Ks@ASEc@Ce@T@B?H?XAFAF?REZ?b@Av@A\?V?J@H@D@B@JDHDHHTRTTX\PTPTZd@`@n@f@t@f@t@HLFFDHLNDFBBVXLLFDXPNJNHPLTH\Pd@PHBFBZLz@\\PJDNHFFJHNLFHFDHHZZl@d@ELGRENADECUK	Click to Generate
S2	45	1			3	I Said Bread (S2)	Kingdom Hall of Jehovah's Witnesses (S2)	Meersbrook Park (S2)	3496	2622	q}sdIxi~GdAhBlCmGEcBmBHMaHKuG?G{BNG?E?o@DWBJlIDDt@ARAHlDHbFDZuCzG]z@wAfDgC~Fk@vAEJWj@Yp@CTz@\\PJDNHFFJHNLFHFDHHZZl@d@X\dAhANPJJPRPTRZDHDHN^LZZ`AZ~@v@hCV|@DLFRBFJd@DJBJPj@BHLQjAiAb@e@z@}@RUDEbAaAvAcACy@E_AEuBCoD@mAFyALsBDIHmA??IlAtDc@^EJ@Hw@LeAn@uDBS?_@?W?gDAqADo@BYLm@HMLISkDE[CQeAoFOu@U?_Be@e@G{@@a@JsC~@yCz@BbCDbBmClGeAiB	Click to Generate
S2	20	1			3	Boots (S2)	Alam Hill Books (S2)	Meersbrook Park Church (S2)	1691	1268	uhtdI`k_HDBZZl@d@X\dAhANPJJEJCFILCHEJKh@ITGXIA??AAAAEICEAEUg@BqAD@T^CjAEJ@DHN@@@@??H@FYAQDq@BKBQJS[]{@iAMQg@s@[[IIGEGIOMKIGGOIKE]Q{@]BUXq@Vk@DKj@wAxAiDdC}FHLpAvBiC`GiA~C_@hAY~@K^NLFHFDHHZZl@d@X\dAhANPJJPRPTRZ@BBDDHN^LZZ`A[k@KQIQOUOWWa@EGW[QQ[]{@iAMQg@s@[[EC	Click to Generate
S2	20	1			3	Boots (S2)	Alam Hill Books (S2)	Meersbrook Park Church (S2)	1682	1262	mhtdIfk_HXXl@d@X\dAhANPJJEJCFILCHEJKh@ITGXIA??AAAAEICEAEUg@BqAD@T^CjAEJ@DHN@@@@??H@FYAQDq@BKBQJS[]{@iAMQg@s@[[IIGEGIOMKIGGOIKE]Q{@]BUXq@Vk@DKj@wAxAiDdC}FHLpAvBiC`GiA~C_@hAY~@K^NLFHFDHHZZl@d@X\dAhANPJJPRPTRZ@BBDDHN^LZZ`A[k@KQIQOUOWWa@EGW[QQ[]{@iAMQg@s@YY	Click to Generate
S2	30	1			3	Nether Edge Primary School (S2)	Broadfield Park (S2)	Virgin Crucible (S2)	2329	1747	wwtdItjaHBITkANq@`@_CFc@d@uE^aEL_BFi@BM?EBG@EN]DFDHDHBDFFBBJHRPRNDDNJ\T\XRPQr@CFAFUhAAJ[zAERMj@AD?B?B?D@B@BJFr@d@FDFDl@wCBONu@XwAQWIKKMKKKKMKSQ]Y]UOKEESOSQKICCGGCEEIEIEGKUISCKGMEMCKCMIi@ESESEOGSc@w@GGC[BEHENIPI`@QDC\MJCFCHCDAD?R?@NBJ@F?R@R?JEh@A^Ab@?@EpA?HAHCHAHAFIVEJCHKVKUISCKGMEMCKCMIi@ESESEOGSc@w@GGC[BEHENIPI`@QDC\MJCFCHCDAD?R?P?F?PBD?`@ENCSkCCYCUCOIQIWM]Zk@[j@L\HVHPBNBTVdDOBa@DE?KJIFCBIF?R@R?JEh@A^Ad@EpA?HAHCHAHAFIVEJCHKVO\ADCF?DCLGh@M~A_@`Ee@tEGb@a@~BOp@UjACH	Click to Generate
S2	60	1			3	Woodbourn Road Stadium (S2)	Makro (S2)	Highfield Motors (S2)	4510	3382	efzdIt|vGBE~@iAPe@Bo@yFcGs@cAe@_@m@_@OGq@s@aAeAIGMGM\]bAMp@G\ADQlAd@ZLLAV?\FRN@??VIWHOAGS?]@WMMe@[PmA@EF]Lq@OMUQY[_@pAQt@Gb@a@~BIf@m@bDId@Kb@EPGPABAVAHCLJLFFDFZRZPpEhCxBlAJF@@lAn@d@VJDDBl@\^RbAj@b@V^Rl@\j@Vp@^NHt@d@BBNPPXT`@d@yBBOJs@Hu@PwAJy@PkABQTiAR{@f@eBJ]\aAx@gBFKDMSWY]UYW]EGOQW[t@uAl@cA??P^R`@R`@Rb@BHNZTf@[f@u@~@ELGJy@fB]`AK\g@dBSz@UhACPQjAKx@QvAIt@Kr@CNe@xBUa@QYOQCCu@e@OIq@_@k@Wm@]_@Sc@WcAk@_@Sm@]ECKEe@WmAo@AAKGyBmAqEiC[QOAM?KAKAQAM@SFURa@`@IHa@d@q@p@S\EDWVDNb@nBBHHd@XtAKXEGCEWZEMIQ??CFEJGKCGOWhAeAIe@CIc@oBEOK[BIBCPENEREp@q@`@e@HI`@a@TSHSNQJIDCF?JLFFDFZRZPpEhCxBlAJF@@lAn@d@VDI@GBC@I@I@I?K@q@@MBQDGFGLCj@DJANI`@aBX{@Vc@	Click to Generate
S2	45	1			3	Gleadless Medical Centre (S2)	Pizza City (S2)	Arbourthorne Community Primary School (S2)	3304	2478	ubtdIf_zGv@_BBCTe@f@aAP]h@eAHKLKBCTAF@JFHLHRDX@\?Z@RA\?H?J?L@H@Jg@r@QXCBa@j@KLKLMJiB`BQNUTKNILSZOXCDGHADOZA@CFGHMRKPKRADHNZl@??[m@IOMVCFITEHCLKIGGEGGGQKMIm@YIAFu@HsA?IBe@@OEQMIK?a@NK@KEGKGOAS?C?WJo@@KPy@Py@H]@GLm@VqADSBKJw@@IAUCQIMICEAQHYTSRQRGDGFIBEA[EBc@J{AFeAF_A@[B[By@@WBw@@m@Bo@@i@@g@@e@?G?M?O@c@G@MFa@Po@\aAj@a@VSLYPiBpAg@\e@\}@r@y@n@EBPbBJ|@D^Lr@Lp@BLFXDJJKHGFADDDJBFFFBAtAy@??uAx@C@GGCGEKEEG@IFKJFRJ\BDFNLZNRPZZ^LJJHRRNJh@b@h@\j@\TL^RSz@Qv@Wx@Od@MXGNMXSd@EHGHMVHR@BBBHDJ?F?FC`B]r@On@OVGFAF?F?F?PD`@LH@l@XLHPJRAFAH?DCHCBGLW@EJSJQLSFIBG@AN[@EFIBENYR[HMJOTUPOhBaBLKJMJM`@k@BCPYf@s@AKAI?M?K?I@]AS?[A]EYISIMKGGAU@CBMJIJi@dAQ\g@`AUd@CBw@~A	Click to Generate
S2	60	1			3	Path up to the Cholera Monument, Sheffield (S2)	Substantial Victorian houses in Norfolk Road (S2)	Sheffield Inclusion Centre (S2)	5721	4291	c|wdI`f|Gb@GB`@AF?BABABABC@A@u@LgAPG@EBEDABGJc@c@EC_A_ACCuAuA{@y@SQg@g@IKGMvAaDFMn@}Ad@gAtA}CBElCkGl@wA@CXo@JWhBkEfEmMBE@ABATA@k@@o@@y@BgA@QJyFJuFDuBD}BFoC?K@k@TUZ]fBeBRS^]BADEFG~BuBrFgFDEFEzCuCv@u@|@_ARQDEDEx@u@^]nAqA\m@~@cBf@aA^m@`@u@h@_AFMDIP[HMDIDKDEb@w@HKd@{@jBkDj@cABFBFj@lAVj@d@`ATf@Tf@@Bl@rAb@~@FL`@~@b@hARl@?BN`@UTu@t@qBjBw@v@eAbAcA~@I[Ke@GUw@_DCGIUOEIAGA?S?O?KCQKc@e@{AIUCGMc@KKGGIGCCEAK?i@~@a@t@_@l@g@`A_AbB]l@oApA_@\y@t@EDEDSP}@~@w@t@{CtCGDEDsFfF_CtBGFEDC@_@\SRgBdB[\UTAj@?JGnCE|BEtBKtFKxFAPCfAAx@An@Aj@U@C@A@CDgElMiBjEKVYn@ABm@vAmCjGCDuA|CuAdDGLwA`DFLHJf@f@RPz@x@tAtABB~@~@DBb@b@FK@CDEDCFA|B_@@ABA@C@C@C?C@GCa@c@F	Click to Generate
S2	30	1			3	Best Pizza (S2)	Alberts (S2)	Popeyes Pizza (S2)	2278	1708	mxudIjixGeAbAcA~@I[Ke@GUw@_DCGIUOEIAGA?S?O?KCQKc@e@{AIUCGMc@EQCE?EAGAG?CAI?I@I?I@E@CDIDKDEb@w@HKd@{@jBkDj@cA\q@N[\q@vAgCLU?CRYBCDINUNY^q@~AwC`ByC|A}C@DHNf@bALZBFPh@Lb@?BH\Jt@Hv@Dh@DCBEJMX_@RWTSTSNKHEP|BHrAJtBJ~BFfB@PFjB@z@@NBF@DBBLBp@K~@KF`BBv@@XBd@GDIHELCJAFAXUBOBgAT[L[NSL[RGFQLIFIDSR}AzAKH}@x@m@j@}@x@y@t@YsAQ{@U_AUTu@t@qBjBw@v@	Click to Generate
S2	20	1			3	The Spires Centre (S2)	East Bank Medical Centre (S2)	The Co-operative Food (S2)	1835	1376	altdIzpwG???FEDy@N_ARKBq@H?_@AS?KAU?y@?q@?_A?e@@]@e@Bg@BW@]Dm@FaABi@Bc@D}@Bu@D}A@}@?G?Y?]?K?_@?]AQASCYF?FDP\N^WNQH?^?J?\?X?FA|@E|ACt@E|@Cb@Ch@G`AEl@A\CVCf@Ad@A\?d@?~@?N?`@?x@@T?J@R?^@\Bh@@f@Bf@B`@B^Bd@@HDl@Fx@H|@s@Jm@HE@?YEqAC_@mANlAOHpB?Xa@Fs@Hc@DOB[FI?MBGsACcAC_@Aa@E_ACcAVBJJ??DPDVPANCnBYxASCg@Ag@Ci@A]p@IJC~@Sx@ODE?G??	Click to Generate
S2	60	1			3	Path up to the Cholera Monument, Sheffield (S2)	Substantial Victorian houses in Norfolk Road (S2)	Sheffield Inclusion Centre (S2)	5927	4445	k}wdIzs{GiAoBEGGCC?CAI?G@I@E?CAQUCDuA|CuAdDGLwA`DFLHJf@f@RPz@x@tAtABB~@~@DBb@b@FK@CDEDCFAfAQt@M@ABA@C@C@C?C@GCa@c@Fb@GB`@AF?BABABABC@A@}B^G@EBEDABGJc@c@EC_A_ACCuAuA{@y@SQg@g@IKGMvAaDFMn@}Ad@gAtA}CBElCkGl@wA@CXo@JWhBkEfEmMBE@ABATA@k@@o@@y@BgA@QJyFJuFDuBD}BFoC?K@k@TUZ]fBeBRS^]BADEFG~BuBrFgFDEFEzCuCv@u@|@_ARQDEDEx@u@^]nAqA\m@~@cBf@aA^m@`@u@h@_AFMDIP[HMDIDKDEb@w@HKd@{@jBkDj@cABFBFj@lAVj@d@`ATf@Tf@@Bl@rAb@~@FL`@~@b@hARl@?BN`@UTu@t@qBjBw@v@eAbAcA~@I[Ke@GUw@_DCGIUOEIAGA?S?O?KCQKc@e@{AIUCGMc@KKGGIGCCEAK?i@~@a@t@_@l@g@`A_AbB]l@oApA_@\y@t@EDEDSP}@~@w@t@{CtCGDEDsFfF_CtBGFEDC@_@\SRgBdB[\UTAj@?JGnCE|BEtBKtFKxFAPCfAAx@An@Aj@U@C@A@CDgElMiBjEKVYn@ABm@vAmCjGPTB@D?HAFAH?B@B?FBDFhAnB	Click to Generate
S2	60	1			3	Path up to the Cholera Monument, Sheffield (S2)	Substantial Victorian houses in Norfolk Road (S2)	Sheffield Inclusion Centre (S2)	5721	4291	c|wdI`f|Gb@GB`@AF?BABABABC@A@u@LgAPG@EBEDABGJc@c@EC_A_ACCuAuA{@y@SQg@g@IKGMvAaDFMn@}Ad@gAtA}CBElCkGl@wA@CXo@JWhBkEfEmMBE@ABATA@k@@o@@y@BgA@QJyFJuFDuBD}BFoC?K@k@TUZ]fBeBRS^]BADEFG~BuBrFgFDEFEzCuCv@u@|@_ARQDEDEx@u@^]nAqA\m@~@cBf@aA^m@`@u@h@_AFMDIP[HMDIDKDEb@w@HKd@{@jBkDj@cABFBFj@lAVj@d@`ATf@Tf@@Bl@rAb@~@FL`@~@b@hARl@?BN`@UTu@t@qBjBw@v@eAbAcA~@I[Ke@GUw@_DCGIUOEIAGA?S?O?KCQKc@e@{AIUCGMc@KKGGIGCCEAK?i@~@a@t@_@l@g@`A_AbB]l@oApA_@\y@t@EDEDSP}@~@w@t@{CtCGDEDsFfF_CtBGFEDC@_@\SRgBdB[\UTAj@?JGnCE|BEtBKtFKxFAPCfAAx@An@Aj@U@C@A@CDgElMiBjEKVYn@ABm@vAmCjGCDuA|CuAdDGLwA`DFLHJf@f@RPz@x@tAtABB~@~@DBb@b@FK@CDEDCFA|B_@@ABA@C@C@C?C@GCa@c@F	Click to Generate
S2	30	1			3	Windy House Lane Pocket Park (S2)	UBU (S2)	Leaves (S2)	2154	1616	}{udIl}uGXX~DjEELCFCBg@^AGGW??FV@Ff@_@BCBGDMNNzA|At@x@@?l@p@IJcAnAGF{@v@w@^k@^u@Ts@RYDYDg@HG??TBx@Bl@Fj@FX@HDRJ\`AzB`AtBJR@BLYRYBCDINUNY^q@BEzAqC`ByC|A}C^q@`AgB`AmBVo@Xw@L[d@y@@E@E?C@E?E?G?E?C?EAC?A?EAEAEAGCEAEEG[SmBkAGT]xAENa@jAq@|ASb@Q\_@r@q@z@pBvC??qBwCm@q@A?u@y@{A}AOO_EkEYY	Click to Generate
S2	45	1			3	Virgin Crucible (S2)	The Hardy Pick (S2)	Boots (S2)	3637	2728	cotdIvp`HGESQKICCGGCEEIEIEGKUISCKGMEMCKCMIi@ESESEOGSc@w@GGC[BEHENIPI`@QDC\MJCFCHCDAD?R?P?F?PBD?`@ENCWeDCUCOIQIWM]Zk@[j@L\HVHPBNBTBXRjCRGDCHGFGBCBEDEv@pBlAzCHPf@{@Se@GO_@}@JSV_@c@r@^|@FNRd@g@z@IQmA{Cw@qBEDCDCBGFIFEBSFOBa@DE?KJIFCBIFEACACCCAAGGQCIEMAGEKEOISQk@]u@oAeDg@kAeAgCi@oAMc@Y_ACMCICCEIEGEGGEa@UaAm@kBiAmAs@MIIIGGIIGMEIOc@EKAKCME]K}@Gc@Ks@ASEc@Ce@T@B?H?XAFAF?REZ?b@Av@A\?V?J@H@D@B@JDHDHHTRTTX\PTPTZd@`@n@f@t@f@t@HLFFDHLNDFBBVXLLFDXPNJNHPLTH\Pd@PHBFBZLz@\\PJDNHFFJHNLFHFDHHZZl@d@X\dAhANPJJEJCFILCHEJKh@ITGXIA??AAAAEICEAEUg@BqAD@T^CjAEJ@DHN@@@@??H@FYAQDq@BKBQJS[]{@iAMQg@s@[[IIGEGIOMKIGGOIKEA\GnAKnCALCJEFYn@CD?DAD?B?D@D@DXj@fAzBLZFTDRF`@@^E@C@A?C@EBCDe@p@EDCDCBGFIFEBSFOBa@DE?KJIFCBIF?R@R?JEh@A^Ad@EpA?`A?f@?L?P?JBVRPFD	Click to Generate
S2	20	1			3	The Spires Centre (S2)	East Bank Medical Centre (S2)	The Co-operative Food (S2)	1835	1376	altdIzpwG???FEDy@N_ARKBq@H?_@AS?KAU?y@?q@?_A?e@@]@e@Bg@BW@]Dm@FaABi@Bc@D}@Bu@D}A@}@?G?Y?]?K?_@?]AQASCYF?FDP\N^WNQH?^?J?\?X?FA|@E|ACt@E|@Cb@Ch@G`AEl@A\CVCf@Ad@A\?d@?~@?N?`@?x@@T?J@R?^@\Bh@@f@Bf@B`@B^Bd@@HDl@Fx@H|@s@Jm@HE@?YEqAC_@mANlAOHpB?Xa@Fs@Hc@DOB[FI?MBGsACcAC_@Aa@E_ACcAVBJJ??DPDVPANCnBYxASCg@Ag@Ci@A]p@IJC~@Sx@ODE?G??	Click to Generate
S2	45	1			3	Windy House Lane Pocket Park (S2)	Archdale School (S2)	UBU (S2)	3653	2740	gavdIr{uG`@K?Q@QF[JWHIJGHCP@LBDDDHDNHZ@N@NAJAL?BETt@v@~DjEELCFCBg@^AGGW??FV@Ff@_@BCBGDM_EkEu@w@CFCFGJEDGDEBE@I@EAGAECEEGGEKIWE]?Q@QF[JWHIJGHC?SMaEE_CGqAKk@Qi@Uc@IKMM_@Ym@a@c@WGEAFEBC@E?ECCCCG?I?IICaDwAUMCN?@CFg@hA]v@BFBBP`@[p@[p@Xn@\o@??]n@Yo@Zq@Zq@Qa@CCCG\w@f@iABG?ABOTL`DvAHB@IBGBEDAF@BB@BBF@F?FAFADFDb@Vl@`@^XLLHJTb@Ph@Jj@FpAD~BL`E?RP@LBDDDHDNHZ@N@NAJAL?BETCFCFGJEDGDEBE@VnJBrADxAH|C@N?TBx@Bl@Fj@FX@HDRJ\`AzB`AtBJR@BLYRYBCDINUNY^q@BEzAqC`ByC|A}C^q@`AgB`AmBVo@Xw@L[d@y@@E@E?C@E?E?G?E?C?EAC?A?EAEAEAGCEAEEG[SmBkA_BcAsA}@UQoA_Ae@g@EIY]MLKHQB]?QKSSQPyA|AABe@f@w@v@Y\AJAL?BETCFCFGJEDGDEBE@I@EAGAECEEGGEKIWE]a@J	Click to Generate
S2	20	1			3	Manor Park Medical Centre (S2)	Temple Park Centre (S2)	Castle View Park (S2)	1802	1352	qzwdItbvGWm@CCGGIGICGAG?GBWVCDC?A?MIp@kACMAM@M@GDIFEFA??HBDHx@gAZc@TSVMRGF?ARGV?p@?I?g@FW@SG?SFWLUR[b@y@fADJ@L?FCLEJrAjCr@`Bl@bBJSh@{@NUHEHAL?jBb@jA`@zBp@^Lp@T|Ah@l@^Zb@Pb@BH@DHd@Dr@A`AKv@ENe@jAe@aAQUyDq@WGaAOq@a@QSUe@KO^}@\cBNwBkAa@kBc@M?I@IDOTi@z@KRm@cBOV_@}@k@qA	Click to Generate
S2	30	1			3	Temple Park Centre (S2)	Castle View Park (S2)	Manor Park Medical Centre (S2)	2428	1821	ufwdIlmuGABBl@Wf@]p@_AlBw@~@s@b@q@Jq@@g@E{@CkACQ@ARGV?p@?I?g@FW@SG?SFWLUR[b@y@fADJ@L?FCLEJrAjCr@`Bl@bBJSh@{@NUHEHAL?jBb@jA`@zBp@^Lp@T|Ah@l@^Zb@Pb@BH@DHd@Dr@A`AKv@ENe@jAe@aAQUyDq@WGaAOq@a@QSUe@KO^}@\cBNwBkAa@kBc@M?I@IDOTi@z@KRm@cBs@aBsAkCEDK@GCGICMAM@M@GDIFEFA??HBDHx@gAZc@TSVMRGF?PAjABz@Bf@Dp@Ap@Kr@c@v@_A~@mB\q@Vg@Cm@@C	Click to Generate
S2	60	1			3	Cholera Monument, Sheffield (S2)	Path up to the Cholera Monument, Sheffield (S2)	Sheffield Inclusion Centre (S2)	6087	4565	cfxdItv{Go@|AGLjAlBIZADAF?D?\?z@?F@DBFBFCGCGAE?G?{@?]?E@G@EH[??kAmBwA`DFLHJf@f@RPz@x@tAtABB~@~@DBb@b@FK@CDEDCFAfAQt@M@ABA@C@C@C?C@GCa@c@Fb@GB`@AF?BABABABC@A@}B^G@EBEDABGJc@c@EC_A_ACCuAuA{@y@SQg@g@IKGMCECICImAqEWcAW}@Su@EQCKEKQu@y@}CMi@Kc@HIHKNO`AeANS`AeANSDEFE`@e@dCgDLSXe@JSP_@h@yAzAqEJWhHaTBKBITo@b@sAf@sAL]P]b@}@`@u@d@s@DGFINOTUZ]fBeBRS^]BADEFG~BuBrFgFDEFEzCuCv@u@|@_ARQDEDEx@u@^]nAqA\m@~@cBf@aA^m@`@u@h@_AFMDIP[HMDIDKDEb@w@HKd@{@jBkDj@cABFBFj@lAVj@d@`ATf@Tf@@Bl@rAb@~@FL`@~@b@hARl@?BN`@UTu@t@qBjBw@v@eAbAcA~@I[Ke@GUw@_DCGIUOEIAGA?S?O?KCQKc@e@{AIUCGMc@KKGGIGCCEAK?i@~@a@t@_@l@g@`A_AbB]l@oApA_@\y@t@EDEDSP}@~@w@t@{CtCGDEDsFfF_CtBGFEDC@_@\SRgBdB[\UTAj@?JGnCE|BEtBKtFKxFAPCfAAx@An@Aj@U@C@A@CDgElMiBjEKVYn@ABm@vAmCjGCDuA|Ce@fA	Click to Generate
S2	20	1			3	Broadfield Park (S2)	The Hardy Pick (S2)	Virgin Crucible (S2)	1824	1368	iltdI`s`HYW]UOKEESOSQKICCGGCEEIEIEGKUISCKGMEMCKCMIi@ESESEOGSc@w@GGC[BEHENIPI`@QDC\MJCFCHCDAD?R?@NBJ@F?R@R?JEh@A^Ab@?@EpA?HAHCHAHAFIVEJCHKVKUISCKGMEMCKCMIi@ESESEOGSc@w@GGC[BEHENIPI`@QDC\MJCFCHCDAD?R?P?F?PBD?`@ENCRGDCHGFGBCBEDEv@pBlAzCHPf@{@Se@GO_@}@JSV_@c@r@^|@FNRd@g@z@IQmA{Cw@qBEDCDCBGFIFEBSFSkCCYCUCOIQIWM]Zk@[j@L\HVHPBNBTVdDOBa@DE?KJIFCBIF?R@R?JEh@A^Ad@EpA?`A?f@?L?P?JBVRPRNDDNJ\TXV	Click to Generate
S2	20	1			3	Alam Hill Books (S2)	Boots (S2)	Meersbrook Park Church (S2)	1457	1093	gitdInh_HRq@^iAhA_DhCaGqAwBIMeC|FyAhDk@vAEJWj@Yp@CTz@\\PJDNHFFJHNLFHFDHHZZl@d@X\dAhANPJJEJCFILCHEJKh@ITGXIA??AAAAEICEAEUg@BqAD@T^CjAEJ@DHN@@@@??H@FYAQDq@BKBQJSNMJJPRPTRZ@BBDDHN^LZZ`A[k@KQIQOUOWWa@EGW[QQ[]{@iAMQg@s@[[IIGEGIOMJ_@DM	Click to Generate
S2	20	1			3	Gin Bar (S2)	Broadfield Park (S2)	The Hardy Pick (S2)	1711	1283	{ktdIls`HII]Y]UOKEESOSQKICCGGCEEIEIEGKUISCKGMEMCKCMIi@ESESEOGSc@w@GGGGGIQYGPEFMVDL@@BH?F?vC?V?zB?|@A\AZCn@\J@?B@@B@@@B@BBD?B@D?FHlA?B?B@D?B@@@B@B@@@@BB@?B@VH^aEL_BFi@@C@I?EBG@EN]JWBIDKHW@G@IBI@I?IDqA?A@c@@_@Eg@ASAMASCQGQR?P?F?PBD?`@ENCRGDCHGFGBCBEDEv@pBlAzCHPf@{@Se@GO_@}@JSV_@c@r@^|@FNRd@g@z@IQmA{Cw@qBEDCDCBGFIFEBSFOBa@DE?KJIFCBIF?R@R?JEh@A^Ad@EpA?`A?f@?L?P?JBVRPRNDDNJ\T\XHH	Click to Generate
S2	20	1			3	Top Chopper (S2)	Broadfield Park (S2)	The Hardy Pick (S2)	1645	1234	kktdIzs`HEESQ]Y]UOKEESOSQKIEd@?BDi@CCGGCEEIEIEGKUISCKGMEMCKCMIi@ESESEOGSc@w@GGC[BEHENIPI`@QDC\MJCFCHCDAD?R?@NBJ@F?R@R?JEh@A^Ab@?@EpA?HAHCHAHAFIVEJCHKVKUISCKGMEMCKCMIi@ESESEOGSc@w@GGC[BEHENIPI`@QDC\MJCFCHCDAD?R?P?F?PBD?`@ENCRGDCHGFGBCBEDEv@pBlAzCHPf@{@Se@GO_@}@JSV_@c@r@^|@FNRd@g@z@IQmA{Cw@qBEDCDCBGFIFEBSFOBa@DE?KJIFCBIF?R@R?JEh@A^Ad@EpA?`A?f@?L?P?JBVRPRNDDNJ\T\XRPDD	Click to Generate
S2	20	1			3	Manor Park Medical Centre (S2)	St Vincent's (S2)	Hair & Beauty Lounge (S2)	1477	1108	ewwdI`{uG?g@FW@SG?SFWLUR[b@y@fADJ@L?FCLEJEDK@GCGICMAM@M@GDIFEFA??HBDHDJ@L?FCLEJrAjCr@`BOV_@}@k@qAWm@CCGGIGICGAG?GBWVCDC?A?MIp@kACMAM@M@GDIFEFAHBDHx@gAZc@TSVMRGF?PAjABz@Bf@Dp@Ap@Kr@c@v@_A~@mB\q@Vg@Cm@??^w@ZHq@tAEDWf@]p@_AlBw@~@s@b@q@Jq@@g@E{@CkACQ@ARGV?f@	Click to Generate
S2	20	1			3	Well Pharmacy (S2)	Gleadless Medical Centre (S2)	Pizza City (S2)	2040	1530	a}sdIt~yG??AL?F?BHRKLKLMJiB`BQNUT??KNILSZOXCDGHADOZA@CFGHMRKPKRADHNZl@??[m@IOMVCFITEHCLKIGGEGGGQKMIm@YIAFu@HsA?IBe@@OEQMIK?a@NK@KEGKGOAS?C?WJo@@KPy@Py@H]@GLm@VqADSBKJw@@IAUCQIMICEAQHYTSRQRGDGFIBEA[EBc@J{AFeAF_A@[B[By@@WfATB_@C^gAUAVCx@Ev@G~@GdAKzACb@Gz@?FIfAGt@E`@Kz@EZEXG\Sz@Qv@Wx@Od@MXGNMXSd@EHGHMVHR@BBBHDJ?F?FC`B]r@On@OVGFAF?F?F?PD`@LH@l@XLHPJRAFAH?DCHCBGLW@EJSJQLSFIBG@AN[@EFIBENYR[HMJOTUPOhBaBLKJMJMIS?C?G@M??	Click to Generate
S2	15	1			3	Another Level (S2)	Alam Hill Books (S2)	Boots (S2)	1435	1076	gktdIzh_HHDNHFFJHNLFHFDHHZZj@b@@@ELg@s@[[IIGEGIOMKIGGOIKE]Q{@]BUXq@Vk@DKj@wAxAiDdC}FHLpAvBiC`GiA~C_@hAY~@K^NLFHFDHHZZl@d@X\dAhANPJJEJCFILCHEJKh@ITGXIA??AAAAEICEAEUg@BqAD@T^CjAEJ@DHN@@@@??H@FYAQDq@BKBQJS[]{@iAMQg@s@[[IIGEGIOMKIGGOIIE	Click to Generate
S2	30	1			3	Newfield Green Clinic (S2)	Newfield Green Dental Surgery (S2)	Pizza City (S2)	2422	1816	g~sdIrazGaBxAQNUTKNILSZOXKSGK??FJJRCDGHADOZA@CFGHMRKPKRADMVCFITEHCLKIGGEGGGQKMIm@YIAFu@HsA?Ic@Gb@F?HIrAGt@H@l@XLHPJRAD?@AH?DCHCBGLW@EJSJQLSFIBG@AN[@EFIBEKSGKFJJRCDGHADOZA@CFGHMRKPKRADMVCFITEHCLKIGGEGGGQKMIm@YIAFu@HsA?IBe@@OEQMIK?a@NK@KEGKGOAS?C?WJo@@KPy@Py@H]@GLm@VqADSBKJw@@IAUCQIMICEAQHYTSRQRGDGFIBEA[EBc@J{AFeAF_A@[B[By@@WfATB_@C^gAUAVCx@Ev@G~@GdAKzACb@Gz@?FIfAGt@E`@Kz@EZEXG\Sz@Qv@Wx@Od@MXGNMXSd@EHGHMVHR@BBBHDJ?F?FC`B]r@On@OVGFAF?F?F?PD`@LH@l@XLHPJRAFAH?DCHCBGLW@EJSJQLSFIBG@AN[@EFIBENYR[HMJOTUPO`ByA	Click to Generate
S2	60	1			3	Path near the Cholera Monument, Sheffield (S2)	Path up to the Cholera Monument, Sheffield (S2)	Sheffield Inclusion Centre (S2)	6939	5204	c|wdI`f|Gb@GB`@AF?BABABABC@A@}B^G@EBEDABGJc@c@EC_A_ACCuAuA{@y@SQg@g@IKGMvAaDjAlBIZADAF?D?\?z@?F@DBFBFCGCGAE?G?{@?]?E@G@EH[??kAmBwA`DFLHJf@f@RPz@x@tAtABB~@~@DBb@b@FK@CDEDCFAfAQt@M@ABA@C@C@C?C@GCa@c@Fb@GB`@AF?BABABABC@A@}B^G@EBEDABGJc@c@EC_A_ACCuAuA{@y@SQg@g@IKGMCECICImAqEWcAW}@Su@EQCKEKQu@y@}CMi@Kc@HIHKNO`AeANS`AeANSDEFE`@e@dCgDLSXe@JSP_@h@yAzAqEJWhHaTBKBITo@b@sAf@sAL]P]b@}@`@u@d@s@DGFINOTUZ]fBeBRS^]BADEFG~BuBrFgFDEFEzCuCv@u@|@_ARQDEDEx@u@^]nAqA\m@~@cBf@aA^m@`@u@h@_AFMDIP[HMDIDKDEb@w@HKd@{@jBkDj@cABFBFj@lAVj@d@`ATf@Tf@@Bl@rAb@~@FL`@~@b@hARl@?BN`@UTu@t@qBjBw@v@eAbAcA~@I[Ke@GUw@_DCGIUOEIAGA?S?O?KCQKc@e@{AIUCGMc@KKGGIGCCEAK?i@~@a@t@_@l@g@`A_AbB]l@oApA_@\y@t@EDEDSP}@~@w@t@{CtCGDEDsFfF_CtBGFEDC@_@\SRgBdB[\UTAj@?JGnCE|BEtBKtFKxFAPCfAAx@An@Aj@U@C@A@CDgElMiBjEKVYn@ABm@vAmCjGCDuA|CuAdDGLwA`DFLHJf@f@RPz@x@tAtABB~@~@DBb@b@FK@CDEDCFA|B_@@ABA@C@C@C?C@GCa@c@F	Click to Generate
S2	60	1			3	Path up to the Cholera Monument, Sheffield (S2)	Substantial Victorian houses in Norfolk Road (S2)	Sheffield Inclusion Centre (S2)	5721	4291	c|wdI`f|Gb@GB`@AF?BABABABC@A@u@LgAPG@EBEDABGJc@c@EC_A_ACCuAuA{@y@SQg@g@IKGMvAaDFMn@}Ad@gAtA}CBElCkGl@wA@CXo@JWhBkEfEmMBE@ABATA@k@@o@@y@BgA@QJyFJuFDuBD}BFoC?K@k@TUZ]fBeBRS^]BADEFG~BuBrFgFDEFEzCuCv@u@|@_ARQDEDEx@u@^]nAqA\m@~@cBf@aA^m@`@u@h@_AFMDIP[HMDIDKDEb@w@HKd@{@jBkDj@cABFBFj@lAVj@d@`ATf@Tf@@Bl@rAb@~@FL`@~@b@hARl@?BN`@UTu@t@qBjBw@v@eAbAcA~@I[Ke@GUw@_DCGIUOEIAGA?S?O?KCQKc@e@{AIUCGMc@KKGGIGCCEAK?i@~@a@t@_@l@g@`A_AbB]l@oApA_@\y@t@EDEDSP}@~@w@t@{CtCGDEDsFfF_CtBGFEDC@_@\SRgBdB[\UTAj@?JGnCE|BEtBKtFKxFAPCfAAx@An@Aj@U@C@A@CDgElMiBjEKVYn@ABm@vAmCjGCDuA|CuAdDGLwA`DFLHJf@f@RPz@x@tAtABB~@~@DBb@b@FK@CDEDCFA|B_@@ABA@C@C@C?C@GCa@c@F	Click to Generate
S2	20	1			3	East Bank Medical Centre (S2)	The Spires Centre (S2)	Springs Leisure Centre (S2)	1846	1384	kytdI|wwG??DPDV?\IRGLSH@`@B^BbAFrALCH?ZGNCb@Er@I`@G?YEqAC_@mANlAOHpB?XDAl@Ir@KI}@Gy@Em@AICe@C_@Ca@Cg@Ag@Ci@A]?_@AS?KAU?y@?q@?_A?e@@]@e@Bg@BW@]Dm@FaABi@Bc@D}@Bu@D}A@}@?G?Y?]?K?_@?]AQASCYF?FDP\N^WNQH?^?J?\?X?FA|@E|ACt@E|@Cb@Ch@G`AEl@A\CVCf@Ad@A\?d@?~@?N?`@?x@@T?J@R?^p@IJC~@Sx@ODE?G??Cu@UBe@nA_ARKBq@H@\Bh@@f@Bf@yARoBXOBQ@EWEQ??	Click to Generate
S2	30	1			3	Porcelanosa (S2)	Meersbrook Park Church (S2)	Virgin Crucible (S2)	2946	2210	wctdIjw_HEIACE]FYAQDq@BKBQJS[]{@iAMQGRENADECUK_@QGC@Y?G@IDUDQZZl@d@X\dAhANPJJPRPTRZ@BBDDHN^LZZ`A[k@KQIQOUOWWa@EGW[QQ[]{@iAMQg@s@[[IIGEGIOMKIGGOIKEA\GnAKnCALCJEFYn@CD?DAD?B?D@D@DXj@fAzBLZFTDRF`@@^E@C@A?C@EBCDe@p@EDCDCBGFIFEBSFSkCCYCUCOIQIWM]Zk@[j@L\HVHPBNBTVdDOBa@DE?KJIFCBIFEACACCCAAGGQCIEMAGEKEOISQk@]u@oAeDg@kAeAgCi@oAMc@Y_ACMCICCEIEGEGGEa@UaAm@kBiAmAs@MIIIGGIIGMEIOc@EKAKCME]K}@Gc@Ks@ASEc@Ce@T@B?H?XAFAF?REZ?b@Av@A\?V?J@H@D@B@JDHDHHTRTTX\PTPTZd@`@n@f@t@f@t@HLFFDHLNDFBBVXLLFDXPNJNHPLTH\Pd@PHBFBZLz@\\PJDNHFFJHNLFHFDHHZZl@d@X\dAhANPJJEJCFILCHEJKh@ITGXD\@BDH	Click to Generate
S2	45	1			3	Boots (S2)	Broadfield Park (S2)	Virgin Crucible (S2)	3525	2644	wftdI`c`HKR^|@FNRd@g@z@IQmA{Cw@qBEDCDCBGFIFEBSFOBa@DE?KJIFCBIFEACACCCAAGGQCIEMAGEKEOISQk@]u@oAeDg@kAeAgCi@oAMc@Y_ACMCICCEIEGEGGEa@UaAm@kBiAmAs@MIIIGGIIGMEIOc@EKAKCME]K}@Gc@Ks@ASEc@Ce@T@B?H?XAFAF?REZ?b@Av@A\?V?J@H@D@B@JDHDHHTRTTX\PTPTZd@`@n@f@t@f@t@HLFFDHLNDFBBVXLLFDXPNJNHPLTH\Pd@PHBFBZLz@\\PJDNHFFJHNLFHFDHHZZl@d@X\dAhANPJJEJCFILCHEJKh@ITGXIA??AAAAEICEAEUg@BqAD@T^CjAEJ@DHN@@@@??H@FYAQDq@BKBQJS[]{@iAMQg@s@[[IIGEGIOMKIGGOIKEA\GnAKnCALCJEFYn@CD?DAD?B?D@D@DXj@fAzBLZFTDRF`@@^E@C@A?C@EBCDe@p@EDCDCBGFIFEBSFOBa@DE?KJIFCBIF?R@R?JEh@A^Ab@?@EpA?HAHCHAHAFIVEJCHKVKUISCKGMEMCKCMIi@ESESEOGSc@w@GGC[BEHENIPI`@QDC\MJCFCHCDAD?R?P?F?PBD?`@ENCWeDCUCOIQIWM]Zk@[j@L\HVHPBNBTBXRjCRGDCHGFGBCBEDEv@pBlAzCHPf@{@Se@GO_@}@JS	Click to Generate
S2	20	1			3	Boots (S2)	Alam Hill Books (S2)	Meersbrook Park Church (S2)	1675	1256	ihtdIlk_HTRl@d@X\dAhANPJJEJCFILCHEJKh@ITGXIA??AAAAEICEAEUg@BqAD@T^CjAEJ@DHN@@@@??H@FYAQDq@BKBQJS[]{@iAMQg@s@[[IIGEGIOMKIGGOIKE]Q{@]BUXq@Vk@DKj@wAxAiDdC}FHLpAvBiC`GiA~C_@hAY~@K^NLFHFDHHZZl@d@X\dAhANPJJPRPTRZ@BBDDHN^LZZ`A[k@KQIQOUOWWa@EGW[QQ[]{@iAMQg@s@US	Click to Generate
S2	20	1			3	Temple Park Centre (S2)	Manor Park Medical Centre (S2)	Castle View Park (S2)	1839	1379	exwdIhkvGDIF[?SA[Gc@CINWs@aBsAkCEDK@GCGICMAM@M@GDIFEFAHBDHx@gAZc@TSVMRGF?ARGV?p@?I?g@FW@SG?SFWLUR[b@y@fADJ@L?FCLEJEDK@GCGICMAM@M@GDIFEFA??HBDHDJ@L?FCLEJrAjCr@`Bl@bBJSh@{@NUHEHAL?jBb@jA`@zBp@^Lp@T|Ah@l@^Zb@Pb@BH@DHd@Dr@A`AKv@ENe@jAe@aAQUyDq@WGaAOq@a@QSUe@KOa@n@mBxCoAyCoAyCZi@IOLU	Click to Generate
S2	45	1			3	Bronze & Polished (S2)	Sheffield Inclusion Centre (S2)	Leaves (S2)	3066	2300	kyudIthwGrAaCLYRYBCDINUNYJORa@~AwC`ByC|A}C@DHNf@bALZBFPh@Lb@?BH\Jt@Hv@Dh@@JIJMRQ^]r@m@nA@TPvBNjCHhBFjAD|ADlAB~@G?I@MHo@l@k@h@k@h@gAdAa@^WTUTu@t@qBjBw@v@eAbAcA~@I[Ke@GUw@_DCGIUOEIAGA?S?O?KCQKc@e@{AIUCGMc@EQCE?EAGAG?CAI?I@I?I@E@CDIDKDEb@w@HKd@{@jBkDj@cA\q@l@mAvAgCACKSaAuBaA{BK]ESAIGYGk@Cm@Cy@?UF?f@IXEXEr@St@Uj@_@v@_@z@w@FGbAoAHKpBvC??qBwCIJcAnAGF{@v@w@^k@^u@Ts@RYDYDg@HG??TBx@Bl@Fj@FX@HDRJ\`AzB`AtBJR@BsA`C	Click to Generate
S2	15	1			3	Springs Leisure Centre (S2)	The Co-operative Food (S2)	East Bank Medical Centre (S2)	1218	914	crtdIhmwG?`@?x@@T?J@R?^p@IJC~@Sx@ODE?G??Cu@UBe@nA_ARKBq@H@\Bh@@f@Bf@yARoBXOBQ@EWEQ??KKWCGDIHELERAXDVJTLFH@@`@B^BbAFrALCH?ZGNCb@Er@I`@G?YEqAC_@mANlAOHpB?XDAl@Ir@KI}@Gy@Em@AICe@C_@Ca@Cg@Ag@Ci@A]?_@AS?KAU?y@?a@	Click to Generate
S2	15	1			3	International Automatic Cars (S2)	Boots (S2)	Meersbrook Park Church (S2)	1408	1056	wetdI~i_H{AaBY~@K^KIGGOIKE]Q{@]BUXq@Vk@DKPXVd@H@t@aBu@`BIACES_@QYEJWj@Yp@CTz@\\PJDNHFFJHNLFHFDHHZZl@d@X\dAhANPJJEJCFILCHEJKh@ITGXIA??AAAAEICEAEUg@BqAD@T^CjAEJ@DHN@@@@??H@FYAQDq@BKBQJSNMJJPRPTRZ@BBDDHN^LZZ`A[k@KQIQOUOWWa@EGW[QQ[]{@iAMQg@s@[[IIGEGIOMJ_@X_AzA`B	Click to Generate
S2	20	1			3	MJ Dressmaker & Designer (S2)	Broadfield Park (S2)	Virgin Crucible (S2)	1965	1474	qptdIzp`HDe@JHRPRNDDNJ\T\XRPQr@CFAFWtA[zAERMj@AD?B?B?D@B@BJFr@d@FDFDl@wCBONu@XwAQWIKKMKKKKMK??SQ]Y]UOKEESOSQKICCGGCEEIEIEGKUISCKGMEMCKCMIi@ESESEOGSc@w@GGC[BEHENIPI`@QDC\MJCFCHCDAD?R?@NBJ@F?R@R?JEh@A^Ab@?@EpA?HAHCHAHAFIVEJCHKVKUISCKGMEMCKCMIi@ESESEOGSc@w@GGC[BEHENIPI`@QDC\MJCFCHCDAD?R?P?F?PBD?`@ENCSkCCYCUCOIQIWM]Zk@[j@L\HVHPBNBTVdDOBa@DE?KJIFCBIF?R@R?JEh@A^Ad@EpA?`A?f@?L?P?JBVRPRNDDNJ\TPcA@I`@wB@GAFa@vBAHQbA]UOKEESOSQKIEd@	Click to Generate
S2	20	1			3	Broadfield Park (S2)	Virgin Crucible (S2)	The Hardy Pick (S2)	1729	1297	untdIbq`HAASOSQKICCGGCEEIEIEGKUISCKGMEMCKCMIi@ESESEOGSc@w@GGC[BEHENIPI`@QDC\MJCFCHCDAD?R?@NBJ@F?R@R?JEh@A^Ab@?@EpA?HAHCHAHAFIVEJCHKVKUISCKGMEMCKCMIi@ESESEOGSc@w@GGC[BEHENIPI`@QDC\MJCFCHCDAD?R?P?F?PBD?`@ENCWeDCUCOIQIWM]Zk@[j@L\HVHPBNBTBXRjCRGDCHGFGBCBEDEv@pBlAzCHPf@{@Se@GO_@}@JSV_@c@r@^|@FNRd@g@z@IQmA{Cw@qBEDCDCBGFIFEBSFOBa@DE?KJIFCBIF?R@R?JEh@A^Ad@EpA?`A?f@?L?P?JBVRPRN@@	Click to Generate
S2	30	1			3	Kwik Fit (S2)	Leaves (S2)	Windy House Lane Pocket Park (S2)	2300	1725	gsudIh_wGCD_@p@OXOTEHCBSXMXwAfCm@lA]p@k@bAkBjDe@z@CEEIk@mAj@lADHBDd@{@jBkDj@cA\q@l@mAdAkBP[ACKSaAuBaA{BK]ESAIGYGk@Cm@Cy@?UF?f@IXEXEr@St@Uj@_@v@_@z@w@FGbAoAHKpBvC??qBwCm@q@A?u@y@{A}AOOELCFCBg@^AGGW??FV@Ff@_@BCBGDMNNzA|At@x@@?l@p@IJcAnAGF{@v@w@^k@^u@Ts@RYDYDg@HG??TBx@Bl@Fj@FX@HDRJ\`AzB`AtBJR@BLYRYBCDINUNY^q@BE	Click to Generate
S2	20	1			3	Temple Park Centre (S2)	Manor Park Medical Centre (S2)	Castle View Park (S2)	1839	1379	axwdItgvG?ECINWs@aBsAkCEDK@GCGICMAM@M@GDIFEFAHBDHx@gAZc@TSVMRGF?ARGV?p@?I?g@FW@SG?SFWLUR[b@y@fADJ@L?FCLEJEDK@GCGICMAM@M@GDIFEFA??HBDHDJ@L?FCLEJrAjCr@`Bl@bBJSh@{@NUHEHAL?jBb@jA`@zBp@^Lp@T|Ah@l@^Zb@Pb@BH@DHd@Dr@A`AKv@ENe@jAe@aAQUyDq@WGaAOq@a@QSUe@KOa@n@mBxCoAyCoAyCZi@IOR_@F[?SA[G]	Click to Generate
S2	45	1			3	Kingdom Hall of Jehovah's Witnesses (S2)	I Said Bread (S2)	Meersbrook Park (S2)	3633	2725	}`tdIvm~G_AvB]z@_FfLeA_BdA~AfC_GvAgD\{@tC{GE[IcFImDS@u@@EEKmIVCn@ED?F?zBO?FJtGnBKF~CxC{@rC_A`@Kz@Ad@F~Ad@T?Nt@dAnFBPDZRjDMHILMl@CXEn@@pA?fD?V?^CRo@tDMdAIv@KA_@DuDb@HmA??IlAEHMrBGxAAlABnDDtBD~@Bx@wAbAcA`AEDST{@|@c@d@kAhAMPCIQk@CKEKKe@CGGSEMW}@w@iC[_A[k@KQIQOUOWWa@EGW[QQ[]{@iAMQg@s@[[IIGEGIOMKIGGOIKE]Q{@]BUXq@Vk@DKj@wA~EgL\{@~@wB	Click to Generate
S2	45	1			3	Broadfield Park (S2)	The Hardy Pick (S2)	Boots (S2)	3409	2557	mmtdId}_HRjCOBa@DE?KJIFCBIF?R@R?JEh@A^Ab@?@EpA?HAHCHAHAFIVEJCHKVKUISCKGMEMCKCMIi@ESESEOGSc@w@GGC[BEHENIPI`@QDC\MJCFCHCDAD?R?P?F?PBD?`@ENCRGDCHGFGBCBEDEv@pBlAzCHPf@{@Se@GO_@}@JSV_@c@r@^|@FNRd@g@z@IQmA{Cw@qBEDCDCBGFIFEBSFOBa@DE?KJIFCBIFEACACCCAAGGQCIEMAGEKEOISQk@]u@oAeDg@kAeAgCi@oAMc@Y_ACMCICCEIEGEGGEa@UaAm@kBiAmAs@MIIIGGIIGMEIOc@EKAKCME]K}@Gc@Ks@ASEc@Ce@T@B?H?XAFAF?REZ?b@Av@A\?V?J@H@D@B@JDHDHHTRTTX\PTPTZd@`@n@f@t@f@t@HLFFDHLNDFBBVXLLFDXPNJNHPLTH\Pd@PHBFBZLz@\\PJDNHFFJHNLFHFDHHZZl@d@X\dAhANPJJEJCFILCHEJKh@ITGXIA??AAAAEICEAEUg@BqAD@T^CjAEJ@DHN@@@@??H@FYAQDq@BKBQJS[]{@iAMQg@s@[[IIGEGIOMKIGGOIKEA\GnAKnCALCJEFYn@CD?DAD?B?D@D@DXj@fAzBLZFTDRF`@@^E@C@A?C@EBCDe@p@EDCDCBGFIFEBSFSkC	Click to Generate
S2	30	1			3	Gleadless Medical Centre (S2)	Terry Wright Community Hall (S2)	Pizza City (S2)	2388	1791	qbtdIrezG??KNILSZOXCDGHADOZA@CFGHMRKPKRADHNZl@??[m@IO@EJSJQLSFIBG@AN[@EFIBENYR[HMJOTUPOhBaBLKJMJMIS?C?G@M??j@y@BCZi@LKH??L@H@Jg@r@QXCBa@j@KLKLMJiB`BQNUTKNILSZOXCDGHADOZA@CFGHMRKPKRADMVCFITEHCLKIGGEGGGQKMIm@YIAFu@HsA?IBe@@OEQMIK?a@NK@KEGKGOAS?C?WJo@@KPy@Py@H]@GLm@VqADSBKJw@@IAUCQIMICEAQHYTSRQRGDGFIBEA[EBc@J{AFeAF_A@[B[By@@WfATB_@C^gAUAVCx@Ev@G~@GdAKzACb@Gz@?FIfAGt@E`@Kz@EZEXG\Sz@Qv@Wx@Od@MXGNMXSd@EHGHMVHR@BBBHDJ?F?FC`B]r@On@OVGFAF?F?F?PD`@LH@l@XLHPJRAFAH?DCHCBGLW@EJSJQLSFIBG@AN[@EFIBENYR[HMJO	Click to Generate
S2	30	1			3	Singh's (S2)	Leaves (S2)	UBU (S2)	2375	1781	cwudIlevGFV@Ff@_@BCBGDM_EkEu@w@CFCFGJEDGDEBE@I@EAGAECEEGGEKIWE]?Q@QF[JWHIJGHCP@LBDDDHDNHZ@N@NAJAL?BETZ\XX~DjENNzA|At@x@@?l@p@pBvC??qBwCIJcAnAGF{@v@w@^k@^u@Ts@RYDYDg@HG??TBx@Bl@Fj@FX@HDRJ\`AzB`AtBJR@BLYRYBCDINUNY^q@BEzAqC`ByC|A}C^q@`AgB`AmBVo@Xw@L[d@y@@E@E?C@E?E?G?E?C?EAC?A?EAEAEAGCEAEEG[SmBkA_BcAsA}@UQGXS|@u@rBq@jAy@jAc@f@INCHOOELCFCBg@^AGGW	Click to Generate
S2	20	1			3	I Said Bread (S2)	74th Oak Street Scout Group (S2)	Carfield Primary School (S2)	1464	1098	o}sdIbp}Gw@FG?LxIS@u@@EEKmIVCEmCCsBAq@AKv@EJ~HF?zBO?FJtGnBKKsG?GjAKAk@@i@E_BCoBHnEAh@@j@kAJ?FJrGoBJKuG?GcAF	Click to Generate
S2	30	1			3	Sheffield Animal Centre (S2)	Highfield Motors (S2)	Diocese of Hallam Pastoral Centre (S2)	2679	2009	utzdIprvGOAGS?]@WMMe@[PmA@EF]Lq@\cAL]LFHF`AdAp@r@NFl@^d@^r@bAxFbGCn@Qd@_AhACDWb@Yz@a@`BOHK@k@EMBGFEFCPALAp@?JAHAHAHCBAFEHe@WmAo@AAKGyBmAqEiC[QOAM?KAKAQAM@SFURa@`@IHa@d@q@p@S\EDWVDNb@nBBHHd@XtAKXEGCEWZEMIQ??CFEJBHBPBR?p@Ib@_AbDXXRNDBZXJ^?^?RE~AbBPH@n@JHBZDEg@K_BAKASOmBm@sC_AaEYuAIe@CIc@oBEOK[BIBCPENEREp@q@`@e@HI`@a@TSHSL_@DGHQBGNM@CFQDQJc@He@l@cDHg@`@_CFc@Pu@^qAXZTPNLMp@G\ADQlAd@ZLLAV?\FRN@	Click to Generate
S2	20	1			3	East Bank Medical Centre (S2)	The Spires Centre (S2)	Springs Leisure Centre (S2)	1882	1412	e{tdIdxwGADERAXDVJTLFH@@`@B^BbAFrALCH?ZGNCb@Er@I`@G?YEqAC_@mANlAOHpB?XDAl@Ir@KI}@Gy@Em@AICe@C_@Ca@Cg@Ag@Ci@A]?_@AS?KAU?y@?q@?_A?e@@]@e@Bg@BW@]Dm@FaABi@Bc@D}@Bu@D}A@}@?G?Y?]?K?_@?]AQASCYF?FDP\N^WNQH?^?J?\?X?FA|@E|ACt@E|@Cb@Ch@G`AEl@A\CVCf@Ad@A\?d@?~@?N?`@?x@@T?J@R?^p@IJC~@Sx@ODE?G??Cu@UBe@nA_ARKBq@H@\Bh@@f@Bf@yARoBXOBQ@EWEQKKWCGDIHCF	Click to Generate
S2	30	1			3	Nether Edge Primary School (S2)	Broadfield Park (S2)	Virgin Crucible (S2)	2342	1756	{wtdIfkaHF[TkANq@`@_CFc@d@uE^aEL_BFi@BM?EBG@EN]DFDHDHBDFFBBJHRPRNDDNJ\T\XRPQr@CFAFUhAAJ[zAERMj@AD?B?B?D@B@BJFr@d@FDFDl@wCBONu@XwAQWIKKMKKKKMKSQ]Y]UOKEESOSQKICCGGCEEIEIEGKUISCKGMEMCKCMIi@ESESEOGSc@w@GGC[BEHENIPI`@QDC\MJCFCHCDAD?R?@NBJ@F?R@R?JEh@A^Ab@?@EpA?HAHCHAHAFIVEJCHKVKUISCKGMEMCKCMIi@ESESEOGSc@w@GGC[BEHENIPI`@QDC\MJCFCHCDAD?R?P?F?PBD?`@ENCSkCCYCUCOIQIWM]Zk@[j@L\HVHPBNBTVdDOBa@DE?KJIFCBIF?R@R?JEh@A^Ad@EpA?HAHCHAHAFIVEJCHKVO\ADCF?DCLGh@M~A_@`Ee@tEGb@a@~BOp@UjAGZ	Click to Generate
S2	30	1			3	Windy House Lane Pocket Park (S2)	UBU (S2)	Leaves (S2)	2455	1841	_~udIv`vGCyAI@EAGAECEEGGEKIWE]?Q@QF[JWHIJGHCP@LBDDDHDNHZ@N@NAJAL?BETt@v@~DjEELCFCBg@^AGGW??FV@Ff@_@BCBGDMNNzA|At@x@@?l@p@IJcAnAGF{@v@w@^k@^u@Ts@RYDYDg@HG??TBx@Bl@Fj@FX@HDRJ\`AzB`AtBJR@BLYRYBCDINUNY^q@BEzAqC`ByC|A}C^q@`AgB`AmBVo@Xw@L[d@y@@E@E?C@E?E?G?E?C?EAC?A?EAEAEAGCEAEEG[SmBkAGT]xAENa@jAq@|ASb@Q\_@r@q@z@pBvC??qBwCm@q@A?u@y@{A}AOO_EkEu@w@CFCFGJEDGDEBE@BxA	Click to Generate
S2	45	1			3	Gleadless Medical Centre (S2)	Pizza City (S2)	Arbourthorne Community Primary School (S2)	3283	2462	gbtdIp~yGh@iABCTe@f@aAP]h@eAHKLKBCTAF@JFHLHRDX@\?Z@RA\?H?J?L@H@Jg@r@QXCBa@j@KLKLMJiB`BQNUTKNILSZOXCDGHADOZA@CFGHMRKPKRADHNZl@??[m@IOMVCFITEHCLKIGGEGGGQKMIm@YIAFu@HsA?IBe@@OEQMIK?a@NK@KEGKGOAS?C?WJo@@KPy@Py@H]@GLm@VqADSBKJw@@IAUCQIMICEAQHYTSRQRGDGFIBEA[EBc@J{AFeAF_A@[B[By@@WBw@@m@Bo@@i@@g@@e@?G?M?O@c@G@MFa@Po@\aAj@a@VSLYPiBpAg@\e@\}@r@y@n@EBPbBJ|@D^Lr@Lp@BLFXDJJKHGFADDDJBFFFBAtAy@??uAx@C@GGCGEKEEG@IFKJFRJ\BDFNLZNRPZZ^LJJHRRNJh@b@h@\j@\TL^RSz@Qv@Wx@Od@MXGNMXSd@EHGHMVHR@BBBHDJ?F?FC`B]r@On@OVGFAF?F?F?PD`@LH@l@XLHPJRAFAH?DCHCBGLW@EJSJQLSFIBG@AN[@EFIBENYR[HMJOTUPOhBaBLKJMJM`@k@BCPYf@s@AKAI?M?K?I@]AS?[A]EYISIMKGGAU@CBMJIJi@dAQ\g@`AUd@CBi@hA	Click to Generate
