Anchor Postcode,Duration (min),Route Index,Waypoints,Waypoint Count,Distance (m),Duration (sec),Duration (formatted),Polyline
S5,10,1,2nd Time Around → Al Mahdi Centre → 2nd Time Around,1,1983,237,3min,wj`eIrryGo@y@]e@QCENOf@G`@EZIt@Et@Ch@AXxACLAn@AVAr@Cb@A@QDMDGHCF?HBPo@R_AXoAXw@Zm@Xg@^e@TSRMTGTErBKlAKLAj@Gl@GNAnCWb@AZA~@IbAMd@Of@Uf@WDCFCNIJEGYECE?QHE?KAG@YLMFf@UFAJ@D?PID?DBFXKDOHGBEBg@Vg@Te@NcAL_AH[@c@@oCVO@m@Fk@FM@mAJsBJUDUFSLUR_@d@Yf@[l@Yv@YnAS~@Qn@HPBL@HARENIHKBEAGAGOEM?Q@QDMC]GMECo@k@OMMMGGMQ
S5,10,2,7 Hills Blinds → Allied Pharmacy - Firth Park Road → 7 Hills Blinds,1,1071,154,2min,sj`eIjxyGP?r@Cb@A@QDMDGHCF?HBPo@R_ALg@Jg@Xw@Zm@Xg@^e@TSRMTGTErBKGsECIECoBPi@H[LYPa@\]\WZW`@[h@Sd@Un@Wx@W|@IZ[dBMMGG}@kA]e@QCENOf@G`@EZIt@Et@Ch@AXxACLAn@ADA
S5,10,3,A1 Immigration Services → Al Mahdi Centre → A1 Immigration Services,1,1249,155,2min,{l~dIztyGf@ZMb@KVMLSLSJk@TUJm@iAS_@QWq@eA{DmFy@kAw@eAo@s@MQ][YQ]M[?OFQFGYECE?QHE?KAG@YLMFf@UFAJ@D?PID?DBFXPGNGZ?\LXP\ZLPn@r@v@dAx@jAzDlFp@dAPVR^l@hATKj@URKRMLMJWLc@g@[
S5,10,4,Abbeymoor Veterinary Centres → Albatross → Abbeymoor Veterinary Centres,1,7532,765,12min,gx`eIplbHTRHNDJCJGPYx@Zh@LJJD??PATCLBNwAPeBb@qEJsAXmEBUJoBTaEAg@?g@GOCQAI?UDSFMFIHCF?JURc@p@_DZcBBQRkA`@uBLi@Ja@FWDSLi@Ji@DSL_AFaAD}@@y@AmA?MCsACa@C_@GEEGCICK?MBK@G?a@?YEWE]OcAWcBKq@CWGm@G}@Eo@McBGq@Ks@M}@Q_Aq@yDYsAk@iCKa@Ka@GWYcA[oAMc@yByHa@oAOm@GWEQGg@Ek@?WAI?gAA}AAs@?uA@yA?c@@o@?KDuB@i@D}@J}@P}AX}BFs@Bm@?k@A]?WGsACa@EiAG_AIeAUkBWaBAC_@cDKs@CSGc@MgAKgAG_AGgAEiACcACoAAeACcAAk@Cy@Ce@AOGaAIw@Gi@^A|@Ed@An@Ap@C`@Dd@L?@n@XHDb@Rf@ZLHPIHEBCHIJMN{B@OFiAPyDP_D@SFw@Da@BYNgAVuAl@gDi@c@W]MUGMWo@Uy@Ou@M{@EcACs@xACLAL?`@AVAr@Cb@A@QDMDGHCF?HBHPBL@HARENIHKBEAGAG^CNOt@[lBG^g@dDm@fDWtAOfACXE`@Gv@ARQ~CQxDGhAANOzBAXANC\WOUKMIg@[c@SIEo@Y?Ae@Ma@Eq@Bo@@e@@}@D_@@Fh@Hv@F`A@NBd@Bx@@j@BbA@dABnABbADhAFfAF~@JfALfAFb@BRJr@^bD@BV`BTjBHdAF~@DhAB`@FrA?V@\?j@Cl@Gr@Y|BQ|AK|@E|@Ah@EtB?JAn@?b@AxA?tA@r@@|A?fA@H?VDj@Ff@DPFVNl@`@nAxBxHLb@ZnAXbAFVJ`@J`@j@hCXrAp@xDP~@L|@Jr@Fp@LbBDn@F|@Fl@BVJp@VbBNbAD\DVJRJVFBDDDJ@J?LAJCJEVEVC^BrA?L@lAAx@E|@G`AM~@ERKh@Mh@ERGVK`@Mh@a@tBSjACP[bBq@~CCh@?d@DP@P?PCPELIJIDO\Md@U`EKnBCTYlEKrAc@pEQdBOvAMCUBQ@??KEMK[i@Xy@FQBKEKIOUS
S5,10,5,Ace Domestics → Albatross → Ace Domestics,1,7834,767,12min,}z`eI`mbHkAk@CP@X@HADAFAJd@PXLNJh@b@d@h@X`@Xj@JVJXFKBEFMBGBIFi@BONwAPeBb@qEJsAXmEBUJoBTaEAg@?g@GOCQAI?UDSFMFIHCF?JURc@p@_DZcBBQRkA`@uBLi@Ja@FWDSLi@Ji@DSL_AFaAD}@@y@AmA?MCsACa@C_@GEEGCICK?MBK@G?a@?YEWE]OcAWcBKq@CWGm@G}@Eo@McBGq@Ks@M}@Q_Aq@yDYsAk@iCKa@Ka@GWYcA[oAMc@yByHa@oAOm@GWEQGg@Ek@?WAI?gAA}AAs@?uA@yA?c@@o@?KDuB@i@D}@J}@P}AX}BFs@Bm@?k@A]?WGsACa@EiAG_AIeAUkBWaBAC_@cDKs@CSGc@MgAKgAG_AGgAEiACcACoAAeACcAAk@Cy@Ce@AOGaAIw@Gi@^A|@Ed@An@Ap@C`@Dd@L?@n@XHDb@Rf@ZLHPIHEBCHIJMN{B@OFiAPyDP_D@SFw@Da@BYNgAVuAl@gDi@c@W]MUGMWo@Uy@Ou@M{@EcACs@xACLAL?`@AVAr@Cb@A@QDMDGHCF?HBHPBL@HARENIHKBEAGAG^CNOt@[lBG^g@dDm@fDWtAOfACXE`@Gv@ARQ~CQxDGhAANOzBAXANC\WOUKMIg@[c@SIEo@Y?Ae@Ma@Eq@Bo@@e@@}@D_@@Fh@Hv@F`A@NBd@Bx@@j@BbA@dABnABbADhAFfAF~@JfALfAFb@BRJr@^bD@BV`BTjBHdAF~@DhAB`@FrA?V@\?j@Cl@Gr@Y|BQ|AK|@E|@Ah@EtB?JAn@?b@AxA?tA@r@@|A?fA@H?VDj@Ff@DPFVNl@`@nAxBxHLb@ZnAXbAFVJ`@J`@j@hCXrAp@xDP~@L|@Jr@Fp@LbBDn@F|@Fl@BVJp@VbBNbAD\DVJRJVFBDDDJ@J?LAJCJEVEVC^BrA?L@lAAx@E|@G`AM~@ERKh@Mh@ERGVK`@Mh@a@tBSjACP[bBq@~CCh@?d@DP@P?PCPELIJIDO\Md@U`EKnBCTYlEKrAc@pEQdBOvACNGh@CHCFGLCDGJMLGQM[Yi@]g@W[QQKKUOOI[OYK@W@K@G@EAIAYBQjAj@
S5,10,6,A.D Hairdressing → Al Mahdi Centre → A.D Hairdressing,1,1154,135,2min,ml~dIpwyG?@MLSLSJk@TUJm@iAS_@QWq@eA{DmFy@kAw@eAo@s@MQ][YQ]M[?OFQFGYECE?QHE?KAG@YLMFf@UFAJ@D?PID?DBFXPGNGZ?\LXP\ZLPn@r@v@dAx@jAzDlFp@dAPVR^l@hATKj@URKRMLM?A
S5,10,7,Air Raid Night → Al Mahdi Centre → Air Raid Night,1,3770,523,8min,i~_eI~bvGGpB?FGn@Kn@Qz@[lBKd@ENGHCFA?Qd@WdA_@|AGVCTEh@Cb@CTAJHFDLLp@L`A@LFj@Dv@@j@B|@?p@?`@Af@C^E\O~@Id@Kp@Gl@Iz@APAf@ALApA?zA?N@~@DrADr@BHH`AP~ARbCBPb@lEb@~Db@ArABx@@`AFX@TC^I^Q`@Sd@Oh@Ed@AR@Bj@@t@@\ATANCPGVW^o@bA{AfCEJEPAL@Vl@GNAnCWb@AZA~@IbAMd@Of@Uf@WDCFCNIJEGYECE?QHE?KAG@YLMFf@UFAJ@D?PID?DBFXKDOHGBEBg@Vg@Te@NcAL_AH[@c@@oCVO@m@FAW@MDQDKzAgCn@cAV_@FWBQ@O@UA]Au@Ck@SAe@@i@De@Na@R_@P_@HUBYAaAGy@AsACc@@c@_Ec@mECQScCQ_BIaACIEs@EsAA_A?O?{A@qA@M@g@@QH{@Fm@Jq@He@N_AD]B_@@g@?a@?q@C}@Ak@Ew@Gk@AMMaAMq@EMIG@KBUBc@Di@BUFW^}AVeAPe@@?BGFIDOJe@ZmBP{@Jo@Fo@?GFqB
S5,10,8,Al Mahdi Centre → A1 Immigration Services → Al Mahdi Centre,1,1176,126,2min,eg_eI|cyGXMFAJ@D?PID?DBFXPGNGZ?\LXP\ZLPn@r@v@dAx@jAzDlFp@dAPVR^l@hATKj@URKRMLMJWLc@g@[OKc@Y{@o@_@h@[b@ITGPq@eA{DmFy@kAw@eAo@s@MQ][YQ]M[?OFQFGYECE?QHE?KAG@YL
S5,10,9,Albatross → Allied Pharmacy - Firth Park Road → Albatross,1,1071,154,2min,{k`eInxyG`@AVAr@Cb@A@QDMDGHCF?HBPo@R_ALg@Jg@Xw@Zm@Xg@^e@TSRMTGTErBKGsECIECoBPi@H[LYPa@\]\WZW`@[h@Sd@Un@Wx@W|@IZ[dBMMGG}@kA]e@QCENOf@G`@EZIt@Et@Ch@AXxACLAL?
S5,10,10,Alex Barbers → Al Mahdi Centre → Alex Barbers,1,1817,247,4min,aj`eIfoyGh@l@H[V}@Vy@To@Re@Zi@Va@V[\]`@]XQZMh@InBQDBBHFrElAKLAj@Gl@GNAnCWb@AZA~@IbAMd@Of@Uf@WDCFCNIJEGYECE?QHE?KAG@YLMFf@UFAJ@D?PID?DBFXKDOHGBEBg@Vg@Te@NcAL_AH[@c@@oCVO@m@Fk@FM@mAJsBJUDUFSLUR_@d@Yf@[l@Yv@YnAS~@Qn@HPBL@HARENIHKBEAGAGOEM?Q@QDMC]GMECo@k@OMZeBi@m@
S5,10,11,Allied Pharmacy - Firth Park Road → 7 Hills Blinds → Allied Pharmacy - Firth Park Road,1,678,88,1min,kd`eIdryGMf@S~@Qn@HPBL@HARENIHKBEAGAG^CNOt@[lBG^g@dDi@c@W]MUGMWo@Uy@Ou@M{@EcACs@xACLAn@ADAP?r@Cb@A@QDMDGHCF?HBPo@R_ALg@
S5,10,12,Ameen → A1 Immigration Services → Ameen,1,2462,304,5min,u}}dI~fwGMMa@e@vA}Fd@d@NNPLEVCRGVg@jBGTCJCJOf@Sf@Yt@Qh@CDSp@GPCPG`@CTCXEt@?HIz@KjBCTCTMj@Kd@CRCTAN?L?HAh@?z@Al@?`@ChBC`BEpBGzBAf@GvAYlG?\?J?J?HBBBNBH?LAREXCLETEDEBEBCAEBID?@ONWhAa@vBGT}@tD]~Ag@[OKc@Y`BeHtApAFU`@wBViAF]@CJUAK?MHc@BKDQF]BM@MDWXmGFwA@g@F{BDqBBaBBiB?a@@m@?{@@i@?I?M@OBUBSJe@Lk@BUBUJkBH{@?IDu@BYBUFa@BQFQRq@BEPi@Xu@Rg@Ng@BKBKFUf@kBFWBSDWQMOOe@e@wA|F`@d@LL
S5,15,13,2nd Time Around → Al Mahdi Centre → A1 Immigration Services → 2nd Time Around,2,3045,332,5min,wj`eIrryGo@y@]e@QCENOf@G`@EZIt@Et@Ch@AXxACLAn@AVAr@Cb@A@QDMDGHCF?HBPo@R_AXoAXw@Zm@Xg@^e@TSRMTGTErBKlAKLAj@Gl@GNAnCWb@AZA~@IbAMd@Of@Uf@WDCFCNIJEGYECE?QHE?KAG@YLMFf@UFAJ@D?PID?DBFXPGNGZ?\LXP\ZLPn@r@v@dAx@jAzDlFp@dAPVR^l@hATKj@URKRMLMJWLc@g@[OKc@Y{@o@_@h@[b@ITGPq@eA{DmFy@kAw@eAo@s@MQ][YQ]M[?OFQFKDOHGBEBg@Vg@Te@NcAL_AH[@c@@oCVO@m@Fk@FM@mAJsBJUDUFSLUR_@d@Yf@[l@Yv@YnAS~@Qn@HPBL@HARENIHKBEAGAGOEM?Q@QDMC]GMECo@k@OMMMGGMQ
S5,15,14,7 Hills Blinds → Allied Pharmacy - Firth Park Road → Al Mahdi Centre → 7 Hills Blinds,2,2034,237,3min,sj`eIjxyGP?r@Cb@A@QDMDGHCF?HBPo@R_ALg@Jg@Xw@Zm@Xg@^e@TSRMTGTErBKlAKLAj@Gl@GNAnCWb@AZA~@IbAMd@Of@Uf@WDCFCNIJEGYECE?QHE?KAG@YLMFf@UFAJ@D?PID?DBFXKDOHGBEBg@Vg@Te@NcAL_AH[@c@@oCVO@m@Fk@FM@mAJsBJUDUFSLUR_@d@Yf@[l@Yv@YnAS~@Qn@HPBL@HARENIHKBEAGAG^CNOt@[lBG^g@dDi@c@W]MUGMWo@Uy@Ou@M{@EcACs@xACLAn@ADA
S5,15,15,A1 Immigration Services → Al Mahdi Centre → Ameen → A1 Immigration Services,2,3601,449,7min,{l~dIztyGf@ZMb@KVMLSLSJk@TUJm@iAS_@QWq@eA{DmFy@kAw@eAo@s@MQ][YQ]M[?OFQFGYECE?QHE?KAG@YLMFf@UFAJ@D?PID?DBFXPGNGZ?\LXP\ZLPn@r@v@dAx@jAzDlFp@dAPVR^l@hATKj@URKRMLMJWLc@\_B|@uDFU`@wBViAF]@CJUAK?MHc@BKDQF]BM@MDWXmGFwA@g@F{BDqBBaBBiB?a@@m@?{@@i@?I?M@OBUBSJe@Lk@BUBUJkBH{@?IDu@BYBUFa@BQFQRq@BEPi@Xu@Rg@Ng@BKBKFUf@kBFWBSDWQMOOe@e@wA|F`@d@PRCEMMa@e@vA}Fd@d@NNPLEVCRGVg@jBGTCJCJOf@Sf@Yt@Qh@CDSp@GPCPG`@CTCXEt@?HIz@KjBCTCTMj@Kd@CRCTAN?L?HAh@?z@Al@?`@ChBC`BEpBGzBAf@GvAYlG?\?J?J?HBBBNBH?LAREXCLETEDEBEBCAEBID?@ONWhAa@vBGT}@tD]~Ag@[
S5,15,16,Abbeymoor Veterinary Centres → Albatross → Allied Pharmacy - Firth Park Road → Abbeymoor Veterinary Centres,2,8809,850,14min,gx`eIplbHTRHNDJCJGPYx@Zh@LJJD??PATCLBNwAPeBb@qEJsAXmEBUJoBTaEAg@?g@GOCQAI?UDSFMFIHCF?JURc@p@_DZcBBQRkA`@uBLi@Ja@FWDSLi@Ji@DSL_AFaAD}@@y@AmA?MCsACa@C_@GEEGCICK?MBK@G?a@?YEWE]OcAWcBKq@CWGm@G}@Eo@McBGq@Ks@M}@Q_Aq@yDYsAk@iCKa@Ka@GWYcA[oAMc@yByHa@oAOm@GWEQGg@Ek@?WAI?gAA}AAs@?uA@yA?c@@o@?KDuB@i@D}@J}@P}AX}BFs@Bm@?k@A]?WGsACa@EiAG_AIeAUkBWaBAC_@cDKs@CSGc@MgAKgAG_AGgAEiACcACoAAeACcAAk@Cy@Ce@AOGaAIw@Gi@^A|@Ed@An@Ap@C`@Dd@L?@n@XHDb@Rf@ZLHPIHEBCHIJMN{B@OFiAPyDP_D@SFw@Da@BYNgAVuAl@gDi@c@W]MUGMWo@Uy@Ou@M{@EcACs@xACLAL?`@AVAr@Cb@A@QDMDGHCF?HBPo@R_ALg@Jg@Xw@Zm@Xg@^e@TSRMTGTErBKlAKLAj@Gl@GNAnCWb@AZA~@IbAMd@Of@Uf@WDCFCNIJEPGNGZ?\LXP\ZLPn@r@v@dAx@jAzDlFp@dAPVR^l@hA\t@T`@N\Tb@`EhIR`@TVFFDBJLBRDTJd@BHJf@DTLf@DTLl@DV@N@P?LAlA?z@AtBAjBA^Af@A\KnAIn@EVEf@Cn@Ar@?\@dBArBAp@El@]~CE`@G\IXITGJe@~@mAfCKf@Uj@EFEJGLEHKTIPWd@[`@SPa@Ts@r@w@v@q@l@y@p@YX[`@U\q@|Aa@|@Ud@g@dAQd@IPUj@]fAUv@ENYzAWtAKv@It@CVGfAI|BEdA?TE~@Cn@C\Kp@Ij@K\AFK^YbACFGb@Gf@E`@An@?V?VD|@Db@BVHb@Nx@?@BPVp@HAHDFHDLBN?L?DERGJGDG@YTQNS^IFk@`AiA`BSXKLa@j@{@dAoCjD[`@KJKJyA|@q@b@[ZUXSb@_@|@uBnF[x@Yd@Yb@KNMJQLUNIF[XEHCJEVEVC^BrA?L@lAAx@E|@G`AM~@ERKh@Mh@ERGVK`@Mh@a@tBSjACP[bBq@~CCh@?d@DP@P?PCPELIJIDO\Md@U`EKnBCTYlEKrAc@pEQdBOvAMCUBQ@??KEMK[i@Xy@FQBKEKIOUS
S5,15,17,Ace Domestics → Albatross → Allied Pharmacy - Firth Park Road → Ace Domestics,2,9111,853,14min,}z`eI`mbHkAk@CP@X@HADAFAJd@PXLNJh@b@d@h@X`@Xj@JVJXFKBEFMBGBIFi@BONwAPeBb@qEJsAXmEBUJoBTaEAg@?g@GOCQAI?UDSFMFIHCF?JURc@p@_DZcBBQRkA`@uBLi@Ja@FWDSLi@Ji@DSL_AFaAD}@@y@AmA?MCsACa@C_@GEEGCICK?MBK@G?a@?YEWE]OcAWcBKq@CWGm@G}@Eo@McBGq@Ks@M}@Q_Aq@yDYsAk@iCKa@Ka@GWYcA[oAMc@yByHa@oAOm@GWEQGg@Ek@?WAI?gAA}AAs@?uA@yA?c@@o@?KDuB@i@D}@J}@P}AX}BFs@Bm@?k@A]?WGsACa@EiAG_AIeAUkBWaBAC_@cDKs@CSGc@MgAKgAG_AGgAEiACcACoAAeACcAAk@Cy@Ce@AOGaAIw@Gi@^A|@Ed@An@Ap@C`@Dd@L?@n@XHDb@Rf@ZLHPIHEBCHIJMN{B@OFiAPyDP_D@SFw@Da@BYNgAVuAl@gDi@c@W]MUGMWo@Uy@Ou@M{@EcACs@xACLAL?`@AVAr@Cb@A@QDMDGHCF?HBPo@R_ALg@Jg@Xw@Zm@Xg@^e@TSRMTGTErBKlAKLAj@Gl@GNAnCWb@AZA~@IbAMd@Of@Uf@WDCFCNIJEPGNGZ?\LXP\ZLPn@r@v@dAx@jAzDlFp@dAPVR^l@hA\t@T`@N\Tb@`EhIR`@TVFFDBJLBRDTJd@BHJf@DTLf@DTLl@DV@N@P?LAlA?z@AtBAjBA^Af@A\KnAIn@EVEf@Cn@Ar@?\@dBArBAp@El@]~CE`@G\IXITGJe@~@mAfCKf@Uj@EFEJGLEHKTIPWd@[`@SPa@Ts@r@w@v@q@l@y@p@YX[`@U\q@|Aa@|@Ud@g@dAQd@IPUj@]fAUv@ENYzAWtAKv@It@CVGfAI|BEdA?TE~@Cn@C\Kp@Ij@K\AFK^YbACFGb@Gf@E`@An@?V?VD|@Db@BVHb@Nx@?@BPVp@HAHDFHDLBN?L?DERGJGDG@YTQNS^IFk@`AiA`BSXKLa@j@{@dAoCjD[`@KJKJyA|@q@b@[ZUXSb@_@|@uBnF[x@Yd@Yb@KNMJQLUNIF[XEHCJEVEVC^BrA?L@lAAx@E|@G`AM~@ERKh@Mh@ERGVK`@Mh@a@tBSjACP[bBq@~CCh@?d@DP@P?PCPELIJIDO\Md@U`EKnBCTYlEKrAc@pEQdBOvACNGh@CHCFGLCDGJMLGQM[Yi@]g@W[QQKKUOOI[OYK@W@K@G@EAIAYBQjAj@
S5,15,18,A.D Hairdressing → Al Mahdi Centre → Ameen → A.D Hairdressing,2,3554,438,7min,ml~dIpwyG?@MLSLSJk@TUJm@iAS_@QWq@eA{DmFy@kAw@eAo@s@MQ][YQ]M[?OFQFGYECE?QHE?KAG@YLMFf@UFAJ@D?PID?DBFXPGNGZ?\LXP\ZLPn@r@v@dAx@jAzDlFp@dAPVR^l@hATKj@URKRMLMJWLc@\_B|@uDFU`@wBViAF]@CJUAK?MHc@BKDQF]BM@MDWXmGFwA@g@F{BDqBBaBBiB?a@@m@?{@@i@?I?M@OBUBSJe@Lk@BUBUJkBH{@?IDu@BYBUFa@BQFQRq@BEPi@Xu@Rg@Ng@BKBKFUf@kBFWBSDWQMOOe@e@wA|F`@d@PRCEMMa@e@vA}Fd@d@NNPLEVCRGVg@jBGTCJCJOf@Sf@Yt@Qh@CDSp@GPCPG`@CTCXEt@?HIz@KjBCTCTMj@Kd@CRCTAN?L?HAh@?z@Al@?`@ChBC`BEpBGzBAf@GvAYlG?\?J?J?HBBBNBH?LAREXCLETEDEBEBCAEBID?@ONWhAa@vBGT}@tD]~AMb@KT
S5,15,19,Air Raid Night → Al Mahdi Centre → Allied Pharmacy - Firth Park Road → Air Raid Night,2,4153,540,9min,i~_eI~bvGGpB?FGn@Kn@Qz@[lBKd@ENGHCFA?Qd@WdA_@|AGVCTEh@Cb@CTAJHFDLLp@L`A@LFj@Dv@@j@B|@?p@?`@Af@C^E\O~@Id@Kp@Gl@Iz@APAf@ALApA?zA?N@~@DrADr@BHH`AP~ARbCBPb@lEb@~Db@ArABx@@`AFX@TC^I^Q`@Sd@Oh@Ed@AR@Bj@@t@@\ATANCPGVW^o@bA{AfCEJEPAL@Vl@GNAnCWb@AZA~@IbAMd@Of@Uf@WDCFCNIJEGYECE?QHE?KAG@YLMFf@UFAJ@D?PID?DBFXKDOHGBEBg@Vg@Te@NcAL_AH[@c@@oCVO@m@Fk@FM@mAJsBJUDUFSLUR_@d@Yf@[l@Yv@Kf@Mf@S~@Qn@HPBL@HARENIHKBEAGAGOEM?Q@QDMC]GMECo@k@OMMMGG}@kA]e@?G@G@E?Eh@yAHSFQx@sBf@iAp@eA`@g@\YnAs@JOLUF_@D_@Bc@c@_Ec@mECQScCQ_BIaACIEs@EsAA_A?O?{A@qA@M@g@@QH{@Fm@Jq@He@N_AD]B_@@g@?a@?q@C}@Ak@Ew@Gk@AMMaAMq@EMIG@KBUBc@Di@BUFW^}AVeAPe@@?BGFIDOJe@ZmBP{@Jo@Fo@?GFqB
S5,15,20,Al Mahdi Centre → A1 Immigration Services → Allied Pharmacy - Firth Park Road → Al Mahdi Centre,2,2618,233,3min,eg_eI|cyGXMFAJ@D?PID?DBFXPGNGZ?\LXP\ZLPn@r@v@dAx@jAzDlFp@dAPVR^l@hATKj@URKRMLMJWLc@g@[OKc@Y{@o@_@h@[b@ITGPq@eA{DmFy@kAw@eAo@s@MQ][YQ]M[?OFQFKDOHGBEBg@Vg@Te@NcAL_AH[@c@@oCVO@m@Fk@FM@mAJsBJUDUFSLUR_@d@Yf@[l@Yv@YnAS~@Qn@HPBL@HARENIHKBEAGAGOEM?Q@QDMDGHCF?HBPo@R_ALg@Jg@Xw@Zm@Xg@^e@TSRMTGTErBKlAKLAj@Gl@GNAnCWb@AZA~@IbAMd@Of@Uf@WDCFCNIJEGYECE?QHE?KAG@YL
S5,15,21,Albatross → Allied Pharmacy - Firth Park Road → Al Mahdi Centre → Albatross,2,2034,237,3min,{k`eInxyG`@AVAr@Cb@A@QDMDGHCF?HBPo@R_ALg@Jg@Xw@Zm@Xg@^e@TSRMTGTErBKlAKLAj@Gl@GNAnCWb@AZA~@IbAMd@Of@Uf@WDCFCNIJEGYECE?QHE?KAG@YLMFf@UFAJ@D?PID?DBFXKDOHGBEBg@Vg@Te@NcAL_AH[@c@@oCVO@m@Fk@FM@mAJsBJUDUFSLUR_@d@Yf@[l@Yv@YnAS~@Qn@HPBL@HARENIHKBEAGAG^CNOt@[lBG^g@dDi@c@W]MUGMWo@Uy@Ou@M{@EcACs@xACLAL?
S5,15,22,Alex Barbers → Al Mahdi Centre → A1 Immigration Services → Alex Barbers,2,2879,342,5min,aj`eIfoyGh@l@H[V}@Vy@To@Re@Zi@Va@V[\]`@]XQZMh@InBQDBBHFrElAKLAj@Gl@GNAnCWb@AZA~@IbAMd@Of@Uf@WDCFCNIJEGYECE?QHE?KAG@YLMFf@UFAJ@D?PID?DBFXPGNGZ?\LXP\ZLPn@r@v@dAx@jAzDlFp@dAPVR^l@hATKj@URKRMLMJWLc@g@[OKc@Y{@o@_@h@[b@ITGPq@eA{DmFy@kAw@eAo@s@MQ][YQ]M[?OFQFKDOHGBEBg@Vg@Te@NcAL_AH[@c@@oCVO@m@Fk@FM@mAJsBJUDUFSLUR_@d@Yf@[l@Yv@YnAS~@Qn@HPBL@HARENIHKBEAGAGOEM?Q@QDMC]GMECo@k@OMZeBi@m@
S5,15,23,Allied Pharmacy - Firth Park Road → 7 Hills Blinds → Al Mahdi Centre → Allied Pharmacy - Firth Park Road,2,2034,237,3min,kd`eIdryGMf@S~@Qn@HPBL@HARENIHKBEAGAG^CNOt@[lBG^g@dDi@c@W]MUGMWo@Uy@Ou@M{@EcACs@xACLAn@ADAP?r@Cb@A@QDMDGHCF?HBPo@R_AXoAXw@Zm@Xg@^e@TSRMTGTErBKlAKLAj@Gl@GNAnCWb@AZA~@IbAMd@Of@Uf@WDCFCNIJEGYECE?QHE?KAG@YLMFf@UFAJ@D?PID?DBFXKDOHGBEBg@Vg@Te@NcAL_AH[@c@@oCVO@m@Fk@FM@mAJsBJUDUFSLUR_@d@Yf@[l@Yv@Kf@
S5,15,24,Ameen → A1 Immigration Services → Al Mahdi Centre → Ameen,2,3539,423,7min,u}}dI~fwGMMa@e@vA}Fd@d@NNPLEVCRGVg@jBGTCJCJOf@Sf@Yt@Qh@CDSp@GPCPG`@CTCXEt@?HIz@KjBCTCTMj@Kd@CRCTAN?L?HAh@?z@Al@?`@ChBC`BEpBGzBAf@GvAYlG?\?J?J?HBBBNBH?LAREXCLETEDEBEBCAEBID?@ONWhAa@vBGT}@tD]~Ag@[OKc@Y{@o@_@h@[b@ITGPq@eA{DmFy@kAw@eAo@s@MQ][YQ]M[?OFQFGYECE?QHE?KAG@YLMFf@UFAJ@D?PID?DBFXPGNGZ?\LXP\ZLPn@r@v@dAx@jAzDlFp@dAPVR^l@hATKj@URKRMLMJWLc@\_B|@uDFU`@wBViAF]@CJUAK?MHc@BKDQF]BM@MDWXmGFwA@g@F{BDqBBaBBiB?a@@m@?{@@i@?I?M@OBUBSJe@Lk@BUBUJkBH{@?IDu@BYBUFa@BQFQRq@BEPi@Xu@Rg@Ng@BKBKFUf@kBFWBSDWQMOOe@e@wA|F`@d@LL
S5,20,25,2nd Time Around → Al Mahdi Centre → A1 Immigration Services → Air Raid Night → 2nd Time Around,3,7065,746,12min,wj`eIrryGo@y@]e@QCENOf@G`@EZIt@Et@Ch@AXxACLAn@AVAr@Cb@A@QDMDGHCF?HBPo@R_AXoAXw@Zm@Xg@^e@TSRMTGTErBKlAKLAj@Gl@GNAnCWb@AZA~@IbAMd@Of@Uf@WDCFCNIJEGYECE?QHE?KAG@YLMFf@UFAJ@D?PID?DBFXPGNGZ?\LXP\ZLPn@r@v@dAx@jAzDlFp@dAPVR^l@hATKj@URKRMLMJWLc@g@[OKc@Y`BeHtApAFU`@wBViAF]@CJUAK?MHc@BKDQF]BM@MDWXmGFwA@g@F{BDqBBaBBiB?a@@m@?{@@i@?I?M@OBUBSJe@Lk@BUBUJkBH{@?IDu@BYBUFa@BQFQRq@BEPi@Xu@Rg@Ng@BKBKFUf@kBFWBSDWQMOOe@e@QO]]QO][MMmAiAo@m@W[Ye@a@aAsAoD_AaCi@uA}@{BIS[y@CKcAmCMa@AGKc@UgAu@}EAGaAuGo@yDMc@M]KYOYIIIM]a@Y[aBqBQSU][g@Q_@SZOTg@`Ag@~@]p@IN_A~BUf@k@rAS^MTGDEDOJ[NKBI?GAKCa@Uo@i@MEM?QBiAf@u@\SHWBU?Q?MBIJELAR@XB^Hj@DRLt@VbAPr@DX@V?VAXG`@I\Sf@}@xBc@~@[`AGXCXCl@A`@GpB?FGn@Kn@Qz@[lBKd@ENGHCFA?Qd@WdA_@|AGVCTEh@Cb@CTAJCRo@tBm@vBIVu@dCOf@O^QTMLOLOFUHO?U?}@Cg@AE?W@c@D[D{A\[JOFMLKT[t@Y~@Qv@ETeAbFcAdFEV_@dBi@~BK\KRMTsAlB}A|BYd@GHEHGPKVn@HH?ZDN@@@z@HRBj@Jj@Nj@PxDhALDj@NNDTHVHLHRNNPRTV`@|@hB^p@p@fAj@x@p@fABDBRENOf@G`@EZIt@Et@Ch@AXxACLAn@AVAr@Cb@A@QDMC]GMECo@k@OMMMGGMQ
S5,20,26,7 Hills Blinds → Allied Pharmacy - Firth Park Road → Al Mahdi Centre → A1 Immigration Services → 7 Hills Blinds,3,3096,332,5min,sj`eIjxyGP?r@Cb@A@QDMDGHCF?HBPo@R_ALg@Jg@Xw@Zm@Xg@^e@TSRMTGTErBKlAKLAj@Gl@GNAnCWb@AZA~@IbAMd@Of@Uf@WDCFCNIJEGYECE?QHE?KAG@YLMFf@UFAJ@D?PID?DBFXPGNGZ?\LXP\ZLPn@r@v@dAx@jAzDlFp@dAPVR^l@hATKj@URKRMLMJWLc@g@[OKc@Y{@o@_@h@[b@ITGPq@eA{DmFy@kAw@eAo@s@MQ][YQ]M[?OFQFKDOHGBEBg@Vg@Te@NcAL_AH[@c@@oCVO@m@Fk@FM@mAJsBJUDUFSLUR_@d@Yf@[l@Yv@YnAS~@Qn@HPBL@HARENIHKBEAGAG^CNOt@[lBG^g@dDi@c@W]MUGMWo@Uy@Ou@M{@EcACs@xACLAn@ADA
S5,20,27,A1 Immigration Services → Al Mahdi Centre → Ameen → Allied Pharmacy - Firth Park Road → A1 Immigration Services,3,6113,632,10min,{l~dIztyGf@ZMb@KVMLSLSJk@TUJm@iAS_@QWq@eA{DmFy@kAw@eAo@s@MQ][YQ]M[?OFQFGYECE?QHE?KAG@YLMFf@UFAJ@D?PID?DBFXPGNGZ?\LXP\ZLPn@r@v@dAx@jAzDlFp@dAPVR^l@hATKj@URKRMLMJWLc@\_B|@uDFU`@wBViAF]@CJUAK?MHc@BKDQF]BM@MDWXmGFwA@g@F{BDqBBaBBiB?a@@m@?{@@i@?I?M@OBUBSJe@Lk@BUBUJkBH{@?IDu@BYBUFa@BQFQRq@BEPi@Xu@Rg@Ng@BKBKFUf@kBFWBSDWQMOOe@e@wA|F`@d@PRCEMMa@e@vA}Fd@d@NNPLEVCRGVg@jBGTCJCJOf@Sf@Yt@Qh@CDSp@GPCPG`@CTCXEt@?HIz@KjBCTCTMj@Kd@CRCTAN?L?HAh@?z@Al@?`@ChBC`BEpBGzBAf@GvAYlG?\?J?J?HBBBNBH?LAREXCLETEDEBEBCAEBID?@ONWhAa@vBGT}@tD]~AMb@KVMLSLSJk@TUJm@iAS_@QWq@eA{DmFy@kAw@eAo@s@MQ][YQ]M[?OFQFKDOHGBEBg@Vg@Te@NcAL_AH[@c@@oCVO@m@Fk@FM@mAJsBJUDUFSLUR_@d@Yf@[l@Yv@YnAS~@Qn@HPBL@HARENIHKBEAGAGOEM?Q@QDMDGHCF?HBPo@R_ALg@Jg@Xw@Zm@Xg@^e@TSRMTGTErBKlAKLAj@Gl@GNAnCWb@AZA~@IbAMd@Of@Uf@WDCFCNIJEPGNGZ?\LXP\ZLPn@r@v@dAx@jAzDlFp@dAPVR^l@hATKj@URKRMLMJWLc@g@[
S5,20,28,Abbeymoor Veterinary Centres → Albatross → Allied Pharmacy - Firth Park Road → A.D Hairdressing → Abbeymoor Veterinary Centres,3,9098,883,14min,gx`eIplbHTRHNDJCJGPYx@Zh@LJJD??PATCLBNwAPeBb@qEJsAXmEBUJoBTaEAg@?g@GOCQAI?UDSFMFIHCF?JURc@p@_DZcBBQRkA`@uBLi@Ja@FWDSLi@Ji@DSL_AFaAD}@@y@AmA?MCsACa@C_@GEEGCICK?MBK@G?a@?YEWE]OcAWcBKq@CWGm@G}@Eo@McBGq@Ks@M}@Q_Aq@yDYsAk@iCKa@Ka@GWYcA[oAMc@yByHa@oAOm@GWEQGg@Ek@?WAI?gAA}AAs@?uA@yA?c@@o@?KDuB@i@D}@J}@P}AX}BFs@Bm@?k@A]?WGsACa@EiAG_AIeAUkBWaBAC_@cDKs@CSGc@MgAKgAG_AGgAEiACcACoAAeACcAAk@Cy@Ce@AOGaAIw@Gi@^A|@Ed@An@Ap@C`@Dd@L?@n@XHDb@Rf@ZLHPIHEBCHIJMN{B@OFiAPyDP_D@SFw@Da@BYNgAVuAl@gDi@c@W]MUGMWo@Uy@Ou@M{@EcACs@xACLAL?`@AVAr@Cb@A@QDMDGHCF?HBPo@R_ALg@Jg@Xw@Zm@Xg@^e@TSRMTGTErBKlAKLAj@Gl@GNAnCWb@AZA~@IbAMd@Of@Uf@WDCFCNIJEPGNGZ?\LXP\ZLPn@r@v@dAx@jAzDlFp@dAPVR^l@hATKj@URKRMLM?AJULc@\_B|@uDlAlAEx@Ev@Q`D?JANCZALCl@An@Br@Dn@Dh@Lr@L`AD\Fp@JdA@LFd@BRDTJd@BHJf@DTLf@DTLl@DV@N@P?LAlA?z@AtBAjBA^Af@A\KnAIn@EVEf@Cn@Ar@?\@dBArBAp@El@]~CE`@G\IXITGJe@~@mAfCKf@Uj@EFEJGLEHKTIPWd@[`@SPa@Ts@r@w@v@q@l@y@p@YX[`@U\q@|Aa@|@Ud@g@dAQd@IPUj@]fAUv@ENYzAWtAKv@It@CVGfAI|BEdA?TE~@Cn@C\Kp@Ij@K\AFK^YbACFGb@Gf@E`@An@?V?VD|@Db@BVHb@Nx@?@BPVp@HAHDFHDLBN?L?DERGJGDG@YTQNS^IFk@`AiA`BSXKLa@j@{@dAoCjD[`@KJKJyA|@q@b@[ZUXSb@_@|@uBnF[x@Yd@Yb@KNMJQLUNIF[XEHCJEVEVC^BrA?L@lAAx@E|@G`AM~@ERKh@Mh@ERGVK`@Mh@a@tBSjACP[bBq@~CCh@?d@DP@P?PCPELIJIDO\Md@U`EKnBCTYlEKrAc@pEQdBOvAMCUBQ@??KEMK[i@Xy@FQBKEKIOUS
S5,20,29,Ace Domestics → Albatross → Allied Pharmacy - Firth Park Road → A.D Hairdressing → Ace Domestics,3,9400,886,14min,}z`eI`mbHkAk@CP@X@HADAFAJd@PXLNJh@b@d@h@X`@Xj@JVJXFKBEFMBGBIFi@BONwAPeBb@qEJsAXmEBUJoBTaEAg@?g@GOCQAI?UDSFMFIHCF?JURc@p@_DZcBBQRkA`@uBLi@Ja@FWDSLi@Ji@DSL_AFaAD}@@y@AmA?MCsACa@C_@GEEGCICK?MBK@G?a@?YEWE]OcAWcBKq@CWGm@G}@Eo@McBGq@Ks@M}@Q_Aq@yDYsAk@iCKa@Ka@GWYcA[oAMc@yByHa@oAOm@GWEQGg@Ek@?WAI?gAA}AAs@?uA@yA?c@@o@?KDuB@i@D}@J}@P}AX}BFs@Bm@?k@A]?WGsACa@EiAG_AIeAUkBWaBAC_@cDKs@CSGc@MgAKgAG_AGgAEiACcACoAAeACcAAk@Cy@Ce@AOGaAIw@Gi@^A|@Ed@An@Ap@C`@Dd@L?@n@XHDb@Rf@ZLHPIHEBCHIJMN{B@OFiAPyDP_D@SFw@Da@BYNgAVuAl@gDi@c@W]MUGMWo@Uy@Ou@M{@EcACs@xACLAL?`@AVAr@Cb@A@QDMDGHCF?HBPo@R_ALg@Jg@Xw@Zm@Xg@^e@TSRMTGTErBKlAKLAj@Gl@GNAnCWb@AZA~@IbAMd@Of@Uf@WDCFCNIJEPGNGZ?\LXP\ZLPn@r@v@dAx@jAzDlFp@dAPVR^l@hATKj@URKRMLM?AJULc@\_B|@uDlAlAEx@Ev@Q`D?JANCZALCl@An@Br@Dn@Dh@Lr@L`AD\Fp@JdA@LFd@BRDTJd@BHJf@DTLf@DTLl@DV@N@P?LAlA?z@AtBAjBA^Af@A\KnAIn@EVEf@Cn@Ar@?\@dBArBAp@El@]~CE`@G\IXITGJe@~@mAfCKf@Uj@EFEJGLEHKTIPWd@[`@SPa@Ts@r@w@v@q@l@y@p@YX[`@U\q@|Aa@|@Ud@g@dAQd@IPUj@]fAUv@ENYzAWtAKv@It@CVGfAI|BEdA?TE~@Cn@C\Kp@Ij@K\AFK^YbACFGb@Gf@E`@An@?V?VD|@Db@BVHb@Nx@?@BPVp@HAHDFHDLBN?L?DERGJGDG@YTQNS^IFk@`AiA`BSXKLa@j@{@dAoCjD[`@KJKJyA|@q@b@[ZUXSb@_@|@uBnF[x@Yd@Yb@KNMJQLUNIF[XEHCJEVEVC^BrA?L@lAAx@E|@G`AM~@ERKh@Mh@ERGVK`@Mh@a@tBSjACP[bBq@~CCh@?d@DP@P?PCPELIJIDO\Md@U`EKnBCTYlEKrAc@pEQdBOvACNGh@CHCFGLCDGJMLGQM[Yi@]g@W[QQKKUOOI[OYK@W@K@G@EAIAYBQjAj@
S5,20,30,A.D Hairdressing → Al Mahdi Centre → Ameen → Allied Pharmacy - Firth Park Road → A.D Hairdressing,3,6018,612,10min,ml~dIpwyG?@MLSLSJk@TUJm@iAS_@QWq@eA{DmFy@kAw@eAo@s@MQ][YQ]M[?OFQFGYECE?QHE?KAG@YLMFf@UFAJ@D?PID?DBFXPGNGZ?\LXP\ZLPn@r@v@dAx@jAzDlFp@dAPVR^l@hATKj@URKRMLMJWLc@\_B|@uDFU`@wBViAF]@CJUAK?MHc@BKDQF]BM@MDWXmGFwA@g@F{BDqBBaBBiB?a@@m@?{@@i@?I?M@OBUBSJe@Lk@BUBUJkBH{@?IDu@BYBUFa@BQFQRq@BEPi@Xu@Rg@Ng@BKBKFUf@kBFWBSDWQMOOe@e@wA|F`@d@PRCEMMa@e@vA}Fd@d@NNPLEVCRGVg@jBGTCJCJOf@Sf@Yt@Qh@CDSp@GPCPG`@CTCXEt@?HIz@KjBCTCTMj@Kd@CRCTAN?L?HAh@?z@Al@?`@ChBC`BEpBGzBAf@GvAYlG?\?J?J?HBBBNBH?LAREXCLETEDEBEBCAEBID?@ONWhAa@vBGT}@tD]~AMb@KVMLSLSJk@TUJm@iAS_@QWq@eA{DmFy@kAw@eAo@s@MQ][YQ]M[?OFQFKDOHGBEBg@Vg@Te@NcAL_AH[@c@@oCVO@m@Fk@FM@mAJsBJUDUFSLUR_@d@Yf@[l@Yv@YnAS~@Qn@HPBL@HARENIHKBEAGAGOEM?Q@QDMDGHCF?HBPo@R_ALg@Jg@Xw@Zm@Xg@^e@TSRMTGTErBKlAKLAj@Gl@GNAnCWb@AZA~@IbAMd@Of@Uf@WDCFCNIJEPGNGZ?\LXP\ZLPn@r@v@dAx@jAzDlFp@dAPVR^l@hATKj@URKRMLM?A
S5,20,31,Air Raid Night → Al Mahdi Centre → Allied Pharmacy - Firth Park Road → Ameen → Air Raid Night,3,7178,787,13min,i~_eI~bvGGpB?FGn@Kn@Qz@[lBKd@ENGHCFA?Qd@WdA_@|AGVCTEh@Cb@CTAJHFDLLp@L`A@LFj@Dv@@j@B|@?p@?`@Af@C^E\O~@Id@Kp@Gl@Iz@APAf@ALApA?zA?N@~@DrADr@BHH`AP~ARbCBPb@lEb@~Db@ArABx@@`AFX@TC^I^Q`@Sd@Oh@Ed@AR@Bj@@t@@\ATANCPGVW^o@bA{AfCEJEPAL@Vl@GNAnCWb@AZA~@IbAMd@Of@Uf@WDCFCNIJEGYECE?QHE?KAG@YLMFf@UFAJ@D?PID?DBFXKDOHGBEBg@Vg@Te@NcAL_AH[@c@@oCVO@m@Fk@FM@mAJsBJUDUFSLUR_@d@Yf@[l@Yv@Kf@Mf@S~@Qn@HPBL@HARENIHKBEAGAGOEM?Q@QDMDGHCF?HBPo@R_AXoAXw@Zm@Xg@^e@TSRMTGTErBKlAKLAj@Gl@GNAnCWb@AZA~@IbAMd@Of@Uf@WDCFCNIJEPGNGZ?\LXP\ZLPn@r@v@dAx@jAzDlFp@dAPVR^l@hATKj@URKRMLMJWLc@\_B|@uDFU`@wBViAF]@CJUAK?MHc@BKDQF]BM@MDWXmGFwA@g@F{BDqBBaBBiB?a@@m@?{@@i@?I?M@OBUBSJe@Lk@BUBUJkBH{@?IDu@BYBUFa@BQFQRq@BEPi@Xu@Rg@Ng@BKBKFUf@kBFWBSDWQMOOe@e@wA|F`@d@PRCEMMa@e@vA}FQO]]QO][MMmAiAo@m@W[Ye@a@aAsAoD_AaCi@uA}@{BIS[y@CKcAmCMa@AGKc@UgAu@}EAGaAuGo@yDMc@M]KYOYIIIM]a@Y[aBqBQSU][g@Q_@SZOTg@`Ag@~@]p@IN_A~BUf@k@rAS^MTGDEDOJ[NKBI?GAKCa@Uo@i@MEM?QBiAf@u@\SHWBU?Q?MBIJELAR@XB^Hj@DRLt@VbAPr@DX@V?VAXG`@I\Sf@}@xBc@~@[`AGXCXCl@A`@
S5,20,32,Al Mahdi Centre → A1 Immigration Services → Allied Pharmacy - Firth Park Road → 7 Hills Blinds → Al Mahdi Centre,3,3079,300,5min,eg_eI|cyGXMFAJ@D?PID?DBFXPGNGZ?\LXP\ZLPn@r@v@dAx@jAzDlFp@dAPVR^l@hATKj@URKRMLMJWLc@g@[OKc@Y{@o@_@h@[b@ITGPq@eA{DmFy@kAw@eAo@s@MQ][YQ]M[?OFQFKDOHGBEBg@Vg@Te@NcAL_AH[@c@@oCVO@m@Fk@FM@mAJsBJUDUFSLUR_@d@Yf@[l@Yv@Kf@Mf@S~@Qn@HPBL@HARENIHKBEAGAG^CNOt@[lBG^g@dDi@c@W]MUGMWo@Uy@Ou@M{@EcACs@xACLAn@ADAP?r@Cb@A@QDMDGHCF?HBPo@R_AXoAXw@Zm@Xg@^e@TSRMTGTErBKlAKLAj@Gl@GNAnCWb@AZA~@IbAMd@Of@Uf@WDCFCNIJEGYECE?QHE?KAG@YL
S5,20,33,Albatross → Allied Pharmacy - Firth Park Road → Al Mahdi Centre → A1 Immigration Services → Albatross,3,3096,332,5min,{k`eInxyG`@AVAr@Cb@A@QDMDGHCF?HBPo@R_ALg@Jg@Xw@Zm@Xg@^e@TSRMTGTErBKlAKLAj@Gl@GNAnCWb@AZA~@IbAMd@Of@Uf@WDCFCNIJEGYECE?QHE?KAG@YLMFf@UFAJ@D?PID?DBFXPGNGZ?\LXP\ZLPn@r@v@dAx@jAzDlFp@dAPVR^l@hATKj@URKRMLMJWLc@g@[OKc@Y{@o@_@h@[b@ITGPq@eA{DmFy@kAw@eAo@s@MQ][YQ]M[?OFQFKDOHGBEBg@Vg@Te@NcAL_AH[@c@@oCVO@m@Fk@FM@mAJsBJUDUFSLUR_@d@Yf@[l@Yv@YnAS~@Qn@HPBL@HARENIHKBEAGAG^CNOt@[lBG^g@dDi@c@W]MUGMWo@Uy@Ou@M{@EcACs@xACLAL?
S5,20,34,Alex Barbers → Al Mahdi Centre → A1 Immigration Services → Air Raid Night → Alex Barbers,3,6899,755,12min,aj`eIfoyGh@l@H[V}@Vy@To@Re@Zi@Va@V[\]`@]XQZMh@InBQDBBHFrElAKLAj@Gl@GNAnCWb@AZA~@IbAMd@Of@Uf@WDCFCNIJEGYECE?QHE?KAG@YLMFf@UFAJ@D?PID?DBFXPGNGZ?\LXP\ZLPn@r@v@dAx@jAzDlFp@dAPVR^l@hATKj@URKRMLMJWLc@g@[OKc@Y`BeHtApAFU`@wBViAF]@CJUAK?MHc@BKDQF]BM@MDWXmGFwA@g@F{BDqBBaBBiB?a@@m@?{@@i@?I?M@OBUBSJe@Lk@BUBUJkBH{@?IDu@BYBUFa@BQFQRq@BEPi@Xu@Rg@Ng@BKBKFUf@kBFWBSDWQMOOe@e@QO]]QO][MMmAiAo@m@W[Ye@a@aAsAoD_AaCi@uA}@{BIS[y@CKcAmCMa@AGKc@UgAu@}EAGaAuGo@yDMc@M]KYOYIIIM]a@Y[aBqBQSU][g@Q_@SZOTg@`Ag@~@]p@IN_A~BUf@k@rAS^MTGDEDOJ[NKBI?GAKCa@Uo@i@MEM?QBiAf@u@\SHWBU?Q?MBIJELAR@XB^Hj@DRLt@VbAPr@DX@V?VAXG`@I\Sf@}@xBc@~@[`AGXCXCl@A`@GpB?FGn@Kn@Qz@[lBKd@ENGHCFA?Qd@WdA_@|AGVCTEh@Cb@CTAJCRo@tBm@vBIVu@dCOf@O^QTMLOLOFUHO?U?}@Cg@AE?W@c@D[D{A\[JOFMLKT[t@Y~@Qv@ETeAbFcAdFEV_@dBi@~BK\KRMTsAlB}A|BYd@GHEHGPKVn@HH?ZDN@@@z@HRBj@Jj@Nj@PxDhALDj@NNDTHVHLHRNNPRTV`@|@hB^p@p@fAj@x@p@fABDBRENOf@G`@EZIt@Et@Ch@AXxACLAn@AVAr@Cb@A@QDMC]GMECo@k@OMZeBi@m@
S5,20,35,Allied Pharmacy - Firth Park Road → 7 Hills Blinds → Al Mahdi Centre → A1 Immigration Services → Allied Pharmacy - Firth Park Road,3,3096,332,5min,kd`eIdryGMf@S~@Qn@HPBL@HARENIHKBEAGAG^CNOt@[lBG^g@dDi@c@W]MUGMWo@Uy@Ou@M{@EcACs@xACLAn@ADAP?r@Cb@A@QDMDGHCF?HBPo@R_AXoAXw@Zm@Xg@^e@TSRMTGTErBKlAKLAj@Gl@GNAnCWb@AZA~@IbAMd@Of@Uf@WDCFCNIJEGYECE?QHE?KAG@YLMFf@UFAJ@D?PID?DBFXPGNGZ?\LXP\ZLPn@r@v@dAx@jAzDlFp@dAPVR^l@hATKj@URKRMLMJWLc@g@[OKc@Y{@o@_@h@[b@ITGPq@eA{DmFy@kAw@eAo@s@MQ][YQ]M[?OFQFKDOHGBEBg@Vg@Te@NcAL_AH[@c@@oCVO@m@Fk@FM@mAJsBJUDUFSLUR_@d@Yf@[l@Yv@Kf@
S5,20,36,Ameen → A1 Immigration Services → Al Mahdi Centre → Air Raid Night → Ameen,3,5737,651,10min,u}}dI~fwGMMa@e@vA}Fd@d@NNPLEVCRGVg@jBGTCJCJOf@Sf@Yt@Qh@CDSp@GPCPG`@CTCXEt@?HIz@KjBCTCTMj@Kd@CRCTAN?L?HAh@?z@Al@?`@ChBC`BEpBGzBAf@GvAYlG?\?J?J?HBBBNBH?LAREXCLETEDEBEBCAEBID?@ONWhAa@vBGT}@tD]~Ag@[OKc@Y{@o@_@h@[b@ITGPq@eA{DmFy@kAw@eAo@s@MQ][YQ]M[?OFQFGYECE?QHE?KAG@YLMFf@UFAJ@D?PID?DBFXKDOHGBEBg@Vg@Te@NcAL_AH[@c@@oCVO@m@FAW@MDQDKzAgCn@cAV_@FWBQ@O@UA]Au@Ck@SAe@@i@De@Na@R_@P_@HUBYAaAGy@AsACc@@c@_Ec@mECQScCQ_BIaACIEs@EsAA_A?O?{A@qA@M@g@@QH{@Fm@Jq@He@N_AD]B_@@g@?a@?q@C}@Ak@Ew@Gk@AMMaAMq@EMIG@KBUBc@Di@BUFW^}AVeAPe@@?BGFIDOJe@ZmBP{@Jo@Fo@?GFqB@a@Bm@BYFYZaAb@_A|@yBRg@H]Fa@@Y?WAWEYQs@WcAMu@ESIk@C_@AY@SDMHKLCP?T?VCRIt@]hAg@PCL?LDn@h@`@TJBF@H?JCZONKDEFELUR_@j@sATg@~@_CHO\q@f@_Af@aANUR[P^Zf@T\PR`BpBXZ\`@HLHHNXJXL\Lb@n@xD`AtG@Ft@|ETfAJb@@FL`@bAlCBJZx@HR|@zBh@tA~@`CrAnD`@`AXd@VZn@l@lAhALL\ZPN\\PNwA|F`@d@LL
S5,25,37,2nd Time Around → Al Mahdi Centre → A1 Immigration Services → Air Raid Night → 2nd Time Around,3,7065,746,12min,wj`eIrryGo@y@]e@QCENOf@G`@EZIt@Et@Ch@AXxACLAn@AVAr@Cb@A@QDMDGHCF?HBPo@R_AXoAXw@Zm@Xg@^e@TSRMTGTErBKlAKLAj@Gl@GNAnCWb@AZA~@IbAMd@Of@Uf@WDCFCNIJEGYECE?QHE?KAG@YLMFf@UFAJ@D?PID?DBFXPGNGZ?\LXP\ZLPn@r@v@dAx@jAzDlFp@dAPVR^l@hATKj@URKRMLMJWLc@g@[OKc@Y`BeHtApAFU`@wBViAF]@CJUAK?MHc@BKDQF]BM@MDWXmGFwA@g@F{BDqBBaBBiB?a@@m@?{@@i@?I?M@OBUBSJe@Lk@BUBUJkBH{@?IDu@BYBUFa@BQFQRq@BEPi@Xu@Rg@Ng@BKBKFUf@kBFWBSDWQMOOe@e@QO]]QO][MMmAiAo@m@W[Ye@a@aAsAoD_AaCi@uA}@{BIS[y@CKcAmCMa@AGKc@UgAu@}EAGaAuGo@yDMc@M]KYOYIIIM]a@Y[aBqBQSU][g@Q_@SZOTg@`Ag@~@]p@IN_A~BUf@k@rAS^MTGDEDOJ[NKBI?GAKCa@Uo@i@MEM?QBiAf@u@\SHWBU?Q?MBIJELAR@XB^Hj@DRLt@VbAPr@DX@V?VAXG`@I\Sf@}@xBc@~@[`AGXCXCl@A`@GpB?FGn@Kn@Qz@[lBKd@ENGHCFA?Qd@WdA_@|AGVCTEh@Cb@CTAJCRo@tBm@vBIVu@dCOf@O^QTMLOLOFUHO?U?}@Cg@AE?W@c@D[D{A\[JOFMLKT[t@Y~@Qv@ETeAbFcAdFEV_@dBi@~BK\KRMTsAlB}A|BYd@GHEHGPKVn@HH?ZDN@@@z@HRBj@Jj@Nj@PxDhALDj@NNDTHVHLHRNNPRTV`@|@hB^p@p@fAj@x@p@fABDBRENOf@G`@EZIt@Et@Ch@AXxACLAn@AVAr@Cb@A@QDMC]GMECo@k@OMMMGGMQ
S5,25,38,7 Hills Blinds → Allied Pharmacy - Firth Park Road → Al Mahdi Centre → A1 Immigration Services → 7 Hills Blinds,3,3096,332,5min,sj`eIjxyGP?r@Cb@A@QDMDGHCF?HBPo@R_ALg@Jg@Xw@Zm@Xg@^e@TSRMTGTErBKlAKLAj@Gl@GNAnCWb@AZA~@IbAMd@Of@Uf@WDCFCNIJEGYECE?QHE?KAG@YLMFf@UFAJ@D?PID?DBFXPGNGZ?\LXP\ZLPn@r@v@dAx@jAzDlFp@dAPVR^l@hATKj@URKRMLMJWLc@g@[OKc@Y{@o@_@h@[b@ITGPq@eA{DmFy@kAw@eAo@s@MQ][YQ]M[?OFQFKDOHGBEBg@Vg@Te@NcAL_AH[@c@@oCVO@m@Fk@FM@mAJsBJUDUFSLUR_@d@Yf@[l@Yv@YnAS~@Qn@HPBL@HARENIHKBEAGAG^CNOt@[lBG^g@dDi@c@W]MUGMWo@Uy@Ou@M{@EcACs@xACLAn@ADA
S5,25,39,A1 Immigration Services → Al Mahdi Centre → Ameen → Allied Pharmacy - Firth Park Road → A1 Immigration Services,3,6113,632,10min,{l~dIztyGf@ZMb@KVMLSLSJk@TUJm@iAS_@QWq@eA{DmFy@kAw@eAo@s@MQ][YQ]M[?OFQFGYECE?QHE?KAG@YLMFf@UFAJ@D?PID?DBFXPGNGZ?\LXP\ZLPn@r@v@dAx@jAzDlFp@dAPVR^l@hATKj@URKRMLMJWLc@\_B|@uDFU`@wBViAF]@CJUAK?MHc@BKDQF]BM@MDWXmGFwA@g@F{BDqBBaBBiB?a@@m@?{@@i@?I?M@OBUBSJe@Lk@BUBUJkBH{@?IDu@BYBUFa@BQFQRq@BEPi@Xu@Rg@Ng@BKBKFUf@kBFWBSDWQMOOe@e@wA|F`@d@PRCEMMa@e@vA}Fd@d@NNPLEVCRGVg@jBGTCJCJOf@Sf@Yt@Qh@CDSp@GPCPG`@CTCXEt@?HIz@KjBCTCTMj@Kd@CRCTAN?L?HAh@?z@Al@?`@ChBC`BEpBGzBAf@GvAYlG?\?J?J?HBBBNBH?LAREXCLETEDEBEBCAEBID?@ONWhAa@vBGT}@tD]~AMb@KVMLSLSJk@TUJm@iAS_@QWq@eA{DmFy@kAw@eAo@s@MQ][YQ]M[?OFQFKDOHGBEBg@Vg@Te@NcAL_AH[@c@@oCVO@m@Fk@FM@mAJsBJUDUFSLUR_@d@Yf@[l@Yv@YnAS~@Qn@HPBL@HARENIHKBEAGAGOEM?Q@QDMDGHCF?HBPo@R_ALg@Jg@Xw@Zm@Xg@^e@TSRMTGTErBKlAKLAj@Gl@GNAnCWb@AZA~@IbAMd@Of@Uf@WDCFCNIJEPGNGZ?\LXP\ZLPn@r@v@dAx@jAzDlFp@dAPVR^l@hATKj@URKRMLMJWLc@g@[
S5,25,40,Abbeymoor Veterinary Centres → Albatross → Allied Pharmacy - Firth Park Road → A.D Hairdressing → Abbeymoor Veterinary Centres,3,9098,883,14min,gx`eIplbHTRHNDJCJGPYx@Zh@LJJD??PATCLBNwAPeBb@qEJsAXmEBUJoBTaEAg@?g@GOCQAI?UDSFMFIHCF?JURc@p@_DZcBBQRkA`@uBLi@Ja@FWDSLi@Ji@DSL_AFaAD}@@y@AmA?MCsACa@C_@GEEGCICK?MBK@G?a@?YEWE]OcAWcBKq@CWGm@G}@Eo@McBGq@Ks@M}@Q_Aq@yDYsAk@iCKa@Ka@GWYcA[oAMc@yByHa@oAOm@GWEQGg@Ek@?WAI?gAA}AAs@?uA@yA?c@@o@?KDuB@i@D}@J}@P}AX}BFs@Bm@?k@A]?WGsACa@EiAG_AIeAUkBWaBAC_@cDKs@CSGc@MgAKgAG_AGgAEiACcACoAAeACcAAk@Cy@Ce@AOGaAIw@Gi@^A|@Ed@An@Ap@C`@Dd@L?@n@XHDb@Rf@ZLHPIHEBCHIJMN{B@OFiAPyDP_D@SFw@Da@BYNgAVuAl@gDi@c@W]MUGMWo@Uy@Ou@M{@EcACs@xACLAL?`@AVAr@Cb@A@QDMDGHCF?HBPo@R_ALg@Jg@Xw@Zm@Xg@^e@TSRMTGTErBKlAKLAj@Gl@GNAnCWb@AZA~@IbAMd@Of@Uf@WDCFCNIJEPGNGZ?\LXP\ZLPn@r@v@dAx@jAzDlFp@dAPVR^l@hATKj@URKRMLM?AJULc@\_B|@uDlAlAEx@Ev@Q`D?JANCZALCl@An@Br@Dn@Dh@Lr@L`AD\Fp@JdA@LFd@BRDTJd@BHJf@DTLf@DTLl@DV@N@P?LAlA?z@AtBAjBA^Af@A\KnAIn@EVEf@Cn@Ar@?\@dBArBAp@El@]~CE`@G\IXITGJe@~@mAfCKf@Uj@EFEJGLEHKTIPWd@[`@SPa@Ts@r@w@v@q@l@y@p@YX[`@U\q@|Aa@|@Ud@g@dAQd@IPUj@]fAUv@ENYzAWtAKv@It@CVGfAI|BEdA?TE~@Cn@C\Kp@Ij@K\AFK^YbACFGb@Gf@E`@An@?V?VD|@Db@BVHb@Nx@?@BPVp@HAHDFHDLBN?L?DERGJGDG@YTQNS^IFk@`AiA`BSXKLa@j@{@dAoCjD[`@KJKJyA|@q@b@[ZUXSb@_@|@uBnF[x@Yd@Yb@KNMJQLUNIF[XEHCJEVEVC^BrA?L@lAAx@E|@G`AM~@ERKh@Mh@ERGVK`@Mh@a@tBSjACP[bBq@~CCh@?d@DP@P?PCPELIJIDO\Md@U`EKnBCTYlEKrAc@pEQdBOvAMCUBQ@??KEMK[i@Xy@FQBKEKIOUS
S5,25,41,Ace Domestics → Albatross → Allied Pharmacy - Firth Park Road → A.D Hairdressing → Ace Domestics,3,9400,886,14min,}z`eI`mbHkAk@CP@X@HADAFAJd@PXLNJh@b@d@h@X`@Xj@JVJXFKBEFMBGBIFi@BONwAPeBb@qEJsAXmEBUJoBTaEAg@?g@GOCQAI?UDSFMFIHCF?JURc@p@_DZcBBQRkA`@uBLi@Ja@FWDSLi@Ji@DSL_AFaAD}@@y@AmA?MCsACa@C_@GEEGCICK?MBK@G?a@?YEWE]OcAWcBKq@CWGm@G}@Eo@McBGq@Ks@M}@Q_Aq@yDYsAk@iCKa@Ka@GWYcA[oAMc@yByHa@oAOm@GWEQGg@Ek@?WAI?gAA}AAs@?uA@yA?c@@o@?KDuB@i@D}@J}@P}AX}BFs@Bm@?k@A]?WGsACa@EiAG_AIeAUkBWaBAC_@cDKs@CSGc@MgAKgAG_AGgAEiACcACoAAeACcAAk@Cy@Ce@AOGaAIw@Gi@^A|@Ed@An@Ap@C`@Dd@L?@n@XHDb@Rf@ZLHPIHEBCHIJMN{B@OFiAPyDP_D@SFw@Da@BYNgAVuAl@gDi@c@W]MUGMWo@Uy@Ou@M{@EcACs@xACLAL?`@AVAr@Cb@A@QDMDGHCF?HBPo@R_ALg@Jg@Xw@Zm@Xg@^e@TSRMTGTErBKlAKLAj@Gl@GNAnCWb@AZA~@IbAMd@Of@Uf@WDCFCNIJEPGNGZ?\LXP\ZLPn@r@v@dAx@jAzDlFp@dAPVR^l@hATKj@URKRMLM?AJULc@\_B|@uDlAlAEx@Ev@Q`D?JANCZALCl@An@Br@Dn@Dh@Lr@L`AD\Fp@JdA@LFd@BRDTJd@BHJf@DTLf@DTLl@DV@N@P?LAlA?z@AtBAjBA^Af@A\KnAIn@EVEf@Cn@Ar@?\@dBArBAp@El@]~CE`@G\IXITGJe@~@mAfCKf@Uj@EFEJGLEHKTIPWd@[`@SPa@Ts@r@w@v@q@l@y@p@YX[`@U\q@|Aa@|@Ud@g@dAQd@IPUj@]fAUv@ENYzAWtAKv@It@CVGfAI|BEdA?TE~@Cn@C\Kp@Ij@K\AFK^YbACFGb@Gf@E`@An@?V?VD|@Db@BVHb@Nx@?@BPVp@HAHDFHDLBN?L?DERGJGDG@YTQNS^IFk@`AiA`BSXKLa@j@{@dAoCjD[`@KJKJyA|@q@b@[ZUXSb@_@|@uBnF[x@Yd@Yb@KNMJQLUNIF[XEHCJEVEVC^BrA?L@lAAx@E|@G`AM~@ERKh@Mh@ERGVK`@Mh@a@tBSjACP[bBq@~CCh@?d@DP@P?PCPELIJIDO\Md@U`EKnBCTYlEKrAc@pEQdBOvACNGh@CHCFGLCDGJMLGQM[Yi@]g@W[QQKKUOOI[OYK@W@K@G@EAIAYBQjAj@
S5,25,42,A.D Hairdressing → Al Mahdi Centre → Ameen → Allied Pharmacy - Firth Park Road → A.D Hairdressing,3,6018,612,10min,ml~dIpwyG?@MLSLSJk@TUJm@iAS_@QWq@eA{DmFy@kAw@eAo@s@MQ][YQ]M[?OFQFGYECE?QHE?KAG@YLMFf@UFAJ@D?PID?DBFXPGNGZ?\LXP\ZLPn@r@v@dAx@jAzDlFp@dAPVR^l@hATKj@URKRMLMJWLc@\_B|@uDFU`@wBViAF]@CJUAK?MHc@BKDQF]BM@MDWXmGFwA@g@F{BDqBBaBBiB?a@@m@?{@@i@?I?M@OBUBSJe@Lk@BUBUJkBH{@?IDu@BYBUFa@BQFQRq@BEPi@Xu@Rg@Ng@BKBKFUf@kBFWBSDWQMOOe@e@wA|F`@d@PRCEMMa@e@vA}Fd@d@NNPLEVCRGVg@jBGTCJCJOf@Sf@Yt@Qh@CDSp@GPCPG`@CTCXEt@?HIz@KjBCTCTMj@Kd@CRCTAN?L?HAh@?z@Al@?`@ChBC`BEpBGzBAf@GvAYlG?\?J?J?HBBBNBH?LAREXCLETEDEBEBCAEBID?@ONWhAa@vBGT}@tD]~AMb@KVMLSLSJk@TUJm@iAS_@QWq@eA{DmFy@kAw@eAo@s@MQ][YQ]M[?OFQFKDOHGBEBg@Vg@Te@NcAL_AH[@c@@oCVO@m@Fk@FM@mAJsBJUDUFSLUR_@d@Yf@[l@Yv@YnAS~@Qn@HPBL@HARENIHKBEAGAGOEM?Q@QDMDGHCF?HBPo@R_ALg@Jg@Xw@Zm@Xg@^e@TSRMTGTErBKlAKLAj@Gl@GNAnCWb@AZA~@IbAMd@Of@Uf@WDCFCNIJEPGNGZ?\LXP\ZLPn@r@v@dAx@jAzDlFp@dAPVR^l@hATKj@URKRMLM?A
S5,25,43,Air Raid Night → Al Mahdi Centre → Allied Pharmacy - Firth Park Road → Ameen → Air Raid Night,3,7178,787,13min,i~_eI~bvGGpB?FGn@Kn@Qz@[lBKd@ENGHCFA?Qd@WdA_@|AGVCTEh@Cb@CTAJHFDLLp@L`A@LFj@Dv@@j@B|@?p@?`@Af@C^E\O~@Id@Kp@Gl@Iz@APAf@ALApA?zA?N@~@DrADr@BHH`AP~ARbCBPb@lEb@~Db@ArABx@@`AFX@TC^I^Q`@Sd@Oh@Ed@AR@Bj@@t@@\ATANCPGVW^o@bA{AfCEJEPAL@Vl@GNAnCWb@AZA~@IbAMd@Of@Uf@WDCFCNIJEGYECE?QHE?KAG@YLMFf@UFAJ@D?PID?DBFXKDOHGBEBg@Vg@Te@NcAL_AH[@c@@oCVO@m@Fk@FM@mAJsBJUDUFSLUR_@d@Yf@[l@Yv@Kf@Mf@S~@Qn@HPBL@HARENIHKBEAGAGOEM?Q@QDMDGHCF?HBPo@R_AXoAXw@Zm@Xg@^e@TSRMTGTErBKlAKLAj@Gl@GNAnCWb@AZA~@IbAMd@Of@Uf@WDCFCNIJEPGNGZ?\LXP\ZLPn@r@v@dAx@jAzDlFp@dAPVR^l@hATKj@URKRMLMJWLc@\_B|@uDFU`@wBViAF]@CJUAK?MHc@BKDQF]BM@MDWXmGFwA@g@F{BDqBBaBBiB?a@@m@?{@@i@?I?M@OBUBSJe@Lk@BUBUJkBH{@?IDu@BYBUFa@BQFQRq@BEPi@Xu@Rg@Ng@BKBKFUf@kBFWBSDWQMOOe@e@wA|F`@d@PRCEMMa@e@vA}FQO]]QO][MMmAiAo@m@W[Ye@a@aAsAoD_AaCi@uA}@{BIS[y@CKcAmCMa@AGKc@UgAu@}EAGaAuGo@yDMc@M]KYOYIIIM]a@Y[aBqBQSU][g@Q_@SZOTg@`Ag@~@]p@IN_A~BUf@k@rAS^MTGDEDOJ[NKBI?GAKCa@Uo@i@MEM?QBiAf@u@\SHWBU?Q?MBIJELAR@XB^Hj@DRLt@VbAPr@DX@V?VAXG`@I\Sf@}@xBc@~@[`AGXCXCl@A`@
S5,25,44,Al Mahdi Centre → A1 Immigration Services → Allied Pharmacy - Firth Park Road → 7 Hills Blinds → Al Mahdi Centre,3,3079,300,5min,eg_eI|cyGXMFAJ@D?PID?DBFXPGNGZ?\LXP\ZLPn@r@v@dAx@jAzDlFp@dAPVR^l@hATKj@URKRMLMJWLc@g@[OKc@Y{@o@_@h@[b@ITGPq@eA{DmFy@kAw@eAo@s@MQ][YQ]M[?OFQFKDOHGBEBg@Vg@Te@NcAL_AH[@c@@oCVO@m@Fk@FM@mAJsBJUDUFSLUR_@d@Yf@[l@Yv@Kf@Mf@S~@Qn@HPBL@HARENIHKBEAGAG^CNOt@[lBG^g@dDi@c@W]MUGMWo@Uy@Ou@M{@EcACs@xACLAn@ADAP?r@Cb@A@QDMDGHCF?HBPo@R_AXoAXw@Zm@Xg@^e@TSRMTGTErBKlAKLAj@Gl@GNAnCWb@AZA~@IbAMd@Of@Uf@WDCFCNIJEGYECE?QHE?KAG@YL
S5,25,45,Albatross → Allied Pharmacy - Firth Park Road → Al Mahdi Centre → A1 Immigration Services → Albatross,3,3096,332,5min,{k`eInxyG`@AVAr@Cb@A@QDMDGHCF?HBPo@R_ALg@Jg@Xw@Zm@Xg@^e@TSRMTGTErBKlAKLAj@Gl@GNAnCWb@AZA~@IbAMd@Of@Uf@WDCFCNIJEGYECE?QHE?KAG@YLMFf@UFAJ@D?PID?DBFXPGNGZ?\LXP\ZLPn@r@v@dAx@jAzDlFp@dAPVR^l@hATKj@URKRMLMJWLc@g@[OKc@Y{@o@_@h@[b@ITGPq@eA{DmFy@kAw@eAo@s@MQ][YQ]M[?OFQFKDOHGBEBg@Vg@Te@NcAL_AH[@c@@oCVO@m@Fk@FM@mAJsBJUDUFSLUR_@d@Yf@[l@Yv@YnAS~@Qn@HPBL@HARENIHKBEAGAG^CNOt@[lBG^g@dDi@c@W]MUGMWo@Uy@Ou@M{@EcACs@xACLAL?
S5,25,46,Alex Barbers → Al Mahdi Centre → A1 Immigration Services → Air Raid Night → Alex Barbers,3,6899,755,12min,aj`eIfoyGh@l@H[V}@Vy@To@Re@Zi@Va@V[\]`@]XQZMh@InBQDBBHFrElAKLAj@Gl@GNAnCWb@AZA~@IbAMd@Of@Uf@WDCFCNIJEGYECE?QHE?KAG@YLMFf@UFAJ@D?PID?DBFXPGNGZ?\LXP\ZLPn@r@v@dAx@jAzDlFp@dAPVR^l@hATKj@URKRMLMJWLc@g@[OKc@Y`BeHtApAFU`@wBViAF]@CJUAK?MHc@BKDQF]BM@MDWXmGFwA@g@F{BDqBBaBBiB?a@@m@?{@@i@?I?M@OBUBSJe@Lk@BUBUJkBH{@?IDu@BYBUFa@BQFQRq@BEPi@Xu@Rg@Ng@BKBKFUf@kBFWBSDWQMOOe@e@QO]]QO][MMmAiAo@m@W[Ye@a@aAsAoD_AaCi@uA}@{BIS[y@CKcAmCMa@AGKc@UgAu@}EAGaAuGo@yDMc@M]KYOYIIIM]a@Y[aBqBQSU][g@Q_@SZOTg@`Ag@~@]p@IN_A~BUf@k@rAS^MTGDEDOJ[NKBI?GAKCa@Uo@i@MEM?QBiAf@u@\SHWBU?Q?MBIJELAR@XB^Hj@DRLt@VbAPr@DX@V?VAXG`@I\Sf@}@xBc@~@[`AGXCXCl@A`@GpB?FGn@Kn@Qz@[lBKd@ENGHCFA?Qd@WdA_@|AGVCTEh@Cb@CTAJCRo@tBm@vBIVu@dCOf@O^QTMLOLOFUHO?U?}@Cg@AE?W@c@D[D{A\[JOFMLKT[t@Y~@Qv@ETeAbFcAdFEV_@dBi@~BK\KRMTsAlB}A|BYd@GHEHGPKVn@HH?ZDN@@@z@HRBj@Jj@Nj@PxDhALDj@NNDTHVHLHRNNPRTV`@|@hB^p@p@fAj@x@p@fABDBRENOf@G`@EZIt@Et@Ch@AXxACLAn@AVAr@Cb@A@QDMC]GMECo@k@OMZeBi@m@
S5,25,47,Allied Pharmacy - Firth Park Road → 7 Hills Blinds → Al Mahdi Centre → A1 Immigration Services → Allied Pharmacy - Firth Park Road,3,3096,332,5min,kd`eIdryGMf@S~@Qn@HPBL@HARENIHKBEAGAG^CNOt@[lBG^g@dDi@c@W]MUGMWo@Uy@Ou@M{@EcACs@xACLAn@ADAP?r@Cb@A@QDMDGHCF?HBPo@R_AXoAXw@Zm@Xg@^e@TSRMTGTErBKlAKLAj@Gl@GNAnCWb@AZA~@IbAMd@Of@Uf@WDCFCNIJEGYECE?QHE?KAG@YLMFf@UFAJ@D?PID?DBFXPGNGZ?\LXP\ZLPn@r@v@dAx@jAzDlFp@dAPVR^l@hATKj@URKRMLMJWLc@g@[OKc@Y{@o@_@h@[b@ITGPq@eA{DmFy@kAw@eAo@s@MQ][YQ]M[?OFQFKDOHGBEBg@Vg@Te@NcAL_AH[@c@@oCVO@m@Fk@FM@mAJsBJUDUFSLUR_@d@Yf@[l@Yv@Kf@
S5,25,48,Ameen → A1 Immigration Services → Al Mahdi Centre → Air Raid Night → Ameen,3,5737,651,10min,u}}dI~fwGMMa@e@vA}Fd@d@NNPLEVCRGVg@jBGTCJCJOf@Sf@Yt@Qh@CDSp@GPCPG`@CTCXEt@?HIz@KjBCTCTMj@Kd@CRCTAN?L?HAh@?z@Al@?`@ChBC`BEpBGzBAf@GvAYlG?\?J?J?HBBBNBH?LAREXCLETEDEBEBCAEBID?@ONWhAa@vBGT}@tD]~Ag@[OKc@Y{@o@_@h@[b@ITGPq@eA{DmFy@kAw@eAo@s@MQ][YQ]M[?OFQFGYECE?QHE?KAG@YLMFf@UFAJ@D?PID?DBFXKDOHGBEBg@Vg@Te@NcAL_AH[@c@@oCVO@m@FAW@MDQDKzAgCn@cAV_@FWBQ@O@UA]Au@Ck@SAe@@i@De@Na@R_@P_@HUBYAaAGy@AsACc@@c@_Ec@mECQScCQ_BIaACIEs@EsAA_A?O?{A@qA@M@g@@QH{@Fm@Jq@He@N_AD]B_@@g@?a@?q@C}@Ak@Ew@Gk@AMMaAMq@EMIG@KBUBc@Di@BUFW^}AVeAPe@@?BGFIDOJe@ZmBP{@Jo@Fo@?GFqB@a@Bm@BYFYZaAb@_A|@yBRg@H]Fa@@Y?WAWEYQs@WcAMu@ESIk@C_@AY@SDMHKLCP?T?VCRIt@]hAg@PCL?LDn@h@`@TJBF@H?JCZONKDEFELUR_@j@sATg@~@_CHO\q@f@_Af@aANUR[P^Zf@T\PR`BpBXZ\`@HLHHNXJXL\Lb@n@xD`AtG@Ft@|ETfAJb@@FL`@bAlCBJZx@HR|@zBh@tA~@`CrAnD`@`AXd@VZn@l@lAhALL\ZPN\\PNwA|F`@d@LL
S5,30,49,2nd Time Around → Al Mahdi Centre → A1 Immigration Services → Air Raid Night → 2nd Time Around,3,7065,746,12min,wj`eIrryGo@y@]e@QCENOf@G`@EZIt@Et@Ch@AXxACLAn@AVAr@Cb@A@QDMDGHCF?HBPo@R_AXoAXw@Zm@Xg@^e@TSRMTGTErBKlAKLAj@Gl@GNAnCWb@AZA~@IbAMd@Of@Uf@WDCFCNIJEGYECE?QHE?KAG@YLMFf@UFAJ@D?PID?DBFXPGNGZ?\LXP\ZLPn@r@v@dAx@jAzDlFp@dAPVR^l@hATKj@URKRMLMJWLc@g@[OKc@Y`BeHtApAFU`@wBViAF]@CJUAK?MHc@BKDQF]BM@MDWXmGFwA@g@F{BDqBBaBBiB?a@@m@?{@@i@?I?M@OBUBSJe@Lk@BUBUJkBH{@?IDu@BYBUFa@BQFQRq@BEPi@Xu@Rg@Ng@BKBKFUf@kBFWBSDWQMOOe@e@QO]]QO][MMmAiAo@m@W[Ye@a@aAsAoD_AaCi@uA}@{BIS[y@CKcAmCMa@AGKc@UgAu@}EAGaAuGo@yDMc@M]KYOYIIIM]a@Y[aBqBQSU][g@Q_@SZOTg@`Ag@~@]p@IN_A~BUf@k@rAS^MTGDEDOJ[NKBI?GAKCa@Uo@i@MEM?QBiAf@u@\SHWBU?Q?MBIJELAR@XB^Hj@DRLt@VbAPr@DX@V?VAXG`@I\Sf@}@xBc@~@[`AGXCXCl@A`@GpB?FGn@Kn@Qz@[lBKd@ENGHCFA?Qd@WdA_@|AGVCTEh@Cb@CTAJCRo@tBm@vBIVu@dCOf@O^QTMLOLOFUHO?U?}@Cg@AE?W@c@D[D{A\[JOFMLKT[t@Y~@Qv@ETeAbFcAdFEV_@dBi@~BK\KRMTsAlB}A|BYd@GHEHGPKVn@HH?ZDN@@@z@HRBj@Jj@Nj@PxDhALDj@NNDTHVHLHRNNPRTV`@|@hB^p@p@fAj@x@p@fABDBRENOf@G`@EZIt@Et@Ch@AXxACLAn@AVAr@Cb@A@QDMC]GMECo@k@OMMMGGMQ
S5,30,50,7 Hills Blinds → Allied Pharmacy - Firth Park Road → Al Mahdi Centre → A1 Immigration Services → 7 Hills Blinds,3,3096,332,5min,sj`eIjxyGP?r@Cb@A@QDMDGHCF?HBPo@R_ALg@Jg@Xw@Zm@Xg@^e@TSRMTGTErBKlAKLAj@Gl@GNAnCWb@AZA~@IbAMd@Of@Uf@WDCFCNIJEGYECE?QHE?KAG@YLMFf@UFAJ@D?PID?DBFXPGNGZ?\LXP\ZLPn@r@v@dAx@jAzDlFp@dAPVR^l@hATKj@URKRMLMJWLc@g@[OKc@Y{@o@_@h@[b@ITGPq@eA{DmFy@kAw@eAo@s@MQ][YQ]M[?OFQFKDOHGBEBg@Vg@Te@NcAL_AH[@c@@oCVO@m@Fk@FM@mAJsBJUDUFSLUR_@d@Yf@[l@Yv@YnAS~@Qn@HPBL@HARENIHKBEAGAG^CNOt@[lBG^g@dDi@c@W]MUGMWo@Uy@Ou@M{@EcACs@xACLAn@ADA
S5,30,51,A1 Immigration Services → Al Mahdi Centre → Ameen → Allied Pharmacy - Firth Park Road → A1 Immigration Services,3,6113,632,10min,{l~dIztyGf@ZMb@KVMLSLSJk@TUJm@iAS_@QWq@eA{DmFy@kAw@eAo@s@MQ][YQ]M[?OFQFGYECE?QHE?KAG@YLMFf@UFAJ@D?PID?DBFXPGNGZ?\LXP\ZLPn@r@v@dAx@jAzDlFp@dAPVR^l@hATKj@URKRMLMJWLc@\_B|@uDFU`@wBViAF]@CJUAK?MHc@BKDQF]BM@MDWXmGFwA@g@F{BDqBBaBBiB?a@@m@?{@@i@?I?M@OBUBSJe@Lk@BUBUJkBH{@?IDu@BYBUFa@BQFQRq@BEPi@Xu@Rg@Ng@BKBKFUf@kBFWBSDWQMOOe@e@wA|F`@d@PRCEMMa@e@vA}Fd@d@NNPLEVCRGVg@jBGTCJCJOf@Sf@Yt@Qh@CDSp@GPCPG`@CTCXEt@?HIz@KjBCTCTMj@Kd@CRCTAN?L?HAh@?z@Al@?`@ChBC`BEpBGzBAf@GvAYlG?\?J?J?HBBBNBH?LAREXCLETEDEBEBCAEBID?@ONWhAa@vBGT}@tD]~AMb@KVMLSLSJk@TUJm@iAS_@QWq@eA{DmFy@kAw@eAo@s@MQ][YQ]M[?OFQFKDOHGBEBg@Vg@Te@NcAL_AH[@c@@oCVO@m@Fk@FM@mAJsBJUDUFSLUR_@d@Yf@[l@Yv@YnAS~@Qn@HPBL@HARENIHKBEAGAGOEM?Q@QDMDGHCF?HBPo@R_ALg@Jg@Xw@Zm@Xg@^e@TSRMTGTErBKlAKLAj@Gl@GNAnCWb@AZA~@IbAMd@Of@Uf@WDCFCNIJEPGNGZ?\LXP\ZLPn@r@v@dAx@jAzDlFp@dAPVR^l@hATKj@URKRMLMJWLc@g@[
S5,30,52,Abbeymoor Veterinary Centres → Albatross → Allied Pharmacy - Firth Park Road → A.D Hairdressing → Abbeymoor Veterinary Centres,3,9098,883,14min,gx`eIplbHTRHNDJCJGPYx@Zh@LJJD??PATCLBNwAPeBb@qEJsAXmEBUJoBTaEAg@?g@GOCQAI?UDSFMFIHCF?JURc@p@_DZcBBQRkA`@uBLi@Ja@FWDSLi@Ji@DSL_AFaAD}@@y@AmA?MCsACa@C_@GEEGCICK?MBK@G?a@?YEWE]OcAWcBKq@CWGm@G}@Eo@McBGq@Ks@M}@Q_Aq@yDYsAk@iCKa@Ka@GWYcA[oAMc@yByHa@oAOm@GWEQGg@Ek@?WAI?gAA}AAs@?uA@yA?c@@o@?KDuB@i@D}@J}@P}AX}BFs@Bm@?k@A]?WGsACa@EiAG_AIeAUkBWaBAC_@cDKs@CSGc@MgAKgAG_AGgAEiACcACoAAeACcAAk@Cy@Ce@AOGaAIw@Gi@^A|@Ed@An@Ap@C`@Dd@L?@n@XHDb@Rf@ZLHPIHEBCHIJMN{B@OFiAPyDP_D@SFw@Da@BYNgAVuAl@gDi@c@W]MUGMWo@Uy@Ou@M{@EcACs@xACLAL?`@AVAr@Cb@A@QDMDGHCF?HBPo@R_ALg@Jg@Xw@Zm@Xg@^e@TSRMTGTErBKlAKLAj@Gl@GNAnCWb@AZA~@IbAMd@Of@Uf@WDCFCNIJEPGNGZ?\LXP\ZLPn@r@v@dAx@jAzDlFp@dAPVR^l@hATKj@URKRMLM?AJULc@\_B|@uDlAlAEx@Ev@Q`D?JANCZALCl@An@Br@Dn@Dh@Lr@L`AD\Fp@JdA@LFd@BRDTJd@BHJf@DTLf@DTLl@DV@N@P?LAlA?z@AtBAjBA^Af@A\KnAIn@EVEf@Cn@Ar@?\@dBArBAp@El@]~CE`@G\IXITGJe@~@mAfCKf@Uj@EFEJGLEHKTIPWd@[`@SPa@Ts@r@w@v@q@l@y@p@YX[`@U\q@|Aa@|@Ud@g@dAQd@IPUj@]fAUv@ENYzAWtAKv@It@CVGfAI|BEdA?TE~@Cn@C\Kp@Ij@K\AFK^YbACFGb@Gf@E`@An@?V?VD|@Db@BVHb@Nx@?@BPVp@HAHDFHDLBN?L?DERGJGDG@YTQNS^IFk@`AiA`BSXKLa@j@{@dAoCjD[`@KJKJyA|@q@b@[ZUXSb@_@|@uBnF[x@Yd@Yb@KNMJQLUNIF[XEHCJEVEVC^BrA?L@lAAx@E|@G`AM~@ERKh@Mh@ERGVK`@Mh@a@tBSjACP[bBq@~CCh@?d@DP@P?PCPELIJIDO\Md@U`EKnBCTYlEKrAc@pEQdBOvAMCUBQ@??KEMK[i@Xy@FQBKEKIOUS
S5,30,53,Ace Domestics → Albatross → Allied Pharmacy - Firth Park Road → A.D Hairdressing → Ace Domestics,3,9400,886,14min,}z`eI`mbHkAk@CP@X@HADAFAJd@PXLNJh@b@d@h@X`@Xj@JVJXFKBEFMBGBIFi@BONwAPeBb@qEJsAXmEBUJoBTaEAg@?g@GOCQAI?UDSFMFIHCF?JURc@p@_DZcBBQRkA`@uBLi@Ja@FWDSLi@Ji@DSL_AFaAD}@@y@AmA?MCsACa@C_@GEEGCICK?MBK@G?a@?YEWE]OcAWcBKq@CWGm@G}@Eo@McBGq@Ks@M}@Q_Aq@yDYsAk@iCKa@Ka@GWYcA[oAMc@yByHa@oAOm@GWEQGg@Ek@?WAI?gAA}AAs@?uA@yA?c@@o@?KDuB@i@D}@J}@P}AX}BFs@Bm@?k@A]?WGsACa@EiAG_AIeAUkBWaBAC_@cDKs@CSGc@MgAKgAG_AGgAEiACcACoAAeACcAAk@Cy@Ce@AOGaAIw@Gi@^A|@Ed@An@Ap@C`@Dd@L?@n@XHDb@Rf@ZLHPIHEBCHIJMN{B@OFiAPyDP_D@SFw@Da@BYNgAVuAl@gDi@c@W]MUGMWo@Uy@Ou@M{@EcACs@xACLAL?`@AVAr@Cb@A@QDMDGHCF?HBPo@R_ALg@Jg@Xw@Zm@Xg@^e@TSRMTGTErBKlAKLAj@Gl@GNAnCWb@AZA~@IbAMd@Of@Uf@WDCFCNIJEPGNGZ?\LXP\ZLPn@r@v@dAx@jAzDlFp@dAPVR^l@hATKj@URKRMLM?AJULc@\_B|@uDlAlAEx@Ev@Q`D?JANCZALCl@An@Br@Dn@Dh@Lr@L`AD\Fp@JdA@LFd@BRDTJd@BHJf@DTLf@DTLl@DV@N@P?LAlA?z@AtBAjBA^Af@A\KnAIn@EVEf@Cn@Ar@?\@dBArBAp@El@]~CE`@G\IXITGJe@~@mAfCKf@Uj@EFEJGLEHKTIPWd@[`@SPa@Ts@r@w@v@q@l@y@p@YX[`@U\q@|Aa@|@Ud@g@dAQd@IPUj@]fAUv@ENYzAWtAKv@It@CVGfAI|BEdA?TE~@Cn@C\Kp@Ij@K\AFK^YbACFGb@Gf@E`@An@?V?VD|@Db@BVHb@Nx@?@BPVp@HAHDFHDLBN?L?DERGJGDG@YTQNS^IFk@`AiA`BSXKLa@j@{@dAoCjD[`@KJKJyA|@q@b@[ZUXSb@_@|@uBnF[x@Yd@Yb@KNMJQLUNIF[XEHCJEVEVC^BrA?L@lAAx@E|@G`AM~@ERKh@Mh@ERGVK`@Mh@a@tBSjACP[bBq@~CCh@?d@DP@P?PCPELIJIDO\Md@U`EKnBCTYlEKrAc@pEQdBOvACNGh@CHCFGLCDGJMLGQM[Yi@]g@W[QQKKUOOI[OYK@W@K@G@EAIAYBQjAj@
S5,30,54,A.D Hairdressing → Al Mahdi Centre → Ameen → Allied Pharmacy - Firth Park Road → A.D Hairdressing,3,6018,612,10min,ml~dIpwyG?@MLSLSJk@TUJm@iAS_@QWq@eA{DmFy@kAw@eAo@s@MQ][YQ]M[?OFQFGYECE?QHE?KAG@YLMFf@UFAJ@D?PID?DBFXPGNGZ?\LXP\ZLPn@r@v@dAx@jAzDlFp@dAPVR^l@hATKj@URKRMLMJWLc@\_B|@uDFU`@wBViAF]@CJUAK?MHc@BKDQF]BM@MDWXmGFwA@g@F{BDqBBaBBiB?a@@m@?{@@i@?I?M@OBUBSJe@Lk@BUBUJkBH{@?IDu@BYBUFa@BQFQRq@BEPi@Xu@Rg@Ng@BKBKFUf@kBFWBSDWQMOOe@e@wA|F`@d@PRCEMMa@e@vA}Fd@d@NNPLEVCRGVg@jBGTCJCJOf@Sf@Yt@Qh@CDSp@GPCPG`@CTCXEt@?HIz@KjBCTCTMj@Kd@CRCTAN?L?HAh@?z@Al@?`@ChBC`BEpBGzBAf@GvAYlG?\?J?J?HBBBNBH?LAREXCLETEDEBEBCAEBID?@ONWhAa@vBGT}@tD]~AMb@KVMLSLSJk@TUJm@iAS_@QWq@eA{DmFy@kAw@eAo@s@MQ][YQ]M[?OFQFKDOHGBEBg@Vg@Te@NcAL_AH[@c@@oCVO@m@Fk@FM@mAJsBJUDUFSLUR_@d@Yf@[l@Yv@YnAS~@Qn@HPBL@HARENIHKBEAGAGOEM?Q@QDMDGHCF?HBPo@R_ALg@Jg@Xw@Zm@Xg@^e@TSRMTGTErBKlAKLAj@Gl@GNAnCWb@AZA~@IbAMd@Of@Uf@WDCFCNIJEPGNGZ?\LXP\ZLPn@r@v@dAx@jAzDlFp@dAPVR^l@hATKj@URKRMLM?A
S5,30,55,Air Raid Night → Al Mahdi Centre → Allied Pharmacy - Firth Park Road → Ameen → Air Raid Night,3,7178,787,13min,i~_eI~bvGGpB?FGn@Kn@Qz@[lBKd@ENGHCFA?Qd@WdA_@|AGVCTEh@Cb@CTAJHFDLLp@L`A@LFj@Dv@@j@B|@?p@?`@Af@C^E\O~@Id@Kp@Gl@Iz@APAf@ALApA?zA?N@~@DrADr@BHH`AP~ARbCBPb@lEb@~Db@ArABx@@`AFX@TC^I^Q`@Sd@Oh@Ed@AR@Bj@@t@@\ATANCPGVW^o@bA{AfCEJEPAL@Vl@GNAnCWb@AZA~@IbAMd@Of@Uf@WDCFCNIJEGYECE?QHE?KAG@YLMFf@UFAJ@D?PID?DBFXKDOHGBEBg@Vg@Te@NcAL_AH[@c@@oCVO@m@Fk@FM@mAJsBJUDUFSLUR_@d@Yf@[l@Yv@Kf@Mf@S~@Qn@HPBL@HARENIHKBEAGAGOEM?Q@QDMDGHCF?HBPo@R_AXoAXw@Zm@Xg@^e@TSRMTGTErBKlAKLAj@Gl@GNAnCWb@AZA~@IbAMd@Of@Uf@WDCFCNIJEPGNGZ?\LXP\ZLPn@r@v@dAx@jAzDlFp@dAPVR^l@hATKj@URKRMLMJWLc@\_B|@uDFU`@wBViAF]@CJUAK?MHc@BKDQF]BM@MDWXmGFwA@g@F{BDqBBaBBiB?a@@m@?{@@i@?I?M@OBUBSJe@Lk@BUBUJkBH{@?IDu@BYBUFa@BQFQRq@BEPi@Xu@Rg@Ng@BKBKFUf@kBFWBSDWQMOOe@e@wA|F`@d@PRCEMMa@e@vA}FQO]]QO][MMmAiAo@m@W[Ye@a@aAsAoD_AaCi@uA}@{BIS[y@CKcAmCMa@AGKc@UgAu@}EAGaAuGo@yDMc@M]KYOYIIIM]a@Y[aBqBQSU][g@Q_@SZOTg@`Ag@~@]p@IN_A~BUf@k@rAS^MTGDEDOJ[NKBI?GAKCa@Uo@i@MEM?QBiAf@u@\SHWBU?Q?MBIJELAR@XB^Hj@DRLt@VbAPr@DX@V?VAXG`@I\Sf@}@xBc@~@[`AGXCXCl@A`@
S5,30,56,Al Mahdi Centre → A1 Immigration Services → Allied Pharmacy - Firth Park Road → 7 Hills Blinds → Al Mahdi Centre,3,3079,300,5min,eg_eI|cyGXMFAJ@D?PID?DBFXPGNGZ?\LXP\ZLPn@r@v@dAx@jAzDlFp@dAPVR^l@hATKj@URKRMLMJWLc@g@[OKc@Y{@o@_@h@[b@ITGPq@eA{DmFy@kAw@eAo@s@MQ][YQ]M[?OFQFKDOHGBEBg@Vg@Te@NcAL_AH[@c@@oCVO@m@Fk@FM@mAJsBJUDUFSLUR_@d@Yf@[l@Yv@Kf@Mf@S~@Qn@HPBL@HARENIHKBEAGAG^CNOt@[lBG^g@dDi@c@W]MUGMWo@Uy@Ou@M{@EcACs@xACLAn@ADAP?r@Cb@A@QDMDGHCF?HBPo@R_AXoAXw@Zm@Xg@^e@TSRMTGTErBKlAKLAj@Gl@GNAnCWb@AZA~@IbAMd@Of@Uf@WDCFCNIJEGYECE?QHE?KAG@YL
S5,30,57,Albatross → Allied Pharmacy - Firth Park Road → Al Mahdi Centre → A1 Immigration Services → Albatross,3,3096,332,5min,{k`eInxyG`@AVAr@Cb@A@QDMDGHCF?HBPo@R_ALg@Jg@Xw@Zm@Xg@^e@TSRMTGTErBKlAKLAj@Gl@GNAnCWb@AZA~@IbAMd@Of@Uf@WDCFCNIJEGYECE?QHE?KAG@YLMFf@UFAJ@D?PID?DBFXPGNGZ?\LXP\ZLPn@r@v@dAx@jAzDlFp@dAPVR^l@hATKj@URKRMLMJWLc@g@[OKc@Y{@o@_@h@[b@ITGPq@eA{DmFy@kAw@eAo@s@MQ][YQ]M[?OFQFKDOHGBEBg@Vg@Te@NcAL_AH[@c@@oCVO@m@Fk@FM@mAJsBJUDUFSLUR_@d@Yf@[l@Yv@YnAS~@Qn@HPBL@HARENIHKBEAGAG^CNOt@[lBG^g@dDi@c@W]MUGMWo@Uy@Ou@M{@EcACs@xACLAL?
S5,30,58,Alex Barbers → Al Mahdi Centre → A1 Immigration Services → Air Raid Night → Alex Barbers,3,6899,755,12min,aj`eIfoyGh@l@H[V}@Vy@To@Re@Zi@Va@V[\]`@]XQZMh@InBQDBBHFrElAKLAj@Gl@GNAnCWb@AZA~@IbAMd@Of@Uf@WDCFCNIJEGYECE?QHE?KAG@YLMFf@UFAJ@D?PID?DBFXPGNGZ?\LXP\ZLPn@r@v@dAx@jAzDlFp@dAPVR^l@hATKj@URKRMLMJWLc@g@[OKc@Y`BeHtApAFU`@wBViAF]@CJUAK?MHc@BKDQF]BM@MDWXmGFwA@g@F{BDqBBaBBiB?a@@m@?{@@i@?I?M@OBUBSJe@Lk@BUBUJkBH{@?IDu@BYBUFa@BQFQRq@BEPi@Xu@Rg@Ng@BKBKFUf@kBFWBSDWQMOOe@e@QO]]QO][MMmAiAo@m@W[Ye@a@aAsAoD_AaCi@uA}@{BIS[y@CKcAmCMa@AGKc@UgAu@}EAGaAuGo@yDMc@M]KYOYIIIM]a@Y[aBqBQSU][g@Q_@SZOTg@`Ag@~@]p@IN_A~BUf@k@rAS^MTGDEDOJ[NKBI?GAKCa@Uo@i@MEM?QBiAf@u@\SHWBU?Q?MBIJELAR@XB^Hj@DRLt@VbAPr@DX@V?VAXG`@I\Sf@}@xBc@~@[`AGXCXCl@A`@GpB?FGn@Kn@Qz@[lBKd@ENGHCFA?Qd@WdA_@|AGVCTEh@Cb@CTAJCRo@tBm@vBIVu@dCOf@O^QTMLOLOFUHO?U?}@Cg@AE?W@c@D[D{A\[JOFMLKT[t@Y~@Qv@ETeAbFcAdFEV_@dBi@~BK\KRMTsAlB}A|BYd@GHEHGPKVn@HH?ZDN@@@z@HRBj@Jj@Nj@PxDhALDj@NNDTHVHLHRNNPRTV`@|@hB^p@p@fAj@x@p@fABDBRENOf@G`@EZIt@Et@Ch@AXxACLAn@AVAr@Cb@A@QDMC]GMECo@k@OMZeBi@m@
S5,30,59,Allied Pharmacy - Firth Park Road → 7 Hills Blinds → Al Mahdi Centre → A1 Immigration Services → Allied Pharmacy - Firth Park Road,3,3096,332,5min,kd`eIdryGMf@S~@Qn@HPBL@HARENIHKBEAGAG^CNOt@[lBG^g@dDi@c@W]MUGMWo@Uy@Ou@M{@EcACs@xACLAn@ADAP?r@Cb@A@QDMDGHCF?HBPo@R_AXoAXw@Zm@Xg@^e@TSRMTGTErBKlAKLAj@Gl@GNAnCWb@AZA~@IbAMd@Of@Uf@WDCFCNIJEGYECE?QHE?KAG@YLMFf@UFAJ@D?PID?DBFXPGNGZ?\LXP\ZLPn@r@v@dAx@jAzDlFp@dAPVR^l@hATKj@URKRMLMJWLc@g@[OKc@Y{@o@_@h@[b@ITGPq@eA{DmFy@kAw@eAo@s@MQ][YQ]M[?OFQFKDOHGBEBg@Vg@Te@NcAL_AH[@c@@oCVO@m@Fk@FM@mAJsBJUDUFSLUR_@d@Yf@[l@Yv@Kf@
S5,30,60,Ameen → A1 Immigration Services → Al Mahdi Centre → Air Raid Night → Ameen,3,5737,651,10min,u}}dI~fwGMMa@e@vA}Fd@d@NNPLEVCRGVg@jBGTCJCJOf@Sf@Yt@Qh@CDSp@GPCPG`@CTCXEt@?HIz@KjBCTCTMj@Kd@CRCTAN?L?HAh@?z@Al@?`@ChBC`BEpBGzBAf@GvAYlG?\?J?J?HBBBNBH?LAREXCLETEDEBEBCAEBID?@ONWhAa@vBGT}@tD]~Ag@[OKc@Y{@o@_@h@[b@ITGPq@eA{DmFy@kAw@eAo@s@MQ][YQ]M[?OFQFGYECE?QHE?KAG@YLMFf@UFAJ@D?PID?DBFXKDOHGBEBg@Vg@Te@NcAL_AH[@c@@oCVO@m@FAW@MDQDKzAgCn@cAV_@FWBQ@O@UA]Au@Ck@SAe@@i@De@Na@R_@P_@HUBYAaAGy@AsACc@@c@_Ec@mECQScCQ_BIaACIEs@EsAA_A?O?{A@qA@M@g@@QH{@Fm@Jq@He@N_AD]B_@@g@?a@?q@C}@Ak@Ew@Gk@AMMaAMq@EMIG@KBUBc@Di@BUFW^}AVeAPe@@?BGFIDOJe@ZmBP{@Jo@Fo@?GFqB@a@Bm@BYFYZaAb@_A|@yBRg@H]Fa@@Y?WAWEYQs@WcAMu@ESIk@C_@AY@SDMHKLCP?T?VCRIt@]hAg@PCL?LDn@h@`@TJBF@H?JCZONKDEFELUR_@j@sATg@~@_CHO\q@f@_Af@aANUR[P^Zf@T\PR`BpBXZ\`@HLHHNXJXL\Lb@n@xD`AtG@Ft@|ETfAJb@@FL`@bAlCBJZx@HR|@zBh@tA~@`CrAnD`@`AXd@VZn@l@lAhALL\ZPN\\PNwA|F`@d@LL
S5,35,61,2nd Time Around → Al Mahdi Centre → A1 Immigration Services → Air Raid Night → 2nd Time Around,3,7065,746,12min,wj`eIrryGo@y@]e@QCENOf@G`@EZIt@Et@Ch@AXxACLAn@AVAr@Cb@A@QDMDGHCF?HBPo@R_AXoAXw@Zm@Xg@^e@TSRMTGTErBKlAKLAj@Gl@GNAnCWb@AZA~@IbAMd@Of@Uf@WDCFCNIJEGYECE?QHE?KAG@YLMFf@UFAJ@D?PID?DBFXPGNGZ?\LXP\ZLPn@r@v@dAx@jAzDlFp@dAPVR^l@hATKj@URKRMLMJWLc@g@[OKc@Y`BeHtApAFU`@wBViAF]@CJUAK?MHc@BKDQF]BM@MDWXmGFwA@g@F{BDqBBaBBiB?a@@m@?{@@i@?I?M@OBUBSJe@Lk@BUBUJkBH{@?IDu@BYBUFa@BQFQRq@BEPi@Xu@Rg@Ng@BKBKFUf@kBFWBSDWQMOOe@e@QO]]QO][MMmAiAo@m@W[Ye@a@aAsAoD_AaCi@uA}@{BIS[y@CKcAmCMa@AGKc@UgAu@}EAGaAuGo@yDMc@M]KYOYIIIM]a@Y[aBqBQSU][g@Q_@SZOTg@`Ag@~@]p@IN_A~BUf@k@rAS^MTGDEDOJ[NKBI?GAKCa@Uo@i@MEM?QBiAf@u@\SHWBU?Q?MBIJELAR@XB^Hj@DRLt@VbAPr@DX@V?VAXG`@I\Sf@}@xBc@~@[`AGXCXCl@A`@GpB?FGn@Kn@Qz@[lBKd@ENGHCFA?Qd@WdA_@|AGVCTEh@Cb@CTAJCRo@tBm@vBIVu@dCOf@O^QTMLOLOFUHO?U?}@Cg@AE?W@c@D[D{A\[JOFMLKT[t@Y~@Qv@ETeAbFcAdFEV_@dBi@~BK\KRMTsAlB}A|BYd@GHEHGPKVn@HH?ZDN@@@z@HRBj@Jj@Nj@PxDhALDj@NNDTHVHLHRNNPRTV`@|@hB^p@p@fAj@x@p@fABDBRENOf@G`@EZIt@Et@Ch@AXxACLAn@AVAr@Cb@A@QDMC]GMECo@k@OMMMGGMQ
S5,35,62,7 Hills Blinds → Allied Pharmacy - Firth Park Road → Al Mahdi Centre → A1 Immigration Services → 7 Hills Blinds,3,3096,332,5min,sj`eIjxyGP?r@Cb@A@QDMDGHCF?HBPo@R_ALg@Jg@Xw@Zm@Xg@^e@TSRMTGTErBKlAKLAj@Gl@GNAnCWb@AZA~@IbAMd@Of@Uf@WDCFCNIJEGYECE?QHE?KAG@YLMFf@UFAJ@D?PID?DBFXPGNGZ?\LXP\ZLPn@r@v@dAx@jAzDlFp@dAPVR^l@hATKj@URKRMLMJWLc@g@[OKc@Y{@o@_@h@[b@ITGPq@eA{DmFy@kAw@eAo@s@MQ][YQ]M[?OFQFKDOHGBEBg@Vg@Te@NcAL_AH[@c@@oCVO@m@Fk@FM@mAJsBJUDUFSLUR_@d@Yf@[l@Yv@YnAS~@Qn@HPBL@HARENIHKBEAGAG^CNOt@[lBG^g@dDi@c@W]MUGMWo@Uy@Ou@M{@EcACs@xACLAn@ADA
S5,35,63,A1 Immigration Services → Al Mahdi Centre → Ameen → Allied Pharmacy - Firth Park Road → A1 Immigration Services,3,6113,632,10min,{l~dIztyGf@ZMb@KVMLSLSJk@TUJm@iAS_@QWq@eA{DmFy@kAw@eAo@s@MQ][YQ]M[?OFQFGYECE?QHE?KAG@YLMFf@UFAJ@D?PID?DBFXPGNGZ?\LXP\ZLPn@r@v@dAx@jAzDlFp@dAPVR^l@hATKj@URKRMLMJWLc@\_B|@uDFU`@wBViAF]@CJUAK?MHc@BKDQF]BM@MDWXmGFwA@g@F{BDqBBaBBiB?a@@m@?{@@i@?I?M@OBUBSJe@Lk@BUBUJkBH{@?IDu@BYBUFa@BQFQRq@BEPi@Xu@Rg@Ng@BKBKFUf@kBFWBSDWQMOOe@e@wA|F`@d@PRCEMMa@e@vA}Fd@d@NNPLEVCRGVg@jBGTCJCJOf@Sf@Yt@Qh@CDSp@GPCPG`@CTCXEt@?HIz@KjBCTCTMj@Kd@CRCTAN?L?HAh@?z@Al@?`@ChBC`BEpBGzBAf@GvAYlG?\?J?J?HBBBNBH?LAREXCLETEDEBEBCAEBID?@ONWhAa@vBGT}@tD]~AMb@KVMLSLSJk@TUJm@iAS_@QWq@eA{DmFy@kAw@eAo@s@MQ][YQ]M[?OFQFKDOHGBEBg@Vg@Te@NcAL_AH[@c@@oCVO@m@Fk@FM@mAJsBJUDUFSLUR_@d@Yf@[l@Yv@YnAS~@Qn@HPBL@HARENIHKBEAGAGOEM?Q@QDMDGHCF?HBPo@R_ALg@Jg@Xw@Zm@Xg@^e@TSRMTGTErBKlAKLAj@Gl@GNAnCWb@AZA~@IbAMd@Of@Uf@WDCFCNIJEPGNGZ?\LXP\ZLPn@r@v@dAx@jAzDlFp@dAPVR^l@hATKj@URKRMLMJWLc@g@[
S5,35,64,Abbeymoor Veterinary Centres → Albatross → Allied Pharmacy - Firth Park Road → A.D Hairdressing → Abbeymoor Veterinary Centres,3,9098,883,14min,gx`eIplbHTRHNDJCJGPYx@Zh@LJJD??PATCLBNwAPeBb@qEJsAXmEBUJoBTaEAg@?g@GOCQAI?UDSFMFIHCF?JURc@p@_DZcBBQRkA`@uBLi@Ja@FWDSLi@Ji@DSL_AFaAD}@@y@AmA?MCsACa@C_@GEEGCICK?MBK@G?a@?YEWE]OcAWcBKq@CWGm@G}@Eo@McBGq@Ks@M}@Q_Aq@yDYsAk@iCKa@Ka@GWYcA[oAMc@yByHa@oAOm@GWEQGg@Ek@?WAI?gAA}AAs@?uA@yA?c@@o@?KDuB@i@D}@J}@P}AX}BFs@Bm@?k@A]?WGsACa@EiAG_AIeAUkBWaBAC_@cDKs@CSGc@MgAKgAG_AGgAEiACcACoAAeACcAAk@Cy@Ce@AOGaAIw@Gi@^A|@Ed@An@Ap@C`@Dd@L?@n@XHDb@Rf@ZLHPIHEBCHIJMN{B@OFiAPyDP_D@SFw@Da@BYNgAVuAl@gDi@c@W]MUGMWo@Uy@Ou@M{@EcACs@xACLAL?`@AVAr@Cb@A@QDMDGHCF?HBPo@R_ALg@Jg@Xw@Zm@Xg@^e@TSRMTGTErBKlAKLAj@Gl@GNAnCWb@AZA~@IbAMd@Of@Uf@WDCFCNIJEPGNGZ?\LXP\ZLPn@r@v@dAx@jAzDlFp@dAPVR^l@hATKj@URKRMLM?AJULc@\_B|@uDlAlAEx@Ev@Q`D?JANCZALCl@An@Br@Dn@Dh@Lr@L`AD\Fp@JdA@LFd@BRDTJd@BHJf@DTLf@DTLl@DV@N@P?LAlA?z@AtBAjBA^Af@A\KnAIn@EVEf@Cn@Ar@?\@dBArBAp@El@]~CE`@G\IXITGJe@~@mAfCKf@Uj@EFEJGLEHKTIPWd@[`@SPa@Ts@r@w@v@q@l@y@p@YX[`@U\q@|Aa@|@Ud@g@dAQd@IPUj@]fAUv@ENYzAWtAKv@It@CVGfAI|BEdA?TE~@Cn@C\Kp@Ij@K\AFK^YbACFGb@Gf@E`@An@?V?VD|@Db@BVHb@Nx@?@BPVp@HAHDFHDLBN?L?DERGJGDG@YTQNS^IFk@`AiA`BSXKLa@j@{@dAoCjD[`@KJKJyA|@q@b@[ZUXSb@_@|@uBnF[x@Yd@Yb@KNMJQLUNIF[XEHCJEVEVC^BrA?L@lAAx@E|@G`AM~@ERKh@Mh@ERGVK`@Mh@a@tBSjACP[bBq@~CCh@?d@DP@P?PCPELIJIDO\Md@U`EKnBCTYlEKrAc@pEQdBOvAMCUBQ@??KEMK[i@Xy@FQBKEKIOUS
S5,35,65,Ace Domestics → Albatross → Allied Pharmacy - Firth Park Road → A.D Hairdressing → Ace Domestics,3,9400,886,14min,}z`eI`mbHkAk@CP@X@HADAFAJd@PXLNJh@b@d@h@X`@Xj@JVJXFKBEFMBGBIFi@BONwAPeBb@qEJsAXmEBUJoBTaEAg@?g@GOCQAI?UDSFMFIHCF?JURc@p@_DZcBBQRkA`@uBLi@Ja@FWDSLi@Ji@DSL_AFaAD}@@y@AmA?MCsACa@C_@GEEGCICK?MBK@G?a@?YEWE]OcAWcBKq@CWGm@G}@Eo@McBGq@Ks@M}@Q_Aq@yDYsAk@iCKa@Ka@GWYcA[oAMc@yByHa@oAOm@GWEQGg@Ek@?WAI?gAA}AAs@?uA@yA?c@@o@?KDuB@i@D}@J}@P}AX}BFs@Bm@?k@A]?WGsACa@EiAG_AIeAUkBWaBAC_@cDKs@CSGc@MgAKgAG_AGgAEiACcACoAAeACcAAk@Cy@Ce@AOGaAIw@Gi@^A|@Ed@An@Ap@C`@Dd@L?@n@XHDb@Rf@ZLHPIHEBCHIJMN{B@OFiAPyDP_D@SFw@Da@BYNgAVuAl@gDi@c@W]MUGMWo@Uy@Ou@M{@EcACs@xACLAL?`@AVAr@Cb@A@QDMDGHCF?HBPo@R_ALg@Jg@Xw@Zm@Xg@^e@TSRMTGTErBKlAKLAj@Gl@GNAnCWb@AZA~@IbAMd@Of@Uf@WDCFCNIJEPGNGZ?\LXP\ZLPn@r@v@dAx@jAzDlFp@dAPVR^l@hATKj@URKRMLM?AJULc@\_B|@uDlAlAEx@Ev@Q`D?JANCZALCl@An@Br@Dn@Dh@Lr@L`AD\Fp@JdA@LFd@BRDTJd@BHJf@DTLf@DTLl@DV@N@P?LAlA?z@AtBAjBA^Af@A\KnAIn@EVEf@Cn@Ar@?\@dBArBAp@El@]~CE`@G\IXITGJe@~@mAfCKf@Uj@EFEJGLEHKTIPWd@[`@SPa@Ts@r@w@v@q@l@y@p@YX[`@U\q@|Aa@|@Ud@g@dAQd@IPUj@]fAUv@ENYzAWtAKv@It@CVGfAI|BEdA?TE~@Cn@C\Kp@Ij@K\AFK^YbACFGb@Gf@E`@An@?V?VD|@Db@BVHb@Nx@?@BPVp@HAHDFHDLBN?L?DERGJGDG@YTQNS^IFk@`AiA`BSXKLa@j@{@dAoCjD[`@KJKJyA|@q@b@[ZUXSb@_@|@uBnF[x@Yd@Yb@KNMJQLUNIF[XEHCJEVEVC^BrA?L@lAAx@E|@G`AM~@ERKh@Mh@ERGVK`@Mh@a@tBSjACP[bBq@~CCh@?d@DP@P?PCPELIJIDO\Md@U`EKnBCTYlEKrAc@pEQdBOvACNGh@CHCFGLCDGJMLGQM[Yi@]g@W[QQKKUOOI[OYK@W@K@G@EAIAYBQjAj@
S5,35,66,A.D Hairdressing → Al Mahdi Centre → Ameen → Allied Pharmacy - Firth Park Road → A.D Hairdressing,3,6018,612,10min,ml~dIpwyG?@MLSLSJk@TUJm@iAS_@QWq@eA{DmFy@kAw@eAo@s@MQ][YQ]M[?OFQFGYECE?QHE?KAG@YLMFf@UFAJ@D?PID?DBFXPGNGZ?\LXP\ZLPn@r@v@dAx@jAzDlFp@dAPVR^l@hATKj@URKRMLMJWLc@\_B|@uDFU`@wBViAF]@CJUAK?MHc@BKDQF]BM@MDWXmGFwA@g@F{BDqBBaBBiB?a@@m@?{@@i@?I?M@OBUBSJe@Lk@BUBUJkBH{@?IDu@BYBUFa@BQFQRq@BEPi@Xu@Rg@Ng@BKBKFUf@kBFWBSDWQMOOe@e@wA|F`@d@PRCEMMa@e@vA}Fd@d@NNPLEVCRGVg@jBGTCJCJOf@Sf@Yt@Qh@CDSp@GPCPG`@CTCXEt@?HIz@KjBCTCTMj@Kd@CRCTAN?L?HAh@?z@Al@?`@ChBC`BEpBGzBAf@GvAYlG?\?J?J?HBBBNBH?LAREXCLETEDEBEBCAEBID?@ONWhAa@vBGT}@tD]~AMb@KVMLSLSJk@TUJm@iAS_@QWq@eA{DmFy@kAw@eAo@s@MQ][YQ]M[?OFQFKDOHGBEBg@Vg@Te@NcAL_AH[@c@@oCVO@m@Fk@FM@mAJsBJUDUFSLUR_@d@Yf@[l@Yv@YnAS~@Qn@HPBL@HARENIHKBEAGAGOEM?Q@QDMDGHCF?HBPo@R_ALg@Jg@Xw@Zm@Xg@^e@TSRMTGTErBKlAKLAj@Gl@GNAnCWb@AZA~@IbAMd@Of@Uf@WDCFCNIJEPGNGZ?\LXP\ZLPn@r@v@dAx@jAzDlFp@dAPVR^l@hATKj@URKRMLM?A
S5,35,67,Air Raid Night → Al Mahdi Centre → Allied Pharmacy - Firth Park Road → Ameen → Air Raid Night,3,7178,787,13min,i~_eI~bvGGpB?FGn@Kn@Qz@[lBKd@ENGHCFA?Qd@WdA_@|AGVCTEh@Cb@CTAJHFDLLp@L`A@LFj@Dv@@j@B|@?p@?`@Af@C^E\O~@Id@Kp@Gl@Iz@APAf@ALApA?zA?N@~@DrADr@BHH`AP~ARbCBPb@lEb@~Db@ArABx@@`AFX@TC^I^Q`@Sd@Oh@Ed@AR@Bj@@t@@\ATANCPGVW^o@bA{AfCEJEPAL@Vl@GNAnCWb@AZA~@IbAMd@Of@Uf@WDCFCNIJEGYECE?QHE?KAG@YLMFf@UFAJ@D?PID?DBFXKDOHGBEBg@Vg@Te@NcAL_AH[@c@@oCVO@m@Fk@FM@mAJsBJUDUFSLUR_@d@Yf@[l@Yv@Kf@Mf@S~@Qn@HPBL@HARENIHKBEAGAGOEM?Q@QDMDGHCF?HBPo@R_AXoAXw@Zm@Xg@^e@TSRMTGTErBKlAKLAj@Gl@GNAnCWb@AZA~@IbAMd@Of@Uf@WDCFCNIJEPGNGZ?\LXP\ZLPn@r@v@dAx@jAzDlFp@dAPVR^l@hATKj@URKRMLMJWLc@\_B|@uDFU`@wBViAF]@CJUAK?MHc@BKDQF]BM@MDWXmGFwA@g@F{BDqBBaBBiB?a@@m@?{@@i@?I?M@OBUBSJe@Lk@BUBUJkBH{@?IDu@BYBUFa@BQFQRq@BEPi@Xu@Rg@Ng@BKBKFUf@kBFWBSDWQMOOe@e@wA|F`@d@PRCEMMa@e@vA}FQO]]QO][MMmAiAo@m@W[Ye@a@aAsAoD_AaCi@uA}@{BIS[y@CKcAmCMa@AGKc@UgAu@}EAGaAuGo@yDMc@M]KYOYIIIM]a@Y[aBqBQSU][g@Q_@SZOTg@`Ag@~@]p@IN_A~BUf@k@rAS^MTGDEDOJ[NKBI?GAKCa@Uo@i@MEM?QBiAf@u@\SHWBU?Q?MBIJELAR@XB^Hj@DRLt@VbAPr@DX@V?VAXG`@I\Sf@}@xBc@~@[`AGXCXCl@A`@
S5,35,68,Al Mahdi Centre → A1 Immigration Services → Allied Pharmacy - Firth Park Road → 7 Hills Blinds → Al Mahdi Centre,3,3079,300,5min,eg_eI|cyGXMFAJ@D?PID?DBFXPGNGZ?\LXP\ZLPn@r@v@dAx@jAzDlFp@dAPVR^l@hATKj@URKRMLMJWLc@g@[OKc@Y{@o@_@h@[b@ITGPq@eA{DmFy@kAw@eAo@s@MQ][YQ]M[?OFQFKDOHGBEBg@Vg@Te@NcAL_AH[@c@@oCVO@m@Fk@FM@mAJsBJUDUFSLUR_@d@Yf@[l@Yv@Kf@Mf@S~@Qn@HPBL@HARENIHKBEAGAG^CNOt@[lBG^g@dDi@c@W]MUGMWo@Uy@Ou@M{@EcACs@xACLAn@ADAP?r@Cb@A@QDMDGHCF?HBPo@R_AXoAXw@Zm@Xg@^e@TSRMTGTErBKlAKLAj@Gl@GNAnCWb@AZA~@IbAMd@Of@Uf@WDCFCNIJEGYECE?QHE?KAG@YL
S5,35,69,Albatross → Allied Pharmacy - Firth Park Road → Al Mahdi Centre → A1 Immigration Services → Albatross,3,3096,332,5min,{k`eInxyG`@AVAr@Cb@A@QDMDGHCF?HBPo@R_ALg@Jg@Xw@Zm@Xg@^e@TSRMTGTErBKlAKLAj@Gl@GNAnCWb@AZA~@IbAMd@Of@Uf@WDCFCNIJEGYECE?QHE?KAG@YLMFf@UFAJ@D?PID?DBFXPGNGZ?\LXP\ZLPn@r@v@dAx@jAzDlFp@dAPVR^l@hATKj@URKRMLMJWLc@g@[OKc@Y{@o@_@h@[b@ITGPq@eA{DmFy@kAw@eAo@s@MQ][YQ]M[?OFQFKDOHGBEBg@Vg@Te@NcAL_AH[@c@@oCVO@m@Fk@FM@mAJsBJUDUFSLUR_@d@Yf@[l@Yv@YnAS~@Qn@HPBL@HARENIHKBEAGAG^CNOt@[lBG^g@dDi@c@W]MUGMWo@Uy@Ou@M{@EcACs@xACLAL?
S5,35,70,Alex Barbers → Al Mahdi Centre → A1 Immigration Services → Air Raid Night → Alex Barbers,3,6899,755,12min,aj`eIfoyGh@l@H[V}@Vy@To@Re@Zi@Va@V[\]`@]XQZMh@InBQDBBHFrElAKLAj@Gl@GNAnCWb@AZA~@IbAMd@Of@Uf@WDCFCNIJEGYECE?QHE?KAG@YLMFf@UFAJ@D?PID?DBFXPGNGZ?\LXP\ZLPn@r@v@dAx@jAzDlFp@dAPVR^l@hATKj@URKRMLMJWLc@g@[OKc@Y`BeHtApAFU`@wBViAF]@CJUAK?MHc@BKDQF]BM@MDWXmGFwA@g@F{BDqBBaBBiB?a@@m@?{@@i@?I?M@OBUBSJe@Lk@BUBUJkBH{@?IDu@BYBUFa@BQFQRq@BEPi@Xu@Rg@Ng@BKBKFUf@kBFWBSDWQMOOe@e@QO]]QO][MMmAiAo@m@W[Ye@a@aAsAoD_AaCi@uA}@{BIS[y@CKcAmCMa@AGKc@UgAu@}EAGaAuGo@yDMc@M]KYOYIIIM]a@Y[aBqBQSU][g@Q_@SZOTg@`Ag@~@]p@IN_A~BUf@k@rAS^MTGDEDOJ[NKBI?GAKCa@Uo@i@MEM?QBiAf@u@\SHWBU?Q?MBIJELAR@XB^Hj@DRLt@VbAPr@DX@V?VAXG`@I\Sf@}@xBc@~@[`AGXCXCl@A`@GpB?FGn@Kn@Qz@[lBKd@ENGHCFA?Qd@WdA_@|AGVCTEh@Cb@CTAJCRo@tBm@vBIVu@dCOf@O^QTMLOLOFUHO?U?}@Cg@AE?W@c@D[D{A\[JOFMLKT[t@Y~@Qv@ETeAbFcAdFEV_@dBi@~BK\KRMTsAlB}A|BYd@GHEHGPKVn@HH?ZDN@@@z@HRBj@Jj@Nj@PxDhALDj@NNDTHVHLHRNNPRTV`@|@hB^p@p@fAj@x@p@fABDBRENOf@G`@EZIt@Et@Ch@AXxACLAn@AVAr@Cb@A@QDMC]GMECo@k@OMZeBi@m@
S5,35,71,Allied Pharmacy - Firth Park Road → 7 Hills Blinds → Al Mahdi Centre → A1 Immigration Services → Allied Pharmacy - Firth Park Road,3,3096,332,5min,kd`eIdryGMf@S~@Qn@HPBL@HARENIHKBEAGAG^CNOt@[lBG^g@dDi@c@W]MUGMWo@Uy@Ou@M{@EcACs@xACLAn@ADAP?r@Cb@A@QDMDGHCF?HBPo@R_AXoAXw@Zm@Xg@^e@TSRMTGTErBKlAKLAj@Gl@GNAnCWb@AZA~@IbAMd@Of@Uf@WDCFCNIJEGYECE?QHE?KAG@YLMFf@UFAJ@D?PID?DBFXPGNGZ?\LXP\ZLPn@r@v@dAx@jAzDlFp@dAPVR^l@hATKj@URKRMLMJWLc@g@[OKc@Y{@o@_@h@[b@ITGPq@eA{DmFy@kAw@eAo@s@MQ][YQ]M[?OFQFKDOHGBEBg@Vg@Te@NcAL_AH[@c@@oCVO@m@Fk@FM@mAJsBJUDUFSLUR_@d@Yf@[l@Yv@Kf@
S5,35,72,Ameen → A1 Immigration Services → Al Mahdi Centre → Air Raid Night → Ameen,3,5737,651,10min,u}}dI~fwGMMa@e@vA}Fd@d@NNPLEVCRGVg@jBGTCJCJOf@Sf@Yt@Qh@CDSp@GPCPG`@CTCXEt@?HIz@KjBCTCTMj@Kd@CRCTAN?L?HAh@?z@Al@?`@ChBC`BEpBGzBAf@GvAYlG?\?J?J?HBBBNBH?LAREXCLETEDEBEBCAEBID?@ONWhAa@vBGT}@tD]~Ag@[OKc@Y{@o@_@h@[b@ITGPq@eA{DmFy@kAw@eAo@s@MQ][YQ]M[?OFQFGYECE?QHE?KAG@YLMFf@UFAJ@D?PID?DBFXKDOHGBEBg@Vg@Te@NcAL_AH[@c@@oCVO@m@FAW@MDQDKzAgCn@cAV_@FWBQ@O@UA]Au@Ck@SAe@@i@De@Na@R_@P_@HUBYAaAGy@AsACc@@c@_Ec@mECQScCQ_BIaACIEs@EsAA_A?O?{A@qA@M@g@@QH{@Fm@Jq@He@N_AD]B_@@g@?a@?q@C}@Ak@Ew@Gk@AMMaAMq@EMIG@KBUBc@Di@BUFW^}AVeAPe@@?BGFIDOJe@ZmBP{@Jo@Fo@?GFqB@a@Bm@BYFYZaAb@_A|@yBRg@H]Fa@@Y?WAWEYQs@WcAMu@ESIk@C_@AY@SDMHKLCP?T?VCRIt@]hAg@PCL?LDn@h@`@TJBF@H?JCZONKDEFELUR_@j@sATg@~@_CHO\q@f@_Af@aANUR[P^Zf@T\PR`BpBXZ\`@HLHHNXJXL\Lb@n@xD`AtG@Ft@|ETfAJb@@FL`@bAlCBJZx@HR|@zBh@tA~@`CrAnD`@`AXd@VZn@l@lAhALL\ZPN\\PNwA|F`@d@LL
S5,40,73,2nd Time Around → Al Mahdi Centre → A1 Immigration Services → Air Raid Night → 2nd Time Around,3,7065,746,12min,wj`eIrryGo@y@]e@QCENOf@G`@EZIt@Et@Ch@AXxACLAn@AVAr@Cb@A@QDMDGHCF?HBPo@R_AXoAXw@Zm@Xg@^e@TSRMTGTErBKlAKLAj@Gl@GNAnCWb@AZA~@IbAMd@Of@Uf@WDCFCNIJEGYECE?QHE?KAG@YLMFf@UFAJ@D?PID?DBFXPGNGZ?\LXP\ZLPn@r@v@dAx@jAzDlFp@dAPVR^l@hATKj@URKRMLMJWLc@g@[OKc@Y`BeHtApAFU`@wBViAF]@CJUAK?MHc@BKDQF]BM@MDWXmGFwA@g@F{BDqBBaBBiB?a@@m@?{@@i@?I?M@OBUBSJe@Lk@BUBUJkBH{@?IDu@BYBUFa@BQFQRq@BEPi@Xu@Rg@Ng@BKBKFUf@kBFWBSDWQMOOe@e@QO]]QO][MMmAiAo@m@W[Ye@a@aAsAoD_AaCi@uA}@{BIS[y@CKcAmCMa@AGKc@UgAu@}EAGaAuGo@yDMc@M]KYOYIIIM]a@Y[aBqBQSU][g@Q_@SZOTg@`Ag@~@]p@IN_A~BUf@k@rAS^MTGDEDOJ[NKBI?GAKCa@Uo@i@MEM?QBiAf@u@\SHWBU?Q?MBIJELAR@XB^Hj@DRLt@VbAPr@DX@V?VAXG`@I\Sf@}@xBc@~@[`AGXCXCl@A`@GpB?FGn@Kn@Qz@[lBKd@ENGHCFA?Qd@WdA_@|AGVCTEh@Cb@CTAJCRo@tBm@vBIVu@dCOf@O^QTMLOLOFUHO?U?}@Cg@AE?W@c@D[D{A\[JOFMLKT[t@Y~@Qv@ETeAbFcAdFEV_@dBi@~BK\KRMTsAlB}A|BYd@GHEHGPKVn@HH?ZDN@@@z@HRBj@Jj@Nj@PxDhALDj@NNDTHVHLHRNNPRTV`@|@hB^p@p@fAj@x@p@fABDBRENOf@G`@EZIt@Et@Ch@AXxACLAn@AVAr@Cb@A@QDMC]GMECo@k@OMMMGGMQ
S5,40,74,7 Hills Blinds → Allied Pharmacy - Firth Park Road → Al Mahdi Centre → A1 Immigration Services → 7 Hills Blinds,3,3096,332,5min,sj`eIjxyGP?r@Cb@A@QDMDGHCF?HBPo@R_ALg@Jg@Xw@Zm@Xg@^e@TSRMTGTErBKlAKLAj@Gl@GNAnCWb@AZA~@IbAMd@Of@Uf@WDCFCNIJEGYECE?QHE?KAG@YLMFf@UFAJ@D?PID?DBFXPGNGZ?\LXP\ZLPn@r@v@dAx@jAzDlFp@dAPVR^l@hATKj@URKRMLMJWLc@g@[OKc@Y{@o@_@h@[b@ITGPq@eA{DmFy@kAw@eAo@s@MQ][YQ]M[?OFQFKDOHGBEBg@Vg@Te@NcAL_AH[@c@@oCVO@m@Fk@FM@mAJsBJUDUFSLUR_@d@Yf@[l@Yv@YnAS~@Qn@HPBL@HARENIHKBEAGAG^CNOt@[lBG^g@dDi@c@W]MUGMWo@Uy@Ou@M{@EcACs@xACLAn@ADA
S5,40,75,A1 Immigration Services → Al Mahdi Centre → Ameen → Allied Pharmacy - Firth Park Road → A1 Immigration Services,3,6113,632,10min,{l~dIztyGf@ZMb@KVMLSLSJk@TUJm@iAS_@QWq@eA{DmFy@kAw@eAo@s@MQ][YQ]M[?OFQFGYECE?QHE?KAG@YLMFf@UFAJ@D?PID?DBFXPGNGZ?\LXP\ZLPn@r@v@dAx@jAzDlFp@dAPVR^l@hATKj@URKRMLMJWLc@\_B|@uDFU`@wBViAF]@CJUAK?MHc@BKDQF]BM@MDWXmGFwA@g@F{BDqBBaBBiB?a@@m@?{@@i@?I?M@OBUBSJe@Lk@BUBUJkBH{@?IDu@BYBUFa@BQFQRq@BEPi@Xu@Rg@Ng@BKBKFUf@kBFWBSDWQMOOe@e@wA|F`@d@PRCEMMa@e@vA}Fd@d@NNPLEVCRGVg@jBGTCJCJOf@Sf@Yt@Qh@CDSp@GPCPG`@CTCXEt@?HIz@KjBCTCTMj@Kd@CRCTAN?L?HAh@?z@Al@?`@ChBC`BEpBGzBAf@GvAYlG?\?J?J?HBBBNBH?LAREXCLETEDEBEBCAEBID?@ONWhAa@vBGT}@tD]~AMb@KVMLSLSJk@TUJm@iAS_@QWq@eA{DmFy@kAw@eAo@s@MQ][YQ]M[?OFQFKDOHGBEBg@Vg@Te@NcAL_AH[@c@@oCVO@m@Fk@FM@mAJsBJUDUFSLUR_@d@Yf@[l@Yv@YnAS~@Qn@HPBL@HARENIHKBEAGAGOEM?Q@QDMDGHCF?HBPo@R_ALg@Jg@Xw@Zm@Xg@^e@TSRMTGTErBKlAKLAj@Gl@GNAnCWb@AZA~@IbAMd@Of@Uf@WDCFCNIJEPGNGZ?\LXP\ZLPn@r@v@dAx@jAzDlFp@dAPVR^l@hATKj@URKRMLMJWLc@g@[
S5,40,76,Abbeymoor Veterinary Centres → Albatross → Allied Pharmacy - Firth Park Road → A.D Hairdressing → Abbeymoor Veterinary Centres,3,9098,883,14min,gx`eIplbHTRHNDJCJGPYx@Zh@LJJD??PATCLBNwAPeBb@qEJsAXmEBUJoBTaEAg@?g@GOCQAI?UDSFMFIHCF?JURc@p@_DZcBBQRkA`@uBLi@Ja@FWDSLi@Ji@DSL_AFaAD}@@y@AmA?MCsACa@C_@GEEGCICK?MBK@G?a@?YEWE]OcAWcBKq@CWGm@G}@Eo@McBGq@Ks@M}@Q_Aq@yDYsAk@iCKa@Ka@GWYcA[oAMc@yByHa@oAOm@GWEQGg@Ek@?WAI?gAA}AAs@?uA@yA?c@@o@?KDuB@i@D}@J}@P}AX}BFs@Bm@?k@A]?WGsACa@EiAG_AIeAUkBWaBAC_@cDKs@CSGc@MgAKgAG_AGgAEiACcACoAAeACcAAk@Cy@Ce@AOGaAIw@Gi@^A|@Ed@An@Ap@C`@Dd@L?@n@XHDb@Rf@ZLHPIHEBCHIJMN{B@OFiAPyDP_D@SFw@Da@BYNgAVuAl@gDi@c@W]MUGMWo@Uy@Ou@M{@EcACs@xACLAL?`@AVAr@Cb@A@QDMDGHCF?HBPo@R_ALg@Jg@Xw@Zm@Xg@^e@TSRMTGTErBKlAKLAj@Gl@GNAnCWb@AZA~@IbAMd@Of@Uf@WDCFCNIJEPGNGZ?\LXP\ZLPn@r@v@dAx@jAzDlFp@dAPVR^l@hATKj@URKRMLM?AJULc@\_B|@uDlAlAEx@Ev@Q`D?JANCZALCl@An@Br@Dn@Dh@Lr@L`AD\Fp@JdA@LFd@BRDTJd@BHJf@DTLf@DTLl@DV@N@P?LAlA?z@AtBAjBA^Af@A\KnAIn@EVEf@Cn@Ar@?\@dBArBAp@El@]~CE`@G\IXITGJe@~@mAfCKf@Uj@EFEJGLEHKTIPWd@[`@SPa@Ts@r@w@v@q@l@y@p@YX[`@U\q@|Aa@|@Ud@g@dAQd@IPUj@]fAUv@ENYzAWtAKv@It@CVGfAI|BEdA?TE~@Cn@C\Kp@Ij@K\AFK^YbACFGb@Gf@E`@An@?V?VD|@Db@BVHb@Nx@?@BPVp@HAHDFHDLBN?L?DERGJGDG@YTQNS^IFk@`AiA`BSXKLa@j@{@dAoCjD[`@KJKJyA|@q@b@[ZUXSb@_@|@uBnF[x@Yd@Yb@KNMJQLUNIF[XEHCJEVEVC^BrA?L@lAAx@E|@G`AM~@ERKh@Mh@ERGVK`@Mh@a@tBSjACP[bBq@~CCh@?d@DP@P?PCPELIJIDO\Md@U`EKnBCTYlEKrAc@pEQdBOvAMCUBQ@??KEMK[i@Xy@FQBKEKIOUS
S5,40,77,Ace Domestics → Albatross → Allied Pharmacy - Firth Park Road → A.D Hairdressing → Ace Domestics,3,9400,886,14min,}z`eI`mbHkAk@CP@X@HADAFAJd@PXLNJh@b@d@h@X`@Xj@JVJXFKBEFMBGBIFi@BONwAPeBb@qEJsAXmEBUJoBTaEAg@?g@GOCQAI?UDSFMFIHCF?JURc@p@_DZcBBQRkA`@uBLi@Ja@FWDSLi@Ji@DSL_AFaAD}@@y@AmA?MCsACa@C_@GEEGCICK?MBK@G?a@?YEWE]OcAWcBKq@CWGm@G}@Eo@McBGq@Ks@M}@Q_Aq@yDYsAk@iCKa@Ka@GWYcA[oAMc@yByHa@oAOm@GWEQGg@Ek@?WAI?gAA}AAs@?uA@yA?c@@o@?KDuB@i@D}@J}@P}AX}BFs@Bm@?k@A]?WGsACa@EiAG_AIeAUkBWaBAC_@cDKs@CSGc@MgAKgAG_AGgAEiACcACoAAeACcAAk@Cy@Ce@AOGaAIw@Gi@^A|@Ed@An@Ap@C`@Dd@L?@n@XHDb@Rf@ZLHPIHEBCHIJMN{B@OFiAPyDP_D@SFw@Da@BYNgAVuAl@gDi@c@W]MUGMWo@Uy@Ou@M{@EcACs@xACLAL?`@AVAr@Cb@A@QDMDGHCF?HBPo@R_ALg@Jg@Xw@Zm@Xg@^e@TSRMTGTErBKlAKLAj@Gl@GNAnCWb@AZA~@IbAMd@Of@Uf@WDCFCNIJEPGNGZ?\LXP\ZLPn@r@v@dAx@jAzDlFp@dAPVR^l@hATKj@URKRMLM?AJULc@\_B|@uDlAlAEx@Ev@Q`D?JANCZALCl@An@Br@Dn@Dh@Lr@L`AD\Fp@JdA@LFd@BRDTJd@BHJf@DTLf@DTLl@DV@N@P?LAlA?z@AtBAjBA^Af@A\KnAIn@EVEf@Cn@Ar@?\@dBArBAp@El@]~CE`@G\IXITGJe@~@mAfCKf@Uj@EFEJGLEHKTIPWd@[`@SPa@Ts@r@w@v@q@l@y@p@YX[`@U\q@|Aa@|@Ud@g@dAQd@IPUj@]fAUv@ENYzAWtAKv@It@CVGfAI|BEdA?TE~@Cn@C\Kp@Ij@K\AFK^YbACFGb@Gf@E`@An@?V?VD|@Db@BVHb@Nx@?@BPVp@HAHDFHDLBN?L?DERGJGDG@YTQNS^IFk@`AiA`BSXKLa@j@{@dAoCjD[`@KJKJyA|@q@b@[ZUXSb@_@|@uBnF[x@Yd@Yb@KNMJQLUNIF[XEHCJEVEVC^BrA?L@lAAx@E|@G`AM~@ERKh@Mh@ERGVK`@Mh@a@tBSjACP[bBq@~CCh@?d@DP@P?PCPELIJIDO\Md@U`EKnBCTYlEKrAc@pEQdBOvACNGh@CHCFGLCDGJMLGQM[Yi@]g@W[QQKKUOOI[OYK@W@K@G@EAIAYBQjAj@
S5,40,78,A.D Hairdressing → Al Mahdi Centre → Ameen → Allied Pharmacy - Firth Park Road → A.D Hairdressing,3,6018,612,10min,ml~dIpwyG?@MLSLSJk@TUJm@iAS_@QWq@eA{DmFy@kAw@eAo@s@MQ][YQ]M[?OFQFGYECE?QHE?KAG@YLMFf@UFAJ@D?PID?DBFXPGNGZ?\LXP\ZLPn@r@v@dAx@jAzDlFp@dAPVR^l@hATKj@URKRMLMJWLc@\_B|@uDFU`@wBViAF]@CJUAK?MHc@BKDQF]BM@MDWXmGFwA@g@F{BDqBBaBBiB?a@@m@?{@@i@?I?M@OBUBSJe@Lk@BUBUJkBH{@?IDu@BYBUFa@BQFQRq@BEPi@Xu@Rg@Ng@BKBKFUf@kBFWBSDWQMOOe@e@wA|F`@d@PRCEMMa@e@vA}Fd@d@NNPLEVCRGVg@jBGTCJCJOf@Sf@Yt@Qh@CDSp@GPCPG`@CTCXEt@?HIz@KjBCTCTMj@Kd@CRCTAN?L?HAh@?z@Al@?`@ChBC`BEpBGzBAf@GvAYlG?\?J?J?HBBBNBH?LAREXCLETEDEBEBCAEBID?@ONWhAa@vBGT}@tD]~AMb@KVMLSLSJk@TUJm@iAS_@QWq@eA{DmFy@kAw@eAo@s@MQ][YQ]M[?OFQFKDOHGBEBg@Vg@Te@NcAL_AH[@c@@oCVO@m@Fk@FM@mAJsBJUDUFSLUR_@d@Yf@[l@Yv@YnAS~@Qn@HPBL@HARENIHKBEAGAGOEM?Q@QDMDGHCF?HBPo@R_ALg@Jg@Xw@Zm@Xg@^e@TSRMTGTErBKlAKLAj@Gl@GNAnCWb@AZA~@IbAMd@Of@Uf@WDCFCNIJEPGNGZ?\LXP\ZLPn@r@v@dAx@jAzDlFp@dAPVR^l@hATKj@URKRMLM?A
S5,40,79,Air Raid Night → Al Mahdi Centre → Allied Pharmacy - Firth Park Road → Ameen → Air Raid Night,3,7178,787,13min,i~_eI~bvGGpB?FGn@Kn@Qz@[lBKd@ENGHCFA?Qd@WdA_@|AGVCTEh@Cb@CTAJHFDLLp@L`A@LFj@Dv@@j@B|@?p@?`@Af@C^E\O~@Id@Kp@Gl@Iz@APAf@ALApA?zA?N@~@DrADr@BHH`AP~ARbCBPb@lEb@~Db@ArABx@@`AFX@TC^I^Q`@Sd@Oh@Ed@AR@Bj@@t@@\ATANCPGVW^o@bA{AfCEJEPAL@Vl@GNAnCWb@AZA~@IbAMd@Of@Uf@WDCFCNIJEGYECE?QHE?KAG@YLMFf@UFAJ@D?PID?DBFXKDOHGBEBg@Vg@Te@NcAL_AH[@c@@oCVO@m@Fk@FM@mAJsBJUDUFSLUR_@d@Yf@[l@Yv@Kf@Mf@S~@Qn@HPBL@HARENIHKBEAGAGOEM?Q@QDMDGHCF?HBPo@R_AXoAXw@Zm@Xg@^e@TSRMTGTErBKlAKLAj@Gl@GNAnCWb@AZA~@IbAMd@Of@Uf@WDCFCNIJEPGNGZ?\LXP\ZLPn@r@v@dAx@jAzDlFp@dAPVR^l@hATKj@URKRMLMJWLc@\_B|@uDFU`@wBViAF]@CJUAK?MHc@BKDQF]BM@MDWXmGFwA@g@F{BDqBBaBBiB?a@@m@?{@@i@?I?M@OBUBSJe@Lk@BUBUJkBH{@?IDu@BYBUFa@BQFQRq@BEPi@Xu@Rg@Ng@BKBKFUf@kBFWBSDWQMOOe@e@wA|F`@d@PRCEMMa@e@vA}FQO]]QO][MMmAiAo@m@W[Ye@a@aAsAoD_AaCi@uA}@{BIS[y@CKcAmCMa@AGKc@UgAu@}EAGaAuGo@yDMc@M]KYOYIIIM]a@Y[aBqBQSU][g@Q_@SZOTg@`Ag@~@]p@IN_A~BUf@k@rAS^MTGDEDOJ[NKBI?GAKCa@Uo@i@MEM?QBiAf@u@\SHWBU?Q?MBIJELAR@XB^Hj@DRLt@VbAPr@DX@V?VAXG`@I\Sf@}@xBc@~@[`AGXCXCl@A`@
S5,40,80,Al Mahdi Centre → A1 Immigration Services → Allied Pharmacy - Firth Park Road → 7 Hills Blinds → Al Mahdi Centre,3,3079,300,5min,eg_eI|cyGXMFAJ@D?PID?DBFXPGNGZ?\LXP\ZLPn@r@v@dAx@jAzDlFp@dAPVR^l@hATKj@URKRMLMJWLc@g@[OKc@Y{@o@_@h@[b@ITGPq@eA{DmFy@kAw@eAo@s@MQ][YQ]M[?OFQFKDOHGBEBg@Vg@Te@NcAL_AH[@c@@oCVO@m@Fk@FM@mAJsBJUDUFSLUR_@d@Yf@[l@Yv@Kf@Mf@S~@Qn@HPBL@HARENIHKBEAGAG^CNOt@[lBG^g@dDi@c@W]MUGMWo@Uy@Ou@M{@EcACs@xACLAn@ADAP?r@Cb@A@QDMDGHCF?HBPo@R_AXoAXw@Zm@Xg@^e@TSRMTGTErBKlAKLAj@Gl@GNAnCWb@AZA~@IbAMd@Of@Uf@WDCFCNIJEGYECE?QHE?KAG@YL
S5,40,81,Albatross → Allied Pharmacy - Firth Park Road → Al Mahdi Centre → A1 Immigration Services → Albatross,3,3096,332,5min,{k`eInxyG`@AVAr@Cb@A@QDMDGHCF?HBPo@R_ALg@Jg@Xw@Zm@Xg@^e@TSRMTGTErBKlAKLAj@Gl@GNAnCWb@AZA~@IbAMd@Of@Uf@WDCFCNIJEGYECE?QHE?KAG@YLMFf@UFAJ@D?PID?DBFXPGNGZ?\LXP\ZLPn@r@v@dAx@jAzDlFp@dAPVR^l@hATKj@URKRMLMJWLc@g@[OKc@Y{@o@_@h@[b@ITGPq@eA{DmFy@kAw@eAo@s@MQ][YQ]M[?OFQFKDOHGBEBg@Vg@Te@NcAL_AH[@c@@oCVO@m@Fk@FM@mAJsBJUDUFSLUR_@d@Yf@[l@Yv@YnAS~@Qn@HPBL@HARENIHKBEAGAG^CNOt@[lBG^g@dDi@c@W]MUGMWo@Uy@Ou@M{@EcACs@xACLAL?
S5,40,82,Alex Barbers → Al Mahdi Centre → A1 Immigration Services → Air Raid Night → Alex Barbers,3,6899,755,12min,aj`eIfoyGh@l@H[V}@Vy@To@Re@Zi@Va@V[\]`@]XQZMh@InBQDBBHFrElAKLAj@Gl@GNAnCWb@AZA~@IbAMd@Of@Uf@WDCFCNIJEGYECE?QHE?KAG@YLMFf@UFAJ@D?PID?DBFXPGNGZ?\LXP\ZLPn@r@v@dAx@jAzDlFp@dAPVR^l@hATKj@URKRMLMJWLc@g@[OKc@Y`BeHtApAFU`@wBViAF]@CJUAK?MHc@BKDQF]BM@MDWXmGFwA@g@F{BDqBBaBBiB?a@@m@?{@@i@?I?M@OBUBSJe@Lk@BUBUJkBH{@?IDu@BYBUFa@BQFQRq@BEPi@Xu@Rg@Ng@BKBKFUf@kBFWBSDWQMOOe@e@QO]]QO][MMmAiAo@m@W[Ye@a@aAsAoD_AaCi@uA}@{BIS[y@CKcAmCMa@AGKc@UgAu@}EAGaAuGo@yDMc@M]KYOYIIIM]a@Y[aBqBQSU][g@Q_@SZOTg@`Ag@~@]p@IN_A~BUf@k@rAS^MTGDEDOJ[NKBI?GAKCa@Uo@i@MEM?QBiAf@u@\SHWBU?Q?MBIJELAR@XB^Hj@DRLt@VbAPr@DX@V?VAXG`@I\Sf@}@xBc@~@[`AGXCXCl@A`@GpB?FGn@Kn@Qz@[lBKd@ENGHCFA?Qd@WdA_@|AGVCTEh@Cb@CTAJCRo@tBm@vBIVu@dCOf@O^QTMLOLOFUHO?U?}@Cg@AE?W@c@D[D{A\[JOFMLKT[t@Y~@Qv@ETeAbFcAdFEV_@dBi@~BK\KRMTsAlB}A|BYd@GHEHGPKVn@HH?ZDN@@@z@HRBj@Jj@Nj@PxDhALDj@NNDTHVHLHRNNPRTV`@|@hB^p@p@fAj@x@p@fABDBRENOf@G`@EZIt@Et@Ch@AXxACLAn@AVAr@Cb@A@QDMC]GMECo@k@OMZeBi@m@
S5,40,83,Allied Pharmacy - Firth Park Road → 7 Hills Blinds → Al Mahdi Centre → A1 Immigration Services → Allied Pharmacy - Firth Park Road,3,3096,332,5min,kd`eIdryGMf@S~@Qn@HPBL@HARENIHKBEAGAG^CNOt@[lBG^g@dDi@c@W]MUGMWo@Uy@Ou@M{@EcACs@xACLAn@ADAP?r@Cb@A@QDMDGHCF?HBPo@R_AXoAXw@Zm@Xg@^e@TSRMTGTErBKlAKLAj@Gl@GNAnCWb@AZA~@IbAMd@Of@Uf@WDCFCNIJEGYECE?QHE?KAG@YLMFf@UFAJ@D?PID?DBFXPGNGZ?\LXP\ZLPn@r@v@dAx@jAzDlFp@dAPVR^l@hATKj@URKRMLMJWLc@g@[OKc@Y{@o@_@h@[b@ITGPq@eA{DmFy@kAw@eAo@s@MQ][YQ]M[?OFQFKDOHGBEBg@Vg@Te@NcAL_AH[@c@@oCVO@m@Fk@FM@mAJsBJUDUFSLUR_@d@Yf@[l@Yv@Kf@
S5,40,84,Ameen → A1 Immigration Services → Al Mahdi Centre → Air Raid Night → Ameen,3,5737,651,10min,u}}dI~fwGMMa@e@vA}Fd@d@NNPLEVCRGVg@jBGTCJCJOf@Sf@Yt@Qh@CDSp@GPCPG`@CTCXEt@?HIz@KjBCTCTMj@Kd@CRCTAN?L?HAh@?z@Al@?`@ChBC`BEpBGzBAf@GvAYlG?\?J?J?HBBBNBH?LAREXCLETEDEBEBCAEBID?@ONWhAa@vBGT}@tD]~Ag@[OKc@Y{@o@_@h@[b@ITGPq@eA{DmFy@kAw@eAo@s@MQ][YQ]M[?OFQFGYECE?QHE?KAG@YLMFf@UFAJ@D?PID?DBFXKDOHGBEBg@Vg@Te@NcAL_AH[@c@@oCVO@m@FAW@MDQDKzAgCn@cAV_@FWBQ@O@UA]Au@Ck@SAe@@i@De@Na@R_@P_@HUBYAaAGy@AsACc@@c@_Ec@mECQScCQ_BIaACIEs@EsAA_A?O?{A@qA@M@g@@QH{@Fm@Jq@He@N_AD]B_@@g@?a@?q@C}@Ak@Ew@Gk@AMMaAMq@EMIG@KBUBc@Di@BUFW^}AVeAPe@@?BGFIDOJe@ZmBP{@Jo@Fo@?GFqB@a@Bm@BYFYZaAb@_A|@yBRg@H]Fa@@Y?WAWEYQs@WcAMu@ESIk@C_@AY@SDMHKLCP?T?VCRIt@]hAg@PCL?LDn@h@`@TJBF@H?JCZONKDEFELUR_@j@sATg@~@_CHO\q@f@_Af@aANUR[P^Zf@T\PR`BpBXZ\`@HLHHNXJXL\Lb@n@xD`AtG@Ft@|ETfAJb@@FL`@bAlCBJZx@HR|@zBh@tA~@`CrAnD`@`AXd@VZn@l@lAhALL\ZPN\\PNwA|F`@d@LL
S5,45,85,2nd Time Around → Al Mahdi Centre → A1 Immigration Services → Air Raid Night → 2nd Time Around,3,7065,746,12min,wj`eIrryGo@y@]e@QCENOf@G`@EZIt@Et@Ch@AXxACLAn@AVAr@Cb@A@QDMDGHCF?HBPo@R_AXoAXw@Zm@Xg@^e@TSRMTGTErBKlAKLAj@Gl@GNAnCWb@AZA~@IbAMd@Of@Uf@WDCFCNIJEGYECE?QHE?KAG@YLMFf@UFAJ@D?PID?DBFXPGNGZ?\LXP\ZLPn@r@v@dAx@jAzDlFp@dAPVR^l@hATKj@URKRMLMJWLc@g@[OKc@Y`BeHtApAFU`@wBViAF]@CJUAK?MHc@BKDQF]BM@MDWXmGFwA@g@F{BDqBBaBBiB?a@@m@?{@@i@?I?M@OBUBSJe@Lk@BUBUJkBH{@?IDu@BYBUFa@BQFQRq@BEPi@Xu@Rg@Ng@BKBKFUf@kBFWBSDWQMOOe@e@QO]]QO][MMmAiAo@m@W[Ye@a@aAsAoD_AaCi@uA}@{BIS[y@CKcAmCMa@AGKc@UgAu@}EAGaAuGo@yDMc@M]KYOYIIIM]a@Y[aBqBQSU][g@Q_@SZOTg@`Ag@~@]p@IN_A~BUf@k@rAS^MTGDEDOJ[NKBI?GAKCa@Uo@i@MEM?QBiAf@u@\SHWBU?Q?MBIJELAR@XB^Hj@DRLt@VbAPr@DX@V?VAXG`@I\Sf@}@xBc@~@[`AGXCXCl@A`@GpB?FGn@Kn@Qz@[lBKd@ENGHCFA?Qd@WdA_@|AGVCTEh@Cb@CTAJCRo@tBm@vBIVu@dCOf@O^QTMLOLOFUHO?U?}@Cg@AE?W@c@D[D{A\[JOFMLKT[t@Y~@Qv@ETeAbFcAdFEV_@dBi@~BK\KRMTsAlB}A|BYd@GHEHGPKVn@HH?ZDN@@@z@HRBj@Jj@Nj@PxDhALDj@NNDTHVHLHRNNPRTV`@|@hB^p@p@fAj@x@p@fABDBRENOf@G`@EZIt@Et@Ch@AXxACLAn@AVAr@Cb@A@QDMC]GMECo@k@OMMMGGMQ
S5,45,86,7 Hills Blinds → Allied Pharmacy - Firth Park Road → Al Mahdi Centre → A1 Immigration Services → 7 Hills Blinds,3,3096,332,5min,sj`eIjxyGP?r@Cb@A@QDMDGHCF?HBPo@R_ALg@Jg@Xw@Zm@Xg@^e@TSRMTGTErBKlAKLAj@Gl@GNAnCWb@AZA~@IbAMd@Of@Uf@WDCFCNIJEGYECE?QHE?KAG@YLMFf@UFAJ@D?PID?DBFXPGNGZ?\LXP\ZLPn@r@v@dAx@jAzDlFp@dAPVR^l@hATKj@URKRMLMJWLc@g@[OKc@Y{@o@_@h@[b@ITGPq@eA{DmFy@kAw@eAo@s@MQ][YQ]M[?OFQFKDOHGBEBg@Vg@Te@NcAL_AH[@c@@oCVO@m@Fk@FM@mAJsBJUDUFSLUR_@d@Yf@[l@Yv@YnAS~@Qn@HPBL@HARENIHKBEAGAG^CNOt@[lBG^g@dDi@c@W]MUGMWo@Uy@Ou@M{@EcACs@xACLAn@ADA
S5,45,87,A1 Immigration Services → Al Mahdi Centre → Ameen → Allied Pharmacy - Firth Park Road → A1 Immigration Services,3,6113,632,10min,{l~dIztyGf@ZMb@KVMLSLSJk@TUJm@iAS_@QWq@eA{DmFy@kAw@eAo@s@MQ][YQ]M[?OFQFGYECE?QHE?KAG@YLMFf@UFAJ@D?PID?DBFXPGNGZ?\LXP\ZLPn@r@v@dAx@jAzDlFp@dAPVR^l@hATKj@URKRMLMJWLc@\_B|@uDFU`@wBViAF]@CJUAK?MHc@BKDQF]BM@MDWXmGFwA@g@F{BDqBBaBBiB?a@@m@?{@@i@?I?M@OBUBSJe@Lk@BUBUJkBH{@?IDu@BYBUFa@BQFQRq@BEPi@Xu@Rg@Ng@BKBKFUf@kBFWBSDWQMOOe@e@wA|F`@d@PRCEMMa@e@vA}Fd@d@NNPLEVCRGVg@jBGTCJCJOf@Sf@Yt@Qh@CDSp@GPCPG`@CTCXEt@?HIz@KjBCTCTMj@Kd@CRCTAN?L?HAh@?z@Al@?`@ChBC`BEpBGzBAf@GvAYlG?\?J?J?HBBBNBH?LAREXCLETEDEBEBCAEBID?@ONWhAa@vBGT}@tD]~AMb@KVMLSLSJk@TUJm@iAS_@QWq@eA{DmFy@kAw@eAo@s@MQ][YQ]M[?OFQFKDOHGBEBg@Vg@Te@NcAL_AH[@c@@oCVO@m@Fk@FM@mAJsBJUDUFSLUR_@d@Yf@[l@Yv@YnAS~@Qn@HPBL@HARENIHKBEAGAGOEM?Q@QDMDGHCF?HBPo@R_ALg@Jg@Xw@Zm@Xg@^e@TSRMTGTErBKlAKLAj@Gl@GNAnCWb@AZA~@IbAMd@Of@Uf@WDCFCNIJEPGNGZ?\LXP\ZLPn@r@v@dAx@jAzDlFp@dAPVR^l@hATKj@URKRMLMJWLc@g@[
S5,45,88,Abbeymoor Veterinary Centres → Albatross → Allied Pharmacy - Firth Park Road → A.D Hairdressing → Abbeymoor Veterinary Centres,3,9098,883,14min,gx`eIplbHTRHNDJCJGPYx@Zh@LJJD??PATCLBNwAPeBb@qEJsAXmEBUJoBTaEAg@?g@GOCQAI?UDSFMFIHCF?JURc@p@_DZcBBQRkA`@uBLi@Ja@FWDSLi@Ji@DSL_AFaAD}@@y@AmA?MCsACa@C_@GEEGCICK?MBK@G?a@?YEWE]OcAWcBKq@CWGm@G}@Eo@McBGq@Ks@M}@Q_Aq@yDYsAk@iCKa@Ka@GWYcA[oAMc@yByHa@oAOm@GWEQGg@Ek@?WAI?gAA}AAs@?uA@yA?c@@o@?KDuB@i@D}@J}@P}AX}BFs@Bm@?k@A]?WGsACa@EiAG_AIeAUkBWaBAC_@cDKs@CSGc@MgAKgAG_AGgAEiACcACoAAeACcAAk@Cy@Ce@AOGaAIw@Gi@^A|@Ed@An@Ap@C`@Dd@L?@n@XHDb@Rf@ZLHPIHEBCHIJMN{B@OFiAPyDP_D@SFw@Da@BYNgAVuAl@gDi@c@W]MUGMWo@Uy@Ou@M{@EcACs@xACLAL?`@AVAr@Cb@A@QDMDGHCF?HBPo@R_ALg@Jg@Xw@Zm@Xg@^e@TSRMTGTErBKlAKLAj@Gl@GNAnCWb@AZA~@IbAMd@Of@Uf@WDCFCNIJEPGNGZ?\LXP\ZLPn@r@v@dAx@jAzDlFp@dAPVR^l@hATKj@URKRMLM?AJULc@\_B|@uDlAlAEx@Ev@Q`D?JANCZALCl@An@Br@Dn@Dh@Lr@L`AD\Fp@JdA@LFd@BRDTJd@BHJf@DTLf@DTLl@DV@N@P?LAlA?z@AtBAjBA^Af@A\KnAIn@EVEf@Cn@Ar@?\@dBArBAp@El@]~CE`@G\IXITGJe@~@mAfCKf@Uj@EFEJGLEHKTIPWd@[`@SPa@Ts@r@w@v@q@l@y@p@YX[`@U\q@|Aa@|@Ud@g@dAQd@IPUj@]fAUv@ENYzAWtAKv@It@CVGfAI|BEdA?TE~@Cn@C\Kp@Ij@K\AFK^YbACFGb@Gf@E`@An@?V?VD|@Db@BVHb@Nx@?@BPVp@HAHDFHDLBN?L?DERGJGDG@YTQNS^IFk@`AiA`BSXKLa@j@{@dAoCjD[`@KJKJyA|@q@b@[ZUXSb@_@|@uBnF[x@Yd@Yb@KNMJQLUNIF[XEHCJEVEVC^BrA?L@lAAx@E|@G`AM~@ERKh@Mh@ERGVK`@Mh@a@tBSjACP[bBq@~CCh@?d@DP@P?PCPELIJIDO\Md@U`EKnBCTYlEKrAc@pEQdBOvAMCUBQ@??KEMK[i@Xy@FQBKEKIOUS
S5,45,89,Ace Domestics → Albatross → Allied Pharmacy - Firth Park Road → A.D Hairdressing → Ace Domestics,3,9400,886,14min,}z`eI`mbHkAk@CP@X@HADAFAJd@PXLNJh@b@d@h@X`@Xj@JVJXFKBEFMBGBIFi@BONwAPeBb@qEJsAXmEBUJoBTaEAg@?g@GOCQAI?UDSFMFIHCF?JURc@p@_DZcBBQRkA`@uBLi@Ja@FWDSLi@Ji@DSL_AFaAD}@@y@AmA?MCsACa@C_@GEEGCICK?MBK@G?a@?YEWE]OcAWcBKq@CWGm@G}@Eo@McBGq@Ks@M}@Q_Aq@yDYsAk@iCKa@Ka@GWYcA[oAMc@yByHa@oAOm@GWEQGg@Ek@?WAI?gAA}AAs@?uA@yA?c@@o@?KDuB@i@D}@J}@P}AX}BFs@Bm@?k@A]?WGsACa@EiAG_AIeAUkBWaBAC_@cDKs@CSGc@MgAKgAG_AGgAEiACcACoAAeACcAAk@Cy@Ce@AOGaAIw@Gi@^A|@Ed@An@Ap@C`@Dd@L?@n@XHDb@Rf@ZLHPIHEBCHIJMN{B@OFiAPyDP_D@SFw@Da@BYNgAVuAl@gDi@c@W]MUGMWo@Uy@Ou@M{@EcACs@xACLAL?`@AVAr@Cb@A@QDMDGHCF?HBPo@R_ALg@Jg@Xw@Zm@Xg@^e@TSRMTGTErBKlAKLAj@Gl@GNAnCWb@AZA~@IbAMd@Of@Uf@WDCFCNIJEPGNGZ?\LXP\ZLPn@r@v@dAx@jAzDlFp@dAPVR^l@hATKj@URKRMLM?AJULc@\_B|@uDlAlAEx@Ev@Q`D?JANCZALCl@An@Br@Dn@Dh@Lr@L`AD\Fp@JdA@LFd@BRDTJd@BHJf@DTLf@DTLl@DV@N@P?LAlA?z@AtBAjBA^Af@A\KnAIn@EVEf@Cn@Ar@?\@dBArBAp@El@]~CE`@G\IXITGJe@~@mAfCKf@Uj@EFEJGLEHKTIPWd@[`@SPa@Ts@r@w@v@q@l@y@p@YX[`@U\q@|Aa@|@Ud@g@dAQd@IPUj@]fAUv@ENYzAWtAKv@It@CVGfAI|BEdA?TE~@Cn@C\Kp@Ij@K\AFK^YbACFGb@Gf@E`@An@?V?VD|@Db@BVHb@Nx@?@BPVp@HAHDFHDLBN?L?DERGJGDG@YTQNS^IFk@`AiA`BSXKLa@j@{@dAoCjD[`@KJKJyA|@q@b@[ZUXSb@_@|@uBnF[x@Yd@Yb@KNMJQLUNIF[XEHCJEVEVC^BrA?L@lAAx@E|@G`AM~@ERKh@Mh@ERGVK`@Mh@a@tBSjACP[bBq@~CCh@?d@DP@P?PCPELIJIDO\Md@U`EKnBCTYlEKrAc@pEQdBOvACNGh@CHCFGLCDGJMLGQM[Yi@]g@W[QQKKUOOI[OYK@W@K@G@EAIAYBQjAj@
S5,45,90,A.D Hairdressing → Al Mahdi Centre → Ameen → Allied Pharmacy - Firth Park Road → A.D Hairdressing,3,6018,612,10min,ml~dIpwyG?@MLSLSJk@TUJm@iAS_@QWq@eA{DmFy@kAw@eAo@s@MQ][YQ]M[?OFQFGYECE?QHE?KAG@YLMFf@UFAJ@D?PID?DBFXPGNGZ?\LXP\ZLPn@r@v@dAx@jAzDlFp@dAPVR^l@hATKj@URKRMLMJWLc@\_B|@uDFU`@wBViAF]@CJUAK?MHc@BKDQF]BM@MDWXmGFwA@g@F{BDqBBaBBiB?a@@m@?{@@i@?I?M@OBUBSJe@Lk@BUBUJkBH{@?IDu@BYBUFa@BQFQRq@BEPi@Xu@Rg@Ng@BKBKFUf@kBFWBSDWQMOOe@e@wA|F`@d@PRCEMMa@e@vA}Fd@d@NNPLEVCRGVg@jBGTCJCJOf@Sf@Yt@Qh@CDSp@GPCPG`@CTCXEt@?HIz@KjBCTCTMj@Kd@CRCTAN?L?HAh@?z@Al@?`@ChBC`BEpBGzBAf@GvAYlG?\?J?J?HBBBNBH?LAREXCLETEDEBEBCAEBID?@ONWhAa@vBGT}@tD]~AMb@KVMLSLSJk@TUJm@iAS_@QWq@eA{DmFy@kAw@eAo@s@MQ][YQ]M[?OFQFKDOHGBEBg@Vg@Te@NcAL_AH[@c@@oCVO@m@Fk@FM@mAJsBJUDUFSLUR_@d@Yf@[l@Yv@YnAS~@Qn@HPBL@HARENIHKBEAGAGOEM?Q@QDMDGHCF?HBPo@R_ALg@Jg@Xw@Zm@Xg@^e@TSRMTGTErBKlAKLAj@Gl@GNAnCWb@AZA~@IbAMd@Of@Uf@WDCFCNIJEPGNGZ?\LXP\ZLPn@r@v@dAx@jAzDlFp@dAPVR^l@hATKj@URKRMLM?A
S5,45,91,Air Raid Night → Al Mahdi Centre → Allied Pharmacy - Firth Park Road → Ameen → Air Raid Night,3,7178,787,13min,i~_eI~bvGGpB?FGn@Kn@Qz@[lBKd@ENGHCFA?Qd@WdA_@|AGVCTEh@Cb@CTAJHFDLLp@L`A@LFj@Dv@@j@B|@?p@?`@Af@C^E\O~@Id@Kp@Gl@Iz@APAf@ALApA?zA?N@~@DrADr@BHH`AP~ARbCBPb@lEb@~Db@ArABx@@`AFX@TC^I^Q`@Sd@Oh@Ed@AR@Bj@@t@@\ATANCPGVW^o@bA{AfCEJEPAL@Vl@GNAnCWb@AZA~@IbAMd@Of@Uf@WDCFCNIJEGYECE?QHE?KAG@YLMFf@UFAJ@D?PID?DBFXKDOHGBEBg@Vg@Te@NcAL_AH[@c@@oCVO@m@Fk@FM@mAJsBJUDUFSLUR_@d@Yf@[l@Yv@Kf@Mf@S~@Qn@HPBL@HARENIHKBEAGAGOEM?Q@QDMDGHCF?HBPo@R_AXoAXw@Zm@Xg@^e@TSRMTGTErBKlAKLAj@Gl@GNAnCWb@AZA~@IbAMd@Of@Uf@WDCFCNIJEPGNGZ?\LXP\ZLPn@r@v@dAx@jAzDlFp@dAPVR^l@hATKj@URKRMLMJWLc@\_B|@uDFU`@wBViAF]@CJUAK?MHc@BKDQF]BM@MDWXmGFwA@g@F{BDqBBaBBiB?a@@m@?{@@i@?I?M@OBUBSJe@Lk@BUBUJkBH{@?IDu@BYBUFa@BQFQRq@BEPi@Xu@Rg@Ng@BKBKFUf@kBFWBSDWQMOOe@e@wA|F`@d@PRCEMMa@e@vA}FQO]]QO][MMmAiAo@m@W[Ye@a@aAsAoD_AaCi@uA}@{BIS[y@CKcAmCMa@AGKc@UgAu@}EAGaAuGo@yDMc@M]KYOYIIIM]a@Y[aBqBQSU][g@Q_@SZOTg@`Ag@~@]p@IN_A~BUf@k@rAS^MTGDEDOJ[NKBI?GAKCa@Uo@i@MEM?QBiAf@u@\SHWBU?Q?MBIJELAR@XB^Hj@DRLt@VbAPr@DX@V?VAXG`@I\Sf@}@xBc@~@[`AGXCXCl@A`@
S5,45,92,Al Mahdi Centre → A1 Immigration Services → Allied Pharmacy - Firth Park Road → 7 Hills Blinds → Al Mahdi Centre,3,3079,300,5min,eg_eI|cyGXMFAJ@D?PID?DBFXPGNGZ?\LXP\ZLPn@r@v@dAx@jAzDlFp@dAPVR^l@hATKj@URKRMLMJWLc@g@[OKc@Y{@o@_@h@[b@ITGPq@eA{DmFy@kAw@eAo@s@MQ][YQ]M[?OFQFKDOHGBEBg@Vg@Te@NcAL_AH[@c@@oCVO@m@Fk@FM@mAJsBJUDUFSLUR_@d@Yf@[l@Yv@Kf@Mf@S~@Qn@HPBL@HARENIHKBEAGAG^CNOt@[lBG^g@dDi@c@W]MUGMWo@Uy@Ou@M{@EcACs@xACLAn@ADAP?r@Cb@A@QDMDGHCF?HBPo@R_AXoAXw@Zm@Xg@^e@TSRMTGTErBKlAKLAj@Gl@GNAnCWb@AZA~@IbAMd@Of@Uf@WDCFCNIJEGYECE?QHE?KAG@YL
S5,45,93,Albatross → Allied Pharmacy - Firth Park Road → Al Mahdi Centre → A1 Immigration Services → Albatross,3,3096,332,5min,{k`eInxyG`@AVAr@Cb@A@QDMDGHCF?HBPo@R_ALg@Jg@Xw@Zm@Xg@^e@TSRMTGTErBKlAKLAj@Gl@GNAnCWb@AZA~@IbAMd@Of@Uf@WDCFCNIJEGYECE?QHE?KAG@YLMFf@UFAJ@D?PID?DBFXPGNGZ?\LXP\ZLPn@r@v@dAx@jAzDlFp@dAPVR^l@hATKj@URKRMLMJWLc@g@[OKc@Y{@o@_@h@[b@ITGPq@eA{DmFy@kAw@eAo@s@MQ][YQ]M[?OFQFKDOHGBEBg@Vg@Te@NcAL_AH[@c@@oCVO@m@Fk@FM@mAJsBJUDUFSLUR_@d@Yf@[l@Yv@YnAS~@Qn@HPBL@HARENIHKBEAGAG^CNOt@[lBG^g@dDi@c@W]MUGMWo@Uy@Ou@M{@EcACs@xACLAL?
S5,45,94,Alex Barbers → Al Mahdi Centre → A1 Immigration Services → Air Raid Night → Alex Barbers,3,6899,755,12min,aj`eIfoyGh@l@H[V}@Vy@To@Re@Zi@Va@V[\]`@]XQZMh@InBQDBBHFrElAKLAj@Gl@GNAnCWb@AZA~@IbAMd@Of@Uf@WDCFCNIJEGYECE?QHE?KAG@YLMFf@UFAJ@D?PID?DBFXPGNGZ?\LXP\ZLPn@r@v@dAx@jAzDlFp@dAPVR^l@hATKj@URKRMLMJWLc@g@[OKc@Y`BeHtApAFU`@wBViAF]@CJUAK?MHc@BKDQF]BM@MDWXmGFwA@g@F{BDqBBaBBiB?a@@m@?{@@i@?I?M@OBUBSJe@Lk@BUBUJkBH{@?IDu@BYBUFa@BQFQRq@BEPi@Xu@Rg@Ng@BKBKFUf@kBFWBSDWQMOOe@e@QO]]QO][MMmAiAo@m@W[Ye@a@aAsAoD_AaCi@uA}@{BIS[y@CKcAmCMa@AGKc@UgAu@}EAGaAuGo@yDMc@M]KYOYIIIM]a@Y[aBqBQSU][g@Q_@SZOTg@`Ag@~@]p@IN_A~BUf@k@rAS^MTGDEDOJ[NKBI?GAKCa@Uo@i@MEM?QBiAf@u@\SHWBU?Q?MBIJELAR@XB^Hj@DRLt@VbAPr@DX@V?VAXG`@I\Sf@}@xBc@~@[`AGXCXCl@A`@GpB?FGn@Kn@Qz@[lBKd@ENGHCFA?Qd@WdA_@|AGVCTEh@Cb@CTAJCRo@tBm@vBIVu@dCOf@O^QTMLOLOFUHO?U?}@Cg@AE?W@c@D[D{A\[JOFMLKT[t@Y~@Qv@ETeAbFcAdFEV_@dBi@~BK\KRMTsAlB}A|BYd@GHEHGPKVn@HH?ZDN@@@z@HRBj@Jj@Nj@PxDhALDj@NNDTHVHLHRNNPRTV`@|@hB^p@p@fAj@x@p@fABDBRENOf@G`@EZIt@Et@Ch@AXxACLAn@AVAr@Cb@A@QDMC]GMECo@k@OMZeBi@m@
S5,45,95,Allied Pharmacy - Firth Park Road → 7 Hills Blinds → Al Mahdi Centre → A1 Immigration Services → Allied Pharmacy - Firth Park Road,3,3096,332,5min,kd`eIdryGMf@S~@Qn@HPBL@HARENIHKBEAGAG^CNOt@[lBG^g@dDi@c@W]MUGMWo@Uy@Ou@M{@EcACs@xACLAn@ADAP?r@Cb@A@QDMDGHCF?HBPo@R_AXoAXw@Zm@Xg@^e@TSRMTGTErBKlAKLAj@Gl@GNAnCWb@AZA~@IbAMd@Of@Uf@WDCFCNIJEGYECE?QHE?KAG@YLMFf@UFAJ@D?PID?DBFXPGNGZ?\LXP\ZLPn@r@v@dAx@jAzDlFp@dAPVR^l@hATKj@URKRMLMJWLc@g@[OKc@Y{@o@_@h@[b@ITGPq@eA{DmFy@kAw@eAo@s@MQ][YQ]M[?OFQFKDOHGBEBg@Vg@Te@NcAL_AH[@c@@oCVO@m@Fk@FM@mAJsBJUDUFSLUR_@d@Yf@[l@Yv@Kf@
S5,45,96,Ameen → A1 Immigration Services → Al Mahdi Centre → Air Raid Night → Ameen,3,5737,651,10min,u}}dI~fwGMMa@e@vA}Fd@d@NNPLEVCRGVg@jBGTCJCJOf@Sf@Yt@Qh@CDSp@GPCPG`@CTCXEt@?HIz@KjBCTCTMj@Kd@CRCTAN?L?HAh@?z@Al@?`@ChBC`BEpBGzBAf@GvAYlG?\?J?J?HBBBNBH?LAREXCLETEDEBEBCAEBID?@ONWhAa@vBGT}@tD]~Ag@[OKc@Y{@o@_@h@[b@ITGPq@eA{DmFy@kAw@eAo@s@MQ][YQ]M[?OFQFGYECE?QHE?KAG@YLMFf@UFAJ@D?PID?DBFXKDOHGBEBg@Vg@Te@NcAL_AH[@c@@oCVO@m@FAW@MDQDKzAgCn@cAV_@FWBQ@O@UA]Au@Ck@SAe@@i@De@Na@R_@P_@HUBYAaAGy@AsACc@@c@_Ec@mECQScCQ_BIaACIEs@EsAA_A?O?{A@qA@M@g@@QH{@Fm@Jq@He@N_AD]B_@@g@?a@?q@C}@Ak@Ew@Gk@AMMaAMq@EMIG@KBUBc@Di@BUFW^}AVeAPe@@?BGFIDOJe@ZmBP{@Jo@Fo@?GFqB@a@Bm@BYFYZaAb@_A|@yBRg@H]Fa@@Y?WAWEYQs@WcAMu@ESIk@C_@AY@SDMHKLCP?T?VCRIt@]hAg@PCL?LDn@h@`@TJBF@H?JCZONKDEFELUR_@j@sATg@~@_CHO\q@f@_Af@aANUR[P^Zf@T\PR`BpBXZ\`@HLHHNXJXL\Lb@n@xD`AtG@Ft@|ETfAJb@@FL`@bAlCBJZx@HR|@zBh@tA~@`CrAnD`@`AXd@VZn@l@lAhALL\ZPN\\PNwA|F`@d@LL
S5,50,97,2nd Time Around → Al Mahdi Centre → A1 Immigration Services → Air Raid Night → 2nd Time Around,3,7065,746,12min,wj`eIrryGo@y@]e@QCENOf@G`@EZIt@Et@Ch@AXxACLAn@AVAr@Cb@A@QDMDGHCF?HBPo@R_AXoAXw@Zm@Xg@^e@TSRMTGTErBKlAKLAj@Gl@GNAnCWb@AZA~@IbAMd@Of@Uf@WDCFCNIJEGYECE?QHE?KAG@YLMFf@UFAJ@D?PID?DBFXPGNGZ?\LXP\ZLPn@r@v@dAx@jAzDlFp@dAPVR^l@hATKj@URKRMLMJWLc@g@[OKc@Y`BeHtApAFU`@wBViAF]@CJUAK?MHc@BKDQF]BM@MDWXmGFwA@g@F{BDqBBaBBiB?a@@m@?{@@i@?I?M@OBUBSJe@Lk@BUBUJkBH{@?IDu@BYBUFa@BQFQRq@BEPi@Xu@Rg@Ng@BKBKFUf@kBFWBSDWQMOOe@e@QO]]QO][MMmAiAo@m@W[Ye@a@aAsAoD_AaCi@uA}@{BIS[y@CKcAmCMa@AGKc@UgAu@}EAGaAuGo@yDMc@M]KYOYIIIM]a@Y[aBqBQSU][g@Q_@SZOTg@`Ag@~@]p@IN_A~BUf@k@rAS^MTGDEDOJ[NKBI?GAKCa@Uo@i@MEM?QBiAf@u@\SHWBU?Q?MBIJELAR@XB^Hj@DRLt@VbAPr@DX@V?VAXG`@I\Sf@}@xBc@~@[`AGXCXCl@A`@GpB?FGn@Kn@Qz@[lBKd@ENGHCFA?Qd@WdA_@|AGVCTEh@Cb@CTAJCRo@tBm@vBIVu@dCOf@O^QTMLOLOFUHO?U?}@Cg@AE?W@c@D[D{A\[JOFMLKT[t@Y~@Qv@ETeAbFcAdFEV_@dBi@~BK\KRMTsAlB}A|BYd@GHEHGPKVn@HH?ZDN@@@z@HRBj@Jj@Nj@PxDhALDj@NNDTHVHLHRNNPRTV`@|@hB^p@p@fAj@x@p@fABDBRENOf@G`@EZIt@Et@Ch@AXxACLAn@AVAr@Cb@A@QDMC]GMECo@k@OMMMGGMQ
S5,50,98,7 Hills Blinds → Allied Pharmacy - Firth Park Road → Al Mahdi Centre → A1 Immigration Services → 7 Hills Blinds,3,3096,332,5min,sj`eIjxyGP?r@Cb@A@QDMDGHCF?HBPo@R_ALg@Jg@Xw@Zm@Xg@^e@TSRMTGTErBKlAKLAj@Gl@GNAnCWb@AZA~@IbAMd@Of@Uf@WDCFCNIJEGYECE?QHE?KAG@YLMFf@UFAJ@D?PID?DBFXPGNGZ?\LXP\ZLPn@r@v@dAx@jAzDlFp@dAPVR^l@hATKj@URKRMLMJWLc@g@[OKc@Y{@o@_@h@[b@ITGPq@eA{DmFy@kAw@eAo@s@MQ][YQ]M[?OFQFKDOHGBEBg@Vg@Te@NcAL_AH[@c@@oCVO@m@Fk@FM@mAJsBJUDUFSLUR_@d@Yf@[l@Yv@YnAS~@Qn@HPBL@HARENIHKBEAGAG^CNOt@[lBG^g@dDi@c@W]MUGMWo@Uy@Ou@M{@EcACs@xACLAn@ADA
S5,50,99,A1 Immigration Services → Al Mahdi Centre → Ameen → Allied Pharmacy - Firth Park Road → A1 Immigration Services,3,6113,632,10min,{l~dIztyGf@ZMb@KVMLSLSJk@TUJm@iAS_@QWq@eA{DmFy@kAw@eAo@s@MQ][YQ]M[?OFQFGYECE?QHE?KAG@YLMFf@UFAJ@D?PID?DBFXPGNGZ?\LXP\ZLPn@r@v@dAx@jAzDlFp@dAPVR^l@hATKj@URKRMLMJWLc@\_B|@uDFU`@wBViAF]@CJUAK?MHc@BKDQF]BM@MDWXmGFwA@g@F{BDqBBaBBiB?a@@m@?{@@i@?I?M@OBUBSJe@Lk@BUBUJkBH{@?IDu@BYBUFa@BQFQRq@BEPi@Xu@Rg@Ng@BKBKFUf@kBFWBSDWQMOOe@e@wA|F`@d@PRCEMMa@e@vA}Fd@d@NNPLEVCRGVg@jBGTCJCJOf@Sf@Yt@Qh@CDSp@GPCPG`@CTCXEt@?HIz@KjBCTCTMj@Kd@CRCTAN?L?HAh@?z@Al@?`@ChBC`BEpBGzBAf@GvAYlG?\?J?J?HBBBNBH?LAREXCLETEDEBEBCAEBID?@ONWhAa@vBGT}@tD]~AMb@KVMLSLSJk@TUJm@iAS_@QWq@eA{DmFy@kAw@eAo@s@MQ][YQ]M[?OFQFKDOHGBEBg@Vg@Te@NcAL_AH[@c@@oCVO@m@Fk@FM@mAJsBJUDUFSLUR_@d@Yf@[l@Yv@YnAS~@Qn@HPBL@HARENIHKBEAGAGOEM?Q@QDMDGHCF?HBPo@R_ALg@Jg@Xw@Zm@Xg@^e@TSRMTGTErBKlAKLAj@Gl@GNAnCWb@AZA~@IbAMd@Of@Uf@WDCFCNIJEPGNGZ?\LXP\ZLPn@r@v@dAx@jAzDlFp@dAPVR^l@hATKj@URKRMLMJWLc@g@[
S5,50,100,Abbeymoor Veterinary Centres → Albatross → Allied Pharmacy - Firth Park Road → A.D Hairdressing → Abbeymoor Veterinary Centres,3,9098,883,14min,gx`eIplbHTRHNDJCJGPYx@Zh@LJJD??PATCLBNwAPeBb@qEJsAXmEBUJoBTaEAg@?g@GOCQAI?UDSFMFIHCF?JURc@p@_DZcBBQRkA`@uBLi@Ja@FWDSLi@Ji@DSL_AFaAD}@@y@AmA?MCsACa@C_@GEEGCICK?MBK@G?a@?YEWE]OcAWcBKq@CWGm@G}@Eo@McBGq@Ks@M}@Q_Aq@yDYsAk@iCKa@Ka@GWYcA[oAMc@yByHa@oAOm@GWEQGg@Ek@?WAI?gAA}AAs@?uA@yA?c@@o@?KDuB@i@D}@J}@P}AX}BFs@Bm@?k@A]?WGsACa@EiAG_AIeAUkBWaBAC_@cDKs@CSGc@MgAKgAG_AGgAEiACcACoAAeACcAAk@Cy@Ce@AOGaAIw@Gi@^A|@Ed@An@Ap@C`@Dd@L?@n@XHDb@Rf@ZLHPIHEBCHIJMN{B@OFiAPyDP_D@SFw@Da@BYNgAVuAl@gDi@c@W]MUGMWo@Uy@Ou@M{@EcACs@xACLAL?`@AVAr@Cb@A@QDMDGHCF?HBPo@R_ALg@Jg@Xw@Zm@Xg@^e@TSRMTGTErBKlAKLAj@Gl@GNAnCWb@AZA~@IbAMd@Of@Uf@WDCFCNIJEPGNGZ?\LXP\ZLPn@r@v@dAx@jAzDlFp@dAPVR^l@hATKj@URKRMLM?AJULc@\_B|@uDlAlAEx@Ev@Q`D?JANCZALCl@An@Br@Dn@Dh@Lr@L`AD\Fp@JdA@LFd@BRDTJd@BHJf@DTLf@DTLl@DV@N@P?LAlA?z@AtBAjBA^Af@A\KnAIn@EVEf@Cn@Ar@?\@dBArBAp@El@]~CE`@G\IXITGJe@~@mAfCKf@Uj@EFEJGLEHKTIPWd@[`@SPa@Ts@r@w@v@q@l@y@p@YX[`@U\q@|Aa@|@Ud@g@dAQd@IPUj@]fAUv@ENYzAWtAKv@It@CVGfAI|BEdA?TE~@Cn@C\Kp@Ij@K\AFK^YbACFGb@Gf@E`@An@?V?VD|@Db@BVHb@Nx@?@BPVp@HAHDFHDLBN?L?DERGJGDG@YTQNS^IFk@`AiA`BSXKLa@j@{@dAoCjD[`@KJKJyA|@q@b@[ZUXSb@_@|@uBnF[x@Yd@Yb@KNMJQLUNIF[XEHCJEVEVC^BrA?L@lAAx@E|@G`AM~@ERKh@Mh@ERGVK`@Mh@a@tBSjACP[bBq@~CCh@?d@DP@P?PCPELIJIDO\Md@U`EKnBCTYlEKrAc@pEQdBOvAMCUBQ@??KEMK[i@Xy@FQBKEKIOUS
S5,50,101,Ace Domestics → Albatross → Allied Pharmacy - Firth Park Road → A.D Hairdressing → Ace Domestics,3,9400,886,14min,}z`eI`mbHkAk@CP@X@HADAFAJd@PXLNJh@b@d@h@X`@Xj@JVJXFKBEFMBGBIFi@BONwAPeBb@qEJsAXmEBUJoBTaEAg@?g@GOCQAI?UDSFMFIHCF?JURc@p@_DZcBBQRkA`@uBLi@Ja@FWDSLi@Ji@DSL_AFaAD}@@y@AmA?MCsACa@C_@GEEGCICK?MBK@G?a@?YEWE]OcAWcBKq@CWGm@G}@Eo@McBGq@Ks@M}@Q_Aq@yDYsAk@iCKa@Ka@GWYcA[oAMc@yByHa@oAOm@GWEQGg@Ek@?WAI?gAA}AAs@?uA@yA?c@@o@?KDuB@i@D}@J}@P}AX}BFs@Bm@?k@A]?WGsACa@EiAG_AIeAUkBWaBAC_@cDKs@CSGc@MgAKgAG_AGgAEiACcACoAAeACcAAk@Cy@Ce@AOGaAIw@Gi@^A|@Ed@An@Ap@C`@Dd@L?@n@XHDb@Rf@ZLHPIHEBCHIJMN{B@OFiAPyDP_D@SFw@Da@BYNgAVuAl@gDi@c@W]MUGMWo@Uy@Ou@M{@EcACs@xACLAL?`@AVAr@Cb@A@QDMDGHCF?HBPo@R_ALg@Jg@Xw@Zm@Xg@^e@TSRMTGTErBKlAKLAj@Gl@GNAnCWb@AZA~@IbAMd@Of@Uf@WDCFCNIJEPGNGZ?\LXP\ZLPn@r@v@dAx@jAzDlFp@dAPVR^l@hATKj@URKRMLM?AJULc@\_B|@uDlAlAEx@Ev@Q`D?JANCZALCl@An@Br@Dn@Dh@Lr@L`AD\Fp@JdA@LFd@BRDTJd@BHJf@DTLf@DTLl@DV@N@P?LAlA?z@AtBAjBA^Af@A\KnAIn@EVEf@Cn@Ar@?\@dBArBAp@El@]~CE`@G\IXITGJe@~@mAfCKf@Uj@EFEJGLEHKTIPWd@[`@SPa@Ts@r@w@v@q@l@y@p@YX[`@U\q@|Aa@|@Ud@g@dAQd@IPUj@]fAUv@ENYzAWtAKv@It@CVGfAI|BEdA?TE~@Cn@C\Kp@Ij@K\AFK^YbACFGb@Gf@E`@An@?V?VD|@Db@BVHb@Nx@?@BPVp@HAHDFHDLBN?L?DERGJGDG@YTQNS^IFk@`AiA`BSXKLa@j@{@dAoCjD[`@KJKJyA|@q@b@[ZUXSb@_@|@uBnF[x@Yd@Yb@KNMJQLUNIF[XEHCJEVEVC^BrA?L@lAAx@E|@G`AM~@ERKh@Mh@ERGVK`@Mh@a@tBSjACP[bBq@~CCh@?d@DP@P?PCPELIJIDO\Md@U`EKnBCTYlEKrAc@pEQdBOvACNGh@CHCFGLCDGJMLGQM[Yi@]g@W[QQKKUOOI[OYK@W@K@G@EAIAYBQjAj@
S5,50,102,A.D Hairdressing → Al Mahdi Centre → Ameen → Allied Pharmacy - Firth Park Road → A.D Hairdressing,3,6018,612,10min,ml~dIpwyG?@MLSLSJk@TUJm@iAS_@QWq@eA{DmFy@kAw@eAo@s@MQ][YQ]M[?OFQFGYECE?QHE?KAG@YLMFf@UFAJ@D?PID?DBFXPGNGZ?\LXP\ZLPn@r@v@dAx@jAzDlFp@dAPVR^l@hATKj@URKRMLMJWLc@\_B|@uDFU`@wBViAF]@CJUAK?MHc@BKDQF]BM@MDWXmGFwA@g@F{BDqBBaBBiB?a@@m@?{@@i@?I?M@OBUBSJe@Lk@BUBUJkBH{@?IDu@BYBUFa@BQFQRq@BEPi@Xu@Rg@Ng@BKBKFUf@kBFWBSDWQMOOe@e@wA|F`@d@PRCEMMa@e@vA}Fd@d@NNPLEVCRGVg@jBGTCJCJOf@Sf@Yt@Qh@CDSp@GPCPG`@CTCXEt@?HIz@KjBCTCTMj@Kd@CRCTAN?L?HAh@?z@Al@?`@ChBC`BEpBGzBAf@GvAYlG?\?J?J?HBBBNBH?LAREXCLETEDEBEBCAEBID?@ONWhAa@vBGT}@tD]~AMb@KVMLSLSJk@TUJm@iAS_@QWq@eA{DmFy@kAw@eAo@s@MQ][YQ]M[?OFQFKDOHGBEBg@Vg@Te@NcAL_AH[@c@@oCVO@m@Fk@FM@mAJsBJUDUFSLUR_@d@Yf@[l@Yv@YnAS~@Qn@HPBL@HARENIHKBEAGAGOEM?Q@QDMDGHCF?HBPo@R_ALg@Jg@Xw@Zm@Xg@^e@TSRMTGTErBKlAKLAj@Gl@GNAnCWb@AZA~@IbAMd@Of@Uf@WDCFCNIJEPGNGZ?\LXP\ZLPn@r@v@dAx@jAzDlFp@dAPVR^l@hATKj@URKRMLM?A
S5,50,103,Air Raid Night → Al Mahdi Centre → Allied Pharmacy - Firth Park Road → Ameen → Air Raid Night,3,7178,787,13min,i~_eI~bvGGpB?FGn@Kn@Qz@[lBKd@ENGHCFA?Qd@WdA_@|AGVCTEh@Cb@CTAJHFDLLp@L`A@LFj@Dv@@j@B|@?p@?`@Af@C^E\O~@Id@Kp@Gl@Iz@APAf@ALApA?zA?N@~@DrADr@BHH`AP~ARbCBPb@lEb@~Db@ArABx@@`AFX@TC^I^Q`@Sd@Oh@Ed@AR@Bj@@t@@\ATANCPGVW^o@bA{AfCEJEPAL@Vl@GNAnCWb@AZA~@IbAMd@Of@Uf@WDCFCNIJEGYECE?QHE?KAG@YLMFf@UFAJ@D?PID?DBFXKDOHGBEBg@Vg@Te@NcAL_AH[@c@@oCVO@m@Fk@FM@mAJsBJUDUFSLUR_@d@Yf@[l@Yv@Kf@Mf@S~@Qn@HPBL@HARENIHKBEAGAGOEM?Q@QDMDGHCF?HBPo@R_AXoAXw@Zm@Xg@^e@TSRMTGTErBKlAKLAj@Gl@GNAnCWb@AZA~@IbAMd@Of@Uf@WDCFCNIJEPGNGZ?\LXP\ZLPn@r@v@dAx@jAzDlFp@dAPVR^l@hATKj@URKRMLMJWLc@\_B|@uDFU`@wBViAF]@CJUAK?MHc@BKDQF]BM@MDWXmGFwA@g@F{BDqBBaBBiB?a@@m@?{@@i@?I?M@OBUBSJe@Lk@BUBUJkBH{@?IDu@BYBUFa@BQFQRq@BEPi@Xu@Rg@Ng@BKBKFUf@kBFWBSDWQMOOe@e@wA|F`@d@PRCEMMa@e@vA}FQO]]QO][MMmAiAo@m@W[Ye@a@aAsAoD_AaCi@uA}@{BIS[y@CKcAmCMa@AGKc@UgAu@}EAGaAuGo@yDMc@M]KYOYIIIM]a@Y[aBqBQSU][g@Q_@SZOTg@`Ag@~@]p@IN_A~BUf@k@rAS^MTGDEDOJ[NKBI?GAKCa@Uo@i@MEM?QBiAf@u@\SHWBU?Q?MBIJELAR@XB^Hj@DRLt@VbAPr@DX@V?VAXG`@I\Sf@}@xBc@~@[`AGXCXCl@A`@
S5,50,104,Al Mahdi Centre → A1 Immigration Services → Allied Pharmacy - Firth Park Road → 7 Hills Blinds → Al Mahdi Centre,3,3079,300,5min,eg_eI|cyGXMFAJ@D?PID?DBFXPGNGZ?\LXP\ZLPn@r@v@dAx@jAzDlFp@dAPVR^l@hATKj@URKRMLMJWLc@g@[OKc@Y{@o@_@h@[b@ITGPq@eA{DmFy@kAw@eAo@s@MQ][YQ]M[?OFQFKDOHGBEBg@Vg@Te@NcAL_AH[@c@@oCVO@m@Fk@FM@mAJsBJUDUFSLUR_@d@Yf@[l@Yv@Kf@Mf@S~@Qn@HPBL@HARENIHKBEAGAG^CNOt@[lBG^g@dDi@c@W]MUGMWo@Uy@Ou@M{@EcACs@xACLAn@ADAP?r@Cb@A@QDMDGHCF?HBPo@R_AXoAXw@Zm@Xg@^e@TSRMTGTErBKlAKLAj@Gl@GNAnCWb@AZA~@IbAMd@Of@Uf@WDCFCNIJEGYECE?QHE?KAG@YL
S5,50,105,Albatross → Allied Pharmacy - Firth Park Road → Al Mahdi Centre → A1 Immigration Services → Albatross,3,3096,332,5min,{k`eInxyG`@AVAr@Cb@A@QDMDGHCF?HBPo@R_ALg@Jg@Xw@Zm@Xg@^e@TSRMTGTErBKlAKLAj@Gl@GNAnCWb@AZA~@IbAMd@Of@Uf@WDCFCNIJEGYECE?QHE?KAG@YLMFf@UFAJ@D?PID?DBFXPGNGZ?\LXP\ZLPn@r@v@dAx@jAzDlFp@dAPVR^l@hATKj@URKRMLMJWLc@g@[OKc@Y{@o@_@h@[b@ITGPq@eA{DmFy@kAw@eAo@s@MQ][YQ]M[?OFQFKDOHGBEBg@Vg@Te@NcAL_AH[@c@@oCVO@m@Fk@FM@mAJsBJUDUFSLUR_@d@Yf@[l@Yv@YnAS~@Qn@HPBL@HARENIHKBEAGAG^CNOt@[lBG^g@dDi@c@W]MUGMWo@Uy@Ou@M{@EcACs@xACLAL?
S5,50,106,Alex Barbers → Al Mahdi Centre → A1 Immigration Services → Air Raid Night → Alex Barbers,3,6899,755,12min,aj`eIfoyGh@l@H[V}@Vy@To@Re@Zi@Va@V[\]`@]XQZMh@InBQDBBHFrElAKLAj@Gl@GNAnCWb@AZA~@IbAMd@Of@Uf@WDCFCNIJEGYECE?QHE?KAG@YLMFf@UFAJ@D?PID?DBFXPGNGZ?\LXP\ZLPn@r@v@dAx@jAzDlFp@dAPVR^l@hATKj@URKRMLMJWLc@g@[OKc@Y`BeHtApAFU`@wBViAF]@CJUAK?MHc@BKDQF]BM@MDWXmGFwA@g@F{BDqBBaBBiB?a@@m@?{@@i@?I?M@OBUBSJe@Lk@BUBUJkBH{@?IDu@BYBUFa@BQFQRq@BEPi@Xu@Rg@Ng@BKBKFUf@kBFWBSDWQMOOe@e@QO]]QO][MMmAiAo@m@W[Ye@a@aAsAoD_AaCi@uA}@{BIS[y@CKcAmCMa@AGKc@UgAu@}EAGaAuGo@yDMc@M]KYOYIIIM]a@Y[aBqBQSU][g@Q_@SZOTg@`Ag@~@]p@IN_A~BUf@k@rAS^MTGDEDOJ[NKBI?GAKCa@Uo@i@MEM?QBiAf@u@\SHWBU?Q?MBIJELAR@XB^Hj@DRLt@VbAPr@DX@V?VAXG`@I\Sf@}@xBc@~@[`AGXCXCl@A`@GpB?FGn@Kn@Qz@[lBKd@ENGHCFA?Qd@WdA_@|AGVCTEh@Cb@CTAJCRo@tBm@vBIVu@dCOf@O^QTMLOLOFUHO?U?}@Cg@AE?W@c@D[D{A\[JOFMLKT[t@Y~@Qv@ETeAbFcAdFEV_@dBi@~BK\KRMTsAlB}A|BYd@GHEHGPKVn@HH?ZDN@@@z@HRBj@Jj@Nj@PxDhALDj@NNDTHVHLHRNNPRTV`@|@hB^p@p@fAj@x@p@fABDBRENOf@G`@EZIt@Et@Ch@AXxACLAn@AVAr@Cb@A@QDMC]GMECo@k@OMZeBi@m@
S5,50,107,Allied Pharmacy - Firth Park Road → 7 Hills Blinds → Al Mahdi Centre → A1 Immigration Services → Allied Pharmacy - Firth Park Road,3,3096,332,5min,kd`eIdryGMf@S~@Qn@HPBL@HARENIHKBEAGAG^CNOt@[lBG^g@dDi@c@W]MUGMWo@Uy@Ou@M{@EcACs@xACLAn@ADAP?r@Cb@A@QDMDGHCF?HBPo@R_AXoAXw@Zm@Xg@^e@TSRMTGTErBKlAKLAj@Gl@GNAnCWb@AZA~@IbAMd@Of@Uf@WDCFCNIJEGYECE?QHE?KAG@YLMFf@UFAJ@D?PID?DBFXPGNGZ?\LXP\ZLPn@r@v@dAx@jAzDlFp@dAPVR^l@hATKj@URKRMLMJWLc@g@[OKc@Y{@o@_@h@[b@ITGPq@eA{DmFy@kAw@eAo@s@MQ][YQ]M[?OFQFKDOHGBEBg@Vg@Te@NcAL_AH[@c@@oCVO@m@Fk@FM@mAJsBJUDUFSLUR_@d@Yf@[l@Yv@Kf@
S5,50,108,Ameen → A1 Immigration Services → Al Mahdi Centre → Air Raid Night → Ameen,3,5737,651,10min,u}}dI~fwGMMa@e@vA}Fd@d@NNPLEVCRGVg@jBGTCJCJOf@Sf@Yt@Qh@CDSp@GPCPG`@CTCXEt@?HIz@KjBCTCTMj@Kd@CRCTAN?L?HAh@?z@Al@?`@ChBC`BEpBGzBAf@GvAYlG?\?J?J?HBBBNBH?LAREXCLETEDEBEBCAEBID?@ONWhAa@vBGT}@tD]~Ag@[OKc@Y{@o@_@h@[b@ITGPq@eA{DmFy@kAw@eAo@s@MQ][YQ]M[?OFQFGYECE?QHE?KAG@YLMFf@UFAJ@D?PID?DBFXKDOHGBEBg@Vg@Te@NcAL_AH[@c@@oCVO@m@FAW@MDQDKzAgCn@cAV_@FWBQ@O@UA]Au@Ck@SAe@@i@De@Na@R_@P_@HUBYAaAGy@AsACc@@c@_Ec@mECQScCQ_BIaACIEs@EsAA_A?O?{A@qA@M@g@@QH{@Fm@Jq@He@N_AD]B_@@g@?a@?q@C}@Ak@Ew@Gk@AMMaAMq@EMIG@KBUBc@Di@BUFW^}AVeAPe@@?BGFIDOJe@ZmBP{@Jo@Fo@?GFqB@a@Bm@BYFYZaAb@_A|@yBRg@H]Fa@@Y?WAWEYQs@WcAMu@ESIk@C_@AY@SDMHKLCP?T?VCRIt@]hAg@PCL?LDn@h@`@TJBF@H?JCZONKDEFELUR_@j@sATg@~@_CHO\q@f@_Af@aANUR[P^Zf@T\PR`BpBXZ\`@HLHHNXJXL\Lb@n@xD`AtG@Ft@|ETfAJb@@FL`@bAlCBJZx@HR|@zBh@tA~@`CrAnD`@`AXd@VZn@l@lAhALL\ZPN\\PNwA|F`@d@LL
S5,55,109,2nd Time Around → Al Mahdi Centre → A1 Immigration Services → Air Raid Night → 2nd Time Around,3,7065,746,12min,wj`eIrryGo@y@]e@QCENOf@G`@EZIt@Et@Ch@AXxACLAn@AVAr@Cb@A@QDMDGHCF?HBPo@R_AXoAXw@Zm@Xg@^e@TSRMTGTErBKlAKLAj@Gl@GNAnCWb@AZA~@IbAMd@Of@Uf@WDCFCNIJEGYECE?QHE?KAG@YLMFf@UFAJ@D?PID?DBFXPGNGZ?\LXP\ZLPn@r@v@dAx@jAzDlFp@dAPVR^l@hATKj@URKRMLMJWLc@g@[OKc@Y`BeHtApAFU`@wBViAF]@CJUAK?MHc@BKDQF]BM@MDWXmGFwA@g@F{BDqBBaBBiB?a@@m@?{@@i@?I?M@OBUBSJe@Lk@BUBUJkBH{@?IDu@BYBUFa@BQFQRq@BEPi@Xu@Rg@Ng@BKBKFUf@kBFWBSDWQMOOe@e@QO]]QO][MMmAiAo@m@W[Ye@a@aAsAoD_AaCi@uA}@{BIS[y@CKcAmCMa@AGKc@UgAu@}EAGaAuGo@yDMc@M]KYOYIIIM]a@Y[aBqBQSU][g@Q_@SZOTg@`Ag@~@]p@IN_A~BUf@k@rAS^MTGDEDOJ[NKBI?GAKCa@Uo@i@MEM?QBiAf@u@\SHWBU?Q?MBIJELAR@XB^Hj@DRLt@VbAPr@DX@V?VAXG`@I\Sf@}@xBc@~@[`AGXCXCl@A`@GpB?FGn@Kn@Qz@[lBKd@ENGHCFA?Qd@WdA_@|AGVCTEh@Cb@CTAJCRo@tBm@vBIVu@dCOf@O^QTMLOLOFUHO?U?}@Cg@AE?W@c@D[D{A\[JOFMLKT[t@Y~@Qv@ETeAbFcAdFEV_@dBi@~BK\KRMTsAlB}A|BYd@GHEHGPKVn@HH?ZDN@@@z@HRBj@Jj@Nj@PxDhALDj@NNDTHVHLHRNNPRTV`@|@hB^p@p@fAj@x@p@fABDBRENOf@G`@EZIt@Et@Ch@AXxACLAn@AVAr@Cb@A@QDMC]GMECo@k@OMMMGGMQ
S5,55,110,7 Hills Blinds → Allied Pharmacy - Firth Park Road → Al Mahdi Centre → A1 Immigration Services → 7 Hills Blinds,3,3096,332,5min,sj`eIjxyGP?r@Cb@A@QDMDGHCF?HBPo@R_ALg@Jg@Xw@Zm@Xg@^e@TSRMTGTErBKlAKLAj@Gl@GNAnCWb@AZA~@IbAMd@Of@Uf@WDCFCNIJEGYECE?QHE?KAG@YLMFf@UFAJ@D?PID?DBFXPGNGZ?\LXP\ZLPn@r@v@dAx@jAzDlFp@dAPVR^l@hATKj@URKRMLMJWLc@g@[OKc@Y{@o@_@h@[b@ITGPq@eA{DmFy@kAw@eAo@s@MQ][YQ]M[?OFQFKDOHGBEBg@Vg@Te@NcAL_AH[@c@@oCVO@m@Fk@FM@mAJsBJUDUFSLUR_@d@Yf@[l@Yv@YnAS~@Qn@HPBL@HARENIHKBEAGAG^CNOt@[lBG^g@dDi@c@W]MUGMWo@Uy@Ou@M{@EcACs@xACLAn@ADA
S5,55,111,A1 Immigration Services → Al Mahdi Centre → Ameen → Allied Pharmacy - Firth Park Road → A1 Immigration Services,3,6113,632,10min,{l~dIztyGf@ZMb@KVMLSLSJk@TUJm@iAS_@QWq@eA{DmFy@kAw@eAo@s@MQ][YQ]M[?OFQFGYECE?QHE?KAG@YLMFf@UFAJ@D?PID?DBFXPGNGZ?\LXP\ZLPn@r@v@dAx@jAzDlFp@dAPVR^l@hATKj@URKRMLMJWLc@\_B|@uDFU`@wBViAF]@CJUAK?MHc@BKDQF]BM@MDWXmGFwA@g@F{BDqBBaBBiB?a@@m@?{@@i@?I?M@OBUBSJe@Lk@BUBUJkBH{@?IDu@BYBUFa@BQFQRq@BEPi@Xu@Rg@Ng@BKBKFUf@kBFWBSDWQMOOe@e@wA|F`@d@PRCEMMa@e@vA}Fd@d@NNPLEVCRGVg@jBGTCJCJOf@Sf@Yt@Qh@CDSp@GPCPG`@CTCXEt@?HIz@KjBCTCTMj@Kd@CRCTAN?L?HAh@?z@Al@?`@ChBC`BEpBGzBAf@GvAYlG?\?J?J?HBBBNBH?LAREXCLETEDEBEBCAEBID?@ONWhAa@vBGT}@tD]~AMb@KVMLSLSJk@TUJm@iAS_@QWq@eA{DmFy@kAw@eAo@s@MQ][YQ]M[?OFQFKDOHGBEBg@Vg@Te@NcAL_AH[@c@@oCVO@m@Fk@FM@mAJsBJUDUFSLUR_@d@Yf@[l@Yv@YnAS~@Qn@HPBL@HARENIHKBEAGAGOEM?Q@QDMDGHCF?HBPo@R_ALg@Jg@Xw@Zm@Xg@^e@TSRMTGTErBKlAKLAj@Gl@GNAnCWb@AZA~@IbAMd@Of@Uf@WDCFCNIJEPGNGZ?\LXP\ZLPn@r@v@dAx@jAzDlFp@dAPVR^l@hATKj@URKRMLMJWLc@g@[
S5,55,112,Abbeymoor Veterinary Centres → Albatross → Allied Pharmacy - Firth Park Road → A.D Hairdressing → Abbeymoor Veterinary Centres,3,9098,883,14min,gx`eIplbHTRHNDJCJGPYx@Zh@LJJD??PATCLBNwAPeBb@qEJsAXmEBUJoBTaEAg@?g@GOCQAI?UDSFMFIHCF?JURc@p@_DZcBBQRkA`@uBLi@Ja@FWDSLi@Ji@DSL_AFaAD}@@y@AmA?MCsACa@C_@GEEGCICK?MBK@G?a@?YEWE]OcAWcBKq@CWGm@G}@Eo@McBGq@Ks@M}@Q_Aq@yDYsAk@iCKa@Ka@GWYcA[oAMc@yByHa@oAOm@GWEQGg@Ek@?WAI?gAA}AAs@?uA@yA?c@@o@?KDuB@i@D}@J}@P}AX}BFs@Bm@?k@A]?WGsACa@EiAG_AIeAUkBWaBAC_@cDKs@CSGc@MgAKgAG_AGgAEiACcACoAAeACcAAk@Cy@Ce@AOGaAIw@Gi@^A|@Ed@An@Ap@C`@Dd@L?@n@XHDb@Rf@ZLHPIHEBCHIJMN{B@OFiAPyDP_D@SFw@Da@BYNgAVuAl@gDi@c@W]MUGMWo@Uy@Ou@M{@EcACs@xACLAL?`@AVAr@Cb@A@QDMDGHCF?HBPo@R_ALg@Jg@Xw@Zm@Xg@^e@TSRMTGTErBKlAKLAj@Gl@GNAnCWb@AZA~@IbAMd@Of@Uf@WDCFCNIJEPGNGZ?\LXP\ZLPn@r@v@dAx@jAzDlFp@dAPVR^l@hATKj@URKRMLM?AJULc@\_B|@uDlAlAEx@Ev@Q`D?JANCZALCl@An@Br@Dn@Dh@Lr@L`AD\Fp@JdA@LFd@BRDTJd@BHJf@DTLf@DTLl@DV@N@P?LAlA?z@AtBAjBA^Af@A\KnAIn@EVEf@Cn@Ar@?\@dBArBAp@El@]~CE`@G\IXITGJe@~@mAfCKf@Uj@EFEJGLEHKTIPWd@[`@SPa@Ts@r@w@v@q@l@y@p@YX[`@U\q@|Aa@|@Ud@g@dAQd@IPUj@]fAUv@ENYzAWtAKv@It@CVGfAI|BEdA?TE~@Cn@C\Kp@Ij@K\AFK^YbACFGb@Gf@E`@An@?V?VD|@Db@BVHb@Nx@?@BPVp@HAHDFHDLBN?L?DERGJGDG@YTQNS^IFk@`AiA`BSXKLa@j@{@dAoCjD[`@KJKJyA|@q@b@[ZUXSb@_@|@uBnF[x@Yd@Yb@KNMJQLUNIF[XEHCJEVEVC^BrA?L@lAAx@E|@G`AM~@ERKh@Mh@ERGVK`@Mh@a@tBSjACP[bBq@~CCh@?d@DP@P?PCPELIJIDO\Md@U`EKnBCTYlEKrAc@pEQdBOvAMCUBQ@??KEMK[i@Xy@FQBKEKIOUS
S5,55,113,Ace Domestics → Albatross → Allied Pharmacy - Firth Park Road → A.D Hairdressing → Ace Domestics,3,9400,886,14min,}z`eI`mbHkAk@CP@X@HADAFAJd@PXLNJh@b@d@h@X`@Xj@JVJXFKBEFMBGBIFi@BONwAPeBb@qEJsAXmEBUJoBTaEAg@?g@GOCQAI?UDSFMFIHCF?JURc@p@_DZcBBQRkA`@uBLi@Ja@FWDSLi@Ji@DSL_AFaAD}@@y@AmA?MCsACa@C_@GEEGCICK?MBK@G?a@?YEWE]OcAWcBKq@CWGm@G}@Eo@McBGq@Ks@M}@Q_Aq@yDYsAk@iCKa@Ka@GWYcA[oAMc@yByHa@oAOm@GWEQGg@Ek@?WAI?gAA}AAs@?uA@yA?c@@o@?KDuB@i@D}@J}@P}AX}BFs@Bm@?k@A]?WGsACa@EiAG_AIeAUkBWaBAC_@cDKs@CSGc@MgAKgAG_AGgAEiACcACoAAeACcAAk@Cy@Ce@AOGaAIw@Gi@^A|@Ed@An@Ap@C`@Dd@L?@n@XHDb@Rf@ZLHPIHEBCHIJMN{B@OFiAPyDP_D@SFw@Da@BYNgAVuAl@gDi@c@W]MUGMWo@Uy@Ou@M{@EcACs@xACLAL?`@AVAr@Cb@A@QDMDGHCF?HBPo@R_ALg@Jg@Xw@Zm@Xg@^e@TSRMTGTErBKlAKLAj@Gl@GNAnCWb@AZA~@IbAMd@Of@Uf@WDCFCNIJEPGNGZ?\LXP\ZLPn@r@v@dAx@jAzDlFp@dAPVR^l@hATKj@URKRMLM?AJULc@\_B|@uDlAlAEx@Ev@Q`D?JANCZALCl@An@Br@Dn@Dh@Lr@L`AD\Fp@JdA@LFd@BRDTJd@BHJf@DTLf@DTLl@DV@N@P?LAlA?z@AtBAjBA^Af@A\KnAIn@EVEf@Cn@Ar@?\@dBArBAp@El@]~CE`@G\IXITGJe@~@mAfCKf@Uj@EFEJGLEHKTIPWd@[`@SPa@Ts@r@w@v@q@l@y@p@YX[`@U\q@|Aa@|@Ud@g@dAQd@IPUj@]fAUv@ENYzAWtAKv@It@CVGfAI|BEdA?TE~@Cn@C\Kp@Ij@K\AFK^YbACFGb@Gf@E`@An@?V?VD|@Db@BVHb@Nx@?@BPVp@HAHDFHDLBN?L?DERGJGDG@YTQNS^IFk@`AiA`BSXKLa@j@{@dAoCjD[`@KJKJyA|@q@b@[ZUXSb@_@|@uBnF[x@Yd@Yb@KNMJQLUNIF[XEHCJEVEVC^BrA?L@lAAx@E|@G`AM~@ERKh@Mh@ERGVK`@Mh@a@tBSjACP[bBq@~CCh@?d@DP@P?PCPELIJIDO\Md@U`EKnBCTYlEKrAc@pEQdBOvACNGh@CHCFGLCDGJMLGQM[Yi@]g@W[QQKKUOOI[OYK@W@K@G@EAIAYBQjAj@
S5,55,114,A.D Hairdressing → Al Mahdi Centre → Ameen → Allied Pharmacy - Firth Park Road → A.D Hairdressing,3,6018,612,10min,ml~dIpwyG?@MLSLSJk@TUJm@iAS_@QWq@eA{DmFy@kAw@eAo@s@MQ][YQ]M[?OFQFGYECE?QHE?KAG@YLMFf@UFAJ@D?PID?DBFXPGNGZ?\LXP\ZLPn@r@v@dAx@jAzDlFp@dAPVR^l@hATKj@URKRMLMJWLc@\_B|@uDFU`@wBViAF]@CJUAK?MHc@BKDQF]BM@MDWXmGFwA@g@F{BDqBBaBBiB?a@@m@?{@@i@?I?M@OBUBSJe@Lk@BUBUJkBH{@?IDu@BYBUFa@BQFQRq@BEPi@Xu@Rg@Ng@BKBKFUf@kBFWBSDWQMOOe@e@wA|F`@d@PRCEMMa@e@vA}Fd@d@NNPLEVCRGVg@jBGTCJCJOf@Sf@Yt@Qh@CDSp@GPCPG`@CTCXEt@?HIz@KjBCTCTMj@Kd@CRCTAN?L?HAh@?z@Al@?`@ChBC`BEpBGzBAf@GvAYlG?\?J?J?HBBBNBH?LAREXCLETEDEBEBCAEBID?@ONWhAa@vBGT}@tD]~AMb@KVMLSLSJk@TUJm@iAS_@QWq@eA{DmFy@kAw@eAo@s@MQ][YQ]M[?OFQFKDOHGBEBg@Vg@Te@NcAL_AH[@c@@oCVO@m@Fk@FM@mAJsBJUDUFSLUR_@d@Yf@[l@Yv@YnAS~@Qn@HPBL@HARENIHKBEAGAGOEM?Q@QDMDGHCF?HBPo@R_ALg@Jg@Xw@Zm@Xg@^e@TSRMTGTErBKlAKLAj@Gl@GNAnCWb@AZA~@IbAMd@Of@Uf@WDCFCNIJEPGNGZ?\LXP\ZLPn@r@v@dAx@jAzDlFp@dAPVR^l@hATKj@URKRMLM?A
S5,55,115,Air Raid Night → Al Mahdi Centre → Allied Pharmacy - Firth Park Road → Ameen → Air Raid Night,3,7178,787,13min,i~_eI~bvGGpB?FGn@Kn@Qz@[lBKd@ENGHCFA?Qd@WdA_@|AGVCTEh@Cb@CTAJHFDLLp@L`A@LFj@Dv@@j@B|@?p@?`@Af@C^E\O~@Id@Kp@Gl@Iz@APAf@ALApA?zA?N@~@DrADr@BHH`AP~ARbCBPb@lEb@~Db@ArABx@@`AFX@TC^I^Q`@Sd@Oh@Ed@AR@Bj@@t@@\ATANCPGVW^o@bA{AfCEJEPAL@Vl@GNAnCWb@AZA~@IbAMd@Of@Uf@WDCFCNIJEGYECE?QHE?KAG@YLMFf@UFAJ@D?PID?DBFXKDOHGBEBg@Vg@Te@NcAL_AH[@c@@oCVO@m@Fk@FM@mAJsBJUDUFSLUR_@d@Yf@[l@Yv@Kf@Mf@S~@Qn@HPBL@HARENIHKBEAGAGOEM?Q@QDMDGHCF?HBPo@R_AXoAXw@Zm@Xg@^e@TSRMTGTErBKlAKLAj@Gl@GNAnCWb@AZA~@IbAMd@Of@Uf@WDCFCNIJEPGNGZ?\LXP\ZLPn@r@v@dAx@jAzDlFp@dAPVR^l@hATKj@URKRMLMJWLc@\_B|@uDFU`@wBViAF]@CJUAK?MHc@BKDQF]BM@MDWXmGFwA@g@F{BDqBBaBBiB?a@@m@?{@@i@?I?M@OBUBSJe@Lk@BUBUJkBH{@?IDu@BYBUFa@BQFQRq@BEPi@Xu@Rg@Ng@BKBKFUf@kBFWBSDWQMOOe@e@wA|F`@d@PRCEMMa@e@vA}FQO]]QO][MMmAiAo@m@W[Ye@a@aAsAoD_AaCi@uA}@{BIS[y@CKcAmCMa@AGKc@UgAu@}EAGaAuGo@yDMc@M]KYOYIIIM]a@Y[aBqBQSU][g@Q_@SZOTg@`Ag@~@]p@IN_A~BUf@k@rAS^MTGDEDOJ[NKBI?GAKCa@Uo@i@MEM?QBiAf@u@\SHWBU?Q?MBIJELAR@XB^Hj@DRLt@VbAPr@DX@V?VAXG`@I\Sf@}@xBc@~@[`AGXCXCl@A`@
S5,55,116,Al Mahdi Centre → A1 Immigration Services → Allied Pharmacy - Firth Park Road → 7 Hills Blinds → Al Mahdi Centre,3,3079,300,5min,eg_eI|cyGXMFAJ@D?PID?DBFXPGNGZ?\LXP\ZLPn@r@v@dAx@jAzDlFp@dAPVR^l@hATKj@URKRMLMJWLc@g@[OKc@Y{@o@_@h@[b@ITGPq@eA{DmFy@kAw@eAo@s@MQ][YQ]M[?OFQFKDOHGBEBg@Vg@Te@NcAL_AH[@c@@oCVO@m@Fk@FM@mAJsBJUDUFSLUR_@d@Yf@[l@Yv@Kf@Mf@S~@Qn@HPBL@HARENIHKBEAGAG^CNOt@[lBG^g@dDi@c@W]MUGMWo@Uy@Ou@M{@EcACs@xACLAn@ADAP?r@Cb@A@QDMDGHCF?HBPo@R_AXoAXw@Zm@Xg@^e@TSRMTGTErBKlAKLAj@Gl@GNAnCWb@AZA~@IbAMd@Of@Uf@WDCFCNIJEGYECE?QHE?KAG@YL
S5,55,117,Albatross → Allied Pharmacy - Firth Park Road → Al Mahdi Centre → A1 Immigration Services → Albatross,3,3096,332,5min,{k`eInxyG`@AVAr@Cb@A@QDMDGHCF?HBPo@R_ALg@Jg@Xw@Zm@Xg@^e@TSRMTGTErBKlAKLAj@Gl@GNAnCWb@AZA~@IbAMd@Of@Uf@WDCFCNIJEGYECE?QHE?KAG@YLMFf@UFAJ@D?PID?DBFXPGNGZ?\LXP\ZLPn@r@v@dAx@jAzDlFp@dAPVR^l@hATKj@URKRMLMJWLc@g@[OKc@Y{@o@_@h@[b@ITGPq@eA{DmFy@kAw@eAo@s@MQ][YQ]M[?OFQFKDOHGBEBg@Vg@Te@NcAL_AH[@c@@oCVO@m@Fk@FM@mAJsBJUDUFSLUR_@d@Yf@[l@Yv@YnAS~@Qn@HPBL@HARENIHKBEAGAG^CNOt@[lBG^g@dDi@c@W]MUGMWo@Uy@Ou@M{@EcACs@xACLAL?
S5,55,118,Alex Barbers → Al Mahdi Centre → A1 Immigration Services → Air Raid Night → Alex Barbers,3,6899,755,12min,aj`eIfoyGh@l@H[V}@Vy@To@Re@Zi@Va@V[\]`@]XQZMh@InBQDBBHFrElAKLAj@Gl@GNAnCWb@AZA~@IbAMd@Of@Uf@WDCFCNIJEGYECE?QHE?KAG@YLMFf@UFAJ@D?PID?DBFXPGNGZ?\LXP\ZLPn@r@v@dAx@jAzDlFp@dAPVR^l@hATKj@URKRMLMJWLc@g@[OKc@Y`BeHtApAFU`@wBViAF]@CJUAK?MHc@BKDQF]BM@MDWXmGFwA@g@F{BDqBBaBBiB?a@@m@?{@@i@?I?M@OBUBSJe@Lk@BUBUJkBH{@?IDu@BYBUFa@BQFQRq@BEPi@Xu@Rg@Ng@BKBKFUf@kBFWBSDWQMOOe@e@QO]]QO][MMmAiAo@m@W[Ye@a@aAsAoD_AaCi@uA}@{BIS[y@CKcAmCMa@AGKc@UgAu@}EAGaAuGo@yDMc@M]KYOYIIIM]a@Y[aBqBQSU][g@Q_@SZOTg@`Ag@~@]p@IN_A~BUf@k@rAS^MTGDEDOJ[NKBI?GAKCa@Uo@i@MEM?QBiAf@u@\SHWBU?Q?MBIJELAR@XB^Hj@DRLt@VbAPr@DX@V?VAXG`@I\Sf@}@xBc@~@[`AGXCXCl@A`@GpB?FGn@Kn@Qz@[lBKd@ENGHCFA?Qd@WdA_@|AGVCTEh@Cb@CTAJCRo@tBm@vBIVu@dCOf@O^QTMLOLOFUHO?U?}@Cg@AE?W@c@D[D{A\[JOFMLKT[t@Y~@Qv@ETeAbFcAdFEV_@dBi@~BK\KRMTsAlB}A|BYd@GHEHGPKVn@HH?ZDN@@@z@HRBj@Jj@Nj@PxDhALDj@NNDTHVHLHRNNPRTV`@|@hB^p@p@fAj@x@p@fABDBRENOf@G`@EZIt@Et@Ch@AXxACLAn@AVAr@Cb@A@QDMC]GMECo@k@OMZeBi@m@
S5,55,119,Allied Pharmacy - Firth Park Road → 7 Hills Blinds → Al Mahdi Centre → A1 Immigration Services → Allied Pharmacy - Firth Park Road,3,3096,332,5min,kd`eIdryGMf@S~@Qn@HPBL@HARENIHKBEAGAG^CNOt@[lBG^g@dDi@c@W]MUGMWo@Uy@Ou@M{@EcACs@xACLAn@ADAP?r@Cb@A@QDMDGHCF?HBPo@R_AXoAXw@Zm@Xg@^e@TSRMTGTErBKlAKLAj@Gl@GNAnCWb@AZA~@IbAMd@Of@Uf@WDCFCNIJEGYECE?QHE?KAG@YLMFf@UFAJ@D?PID?DBFXPGNGZ?\LXP\ZLPn@r@v@dAx@jAzDlFp@dAPVR^l@hATKj@URKRMLMJWLc@g@[OKc@Y{@o@_@h@[b@ITGPq@eA{DmFy@kAw@eAo@s@MQ][YQ]M[?OFQFKDOHGBEBg@Vg@Te@NcAL_AH[@c@@oCVO@m@Fk@FM@mAJsBJUDUFSLUR_@d@Yf@[l@Yv@Kf@
S5,55,120,Ameen → A1 Immigration Services → Al Mahdi Centre → Air Raid Night → Ameen,3,5737,651,10min,u}}dI~fwGMMa@e@vA}Fd@d@NNPLEVCRGVg@jBGTCJCJOf@Sf@Yt@Qh@CDSp@GPCPG`@CTCXEt@?HIz@KjBCTCTMj@Kd@CRCTAN?L?HAh@?z@Al@?`@ChBC`BEpBGzBAf@GvAYlG?\?J?J?HBBBNBH?LAREXCLETEDEBEBCAEBID?@ONWhAa@vBGT}@tD]~Ag@[OKc@Y{@o@_@h@[b@ITGPq@eA{DmFy@kAw@eAo@s@MQ][YQ]M[?OFQFGYECE?QHE?KAG@YLMFf@UFAJ@D?PID?DBFXKDOHGBEBg@Vg@Te@NcAL_AH[@c@@oCVO@m@FAW@MDQDKzAgCn@cAV_@FWBQ@O@UA]Au@Ck@SAe@@i@De@Na@R_@P_@HUBYAaAGy@AsACc@@c@_Ec@mECQScCQ_BIaACIEs@EsAA_A?O?{A@qA@M@g@@QH{@Fm@Jq@He@N_AD]B_@@g@?a@?q@C}@Ak@Ew@Gk@AMMaAMq@EMIG@KBUBc@Di@BUFW^}AVeAPe@@?BGFIDOJe@ZmBP{@Jo@Fo@?GFqB@a@Bm@BYFYZaAb@_A|@yBRg@H]Fa@@Y?WAWEYQs@WcAMu@ESIk@C_@AY@SDMHKLCP?T?VCRIt@]hAg@PCL?LDn@h@`@TJBF@H?JCZONKDEFELUR_@j@sATg@~@_CHO\q@f@_Af@aANUR[P^Zf@T\PR`BpBXZ\`@HLHHNXJXL\Lb@n@xD`AtG@Ft@|ETfAJb@@FL`@bAlCBJZx@HR|@zBh@tA~@`CrAnD`@`AXd@VZn@l@lAhALL\ZPN\\PNwA|F`@d@LL
S5,60,121,2nd Time Around → Al Mahdi Centre → A1 Immigration Services → Air Raid Night → 2nd Time Around,3,7065,746,12min,wj`eIrryGo@y@]e@QCENOf@G`@EZIt@Et@Ch@AXxACLAn@AVAr@Cb@A@QDMDGHCF?HBPo@R_AXoAXw@Zm@Xg@^e@TSRMTGTErBKlAKLAj@Gl@GNAnCWb@AZA~@IbAMd@Of@Uf@WDCFCNIJEGYECE?QHE?KAG@YLMFf@UFAJ@D?PID?DBFXPGNGZ?\LXP\ZLPn@r@v@dAx@jAzDlFp@dAPVR^l@hATKj@URKRMLMJWLc@g@[OKc@Y`BeHtApAFU`@wBViAF]@CJUAK?MHc@BKDQF]BM@MDWXmGFwA@g@F{BDqBBaBBiB?a@@m@?{@@i@?I?M@OBUBSJe@Lk@BUBUJkBH{@?IDu@BYBUFa@BQFQRq@BEPi@Xu@Rg@Ng@BKBKFUf@kBFWBSDWQMOOe@e@QO]]QO][MMmAiAo@m@W[Ye@a@aAsAoD_AaCi@uA}@{BIS[y@CKcAmCMa@AGKc@UgAu@}EAGaAuGo@yDMc@M]KYOYIIIM]a@Y[aBqBQSU][g@Q_@SZOTg@`Ag@~@]p@IN_A~BUf@k@rAS^MTGDEDOJ[NKBI?GAKCa@Uo@i@MEM?QBiAf@u@\SHWBU?Q?MBIJELAR@XB^Hj@DRLt@VbAPr@DX@V?VAXG`@I\Sf@}@xBc@~@[`AGXCXCl@A`@GpB?FGn@Kn@Qz@[lBKd@ENGHCFA?Qd@WdA_@|AGVCTEh@Cb@CTAJCRo@tBm@vBIVu@dCOf@O^QTMLOLOFUHO?U?}@Cg@AE?W@c@D[D{A\[JOFMLKT[t@Y~@Qv@ETeAbFcAdFEV_@dBi@~BK\KRMTsAlB}A|BYd@GHEHGPKVn@HH?ZDN@@@z@HRBj@Jj@Nj@PxDhALDj@NNDTHVHLHRNNPRTV`@|@hB^p@p@fAj@x@p@fABDBRENOf@G`@EZIt@Et@Ch@AXxACLAn@AVAr@Cb@A@QDMC]GMECo@k@OMMMGGMQ
S5,60,122,7 Hills Blinds → Allied Pharmacy - Firth Park Road → Al Mahdi Centre → A1 Immigration Services → 7 Hills Blinds,3,3096,332,5min,sj`eIjxyGP?r@Cb@A@QDMDGHCF?HBPo@R_ALg@Jg@Xw@Zm@Xg@^e@TSRMTGTErBKlAKLAj@Gl@GNAnCWb@AZA~@IbAMd@Of@Uf@WDCFCNIJEGYECE?QHE?KAG@YLMFf@UFAJ@D?PID?DBFXPGNGZ?\LXP\ZLPn@r@v@dAx@jAzDlFp@dAPVR^l@hATKj@URKRMLMJWLc@g@[OKc@Y{@o@_@h@[b@ITGPq@eA{DmFy@kAw@eAo@s@MQ][YQ]M[?OFQFKDOHGBEBg@Vg@Te@NcAL_AH[@c@@oCVO@m@Fk@FM@mAJsBJUDUFSLUR_@d@Yf@[l@Yv@YnAS~@Qn@HPBL@HARENIHKBEAGAG^CNOt@[lBG^g@dDi@c@W]MUGMWo@Uy@Ou@M{@EcACs@xACLAn@ADA
S5,60,123,A1 Immigration Services → Al Mahdi Centre → Ameen → Allied Pharmacy - Firth Park Road → A1 Immigration Services,3,6113,632,10min,{l~dIztyGf@ZMb@KVMLSLSJk@TUJm@iAS_@QWq@eA{DmFy@kAw@eAo@s@MQ][YQ]M[?OFQFGYECE?QHE?KAG@YLMFf@UFAJ@D?PID?DBFXPGNGZ?\LXP\ZLPn@r@v@dAx@jAzDlFp@dAPVR^l@hATKj@URKRMLMJWLc@\_B|@uDFU`@wBViAF]@CJUAK?MHc@BKDQF]BM@MDWXmGFwA@g@F{BDqBBaBBiB?a@@m@?{@@i@?I?M@OBUBSJe@Lk@BUBUJkBH{@?IDu@BYBUFa@BQFQRq@BEPi@Xu@Rg@Ng@BKBKFUf@kBFWBSDWQMOOe@e@wA|F`@d@PRCEMMa@e@vA}Fd@d@NNPLEVCRGVg@jBGTCJCJOf@Sf@Yt@Qh@CDSp@GPCPG`@CTCXEt@?HIz@KjBCTCTMj@Kd@CRCTAN?L?HAh@?z@Al@?`@ChBC`BEpBGzBAf@GvAYlG?\?J?J?HBBBNBH?LAREXCLETEDEBEBCAEBID?@ONWhAa@vBGT}@tD]~AMb@KVMLSLSJk@TUJm@iAS_@QWq@eA{DmFy@kAw@eAo@s@MQ][YQ]M[?OFQFKDOHGBEBg@Vg@Te@NcAL_AH[@c@@oCVO@m@Fk@FM@mAJsBJUDUFSLUR_@d@Yf@[l@Yv@YnAS~@Qn@HPBL@HARENIHKBEAGAGOEM?Q@QDMDGHCF?HBPo@R_ALg@Jg@Xw@Zm@Xg@^e@TSRMTGTErBKlAKLAj@Gl@GNAnCWb@AZA~@IbAMd@Of@Uf@WDCFCNIJEPGNGZ?\LXP\ZLPn@r@v@dAx@jAzDlFp@dAPVR^l@hATKj@URKRMLMJWLc@g@[
S5,60,124,Abbeymoor Veterinary Centres → Albatross → Allied Pharmacy - Firth Park Road → A.D Hairdressing → Abbeymoor Veterinary Centres,3,9098,883,14min,gx`eIplbHTRHNDJCJGPYx@Zh@LJJD??PATCLBNwAPeBb@qEJsAXmEBUJoBTaEAg@?g@GOCQAI?UDSFMFIHCF?JURc@p@_DZcBBQRkA`@uBLi@Ja@FWDSLi@Ji@DSL_AFaAD}@@y@AmA?MCsACa@C_@GEEGCICK?MBK@G?a@?YEWE]OcAWcBKq@CWGm@G}@Eo@McBGq@Ks@M}@Q_Aq@yDYsAk@iCKa@Ka@GWYcA[oAMc@yByHa@oAOm@GWEQGg@Ek@?WAI?gAA}AAs@?uA@yA?c@@o@?KDuB@i@D}@J}@P}AX}BFs@Bm@?k@A]?WGsACa@EiAG_AIeAUkBWaBAC_@cDKs@CSGc@MgAKgAG_AGgAEiACcACoAAeACcAAk@Cy@Ce@AOGaAIw@Gi@^A|@Ed@An@Ap@C`@Dd@L?@n@XHDb@Rf@ZLHPIHEBCHIJMN{B@OFiAPyDP_D@SFw@Da@BYNgAVuAl@gDi@c@W]MUGMWo@Uy@Ou@M{@EcACs@xACLAL?`@AVAr@Cb@A@QDMDGHCF?HBPo@R_ALg@Jg@Xw@Zm@Xg@^e@TSRMTGTErBKlAKLAj@Gl@GNAnCWb@AZA~@IbAMd@Of@Uf@WDCFCNIJEPGNGZ?\LXP\ZLPn@r@v@dAx@jAzDlFp@dAPVR^l@hATKj@URKRMLM?AJULc@\_B|@uDlAlAEx@Ev@Q`D?JANCZALCl@An@Br@Dn@Dh@Lr@L`AD\Fp@JdA@LFd@BRDTJd@BHJf@DTLf@DTLl@DV@N@P?LAlA?z@AtBAjBA^Af@A\KnAIn@EVEf@Cn@Ar@?\@dBArBAp@El@]~CE`@G\IXITGJe@~@mAfCKf@Uj@EFEJGLEHKTIPWd@[`@SPa@Ts@r@w@v@q@l@y@p@YX[`@U\q@|Aa@|@Ud@g@dAQd@IPUj@]fAUv@ENYzAWtAKv@It@CVGfAI|BEdA?TE~@Cn@C\Kp@Ij@K\AFK^YbACFGb@Gf@E`@An@?V?VD|@Db@BVHb@Nx@?@BPVp@HAHDFHDLBN?L?DERGJGDG@YTQNS^IFk@`AiA`BSXKLa@j@{@dAoCjD[`@KJKJyA|@q@b@[ZUXSb@_@|@uBnF[x@Yd@Yb@KNMJQLUNIF[XEHCJEVEVC^BrA?L@lAAx@E|@G`AM~@ERKh@Mh@ERGVK`@Mh@a@tBSjACP[bBq@~CCh@?d@DP@P?PCPELIJIDO\Md@U`EKnBCTYlEKrAc@pEQdBOvAMCUBQ@??KEMK[i@Xy@FQBKEKIOUS
S5,60,125,Ace Domestics → Albatross → Allied Pharmacy - Firth Park Road → A.D Hairdressing → Ace Domestics,3,9400,886,14min,}z`eI`mbHkAk@CP@X@HADAFAJd@PXLNJh@b@d@h@X`@Xj@JVJXFKBEFMBGBIFi@BONwAPeBb@qEJsAXmEBUJoBTaEAg@?g@GOCQAI?UDSFMFIHCF?JURc@p@_DZcBBQRkA`@uBLi@Ja@FWDSLi@Ji@DSL_AFaAD}@@y@AmA?MCsACa@C_@GEEGCICK?MBK@G?a@?YEWE]OcAWcBKq@CWGm@G}@Eo@McBGq@Ks@M}@Q_Aq@yDYsAk@iCKa@Ka@GWYcA[oAMc@yByHa@oAOm@GWEQGg@Ek@?WAI?gAA}AAs@?uA@yA?c@@o@?KDuB@i@D}@J}@P}AX}BFs@Bm@?k@A]?WGsACa@EiAG_AIeAUkBWaBAC_@cDKs@CSGc@MgAKgAG_AGgAEiACcACoAAeACcAAk@Cy@Ce@AOGaAIw@Gi@^A|@Ed@An@Ap@C`@Dd@L?@n@XHDb@Rf@ZLHPIHEBCHIJMN{B@OFiAPyDP_D@SFw@Da@BYNgAVuAl@gDi@c@W]MUGMWo@Uy@Ou@M{@EcACs@xACLAL?`@AVAr@Cb@A@QDMDGHCF?HBPo@R_ALg@Jg@Xw@Zm@Xg@^e@TSRMTGTErBKlAKLAj@Gl@GNAnCWb@AZA~@IbAMd@Of@Uf@WDCFCNIJEPGNGZ?\LXP\ZLPn@r@v@dAx@jAzDlFp@dAPVR^l@hATKj@URKRMLM?AJULc@\_B|@uDlAlAEx@Ev@Q`D?JANCZALCl@An@Br@Dn@Dh@Lr@L`AD\Fp@JdA@LFd@BRDTJd@BHJf@DTLf@DTLl@DV@N@P?LAlA?z@AtBAjBA^Af@A\KnAIn@EVEf@Cn@Ar@?\@dBArBAp@El@]~CE`@G\IXITGJe@~@mAfCKf@Uj@EFEJGLEHKTIPWd@[`@SPa@Ts@r@w@v@q@l@y@p@YX[`@U\q@|Aa@|@Ud@g@dAQd@IPUj@]fAUv@ENYzAWtAKv@It@CVGfAI|BEdA?TE~@Cn@C\Kp@Ij@K\AFK^YbACFGb@Gf@E`@An@?V?VD|@Db@BVHb@Nx@?@BPVp@HAHDFHDLBN?L?DERGJGDG@YTQNS^IFk@`AiA`BSXKLa@j@{@dAoCjD[`@KJKJyA|@q@b@[ZUXSb@_@|@uBnF[x@Yd@Yb@KNMJQLUNIF[XEHCJEVEVC^BrA?L@lAAx@E|@G`AM~@ERKh@Mh@ERGVK`@Mh@a@tBSjACP[bBq@~CCh@?d@DP@P?PCPELIJIDO\Md@U`EKnBCTYlEKrAc@pEQdBOvACNGh@CHCFGLCDGJMLGQM[Yi@]g@W[QQKKUOOI[OYK@W@K@G@EAIAYBQjAj@
S5,60,126,A.D Hairdressing → Al Mahdi Centre → Ameen → Allied Pharmacy - Firth Park Road → A.D Hairdressing,3,6018,612,10min,ml~dIpwyG?@MLSLSJk@TUJm@iAS_@QWq@eA{DmFy@kAw@eAo@s@MQ][YQ]M[?OFQFGYECE?QHE?KAG@YLMFf@UFAJ@D?PID?DBFXPGNGZ?\LXP\ZLPn@r@v@dAx@jAzDlFp@dAPVR^l@hATKj@URKRMLMJWLc@\_B|@uDFU`@wBViAF]@CJUAK?MHc@BKDQF]BM@MDWXmGFwA@g@F{BDqBBaBBiB?a@@m@?{@@i@?I?M@OBUBSJe@Lk@BUBUJkBH{@?IDu@BYBUFa@BQFQRq@BEPi@Xu@Rg@Ng@BKBKFUf@kBFWBSDWQMOOe@e@wA|F`@d@PRCEMMa@e@vA}Fd@d@NNPLEVCRGVg@jBGTCJCJOf@Sf@Yt@Qh@CDSp@GPCPG`@CTCXEt@?HIz@KjBCTCTMj@Kd@CRCTAN?L?HAh@?z@Al@?`@ChBC`BEpBGzBAf@GvAYlG?\?J?J?HBBBNBH?LAREXCLETEDEBEBCAEBID?@ONWhAa@vBGT}@tD]~AMb@KVMLSLSJk@TUJm@iAS_@QWq@eA{DmFy@kAw@eAo@s@MQ][YQ]M[?OFQFKDOHGBEBg@Vg@Te@NcAL_AH[@c@@oCVO@m@Fk@FM@mAJsBJUDUFSLUR_@d@Yf@[l@Yv@YnAS~@Qn@HPBL@HARENIHKBEAGAGOEM?Q@QDMDGHCF?HBPo@R_ALg@Jg@Xw@Zm@Xg@^e@TSRMTGTErBKlAKLAj@Gl@GNAnCWb@AZA~@IbAMd@Of@Uf@WDCFCNIJEPGNGZ?\LXP\ZLPn@r@v@dAx@jAzDlFp@dAPVR^l@hATKj@URKRMLM?A
S5,60,127,Air Raid Night → Al Mahdi Centre → Allied Pharmacy - Firth Park Road → Ameen → Air Raid Night,3,7178,787,13min,i~_eI~bvGGpB?FGn@Kn@Qz@[lBKd@ENGHCFA?Qd@WdA_@|AGVCTEh@Cb@CTAJHFDLLp@L`A@LFj@Dv@@j@B|@?p@?`@Af@C^E\O~@Id@Kp@Gl@Iz@APAf@ALApA?zA?N@~@DrADr@BHH`AP~ARbCBPb@lEb@~Db@ArABx@@`AFX@TC^I^Q`@Sd@Oh@Ed@AR@Bj@@t@@\ATANCPGVW^o@bA{AfCEJEPAL@Vl@GNAnCWb@AZA~@IbAMd@Of@Uf@WDCFCNIJEGYECE?QHE?KAG@YLMFf@UFAJ@D?PID?DBFXKDOHGBEBg@Vg@Te@NcAL_AH[@c@@oCVO@m@Fk@FM@mAJsBJUDUFSLUR_@d@Yf@[l@Yv@Kf@Mf@S~@Qn@HPBL@HARENIHKBEAGAGOEM?Q@QDMDGHCF?HBPo@R_AXoAXw@Zm@Xg@^e@TSRMTGTErBKlAKLAj@Gl@GNAnCWb@AZA~@IbAMd@Of@Uf@WDCFCNIJEPGNGZ?\LXP\ZLPn@r@v@dAx@jAzDlFp@dAPVR^l@hATKj@URKRMLMJWLc@\_B|@uDFU`@wBViAF]@CJUAK?MHc@BKDQF]BM@MDWXmGFwA@g@F{BDqBBaBBiB?a@@m@?{@@i@?I?M@OBUBSJe@Lk@BUBUJkBH{@?IDu@BYBUFa@BQFQRq@BEPi@Xu@Rg@Ng@BKBKFUf@kBFWBSDWQMOOe@e@wA|F`@d@PRCEMMa@e@vA}FQO]]QO][MMmAiAo@m@W[Ye@a@aAsAoD_AaCi@uA}@{BIS[y@CKcAmCMa@AGKc@UgAu@}EAGaAuGo@yDMc@M]KYOYIIIM]a@Y[aBqBQSU][g@Q_@SZOTg@`Ag@~@]p@IN_A~BUf@k@rAS^MTGDEDOJ[NKBI?GAKCa@Uo@i@MEM?QBiAf@u@\SHWBU?Q?MBIJELAR@XB^Hj@DRLt@VbAPr@DX@V?VAXG`@I\Sf@}@xBc@~@[`AGXCXCl@A`@
S5,60,128,Al Mahdi Centre → A1 Immigration Services → Allied Pharmacy - Firth Park Road → 7 Hills Blinds → Al Mahdi Centre,3,3079,300,5min,eg_eI|cyGXMFAJ@D?PID?DBFXPGNGZ?\LXP\ZLPn@r@v@dAx@jAzDlFp@dAPVR^l@hATKj@URKRMLMJWLc@g@[OKc@Y{@o@_@h@[b@ITGPq@eA{DmFy@kAw@eAo@s@MQ][YQ]M[?OFQFKDOHGBEBg@Vg@Te@NcAL_AH[@c@@oCVO@m@Fk@FM@mAJsBJUDUFSLUR_@d@Yf@[l@Yv@Kf@Mf@S~@Qn@HPBL@HARENIHKBEAGAG^CNOt@[lBG^g@dDi@c@W]MUGMWo@Uy@Ou@M{@EcACs@xACLAn@ADAP?r@Cb@A@QDMDGHCF?HBPo@R_AXoAXw@Zm@Xg@^e@TSRMTGTErBKlAKLAj@Gl@GNAnCWb@AZA~@IbAMd@Of@Uf@WDCFCNIJEGYECE?QHE?KAG@YL
S5,60,129,Albatross → Allied Pharmacy - Firth Park Road → Al Mahdi Centre → A1 Immigration Services → Albatross,3,3096,332,5min,{k`eInxyG`@AVAr@Cb@A@QDMDGHCF?HBPo@R_ALg@Jg@Xw@Zm@Xg@^e@TSRMTGTErBKlAKLAj@Gl@GNAnCWb@AZA~@IbAMd@Of@Uf@WDCFCNIJEGYECE?QHE?KAG@YLMFf@UFAJ@D?PID?DBFXPGNGZ?\LXP\ZLPn@r@v@dAx@jAzDlFp@dAPVR^l@hATKj@URKRMLMJWLc@g@[OKc@Y{@o@_@h@[b@ITGPq@eA{DmFy@kAw@eAo@s@MQ][YQ]M[?OFQFKDOHGBEBg@Vg@Te@NcAL_AH[@c@@oCVO@m@Fk@FM@mAJsBJUDUFSLUR_@d@Yf@[l@Yv@YnAS~@Qn@HPBL@HARENIHKBEAGAG^CNOt@[lBG^g@dDi@c@W]MUGMWo@Uy@Ou@M{@EcACs@xACLAL?
S5,60,130,Alex Barbers → Al Mahdi Centre → A1 Immigration Services → Air Raid Night → Alex Barbers,3,6899,755,12min,aj`eIfoyGh@l@H[V}@Vy@To@Re@Zi@Va@V[\]`@]XQZMh@InBQDBBHFrElAKLAj@Gl@GNAnCWb@AZA~@IbAMd@Of@Uf@WDCFCNIJEGYECE?QHE?KAG@YLMFf@UFAJ@D?PID?DBFXPGNGZ?\LXP\ZLPn@r@v@dAx@jAzDlFp@dAPVR^l@hATKj@URKRMLMJWLc@g@[OKc@Y`BeHtApAFU`@wBViAF]@CJUAK?MHc@BKDQF]BM@MDWXmGFwA@g@F{BDqBBaBBiB?a@@m@?{@@i@?I?M@OBUBSJe@Lk@BUBUJkBH{@?IDu@BYBUFa@BQFQRq@BEPi@Xu@Rg@Ng@BKBKFUf@kBFWBSDWQMOOe@e@QO]]QO][MMmAiAo@m@W[Ye@a@aAsAoD_AaCi@uA}@{BIS[y@CKcAmCMa@AGKc@UgAu@}EAGaAuGo@yDMc@M]KYOYIIIM]a@Y[aBqBQSU][g@Q_@SZOTg@`Ag@~@]p@IN_A~BUf@k@rAS^MTGDEDOJ[NKBI?GAKCa@Uo@i@MEM?QBiAf@u@\SHWBU?Q?MBIJELAR@XB^Hj@DRLt@VbAPr@DX@V?VAXG`@I\Sf@}@xBc@~@[`AGXCXCl@A`@GpB?FGn@Kn@Qz@[lBKd@ENGHCFA?Qd@WdA_@|AGVCTEh@Cb@CTAJCRo@tBm@vBIVu@dCOf@O^QTMLOLOFUHO?U?}@Cg@AE?W@c@D[D{A\[JOFMLKT[t@Y~@Qv@ETeAbFcAdFEV_@dBi@~BK\KRMTsAlB}A|BYd@GHEHGPKVn@HH?ZDN@@@z@HRBj@Jj@Nj@PxDhALDj@NNDTHVHLHRNNPRTV`@|@hB^p@p@fAj@x@p@fABDBRENOf@G`@EZIt@Et@Ch@AXxACLAn@AVAr@Cb@A@QDMC]GMECo@k@OMZeBi@m@
S5,60,131,Allied Pharmacy - Firth Park Road → 7 Hills Blinds → Al Mahdi Centre → A1 Immigration Services → Allied Pharmacy - Firth Park Road,3,3096,332,5min,kd`eIdryGMf@S~@Qn@HPBL@HARENIHKBEAGAG^CNOt@[lBG^g@dDi@c@W]MUGMWo@Uy@Ou@M{@EcACs@xACLAn@ADAP?r@Cb@A@QDMDGHCF?HBPo@R_AXoAXw@Zm@Xg@^e@TSRMTGTErBKlAKLAj@Gl@GNAnCWb@AZA~@IbAMd@Of@Uf@WDCFCNIJEGYECE?QHE?KAG@YLMFf@UFAJ@D?PID?DBFXPGNGZ?\LXP\ZLPn@r@v@dAx@jAzDlFp@dAPVR^l@hATKj@URKRMLMJWLc@g@[OKc@Y{@o@_@h@[b@ITGPq@eA{DmFy@kAw@eAo@s@MQ][YQ]M[?OFQFKDOHGBEBg@Vg@Te@NcAL_AH[@c@@oCVO@m@Fk@FM@mAJsBJUDUFSLUR_@d@Yf@[l@Yv@Kf@
S5,60,132,Ameen → A1 Immigration Services → Al Mahdi Centre → Air Raid Night → Ameen,3,5737,651,10min,u}}dI~fwGMMa@e@vA}Fd@d@NNPLEVCRGVg@jBGTCJCJOf@Sf@Yt@Qh@CDSp@GPCPG`@CTCXEt@?HIz@KjBCTCTMj@Kd@CRCTAN?L?HAh@?z@Al@?`@ChBC`BEpBGzBAf@GvAYlG?\?J?J?HBBBNBH?LAREXCLETEDEBEBCAEBID?@ONWhAa@vBGT}@tD]~Ag@[OKc@Y{@o@_@h@[b@ITGPq@eA{DmFy@kAw@eAo@s@MQ][YQ]M[?OFQFGYECE?QHE?KAG@YLMFf@UFAJ@D?PID?DBFXKDOHGBEBg@Vg@Te@NcAL_AH[@c@@oCVO@m@FAW@MDQDKzAgCn@cAV_@FWBQ@O@UA]Au@Ck@SAe@@i@De@Na@R_@P_@HUBYAaAGy@AsACc@@c@_Ec@mECQScCQ_BIaACIEs@EsAA_A?O?{A@qA@M@g@@QH{@Fm@Jq@He@N_AD]B_@@g@?a@?q@C}@Ak@Ew@Gk@AMMaAMq@EMIG@KBUBc@Di@BUFW^}AVeAPe@@?BGFIDOJe@ZmBP{@Jo@Fo@?GFqB@a@Bm@BYFYZaAb@_A|@yBRg@H]Fa@@Y?WAWEYQs@WcAMu@ESIk@C_@AY@SDMHKLCP?T?VCRIt@]hAg@PCL?LDn@h@`@TJBF@H?JCZONKDEFELUR_@j@sATg@~@_CHO\q@f@_Af@aANUR[P^Zf@T\PR`BpBXZ\`@HLHHNXJXL\Lb@n@xD`AtG@Ft@|ETfAJb@@FL`@bAlCBJZx@HR|@zBh@tA~@`CrAnD`@`AXd@VZn@l@lAhALL\ZPN\\PNwA|F`@d@LL
