Anchor Postcode,Duration (min),Route Index,Waypoints,Waypoint Count,Distance (m),Duration (sec),Duration (formatted),Polyline
WF2 0GU,10,1,Al Fresco → The New Albion → Al Fresco,1,235,77,1min,__ufIjuiHCj@APAPCl@E^GRKRBHRb@U`@CCAAGJ??FK@@BBTa@Sc@CIJSFSD_@Bm@@Q@QBk@
WF2 0GU,10,2,Alverthorpe Conservative Club → Pizza Ferrara → Alverthorpe Conservative Club,1,637,131,2min,cbufI`_jH`AeBCI[o@c@_AGReAvCg@zAg@|AMZM\Nl@Rz@S{@Om@L]L[FS^iAf@{AdAwCFSb@~@Zn@BHaAdB
WF2 0GU,10,3,Alverthorpe Garage → Sun Bo → Alverthorpe Garage,1,312,100,1min,cdufI`bjHb@w@|AmCCIJSFSGEi@}@BDd@v@FDGRKRBH}AlCc@v@
WF2 0GU,10,4,Alverthorpe St Paul's CofE (VA) School → Pizza Ferrara → Alverthorpe St Paul's CofE (VA) School,1,1450,250,4min,unufId`jHBCBU@]Fe@AS?SCWE[HMFW@Y@q@A]DYFUDSJYHWDUDs@De@b@aAPm@JBFDx@nARVf@f@XZPJLDRFPBZHPFPHJJLT[v@c@pAGReAvCg@zAg@|AMZM\Nl@Rz@S{@Om@L]L[FS^iAf@{AdAwCFSb@qAZw@MUKKQIQG[IQCSGMEQKY[g@g@SWy@oAGEKCQl@c@`AEd@Er@ETIVKXERGTEX@\Ap@AXGVILDZBV?R@RGd@A\CTCB
WF2 0GU,10,5,Alverthorpe Working Mens Club → The Eagle → Alverthorpe Working Mens Club,1,797,86,1min,kltfIdrjHjB\^Lh@XXLPBN@X?RCB?XKPKJIXQ@ARQDC??`@YRQXSPWZi@HOLW^u@Rg@IOi@SE@EDEHAN@|@HTFJMVIN[h@QVYRSPa@X??EBSP[RKHQJYJC?SBY?OAQCYMi@Y_@MkB]
WF2 0GU,10,6,Alverthorpe & Wrenthorpe Meadows LNR → Wrenthorpe Park & Alverthorpe Meadows → Alverthorpe & Wrenthorpe Meadows LNR,1,1035,203,3min,_gufIjlhHJDlCd@n@PKqAW}DGcAg@NY?YCYMSMSSQWUe@Us@U{@W{@a@wAW}@g@f@UR??TSf@g@V|@`@vAVz@Tz@Tr@Td@PVRRRLXLXBX?f@OFbAV|DJpAo@QmCe@KE
WF2 0GU,10,7,Amazon DLS4 → Ossett Fire Station → Amazon DLS4,1,235,97,1min,wktfIphmH^gBJHNJReAFUPJ@@@?@??CH_@??I^?BA?A?AAQKGTSdAOKKI_@fB
WF2 0GU,10,8,Ardsley House → BP Manor Service Station → Ardsley House,1,764,93,1min,mxzfIrfkHC@kAZcA\kB|@WPo@d@m@b@]\[`@a@j@_@l@MVS^Up@EP~@LFON[g@eALW^m@`@k@Za@\]l@c@n@e@VQjB}@bA]jA[BA
WF2 0GU,10,9,Blue Marlin Fisheries → Sun Bo → Blue Marlin Fisheries,1,409,109,1min,oeufIp_jHZcAdAwCFSb@~@Zn@JSFSGEi@}@BDd@v@FDGRKR[o@c@_AGReAvC[bA
WF2 0GU,10,10,BP Manor Service Station → Methodist Church → BP Manor Service Station,1,459,83,1min,ug{fI|ukHGN_AMw@pCa@lCg@iDCQIs@AE]cCZNJ@ZDZ@L?n@Al@AR_@f@dAOZ
WF2 0GU,10,11,Cardigan House → West Yorkshire Police Learning & Development Centre → Cardigan House,1,913,289,4min,{nyfIxlkHy@i@MJI@GYCSQVEDGDIJGLGD?FAD@L?XBfABr@F~AJxCB`@YDKB_@DG?CEUe@GICMCICQAIAK?KIBi@FE@GAEEAIKyCDA??E@JxC@HDDF@DAh@GHC?J@J@HBPBHBLFHTd@BDF?^EJCXECa@KyCG_BCs@CgA?YAM@E?G?MFSJOFIFETABRFXHALKx@h@
WF2 0GU,10,12,Carr Gate Garden Centre → Tardis → Carr Gate Garden Centre,1,4284,485,8min,}hzfIdjjHs@xAWk@[u@`@eBV{@p@m@d@SjBo@|@_@fCgApAi@pBy@HEDChAe@d@Sf@Sj@Wh@UZId@QEo@?_@BYDc@FYJa@R_@PS^YjBcAj@YPIrBkAnB_APIJf@@L?LENc@n@W`@W`@SXo@jASZ}@dBgBjD{@xAw@~@}EnHOTa@n@J`@BNDV?L?PG`BAP?P?P?P@RJfDi@NG_BIgCAYAOEECAEHIJKNCD@^FxBDrB@f@DRDF??BBJCJAFABG?IEmAh@OKgDAS?Q?Q?Q@QFaB?Q?MEWOIGCI?ODeCnDg@h@g@b@cAp@iB`ASJIDGHIHEHCHYlA?BOt@ETELEHGJcBvBGHIHIDIBIBI@K?OAEAc@e@OUGQEOEQAMAOAQ?S@O@O?GDQFWFWFOFMrAuBHKFGFGHGHGJCHAH?H?H@JDt@NZLPBLBR@NANCLEJGZSjAy@`A_A`AkAb@o@pB}CbCqDFM^_AVe@L_@FYDY@W@YAYMoAe@P[Hi@Tk@Vg@Re@RiAd@EBIDqBx@qAh@gCfA}@^kBn@e@Rq@l@Wz@a@dBZt@Vj@r@yA
WF2 0GU,10,13,Carr Gate WMC → The Malt Shovel → Carr Gate WMC,1,794,99,1min,sqyfI`riHDz@BnBk@Vg@Re@RiAd@EBIDqBx@qAh@FjAaC|@MaAfCgApAi@pBy@HEDChAe@d@SBAb@Qj@WCoBE{@
WF2 0GU,10,14,Chantry Vets → Sun Bo → Chantry Vets,1,436,127,2min,ofufIr}iHFGHILSFHRTdAwCFSb@~@Zn@JSFSGEi@}@BDd@v@FDGRKR[o@c@_AGReAvCSUGIMRIHGF
WF2 0GU,10,15,China And Thai Express → BP Manor Service Station → China And Thai Express,1,459,83,1min,sm{fId{kHKo@CQKy@]cCZNJ@ZDZ@L?n@Al@AR_@f@dAOZGN_AMw@pCa@lC[yB
WF2 0GU,10,16,Conroyds Fish and Chips → The Wren Cafe → Conroyds Fish and Chips,1,962,121,2min,uwvfIvphHy@nDEJW|@MTORYR_@LODYHI@UBc@E{B_@g@UGIn@}DL{@@AH_@Po@PJXLn@VJLf@v@T\JHDBH?FADIHSpAeFJ_@Rk@Pc@DMVq@Pc@Ds@VPt@v@PT]xAY|@o@dBUl@GR
WF2 0GU,10,17,Country Kitchen → Outwood Primary Academy Kirkhamgate → Country Kitchen,1,708,127,2min,sowfIhfnHIHw@v@Mc@Om@]}CE]Kq@SyACK?AOkA_@qCcAf@[yAJIKHZxAbAg@^pCNlABJRxAJp@D\\|CNl@Lb@v@w@HI
WF2 0GU,10,18,Curry Pot → Blue Marlin Fisheries → Curry Pot,1,306,71,1min,kaufIfviHYx@GReAvCg@zAGIWKVJFHJWZcAdAwCFSXy@
WF2 0GU,10,19,Cyrus Guys → St Michaels Church → Cyrus Guys,1,1312,229,3min,io{fIjbmH@u@BoD?GBaE?U@yABw@B{@Bq@Bo@FeA@SDu@y@BeAZWTUV}@p@}@f@AI{DbAGXNfANTHFFn@Go@IGOUOgAFYtA_@dBc@@H|@g@|@q@TWVUdA[x@CEt@ARGdACn@Cp@Cz@Cv@AxA?TC`E?FCnDAt@
WF2 0GU,10,20,Declans → Wrenthorpe Club → Declans,1,248,43,0min,eaxfIb`hHpA`ATN\Tj@^G^I@??WQODLu@]UUOqAaA
WF2 0GU,10,21,Driver Training Area → Cardigan House → Driver Training Area,1,8881,395,6min,qvyfIzhlH\|AtAxDbCzFbCdFbAjBb@x@bAjBnCrD|CfEjDpDxFdFfMjJzBxA`CrAtBfAtDrBtG`Dn@R~FjBlGhAdE\xDDvEOnE[hOcClImApBYzRuF^OZSPMNQNUj@{ARg@POPMLINEP@RBTLVXJXFVDVDX@\?ZAtDA|@AZA\ETW~@MZk@Va@@OCWOMOMUIOi@w@a@So@E{Lh@qAFsFj@sInAeOdCoE`@cFJwDImE]eGaAaGiBs@W_HeDkDqBuBiAcCcB}B_BqFsDiF{DkFqEoD{DaDeE}BqDmAkBc@y@wAuCoEsJuBoF_AqCo@wA_AuCqA}DOc@}BiHwAmEQa@Uu@K]MYKWGMGKGIGIGGEEMIOKc@SEAc@e@OUGQEOEQAMAOAQ?S@O@O?GDQFWFWFOFMrAuBHKFGFGHGHGJCHAH?H?H@JD^\JNFJDLDLBPBN@N@P?P?P?P?BCvA?P@P@RDRThAf@~Br@|CnB|IrA`Gj@fCR|@x@nD
WF2 0GU,10,22,DVSA Wakefield Test Center → Silkwood Farm → DVSA Wakefield Test Center,1,266,104,1min,oetfIremH@E?C?EA_@LEBABA@CTgALo@VR\ZPaA??Q`A][WSMn@UfAABC@C@MD@^?D?BAD
WF2 0GU,10,23,East Ardsley Community Centre → Main Street Fisheries → East Ardsley Community Centre,1,643,138,2min,m}{fIzjkHNLpBd@TJnAl@^N\NPJVNj@b@ZXf@`@ZNJ@Be@a@M??`@LCd@KA[Og@a@[Yk@c@WOQK]O_@OoAm@UKqBe@OM
WF2 0GU,10,24,East Ardsley Conservative Club → BP Manor Service Station → East Ardsley Conservative Club,1,512,106,1min,mo{fI`zkHB?d@]Ky@]cCZNJ@ZDZ@L?n@Al@AR_@f@dAOZGN_AMw@pCa@lCg@iDCQe@\C?
WF2 0GU,10,25,East Ardsley Express → Main Street Fisheries → East Ardsley Express,1,540,124,2min,uz{fI`lkHh@LTJnAl@^N\NPJVNj@b@ZXf@`@ZNJ@Be@a@M??`@LCd@KA[Og@a@[Yk@c@WOQK]O_@OoAm@UKi@M
WF2 0GU,10,26,East Ardsley Luncheon Club → Main Street Fisheries → East Ardsley Luncheon Club,1,645,153,2min,y|{fIjlkHAKAUpBd@TJnAl@^N\NPJVNj@b@ZXf@`@ZNJ@Be@a@M??`@LCd@KA[Og@a@[Yk@c@WOQK]O_@OoAm@UKqBe@@T@J
WF2 0GU,10,27,East Ardsley Post Office → BP Manor Service Station → East Ardsley Post Office,1,384,52,0min,_m{fIv`lHFw@`@mCv@qCDQTq@R_@f@dAOZGN_AMw@pCa@lCGv@
WF2 0GU,10,28,Esso → Toyota Vantage → Esso,1,755,197,3min,ersfIhmmHSj@QJSYHQb@iAD_@\_ABQA_@q@gAw@m@KEMGPeAHM\KHYNm@BETmADMB?BB@DYtABOTeAAECCC?ELUlACDOl@IX]JILQdALFJDv@l@TJb@Fn@OSz@Qb@[z@[x@HLH^GN
WF2 0GU,10,29,Flanshaw Lodge → The Eagle → Flanshaw Lodge,1,792,159,2min,u{sfIzrjHMa@Ee@lAiATKEWEQISGO_@t@MVIN[h@QVYRSPa@X??EBSPA@YPKHQJYJC?SBY??g@@{BAzB?f@X?RCB?XKPKJIZSRQDC??`@YRQXSPWZi@HOLW^u@FNHRDPDVUJmAhADd@L`@
WF2 0GU,10,30,Flanshaw United Reformed Church → Alverthorpe Working Mens Club → Flanshaw United Reformed Church,1,956,147,2min,k}sfIttjHe@MMBGACGESG]EBSP[RKHQJYJC?SBY?OAQCYMi@Y_@MkB]s@Oc@Kc@MGAu@YQMKKn@{DD^i@fDPLt@XF@b@Lb@J~Cl@^Lh@XXLPBN@X?RCB?XKPKJIZSRQDCF\DRBFF@LCd@L
WF2 0GU,10,31,Fusion Hair Studio → St Michaels Church → Fusion Hair Studio,1,1299,236,3min,qn{fIv`mHUABoD?GBaE?U@yABw@B{@Bq@Bo@FeA@SDu@y@BeAZWTUV}@p@}@f@AI{DbAGXNfANTHFFn@Go@IGOUOgAFYtA_@dBc@@H|@g@|@q@TWVUdA[x@CEt@ARGdACn@Cp@Cz@Cv@AxA?TC`E?FCnDT@
WF2 0GU,10,32,Gardener's Retreat Restaurant → The Malt Shovel → Gardener's Retreat Restaurant,1,1096,129,2min,ggzfIrbjH~Ai@|@_@fCgApAi@pBy@HEDChAe@d@Sf@Sj@Wh@UZId@QXOhB_AiB~@YNe@P[Hi@Tk@Vc@PC@e@RiAd@EBIDqBx@qAh@gCfA}@^_Bh@
WF2 0GU,10,33,GJH Commercial Vehicle Services Ltd → Alverthorpe Working Mens Club → GJH Commercial Vehicle Services Ltd,1,1943,266,4min,wrtfIvykHT?AtB?L?zAn@@dABV@XCXCREJCbAc@CSGs@CaA@kA?}@?iA?IDsK?Y?W@}C?mA@s@?oC@gDkB]s@Oc@Kc@MGAu@YQMKKn@{DD^i@fDPLt@XF@b@Lb@J~Cl@AfD?nCAr@?lAA|C?V?XErK?H?hA?|@AjAB`AFr@BRcAb@KBSDYBYBWAeACo@A?{A?M@uBU?
WF2 0GU,10,34,Hall Cliffe Primary School → Wrenthorpe Potovens → Hall Cliffe Primary School,1,730,131,2min,ayvfIrpiHYC[YM??iB?u@?e@CoACq@Ee@Mg@Mm@Gi@Ci@CSEkB^MXSNSLUv@~@FKGJw@_AMTORYR_@LDjBF|@Fh@Ll@Lf@Dd@Bp@BnA?d@?t@?hBL?ZXXB
WF2 0GU,10,35,Highfield School → Ossett WMC → Highfield School,1,4350,585,9min,}wvfIbusHDb@Jf@Lv@Pp@Pn@L`@HVBD@J@PBP?V@`@?\?jBAdA?v@BZJVt@|Bb@xBJp@XfBLp@J\Rr@Rf@Td@FLPRPLh@\HHLJVk@NUXa@hA[rA_@RGz@Uh@MdAWTbAHVHJJDP@ZCXG\GZKZMZYTUhBoB`@YlA{@b@UdCuAh@@VPJKTSBC\]`@u@`AeCLm@Pu@ZwAPy@b@kBPq@j@cCJ]XeAJ[XcAT_AjBkGFQ|@{CVmAJe@l@iCVeAJq@H{@Do@Du@?e@?M?}@EgACq@f@M@T?N?OAUg@LHxB?|@?L?d@Et@En@Iz@Kp@WdAm@hCKd@WlA}@zCGPkBjGU~@YbAKZYdAK\k@bCQp@c@jBQx@[vAQt@Ml@aAdCa@t@]\CBURKJWQi@AeCtAc@TmAz@a@XiBnBUT[X[L[J]FYF[BQAKEIKIWUcAeAVi@L{@TSFsA^iAZY`@OTWj@MKIIi@]QMQSGMUe@Sg@Ss@K]Mq@YgBKq@c@yBu@}BKWC[?w@@eA?kB?]Aa@?WCQAQAKCEIWMa@Qo@Qq@Mw@Kg@Ec@
WF2 0GU,10,36,Hill Top Primary Academy → West Ardsley Book Exchange → Hill Top Primary Academy,1,1966,264,4min,clzfIn}rHNTn@bAFHJ@H@D@RZRi@x@}Bn@}Al@eBFOdFcNe@c@o@_@gAe@qBw@qBy@{Aq@QGmEiBk@Sk@SBWDS@S?Q?S@OLaBM`BAN?R?PARERCVTHTHj@RlEhBPFzAp@pBx@pBv@fAd@n@^d@b@eFbNGNm@dBo@|Ay@|BSh@S[EAIAKAGIo@cAOU
WF2 0GU,10,37,Holiday Inn → Shell Select → Holiday Inn,1,739,145,2min,gpsfItwmH|@`@ENGPc@l@KNKPEBEJs@`A]aAEIQm@q@_CYoAG[?K@QJS`@w@@[Ea@BS@CHU@C??RATZIPWj@Kb@q@xBXnAp@~BPl@DHZi@DCHDZRNFDCJQJOb@m@FQDO}@a@
WF2 0GU,10,38,Hong Kong Vegan → Wrenthorpe Academy → Hong Kong Vegan,1,1540,201,3min,wowfIdngHe@Tq@^c@Xu@f@E@eBbAo@`@m@d@s@v@s@~@wBzC~BdBTN\Tj@^|@n@`BpAZXj@z@Z_AXcAb@_BBIHS??IRCHc@~AYbA[~@k@{@[YaBqA}@o@k@_@]UUO_CeBvB{Cr@_Ar@w@l@e@n@a@dBcADAt@g@b@Yp@_@d@U
WF2 0GU,10,39,JB's Cafe & Bistro → Ossett Flushdyke Junior and Infant School → JB's Cafe & Bistro,1,7095,451,7min,{gtfIl}oHGVIz@I?IM?yAWBGDI?GAIGUq@U_@mAqAc@OQAQ?_@LURW\O\Mj@I|@Bx@Dd@X`@RLRAPGLQJUlA{DJa@p@sBt@aBzDkIFMP_@VaADg@?c@A]E[G]Ia@IOGYG]A[AW?W@wD@y@@[@YD]H[Rg@POPMLINEP@RBTLVXJXFVDVDX@\?ZAtDA|@AZA\ETW~@MZa@fAcAxBkAjCkDhHq@zAq@nBy@bDWvAAFW|AQ`BQjBGlAIdCEvCGnEQnLIdCSvC_@|De@vCg@tBs@dCqAvCwL`SwBhDmDxF{AhCiBbD{@lBoB`Fq@xBe@xBg@xCYpCKzAG`BChCD|BRlDXrCj@`Ev@bDr@tCLRLHP@HCVAJ@FBFFFJFVBLFf@@H?PAPEPELIHGDGBk@EEAGEGGEKEMCS?U?]UmAaAmDq@cDm@eE[sCSoDCu@AiA@kCDcBJ}AToCd@_Dh@qBp@cCvBuFx@kBbBkDrAgChHiL`H}KnCoErAyCr@uBj@wBf@uCd@uDRuCHoCNkLDwBFwFAi@BoANgCDu@?c@A[ESCOM_@Oe@G[Gc@Ee@Cy@H}@Lk@N]V]TS^MP?P@b@NlApATRz@XAf@EzA\EHLH?H{@FW
WF2 0GU,10,40,Jerry Clay Academy → Hall Cliffe Primary School → Jerry Clay Academy,1,996,142,2min,_iwfIlwiHDKDKRc@`@y@Pe@JU^y@`BoD\w@Zu@LYFIFGXSDCRQFEf@g@Lf@Dd@Bp@BnA?d@?t@?hBL?ZXXB@?[C[YM??iB?u@?e@CoACq@Ee@Mg@g@f@GDSPEBYRGFGHMX[t@]v@aBnD_@x@KTQd@a@x@Sb@EJEJ
WF2 0GU,10,41,Kirkhamgate Fisheries → Village Stores → Kirkhamgate Fisheries,1,578,111,1min,{cwfIn`nHAQEWKWq@j@_@V]TQHc@TIDOFqBdA_@wBm@\OH|@g@^vBpBeANGHEb@UPI\U^Wp@k@JVDV@P
WF2 0GU,10,42,Kirkhamgate Village Hall → The Star Inn → Kirkhamgate Village Hall,1,531,98,1min,iswfIdbnHTrBNl@Lb@yAzAi@l@ORs@aAKMAu@F]?IOs@Nr@?HG\@t@~@nANSh@m@xA{AMc@Om@UsB
WF2 0GU,10,43,"Kirkhamgate Village Hall, Brandy Carr Road → Outwood Primary Academy Kirkhamgate → Kirkhamgate Village Hall, Brandy Carr Road",1,453,97,1min,qswfI`anH?EE]Kq@SyACK?AOkA_@qCcAf@[yAJIKHZxAbAg@^pCNlABJRxAJp@D\?D
WF2 0GU,10,44,Kowloon → Alverthorpe Garage → Kowloon,1,854,146,2min,ajufIbijHb@iA\w@L]L[f@}Af@{AdAwCFSb@~@Zn@BH}AlCu@rAIHO@]I\HNAHIP[b@w@|AmCCI[o@c@_AGReAvCg@zAg@|AMZM\]v@c@hA
WF2 0GU,10,45,Kylies Sandwich Bar & Custom Cakes → Alverthorpe Garage → Kylies Sandwich Bar & Custom Cakes,1,847,145,2min,}iufIxhjH^_A\w@L]L[f@}Af@{AdAwCFSb@~@Zn@BH}AlCu@rAIHO@]I\HNAHIP[b@w@|AmCCI[o@c@_AGReAvCg@zAg@|AMZM\]v@_@~@
WF2 0GU,10,46,Lindale Methodist Church → The Star Inn → Lindale Methodist Church,1,500,95,1min,aswfIncnHLhANl@Lb@yAzAi@l@ORs@aAKMAu@F]?IOs@Nr@?HG\@t@~@nANSh@m@xA{AMc@Om@MiA
WF2 0GU,10,47,Lofthouse Colliery Disaster Memorial → Sunnyhill Stores → Lofthouse Colliery Disaster Memorial,1,1313,173,2min,_hvfIr~kHVu@sAeC]u@k@qAQ]qAoCIQ{@eBQi@GUkCgKyAsFIc@Ec@Ee@CcA_@PO@EDCFCLBMBGDENA??^QBbADd@Db@Hb@xArFjCfKFTPh@z@dBHPpAnCP\j@pA\t@rAdCWt@
WF2 0GU,10,48,Low Laithes Golf Course → Amazon DLS4 → Low Laithes Golf Course,1,1253,354,5min,cttfI|emHJwDBa@PuBJmADOFIL?DBNNRRZZ@FAPEFCDy@xDGFE?KIECk@fDA`@BT@PCp@?`@EbB?FnC~BDFFBLGDIr@gDBCAC?E@Ef@cC^gBJHNJRPSQOKKIgAjFAD?D@BCBs@fDEHMFGCEGoC_C@XBLHVLLPTUGIEKGGIGQAKAO?MHwBHwB@a@?O
WF2 0GU,10,49,Main Street Fisheries → China And Thai Express → Main Street Fisheries,1,447,98,1min,co{fIbrkH`@LCd@ZDZ@L?n@Al@AUp@EPw@pCa@lC[yBKo@CQKy@]cCZNJ@Be@a@M
WF2 0GU,10,50,Methodist Church → BP Manor Service Station → Methodist Church,1,459,83,1min,mn{fInwkHAE]cCZNJ@ZDZ@L?n@Al@AR_@f@dAOZGN_AMw@pCa@lCg@iDCQIs@
WF2 0GU,10,51,Mill View Stores → Sun Bo → Mill View Stores,1,275,80,1min,g}tfIpajHOs@MWMWOWIUSc@CIJSFSGEi@}@BDd@v@FDGRKRBHRb@HTNVLVLVNr@
WF2 0GU,10,52,NAV Mini Market → Phoenix Young People's Centre → NAV Mini Market,1,411,90,1min,_aufItriHJJLT[v@c@pAGReAvCg@zAGIWKVJFHf@{An@eBTq@FSb@qAZw@MUKK
WF2 0GU,10,53,NPAS 31 - Carr Gate → West Yorkshire Police Learning & Development Centre → NPAS 31 - Carr Gate,1,913,289,4min,{nyfIxlkHy@i@MJI@GYCSQVEDGDIJGLGD?FAD@L?XBfABr@F~AJxCB`@YDKB_@DG?CEUe@GICMCICQAIAK?KIBi@FE@GAEEAIKyCDA??E@JxC@HDDF@DAh@GHC?J@J@HBPBHBLFHTd@BDF?^EJCXECa@KyCG_BCs@CgA?YAM@E?G?MFSJOFIFETABRFXHALKx@h@
WF2 0GU,10,54,One Stop Coffee Shop → Main Street Fisheries → One Stop Coffee Shop,1,647,153,2min,y|{fIllkHAMAUpBd@TJnAl@^N\NPJVNj@b@ZXf@`@ZNJ@Be@a@M??`@LCd@KA[Og@a@[Yk@c@WOQK]O_@OoAm@UKqBe@@T@L
WF2 0GU,10,55,Oriental Chef → The Star Inn → Oriental Chef,1,461,91,1min,urwfIhenH@NNl@Lb@yAzAi@l@ORs@aAKMAu@F]?IOs@Nr@?HG\@t@~@nANSh@m@xA{AMc@Om@AO
WF2 0GU,10,56,Ossett Fire Station → Silkwood Farm → Ossett Fire Station,1,455,147,2min,}gtfIlbmHI^?BA?A?AAQKR_A@GVmAnB~ALo@VR\ZPaA??Q`A][WSMn@oB_BWlAAFS~@PJ@@@?@??CH_@
WF2 0GU,10,57,Ossett Flushdyke Junior and Infant School → JB's Cafe & Bistro → Ossett Flushdyke Junior and Infant School,1,7147,467,7min,eptfIzapHW|AQ`BQjBGlAIdCEvCGnEQnLIdCSvC_@|De@vCg@tBs@dCqAvCwL`SwBhDmDxF{AhCiBbD{@lBoB`Fq@xBe@xBg@xCYpCKzAG`BChCD|BRlDXrCj@`Ev@bDr@tCLRLHP@HCVAJ@FBFFFJFVBLFf@@H?PAPEPELIHGDGBk@EEAGEGGEKEMCS?U?]UmAaAmDq@cDm@eE[sCSoDCu@AiA@kCDcBJ}AToCd@_Dh@qBp@cCvBuFx@kBbBkDrAgChHiL`H}KnCoErAyCr@uBj@wBf@uCd@uDRuCHoCNkLDwBFwFAi@BoANgCDu@?c@A[ESCOM_@Oe@G[Gc@Ee@Cy@H}@Lk@N]V]TS^MP?P@b@NlApATRz@XAf@EzA\EHLH?H{@FWJg@@qBEGa@D]?CbBAf@GDI?GAIGUq@U_@mAqAc@OQAQ?_@LURW\O\Mj@I|@Bx@Dd@X`@RLRAPGLQJUlA{DJa@p@sBt@aBzDkIFMP_@VaADg@?c@A]E[G]Ia@IOGYG]A[AW?W@wD@y@@[@YD]H[Rg@POPMLINEP@RBTLVXJXFVDVDX@\?ZAtDA|@AZA\ETW~@MZa@fAcAxBkAjCkDhHq@zAq@nBy@bDWvAAF
WF2 0GU,10,58,Ossett WMC → Ossett Flushdyke Junior and Infant School → Ossett WMC,1,6371,452,7min,aotfI`mrHCq@QoFBsAJ}E@e@@gAF}B@_@@UD_ADuATcGLoCFwADiAXqGBYT_EJ_CJmF?i@AWAOKYUq@U_@mAqAc@OQAQ?_@LURW\O\Mj@I|@Bx@Dd@X`@RLRAPGLQJUlA{DJa@p@sBt@aBzDkIFMP_@VaADg@?c@A]E[G]Ia@IOGYG]A[AW?W@wD@y@@[@YD]H[Rg@POPMLINEP@RBTLVXJXFVDVDX@\?ZAtDA|@AZA\ETW~@MZa@fAcAxBkAjCkDhHq@zAq@nBy@bDWvAAFW|AQ`BQjBGlAIdCEvCGnEQnLIdCSvC_@|De@vCg@tBs@dCqAvCwL`SwBhDmDxF{AhCiBbD{@lBoB`Fq@xBe@xBg@xCYpCKzAG`BChCD|BRlDXrCj@`Ev@bDr@tCLRLHP@HCVAPOHOJUF_@BSDO`@iAl@_AlAuBl@oABKBIDIFIFC@?Ri@N_@^{AdAoCb@kAL_@Vm@pAsDDIh@oAZ_@JKTSBC\]`@u@`AeCLm@Pu@ZwAPy@b@kBPq@j@cCJ]XeAJ[XcAT_AjBkGFQ|@{CVmAJe@l@iCVeAJq@H{@Do@Du@?e@?M?}@EgA
WF2 0GU,10,59,"Outwood Primary Academy Kirkhamgate → Kirkhamgate Village Hall, Brandy Carr Road → Outwood Primary Academy Kirkhamgate",1,485,63,1min,{twfIb{mH?@BJRxAJp@D\\|CNl@Lb@yAzAi@l@AO@MBKFIHCH@HFxA{AMc@Om@]wC?EE]Kq@SyACK?A
WF2 0GU,10,60,Phoenix Young People's Centre → NAV Mini Market → Phoenix Young People's Centre,1,577,84,1min,ccufIfziHTq@FSb@qAZw@MUKK??QIQG[I@_@B]Dm@PmAT_BV{Ab@XJJNPVb@Zf@b@j@i@lAk@vAg@hAKR[v@c@pAGRUp@
WF2 0GU,10,61,Pinderfields Hospital PRU → St Annes → Pinderfields Hospital PRU,1,870,159,2min,qowfInehHm@k@MMCHc@~AYbA[~@t@jA\f@d@r@RZj@~@V`@NNPH\N|@`@FB|@`@MjANFOGLkA}@a@GC}@a@]OQIOOcAaBS[e@s@]g@u@kAZ_AXcAb@_BBILLl@j@
WF2 0GU,10,62,Pizza Ferrara → Alverthorpe Conservative Club → Pizza Ferrara,1,551,112,1min,{fufIrbjH^iAf@{AdAwCFSb@~@Zn@BH}AlCOSNRZg@`AeBCI[o@c@_AGReAvCg@zA_@hA
WF2 0GU,10,63,Pumaspeed → NAV Mini Market → Pumaspeed,1,626,89,1min,}cufI`|iHn@kBFSb@qAZw@MUKK??QIQG[I@_@B]Dm@PmAT_BV{Ab@XJJNPVb@Zf@b@j@i@lAk@vAg@hAKR[v@c@pAGRo@jB
WF2 0GU,10,64,R H Binks And Sons → Methodist Church → R H Binks And Sons,1,449,64,1min,gm{fI`blHNaBg@iDCQIs@AE]cCZNJ@ZDZ@L?n@Al@AUp@EPw@pCa@lCO`B
WF2 0GU,10,65,Ramada → Shell Select → Ramada,1,1224,166,2min,u}sfIhxmH??EBMSCCEEQWAKScAIHEDOHEBEFEDIPANEN?\?B?HBRH\DLFNVf@HN^j@VPLDD@B?B?NEzCuHPg@Rc@JS`@w@@[Ea@BS@CHU@C??RATZb@iAD_@\_ABQA_@q@gAw@m@KEMGo@_@e@e@[_@SU_@m@KMEECAKCIDK@OFEHEJ{AbHKd@SdAI`@Gd@Kx@CXKfAA`@?LBNBP??FTBBLDH@F@D?NIDEHIRbA@JPVDDBBLRDC??
WF2 0GU,10,66,Restyle Fitness → China And Thai Express → Restyle Fitness,1,414,90,1min,gn{fInrkHD@Cd@ZDZ@L?n@Al@AUp@EPw@pCa@lC[yBKo@CQKy@]cCZNJ@Be@EA
WF2 0GU,10,67,Royal Spice → The Glynn Living → Royal Spice,1,534,93,1min,_uvfIdbgHF[Ls@NG`@Wb@c@fCyCPl@Dd@F^FLJLHLJZ[ZZ[K[IMKMGMG_@Ee@Qm@q@v@uA`Bc@b@a@VOFMr@GZ
WF2 0GU,10,68,Shawfold Cars → Village Stores → Shawfold Cars,1,594,113,1min,wcwfIdanHEg@EWKWq@j@_@V]TQHc@TIDOFqBdA_@wBm@\OH|@g@^vBpBeANGHEb@UPI\U^Wp@k@JVDVDf@
WF2 0GU,10,69,Shell Select → Holiday Inn → Shell Select,1,776,152,2min,_usfIzlmH??RATZIPWj@Kb@q@xBXnAp@~BPl@DHZi@DCHDZRNFDCJQJOb@m@FQDO}@a@??Fo@bA^EVGXENGPc@l@KNKPEBEJs@`A]aAEIQm@q@_CYoAG[?K@QJS`@w@@[Ea@BS@CHU@C
WF2 0GU,10,70,Shine hand car wash → Toyota Vantage → Shine hand car wash,1,755,197,3min,mrsfIzmmHKXQJSYHQb@iAD_@\_ABQA_@q@gAw@m@KEMGPeAHM\KHYNm@BETmADMB?BB@DYtABOTeAAECCC?ELUlACDOl@IX]JILQdALFJDv@l@TJb@Fn@OSz@Qb@[z@[x@HLH^O`@
WF2 0GU,10,71,Silcoates School → Wrenthorpe Post Office → Silcoates School,1,2528,382,6min,ihvfIvciHe@rA?L?FFNJPb@iABGBADADBDHBJ?@?F_B`EELAJAL@L?B@DFHFBDFBHFLDHDHBL@LAPA|@CZAXIhAGrACXCNMPOa@U_@}@aBS_@Wc@y@gAw@eAw@aAsAiBaAwAS[AC_@o@e@q@IMMg@Mm@Gi@G}@EkBODYHI@UBc@E{B_@g@UGIn@}DL{@@AH_@Po@Je@Jo@Fa@D[@IDUFg@BSBMD[F]BUFc@@EJg@BIPRNFTJNFTFN?F@xCBX@VPt@v@PT]xAY|@o@dBUl@Qp@o@pCEJW|@MTORYR_@LDjBF|@Fh@Ll@Lf@HLd@p@^n@@BRZ`AvArAhBv@`Av@dAx@fAVb@R^Vg@Dw@?s@?GFWFMPi@HQBQ?KESAG?E?KF]DYNa@`@eAKQGO?G?Md@sA
WF2 0GU,10,72,Silkwood Farm → Total Fitness → Silkwood Farm,1,2142,331,5min,katfIj_mHQ`A][WSMn@oB_BlA_GXq@J[HWn@z@zB`CLJD@D?LEDAJEF?B?HF@BDHDN@RAPEPGLIDK@OFEHEJ{AbHKd@SdAI`@Gd@Kx@CXKfAA`@?LBNBP??FTBBLDH@F@D?NIDEHILOLUFIPa@Pg@DMDMFWPo@@KNq@ViAD]DIDIHIAOAECC_@Y_Aw@~ApABB@D@NCNGNABEHGLWhAOp@AJQn@GVELELQf@Q`@GHMTMNIHEDOHEBEFEDIPANENGHWFECIIEMCOAQBQDOBCJ[BMBMBM@a@JgABYJy@Fe@Ha@ReAJe@zAcH@K?G?EAa@CQEUAMEIKU{BaCo@{@IVKZYp@mA~FnB~ALo@VR\ZPaA
WF2 0GU,10,73,Spot on Dog Grooming → Declans → Spot on Dog Grooming,1,611,101,1min,yywfIxehHy@m@k@_@]UUOqAaAm@c@qA_Ak@_@IIZyAGOIUHTFN[xAHHj@^pA~@~BdBTN\Tj@^x@l@
WF2 0GU,10,74,Spring Mill Golf Course → JB's Cafe & Bistro → Spring Mill Golf Course,1,1553,426,7min,ovsfIncpHi@}BEOGKIIKEIAIAIDIJiCbDg@t@SVo@j@gAlAi@x@_@p@]LyBeAJ_CJmF?i@AWAOKYUq@U_@TRz@XAf@EzA\EHLH?H{@FWJg@@qBEGa@D]?CbBAf@EzAMdEKr@K~BxBdA\M^q@h@y@fAmAn@k@RWf@u@hCcDHKHEH@H@JDHHFJDNh@|B
WF2 0GU,10,75,St Annes → Pinderfields Hospital PRU → St Annes,1,532,109,1min,qnwfIfshHk@_AS[e@s@]g@u@kAZ_AXcAb@_BBILLl@j@??m@k@MMCHc@~AYbA[~@t@jA\f@d@r@RZj@~@
WF2 0GU,10,76,St Michaels Church → R H Binks And Sons → St Michaels Church,1,983,147,2min,oz{fIfllHdBc@@H|@g@|@q@TWVUdA[x@CLiAFy@NaB`@mCv@qCDQTq@R_@f@dAWj@_AMw@pCa@lCWzCMhAy@BeAZWTUV}@p@}@f@AIeBb@
WF2 0GU,10,77,Sun Bo → Blue Marlin Fisheries → Sun Bo,1,463,124,2min,_aufIjxiHd@v@FDGRKR[o@c@_AGReAvCg@zAGIWKVJFHJWZcAdAwCFSb@~@Zn@JSFSGEe@w@
WF2 0GU,10,78,Sunnyhill Stores → Jerry Clay Academy → Sunnyhill Stores,1,2917,355,5min,i{vfIlpjH??^QGmFAiAAUC{AEeFE{C?I?{A?sB?iB?u@?e@CoACq@Ee@Mg@g@f@GDSPEBYRGFGHMX[t@]v@aBnD_@x@KTQd@a@x@Sb@EJEJUj@a@`AkFtLyHfQdAnBl@hAFNDL@L?NCHGNQd@Pe@FOBI?OAMEMGOm@iAeAoBxHgQjFuL`@aAZw@DKRc@`@y@Pe@JU^y@`BoD\w@Zu@LYFIFGXSDCRQFEf@g@Lf@Dd@Bp@BnA?d@?t@?hB?rB?zA?HDzCDdFBzA@T@hAFlF_@P??
WF2 0GU,10,79,Tania's Barbershop → Methodist Church → Tania's Barbershop,1,434,62,1min,cm{fIhalHJiAg@iDCQIs@AE]cCZNJ@ZDZ@L?n@Al@AUp@EPw@pCa@lCKhA
WF2 0GU,10,80,Tardis → West Yorkshire Police Learning & Development Centre → Tardis,1,9953,537,8min,_vyfItzjH??BBJCJAFABG?IEmAh@OKgDAS?Q?Q?Q@QFaB?Q?MEWOIGCI?ODeCnDg@h@g@b@cAp@iB`ASJIDGHIHEHCHYlA?BCvA?P@P@RDRThAf@~Br@|CnB|INn@nBxIR|@vAlGtAxDbCzFbCdFbAjBb@x@bAjBnCrD|CfEjDpDxFdFfMjJzBxA`CrAtBfAtDrBtG`Dn@R~FjBlGhAdE\xDDvEOnE[hOcClImApBYzRuF^OZSPMNQNUj@{ARg@POPMLINEP@RBTLVXJXFVDVDX@\?ZAtDA|@AZA\ETW~@MZk@Va@@OCWOMOMUIOi@w@a@So@E{Lh@qAFsFj@sInAeOdCoE`@cFJwDImE]eGaAaGiBs@W_HeDkDqBuBiAcCcB}B_BqFsDiF{DkFqEoD{DaDeE}BqDmAkBc@y@wAuCoEsJuBoF_AqCo@wA_AuCqA}DOc@}BiHwAmEQa@Uu@K]MYKWGMGKGIGIGGEEMIOKc@SEAc@e@OUGQEOEQAMAOAQ?S@O@O?GDQFWFWFOFMrAuBHKFGFGHGHGJCHAH?H?H@JDt@NZLPBLBR@NANCLEJGZSjAy@`A_A`AkAb@o@\Ut@gALKJ?FJJ`@BNDV?L?PG`BAP?P?P?P@RJfDi@NDlA?HCFG@K@KBCC??
WF2 0GU,10,81,The Bay Horse → Main Street Fisheries → The Bay Horse,1,525,140,2min,qh{fInqkHPRMVS^Up@EPw@pCa@lCg@iDCQKy@]cCZNJ@Be@a@M??`@LCd@ZDZ@L?n@Al@AR_@LWQS
WF2 0GU,10,82,The Blue Light → The New Albion → The Blue Light,1,339,103,1min,udufI~cjHIWHIt@sA|AmCRb@U`@CCAAGJ??FK@@BBTa@Sc@}AlCu@rAIHHV
WF2 0GU,10,83,The Dental Studio → St Michaels Church → The Dental Studio,1,1281,226,3min,go{fI|`mH?GBoD?GBaE?U@yABw@B{@Bq@Bo@FeA@SDu@y@BeAZWTUV}@p@}@f@AI{DbAGXNfANTHFFn@Go@IGOUOgAFYtA_@dBc@@H|@g@|@q@TWVUdA[x@CEt@ARGdACn@Cp@Cz@Cv@AxA?TC`E?FCnD?F
WF2 0GU,10,84,The Eagle → Flanshaw Lodge → The Eagle,1,532,121,2min,u`tfIfsjH@ARQDC??`@YRQXSPWZi@HOLW^u@FNHRDPDVUJmAhADd@Lb@?AMa@Ee@lAiATKEWEQISGO_@t@MVIN[h@QVYRSPa@X??EBSPA@
WF2 0GU,10,85,The Glynn Living → Royal Spice → The Glynn Living,1,555,98,1min,}nvfInzfHuA`Bc@b@a@VOFMr@Or@Gh@?f@B^J^Tn@FNNOVYa@g@`@f@WXONGOUo@K_@C_@?g@Fi@FWF[Ls@NG`@Wb@c@tAaB
WF2 0GU,10,86,The Lawrence → tillybods → The Lawrence,1,692,99,1min,wjxfIfhhHVl@JQlAuBtA_CV_@BC^i@~BdBTN\Tj@^G^I@WQODLu@]UUO_CeBILUZCBW^uA~BmAtBKPWm@
WF2 0GU,10,87,The Malt Shovel → Carr Gate WMC → The Malt Shovel,1,311,88,1min,ysyfIvxiHb@Qj@WCoBGmAq@LJr@Ks@p@M@PDz@BnBk@Vc@P
WF2 0GU,10,88,The Mens Room → St Michaels Church → The Mens Room,1,1306,228,3min,io{fIbbmH@m@BoD?GBaE?U@yABw@B{@Bq@Bo@FeA@SDu@y@BeAZWTUV}@p@}@f@AI{DbAGXNfANTHFFn@Go@IGOUOgAFYtA_@dBc@@H|@g@|@q@TWVUdA[x@CEt@ARGdACn@Cp@Cz@Cv@AxA?TC`E?FCnDAl@
WF2 0GU,10,89,The New Albion → The Blue Light → The New Albion,1,405,118,1min,q`ufIf~iHFK@@BBTa@Sc@}AlCu@rAIHHVN`@ADCDSRRSBE@EYy@HIt@sA|AmCRb@U`@CCAAGJ
WF2 0GU,10,90,The New Pot Oil → The Well Church (Elim Pentecostal) → The New Pot Oil,1,453,58,0min,_~vfIf{hHODI@UBc@EMNWNINKZI\ITi@XMNEPG^EZOEQCG?USMOReADUj@cDf@TzB^b@DTCHANE
WF2 0GU,10,91,The New Wheel → The Well Church (Elim Pentecostal) → The New Wheel,1,359,55,0min,mawfIf{hHXDMNWNINKZI\ITi@XMNEPG^EZOEQCG?USMOReADUj@cDf@T`BX
WF2 0GU,10,92,The Quad → Vic's Cafe → The Quad,1,3238,159,2min,gtxfIbufHFYfBcGzAgE|A_Ex@iBt@yAfBcDf@u@v@gAr@}@|@gA|@w@lB{AnBkAfBw@jBk@dBY|AQT?N@RDRFNFL@JAJCLULKPEPFNLFNDRBX?ZETGTMPSHSCMGKQEOCIIQMOOOUIQESEWA_BPaB^iBh@gBr@kBlAmBvA{@z@{@|@w@`Aq@dAi@v@gB`Ds@vAu@bBaB|DqAzDiBhG}BzIUvAaA|GyAdK?\?`@DLBL?N?LCLCHGLIFG@G?GCECEGEIAIAIAM?MBODKBIDEJELaALy@Bq@B]l@mEHOHMBQ~@sGVoAlBiI
WF2 0GU,10,93,The Star Inn → Lindale Methodist Church → The Star Inn,1,801,109,1min,}wwfIfknHr@`ANSh@m@xA{AMc@Om@]}CE]Kq@SyA[NiAp@m@^GP?J?D?JDVFJLDHAHGFOBQA]Co@hAq@ZORxAJp@D\NrALhANl@Lb@yAzAi@l@ORs@aA
WF2 0GU,10,94,The Well Church (Elim Pentecostal) → Wrenthorpe Dental Care → The Well Church (Elim Pentecostal),1,693,140,2min,cgwfIz~hHj@cDf@TzB^b@DTCHAXINEDjBF|@WDYFI@kARLA|@QHAXGVEG}@EkBODYHI@UBc@E{B_@g@Uk@bD
WF2 0GU,10,95,The Wheel → Wrenthorpe Club → The Wheel,1,405,74,1min,k`xfIb|gHgAzA~BdBTN\Tj@^G^I@??WQODLu@]UUO_CeBfA{A
WF2 0GU,10,96,The Wren Cafe → Conroyds Fish and Chips → The Wren Cafe,1,962,121,2min,exvfInhhHDMVq@Pc@Ds@VPt@v@PT]xAY|@o@dBUl@GRy@nDEJW|@MTORYR_@LODYHI@UBc@E{B_@g@UGIn@}DL{@@AH_@Po@PJXLn@VJLf@v@T\JHDBH?FADIHSpAeFJ_@Rk@Pc@
WF2 0GU,10,97,tillybods → Wrenthorpe Club → tillybods,1,320,56,0min,}bxfIl_hHHM~BdBTN\Tj@^G^I@??WQODLu@]UUO_CeBIL
WF2 0GU,10,98,Total Fitness → Silkwood Farm → Total Fitness,1,2062,312,5min,o{sfIpemH^XBB@D@NCNGNABEHGLWhAOp@AJQn@GVELELQf@Q`@GHMTMNIHEDOHEBEFEDIPANENGHWFECIIEMCOAQBQDOBCJ[BMBMBM@a@JgABYJy@Fe@Ha@ReAJe@zAcH@K?G?EAa@CQEUAMEIKU{BaCo@{@IVKZYp@mA~FnB~ALo@VR\ZPaA??Q`A][WSMn@oB_BlA_GXq@J[HWn@z@zB`CLJD@D?LEDAJEF?B?HF@BDHDN@RAPEPGLIDK@OFEHEJ{AbHKd@SdAI`@Gd@Kx@CXKfAA`@?LBNBP??FTBBLDH@F@D?NIDEHILOLUFIPa@Pg@DMDMFWPo@@KNq@ViAD]DIDIHIAOAECC_@Y
WF2 0GU,10,99,Toyota Vantage → Shell Select → Toyota Vantage,1,911,189,3min,grsfIz|lHTeAAECCC?ELUlACDOl@IX]JILQdALFJDv@l@TJb@Fn@OSz@Qb@[z@[x@c@hAIPWj@Kb@q@xBG[?K@QJS`@w@@[Ea@BS@CHU@C??RATZb@iAD_@\_ABQA_@q@gAw@m@KEMGPeAHM\KHYNm@BETmADMB?BB@DUdA
WF2 0GU,10,100,Valley Cresent Day Centre → Conroyds Fish and Chips → Valley Cresent Day Centre,1,962,121,2min,gxvfInhhHFMVq@Pc@Ds@VPt@v@PT]xAY|@o@dBUl@GRy@nDEJW|@MTORYR_@LODYHI@UBc@E{B_@g@UGIn@}DL{@@AH_@Po@PJXLn@VJLf@v@T\JHDBH?FADIHSpAeFJ_@Rk@Nc@
WF2 0GU,10,101,Vic's Cafe → The Quad → Vic's Cafe,1,2836,125,2min,{zxfIpkgHHMBQ~@sGVoAlBiIFYfBcGzAgE|A_Ex@iBt@yAfBcDf@u@v@gAr@}@|@gA|@w@lB{AnBkAfBw@jBk@dBY|AQT?N@RDRFNFL@JAJCLULKPEPFNLFNDRBX?ZETGTMPSHSCMGKQEOCIIQMOOOUIQESEWA_BPaB^iBh@gBr@kBlAmBvA{@z@{@|@w@`Aq@dAi@v@gB`Ds@vAu@bBaB|DqAzDiBhG}BzIUvAaA|GSCIL
WF2 0GU,10,102,"Village Hall, Kirkhamgate → The Star Inn → Village Hall, Kirkhamgate",1,524,97,1min,gswfInbnHRhBNl@Lb@yAzAi@l@ORs@aAKMAu@F]?IOs@Nr@?HG\@t@~@nANSh@m@xA{AMc@Om@SiB
WF2 0GU,10,103,Village Stores → Outwood Primary Academy Kirkhamgate → Village Stores,1,911,166,2min,opwfI`bnHl@]^vBe@b@URw@v@Mc@Om@]}CE]Kq@SyACK?AOkA_@qCcAf@[yAJIKHZxAbAg@^pCNlABJRxAJp@D\\|CNl@Lb@v@w@TSd@c@_@wBm@\
WF2 0GU,10,104,Wakefield Flanshaw Junior and Infant School → West Villa → Wakefield Flanshaw Junior and Infant School,1,553,76,1min,oqtfI~lhHa@lCGn@Ml@a@tB[~AMn@c@nBwA_Bx@qCnApAZ_B`@uBLm@Fo@`@mC
WF2 0GU,10,105,War Memorial → The Star Inn → War Memorial,1,414,87,1min,crwfIfgnHLb@yAzAi@l@ORs@aAKMAu@F]?IOs@Nr@?HG\@t@~@nANSh@m@xA{AMc@
WF2 0GU,10,106,War memorial in Kirkhamgate. → The Star Inn → War memorial in Kirkhamgate.,1,398,86,1min,{qwfIzgnHDNyAzAi@l@ORs@aAKMAu@F]?IOs@Nr@?HG\@t@~@nANSh@m@xA{AEO
WF2 0GU,10,107,"War Memorial, Kirkhamgate → The Star Inn → War Memorial, Kirkhamgate",1,404,78,1min,gqwfI|gnHMLyAzAi@l@ORs@aAKMAu@F]?IOs@Nr@?HG\@t@~@nANSh@m@xA{ALM
WF2 0GU,10,108,"War Memorial on Batley Road, Kirkhamgate → The Star Inn → War Memorial on Batley Road, Kirkhamgate",1,404,78,1min,gqwfI|gnHMLyAzAi@l@ORs@aAKMAu@F]?IOs@Nr@?HG\@t@~@nANSh@m@xA{ALM
WF2 0GU,10,109,West Ardsley Book Exchange → Hill Top Primary Academy → West Ardsley Book Exchange,1,1795,233,3min,qszfIvyqHTHj@RlEhBPFzAp@pBx@pBv@fAd@n@^d@b@eFbNGNm@dBo@|Ay@|BSh@S[EAIAKAGIo@cAOU??NTn@bAFHJ@H@D@RZRi@x@}Bn@}Al@eBFOdFcNe@c@o@_@gAe@qBw@qBy@{Aq@QGmEiBk@SUI
WF2 0GU,10,110,West Ardsley Community Centre → West Ardsley Methodist Church → West Ardsley Community Centre,1,1207,224,3min,qizfIb_sHFMV^S`@D@RZRi@x@}Bn@}Al@eBFOdFcNe@c@o@_@gAe@NaB|@h@PBJMKLA?OC}@i@O`BfAd@n@^d@b@eFbNGNm@dBo@|Ay@|BSh@S[EAIAKAGIPe@
WF2 0GU,10,111,West Ardsley Methodist Church → West Ardsley Community Centre → West Ardsley Methodist Church,1,1188,192,3min,q}yfIvarHOC}@i@O`BfAd@n@^d@b@eFbNGNm@dBo@|Ay@|BSh@S[EAIAKAGIPe@FMV^S`@D@RZRi@x@}Bn@}Al@eBFOdFcNe@c@o@_@gAe@NaB|@h@NB
WF2 0GU,10,112,West Villa → Wakefield Flanshaw Junior and Infant School → West Villa,1,521,93,1min,sutfIp|hHLo@Z_B`@uBLm@Fo@`@mCf@mD\T]UiAzHGn@Ml@a@tB[~AMn@
WF2 0GU,10,113,West Yorkshire Police Bishopgarth House → West Yorkshire Police Learning & Development Centre → West Yorkshire Police Bishopgarth House,1,9946,536,8min,{uyfIxzjH??JCJAFABG?IEmAh@OKgDAS?Q?Q?Q@QFaB?Q?MEWOIGCI?ODeCnDg@h@g@b@cAp@iB`ASJIDGHIHEHCHYlA?BCvA?P@P@RDRThAf@~Br@|CnB|INn@nBxIR|@vAlGtAxDbCzFbCdFbAjBb@x@bAjBnCrD|CfEjDpDxFdFfMjJzBxA`CrAtBfAtDrBtG`Dn@R~FjBlGhAdE\xDDvEOnE[hOcClImApBYzRuF^OZSPMNQNUj@{ARg@POPMLINEP@RBTLVXJXFVDVDX@\?ZAtDA|@AZA\ETW~@MZk@Va@@OCWOMOMUIOi@w@a@So@E{Lh@qAFsFj@sInAeOdCoE`@cFJwDImE]eGaAaGiBs@W_HeDkDqBuBiAcCcB}B_BqFsDiF{DkFqEoD{DaDeE}BqDmAkBc@y@wAuCoEsJuBoF_AqCo@wA_AuCqA}DOc@}BiHwAmEQa@Uu@K]MYKWGMGKGIGIGGEEMIOKc@SEAc@e@OUGQEOEQAMAOAQ?S@O@O?GDQFWFWFOFMrAuBHKFGFGHGHGJCHAH?H?H@JDt@NZLPBLBR@NANCLEJGZSjAy@`A_A`AkAb@o@\Ut@gALKJ?FJJ`@BNDV?L?PG`BAP?P?P?P@RJfDi@NDlA?HCFG@K@KB??
WF2 0GU,10,114,West Yorkshire Police Learning & Development Centre → Cardigan House → West Yorkshire Police Learning & Development Centre,1,935,297,4min,cyyfInrkHE@JxC@HDDF@DAh@GHC?J@J@HBPBHBLFHTd@BDF?^EJCXECa@KyCG_BCs@CgA?YAM@E?G?MFSJOFIFETABRFXHALKx@h@??DU@GAFETy@i@MJI@GYCSQVEDGDIJGLGD?FAD@L?XBfABr@F~AJxCB`@YDKB_@DG?CEUe@GICMCICQAIAK?KIBi@FE@GAEEAIKyCDA
WF2 0GU,10,115,White Rose Sandwich Co. → BP Manor Service Station → White Rose Sandwich Co.,1,459,83,1min,yl{fIr~kHe@}CCQKy@]cCZNJ@ZDZ@L?n@Al@AR_@f@dAOZGN_AMw@pCa@lCAK
WF2 0GU,10,116,Wrenthorpe Academy → Hong Kong Vegan → Wrenthorpe Academy,1,2580,260,4min,cqwfI`chHIRCHc@~AYbA[~@k@{@[YaBqA}@o@k@_@]UUO_CeBvB{Cr@_Ar@w@l@e@n@a@dBcADAt@g@b@Yp@_@d@UTMrBcAtBmAJI^Qh@UdBi@TORQVYz@}@\Yr@]ZETCp@A`@?\?`@EZOMr@Or@Gh@?f@B^J^Tn@FNLZRp@Jb@DX@l@@p@@`@@L?NHv@L`A@JB\@Z?r@Ad@En@Gl@WdBG\KhAMt@]xAY|@o@dBUl@aAbEEJW|@MTORYR_@LODYHI@UBc@E{B_@g@UGIY[[U}@a@GC}@a@]OQIOOcAaBS[e@s@]g@u@kAZ_AXcAb@_BBIHS
WF2 0GU,10,117,Wrenthorpe Club → Declans → Wrenthorpe Club,1,571,109,1min,e|wfIlehHHAF_@k@_@]UUOqAaAm@c@qA_Ak@_@IIZyAGOIUHTFN[xAHHj@^pA~@~BdBTN\Tj@^G^I@
WF2 0GU,10,118,Wrenthorpe Dental Care → The Well Church (Elim Pentecostal) → Wrenthorpe Dental Care,1,731,119,1min,q`wfIhaiH|@QHAXGVEG}@EkBODYHI@UBc@EMNWNINKZI\ITi@XMNEPG^EZOEQCG?USMOReADUj@cDf@TzB^b@DTCHAXINEDjBF|@WDYFI@}@P
WF2 0GU,10,119,Wrenthorpe Methodist Church → The Well Church (Elim Pentecostal) → Wrenthorpe Methodist Church,1,565,101,1min,whwfIvthHSf@GX|@`@ZTXZFHf@TzB^MNWNINKZI\ITi@XMNEPG^EZOEQCG?USMOReADUj@cDGIY[[U}@a@FYRg@
WF2 0GU,10,120,Wrenthorpe Park & Alverthorpe Meadows → Alverthorpe & Wrenthorpe Meadows LNR → Wrenthorpe Park & Alverthorpe Meadows,1,1035,203,3min,cnufIlxgHTSf@g@V|@`@vAVz@Tz@Tr@Td@PVRRRLXLXBX?f@OFbAV|DJpAo@QmCe@KE??JDlCd@n@PKqAW}DGcAg@NY?YCYMSMSSQWUe@Us@U{@W{@a@wAW}@g@f@UR
WF2 0GU,10,121,Wrenthorpe Post Office → The Wren Cafe → Wrenthorpe Post Office,1,962,121,2min,_xvfItqhHo@pCEJW|@MTORYR_@LODYHI@UBc@E{B_@g@UGIn@}DL{@@AH_@Po@PJXLn@VJLf@v@T\JHDBH?FADIHSpAeFJ_@Rk@Pc@DMVq@Pc@Ds@VPt@v@PT]xAY|@o@dBUl@Qp@
WF2 0GU,10,122,Wrenthorpe Potovens → The Well Church (Elim Pentecostal) → Wrenthorpe Potovens,1,567,76,1min,{|vfI|~hHCSEkBODYHI@UBc@EMNWNINKZI\ITi@XMNEPG^EZOEQCG?USMOReADUj@cDf@TzB^b@DTCHAXINEDjBBR
WF2 0GU,10,123,Wrenthorpe Village Hall → The Well Church (Elim Pentecostal) → Wrenthorpe Village Hall,1,652,100,1min,k~vfIt`iH@?XGVEG}@EkBODYHI@UBc@EMNWNINKZI\ITi@XMNEPG^EZOEQCG?USMOReADUj@cDf@TzB^b@DTCHAXINEDjBF|@WDYFA?
WF2 0GU,15,124,Al Fresco → The New Albion → The Blue Light → Al Fresco,2,556,176,2min,__ufIjuiHCj@APAPCl@E^GRKRBHRb@U`@CCAAGJ??FK@@BBTa@Sc@}AlCu@rAIHHVN`@ADCDSRRSBE@EYy@HIt@sA|AmCCIJSFSD_@Bm@@Q@QBk@
WF2 0GU,15,125,Alverthorpe Conservative Club → Pizza Ferrara → Al Fresco → Alverthorpe Conservative Club,2,844,199,3min,cbufI`_jH`AeBCI[o@c@_AGReAvCg@zAg@|AMZM\Nl@Rz@S{@Om@L]L[FS^iAf@{AdAwCFSb@~@Zn@JSFSD_@Bm@@Q@QBk@?Q@UBy@Cx@ATC|@APAPCl@E^GRKRBHaAdB
WF2 0GU,15,126,Alverthorpe Garage → Sun Bo → Kylies Sandwich Bar & Custom Cakes → Alverthorpe Garage,2,980,223,3min,cdufI`bjHb@w@|AmCCIJSFSGEi@}@BDd@v@FDGRKR[o@c@_AGReAvCg@zAg@|AMZM\]v@q@fBGLZl@P[QZ[m@FMPg@^_A\w@L]L[f@}Af@{AdAwCFSb@~@Zn@BH}AlCc@v@
WF2 0GU,15,127,Alverthorpe St Paul's CofE (VA) School → Pizza Ferrara → Alverthorpe Conservative Club → Alverthorpe St Paul's CofE (VA) School,2,1723,329,5min,unufId`jHBCBU@]Fe@AS?SCWE[HMFW@Y@q@A]DYFUDSJYHWDUDs@De@b@aAPm@JBFDx@nARVf@f@XZPJLDRFPBZHPFPHJJLT[v@c@pAGReAvCg@zAg@|AMZM\Nl@Rz@S{@Om@L]L[FS^iAf@{AdAwCFSb@~@Zn@BH}AlCOSNRZg@`AeBCI[o@c@_Ab@qAZw@MUKKQIQG[IQCSGMEQKY[g@g@SWy@oAGEKCQl@c@`AEd@Er@ETIVKXERGTEX@\Ap@AXGVILDZBV?R@RGd@A\CTCB
WF2 0GU,15,128,Alverthorpe Working Mens Club → The Eagle → Flanshaw Lodge → Alverthorpe Working Mens Club,2,963,161,2min,kltfIdrjHjB\^Lh@XXLPBN@X?RCB?XKPKJIXQ@ARQDC??`@YRQXSPWZi@HOLW^u@FNHRDPDVUJmAhADd@Lb@?AMa@Ee@lAiATKEWEQISGO_@t@MVIN[h@QVYRSPa@X??EBSP[RKHQJYJC?SBY?OAQCYMi@Y_@MkB]
WF2 0GU,15,129,Alverthorpe & Wrenthorpe Meadows LNR → Wrenthorpe Park & Alverthorpe Meadows → Silcoates School → Alverthorpe & Wrenthorpe Meadows LNR,2,7531,1013,16min,_gufIjlhHJDlCd@n@PKqAW}DGcAg@NY?YCYMSMSSQWUe@Us@U{@W{@a@wAW}@g@f@UR??TSf@g@V|@`@vAVz@Tz@Tr@Td@PVRRRLXLXBX?f@Od@M^MTKr@Sb@Q^M^Mf@Oh@OnA_@VIVGpBm@|Ac@OxAAJEf@g@jCKf@OfAiAzHGn@Ml@a@tB[~Aq@~Cq@zBCFSn@Uj@]~@Ul@Ob@i@lAk@vAg@hAKR[v@c@pAGReAvCg@zAg@|AMZM\]v@q@fBGL_@`As@fBs@hBwBvE}BrGW~@q@`Ce@rBW|@Qh@Wb@[^q@h@eBzA_AbAc@h@cAlBCHsAeC]u@k@qAQ]qAoCIQFSn@_GTaCN{Cd@cR@MJkARuA@UFa@Dk@D]BS@U?[C[GSOa@U_@}@aBVg@Dw@?s@?GFWFMPi@HQBQ?KESAG?E?KF]DYNa@`@eAKQGO?G?Md@sA??e@rA?L?FFNJPb@iABGBADADBDHBJ?@?F_B`EELAJAL@L?B@DFHFBDFBHFLDHDHBL@LAPA|@CZAXIhAGrACXCNMPFRBZ?ZATCRE\Ej@G`@ATStAKjAALe@bROzCU`Co@~FGRHPpAnCP\j@pA\t@rAdCBIbAmBb@i@~@cAdB{Ap@i@Z_@Vc@Pi@V}@d@sBp@aCV_A|BsGvBwEr@iBr@gB^aAFMp@gB\w@L]L[f@}Af@{AdAwCFSb@qAZw@JSf@iAj@wAh@mANc@Tm@\_ATk@Ro@BGp@{Bp@_DZ_B`@uBLm@Fo@hA{HNgAJg@f@kCDg@@KNyA}Ab@qBl@WFWHoA^i@NH`APpC?p@Aj@Ef@In@I`@KZCD]bAaCk@_AWo@QmCe@KE
WF2 0GU,15,130,Amazon DLS4 → Ossett Fire Station → Silkwood Farm → Amazon DLS4,2,636,221,3min,wktfIphmH^gBJHNJReAFUPJ@@@?@??CH_@??I^?BA?A?AAQKR_A@GVmAnB~ALo@VR\ZPaA??Q`A][WSMn@oB_BWlAAFS~@GTSdAOKKI_@fB
WF2 0GU,15,131,Ardsley House → BP Manor Service Station → Restyle Fitness → Ardsley House,2,1157,206,3min,mxzfIrfkHC@kAZcA\kB|@WPo@d@m@b@]\[`@a@j@_@l@MVf@dAOZGN_AMw@pCa@lCg@iDCQKy@]cCZNJ@Be@EA[K`@LCd@ZDZ@L?n@Al@AR_@LW^m@`@k@Za@\]l@c@n@e@VQjB}@bA]jA[BA
WF2 0GU,15,132,Blue Marlin Fisheries → Sun Bo → Kylies Sandwich Bar & Custom Cakes → Blue Marlin Fisheries,2,776,191,3min,oeufIp_jHZcAdAwCFSb@~@Zn@JSFSGEi@}@BDd@v@FDGRKR[o@c@_AGReAvCg@zAg@|AMZM\]v@q@fBGLZl@P[QZ[m@FMPg@^_A\w@L]L[f@}AJW
WF2 0GU,15,133,BP Manor Service Station → Methodist Church → Tania's Barbershop → BP Manor Service Station,2,1031,158,2min,ug{fI|ukHGN_AMw@pCa@lCg@iDCQIs@AE]cCg@a@[Yk@c@WOQK]O_@Oc@pDEb@A`@Ab@?\B\FjADv@Hx@Fr@Jp@Nj@Nf@R\XZXH\FdA[x@CLiAJqAJiA`@mCv@qC~@LFO
WF2 0GU,15,134,Cardigan House → West Yorkshire Police Learning & Development Centre → Driver Training Area → Cardigan House,2,17763,790,13min,kzyfId}kHj@fCR|@vAlGtAxDbCzFbCdFbAjBb@x@bAjBnCrD|CfEjDpDxFdFfMjJzBxA`CrAtBfAtDrBtG`Dn@R~FjBlGhAdE\xDDvEOnE[hOcClImApBYzRuF^OZSPMNQNUj@{ARg@POPMLINEP@RBTLVXJXFVDVDX@\?ZAtDA|@AZA\ETW~@MZk@Va@@OCWOMOMUIOi@w@a@So@E{Lh@qAFsFj@sInAeOdCoE`@cFJwDImE]eGaAaGiBs@W_HeDkDqBuBiAcCcB}B_BqFsDiF{DkFqEoD{DaDeE}BqDmAkBc@y@wAuCoEsJuBoF_AqCo@wA_AuCqA}DOc@}BiHwAmEQa@Uu@K]MYKWGMGKGIGIGGEEMIOKc@SEAc@e@OUGQEOEQAMAOAQ?S@O@O?GDQFWFWFOFMrAuBHKFGFGHGHGJCHAH?H?H@JD^\JNFJDLDLBPBN@N@P?P?P?P?BCvA?P@P@RDRThAf@~Br@|CnB|INn@nBxIR|@x@nD\|AtAxDbCzFbCdFbAjBb@x@bAjBnCrD|CfEjDpDxFdFfMjJzBxA`CrAtBfAtDrBtG`Dn@R~FjBlGhAdE\xDDvEOnE[hOcClImApBYzRuF^OZSPMNQNUj@{ARg@POPMLINEP@RBTLVXJXFVDVDX@\?ZAtDA|@AZA\ETW~@MZk@Va@@OCWOMOMUIOi@w@a@So@E{Lh@qAFsFj@sInAeOdCoE`@cFJwDImE]eGaAaGiBs@W_HeDkDqBuBiAcCcB}B_BqFsDiF{DkFqEoD{DaDeE}BqDmAkBc@y@wAuCoEsJuBoF_AqCo@wA_AuCqA}DOc@}BiHwAmEQa@Uu@K]MYKWGMGKGIGIGGEEMIOKc@SEAc@e@OUGQEOEQAMAOAQ?S@O@O?GDQFWFWFOFMrAuBHKFGFGHGHGJCHAH?H?H@JD^\JNFJDLDLBPBN@N@P?P?P?P?BCvA?P@P@RDRThAf@~Br@|CnB|IrA`G
WF2 0GU,15,135,Carr Gate Garden Centre → Tardis → The Malt Shovel → Carr Gate Garden Centre,2,4284,485,8min,}hzfIdjjHs@xAWk@[u@`@eBV{@p@m@d@SjBo@|@_@fCgApAi@pBy@HEDChAe@d@Sf@Sj@Wh@UZId@QEo@?_@BYDc@FYJa@R_@PS^YjBcAj@YPIrBkAnB_APIJf@@L?LENc@n@W`@W`@SXo@jASZ}@dBgBjD{@xAw@~@}EnHOTa@n@J`@BNDV?L?PG`BAP?P?P?P@RJfDi@NG_BIgCAYAOEECAEHIJKNCD@^FxBDrB@f@DRDF??BBJCJAFABG?IEmAh@OKgDAS?Q?Q?Q@QFaB?Q?MEWOIGCI?ODeCnDg@h@g@b@cAp@iB`ASJIDGHIHEHCHYlA?BOt@ETELEHGJcBvBGHIHIDIBIBI@K?OAEAc@e@OUGQEOEQAMAOAQ?S@O@O?GDQFWFWFOFMrAuBHKFGFGHGHGJCHAH?H?H@JDt@NZLPBLBR@NANCLEJGZSjAy@`A_A`AkAb@o@pB}CbCqDFM^_AVe@L_@FYDY@W@YAYMoAe@P[Hi@Tk@Vc@PC@e@RiAd@EBIDqBx@qAh@gCfA}@^kBn@e@Rq@l@Wz@a@dBZt@Vj@r@yA
WF2 0GU,15,136,Carr Gate WMC → The Malt Shovel → Gardener's Retreat Restaurant → Carr Gate WMC,2,1207,150,2min,sqyfI`riHDz@BnBk@Vc@PC@e@RiAd@EBIDqBx@qAh@gCfA}@^_Bh@KDe@Rq@l@Wz@a@dBIf@Hg@`@eBV{@p@m@d@SjBo@|@_@fCgApAi@pBy@HEDChAe@d@Sf@Sj@WCoBE{@
WF2 0GU,15,137,Chantry Vets → Sun Bo → Kylies Sandwich Bar & Custom Cakes → Chantry Vets,2,860,219,3min,ofufIr}iHFGHILSFHRTdAwCFSb@~@Zn@JSFSGEi@}@BDd@v@FDGRKR[o@c@_AGReAvCg@zAg@|AMZM\]v@q@fBGLZl@P[QZ[m@FMPg@^_A\w@L]L[f@}Af@{ASUGIMRIHGF
WF2 0GU,15,138,China And Thai Express → BP Manor Service Station → Restyle Fitness → China And Thai Express,2,906,208,3min,sm{fId{kHKo@CQKy@]cCZNJ@ZDZ@L?n@Al@AR_@f@dAOZGN_AMw@pCa@lCg@iDCQKy@]cCZNJ@Be@EA[K`@LCd@ZDZ@L?n@Al@AUp@EPw@pCa@lC[yB
WF2 0GU,15,139,Conroyds Fish and Chips → The Wren Cafe → The New Pot Oil → Conroyds Fish and Chips,2,962,133,2min,uwvfIvphHFSTm@n@eBX}@\yAQUu@w@WQEr@Qb@Wp@ELQb@Sj@K^qAdFIREHG@I?ECKIU]g@w@KMo@WYMQKQn@I^A@Mz@o@|DFHf@TzB^b@DTCHANEHCNE^MXSNSLUV}@DKx@oD
WF2 0GU,15,140,Country Kitchen → Outwood Primary Academy Kirkhamgate → The Star Inn → Country Kitchen,2,1094,201,3min,sowfIhfnHIHw@v@Mc@Om@]}CE]Kq@SyACK?AOkA_@qCcAf@[yAJIKHZxAbAg@^pCNlABJRxAJp@D\\|CNl@Lb@yAzAi@l@ORs@aAKMAu@F]?IOs@Nr@?HG\@t@~@nANSh@m@xA{Av@w@HI
WF2 0GU,15,141,Curry Pot → Blue Marlin Fisheries → Mill View Stores → Curry Pot,2,639,148,2min,kaufIfviHYx@GReAvCg@zAGIWKVJFHJWZcAdAwCFSb@~@Zn@BHRb@HTNVLVLVTfAj@Sk@RESOs@MWMWOWIUSc@CI[o@c@_AXy@
WF2 0GU,15,142,Cyrus Guys → St Michaels Church → R H Binks And Sons → Cyrus Guys,2,1816,292,4min,io{fIjbmH@u@BoD?GBaE?U@yABw@B{@Bq@Bo@FeA@SDu@y@BeAZWTUV}@p@}@f@AI{DbAGXNfANTHFFn@Go@IGOUOgAFYtA_@dBc@@H|@g@|@q@TWVUdA[x@CLiAFy@NaB`@mCv@qCDQTq@R_@f@dAWj@_AMw@pCa@lCWzCMhAEt@ARGdACn@Cp@Cz@Cv@AxA?TC`E?FCnDAt@
WF2 0GU,15,143,Declans → Wrenthorpe Club → The Lawrence → Declans,2,856,150,2min,eaxfIb`hHpA`ATN\Tj@^G^I@??WQODLu@]UUO_CeB_@h@CBW^uA~BmAtBKPe@iAIUEO?O@OBSZm@DED@HNIOEAED[l@CRAN?NDNHTLZVl@JQlAuBtA_CV_@BC^i@l@b@
WF2 0GU,15,144,Driver Training Area → Cardigan House → West Yorkshire Police Learning & Development Centre → Driver Training Area,2,17763,790,13min,qvyfIzhlH\|AtAxDbCzFbCdFbAjBb@x@bAjBnCrD|CfEjDpDxFdFfMjJzBxA`CrAtBfAtDrBtG`Dn@R~FjBlGhAdE\xDDvEOnE[hOcClImApBYzRuF^OZSPMNQNUj@{ARg@POPMLINEP@RBTLVXJXFVDVDX@\?ZAtDA|@AZA\ETW~@MZk@Va@@OCWOMOMUIOi@w@a@So@E{Lh@qAFsFj@sInAeOdCoE`@cFJwDImE]eGaAaGiBs@W_HeDkDqBuBiAcCcB}B_BqFsDiF{DkFqEoD{DaDeE}BqDmAkBc@y@wAuCoEsJuBoF_AqCo@wA_AuCqA}DOc@}BiHwAmEQa@Uu@K]MYKWGMGKGIGIGGEEMIOKc@SEAc@e@OUGQEOEQAMAOAQ?S@O@O?GDQFWFWFOFMrAuBHKFGFGHGHGJCHAH?H?H@JD^\JNFJDLDLBPBN@N@P?P?P?P?BCvA?P@P@RDRThAf@~Br@|CnB|IrA`Gj@fCR|@vAlGtAxDbCzFbCdFbAjBb@x@bAjBnCrD|CfEjDpDxFdFfMjJzBxA`CrAtBfAtDrBtG`Dn@R~FjBlGhAdE\xDDvEOnE[hOcClImApBYzRuF^OZSPMNQNUj@{ARg@POPMLINEP@RBTLVXJXFVDVDX@\?ZAtDA|@AZA\ETW~@MZk@Va@@OCWOMOMUIOi@w@a@So@E{Lh@qAFsFj@sInAeOdCoE`@cFJwDImE]eGaAaGiBs@W_HeDkDqBuBiAcCcB}B_BqFsDiF{DkFqEoD{DaDeE}BqDmAkBc@y@wAuCoEsJuBoF_AqCo@wA_AuCqA}DOc@}BiHwAmEQa@Uu@K]MYKWGMGKGIGIGGEEMIOKc@SEAc@e@OUGQEOEQAMAOAQ?S@O@O?GDQFWFWFOFMrAuBHKFGFGHGHGJCHAH?H?H@JD^\JNFJDLDLBPBN@N@P?P?P?P?BCvA?P@P@RDRThAf@~Br@|CnB|INn@nBxIR|@x@nD
WF2 0GU,15,145,DVSA Wakefield Test Center → Silkwood Farm → Total Fitness → DVSA Wakefield Test Center,2,2258,385,6min,oetfIremH@E?C?EA_@LEBABA@CTgALo@VR\ZPaA??Q`A][WSMn@oB_BlA_GXq@J[HWn@z@zB`CLJD@D?LEDAJEF?B?HF@BDHDN@RAPEPGLIDK@OFEHEJ{AbHKd@SdAI`@Gd@Kx@CXKfAA`@?LBNBP??FTBBLDH@F@D?NIDEHILOLUFIPa@Pg@DMDMFWPo@@KNq@ViAD]DIDIHIAOAECC_@Y_Aw@~ApABB@D@NCNGNABEHGLWhAOp@AJQn@GVELELQf@Q`@GHMTMNIHEDOHEBEFEDIPANENGHWFECIIEMCOAQBQDOBCJ[BMBMBM@a@JgABYJy@Fe@Ha@ReAJe@zAcH@K?G?EAa@CQEUAMEIKU{BaCo@{@IVKZYp@mA~FnB~AUfAABC@C@MD@^?D?BAD
WF2 0GU,15,146,East Ardsley Community Centre → Main Street Fisheries → China And Thai Express → East Ardsley Community Centre,2,978,194,3min,m}{fIzjkHNLpBd@TJnAl@^N\NPJVNj@b@ZXf@`@ZNJ@Be@a@M??`@LCd@ZDZ@L?n@Al@AUp@EPw@pCa@lC[yBKo@CQKy@]cCg@a@[Yk@c@WOQK]O_@OoAm@UKqBe@OM
WF2 0GU,15,147,East Ardsley Conservative Club → BP Manor Service Station → East Ardsley Express → East Ardsley Conservative Club,2,1533,307,5min,mo{fI`zkHB?d@]Ky@]cCZNJ@ZDZ@L?n@Al@AR_@f@dAOZGN_AMw@pCa@lCg@iDCQKy@]cCg@a@[Yk@c@WOQK]O_@OoAm@UKqBe@@TJrAJpAKqAKsAAUfAVh@LTJnAl@^N\NPJVNj@b@ZXf@`@ZNJ@ZDZ@L?n@Al@AUp@EPw@pCa@lCg@iDCQe@\C?
WF2 0GU,15,148,East Ardsley Express → Main Street Fisheries → China And Thai Express → East Ardsley Express,2,876,179,2min,uz{fI`lkHh@LTJnAl@^N\NPJVNj@b@ZXf@`@ZNJ@Be@a@M??`@LCd@ZDZ@L?n@Al@AUp@EPw@pCa@lC[yBKo@CQKy@]cCg@a@[Yk@c@WOQK]O_@OoAm@UKi@M
WF2 0GU,15,149,East Ardsley Luncheon Club → Main Street Fisheries → China And Thai Express → East Ardsley Luncheon Club,2,980,208,3min,y|{fIjlkHAKAUpBd@TJnAl@^N\NPJVNj@b@ZXf@`@ZNJ@Be@a@M??`@LCd@ZDZ@L?n@Al@AUp@EPw@pCa@lC[yBKo@CQKy@]cCg@a@[Yk@c@WOQK]O_@OoAm@UKqBe@@T@J
WF2 0GU,15,150,East Ardsley Post Office → BP Manor Service Station → Main Street Fisheries → East Ardsley Post Office,2,831,178,2min,_m{fIv`lHFw@`@mCv@qCDQTq@R_@f@dAOZGN_AMw@pCa@lCg@iDCQKy@]cCZNJ@Be@a@M??`@LCd@ZDZ@L?n@Al@AUp@EPw@pCa@lCGv@
WF2 0GU,15,151,Esso → Toyota Vantage → Total Fitness → Esso,2,1976,353,5min,ersfIhmmHSj@QJSYHQb@iAD_@\_ABQA_@q@gAw@m@KEMGPeAHM\KHYNm@BETmADMB?BB@DYtABOTeAAECCC?ELUlACDOl@IX]JILQdAo@_@e@e@[_@SU_@m@KMEECAKCIDK@OFEHEJ{AbHKd@SdAI`@Gd@Kx@CXKfAA`@?LBNBP??FTBBLDH@F@D?NIDEHILOLUFIPa@Pg@DMDMFWPo@@KNq@ViAD]DIDIHIAOAECC_@Y_Aw@~ApABB@D@NCNGNABEHGLWhAOp@AJQn@GVELELQf@Q`@GHMTMNIHEDOHEBEFEDIPANEN?\?B?HBRH\DLFNVf@HN^j@VPLDD@B?B?NEzCuHPg@Rc@JS`@w@TWVk@HQb@iAHLH^GN
WF2 0GU,15,152,Flanshaw Lodge → The Eagle → Alverthorpe Working Mens Club → Flanshaw Lodge,2,1341,204,3min,u{sfIzrjHMa@Ee@lAiATKEWEQISGO_@t@MVIN[h@QVYRSPa@X??EBSPA@YPKHQJYJC?SBY?OAQCYMi@Y_@MkB]s@Oc@Kc@MGAu@YQMKKn@{DD^i@fDPLt@XF@b@Lb@J~Cl@^Lh@XXLPBN@X?RCB?XKPKJIZSRQDC??`@YRQXSPWZi@HOLW^u@FNHRDPDVUJmAhADd@L`@
WF2 0GU,15,153,Flanshaw United Reformed Church → Alverthorpe Working Mens Club → GJH Commercial Vehicle Services Ltd → Flanshaw United Reformed Church,2,2526,387,6min,k}sfIttjHe@MMBGACGESG]EBSP[RKHQJYJC?SBY?OAQCYMi@Y_@MkB]s@Oc@Kc@MGAu@YQMKKn@{DD^i@fDPLt@XF@b@Lb@J~Cl@AfD?nCAr@?lAA|C?V?XErK?H?hA?|@AjAB`AFr@BRcAb@KBSDYBYBWAeACo@A?{A?M@uBm@?M?EBCH?d@BHDDZ?[?EECI?e@BIDCL?V?T?AtB?L?zAn@@dABV@XCXCREJCbAc@CSGs@CaA@kA?}@?iA?IDsK?Y?W@}C?mA@s@?oC@gD^Lh@XXLPBN@X?RCB?XKPKJIZSRQDCF\DRBFF@LCd@L
WF2 0GU,15,154,Fusion Hair Studio → St Michaels Church → R H Binks And Sons → Fusion Hair Studio,2,1803,299,4min,qn{fIv`mHUABoD?GBaE?U@yABw@B{@Bq@Bo@FeA@SDu@y@BeAZWTUV}@p@}@f@AI{DbAGXNfANTHFFn@Go@IGOUOgAFYtA_@dBc@@H|@g@|@q@TWVUdA[x@CLiAFy@NaB`@mCv@qCDQTq@R_@f@dAWj@_AMw@pCa@lCWzCMhAEt@ARGdACn@Cp@Cz@Cv@AxA?TC`E?FCnDT@
WF2 0GU,15,155,Gardener's Retreat Restaurant → The Malt Shovel → Tardis → Gardener's Retreat Restaurant,2,3868,409,6min,ggzfIrbjH~Ai@|@_@fCgApAi@pBy@HEDChAe@d@SBAb@Qj@Wh@UZId@QEo@?_@BYDc@FYJa@R_@PS^YjBcAj@YPIrBkAnB_APIJf@@L?LENc@n@W`@W`@SXo@jASZ}@dBgBjD{@xAw@~@}EnHOTa@n@J`@BNDV?L?PG`BAP?P?P?P@RJfDi@NG_BIgCAYAOEECAEHIJKNCD@^FxBDrB@f@DRDF??BBJCJAFABG?IEmAh@OKgDAS?Q?Q?Q@QFaB?Q?MEWOIGCI?ODeCnDg@h@g@b@cAp@iB`ASJIDGHIHEHCHYlA?BOt@ETELEHGJcBvBGHIHIDIBIBI@K?OAEAc@e@OUGQEOEQAMAOAQ?S@O@O?GDQFWFWFOFMrAuBHKFGFGHGHGJCHAH?H?H@JDt@NZLPBLBR@NANCLEJGZSjAy@`A_A`AkAb@o@pB}CbCqDFM^_AVe@L_@FYDY@W@YAYMoAe@P[Hi@Tk@Vg@Re@RiAd@EBIDqBx@qAh@gCfA}@^_Bh@
WF2 0GU,15,156,GJH Commercial Vehicle Services Ltd → Alverthorpe Working Mens Club → Ossett Fire Station → GJH Commercial Vehicle Services Ltd,2,2855,421,7min,wrtfIvykHT?AtB?L?zAn@@dABV@XCXCREJCbAc@CSGs@CaA@kA?}@?iA?IDsK?Y?W@}C?mA@s@?oC@gDkB]s@Oc@Kc@MGAu@YQMKKn@{DD^i@fDPLt@XF@b@Lb@J~Cl@AfD?nCAr@?lAA|C?V?XErK?H?hA?|@AjAB`AFr@BR^jBLl@JdAFrAJ`BVtAV`AVj@Rb@IVKZYp@mA~FWlAAFS~@PJ@@@?@??CH_@??I^?BA?A?AAQKR_A@GVmAlA_GXq@J[HWSc@Wk@WaAWuAKaBGsAKeAMm@_@kBcAb@KBSDYBYBWAeACo@A?{A?M@uBU?
WF2 0GU,15,157,Hall Cliffe Primary School → Wrenthorpe Potovens → Jerry Clay Academy → Hall Cliffe Primary School,2,4095,409,6min,ayvfIrpiHYC[YM??iB?u@?e@CoACq@Ee@Mg@Mm@Gi@Ci@CSEkBODYHI@UBc@E{B_@g@UGIY[[U}@a@GC}@a@]OQIOOcAaBS[e@s@]g@u@kAk@{@[YaBqA}@o@k@_@]UUO_CeB_@h@CBW^uA~BmAtBKPq@hAGHq@jAaAdBSb@oBxD_AhBcA|AKLCDu@~@}@|@a@XCB_@RJf@@L?LENc@n@W`@fAxEf@|BVjAXt@DJTf@hA`CN`@HRDP@VC^Gb@Id@Mt@IhAE`BBt@LpAb@nDB\^lE^fEHjA\zAlApDbCtIjOi]xHgQjFuL`@aATk@DKDKRc@`@y@Pe@JU^y@`BoD\w@Zu@LYFIFGXSDCRQFEf@g@Lf@Dd@Bp@BnA?d@?t@?hBL?ZXXB
WF2 0GU,15,158,Highfield School → Ossett WMC → West Ardsley Methodist Church → Highfield School,2,13590,1231,20min,}wvfIbusHDb@Jf@Lv@Pp@Pn@L`@HVBD@J@PBP?V@`@?\?jBAdA?v@BZJVt@|Bb@xBJp@XfBLp@J\Rr@Rf@Td@FLPRPLh@\HHLJVk@NUXa@hA[rA_@RGz@Uh@MdAWTbAHVHJJDP@ZCXG\GZKZMZYTUhBoB`@YlA{@b@UdCuAh@@VPJKTSBC\]`@u@`AeCLm@Pu@ZwAPy@b@kBPq@j@cCJ]XeAJ[XcAT_AjBkGFQ|@{CVmAJe@l@iCVeAJq@H{@Do@Du@?e@?M?}@EgACq@QoFBsAJ}E@e@@gAF}B@_@@UD_ADuATcGLoCFwADiAXqGBYT_EJ_CJmF?i@AWAOKYUq@U_@mAqAc@OQAQ?_@LURW\O\Mj@I|@Bx@Dd@SRq@\{@Pa@?c@CsAKaBKw@IIKEQCIA_ACg@Q_BgAoI}@cIEy@SqEGo@Kk@Ou@Uq@Qk@Kc@Eg@Em@Co@Ea@Oo@Oq@Ww@Qk@Ss@WwAYgBOcAGm@C[AM@u@?o@Cw@CsAG}AGo@G_@MWWSQIQGCA_@K[Ua@_@y@_AmAmA_A_AcAqAk@q@m@s@{@u@}@u@qBoBuAuAY][hA_@pAeAlCsAdCQ\cBdDw@lB]t@{@bCaB`E_@z@S\OXYb@i@r@QRq@j@_@V]TQHc@TIDOFqBdAe@b@URw@v@yAzAi@l@OR_@f@SX{BfD]r@Wn@Of@u@`DSt@Sj@Yf@YVYNE@kANmAPO@S?[Ee@IC?Y@]F]HQL]Xa@l@Uf@Od@Qt@Mv@i@vEKl@K\SRe@XyA~@s@p@c@n@Wp@Sv@SlAo@bFYrB_AvDuA~Du@|BCF}@xCc@bBUbAUlA]fB[bAYp@k@|@s@v@oBdBKH_@`@S\Sl@YfA_@hBWhAIX[z@GNe@c@o@_@gAe@NaB|@h@PBJMKLA?OC}@i@O`BfAd@n@^d@b@eFbNGNm@dBo@|Ay@|BSh@KXKXO^Wt@_@`Aa@pAGV?FCTGxDA|@?JMdHAb@At@At@C~@MfJ?PA`@@p@J`A`@vBBb@LjGj@|Fp@jHJ|C?~BO`CYzCtDvBpJtFLF`J|EhHdEPHnBnAhE|B\RZRXLrAv@bAh@JDr@h@~AjA|@`Az@|AJN^n@r@zAlAnDHTHVpAlDp@`BHFHFD@F?N?^WPMp@UBAZKh@CHDTJZTTZb@ZH?HFb@i@tD{ITc@^q@bAqB\cAF_ACEAO?I?EBMDKFEBADAD@VIPAnBw@LMr@cAXa@JOX]h@aAlCmD~CsEbCmDdB_C`ByBT[x@gAGWOm@?a@Fs@\cA\i@zBmCTYR_@Jk@Bc@Ac@Ga@Oo@Yw@Og@IWUs@I[Oa@GUIUGU{@sCGSa@_AQWq@q@MKIIi@]QMQSGMUe@Sg@Ss@K]Mq@YgBKq@c@yBu@}BKWC[?w@@eA?kB?]Aa@?WCQAQAKCEIWMa@Qo@Qq@Mw@Kg@Ec@
WF2 0GU,15,159,Hill Top Primary Academy → West Ardsley Book Exchange → West Ardsley Methodist Church → Hill Top Primary Academy,2,2145,354,5min,clzfIn}rHNTn@bAFHJ@H@D@RZRi@x@}Bn@}Al@eBFOdFcNe@c@o@_@gAe@qBw@qBy@{Aq@QGmEiBk@Sk@SBWDS@S?Q?S@OLaBM`BAN?R?PARERCVTHTHj@RlEhBPFzAp@pBx@pBv@NaB|@h@PBJMKLA?OC}@i@O`BfAd@n@^d@b@eFbNGNm@dBo@|Ay@|BSh@S[EAIAKAGIo@cAOU
WF2 0GU,15,160,Holiday Inn → Shell Select → Ramada → Holiday Inn,2,1824,302,5min,gpsfItwmH|@`@ENGPc@l@KNKPEBEJs@`A]aAEIQm@q@_CYoAG[?K@QJS`@w@@[Ea@BS@CHU@C??RATZb@iAD_@\_ABQA_@q@gAw@m@KEMGo@_@e@e@[_@SU_@m@KMEECAKCIDK@OFEHEJ{AbHKd@SdAI`@Gd@Kx@CXKfAA`@?LBNBP??FTBBLDH@F@D?NIDEHIRbAb@eADCb@j@DHEL[bA??EBMSCCEEQWAKScAIHEDOHEBEFEDIPANEN?\?B?HBRH\DLFNVf@HN^j@VPLDD@B?B?NEzCuHRMVCXnAp@~BPl@DHZi@DCHDZRNFDCJQJOb@m@FQDO}@a@
WF2 0GU,15,161,Hong Kong Vegan → Wrenthorpe Academy → Spot on Dog Grooming → Hong Kong Vegan,2,1540,201,3min,wowfIdngHe@Tq@^c@Xu@f@E@eBbAo@`@m@d@s@v@s@~@wBzC~BdBTN\Tj@^|@n@`BpAZXj@z@Z_AXcAb@_BBIHS??IRCHc@~AYbA[~@k@{@[YaBqACAy@m@k@_@]UUO_CeBvB{Cr@_Ar@w@l@e@n@a@dBcADAt@g@b@Yp@_@d@U
WF2 0GU,15,162,JB's Cafe & Bistro → Ossett Flushdyke Junior and Infant School → Spring Mill Golf Course → JB's Cafe & Bistro,2,9920,909,15min,{gtfIl}oHGVIz@I?IM?yAWBGDI?GAIGUq@U_@mAqAc@OQAQ?_@LURW\O\Mj@I|@Bx@Dd@X`@RLRAPGLQJUlA{DJa@p@sBt@aBzDkIFMP_@VaADg@?c@A]E[G]Ia@IOGYG]A[AW?W@wD@y@@[@YD]H[Rg@POPMLINEP@RBTLVXJXFVDVDX@\?ZAtDA|@AZA\ETW~@MZa@fAcAxBkAjCkDhHq@zAq@nBy@bDWvAAFW|AQ`BQjBGlAIdCEvCGnEQnLIdCSvC_@|De@vCg@tBs@dCqAvCwL`SwBhDmDxF{AhCiBbD{@lBoB`Fq@xBe@xBg@xCYpCKzAG`BChCD|BRlDXrCj@`Ev@bDr@tCLRLHP@HCVAJ@FBFFFJFVBLFf@@H?PAPEPELIHGDGBk@EEAGEGGEKEMCS?U?]UmAaAmDq@cDm@eE[sCSoDCu@AiA@kCDcBJ}AToCd@_Dh@qBp@cCvBuFx@kBbBkDrAgChHiL`H}KnCoErAyCr@uBj@wBf@uCd@uDRuCHoCNkLDwBFwFAi@BoANgCDu@?c@A[ESCOM_@Oe@G[Gc@Ee@Cy@H}@Lk@N]V]TS^MP?P@b@NlApATRz@XAf@EzAMdEKr@K~BxBdA\M^q@h@y@fAmAn@k@RWf@u@hCcDHKHEH@H@JDHHFJDNh@|BVjAFVFPVf@`A|AJB@?NGDGDGXm@Pa@JQHEHKj@u@`@o@BGhA{BP[ZWDCDCNE^KLARMz@s@TWDEDMBAt@c@ZKUyA[eCcBkM{@qECOkAgFYaA{@_DK]sCoHk@}ASi@]aAEIQm@q@_CWUQBSLuCtHITM^[x@Yz@K`@E\C\?b@B\Db@Jp@JXFVDVDX@\?ZAtDA|@AZA\ETW~@MZa@fAcAxBkAjCuBjFIn@GfAGlAA\CbBAf@EzA\EHLH?H{@FW
WF2 0GU,15,163,Jerry Clay Academy → Hall Cliffe Primary School → The Well Church (Elim Pentecostal) → Jerry Clay Academy,2,1654,223,3min,_iwfIlwiHDKDKRc@`@y@Pe@JU^y@`BoD\w@Zu@LYFIFGXSDCRQFEf@g@Lf@Dd@Bp@BnA?d@?t@?hBL?ZXXB@?[C[YM??iB?u@?e@CoACq@Ee@Mg@Mm@Gi@G}@EkBODYHI@UBc@EMNWNINKZI\ITi@XMNEPG^EZOEQCG?USMOReADUj@cDf@TzB^b@DTCHAXINEDjBF|@Fh@Ll@g@f@GDSPEBYRGFGHMX[t@]v@aBnD_@x@KTQd@a@x@Sb@EJEJ
WF2 0GU,15,164,Kirkhamgate Fisheries → Village Stores → Outwood Primary Academy Kirkhamgate → Kirkhamgate Fisheries,2,1349,240,4min,{cwfIn`nHAQEWKWq@j@_@V]TQHc@TIDOFqBdA_@wBm@\OH|@g@^vBe@b@URw@v@Mc@Om@]}CE]Kq@SyACK?AOkA_@qCcAf@[yAJIKHZxAbAg@^pCNlABJRxAJp@D\\|CNl@Lb@v@w@TSd@c@pBeANGHEb@UPI\U^Wp@k@JVDV@P
WF2 0GU,15,165,Kirkhamgate Village Hall → The Star Inn → Outwood Primary Academy Kirkhamgate → Kirkhamgate Village Hall,2,1009,197,3min,iswfIdbnHTrBNl@Lb@yAzAi@l@ORs@aAKMAu@F]?IOs@Nr@?HG\@t@~@nANSh@m@xA{AMc@Om@]}CE]Kq@SyACK?AOkA_@qCcAf@[yAJIKHZxAbAg@^pCNlABJRxAJp@D\Fh@
WF2 0GU,15,166,"Kirkhamgate Village Hall, Brandy Carr Road → Outwood Primary Academy Kirkhamgate → The Star Inn → Kirkhamgate Village Hall, Brandy Carr Road",2,1009,197,3min,qswfI`anH?EE]Kq@SyACK?AOkA_@qCcAf@[yAJIKHZxAbAg@^pCNlABJRxAJp@D\\|CNl@Lb@yAzAi@l@ORs@aAKMAu@F]?IOs@Nr@?HG\@t@~@nANSh@m@xA{AMc@Om@]wC
WF2 0GU,15,167,Kowloon → Alverthorpe Garage → Mill View Stores → Kowloon,2,1078,203,3min,ajufIbijHb@iA\w@L]L[f@}Af@{AdAwCFSb@~@Zn@BH}AlCu@rAIHO@]I\HNAHIP[b@w@|AmCRb@HTNVLVLVTfAj@Sk@RESOs@MWMWOWIUSc@CI[o@c@_AGReAvCg@zAg@|AMZM\]v@c@hA
WF2 0GU,15,168,Kylies Sandwich Bar & Custom Cakes → Alverthorpe Garage → Mill View Stores → Kylies Sandwich Bar & Custom Cakes,2,1070,203,3min,}iufIxhjH^_A\w@L]L[f@}Af@{AdAwCFSb@~@Zn@BH}AlCu@rAIHO@]I\HNAHIP[b@w@|AmCRb@HTNVLVLVTfAj@Sk@RESOs@MWMWOWIUSc@CI[o@c@_AGReAvCg@zAg@|AMZM\]v@_@~@
WF2 0GU,15,169,Lindale Methodist Church → The Star Inn → Outwood Primary Academy Kirkhamgate → Lindale Methodist Church,2,1009,197,3min,aswfIncnHLhANl@Lb@yAzAi@l@ORs@aAKMAu@F]?IOs@Nr@?HG\@t@~@nANSh@m@xA{AMc@Om@]}CE]Kq@SyACK?AOkA_@qCcAf@[yAJIKHZxAbAg@^pCNlABJRxAJp@D\NrA
WF2 0GU,15,170,Lofthouse Colliery Disaster Memorial → Sunnyhill Stores → Low Laithes Golf Course → Lofthouse Colliery Disaster Memorial,2,7457,943,15min,_hvfIr~kHVu@sAeC]u@k@qAQ]qAoCIQ{@eBQi@GUkCgKyAsFIc@Ec@Ee@CcA_@PO@EDCFCLBMBGDENA??^QBbADd@Db@Hb@xArFjCfKFTPh@z@dBHPpAnCP\j@pA\t@rAdCBIbAmBb@i@~@cAdB{Ap@i@Z_@Vc@Pi@V}@d@sBp@aCV_A|BsGvBwEr@iBr@gB^aAFMp@gB\w@L]L[f@}Af@{AdAwCFSb@~@Zn@BHRb@HTNVLVLVTfABHPj@FTJRBHVd@BHZv@Vf@X`@^XNJTLLHTLPNh@f@JJPLt@XF@b@Lb@J~Cl@AfD?nCAr@?lAA|C?V?XErK?H?hA?|@AjAB`AFr@BR^jBLl@JdAFrAJ`BVtAV`AVj@Rb@IVKZYp@mA~FWlAAFS~@GTSdAi@dCc@nB_A|EILKBMEY]qAeAUGIEKGGIGQAKAO?MHwBHwB@a@?OJwDBa@PuBJmADOFIL?DBNNRRZZ@FAPEFCDy@xDGFE?KIECk@fDA`@BT@PCp@?`@EbB?F@XBLHVLLPTpAdAZNLDH@HE~@}Eb@oBh@eCReAFUR_A@GVmAlA_GXq@J[HWSc@Wk@WaAWuAKaBGsAKeAMm@_@kBCSGs@CaA@kA?}@?iA?IDsK?Y?W@}C?mA@s@?oC@gD_Dm@c@Kc@MGAu@YQMKKi@g@QOUMMIUMOK_@YYa@Wg@[w@CIWe@CIKSGUQk@CIUgAMWMWOWIUSc@CI[o@c@_AGReAvCg@zAg@|AMZM\]v@q@fBGL_@`As@fBs@hBwBvE}BrGW~@q@`Ce@rBW|@Qh@Wb@[^q@h@eBzA_AbAc@h@cAlBCHWt@
WF2 0GU,15,171,Low Laithes Golf Course → Amazon DLS4 → Ossett Fire Station → Low Laithes Golf Course,2,1282,332,5min,cttfI|emHJwDBa@PuBJmADOFIL?DBNNRRZZ@FAPEFCDy@xDGFE?KIECk@fDA`@BT@PCp@?`@EbB?FnC~BDFFBLGDIr@gDBCAC?E@Ef@cC^gBJHNJReAFUPJ@@@?@??CH_@??I^?BA?A?AAQKGTSdAi@dCc@nB_A|EILKBMEY]qAeAUGIEKGGIGQAKAO?MHwBHwB@a@?O
WF2 0GU,15,172,Main Street Fisheries → China And Thai Express → The Bay Horse → Main Street Fisheries,2,998,227,3min,co{fIbrkH`@LCd@ZDZ@L?n@Al@AUp@EPw@pCa@lC[yBKo@CQKy@]cCZNJ@ZDZ@L?n@Al@AR_@LWQSR_AJk@BMCLKj@S~@??PRMVS^Up@EPw@pCa@lCg@iDCQKy@]cCZNJ@Be@a@M
WF2 0GU,15,173,Methodist Church → BP Manor Service Station → Tania's Barbershop → Methodist Church,2,812,129,2min,mn{fInwkHAE]cCZNJ@ZDZ@L?n@Al@AR_@f@dAOZGN_AMw@pCa@lCKhAKpAMhAEt@ARGdACn@u@OESB[z@NFeA@SDu@LiAV{Cg@iDCQIs@
WF2 0GU,15,174,Mill View Stores → Sun Bo → Alverthorpe Garage → Mill View Stores,2,562,153,2min,g}tfIpajHOs@MWMWOWIUSc@CIJSFSGEi@}@BDd@v@FDGRKRBH}AlCu@rAIHO@]I\HNAHIP[b@w@|AmCRb@HTNVLVLVNr@
WF2 0GU,15,175,NAV Mini Market → Phoenix Young People's Centre → Mill View Stores → NAV Mini Market,2,745,167,2min,_aufItriHJJLT[v@c@pAGReAvCg@zAGIWKVJFHf@{An@eBTq@FSb@~@Zn@BHRb@HTNVLVLVTfAj@Sk@RESOs@MWMWOWIUSc@CI[o@c@_Ab@qAZw@MUKK
WF2 0GU,15,176,NPAS 31 - Carr Gate → West Yorkshire Police Learning & Development Centre → Driver Training Area → NPAS 31 - Carr Gate,2,9885,500,8min,isyfIb{jHIaCKgDAS?Q?Q?Q@QFaB?Q?MEWOIGCI?ODeCnDg@h@g@b@cAp@iB`ASJIDGHIHEHCHYlA?BCvA?P@P@RDRThAf@~Br@|CnB|INn@nBxIR|@x@nD\|AtAxDbCzFbCdFbAjBb@x@bAjBnCrD|CfEjDpDxFdFfMjJzBxA`CrAtBfAtDrBtG`Dn@R~FjBlGhAdE\xDDvEOnE[hOcClImApBYzRuF^OZSPMNQNUj@{ARg@POPMLINEP@RBTLVXJXFVDVDX@\?ZAtDA|@AZA\ETW~@MZk@Va@@OCWOMOMUIOi@w@a@So@E{Lh@qAFsFj@sInAeOdCoE`@cFJwDImE]eGaAaGiBs@W_HeDkDqBuBiAcCcB}B_BqFsDiF{DkFqEoD{DaDeE}BqDmAkBc@y@wAuCoEsJuBoF_AqCo@wA_AuCqA}DOc@}BiHwAmEQa@Uu@K]MYKWGMGKGIGIGGEEMIOKc@SEAc@e@OUGQEOEQAMAOAQ?S@O@O?GDQFWFWFOFMrAuBHKFGFGHGHGJCHAH?H?H@JDt@NZLPBLBR@NANCLEJGZSjAy@`A_A`AkAb@o@\Ut@gALKJ?FJJ`@BNDV?L?PG`BAP?P?P?P@RJfDH`C
WF2 0GU,15,177,One Stop Coffee Shop → Main Street Fisheries → China And Thai Express → One Stop Coffee Shop,2,982,209,3min,y|{fIllkHAMAUpBd@TJnAl@^N\NPJVNj@b@ZXf@`@ZNJ@Be@a@M??`@LCd@ZDZ@L?n@Al@AUp@EPw@pCa@lC[yBKo@CQKy@]cCg@a@[Yk@c@WOQK]O_@OoAm@UKqBe@@T@L
WF2 0GU,15,178,Oriental Chef → The Star Inn → Outwood Primary Academy Kirkhamgate → Oriental Chef,2,1009,197,3min,urwfIhenH@NNl@Lb@yAzAi@l@ORs@aAKMAu@F]?IOs@Nr@?HG\@t@~@nANSh@m@xA{AMc@Om@]}CE]Kq@SyACK?AOkA_@qCcAf@[yAJIKHZxAbAg@^pCNlABJRxAJp@D\ZlC
WF2 0GU,15,179,Ossett Fire Station → Silkwood Farm → Amazon DLS4 → Ossett Fire Station,2,741,206,3min,}gtfIlbmHI^?BA?A?AAQKR_A@GVmAnB~ALo@VR\ZPaA??Q`A][WSMn@oB_BWlAAFS~@GTSdAi@dCc@nBKIEEC?AC?E@Ef@cC^gBJHNJReAFUPJ@@@?@??CH_@
WF2 0GU,15,180,Ossett Flushdyke Junior and Infant School → JB's Cafe & Bistro → Spring Mill Golf Course → Ossett Flushdyke Junior and Infant School,2,8316,809,13min,eptfIzapHW|AQ`BQjBGlAIdCEvCGnEQnLIdCSvC_@|De@vCg@tBs@dCqAvCwL`SwBhDmDxF{AhCiBbD{@lBoB`Fq@xBe@xBg@xCYpCKzAG`BChCD|BRlDXrCj@`Ev@bDr@tCLRLHP@HCVAJ@FBFFFJFVBLFf@@H?PAPEPELIHGDGBk@EEAGEGGEKEMCS?U?]UmAaAmDq@cDm@eE[sCSoDCu@AiA@kCDcBJ}AToCd@_Dh@qBp@cCvBuFx@kBbBkDrAgChHiL`H}KnCoErAyCr@uBj@wBf@uCd@uDRuCHoCNkLDwBFwFAi@BoANgCDu@?c@A[ESCOM_@Oe@G[Gc@Ee@Cy@H}@Lk@N]V]TS^MP?P@b@NlApATRz@XAf@EzA\EHLH?H{@FWJg@@qBEGa@D]?CbBAf@EzAMdEKr@K~BxBdA\M^q@h@y@fAmAn@k@RWf@u@hCcDHKHEH@H@JDHHFJDNh@|BVjAFVFPVf@`A|AJB@?NGDGDGXm@Pa@JQHEHKj@u@`@o@BGhA{BP[ZWDCDCNE^KLARMz@s@TWDEDMBAt@c@ZKUyA[eCcBkM{@qECOkAgFYaA{@_DK]sCoHk@}ASi@]aAEIQm@q@_CWUQBSLuCtHITM^[x@Yz@K`@E\C\?b@B\Db@Jp@JXFVDVDX@\?ZAtDA|@AZA\ETW~@MZa@fAcAxBkAjCkDhHq@zAq@nBy@bDWvAAF
WF2 0GU,15,181,Ossett WMC → Ossett Flushdyke Junior and Infant School → JB's Cafe & Bistro → Ossett WMC,2,8842,614,10min,aotfI`mrHCq@QoFBsAJ}E@e@@gAF}B@_@@UD_ADuATcGLoCFwADiAXqGBYT_EJ_CJmF?i@AWAOKYUq@U_@mAqAc@OQAQ?_@LURW\O\Mj@I|@Bx@Dd@X`@RLRAPGLQJUlA{DJa@p@sBt@aBzDkIFMP_@VaADg@?c@A]E[G]Ia@IOGYG]A[AW?W@wD@y@@[@YD]H[Rg@POPMLINEP@RBTLVXJXFVDVDX@\?ZAtDA|@AZA\ETW~@MZa@fAcAxBkAjCkDhHq@zAq@nBy@bDWvAAFW|AQ`BQjBGlAIdCEvCGnEQnLIdCSvC_@|De@vCg@tBs@dCqAvCwL`SwBhDmDxF{AhCiBbD{@lBoB`Fq@xBe@xBg@xCYpCKzAG`BChCD|BRlDXrCj@`Ev@bDr@tCLRLHP@HCVAJ@FBFFFJFVBLFf@@H?PAPEPELIHGDGBk@EEAGEGGEKEMCS?U?]UmAaAmDq@cDm@eE[sCSoDCu@AiA@kCDcBJ}AToCd@_Dh@qBp@cCvBuFx@kBbBkDrAgChHiL`H}KnCoErAyCr@uBj@wBf@uCd@uDRuCHoCNkLDwBFwFAi@BoANgCDu@?c@A[ESCOM_@Oe@G[Gc@Ee@Cy@H}@Lk@N]V]TS^MP?P@b@NlApATRz@XAf@EzA\EHLH?H{@FWJg@@qBEGa@D]?CbBAf@EzAMdEKr@K~BU~DCXYpGEhAGvAMnCUbGEtAE~@ATA^G|BAfAAd@K|ECrAPnFBp@
WF2 0GU,15,182,"Outwood Primary Academy Kirkhamgate → Kirkhamgate Village Hall, Brandy Carr Road → The Star Inn → Outwood Primary Academy Kirkhamgate",2,688,112,1min,{twfIb{mH?@BJRxAJp@D\?D\vCNl@Lb@yAzAi@l@ORs@aAKMAu@F]?IOs@Nr@?HG\@t@~@nANSh@m@xA{AMc@Om@]}CE]Kq@SyACK?A
WF2 0GU,15,183,Phoenix Young People's Centre → NAV Mini Market → The Blue Light → Phoenix Young People's Centre,2,1008,202,3min,ccufIfziHTq@FSb@qAZw@MUKK??QIQG[I@_@B]Dm@PmAT_BV{Ab@XJJNPVb@Zf@b@j@i@lAk@vAg@hAKR[v@c@pAb@~@Zn@BH}AlCu@rAIHHVN`@ADCDSRRSBE@EYy@HIt@sA|AmCCI[o@c@_AGRUp@
WF2 0GU,15,184,Pinderfields Hospital PRU → St Annes → Spot on Dog Grooming → Pinderfields Hospital PRU,2,1253,220,3min,qowfInehHm@k@MMCHc@~AYbA[~@t@jA\f@d@r@RZj@~@V`@NNPH\N|@`@FB|@`@MjANFOGLkA}@a@GC}@a@]OQIOOcAaBS[e@s@]g@u@kAk@{@[YaBqACAy@m@G^I@WQODLu@j@^|@n@`BpAZXj@z@Z_AXcAb@_BBILLl@j@
WF2 0GU,15,185,Pizza Ferrara → Alverthorpe Conservative Club → Alverthorpe St Paul's CofE (VA) School → Pizza Ferrara,2,1580,297,4min,{fufIrbjH^iAf@{AdAwCFSb@~@Zn@BH}AlCOSNRZg@`AeBCI[o@c@_Ab@qAZw@MUKKQIQG[IQCSGMEQKY[g@g@SWy@oAGEKCQl@c@`AEd@Er@ETIVKXERGTEX@\Ap@AXGVILDZBV?R@RGd@A\CTCB??C?B?BCBU@]Fe@AS?SCWE[HMFW@Y@q@A]DYFUDSJYHWDUDs@De@b@aAPm@JBFDx@nARVf@f@XZPJLDRFPBZHPFPHJJLT[v@c@pAGReAvCg@zA_@hA
WF2 0GU,15,186,Pumaspeed → NAV Mini Market → Mill View Stores → Pumaspeed,2,960,172,2min,}cufI`|iHn@kBFSb@qAZw@MUKK??QIQG[I@_@B]Dm@PmAT_BV{Ab@XJJNPVb@Zf@b@j@i@lAk@vAg@hAKR[v@c@pAb@~@Zn@BHRb@HTNVLVLVTfAj@Sk@RESOs@MWMWOWIUSc@CI[o@c@_AGRo@jB
WF2 0GU,15,187,R H Binks And Sons → Methodist Church → BP Manor Service Station → R H Binks And Sons,2,526,82,1min,gm{fI`blHNaBg@iDCQIs@AE]cCZNJ@ZDZ@L?n@Al@AR_@f@dAOZGN_AMw@pCa@lCO`B
WF2 0GU,15,188,Ramada → Shell Select → Holiday Inn → Ramada,2,1977,301,5min,u}sfIhxmH??EBMSCCEEQWAKScAIHEDOHEBEFEDIPANEN?\?B?HBRH\DLFNVf@HN^j@VPLDD@B?B?NEzCuHPg@Rc@JS`@w@@[Ea@BS@CHU@C??RATZIPWj@Kb@q@xBXnAp@~BPl@DHZi@DCHDZRNFDCJQJOb@m@FQDO}@a@??Fo@bA^EVGXENGPc@l@KNKPEBEJs@`A]aAEIQm@q@_CYoAG[?K@QJS`@w@TWVk@HQb@iAD_@\_ABQA_@q@gAw@m@KEMGo@_@e@e@[_@SU_@m@KMEECAKCIDK@OFEHEJ{AbHKd@SdAI`@Gd@Kx@CXKfAA`@?LBNBP??FTBBLDH@F@D?NIDEHIRbA@JPVDDBBLRDC??
WF2 0GU,15,189,Restyle Fitness → China And Thai Express → BP Manor Service Station → Restyle Fitness,2,873,173,2min,gn{fInrkHD@Cd@ZDZ@L?n@Al@AUp@EPw@pCa@lC[yBKo@CQKy@]cCZNJ@ZDZ@L?n@Al@AR_@f@dAOZGN_AMw@pCa@lCg@iDCQKy@]cCZNJ@Be@EA
WF2 0GU,15,190,Royal Spice → The Glynn Living → The Wren Cafe → Royal Spice,2,1731,281,4min,_uvfIdbgHF[Ls@NG`@Wb@c@fCyCPl@Dd@F^FLJLHLJZ[ZZ[K[IMKMGMG_@Ee@Qm@q@v@uA`Bc@b@a@VOFMr@Or@Gh@?f@B^J^Tn@FNLZRp@Jb@DX@l@@p@@`@@L?NHv@L`A@JB\@Z?r@Ad@En@Gl@WdBG\KhAMt@QUu@w@WQEr@Qb@Wp@ELQb@Sj@f@l@g@m@Rk@Vq@Vq@Pc@Ds@VPt@v@PTLu@JiAF]VeBFm@Do@@e@?s@A[C]AKMaAIw@?OAMAa@Aq@Am@EYKc@Sq@M[GOUo@K_@C_@?g@Fi@FW
WF2 0GU,15,191,Shawfold Cars → Village Stores → Outwood Primary Academy Kirkhamgate → Shawfold Cars,2,1364,242,4min,wcwfIdanHEg@EWKWq@j@_@V]TQHc@TIDOFqBdA_@wBm@\OH|@g@^vBe@b@URw@v@Mc@Om@]}CE]Kq@SyACK?AOkA_@qCcAf@[yAJIKHZxAbAg@^pCNlABJRxAJp@D\\|CNl@Lb@v@w@TSd@c@pBeANGHEb@UPI\U^Wp@k@JVDVDf@
WF2 0GU,15,192,Shell Select → Holiday Inn → Total Fitness → Shell Select,2,2337,362,6min,_usfIzlmH??RATZIPWj@Kb@q@xBXnAp@~BPl@DHZi@DCHDZRNFDCJQJOb@m@FQDO}@a@??Fo@bA^EVGXENGPc@l@KNKPEBEJs@`A]aAEIQm@q@_CYoAG[?K@QJS`@w@TWVk@HQb@iAD_@\_ABQA_@q@gAw@m@KEMGo@_@e@e@[_@SU_@m@KMEECAKCIDK@OFEHEJ{AbHKd@SdAI`@Gd@Kx@CXKfAA`@?LBNBP??FTBBLDH@F@D?NIDEHILOLUFIPa@Pg@DMDMFWPo@@KNq@ViAD]DIDIHIAOAECC_@Y_Aw@~ApABB@D@NCNGNABEHGLWhAOp@AJQn@GVELELQf@Q`@GHMTMNIHEDOHEBEFEDIPANEN?\?B?HBRH\DLFNVf@HN^j@VPLDD@B?B?NEzCuHPg@Rc@JS`@w@@[Ea@BS@CHU@C
WF2 0GU,15,193,Shine hand car wash → Toyota Vantage → Total Fitness → Shine hand car wash,2,1976,353,5min,mrsfIzmmHKXQJSYHQb@iAD_@\_ABQA_@q@gAw@m@KEMGPeAHM\KHYNm@BETmADMB?BB@DYtABOTeAAECCC?ELUlACDOl@IX]JILQdAo@_@e@e@[_@SU_@m@KMEECAKCIDK@OFEHEJ{AbHKd@SdAI`@Gd@Kx@CXKfAA`@?LBNBP??FTBBLDH@F@D?NIDEHILOLUFIPa@Pg@DMDMFWPo@@KNq@ViAD]DIDIHIAOAECC_@Y_Aw@~ApABB@D@NCNGNABEHGLWhAOp@AJQn@GVELELQf@Q`@GHMTMNIHEDOHEBEFEDIPANEN?\?B?HBRH\DLFNVf@HN^j@VPLDD@B?B?NEzCuHPg@Rc@JS`@w@TWVk@HQb@iAHLH^O`@
WF2 0GU,15,194,Silcoates School → Wrenthorpe Post Office → Wrenthorpe Park & Alverthorpe Meadows → Silcoates School,2,8166,991,16min,ihvfIvciHe@rA?L?FFNJPb@iABGBADADBDHBJ?@?F_B`EELAJAL@L?B@DFHFBDFBHFLDHDHBL@LAPA|@CZAXIhAGrACXCNMPOa@U_@}@aBS_@Wc@y@gAw@eAw@aAsAiBaAwAS[AC_@o@e@q@IMMg@Mm@Gi@G}@EkB^MXSNSLUV}@DKn@qCPq@Tm@n@eBX}@\yALu@JiAF]VeBFm@Do@@e@?s@A[C]AKMaAIw@?OAMAa@Aq@Am@EYKc@Sq@M[GOUo@K_@C_@?g@Fi@Ns@Ls@NG`@Wb@c@fCyCb@g@jAoA|BcCNMxAwAh@m@V[T_@d@iAVk@d@aBT}@\{A^uA|@uC\cAPo@H[F_@BSN@L@J?HADCDGb@i@FGFI@EFIHQJYDQBUFq@@M@M@MBc@H@F?B?@?L@N?VAJAJARCLEPERGDCHCJGLININKFEFGFELO@A^]^]b@c@z@{@`AcAZYb@e@NO|A_BFE@AdAgAr@s@r@u@JEHEn@Al@@hBALAN?F?FBLL@DNPDFNRRRV\VZI`@ADCJAFOp@i@zBWjAOnAO`AYhAMb@a@|AMx@@j@NrAPdAHl@@BJn@VtB@D@FH`AHlA?J@j@@x@AbAIdAIz@Kn@]~AUx@Kb@Ij@IAMBmBjBUTEBCD]\w@bAGLGLwAhCy@jAILg@p@mAdBKN[`@MVi@z@e@`Ag@jA]j@Yn@]n@k@x@[^a@h@g@f@UR??TSf@g@V|@`@vAVz@Tz@Tr@Td@PVRRRLXLXBX?f@Od@M^MTKr@Sb@Q^M^Mf@Oh@OnA_@VIVGpBm@|Ac@OxAAJEf@g@jCKf@OfAiAzHGn@Ml@a@tB[~Aq@~Cq@zBCFSn@Uj@]~@Ul@Ob@i@lAk@vAg@hAKR[v@c@pAGReAvCg@zAg@|AMZM\]v@q@fBGL_@`As@fBs@hBwBvE}BrGW~@q@`Ce@rBW|@Qh@Wb@[^q@h@eBzA_AbAc@h@cAlBCHsAeC]u@k@qAQ]qAoCIQFSn@_GTaCN{Cd@cR@MJkARuA@UFa@Dk@D]BS@U?[C[GSOa@U_@}@aBVg@Dw@?s@?GFWFMPi@HQBQ?KESAG?E?KF]DYNa@`@eAKQGO?G?Md@sA
WF2 0GU,15,195,Silkwood Farm → Total Fitness → DVSA Wakefield Test Center → Silkwood Farm,2,2270,388,6min,katfIj_mHQ`A][WSMn@oB_BlA_GXq@J[HWn@z@zB`CLJD@D?LEDAJEF?B?HF@BDHDN@RAPEPGLIDK@OFEHEJ{AbHKd@SdAI`@Gd@Kx@CXKfAA`@?LBNBP??FTBBLDH@F@D?NIDEHILOLUFIPa@Pg@DMDMFWPo@@KNq@ViAD]DIDIHIAOAECC_@Y_Aw@~ApABB@D@NCNGNABEHGLWhAOp@AJQn@GVELELQf@Q`@GHMTMNIHEDOHEBEFEDIPANENGHWFECIIEMCOAQBQDOBCJ[BMBMBM@a@JgABYJy@Fe@Ha@ReAJe@zAcH@K?G?EAa@CQEUAMEIKU{BaCo@{@IVKZYp@mA~FnB~AUfAABC@C@MD@^?D?BGTDO@E?C?EA_@LEBABA@CTgALo@VR\ZPaA
WF2 0GU,15,196,Spot on Dog Grooming → Declans → Pinderfields Hospital PRU → Spot on Dog Grooming,2,1100,208,3min,yywfIxehHy@m@k@_@]UUO_CeBqA_Ak@_@IIZyAGOIUHTFN[xAHHj@^pA~@l@b@pA`ATN\Tj@^|@n@`BpAZXj@z@Z_AXcAb@_BBILLl@j@??m@k@MMCHc@~AYbA[~@k@{@[YaBqACA
WF2 0GU,15,197,Spring Mill Golf Course → JB's Cafe & Bistro → Ossett Flushdyke Junior and Infant School → Spring Mill Golf Course,2,8472,836,13min,ovsfIncpHi@}BEOGKIIKEIAIAIDIJiCbDg@t@SVo@j@gAlAi@x@_@p@]LyBeAJ_CJmF?i@AWAOKYUq@U_@TRz@XAf@EzA\EHLH?H{@FWJg@@qBEGa@D]?CbBAf@GDI?GAIGUq@U_@mAqAc@OQAQ?_@LURW\O\Mj@I|@Bx@Dd@X`@RLRAPGLQJUlA{DJa@p@sBt@aBzDkIFMP_@VaADg@?c@A]E[G]Ia@IOGYG]A[AW?W@wD@y@@[@YD]H[Rg@POPMLINEP@RBTLVXJXFVDVDX@\?ZAtDA|@AZA\ETW~@MZa@fAcAxBkAjCkDhHq@zAq@nBy@bDWvAAFW|AQ`BQjBGlAIdCEvCGnEQnLIdCSvC_@|De@vCg@tBs@dCqAvCwL`SwBhDmDxF{AhCiBbD{@lBoB`Fq@xBe@xBg@xCYpCKzAG`BChCD|BRlDXrCj@`Ev@bDr@tCLRLHP@HCVAJ@FBFFFJFVBLFf@@H?PAPEPELIHGDGBk@EEAGEGGEKEMCS?U?]UmAaAmDq@cDm@eE[sCSoDCu@AiA@kCDcBJ}AToCd@_Dh@qBp@cCvBuFx@kBbBkDrAgChHiL`H}KnCoErAyCr@uBj@wBf@uCd@uDRuCHoCNkLDwBFwFAi@BoANgCDu@?c@A[ESCOM_@Oe@G[Gc@Ee@Cy@H}@Lk@N]V]TS^MP?P@b@NlApATRz@XAf@EzAMdEKr@K~BxBdA\M^q@h@y@fAmAn@k@RWf@u@hCcDHKHEH@H@JDHHFJDNh@|B
WF2 0GU,15,198,St Annes → Pinderfields Hospital PRU → Wrenthorpe Methodist Church → St Annes,2,853,205,3min,qnwfIfshHk@_AS[e@s@]g@u@kAZ_AXcAb@_BBILLl@j@??m@k@MMCHc@~AYbA[~@t@jA\f@d@r@RZbA`BNNPH\N|@`@FBFYb@eATy@Ux@O\Sf@GXGC}@a@]OQIOOWa@
WF2 0GU,15,199,St Michaels Church → R H Binks And Sons → The Dental Studio → St Michaels Church,2,1816,269,4min,oz{fIfllHdBc@@H|@g@|@q@TWVUdA[x@CLiAFy@NaB`@mCv@qCDQTq@R_@f@dAWj@_AMw@pCa@lCWzCMhAEt@ARGdACn@Cp@Cz@Cv@AxA?TC`E?FCnD?FElBGjAEd@Q|@EH\jA]kADIP}@De@FkADuBBoD?GBaE?U@yABw@B{@Bq@Bo@FeA@SDu@y@BeAZWTUV}@p@}@f@AIeBb@
WF2 0GU,15,200,Sun Bo → Blue Marlin Fisheries → Mill View Stores → Sun Bo,2,695,181,3min,_aufIjxiHd@v@FDGRKR[o@c@_AGReAvCg@zAGIWKVJFHJWZcAdAwCFSb@~@Zn@BHRb@HTNVLVLVTfAj@Sk@RESOs@MWMWOWIUSc@CIJSFSGEe@w@
WF2 0GU,15,201,Sunnyhill Stores → Jerry Clay Academy → Hall Cliffe Primary School → Sunnyhill Stores,2,2999,413,6min,i{vfIlpjH??^QGmFAiAAUC{AEeFE{C?I?{A?sB?iB?u@?e@CoACq@Ee@Mg@g@f@GDSPEBYRGFGHMX[t@]v@aBnD_@x@KTQd@a@x@Sb@EJEJUj@a@`AkFtLyHfQdAnBl@hAFNDL@L?NCHGNQd@Pe@FOBI?OAMEMGOm@iAeAoBxHgQjFuL`@aAZw@DKRc@`@y@Pe@JU^y@`BoD\w@Zu@LYFIFGXSDCRQFEf@g@Lf@Dd@Bp@BnA?d@?t@?hBL?ZXXB@?[C[YM??rB?zA?HDzCDdFBzA@T@hAFlF_@P??
WF2 0GU,15,202,Tania's Barbershop → Methodist Church → BP Manor Service Station → Tania's Barbershop,2,510,81,1min,cm{fIhalHJiAg@iDCQIs@AE]cCZNJ@ZDZ@L?n@Al@AR_@f@dAOZGN_AMw@pCa@lCKhA
WF2 0GU,15,203,Tardis → West Yorkshire Police Learning & Development Centre → Cardigan House → Tardis,2,9953,537,8min,_vyfItzjH??BBJCJAFABG?IEmAh@OKgDAS?Q?Q?Q@QFaB?Q?MEWOIGCI?ODeCnDg@h@g@b@cAp@iB`ASJIDGHIHEHCHYlA?BCvA?P@P@RDRThAf@~Br@|CnB|INn@bApEj@fCR|@vAlGtAxDbCzFbCdFbAjBb@x@bAjBnCrD|CfEjDpDxFdFfMjJzBxA`CrAtBfAtDrBtG`Dn@R~FjBlGhAdE\xDDvEOnE[hOcClImApBYzRuF^OZSPMNQNUj@{ARg@POPMLINEP@RBTLVXJXFVDVDX@\?ZAtDA|@AZA\ETW~@MZk@Va@@OCWOMOMUIOi@w@a@So@E{Lh@qAFsFj@sInAeOdCoE`@cFJwDImE]eGaAaGiBs@W_HeDkDqBuBiAcCcB}B_BqFsDiF{DkFqEoD{DaDeE}BqDmAkBc@y@wAuCoEsJuBoF_AqCo@wA_AuCqA}DOc@}BiHwAmEQa@Uu@K]MYKWGMGKGIGIGGEEMIOKc@SEAc@e@OUGQEOEQAMAOAQ?S@O@O?GDQFWFWFOFMrAuBHKFGFGHGHGJCHAH?H?H@JDt@NZLPBLBR@NANCLEJGZSjAy@`A_A`AkAb@o@\Ut@gALKJ?FJJ`@BNDV?L?PG`BAP?P?P?P@RJfDi@NDlA?HCFG@K@KBCC??
WF2 0GU,15,204,The Bay Horse → Main Street Fisheries → China And Thai Express → The Bay Horse,2,908,205,3min,qh{fInqkHPRMVS^Up@EPw@pCa@lCg@iDCQKy@]cCZNJ@Be@a@M??`@LCd@ZDZ@L?n@Al@AUp@EPw@pCa@lC[yBKo@CQKy@]cCZNJ@ZDZ@L?n@Al@AR_@LWQS
WF2 0GU,15,205,The Blue Light → The New Albion → Alverthorpe St Paul's CofE (VA) School → The Blue Light,2,1478,307,5min,udufI~cjHIWHIt@sA|AmCRb@U`@CCAAGJ??FK@@BBTa@Sc@CI[o@c@_Ab@qAZw@MUKKQIQG[IQCSGMEQKY[g@g@SWy@oAGEKCQl@c@`AEd@Er@ETIVKXERGTEX@\Ap@AXGVILDZBV?R@RGd@A\CTCB??C?B?BCBU@]Fe@AS?SCWE[HMFW@Y@q@A]DYFUDSJYHWDUDs@De@b@aAPm@JBFDx@nARVf@f@XZPJLDRFPBZHPFPHJJLT[v@c@pAb@~@Zn@BH}AlCu@rAIHHV
WF2 0GU,15,206,The Dental Studio → St Michaels Church → R H Binks And Sons → The Dental Studio,2,1785,289,4min,go{fI|`mH?GBoD?GBaE?U@yABw@B{@Bq@Bo@FeA@SDu@y@BeAZWTUV}@p@}@f@AI{DbAGXNfANTHFFn@Go@IGOUOgAFYtA_@dBc@@H|@g@|@q@TWVUdA[x@CLiAFy@NaB`@mCv@qCDQTq@R_@f@dAWj@_AMw@pCa@lCWzCMhAEt@ARGdACn@Cp@Cz@Cv@AxA?TC`E?FCnD?F
WF2 0GU,15,207,The Eagle → Flanshaw Lodge → Alverthorpe Working Mens Club → The Eagle,2,1343,232,3min,u`tfIfsjH@ARQDC??`@YRQXSPWZi@HOLW^u@FNHRDPDVUJmAhADd@Lb@?AMa@Ee@lAiATKEWEQISGO_@t@MVIN[h@QVYRSPa@X??EBSP[RKHQJYJC?SBY?OAQCYMi@Y_@MkB]s@Oc@Kc@MGAu@YQMKKn@{DD^i@fDPLt@XF@b@Lb@J~Cl@^Lh@XXLPBN@X?RCB?XKPKJIXQ
WF2 0GU,15,208,The Glynn Living → Royal Spice → The Wren Cafe → The Glynn Living,2,1478,213,3min,}nvfInzfHuA`Bc@b@a@VOFMr@GZGVGh@?f@B^J^Tn@FNLZRp@Jb@DX@l@@p@@`@@L?NHv@L`A@JB\@Z?r@Ad@En@Gl@WdBG\KhAMt@QUu@w@WQEr@Qb@Wp@ELQb@Sj@f@l@g@m@Rk@Vq@Vq@Pc@Ds@VPt@v@PTLu@JiAF]VeBFm@Do@@e@?s@A[C]AKMaAIw@?OAMAa@Aq@Am@EYKc@Sq@M[GOUo@K_@C_@?g@Fi@Ns@Ls@NG`@Wb@c@tAaB
WF2 0GU,15,209,The Lawrence → tillybods → Wrenthorpe Club → The Lawrence,2,691,99,1min,wjxfIfhhHVl@JQlAuBtA_CV_@BCT[HM~BdBTN\Tj@^G^I@??WQODLu@]UUO_CeB_@h@CBW^uA~BmAtBKPWm@
WF2 0GU,15,210,The Malt Shovel → Carr Gate WMC → Gardener's Retreat Restaurant → The Malt Shovel,2,1311,209,3min,ysyfIvxiHb@Qj@WCoBGmAq@LJr@Ks@p@M@PDz@BnBk@Vg@Re@RiAd@EBIDqBx@qAh@gCfA}@^_Bh@KDe@Rq@l@Wz@a@dBIf@Hg@`@eBV{@p@m@d@SjBo@|@_@fCgApAi@pBy@HEDChAe@d@SBA
WF2 0GU,15,211,The Mens Room → St Michaels Church → R H Binks And Sons → The Mens Room,2,1810,291,4min,io{fIbbmH@m@BoD?GBaE?U@yABw@B{@Bq@Bo@FeA@SDu@y@BeAZWTUV}@p@}@f@AI{DbAGXNfANTHFFn@Go@IGOUOgAFYtA_@dBc@@H|@g@|@q@TWVUdA[x@CLiAFy@NaB`@mCv@qCDQTq@R_@f@dAWj@_AMw@pCa@lCWzCMhAEt@ARGdACn@Cp@Cz@Cv@AxA?TC`E?FCnDAl@
WF2 0GU,15,212,The New Albion → The Blue Light → Al Fresco → The New Albion,2,621,185,3min,q`ufIf~iHFK@@BBTa@Sc@}AlCu@rAIHHVN`@ADCDSRRSBE@EYy@HIt@sA|AmCCIJSFSD_@Bm@@Q@QBk@?Q@UBy@Cx@ATC|@APAPCl@E^GRKRBHRb@U`@CCAAGJ
WF2 0GU,15,213,The New Pot Oil → The Well Church (Elim Pentecostal) → Wrenthorpe Post Office → The New Pot Oil,2,1121,153,2min,_~vfIf{hHODI@UBc@EMNWNINKZI\ITi@XMNEPG^EZOEQCG?USMOReADUj@cDGIn@}DL{@@AH_@Po@Je@Jo@Fa@D[@IDUFg@BSBMD[F]BUFc@@EJg@BIPRNFTJNFTFN?F@xCBX@VPt@v@PT]xAY|@o@dBUl@Qp@o@pCEJW|@MTORYR_@LODIB
WF2 0GU,15,214,The New Wheel → The Well Church (Elim Pentecostal) → Wrenthorpe Methodist Church → The New Wheel,2,637,155,2min,mawfIf{hHXDMNWNINKZI\ITi@XMNEPG^EZOEQCG?USMOReADUj@cDGIY[[U}@a@FYb@eATy@Ux@O\Sf@GX|@`@ZTXZFHf@T`BX
WF2 0GU,15,215,The Quad → Vic's Cafe → The Wheel → The Quad,2,9297,596,9min,gtxfIbufHFYfBcGzAgE|A_Ex@iBt@yAfBcDf@u@v@gAr@}@|@gA|@w@lB{AnBkAfBw@jBk@dBY|AQT?N@RDRFNFL@JAJCLULKPEPFNLFNDRBX?ZETGTMPSHSCMGKQEOCIIQMOOOUIQESEWA_BPaB^iBh@gBr@kBlAmBvA{@z@{@|@w@`Aq@dAi@v@gB`Ds@vAu@bBaB|DqAzDiBhG}BzIUvAaA|GyAdK?\?`@DLBL?N?LCLCHGLIFG@G?GCECEGEIAIAIAM?MBODKBIDEJELaALy@Bq@B]l@mEHOHMBQ~@sGVoAtBcJfBcGzAgE|A_Ex@iBt@yAfBcDf@u@v@gAr@}@|@gA|@w@lB{AnBkAfBw@jBk@dBY|AQT?N@RDRFNFL@JAJCLULKPEPFNLXAPERKXI`BKD?\CPANA~@Gb@?R@TDP@H?LCNQBGDIHGFEH?H@B@HAFAHCLEJCJCHCNCZG`@IXEHCDALETKFAl@W??LE@ALEHCJAHAJAJ?L@J@@?NB@?LDJBNFPFFH@BDDLNNLNNPNPNJFHDHDRJTJl@X^Rf@VPHFDHDDDDBJHRNJHFFNJNLb@XHBBBLFJDNHd@NBBBBDDHHCb@ALALALGp@CTEPKXIPGHADGHGFc@h@EFEBCBGFC?E@QBO?G^IZQn@]bA}@tC_@tA]zAU|@e@`BWj@e@hAU^WZi@l@yAvAOL}BbCkAnAc@f@gCxCc@b@a@VOF[Na@D]?a@?q@@UB[Ds@\]X{@|@WXSPUNeBh@i@T_@PKHuBlAsBbA{@b@q@^c@Xu@f@E@eBbAo@`@m@d@s@v@s@~@o@~@gAzA_@h@CBW^uA~BmAtBKPq@hAGHq@jAaAdBSb@oBxD_AhBcA|AKLCDu@~@}@|@a@XCB_@RQHoB~@sBjAQHk@XkBbA_@XQRS^K`@GXEb@CX?^Dn@Lj@HPFJHFJDJ?JAJEJKv@}AvByFf@cC\cCLoATeCd@{Ht@wLDyANoDD{@EGEIAIAIAM?MBODKBIDEJELaALy@|@kGJo@BQ~@sGVoAlBiI
WF2 0GU,15,216,The Star Inn → Lindale Methodist Church → Outwood Primary Academy Kirkhamgate → The Star Inn,2,891,153,2min,}wwfIfknHr@`ANSh@m@xA{AMc@Om@MiAOsAE]Kq@SyACK?AOkA_@qCcAf@[yAJIKHZxAbAg@^pCNlABJRxAJp@D\\|CNl@Lb@yAzAi@l@ORs@aA
WF2 0GU,15,217,The Well Church (Elim Pentecostal) → Wrenthorpe Dental Care → Wrenthorpe Methodist Church → The Well Church (Elim Pentecostal),2,971,234,3min,cgwfIz~hHj@cDf@TzB^b@DTCHAXINEDjBF|@WDYFI@kARLA|@QHAXGVEG}@EkBODYHI@UBc@E{B_@g@UGIY[[U}@a@FYb@eATy@Ux@O\Sf@GX|@`@ZTXZFHk@bD
WF2 0GU,15,218,The Wheel → Wrenthorpe Club → The Lawrence → The Wheel,2,956,168,2min,k`xfIb|gHgAzA~BdBTN\Tj@^G^I@??WQODLu@]UUO_CeB_@h@CBW^uA~BmAtBKPe@iAIUEO?O@OBSZm@DED@HNIOEAED[l@CRAN?NDNHTLZVl@JQlAuBtA_CV_@BC^i@fA{A
WF2 0GU,15,219,The Wren Cafe → Conroyds Fish and Chips → The New Pot Oil → The Wren Cafe,2,962,121,2min,exvfInhhHDMVq@Pc@Ds@VPt@v@PT]xAY|@o@dBUl@GRy@nDEJW|@MTORYR_@LODIBODI@UBc@E{B_@g@UGIn@}DL{@@AH_@Po@PJXLn@VJLf@v@T\JHDBH?FADIHSpAeFJ_@Rk@Pc@
WF2 0GU,15,220,tillybods → Wrenthorpe Club → The Lawrence → tillybods,2,856,150,2min,}bxfIl_hHHM~BdBTN\Tj@^G^I@??WQODLu@]UUO_CeB_@h@CBW^uA~BmAtBKPe@iAIUEO?O@OBSZm@DED@HNIOEAED[l@CRAN?NDNHTLZVl@JQlAuBtA_CV_@BCT[
WF2 0GU,15,221,Total Fitness → Silkwood Farm → Shell Select → Total Fitness,2,3097,434,7min,o{sfIpemH^XBB@D@NCNGNABEHGLWhAOp@AJQn@GVELELQf@Q`@GHMTMNIHEDOHEBEFEDIPANENGHWFECIIEMCOAQBQDOBCJ[BMBMBM@a@JgABYJy@Fe@Ha@ReAJe@zAcH@K?G?EAa@CQEUAMEIKU{BaCo@{@IVKZYp@mA~FnB~ALo@VR\ZPaA??Q`A][WSMn@oB_BlA_GXq@J[HWn@z@zB`CLJD@D?LEDAJEF?B?HF@BDHDN@RAPEPGLIDK@OFEHEJ{AbHKd@SdAI`@Gd@Kx@CXKfAA`@?LBNBP??FTBBDJBN?PANEN?\?B?HBRH\DLFNVf@HN^j@VPLDD@B?B?NEzCuHPg@Rc@JS`@w@@[Ea@BS@CHU@C??RATZb@iAD_@\_ABQA_@q@gAw@m@KEMGo@_@e@e@[_@SU_@m@KMEECAKCIDK@OFEHEJ{AbHKd@SdAI`@Gd@Kx@CXKfAA`@?LBNBP??FTBBLDH@F@D?NIDEHILOLUFIPa@Pg@DMDMFWPo@@KNq@ViAD]DIDIHIAOAECC_@Y
WF2 0GU,15,222,Toyota Vantage → Shell Select → Total Fitness → Toyota Vantage,2,2474,392,6min,grsfIz|lHTeAAECCC?ELUlACDOl@IX]JILQdALFJDv@l@TJb@Fn@OSz@Qb@[z@[x@c@hAIPWj@Kb@q@xBG[?K@QJS`@w@@[Ea@BS@CHU@C??RATZb@iAD_@\_ABQA_@q@gAw@m@KEMGo@_@e@e@[_@SU_@m@KMEECAKCIDK@OFEHEJ{AbHKd@SdAI`@Gd@Kx@CXKfAA`@?LBNBP??FTBBLDH@F@D?NIDEHILOLUFIPa@Pg@DMDMFWPo@@KNq@ViAD]DIDIHIAOAECC_@Y_Aw@~ApABB@D@NCNGNABEHGLWhAOp@AJQn@GVELELQf@Q`@GHMTMNIHEDOHEBEFEDIPANENGHWFECIIEMCOAQBQDOBCJ[BMBMBM@a@JgABYJy@Fe@Ha@ReAJe@zAcH@K?G?EAa@CQ?QBQHWDAJEF?B?HF@BDHDN@RBX@LBJFV^l@RTZ^d@d@n@^PeAHM\KHYNm@BETmADMB?BB@DUdA
WF2 0GU,15,223,Valley Cresent Day Centre → Conroyds Fish and Chips → The New Pot Oil → Valley Cresent Day Centre,2,962,121,2min,gxvfInhhHFMVq@Pc@Ds@VPt@v@PT]xAY|@o@dBUl@GRy@nDEJW|@MTORYR_@LODIBODI@UBc@E{B_@g@UGIn@}DL{@@AH_@Po@PJXLn@VJLf@v@T\JHDBH?FADIHSpAeFJ_@Rk@Nc@
WF2 0GU,15,224,Vic's Cafe → The Quad → The Lawrence → Vic's Cafe,2,6278,509,8min,{zxfIpkgHHMBQ~@sGVoAlBiIFYfBcGzAgE|A_Ex@iBt@yAfBcDf@u@v@gAr@}@|@gA|@w@lB{AnBkAfBw@jBk@dBY|AQT?N@RDRFNFL@JAJCLULKPEPFNLXAPERKXI`BKD?\CPANA~@Gb@?R@TDP@H?LCNQBGDIHGFEH?H@B@HAFAHCLEJCJCHCNCZG`@IXEHCDALETKFAl@W??LE@ALEHCJAHAJAJ?L@J@@?NB@?LDJBNFPFFH@BDDLNNLNNPNPNJFHDHDRJTJl@X^Rf@VPHFDHDDDDBJHRNJHFFNJNLb@XHBBBLFJDNHd@NBBBBDDHHCb@ALALALGp@CTEPKXIPGHADGHGFc@h@EFEBCBGFC?E@QBO?G^IZQn@]bA}@tC_@tA]zAU|@e@`BWj@e@hAU^WZi@l@yAvAOL}BbCkAnAc@f@gCxCc@b@a@VOF[Na@D]?a@?q@@UB[Ds@\]X{@|@WXSPUNeBh@i@T_@PKHuBlAsBbA{@b@q@^c@Xu@f@E@eBbAo@`@m@d@s@v@s@~@wBzC_@h@CBW^uA~BmAtBKPe@iAIUEO?O@OBSZm@DED@HNIOEAED[l@CRAN?NDNHTLZVl@q@hAGHq@jAaAdBSb@oBxD_AhBcA|AKLCDu@~@}@|@a@XCB_@RQHoB~@sBjAQHk@XkBbA_@XQRS^K`@GXEb@CX?^Dn@Lj@HPFJHFJDJ?JAJEJKv@}AvByFf@cC\cCLoATeCd@{Ht@wLDyANoDD{@EGEIAIAIAM?MBODKBIDEJELaALy@|@kGJo@IL
WF2 0GU,15,225,"Village Hall, Kirkhamgate → The Star Inn → Outwood Primary Academy Kirkhamgate → Village Hall, Kirkhamgate",2,1009,197,3min,gswfInbnHRhBNl@Lb@yAzAi@l@ORs@aAKMAu@F]?IOs@Nr@?HG\@t@~@nANSh@m@xA{AMc@Om@]}CE]Kq@SyACK?AOkA_@qCcAf@[yAJIKHZxAbAg@^pCNlABJRxAJp@D\Hr@
WF2 0GU,15,226,Village Stores → Outwood Primary Academy Kirkhamgate → The Star Inn → Village Stores,2,1298,240,4min,opwfI`bnHl@]^vBe@b@URw@v@Mc@Om@]}CE]Kq@SyACK?AOkA_@qCcAf@[yAJIKHZxAbAg@^pCNlABJRxAJp@D\\|CNl@Lb@yAzAi@l@ORs@aAKMAu@F]?IOs@Nr@?HG\@t@~@nANSh@m@xA{Av@w@TSd@c@_@wBm@\
WF2 0GU,15,227,Wakefield Flanshaw Junior and Infant School → West Villa → NAV Mini Market → Wakefield Flanshaw Junior and Infant School,2,1155,137,2min,oqtfI~lhHa@lCGn@Ml@a@tB[~AMn@c@nBq@zBCFSn@Uj@]~@Ul@Ob@i@lAk@vAg@hAKRMUKK??QIQG[I@_@B]Dm@PmAT_BV{Ab@XJJNPVb@Zf@b@j@Nc@Tm@\_ATk@Ro@BGp@{Bp@_DZ_B`@uBLm@Fo@`@mC
WF2 0GU,15,228,War Memorial → The Star Inn → Outwood Primary Academy Kirkhamgate → War Memorial,2,1009,197,3min,crwfIfgnHLb@yAzAi@l@ORs@aAKMAu@F]?IOs@Nr@?HG\@t@~@nANSh@m@xA{AMc@Om@]}CE]Kq@SyACK?AOkA_@qCcAf@[yAJIKHZxAbAg@^pCNlABJRxAJp@D\\|CNl@??
WF2 0GU,15,229,War memorial in Kirkhamgate. → The Star Inn → Outwood Primary Academy Kirkhamgate → War memorial in Kirkhamgate.,2,1009,197,3min,{qwfIzgnHDNyAzAi@l@ORs@aAKMAu@F]?IOs@Nr@?HG\@t@~@nANSh@m@xA{AMc@Om@]}CE]Kq@SyACK?AOkA_@qCcAf@[yAJIKHZxAbAg@^pCNlABJRxAJp@D\\|CNl@FR
WF2 0GU,15,230,"War Memorial, Kirkhamgate → The Star Inn → Outwood Primary Academy Kirkhamgate → War Memorial, Kirkhamgate",2,1027,201,3min,gqwfI|gnHMLyAzAi@l@ORs@aAKMAu@F]?IOs@Nr@?HG\@t@~@nANSh@m@xA{AMc@Om@]}CE]Kq@SyACK?AOkA_@qCcAf@[yAJIKHZxAbAg@^pCNlABJRxAJp@D\\|CNl@Lb@LM
WF2 0GU,15,231,"War Memorial on Batley Road, Kirkhamgate → The Star Inn → Outwood Primary Academy Kirkhamgate → War Memorial on Batley Road, Kirkhamgate",2,1027,201,3min,gqwfI|gnHMLyAzAi@l@ORs@aAKMAu@F]?IOs@Nr@?HG\@t@~@nANSh@m@xA{AMc@Om@]}CE]Kq@SyACK?AOkA_@qCcAf@[yAJIKHZxAbAg@^pCNlABJRxAJp@D\\|CNl@Lb@LM
WF2 0GU,15,232,West Ardsley Book Exchange → Hill Top Primary Academy → West Ardsley Methodist Church → West Ardsley Book Exchange,2,1973,316,5min,qszfIvyqHTHj@RlEhBPFzAp@pBx@pBv@fAd@n@^d@b@eFbNGNm@dBo@|Ay@|BSh@S[EAIAKAGIo@cAOU??NTn@bAFHJ@H@D@RZRi@x@}Bn@}Al@eBFOdFcNe@c@o@_@gAe@NaB|@h@PBJMKLA?OC}@i@O`BqBw@qBy@{Aq@QGmEiBk@SUI
WF2 0GU,15,233,West Ardsley Community Centre → West Ardsley Methodist Church → West Ardsley Book Exchange → West Ardsley Community Centre,2,2087,344,5min,qizfIb_sHFMV^S`@D@RZRi@x@}Bn@}Al@eBFOdFcNe@c@o@_@gAe@NaB|@h@PBJMKLA?OC}@i@O`BqBw@qBy@{Aq@QGmEiBk@Sk@SBWDS@S?Q?S@OLaBM`BAN?R?PARERCVTHTHj@RlEhBPFzAp@pBx@pBv@fAd@n@^d@b@eFbNGNm@dBo@|Ay@|BSh@S[EAIAKAGIPe@
WF2 0GU,15,234,West Ardsley Methodist Church → West Ardsley Community Centre → West Ardsley Book Exchange → West Ardsley Methodist Church,2,2068,318,5min,q}yfIvarHOC}@i@O`BfAd@n@^d@b@eFbNGNm@dBo@|Ay@|BSh@S[EAIAKAGIPe@FMV^S`@D@RZRi@x@}Bn@}Al@eBFOdFcNe@c@o@_@gAe@qBw@qBy@{Aq@QGmEiBk@Sk@SBWDS@S?Q?S@OLaBM`BAN?R?PARERCVTHTHj@RlEhBPFzAp@pBx@pBv@NaB|@h@NB
WF2 0GU,15,235,West Villa → Wakefield Flanshaw Junior and Infant School → NAV Mini Market → West Villa,2,1315,192,3min,sutfIp|hHLo@Z_B`@uBLm@Fo@`@mCf@mD\T]UiAzHGn@Ml@a@tB[~Aq@~Cq@zBCFSn@Uj@]~@Ul@Ob@i@lAk@vAg@hAKRMUKK??QIQG[I@_@B]Dm@PmAT_BV{Ab@XJJNPVb@Zf@b@j@Nc@Tm@\_ATk@Ro@BGp@{Bb@oB
WF2 0GU,15,236,West Yorkshire Police Bishopgarth House → West Yorkshire Police Learning & Development Centre → Cardigan House → West Yorkshire Police Bishopgarth House,2,9946,536,8min,{uyfIxzjH??JCJAFABG?IEmAh@OKgDAS?Q?Q?Q@QFaB?Q?MEWOIGCI?ODeCnDg@h@g@b@cAp@iB`ASJIDGHIHEHCHYlA?BCvA?P@P@RDRThAf@~Br@|CnB|INn@bApEj@fCR|@vAlGtAxDbCzFbCdFbAjBb@x@bAjBnCrD|CfEjDpDxFdFfMjJzBxA`CrAtBfAtDrBtG`Dn@R~FjBlGhAdE\xDDvEOnE[hOcClImApBYzRuF^OZSPMNQNUj@{ARg@POPMLINEP@RBTLVXJXFVDVDX@\?ZAtDA|@AZA\ETW~@MZk@Va@@OCWOMOMUIOi@w@a@So@E{Lh@qAFsFj@sInAeOdCoE`@cFJwDImE]eGaAaGiBs@W_HeDkDqBuBiAcCcB}B_BqFsDiF{DkFqEoD{DaDeE}BqDmAkBc@y@wAuCoEsJuBoF_AqCo@wA_AuCqA}DOc@}BiHwAmEQa@Uu@K]MYKWGMGKGIGIGGEEMIOKc@SEAc@e@OUGQEOEQAMAOAQ?S@O@O?GDQFWFWFOFMrAuBHKFGFGHGHGJCHAH?H?H@JDt@NZLPBLBR@NANCLEJGZSjAy@`A_A`AkAb@o@\Ut@gALKJ?FJJ`@BNDV?L?PG`BAP?P?P?P@RJfDi@NDlA?HCFG@K@KB??
WF2 0GU,15,237,West Yorkshire Police Learning & Development Centre → Cardigan House → West Yorkshire Police Bishopgarth House → West Yorkshire Police Learning & Development Centre,2,10134,579,9min,o|yfIrvkHbApEj@fCR|@vAlGtAxDbCzFbCdFbAjBb@x@bAjBnCrD|CfEjDpDxFdFfMjJzBxA`CrAtBfAtDrBtG`Dn@R~FjBlGhAdE\xDDvEOnE[hOcClImApBYzRuF^OZSPMNQNUj@{ARg@POPMLINEP@RBTLVXJXFVDVDX@\?ZAtDA|@AZA\ETW~@MZk@Va@@OCWOMOMUIOi@w@a@So@E{Lh@qAFsFj@sInAeOdCoE`@cFJwDImE]eGaAaGiBs@W_HeDkDqBuBiAcCcB}B_BqFsDiF{DkFqEoD{DaDeE}BqDmAkBc@y@wAuCoEsJuBoF_AqCo@wA_AuCqA}DOc@}BiHwAmEQa@Uu@K]MYKWGMGKGIGIGGEEMIOKc@SEAc@e@OUGQEOEQAMAOAQ?S@O@O?GDQFWFWFOFMrAuBHKFGFGHGHGJCHAH?H?H@JDt@NZLPBLBR@NANCLEJGZSjAy@`A_A`AkAb@o@\Ut@gALKJ?FJJ`@BNDV?L?PG`BAP?P?P?P@RJfDi@NG_BIgCAYAOEECAEHIJKNCD@^FxBDrB@f@DRDFBB??JCJAFABG?IEmAh@OKgDAS?Q?Q?Q@QFaB?Q?MEWOIGCI?ODeCnDg@h@g@b@cAp@iB`ASJIDGHIHEHCHYlA?BCvA?P@P@RDRThAf@~Br@|CnB|INn@
WF2 0GU,15,238,White Rose Sandwich Co. → BP Manor Service Station → Main Street Fisheries → White Rose Sandwich Co.,2,906,208,3min,yl{fIr~kHe@}CCQKy@]cCZNJ@ZDZ@L?n@Al@AR_@f@dAOZGN_AMw@pCa@lCg@iDCQKy@]cCZNJ@Be@a@M??`@LCd@ZDZ@L?n@Al@AUp@EPw@pCa@lCAK
WF2 0GU,15,239,Wrenthorpe Academy → Hong Kong Vegan → St Annes → Wrenthorpe Academy,2,2580,260,4min,cqwfI`chHIRCHc@~AYbA[~@k@{@[YaBqA}@o@k@_@]UUO_CeBvB{Cr@_Ar@w@l@e@n@a@dBcADAt@g@b@Yp@_@d@UTMrBcAtBmAJI^Qh@UdBi@TORQVYz@}@\Yr@]ZETCp@A`@?\?`@EZOMr@Or@Gh@?f@B^J^Tn@FNLZRp@Jb@DX@l@@p@@`@@L?NHv@L`A@JB\@Z?r@Ad@En@Gl@WdBG\KhAMt@]xAY|@o@dBUl@aAbEEJW|@MTORYR_@LODYHI@UBc@E{B_@g@UGIY[[U}@a@GC}@a@]OQIOOWa@k@_AS[e@s@]g@u@kAZ_AXcAb@_BBIHS
WF2 0GU,15,240,Wrenthorpe Club → Declans → Pinderfields Hospital PRU → Wrenthorpe Club,2,1133,227,3min,e|wfIlehHHAF_@k@_@]UUO_CeBqA_Ak@_@IIZyAGOIUHTFN[xAHHj@^pA~@l@b@pA`ATN\Tj@^|@n@`BpAZXj@z@Z_AXcAb@_BBILLl@j@??m@k@MMCHc@~AYbA[~@k@{@[YaBqA}@o@G^I@
WF2 0GU,15,241,Wrenthorpe Dental Care → The Well Church (Elim Pentecostal) → Wrenthorpe Methodist Church → Wrenthorpe Dental Care,2,1009,218,3min,q`wfIhaiH|@QHAXGVEG}@EkBODYHI@UBc@EMNWNINKZI\ITi@XMNEPG^EZOEQCG?USMOReADUj@cDGIY[[U}@a@FYb@eATy@Ux@O\Sf@GX|@`@ZTXZFHf@TzB^b@DTCHAXINEDjBF|@WDYFI@}@P
WF2 0GU,15,242,Wrenthorpe Methodist Church → The Well Church (Elim Pentecostal) → St Annes → Wrenthorpe Methodist Church,2,983,186,3min,whwfIvthHSf@GX|@`@ZTXZFHf@TzB^MNWNINKZI\ITi@XMNEPG^EZOEQCG?USMOReADUj@cDGIY[[U}@a@GC}@a@]OQIOOcAaBS[e@s@Rg@@CTk@Uj@ABSf@d@r@RZj@~@V`@NNPH\N|@`@FBFYRg@
WF2 0GU,15,243,Wrenthorpe Park & Alverthorpe Meadows → Alverthorpe & Wrenthorpe Meadows LNR → Silcoates School → Wrenthorpe Park & Alverthorpe Meadows,2,7531,1006,16min,cnufIlxgHTSf@g@V|@`@vAVz@Tz@Tr@Td@PVRRRLXLXBX?f@OFbAV|DJpAo@QmCe@KE??JDlCd@n@P~@V`Cj@\cABEJ[Ha@Ho@Dg@@k@?q@QqCIaAh@OnA_@VIVGpBm@|Ac@OxAAJEf@g@jCKf@OfAiAzHGn@Ml@a@tB[~Aq@~Cq@zBCFSn@Uj@]~@Ul@Ob@i@lAk@vAg@hAKR[v@c@pAGReAvCg@zAg@|AMZM\]v@q@fBGL_@`As@fBs@hBwBvE}BrGW~@q@`Ce@rBW|@Qh@Wb@[^q@h@eBzA_AbAc@h@cAlBCHsAeC]u@k@qAQ]qAoCIQFSn@_GTaCN{Cd@cR@MJkARuA@UFa@Dk@D]BS@U?[C[GSOa@U_@}@aBVg@Dw@?s@?GFWFMPi@HQBQ?KESAG?E?KF]DYNa@`@eAKQGO?G?Md@sA??e@rA?L?FFNJPb@iABGBADADBDHBJ?@?F_B`EELAJAL@L?B@DFHFBDFBHFLDHDHBL@LAPA|@CZAXIhAGrACXCNMPFRBZ?ZATCRE\Ej@G`@ATStAKjAALe@bROzCU`Co@~FGRHPpAnCP\j@pA\t@rAdCBIbAmBb@i@~@cAdB{Ap@i@Z_@Vc@Pi@V}@d@sBp@aCV_A|BsGvBwEr@iBr@gB^aAFMp@gB\w@L]L[f@}Af@{AdAwCFSb@qAZw@JSf@iAj@wAh@mANc@Tm@\_ATk@Ro@BGp@{Bp@_DZ_B`@uBLm@Fo@hA{HNgAJg@f@kCDg@@KNyA}Ab@qBl@WFWHoA^i@Ng@N_@L_@Lc@Ps@RUJ_@Le@Lg@NY?YCYMSMSSQWUe@Us@U{@W{@a@wAW}@g@f@UR
WF2 0GU,15,244,Wrenthorpe Post Office → The Wren Cafe → The New Pot Oil → Wrenthorpe Post Office,2,962,133,2min,_xvfItqhHPq@Tm@n@eBX}@\yAQUu@w@WQEr@Qb@Wp@ELQb@Sj@K^qAdFIREHG@I?ECKIU]g@w@KMo@WYMQKQn@I^A@Mz@o@|DFHf@TzB^b@DTCHANEHCNE^MXSNSLUV}@DKn@qC
WF2 0GU,15,245,Wrenthorpe Potovens → The Well Church (Elim Pentecostal) → Wrenthorpe Post Office → Wrenthorpe Potovens,2,1207,171,2min,{|vfI|~hHCSEkBODYHI@UBc@EMNWNINKZI\ITi@XMNEPG^EZOEQCG?USMOReADUj@cDGIn@}DL{@@AH_@Po@Je@Jo@Fa@D[@IDUFg@BSBMD[F]BUFc@@EJg@BIPRNFTJNFTFN?F@xCBX@VPt@v@PT]xAY|@o@dBUl@Qp@o@pCEJW|@MTORYR_@LDjBBR
WF2 0GU,15,246,Wrenthorpe Village Hall → The Well Church (Elim Pentecostal) → Wrenthorpe Post Office → Wrenthorpe Village Hall,2,1291,195,3min,k~vfIt`iH@?XGVEG}@EkBODYHI@UBc@EMNWNINKZI\ITi@XMNEPG^EZOEQCG?USMOReADUj@cDGIn@}DL{@@AH_@Po@Je@Jo@Fa@D[@IDUFg@BSBMD[F]BUFc@@EJg@BIPRNFTJNFTFN?F@xCBX@VPt@v@PT]xAY|@o@dBUl@Qp@o@pCEJW|@MTORYR_@LDjBF|@WDYFA?
WF2 0GU,20,247,Al Fresco → The New Albion → The Blue Light → West Villa → Al Fresco,3,1538,301,5min,__ufIjuiHCj@APAPCl@E^GRKRBHRb@U`@CCAAGJ??FK@@BBTa@Sc@}AlCu@rAIHHVN`@ADCDSRRSBE@EYy@HIt@sA|AmCCI[o@c@_Ab@qAZw@JSf@iAj@wAh@mANc@Tm@\_ATk@Ro@BGp@{BwA_Bx@qCnApAMn@c@nBq@zBCFSn@Uj@]~@Ul@Ob@i@lAk@vAg@hAKR[v@c@pAb@~@Zn@JSFSD_@Bm@@Q@QBk@
WF2 0GU,20,248,Alverthorpe Conservative Club → Pizza Ferrara → Al Fresco → Alverthorpe St Paul's CofE (VA) School → Alverthorpe Conservative Club,3,1975,404,6min,cbufI`_jH`AeBCI[o@c@_AGReAvCg@zAg@|AMZM\Nl@Rz@S{@Om@L]L[FS^iAf@{AdAwCFSb@~@Zn@JSFSD_@Bm@@Q@QBk@?Q@UBy@Cx@ATC|@APAPCl@E^GRKR[o@c@_Ab@qAZw@MUKKQIQG[IQCSGMEQKY[g@g@SWy@oAGEKCQl@c@`AEd@Er@ETIVKXERGTEX@\Ap@AXGVILDZBV?R@RGd@A\CTCB??C?B?BCBU@]Fe@AS?SCWE[HMFW@Y@q@A]DYFUDSJYHWDUDs@De@b@aAPm@JBFDx@nARVf@f@XZPJLDRFPBZHPFPHJJLT[v@c@pAb@~@Zn@BHaAdB
WF2 0GU,20,249,Alverthorpe Garage → Sun Bo → Kylies Sandwich Bar & Custom Cakes → Mill View Stores → Alverthorpe Garage,3,1204,286,4min,cdufI`bjHb@w@|AmCCIJSFSGEi@}@BDd@v@FDGRKR[o@c@_AGReAvCg@zAg@|AMZM\]v@q@fBGLZl@P[QZ[m@FMPg@^_A\w@L]L[f@}Af@{AdAwCFSb@~@Zn@BHRb@HTNVLVLVTfAj@Sk@RESOs@MWMWOWIUSc@}AlCc@v@
WF2 0GU,20,250,Alverthorpe St Paul's CofE (VA) School → Pizza Ferrara → Alverthorpe Conservative Club → NAV Mini Market → Alverthorpe St Paul's CofE (VA) School,3,1723,329,5min,unufId`jHBCBU@]Fe@AS?SCWE[HMFW@Y@q@A]DYFUDSJYHWDUDs@De@b@aAPm@JBFDx@nARVf@f@XZPJLDRFPBZHPFPHJJLT[v@c@pAGReAvCg@zAg@|AMZM\Nl@Rz@S{@Om@L]L[FS^iAf@{AdAwCFSb@~@Zn@BH}AlCOSNRZg@`AeBCI[o@c@_Ab@qAZw@MUKK??QIQG[IQCSGMEQKY[g@g@SWy@oAGEKCQl@c@`AEd@Er@ETIVKXERGTEX@\Ap@AXGVILDZBV?R@RGd@A\CTCB
WF2 0GU,20,251,Alverthorpe Working Mens Club → The Eagle → Flanshaw Lodge → Mill View Stores → Alverthorpe Working Mens Club,3,1897,288,4min,kltfIdrjHjB\^Lh@XXLPBN@X?RCB?XKPKJIXQ@ARQDC??`@YRQXSPWZi@HOLW^u@FNHRDPDVUJmAhADd@Lb@?AMa@Ee@lAiATKEWEQISGO_@t@MVIN[h@QVYRSPa@X??EBSP[RKHQJYJC?SBY?OAQCYMi@Y_@M_Dm@c@Kc@MGAu@YQMKKi@g@QOUMMIUMOK_@YYa@Wg@[w@CIWe@CIKSGUQk@CIESOs@MW|@aBH[CUMSLRBTIZ}@`BLVTfABHPj@FTJRBHVd@BHZv@Vf@X`@^XNJTLLHTLPNh@f@JJPLt@XF@b@Lb@Jr@N
WF2 0GU,20,252,Alverthorpe & Wrenthorpe Meadows LNR → Wrenthorpe Park & Alverthorpe Meadows → Silcoates School → NAV Mini Market → Alverthorpe & Wrenthorpe Meadows LNR,3,7707,1059,17min,_gufIjlhHJDlCd@n@PKqAW}DGcAg@NY?YCYMSMSSQWUe@Us@U{@W{@a@wAW}@g@f@UR??TSf@g@V|@`@vAVz@Tz@Tr@Td@PVRRRLXLXBX?f@Od@M^MTKr@Sb@Q^M^Mf@Oh@OnA_@VIVGpBm@|Ac@OxAAJEf@g@jCKf@OfAiAzHGn@Ml@a@tB[~Aq@~Cq@zBCFSn@Uj@]~@Ul@Ob@i@lAk@vAg@hAKR[v@c@pAGReAvCg@zAg@|AMZM\]v@q@fBGL_@`As@fBs@hBwBvE}BrGW~@q@`Ce@rBW|@Qh@Wb@[^q@h@eBzA_AbAc@h@cAlBCHsAeC]u@k@qAQ]qAoCIQFSn@_GTaCN{Cd@cR@MJkARuA@UFa@Dk@D]BS@U?[C[GSOa@U_@}@aBVg@Dw@?s@?GFWFMPi@HQBQ?KESAG?E?KF]DYNa@`@eAKQGO?G?Md@sA??e@rA?L?FFNJPb@iABGBADADBDHBJ?@?F_B`EELAJAL@L?B@DFHFBDFBHFLDHDHBL@LAPA|@CZAXIhAGrACXCNMPFRBZ?ZATCRE\Ej@G`@ATStAKjAALe@bROzCU`Co@~FGRHPpAnCP\j@pA\t@rAdCBIbAmBb@i@~@cAdB{Ap@i@Z_@Vc@Pi@V}@d@sBp@aCV_A|BsGvBwEr@iBr@gB^aAFMp@gB\w@L]L[f@}Af@{AdAwCFSb@qAZw@MUKK??QIQG[I@_@B]Dm@PmAT_BV{Ab@XJJNPVb@Zf@b@j@Nc@Tm@\_ATk@Ro@BGp@{Bp@_DZ_B`@uBLm@Fo@hA{HNgAJg@f@kCDg@@KNyA}Ab@qBl@WFWHoA^i@NH`APpC?p@Aj@Ef@In@I`@KZCD]bAaCk@_AWo@QmCe@KE
WF2 0GU,20,253,Amazon DLS4 → Ossett Fire Station → Silkwood Farm → Total Fitness → Amazon DLS4,3,2488,467,7min,wktfIphmH^gBJHNJReAFUPJ@@@?@??CH_@??I^?BA?A?AAQKR_A@GVmAnB~ALo@VR\ZPaA??Q`A][WSMn@oB_BlA_GXq@J[HWn@z@zB`CLJD@D?LEDAJEF?B?HF@BDHDN@RAPEPGLIDK@OFEHEJ{AbHKd@SdAI`@Gd@Kx@CXKfAA`@?LBNBP??FTBBLDH@F@D?NIDEHILOLUFIPa@Pg@DMDMFWPo@@KNq@ViAD]DIDIHIAOAECC_@Y_Aw@~ApABB@D@NCNGNABEHGLWhAOp@AJQn@GVELELQf@Q`@GHMTMNIHEDOHEBEFEDIPANENGHWFECIIEMCOAQBQDOBCJ[BMBMBM@a@JgABYJy@Fe@Ha@ReAJe@zAcH@K?G?EAa@CQEUAMEIKU{BaCo@{@IVKZYp@mA~FWlAAFS~@GTSdAOKKI_@fB
WF2 0GU,20,254,Ardsley House → BP Manor Service Station → Restyle Fitness → China And Thai Express → Ardsley House,3,1540,271,4min,mxzfIrfkHC@kAZcA\kB|@WPo@d@m@b@]\[`@a@j@_@l@MVf@dAOZGN_AMw@pCa@lCg@iDCQKy@]cCZNJ@Be@EA[K`@LCd@ZDZ@L?n@Al@AUp@EPw@pCa@lC[yBKo@CQKy@]cCZNJ@ZDZ@L?n@Al@AR_@LW^m@`@k@Za@\]l@c@n@e@VQjB}@bA]jA[BA
WF2 0GU,20,255,Blue Marlin Fisheries → Sun Bo → Kylies Sandwich Bar & Custom Cakes → Mill View Stores → Blue Marlin Fisheries,3,1309,294,4min,oeufIp_jHZcAdAwCFSb@~@Zn@JSFSGEi@}@BDd@v@FDGRKR[o@c@_AGReAvCg@zAg@|AMZM\]v@q@fBGLZl@P[QZ[m@FMPg@^_A\w@L]L[f@}Af@{AdAwCFSb@~@Zn@BHRb@HTNVLVLVTfAj@Sk@RESOs@MWMWOWIUSc@CI[o@c@_AGReAvC[bA
WF2 0GU,20,256,BP Manor Service Station → Methodist Church → Tania's Barbershop → Ardsley House → BP Manor Service Station,3,2011,254,4min,ug{fI|ukHGN_AMw@pCa@lCg@iDCQIs@AE]cCg@a@[Yk@c@WOQK]O_@Oc@pDEb@A`@Ab@?\B\FjADv@Hx@Fr@Jp@Nj@Nf@R\XZXH\FdA[x@CLiAJqAJiA`@mCv@qCDQTq@R_@LW^m@`@k@Za@\]l@c@n@e@VQjB}@bA]jA[d@Od@UZSh@e@Ta@`AaAH^YTQNSNa@Li@d@[Re@Ta@LC@kAZcA\kB|@WPo@d@m@b@]\[`@a@j@_@l@MVf@dAOZ
WF2 0GU,20,257,Cardigan House → West Yorkshire Police Learning & Development Centre → Driver Training Area → West Yorkshire Police Bishopgarth House → Cardigan House,3,19015,974,16min,kzyfId}kHj@fCR|@vAlGtAxDbCzFbCdFbAjBb@x@bAjBnCrD|CfEjDpDxFdFfMjJzBxA`CrAtBfAtDrBtG`Dn@R~FjBlGhAdE\xDDvEOnE[hOcClImApBYzRuF^OZSPMNQNUj@{ARg@POPMLINEP@RBTLVXJXFVDVDX@\?ZAtDA|@AZA\ETW~@MZk@Va@@OCWOMOMUIOi@w@a@So@E{Lh@qAFsFj@sInAeOdCoE`@cFJwDImE]eGaAaGiBs@W_HeDkDqBuBiAcCcB}B_BqFsDiF{DkFqEoD{DaDeE}BqDmAkBc@y@wAuCoEsJuBoF_AqCo@wA_AuCqA}DOc@}BiHwAmEQa@Uu@K]MYKWGMGKGIGIGGEEMIOKc@SEAc@e@OUGQEOEQAMAOAQ?S@O@O?GDQFWFWFOFMrAuBHKFGFGHGHGJCHAH?H?H@JD^\JNFJDLDLBPBN@N@P?P?P?P?BCvA?P@P@RDRThAf@~Br@|CnB|INn@nBxIR|@x@nD\|AtAxDbCzFbCdFbAjBb@x@bAjBnCrD|CfEjDpDxFdFfMjJzBxA`CrAtBfAtDrBtG`Dn@R~FjBlGhAdE\xDDvEOnE[hOcClImApBYzRuF^OZSPMNQNUj@{ARg@POPMLINEP@RBTLVXJXFVDVDX@\?ZAtDA|@AZA\ETW~@MZk@Va@@OCWOMOMUIOi@w@a@So@E{Lh@qAFsFj@sInAeOdCoE`@cFJwDImE]eGaAaGiBs@W_HeDkDqBuBiAcCcB}B_BqFsDiF{DkFqEoD{DaDeE}BqDmAkBc@y@wAuCoEsJuBoF_AqCo@wA_AuCqA}DOc@}BiHwAmEQa@Uu@K]MYKWGMGKGIGIGGEEMIOKc@SEAc@e@OUGQEOEQAMAOAQ?S@O@O?GDQFWFWFOFMrAuBHKFGFGHGHGJCHAH?H?H@JDt@NZLPBLBR@NANCLEJGZSjAy@`A_A`AkAb@o@\Ut@gALKJ?FJJ`@BNDV?L?PG`BAP?P?P?P@RJfDi@NG_BIgCAYAOEECAEHIJKNCD@^FxBDrB@f@DRDFBB??JCJAFABG?IEmAh@OKgDAS?Q?Q?Q@QFaB?Q?MEWOIGCI?ODeCnDg@h@g@b@cAp@iB`ASJIDGHIHEHCHYlA?BCvA?P@P@RDRThAf@~Br@|CnB|IrA`G
WF2 0GU,20,258,Carr Gate Garden Centre → Tardis → The Malt Shovel → Ardsley House → Carr Gate Garden Centre,3,8524,879,14min,}hzfIdjjHs@xAWk@[u@`@eBV{@p@m@d@SjBo@|@_@fCgApAi@pBy@HEDChAe@d@Sf@Sj@Wh@UZId@QEo@?_@BYDc@FYJa@R_@PS^YjBcAj@YPIrBkAnB_APIJf@@L?LENc@n@W`@W`@SXo@jASZ}@dBgBjD{@xAw@~@}EnHOTa@n@J`@BNDV?L?PG`BAP?P?P?P@RJfDi@NG_BIgCAYAOEECAEHIJKNCD@^FxBDrB@f@DRDF??BBJCJAFABG?IEmAh@OKgDAS?Q?Q?Q@QFaB?Q?MEWOIGCI?ODeCnDg@h@g@b@cAp@iB`ASJIDGHIHEHCHYlA?BOt@ETELEHGJcBvBGHIHIDIBIBI@K?OAEAc@e@OUGQEOEQAMAOAQ?S@O@O?GDQFWFWFOFMrAuBHKFGFGHGHGJCHAH?H?H@JDt@NZLPBLBR@NANCLEJGZSjAy@`A_A`AkAb@o@pB}CbCqDFM^_AVe@L_@FYDY@W@YAYMoAe@P[Hi@Tk@Vg@Re@RiAd@EBIDqBx@qAh@FjAaC|@MaAfCgApAi@pBy@HEDChAe@d@SBAb@Qj@Wh@UZId@QEo@?_@BYDc@FYJa@R_@PS^YjBcAj@YPIrBkAnB_APIJf@@L?LENc@n@W`@W`@SXo@jASZ}@dBgBjD{@xAw@~@}EnHOTa@n@a@h@eCnDg@h@g@b@cAp@iB`ASJIDGHIHEHCHYlA?BOt@ETELEHGJcBvBGHIHIDIBIBI@K?OAEAk@Ka@OQEOAM@OBMDOFYTQNSNa@Li@d@[Re@Ta@LC@kAZcA\kB|@WPo@d@m@b@]\[`@a@j@_@l@MVS^Up@EP~@LVk@g@eALW^m@`@k@Za@\]l@c@n@e@VQjB}@bA]jA[d@Od@UZSh@e@Ta@`AaAf@a@V]JMDIDKDQDOF]?GDQFWFWFOFMrAuBHKFGFGHGHGJCHAH?H?H@JDt@NZLPBLBR@NANCLEJGZSjAy@`A_A`AkAb@o@pB}CbCqDFM^_AVe@L_@FYDY@W@YAYMoAe@P[Hi@Tk@Vg@Re@RiAd@EBIDqBx@qAh@gCfA}@^kBn@e@Rq@l@Wz@a@dBZt@Vj@r@yA
WF2 0GU,20,259,Carr Gate WMC → The Malt Shovel → Gardener's Retreat Restaurant → Tardis → Carr Gate WMC,3,4259,484,8min,sqyfI`riHDz@BnBk@Vc@PC@e@RiAd@EBIDqBx@qAh@gCfA}@^_Bh@KDe@Rq@l@Wz@a@dBIf@Hg@`@eBV{@p@m@d@SjBo@|@_@fCgApAi@pBy@HEDChAe@d@Sf@Sj@Wh@UZId@QEo@?_@BYDc@FYJa@R_@PS^YjBcAj@YPIrBkAnB_APIJf@@L?LENc@n@W`@W`@SXo@jASZ}@dBgBjD{@xAw@~@}EnHOTa@n@J`@BNDV?L?PG`BAP?P?P?P@RJfDi@NG_BIgCAYAOEECAEHIJKNCD@^FxBDrB@f@DRDF??BBJCJAFABG?IEmAh@OKgDAS?Q?Q?Q@QFaB?Q?MEWOIGCI?ODeCnDg@h@g@b@cAp@iB`ASJIDGHIHEHCHYlA?BOt@ETELEHGJcBvBGHIHIDIBIBI@K?OAEAc@e@OUGQEOEQAMAOAQ?S@O@O?GDQFWFWFOFMrAuBHKFGFGHGHGJCHAH?H?H@JDt@NZLPBLBR@NANCLEJGZSjAy@`A_A`AkAb@o@pB}CbCqDFM^_AVe@L_@FYDY@W@YAYMoAe@P[Hi@TCoBE{@
WF2 0GU,20,260,Chantry Vets → Sun Bo → Kylies Sandwich Bar & Custom Cakes → Mill View Stores → Chantry Vets,3,1337,313,5min,ofufIr}iHFGHILSFHRTdAwCFSb@~@Zn@JSFSGEi@}@BDd@v@FDGRKR[o@c@_AGReAvCg@zAg@|AMZM\]v@q@fBGLZl@P[QZ[m@FMPg@^_A\w@L]L[f@}Af@{AdAwCFSb@~@Zn@BHRb@HTNVLVLVTfAj@Sk@RESOs@MWMWOWIUSc@CI[o@c@_AGReAvCSUGIMRIHGF
WF2 0GU,20,261,China And Thai Express → BP Manor Service Station → Restyle Fitness → East Ardsley Express → China And Thai Express,3,1592,353,5min,sm{fId{kHKo@CQKy@]cCZNJ@ZDZ@L?n@Al@AR_@f@dAOZGN_AMw@pCa@lCg@iDCQKy@]cCZNJ@Be@EA[K`@LCd@KA[Og@a@[Yk@c@WOQK]O_@OoAm@UKqBe@@TJrAJpAKqAKsAAUfAVh@LTJnAl@^N\NPJVNj@b@ZXf@`@ZNJ@ZDZ@L?n@Al@AUp@EPw@pCa@lC[yB
WF2 0GU,20,262,Conroyds Fish and Chips → The Wren Cafe → The New Pot Oil → Wrenthorpe Methodist Church → Conroyds Fish and Chips,3,1856,273,4min,uwvfIvphHy@nDEJW|@MTORYR_@LODYHI@UBc@E{B_@g@UGIn@}DL{@@AH_@Po@PJXLn@VJLf@v@T\JHDBH?FADIHSpAeFJ_@Rk@Pc@DMVq@Pc@Ds@VPt@v@PT]xAY|@o@dBUl@aAbEEJW|@MTORYR_@LODIBODI@UBc@E{B_@g@UGIY[[U}@a@FYb@eATy@Ux@O\Sf@GX|@`@ZTXZFHf@TzB^b@DTCHAXINE^MXSNSLUV}@DKx@oD
WF2 0GU,20,263,Country Kitchen → Outwood Primary Academy Kirkhamgate → The Star Inn → Shawfold Cars → Country Kitchen,3,1686,298,4min,sowfIhfnHIHw@v@Mc@Om@]}CE]Kq@SyACK?AOkA_@qCcAf@[yAJIKHZxAbAg@^pCNlABJRxAJp@D\\|CNl@Lb@yAzAi@l@ORs@aAKMAu@F]?IOs@Nr@?HG\@t@~@nANSh@m@xA{Av@w@TSd@c@pBeANGHEb@UPI\U^Wp@k@JVDVDf@@FCz@Jj@DXEYKk@B{@Go@EWKWq@j@_@V]TQHc@TIDOFqBdAe@b@KH
WF2 0GU,20,264,Curry Pot → Blue Marlin Fisheries → Mill View Stores → Kylies Sandwich Bar & Custom Cakes → Curry Pot,3,1206,256,4min,kaufIfviHYx@GReAvCg@zAGIWKVJFHJWZcAdAwCFSb@~@Zn@BHRb@HTNVLVLVTfAj@Sk@RESOs@MWMWOWIUSc@CI[o@c@_AGReAvCg@zAg@|AMZM\]v@q@fBGLZl@P[QZ[m@FMPg@^_A\w@L]L[f@}Af@{AdAwCFSXy@
WF2 0GU,20,265,Cyrus Guys → St Michaels Church → R H Binks And Sons → Methodist Church → Cyrus Guys,3,1853,301,5min,io{fIjbmH@u@BoD?GBaE?U@yABw@B{@Bq@Bo@FeA@SDu@y@BeAZWTUV}@p@}@f@AI{DbAGXNfANTHFFn@Go@IGOUOgAFYtA_@dBc@@H|@g@|@q@TWVUdA[x@CLiAFy@NaBg@iDCQIs@AE]cCZNJ@ZDZ@L?n@Al@AUp@EPw@pCa@lCWzCMhAEt@ARGdACn@Cp@Cz@Cv@AxA?TC`E?FCnDAt@
WF2 0GU,20,266,Declans → Wrenthorpe Club → The Lawrence → Wrenthorpe Academy → Declans,3,1574,261,4min,eaxfIb`hHpA`ATN\Tj@^G^I@??WQODLu@]UUO_CeB_@h@CBW^uA~BmAtBKPe@iAIUEO?O@OBSZm@DED@HNIOEAED[l@CRAN?NDNHTLZVl@JQlAuBtA_CV_@BC^i@~BdBTN\Tj@^|@n@`BpAZXj@z@Z_AXcAb@_BBIHS??IRCHc@~AYbA[~@k@{@[YaBqA}@o@k@_@]UUOqAaA
WF2 0GU,20,267,Driver Training Area → Cardigan House → West Yorkshire Police Learning & Development Centre → West Yorkshire Police Bishopgarth House → Driver Training Area,3,27897,1369,22min,qvyfIzhlH\|AtAxDbCzFbCdFbAjBb@x@bAjBnCrD|CfEjDpDxFdFfMjJzBxA`CrAtBfAtDrBtG`Dn@R~FjBlGhAdE\xDDvEOnE[hOcClImApBYzRuF^OZSPMNQNUj@{ARg@POPMLINEP@RBTLVXJXFVDVDX@\?ZAtDA|@AZA\ETW~@MZk@Va@@OCWOMOMUIOi@w@a@So@E{Lh@qAFsFj@sInAeOdCoE`@cFJwDImE]eGaAaGiBs@W_HeDkDqBuBiAcCcB}B_BqFsDiF{DkFqEoD{DaDeE}BqDmAkBc@y@wAuCoEsJuBoF_AqCo@wA_AuCqA}DOc@}BiHwAmEQa@Uu@K]MYKWGMGKGIGIGGEEMIOKc@SEAc@e@OUGQEOEQAMAOAQ?S@O@O?GDQFWFWFOFMrAuBHKFGFGHGHGJCHAH?H?H@JD^\JNFJDLDLBPBN@N@P?P?P?P?BCvA?P@P@RDRThAf@~Br@|CnB|IrA`Gj@fCR|@vAlGtAxDbCzFbCdFbAjBb@x@bAjBnCrD|CfEjDpDxFdFfMjJzBxA`CrAtBfAtDrBtG`Dn@R~FjBlGhAdE\xDDvEOnE[hOcClImApBYzRuF^OZSPMNQNUj@{ARg@POPMLINEP@RBTLVXJXFVDVDX@\?ZAtDA|@AZA\ETW~@MZk@Va@@OCWOMOMUIOi@w@a@So@E{Lh@qAFsFj@sInAeOdCoE`@cFJwDImE]eGaAaGiBs@W_HeDkDqBuBiAcCcB}B_BqFsDiF{DkFqEoD{DaDeE}BqDmAkBc@y@wAuCoEsJuBoF_AqCo@wA_AuCqA}DOc@}BiHwAmEQa@Uu@K]MYKWGMGKGIGIGGEEMIOKc@SEAc@e@OUGQEOEQAMAOAQ?S@O@O?GDQFWFWFOFMrAuBHKFGFGHGHGJCHAH?H?H@JD^\JNFJDLDLBPBN@N@P?P?P?P?BCvA?P@P@RDRThAf@~Br@|CnB|INn@nBxIR|@vAlGtAxDbCzFbCdFbAjBb@x@bAjBnCrD|CfEjDpDxFdFfMjJzBxA`CrAtBfAtDrBtG`Dn@R~FjBlGhAdE\xDDvEOnE[hOcClImApBYzRuF^OZSPMNQNUj@{ARg@POPMLINEP@RBTLVXJXFVDVDX@\?ZAtDA|@AZA\ETW~@MZk@Va@@OCWOMOMUIOi@w@a@So@E{Lh@qAFsFj@sInAeOdCoE`@cFJwDImE]eGaAaGiBs@W_HeDkDqBuBiAcCcB}B_BqFsDiF{DkFqEoD{DaDeE}BqDmAkBc@y@wAuCoEsJuBoF_AqCo@wA_AuCqA}DOc@}BiHwAmEQa@Uu@K]MYKWGMGKGIGIGGEEMIOKc@SEAc@e@OUGQEOEQAMAOAQ?S@O@O?GDQFWFWFOFMrAuBHKFGFGHGHGJCHAH?H?H@JDt@NZLPBLBR@NANCLEJGZSjAy@`A_A`AkAb@o@\Ut@gALKJ?FJJ`@BNDV?L?PG`BAP?P?P?P@RJfDi@NG_BIgCAYAOEECAEHIJKNCD@^FxBDrB@f@DRDFBB??JCJAFABG?IEmAh@OKgDAS?Q?Q?Q@QFaB?Q?MEWOIGCI?ODeCnDg@h@g@b@cAp@iB`ASJIDGHIHEHCHYlA?BCvA?P@P@RDRThAf@~Br@|CnB|I~BhKR|@x@nD
WF2 0GU,20,268,DVSA Wakefield Test Center → Silkwood Farm → Total Fitness → Amazon DLS4 → DVSA Wakefield Test Center,3,2654,461,7min,oetfIremH@E?C?EA_@LEBABA@CTgALo@VR\ZPaA??Q`A][WSMn@oB_BlA_GXq@J[HWn@z@zB`CLJD@D?LEDAJEF?B?HF@BDHDN@RAPEPGLIDK@OFEHEJ{AbHKd@SdAI`@Gd@Kx@CXKfAA`@?LBNBP??FTBBLDH@F@D?NIDEHILOLUFIPa@Pg@DMDMFWPo@@KNq@ViAD]DIDIHIAOAECC_@Y_Aw@~ApABB@D@NCNGNABEHGLWhAOp@AJQn@GVELELQf@Q`@GHMTMNIHEDOHEBEFEDIPANENGHWFECIIEMCOAQBQDOBCJ[BMBMBM@a@JgABYJy@Fe@Ha@ReAJe@zAcH@K?G?EAa@CQEUAMEIKU{BaCo@{@IVKZYp@mA~FWlAAFS~@GTSdAi@dCc@nBKIEEC?AC?E@Ef@cC^gBJHNJReAFUR_A@GVmAnB~AUfAABC@C@MD@^?D?BAD
WF2 0GU,20,269,East Ardsley Community Centre → Main Street Fisheries → China And Thai Express → St Michaels Church → East Ardsley Community Centre,3,2131,434,7min,m}{fIzjkHNLpBd@TJnAl@^N\NPJVNj@b@ZXf@`@ZNJ@Be@a@M??`@LCd@ZDZ@L?n@Al@AUp@EPw@pCa@lC[yBKo@CQKy@]cCZNJ@ZDZ@L?n@Al@AUp@EPw@pCa@lCWzCMhAy@BeAZWTUV}@p@}@f@AI{DbAGXNfANTHFFn@Go@IGOUOgAFYtA_@dBc@@H|@g@|@q@TWVU]GYIY[S]Og@Ok@Kq@Gs@Iy@Ew@GkAC]?]@c@@a@Dc@b@qDoAm@UKqBe@OM
WF2 0GU,20,270,East Ardsley Conservative Club → BP Manor Service Station → East Ardsley Express → St Michaels Church → East Ardsley Conservative Club,3,2187,466,7min,mo{fI`zkHB?d@]Ky@]cCZNJ@ZDZ@L?n@Al@AR_@f@dAOZGN_AMw@pCa@lCg@iDCQKy@]cCg@a@[Yk@c@WOQK]O_@OoAm@UKqBe@@TJrAJpAKqAKsAAUfAVh@LTJnAl@c@pDEb@A`@Ab@?\B\FjADv@Hx@Fr@Jp@Nj@Nf@R\XZXH\FWTUV}@p@}@f@AI{DbAGXNfANTHFFn@Go@IGOUOgAFYtA_@dBc@@H|@g@|@q@TWVUdA[x@CLiAV{Cg@iDCQe@\C?
WF2 0GU,20,271,East Ardsley Express → Main Street Fisheries → China And Thai Express → The Bay Horse → East Ardsley Express,3,1427,308,5min,uz{fI`lkHh@LTJnAl@^N\NPJVNj@b@ZXf@`@ZNJ@Be@a@M??`@LCd@ZDZ@L?n@Al@AUp@EPw@pCa@lC[yBKo@CQKy@]cCZNJ@ZDZ@L?n@Al@AR_@LWQSR_AJk@BMCLKj@S~@??PRMVS^Up@EPw@pCa@lCg@iDCQKy@]cCg@a@[Yk@c@WOQK]O_@OoAm@UKi@M
WF2 0GU,20,272,East Ardsley Luncheon Club → Main Street Fisheries → China And Thai Express → St Michaels Church → East Ardsley Luncheon Club,3,2133,448,7min,y|{fIjlkHAKAUpBd@TJnAl@^N\NPJVNj@b@ZXf@`@ZNJ@Be@a@M??`@LCd@ZDZ@L?n@Al@AUp@EPw@pCa@lC[yBKo@CQKy@]cCZNJ@ZDZ@L?n@Al@AUp@EPw@pCa@lCWzCMhAy@BeAZWTUV}@p@}@f@AI{DbAGXNfANTHFFn@Go@IGOUOgAFYtA_@dBc@@H|@g@|@q@TWVU]GYIY[S]Og@Ok@Kq@Gs@Iy@Ew@GkAC]?]@c@@a@Dc@b@qDoAm@UKqBe@@T@J
WF2 0GU,20,273,East Ardsley Post Office → BP Manor Service Station → Main Street Fisheries → St Michaels Church → East Ardsley Post Office,3,1665,356,5min,_m{fIv`lHFw@`@mCv@qCDQTq@R_@f@dAOZGN_AMw@pCa@lCg@iDCQKy@]cCZNJ@Be@a@M??`@LCd@ZDZ@L?n@Al@AUp@EPw@pCa@lCWzCMhAy@BeAZWTUV}@p@}@f@AI{DbAGXNfANTHFFn@Go@IGOUOgAFYtA_@dBc@@H|@g@|@q@TWVUdA[x@CLiANcB
WF2 0GU,20,274,Esso → Toyota Vantage → Total Fitness → Ramada → Esso,3,2160,416,6min,ersfIhmmHSj@QJSYHQb@iAD_@\_ABQA_@q@gAw@m@KEMGPeAHM\KHYNm@BETmADMB?BB@DYtABOTeAAECCC?ELUlACDOl@IX]JILQdAo@_@e@e@[_@SU_@m@KMEECAKCIDK@OFEHEJ{AbHKd@SdAI`@Gd@Kx@CXKfAA`@?LBNBP??FTBBLDH@F@D?NIDEHILOLUFIPa@Pg@DMDMFWPo@@KNq@ViAD]DIDIHIAOAECC_@Y_Aw@~ApABB@D@NCNGNABEHGLWhAOp@AJQn@GVELELQf@Q`@GHMTMNRbAb@eADCb@j@DHEL[bA??EBMSCCEEQWAKScAIHEDOHEBEFEDIPANEN?\?B?HBRH\DLFNVf@HN^j@VPLDD@B?B?NEzCuHPg@Rc@JS`@w@TWVk@HQb@iAHLH^GN
WF2 0GU,20,275,Flanshaw Lodge → The Eagle → Alverthorpe Working Mens Club → GJH Commercial Vehicle Services Ltd → Flanshaw Lodge,3,2911,444,7min,u{sfIzrjHMa@Ee@lAiATKEWEQISGO_@t@MVIN[h@QVYRSPa@X??EBSPA@YPKHQJYJC?SBY?OAQCYMi@Y_@MkB]s@Oc@Kc@MGAu@YQMKKn@{DD^i@fDPLt@XF@b@Lb@J~Cl@AfD?nCAr@?lAA|C?V?XErK?H?hA?|@AjAB`AFr@BRcAb@KBSDYBYBWAeACo@A?{A?M@uBm@?M?EBCH?d@BHDDZ?[?EECI?e@BIDCL?V?T?AtB?L?zAn@@dABV@XCXCREJCbAc@CSGs@CaA@kA?}@?iA?IDsK?Y?W@}C?mA@s@?oC@gD^Lh@XXLPBN@X?RCB?XKPKJIZSRQDC??`@YRQXSPWZi@HOLW^u@FNHRDPDVUJmAhADd@L`@
WF2 0GU,20,276,Flanshaw United Reformed Church → Alverthorpe Working Mens Club → GJH Commercial Vehicle Services Ltd → Mill View Stores → Flanshaw United Reformed Church,3,3583,526,8min,k}sfIttjHe@MMBGACGESG]EBSP[RKHQJYJC?SBY?OAQCYMi@Y_@MkB]s@Oc@Kc@MGAu@YQMKKn@{DD^i@fDPLt@XF@b@Lb@J~Cl@AfD?nCAr@?lAA|C?V?XErK?H?hA?|@AjAB`AFr@BRcAb@KBSDYBYBWAeACo@A?{A?M@uBm@?M?EBCH?d@BHDDZ?[?EECI?e@BIDCL?V?T?AtB?L?zAn@@dABV@XCXCREJCbAc@CSGs@CaA@kA?}@?iA?IDsK?Y?W@}C?mA@s@?oC@gD_Dm@c@Kc@MGAu@YQMKKi@g@QOUMMIUMOK_@YYa@Wg@[w@CIWe@CIKSGUQk@CIESOs@MW|@aBH[CUMSLRBTIZ}@`BLVTfABHPj@FTJRBHVd@BHZv@Vf@X`@^XNJTLLHTLPNh@f@JJPLt@XF@b@Lb@J~Cl@^Lh@XXLPBN@X?RCB?XKPKJIZSRQDCF\DRBFF@LCd@L
WF2 0GU,20,277,Fusion Hair Studio → St Michaels Church → R H Binks And Sons → Methodist Church → Fusion Hair Studio,3,1840,308,5min,qn{fIv`mHUABoD?GBaE?U@yABw@B{@Bq@Bo@FeA@SDu@y@BeAZWTUV}@p@}@f@AI{DbAGXNfANTHFFn@Go@IGOUOgAFYtA_@dBc@@H|@g@|@q@TWVUdA[x@CLiAFy@NaBg@iDCQIs@AE]cCZNJ@ZDZ@L?n@Al@AUp@EPw@pCa@lCWzCMhAEt@ARGdACn@Cp@Cz@Cv@AxA?TC`E?FCnDT@
WF2 0GU,20,278,Gardener's Retreat Restaurant → The Malt Shovel → Tardis → Carr Gate WMC → Gardener's Retreat Restaurant,3,4087,490,8min,ggzfIrbjH~Ai@|@_@fCgApAi@pBy@HEDChAe@d@SBAb@Qj@Wh@UZId@QEo@?_@BYDc@FYJa@R_@PS^YjBcAj@YPIrBkAnB_APIJf@@L?LENc@n@W`@W`@SXo@jASZ}@dBgBjD{@xAw@~@}EnHOTa@n@J`@BNDV?L?PG`BAP?P?P?P@RJfDi@NG_BIgCAYAOEECAEHIJKNCD@^FxBDrB@f@DRDF??BBJCJAFABG?IEmAh@OKgDAS?Q?Q?Q@QFaB?Q?MEWOIGCI?ODeCnDg@h@g@b@cAp@iB`ASJIDGHIHEHCHYlA?BOt@ETELEHGJcBvBGHIHIDIBIBI@K?OAEAc@e@OUGQEOEQAMAOAQ?S@O@O?GDQFWFWFOFMrAuBHKFGFGHGHGJCHAH?H?H@JDt@NZLPBLBR@NANCLEJGZSjAy@`A_A`AkAb@o@pB}CbCqDFM^_AVe@L_@FYDY@W@YAYMoAe@P[Hi@TCoBGmAq@LJr@Ks@p@M@PDz@BnBk@Vg@Re@RiAd@EBIDqBx@qAh@gCfA}@^_Bh@
WF2 0GU,20,279,GJH Commercial Vehicle Services Ltd → Alverthorpe Working Mens Club → Ossett Fire Station → Amazon DLS4 → GJH Commercial Vehicle Services Ltd,3,3140,486,8min,wrtfIvykHT?AtB?L?zAn@@dABV@XCXCREJCbAc@CSGs@CaA@kA?}@?iA?IDsK?Y?W@}C?mA@s@?oC@gDkB]s@Oc@Kc@MGAu@YQMKKn@{DD^i@fDPLt@XF@b@Lb@J~Cl@AfD?nCAr@?lAA|C?V?XErK?H?hA?|@AjAB`AFr@BR^jBLl@JdAFrAJ`BVtAV`AVj@Rb@IVKZYp@mA~FWlAAFS~@PJ@@@?@??CH_@??I^?BA?A?AAQKGTSdAi@dCc@nBKIEEC?AC?E@Ef@cC^gBJHNJReAFUR_A@GVmAlA_GXq@J[HWSc@Wk@WaAWuAKaBGsAKeAMm@_@kBcAb@KBSDYBYBWAeACo@A?{A?M@uBU?
WF2 0GU,20,280,Hall Cliffe Primary School → Wrenthorpe Potovens → Jerry Clay Academy → The Well Church (Elim Pentecostal) → Hall Cliffe Primary School,3,4753,496,8min,ayvfIrpiHYC[YM??iB?u@?e@CoACq@Ee@Mg@Mm@Gi@Ci@CSEkBODYHI@UBc@E{B_@g@UGIY[[U}@a@GC}@a@]OQIOOcAaBS[e@s@]g@u@kAk@{@[YaBqA}@o@k@_@]UUO_CeB_@h@CBW^uA~BmAtBKPq@hAGHq@jAaAdBSb@oBxD_AhBcA|AKLCDu@~@}@|@a@XCB_@RJf@@L?LENc@n@W`@fAxEf@|BVjAXt@DJTf@hA`CN`@HRDP@VC^Gb@Id@Mt@IhAE`BBt@LpAb@nDB\^lE^fEHjA\zAlApDbCtIjOi]xHgQjFuL`@aATk@DKDKRc@`@y@Pe@JU^y@`BoD\w@Zu@LYFIFGXSDCRQFEf@g@Mm@Gi@G}@EkBODYHI@UBc@EMNWNINKZI\ITi@XMNEPG^EZOEQCG?USMOReADUj@cDf@TzB^b@DTCHAXINEDjBF|@Fh@Ll@Lf@Dd@Bp@BnA?d@?t@?hBL?ZXXB
WF2 0GU,20,281,Highfield School → Ossett WMC → West Ardsley Methodist Church → The Star Inn → Highfield School,3,16252,1429,23min,}wvfIbusHDb@Jf@Lv@Pp@Pn@L`@HVBD@J@PBP?V@`@?\?jBAdA?v@BZJVt@|Bb@xBJp@XfBLp@J\Rr@Rf@Td@FLPRPLh@\HHLJVk@NUXa@hA[rA_@RGz@Uh@MdAWTbAHVHJJDP@ZCXG\GZKZMZYTUhBoB`@YlA{@b@UdCuAh@@VPJKTSBC\]`@u@`AeCLm@Pu@ZwAPy@b@kBPq@j@cCJ]XeAJ[XcAT_AjBkGFQ|@{CVmAJe@l@iCVeAJq@H{@Do@Du@?e@?M?}@EgACq@QoFBsAJ}E@e@@gAF}B@_@@UD_ADuATcGLoCFwADiAXqGBYT_EJ_CJmF?i@AWAOKYUq@U_@mAqAc@OQAQ?_@LURW\O\Mj@I|@Bx@Dd@SRq@\{@Pa@?c@CsAKaBKw@IIKEQCIA_ACg@Q_BgAoI}@cIEy@SqEGo@Kk@Ou@Uq@Qk@Kc@Eg@Em@Co@Ea@Oo@Oq@Ww@Qk@Ss@WwAYgBOcAGm@C[AM@u@?o@Cw@CsAG}AGo@G_@MWWSQIQGCA_@K[Ua@_@y@_AmAmA_A_AcAqAk@q@m@s@{@u@}@u@qBoBuAuAY][hA_@pAeAlCsAdCQ\cBdDw@lB]t@{@bCaB`E_@z@S\OXYb@i@r@QRq@j@_@V]TQHc@TIDOFqBdAe@b@URw@v@yAzAi@l@OR_@f@SX{BfD]r@Wn@Of@u@`DSt@Sj@Yf@YVYNE@kANmAPO@S?[Ee@IC?Y@]F]HQL]Xa@l@Uf@Od@Qt@Mv@i@vEKl@K\SRe@XyA~@s@p@c@n@Wp@Sv@SlAo@bFYrB_AvDuA~Du@|BCF}@xCc@bBUbAUlA]fB[bAYp@k@|@s@v@oBdBKH_@`@S\Sl@YfA_@hBWhAIX[z@GNe@c@o@_@gAe@NaB|@h@PBJMKLA?OC}@i@O`BfAd@n@^d@b@FOZ{@HYViA^iBXgARm@R]^a@JInBeBr@w@j@}@Xq@ZcA\gBTmATcAb@cB|@yCBGt@}BtA_E~@wDXsBn@cFRmARw@Vq@b@o@r@q@xA_Ad@YRSJ]Jm@h@wELw@Pu@Ne@Tg@`@m@\YPM\I\GXAB?d@HZDR?NAlAQjAODAXOXWXg@Rk@Ru@t@aDNg@Vo@\s@zBgDRY^g@s@aAKMAu@F]?IOs@Nr@?HG\@t@~@nANSh@m@xA{Av@w@TSd@c@pBeANGHEb@UPI\U^Wp@k@PSh@s@Xc@NYR]^{@`BaEz@cC\u@v@mBbBeDP]rAeCdAmC^qAZiAX\tAtApBnB|@t@z@t@l@r@j@p@bApA~@~@lAlAx@~@`@^ZT^JB@PFPHVRLVF^Fn@F|ABrABv@?n@At@@LBZFl@NbAXfBVvARr@Pj@Vv@Np@Nn@D`@Bn@Dl@Df@Jb@Pj@Tp@Nt@Jj@Fn@RpEDx@|@bIfAnIP~ABf@@~@BHDPHJv@H`BJrAJb@B`@?z@Qp@]RSEe@Cy@H}@Lk@N]V]TS^MP?P@b@NlApATRz@XAf@EzAMdEKr@K~BU~DCXYpGEhAGvAMnCUbGEtAE~@ATA^G|BAfAAd@K|ECrAPnFHxB?|@?L?d@Et@En@Iz@Kp@WdAm@hCKd@WlA}@zCGPkBjGU~@YbAKZYdAK\k@bCQp@c@jBQx@[vAQt@Ml@aAdCa@t@]\CBURKJWQi@AeCtAc@TmAz@a@XiBnBUT[X[L[J]FYF[BQAKEIKIWUcAeAVi@L{@TSFsA^iAZY`@OTWj@MKIIi@]QMQSGMUe@Sg@Ss@K]Mq@YgBKq@c@yBu@}BKWC[?w@@eA?kB?]Aa@?WCQAQAKCEIWMa@Qo@Qq@Mw@Kg@Ec@
WF2 0GU,20,282,Hill Top Primary Academy → West Ardsley Book Exchange → West Ardsley Methodist Church → The Mens Room → Hill Top Primary Academy,3,8357,936,15min,clzfIn}rHNTn@bAFHJ@H@D@RZRi@x@}Bn@}Al@eBFOdFcNe@c@o@_@gAe@qBw@qBy@{Aq@QGmEiBk@Sk@SBWDS@S?Q?S@OLaBM`BAN?R?PARERCVTHTHj@RlEhBPFzAp@pBx@pBv@NaB|@h@PBJMKLA?OC}@i@O`BqBw@qBy@{Aq@QGmEiBk@Sk@S{Ai@{@Wo@Uu@e@e@[CC]YuAoAkAaAs@i@gAaAGE[Wk@a@cDgCu@g@SGQEc@IKAeBS_@Go@OsB]SEQA?m@AaAA]E{@IaAKiBQ_CE}@AQAQIsAIqAAWMoBGaAIaAUeBYwB]oCe@uBi@mCMs@Gk@u@oH]mDOuAY{BIk@CSIs@OuA_AmHKcAKu@Ic@Rg@P]V_@V_@NMVU~@i@\Qn@UVIj@MZGn@StAq@fBy@\Q`@Sp@]z@g@vBoAh@a@XYP_@DIP}@De@FkABgA@m@zAHHAFEDGDMBSBaClALFDFHBJ@H?FALEJEDIDoA^CRELEFGDI@{AIEtBGjAEd@Q|@EHQ^YXi@`@wBnA{@f@q@\a@R]PgBx@uAp@o@R[Fk@LWHo@T]P_Ah@WTOLW^W^Q\Sf@Hb@Jt@JbA~@lHNtAHr@BRHj@XzBNtA\lDt@nHFj@Lr@h@lCd@tB\nCXvBTdBH`AF`ALnB@VHpAHrA@P@PD|@P~BJhBH`ADz@@\@`A?l@P@RDrB\n@N^FdBRJ@b@HPDRFt@f@bDfCj@`@ZVFDfA`Ar@h@jA`AtAnA\XBBd@Zt@d@n@Tz@VzAh@j@Rj@RlEhBPFzAp@pBx@pBv@fAd@n@^d@b@eFbNGNm@dBo@|Ay@|BSh@S[EAIAKAGIo@cAOU
WF2 0GU,20,283,Holiday Inn → Shell Select → Ramada → Total Fitness → Holiday Inn,3,2308,396,6min,gpsfItwmH|@`@ENGPc@l@KNKPEBEJs@`A]aAEIQm@q@_CYoAG[?K@QJS`@w@@[Ea@BS@CHU@C??RATZb@iAD_@\_ABQA_@q@gAw@m@KEMGo@_@e@e@[_@SU_@m@KMEECAKCIDK@OFEHEJ{AbHKd@SdAI`@Gd@Kx@CXKfAA`@?LBNBP??FTBBLDH@F@D?NIDEHIRbAb@eADCb@j@DHEL[bA??EBMSCCEEQWAKScALOLUFIPa@Pg@DMDMFWPo@@KNq@ViAD]DIDIHIAOAECC_@Y_Aw@~ApABB@D@NCNGNABEHGLWhAOp@AJQn@GVELELQf@Q`@GHMTMNIHEDOHEBEFEDIPANEN?\?B?HBRH\DLFNVf@HN^j@VPLDD@B?B?NEzCuHRMVCXnAp@~BPl@DHZi@DCHDZRNFDCJQJOb@m@FQDO}@a@
WF2 0GU,20,284,Hong Kong Vegan → Wrenthorpe Academy → Spot on Dog Grooming → The Wheel → Hong Kong Vegan,3,1540,201,3min,wowfIdngHe@Tq@^c@Xu@f@E@eBbAo@`@m@d@s@v@s@~@wBzC~BdBTN\Tj@^|@n@`BpAZXj@z@Z_AXcAb@_BBIHS??IRCHc@~AYbA[~@k@{@[YaBqACAy@m@k@_@]UUO_CeBfA{An@_Ar@_Ar@w@l@e@n@a@dBcADAt@g@b@Yp@_@d@U
WF2 0GU,20,285,JB's Cafe & Bistro → Ossett Flushdyke Junior and Infant School → Spring Mill Golf Course → Ramada → JB's Cafe & Bistro,3,10890,1053,17min,{gtfIl}oHGVIz@I?IM?yAWBGDI?GAIGUq@U_@mAqAc@OQAQ?_@LURW\O\Mj@I|@Bx@Dd@X`@RLRAPGLQJUlA{DJa@p@sBt@aBzDkIFMP_@VaADg@?c@A]E[G]Ia@IOGYG]A[AW?W@wD@y@@[@YD]H[Rg@POPMLINEP@RBTLVXJXFVDVDX@\?ZAtDA|@AZA\ETW~@MZa@fAcAxBkAjCkDhHq@zAq@nBy@bDWvAAFW|AQ`BQjBGlAIdCEvCGnEQnLIdCSvC_@|De@vCg@tBs@dCqAvCwL`SwBhDmDxF{AhCiBbD{@lBoB`Fq@xBe@xBg@xCYpCKzAG`BChCD|BRlDXrCj@`Ev@bDr@tCLRLHP@HCVAJ@FBFFFJFVBLFf@@H?PAPEPELIHGDGBk@EEAGEGGEKEMCS?U?]UmAaAmDq@cDm@eE[sCSoDCu@AiA@kCDcBJ}AToCd@_Dh@qBp@cCvBuFx@kBbBkDrAgChHiL`H}KnCoErAyCr@uBj@wBf@uCd@uDRuCHoCNkLDwBFwFAi@BoANgCDu@?c@A[ESCOM_@Oe@G[Gc@Ee@Cy@H}@Lk@N]V]TS^MP?P@b@NlApATRz@XAf@EzAMdEKr@K~BxBdA\M^q@h@y@fAmAn@k@RWf@u@hCcDHKHEH@H@JDHHFJDNh@|BVjAFVFPVf@`A|AJB@?NGDGDGXm@Pa@JQHEHKj@u@`@o@BGhA{BP[ZWDCDCNE^KLARMz@s@TWDEDMBAt@c@ZKUyA[eCcBkM{@qECOkAgFYaA{@_DK]sCoHk@}ASi@]aAEIQm@q@_CYoAG[?K@QJS`@w@TWVk@HQb@iAD_@\_ABQA_@q@gAw@m@KEMGo@_@e@e@[_@SU_@m@KMEECAKCIDK@OFEHEJ{AbHKd@SdAI`@Gd@Kx@CXKfAA`@?LBNBP??FTBBLDH@F@D?NIDEHIRbAb@eADCb@j@DHEL[bA??EBMSCCEEQWAKScAIHEDOHEBEFEDIPANEN?\?B?HBRH\DLFNVf@HN^j@b@p@BBDHBDDJ@N@PAN[x@Yz@K`@E\C\?b@B\Db@Jp@JXFVDVDX@\?ZAtDA|@AZA\ETW~@MZa@fAcAxBkAjCuBjFIn@GfAGlAA\CbBAf@EzA\EHLH?H{@FW
WF2 0GU,20,286,Jerry Clay Academy → Hall Cliffe Primary School → The Well Church (Elim Pentecostal) → Sunnyhill Stores → Jerry Clay Academy,3,2691,363,6min,_iwfIlwiHDKDKRc@`@y@Pe@JU^y@`BoD\w@Zu@LYFIFGXSDCRQFEf@g@Lf@Dd@Bp@BnA?d@?t@?hBL?ZXXB@?[C[YM??iB?u@?e@CoACq@Ee@Mg@Mm@Gi@G}@EkBODYHI@UBc@EMNWNINKZI\ITi@XMNEPG^EZOEQCG?USMOReADUj@cDf@TzB^b@DTCHAXINEDjBF|@Fh@Ll@Lf@Dd@Bp@BnA?d@?t@?hB?rB?zA?HDzCDdFBzA@T@hAFlF_@PO@EDCFCLBMBGDENA??^QGmFAiAAUC{AEeFE{C?I?{A?sB?iB?u@?e@CoACq@Ee@Mg@g@f@GDSPEBYRGFGHMX[t@]v@aBnD_@x@KTQd@a@x@Sb@EJEJ
WF2 0GU,20,287,Kirkhamgate Fisheries → Village Stores → Outwood Primary Academy Kirkhamgate → The Star Inn → Kirkhamgate Fisheries,3,1735,315,5min,{cwfIn`nHAQEWKWq@j@_@V]TQHc@TIDOFqBdA_@wBm@\OH|@g@^vBe@b@URw@v@Mc@Om@]}CE]Kq@SyACK?AOkA_@qCcAf@[yAJIKHZxAbAg@^pCNlABJRxAJp@D\\|CNl@Lb@yAzAi@l@ORs@aAKMAu@F]?IOs@Nr@?HG\@t@~@nANSh@m@xA{Av@w@TSd@c@pBeANGHEb@UPI\U^Wp@k@JVDV@P
WF2 0GU,20,288,Kirkhamgate Village Hall → The Star Inn → Outwood Primary Academy Kirkhamgate → Shawfold Cars → Kirkhamgate Village Hall,3,1831,321,5min,iswfIdbnHTrBNl@Lb@yAzAi@l@ORs@aAKMAu@F]?IOs@Nr@?HG\@t@~@nANSh@m@xA{AMc@Om@]}CE]Kq@SyACK?AOkA_@qCcAf@[yAJIKHZxAbAg@^pCNlABJRxAJp@D\\|CNl@Lb@v@w@TSd@c@pBeANGHEb@UPI\U^Wp@k@JVDVDf@@FCz@Jj@DXEYKk@B{@Go@EWKWq@j@_@V]TQHc@TIDOFqBdAe@b@URw@v@Mc@Om@UsB
WF2 0GU,20,289,"Kirkhamgate Village Hall, Brandy Carr Road → Outwood Primary Academy Kirkhamgate → The Star Inn → Shawfold Cars → Kirkhamgate Village Hall, Brandy Carr Road",3,1686,298,4min,qswfI`anH?EE]Kq@SyACK?AOkA_@qCcAf@[yAJIKHZxAbAg@^pCNlABJRxAJp@D\\|CNl@Lb@yAzAi@l@ORs@aAKMAu@F]?IOs@Nr@?HG\@t@~@nANSh@m@xA{Av@w@TSd@c@pBeANGHEb@UPI\U^Wp@k@JVDVDf@@FCz@Jj@DXEYKk@B{@Go@EWKWq@j@_@V]TQHc@TIDOFqBdAe@b@URw@v@Mc@Om@]wC
WF2 0GU,20,290,Kowloon → Alverthorpe Garage → Mill View Stores → Sun Bo → Kowloon,3,1187,267,4min,ajufIbijHb@iA\w@L]L[f@}Af@{AdAwCFSb@~@Zn@BH}AlCu@rAIHO@]I\HNAHIP[b@w@|AmCRb@HTNVLVLVTfAj@Sk@RESOs@MWMWOWIUSc@CIJSFSGEi@}@BDd@v@FDGRKR[o@c@_AGReAvCg@zAg@|AMZM\]v@c@hA
WF2 0GU,20,291,Kylies Sandwich Bar & Custom Cakes → Alverthorpe Garage → Mill View Stores → Sun Bo → Kylies Sandwich Bar & Custom Cakes,3,1179,266,4min,}iufIxhjH^_A\w@L]L[f@}Af@{AdAwCFSb@~@Zn@BH}AlCu@rAIHO@]I\HNAHIP[b@w@|AmCRb@HTNVLVLVTfAj@Sk@RESOs@MWMWOWIUSc@CIJSFSGEi@}@BDd@v@FDGRKR[o@c@_AGReAvCg@zAg@|AMZM\]v@_@~@
WF2 0GU,20,292,Lindale Methodist Church → The Star Inn → Outwood Primary Academy Kirkhamgate → Shawfold Cars → Lindale Methodist Church,3,1801,318,5min,aswfIncnHLhANl@Lb@yAzAi@l@ORs@aAKMAu@F]?IOs@Nr@?HG\@t@~@nANSh@m@xA{AMc@Om@]}CE]Kq@SyACK?AOkA_@qCcAf@[yAJIKHZxAbAg@^pCNlABJRxAJp@D\\|CNl@Lb@v@w@TSd@c@pBeANGHEb@UPI\U^Wp@k@JVDVDf@@FCz@Jj@DXEYKk@B{@Go@EWKWq@j@_@V]TQHc@TIDOFqBdAe@b@URw@v@Mc@Om@MiA
WF2 0GU,20,293,Lofthouse Colliery Disaster Memorial → Sunnyhill Stores → Low Laithes Golf Course → Alverthorpe St Paul's CofE (VA) School → Lofthouse Colliery Disaster Memorial,3,8486,1128,18min,_hvfIr~kHVu@sAeC]u@k@qAQ]qAoCIQ{@eBQi@GUkCgKyAsFIc@Ec@Ee@CcA_@PO@EDCFCLBMBGDENA??^QBbADd@Db@Hb@xArFjCfKFTPh@z@dBHPpAnCP\j@pA\t@rAdCBIbAmBb@i@~@cAdB{Ap@i@Z_@Vc@Pi@V}@d@sBp@aCV_A|BsGvBwEr@iBr@gB^aAFMp@gB\w@L]L[f@}Af@{AdAwCFSb@~@Zn@BHRb@HTNVLVLVTfABHPj@FTJRBHVd@BHZv@Vf@X`@^XNJTLLHTLPNh@f@JJPLt@XF@b@Lb@J~Cl@AfD?nCAr@?lAA|C?V?XErK?H?hA?|@AjAB`AFr@BR^jBLl@JdAFrAJ`BVtAV`AVj@Rb@IVKZYp@mA~FWlAAFS~@GTSdAi@dCc@nB_A|EILKBMEY]qAeAUGIEKGGIGQAKAO?MHwBHwB@a@?OJwDBa@PuBJmADOFIL?DBNNRRZZ@FAPEFCDy@xDGFE?KIECk@fDA`@BT@PCp@?`@EbB?F@XBLHVLLPTpAdAZNLDH@HE~@}Eb@oBh@eCReAFUR_A@GVmAlA_GXq@J[HWSc@Wk@WaAWuAKaBGsAKeAMm@_@kBCSGs@CaA@kA?}@?iA?IDsK?Y?W@}C?mA@s@?oC@gD_Dm@c@Kc@MGAu@YQMKKi@g@QOUMMIUMOK_@YYa@Wg@[w@CIWe@CIKSGUQk@CIUgAMWMWOWIUSc@CI[o@c@_Ab@qAZw@MUKKQIQG[IQCSGMEQKY[g@g@SWy@oAGEKCQl@c@`AEd@Er@ETIVKXERGTEX@\Ap@AXGVILDZBV?R@RGd@A\CTCB??C?B?BCBU@]Fe@AS?SCWE[HMFW@Y@q@A]DYFUDSJYHWDUDs@De@b@aAPm@JBFDx@nARVf@f@XZPJLDRFPBZHPFPHJJLT[v@c@pAGReAvCg@zAg@|AMZM\]v@q@fBGL_@`As@fBs@hBwBvE}BrGW~@q@`Ce@rBW|@Qh@Wb@[^q@h@eBzA_AbAc@h@cAlBCHWt@
WF2 0GU,20,294,Low Laithes Golf Course → Amazon DLS4 → Ossett Fire Station → GJH Commercial Vehicle Services Ltd → Low Laithes Golf Course,3,2773,583,9min,cttfI|emHJwDBa@PuBJmADOFIL?DBNNRRZZ@FAPEFCDy@xDGFE?KIECk@fDA`@BT@PCp@?`@EbB?FnC~BDFFBLGDIr@gDBCAC?E@Ef@cC^gBJHNJReAFUPJ@@@?@??CH_@??I^?BA?A?AAQKR_A@GVmAlA_GXq@J[HWSc@Wk@WaAWuAKaBGsAKeAMm@_@kBcAb@KBSDYBYBWAeACo@A?{A?M@uBm@?M?EBCH?d@BHDDZ?[?EECI?e@BIDCL?V?T?AtB?L?zAn@@dABV@XCXCREJCbAc@^jBLl@JdAFrAJ`BVtAV`AVj@Rb@IVKZYp@mA~FWlAAFS~@GTSdAi@dCc@nB_A|EILKBMEY]qAeAUGIEKGGIGQAKAO?MHwBHwB@a@?O
WF2 0GU,20,295,Main Street Fisheries → China And Thai Express → The Bay Horse → East Ardsley Express → Main Street Fisheries,3,1637,363,6min,co{fIbrkH`@LCd@ZDZ@L?n@Al@AUp@EPw@pCa@lC[yBKo@CQKy@]cCZNJ@ZDZ@L?n@Al@AR_@LWQSR_AJk@BMCLKj@S~@??PRMVS^Up@EPw@pCa@lCg@iDCQKy@]cCg@a@[Yk@c@WOQK]O_@OoAm@UKqBe@@TJrAJpAKqAKsAAUfAVh@LTJnAl@^N\NPJVNj@b@ZXf@`@ZNJ@Be@a@M
WF2 0GU,20,296,Methodist Church → BP Manor Service Station → Tania's Barbershop → East Ardsley Express → Methodist Church,3,1681,308,5min,mn{fInwkHAE]cCZNJ@ZDZ@L?n@Al@AR_@f@dAOZGN_AMw@pCa@lCKhAKpAMhAy@BeAZ]GYIY[S]Og@Ok@Kq@Gs@Iy@Ew@GkAC]?]@c@@a@Dc@b@qDoAm@UKqBe@@TJrAJpAKqAKsAAUfAVh@LTJnAl@^N\NPJVNj@b@ZXf@`@ZNJ@ZDZ@L?n@Al@AUp@EPw@pCa@lCg@iDCQIs@
WF2 0GU,20,297,Mill View Stores → Sun Bo → Alverthorpe Garage → Kylies Sandwich Bar & Custom Cakes → Mill View Stores,3,1239,281,4min,g}tfIpajHOs@MWMWOWIUSc@CIJSFSGEi@}@BDd@v@FDGRKRBH}AlCu@rAIHO@]I\HNAHIP[b@w@|AmCCI[o@c@_AGReAvCg@zAg@|AMZM\]v@q@fBGLZl@P[QZ[m@FMPg@^_A\w@L]L[f@}Af@{AdAwCFSb@~@Zn@BHRb@HTNVLVLVNr@
WF2 0GU,20,298,NAV Mini Market → Phoenix Young People's Centre → Mill View Stores → Pizza Ferrara → NAV Mini Market,3,1173,261,4min,_aufItriHJJLT[v@c@pAGReAvCg@zAGIWKVJFHf@{An@eBTq@FSb@~@Zn@BHRb@HTNVLVLVTfAj@Sk@RESOs@MWMWOWIUSc@CI[o@c@_AGReAvCg@zAg@|AMZM\Nl@Rz@S{@Om@L]L[FS^iAf@{AdAwCFSb@qAZw@MUKK
WF2 0GU,20,299,NPAS 31 - Carr Gate → West Yorkshire Police Learning & Development Centre → Driver Training Area → West Yorkshire Police Bishopgarth House → NPAS 31 - Carr Gate,3,10221,589,9min,isyfIb{jHIaCKgDAS?Q?Q?Q@QFaB?Q?MEWOIGCI?ODeCnDg@h@g@b@cAp@iB`ASJIDGHIHEHCHYlA?BCvA?P@P@RDRThAf@~Br@|CnB|INn@nBxIR|@x@nD\|AtAxDbCzFbCdFbAjBb@x@bAjBnCrD|CfEjDpDxFdFfMjJzBxA`CrAtBfAtDrBtG`Dn@R~FjBlGhAdE\xDDvEOnE[hOcClImApBYzRuF^OZSPMNQNUj@{ARg@POPMLINEP@RBTLVXJXFVDVDX@\?ZAtDA|@AZA\ETW~@MZk@Va@@OCWOMOMUIOi@w@a@So@E{Lh@qAFsFj@sInAeOdCoE`@cFJwDImE]eGaAaGiBs@W_HeDkDqBuBiAcCcB}B_BqFsDiF{DkFqEoD{DaDeE}BqDmAkBc@y@wAuCoEsJuBoF_AqCo@wA_AuCqA}DOc@}BiHwAmEQa@Uu@K]MYKWGMGKGIGIGGEEMIOKc@SEAc@e@OUGQEOEQAMAOAQ?S@O@O?GDQFWFWFOFMrAuBHKFGFGHGHGJCHAH?H?H@JDt@NZLPBLBR@NANCLEJGZSjAy@`A_A`AkAb@o@\Ut@gALKJ?FJJ`@BNDV?L?PG`BAP?P?P?P@RJfDi@NG_BIgCAYAOEECAEHIJKNCD@^FxBDrB@f@DRDFBB??JCJAFABG?IEmAh@OH`C
WF2 0GU,20,300,One Stop Coffee Shop → Main Street Fisheries → China And Thai Express → St Michaels Church → One Stop Coffee Shop,3,2135,449,7min,y|{fIllkHAMAUpBd@TJnAl@^N\NPJVNj@b@ZXf@`@ZNJ@Be@a@M??`@LCd@ZDZ@L?n@Al@AUp@EPw@pCa@lC[yBKo@CQKy@]cCZNJ@ZDZ@L?n@Al@AUp@EPw@pCa@lCWzCMhAy@BeAZWTUV}@p@}@f@AI{DbAGXNfANTHFFn@Go@IGOUOgAFYtA_@dBc@@H|@g@|@q@TWVU]GYIY[S]Og@Ok@Kq@Gs@Iy@Ew@GkAC]?]@c@@a@Dc@b@qDoAm@UKqBe@@T@L
WF2 0GU,20,301,Oriental Chef → The Star Inn → Outwood Primary Academy Kirkhamgate → Shawfold Cars → Oriental Chef,3,1761,315,5min,urwfIhenH@NNl@Lb@yAzAi@l@ORs@aAKMAu@F]?IOs@Nr@?HG\@t@~@nANSh@m@xA{AMc@Om@]}CE]Kq@SyACK?AOkA_@qCcAf@[yAJIKHZxAbAg@^pCNlABJRxAJp@D\\|CNl@Lb@v@w@TSd@c@pBeANGHEb@UPI\U^Wp@k@JVDVDf@@FCz@Jj@DXEYKk@B{@Go@EWKWq@j@_@V]TQHc@TIDOFqBdAe@b@URw@v@Mc@Om@AO
WF2 0GU,20,302,Ossett Fire Station → Silkwood Farm → Amazon DLS4 → Total Fitness → Ossett Fire Station,3,2703,475,7min,}gtfIlbmHI^?BA?A?AAQKR_A@GVmAnB~ALo@VR\ZPaA??Q`A][WSMn@oB_BWlAAFS~@GTSdAi@dCc@nBKIEEC?AC?E@Ef@cC^gBJHNJReAFUR_A@GVmAlA_GXq@J[HWn@z@zB`CLJD@D?LEDAJEF?B?HF@BDHDN@RAPEPGLIDK@OFEHEJ{AbHKd@SdAI`@Gd@Kx@CXKfAA`@?LBNBP??FTBBLDH@F@D?NIDEHILOLUFIPa@Pg@DMDMFWPo@@KNq@ViAD]DIDIHIAOAECC_@Y_Aw@~ApABB@D@NCNGNABEHGLWhAOp@AJQn@GVELELQf@Q`@GHMTMNIHEDOHEBEFEDIPANENGHWFECIIEMCOAQBQDOBCJ[BMBMBM@a@JgABYJy@Fe@Ha@ReAJe@zAcH@K?G?EAa@CQEUAMEIKU{BaCo@{@IVKZYp@mA~FWlAAFS~@PJ@@@?@??CH_@
WF2 0GU,20,303,Ossett Flushdyke Junior and Infant School → JB's Cafe & Bistro → Spring Mill Golf Course → Ossett WMC → Ossett Flushdyke Junior and Infant School,3,11235,1055,17min,eptfIzapHW|AQ`BQjBGlAIdCEvCGnEQnLIdCSvC_@|De@vCg@tBs@dCqAvCwL`SwBhDmDxF{AhCiBbD{@lBoB`Fq@xBe@xBg@xCYpCKzAG`BChCD|BRlDXrCj@`Ev@bDr@tCLRLHP@HCVAJ@FBFFFJFVBLFf@@H?PAPEPELIHGDGBk@EEAGEGGEKEMCS?U?]UmAaAmDq@cDm@eE[sCSoDCu@AiA@kCDcBJ}AToCd@_Dh@qBp@cCvBuFx@kBbBkDrAgChHiL`H}KnCoErAyCr@uBj@wBf@uCd@uDRuCHoCNkLDwBFwFAi@BoANgCDu@?c@A[ESCOM_@Oe@G[Gc@Ee@Cy@H}@Lk@N]V]TS^MP?P@b@NlApATRz@XAf@EzA\EHLH?H{@FWJg@@qBEGa@D]?CbBAf@EzAMdEKr@K~BxBdA\M^q@h@y@fAmAn@k@RWf@u@hCcDHKHEH@H@JDHHFJDNh@|BVjAFVFPVf@`A|AJB@?NGDGDGXm@Pa@JQHEHKj@u@`@o@BGhA{BP[ZWDCDCNE^KLARMz@s@TWDEDMBAt@c@ZK^lCTtAYRWf@MfBAVOfASbA{ArDYr@[fAy@dDaBzHCLIf@_BhHg@~BOrAUpBIp@ANKbAADG`B?|CZtCH^b@rB\xAdA`D@BFVLh@PfALpAFvBm@Ek@HOD_@TGDQNCFIT[z@g@|AOb@ETK`@Ij@Gh@eA_@y@a@oA{@GEGEMI}@o@a@Yg@e@KI}AuASQOO{AkAa@[GEmAs@OIqAcAcAc@H{@Do@Du@?e@?M?}@EgACq@QoFBsAJ}E@e@@gAF}B@_@@UD_ADuATcGLoCFwADiAXqGBYT_EJ_CJmF?i@AWAOKYUq@U_@mAqAc@OQAQ?_@LURW\O\Mj@I|@Bx@Dd@X`@RLRAPGLQJUlA{DJa@p@sBt@aBzDkIFMP_@VaADg@?c@A]E[G]Ia@IOGYG]A[AW?W@wD@y@@[@YD]H[Rg@POPMLINEP@RBTLVXJXFVDVDX@\?ZAtDA|@AZA\ETW~@MZa@fAcAxBkAjCkDhHq@zAq@nBy@bDWvAAF
WF2 0GU,20,304,Ossett WMC → Ossett Flushdyke Junior and Infant School → JB's Cafe & Bistro → Spring Mill Golf Course → Ossett WMC,3,11235,1055,17min,aotfI`mrHCq@QoFBsAJ}E@e@@gAF}B@_@@UD_ADuATcGLoCFwADiAXqGBYT_EJ_CJmF?i@AWAOKYUq@U_@mAqAc@OQAQ?_@LURW\O\Mj@I|@Bx@Dd@X`@RLRAPGLQJUlA{DJa@p@sBt@aBzDkIFMP_@VaADg@?c@A]E[G]Ia@IOGYG]A[AW?W@wD@y@@[@YD]H[Rg@POPMLINEP@RBTLVXJXFVDVDX@\?ZAtDA|@AZA\ETW~@MZa@fAcAxBkAjCkDhHq@zAq@nBy@bDWvAAFW|AQ`BQjBGlAIdCEvCGnEQnLIdCSvC_@|De@vCg@tBs@dCqAvCwL`SwBhDmDxF{AhCiBbD{@lBoB`Fq@xBe@xBg@xCYpCKzAG`BChCD|BRlDXrCj@`Ev@bDr@tCLRLHP@HCVAJ@FBFFFJFVBLFf@@H?PAPEPELIHGDGBk@EEAGEGGEKEMCS?U?]UmAaAmDq@cDm@eE[sCSoDCu@AiA@kCDcBJ}AToCd@_Dh@qBp@cCvBuFx@kBbBkDrAgChHiL`H}KnCoErAyCr@uBj@wBf@uCd@uDRuCHoCNkLDwBFwFAi@BoANgCDu@?c@A[ESCOM_@Oe@G[Gc@Ee@Cy@H}@Lk@N]V]TS^MP?P@b@NlApATRz@XAf@EzA\EHLH?H{@FWJg@@qBEGa@D]?CbBAf@EzAMdEKr@K~BxBdA\M^q@h@y@fAmAn@k@RWf@u@hCcDHKHEH@H@JDHHFJDNh@|BVjAFVFPVf@`A|AJB@?NGDGDGXm@Pa@JQHEHKj@u@`@o@BGhA{BP[ZWDCDCNE^KLARMz@s@TWDEDMBAt@c@ZK^lCTtAYRWf@MfBAVOfASbA{ArDYr@[fAy@dDaBzHCLIf@_BhHg@~BOrAUpBIp@ANKbAADG`B?|CZtCH^b@rB\xAdA`D@BFVLh@PfALpAFvBm@Ek@HOD_@TGDQNCFIT[z@g@|AOb@ETK`@Ij@Gh@eA_@y@a@oA{@GEGEMI}@o@a@Yg@e@KI}AuASQOO{AkAa@[GEmAs@OIqAcAcAc@H{@Do@Du@?e@?M?}@EgA
WF2 0GU,20,305,"Outwood Primary Academy Kirkhamgate → Kirkhamgate Village Hall, Brandy Carr Road → The Star Inn → Shawfold Cars → Outwood Primary Academy Kirkhamgate",3,1365,212,3min,{twfIb{mH?@BJRxAJp@D\?D\vCNl@Lb@yAzAi@l@ORs@aAKMAu@F]?IOs@Nr@?HG\@t@~@nANSh@m@xA{Av@w@TSd@c@pBeANGHEb@UPI\U^Wp@k@JVDVDf@@FCz@Jj@DXEYKk@B{@Go@EWKWq@j@_@V]TQHc@TIDOFqBdAe@b@URw@v@Mc@Om@]}CE]Kq@SyACK?A
WF2 0GU,20,306,Phoenix Young People's Centre → NAV Mini Market → The Blue Light → Mill View Stores → Phoenix Young People's Centre,3,1232,259,4min,ccufIfziHTq@FSb@qAZw@MUKK??QIQG[I@_@B]Dm@PmAT_BV{Ab@XJJNPVb@Zf@b@j@i@lAk@vAg@hAKR[v@c@pAb@~@Zn@BH}AlCu@rAIHHVN`@ADCDSRRSBE@EYy@HIt@sA|AmCRb@HTNVLVLVTfAj@Sk@RESOs@MWMWOWIUSc@CI[o@c@_AGRUp@
WF2 0GU,20,307,Pinderfields Hospital PRU → St Annes → Spot on Dog Grooming → Wrenthorpe Methodist Church → Pinderfields Hospital PRU,3,1842,336,5min,qowfInehHm@k@MMCHc@~AYbA[~@t@jA\f@d@r@RZj@~@V`@NNPH\N|@`@FB|@`@MjANFOGLkA}@a@GC}@a@]OQIOOcAaBS[e@s@]g@u@kAk@{@[YaBqACAy@m@G^I@WQODLu@j@^|@n@`BpAZXj@z@t@jA\f@d@r@RZbA`BNNPH\N|@`@FBFYb@eATy@Ux@O\Sf@GXGC}@a@]OQIOOcAaBS[e@s@]g@u@kAZ_AXcAb@_BBILLl@j@
WF2 0GU,20,308,Pizza Ferrara → Alverthorpe Conservative Club → Alverthorpe St Paul's CofE (VA) School → Al Fresco → Pizza Ferrara,3,1889,385,6min,{fufIrbjH^iAf@{AdAwCFSb@~@Zn@BH}AlCOSNRZg@`AeBCI[o@c@_Ab@qAZw@MUKKQIQG[IQCSGMEQKY[g@g@SWy@oAGEKCQl@c@`AEd@Er@ETIVKXERGTEX@\Ap@AXGVILDZBV?R@RGd@A\CTCB??C?B?BCBU@]Fe@AS?SCWE[HMFW@Y@q@A]DYFUDSJYHWDUDs@De@b@aAPm@JBFDx@nARVf@f@XZPJLDRFPBZHPFPHJJLT[v@c@pAb@~@Zn@JSFSD_@Bm@@Q@QBk@?Q@UBy@Cx@ATC|@APAPCl@E^GRKR[o@c@_AGReAvCg@zA_@hA
WF2 0GU,20,309,Pumaspeed → NAV Mini Market → Mill View Stores → Kylies Sandwich Bar & Custom Cakes → Pumaspeed,3,1421,263,4min,}cufI`|iHn@kBFSb@qAZw@MUKK??QIQG[I@_@B]Dm@PmAT_BV{Ab@XJJNPVb@Zf@b@j@i@lAk@vAg@hAKR[v@c@pAb@~@Zn@BHRb@HTNVLVLVTfAj@Sk@RESOs@MWMWOWIUSc@CI[o@c@_AGReAvCg@zAg@|AMZM\]v@q@fBGLZl@P[QZ[m@FMPg@^_A\w@L]L[f@}Af@{ATk@
WF2 0GU,20,310,R H Binks And Sons → Methodist Church → BP Manor Service Station → St Michaels Church → R H Binks And Sons,3,1331,258,4min,gm{fI`blHNaBg@iDCQIs@AE]cCZNJ@ZDZ@L?n@Al@AR_@f@dAOZGN_AMw@pCa@lCWzCMhAy@BeAZWTUV}@p@}@f@AI{DbAGXNfANTHFFn@Go@IGOUOgAFYtA_@dBc@@H|@g@|@q@TWVUdA[x@CLiAFy@
WF2 0GU,20,311,Ramada → Shell Select → Holiday Inn → DVSA Wakefield Test Center → Ramada,3,2903,480,8min,u}sfIhxmH??EBMSCCEEQWAKScAIHEDOHEBEFEDIPANEN?\?B?HBRH\DLFNVf@HN^j@VPLDD@B?B?NEzCuHPg@Rc@JS`@w@@[Ea@BS@CHU@C??RATZIPWj@Kb@q@xBXnAp@~BPl@DHZi@DCHDZRNFDCJQJOb@m@FQDO}@a@??Fo@bA^EVGXENGPc@l@KNKPEBEJs@`A]aAEIQm@q@_CYoAG[?K@QJS`@w@TWVk@HQb@iAD_@\_ABQA_@q@gAw@m@KEMGo@_@e@e@[_@SU_@m@KMEECAKCIDK@KEGIGMCQEUAMEIKU{BaCo@{@IVKZYp@mA~FnB~AUfAABC@C@MD@^?D?BGTDO@E?C?EA_@LEBABA@CTgAoB_BlA_GXq@J[HWn@z@zB`CLJD@D?LEDAJEF?B?HF@BDHDN@RAPEPGLIDK@OFEHEJ{AbHKd@SdAI`@Gd@Kx@CXKfAA`@?LBNBP??FTBBLDH@F@D?NIDEHIRbA@JPVDDBBLRDC??
WF2 0GU,20,312,Restyle Fitness → China And Thai Express → BP Manor Service Station → East Ardsley Express → Restyle Fitness,3,1512,309,5min,gn{fInrkHD@Cd@ZDZ@L?n@Al@AUp@EPw@pCa@lC[yBKo@CQKy@]cCZNJ@ZDZ@L?n@Al@AR_@f@dAOZGN_AMw@pCa@lCg@iDCQKy@]cCg@a@[Yk@c@WOQK]O_@OoAm@UKqBe@@TJrAJpAKqAKsAAUfAVh@LTJnAl@^N\NPJVNj@b@ZXf@`@ZNJ@Be@EA
WF2 0GU,20,313,Royal Spice → The Glynn Living → The Wren Cafe → Hong Kong Vegan → Royal Spice,3,2985,372,6min,_uvfIdbgHF[Ls@NG`@Wb@c@fCyCPl@Dd@F^FLJLHLJZ[ZZ[K[IMKMGMG_@Ee@Qm@q@v@uA`Bc@b@a@VOFMr@Or@Gh@?f@B^J^Tn@FNLZRp@Jb@DX@l@@p@@`@@L?NHv@L`A@JB\@Z?r@Ad@En@Gl@WdBG\KhAMt@QUu@w@WQEr@Qb@Wp@ELQb@Sj@K^qAdFIREHG@I?ECKIU]g@w@KMo@WYMQKQn@I^A@Mz@o@|DY[[U}@a@GC}@a@]OQIOOcAaBS[e@s@]g@u@kAk@{@[YaBqA}@o@k@_@]UUO_CeBvB{Cr@_Ar@w@l@e@n@a@dBcADAt@g@b@Yp@_@d@UTMrBcAtBmAJI^Qh@UdBi@TORQVYz@}@\Yr@]ZETCp@A`@?\?`@EZOMr@GZ
WF2 0GU,20,314,Shawfold Cars → Village Stores → Outwood Primary Academy Kirkhamgate → The Star Inn → Shawfold Cars,3,1750,317,5min,wcwfIdanHEg@EWKWq@j@_@V]TQHc@TIDOFqBdA_@wBm@\OH|@g@^vBe@b@URw@v@Mc@Om@]}CE]Kq@SyACK?AOkA_@qCcAf@[yAJIKHZxAbAg@^pCNlABJRxAJp@D\\|CNl@Lb@yAzAi@l@ORs@aAKMAu@F]?IOs@Nr@?HG\@t@~@nANSh@m@xA{Av@w@TSd@c@pBeANGHEb@UPI\U^Wp@k@JVDVDf@
WF2 0GU,20,315,Shell Select → Holiday Inn → Total Fitness → Toyota Vantage → Shell Select,3,3239,558,9min,_usfIzlmH??RATZIPWj@Kb@q@xBXnAp@~BPl@DHZi@DCHDZRNFDCJQJOb@m@FQDO}@a@??Fo@bA^EVGXENGPc@l@KNKPEBEJs@`A]aAEIQm@q@_CYoAG[?K@QJS`@w@TWVk@HQb@iAD_@\_ABQA_@q@gAw@m@KEMGo@_@e@e@[_@SU_@m@KMEECAKCIDK@OFEHEJ{AbHKd@SdAI`@Gd@Kx@CXKfAA`@?LBNBP??FTBBLDH@F@D?NIDEHILOLUFIPa@Pg@DMDMFWPo@@KNq@ViAD]DIDIHIAOAECC_@Y_Aw@~ApABB@D@NCNGNABEHGLWhAOp@AJQn@GVELELQf@Q`@GHMTMNIHEDOHEBEFEDIPANENGHWFECIIEMCOAQBQDOBCJ[BMBMBM@a@JgABYJy@Fe@Ha@ReAJe@zAcH@K?G?EAa@CQ?QBQHWDAJEF?B?HF@BDHDN@RBX@LBJFV^l@RTZ^d@d@n@^PeAHM\KHYNm@BETmADMB?BB@DYtABOTeAAECCC?ELUlACDOl@IX]JILQdALFJDv@l@TJb@Fn@OSz@Qb@[z@[x@c@hAIPWj@Kb@q@xBG[?K@QJS`@w@@[Ea@BS@CHU@C
WF2 0GU,20,316,Shine hand car wash → Toyota Vantage → Total Fitness → Ramada → Shine hand car wash,3,2160,416,6min,mrsfIzmmHKXQJSYHQb@iAD_@\_ABQA_@q@gAw@m@KEMGPeAHM\KHYNm@BETmADMB?BB@DYtABOTeAAECCC?ELUlACDOl@IX]JILQdAo@_@e@e@[_@SU_@m@KMEECAKCIDK@OFEHEJ{AbHKd@SdAI`@Gd@Kx@CXKfAA`@?LBNBP??FTBBLDH@F@D?NIDEHILOLUFIPa@Pg@DMDMFWPo@@KNq@ViAD]DIDIHIAOAECC_@Y_Aw@~ApABB@D@NCNGNABEHGLWhAOp@AJQn@GVELELQf@Q`@GHMTMNRbAb@eADCb@j@DHEL[bA??EBMSCCEEQWAKScAIHEDOHEBEFEDIPANEN?\?B?HBRH\DLFNVf@HN^j@VPLDD@B?B?NEzCuHPg@Rc@JS`@w@TWVk@HQb@iAHLH^O`@
WF2 0GU,20,317,Silcoates School → Wrenthorpe Post Office → Wrenthorpe Park & Alverthorpe Meadows → Hall Cliffe Primary School → Silcoates School,3,8799,1101,18min,ihvfIvciHe@rA?L?FFNJPb@iABGBADADBDHBJ?@?F_B`EELAJAL@L?B@DFHFBDFBHFLDHDHBL@LAPA|@CZAXIhAGrACXCNMPOa@U_@}@aBS_@Wc@y@gAw@eAw@aAsAiBaAwAS[AC_@o@e@q@IMMg@Mm@Gi@G}@EkB^MXSNSLUV}@DKn@qCPq@Tm@n@eBX}@\yALu@JiAF]VeBFm@Do@@e@?s@A[C]AKMaAIw@?OAMAa@Aq@Am@EYKc@Sq@M[GOUo@K_@C_@?g@Fi@Ns@Ls@NG`@Wb@c@fCyCb@g@jAoA|BcCNMxAwAh@m@V[T_@d@iAVk@d@aBT}@\{A^uA|@uC\cAPo@H[F_@BSN@L@J?HADCDGb@i@FGFI@EFIHQJYDQBUFq@@M@M@MBc@H@F?B?@?L@N?VAJAJARCLEPERGDCHCJGLININKFEFGFELO@A^]^]b@c@z@{@`AcAZYb@e@NO|A_BFE@AdAgAr@s@r@u@JEHEn@Al@@hBALAN?F?FBLL@DNPDFNRRRV\VZI`@ADCJAFOp@i@zBWjAOnAO`AYhAMb@a@|AMx@@j@NrAPdAHl@@BJn@VtB@D@FH`AHlA?J@j@@x@AbAIdAIz@Kn@]~AUx@Kb@Ij@IAMBmBjBUTEBCD]\w@bAGLGLwAhCy@jAILg@p@mAdBKN[`@MVi@z@e@`Ag@jA]j@Yn@]n@k@x@[^a@h@g@f@UR??TSf@g@V|@`@vAVz@Tz@Tr@Td@PVRRRLXLXBX?f@Od@M^MTKr@Sb@Q^M^Mf@Oh@OnA_@VIVGpBm@|Ac@OxAAJEf@g@jCKf@OfAiAzHGn@Ml@a@tB[~Aq@~Cq@zBCFSn@Uj@]~@Ul@Ob@i@lAk@vAg@hAKR[v@c@pAGReAvCg@zAg@|AMZM\]v@q@fBGL_@`As@fBs@hBwBvE}BrGW~@q@`Ce@rBW|@Qh@Wb@[^q@h@eBzA_AbAc@h@cAlBCHsAeC]u@k@qAQ]qAoCIQ{@eBQi@GUkCgKyAsFIc@Ec@Ee@CcAGmFAiAAUC{AEeFE{C?I?{A?sBL?ZXXB@?[C[YM??iB?u@?e@CoACq@Ee@HLd@p@^n@@BRZ`AvArAhBv@`Av@dAx@fAVb@R^Vg@Dw@?s@?GFWFMPi@HQBQ?KESAG?E?KF]DYNa@`@eAKQGO?G?Md@sA
WF2 0GU,20,318,Silkwood Farm → Total Fitness → DVSA Wakefield Test Center → Shell Select → Silkwood Farm,3,4103,632,10min,katfIj_mHQ`A][WSMn@oB_BlA_GXq@J[HWn@z@zB`CLJD@D?LEDAJEF?B?HF@BDHDN@RAPEPGLIDK@OFEHEJ{AbHKd@SdAI`@Gd@Kx@CXKfAA`@?LBNBP??FTBBLDH@F@D?NIDEHILOLUFIPa@Pg@DMDMFWPo@@KNq@ViAD]DIDIHIAOAECC_@Y_Aw@~ApABB@D@NCNGNABEHGLWhAOp@AJQn@GVELELQf@Q`@GHMTMNIHEDOHEBEFEDIPANENGHWFECIIEMCOAQBQDOBCJ[BMBMBM@a@JgABYJy@Fe@Ha@ReAJe@zAcH@K?G?EAa@CQEUAMEIKU{BaCo@{@IVKZYp@mA~FnB~AUfAABC@C@MD@^?D?BGTDO@E?C?EA_@LEBABA@CTgAoB_BlA_GXq@J[HWn@z@zB`CLJD@D?LEDAJEF?B?HF@BDHDN@RAPEPGLIDK@OFEHEJ{AbHKd@SdAI`@Gd@Kx@CXKfAA`@?LBNBP??FTBBDJBN?PANEN?\?B?HBRH\DLFNVf@HN^j@VPLDD@B?B?NEzCuHPg@Rc@JS`@w@@[Ea@BS@CHU@C??RATZb@iAD_@\_ABQA_@q@gAw@m@KEMGo@_@e@e@[_@SU_@m@KMEECAKCIDK@KEGIGMCQEUAMEIKU{BaCo@{@IVKZYp@mA~FnB~ALo@VR\ZPaA
WF2 0GU,20,319,Spot on Dog Grooming → Declans → Pinderfields Hospital PRU → St Annes → Spot on Dog Grooming,3,1707,312,5min,yywfIxehHy@m@k@_@]UUO_CeBqA_Ak@_@IIZyAGOIUHTFN[xAHHj@^pA~@l@b@pA`ATN\Tj@^|@n@`BpAZXj@z@Z_AXcAb@_BBILLl@j@??m@k@MMCHc@~AYbA[~@t@jA\f@d@r@RZj@~@V`@NNPH\N|@`@FB|@`@MjANFOGLkA}@a@GC}@a@]OQIOOcAaBS[e@s@]g@u@kAk@{@[YaBqACA
WF2 0GU,20,320,Spring Mill Golf Course → JB's Cafe & Bistro → Ossett Flushdyke Junior and Infant School → Ramada → Spring Mill Golf Course,3,10482,1027,17min,ovsfIncpHi@}BEOGKIIKEIAIAIDIJiCbDg@t@SVo@j@gAlAi@x@_@p@]LyBeAJ_CJmF?i@AWAOKYUq@U_@TRz@XAf@EzA\EHLH?H{@FWJg@@qBEGa@D]?CbBAf@GDI?GAIGUq@U_@mAqAc@OQAQ?_@LURW\O\Mj@I|@Bx@Dd@X`@RLRAPGLQJUlA{DJa@p@sBt@aBzDkIFMP_@VaADg@?c@A]E[G]Ia@IOGYG]A[AW?W@wD@y@@[@YD]H[Rg@POPMLINEP@RBTLVXJXFVDVDX@\?ZAtDA|@AZA\ETW~@MZa@fAcAxBkAjCkDhHq@zAq@nBy@bDWvAAFW|AQ`BQjBGlAIdCEvCGnEQnLIdCSvC_@|De@vCg@tBs@dCqAvCwL`SwBhDmDxF{AhCiBbD{@lBoB`Fq@xBe@xBg@xCYpCKzAG`BChCD|BRlDXrCj@`Ev@bDr@tCLRLHP@HCVAJ@FBFFFJFVBLFf@@H?PAPEPELIHGDGBk@EEAGEGGEKEMCS?U?]UmAaAmDq@cDm@eE[sCSoDCu@AiA@kCDcBJ}AToCd@_Dh@qBp@cCvBuFx@kBbBkDrAgChHiL`H}KnCoErAyCr@uBj@wBf@uCd@uDRuCHoCNkLDwBFwFJ}BZcEP}Ah@_Dt@_DJa@p@sBt@aBzDkIFMP_@VaADg@?c@A]E[G]Ia@IOGYG]A[AW?W@wD@y@@[@YD]H[Rg@`@sAtA}DBW\aAFOBQ@O?G?MAECGmAeBKQQe@CIIUIa@EMCMECIIEMCOAQBQDOBCDEHEH?HDBDBBLDH@F@D?NIDEHIRbAb@eADCb@j@DHEL[bA??EBMSCCEEQWAKScAIHEDOHEBEFEDIPANEN?\?B?HBRH\DLFNVf@HN^j@VPLDD@B?B?NEzCuHRMVCXnAp@~BPl@DH\`ARh@j@|ArCnHJ\z@~CX`AjAfFBNz@pEbBjMZdCTxA[Ju@b@C@ELEDUV{@r@SLM@_@JODEBEB[VQZiAzBCFa@n@k@t@IJIDKPQ`@Yl@EFEFOFA?KCaA}AWg@GQGWWkA
WF2 0GU,20,321,St Annes → Pinderfields Hospital PRU → Wrenthorpe Methodist Church → The Well Church (Elim Pentecostal) → St Annes,3,1364,282,4min,qnwfIfshHk@_AS[e@s@]g@u@kAZ_AXcAb@_BBILLl@j@??m@k@MMCHc@~AYbA[~@t@jA\f@d@r@RZbA`BNNPH\N|@`@FBFYb@eATy@Ux@O\Sf@GX|@`@ZTXZFHf@TzB^MNWNINKZI\ITi@XMNEPG^EZOEQCG?USMOReADUj@cDGIY[[U}@a@GC}@a@]OQIOOWa@
WF2 0GU,20,322,St Michaels Church → R H Binks And Sons → The Dental Studio → Methodist Church → St Michaels Church,3,2357,336,5min,oz{fIfllHdBc@@H|@g@|@q@TWVUdA[x@CLiAFy@NaB`@mCv@qCDQTq@R_@f@dAWj@_AMw@pCa@lCWzCMhAEt@ARGdACn@Cp@Cz@Cv@AxA?TC`E?FCnD?FElBGjAEd@Q|@EH\jA]kADIP}@De@FkADuBBoD?GBaE?U@yABw@B{@Bq@Bo@FeA@SDu@LiAV{Cg@iDCQIs@AE]cCZNJ@ZDZ@L?n@Al@AUp@EPw@pCa@lCWzCMhAy@BeAZWTUV}@p@}@f@AIeBb@
WF2 0GU,20,323,Sun Bo → Blue Marlin Fisheries → Mill View Stores → Kylies Sandwich Bar & Custom Cakes → Sun Bo,3,1363,309,5min,_aufIjxiHd@v@FDGRKR[o@c@_AGReAvCg@zAGIWKVJFHJWZcAdAwCFSb@~@Zn@BHRb@HTNVLVLVTfAj@Sk@RESOs@MWMWOWIUSc@CI[o@c@_AGReAvCg@zAg@|AMZM\]v@q@fBGLZl@P[QZ[m@FMPg@^_A\w@L]L[f@}Af@{AdAwCFSb@~@Zn@JSFSGEe@w@
WF2 0GU,20,324,Sunnyhill Stores → Jerry Clay Academy → Hall Cliffe Primary School → Wrenthorpe Dental Care → Sunnyhill Stores,3,3489,507,8min,i{vfIlpjH??^QGmFAiAAUC{AEeFE{C?I?{A?sB?iB?u@?e@CoACq@Ee@Mg@g@f@GDSPEBYRGFGHMX[t@]v@aBnD_@x@KTQd@a@x@Sb@EJEJUj@a@`AkFtLyHfQdAnBl@hAFNDL@L?NCHGNQd@Pe@FOBI?OAMEMGOm@iAeAoBxHgQjFuL`@aAZw@DKRc@`@y@Pe@JU^y@`BoD\w@Zu@LYFIFGXSDCRQFEf@g@Lf@Dd@Bp@BnA?d@?t@?hBL?ZXXB@?[C[YM??iB?u@?e@CoACq@Ee@Mg@Mm@Gi@WDYFI@kARLA|@QHAXGVEFh@Ll@Lf@Dd@Bp@BnA?d@?t@?hB?rB?zA?HDzCDdFBzA@T@hAFlF_@P??
WF2 0GU,20,325,Tania's Barbershop → Methodist Church → BP Manor Service Station → St Michaels Church → Tania's Barbershop,3,1331,258,4min,cm{fIhalHJiAg@iDCQIs@AE]cCZNJ@ZDZ@L?n@Al@AR_@f@dAOZGN_AMw@pCa@lCWzCMhAy@BeAZWTUV}@p@}@f@AI{DbAGXNfANTHFFn@Go@IGOUOgAFYtA_@dBc@@H|@g@|@q@TWVUdA[x@CLiAJqA
WF2 0GU,20,326,Tardis → West Yorkshire Police Learning & Development Centre → Cardigan House → Carr Gate Garden Centre → Tardis,3,12473,823,13min,_vyfItzjH??BBJCJAFABG?IEmAh@OKgDAS?Q?Q?Q@QFaB?Q?MEWOIGCI?ODeCnDg@h@g@b@cAp@iB`ASJIDGHIHEHCHYlA?BCvA?P@P@RDRThAf@~Br@|CnB|INn@bApEj@fCR|@vAlGtAxDbCzFbCdFbAjBb@x@bAjBnCrD|CfEjDpDxFdFfMjJzBxA`CrAtBfAtDrBtG`Dn@R~FjBlGhAdE\xDDvEOnE[hOcClImApBYzRuF^OZSPMNQNUj@{ARg@POPMLINEP@RBTLVXJXFVDVDX@\?ZAtDA|@AZA\ETW~@MZk@Va@@OCWOMOMUIOi@w@a@So@E{Lh@qAFsFj@sInAeOdCoE`@cFJwDImE]eGaAaGiBs@W_HeDkDqBuBiAcCcB}B_BqFsDiF{DkFqEoD{DaDeE}BqDmAkBc@y@wAuCoEsJuBoF_AqCo@wA_AuCqA}DOc@}BiHwAmEQa@Uu@K]MYKWGMGKGIGIGGEEMIOKc@SEAc@e@OUGQEOEQAMAOAQ?S@O@O?GDQFWFWFOFMrAuBHKFGFGHGHGJCHAH?H?H@JDt@NZLPBLBR@NANCLEJGZSjAy@`A_A`AkAb@o@pB}CbCqDFM^_AVe@L_@FYDY@W@YAYMoAe@P[Hi@Tk@Vg@Re@RiAd@EBIDqBx@qAh@gCfA}@^kBn@e@Rq@l@Wz@a@dBZt@Vj@r@yA??s@xAWk@[u@`@eBV{@p@m@d@SjBo@|@_@fCgApAi@pBy@HEDChAe@d@Sf@Sj@Wh@UZId@QEo@?_@BYDc@FYJa@R_@PS^YjBcAj@YPIrBkAnB_APIJf@@L?LENc@n@W`@W`@SXo@jASZ}@dBgBjD{@xAw@~@}EnHOTa@n@J`@BNDV?L?PG`BAP?P?P?P@RJfDi@NDlA?HCFG@K@KBCC??
WF2 0GU,20,327,The Bay Horse → Main Street Fisheries → China And Thai Express → East Ardsley Express → The Bay Horse,3,1546,341,5min,qh{fInqkHPRMVS^Up@EPw@pCa@lCg@iDCQKy@]cCZNJ@Be@a@M??`@LCd@ZDZ@L?n@Al@AUp@EPw@pCa@lC[yBKo@CQKy@]cCg@a@[Yk@c@WOQK]O_@OoAm@UKqBe@@TJrAJpAKqAKsAAUfAVh@LTJnAl@^N\NPJVNj@b@ZXf@`@ZNJ@ZDZ@L?n@Al@AR_@LWQS
WF2 0GU,20,328,The Blue Light → The New Albion → Alverthorpe St Paul's CofE (VA) School → Al Fresco → The Blue Light,3,1686,375,6min,udufI~cjHIWHIt@sA|AmCRb@U`@CCAAGJ??FK@@BBTa@Sc@CI[o@c@_Ab@qAZw@MUKKQIQG[IQCSGMEQKY[g@g@SWy@oAGEKCQl@c@`AEd@Er@ETIVKXERGTEX@\Ap@AXGVILDZBV?R@RGd@A\CTCB??C?B?BCBU@]Fe@AS?SCWE[HMFW@Y@q@A]DYFUDSJYHWDUDs@De@b@aAPm@JBFDx@nARVf@f@XZPJLDRFPBZHPFPHJJLT[v@c@pAb@~@Zn@JSFSD_@Bm@@Q@QBk@?Q@UBy@Cx@ATC|@APAPCl@E^GRKRBH}AlCu@rAIHHV
WF2 0GU,20,329,The Dental Studio → St Michaels Church → R H Binks And Sons → Methodist Church → The Dental Studio,3,1823,298,4min,go{fI|`mH?GBoD?GBaE?U@yABw@B{@Bq@Bo@FeA@SDu@y@BeAZWTUV}@p@}@f@AI{DbAGXNfANTHFFn@Go@IGOUOgAFYtA_@dBc@@H|@g@|@q@TWVUdA[x@CLiAFy@NaBg@iDCQIs@AE]cCZNJ@ZDZ@L?n@Al@AUp@EPw@pCa@lCWzCMhAEt@ARGdACn@Cp@Cz@Cv@AxA?TC`E?FCnD?F
WF2 0GU,20,330,The Eagle → Flanshaw Lodge → Alverthorpe Working Mens Club → GJH Commercial Vehicle Services Ltd → The Eagle,3,2913,472,7min,u`tfIfsjH@ARQDC??`@YRQXSPWZi@HOLW^u@FNHRDPDVUJmAhADd@Lb@?AMa@Ee@lAiATKEWEQISGO_@t@MVIN[h@QVYRSPa@X??EBSP[RKHQJYJC?SBY?OAQCYMi@Y_@MkB]s@Oc@Kc@MGAu@YQMKKn@{DD^i@fDPLt@XF@b@Lb@J~Cl@AfD?nCAr@?lAA|C?V?XErK?H?hA?|@AjAB`AFr@BRcAb@KBSDYBYBWAeACo@A?{A?M@uBm@?M?EBCH?d@BHDDZ?[?EECI?e@BIDCL?V?T?AtB?L?zAn@@dABV@XCXCREJCbAc@CSGs@CaA@kA?}@?iA?IDsK?Y?W@}C?mA@s@?oC@gD^Lh@XXLPBN@X?RCB?XKPKJIXQ
WF2 0GU,20,331,The Glynn Living → Royal Spice → The Wren Cafe → Wrenthorpe Park & Alverthorpe Meadows → The Glynn Living,3,7382,898,14min,}nvfInzfHuA`Bc@b@a@VOFMr@GZGVGh@?f@B^J^Tn@FNLZRp@Jb@DX@l@@p@@`@@L?NHv@L`A@JB\@Z?r@Ad@En@Gl@WdBG\KhAMt@QUu@w@WQEr@Qb@Wp@ELQb@Sj@f@l@g@m@Rk@Vq@Vq@Pc@Ds@VPt@v@PTLu@JiAF]VeBFm@Do@@e@?s@A[C]AKMaAIw@?OAMAa@Aq@Am@EYKc@Sq@M[GOUo@K_@C_@?g@Fi@Ns@Ls@NG`@Wb@c@fCyCb@g@jAoA|BcCNMxAwAh@m@V[T_@d@iAVk@d@aBT}@\{A^uA|@uC\cAPo@H[F_@BSN@L@J?HADCDGb@i@FGFI@EFIHQJYDQBUFq@@M@M@MBc@H@F?B?@?L@N?VAJAJARCLEPERGDCHCJGLININKFEFGFELO@A^]^]b@c@z@{@`AcAZYb@e@NO|A_BFE@AdAgAr@s@r@u@JEHEn@Al@@hBALAN?F?FBLL@DNPDFNRRRV\VZI`@ADCJAFOp@i@zBWjAOnAO`AYhAMb@a@|AMx@@j@NrAPdAHl@@BJn@VtB@D@FH`AHlA?J@j@@x@AbAIdAIz@Kn@]~AUx@Kb@Ij@IAMBmBjBUTEBCD]\w@bAGLGLwAhCy@jAILg@p@mAdBKN[`@MVi@z@e@`Ag@jA]j@Yn@]n@k@x@[^a@h@g@f@UR??TSf@g@`@i@Z_@j@y@\o@Xo@\k@f@kAd@aAh@{@LWZa@JOlAeBf@q@HMx@kAvAiCFMFMv@cA\]BEDCTUlBkBLCH@Hk@Jc@Ty@\_BJo@H{@HeA@cAAy@Ak@?KImAIaAAGAEWuBKo@ACIm@QeAOsAAk@Ly@`@}ALc@XiANaANoAVkAh@{BNq@@GBK@EHa@W[W]SSOSEGOQAEMMGCG?O?M@iB@m@Ao@@IDKDs@t@s@r@eAfAA@GD}A~AONc@d@[XaAbA{@z@c@b@_@\_@\A@MNGDGFGDOJOHMHKFIBEBSFQDMDSBK@K@W@O?MAA?C?G?IAQ@G?GAKCMCICGCGE_@AE?C?E@A?C@??C@ABC@A@ADABCJ?FAFCp@@h@@`@?d@?RAP?RALCNEPCRG^IZQn@]bA}@tC_@tA]zAU|@e@`BWj@e@hAU^WZi@l@yAvAOL}BbCkAnAc@f@q@v@
WF2 0GU,20,332,The Lawrence → tillybods → Wrenthorpe Club → Vic's Cafe → The Lawrence,3,5824,476,7min,wjxfIfhhHVl@JQlAuBtA_CV_@BCT[HM~BdBTN\Tj@^G^I@??WQODLu@]UUO_CeB_@h@CBW^uA~BmAtBKPq@hAGHq@jAaAdBSb@oBxD_AhBcA|AKLCDu@~@}@|@a@XCB_@RQHoB~@sBjAQHk@XkBbA_@XQRS^K`@GXEb@CX?^Dn@Lj@HPFJHFJDJ?JAJEJKv@}AvByFf@cC\cCLoATeCd@{Ht@wLDyANoDD{@EGEIAIAIAM?MBODKBIDEJELaALy@Bq@B]l@mEHOHMRByAdK?\?`@DLBL?N?LCLCHGLIFO~@MdDG|As@tLg@`IUfCYbCYhBa@rBe@jBk@hBcA`CqAfC}EnHOTa@n@a@h@eCnDg@h@g@b@cAp@iB`ASJIDGHIHEHCHYlA?BOt@ETELEHGJcBvBGHIHIDIBIBI@K?OAEAc@e@OUGQEOEQAMAOAQ?S@O@O?GDQFWFWFOFMrAuBHKFGFGHGHGJCHAH?H?H@JDt@NZLPBLBR@NANCLEJGZSjAy@`A_A`AkAb@o@pB}CbCqDFM^_AVe@L_@FYDY@W@YAYMoAEo@?_@BYDc@FYJa@R_@PS^YjBcAj@YPIrBkAnB_API^SBC`@Y|@}@t@_ABEJMbA}A~@iBnByDRc@`AeBp@kAFIp@iAWm@
WF2 0GU,20,333,The Malt Shovel → Carr Gate WMC → Gardener's Retreat Restaurant → Tardis → The Malt Shovel,3,4455,551,9min,ysyfIvxiHb@Qj@WCoBGmAq@LJr@Ks@p@M@PDz@BnBk@Vg@Re@RiAd@EBIDqBx@qAh@gCfA}@^_Bh@KDe@Rq@l@Wz@a@dBIf@Hg@`@eBV{@p@m@d@SjBo@|@_@fCgApAi@pBy@HEDChAe@d@Sf@Sj@Wh@UZId@QEo@?_@BYDc@FYJa@R_@PS^YjBcAj@YPIrBkAnB_APIJf@@L?LENc@n@W`@W`@SXo@jASZ}@dBgBjD{@xAw@~@}EnHOTa@n@J`@BNDV?L?PG`BAP?P?P?P@RJfDi@NG_BIgCAYAOEECAEHIJKNCD@^FxBDrB@f@DRDF??BBJCJAFABG?IEmAh@OKgDAS?Q?Q?Q@QFaB?Q?MEWOIGCI?ODeCnDg@h@g@b@cAp@iB`ASJIDGHIHEHCHYlA?BOt@ETELEHGJcBvBGHIHIDIBIBI@K?OAEAc@e@OUGQEOEQAMAOAQ?S@O@O?GDQFWFWFOFMrAuBHKFGFGHGHGJCHAH?H?H@JDt@NZLPBLBR@NANCLEJGZSjAy@`A_A`AkAb@o@pB}CbCqDFM^_AVe@L_@FYDY@W@YAYMoAe@P[Hi@Tk@Vc@P
WF2 0GU,20,334,The Mens Room → St Michaels Church → R H Binks And Sons → Methodist Church → The Mens Room,3,1847,301,5min,io{fIbbmH@m@BoD?GBaE?U@yABw@B{@Bq@Bo@FeA@SDu@y@BeAZWTUV}@p@}@f@AI{DbAGXNfANTHFFn@Go@IGOUOgAFYtA_@dBc@@H|@g@|@q@TWVUdA[x@CLiAFy@NaBg@iDCQIs@AE]cCZNJ@ZDZ@L?n@Al@AUp@EPw@pCa@lCWzCMhAEt@ARGdACn@Cp@Cz@Cv@AxA?TC`E?FCnDAl@
WF2 0GU,20,335,The New Albion → The Blue Light → Al Fresco → Alverthorpe St Paul's CofE (VA) School → The New Albion,3,1751,390,6min,q`ufIf~iHFK@@BBTa@Sc@}AlCu@rAIHHVN`@ADCDSRRSBE@EYy@HIt@sA|AmCCIJSFSD_@Bm@@Q@QBk@?Q@UBy@Cx@ATC|@APAPCl@E^GRKR[o@c@_Ab@qAZw@MUKKQIQG[IQCSGMEQKY[g@g@SWy@oAGEKCQl@c@`AEd@Er@ETIVKXERGTEX@\Ap@AXGVILDZBV?R@RGd@A\CTCB??C?B?BCBU@]Fe@AS?SCWE[HMFW@Y@q@A]DYFUDSJYHWDUDs@De@b@aAPm@JBFDx@nARVf@f@XZPJLDRFPBZHPFPHJJLT[v@c@pAb@~@Zn@BHRb@U`@CCAAGJ
WF2 0GU,20,336,The New Pot Oil → The Well Church (Elim Pentecostal) → Wrenthorpe Post Office → Wrenthorpe Methodist Church → The New Pot Oil,3,1681,275,4min,_~vfIf{hHODI@UBc@EMNWNINKZI\ITi@XMNEPG^EZOEQCG?USMOReADUj@cDGIn@}DL{@@AH_@Po@Je@Jo@Fa@D[@IDUFg@BSBMD[F]BUFc@@EJg@BIPRNFTJNFTFN?F@xCBX@VPt@v@PT]xAY|@o@dBUl@Qp@o@pCEJW|@MTORYR_@LODYHI@UBc@E{B_@g@UGIY[[U}@a@FYb@eATy@Ux@O\Sf@GX|@`@ZTXZFHf@TzB^b@DTCHANE
WF2 0GU,20,337,The New Wheel → The Well Church (Elim Pentecostal) → Wrenthorpe Methodist Church → Wrenthorpe Post Office → The New Wheel,3,1418,263,4min,mawfIf{hHXDMNWNINKZI\ITi@XMNEPG^EZOEQCG?USMOReADUj@cDGIY[[U}@a@FYb@eATy@Ux@O\Sf@GX|@`@ZTXZn@}DL{@@AH_@Po@Je@Jo@Fa@D[@IDUFg@BSBMD[F]BUFc@@EJg@BIPRNFTJNFTFN?F@xCBX@VPt@v@PT]xAY|@o@dBUl@Qp@o@pCEJW|@MTORYR_@LODYHI@UBc@EYE
WF2 0GU,20,338,The Quad → Vic's Cafe → The Wheel → The Lawrence → The Quad,3,9502,657,10min,gtxfIbufHFYfBcGzAgE|A_Ex@iBt@yAfBcDf@u@v@gAr@}@|@gA|@w@lB{AnBkAfBw@jBk@dBY|AQT?N@RDRFNFL@JAJCLULKPEPFNLFNDRBX?ZETGTMPSHSCMGKQEOCIIQMOOOUIQESEWA_BPaB^iBh@gBr@kBlAmBvA{@z@{@|@w@`Aq@dAi@v@gB`Ds@vAu@bBaB|DqAzDiBhG}BzIUvAaA|GyAdK?\?`@DLBL?N?LCLCHGLIFG@G?GCECEGEIAIAIAM?MBODKBIDEJELaALy@Bq@B]l@mEHOHMBQ~@sGVoAtBcJfBcGzAgE|A_Ex@iBt@yAfBcDf@u@v@gAr@}@|@gA|@w@lB{AnBkAfBw@jBk@dBY|AQT?N@RDRFNFL@JAJCLULKPEPFNLXAPERKXI`BKD?\CPANA~@Gb@?R@TDP@H?LCNQBGDIHGFEH?H@B@HAFAHCLEJCJCHCNCZG`@IXEHCDALETKFAl@W??LE@ALEHCJAHAJAJ?L@J@@?NB@?LDJBNFPFFH@BDDLNNLNNPNPNJFHDHDRJTJl@X^Rf@VPHFDHDDDDBJHRNJHFFNJNLb@XHBBBLFJDNHd@NBBBBDDHHCb@ALALALGp@CTEPKXIPGHADGHGFc@h@EFEBCBGFC?E@QBO?G^IZQn@]bA}@tC_@tA]zAU|@e@`BWj@e@hAU^WZi@l@yAvAOL}BbCkAnAc@f@gCxCc@b@a@VOF[Na@D]?a@?q@@UB[Ds@\]X{@|@WXSPUNeBh@i@T_@PKHuBlAsBbA{@b@q@^c@Xu@f@E@eBbAo@`@m@d@s@v@s@~@o@~@gAzA_@h@CBW^uA~BmAtBKPe@iAIUEO?O@OBSZm@DED@HNIOEAED[l@CRAN?NDNHTLZVl@q@hAGHq@jAaAdBSb@oBxD_AhBcA|AKLCDu@~@}@|@a@XCB_@RQHoB~@sBjAQHk@XkBbA_@XQRS^K`@GXEb@CX?^Dn@Lj@HPFJHFJDJ?JAJEJKv@}AvByFf@cC\cCLoATeCd@{Ht@wLDyANoDD{@EGEIAIAIAM?MBODKBIDEJELaALy@|@kGJo@BQ~@sGVoAlBiI
WF2 0GU,20,339,The Star Inn → Lindale Methodist Church → Outwood Primary Academy Kirkhamgate → Shawfold Cars → The Star Inn,3,1568,260,4min,}wwfIfknHr@`ANSh@m@xA{AMc@Om@MiAOsAE]Kq@SyACK?AOkA_@qCcAf@[yAJIKHZxAbAg@^pCNlABJRxAJp@D\\|CNl@Lb@v@w@TSd@c@pBeANGHEb@UPI\U^Wp@k@JVDVDf@@FCz@Jj@DXEYKk@B{@Go@EWKWq@j@_@V]TQHc@TIDOFqBdAe@b@URw@v@yAzAi@l@ORs@aA
WF2 0GU,20,340,The Well Church (Elim Pentecostal) → Wrenthorpe Dental Care → Wrenthorpe Methodist Church → St Annes → The Well Church (Elim Pentecostal),3,1389,312,5min,cgwfIz~hHj@cDf@TzB^b@DTCHAXINEDjBF|@WDYFI@kARLA|@QHAXGVEG}@EkBODYHI@UBc@E{B_@g@UGIY[[U}@a@FYb@eATy@Ux@O\Sf@GXGC}@a@]OQIOOWa@k@_AS[e@s@Rg@@CTk@Uj@ABSf@d@r@RZbA`BNNPH\N|@`@FB|@`@ZTXZFHk@bD
WF2 0GU,20,341,The Wheel → Wrenthorpe Club → The Lawrence → Wrenthorpe Academy → The Wheel,3,1732,292,4min,k`xfIb|gHgAzA~BdBTN\Tj@^G^I@??WQODLu@]UUO_CeB_@h@CBW^uA~BmAtBKPe@iAIUEO?O@OBSZm@DED@HNIOEAED[l@CRAN?NDNHTLZVl@JQlAuBtA_CV_@BC^i@~BdBTN\Tj@^|@n@`BpAZXj@z@Z_AXcAb@_BBIHS??IRCHc@~AYbA[~@k@{@[YaBqA}@o@k@_@]UUO_CeBfA{A
WF2 0GU,20,342,The Wren Cafe → Conroyds Fish and Chips → The New Pot Oil → Wrenthorpe Methodist Church → The Wren Cafe,3,1229,222,3min,exvfInhhHDMVq@Pc@Ds@VPt@v@PT]xAY|@o@dBUl@GRy@nDEJW|@MTORYR_@LODIBODI@UBc@E{B_@g@UGIY[[U}@a@FYb@eATy@Ux@O\Sf@GX|@`@ZTXZn@}DL{@@AH_@Po@PJXLn@VJLf@v@T\JHDBH?FADIHSpAeFJ_@Rk@Pc@
WF2 0GU,20,343,tillybods → Wrenthorpe Club → The Lawrence → Wrenthorpe Academy → tillybods,3,1647,274,4min,}bxfIl_hHHM~BdBTN\Tj@^G^I@??WQODLu@]UUO_CeB_@h@CBW^uA~BmAtBKPe@iAIUEO?O@OBSZm@DED@HNIOEAED[l@CRAN?NDNHTLZVl@JQlAuBtA_CV_@BC^i@~BdBTN\Tj@^|@n@`BpAZXj@z@Z_AXcAb@_BBIHS??IRCHc@~AYbA[~@k@{@[YaBqA}@o@k@_@]UUO_CeBIL
WF2 0GU,20,344,Total Fitness → Silkwood Farm → Shell Select → DVSA Wakefield Test Center → Total Fitness,3,4023,613,10min,o{sfIpemH^XBB@D@NCNGNABEHGLWhAOp@AJQn@GVELELQf@Q`@GHMTMNIHEDOHEBEFEDIPANENGHWFECIIEMCOAQBQDOBCJ[BMBMBM@a@JgABYJy@Fe@Ha@ReAJe@zAcH@K?G?EAa@CQEUAMEIKU{BaCo@{@IVKZYp@mA~FnB~ALo@VR\ZPaA??Q`A][WSMn@oB_BlA_GXq@J[HWn@z@zB`CLJD@D?LEDAJEF?B?HF@BDHDN@RAPEPGLIDK@OFEHEJ{AbHKd@SdAI`@Gd@Kx@CXKfAA`@?LBNBP??FTBBDJBN?PANEN?\?B?HBRH\DLFNVf@HN^j@VPLDD@B?B?NEzCuHPg@Rc@JS`@w@@[Ea@BS@CHU@C??RATZb@iAD_@\_ABQA_@q@gAw@m@KEMGo@_@e@e@[_@SU_@m@KMEECAKCIDK@KEGIGMCQEUAMEIKU{BaCo@{@IVKZYp@mA~FnB~AUfAABC@C@MD@^?D?BGTDO@E?C?EA_@LEBABA@CTgAoB_BlA_GXq@J[HWn@z@zB`CLJD@D?LEDAJEF?B?HF@BDHDN@RAPEPGLIDK@OFEHEJ{AbHKd@SdAI`@Gd@Kx@CXKfAA`@?LBNBP??FTBBLDH@F@D?NIDEHILOLUFIPa@Pg@DMDMFWPo@@KNq@ViAD]DIDIHIAOAECC_@Y
WF2 0GU,20,345,Toyota Vantage → Shell Select → Total Fitness → Silkwood Farm → Toyota Vantage,3,3300,574,9min,grsfIz|lHTeAAECCC?ELUlACDOl@IX]JILQdALFJDv@l@TJb@Fn@OSz@Qb@[z@[x@c@hAIPWj@Kb@q@xBG[?K@QJS`@w@@[Ea@BS@CHU@C??RATZb@iAD_@\_ABQA_@q@gAw@m@KEMGo@_@e@e@[_@SU_@m@KMEECAKCIDK@OFEHEJ{AbHKd@SdAI`@Gd@Kx@CXKfAA`@?LBNBP??FTBBLDH@F@D?NIDEHILOLUFIPa@Pg@DMDMFWPo@@KNq@ViAD]DIDIHIAOAECC_@Y_Aw@~ApABB@D@NCNGNABEHGLWhAOp@AJQn@GVELELQf@Q`@GHMTMNIHEDOHEBEFEDIPANENGHWFECIIEMCOAQBQDOBCJ[BMBMBM@a@JgABYJy@Fe@Ha@ReAJe@zAcH@K?G?EAa@CQEUAMEIKU{BaCo@{@IVKZYp@mA~FnB~ALo@VR\ZPaA??Q`A][WSMn@oB_BlA_GXq@J[HWn@z@zB`CLJD@D?LEDAJEF?B?HF@BDHDN@RBX@LBJFV^l@RTZ^d@d@n@^PeAHM\KHYNm@BETmADMB?BB@DUdA
WF2 0GU,20,346,Valley Cresent Day Centre → Conroyds Fish and Chips → The New Pot Oil → Wrenthorpe Methodist Church → Valley Cresent Day Centre,3,1229,222,3min,gxvfInhhHFMVq@Pc@Ds@VPt@v@PT]xAY|@o@dBUl@GRy@nDEJW|@MTORYR_@LODIBODI@UBc@E{B_@g@UGIY[[U}@a@FYb@eATy@Ux@O\Sf@GX|@`@ZTXZn@}DL{@@AH_@Po@PJXLn@VJLf@v@T\JHDBH?FADIHSpAeFJ_@Rk@Nc@
WF2 0GU,20,347,Vic's Cafe → The Quad → The Lawrence → tillybods → Vic's Cafe,3,6930,599,9min,{zxfIpkgHHMBQ~@sGVoAlBiIFYfBcGzAgE|A_Ex@iBt@yAfBcDf@u@v@gAr@}@|@gA|@w@lB{AnBkAfBw@jBk@dBY|AQT?N@RDRFNFL@JAJCLULKPEPFNLXAPERKXI`BKD?\CPANA~@Gb@?R@TDP@H?LCNQBGDIHGFEH?H@B@HAFAHCLEJCJCHCNCZG`@IXEHCDALETKFAl@W??LE@ALEHCJAHAJAJ?L@J@@?NB@?LDJBNFPFFH@BDDLNNLNNPNPNJFHDHDRJTJl@X^Rf@VPHFDHDDDDBJHRNJHFFNJNLb@XHBBBLFJDNHd@NBBBBDDHHCb@ALALALGp@CTEPKXIPGHADGHGFc@h@EFEBCBGFC?E@QBO?G^IZQn@]bA}@tC_@tA]zAU|@e@`BWj@e@hAU^WZi@l@yAvAOL}BbCkAnAc@f@gCxCc@b@a@VOF[Na@D]?a@?q@@UB[Ds@\]X{@|@WXSPUNeBh@i@T_@PKHuBlAsBbA{@b@q@^c@Xu@f@E@eBbAo@`@m@d@s@v@s@~@wBzC_@h@CBW^uA~BmAtBKPe@iAIUEO?O@OBSZm@DED@HNIOEAED[l@CRAN?NDNHTLZVl@JQlAuBtA_CV_@BC^i@~BdBTN\Tj@^G^I@WQODLu@]UUO_CeBILUZCBW^uA~BmAtBKPq@hAGHq@jAaAdBSb@oBxD_AhBcA|AKLCDu@~@}@|@a@XCB_@RQHoB~@sBjAQHk@XkBbA_@XQRS^K`@GXEb@CX?^Dn@Lj@HPFJHFJDJ?JAJEJKv@}AvByFf@cC\cCLoATeCd@{Ht@wLDyANoDD{@EGEIAIAIAM?MBODKBIDEJELaALy@|@kGJo@IL
WF2 0GU,20,348,"Village Hall, Kirkhamgate → The Star Inn → Outwood Primary Academy Kirkhamgate → Shawfold Cars → Village Hall, Kirkhamgate",3,1824,320,5min,gswfInbnHRhBNl@Lb@yAzAi@l@ORs@aAKMAu@F]?IOs@Nr@?HG\@t@~@nANSh@m@xA{AMc@Om@]}CE]Kq@SyACK?AOkA_@qCcAf@[yAJIKHZxAbAg@^pCNlABJRxAJp@D\\|CNl@Lb@v@w@TSd@c@pBeANGHEb@UPI\U^Wp@k@JVDVDf@@FCz@Jj@DXEYKk@B{@Go@EWKWq@j@_@V]TQHc@TIDOFqBdAe@b@URw@v@Mc@Om@SiB
WF2 0GU,20,349,Village Stores → Outwood Primary Academy Kirkhamgate → The Star Inn → Shawfold Cars → Village Stores,3,1827,328,5min,opwfI`bnHl@]^vBe@b@URw@v@Mc@Om@]}CE]Kq@SyACK?AOkA_@qCcAf@[yAJIKHZxAbAg@^pCNlABJRxAJp@D\\|CNl@Lb@yAzAi@l@ORs@aAKMAu@F]?IOs@Nr@?HG\@t@~@nANSh@m@xA{Av@w@TSd@c@pBeANGHEb@UPI\U^Wp@k@JVDVDf@@FCz@Jj@DXEYKk@B{@Go@EWKWq@j@_@V]TQHc@TIDOFqBdA_@wBm@\
WF2 0GU,20,350,Wakefield Flanshaw Junior and Infant School → West Villa → NAV Mini Market → Phoenix Young People's Centre → Wakefield Flanshaw Junior and Infant School,3,1529,218,3min,oqtfI~lhHa@lCGn@Ml@a@tB[~AMn@c@nBq@zBCFSn@Uj@]~@Ul@Ob@c@k@[g@Wc@OQKKc@YWzAU~AQlAEl@C\A^ZHPFPH??JJLT[v@c@pAGReAvCg@zAGIWKVJFHf@{An@eBTq@FSb@qAZw@JSf@iAj@wAh@mANc@Tm@\_ATk@Ro@BGp@{Bp@_DZ_B`@uBLm@Fo@`@mC
WF2 0GU,20,351,War Memorial → The Star Inn → Outwood Primary Academy Kirkhamgate → Shawfold Cars → War Memorial,3,1714,311,5min,crwfIfgnHLb@yAzAi@l@ORs@aAKMAu@F]?IOs@Nr@?HG\@t@~@nANSh@m@xA{AMc@Om@]}CE]Kq@SyACK?AOkA_@qCcAf@[yAJIKHZxAbAg@^pCNlABJRxAJp@D\\|CNl@Lb@v@w@TSd@c@pBeANGHEb@UPI\U^Wp@k@JVDVDf@@FCz@Jj@DXEYKk@B{@Go@EWKWq@j@_@V]TQHc@TIDOFqBdAe@b@URw@v@Mc@
WF2 0GU,20,352,War memorial in Kirkhamgate. → The Star Inn → Outwood Primary Academy Kirkhamgate → Shawfold Cars → War memorial in Kirkhamgate.,3,1698,309,5min,{qwfIzgnHDNyAzAi@l@ORs@aAKMAu@F]?IOs@Nr@?HG\@t@~@nANSh@m@xA{AMc@Om@]}CE]Kq@SyACK?AOkA_@qCcAf@[yAJIKHZxAbAg@^pCNlABJRxAJp@D\\|CNl@Lb@v@w@TSd@c@pBeANGHEb@UPI\U^Wp@k@JVDVDf@@FCz@Jj@DXEYKk@B{@Go@EWKWq@j@_@V]TQHc@TIDOFqBdAe@b@URw@v@EO
WF2 0GU,20,353,"War Memorial, Kirkhamgate → The Star Inn → Outwood Primary Academy Kirkhamgate → Shawfold Cars → War Memorial, Kirkhamgate",3,1686,304,5min,gqwfI|gnHMLyAzAi@l@ORs@aAKMAu@F]?IOs@Nr@?HG\@t@~@nANSh@m@xA{AMc@Om@]}CE]Kq@SyACK?AOkA_@qCcAf@[yAJIKHZxAbAg@^pCNlABJRxAJp@D\\|CNl@Lb@v@w@TSd@c@pBeANGHEb@UPI\U^Wp@k@JVDVDf@@FCz@Jj@DXEYKk@B{@Go@EWKWq@j@_@V]TQHc@TIDOFqBdAe@b@URi@h@
WF2 0GU,20,354,"War Memorial on Batley Road, Kirkhamgate → The Star Inn → Outwood Primary Academy Kirkhamgate → Shawfold Cars → War Memorial on Batley Road, Kirkhamgate",3,1686,304,5min,gqwfI|gnHMLyAzAi@l@ORs@aAKMAu@F]?IOs@Nr@?HG\@t@~@nANSh@m@xA{AMc@Om@]}CE]Kq@SyACK?AOkA_@qCcAf@[yAJIKHZxAbAg@^pCNlABJRxAJp@D\\|CNl@Lb@v@w@TSd@c@pBeANGHEb@UPI\U^Wp@k@JVDVDf@@FCz@Jj@DXEYKk@B{@Go@EWKWq@j@_@V]TQHc@TIDOFqBdAe@b@URi@h@
WF2 0GU,20,355,West Ardsley Book Exchange → Hill Top Primary Academy → West Ardsley Methodist Church → The Mens Room → West Ardsley Book Exchange,3,7477,837,13min,qszfIvyqHTHj@RlEhBPFzAp@pBx@pBv@fAd@n@^d@b@eFbNGNm@dBo@|Ay@|BSh@S[EAIAKAGIo@cAOU??NTn@bAFHJ@H@D@RZRi@x@}Bn@}Al@eBFOdFcNe@c@o@_@gAe@NaB|@h@PBJMKLA?OC}@i@O`BqBw@qBy@{Aq@QGmEiBk@Sk@S{Ai@{@Wo@Uu@e@e@[CC]YuAoAkAaAs@i@gAaAGE[Wk@a@cDgCu@g@SGQEc@IKAeBS_@Go@OsB]SEQA?m@AaAA]E{@IaAKiBQ_CE}@AQAQIsAIqAAWMoBGaAIaAUeBYwB]oCe@uBi@mCMs@Gk@u@oH]mDOuAY{BIk@CSIs@OuA_AmHKcAKu@Ic@Rg@P]V_@V_@NMVU~@i@\Qn@UVIj@MZGn@StAq@fBy@\Q`@Sp@]z@g@vBoAh@a@XYP_@DIP}@De@FkABgA@m@zAHHAFEDGDMBSBaClALFDFHBJ@H?FALEJEDIDoA^CRELEFGDI@{AIEtBGjAEd@Q|@EHQ^YXi@`@wBnA{@f@q@\a@R]PgBx@uAp@o@R[Fk@LWHo@T]P_Ah@WTOLW^W^Q\Sf@Hb@Jt@JbA~@lHNtAHr@BRHj@XzBNtA\lDt@nHFj@Lr@h@lCd@tB\nCXvBTdBH`AF`ALnB@VHpAHrA@P@PD|@P~BJhBH`ADz@@\@`A?l@P@RDrB\n@N^FdBRJ@b@HPDRFt@f@bDfCj@`@ZVFDfA`Ar@h@jA`AtAnA\XBBd@Zt@d@n@Tz@VzAh@TH
WF2 0GU,20,356,West Ardsley Community Centre → West Ardsley Methodist Church → West Ardsley Book Exchange → Highfield School → West Ardsley Community Centre,3,12804,1453,24min,qizfIb_sHFMV^S`@D@RZRi@x@}Bn@}Al@eBFOdFcNe@c@o@_@gAe@NaB|@h@PBJMKLA?OC}@i@O`BqBw@qBy@{Aq@QGmEiBk@Sk@SBWDS@S?Q?S@OLaBM`BAN?R?PARERCVTHTHj@RlEhBPFzAp@pBx@pBv@fAd@n@^d@b@eFbNGNm@dBo@|Ay@|BSh@KXKXO^Wt@_@`Aa@pAGV?FCTGxDA|@?JMdHAb@At@At@C~@MfJ?PA`@@p@J`A`@vBBb@LjGj@|Fp@jHJ|C?~BO`CYzCtDvBpJtFLF`J|EhHdEPHnBnAhE|B\RZRXLrAv@bAh@JDr@h@~AjA|@`Az@|AJN^n@r@zAlAnDHTHVpAlDp@`BHFHFD@F?N?^WPMp@UBAZKh@CHDTJZTTZb@ZH?HFb@i@tD{ITc@^q@bAqB\cAF_ACEAO?I?EBMDKFEBADAD@VIPAnBw@LMr@cAXa@JOX]h@aAlCmD~CsEbCmDdB_C`ByBT[x@gAGWOm@?a@Fs@\cA\i@zBmCTYR_@Jk@Bc@Ac@Ga@Oo@Yw@Og@IWUs@I[Oa@GUIUGU{@sCGSa@_AQWq@q@MKIIi@]QMQSGMUe@Sg@Ss@K]Mq@YgBKq@c@yBu@}BKWC[?w@@eA?kB?]Aa@?WCQAQAKCEIWMa@Qo@Qq@Mw@Kg@QoB]oDKoAQgBQyAO?eEhDdEiDN?PxAPfBJnA\nDJjADb@Jf@Lv@Pp@Pn@L`@HVBD@J@PBP?V@`@?\?jBAdA?v@BZJVt@|Bb@xBJp@XfBLp@J\Rr@Rf@Td@FLPRPLh@\HHLJp@p@PV`@~@FRz@rCFTHTFTN`@HZTr@HVNf@Xv@Nn@F`@@b@Cb@Kj@S^UX{BlC]h@]bAGr@?`@Nl@FVy@fAUZaBxBeB~BcClD_DrEmClDi@`AY\KNY`@s@bAMLoBv@GRMP?D@NALCJ?@GHGDS`@OH]bAcApB_@p@Ub@uDzIWfA?NCNELKJI?IEGICKAQ@SMy@U[[UUKIEi@B[JC@q@TQL_@V]VSi@q@aBqAmDIWIUmAcCk@iAa@{@qBwCk@m@wAiA_Am@q@e@yCaBeBaA_CmAmAw@a@S}DuBqC{AyImFeP}I@g@X{CNaC?_CK}Cq@kHk@}FMkGCc@a@wBKaAAq@@a@?QLgJB_A@u@@u@@c@LeH?K@}@FyDBU?GFW`@qA^aAVu@N_@JYJYS[EAIAKAGIPe@
WF2 0GU,20,357,West Ardsley Methodist Church → West Ardsley Community Centre → West Ardsley Book Exchange → The Star Inn → West Ardsley Methodist Church,3,6229,593,9min,q}yfIvarHOC}@i@O`BfAd@n@^d@b@eFbNGNm@dBo@|Ay@|BSh@S[EAIAKAGIPe@FMV^S`@D@RZRi@x@}Bn@}Al@eBFOdFcNe@c@o@_@gAe@qBw@qBy@{Aq@QGmEiBk@Sk@SBWDS@S?Q?S@OLaBM`BAN?R?PARERCVTHTHj@RlEhBPFzAp@pBx@pBv@fAd@n@^d@b@FOZ{@HYViA^iBXgARm@R]^a@JInBeBr@w@j@}@Xq@ZcA\gBTmATcAb@cB|@yCBGt@}BtA_E~@wDXsBn@cFRmARw@Vq@b@o@r@q@xA_Ad@YRSJ]Jm@h@wELw@Pu@Ne@Tg@`@m@\YPM\I\GXAB?d@HZDR?NAlAQjAODAXOXWXg@Rk@Ru@t@aDNg@Vo@\s@zBgDRY^g@s@aAKMAu@F]?IOs@Nr@?HG\@t@~@nA_@f@SX{BfD]r@Wn@Of@u@`DSt@Sj@Yf@YVYNE@kANmAPO@S?[Ee@IC?Y@]F]HQL]Xa@l@Uf@Od@Qt@Mv@i@vEKl@K\SRe@XyA~@s@p@c@n@Wp@Sv@SlAo@bFYrB_AvDuA~Du@|BCF}@xCc@bBUbAUlA]fB[bAYp@k@|@s@v@oBdBKH_@`@S\Sl@YfA_@hBWhAIX[z@GNe@c@o@_@gAe@NaB|@h@NB
WF2 0GU,20,358,West Villa → Wakefield Flanshaw Junior and Infant School → NAV Mini Market → Phoenix Young People's Centre → West Villa,3,1690,274,4min,sutfIp|hHLo@Z_B`@uBLm@Fo@`@mCf@mD\T]UiAzHGn@Ml@a@tB[~Aq@~Cq@zBCFSn@Uj@]~@Ul@Ob@c@k@[g@Wc@OQKKc@YWzAU~AQlAEl@C\A^ZHPFPH??JJLT[v@c@pAGReAvCg@zAGIWKVJFHf@{An@eBTq@FSb@qAZw@JSf@iAj@wAh@mANc@Tm@\_ATk@Ro@BGp@{Bb@oB
WF2 0GU,20,359,West Yorkshire Police Bishopgarth House → West Yorkshire Police Learning & Development Centre → Cardigan House → Driver Training Area → West Yorkshire Police Bishopgarth House,3,9946,536,8min,{uyfIxzjH??JCJAFABG?IEmAh@OKgDAS?Q?Q?Q@QFaB?Q?MEWOIGCI?ODeCnDg@h@g@b@cAp@iB`ASJIDGHIHEHCHYlA?BCvA?P@P@RDRThAf@~Br@|CnB|INn@bApEj@fCR|@x@nD\|AtAxDbCzFbCdFbAjBb@x@bAjBnCrD|CfEjDpDxFdFfMjJzBxA`CrAtBfAtDrBtG`Dn@R~FjBlGhAdE\xDDvEOnE[hOcClImApBYzRuF^OZSPMNQNUj@{ARg@POPMLINEP@RBTLVXJXFVDVDX@\?ZAtDA|@AZA\ETW~@MZk@Va@@OCWOMOMUIOi@w@a@So@E{Lh@qAFsFj@sInAeOdCoE`@cFJwDImE]eGaAaGiBs@W_HeDkDqBuBiAcCcB}B_BqFsDiF{DkFqEoD{DaDeE}BqDmAkBc@y@wAuCoEsJuBoF_AqCo@wA_AuCqA}DOc@}BiHwAmEQa@Uu@K]MYKWGMGKGIGIGGEEMIOKc@SEAc@e@OUGQEOEQAMAOAQ?S@O@O?GDQFWFWFOFMrAuBHKFGFGHGHGJCHAH?H?H@JDt@NZLPBLBR@NANCLEJGZSjAy@`A_A`AkAb@o@\Ut@gALKJ?FJJ`@BNDV?L?PG`BAP?P?P?P@RJfDi@NDlA?HCFG@K@KB??
WF2 0GU,20,360,West Yorkshire Police Learning & Development Centre → Cardigan House → West Yorkshire Police Bishopgarth House → Driver Training Area → West Yorkshire Police Learning & Development Centre,3,19016,974,16min,o|yfIrvkHbApEj@fCR|@vAlGtAxDbCzFbCdFbAjBb@x@bAjBnCrD|CfEjDpDxFdFfMjJzBxA`CrAtBfAtDrBtG`Dn@R~FjBlGhAdE\xDDvEOnE[hOcClImApBYzRuF^OZSPMNQNUj@{ARg@POPMLINEP@RBTLVXJXFVDVDX@\?ZAtDA|@AZA\ETW~@MZk@Va@@OCWOMOMUIOi@w@a@So@E{Lh@qAFsFj@sInAeOdCoE`@cFJwDImE]eGaAaGiBs@W_HeDkDqBuBiAcCcB}B_BqFsDiF{DkFqEoD{DaDeE}BqDmAkBc@y@wAuCoEsJuBoF_AqCo@wA_AuCqA}DOc@}BiHwAmEQa@Uu@K]MYKWGMGKGIGIGGEEMIOKc@SEAc@e@OUGQEOEQAMAOAQ?S@O@O?GDQFWFWFOFMrAuBHKFGFGHGHGJCHAH?H?H@JDt@NZLPBLBR@NANCLEJGZSjAy@`A_A`AkAb@o@\Ut@gALKJ?FJJ`@BNDV?L?PG`BAP?P?P?P@RJfDi@NG_BIgCAYAOEECAEHIJKNCD@^FxBDrB@f@DRDFBB??JCJAFABG?IEmAh@OKgDAS?Q?Q?Q@QFaB?Q?MEWOIGCI?ODeCnDg@h@g@b@cAp@iB`ASJIDGHIHEHCHYlA?BCvA?P@P@RDRThAf@~Br@|CnB|I~BhKR|@x@nD\|AtAxDbCzFbCdFbAjBb@x@bAjBnCrD|CfEjDpDxFdFfMjJzBxA`CrAtBfAtDrBtG`Dn@R~FjBlGhAdE\xDDvEOnE[hOcClImApBYzRuF^OZSPMNQNUj@{ARg@POPMLINEP@RBTLVXJXFVDVDX@\?ZAtDA|@AZA\ETW~@MZk@Va@@OCWOMOMUIOi@w@a@So@E{Lh@qAFsFj@sInAeOdCoE`@cFJwDImE]eGaAaGiBs@W_HeDkDqBuBiAcCcB}B_BqFsDiF{DkFqEoD{DaDeE}BqDmAkBc@y@wAuCoEsJuBoF_AqCo@wA_AuCqA}DOc@}BiHwAmEQa@Uu@K]MYKWGMGKGIGIGGEEMIOKc@SEAc@e@OUGQEOEQAMAOAQ?S@O@O?GDQFWFWFOFMrAuBHKFGFGHGHGJCHAH?H?H@JD^\JNFJDLDLBPBN@N@P?P?P?P?BCvA?P@P@RDRThAf@~Br@|CnB|INn@
WF2 0GU,20,361,White Rose Sandwich Co. → BP Manor Service Station → Main Street Fisheries → St Michaels Church → White Rose Sandwich Co.,3,1778,384,6min,yl{fIr~kHe@}CCQKy@]cCZNJ@ZDZ@L?n@Al@AR_@f@dAOZGN_AMw@pCa@lCg@iDCQKy@]cCZNJ@Be@a@M??`@LCd@ZDZ@L?n@Al@AUp@EPw@pCa@lCWzCMhAy@BeAZWTUV}@p@}@f@AI{DbAGXNfANTHFFn@Go@IGOUOgAFYtA_@dBc@@H|@g@|@q@TWVUdA[x@CLiAV{CAK
WF2 0GU,20,362,Wrenthorpe Academy → Hong Kong Vegan → St Annes → Spot on Dog Grooming → Wrenthorpe Academy,3,2963,321,5min,cqwfI`chHIRCHc@~AYbA[~@k@{@[YaBqA}@o@k@_@]UUO_CeBvB{Cr@_Ar@w@l@e@n@a@dBcADAt@g@b@Yp@_@d@UTMrBcAtBmAJI^Qh@UdBi@TORQVYz@}@\Yr@]ZETCp@A`@?\?`@EZOMr@Or@Gh@?f@B^J^Tn@FNLZRp@Jb@DX@l@@p@@`@@L?NHv@L`A@JB\@Z?r@Ad@En@Gl@WdBG\KhAMt@]xAY|@o@dBUl@aAbEEJW|@MTORYR_@LODYHI@UBc@E{B_@g@UGIY[[U}@a@GC}@a@]OQIOOWa@k@_AS[e@s@]g@u@kAk@{@[YaBqACAy@m@G^I@WQODLu@j@^|@n@`BpAZXj@z@Z_AXcAb@_BBIHS
WF2 0GU,20,363,Wrenthorpe Club → Declans → Pinderfields Hospital PRU → The Lawrence → Wrenthorpe Club,3,1957,349,5min,e|wfIlehHHAF_@k@_@]UUO_CeBqA_Ak@_@IIZyAGOIUHTFN[xAHHj@^pA~@l@b@pA`ATN\Tj@^|@n@`BpAZXj@z@Z_AXcAb@_BBILLl@j@??m@k@MMCHc@~AYbA[~@k@{@[YaBqA}@o@k@_@]UUO_CeB_@h@CBW^uA~BmAtBKPe@iAIUEO?O@OBSZm@DED@HNIOEAED[l@CRAN?NDNHTLZVl@JQlAuBtA_CV_@BC^i@~BdBTN\Tj@^G^I@
WF2 0GU,20,364,Wrenthorpe Dental Care → The Well Church (Elim Pentecostal) → Wrenthorpe Methodist Church → Wrenthorpe Post Office → Wrenthorpe Dental Care,3,1637,314,5min,q`wfIhaiH|@QHAXGVEG}@EkBODYHI@UBc@EMNWNINKZI\ITi@XMNEPG^EZOEQCG?USMOReADUj@cDGIY[[U}@a@FYb@eATy@Ux@O\Sf@GX|@`@ZTXZn@}DL{@@AH_@Po@Je@Jo@Fa@D[@IDUFg@BSBMD[F]BUFc@@EJg@BIPRNFTJNFTFN?F@xCBX@VPt@v@PT]xAY|@o@dBUl@Qp@o@pCEJW|@MTORYR_@LDjBF|@WDYFI@}@P
WF2 0GU,20,365,Wrenthorpe Methodist Church → The Well Church (Elim Pentecostal) → St Annes → The New Wheel → Wrenthorpe Methodist Church,3,1494,258,4min,whwfIvthHSf@GX|@`@ZTXZFHf@TzB^MNWNINKZI\ITi@XMNEPG^EZOEQCG?USMOReADUj@cDGIY[[U}@a@GC}@a@]OQIOOWa@k@_AS[e@s@Rg@@CTk@Uj@ABSf@d@r@RZbA`BNNPH\N|@`@FB|@`@ZTXZFHf@T`BXXDMNWNINKZI\ITi@XMNEPG^EZOEQCG?USMOReAp@yDGIY[[U}@a@FYRg@
WF2 0GU,20,366,Wrenthorpe Park & Alverthorpe Meadows → Alverthorpe & Wrenthorpe Meadows LNR → Silcoates School → Conroyds Fish and Chips → Wrenthorpe Park & Alverthorpe Meadows,3,8644,1098,18min,cnufIlxgHTSf@g@V|@`@vAVz@Tz@Tr@Td@PVRRRLXLXBX?f@OFbAV|DJpAo@QmCe@KE??JDlCd@n@P~@V`Cj@\cABEJ[Ha@Ho@Dg@@k@?q@QqCIaAh@OnA_@VIVGpBm@|Ac@OxAAJEf@g@jCKf@OfAiAzHGn@Ml@a@tB[~Aq@~Cq@zBCFSn@Uj@]~@Ul@Ob@i@lAk@vAg@hAKR[v@c@pAGReAvCg@zAg@|AMZM\]v@q@fBGL_@`As@fBs@hBwBvE}BrGW~@q@`Ce@rBW|@Qh@Wb@[^q@h@eBzA_AbAc@h@cAlBCHsAeC]u@k@qAQ]qAoCIQFSn@_GTaCN{Cd@cR@MJkARuA@UFa@Dk@D]BS@U?[C[GSOa@U_@}@aBVg@Dw@?s@?GFWFMPi@HQBQ?KESAG?E?KF]DYNa@`@eAKQGO?G?Md@sA??e@rA?L?FFNJPb@iABGBADADBDHBJ?@?F_B`EELAJAL@L?B@DFHFBDFBHFLDHDHBL@LAPA|@CZAXIhAGrACXCNMPOa@U_@}@aBS_@Wc@y@gAw@eAw@aAsAiBaAwAS[AC_@o@e@q@IMMg@Mm@Gi@G}@EkB^MXSNSLUV}@DKx@oDFSTm@n@eBX}@\yALu@JiAF]VeBFm@Do@@e@?s@A[C]AKMaAIw@?OAMAa@Aq@Am@EYKc@Sq@M[GOUo@K_@C_@?g@Fi@Ns@Ls@NG`@Wb@c@fCyCb@g@jAoA|BcCNMxAwAh@m@V[T_@d@iAVk@d@aBT}@\{A^uA|@uC\cAPo@H[F_@BSN@L@J?HADCDGb@i@FGFI@EFIHQJYDQBUFq@@M@M@MBc@H@F?B?@?L@N?VAJAJARCLEPERGDCHCJGLININKFEFGFELO@A^]^]b@c@z@{@`AcAZYb@e@NO|A_BFE@AdAgAr@s@r@u@JEHEn@Al@@hBALAN?F?FBLL@DNPDFNRRRV\VZI`@ADCJAFOp@i@zBWjAOnAO`AYhAMb@a@|AMx@@j@NrAPdAHl@@BJn@VtB@D@FH`AHlA?J@j@@x@AbAIdAIz@Kn@]~AUx@Kb@Ij@IAMBmBjBUTEBCD]\w@bAGLGLwAhCy@jAILg@p@mAdBKN[`@MVi@z@e@`Ag@jA]j@Yn@]n@k@x@[^a@h@g@f@UR
WF2 0GU,20,367,Wrenthorpe Post Office → The Wren Cafe → The New Pot Oil → Wrenthorpe Methodist Church → Wrenthorpe Post Office,3,1833,271,4min,_xvfItqhHo@pCEJW|@MTORYR_@LODYHI@UBc@E{B_@g@UGIn@}DL{@@AH_@Po@PJXLn@VJLf@v@T\JHDBH?FADIHSpAeFJ_@Rk@Pc@DMVq@Pc@Ds@VPt@v@PT]xAY|@o@dBUl@aAbEEJW|@MTORYR_@LODIBODI@UBc@E{B_@g@UGIY[[U}@a@FYb@eATy@Ux@O\Sf@GX|@`@ZTXZFHf@TzB^b@DTCHAXINE^MXSNSLUV}@DKn@qC
WF2 0GU,20,368,Wrenthorpe Potovens → The Well Church (Elim Pentecostal) → Wrenthorpe Post Office → Hall Cliffe Primary School → Wrenthorpe Potovens,3,1655,257,4min,{|vfI|~hHCSEkBODYHI@UBc@EMNWNINKZI\ITi@XMNEPG^EZOEQCG?USMOReADUj@cDGIn@}DL{@@AH_@Po@Je@Jo@Fa@D[@IDUFg@BSBMD[F]BUFc@@EJg@BIPRNFTJNFTFN?F@xCBX@VPt@v@PT]xAY|@o@dBUl@Qp@o@pCEJW|@MTORYR_@LDjBF|@Fh@Ll@Lf@Dd@Bp@BnA?d@?t@?hBL?ZXXB@?[C[YM??iB?u@?e@CoACq@Ee@Mg@Mm@Gi@Ci@
WF2 0GU,20,369,Wrenthorpe Village Hall → The Well Church (Elim Pentecostal) → Wrenthorpe Post Office → Wrenthorpe Methodist Church → Wrenthorpe Village Hall,3,1880,317,5min,k~vfIt`iH@?XGVEG}@EkBODYHI@UBc@EMNWNINKZI\ITi@XMNEPG^EZOEQCG?USMOReADUj@cDGIn@}DL{@@AH_@Po@Je@Jo@Fa@D[@IDUFg@BSBMD[F]BUFc@@EJg@BIPRNFTJNFTFN?F@xCBX@VPt@v@PT]xAY|@o@dBUl@Qp@o@pCEJW|@MTORYR_@LODYHI@UBc@E{B_@g@UGIY[[U}@a@FYb@eATy@Ux@O\Sf@GX|@`@ZTXZFHf@TzB^b@DTCHAXINEDjBF|@WDYFA?
WF2 0GU,25,370,Al Fresco → The New Albion → The Blue Light → West Villa → Al Fresco,3,1538,301,5min,__ufIjuiHCj@APAPCl@E^GRKRBHRb@U`@CCAAGJ??FK@@BBTa@Sc@}AlCu@rAIHHVN`@ADCDSRRSBE@EYy@HIt@sA|AmCCI[o@c@_Ab@qAZw@JSf@iAj@wAh@mANc@Tm@\_ATk@Ro@BGp@{BwA_Bx@qCnApAMn@c@nBq@zBCFSn@Uj@]~@Ul@Ob@i@lAk@vAg@hAKR[v@c@pAb@~@Zn@JSFSD_@Bm@@Q@QBk@
WF2 0GU,25,371,Alverthorpe Conservative Club → Pizza Ferrara → Al Fresco → Alverthorpe St Paul's CofE (VA) School → Alverthorpe Conservative Club,3,1975,404,6min,cbufI`_jH`AeBCI[o@c@_AGReAvCg@zAg@|AMZM\Nl@Rz@S{@Om@L]L[FS^iAf@{AdAwCFSb@~@Zn@JSFSD_@Bm@@Q@QBk@?Q@UBy@Cx@ATC|@APAPCl@E^GRKR[o@c@_Ab@qAZw@MUKKQIQG[IQCSGMEQKY[g@g@SWy@oAGEKCQl@c@`AEd@Er@ETIVKXERGTEX@\Ap@AXGVILDZBV?R@RGd@A\CTCB??C?B?BCBU@]Fe@AS?SCWE[HMFW@Y@q@A]DYFUDSJYHWDUDs@De@b@aAPm@JBFDx@nARVf@f@XZPJLDRFPBZHPFPHJJLT[v@c@pAb@~@Zn@BHaAdB
WF2 0GU,25,372,Alverthorpe Garage → Sun Bo → Kylies Sandwich Bar & Custom Cakes → Mill View Stores → Alverthorpe Garage,3,1204,286,4min,cdufI`bjHb@w@|AmCCIJSFSGEi@}@BDd@v@FDGRKR[o@c@_AGReAvCg@zAg@|AMZM\]v@q@fBGLZl@P[QZ[m@FMPg@^_A\w@L]L[f@}Af@{AdAwCFSb@~@Zn@BHRb@HTNVLVLVTfAj@Sk@RESOs@MWMWOWIUSc@}AlCc@v@
WF2 0GU,25,373,Alverthorpe St Paul's CofE (VA) School → Pizza Ferrara → Alverthorpe Conservative Club → NAV Mini Market → Alverthorpe St Paul's CofE (VA) School,3,1723,329,5min,unufId`jHBCBU@]Fe@AS?SCWE[HMFW@Y@q@A]DYFUDSJYHWDUDs@De@b@aAPm@JBFDx@nARVf@f@XZPJLDRFPBZHPFPHJJLT[v@c@pAGReAvCg@zAg@|AMZM\Nl@Rz@S{@Om@L]L[FS^iAf@{AdAwCFSb@~@Zn@BH}AlCOSNRZg@`AeBCI[o@c@_Ab@qAZw@MUKK??QIQG[IQCSGMEQKY[g@g@SWy@oAGEKCQl@c@`AEd@Er@ETIVKXERGTEX@\Ap@AXGVILDZBV?R@RGd@A\CTCB
WF2 0GU,25,374,Alverthorpe Working Mens Club → The Eagle → Flanshaw Lodge → Mill View Stores → Alverthorpe Working Mens Club,3,1897,288,4min,kltfIdrjHjB\^Lh@XXLPBN@X?RCB?XKPKJIXQ@ARQDC??`@YRQXSPWZi@HOLW^u@FNHRDPDVUJmAhADd@Lb@?AMa@Ee@lAiATKEWEQISGO_@t@MVIN[h@QVYRSPa@X??EBSP[RKHQJYJC?SBY?OAQCYMi@Y_@M_Dm@c@Kc@MGAu@YQMKKi@g@QOUMMIUMOK_@YYa@Wg@[w@CIWe@CIKSGUQk@CIESOs@MW|@aBH[CUMSLRBTIZ}@`BLVTfABHPj@FTJRBHVd@BHZv@Vf@X`@^XNJTLLHTLPNh@f@JJPLt@XF@b@Lb@Jr@N
WF2 0GU,25,375,Alverthorpe & Wrenthorpe Meadows LNR → Wrenthorpe Park & Alverthorpe Meadows → Silcoates School → NAV Mini Market → Alverthorpe & Wrenthorpe Meadows LNR,3,7707,1059,17min,_gufIjlhHJDlCd@n@PKqAW}DGcAg@NY?YCYMSMSSQWUe@Us@U{@W{@a@wAW}@g@f@UR??TSf@g@V|@`@vAVz@Tz@Tr@Td@PVRRRLXLXBX?f@Od@M^MTKr@Sb@Q^M^Mf@Oh@OnA_@VIVGpBm@|Ac@OxAAJEf@g@jCKf@OfAiAzHGn@Ml@a@tB[~Aq@~Cq@zBCFSn@Uj@]~@Ul@Ob@i@lAk@vAg@hAKR[v@c@pAGReAvCg@zAg@|AMZM\]v@q@fBGL_@`As@fBs@hBwBvE}BrGW~@q@`Ce@rBW|@Qh@Wb@[^q@h@eBzA_AbAc@h@cAlBCHsAeC]u@k@qAQ]qAoCIQFSn@_GTaCN{Cd@cR@MJkARuA@UFa@Dk@D]BS@U?[C[GSOa@U_@}@aBVg@Dw@?s@?GFWFMPi@HQBQ?KESAG?E?KF]DYNa@`@eAKQGO?G?Md@sA??e@rA?L?FFNJPb@iABGBADADBDHBJ?@?F_B`EELAJAL@L?B@DFHFBDFBHFLDHDHBL@LAPA|@CZAXIhAGrACXCNMPFRBZ?ZATCRE\Ej@G`@ATStAKjAALe@bROzCU`Co@~FGRHPpAnCP\j@pA\t@rAdCBIbAmBb@i@~@cAdB{Ap@i@Z_@Vc@Pi@V}@d@sBp@aCV_A|BsGvBwEr@iBr@gB^aAFMp@gB\w@L]L[f@}Af@{AdAwCFSb@qAZw@MUKK??QIQG[I@_@B]Dm@PmAT_BV{Ab@XJJNPVb@Zf@b@j@Nc@Tm@\_ATk@Ro@BGp@{Bp@_DZ_B`@uBLm@Fo@hA{HNgAJg@f@kCDg@@KNyA}Ab@qBl@WFWHoA^i@NH`APpC?p@Aj@Ef@In@I`@KZCD]bAaCk@_AWo@QmCe@KE
WF2 0GU,25,376,Amazon DLS4 → Ossett Fire Station → Silkwood Farm → Total Fitness → Amazon DLS4,3,2488,467,7min,wktfIphmH^gBJHNJReAFUPJ@@@?@??CH_@??I^?BA?A?AAQKR_A@GVmAnB~ALo@VR\ZPaA??Q`A][WSMn@oB_BlA_GXq@J[HWn@z@zB`CLJD@D?LEDAJEF?B?HF@BDHDN@RAPEPGLIDK@OFEHEJ{AbHKd@SdAI`@Gd@Kx@CXKfAA`@?LBNBP??FTBBLDH@F@D?NIDEHILOLUFIPa@Pg@DMDMFWPo@@KNq@ViAD]DIDIHIAOAECC_@Y_Aw@~ApABB@D@NCNGNABEHGLWhAOp@AJQn@GVELELQf@Q`@GHMTMNIHEDOHEBEFEDIPANENGHWFECIIEMCOAQBQDOBCJ[BMBMBM@a@JgABYJy@Fe@Ha@ReAJe@zAcH@K?G?EAa@CQEUAMEIKU{BaCo@{@IVKZYp@mA~FWlAAFS~@GTSdAOKKI_@fB
WF2 0GU,25,377,Ardsley House → BP Manor Service Station → Restyle Fitness → China And Thai Express → Ardsley House,3,1540,271,4min,mxzfIrfkHC@kAZcA\kB|@WPo@d@m@b@]\[`@a@j@_@l@MVf@dAOZGN_AMw@pCa@lCg@iDCQKy@]cCZNJ@Be@EA[K`@LCd@ZDZ@L?n@Al@AUp@EPw@pCa@lC[yBKo@CQKy@]cCZNJ@ZDZ@L?n@Al@AR_@LW^m@`@k@Za@\]l@c@n@e@VQjB}@bA]jA[BA
WF2 0GU,25,378,Blue Marlin Fisheries → Sun Bo → Kylies Sandwich Bar & Custom Cakes → Mill View Stores → Blue Marlin Fisheries,3,1309,294,4min,oeufIp_jHZcAdAwCFSb@~@Zn@JSFSGEi@}@BDd@v@FDGRKR[o@c@_AGReAvCg@zAg@|AMZM\]v@q@fBGLZl@P[QZ[m@FMPg@^_A\w@L]L[f@}Af@{AdAwCFSb@~@Zn@BHRb@HTNVLVLVTfAj@Sk@RESOs@MWMWOWIUSc@CI[o@c@_AGReAvC[bA
WF2 0GU,25,379,BP Manor Service Station → Methodist Church → Tania's Barbershop → Ardsley House → BP Manor Service Station,3,2011,254,4min,ug{fI|ukHGN_AMw@pCa@lCg@iDCQIs@AE]cCg@a@[Yk@c@WOQK]O_@Oc@pDEb@A`@Ab@?\B\FjADv@Hx@Fr@Jp@Nj@Nf@R\XZXH\FdA[x@CLiAJqAJiA`@mCv@qCDQTq@R_@LW^m@`@k@Za@\]l@c@n@e@VQjB}@bA]jA[d@Od@UZSh@e@Ta@`AaAH^YTQNSNa@Li@d@[Re@Ta@LC@kAZcA\kB|@WPo@d@m@b@]\[`@a@j@_@l@MVf@dAOZ
WF2 0GU,25,380,Cardigan House → West Yorkshire Police Learning & Development Centre → Driver Training Area → West Yorkshire Police Bishopgarth House → Cardigan House,3,19015,974,16min,kzyfId}kHj@fCR|@vAlGtAxDbCzFbCdFbAjBb@x@bAjBnCrD|CfEjDpDxFdFfMjJzBxA`CrAtBfAtDrBtG`Dn@R~FjBlGhAdE\xDDvEOnE[hOcClImApBYzRuF^OZSPMNQNUj@{ARg@POPMLINEP@RBTLVXJXFVDVDX@\?ZAtDA|@AZA\ETW~@MZk@Va@@OCWOMOMUIOi@w@a@So@E{Lh@qAFsFj@sInAeOdCoE`@cFJwDImE]eGaAaGiBs@W_HeDkDqBuBiAcCcB}B_BqFsDiF{DkFqEoD{DaDeE}BqDmAkBc@y@wAuCoEsJuBoF_AqCo@wA_AuCqA}DOc@}BiHwAmEQa@Uu@K]MYKWGMGKGIGIGGEEMIOKc@SEAc@e@OUGQEOEQAMAOAQ?S@O@O?GDQFWFWFOFMrAuBHKFGFGHGHGJCHAH?H?H@JD^\JNFJDLDLBPBN@N@P?P?P?P?BCvA?P@P@RDRThAf@~Br@|CnB|INn@nBxIR|@x@nD\|AtAxDbCzFbCdFbAjBb@x@bAjBnCrD|CfEjDpDxFdFfMjJzBxA`CrAtBfAtDrBtG`Dn@R~FjBlGhAdE\xDDvEOnE[hOcClImApBYzRuF^OZSPMNQNUj@{ARg@POPMLINEP@RBTLVXJXFVDVDX@\?ZAtDA|@AZA\ETW~@MZk@Va@@OCWOMOMUIOi@w@a@So@E{Lh@qAFsFj@sInAeOdCoE`@cFJwDImE]eGaAaGiBs@W_HeDkDqBuBiAcCcB}B_BqFsDiF{DkFqEoD{DaDeE}BqDmAkBc@y@wAuCoEsJuBoF_AqCo@wA_AuCqA}DOc@}BiHwAmEQa@Uu@K]MYKWGMGKGIGIGGEEMIOKc@SEAc@e@OUGQEOEQAMAOAQ?S@O@O?GDQFWFWFOFMrAuBHKFGFGHGHGJCHAH?H?H@JDt@NZLPBLBR@NANCLEJGZSjAy@`A_A`AkAb@o@\Ut@gALKJ?FJJ`@BNDV?L?PG`BAP?P?P?P@RJfDi@NG_BIgCAYAOEECAEHIJKNCD@^FxBDrB@f@DRDFBB??JCJAFABG?IEmAh@OKgDAS?Q?Q?Q@QFaB?Q?MEWOIGCI?ODeCnDg@h@g@b@cAp@iB`ASJIDGHIHEHCHYlA?BCvA?P@P@RDRThAf@~Br@|CnB|IrA`G
WF2 0GU,25,381,Carr Gate Garden Centre → Tardis → The Malt Shovel → Ardsley House → Carr Gate Garden Centre,3,8524,879,14min,}hzfIdjjHs@xAWk@[u@`@eBV{@p@m@d@SjBo@|@_@fCgApAi@pBy@HEDChAe@d@Sf@Sj@Wh@UZId@QEo@?_@BYDc@FYJa@R_@PS^YjBcAj@YPIrBkAnB_APIJf@@L?LENc@n@W`@W`@SXo@jASZ}@dBgBjD{@xAw@~@}EnHOTa@n@J`@BNDV?L?PG`BAP?P?P?P@RJfDi@NG_BIgCAYAOEECAEHIJKNCD@^FxBDrB@f@DRDF??BBJCJAFABG?IEmAh@OKgDAS?Q?Q?Q@QFaB?Q?MEWOIGCI?ODeCnDg@h@g@b@cAp@iB`ASJIDGHIHEHCHYlA?BOt@ETELEHGJcBvBGHIHIDIBIBI@K?OAEAc@e@OUGQEOEQAMAOAQ?S@O@O?GDQFWFWFOFMrAuBHKFGFGHGHGJCHAH?H?H@JDt@NZLPBLBR@NANCLEJGZSjAy@`A_A`AkAb@o@pB}CbCqDFM^_AVe@L_@FYDY@W@YAYMoAe@P[Hi@Tk@Vg@Re@RiAd@EBIDqBx@qAh@FjAaC|@MaAfCgApAi@pBy@HEDChAe@d@SBAb@Qj@Wh@UZId@QEo@?_@BYDc@FYJa@R_@PS^YjBcAj@YPIrBkAnB_APIJf@@L?LENc@n@W`@W`@SXo@jASZ}@dBgBjD{@xAw@~@}EnHOTa@n@a@h@eCnDg@h@g@b@cAp@iB`ASJIDGHIHEHCHYlA?BOt@ETELEHGJcBvBGHIHIDIBIBI@K?OAEAk@Ka@OQEOAM@OBMDOFYTQNSNa@Li@d@[Re@Ta@LC@kAZcA\kB|@WPo@d@m@b@]\[`@a@j@_@l@MVS^Up@EP~@LVk@g@eALW^m@`@k@Za@\]l@c@n@e@VQjB}@bA]jA[d@Od@UZSh@e@Ta@`AaAf@a@V]JMDIDKDQDOF]?GDQFWFWFOFMrAuBHKFGFGHGHGJCHAH?H?H@JDt@NZLPBLBR@NANCLEJGZSjAy@`A_A`AkAb@o@pB}CbCqDFM^_AVe@L_@FYDY@W@YAYMoAe@P[Hi@Tk@Vg@Re@RiAd@EBIDqBx@qAh@gCfA}@^kBn@e@Rq@l@Wz@a@dBZt@Vj@r@yA
WF2 0GU,25,382,Carr Gate WMC → The Malt Shovel → Gardener's Retreat Restaurant → Tardis → Carr Gate WMC,3,4259,484,8min,sqyfI`riHDz@BnBk@Vc@PC@e@RiAd@EBIDqBx@qAh@gCfA}@^_Bh@KDe@Rq@l@Wz@a@dBIf@Hg@`@eBV{@p@m@d@SjBo@|@_@fCgApAi@pBy@HEDChAe@d@Sf@Sj@Wh@UZId@QEo@?_@BYDc@FYJa@R_@PS^YjBcAj@YPIrBkAnB_APIJf@@L?LENc@n@W`@W`@SXo@jASZ}@dBgBjD{@xAw@~@}EnHOTa@n@J`@BNDV?L?PG`BAP?P?P?P@RJfDi@NG_BIgCAYAOEECAEHIJKNCD@^FxBDrB@f@DRDF??BBJCJAFABG?IEmAh@OKgDAS?Q?Q?Q@QFaB?Q?MEWOIGCI?ODeCnDg@h@g@b@cAp@iB`ASJIDGHIHEHCHYlA?BOt@ETELEHGJcBvBGHIHIDIBIBI@K?OAEAc@e@OUGQEOEQAMAOAQ?S@O@O?GDQFWFWFOFMrAuBHKFGFGHGHGJCHAH?H?H@JDt@NZLPBLBR@NANCLEJGZSjAy@`A_A`AkAb@o@pB}CbCqDFM^_AVe@L_@FYDY@W@YAYMoAe@P[Hi@TCoBE{@
WF2 0GU,25,383,Chantry Vets → Sun Bo → Kylies Sandwich Bar & Custom Cakes → Mill View Stores → Chantry Vets,3,1337,313,5min,ofufIr}iHFGHILSFHRTdAwCFSb@~@Zn@JSFSGEi@}@BDd@v@FDGRKR[o@c@_AGReAvCg@zAg@|AMZM\]v@q@fBGLZl@P[QZ[m@FMPg@^_A\w@L]L[f@}Af@{AdAwCFSb@~@Zn@BHRb@HTNVLVLVTfAj@Sk@RESOs@MWMWOWIUSc@CI[o@c@_AGReAvCSUGIMRIHGF
WF2 0GU,25,384,China And Thai Express → BP Manor Service Station → Restyle Fitness → East Ardsley Express → China And Thai Express,3,1592,353,5min,sm{fId{kHKo@CQKy@]cCZNJ@ZDZ@L?n@Al@AR_@f@dAOZGN_AMw@pCa@lCg@iDCQKy@]cCZNJ@Be@EA[K`@LCd@KA[Og@a@[Yk@c@WOQK]O_@OoAm@UKqBe@@TJrAJpAKqAKsAAUfAVh@LTJnAl@^N\NPJVNj@b@ZXf@`@ZNJ@ZDZ@L?n@Al@AUp@EPw@pCa@lC[yB
WF2 0GU,25,385,Conroyds Fish and Chips → The Wren Cafe → The New Pot Oil → Wrenthorpe Methodist Church → Conroyds Fish and Chips,3,1856,273,4min,uwvfIvphHy@nDEJW|@MTORYR_@LODYHI@UBc@E{B_@g@UGIn@}DL{@@AH_@Po@PJXLn@VJLf@v@T\JHDBH?FADIHSpAeFJ_@Rk@Pc@DMVq@Pc@Ds@VPt@v@PT]xAY|@o@dBUl@aAbEEJW|@MTORYR_@LODIBODI@UBc@E{B_@g@UGIY[[U}@a@FYb@eATy@Ux@O\Sf@GX|@`@ZTXZFHf@TzB^b@DTCHAXINE^MXSNSLUV}@DKx@oD
WF2 0GU,25,386,Country Kitchen → Outwood Primary Academy Kirkhamgate → The Star Inn → Shawfold Cars → Country Kitchen,3,1686,298,4min,sowfIhfnHIHw@v@Mc@Om@]}CE]Kq@SyACK?AOkA_@qCcAf@[yAJIKHZxAbAg@^pCNlABJRxAJp@D\\|CNl@Lb@yAzAi@l@ORs@aAKMAu@F]?IOs@Nr@?HG\@t@~@nANSh@m@xA{Av@w@TSd@c@pBeANGHEb@UPI\U^Wp@k@JVDVDf@@FCz@Jj@DXEYKk@B{@Go@EWKWq@j@_@V]TQHc@TIDOFqBdAe@b@KH
WF2 0GU,25,387,Curry Pot → Blue Marlin Fisheries → Mill View Stores → Kylies Sandwich Bar & Custom Cakes → Curry Pot,3,1206,256,4min,kaufIfviHYx@GReAvCg@zAGIWKVJFHJWZcAdAwCFSb@~@Zn@BHRb@HTNVLVLVTfAj@Sk@RESOs@MWMWOWIUSc@CI[o@c@_AGReAvCg@zAg@|AMZM\]v@q@fBGLZl@P[QZ[m@FMPg@^_A\w@L]L[f@}Af@{AdAwCFSXy@
WF2 0GU,25,388,Cyrus Guys → St Michaels Church → R H Binks And Sons → Methodist Church → Cyrus Guys,3,1853,301,5min,io{fIjbmH@u@BoD?GBaE?U@yABw@B{@Bq@Bo@FeA@SDu@y@BeAZWTUV}@p@}@f@AI{DbAGXNfANTHFFn@Go@IGOUOgAFYtA_@dBc@@H|@g@|@q@TWVUdA[x@CLiAFy@NaBg@iDCQIs@AE]cCZNJ@ZDZ@L?n@Al@AUp@EPw@pCa@lCWzCMhAEt@ARGdACn@Cp@Cz@Cv@AxA?TC`E?FCnDAt@
WF2 0GU,25,389,Declans → Wrenthorpe Club → The Lawrence → Wrenthorpe Academy → Declans,3,1574,261,4min,eaxfIb`hHpA`ATN\Tj@^G^I@??WQODLu@]UUO_CeB_@h@CBW^uA~BmAtBKPe@iAIUEO?O@OBSZm@DED@HNIOEAED[l@CRAN?NDNHTLZVl@JQlAuBtA_CV_@BC^i@~BdBTN\Tj@^|@n@`BpAZXj@z@Z_AXcAb@_BBIHS??IRCHc@~AYbA[~@k@{@[YaBqA}@o@k@_@]UUOqAaA
WF2 0GU,25,390,Driver Training Area → Cardigan House → West Yorkshire Police Learning & Development Centre → West Yorkshire Police Bishopgarth House → Driver Training Area,3,27897,1369,22min,qvyfIzhlH\|AtAxDbCzFbCdFbAjBb@x@bAjBnCrD|CfEjDpDxFdFfMjJzBxA`CrAtBfAtDrBtG`Dn@R~FjBlGhAdE\xDDvEOnE[hOcClImApBYzRuF^OZSPMNQNUj@{ARg@POPMLINEP@RBTLVXJXFVDVDX@\?ZAtDA|@AZA\ETW~@MZk@Va@@OCWOMOMUIOi@w@a@So@E{Lh@qAFsFj@sInAeOdCoE`@cFJwDImE]eGaAaGiBs@W_HeDkDqBuBiAcCcB}B_BqFsDiF{DkFqEoD{DaDeE}BqDmAkBc@y@wAuCoEsJuBoF_AqCo@wA_AuCqA}DOc@}BiHwAmEQa@Uu@K]MYKWGMGKGIGIGGEEMIOKc@SEAc@e@OUGQEOEQAMAOAQ?S@O@O?GDQFWFWFOFMrAuBHKFGFGHGHGJCHAH?H?H@JD^\JNFJDLDLBPBN@N@P?P?P?P?BCvA?P@P@RDRThAf@~Br@|CnB|IrA`Gj@fCR|@vAlGtAxDbCzFbCdFbAjBb@x@bAjBnCrD|CfEjDpDxFdFfMjJzBxA`CrAtBfAtDrBtG`Dn@R~FjBlGhAdE\xDDvEOnE[hOcClImApBYzRuF^OZSPMNQNUj@{ARg@POPMLINEP@RBTLVXJXFVDVDX@\?ZAtDA|@AZA\ETW~@MZk@Va@@OCWOMOMUIOi@w@a@So@E{Lh@qAFsFj@sInAeOdCoE`@cFJwDImE]eGaAaGiBs@W_HeDkDqBuBiAcCcB}B_BqFsDiF{DkFqEoD{DaDeE}BqDmAkBc@y@wAuCoEsJuBoF_AqCo@wA_AuCqA}DOc@}BiHwAmEQa@Uu@K]MYKWGMGKGIGIGGEEMIOKc@SEAc@e@OUGQEOEQAMAOAQ?S@O@O?GDQFWFWFOFMrAuBHKFGFGHGHGJCHAH?H?H@JD^\JNFJDLDLBPBN@N@P?P?P?P?BCvA?P@P@RDRThAf@~Br@|CnB|INn@nBxIR|@vAlGtAxDbCzFbCdFbAjBb@x@bAjBnCrD|CfEjDpDxFdFfMjJzBxA`CrAtBfAtDrBtG`Dn@R~FjBlGhAdE\xDDvEOnE[hOcClImApBYzRuF^OZSPMNQNUj@{ARg@POPMLINEP@RBTLVXJXFVDVDX@\?ZAtDA|@AZA\ETW~@MZk@Va@@OCWOMOMUIOi@w@a@So@E{Lh@qAFsFj@sInAeOdCoE`@cFJwDImE]eGaAaGiBs@W_HeDkDqBuBiAcCcB}B_BqFsDiF{DkFqEoD{DaDeE}BqDmAkBc@y@wAuCoEsJuBoF_AqCo@wA_AuCqA}DOc@}BiHwAmEQa@Uu@K]MYKWGMGKGIGIGGEEMIOKc@SEAc@e@OUGQEOEQAMAOAQ?S@O@O?GDQFWFWFOFMrAuBHKFGFGHGHGJCHAH?H?H@JDt@NZLPBLBR@NANCLEJGZSjAy@`A_A`AkAb@o@\Ut@gALKJ?FJJ`@BNDV?L?PG`BAP?P?P?P@RJfDi@NG_BIgCAYAOEECAEHIJKNCD@^FxBDrB@f@DRDFBB??JCJAFABG?IEmAh@OKgDAS?Q?Q?Q@QFaB?Q?MEWOIGCI?ODeCnDg@h@g@b@cAp@iB`ASJIDGHIHEHCHYlA?BCvA?P@P@RDRThAf@~Br@|CnB|I~BhKR|@x@nD
WF2 0GU,25,391,DVSA Wakefield Test Center → Silkwood Farm → Total Fitness → Amazon DLS4 → DVSA Wakefield Test Center,3,2654,461,7min,oetfIremH@E?C?EA_@LEBABA@CTgALo@VR\ZPaA??Q`A][WSMn@oB_BlA_GXq@J[HWn@z@zB`CLJD@D?LEDAJEF?B?HF@BDHDN@RAPEPGLIDK@OFEHEJ{AbHKd@SdAI`@Gd@Kx@CXKfAA`@?LBNBP??FTBBLDH@F@D?NIDEHILOLUFIPa@Pg@DMDMFWPo@@KNq@ViAD]DIDIHIAOAECC_@Y_Aw@~ApABB@D@NCNGNABEHGLWhAOp@AJQn@GVELELQf@Q`@GHMTMNIHEDOHEBEFEDIPANENGHWFECIIEMCOAQBQDOBCJ[BMBMBM@a@JgABYJy@Fe@Ha@ReAJe@zAcH@K?G?EAa@CQEUAMEIKU{BaCo@{@IVKZYp@mA~FWlAAFS~@GTSdAi@dCc@nBKIEEC?AC?E@Ef@cC^gBJHNJReAFUR_A@GVmAnB~AUfAABC@C@MD@^?D?BAD
WF2 0GU,25,392,East Ardsley Community Centre → Main Street Fisheries → China And Thai Express → St Michaels Church → East Ardsley Community Centre,3,2131,434,7min,m}{fIzjkHNLpBd@TJnAl@^N\NPJVNj@b@ZXf@`@ZNJ@Be@a@M??`@LCd@ZDZ@L?n@Al@AUp@EPw@pCa@lC[yBKo@CQKy@]cCZNJ@ZDZ@L?n@Al@AUp@EPw@pCa@lCWzCMhAy@BeAZWTUV}@p@}@f@AI{DbAGXNfANTHFFn@Go@IGOUOgAFYtA_@dBc@@H|@g@|@q@TWVU]GYIY[S]Og@Ok@Kq@Gs@Iy@Ew@GkAC]?]@c@@a@Dc@b@qDoAm@UKqBe@OM
WF2 0GU,25,393,East Ardsley Conservative Club → BP Manor Service Station → East Ardsley Express → St Michaels Church → East Ardsley Conservative Club,3,2187,466,7min,mo{fI`zkHB?d@]Ky@]cCZNJ@ZDZ@L?n@Al@AR_@f@dAOZGN_AMw@pCa@lCg@iDCQKy@]cCg@a@[Yk@c@WOQK]O_@OoAm@UKqBe@@TJrAJpAKqAKsAAUfAVh@LTJnAl@c@pDEb@A`@Ab@?\B\FjADv@Hx@Fr@Jp@Nj@Nf@R\XZXH\FWTUV}@p@}@f@AI{DbAGXNfANTHFFn@Go@IGOUOgAFYtA_@dBc@@H|@g@|@q@TWVUdA[x@CLiAV{Cg@iDCQe@\C?
WF2 0GU,25,394,East Ardsley Express → Main Street Fisheries → China And Thai Express → The Bay Horse → East Ardsley Express,3,1427,308,5min,uz{fI`lkHh@LTJnAl@^N\NPJVNj@b@ZXf@`@ZNJ@Be@a@M??`@LCd@ZDZ@L?n@Al@AUp@EPw@pCa@lC[yBKo@CQKy@]cCZNJ@ZDZ@L?n@Al@AR_@LWQSR_AJk@BMCLKj@S~@??PRMVS^Up@EPw@pCa@lCg@iDCQKy@]cCg@a@[Yk@c@WOQK]O_@OoAm@UKi@M
WF2 0GU,25,395,East Ardsley Luncheon Club → Main Street Fisheries → China And Thai Express → St Michaels Church → East Ardsley Luncheon Club,3,2133,448,7min,y|{fIjlkHAKAUpBd@TJnAl@^N\NPJVNj@b@ZXf@`@ZNJ@Be@a@M??`@LCd@ZDZ@L?n@Al@AUp@EPw@pCa@lC[yBKo@CQKy@]cCZNJ@ZDZ@L?n@Al@AUp@EPw@pCa@lCWzCMhAy@BeAZWTUV}@p@}@f@AI{DbAGXNfANTHFFn@Go@IGOUOgAFYtA_@dBc@@H|@g@|@q@TWVU]GYIY[S]Og@Ok@Kq@Gs@Iy@Ew@GkAC]?]@c@@a@Dc@b@qDoAm@UKqBe@@T@J
WF2 0GU,25,396,East Ardsley Post Office → BP Manor Service Station → Main Street Fisheries → St Michaels Church → East Ardsley Post Office,3,1665,356,5min,_m{fIv`lHFw@`@mCv@qCDQTq@R_@f@dAOZGN_AMw@pCa@lCg@iDCQKy@]cCZNJ@Be@a@M??`@LCd@ZDZ@L?n@Al@AUp@EPw@pCa@lCWzCMhAy@BeAZWTUV}@p@}@f@AI{DbAGXNfANTHFFn@Go@IGOUOgAFYtA_@dBc@@H|@g@|@q@TWVUdA[x@CLiANcB
WF2 0GU,25,397,Esso → Toyota Vantage → Total Fitness → Ramada → Esso,3,2160,416,6min,ersfIhmmHSj@QJSYHQb@iAD_@\_ABQA_@q@gAw@m@KEMGPeAHM\KHYNm@BETmADMB?BB@DYtABOTeAAECCC?ELUlACDOl@IX]JILQdAo@_@e@e@[_@SU_@m@KMEECAKCIDK@OFEHEJ{AbHKd@SdAI`@Gd@Kx@CXKfAA`@?LBNBP??FTBBLDH@F@D?NIDEHILOLUFIPa@Pg@DMDMFWPo@@KNq@ViAD]DIDIHIAOAECC_@Y_Aw@~ApABB@D@NCNGNABEHGLWhAOp@AJQn@GVELELQf@Q`@GHMTMNRbAb@eADCb@j@DHEL[bA??EBMSCCEEQWAKScAIHEDOHEBEFEDIPANEN?\?B?HBRH\DLFNVf@HN^j@VPLDD@B?B?NEzCuHPg@Rc@JS`@w@TWVk@HQb@iAHLH^GN
WF2 0GU,25,398,Flanshaw Lodge → The Eagle → Alverthorpe Working Mens Club → GJH Commercial Vehicle Services Ltd → Flanshaw Lodge,3,2911,444,7min,u{sfIzrjHMa@Ee@lAiATKEWEQISGO_@t@MVIN[h@QVYRSPa@X??EBSPA@YPKHQJYJC?SBY?OAQCYMi@Y_@MkB]s@Oc@Kc@MGAu@YQMKKn@{DD^i@fDPLt@XF@b@Lb@J~Cl@AfD?nCAr@?lAA|C?V?XErK?H?hA?|@AjAB`AFr@BRcAb@KBSDYBYBWAeACo@A?{A?M@uBm@?M?EBCH?d@BHDDZ?[?EECI?e@BIDCL?V?T?AtB?L?zAn@@dABV@XCXCREJCbAc@CSGs@CaA@kA?}@?iA?IDsK?Y?W@}C?mA@s@?oC@gD^Lh@XXLPBN@X?RCB?XKPKJIZSRQDC??`@YRQXSPWZi@HOLW^u@FNHRDPDVUJmAhADd@L`@
WF2 0GU,25,399,Flanshaw United Reformed Church → Alverthorpe Working Mens Club → GJH Commercial Vehicle Services Ltd → Mill View Stores → Flanshaw United Reformed Church,3,3583,526,8min,k}sfIttjHe@MMBGACGESG]EBSP[RKHQJYJC?SBY?OAQCYMi@Y_@MkB]s@Oc@Kc@MGAu@YQMKKn@{DD^i@fDPLt@XF@b@Lb@J~Cl@AfD?nCAr@?lAA|C?V?XErK?H?hA?|@AjAB`AFr@BRcAb@KBSDYBYBWAeACo@A?{A?M@uBm@?M?EBCH?d@BHDDZ?[?EECI?e@BIDCL?V?T?AtB?L?zAn@@dABV@XCXCREJCbAc@CSGs@CaA@kA?}@?iA?IDsK?Y?W@}C?mA@s@?oC@gD_Dm@c@Kc@MGAu@YQMKKi@g@QOUMMIUMOK_@YYa@Wg@[w@CIWe@CIKSGUQk@CIESOs@MW|@aBH[CUMSLRBTIZ}@`BLVTfABHPj@FTJRBHVd@BHZv@Vf@X`@^XNJTLLHTLPNh@f@JJPLt@XF@b@Lb@J~Cl@^Lh@XXLPBN@X?RCB?XKPKJIZSRQDCF\DRBFF@LCd@L
WF2 0GU,25,400,Fusion Hair Studio → St Michaels Church → R H Binks And Sons → Methodist Church → Fusion Hair Studio,3,1840,308,5min,qn{fIv`mHUABoD?GBaE?U@yABw@B{@Bq@Bo@FeA@SDu@y@BeAZWTUV}@p@}@f@AI{DbAGXNfANTHFFn@Go@IGOUOgAFYtA_@dBc@@H|@g@|@q@TWVUdA[x@CLiAFy@NaBg@iDCQIs@AE]cCZNJ@ZDZ@L?n@Al@AUp@EPw@pCa@lCWzCMhAEt@ARGdACn@Cp@Cz@Cv@AxA?TC`E?FCnDT@
WF2 0GU,25,401,Gardener's Retreat Restaurant → The Malt Shovel → Tardis → Carr Gate WMC → Gardener's Retreat Restaurant,3,4087,490,8min,ggzfIrbjH~Ai@|@_@fCgApAi@pBy@HEDChAe@d@SBAb@Qj@Wh@UZId@QEo@?_@BYDc@FYJa@R_@PS^YjBcAj@YPIrBkAnB_APIJf@@L?LENc@n@W`@W`@SXo@jASZ}@dBgBjD{@xAw@~@}EnHOTa@n@J`@BNDV?L?PG`BAP?P?P?P@RJfDi@NG_BIgCAYAOEECAEHIJKNCD@^FxBDrB@f@DRDF??BBJCJAFABG?IEmAh@OKgDAS?Q?Q?Q@QFaB?Q?MEWOIGCI?ODeCnDg@h@g@b@cAp@iB`ASJIDGHIHEHCHYlA?BOt@ETELEHGJcBvBGHIHIDIBIBI@K?OAEAc@e@OUGQEOEQAMAOAQ?S@O@O?GDQFWFWFOFMrAuBHKFGFGHGHGJCHAH?H?H@JDt@NZLPBLBR@NANCLEJGZSjAy@`A_A`AkAb@o@pB}CbCqDFM^_AVe@L_@FYDY@W@YAYMoAe@P[Hi@TCoBGmAq@LJr@Ks@p@M@PDz@BnBk@Vg@Re@RiAd@EBIDqBx@qAh@gCfA}@^_Bh@
WF2 0GU,25,402,GJH Commercial Vehicle Services Ltd → Alverthorpe Working Mens Club → Ossett Fire Station → Amazon DLS4 → GJH Commercial Vehicle Services Ltd,3,3140,486,8min,wrtfIvykHT?AtB?L?zAn@@dABV@XCXCREJCbAc@CSGs@CaA@kA?}@?iA?IDsK?Y?W@}C?mA@s@?oC@gDkB]s@Oc@Kc@MGAu@YQMKKn@{DD^i@fDPLt@XF@b@Lb@J~Cl@AfD?nCAr@?lAA|C?V?XErK?H?hA?|@AjAB`AFr@BR^jBLl@JdAFrAJ`BVtAV`AVj@Rb@IVKZYp@mA~FWlAAFS~@PJ@@@?@??CH_@??I^?BA?A?AAQKGTSdAi@dCc@nBKIEEC?AC?E@Ef@cC^gBJHNJReAFUR_A@GVmAlA_GXq@J[HWSc@Wk@WaAWuAKaBGsAKeAMm@_@kBcAb@KBSDYBYBWAeACo@A?{A?M@uBU?
WF2 0GU,25,403,Hall Cliffe Primary School → Wrenthorpe Potovens → Jerry Clay Academy → The Well Church (Elim Pentecostal) → Hall Cliffe Primary School,3,4753,496,8min,ayvfIrpiHYC[YM??iB?u@?e@CoACq@Ee@Mg@Mm@Gi@Ci@CSEkBODYHI@UBc@E{B_@g@UGIY[[U}@a@GC}@a@]OQIOOcAaBS[e@s@]g@u@kAk@{@[YaBqA}@o@k@_@]UUO_CeB_@h@CBW^uA~BmAtBKPq@hAGHq@jAaAdBSb@oBxD_AhBcA|AKLCDu@~@}@|@a@XCB_@RJf@@L?LENc@n@W`@fAxEf@|BVjAXt@DJTf@hA`CN`@HRDP@VC^Gb@Id@Mt@IhAE`BBt@LpAb@nDB\^lE^fEHjA\zAlApDbCtIjOi]xHgQjFuL`@aATk@DKDKRc@`@y@Pe@JU^y@`BoD\w@Zu@LYFIFGXSDCRQFEf@g@Mm@Gi@G}@EkBODYHI@UBc@EMNWNINKZI\ITi@XMNEPG^EZOEQCG?USMOReADUj@cDf@TzB^b@DTCHAXINEDjBF|@Fh@Ll@Lf@Dd@Bp@BnA?d@?t@?hBL?ZXXB
WF2 0GU,25,404,Highfield School → Ossett WMC → West Ardsley Methodist Church → The Star Inn → Highfield School,3,16252,1429,23min,}wvfIbusHDb@Jf@Lv@Pp@Pn@L`@HVBD@J@PBP?V@`@?\?jBAdA?v@BZJVt@|Bb@xBJp@XfBLp@J\Rr@Rf@Td@FLPRPLh@\HHLJVk@NUXa@hA[rA_@RGz@Uh@MdAWTbAHVHJJDP@ZCXG\GZKZMZYTUhBoB`@YlA{@b@UdCuAh@@VPJKTSBC\]`@u@`AeCLm@Pu@ZwAPy@b@kBPq@j@cCJ]XeAJ[XcAT_AjBkGFQ|@{CVmAJe@l@iCVeAJq@H{@Do@Du@?e@?M?}@EgACq@QoFBsAJ}E@e@@gAF}B@_@@UD_ADuATcGLoCFwADiAXqGBYT_EJ_CJmF?i@AWAOKYUq@U_@mAqAc@OQAQ?_@LURW\O\Mj@I|@Bx@Dd@SRq@\{@Pa@?c@CsAKaBKw@IIKEQCIA_ACg@Q_BgAoI}@cIEy@SqEGo@Kk@Ou@Uq@Qk@Kc@Eg@Em@Co@Ea@Oo@Oq@Ww@Qk@Ss@WwAYgBOcAGm@C[AM@u@?o@Cw@CsAG}AGo@G_@MWWSQIQGCA_@K[Ua@_@y@_AmAmA_A_AcAqAk@q@m@s@{@u@}@u@qBoBuAuAY][hA_@pAeAlCsAdCQ\cBdDw@lB]t@{@bCaB`E_@z@S\OXYb@i@r@QRq@j@_@V]TQHc@TIDOFqBdAe@b@URw@v@yAzAi@l@OR_@f@SX{BfD]r@Wn@Of@u@`DSt@Sj@Yf@YVYNE@kANmAPO@S?[Ee@IC?Y@]F]HQL]Xa@l@Uf@Od@Qt@Mv@i@vEKl@K\SRe@XyA~@s@p@c@n@Wp@Sv@SlAo@bFYrB_AvDuA~Du@|BCF}@xCc@bBUbAUlA]fB[bAYp@k@|@s@v@oBdBKH_@`@S\Sl@YfA_@hBWhAIX[z@GNe@c@o@_@gAe@NaB|@h@PBJMKLA?OC}@i@O`BfAd@n@^d@b@FOZ{@HYViA^iBXgARm@R]^a@JInBeBr@w@j@}@Xq@ZcA\gBTmATcAb@cB|@yCBGt@}BtA_E~@wDXsBn@cFRmARw@Vq@b@o@r@q@xA_Ad@YRSJ]Jm@h@wELw@Pu@Ne@Tg@`@m@\YPM\I\GXAB?d@HZDR?NAlAQjAODAXOXWXg@Rk@Ru@t@aDNg@Vo@\s@zBgDRY^g@s@aAKMAu@F]?IOs@Nr@?HG\@t@~@nANSh@m@xA{Av@w@TSd@c@pBeANGHEb@UPI\U^Wp@k@PSh@s@Xc@NYR]^{@`BaEz@cC\u@v@mBbBeDP]rAeCdAmC^qAZiAX\tAtApBnB|@t@z@t@l@r@j@p@bApA~@~@lAlAx@~@`@^ZT^JB@PFPHVRLVF^Fn@F|ABrABv@?n@At@@LBZFl@NbAXfBVvARr@Pj@Vv@Np@Nn@D`@Bn@Dl@Df@Jb@Pj@Tp@Nt@Jj@Fn@RpEDx@|@bIfAnIP~ABf@@~@BHDPHJv@H`BJrAJb@B`@?z@Qp@]RSEe@Cy@H}@Lk@N]V]TS^MP?P@b@NlApATRz@XAf@EzAMdEKr@K~BU~DCXYpGEhAGvAMnCUbGEtAE~@ATA^G|BAfAAd@K|ECrAPnFHxB?|@?L?d@Et@En@Iz@Kp@WdAm@hCKd@WlA}@zCGPkBjGU~@YbAKZYdAK\k@bCQp@c@jBQx@[vAQt@Ml@aAdCa@t@]\CBURKJWQi@AeCtAc@TmAz@a@XiBnBUT[X[L[J]FYF[BQAKEIKIWUcAeAVi@L{@TSFsA^iAZY`@OTWj@MKIIi@]QMQSGMUe@Sg@Ss@K]Mq@YgBKq@c@yBu@}BKWC[?w@@eA?kB?]Aa@?WCQAQAKCEIWMa@Qo@Qq@Mw@Kg@Ec@
WF2 0GU,25,405,Hill Top Primary Academy → West Ardsley Book Exchange → West Ardsley Methodist Church → The Mens Room → Hill Top Primary Academy,3,8357,936,15min,clzfIn}rHNTn@bAFHJ@H@D@RZRi@x@}Bn@}Al@eBFOdFcNe@c@o@_@gAe@qBw@qBy@{Aq@QGmEiBk@Sk@SBWDS@S?Q?S@OLaBM`BAN?R?PARERCVTHTHj@RlEhBPFzAp@pBx@pBv@NaB|@h@PBJMKLA?OC}@i@O`BqBw@qBy@{Aq@QGmEiBk@Sk@S{Ai@{@Wo@Uu@e@e@[CC]YuAoAkAaAs@i@gAaAGE[Wk@a@cDgCu@g@SGQEc@IKAeBS_@Go@OsB]SEQA?m@AaAA]E{@IaAKiBQ_CE}@AQAQIsAIqAAWMoBGaAIaAUeBYwB]oCe@uBi@mCMs@Gk@u@oH]mDOuAY{BIk@CSIs@OuA_AmHKcAKu@Ic@Rg@P]V_@V_@NMVU~@i@\Qn@UVIj@MZGn@StAq@fBy@\Q`@Sp@]z@g@vBoAh@a@XYP_@DIP}@De@FkABgA@m@zAHHAFEDGDMBSBaClALFDFHBJ@H?FALEJEDIDoA^CRELEFGDI@{AIEtBGjAEd@Q|@EHQ^YXi@`@wBnA{@f@q@\a@R]PgBx@uAp@o@R[Fk@LWHo@T]P_Ah@WTOLW^W^Q\Sf@Hb@Jt@JbA~@lHNtAHr@BRHj@XzBNtA\lDt@nHFj@Lr@h@lCd@tB\nCXvBTdBH`AF`ALnB@VHpAHrA@P@PD|@P~BJhBH`ADz@@\@`A?l@P@RDrB\n@N^FdBRJ@b@HPDRFt@f@bDfCj@`@ZVFDfA`Ar@h@jA`AtAnA\XBBd@Zt@d@n@Tz@VzAh@j@Rj@RlEhBPFzAp@pBx@pBv@fAd@n@^d@b@eFbNGNm@dBo@|Ay@|BSh@S[EAIAKAGIo@cAOU
WF2 0GU,25,406,Holiday Inn → Shell Select → Ramada → Total Fitness → Holiday Inn,3,2308,396,6min,gpsfItwmH|@`@ENGPc@l@KNKPEBEJs@`A]aAEIQm@q@_CYoAG[?K@QJS`@w@@[Ea@BS@CHU@C??RATZb@iAD_@\_ABQA_@q@gAw@m@KEMGo@_@e@e@[_@SU_@m@KMEECAKCIDK@OFEHEJ{AbHKd@SdAI`@Gd@Kx@CXKfAA`@?LBNBP??FTBBLDH@F@D?NIDEHIRbAb@eADCb@j@DHEL[bA??EBMSCCEEQWAKScALOLUFIPa@Pg@DMDMFWPo@@KNq@ViAD]DIDIHIAOAECC_@Y_Aw@~ApABB@D@NCNGNABEHGLWhAOp@AJQn@GVELELQf@Q`@GHMTMNIHEDOHEBEFEDIPANEN?\?B?HBRH\DLFNVf@HN^j@VPLDD@B?B?NEzCuHRMVCXnAp@~BPl@DHZi@DCHDZRNFDCJQJOb@m@FQDO}@a@
WF2 0GU,25,407,Hong Kong Vegan → Wrenthorpe Academy → Spot on Dog Grooming → The Wheel → Hong Kong Vegan,3,1540,201,3min,wowfIdngHe@Tq@^c@Xu@f@E@eBbAo@`@m@d@s@v@s@~@wBzC~BdBTN\Tj@^|@n@`BpAZXj@z@Z_AXcAb@_BBIHS??IRCHc@~AYbA[~@k@{@[YaBqACAy@m@k@_@]UUO_CeBfA{An@_Ar@_Ar@w@l@e@n@a@dBcADAt@g@b@Yp@_@d@U
WF2 0GU,25,408,JB's Cafe & Bistro → Ossett Flushdyke Junior and Infant School → Spring Mill Golf Course → Ramada → JB's Cafe & Bistro,3,10890,1053,17min,{gtfIl}oHGVIz@I?IM?yAWBGDI?GAIGUq@U_@mAqAc@OQAQ?_@LURW\O\Mj@I|@Bx@Dd@X`@RLRAPGLQJUlA{DJa@p@sBt@aBzDkIFMP_@VaADg@?c@A]E[G]Ia@IOGYG]A[AW?W@wD@y@@[@YD]H[Rg@POPMLINEP@RBTLVXJXFVDVDX@\?ZAtDA|@AZA\ETW~@MZa@fAcAxBkAjCkDhHq@zAq@nBy@bDWvAAFW|AQ`BQjBGlAIdCEvCGnEQnLIdCSvC_@|De@vCg@tBs@dCqAvCwL`SwBhDmDxF{AhCiBbD{@lBoB`Fq@xBe@xBg@xCYpCKzAG`BChCD|BRlDXrCj@`Ev@bDr@tCLRLHP@HCVAJ@FBFFFJFVBLFf@@H?PAPEPELIHGDGBk@EEAGEGGEKEMCS?U?]UmAaAmDq@cDm@eE[sCSoDCu@AiA@kCDcBJ}AToCd@_Dh@qBp@cCvBuFx@kBbBkDrAgChHiL`H}KnCoErAyCr@uBj@wBf@uCd@uDRuCHoCNkLDwBFwFAi@BoANgCDu@?c@A[ESCOM_@Oe@G[Gc@Ee@Cy@H}@Lk@N]V]TS^MP?P@b@NlApATRz@XAf@EzAMdEKr@K~BxBdA\M^q@h@y@fAmAn@k@RWf@u@hCcDHKHEH@H@JDHHFJDNh@|BVjAFVFPVf@`A|AJB@?NGDGDGXm@Pa@JQHEHKj@u@`@o@BGhA{BP[ZWDCDCNE^KLARMz@s@TWDEDMBAt@c@ZKUyA[eCcBkM{@qECOkAgFYaA{@_DK]sCoHk@}ASi@]aAEIQm@q@_CYoAG[?K@QJS`@w@TWVk@HQb@iAD_@\_ABQA_@q@gAw@m@KEMGo@_@e@e@[_@SU_@m@KMEECAKCIDK@OFEHEJ{AbHKd@SdAI`@Gd@Kx@CXKfAA`@?LBNBP??FTBBLDH@F@D?NIDEHIRbAb@eADCb@j@DHEL[bA??EBMSCCEEQWAKScAIHEDOHEBEFEDIPANEN?\?B?HBRH\DLFNVf@HN^j@b@p@BBDHBDDJ@N@PAN[x@Yz@K`@E\C\?b@B\Db@Jp@JXFVDVDX@\?ZAtDA|@AZA\ETW~@MZa@fAcAxBkAjCuBjFIn@GfAGlAA\CbBAf@EzA\EHLH?H{@FW
WF2 0GU,25,409,Jerry Clay Academy → Hall Cliffe Primary School → The Well Church (Elim Pentecostal) → Sunnyhill Stores → Jerry Clay Academy,3,2691,363,6min,_iwfIlwiHDKDKRc@`@y@Pe@JU^y@`BoD\w@Zu@LYFIFGXSDCRQFEf@g@Lf@Dd@Bp@BnA?d@?t@?hBL?ZXXB@?[C[YM??iB?u@?e@CoACq@Ee@Mg@Mm@Gi@G}@EkBODYHI@UBc@EMNWNINKZI\ITi@XMNEPG^EZOEQCG?USMOReADUj@cDf@TzB^b@DTCHAXINEDjBF|@Fh@Ll@Lf@Dd@Bp@BnA?d@?t@?hB?rB?zA?HDzCDdFBzA@T@hAFlF_@PO@EDCFCLBMBGDENA??^QGmFAiAAUC{AEeFE{C?I?{A?sB?iB?u@?e@CoACq@Ee@Mg@g@f@GDSPEBYRGFGHMX[t@]v@aBnD_@x@KTQd@a@x@Sb@EJEJ
WF2 0GU,25,410,Kirkhamgate Fisheries → Village Stores → Outwood Primary Academy Kirkhamgate → The Star Inn → Kirkhamgate Fisheries,3,1735,315,5min,{cwfIn`nHAQEWKWq@j@_@V]TQHc@TIDOFqBdA_@wBm@\OH|@g@^vBe@b@URw@v@Mc@Om@]}CE]Kq@SyACK?AOkA_@qCcAf@[yAJIKHZxAbAg@^pCNlABJRxAJp@D\\|CNl@Lb@yAzAi@l@ORs@aAKMAu@F]?IOs@Nr@?HG\@t@~@nANSh@m@xA{Av@w@TSd@c@pBeANGHEb@UPI\U^Wp@k@JVDV@P
WF2 0GU,25,411,Kirkhamgate Village Hall → The Star Inn → Outwood Primary Academy Kirkhamgate → Shawfold Cars → Kirkhamgate Village Hall,3,1831,321,5min,iswfIdbnHTrBNl@Lb@yAzAi@l@ORs@aAKMAu@F]?IOs@Nr@?HG\@t@~@nANSh@m@xA{AMc@Om@]}CE]Kq@SyACK?AOkA_@qCcAf@[yAJIKHZxAbAg@^pCNlABJRxAJp@D\\|CNl@Lb@v@w@TSd@c@pBeANGHEb@UPI\U^Wp@k@JVDVDf@@FCz@Jj@DXEYKk@B{@Go@EWKWq@j@_@V]TQHc@TIDOFqBdAe@b@URw@v@Mc@Om@UsB
WF2 0GU,25,412,"Kirkhamgate Village Hall, Brandy Carr Road → Outwood Primary Academy Kirkhamgate → The Star Inn → Shawfold Cars → Kirkhamgate Village Hall, Brandy Carr Road",3,1686,298,4min,qswfI`anH?EE]Kq@SyACK?AOkA_@qCcAf@[yAJIKHZxAbAg@^pCNlABJRxAJp@D\\|CNl@Lb@yAzAi@l@ORs@aAKMAu@F]?IOs@Nr@?HG\@t@~@nANSh@m@xA{Av@w@TSd@c@pBeANGHEb@UPI\U^Wp@k@JVDVDf@@FCz@Jj@DXEYKk@B{@Go@EWKWq@j@_@V]TQHc@TIDOFqBdAe@b@URw@v@Mc@Om@]wC
WF2 0GU,25,413,Kowloon → Alverthorpe Garage → Mill View Stores → Sun Bo → Kowloon,3,1187,267,4min,ajufIbijHb@iA\w@L]L[f@}Af@{AdAwCFSb@~@Zn@BH}AlCu@rAIHO@]I\HNAHIP[b@w@|AmCRb@HTNVLVLVTfAj@Sk@RESOs@MWMWOWIUSc@CIJSFSGEi@}@BDd@v@FDGRKR[o@c@_AGReAvCg@zAg@|AMZM\]v@c@hA
WF2 0GU,25,414,Kylies Sandwich Bar & Custom Cakes → Alverthorpe Garage → Mill View Stores → Sun Bo → Kylies Sandwich Bar & Custom Cakes,3,1179,266,4min,}iufIxhjH^_A\w@L]L[f@}Af@{AdAwCFSb@~@Zn@BH}AlCu@rAIHO@]I\HNAHIP[b@w@|AmCRb@HTNVLVLVTfAj@Sk@RESOs@MWMWOWIUSc@CIJSFSGEi@}@BDd@v@FDGRKR[o@c@_AGReAvCg@zAg@|AMZM\]v@_@~@
WF2 0GU,25,415,Lindale Methodist Church → The Star Inn → Outwood Primary Academy Kirkhamgate → Shawfold Cars → Lindale Methodist Church,3,1801,318,5min,aswfIncnHLhANl@Lb@yAzAi@l@ORs@aAKMAu@F]?IOs@Nr@?HG\@t@~@nANSh@m@xA{AMc@Om@]}CE]Kq@SyACK?AOkA_@qCcAf@[yAJIKHZxAbAg@^pCNlABJRxAJp@D\\|CNl@Lb@v@w@TSd@c@pBeANGHEb@UPI\U^Wp@k@JVDVDf@@FCz@Jj@DXEYKk@B{@Go@EWKWq@j@_@V]TQHc@TIDOFqBdAe@b@URw@v@Mc@Om@MiA
WF2 0GU,25,416,Lofthouse Colliery Disaster Memorial → Sunnyhill Stores → Low Laithes Golf Course → Alverthorpe St Paul's CofE (VA) School → Lofthouse Colliery Disaster Memorial,3,8486,1128,18min,_hvfIr~kHVu@sAeC]u@k@qAQ]qAoCIQ{@eBQi@GUkCgKyAsFIc@Ec@Ee@CcA_@PO@EDCFCLBMBGDENA??^QBbADd@Db@Hb@xArFjCfKFTPh@z@dBHPpAnCP\j@pA\t@rAdCBIbAmBb@i@~@cAdB{Ap@i@Z_@Vc@Pi@V}@d@sBp@aCV_A|BsGvBwEr@iBr@gB^aAFMp@gB\w@L]L[f@}Af@{AdAwCFSb@~@Zn@BHRb@HTNVLVLVTfABHPj@FTJRBHVd@BHZv@Vf@X`@^XNJTLLHTLPNh@f@JJPLt@XF@b@Lb@J~Cl@AfD?nCAr@?lAA|C?V?XErK?H?hA?|@AjAB`AFr@BR^jBLl@JdAFrAJ`BVtAV`AVj@Rb@IVKZYp@mA~FWlAAFS~@GTSdAi@dCc@nB_A|EILKBMEY]qAeAUGIEKGGIGQAKAO?MHwBHwB@a@?OJwDBa@PuBJmADOFIL?DBNNRRZZ@FAPEFCDy@xDGFE?KIECk@fDA`@BT@PCp@?`@EbB?F@XBLHVLLPTpAdAZNLDH@HE~@}Eb@oBh@eCReAFUR_A@GVmAlA_GXq@J[HWSc@Wk@WaAWuAKaBGsAKeAMm@_@kBCSGs@CaA@kA?}@?iA?IDsK?Y?W@}C?mA@s@?oC@gD_Dm@c@Kc@MGAu@YQMKKi@g@QOUMMIUMOK_@YYa@Wg@[w@CIWe@CIKSGUQk@CIUgAMWMWOWIUSc@CI[o@c@_Ab@qAZw@MUKKQIQG[IQCSGMEQKY[g@g@SWy@oAGEKCQl@c@`AEd@Er@ETIVKXERGTEX@\Ap@AXGVILDZBV?R@RGd@A\CTCB??C?B?BCBU@]Fe@AS?SCWE[HMFW@Y@q@A]DYFUDSJYHWDUDs@De@b@aAPm@JBFDx@nARVf@f@XZPJLDRFPBZHPFPHJJLT[v@c@pAGReAvCg@zAg@|AMZM\]v@q@fBGL_@`As@fBs@hBwBvE}BrGW~@q@`Ce@rBW|@Qh@Wb@[^q@h@eBzA_AbAc@h@cAlBCHWt@
WF2 0GU,25,417,Low Laithes Golf Course → Amazon DLS4 → Ossett Fire Station → GJH Commercial Vehicle Services Ltd → Low Laithes Golf Course,3,2773,583,9min,cttfI|emHJwDBa@PuBJmADOFIL?DBNNRRZZ@FAPEFCDy@xDGFE?KIECk@fDA`@BT@PCp@?`@EbB?FnC~BDFFBLGDIr@gDBCAC?E@Ef@cC^gBJHNJReAFUPJ@@@?@??CH_@??I^?BA?A?AAQKR_A@GVmAlA_GXq@J[HWSc@Wk@WaAWuAKaBGsAKeAMm@_@kBcAb@KBSDYBYBWAeACo@A?{A?M@uBm@?M?EBCH?d@BHDDZ?[?EECI?e@BIDCL?V?T?AtB?L?zAn@@dABV@XCXCREJCbAc@^jBLl@JdAFrAJ`BVtAV`AVj@Rb@IVKZYp@mA~FWlAAFS~@GTSdAi@dCc@nB_A|EILKBMEY]qAeAUGIEKGGIGQAKAO?MHwBHwB@a@?O
WF2 0GU,25,418,Main Street Fisheries → China And Thai Express → The Bay Horse → East Ardsley Express → Main Street Fisheries,3,1637,363,6min,co{fIbrkH`@LCd@ZDZ@L?n@Al@AUp@EPw@pCa@lC[yBKo@CQKy@]cCZNJ@ZDZ@L?n@Al@AR_@LWQSR_AJk@BMCLKj@S~@??PRMVS^Up@EPw@pCa@lCg@iDCQKy@]cCg@a@[Yk@c@WOQK]O_@OoAm@UKqBe@@TJrAJpAKqAKsAAUfAVh@LTJnAl@^N\NPJVNj@b@ZXf@`@ZNJ@Be@a@M
WF2 0GU,25,419,Methodist Church → BP Manor Service Station → Tania's Barbershop → East Ardsley Express → Methodist Church,3,1681,308,5min,mn{fInwkHAE]cCZNJ@ZDZ@L?n@Al@AR_@f@dAOZGN_AMw@pCa@lCKhAKpAMhAy@BeAZ]GYIY[S]Og@Ok@Kq@Gs@Iy@Ew@GkAC]?]@c@@a@Dc@b@qDoAm@UKqBe@@TJrAJpAKqAKsAAUfAVh@LTJnAl@^N\NPJVNj@b@ZXf@`@ZNJ@ZDZ@L?n@Al@AUp@EPw@pCa@lCg@iDCQIs@
WF2 0GU,25,420,Mill View Stores → Sun Bo → Alverthorpe Garage → Kylies Sandwich Bar & Custom Cakes → Mill View Stores,3,1239,281,4min,g}tfIpajHOs@MWMWOWIUSc@CIJSFSGEi@}@BDd@v@FDGRKRBH}AlCu@rAIHO@]I\HNAHIP[b@w@|AmCCI[o@c@_AGReAvCg@zAg@|AMZM\]v@q@fBGLZl@P[QZ[m@FMPg@^_A\w@L]L[f@}Af@{AdAwCFSb@~@Zn@BHRb@HTNVLVLVNr@
WF2 0GU,25,421,NAV Mini Market → Phoenix Young People's Centre → Mill View Stores → Pizza Ferrara → NAV Mini Market,3,1173,261,4min,_aufItriHJJLT[v@c@pAGReAvCg@zAGIWKVJFHf@{An@eBTq@FSb@~@Zn@BHRb@HTNVLVLVTfAj@Sk@RESOs@MWMWOWIUSc@CI[o@c@_AGReAvCg@zAg@|AMZM\Nl@Rz@S{@Om@L]L[FS^iAf@{AdAwCFSb@qAZw@MUKK
WF2 0GU,25,422,NPAS 31 - Carr Gate → West Yorkshire Police Learning & Development Centre → Driver Training Area → West Yorkshire Police Bishopgarth House → NPAS 31 - Carr Gate,3,10221,589,9min,isyfIb{jHIaCKgDAS?Q?Q?Q@QFaB?Q?MEWOIGCI?ODeCnDg@h@g@b@cAp@iB`ASJIDGHIHEHCHYlA?BCvA?P@P@RDRThAf@~Br@|CnB|INn@nBxIR|@x@nD\|AtAxDbCzFbCdFbAjBb@x@bAjBnCrD|CfEjDpDxFdFfMjJzBxA`CrAtBfAtDrBtG`Dn@R~FjBlGhAdE\xDDvEOnE[hOcClImApBYzRuF^OZSPMNQNUj@{ARg@POPMLINEP@RBTLVXJXFVDVDX@\?ZAtDA|@AZA\ETW~@MZk@Va@@OCWOMOMUIOi@w@a@So@E{Lh@qAFsFj@sInAeOdCoE`@cFJwDImE]eGaAaGiBs@W_HeDkDqBuBiAcCcB}B_BqFsDiF{DkFqEoD{DaDeE}BqDmAkBc@y@wAuCoEsJuBoF_AqCo@wA_AuCqA}DOc@}BiHwAmEQa@Uu@K]MYKWGMGKGIGIGGEEMIOKc@SEAc@e@OUGQEOEQAMAOAQ?S@O@O?GDQFWFWFOFMrAuBHKFGFGHGHGJCHAH?H?H@JDt@NZLPBLBR@NANCLEJGZSjAy@`A_A`AkAb@o@\Ut@gALKJ?FJJ`@BNDV?L?PG`BAP?P?P?P@RJfDi@NG_BIgCAYAOEECAEHIJKNCD@^FxBDrB@f@DRDFBB??JCJAFABG?IEmAh@OH`C
WF2 0GU,25,423,One Stop Coffee Shop → Main Street Fisheries → China And Thai Express → St Michaels Church → One Stop Coffee Shop,3,2135,449,7min,y|{fIllkHAMAUpBd@TJnAl@^N\NPJVNj@b@ZXf@`@ZNJ@Be@a@M??`@LCd@ZDZ@L?n@Al@AUp@EPw@pCa@lC[yBKo@CQKy@]cCZNJ@ZDZ@L?n@Al@AUp@EPw@pCa@lCWzCMhAy@BeAZWTUV}@p@}@f@AI{DbAGXNfANTHFFn@Go@IGOUOgAFYtA_@dBc@@H|@g@|@q@TWVU]GYIY[S]Og@Ok@Kq@Gs@Iy@Ew@GkAC]?]@c@@a@Dc@b@qDoAm@UKqBe@@T@L
WF2 0GU,25,424,Oriental Chef → The Star Inn → Outwood Primary Academy Kirkhamgate → Shawfold Cars → Oriental Chef,3,1761,315,5min,urwfIhenH@NNl@Lb@yAzAi@l@ORs@aAKMAu@F]?IOs@Nr@?HG\@t@~@nANSh@m@xA{AMc@Om@]}CE]Kq@SyACK?AOkA_@qCcAf@[yAJIKHZxAbAg@^pCNlABJRxAJp@D\\|CNl@Lb@v@w@TSd@c@pBeANGHEb@UPI\U^Wp@k@JVDVDf@@FCz@Jj@DXEYKk@B{@Go@EWKWq@j@_@V]TQHc@TIDOFqBdAe@b@URw@v@Mc@Om@AO
WF2 0GU,25,425,Ossett Fire Station → Silkwood Farm → Amazon DLS4 → Total Fitness → Ossett Fire Station,3,2703,475,7min,}gtfIlbmHI^?BA?A?AAQKR_A@GVmAnB~ALo@VR\ZPaA??Q`A][WSMn@oB_BWlAAFS~@GTSdAi@dCc@nBKIEEC?AC?E@Ef@cC^gBJHNJReAFUR_A@GVmAlA_GXq@J[HWn@z@zB`CLJD@D?LEDAJEF?B?HF@BDHDN@RAPEPGLIDK@OFEHEJ{AbHKd@SdAI`@Gd@Kx@CXKfAA`@?LBNBP??FTBBLDH@F@D?NIDEHILOLUFIPa@Pg@DMDMFWPo@@KNq@ViAD]DIDIHIAOAECC_@Y_Aw@~ApABB@D@NCNGNABEHGLWhAOp@AJQn@GVELELQf@Q`@GHMTMNIHEDOHEBEFEDIPANENGHWFECIIEMCOAQBQDOBCJ[BMBMBM@a@JgABYJy@Fe@Ha@ReAJe@zAcH@K?G?EAa@CQEUAMEIKU{BaCo@{@IVKZYp@mA~FWlAAFS~@PJ@@@?@??CH_@
WF2 0GU,25,426,Ossett Flushdyke Junior and Infant School → JB's Cafe & Bistro → Spring Mill Golf Course → Ossett WMC → Ossett Flushdyke Junior and Infant School,3,11235,1055,17min,eptfIzapHW|AQ`BQjBGlAIdCEvCGnEQnLIdCSvC_@|De@vCg@tBs@dCqAvCwL`SwBhDmDxF{AhCiBbD{@lBoB`Fq@xBe@xBg@xCYpCKzAG`BChCD|BRlDXrCj@`Ev@bDr@tCLRLHP@HCVAJ@FBFFFJFVBLFf@@H?PAPEPELIHGDGBk@EEAGEGGEKEMCS?U?]UmAaAmDq@cDm@eE[sCSoDCu@AiA@kCDcBJ}AToCd@_Dh@qBp@cCvBuFx@kBbBkDrAgChHiL`H}KnCoErAyCr@uBj@wBf@uCd@uDRuCHoCNkLDwBFwFAi@BoANgCDu@?c@A[ESCOM_@Oe@G[Gc@Ee@Cy@H}@Lk@N]V]TS^MP?P@b@NlApATRz@XAf@EzA\EHLH?H{@FWJg@@qBEGa@D]?CbBAf@EzAMdEKr@K~BxBdA\M^q@h@y@fAmAn@k@RWf@u@hCcDHKHEH@H@JDHHFJDNh@|BVjAFVFPVf@`A|AJB@?NGDGDGXm@Pa@JQHEHKj@u@`@o@BGhA{BP[ZWDCDCNE^KLARMz@s@TWDEDMBAt@c@ZK^lCTtAYRWf@MfBAVOfASbA{ArDYr@[fAy@dDaBzHCLIf@_BhHg@~BOrAUpBIp@ANKbAADG`B?|CZtCH^b@rB\xAdA`D@BFVLh@PfALpAFvBm@Ek@HOD_@TGDQNCFIT[z@g@|AOb@ETK`@Ij@Gh@eA_@y@a@oA{@GEGEMI}@o@a@Yg@e@KI}AuASQOO{AkAa@[GEmAs@OIqAcAcAc@H{@Do@Du@?e@?M?}@EgACq@QoFBsAJ}E@e@@gAF}B@_@@UD_ADuATcGLoCFwADiAXqGBYT_EJ_CJmF?i@AWAOKYUq@U_@mAqAc@OQAQ?_@LURW\O\Mj@I|@Bx@Dd@X`@RLRAPGLQJUlA{DJa@p@sBt@aBzDkIFMP_@VaADg@?c@A]E[G]Ia@IOGYG]A[AW?W@wD@y@@[@YD]H[Rg@POPMLINEP@RBTLVXJXFVDVDX@\?ZAtDA|@AZA\ETW~@MZa@fAcAxBkAjCkDhHq@zAq@nBy@bDWvAAF
WF2 0GU,25,427,Ossett WMC → Ossett Flushdyke Junior and Infant School → JB's Cafe & Bistro → Spring Mill Golf Course → Ossett WMC,3,11235,1055,17min,aotfI`mrHCq@QoFBsAJ}E@e@@gAF}B@_@@UD_ADuATcGLoCFwADiAXqGBYT_EJ_CJmF?i@AWAOKYUq@U_@mAqAc@OQAQ?_@LURW\O\Mj@I|@Bx@Dd@X`@RLRAPGLQJUlA{DJa@p@sBt@aBzDkIFMP_@VaADg@?c@A]E[G]Ia@IOGYG]A[AW?W@wD@y@@[@YD]H[Rg@POPMLINEP@RBTLVXJXFVDVDX@\?ZAtDA|@AZA\ETW~@MZa@fAcAxBkAjCkDhHq@zAq@nBy@bDWvAAFW|AQ`BQjBGlAIdCEvCGnEQnLIdCSvC_@|De@vCg@tBs@dCqAvCwL`SwBhDmDxF{AhCiBbD{@lBoB`Fq@xBe@xBg@xCYpCKzAG`BChCD|BRlDXrCj@`Ev@bDr@tCLRLHP@HCVAJ@FBFFFJFVBLFf@@H?PAPEPELIHGDGBk@EEAGEGGEKEMCS?U?]UmAaAmDq@cDm@eE[sCSoDCu@AiA@kCDcBJ}AToCd@_Dh@qBp@cCvBuFx@kBbBkDrAgChHiL`H}KnCoErAyCr@uBj@wBf@uCd@uDRuCHoCNkLDwBFwFAi@BoANgCDu@?c@A[ESCOM_@Oe@G[Gc@Ee@Cy@H}@Lk@N]V]TS^MP?P@b@NlApATRz@XAf@EzA\EHLH?H{@FWJg@@qBEGa@D]?CbBAf@EzAMdEKr@K~BxBdA\M^q@h@y@fAmAn@k@RWf@u@hCcDHKHEH@H@JDHHFJDNh@|BVjAFVFPVf@`A|AJB@?NGDGDGXm@Pa@JQHEHKj@u@`@o@BGhA{BP[ZWDCDCNE^KLARMz@s@TWDEDMBAt@c@ZK^lCTtAYRWf@MfBAVOfASbA{ArDYr@[fAy@dDaBzHCLIf@_BhHg@~BOrAUpBIp@ANKbAADG`B?|CZtCH^b@rB\xAdA`D@BFVLh@PfALpAFvBm@Ek@HOD_@TGDQNCFIT[z@g@|AOb@ETK`@Ij@Gh@eA_@y@a@oA{@GEGEMI}@o@a@Yg@e@KI}AuASQOO{AkAa@[GEmAs@OIqAcAcAc@H{@Do@Du@?e@?M?}@EgA
WF2 0GU,25,428,"Outwood Primary Academy Kirkhamgate → Kirkhamgate Village Hall, Brandy Carr Road → The Star Inn → Shawfold Cars → Outwood Primary Academy Kirkhamgate",3,1365,212,3min,{twfIb{mH?@BJRxAJp@D\?D\vCNl@Lb@yAzAi@l@ORs@aAKMAu@F]?IOs@Nr@?HG\@t@~@nANSh@m@xA{Av@w@TSd@c@pBeANGHEb@UPI\U^Wp@k@JVDVDf@@FCz@Jj@DXEYKk@B{@Go@EWKWq@j@_@V]TQHc@TIDOFqBdAe@b@URw@v@Mc@Om@]}CE]Kq@SyACK?A
WF2 0GU,25,429,Phoenix Young People's Centre → NAV Mini Market → The Blue Light → Mill View Stores → Phoenix Young People's Centre,3,1232,259,4min,ccufIfziHTq@FSb@qAZw@MUKK??QIQG[I@_@B]Dm@PmAT_BV{Ab@XJJNPVb@Zf@b@j@i@lAk@vAg@hAKR[v@c@pAb@~@Zn@BH}AlCu@rAIHHVN`@ADCDSRRSBE@EYy@HIt@sA|AmCRb@HTNVLVLVTfAj@Sk@RESOs@MWMWOWIUSc@CI[o@c@_AGRUp@
WF2 0GU,25,430,Pinderfields Hospital PRU → St Annes → Spot on Dog Grooming → Wrenthorpe Methodist Church → Pinderfields Hospital PRU,3,1842,336,5min,qowfInehHm@k@MMCHc@~AYbA[~@t@jA\f@d@r@RZj@~@V`@NNPH\N|@`@FB|@`@MjANFOGLkA}@a@GC}@a@]OQIOOcAaBS[e@s@]g@u@kAk@{@[YaBqACAy@m@G^I@WQODLu@j@^|@n@`BpAZXj@z@t@jA\f@d@r@RZbA`BNNPH\N|@`@FBFYb@eATy@Ux@O\Sf@GXGC}@a@]OQIOOcAaBS[e@s@]g@u@kAZ_AXcAb@_BBILLl@j@
WF2 0GU,25,431,Pizza Ferrara → Alverthorpe Conservative Club → Alverthorpe St Paul's CofE (VA) School → Al Fresco → Pizza Ferrara,3,1889,385,6min,{fufIrbjH^iAf@{AdAwCFSb@~@Zn@BH}AlCOSNRZg@`AeBCI[o@c@_Ab@qAZw@MUKKQIQG[IQCSGMEQKY[g@g@SWy@oAGEKCQl@c@`AEd@Er@ETIVKXERGTEX@\Ap@AXGVILDZBV?R@RGd@A\CTCB??C?B?BCBU@]Fe@AS?SCWE[HMFW@Y@q@A]DYFUDSJYHWDUDs@De@b@aAPm@JBFDx@nARVf@f@XZPJLDRFPBZHPFPHJJLT[v@c@pAb@~@Zn@JSFSD_@Bm@@Q@QBk@?Q@UBy@Cx@ATC|@APAPCl@E^GRKR[o@c@_AGReAvCg@zA_@hA
WF2 0GU,25,432,Pumaspeed → NAV Mini Market → Mill View Stores → Kylies Sandwich Bar & Custom Cakes → Pumaspeed,3,1421,263,4min,}cufI`|iHn@kBFSb@qAZw@MUKK??QIQG[I@_@B]Dm@PmAT_BV{Ab@XJJNPVb@Zf@b@j@i@lAk@vAg@hAKR[v@c@pAb@~@Zn@BHRb@HTNVLVLVTfAj@Sk@RESOs@MWMWOWIUSc@CI[o@c@_AGReAvCg@zAg@|AMZM\]v@q@fBGLZl@P[QZ[m@FMPg@^_A\w@L]L[f@}Af@{ATk@
WF2 0GU,25,433,R H Binks And Sons → Methodist Church → BP Manor Service Station → St Michaels Church → R H Binks And Sons,3,1331,258,4min,gm{fI`blHNaBg@iDCQIs@AE]cCZNJ@ZDZ@L?n@Al@AR_@f@dAOZGN_AMw@pCa@lCWzCMhAy@BeAZWTUV}@p@}@f@AI{DbAGXNfANTHFFn@Go@IGOUOgAFYtA_@dBc@@H|@g@|@q@TWVUdA[x@CLiAFy@
WF2 0GU,25,434,Ramada → Shell Select → Holiday Inn → DVSA Wakefield Test Center → Ramada,3,2903,480,8min,u}sfIhxmH??EBMSCCEEQWAKScAIHEDOHEBEFEDIPANEN?\?B?HBRH\DLFNVf@HN^j@VPLDD@B?B?NEzCuHPg@Rc@JS`@w@@[Ea@BS@CHU@C??RATZIPWj@Kb@q@xBXnAp@~BPl@DHZi@DCHDZRNFDCJQJOb@m@FQDO}@a@??Fo@bA^EVGXENGPc@l@KNKPEBEJs@`A]aAEIQm@q@_CYoAG[?K@QJS`@w@TWVk@HQb@iAD_@\_ABQA_@q@gAw@m@KEMGo@_@e@e@[_@SU_@m@KMEECAKCIDK@KEGIGMCQEUAMEIKU{BaCo@{@IVKZYp@mA~FnB~AUfAABC@C@MD@^?D?BGTDO@E?C?EA_@LEBABA@CTgAoB_BlA_GXq@J[HWn@z@zB`CLJD@D?LEDAJEF?B?HF@BDHDN@RAPEPGLIDK@OFEHEJ{AbHKd@SdAI`@Gd@Kx@CXKfAA`@?LBNBP??FTBBLDH@F@D?NIDEHIRbA@JPVDDBBLRDC??
WF2 0GU,25,435,Restyle Fitness → China And Thai Express → BP Manor Service Station → East Ardsley Express → Restyle Fitness,3,1512,309,5min,gn{fInrkHD@Cd@ZDZ@L?n@Al@AUp@EPw@pCa@lC[yBKo@CQKy@]cCZNJ@ZDZ@L?n@Al@AR_@f@dAOZGN_AMw@pCa@lCg@iDCQKy@]cCg@a@[Yk@c@WOQK]O_@OoAm@UKqBe@@TJrAJpAKqAKsAAUfAVh@LTJnAl@^N\NPJVNj@b@ZXf@`@ZNJ@Be@EA
WF2 0GU,25,436,Royal Spice → The Glynn Living → The Wren Cafe → Hong Kong Vegan → Royal Spice,3,2985,372,6min,_uvfIdbgHF[Ls@NG`@Wb@c@fCyCPl@Dd@F^FLJLHLJZ[ZZ[K[IMKMGMG_@Ee@Qm@q@v@uA`Bc@b@a@VOFMr@Or@Gh@?f@B^J^Tn@FNLZRp@Jb@DX@l@@p@@`@@L?NHv@L`A@JB\@Z?r@Ad@En@Gl@WdBG\KhAMt@QUu@w@WQEr@Qb@Wp@ELQb@Sj@K^qAdFIREHG@I?ECKIU]g@w@KMo@WYMQKQn@I^A@Mz@o@|DY[[U}@a@GC}@a@]OQIOOcAaBS[e@s@]g@u@kAk@{@[YaBqA}@o@k@_@]UUO_CeBvB{Cr@_Ar@w@l@e@n@a@dBcADAt@g@b@Yp@_@d@UTMrBcAtBmAJI^Qh@UdBi@TORQVYz@}@\Yr@]ZETCp@A`@?\?`@EZOMr@GZ
WF2 0GU,25,437,Shawfold Cars → Village Stores → Outwood Primary Academy Kirkhamgate → The Star Inn → Shawfold Cars,3,1750,317,5min,wcwfIdanHEg@EWKWq@j@_@V]TQHc@TIDOFqBdA_@wBm@\OH|@g@^vBe@b@URw@v@Mc@Om@]}CE]Kq@SyACK?AOkA_@qCcAf@[yAJIKHZxAbAg@^pCNlABJRxAJp@D\\|CNl@Lb@yAzAi@l@ORs@aAKMAu@F]?IOs@Nr@?HG\@t@~@nANSh@m@xA{Av@w@TSd@c@pBeANGHEb@UPI\U^Wp@k@JVDVDf@
WF2 0GU,25,438,Shell Select → Holiday Inn → Total Fitness → Toyota Vantage → Shell Select,3,3239,558,9min,_usfIzlmH??RATZIPWj@Kb@q@xBXnAp@~BPl@DHZi@DCHDZRNFDCJQJOb@m@FQDO}@a@??Fo@bA^EVGXENGPc@l@KNKPEBEJs@`A]aAEIQm@q@_CYoAG[?K@QJS`@w@TWVk@HQb@iAD_@\_ABQA_@q@gAw@m@KEMGo@_@e@e@[_@SU_@m@KMEECAKCIDK@OFEHEJ{AbHKd@SdAI`@Gd@Kx@CXKfAA`@?LBNBP??FTBBLDH@F@D?NIDEHILOLUFIPa@Pg@DMDMFWPo@@KNq@ViAD]DIDIHIAOAECC_@Y_Aw@~ApABB@D@NCNGNABEHGLWhAOp@AJQn@GVELELQf@Q`@GHMTMNIHEDOHEBEFEDIPANENGHWFECIIEMCOAQBQDOBCJ[BMBMBM@a@JgABYJy@Fe@Ha@ReAJe@zAcH@K?G?EAa@CQ?QBQHWDAJEF?B?HF@BDHDN@RBX@LBJFV^l@RTZ^d@d@n@^PeAHM\KHYNm@BETmADMB?BB@DYtABOTeAAECCC?ELUlACDOl@IX]JILQdALFJDv@l@TJb@Fn@OSz@Qb@[z@[x@c@hAIPWj@Kb@q@xBG[?K@QJS`@w@@[Ea@BS@CHU@C
WF2 0GU,25,439,Shine hand car wash → Toyota Vantage → Total Fitness → Ramada → Shine hand car wash,3,2160,416,6min,mrsfIzmmHKXQJSYHQb@iAD_@\_ABQA_@q@gAw@m@KEMGPeAHM\KHYNm@BETmADMB?BB@DYtABOTeAAECCC?ELUlACDOl@IX]JILQdAo@_@e@e@[_@SU_@m@KMEECAKCIDK@OFEHEJ{AbHKd@SdAI`@Gd@Kx@CXKfAA`@?LBNBP??FTBBLDH@F@D?NIDEHILOLUFIPa@Pg@DMDMFWPo@@KNq@ViAD]DIDIHIAOAECC_@Y_Aw@~ApABB@D@NCNGNABEHGLWhAOp@AJQn@GVELELQf@Q`@GHMTMNRbAb@eADCb@j@DHEL[bA??EBMSCCEEQWAKScAIHEDOHEBEFEDIPANEN?\?B?HBRH\DLFNVf@HN^j@VPLDD@B?B?NEzCuHPg@Rc@JS`@w@TWVk@HQb@iAHLH^O`@
WF2 0GU,25,440,Silcoates School → Wrenthorpe Post Office → Wrenthorpe Park & Alverthorpe Meadows → Hall Cliffe Primary School → Silcoates School,3,8799,1101,18min,ihvfIvciHe@rA?L?FFNJPb@iABGBADADBDHBJ?@?F_B`EELAJAL@L?B@DFHFBDFBHFLDHDHBL@LAPA|@CZAXIhAGrACXCNMPOa@U_@}@aBS_@Wc@y@gAw@eAw@aAsAiBaAwAS[AC_@o@e@q@IMMg@Mm@Gi@G}@EkB^MXSNSLUV}@DKn@qCPq@Tm@n@eBX}@\yALu@JiAF]VeBFm@Do@@e@?s@A[C]AKMaAIw@?OAMAa@Aq@Am@EYKc@Sq@M[GOUo@K_@C_@?g@Fi@Ns@Ls@NG`@Wb@c@fCyCb@g@jAoA|BcCNMxAwAh@m@V[T_@d@iAVk@d@aBT}@\{A^uA|@uC\cAPo@H[F_@BSN@L@J?HADCDGb@i@FGFI@EFIHQJYDQBUFq@@M@M@MBc@H@F?B?@?L@N?VAJAJARCLEPERGDCHCJGLININKFEFGFELO@A^]^]b@c@z@{@`AcAZYb@e@NO|A_BFE@AdAgAr@s@r@u@JEHEn@Al@@hBALAN?F?FBLL@DNPDFNRRRV\VZI`@ADCJAFOp@i@zBWjAOnAO`AYhAMb@a@|AMx@@j@NrAPdAHl@@BJn@VtB@D@FH`AHlA?J@j@@x@AbAIdAIz@Kn@]~AUx@Kb@Ij@IAMBmBjBUTEBCD]\w@bAGLGLwAhCy@jAILg@p@mAdBKN[`@MVi@z@e@`Ag@jA]j@Yn@]n@k@x@[^a@h@g@f@UR??TSf@g@V|@`@vAVz@Tz@Tr@Td@PVRRRLXLXBX?f@Od@M^MTKr@Sb@Q^M^Mf@Oh@OnA_@VIVGpBm@|Ac@OxAAJEf@g@jCKf@OfAiAzHGn@Ml@a@tB[~Aq@~Cq@zBCFSn@Uj@]~@Ul@Ob@i@lAk@vAg@hAKR[v@c@pAGReAvCg@zAg@|AMZM\]v@q@fBGL_@`As@fBs@hBwBvE}BrGW~@q@`Ce@rBW|@Qh@Wb@[^q@h@eBzA_AbAc@h@cAlBCHsAeC]u@k@qAQ]qAoCIQ{@eBQi@GUkCgKyAsFIc@Ec@Ee@CcAGmFAiAAUC{AEeFE{C?I?{A?sBL?ZXXB@?[C[YM??iB?u@?e@CoACq@Ee@HLd@p@^n@@BRZ`AvArAhBv@`Av@dAx@fAVb@R^Vg@Dw@?s@?GFWFMPi@HQBQ?KESAG?E?KF]DYNa@`@eAKQGO?G?Md@sA
WF2 0GU,25,441,Silkwood Farm → Total Fitness → DVSA Wakefield Test Center → Shell Select → Silkwood Farm,3,4103,632,10min,katfIj_mHQ`A][WSMn@oB_BlA_GXq@J[HWn@z@zB`CLJD@D?LEDAJEF?B?HF@BDHDN@RAPEPGLIDK@OFEHEJ{AbHKd@SdAI`@Gd@Kx@CXKfAA`@?LBNBP??FTBBLDH@F@D?NIDEHILOLUFIPa@Pg@DMDMFWPo@@KNq@ViAD]DIDIHIAOAECC_@Y_Aw@~ApABB@D@NCNGNABEHGLWhAOp@AJQn@GVELELQf@Q`@GHMTMNIHEDOHEBEFEDIPANENGHWFECIIEMCOAQBQDOBCJ[BMBMBM@a@JgABYJy@Fe@Ha@ReAJe@zAcH@K?G?EAa@CQEUAMEIKU{BaCo@{@IVKZYp@mA~FnB~AUfAABC@C@MD@^?D?BGTDO@E?C?EA_@LEBABA@CTgAoB_BlA_GXq@J[HWn@z@zB`CLJD@D?LEDAJEF?B?HF@BDHDN@RAPEPGLIDK@OFEHEJ{AbHKd@SdAI`@Gd@Kx@CXKfAA`@?LBNBP??FTBBDJBN?PANEN?\?B?HBRH\DLFNVf@HN^j@VPLDD@B?B?NEzCuHPg@Rc@JS`@w@@[Ea@BS@CHU@C??RATZb@iAD_@\_ABQA_@q@gAw@m@KEMGo@_@e@e@[_@SU_@m@KMEECAKCIDK@KEGIGMCQEUAMEIKU{BaCo@{@IVKZYp@mA~FnB~ALo@VR\ZPaA
WF2 0GU,25,442,Spot on Dog Grooming → Declans → Pinderfields Hospital PRU → St Annes → Spot on Dog Grooming,3,1707,312,5min,yywfIxehHy@m@k@_@]UUO_CeBqA_Ak@_@IIZyAGOIUHTFN[xAHHj@^pA~@l@b@pA`ATN\Tj@^|@n@`BpAZXj@z@Z_AXcAb@_BBILLl@j@??m@k@MMCHc@~AYbA[~@t@jA\f@d@r@RZj@~@V`@NNPH\N|@`@FB|@`@MjANFOGLkA}@a@GC}@a@]OQIOOcAaBS[e@s@]g@u@kAk@{@[YaBqACA
WF2 0GU,25,443,Spring Mill Golf Course → JB's Cafe & Bistro → Ossett Flushdyke Junior and Infant School → Ramada → Spring Mill Golf Course,3,10482,1027,17min,ovsfIncpHi@}BEOGKIIKEIAIAIDIJiCbDg@t@SVo@j@gAlAi@x@_@p@]LyBeAJ_CJmF?i@AWAOKYUq@U_@TRz@XAf@EzA\EHLH?H{@FWJg@@qBEGa@D]?CbBAf@GDI?GAIGUq@U_@mAqAc@OQAQ?_@LURW\O\Mj@I|@Bx@Dd@X`@RLRAPGLQJUlA{DJa@p@sBt@aBzDkIFMP_@VaADg@?c@A]E[G]Ia@IOGYG]A[AW?W@wD@y@@[@YD]H[Rg@POPMLINEP@RBTLVXJXFVDVDX@\?ZAtDA|@AZA\ETW~@MZa@fAcAxBkAjCkDhHq@zAq@nBy@bDWvAAFW|AQ`BQjBGlAIdCEvCGnEQnLIdCSvC_@|De@vCg@tBs@dCqAvCwL`SwBhDmDxF{AhCiBbD{@lBoB`Fq@xBe@xBg@xCYpCKzAG`BChCD|BRlDXrCj@`Ev@bDr@tCLRLHP@HCVAJ@FBFFFJFVBLFf@@H?PAPEPELIHGDGBk@EEAGEGGEKEMCS?U?]UmAaAmDq@cDm@eE[sCSoDCu@AiA@kCDcBJ}AToCd@_Dh@qBp@cCvBuFx@kBbBkDrAgChHiL`H}KnCoErAyCr@uBj@wBf@uCd@uDRuCHoCNkLDwBFwFJ}BZcEP}Ah@_Dt@_DJa@p@sBt@aBzDkIFMP_@VaADg@?c@A]E[G]Ia@IOGYG]A[AW?W@wD@y@@[@YD]H[Rg@`@sAtA}DBW\aAFOBQ@O?G?MAECGmAeBKQQe@CIIUIa@EMCMECIIEMCOAQBQDOBCDEHEH?HDBDBBLDH@F@D?NIDEHIRbAb@eADCb@j@DHEL[bA??EBMSCCEEQWAKScAIHEDOHEBEFEDIPANEN?\?B?HBRH\DLFNVf@HN^j@VPLDD@B?B?NEzCuHRMVCXnAp@~BPl@DH\`ARh@j@|ArCnHJ\z@~CX`AjAfFBNz@pEbBjMZdCTxA[Ju@b@C@ELEDUV{@r@SLM@_@JODEBEB[VQZiAzBCFa@n@k@t@IJIDKPQ`@Yl@EFEFOFA?KCaA}AWg@GQGWWkA
WF2 0GU,25,444,St Annes → Pinderfields Hospital PRU → Wrenthorpe Methodist Church → The Well Church (Elim Pentecostal) → St Annes,3,1364,282,4min,qnwfIfshHk@_AS[e@s@]g@u@kAZ_AXcAb@_BBILLl@j@??m@k@MMCHc@~AYbA[~@t@jA\f@d@r@RZbA`BNNPH\N|@`@FBFYb@eATy@Ux@O\Sf@GX|@`@ZTXZFHf@TzB^MNWNINKZI\ITi@XMNEPG^EZOEQCG?USMOReADUj@cDGIY[[U}@a@GC}@a@]OQIOOWa@
WF2 0GU,25,445,St Michaels Church → R H Binks And Sons → The Dental Studio → Methodist Church → St Michaels Church,3,2357,336,5min,oz{fIfllHdBc@@H|@g@|@q@TWVUdA[x@CLiAFy@NaB`@mCv@qCDQTq@R_@f@dAWj@_AMw@pCa@lCWzCMhAEt@ARGdACn@Cp@Cz@Cv@AxA?TC`E?FCnD?FElBGjAEd@Q|@EH\jA]kADIP}@De@FkADuBBoD?GBaE?U@yABw@B{@Bq@Bo@FeA@SDu@LiAV{Cg@iDCQIs@AE]cCZNJ@ZDZ@L?n@Al@AUp@EPw@pCa@lCWzCMhAy@BeAZWTUV}@p@}@f@AIeBb@
WF2 0GU,25,446,Sun Bo → Blue Marlin Fisheries → Mill View Stores → Kylies Sandwich Bar & Custom Cakes → Sun Bo,3,1363,309,5min,_aufIjxiHd@v@FDGRKR[o@c@_AGReAvCg@zAGIWKVJFHJWZcAdAwCFSb@~@Zn@BHRb@HTNVLVLVTfAj@Sk@RESOs@MWMWOWIUSc@CI[o@c@_AGReAvCg@zAg@|AMZM\]v@q@fBGLZl@P[QZ[m@FMPg@^_A\w@L]L[f@}Af@{AdAwCFSb@~@Zn@JSFSGEe@w@
WF2 0GU,25,447,Sunnyhill Stores → Jerry Clay Academy → Hall Cliffe Primary School → Wrenthorpe Dental Care → Sunnyhill Stores,3,3489,507,8min,i{vfIlpjH??^QGmFAiAAUC{AEeFE{C?I?{A?sB?iB?u@?e@CoACq@Ee@Mg@g@f@GDSPEBYRGFGHMX[t@]v@aBnD_@x@KTQd@a@x@Sb@EJEJUj@a@`AkFtLyHfQdAnBl@hAFNDL@L?NCHGNQd@Pe@FOBI?OAMEMGOm@iAeAoBxHgQjFuL`@aAZw@DKRc@`@y@Pe@JU^y@`BoD\w@Zu@LYFIFGXSDCRQFEf@g@Lf@Dd@Bp@BnA?d@?t@?hBL?ZXXB@?[C[YM??iB?u@?e@CoACq@Ee@Mg@Mm@Gi@WDYFI@kARLA|@QHAXGVEFh@Ll@Lf@Dd@Bp@BnA?d@?t@?hB?rB?zA?HDzCDdFBzA@T@hAFlF_@P??
WF2 0GU,25,448,Tania's Barbershop → Methodist Church → BP Manor Service Station → St Michaels Church → Tania's Barbershop,3,1331,258,4min,cm{fIhalHJiAg@iDCQIs@AE]cCZNJ@ZDZ@L?n@Al@AR_@f@dAOZGN_AMw@pCa@lCWzCMhAy@BeAZWTUV}@p@}@f@AI{DbAGXNfANTHFFn@Go@IGOUOgAFYtA_@dBc@@H|@g@|@q@TWVUdA[x@CLiAJqA
WF2 0GU,25,449,Tardis → West Yorkshire Police Learning & Development Centre → Cardigan House → Carr Gate Garden Centre → Tardis,3,12473,823,13min,_vyfItzjH??BBJCJAFABG?IEmAh@OKgDAS?Q?Q?Q@QFaB?Q?MEWOIGCI?ODeCnDg@h@g@b@cAp@iB`ASJIDGHIHEHCHYlA?BCvA?P@P@RDRThAf@~Br@|CnB|INn@bApEj@fCR|@vAlGtAxDbCzFbCdFbAjBb@x@bAjBnCrD|CfEjDpDxFdFfMjJzBxA`CrAtBfAtDrBtG`Dn@R~FjBlGhAdE\xDDvEOnE[hOcClImApBYzRuF^OZSPMNQNUj@{ARg@POPMLINEP@RBTLVXJXFVDVDX@\?ZAtDA|@AZA\ETW~@MZk@Va@@OCWOMOMUIOi@w@a@So@E{Lh@qAFsFj@sInAeOdCoE`@cFJwDImE]eGaAaGiBs@W_HeDkDqBuBiAcCcB}B_BqFsDiF{DkFqEoD{DaDeE}BqDmAkBc@y@wAuCoEsJuBoF_AqCo@wA_AuCqA}DOc@}BiHwAmEQa@Uu@K]MYKWGMGKGIGIGGEEMIOKc@SEAc@e@OUGQEOEQAMAOAQ?S@O@O?GDQFWFWFOFMrAuBHKFGFGHGHGJCHAH?H?H@JDt@NZLPBLBR@NANCLEJGZSjAy@`A_A`AkAb@o@pB}CbCqDFM^_AVe@L_@FYDY@W@YAYMoAe@P[Hi@Tk@Vg@Re@RiAd@EBIDqBx@qAh@gCfA}@^kBn@e@Rq@l@Wz@a@dBZt@Vj@r@yA??s@xAWk@[u@`@eBV{@p@m@d@SjBo@|@_@fCgApAi@pBy@HEDChAe@d@Sf@Sj@Wh@UZId@QEo@?_@BYDc@FYJa@R_@PS^YjBcAj@YPIrBkAnB_APIJf@@L?LENc@n@W`@W`@SXo@jASZ}@dBgBjD{@xAw@~@}EnHOTa@n@J`@BNDV?L?PG`BAP?P?P?P@RJfDi@NDlA?HCFG@K@KBCC??
WF2 0GU,25,450,The Bay Horse → Main Street Fisheries → China And Thai Express → East Ardsley Express → The Bay Horse,3,1546,341,5min,qh{fInqkHPRMVS^Up@EPw@pCa@lCg@iDCQKy@]cCZNJ@Be@a@M??`@LCd@ZDZ@L?n@Al@AUp@EPw@pCa@lC[yBKo@CQKy@]cCg@a@[Yk@c@WOQK]O_@OoAm@UKqBe@@TJrAJpAKqAKsAAUfAVh@LTJnAl@^N\NPJVNj@b@ZXf@`@ZNJ@ZDZ@L?n@Al@AR_@LWQS
WF2 0GU,25,451,The Blue Light → The New Albion → Alverthorpe St Paul's CofE (VA) School → Al Fresco → The Blue Light,3,1686,375,6min,udufI~cjHIWHIt@sA|AmCRb@U`@CCAAGJ??FK@@BBTa@Sc@CI[o@c@_Ab@qAZw@MUKKQIQG[IQCSGMEQKY[g@g@SWy@oAGEKCQl@c@`AEd@Er@ETIVKXERGTEX@\Ap@AXGVILDZBV?R@RGd@A\CTCB??C?B?BCBU@]Fe@AS?SCWE[HMFW@Y@q@A]DYFUDSJYHWDUDs@De@b@aAPm@JBFDx@nARVf@f@XZPJLDRFPBZHPFPHJJLT[v@c@pAb@~@Zn@JSFSD_@Bm@@Q@QBk@?Q@UBy@Cx@ATC|@APAPCl@E^GRKRBH}AlCu@rAIHHV
WF2 0GU,25,452,The Dental Studio → St Michaels Church → R H Binks And Sons → Methodist Church → The Dental Studio,3,1823,298,4min,go{fI|`mH?GBoD?GBaE?U@yABw@B{@Bq@Bo@FeA@SDu@y@BeAZWTUV}@p@}@f@AI{DbAGXNfANTHFFn@Go@IGOUOgAFYtA_@dBc@@H|@g@|@q@TWVUdA[x@CLiAFy@NaBg@iDCQIs@AE]cCZNJ@ZDZ@L?n@Al@AUp@EPw@pCa@lCWzCMhAEt@ARGdACn@Cp@Cz@Cv@AxA?TC`E?FCnD?F
WF2 0GU,25,453,The Eagle → Flanshaw Lodge → Alverthorpe Working Mens Club → GJH Commercial Vehicle Services Ltd → The Eagle,3,2913,472,7min,u`tfIfsjH@ARQDC??`@YRQXSPWZi@HOLW^u@FNHRDPDVUJmAhADd@Lb@?AMa@Ee@lAiATKEWEQISGO_@t@MVIN[h@QVYRSPa@X??EBSP[RKHQJYJC?SBY?OAQCYMi@Y_@MkB]s@Oc@Kc@MGAu@YQMKKn@{DD^i@fDPLt@XF@b@Lb@J~Cl@AfD?nCAr@?lAA|C?V?XErK?H?hA?|@AjAB`AFr@BRcAb@KBSDYBYBWAeACo@A?{A?M@uBm@?M?EBCH?d@BHDDZ?[?EECI?e@BIDCL?V?T?AtB?L?zAn@@dABV@XCXCREJCbAc@CSGs@CaA@kA?}@?iA?IDsK?Y?W@}C?mA@s@?oC@gD^Lh@XXLPBN@X?RCB?XKPKJIXQ
WF2 0GU,25,454,The Glynn Living → Royal Spice → The Wren Cafe → Wrenthorpe Park & Alverthorpe Meadows → The Glynn Living,3,7382,898,14min,}nvfInzfHuA`Bc@b@a@VOFMr@GZGVGh@?f@B^J^Tn@FNLZRp@Jb@DX@l@@p@@`@@L?NHv@L`A@JB\@Z?r@Ad@En@Gl@WdBG\KhAMt@QUu@w@WQEr@Qb@Wp@ELQb@Sj@f@l@g@m@Rk@Vq@Vq@Pc@Ds@VPt@v@PTLu@JiAF]VeBFm@Do@@e@?s@A[C]AKMaAIw@?OAMAa@Aq@Am@EYKc@Sq@M[GOUo@K_@C_@?g@Fi@Ns@Ls@NG`@Wb@c@fCyCb@g@jAoA|BcCNMxAwAh@m@V[T_@d@iAVk@d@aBT}@\{A^uA|@uC\cAPo@H[F_@BSN@L@J?HADCDGb@i@FGFI@EFIHQJYDQBUFq@@M@M@MBc@H@F?B?@?L@N?VAJAJARCLEPERGDCHCJGLININKFEFGFELO@A^]^]b@c@z@{@`AcAZYb@e@NO|A_BFE@AdAgAr@s@r@u@JEHEn@Al@@hBALAN?F?FBLL@DNPDFNRRRV\VZI`@ADCJAFOp@i@zBWjAOnAO`AYhAMb@a@|AMx@@j@NrAPdAHl@@BJn@VtB@D@FH`AHlA?J@j@@x@AbAIdAIz@Kn@]~AUx@Kb@Ij@IAMBmBjBUTEBCD]\w@bAGLGLwAhCy@jAILg@p@mAdBKN[`@MVi@z@e@`Ag@jA]j@Yn@]n@k@x@[^a@h@g@f@UR??TSf@g@`@i@Z_@j@y@\o@Xo@\k@f@kAd@aAh@{@LWZa@JOlAeBf@q@HMx@kAvAiCFMFMv@cA\]BEDCTUlBkBLCH@Hk@Jc@Ty@\_BJo@H{@HeA@cAAy@Ak@?KImAIaAAGAEWuBKo@ACIm@QeAOsAAk@Ly@`@}ALc@XiANaANoAVkAh@{BNq@@GBK@EHa@W[W]SSOSEGOQAEMMGCG?O?M@iB@m@Ao@@IDKDs@t@s@r@eAfAA@GD}A~AONc@d@[XaAbA{@z@c@b@_@\_@\A@MNGDGFGDOJOHMHKFIBEBSFQDMDSBK@K@W@O?MAA?C?G?IAQ@G?GAKCMCICGCGE_@AE?C?E@A?C@??C@ABC@A@ADABCJ?FAFCp@@h@@`@?d@?RAP?RALCNEPCRG^IZQn@]bA}@tC_@tA]zAU|@e@`BWj@e@hAU^WZi@l@yAvAOL}BbCkAnAc@f@q@v@
WF2 0GU,25,455,The Lawrence → tillybods → Wrenthorpe Club → Vic's Cafe → The Lawrence,3,5824,476,7min,wjxfIfhhHVl@JQlAuBtA_CV_@BCT[HM~BdBTN\Tj@^G^I@??WQODLu@]UUO_CeB_@h@CBW^uA~BmAtBKPq@hAGHq@jAaAdBSb@oBxD_AhBcA|AKLCDu@~@}@|@a@XCB_@RQHoB~@sBjAQHk@XkBbA_@XQRS^K`@GXEb@CX?^Dn@Lj@HPFJHFJDJ?JAJEJKv@}AvByFf@cC\cCLoATeCd@{Ht@wLDyANoDD{@EGEIAIAIAM?MBODKBIDEJELaALy@Bq@B]l@mEHOHMRByAdK?\?`@DLBL?N?LCLCHGLIFO~@MdDG|As@tLg@`IUfCYbCYhBa@rBe@jBk@hBcA`CqAfC}EnHOTa@n@a@h@eCnDg@h@g@b@cAp@iB`ASJIDGHIHEHCHYlA?BOt@ETELEHGJcBvBGHIHIDIBIBI@K?OAEAc@e@OUGQEOEQAMAOAQ?S@O@O?GDQFWFWFOFMrAuBHKFGFGHGHGJCHAH?H?H@JDt@NZLPBLBR@NANCLEJGZSjAy@`A_A`AkAb@o@pB}CbCqDFM^_AVe@L_@FYDY@W@YAYMoAEo@?_@BYDc@FYJa@R_@PS^YjBcAj@YPIrBkAnB_API^SBC`@Y|@}@t@_ABEJMbA}A~@iBnByDRc@`AeBp@kAFIp@iAWm@
WF2 0GU,25,456,The Malt Shovel → Carr Gate WMC → Gardener's Retreat Restaurant → Tardis → The Malt Shovel,3,4455,551,9min,ysyfIvxiHb@Qj@WCoBGmAq@LJr@Ks@p@M@PDz@BnBk@Vg@Re@RiAd@EBIDqBx@qAh@gCfA}@^_Bh@KDe@Rq@l@Wz@a@dBIf@Hg@`@eBV{@p@m@d@SjBo@|@_@fCgApAi@pBy@HEDChAe@d@Sf@Sj@Wh@UZId@QEo@?_@BYDc@FYJa@R_@PS^YjBcAj@YPIrBkAnB_APIJf@@L?LENc@n@W`@W`@SXo@jASZ}@dBgBjD{@xAw@~@}EnHOTa@n@J`@BNDV?L?PG`BAP?P?P?P@RJfDi@NG_BIgCAYAOEECAEHIJKNCD@^FxBDrB@f@DRDF??BBJCJAFABG?IEmAh@OKgDAS?Q?Q?Q@QFaB?Q?MEWOIGCI?ODeCnDg@h@g@b@cAp@iB`ASJIDGHIHEHCHYlA?BOt@ETELEHGJcBvBGHIHIDIBIBI@K?OAEAc@e@OUGQEOEQAMAOAQ?S@O@O?GDQFWFWFOFMrAuBHKFGFGHGHGJCHAH?H?H@JDt@NZLPBLBR@NANCLEJGZSjAy@`A_A`AkAb@o@pB}CbCqDFM^_AVe@L_@FYDY@W@YAYMoAe@P[Hi@Tk@Vc@P
WF2 0GU,25,457,The Mens Room → St Michaels Church → R H Binks And Sons → Methodist Church → The Mens Room,3,1847,301,5min,io{fIbbmH@m@BoD?GBaE?U@yABw@B{@Bq@Bo@FeA@SDu@y@BeAZWTUV}@p@}@f@AI{DbAGXNfANTHFFn@Go@IGOUOgAFYtA_@dBc@@H|@g@|@q@TWVUdA[x@CLiAFy@NaBg@iDCQIs@AE]cCZNJ@ZDZ@L?n@Al@AUp@EPw@pCa@lCWzCMhAEt@ARGdACn@Cp@Cz@Cv@AxA?TC`E?FCnDAl@
WF2 0GU,25,458,The New Albion → The Blue Light → Al Fresco → Alverthorpe St Paul's CofE (VA) School → The New Albion,3,1751,390,6min,q`ufIf~iHFK@@BBTa@Sc@}AlCu@rAIHHVN`@ADCDSRRSBE@EYy@HIt@sA|AmCCIJSFSD_@Bm@@Q@QBk@?Q@UBy@Cx@ATC|@APAPCl@E^GRKR[o@c@_Ab@qAZw@MUKKQIQG[IQCSGMEQKY[g@g@SWy@oAGEKCQl@c@`AEd@Er@ETIVKXERGTEX@\Ap@AXGVILDZBV?R@RGd@A\CTCB??C?B?BCBU@]Fe@AS?SCWE[HMFW@Y@q@A]DYFUDSJYHWDUDs@De@b@aAPm@JBFDx@nARVf@f@XZPJLDRFPBZHPFPHJJLT[v@c@pAb@~@Zn@BHRb@U`@CCAAGJ
WF2 0GU,25,459,The New Pot Oil → The Well Church (Elim Pentecostal) → Wrenthorpe Post Office → Wrenthorpe Methodist Church → The New Pot Oil,3,1681,275,4min,_~vfIf{hHODI@UBc@EMNWNINKZI\ITi@XMNEPG^EZOEQCG?USMOReADUj@cDGIn@}DL{@@AH_@Po@Je@Jo@Fa@D[@IDUFg@BSBMD[F]BUFc@@EJg@BIPRNFTJNFTFN?F@xCBX@VPt@v@PT]xAY|@o@dBUl@Qp@o@pCEJW|@MTORYR_@LODYHI@UBc@E{B_@g@UGIY[[U}@a@FYb@eATy@Ux@O\Sf@GX|@`@ZTXZFHf@TzB^b@DTCHANE
WF2 0GU,25,460,The New Wheel → The Well Church (Elim Pentecostal) → Wrenthorpe Methodist Church → Wrenthorpe Post Office → The New Wheel,3,1418,263,4min,mawfIf{hHXDMNWNINKZI\ITi@XMNEPG^EZOEQCG?USMOReADUj@cDGIY[[U}@a@FYb@eATy@Ux@O\Sf@GX|@`@ZTXZn@}DL{@@AH_@Po@Je@Jo@Fa@D[@IDUFg@BSBMD[F]BUFc@@EJg@BIPRNFTJNFTFN?F@xCBX@VPt@v@PT]xAY|@o@dBUl@Qp@o@pCEJW|@MTORYR_@LODYHI@UBc@EYE
WF2 0GU,25,461,The Quad → Vic's Cafe → The Wheel → The Lawrence → The Quad,3,9502,657,10min,gtxfIbufHFYfBcGzAgE|A_Ex@iBt@yAfBcDf@u@v@gAr@}@|@gA|@w@lB{AnBkAfBw@jBk@dBY|AQT?N@RDRFNFL@JAJCLULKPEPFNLFNDRBX?ZETGTMPSHSCMGKQEOCIIQMOOOUIQESEWA_BPaB^iBh@gBr@kBlAmBvA{@z@{@|@w@`Aq@dAi@v@gB`Ds@vAu@bBaB|DqAzDiBhG}BzIUvAaA|GyAdK?\?`@DLBL?N?LCLCHGLIFG@G?GCECEGEIAIAIAM?MBODKBIDEJELaALy@Bq@B]l@mEHOHMBQ~@sGVoAtBcJfBcGzAgE|A_Ex@iBt@yAfBcDf@u@v@gAr@}@|@gA|@w@lB{AnBkAfBw@jBk@dBY|AQT?N@RDRFNFL@JAJCLULKPEPFNLXAPERKXI`BKD?\CPANA~@Gb@?R@TDP@H?LCNQBGDIHGFEH?H@B@HAFAHCLEJCJCHCNCZG`@IXEHCDALETKFAl@W??LE@ALEHCJAHAJAJ?L@J@@?NB@?LDJBNFPFFH@BDDLNNLNNPNPNJFHDHDRJTJl@X^Rf@VPHFDHDDDDBJHRNJHFFNJNLb@XHBBBLFJDNHd@NBBBBDDHHCb@ALALALGp@CTEPKXIPGHADGHGFc@h@EFEBCBGFC?E@QBO?G^IZQn@]bA}@tC_@tA]zAU|@e@`BWj@e@hAU^WZi@l@yAvAOL}BbCkAnAc@f@gCxCc@b@a@VOF[Na@D]?a@?q@@UB[Ds@\]X{@|@WXSPUNeBh@i@T_@PKHuBlAsBbA{@b@q@^c@Xu@f@E@eBbAo@`@m@d@s@v@s@~@o@~@gAzA_@h@CBW^uA~BmAtBKPe@iAIUEO?O@OBSZm@DED@HNIOEAED[l@CRAN?NDNHTLZVl@q@hAGHq@jAaAdBSb@oBxD_AhBcA|AKLCDu@~@}@|@a@XCB_@RQHoB~@sBjAQHk@XkBbA_@XQRS^K`@GXEb@CX?^Dn@Lj@HPFJHFJDJ?JAJEJKv@}AvByFf@cC\cCLoATeCd@{Ht@wLDyANoDD{@EGEIAIAIAM?MBODKBIDEJELaALy@|@kGJo@BQ~@sGVoAlBiI
WF2 0GU,25,462,The Star Inn → Lindale Methodist Church → Outwood Primary Academy Kirkhamgate → Shawfold Cars → The Star Inn,3,1568,260,4min,}wwfIfknHr@`ANSh@m@xA{AMc@Om@MiAOsAE]Kq@SyACK?AOkA_@qCcAf@[yAJIKHZxAbAg@^pCNlABJRxAJp@D\\|CNl@Lb@v@w@TSd@c@pBeANGHEb@UPI\U^Wp@k@JVDVDf@@FCz@Jj@DXEYKk@B{@Go@EWKWq@j@_@V]TQHc@TIDOFqBdAe@b@URw@v@yAzAi@l@ORs@aA
WF2 0GU,25,463,The Well Church (Elim Pentecostal) → Wrenthorpe Dental Care → Wrenthorpe Methodist Church → St Annes → The Well Church (Elim Pentecostal),3,1389,312,5min,cgwfIz~hHj@cDf@TzB^b@DTCHAXINEDjBF|@WDYFI@kARLA|@QHAXGVEG}@EkBODYHI@UBc@E{B_@g@UGIY[[U}@a@FYb@eATy@Ux@O\Sf@GXGC}@a@]OQIOOWa@k@_AS[e@s@Rg@@CTk@Uj@ABSf@d@r@RZbA`BNNPH\N|@`@FB|@`@ZTXZFHk@bD
WF2 0GU,25,464,The Wheel → Wrenthorpe Club → The Lawrence → Wrenthorpe Academy → The Wheel,3,1732,292,4min,k`xfIb|gHgAzA~BdBTN\Tj@^G^I@??WQODLu@]UUO_CeB_@h@CBW^uA~BmAtBKPe@iAIUEO?O@OBSZm@DED@HNIOEAED[l@CRAN?NDNHTLZVl@JQlAuBtA_CV_@BC^i@~BdBTN\Tj@^|@n@`BpAZXj@z@Z_AXcAb@_BBIHS??IRCHc@~AYbA[~@k@{@[YaBqA}@o@k@_@]UUO_CeBfA{A
WF2 0GU,25,465,The Wren Cafe → Conroyds Fish and Chips → The New Pot Oil → Wrenthorpe Methodist Church → The Wren Cafe,3,1229,222,3min,exvfInhhHDMVq@Pc@Ds@VPt@v@PT]xAY|@o@dBUl@GRy@nDEJW|@MTORYR_@LODIBODI@UBc@E{B_@g@UGIY[[U}@a@FYb@eATy@Ux@O\Sf@GX|@`@ZTXZn@}DL{@@AH_@Po@PJXLn@VJLf@v@T\JHDBH?FADIHSpAeFJ_@Rk@Pc@
WF2 0GU,25,466,tillybods → Wrenthorpe Club → The Lawrence → Wrenthorpe Academy → tillybods,3,1647,274,4min,}bxfIl_hHHM~BdBTN\Tj@^G^I@??WQODLu@]UUO_CeB_@h@CBW^uA~BmAtBKPe@iAIUEO?O@OBSZm@DED@HNIOEAED[l@CRAN?NDNHTLZVl@JQlAuBtA_CV_@BC^i@~BdBTN\Tj@^|@n@`BpAZXj@z@Z_AXcAb@_BBIHS??IRCHc@~AYbA[~@k@{@[YaBqA}@o@k@_@]UUO_CeBIL
WF2 0GU,25,467,Total Fitness → Silkwood Farm → Shell Select → DVSA Wakefield Test Center → Total Fitness,3,4023,613,10min,o{sfIpemH^XBB@D@NCNGNABEHGLWhAOp@AJQn@GVELELQf@Q`@GHMTMNIHEDOHEBEFEDIPANENGHWFECIIEMCOAQBQDOBCJ[BMBMBM@a@JgABYJy@Fe@Ha@ReAJe@zAcH@K?G?EAa@CQEUAMEIKU{BaCo@{@IVKZYp@mA~FnB~ALo@VR\ZPaA??Q`A][WSMn@oB_BlA_GXq@J[HWn@z@zB`CLJD@D?LEDAJEF?B?HF@BDHDN@RAPEPGLIDK@OFEHEJ{AbHKd@SdAI`@Gd@Kx@CXKfAA`@?LBNBP??FTBBDJBN?PANEN?\?B?HBRH\DLFNVf@HN^j@VPLDD@B?B?NEzCuHPg@Rc@JS`@w@@[Ea@BS@CHU@C??RATZb@iAD_@\_ABQA_@q@gAw@m@KEMGo@_@e@e@[_@SU_@m@KMEECAKCIDK@KEGIGMCQEUAMEIKU{BaCo@{@IVKZYp@mA~FnB~AUfAABC@C@MD@^?D?BGTDO@E?C?EA_@LEBABA@CTgAoB_BlA_GXq@J[HWn@z@zB`CLJD@D?LEDAJEF?B?HF@BDHDN@RAPEPGLIDK@OFEHEJ{AbHKd@SdAI`@Gd@Kx@CXKfAA`@?LBNBP??FTBBLDH@F@D?NIDEHILOLUFIPa@Pg@DMDMFWPo@@KNq@ViAD]DIDIHIAOAECC_@Y
WF2 0GU,25,468,Toyota Vantage → Shell Select → Total Fitness → Silkwood Farm → Toyota Vantage,3,3300,574,9min,grsfIz|lHTeAAECCC?ELUlACDOl@IX]JILQdALFJDv@l@TJb@Fn@OSz@Qb@[z@[x@c@hAIPWj@Kb@q@xBG[?K@QJS`@w@@[Ea@BS@CHU@C??RATZb@iAD_@\_ABQA_@q@gAw@m@KEMGo@_@e@e@[_@SU_@m@KMEECAKCIDK@OFEHEJ{AbHKd@SdAI`@Gd@Kx@CXKfAA`@?LBNBP??FTBBLDH@F@D?NIDEHILOLUFIPa@Pg@DMDMFWPo@@KNq@ViAD]DIDIHIAOAECC_@Y_Aw@~ApABB@D@NCNGNABEHGLWhAOp@AJQn@GVELELQf@Q`@GHMTMNIHEDOHEBEFEDIPANENGHWFECIIEMCOAQBQDOBCJ[BMBMBM@a@JgABYJy@Fe@Ha@ReAJe@zAcH@K?G?EAa@CQEUAMEIKU{BaCo@{@IVKZYp@mA~FnB~ALo@VR\ZPaA??Q`A][WSMn@oB_BlA_GXq@J[HWn@z@zB`CLJD@D?LEDAJEF?B?HF@BDHDN@RBX@LBJFV^l@RTZ^d@d@n@^PeAHM\KHYNm@BETmADMB?BB@DUdA
WF2 0GU,25,469,Valley Cresent Day Centre → Conroyds Fish and Chips → The New Pot Oil → Wrenthorpe Methodist Church → Valley Cresent Day Centre,3,1229,222,3min,gxvfInhhHFMVq@Pc@Ds@VPt@v@PT]xAY|@o@dBUl@GRy@nDEJW|@MTORYR_@LODIBODI@UBc@E{B_@g@UGIY[[U}@a@FYb@eATy@Ux@O\Sf@GX|@`@ZTXZn@}DL{@@AH_@Po@PJXLn@VJLf@v@T\JHDBH?FADIHSpAeFJ_@Rk@Nc@
WF2 0GU,25,470,Vic's Cafe → The Quad → The Lawrence → tillybods → Vic's Cafe,3,6930,599,9min,{zxfIpkgHHMBQ~@sGVoAlBiIFYfBcGzAgE|A_Ex@iBt@yAfBcDf@u@v@gAr@}@|@gA|@w@lB{AnBkAfBw@jBk@dBY|AQT?N@RDRFNFL@JAJCLULKPEPFNLXAPERKXI`BKD?\CPANA~@Gb@?R@TDP@H?LCNQBGDIHGFEH?H@B@HAFAHCLEJCJCHCNCZG`@IXEHCDALETKFAl@W??LE@ALEHCJAHAJAJ?L@J@@?NB@?LDJBNFPFFH@BDDLNNLNNPNPNJFHDHDRJTJl@X^Rf@VPHFDHDDDDBJHRNJHFFNJNLb@XHBBBLFJDNHd@NBBBBDDHHCb@ALALALGp@CTEPKXIPGHADGHGFc@h@EFEBCBGFC?E@QBO?G^IZQn@]bA}@tC_@tA]zAU|@e@`BWj@e@hAU^WZi@l@yAvAOL}BbCkAnAc@f@gCxCc@b@a@VOF[Na@D]?a@?q@@UB[Ds@\]X{@|@WXSPUNeBh@i@T_@PKHuBlAsBbA{@b@q@^c@Xu@f@E@eBbAo@`@m@d@s@v@s@~@wBzC_@h@CBW^uA~BmAtBKPe@iAIUEO?O@OBSZm@DED@HNIOEAED[l@CRAN?NDNHTLZVl@JQlAuBtA_CV_@BC^i@~BdBTN\Tj@^G^I@WQODLu@]UUO_CeBILUZCBW^uA~BmAtBKPq@hAGHq@jAaAdBSb@oBxD_AhBcA|AKLCDu@~@}@|@a@XCB_@RQHoB~@sBjAQHk@XkBbA_@XQRS^K`@GXEb@CX?^Dn@Lj@HPFJHFJDJ?JAJEJKv@}AvByFf@cC\cCLoATeCd@{Ht@wLDyANoDD{@EGEIAIAIAM?MBODKBIDEJELaALy@|@kGJo@IL
WF2 0GU,25,471,"Village Hall, Kirkhamgate → The Star Inn → Outwood Primary Academy Kirkhamgate → Shawfold Cars → Village Hall, Kirkhamgate",3,1824,320,5min,gswfInbnHRhBNl@Lb@yAzAi@l@ORs@aAKMAu@F]?IOs@Nr@?HG\@t@~@nANSh@m@xA{AMc@Om@]}CE]Kq@SyACK?AOkA_@qCcAf@[yAJIKHZxAbAg@^pCNlABJRxAJp@D\\|CNl@Lb@v@w@TSd@c@pBeANGHEb@UPI\U^Wp@k@JVDVDf@@FCz@Jj@DXEYKk@B{@Go@EWKWq@j@_@V]TQHc@TIDOFqBdAe@b@URw@v@Mc@Om@SiB
WF2 0GU,25,472,Village Stores → Outwood Primary Academy Kirkhamgate → The Star Inn → Shawfold Cars → Village Stores,3,1827,328,5min,opwfI`bnHl@]^vBe@b@URw@v@Mc@Om@]}CE]Kq@SyACK?AOkA_@qCcAf@[yAJIKHZxAbAg@^pCNlABJRxAJp@D\\|CNl@Lb@yAzAi@l@ORs@aAKMAu@F]?IOs@Nr@?HG\@t@~@nANSh@m@xA{Av@w@TSd@c@pBeANGHEb@UPI\U^Wp@k@JVDVDf@@FCz@Jj@DXEYKk@B{@Go@EWKWq@j@_@V]TQHc@TIDOFqBdA_@wBm@\
WF2 0GU,25,473,Wakefield Flanshaw Junior and Infant School → West Villa → NAV Mini Market → Phoenix Young People's Centre → Wakefield Flanshaw Junior and Infant School,3,1529,218,3min,oqtfI~lhHa@lCGn@Ml@a@tB[~AMn@c@nBq@zBCFSn@Uj@]~@Ul@Ob@c@k@[g@Wc@OQKKc@YWzAU~AQlAEl@C\A^ZHPFPH??JJLT[v@c@pAGReAvCg@zAGIWKVJFHf@{An@eBTq@FSb@qAZw@JSf@iAj@wAh@mANc@Tm@\_ATk@Ro@BGp@{Bp@_DZ_B`@uBLm@Fo@`@mC
WF2 0GU,25,474,War Memorial → The Star Inn → Outwood Primary Academy Kirkhamgate → Shawfold Cars → War Memorial,3,1714,311,5min,crwfIfgnHLb@yAzAi@l@ORs@aAKMAu@F]?IOs@Nr@?HG\@t@~@nANSh@m@xA{AMc@Om@]}CE]Kq@SyACK?AOkA_@qCcAf@[yAJIKHZxAbAg@^pCNlABJRxAJp@D\\|CNl@Lb@v@w@TSd@c@pBeANGHEb@UPI\U^Wp@k@JVDVDf@@FCz@Jj@DXEYKk@B{@Go@EWKWq@j@_@V]TQHc@TIDOFqBdAe@b@URw@v@Mc@
WF2 0GU,25,475,War memorial in Kirkhamgate. → The Star Inn → Outwood Primary Academy Kirkhamgate → Shawfold Cars → War memorial in Kirkhamgate.,3,1698,309,5min,{qwfIzgnHDNyAzAi@l@ORs@aAKMAu@F]?IOs@Nr@?HG\@t@~@nANSh@m@xA{AMc@Om@]}CE]Kq@SyACK?AOkA_@qCcAf@[yAJIKHZxAbAg@^pCNlABJRxAJp@D\\|CNl@Lb@v@w@TSd@c@pBeANGHEb@UPI\U^Wp@k@JVDVDf@@FCz@Jj@DXEYKk@B{@Go@EWKWq@j@_@V]TQHc@TIDOFqBdAe@b@URw@v@EO
WF2 0GU,25,476,"War Memorial, Kirkhamgate → The Star Inn → Outwood Primary Academy Kirkhamgate → Shawfold Cars → War Memorial, Kirkhamgate",3,1686,304,5min,gqwfI|gnHMLyAzAi@l@ORs@aAKMAu@F]?IOs@Nr@?HG\@t@~@nANSh@m@xA{AMc@Om@]}CE]Kq@SyACK?AOkA_@qCcAf@[yAJIKHZxAbAg@^pCNlABJRxAJp@D\\|CNl@Lb@v@w@TSd@c@pBeANGHEb@UPI\U^Wp@k@JVDVDf@@FCz@Jj@DXEYKk@B{@Go@EWKWq@j@_@V]TQHc@TIDOFqBdAe@b@URi@h@
WF2 0GU,25,477,"War Memorial on Batley Road, Kirkhamgate → The Star Inn → Outwood Primary Academy Kirkhamgate → Shawfold Cars → War Memorial on Batley Road, Kirkhamgate",3,1686,304,5min,gqwfI|gnHMLyAzAi@l@ORs@aAKMAu@F]?IOs@Nr@?HG\@t@~@nANSh@m@xA{AMc@Om@]}CE]Kq@SyACK?AOkA_@qCcAf@[yAJIKHZxAbAg@^pCNlABJRxAJp@D\\|CNl@Lb@v@w@TSd@c@pBeANGHEb@UPI\U^Wp@k@JVDVDf@@FCz@Jj@DXEYKk@B{@Go@EWKWq@j@_@V]TQHc@TIDOFqBdAe@b@URi@h@
WF2 0GU,25,478,West Ardsley Book Exchange → Hill Top Primary Academy → West Ardsley Methodist Church → The Mens Room → West Ardsley Book Exchange,3,7477,837,13min,qszfIvyqHTHj@RlEhBPFzAp@pBx@pBv@fAd@n@^d@b@eFbNGNm@dBo@|Ay@|BSh@S[EAIAKAGIo@cAOU??NTn@bAFHJ@H@D@RZRi@x@}Bn@}Al@eBFOdFcNe@c@o@_@gAe@NaB|@h@PBJMKLA?OC}@i@O`BqBw@qBy@{Aq@QGmEiBk@Sk@S{Ai@{@Wo@Uu@e@e@[CC]YuAoAkAaAs@i@gAaAGE[Wk@a@cDgCu@g@SGQEc@IKAeBS_@Go@OsB]SEQA?m@AaAA]E{@IaAKiBQ_CE}@AQAQIsAIqAAWMoBGaAIaAUeBYwB]oCe@uBi@mCMs@Gk@u@oH]mDOuAY{BIk@CSIs@OuA_AmHKcAKu@Ic@Rg@P]V_@V_@NMVU~@i@\Qn@UVIj@MZGn@StAq@fBy@\Q`@Sp@]z@g@vBoAh@a@XYP_@DIP}@De@FkABgA@m@zAHHAFEDGDMBSBaClALFDFHBJ@H?FALEJEDIDoA^CRELEFGDI@{AIEtBGjAEd@Q|@EHQ^YXi@`@wBnA{@f@q@\a@R]PgBx@uAp@o@R[Fk@LWHo@T]P_Ah@WTOLW^W^Q\Sf@Hb@Jt@JbA~@lHNtAHr@BRHj@XzBNtA\lDt@nHFj@Lr@h@lCd@tB\nCXvBTdBH`AF`ALnB@VHpAHrA@P@PD|@P~BJhBH`ADz@@\@`A?l@P@RDrB\n@N^FdBRJ@b@HPDRFt@f@bDfCj@`@ZVFDfA`Ar@h@jA`AtAnA\XBBd@Zt@d@n@Tz@VzAh@TH
WF2 0GU,25,479,West Ardsley Community Centre → West Ardsley Methodist Church → West Ardsley Book Exchange → Highfield School → West Ardsley Community Centre,3,12804,1453,24min,qizfIb_sHFMV^S`@D@RZRi@x@}Bn@}Al@eBFOdFcNe@c@o@_@gAe@NaB|@h@PBJMKLA?OC}@i@O`BqBw@qBy@{Aq@QGmEiBk@Sk@SBWDS@S?Q?S@OLaBM`BAN?R?PARERCVTHTHj@RlEhBPFzAp@pBx@pBv@fAd@n@^d@b@eFbNGNm@dBo@|Ay@|BSh@KXKXO^Wt@_@`Aa@pAGV?FCTGxDA|@?JMdHAb@At@At@C~@MfJ?PA`@@p@J`A`@vBBb@LjGj@|Fp@jHJ|C?~BO`CYzCtDvBpJtFLF`J|EhHdEPHnBnAhE|B\RZRXLrAv@bAh@JDr@h@~AjA|@`Az@|AJN^n@r@zAlAnDHTHVpAlDp@`BHFHFD@F?N?^WPMp@UBAZKh@CHDTJZTTZb@ZH?HFb@i@tD{ITc@^q@bAqB\cAF_ACEAO?I?EBMDKFEBADAD@VIPAnBw@LMr@cAXa@JOX]h@aAlCmD~CsEbCmDdB_C`ByBT[x@gAGWOm@?a@Fs@\cA\i@zBmCTYR_@Jk@Bc@Ac@Ga@Oo@Yw@Og@IWUs@I[Oa@GUIUGU{@sCGSa@_AQWq@q@MKIIi@]QMQSGMUe@Sg@Ss@K]Mq@YgBKq@c@yBu@}BKWC[?w@@eA?kB?]Aa@?WCQAQAKCEIWMa@Qo@Qq@Mw@Kg@QoB]oDKoAQgBQyAO?eEhDdEiDN?PxAPfBJnA\nDJjADb@Jf@Lv@Pp@Pn@L`@HVBD@J@PBP?V@`@?\?jBAdA?v@BZJVt@|Bb@xBJp@XfBLp@J\Rr@Rf@Td@FLPRPLh@\HHLJp@p@PV`@~@FRz@rCFTHTFTN`@HZTr@HVNf@Xv@Nn@F`@@b@Cb@Kj@S^UX{BlC]h@]bAGr@?`@Nl@FVy@fAUZaBxBeB~BcClD_DrEmClDi@`AY\KNY`@s@bAMLoBv@GRMP?D@NALCJ?@GHGDS`@OH]bAcApB_@p@Ub@uDzIWfA?NCNELKJI?IEGICKAQ@SMy@U[[UUKIEi@B[JC@q@TQL_@V]VSi@q@aBqAmDIWIUmAcCk@iAa@{@qBwCk@m@wAiA_Am@q@e@yCaBeBaA_CmAmAw@a@S}DuBqC{AyImFeP}I@g@X{CNaC?_CK}Cq@kHk@}FMkGCc@a@wBKaAAq@@a@?QLgJB_A@u@@u@@c@LeH?K@}@FyDBU?GFW`@qA^aAVu@N_@JYJYS[EAIAKAGIPe@
WF2 0GU,25,480,West Ardsley Methodist Church → West Ardsley Community Centre → West Ardsley Book Exchange → The Star Inn → West Ardsley Methodist Church,3,6229,593,9min,q}yfIvarHOC}@i@O`BfAd@n@^d@b@eFbNGNm@dBo@|Ay@|BSh@S[EAIAKAGIPe@FMV^S`@D@RZRi@x@}Bn@}Al@eBFOdFcNe@c@o@_@gAe@qBw@qBy@{Aq@QGmEiBk@Sk@SBWDS@S?Q?S@OLaBM`BAN?R?PARERCVTHTHj@RlEhBPFzAp@pBx@pBv@fAd@n@^d@b@FOZ{@HYViA^iBXgARm@R]^a@JInBeBr@w@j@}@Xq@ZcA\gBTmATcAb@cB|@yCBGt@}BtA_E~@wDXsBn@cFRmARw@Vq@b@o@r@q@xA_Ad@YRSJ]Jm@h@wELw@Pu@Ne@Tg@`@m@\YPM\I\GXAB?d@HZDR?NAlAQjAODAXOXWXg@Rk@Ru@t@aDNg@Vo@\s@zBgDRY^g@s@aAKMAu@F]?IOs@Nr@?HG\@t@~@nA_@f@SX{BfD]r@Wn@Of@u@`DSt@Sj@Yf@YVYNE@kANmAPO@S?[Ee@IC?Y@]F]HQL]Xa@l@Uf@Od@Qt@Mv@i@vEKl@K\SRe@XyA~@s@p@c@n@Wp@Sv@SlAo@bFYrB_AvDuA~Du@|BCF}@xCc@bBUbAUlA]fB[bAYp@k@|@s@v@oBdBKH_@`@S\Sl@YfA_@hBWhAIX[z@GNe@c@o@_@gAe@NaB|@h@NB
WF2 0GU,25,481,West Villa → Wakefield Flanshaw Junior and Infant School → NAV Mini Market → Phoenix Young People's Centre → West Villa,3,1690,274,4min,sutfIp|hHLo@Z_B`@uBLm@Fo@`@mCf@mD\T]UiAzHGn@Ml@a@tB[~Aq@~Cq@zBCFSn@Uj@]~@Ul@Ob@c@k@[g@Wc@OQKKc@YWzAU~AQlAEl@C\A^ZHPFPH??JJLT[v@c@pAGReAvCg@zAGIWKVJFHf@{An@eBTq@FSb@qAZw@JSf@iAj@wAh@mANc@Tm@\_ATk@Ro@BGp@{Bb@oB
WF2 0GU,25,482,West Yorkshire Police Bishopgarth House → West Yorkshire Police Learning & Development Centre → Cardigan House → Driver Training Area → West Yorkshire Police Bishopgarth House,3,9946,536,8min,{uyfIxzjH??JCJAFABG?IEmAh@OKgDAS?Q?Q?Q@QFaB?Q?MEWOIGCI?ODeCnDg@h@g@b@cAp@iB`ASJIDGHIHEHCHYlA?BCvA?P@P@RDRThAf@~Br@|CnB|INn@bApEj@fCR|@x@nD\|AtAxDbCzFbCdFbAjBb@x@bAjBnCrD|CfEjDpDxFdFfMjJzBxA`CrAtBfAtDrBtG`Dn@R~FjBlGhAdE\xDDvEOnE[hOcClImApBYzRuF^OZSPMNQNUj@{ARg@POPMLINEP@RBTLVXJXFVDVDX@\?ZAtDA|@AZA\ETW~@MZk@Va@@OCWOMOMUIOi@w@a@So@E{Lh@qAFsFj@sInAeOdCoE`@cFJwDImE]eGaAaGiBs@W_HeDkDqBuBiAcCcB}B_BqFsDiF{DkFqEoD{DaDeE}BqDmAkBc@y@wAuCoEsJuBoF_AqCo@wA_AuCqA}DOc@}BiHwAmEQa@Uu@K]MYKWGMGKGIGIGGEEMIOKc@SEAc@e@OUGQEOEQAMAOAQ?S@O@O?GDQFWFWFOFMrAuBHKFGFGHGHGJCHAH?H?H@JDt@NZLPBLBR@NANCLEJGZSjAy@`A_A`AkAb@o@\Ut@gALKJ?FJJ`@BNDV?L?PG`BAP?P?P?P@RJfDi@NDlA?HCFG@K@KB??
WF2 0GU,25,483,West Yorkshire Police Learning & Development Centre → Cardigan House → West Yorkshire Police Bishopgarth House → Driver Training Area → West Yorkshire Police Learning & Development Centre,3,19016,974,16min,o|yfIrvkHbApEj@fCR|@vAlGtAxDbCzFbCdFbAjBb@x@bAjBnCrD|CfEjDpDxFdFfMjJzBxA`CrAtBfAtDrBtG`Dn@R~FjBlGhAdE\xDDvEOnE[hOcClImApBYzRuF^OZSPMNQNUj@{ARg@POPMLINEP@RBTLVXJXFVDVDX@\?ZAtDA|@AZA\ETW~@MZk@Va@@OCWOMOMUIOi@w@a@So@E{Lh@qAFsFj@sInAeOdCoE`@cFJwDImE]eGaAaGiBs@W_HeDkDqBuBiAcCcB}B_BqFsDiF{DkFqEoD{DaDeE}BqDmAkBc@y@wAuCoEsJuBoF_AqCo@wA_AuCqA}DOc@}BiHwAmEQa@Uu@K]MYKWGMGKGIGIGGEEMIOKc@SEAc@e@OUGQEOEQAMAOAQ?S@O@O?GDQFWFWFOFMrAuBHKFGFGHGHGJCHAH?H?H@JDt@NZLPBLBR@NANCLEJGZSjAy@`A_A`AkAb@o@\Ut@gALKJ?FJJ`@BNDV?L?PG`BAP?P?P?P@RJfDi@NG_BIgCAYAOEECAEHIJKNCD@^FxBDrB@f@DRDFBB??JCJAFABG?IEmAh@OKgDAS?Q?Q?Q@QFaB?Q?MEWOIGCI?ODeCnDg@h@g@b@cAp@iB`ASJIDGHIHEHCHYlA?BCvA?P@P@RDRThAf@~Br@|CnB|I~BhKR|@x@nD\|AtAxDbCzFbCdFbAjBb@x@bAjBnCrD|CfEjDpDxFdFfMjJzBxA`CrAtBfAtDrBtG`Dn@R~FjBlGhAdE\xDDvEOnE[hOcClImApBYzRuF^OZSPMNQNUj@{ARg@POPMLINEP@RBTLVXJXFVDVDX@\?ZAtDA|@AZA\ETW~@MZk@Va@@OCWOMOMUIOi@w@a@So@E{Lh@qAFsFj@sInAeOdCoE`@cFJwDImE]eGaAaGiBs@W_HeDkDqBuBiAcCcB}B_BqFsDiF{DkFqEoD{DaDeE}BqDmAkBc@y@wAuCoEsJuBoF_AqCo@wA_AuCqA}DOc@}BiHwAmEQa@Uu@K]MYKWGMGKGIGIGGEEMIOKc@SEAc@e@OUGQEOEQAMAOAQ?S@O@O?GDQFWFWFOFMrAuBHKFGFGHGHGJCHAH?H?H@JD^\JNFJDLDLBPBN@N@P?P?P?P?BCvA?P@P@RDRThAf@~Br@|CnB|INn@
WF2 0GU,25,484,White Rose Sandwich Co. → BP Manor Service Station → Main Street Fisheries → St Michaels Church → White Rose Sandwich Co.,3,1778,384,6min,yl{fIr~kHe@}CCQKy@]cCZNJ@ZDZ@L?n@Al@AR_@f@dAOZGN_AMw@pCa@lCg@iDCQKy@]cCZNJ@Be@a@M??`@LCd@ZDZ@L?n@Al@AUp@EPw@pCa@lCWzCMhAy@BeAZWTUV}@p@}@f@AI{DbAGXNfANTHFFn@Go@IGOUOgAFYtA_@dBc@@H|@g@|@q@TWVUdA[x@CLiAV{CAK
WF2 0GU,25,485,Wrenthorpe Academy → Hong Kong Vegan → St Annes → Spot on Dog Grooming → Wrenthorpe Academy,3,2963,321,5min,cqwfI`chHIRCHc@~AYbA[~@k@{@[YaBqA}@o@k@_@]UUO_CeBvB{Cr@_Ar@w@l@e@n@a@dBcADAt@g@b@Yp@_@d@UTMrBcAtBmAJI^Qh@UdBi@TORQVYz@}@\Yr@]ZETCp@A`@?\?`@EZOMr@Or@Gh@?f@B^J^Tn@FNLZRp@Jb@DX@l@@p@@`@@L?NHv@L`A@JB\@Z?r@Ad@En@Gl@WdBG\KhAMt@]xAY|@o@dBUl@aAbEEJW|@MTORYR_@LODYHI@UBc@E{B_@g@UGIY[[U}@a@GC}@a@]OQIOOWa@k@_AS[e@s@]g@u@kAk@{@[YaBqACAy@m@G^I@WQODLu@j@^|@n@`BpAZXj@z@Z_AXcAb@_BBIHS
WF2 0GU,25,486,Wrenthorpe Club → Declans → Pinderfields Hospital PRU → The Lawrence → Wrenthorpe Club,3,1957,349,5min,e|wfIlehHHAF_@k@_@]UUO_CeBqA_Ak@_@IIZyAGOIUHTFN[xAHHj@^pA~@l@b@pA`ATN\Tj@^|@n@`BpAZXj@z@Z_AXcAb@_BBILLl@j@??m@k@MMCHc@~AYbA[~@k@{@[YaBqA}@o@k@_@]UUO_CeB_@h@CBW^uA~BmAtBKPe@iAIUEO?O@OBSZm@DED@HNIOEAED[l@CRAN?NDNHTLZVl@JQlAuBtA_CV_@BC^i@~BdBTN\Tj@^G^I@
WF2 0GU,25,487,Wrenthorpe Dental Care → The Well Church (Elim Pentecostal) → Wrenthorpe Methodist Church → Wrenthorpe Post Office → Wrenthorpe Dental Care,3,1637,314,5min,q`wfIhaiH|@QHAXGVEG}@EkBODYHI@UBc@EMNWNINKZI\ITi@XMNEPG^EZOEQCG?USMOReADUj@cDGIY[[U}@a@FYb@eATy@Ux@O\Sf@GX|@`@ZTXZn@}DL{@@AH_@Po@Je@Jo@Fa@D[@IDUFg@BSBMD[F]BUFc@@EJg@BIPRNFTJNFTFN?F@xCBX@VPt@v@PT]xAY|@o@dBUl@Qp@o@pCEJW|@MTORYR_@LDjBF|@WDYFI@}@P
WF2 0GU,25,488,Wrenthorpe Methodist Church → The Well Church (Elim Pentecostal) → St Annes → The New Wheel → Wrenthorpe Methodist Church,3,1494,258,4min,whwfIvthHSf@GX|@`@ZTXZFHf@TzB^MNWNINKZI\ITi@XMNEPG^EZOEQCG?USMOReADUj@cDGIY[[U}@a@GC}@a@]OQIOOWa@k@_AS[e@s@Rg@@CTk@Uj@ABSf@d@r@RZbA`BNNPH\N|@`@FB|@`@ZTXZFHf@T`BXXDMNWNINKZI\ITi@XMNEPG^EZOEQCG?USMOReAp@yDGIY[[U}@a@FYRg@
WF2 0GU,25,489,Wrenthorpe Park & Alverthorpe Meadows → Alverthorpe & Wrenthorpe Meadows LNR → Silcoates School → Conroyds Fish and Chips → Wrenthorpe Park & Alverthorpe Meadows,3,8644,1098,18min,cnufIlxgHTSf@g@V|@`@vAVz@Tz@Tr@Td@PVRRRLXLXBX?f@OFbAV|DJpAo@QmCe@KE??JDlCd@n@P~@V`Cj@\cABEJ[Ha@Ho@Dg@@k@?q@QqCIaAh@OnA_@VIVGpBm@|Ac@OxAAJEf@g@jCKf@OfAiAzHGn@Ml@a@tB[~Aq@~Cq@zBCFSn@Uj@]~@Ul@Ob@i@lAk@vAg@hAKR[v@c@pAGReAvCg@zAg@|AMZM\]v@q@fBGL_@`As@fBs@hBwBvE}BrGW~@q@`Ce@rBW|@Qh@Wb@[^q@h@eBzA_AbAc@h@cAlBCHsAeC]u@k@qAQ]qAoCIQFSn@_GTaCN{Cd@cR@MJkARuA@UFa@Dk@D]BS@U?[C[GSOa@U_@}@aBVg@Dw@?s@?GFWFMPi@HQBQ?KESAG?E?KF]DYNa@`@eAKQGO?G?Md@sA??e@rA?L?FFNJPb@iABGBADADBDHBJ?@?F_B`EELAJAL@L?B@DFHFBDFBHFLDHDHBL@LAPA|@CZAXIhAGrACXCNMPOa@U_@}@aBS_@Wc@y@gAw@eAw@aAsAiBaAwAS[AC_@o@e@q@IMMg@Mm@Gi@G}@EkB^MXSNSLUV}@DKx@oDFSTm@n@eBX}@\yALu@JiAF]VeBFm@Do@@e@?s@A[C]AKMaAIw@?OAMAa@Aq@Am@EYKc@Sq@M[GOUo@K_@C_@?g@Fi@Ns@Ls@NG`@Wb@c@fCyCb@g@jAoA|BcCNMxAwAh@m@V[T_@d@iAVk@d@aBT}@\{A^uA|@uC\cAPo@H[F_@BSN@L@J?HADCDGb@i@FGFI@EFIHQJYDQBUFq@@M@M@MBc@H@F?B?@?L@N?VAJAJARCLEPERGDCHCJGLININKFEFGFELO@A^]^]b@c@z@{@`AcAZYb@e@NO|A_BFE@AdAgAr@s@r@u@JEHEn@Al@@hBALAN?F?FBLL@DNPDFNRRRV\VZI`@ADCJAFOp@i@zBWjAOnAO`AYhAMb@a@|AMx@@j@NrAPdAHl@@BJn@VtB@D@FH`AHlA?J@j@@x@AbAIdAIz@Kn@]~AUx@Kb@Ij@IAMBmBjBUTEBCD]\w@bAGLGLwAhCy@jAILg@p@mAdBKN[`@MVi@z@e@`Ag@jA]j@Yn@]n@k@x@[^a@h@g@f@UR
WF2 0GU,25,490,Wrenthorpe Post Office → The Wren Cafe → The New Pot Oil → Wrenthorpe Methodist Church → Wrenthorpe Post Office,3,1833,271,4min,_xvfItqhHo@pCEJW|@MTORYR_@LODYHI@UBc@E{B_@g@UGIn@}DL{@@AH_@Po@PJXLn@VJLf@v@T\JHDBH?FADIHSpAeFJ_@Rk@Pc@DMVq@Pc@Ds@VPt@v@PT]xAY|@o@dBUl@aAbEEJW|@MTORYR_@LODIBODI@UBc@E{B_@g@UGIY[[U}@a@FYb@eATy@Ux@O\Sf@GX|@`@ZTXZFHf@TzB^b@DTCHAXINE^MXSNSLUV}@DKn@qC
WF2 0GU,25,491,Wrenthorpe Potovens → The Well Church (Elim Pentecostal) → Wrenthorpe Post Office → Hall Cliffe Primary School → Wrenthorpe Potovens,3,1655,257,4min,{|vfI|~hHCSEkBODYHI@UBc@EMNWNINKZI\ITi@XMNEPG^EZOEQCG?USMOReADUj@cDGIn@}DL{@@AH_@Po@Je@Jo@Fa@D[@IDUFg@BSBMD[F]BUFc@@EJg@BIPRNFTJNFTFN?F@xCBX@VPt@v@PT]xAY|@o@dBUl@Qp@o@pCEJW|@MTORYR_@LDjBF|@Fh@Ll@Lf@Dd@Bp@BnA?d@?t@?hBL?ZXXB@?[C[YM??iB?u@?e@CoACq@Ee@Mg@Mm@Gi@Ci@
WF2 0GU,25,492,Wrenthorpe Village Hall → The Well Church (Elim Pentecostal) → Wrenthorpe Post Office → Wrenthorpe Methodist Church → Wrenthorpe Village Hall,3,1880,317,5min,k~vfIt`iH@?XGVEG}@EkBODYHI@UBc@EMNWNINKZI\ITi@XMNEPG^EZOEQCG?USMOReADUj@cDGIn@}DL{@@AH_@Po@Je@Jo@Fa@D[@IDUFg@BSBMD[F]BUFc@@EJg@BIPRNFTJNFTFN?F@xCBX@VPt@v@PT]xAY|@o@dBUl@Qp@o@pCEJW|@MTORYR_@LODYHI@UBc@E{B_@g@UGIY[[U}@a@FYb@eATy@Ux@O\Sf@GX|@`@ZTXZFHf@TzB^b@DTCHAXINEDjBF|@WDYFA?
WF2 0GU,30,493,Al Fresco → The New Albion → The Blue Light → West Villa → Al Fresco,3,1538,301,5min,__ufIjuiHCj@APAPCl@E^GRKRBHRb@U`@CCAAGJ??FK@@BBTa@Sc@}AlCu@rAIHHVN`@ADCDSRRSBE@EYy@HIt@sA|AmCCI[o@c@_Ab@qAZw@JSf@iAj@wAh@mANc@Tm@\_ATk@Ro@BGp@{BwA_Bx@qCnApAMn@c@nBq@zBCFSn@Uj@]~@Ul@Ob@i@lAk@vAg@hAKR[v@c@pAb@~@Zn@JSFSD_@Bm@@Q@QBk@
WF2 0GU,30,494,Alverthorpe Conservative Club → Pizza Ferrara → Al Fresco → Alverthorpe St Paul's CofE (VA) School → Alverthorpe Conservative Club,3,1975,404,6min,cbufI`_jH`AeBCI[o@c@_AGReAvCg@zAg@|AMZM\Nl@Rz@S{@Om@L]L[FS^iAf@{AdAwCFSb@~@Zn@JSFSD_@Bm@@Q@QBk@?Q@UBy@Cx@ATC|@APAPCl@E^GRKR[o@c@_Ab@qAZw@MUKKQIQG[IQCSGMEQKY[g@g@SWy@oAGEKCQl@c@`AEd@Er@ETIVKXERGTEX@\Ap@AXGVILDZBV?R@RGd@A\CTCB??C?B?BCBU@]Fe@AS?SCWE[HMFW@Y@q@A]DYFUDSJYHWDUDs@De@b@aAPm@JBFDx@nARVf@f@XZPJLDRFPBZHPFPHJJLT[v@c@pAb@~@Zn@BHaAdB
WF2 0GU,30,495,Alverthorpe Garage → Sun Bo → Kylies Sandwich Bar & Custom Cakes → Mill View Stores → Alverthorpe Garage,3,1204,286,4min,cdufI`bjHb@w@|AmCCIJSFSGEi@}@BDd@v@FDGRKR[o@c@_AGReAvCg@zAg@|AMZM\]v@q@fBGLZl@P[QZ[m@FMPg@^_A\w@L]L[f@}Af@{AdAwCFSb@~@Zn@BHRb@HTNVLVLVTfAj@Sk@RESOs@MWMWOWIUSc@}AlCc@v@
WF2 0GU,30,496,Alverthorpe St Paul's CofE (VA) School → Pizza Ferrara → Alverthorpe Conservative Club → NAV Mini Market → Alverthorpe St Paul's CofE (VA) School,3,1723,329,5min,unufId`jHBCBU@]Fe@AS?SCWE[HMFW@Y@q@A]DYFUDSJYHWDUDs@De@b@aAPm@JBFDx@nARVf@f@XZPJLDRFPBZHPFPHJJLT[v@c@pAGReAvCg@zAg@|AMZM\Nl@Rz@S{@Om@L]L[FS^iAf@{AdAwCFSb@~@Zn@BH}AlCOSNRZg@`AeBCI[o@c@_Ab@qAZw@MUKK??QIQG[IQCSGMEQKY[g@g@SWy@oAGEKCQl@c@`AEd@Er@ETIVKXERGTEX@\Ap@AXGVILDZBV?R@RGd@A\CTCB
WF2 0GU,30,497,Alverthorpe Working Mens Club → The Eagle → Flanshaw Lodge → Mill View Stores → Alverthorpe Working Mens Club,3,1897,288,4min,kltfIdrjHjB\^Lh@XXLPBN@X?RCB?XKPKJIXQ@ARQDC??`@YRQXSPWZi@HOLW^u@FNHRDPDVUJmAhADd@Lb@?AMa@Ee@lAiATKEWEQISGO_@t@MVIN[h@QVYRSPa@X??EBSP[RKHQJYJC?SBY?OAQCYMi@Y_@M_Dm@c@Kc@MGAu@YQMKKi@g@QOUMMIUMOK_@YYa@Wg@[w@CIWe@CIKSGUQk@CIESOs@MW|@aBH[CUMSLRBTIZ}@`BLVTfABHPj@FTJRBHVd@BHZv@Vf@X`@^XNJTLLHTLPNh@f@JJPLt@XF@b@Lb@Jr@N
WF2 0GU,30,498,Alverthorpe & Wrenthorpe Meadows LNR → Wrenthorpe Park & Alverthorpe Meadows → Silcoates School → NAV Mini Market → Alverthorpe & Wrenthorpe Meadows LNR,3,7707,1059,17min,_gufIjlhHJDlCd@n@PKqAW}DGcAg@NY?YCYMSMSSQWUe@Us@U{@W{@a@wAW}@g@f@UR??TSf@g@V|@`@vAVz@Tz@Tr@Td@PVRRRLXLXBX?f@Od@M^MTKr@Sb@Q^M^Mf@Oh@OnA_@VIVGpBm@|Ac@OxAAJEf@g@jCKf@OfAiAzHGn@Ml@a@tB[~Aq@~Cq@zBCFSn@Uj@]~@Ul@Ob@i@lAk@vAg@hAKR[v@c@pAGReAvCg@zAg@|AMZM\]v@q@fBGL_@`As@fBs@hBwBvE}BrGW~@q@`Ce@rBW|@Qh@Wb@[^q@h@eBzA_AbAc@h@cAlBCHsAeC]u@k@qAQ]qAoCIQFSn@_GTaCN{Cd@cR@MJkARuA@UFa@Dk@D]BS@U?[C[GSOa@U_@}@aBVg@Dw@?s@?GFWFMPi@HQBQ?KESAG?E?KF]DYNa@`@eAKQGO?G?Md@sA??e@rA?L?FFNJPb@iABGBADADBDHBJ?@?F_B`EELAJAL@L?B@DFHFBDFBHFLDHDHBL@LAPA|@CZAXIhAGrACXCNMPFRBZ?ZATCRE\Ej@G`@ATStAKjAALe@bROzCU`Co@~FGRHPpAnCP\j@pA\t@rAdCBIbAmBb@i@~@cAdB{Ap@i@Z_@Vc@Pi@V}@d@sBp@aCV_A|BsGvBwEr@iBr@gB^aAFMp@gB\w@L]L[f@}Af@{AdAwCFSb@qAZw@MUKK??QIQG[I@_@B]Dm@PmAT_BV{Ab@XJJNPVb@Zf@b@j@Nc@Tm@\_ATk@Ro@BGp@{Bp@_DZ_B`@uBLm@Fo@hA{HNgAJg@f@kCDg@@KNyA}Ab@qBl@WFWHoA^i@NH`APpC?p@Aj@Ef@In@I`@KZCD]bAaCk@_AWo@QmCe@KE
WF2 0GU,30,499,Amazon DLS4 → Ossett Fire Station → Silkwood Farm → Total Fitness → Amazon DLS4,3,2488,467,7min,wktfIphmH^gBJHNJReAFUPJ@@@?@??CH_@??I^?BA?A?AAQKR_A@GVmAnB~ALo@VR\ZPaA??Q`A][WSMn@oB_BlA_GXq@J[HWn@z@zB`CLJD@D?LEDAJEF?B?HF@BDHDN@RAPEPGLIDK@OFEHEJ{AbHKd@SdAI`@Gd@Kx@CXKfAA`@?LBNBP??FTBBLDH@F@D?NIDEHILOLUFIPa@Pg@DMDMFWPo@@KNq@ViAD]DIDIHIAOAECC_@Y_Aw@~ApABB@D@NCNGNABEHGLWhAOp@AJQn@GVELELQf@Q`@GHMTMNIHEDOHEBEFEDIPANENGHWFECIIEMCOAQBQDOBCJ[BMBMBM@a@JgABYJy@Fe@Ha@ReAJe@zAcH@K?G?EAa@CQEUAMEIKU{BaCo@{@IVKZYp@mA~FWlAAFS~@GTSdAOKKI_@fB
WF2 0GU,30,500,Ardsley House → BP Manor Service Station → Restyle Fitness → China And Thai Express → Ardsley House,3,1540,271,4min,mxzfIrfkHC@kAZcA\kB|@WPo@d@m@b@]\[`@a@j@_@l@MVf@dAOZGN_AMw@pCa@lCg@iDCQKy@]cCZNJ@Be@EA[K`@LCd@ZDZ@L?n@Al@AUp@EPw@pCa@lC[yBKo@CQKy@]cCZNJ@ZDZ@L?n@Al@AR_@LW^m@`@k@Za@\]l@c@n@e@VQjB}@bA]jA[BA
WF2 0GU,30,501,Blue Marlin Fisheries → Sun Bo → Kylies Sandwich Bar & Custom Cakes → Mill View Stores → Blue Marlin Fisheries,3,1309,294,4min,oeufIp_jHZcAdAwCFSb@~@Zn@JSFSGEi@}@BDd@v@FDGRKR[o@c@_AGReAvCg@zAg@|AMZM\]v@q@fBGLZl@P[QZ[m@FMPg@^_A\w@L]L[f@}Af@{AdAwCFSb@~@Zn@BHRb@HTNVLVLVTfAj@Sk@RESOs@MWMWOWIUSc@CI[o@c@_AGReAvC[bA
WF2 0GU,30,502,BP Manor Service Station → Methodist Church → Tania's Barbershop → Ardsley House → BP Manor Service Station,3,2011,254,4min,ug{fI|ukHGN_AMw@pCa@lCg@iDCQIs@AE]cCg@a@[Yk@c@WOQK]O_@Oc@pDEb@A`@Ab@?\B\FjADv@Hx@Fr@Jp@Nj@Nf@R\XZXH\FdA[x@CLiAJqAJiA`@mCv@qCDQTq@R_@LW^m@`@k@Za@\]l@c@n@e@VQjB}@bA]jA[d@Od@UZSh@e@Ta@`AaAH^YTQNSNa@Li@d@[Re@Ta@LC@kAZcA\kB|@WPo@d@m@b@]\[`@a@j@_@l@MVf@dAOZ
WF2 0GU,30,503,Cardigan House → West Yorkshire Police Learning & Development Centre → Driver Training Area → West Yorkshire Police Bishopgarth House → Cardigan House,3,19015,974,16min,kzyfId}kHj@fCR|@vAlGtAxDbCzFbCdFbAjBb@x@bAjBnCrD|CfEjDpDxFdFfMjJzBxA`CrAtBfAtDrBtG`Dn@R~FjBlGhAdE\xDDvEOnE[hOcClImApBYzRuF^OZSPMNQNUj@{ARg@POPMLINEP@RBTLVXJXFVDVDX@\?ZAtDA|@AZA\ETW~@MZk@Va@@OCWOMOMUIOi@w@a@So@E{Lh@qAFsFj@sInAeOdCoE`@cFJwDImE]eGaAaGiBs@W_HeDkDqBuBiAcCcB}B_BqFsDiF{DkFqEoD{DaDeE}BqDmAkBc@y@wAuCoEsJuBoF_AqCo@wA_AuCqA}DOc@}BiHwAmEQa@Uu@K]MYKWGMGKGIGIGGEEMIOKc@SEAc@e@OUGQEOEQAMAOAQ?S@O@O?GDQFWFWFOFMrAuBHKFGFGHGHGJCHAH?H?H@JD^\JNFJDLDLBPBN@N@P?P?P?P?BCvA?P@P@RDRThAf@~Br@|CnB|INn@nBxIR|@x@nD\|AtAxDbCzFbCdFbAjBb@x@bAjBnCrD|CfEjDpDxFdFfMjJzBxA`CrAtBfAtDrBtG`Dn@R~FjBlGhAdE\xDDvEOnE[hOcClImApBYzRuF^OZSPMNQNUj@{ARg@POPMLINEP@RBTLVXJXFVDVDX@\?ZAtDA|@AZA\ETW~@MZk@Va@@OCWOMOMUIOi@w@a@So@E{Lh@qAFsFj@sInAeOdCoE`@cFJwDImE]eGaAaGiBs@W_HeDkDqBuBiAcCcB}B_BqFsDiF{DkFqEoD{DaDeE}BqDmAkBc@y@wAuCoEsJuBoF_AqCo@wA_AuCqA}DOc@}BiHwAmEQa@Uu@K]MYKWGMGKGIGIGGEEMIOKc@SEAc@e@OUGQEOEQAMAOAQ?S@O@O?GDQFWFWFOFMrAuBHKFGFGHGHGJCHAH?H?H@JDt@NZLPBLBR@NANCLEJGZSjAy@`A_A`AkAb@o@\Ut@gALKJ?FJJ`@BNDV?L?PG`BAP?P?P?P@RJfDi@NG_BIgCAYAOEECAEHIJKNCD@^FxBDrB@f@DRDFBB??JCJAFABG?IEmAh@OKgDAS?Q?Q?Q@QFaB?Q?MEWOIGCI?ODeCnDg@h@g@b@cAp@iB`ASJIDGHIHEHCHYlA?BCvA?P@P@RDRThAf@~Br@|CnB|IrA`G
WF2 0GU,30,504,Carr Gate Garden Centre → Tardis → The Malt Shovel → Ardsley House → Carr Gate Garden Centre,3,8524,879,14min,}hzfIdjjHs@xAWk@[u@`@eBV{@p@m@d@SjBo@|@_@fCgApAi@pBy@HEDChAe@d@Sf@Sj@Wh@UZId@QEo@?_@BYDc@FYJa@R_@PS^YjBcAj@YPIrBkAnB_APIJf@@L?LENc@n@W`@W`@SXo@jASZ}@dBgBjD{@xAw@~@}EnHOTa@n@J`@BNDV?L?PG`BAP?P?P?P@RJfDi@NG_BIgCAYAOEECAEHIJKNCD@^FxBDrB@f@DRDF??BBJCJAFABG?IEmAh@OKgDAS?Q?Q?Q@QFaB?Q?MEWOIGCI?ODeCnDg@h@g@b@cAp@iB`ASJIDGHIHEHCHYlA?BOt@ETELEHGJcBvBGHIHIDIBIBI@K?OAEAc@e@OUGQEOEQAMAOAQ?S@O@O?GDQFWFWFOFMrAuBHKFGFGHGHGJCHAH?H?H@JDt@NZLPBLBR@NANCLEJGZSjAy@`A_A`AkAb@o@pB}CbCqDFM^_AVe@L_@FYDY@W@YAYMoAe@P[Hi@Tk@Vg@Re@RiAd@EBIDqBx@qAh@FjAaC|@MaAfCgApAi@pBy@HEDChAe@d@SBAb@Qj@Wh@UZId@QEo@?_@BYDc@FYJa@R_@PS^YjBcAj@YPIrBkAnB_APIJf@@L?LENc@n@W`@W`@SXo@jASZ}@dBgBjD{@xAw@~@}EnHOTa@n@a@h@eCnDg@h@g@b@cAp@iB`ASJIDGHIHEHCHYlA?BOt@ETELEHGJcBvBGHIHIDIBIBI@K?OAEAk@Ka@OQEOAM@OBMDOFYTQNSNa@Li@d@[Re@Ta@LC@kAZcA\kB|@WPo@d@m@b@]\[`@a@j@_@l@MVS^Up@EP~@LVk@g@eALW^m@`@k@Za@\]l@c@n@e@VQjB}@bA]jA[d@Od@UZSh@e@Ta@`AaAf@a@V]JMDIDKDQDOF]?GDQFWFWFOFMrAuBHKFGFGHGHGJCHAH?H?H@JDt@NZLPBLBR@NANCLEJGZSjAy@`A_A`AkAb@o@pB}CbCqDFM^_AVe@L_@FYDY@W@YAYMoAe@P[Hi@Tk@Vg@Re@RiAd@EBIDqBx@qAh@gCfA}@^kBn@e@Rq@l@Wz@a@dBZt@Vj@r@yA
WF2 0GU,30,505,Carr Gate WMC → The Malt Shovel → Gardener's Retreat Restaurant → Tardis → Carr Gate WMC,3,4259,484,8min,sqyfI`riHDz@BnBk@Vc@PC@e@RiAd@EBIDqBx@qAh@gCfA}@^_Bh@KDe@Rq@l@Wz@a@dBIf@Hg@`@eBV{@p@m@d@SjBo@|@_@fCgApAi@pBy@HEDChAe@d@Sf@Sj@Wh@UZId@QEo@?_@BYDc@FYJa@R_@PS^YjBcAj@YPIrBkAnB_APIJf@@L?LENc@n@W`@W`@SXo@jASZ}@dBgBjD{@xAw@~@}EnHOTa@n@J`@BNDV?L?PG`BAP?P?P?P@RJfDi@NG_BIgCAYAOEECAEHIJKNCD@^FxBDrB@f@DRDF??BBJCJAFABG?IEmAh@OKgDAS?Q?Q?Q@QFaB?Q?MEWOIGCI?ODeCnDg@h@g@b@cAp@iB`ASJIDGHIHEHCHYlA?BOt@ETELEHGJcBvBGHIHIDIBIBI@K?OAEAc@e@OUGQEOEQAMAOAQ?S@O@O?GDQFWFWFOFMrAuBHKFGFGHGHGJCHAH?H?H@JDt@NZLPBLBR@NANCLEJGZSjAy@`A_A`AkAb@o@pB}CbCqDFM^_AVe@L_@FYDY@W@YAYMoAe@P[Hi@TCoBE{@
WF2 0GU,30,506,Chantry Vets → Sun Bo → Kylies Sandwich Bar & Custom Cakes → Mill View Stores → Chantry Vets,3,1337,313,5min,ofufIr}iHFGHILSFHRTdAwCFSb@~@Zn@JSFSGEi@}@BDd@v@FDGRKR[o@c@_AGReAvCg@zAg@|AMZM\]v@q@fBGLZl@P[QZ[m@FMPg@^_A\w@L]L[f@}Af@{AdAwCFSb@~@Zn@BHRb@HTNVLVLVTfAj@Sk@RESOs@MWMWOWIUSc@CI[o@c@_AGReAvCSUGIMRIHGF
WF2 0GU,30,507,China And Thai Express → BP Manor Service Station → Restyle Fitness → East Ardsley Express → China And Thai Express,3,1592,353,5min,sm{fId{kHKo@CQKy@]cCZNJ@ZDZ@L?n@Al@AR_@f@dAOZGN_AMw@pCa@lCg@iDCQKy@]cCZNJ@Be@EA[K`@LCd@KA[Og@a@[Yk@c@WOQK]O_@OoAm@UKqBe@@TJrAJpAKqAKsAAUfAVh@LTJnAl@^N\NPJVNj@b@ZXf@`@ZNJ@ZDZ@L?n@Al@AUp@EPw@pCa@lC[yB
WF2 0GU,30,508,Conroyds Fish and Chips → The Wren Cafe → The New Pot Oil → Wrenthorpe Methodist Church → Conroyds Fish and Chips,3,1856,273,4min,uwvfIvphHy@nDEJW|@MTORYR_@LODYHI@UBc@E{B_@g@UGIn@}DL{@@AH_@Po@PJXLn@VJLf@v@T\JHDBH?FADIHSpAeFJ_@Rk@Pc@DMVq@Pc@Ds@VPt@v@PT]xAY|@o@dBUl@aAbEEJW|@MTORYR_@LODIBODI@UBc@E{B_@g@UGIY[[U}@a@FYb@eATy@Ux@O\Sf@GX|@`@ZTXZFHf@TzB^b@DTCHAXINE^MXSNSLUV}@DKx@oD
WF2 0GU,30,509,Country Kitchen → Outwood Primary Academy Kirkhamgate → The Star Inn → Shawfold Cars → Country Kitchen,3,1686,298,4min,sowfIhfnHIHw@v@Mc@Om@]}CE]Kq@SyACK?AOkA_@qCcAf@[yAJIKHZxAbAg@^pCNlABJRxAJp@D\\|CNl@Lb@yAzAi@l@ORs@aAKMAu@F]?IOs@Nr@?HG\@t@~@nANSh@m@xA{Av@w@TSd@c@pBeANGHEb@UPI\U^Wp@k@JVDVDf@@FCz@Jj@DXEYKk@B{@Go@EWKWq@j@_@V]TQHc@TIDOFqBdAe@b@KH
WF2 0GU,30,510,Curry Pot → Blue Marlin Fisheries → Mill View Stores → Kylies Sandwich Bar & Custom Cakes → Curry Pot,3,1206,256,4min,kaufIfviHYx@GReAvCg@zAGIWKVJFHJWZcAdAwCFSb@~@Zn@BHRb@HTNVLVLVTfAj@Sk@RESOs@MWMWOWIUSc@CI[o@c@_AGReAvCg@zAg@|AMZM\]v@q@fBGLZl@P[QZ[m@FMPg@^_A\w@L]L[f@}Af@{AdAwCFSXy@
WF2 0GU,30,511,Cyrus Guys → St Michaels Church → R H Binks And Sons → Methodist Church → Cyrus Guys,3,1853,301,5min,io{fIjbmH@u@BoD?GBaE?U@yABw@B{@Bq@Bo@FeA@SDu@y@BeAZWTUV}@p@}@f@AI{DbAGXNfANTHFFn@Go@IGOUOgAFYtA_@dBc@@H|@g@|@q@TWVUdA[x@CLiAFy@NaBg@iDCQIs@AE]cCZNJ@ZDZ@L?n@Al@AUp@EPw@pCa@lCWzCMhAEt@ARGdACn@Cp@Cz@Cv@AxA?TC`E?FCnDAt@
WF2 0GU,30,512,Declans → Wrenthorpe Club → The Lawrence → Wrenthorpe Academy → Declans,3,1574,261,4min,eaxfIb`hHpA`ATN\Tj@^G^I@??WQODLu@]UUO_CeB_@h@CBW^uA~BmAtBKPe@iAIUEO?O@OBSZm@DED@HNIOEAED[l@CRAN?NDNHTLZVl@JQlAuBtA_CV_@BC^i@~BdBTN\Tj@^|@n@`BpAZXj@z@Z_AXcAb@_BBIHS??IRCHc@~AYbA[~@k@{@[YaBqA}@o@k@_@]UUOqAaA
WF2 0GU,30,513,Driver Training Area → Cardigan House → West Yorkshire Police Learning & Development Centre → West Yorkshire Police Bishopgarth House → Driver Training Area,3,27897,1369,22min,qvyfIzhlH\|AtAxDbCzFbCdFbAjBb@x@bAjBnCrD|CfEjDpDxFdFfMjJzBxA`CrAtBfAtDrBtG`Dn@R~FjBlGhAdE\xDDvEOnE[hOcClImApBYzRuF^OZSPMNQNUj@{ARg@POPMLINEP@RBTLVXJXFVDVDX@\?ZAtDA|@AZA\ETW~@MZk@Va@@OCWOMOMUIOi@w@a@So@E{Lh@qAFsFj@sInAeOdCoE`@cFJwDImE]eGaAaGiBs@W_HeDkDqBuBiAcCcB}B_BqFsDiF{DkFqEoD{DaDeE}BqDmAkBc@y@wAuCoEsJuBoF_AqCo@wA_AuCqA}DOc@}BiHwAmEQa@Uu@K]MYKWGMGKGIGIGGEEMIOKc@SEAc@e@OUGQEOEQAMAOAQ?S@O@O?GDQFWFWFOFMrAuBHKFGFGHGHGJCHAH?H?H@JD^\JNFJDLDLBPBN@N@P?P?P?P?BCvA?P@P@RDRThAf@~Br@|CnB|IrA`Gj@fCR|@vAlGtAxDbCzFbCdFbAjBb@x@bAjBnCrD|CfEjDpDxFdFfMjJzBxA`CrAtBfAtDrBtG`Dn@R~FjBlGhAdE\xDDvEOnE[hOcClImApBYzRuF^OZSPMNQNUj@{ARg@POPMLINEP@RBTLVXJXFVDVDX@\?ZAtDA|@AZA\ETW~@MZk@Va@@OCWOMOMUIOi@w@a@So@E{Lh@qAFsFj@sInAeOdCoE`@cFJwDImE]eGaAaGiBs@W_HeDkDqBuBiAcCcB}B_BqFsDiF{DkFqEoD{DaDeE}BqDmAkBc@y@wAuCoEsJuBoF_AqCo@wA_AuCqA}DOc@}BiHwAmEQa@Uu@K]MYKWGMGKGIGIGGEEMIOKc@SEAc@e@OUGQEOEQAMAOAQ?S@O@O?GDQFWFWFOFMrAuBHKFGFGHGHGJCHAH?H?H@JD^\JNFJDLDLBPBN@N@P?P?P?P?BCvA?P@P@RDRThAf@~Br@|CnB|INn@nBxIR|@vAlGtAxDbCzFbCdFbAjBb@x@bAjBnCrD|CfEjDpDxFdFfMjJzBxA`CrAtBfAtDrBtG`Dn@R~FjBlGhAdE\xDDvEOnE[hOcClImApBYzRuF^OZSPMNQNUj@{ARg@POPMLINEP@RBTLVXJXFVDVDX@\?ZAtDA|@AZA\ETW~@MZk@Va@@OCWOMOMUIOi@w@a@So@E{Lh@qAFsFj@sInAeOdCoE`@cFJwDImE]eGaAaGiBs@W_HeDkDqBuBiAcCcB}B_BqFsDiF{DkFqEoD{DaDeE}BqDmAkBc@y@wAuCoEsJuBoF_AqCo@wA_AuCqA}DOc@}BiHwAmEQa@Uu@K]MYKWGMGKGIGIGGEEMIOKc@SEAc@e@OUGQEOEQAMAOAQ?S@O@O?GDQFWFWFOFMrAuBHKFGFGHGHGJCHAH?H?H@JDt@NZLPBLBR@NANCLEJGZSjAy@`A_A`AkAb@o@\Ut@gALKJ?FJJ`@BNDV?L?PG`BAP?P?P?P@RJfDi@NG_BIgCAYAOEECAEHIJKNCD@^FxBDrB@f@DRDFBB??JCJAFABG?IEmAh@OKgDAS?Q?Q?Q@QFaB?Q?MEWOIGCI?ODeCnDg@h@g@b@cAp@iB`ASJIDGHIHEHCHYlA?BCvA?P@P@RDRThAf@~Br@|CnB|I~BhKR|@x@nD
WF2 0GU,30,514,DVSA Wakefield Test Center → Silkwood Farm → Total Fitness → Amazon DLS4 → DVSA Wakefield Test Center,3,2654,461,7min,oetfIremH@E?C?EA_@LEBABA@CTgALo@VR\ZPaA??Q`A][WSMn@oB_BlA_GXq@J[HWn@z@zB`CLJD@D?LEDAJEF?B?HF@BDHDN@RAPEPGLIDK@OFEHEJ{AbHKd@SdAI`@Gd@Kx@CXKfAA`@?LBNBP??FTBBLDH@F@D?NIDEHILOLUFIPa@Pg@DMDMFWPo@@KNq@ViAD]DIDIHIAOAECC_@Y_Aw@~ApABB@D@NCNGNABEHGLWhAOp@AJQn@GVELELQf@Q`@GHMTMNIHEDOHEBEFEDIPANENGHWFECIIEMCOAQBQDOBCJ[BMBMBM@a@JgABYJy@Fe@Ha@ReAJe@zAcH@K?G?EAa@CQEUAMEIKU{BaCo@{@IVKZYp@mA~FWlAAFS~@GTSdAi@dCc@nBKIEEC?AC?E@Ef@cC^gBJHNJReAFUR_A@GVmAnB~AUfAABC@C@MD@^?D?BAD
WF2 0GU,30,515,East Ardsley Community Centre → Main Street Fisheries → China And Thai Express → St Michaels Church → East Ardsley Community Centre,3,2131,434,7min,m}{fIzjkHNLpBd@TJnAl@^N\NPJVNj@b@ZXf@`@ZNJ@Be@a@M??`@LCd@ZDZ@L?n@Al@AUp@EPw@pCa@lC[yBKo@CQKy@]cCZNJ@ZDZ@L?n@Al@AUp@EPw@pCa@lCWzCMhAy@BeAZWTUV}@p@}@f@AI{DbAGXNfANTHFFn@Go@IGOUOgAFYtA_@dBc@@H|@g@|@q@TWVU]GYIY[S]Og@Ok@Kq@Gs@Iy@Ew@GkAC]?]@c@@a@Dc@b@qDoAm@UKqBe@OM
WF2 0GU,30,516,East Ardsley Conservative Club → BP Manor Service Station → East Ardsley Express → St Michaels Church → East Ardsley Conservative Club,3,2187,466,7min,mo{fI`zkHB?d@]Ky@]cCZNJ@ZDZ@L?n@Al@AR_@f@dAOZGN_AMw@pCa@lCg@iDCQKy@]cCg@a@[Yk@c@WOQK]O_@OoAm@UKqBe@@TJrAJpAKqAKsAAUfAVh@LTJnAl@c@pDEb@A`@Ab@?\B\FjADv@Hx@Fr@Jp@Nj@Nf@R\XZXH\FWTUV}@p@}@f@AI{DbAGXNfANTHFFn@Go@IGOUOgAFYtA_@dBc@@H|@g@|@q@TWVUdA[x@CLiAV{Cg@iDCQe@\C?
WF2 0GU,30,517,East Ardsley Express → Main Street Fisheries → China And Thai Express → The Bay Horse → East Ardsley Express,3,1427,308,5min,uz{fI`lkHh@LTJnAl@^N\NPJVNj@b@ZXf@`@ZNJ@Be@a@M??`@LCd@ZDZ@L?n@Al@AUp@EPw@pCa@lC[yBKo@CQKy@]cCZNJ@ZDZ@L?n@Al@AR_@LWQSR_AJk@BMCLKj@S~@??PRMVS^Up@EPw@pCa@lCg@iDCQKy@]cCg@a@[Yk@c@WOQK]O_@OoAm@UKi@M
WF2 0GU,30,518,East Ardsley Luncheon Club → Main Street Fisheries → China And Thai Express → St Michaels Church → East Ardsley Luncheon Club,3,2133,448,7min,y|{fIjlkHAKAUpBd@TJnAl@^N\NPJVNj@b@ZXf@`@ZNJ@Be@a@M??`@LCd@ZDZ@L?n@Al@AUp@EPw@pCa@lC[yBKo@CQKy@]cCZNJ@ZDZ@L?n@Al@AUp@EPw@pCa@lCWzCMhAy@BeAZWTUV}@p@}@f@AI{DbAGXNfANTHFFn@Go@IGOUOgAFYtA_@dBc@@H|@g@|@q@TWVU]GYIY[S]Og@Ok@Kq@Gs@Iy@Ew@GkAC]?]@c@@a@Dc@b@qDoAm@UKqBe@@T@J
WF2 0GU,30,519,East Ardsley Post Office → BP Manor Service Station → Main Street Fisheries → St Michaels Church → East Ardsley Post Office,3,1665,356,5min,_m{fIv`lHFw@`@mCv@qCDQTq@R_@f@dAOZGN_AMw@pCa@lCg@iDCQKy@]cCZNJ@Be@a@M??`@LCd@ZDZ@L?n@Al@AUp@EPw@pCa@lCWzCMhAy@BeAZWTUV}@p@}@f@AI{DbAGXNfANTHFFn@Go@IGOUOgAFYtA_@dBc@@H|@g@|@q@TWVUdA[x@CLiANcB
WF2 0GU,30,520,Esso → Toyota Vantage → Total Fitness → Ramada → Esso,3,2160,416,6min,ersfIhmmHSj@QJSYHQb@iAD_@\_ABQA_@q@gAw@m@KEMGPeAHM\KHYNm@BETmADMB?BB@DYtABOTeAAECCC?ELUlACDOl@IX]JILQdAo@_@e@e@[_@SU_@m@KMEECAKCIDK@OFEHEJ{AbHKd@SdAI`@Gd@Kx@CXKfAA`@?LBNBP??FTBBLDH@F@D?NIDEHILOLUFIPa@Pg@DMDMFWPo@@KNq@ViAD]DIDIHIAOAECC_@Y_Aw@~ApABB@D@NCNGNABEHGLWhAOp@AJQn@GVELELQf@Q`@GHMTMNRbAb@eADCb@j@DHEL[bA??EBMSCCEEQWAKScAIHEDOHEBEFEDIPANEN?\?B?HBRH\DLFNVf@HN^j@VPLDD@B?B?NEzCuHPg@Rc@JS`@w@TWVk@HQb@iAHLH^GN
WF2 0GU,30,521,Flanshaw Lodge → The Eagle → Alverthorpe Working Mens Club → GJH Commercial Vehicle Services Ltd → Flanshaw Lodge,3,2911,444,7min,u{sfIzrjHMa@Ee@lAiATKEWEQISGO_@t@MVIN[h@QVYRSPa@X??EBSPA@YPKHQJYJC?SBY?OAQCYMi@Y_@MkB]s@Oc@Kc@MGAu@YQMKKn@{DD^i@fDPLt@XF@b@Lb@J~Cl@AfD?nCAr@?lAA|C?V?XErK?H?hA?|@AjAB`AFr@BRcAb@KBSDYBYBWAeACo@A?{A?M@uBm@?M?EBCH?d@BHDDZ?[?EECI?e@BIDCL?V?T?AtB?L?zAn@@dABV@XCXCREJCbAc@CSGs@CaA@kA?}@?iA?IDsK?Y?W@}C?mA@s@?oC@gD^Lh@XXLPBN@X?RCB?XKPKJIZSRQDC??`@YRQXSPWZi@HOLW^u@FNHRDPDVUJmAhADd@L`@
WF2 0GU,30,522,Flanshaw United Reformed Church → Alverthorpe Working Mens Club → GJH Commercial Vehicle Services Ltd → Mill View Stores → Flanshaw United Reformed Church,3,3583,526,8min,k}sfIttjHe@MMBGACGESG]EBSP[RKHQJYJC?SBY?OAQCYMi@Y_@MkB]s@Oc@Kc@MGAu@YQMKKn@{DD^i@fDPLt@XF@b@Lb@J~Cl@AfD?nCAr@?lAA|C?V?XErK?H?hA?|@AjAB`AFr@BRcAb@KBSDYBYBWAeACo@A?{A?M@uBm@?M?EBCH?d@BHDDZ?[?EECI?e@BIDCL?V?T?AtB?L?zAn@@dABV@XCXCREJCbAc@CSGs@CaA@kA?}@?iA?IDsK?Y?W@}C?mA@s@?oC@gD_Dm@c@Kc@MGAu@YQMKKi@g@QOUMMIUMOK_@YYa@Wg@[w@CIWe@CIKSGUQk@CIESOs@MW|@aBH[CUMSLRBTIZ}@`BLVTfABHPj@FTJRBHVd@BHZv@Vf@X`@^XNJTLLHTLPNh@f@JJPLt@XF@b@Lb@J~Cl@^Lh@XXLPBN@X?RCB?XKPKJIZSRQDCF\DRBFF@LCd@L
WF2 0GU,30,523,Fusion Hair Studio → St Michaels Church → R H Binks And Sons → Methodist Church → Fusion Hair Studio,3,1840,308,5min,qn{fIv`mHUABoD?GBaE?U@yABw@B{@Bq@Bo@FeA@SDu@y@BeAZWTUV}@p@}@f@AI{DbAGXNfANTHFFn@Go@IGOUOgAFYtA_@dBc@@H|@g@|@q@TWVUdA[x@CLiAFy@NaBg@iDCQIs@AE]cCZNJ@ZDZ@L?n@Al@AUp@EPw@pCa@lCWzCMhAEt@ARGdACn@Cp@Cz@Cv@AxA?TC`E?FCnDT@
WF2 0GU,30,524,Gardener's Retreat Restaurant → The Malt Shovel → Tardis → Carr Gate WMC → Gardener's Retreat Restaurant,3,4087,490,8min,ggzfIrbjH~Ai@|@_@fCgApAi@pBy@HEDChAe@d@SBAb@Qj@Wh@UZId@QEo@?_@BYDc@FYJa@R_@PS^YjBcAj@YPIrBkAnB_APIJf@@L?LENc@n@W`@W`@SXo@jASZ}@dBgBjD{@xAw@~@}EnHOTa@n@J`@BNDV?L?PG`BAP?P?P?P@RJfDi@NG_BIgCAYAOEECAEHIJKNCD@^FxBDrB@f@DRDF??BBJCJAFABG?IEmAh@OKgDAS?Q?Q?Q@QFaB?Q?MEWOIGCI?ODeCnDg@h@g@b@cAp@iB`ASJIDGHIHEHCHYlA?BOt@ETELEHGJcBvBGHIHIDIBIBI@K?OAEAc@e@OUGQEOEQAMAOAQ?S@O@O?GDQFWFWFOFMrAuBHKFGFGHGHGJCHAH?H?H@JDt@NZLPBLBR@NANCLEJGZSjAy@`A_A`AkAb@o@pB}CbCqDFM^_AVe@L_@FYDY@W@YAYMoAe@P[Hi@TCoBGmAq@LJr@Ks@p@M@PDz@BnBk@Vg@Re@RiAd@EBIDqBx@qAh@gCfA}@^_Bh@
WF2 0GU,30,525,GJH Commercial Vehicle Services Ltd → Alverthorpe Working Mens Club → Ossett Fire Station → Amazon DLS4 → GJH Commercial Vehicle Services Ltd,3,3140,486,8min,wrtfIvykHT?AtB?L?zAn@@dABV@XCXCREJCbAc@CSGs@CaA@kA?}@?iA?IDsK?Y?W@}C?mA@s@?oC@gDkB]s@Oc@Kc@MGAu@YQMKKn@{DD^i@fDPLt@XF@b@Lb@J~Cl@AfD?nCAr@?lAA|C?V?XErK?H?hA?|@AjAB`AFr@BR^jBLl@JdAFrAJ`BVtAV`AVj@Rb@IVKZYp@mA~FWlAAFS~@PJ@@@?@??CH_@??I^?BA?A?AAQKGTSdAi@dCc@nBKIEEC?AC?E@Ef@cC^gBJHNJReAFUR_A@GVmAlA_GXq@J[HWSc@Wk@WaAWuAKaBGsAKeAMm@_@kBcAb@KBSDYBYBWAeACo@A?{A?M@uBU?
WF2 0GU,30,526,Hall Cliffe Primary School → Wrenthorpe Potovens → Jerry Clay Academy → The Well Church (Elim Pentecostal) → Hall Cliffe Primary School,3,4753,496,8min,ayvfIrpiHYC[YM??iB?u@?e@CoACq@Ee@Mg@Mm@Gi@Ci@CSEkBODYHI@UBc@E{B_@g@UGIY[[U}@a@GC}@a@]OQIOOcAaBS[e@s@]g@u@kAk@{@[YaBqA}@o@k@_@]UUO_CeB_@h@CBW^uA~BmAtBKPq@hAGHq@jAaAdBSb@oBxD_AhBcA|AKLCDu@~@}@|@a@XCB_@RJf@@L?LENc@n@W`@fAxEf@|BVjAXt@DJTf@hA`CN`@HRDP@VC^Gb@Id@Mt@IhAE`BBt@LpAb@nDB\^lE^fEHjA\zAlApDbCtIjOi]xHgQjFuL`@aATk@DKDKRc@`@y@Pe@JU^y@`BoD\w@Zu@LYFIFGXSDCRQFEf@g@Mm@Gi@G}@EkBODYHI@UBc@EMNWNINKZI\ITi@XMNEPG^EZOEQCG?USMOReADUj@cDf@TzB^b@DTCHAXINEDjBF|@Fh@Ll@Lf@Dd@Bp@BnA?d@?t@?hBL?ZXXB
WF2 0GU,30,527,Highfield School → Ossett WMC → West Ardsley Methodist Church → The Star Inn → Highfield School,3,16252,1429,23min,}wvfIbusHDb@Jf@Lv@Pp@Pn@L`@HVBD@J@PBP?V@`@?\?jBAdA?v@BZJVt@|Bb@xBJp@XfBLp@J\Rr@Rf@Td@FLPRPLh@\HHLJVk@NUXa@hA[rA_@RGz@Uh@MdAWTbAHVHJJDP@ZCXG\GZKZMZYTUhBoB`@YlA{@b@UdCuAh@@VPJKTSBC\]`@u@`AeCLm@Pu@ZwAPy@b@kBPq@j@cCJ]XeAJ[XcAT_AjBkGFQ|@{CVmAJe@l@iCVeAJq@H{@Do@Du@?e@?M?}@EgACq@QoFBsAJ}E@e@@gAF}B@_@@UD_ADuATcGLoCFwADiAXqGBYT_EJ_CJmF?i@AWAOKYUq@U_@mAqAc@OQAQ?_@LURW\O\Mj@I|@Bx@Dd@SRq@\{@Pa@?c@CsAKaBKw@IIKEQCIA_ACg@Q_BgAoI}@cIEy@SqEGo@Kk@Ou@Uq@Qk@Kc@Eg@Em@Co@Ea@Oo@Oq@Ww@Qk@Ss@WwAYgBOcAGm@C[AM@u@?o@Cw@CsAG}AGo@G_@MWWSQIQGCA_@K[Ua@_@y@_AmAmA_A_AcAqAk@q@m@s@{@u@}@u@qBoBuAuAY][hA_@pAeAlCsAdCQ\cBdDw@lB]t@{@bCaB`E_@z@S\OXYb@i@r@QRq@j@_@V]TQHc@TIDOFqBdAe@b@URw@v@yAzAi@l@OR_@f@SX{BfD]r@Wn@Of@u@`DSt@Sj@Yf@YVYNE@kANmAPO@S?[Ee@IC?Y@]F]HQL]Xa@l@Uf@Od@Qt@Mv@i@vEKl@K\SRe@XyA~@s@p@c@n@Wp@Sv@SlAo@bFYrB_AvDuA~Du@|BCF}@xCc@bBUbAUlA]fB[bAYp@k@|@s@v@oBdBKH_@`@S\Sl@YfA_@hBWhAIX[z@GNe@c@o@_@gAe@NaB|@h@PBJMKLA?OC}@i@O`BfAd@n@^d@b@FOZ{@HYViA^iBXgARm@R]^a@JInBeBr@w@j@}@Xq@ZcA\gBTmATcAb@cB|@yCBGt@}BtA_E~@wDXsBn@cFRmARw@Vq@b@o@r@q@xA_Ad@YRSJ]Jm@h@wELw@Pu@Ne@Tg@`@m@\YPM\I\GXAB?d@HZDR?NAlAQjAODAXOXWXg@Rk@Ru@t@aDNg@Vo@\s@zBgDRY^g@s@aAKMAu@F]?IOs@Nr@?HG\@t@~@nANSh@m@xA{Av@w@TSd@c@pBeANGHEb@UPI\U^Wp@k@PSh@s@Xc@NYR]^{@`BaEz@cC\u@v@mBbBeDP]rAeCdAmC^qAZiAX\tAtApBnB|@t@z@t@l@r@j@p@bApA~@~@lAlAx@~@`@^ZT^JB@PFPHVRLVF^Fn@F|ABrABv@?n@At@@LBZFl@NbAXfBVvARr@Pj@Vv@Np@Nn@D`@Bn@Dl@Df@Jb@Pj@Tp@Nt@Jj@Fn@RpEDx@|@bIfAnIP~ABf@@~@BHDPHJv@H`BJrAJb@B`@?z@Qp@]RSEe@Cy@H}@Lk@N]V]TS^MP?P@b@NlApATRz@XAf@EzAMdEKr@K~BU~DCXYpGEhAGvAMnCUbGEtAE~@ATA^G|BAfAAd@K|ECrAPnFHxB?|@?L?d@Et@En@Iz@Kp@WdAm@hCKd@WlA}@zCGPkBjGU~@YbAKZYdAK\k@bCQp@c@jBQx@[vAQt@Ml@aAdCa@t@]\CBURKJWQi@AeCtAc@TmAz@a@XiBnBUT[X[L[J]FYF[BQAKEIKIWUcAeAVi@L{@TSFsA^iAZY`@OTWj@MKIIi@]QMQSGMUe@Sg@Ss@K]Mq@YgBKq@c@yBu@}BKWC[?w@@eA?kB?]Aa@?WCQAQAKCEIWMa@Qo@Qq@Mw@Kg@Ec@
WF2 0GU,30,528,Hill Top Primary Academy → West Ardsley Book Exchange → West Ardsley Methodist Church → The Mens Room → Hill Top Primary Academy,3,8357,936,15min,clzfIn}rHNTn@bAFHJ@H@D@RZRi@x@}Bn@}Al@eBFOdFcNe@c@o@_@gAe@qBw@qBy@{Aq@QGmEiBk@Sk@SBWDS@S?Q?S@OLaBM`BAN?R?PARERCVTHTHj@RlEhBPFzAp@pBx@pBv@NaB|@h@PBJMKLA?OC}@i@O`BqBw@qBy@{Aq@QGmEiBk@Sk@S{Ai@{@Wo@Uu@e@e@[CC]YuAoAkAaAs@i@gAaAGE[Wk@a@cDgCu@g@SGQEc@IKAeBS_@Go@OsB]SEQA?m@AaAA]E{@IaAKiBQ_CE}@AQAQIsAIqAAWMoBGaAIaAUeBYwB]oCe@uBi@mCMs@Gk@u@oH]mDOuAY{BIk@CSIs@OuA_AmHKcAKu@Ic@Rg@P]V_@V_@NMVU~@i@\Qn@UVIj@MZGn@StAq@fBy@\Q`@Sp@]z@g@vBoAh@a@XYP_@DIP}@De@FkABgA@m@zAHHAFEDGDMBSBaClALFDFHBJ@H?FALEJEDIDoA^CRELEFGDI@{AIEtBGjAEd@Q|@EHQ^YXi@`@wBnA{@f@q@\a@R]PgBx@uAp@o@R[Fk@LWHo@T]P_Ah@WTOLW^W^Q\Sf@Hb@Jt@JbA~@lHNtAHr@BRHj@XzBNtA\lDt@nHFj@Lr@h@lCd@tB\nCXvBTdBH`AF`ALnB@VHpAHrA@P@PD|@P~BJhBH`ADz@@\@`A?l@P@RDrB\n@N^FdBRJ@b@HPDRFt@f@bDfCj@`@ZVFDfA`Ar@h@jA`AtAnA\XBBd@Zt@d@n@Tz@VzAh@j@Rj@RlEhBPFzAp@pBx@pBv@fAd@n@^d@b@eFbNGNm@dBo@|Ay@|BSh@S[EAIAKAGIo@cAOU
WF2 0GU,30,529,Holiday Inn → Shell Select → Ramada → Total Fitness → Holiday Inn,3,2308,396,6min,gpsfItwmH|@`@ENGPc@l@KNKPEBEJs@`A]aAEIQm@q@_CYoAG[?K@QJS`@w@@[Ea@BS@CHU@C??RATZb@iAD_@\_ABQA_@q@gAw@m@KEMGo@_@e@e@[_@SU_@m@KMEECAKCIDK@OFEHEJ{AbHKd@SdAI`@Gd@Kx@CXKfAA`@?LBNBP??FTBBLDH@F@D?NIDEHIRbAb@eADCb@j@DHEL[bA??EBMSCCEEQWAKScALOLUFIPa@Pg@DMDMFWPo@@KNq@ViAD]DIDIHIAOAECC_@Y_Aw@~ApABB@D@NCNGNABEHGLWhAOp@AJQn@GVELELQf@Q`@GHMTMNIHEDOHEBEFEDIPANEN?\?B?HBRH\DLFNVf@HN^j@VPLDD@B?B?NEzCuHRMVCXnAp@~BPl@DHZi@DCHDZRNFDCJQJOb@m@FQDO}@a@
WF2 0GU,30,530,Hong Kong Vegan → Wrenthorpe Academy → Spot on Dog Grooming → The Wheel → Hong Kong Vegan,3,1540,201,3min,wowfIdngHe@Tq@^c@Xu@f@E@eBbAo@`@m@d@s@v@s@~@wBzC~BdBTN\Tj@^|@n@`BpAZXj@z@Z_AXcAb@_BBIHS??IRCHc@~AYbA[~@k@{@[YaBqACAy@m@k@_@]UUO_CeBfA{An@_Ar@_Ar@w@l@e@n@a@dBcADAt@g@b@Yp@_@d@U
WF2 0GU,30,531,JB's Cafe & Bistro → Ossett Flushdyke Junior and Infant School → Spring Mill Golf Course → Ramada → JB's Cafe & Bistro,3,10890,1053,17min,{gtfIl}oHGVIz@I?IM?yAWBGDI?GAIGUq@U_@mAqAc@OQAQ?_@LURW\O\Mj@I|@Bx@Dd@X`@RLRAPGLQJUlA{DJa@p@sBt@aBzDkIFMP_@VaADg@?c@A]E[G]Ia@IOGYG]A[AW?W@wD@y@@[@YD]H[Rg@POPMLINEP@RBTLVXJXFVDVDX@\?ZAtDA|@AZA\ETW~@MZa@fAcAxBkAjCkDhHq@zAq@nBy@bDWvAAFW|AQ`BQjBGlAIdCEvCGnEQnLIdCSvC_@|De@vCg@tBs@dCqAvCwL`SwBhDmDxF{AhCiBbD{@lBoB`Fq@xBe@xBg@xCYpCKzAG`BChCD|BRlDXrCj@`Ev@bDr@tCLRLHP@HCVAJ@FBFFFJFVBLFf@@H?PAPEPELIHGDGBk@EEAGEGGEKEMCS?U?]UmAaAmDq@cDm@eE[sCSoDCu@AiA@kCDcBJ}AToCd@_Dh@qBp@cCvBuFx@kBbBkDrAgChHiL`H}KnCoErAyCr@uBj@wBf@uCd@uDRuCHoCNkLDwBFwFAi@BoANgCDu@?c@A[ESCOM_@Oe@G[Gc@Ee@Cy@H}@Lk@N]V]TS^MP?P@b@NlApATRz@XAf@EzAMdEKr@K~BxBdA\M^q@h@y@fAmAn@k@RWf@u@hCcDHKHEH@H@JDHHFJDNh@|BVjAFVFPVf@`A|AJB@?NGDGDGXm@Pa@JQHEHKj@u@`@o@BGhA{BP[ZWDCDCNE^KLARMz@s@TWDEDMBAt@c@ZKUyA[eCcBkM{@qECOkAgFYaA{@_DK]sCoHk@}ASi@]aAEIQm@q@_CYoAG[?K@QJS`@w@TWVk@HQb@iAD_@\_ABQA_@q@gAw@m@KEMGo@_@e@e@[_@SU_@m@KMEECAKCIDK@OFEHEJ{AbHKd@SdAI`@Gd@Kx@CXKfAA`@?LBNBP??FTBBLDH@F@D?NIDEHIRbAb@eADCb@j@DHEL[bA??EBMSCCEEQWAKScAIHEDOHEBEFEDIPANEN?\?B?HBRH\DLFNVf@HN^j@b@p@BBDHBDDJ@N@PAN[x@Yz@K`@E\C\?b@B\Db@Jp@JXFVDVDX@\?ZAtDA|@AZA\ETW~@MZa@fAcAxBkAjCuBjFIn@GfAGlAA\CbBAf@EzA\EHLH?H{@FW
WF2 0GU,30,532,Jerry Clay Academy → Hall Cliffe Primary School → The Well Church (Elim Pentecostal) → Sunnyhill Stores → Jerry Clay Academy,3,2691,363,6min,_iwfIlwiHDKDKRc@`@y@Pe@JU^y@`BoD\w@Zu@LYFIFGXSDCRQFEf@g@Lf@Dd@Bp@BnA?d@?t@?hBL?ZXXB@?[C[YM??iB?u@?e@CoACq@Ee@Mg@Mm@Gi@G}@EkBODYHI@UBc@EMNWNINKZI\ITi@XMNEPG^EZOEQCG?USMOReADUj@cDf@TzB^b@DTCHAXINEDjBF|@Fh@Ll@Lf@Dd@Bp@BnA?d@?t@?hB?rB?zA?HDzCDdFBzA@T@hAFlF_@PO@EDCFCLBMBGDENA??^QGmFAiAAUC{AEeFE{C?I?{A?sB?iB?u@?e@CoACq@Ee@Mg@g@f@GDSPEBYRGFGHMX[t@]v@aBnD_@x@KTQd@a@x@Sb@EJEJ
WF2 0GU,30,533,Kirkhamgate Fisheries → Village Stores → Outwood Primary Academy Kirkhamgate → The Star Inn → Kirkhamgate Fisheries,3,1735,315,5min,{cwfIn`nHAQEWKWq@j@_@V]TQHc@TIDOFqBdA_@wBm@\OH|@g@^vBe@b@URw@v@Mc@Om@]}CE]Kq@SyACK?AOkA_@qCcAf@[yAJIKHZxAbAg@^pCNlABJRxAJp@D\\|CNl@Lb@yAzAi@l@ORs@aAKMAu@F]?IOs@Nr@?HG\@t@~@nANSh@m@xA{Av@w@TSd@c@pBeANGHEb@UPI\U^Wp@k@JVDV@P
WF2 0GU,30,534,Kirkhamgate Village Hall → The Star Inn → Outwood Primary Academy Kirkhamgate → Shawfold Cars → Kirkhamgate Village Hall,3,1831,321,5min,iswfIdbnHTrBNl@Lb@yAzAi@l@ORs@aAKMAu@F]?IOs@Nr@?HG\@t@~@nANSh@m@xA{AMc@Om@]}CE]Kq@SyACK?AOkA_@qCcAf@[yAJIKHZxAbAg@^pCNlABJRxAJp@D\\|CNl@Lb@v@w@TSd@c@pBeANGHEb@UPI\U^Wp@k@JVDVDf@@FCz@Jj@DXEYKk@B{@Go@EWKWq@j@_@V]TQHc@TIDOFqBdAe@b@URw@v@Mc@Om@UsB
WF2 0GU,30,535,"Kirkhamgate Village Hall, Brandy Carr Road → Outwood Primary Academy Kirkhamgate → The Star Inn → Shawfold Cars → Kirkhamgate Village Hall, Brandy Carr Road",3,1686,298,4min,qswfI`anH?EE]Kq@SyACK?AOkA_@qCcAf@[yAJIKHZxAbAg@^pCNlABJRxAJp@D\\|CNl@Lb@yAzAi@l@ORs@aAKMAu@F]?IOs@Nr@?HG\@t@~@nANSh@m@xA{Av@w@TSd@c@pBeANGHEb@UPI\U^Wp@k@JVDVDf@@FCz@Jj@DXEYKk@B{@Go@EWKWq@j@_@V]TQHc@TIDOFqBdAe@b@URw@v@Mc@Om@]wC
WF2 0GU,30,536,Kowloon → Alverthorpe Garage → Mill View Stores → Sun Bo → Kowloon,3,1187,267,4min,ajufIbijHb@iA\w@L]L[f@}Af@{AdAwCFSb@~@Zn@BH}AlCu@rAIHO@]I\HNAHIP[b@w@|AmCRb@HTNVLVLVTfAj@Sk@RESOs@MWMWOWIUSc@CIJSFSGEi@}@BDd@v@FDGRKR[o@c@_AGReAvCg@zAg@|AMZM\]v@c@hA
WF2 0GU,30,537,Kylies Sandwich Bar & Custom Cakes → Alverthorpe Garage → Mill View Stores → Sun Bo → Kylies Sandwich Bar & Custom Cakes,3,1179,266,4min,}iufIxhjH^_A\w@L]L[f@}Af@{AdAwCFSb@~@Zn@BH}AlCu@rAIHO@]I\HNAHIP[b@w@|AmCRb@HTNVLVLVTfAj@Sk@RESOs@MWMWOWIUSc@CIJSFSGEi@}@BDd@v@FDGRKR[o@c@_AGReAvCg@zAg@|AMZM\]v@_@~@
WF2 0GU,30,538,Lindale Methodist Church → The Star Inn → Outwood Primary Academy Kirkhamgate → Shawfold Cars → Lindale Methodist Church,3,1801,318,5min,aswfIncnHLhANl@Lb@yAzAi@l@ORs@aAKMAu@F]?IOs@Nr@?HG\@t@~@nANSh@m@xA{AMc@Om@]}CE]Kq@SyACK?AOkA_@qCcAf@[yAJIKHZxAbAg@^pCNlABJRxAJp@D\\|CNl@Lb@v@w@TSd@c@pBeANGHEb@UPI\U^Wp@k@JVDVDf@@FCz@Jj@DXEYKk@B{@Go@EWKWq@j@_@V]TQHc@TIDOFqBdAe@b@URw@v@Mc@Om@MiA
WF2 0GU,30,539,Lofthouse Colliery Disaster Memorial → Sunnyhill Stores → Low Laithes Golf Course → Alverthorpe St Paul's CofE (VA) School → Lofthouse Colliery Disaster Memorial,3,8486,1128,18min,_hvfIr~kHVu@sAeC]u@k@qAQ]qAoCIQ{@eBQi@GUkCgKyAsFIc@Ec@Ee@CcA_@PO@EDCFCLBMBGDENA??^QBbADd@Db@Hb@xArFjCfKFTPh@z@dBHPpAnCP\j@pA\t@rAdCBIbAmBb@i@~@cAdB{Ap@i@Z_@Vc@Pi@V}@d@sBp@aCV_A|BsGvBwEr@iBr@gB^aAFMp@gB\w@L]L[f@}Af@{AdAwCFSb@~@Zn@BHRb@HTNVLVLVTfABHPj@FTJRBHVd@BHZv@Vf@X`@^XNJTLLHTLPNh@f@JJPLt@XF@b@Lb@J~Cl@AfD?nCAr@?lAA|C?V?XErK?H?hA?|@AjAB`AFr@BR^jBLl@JdAFrAJ`BVtAV`AVj@Rb@IVKZYp@mA~FWlAAFS~@GTSdAi@dCc@nB_A|EILKBMEY]qAeAUGIEKGGIGQAKAO?MHwBHwB@a@?OJwDBa@PuBJmADOFIL?DBNNRRZZ@FAPEFCDy@xDGFE?KIECk@fDA`@BT@PCp@?`@EbB?F@XBLHVLLPTpAdAZNLDH@HE~@}Eb@oBh@eCReAFUR_A@GVmAlA_GXq@J[HWSc@Wk@WaAWuAKaBGsAKeAMm@_@kBCSGs@CaA@kA?}@?iA?IDsK?Y?W@}C?mA@s@?oC@gD_Dm@c@Kc@MGAu@YQMKKi@g@QOUMMIUMOK_@YYa@Wg@[w@CIWe@CIKSGUQk@CIUgAMWMWOWIUSc@CI[o@c@_Ab@qAZw@MUKKQIQG[IQCSGMEQKY[g@g@SWy@oAGEKCQl@c@`AEd@Er@ETIVKXERGTEX@\Ap@AXGVILDZBV?R@RGd@A\CTCB??C?B?BCBU@]Fe@AS?SCWE[HMFW@Y@q@A]DYFUDSJYHWDUDs@De@b@aAPm@JBFDx@nARVf@f@XZPJLDRFPBZHPFPHJJLT[v@c@pAGReAvCg@zAg@|AMZM\]v@q@fBGL_@`As@fBs@hBwBvE}BrGW~@q@`Ce@rBW|@Qh@Wb@[^q@h@eBzA_AbAc@h@cAlBCHWt@
WF2 0GU,30,540,Low Laithes Golf Course → Amazon DLS4 → Ossett Fire Station → GJH Commercial Vehicle Services Ltd → Low Laithes Golf Course,3,2773,583,9min,cttfI|emHJwDBa@PuBJmADOFIL?DBNNRRZZ@FAPEFCDy@xDGFE?KIECk@fDA`@BT@PCp@?`@EbB?FnC~BDFFBLGDIr@gDBCAC?E@Ef@cC^gBJHNJReAFUPJ@@@?@??CH_@??I^?BA?A?AAQKR_A@GVmAlA_GXq@J[HWSc@Wk@WaAWuAKaBGsAKeAMm@_@kBcAb@KBSDYBYBWAeACo@A?{A?M@uBm@?M?EBCH?d@BHDDZ?[?EECI?e@BIDCL?V?T?AtB?L?zAn@@dABV@XCXCREJCbAc@^jBLl@JdAFrAJ`BVtAV`AVj@Rb@IVKZYp@mA~FWlAAFS~@GTSdAi@dCc@nB_A|EILKBMEY]qAeAUGIEKGGIGQAKAO?MHwBHwB@a@?O
WF2 0GU,30,541,Main Street Fisheries → China And Thai Express → The Bay Horse → East Ardsley Express → Main Street Fisheries,3,1637,363,6min,co{fIbrkH`@LCd@ZDZ@L?n@Al@AUp@EPw@pCa@lC[yBKo@CQKy@]cCZNJ@ZDZ@L?n@Al@AR_@LWQSR_AJk@BMCLKj@S~@??PRMVS^Up@EPw@pCa@lCg@iDCQKy@]cCg@a@[Yk@c@WOQK]O_@OoAm@UKqBe@@TJrAJpAKqAKsAAUfAVh@LTJnAl@^N\NPJVNj@b@ZXf@`@ZNJ@Be@a@M
WF2 0GU,30,542,Methodist Church → BP Manor Service Station → Tania's Barbershop → East Ardsley Express → Methodist Church,3,1681,308,5min,mn{fInwkHAE]cCZNJ@ZDZ@L?n@Al@AR_@f@dAOZGN_AMw@pCa@lCKhAKpAMhAy@BeAZ]GYIY[S]Og@Ok@Kq@Gs@Iy@Ew@GkAC]?]@c@@a@Dc@b@qDoAm@UKqBe@@TJrAJpAKqAKsAAUfAVh@LTJnAl@^N\NPJVNj@b@ZXf@`@ZNJ@ZDZ@L?n@Al@AUp@EPw@pCa@lCg@iDCQIs@
WF2 0GU,30,543,Mill View Stores → Sun Bo → Alverthorpe Garage → Kylies Sandwich Bar & Custom Cakes → Mill View Stores,3,1239,281,4min,g}tfIpajHOs@MWMWOWIUSc@CIJSFSGEi@}@BDd@v@FDGRKRBH}AlCu@rAIHO@]I\HNAHIP[b@w@|AmCCI[o@c@_AGReAvCg@zAg@|AMZM\]v@q@fBGLZl@P[QZ[m@FMPg@^_A\w@L]L[f@}Af@{AdAwCFSb@~@Zn@BHRb@HTNVLVLVNr@
WF2 0GU,30,544,NAV Mini Market → Phoenix Young People's Centre → Mill View Stores → Pizza Ferrara → NAV Mini Market,3,1173,261,4min,_aufItriHJJLT[v@c@pAGReAvCg@zAGIWKVJFHf@{An@eBTq@FSb@~@Zn@BHRb@HTNVLVLVTfAj@Sk@RESOs@MWMWOWIUSc@CI[o@c@_AGReAvCg@zAg@|AMZM\Nl@Rz@S{@Om@L]L[FS^iAf@{AdAwCFSb@qAZw@MUKK
WF2 0GU,30,545,NPAS 31 - Carr Gate → West Yorkshire Police Learning & Development Centre → Driver Training Area → West Yorkshire Police Bishopgarth House → NPAS 31 - Carr Gate,3,10221,589,9min,isyfIb{jHIaCKgDAS?Q?Q?Q@QFaB?Q?MEWOIGCI?ODeCnDg@h@g@b@cAp@iB`ASJIDGHIHEHCHYlA?BCvA?P@P@RDRThAf@~Br@|CnB|INn@nBxIR|@x@nD\|AtAxDbCzFbCdFbAjBb@x@bAjBnCrD|CfEjDpDxFdFfMjJzBxA`CrAtBfAtDrBtG`Dn@R~FjBlGhAdE\xDDvEOnE[hOcClImApBYzRuF^OZSPMNQNUj@{ARg@POPMLINEP@RBTLVXJXFVDVDX@\?ZAtDA|@AZA\ETW~@MZk@Va@@OCWOMOMUIOi@w@a@So@E{Lh@qAFsFj@sInAeOdCoE`@cFJwDImE]eGaAaGiBs@W_HeDkDqBuBiAcCcB}B_BqFsDiF{DkFqEoD{DaDeE}BqDmAkBc@y@wAuCoEsJuBoF_AqCo@wA_AuCqA}DOc@}BiHwAmEQa@Uu@K]MYKWGMGKGIGIGGEEMIOKc@SEAc@e@OUGQEOEQAMAOAQ?S@O@O?GDQFWFWFOFMrAuBHKFGFGHGHGJCHAH?H?H@JDt@NZLPBLBR@NANCLEJGZSjAy@`A_A`AkAb@o@\Ut@gALKJ?FJJ`@BNDV?L?PG`BAP?P?P?P@RJfDi@NG_BIgCAYAOEECAEHIJKNCD@^FxBDrB@f@DRDFBB??JCJAFABG?IEmAh@OH`C
WF2 0GU,30,546,One Stop Coffee Shop → Main Street Fisheries → China And Thai Express → St Michaels Church → One Stop Coffee Shop,3,2135,449,7min,y|{fIllkHAMAUpBd@TJnAl@^N\NPJVNj@b@ZXf@`@ZNJ@Be@a@M??`@LCd@ZDZ@L?n@Al@AUp@EPw@pCa@lC[yBKo@CQKy@]cCZNJ@ZDZ@L?n@Al@AUp@EPw@pCa@lCWzCMhAy@BeAZWTUV}@p@}@f@AI{DbAGXNfANTHFFn@Go@IGOUOgAFYtA_@dBc@@H|@g@|@q@TWVU]GYIY[S]Og@Ok@Kq@Gs@Iy@Ew@GkAC]?]@c@@a@Dc@b@qDoAm@UKqBe@@T@L
WF2 0GU,30,547,Oriental Chef → The Star Inn → Outwood Primary Academy Kirkhamgate → Shawfold Cars → Oriental Chef,3,1761,315,5min,urwfIhenH@NNl@Lb@yAzAi@l@ORs@aAKMAu@F]?IOs@Nr@?HG\@t@~@nANSh@m@xA{AMc@Om@]}CE]Kq@SyACK?AOkA_@qCcAf@[yAJIKHZxAbAg@^pCNlABJRxAJp@D\\|CNl@Lb@v@w@TSd@c@pBeANGHEb@UPI\U^Wp@k@JVDVDf@@FCz@Jj@DXEYKk@B{@Go@EWKWq@j@_@V]TQHc@TIDOFqBdAe@b@URw@v@Mc@Om@AO
WF2 0GU,30,548,Ossett Fire Station → Silkwood Farm → Amazon DLS4 → Total Fitness → Ossett Fire Station,3,2703,475,7min,}gtfIlbmHI^?BA?A?AAQKR_A@GVmAnB~ALo@VR\ZPaA??Q`A][WSMn@oB_BWlAAFS~@GTSdAi@dCc@nBKIEEC?AC?E@Ef@cC^gBJHNJReAFUR_A@GVmAlA_GXq@J[HWn@z@zB`CLJD@D?LEDAJEF?B?HF@BDHDN@RAPEPGLIDK@OFEHEJ{AbHKd@SdAI`@Gd@Kx@CXKfAA`@?LBNBP??FTBBLDH@F@D?NIDEHILOLUFIPa@Pg@DMDMFWPo@@KNq@ViAD]DIDIHIAOAECC_@Y_Aw@~ApABB@D@NCNGNABEHGLWhAOp@AJQn@GVELELQf@Q`@GHMTMNIHEDOHEBEFEDIPANENGHWFECIIEMCOAQBQDOBCJ[BMBMBM@a@JgABYJy@Fe@Ha@ReAJe@zAcH@K?G?EAa@CQEUAMEIKU{BaCo@{@IVKZYp@mA~FWlAAFS~@PJ@@@?@??CH_@
WF2 0GU,30,549,Ossett Flushdyke Junior and Infant School → JB's Cafe & Bistro → Spring Mill Golf Course → Ossett WMC → Ossett Flushdyke Junior and Infant School,3,11235,1055,17min,eptfIzapHW|AQ`BQjBGlAIdCEvCGnEQnLIdCSvC_@|De@vCg@tBs@dCqAvCwL`SwBhDmDxF{AhCiBbD{@lBoB`Fq@xBe@xBg@xCYpCKzAG`BChCD|BRlDXrCj@`Ev@bDr@tCLRLHP@HCVAJ@FBFFFJFVBLFf@@H?PAPEPELIHGDGBk@EEAGEGGEKEMCS?U?]UmAaAmDq@cDm@eE[sCSoDCu@AiA@kCDcBJ}AToCd@_Dh@qBp@cCvBuFx@kBbBkDrAgChHiL`H}KnCoErAyCr@uBj@wBf@uCd@uDRuCHoCNkLDwBFwFAi@BoANgCDu@?c@A[ESCOM_@Oe@G[Gc@Ee@Cy@H}@Lk@N]V]TS^MP?P@b@NlApATRz@XAf@EzA\EHLH?H{@FWJg@@qBEGa@D]?CbBAf@EzAMdEKr@K~BxBdA\M^q@h@y@fAmAn@k@RWf@u@hCcDHKHEH@H@JDHHFJDNh@|BVjAFVFPVf@`A|AJB@?NGDGDGXm@Pa@JQHEHKj@u@`@o@BGhA{BP[ZWDCDCNE^KLARMz@s@TWDEDMBAt@c@ZK^lCTtAYRWf@MfBAVOfASbA{ArDYr@[fAy@dDaBzHCLIf@_BhHg@~BOrAUpBIp@ANKbAADG`B?|CZtCH^b@rB\xAdA`D@BFVLh@PfALpAFvBm@Ek@HOD_@TGDQNCFIT[z@g@|AOb@ETK`@Ij@Gh@eA_@y@a@oA{@GEGEMI}@o@a@Yg@e@KI}AuASQOO{AkAa@[GEmAs@OIqAcAcAc@H{@Do@Du@?e@?M?}@EgACq@QoFBsAJ}E@e@@gAF}B@_@@UD_ADuATcGLoCFwADiAXqGBYT_EJ_CJmF?i@AWAOKYUq@U_@mAqAc@OQAQ?_@LURW\O\Mj@I|@Bx@Dd@X`@RLRAPGLQJUlA{DJa@p@sBt@aBzDkIFMP_@VaADg@?c@A]E[G]Ia@IOGYG]A[AW?W@wD@y@@[@YD]H[Rg@POPMLINEP@RBTLVXJXFVDVDX@\?ZAtDA|@AZA\ETW~@MZa@fAcAxBkAjCkDhHq@zAq@nBy@bDWvAAF
WF2 0GU,30,550,Ossett WMC → Ossett Flushdyke Junior and Infant School → JB's Cafe & Bistro → Spring Mill Golf Course → Ossett WMC,3,11235,1055,17min,aotfI`mrHCq@QoFBsAJ}E@e@@gAF}B@_@@UD_ADuATcGLoCFwADiAXqGBYT_EJ_CJmF?i@AWAOKYUq@U_@mAqAc@OQAQ?_@LURW\O\Mj@I|@Bx@Dd@X`@RLRAPGLQJUlA{DJa@p@sBt@aBzDkIFMP_@VaADg@?c@A]E[G]Ia@IOGYG]A[AW?W@wD@y@@[@YD]H[Rg@POPMLINEP@RBTLVXJXFVDVDX@\?ZAtDA|@AZA\ETW~@MZa@fAcAxBkAjCkDhHq@zAq@nBy@bDWvAAFW|AQ`BQjBGlAIdCEvCGnEQnLIdCSvC_@|De@vCg@tBs@dCqAvCwL`SwBhDmDxF{AhCiBbD{@lBoB`Fq@xBe@xBg@xCYpCKzAG`BChCD|BRlDXrCj@`Ev@bDr@tCLRLHP@HCVAJ@FBFFFJFVBLFf@@H?PAPEPELIHGDGBk@EEAGEGGEKEMCS?U?]UmAaAmDq@cDm@eE[sCSoDCu@AiA@kCDcBJ}AToCd@_Dh@qBp@cCvBuFx@kBbBkDrAgChHiL`H}KnCoErAyCr@uBj@wBf@uCd@uDRuCHoCNkLDwBFwFAi@BoANgCDu@?c@A[ESCOM_@Oe@G[Gc@Ee@Cy@H}@Lk@N]V]TS^MP?P@b@NlApATRz@XAf@EzA\EHLH?H{@FWJg@@qBEGa@D]?CbBAf@EzAMdEKr@K~BxBdA\M^q@h@y@fAmAn@k@RWf@u@hCcDHKHEH@H@JDHHFJDNh@|BVjAFVFPVf@`A|AJB@?NGDGDGXm@Pa@JQHEHKj@u@`@o@BGhA{BP[ZWDCDCNE^KLARMz@s@TWDEDMBAt@c@ZK^lCTtAYRWf@MfBAVOfASbA{ArDYr@[fAy@dDaBzHCLIf@_BhHg@~BOrAUpBIp@ANKbAADG`B?|CZtCH^b@rB\xAdA`D@BFVLh@PfALpAFvBm@Ek@HOD_@TGDQNCFIT[z@g@|AOb@ETK`@Ij@Gh@eA_@y@a@oA{@GEGEMI}@o@a@Yg@e@KI}AuASQOO{AkAa@[GEmAs@OIqAcAcAc@H{@Do@Du@?e@?M?}@EgA
WF2 0GU,30,551,"Outwood Primary Academy Kirkhamgate → Kirkhamgate Village Hall, Brandy Carr Road → The Star Inn → Shawfold Cars → Outwood Primary Academy Kirkhamgate",3,1365,212,3min,{twfIb{mH?@BJRxAJp@D\?D\vCNl@Lb@yAzAi@l@ORs@aAKMAu@F]?IOs@Nr@?HG\@t@~@nANSh@m@xA{Av@w@TSd@c@pBeANGHEb@UPI\U^Wp@k@JVDVDf@@FCz@Jj@DXEYKk@B{@Go@EWKWq@j@_@V]TQHc@TIDOFqBdAe@b@URw@v@Mc@Om@]}CE]Kq@SyACK?A
WF2 0GU,30,552,Phoenix Young People's Centre → NAV Mini Market → The Blue Light → Mill View Stores → Phoenix Young People's Centre,3,1232,259,4min,ccufIfziHTq@FSb@qAZw@MUKK??QIQG[I@_@B]Dm@PmAT_BV{Ab@XJJNPVb@Zf@b@j@i@lAk@vAg@hAKR[v@c@pAb@~@Zn@BH}AlCu@rAIHHVN`@ADCDSRRSBE@EYy@HIt@sA|AmCRb@HTNVLVLVTfAj@Sk@RESOs@MWMWOWIUSc@CI[o@c@_AGRUp@
WF2 0GU,30,553,Pinderfields Hospital PRU → St Annes → Spot on Dog Grooming → Wrenthorpe Methodist Church → Pinderfields Hospital PRU,3,1842,336,5min,qowfInehHm@k@MMCHc@~AYbA[~@t@jA\f@d@r@RZj@~@V`@NNPH\N|@`@FB|@`@MjANFOGLkA}@a@GC}@a@]OQIOOcAaBS[e@s@]g@u@kAk@{@[YaBqACAy@m@G^I@WQODLu@j@^|@n@`BpAZXj@z@t@jA\f@d@r@RZbA`BNNPH\N|@`@FBFYb@eATy@Ux@O\Sf@GXGC}@a@]OQIOOcAaBS[e@s@]g@u@kAZ_AXcAb@_BBILLl@j@
WF2 0GU,30,554,Pizza Ferrara → Alverthorpe Conservative Club → Alverthorpe St Paul's CofE (VA) School → Al Fresco → Pizza Ferrara,3,1889,385,6min,{fufIrbjH^iAf@{AdAwCFSb@~@Zn@BH}AlCOSNRZg@`AeBCI[o@c@_Ab@qAZw@MUKKQIQG[IQCSGMEQKY[g@g@SWy@oAGEKCQl@c@`AEd@Er@ETIVKXERGTEX@\Ap@AXGVILDZBV?R@RGd@A\CTCB??C?B?BCBU@]Fe@AS?SCWE[HMFW@Y@q@A]DYFUDSJYHWDUDs@De@b@aAPm@JBFDx@nARVf@f@XZPJLDRFPBZHPFPHJJLT[v@c@pAb@~@Zn@JSFSD_@Bm@@Q@QBk@?Q@UBy@Cx@ATC|@APAPCl@E^GRKR[o@c@_AGReAvCg@zA_@hA
WF2 0GU,30,555,Pumaspeed → NAV Mini Market → Mill View Stores → Kylies Sandwich Bar & Custom Cakes → Pumaspeed,3,1421,263,4min,}cufI`|iHn@kBFSb@qAZw@MUKK??QIQG[I@_@B]Dm@PmAT_BV{Ab@XJJNPVb@Zf@b@j@i@lAk@vAg@hAKR[v@c@pAb@~@Zn@BHRb@HTNVLVLVTfAj@Sk@RESOs@MWMWOWIUSc@CI[o@c@_AGReAvCg@zAg@|AMZM\]v@q@fBGLZl@P[QZ[m@FMPg@^_A\w@L]L[f@}Af@{ATk@
WF2 0GU,30,556,R H Binks And Sons → Methodist Church → BP Manor Service Station → St Michaels Church → R H Binks And Sons,3,1331,258,4min,gm{fI`blHNaBg@iDCQIs@AE]cCZNJ@ZDZ@L?n@Al@AR_@f@dAOZGN_AMw@pCa@lCWzCMhAy@BeAZWTUV}@p@}@f@AI{DbAGXNfANTHFFn@Go@IGOUOgAFYtA_@dBc@@H|@g@|@q@TWVUdA[x@CLiAFy@
WF2 0GU,30,557,Ramada → Shell Select → Holiday Inn → DVSA Wakefield Test Center → Ramada,3,2903,480,8min,u}sfIhxmH??EBMSCCEEQWAKScAIHEDOHEBEFEDIPANEN?\?B?HBRH\DLFNVf@HN^j@VPLDD@B?B?NEzCuHPg@Rc@JS`@w@@[Ea@BS@CHU@C??RATZIPWj@Kb@q@xBXnAp@~BPl@DHZi@DCHDZRNFDCJQJOb@m@FQDO}@a@??Fo@bA^EVGXENGPc@l@KNKPEBEJs@`A]aAEIQm@q@_CYoAG[?K@QJS`@w@TWVk@HQb@iAD_@\_ABQA_@q@gAw@m@KEMGo@_@e@e@[_@SU_@m@KMEECAKCIDK@KEGIGMCQEUAMEIKU{BaCo@{@IVKZYp@mA~FnB~AUfAABC@C@MD@^?D?BGTDO@E?C?EA_@LEBABA@CTgAoB_BlA_GXq@J[HWn@z@zB`CLJD@D?LEDAJEF?B?HF@BDHDN@RAPEPGLIDK@OFEHEJ{AbHKd@SdAI`@Gd@Kx@CXKfAA`@?LBNBP??FTBBLDH@F@D?NIDEHIRbA@JPVDDBBLRDC??
WF2 0GU,30,558,Restyle Fitness → China And Thai Express → BP Manor Service Station → East Ardsley Express → Restyle Fitness,3,1512,309,5min,gn{fInrkHD@Cd@ZDZ@L?n@Al@AUp@EPw@pCa@lC[yBKo@CQKy@]cCZNJ@ZDZ@L?n@Al@AR_@f@dAOZGN_AMw@pCa@lCg@iDCQKy@]cCg@a@[Yk@c@WOQK]O_@OoAm@UKqBe@@TJrAJpAKqAKsAAUfAVh@LTJnAl@^N\NPJVNj@b@ZXf@`@ZNJ@Be@EA
WF2 0GU,30,559,Royal Spice → The Glynn Living → The Wren Cafe → Hong Kong Vegan → Royal Spice,3,2985,372,6min,_uvfIdbgHF[Ls@NG`@Wb@c@fCyCPl@Dd@F^FLJLHLJZ[ZZ[K[IMKMGMG_@Ee@Qm@q@v@uA`Bc@b@a@VOFMr@Or@Gh@?f@B^J^Tn@FNLZRp@Jb@DX@l@@p@@`@@L?NHv@L`A@JB\@Z?r@Ad@En@Gl@WdBG\KhAMt@QUu@w@WQEr@Qb@Wp@ELQb@Sj@K^qAdFIREHG@I?ECKIU]g@w@KMo@WYMQKQn@I^A@Mz@o@|DY[[U}@a@GC}@a@]OQIOOcAaBS[e@s@]g@u@kAk@{@[YaBqA}@o@k@_@]UUO_CeBvB{Cr@_Ar@w@l@e@n@a@dBcADAt@g@b@Yp@_@d@UTMrBcAtBmAJI^Qh@UdBi@TORQVYz@}@\Yr@]ZETCp@A`@?\?`@EZOMr@GZ
WF2 0GU,30,560,Shawfold Cars → Village Stores → Outwood Primary Academy Kirkhamgate → The Star Inn → Shawfold Cars,3,1750,317,5min,wcwfIdanHEg@EWKWq@j@_@V]TQHc@TIDOFqBdA_@wBm@\OH|@g@^vBe@b@URw@v@Mc@Om@]}CE]Kq@SyACK?AOkA_@qCcAf@[yAJIKHZxAbAg@^pCNlABJRxAJp@D\\|CNl@Lb@yAzAi@l@ORs@aAKMAu@F]?IOs@Nr@?HG\@t@~@nANSh@m@xA{Av@w@TSd@c@pBeANGHEb@UPI\U^Wp@k@JVDVDf@
WF2 0GU,30,561,Shell Select → Holiday Inn → Total Fitness → Toyota Vantage → Shell Select,3,3239,558,9min,_usfIzlmH??RATZIPWj@Kb@q@xBXnAp@~BPl@DHZi@DCHDZRNFDCJQJOb@m@FQDO}@a@??Fo@bA^EVGXENGPc@l@KNKPEBEJs@`A]aAEIQm@q@_CYoAG[?K@QJS`@w@TWVk@HQb@iAD_@\_ABQA_@q@gAw@m@KEMGo@_@e@e@[_@SU_@m@KMEECAKCIDK@OFEHEJ{AbHKd@SdAI`@Gd@Kx@CXKfAA`@?LBNBP??FTBBLDH@F@D?NIDEHILOLUFIPa@Pg@DMDMFWPo@@KNq@ViAD]DIDIHIAOAECC_@Y_Aw@~ApABB@D@NCNGNABEHGLWhAOp@AJQn@GVELELQf@Q`@GHMTMNIHEDOHEBEFEDIPANENGHWFECIIEMCOAQBQDOBCJ[BMBMBM@a@JgABYJy@Fe@Ha@ReAJe@zAcH@K?G?EAa@CQ?QBQHWDAJEF?B?HF@BDHDN@RBX@LBJFV^l@RTZ^d@d@n@^PeAHM\KHYNm@BETmADMB?BB@DYtABOTeAAECCC?ELUlACDOl@IX]JILQdALFJDv@l@TJb@Fn@OSz@Qb@[z@[x@c@hAIPWj@Kb@q@xBG[?K@QJS`@w@@[Ea@BS@CHU@C
WF2 0GU,30,562,Shine hand car wash → Toyota Vantage → Total Fitness → Ramada → Shine hand car wash,3,2160,416,6min,mrsfIzmmHKXQJSYHQb@iAD_@\_ABQA_@q@gAw@m@KEMGPeAHM\KHYNm@BETmADMB?BB@DYtABOTeAAECCC?ELUlACDOl@IX]JILQdAo@_@e@e@[_@SU_@m@KMEECAKCIDK@OFEHEJ{AbHKd@SdAI`@Gd@Kx@CXKfAA`@?LBNBP??FTBBLDH@F@D?NIDEHILOLUFIPa@Pg@DMDMFWPo@@KNq@ViAD]DIDIHIAOAECC_@Y_Aw@~ApABB@D@NCNGNABEHGLWhAOp@AJQn@GVELELQf@Q`@GHMTMNRbAb@eADCb@j@DHEL[bA??EBMSCCEEQWAKScAIHEDOHEBEFEDIPANEN?\?B?HBRH\DLFNVf@HN^j@VPLDD@B?B?NEzCuHPg@Rc@JS`@w@TWVk@HQb@iAHLH^O`@
WF2 0GU,30,563,Silcoates School → Wrenthorpe Post Office → Wrenthorpe Park & Alverthorpe Meadows → Hall Cliffe Primary School → Silcoates School,3,8799,1101,18min,ihvfIvciHe@rA?L?FFNJPb@iABGBADADBDHBJ?@?F_B`EELAJAL@L?B@DFHFBDFBHFLDHDHBL@LAPA|@CZAXIhAGrACXCNMPOa@U_@}@aBS_@Wc@y@gAw@eAw@aAsAiBaAwAS[AC_@o@e@q@IMMg@Mm@Gi@G}@EkB^MXSNSLUV}@DKn@qCPq@Tm@n@eBX}@\yALu@JiAF]VeBFm@Do@@e@?s@A[C]AKMaAIw@?OAMAa@Aq@Am@EYKc@Sq@M[GOUo@K_@C_@?g@Fi@Ns@Ls@NG`@Wb@c@fCyCb@g@jAoA|BcCNMxAwAh@m@V[T_@d@iAVk@d@aBT}@\{A^uA|@uC\cAPo@H[F_@BSN@L@J?HADCDGb@i@FGFI@EFIHQJYDQBUFq@@M@M@MBc@H@F?B?@?L@N?VAJAJARCLEPERGDCHCJGLININKFEFGFELO@A^]^]b@c@z@{@`AcAZYb@e@NO|A_BFE@AdAgAr@s@r@u@JEHEn@Al@@hBALAN?F?FBLL@DNPDFNRRRV\VZI`@ADCJAFOp@i@zBWjAOnAO`AYhAMb@a@|AMx@@j@NrAPdAHl@@BJn@VtB@D@FH`AHlA?J@j@@x@AbAIdAIz@Kn@]~AUx@Kb@Ij@IAMBmBjBUTEBCD]\w@bAGLGLwAhCy@jAILg@p@mAdBKN[`@MVi@z@e@`Ag@jA]j@Yn@]n@k@x@[^a@h@g@f@UR??TSf@g@V|@`@vAVz@Tz@Tr@Td@PVRRRLXLXBX?f@Od@M^MTKr@Sb@Q^M^Mf@Oh@OnA_@VIVGpBm@|Ac@OxAAJEf@g@jCKf@OfAiAzHGn@Ml@a@tB[~Aq@~Cq@zBCFSn@Uj@]~@Ul@Ob@i@lAk@vAg@hAKR[v@c@pAGReAvCg@zAg@|AMZM\]v@q@fBGL_@`As@fBs@hBwBvE}BrGW~@q@`Ce@rBW|@Qh@Wb@[^q@h@eBzA_AbAc@h@cAlBCHsAeC]u@k@qAQ]qAoCIQ{@eBQi@GUkCgKyAsFIc@Ec@Ee@CcAGmFAiAAUC{AEeFE{C?I?{A?sBL?ZXXB@?[C[YM??iB?u@?e@CoACq@Ee@HLd@p@^n@@BRZ`AvArAhBv@`Av@dAx@fAVb@R^Vg@Dw@?s@?GFWFMPi@HQBQ?KESAG?E?KF]DYNa@`@eAKQGO?G?Md@sA
WF2 0GU,30,564,Silkwood Farm → Total Fitness → DVSA Wakefield Test Center → Shell Select → Silkwood Farm,3,4103,632,10min,katfIj_mHQ`A][WSMn@oB_BlA_GXq@J[HWn@z@zB`CLJD@D?LEDAJEF?B?HF@BDHDN@RAPEPGLIDK@OFEHEJ{AbHKd@SdAI`@Gd@Kx@CXKfAA`@?LBNBP??FTBBLDH@F@D?NIDEHILOLUFIPa@Pg@DMDMFWPo@@KNq@ViAD]DIDIHIAOAECC_@Y_Aw@~ApABB@D@NCNGNABEHGLWhAOp@AJQn@GVELELQf@Q`@GHMTMNIHEDOHEBEFEDIPANENGHWFECIIEMCOAQBQDOBCJ[BMBMBM@a@JgABYJy@Fe@Ha@ReAJe@zAcH@K?G?EAa@CQEUAMEIKU{BaCo@{@IVKZYp@mA~FnB~AUfAABC@C@MD@^?D?BGTDO@E?C?EA_@LEBABA@CTgAoB_BlA_GXq@J[HWn@z@zB`CLJD@D?LEDAJEF?B?HF@BDHDN@RAPEPGLIDK@OFEHEJ{AbHKd@SdAI`@Gd@Kx@CXKfAA`@?LBNBP??FTBBDJBN?PANEN?\?B?HBRH\DLFNVf@HN^j@VPLDD@B?B?NEzCuHPg@Rc@JS`@w@@[Ea@BS@CHU@C??RATZb@iAD_@\_ABQA_@q@gAw@m@KEMGo@_@e@e@[_@SU_@m@KMEECAKCIDK@KEGIGMCQEUAMEIKU{BaCo@{@IVKZYp@mA~FnB~ALo@VR\ZPaA
WF2 0GU,30,565,Spot on Dog Grooming → Declans → Pinderfields Hospital PRU → St Annes → Spot on Dog Grooming,3,1707,312,5min,yywfIxehHy@m@k@_@]UUO_CeBqA_Ak@_@IIZyAGOIUHTFN[xAHHj@^pA~@l@b@pA`ATN\Tj@^|@n@`BpAZXj@z@Z_AXcAb@_BBILLl@j@??m@k@MMCHc@~AYbA[~@t@jA\f@d@r@RZj@~@V`@NNPH\N|@`@FB|@`@MjANFOGLkA}@a@GC}@a@]OQIOOcAaBS[e@s@]g@u@kAk@{@[YaBqACA
WF2 0GU,30,566,Spring Mill Golf Course → JB's Cafe & Bistro → Ossett Flushdyke Junior and Infant School → Ramada → Spring Mill Golf Course,3,10482,1027,17min,ovsfIncpHi@}BEOGKIIKEIAIAIDIJiCbDg@t@SVo@j@gAlAi@x@_@p@]LyBeAJ_CJmF?i@AWAOKYUq@U_@TRz@XAf@EzA\EHLH?H{@FWJg@@qBEGa@D]?CbBAf@GDI?GAIGUq@U_@mAqAc@OQAQ?_@LURW\O\Mj@I|@Bx@Dd@X`@RLRAPGLQJUlA{DJa@p@sBt@aBzDkIFMP_@VaADg@?c@A]E[G]Ia@IOGYG]A[AW?W@wD@y@@[@YD]H[Rg@POPMLINEP@RBTLVXJXFVDVDX@\?ZAtDA|@AZA\ETW~@MZa@fAcAxBkAjCkDhHq@zAq@nBy@bDWvAAFW|AQ`BQjBGlAIdCEvCGnEQnLIdCSvC_@|De@vCg@tBs@dCqAvCwL`SwBhDmDxF{AhCiBbD{@lBoB`Fq@xBe@xBg@xCYpCKzAG`BChCD|BRlDXrCj@`Ev@bDr@tCLRLHP@HCVAJ@FBFFFJFVBLFf@@H?PAPEPELIHGDGBk@EEAGEGGEKEMCS?U?]UmAaAmDq@cDm@eE[sCSoDCu@AiA@kCDcBJ}AToCd@_Dh@qBp@cCvBuFx@kBbBkDrAgChHiL`H}KnCoErAyCr@uBj@wBf@uCd@uDRuCHoCNkLDwBFwFJ}BZcEP}Ah@_Dt@_DJa@p@sBt@aBzDkIFMP_@VaADg@?c@A]E[G]Ia@IOGYG]A[AW?W@wD@y@@[@YD]H[Rg@`@sAtA}DBW\aAFOBQ@O?G?MAECGmAeBKQQe@CIIUIa@EMCMECIIEMCOAQBQDOBCDEHEH?HDBDBBLDH@F@D?NIDEHIRbAb@eADCb@j@DHEL[bA??EBMSCCEEQWAKScAIHEDOHEBEFEDIPANEN?\?B?HBRH\DLFNVf@HN^j@VPLDD@B?B?NEzCuHRMVCXnAp@~BPl@DH\`ARh@j@|ArCnHJ\z@~CX`AjAfFBNz@pEbBjMZdCTxA[Ju@b@C@ELEDUV{@r@SLM@_@JODEBEB[VQZiAzBCFa@n@k@t@IJIDKPQ`@Yl@EFEFOFA?KCaA}AWg@GQGWWkA
WF2 0GU,30,567,St Annes → Pinderfields Hospital PRU → Wrenthorpe Methodist Church → The Well Church (Elim Pentecostal) → St Annes,3,1364,282,4min,qnwfIfshHk@_AS[e@s@]g@u@kAZ_AXcAb@_BBILLl@j@??m@k@MMCHc@~AYbA[~@t@jA\f@d@r@RZbA`BNNPH\N|@`@FBFYb@eATy@Ux@O\Sf@GX|@`@ZTXZFHf@TzB^MNWNINKZI\ITi@XMNEPG^EZOEQCG?USMOReADUj@cDGIY[[U}@a@GC}@a@]OQIOOWa@
WF2 0GU,30,568,St Michaels Church → R H Binks And Sons → The Dental Studio → Methodist Church → St Michaels Church,3,2357,336,5min,oz{fIfllHdBc@@H|@g@|@q@TWVUdA[x@CLiAFy@NaB`@mCv@qCDQTq@R_@f@dAWj@_AMw@pCa@lCWzCMhAEt@ARGdACn@Cp@Cz@Cv@AxA?TC`E?FCnD?FElBGjAEd@Q|@EH\jA]kADIP}@De@FkADuBBoD?GBaE?U@yABw@B{@Bq@Bo@FeA@SDu@LiAV{Cg@iDCQIs@AE]cCZNJ@ZDZ@L?n@Al@AUp@EPw@pCa@lCWzCMhAy@BeAZWTUV}@p@}@f@AIeBb@
WF2 0GU,30,569,Sun Bo → Blue Marlin Fisheries → Mill View Stores → Kylies Sandwich Bar & Custom Cakes → Sun Bo,3,1363,309,5min,_aufIjxiHd@v@FDGRKR[o@c@_AGReAvCg@zAGIWKVJFHJWZcAdAwCFSb@~@Zn@BHRb@HTNVLVLVTfAj@Sk@RESOs@MWMWOWIUSc@CI[o@c@_AGReAvCg@zAg@|AMZM\]v@q@fBGLZl@P[QZ[m@FMPg@^_A\w@L]L[f@}Af@{AdAwCFSb@~@Zn@JSFSGEe@w@
WF2 0GU,30,570,Sunnyhill Stores → Jerry Clay Academy → Hall Cliffe Primary School → Wrenthorpe Dental Care → Sunnyhill Stores,3,3489,507,8min,i{vfIlpjH??^QGmFAiAAUC{AEeFE{C?I?{A?sB?iB?u@?e@CoACq@Ee@Mg@g@f@GDSPEBYRGFGHMX[t@]v@aBnD_@x@KTQd@a@x@Sb@EJEJUj@a@`AkFtLyHfQdAnBl@hAFNDL@L?NCHGNQd@Pe@FOBI?OAMEMGOm@iAeAoBxHgQjFuL`@aAZw@DKRc@`@y@Pe@JU^y@`BoD\w@Zu@LYFIFGXSDCRQFEf@g@Lf@Dd@Bp@BnA?d@?t@?hBL?ZXXB@?[C[YM??iB?u@?e@CoACq@Ee@Mg@Mm@Gi@WDYFI@kARLA|@QHAXGVEFh@Ll@Lf@Dd@Bp@BnA?d@?t@?hB?rB?zA?HDzCDdFBzA@T@hAFlF_@P??
WF2 0GU,30,571,Tania's Barbershop → Methodist Church → BP Manor Service Station → St Michaels Church → Tania's Barbershop,3,1331,258,4min,cm{fIhalHJiAg@iDCQIs@AE]cCZNJ@ZDZ@L?n@Al@AR_@f@dAOZGN_AMw@pCa@lCWzCMhAy@BeAZWTUV}@p@}@f@AI{DbAGXNfANTHFFn@Go@IGOUOgAFYtA_@dBc@@H|@g@|@q@TWVUdA[x@CLiAJqA
WF2 0GU,30,572,Tardis → West Yorkshire Police Learning & Development Centre → Cardigan House → Carr Gate Garden Centre → Tardis,3,12473,823,13min,_vyfItzjH??BBJCJAFABG?IEmAh@OKgDAS?Q?Q?Q@QFaB?Q?MEWOIGCI?ODeCnDg@h@g@b@cAp@iB`ASJIDGHIHEHCHYlA?BCvA?P@P@RDRThAf@~Br@|CnB|INn@bApEj@fCR|@vAlGtAxDbCzFbCdFbAjBb@x@bAjBnCrD|CfEjDpDxFdFfMjJzBxA`CrAtBfAtDrBtG`Dn@R~FjBlGhAdE\xDDvEOnE[hOcClImApBYzRuF^OZSPMNQNUj@{ARg@POPMLINEP@RBTLVXJXFVDVDX@\?ZAtDA|@AZA\ETW~@MZk@Va@@OCWOMOMUIOi@w@a@So@E{Lh@qAFsFj@sInAeOdCoE`@cFJwDImE]eGaAaGiBs@W_HeDkDqBuBiAcCcB}B_BqFsDiF{DkFqEoD{DaDeE}BqDmAkBc@y@wAuCoEsJuBoF_AqCo@wA_AuCqA}DOc@}BiHwAmEQa@Uu@K]MYKWGMGKGIGIGGEEMIOKc@SEAc@e@OUGQEOEQAMAOAQ?S@O@O?GDQFWFWFOFMrAuBHKFGFGHGHGJCHAH?H?H@JDt@NZLPBLBR@NANCLEJGZSjAy@`A_A`AkAb@o@pB}CbCqDFM^_AVe@L_@FYDY@W@YAYMoAe@P[Hi@Tk@Vg@Re@RiAd@EBIDqBx@qAh@gCfA}@^kBn@e@Rq@l@Wz@a@dBZt@Vj@r@yA??s@xAWk@[u@`@eBV{@p@m@d@SjBo@|@_@fCgApAi@pBy@HEDChAe@d@Sf@Sj@Wh@UZId@QEo@?_@BYDc@FYJa@R_@PS^YjBcAj@YPIrBkAnB_APIJf@@L?LENc@n@W`@W`@SXo@jASZ}@dBgBjD{@xAw@~@}EnHOTa@n@J`@BNDV?L?PG`BAP?P?P?P@RJfDi@NDlA?HCFG@K@KBCC??
WF2 0GU,30,573,The Bay Horse → Main Street Fisheries → China And Thai Express → East Ardsley Express → The Bay Horse,3,1546,341,5min,qh{fInqkHPRMVS^Up@EPw@pCa@lCg@iDCQKy@]cCZNJ@Be@a@M??`@LCd@ZDZ@L?n@Al@AUp@EPw@pCa@lC[yBKo@CQKy@]cCg@a@[Yk@c@WOQK]O_@OoAm@UKqBe@@TJrAJpAKqAKsAAUfAVh@LTJnAl@^N\NPJVNj@b@ZXf@`@ZNJ@ZDZ@L?n@Al@AR_@LWQS
WF2 0GU,30,574,The Blue Light → The New Albion → Alverthorpe St Paul's CofE (VA) School → Al Fresco → The Blue Light,3,1686,375,6min,udufI~cjHIWHIt@sA|AmCRb@U`@CCAAGJ??FK@@BBTa@Sc@CI[o@c@_Ab@qAZw@MUKKQIQG[IQCSGMEQKY[g@g@SWy@oAGEKCQl@c@`AEd@Er@ETIVKXERGTEX@\Ap@AXGVILDZBV?R@RGd@A\CTCB??C?B?BCBU@]Fe@AS?SCWE[HMFW@Y@q@A]DYFUDSJYHWDUDs@De@b@aAPm@JBFDx@nARVf@f@XZPJLDRFPBZHPFPHJJLT[v@c@pAb@~@Zn@JSFSD_@Bm@@Q@QBk@?Q@UBy@Cx@ATC|@APAPCl@E^GRKRBH}AlCu@rAIHHV
WF2 0GU,30,575,The Dental Studio → St Michaels Church → R H Binks And Sons → Methodist Church → The Dental Studio,3,1823,298,4min,go{fI|`mH?GBoD?GBaE?U@yABw@B{@Bq@Bo@FeA@SDu@y@BeAZWTUV}@p@}@f@AI{DbAGXNfANTHFFn@Go@IGOUOgAFYtA_@dBc@@H|@g@|@q@TWVUdA[x@CLiAFy@NaBg@iDCQIs@AE]cCZNJ@ZDZ@L?n@Al@AUp@EPw@pCa@lCWzCMhAEt@ARGdACn@Cp@Cz@Cv@AxA?TC`E?FCnD?F
WF2 0GU,30,576,The Eagle → Flanshaw Lodge → Alverthorpe Working Mens Club → GJH Commercial Vehicle Services Ltd → The Eagle,3,2913,472,7min,u`tfIfsjH@ARQDC??`@YRQXSPWZi@HOLW^u@FNHRDPDVUJmAhADd@Lb@?AMa@Ee@lAiATKEWEQISGO_@t@MVIN[h@QVYRSPa@X??EBSP[RKHQJYJC?SBY?OAQCYMi@Y_@MkB]s@Oc@Kc@MGAu@YQMKKn@{DD^i@fDPLt@XF@b@Lb@J~Cl@AfD?nCAr@?lAA|C?V?XErK?H?hA?|@AjAB`AFr@BRcAb@KBSDYBYBWAeACo@A?{A?M@uBm@?M?EBCH?d@BHDDZ?[?EECI?e@BIDCL?V?T?AtB?L?zAn@@dABV@XCXCREJCbAc@CSGs@CaA@kA?}@?iA?IDsK?Y?W@}C?mA@s@?oC@gD^Lh@XXLPBN@X?RCB?XKPKJIXQ
WF2 0GU,30,577,The Glynn Living → Royal Spice → The Wren Cafe → Wrenthorpe Park & Alverthorpe Meadows → The Glynn Living,3,7382,898,14min,}nvfInzfHuA`Bc@b@a@VOFMr@GZGVGh@?f@B^J^Tn@FNLZRp@Jb@DX@l@@p@@`@@L?NHv@L`A@JB\@Z?r@Ad@En@Gl@WdBG\KhAMt@QUu@w@WQEr@Qb@Wp@ELQb@Sj@f@l@g@m@Rk@Vq@Vq@Pc@Ds@VPt@v@PTLu@JiAF]VeBFm@Do@@e@?s@A[C]AKMaAIw@?OAMAa@Aq@Am@EYKc@Sq@M[GOUo@K_@C_@?g@Fi@Ns@Ls@NG`@Wb@c@fCyCb@g@jAoA|BcCNMxAwAh@m@V[T_@d@iAVk@d@aBT}@\{A^uA|@uC\cAPo@H[F_@BSN@L@J?HADCDGb@i@FGFI@EFIHQJYDQBUFq@@M@M@MBc@H@F?B?@?L@N?VAJAJARCLEPERGDCHCJGLININKFEFGFELO@A^]^]b@c@z@{@`AcAZYb@e@NO|A_BFE@AdAgAr@s@r@u@JEHEn@Al@@hBALAN?F?FBLL@DNPDFNRRRV\VZI`@ADCJAFOp@i@zBWjAOnAO`AYhAMb@a@|AMx@@j@NrAPdAHl@@BJn@VtB@D@FH`AHlA?J@j@@x@AbAIdAIz@Kn@]~AUx@Kb@Ij@IAMBmBjBUTEBCD]\w@bAGLGLwAhCy@jAILg@p@mAdBKN[`@MVi@z@e@`Ag@jA]j@Yn@]n@k@x@[^a@h@g@f@UR??TSf@g@`@i@Z_@j@y@\o@Xo@\k@f@kAd@aAh@{@LWZa@JOlAeBf@q@HMx@kAvAiCFMFMv@cA\]BEDCTUlBkBLCH@Hk@Jc@Ty@\_BJo@H{@HeA@cAAy@Ak@?KImAIaAAGAEWuBKo@ACIm@QeAOsAAk@Ly@`@}ALc@XiANaANoAVkAh@{BNq@@GBK@EHa@W[W]SSOSEGOQAEMMGCG?O?M@iB@m@Ao@@IDKDs@t@s@r@eAfAA@GD}A~AONc@d@[XaAbA{@z@c@b@_@\_@\A@MNGDGFGDOJOHMHKFIBEBSFQDMDSBK@K@W@O?MAA?C?G?IAQ@G?GAKCMCICGCGE_@AE?C?E@A?C@??C@ABC@A@ADABCJ?FAFCp@@h@@`@?d@?RAP?RALCNEPCRG^IZQn@]bA}@tC_@tA]zAU|@e@`BWj@e@hAU^WZi@l@yAvAOL}BbCkAnAc@f@q@v@
WF2 0GU,30,578,The Lawrence → tillybods → Wrenthorpe Club → Vic's Cafe → The Lawrence,3,5824,476,7min,wjxfIfhhHVl@JQlAuBtA_CV_@BCT[HM~BdBTN\Tj@^G^I@??WQODLu@]UUO_CeB_@h@CBW^uA~BmAtBKPq@hAGHq@jAaAdBSb@oBxD_AhBcA|AKLCDu@~@}@|@a@XCB_@RQHoB~@sBjAQHk@XkBbA_@XQRS^K`@GXEb@CX?^Dn@Lj@HPFJHFJDJ?JAJEJKv@}AvByFf@cC\cCLoATeCd@{Ht@wLDyANoDD{@EGEIAIAIAM?MBODKBIDEJELaALy@Bq@B]l@mEHOHMRByAdK?\?`@DLBL?N?LCLCHGLIFO~@MdDG|As@tLg@`IUfCYbCYhBa@rBe@jBk@hBcA`CqAfC}EnHOTa@n@a@h@eCnDg@h@g@b@cAp@iB`ASJIDGHIHEHCHYlA?BOt@ETELEHGJcBvBGHIHIDIBIBI@K?OAEAc@e@OUGQEOEQAMAOAQ?S@O@O?GDQFWFWFOFMrAuBHKFGFGHGHGJCHAH?H?H@JDt@NZLPBLBR@NANCLEJGZSjAy@`A_A`AkAb@o@pB}CbCqDFM^_AVe@L_@FYDY@W@YAYMoAEo@?_@BYDc@FYJa@R_@PS^YjBcAj@YPIrBkAnB_API^SBC`@Y|@}@t@_ABEJMbA}A~@iBnByDRc@`AeBp@kAFIp@iAWm@
WF2 0GU,30,579,The Malt Shovel → Carr Gate WMC → Gardener's Retreat Restaurant → Tardis → The Malt Shovel,3,4455,551,9min,ysyfIvxiHb@Qj@WCoBGmAq@LJr@Ks@p@M@PDz@BnBk@Vg@Re@RiAd@EBIDqBx@qAh@gCfA}@^_Bh@KDe@Rq@l@Wz@a@dBIf@Hg@`@eBV{@p@m@d@SjBo@|@_@fCgApAi@pBy@HEDChAe@d@Sf@Sj@Wh@UZId@QEo@?_@BYDc@FYJa@R_@PS^YjBcAj@YPIrBkAnB_APIJf@@L?LENc@n@W`@W`@SXo@jASZ}@dBgBjD{@xAw@~@}EnHOTa@n@J`@BNDV?L?PG`BAP?P?P?P@RJfDi@NG_BIgCAYAOEECAEHIJKNCD@^FxBDrB@f@DRDF??BBJCJAFABG?IEmAh@OKgDAS?Q?Q?Q@QFaB?Q?MEWOIGCI?ODeCnDg@h@g@b@cAp@iB`ASJIDGHIHEHCHYlA?BOt@ETELEHGJcBvBGHIHIDIBIBI@K?OAEAc@e@OUGQEOEQAMAOAQ?S@O@O?GDQFWFWFOFMrAuBHKFGFGHGHGJCHAH?H?H@JDt@NZLPBLBR@NANCLEJGZSjAy@`A_A`AkAb@o@pB}CbCqDFM^_AVe@L_@FYDY@W@YAYMoAe@P[Hi@Tk@Vc@P
WF2 0GU,30,580,The Mens Room → St Michaels Church → R H Binks And Sons → Methodist Church → The Mens Room,3,1847,301,5min,io{fIbbmH@m@BoD?GBaE?U@yABw@B{@Bq@Bo@FeA@SDu@y@BeAZWTUV}@p@}@f@AI{DbAGXNfANTHFFn@Go@IGOUOgAFYtA_@dBc@@H|@g@|@q@TWVUdA[x@CLiAFy@NaBg@iDCQIs@AE]cCZNJ@ZDZ@L?n@Al@AUp@EPw@pCa@lCWzCMhAEt@ARGdACn@Cp@Cz@Cv@AxA?TC`E?FCnDAl@
WF2 0GU,30,581,The New Albion → The Blue Light → Al Fresco → Alverthorpe St Paul's CofE (VA) School → The New Albion,3,1751,390,6min,q`ufIf~iHFK@@BBTa@Sc@}AlCu@rAIHHVN`@ADCDSRRSBE@EYy@HIt@sA|AmCCIJSFSD_@Bm@@Q@QBk@?Q@UBy@Cx@ATC|@APAPCl@E^GRKR[o@c@_Ab@qAZw@MUKKQIQG[IQCSGMEQKY[g@g@SWy@oAGEKCQl@c@`AEd@Er@ETIVKXERGTEX@\Ap@AXGVILDZBV?R@RGd@A\CTCB??C?B?BCBU@]Fe@AS?SCWE[HMFW@Y@q@A]DYFUDSJYHWDUDs@De@b@aAPm@JBFDx@nARVf@f@XZPJLDRFPBZHPFPHJJLT[v@c@pAb@~@Zn@BHRb@U`@CCAAGJ
WF2 0GU,30,582,The New Pot Oil → The Well Church (Elim Pentecostal) → Wrenthorpe Post Office → Wrenthorpe Methodist Church → The New Pot Oil,3,1681,275,4min,_~vfIf{hHODI@UBc@EMNWNINKZI\ITi@XMNEPG^EZOEQCG?USMOReADUj@cDGIn@}DL{@@AH_@Po@Je@Jo@Fa@D[@IDUFg@BSBMD[F]BUFc@@EJg@BIPRNFTJNFTFN?F@xCBX@VPt@v@PT]xAY|@o@dBUl@Qp@o@pCEJW|@MTORYR_@LODYHI@UBc@E{B_@g@UGIY[[U}@a@FYb@eATy@Ux@O\Sf@GX|@`@ZTXZFHf@TzB^b@DTCHANE
WF2 0GU,30,583,The New Wheel → The Well Church (Elim Pentecostal) → Wrenthorpe Methodist Church → Wrenthorpe Post Office → The New Wheel,3,1418,263,4min,mawfIf{hHXDMNWNINKZI\ITi@XMNEPG^EZOEQCG?USMOReADUj@cDGIY[[U}@a@FYb@eATy@Ux@O\Sf@GX|@`@ZTXZn@}DL{@@AH_@Po@Je@Jo@Fa@D[@IDUFg@BSBMD[F]BUFc@@EJg@BIPRNFTJNFTFN?F@xCBX@VPt@v@PT]xAY|@o@dBUl@Qp@o@pCEJW|@MTORYR_@LODYHI@UBc@EYE
WF2 0GU,30,584,The Quad → Vic's Cafe → The Wheel → The Lawrence → The Quad,3,9502,657,10min,gtxfIbufHFYfBcGzAgE|A_Ex@iBt@yAfBcDf@u@v@gAr@}@|@gA|@w@lB{AnBkAfBw@jBk@dBY|AQT?N@RDRFNFL@JAJCLULKPEPFNLFNDRBX?ZETGTMPSHSCMGKQEOCIIQMOOOUIQESEWA_BPaB^iBh@gBr@kBlAmBvA{@z@{@|@w@`Aq@dAi@v@gB`Ds@vAu@bBaB|DqAzDiBhG}BzIUvAaA|GyAdK?\?`@DLBL?N?LCLCHGLIFG@G?GCECEGEIAIAIAM?MBODKBIDEJELaALy@Bq@B]l@mEHOHMBQ~@sGVoAtBcJfBcGzAgE|A_Ex@iBt@yAfBcDf@u@v@gAr@}@|@gA|@w@lB{AnBkAfBw@jBk@dBY|AQT?N@RDRFNFL@JAJCLULKPEPFNLXAPERKXI`BKD?\CPANA~@Gb@?R@TDP@H?LCNQBGDIHGFEH?H@B@HAFAHCLEJCJCHCNCZG`@IXEHCDALETKFAl@W??LE@ALEHCJAHAJAJ?L@J@@?NB@?LDJBNFPFFH@BDDLNNLNNPNPNJFHDHDRJTJl@X^Rf@VPHFDHDDDDBJHRNJHFFNJNLb@XHBBBLFJDNHd@NBBBBDDHHCb@ALALALGp@CTEPKXIPGHADGHGFc@h@EFEBCBGFC?E@QBO?G^IZQn@]bA}@tC_@tA]zAU|@e@`BWj@e@hAU^WZi@l@yAvAOL}BbCkAnAc@f@gCxCc@b@a@VOF[Na@D]?a@?q@@UB[Ds@\]X{@|@WXSPUNeBh@i@T_@PKHuBlAsBbA{@b@q@^c@Xu@f@E@eBbAo@`@m@d@s@v@s@~@o@~@gAzA_@h@CBW^uA~BmAtBKPe@iAIUEO?O@OBSZm@DED@HNIOEAED[l@CRAN?NDNHTLZVl@q@hAGHq@jAaAdBSb@oBxD_AhBcA|AKLCDu@~@}@|@a@XCB_@RQHoB~@sBjAQHk@XkBbA_@XQRS^K`@GXEb@CX?^Dn@Lj@HPFJHFJDJ?JAJEJKv@}AvByFf@cC\cCLoATeCd@{Ht@wLDyANoDD{@EGEIAIAIAM?MBODKBIDEJELaALy@|@kGJo@BQ~@sGVoAlBiI
WF2 0GU,30,585,The Star Inn → Lindale Methodist Church → Outwood Primary Academy Kirkhamgate → Shawfold Cars → The Star Inn,3,1568,260,4min,}wwfIfknHr@`ANSh@m@xA{AMc@Om@MiAOsAE]Kq@SyACK?AOkA_@qCcAf@[yAJIKHZxAbAg@^pCNlABJRxAJp@D\\|CNl@Lb@v@w@TSd@c@pBeANGHEb@UPI\U^Wp@k@JVDVDf@@FCz@Jj@DXEYKk@B{@Go@EWKWq@j@_@V]TQHc@TIDOFqBdAe@b@URw@v@yAzAi@l@ORs@aA
WF2 0GU,30,586,The Well Church (Elim Pentecostal) → Wrenthorpe Dental Care → Wrenthorpe Methodist Church → St Annes → The Well Church (Elim Pentecostal),3,1389,312,5min,cgwfIz~hHj@cDf@TzB^b@DTCHAXINEDjBF|@WDYFI@kARLA|@QHAXGVEG}@EkBODYHI@UBc@E{B_@g@UGIY[[U}@a@FYb@eATy@Ux@O\Sf@GXGC}@a@]OQIOOWa@k@_AS[e@s@Rg@@CTk@Uj@ABSf@d@r@RZbA`BNNPH\N|@`@FB|@`@ZTXZFHk@bD
WF2 0GU,30,587,The Wheel → Wrenthorpe Club → The Lawrence → Wrenthorpe Academy → The Wheel,3,1732,292,4min,k`xfIb|gHgAzA~BdBTN\Tj@^G^I@??WQODLu@]UUO_CeB_@h@CBW^uA~BmAtBKPe@iAIUEO?O@OBSZm@DED@HNIOEAED[l@CRAN?NDNHTLZVl@JQlAuBtA_CV_@BC^i@~BdBTN\Tj@^|@n@`BpAZXj@z@Z_AXcAb@_BBIHS??IRCHc@~AYbA[~@k@{@[YaBqA}@o@k@_@]UUO_CeBfA{A
WF2 0GU,30,588,The Wren Cafe → Conroyds Fish and Chips → The New Pot Oil → Wrenthorpe Methodist Church → The Wren Cafe,3,1229,222,3min,exvfInhhHDMVq@Pc@Ds@VPt@v@PT]xAY|@o@dBUl@GRy@nDEJW|@MTORYR_@LODIBODI@UBc@E{B_@g@UGIY[[U}@a@FYb@eATy@Ux@O\Sf@GX|@`@ZTXZn@}DL{@@AH_@Po@PJXLn@VJLf@v@T\JHDBH?FADIHSpAeFJ_@Rk@Pc@
WF2 0GU,30,589,tillybods → Wrenthorpe Club → The Lawrence → Wrenthorpe Academy → tillybods,3,1647,274,4min,}bxfIl_hHHM~BdBTN\Tj@^G^I@??WQODLu@]UUO_CeB_@h@CBW^uA~BmAtBKPe@iAIUEO?O@OBSZm@DED@HNIOEAED[l@CRAN?NDNHTLZVl@JQlAuBtA_CV_@BC^i@~BdBTN\Tj@^|@n@`BpAZXj@z@Z_AXcAb@_BBIHS??IRCHc@~AYbA[~@k@{@[YaBqA}@o@k@_@]UUO_CeBIL
WF2 0GU,30,590,Total Fitness → Silkwood Farm → Shell Select → DVSA Wakefield Test Center → Total Fitness,3,4023,613,10min,o{sfIpemH^XBB@D@NCNGNABEHGLWhAOp@AJQn@GVELELQf@Q`@GHMTMNIHEDOHEBEFEDIPANENGHWFECIIEMCOAQBQDOBCJ[BMBMBM@a@JgABYJy@Fe@Ha@ReAJe@zAcH@K?G?EAa@CQEUAMEIKU{BaCo@{@IVKZYp@mA~FnB~ALo@VR\ZPaA??Q`A][WSMn@oB_BlA_GXq@J[HWn@z@zB`CLJD@D?LEDAJEF?B?HF@BDHDN@RAPEPGLIDK@OFEHEJ{AbHKd@SdAI`@Gd@Kx@CXKfAA`@?LBNBP??FTBBDJBN?PANEN?\?B?HBRH\DLFNVf@HN^j@VPLDD@B?B?NEzCuHPg@Rc@JS`@w@@[Ea@BS@CHU@C??RATZb@iAD_@\_ABQA_@q@gAw@m@KEMGo@_@e@e@[_@SU_@m@KMEECAKCIDK@KEGIGMCQEUAMEIKU{BaCo@{@IVKZYp@mA~FnB~AUfAABC@C@MD@^?D?BGTDO@E?C?EA_@LEBABA@CTgAoB_BlA_GXq@J[HWn@z@zB`CLJD@D?LEDAJEF?B?HF@BDHDN@RAPEPGLIDK@OFEHEJ{AbHKd@SdAI`@Gd@Kx@CXKfAA`@?LBNBP??FTBBLDH@F@D?NIDEHILOLUFIPa@Pg@DMDMFWPo@@KNq@ViAD]DIDIHIAOAECC_@Y
WF2 0GU,30,591,Toyota Vantage → Shell Select → Total Fitness → Silkwood Farm → Toyota Vantage,3,3300,574,9min,grsfIz|lHTeAAECCC?ELUlACDOl@IX]JILQdALFJDv@l@TJb@Fn@OSz@Qb@[z@[x@c@hAIPWj@Kb@q@xBG[?K@QJS`@w@@[Ea@BS@CHU@C??RATZb@iAD_@\_ABQA_@q@gAw@m@KEMGo@_@e@e@[_@SU_@m@KMEECAKCIDK@OFEHEJ{AbHKd@SdAI`@Gd@Kx@CXKfAA`@?LBNBP??FTBBLDH@F@D?NIDEHILOLUFIPa@Pg@DMDMFWPo@@KNq@ViAD]DIDIHIAOAECC_@Y_Aw@~ApABB@D@NCNGNABEHGLWhAOp@AJQn@GVELELQf@Q`@GHMTMNIHEDOHEBEFEDIPANENGHWFECIIEMCOAQBQDOBCJ[BMBMBM@a@JgABYJy@Fe@Ha@ReAJe@zAcH@K?G?EAa@CQEUAMEIKU{BaCo@{@IVKZYp@mA~FnB~ALo@VR\ZPaA??Q`A][WSMn@oB_BlA_GXq@J[HWn@z@zB`CLJD@D?LEDAJEF?B?HF@BDHDN@RBX@LBJFV^l@RTZ^d@d@n@^PeAHM\KHYNm@BETmADMB?BB@DUdA
WF2 0GU,30,592,Valley Cresent Day Centre → Conroyds Fish and Chips → The New Pot Oil → Wrenthorpe Methodist Church → Valley Cresent Day Centre,3,1229,222,3min,gxvfInhhHFMVq@Pc@Ds@VPt@v@PT]xAY|@o@dBUl@GRy@nDEJW|@MTORYR_@LODIBODI@UBc@E{B_@g@UGIY[[U}@a@FYb@eATy@Ux@O\Sf@GX|@`@ZTXZn@}DL{@@AH_@Po@PJXLn@VJLf@v@T\JHDBH?FADIHSpAeFJ_@Rk@Nc@
WF2 0GU,30,593,Vic's Cafe → The Quad → The Lawrence → tillybods → Vic's Cafe,3,6930,599,9min,{zxfIpkgHHMBQ~@sGVoAlBiIFYfBcGzAgE|A_Ex@iBt@yAfBcDf@u@v@gAr@}@|@gA|@w@lB{AnBkAfBw@jBk@dBY|AQT?N@RDRFNFL@JAJCLULKPEPFNLXAPERKXI`BKD?\CPANA~@Gb@?R@TDP@H?LCNQBGDIHGFEH?H@B@HAFAHCLEJCJCHCNCZG`@IXEHCDALETKFAl@W??LE@ALEHCJAHAJAJ?L@J@@?NB@?LDJBNFPFFH@BDDLNNLNNPNPNJFHDHDRJTJl@X^Rf@VPHFDHDDDDBJHRNJHFFNJNLb@XHBBBLFJDNHd@NBBBBDDHHCb@ALALALGp@CTEPKXIPGHADGHGFc@h@EFEBCBGFC?E@QBO?G^IZQn@]bA}@tC_@tA]zAU|@e@`BWj@e@hAU^WZi@l@yAvAOL}BbCkAnAc@f@gCxCc@b@a@VOF[Na@D]?a@?q@@UB[Ds@\]X{@|@WXSPUNeBh@i@T_@PKHuBlAsBbA{@b@q@^c@Xu@f@E@eBbAo@`@m@d@s@v@s@~@wBzC_@h@CBW^uA~BmAtBKPe@iAIUEO?O@OBSZm@DED@HNIOEAED[l@CRAN?NDNHTLZVl@JQlAuBtA_CV_@BC^i@~BdBTN\Tj@^G^I@WQODLu@]UUO_CeBILUZCBW^uA~BmAtBKPq@hAGHq@jAaAdBSb@oBxD_AhBcA|AKLCDu@~@}@|@a@XCB_@RQHoB~@sBjAQHk@XkBbA_@XQRS^K`@GXEb@CX?^Dn@Lj@HPFJHFJDJ?JAJEJKv@}AvByFf@cC\cCLoATeCd@{Ht@wLDyANoDD{@EGEIAIAIAM?MBODKBIDEJELaALy@|@kGJo@IL
WF2 0GU,30,594,"Village Hall, Kirkhamgate → The Star Inn → Outwood Primary Academy Kirkhamgate → Shawfold Cars → Village Hall, Kirkhamgate",3,1824,320,5min,gswfInbnHRhBNl@Lb@yAzAi@l@ORs@aAKMAu@F]?IOs@Nr@?HG\@t@~@nANSh@m@xA{AMc@Om@]}CE]Kq@SyACK?AOkA_@qCcAf@[yAJIKHZxAbAg@^pCNlABJRxAJp@D\\|CNl@Lb@v@w@TSd@c@pBeANGHEb@UPI\U^Wp@k@JVDVDf@@FCz@Jj@DXEYKk@B{@Go@EWKWq@j@_@V]TQHc@TIDOFqBdAe@b@URw@v@Mc@Om@SiB
WF2 0GU,30,595,Village Stores → Outwood Primary Academy Kirkhamgate → The Star Inn → Shawfold Cars → Village Stores,3,1827,328,5min,opwfI`bnHl@]^vBe@b@URw@v@Mc@Om@]}CE]Kq@SyACK?AOkA_@qCcAf@[yAJIKHZxAbAg@^pCNlABJRxAJp@D\\|CNl@Lb@yAzAi@l@ORs@aAKMAu@F]?IOs@Nr@?HG\@t@~@nANSh@m@xA{Av@w@TSd@c@pBeANGHEb@UPI\U^Wp@k@JVDVDf@@FCz@Jj@DXEYKk@B{@Go@EWKWq@j@_@V]TQHc@TIDOFqBdA_@wBm@\
WF2 0GU,30,596,Wakefield Flanshaw Junior and Infant School → West Villa → NAV Mini Market → Phoenix Young People's Centre → Wakefield Flanshaw Junior and Infant School,3,1529,218,3min,oqtfI~lhHa@lCGn@Ml@a@tB[~AMn@c@nBq@zBCFSn@Uj@]~@Ul@Ob@c@k@[g@Wc@OQKKc@YWzAU~AQlAEl@C\A^ZHPFPH??JJLT[v@c@pAGReAvCg@zAGIWKVJFHf@{An@eBTq@FSb@qAZw@JSf@iAj@wAh@mANc@Tm@\_ATk@Ro@BGp@{Bp@_DZ_B`@uBLm@Fo@`@mC
WF2 0GU,30,597,War Memorial → The Star Inn → Outwood Primary Academy Kirkhamgate → Shawfold Cars → War Memorial,3,1714,311,5min,crwfIfgnHLb@yAzAi@l@ORs@aAKMAu@F]?IOs@Nr@?HG\@t@~@nANSh@m@xA{AMc@Om@]}CE]Kq@SyACK?AOkA_@qCcAf@[yAJIKHZxAbAg@^pCNlABJRxAJp@D\\|CNl@Lb@v@w@TSd@c@pBeANGHEb@UPI\U^Wp@k@JVDVDf@@FCz@Jj@DXEYKk@B{@Go@EWKWq@j@_@V]TQHc@TIDOFqBdAe@b@URw@v@Mc@
WF2 0GU,30,598,War memorial in Kirkhamgate. → The Star Inn → Outwood Primary Academy Kirkhamgate → Shawfold Cars → War memorial in Kirkhamgate.,3,1698,309,5min,{qwfIzgnHDNyAzAi@l@ORs@aAKMAu@F]?IOs@Nr@?HG\@t@~@nANSh@m@xA{AMc@Om@]}CE]Kq@SyACK?AOkA_@qCcAf@[yAJIKHZxAbAg@^pCNlABJRxAJp@D\\|CNl@Lb@v@w@TSd@c@pBeANGHEb@UPI\U^Wp@k@JVDVDf@@FCz@Jj@DXEYKk@B{@Go@EWKWq@j@_@V]TQHc@TIDOFqBdAe@b@URw@v@EO
WF2 0GU,30,599,"War Memorial, Kirkhamgate → The Star Inn → Outwood Primary Academy Kirkhamgate → Shawfold Cars → War Memorial, Kirkhamgate",3,1686,304,5min,gqwfI|gnHMLyAzAi@l@ORs@aAKMAu@F]?IOs@Nr@?HG\@t@~@nANSh@m@xA{AMc@Om@]}CE]Kq@SyACK?AOkA_@qCcAf@[yAJIKHZxAbAg@^pCNlABJRxAJp@D\\|CNl@Lb@v@w@TSd@c@pBeANGHEb@UPI\U^Wp@k@JVDVDf@@FCz@Jj@DXEYKk@B{@Go@EWKWq@j@_@V]TQHc@TIDOFqBdAe@b@URi@h@
WF2 0GU,30,600,"War Memorial on Batley Road, Kirkhamgate → The Star Inn → Outwood Primary Academy Kirkhamgate → Shawfold Cars → War Memorial on Batley Road, Kirkhamgate",3,1686,304,5min,gqwfI|gnHMLyAzAi@l@ORs@aAKMAu@F]?IOs@Nr@?HG\@t@~@nANSh@m@xA{AMc@Om@]}CE]Kq@SyACK?AOkA_@qCcAf@[yAJIKHZxAbAg@^pCNlABJRxAJp@D\\|CNl@Lb@v@w@TSd@c@pBeANGHEb@UPI\U^Wp@k@JVDVDf@@FCz@Jj@DXEYKk@B{@Go@EWKWq@j@_@V]TQHc@TIDOFqBdAe@b@URi@h@
WF2 0GU,30,601,West Ardsley Book Exchange → Hill Top Primary Academy → West Ardsley Methodist Church → The Mens Room → West Ardsley Book Exchange,3,7477,837,13min,qszfIvyqHTHj@RlEhBPFzAp@pBx@pBv@fAd@n@^d@b@eFbNGNm@dBo@|Ay@|BSh@S[EAIAKAGIo@cAOU??NTn@bAFHJ@H@D@RZRi@x@}Bn@}Al@eBFOdFcNe@c@o@_@gAe@NaB|@h@PBJMKLA?OC}@i@O`BqBw@qBy@{Aq@QGmEiBk@Sk@S{Ai@{@Wo@Uu@e@e@[CC]YuAoAkAaAs@i@gAaAGE[Wk@a@cDgCu@g@SGQEc@IKAeBS_@Go@OsB]SEQA?m@AaAA]E{@IaAKiBQ_CE}@AQAQIsAIqAAWMoBGaAIaAUeBYwB]oCe@uBi@mCMs@Gk@u@oH]mDOuAY{BIk@CSIs@OuA_AmHKcAKu@Ic@Rg@P]V_@V_@NMVU~@i@\Qn@UVIj@MZGn@StAq@fBy@\Q`@Sp@]z@g@vBoAh@a@XYP_@DIP}@De@FkABgA@m@zAHHAFEDGDMBSBaClALFDFHBJ@H?FALEJEDIDoA^CRELEFGDI@{AIEtBGjAEd@Q|@EHQ^YXi@`@wBnA{@f@q@\a@R]PgBx@uAp@o@R[Fk@LWHo@T]P_Ah@WTOLW^W^Q\Sf@Hb@Jt@JbA~@lHNtAHr@BRHj@XzBNtA\lDt@nHFj@Lr@h@lCd@tB\nCXvBTdBH`AF`ALnB@VHpAHrA@P@PD|@P~BJhBH`ADz@@\@`A?l@P@RDrB\n@N^FdBRJ@b@HPDRFt@f@bDfCj@`@ZVFDfA`Ar@h@jA`AtAnA\XBBd@Zt@d@n@Tz@VzAh@TH
WF2 0GU,30,602,West Ardsley Community Centre → West Ardsley Methodist Church → West Ardsley Book Exchange → Highfield School → West Ardsley Community Centre,3,12804,1453,24min,qizfIb_sHFMV^S`@D@RZRi@x@}Bn@}Al@eBFOdFcNe@c@o@_@gAe@NaB|@h@PBJMKLA?OC}@i@O`BqBw@qBy@{Aq@QGmEiBk@Sk@SBWDS@S?Q?S@OLaBM`BAN?R?PARERCVTHTHj@RlEhBPFzAp@pBx@pBv@fAd@n@^d@b@eFbNGNm@dBo@|Ay@|BSh@KXKXO^Wt@_@`Aa@pAGV?FCTGxDA|@?JMdHAb@At@At@C~@MfJ?PA`@@p@J`A`@vBBb@LjGj@|Fp@jHJ|C?~BO`CYzCtDvBpJtFLF`J|EhHdEPHnBnAhE|B\RZRXLrAv@bAh@JDr@h@~AjA|@`Az@|AJN^n@r@zAlAnDHTHVpAlDp@`BHFHFD@F?N?^WPMp@UBAZKh@CHDTJZTTZb@ZH?HFb@i@tD{ITc@^q@bAqB\cAF_ACEAO?I?EBMDKFEBADAD@VIPAnBw@LMr@cAXa@JOX]h@aAlCmD~CsEbCmDdB_C`ByBT[x@gAGWOm@?a@Fs@\cA\i@zBmCTYR_@Jk@Bc@Ac@Ga@Oo@Yw@Og@IWUs@I[Oa@GUIUGU{@sCGSa@_AQWq@q@MKIIi@]QMQSGMUe@Sg@Ss@K]Mq@YgBKq@c@yBu@}BKWC[?w@@eA?kB?]Aa@?WCQAQAKCEIWMa@Qo@Qq@Mw@Kg@QoB]oDKoAQgBQyAO?eEhDdEiDN?PxAPfBJnA\nDJjADb@Jf@Lv@Pp@Pn@L`@HVBD@J@PBP?V@`@?\?jBAdA?v@BZJVt@|Bb@xBJp@XfBLp@J\Rr@Rf@Td@FLPRPLh@\HHLJp@p@PV`@~@FRz@rCFTHTFTN`@HZTr@HVNf@Xv@Nn@F`@@b@Cb@Kj@S^UX{BlC]h@]bAGr@?`@Nl@FVy@fAUZaBxBeB~BcClD_DrEmClDi@`AY\KNY`@s@bAMLoBv@GRMP?D@NALCJ?@GHGDS`@OH]bAcApB_@p@Ub@uDzIWfA?NCNELKJI?IEGICKAQ@SMy@U[[UUKIEi@B[JC@q@TQL_@V]VSi@q@aBqAmDIWIUmAcCk@iAa@{@qBwCk@m@wAiA_Am@q@e@yCaBeBaA_CmAmAw@a@S}DuBqC{AyImFeP}I@g@X{CNaC?_CK}Cq@kHk@}FMkGCc@a@wBKaAAq@@a@?QLgJB_A@u@@u@@c@LeH?K@}@FyDBU?GFW`@qA^aAVu@N_@JYJYS[EAIAKAGIPe@
WF2 0GU,30,603,West Ardsley Methodist Church → West Ardsley Community Centre → West Ardsley Book Exchange → The Star Inn → West Ardsley Methodist Church,3,6229,593,9min,q}yfIvarHOC}@i@O`BfAd@n@^d@b@eFbNGNm@dBo@|Ay@|BSh@S[EAIAKAGIPe@FMV^S`@D@RZRi@x@}Bn@}Al@eBFOdFcNe@c@o@_@gAe@qBw@qBy@{Aq@QGmEiBk@Sk@SBWDS@S?Q?S@OLaBM`BAN?R?PARERCVTHTHj@RlEhBPFzAp@pBx@pBv@fAd@n@^d@b@FOZ{@HYViA^iBXgARm@R]^a@JInBeBr@w@j@}@Xq@ZcA\gBTmATcAb@cB|@yCBGt@}BtA_E~@wDXsBn@cFRmARw@Vq@b@o@r@q@xA_Ad@YRSJ]Jm@h@wELw@Pu@Ne@Tg@`@m@\YPM\I\GXAB?d@HZDR?NAlAQjAODAXOXWXg@Rk@Ru@t@aDNg@Vo@\s@zBgDRY^g@s@aAKMAu@F]?IOs@Nr@?HG\@t@~@nA_@f@SX{BfD]r@Wn@Of@u@`DSt@Sj@Yf@YVYNE@kANmAPO@S?[Ee@IC?Y@]F]HQL]Xa@l@Uf@Od@Qt@Mv@i@vEKl@K\SRe@XyA~@s@p@c@n@Wp@Sv@SlAo@bFYrB_AvDuA~Du@|BCF}@xCc@bBUbAUlA]fB[bAYp@k@|@s@v@oBdBKH_@`@S\Sl@YfA_@hBWhAIX[z@GNe@c@o@_@gAe@NaB|@h@NB
WF2 0GU,30,604,West Villa → Wakefield Flanshaw Junior and Infant School → NAV Mini Market → Phoenix Young People's Centre → West Villa,3,1690,274,4min,sutfIp|hHLo@Z_B`@uBLm@Fo@`@mCf@mD\T]UiAzHGn@Ml@a@tB[~Aq@~Cq@zBCFSn@Uj@]~@Ul@Ob@c@k@[g@Wc@OQKKc@YWzAU~AQlAEl@C\A^ZHPFPH??JJLT[v@c@pAGReAvCg@zAGIWKVJFHf@{An@eBTq@FSb@qAZw@JSf@iAj@wAh@mANc@Tm@\_ATk@Ro@BGp@{Bb@oB
WF2 0GU,30,605,West Yorkshire Police Bishopgarth House → West Yorkshire Police Learning & Development Centre → Cardigan House → Driver Training Area → West Yorkshire Police Bishopgarth House,3,9946,536,8min,{uyfIxzjH??JCJAFABG?IEmAh@OKgDAS?Q?Q?Q@QFaB?Q?MEWOIGCI?ODeCnDg@h@g@b@cAp@iB`ASJIDGHIHEHCHYlA?BCvA?P@P@RDRThAf@~Br@|CnB|INn@bApEj@fCR|@x@nD\|AtAxDbCzFbCdFbAjBb@x@bAjBnCrD|CfEjDpDxFdFfMjJzBxA`CrAtBfAtDrBtG`Dn@R~FjBlGhAdE\xDDvEOnE[hOcClImApBYzRuF^OZSPMNQNUj@{ARg@POPMLINEP@RBTLVXJXFVDVDX@\?ZAtDA|@AZA\ETW~@MZk@Va@@OCWOMOMUIOi@w@a@So@E{Lh@qAFsFj@sInAeOdCoE`@cFJwDImE]eGaAaGiBs@W_HeDkDqBuBiAcCcB}B_BqFsDiF{DkFqEoD{DaDeE}BqDmAkBc@y@wAuCoEsJuBoF_AqCo@wA_AuCqA}DOc@}BiHwAmEQa@Uu@K]MYKWGMGKGIGIGGEEMIOKc@SEAc@e@OUGQEOEQAMAOAQ?S@O@O?GDQFWFWFOFMrAuBHKFGFGHGHGJCHAH?H?H@JDt@NZLPBLBR@NANCLEJGZSjAy@`A_A`AkAb@o@\Ut@gALKJ?FJJ`@BNDV?L?PG`BAP?P?P?P@RJfDi@NDlA?HCFG@K@KB??
WF2 0GU,30,606,West Yorkshire Police Learning & Development Centre → Cardigan House → West Yorkshire Police Bishopgarth House → Driver Training Area → West Yorkshire Police Learning & Development Centre,3,19016,974,16min,o|yfIrvkHbApEj@fCR|@vAlGtAxDbCzFbCdFbAjBb@x@bAjBnCrD|CfEjDpDxFdFfMjJzBxA`CrAtBfAtDrBtG`Dn@R~FjBlGhAdE\xDDvEOnE[hOcClImApBYzRuF^OZSPMNQNUj@{ARg@POPMLINEP@RBTLVXJXFVDVDX@\?ZAtDA|@AZA\ETW~@MZk@Va@@OCWOMOMUIOi@w@a@So@E{Lh@qAFsFj@sInAeOdCoE`@cFJwDImE]eGaAaGiBs@W_HeDkDqBuBiAcCcB}B_BqFsDiF{DkFqEoD{DaDeE}BqDmAkBc@y@wAuCoEsJuBoF_AqCo@wA_AuCqA}DOc@}BiHwAmEQa@Uu@K]MYKWGMGKGIGIGGEEMIOKc@SEAc@e@OUGQEOEQAMAOAQ?S@O@O?GDQFWFWFOFMrAuBHKFGFGHGHGJCHAH?H?H@JDt@NZLPBLBR@NANCLEJGZSjAy@`A_A`AkAb@o@\Ut@gALKJ?FJJ`@BNDV?L?PG`BAP?P?P?P@RJfDi@NG_BIgCAYAOEECAEHIJKNCD@^FxBDrB@f@DRDFBB??JCJAFABG?IEmAh@OKgDAS?Q?Q?Q@QFaB?Q?MEWOIGCI?ODeCnDg@h@g@b@cAp@iB`ASJIDGHIHEHCHYlA?BCvA?P@P@RDRThAf@~Br@|CnB|I~BhKR|@x@nD\|AtAxDbCzFbCdFbAjBb@x@bAjBnCrD|CfEjDpDxFdFfMjJzBxA`CrAtBfAtDrBtG`Dn@R~FjBlGhAdE\xDDvEOnE[hOcClImApBYzRuF^OZSPMNQNUj@{ARg@POPMLINEP@RBTLVXJXFVDVDX@\?ZAtDA|@AZA\ETW~@MZk@Va@@OCWOMOMUIOi@w@a@So@E{Lh@qAFsFj@sInAeOdCoE`@cFJwDImE]eGaAaGiBs@W_HeDkDqBuBiAcCcB}B_BqFsDiF{DkFqEoD{DaDeE}BqDmAkBc@y@wAuCoEsJuBoF_AqCo@wA_AuCqA}DOc@}BiHwAmEQa@Uu@K]MYKWGMGKGIGIGGEEMIOKc@SEAc@e@OUGQEOEQAMAOAQ?S@O@O?GDQFWFWFOFMrAuBHKFGFGHGHGJCHAH?H?H@JD^\JNFJDLDLBPBN@N@P?P?P?P?BCvA?P@P@RDRThAf@~Br@|CnB|INn@
WF2 0GU,30,607,White Rose Sandwich Co. → BP Manor Service Station → Main Street Fisheries → St Michaels Church → White Rose Sandwich Co.,3,1778,384,6min,yl{fIr~kHe@}CCQKy@]cCZNJ@ZDZ@L?n@Al@AR_@f@dAOZGN_AMw@pCa@lCg@iDCQKy@]cCZNJ@Be@a@M??`@LCd@ZDZ@L?n@Al@AUp@EPw@pCa@lCWzCMhAy@BeAZWTUV}@p@}@f@AI{DbAGXNfANTHFFn@Go@IGOUOgAFYtA_@dBc@@H|@g@|@q@TWVUdA[x@CLiAV{CAK
WF2 0GU,30,608,Wrenthorpe Academy → Hong Kong Vegan → St Annes → Spot on Dog Grooming → Wrenthorpe Academy,3,2963,321,5min,cqwfI`chHIRCHc@~AYbA[~@k@{@[YaBqA}@o@k@_@]UUO_CeBvB{Cr@_Ar@w@l@e@n@a@dBcADAt@g@b@Yp@_@d@UTMrBcAtBmAJI^Qh@UdBi@TORQVYz@}@\Yr@]ZETCp@A`@?\?`@EZOMr@Or@Gh@?f@B^J^Tn@FNLZRp@Jb@DX@l@@p@@`@@L?NHv@L`A@JB\@Z?r@Ad@En@Gl@WdBG\KhAMt@]xAY|@o@dBUl@aAbEEJW|@MTORYR_@LODYHI@UBc@E{B_@g@UGIY[[U}@a@GC}@a@]OQIOOWa@k@_AS[e@s@]g@u@kAk@{@[YaBqACAy@m@G^I@WQODLu@j@^|@n@`BpAZXj@z@Z_AXcAb@_BBIHS
WF2 0GU,30,609,Wrenthorpe Club → Declans → Pinderfields Hospital PRU → The Lawrence → Wrenthorpe Club,3,1957,349,5min,e|wfIlehHHAF_@k@_@]UUO_CeBqA_Ak@_@IIZyAGOIUHTFN[xAHHj@^pA~@l@b@pA`ATN\Tj@^|@n@`BpAZXj@z@Z_AXcAb@_BBILLl@j@??m@k@MMCHc@~AYbA[~@k@{@[YaBqA}@o@k@_@]UUO_CeB_@h@CBW^uA~BmAtBKPe@iAIUEO?O@OBSZm@DED@HNIOEAED[l@CRAN?NDNHTLZVl@JQlAuBtA_CV_@BC^i@~BdBTN\Tj@^G^I@
WF2 0GU,30,610,Wrenthorpe Dental Care → The Well Church (Elim Pentecostal) → Wrenthorpe Methodist Church → Wrenthorpe Post Office → Wrenthorpe Dental Care,3,1637,314,5min,q`wfIhaiH|@QHAXGVEG}@EkBODYHI@UBc@EMNWNINKZI\ITi@XMNEPG^EZOEQCG?USMOReADUj@cDGIY[[U}@a@FYb@eATy@Ux@O\Sf@GX|@`@ZTXZn@}DL{@@AH_@Po@Je@Jo@Fa@D[@IDUFg@BSBMD[F]BUFc@@EJg@BIPRNFTJNFTFN?F@xCBX@VPt@v@PT]xAY|@o@dBUl@Qp@o@pCEJW|@MTORYR_@LDjBF|@WDYFI@}@P
WF2 0GU,30,611,Wrenthorpe Methodist Church → The Well Church (Elim Pentecostal) → St Annes → The New Wheel → Wrenthorpe Methodist Church,3,1494,258,4min,whwfIvthHSf@GX|@`@ZTXZFHf@TzB^MNWNINKZI\ITi@XMNEPG^EZOEQCG?USMOReADUj@cDGIY[[U}@a@GC}@a@]OQIOOWa@k@_AS[e@s@Rg@@CTk@Uj@ABSf@d@r@RZbA`BNNPH\N|@`@FB|@`@ZTXZFHf@T`BXXDMNWNINKZI\ITi@XMNEPG^EZOEQCG?USMOReAp@yDGIY[[U}@a@FYRg@
WF2 0GU,30,612,Wrenthorpe Park & Alverthorpe Meadows → Alverthorpe & Wrenthorpe Meadows LNR → Silcoates School → Conroyds Fish and Chips → Wrenthorpe Park & Alverthorpe Meadows,3,8644,1098,18min,cnufIlxgHTSf@g@V|@`@vAVz@Tz@Tr@Td@PVRRRLXLXBX?f@OFbAV|DJpAo@QmCe@KE??JDlCd@n@P~@V`Cj@\cABEJ[Ha@Ho@Dg@@k@?q@QqCIaAh@OnA_@VIVGpBm@|Ac@OxAAJEf@g@jCKf@OfAiAzHGn@Ml@a@tB[~Aq@~Cq@zBCFSn@Uj@]~@Ul@Ob@i@lAk@vAg@hAKR[v@c@pAGReAvCg@zAg@|AMZM\]v@q@fBGL_@`As@fBs@hBwBvE}BrGW~@q@`Ce@rBW|@Qh@Wb@[^q@h@eBzA_AbAc@h@cAlBCHsAeC]u@k@qAQ]qAoCIQFSn@_GTaCN{Cd@cR@MJkARuA@UFa@Dk@D]BS@U?[C[GSOa@U_@}@aBVg@Dw@?s@?GFWFMPi@HQBQ?KESAG?E?KF]DYNa@`@eAKQGO?G?Md@sA??e@rA?L?FFNJPb@iABGBADADBDHBJ?@?F_B`EELAJAL@L?B@DFHFBDFBHFLDHDHBL@LAPA|@CZAXIhAGrACXCNMPOa@U_@}@aBS_@Wc@y@gAw@eAw@aAsAiBaAwAS[AC_@o@e@q@IMMg@Mm@Gi@G}@EkB^MXSNSLUV}@DKx@oDFSTm@n@eBX}@\yALu@JiAF]VeBFm@Do@@e@?s@A[C]AKMaAIw@?OAMAa@Aq@Am@EYKc@Sq@M[GOUo@K_@C_@?g@Fi@Ns@Ls@NG`@Wb@c@fCyCb@g@jAoA|BcCNMxAwAh@m@V[T_@d@iAVk@d@aBT}@\{A^uA|@uC\cAPo@H[F_@BSN@L@J?HADCDGb@i@FGFI@EFIHQJYDQBUFq@@M@M@MBc@H@F?B?@?L@N?VAJAJARCLEPERGDCHCJGLININKFEFGFELO@A^]^]b@c@z@{@`AcAZYb@e@NO|A_BFE@AdAgAr@s@r@u@JEHEn@Al@@hBALAN?F?FBLL@DNPDFNRRRV\VZI`@ADCJAFOp@i@zBWjAOnAO`AYhAMb@a@|AMx@@j@NrAPdAHl@@BJn@VtB@D@FH`AHlA?J@j@@x@AbAIdAIz@Kn@]~AUx@Kb@Ij@IAMBmBjBUTEBCD]\w@bAGLGLwAhCy@jAILg@p@mAdBKN[`@MVi@z@e@`Ag@jA]j@Yn@]n@k@x@[^a@h@g@f@UR
WF2 0GU,30,613,Wrenthorpe Post Office → The Wren Cafe → The New Pot Oil → Wrenthorpe Methodist Church → Wrenthorpe Post Office,3,1833,271,4min,_xvfItqhHo@pCEJW|@MTORYR_@LODYHI@UBc@E{B_@g@UGIn@}DL{@@AH_@Po@PJXLn@VJLf@v@T\JHDBH?FADIHSpAeFJ_@Rk@Pc@DMVq@Pc@Ds@VPt@v@PT]xAY|@o@dBUl@aAbEEJW|@MTORYR_@LODIBODI@UBc@E{B_@g@UGIY[[U}@a@FYb@eATy@Ux@O\Sf@GX|@`@ZTXZFHf@TzB^b@DTCHAXINE^MXSNSLUV}@DKn@qC
WF2 0GU,30,614,Wrenthorpe Potovens → The Well Church (Elim Pentecostal) → Wrenthorpe Post Office → Hall Cliffe Primary School → Wrenthorpe Potovens,3,1655,257,4min,{|vfI|~hHCSEkBODYHI@UBc@EMNWNINKZI\ITi@XMNEPG^EZOEQCG?USMOReADUj@cDGIn@}DL{@@AH_@Po@Je@Jo@Fa@D[@IDUFg@BSBMD[F]BUFc@@EJg@BIPRNFTJNFTFN?F@xCBX@VPt@v@PT]xAY|@o@dBUl@Qp@o@pCEJW|@MTORYR_@LDjBF|@Fh@Ll@Lf@Dd@Bp@BnA?d@?t@?hBL?ZXXB@?[C[YM??iB?u@?e@CoACq@Ee@Mg@Mm@Gi@Ci@
WF2 0GU,30,615,Wrenthorpe Village Hall → The Well Church (Elim Pentecostal) → Wrenthorpe Post Office → Wrenthorpe Methodist Church → Wrenthorpe Village Hall,3,1880,317,5min,k~vfIt`iH@?XGVEG}@EkBODYHI@UBc@EMNWNINKZI\ITi@XMNEPG^EZOEQCG?USMOReADUj@cDGIn@}DL{@@AH_@Po@Je@Jo@Fa@D[@IDUFg@BSBMD[F]BUFc@@EJg@BIPRNFTJNFTFN?F@xCBX@VPt@v@PT]xAY|@o@dBUl@Qp@o@pCEJW|@MTORYR_@LODYHI@UBc@E{B_@g@UGIY[[U}@a@FYb@eATy@Ux@O\Sf@GX|@`@ZTXZFHf@TzB^b@DTCHAXINEDjBF|@WDYFA?
WF2 0GU,35,616,Al Fresco → The New Albion → The Blue Light → West Villa → Al Fresco,3,1538,301,5min,__ufIjuiHCj@APAPCl@E^GRKRBHRb@U`@CCAAGJ??FK@@BBTa@Sc@}AlCu@rAIHHVN`@ADCDSRRSBE@EYy@HIt@sA|AmCCI[o@c@_Ab@qAZw@JSf@iAj@wAh@mANc@Tm@\_ATk@Ro@BGp@{BwA_Bx@qCnApAMn@c@nBq@zBCFSn@Uj@]~@Ul@Ob@i@lAk@vAg@hAKR[v@c@pAb@~@Zn@JSFSD_@Bm@@Q@QBk@
WF2 0GU,35,617,Alverthorpe Conservative Club → Pizza Ferrara → Al Fresco → Alverthorpe St Paul's CofE (VA) School → Alverthorpe Conservative Club,3,1975,404,6min,cbufI`_jH`AeBCI[o@c@_AGReAvCg@zAg@|AMZM\Nl@Rz@S{@Om@L]L[FS^iAf@{AdAwCFSb@~@Zn@JSFSD_@Bm@@Q@QBk@?Q@UBy@Cx@ATC|@APAPCl@E^GRKR[o@c@_Ab@qAZw@MUKKQIQG[IQCSGMEQKY[g@g@SWy@oAGEKCQl@c@`AEd@Er@ETIVKXERGTEX@\Ap@AXGVILDZBV?R@RGd@A\CTCB??C?B?BCBU@]Fe@AS?SCWE[HMFW@Y@q@A]DYFUDSJYHWDUDs@De@b@aAPm@JBFDx@nARVf@f@XZPJLDRFPBZHPFPHJJLT[v@c@pAb@~@Zn@BHaAdB
WF2 0GU,35,618,Alverthorpe Garage → Sun Bo → Kylies Sandwich Bar & Custom Cakes → Mill View Stores → Alverthorpe Garage,3,1204,286,4min,cdufI`bjHb@w@|AmCCIJSFSGEi@}@BDd@v@FDGRKR[o@c@_AGReAvCg@zAg@|AMZM\]v@q@fBGLZl@P[QZ[m@FMPg@^_A\w@L]L[f@}Af@{AdAwCFSb@~@Zn@BHRb@HTNVLVLVTfAj@Sk@RESOs@MWMWOWIUSc@}AlCc@v@
WF2 0GU,35,619,Alverthorpe St Paul's CofE (VA) School → Pizza Ferrara → Alverthorpe Conservative Club → NAV Mini Market → Alverthorpe St Paul's CofE (VA) School,3,1723,329,5min,unufId`jHBCBU@]Fe@AS?SCWE[HMFW@Y@q@A]DYFUDSJYHWDUDs@De@b@aAPm@JBFDx@nARVf@f@XZPJLDRFPBZHPFPHJJLT[v@c@pAGReAvCg@zAg@|AMZM\Nl@Rz@S{@Om@L]L[FS^iAf@{AdAwCFSb@~@Zn@BH}AlCOSNRZg@`AeBCI[o@c@_Ab@qAZw@MUKK??QIQG[IQCSGMEQKY[g@g@SWy@oAGEKCQl@c@`AEd@Er@ETIVKXERGTEX@\Ap@AXGVILDZBV?R@RGd@A\CTCB
WF2 0GU,35,620,Alverthorpe Working Mens Club → The Eagle → Flanshaw Lodge → Mill View Stores → Alverthorpe Working Mens Club,3,1897,288,4min,kltfIdrjHjB\^Lh@XXLPBN@X?RCB?XKPKJIXQ@ARQDC??`@YRQXSPWZi@HOLW^u@FNHRDPDVUJmAhADd@Lb@?AMa@Ee@lAiATKEWEQISGO_@t@MVIN[h@QVYRSPa@X??EBSP[RKHQJYJC?SBY?OAQCYMi@Y_@M_Dm@c@Kc@MGAu@YQMKKi@g@QOUMMIUMOK_@YYa@Wg@[w@CIWe@CIKSGUQk@CIESOs@MW|@aBH[CUMSLRBTIZ}@`BLVTfABHPj@FTJRBHVd@BHZv@Vf@X`@^XNJTLLHTLPNh@f@JJPLt@XF@b@Lb@Jr@N
WF2 0GU,35,621,Alverthorpe & Wrenthorpe Meadows LNR → Wrenthorpe Park & Alverthorpe Meadows → Silcoates School → NAV Mini Market → Alverthorpe & Wrenthorpe Meadows LNR,3,7707,1059,17min,_gufIjlhHJDlCd@n@PKqAW}DGcAg@NY?YCYMSMSSQWUe@Us@U{@W{@a@wAW}@g@f@UR??TSf@g@V|@`@vAVz@Tz@Tr@Td@PVRRRLXLXBX?f@Od@M^MTKr@Sb@Q^M^Mf@Oh@OnA_@VIVGpBm@|Ac@OxAAJEf@g@jCKf@OfAiAzHGn@Ml@a@tB[~Aq@~Cq@zBCFSn@Uj@]~@Ul@Ob@i@lAk@vAg@hAKR[v@c@pAGReAvCg@zAg@|AMZM\]v@q@fBGL_@`As@fBs@hBwBvE}BrGW~@q@`Ce@rBW|@Qh@Wb@[^q@h@eBzA_AbAc@h@cAlBCHsAeC]u@k@qAQ]qAoCIQFSn@_GTaCN{Cd@cR@MJkARuA@UFa@Dk@D]BS@U?[C[GSOa@U_@}@aBVg@Dw@?s@?GFWFMPi@HQBQ?KESAG?E?KF]DYNa@`@eAKQGO?G?Md@sA??e@rA?L?FFNJPb@iABGBADADBDHBJ?@?F_B`EELAJAL@L?B@DFHFBDFBHFLDHDHBL@LAPA|@CZAXIhAGrACXCNMPFRBZ?ZATCRE\Ej@G`@ATStAKjAALe@bROzCU`Co@~FGRHPpAnCP\j@pA\t@rAdCBIbAmBb@i@~@cAdB{Ap@i@Z_@Vc@Pi@V}@d@sBp@aCV_A|BsGvBwEr@iBr@gB^aAFMp@gB\w@L]L[f@}Af@{AdAwCFSb@qAZw@MUKK??QIQG[I@_@B]Dm@PmAT_BV{Ab@XJJNPVb@Zf@b@j@Nc@Tm@\_ATk@Ro@BGp@{Bp@_DZ_B`@uBLm@Fo@hA{HNgAJg@f@kCDg@@KNyA}Ab@qBl@WFWHoA^i@NH`APpC?p@Aj@Ef@In@I`@KZCD]bAaCk@_AWo@QmCe@KE
WF2 0GU,35,622,Amazon DLS4 → Ossett Fire Station → Silkwood Farm → Total Fitness → Amazon DLS4,3,2488,467,7min,wktfIphmH^gBJHNJReAFUPJ@@@?@??CH_@??I^?BA?A?AAQKR_A@GVmAnB~ALo@VR\ZPaA??Q`A][WSMn@oB_BlA_GXq@J[HWn@z@zB`CLJD@D?LEDAJEF?B?HF@BDHDN@RAPEPGLIDK@OFEHEJ{AbHKd@SdAI`@Gd@Kx@CXKfAA`@?LBNBP??FTBBLDH@F@D?NIDEHILOLUFIPa@Pg@DMDMFWPo@@KNq@ViAD]DIDIHIAOAECC_@Y_Aw@~ApABB@D@NCNGNABEHGLWhAOp@AJQn@GVELELQf@Q`@GHMTMNIHEDOHEBEFEDIPANENGHWFECIIEMCOAQBQDOBCJ[BMBMBM@a@JgABYJy@Fe@Ha@ReAJe@zAcH@K?G?EAa@CQEUAMEIKU{BaCo@{@IVKZYp@mA~FWlAAFS~@GTSdAOKKI_@fB
WF2 0GU,35,623,Ardsley House → BP Manor Service Station → Restyle Fitness → China And Thai Express → Ardsley House,3,1540,271,4min,mxzfIrfkHC@kAZcA\kB|@WPo@d@m@b@]\[`@a@j@_@l@MVf@dAOZGN_AMw@pCa@lCg@iDCQKy@]cCZNJ@Be@EA[K`@LCd@ZDZ@L?n@Al@AUp@EPw@pCa@lC[yBKo@CQKy@]cCZNJ@ZDZ@L?n@Al@AR_@LW^m@`@k@Za@\]l@c@n@e@VQjB}@bA]jA[BA
WF2 0GU,35,624,Blue Marlin Fisheries → Sun Bo → Kylies Sandwich Bar & Custom Cakes → Mill View Stores → Blue Marlin Fisheries,3,1309,294,4min,oeufIp_jHZcAdAwCFSb@~@Zn@JSFSGEi@}@BDd@v@FDGRKR[o@c@_AGReAvCg@zAg@|AMZM\]v@q@fBGLZl@P[QZ[m@FMPg@^_A\w@L]L[f@}Af@{AdAwCFSb@~@Zn@BHRb@HTNVLVLVTfAj@Sk@RESOs@MWMWOWIUSc@CI[o@c@_AGReAvC[bA
WF2 0GU,35,625,BP Manor Service Station → Methodist Church → Tania's Barbershop → Ardsley House → BP Manor Service Station,3,2011,254,4min,ug{fI|ukHGN_AMw@pCa@lCg@iDCQIs@AE]cCg@a@[Yk@c@WOQK]O_@Oc@pDEb@A`@Ab@?\B\FjADv@Hx@Fr@Jp@Nj@Nf@R\XZXH\FdA[x@CLiAJqAJiA`@mCv@qCDQTq@R_@LW^m@`@k@Za@\]l@c@n@e@VQjB}@bA]jA[d@Od@UZSh@e@Ta@`AaAH^YTQNSNa@Li@d@[Re@Ta@LC@kAZcA\kB|@WPo@d@m@b@]\[`@a@j@_@l@MVf@dAOZ
WF2 0GU,35,626,Cardigan House → West Yorkshire Police Learning & Development Centre → Driver Training Area → West Yorkshire Police Bishopgarth House → Cardigan House,3,19015,974,16min,kzyfId}kHj@fCR|@vAlGtAxDbCzFbCdFbAjBb@x@bAjBnCrD|CfEjDpDxFdFfMjJzBxA`CrAtBfAtDrBtG`Dn@R~FjBlGhAdE\xDDvEOnE[hOcClImApBYzRuF^OZSPMNQNUj@{ARg@POPMLINEP@RBTLVXJXFVDVDX@\?ZAtDA|@AZA\ETW~@MZk@Va@@OCWOMOMUIOi@w@a@So@E{Lh@qAFsFj@sInAeOdCoE`@cFJwDImE]eGaAaGiBs@W_HeDkDqBuBiAcCcB}B_BqFsDiF{DkFqEoD{DaDeE}BqDmAkBc@y@wAuCoEsJuBoF_AqCo@wA_AuCqA}DOc@}BiHwAmEQa@Uu@K]MYKWGMGKGIGIGGEEMIOKc@SEAc@e@OUGQEOEQAMAOAQ?S@O@O?GDQFWFWFOFMrAuBHKFGFGHGHGJCHAH?H?H@JD^\JNFJDLDLBPBN@N@P?P?P?P?BCvA?P@P@RDRThAf@~Br@|CnB|INn@nBxIR|@x@nD\|AtAxDbCzFbCdFbAjBb@x@bAjBnCrD|CfEjDpDxFdFfMjJzBxA`CrAtBfAtDrBtG`Dn@R~FjBlGhAdE\xDDvEOnE[hOcClImApBYzRuF^OZSPMNQNUj@{ARg@POPMLINEP@RBTLVXJXFVDVDX@\?ZAtDA|@AZA\ETW~@MZk@Va@@OCWOMOMUIOi@w@a@So@E{Lh@qAFsFj@sInAeOdCoE`@cFJwDImE]eGaAaGiBs@W_HeDkDqBuBiAcCcB}B_BqFsDiF{DkFqEoD{DaDeE}BqDmAkBc@y@wAuCoEsJuBoF_AqCo@wA_AuCqA}DOc@}BiHwAmEQa@Uu@K]MYKWGMGKGIGIGGEEMIOKc@SEAc@e@OUGQEOEQAMAOAQ?S@O@O?GDQFWFWFOFMrAuBHKFGFGHGHGJCHAH?H?H@JDt@NZLPBLBR@NANCLEJGZSjAy@`A_A`AkAb@o@\Ut@gALKJ?FJJ`@BNDV?L?PG`BAP?P?P?P@RJfDi@NG_BIgCAYAOEECAEHIJKNCD@^FxBDrB@f@DRDFBB??JCJAFABG?IEmAh@OKgDAS?Q?Q?Q@QFaB?Q?MEWOIGCI?ODeCnDg@h@g@b@cAp@iB`ASJIDGHIHEHCHYlA?BCvA?P@P@RDRThAf@~Br@|CnB|IrA`G
WF2 0GU,35,627,Carr Gate Garden Centre → Tardis → The Malt Shovel → Ardsley House → Carr Gate Garden Centre,3,8524,879,14min,}hzfIdjjHs@xAWk@[u@`@eBV{@p@m@d@SjBo@|@_@fCgApAi@pBy@HEDChAe@d@Sf@Sj@Wh@UZId@QEo@?_@BYDc@FYJa@R_@PS^YjBcAj@YPIrBkAnB_APIJf@@L?LENc@n@W`@W`@SXo@jASZ}@dBgBjD{@xAw@~@}EnHOTa@n@J`@BNDV?L?PG`BAP?P?P?P@RJfDi@NG_BIgCAYAOEECAEHIJKNCD@^FxBDrB@f@DRDF??BBJCJAFABG?IEmAh@OKgDAS?Q?Q?Q@QFaB?Q?MEWOIGCI?ODeCnDg@h@g@b@cAp@iB`ASJIDGHIHEHCHYlA?BOt@ETELEHGJcBvBGHIHIDIBIBI@K?OAEAc@e@OUGQEOEQAMAOAQ?S@O@O?GDQFWFWFOFMrAuBHKFGFGHGHGJCHAH?H?H@JDt@NZLPBLBR@NANCLEJGZSjAy@`A_A`AkAb@o@pB}CbCqDFM^_AVe@L_@FYDY@W@YAYMoAe@P[Hi@Tk@Vg@Re@RiAd@EBIDqBx@qAh@FjAaC|@MaAfCgApAi@pBy@HEDChAe@d@SBAb@Qj@Wh@UZId@QEo@?_@BYDc@FYJa@R_@PS^YjBcAj@YPIrBkAnB_APIJf@@L?LENc@n@W`@W`@SXo@jASZ}@dBgBjD{@xAw@~@}EnHOTa@n@a@h@eCnDg@h@g@b@cAp@iB`ASJIDGHIHEHCHYlA?BOt@ETELEHGJcBvBGHIHIDIBIBI@K?OAEAk@Ka@OQEOAM@OBMDOFYTQNSNa@Li@d@[Re@Ta@LC@kAZcA\kB|@WPo@d@m@b@]\[`@a@j@_@l@MVS^Up@EP~@LVk@g@eALW^m@`@k@Za@\]l@c@n@e@VQjB}@bA]jA[d@Od@UZSh@e@Ta@`AaAf@a@V]JMDIDKDQDOF]?GDQFWFWFOFMrAuBHKFGFGHGHGJCHAH?H?H@JDt@NZLPBLBR@NANCLEJGZSjAy@`A_A`AkAb@o@pB}CbCqDFM^_AVe@L_@FYDY@W@YAYMoAe@P[Hi@Tk@Vg@Re@RiAd@EBIDqBx@qAh@gCfA}@^kBn@e@Rq@l@Wz@a@dBZt@Vj@r@yA
WF2 0GU,35,628,Carr Gate WMC → The Malt Shovel → Gardener's Retreat Restaurant → Tardis → Carr Gate WMC,3,4259,484,8min,sqyfI`riHDz@BnBk@Vc@PC@e@RiAd@EBIDqBx@qAh@gCfA}@^_Bh@KDe@Rq@l@Wz@a@dBIf@Hg@`@eBV{@p@m@d@SjBo@|@_@fCgApAi@pBy@HEDChAe@d@Sf@Sj@Wh@UZId@QEo@?_@BYDc@FYJa@R_@PS^YjBcAj@YPIrBkAnB_APIJf@@L?LENc@n@W`@W`@SXo@jASZ}@dBgBjD{@xAw@~@}EnHOTa@n@J`@BNDV?L?PG`BAP?P?P?P@RJfDi@NG_BIgCAYAOEECAEHIJKNCD@^FxBDrB@f@DRDF??BBJCJAFABG?IEmAh@OKgDAS?Q?Q?Q@QFaB?Q?MEWOIGCI?ODeCnDg@h@g@b@cAp@iB`ASJIDGHIHEHCHYlA?BOt@ETELEHGJcBvBGHIHIDIBIBI@K?OAEAc@e@OUGQEOEQAMAOAQ?S@O@O?GDQFWFWFOFMrAuBHKFGFGHGHGJCHAH?H?H@JDt@NZLPBLBR@NANCLEJGZSjAy@`A_A`AkAb@o@pB}CbCqDFM^_AVe@L_@FYDY@W@YAYMoAe@P[Hi@TCoBE{@
WF2 0GU,35,629,Chantry Vets → Sun Bo → Kylies Sandwich Bar & Custom Cakes → Mill View Stores → Chantry Vets,3,1337,313,5min,ofufIr}iHFGHILSFHRTdAwCFSb@~@Zn@JSFSGEi@}@BDd@v@FDGRKR[o@c@_AGReAvCg@zAg@|AMZM\]v@q@fBGLZl@P[QZ[m@FMPg@^_A\w@L]L[f@}Af@{AdAwCFSb@~@Zn@BHRb@HTNVLVLVTfAj@Sk@RESOs@MWMWOWIUSc@CI[o@c@_AGReAvCSUGIMRIHGF
WF2 0GU,35,630,China And Thai Express → BP Manor Service Station → Restyle Fitness → East Ardsley Express → China And Thai Express,3,1592,353,5min,sm{fId{kHKo@CQKy@]cCZNJ@ZDZ@L?n@Al@AR_@f@dAOZGN_AMw@pCa@lCg@iDCQKy@]cCZNJ@Be@EA[K`@LCd@KA[Og@a@[Yk@c@WOQK]O_@OoAm@UKqBe@@TJrAJpAKqAKsAAUfAVh@LTJnAl@^N\NPJVNj@b@ZXf@`@ZNJ@ZDZ@L?n@Al@AUp@EPw@pCa@lC[yB
WF2 0GU,35,631,Conroyds Fish and Chips → The Wren Cafe → The New Pot Oil → Wrenthorpe Methodist Church → Conroyds Fish and Chips,3,1856,273,4min,uwvfIvphHy@nDEJW|@MTORYR_@LODYHI@UBc@E{B_@g@UGIn@}DL{@@AH_@Po@PJXLn@VJLf@v@T\JHDBH?FADIHSpAeFJ_@Rk@Pc@DMVq@Pc@Ds@VPt@v@PT]xAY|@o@dBUl@aAbEEJW|@MTORYR_@LODIBODI@UBc@E{B_@g@UGIY[[U}@a@FYb@eATy@Ux@O\Sf@GX|@`@ZTXZFHf@TzB^b@DTCHAXINE^MXSNSLUV}@DKx@oD
WF2 0GU,35,632,Country Kitchen → Outwood Primary Academy Kirkhamgate → The Star Inn → Shawfold Cars → Country Kitchen,3,1686,298,4min,sowfIhfnHIHw@v@Mc@Om@]}CE]Kq@SyACK?AOkA_@qCcAf@[yAJIKHZxAbAg@^pCNlABJRxAJp@D\\|CNl@Lb@yAzAi@l@ORs@aAKMAu@F]?IOs@Nr@?HG\@t@~@nANSh@m@xA{Av@w@TSd@c@pBeANGHEb@UPI\U^Wp@k@JVDVDf@@FCz@Jj@DXEYKk@B{@Go@EWKWq@j@_@V]TQHc@TIDOFqBdAe@b@KH
WF2 0GU,35,633,Curry Pot → Blue Marlin Fisheries → Mill View Stores → Kylies Sandwich Bar & Custom Cakes → Curry Pot,3,1206,256,4min,kaufIfviHYx@GReAvCg@zAGIWKVJFHJWZcAdAwCFSb@~@Zn@BHRb@HTNVLVLVTfAj@Sk@RESOs@MWMWOWIUSc@CI[o@c@_AGReAvCg@zAg@|AMZM\]v@q@fBGLZl@P[QZ[m@FMPg@^_A\w@L]L[f@}Af@{AdAwCFSXy@
WF2 0GU,35,634,Cyrus Guys → St Michaels Church → R H Binks And Sons → Methodist Church → Cyrus Guys,3,1853,301,5min,io{fIjbmH@u@BoD?GBaE?U@yABw@B{@Bq@Bo@FeA@SDu@y@BeAZWTUV}@p@}@f@AI{DbAGXNfANTHFFn@Go@IGOUOgAFYtA_@dBc@@H|@g@|@q@TWVUdA[x@CLiAFy@NaBg@iDCQIs@AE]cCZNJ@ZDZ@L?n@Al@AUp@EPw@pCa@lCWzCMhAEt@ARGdACn@Cp@Cz@Cv@AxA?TC`E?FCnDAt@
WF2 0GU,35,635,Declans → Wrenthorpe Club → The Lawrence → Wrenthorpe Academy → Declans,3,1574,261,4min,eaxfIb`hHpA`ATN\Tj@^G^I@??WQODLu@]UUO_CeB_@h@CBW^uA~BmAtBKPe@iAIUEO?O@OBSZm@DED@HNIOEAED[l@CRAN?NDNHTLZVl@JQlAuBtA_CV_@BC^i@~BdBTN\Tj@^|@n@`BpAZXj@z@Z_AXcAb@_BBIHS??IRCHc@~AYbA[~@k@{@[YaBqA}@o@k@_@]UUOqAaA
WF2 0GU,35,636,Driver Training Area → Cardigan House → West Yorkshire Police Learning & Development Centre → West Yorkshire Police Bishopgarth House → Driver Training Area,3,27897,1369,22min,qvyfIzhlH\|AtAxDbCzFbCdFbAjBb@x@bAjBnCrD|CfEjDpDxFdFfMjJzBxA`CrAtBfAtDrBtG`Dn@R~FjBlGhAdE\xDDvEOnE[hOcClImApBYzRuF^OZSPMNQNUj@{ARg@POPMLINEP@RBTLVXJXFVDVDX@\?ZAtDA|@AZA\ETW~@MZk@Va@@OCWOMOMUIOi@w@a@So@E{Lh@qAFsFj@sInAeOdCoE`@cFJwDImE]eGaAaGiBs@W_HeDkDqBuBiAcCcB}B_BqFsDiF{DkFqEoD{DaDeE}BqDmAkBc@y@wAuCoEsJuBoF_AqCo@wA_AuCqA}DOc@}BiHwAmEQa@Uu@K]MYKWGMGKGIGIGGEEMIOKc@SEAc@e@OUGQEOEQAMAOAQ?S@O@O?GDQFWFWFOFMrAuBHKFGFGHGHGJCHAH?H?H@JD^\JNFJDLDLBPBN@N@P?P?P?P?BCvA?P@P@RDRThAf@~Br@|CnB|IrA`Gj@fCR|@vAlGtAxDbCzFbCdFbAjBb@x@bAjBnCrD|CfEjDpDxFdFfMjJzBxA`CrAtBfAtDrBtG`Dn@R~FjBlGhAdE\xDDvEOnE[hOcClImApBYzRuF^OZSPMNQNUj@{ARg@POPMLINEP@RBTLVXJXFVDVDX@\?ZAtDA|@AZA\ETW~@MZk@Va@@OCWOMOMUIOi@w@a@So@E{Lh@qAFsFj@sInAeOdCoE`@cFJwDImE]eGaAaGiBs@W_HeDkDqBuBiAcCcB}B_BqFsDiF{DkFqEoD{DaDeE}BqDmAkBc@y@wAuCoEsJuBoF_AqCo@wA_AuCqA}DOc@}BiHwAmEQa@Uu@K]MYKWGMGKGIGIGGEEMIOKc@SEAc@e@OUGQEOEQAMAOAQ?S@O@O?GDQFWFWFOFMrAuBHKFGFGHGHGJCHAH?H?H@JD^\JNFJDLDLBPBN@N@P?P?P?P?BCvA?P@P@RDRThAf@~Br@|CnB|INn@nBxIR|@vAlGtAxDbCzFbCdFbAjBb@x@bAjBnCrD|CfEjDpDxFdFfMjJzBxA`CrAtBfAtDrBtG`Dn@R~FjBlGhAdE\xDDvEOnE[hOcClImApBYzRuF^OZSPMNQNUj@{ARg@POPMLINEP@RBTLVXJXFVDVDX@\?ZAtDA|@AZA\ETW~@MZk@Va@@OCWOMOMUIOi@w@a@So@E{Lh@qAFsFj@sInAeOdCoE`@cFJwDImE]eGaAaGiBs@W_HeDkDqBuBiAcCcB}B_BqFsDiF{DkFqEoD{DaDeE}BqDmAkBc@y@wAuCoEsJuBoF_AqCo@wA_AuCqA}DOc@}BiHwAmEQa@Uu@K]MYKWGMGKGIGIGGEEMIOKc@SEAc@e@OUGQEOEQAMAOAQ?S@O@O?GDQFWFWFOFMrAuBHKFGFGHGHGJCHAH?H?H@JDt@NZLPBLBR@NANCLEJGZSjAy@`A_A`AkAb@o@\Ut@gALKJ?FJJ`@BNDV?L?PG`BAP?P?P?P@RJfDi@NG_BIgCAYAOEECAEHIJKNCD@^FxBDrB@f@DRDFBB??JCJAFABG?IEmAh@OKgDAS?Q?Q?Q@QFaB?Q?MEWOIGCI?ODeCnDg@h@g@b@cAp@iB`ASJIDGHIHEHCHYlA?BCvA?P@P@RDRThAf@~Br@|CnB|I~BhKR|@x@nD
WF2 0GU,35,637,DVSA Wakefield Test Center → Silkwood Farm → Total Fitness → Amazon DLS4 → DVSA Wakefield Test Center,3,2654,461,7min,oetfIremH@E?C?EA_@LEBABA@CTgALo@VR\ZPaA??Q`A][WSMn@oB_BlA_GXq@J[HWn@z@zB`CLJD@D?LEDAJEF?B?HF@BDHDN@RAPEPGLIDK@OFEHEJ{AbHKd@SdAI`@Gd@Kx@CXKfAA`@?LBNBP??FTBBLDH@F@D?NIDEHILOLUFIPa@Pg@DMDMFWPo@@KNq@ViAD]DIDIHIAOAECC_@Y_Aw@~ApABB@D@NCNGNABEHGLWhAOp@AJQn@GVELELQf@Q`@GHMTMNIHEDOHEBEFEDIPANENGHWFECIIEMCOAQBQDOBCJ[BMBMBM@a@JgABYJy@Fe@Ha@ReAJe@zAcH@K?G?EAa@CQEUAMEIKU{BaCo@{@IVKZYp@mA~FWlAAFS~@GTSdAi@dCc@nBKIEEC?AC?E@Ef@cC^gBJHNJReAFUR_A@GVmAnB~AUfAABC@C@MD@^?D?BAD
WF2 0GU,35,638,East Ardsley Community Centre → Main Street Fisheries → China And Thai Express → St Michaels Church → East Ardsley Community Centre,3,2131,434,7min,m}{fIzjkHNLpBd@TJnAl@^N\NPJVNj@b@ZXf@`@ZNJ@Be@a@M??`@LCd@ZDZ@L?n@Al@AUp@EPw@pCa@lC[yBKo@CQKy@]cCZNJ@ZDZ@L?n@Al@AUp@EPw@pCa@lCWzCMhAy@BeAZWTUV}@p@}@f@AI{DbAGXNfANTHFFn@Go@IGOUOgAFYtA_@dBc@@H|@g@|@q@TWVU]GYIY[S]Og@Ok@Kq@Gs@Iy@Ew@GkAC]?]@c@@a@Dc@b@qDoAm@UKqBe@OM
WF2 0GU,35,639,East Ardsley Conservative Club → BP Manor Service Station → East Ardsley Express → St Michaels Church → East Ardsley Conservative Club,3,2187,466,7min,mo{fI`zkHB?d@]Ky@]cCZNJ@ZDZ@L?n@Al@AR_@f@dAOZGN_AMw@pCa@lCg@iDCQKy@]cCg@a@[Yk@c@WOQK]O_@OoAm@UKqBe@@TJrAJpAKqAKsAAUfAVh@LTJnAl@c@pDEb@A`@Ab@?\B\FjADv@Hx@Fr@Jp@Nj@Nf@R\XZXH\FWTUV}@p@}@f@AI{DbAGXNfANTHFFn@Go@IGOUOgAFYtA_@dBc@@H|@g@|@q@TWVUdA[x@CLiAV{Cg@iDCQe@\C?
WF2 0GU,35,640,East Ardsley Express → Main Street Fisheries → China And Thai Express → The Bay Horse → East Ardsley Express,3,1427,308,5min,uz{fI`lkHh@LTJnAl@^N\NPJVNj@b@ZXf@`@ZNJ@Be@a@M??`@LCd@ZDZ@L?n@Al@AUp@EPw@pCa@lC[yBKo@CQKy@]cCZNJ@ZDZ@L?n@Al@AR_@LWQSR_AJk@BMCLKj@S~@??PRMVS^Up@EPw@pCa@lCg@iDCQKy@]cCg@a@[Yk@c@WOQK]O_@OoAm@UKi@M
WF2 0GU,35,641,East Ardsley Luncheon Club → Main Street Fisheries → China And Thai Express → St Michaels Church → East Ardsley Luncheon Club,3,2133,448,7min,y|{fIjlkHAKAUpBd@TJnAl@^N\NPJVNj@b@ZXf@`@ZNJ@Be@a@M??`@LCd@ZDZ@L?n@Al@AUp@EPw@pCa@lC[yBKo@CQKy@]cCZNJ@ZDZ@L?n@Al@AUp@EPw@pCa@lCWzCMhAy@BeAZWTUV}@p@}@f@AI{DbAGXNfANTHFFn@Go@IGOUOgAFYtA_@dBc@@H|@g@|@q@TWVU]GYIY[S]Og@Ok@Kq@Gs@Iy@Ew@GkAC]?]@c@@a@Dc@b@qDoAm@UKqBe@@T@J
WF2 0GU,35,642,East Ardsley Post Office → BP Manor Service Station → Main Street Fisheries → St Michaels Church → East Ardsley Post Office,3,1665,356,5min,_m{fIv`lHFw@`@mCv@qCDQTq@R_@f@dAOZGN_AMw@pCa@lCg@iDCQKy@]cCZNJ@Be@a@M??`@LCd@ZDZ@L?n@Al@AUp@EPw@pCa@lCWzCMhAy@BeAZWTUV}@p@}@f@AI{DbAGXNfANTHFFn@Go@IGOUOgAFYtA_@dBc@@H|@g@|@q@TWVUdA[x@CLiANcB
WF2 0GU,35,643,Esso → Toyota Vantage → Total Fitness → Ramada → Esso,3,2160,416,6min,ersfIhmmHSj@QJSYHQb@iAD_@\_ABQA_@q@gAw@m@KEMGPeAHM\KHYNm@BETmADMB?BB@DYtABOTeAAECCC?ELUlACDOl@IX]JILQdAo@_@e@e@[_@SU_@m@KMEECAKCIDK@OFEHEJ{AbHKd@SdAI`@Gd@Kx@CXKfAA`@?LBNBP??FTBBLDH@F@D?NIDEHILOLUFIPa@Pg@DMDMFWPo@@KNq@ViAD]DIDIHIAOAECC_@Y_Aw@~ApABB@D@NCNGNABEHGLWhAOp@AJQn@GVELELQf@Q`@GHMTMNRbAb@eADCb@j@DHEL[bA??EBMSCCEEQWAKScAIHEDOHEBEFEDIPANEN?\?B?HBRH\DLFNVf@HN^j@VPLDD@B?B?NEzCuHPg@Rc@JS`@w@TWVk@HQb@iAHLH^GN
WF2 0GU,35,644,Flanshaw Lodge → The Eagle → Alverthorpe Working Mens Club → GJH Commercial Vehicle Services Ltd → Flanshaw Lodge,3,2911,444,7min,u{sfIzrjHMa@Ee@lAiATKEWEQISGO_@t@MVIN[h@QVYRSPa@X??EBSPA@YPKHQJYJC?SBY?OAQCYMi@Y_@MkB]s@Oc@Kc@MGAu@YQMKKn@{DD^i@fDPLt@XF@b@Lb@J~Cl@AfD?nCAr@?lAA|C?V?XErK?H?hA?|@AjAB`AFr@BRcAb@KBSDYBYBWAeACo@A?{A?M@uBm@?M?EBCH?d@BHDDZ?[?EECI?e@BIDCL?V?T?AtB?L?zAn@@dABV@XCXCREJCbAc@CSGs@CaA@kA?}@?iA?IDsK?Y?W@}C?mA@s@?oC@gD^Lh@XXLPBN@X?RCB?XKPKJIZSRQDC??`@YRQXSPWZi@HOLW^u@FNHRDPDVUJmAhADd@L`@
WF2 0GU,35,645,Flanshaw United Reformed Church → Alverthorpe Working Mens Club → GJH Commercial Vehicle Services Ltd → Mill View Stores → Flanshaw United Reformed Church,3,3583,526,8min,k}sfIttjHe@MMBGACGESG]EBSP[RKHQJYJC?SBY?OAQCYMi@Y_@MkB]s@Oc@Kc@MGAu@YQMKKn@{DD^i@fDPLt@XF@b@Lb@J~Cl@AfD?nCAr@?lAA|C?V?XErK?H?hA?|@AjAB`AFr@BRcAb@KBSDYBYBWAeACo@A?{A?M@uBm@?M?EBCH?d@BHDDZ?[?EECI?e@BIDCL?V?T?AtB?L?zAn@@dABV@XCXCREJCbAc@CSGs@CaA@kA?}@?iA?IDsK?Y?W@}C?mA@s@?oC@gD_Dm@c@Kc@MGAu@YQMKKi@g@QOUMMIUMOK_@YYa@Wg@[w@CIWe@CIKSGUQk@CIESOs@MW|@aBH[CUMSLRBTIZ}@`BLVTfABHPj@FTJRBHVd@BHZv@Vf@X`@^XNJTLLHTLPNh@f@JJPLt@XF@b@Lb@J~Cl@^Lh@XXLPBN@X?RCB?XKPKJIZSRQDCF\DRBFF@LCd@L
WF2 0GU,35,646,Fusion Hair Studio → St Michaels Church → R H Binks And Sons → Methodist Church → Fusion Hair Studio,3,1840,308,5min,qn{fIv`mHUABoD?GBaE?U@yABw@B{@Bq@Bo@FeA@SDu@y@BeAZWTUV}@p@}@f@AI{DbAGXNfANTHFFn@Go@IGOUOgAFYtA_@dBc@@H|@g@|@q@TWVUdA[x@CLiAFy@NaBg@iDCQIs@AE]cCZNJ@ZDZ@L?n@Al@AUp@EPw@pCa@lCWzCMhAEt@ARGdACn@Cp@Cz@Cv@AxA?TC`E?FCnDT@
WF2 0GU,35,647,Gardener's Retreat Restaurant → The Malt Shovel → Tardis → Carr Gate WMC → Gardener's Retreat Restaurant,3,4087,490,8min,ggzfIrbjH~Ai@|@_@fCgApAi@pBy@HEDChAe@d@SBAb@Qj@Wh@UZId@QEo@?_@BYDc@FYJa@R_@PS^YjBcAj@YPIrBkAnB_APIJf@@L?LENc@n@W`@W`@SXo@jASZ}@dBgBjD{@xAw@~@}EnHOTa@n@J`@BNDV?L?PG`BAP?P?P?P@RJfDi@NG_BIgCAYAOEECAEHIJKNCD@^FxBDrB@f@DRDF??BBJCJAFABG?IEmAh@OKgDAS?Q?Q?Q@QFaB?Q?MEWOIGCI?ODeCnDg@h@g@b@cAp@iB`ASJIDGHIHEHCHYlA?BOt@ETELEHGJcBvBGHIHIDIBIBI@K?OAEAc@e@OUGQEOEQAMAOAQ?S@O@O?GDQFWFWFOFMrAuBHKFGFGHGHGJCHAH?H?H@JDt@NZLPBLBR@NANCLEJGZSjAy@`A_A`AkAb@o@pB}CbCqDFM^_AVe@L_@FYDY@W@YAYMoAe@P[Hi@TCoBGmAq@LJr@Ks@p@M@PDz@BnBk@Vg@Re@RiAd@EBIDqBx@qAh@gCfA}@^_Bh@
WF2 0GU,35,648,GJH Commercial Vehicle Services Ltd → Alverthorpe Working Mens Club → Ossett Fire Station → Amazon DLS4 → GJH Commercial Vehicle Services Ltd,3,3140,486,8min,wrtfIvykHT?AtB?L?zAn@@dABV@XCXCREJCbAc@CSGs@CaA@kA?}@?iA?IDsK?Y?W@}C?mA@s@?oC@gDkB]s@Oc@Kc@MGAu@YQMKKn@{DD^i@fDPLt@XF@b@Lb@J~Cl@AfD?nCAr@?lAA|C?V?XErK?H?hA?|@AjAB`AFr@BR^jBLl@JdAFrAJ`BVtAV`AVj@Rb@IVKZYp@mA~FWlAAFS~@PJ@@@?@??CH_@??I^?BA?A?AAQKGTSdAi@dCc@nBKIEEC?AC?E@Ef@cC^gBJHNJReAFUR_A@GVmAlA_GXq@J[HWSc@Wk@WaAWuAKaBGsAKeAMm@_@kBcAb@KBSDYBYBWAeACo@A?{A?M@uBU?
WF2 0GU,35,649,Hall Cliffe Primary School → Wrenthorpe Potovens → Jerry Clay Academy → The Well Church (Elim Pentecostal) → Hall Cliffe Primary School,3,4753,496,8min,ayvfIrpiHYC[YM??iB?u@?e@CoACq@Ee@Mg@Mm@Gi@Ci@CSEkBODYHI@UBc@E{B_@g@UGIY[[U}@a@GC}@a@]OQIOOcAaBS[e@s@]g@u@kAk@{@[YaBqA}@o@k@_@]UUO_CeB_@h@CBW^uA~BmAtBKPq@hAGHq@jAaAdBSb@oBxD_AhBcA|AKLCDu@~@}@|@a@XCB_@RJf@@L?LENc@n@W`@fAxEf@|BVjAXt@DJTf@hA`CN`@HRDP@VC^Gb@Id@Mt@IhAE`BBt@LpAb@nDB\^lE^fEHjA\zAlApDbCtIjOi]xHgQjFuL`@aATk@DKDKRc@`@y@Pe@JU^y@`BoD\w@Zu@LYFIFGXSDCRQFEf@g@Mm@Gi@G}@EkBODYHI@UBc@EMNWNINKZI\ITi@XMNEPG^EZOEQCG?USMOReADUj@cDf@TzB^b@DTCHAXINEDjBF|@Fh@Ll@Lf@Dd@Bp@BnA?d@?t@?hBL?ZXXB
WF2 0GU,35,650,Highfield School → Ossett WMC → West Ardsley Methodist Church → The Star Inn → Highfield School,3,16252,1429,23min,}wvfIbusHDb@Jf@Lv@Pp@Pn@L`@HVBD@J@PBP?V@`@?\?jBAdA?v@BZJVt@|Bb@xBJp@XfBLp@J\Rr@Rf@Td@FLPRPLh@\HHLJVk@NUXa@hA[rA_@RGz@Uh@MdAWTbAHVHJJDP@ZCXG\GZKZMZYTUhBoB`@YlA{@b@UdCuAh@@VPJKTSBC\]`@u@`AeCLm@Pu@ZwAPy@b@kBPq@j@cCJ]XeAJ[XcAT_AjBkGFQ|@{CVmAJe@l@iCVeAJq@H{@Do@Du@?e@?M?}@EgACq@QoFBsAJ}E@e@@gAF}B@_@@UD_ADuATcGLoCFwADiAXqGBYT_EJ_CJmF?i@AWAOKYUq@U_@mAqAc@OQAQ?_@LURW\O\Mj@I|@Bx@Dd@SRq@\{@Pa@?c@CsAKaBKw@IIKEQCIA_ACg@Q_BgAoI}@cIEy@SqEGo@Kk@Ou@Uq@Qk@Kc@Eg@Em@Co@Ea@Oo@Oq@Ww@Qk@Ss@WwAYgBOcAGm@C[AM@u@?o@Cw@CsAG}AGo@G_@MWWSQIQGCA_@K[Ua@_@y@_AmAmA_A_AcAqAk@q@m@s@{@u@}@u@qBoBuAuAY][hA_@pAeAlCsAdCQ\cBdDw@lB]t@{@bCaB`E_@z@S\OXYb@i@r@QRq@j@_@V]TQHc@TIDOFqBdAe@b@URw@v@yAzAi@l@OR_@f@SX{BfD]r@Wn@Of@u@`DSt@Sj@Yf@YVYNE@kANmAPO@S?[Ee@IC?Y@]F]HQL]Xa@l@Uf@Od@Qt@Mv@i@vEKl@K\SRe@XyA~@s@p@c@n@Wp@Sv@SlAo@bFYrB_AvDuA~Du@|BCF}@xCc@bBUbAUlA]fB[bAYp@k@|@s@v@oBdBKH_@`@S\Sl@YfA_@hBWhAIX[z@GNe@c@o@_@gAe@NaB|@h@PBJMKLA?OC}@i@O`BfAd@n@^d@b@FOZ{@HYViA^iBXgARm@R]^a@JInBeBr@w@j@}@Xq@ZcA\gBTmATcAb@cB|@yCBGt@}BtA_E~@wDXsBn@cFRmARw@Vq@b@o@r@q@xA_Ad@YRSJ]Jm@h@wELw@Pu@Ne@Tg@`@m@\YPM\I\GXAB?d@HZDR?NAlAQjAODAXOXWXg@Rk@Ru@t@aDNg@Vo@\s@zBgDRY^g@s@aAKMAu@F]?IOs@Nr@?HG\@t@~@nANSh@m@xA{Av@w@TSd@c@pBeANGHEb@UPI\U^Wp@k@PSh@s@Xc@NYR]^{@`BaEz@cC\u@v@mBbBeDP]rAeCdAmC^qAZiAX\tAtApBnB|@t@z@t@l@r@j@p@bApA~@~@lAlAx@~@`@^ZT^JB@PFPHVRLVF^Fn@F|ABrABv@?n@At@@LBZFl@NbAXfBVvARr@Pj@Vv@Np@Nn@D`@Bn@Dl@Df@Jb@Pj@Tp@Nt@Jj@Fn@RpEDx@|@bIfAnIP~ABf@@~@BHDPHJv@H`BJrAJb@B`@?z@Qp@]RSEe@Cy@H}@Lk@N]V]TS^MP?P@b@NlApATRz@XAf@EzAMdEKr@K~BU~DCXYpGEhAGvAMnCUbGEtAE~@ATA^G|BAfAAd@K|ECrAPnFHxB?|@?L?d@Et@En@Iz@Kp@WdAm@hCKd@WlA}@zCGPkBjGU~@YbAKZYdAK\k@bCQp@c@jBQx@[vAQt@Ml@aAdCa@t@]\CBURKJWQi@AeCtAc@TmAz@a@XiBnBUT[X[L[J]FYF[BQAKEIKIWUcAeAVi@L{@TSFsA^iAZY`@OTWj@MKIIi@]QMQSGMUe@Sg@Ss@K]Mq@YgBKq@c@yBu@}BKWC[?w@@eA?kB?]Aa@?WCQAQAKCEIWMa@Qo@Qq@Mw@Kg@Ec@
WF2 0GU,35,651,Hill Top Primary Academy → West Ardsley Book Exchange → West Ardsley Methodist Church → The Mens Room → Hill Top Primary Academy,3,8357,936,15min,clzfIn}rHNTn@bAFHJ@H@D@RZRi@x@}Bn@}Al@eBFOdFcNe@c@o@_@gAe@qBw@qBy@{Aq@QGmEiBk@Sk@SBWDS@S?Q?S@OLaBM`BAN?R?PARERCVTHTHj@RlEhBPFzAp@pBx@pBv@NaB|@h@PBJMKLA?OC}@i@O`BqBw@qBy@{Aq@QGmEiBk@Sk@S{Ai@{@Wo@Uu@e@e@[CC]YuAoAkAaAs@i@gAaAGE[Wk@a@cDgCu@g@SGQEc@IKAeBS_@Go@OsB]SEQA?m@AaAA]E{@IaAKiBQ_CE}@AQAQIsAIqAAWMoBGaAIaAUeBYwB]oCe@uBi@mCMs@Gk@u@oH]mDOuAY{BIk@CSIs@OuA_AmHKcAKu@Ic@Rg@P]V_@V_@NMVU~@i@\Qn@UVIj@MZGn@StAq@fBy@\Q`@Sp@]z@g@vBoAh@a@XYP_@DIP}@De@FkABgA@m@zAHHAFEDGDMBSBaClALFDFHBJ@H?FALEJEDIDoA^CRELEFGDI@{AIEtBGjAEd@Q|@EHQ^YXi@`@wBnA{@f@q@\a@R]PgBx@uAp@o@R[Fk@LWHo@T]P_Ah@WTOLW^W^Q\Sf@Hb@Jt@JbA~@lHNtAHr@BRHj@XzBNtA\lDt@nHFj@Lr@h@lCd@tB\nCXvBTdBH`AF`ALnB@VHpAHrA@P@PD|@P~BJhBH`ADz@@\@`A?l@P@RDrB\n@N^FdBRJ@b@HPDRFt@f@bDfCj@`@ZVFDfA`Ar@h@jA`AtAnA\XBBd@Zt@d@n@Tz@VzAh@j@Rj@RlEhBPFzAp@pBx@pBv@fAd@n@^d@b@eFbNGNm@dBo@|Ay@|BSh@S[EAIAKAGIo@cAOU
WF2 0GU,35,652,Holiday Inn → Shell Select → Ramada → Total Fitness → Holiday Inn,3,2308,396,6min,gpsfItwmH|@`@ENGPc@l@KNKPEBEJs@`A]aAEIQm@q@_CYoAG[?K@QJS`@w@@[Ea@BS@CHU@C??RATZb@iAD_@\_ABQA_@q@gAw@m@KEMGo@_@e@e@[_@SU_@m@KMEECAKCIDK@OFEHEJ{AbHKd@SdAI`@Gd@Kx@CXKfAA`@?LBNBP??FTBBLDH@F@D?NIDEHIRbAb@eADCb@j@DHEL[bA??EBMSCCEEQWAKScALOLUFIPa@Pg@DMDMFWPo@@KNq@ViAD]DIDIHIAOAECC_@Y_Aw@~ApABB@D@NCNGNABEHGLWhAOp@AJQn@GVELELQf@Q`@GHMTMNIHEDOHEBEFEDIPANEN?\?B?HBRH\DLFNVf@HN^j@VPLDD@B?B?NEzCuHRMVCXnAp@~BPl@DHZi@DCHDZRNFDCJQJOb@m@FQDO}@a@
WF2 0GU,35,653,Hong Kong Vegan → Wrenthorpe Academy → Spot on Dog Grooming → The Wheel → Hong Kong Vegan,3,1540,201,3min,wowfIdngHe@Tq@^c@Xu@f@E@eBbAo@`@m@d@s@v@s@~@wBzC~BdBTN\Tj@^|@n@`BpAZXj@z@Z_AXcAb@_BBIHS??IRCHc@~AYbA[~@k@{@[YaBqACAy@m@k@_@]UUO_CeBfA{An@_Ar@_Ar@w@l@e@n@a@dBcADAt@g@b@Yp@_@d@U
WF2 0GU,35,654,JB's Cafe & Bistro → Ossett Flushdyke Junior and Infant School → Spring Mill Golf Course → Ramada → JB's Cafe & Bistro,3,10890,1053,17min,{gtfIl}oHGVIz@I?IM?yAWBGDI?GAIGUq@U_@mAqAc@OQAQ?_@LURW\O\Mj@I|@Bx@Dd@X`@RLRAPGLQJUlA{DJa@p@sBt@aBzDkIFMP_@VaADg@?c@A]E[G]Ia@IOGYG]A[AW?W@wD@y@@[@YD]H[Rg@POPMLINEP@RBTLVXJXFVDVDX@\?ZAtDA|@AZA\ETW~@MZa@fAcAxBkAjCkDhHq@zAq@nBy@bDWvAAFW|AQ`BQjBGlAIdCEvCGnEQnLIdCSvC_@|De@vCg@tBs@dCqAvCwL`SwBhDmDxF{AhCiBbD{@lBoB`Fq@xBe@xBg@xCYpCKzAG`BChCD|BRlDXrCj@`Ev@bDr@tCLRLHP@HCVAJ@FBFFFJFVBLFf@@H?PAPEPELIHGDGBk@EEAGEGGEKEMCS?U?]UmAaAmDq@cDm@eE[sCSoDCu@AiA@kCDcBJ}AToCd@_Dh@qBp@cCvBuFx@kBbBkDrAgChHiL`H}KnCoErAyCr@uBj@wBf@uCd@uDRuCHoCNkLDwBFwFAi@BoANgCDu@?c@A[ESCOM_@Oe@G[Gc@Ee@Cy@H}@Lk@N]V]TS^MP?P@b@NlApATRz@XAf@EzAMdEKr@K~BxBdA\M^q@h@y@fAmAn@k@RWf@u@hCcDHKHEH@H@JDHHFJDNh@|BVjAFVFPVf@`A|AJB@?NGDGDGXm@Pa@JQHEHKj@u@`@o@BGhA{BP[ZWDCDCNE^KLARMz@s@TWDEDMBAt@c@ZKUyA[eCcBkM{@qECOkAgFYaA{@_DK]sCoHk@}ASi@]aAEIQm@q@_CYoAG[?K@QJS`@w@TWVk@HQb@iAD_@\_ABQA_@q@gAw@m@KEMGo@_@e@e@[_@SU_@m@KMEECAKCIDK@OFEHEJ{AbHKd@SdAI`@Gd@Kx@CXKfAA`@?LBNBP??FTBBLDH@F@D?NIDEHIRbAb@eADCb@j@DHEL[bA??EBMSCCEEQWAKScAIHEDOHEBEFEDIPANEN?\?B?HBRH\DLFNVf@HN^j@b@p@BBDHBDDJ@N@PAN[x@Yz@K`@E\C\?b@B\Db@Jp@JXFVDVDX@\?ZAtDA|@AZA\ETW~@MZa@fAcAxBkAjCuBjFIn@GfAGlAA\CbBAf@EzA\EHLH?H{@FW
WF2 0GU,35,655,Jerry Clay Academy → Hall Cliffe Primary School → The Well Church (Elim Pentecostal) → Sunnyhill Stores → Jerry Clay Academy,3,2691,363,6min,_iwfIlwiHDKDKRc@`@y@Pe@JU^y@`BoD\w@Zu@LYFIFGXSDCRQFEf@g@Lf@Dd@Bp@BnA?d@?t@?hBL?ZXXB@?[C[YM??iB?u@?e@CoACq@Ee@Mg@Mm@Gi@G}@EkBODYHI@UBc@EMNWNINKZI\ITi@XMNEPG^EZOEQCG?USMOReADUj@cDf@TzB^b@DTCHAXINEDjBF|@Fh@Ll@Lf@Dd@Bp@BnA?d@?t@?hB?rB?zA?HDzCDdFBzA@T@hAFlF_@PO@EDCFCLBMBGDENA??^QGmFAiAAUC{AEeFE{C?I?{A?sB?iB?u@?e@CoACq@Ee@Mg@g@f@GDSPEBYRGFGHMX[t@]v@aBnD_@x@KTQd@a@x@Sb@EJEJ
WF2 0GU,35,656,Kirkhamgate Fisheries → Village Stores → Outwood Primary Academy Kirkhamgate → The Star Inn → Kirkhamgate Fisheries,3,1735,315,5min,{cwfIn`nHAQEWKWq@j@_@V]TQHc@TIDOFqBdA_@wBm@\OH|@g@^vBe@b@URw@v@Mc@Om@]}CE]Kq@SyACK?AOkA_@qCcAf@[yAJIKHZxAbAg@^pCNlABJRxAJp@D\\|CNl@Lb@yAzAi@l@ORs@aAKMAu@F]?IOs@Nr@?HG\@t@~@nANSh@m@xA{Av@w@TSd@c@pBeANGHEb@UPI\U^Wp@k@JVDV@P
WF2 0GU,35,657,Kirkhamgate Village Hall → The Star Inn → Outwood Primary Academy Kirkhamgate → Shawfold Cars → Kirkhamgate Village Hall,3,1831,321,5min,iswfIdbnHTrBNl@Lb@yAzAi@l@ORs@aAKMAu@F]?IOs@Nr@?HG\@t@~@nANSh@m@xA{AMc@Om@]}CE]Kq@SyACK?AOkA_@qCcAf@[yAJIKHZxAbAg@^pCNlABJRxAJp@D\\|CNl@Lb@v@w@TSd@c@pBeANGHEb@UPI\U^Wp@k@JVDVDf@@FCz@Jj@DXEYKk@B{@Go@EWKWq@j@_@V]TQHc@TIDOFqBdAe@b@URw@v@Mc@Om@UsB
WF2 0GU,35,658,"Kirkhamgate Village Hall, Brandy Carr Road → Outwood Primary Academy Kirkhamgate → The Star Inn → Shawfold Cars → Kirkhamgate Village Hall, Brandy Carr Road",3,1686,298,4min,qswfI`anH?EE]Kq@SyACK?AOkA_@qCcAf@[yAJIKHZxAbAg@^pCNlABJRxAJp@D\\|CNl@Lb@yAzAi@l@ORs@aAKMAu@F]?IOs@Nr@?HG\@t@~@nANSh@m@xA{Av@w@TSd@c@pBeANGHEb@UPI\U^Wp@k@JVDVDf@@FCz@Jj@DXEYKk@B{@Go@EWKWq@j@_@V]TQHc@TIDOFqBdAe@b@URw@v@Mc@Om@]wC
WF2 0GU,35,659,Kowloon → Alverthorpe Garage → Mill View Stores → Sun Bo → Kowloon,3,1187,267,4min,ajufIbijHb@iA\w@L]L[f@}Af@{AdAwCFSb@~@Zn@BH}AlCu@rAIHO@]I\HNAHIP[b@w@|AmCRb@HTNVLVLVTfAj@Sk@RESOs@MWMWOWIUSc@CIJSFSGEi@}@BDd@v@FDGRKR[o@c@_AGReAvCg@zAg@|AMZM\]v@c@hA
WF2 0GU,35,660,Kylies Sandwich Bar & Custom Cakes → Alverthorpe Garage → Mill View Stores → Sun Bo → Kylies Sandwich Bar & Custom Cakes,3,1179,266,4min,}iufIxhjH^_A\w@L]L[f@}Af@{AdAwCFSb@~@Zn@BH}AlCu@rAIHO@]I\HNAHIP[b@w@|AmCRb@HTNVLVLVTfAj@Sk@RESOs@MWMWOWIUSc@CIJSFSGEi@}@BDd@v@FDGRKR[o@c@_AGReAvCg@zAg@|AMZM\]v@_@~@
WF2 0GU,35,661,Lindale Methodist Church → The Star Inn → Outwood Primary Academy Kirkhamgate → Shawfold Cars → Lindale Methodist Church,3,1801,318,5min,aswfIncnHLhANl@Lb@yAzAi@l@ORs@aAKMAu@F]?IOs@Nr@?HG\@t@~@nANSh@m@xA{AMc@Om@]}CE]Kq@SyACK?AOkA_@qCcAf@[yAJIKHZxAbAg@^pCNlABJRxAJp@D\\|CNl@Lb@v@w@TSd@c@pBeANGHEb@UPI\U^Wp@k@JVDVDf@@FCz@Jj@DXEYKk@B{@Go@EWKWq@j@_@V]TQHc@TIDOFqBdAe@b@URw@v@Mc@Om@MiA
WF2 0GU,35,662,Lofthouse Colliery Disaster Memorial → Sunnyhill Stores → Low Laithes Golf Course → Alverthorpe St Paul's CofE (VA) School → Lofthouse Colliery Disaster Memorial,3,8486,1128,18min,_hvfIr~kHVu@sAeC]u@k@qAQ]qAoCIQ{@eBQi@GUkCgKyAsFIc@Ec@Ee@CcA_@PO@EDCFCLBMBGDENA??^QBbADd@Db@Hb@xArFjCfKFTPh@z@dBHPpAnCP\j@pA\t@rAdCBIbAmBb@i@~@cAdB{Ap@i@Z_@Vc@Pi@V}@d@sBp@aCV_A|BsGvBwEr@iBr@gB^aAFMp@gB\w@L]L[f@}Af@{AdAwCFSb@~@Zn@BHRb@HTNVLVLVTfABHPj@FTJRBHVd@BHZv@Vf@X`@^XNJTLLHTLPNh@f@JJPLt@XF@b@Lb@J~Cl@AfD?nCAr@?lAA|C?V?XErK?H?hA?|@AjAB`AFr@BR^jBLl@JdAFrAJ`BVtAV`AVj@Rb@IVKZYp@mA~FWlAAFS~@GTSdAi@dCc@nB_A|EILKBMEY]qAeAUGIEKGGIGQAKAO?MHwBHwB@a@?OJwDBa@PuBJmADOFIL?DBNNRRZZ@FAPEFCDy@xDGFE?KIECk@fDA`@BT@PCp@?`@EbB?F@XBLHVLLPTpAdAZNLDH@HE~@}Eb@oBh@eCReAFUR_A@GVmAlA_GXq@J[HWSc@Wk@WaAWuAKaBGsAKeAMm@_@kBCSGs@CaA@kA?}@?iA?IDsK?Y?W@}C?mA@s@?oC@gD_Dm@c@Kc@MGAu@YQMKKi@g@QOUMMIUMOK_@YYa@Wg@[w@CIWe@CIKSGUQk@CIUgAMWMWOWIUSc@CI[o@c@_Ab@qAZw@MUKKQIQG[IQCSGMEQKY[g@g@SWy@oAGEKCQl@c@`AEd@Er@ETIVKXERGTEX@\Ap@AXGVILDZBV?R@RGd@A\CTCB??C?B?BCBU@]Fe@AS?SCWE[HMFW@Y@q@A]DYFUDSJYHWDUDs@De@b@aAPm@JBFDx@nARVf@f@XZPJLDRFPBZHPFPHJJLT[v@c@pAGReAvCg@zAg@|AMZM\]v@q@fBGL_@`As@fBs@hBwBvE}BrGW~@q@`Ce@rBW|@Qh@Wb@[^q@h@eBzA_AbAc@h@cAlBCHWt@
WF2 0GU,35,663,Low Laithes Golf Course → Amazon DLS4 → Ossett Fire Station → GJH Commercial Vehicle Services Ltd → Low Laithes Golf Course,3,2773,583,9min,cttfI|emHJwDBa@PuBJmADOFIL?DBNNRRZZ@FAPEFCDy@xDGFE?KIECk@fDA`@BT@PCp@?`@EbB?FnC~BDFFBLGDIr@gDBCAC?E@Ef@cC^gBJHNJReAFUPJ@@@?@??CH_@??I^?BA?A?AAQKR_A@GVmAlA_GXq@J[HWSc@Wk@WaAWuAKaBGsAKeAMm@_@kBcAb@KBSDYBYBWAeACo@A?{A?M@uBm@?M?EBCH?d@BHDDZ?[?EECI?e@BIDCL?V?T?AtB?L?zAn@@dABV@XCXCREJCbAc@^jBLl@JdAFrAJ`BVtAV`AVj@Rb@IVKZYp@mA~FWlAAFS~@GTSdAi@dCc@nB_A|EILKBMEY]qAeAUGIEKGGIGQAKAO?MHwBHwB@a@?O
WF2 0GU,35,664,Main Street Fisheries → China And Thai Express → The Bay Horse → East Ardsley Express → Main Street Fisheries,3,1637,363,6min,co{fIbrkH`@LCd@ZDZ@L?n@Al@AUp@EPw@pCa@lC[yBKo@CQKy@]cCZNJ@ZDZ@L?n@Al@AR_@LWQSR_AJk@BMCLKj@S~@??PRMVS^Up@EPw@pCa@lCg@iDCQKy@]cCg@a@[Yk@c@WOQK]O_@OoAm@UKqBe@@TJrAJpAKqAKsAAUfAVh@LTJnAl@^N\NPJVNj@b@ZXf@`@ZNJ@Be@a@M
WF2 0GU,35,665,Methodist Church → BP Manor Service Station → Tania's Barbershop → East Ardsley Express → Methodist Church,3,1681,308,5min,mn{fInwkHAE]cCZNJ@ZDZ@L?n@Al@AR_@f@dAOZGN_AMw@pCa@lCKhAKpAMhAy@BeAZ]GYIY[S]Og@Ok@Kq@Gs@Iy@Ew@GkAC]?]@c@@a@Dc@b@qDoAm@UKqBe@@TJrAJpAKqAKsAAUfAVh@LTJnAl@^N\NPJVNj@b@ZXf@`@ZNJ@ZDZ@L?n@Al@AUp@EPw@pCa@lCg@iDCQIs@
WF2 0GU,35,666,Mill View Stores → Sun Bo → Alverthorpe Garage → Kylies Sandwich Bar & Custom Cakes → Mill View Stores,3,1239,281,4min,g}tfIpajHOs@MWMWOWIUSc@CIJSFSGEi@}@BDd@v@FDGRKRBH}AlCu@rAIHO@]I\HNAHIP[b@w@|AmCCI[o@c@_AGReAvCg@zAg@|AMZM\]v@q@fBGLZl@P[QZ[m@FMPg@^_A\w@L]L[f@}Af@{AdAwCFSb@~@Zn@BHRb@HTNVLVLVNr@
WF2 0GU,35,667,NAV Mini Market → Phoenix Young People's Centre → Mill View Stores → Pizza Ferrara → NAV Mini Market,3,1173,261,4min,_aufItriHJJLT[v@c@pAGReAvCg@zAGIWKVJFHf@{An@eBTq@FSb@~@Zn@BHRb@HTNVLVLVTfAj@Sk@RESOs@MWMWOWIUSc@CI[o@c@_AGReAvCg@zAg@|AMZM\Nl@Rz@S{@Om@L]L[FS^iAf@{AdAwCFSb@qAZw@MUKK
WF2 0GU,35,668,NPAS 31 - Carr Gate → West Yorkshire Police Learning & Development Centre → Driver Training Area → West Yorkshire Police Bishopgarth House → NPAS 31 - Carr Gate,3,10221,589,9min,isyfIb{jHIaCKgDAS?Q?Q?Q@QFaB?Q?MEWOIGCI?ODeCnDg@h@g@b@cAp@iB`ASJIDGHIHEHCHYlA?BCvA?P@P@RDRThAf@~Br@|CnB|INn@nBxIR|@x@nD\|AtAxDbCzFbCdFbAjBb@x@bAjBnCrD|CfEjDpDxFdFfMjJzBxA`CrAtBfAtDrBtG`Dn@R~FjBlGhAdE\xDDvEOnE[hOcClImApBYzRuF^OZSPMNQNUj@{ARg@POPMLINEP@RBTLVXJXFVDVDX@\?ZAtDA|@AZA\ETW~@MZk@Va@@OCWOMOMUIOi@w@a@So@E{Lh@qAFsFj@sInAeOdCoE`@cFJwDImE]eGaAaGiBs@W_HeDkDqBuBiAcCcB}B_BqFsDiF{DkFqEoD{DaDeE}BqDmAkBc@y@wAuCoEsJuBoF_AqCo@wA_AuCqA}DOc@}BiHwAmEQa@Uu@K]MYKWGMGKGIGIGGEEMIOKc@SEAc@e@OUGQEOEQAMAOAQ?S@O@O?GDQFWFWFOFMrAuBHKFGFGHGHGJCHAH?H?H@JDt@NZLPBLBR@NANCLEJGZSjAy@`A_A`AkAb@o@\Ut@gALKJ?FJJ`@BNDV?L?PG`BAP?P?P?P@RJfDi@NG_BIgCAYAOEECAEHIJKNCD@^FxBDrB@f@DRDFBB??JCJAFABG?IEmAh@OH`C
WF2 0GU,35,669,One Stop Coffee Shop → Main Street Fisheries → China And Thai Express → St Michaels Church → One Stop Coffee Shop,3,2135,449,7min,y|{fIllkHAMAUpBd@TJnAl@^N\NPJVNj@b@ZXf@`@ZNJ@Be@a@M??`@LCd@ZDZ@L?n@Al@AUp@EPw@pCa@lC[yBKo@CQKy@]cCZNJ@ZDZ@L?n@Al@AUp@EPw@pCa@lCWzCMhAy@BeAZWTUV}@p@}@f@AI{DbAGXNfANTHFFn@Go@IGOUOgAFYtA_@dBc@@H|@g@|@q@TWVU]GYIY[S]Og@Ok@Kq@Gs@Iy@Ew@GkAC]?]@c@@a@Dc@b@qDoAm@UKqBe@@T@L
WF2 0GU,35,670,Oriental Chef → The Star Inn → Outwood Primary Academy Kirkhamgate → Shawfold Cars → Oriental Chef,3,1761,315,5min,urwfIhenH@NNl@Lb@yAzAi@l@ORs@aAKMAu@F]?IOs@Nr@?HG\@t@~@nANSh@m@xA{AMc@Om@]}CE]Kq@SyACK?AOkA_@qCcAf@[yAJIKHZxAbAg@^pCNlABJRxAJp@D\\|CNl@Lb@v@w@TSd@c@pBeANGHEb@UPI\U^Wp@k@JVDVDf@@FCz@Jj@DXEYKk@B{@Go@EWKWq@j@_@V]TQHc@TIDOFqBdAe@b@URw@v@Mc@Om@AO
WF2 0GU,35,671,Ossett Fire Station → Silkwood Farm → Amazon DLS4 → Total Fitness → Ossett Fire Station,3,2703,475,7min,}gtfIlbmHI^?BA?A?AAQKR_A@GVmAnB~ALo@VR\ZPaA??Q`A][WSMn@oB_BWlAAFS~@GTSdAi@dCc@nBKIEEC?AC?E@Ef@cC^gBJHNJReAFUR_A@GVmAlA_GXq@J[HWn@z@zB`CLJD@D?LEDAJEF?B?HF@BDHDN@RAPEPGLIDK@OFEHEJ{AbHKd@SdAI`@Gd@Kx@CXKfAA`@?LBNBP??FTBBLDH@F@D?NIDEHILOLUFIPa@Pg@DMDMFWPo@@KNq@ViAD]DIDIHIAOAECC_@Y_Aw@~ApABB@D@NCNGNABEHGLWhAOp@AJQn@GVELELQf@Q`@GHMTMNIHEDOHEBEFEDIPANENGHWFECIIEMCOAQBQDOBCJ[BMBMBM@a@JgABYJy@Fe@Ha@ReAJe@zAcH@K?G?EAa@CQEUAMEIKU{BaCo@{@IVKZYp@mA~FWlAAFS~@PJ@@@?@??CH_@
WF2 0GU,35,672,Ossett Flushdyke Junior and Infant School → JB's Cafe & Bistro → Spring Mill Golf Course → Ossett WMC → Ossett Flushdyke Junior and Infant School,3,11235,1055,17min,eptfIzapHW|AQ`BQjBGlAIdCEvCGnEQnLIdCSvC_@|De@vCg@tBs@dCqAvCwL`SwBhDmDxF{AhCiBbD{@lBoB`Fq@xBe@xBg@xCYpCKzAG`BChCD|BRlDXrCj@`Ev@bDr@tCLRLHP@HCVAJ@FBFFFJFVBLFf@@H?PAPEPELIHGDGBk@EEAGEGGEKEMCS?U?]UmAaAmDq@cDm@eE[sCSoDCu@AiA@kCDcBJ}AToCd@_Dh@qBp@cCvBuFx@kBbBkDrAgChHiL`H}KnCoErAyCr@uBj@wBf@uCd@uDRuCHoCNkLDwBFwFAi@BoANgCDu@?c@A[ESCOM_@Oe@G[Gc@Ee@Cy@H}@Lk@N]V]TS^MP?P@b@NlApATRz@XAf@EzA\EHLH?H{@FWJg@@qBEGa@D]?CbBAf@EzAMdEKr@K~BxBdA\M^q@h@y@fAmAn@k@RWf@u@hCcDHKHEH@H@JDHHFJDNh@|BVjAFVFPVf@`A|AJB@?NGDGDGXm@Pa@JQHEHKj@u@`@o@BGhA{BP[ZWDCDCNE^KLARMz@s@TWDEDMBAt@c@ZK^lCTtAYRWf@MfBAVOfASbA{ArDYr@[fAy@dDaBzHCLIf@_BhHg@~BOrAUpBIp@ANKbAADG`B?|CZtCH^b@rB\xAdA`D@BFVLh@PfALpAFvBm@Ek@HOD_@TGDQNCFIT[z@g@|AOb@ETK`@Ij@Gh@eA_@y@a@oA{@GEGEMI}@o@a@Yg@e@KI}AuASQOO{AkAa@[GEmAs@OIqAcAcAc@H{@Do@Du@?e@?M?}@EgACq@QoFBsAJ}E@e@@gAF}B@_@@UD_ADuATcGLoCFwADiAXqGBYT_EJ_CJmF?i@AWAOKYUq@U_@mAqAc@OQAQ?_@LURW\O\Mj@I|@Bx@Dd@X`@RLRAPGLQJUlA{DJa@p@sBt@aBzDkIFMP_@VaADg@?c@A]E[G]Ia@IOGYG]A[AW?W@wD@y@@[@YD]H[Rg@POPMLINEP@RBTLVXJXFVDVDX@\?ZAtDA|@AZA\ETW~@MZa@fAcAxBkAjCkDhHq@zAq@nBy@bDWvAAF
WF2 0GU,35,673,Ossett WMC → Ossett Flushdyke Junior and Infant School → JB's Cafe & Bistro → Spring Mill Golf Course → Ossett WMC,3,11235,1055,17min,aotfI`mrHCq@QoFBsAJ}E@e@@gAF}B@_@@UD_ADuATcGLoCFwADiAXqGBYT_EJ_CJmF?i@AWAOKYUq@U_@mAqAc@OQAQ?_@LURW\O\Mj@I|@Bx@Dd@X`@RLRAPGLQJUlA{DJa@p@sBt@aBzDkIFMP_@VaADg@?c@A]E[G]Ia@IOGYG]A[AW?W@wD@y@@[@YD]H[Rg@POPMLINEP@RBTLVXJXFVDVDX@\?ZAtDA|@AZA\ETW~@MZa@fAcAxBkAjCkDhHq@zAq@nBy@bDWvAAFW|AQ`BQjBGlAIdCEvCGnEQnLIdCSvC_@|De@vCg@tBs@dCqAvCwL`SwBhDmDxF{AhCiBbD{@lBoB`Fq@xBe@xBg@xCYpCKzAG`BChCD|BRlDXrCj@`Ev@bDr@tCLRLHP@HCVAJ@FBFFFJFVBLFf@@H?PAPEPELIHGDGBk@EEAGEGGEKEMCS?U?]UmAaAmDq@cDm@eE[sCSoDCu@AiA@kCDcBJ}AToCd@_Dh@qBp@cCvBuFx@kBbBkDrAgChHiL`H}KnCoErAyCr@uBj@wBf@uCd@uDRuCHoCNkLDwBFwFAi@BoANgCDu@?c@A[ESCOM_@Oe@G[Gc@Ee@Cy@H}@Lk@N]V]TS^MP?P@b@NlApATRz@XAf@EzA\EHLH?H{@FWJg@@qBEGa@D]?CbBAf@EzAMdEKr@K~BxBdA\M^q@h@y@fAmAn@k@RWf@u@hCcDHKHEH@H@JDHHFJDNh@|BVjAFVFPVf@`A|AJB@?NGDGDGXm@Pa@JQHEHKj@u@`@o@BGhA{BP[ZWDCDCNE^KLARMz@s@TWDEDMBAt@c@ZK^lCTtAYRWf@MfBAVOfASbA{ArDYr@[fAy@dDaBzHCLIf@_BhHg@~BOrAUpBIp@ANKbAADG`B?|CZtCH^b@rB\xAdA`D@BFVLh@PfALpAFvBm@Ek@HOD_@TGDQNCFIT[z@g@|AOb@ETK`@Ij@Gh@eA_@y@a@oA{@GEGEMI}@o@a@Yg@e@KI}AuASQOO{AkAa@[GEmAs@OIqAcAcAc@H{@Do@Du@?e@?M?}@EgA
WF2 0GU,35,674,"Outwood Primary Academy Kirkhamgate → Kirkhamgate Village Hall, Brandy Carr Road → The Star Inn → Shawfold Cars → Outwood Primary Academy Kirkhamgate",3,1365,212,3min,{twfIb{mH?@BJRxAJp@D\?D\vCNl@Lb@yAzAi@l@ORs@aAKMAu@F]?IOs@Nr@?HG\@t@~@nANSh@m@xA{Av@w@TSd@c@pBeANGHEb@UPI\U^Wp@k@JVDVDf@@FCz@Jj@DXEYKk@B{@Go@EWKWq@j@_@V]TQHc@TIDOFqBdAe@b@URw@v@Mc@Om@]}CE]Kq@SyACK?A
WF2 0GU,35,675,Phoenix Young People's Centre → NAV Mini Market → The Blue Light → Mill View Stores → Phoenix Young People's Centre,3,1232,259,4min,ccufIfziHTq@FSb@qAZw@MUKK??QIQG[I@_@B]Dm@PmAT_BV{Ab@XJJNPVb@Zf@b@j@i@lAk@vAg@hAKR[v@c@pAb@~@Zn@BH}AlCu@rAIHHVN`@ADCDSRRSBE@EYy@HIt@sA|AmCRb@HTNVLVLVTfAj@Sk@RESOs@MWMWOWIUSc@CI[o@c@_AGRUp@
WF2 0GU,35,676,Pinderfields Hospital PRU → St Annes → Spot on Dog Grooming → Wrenthorpe Methodist Church → Pinderfields Hospital PRU,3,1842,336,5min,qowfInehHm@k@MMCHc@~AYbA[~@t@jA\f@d@r@RZj@~@V`@NNPH\N|@`@FB|@`@MjANFOGLkA}@a@GC}@a@]OQIOOcAaBS[e@s@]g@u@kAk@{@[YaBqACAy@m@G^I@WQODLu@j@^|@n@`BpAZXj@z@t@jA\f@d@r@RZbA`BNNPH\N|@`@FBFYb@eATy@Ux@O\Sf@GXGC}@a@]OQIOOcAaBS[e@s@]g@u@kAZ_AXcAb@_BBILLl@j@
WF2 0GU,35,677,Pizza Ferrara → Alverthorpe Conservative Club → Alverthorpe St Paul's CofE (VA) School → Al Fresco → Pizza Ferrara,3,1889,385,6min,{fufIrbjH^iAf@{AdAwCFSb@~@Zn@BH}AlCOSNRZg@`AeBCI[o@c@_Ab@qAZw@MUKKQIQG[IQCSGMEQKY[g@g@SWy@oAGEKCQl@c@`AEd@Er@ETIVKXERGTEX@\Ap@AXGVILDZBV?R@RGd@A\CTCB??C?B?BCBU@]Fe@AS?SCWE[HMFW@Y@q@A]DYFUDSJYHWDUDs@De@b@aAPm@JBFDx@nARVf@f@XZPJLDRFPBZHPFPHJJLT[v@c@pAb@~@Zn@JSFSD_@Bm@@Q@QBk@?Q@UBy@Cx@ATC|@APAPCl@E^GRKR[o@c@_AGReAvCg@zA_@hA
WF2 0GU,35,678,Pumaspeed → NAV Mini Market → Mill View Stores → Kylies Sandwich Bar & Custom Cakes → Pumaspeed,3,1421,263,4min,}cufI`|iHn@kBFSb@qAZw@MUKK??QIQG[I@_@B]Dm@PmAT_BV{Ab@XJJNPVb@Zf@b@j@i@lAk@vAg@hAKR[v@c@pAb@~@Zn@BHRb@HTNVLVLVTfAj@Sk@RESOs@MWMWOWIUSc@CI[o@c@_AGReAvCg@zAg@|AMZM\]v@q@fBGLZl@P[QZ[m@FMPg@^_A\w@L]L[f@}Af@{ATk@
WF2 0GU,35,679,R H Binks And Sons → Methodist Church → BP Manor Service Station → St Michaels Church → R H Binks And Sons,3,1331,258,4min,gm{fI`blHNaBg@iDCQIs@AE]cCZNJ@ZDZ@L?n@Al@AR_@f@dAOZGN_AMw@pCa@lCWzCMhAy@BeAZWTUV}@p@}@f@AI{DbAGXNfANTHFFn@Go@IGOUOgAFYtA_@dBc@@H|@g@|@q@TWVUdA[x@CLiAFy@
WF2 0GU,35,680,Ramada → Shell Select → Holiday Inn → DVSA Wakefield Test Center → Ramada,3,2903,480,8min,u}sfIhxmH??EBMSCCEEQWAKScAIHEDOHEBEFEDIPANEN?\?B?HBRH\DLFNVf@HN^j@VPLDD@B?B?NEzCuHPg@Rc@JS`@w@@[Ea@BS@CHU@C??RATZIPWj@Kb@q@xBXnAp@~BPl@DHZi@DCHDZRNFDCJQJOb@m@FQDO}@a@??Fo@bA^EVGXENGPc@l@KNKPEBEJs@`A]aAEIQm@q@_CYoAG[?K@QJS`@w@TWVk@HQb@iAD_@\_ABQA_@q@gAw@m@KEMGo@_@e@e@[_@SU_@m@KMEECAKCIDK@KEGIGMCQEUAMEIKU{BaCo@{@IVKZYp@mA~FnB~AUfAABC@C@MD@^?D?BGTDO@E?C?EA_@LEBABA@CTgAoB_BlA_GXq@J[HWn@z@zB`CLJD@D?LEDAJEF?B?HF@BDHDN@RAPEPGLIDK@OFEHEJ{AbHKd@SdAI`@Gd@Kx@CXKfAA`@?LBNBP??FTBBLDH@F@D?NIDEHIRbA@JPVDDBBLRDC??
WF2 0GU,35,681,Restyle Fitness → China And Thai Express → BP Manor Service Station → East Ardsley Express → Restyle Fitness,3,1512,309,5min,gn{fInrkHD@Cd@ZDZ@L?n@Al@AUp@EPw@pCa@lC[yBKo@CQKy@]cCZNJ@ZDZ@L?n@Al@AR_@f@dAOZGN_AMw@pCa@lCg@iDCQKy@]cCg@a@[Yk@c@WOQK]O_@OoAm@UKqBe@@TJrAJpAKqAKsAAUfAVh@LTJnAl@^N\NPJVNj@b@ZXf@`@ZNJ@Be@EA
WF2 0GU,35,682,Royal Spice → The Glynn Living → The Wren Cafe → Hong Kong Vegan → Royal Spice,3,2985,372,6min,_uvfIdbgHF[Ls@NG`@Wb@c@fCyCPl@Dd@F^FLJLHLJZ[ZZ[K[IMKMGMG_@Ee@Qm@q@v@uA`Bc@b@a@VOFMr@Or@Gh@?f@B^J^Tn@FNLZRp@Jb@DX@l@@p@@`@@L?NHv@L`A@JB\@Z?r@Ad@En@Gl@WdBG\KhAMt@QUu@w@WQEr@Qb@Wp@ELQb@Sj@K^qAdFIREHG@I?ECKIU]g@w@KMo@WYMQKQn@I^A@Mz@o@|DY[[U}@a@GC}@a@]OQIOOcAaBS[e@s@]g@u@kAk@{@[YaBqA}@o@k@_@]UUO_CeBvB{Cr@_Ar@w@l@e@n@a@dBcADAt@g@b@Yp@_@d@UTMrBcAtBmAJI^Qh@UdBi@TORQVYz@}@\Yr@]ZETCp@A`@?\?`@EZOMr@GZ
WF2 0GU,35,683,Shawfold Cars → Village Stores → Outwood Primary Academy Kirkhamgate → The Star Inn → Shawfold Cars,3,1750,317,5min,wcwfIdanHEg@EWKWq@j@_@V]TQHc@TIDOFqBdA_@wBm@\OH|@g@^vBe@b@URw@v@Mc@Om@]}CE]Kq@SyACK?AOkA_@qCcAf@[yAJIKHZxAbAg@^pCNlABJRxAJp@D\\|CNl@Lb@yAzAi@l@ORs@aAKMAu@F]?IOs@Nr@?HG\@t@~@nANSh@m@xA{Av@w@TSd@c@pBeANGHEb@UPI\U^Wp@k@JVDVDf@
WF2 0GU,35,684,Shell Select → Holiday Inn → Total Fitness → Toyota Vantage → Shell Select,3,3239,558,9min,_usfIzlmH??RATZIPWj@Kb@q@xBXnAp@~BPl@DHZi@DCHDZRNFDCJQJOb@m@FQDO}@a@??Fo@bA^EVGXENGPc@l@KNKPEBEJs@`A]aAEIQm@q@_CYoAG[?K@QJS`@w@TWVk@HQb@iAD_@\_ABQA_@q@gAw@m@KEMGo@_@e@e@[_@SU_@m@KMEECAKCIDK@OFEHEJ{AbHKd@SdAI`@Gd@Kx@CXKfAA`@?LBNBP??FTBBLDH@F@D?NIDEHILOLUFIPa@Pg@DMDMFWPo@@KNq@ViAD]DIDIHIAOAECC_@Y_Aw@~ApABB@D@NCNGNABEHGLWhAOp@AJQn@GVELELQf@Q`@GHMTMNIHEDOHEBEFEDIPANENGHWFECIIEMCOAQBQDOBCJ[BMBMBM@a@JgABYJy@Fe@Ha@ReAJe@zAcH@K?G?EAa@CQ?QBQHWDAJEF?B?HF@BDHDN@RBX@LBJFV^l@RTZ^d@d@n@^PeAHM\KHYNm@BETmADMB?BB@DYtABOTeAAECCC?ELUlACDOl@IX]JILQdALFJDv@l@TJb@Fn@OSz@Qb@[z@[x@c@hAIPWj@Kb@q@xBG[?K@QJS`@w@@[Ea@BS@CHU@C
WF2 0GU,35,685,Shine hand car wash → Toyota Vantage → Total Fitness → Ramada → Shine hand car wash,3,2160,416,6min,mrsfIzmmHKXQJSYHQb@iAD_@\_ABQA_@q@gAw@m@KEMGPeAHM\KHYNm@BETmADMB?BB@DYtABOTeAAECCC?ELUlACDOl@IX]JILQdAo@_@e@e@[_@SU_@m@KMEECAKCIDK@OFEHEJ{AbHKd@SdAI`@Gd@Kx@CXKfAA`@?LBNBP??FTBBLDH@F@D?NIDEHILOLUFIPa@Pg@DMDMFWPo@@KNq@ViAD]DIDIHIAOAECC_@Y_Aw@~ApABB@D@NCNGNABEHGLWhAOp@AJQn@GVELELQf@Q`@GHMTMNRbAb@eADCb@j@DHEL[bA??EBMSCCEEQWAKScAIHEDOHEBEFEDIPANEN?\?B?HBRH\DLFNVf@HN^j@VPLDD@B?B?NEzCuHPg@Rc@JS`@w@TWVk@HQb@iAHLH^O`@
WF2 0GU,35,686,Silcoates School → Wrenthorpe Post Office → Wrenthorpe Park & Alverthorpe Meadows → Hall Cliffe Primary School → Silcoates School,3,8799,1101,18min,ihvfIvciHe@rA?L?FFNJPb@iABGBADADBDHBJ?@?F_B`EELAJAL@L?B@DFHFBDFBHFLDHDHBL@LAPA|@CZAXIhAGrACXCNMPOa@U_@}@aBS_@Wc@y@gAw@eAw@aAsAiBaAwAS[AC_@o@e@q@IMMg@Mm@Gi@G}@EkB^MXSNSLUV}@DKn@qCPq@Tm@n@eBX}@\yALu@JiAF]VeBFm@Do@@e@?s@A[C]AKMaAIw@?OAMAa@Aq@Am@EYKc@Sq@M[GOUo@K_@C_@?g@Fi@Ns@Ls@NG`@Wb@c@fCyCb@g@jAoA|BcCNMxAwAh@m@V[T_@d@iAVk@d@aBT}@\{A^uA|@uC\cAPo@H[F_@BSN@L@J?HADCDGb@i@FGFI@EFIHQJYDQBUFq@@M@M@MBc@H@F?B?@?L@N?VAJAJARCLEPERGDCHCJGLININKFEFGFELO@A^]^]b@c@z@{@`AcAZYb@e@NO|A_BFE@AdAgAr@s@r@u@JEHEn@Al@@hBALAN?F?FBLL@DNPDFNRRRV\VZI`@ADCJAFOp@i@zBWjAOnAO`AYhAMb@a@|AMx@@j@NrAPdAHl@@BJn@VtB@D@FH`AHlA?J@j@@x@AbAIdAIz@Kn@]~AUx@Kb@Ij@IAMBmBjBUTEBCD]\w@bAGLGLwAhCy@jAILg@p@mAdBKN[`@MVi@z@e@`Ag@jA]j@Yn@]n@k@x@[^a@h@g@f@UR??TSf@g@V|@`@vAVz@Tz@Tr@Td@PVRRRLXLXBX?f@Od@M^MTKr@Sb@Q^M^Mf@Oh@OnA_@VIVGpBm@|Ac@OxAAJEf@g@jCKf@OfAiAzHGn@Ml@a@tB[~Aq@~Cq@zBCFSn@Uj@]~@Ul@Ob@i@lAk@vAg@hAKR[v@c@pAGReAvCg@zAg@|AMZM\]v@q@fBGL_@`As@fBs@hBwBvE}BrGW~@q@`Ce@rBW|@Qh@Wb@[^q@h@eBzA_AbAc@h@cAlBCHsAeC]u@k@qAQ]qAoCIQ{@eBQi@GUkCgKyAsFIc@Ec@Ee@CcAGmFAiAAUC{AEeFE{C?I?{A?sBL?ZXXB@?[C[YM??iB?u@?e@CoACq@Ee@HLd@p@^n@@BRZ`AvArAhBv@`Av@dAx@fAVb@R^Vg@Dw@?s@?GFWFMPi@HQBQ?KESAG?E?KF]DYNa@`@eAKQGO?G?Md@sA
WF2 0GU,35,687,Silkwood Farm → Total Fitness → DVSA Wakefield Test Center → Shell Select → Silkwood Farm,3,4103,632,10min,katfIj_mHQ`A][WSMn@oB_BlA_GXq@J[HWn@z@zB`CLJD@D?LEDAJEF?B?HF@BDHDN@RAPEPGLIDK@OFEHEJ{AbHKd@SdAI`@Gd@Kx@CXKfAA`@?LBNBP??FTBBLDH@F@D?NIDEHILOLUFIPa@Pg@DMDMFWPo@@KNq@ViAD]DIDIHIAOAECC_@Y_Aw@~ApABB@D@NCNGNABEHGLWhAOp@AJQn@GVELELQf@Q`@GHMTMNIHEDOHEBEFEDIPANENGHWFECIIEMCOAQBQDOBCJ[BMBMBM@a@JgABYJy@Fe@Ha@ReAJe@zAcH@K?G?EAa@CQEUAMEIKU{BaCo@{@IVKZYp@mA~FnB~AUfAABC@C@MD@^?D?BGTDO@E?C?EA_@LEBABA@CTgAoB_BlA_GXq@J[HWn@z@zB`CLJD@D?LEDAJEF?B?HF@BDHDN@RAPEPGLIDK@OFEHEJ{AbHKd@SdAI`@Gd@Kx@CXKfAA`@?LBNBP??FTBBDJBN?PANEN?\?B?HBRH\DLFNVf@HN^j@VPLDD@B?B?NEzCuHPg@Rc@JS`@w@@[Ea@BS@CHU@C??RATZb@iAD_@\_ABQA_@q@gAw@m@KEMGo@_@e@e@[_@SU_@m@KMEECAKCIDK@KEGIGMCQEUAMEIKU{BaCo@{@IVKZYp@mA~FnB~ALo@VR\ZPaA
WF2 0GU,35,688,Spot on Dog Grooming → Declans → Pinderfields Hospital PRU → St Annes → Spot on Dog Grooming,3,1707,312,5min,yywfIxehHy@m@k@_@]UUO_CeBqA_Ak@_@IIZyAGOIUHTFN[xAHHj@^pA~@l@b@pA`ATN\Tj@^|@n@`BpAZXj@z@Z_AXcAb@_BBILLl@j@??m@k@MMCHc@~AYbA[~@t@jA\f@d@r@RZj@~@V`@NNPH\N|@`@FB|@`@MjANFOGLkA}@a@GC}@a@]OQIOOcAaBS[e@s@]g@u@kAk@{@[YaBqACA
WF2 0GU,35,689,Spring Mill Golf Course → JB's Cafe & Bistro → Ossett Flushdyke Junior and Infant School → Ramada → Spring Mill Golf Course,3,10482,1027,17min,ovsfIncpHi@}BEOGKIIKEIAIAIDIJiCbDg@t@SVo@j@gAlAi@x@_@p@]LyBeAJ_CJmF?i@AWAOKYUq@U_@TRz@XAf@EzA\EHLH?H{@FWJg@@qBEGa@D]?CbBAf@GDI?GAIGUq@U_@mAqAc@OQAQ?_@LURW\O\Mj@I|@Bx@Dd@X`@RLRAPGLQJUlA{DJa@p@sBt@aBzDkIFMP_@VaADg@?c@A]E[G]Ia@IOGYG]A[AW?W@wD@y@@[@YD]H[Rg@POPMLINEP@RBTLVXJXFVDVDX@\?ZAtDA|@AZA\ETW~@MZa@fAcAxBkAjCkDhHq@zAq@nBy@bDWvAAFW|AQ`BQjBGlAIdCEvCGnEQnLIdCSvC_@|De@vCg@tBs@dCqAvCwL`SwBhDmDxF{AhCiBbD{@lBoB`Fq@xBe@xBg@xCYpCKzAG`BChCD|BRlDXrCj@`Ev@bDr@tCLRLHP@HCVAJ@FBFFFJFVBLFf@@H?PAPEPELIHGDGBk@EEAGEGGEKEMCS?U?]UmAaAmDq@cDm@eE[sCSoDCu@AiA@kCDcBJ}AToCd@_Dh@qBp@cCvBuFx@kBbBkDrAgChHiL`H}KnCoErAyCr@uBj@wBf@uCd@uDRuCHoCNkLDwBFwFJ}BZcEP}Ah@_Dt@_DJa@p@sBt@aBzDkIFMP_@VaADg@?c@A]E[G]Ia@IOGYG]A[AW?W@wD@y@@[@YD]H[Rg@`@sAtA}DBW\aAFOBQ@O?G?MAECGmAeBKQQe@CIIUIa@EMCMECIIEMCOAQBQDOBCDEHEH?HDBDBBLDH@F@D?NIDEHIRbAb@eADCb@j@DHEL[bA??EBMSCCEEQWAKScAIHEDOHEBEFEDIPANEN?\?B?HBRH\DLFNVf@HN^j@VPLDD@B?B?NEzCuHRMVCXnAp@~BPl@DH\`ARh@j@|ArCnHJ\z@~CX`AjAfFBNz@pEbBjMZdCTxA[Ju@b@C@ELEDUV{@r@SLM@_@JODEBEB[VQZiAzBCFa@n@k@t@IJIDKPQ`@Yl@EFEFOFA?KCaA}AWg@GQGWWkA
WF2 0GU,35,690,St Annes → Pinderfields Hospital PRU → Wrenthorpe Methodist Church → The Well Church (Elim Pentecostal) → St Annes,3,1364,282,4min,qnwfIfshHk@_AS[e@s@]g@u@kAZ_AXcAb@_BBILLl@j@??m@k@MMCHc@~AYbA[~@t@jA\f@d@r@RZbA`BNNPH\N|@`@FBFYb@eATy@Ux@O\Sf@GX|@`@ZTXZFHf@TzB^MNWNINKZI\ITi@XMNEPG^EZOEQCG?USMOReADUj@cDGIY[[U}@a@GC}@a@]OQIOOWa@
WF2 0GU,35,691,St Michaels Church → R H Binks And Sons → The Dental Studio → Methodist Church → St Michaels Church,3,2357,336,5min,oz{fIfllHdBc@@H|@g@|@q@TWVUdA[x@CLiAFy@NaB`@mCv@qCDQTq@R_@f@dAWj@_AMw@pCa@lCWzCMhAEt@ARGdACn@Cp@Cz@Cv@AxA?TC`E?FCnD?FElBGjAEd@Q|@EH\jA]kADIP}@De@FkADuBBoD?GBaE?U@yABw@B{@Bq@Bo@FeA@SDu@LiAV{Cg@iDCQIs@AE]cCZNJ@ZDZ@L?n@Al@AUp@EPw@pCa@lCWzCMhAy@BeAZWTUV}@p@}@f@AIeBb@
WF2 0GU,35,692,Sun Bo → Blue Marlin Fisheries → Mill View Stores → Kylies Sandwich Bar & Custom Cakes → Sun Bo,3,1363,309,5min,_aufIjxiHd@v@FDGRKR[o@c@_AGReAvCg@zAGIWKVJFHJWZcAdAwCFSb@~@Zn@BHRb@HTNVLVLVTfAj@Sk@RESOs@MWMWOWIUSc@CI[o@c@_AGReAvCg@zAg@|AMZM\]v@q@fBGLZl@P[QZ[m@FMPg@^_A\w@L]L[f@}Af@{AdAwCFSb@~@Zn@JSFSGEe@w@
WF2 0GU,35,693,Sunnyhill Stores → Jerry Clay Academy → Hall Cliffe Primary School → Wrenthorpe Dental Care → Sunnyhill Stores,3,3489,507,8min,i{vfIlpjH??^QGmFAiAAUC{AEeFE{C?I?{A?sB?iB?u@?e@CoACq@Ee@Mg@g@f@GDSPEBYRGFGHMX[t@]v@aBnD_@x@KTQd@a@x@Sb@EJEJUj@a@`AkFtLyHfQdAnBl@hAFNDL@L?NCHGNQd@Pe@FOBI?OAMEMGOm@iAeAoBxHgQjFuL`@aAZw@DKRc@`@y@Pe@JU^y@`BoD\w@Zu@LYFIFGXSDCRQFEf@g@Lf@Dd@Bp@BnA?d@?t@?hBL?ZXXB@?[C[YM??iB?u@?e@CoACq@Ee@Mg@Mm@Gi@WDYFI@kARLA|@QHAXGVEFh@Ll@Lf@Dd@Bp@BnA?d@?t@?hB?rB?zA?HDzCDdFBzA@T@hAFlF_@P??
WF2 0GU,35,694,Tania's Barbershop → Methodist Church → BP Manor Service Station → St Michaels Church → Tania's Barbershop,3,1331,258,4min,cm{fIhalHJiAg@iDCQIs@AE]cCZNJ@ZDZ@L?n@Al@AR_@f@dAOZGN_AMw@pCa@lCWzCMhAy@BeAZWTUV}@p@}@f@AI{DbAGXNfANTHFFn@Go@IGOUOgAFYtA_@dBc@@H|@g@|@q@TWVUdA[x@CLiAJqA
WF2 0GU,35,695,Tardis → West Yorkshire Police Learning & Development Centre → Cardigan House → Carr Gate Garden Centre → Tardis,3,12473,823,13min,_vyfItzjH??BBJCJAFABG?IEmAh@OKgDAS?Q?Q?Q@QFaB?Q?MEWOIGCI?ODeCnDg@h@g@b@cAp@iB`ASJIDGHIHEHCHYlA?BCvA?P@P@RDRThAf@~Br@|CnB|INn@bApEj@fCR|@vAlGtAxDbCzFbCdFbAjBb@x@bAjBnCrD|CfEjDpDxFdFfMjJzBxA`CrAtBfAtDrBtG`Dn@R~FjBlGhAdE\xDDvEOnE[hOcClImApBYzRuF^OZSPMNQNUj@{ARg@POPMLINEP@RBTLVXJXFVDVDX@\?ZAtDA|@AZA\ETW~@MZk@Va@@OCWOMOMUIOi@w@a@So@E{Lh@qAFsFj@sInAeOdCoE`@cFJwDImE]eGaAaGiBs@W_HeDkDqBuBiAcCcB}B_BqFsDiF{DkFqEoD{DaDeE}BqDmAkBc@y@wAuCoEsJuBoF_AqCo@wA_AuCqA}DOc@}BiHwAmEQa@Uu@K]MYKWGMGKGIGIGGEEMIOKc@SEAc@e@OUGQEOEQAMAOAQ?S@O@O?GDQFWFWFOFMrAuBHKFGFGHGHGJCHAH?H?H@JDt@NZLPBLBR@NANCLEJGZSjAy@`A_A`AkAb@o@pB}CbCqDFM^_AVe@L_@FYDY@W@YAYMoAe@P[Hi@Tk@Vg@Re@RiAd@EBIDqBx@qAh@gCfA}@^kBn@e@Rq@l@Wz@a@dBZt@Vj@r@yA??s@xAWk@[u@`@eBV{@p@m@d@SjBo@|@_@fCgApAi@pBy@HEDChAe@d@Sf@Sj@Wh@UZId@QEo@?_@BYDc@FYJa@R_@PS^YjBcAj@YPIrBkAnB_APIJf@@L?LENc@n@W`@W`@SXo@jASZ}@dBgBjD{@xAw@~@}EnHOTa@n@J`@BNDV?L?PG`BAP?P?P?P@RJfDi@NDlA?HCFG@K@KBCC??
WF2 0GU,35,696,The Bay Horse → Main Street Fisheries → China And Thai Express → East Ardsley Express → The Bay Horse,3,1546,341,5min,qh{fInqkHPRMVS^Up@EPw@pCa@lCg@iDCQKy@]cCZNJ@Be@a@M??`@LCd@ZDZ@L?n@Al@AUp@EPw@pCa@lC[yBKo@CQKy@]cCg@a@[Yk@c@WOQK]O_@OoAm@UKqBe@@TJrAJpAKqAKsAAUfAVh@LTJnAl@^N\NPJVNj@b@ZXf@`@ZNJ@ZDZ@L?n@Al@AR_@LWQS
WF2 0GU,35,697,The Blue Light → The New Albion → Alverthorpe St Paul's CofE (VA) School → Al Fresco → The Blue Light,3,1686,375,6min,udufI~cjHIWHIt@sA|AmCRb@U`@CCAAGJ??FK@@BBTa@Sc@CI[o@c@_Ab@qAZw@MUKKQIQG[IQCSGMEQKY[g@g@SWy@oAGEKCQl@c@`AEd@Er@ETIVKXERGTEX@\Ap@AXGVILDZBV?R@RGd@A\CTCB??C?B?BCBU@]Fe@AS?SCWE[HMFW@Y@q@A]DYFUDSJYHWDUDs@De@b@aAPm@JBFDx@nARVf@f@XZPJLDRFPBZHPFPHJJLT[v@c@pAb@~@Zn@JSFSD_@Bm@@Q@QBk@?Q@UBy@Cx@ATC|@APAPCl@E^GRKRBH}AlCu@rAIHHV
WF2 0GU,35,698,The Dental Studio → St Michaels Church → R H Binks And Sons → Methodist Church → The Dental Studio,3,1823,298,4min,go{fI|`mH?GBoD?GBaE?U@yABw@B{@Bq@Bo@FeA@SDu@y@BeAZWTUV}@p@}@f@AI{DbAGXNfANTHFFn@Go@IGOUOgAFYtA_@dBc@@H|@g@|@q@TWVUdA[x@CLiAFy@NaBg@iDCQIs@AE]cCZNJ@ZDZ@L?n@Al@AUp@EPw@pCa@lCWzCMhAEt@ARGdACn@Cp@Cz@Cv@AxA?TC`E?FCnD?F
WF2 0GU,35,699,The Eagle → Flanshaw Lodge → Alverthorpe Working Mens Club → GJH Commercial Vehicle Services Ltd → The Eagle,3,2913,472,7min,u`tfIfsjH@ARQDC??`@YRQXSPWZi@HOLW^u@FNHRDPDVUJmAhADd@Lb@?AMa@Ee@lAiATKEWEQISGO_@t@MVIN[h@QVYRSPa@X??EBSP[RKHQJYJC?SBY?OAQCYMi@Y_@MkB]s@Oc@Kc@MGAu@YQMKKn@{DD^i@fDPLt@XF@b@Lb@J~Cl@AfD?nCAr@?lAA|C?V?XErK?H?hA?|@AjAB`AFr@BRcAb@KBSDYBYBWAeACo@A?{A?M@uBm@?M?EBCH?d@BHDDZ?[?EECI?e@BIDCL?V?T?AtB?L?zAn@@dABV@XCXCREJCbAc@CSGs@CaA@kA?}@?iA?IDsK?Y?W@}C?mA@s@?oC@gD^Lh@XXLPBN@X?RCB?XKPKJIXQ
WF2 0GU,35,700,The Glynn Living → Royal Spice → The Wren Cafe → Wrenthorpe Park & Alverthorpe Meadows → The Glynn Living,3,7382,898,14min,}nvfInzfHuA`Bc@b@a@VOFMr@GZGVGh@?f@B^J^Tn@FNLZRp@Jb@DX@l@@p@@`@@L?NHv@L`A@JB\@Z?r@Ad@En@Gl@WdBG\KhAMt@QUu@w@WQEr@Qb@Wp@ELQb@Sj@f@l@g@m@Rk@Vq@Vq@Pc@Ds@VPt@v@PTLu@JiAF]VeBFm@Do@@e@?s@A[C]AKMaAIw@?OAMAa@Aq@Am@EYKc@Sq@M[GOUo@K_@C_@?g@Fi@Ns@Ls@NG`@Wb@c@fCyCb@g@jAoA|BcCNMxAwAh@m@V[T_@d@iAVk@d@aBT}@\{A^uA|@uC\cAPo@H[F_@BSN@L@J?HADCDGb@i@FGFI@EFIHQJYDQBUFq@@M@M@MBc@H@F?B?@?L@N?VAJAJARCLEPERGDCHCJGLININKFEFGFELO@A^]^]b@c@z@{@`AcAZYb@e@NO|A_BFE@AdAgAr@s@r@u@JEHEn@Al@@hBALAN?F?FBLL@DNPDFNRRRV\VZI`@ADCJAFOp@i@zBWjAOnAO`AYhAMb@a@|AMx@@j@NrAPdAHl@@BJn@VtB@D@FH`AHlA?J@j@@x@AbAIdAIz@Kn@]~AUx@Kb@Ij@IAMBmBjBUTEBCD]\w@bAGLGLwAhCy@jAILg@p@mAdBKN[`@MVi@z@e@`Ag@jA]j@Yn@]n@k@x@[^a@h@g@f@UR??TSf@g@`@i@Z_@j@y@\o@Xo@\k@f@kAd@aAh@{@LWZa@JOlAeBf@q@HMx@kAvAiCFMFMv@cA\]BEDCTUlBkBLCH@Hk@Jc@Ty@\_BJo@H{@HeA@cAAy@Ak@?KImAIaAAGAEWuBKo@ACIm@QeAOsAAk@Ly@`@}ALc@XiANaANoAVkAh@{BNq@@GBK@EHa@W[W]SSOSEGOQAEMMGCG?O?M@iB@m@Ao@@IDKDs@t@s@r@eAfAA@GD}A~AONc@d@[XaAbA{@z@c@b@_@\_@\A@MNGDGFGDOJOHMHKFIBEBSFQDMDSBK@K@W@O?MAA?C?G?IAQ@G?GAKCMCICGCGE_@AE?C?E@A?C@??C@ABC@A@ADABCJ?FAFCp@@h@@`@?d@?RAP?RALCNEPCRG^IZQn@]bA}@tC_@tA]zAU|@e@`BWj@e@hAU^WZi@l@yAvAOL}BbCkAnAc@f@q@v@
WF2 0GU,35,701,The Lawrence → tillybods → Wrenthorpe Club → Vic's Cafe → The Lawrence,3,5824,476,7min,wjxfIfhhHVl@JQlAuBtA_CV_@BCT[HM~BdBTN\Tj@^G^I@??WQODLu@]UUO_CeB_@h@CBW^uA~BmAtBKPq@hAGHq@jAaAdBSb@oBxD_AhBcA|AKLCDu@~@}@|@a@XCB_@RQHoB~@sBjAQHk@XkBbA_@XQRS^K`@GXEb@CX?^Dn@Lj@HPFJHFJDJ?JAJEJKv@}AvByFf@cC\cCLoATeCd@{Ht@wLDyANoDD{@EGEIAIAIAM?MBODKBIDEJELaALy@Bq@B]l@mEHOHMRByAdK?\?`@DLBL?N?LCLCHGLIFO~@MdDG|As@tLg@`IUfCYbCYhBa@rBe@jBk@hBcA`CqAfC}EnHOTa@n@a@h@eCnDg@h@g@b@cAp@iB`ASJIDGHIHEHCHYlA?BOt@ETELEHGJcBvBGHIHIDIBIBI@K?OAEAc@e@OUGQEOEQAMAOAQ?S@O@O?GDQFWFWFOFMrAuBHKFGFGHGHGJCHAH?H?H@JDt@NZLPBLBR@NANCLEJGZSjAy@`A_A`AkAb@o@pB}CbCqDFM^_AVe@L_@FYDY@W@YAYMoAEo@?_@BYDc@FYJa@R_@PS^YjBcAj@YPIrBkAnB_API^SBC`@Y|@}@t@_ABEJMbA}A~@iBnByDRc@`AeBp@kAFIp@iAWm@
WF2 0GU,35,702,The Malt Shovel → Carr Gate WMC → Gardener's Retreat Restaurant → Tardis → The Malt Shovel,3,4455,551,9min,ysyfIvxiHb@Qj@WCoBGmAq@LJr@Ks@p@M@PDz@BnBk@Vg@Re@RiAd@EBIDqBx@qAh@gCfA}@^_Bh@KDe@Rq@l@Wz@a@dBIf@Hg@`@eBV{@p@m@d@SjBo@|@_@fCgApAi@pBy@HEDChAe@d@Sf@Sj@Wh@UZId@QEo@?_@BYDc@FYJa@R_@PS^YjBcAj@YPIrBkAnB_APIJf@@L?LENc@n@W`@W`@SXo@jASZ}@dBgBjD{@xAw@~@}EnHOTa@n@J`@BNDV?L?PG`BAP?P?P?P@RJfDi@NG_BIgCAYAOEECAEHIJKNCD@^FxBDrB@f@DRDF??BBJCJAFABG?IEmAh@OKgDAS?Q?Q?Q@QFaB?Q?MEWOIGCI?ODeCnDg@h@g@b@cAp@iB`ASJIDGHIHEHCHYlA?BOt@ETELEHGJcBvBGHIHIDIBIBI@K?OAEAc@e@OUGQEOEQAMAOAQ?S@O@O?GDQFWFWFOFMrAuBHKFGFGHGHGJCHAH?H?H@JDt@NZLPBLBR@NANCLEJGZSjAy@`A_A`AkAb@o@pB}CbCqDFM^_AVe@L_@FYDY@W@YAYMoAe@P[Hi@Tk@Vc@P
WF2 0GU,35,703,The Mens Room → St Michaels Church → R H Binks And Sons → Methodist Church → The Mens Room,3,1847,301,5min,io{fIbbmH@m@BoD?GBaE?U@yABw@B{@Bq@Bo@FeA@SDu@y@BeAZWTUV}@p@}@f@AI{DbAGXNfANTHFFn@Go@IGOUOgAFYtA_@dBc@@H|@g@|@q@TWVUdA[x@CLiAFy@NaBg@iDCQIs@AE]cCZNJ@ZDZ@L?n@Al@AUp@EPw@pCa@lCWzCMhAEt@ARGdACn@Cp@Cz@Cv@AxA?TC`E?FCnDAl@
WF2 0GU,35,704,The New Albion → The Blue Light → Al Fresco → Alverthorpe St Paul's CofE (VA) School → The New Albion,3,1751,390,6min,q`ufIf~iHFK@@BBTa@Sc@}AlCu@rAIHHVN`@ADCDSRRSBE@EYy@HIt@sA|AmCCIJSFSD_@Bm@@Q@QBk@?Q@UBy@Cx@ATC|@APAPCl@E^GRKR[o@c@_Ab@qAZw@MUKKQIQG[IQCSGMEQKY[g@g@SWy@oAGEKCQl@c@`AEd@Er@ETIVKXERGTEX@\Ap@AXGVILDZBV?R@RGd@A\CTCB??C?B?BCBU@]Fe@AS?SCWE[HMFW@Y@q@A]DYFUDSJYHWDUDs@De@b@aAPm@JBFDx@nARVf@f@XZPJLDRFPBZHPFPHJJLT[v@c@pAb@~@Zn@BHRb@U`@CCAAGJ
WF2 0GU,35,705,The New Pot Oil → The Well Church (Elim Pentecostal) → Wrenthorpe Post Office → Wrenthorpe Methodist Church → The New Pot Oil,3,1681,275,4min,_~vfIf{hHODI@UBc@EMNWNINKZI\ITi@XMNEPG^EZOEQCG?USMOReADUj@cDGIn@}DL{@@AH_@Po@Je@Jo@Fa@D[@IDUFg@BSBMD[F]BUFc@@EJg@BIPRNFTJNFTFN?F@xCBX@VPt@v@PT]xAY|@o@dBUl@Qp@o@pCEJW|@MTORYR_@LODYHI@UBc@E{B_@g@UGIY[[U}@a@FYb@eATy@Ux@O\Sf@GX|@`@ZTXZFHf@TzB^b@DTCHANE
WF2 0GU,35,706,The New Wheel → The Well Church (Elim Pentecostal) → Wrenthorpe Methodist Church → Wrenthorpe Post Office → The New Wheel,3,1418,263,4min,mawfIf{hHXDMNWNINKZI\ITi@XMNEPG^EZOEQCG?USMOReADUj@cDGIY[[U}@a@FYb@eATy@Ux@O\Sf@GX|@`@ZTXZn@}DL{@@AH_@Po@Je@Jo@Fa@D[@IDUFg@BSBMD[F]BUFc@@EJg@BIPRNFTJNFTFN?F@xCBX@VPt@v@PT]xAY|@o@dBUl@Qp@o@pCEJW|@MTORYR_@LODYHI@UBc@EYE
WF2 0GU,35,707,The Quad → Vic's Cafe → The Wheel → The Lawrence → The Quad,3,9502,657,10min,gtxfIbufHFYfBcGzAgE|A_Ex@iBt@yAfBcDf@u@v@gAr@}@|@gA|@w@lB{AnBkAfBw@jBk@dBY|AQT?N@RDRFNFL@JAJCLULKPEPFNLFNDRBX?ZETGTMPSHSCMGKQEOCIIQMOOOUIQESEWA_BPaB^iBh@gBr@kBlAmBvA{@z@{@|@w@`Aq@dAi@v@gB`Ds@vAu@bBaB|DqAzDiBhG}BzIUvAaA|GyAdK?\?`@DLBL?N?LCLCHGLIFG@G?GCECEGEIAIAIAM?MBODKBIDEJELaALy@Bq@B]l@mEHOHMBQ~@sGVoAtBcJfBcGzAgE|A_Ex@iBt@yAfBcDf@u@v@gAr@}@|@gA|@w@lB{AnBkAfBw@jBk@dBY|AQT?N@RDRFNFL@JAJCLULKPEPFNLXAPERKXI`BKD?\CPANA~@Gb@?R@TDP@H?LCNQBGDIHGFEH?H@B@HAFAHCLEJCJCHCNCZG`@IXEHCDALETKFAl@W??LE@ALEHCJAHAJAJ?L@J@@?NB@?LDJBNFPFFH@BDDLNNLNNPNPNJFHDHDRJTJl@X^Rf@VPHFDHDDDDBJHRNJHFFNJNLb@XHBBBLFJDNHd@NBBBBDDHHCb@ALALALGp@CTEPKXIPGHADGHGFc@h@EFEBCBGFC?E@QBO?G^IZQn@]bA}@tC_@tA]zAU|@e@`BWj@e@hAU^WZi@l@yAvAOL}BbCkAnAc@f@gCxCc@b@a@VOF[Na@D]?a@?q@@UB[Ds@\]X{@|@WXSPUNeBh@i@T_@PKHuBlAsBbA{@b@q@^c@Xu@f@E@eBbAo@`@m@d@s@v@s@~@o@~@gAzA_@h@CBW^uA~BmAtBKPe@iAIUEO?O@OBSZm@DED@HNIOEAED[l@CRAN?NDNHTLZVl@q@hAGHq@jAaAdBSb@oBxD_AhBcA|AKLCDu@~@}@|@a@XCB_@RQHoB~@sBjAQHk@XkBbA_@XQRS^K`@GXEb@CX?^Dn@Lj@HPFJHFJDJ?JAJEJKv@}AvByFf@cC\cCLoATeCd@{Ht@wLDyANoDD{@EGEIAIAIAM?MBODKBIDEJELaALy@|@kGJo@BQ~@sGVoAlBiI
WF2 0GU,35,708,The Star Inn → Lindale Methodist Church → Outwood Primary Academy Kirkhamgate → Shawfold Cars → The Star Inn,3,1568,260,4min,}wwfIfknHr@`ANSh@m@xA{AMc@Om@MiAOsAE]Kq@SyACK?AOkA_@qCcAf@[yAJIKHZxAbAg@^pCNlABJRxAJp@D\\|CNl@Lb@v@w@TSd@c@pBeANGHEb@UPI\U^Wp@k@JVDVDf@@FCz@Jj@DXEYKk@B{@Go@EWKWq@j@_@V]TQHc@TIDOFqBdAe@b@URw@v@yAzAi@l@ORs@aA
WF2 0GU,35,709,The Well Church (Elim Pentecostal) → Wrenthorpe Dental Care → Wrenthorpe Methodist Church → St Annes → The Well Church (Elim Pentecostal),3,1389,312,5min,cgwfIz~hHj@cDf@TzB^b@DTCHAXINEDjBF|@WDYFI@kARLA|@QHAXGVEG}@EkBODYHI@UBc@E{B_@g@UGIY[[U}@a@FYb@eATy@Ux@O\Sf@GXGC}@a@]OQIOOWa@k@_AS[e@s@Rg@@CTk@Uj@ABSf@d@r@RZbA`BNNPH\N|@`@FB|@`@ZTXZFHk@bD
WF2 0GU,35,710,The Wheel → Wrenthorpe Club → The Lawrence → Wrenthorpe Academy → The Wheel,3,1732,292,4min,k`xfIb|gHgAzA~BdBTN\Tj@^G^I@??WQODLu@]UUO_CeB_@h@CBW^uA~BmAtBKPe@iAIUEO?O@OBSZm@DED@HNIOEAED[l@CRAN?NDNHTLZVl@JQlAuBtA_CV_@BC^i@~BdBTN\Tj@^|@n@`BpAZXj@z@Z_AXcAb@_BBIHS??IRCHc@~AYbA[~@k@{@[YaBqA}@o@k@_@]UUO_CeBfA{A
WF2 0GU,35,711,The Wren Cafe → Conroyds Fish and Chips → The New Pot Oil → Wrenthorpe Methodist Church → The Wren Cafe,3,1229,222,3min,exvfInhhHDMVq@Pc@Ds@VPt@v@PT]xAY|@o@dBUl@GRy@nDEJW|@MTORYR_@LODIBODI@UBc@E{B_@g@UGIY[[U}@a@FYb@eATy@Ux@O\Sf@GX|@`@ZTXZn@}DL{@@AH_@Po@PJXLn@VJLf@v@T\JHDBH?FADIHSpAeFJ_@Rk@Pc@
WF2 0GU,35,712,tillybods → Wrenthorpe Club → The Lawrence → Wrenthorpe Academy → tillybods,3,1647,274,4min,}bxfIl_hHHM~BdBTN\Tj@^G^I@??WQODLu@]UUO_CeB_@h@CBW^uA~BmAtBKPe@iAIUEO?O@OBSZm@DED@HNIOEAED[l@CRAN?NDNHTLZVl@JQlAuBtA_CV_@BC^i@~BdBTN\Tj@^|@n@`BpAZXj@z@Z_AXcAb@_BBIHS??IRCHc@~AYbA[~@k@{@[YaBqA}@o@k@_@]UUO_CeBIL
WF2 0GU,35,713,Total Fitness → Silkwood Farm → Shell Select → DVSA Wakefield Test Center → Total Fitness,3,4023,613,10min,o{sfIpemH^XBB@D@NCNGNABEHGLWhAOp@AJQn@GVELELQf@Q`@GHMTMNIHEDOHEBEFEDIPANENGHWFECIIEMCOAQBQDOBCJ[BMBMBM@a@JgABYJy@Fe@Ha@ReAJe@zAcH@K?G?EAa@CQEUAMEIKU{BaCo@{@IVKZYp@mA~FnB~ALo@VR\ZPaA??Q`A][WSMn@oB_BlA_GXq@J[HWn@z@zB`CLJD@D?LEDAJEF?B?HF@BDHDN@RAPEPGLIDK@OFEHEJ{AbHKd@SdAI`@Gd@Kx@CXKfAA`@?LBNBP??FTBBDJBN?PANEN?\?B?HBRH\DLFNVf@HN^j@VPLDD@B?B?NEzCuHPg@Rc@JS`@w@@[Ea@BS@CHU@C??RATZb@iAD_@\_ABQA_@q@gAw@m@KEMGo@_@e@e@[_@SU_@m@KMEECAKCIDK@KEGIGMCQEUAMEIKU{BaCo@{@IVKZYp@mA~FnB~AUfAABC@C@MD@^?D?BGTDO@E?C?EA_@LEBABA@CTgAoB_BlA_GXq@J[HWn@z@zB`CLJD@D?LEDAJEF?B?HF@BDHDN@RAPEPGLIDK@OFEHEJ{AbHKd@SdAI`@Gd@Kx@CXKfAA`@?LBNBP??FTBBLDH@F@D?NIDEHILOLUFIPa@Pg@DMDMFWPo@@KNq@ViAD]DIDIHIAOAECC_@Y
WF2 0GU,35,714,Toyota Vantage → Shell Select → Total Fitness → Silkwood Farm → Toyota Vantage,3,3300,574,9min,grsfIz|lHTeAAECCC?ELUlACDOl@IX]JILQdALFJDv@l@TJb@Fn@OSz@Qb@[z@[x@c@hAIPWj@Kb@q@xBG[?K@QJS`@w@@[Ea@BS@CHU@C??RATZb@iAD_@\_ABQA_@q@gAw@m@KEMGo@_@e@e@[_@SU_@m@KMEECAKCIDK@OFEHEJ{AbHKd@SdAI`@Gd@Kx@CXKfAA`@?LBNBP??FTBBLDH@F@D?NIDEHILOLUFIPa@Pg@DMDMFWPo@@KNq@ViAD]DIDIHIAOAECC_@Y_Aw@~ApABB@D@NCNGNABEHGLWhAOp@AJQn@GVELELQf@Q`@GHMTMNIHEDOHEBEFEDIPANENGHWFECIIEMCOAQBQDOBCJ[BMBMBM@a@JgABYJy@Fe@Ha@ReAJe@zAcH@K?G?EAa@CQEUAMEIKU{BaCo@{@IVKZYp@mA~FnB~ALo@VR\ZPaA??Q`A][WSMn@oB_BlA_GXq@J[HWn@z@zB`CLJD@D?LEDAJEF?B?HF@BDHDN@RBX@LBJFV^l@RTZ^d@d@n@^PeAHM\KHYNm@BETmADMB?BB@DUdA
WF2 0GU,35,715,Valley Cresent Day Centre → Conroyds Fish and Chips → The New Pot Oil → Wrenthorpe Methodist Church → Valley Cresent Day Centre,3,1229,222,3min,gxvfInhhHFMVq@Pc@Ds@VPt@v@PT]xAY|@o@dBUl@GRy@nDEJW|@MTORYR_@LODIBODI@UBc@E{B_@g@UGIY[[U}@a@FYb@eATy@Ux@O\Sf@GX|@`@ZTXZn@}DL{@@AH_@Po@PJXLn@VJLf@v@T\JHDBH?FADIHSpAeFJ_@Rk@Nc@
WF2 0GU,35,716,Vic's Cafe → The Quad → The Lawrence → tillybods → Vic's Cafe,3,6930,599,9min,{zxfIpkgHHMBQ~@sGVoAlBiIFYfBcGzAgE|A_Ex@iBt@yAfBcDf@u@v@gAr@}@|@gA|@w@lB{AnBkAfBw@jBk@dBY|AQT?N@RDRFNFL@JAJCLULKPEPFNLXAPERKXI`BKD?\CPANA~@Gb@?R@TDP@H?LCNQBGDIHGFEH?H@B@HAFAHCLEJCJCHCNCZG`@IXEHCDALETKFAl@W??LE@ALEHCJAHAJAJ?L@J@@?NB@?LDJBNFPFFH@BDDLNNLNNPNPNJFHDHDRJTJl@X^Rf@VPHFDHDDDDBJHRNJHFFNJNLb@XHBBBLFJDNHd@NBBBBDDHHCb@ALALALGp@CTEPKXIPGHADGHGFc@h@EFEBCBGFC?E@QBO?G^IZQn@]bA}@tC_@tA]zAU|@e@`BWj@e@hAU^WZi@l@yAvAOL}BbCkAnAc@f@gCxCc@b@a@VOF[Na@D]?a@?q@@UB[Ds@\]X{@|@WXSPUNeBh@i@T_@PKHuBlAsBbA{@b@q@^c@Xu@f@E@eBbAo@`@m@d@s@v@s@~@wBzC_@h@CBW^uA~BmAtBKPe@iAIUEO?O@OBSZm@DED@HNIOEAED[l@CRAN?NDNHTLZVl@JQlAuBtA_CV_@BC^i@~BdBTN\Tj@^G^I@WQODLu@]UUO_CeBILUZCBW^uA~BmAtBKPq@hAGHq@jAaAdBSb@oBxD_AhBcA|AKLCDu@~@}@|@a@XCB_@RQHoB~@sBjAQHk@XkBbA_@XQRS^K`@GXEb@CX?^Dn@Lj@HPFJHFJDJ?JAJEJKv@}AvByFf@cC\cCLoATeCd@{Ht@wLDyANoDD{@EGEIAIAIAM?MBODKBIDEJELaALy@|@kGJo@IL
WF2 0GU,35,717,"Village Hall, Kirkhamgate → The Star Inn → Outwood Primary Academy Kirkhamgate → Shawfold Cars → Village Hall, Kirkhamgate",3,1824,320,5min,gswfInbnHRhBNl@Lb@yAzAi@l@ORs@aAKMAu@F]?IOs@Nr@?HG\@t@~@nANSh@m@xA{AMc@Om@]}CE]Kq@SyACK?AOkA_@qCcAf@[yAJIKHZxAbAg@^pCNlABJRxAJp@D\\|CNl@Lb@v@w@TSd@c@pBeANGHEb@UPI\U^Wp@k@JVDVDf@@FCz@Jj@DXEYKk@B{@Go@EWKWq@j@_@V]TQHc@TIDOFqBdAe@b@URw@v@Mc@Om@SiB
WF2 0GU,35,718,Village Stores → Outwood Primary Academy Kirkhamgate → The Star Inn → Shawfold Cars → Village Stores,3,1827,328,5min,opwfI`bnHl@]^vBe@b@URw@v@Mc@Om@]}CE]Kq@SyACK?AOkA_@qCcAf@[yAJIKHZxAbAg@^pCNlABJRxAJp@D\\|CNl@Lb@yAzAi@l@ORs@aAKMAu@F]?IOs@Nr@?HG\@t@~@nANSh@m@xA{Av@w@TSd@c@pBeANGHEb@UPI\U^Wp@k@JVDVDf@@FCz@Jj@DXEYKk@B{@Go@EWKWq@j@_@V]TQHc@TIDOFqBdA_@wBm@\
WF2 0GU,35,719,Wakefield Flanshaw Junior and Infant School → West Villa → NAV Mini Market → Phoenix Young People's Centre → Wakefield Flanshaw Junior and Infant School,3,1529,218,3min,oqtfI~lhHa@lCGn@Ml@a@tB[~AMn@c@nBq@zBCFSn@Uj@]~@Ul@Ob@c@k@[g@Wc@OQKKc@YWzAU~AQlAEl@C\A^ZHPFPH??JJLT[v@c@pAGReAvCg@zAGIWKVJFHf@{An@eBTq@FSb@qAZw@JSf@iAj@wAh@mANc@Tm@\_ATk@Ro@BGp@{Bp@_DZ_B`@uBLm@Fo@`@mC
WF2 0GU,35,720,War Memorial → The Star Inn → Outwood Primary Academy Kirkhamgate → Shawfold Cars → War Memorial,3,1714,311,5min,crwfIfgnHLb@yAzAi@l@ORs@aAKMAu@F]?IOs@Nr@?HG\@t@~@nANSh@m@xA{AMc@Om@]}CE]Kq@SyACK?AOkA_@qCcAf@[yAJIKHZxAbAg@^pCNlABJRxAJp@D\\|CNl@Lb@v@w@TSd@c@pBeANGHEb@UPI\U^Wp@k@JVDVDf@@FCz@Jj@DXEYKk@B{@Go@EWKWq@j@_@V]TQHc@TIDOFqBdAe@b@URw@v@Mc@
WF2 0GU,35,721,War memorial in Kirkhamgate. → The Star Inn → Outwood Primary Academy Kirkhamgate → Shawfold Cars → War memorial in Kirkhamgate.,3,1698,309,5min,{qwfIzgnHDNyAzAi@l@ORs@aAKMAu@F]?IOs@Nr@?HG\@t@~@nANSh@m@xA{AMc@Om@]}CE]Kq@SyACK?AOkA_@qCcAf@[yAJIKHZxAbAg@^pCNlABJRxAJp@D\\|CNl@Lb@v@w@TSd@c@pBeANGHEb@UPI\U^Wp@k@JVDVDf@@FCz@Jj@DXEYKk@B{@Go@EWKWq@j@_@V]TQHc@TIDOFqBdAe@b@URw@v@EO
WF2 0GU,35,722,"War Memorial, Kirkhamgate → The Star Inn → Outwood Primary Academy Kirkhamgate → Shawfold Cars → War Memorial, Kirkhamgate",3,1686,304,5min,gqwfI|gnHMLyAzAi@l@ORs@aAKMAu@F]?IOs@Nr@?HG\@t@~@nANSh@m@xA{AMc@Om@]}CE]Kq@SyACK?AOkA_@qCcAf@[yAJIKHZxAbAg@^pCNlABJRxAJp@D\\|CNl@Lb@v@w@TSd@c@pBeANGHEb@UPI\U^Wp@k@JVDVDf@@FCz@Jj@DXEYKk@B{@Go@EWKWq@j@_@V]TQHc@TIDOFqBdAe@b@URi@h@
WF2 0GU,35,723,"War Memorial on Batley Road, Kirkhamgate → The Star Inn → Outwood Primary Academy Kirkhamgate → Shawfold Cars → War Memorial on Batley Road, Kirkhamgate",3,1686,304,5min,gqwfI|gnHMLyAzAi@l@ORs@aAKMAu@F]?IOs@Nr@?HG\@t@~@nANSh@m@xA{AMc@Om@]}CE]Kq@SyACK?AOkA_@qCcAf@[yAJIKHZxAbAg@^pCNlABJRxAJp@D\\|CNl@Lb@v@w@TSd@c@pBeANGHEb@UPI\U^Wp@k@JVDVDf@@FCz@Jj@DXEYKk@B{@Go@EWKWq@j@_@V]TQHc@TIDOFqBdAe@b@URi@h@
WF2 0GU,35,724,West Ardsley Book Exchange → Hill Top Primary Academy → West Ardsley Methodist Church → The Mens Room → West Ardsley Book Exchange,3,7477,837,13min,qszfIvyqHTHj@RlEhBPFzAp@pBx@pBv@fAd@n@^d@b@eFbNGNm@dBo@|Ay@|BSh@S[EAIAKAGIo@cAOU??NTn@bAFHJ@H@D@RZRi@x@}Bn@}Al@eBFOdFcNe@c@o@_@gAe@NaB|@h@PBJMKLA?OC}@i@O`BqBw@qBy@{Aq@QGmEiBk@Sk@S{Ai@{@Wo@Uu@e@e@[CC]YuAoAkAaAs@i@gAaAGE[Wk@a@cDgCu@g@SGQEc@IKAeBS_@Go@OsB]SEQA?m@AaAA]E{@IaAKiBQ_CE}@AQAQIsAIqAAWMoBGaAIaAUeBYwB]oCe@uBi@mCMs@Gk@u@oH]mDOuAY{BIk@CSIs@OuA_AmHKcAKu@Ic@Rg@P]V_@V_@NMVU~@i@\Qn@UVIj@MZGn@StAq@fBy@\Q`@Sp@]z@g@vBoAh@a@XYP_@DIP}@De@FkABgA@m@zAHHAFEDGDMBSBaClALFDFHBJ@H?FALEJEDIDoA^CRELEFGDI@{AIEtBGjAEd@Q|@EHQ^YXi@`@wBnA{@f@q@\a@R]PgBx@uAp@o@R[Fk@LWHo@T]P_Ah@WTOLW^W^Q\Sf@Hb@Jt@JbA~@lHNtAHr@BRHj@XzBNtA\lDt@nHFj@Lr@h@lCd@tB\nCXvBTdBH`AF`ALnB@VHpAHrA@P@PD|@P~BJhBH`ADz@@\@`A?l@P@RDrB\n@N^FdBRJ@b@HPDRFt@f@bDfCj@`@ZVFDfA`Ar@h@jA`AtAnA\XBBd@Zt@d@n@Tz@VzAh@TH
WF2 0GU,35,725,West Ardsley Community Centre → West Ardsley Methodist Church → West Ardsley Book Exchange → Highfield School → West Ardsley Community Centre,3,12804,1453,24min,qizfIb_sHFMV^S`@D@RZRi@x@}Bn@}Al@eBFOdFcNe@c@o@_@gAe@NaB|@h@PBJMKLA?OC}@i@O`BqBw@qBy@{Aq@QGmEiBk@Sk@SBWDS@S?Q?S@OLaBM`BAN?R?PARERCVTHTHj@RlEhBPFzAp@pBx@pBv@fAd@n@^d@b@eFbNGNm@dBo@|Ay@|BSh@KXKXO^Wt@_@`Aa@pAGV?FCTGxDA|@?JMdHAb@At@At@C~@MfJ?PA`@@p@J`A`@vBBb@LjGj@|Fp@jHJ|C?~BO`CYzCtDvBpJtFLF`J|EhHdEPHnBnAhE|B\RZRXLrAv@bAh@JDr@h@~AjA|@`Az@|AJN^n@r@zAlAnDHTHVpAlDp@`BHFHFD@F?N?^WPMp@UBAZKh@CHDTJZTTZb@ZH?HFb@i@tD{ITc@^q@bAqB\cAF_ACEAO?I?EBMDKFEBADAD@VIPAnBw@LMr@cAXa@JOX]h@aAlCmD~CsEbCmDdB_C`ByBT[x@gAGWOm@?a@Fs@\cA\i@zBmCTYR_@Jk@Bc@Ac@Ga@Oo@Yw@Og@IWUs@I[Oa@GUIUGU{@sCGSa@_AQWq@q@MKIIi@]QMQSGMUe@Sg@Ss@K]Mq@YgBKq@c@yBu@}BKWC[?w@@eA?kB?]Aa@?WCQAQAKCEIWMa@Qo@Qq@Mw@Kg@QoB]oDKoAQgBQyAO?eEhDdEiDN?PxAPfBJnA\nDJjADb@Jf@Lv@Pp@Pn@L`@HVBD@J@PBP?V@`@?\?jBAdA?v@BZJVt@|Bb@xBJp@XfBLp@J\Rr@Rf@Td@FLPRPLh@\HHLJp@p@PV`@~@FRz@rCFTHTFTN`@HZTr@HVNf@Xv@Nn@F`@@b@Cb@Kj@S^UX{BlC]h@]bAGr@?`@Nl@FVy@fAUZaBxBeB~BcClD_DrEmClDi@`AY\KNY`@s@bAMLoBv@GRMP?D@NALCJ?@GHGDS`@OH]bAcApB_@p@Ub@uDzIWfA?NCNELKJI?IEGICKAQ@SMy@U[[UUKIEi@B[JC@q@TQL_@V]VSi@q@aBqAmDIWIUmAcCk@iAa@{@qBwCk@m@wAiA_Am@q@e@yCaBeBaA_CmAmAw@a@S}DuBqC{AyImFeP}I@g@X{CNaC?_CK}Cq@kHk@}FMkGCc@a@wBKaAAq@@a@?QLgJB_A@u@@u@@c@LeH?K@}@FyDBU?GFW`@qA^aAVu@N_@JYJYS[EAIAKAGIPe@
WF2 0GU,35,726,West Ardsley Methodist Church → West Ardsley Community Centre → West Ardsley Book Exchange → The Star Inn → West Ardsley Methodist Church,3,6229,593,9min,q}yfIvarHOC}@i@O`BfAd@n@^d@b@eFbNGNm@dBo@|Ay@|BSh@S[EAIAKAGIPe@FMV^S`@D@RZRi@x@}Bn@}Al@eBFOdFcNe@c@o@_@gAe@qBw@qBy@{Aq@QGmEiBk@Sk@SBWDS@S?Q?S@OLaBM`BAN?R?PARERCVTHTHj@RlEhBPFzAp@pBx@pBv@fAd@n@^d@b@FOZ{@HYViA^iBXgARm@R]^a@JInBeBr@w@j@}@Xq@ZcA\gBTmATcAb@cB|@yCBGt@}BtA_E~@wDXsBn@cFRmARw@Vq@b@o@r@q@xA_Ad@YRSJ]Jm@h@wELw@Pu@Ne@Tg@`@m@\YPM\I\GXAB?d@HZDR?NAlAQjAODAXOXWXg@Rk@Ru@t@aDNg@Vo@\s@zBgDRY^g@s@aAKMAu@F]?IOs@Nr@?HG\@t@~@nA_@f@SX{BfD]r@Wn@Of@u@`DSt@Sj@Yf@YVYNE@kANmAPO@S?[Ee@IC?Y@]F]HQL]Xa@l@Uf@Od@Qt@Mv@i@vEKl@K\SRe@XyA~@s@p@c@n@Wp@Sv@SlAo@bFYrB_AvDuA~Du@|BCF}@xCc@bBUbAUlA]fB[bAYp@k@|@s@v@oBdBKH_@`@S\Sl@YfA_@hBWhAIX[z@GNe@c@o@_@gAe@NaB|@h@NB
WF2 0GU,35,727,West Villa → Wakefield Flanshaw Junior and Infant School → NAV Mini Market → Phoenix Young People's Centre → West Villa,3,1690,274,4min,sutfIp|hHLo@Z_B`@uBLm@Fo@`@mCf@mD\T]UiAzHGn@Ml@a@tB[~Aq@~Cq@zBCFSn@Uj@]~@Ul@Ob@c@k@[g@Wc@OQKKc@YWzAU~AQlAEl@C\A^ZHPFPH??JJLT[v@c@pAGReAvCg@zAGIWKVJFHf@{An@eBTq@FSb@qAZw@JSf@iAj@wAh@mANc@Tm@\_ATk@Ro@BGp@{Bb@oB
WF2 0GU,35,728,West Yorkshire Police Bishopgarth House → West Yorkshire Police Learning & Development Centre → Cardigan House → Driver Training Area → West Yorkshire Police Bishopgarth House,3,9946,536,8min,{uyfIxzjH??JCJAFABG?IEmAh@OKgDAS?Q?Q?Q@QFaB?Q?MEWOIGCI?ODeCnDg@h@g@b@cAp@iB`ASJIDGHIHEHCHYlA?BCvA?P@P@RDRThAf@~Br@|CnB|INn@bApEj@fCR|@x@nD\|AtAxDbCzFbCdFbAjBb@x@bAjBnCrD|CfEjDpDxFdFfMjJzBxA`CrAtBfAtDrBtG`Dn@R~FjBlGhAdE\xDDvEOnE[hOcClImApBYzRuF^OZSPMNQNUj@{ARg@POPMLINEP@RBTLVXJXFVDVDX@\?ZAtDA|@AZA\ETW~@MZk@Va@@OCWOMOMUIOi@w@a@So@E{Lh@qAFsFj@sInAeOdCoE`@cFJwDImE]eGaAaGiBs@W_HeDkDqBuBiAcCcB}B_BqFsDiF{DkFqEoD{DaDeE}BqDmAkBc@y@wAuCoEsJuBoF_AqCo@wA_AuCqA}DOc@}BiHwAmEQa@Uu@K]MYKWGMGKGIGIGGEEMIOKc@SEAc@e@OUGQEOEQAMAOAQ?S@O@O?GDQFWFWFOFMrAuBHKFGFGHGHGJCHAH?H?H@JDt@NZLPBLBR@NANCLEJGZSjAy@`A_A`AkAb@o@\Ut@gALKJ?FJJ`@BNDV?L?PG`BAP?P?P?P@RJfDi@NDlA?HCFG@K@KB??
WF2 0GU,35,729,West Yorkshire Police Learning & Development Centre → Cardigan House → West Yorkshire Police Bishopgarth House → Driver Training Area → West Yorkshire Police Learning & Development Centre,3,19016,974,16min,o|yfIrvkHbApEj@fCR|@vAlGtAxDbCzFbCdFbAjBb@x@bAjBnCrD|CfEjDpDxFdFfMjJzBxA`CrAtBfAtDrBtG`Dn@R~FjBlGhAdE\xDDvEOnE[hOcClImApBYzRuF^OZSPMNQNUj@{ARg@POPMLINEP@RBTLVXJXFVDVDX@\?ZAtDA|@AZA\ETW~@MZk@Va@@OCWOMOMUIOi@w@a@So@E{Lh@qAFsFj@sInAeOdCoE`@cFJwDImE]eGaAaGiBs@W_HeDkDqBuBiAcCcB}B_BqFsDiF{DkFqEoD{DaDeE}BqDmAkBc@y@wAuCoEsJuBoF_AqCo@wA_AuCqA}DOc@}BiHwAmEQa@Uu@K]MYKWGMGKGIGIGGEEMIOKc@SEAc@e@OUGQEOEQAMAOAQ?S@O@O?GDQFWFWFOFMrAuBHKFGFGHGHGJCHAH?H?H@JDt@NZLPBLBR@NANCLEJGZSjAy@`A_A`AkAb@o@\Ut@gALKJ?FJJ`@BNDV?L?PG`BAP?P?P?P@RJfDi@NG_BIgCAYAOEECAEHIJKNCD@^FxBDrB@f@DRDFBB??JCJAFABG?IEmAh@OKgDAS?Q?Q?Q@QFaB?Q?MEWOIGCI?ODeCnDg@h@g@b@cAp@iB`ASJIDGHIHEHCHYlA?BCvA?P@P@RDRThAf@~Br@|CnB|I~BhKR|@x@nD\|AtAxDbCzFbCdFbAjBb@x@bAjBnCrD|CfEjDpDxFdFfMjJzBxA`CrAtBfAtDrBtG`Dn@R~FjBlGhAdE\xDDvEOnE[hOcClImApBYzRuF^OZSPMNQNUj@{ARg@POPMLINEP@RBTLVXJXFVDVDX@\?ZAtDA|@AZA\ETW~@MZk@Va@@OCWOMOMUIOi@w@a@So@E{Lh@qAFsFj@sInAeOdCoE`@cFJwDImE]eGaAaGiBs@W_HeDkDqBuBiAcCcB}B_BqFsDiF{DkFqEoD{DaDeE}BqDmAkBc@y@wAuCoEsJuBoF_AqCo@wA_AuCqA}DOc@}BiHwAmEQa@Uu@K]MYKWGMGKGIGIGGEEMIOKc@SEAc@e@OUGQEOEQAMAOAQ?S@O@O?GDQFWFWFOFMrAuBHKFGFGHGHGJCHAH?H?H@JD^\JNFJDLDLBPBN@N@P?P?P?P?BCvA?P@P@RDRThAf@~Br@|CnB|INn@
WF2 0GU,35,730,White Rose Sandwich Co. → BP Manor Service Station → Main Street Fisheries → St Michaels Church → White Rose Sandwich Co.,3,1778,384,6min,yl{fIr~kHe@}CCQKy@]cCZNJ@ZDZ@L?n@Al@AR_@f@dAOZGN_AMw@pCa@lCg@iDCQKy@]cCZNJ@Be@a@M??`@LCd@ZDZ@L?n@Al@AUp@EPw@pCa@lCWzCMhAy@BeAZWTUV}@p@}@f@AI{DbAGXNfANTHFFn@Go@IGOUOgAFYtA_@dBc@@H|@g@|@q@TWVUdA[x@CLiAV{CAK
WF2 0GU,35,731,Wrenthorpe Academy → Hong Kong Vegan → St Annes → Spot on Dog Grooming → Wrenthorpe Academy,3,2963,321,5min,cqwfI`chHIRCHc@~AYbA[~@k@{@[YaBqA}@o@k@_@]UUO_CeBvB{Cr@_Ar@w@l@e@n@a@dBcADAt@g@b@Yp@_@d@UTMrBcAtBmAJI^Qh@UdBi@TORQVYz@}@\Yr@]ZETCp@A`@?\?`@EZOMr@Or@Gh@?f@B^J^Tn@FNLZRp@Jb@DX@l@@p@@`@@L?NHv@L`A@JB\@Z?r@Ad@En@Gl@WdBG\KhAMt@]xAY|@o@dBUl@aAbEEJW|@MTORYR_@LODYHI@UBc@E{B_@g@UGIY[[U}@a@GC}@a@]OQIOOWa@k@_AS[e@s@]g@u@kAk@{@[YaBqACAy@m@G^I@WQODLu@j@^|@n@`BpAZXj@z@Z_AXcAb@_BBIHS
WF2 0GU,35,732,Wrenthorpe Club → Declans → Pinderfields Hospital PRU → The Lawrence → Wrenthorpe Club,3,1957,349,5min,e|wfIlehHHAF_@k@_@]UUO_CeBqA_Ak@_@IIZyAGOIUHTFN[xAHHj@^pA~@l@b@pA`ATN\Tj@^|@n@`BpAZXj@z@Z_AXcAb@_BBILLl@j@??m@k@MMCHc@~AYbA[~@k@{@[YaBqA}@o@k@_@]UUO_CeB_@h@CBW^uA~BmAtBKPe@iAIUEO?O@OBSZm@DED@HNIOEAED[l@CRAN?NDNHTLZVl@JQlAuBtA_CV_@BC^i@~BdBTN\Tj@^G^I@
WF2 0GU,35,733,Wrenthorpe Dental Care → The Well Church (Elim Pentecostal) → Wrenthorpe Methodist Church → Wrenthorpe Post Office → Wrenthorpe Dental Care,3,1637,314,5min,q`wfIhaiH|@QHAXGVEG}@EkBODYHI@UBc@EMNWNINKZI\ITi@XMNEPG^EZOEQCG?USMOReADUj@cDGIY[[U}@a@FYb@eATy@Ux@O\Sf@GX|@`@ZTXZn@}DL{@@AH_@Po@Je@Jo@Fa@D[@IDUFg@BSBMD[F]BUFc@@EJg@BIPRNFTJNFTFN?F@xCBX@VPt@v@PT]xAY|@o@dBUl@Qp@o@pCEJW|@MTORYR_@LDjBF|@WDYFI@}@P
WF2 0GU,35,734,Wrenthorpe Methodist Church → The Well Church (Elim Pentecostal) → St Annes → The New Wheel → Wrenthorpe Methodist Church,3,1494,258,4min,whwfIvthHSf@GX|@`@ZTXZFHf@TzB^MNWNINKZI\ITi@XMNEPG^EZOEQCG?USMOReADUj@cDGIY[[U}@a@GC}@a@]OQIOOWa@k@_AS[e@s@Rg@@CTk@Uj@ABSf@d@r@RZbA`BNNPH\N|@`@FB|@`@ZTXZFHf@T`BXXDMNWNINKZI\ITi@XMNEPG^EZOEQCG?USMOReAp@yDGIY[[U}@a@FYRg@
WF2 0GU,35,735,Wrenthorpe Park & Alverthorpe Meadows → Alverthorpe & Wrenthorpe Meadows LNR → Silcoates School → Conroyds Fish and Chips → Wrenthorpe Park & Alverthorpe Meadows,3,8644,1098,18min,cnufIlxgHTSf@g@V|@`@vAVz@Tz@Tr@Td@PVRRRLXLXBX?f@OFbAV|DJpAo@QmCe@KE??JDlCd@n@P~@V`Cj@\cABEJ[Ha@Ho@Dg@@k@?q@QqCIaAh@OnA_@VIVGpBm@|Ac@OxAAJEf@g@jCKf@OfAiAzHGn@Ml@a@tB[~Aq@~Cq@zBCFSn@Uj@]~@Ul@Ob@i@lAk@vAg@hAKR[v@c@pAGReAvCg@zAg@|AMZM\]v@q@fBGL_@`As@fBs@hBwBvE}BrGW~@q@`Ce@rBW|@Qh@Wb@[^q@h@eBzA_AbAc@h@cAlBCHsAeC]u@k@qAQ]qAoCIQFSn@_GTaCN{Cd@cR@MJkARuA@UFa@Dk@D]BS@U?[C[GSOa@U_@}@aBVg@Dw@?s@?GFWFMPi@HQBQ?KESAG?E?KF]DYNa@`@eAKQGO?G?Md@sA??e@rA?L?FFNJPb@iABGBADADBDHBJ?@?F_B`EELAJAL@L?B@DFHFBDFBHFLDHDHBL@LAPA|@CZAXIhAGrACXCNMPOa@U_@}@aBS_@Wc@y@gAw@eAw@aAsAiBaAwAS[AC_@o@e@q@IMMg@Mm@Gi@G}@EkB^MXSNSLUV}@DKx@oDFSTm@n@eBX}@\yALu@JiAF]VeBFm@Do@@e@?s@A[C]AKMaAIw@?OAMAa@Aq@Am@EYKc@Sq@M[GOUo@K_@C_@?g@Fi@Ns@Ls@NG`@Wb@c@fCyCb@g@jAoA|BcCNMxAwAh@m@V[T_@d@iAVk@d@aBT}@\{A^uA|@uC\cAPo@H[F_@BSN@L@J?HADCDGb@i@FGFI@EFIHQJYDQBUFq@@M@M@MBc@H@F?B?@?L@N?VAJAJARCLEPERGDCHCJGLININKFEFGFELO@A^]^]b@c@z@{@`AcAZYb@e@NO|A_BFE@AdAgAr@s@r@u@JEHEn@Al@@hBALAN?F?FBLL@DNPDFNRRRV\VZI`@ADCJAFOp@i@zBWjAOnAO`AYhAMb@a@|AMx@@j@NrAPdAHl@@BJn@VtB@D@FH`AHlA?J@j@@x@AbAIdAIz@Kn@]~AUx@Kb@Ij@IAMBmBjBUTEBCD]\w@bAGLGLwAhCy@jAILg@p@mAdBKN[`@MVi@z@e@`Ag@jA]j@Yn@]n@k@x@[^a@h@g@f@UR
WF2 0GU,35,736,Wrenthorpe Post Office → The Wren Cafe → The New Pot Oil → Wrenthorpe Methodist Church → Wrenthorpe Post Office,3,1833,271,4min,_xvfItqhHo@pCEJW|@MTORYR_@LODYHI@UBc@E{B_@g@UGIn@}DL{@@AH_@Po@PJXLn@VJLf@v@T\JHDBH?FADIHSpAeFJ_@Rk@Pc@DMVq@Pc@Ds@VPt@v@PT]xAY|@o@dBUl@aAbEEJW|@MTORYR_@LODIBODI@UBc@E{B_@g@UGIY[[U}@a@FYb@eATy@Ux@O\Sf@GX|@`@ZTXZFHf@TzB^b@DTCHAXINE^MXSNSLUV}@DKn@qC
WF2 0GU,35,737,Wrenthorpe Potovens → The Well Church (Elim Pentecostal) → Wrenthorpe Post Office → Hall Cliffe Primary School → Wrenthorpe Potovens,3,1655,257,4min,{|vfI|~hHCSEkBODYHI@UBc@EMNWNINKZI\ITi@XMNEPG^EZOEQCG?USMOReADUj@cDGIn@}DL{@@AH_@Po@Je@Jo@Fa@D[@IDUFg@BSBMD[F]BUFc@@EJg@BIPRNFTJNFTFN?F@xCBX@VPt@v@PT]xAY|@o@dBUl@Qp@o@pCEJW|@MTORYR_@LDjBF|@Fh@Ll@Lf@Dd@Bp@BnA?d@?t@?hBL?ZXXB@?[C[YM??iB?u@?e@CoACq@Ee@Mg@Mm@Gi@Ci@
WF2 0GU,35,738,Wrenthorpe Village Hall → The Well Church (Elim Pentecostal) → Wrenthorpe Post Office → Wrenthorpe Methodist Church → Wrenthorpe Village Hall,3,1880,317,5min,k~vfIt`iH@?XGVEG}@EkBODYHI@UBc@EMNWNINKZI\ITi@XMNEPG^EZOEQCG?USMOReADUj@cDGIn@}DL{@@AH_@Po@Je@Jo@Fa@D[@IDUFg@BSBMD[F]BUFc@@EJg@BIPRNFTJNFTFN?F@xCBX@VPt@v@PT]xAY|@o@dBUl@Qp@o@pCEJW|@MTORYR_@LODYHI@UBc@E{B_@g@UGIY[[U}@a@FYb@eATy@Ux@O\Sf@GX|@`@ZTXZFHf@TzB^b@DTCHAXINEDjBF|@WDYFA?
WF2 0GU,40,739,Al Fresco → The New Albion → The Blue Light → West Villa → Al Fresco,3,1538,301,5min,__ufIjuiHCj@APAPCl@E^GRKRBHRb@U`@CCAAGJ??FK@@BBTa@Sc@}AlCu@rAIHHVN`@ADCDSRRSBE@EYy@HIt@sA|AmCCI[o@c@_Ab@qAZw@JSf@iAj@wAh@mANc@Tm@\_ATk@Ro@BGp@{BwA_Bx@qCnApAMn@c@nBq@zBCFSn@Uj@]~@Ul@Ob@i@lAk@vAg@hAKR[v@c@pAb@~@Zn@JSFSD_@Bm@@Q@QBk@
WF2 0GU,40,740,Alverthorpe Conservative Club → Pizza Ferrara → Al Fresco → Alverthorpe St Paul's CofE (VA) School → Alverthorpe Conservative Club,3,1975,404,6min,cbufI`_jH`AeBCI[o@c@_AGReAvCg@zAg@|AMZM\Nl@Rz@S{@Om@L]L[FS^iAf@{AdAwCFSb@~@Zn@JSFSD_@Bm@@Q@QBk@?Q@UBy@Cx@ATC|@APAPCl@E^GRKR[o@c@_Ab@qAZw@MUKKQIQG[IQCSGMEQKY[g@g@SWy@oAGEKCQl@c@`AEd@Er@ETIVKXERGTEX@\Ap@AXGVILDZBV?R@RGd@A\CTCB??C?B?BCBU@]Fe@AS?SCWE[HMFW@Y@q@A]DYFUDSJYHWDUDs@De@b@aAPm@JBFDx@nARVf@f@XZPJLDRFPBZHPFPHJJLT[v@c@pAb@~@Zn@BHaAdB
WF2 0GU,40,741,Alverthorpe Garage → Sun Bo → Kylies Sandwich Bar & Custom Cakes → Mill View Stores → Alverthorpe Garage,3,1204,286,4min,cdufI`bjHb@w@|AmCCIJSFSGEi@}@BDd@v@FDGRKR[o@c@_AGReAvCg@zAg@|AMZM\]v@q@fBGLZl@P[QZ[m@FMPg@^_A\w@L]L[f@}Af@{AdAwCFSb@~@Zn@BHRb@HTNVLVLVTfAj@Sk@RESOs@MWMWOWIUSc@}AlCc@v@
WF2 0GU,40,742,Alverthorpe St Paul's CofE (VA) School → Pizza Ferrara → Alverthorpe Conservative Club → NAV Mini Market → Alverthorpe St Paul's CofE (VA) School,3,1723,329,5min,unufId`jHBCBU@]Fe@AS?SCWE[HMFW@Y@q@A]DYFUDSJYHWDUDs@De@b@aAPm@JBFDx@nARVf@f@XZPJLDRFPBZHPFPHJJLT[v@c@pAGReAvCg@zAg@|AMZM\Nl@Rz@S{@Om@L]L[FS^iAf@{AdAwCFSb@~@Zn@BH}AlCOSNRZg@`AeBCI[o@c@_Ab@qAZw@MUKK??QIQG[IQCSGMEQKY[g@g@SWy@oAGEKCQl@c@`AEd@Er@ETIVKXERGTEX@\Ap@AXGVILDZBV?R@RGd@A\CTCB
WF2 0GU,40,743,Alverthorpe Working Mens Club → The Eagle → Flanshaw Lodge → Mill View Stores → Alverthorpe Working Mens Club,3,1897,288,4min,kltfIdrjHjB\^Lh@XXLPBN@X?RCB?XKPKJIXQ@ARQDC??`@YRQXSPWZi@HOLW^u@FNHRDPDVUJmAhADd@Lb@?AMa@Ee@lAiATKEWEQISGO_@t@MVIN[h@QVYRSPa@X??EBSP[RKHQJYJC?SBY?OAQCYMi@Y_@M_Dm@c@Kc@MGAu@YQMKKi@g@QOUMMIUMOK_@YYa@Wg@[w@CIWe@CIKSGUQk@CIESOs@MW|@aBH[CUMSLRBTIZ}@`BLVTfABHPj@FTJRBHVd@BHZv@Vf@X`@^XNJTLLHTLPNh@f@JJPLt@XF@b@Lb@Jr@N
WF2 0GU,40,744,Alverthorpe & Wrenthorpe Meadows LNR → Wrenthorpe Park & Alverthorpe Meadows → Silcoates School → NAV Mini Market → Alverthorpe & Wrenthorpe Meadows LNR,3,7707,1059,17min,_gufIjlhHJDlCd@n@PKqAW}DGcAg@NY?YCYMSMSSQWUe@Us@U{@W{@a@wAW}@g@f@UR??TSf@g@V|@`@vAVz@Tz@Tr@Td@PVRRRLXLXBX?f@Od@M^MTKr@Sb@Q^M^Mf@Oh@OnA_@VIVGpBm@|Ac@OxAAJEf@g@jCKf@OfAiAzHGn@Ml@a@tB[~Aq@~Cq@zBCFSn@Uj@]~@Ul@Ob@i@lAk@vAg@hAKR[v@c@pAGReAvCg@zAg@|AMZM\]v@q@fBGL_@`As@fBs@hBwBvE}BrGW~@q@`Ce@rBW|@Qh@Wb@[^q@h@eBzA_AbAc@h@cAlBCHsAeC]u@k@qAQ]qAoCIQFSn@_GTaCN{Cd@cR@MJkARuA@UFa@Dk@D]BS@U?[C[GSOa@U_@}@aBVg@Dw@?s@?GFWFMPi@HQBQ?KESAG?E?KF]DYNa@`@eAKQGO?G?Md@sA??e@rA?L?FFNJPb@iABGBADADBDHBJ?@?F_B`EELAJAL@L?B@DFHFBDFBHFLDHDHBL@LAPA|@CZAXIhAGrACXCNMPFRBZ?ZATCRE\Ej@G`@ATStAKjAALe@bROzCU`Co@~FGRHPpAnCP\j@pA\t@rAdCBIbAmBb@i@~@cAdB{Ap@i@Z_@Vc@Pi@V}@d@sBp@aCV_A|BsGvBwEr@iBr@gB^aAFMp@gB\w@L]L[f@}Af@{AdAwCFSb@qAZw@MUKK??QIQG[I@_@B]Dm@PmAT_BV{Ab@XJJNPVb@Zf@b@j@Nc@Tm@\_ATk@Ro@BGp@{Bp@_DZ_B`@uBLm@Fo@hA{HNgAJg@f@kCDg@@KNyA}Ab@qBl@WFWHoA^i@NH`APpC?p@Aj@Ef@In@I`@KZCD]bAaCk@_AWo@QmCe@KE
WF2 0GU,40,745,Amazon DLS4 → Ossett Fire Station → Silkwood Farm → Total Fitness → Amazon DLS4,3,2488,467,7min,wktfIphmH^gBJHNJReAFUPJ@@@?@??CH_@??I^?BA?A?AAQKR_A@GVmAnB~ALo@VR\ZPaA??Q`A][WSMn@oB_BlA_GXq@J[HWn@z@zB`CLJD@D?LEDAJEF?B?HF@BDHDN@RAPEPGLIDK@OFEHEJ{AbHKd@SdAI`@Gd@Kx@CXKfAA`@?LBNBP??FTBBLDH@F@D?NIDEHILOLUFIPa@Pg@DMDMFWPo@@KNq@ViAD]DIDIHIAOAECC_@Y_Aw@~ApABB@D@NCNGNABEHGLWhAOp@AJQn@GVELELQf@Q`@GHMTMNIHEDOHEBEFEDIPANENGHWFECIIEMCOAQBQDOBCJ[BMBMBM@a@JgABYJy@Fe@Ha@ReAJe@zAcH@K?G?EAa@CQEUAMEIKU{BaCo@{@IVKZYp@mA~FWlAAFS~@GTSdAOKKI_@fB
WF2 0GU,40,746,Ardsley House → BP Manor Service Station → Restyle Fitness → China And Thai Express → Ardsley House,3,1540,271,4min,mxzfIrfkHC@kAZcA\kB|@WPo@d@m@b@]\[`@a@j@_@l@MVf@dAOZGN_AMw@pCa@lCg@iDCQKy@]cCZNJ@Be@EA[K`@LCd@ZDZ@L?n@Al@AUp@EPw@pCa@lC[yBKo@CQKy@]cCZNJ@ZDZ@L?n@Al@AR_@LW^m@`@k@Za@\]l@c@n@e@VQjB}@bA]jA[BA
WF2 0GU,40,747,Blue Marlin Fisheries → Sun Bo → Kylies Sandwich Bar & Custom Cakes → Mill View Stores → Blue Marlin Fisheries,3,1309,294,4min,oeufIp_jHZcAdAwCFSb@~@Zn@JSFSGEi@}@BDd@v@FDGRKR[o@c@_AGReAvCg@zAg@|AMZM\]v@q@fBGLZl@P[QZ[m@FMPg@^_A\w@L]L[f@}Af@{AdAwCFSb@~@Zn@BHRb@HTNVLVLVTfAj@Sk@RESOs@MWMWOWIUSc@CI[o@c@_AGReAvC[bA
WF2 0GU,40,748,BP Manor Service Station → Methodist Church → Tania's Barbershop → Ardsley House → BP Manor Service Station,3,2011,254,4min,ug{fI|ukHGN_AMw@pCa@lCg@iDCQIs@AE]cCg@a@[Yk@c@WOQK]O_@Oc@pDEb@A`@Ab@?\B\FjADv@Hx@Fr@Jp@Nj@Nf@R\XZXH\FdA[x@CLiAJqAJiA`@mCv@qCDQTq@R_@LW^m@`@k@Za@\]l@c@n@e@VQjB}@bA]jA[d@Od@UZSh@e@Ta@`AaAH^YTQNSNa@Li@d@[Re@Ta@LC@kAZcA\kB|@WPo@d@m@b@]\[`@a@j@_@l@MVf@dAOZ
WF2 0GU,40,749,Cardigan House → West Yorkshire Police Learning & Development Centre → Driver Training Area → West Yorkshire Police Bishopgarth House → Cardigan House,3,19015,974,16min,kzyfId}kHj@fCR|@vAlGtAxDbCzFbCdFbAjBb@x@bAjBnCrD|CfEjDpDxFdFfMjJzBxA`CrAtBfAtDrBtG`Dn@R~FjBlGhAdE\xDDvEOnE[hOcClImApBYzRuF^OZSPMNQNUj@{ARg@POPMLINEP@RBTLVXJXFVDVDX@\?ZAtDA|@AZA\ETW~@MZk@Va@@OCWOMOMUIOi@w@a@So@E{Lh@qAFsFj@sInAeOdCoE`@cFJwDImE]eGaAaGiBs@W_HeDkDqBuBiAcCcB}B_BqFsDiF{DkFqEoD{DaDeE}BqDmAkBc@y@wAuCoEsJuBoF_AqCo@wA_AuCqA}DOc@}BiHwAmEQa@Uu@K]MYKWGMGKGIGIGGEEMIOKc@SEAc@e@OUGQEOEQAMAOAQ?S@O@O?GDQFWFWFOFMrAuBHKFGFGHGHGJCHAH?H?H@JD^\JNFJDLDLBPBN@N@P?P?P?P?BCvA?P@P@RDRThAf@~Br@|CnB|INn@nBxIR|@x@nD\|AtAxDbCzFbCdFbAjBb@x@bAjBnCrD|CfEjDpDxFdFfMjJzBxA`CrAtBfAtDrBtG`Dn@R~FjBlGhAdE\xDDvEOnE[hOcClImApBYzRuF^OZSPMNQNUj@{ARg@POPMLINEP@RBTLVXJXFVDVDX@\?ZAtDA|@AZA\ETW~@MZk@Va@@OCWOMOMUIOi@w@a@So@E{Lh@qAFsFj@sInAeOdCoE`@cFJwDImE]eGaAaGiBs@W_HeDkDqBuBiAcCcB}B_BqFsDiF{DkFqEoD{DaDeE}BqDmAkBc@y@wAuCoEsJuBoF_AqCo@wA_AuCqA}DOc@}BiHwAmEQa@Uu@K]MYKWGMGKGIGIGGEEMIOKc@SEAc@e@OUGQEOEQAMAOAQ?S@O@O?GDQFWFWFOFMrAuBHKFGFGHGHGJCHAH?H?H@JDt@NZLPBLBR@NANCLEJGZSjAy@`A_A`AkAb@o@\Ut@gALKJ?FJJ`@BNDV?L?PG`BAP?P?P?P@RJfDi@NG_BIgCAYAOEECAEHIJKNCD@^FxBDrB@f@DRDFBB??JCJAFABG?IEmAh@OKgDAS?Q?Q?Q@QFaB?Q?MEWOIGCI?ODeCnDg@h@g@b@cAp@iB`ASJIDGHIHEHCHYlA?BCvA?P@P@RDRThAf@~Br@|CnB|IrA`G
WF2 0GU,40,750,Carr Gate Garden Centre → Tardis → The Malt Shovel → Ardsley House → Carr Gate Garden Centre,3,8524,879,14min,}hzfIdjjHs@xAWk@[u@`@eBV{@p@m@d@SjBo@|@_@fCgApAi@pBy@HEDChAe@d@Sf@Sj@Wh@UZId@QEo@?_@BYDc@FYJa@R_@PS^YjBcAj@YPIrBkAnB_APIJf@@L?LENc@n@W`@W`@SXo@jASZ}@dBgBjD{@xAw@~@}EnHOTa@n@J`@BNDV?L?PG`BAP?P?P?P@RJfDi@NG_BIgCAYAOEECAEHIJKNCD@^FxBDrB@f@DRDF??BBJCJAFABG?IEmAh@OKgDAS?Q?Q?Q@QFaB?Q?MEWOIGCI?ODeCnDg@h@g@b@cAp@iB`ASJIDGHIHEHCHYlA?BOt@ETELEHGJcBvBGHIHIDIBIBI@K?OAEAc@e@OUGQEOEQAMAOAQ?S@O@O?GDQFWFWFOFMrAuBHKFGFGHGHGJCHAH?H?H@JDt@NZLPBLBR@NANCLEJGZSjAy@`A_A`AkAb@o@pB}CbCqDFM^_AVe@L_@FYDY@W@YAYMoAe@P[Hi@Tk@Vg@Re@RiAd@EBIDqBx@qAh@FjAaC|@MaAfCgApAi@pBy@HEDChAe@d@SBAb@Qj@Wh@UZId@QEo@?_@BYDc@FYJa@R_@PS^YjBcAj@YPIrBkAnB_APIJf@@L?LENc@n@W`@W`@SXo@jASZ}@dBgBjD{@xAw@~@}EnHOTa@n@a@h@eCnDg@h@g@b@cAp@iB`ASJIDGHIHEHCHYlA?BOt@ETELEHGJcBvBGHIHIDIBIBI@K?OAEAk@Ka@OQEOAM@OBMDOFYTQNSNa@Li@d@[Re@Ta@LC@kAZcA\kB|@WPo@d@m@b@]\[`@a@j@_@l@MVS^Up@EP~@LVk@g@eALW^m@`@k@Za@\]l@c@n@e@VQjB}@bA]jA[d@Od@UZSh@e@Ta@`AaAf@a@V]JMDIDKDQDOF]?GDQFWFWFOFMrAuBHKFGFGHGHGJCHAH?H?H@JDt@NZLPBLBR@NANCLEJGZSjAy@`A_A`AkAb@o@pB}CbCqDFM^_AVe@L_@FYDY@W@YAYMoAe@P[Hi@Tk@Vg@Re@RiAd@EBIDqBx@qAh@gCfA}@^kBn@e@Rq@l@Wz@a@dBZt@Vj@r@yA
WF2 0GU,40,751,Carr Gate WMC → The Malt Shovel → Gardener's Retreat Restaurant → Tardis → Carr Gate WMC,3,4259,484,8min,sqyfI`riHDz@BnBk@Vc@PC@e@RiAd@EBIDqBx@qAh@gCfA}@^_Bh@KDe@Rq@l@Wz@a@dBIf@Hg@`@eBV{@p@m@d@SjBo@|@_@fCgApAi@pBy@HEDChAe@d@Sf@Sj@Wh@UZId@QEo@?_@BYDc@FYJa@R_@PS^YjBcAj@YPIrBkAnB_APIJf@@L?LENc@n@W`@W`@SXo@jASZ}@dBgBjD{@xAw@~@}EnHOTa@n@J`@BNDV?L?PG`BAP?P?P?P@RJfDi@NG_BIgCAYAOEECAEHIJKNCD@^FxBDrB@f@DRDF??BBJCJAFABG?IEmAh@OKgDAS?Q?Q?Q@QFaB?Q?MEWOIGCI?ODeCnDg@h@g@b@cAp@iB`ASJIDGHIHEHCHYlA?BOt@ETELEHGJcBvBGHIHIDIBIBI@K?OAEAc@e@OUGQEOEQAMAOAQ?S@O@O?GDQFWFWFOFMrAuBHKFGFGHGHGJCHAH?H?H@JDt@NZLPBLBR@NANCLEJGZSjAy@`A_A`AkAb@o@pB}CbCqDFM^_AVe@L_@FYDY@W@YAYMoAe@P[Hi@TCoBE{@
WF2 0GU,40,752,Chantry Vets → Sun Bo → Kylies Sandwich Bar & Custom Cakes → Mill View Stores → Chantry Vets,3,1337,313,5min,ofufIr}iHFGHILSFHRTdAwCFSb@~@Zn@JSFSGEi@}@BDd@v@FDGRKR[o@c@_AGReAvCg@zAg@|AMZM\]v@q@fBGLZl@P[QZ[m@FMPg@^_A\w@L]L[f@}Af@{AdAwCFSb@~@Zn@BHRb@HTNVLVLVTfAj@Sk@RESOs@MWMWOWIUSc@CI[o@c@_AGReAvCSUGIMRIHGF
WF2 0GU,40,753,China And Thai Express → BP Manor Service Station → Restyle Fitness → East Ardsley Express → China And Thai Express,3,1592,353,5min,sm{fId{kHKo@CQKy@]cCZNJ@ZDZ@L?n@Al@AR_@f@dAOZGN_AMw@pCa@lCg@iDCQKy@]cCZNJ@Be@EA[K`@LCd@KA[Og@a@[Yk@c@WOQK]O_@OoAm@UKqBe@@TJrAJpAKqAKsAAUfAVh@LTJnAl@^N\NPJVNj@b@ZXf@`@ZNJ@ZDZ@L?n@Al@AUp@EPw@pCa@lC[yB
WF2 0GU,40,754,Conroyds Fish and Chips → The Wren Cafe → The New Pot Oil → Wrenthorpe Methodist Church → Conroyds Fish and Chips,3,1856,273,4min,uwvfIvphHy@nDEJW|@MTORYR_@LODYHI@UBc@E{B_@g@UGIn@}DL{@@AH_@Po@PJXLn@VJLf@v@T\JHDBH?FADIHSpAeFJ_@Rk@Pc@DMVq@Pc@Ds@VPt@v@PT]xAY|@o@dBUl@aAbEEJW|@MTORYR_@LODIBODI@UBc@E{B_@g@UGIY[[U}@a@FYb@eATy@Ux@O\Sf@GX|@`@ZTXZFHf@TzB^b@DTCHAXINE^MXSNSLUV}@DKx@oD
WF2 0GU,40,755,Country Kitchen → Outwood Primary Academy Kirkhamgate → The Star Inn → Shawfold Cars → Country Kitchen,3,1686,298,4min,sowfIhfnHIHw@v@Mc@Om@]}CE]Kq@SyACK?AOkA_@qCcAf@[yAJIKHZxAbAg@^pCNlABJRxAJp@D\\|CNl@Lb@yAzAi@l@ORs@aAKMAu@F]?IOs@Nr@?HG\@t@~@nANSh@m@xA{Av@w@TSd@c@pBeANGHEb@UPI\U^Wp@k@JVDVDf@@FCz@Jj@DXEYKk@B{@Go@EWKWq@j@_@V]TQHc@TIDOFqBdAe@b@KH
WF2 0GU,40,756,Curry Pot → Blue Marlin Fisheries → Mill View Stores → Kylies Sandwich Bar & Custom Cakes → Curry Pot,3,1206,256,4min,kaufIfviHYx@GReAvCg@zAGIWKVJFHJWZcAdAwCFSb@~@Zn@BHRb@HTNVLVLVTfAj@Sk@RESOs@MWMWOWIUSc@CI[o@c@_AGReAvCg@zAg@|AMZM\]v@q@fBGLZl@P[QZ[m@FMPg@^_A\w@L]L[f@}Af@{AdAwCFSXy@
WF2 0GU,40,757,Cyrus Guys → St Michaels Church → R H Binks And Sons → Methodist Church → Cyrus Guys,3,1853,301,5min,io{fIjbmH@u@BoD?GBaE?U@yABw@B{@Bq@Bo@FeA@SDu@y@BeAZWTUV}@p@}@f@AI{DbAGXNfANTHFFn@Go@IGOUOgAFYtA_@dBc@@H|@g@|@q@TWVUdA[x@CLiAFy@NaBg@iDCQIs@AE]cCZNJ@ZDZ@L?n@Al@AUp@EPw@pCa@lCWzCMhAEt@ARGdACn@Cp@Cz@Cv@AxA?TC`E?FCnDAt@
WF2 0GU,40,758,Declans → Wrenthorpe Club → The Lawrence → Wrenthorpe Academy → Declans,3,1574,261,4min,eaxfIb`hHpA`ATN\Tj@^G^I@??WQODLu@]UUO_CeB_@h@CBW^uA~BmAtBKPe@iAIUEO?O@OBSZm@DED@HNIOEAED[l@CRAN?NDNHTLZVl@JQlAuBtA_CV_@BC^i@~BdBTN\Tj@^|@n@`BpAZXj@z@Z_AXcAb@_BBIHS??IRCHc@~AYbA[~@k@{@[YaBqA}@o@k@_@]UUOqAaA
WF2 0GU,40,759,Driver Training Area → Cardigan House → West Yorkshire Police Learning & Development Centre → West Yorkshire Police Bishopgarth House → Driver Training Area,3,27897,1369,22min,qvyfIzhlH\|AtAxDbCzFbCdFbAjBb@x@bAjBnCrD|CfEjDpDxFdFfMjJzBxA`CrAtBfAtDrBtG`Dn@R~FjBlGhAdE\xDDvEOnE[hOcClImApBYzRuF^OZSPMNQNUj@{ARg@POPMLINEP@RBTLVXJXFVDVDX@\?ZAtDA|@AZA\ETW~@MZk@Va@@OCWOMOMUIOi@w@a@So@E{Lh@qAFsFj@sInAeOdCoE`@cFJwDImE]eGaAaGiBs@W_HeDkDqBuBiAcCcB}B_BqFsDiF{DkFqEoD{DaDeE}BqDmAkBc@y@wAuCoEsJuBoF_AqCo@wA_AuCqA}DOc@}BiHwAmEQa@Uu@K]MYKWGMGKGIGIGGEEMIOKc@SEAc@e@OUGQEOEQAMAOAQ?S@O@O?GDQFWFWFOFMrAuBHKFGFGHGHGJCHAH?H?H@JD^\JNFJDLDLBPBN@N@P?P?P?P?BCvA?P@P@RDRThAf@~Br@|CnB|IrA`Gj@fCR|@vAlGtAxDbCzFbCdFbAjBb@x@bAjBnCrD|CfEjDpDxFdFfMjJzBxA`CrAtBfAtDrBtG`Dn@R~FjBlGhAdE\xDDvEOnE[hOcClImApBYzRuF^OZSPMNQNUj@{ARg@POPMLINEP@RBTLVXJXFVDVDX@\?ZAtDA|@AZA\ETW~@MZk@Va@@OCWOMOMUIOi@w@a@So@E{Lh@qAFsFj@sInAeOdCoE`@cFJwDImE]eGaAaGiBs@W_HeDkDqBuBiAcCcB}B_BqFsDiF{DkFqEoD{DaDeE}BqDmAkBc@y@wAuCoEsJuBoF_AqCo@wA_AuCqA}DOc@}BiHwAmEQa@Uu@K]MYKWGMGKGIGIGGEEMIOKc@SEAc@e@OUGQEOEQAMAOAQ?S@O@O?GDQFWFWFOFMrAuBHKFGFGHGHGJCHAH?H?H@JD^\JNFJDLDLBPBN@N@P?P?P?P?BCvA?P@P@RDRThAf@~Br@|CnB|INn@nBxIR|@vAlGtAxDbCzFbCdFbAjBb@x@bAjBnCrD|CfEjDpDxFdFfMjJzBxA`CrAtBfAtDrBtG`Dn@R~FjBlGhAdE\xDDvEOnE[hOcClImApBYzRuF^OZSPMNQNUj@{ARg@POPMLINEP@RBTLVXJXFVDVDX@\?ZAtDA|@AZA\ETW~@MZk@Va@@OCWOMOMUIOi@w@a@So@E{Lh@qAFsFj@sInAeOdCoE`@cFJwDImE]eGaAaGiBs@W_HeDkDqBuBiAcCcB}B_BqFsDiF{DkFqEoD{DaDeE}BqDmAkBc@y@wAuCoEsJuBoF_AqCo@wA_AuCqA}DOc@}BiHwAmEQa@Uu@K]MYKWGMGKGIGIGGEEMIOKc@SEAc@e@OUGQEOEQAMAOAQ?S@O@O?GDQFWFWFOFMrAuBHKFGFGHGHGJCHAH?H?H@JDt@NZLPBLBR@NANCLEJGZSjAy@`A_A`AkAb@o@\Ut@gALKJ?FJJ`@BNDV?L?PG`BAP?P?P?P@RJfDi@NG_BIgCAYAOEECAEHIJKNCD@^FxBDrB@f@DRDFBB??JCJAFABG?IEmAh@OKgDAS?Q?Q?Q@QFaB?Q?MEWOIGCI?ODeCnDg@h@g@b@cAp@iB`ASJIDGHIHEHCHYlA?BCvA?P@P@RDRThAf@~Br@|CnB|I~BhKR|@x@nD
WF2 0GU,40,760,DVSA Wakefield Test Center → Silkwood Farm → Total Fitness → Amazon DLS4 → DVSA Wakefield Test Center,3,2654,461,7min,oetfIremH@E?C?EA_@LEBABA@CTgALo@VR\ZPaA??Q`A][WSMn@oB_BlA_GXq@J[HWn@z@zB`CLJD@D?LEDAJEF?B?HF@BDHDN@RAPEPGLIDK@OFEHEJ{AbHKd@SdAI`@Gd@Kx@CXKfAA`@?LBNBP??FTBBLDH@F@D?NIDEHILOLUFIPa@Pg@DMDMFWPo@@KNq@ViAD]DIDIHIAOAECC_@Y_Aw@~ApABB@D@NCNGNABEHGLWhAOp@AJQn@GVELELQf@Q`@GHMTMNIHEDOHEBEFEDIPANENGHWFECIIEMCOAQBQDOBCJ[BMBMBM@a@JgABYJy@Fe@Ha@ReAJe@zAcH@K?G?EAa@CQEUAMEIKU{BaCo@{@IVKZYp@mA~FWlAAFS~@GTSdAi@dCc@nBKIEEC?AC?E@Ef@cC^gBJHNJReAFUR_A@GVmAnB~AUfAABC@C@MD@^?D?BAD
WF2 0GU,40,761,East Ardsley Community Centre → Main Street Fisheries → China And Thai Express → St Michaels Church → East Ardsley Community Centre,3,2131,434,7min,m}{fIzjkHNLpBd@TJnAl@^N\NPJVNj@b@ZXf@`@ZNJ@Be@a@M??`@LCd@ZDZ@L?n@Al@AUp@EPw@pCa@lC[yBKo@CQKy@]cCZNJ@ZDZ@L?n@Al@AUp@EPw@pCa@lCWzCMhAy@BeAZWTUV}@p@}@f@AI{DbAGXNfANTHFFn@Go@IGOUOgAFYtA_@dBc@@H|@g@|@q@TWVU]GYIY[S]Og@Ok@Kq@Gs@Iy@Ew@GkAC]?]@c@@a@Dc@b@qDoAm@UKqBe@OM
WF2 0GU,40,762,East Ardsley Conservative Club → BP Manor Service Station → East Ardsley Express → St Michaels Church → East Ardsley Conservative Club,3,2187,466,7min,mo{fI`zkHB?d@]Ky@]cCZNJ@ZDZ@L?n@Al@AR_@f@dAOZGN_AMw@pCa@lCg@iDCQKy@]cCg@a@[Yk@c@WOQK]O_@OoAm@UKqBe@@TJrAJpAKqAKsAAUfAVh@LTJnAl@c@pDEb@A`@Ab@?\B\FjADv@Hx@Fr@Jp@Nj@Nf@R\XZXH\FWTUV}@p@}@f@AI{DbAGXNfANTHFFn@Go@IGOUOgAFYtA_@dBc@@H|@g@|@q@TWVUdA[x@CLiAV{Cg@iDCQe@\C?
WF2 0GU,40,763,East Ardsley Express → Main Street Fisheries → China And Thai Express → The Bay Horse → East Ardsley Express,3,1427,308,5min,uz{fI`lkHh@LTJnAl@^N\NPJVNj@b@ZXf@`@ZNJ@Be@a@M??`@LCd@ZDZ@L?n@Al@AUp@EPw@pCa@lC[yBKo@CQKy@]cCZNJ@ZDZ@L?n@Al@AR_@LWQSR_AJk@BMCLKj@S~@??PRMVS^Up@EPw@pCa@lCg@iDCQKy@]cCg@a@[Yk@c@WOQK]O_@OoAm@UKi@M
WF2 0GU,40,764,East Ardsley Luncheon Club → Main Street Fisheries → China And Thai Express → St Michaels Church → East Ardsley Luncheon Club,3,2133,448,7min,y|{fIjlkHAKAUpBd@TJnAl@^N\NPJVNj@b@ZXf@`@ZNJ@Be@a@M??`@LCd@ZDZ@L?n@Al@AUp@EPw@pCa@lC[yBKo@CQKy@]cCZNJ@ZDZ@L?n@Al@AUp@EPw@pCa@lCWzCMhAy@BeAZWTUV}@p@}@f@AI{DbAGXNfANTHFFn@Go@IGOUOgAFYtA_@dBc@@H|@g@|@q@TWVU]GYIY[S]Og@Ok@Kq@Gs@Iy@Ew@GkAC]?]@c@@a@Dc@b@qDoAm@UKqBe@@T@J
WF2 0GU,40,765,East Ardsley Post Office → BP Manor Service Station → Main Street Fisheries → St Michaels Church → East Ardsley Post Office,3,1665,356,5min,_m{fIv`lHFw@`@mCv@qCDQTq@R_@f@dAOZGN_AMw@pCa@lCg@iDCQKy@]cCZNJ@Be@a@M??`@LCd@ZDZ@L?n@Al@AUp@EPw@pCa@lCWzCMhAy@BeAZWTUV}@p@}@f@AI{DbAGXNfANTHFFn@Go@IGOUOgAFYtA_@dBc@@H|@g@|@q@TWVUdA[x@CLiANcB
WF2 0GU,40,766,Esso → Toyota Vantage → Total Fitness → Ramada → Esso,3,2160,416,6min,ersfIhmmHSj@QJSYHQb@iAD_@\_ABQA_@q@gAw@m@KEMGPeAHM\KHYNm@BETmADMB?BB@DYtABOTeAAECCC?ELUlACDOl@IX]JILQdAo@_@e@e@[_@SU_@m@KMEECAKCIDK@OFEHEJ{AbHKd@SdAI`@Gd@Kx@CXKfAA`@?LBNBP??FTBBLDH@F@D?NIDEHILOLUFIPa@Pg@DMDMFWPo@@KNq@ViAD]DIDIHIAOAECC_@Y_Aw@~ApABB@D@NCNGNABEHGLWhAOp@AJQn@GVELELQf@Q`@GHMTMNRbAb@eADCb@j@DHEL[bA??EBMSCCEEQWAKScAIHEDOHEBEFEDIPANEN?\?B?HBRH\DLFNVf@HN^j@VPLDD@B?B?NEzCuHPg@Rc@JS`@w@TWVk@HQb@iAHLH^GN
WF2 0GU,40,767,Flanshaw Lodge → The Eagle → Alverthorpe Working Mens Club → GJH Commercial Vehicle Services Ltd → Flanshaw Lodge,3,2911,444,7min,u{sfIzrjHMa@Ee@lAiATKEWEQISGO_@t@MVIN[h@QVYRSPa@X??EBSPA@YPKHQJYJC?SBY?OAQCYMi@Y_@MkB]s@Oc@Kc@MGAu@YQMKKn@{DD^i@fDPLt@XF@b@Lb@J~Cl@AfD?nCAr@?lAA|C?V?XErK?H?hA?|@AjAB`AFr@BRcAb@KBSDYBYBWAeACo@A?{A?M@uBm@?M?EBCH?d@BHDDZ?[?EECI?e@BIDCL?V?T?AtB?L?zAn@@dABV@XCXCREJCbAc@CSGs@CaA@kA?}@?iA?IDsK?Y?W@}C?mA@s@?oC@gD^Lh@XXLPBN@X?RCB?XKPKJIZSRQDC??`@YRQXSPWZi@HOLW^u@FNHRDPDVUJmAhADd@L`@
WF2 0GU,40,768,Flanshaw United Reformed Church → Alverthorpe Working Mens Club → GJH Commercial Vehicle Services Ltd → Mill View Stores → Flanshaw United Reformed Church,3,3583,526,8min,k}sfIttjHe@MMBGACGESG]EBSP[RKHQJYJC?SBY?OAQCYMi@Y_@MkB]s@Oc@Kc@MGAu@YQMKKn@{DD^i@fDPLt@XF@b@Lb@J~Cl@AfD?nCAr@?lAA|C?V?XErK?H?hA?|@AjAB`AFr@BRcAb@KBSDYBYBWAeACo@A?{A?M@uBm@?M?EBCH?d@BHDDZ?[?EECI?e@BIDCL?V?T?AtB?L?zAn@@dABV@XCXCREJCbAc@CSGs@CaA@kA?}@?iA?IDsK?Y?W@}C?mA@s@?oC@gD_Dm@c@Kc@MGAu@YQMKKi@g@QOUMMIUMOK_@YYa@Wg@[w@CIWe@CIKSGUQk@CIESOs@MW|@aBH[CUMSLRBTIZ}@`BLVTfABHPj@FTJRBHVd@BHZv@Vf@X`@^XNJTLLHTLPNh@f@JJPLt@XF@b@Lb@J~Cl@^Lh@XXLPBN@X?RCB?XKPKJIZSRQDCF\DRBFF@LCd@L
WF2 0GU,40,769,Fusion Hair Studio → St Michaels Church → R H Binks And Sons → Methodist Church → Fusion Hair Studio,3,1840,308,5min,qn{fIv`mHUABoD?GBaE?U@yABw@B{@Bq@Bo@FeA@SDu@y@BeAZWTUV}@p@}@f@AI{DbAGXNfANTHFFn@Go@IGOUOgAFYtA_@dBc@@H|@g@|@q@TWVUdA[x@CLiAFy@NaBg@iDCQIs@AE]cCZNJ@ZDZ@L?n@Al@AUp@EPw@pCa@lCWzCMhAEt@ARGdACn@Cp@Cz@Cv@AxA?TC`E?FCnDT@
WF2 0GU,40,770,Gardener's Retreat Restaurant → The Malt Shovel → Tardis → Carr Gate WMC → Gardener's Retreat Restaurant,3,4087,490,8min,ggzfIrbjH~Ai@|@_@fCgApAi@pBy@HEDChAe@d@SBAb@Qj@Wh@UZId@QEo@?_@BYDc@FYJa@R_@PS^YjBcAj@YPIrBkAnB_APIJf@@L?LENc@n@W`@W`@SXo@jASZ}@dBgBjD{@xAw@~@}EnHOTa@n@J`@BNDV?L?PG`BAP?P?P?P@RJfDi@NG_BIgCAYAOEECAEHIJKNCD@^FxBDrB@f@DRDF??BBJCJAFABG?IEmAh@OKgDAS?Q?Q?Q@QFaB?Q?MEWOIGCI?ODeCnDg@h@g@b@cAp@iB`ASJIDGHIHEHCHYlA?BOt@ETELEHGJcBvBGHIHIDIBIBI@K?OAEAc@e@OUGQEOEQAMAOAQ?S@O@O?GDQFWFWFOFMrAuBHKFGFGHGHGJCHAH?H?H@JDt@NZLPBLBR@NANCLEJGZSjAy@`A_A`AkAb@o@pB}CbCqDFM^_AVe@L_@FYDY@W@YAYMoAe@P[Hi@TCoBGmAq@LJr@Ks@p@M@PDz@BnBk@Vg@Re@RiAd@EBIDqBx@qAh@gCfA}@^_Bh@
WF2 0GU,40,771,GJH Commercial Vehicle Services Ltd → Alverthorpe Working Mens Club → Ossett Fire Station → Amazon DLS4 → GJH Commercial Vehicle Services Ltd,3,3140,486,8min,wrtfIvykHT?AtB?L?zAn@@dABV@XCXCREJCbAc@CSGs@CaA@kA?}@?iA?IDsK?Y?W@}C?mA@s@?oC@gDkB]s@Oc@Kc@MGAu@YQMKKn@{DD^i@fDPLt@XF@b@Lb@J~Cl@AfD?nCAr@?lAA|C?V?XErK?H?hA?|@AjAB`AFr@BR^jBLl@JdAFrAJ`BVtAV`AVj@Rb@IVKZYp@mA~FWlAAFS~@PJ@@@?@??CH_@??I^?BA?A?AAQKGTSdAi@dCc@nBKIEEC?AC?E@Ef@cC^gBJHNJReAFUR_A@GVmAlA_GXq@J[HWSc@Wk@WaAWuAKaBGsAKeAMm@_@kBcAb@KBSDYBYBWAeACo@A?{A?M@uBU?
WF2 0GU,40,772,Hall Cliffe Primary School → Wrenthorpe Potovens → Jerry Clay Academy → The Well Church (Elim Pentecostal) → Hall Cliffe Primary School,3,4753,496,8min,ayvfIrpiHYC[YM??iB?u@?e@CoACq@Ee@Mg@Mm@Gi@Ci@CSEkBODYHI@UBc@E{B_@g@UGIY[[U}@a@GC}@a@]OQIOOcAaBS[e@s@]g@u@kAk@{@[YaBqA}@o@k@_@]UUO_CeB_@h@CBW^uA~BmAtBKPq@hAGHq@jAaAdBSb@oBxD_AhBcA|AKLCDu@~@}@|@a@XCB_@RJf@@L?LENc@n@W`@fAxEf@|BVjAXt@DJTf@hA`CN`@HRDP@VC^Gb@Id@Mt@IhAE`BBt@LpAb@nDB\^lE^fEHjA\zAlApDbCtIjOi]xHgQjFuL`@aATk@DKDKRc@`@y@Pe@JU^y@`BoD\w@Zu@LYFIFGXSDCRQFEf@g@Mm@Gi@G}@EkBODYHI@UBc@EMNWNINKZI\ITi@XMNEPG^EZOEQCG?USMOReADUj@cDf@TzB^b@DTCHAXINEDjBF|@Fh@Ll@Lf@Dd@Bp@BnA?d@?t@?hBL?ZXXB
WF2 0GU,40,773,Highfield School → Ossett WMC → West Ardsley Methodist Church → The Star Inn → Highfield School,3,16252,1429,23min,}wvfIbusHDb@Jf@Lv@Pp@Pn@L`@HVBD@J@PBP?V@`@?\?jBAdA?v@BZJVt@|Bb@xBJp@XfBLp@J\Rr@Rf@Td@FLPRPLh@\HHLJVk@NUXa@hA[rA_@RGz@Uh@MdAWTbAHVHJJDP@ZCXG\GZKZMZYTUhBoB`@YlA{@b@UdCuAh@@VPJKTSBC\]`@u@`AeCLm@Pu@ZwAPy@b@kBPq@j@cCJ]XeAJ[XcAT_AjBkGFQ|@{CVmAJe@l@iCVeAJq@H{@Do@Du@?e@?M?}@EgACq@QoFBsAJ}E@e@@gAF}B@_@@UD_ADuATcGLoCFwADiAXqGBYT_EJ_CJmF?i@AWAOKYUq@U_@mAqAc@OQAQ?_@LURW\O\Mj@I|@Bx@Dd@SRq@\{@Pa@?c@CsAKaBKw@IIKEQCIA_ACg@Q_BgAoI}@cIEy@SqEGo@Kk@Ou@Uq@Qk@Kc@Eg@Em@Co@Ea@Oo@Oq@Ww@Qk@Ss@WwAYgBOcAGm@C[AM@u@?o@Cw@CsAG}AGo@G_@MWWSQIQGCA_@K[Ua@_@y@_AmAmA_A_AcAqAk@q@m@s@{@u@}@u@qBoBuAuAY][hA_@pAeAlCsAdCQ\cBdDw@lB]t@{@bCaB`E_@z@S\OXYb@i@r@QRq@j@_@V]TQHc@TIDOFqBdAe@b@URw@v@yAzAi@l@OR_@f@SX{BfD]r@Wn@Of@u@`DSt@Sj@Yf@YVYNE@kANmAPO@S?[Ee@IC?Y@]F]HQL]Xa@l@Uf@Od@Qt@Mv@i@vEKl@K\SRe@XyA~@s@p@c@n@Wp@Sv@SlAo@bFYrB_AvDuA~Du@|BCF}@xCc@bBUbAUlA]fB[bAYp@k@|@s@v@oBdBKH_@`@S\Sl@YfA_@hBWhAIX[z@GNe@c@o@_@gAe@NaB|@h@PBJMKLA?OC}@i@O`BfAd@n@^d@b@FOZ{@HYViA^iBXgARm@R]^a@JInBeBr@w@j@}@Xq@ZcA\gBTmATcAb@cB|@yCBGt@}BtA_E~@wDXsBn@cFRmARw@Vq@b@o@r@q@xA_Ad@YRSJ]Jm@h@wELw@Pu@Ne@Tg@`@m@\YPM\I\GXAB?d@HZDR?NAlAQjAODAXOXWXg@Rk@Ru@t@aDNg@Vo@\s@zBgDRY^g@s@aAKMAu@F]?IOs@Nr@?HG\@t@~@nANSh@m@xA{Av@w@TSd@c@pBeANGHEb@UPI\U^Wp@k@PSh@s@Xc@NYR]^{@`BaEz@cC\u@v@mBbBeDP]rAeCdAmC^qAZiAX\tAtApBnB|@t@z@t@l@r@j@p@bApA~@~@lAlAx@~@`@^ZT^JB@PFPHVRLVF^Fn@F|ABrABv@?n@At@@LBZFl@NbAXfBVvARr@Pj@Vv@Np@Nn@D`@Bn@Dl@Df@Jb@Pj@Tp@Nt@Jj@Fn@RpEDx@|@bIfAnIP~ABf@@~@BHDPHJv@H`BJrAJb@B`@?z@Qp@]RSEe@Cy@H}@Lk@N]V]TS^MP?P@b@NlApATRz@XAf@EzAMdEKr@K~BU~DCXYpGEhAGvAMnCUbGEtAE~@ATA^G|BAfAAd@K|ECrAPnFHxB?|@?L?d@Et@En@Iz@Kp@WdAm@hCKd@WlA}@zCGPkBjGU~@YbAKZYdAK\k@bCQp@c@jBQx@[vAQt@Ml@aAdCa@t@]\CBURKJWQi@AeCtAc@TmAz@a@XiBnBUT[X[L[J]FYF[BQAKEIKIWUcAeAVi@L{@TSFsA^iAZY`@OTWj@MKIIi@]QMQSGMUe@Sg@Ss@K]Mq@YgBKq@c@yBu@}BKWC[?w@@eA?kB?]Aa@?WCQAQAKCEIWMa@Qo@Qq@Mw@Kg@Ec@
WF2 0GU,40,774,Hill Top Primary Academy → West Ardsley Book Exchange → West Ardsley Methodist Church → The Mens Room → Hill Top Primary Academy,3,8357,936,15min,clzfIn}rHNTn@bAFHJ@H@D@RZRi@x@}Bn@}Al@eBFOdFcNe@c@o@_@gAe@qBw@qBy@{Aq@QGmEiBk@Sk@SBWDS@S?Q?S@OLaBM`BAN?R?PARERCVTHTHj@RlEhBPFzAp@pBx@pBv@NaB|@h@PBJMKLA?OC}@i@O`BqBw@qBy@{Aq@QGmEiBk@Sk@S{Ai@{@Wo@Uu@e@e@[CC]YuAoAkAaAs@i@gAaAGE[Wk@a@cDgCu@g@SGQEc@IKAeBS_@Go@OsB]SEQA?m@AaAA]E{@IaAKiBQ_CE}@AQAQIsAIqAAWMoBGaAIaAUeBYwB]oCe@uBi@mCMs@Gk@u@oH]mDOuAY{BIk@CSIs@OuA_AmHKcAKu@Ic@Rg@P]V_@V_@NMVU~@i@\Qn@UVIj@MZGn@StAq@fBy@\Q`@Sp@]z@g@vBoAh@a@XYP_@DIP}@De@FkABgA@m@zAHHAFEDGDMBSBaClALFDFHBJ@H?FALEJEDIDoA^CRELEFGDI@{AIEtBGjAEd@Q|@EHQ^YXi@`@wBnA{@f@q@\a@R]PgBx@uAp@o@R[Fk@LWHo@T]P_Ah@WTOLW^W^Q\Sf@Hb@Jt@JbA~@lHNtAHr@BRHj@XzBNtA\lDt@nHFj@Lr@h@lCd@tB\nCXvBTdBH`AF`ALnB@VHpAHrA@P@PD|@P~BJhBH`ADz@@\@`A?l@P@RDrB\n@N^FdBRJ@b@HPDRFt@f@bDfCj@`@ZVFDfA`Ar@h@jA`AtAnA\XBBd@Zt@d@n@Tz@VzAh@j@Rj@RlEhBPFzAp@pBx@pBv@fAd@n@^d@b@eFbNGNm@dBo@|Ay@|BSh@S[EAIAKAGIo@cAOU
WF2 0GU,40,775,Holiday Inn → Shell Select → Ramada → Total Fitness → Holiday Inn,3,2308,396,6min,gpsfItwmH|@`@ENGPc@l@KNKPEBEJs@`A]aAEIQm@q@_CYoAG[?K@QJS`@w@@[Ea@BS@CHU@C??RATZb@iAD_@\_ABQA_@q@gAw@m@KEMGo@_@e@e@[_@SU_@m@KMEECAKCIDK@OFEHEJ{AbHKd@SdAI`@Gd@Kx@CXKfAA`@?LBNBP??FTBBLDH@F@D?NIDEHIRbAb@eADCb@j@DHEL[bA??EBMSCCEEQWAKScALOLUFIPa@Pg@DMDMFWPo@@KNq@ViAD]DIDIHIAOAECC_@Y_Aw@~ApABB@D@NCNGNABEHGLWhAOp@AJQn@GVELELQf@Q`@GHMTMNIHEDOHEBEFEDIPANEN?\?B?HBRH\DLFNVf@HN^j@VPLDD@B?B?NEzCuHRMVCXnAp@~BPl@DHZi@DCHDZRNFDCJQJOb@m@FQDO}@a@
WF2 0GU,40,776,Hong Kong Vegan → Wrenthorpe Academy → Spot on Dog Grooming → The Wheel → Hong Kong Vegan,3,1540,201,3min,wowfIdngHe@Tq@^c@Xu@f@E@eBbAo@`@m@d@s@v@s@~@wBzC~BdBTN\Tj@^|@n@`BpAZXj@z@Z_AXcAb@_BBIHS??IRCHc@~AYbA[~@k@{@[YaBqACAy@m@k@_@]UUO_CeBfA{An@_Ar@_Ar@w@l@e@n@a@dBcADAt@g@b@Yp@_@d@U
WF2 0GU,40,777,JB's Cafe & Bistro → Ossett Flushdyke Junior and Infant School → Spring Mill Golf Course → Ramada → JB's Cafe & Bistro,3,10890,1053,17min,{gtfIl}oHGVIz@I?IM?yAWBGDI?GAIGUq@U_@mAqAc@OQAQ?_@LURW\O\Mj@I|@Bx@Dd@X`@RLRAPGLQJUlA{DJa@p@sBt@aBzDkIFMP_@VaADg@?c@A]E[G]Ia@IOGYG]A[AW?W@wD@y@@[@YD]H[Rg@POPMLINEP@RBTLVXJXFVDVDX@\?ZAtDA|@AZA\ETW~@MZa@fAcAxBkAjCkDhHq@zAq@nBy@bDWvAAFW|AQ`BQjBGlAIdCEvCGnEQnLIdCSvC_@|De@vCg@tBs@dCqAvCwL`SwBhDmDxF{AhCiBbD{@lBoB`Fq@xBe@xBg@xCYpCKzAG`BChCD|BRlDXrCj@`Ev@bDr@tCLRLHP@HCVAJ@FBFFFJFVBLFf@@H?PAPEPELIHGDGBk@EEAGEGGEKEMCS?U?]UmAaAmDq@cDm@eE[sCSoDCu@AiA@kCDcBJ}AToCd@_Dh@qBp@cCvBuFx@kBbBkDrAgChHiL`H}KnCoErAyCr@uBj@wBf@uCd@uDRuCHoCNkLDwBFwFAi@BoANgCDu@?c@A[ESCOM_@Oe@G[Gc@Ee@Cy@H}@Lk@N]V]TS^MP?P@b@NlApATRz@XAf@EzAMdEKr@K~BxBdA\M^q@h@y@fAmAn@k@RWf@u@hCcDHKHEH@H@JDHHFJDNh@|BVjAFVFPVf@`A|AJB@?NGDGDGXm@Pa@JQHEHKj@u@`@o@BGhA{BP[ZWDCDCNE^KLARMz@s@TWDEDMBAt@c@ZKUyA[eCcBkM{@qECOkAgFYaA{@_DK]sCoHk@}ASi@]aAEIQm@q@_CYoAG[?K@QJS`@w@TWVk@HQb@iAD_@\_ABQA_@q@gAw@m@KEMGo@_@e@e@[_@SU_@m@KMEECAKCIDK@OFEHEJ{AbHKd@SdAI`@Gd@Kx@CXKfAA`@?LBNBP??FTBBLDH@F@D?NIDEHIRbAb@eADCb@j@DHEL[bA??EBMSCCEEQWAKScAIHEDOHEBEFEDIPANEN?\?B?HBRH\DLFNVf@HN^j@b@p@BBDHBDDJ@N@PAN[x@Yz@K`@E\C\?b@B\Db@Jp@JXFVDVDX@\?ZAtDA|@AZA\ETW~@MZa@fAcAxBkAjCuBjFIn@GfAGlAA\CbBAf@EzA\EHLH?H{@FW
WF2 0GU,40,778,Jerry Clay Academy → Hall Cliffe Primary School → The Well Church (Elim Pentecostal) → Sunnyhill Stores → Jerry Clay Academy,3,2691,363,6min,_iwfIlwiHDKDKRc@`@y@Pe@JU^y@`BoD\w@Zu@LYFIFGXSDCRQFEf@g@Lf@Dd@Bp@BnA?d@?t@?hBL?ZXXB@?[C[YM??iB?u@?e@CoACq@Ee@Mg@Mm@Gi@G}@EkBODYHI@UBc@EMNWNINKZI\ITi@XMNEPG^EZOEQCG?USMOReADUj@cDf@TzB^b@DTCHAXINEDjBF|@Fh@Ll@Lf@Dd@Bp@BnA?d@?t@?hB?rB?zA?HDzCDdFBzA@T@hAFlF_@PO@EDCFCLBMBGDENA??^QGmFAiAAUC{AEeFE{C?I?{A?sB?iB?u@?e@CoACq@Ee@Mg@g@f@GDSPEBYRGFGHMX[t@]v@aBnD_@x@KTQd@a@x@Sb@EJEJ
WF2 0GU,40,779,Kirkhamgate Fisheries → Village Stores → Outwood Primary Academy Kirkhamgate → The Star Inn → Kirkhamgate Fisheries,3,1735,315,5min,{cwfIn`nHAQEWKWq@j@_@V]TQHc@TIDOFqBdA_@wBm@\OH|@g@^vBe@b@URw@v@Mc@Om@]}CE]Kq@SyACK?AOkA_@qCcAf@[yAJIKHZxAbAg@^pCNlABJRxAJp@D\\|CNl@Lb@yAzAi@l@ORs@aAKMAu@F]?IOs@Nr@?HG\@t@~@nANSh@m@xA{Av@w@TSd@c@pBeANGHEb@UPI\U^Wp@k@JVDV@P
WF2 0GU,40,780,Kirkhamgate Village Hall → The Star Inn → Outwood Primary Academy Kirkhamgate → Shawfold Cars → Kirkhamgate Village Hall,3,1831,321,5min,iswfIdbnHTrBNl@Lb@yAzAi@l@ORs@aAKMAu@F]?IOs@Nr@?HG\@t@~@nANSh@m@xA{AMc@Om@]}CE]Kq@SyACK?AOkA_@qCcAf@[yAJIKHZxAbAg@^pCNlABJRxAJp@D\\|CNl@Lb@v@w@TSd@c@pBeANGHEb@UPI\U^Wp@k@JVDVDf@@FCz@Jj@DXEYKk@B{@Go@EWKWq@j@_@V]TQHc@TIDOFqBdAe@b@URw@v@Mc@Om@UsB
WF2 0GU,40,781,"Kirkhamgate Village Hall, Brandy Carr Road → Outwood Primary Academy Kirkhamgate → The Star Inn → Shawfold Cars → Kirkhamgate Village Hall, Brandy Carr Road",3,1686,298,4min,qswfI`anH?EE]Kq@SyACK?AOkA_@qCcAf@[yAJIKHZxAbAg@^pCNlABJRxAJp@D\\|CNl@Lb@yAzAi@l@ORs@aAKMAu@F]?IOs@Nr@?HG\@t@~@nANSh@m@xA{Av@w@TSd@c@pBeANGHEb@UPI\U^Wp@k@JVDVDf@@FCz@Jj@DXEYKk@B{@Go@EWKWq@j@_@V]TQHc@TIDOFqBdAe@b@URw@v@Mc@Om@]wC
WF2 0GU,40,782,Kowloon → Alverthorpe Garage → Mill View Stores → Sun Bo → Kowloon,3,1187,267,4min,ajufIbijHb@iA\w@L]L[f@}Af@{AdAwCFSb@~@Zn@BH}AlCu@rAIHO@]I\HNAHIP[b@w@|AmCRb@HTNVLVLVTfAj@Sk@RESOs@MWMWOWIUSc@CIJSFSGEi@}@BDd@v@FDGRKR[o@c@_AGReAvCg@zAg@|AMZM\]v@c@hA
WF2 0GU,40,783,Kylies Sandwich Bar & Custom Cakes → Alverthorpe Garage → Mill View Stores → Sun Bo → Kylies Sandwich Bar & Custom Cakes,3,1179,266,4min,}iufIxhjH^_A\w@L]L[f@}Af@{AdAwCFSb@~@Zn@BH}AlCu@rAIHO@]I\HNAHIP[b@w@|AmCRb@HTNVLVLVTfAj@Sk@RESOs@MWMWOWIUSc@CIJSFSGEi@}@BDd@v@FDGRKR[o@c@_AGReAvCg@zAg@|AMZM\]v@_@~@
WF2 0GU,40,784,Lindale Methodist Church → The Star Inn → Outwood Primary Academy Kirkhamgate → Shawfold Cars → Lindale Methodist Church,3,1801,318,5min,aswfIncnHLhANl@Lb@yAzAi@l@ORs@aAKMAu@F]?IOs@Nr@?HG\@t@~@nANSh@m@xA{AMc@Om@]}CE]Kq@SyACK?AOkA_@qCcAf@[yAJIKHZxAbAg@^pCNlABJRxAJp@D\\|CNl@Lb@v@w@TSd@c@pBeANGHEb@UPI\U^Wp@k@JVDVDf@@FCz@Jj@DXEYKk@B{@Go@EWKWq@j@_@V]TQHc@TIDOFqBdAe@b@URw@v@Mc@Om@MiA
WF2 0GU,40,785,Lofthouse Colliery Disaster Memorial → Sunnyhill Stores → Low Laithes Golf Course → Alverthorpe St Paul's CofE (VA) School → Lofthouse Colliery Disaster Memorial,3,8486,1128,18min,_hvfIr~kHVu@sAeC]u@k@qAQ]qAoCIQ{@eBQi@GUkCgKyAsFIc@Ec@Ee@CcA_@PO@EDCFCLBMBGDENA??^QBbADd@Db@Hb@xArFjCfKFTPh@z@dBHPpAnCP\j@pA\t@rAdCBIbAmBb@i@~@cAdB{Ap@i@Z_@Vc@Pi@V}@d@sBp@aCV_A|BsGvBwEr@iBr@gB^aAFMp@gB\w@L]L[f@}Af@{AdAwCFSb@~@Zn@BHRb@HTNVLVLVTfABHPj@FTJRBHVd@BHZv@Vf@X`@^XNJTLLHTLPNh@f@JJPLt@XF@b@Lb@J~Cl@AfD?nCAr@?lAA|C?V?XErK?H?hA?|@AjAB`AFr@BR^jBLl@JdAFrAJ`BVtAV`AVj@Rb@IVKZYp@mA~FWlAAFS~@GTSdAi@dCc@nB_A|EILKBMEY]qAeAUGIEKGGIGQAKAO?MHwBHwB@a@?OJwDBa@PuBJmADOFIL?DBNNRRZZ@FAPEFCDy@xDGFE?KIECk@fDA`@BT@PCp@?`@EbB?F@XBLHVLLPTpAdAZNLDH@HE~@}Eb@oBh@eCReAFUR_A@GVmAlA_GXq@J[HWSc@Wk@WaAWuAKaBGsAKeAMm@_@kBCSGs@CaA@kA?}@?iA?IDsK?Y?W@}C?mA@s@?oC@gD_Dm@c@Kc@MGAu@YQMKKi@g@QOUMMIUMOK_@YYa@Wg@[w@CIWe@CIKSGUQk@CIUgAMWMWOWIUSc@CI[o@c@_Ab@qAZw@MUKKQIQG[IQCSGMEQKY[g@g@SWy@oAGEKCQl@c@`AEd@Er@ETIVKXERGTEX@\Ap@AXGVILDZBV?R@RGd@A\CTCB??C?B?BCBU@]Fe@AS?SCWE[HMFW@Y@q@A]DYFUDSJYHWDUDs@De@b@aAPm@JBFDx@nARVf@f@XZPJLDRFPBZHPFPHJJLT[v@c@pAGReAvCg@zAg@|AMZM\]v@q@fBGL_@`As@fBs@hBwBvE}BrGW~@q@`Ce@rBW|@Qh@Wb@[^q@h@eBzA_AbAc@h@cAlBCHWt@
WF2 0GU,40,786,Low Laithes Golf Course → Amazon DLS4 → Ossett Fire Station → GJH Commercial Vehicle Services Ltd → Low Laithes Golf Course,3,2773,583,9min,cttfI|emHJwDBa@PuBJmADOFIL?DBNNRRZZ@FAPEFCDy@xDGFE?KIECk@fDA`@BT@PCp@?`@EbB?FnC~BDFFBLGDIr@gDBCAC?E@Ef@cC^gBJHNJReAFUPJ@@@?@??CH_@??I^?BA?A?AAQKR_A@GVmAlA_GXq@J[HWSc@Wk@WaAWuAKaBGsAKeAMm@_@kBcAb@KBSDYBYBWAeACo@A?{A?M@uBm@?M?EBCH?d@BHDDZ?[?EECI?e@BIDCL?V?T?AtB?L?zAn@@dABV@XCXCREJCbAc@^jBLl@JdAFrAJ`BVtAV`AVj@Rb@IVKZYp@mA~FWlAAFS~@GTSdAi@dCc@nB_A|EILKBMEY]qAeAUGIEKGGIGQAKAO?MHwBHwB@a@?O
WF2 0GU,40,787,Main Street Fisheries → China And Thai Express → The Bay Horse → East Ardsley Express → Main Street Fisheries,3,1637,363,6min,co{fIbrkH`@LCd@ZDZ@L?n@Al@AUp@EPw@pCa@lC[yBKo@CQKy@]cCZNJ@ZDZ@L?n@Al@AR_@LWQSR_AJk@BMCLKj@S~@??PRMVS^Up@EPw@pCa@lCg@iDCQKy@]cCg@a@[Yk@c@WOQK]O_@OoAm@UKqBe@@TJrAJpAKqAKsAAUfAVh@LTJnAl@^N\NPJVNj@b@ZXf@`@ZNJ@Be@a@M
WF2 0GU,40,788,Methodist Church → BP Manor Service Station → Tania's Barbershop → East Ardsley Express → Methodist Church,3,1681,308,5min,mn{fInwkHAE]cCZNJ@ZDZ@L?n@Al@AR_@f@dAOZGN_AMw@pCa@lCKhAKpAMhAy@BeAZ]GYIY[S]Og@Ok@Kq@Gs@Iy@Ew@GkAC]?]@c@@a@Dc@b@qDoAm@UKqBe@@TJrAJpAKqAKsAAUfAVh@LTJnAl@^N\NPJVNj@b@ZXf@`@ZNJ@ZDZ@L?n@Al@AUp@EPw@pCa@lCg@iDCQIs@
WF2 0GU,40,789,Mill View Stores → Sun Bo → Alverthorpe Garage → Kylies Sandwich Bar & Custom Cakes → Mill View Stores,3,1239,281,4min,g}tfIpajHOs@MWMWOWIUSc@CIJSFSGEi@}@BDd@v@FDGRKRBH}AlCu@rAIHO@]I\HNAHIP[b@w@|AmCCI[o@c@_AGReAvCg@zAg@|AMZM\]v@q@fBGLZl@P[QZ[m@FMPg@^_A\w@L]L[f@}Af@{AdAwCFSb@~@Zn@BHRb@HTNVLVLVNr@
WF2 0GU,40,790,NAV Mini Market → Phoenix Young People's Centre → Mill View Stores → Pizza Ferrara → NAV Mini Market,3,1173,261,4min,_aufItriHJJLT[v@c@pAGReAvCg@zAGIWKVJFHf@{An@eBTq@FSb@~@Zn@BHRb@HTNVLVLVTfAj@Sk@RESOs@MWMWOWIUSc@CI[o@c@_AGReAvCg@zAg@|AMZM\Nl@Rz@S{@Om@L]L[FS^iAf@{AdAwCFSb@qAZw@MUKK
WF2 0GU,40,791,NPAS 31 - Carr Gate → West Yorkshire Police Learning & Development Centre → Driver Training Area → West Yorkshire Police Bishopgarth House → NPAS 31 - Carr Gate,3,10221,589,9min,isyfIb{jHIaCKgDAS?Q?Q?Q@QFaB?Q?MEWOIGCI?ODeCnDg@h@g@b@cAp@iB`ASJIDGHIHEHCHYlA?BCvA?P@P@RDRThAf@~Br@|CnB|INn@nBxIR|@x@nD\|AtAxDbCzFbCdFbAjBb@x@bAjBnCrD|CfEjDpDxFdFfMjJzBxA`CrAtBfAtDrBtG`Dn@R~FjBlGhAdE\xDDvEOnE[hOcClImApBYzRuF^OZSPMNQNUj@{ARg@POPMLINEP@RBTLVXJXFVDVDX@\?ZAtDA|@AZA\ETW~@MZk@Va@@OCWOMOMUIOi@w@a@So@E{Lh@qAFsFj@sInAeOdCoE`@cFJwDImE]eGaAaGiBs@W_HeDkDqBuBiAcCcB}B_BqFsDiF{DkFqEoD{DaDeE}BqDmAkBc@y@wAuCoEsJuBoF_AqCo@wA_AuCqA}DOc@}BiHwAmEQa@Uu@K]MYKWGMGKGIGIGGEEMIOKc@SEAc@e@OUGQEOEQAMAOAQ?S@O@O?GDQFWFWFOFMrAuBHKFGFGHGHGJCHAH?H?H@JDt@NZLPBLBR@NANCLEJGZSjAy@`A_A`AkAb@o@\Ut@gALKJ?FJJ`@BNDV?L?PG`BAP?P?P?P@RJfDi@NG_BIgCAYAOEECAEHIJKNCD@^FxBDrB@f@DRDFBB??JCJAFABG?IEmAh@OH`C
WF2 0GU,40,792,One Stop Coffee Shop → Main Street Fisheries → China And Thai Express → St Michaels Church → One Stop Coffee Shop,3,2135,449,7min,y|{fIllkHAMAUpBd@TJnAl@^N\NPJVNj@b@ZXf@`@ZNJ@Be@a@M??`@LCd@ZDZ@L?n@Al@AUp@EPw@pCa@lC[yBKo@CQKy@]cCZNJ@ZDZ@L?n@Al@AUp@EPw@pCa@lCWzCMhAy@BeAZWTUV}@p@}@f@AI{DbAGXNfANTHFFn@Go@IGOUOgAFYtA_@dBc@@H|@g@|@q@TWVU]GYIY[S]Og@Ok@Kq@Gs@Iy@Ew@GkAC]?]@c@@a@Dc@b@qDoAm@UKqBe@@T@L
WF2 0GU,40,793,Oriental Chef → The Star Inn → Outwood Primary Academy Kirkhamgate → Shawfold Cars → Oriental Chef,3,1761,315,5min,urwfIhenH@NNl@Lb@yAzAi@l@ORs@aAKMAu@F]?IOs@Nr@?HG\@t@~@nANSh@m@xA{AMc@Om@]}CE]Kq@SyACK?AOkA_@qCcAf@[yAJIKHZxAbAg@^pCNlABJRxAJp@D\\|CNl@Lb@v@w@TSd@c@pBeANGHEb@UPI\U^Wp@k@JVDVDf@@FCz@Jj@DXEYKk@B{@Go@EWKWq@j@_@V]TQHc@TIDOFqBdAe@b@URw@v@Mc@Om@AO
WF2 0GU,40,794,Ossett Fire Station → Silkwood Farm → Amazon DLS4 → Total Fitness → Ossett Fire Station,3,2703,475,7min,}gtfIlbmHI^?BA?A?AAQKR_A@GVmAnB~ALo@VR\ZPaA??Q`A][WSMn@oB_BWlAAFS~@GTSdAi@dCc@nBKIEEC?AC?E@Ef@cC^gBJHNJReAFUR_A@GVmAlA_GXq@J[HWn@z@zB`CLJD@D?LEDAJEF?B?HF@BDHDN@RAPEPGLIDK@OFEHEJ{AbHKd@SdAI`@Gd@Kx@CXKfAA`@?LBNBP??FTBBLDH@F@D?NIDEHILOLUFIPa@Pg@DMDMFWPo@@KNq@ViAD]DIDIHIAOAECC_@Y_Aw@~ApABB@D@NCNGNABEHGLWhAOp@AJQn@GVELELQf@Q`@GHMTMNIHEDOHEBEFEDIPANENGHWFECIIEMCOAQBQDOBCJ[BMBMBM@a@JgABYJy@Fe@Ha@ReAJe@zAcH@K?G?EAa@CQEUAMEIKU{BaCo@{@IVKZYp@mA~FWlAAFS~@PJ@@@?@??CH_@
WF2 0GU,40,795,Ossett Flushdyke Junior and Infant School → JB's Cafe & Bistro → Spring Mill Golf Course → Ossett WMC → Ossett Flushdyke Junior and Infant School,3,11235,1055,17min,eptfIzapHW|AQ`BQjBGlAIdCEvCGnEQnLIdCSvC_@|De@vCg@tBs@dCqAvCwL`SwBhDmDxF{AhCiBbD{@lBoB`Fq@xBe@xBg@xCYpCKzAG`BChCD|BRlDXrCj@`Ev@bDr@tCLRLHP@HCVAJ@FBFFFJFVBLFf@@H?PAPEPELIHGDGBk@EEAGEGGEKEMCS?U?]UmAaAmDq@cDm@eE[sCSoDCu@AiA@kCDcBJ}AToCd@_Dh@qBp@cCvBuFx@kBbBkDrAgChHiL`H}KnCoErAyCr@uBj@wBf@uCd@uDRuCHoCNkLDwBFwFAi@BoANgCDu@?c@A[ESCOM_@Oe@G[Gc@Ee@Cy@H}@Lk@N]V]TS^MP?P@b@NlApATRz@XAf@EzA\EHLH?H{@FWJg@@qBEGa@D]?CbBAf@EzAMdEKr@K~BxBdA\M^q@h@y@fAmAn@k@RWf@u@hCcDHKHEH@H@JDHHFJDNh@|BVjAFVFPVf@`A|AJB@?NGDGDGXm@Pa@JQHEHKj@u@`@o@BGhA{BP[ZWDCDCNE^KLARMz@s@TWDEDMBAt@c@ZK^lCTtAYRWf@MfBAVOfASbA{ArDYr@[fAy@dDaBzHCLIf@_BhHg@~BOrAUpBIp@ANKbAADG`B?|CZtCH^b@rB\xAdA`D@BFVLh@PfALpAFvBm@Ek@HOD_@TGDQNCFIT[z@g@|AOb@ETK`@Ij@Gh@eA_@y@a@oA{@GEGEMI}@o@a@Yg@e@KI}AuASQOO{AkAa@[GEmAs@OIqAcAcAc@H{@Do@Du@?e@?M?}@EgACq@QoFBsAJ}E@e@@gAF}B@_@@UD_ADuATcGLoCFwADiAXqGBYT_EJ_CJmF?i@AWAOKYUq@U_@mAqAc@OQAQ?_@LURW\O\Mj@I|@Bx@Dd@X`@RLRAPGLQJUlA{DJa@p@sBt@aBzDkIFMP_@VaADg@?c@A]E[G]Ia@IOGYG]A[AW?W@wD@y@@[@YD]H[Rg@POPMLINEP@RBTLVXJXFVDVDX@\?ZAtDA|@AZA\ETW~@MZa@fAcAxBkAjCkDhHq@zAq@nBy@bDWvAAF
WF2 0GU,40,796,Ossett WMC → Ossett Flushdyke Junior and Infant School → JB's Cafe & Bistro → Spring Mill Golf Course → Ossett WMC,3,11235,1055,17min,aotfI`mrHCq@QoFBsAJ}E@e@@gAF}B@_@@UD_ADuATcGLoCFwADiAXqGBYT_EJ_CJmF?i@AWAOKYUq@U_@mAqAc@OQAQ?_@LURW\O\Mj@I|@Bx@Dd@X`@RLRAPGLQJUlA{DJa@p@sBt@aBzDkIFMP_@VaADg@?c@A]E[G]Ia@IOGYG]A[AW?W@wD@y@@[@YD]H[Rg@POPMLINEP@RBTLVXJXFVDVDX@\?ZAtDA|@AZA\ETW~@MZa@fAcAxBkAjCkDhHq@zAq@nBy@bDWvAAFW|AQ`BQjBGlAIdCEvCGnEQnLIdCSvC_@|De@vCg@tBs@dCqAvCwL`SwBhDmDxF{AhCiBbD{@lBoB`Fq@xBe@xBg@xCYpCKzAG`BChCD|BRlDXrCj@`Ev@bDr@tCLRLHP@HCVAJ@FBFFFJFVBLFf@@H?PAPEPELIHGDGBk@EEAGEGGEKEMCS?U?]UmAaAmDq@cDm@eE[sCSoDCu@AiA@kCDcBJ}AToCd@_Dh@qBp@cCvBuFx@kBbBkDrAgChHiL`H}KnCoErAyCr@uBj@wBf@uCd@uDRuCHoCNkLDwBFwFAi@BoANgCDu@?c@A[ESCOM_@Oe@G[Gc@Ee@Cy@H}@Lk@N]V]TS^MP?P@b@NlApATRz@XAf@EzA\EHLH?H{@FWJg@@qBEGa@D]?CbBAf@EzAMdEKr@K~BxBdA\M^q@h@y@fAmAn@k@RWf@u@hCcDHKHEH@H@JDHHFJDNh@|BVjAFVFPVf@`A|AJB@?NGDGDGXm@Pa@JQHEHKj@u@`@o@BGhA{BP[ZWDCDCNE^KLARMz@s@TWDEDMBAt@c@ZK^lCTtAYRWf@MfBAVOfASbA{ArDYr@[fAy@dDaBzHCLIf@_BhHg@~BOrAUpBIp@ANKbAADG`B?|CZtCH^b@rB\xAdA`D@BFVLh@PfALpAFvBm@Ek@HOD_@TGDQNCFIT[z@g@|AOb@ETK`@Ij@Gh@eA_@y@a@oA{@GEGEMI}@o@a@Yg@e@KI}AuASQOO{AkAa@[GEmAs@OIqAcAcAc@H{@Do@Du@?e@?M?}@EgA
WF2 0GU,40,797,"Outwood Primary Academy Kirkhamgate → Kirkhamgate Village Hall, Brandy Carr Road → The Star Inn → Shawfold Cars → Outwood Primary Academy Kirkhamgate",3,1365,212,3min,{twfIb{mH?@BJRxAJp@D\?D\vCNl@Lb@yAzAi@l@ORs@aAKMAu@F]?IOs@Nr@?HG\@t@~@nANSh@m@xA{Av@w@TSd@c@pBeANGHEb@UPI\U^Wp@k@JVDVDf@@FCz@Jj@DXEYKk@B{@Go@EWKWq@j@_@V]TQHc@TIDOFqBdAe@b@URw@v@Mc@Om@]}CE]Kq@SyACK?A
WF2 0GU,40,798,Phoenix Young People's Centre → NAV Mini Market → The Blue Light → Mill View Stores → Phoenix Young People's Centre,3,1232,259,4min,ccufIfziHTq@FSb@qAZw@MUKK??QIQG[I@_@B]Dm@PmAT_BV{Ab@XJJNPVb@Zf@b@j@i@lAk@vAg@hAKR[v@c@pAb@~@Zn@BH}AlCu@rAIHHVN`@ADCDSRRSBE@EYy@HIt@sA|AmCRb@HTNVLVLVTfAj@Sk@RESOs@MWMWOWIUSc@CI[o@c@_AGRUp@
WF2 0GU,40,799,Pinderfields Hospital PRU → St Annes → Spot on Dog Grooming → Wrenthorpe Methodist Church → Pinderfields Hospital PRU,3,1842,336,5min,qowfInehHm@k@MMCHc@~AYbA[~@t@jA\f@d@r@RZj@~@V`@NNPH\N|@`@FB|@`@MjANFOGLkA}@a@GC}@a@]OQIOOcAaBS[e@s@]g@u@kAk@{@[YaBqACAy@m@G^I@WQODLu@j@^|@n@`BpAZXj@z@t@jA\f@d@r@RZbA`BNNPH\N|@`@FBFYb@eATy@Ux@O\Sf@GXGC}@a@]OQIOOcAaBS[e@s@]g@u@kAZ_AXcAb@_BBILLl@j@
WF2 0GU,40,800,Pizza Ferrara → Alverthorpe Conservative Club → Alverthorpe St Paul's CofE (VA) School → Al Fresco → Pizza Ferrara,3,1889,385,6min,{fufIrbjH^iAf@{AdAwCFSb@~@Zn@BH}AlCOSNRZg@`AeBCI[o@c@_Ab@qAZw@MUKKQIQG[IQCSGMEQKY[g@g@SWy@oAGEKCQl@c@`AEd@Er@ETIVKXERGTEX@\Ap@AXGVILDZBV?R@RGd@A\CTCB??C?B?BCBU@]Fe@AS?SCWE[HMFW@Y@q@A]DYFUDSJYHWDUDs@De@b@aAPm@JBFDx@nARVf@f@XZPJLDRFPBZHPFPHJJLT[v@c@pAb@~@Zn@JSFSD_@Bm@@Q@QBk@?Q@UBy@Cx@ATC|@APAPCl@E^GRKR[o@c@_AGReAvCg@zA_@hA
WF2 0GU,40,801,Pumaspeed → NAV Mini Market → Mill View Stores → Kylies Sandwich Bar & Custom Cakes → Pumaspeed,3,1421,263,4min,}cufI`|iHn@kBFSb@qAZw@MUKK??QIQG[I@_@B]Dm@PmAT_BV{Ab@XJJNPVb@Zf@b@j@i@lAk@vAg@hAKR[v@c@pAb@~@Zn@BHRb@HTNVLVLVTfAj@Sk@RESOs@MWMWOWIUSc@CI[o@c@_AGReAvCg@zAg@|AMZM\]v@q@fBGLZl@P[QZ[m@FMPg@^_A\w@L]L[f@}Af@{ATk@
WF2 0GU,40,802,R H Binks And Sons → Methodist Church → BP Manor Service Station → St Michaels Church → R H Binks And Sons,3,1331,258,4min,gm{fI`blHNaBg@iDCQIs@AE]cCZNJ@ZDZ@L?n@Al@AR_@f@dAOZGN_AMw@pCa@lCWzCMhAy@BeAZWTUV}@p@}@f@AI{DbAGXNfANTHFFn@Go@IGOUOgAFYtA_@dBc@@H|@g@|@q@TWVUdA[x@CLiAFy@
WF2 0GU,40,803,Ramada → Shell Select → Holiday Inn → DVSA Wakefield Test Center → Ramada,3,2903,480,8min,u}sfIhxmH??EBMSCCEEQWAKScAIHEDOHEBEFEDIPANEN?\?B?HBRH\DLFNVf@HN^j@VPLDD@B?B?NEzCuHPg@Rc@JS`@w@@[Ea@BS@CHU@C??RATZIPWj@Kb@q@xBXnAp@~BPl@DHZi@DCHDZRNFDCJQJOb@m@FQDO}@a@??Fo@bA^EVGXENGPc@l@KNKPEBEJs@`A]aAEIQm@q@_CYoAG[?K@QJS`@w@TWVk@HQb@iAD_@\_ABQA_@q@gAw@m@KEMGo@_@e@e@[_@SU_@m@KMEECAKCIDK@KEGIGMCQEUAMEIKU{BaCo@{@IVKZYp@mA~FnB~AUfAABC@C@MD@^?D?BGTDO@E?C?EA_@LEBABA@CTgAoB_BlA_GXq@J[HWn@z@zB`CLJD@D?LEDAJEF?B?HF@BDHDN@RAPEPGLIDK@OFEHEJ{AbHKd@SdAI`@Gd@Kx@CXKfAA`@?LBNBP??FTBBLDH@F@D?NIDEHIRbA@JPVDDBBLRDC??
WF2 0GU,40,804,Restyle Fitness → China And Thai Express → BP Manor Service Station → East Ardsley Express → Restyle Fitness,3,1512,309,5min,gn{fInrkHD@Cd@ZDZ@L?n@Al@AUp@EPw@pCa@lC[yBKo@CQKy@]cCZNJ@ZDZ@L?n@Al@AR_@f@dAOZGN_AMw@pCa@lCg@iDCQKy@]cCg@a@[Yk@c@WOQK]O_@OoAm@UKqBe@@TJrAJpAKqAKsAAUfAVh@LTJnAl@^N\NPJVNj@b@ZXf@`@ZNJ@Be@EA
WF2 0GU,40,805,Royal Spice → The Glynn Living → The Wren Cafe → Hong Kong Vegan → Royal Spice,3,2985,372,6min,_uvfIdbgHF[Ls@NG`@Wb@c@fCyCPl@Dd@F^FLJLHLJZ[ZZ[K[IMKMGMG_@Ee@Qm@q@v@uA`Bc@b@a@VOFMr@Or@Gh@?f@B^J^Tn@FNLZRp@Jb@DX@l@@p@@`@@L?NHv@L`A@JB\@Z?r@Ad@En@Gl@WdBG\KhAMt@QUu@w@WQEr@Qb@Wp@ELQb@Sj@K^qAdFIREHG@I?ECKIU]g@w@KMo@WYMQKQn@I^A@Mz@o@|DY[[U}@a@GC}@a@]OQIOOcAaBS[e@s@]g@u@kAk@{@[YaBqA}@o@k@_@]UUO_CeBvB{Cr@_Ar@w@l@e@n@a@dBcADAt@g@b@Yp@_@d@UTMrBcAtBmAJI^Qh@UdBi@TORQVYz@}@\Yr@]ZETCp@A`@?\?`@EZOMr@GZ
WF2 0GU,40,806,Shawfold Cars → Village Stores → Outwood Primary Academy Kirkhamgate → The Star Inn → Shawfold Cars,3,1750,317,5min,wcwfIdanHEg@EWKWq@j@_@V]TQHc@TIDOFqBdA_@wBm@\OH|@g@^vBe@b@URw@v@Mc@Om@]}CE]Kq@SyACK?AOkA_@qCcAf@[yAJIKHZxAbAg@^pCNlABJRxAJp@D\\|CNl@Lb@yAzAi@l@ORs@aAKMAu@F]?IOs@Nr@?HG\@t@~@nANSh@m@xA{Av@w@TSd@c@pBeANGHEb@UPI\U^Wp@k@JVDVDf@
WF2 0GU,40,807,Shell Select → Holiday Inn → Total Fitness → Toyota Vantage → Shell Select,3,3239,558,9min,_usfIzlmH??RATZIPWj@Kb@q@xBXnAp@~BPl@DHZi@DCHDZRNFDCJQJOb@m@FQDO}@a@??Fo@bA^EVGXENGPc@l@KNKPEBEJs@`A]aAEIQm@q@_CYoAG[?K@QJS`@w@TWVk@HQb@iAD_@\_ABQA_@q@gAw@m@KEMGo@_@e@e@[_@SU_@m@KMEECAKCIDK@OFEHEJ{AbHKd@SdAI`@Gd@Kx@CXKfAA`@?LBNBP??FTBBLDH@F@D?NIDEHILOLUFIPa@Pg@DMDMFWPo@@KNq@ViAD]DIDIHIAOAECC_@Y_Aw@~ApABB@D@NCNGNABEHGLWhAOp@AJQn@GVELELQf@Q`@GHMTMNIHEDOHEBEFEDIPANENGHWFECIIEMCOAQBQDOBCJ[BMBMBM@a@JgABYJy@Fe@Ha@ReAJe@zAcH@K?G?EAa@CQ?QBQHWDAJEF?B?HF@BDHDN@RBX@LBJFV^l@RTZ^d@d@n@^PeAHM\KHYNm@BETmADMB?BB@DYtABOTeAAECCC?ELUlACDOl@IX]JILQdALFJDv@l@TJb@Fn@OSz@Qb@[z@[x@c@hAIPWj@Kb@q@xBG[?K@QJS`@w@@[Ea@BS@CHU@C
WF2 0GU,40,808,Shine hand car wash → Toyota Vantage → Total Fitness → Ramada → Shine hand car wash,3,2160,416,6min,mrsfIzmmHKXQJSYHQb@iAD_@\_ABQA_@q@gAw@m@KEMGPeAHM\KHYNm@BETmADMB?BB@DYtABOTeAAECCC?ELUlACDOl@IX]JILQdAo@_@e@e@[_@SU_@m@KMEECAKCIDK@OFEHEJ{AbHKd@SdAI`@Gd@Kx@CXKfAA`@?LBNBP??FTBBLDH@F@D?NIDEHILOLUFIPa@Pg@DMDMFWPo@@KNq@ViAD]DIDIHIAOAECC_@Y_Aw@~ApABB@D@NCNGNABEHGLWhAOp@AJQn@GVELELQf@Q`@GHMTMNRbAb@eADCb@j@DHEL[bA??EBMSCCEEQWAKScAIHEDOHEBEFEDIPANEN?\?B?HBRH\DLFNVf@HN^j@VPLDD@B?B?NEzCuHPg@Rc@JS`@w@TWVk@HQb@iAHLH^O`@
WF2 0GU,40,809,Silcoates School → Wrenthorpe Post Office → Wrenthorpe Park & Alverthorpe Meadows → Hall Cliffe Primary School → Silcoates School,3,8799,1101,18min,ihvfIvciHe@rA?L?FFNJPb@iABGBADADBDHBJ?@?F_B`EELAJAL@L?B@DFHFBDFBHFLDHDHBL@LAPA|@CZAXIhAGrACXCNMPOa@U_@}@aBS_@Wc@y@gAw@eAw@aAsAiBaAwAS[AC_@o@e@q@IMMg@Mm@Gi@G}@EkB^MXSNSLUV}@DKn@qCPq@Tm@n@eBX}@\yALu@JiAF]VeBFm@Do@@e@?s@A[C]AKMaAIw@?OAMAa@Aq@Am@EYKc@Sq@M[GOUo@K_@C_@?g@Fi@Ns@Ls@NG`@Wb@c@fCyCb@g@jAoA|BcCNMxAwAh@m@V[T_@d@iAVk@d@aBT}@\{A^uA|@uC\cAPo@H[F_@BSN@L@J?HADCDGb@i@FGFI@EFIHQJYDQBUFq@@M@M@MBc@H@F?B?@?L@N?VAJAJARCLEPERGDCHCJGLININKFEFGFELO@A^]^]b@c@z@{@`AcAZYb@e@NO|A_BFE@AdAgAr@s@r@u@JEHEn@Al@@hBALAN?F?FBLL@DNPDFNRRRV\VZI`@ADCJAFOp@i@zBWjAOnAO`AYhAMb@a@|AMx@@j@NrAPdAHl@@BJn@VtB@D@FH`AHlA?J@j@@x@AbAIdAIz@Kn@]~AUx@Kb@Ij@IAMBmBjBUTEBCD]\w@bAGLGLwAhCy@jAILg@p@mAdBKN[`@MVi@z@e@`Ag@jA]j@Yn@]n@k@x@[^a@h@g@f@UR??TSf@g@V|@`@vAVz@Tz@Tr@Td@PVRRRLXLXBX?f@Od@M^MTKr@Sb@Q^M^Mf@Oh@OnA_@VIVGpBm@|Ac@OxAAJEf@g@jCKf@OfAiAzHGn@Ml@a@tB[~Aq@~Cq@zBCFSn@Uj@]~@Ul@Ob@i@lAk@vAg@hAKR[v@c@pAGReAvCg@zAg@|AMZM\]v@q@fBGL_@`As@fBs@hBwBvE}BrGW~@q@`Ce@rBW|@Qh@Wb@[^q@h@eBzA_AbAc@h@cAlBCHsAeC]u@k@qAQ]qAoCIQ{@eBQi@GUkCgKyAsFIc@Ec@Ee@CcAGmFAiAAUC{AEeFE{C?I?{A?sBL?ZXXB@?[C[YM??iB?u@?e@CoACq@Ee@HLd@p@^n@@BRZ`AvArAhBv@`Av@dAx@fAVb@R^Vg@Dw@?s@?GFWFMPi@HQBQ?KESAG?E?KF]DYNa@`@eAKQGO?G?Md@sA
WF2 0GU,40,810,Silkwood Farm → Total Fitness → DVSA Wakefield Test Center → Shell Select → Silkwood Farm,3,4103,632,10min,katfIj_mHQ`A][WSMn@oB_BlA_GXq@J[HWn@z@zB`CLJD@D?LEDAJEF?B?HF@BDHDN@RAPEPGLIDK@OFEHEJ{AbHKd@SdAI`@Gd@Kx@CXKfAA`@?LBNBP??FTBBLDH@F@D?NIDEHILOLUFIPa@Pg@DMDMFWPo@@KNq@ViAD]DIDIHIAOAECC_@Y_Aw@~ApABB@D@NCNGNABEHGLWhAOp@AJQn@GVELELQf@Q`@GHMTMNIHEDOHEBEFEDIPANENGHWFECIIEMCOAQBQDOBCJ[BMBMBM@a@JgABYJy@Fe@Ha@ReAJe@zAcH@K?G?EAa@CQEUAMEIKU{BaCo@{@IVKZYp@mA~FnB~AUfAABC@C@MD@^?D?BGTDO@E?C?EA_@LEBABA@CTgAoB_BlA_GXq@J[HWn@z@zB`CLJD@D?LEDAJEF?B?HF@BDHDN@RAPEPGLIDK@OFEHEJ{AbHKd@SdAI`@Gd@Kx@CXKfAA`@?LBNBP??FTBBDJBN?PANEN?\?B?HBRH\DLFNVf@HN^j@VPLDD@B?B?NEzCuHPg@Rc@JS`@w@@[Ea@BS@CHU@C??RATZb@iAD_@\_ABQA_@q@gAw@m@KEMGo@_@e@e@[_@SU_@m@KMEECAKCIDK@KEGIGMCQEUAMEIKU{BaCo@{@IVKZYp@mA~FnB~ALo@VR\ZPaA
WF2 0GU,40,811,Spot on Dog Grooming → Declans → Pinderfields Hospital PRU → St Annes → Spot on Dog Grooming,3,1707,312,5min,yywfIxehHy@m@k@_@]UUO_CeBqA_Ak@_@IIZyAGOIUHTFN[xAHHj@^pA~@l@b@pA`ATN\Tj@^|@n@`BpAZXj@z@Z_AXcAb@_BBILLl@j@??m@k@MMCHc@~AYbA[~@t@jA\f@d@r@RZj@~@V`@NNPH\N|@`@FB|@`@MjANFOGLkA}@a@GC}@a@]OQIOOcAaBS[e@s@]g@u@kAk@{@[YaBqACA
WF2 0GU,40,812,Spring Mill Golf Course → JB's Cafe & Bistro → Ossett Flushdyke Junior and Infant School → Ramada → Spring Mill Golf Course,3,10482,1027,17min,ovsfIncpHi@}BEOGKIIKEIAIAIDIJiCbDg@t@SVo@j@gAlAi@x@_@p@]LyBeAJ_CJmF?i@AWAOKYUq@U_@TRz@XAf@EzA\EHLH?H{@FWJg@@qBEGa@D]?CbBAf@GDI?GAIGUq@U_@mAqAc@OQAQ?_@LURW\O\Mj@I|@Bx@Dd@X`@RLRAPGLQJUlA{DJa@p@sBt@aBzDkIFMP_@VaADg@?c@A]E[G]Ia@IOGYG]A[AW?W@wD@y@@[@YD]H[Rg@POPMLINEP@RBTLVXJXFVDVDX@\?ZAtDA|@AZA\ETW~@MZa@fAcAxBkAjCkDhHq@zAq@nBy@bDWvAAFW|AQ`BQjBGlAIdCEvCGnEQnLIdCSvC_@|De@vCg@tBs@dCqAvCwL`SwBhDmDxF{AhCiBbD{@lBoB`Fq@xBe@xBg@xCYpCKzAG`BChCD|BRlDXrCj@`Ev@bDr@tCLRLHP@HCVAJ@FBFFFJFVBLFf@@H?PAPEPELIHGDGBk@EEAGEGGEKEMCS?U?]UmAaAmDq@cDm@eE[sCSoDCu@AiA@kCDcBJ}AToCd@_Dh@qBp@cCvBuFx@kBbBkDrAgChHiL`H}KnCoErAyCr@uBj@wBf@uCd@uDRuCHoCNkLDwBFwFJ}BZcEP}Ah@_Dt@_DJa@p@sBt@aBzDkIFMP_@VaADg@?c@A]E[G]Ia@IOGYG]A[AW?W@wD@y@@[@YD]H[Rg@`@sAtA}DBW\aAFOBQ@O?G?MAECGmAeBKQQe@CIIUIa@EMCMECIIEMCOAQBQDOBCDEHEH?HDBDBBLDH@F@D?NIDEHIRbAb@eADCb@j@DHEL[bA??EBMSCCEEQWAKScAIHEDOHEBEFEDIPANEN?\?B?HBRH\DLFNVf@HN^j@VPLDD@B?B?NEzCuHRMVCXnAp@~BPl@DH\`ARh@j@|ArCnHJ\z@~CX`AjAfFBNz@pEbBjMZdCTxA[Ju@b@C@ELEDUV{@r@SLM@_@JODEBEB[VQZiAzBCFa@n@k@t@IJIDKPQ`@Yl@EFEFOFA?KCaA}AWg@GQGWWkA
WF2 0GU,40,813,St Annes → Pinderfields Hospital PRU → Wrenthorpe Methodist Church → The Well Church (Elim Pentecostal) → St Annes,3,1364,282,4min,qnwfIfshHk@_AS[e@s@]g@u@kAZ_AXcAb@_BBILLl@j@??m@k@MMCHc@~AYbA[~@t@jA\f@d@r@RZbA`BNNPH\N|@`@FBFYb@eATy@Ux@O\Sf@GX|@`@ZTXZFHf@TzB^MNWNINKZI\ITi@XMNEPG^EZOEQCG?USMOReADUj@cDGIY[[U}@a@GC}@a@]OQIOOWa@
WF2 0GU,40,814,St Michaels Church → R H Binks And Sons → The Dental Studio → Methodist Church → St Michaels Church,3,2357,336,5min,oz{fIfllHdBc@@H|@g@|@q@TWVUdA[x@CLiAFy@NaB`@mCv@qCDQTq@R_@f@dAWj@_AMw@pCa@lCWzCMhAEt@ARGdACn@Cp@Cz@Cv@AxA?TC`E?FCnD?FElBGjAEd@Q|@EH\jA]kADIP}@De@FkADuBBoD?GBaE?U@yABw@B{@Bq@Bo@FeA@SDu@LiAV{Cg@iDCQIs@AE]cCZNJ@ZDZ@L?n@Al@AUp@EPw@pCa@lCWzCMhAy@BeAZWTUV}@p@}@f@AIeBb@
WF2 0GU,40,815,Sun Bo → Blue Marlin Fisheries → Mill View Stores → Kylies Sandwich Bar & Custom Cakes → Sun Bo,3,1363,309,5min,_aufIjxiHd@v@FDGRKR[o@c@_AGReAvCg@zAGIWKVJFHJWZcAdAwCFSb@~@Zn@BHRb@HTNVLVLVTfAj@Sk@RESOs@MWMWOWIUSc@CI[o@c@_AGReAvCg@zAg@|AMZM\]v@q@fBGLZl@P[QZ[m@FMPg@^_A\w@L]L[f@}Af@{AdAwCFSb@~@Zn@JSFSGEe@w@
WF2 0GU,40,816,Sunnyhill Stores → Jerry Clay Academy → Hall Cliffe Primary School → Wrenthorpe Dental Care → Sunnyhill Stores,3,3489,507,8min,i{vfIlpjH??^QGmFAiAAUC{AEeFE{C?I?{A?sB?iB?u@?e@CoACq@Ee@Mg@g@f@GDSPEBYRGFGHMX[t@]v@aBnD_@x@KTQd@a@x@Sb@EJEJUj@a@`AkFtLyHfQdAnBl@hAFNDL@L?NCHGNQd@Pe@FOBI?OAMEMGOm@iAeAoBxHgQjFuL`@aAZw@DKRc@`@y@Pe@JU^y@`BoD\w@Zu@LYFIFGXSDCRQFEf@g@Lf@Dd@Bp@BnA?d@?t@?hBL?ZXXB@?[C[YM??iB?u@?e@CoACq@Ee@Mg@Mm@Gi@WDYFI@kARLA|@QHAXGVEFh@Ll@Lf@Dd@Bp@BnA?d@?t@?hB?rB?zA?HDzCDdFBzA@T@hAFlF_@P??
WF2 0GU,40,817,Tania's Barbershop → Methodist Church → BP Manor Service Station → St Michaels Church → Tania's Barbershop,3,1331,258,4min,cm{fIhalHJiAg@iDCQIs@AE]cCZNJ@ZDZ@L?n@Al@AR_@f@dAOZGN_AMw@pCa@lCWzCMhAy@BeAZWTUV}@p@}@f@AI{DbAGXNfANTHFFn@Go@IGOUOgAFYtA_@dBc@@H|@g@|@q@TWVUdA[x@CLiAJqA
WF2 0GU,40,818,Tardis → West Yorkshire Police Learning & Development Centre → Cardigan House → Carr Gate Garden Centre → Tardis,3,12473,823,13min,_vyfItzjH??BBJCJAFABG?IEmAh@OKgDAS?Q?Q?Q@QFaB?Q?MEWOIGCI?ODeCnDg@h@g@b@cAp@iB`ASJIDGHIHEHCHYlA?BCvA?P@P@RDRThAf@~Br@|CnB|INn@bApEj@fCR|@vAlGtAxDbCzFbCdFbAjBb@x@bAjBnCrD|CfEjDpDxFdFfMjJzBxA`CrAtBfAtDrBtG`Dn@R~FjBlGhAdE\xDDvEOnE[hOcClImApBYzRuF^OZSPMNQNUj@{ARg@POPMLINEP@RBTLVXJXFVDVDX@\?ZAtDA|@AZA\ETW~@MZk@Va@@OCWOMOMUIOi@w@a@So@E{Lh@qAFsFj@sInAeOdCoE`@cFJwDImE]eGaAaGiBs@W_HeDkDqBuBiAcCcB}B_BqFsDiF{DkFqEoD{DaDeE}BqDmAkBc@y@wAuCoEsJuBoF_AqCo@wA_AuCqA}DOc@}BiHwAmEQa@Uu@K]MYKWGMGKGIGIGGEEMIOKc@SEAc@e@OUGQEOEQAMAOAQ?S@O@O?GDQFWFWFOFMrAuBHKFGFGHGHGJCHAH?H?H@JDt@NZLPBLBR@NANCLEJGZSjAy@`A_A`AkAb@o@pB}CbCqDFM^_AVe@L_@FYDY@W@YAYMoAe@P[Hi@Tk@Vg@Re@RiAd@EBIDqBx@qAh@gCfA}@^kBn@e@Rq@l@Wz@a@dBZt@Vj@r@yA??s@xAWk@[u@`@eBV{@p@m@d@SjBo@|@_@fCgApAi@pBy@HEDChAe@d@Sf@Sj@Wh@UZId@QEo@?_@BYDc@FYJa@R_@PS^YjBcAj@YPIrBkAnB_APIJf@@L?LENc@n@W`@W`@SXo@jASZ}@dBgBjD{@xAw@~@}EnHOTa@n@J`@BNDV?L?PG`BAP?P?P?P@RJfDi@NDlA?HCFG@K@KBCC??
WF2 0GU,40,819,The Bay Horse → Main Street Fisheries → China And Thai Express → East Ardsley Express → The Bay Horse,3,1546,341,5min,qh{fInqkHPRMVS^Up@EPw@pCa@lCg@iDCQKy@]cCZNJ@Be@a@M??`@LCd@ZDZ@L?n@Al@AUp@EPw@pCa@lC[yBKo@CQKy@]cCg@a@[Yk@c@WOQK]O_@OoAm@UKqBe@@TJrAJpAKqAKsAAUfAVh@LTJnAl@^N\NPJVNj@b@ZXf@`@ZNJ@ZDZ@L?n@Al@AR_@LWQS
WF2 0GU,40,820,The Blue Light → The New Albion → Alverthorpe St Paul's CofE (VA) School → Al Fresco → The Blue Light,3,1686,375,6min,udufI~cjHIWHIt@sA|AmCRb@U`@CCAAGJ??FK@@BBTa@Sc@CI[o@c@_Ab@qAZw@MUKKQIQG[IQCSGMEQKY[g@g@SWy@oAGEKCQl@c@`AEd@Er@ETIVKXERGTEX@\Ap@AXGVILDZBV?R@RGd@A\CTCB??C?B?BCBU@]Fe@AS?SCWE[HMFW@Y@q@A]DYFUDSJYHWDUDs@De@b@aAPm@JBFDx@nARVf@f@XZPJLDRFPBZHPFPHJJLT[v@c@pAb@~@Zn@JSFSD_@Bm@@Q@QBk@?Q@UBy@Cx@ATC|@APAPCl@E^GRKRBH}AlCu@rAIHHV
WF2 0GU,40,821,The Dental Studio → St Michaels Church → R H Binks And Sons → Methodist Church → The Dental Studio,3,1823,298,4min,go{fI|`mH?GBoD?GBaE?U@yABw@B{@Bq@Bo@FeA@SDu@y@BeAZWTUV}@p@}@f@AI{DbAGXNfANTHFFn@Go@IGOUOgAFYtA_@dBc@@H|@g@|@q@TWVUdA[x@CLiAFy@NaBg@iDCQIs@AE]cCZNJ@ZDZ@L?n@Al@AUp@EPw@pCa@lCWzCMhAEt@ARGdACn@Cp@Cz@Cv@AxA?TC`E?FCnD?F
WF2 0GU,40,822,The Eagle → Flanshaw Lodge → Alverthorpe Working Mens Club → GJH Commercial Vehicle Services Ltd → The Eagle,3,2913,472,7min,u`tfIfsjH@ARQDC??`@YRQXSPWZi@HOLW^u@FNHRDPDVUJmAhADd@Lb@?AMa@Ee@lAiATKEWEQISGO_@t@MVIN[h@QVYRSPa@X??EBSP[RKHQJYJC?SBY?OAQCYMi@Y_@MkB]s@Oc@Kc@MGAu@YQMKKn@{DD^i@fDPLt@XF@b@Lb@J~Cl@AfD?nCAr@?lAA|C?V?XErK?H?hA?|@AjAB`AFr@BRcAb@KBSDYBYBWAeACo@A?{A?M@uBm@?M?EBCH?d@BHDDZ?[?EECI?e@BIDCL?V?T?AtB?L?zAn@@dABV@XCXCREJCbAc@CSGs@CaA@kA?}@?iA?IDsK?Y?W@}C?mA@s@?oC@gD^Lh@XXLPBN@X?RCB?XKPKJIXQ
WF2 0GU,40,823,The Glynn Living → Royal Spice → The Wren Cafe → Wrenthorpe Park & Alverthorpe Meadows → The Glynn Living,3,7382,898,14min,}nvfInzfHuA`Bc@b@a@VOFMr@GZGVGh@?f@B^J^Tn@FNLZRp@Jb@DX@l@@p@@`@@L?NHv@L`A@JB\@Z?r@Ad@En@Gl@WdBG\KhAMt@QUu@w@WQEr@Qb@Wp@ELQb@Sj@f@l@g@m@Rk@Vq@Vq@Pc@Ds@VPt@v@PTLu@JiAF]VeBFm@Do@@e@?s@A[C]AKMaAIw@?OAMAa@Aq@Am@EYKc@Sq@M[GOUo@K_@C_@?g@Fi@Ns@Ls@NG`@Wb@c@fCyCb@g@jAoA|BcCNMxAwAh@m@V[T_@d@iAVk@d@aBT}@\{A^uA|@uC\cAPo@H[F_@BSN@L@J?HADCDGb@i@FGFI@EFIHQJYDQBUFq@@M@M@MBc@H@F?B?@?L@N?VAJAJARCLEPERGDCHCJGLININKFEFGFELO@A^]^]b@c@z@{@`AcAZYb@e@NO|A_BFE@AdAgAr@s@r@u@JEHEn@Al@@hBALAN?F?FBLL@DNPDFNRRRV\VZI`@ADCJAFOp@i@zBWjAOnAO`AYhAMb@a@|AMx@@j@NrAPdAHl@@BJn@VtB@D@FH`AHlA?J@j@@x@AbAIdAIz@Kn@]~AUx@Kb@Ij@IAMBmBjBUTEBCD]\w@bAGLGLwAhCy@jAILg@p@mAdBKN[`@MVi@z@e@`Ag@jA]j@Yn@]n@k@x@[^a@h@g@f@UR??TSf@g@`@i@Z_@j@y@\o@Xo@\k@f@kAd@aAh@{@LWZa@JOlAeBf@q@HMx@kAvAiCFMFMv@cA\]BEDCTUlBkBLCH@Hk@Jc@Ty@\_BJo@H{@HeA@cAAy@Ak@?KImAIaAAGAEWuBKo@ACIm@QeAOsAAk@Ly@`@}ALc@XiANaANoAVkAh@{BNq@@GBK@EHa@W[W]SSOSEGOQAEMMGCG?O?M@iB@m@Ao@@IDKDs@t@s@r@eAfAA@GD}A~AONc@d@[XaAbA{@z@c@b@_@\_@\A@MNGDGFGDOJOHMHKFIBEBSFQDMDSBK@K@W@O?MAA?C?G?IAQ@G?GAKCMCICGCGE_@AE?C?E@A?C@??C@ABC@A@ADABCJ?FAFCp@@h@@`@?d@?RAP?RALCNEPCRG^IZQn@]bA}@tC_@tA]zAU|@e@`BWj@e@hAU^WZi@l@yAvAOL}BbCkAnAc@f@q@v@
WF2 0GU,40,824,The Lawrence → tillybods → Wrenthorpe Club → Vic's Cafe → The Lawrence,3,5824,476,7min,wjxfIfhhHVl@JQlAuBtA_CV_@BCT[HM~BdBTN\Tj@^G^I@??WQODLu@]UUO_CeB_@h@CBW^uA~BmAtBKPq@hAGHq@jAaAdBSb@oBxD_AhBcA|AKLCDu@~@}@|@a@XCB_@RQHoB~@sBjAQHk@XkBbA_@XQRS^K`@GXEb@CX?^Dn@Lj@HPFJHFJDJ?JAJEJKv@}AvByFf@cC\cCLoATeCd@{Ht@wLDyANoDD{@EGEIAIAIAM?MBODKBIDEJELaALy@Bq@B]l@mEHOHMRByAdK?\?`@DLBL?N?LCLCHGLIFO~@MdDG|As@tLg@`IUfCYbCYhBa@rBe@jBk@hBcA`CqAfC}EnHOTa@n@a@h@eCnDg@h@g@b@cAp@iB`ASJIDGHIHEHCHYlA?BOt@ETELEHGJcBvBGHIHIDIBIBI@K?OAEAc@e@OUGQEOEQAMAOAQ?S@O@O?GDQFWFWFOFMrAuBHKFGFGHGHGJCHAH?H?H@JDt@NZLPBLBR@NANCLEJGZSjAy@`A_A`AkAb@o@pB}CbCqDFM^_AVe@L_@FYDY@W@YAYMoAEo@?_@BYDc@FYJa@R_@PS^YjBcAj@YPIrBkAnB_API^SBC`@Y|@}@t@_ABEJMbA}A~@iBnByDRc@`AeBp@kAFIp@iAWm@
WF2 0GU,40,825,The Malt Shovel → Carr Gate WMC → Gardener's Retreat Restaurant → Tardis → The Malt Shovel,3,4455,551,9min,ysyfIvxiHb@Qj@WCoBGmAq@LJr@Ks@p@M@PDz@BnBk@Vg@Re@RiAd@EBIDqBx@qAh@gCfA}@^_Bh@KDe@Rq@l@Wz@a@dBIf@Hg@`@eBV{@p@m@d@SjBo@|@_@fCgApAi@pBy@HEDChAe@d@Sf@Sj@Wh@UZId@QEo@?_@BYDc@FYJa@R_@PS^YjBcAj@YPIrBkAnB_APIJf@@L?LENc@n@W`@W`@SXo@jASZ}@dBgBjD{@xAw@~@}EnHOTa@n@J`@BNDV?L?PG`BAP?P?P?P@RJfDi@NG_BIgCAYAOEECAEHIJKNCD@^FxBDrB@f@DRDF??BBJCJAFABG?IEmAh@OKgDAS?Q?Q?Q@QFaB?Q?MEWOIGCI?ODeCnDg@h@g@b@cAp@iB`ASJIDGHIHEHCHYlA?BOt@ETELEHGJcBvBGHIHIDIBIBI@K?OAEAc@e@OUGQEOEQAMAOAQ?S@O@O?GDQFWFWFOFMrAuBHKFGFGHGHGJCHAH?H?H@JDt@NZLPBLBR@NANCLEJGZSjAy@`A_A`AkAb@o@pB}CbCqDFM^_AVe@L_@FYDY@W@YAYMoAe@P[Hi@Tk@Vc@P
WF2 0GU,40,826,The Mens Room → St Michaels Church → R H Binks And Sons → Methodist Church → The Mens Room,3,1847,301,5min,io{fIbbmH@m@BoD?GBaE?U@yABw@B{@Bq@Bo@FeA@SDu@y@BeAZWTUV}@p@}@f@AI{DbAGXNfANTHFFn@Go@IGOUOgAFYtA_@dBc@@H|@g@|@q@TWVUdA[x@CLiAFy@NaBg@iDCQIs@AE]cCZNJ@ZDZ@L?n@Al@AUp@EPw@pCa@lCWzCMhAEt@ARGdACn@Cp@Cz@Cv@AxA?TC`E?FCnDAl@
WF2 0GU,40,827,The New Albion → The Blue Light → Al Fresco → Alverthorpe St Paul's CofE (VA) School → The New Albion,3,1751,390,6min,q`ufIf~iHFK@@BBTa@Sc@}AlCu@rAIHHVN`@ADCDSRRSBE@EYy@HIt@sA|AmCCIJSFSD_@Bm@@Q@QBk@?Q@UBy@Cx@ATC|@APAPCl@E^GRKR[o@c@_Ab@qAZw@MUKKQIQG[IQCSGMEQKY[g@g@SWy@oAGEKCQl@c@`AEd@Er@ETIVKXERGTEX@\Ap@AXGVILDZBV?R@RGd@A\CTCB??C?B?BCBU@]Fe@AS?SCWE[HMFW@Y@q@A]DYFUDSJYHWDUDs@De@b@aAPm@JBFDx@nARVf@f@XZPJLDRFPBZHPFPHJJLT[v@c@pAb@~@Zn@BHRb@U`@CCAAGJ
WF2 0GU,40,828,The New Pot Oil → The Well Church (Elim Pentecostal) → Wrenthorpe Post Office → Wrenthorpe Methodist Church → The New Pot Oil,3,1681,275,4min,_~vfIf{hHODI@UBc@EMNWNINKZI\ITi@XMNEPG^EZOEQCG?USMOReADUj@cDGIn@}DL{@@AH_@Po@Je@Jo@Fa@D[@IDUFg@BSBMD[F]BUFc@@EJg@BIPRNFTJNFTFN?F@xCBX@VPt@v@PT]xAY|@o@dBUl@Qp@o@pCEJW|@MTORYR_@LODYHI@UBc@E{B_@g@UGIY[[U}@a@FYb@eATy@Ux@O\Sf@GX|@`@ZTXZFHf@TzB^b@DTCHANE
WF2 0GU,40,829,The New Wheel → The Well Church (Elim Pentecostal) → Wrenthorpe Methodist Church → Wrenthorpe Post Office → The New Wheel,3,1418,263,4min,mawfIf{hHXDMNWNINKZI\ITi@XMNEPG^EZOEQCG?USMOReADUj@cDGIY[[U}@a@FYb@eATy@Ux@O\Sf@GX|@`@ZTXZn@}DL{@@AH_@Po@Je@Jo@Fa@D[@IDUFg@BSBMD[F]BUFc@@EJg@BIPRNFTJNFTFN?F@xCBX@VPt@v@PT]xAY|@o@dBUl@Qp@o@pCEJW|@MTORYR_@LODYHI@UBc@EYE
WF2 0GU,40,830,The Quad → Vic's Cafe → The Wheel → The Lawrence → The Quad,3,9502,657,10min,gtxfIbufHFYfBcGzAgE|A_Ex@iBt@yAfBcDf@u@v@gAr@}@|@gA|@w@lB{AnBkAfBw@jBk@dBY|AQT?N@RDRFNFL@JAJCLULKPEPFNLFNDRBX?ZETGTMPSHSCMGKQEOCIIQMOOOUIQESEWA_BPaB^iBh@gBr@kBlAmBvA{@z@{@|@w@`Aq@dAi@v@gB`Ds@vAu@bBaB|DqAzDiBhG}BzIUvAaA|GyAdK?\?`@DLBL?N?LCLCHGLIFG@G?GCECEGEIAIAIAM?MBODKBIDEJELaALy@Bq@B]l@mEHOHMBQ~@sGVoAtBcJfBcGzAgE|A_Ex@iBt@yAfBcDf@u@v@gAr@}@|@gA|@w@lB{AnBkAfBw@jBk@dBY|AQT?N@RDRFNFL@JAJCLULKPEPFNLXAPERKXI`BKD?\CPANA~@Gb@?R@TDP@H?LCNQBGDIHGFEH?H@B@HAFAHCLEJCJCHCNCZG`@IXEHCDALETKFAl@W??LE@ALEHCJAHAJAJ?L@J@@?NB@?LDJBNFPFFH@BDDLNNLNNPNPNJFHDHDRJTJl@X^Rf@VPHFDHDDDDBJHRNJHFFNJNLb@XHBBBLFJDNHd@NBBBBDDHHCb@ALALALGp@CTEPKXIPGHADGHGFc@h@EFEBCBGFC?E@QBO?G^IZQn@]bA}@tC_@tA]zAU|@e@`BWj@e@hAU^WZi@l@yAvAOL}BbCkAnAc@f@gCxCc@b@a@VOF[Na@D]?a@?q@@UB[Ds@\]X{@|@WXSPUNeBh@i@T_@PKHuBlAsBbA{@b@q@^c@Xu@f@E@eBbAo@`@m@d@s@v@s@~@o@~@gAzA_@h@CBW^uA~BmAtBKPe@iAIUEO?O@OBSZm@DED@HNIOEAED[l@CRAN?NDNHTLZVl@q@hAGHq@jAaAdBSb@oBxD_AhBcA|AKLCDu@~@}@|@a@XCB_@RQHoB~@sBjAQHk@XkBbA_@XQRS^K`@GXEb@CX?^Dn@Lj@HPFJHFJDJ?JAJEJKv@}AvByFf@cC\cCLoATeCd@{Ht@wLDyANoDD{@EGEIAIAIAM?MBODKBIDEJELaALy@|@kGJo@BQ~@sGVoAlBiI
WF2 0GU,40,831,The Star Inn → Lindale Methodist Church → Outwood Primary Academy Kirkhamgate → Shawfold Cars → The Star Inn,3,1568,260,4min,}wwfIfknHr@`ANSh@m@xA{AMc@Om@MiAOsAE]Kq@SyACK?AOkA_@qCcAf@[yAJIKHZxAbAg@^pCNlABJRxAJp@D\\|CNl@Lb@v@w@TSd@c@pBeANGHEb@UPI\U^Wp@k@JVDVDf@@FCz@Jj@DXEYKk@B{@Go@EWKWq@j@_@V]TQHc@TIDOFqBdAe@b@URw@v@yAzAi@l@ORs@aA
WF2 0GU,40,832,The Well Church (Elim Pentecostal) → Wrenthorpe Dental Care → Wrenthorpe Methodist Church → St Annes → The Well Church (Elim Pentecostal),3,1389,312,5min,cgwfIz~hHj@cDf@TzB^b@DTCHAXINEDjBF|@WDYFI@kARLA|@QHAXGVEG}@EkBODYHI@UBc@E{B_@g@UGIY[[U}@a@FYb@eATy@Ux@O\Sf@GXGC}@a@]OQIOOWa@k@_AS[e@s@Rg@@CTk@Uj@ABSf@d@r@RZbA`BNNPH\N|@`@FB|@`@ZTXZFHk@bD
WF2 0GU,40,833,The Wheel → Wrenthorpe Club → The Lawrence → Wrenthorpe Academy → The Wheel,3,1732,292,4min,k`xfIb|gHgAzA~BdBTN\Tj@^G^I@??WQODLu@]UUO_CeB_@h@CBW^uA~BmAtBKPe@iAIUEO?O@OBSZm@DED@HNIOEAED[l@CRAN?NDNHTLZVl@JQlAuBtA_CV_@BC^i@~BdBTN\Tj@^|@n@`BpAZXj@z@Z_AXcAb@_BBIHS??IRCHc@~AYbA[~@k@{@[YaBqA}@o@k@_@]UUO_CeBfA{A
WF2 0GU,40,834,The Wren Cafe → Conroyds Fish and Chips → The New Pot Oil → Wrenthorpe Methodist Church → The Wren Cafe,3,1229,222,3min,exvfInhhHDMVq@Pc@Ds@VPt@v@PT]xAY|@o@dBUl@GRy@nDEJW|@MTORYR_@LODIBODI@UBc@E{B_@g@UGIY[[U}@a@FYb@eATy@Ux@O\Sf@GX|@`@ZTXZn@}DL{@@AH_@Po@PJXLn@VJLf@v@T\JHDBH?FADIHSpAeFJ_@Rk@Pc@
WF2 0GU,40,835,tillybods → Wrenthorpe Club → The Lawrence → Wrenthorpe Academy → tillybods,3,1647,274,4min,}bxfIl_hHHM~BdBTN\Tj@^G^I@??WQODLu@]UUO_CeB_@h@CBW^uA~BmAtBKPe@iAIUEO?O@OBSZm@DED@HNIOEAED[l@CRAN?NDNHTLZVl@JQlAuBtA_CV_@BC^i@~BdBTN\Tj@^|@n@`BpAZXj@z@Z_AXcAb@_BBIHS??IRCHc@~AYbA[~@k@{@[YaBqA}@o@k@_@]UUO_CeBIL
WF2 0GU,40,836,Total Fitness → Silkwood Farm → Shell Select → DVSA Wakefield Test Center → Total Fitness,3,4023,613,10min,o{sfIpemH^XBB@D@NCNGNABEHGLWhAOp@AJQn@GVELELQf@Q`@GHMTMNIHEDOHEBEFEDIPANENGHWFECIIEMCOAQBQDOBCJ[BMBMBM@a@JgABYJy@Fe@Ha@ReAJe@zAcH@K?G?EAa@CQEUAMEIKU{BaCo@{@IVKZYp@mA~FnB~ALo@VR\ZPaA??Q`A][WSMn@oB_BlA_GXq@J[HWn@z@zB`CLJD@D?LEDAJEF?B?HF@BDHDN@RAPEPGLIDK@OFEHEJ{AbHKd@SdAI`@Gd@Kx@CXKfAA`@?LBNBP??FTBBDJBN?PANEN?\?B?HBRH\DLFNVf@HN^j@VPLDD@B?B?NEzCuHPg@Rc@JS`@w@@[Ea@BS@CHU@C??RATZb@iAD_@\_ABQA_@q@gAw@m@KEMGo@_@e@e@[_@SU_@m@KMEECAKCIDK@KEGIGMCQEUAMEIKU{BaCo@{@IVKZYp@mA~FnB~AUfAABC@C@MD@^?D?BGTDO@E?C?EA_@LEBABA@CTgAoB_BlA_GXq@J[HWn@z@zB`CLJD@D?LEDAJEF?B?HF@BDHDN@RAPEPGLIDK@OFEHEJ{AbHKd@SdAI`@Gd@Kx@CXKfAA`@?LBNBP??FTBBLDH@F@D?NIDEHILOLUFIPa@Pg@DMDMFWPo@@KNq@ViAD]DIDIHIAOAECC_@Y
WF2 0GU,40,837,Toyota Vantage → Shell Select → Total Fitness → Silkwood Farm → Toyota Vantage,3,3300,574,9min,grsfIz|lHTeAAECCC?ELUlACDOl@IX]JILQdALFJDv@l@TJb@Fn@OSz@Qb@[z@[x@c@hAIPWj@Kb@q@xBG[?K@QJS`@w@@[Ea@BS@CHU@C??RATZb@iAD_@\_ABQA_@q@gAw@m@KEMGo@_@e@e@[_@SU_@m@KMEECAKCIDK@OFEHEJ{AbHKd@SdAI`@Gd@Kx@CXKfAA`@?LBNBP??FTBBLDH@F@D?NIDEHILOLUFIPa@Pg@DMDMFWPo@@KNq@ViAD]DIDIHIAOAECC_@Y_Aw@~ApABB@D@NCNGNABEHGLWhAOp@AJQn@GVELELQf@Q`@GHMTMNIHEDOHEBEFEDIPANENGHWFECIIEMCOAQBQDOBCJ[BMBMBM@a@JgABYJy@Fe@Ha@ReAJe@zAcH@K?G?EAa@CQEUAMEIKU{BaCo@{@IVKZYp@mA~FnB~ALo@VR\ZPaA??Q`A][WSMn@oB_BlA_GXq@J[HWn@z@zB`CLJD@D?LEDAJEF?B?HF@BDHDN@RBX@LBJFV^l@RTZ^d@d@n@^PeAHM\KHYNm@BETmADMB?BB@DUdA
WF2 0GU,40,838,Valley Cresent Day Centre → Conroyds Fish and Chips → The New Pot Oil → Wrenthorpe Methodist Church → Valley Cresent Day Centre,3,1229,222,3min,gxvfInhhHFMVq@Pc@Ds@VPt@v@PT]xAY|@o@dBUl@GRy@nDEJW|@MTORYR_@LODIBODI@UBc@E{B_@g@UGIY[[U}@a@FYb@eATy@Ux@O\Sf@GX|@`@ZTXZn@}DL{@@AH_@Po@PJXLn@VJLf@v@T\JHDBH?FADIHSpAeFJ_@Rk@Nc@
WF2 0GU,40,839,Vic's Cafe → The Quad → The Lawrence → tillybods → Vic's Cafe,3,6930,599,9min,{zxfIpkgHHMBQ~@sGVoAlBiIFYfBcGzAgE|A_Ex@iBt@yAfBcDf@u@v@gAr@}@|@gA|@w@lB{AnBkAfBw@jBk@dBY|AQT?N@RDRFNFL@JAJCLULKPEPFNLXAPERKXI`BKD?\CPANA~@Gb@?R@TDP@H?LCNQBGDIHGFEH?H@B@HAFAHCLEJCJCHCNCZG`@IXEHCDALETKFAl@W??LE@ALEHCJAHAJAJ?L@J@@?NB@?LDJBNFPFFH@BDDLNNLNNPNPNJFHDHDRJTJl@X^Rf@VPHFDHDDDDBJHRNJHFFNJNLb@XHBBBLFJDNHd@NBBBBDDHHCb@ALALALGp@CTEPKXIPGHADGHGFc@h@EFEBCBGFC?E@QBO?G^IZQn@]bA}@tC_@tA]zAU|@e@`BWj@e@hAU^WZi@l@yAvAOL}BbCkAnAc@f@gCxCc@b@a@VOF[Na@D]?a@?q@@UB[Ds@\]X{@|@WXSPUNeBh@i@T_@PKHuBlAsBbA{@b@q@^c@Xu@f@E@eBbAo@`@m@d@s@v@s@~@wBzC_@h@CBW^uA~BmAtBKPe@iAIUEO?O@OBSZm@DED@HNIOEAED[l@CRAN?NDNHTLZVl@JQlAuBtA_CV_@BC^i@~BdBTN\Tj@^G^I@WQODLu@]UUO_CeBILUZCBW^uA~BmAtBKPq@hAGHq@jAaAdBSb@oBxD_AhBcA|AKLCDu@~@}@|@a@XCB_@RQHoB~@sBjAQHk@XkBbA_@XQRS^K`@GXEb@CX?^Dn@Lj@HPFJHFJDJ?JAJEJKv@}AvByFf@cC\cCLoATeCd@{Ht@wLDyANoDD{@EGEIAIAIAM?MBODKBIDEJELaALy@|@kGJo@IL
WF2 0GU,40,840,"Village Hall, Kirkhamgate → The Star Inn → Outwood Primary Academy Kirkhamgate → Shawfold Cars → Village Hall, Kirkhamgate",3,1824,320,5min,gswfInbnHRhBNl@Lb@yAzAi@l@ORs@aAKMAu@F]?IOs@Nr@?HG\@t@~@nANSh@m@xA{AMc@Om@]}CE]Kq@SyACK?AOkA_@qCcAf@[yAJIKHZxAbAg@^pCNlABJRxAJp@D\\|CNl@Lb@v@w@TSd@c@pBeANGHEb@UPI\U^Wp@k@JVDVDf@@FCz@Jj@DXEYKk@B{@Go@EWKWq@j@_@V]TQHc@TIDOFqBdAe@b@URw@v@Mc@Om@SiB
WF2 0GU,40,841,Village Stores → Outwood Primary Academy Kirkhamgate → The Star Inn → Shawfold Cars → Village Stores,3,1827,328,5min,opwfI`bnHl@]^vBe@b@URw@v@Mc@Om@]}CE]Kq@SyACK?AOkA_@qCcAf@[yAJIKHZxAbAg@^pCNlABJRxAJp@D\\|CNl@Lb@yAzAi@l@ORs@aAKMAu@F]?IOs@Nr@?HG\@t@~@nANSh@m@xA{Av@w@TSd@c@pBeANGHEb@UPI\U^Wp@k@JVDVDf@@FCz@Jj@DXEYKk@B{@Go@EWKWq@j@_@V]TQHc@TIDOFqBdA_@wBm@\
WF2 0GU,40,842,Wakefield Flanshaw Junior and Infant School → West Villa → NAV Mini Market → Phoenix Young People's Centre → Wakefield Flanshaw Junior and Infant School,3,1529,218,3min,oqtfI~lhHa@lCGn@Ml@a@tB[~AMn@c@nBq@zBCFSn@Uj@]~@Ul@Ob@c@k@[g@Wc@OQKKc@YWzAU~AQlAEl@C\A^ZHPFPH??JJLT[v@c@pAGReAvCg@zAGIWKVJFHf@{An@eBTq@FSb@qAZw@JSf@iAj@wAh@mANc@Tm@\_ATk@Ro@BGp@{Bp@_DZ_B`@uBLm@Fo@`@mC
WF2 0GU,40,843,War Memorial → The Star Inn → Outwood Primary Academy Kirkhamgate → Shawfold Cars → War Memorial,3,1714,311,5min,crwfIfgnHLb@yAzAi@l@ORs@aAKMAu@F]?IOs@Nr@?HG\@t@~@nANSh@m@xA{AMc@Om@]}CE]Kq@SyACK?AOkA_@qCcAf@[yAJIKHZxAbAg@^pCNlABJRxAJp@D\\|CNl@Lb@v@w@TSd@c@pBeANGHEb@UPI\U^Wp@k@JVDVDf@@FCz@Jj@DXEYKk@B{@Go@EWKWq@j@_@V]TQHc@TIDOFqBdAe@b@URw@v@Mc@
WF2 0GU,40,844,War memorial in Kirkhamgate. → The Star Inn → Outwood Primary Academy Kirkhamgate → Shawfold Cars → War memorial in Kirkhamgate.,3,1698,309,5min,{qwfIzgnHDNyAzAi@l@ORs@aAKMAu@F]?IOs@Nr@?HG\@t@~@nANSh@m@xA{AMc@Om@]}CE]Kq@SyACK?AOkA_@qCcAf@[yAJIKHZxAbAg@^pCNlABJRxAJp@D\\|CNl@Lb@v@w@TSd@c@pBeANGHEb@UPI\U^Wp@k@JVDVDf@@FCz@Jj@DXEYKk@B{@Go@EWKWq@j@_@V]TQHc@TIDOFqBdAe@b@URw@v@EO
WF2 0GU,40,845,"War Memorial, Kirkhamgate → The Star Inn → Outwood Primary Academy Kirkhamgate → Shawfold Cars → War Memorial, Kirkhamgate",3,1686,304,5min,gqwfI|gnHMLyAzAi@l@ORs@aAKMAu@F]?IOs@Nr@?HG\@t@~@nANSh@m@xA{AMc@Om@]}CE]Kq@SyACK?AOkA_@qCcAf@[yAJIKHZxAbAg@^pCNlABJRxAJp@D\\|CNl@Lb@v@w@TSd@c@pBeANGHEb@UPI\U^Wp@k@JVDVDf@@FCz@Jj@DXEYKk@B{@Go@EWKWq@j@_@V]TQHc@TIDOFqBdAe@b@URi@h@
WF2 0GU,40,846,"War Memorial on Batley Road, Kirkhamgate → The Star Inn → Outwood Primary Academy Kirkhamgate → Shawfold Cars → War Memorial on Batley Road, Kirkhamgate",3,1686,304,5min,gqwfI|gnHMLyAzAi@l@ORs@aAKMAu@F]?IOs@Nr@?HG\@t@~@nANSh@m@xA{AMc@Om@]}CE]Kq@SyACK?AOkA_@qCcAf@[yAJIKHZxAbAg@^pCNlABJRxAJp@D\\|CNl@Lb@v@w@TSd@c@pBeANGHEb@UPI\U^Wp@k@JVDVDf@@FCz@Jj@DXEYKk@B{@Go@EWKWq@j@_@V]TQHc@TIDOFqBdAe@b@URi@h@
WF2 0GU,40,847,West Ardsley Book Exchange → Hill Top Primary Academy → West Ardsley Methodist Church → The Mens Room → West Ardsley Book Exchange,3,7477,837,13min,qszfIvyqHTHj@RlEhBPFzAp@pBx@pBv@fAd@n@^d@b@eFbNGNm@dBo@|Ay@|BSh@S[EAIAKAGIo@cAOU??NTn@bAFHJ@H@D@RZRi@x@}Bn@}Al@eBFOdFcNe@c@o@_@gAe@NaB|@h@PBJMKLA?OC}@i@O`BqBw@qBy@{Aq@QGmEiBk@Sk@S{Ai@{@Wo@Uu@e@e@[CC]YuAoAkAaAs@i@gAaAGE[Wk@a@cDgCu@g@SGQEc@IKAeBS_@Go@OsB]SEQA?m@AaAA]E{@IaAKiBQ_CE}@AQAQIsAIqAAWMoBGaAIaAUeBYwB]oCe@uBi@mCMs@Gk@u@oH]mDOuAY{BIk@CSIs@OuA_AmHKcAKu@Ic@Rg@P]V_@V_@NMVU~@i@\Qn@UVIj@MZGn@StAq@fBy@\Q`@Sp@]z@g@vBoAh@a@XYP_@DIP}@De@FkABgA@m@zAHHAFEDGDMBSBaClALFDFHBJ@H?FALEJEDIDoA^CRELEFGDI@{AIEtBGjAEd@Q|@EHQ^YXi@`@wBnA{@f@q@\a@R]PgBx@uAp@o@R[Fk@LWHo@T]P_Ah@WTOLW^W^Q\Sf@Hb@Jt@JbA~@lHNtAHr@BRHj@XzBNtA\lDt@nHFj@Lr@h@lCd@tB\nCXvBTdBH`AF`ALnB@VHpAHrA@P@PD|@P~BJhBH`ADz@@\@`A?l@P@RDrB\n@N^FdBRJ@b@HPDRFt@f@bDfCj@`@ZVFDfA`Ar@h@jA`AtAnA\XBBd@Zt@d@n@Tz@VzAh@TH
WF2 0GU,40,848,West Ardsley Community Centre → West Ardsley Methodist Church → West Ardsley Book Exchange → Highfield School → West Ardsley Community Centre,3,12804,1453,24min,qizfIb_sHFMV^S`@D@RZRi@x@}Bn@}Al@eBFOdFcNe@c@o@_@gAe@NaB|@h@PBJMKLA?OC}@i@O`BqBw@qBy@{Aq@QGmEiBk@Sk@SBWDS@S?Q?S@OLaBM`BAN?R?PARERCVTHTHj@RlEhBPFzAp@pBx@pBv@fAd@n@^d@b@eFbNGNm@dBo@|Ay@|BSh@KXKXO^Wt@_@`Aa@pAGV?FCTGxDA|@?JMdHAb@At@At@C~@MfJ?PA`@@p@J`A`@vBBb@LjGj@|Fp@jHJ|C?~BO`CYzCtDvBpJtFLF`J|EhHdEPHnBnAhE|B\RZRXLrAv@bAh@JDr@h@~AjA|@`Az@|AJN^n@r@zAlAnDHTHVpAlDp@`BHFHFD@F?N?^WPMp@UBAZKh@CHDTJZTTZb@ZH?HFb@i@tD{ITc@^q@bAqB\cAF_ACEAO?I?EBMDKFEBADAD@VIPAnBw@LMr@cAXa@JOX]h@aAlCmD~CsEbCmDdB_C`ByBT[x@gAGWOm@?a@Fs@\cA\i@zBmCTYR_@Jk@Bc@Ac@Ga@Oo@Yw@Og@IWUs@I[Oa@GUIUGU{@sCGSa@_AQWq@q@MKIIi@]QMQSGMUe@Sg@Ss@K]Mq@YgBKq@c@yBu@}BKWC[?w@@eA?kB?]Aa@?WCQAQAKCEIWMa@Qo@Qq@Mw@Kg@QoB]oDKoAQgBQyAO?eEhDdEiDN?PxAPfBJnA\nDJjADb@Jf@Lv@Pp@Pn@L`@HVBD@J@PBP?V@`@?\?jBAdA?v@BZJVt@|Bb@xBJp@XfBLp@J\Rr@Rf@Td@FLPRPLh@\HHLJp@p@PV`@~@FRz@rCFTHTFTN`@HZTr@HVNf@Xv@Nn@F`@@b@Cb@Kj@S^UX{BlC]h@]bAGr@?`@Nl@FVy@fAUZaBxBeB~BcClD_DrEmClDi@`AY\KNY`@s@bAMLoBv@GRMP?D@NALCJ?@GHGDS`@OH]bAcApB_@p@Ub@uDzIWfA?NCNELKJI?IEGICKAQ@SMy@U[[UUKIEi@B[JC@q@TQL_@V]VSi@q@aBqAmDIWIUmAcCk@iAa@{@qBwCk@m@wAiA_Am@q@e@yCaBeBaA_CmAmAw@a@S}DuBqC{AyImFeP}I@g@X{CNaC?_CK}Cq@kHk@}FMkGCc@a@wBKaAAq@@a@?QLgJB_A@u@@u@@c@LeH?K@}@FyDBU?GFW`@qA^aAVu@N_@JYJYS[EAIAKAGIPe@
WF2 0GU,40,849,West Ardsley Methodist Church → West Ardsley Community Centre → West Ardsley Book Exchange → The Star Inn → West Ardsley Methodist Church,3,6229,593,9min,q}yfIvarHOC}@i@O`BfAd@n@^d@b@eFbNGNm@dBo@|Ay@|BSh@S[EAIAKAGIPe@FMV^S`@D@RZRi@x@}Bn@}Al@eBFOdFcNe@c@o@_@gAe@qBw@qBy@{Aq@QGmEiBk@Sk@SBWDS@S?Q?S@OLaBM`BAN?R?PARERCVTHTHj@RlEhBPFzAp@pBx@pBv@fAd@n@^d@b@FOZ{@HYViA^iBXgARm@R]^a@JInBeBr@w@j@}@Xq@ZcA\gBTmATcAb@cB|@yCBGt@}BtA_E~@wDXsBn@cFRmARw@Vq@b@o@r@q@xA_Ad@YRSJ]Jm@h@wELw@Pu@Ne@Tg@`@m@\YPM\I\GXAB?d@HZDR?NAlAQjAODAXOXWXg@Rk@Ru@t@aDNg@Vo@\s@zBgDRY^g@s@aAKMAu@F]?IOs@Nr@?HG\@t@~@nA_@f@SX{BfD]r@Wn@Of@u@`DSt@Sj@Yf@YVYNE@kANmAPO@S?[Ee@IC?Y@]F]HQL]Xa@l@Uf@Od@Qt@Mv@i@vEKl@K\SRe@XyA~@s@p@c@n@Wp@Sv@SlAo@bFYrB_AvDuA~Du@|BCF}@xCc@bBUbAUlA]fB[bAYp@k@|@s@v@oBdBKH_@`@S\Sl@YfA_@hBWhAIX[z@GNe@c@o@_@gAe@NaB|@h@NB
WF2 0GU,40,850,West Villa → Wakefield Flanshaw Junior and Infant School → NAV Mini Market → Phoenix Young People's Centre → West Villa,3,1690,274,4min,sutfIp|hHLo@Z_B`@uBLm@Fo@`@mCf@mD\T]UiAzHGn@Ml@a@tB[~Aq@~Cq@zBCFSn@Uj@]~@Ul@Ob@c@k@[g@Wc@OQKKc@YWzAU~AQlAEl@C\A^ZHPFPH??JJLT[v@c@pAGReAvCg@zAGIWKVJFHf@{An@eBTq@FSb@qAZw@JSf@iAj@wAh@mANc@Tm@\_ATk@Ro@BGp@{Bb@oB
WF2 0GU,40,851,West Yorkshire Police Bishopgarth House → West Yorkshire Police Learning & Development Centre → Cardigan House → Driver Training Area → West Yorkshire Police Bishopgarth House,3,9946,536,8min,{uyfIxzjH??JCJAFABG?IEmAh@OKgDAS?Q?Q?Q@QFaB?Q?MEWOIGCI?ODeCnDg@h@g@b@cAp@iB`ASJIDGHIHEHCHYlA?BCvA?P@P@RDRThAf@~Br@|CnB|INn@bApEj@fCR|@x@nD\|AtAxDbCzFbCdFbAjBb@x@bAjBnCrD|CfEjDpDxFdFfMjJzBxA`CrAtBfAtDrBtG`Dn@R~FjBlGhAdE\xDDvEOnE[hOcClImApBYzRuF^OZSPMNQNUj@{ARg@POPMLINEP@RBTLVXJXFVDVDX@\?ZAtDA|@AZA\ETW~@MZk@Va@@OCWOMOMUIOi@w@a@So@E{Lh@qAFsFj@sInAeOdCoE`@cFJwDImE]eGaAaGiBs@W_HeDkDqBuBiAcCcB}B_BqFsDiF{DkFqEoD{DaDeE}BqDmAkBc@y@wAuCoEsJuBoF_AqCo@wA_AuCqA}DOc@}BiHwAmEQa@Uu@K]MYKWGMGKGIGIGGEEMIOKc@SEAc@e@OUGQEOEQAMAOAQ?S@O@O?GDQFWFWFOFMrAuBHKFGFGHGHGJCHAH?H?H@JDt@NZLPBLBR@NANCLEJGZSjAy@`A_A`AkAb@o@\Ut@gALKJ?FJJ`@BNDV?L?PG`BAP?P?P?P@RJfDi@NDlA?HCFG@K@KB??
WF2 0GU,40,852,West Yorkshire Police Learning & Development Centre → Cardigan House → West Yorkshire Police Bishopgarth House → Driver Training Area → West Yorkshire Police Learning & Development Centre,3,19016,974,16min,o|yfIrvkHbApEj@fCR|@vAlGtAxDbCzFbCdFbAjBb@x@bAjBnCrD|CfEjDpDxFdFfMjJzBxA`CrAtBfAtDrBtG`Dn@R~FjBlGhAdE\xDDvEOnE[hOcClImApBYzRuF^OZSPMNQNUj@{ARg@POPMLINEP@RBTLVXJXFVDVDX@\?ZAtDA|@AZA\ETW~@MZk@Va@@OCWOMOMUIOi@w@a@So@E{Lh@qAFsFj@sInAeOdCoE`@cFJwDImE]eGaAaGiBs@W_HeDkDqBuBiAcCcB}B_BqFsDiF{DkFqEoD{DaDeE}BqDmAkBc@y@wAuCoEsJuBoF_AqCo@wA_AuCqA}DOc@}BiHwAmEQa@Uu@K]MYKWGMGKGIGIGGEEMIOKc@SEAc@e@OUGQEOEQAMAOAQ?S@O@O?GDQFWFWFOFMrAuBHKFGFGHGHGJCHAH?H?H@JDt@NZLPBLBR@NANCLEJGZSjAy@`A_A`AkAb@o@\Ut@gALKJ?FJJ`@BNDV?L?PG`BAP?P?P?P@RJfDi@NG_BIgCAYAOEECAEHIJKNCD@^FxBDrB@f@DRDFBB??JCJAFABG?IEmAh@OKgDAS?Q?Q?Q@QFaB?Q?MEWOIGCI?ODeCnDg@h@g@b@cAp@iB`ASJIDGHIHEHCHYlA?BCvA?P@P@RDRThAf@~Br@|CnB|I~BhKR|@x@nD\|AtAxDbCzFbCdFbAjBb@x@bAjBnCrD|CfEjDpDxFdFfMjJzBxA`CrAtBfAtDrBtG`Dn@R~FjBlGhAdE\xDDvEOnE[hOcClImApBYzRuF^OZSPMNQNUj@{ARg@POPMLINEP@RBTLVXJXFVDVDX@\?ZAtDA|@AZA\ETW~@MZk@Va@@OCWOMOMUIOi@w@a@So@E{Lh@qAFsFj@sInAeOdCoE`@cFJwDImE]eGaAaGiBs@W_HeDkDqBuBiAcCcB}B_BqFsDiF{DkFqEoD{DaDeE}BqDmAkBc@y@wAuCoEsJuBoF_AqCo@wA_AuCqA}DOc@}BiHwAmEQa@Uu@K]MYKWGMGKGIGIGGEEMIOKc@SEAc@e@OUGQEOEQAMAOAQ?S@O@O?GDQFWFWFOFMrAuBHKFGFGHGHGJCHAH?H?H@JD^\JNFJDLDLBPBN@N@P?P?P?P?BCvA?P@P@RDRThAf@~Br@|CnB|INn@
WF2 0GU,40,853,White Rose Sandwich Co. → BP Manor Service Station → Main Street Fisheries → St Michaels Church → White Rose Sandwich Co.,3,1778,384,6min,yl{fIr~kHe@}CCQKy@]cCZNJ@ZDZ@L?n@Al@AR_@f@dAOZGN_AMw@pCa@lCg@iDCQKy@]cCZNJ@Be@a@M??`@LCd@ZDZ@L?n@Al@AUp@EPw@pCa@lCWzCMhAy@BeAZWTUV}@p@}@f@AI{DbAGXNfANTHFFn@Go@IGOUOgAFYtA_@dBc@@H|@g@|@q@TWVUdA[x@CLiAV{CAK
WF2 0GU,40,854,Wrenthorpe Academy → Hong Kong Vegan → St Annes → Spot on Dog Grooming → Wrenthorpe Academy,3,2963,321,5min,cqwfI`chHIRCHc@~AYbA[~@k@{@[YaBqA}@o@k@_@]UUO_CeBvB{Cr@_Ar@w@l@e@n@a@dBcADAt@g@b@Yp@_@d@UTMrBcAtBmAJI^Qh@UdBi@TORQVYz@}@\Yr@]ZETCp@A`@?\?`@EZOMr@Or@Gh@?f@B^J^Tn@FNLZRp@Jb@DX@l@@p@@`@@L?NHv@L`A@JB\@Z?r@Ad@En@Gl@WdBG\KhAMt@]xAY|@o@dBUl@aAbEEJW|@MTORYR_@LODYHI@UBc@E{B_@g@UGIY[[U}@a@GC}@a@]OQIOOWa@k@_AS[e@s@]g@u@kAk@{@[YaBqACAy@m@G^I@WQODLu@j@^|@n@`BpAZXj@z@Z_AXcAb@_BBIHS
WF2 0GU,40,855,Wrenthorpe Club → Declans → Pinderfields Hospital PRU → The Lawrence → Wrenthorpe Club,3,1957,349,5min,e|wfIlehHHAF_@k@_@]UUO_CeBqA_Ak@_@IIZyAGOIUHTFN[xAHHj@^pA~@l@b@pA`ATN\Tj@^|@n@`BpAZXj@z@Z_AXcAb@_BBILLl@j@??m@k@MMCHc@~AYbA[~@k@{@[YaBqA}@o@k@_@]UUO_CeB_@h@CBW^uA~BmAtBKPe@iAIUEO?O@OBSZm@DED@HNIOEAED[l@CRAN?NDNHTLZVl@JQlAuBtA_CV_@BC^i@~BdBTN\Tj@^G^I@
WF2 0GU,40,856,Wrenthorpe Dental Care → The Well Church (Elim Pentecostal) → Wrenthorpe Methodist Church → Wrenthorpe Post Office → Wrenthorpe Dental Care,3,1637,314,5min,q`wfIhaiH|@QHAXGVEG}@EkBODYHI@UBc@EMNWNINKZI\ITi@XMNEPG^EZOEQCG?USMOReADUj@cDGIY[[U}@a@FYb@eATy@Ux@O\Sf@GX|@`@ZTXZn@}DL{@@AH_@Po@Je@Jo@Fa@D[@IDUFg@BSBMD[F]BUFc@@EJg@BIPRNFTJNFTFN?F@xCBX@VPt@v@PT]xAY|@o@dBUl@Qp@o@pCEJW|@MTORYR_@LDjBF|@WDYFI@}@P
WF2 0GU,40,857,Wrenthorpe Methodist Church → The Well Church (Elim Pentecostal) → St Annes → The New Wheel → Wrenthorpe Methodist Church,3,1494,258,4min,whwfIvthHSf@GX|@`@ZTXZFHf@TzB^MNWNINKZI\ITi@XMNEPG^EZOEQCG?USMOReADUj@cDGIY[[U}@a@GC}@a@]OQIOOWa@k@_AS[e@s@Rg@@CTk@Uj@ABSf@d@r@RZbA`BNNPH\N|@`@FB|@`@ZTXZFHf@T`BXXDMNWNINKZI\ITi@XMNEPG^EZOEQCG?USMOReAp@yDGIY[[U}@a@FYRg@
WF2 0GU,40,858,Wrenthorpe Park & Alverthorpe Meadows → Alverthorpe & Wrenthorpe Meadows LNR → Silcoates School → Conroyds Fish and Chips → Wrenthorpe Park & Alverthorpe Meadows,3,8644,1098,18min,cnufIlxgHTSf@g@V|@`@vAVz@Tz@Tr@Td@PVRRRLXLXBX?f@OFbAV|DJpAo@QmCe@KE??JDlCd@n@P~@V`Cj@\cABEJ[Ha@Ho@Dg@@k@?q@QqCIaAh@OnA_@VIVGpBm@|Ac@OxAAJEf@g@jCKf@OfAiAzHGn@Ml@a@tB[~Aq@~Cq@zBCFSn@Uj@]~@Ul@Ob@i@lAk@vAg@hAKR[v@c@pAGReAvCg@zAg@|AMZM\]v@q@fBGL_@`As@fBs@hBwBvE}BrGW~@q@`Ce@rBW|@Qh@Wb@[^q@h@eBzA_AbAc@h@cAlBCHsAeC]u@k@qAQ]qAoCIQFSn@_GTaCN{Cd@cR@MJkARuA@UFa@Dk@D]BS@U?[C[GSOa@U_@}@aBVg@Dw@?s@?GFWFMPi@HQBQ?KESAG?E?KF]DYNa@`@eAKQGO?G?Md@sA??e@rA?L?FFNJPb@iABGBADADBDHBJ?@?F_B`EELAJAL@L?B@DFHFBDFBHFLDHDHBL@LAPA|@CZAXIhAGrACXCNMPOa@U_@}@aBS_@Wc@y@gAw@eAw@aAsAiBaAwAS[AC_@o@e@q@IMMg@Mm@Gi@G}@EkB^MXSNSLUV}@DKx@oDFSTm@n@eBX}@\yALu@JiAF]VeBFm@Do@@e@?s@A[C]AKMaAIw@?OAMAa@Aq@Am@EYKc@Sq@M[GOUo@K_@C_@?g@Fi@Ns@Ls@NG`@Wb@c@fCyCb@g@jAoA|BcCNMxAwAh@m@V[T_@d@iAVk@d@aBT}@\{A^uA|@uC\cAPo@H[F_@BSN@L@J?HADCDGb@i@FGFI@EFIHQJYDQBUFq@@M@M@MBc@H@F?B?@?L@N?VAJAJARCLEPERGDCHCJGLININKFEFGFELO@A^]^]b@c@z@{@`AcAZYb@e@NO|A_BFE@AdAgAr@s@r@u@JEHEn@Al@@hBALAN?F?FBLL@DNPDFNRRRV\VZI`@ADCJAFOp@i@zBWjAOnAO`AYhAMb@a@|AMx@@j@NrAPdAHl@@BJn@VtB@D@FH`AHlA?J@j@@x@AbAIdAIz@Kn@]~AUx@Kb@Ij@IAMBmBjBUTEBCD]\w@bAGLGLwAhCy@jAILg@p@mAdBKN[`@MVi@z@e@`Ag@jA]j@Yn@]n@k@x@[^a@h@g@f@UR
WF2 0GU,40,859,Wrenthorpe Post Office → The Wren Cafe → The New Pot Oil → Wrenthorpe Methodist Church → Wrenthorpe Post Office,3,1833,271,4min,_xvfItqhHo@pCEJW|@MTORYR_@LODYHI@UBc@E{B_@g@UGIn@}DL{@@AH_@Po@PJXLn@VJLf@v@T\JHDBH?FADIHSpAeFJ_@Rk@Pc@DMVq@Pc@Ds@VPt@v@PT]xAY|@o@dBUl@aAbEEJW|@MTORYR_@LODIBODI@UBc@E{B_@g@UGIY[[U}@a@FYb@eATy@Ux@O\Sf@GX|@`@ZTXZFHf@TzB^b@DTCHAXINE^MXSNSLUV}@DKn@qC
WF2 0GU,40,860,Wrenthorpe Potovens → The Well Church (Elim Pentecostal) → Wrenthorpe Post Office → Hall Cliffe Primary School → Wrenthorpe Potovens,3,1655,257,4min,{|vfI|~hHCSEkBODYHI@UBc@EMNWNINKZI\ITi@XMNEPG^EZOEQCG?USMOReADUj@cDGIn@}DL{@@AH_@Po@Je@Jo@Fa@D[@IDUFg@BSBMD[F]BUFc@@EJg@BIPRNFTJNFTFN?F@xCBX@VPt@v@PT]xAY|@o@dBUl@Qp@o@pCEJW|@MTORYR_@LDjBF|@Fh@Ll@Lf@Dd@Bp@BnA?d@?t@?hBL?ZXXB@?[C[YM??iB?u@?e@CoACq@Ee@Mg@Mm@Gi@Ci@
WF2 0GU,40,861,Wrenthorpe Village Hall → The Well Church (Elim Pentecostal) → Wrenthorpe Post Office → Wrenthorpe Methodist Church → Wrenthorpe Village Hall,3,1880,317,5min,k~vfIt`iH@?XGVEG}@EkBODYHI@UBc@EMNWNINKZI\ITi@XMNEPG^EZOEQCG?USMOReADUj@cDGIn@}DL{@@AH_@Po@Je@Jo@Fa@D[@IDUFg@BSBMD[F]BUFc@@EJg@BIPRNFTJNFTFN?F@xCBX@VPt@v@PT]xAY|@o@dBUl@Qp@o@pCEJW|@MTORYR_@LODYHI@UBc@E{B_@g@UGIY[[U}@a@FYb@eATy@Ux@O\Sf@GX|@`@ZTXZFHf@TzB^b@DTCHAXINEDjBF|@WDYFA?
WF2 0GU,45,862,Al Fresco → The New Albion → The Blue Light → West Villa → Al Fresco,3,1538,301,5min,__ufIjuiHCj@APAPCl@E^GRKRBHRb@U`@CCAAGJ??FK@@BBTa@Sc@}AlCu@rAIHHVN`@ADCDSRRSBE@EYy@HIt@sA|AmCCI[o@c@_Ab@qAZw@JSf@iAj@wAh@mANc@Tm@\_ATk@Ro@BGp@{BwA_Bx@qCnApAMn@c@nBq@zBCFSn@Uj@]~@Ul@Ob@i@lAk@vAg@hAKR[v@c@pAb@~@Zn@JSFSD_@Bm@@Q@QBk@
WF2 0GU,45,863,Alverthorpe Conservative Club → Pizza Ferrara → Al Fresco → Alverthorpe St Paul's CofE (VA) School → Alverthorpe Conservative Club,3,1975,404,6min,cbufI`_jH`AeBCI[o@c@_AGReAvCg@zAg@|AMZM\Nl@Rz@S{@Om@L]L[FS^iAf@{AdAwCFSb@~@Zn@JSFSD_@Bm@@Q@QBk@?Q@UBy@Cx@ATC|@APAPCl@E^GRKR[o@c@_Ab@qAZw@MUKKQIQG[IQCSGMEQKY[g@g@SWy@oAGEKCQl@c@`AEd@Er@ETIVKXERGTEX@\Ap@AXGVILDZBV?R@RGd@A\CTCB??C?B?BCBU@]Fe@AS?SCWE[HMFW@Y@q@A]DYFUDSJYHWDUDs@De@b@aAPm@JBFDx@nARVf@f@XZPJLDRFPBZHPFPHJJLT[v@c@pAb@~@Zn@BHaAdB
WF2 0GU,45,864,Alverthorpe Garage → Sun Bo → Kylies Sandwich Bar & Custom Cakes → Mill View Stores → Alverthorpe Garage,3,1204,286,4min,cdufI`bjHb@w@|AmCCIJSFSGEi@}@BDd@v@FDGRKR[o@c@_AGReAvCg@zAg@|AMZM\]v@q@fBGLZl@P[QZ[m@FMPg@^_A\w@L]L[f@}Af@{AdAwCFSb@~@Zn@BHRb@HTNVLVLVTfAj@Sk@RESOs@MWMWOWIUSc@}AlCc@v@
WF2 0GU,45,865,Alverthorpe St Paul's CofE (VA) School → Pizza Ferrara → Alverthorpe Conservative Club → NAV Mini Market → Alverthorpe St Paul's CofE (VA) School,3,1723,329,5min,unufId`jHBCBU@]Fe@AS?SCWE[HMFW@Y@q@A]DYFUDSJYHWDUDs@De@b@aAPm@JBFDx@nARVf@f@XZPJLDRFPBZHPFPHJJLT[v@c@pAGReAvCg@zAg@|AMZM\Nl@Rz@S{@Om@L]L[FS^iAf@{AdAwCFSb@~@Zn@BH}AlCOSNRZg@`AeBCI[o@c@_Ab@qAZw@MUKK??QIQG[IQCSGMEQKY[g@g@SWy@oAGEKCQl@c@`AEd@Er@ETIVKXERGTEX@\Ap@AXGVILDZBV?R@RGd@A\CTCB
WF2 0GU,45,866,Alverthorpe Working Mens Club → The Eagle → Flanshaw Lodge → Mill View Stores → Alverthorpe Working Mens Club,3,1897,288,4min,kltfIdrjHjB\^Lh@XXLPBN@X?RCB?XKPKJIXQ@ARQDC??`@YRQXSPWZi@HOLW^u@FNHRDPDVUJmAhADd@Lb@?AMa@Ee@lAiATKEWEQISGO_@t@MVIN[h@QVYRSPa@X??EBSP[RKHQJYJC?SBY?OAQCYMi@Y_@M_Dm@c@Kc@MGAu@YQMKKi@g@QOUMMIUMOK_@YYa@Wg@[w@CIWe@CIKSGUQk@CIESOs@MW|@aBH[CUMSLRBTIZ}@`BLVTfABHPj@FTJRBHVd@BHZv@Vf@X`@^XNJTLLHTLPNh@f@JJPLt@XF@b@Lb@Jr@N
WF2 0GU,45,867,Alverthorpe & Wrenthorpe Meadows LNR → Wrenthorpe Park & Alverthorpe Meadows → Silcoates School → NAV Mini Market → Alverthorpe & Wrenthorpe Meadows LNR,3,7707,1059,17min,_gufIjlhHJDlCd@n@PKqAW}DGcAg@NY?YCYMSMSSQWUe@Us@U{@W{@a@wAW}@g@f@UR??TSf@g@V|@`@vAVz@Tz@Tr@Td@PVRRRLXLXBX?f@Od@M^MTKr@Sb@Q^M^Mf@Oh@OnA_@VIVGpBm@|Ac@OxAAJEf@g@jCKf@OfAiAzHGn@Ml@a@tB[~Aq@~Cq@zBCFSn@Uj@]~@Ul@Ob@i@lAk@vAg@hAKR[v@c@pAGReAvCg@zAg@|AMZM\]v@q@fBGL_@`As@fBs@hBwBvE}BrGW~@q@`Ce@rBW|@Qh@Wb@[^q@h@eBzA_AbAc@h@cAlBCHsAeC]u@k@qAQ]qAoCIQFSn@_GTaCN{Cd@cR@MJkARuA@UFa@Dk@D]BS@U?[C[GSOa@U_@}@aBVg@Dw@?s@?GFWFMPi@HQBQ?KESAG?E?KF]DYNa@`@eAKQGO?G?Md@sA??e@rA?L?FFNJPb@iABGBADADBDHBJ?@?F_B`EELAJAL@L?B@DFHFBDFBHFLDHDHBL@LAPA|@CZAXIhAGrACXCNMPFRBZ?ZATCRE\Ej@G`@ATStAKjAALe@bROzCU`Co@~FGRHPpAnCP\j@pA\t@rAdCBIbAmBb@i@~@cAdB{Ap@i@Z_@Vc@Pi@V}@d@sBp@aCV_A|BsGvBwEr@iBr@gB^aAFMp@gB\w@L]L[f@}Af@{AdAwCFSb@qAZw@MUKK??QIQG[I@_@B]Dm@PmAT_BV{Ab@XJJNPVb@Zf@b@j@Nc@Tm@\_ATk@Ro@BGp@{Bp@_DZ_B`@uBLm@Fo@hA{HNgAJg@f@kCDg@@KNyA}Ab@qBl@WFWHoA^i@NH`APpC?p@Aj@Ef@In@I`@KZCD]bAaCk@_AWo@QmCe@KE
WF2 0GU,45,868,Amazon DLS4 → Ossett Fire Station → Silkwood Farm → Total Fitness → Amazon DLS4,3,2488,467,7min,wktfIphmH^gBJHNJReAFUPJ@@@?@??CH_@??I^?BA?A?AAQKR_A@GVmAnB~ALo@VR\ZPaA??Q`A][WSMn@oB_BlA_GXq@J[HWn@z@zB`CLJD@D?LEDAJEF?B?HF@BDHDN@RAPEPGLIDK@OFEHEJ{AbHKd@SdAI`@Gd@Kx@CXKfAA`@?LBNBP??FTBBLDH@F@D?NIDEHILOLUFIPa@Pg@DMDMFWPo@@KNq@ViAD]DIDIHIAOAECC_@Y_Aw@~ApABB@D@NCNGNABEHGLWhAOp@AJQn@GVELELQf@Q`@GHMTMNIHEDOHEBEFEDIPANENGHWFECIIEMCOAQBQDOBCJ[BMBMBM@a@JgABYJy@Fe@Ha@ReAJe@zAcH@K?G?EAa@CQEUAMEIKU{BaCo@{@IVKZYp@mA~FWlAAFS~@GTSdAOKKI_@fB
WF2 0GU,45,869,Ardsley House → BP Manor Service Station → Restyle Fitness → China And Thai Express → Ardsley House,3,1540,271,4min,mxzfIrfkHC@kAZcA\kB|@WPo@d@m@b@]\[`@a@j@_@l@MVf@dAOZGN_AMw@pCa@lCg@iDCQKy@]cCZNJ@Be@EA[K`@LCd@ZDZ@L?n@Al@AUp@EPw@pCa@lC[yBKo@CQKy@]cCZNJ@ZDZ@L?n@Al@AR_@LW^m@`@k@Za@\]l@c@n@e@VQjB}@bA]jA[BA
WF2 0GU,45,870,Blue Marlin Fisheries → Sun Bo → Kylies Sandwich Bar & Custom Cakes → Mill View Stores → Blue Marlin Fisheries,3,1309,294,4min,oeufIp_jHZcAdAwCFSb@~@Zn@JSFSGEi@}@BDd@v@FDGRKR[o@c@_AGReAvCg@zAg@|AMZM\]v@q@fBGLZl@P[QZ[m@FMPg@^_A\w@L]L[f@}Af@{AdAwCFSb@~@Zn@BHRb@HTNVLVLVTfAj@Sk@RESOs@MWMWOWIUSc@CI[o@c@_AGReAvC[bA
WF2 0GU,45,871,BP Manor Service Station → Methodist Church → Tania's Barbershop → Ardsley House → BP Manor Service Station,3,2011,254,4min,ug{fI|ukHGN_AMw@pCa@lCg@iDCQIs@AE]cCg@a@[Yk@c@WOQK]O_@Oc@pDEb@A`@Ab@?\B\FjADv@Hx@Fr@Jp@Nj@Nf@R\XZXH\FdA[x@CLiAJqAJiA`@mCv@qCDQTq@R_@LW^m@`@k@Za@\]l@c@n@e@VQjB}@bA]jA[d@Od@UZSh@e@Ta@`AaAH^YTQNSNa@Li@d@[Re@Ta@LC@kAZcA\kB|@WPo@d@m@b@]\[`@a@j@_@l@MVf@dAOZ
WF2 0GU,45,872,Cardigan House → West Yorkshire Police Learning & Development Centre → Driver Training Area → West Yorkshire Police Bishopgarth House → Cardigan House,3,19015,974,16min,kzyfId}kHj@fCR|@vAlGtAxDbCzFbCdFbAjBb@x@bAjBnCrD|CfEjDpDxFdFfMjJzBxA`CrAtBfAtDrBtG`Dn@R~FjBlGhAdE\xDDvEOnE[hOcClImApBYzRuF^OZSPMNQNUj@{ARg@POPMLINEP@RBTLVXJXFVDVDX@\?ZAtDA|@AZA\ETW~@MZk@Va@@OCWOMOMUIOi@w@a@So@E{Lh@qAFsFj@sInAeOdCoE`@cFJwDImE]eGaAaGiBs@W_HeDkDqBuBiAcCcB}B_BqFsDiF{DkFqEoD{DaDeE}BqDmAkBc@y@wAuCoEsJuBoF_AqCo@wA_AuCqA}DOc@}BiHwAmEQa@Uu@K]MYKWGMGKGIGIGGEEMIOKc@SEAc@e@OUGQEOEQAMAOAQ?S@O@O?GDQFWFWFOFMrAuBHKFGFGHGHGJCHAH?H?H@JD^\JNFJDLDLBPBN@N@P?P?P?P?BCvA?P@P@RDRThAf@~Br@|CnB|INn@nBxIR|@x@nD\|AtAxDbCzFbCdFbAjBb@x@bAjBnCrD|CfEjDpDxFdFfMjJzBxA`CrAtBfAtDrBtG`Dn@R~FjBlGhAdE\xDDvEOnE[hOcClImApBYzRuF^OZSPMNQNUj@{ARg@POPMLINEP@RBTLVXJXFVDVDX@\?ZAtDA|@AZA\ETW~@MZk@Va@@OCWOMOMUIOi@w@a@So@E{Lh@qAFsFj@sInAeOdCoE`@cFJwDImE]eGaAaGiBs@W_HeDkDqBuBiAcCcB}B_BqFsDiF{DkFqEoD{DaDeE}BqDmAkBc@y@wAuCoEsJuBoF_AqCo@wA_AuCqA}DOc@}BiHwAmEQa@Uu@K]MYKWGMGKGIGIGGEEMIOKc@SEAc@e@OUGQEOEQAMAOAQ?S@O@O?GDQFWFWFOFMrAuBHKFGFGHGHGJCHAH?H?H@JDt@NZLPBLBR@NANCLEJGZSjAy@`A_A`AkAb@o@\Ut@gALKJ?FJJ`@BNDV?L?PG`BAP?P?P?P@RJfDi@NG_BIgCAYAOEECAEHIJKNCD@^FxBDrB@f@DRDFBB??JCJAFABG?IEmAh@OKgDAS?Q?Q?Q@QFaB?Q?MEWOIGCI?ODeCnDg@h@g@b@cAp@iB`ASJIDGHIHEHCHYlA?BCvA?P@P@RDRThAf@~Br@|CnB|IrA`G
WF2 0GU,45,873,Carr Gate Garden Centre → Tardis → The Malt Shovel → Ardsley House → Carr Gate Garden Centre,3,8524,879,14min,}hzfIdjjHs@xAWk@[u@`@eBV{@p@m@d@SjBo@|@_@fCgApAi@pBy@HEDChAe@d@Sf@Sj@Wh@UZId@QEo@?_@BYDc@FYJa@R_@PS^YjBcAj@YPIrBkAnB_APIJf@@L?LENc@n@W`@W`@SXo@jASZ}@dBgBjD{@xAw@~@}EnHOTa@n@J`@BNDV?L?PG`BAP?P?P?P@RJfDi@NG_BIgCAYAOEECAEHIJKNCD@^FxBDrB@f@DRDF??BBJCJAFABG?IEmAh@OKgDAS?Q?Q?Q@QFaB?Q?MEWOIGCI?ODeCnDg@h@g@b@cAp@iB`ASJIDGHIHEHCHYlA?BOt@ETELEHGJcBvBGHIHIDIBIBI@K?OAEAc@e@OUGQEOEQAMAOAQ?S@O@O?GDQFWFWFOFMrAuBHKFGFGHGHGJCHAH?H?H@JDt@NZLPBLBR@NANCLEJGZSjAy@`A_A`AkAb@o@pB}CbCqDFM^_AVe@L_@FYDY@W@YAYMoAe@P[Hi@Tk@Vg@Re@RiAd@EBIDqBx@qAh@FjAaC|@MaAfCgApAi@pBy@HEDChAe@d@SBAb@Qj@Wh@UZId@QEo@?_@BYDc@FYJa@R_@PS^YjBcAj@YPIrBkAnB_APIJf@@L?LENc@n@W`@W`@SXo@jASZ}@dBgBjD{@xAw@~@}EnHOTa@n@a@h@eCnDg@h@g@b@cAp@iB`ASJIDGHIHEHCHYlA?BOt@ETELEHGJcBvBGHIHIDIBIBI@K?OAEAk@Ka@OQEOAM@OBMDOFYTQNSNa@Li@d@[Re@Ta@LC@kAZcA\kB|@WPo@d@m@b@]\[`@a@j@_@l@MVS^Up@EP~@LVk@g@eALW^m@`@k@Za@\]l@c@n@e@VQjB}@bA]jA[d@Od@UZSh@e@Ta@`AaAf@a@V]JMDIDKDQDOF]?GDQFWFWFOFMrAuBHKFGFGHGHGJCHAH?H?H@JDt@NZLPBLBR@NANCLEJGZSjAy@`A_A`AkAb@o@pB}CbCqDFM^_AVe@L_@FYDY@W@YAYMoAe@P[Hi@Tk@Vg@Re@RiAd@EBIDqBx@qAh@gCfA}@^kBn@e@Rq@l@Wz@a@dBZt@Vj@r@yA
WF2 0GU,45,874,Carr Gate WMC → The Malt Shovel → Gardener's Retreat Restaurant → Tardis → Carr Gate WMC,3,4259,484,8min,sqyfI`riHDz@BnBk@Vc@PC@e@RiAd@EBIDqBx@qAh@gCfA}@^_Bh@KDe@Rq@l@Wz@a@dBIf@Hg@`@eBV{@p@m@d@SjBo@|@_@fCgApAi@pBy@HEDChAe@d@Sf@Sj@Wh@UZId@QEo@?_@BYDc@FYJa@R_@PS^YjBcAj@YPIrBkAnB_APIJf@@L?LENc@n@W`@W`@SXo@jASZ}@dBgBjD{@xAw@~@}EnHOTa@n@J`@BNDV?L?PG`BAP?P?P?P@RJfDi@NG_BIgCAYAOEECAEHIJKNCD@^FxBDrB@f@DRDF??BBJCJAFABG?IEmAh@OKgDAS?Q?Q?Q@QFaB?Q?MEWOIGCI?ODeCnDg@h@g@b@cAp@iB`ASJIDGHIHEHCHYlA?BOt@ETELEHGJcBvBGHIHIDIBIBI@K?OAEAc@e@OUGQEOEQAMAOAQ?S@O@O?GDQFWFWFOFMrAuBHKFGFGHGHGJCHAH?H?H@JDt@NZLPBLBR@NANCLEJGZSjAy@`A_A`AkAb@o@pB}CbCqDFM^_AVe@L_@FYDY@W@YAYMoAe@P[Hi@TCoBE{@
WF2 0GU,45,875,Chantry Vets → Sun Bo → Kylies Sandwich Bar & Custom Cakes → Mill View Stores → Chantry Vets,3,1337,313,5min,ofufIr}iHFGHILSFHRTdAwCFSb@~@Zn@JSFSGEi@}@BDd@v@FDGRKR[o@c@_AGReAvCg@zAg@|AMZM\]v@q@fBGLZl@P[QZ[m@FMPg@^_A\w@L]L[f@}Af@{AdAwCFSb@~@Zn@BHRb@HTNVLVLVTfAj@Sk@RESOs@MWMWOWIUSc@CI[o@c@_AGReAvCSUGIMRIHGF
WF2 0GU,45,876,China And Thai Express → BP Manor Service Station → Restyle Fitness → East Ardsley Express → China And Thai Express,3,1592,353,5min,sm{fId{kHKo@CQKy@]cCZNJ@ZDZ@L?n@Al@AR_@f@dAOZGN_AMw@pCa@lCg@iDCQKy@]cCZNJ@Be@EA[K`@LCd@KA[Og@a@[Yk@c@WOQK]O_@OoAm@UKqBe@@TJrAJpAKqAKsAAUfAVh@LTJnAl@^N\NPJVNj@b@ZXf@`@ZNJ@ZDZ@L?n@Al@AUp@EPw@pCa@lC[yB
WF2 0GU,45,877,Conroyds Fish and Chips → The Wren Cafe → The New Pot Oil → Wrenthorpe Methodist Church → Conroyds Fish and Chips,3,1856,273,4min,uwvfIvphHy@nDEJW|@MTORYR_@LODYHI@UBc@E{B_@g@UGIn@}DL{@@AH_@Po@PJXLn@VJLf@v@T\JHDBH?FADIHSpAeFJ_@Rk@Pc@DMVq@Pc@Ds@VPt@v@PT]xAY|@o@dBUl@aAbEEJW|@MTORYR_@LODIBODI@UBc@E{B_@g@UGIY[[U}@a@FYb@eATy@Ux@O\Sf@GX|@`@ZTXZFHf@TzB^b@DTCHAXINE^MXSNSLUV}@DKx@oD
WF2 0GU,45,878,Country Kitchen → Outwood Primary Academy Kirkhamgate → The Star Inn → Shawfold Cars → Country Kitchen,3,1686,298,4min,sowfIhfnHIHw@v@Mc@Om@]}CE]Kq@SyACK?AOkA_@qCcAf@[yAJIKHZxAbAg@^pCNlABJRxAJp@D\\|CNl@Lb@yAzAi@l@ORs@aAKMAu@F]?IOs@Nr@?HG\@t@~@nANSh@m@xA{Av@w@TSd@c@pBeANGHEb@UPI\U^Wp@k@JVDVDf@@FCz@Jj@DXEYKk@B{@Go@EWKWq@j@_@V]TQHc@TIDOFqBdAe@b@KH
WF2 0GU,45,879,Curry Pot → Blue Marlin Fisheries → Mill View Stores → Kylies Sandwich Bar & Custom Cakes → Curry Pot,3,1206,256,4min,kaufIfviHYx@GReAvCg@zAGIWKVJFHJWZcAdAwCFSb@~@Zn@BHRb@HTNVLVLVTfAj@Sk@RESOs@MWMWOWIUSc@CI[o@c@_AGReAvCg@zAg@|AMZM\]v@q@fBGLZl@P[QZ[m@FMPg@^_A\w@L]L[f@}Af@{AdAwCFSXy@
WF2 0GU,45,880,Cyrus Guys → St Michaels Church → R H Binks And Sons → Methodist Church → Cyrus Guys,3,1853,301,5min,io{fIjbmH@u@BoD?GBaE?U@yABw@B{@Bq@Bo@FeA@SDu@y@BeAZWTUV}@p@}@f@AI{DbAGXNfANTHFFn@Go@IGOUOgAFYtA_@dBc@@H|@g@|@q@TWVUdA[x@CLiAFy@NaBg@iDCQIs@AE]cCZNJ@ZDZ@L?n@Al@AUp@EPw@pCa@lCWzCMhAEt@ARGdACn@Cp@Cz@Cv@AxA?TC`E?FCnDAt@
WF2 0GU,45,881,Declans → Wrenthorpe Club → The Lawrence → Wrenthorpe Academy → Declans,3,1574,261,4min,eaxfIb`hHpA`ATN\Tj@^G^I@??WQODLu@]UUO_CeB_@h@CBW^uA~BmAtBKPe@iAIUEO?O@OBSZm@DED@HNIOEAED[l@CRAN?NDNHTLZVl@JQlAuBtA_CV_@BC^i@~BdBTN\Tj@^|@n@`BpAZXj@z@Z_AXcAb@_BBIHS??IRCHc@~AYbA[~@k@{@[YaBqA}@o@k@_@]UUOqAaA
WF2 0GU,45,882,Driver Training Area → Cardigan House → West Yorkshire Police Learning & Development Centre → West Yorkshire Police Bishopgarth House → Driver Training Area,3,27897,1369,22min,qvyfIzhlH\|AtAxDbCzFbCdFbAjBb@x@bAjBnCrD|CfEjDpDxFdFfMjJzBxA`CrAtBfAtDrBtG`Dn@R~FjBlGhAdE\xDDvEOnE[hOcClImApBYzRuF^OZSPMNQNUj@{ARg@POPMLINEP@RBTLVXJXFVDVDX@\?ZAtDA|@AZA\ETW~@MZk@Va@@OCWOMOMUIOi@w@a@So@E{Lh@qAFsFj@sInAeOdCoE`@cFJwDImE]eGaAaGiBs@W_HeDkDqBuBiAcCcB}B_BqFsDiF{DkFqEoD{DaDeE}BqDmAkBc@y@wAuCoEsJuBoF_AqCo@wA_AuCqA}DOc@}BiHwAmEQa@Uu@K]MYKWGMGKGIGIGGEEMIOKc@SEAc@e@OUGQEOEQAMAOAQ?S@O@O?GDQFWFWFOFMrAuBHKFGFGHGHGJCHAH?H?H@JD^\JNFJDLDLBPBN@N@P?P?P?P?BCvA?P@P@RDRThAf@~Br@|CnB|IrA`Gj@fCR|@vAlGtAxDbCzFbCdFbAjBb@x@bAjBnCrD|CfEjDpDxFdFfMjJzBxA`CrAtBfAtDrBtG`Dn@R~FjBlGhAdE\xDDvEOnE[hOcClImApBYzRuF^OZSPMNQNUj@{ARg@POPMLINEP@RBTLVXJXFVDVDX@\?ZAtDA|@AZA\ETW~@MZk@Va@@OCWOMOMUIOi@w@a@So@E{Lh@qAFsFj@sInAeOdCoE`@cFJwDImE]eGaAaGiBs@W_HeDkDqBuBiAcCcB}B_BqFsDiF{DkFqEoD{DaDeE}BqDmAkBc@y@wAuCoEsJuBoF_AqCo@wA_AuCqA}DOc@}BiHwAmEQa@Uu@K]MYKWGMGKGIGIGGEEMIOKc@SEAc@e@OUGQEOEQAMAOAQ?S@O@O?GDQFWFWFOFMrAuBHKFGFGHGHGJCHAH?H?H@JD^\JNFJDLDLBPBN@N@P?P?P?P?BCvA?P@P@RDRThAf@~Br@|CnB|INn@nBxIR|@vAlGtAxDbCzFbCdFbAjBb@x@bAjBnCrD|CfEjDpDxFdFfMjJzBxA`CrAtBfAtDrBtG`Dn@R~FjBlGhAdE\xDDvEOnE[hOcClImApBYzRuF^OZSPMNQNUj@{ARg@POPMLINEP@RBTLVXJXFVDVDX@\?ZAtDA|@AZA\ETW~@MZk@Va@@OCWOMOMUIOi@w@a@So@E{Lh@qAFsFj@sInAeOdCoE`@cFJwDImE]eGaAaGiBs@W_HeDkDqBuBiAcCcB}B_BqFsDiF{DkFqEoD{DaDeE}BqDmAkBc@y@wAuCoEsJuBoF_AqCo@wA_AuCqA}DOc@}BiHwAmEQa@Uu@K]MYKWGMGKGIGIGGEEMIOKc@SEAc@e@OUGQEOEQAMAOAQ?S@O@O?GDQFWFWFOFMrAuBHKFGFGHGHGJCHAH?H?H@JDt@NZLPBLBR@NANCLEJGZSjAy@`A_A`AkAb@o@\Ut@gALKJ?FJJ`@BNDV?L?PG`BAP?P?P?P@RJfDi@NG_BIgCAYAOEECAEHIJKNCD@^FxBDrB@f@DRDFBB??JCJAFABG?IEmAh@OKgDAS?Q?Q?Q@QFaB?Q?MEWOIGCI?ODeCnDg@h@g@b@cAp@iB`ASJIDGHIHEHCHYlA?BCvA?P@P@RDRThAf@~Br@|CnB|I~BhKR|@x@nD
WF2 0GU,45,883,DVSA Wakefield Test Center → Silkwood Farm → Total Fitness → Amazon DLS4 → DVSA Wakefield Test Center,3,2654,461,7min,oetfIremH@E?C?EA_@LEBABA@CTgALo@VR\ZPaA??Q`A][WSMn@oB_BlA_GXq@J[HWn@z@zB`CLJD@D?LEDAJEF?B?HF@BDHDN@RAPEPGLIDK@OFEHEJ{AbHKd@SdAI`@Gd@Kx@CXKfAA`@?LBNBP??FTBBLDH@F@D?NIDEHILOLUFIPa@Pg@DMDMFWPo@@KNq@ViAD]DIDIHIAOAECC_@Y_Aw@~ApABB@D@NCNGNABEHGLWhAOp@AJQn@GVELELQf@Q`@GHMTMNIHEDOHEBEFEDIPANENGHWFECIIEMCOAQBQDOBCJ[BMBMBM@a@JgABYJy@Fe@Ha@ReAJe@zAcH@K?G?EAa@CQEUAMEIKU{BaCo@{@IVKZYp@mA~FWlAAFS~@GTSdAi@dCc@nBKIEEC?AC?E@Ef@cC^gBJHNJReAFUR_A@GVmAnB~AUfAABC@C@MD@^?D?BAD
WF2 0GU,45,884,East Ardsley Community Centre → Main Street Fisheries → China And Thai Express → St Michaels Church → East Ardsley Community Centre,3,2131,434,7min,m}{fIzjkHNLpBd@TJnAl@^N\NPJVNj@b@ZXf@`@ZNJ@Be@a@M??`@LCd@ZDZ@L?n@Al@AUp@EPw@pCa@lC[yBKo@CQKy@]cCZNJ@ZDZ@L?n@Al@AUp@EPw@pCa@lCWzCMhAy@BeAZWTUV}@p@}@f@AI{DbAGXNfANTHFFn@Go@IGOUOgAFYtA_@dBc@@H|@g@|@q@TWVU]GYIY[S]Og@Ok@Kq@Gs@Iy@Ew@GkAC]?]@c@@a@Dc@b@qDoAm@UKqBe@OM
WF2 0GU,45,885,East Ardsley Conservative Club → BP Manor Service Station → East Ardsley Express → St Michaels Church → East Ardsley Conservative Club,3,2187,466,7min,mo{fI`zkHB?d@]Ky@]cCZNJ@ZDZ@L?n@Al@AR_@f@dAOZGN_AMw@pCa@lCg@iDCQKy@]cCg@a@[Yk@c@WOQK]O_@OoAm@UKqBe@@TJrAJpAKqAKsAAUfAVh@LTJnAl@c@pDEb@A`@Ab@?\B\FjADv@Hx@Fr@Jp@Nj@Nf@R\XZXH\FWTUV}@p@}@f@AI{DbAGXNfANTHFFn@Go@IGOUOgAFYtA_@dBc@@H|@g@|@q@TWVUdA[x@CLiAV{Cg@iDCQe@\C?
WF2 0GU,45,886,East Ardsley Express → Main Street Fisheries → China And Thai Express → The Bay Horse → East Ardsley Express,3,1427,308,5min,uz{fI`lkHh@LTJnAl@^N\NPJVNj@b@ZXf@`@ZNJ@Be@a@M??`@LCd@ZDZ@L?n@Al@AUp@EPw@pCa@lC[yBKo@CQKy@]cCZNJ@ZDZ@L?n@Al@AR_@LWQSR_AJk@BMCLKj@S~@??PRMVS^Up@EPw@pCa@lCg@iDCQKy@]cCg@a@[Yk@c@WOQK]O_@OoAm@UKi@M
WF2 0GU,45,887,East Ardsley Luncheon Club → Main Street Fisheries → China And Thai Express → St Michaels Church → East Ardsley Luncheon Club,3,2133,448,7min,y|{fIjlkHAKAUpBd@TJnAl@^N\NPJVNj@b@ZXf@`@ZNJ@Be@a@M??`@LCd@ZDZ@L?n@Al@AUp@EPw@pCa@lC[yBKo@CQKy@]cCZNJ@ZDZ@L?n@Al@AUp@EPw@pCa@lCWzCMhAy@BeAZWTUV}@p@}@f@AI{DbAGXNfANTHFFn@Go@IGOUOgAFYtA_@dBc@@H|@g@|@q@TWVU]GYIY[S]Og@Ok@Kq@Gs@Iy@Ew@GkAC]?]@c@@a@Dc@b@qDoAm@UKqBe@@T@J
WF2 0GU,45,888,East Ardsley Post Office → BP Manor Service Station → Main Street Fisheries → St Michaels Church → East Ardsley Post Office,3,1665,356,5min,_m{fIv`lHFw@`@mCv@qCDQTq@R_@f@dAOZGN_AMw@pCa@lCg@iDCQKy@]cCZNJ@Be@a@M??`@LCd@ZDZ@L?n@Al@AUp@EPw@pCa@lCWzCMhAy@BeAZWTUV}@p@}@f@AI{DbAGXNfANTHFFn@Go@IGOUOgAFYtA_@dBc@@H|@g@|@q@TWVUdA[x@CLiANcB
WF2 0GU,45,889,Esso → Toyota Vantage → Total Fitness → Ramada → Esso,3,2160,416,6min,ersfIhmmHSj@QJSYHQb@iAD_@\_ABQA_@q@gAw@m@KEMGPeAHM\KHYNm@BETmADMB?BB@DYtABOTeAAECCC?ELUlACDOl@IX]JILQdAo@_@e@e@[_@SU_@m@KMEECAKCIDK@OFEHEJ{AbHKd@SdAI`@Gd@Kx@CXKfAA`@?LBNBP??FTBBLDH@F@D?NIDEHILOLUFIPa@Pg@DMDMFWPo@@KNq@ViAD]DIDIHIAOAECC_@Y_Aw@~ApABB@D@NCNGNABEHGLWhAOp@AJQn@GVELELQf@Q`@GHMTMNRbAb@eADCb@j@DHEL[bA??EBMSCCEEQWAKScAIHEDOHEBEFEDIPANEN?\?B?HBRH\DLFNVf@HN^j@VPLDD@B?B?NEzCuHPg@Rc@JS`@w@TWVk@HQb@iAHLH^GN
WF2 0GU,45,890,Flanshaw Lodge → The Eagle → Alverthorpe Working Mens Club → GJH Commercial Vehicle Services Ltd → Flanshaw Lodge,3,2911,444,7min,u{sfIzrjHMa@Ee@lAiATKEWEQISGO_@t@MVIN[h@QVYRSPa@X??EBSPA@YPKHQJYJC?SBY?OAQCYMi@Y_@MkB]s@Oc@Kc@MGAu@YQMKKn@{DD^i@fDPLt@XF@b@Lb@J~Cl@AfD?nCAr@?lAA|C?V?XErK?H?hA?|@AjAB`AFr@BRcAb@KBSDYBYBWAeACo@A?{A?M@uBm@?M?EBCH?d@BHDDZ?[?EECI?e@BIDCL?V?T?AtB?L?zAn@@dABV@XCXCREJCbAc@CSGs@CaA@kA?}@?iA?IDsK?Y?W@}C?mA@s@?oC@gD^Lh@XXLPBN@X?RCB?XKPKJIZSRQDC??`@YRQXSPWZi@HOLW^u@FNHRDPDVUJmAhADd@L`@
WF2 0GU,45,891,Flanshaw United Reformed Church → Alverthorpe Working Mens Club → GJH Commercial Vehicle Services Ltd → Mill View Stores → Flanshaw United Reformed Church,3,3583,526,8min,k}sfIttjHe@MMBGACGESG]EBSP[RKHQJYJC?SBY?OAQCYMi@Y_@MkB]s@Oc@Kc@MGAu@YQMKKn@{DD^i@fDPLt@XF@b@Lb@J~Cl@AfD?nCAr@?lAA|C?V?XErK?H?hA?|@AjAB`AFr@BRcAb@KBSDYBYBWAeACo@A?{A?M@uBm@?M?EBCH?d@BHDDZ?[?EECI?e@BIDCL?V?T?AtB?L?zAn@@dABV@XCXCREJCbAc@CSGs@CaA@kA?}@?iA?IDsK?Y?W@}C?mA@s@?oC@gD_Dm@c@Kc@MGAu@YQMKKi@g@QOUMMIUMOK_@YYa@Wg@[w@CIWe@CIKSGUQk@CIESOs@MW|@aBH[CUMSLRBTIZ}@`BLVTfABHPj@FTJRBHVd@BHZv@Vf@X`@^XNJTLLHTLPNh@f@JJPLt@XF@b@Lb@J~Cl@^Lh@XXLPBN@X?RCB?XKPKJIZSRQDCF\DRBFF@LCd@L
WF2 0GU,45,892,Fusion Hair Studio → St Michaels Church → R H Binks And Sons → Methodist Church → Fusion Hair Studio,3,1840,308,5min,qn{fIv`mHUABoD?GBaE?U@yABw@B{@Bq@Bo@FeA@SDu@y@BeAZWTUV}@p@}@f@AI{DbAGXNfANTHFFn@Go@IGOUOgAFYtA_@dBc@@H|@g@|@q@TWVUdA[x@CLiAFy@NaBg@iDCQIs@AE]cCZNJ@ZDZ@L?n@Al@AUp@EPw@pCa@lCWzCMhAEt@ARGdACn@Cp@Cz@Cv@AxA?TC`E?FCnDT@
WF2 0GU,45,893,Gardener's Retreat Restaurant → The Malt Shovel → Tardis → Carr Gate WMC → Gardener's Retreat Restaurant,3,4087,490,8min,ggzfIrbjH~Ai@|@_@fCgApAi@pBy@HEDChAe@d@SBAb@Qj@Wh@UZId@QEo@?_@BYDc@FYJa@R_@PS^YjBcAj@YPIrBkAnB_APIJf@@L?LENc@n@W`@W`@SXo@jASZ}@dBgBjD{@xAw@~@}EnHOTa@n@J`@BNDV?L?PG`BAP?P?P?P@RJfDi@NG_BIgCAYAOEECAEHIJKNCD@^FxBDrB@f@DRDF??BBJCJAFABG?IEmAh@OKgDAS?Q?Q?Q@QFaB?Q?MEWOIGCI?ODeCnDg@h@g@b@cAp@iB`ASJIDGHIHEHCHYlA?BOt@ETELEHGJcBvBGHIHIDIBIBI@K?OAEAc@e@OUGQEOEQAMAOAQ?S@O@O?GDQFWFWFOFMrAuBHKFGFGHGHGJCHAH?H?H@JDt@NZLPBLBR@NANCLEJGZSjAy@`A_A`AkAb@o@pB}CbCqDFM^_AVe@L_@FYDY@W@YAYMoAe@P[Hi@TCoBGmAq@LJr@Ks@p@M@PDz@BnBk@Vg@Re@RiAd@EBIDqBx@qAh@gCfA}@^_Bh@
WF2 0GU,45,894,GJH Commercial Vehicle Services Ltd → Alverthorpe Working Mens Club → Ossett Fire Station → Amazon DLS4 → GJH Commercial Vehicle Services Ltd,3,3140,486,8min,wrtfIvykHT?AtB?L?zAn@@dABV@XCXCREJCbAc@CSGs@CaA@kA?}@?iA?IDsK?Y?W@}C?mA@s@?oC@gDkB]s@Oc@Kc@MGAu@YQMKKn@{DD^i@fDPLt@XF@b@Lb@J~Cl@AfD?nCAr@?lAA|C?V?XErK?H?hA?|@AjAB`AFr@BR^jBLl@JdAFrAJ`BVtAV`AVj@Rb@IVKZYp@mA~FWlAAFS~@PJ@@@?@??CH_@??I^?BA?A?AAQKGTSdAi@dCc@nBKIEEC?AC?E@Ef@cC^gBJHNJReAFUR_A@GVmAlA_GXq@J[HWSc@Wk@WaAWuAKaBGsAKeAMm@_@kBcAb@KBSDYBYBWAeACo@A?{A?M@uBU?
WF2 0GU,45,895,Hall Cliffe Primary School → Wrenthorpe Potovens → Jerry Clay Academy → The Well Church (Elim Pentecostal) → Hall Cliffe Primary School,3,4753,496,8min,ayvfIrpiHYC[YM??iB?u@?e@CoACq@Ee@Mg@Mm@Gi@Ci@CSEkBODYHI@UBc@E{B_@g@UGIY[[U}@a@GC}@a@]OQIOOcAaBS[e@s@]g@u@kAk@{@[YaBqA}@o@k@_@]UUO_CeB_@h@CBW^uA~BmAtBKPq@hAGHq@jAaAdBSb@oBxD_AhBcA|AKLCDu@~@}@|@a@XCB_@RJf@@L?LENc@n@W`@fAxEf@|BVjAXt@DJTf@hA`CN`@HRDP@VC^Gb@Id@Mt@IhAE`BBt@LpAb@nDB\^lE^fEHjA\zAlApDbCtIjOi]xHgQjFuL`@aATk@DKDKRc@`@y@Pe@JU^y@`BoD\w@Zu@LYFIFGXSDCRQFEf@g@Mm@Gi@G}@EkBODYHI@UBc@EMNWNINKZI\ITi@XMNEPG^EZOEQCG?USMOReADUj@cDf@TzB^b@DTCHAXINEDjBF|@Fh@Ll@Lf@Dd@Bp@BnA?d@?t@?hBL?ZXXB
WF2 0GU,45,896,Highfield School → Ossett WMC → West Ardsley Methodist Church → The Star Inn → Highfield School,3,16252,1429,23min,}wvfIbusHDb@Jf@Lv@Pp@Pn@L`@HVBD@J@PBP?V@`@?\?jBAdA?v@BZJVt@|Bb@xBJp@XfBLp@J\Rr@Rf@Td@FLPRPLh@\HHLJVk@NUXa@hA[rA_@RGz@Uh@MdAWTbAHVHJJDP@ZCXG\GZKZMZYTUhBoB`@YlA{@b@UdCuAh@@VPJKTSBC\]`@u@`AeCLm@Pu@ZwAPy@b@kBPq@j@cCJ]XeAJ[XcAT_AjBkGFQ|@{CVmAJe@l@iCVeAJq@H{@Do@Du@?e@?M?}@EgACq@QoFBsAJ}E@e@@gAF}B@_@@UD_ADuATcGLoCFwADiAXqGBYT_EJ_CJmF?i@AWAOKYUq@U_@mAqAc@OQAQ?_@LURW\O\Mj@I|@Bx@Dd@SRq@\{@Pa@?c@CsAKaBKw@IIKEQCIA_ACg@Q_BgAoI}@cIEy@SqEGo@Kk@Ou@Uq@Qk@Kc@Eg@Em@Co@Ea@Oo@Oq@Ww@Qk@Ss@WwAYgBOcAGm@C[AM@u@?o@Cw@CsAG}AGo@G_@MWWSQIQGCA_@K[Ua@_@y@_AmAmA_A_AcAqAk@q@m@s@{@u@}@u@qBoBuAuAY][hA_@pAeAlCsAdCQ\cBdDw@lB]t@{@bCaB`E_@z@S\OXYb@i@r@QRq@j@_@V]TQHc@TIDOFqBdAe@b@URw@v@yAzAi@l@OR_@f@SX{BfD]r@Wn@Of@u@`DSt@Sj@Yf@YVYNE@kANmAPO@S?[Ee@IC?Y@]F]HQL]Xa@l@Uf@Od@Qt@Mv@i@vEKl@K\SRe@XyA~@s@p@c@n@Wp@Sv@SlAo@bFYrB_AvDuA~Du@|BCF}@xCc@bBUbAUlA]fB[bAYp@k@|@s@v@oBdBKH_@`@S\Sl@YfA_@hBWhAIX[z@GNe@c@o@_@gAe@NaB|@h@PBJMKLA?OC}@i@O`BfAd@n@^d@b@FOZ{@HYViA^iBXgARm@R]^a@JInBeBr@w@j@}@Xq@ZcA\gBTmATcAb@cB|@yCBGt@}BtA_E~@wDXsBn@cFRmARw@Vq@b@o@r@q@xA_Ad@YRSJ]Jm@h@wELw@Pu@Ne@Tg@`@m@\YPM\I\GXAB?d@HZDR?NAlAQjAODAXOXWXg@Rk@Ru@t@aDNg@Vo@\s@zBgDRY^g@s@aAKMAu@F]?IOs@Nr@?HG\@t@~@nANSh@m@xA{Av@w@TSd@c@pBeANGHEb@UPI\U^Wp@k@PSh@s@Xc@NYR]^{@`BaEz@cC\u@v@mBbBeDP]rAeCdAmC^qAZiAX\tAtApBnB|@t@z@t@l@r@j@p@bApA~@~@lAlAx@~@`@^ZT^JB@PFPHVRLVF^Fn@F|ABrABv@?n@At@@LBZFl@NbAXfBVvARr@Pj@Vv@Np@Nn@D`@Bn@Dl@Df@Jb@Pj@Tp@Nt@Jj@Fn@RpEDx@|@bIfAnIP~ABf@@~@BHDPHJv@H`BJrAJb@B`@?z@Qp@]RSEe@Cy@H}@Lk@N]V]TS^MP?P@b@NlApATRz@XAf@EzAMdEKr@K~BU~DCXYpGEhAGvAMnCUbGEtAE~@ATA^G|BAfAAd@K|ECrAPnFHxB?|@?L?d@Et@En@Iz@Kp@WdAm@hCKd@WlA}@zCGPkBjGU~@YbAKZYdAK\k@bCQp@c@jBQx@[vAQt@Ml@aAdCa@t@]\CBURKJWQi@AeCtAc@TmAz@a@XiBnBUT[X[L[J]FYF[BQAKEIKIWUcAeAVi@L{@TSFsA^iAZY`@OTWj@MKIIi@]QMQSGMUe@Sg@Ss@K]Mq@YgBKq@c@yBu@}BKWC[?w@@eA?kB?]Aa@?WCQAQAKCEIWMa@Qo@Qq@Mw@Kg@Ec@
WF2 0GU,45,897,Hill Top Primary Academy → West Ardsley Book Exchange → West Ardsley Methodist Church → The Mens Room → Hill Top Primary Academy,3,8357,936,15min,clzfIn}rHNTn@bAFHJ@H@D@RZRi@x@}Bn@}Al@eBFOdFcNe@c@o@_@gAe@qBw@qBy@{Aq@QGmEiBk@Sk@SBWDS@S?Q?S@OLaBM`BAN?R?PARERCVTHTHj@RlEhBPFzAp@pBx@pBv@NaB|@h@PBJMKLA?OC}@i@O`BqBw@qBy@{Aq@QGmEiBk@Sk@S{Ai@{@Wo@Uu@e@e@[CC]YuAoAkAaAs@i@gAaAGE[Wk@a@cDgCu@g@SGQEc@IKAeBS_@Go@OsB]SEQA?m@AaAA]E{@IaAKiBQ_CE}@AQAQIsAIqAAWMoBGaAIaAUeBYwB]oCe@uBi@mCMs@Gk@u@oH]mDOuAY{BIk@CSIs@OuA_AmHKcAKu@Ic@Rg@P]V_@V_@NMVU~@i@\Qn@UVIj@MZGn@StAq@fBy@\Q`@Sp@]z@g@vBoAh@a@XYP_@DIP}@De@FkABgA@m@zAHHAFEDGDMBSBaClALFDFHBJ@H?FALEJEDIDoA^CRELEFGDI@{AIEtBGjAEd@Q|@EHQ^YXi@`@wBnA{@f@q@\a@R]PgBx@uAp@o@R[Fk@LWHo@T]P_Ah@WTOLW^W^Q\Sf@Hb@Jt@JbA~@lHNtAHr@BRHj@XzBNtA\lDt@nHFj@Lr@h@lCd@tB\nCXvBTdBH`AF`ALnB@VHpAHrA@P@PD|@P~BJhBH`ADz@@\@`A?l@P@RDrB\n@N^FdBRJ@b@HPDRFt@f@bDfCj@`@ZVFDfA`Ar@h@jA`AtAnA\XBBd@Zt@d@n@Tz@VzAh@j@Rj@RlEhBPFzAp@pBx@pBv@fAd@n@^d@b@eFbNGNm@dBo@|Ay@|BSh@S[EAIAKAGIo@cAOU
WF2 0GU,45,898,Holiday Inn → Shell Select → Ramada → Total Fitness → Holiday Inn,3,2308,396,6min,gpsfItwmH|@`@ENGPc@l@KNKPEBEJs@`A]aAEIQm@q@_CYoAG[?K@QJS`@w@@[Ea@BS@CHU@C??RATZb@iAD_@\_ABQA_@q@gAw@m@KEMGo@_@e@e@[_@SU_@m@KMEECAKCIDK@OFEHEJ{AbHKd@SdAI`@Gd@Kx@CXKfAA`@?LBNBP??FTBBLDH@F@D?NIDEHIRbAb@eADCb@j@DHEL[bA??EBMSCCEEQWAKScALOLUFIPa@Pg@DMDMFWPo@@KNq@ViAD]DIDIHIAOAECC_@Y_Aw@~ApABB@D@NCNGNABEHGLWhAOp@AJQn@GVELELQf@Q`@GHMTMNIHEDOHEBEFEDIPANEN?\?B?HBRH\DLFNVf@HN^j@VPLDD@B?B?NEzCuHRMVCXnAp@~BPl@DHZi@DCHDZRNFDCJQJOb@m@FQDO}@a@
WF2 0GU,45,899,Hong Kong Vegan → Wrenthorpe Academy → Spot on Dog Grooming → The Wheel → Hong Kong Vegan,3,1540,201,3min,wowfIdngHe@Tq@^c@Xu@f@E@eBbAo@`@m@d@s@v@s@~@wBzC~BdBTN\Tj@^|@n@`BpAZXj@z@Z_AXcAb@_BBIHS??IRCHc@~AYbA[~@k@{@[YaBqACAy@m@k@_@]UUO_CeBfA{An@_Ar@_Ar@w@l@e@n@a@dBcADAt@g@b@Yp@_@d@U
WF2 0GU,45,900,JB's Cafe & Bistro → Ossett Flushdyke Junior and Infant School → Spring Mill Golf Course → Ramada → JB's Cafe & Bistro,3,10890,1053,17min,{gtfIl}oHGVIz@I?IM?yAWBGDI?GAIGUq@U_@mAqAc@OQAQ?_@LURW\O\Mj@I|@Bx@Dd@X`@RLRAPGLQJUlA{DJa@p@sBt@aBzDkIFMP_@VaADg@?c@A]E[G]Ia@IOGYG]A[AW?W@wD@y@@[@YD]H[Rg@POPMLINEP@RBTLVXJXFVDVDX@\?ZAtDA|@AZA\ETW~@MZa@fAcAxBkAjCkDhHq@zAq@nBy@bDWvAAFW|AQ`BQjBGlAIdCEvCGnEQnLIdCSvC_@|De@vCg@tBs@dCqAvCwL`SwBhDmDxF{AhCiBbD{@lBoB`Fq@xBe@xBg@xCYpCKzAG`BChCD|BRlDXrCj@`Ev@bDr@tCLRLHP@HCVAJ@FBFFFJFVBLFf@@H?PAPEPELIHGDGBk@EEAGEGGEKEMCS?U?]UmAaAmDq@cDm@eE[sCSoDCu@AiA@kCDcBJ}AToCd@_Dh@qBp@cCvBuFx@kBbBkDrAgChHiL`H}KnCoErAyCr@uBj@wBf@uCd@uDRuCHoCNkLDwBFwFAi@BoANgCDu@?c@A[ESCOM_@Oe@G[Gc@Ee@Cy@H}@Lk@N]V]TS^MP?P@b@NlApATRz@XAf@EzAMdEKr@K~BxBdA\M^q@h@y@fAmAn@k@RWf@u@hCcDHKHEH@H@JDHHFJDNh@|BVjAFVFPVf@`A|AJB@?NGDGDGXm@Pa@JQHEHKj@u@`@o@BGhA{BP[ZWDCDCNE^KLARMz@s@TWDEDMBAt@c@ZKUyA[eCcBkM{@qECOkAgFYaA{@_DK]sCoHk@}ASi@]aAEIQm@q@_CYoAG[?K@QJS`@w@TWVk@HQb@iAD_@\_ABQA_@q@gAw@m@KEMGo@_@e@e@[_@SU_@m@KMEECAKCIDK@OFEHEJ{AbHKd@SdAI`@Gd@Kx@CXKfAA`@?LBNBP??FTBBLDH@F@D?NIDEHIRbAb@eADCb@j@DHEL[bA??EBMSCCEEQWAKScAIHEDOHEBEFEDIPANEN?\?B?HBRH\DLFNVf@HN^j@b@p@BBDHBDDJ@N@PAN[x@Yz@K`@E\C\?b@B\Db@Jp@JXFVDVDX@\?ZAtDA|@AZA\ETW~@MZa@fAcAxBkAjCuBjFIn@GfAGlAA\CbBAf@EzA\EHLH?H{@FW
WF2 0GU,45,901,Jerry Clay Academy → Hall Cliffe Primary School → The Well Church (Elim Pentecostal) → Sunnyhill Stores → Jerry Clay Academy,3,2691,363,6min,_iwfIlwiHDKDKRc@`@y@Pe@JU^y@`BoD\w@Zu@LYFIFGXSDCRQFEf@g@Lf@Dd@Bp@BnA?d@?t@?hBL?ZXXB@?[C[YM??iB?u@?e@CoACq@Ee@Mg@Mm@Gi@G}@EkBODYHI@UBc@EMNWNINKZI\ITi@XMNEPG^EZOEQCG?USMOReADUj@cDf@TzB^b@DTCHAXINEDjBF|@Fh@Ll@Lf@Dd@Bp@BnA?d@?t@?hB?rB?zA?HDzCDdFBzA@T@hAFlF_@PO@EDCFCLBMBGDENA??^QGmFAiAAUC{AEeFE{C?I?{A?sB?iB?u@?e@CoACq@Ee@Mg@g@f@GDSPEBYRGFGHMX[t@]v@aBnD_@x@KTQd@a@x@Sb@EJEJ
WF2 0GU,45,902,Kirkhamgate Fisheries → Village Stores → Outwood Primary Academy Kirkhamgate → The Star Inn → Kirkhamgate Fisheries,3,1735,315,5min,{cwfIn`nHAQEWKWq@j@_@V]TQHc@TIDOFqBdA_@wBm@\OH|@g@^vBe@b@URw@v@Mc@Om@]}CE]Kq@SyACK?AOkA_@qCcAf@[yAJIKHZxAbAg@^pCNlABJRxAJp@D\\|CNl@Lb@yAzAi@l@ORs@aAKMAu@F]?IOs@Nr@?HG\@t@~@nANSh@m@xA{Av@w@TSd@c@pBeANGHEb@UPI\U^Wp@k@JVDV@P
WF2 0GU,45,903,Kirkhamgate Village Hall → The Star Inn → Outwood Primary Academy Kirkhamgate → Shawfold Cars → Kirkhamgate Village Hall,3,1831,321,5min,iswfIdbnHTrBNl@Lb@yAzAi@l@ORs@aAKMAu@F]?IOs@Nr@?HG\@t@~@nANSh@m@xA{AMc@Om@]}CE]Kq@SyACK?AOkA_@qCcAf@[yAJIKHZxAbAg@^pCNlABJRxAJp@D\\|CNl@Lb@v@w@TSd@c@pBeANGHEb@UPI\U^Wp@k@JVDVDf@@FCz@Jj@DXEYKk@B{@Go@EWKWq@j@_@V]TQHc@TIDOFqBdAe@b@URw@v@Mc@Om@UsB
WF2 0GU,45,904,"Kirkhamgate Village Hall, Brandy Carr Road → Outwood Primary Academy Kirkhamgate → The Star Inn → Shawfold Cars → Kirkhamgate Village Hall, Brandy Carr Road",3,1686,298,4min,qswfI`anH?EE]Kq@SyACK?AOkA_@qCcAf@[yAJIKHZxAbAg@^pCNlABJRxAJp@D\\|CNl@Lb@yAzAi@l@ORs@aAKMAu@F]?IOs@Nr@?HG\@t@~@nANSh@m@xA{Av@w@TSd@c@pBeANGHEb@UPI\U^Wp@k@JVDVDf@@FCz@Jj@DXEYKk@B{@Go@EWKWq@j@_@V]TQHc@TIDOFqBdAe@b@URw@v@Mc@Om@]wC
WF2 0GU,45,905,Kowloon → Alverthorpe Garage → Mill View Stores → Sun Bo → Kowloon,3,1187,267,4min,ajufIbijHb@iA\w@L]L[f@}Af@{AdAwCFSb@~@Zn@BH}AlCu@rAIHO@]I\HNAHIP[b@w@|AmCRb@HTNVLVLVTfAj@Sk@RESOs@MWMWOWIUSc@CIJSFSGEi@}@BDd@v@FDGRKR[o@c@_AGReAvCg@zAg@|AMZM\]v@c@hA
WF2 0GU,45,906,Kylies Sandwich Bar & Custom Cakes → Alverthorpe Garage → Mill View Stores → Sun Bo → Kylies Sandwich Bar & Custom Cakes,3,1179,266,4min,}iufIxhjH^_A\w@L]L[f@}Af@{AdAwCFSb@~@Zn@BH}AlCu@rAIHO@]I\HNAHIP[b@w@|AmCRb@HTNVLVLVTfAj@Sk@RESOs@MWMWOWIUSc@CIJSFSGEi@}@BDd@v@FDGRKR[o@c@_AGReAvCg@zAg@|AMZM\]v@_@~@
WF2 0GU,45,907,Lindale Methodist Church → The Star Inn → Outwood Primary Academy Kirkhamgate → Shawfold Cars → Lindale Methodist Church,3,1801,318,5min,aswfIncnHLhANl@Lb@yAzAi@l@ORs@aAKMAu@F]?IOs@Nr@?HG\@t@~@nANSh@m@xA{AMc@Om@]}CE]Kq@SyACK?AOkA_@qCcAf@[yAJIKHZxAbAg@^pCNlABJRxAJp@D\\|CNl@Lb@v@w@TSd@c@pBeANGHEb@UPI\U^Wp@k@JVDVDf@@FCz@Jj@DXEYKk@B{@Go@EWKWq@j@_@V]TQHc@TIDOFqBdAe@b@URw@v@Mc@Om@MiA
WF2 0GU,45,908,Lofthouse Colliery Disaster Memorial → Sunnyhill Stores → Low Laithes Golf Course → Alverthorpe St Paul's CofE (VA) School → Lofthouse Colliery Disaster Memorial,3,8486,1128,18min,_hvfIr~kHVu@sAeC]u@k@qAQ]qAoCIQ{@eBQi@GUkCgKyAsFIc@Ec@Ee@CcA_@PO@EDCFCLBMBGDENA??^QBbADd@Db@Hb@xArFjCfKFTPh@z@dBHPpAnCP\j@pA\t@rAdCBIbAmBb@i@~@cAdB{Ap@i@Z_@Vc@Pi@V}@d@sBp@aCV_A|BsGvBwEr@iBr@gB^aAFMp@gB\w@L]L[f@}Af@{AdAwCFSb@~@Zn@BHRb@HTNVLVLVTfABHPj@FTJRBHVd@BHZv@Vf@X`@^XNJTLLHTLPNh@f@JJPLt@XF@b@Lb@J~Cl@AfD?nCAr@?lAA|C?V?XErK?H?hA?|@AjAB`AFr@BR^jBLl@JdAFrAJ`BVtAV`AVj@Rb@IVKZYp@mA~FWlAAFS~@GTSdAi@dCc@nB_A|EILKBMEY]qAeAUGIEKGGIGQAKAO?MHwBHwB@a@?OJwDBa@PuBJmADOFIL?DBNNRRZZ@FAPEFCDy@xDGFE?KIECk@fDA`@BT@PCp@?`@EbB?F@XBLHVLLPTpAdAZNLDH@HE~@}Eb@oBh@eCReAFUR_A@GVmAlA_GXq@J[HWSc@Wk@WaAWuAKaBGsAKeAMm@_@kBCSGs@CaA@kA?}@?iA?IDsK?Y?W@}C?mA@s@?oC@gD_Dm@c@Kc@MGAu@YQMKKi@g@QOUMMIUMOK_@YYa@Wg@[w@CIWe@CIKSGUQk@CIUgAMWMWOWIUSc@CI[o@c@_Ab@qAZw@MUKKQIQG[IQCSGMEQKY[g@g@SWy@oAGEKCQl@c@`AEd@Er@ETIVKXERGTEX@\Ap@AXGVILDZBV?R@RGd@A\CTCB??C?B?BCBU@]Fe@AS?SCWE[HMFW@Y@q@A]DYFUDSJYHWDUDs@De@b@aAPm@JBFDx@nARVf@f@XZPJLDRFPBZHPFPHJJLT[v@c@pAGReAvCg@zAg@|AMZM\]v@q@fBGL_@`As@fBs@hBwBvE}BrGW~@q@`Ce@rBW|@Qh@Wb@[^q@h@eBzA_AbAc@h@cAlBCHWt@
WF2 0GU,45,909,Low Laithes Golf Course → Amazon DLS4 → Ossett Fire Station → GJH Commercial Vehicle Services Ltd → Low Laithes Golf Course,3,2773,583,9min,cttfI|emHJwDBa@PuBJmADOFIL?DBNNRRZZ@FAPEFCDy@xDGFE?KIECk@fDA`@BT@PCp@?`@EbB?FnC~BDFFBLGDIr@gDBCAC?E@Ef@cC^gBJHNJReAFUPJ@@@?@??CH_@??I^?BA?A?AAQKR_A@GVmAlA_GXq@J[HWSc@Wk@WaAWuAKaBGsAKeAMm@_@kBcAb@KBSDYBYBWAeACo@A?{A?M@uBm@?M?EBCH?d@BHDDZ?[?EECI?e@BIDCL?V?T?AtB?L?zAn@@dABV@XCXCREJCbAc@^jBLl@JdAFrAJ`BVtAV`AVj@Rb@IVKZYp@mA~FWlAAFS~@GTSdAi@dCc@nB_A|EILKBMEY]qAeAUGIEKGGIGQAKAO?MHwBHwB@a@?O
WF2 0GU,45,910,Main Street Fisheries → China And Thai Express → The Bay Horse → East Ardsley Express → Main Street Fisheries,3,1637,363,6min,co{fIbrkH`@LCd@ZDZ@L?n@Al@AUp@EPw@pCa@lC[yBKo@CQKy@]cCZNJ@ZDZ@L?n@Al@AR_@LWQSR_AJk@BMCLKj@S~@??PRMVS^Up@EPw@pCa@lCg@iDCQKy@]cCg@a@[Yk@c@WOQK]O_@OoAm@UKqBe@@TJrAJpAKqAKsAAUfAVh@LTJnAl@^N\NPJVNj@b@ZXf@`@ZNJ@Be@a@M
WF2 0GU,45,911,Methodist Church → BP Manor Service Station → Tania's Barbershop → East Ardsley Express → Methodist Church,3,1681,308,5min,mn{fInwkHAE]cCZNJ@ZDZ@L?n@Al@AR_@f@dAOZGN_AMw@pCa@lCKhAKpAMhAy@BeAZ]GYIY[S]Og@Ok@Kq@Gs@Iy@Ew@GkAC]?]@c@@a@Dc@b@qDoAm@UKqBe@@TJrAJpAKqAKsAAUfAVh@LTJnAl@^N\NPJVNj@b@ZXf@`@ZNJ@ZDZ@L?n@Al@AUp@EPw@pCa@lCg@iDCQIs@
WF2 0GU,45,912,Mill View Stores → Sun Bo → Alverthorpe Garage → Kylies Sandwich Bar & Custom Cakes → Mill View Stores,3,1239,281,4min,g}tfIpajHOs@MWMWOWIUSc@CIJSFSGEi@}@BDd@v@FDGRKRBH}AlCu@rAIHO@]I\HNAHIP[b@w@|AmCCI[o@c@_AGReAvCg@zAg@|AMZM\]v@q@fBGLZl@P[QZ[m@FMPg@^_A\w@L]L[f@}Af@{AdAwCFSb@~@Zn@BHRb@HTNVLVLVNr@
WF2 0GU,45,913,NAV Mini Market → Phoenix Young People's Centre → Mill View Stores → Pizza Ferrara → NAV Mini Market,3,1173,261,4min,_aufItriHJJLT[v@c@pAGReAvCg@zAGIWKVJFHf@{An@eBTq@FSb@~@Zn@BHRb@HTNVLVLVTfAj@Sk@RESOs@MWMWOWIUSc@CI[o@c@_AGReAvCg@zAg@|AMZM\Nl@Rz@S{@Om@L]L[FS^iAf@{AdAwCFSb@qAZw@MUKK
WF2 0GU,45,914,NPAS 31 - Carr Gate → West Yorkshire Police Learning & Development Centre → Driver Training Area → West Yorkshire Police Bishopgarth House → NPAS 31 - Carr Gate,3,10221,589,9min,isyfIb{jHIaCKgDAS?Q?Q?Q@QFaB?Q?MEWOIGCI?ODeCnDg@h@g@b@cAp@iB`ASJIDGHIHEHCHYlA?BCvA?P@P@RDRThAf@~Br@|CnB|INn@nBxIR|@x@nD\|AtAxDbCzFbCdFbAjBb@x@bAjBnCrD|CfEjDpDxFdFfMjJzBxA`CrAtBfAtDrBtG`Dn@R~FjBlGhAdE\xDDvEOnE[hOcClImApBYzRuF^OZSPMNQNUj@{ARg@POPMLINEP@RBTLVXJXFVDVDX@\?ZAtDA|@AZA\ETW~@MZk@Va@@OCWOMOMUIOi@w@a@So@E{Lh@qAFsFj@sInAeOdCoE`@cFJwDImE]eGaAaGiBs@W_HeDkDqBuBiAcCcB}B_BqFsDiF{DkFqEoD{DaDeE}BqDmAkBc@y@wAuCoEsJuBoF_AqCo@wA_AuCqA}DOc@}BiHwAmEQa@Uu@K]MYKWGMGKGIGIGGEEMIOKc@SEAc@e@OUGQEOEQAMAOAQ?S@O@O?GDQFWFWFOFMrAuBHKFGFGHGHGJCHAH?H?H@JDt@NZLPBLBR@NANCLEJGZSjAy@`A_A`AkAb@o@\Ut@gALKJ?FJJ`@BNDV?L?PG`BAP?P?P?P@RJfDi@NG_BIgCAYAOEECAEHIJKNCD@^FxBDrB@f@DRDFBB??JCJAFABG?IEmAh@OH`C
WF2 0GU,45,915,One Stop Coffee Shop → Main Street Fisheries → China And Thai Express → St Michaels Church → One Stop Coffee Shop,3,2135,449,7min,y|{fIllkHAMAUpBd@TJnAl@^N\NPJVNj@b@ZXf@`@ZNJ@Be@a@M??`@LCd@ZDZ@L?n@Al@AUp@EPw@pCa@lC[yBKo@CQKy@]cCZNJ@ZDZ@L?n@Al@AUp@EPw@pCa@lCWzCMhAy@BeAZWTUV}@p@}@f@AI{DbAGXNfANTHFFn@Go@IGOUOgAFYtA_@dBc@@H|@g@|@q@TWVU]GYIY[S]Og@Ok@Kq@Gs@Iy@Ew@GkAC]?]@c@@a@Dc@b@qDoAm@UKqBe@@T@L
WF2 0GU,45,916,Oriental Chef → The Star Inn → Outwood Primary Academy Kirkhamgate → Shawfold Cars → Oriental Chef,3,1761,315,5min,urwfIhenH@NNl@Lb@yAzAi@l@ORs@aAKMAu@F]?IOs@Nr@?HG\@t@~@nANSh@m@xA{AMc@Om@]}CE]Kq@SyACK?AOkA_@qCcAf@[yAJIKHZxAbAg@^pCNlABJRxAJp@D\\|CNl@Lb@v@w@TSd@c@pBeANGHEb@UPI\U^Wp@k@JVDVDf@@FCz@Jj@DXEYKk@B{@Go@EWKWq@j@_@V]TQHc@TIDOFqBdAe@b@URw@v@Mc@Om@AO
WF2 0GU,45,917,Ossett Fire Station → Silkwood Farm → Amazon DLS4 → Total Fitness → Ossett Fire Station,3,2703,475,7min,}gtfIlbmHI^?BA?A?AAQKR_A@GVmAnB~ALo@VR\ZPaA??Q`A][WSMn@oB_BWlAAFS~@GTSdAi@dCc@nBKIEEC?AC?E@Ef@cC^gBJHNJReAFUR_A@GVmAlA_GXq@J[HWn@z@zB`CLJD@D?LEDAJEF?B?HF@BDHDN@RAPEPGLIDK@OFEHEJ{AbHKd@SdAI`@Gd@Kx@CXKfAA`@?LBNBP??FTBBLDH@F@D?NIDEHILOLUFIPa@Pg@DMDMFWPo@@KNq@ViAD]DIDIHIAOAECC_@Y_Aw@~ApABB@D@NCNGNABEHGLWhAOp@AJQn@GVELELQf@Q`@GHMTMNIHEDOHEBEFEDIPANENGHWFECIIEMCOAQBQDOBCJ[BMBMBM@a@JgABYJy@Fe@Ha@ReAJe@zAcH@K?G?EAa@CQEUAMEIKU{BaCo@{@IVKZYp@mA~FWlAAFS~@PJ@@@?@??CH_@
WF2 0GU,45,918,Ossett Flushdyke Junior and Infant School → JB's Cafe & Bistro → Spring Mill Golf Course → Ossett WMC → Ossett Flushdyke Junior and Infant School,3,11235,1055,17min,eptfIzapHW|AQ`BQjBGlAIdCEvCGnEQnLIdCSvC_@|De@vCg@tBs@dCqAvCwL`SwBhDmDxF{AhCiBbD{@lBoB`Fq@xBe@xBg@xCYpCKzAG`BChCD|BRlDXrCj@`Ev@bDr@tCLRLHP@HCVAJ@FBFFFJFVBLFf@@H?PAPEPELIHGDGBk@EEAGEGGEKEMCS?U?]UmAaAmDq@cDm@eE[sCSoDCu@AiA@kCDcBJ}AToCd@_Dh@qBp@cCvBuFx@kBbBkDrAgChHiL`H}KnCoErAyCr@uBj@wBf@uCd@uDRuCHoCNkLDwBFwFAi@BoANgCDu@?c@A[ESCOM_@Oe@G[Gc@Ee@Cy@H}@Lk@N]V]TS^MP?P@b@NlApATRz@XAf@EzA\EHLH?H{@FWJg@@qBEGa@D]?CbBAf@EzAMdEKr@K~BxBdA\M^q@h@y@fAmAn@k@RWf@u@hCcDHKHEH@H@JDHHFJDNh@|BVjAFVFPVf@`A|AJB@?NGDGDGXm@Pa@JQHEHKj@u@`@o@BGhA{BP[ZWDCDCNE^KLARMz@s@TWDEDMBAt@c@ZK^lCTtAYRWf@MfBAVOfASbA{ArDYr@[fAy@dDaBzHCLIf@_BhHg@~BOrAUpBIp@ANKbAADG`B?|CZtCH^b@rB\xAdA`D@BFVLh@PfALpAFvBm@Ek@HOD_@TGDQNCFIT[z@g@|AOb@ETK`@Ij@Gh@eA_@y@a@oA{@GEGEMI}@o@a@Yg@e@KI}AuASQOO{AkAa@[GEmAs@OIqAcAcAc@H{@Do@Du@?e@?M?}@EgACq@QoFBsAJ}E@e@@gAF}B@_@@UD_ADuATcGLoCFwADiAXqGBYT_EJ_CJmF?i@AWAOKYUq@U_@mAqAc@OQAQ?_@LURW\O\Mj@I|@Bx@Dd@X`@RLRAPGLQJUlA{DJa@p@sBt@aBzDkIFMP_@VaADg@?c@A]E[G]Ia@IOGYG]A[AW?W@wD@y@@[@YD]H[Rg@POPMLINEP@RBTLVXJXFVDVDX@\?ZAtDA|@AZA\ETW~@MZa@fAcAxBkAjCkDhHq@zAq@nBy@bDWvAAF
WF2 0GU,45,919,Ossett WMC → Ossett Flushdyke Junior and Infant School → JB's Cafe & Bistro → Spring Mill Golf Course → Ossett WMC,3,11235,1055,17min,aotfI`mrHCq@QoFBsAJ}E@e@@gAF}B@_@@UD_ADuATcGLoCFwADiAXqGBYT_EJ_CJmF?i@AWAOKYUq@U_@mAqAc@OQAQ?_@LURW\O\Mj@I|@Bx@Dd@X`@RLRAPGLQJUlA{DJa@p@sBt@aBzDkIFMP_@VaADg@?c@A]E[G]Ia@IOGYG]A[AW?W@wD@y@@[@YD]H[Rg@POPMLINEP@RBTLVXJXFVDVDX@\?ZAtDA|@AZA\ETW~@MZa@fAcAxBkAjCkDhHq@zAq@nBy@bDWvAAFW|AQ`BQjBGlAIdCEvCGnEQnLIdCSvC_@|De@vCg@tBs@dCqAvCwL`SwBhDmDxF{AhCiBbD{@lBoB`Fq@xBe@xBg@xCYpCKzAG`BChCD|BRlDXrCj@`Ev@bDr@tCLRLHP@HCVAJ@FBFFFJFVBLFf@@H?PAPEPELIHGDGBk@EEAGEGGEKEMCS?U?]UmAaAmDq@cDm@eE[sCSoDCu@AiA@kCDcBJ}AToCd@_Dh@qBp@cCvBuFx@kBbBkDrAgChHiL`H}KnCoErAyCr@uBj@wBf@uCd@uDRuCHoCNkLDwBFwFAi@BoANgCDu@?c@A[ESCOM_@Oe@G[Gc@Ee@Cy@H}@Lk@N]V]TS^MP?P@b@NlApATRz@XAf@EzA\EHLH?H{@FWJg@@qBEGa@D]?CbBAf@EzAMdEKr@K~BxBdA\M^q@h@y@fAmAn@k@RWf@u@hCcDHKHEH@H@JDHHFJDNh@|BVjAFVFPVf@`A|AJB@?NGDGDGXm@Pa@JQHEHKj@u@`@o@BGhA{BP[ZWDCDCNE^KLARMz@s@TWDEDMBAt@c@ZK^lCTtAYRWf@MfBAVOfASbA{ArDYr@[fAy@dDaBzHCLIf@_BhHg@~BOrAUpBIp@ANKbAADG`B?|CZtCH^b@rB\xAdA`D@BFVLh@PfALpAFvBm@Ek@HOD_@TGDQNCFIT[z@g@|AOb@ETK`@Ij@Gh@eA_@y@a@oA{@GEGEMI}@o@a@Yg@e@KI}AuASQOO{AkAa@[GEmAs@OIqAcAcAc@H{@Do@Du@?e@?M?}@EgA
WF2 0GU,45,920,"Outwood Primary Academy Kirkhamgate → Kirkhamgate Village Hall, Brandy Carr Road → The Star Inn → Shawfold Cars → Outwood Primary Academy Kirkhamgate",3,1365,212,3min,{twfIb{mH?@BJRxAJp@D\?D\vCNl@Lb@yAzAi@l@ORs@aAKMAu@F]?IOs@Nr@?HG\@t@~@nANSh@m@xA{Av@w@TSd@c@pBeANGHEb@UPI\U^Wp@k@JVDVDf@@FCz@Jj@DXEYKk@B{@Go@EWKWq@j@_@V]TQHc@TIDOFqBdAe@b@URw@v@Mc@Om@]}CE]Kq@SyACK?A
WF2 0GU,45,921,Phoenix Young People's Centre → NAV Mini Market → The Blue Light → Mill View Stores → Phoenix Young People's Centre,3,1232,259,4min,ccufIfziHTq@FSb@qAZw@MUKK??QIQG[I@_@B]Dm@PmAT_BV{Ab@XJJNPVb@Zf@b@j@i@lAk@vAg@hAKR[v@c@pAb@~@Zn@BH}AlCu@rAIHHVN`@ADCDSRRSBE@EYy@HIt@sA|AmCRb@HTNVLVLVTfAj@Sk@RESOs@MWMWOWIUSc@CI[o@c@_AGRUp@
WF2 0GU,45,922,Pinderfields Hospital PRU → St Annes → Spot on Dog Grooming → Wrenthorpe Methodist Church → Pinderfields Hospital PRU,3,1842,336,5min,qowfInehHm@k@MMCHc@~AYbA[~@t@jA\f@d@r@RZj@~@V`@NNPH\N|@`@FB|@`@MjANFOGLkA}@a@GC}@a@]OQIOOcAaBS[e@s@]g@u@kAk@{@[YaBqACAy@m@G^I@WQODLu@j@^|@n@`BpAZXj@z@t@jA\f@d@r@RZbA`BNNPH\N|@`@FBFYb@eATy@Ux@O\Sf@GXGC}@a@]OQIOOcAaBS[e@s@]g@u@kAZ_AXcAb@_BBILLl@j@
WF2 0GU,45,923,Pizza Ferrara → Alverthorpe Conservative Club → Alverthorpe St Paul's CofE (VA) School → Al Fresco → Pizza Ferrara,3,1889,385,6min,{fufIrbjH^iAf@{AdAwCFSb@~@Zn@BH}AlCOSNRZg@`AeBCI[o@c@_Ab@qAZw@MUKKQIQG[IQCSGMEQKY[g@g@SWy@oAGEKCQl@c@`AEd@Er@ETIVKXERGTEX@\Ap@AXGVILDZBV?R@RGd@A\CTCB??C?B?BCBU@]Fe@AS?SCWE[HMFW@Y@q@A]DYFUDSJYHWDUDs@De@b@aAPm@JBFDx@nARVf@f@XZPJLDRFPBZHPFPHJJLT[v@c@pAb@~@Zn@JSFSD_@Bm@@Q@QBk@?Q@UBy@Cx@ATC|@APAPCl@E^GRKR[o@c@_AGReAvCg@zA_@hA
WF2 0GU,45,924,Pumaspeed → NAV Mini Market → Mill View Stores → Kylies Sandwich Bar & Custom Cakes → Pumaspeed,3,1421,263,4min,}cufI`|iHn@kBFSb@qAZw@MUKK??QIQG[I@_@B]Dm@PmAT_BV{Ab@XJJNPVb@Zf@b@j@i@lAk@vAg@hAKR[v@c@pAb@~@Zn@BHRb@HTNVLVLVTfAj@Sk@RESOs@MWMWOWIUSc@CI[o@c@_AGReAvCg@zAg@|AMZM\]v@q@fBGLZl@P[QZ[m@FMPg@^_A\w@L]L[f@}Af@{ATk@
WF2 0GU,45,925,R H Binks And Sons → Methodist Church → BP Manor Service Station → St Michaels Church → R H Binks And Sons,3,1331,258,4min,gm{fI`blHNaBg@iDCQIs@AE]cCZNJ@ZDZ@L?n@Al@AR_@f@dAOZGN_AMw@pCa@lCWzCMhAy@BeAZWTUV}@p@}@f@AI{DbAGXNfANTHFFn@Go@IGOUOgAFYtA_@dBc@@H|@g@|@q@TWVUdA[x@CLiAFy@
WF2 0GU,45,926,Ramada → Shell Select → Holiday Inn → DVSA Wakefield Test Center → Ramada,3,2903,480,8min,u}sfIhxmH??EBMSCCEEQWAKScAIHEDOHEBEFEDIPANEN?\?B?HBRH\DLFNVf@HN^j@VPLDD@B?B?NEzCuHPg@Rc@JS`@w@@[Ea@BS@CHU@C??RATZIPWj@Kb@q@xBXnAp@~BPl@DHZi@DCHDZRNFDCJQJOb@m@FQDO}@a@??Fo@bA^EVGXENGPc@l@KNKPEBEJs@`A]aAEIQm@q@_CYoAG[?K@QJS`@w@TWVk@HQb@iAD_@\_ABQA_@q@gAw@m@KEMGo@_@e@e@[_@SU_@m@KMEECAKCIDK@KEGIGMCQEUAMEIKU{BaCo@{@IVKZYp@mA~FnB~AUfAABC@C@MD@^?D?BGTDO@E?C?EA_@LEBABA@CTgAoB_BlA_GXq@J[HWn@z@zB`CLJD@D?LEDAJEF?B?HF@BDHDN@RAPEPGLIDK@OFEHEJ{AbHKd@SdAI`@Gd@Kx@CXKfAA`@?LBNBP??FTBBLDH@F@D?NIDEHIRbA@JPVDDBBLRDC??
WF2 0GU,45,927,Restyle Fitness → China And Thai Express → BP Manor Service Station → East Ardsley Express → Restyle Fitness,3,1512,309,5min,gn{fInrkHD@Cd@ZDZ@L?n@Al@AUp@EPw@pCa@lC[yBKo@CQKy@]cCZNJ@ZDZ@L?n@Al@AR_@f@dAOZGN_AMw@pCa@lCg@iDCQKy@]cCg@a@[Yk@c@WOQK]O_@OoAm@UKqBe@@TJrAJpAKqAKsAAUfAVh@LTJnAl@^N\NPJVNj@b@ZXf@`@ZNJ@Be@EA
WF2 0GU,45,928,Royal Spice → The Glynn Living → The Wren Cafe → Hong Kong Vegan → Royal Spice,3,2985,372,6min,_uvfIdbgHF[Ls@NG`@Wb@c@fCyCPl@Dd@F^FLJLHLJZ[ZZ[K[IMKMGMG_@Ee@Qm@q@v@uA`Bc@b@a@VOFMr@Or@Gh@?f@B^J^Tn@FNLZRp@Jb@DX@l@@p@@`@@L?NHv@L`A@JB\@Z?r@Ad@En@Gl@WdBG\KhAMt@QUu@w@WQEr@Qb@Wp@ELQb@Sj@K^qAdFIREHG@I?ECKIU]g@w@KMo@WYMQKQn@I^A@Mz@o@|DY[[U}@a@GC}@a@]OQIOOcAaBS[e@s@]g@u@kAk@{@[YaBqA}@o@k@_@]UUO_CeBvB{Cr@_Ar@w@l@e@n@a@dBcADAt@g@b@Yp@_@d@UTMrBcAtBmAJI^Qh@UdBi@TORQVYz@}@\Yr@]ZETCp@A`@?\?`@EZOMr@GZ
WF2 0GU,45,929,Shawfold Cars → Village Stores → Outwood Primary Academy Kirkhamgate → The Star Inn → Shawfold Cars,3,1750,317,5min,wcwfIdanHEg@EWKWq@j@_@V]TQHc@TIDOFqBdA_@wBm@\OH|@g@^vBe@b@URw@v@Mc@Om@]}CE]Kq@SyACK?AOkA_@qCcAf@[yAJIKHZxAbAg@^pCNlABJRxAJp@D\\|CNl@Lb@yAzAi@l@ORs@aAKMAu@F]?IOs@Nr@?HG\@t@~@nANSh@m@xA{Av@w@TSd@c@pBeANGHEb@UPI\U^Wp@k@JVDVDf@
WF2 0GU,45,930,Shell Select → Holiday Inn → Total Fitness → Toyota Vantage → Shell Select,3,3239,558,9min,_usfIzlmH??RATZIPWj@Kb@q@xBXnAp@~BPl@DHZi@DCHDZRNFDCJQJOb@m@FQDO}@a@??Fo@bA^EVGXENGPc@l@KNKPEBEJs@`A]aAEIQm@q@_CYoAG[?K@QJS`@w@TWVk@HQb@iAD_@\_ABQA_@q@gAw@m@KEMGo@_@e@e@[_@SU_@m@KMEECAKCIDK@OFEHEJ{AbHKd@SdAI`@Gd@Kx@CXKfAA`@?LBNBP??FTBBLDH@F@D?NIDEHILOLUFIPa@Pg@DMDMFWPo@@KNq@ViAD]DIDIHIAOAECC_@Y_Aw@~ApABB@D@NCNGNABEHGLWhAOp@AJQn@GVELELQf@Q`@GHMTMNIHEDOHEBEFEDIPANENGHWFECIIEMCOAQBQDOBCJ[BMBMBM@a@JgABYJy@Fe@Ha@ReAJe@zAcH@K?G?EAa@CQ?QBQHWDAJEF?B?HF@BDHDN@RBX@LBJFV^l@RTZ^d@d@n@^PeAHM\KHYNm@BETmADMB?BB@DYtABOTeAAECCC?ELUlACDOl@IX]JILQdALFJDv@l@TJb@Fn@OSz@Qb@[z@[x@c@hAIPWj@Kb@q@xBG[?K@QJS`@w@@[Ea@BS@CHU@C
WF2 0GU,45,931,Shine hand car wash → Toyota Vantage → Total Fitness → Ramada → Shine hand car wash,3,2160,416,6min,mrsfIzmmHKXQJSYHQb@iAD_@\_ABQA_@q@gAw@m@KEMGPeAHM\KHYNm@BETmADMB?BB@DYtABOTeAAECCC?ELUlACDOl@IX]JILQdAo@_@e@e@[_@SU_@m@KMEECAKCIDK@OFEHEJ{AbHKd@SdAI`@Gd@Kx@CXKfAA`@?LBNBP??FTBBLDH@F@D?NIDEHILOLUFIPa@Pg@DMDMFWPo@@KNq@ViAD]DIDIHIAOAECC_@Y_Aw@~ApABB@D@NCNGNABEHGLWhAOp@AJQn@GVELELQf@Q`@GHMTMNRbAb@eADCb@j@DHEL[bA??EBMSCCEEQWAKScAIHEDOHEBEFEDIPANEN?\?B?HBRH\DLFNVf@HN^j@VPLDD@B?B?NEzCuHPg@Rc@JS`@w@TWVk@HQb@iAHLH^O`@
WF2 0GU,45,932,Silcoates School → Wrenthorpe Post Office → Wrenthorpe Park & Alverthorpe Meadows → Hall Cliffe Primary School → Silcoates School,3,8799,1101,18min,ihvfIvciHe@rA?L?FFNJPb@iABGBADADBDHBJ?@?F_B`EELAJAL@L?B@DFHFBDFBHFLDHDHBL@LAPA|@CZAXIhAGrACXCNMPOa@U_@}@aBS_@Wc@y@gAw@eAw@aAsAiBaAwAS[AC_@o@e@q@IMMg@Mm@Gi@G}@EkB^MXSNSLUV}@DKn@qCPq@Tm@n@eBX}@\yALu@JiAF]VeBFm@Do@@e@?s@A[C]AKMaAIw@?OAMAa@Aq@Am@EYKc@Sq@M[GOUo@K_@C_@?g@Fi@Ns@Ls@NG`@Wb@c@fCyCb@g@jAoA|BcCNMxAwAh@m@V[T_@d@iAVk@d@aBT}@\{A^uA|@uC\cAPo@H[F_@BSN@L@J?HADCDGb@i@FGFI@EFIHQJYDQBUFq@@M@M@MBc@H@F?B?@?L@N?VAJAJARCLEPERGDCHCJGLININKFEFGFELO@A^]^]b@c@z@{@`AcAZYb@e@NO|A_BFE@AdAgAr@s@r@u@JEHEn@Al@@hBALAN?F?FBLL@DNPDFNRRRV\VZI`@ADCJAFOp@i@zBWjAOnAO`AYhAMb@a@|AMx@@j@NrAPdAHl@@BJn@VtB@D@FH`AHlA?J@j@@x@AbAIdAIz@Kn@]~AUx@Kb@Ij@IAMBmBjBUTEBCD]\w@bAGLGLwAhCy@jAILg@p@mAdBKN[`@MVi@z@e@`Ag@jA]j@Yn@]n@k@x@[^a@h@g@f@UR??TSf@g@V|@`@vAVz@Tz@Tr@Td@PVRRRLXLXBX?f@Od@M^MTKr@Sb@Q^M^Mf@Oh@OnA_@VIVGpBm@|Ac@OxAAJEf@g@jCKf@OfAiAzHGn@Ml@a@tB[~Aq@~Cq@zBCFSn@Uj@]~@Ul@Ob@i@lAk@vAg@hAKR[v@c@pAGReAvCg@zAg@|AMZM\]v@q@fBGL_@`As@fBs@hBwBvE}BrGW~@q@`Ce@rBW|@Qh@Wb@[^q@h@eBzA_AbAc@h@cAlBCHsAeC]u@k@qAQ]qAoCIQ{@eBQi@GUkCgKyAsFIc@Ec@Ee@CcAGmFAiAAUC{AEeFE{C?I?{A?sBL?ZXXB@?[C[YM??iB?u@?e@CoACq@Ee@HLd@p@^n@@BRZ`AvArAhBv@`Av@dAx@fAVb@R^Vg@Dw@?s@?GFWFMPi@HQBQ?KESAG?E?KF]DYNa@`@eAKQGO?G?Md@sA
WF2 0GU,45,933,Silkwood Farm → Total Fitness → DVSA Wakefield Test Center → Shell Select → Silkwood Farm,3,4103,632,10min,katfIj_mHQ`A][WSMn@oB_BlA_GXq@J[HWn@z@zB`CLJD@D?LEDAJEF?B?HF@BDHDN@RAPEPGLIDK@OFEHEJ{AbHKd@SdAI`@Gd@Kx@CXKfAA`@?LBNBP??FTBBLDH@F@D?NIDEHILOLUFIPa@Pg@DMDMFWPo@@KNq@ViAD]DIDIHIAOAECC_@Y_Aw@~ApABB@D@NCNGNABEHGLWhAOp@AJQn@GVELELQf@Q`@GHMTMNIHEDOHEBEFEDIPANENGHWFECIIEMCOAQBQDOBCJ[BMBMBM@a@JgABYJy@Fe@Ha@ReAJe@zAcH@K?G?EAa@CQEUAMEIKU{BaCo@{@IVKZYp@mA~FnB~AUfAABC@C@MD@^?D?BGTDO@E?C?EA_@LEBABA@CTgAoB_BlA_GXq@J[HWn@z@zB`CLJD@D?LEDAJEF?B?HF@BDHDN@RAPEPGLIDK@OFEHEJ{AbHKd@SdAI`@Gd@Kx@CXKfAA`@?LBNBP??FTBBDJBN?PANEN?\?B?HBRH\DLFNVf@HN^j@VPLDD@B?B?NEzCuHPg@Rc@JS`@w@@[Ea@BS@CHU@C??RATZb@iAD_@\_ABQA_@q@gAw@m@KEMGo@_@e@e@[_@SU_@m@KMEECAKCIDK@KEGIGMCQEUAMEIKU{BaCo@{@IVKZYp@mA~FnB~ALo@VR\ZPaA
WF2 0GU,45,934,Spot on Dog Grooming → Declans → Pinderfields Hospital PRU → St Annes → Spot on Dog Grooming,3,1707,312,5min,yywfIxehHy@m@k@_@]UUO_CeBqA_Ak@_@IIZyAGOIUHTFN[xAHHj@^pA~@l@b@pA`ATN\Tj@^|@n@`BpAZXj@z@Z_AXcAb@_BBILLl@j@??m@k@MMCHc@~AYbA[~@t@jA\f@d@r@RZj@~@V`@NNPH\N|@`@FB|@`@MjANFOGLkA}@a@GC}@a@]OQIOOcAaBS[e@s@]g@u@kAk@{@[YaBqACA
WF2 0GU,45,935,Spring Mill Golf Course → JB's Cafe & Bistro → Ossett Flushdyke Junior and Infant School → Ramada → Spring Mill Golf Course,3,10482,1027,17min,ovsfIncpHi@}BEOGKIIKEIAIAIDIJiCbDg@t@SVo@j@gAlAi@x@_@p@]LyBeAJ_CJmF?i@AWAOKYUq@U_@TRz@XAf@EzA\EHLH?H{@FWJg@@qBEGa@D]?CbBAf@GDI?GAIGUq@U_@mAqAc@OQAQ?_@LURW\O\Mj@I|@Bx@Dd@X`@RLRAPGLQJUlA{DJa@p@sBt@aBzDkIFMP_@VaADg@?c@A]E[G]Ia@IOGYG]A[AW?W@wD@y@@[@YD]H[Rg@POPMLINEP@RBTLVXJXFVDVDX@\?ZAtDA|@AZA\ETW~@MZa@fAcAxBkAjCkDhHq@zAq@nBy@bDWvAAFW|AQ`BQjBGlAIdCEvCGnEQnLIdCSvC_@|De@vCg@tBs@dCqAvCwL`SwBhDmDxF{AhCiBbD{@lBoB`Fq@xBe@xBg@xCYpCKzAG`BChCD|BRlDXrCj@`Ev@bDr@tCLRLHP@HCVAJ@FBFFFJFVBLFf@@H?PAPEPELIHGDGBk@EEAGEGGEKEMCS?U?]UmAaAmDq@cDm@eE[sCSoDCu@AiA@kCDcBJ}AToCd@_Dh@qBp@cCvBuFx@kBbBkDrAgChHiL`H}KnCoErAyCr@uBj@wBf@uCd@uDRuCHoCNkLDwBFwFJ}BZcEP}Ah@_Dt@_DJa@p@sBt@aBzDkIFMP_@VaADg@?c@A]E[G]Ia@IOGYG]A[AW?W@wD@y@@[@YD]H[Rg@`@sAtA}DBW\aAFOBQ@O?G?MAECGmAeBKQQe@CIIUIa@EMCMECIIEMCOAQBQDOBCDEHEH?HDBDBBLDH@F@D?NIDEHIRbAb@eADCb@j@DHEL[bA??EBMSCCEEQWAKScAIHEDOHEBEFEDIPANEN?\?B?HBRH\DLFNVf@HN^j@VPLDD@B?B?NEzCuHRMVCXnAp@~BPl@DH\`ARh@j@|ArCnHJ\z@~CX`AjAfFBNz@pEbBjMZdCTxA[Ju@b@C@ELEDUV{@r@SLM@_@JODEBEB[VQZiAzBCFa@n@k@t@IJIDKPQ`@Yl@EFEFOFA?KCaA}AWg@GQGWWkA
WF2 0GU,45,936,St Annes → Pinderfields Hospital PRU → Wrenthorpe Methodist Church → The Well Church (Elim Pentecostal) → St Annes,3,1364,282,4min,qnwfIfshHk@_AS[e@s@]g@u@kAZ_AXcAb@_BBILLl@j@??m@k@MMCHc@~AYbA[~@t@jA\f@d@r@RZbA`BNNPH\N|@`@FBFYb@eATy@Ux@O\Sf@GX|@`@ZTXZFHf@TzB^MNWNINKZI\ITi@XMNEPG^EZOEQCG?USMOReADUj@cDGIY[[U}@a@GC}@a@]OQIOOWa@
WF2 0GU,45,937,St Michaels Church → R H Binks And Sons → The Dental Studio → Methodist Church → St Michaels Church,3,2357,336,5min,oz{fIfllHdBc@@H|@g@|@q@TWVUdA[x@CLiAFy@NaB`@mCv@qCDQTq@R_@f@dAWj@_AMw@pCa@lCWzCMhAEt@ARGdACn@Cp@Cz@Cv@AxA?TC`E?FCnD?FElBGjAEd@Q|@EH\jA]kADIP}@De@FkADuBBoD?GBaE?U@yABw@B{@Bq@Bo@FeA@SDu@LiAV{Cg@iDCQIs@AE]cCZNJ@ZDZ@L?n@Al@AUp@EPw@pCa@lCWzCMhAy@BeAZWTUV}@p@}@f@AIeBb@
WF2 0GU,45,938,Sun Bo → Blue Marlin Fisheries → Mill View Stores → Kylies Sandwich Bar & Custom Cakes → Sun Bo,3,1363,309,5min,_aufIjxiHd@v@FDGRKR[o@c@_AGReAvCg@zAGIWKVJFHJWZcAdAwCFSb@~@Zn@BHRb@HTNVLVLVTfAj@Sk@RESOs@MWMWOWIUSc@CI[o@c@_AGReAvCg@zAg@|AMZM\]v@q@fBGLZl@P[QZ[m@FMPg@^_A\w@L]L[f@}Af@{AdAwCFSb@~@Zn@JSFSGEe@w@
WF2 0GU,45,939,Sunnyhill Stores → Jerry Clay Academy → Hall Cliffe Primary School → Wrenthorpe Dental Care → Sunnyhill Stores,3,3489,507,8min,i{vfIlpjH??^QGmFAiAAUC{AEeFE{C?I?{A?sB?iB?u@?e@CoACq@Ee@Mg@g@f@GDSPEBYRGFGHMX[t@]v@aBnD_@x@KTQd@a@x@Sb@EJEJUj@a@`AkFtLyHfQdAnBl@hAFNDL@L?NCHGNQd@Pe@FOBI?OAMEMGOm@iAeAoBxHgQjFuL`@aAZw@DKRc@`@y@Pe@JU^y@`BoD\w@Zu@LYFIFGXSDCRQFEf@g@Lf@Dd@Bp@BnA?d@?t@?hBL?ZXXB@?[C[YM??iB?u@?e@CoACq@Ee@Mg@Mm@Gi@WDYFI@kARLA|@QHAXGVEFh@Ll@Lf@Dd@Bp@BnA?d@?t@?hB?rB?zA?HDzCDdFBzA@T@hAFlF_@P??
WF2 0GU,45,940,Tania's Barbershop → Methodist Church → BP Manor Service Station → St Michaels Church → Tania's Barbershop,3,1331,258,4min,cm{fIhalHJiAg@iDCQIs@AE]cCZNJ@ZDZ@L?n@Al@AR_@f@dAOZGN_AMw@pCa@lCWzCMhAy@BeAZWTUV}@p@}@f@AI{DbAGXNfANTHFFn@Go@IGOUOgAFYtA_@dBc@@H|@g@|@q@TWVUdA[x@CLiAJqA
WF2 0GU,45,941,Tardis → West Yorkshire Police Learning & Development Centre → Cardigan House → Carr Gate Garden Centre → Tardis,3,12473,823,13min,_vyfItzjH??BBJCJAFABG?IEmAh@OKgDAS?Q?Q?Q@QFaB?Q?MEWOIGCI?ODeCnDg@h@g@b@cAp@iB`ASJIDGHIHEHCHYlA?BCvA?P@P@RDRThAf@~Br@|CnB|INn@bApEj@fCR|@vAlGtAxDbCzFbCdFbAjBb@x@bAjBnCrD|CfEjDpDxFdFfMjJzBxA`CrAtBfAtDrBtG`Dn@R~FjBlGhAdE\xDDvEOnE[hOcClImApBYzRuF^OZSPMNQNUj@{ARg@POPMLINEP@RBTLVXJXFVDVDX@\?ZAtDA|@AZA\ETW~@MZk@Va@@OCWOMOMUIOi@w@a@So@E{Lh@qAFsFj@sInAeOdCoE`@cFJwDImE]eGaAaGiBs@W_HeDkDqBuBiAcCcB}B_BqFsDiF{DkFqEoD{DaDeE}BqDmAkBc@y@wAuCoEsJuBoF_AqCo@wA_AuCqA}DOc@}BiHwAmEQa@Uu@K]MYKWGMGKGIGIGGEEMIOKc@SEAc@e@OUGQEOEQAMAOAQ?S@O@O?GDQFWFWFOFMrAuBHKFGFGHGHGJCHAH?H?H@JDt@NZLPBLBR@NANCLEJGZSjAy@`A_A`AkAb@o@pB}CbCqDFM^_AVe@L_@FYDY@W@YAYMoAe@P[Hi@Tk@Vg@Re@RiAd@EBIDqBx@qAh@gCfA}@^kBn@e@Rq@l@Wz@a@dBZt@Vj@r@yA??s@xAWk@[u@`@eBV{@p@m@d@SjBo@|@_@fCgApAi@pBy@HEDChAe@d@Sf@Sj@Wh@UZId@QEo@?_@BYDc@FYJa@R_@PS^YjBcAj@YPIrBkAnB_APIJf@@L?LENc@n@W`@W`@SXo@jASZ}@dBgBjD{@xAw@~@}EnHOTa@n@J`@BNDV?L?PG`BAP?P?P?P@RJfDi@NDlA?HCFG@K@KBCC??
WF2 0GU,45,942,The Bay Horse → Main Street Fisheries → China And Thai Express → East Ardsley Express → The Bay Horse,3,1546,341,5min,qh{fInqkHPRMVS^Up@EPw@pCa@lCg@iDCQKy@]cCZNJ@Be@a@M??`@LCd@ZDZ@L?n@Al@AUp@EPw@pCa@lC[yBKo@CQKy@]cCg@a@[Yk@c@WOQK]O_@OoAm@UKqBe@@TJrAJpAKqAKsAAUfAVh@LTJnAl@^N\NPJVNj@b@ZXf@`@ZNJ@ZDZ@L?n@Al@AR_@LWQS
WF2 0GU,45,943,The Blue Light → The New Albion → Alverthorpe St Paul's CofE (VA) School → Al Fresco → The Blue Light,3,1686,375,6min,udufI~cjHIWHIt@sA|AmCRb@U`@CCAAGJ??FK@@BBTa@Sc@CI[o@c@_Ab@qAZw@MUKKQIQG[IQCSGMEQKY[g@g@SWy@oAGEKCQl@c@`AEd@Er@ETIVKXERGTEX@\Ap@AXGVILDZBV?R@RGd@A\CTCB??C?B?BCBU@]Fe@AS?SCWE[HMFW@Y@q@A]DYFUDSJYHWDUDs@De@b@aAPm@JBFDx@nARVf@f@XZPJLDRFPBZHPFPHJJLT[v@c@pAb@~@Zn@JSFSD_@Bm@@Q@QBk@?Q@UBy@Cx@ATC|@APAPCl@E^GRKRBH}AlCu@rAIHHV
WF2 0GU,45,944,The Dental Studio → St Michaels Church → R H Binks And Sons → Methodist Church → The Dental Studio,3,1823,298,4min,go{fI|`mH?GBoD?GBaE?U@yABw@B{@Bq@Bo@FeA@SDu@y@BeAZWTUV}@p@}@f@AI{DbAGXNfANTHFFn@Go@IGOUOgAFYtA_@dBc@@H|@g@|@q@TWVUdA[x@CLiAFy@NaBg@iDCQIs@AE]cCZNJ@ZDZ@L?n@Al@AUp@EPw@pCa@lCWzCMhAEt@ARGdACn@Cp@Cz@Cv@AxA?TC`E?FCnD?F
WF2 0GU,45,945,The Eagle → Flanshaw Lodge → Alverthorpe Working Mens Club → GJH Commercial Vehicle Services Ltd → The Eagle,3,2913,472,7min,u`tfIfsjH@ARQDC??`@YRQXSPWZi@HOLW^u@FNHRDPDVUJmAhADd@Lb@?AMa@Ee@lAiATKEWEQISGO_@t@MVIN[h@QVYRSPa@X??EBSP[RKHQJYJC?SBY?OAQCYMi@Y_@MkB]s@Oc@Kc@MGAu@YQMKKn@{DD^i@fDPLt@XF@b@Lb@J~Cl@AfD?nCAr@?lAA|C?V?XErK?H?hA?|@AjAB`AFr@BRcAb@KBSDYBYBWAeACo@A?{A?M@uBm@?M?EBCH?d@BHDDZ?[?EECI?e@BIDCL?V?T?AtB?L?zAn@@dABV@XCXCREJCbAc@CSGs@CaA@kA?}@?iA?IDsK?Y?W@}C?mA@s@?oC@gD^Lh@XXLPBN@X?RCB?XKPKJIXQ
WF2 0GU,45,946,The Glynn Living → Royal Spice → The Wren Cafe → Wrenthorpe Park & Alverthorpe Meadows → The Glynn Living,3,7382,898,14min,}nvfInzfHuA`Bc@b@a@VOFMr@GZGVGh@?f@B^J^Tn@FNLZRp@Jb@DX@l@@p@@`@@L?NHv@L`A@JB\@Z?r@Ad@En@Gl@WdBG\KhAMt@QUu@w@WQEr@Qb@Wp@ELQb@Sj@f@l@g@m@Rk@Vq@Vq@Pc@Ds@VPt@v@PTLu@JiAF]VeBFm@Do@@e@?s@A[C]AKMaAIw@?OAMAa@Aq@Am@EYKc@Sq@M[GOUo@K_@C_@?g@Fi@Ns@Ls@NG`@Wb@c@fCyCb@g@jAoA|BcCNMxAwAh@m@V[T_@d@iAVk@d@aBT}@\{A^uA|@uC\cAPo@H[F_@BSN@L@J?HADCDGb@i@FGFI@EFIHQJYDQBUFq@@M@M@MBc@H@F?B?@?L@N?VAJAJARCLEPERGDCHCJGLININKFEFGFELO@A^]^]b@c@z@{@`AcAZYb@e@NO|A_BFE@AdAgAr@s@r@u@JEHEn@Al@@hBALAN?F?FBLL@DNPDFNRRRV\VZI`@ADCJAFOp@i@zBWjAOnAO`AYhAMb@a@|AMx@@j@NrAPdAHl@@BJn@VtB@D@FH`AHlA?J@j@@x@AbAIdAIz@Kn@]~AUx@Kb@Ij@IAMBmBjBUTEBCD]\w@bAGLGLwAhCy@jAILg@p@mAdBKN[`@MVi@z@e@`Ag@jA]j@Yn@]n@k@x@[^a@h@g@f@UR??TSf@g@`@i@Z_@j@y@\o@Xo@\k@f@kAd@aAh@{@LWZa@JOlAeBf@q@HMx@kAvAiCFMFMv@cA\]BEDCTUlBkBLCH@Hk@Jc@Ty@\_BJo@H{@HeA@cAAy@Ak@?KImAIaAAGAEWuBKo@ACIm@QeAOsAAk@Ly@`@}ALc@XiANaANoAVkAh@{BNq@@GBK@EHa@W[W]SSOSEGOQAEMMGCG?O?M@iB@m@Ao@@IDKDs@t@s@r@eAfAA@GD}A~AONc@d@[XaAbA{@z@c@b@_@\_@\A@MNGDGFGDOJOHMHKFIBEBSFQDMDSBK@K@W@O?MAA?C?G?IAQ@G?GAKCMCICGCGE_@AE?C?E@A?C@??C@ABC@A@ADABCJ?FAFCp@@h@@`@?d@?RAP?RALCNEPCRG^IZQn@]bA}@tC_@tA]zAU|@e@`BWj@e@hAU^WZi@l@yAvAOL}BbCkAnAc@f@q@v@
WF2 0GU,45,947,The Lawrence → tillybods → Wrenthorpe Club → Vic's Cafe → The Lawrence,3,5824,476,7min,wjxfIfhhHVl@JQlAuBtA_CV_@BCT[HM~BdBTN\Tj@^G^I@??WQODLu@]UUO_CeB_@h@CBW^uA~BmAtBKPq@hAGHq@jAaAdBSb@oBxD_AhBcA|AKLCDu@~@}@|@a@XCB_@RQHoB~@sBjAQHk@XkBbA_@XQRS^K`@GXEb@CX?^Dn@Lj@HPFJHFJDJ?JAJEJKv@}AvByFf@cC\cCLoATeCd@{Ht@wLDyANoDD{@EGEIAIAIAM?MBODKBIDEJELaALy@Bq@B]l@mEHOHMRByAdK?\?`@DLBL?N?LCLCHGLIFO~@MdDG|As@tLg@`IUfCYbCYhBa@rBe@jBk@hBcA`CqAfC}EnHOTa@n@a@h@eCnDg@h@g@b@cAp@iB`ASJIDGHIHEHCHYlA?BOt@ETELEHGJcBvBGHIHIDIBIBI@K?OAEAc@e@OUGQEOEQAMAOAQ?S@O@O?GDQFWFWFOFMrAuBHKFGFGHGHGJCHAH?H?H@JDt@NZLPBLBR@NANCLEJGZSjAy@`A_A`AkAb@o@pB}CbCqDFM^_AVe@L_@FYDY@W@YAYMoAEo@?_@BYDc@FYJa@R_@PS^YjBcAj@YPIrBkAnB_API^SBC`@Y|@}@t@_ABEJMbA}A~@iBnByDRc@`AeBp@kAFIp@iAWm@
WF2 0GU,45,948,The Malt Shovel → Carr Gate WMC → Gardener's Retreat Restaurant → Tardis → The Malt Shovel,3,4455,551,9min,ysyfIvxiHb@Qj@WCoBGmAq@LJr@Ks@p@M@PDz@BnBk@Vg@Re@RiAd@EBIDqBx@qAh@gCfA}@^_Bh@KDe@Rq@l@Wz@a@dBIf@Hg@`@eBV{@p@m@d@SjBo@|@_@fCgApAi@pBy@HEDChAe@d@Sf@Sj@Wh@UZId@QEo@?_@BYDc@FYJa@R_@PS^YjBcAj@YPIrBkAnB_APIJf@@L?LENc@n@W`@W`@SXo@jASZ}@dBgBjD{@xAw@~@}EnHOTa@n@J`@BNDV?L?PG`BAP?P?P?P@RJfDi@NG_BIgCAYAOEECAEHIJKNCD@^FxBDrB@f@DRDF??BBJCJAFABG?IEmAh@OKgDAS?Q?Q?Q@QFaB?Q?MEWOIGCI?ODeCnDg@h@g@b@cAp@iB`ASJIDGHIHEHCHYlA?BOt@ETELEHGJcBvBGHIHIDIBIBI@K?OAEAc@e@OUGQEOEQAMAOAQ?S@O@O?GDQFWFWFOFMrAuBHKFGFGHGHGJCHAH?H?H@JDt@NZLPBLBR@NANCLEJGZSjAy@`A_A`AkAb@o@pB}CbCqDFM^_AVe@L_@FYDY@W@YAYMoAe@P[Hi@Tk@Vc@P
WF2 0GU,45,949,The Mens Room → St Michaels Church → R H Binks And Sons → Methodist Church → The Mens Room,3,1847,301,5min,io{fIbbmH@m@BoD?GBaE?U@yABw@B{@Bq@Bo@FeA@SDu@y@BeAZWTUV}@p@}@f@AI{DbAGXNfANTHFFn@Go@IGOUOgAFYtA_@dBc@@H|@g@|@q@TWVUdA[x@CLiAFy@NaBg@iDCQIs@AE]cCZNJ@ZDZ@L?n@Al@AUp@EPw@pCa@lCWzCMhAEt@ARGdACn@Cp@Cz@Cv@AxA?TC`E?FCnDAl@
WF2 0GU,45,950,The New Albion → The Blue Light → Al Fresco → Alverthorpe St Paul's CofE (VA) School → The New Albion,3,1751,390,6min,q`ufIf~iHFK@@BBTa@Sc@}AlCu@rAIHHVN`@ADCDSRRSBE@EYy@HIt@sA|AmCCIJSFSD_@Bm@@Q@QBk@?Q@UBy@Cx@ATC|@APAPCl@E^GRKR[o@c@_Ab@qAZw@MUKKQIQG[IQCSGMEQKY[g@g@SWy@oAGEKCQl@c@`AEd@Er@ETIVKXERGTEX@\Ap@AXGVILDZBV?R@RGd@A\CTCB??C?B?BCBU@]Fe@AS?SCWE[HMFW@Y@q@A]DYFUDSJYHWDUDs@De@b@aAPm@JBFDx@nARVf@f@XZPJLDRFPBZHPFPHJJLT[v@c@pAb@~@Zn@BHRb@U`@CCAAGJ
WF2 0GU,45,951,The New Pot Oil → The Well Church (Elim Pentecostal) → Wrenthorpe Post Office → Wrenthorpe Methodist Church → The New Pot Oil,3,1681,275,4min,_~vfIf{hHODI@UBc@EMNWNINKZI\ITi@XMNEPG^EZOEQCG?USMOReADUj@cDGIn@}DL{@@AH_@Po@Je@Jo@Fa@D[@IDUFg@BSBMD[F]BUFc@@EJg@BIPRNFTJNFTFN?F@xCBX@VPt@v@PT]xAY|@o@dBUl@Qp@o@pCEJW|@MTORYR_@LODYHI@UBc@E{B_@g@UGIY[[U}@a@FYb@eATy@Ux@O\Sf@GX|@`@ZTXZFHf@TzB^b@DTCHANE
WF2 0GU,45,952,The New Wheel → The Well Church (Elim Pentecostal) → Wrenthorpe Methodist Church → Wrenthorpe Post Office → The New Wheel,3,1418,263,4min,mawfIf{hHXDMNWNINKZI\ITi@XMNEPG^EZOEQCG?USMOReADUj@cDGIY[[U}@a@FYb@eATy@Ux@O\Sf@GX|@`@ZTXZn@}DL{@@AH_@Po@Je@Jo@Fa@D[@IDUFg@BSBMD[F]BUFc@@EJg@BIPRNFTJNFTFN?F@xCBX@VPt@v@PT]xAY|@o@dBUl@Qp@o@pCEJW|@MTORYR_@LODYHI@UBc@EYE
WF2 0GU,45,953,The Quad → Vic's Cafe → The Wheel → The Lawrence → The Quad,3,9502,657,10min,gtxfIbufHFYfBcGzAgE|A_Ex@iBt@yAfBcDf@u@v@gAr@}@|@gA|@w@lB{AnBkAfBw@jBk@dBY|AQT?N@RDRFNFL@JAJCLULKPEPFNLFNDRBX?ZETGTMPSHSCMGKQEOCIIQMOOOUIQESEWA_BPaB^iBh@gBr@kBlAmBvA{@z@{@|@w@`Aq@dAi@v@gB`Ds@vAu@bBaB|DqAzDiBhG}BzIUvAaA|GyAdK?\?`@DLBL?N?LCLCHGLIFG@G?GCECEGEIAIAIAM?MBODKBIDEJELaALy@Bq@B]l@mEHOHMBQ~@sGVoAtBcJfBcGzAgE|A_Ex@iBt@yAfBcDf@u@v@gAr@}@|@gA|@w@lB{AnBkAfBw@jBk@dBY|AQT?N@RDRFNFL@JAJCLULKPEPFNLXAPERKXI`BKD?\CPANA~@Gb@?R@TDP@H?LCNQBGDIHGFEH?H@B@HAFAHCLEJCJCHCNCZG`@IXEHCDALETKFAl@W??LE@ALEHCJAHAJAJ?L@J@@?NB@?LDJBNFPFFH@BDDLNNLNNPNPNJFHDHDRJTJl@X^Rf@VPHFDHDDDDBJHRNJHFFNJNLb@XHBBBLFJDNHd@NBBBBDDHHCb@ALALALGp@CTEPKXIPGHADGHGFc@h@EFEBCBGFC?E@QBO?G^IZQn@]bA}@tC_@tA]zAU|@e@`BWj@e@hAU^WZi@l@yAvAOL}BbCkAnAc@f@gCxCc@b@a@VOF[Na@D]?a@?q@@UB[Ds@\]X{@|@WXSPUNeBh@i@T_@PKHuBlAsBbA{@b@q@^c@Xu@f@E@eBbAo@`@m@d@s@v@s@~@o@~@gAzA_@h@CBW^uA~BmAtBKPe@iAIUEO?O@OBSZm@DED@HNIOEAED[l@CRAN?NDNHTLZVl@q@hAGHq@jAaAdBSb@oBxD_AhBcA|AKLCDu@~@}@|@a@XCB_@RQHoB~@sBjAQHk@XkBbA_@XQRS^K`@GXEb@CX?^Dn@Lj@HPFJHFJDJ?JAJEJKv@}AvByFf@cC\cCLoATeCd@{Ht@wLDyANoDD{@EGEIAIAIAM?MBODKBIDEJELaALy@|@kGJo@BQ~@sGVoAlBiI
WF2 0GU,45,954,The Star Inn → Lindale Methodist Church → Outwood Primary Academy Kirkhamgate → Shawfold Cars → The Star Inn,3,1568,260,4min,}wwfIfknHr@`ANSh@m@xA{AMc@Om@MiAOsAE]Kq@SyACK?AOkA_@qCcAf@[yAJIKHZxAbAg@^pCNlABJRxAJp@D\\|CNl@Lb@v@w@TSd@c@pBeANGHEb@UPI\U^Wp@k@JVDVDf@@FCz@Jj@DXEYKk@B{@Go@EWKWq@j@_@V]TQHc@TIDOFqBdAe@b@URw@v@yAzAi@l@ORs@aA
WF2 0GU,45,955,The Well Church (Elim Pentecostal) → Wrenthorpe Dental Care → Wrenthorpe Methodist Church → St Annes → The Well Church (Elim Pentecostal),3,1389,312,5min,cgwfIz~hHj@cDf@TzB^b@DTCHAXINEDjBF|@WDYFI@kARLA|@QHAXGVEG}@EkBODYHI@UBc@E{B_@g@UGIY[[U}@a@FYb@eATy@Ux@O\Sf@GXGC}@a@]OQIOOWa@k@_AS[e@s@Rg@@CTk@Uj@ABSf@d@r@RZbA`BNNPH\N|@`@FB|@`@ZTXZFHk@bD
WF2 0GU,45,956,The Wheel → Wrenthorpe Club → The Lawrence → Wrenthorpe Academy → The Wheel,3,1732,292,4min,k`xfIb|gHgAzA~BdBTN\Tj@^G^I@??WQODLu@]UUO_CeB_@h@CBW^uA~BmAtBKPe@iAIUEO?O@OBSZm@DED@HNIOEAED[l@CRAN?NDNHTLZVl@JQlAuBtA_CV_@BC^i@~BdBTN\Tj@^|@n@`BpAZXj@z@Z_AXcAb@_BBIHS??IRCHc@~AYbA[~@k@{@[YaBqA}@o@k@_@]UUO_CeBfA{A
WF2 0GU,45,957,The Wren Cafe → Conroyds Fish and Chips → The New Pot Oil → Wrenthorpe Methodist Church → The Wren Cafe,3,1229,222,3min,exvfInhhHDMVq@Pc@Ds@VPt@v@PT]xAY|@o@dBUl@GRy@nDEJW|@MTORYR_@LODIBODI@UBc@E{B_@g@UGIY[[U}@a@FYb@eATy@Ux@O\Sf@GX|@`@ZTXZn@}DL{@@AH_@Po@PJXLn@VJLf@v@T\JHDBH?FADIHSpAeFJ_@Rk@Pc@
WF2 0GU,45,958,tillybods → Wrenthorpe Club → The Lawrence → Wrenthorpe Academy → tillybods,3,1647,274,4min,}bxfIl_hHHM~BdBTN\Tj@^G^I@??WQODLu@]UUO_CeB_@h@CBW^uA~BmAtBKPe@iAIUEO?O@OBSZm@DED@HNIOEAED[l@CRAN?NDNHTLZVl@JQlAuBtA_CV_@BC^i@~BdBTN\Tj@^|@n@`BpAZXj@z@Z_AXcAb@_BBIHS??IRCHc@~AYbA[~@k@{@[YaBqA}@o@k@_@]UUO_CeBIL
WF2 0GU,45,959,Total Fitness → Silkwood Farm → Shell Select → DVSA Wakefield Test Center → Total Fitness,3,4023,613,10min,o{sfIpemH^XBB@D@NCNGNABEHGLWhAOp@AJQn@GVELELQf@Q`@GHMTMNIHEDOHEBEFEDIPANENGHWFECIIEMCOAQBQDOBCJ[BMBMBM@a@JgABYJy@Fe@Ha@ReAJe@zAcH@K?G?EAa@CQEUAMEIKU{BaCo@{@IVKZYp@mA~FnB~ALo@VR\ZPaA??Q`A][WSMn@oB_BlA_GXq@J[HWn@z@zB`CLJD@D?LEDAJEF?B?HF@BDHDN@RAPEPGLIDK@OFEHEJ{AbHKd@SdAI`@Gd@Kx@CXKfAA`@?LBNBP??FTBBDJBN?PANEN?\?B?HBRH\DLFNVf@HN^j@VPLDD@B?B?NEzCuHPg@Rc@JS`@w@@[Ea@BS@CHU@C??RATZb@iAD_@\_ABQA_@q@gAw@m@KEMGo@_@e@e@[_@SU_@m@KMEECAKCIDK@KEGIGMCQEUAMEIKU{BaCo@{@IVKZYp@mA~FnB~AUfAABC@C@MD@^?D?BGTDO@E?C?EA_@LEBABA@CTgAoB_BlA_GXq@J[HWn@z@zB`CLJD@D?LEDAJEF?B?HF@BDHDN@RAPEPGLIDK@OFEHEJ{AbHKd@SdAI`@Gd@Kx@CXKfAA`@?LBNBP??FTBBLDH@F@D?NIDEHILOLUFIPa@Pg@DMDMFWPo@@KNq@ViAD]DIDIHIAOAECC_@Y
WF2 0GU,45,960,Toyota Vantage → Shell Select → Total Fitness → Silkwood Farm → Toyota Vantage,3,3300,574,9min,grsfIz|lHTeAAECCC?ELUlACDOl@IX]JILQdALFJDv@l@TJb@Fn@OSz@Qb@[z@[x@c@hAIPWj@Kb@q@xBG[?K@QJS`@w@@[Ea@BS@CHU@C??RATZb@iAD_@\_ABQA_@q@gAw@m@KEMGo@_@e@e@[_@SU_@m@KMEECAKCIDK@OFEHEJ{AbHKd@SdAI`@Gd@Kx@CXKfAA`@?LBNBP??FTBBLDH@F@D?NIDEHILOLUFIPa@Pg@DMDMFWPo@@KNq@ViAD]DIDIHIAOAECC_@Y_Aw@~ApABB@D@NCNGNABEHGLWhAOp@AJQn@GVELELQf@Q`@GHMTMNIHEDOHEBEFEDIPANENGHWFECIIEMCOAQBQDOBCJ[BMBMBM@a@JgABYJy@Fe@Ha@ReAJe@zAcH@K?G?EAa@CQEUAMEIKU{BaCo@{@IVKZYp@mA~FnB~ALo@VR\ZPaA??Q`A][WSMn@oB_BlA_GXq@J[HWn@z@zB`CLJD@D?LEDAJEF?B?HF@BDHDN@RBX@LBJFV^l@RTZ^d@d@n@^PeAHM\KHYNm@BETmADMB?BB@DUdA
WF2 0GU,45,961,Valley Cresent Day Centre → Conroyds Fish and Chips → The New Pot Oil → Wrenthorpe Methodist Church → Valley Cresent Day Centre,3,1229,222,3min,gxvfInhhHFMVq@Pc@Ds@VPt@v@PT]xAY|@o@dBUl@GRy@nDEJW|@MTORYR_@LODIBODI@UBc@E{B_@g@UGIY[[U}@a@FYb@eATy@Ux@O\Sf@GX|@`@ZTXZn@}DL{@@AH_@Po@PJXLn@VJLf@v@T\JHDBH?FADIHSpAeFJ_@Rk@Nc@
WF2 0GU,45,962,Vic's Cafe → The Quad → The Lawrence → tillybods → Vic's Cafe,3,6930,599,9min,{zxfIpkgHHMBQ~@sGVoAlBiIFYfBcGzAgE|A_Ex@iBt@yAfBcDf@u@v@gAr@}@|@gA|@w@lB{AnBkAfBw@jBk@dBY|AQT?N@RDRFNFL@JAJCLULKPEPFNLXAPERKXI`BKD?\CPANA~@Gb@?R@TDP@H?LCNQBGDIHGFEH?H@B@HAFAHCLEJCJCHCNCZG`@IXEHCDALETKFAl@W??LE@ALEHCJAHAJAJ?L@J@@?NB@?LDJBNFPFFH@BDDLNNLNNPNPNJFHDHDRJTJl@X^Rf@VPHFDHDDDDBJHRNJHFFNJNLb@XHBBBLFJDNHd@NBBBBDDHHCb@ALALALGp@CTEPKXIPGHADGHGFc@h@EFEBCBGFC?E@QBO?G^IZQn@]bA}@tC_@tA]zAU|@e@`BWj@e@hAU^WZi@l@yAvAOL}BbCkAnAc@f@gCxCc@b@a@VOF[Na@D]?a@?q@@UB[Ds@\]X{@|@WXSPUNeBh@i@T_@PKHuBlAsBbA{@b@q@^c@Xu@f@E@eBbAo@`@m@d@s@v@s@~@wBzC_@h@CBW^uA~BmAtBKPe@iAIUEO?O@OBSZm@DED@HNIOEAED[l@CRAN?NDNHTLZVl@JQlAuBtA_CV_@BC^i@~BdBTN\Tj@^G^I@WQODLu@]UUO_CeBILUZCBW^uA~BmAtBKPq@hAGHq@jAaAdBSb@oBxD_AhBcA|AKLCDu@~@}@|@a@XCB_@RQHoB~@sBjAQHk@XkBbA_@XQRS^K`@GXEb@CX?^Dn@Lj@HPFJHFJDJ?JAJEJKv@}AvByFf@cC\cCLoATeCd@{Ht@wLDyANoDD{@EGEIAIAIAM?MBODKBIDEJELaALy@|@kGJo@IL
WF2 0GU,45,963,"Village Hall, Kirkhamgate → The Star Inn → Outwood Primary Academy Kirkhamgate → Shawfold Cars → Village Hall, Kirkhamgate",3,1824,320,5min,gswfInbnHRhBNl@Lb@yAzAi@l@ORs@aAKMAu@F]?IOs@Nr@?HG\@t@~@nANSh@m@xA{AMc@Om@]}CE]Kq@SyACK?AOkA_@qCcAf@[yAJIKHZxAbAg@^pCNlABJRxAJp@D\\|CNl@Lb@v@w@TSd@c@pBeANGHEb@UPI\U^Wp@k@JVDVDf@@FCz@Jj@DXEYKk@B{@Go@EWKWq@j@_@V]TQHc@TIDOFqBdAe@b@URw@v@Mc@Om@SiB
WF2 0GU,45,964,Village Stores → Outwood Primary Academy Kirkhamgate → The Star Inn → Shawfold Cars → Village Stores,3,1827,328,5min,opwfI`bnHl@]^vBe@b@URw@v@Mc@Om@]}CE]Kq@SyACK?AOkA_@qCcAf@[yAJIKHZxAbAg@^pCNlABJRxAJp@D\\|CNl@Lb@yAzAi@l@ORs@aAKMAu@F]?IOs@Nr@?HG\@t@~@nANSh@m@xA{Av@w@TSd@c@pBeANGHEb@UPI\U^Wp@k@JVDVDf@@FCz@Jj@DXEYKk@B{@Go@EWKWq@j@_@V]TQHc@TIDOFqBdA_@wBm@\
WF2 0GU,45,965,Wakefield Flanshaw Junior and Infant School → West Villa → NAV Mini Market → Phoenix Young People's Centre → Wakefield Flanshaw Junior and Infant School,3,1529,218,3min,oqtfI~lhHa@lCGn@Ml@a@tB[~AMn@c@nBq@zBCFSn@Uj@]~@Ul@Ob@c@k@[g@Wc@OQKKc@YWzAU~AQlAEl@C\A^ZHPFPH??JJLT[v@c@pAGReAvCg@zAGIWKVJFHf@{An@eBTq@FSb@qAZw@JSf@iAj@wAh@mANc@Tm@\_ATk@Ro@BGp@{Bp@_DZ_B`@uBLm@Fo@`@mC
WF2 0GU,45,966,War Memorial → The Star Inn → Outwood Primary Academy Kirkhamgate → Shawfold Cars → War Memorial,3,1714,311,5min,crwfIfgnHLb@yAzAi@l@ORs@aAKMAu@F]?IOs@Nr@?HG\@t@~@nANSh@m@xA{AMc@Om@]}CE]Kq@SyACK?AOkA_@qCcAf@[yAJIKHZxAbAg@^pCNlABJRxAJp@D\\|CNl@Lb@v@w@TSd@c@pBeANGHEb@UPI\U^Wp@k@JVDVDf@@FCz@Jj@DXEYKk@B{@Go@EWKWq@j@_@V]TQHc@TIDOFqBdAe@b@URw@v@Mc@
WF2 0GU,45,967,War memorial in Kirkhamgate. → The Star Inn → Outwood Primary Academy Kirkhamgate → Shawfold Cars → War memorial in Kirkhamgate.,3,1698,309,5min,{qwfIzgnHDNyAzAi@l@ORs@aAKMAu@F]?IOs@Nr@?HG\@t@~@nANSh@m@xA{AMc@Om@]}CE]Kq@SyACK?AOkA_@qCcAf@[yAJIKHZxAbAg@^pCNlABJRxAJp@D\\|CNl@Lb@v@w@TSd@c@pBeANGHEb@UPI\U^Wp@k@JVDVDf@@FCz@Jj@DXEYKk@B{@Go@EWKWq@j@_@V]TQHc@TIDOFqBdAe@b@URw@v@EO
WF2 0GU,45,968,"War Memorial, Kirkhamgate → The Star Inn → Outwood Primary Academy Kirkhamgate → Shawfold Cars → War Memorial, Kirkhamgate",3,1686,304,5min,gqwfI|gnHMLyAzAi@l@ORs@aAKMAu@F]?IOs@Nr@?HG\@t@~@nANSh@m@xA{AMc@Om@]}CE]Kq@SyACK?AOkA_@qCcAf@[yAJIKHZxAbAg@^pCNlABJRxAJp@D\\|CNl@Lb@v@w@TSd@c@pBeANGHEb@UPI\U^Wp@k@JVDVDf@@FCz@Jj@DXEYKk@B{@Go@EWKWq@j@_@V]TQHc@TIDOFqBdAe@b@URi@h@
WF2 0GU,45,969,"War Memorial on Batley Road, Kirkhamgate → The Star Inn → Outwood Primary Academy Kirkhamgate → Shawfold Cars → War Memorial on Batley Road, Kirkhamgate",3,1686,304,5min,gqwfI|gnHMLyAzAi@l@ORs@aAKMAu@F]?IOs@Nr@?HG\@t@~@nANSh@m@xA{AMc@Om@]}CE]Kq@SyACK?AOkA_@qCcAf@[yAJIKHZxAbAg@^pCNlABJRxAJp@D\\|CNl@Lb@v@w@TSd@c@pBeANGHEb@UPI\U^Wp@k@JVDVDf@@FCz@Jj@DXEYKk@B{@Go@EWKWq@j@_@V]TQHc@TIDOFqBdAe@b@URi@h@
WF2 0GU,45,970,West Ardsley Book Exchange → Hill Top Primary Academy → West Ardsley Methodist Church → The Mens Room → West Ardsley Book Exchange,3,7477,837,13min,qszfIvyqHTHj@RlEhBPFzAp@pBx@pBv@fAd@n@^d@b@eFbNGNm@dBo@|Ay@|BSh@S[EAIAKAGIo@cAOU??NTn@bAFHJ@H@D@RZRi@x@}Bn@}Al@eBFOdFcNe@c@o@_@gAe@NaB|@h@PBJMKLA?OC}@i@O`BqBw@qBy@{Aq@QGmEiBk@Sk@S{Ai@{@Wo@Uu@e@e@[CC]YuAoAkAaAs@i@gAaAGE[Wk@a@cDgCu@g@SGQEc@IKAeBS_@Go@OsB]SEQA?m@AaAA]E{@IaAKiBQ_CE}@AQAQIsAIqAAWMoBGaAIaAUeBYwB]oCe@uBi@mCMs@Gk@u@oH]mDOuAY{BIk@CSIs@OuA_AmHKcAKu@Ic@Rg@P]V_@V_@NMVU~@i@\Qn@UVIj@MZGn@StAq@fBy@\Q`@Sp@]z@g@vBoAh@a@XYP_@DIP}@De@FkABgA@m@zAHHAFEDGDMBSBaClALFDFHBJ@H?FALEJEDIDoA^CRELEFGDI@{AIEtBGjAEd@Q|@EHQ^YXi@`@wBnA{@f@q@\a@R]PgBx@uAp@o@R[Fk@LWHo@T]P_Ah@WTOLW^W^Q\Sf@Hb@Jt@JbA~@lHNtAHr@BRHj@XzBNtA\lDt@nHFj@Lr@h@lCd@tB\nCXvBTdBH`AF`ALnB@VHpAHrA@P@PD|@P~BJhBH`ADz@@\@`A?l@P@RDrB\n@N^FdBRJ@b@HPDRFt@f@bDfCj@`@ZVFDfA`Ar@h@jA`AtAnA\XBBd@Zt@d@n@Tz@VzAh@TH
WF2 0GU,45,971,West Ardsley Community Centre → West Ardsley Methodist Church → West Ardsley Book Exchange → Highfield School → West Ardsley Community Centre,3,12804,1453,24min,qizfIb_sHFMV^S`@D@RZRi@x@}Bn@}Al@eBFOdFcNe@c@o@_@gAe@NaB|@h@PBJMKLA?OC}@i@O`BqBw@qBy@{Aq@QGmEiBk@Sk@SBWDS@S?Q?S@OLaBM`BAN?R?PARERCVTHTHj@RlEhBPFzAp@pBx@pBv@fAd@n@^d@b@eFbNGNm@dBo@|Ay@|BSh@KXKXO^Wt@_@`Aa@pAGV?FCTGxDA|@?JMdHAb@At@At@C~@MfJ?PA`@@p@J`A`@vBBb@LjGj@|Fp@jHJ|C?~BO`CYzCtDvBpJtFLF`J|EhHdEPHnBnAhE|B\RZRXLrAv@bAh@JDr@h@~AjA|@`Az@|AJN^n@r@zAlAnDHTHVpAlDp@`BHFHFD@F?N?^WPMp@UBAZKh@CHDTJZTTZb@ZH?HFb@i@tD{ITc@^q@bAqB\cAF_ACEAO?I?EBMDKFEBADAD@VIPAnBw@LMr@cAXa@JOX]h@aAlCmD~CsEbCmDdB_C`ByBT[x@gAGWOm@?a@Fs@\cA\i@zBmCTYR_@Jk@Bc@Ac@Ga@Oo@Yw@Og@IWUs@I[Oa@GUIUGU{@sCGSa@_AQWq@q@MKIIi@]QMQSGMUe@Sg@Ss@K]Mq@YgBKq@c@yBu@}BKWC[?w@@eA?kB?]Aa@?WCQAQAKCEIWMa@Qo@Qq@Mw@Kg@QoB]oDKoAQgBQyAO?eEhDdEiDN?PxAPfBJnA\nDJjADb@Jf@Lv@Pp@Pn@L`@HVBD@J@PBP?V@`@?\?jBAdA?v@BZJVt@|Bb@xBJp@XfBLp@J\Rr@Rf@Td@FLPRPLh@\HHLJp@p@PV`@~@FRz@rCFTHTFTN`@HZTr@HVNf@Xv@Nn@F`@@b@Cb@Kj@S^UX{BlC]h@]bAGr@?`@Nl@FVy@fAUZaBxBeB~BcClD_DrEmClDi@`AY\KNY`@s@bAMLoBv@GRMP?D@NALCJ?@GHGDS`@OH]bAcApB_@p@Ub@uDzIWfA?NCNELKJI?IEGICKAQ@SMy@U[[UUKIEi@B[JC@q@TQL_@V]VSi@q@aBqAmDIWIUmAcCk@iAa@{@qBwCk@m@wAiA_Am@q@e@yCaBeBaA_CmAmAw@a@S}DuBqC{AyImFeP}I@g@X{CNaC?_CK}Cq@kHk@}FMkGCc@a@wBKaAAq@@a@?QLgJB_A@u@@u@@c@LeH?K@}@FyDBU?GFW`@qA^aAVu@N_@JYJYS[EAIAKAGIPe@
WF2 0GU,45,972,West Ardsley Methodist Church → West Ardsley Community Centre → West Ardsley Book Exchange → The Star Inn → West Ardsley Methodist Church,3,6229,593,9min,q}yfIvarHOC}@i@O`BfAd@n@^d@b@eFbNGNm@dBo@|Ay@|BSh@S[EAIAKAGIPe@FMV^S`@D@RZRi@x@}Bn@}Al@eBFOdFcNe@c@o@_@gAe@qBw@qBy@{Aq@QGmEiBk@Sk@SBWDS@S?Q?S@OLaBM`BAN?R?PARERCVTHTHj@RlEhBPFzAp@pBx@pBv@fAd@n@^d@b@FOZ{@HYViA^iBXgARm@R]^a@JInBeBr@w@j@}@Xq@ZcA\gBTmATcAb@cB|@yCBGt@}BtA_E~@wDXsBn@cFRmARw@Vq@b@o@r@q@xA_Ad@YRSJ]Jm@h@wELw@Pu@Ne@Tg@`@m@\YPM\I\GXAB?d@HZDR?NAlAQjAODAXOXWXg@Rk@Ru@t@aDNg@Vo@\s@zBgDRY^g@s@aAKMAu@F]?IOs@Nr@?HG\@t@~@nA_@f@SX{BfD]r@Wn@Of@u@`DSt@Sj@Yf@YVYNE@kANmAPO@S?[Ee@IC?Y@]F]HQL]Xa@l@Uf@Od@Qt@Mv@i@vEKl@K\SRe@XyA~@s@p@c@n@Wp@Sv@SlAo@bFYrB_AvDuA~Du@|BCF}@xCc@bBUbAUlA]fB[bAYp@k@|@s@v@oBdBKH_@`@S\Sl@YfA_@hBWhAIX[z@GNe@c@o@_@gAe@NaB|@h@NB
WF2 0GU,45,973,West Villa → Wakefield Flanshaw Junior and Infant School → NAV Mini Market → Phoenix Young People's Centre → West Villa,3,1690,274,4min,sutfIp|hHLo@Z_B`@uBLm@Fo@`@mCf@mD\T]UiAzHGn@Ml@a@tB[~Aq@~Cq@zBCFSn@Uj@]~@Ul@Ob@c@k@[g@Wc@OQKKc@YWzAU~AQlAEl@C\A^ZHPFPH??JJLT[v@c@pAGReAvCg@zAGIWKVJFHf@{An@eBTq@FSb@qAZw@JSf@iAj@wAh@mANc@Tm@\_ATk@Ro@BGp@{Bb@oB
WF2 0GU,45,974,West Yorkshire Police Bishopgarth House → West Yorkshire Police Learning & Development Centre → Cardigan House → Driver Training Area → West Yorkshire Police Bishopgarth House,3,9946,536,8min,{uyfIxzjH??JCJAFABG?IEmAh@OKgDAS?Q?Q?Q@QFaB?Q?MEWOIGCI?ODeCnDg@h@g@b@cAp@iB`ASJIDGHIHEHCHYlA?BCvA?P@P@RDRThAf@~Br@|CnB|INn@bApEj@fCR|@x@nD\|AtAxDbCzFbCdFbAjBb@x@bAjBnCrD|CfEjDpDxFdFfMjJzBxA`CrAtBfAtDrBtG`Dn@R~FjBlGhAdE\xDDvEOnE[hOcClImApBYzRuF^OZSPMNQNUj@{ARg@POPMLINEP@RBTLVXJXFVDVDX@\?ZAtDA|@AZA\ETW~@MZk@Va@@OCWOMOMUIOi@w@a@So@E{Lh@qAFsFj@sInAeOdCoE`@cFJwDImE]eGaAaGiBs@W_HeDkDqBuBiAcCcB}B_BqFsDiF{DkFqEoD{DaDeE}BqDmAkBc@y@wAuCoEsJuBoF_AqCo@wA_AuCqA}DOc@}BiHwAmEQa@Uu@K]MYKWGMGKGIGIGGEEMIOKc@SEAc@e@OUGQEOEQAMAOAQ?S@O@O?GDQFWFWFOFMrAuBHKFGFGHGHGJCHAH?H?H@JDt@NZLPBLBR@NANCLEJGZSjAy@`A_A`AkAb@o@\Ut@gALKJ?FJJ`@BNDV?L?PG`BAP?P?P?P@RJfDi@NDlA?HCFG@K@KB??
WF2 0GU,45,975,West Yorkshire Police Learning & Development Centre → Cardigan House → West Yorkshire Police Bishopgarth House → Driver Training Area → West Yorkshire Police Learning & Development Centre,3,19016,974,16min,o|yfIrvkHbApEj@fCR|@vAlGtAxDbCzFbCdFbAjBb@x@bAjBnCrD|CfEjDpDxFdFfMjJzBxA`CrAtBfAtDrBtG`Dn@R~FjBlGhAdE\xDDvEOnE[hOcClImApBYzRuF^OZSPMNQNUj@{ARg@POPMLINEP@RBTLVXJXFVDVDX@\?ZAtDA|@AZA\ETW~@MZk@Va@@OCWOMOMUIOi@w@a@So@E{Lh@qAFsFj@sInAeOdCoE`@cFJwDImE]eGaAaGiBs@W_HeDkDqBuBiAcCcB}B_BqFsDiF{DkFqEoD{DaDeE}BqDmAkBc@y@wAuCoEsJuBoF_AqCo@wA_AuCqA}DOc@}BiHwAmEQa@Uu@K]MYKWGMGKGIGIGGEEMIOKc@SEAc@e@OUGQEOEQAMAOAQ?S@O@O?GDQFWFWFOFMrAuBHKFGFGHGHGJCHAH?H?H@JDt@NZLPBLBR@NANCLEJGZSjAy@`A_A`AkAb@o@\Ut@gALKJ?FJJ`@BNDV?L?PG`BAP?P?P?P@RJfDi@NG_BIgCAYAOEECAEHIJKNCD@^FxBDrB@f@DRDFBB??JCJAFABG?IEmAh@OKgDAS?Q?Q?Q@QFaB?Q?MEWOIGCI?ODeCnDg@h@g@b@cAp@iB`ASJIDGHIHEHCHYlA?BCvA?P@P@RDRThAf@~Br@|CnB|I~BhKR|@x@nD\|AtAxDbCzFbCdFbAjBb@x@bAjBnCrD|CfEjDpDxFdFfMjJzBxA`CrAtBfAtDrBtG`Dn@R~FjBlGhAdE\xDDvEOnE[hOcClImApBYzRuF^OZSPMNQNUj@{ARg@POPMLINEP@RBTLVXJXFVDVDX@\?ZAtDA|@AZA\ETW~@MZk@Va@@OCWOMOMUIOi@w@a@So@E{Lh@qAFsFj@sInAeOdCoE`@cFJwDImE]eGaAaGiBs@W_HeDkDqBuBiAcCcB}B_BqFsDiF{DkFqEoD{DaDeE}BqDmAkBc@y@wAuCoEsJuBoF_AqCo@wA_AuCqA}DOc@}BiHwAmEQa@Uu@K]MYKWGMGKGIGIGGEEMIOKc@SEAc@e@OUGQEOEQAMAOAQ?S@O@O?GDQFWFWFOFMrAuBHKFGFGHGHGJCHAH?H?H@JD^\JNFJDLDLBPBN@N@P?P?P?P?BCvA?P@P@RDRThAf@~Br@|CnB|INn@
WF2 0GU,45,976,White Rose Sandwich Co. → BP Manor Service Station → Main Street Fisheries → St Michaels Church → White Rose Sandwich Co.,3,1778,384,6min,yl{fIr~kHe@}CCQKy@]cCZNJ@ZDZ@L?n@Al@AR_@f@dAOZGN_AMw@pCa@lCg@iDCQKy@]cCZNJ@Be@a@M??`@LCd@ZDZ@L?n@Al@AUp@EPw@pCa@lCWzCMhAy@BeAZWTUV}@p@}@f@AI{DbAGXNfANTHFFn@Go@IGOUOgAFYtA_@dBc@@H|@g@|@q@TWVUdA[x@CLiAV{CAK
WF2 0GU,45,977,Wrenthorpe Academy → Hong Kong Vegan → St Annes → Spot on Dog Grooming → Wrenthorpe Academy,3,2963,321,5min,cqwfI`chHIRCHc@~AYbA[~@k@{@[YaBqA}@o@k@_@]UUO_CeBvB{Cr@_Ar@w@l@e@n@a@dBcADAt@g@b@Yp@_@d@UTMrBcAtBmAJI^Qh@UdBi@TORQVYz@}@\Yr@]ZETCp@A`@?\?`@EZOMr@Or@Gh@?f@B^J^Tn@FNLZRp@Jb@DX@l@@p@@`@@L?NHv@L`A@JB\@Z?r@Ad@En@Gl@WdBG\KhAMt@]xAY|@o@dBUl@aAbEEJW|@MTORYR_@LODYHI@UBc@E{B_@g@UGIY[[U}@a@GC}@a@]OQIOOWa@k@_AS[e@s@]g@u@kAk@{@[YaBqACAy@m@G^I@WQODLu@j@^|@n@`BpAZXj@z@Z_AXcAb@_BBIHS
WF2 0GU,45,978,Wrenthorpe Club → Declans → Pinderfields Hospital PRU → The Lawrence → Wrenthorpe Club,3,1957,349,5min,e|wfIlehHHAF_@k@_@]UUO_CeBqA_Ak@_@IIZyAGOIUHTFN[xAHHj@^pA~@l@b@pA`ATN\Tj@^|@n@`BpAZXj@z@Z_AXcAb@_BBILLl@j@??m@k@MMCHc@~AYbA[~@k@{@[YaBqA}@o@k@_@]UUO_CeB_@h@CBW^uA~BmAtBKPe@iAIUEO?O@OBSZm@DED@HNIOEAED[l@CRAN?NDNHTLZVl@JQlAuBtA_CV_@BC^i@~BdBTN\Tj@^G^I@
WF2 0GU,45,979,Wrenthorpe Dental Care → The Well Church (Elim Pentecostal) → Wrenthorpe Methodist Church → Wrenthorpe Post Office → Wrenthorpe Dental Care,3,1637,314,5min,q`wfIhaiH|@QHAXGVEG}@EkBODYHI@UBc@EMNWNINKZI\ITi@XMNEPG^EZOEQCG?USMOReADUj@cDGIY[[U}@a@FYb@eATy@Ux@O\Sf@GX|@`@ZTXZn@}DL{@@AH_@Po@Je@Jo@Fa@D[@IDUFg@BSBMD[F]BUFc@@EJg@BIPRNFTJNFTFN?F@xCBX@VPt@v@PT]xAY|@o@dBUl@Qp@o@pCEJW|@MTORYR_@LDjBF|@WDYFI@}@P
WF2 0GU,45,980,Wrenthorpe Methodist Church → The Well Church (Elim Pentecostal) → St Annes → The New Wheel → Wrenthorpe Methodist Church,3,1494,258,4min,whwfIvthHSf@GX|@`@ZTXZFHf@TzB^MNWNINKZI\ITi@XMNEPG^EZOEQCG?USMOReADUj@cDGIY[[U}@a@GC}@a@]OQIOOWa@k@_AS[e@s@Rg@@CTk@Uj@ABSf@d@r@RZbA`BNNPH\N|@`@FB|@`@ZTXZFHf@T`BXXDMNWNINKZI\ITi@XMNEPG^EZOEQCG?USMOReAp@yDGIY[[U}@a@FYRg@
WF2 0GU,45,981,Wrenthorpe Park & Alverthorpe Meadows → Alverthorpe & Wrenthorpe Meadows LNR → Silcoates School → Conroyds Fish and Chips → Wrenthorpe Park & Alverthorpe Meadows,3,8644,1098,18min,cnufIlxgHTSf@g@V|@`@vAVz@Tz@Tr@Td@PVRRRLXLXBX?f@OFbAV|DJpAo@QmCe@KE??JDlCd@n@P~@V`Cj@\cABEJ[Ha@Ho@Dg@@k@?q@QqCIaAh@OnA_@VIVGpBm@|Ac@OxAAJEf@g@jCKf@OfAiAzHGn@Ml@a@tB[~Aq@~Cq@zBCFSn@Uj@]~@Ul@Ob@i@lAk@vAg@hAKR[v@c@pAGReAvCg@zAg@|AMZM\]v@q@fBGL_@`As@fBs@hBwBvE}BrGW~@q@`Ce@rBW|@Qh@Wb@[^q@h@eBzA_AbAc@h@cAlBCHsAeC]u@k@qAQ]qAoCIQFSn@_GTaCN{Cd@cR@MJkARuA@UFa@Dk@D]BS@U?[C[GSOa@U_@}@aBVg@Dw@?s@?GFWFMPi@HQBQ?KESAG?E?KF]DYNa@`@eAKQGO?G?Md@sA??e@rA?L?FFNJPb@iABGBADADBDHBJ?@?F_B`EELAJAL@L?B@DFHFBDFBHFLDHDHBL@LAPA|@CZAXIhAGrACXCNMPOa@U_@}@aBS_@Wc@y@gAw@eAw@aAsAiBaAwAS[AC_@o@e@q@IMMg@Mm@Gi@G}@EkB^MXSNSLUV}@DKx@oDFSTm@n@eBX}@\yALu@JiAF]VeBFm@Do@@e@?s@A[C]AKMaAIw@?OAMAa@Aq@Am@EYKc@Sq@M[GOUo@K_@C_@?g@Fi@Ns@Ls@NG`@Wb@c@fCyCb@g@jAoA|BcCNMxAwAh@m@V[T_@d@iAVk@d@aBT}@\{A^uA|@uC\cAPo@H[F_@BSN@L@J?HADCDGb@i@FGFI@EFIHQJYDQBUFq@@M@M@MBc@H@F?B?@?L@N?VAJAJARCLEPERGDCHCJGLININKFEFGFELO@A^]^]b@c@z@{@`AcAZYb@e@NO|A_BFE@AdAgAr@s@r@u@JEHEn@Al@@hBALAN?F?FBLL@DNPDFNRRRV\VZI`@ADCJAFOp@i@zBWjAOnAO`AYhAMb@a@|AMx@@j@NrAPdAHl@@BJn@VtB@D@FH`AHlA?J@j@@x@AbAIdAIz@Kn@]~AUx@Kb@Ij@IAMBmBjBUTEBCD]\w@bAGLGLwAhCy@jAILg@p@mAdBKN[`@MVi@z@e@`Ag@jA]j@Yn@]n@k@x@[^a@h@g@f@UR
WF2 0GU,45,982,Wrenthorpe Post Office → The Wren Cafe → The New Pot Oil → Wrenthorpe Methodist Church → Wrenthorpe Post Office,3,1833,271,4min,_xvfItqhHo@pCEJW|@MTORYR_@LODYHI@UBc@E{B_@g@UGIn@}DL{@@AH_@Po@PJXLn@VJLf@v@T\JHDBH?FADIHSpAeFJ_@Rk@Pc@DMVq@Pc@Ds@VPt@v@PT]xAY|@o@dBUl@aAbEEJW|@MTORYR_@LODIBODI@UBc@E{B_@g@UGIY[[U}@a@FYb@eATy@Ux@O\Sf@GX|@`@ZTXZFHf@TzB^b@DTCHAXINE^MXSNSLUV}@DKn@qC
WF2 0GU,45,983,Wrenthorpe Potovens → The Well Church (Elim Pentecostal) → Wrenthorpe Post Office → Hall Cliffe Primary School → Wrenthorpe Potovens,3,1655,257,4min,{|vfI|~hHCSEkBODYHI@UBc@EMNWNINKZI\ITi@XMNEPG^EZOEQCG?USMOReADUj@cDGIn@}DL{@@AH_@Po@Je@Jo@Fa@D[@IDUFg@BSBMD[F]BUFc@@EJg@BIPRNFTJNFTFN?F@xCBX@VPt@v@PT]xAY|@o@dBUl@Qp@o@pCEJW|@MTORYR_@LDjBF|@Fh@Ll@Lf@Dd@Bp@BnA?d@?t@?hBL?ZXXB@?[C[YM??iB?u@?e@CoACq@Ee@Mg@Mm@Gi@Ci@
WF2 0GU,45,984,Wrenthorpe Village Hall → The Well Church (Elim Pentecostal) → Wrenthorpe Post Office → Wrenthorpe Methodist Church → Wrenthorpe Village Hall,3,1880,317,5min,k~vfIt`iH@?XGVEG}@EkBODYHI@UBc@EMNWNINKZI\ITi@XMNEPG^EZOEQCG?USMOReADUj@cDGIn@}DL{@@AH_@Po@Je@Jo@Fa@D[@IDUFg@BSBMD[F]BUFc@@EJg@BIPRNFTJNFTFN?F@xCBX@VPt@v@PT]xAY|@o@dBUl@Qp@o@pCEJW|@MTORYR_@LODYHI@UBc@E{B_@g@UGIY[[U}@a@FYb@eATy@Ux@O\Sf@GX|@`@ZTXZFHf@TzB^b@DTCHAXINEDjBF|@WDYFA?
WF2 0GU,50,985,Al Fresco → The New Albion → The Blue Light → West Villa → Al Fresco,3,1538,301,5min,__ufIjuiHCj@APAPCl@E^GRKRBHRb@U`@CCAAGJ??FK@@BBTa@Sc@}AlCu@rAIHHVN`@ADCDSRRSBE@EYy@HIt@sA|AmCCI[o@c@_Ab@qAZw@JSf@iAj@wAh@mANc@Tm@\_ATk@Ro@BGp@{BwA_Bx@qCnApAMn@c@nBq@zBCFSn@Uj@]~@Ul@Ob@i@lAk@vAg@hAKR[v@c@pAb@~@Zn@JSFSD_@Bm@@Q@QBk@
WF2 0GU,50,986,Alverthorpe Conservative Club → Pizza Ferrara → Al Fresco → Alverthorpe St Paul's CofE (VA) School → Alverthorpe Conservative Club,3,1975,404,6min,cbufI`_jH`AeBCI[o@c@_AGReAvCg@zAg@|AMZM\Nl@Rz@S{@Om@L]L[FS^iAf@{AdAwCFSb@~@Zn@JSFSD_@Bm@@Q@QBk@?Q@UBy@Cx@ATC|@APAPCl@E^GRKR[o@c@_Ab@qAZw@MUKKQIQG[IQCSGMEQKY[g@g@SWy@oAGEKCQl@c@`AEd@Er@ETIVKXERGTEX@\Ap@AXGVILDZBV?R@RGd@A\CTCB??C?B?BCBU@]Fe@AS?SCWE[HMFW@Y@q@A]DYFUDSJYHWDUDs@De@b@aAPm@JBFDx@nARVf@f@XZPJLDRFPBZHPFPHJJLT[v@c@pAb@~@Zn@BHaAdB
WF2 0GU,50,987,Alverthorpe Garage → Sun Bo → Kylies Sandwich Bar & Custom Cakes → Mill View Stores → Alverthorpe Garage,3,1204,286,4min,cdufI`bjHb@w@|AmCCIJSFSGEi@}@BDd@v@FDGRKR[o@c@_AGReAvCg@zAg@|AMZM\]v@q@fBGLZl@P[QZ[m@FMPg@^_A\w@L]L[f@}Af@{AdAwCFSb@~@Zn@BHRb@HTNVLVLVTfAj@Sk@RESOs@MWMWOWIUSc@}AlCc@v@
WF2 0GU,50,988,Alverthorpe St Paul's CofE (VA) School → Pizza Ferrara → Alverthorpe Conservative Club → NAV Mini Market → Alverthorpe St Paul's CofE (VA) School,3,1723,329,5min,unufId`jHBCBU@]Fe@AS?SCWE[HMFW@Y@q@A]DYFUDSJYHWDUDs@De@b@aAPm@JBFDx@nARVf@f@XZPJLDRFPBZHPFPHJJLT[v@c@pAGReAvCg@zAg@|AMZM\Nl@Rz@S{@Om@L]L[FS^iAf@{AdAwCFSb@~@Zn@BH}AlCOSNRZg@`AeBCI[o@c@_Ab@qAZw@MUKK??QIQG[IQCSGMEQKY[g@g@SWy@oAGEKCQl@c@`AEd@Er@ETIVKXERGTEX@\Ap@AXGVILDZBV?R@RGd@A\CTCB
WF2 0GU,50,989,Alverthorpe Working Mens Club → The Eagle → Flanshaw Lodge → Mill View Stores → Alverthorpe Working Mens Club,3,1897,288,4min,kltfIdrjHjB\^Lh@XXLPBN@X?RCB?XKPKJIXQ@ARQDC??`@YRQXSPWZi@HOLW^u@FNHRDPDVUJmAhADd@Lb@?AMa@Ee@lAiATKEWEQISGO_@t@MVIN[h@QVYRSPa@X??EBSP[RKHQJYJC?SBY?OAQCYMi@Y_@M_Dm@c@Kc@MGAu@YQMKKi@g@QOUMMIUMOK_@YYa@Wg@[w@CIWe@CIKSGUQk@CIESOs@MW|@aBH[CUMSLRBTIZ}@`BLVTfABHPj@FTJRBHVd@BHZv@Vf@X`@^XNJTLLHTLPNh@f@JJPLt@XF@b@Lb@Jr@N
WF2 0GU,50,990,Alverthorpe & Wrenthorpe Meadows LNR → Wrenthorpe Park & Alverthorpe Meadows → Silcoates School → NAV Mini Market → Alverthorpe & Wrenthorpe Meadows LNR,3,7707,1059,17min,_gufIjlhHJDlCd@n@PKqAW}DGcAg@NY?YCYMSMSSQWUe@Us@U{@W{@a@wAW}@g@f@UR??TSf@g@V|@`@vAVz@Tz@Tr@Td@PVRRRLXLXBX?f@Od@M^MTKr@Sb@Q^M^Mf@Oh@OnA_@VIVGpBm@|Ac@OxAAJEf@g@jCKf@OfAiAzHGn@Ml@a@tB[~Aq@~Cq@zBCFSn@Uj@]~@Ul@Ob@i@lAk@vAg@hAKR[v@c@pAGReAvCg@zAg@|AMZM\]v@q@fBGL_@`As@fBs@hBwBvE}BrGW~@q@`Ce@rBW|@Qh@Wb@[^q@h@eBzA_AbAc@h@cAlBCHsAeC]u@k@qAQ]qAoCIQFSn@_GTaCN{Cd@cR@MJkARuA@UFa@Dk@D]BS@U?[C[GSOa@U_@}@aBVg@Dw@?s@?GFWFMPi@HQBQ?KESAG?E?KF]DYNa@`@eAKQGO?G?Md@sA??e@rA?L?FFNJPb@iABGBADADBDHBJ?@?F_B`EELAJAL@L?B@DFHFBDFBHFLDHDHBL@LAPA|@CZAXIhAGrACXCNMPFRBZ?ZATCRE\Ej@G`@ATStAKjAALe@bROzCU`Co@~FGRHPpAnCP\j@pA\t@rAdCBIbAmBb@i@~@cAdB{Ap@i@Z_@Vc@Pi@V}@d@sBp@aCV_A|BsGvBwEr@iBr@gB^aAFMp@gB\w@L]L[f@}Af@{AdAwCFSb@qAZw@MUKK??QIQG[I@_@B]Dm@PmAT_BV{Ab@XJJNPVb@Zf@b@j@Nc@Tm@\_ATk@Ro@BGp@{Bp@_DZ_B`@uBLm@Fo@hA{HNgAJg@f@kCDg@@KNyA}Ab@qBl@WFWHoA^i@NH`APpC?p@Aj@Ef@In@I`@KZCD]bAaCk@_AWo@QmCe@KE
WF2 0GU,50,991,Amazon DLS4 → Ossett Fire Station → Silkwood Farm → Total Fitness → Amazon DLS4,3,2488,467,7min,wktfIphmH^gBJHNJReAFUPJ@@@?@??CH_@??I^?BA?A?AAQKR_A@GVmAnB~ALo@VR\ZPaA??Q`A][WSMn@oB_BlA_GXq@J[HWn@z@zB`CLJD@D?LEDAJEF?B?HF@BDHDN@RAPEPGLIDK@OFEHEJ{AbHKd@SdAI`@Gd@Kx@CXKfAA`@?LBNBP??FTBBLDH@F@D?NIDEHILOLUFIPa@Pg@DMDMFWPo@@KNq@ViAD]DIDIHIAOAECC_@Y_Aw@~ApABB@D@NCNGNABEHGLWhAOp@AJQn@GVELELQf@Q`@GHMTMNIHEDOHEBEFEDIPANENGHWFECIIEMCOAQBQDOBCJ[BMBMBM@a@JgABYJy@Fe@Ha@ReAJe@zAcH@K?G?EAa@CQEUAMEIKU{BaCo@{@IVKZYp@mA~FWlAAFS~@GTSdAOKKI_@fB
WF2 0GU,50,992,Ardsley House → BP Manor Service Station → Restyle Fitness → China And Thai Express → Ardsley House,3,1540,271,4min,mxzfIrfkHC@kAZcA\kB|@WPo@d@m@b@]\[`@a@j@_@l@MVf@dAOZGN_AMw@pCa@lCg@iDCQKy@]cCZNJ@Be@EA[K`@LCd@ZDZ@L?n@Al@AUp@EPw@pCa@lC[yBKo@CQKy@]cCZNJ@ZDZ@L?n@Al@AR_@LW^m@`@k@Za@\]l@c@n@e@VQjB}@bA]jA[BA
WF2 0GU,50,993,Blue Marlin Fisheries → Sun Bo → Kylies Sandwich Bar & Custom Cakes → Mill View Stores → Blue Marlin Fisheries,3,1309,294,4min,oeufIp_jHZcAdAwCFSb@~@Zn@JSFSGEi@}@BDd@v@FDGRKR[o@c@_AGReAvCg@zAg@|AMZM\]v@q@fBGLZl@P[QZ[m@FMPg@^_A\w@L]L[f@}Af@{AdAwCFSb@~@Zn@BHRb@HTNVLVLVTfAj@Sk@RESOs@MWMWOWIUSc@CI[o@c@_AGReAvC[bA
WF2 0GU,50,994,BP Manor Service Station → Methodist Church → Tania's Barbershop → Ardsley House → BP Manor Service Station,3,2011,254,4min,ug{fI|ukHGN_AMw@pCa@lCg@iDCQIs@AE]cCg@a@[Yk@c@WOQK]O_@Oc@pDEb@A`@Ab@?\B\FjADv@Hx@Fr@Jp@Nj@Nf@R\XZXH\FdA[x@CLiAJqAJiA`@mCv@qCDQTq@R_@LW^m@`@k@Za@\]l@c@n@e@VQjB}@bA]jA[d@Od@UZSh@e@Ta@`AaAH^YTQNSNa@Li@d@[Re@Ta@LC@kAZcA\kB|@WPo@d@m@b@]\[`@a@j@_@l@MVf@dAOZ
WF2 0GU,50,995,Cardigan House → West Yorkshire Police Learning & Development Centre → Driver Training Area → West Yorkshire Police Bishopgarth House → Cardigan House,3,19015,974,16min,kzyfId}kHj@fCR|@vAlGtAxDbCzFbCdFbAjBb@x@bAjBnCrD|CfEjDpDxFdFfMjJzBxA`CrAtBfAtDrBtG`Dn@R~FjBlGhAdE\xDDvEOnE[hOcClImApBYzRuF^OZSPMNQNUj@{ARg@POPMLINEP@RBTLVXJXFVDVDX@\?ZAtDA|@AZA\ETW~@MZk@Va@@OCWOMOMUIOi@w@a@So@E{Lh@qAFsFj@sInAeOdCoE`@cFJwDImE]eGaAaGiBs@W_HeDkDqBuBiAcCcB}B_BqFsDiF{DkFqEoD{DaDeE}BqDmAkBc@y@wAuCoEsJuBoF_AqCo@wA_AuCqA}DOc@}BiHwAmEQa@Uu@K]MYKWGMGKGIGIGGEEMIOKc@SEAc@e@OUGQEOEQAMAOAQ?S@O@O?GDQFWFWFOFMrAuBHKFGFGHGHGJCHAH?H?H@JD^\JNFJDLDLBPBN@N@P?P?P?P?BCvA?P@P@RDRThAf@~Br@|CnB|INn@nBxIR|@x@nD\|AtAxDbCzFbCdFbAjBb@x@bAjBnCrD|CfEjDpDxFdFfMjJzBxA`CrAtBfAtDrBtG`Dn@R~FjBlGhAdE\xDDvEOnE[hOcClImApBYzRuF^OZSPMNQNUj@{ARg@POPMLINEP@RBTLVXJXFVDVDX@\?ZAtDA|@AZA\ETW~@MZk@Va@@OCWOMOMUIOi@w@a@So@E{Lh@qAFsFj@sInAeOdCoE`@cFJwDImE]eGaAaGiBs@W_HeDkDqBuBiAcCcB}B_BqFsDiF{DkFqEoD{DaDeE}BqDmAkBc@y@wAuCoEsJuBoF_AqCo@wA_AuCqA}DOc@}BiHwAmEQa@Uu@K]MYKWGMGKGIGIGGEEMIOKc@SEAc@e@OUGQEOEQAMAOAQ?S@O@O?GDQFWFWFOFMrAuBHKFGFGHGHGJCHAH?H?H@JDt@NZLPBLBR@NANCLEJGZSjAy@`A_A`AkAb@o@\Ut@gALKJ?FJJ`@BNDV?L?PG`BAP?P?P?P@RJfDi@NG_BIgCAYAOEECAEHIJKNCD@^FxBDrB@f@DRDFBB??JCJAFABG?IEmAh@OKgDAS?Q?Q?Q@QFaB?Q?MEWOIGCI?ODeCnDg@h@g@b@cAp@iB`ASJIDGHIHEHCHYlA?BCvA?P@P@RDRThAf@~Br@|CnB|IrA`G
WF2 0GU,50,996,Carr Gate Garden Centre → Tardis → The Malt Shovel → Ardsley House → Carr Gate Garden Centre,3,8524,879,14min,}hzfIdjjHs@xAWk@[u@`@eBV{@p@m@d@SjBo@|@_@fCgApAi@pBy@HEDChAe@d@Sf@Sj@Wh@UZId@QEo@?_@BYDc@FYJa@R_@PS^YjBcAj@YPIrBkAnB_APIJf@@L?LENc@n@W`@W`@SXo@jASZ}@dBgBjD{@xAw@~@}EnHOTa@n@J`@BNDV?L?PG`BAP?P?P?P@RJfDi@NG_BIgCAYAOEECAEHIJKNCD@^FxBDrB@f@DRDF??BBJCJAFABG?IEmAh@OKgDAS?Q?Q?Q@QFaB?Q?MEWOIGCI?ODeCnDg@h@g@b@cAp@iB`ASJIDGHIHEHCHYlA?BOt@ETELEHGJcBvBGHIHIDIBIBI@K?OAEAc@e@OUGQEOEQAMAOAQ?S@O@O?GDQFWFWFOFMrAuBHKFGFGHGHGJCHAH?H?H@JDt@NZLPBLBR@NANCLEJGZSjAy@`A_A`AkAb@o@pB}CbCqDFM^_AVe@L_@FYDY@W@YAYMoAe@P[Hi@Tk@Vg@Re@RiAd@EBIDqBx@qAh@FjAaC|@MaAfCgApAi@pBy@HEDChAe@d@SBAb@Qj@Wh@UZId@QEo@?_@BYDc@FYJa@R_@PS^YjBcAj@YPIrBkAnB_APIJf@@L?LENc@n@W`@W`@SXo@jASZ}@dBgBjD{@xAw@~@}EnHOTa@n@a@h@eCnDg@h@g@b@cAp@iB`ASJIDGHIHEHCHYlA?BOt@ETELEHGJcBvBGHIHIDIBIBI@K?OAEAk@Ka@OQEOAM@OBMDOFYTQNSNa@Li@d@[Re@Ta@LC@kAZcA\kB|@WPo@d@m@b@]\[`@a@j@_@l@MVS^Up@EP~@LVk@g@eALW^m@`@k@Za@\]l@c@n@e@VQjB}@bA]jA[d@Od@UZSh@e@Ta@`AaAf@a@V]JMDIDKDQDOF]?GDQFWFWFOFMrAuBHKFGFGHGHGJCHAH?H?H@JDt@NZLPBLBR@NANCLEJGZSjAy@`A_A`AkAb@o@pB}CbCqDFM^_AVe@L_@FYDY@W@YAYMoAe@P[Hi@Tk@Vg@Re@RiAd@EBIDqBx@qAh@gCfA}@^kBn@e@Rq@l@Wz@a@dBZt@Vj@r@yA
WF2 0GU,50,997,Carr Gate WMC → The Malt Shovel → Gardener's Retreat Restaurant → Tardis → Carr Gate WMC,3,4259,484,8min,sqyfI`riHDz@BnBk@Vc@PC@e@RiAd@EBIDqBx@qAh@gCfA}@^_Bh@KDe@Rq@l@Wz@a@dBIf@Hg@`@eBV{@p@m@d@SjBo@|@_@fCgApAi@pBy@HEDChAe@d@Sf@Sj@Wh@UZId@QEo@?_@BYDc@FYJa@R_@PS^YjBcAj@YPIrBkAnB_APIJf@@L?LENc@n@W`@W`@SXo@jASZ}@dBgBjD{@xAw@~@}EnHOTa@n@J`@BNDV?L?PG`BAP?P?P?P@RJfDi@NG_BIgCAYAOEECAEHIJKNCD@^FxBDrB@f@DRDF??BBJCJAFABG?IEmAh@OKgDAS?Q?Q?Q@QFaB?Q?MEWOIGCI?ODeCnDg@h@g@b@cAp@iB`ASJIDGHIHEHCHYlA?BOt@ETELEHGJcBvBGHIHIDIBIBI@K?OAEAc@e@OUGQEOEQAMAOAQ?S@O@O?GDQFWFWFOFMrAuBHKFGFGHGHGJCHAH?H?H@JDt@NZLPBLBR@NANCLEJGZSjAy@`A_A`AkAb@o@pB}CbCqDFM^_AVe@L_@FYDY@W@YAYMoAe@P[Hi@TCoBE{@
WF2 0GU,50,998,Chantry Vets → Sun Bo → Kylies Sandwich Bar & Custom Cakes → Mill View Stores → Chantry Vets,3,1337,313,5min,ofufIr}iHFGHILSFHRTdAwCFSb@~@Zn@JSFSGEi@}@BDd@v@FDGRKR[o@c@_AGReAvCg@zAg@|AMZM\]v@q@fBGLZl@P[QZ[m@FMPg@^_A\w@L]L[f@}Af@{AdAwCFSb@~@Zn@BHRb@HTNVLVLVTfAj@Sk@RESOs@MWMWOWIUSc@CI[o@c@_AGReAvCSUGIMRIHGF
WF2 0GU,50,999,China And Thai Express → BP Manor Service Station → Restyle Fitness → East Ardsley Express → China And Thai Express,3,1592,353,5min,sm{fId{kHKo@CQKy@]cCZNJ@ZDZ@L?n@Al@AR_@f@dAOZGN_AMw@pCa@lCg@iDCQKy@]cCZNJ@Be@EA[K`@LCd@KA[Og@a@[Yk@c@WOQK]O_@OoAm@UKqBe@@TJrAJpAKqAKsAAUfAVh@LTJnAl@^N\NPJVNj@b@ZXf@`@ZNJ@ZDZ@L?n@Al@AUp@EPw@pCa@lC[yB
WF2 0GU,50,1000,Conroyds Fish and Chips → The Wren Cafe → The New Pot Oil → Wrenthorpe Methodist Church → Conroyds Fish and Chips,3,1856,273,4min,uwvfIvphHy@nDEJW|@MTORYR_@LODYHI@UBc@E{B_@g@UGIn@}DL{@@AH_@Po@PJXLn@VJLf@v@T\JHDBH?FADIHSpAeFJ_@Rk@Pc@DMVq@Pc@Ds@VPt@v@PT]xAY|@o@dBUl@aAbEEJW|@MTORYR_@LODIBODI@UBc@E{B_@g@UGIY[[U}@a@FYb@eATy@Ux@O\Sf@GX|@`@ZTXZFHf@TzB^b@DTCHAXINE^MXSNSLUV}@DKx@oD
WF2 0GU,50,1001,Country Kitchen → Outwood Primary Academy Kirkhamgate → The Star Inn → Shawfold Cars → Country Kitchen,3,1686,298,4min,sowfIhfnHIHw@v@Mc@Om@]}CE]Kq@SyACK?AOkA_@qCcAf@[yAJIKHZxAbAg@^pCNlABJRxAJp@D\\|CNl@Lb@yAzAi@l@ORs@aAKMAu@F]?IOs@Nr@?HG\@t@~@nANSh@m@xA{Av@w@TSd@c@pBeANGHEb@UPI\U^Wp@k@JVDVDf@@FCz@Jj@DXEYKk@B{@Go@EWKWq@j@_@V]TQHc@TIDOFqBdAe@b@KH
WF2 0GU,50,1002,Curry Pot → Blue Marlin Fisheries → Mill View Stores → Kylies Sandwich Bar & Custom Cakes → Curry Pot,3,1206,256,4min,kaufIfviHYx@GReAvCg@zAGIWKVJFHJWZcAdAwCFSb@~@Zn@BHRb@HTNVLVLVTfAj@Sk@RESOs@MWMWOWIUSc@CI[o@c@_AGReAvCg@zAg@|AMZM\]v@q@fBGLZl@P[QZ[m@FMPg@^_A\w@L]L[f@}Af@{AdAwCFSXy@
WF2 0GU,50,1003,Cyrus Guys → St Michaels Church → R H Binks And Sons → Methodist Church → Cyrus Guys,3,1853,301,5min,io{fIjbmH@u@BoD?GBaE?U@yABw@B{@Bq@Bo@FeA@SDu@y@BeAZWTUV}@p@}@f@AI{DbAGXNfANTHFFn@Go@IGOUOgAFYtA_@dBc@@H|@g@|@q@TWVUdA[x@CLiAFy@NaBg@iDCQIs@AE]cCZNJ@ZDZ@L?n@Al@AUp@EPw@pCa@lCWzCMhAEt@ARGdACn@Cp@Cz@Cv@AxA?TC`E?FCnDAt@
WF2 0GU,50,1004,Declans → Wrenthorpe Club → The Lawrence → Wrenthorpe Academy → Declans,3,1574,261,4min,eaxfIb`hHpA`ATN\Tj@^G^I@??WQODLu@]UUO_CeB_@h@CBW^uA~BmAtBKPe@iAIUEO?O@OBSZm@DED@HNIOEAED[l@CRAN?NDNHTLZVl@JQlAuBtA_CV_@BC^i@~BdBTN\Tj@^|@n@`BpAZXj@z@Z_AXcAb@_BBIHS??IRCHc@~AYbA[~@k@{@[YaBqA}@o@k@_@]UUOqAaA
WF2 0GU,50,1005,Driver Training Area → Cardigan House → West Yorkshire Police Learning & Development Centre → West Yorkshire Police Bishopgarth House → Driver Training Area,3,27897,1369,22min,qvyfIzhlH\|AtAxDbCzFbCdFbAjBb@x@bAjBnCrD|CfEjDpDxFdFfMjJzBxA`CrAtBfAtDrBtG`Dn@R~FjBlGhAdE\xDDvEOnE[hOcClImApBYzRuF^OZSPMNQNUj@{ARg@POPMLINEP@RBTLVXJXFVDVDX@\?ZAtDA|@AZA\ETW~@MZk@Va@@OCWOMOMUIOi@w@a@So@E{Lh@qAFsFj@sInAeOdCoE`@cFJwDImE]eGaAaGiBs@W_HeDkDqBuBiAcCcB}B_BqFsDiF{DkFqEoD{DaDeE}BqDmAkBc@y@wAuCoEsJuBoF_AqCo@wA_AuCqA}DOc@}BiHwAmEQa@Uu@K]MYKWGMGKGIGIGGEEMIOKc@SEAc@e@OUGQEOEQAMAOAQ?S@O@O?GDQFWFWFOFMrAuBHKFGFGHGHGJCHAH?H?H@JD^\JNFJDLDLBPBN@N@P?P?P?P?BCvA?P@P@RDRThAf@~Br@|CnB|IrA`Gj@fCR|@vAlGtAxDbCzFbCdFbAjBb@x@bAjBnCrD|CfEjDpDxFdFfMjJzBxA`CrAtBfAtDrBtG`Dn@R~FjBlGhAdE\xDDvEOnE[hOcClImApBYzRuF^OZSPMNQNUj@{ARg@POPMLINEP@RBTLVXJXFVDVDX@\?ZAtDA|@AZA\ETW~@MZk@Va@@OCWOMOMUIOi@w@a@So@E{Lh@qAFsFj@sInAeOdCoE`@cFJwDImE]eGaAaGiBs@W_HeDkDqBuBiAcCcB}B_BqFsDiF{DkFqEoD{DaDeE}BqDmAkBc@y@wAuCoEsJuBoF_AqCo@wA_AuCqA}DOc@}BiHwAmEQa@Uu@K]MYKWGMGKGIGIGGEEMIOKc@SEAc@e@OUGQEOEQAMAOAQ?S@O@O?GDQFWFWFOFMrAuBHKFGFGHGHGJCHAH?H?H@JD^\JNFJDLDLBPBN@N@P?P?P?P?BCvA?P@P@RDRThAf@~Br@|CnB|INn@nBxIR|@vAlGtAxDbCzFbCdFbAjBb@x@bAjBnCrD|CfEjDpDxFdFfMjJzBxA`CrAtBfAtDrBtG`Dn@R~FjBlGhAdE\xDDvEOnE[hOcClImApBYzRuF^OZSPMNQNUj@{ARg@POPMLINEP@RBTLVXJXFVDVDX@\?ZAtDA|@AZA\ETW~@MZk@Va@@OCWOMOMUIOi@w@a@So@E{Lh@qAFsFj@sInAeOdCoE`@cFJwDImE]eGaAaGiBs@W_HeDkDqBuBiAcCcB}B_BqFsDiF{DkFqEoD{DaDeE}BqDmAkBc@y@wAuCoEsJuBoF_AqCo@wA_AuCqA}DOc@}BiHwAmEQa@Uu@K]MYKWGMGKGIGIGGEEMIOKc@SEAc@e@OUGQEOEQAMAOAQ?S@O@O?GDQFWFWFOFMrAuBHKFGFGHGHGJCHAH?H?H@JDt@NZLPBLBR@NANCLEJGZSjAy@`A_A`AkAb@o@\Ut@gALKJ?FJJ`@BNDV?L?PG`BAP?P?P?P@RJfDi@NG_BIgCAYAOEECAEHIJKNCD@^FxBDrB@f@DRDFBB??JCJAFABG?IEmAh@OKgDAS?Q?Q?Q@QFaB?Q?MEWOIGCI?ODeCnDg@h@g@b@cAp@iB`ASJIDGHIHEHCHYlA?BCvA?P@P@RDRThAf@~Br@|CnB|I~BhKR|@x@nD
WF2 0GU,50,1006,DVSA Wakefield Test Center → Silkwood Farm → Total Fitness → Amazon DLS4 → DVSA Wakefield Test Center,3,2654,461,7min,oetfIremH@E?C?EA_@LEBABA@CTgALo@VR\ZPaA??Q`A][WSMn@oB_BlA_GXq@J[HWn@z@zB`CLJD@D?LEDAJEF?B?HF@BDHDN@RAPEPGLIDK@OFEHEJ{AbHKd@SdAI`@Gd@Kx@CXKfAA`@?LBNBP??FTBBLDH@F@D?NIDEHILOLUFIPa@Pg@DMDMFWPo@@KNq@ViAD]DIDIHIAOAECC_@Y_Aw@~ApABB@D@NCNGNABEHGLWhAOp@AJQn@GVELELQf@Q`@GHMTMNIHEDOHEBEFEDIPANENGHWFECIIEMCOAQBQDOBCJ[BMBMBM@a@JgABYJy@Fe@Ha@ReAJe@zAcH@K?G?EAa@CQEUAMEIKU{BaCo@{@IVKZYp@mA~FWlAAFS~@GTSdAi@dCc@nBKIEEC?AC?E@Ef@cC^gBJHNJReAFUR_A@GVmAnB~AUfAABC@C@MD@^?D?BAD
WF2 0GU,50,1007,East Ardsley Community Centre → Main Street Fisheries → China And Thai Express → St Michaels Church → East Ardsley Community Centre,3,2131,434,7min,m}{fIzjkHNLpBd@TJnAl@^N\NPJVNj@b@ZXf@`@ZNJ@Be@a@M??`@LCd@ZDZ@L?n@Al@AUp@EPw@pCa@lC[yBKo@CQKy@]cCZNJ@ZDZ@L?n@Al@AUp@EPw@pCa@lCWzCMhAy@BeAZWTUV}@p@}@f@AI{DbAGXNfANTHFFn@Go@IGOUOgAFYtA_@dBc@@H|@g@|@q@TWVU]GYIY[S]Og@Ok@Kq@Gs@Iy@Ew@GkAC]?]@c@@a@Dc@b@qDoAm@UKqBe@OM
WF2 0GU,50,1008,East Ardsley Conservative Club → BP Manor Service Station → East Ardsley Express → St Michaels Church → East Ardsley Conservative Club,3,2187,466,7min,mo{fI`zkHB?d@]Ky@]cCZNJ@ZDZ@L?n@Al@AR_@f@dAOZGN_AMw@pCa@lCg@iDCQKy@]cCg@a@[Yk@c@WOQK]O_@OoAm@UKqBe@@TJrAJpAKqAKsAAUfAVh@LTJnAl@c@pDEb@A`@Ab@?\B\FjADv@Hx@Fr@Jp@Nj@Nf@R\XZXH\FWTUV}@p@}@f@AI{DbAGXNfANTHFFn@Go@IGOUOgAFYtA_@dBc@@H|@g@|@q@TWVUdA[x@CLiAV{Cg@iDCQe@\C?
WF2 0GU,50,1009,East Ardsley Express → Main Street Fisheries → China And Thai Express → The Bay Horse → East Ardsley Express,3,1427,308,5min,uz{fI`lkHh@LTJnAl@^N\NPJVNj@b@ZXf@`@ZNJ@Be@a@M??`@LCd@ZDZ@L?n@Al@AUp@EPw@pCa@lC[yBKo@CQKy@]cCZNJ@ZDZ@L?n@Al@AR_@LWQSR_AJk@BMCLKj@S~@??PRMVS^Up@EPw@pCa@lCg@iDCQKy@]cCg@a@[Yk@c@WOQK]O_@OoAm@UKi@M
WF2 0GU,50,1010,East Ardsley Luncheon Club → Main Street Fisheries → China And Thai Express → St Michaels Church → East Ardsley Luncheon Club,3,2133,448,7min,y|{fIjlkHAKAUpBd@TJnAl@^N\NPJVNj@b@ZXf@`@ZNJ@Be@a@M??`@LCd@ZDZ@L?n@Al@AUp@EPw@pCa@lC[yBKo@CQKy@]cCZNJ@ZDZ@L?n@Al@AUp@EPw@pCa@lCWzCMhAy@BeAZWTUV}@p@}@f@AI{DbAGXNfANTHFFn@Go@IGOUOgAFYtA_@dBc@@H|@g@|@q@TWVU]GYIY[S]Og@Ok@Kq@Gs@Iy@Ew@GkAC]?]@c@@a@Dc@b@qDoAm@UKqBe@@T@J
WF2 0GU,50,1011,East Ardsley Post Office → BP Manor Service Station → Main Street Fisheries → St Michaels Church → East Ardsley Post Office,3,1665,356,5min,_m{fIv`lHFw@`@mCv@qCDQTq@R_@f@dAOZGN_AMw@pCa@lCg@iDCQKy@]cCZNJ@Be@a@M??`@LCd@ZDZ@L?n@Al@AUp@EPw@pCa@lCWzCMhAy@BeAZWTUV}@p@}@f@AI{DbAGXNfANTHFFn@Go@IGOUOgAFYtA_@dBc@@H|@g@|@q@TWVUdA[x@CLiANcB
WF2 0GU,50,1012,Esso → Toyota Vantage → Total Fitness → Ramada → Esso,3,2160,416,6min,ersfIhmmHSj@QJSYHQb@iAD_@\_ABQA_@q@gAw@m@KEMGPeAHM\KHYNm@BETmADMB?BB@DYtABOTeAAECCC?ELUlACDOl@IX]JILQdAo@_@e@e@[_@SU_@m@KMEECAKCIDK@OFEHEJ{AbHKd@SdAI`@Gd@Kx@CXKfAA`@?LBNBP??FTBBLDH@F@D?NIDEHILOLUFIPa@Pg@DMDMFWPo@@KNq@ViAD]DIDIHIAOAECC_@Y_Aw@~ApABB@D@NCNGNABEHGLWhAOp@AJQn@GVELELQf@Q`@GHMTMNRbAb@eADCb@j@DHEL[bA??EBMSCCEEQWAKScAIHEDOHEBEFEDIPANEN?\?B?HBRH\DLFNVf@HN^j@VPLDD@B?B?NEzCuHPg@Rc@JS`@w@TWVk@HQb@iAHLH^GN
WF2 0GU,50,1013,Flanshaw Lodge → The Eagle → Alverthorpe Working Mens Club → GJH Commercial Vehicle Services Ltd → Flanshaw Lodge,3,2911,444,7min,u{sfIzrjHMa@Ee@lAiATKEWEQISGO_@t@MVIN[h@QVYRSPa@X??EBSPA@YPKHQJYJC?SBY?OAQCYMi@Y_@MkB]s@Oc@Kc@MGAu@YQMKKn@{DD^i@fDPLt@XF@b@Lb@J~Cl@AfD?nCAr@?lAA|C?V?XErK?H?hA?|@AjAB`AFr@BRcAb@KBSDYBYBWAeACo@A?{A?M@uBm@?M?EBCH?d@BHDDZ?[?EECI?e@BIDCL?V?T?AtB?L?zAn@@dABV@XCXCREJCbAc@CSGs@CaA@kA?}@?iA?IDsK?Y?W@}C?mA@s@?oC@gD^Lh@XXLPBN@X?RCB?XKPKJIZSRQDC??`@YRQXSPWZi@HOLW^u@FNHRDPDVUJmAhADd@L`@
WF2 0GU,50,1014,Flanshaw United Reformed Church → Alverthorpe Working Mens Club → GJH Commercial Vehicle Services Ltd → Mill View Stores → Flanshaw United Reformed Church,3,3583,526,8min,k}sfIttjHe@MMBGACGESG]EBSP[RKHQJYJC?SBY?OAQCYMi@Y_@MkB]s@Oc@Kc@MGAu@YQMKKn@{DD^i@fDPLt@XF@b@Lb@J~Cl@AfD?nCAr@?lAA|C?V?XErK?H?hA?|@AjAB`AFr@BRcAb@KBSDYBYBWAeACo@A?{A?M@uBm@?M?EBCH?d@BHDDZ?[?EECI?e@BIDCL?V?T?AtB?L?zAn@@dABV@XCXCREJCbAc@CSGs@CaA@kA?}@?iA?IDsK?Y?W@}C?mA@s@?oC@gD_Dm@c@Kc@MGAu@YQMKKi@g@QOUMMIUMOK_@YYa@Wg@[w@CIWe@CIKSGUQk@CIESOs@MW|@aBH[CUMSLRBTIZ}@`BLVTfABHPj@FTJRBHVd@BHZv@Vf@X`@^XNJTLLHTLPNh@f@JJPLt@XF@b@Lb@J~Cl@^Lh@XXLPBN@X?RCB?XKPKJIZSRQDCF\DRBFF@LCd@L
WF2 0GU,50,1015,Fusion Hair Studio → St Michaels Church → R H Binks And Sons → Methodist Church → Fusion Hair Studio,3,1840,308,5min,qn{fIv`mHUABoD?GBaE?U@yABw@B{@Bq@Bo@FeA@SDu@y@BeAZWTUV}@p@}@f@AI{DbAGXNfANTHFFn@Go@IGOUOgAFYtA_@dBc@@H|@g@|@q@TWVUdA[x@CLiAFy@NaBg@iDCQIs@AE]cCZNJ@ZDZ@L?n@Al@AUp@EPw@pCa@lCWzCMhAEt@ARGdACn@Cp@Cz@Cv@AxA?TC`E?FCnDT@
WF2 0GU,50,1016,Gardener's Retreat Restaurant → The Malt Shovel → Tardis → Carr Gate WMC → Gardener's Retreat Restaurant,3,4087,490,8min,ggzfIrbjH~Ai@|@_@fCgApAi@pBy@HEDChAe@d@SBAb@Qj@Wh@UZId@QEo@?_@BYDc@FYJa@R_@PS^YjBcAj@YPIrBkAnB_APIJf@@L?LENc@n@W`@W`@SXo@jASZ}@dBgBjD{@xAw@~@}EnHOTa@n@J`@BNDV?L?PG`BAP?P?P?P@RJfDi@NG_BIgCAYAOEECAEHIJKNCD@^FxBDrB@f@DRDF??BBJCJAFABG?IEmAh@OKgDAS?Q?Q?Q@QFaB?Q?MEWOIGCI?ODeCnDg@h@g@b@cAp@iB`ASJIDGHIHEHCHYlA?BOt@ETELEHGJcBvBGHIHIDIBIBI@K?OAEAc@e@OUGQEOEQAMAOAQ?S@O@O?GDQFWFWFOFMrAuBHKFGFGHGHGJCHAH?H?H@JDt@NZLPBLBR@NANCLEJGZSjAy@`A_A`AkAb@o@pB}CbCqDFM^_AVe@L_@FYDY@W@YAYMoAe@P[Hi@TCoBGmAq@LJr@Ks@p@M@PDz@BnBk@Vg@Re@RiAd@EBIDqBx@qAh@gCfA}@^_Bh@
WF2 0GU,50,1017,GJH Commercial Vehicle Services Ltd → Alverthorpe Working Mens Club → Ossett Fire Station → Amazon DLS4 → GJH Commercial Vehicle Services Ltd,3,3140,486,8min,wrtfIvykHT?AtB?L?zAn@@dABV@XCXCREJCbAc@CSGs@CaA@kA?}@?iA?IDsK?Y?W@}C?mA@s@?oC@gDkB]s@Oc@Kc@MGAu@YQMKKn@{DD^i@fDPLt@XF@b@Lb@J~Cl@AfD?nCAr@?lAA|C?V?XErK?H?hA?|@AjAB`AFr@BR^jBLl@JdAFrAJ`BVtAV`AVj@Rb@IVKZYp@mA~FWlAAFS~@PJ@@@?@??CH_@??I^?BA?A?AAQKGTSdAi@dCc@nBKIEEC?AC?E@Ef@cC^gBJHNJReAFUR_A@GVmAlA_GXq@J[HWSc@Wk@WaAWuAKaBGsAKeAMm@_@kBcAb@KBSDYBYBWAeACo@A?{A?M@uBU?
WF2 0GU,50,1018,Hall Cliffe Primary School → Wrenthorpe Potovens → Jerry Clay Academy → The Well Church (Elim Pentecostal) → Hall Cliffe Primary School,3,4753,496,8min,ayvfIrpiHYC[YM??iB?u@?e@CoACq@Ee@Mg@Mm@Gi@Ci@CSEkBODYHI@UBc@E{B_@g@UGIY[[U}@a@GC}@a@]OQIOOcAaBS[e@s@]g@u@kAk@{@[YaBqA}@o@k@_@]UUO_CeB_@h@CBW^uA~BmAtBKPq@hAGHq@jAaAdBSb@oBxD_AhBcA|AKLCDu@~@}@|@a@XCB_@RJf@@L?LENc@n@W`@fAxEf@|BVjAXt@DJTf@hA`CN`@HRDP@VC^Gb@Id@Mt@IhAE`BBt@LpAb@nDB\^lE^fEHjA\zAlApDbCtIjOi]xHgQjFuL`@aATk@DKDKRc@`@y@Pe@JU^y@`BoD\w@Zu@LYFIFGXSDCRQFEf@g@Mm@Gi@G}@EkBODYHI@UBc@EMNWNINKZI\ITi@XMNEPG^EZOEQCG?USMOReADUj@cDf@TzB^b@DTCHAXINEDjBF|@Fh@Ll@Lf@Dd@Bp@BnA?d@?t@?hBL?ZXXB
WF2 0GU,50,1019,Highfield School → Ossett WMC → West Ardsley Methodist Church → The Star Inn → Highfield School,3,16252,1429,23min,}wvfIbusHDb@Jf@Lv@Pp@Pn@L`@HVBD@J@PBP?V@`@?\?jBAdA?v@BZJVt@|Bb@xBJp@XfBLp@J\Rr@Rf@Td@FLPRPLh@\HHLJVk@NUXa@hA[rA_@RGz@Uh@MdAWTbAHVHJJDP@ZCXG\GZKZMZYTUhBoB`@YlA{@b@UdCuAh@@VPJKTSBC\]`@u@`AeCLm@Pu@ZwAPy@b@kBPq@j@cCJ]XeAJ[XcAT_AjBkGFQ|@{CVmAJe@l@iCVeAJq@H{@Do@Du@?e@?M?}@EgACq@QoFBsAJ}E@e@@gAF}B@_@@UD_ADuATcGLoCFwADiAXqGBYT_EJ_CJmF?i@AWAOKYUq@U_@mAqAc@OQAQ?_@LURW\O\Mj@I|@Bx@Dd@SRq@\{@Pa@?c@CsAKaBKw@IIKEQCIA_ACg@Q_BgAoI}@cIEy@SqEGo@Kk@Ou@Uq@Qk@Kc@Eg@Em@Co@Ea@Oo@Oq@Ww@Qk@Ss@WwAYgBOcAGm@C[AM@u@?o@Cw@CsAG}AGo@G_@MWWSQIQGCA_@K[Ua@_@y@_AmAmA_A_AcAqAk@q@m@s@{@u@}@u@qBoBuAuAY][hA_@pAeAlCsAdCQ\cBdDw@lB]t@{@bCaB`E_@z@S\OXYb@i@r@QRq@j@_@V]TQHc@TIDOFqBdAe@b@URw@v@yAzAi@l@OR_@f@SX{BfD]r@Wn@Of@u@`DSt@Sj@Yf@YVYNE@kANmAPO@S?[Ee@IC?Y@]F]HQL]Xa@l@Uf@Od@Qt@Mv@i@vEKl@K\SRe@XyA~@s@p@c@n@Wp@Sv@SlAo@bFYrB_AvDuA~Du@|BCF}@xCc@bBUbAUlA]fB[bAYp@k@|@s@v@oBdBKH_@`@S\Sl@YfA_@hBWhAIX[z@GNe@c@o@_@gAe@NaB|@h@PBJMKLA?OC}@i@O`BfAd@n@^d@b@FOZ{@HYViA^iBXgARm@R]^a@JInBeBr@w@j@}@Xq@ZcA\gBTmATcAb@cB|@yCBGt@}BtA_E~@wDXsBn@cFRmARw@Vq@b@o@r@q@xA_Ad@YRSJ]Jm@h@wELw@Pu@Ne@Tg@`@m@\YPM\I\GXAB?d@HZDR?NAlAQjAODAXOXWXg@Rk@Ru@t@aDNg@Vo@\s@zBgDRY^g@s@aAKMAu@F]?IOs@Nr@?HG\@t@~@nANSh@m@xA{Av@w@TSd@c@pBeANGHEb@UPI\U^Wp@k@PSh@s@Xc@NYR]^{@`BaEz@cC\u@v@mBbBeDP]rAeCdAmC^qAZiAX\tAtApBnB|@t@z@t@l@r@j@p@bApA~@~@lAlAx@~@`@^ZT^JB@PFPHVRLVF^Fn@F|ABrABv@?n@At@@LBZFl@NbAXfBVvARr@Pj@Vv@Np@Nn@D`@Bn@Dl@Df@Jb@Pj@Tp@Nt@Jj@Fn@RpEDx@|@bIfAnIP~ABf@@~@BHDPHJv@H`BJrAJb@B`@?z@Qp@]RSEe@Cy@H}@Lk@N]V]TS^MP?P@b@NlApATRz@XAf@EzAMdEKr@K~BU~DCXYpGEhAGvAMnCUbGEtAE~@ATA^G|BAfAAd@K|ECrAPnFHxB?|@?L?d@Et@En@Iz@Kp@WdAm@hCKd@WlA}@zCGPkBjGU~@YbAKZYdAK\k@bCQp@c@jBQx@[vAQt@Ml@aAdCa@t@]\CBURKJWQi@AeCtAc@TmAz@a@XiBnBUT[X[L[J]FYF[BQAKEIKIWUcAeAVi@L{@TSFsA^iAZY`@OTWj@MKIIi@]QMQSGMUe@Sg@Ss@K]Mq@YgBKq@c@yBu@}BKWC[?w@@eA?kB?]Aa@?WCQAQAKCEIWMa@Qo@Qq@Mw@Kg@Ec@
WF2 0GU,50,1020,Hill Top Primary Academy → West Ardsley Book Exchange → West Ardsley Methodist Church → The Mens Room → Hill Top Primary Academy,3,8357,936,15min,clzfIn}rHNTn@bAFHJ@H@D@RZRi@x@}Bn@}Al@eBFOdFcNe@c@o@_@gAe@qBw@qBy@{Aq@QGmEiBk@Sk@SBWDS@S?Q?S@OLaBM`BAN?R?PARERCVTHTHj@RlEhBPFzAp@pBx@pBv@NaB|@h@PBJMKLA?OC}@i@O`BqBw@qBy@{Aq@QGmEiBk@Sk@S{Ai@{@Wo@Uu@e@e@[CC]YuAoAkAaAs@i@gAaAGE[Wk@a@cDgCu@g@SGQEc@IKAeBS_@Go@OsB]SEQA?m@AaAA]E{@IaAKiBQ_CE}@AQAQIsAIqAAWMoBGaAIaAUeBYwB]oCe@uBi@mCMs@Gk@u@oH]mDOuAY{BIk@CSIs@OuA_AmHKcAKu@Ic@Rg@P]V_@V_@NMVU~@i@\Qn@UVIj@MZGn@StAq@fBy@\Q`@Sp@]z@g@vBoAh@a@XYP_@DIP}@De@FkABgA@m@zAHHAFEDGDMBSBaClALFDFHBJ@H?FALEJEDIDoA^CRELEFGDI@{AIEtBGjAEd@Q|@EHQ^YXi@`@wBnA{@f@q@\a@R]PgBx@uAp@o@R[Fk@LWHo@T]P_Ah@WTOLW^W^Q\Sf@Hb@Jt@JbA~@lHNtAHr@BRHj@XzBNtA\lDt@nHFj@Lr@h@lCd@tB\nCXvBTdBH`AF`ALnB@VHpAHrA@P@PD|@P~BJhBH`ADz@@\@`A?l@P@RDrB\n@N^FdBRJ@b@HPDRFt@f@bDfCj@`@ZVFDfA`Ar@h@jA`AtAnA\XBBd@Zt@d@n@Tz@VzAh@j@Rj@RlEhBPFzAp@pBx@pBv@fAd@n@^d@b@eFbNGNm@dBo@|Ay@|BSh@S[EAIAKAGIo@cAOU
WF2 0GU,50,1021,Holiday Inn → Shell Select → Ramada → Total Fitness → Holiday Inn,3,2308,396,6min,gpsfItwmH|@`@ENGPc@l@KNKPEBEJs@`A]aAEIQm@q@_CYoAG[?K@QJS`@w@@[Ea@BS@CHU@C??RATZb@iAD_@\_ABQA_@q@gAw@m@KEMGo@_@e@e@[_@SU_@m@KMEECAKCIDK@OFEHEJ{AbHKd@SdAI`@Gd@Kx@CXKfAA`@?LBNBP??FTBBLDH@F@D?NIDEHIRbAb@eADCb@j@DHEL[bA??EBMSCCEEQWAKScALOLUFIPa@Pg@DMDMFWPo@@KNq@ViAD]DIDIHIAOAECC_@Y_Aw@~ApABB@D@NCNGNABEHGLWhAOp@AJQn@GVELELQf@Q`@GHMTMNIHEDOHEBEFEDIPANEN?\?B?HBRH\DLFNVf@HN^j@VPLDD@B?B?NEzCuHRMVCXnAp@~BPl@DHZi@DCHDZRNFDCJQJOb@m@FQDO}@a@
WF2 0GU,50,1022,Hong Kong Vegan → Wrenthorpe Academy → Spot on Dog Grooming → The Wheel → Hong Kong Vegan,3,1540,201,3min,wowfIdngHe@Tq@^c@Xu@f@E@eBbAo@`@m@d@s@v@s@~@wBzC~BdBTN\Tj@^|@n@`BpAZXj@z@Z_AXcAb@_BBIHS??IRCHc@~AYbA[~@k@{@[YaBqACAy@m@k@_@]UUO_CeBfA{An@_Ar@_Ar@w@l@e@n@a@dBcADAt@g@b@Yp@_@d@U
WF2 0GU,50,1023,JB's Cafe & Bistro → Ossett Flushdyke Junior and Infant School → Spring Mill Golf Course → Ramada → JB's Cafe & Bistro,3,10890,1053,17min,{gtfIl}oHGVIz@I?IM?yAWBGDI?GAIGUq@U_@mAqAc@OQAQ?_@LURW\O\Mj@I|@Bx@Dd@X`@RLRAPGLQJUlA{DJa@p@sBt@aBzDkIFMP_@VaADg@?c@A]E[G]Ia@IOGYG]A[AW?W@wD@y@@[@YD]H[Rg@POPMLINEP@RBTLVXJXFVDVDX@\?ZAtDA|@AZA\ETW~@MZa@fAcAxBkAjCkDhHq@zAq@nBy@bDWvAAFW|AQ`BQjBGlAIdCEvCGnEQnLIdCSvC_@|De@vCg@tBs@dCqAvCwL`SwBhDmDxF{AhCiBbD{@lBoB`Fq@xBe@xBg@xCYpCKzAG`BChCD|BRlDXrCj@`Ev@bDr@tCLRLHP@HCVAJ@FBFFFJFVBLFf@@H?PAPEPELIHGDGBk@EEAGEGGEKEMCS?U?]UmAaAmDq@cDm@eE[sCSoDCu@AiA@kCDcBJ}AToCd@_Dh@qBp@cCvBuFx@kBbBkDrAgChHiL`H}KnCoErAyCr@uBj@wBf@uCd@uDRuCHoCNkLDwBFwFAi@BoANgCDu@?c@A[ESCOM_@Oe@G[Gc@Ee@Cy@H}@Lk@N]V]TS^MP?P@b@NlApATRz@XAf@EzAMdEKr@K~BxBdA\M^q@h@y@fAmAn@k@RWf@u@hCcDHKHEH@H@JDHHFJDNh@|BVjAFVFPVf@`A|AJB@?NGDGDGXm@Pa@JQHEHKj@u@`@o@BGhA{BP[ZWDCDCNE^KLARMz@s@TWDEDMBAt@c@ZKUyA[eCcBkM{@qECOkAgFYaA{@_DK]sCoHk@}ASi@]aAEIQm@q@_CYoAG[?K@QJS`@w@TWVk@HQb@iAD_@\_ABQA_@q@gAw@m@KEMGo@_@e@e@[_@SU_@m@KMEECAKCIDK@OFEHEJ{AbHKd@SdAI`@Gd@Kx@CXKfAA`@?LBNBP??FTBBLDH@F@D?NIDEHIRbAb@eADCb@j@DHEL[bA??EBMSCCEEQWAKScAIHEDOHEBEFEDIPANEN?\?B?HBRH\DLFNVf@HN^j@b@p@BBDHBDDJ@N@PAN[x@Yz@K`@E\C\?b@B\Db@Jp@JXFVDVDX@\?ZAtDA|@AZA\ETW~@MZa@fAcAxBkAjCuBjFIn@GfAGlAA\CbBAf@EzA\EHLH?H{@FW
WF2 0GU,50,1024,Jerry Clay Academy → Hall Cliffe Primary School → The Well Church (Elim Pentecostal) → Sunnyhill Stores → Jerry Clay Academy,3,2691,363,6min,_iwfIlwiHDKDKRc@`@y@Pe@JU^y@`BoD\w@Zu@LYFIFGXSDCRQFEf@g@Lf@Dd@Bp@BnA?d@?t@?hBL?ZXXB@?[C[YM??iB?u@?e@CoACq@Ee@Mg@Mm@Gi@G}@EkBODYHI@UBc@EMNWNINKZI\ITi@XMNEPG^EZOEQCG?USMOReADUj@cDf@TzB^b@DTCHAXINEDjBF|@Fh@Ll@Lf@Dd@Bp@BnA?d@?t@?hB?rB?zA?HDzCDdFBzA@T@hAFlF_@PO@EDCFCLBMBGDENA??^QGmFAiAAUC{AEeFE{C?I?{A?sB?iB?u@?e@CoACq@Ee@Mg@g@f@GDSPEBYRGFGHMX[t@]v@aBnD_@x@KTQd@a@x@Sb@EJEJ
WF2 0GU,50,1025,Kirkhamgate Fisheries → Village Stores → Outwood Primary Academy Kirkhamgate → The Star Inn → Kirkhamgate Fisheries,3,1735,315,5min,{cwfIn`nHAQEWKWq@j@_@V]TQHc@TIDOFqBdA_@wBm@\OH|@g@^vBe@b@URw@v@Mc@Om@]}CE]Kq@SyACK?AOkA_@qCcAf@[yAJIKHZxAbAg@^pCNlABJRxAJp@D\\|CNl@Lb@yAzAi@l@ORs@aAKMAu@F]?IOs@Nr@?HG\@t@~@nANSh@m@xA{Av@w@TSd@c@pBeANGHEb@UPI\U^Wp@k@JVDV@P
WF2 0GU,50,1026,Kirkhamgate Village Hall → The Star Inn → Outwood Primary Academy Kirkhamgate → Shawfold Cars → Kirkhamgate Village Hall,3,1831,321,5min,iswfIdbnHTrBNl@Lb@yAzAi@l@ORs@aAKMAu@F]?IOs@Nr@?HG\@t@~@nANSh@m@xA{AMc@Om@]}CE]Kq@SyACK?AOkA_@qCcAf@[yAJIKHZxAbAg@^pCNlABJRxAJp@D\\|CNl@Lb@v@w@TSd@c@pBeANGHEb@UPI\U^Wp@k@JVDVDf@@FCz@Jj@DXEYKk@B{@Go@EWKWq@j@_@V]TQHc@TIDOFqBdAe@b@URw@v@Mc@Om@UsB
WF2 0GU,50,1027,"Kirkhamgate Village Hall, Brandy Carr Road → Outwood Primary Academy Kirkhamgate → The Star Inn → Shawfold Cars → Kirkhamgate Village Hall, Brandy Carr Road",3,1686,298,4min,qswfI`anH?EE]Kq@SyACK?AOkA_@qCcAf@[yAJIKHZxAbAg@^pCNlABJRxAJp@D\\|CNl@Lb@yAzAi@l@ORs@aAKMAu@F]?IOs@Nr@?HG\@t@~@nANSh@m@xA{Av@w@TSd@c@pBeANGHEb@UPI\U^Wp@k@JVDVDf@@FCz@Jj@DXEYKk@B{@Go@EWKWq@j@_@V]TQHc@TIDOFqBdAe@b@URw@v@Mc@Om@]wC
WF2 0GU,50,1028,Kowloon → Alverthorpe Garage → Mill View Stores → Sun Bo → Kowloon,3,1187,267,4min,ajufIbijHb@iA\w@L]L[f@}Af@{AdAwCFSb@~@Zn@BH}AlCu@rAIHO@]I\HNAHIP[b@w@|AmCRb@HTNVLVLVTfAj@Sk@RESOs@MWMWOWIUSc@CIJSFSGEi@}@BDd@v@FDGRKR[o@c@_AGReAvCg@zAg@|AMZM\]v@c@hA
WF2 0GU,50,1029,Kylies Sandwich Bar & Custom Cakes → Alverthorpe Garage → Mill View Stores → Sun Bo → Kylies Sandwich Bar & Custom Cakes,3,1179,266,4min,}iufIxhjH^_A\w@L]L[f@}Af@{AdAwCFSb@~@Zn@BH}AlCu@rAIHO@]I\HNAHIP[b@w@|AmCRb@HTNVLVLVTfAj@Sk@RESOs@MWMWOWIUSc@CIJSFSGEi@}@BDd@v@FDGRKR[o@c@_AGReAvCg@zAg@|AMZM\]v@_@~@
WF2 0GU,50,1030,Lindale Methodist Church → The Star Inn → Outwood Primary Academy Kirkhamgate → Shawfold Cars → Lindale Methodist Church,3,1801,318,5min,aswfIncnHLhANl@Lb@yAzAi@l@ORs@aAKMAu@F]?IOs@Nr@?HG\@t@~@nANSh@m@xA{AMc@Om@]}CE]Kq@SyACK?AOkA_@qCcAf@[yAJIKHZxAbAg@^pCNlABJRxAJp@D\\|CNl@Lb@v@w@TSd@c@pBeANGHEb@UPI\U^Wp@k@JVDVDf@@FCz@Jj@DXEYKk@B{@Go@EWKWq@j@_@V]TQHc@TIDOFqBdAe@b@URw@v@Mc@Om@MiA
WF2 0GU,50,1031,Lofthouse Colliery Disaster Memorial → Sunnyhill Stores → Low Laithes Golf Course → Alverthorpe St Paul's CofE (VA) School → Lofthouse Colliery Disaster Memorial,3,8486,1128,18min,_hvfIr~kHVu@sAeC]u@k@qAQ]qAoCIQ{@eBQi@GUkCgKyAsFIc@Ec@Ee@CcA_@PO@EDCFCLBMBGDENA??^QBbADd@Db@Hb@xArFjCfKFTPh@z@dBHPpAnCP\j@pA\t@rAdCBIbAmBb@i@~@cAdB{Ap@i@Z_@Vc@Pi@V}@d@sBp@aCV_A|BsGvBwEr@iBr@gB^aAFMp@gB\w@L]L[f@}Af@{AdAwCFSb@~@Zn@BHRb@HTNVLVLVTfABHPj@FTJRBHVd@BHZv@Vf@X`@^XNJTLLHTLPNh@f@JJPLt@XF@b@Lb@J~Cl@AfD?nCAr@?lAA|C?V?XErK?H?hA?|@AjAB`AFr@BR^jBLl@JdAFrAJ`BVtAV`AVj@Rb@IVKZYp@mA~FWlAAFS~@GTSdAi@dCc@nB_A|EILKBMEY]qAeAUGIEKGGIGQAKAO?MHwBHwB@a@?OJwDBa@PuBJmADOFIL?DBNNRRZZ@FAPEFCDy@xDGFE?KIECk@fDA`@BT@PCp@?`@EbB?F@XBLHVLLPTpAdAZNLDH@HE~@}Eb@oBh@eCReAFUR_A@GVmAlA_GXq@J[HWSc@Wk@WaAWuAKaBGsAKeAMm@_@kBCSGs@CaA@kA?}@?iA?IDsK?Y?W@}C?mA@s@?oC@gD_Dm@c@Kc@MGAu@YQMKKi@g@QOUMMIUMOK_@YYa@Wg@[w@CIWe@CIKSGUQk@CIUgAMWMWOWIUSc@CI[o@c@_Ab@qAZw@MUKKQIQG[IQCSGMEQKY[g@g@SWy@oAGEKCQl@c@`AEd@Er@ETIVKXERGTEX@\Ap@AXGVILDZBV?R@RGd@A\CTCB??C?B?BCBU@]Fe@AS?SCWE[HMFW@Y@q@A]DYFUDSJYHWDUDs@De@b@aAPm@JBFDx@nARVf@f@XZPJLDRFPBZHPFPHJJLT[v@c@pAGReAvCg@zAg@|AMZM\]v@q@fBGL_@`As@fBs@hBwBvE}BrGW~@q@`Ce@rBW|@Qh@Wb@[^q@h@eBzA_AbAc@h@cAlBCHWt@
WF2 0GU,50,1032,Low Laithes Golf Course → Amazon DLS4 → Ossett Fire Station → GJH Commercial Vehicle Services Ltd → Low Laithes Golf Course,3,2773,583,9min,cttfI|emHJwDBa@PuBJmADOFIL?DBNNRRZZ@FAPEFCDy@xDGFE?KIECk@fDA`@BT@PCp@?`@EbB?FnC~BDFFBLGDIr@gDBCAC?E@Ef@cC^gBJHNJReAFUPJ@@@?@??CH_@??I^?BA?A?AAQKR_A@GVmAlA_GXq@J[HWSc@Wk@WaAWuAKaBGsAKeAMm@_@kBcAb@KBSDYBYBWAeACo@A?{A?M@uBm@?M?EBCH?d@BHDDZ?[?EECI?e@BIDCL?V?T?AtB?L?zAn@@dABV@XCXCREJCbAc@^jBLl@JdAFrAJ`BVtAV`AVj@Rb@IVKZYp@mA~FWlAAFS~@GTSdAi@dCc@nB_A|EILKBMEY]qAeAUGIEKGGIGQAKAO?MHwBHwB@a@?O
WF2 0GU,50,1033,Main Street Fisheries → China And Thai Express → The Bay Horse → East Ardsley Express → Main Street Fisheries,3,1637,363,6min,co{fIbrkH`@LCd@ZDZ@L?n@Al@AUp@EPw@pCa@lC[yBKo@CQKy@]cCZNJ@ZDZ@L?n@Al@AR_@LWQSR_AJk@BMCLKj@S~@??PRMVS^Up@EPw@pCa@lCg@iDCQKy@]cCg@a@[Yk@c@WOQK]O_@OoAm@UKqBe@@TJrAJpAKqAKsAAUfAVh@LTJnAl@^N\NPJVNj@b@ZXf@`@ZNJ@Be@a@M
WF2 0GU,50,1034,Methodist Church → BP Manor Service Station → Tania's Barbershop → East Ardsley Express → Methodist Church,3,1681,308,5min,mn{fInwkHAE]cCZNJ@ZDZ@L?n@Al@AR_@f@dAOZGN_AMw@pCa@lCKhAKpAMhAy@BeAZ]GYIY[S]Og@Ok@Kq@Gs@Iy@Ew@GkAC]?]@c@@a@Dc@b@qDoAm@UKqBe@@TJrAJpAKqAKsAAUfAVh@LTJnAl@^N\NPJVNj@b@ZXf@`@ZNJ@ZDZ@L?n@Al@AUp@EPw@pCa@lCg@iDCQIs@
WF2 0GU,50,1035,Mill View Stores → Sun Bo → Alverthorpe Garage → Kylies Sandwich Bar & Custom Cakes → Mill View Stores,3,1239,281,4min,g}tfIpajHOs@MWMWOWIUSc@CIJSFSGEi@}@BDd@v@FDGRKRBH}AlCu@rAIHO@]I\HNAHIP[b@w@|AmCCI[o@c@_AGReAvCg@zAg@|AMZM\]v@q@fBGLZl@P[QZ[m@FMPg@^_A\w@L]L[f@}Af@{AdAwCFSb@~@Zn@BHRb@HTNVLVLVNr@
WF2 0GU,50,1036,NAV Mini Market → Phoenix Young People's Centre → Mill View Stores → Pizza Ferrara → NAV Mini Market,3,1173,261,4min,_aufItriHJJLT[v@c@pAGReAvCg@zAGIWKVJFHf@{An@eBTq@FSb@~@Zn@BHRb@HTNVLVLVTfAj@Sk@RESOs@MWMWOWIUSc@CI[o@c@_AGReAvCg@zAg@|AMZM\Nl@Rz@S{@Om@L]L[FS^iAf@{AdAwCFSb@qAZw@MUKK
WF2 0GU,50,1037,NPAS 31 - Carr Gate → West Yorkshire Police Learning & Development Centre → Driver Training Area → West Yorkshire Police Bishopgarth House → NPAS 31 - Carr Gate,3,10221,589,9min,isyfIb{jHIaCKgDAS?Q?Q?Q@QFaB?Q?MEWOIGCI?ODeCnDg@h@g@b@cAp@iB`ASJIDGHIHEHCHYlA?BCvA?P@P@RDRThAf@~Br@|CnB|INn@nBxIR|@x@nD\|AtAxDbCzFbCdFbAjBb@x@bAjBnCrD|CfEjDpDxFdFfMjJzBxA`CrAtBfAtDrBtG`Dn@R~FjBlGhAdE\xDDvEOnE[hOcClImApBYzRuF^OZSPMNQNUj@{ARg@POPMLINEP@RBTLVXJXFVDVDX@\?ZAtDA|@AZA\ETW~@MZk@Va@@OCWOMOMUIOi@w@a@So@E{Lh@qAFsFj@sInAeOdCoE`@cFJwDImE]eGaAaGiBs@W_HeDkDqBuBiAcCcB}B_BqFsDiF{DkFqEoD{DaDeE}BqDmAkBc@y@wAuCoEsJuBoF_AqCo@wA_AuCqA}DOc@}BiHwAmEQa@Uu@K]MYKWGMGKGIGIGGEEMIOKc@SEAc@e@OUGQEOEQAMAOAQ?S@O@O?GDQFWFWFOFMrAuBHKFGFGHGHGJCHAH?H?H@JDt@NZLPBLBR@NANCLEJGZSjAy@`A_A`AkAb@o@\Ut@gALKJ?FJJ`@BNDV?L?PG`BAP?P?P?P@RJfDi@NG_BIgCAYAOEECAEHIJKNCD@^FxBDrB@f@DRDFBB??JCJAFABG?IEmAh@OH`C
WF2 0GU,50,1038,One Stop Coffee Shop → Main Street Fisheries → China And Thai Express → St Michaels Church → One Stop Coffee Shop,3,2135,449,7min,y|{fIllkHAMAUpBd@TJnAl@^N\NPJVNj@b@ZXf@`@ZNJ@Be@a@M??`@LCd@ZDZ@L?n@Al@AUp@EPw@pCa@lC[yBKo@CQKy@]cCZNJ@ZDZ@L?n@Al@AUp@EPw@pCa@lCWzCMhAy@BeAZWTUV}@p@}@f@AI{DbAGXNfANTHFFn@Go@IGOUOgAFYtA_@dBc@@H|@g@|@q@TWVU]GYIY[S]Og@Ok@Kq@Gs@Iy@Ew@GkAC]?]@c@@a@Dc@b@qDoAm@UKqBe@@T@L
WF2 0GU,50,1039,Oriental Chef → The Star Inn → Outwood Primary Academy Kirkhamgate → Shawfold Cars → Oriental Chef,3,1761,315,5min,urwfIhenH@NNl@Lb@yAzAi@l@ORs@aAKMAu@F]?IOs@Nr@?HG\@t@~@nANSh@m@xA{AMc@Om@]}CE]Kq@SyACK?AOkA_@qCcAf@[yAJIKHZxAbAg@^pCNlABJRxAJp@D\\|CNl@Lb@v@w@TSd@c@pBeANGHEb@UPI\U^Wp@k@JVDVDf@@FCz@Jj@DXEYKk@B{@Go@EWKWq@j@_@V]TQHc@TIDOFqBdAe@b@URw@v@Mc@Om@AO
WF2 0GU,50,1040,Ossett Fire Station → Silkwood Farm → Amazon DLS4 → Total Fitness → Ossett Fire Station,3,2703,475,7min,}gtfIlbmHI^?BA?A?AAQKR_A@GVmAnB~ALo@VR\ZPaA??Q`A][WSMn@oB_BWlAAFS~@GTSdAi@dCc@nBKIEEC?AC?E@Ef@cC^gBJHNJReAFUR_A@GVmAlA_GXq@J[HWn@z@zB`CLJD@D?LEDAJEF?B?HF@BDHDN@RAPEPGLIDK@OFEHEJ{AbHKd@SdAI`@Gd@Kx@CXKfAA`@?LBNBP??FTBBLDH@F@D?NIDEHILOLUFIPa@Pg@DMDMFWPo@@KNq@ViAD]DIDIHIAOAECC_@Y_Aw@~ApABB@D@NCNGNABEHGLWhAOp@AJQn@GVELELQf@Q`@GHMTMNIHEDOHEBEFEDIPANENGHWFECIIEMCOAQBQDOBCJ[BMBMBM@a@JgABYJy@Fe@Ha@ReAJe@zAcH@K?G?EAa@CQEUAMEIKU{BaCo@{@IVKZYp@mA~FWlAAFS~@PJ@@@?@??CH_@
WF2 0GU,50,1041,Ossett Flushdyke Junior and Infant School → JB's Cafe & Bistro → Spring Mill Golf Course → Ossett WMC → Ossett Flushdyke Junior and Infant School,3,11235,1055,17min,eptfIzapHW|AQ`BQjBGlAIdCEvCGnEQnLIdCSvC_@|De@vCg@tBs@dCqAvCwL`SwBhDmDxF{AhCiBbD{@lBoB`Fq@xBe@xBg@xCYpCKzAG`BChCD|BRlDXrCj@`Ev@bDr@tCLRLHP@HCVAJ@FBFFFJFVBLFf@@H?PAPEPELIHGDGBk@EEAGEGGEKEMCS?U?]UmAaAmDq@cDm@eE[sCSoDCu@AiA@kCDcBJ}AToCd@_Dh@qBp@cCvBuFx@kBbBkDrAgChHiL`H}KnCoErAyCr@uBj@wBf@uCd@uDRuCHoCNkLDwBFwFAi@BoANgCDu@?c@A[ESCOM_@Oe@G[Gc@Ee@Cy@H}@Lk@N]V]TS^MP?P@b@NlApATRz@XAf@EzA\EHLH?H{@FWJg@@qBEGa@D]?CbBAf@EzAMdEKr@K~BxBdA\M^q@h@y@fAmAn@k@RWf@u@hCcDHKHEH@H@JDHHFJDNh@|BVjAFVFPVf@`A|AJB@?NGDGDGXm@Pa@JQHEHKj@u@`@o@BGhA{BP[ZWDCDCNE^KLARMz@s@TWDEDMBAt@c@ZK^lCTtAYRWf@MfBAVOfASbA{ArDYr@[fAy@dDaBzHCLIf@_BhHg@~BOrAUpBIp@ANKbAADG`B?|CZtCH^b@rB\xAdA`D@BFVLh@PfALpAFvBm@Ek@HOD_@TGDQNCFIT[z@g@|AOb@ETK`@Ij@Gh@eA_@y@a@oA{@GEGEMI}@o@a@Yg@e@KI}AuASQOO{AkAa@[GEmAs@OIqAcAcAc@H{@Do@Du@?e@?M?}@EgACq@QoFBsAJ}E@e@@gAF}B@_@@UD_ADuATcGLoCFwADiAXqGBYT_EJ_CJmF?i@AWAOKYUq@U_@mAqAc@OQAQ?_@LURW\O\Mj@I|@Bx@Dd@X`@RLRAPGLQJUlA{DJa@p@sBt@aBzDkIFMP_@VaADg@?c@A]E[G]Ia@IOGYG]A[AW?W@wD@y@@[@YD]H[Rg@POPMLINEP@RBTLVXJXFVDVDX@\?ZAtDA|@AZA\ETW~@MZa@fAcAxBkAjCkDhHq@zAq@nBy@bDWvAAF
WF2 0GU,50,1042,Ossett WMC → Ossett Flushdyke Junior and Infant School → JB's Cafe & Bistro → Spring Mill Golf Course → Ossett WMC,3,11235,1055,17min,aotfI`mrHCq@QoFBsAJ}E@e@@gAF}B@_@@UD_ADuATcGLoCFwADiAXqGBYT_EJ_CJmF?i@AWAOKYUq@U_@mAqAc@OQAQ?_@LURW\O\Mj@I|@Bx@Dd@X`@RLRAPGLQJUlA{DJa@p@sBt@aBzDkIFMP_@VaADg@?c@A]E[G]Ia@IOGYG]A[AW?W@wD@y@@[@YD]H[Rg@POPMLINEP@RBTLVXJXFVDVDX@\?ZAtDA|@AZA\ETW~@MZa@fAcAxBkAjCkDhHq@zAq@nBy@bDWvAAFW|AQ`BQjBGlAIdCEvCGnEQnLIdCSvC_@|De@vCg@tBs@dCqAvCwL`SwBhDmDxF{AhCiBbD{@lBoB`Fq@xBe@xBg@xCYpCKzAG`BChCD|BRlDXrCj@`Ev@bDr@tCLRLHP@HCVAJ@FBFFFJFVBLFf@@H?PAPEPELIHGDGBk@EEAGEGGEKEMCS?U?]UmAaAmDq@cDm@eE[sCSoDCu@AiA@kCDcBJ}AToCd@_Dh@qBp@cCvBuFx@kBbBkDrAgChHiL`H}KnCoErAyCr@uBj@wBf@uCd@uDRuCHoCNkLDwBFwFAi@BoANgCDu@?c@A[ESCOM_@Oe@G[Gc@Ee@Cy@H}@Lk@N]V]TS^MP?P@b@NlApATRz@XAf@EzA\EHLH?H{@FWJg@@qBEGa@D]?CbBAf@EzAMdEKr@K~BxBdA\M^q@h@y@fAmAn@k@RWf@u@hCcDHKHEH@H@JDHHFJDNh@|BVjAFVFPVf@`A|AJB@?NGDGDGXm@Pa@JQHEHKj@u@`@o@BGhA{BP[ZWDCDCNE^KLARMz@s@TWDEDMBAt@c@ZK^lCTtAYRWf@MfBAVOfASbA{ArDYr@[fAy@dDaBzHCLIf@_BhHg@~BOrAUpBIp@ANKbAADG`B?|CZtCH^b@rB\xAdA`D@BFVLh@PfALpAFvBm@Ek@HOD_@TGDQNCFIT[z@g@|AOb@ETK`@Ij@Gh@eA_@y@a@oA{@GEGEMI}@o@a@Yg@e@KI}AuASQOO{AkAa@[GEmAs@OIqAcAcAc@H{@Do@Du@?e@?M?}@EgA
WF2 0GU,50,1043,"Outwood Primary Academy Kirkhamgate → Kirkhamgate Village Hall, Brandy Carr Road → The Star Inn → Shawfold Cars → Outwood Primary Academy Kirkhamgate",3,1365,212,3min,{twfIb{mH?@BJRxAJp@D\?D\vCNl@Lb@yAzAi@l@ORs@aAKMAu@F]?IOs@Nr@?HG\@t@~@nANSh@m@xA{Av@w@TSd@c@pBeANGHEb@UPI\U^Wp@k@JVDVDf@@FCz@Jj@DXEYKk@B{@Go@EWKWq@j@_@V]TQHc@TIDOFqBdAe@b@URw@v@Mc@Om@]}CE]Kq@SyACK?A
WF2 0GU,50,1044,Phoenix Young People's Centre → NAV Mini Market → The Blue Light → Mill View Stores → Phoenix Young People's Centre,3,1232,259,4min,ccufIfziHTq@FSb@qAZw@MUKK??QIQG[I@_@B]Dm@PmAT_BV{Ab@XJJNPVb@Zf@b@j@i@lAk@vAg@hAKR[v@c@pAb@~@Zn@BH}AlCu@rAIHHVN`@ADCDSRRSBE@EYy@HIt@sA|AmCRb@HTNVLVLVTfAj@Sk@RESOs@MWMWOWIUSc@CI[o@c@_AGRUp@
WF2 0GU,50,1045,Pinderfields Hospital PRU → St Annes → Spot on Dog Grooming → Wrenthorpe Methodist Church → Pinderfields Hospital PRU,3,1842,336,5min,qowfInehHm@k@MMCHc@~AYbA[~@t@jA\f@d@r@RZj@~@V`@NNPH\N|@`@FB|@`@MjANFOGLkA}@a@GC}@a@]OQIOOcAaBS[e@s@]g@u@kAk@{@[YaBqACAy@m@G^I@WQODLu@j@^|@n@`BpAZXj@z@t@jA\f@d@r@RZbA`BNNPH\N|@`@FBFYb@eATy@Ux@O\Sf@GXGC}@a@]OQIOOcAaBS[e@s@]g@u@kAZ_AXcAb@_BBILLl@j@
WF2 0GU,50,1046,Pizza Ferrara → Alverthorpe Conservative Club → Alverthorpe St Paul's CofE (VA) School → Al Fresco → Pizza Ferrara,3,1889,385,6min,{fufIrbjH^iAf@{AdAwCFSb@~@Zn@BH}AlCOSNRZg@`AeBCI[o@c@_Ab@qAZw@MUKKQIQG[IQCSGMEQKY[g@g@SWy@oAGEKCQl@c@`AEd@Er@ETIVKXERGTEX@\Ap@AXGVILDZBV?R@RGd@A\CTCB??C?B?BCBU@]Fe@AS?SCWE[HMFW@Y@q@A]DYFUDSJYHWDUDs@De@b@aAPm@JBFDx@nARVf@f@XZPJLDRFPBZHPFPHJJLT[v@c@pAb@~@Zn@JSFSD_@Bm@@Q@QBk@?Q@UBy@Cx@ATC|@APAPCl@E^GRKR[o@c@_AGReAvCg@zA_@hA
WF2 0GU,50,1047,Pumaspeed → NAV Mini Market → Mill View Stores → Kylies Sandwich Bar & Custom Cakes → Pumaspeed,3,1421,263,4min,}cufI`|iHn@kBFSb@qAZw@MUKK??QIQG[I@_@B]Dm@PmAT_BV{Ab@XJJNPVb@Zf@b@j@i@lAk@vAg@hAKR[v@c@pAb@~@Zn@BHRb@HTNVLVLVTfAj@Sk@RESOs@MWMWOWIUSc@CI[o@c@_AGReAvCg@zAg@|AMZM\]v@q@fBGLZl@P[QZ[m@FMPg@^_A\w@L]L[f@}Af@{ATk@
WF2 0GU,50,1048,R H Binks And Sons → Methodist Church → BP Manor Service Station → St Michaels Church → R H Binks And Sons,3,1331,258,4min,gm{fI`blHNaBg@iDCQIs@AE]cCZNJ@ZDZ@L?n@Al@AR_@f@dAOZGN_AMw@pCa@lCWzCMhAy@BeAZWTUV}@p@}@f@AI{DbAGXNfANTHFFn@Go@IGOUOgAFYtA_@dBc@@H|@g@|@q@TWVUdA[x@CLiAFy@
WF2 0GU,50,1049,Ramada → Shell Select → Holiday Inn → DVSA Wakefield Test Center → Ramada,3,2903,480,8min,u}sfIhxmH??EBMSCCEEQWAKScAIHEDOHEBEFEDIPANEN?\?B?HBRH\DLFNVf@HN^j@VPLDD@B?B?NEzCuHPg@Rc@JS`@w@@[Ea@BS@CHU@C??RATZIPWj@Kb@q@xBXnAp@~BPl@DHZi@DCHDZRNFDCJQJOb@m@FQDO}@a@??Fo@bA^EVGXENGPc@l@KNKPEBEJs@`A]aAEIQm@q@_CYoAG[?K@QJS`@w@TWVk@HQb@iAD_@\_ABQA_@q@gAw@m@KEMGo@_@e@e@[_@SU_@m@KMEECAKCIDK@KEGIGMCQEUAMEIKU{BaCo@{@IVKZYp@mA~FnB~AUfAABC@C@MD@^?D?BGTDO@E?C?EA_@LEBABA@CTgAoB_BlA_GXq@J[HWn@z@zB`CLJD@D?LEDAJEF?B?HF@BDHDN@RAPEPGLIDK@OFEHEJ{AbHKd@SdAI`@Gd@Kx@CXKfAA`@?LBNBP??FTBBLDH@F@D?NIDEHIRbA@JPVDDBBLRDC??
WF2 0GU,50,1050,Restyle Fitness → China And Thai Express → BP Manor Service Station → East Ardsley Express → Restyle Fitness,3,1512,309,5min,gn{fInrkHD@Cd@ZDZ@L?n@Al@AUp@EPw@pCa@lC[yBKo@CQKy@]cCZNJ@ZDZ@L?n@Al@AR_@f@dAOZGN_AMw@pCa@lCg@iDCQKy@]cCg@a@[Yk@c@WOQK]O_@OoAm@UKqBe@@TJrAJpAKqAKsAAUfAVh@LTJnAl@^N\NPJVNj@b@ZXf@`@ZNJ@Be@EA
WF2 0GU,50,1051,Royal Spice → The Glynn Living → The Wren Cafe → Hong Kong Vegan → Royal Spice,3,2985,372,6min,_uvfIdbgHF[Ls@NG`@Wb@c@fCyCPl@Dd@F^FLJLHLJZ[ZZ[K[IMKMGMG_@Ee@Qm@q@v@uA`Bc@b@a@VOFMr@Or@Gh@?f@B^J^Tn@FNLZRp@Jb@DX@l@@p@@`@@L?NHv@L`A@JB\@Z?r@Ad@En@Gl@WdBG\KhAMt@QUu@w@WQEr@Qb@Wp@ELQb@Sj@K^qAdFIREHG@I?ECKIU]g@w@KMo@WYMQKQn@I^A@Mz@o@|DY[[U}@a@GC}@a@]OQIOOcAaBS[e@s@]g@u@kAk@{@[YaBqA}@o@k@_@]UUO_CeBvB{Cr@_Ar@w@l@e@n@a@dBcADAt@g@b@Yp@_@d@UTMrBcAtBmAJI^Qh@UdBi@TORQVYz@}@\Yr@]ZETCp@A`@?\?`@EZOMr@GZ
WF2 0GU,50,1052,Shawfold Cars → Village Stores → Outwood Primary Academy Kirkhamgate → The Star Inn → Shawfold Cars,3,1750,317,5min,wcwfIdanHEg@EWKWq@j@_@V]TQHc@TIDOFqBdA_@wBm@\OH|@g@^vBe@b@URw@v@Mc@Om@]}CE]Kq@SyACK?AOkA_@qCcAf@[yAJIKHZxAbAg@^pCNlABJRxAJp@D\\|CNl@Lb@yAzAi@l@ORs@aAKMAu@F]?IOs@Nr@?HG\@t@~@nANSh@m@xA{Av@w@TSd@c@pBeANGHEb@UPI\U^Wp@k@JVDVDf@
WF2 0GU,50,1053,Shell Select → Holiday Inn → Total Fitness → Toyota Vantage → Shell Select,3,3239,558,9min,_usfIzlmH??RATZIPWj@Kb@q@xBXnAp@~BPl@DHZi@DCHDZRNFDCJQJOb@m@FQDO}@a@??Fo@bA^EVGXENGPc@l@KNKPEBEJs@`A]aAEIQm@q@_CYoAG[?K@QJS`@w@TWVk@HQb@iAD_@\_ABQA_@q@gAw@m@KEMGo@_@e@e@[_@SU_@m@KMEECAKCIDK@OFEHEJ{AbHKd@SdAI`@Gd@Kx@CXKfAA`@?LBNBP??FTBBLDH@F@D?NIDEHILOLUFIPa@Pg@DMDMFWPo@@KNq@ViAD]DIDIHIAOAECC_@Y_Aw@~ApABB@D@NCNGNABEHGLWhAOp@AJQn@GVELELQf@Q`@GHMTMNIHEDOHEBEFEDIPANENGHWFECIIEMCOAQBQDOBCJ[BMBMBM@a@JgABYJy@Fe@Ha@ReAJe@zAcH@K?G?EAa@CQ?QBQHWDAJEF?B?HF@BDHDN@RBX@LBJFV^l@RTZ^d@d@n@^PeAHM\KHYNm@BETmADMB?BB@DYtABOTeAAECCC?ELUlACDOl@IX]JILQdALFJDv@l@TJb@Fn@OSz@Qb@[z@[x@c@hAIPWj@Kb@q@xBG[?K@QJS`@w@@[Ea@BS@CHU@C
WF2 0GU,50,1054,Shine hand car wash → Toyota Vantage → Total Fitness → Ramada → Shine hand car wash,3,2160,416,6min,mrsfIzmmHKXQJSYHQb@iAD_@\_ABQA_@q@gAw@m@KEMGPeAHM\KHYNm@BETmADMB?BB@DYtABOTeAAECCC?ELUlACDOl@IX]JILQdAo@_@e@e@[_@SU_@m@KMEECAKCIDK@OFEHEJ{AbHKd@SdAI`@Gd@Kx@CXKfAA`@?LBNBP??FTBBLDH@F@D?NIDEHILOLUFIPa@Pg@DMDMFWPo@@KNq@ViAD]DIDIHIAOAECC_@Y_Aw@~ApABB@D@NCNGNABEHGLWhAOp@AJQn@GVELELQf@Q`@GHMTMNRbAb@eADCb@j@DHEL[bA??EBMSCCEEQWAKScAIHEDOHEBEFEDIPANEN?\?B?HBRH\DLFNVf@HN^j@VPLDD@B?B?NEzCuHPg@Rc@JS`@w@TWVk@HQb@iAHLH^O`@
WF2 0GU,50,1055,Silcoates School → Wrenthorpe Post Office → Wrenthorpe Park & Alverthorpe Meadows → Hall Cliffe Primary School → Silcoates School,3,8799,1101,18min,ihvfIvciHe@rA?L?FFNJPb@iABGBADADBDHBJ?@?F_B`EELAJAL@L?B@DFHFBDFBHFLDHDHBL@LAPA|@CZAXIhAGrACXCNMPOa@U_@}@aBS_@Wc@y@gAw@eAw@aAsAiBaAwAS[AC_@o@e@q@IMMg@Mm@Gi@G}@EkB^MXSNSLUV}@DKn@qCPq@Tm@n@eBX}@\yALu@JiAF]VeBFm@Do@@e@?s@A[C]AKMaAIw@?OAMAa@Aq@Am@EYKc@Sq@M[GOUo@K_@C_@?g@Fi@Ns@Ls@NG`@Wb@c@fCyCb@g@jAoA|BcCNMxAwAh@m@V[T_@d@iAVk@d@aBT}@\{A^uA|@uC\cAPo@H[F_@BSN@L@J?HADCDGb@i@FGFI@EFIHQJYDQBUFq@@M@M@MBc@H@F?B?@?L@N?VAJAJARCLEPERGDCHCJGLININKFEFGFELO@A^]^]b@c@z@{@`AcAZYb@e@NO|A_BFE@AdAgAr@s@r@u@JEHEn@Al@@hBALAN?F?FBLL@DNPDFNRRRV\VZI`@ADCJAFOp@i@zBWjAOnAO`AYhAMb@a@|AMx@@j@NrAPdAHl@@BJn@VtB@D@FH`AHlA?J@j@@x@AbAIdAIz@Kn@]~AUx@Kb@Ij@IAMBmBjBUTEBCD]\w@bAGLGLwAhCy@jAILg@p@mAdBKN[`@MVi@z@e@`Ag@jA]j@Yn@]n@k@x@[^a@h@g@f@UR??TSf@g@V|@`@vAVz@Tz@Tr@Td@PVRRRLXLXBX?f@Od@M^MTKr@Sb@Q^M^Mf@Oh@OnA_@VIVGpBm@|Ac@OxAAJEf@g@jCKf@OfAiAzHGn@Ml@a@tB[~Aq@~Cq@zBCFSn@Uj@]~@Ul@Ob@i@lAk@vAg@hAKR[v@c@pAGReAvCg@zAg@|AMZM\]v@q@fBGL_@`As@fBs@hBwBvE}BrGW~@q@`Ce@rBW|@Qh@Wb@[^q@h@eBzA_AbAc@h@cAlBCHsAeC]u@k@qAQ]qAoCIQ{@eBQi@GUkCgKyAsFIc@Ec@Ee@CcAGmFAiAAUC{AEeFE{C?I?{A?sBL?ZXXB@?[C[YM??iB?u@?e@CoACq@Ee@HLd@p@^n@@BRZ`AvArAhBv@`Av@dAx@fAVb@R^Vg@Dw@?s@?GFWFMPi@HQBQ?KESAG?E?KF]DYNa@`@eAKQGO?G?Md@sA
WF2 0GU,50,1056,Silkwood Farm → Total Fitness → DVSA Wakefield Test Center → Shell Select → Silkwood Farm,3,4103,632,10min,katfIj_mHQ`A][WSMn@oB_BlA_GXq@J[HWn@z@zB`CLJD@D?LEDAJEF?B?HF@BDHDN@RAPEPGLIDK@OFEHEJ{AbHKd@SdAI`@Gd@Kx@CXKfAA`@?LBNBP??FTBBLDH@F@D?NIDEHILOLUFIPa@Pg@DMDMFWPo@@KNq@ViAD]DIDIHIAOAECC_@Y_Aw@~ApABB@D@NCNGNABEHGLWhAOp@AJQn@GVELELQf@Q`@GHMTMNIHEDOHEBEFEDIPANENGHWFECIIEMCOAQBQDOBCJ[BMBMBM@a@JgABYJy@Fe@Ha@ReAJe@zAcH@K?G?EAa@CQEUAMEIKU{BaCo@{@IVKZYp@mA~FnB~AUfAABC@C@MD@^?D?BGTDO@E?C?EA_@LEBABA@CTgAoB_BlA_GXq@J[HWn@z@zB`CLJD@D?LEDAJEF?B?HF@BDHDN@RAPEPGLIDK@OFEHEJ{AbHKd@SdAI`@Gd@Kx@CXKfAA`@?LBNBP??FTBBDJBN?PANEN?\?B?HBRH\DLFNVf@HN^j@VPLDD@B?B?NEzCuHPg@Rc@JS`@w@@[Ea@BS@CHU@C??RATZb@iAD_@\_ABQA_@q@gAw@m@KEMGo@_@e@e@[_@SU_@m@KMEECAKCIDK@KEGIGMCQEUAMEIKU{BaCo@{@IVKZYp@mA~FnB~ALo@VR\ZPaA
WF2 0GU,50,1057,Spot on Dog Grooming → Declans → Pinderfields Hospital PRU → St Annes → Spot on Dog Grooming,3,1707,312,5min,yywfIxehHy@m@k@_@]UUO_CeBqA_Ak@_@IIZyAGOIUHTFN[xAHHj@^pA~@l@b@pA`ATN\Tj@^|@n@`BpAZXj@z@Z_AXcAb@_BBILLl@j@??m@k@MMCHc@~AYbA[~@t@jA\f@d@r@RZj@~@V`@NNPH\N|@`@FB|@`@MjANFOGLkA}@a@GC}@a@]OQIOOcAaBS[e@s@]g@u@kAk@{@[YaBqACA
WF2 0GU,50,1058,Spring Mill Golf Course → JB's Cafe & Bistro → Ossett Flushdyke Junior and Infant School → Ramada → Spring Mill Golf Course,3,10482,1027,17min,ovsfIncpHi@}BEOGKIIKEIAIAIDIJiCbDg@t@SVo@j@gAlAi@x@_@p@]LyBeAJ_CJmF?i@AWAOKYUq@U_@TRz@XAf@EzA\EHLH?H{@FWJg@@qBEGa@D]?CbBAf@GDI?GAIGUq@U_@mAqAc@OQAQ?_@LURW\O\Mj@I|@Bx@Dd@X`@RLRAPGLQJUlA{DJa@p@sBt@aBzDkIFMP_@VaADg@?c@A]E[G]Ia@IOGYG]A[AW?W@wD@y@@[@YD]H[Rg@POPMLINEP@RBTLVXJXFVDVDX@\?ZAtDA|@AZA\ETW~@MZa@fAcAxBkAjCkDhHq@zAq@nBy@bDWvAAFW|AQ`BQjBGlAIdCEvCGnEQnLIdCSvC_@|De@vCg@tBs@dCqAvCwL`SwBhDmDxF{AhCiBbD{@lBoB`Fq@xBe@xBg@xCYpCKzAG`BChCD|BRlDXrCj@`Ev@bDr@tCLRLHP@HCVAJ@FBFFFJFVBLFf@@H?PAPEPELIHGDGBk@EEAGEGGEKEMCS?U?]UmAaAmDq@cDm@eE[sCSoDCu@AiA@kCDcBJ}AToCd@_Dh@qBp@cCvBuFx@kBbBkDrAgChHiL`H}KnCoErAyCr@uBj@wBf@uCd@uDRuCHoCNkLDwBFwFJ}BZcEP}Ah@_Dt@_DJa@p@sBt@aBzDkIFMP_@VaADg@?c@A]E[G]Ia@IOGYG]A[AW?W@wD@y@@[@YD]H[Rg@`@sAtA}DBW\aAFOBQ@O?G?MAECGmAeBKQQe@CIIUIa@EMCMECIIEMCOAQBQDOBCDEHEH?HDBDBBLDH@F@D?NIDEHIRbAb@eADCb@j@DHEL[bA??EBMSCCEEQWAKScAIHEDOHEBEFEDIPANEN?\?B?HBRH\DLFNVf@HN^j@VPLDD@B?B?NEzCuHRMVCXnAp@~BPl@DH\`ARh@j@|ArCnHJ\z@~CX`AjAfFBNz@pEbBjMZdCTxA[Ju@b@C@ELEDUV{@r@SLM@_@JODEBEB[VQZiAzBCFa@n@k@t@IJIDKPQ`@Yl@EFEFOFA?KCaA}AWg@GQGWWkA
WF2 0GU,50,1059,St Annes → Pinderfields Hospital PRU → Wrenthorpe Methodist Church → The Well Church (Elim Pentecostal) → St Annes,3,1364,282,4min,qnwfIfshHk@_AS[e@s@]g@u@kAZ_AXcAb@_BBILLl@j@??m@k@MMCHc@~AYbA[~@t@jA\f@d@r@RZbA`BNNPH\N|@`@FBFYb@eATy@Ux@O\Sf@GX|@`@ZTXZFHf@TzB^MNWNINKZI\ITi@XMNEPG^EZOEQCG?USMOReADUj@cDGIY[[U}@a@GC}@a@]OQIOOWa@
WF2 0GU,50,1060,St Michaels Church → R H Binks And Sons → The Dental Studio → Methodist Church → St Michaels Church,3,2357,336,5min,oz{fIfllHdBc@@H|@g@|@q@TWVUdA[x@CLiAFy@NaB`@mCv@qCDQTq@R_@f@dAWj@_AMw@pCa@lCWzCMhAEt@ARGdACn@Cp@Cz@Cv@AxA?TC`E?FCnD?FElBGjAEd@Q|@EH\jA]kADIP}@De@FkADuBBoD?GBaE?U@yABw@B{@Bq@Bo@FeA@SDu@LiAV{Cg@iDCQIs@AE]cCZNJ@ZDZ@L?n@Al@AUp@EPw@pCa@lCWzCMhAy@BeAZWTUV}@p@}@f@AIeBb@
WF2 0GU,50,1061,Sun Bo → Blue Marlin Fisheries → Mill View Stores → Kylies Sandwich Bar & Custom Cakes → Sun Bo,3,1363,309,5min,_aufIjxiHd@v@FDGRKR[o@c@_AGReAvCg@zAGIWKVJFHJWZcAdAwCFSb@~@Zn@BHRb@HTNVLVLVTfAj@Sk@RESOs@MWMWOWIUSc@CI[o@c@_AGReAvCg@zAg@|AMZM\]v@q@fBGLZl@P[QZ[m@FMPg@^_A\w@L]L[f@}Af@{AdAwCFSb@~@Zn@JSFSGEe@w@
WF2 0GU,50,1062,Sunnyhill Stores → Jerry Clay Academy → Hall Cliffe Primary School → Wrenthorpe Dental Care → Sunnyhill Stores,3,3489,507,8min,i{vfIlpjH??^QGmFAiAAUC{AEeFE{C?I?{A?sB?iB?u@?e@CoACq@Ee@Mg@g@f@GDSPEBYRGFGHMX[t@]v@aBnD_@x@KTQd@a@x@Sb@EJEJUj@a@`AkFtLyHfQdAnBl@hAFNDL@L?NCHGNQd@Pe@FOBI?OAMEMGOm@iAeAoBxHgQjFuL`@aAZw@DKRc@`@y@Pe@JU^y@`BoD\w@Zu@LYFIFGXSDCRQFEf@g@Lf@Dd@Bp@BnA?d@?t@?hBL?ZXXB@?[C[YM??iB?u@?e@CoACq@Ee@Mg@Mm@Gi@WDYFI@kARLA|@QHAXGVEFh@Ll@Lf@Dd@Bp@BnA?d@?t@?hB?rB?zA?HDzCDdFBzA@T@hAFlF_@P??
WF2 0GU,50,1063,Tania's Barbershop → Methodist Church → BP Manor Service Station → St Michaels Church → Tania's Barbershop,3,1331,258,4min,cm{fIhalHJiAg@iDCQIs@AE]cCZNJ@ZDZ@L?n@Al@AR_@f@dAOZGN_AMw@pCa@lCWzCMhAy@BeAZWTUV}@p@}@f@AI{DbAGXNfANTHFFn@Go@IGOUOgAFYtA_@dBc@@H|@g@|@q@TWVUdA[x@CLiAJqA
WF2 0GU,50,1064,Tardis → West Yorkshire Police Learning & Development Centre → Cardigan House → Carr Gate Garden Centre → Tardis,3,12473,823,13min,_vyfItzjH??BBJCJAFABG?IEmAh@OKgDAS?Q?Q?Q@QFaB?Q?MEWOIGCI?ODeCnDg@h@g@b@cAp@iB`ASJIDGHIHEHCHYlA?BCvA?P@P@RDRThAf@~Br@|CnB|INn@bApEj@fCR|@vAlGtAxDbCzFbCdFbAjBb@x@bAjBnCrD|CfEjDpDxFdFfMjJzBxA`CrAtBfAtDrBtG`Dn@R~FjBlGhAdE\xDDvEOnE[hOcClImApBYzRuF^OZSPMNQNUj@{ARg@POPMLINEP@RBTLVXJXFVDVDX@\?ZAtDA|@AZA\ETW~@MZk@Va@@OCWOMOMUIOi@w@a@So@E{Lh@qAFsFj@sInAeOdCoE`@cFJwDImE]eGaAaGiBs@W_HeDkDqBuBiAcCcB}B_BqFsDiF{DkFqEoD{DaDeE}BqDmAkBc@y@wAuCoEsJuBoF_AqCo@wA_AuCqA}DOc@}BiHwAmEQa@Uu@K]MYKWGMGKGIGIGGEEMIOKc@SEAc@e@OUGQEOEQAMAOAQ?S@O@O?GDQFWFWFOFMrAuBHKFGFGHGHGJCHAH?H?H@JDt@NZLPBLBR@NANCLEJGZSjAy@`A_A`AkAb@o@pB}CbCqDFM^_AVe@L_@FYDY@W@YAYMoAe@P[Hi@Tk@Vg@Re@RiAd@EBIDqBx@qAh@gCfA}@^kBn@e@Rq@l@Wz@a@dBZt@Vj@r@yA??s@xAWk@[u@`@eBV{@p@m@d@SjBo@|@_@fCgApAi@pBy@HEDChAe@d@Sf@Sj@Wh@UZId@QEo@?_@BYDc@FYJa@R_@PS^YjBcAj@YPIrBkAnB_APIJf@@L?LENc@n@W`@W`@SXo@jASZ}@dBgBjD{@xAw@~@}EnHOTa@n@J`@BNDV?L?PG`BAP?P?P?P@RJfDi@NDlA?HCFG@K@KBCC??
WF2 0GU,50,1065,The Bay Horse → Main Street Fisheries → China And Thai Express → East Ardsley Express → The Bay Horse,3,1546,341,5min,qh{fInqkHPRMVS^Up@EPw@pCa@lCg@iDCQKy@]cCZNJ@Be@a@M??`@LCd@ZDZ@L?n@Al@AUp@EPw@pCa@lC[yBKo@CQKy@]cCg@a@[Yk@c@WOQK]O_@OoAm@UKqBe@@TJrAJpAKqAKsAAUfAVh@LTJnAl@^N\NPJVNj@b@ZXf@`@ZNJ@ZDZ@L?n@Al@AR_@LWQS
WF2 0GU,50,1066,The Blue Light → The New Albion → Alverthorpe St Paul's CofE (VA) School → Al Fresco → The Blue Light,3,1686,375,6min,udufI~cjHIWHIt@sA|AmCRb@U`@CCAAGJ??FK@@BBTa@Sc@CI[o@c@_Ab@qAZw@MUKKQIQG[IQCSGMEQKY[g@g@SWy@oAGEKCQl@c@`AEd@Er@ETIVKXERGTEX@\Ap@AXGVILDZBV?R@RGd@A\CTCB??C?B?BCBU@]Fe@AS?SCWE[HMFW@Y@q@A]DYFUDSJYHWDUDs@De@b@aAPm@JBFDx@nARVf@f@XZPJLDRFPBZHPFPHJJLT[v@c@pAb@~@Zn@JSFSD_@Bm@@Q@QBk@?Q@UBy@Cx@ATC|@APAPCl@E^GRKRBH}AlCu@rAIHHV
WF2 0GU,50,1067,The Dental Studio → St Michaels Church → R H Binks And Sons → Methodist Church → The Dental Studio,3,1823,298,4min,go{fI|`mH?GBoD?GBaE?U@yABw@B{@Bq@Bo@FeA@SDu@y@BeAZWTUV}@p@}@f@AI{DbAGXNfANTHFFn@Go@IGOUOgAFYtA_@dBc@@H|@g@|@q@TWVUdA[x@CLiAFy@NaBg@iDCQIs@AE]cCZNJ@ZDZ@L?n@Al@AUp@EPw@pCa@lCWzCMhAEt@ARGdACn@Cp@Cz@Cv@AxA?TC`E?FCnD?F
WF2 0GU,50,1068,The Eagle → Flanshaw Lodge → Alverthorpe Working Mens Club → GJH Commercial Vehicle Services Ltd → The Eagle,3,2913,472,7min,u`tfIfsjH@ARQDC??`@YRQXSPWZi@HOLW^u@FNHRDPDVUJmAhADd@Lb@?AMa@Ee@lAiATKEWEQISGO_@t@MVIN[h@QVYRSPa@X??EBSP[RKHQJYJC?SBY?OAQCYMi@Y_@MkB]s@Oc@Kc@MGAu@YQMKKn@{DD^i@fDPLt@XF@b@Lb@J~Cl@AfD?nCAr@?lAA|C?V?XErK?H?hA?|@AjAB`AFr@BRcAb@KBSDYBYBWAeACo@A?{A?M@uBm@?M?EBCH?d@BHDDZ?[?EECI?e@BIDCL?V?T?AtB?L?zAn@@dABV@XCXCREJCbAc@CSGs@CaA@kA?}@?iA?IDsK?Y?W@}C?mA@s@?oC@gD^Lh@XXLPBN@X?RCB?XKPKJIXQ
WF2 0GU,50,1069,The Glynn Living → Royal Spice → The Wren Cafe → Wrenthorpe Park & Alverthorpe Meadows → The Glynn Living,3,7382,898,14min,}nvfInzfHuA`Bc@b@a@VOFMr@GZGVGh@?f@B^J^Tn@FNLZRp@Jb@DX@l@@p@@`@@L?NHv@L`A@JB\@Z?r@Ad@En@Gl@WdBG\KhAMt@QUu@w@WQEr@Qb@Wp@ELQb@Sj@f@l@g@m@Rk@Vq@Vq@Pc@Ds@VPt@v@PTLu@JiAF]VeBFm@Do@@e@?s@A[C]AKMaAIw@?OAMAa@Aq@Am@EYKc@Sq@M[GOUo@K_@C_@?g@Fi@Ns@Ls@NG`@Wb@c@fCyCb@g@jAoA|BcCNMxAwAh@m@V[T_@d@iAVk@d@aBT}@\{A^uA|@uC\cAPo@H[F_@BSN@L@J?HADCDGb@i@FGFI@EFIHQJYDQBUFq@@M@M@MBc@H@F?B?@?L@N?VAJAJARCLEPERGDCHCJGLININKFEFGFELO@A^]^]b@c@z@{@`AcAZYb@e@NO|A_BFE@AdAgAr@s@r@u@JEHEn@Al@@hBALAN?F?FBLL@DNPDFNRRRV\VZI`@ADCJAFOp@i@zBWjAOnAO`AYhAMb@a@|AMx@@j@NrAPdAHl@@BJn@VtB@D@FH`AHlA?J@j@@x@AbAIdAIz@Kn@]~AUx@Kb@Ij@IAMBmBjBUTEBCD]\w@bAGLGLwAhCy@jAILg@p@mAdBKN[`@MVi@z@e@`Ag@jA]j@Yn@]n@k@x@[^a@h@g@f@UR??TSf@g@`@i@Z_@j@y@\o@Xo@\k@f@kAd@aAh@{@LWZa@JOlAeBf@q@HMx@kAvAiCFMFMv@cA\]BEDCTUlBkBLCH@Hk@Jc@Ty@\_BJo@H{@HeA@cAAy@Ak@?KImAIaAAGAEWuBKo@ACIm@QeAOsAAk@Ly@`@}ALc@XiANaANoAVkAh@{BNq@@GBK@EHa@W[W]SSOSEGOQAEMMGCG?O?M@iB@m@Ao@@IDKDs@t@s@r@eAfAA@GD}A~AONc@d@[XaAbA{@z@c@b@_@\_@\A@MNGDGFGDOJOHMHKFIBEBSFQDMDSBK@K@W@O?MAA?C?G?IAQ@G?GAKCMCICGCGE_@AE?C?E@A?C@??C@ABC@A@ADABCJ?FAFCp@@h@@`@?d@?RAP?RALCNEPCRG^IZQn@]bA}@tC_@tA]zAU|@e@`BWj@e@hAU^WZi@l@yAvAOL}BbCkAnAc@f@q@v@
WF2 0GU,50,1070,The Lawrence → tillybods → Wrenthorpe Club → Vic's Cafe → The Lawrence,3,5824,476,7min,wjxfIfhhHVl@JQlAuBtA_CV_@BCT[HM~BdBTN\Tj@^G^I@??WQODLu@]UUO_CeB_@h@CBW^uA~BmAtBKPq@hAGHq@jAaAdBSb@oBxD_AhBcA|AKLCDu@~@}@|@a@XCB_@RQHoB~@sBjAQHk@XkBbA_@XQRS^K`@GXEb@CX?^Dn@Lj@HPFJHFJDJ?JAJEJKv@}AvByFf@cC\cCLoATeCd@{Ht@wLDyANoDD{@EGEIAIAIAM?MBODKBIDEJELaALy@Bq@B]l@mEHOHMRByAdK?\?`@DLBL?N?LCLCHGLIFO~@MdDG|As@tLg@`IUfCYbCYhBa@rBe@jBk@hBcA`CqAfC}EnHOTa@n@a@h@eCnDg@h@g@b@cAp@iB`ASJIDGHIHEHCHYlA?BOt@ETELEHGJcBvBGHIHIDIBIBI@K?OAEAc@e@OUGQEOEQAMAOAQ?S@O@O?GDQFWFWFOFMrAuBHKFGFGHGHGJCHAH?H?H@JDt@NZLPBLBR@NANCLEJGZSjAy@`A_A`AkAb@o@pB}CbCqDFM^_AVe@L_@FYDY@W@YAYMoAEo@?_@BYDc@FYJa@R_@PS^YjBcAj@YPIrBkAnB_API^SBC`@Y|@}@t@_ABEJMbA}A~@iBnByDRc@`AeBp@kAFIp@iAWm@
WF2 0GU,50,1071,The Malt Shovel → Carr Gate WMC → Gardener's Retreat Restaurant → Tardis → The Malt Shovel,3,4455,551,9min,ysyfIvxiHb@Qj@WCoBGmAq@LJr@Ks@p@M@PDz@BnBk@Vg@Re@RiAd@EBIDqBx@qAh@gCfA}@^_Bh@KDe@Rq@l@Wz@a@dBIf@Hg@`@eBV{@p@m@d@SjBo@|@_@fCgApAi@pBy@HEDChAe@d@Sf@Sj@Wh@UZId@QEo@?_@BYDc@FYJa@R_@PS^YjBcAj@YPIrBkAnB_APIJf@@L?LENc@n@W`@W`@SXo@jASZ}@dBgBjD{@xAw@~@}EnHOTa@n@J`@BNDV?L?PG`BAP?P?P?P@RJfDi@NG_BIgCAYAOEECAEHIJKNCD@^FxBDrB@f@DRDF??BBJCJAFABG?IEmAh@OKgDAS?Q?Q?Q@QFaB?Q?MEWOIGCI?ODeCnDg@h@g@b@cAp@iB`ASJIDGHIHEHCHYlA?BOt@ETELEHGJcBvBGHIHIDIBIBI@K?OAEAc@e@OUGQEOEQAMAOAQ?S@O@O?GDQFWFWFOFMrAuBHKFGFGHGHGJCHAH?H?H@JDt@NZLPBLBR@NANCLEJGZSjAy@`A_A`AkAb@o@pB}CbCqDFM^_AVe@L_@FYDY@W@YAYMoAe@P[Hi@Tk@Vc@P
WF2 0GU,50,1072,The Mens Room → St Michaels Church → R H Binks And Sons → Methodist Church → The Mens Room,3,1847,301,5min,io{fIbbmH@m@BoD?GBaE?U@yABw@B{@Bq@Bo@FeA@SDu@y@BeAZWTUV}@p@}@f@AI{DbAGXNfANTHFFn@Go@IGOUOgAFYtA_@dBc@@H|@g@|@q@TWVUdA[x@CLiAFy@NaBg@iDCQIs@AE]cCZNJ@ZDZ@L?n@Al@AUp@EPw@pCa@lCWzCMhAEt@ARGdACn@Cp@Cz@Cv@AxA?TC`E?FCnDAl@
WF2 0GU,50,1073,The New Albion → The Blue Light → Al Fresco → Alverthorpe St Paul's CofE (VA) School → The New Albion,3,1751,390,6min,q`ufIf~iHFK@@BBTa@Sc@}AlCu@rAIHHVN`@ADCDSRRSBE@EYy@HIt@sA|AmCCIJSFSD_@Bm@@Q@QBk@?Q@UBy@Cx@ATC|@APAPCl@E^GRKR[o@c@_Ab@qAZw@MUKKQIQG[IQCSGMEQKY[g@g@SWy@oAGEKCQl@c@`AEd@Er@ETIVKXERGTEX@\Ap@AXGVILDZBV?R@RGd@A\CTCB??C?B?BCBU@]Fe@AS?SCWE[HMFW@Y@q@A]DYFUDSJYHWDUDs@De@b@aAPm@JBFDx@nARVf@f@XZPJLDRFPBZHPFPHJJLT[v@c@pAb@~@Zn@BHRb@U`@CCAAGJ
WF2 0GU,50,1074,The New Pot Oil → The Well Church (Elim Pentecostal) → Wrenthorpe Post Office → Wrenthorpe Methodist Church → The New Pot Oil,3,1681,275,4min,_~vfIf{hHODI@UBc@EMNWNINKZI\ITi@XMNEPG^EZOEQCG?USMOReADUj@cDGIn@}DL{@@AH_@Po@Je@Jo@Fa@D[@IDUFg@BSBMD[F]BUFc@@EJg@BIPRNFTJNFTFN?F@xCBX@VPt@v@PT]xAY|@o@dBUl@Qp@o@pCEJW|@MTORYR_@LODYHI@UBc@E{B_@g@UGIY[[U}@a@FYb@eATy@Ux@O\Sf@GX|@`@ZTXZFHf@TzB^b@DTCHANE
WF2 0GU,50,1075,The New Wheel → The Well Church (Elim Pentecostal) → Wrenthorpe Methodist Church → Wrenthorpe Post Office → The New Wheel,3,1418,263,4min,mawfIf{hHXDMNWNINKZI\ITi@XMNEPG^EZOEQCG?USMOReADUj@cDGIY[[U}@a@FYb@eATy@Ux@O\Sf@GX|@`@ZTXZn@}DL{@@AH_@Po@Je@Jo@Fa@D[@IDUFg@BSBMD[F]BUFc@@EJg@BIPRNFTJNFTFN?F@xCBX@VPt@v@PT]xAY|@o@dBUl@Qp@o@pCEJW|@MTORYR_@LODYHI@UBc@EYE
WF2 0GU,50,1076,The Quad → Vic's Cafe → The Wheel → The Lawrence → The Quad,3,9502,657,10min,gtxfIbufHFYfBcGzAgE|A_Ex@iBt@yAfBcDf@u@v@gAr@}@|@gA|@w@lB{AnBkAfBw@jBk@dBY|AQT?N@RDRFNFL@JAJCLULKPEPFNLFNDRBX?ZETGTMPSHSCMGKQEOCIIQMOOOUIQESEWA_BPaB^iBh@gBr@kBlAmBvA{@z@{@|@w@`Aq@dAi@v@gB`Ds@vAu@bBaB|DqAzDiBhG}BzIUvAaA|GyAdK?\?`@DLBL?N?LCLCHGLIFG@G?GCECEGEIAIAIAM?MBODKBIDEJELaALy@Bq@B]l@mEHOHMBQ~@sGVoAtBcJfBcGzAgE|A_Ex@iBt@yAfBcDf@u@v@gAr@}@|@gA|@w@lB{AnBkAfBw@jBk@dBY|AQT?N@RDRFNFL@JAJCLULKPEPFNLXAPERKXI`BKD?\CPANA~@Gb@?R@TDP@H?LCNQBGDIHGFEH?H@B@HAFAHCLEJCJCHCNCZG`@IXEHCDALETKFAl@W??LE@ALEHCJAHAJAJ?L@J@@?NB@?LDJBNFPFFH@BDDLNNLNNPNPNJFHDHDRJTJl@X^Rf@VPHFDHDDDDBJHRNJHFFNJNLb@XHBBBLFJDNHd@NBBBBDDHHCb@ALALALGp@CTEPKXIPGHADGHGFc@h@EFEBCBGFC?E@QBO?G^IZQn@]bA}@tC_@tA]zAU|@e@`BWj@e@hAU^WZi@l@yAvAOL}BbCkAnAc@f@gCxCc@b@a@VOF[Na@D]?a@?q@@UB[Ds@\]X{@|@WXSPUNeBh@i@T_@PKHuBlAsBbA{@b@q@^c@Xu@f@E@eBbAo@`@m@d@s@v@s@~@o@~@gAzA_@h@CBW^uA~BmAtBKPe@iAIUEO?O@OBSZm@DED@HNIOEAED[l@CRAN?NDNHTLZVl@q@hAGHq@jAaAdBSb@oBxD_AhBcA|AKLCDu@~@}@|@a@XCB_@RQHoB~@sBjAQHk@XkBbA_@XQRS^K`@GXEb@CX?^Dn@Lj@HPFJHFJDJ?JAJEJKv@}AvByFf@cC\cCLoATeCd@{Ht@wLDyANoDD{@EGEIAIAIAM?MBODKBIDEJELaALy@|@kGJo@BQ~@sGVoAlBiI
WF2 0GU,50,1077,The Star Inn → Lindale Methodist Church → Outwood Primary Academy Kirkhamgate → Shawfold Cars → The Star Inn,3,1568,260,4min,}wwfIfknHr@`ANSh@m@xA{AMc@Om@MiAOsAE]Kq@SyACK?AOkA_@qCcAf@[yAJIKHZxAbAg@^pCNlABJRxAJp@D\\|CNl@Lb@v@w@TSd@c@pBeANGHEb@UPI\U^Wp@k@JVDVDf@@FCz@Jj@DXEYKk@B{@Go@EWKWq@j@_@V]TQHc@TIDOFqBdAe@b@URw@v@yAzAi@l@ORs@aA
WF2 0GU,50,1078,The Well Church (Elim Pentecostal) → Wrenthorpe Dental Care → Wrenthorpe Methodist Church → St Annes → The Well Church (Elim Pentecostal),3,1389,312,5min,cgwfIz~hHj@cDf@TzB^b@DTCHAXINEDjBF|@WDYFI@kARLA|@QHAXGVEG}@EkBODYHI@UBc@E{B_@g@UGIY[[U}@a@FYb@eATy@Ux@O\Sf@GXGC}@a@]OQIOOWa@k@_AS[e@s@Rg@@CTk@Uj@ABSf@d@r@RZbA`BNNPH\N|@`@FB|@`@ZTXZFHk@bD
WF2 0GU,50,1079,The Wheel → Wrenthorpe Club → The Lawrence → Wrenthorpe Academy → The Wheel,3,1732,292,4min,k`xfIb|gHgAzA~BdBTN\Tj@^G^I@??WQODLu@]UUO_CeB_@h@CBW^uA~BmAtBKPe@iAIUEO?O@OBSZm@DED@HNIOEAED[l@CRAN?NDNHTLZVl@JQlAuBtA_CV_@BC^i@~BdBTN\Tj@^|@n@`BpAZXj@z@Z_AXcAb@_BBIHS??IRCHc@~AYbA[~@k@{@[YaBqA}@o@k@_@]UUO_CeBfA{A
WF2 0GU,50,1080,The Wren Cafe → Conroyds Fish and Chips → The New Pot Oil → Wrenthorpe Methodist Church → The Wren Cafe,3,1229,222,3min,exvfInhhHDMVq@Pc@Ds@VPt@v@PT]xAY|@o@dBUl@GRy@nDEJW|@MTORYR_@LODIBODI@UBc@E{B_@g@UGIY[[U}@a@FYb@eATy@Ux@O\Sf@GX|@`@ZTXZn@}DL{@@AH_@Po@PJXLn@VJLf@v@T\JHDBH?FADIHSpAeFJ_@Rk@Pc@
WF2 0GU,50,1081,tillybods → Wrenthorpe Club → The Lawrence → Wrenthorpe Academy → tillybods,3,1647,274,4min,}bxfIl_hHHM~BdBTN\Tj@^G^I@??WQODLu@]UUO_CeB_@h@CBW^uA~BmAtBKPe@iAIUEO?O@OBSZm@DED@HNIOEAED[l@CRAN?NDNHTLZVl@JQlAuBtA_CV_@BC^i@~BdBTN\Tj@^|@n@`BpAZXj@z@Z_AXcAb@_BBIHS??IRCHc@~AYbA[~@k@{@[YaBqA}@o@k@_@]UUO_CeBIL
WF2 0GU,50,1082,Total Fitness → Silkwood Farm → Shell Select → DVSA Wakefield Test Center → Total Fitness,3,4023,613,10min,o{sfIpemH^XBB@D@NCNGNABEHGLWhAOp@AJQn@GVELELQf@Q`@GHMTMNIHEDOHEBEFEDIPANENGHWFECIIEMCOAQBQDOBCJ[BMBMBM@a@JgABYJy@Fe@Ha@ReAJe@zAcH@K?G?EAa@CQEUAMEIKU{BaCo@{@IVKZYp@mA~FnB~ALo@VR\ZPaA??Q`A][WSMn@oB_BlA_GXq@J[HWn@z@zB`CLJD@D?LEDAJEF?B?HF@BDHDN@RAPEPGLIDK@OFEHEJ{AbHKd@SdAI`@Gd@Kx@CXKfAA`@?LBNBP??FTBBDJBN?PANEN?\?B?HBRH\DLFNVf@HN^j@VPLDD@B?B?NEzCuHPg@Rc@JS`@w@@[Ea@BS@CHU@C??RATZb@iAD_@\_ABQA_@q@gAw@m@KEMGo@_@e@e@[_@SU_@m@KMEECAKCIDK@KEGIGMCQEUAMEIKU{BaCo@{@IVKZYp@mA~FnB~AUfAABC@C@MD@^?D?BGTDO@E?C?EA_@LEBABA@CTgAoB_BlA_GXq@J[HWn@z@zB`CLJD@D?LEDAJEF?B?HF@BDHDN@RAPEPGLIDK@OFEHEJ{AbHKd@SdAI`@Gd@Kx@CXKfAA`@?LBNBP??FTBBLDH@F@D?NIDEHILOLUFIPa@Pg@DMDMFWPo@@KNq@ViAD]DIDIHIAOAECC_@Y
WF2 0GU,50,1083,Toyota Vantage → Shell Select → Total Fitness → Silkwood Farm → Toyota Vantage,3,3300,574,9min,grsfIz|lHTeAAECCC?ELUlACDOl@IX]JILQdALFJDv@l@TJb@Fn@OSz@Qb@[z@[x@c@hAIPWj@Kb@q@xBG[?K@QJS`@w@@[Ea@BS@CHU@C??RATZb@iAD_@\_ABQA_@q@gAw@m@KEMGo@_@e@e@[_@SU_@m@KMEECAKCIDK@OFEHEJ{AbHKd@SdAI`@Gd@Kx@CXKfAA`@?LBNBP??FTBBLDH@F@D?NIDEHILOLUFIPa@Pg@DMDMFWPo@@KNq@ViAD]DIDIHIAOAECC_@Y_Aw@~ApABB@D@NCNGNABEHGLWhAOp@AJQn@GVELELQf@Q`@GHMTMNIHEDOHEBEFEDIPANENGHWFECIIEMCOAQBQDOBCJ[BMBMBM@a@JgABYJy@Fe@Ha@ReAJe@zAcH@K?G?EAa@CQEUAMEIKU{BaCo@{@IVKZYp@mA~FnB~ALo@VR\ZPaA??Q`A][WSMn@oB_BlA_GXq@J[HWn@z@zB`CLJD@D?LEDAJEF?B?HF@BDHDN@RBX@LBJFV^l@RTZ^d@d@n@^PeAHM\KHYNm@BETmADMB?BB@DUdA
WF2 0GU,50,1084,Valley Cresent Day Centre → Conroyds Fish and Chips → The New Pot Oil → Wrenthorpe Methodist Church → Valley Cresent Day Centre,3,1229,222,3min,gxvfInhhHFMVq@Pc@Ds@VPt@v@PT]xAY|@o@dBUl@GRy@nDEJW|@MTORYR_@LODIBODI@UBc@E{B_@g@UGIY[[U}@a@FYb@eATy@Ux@O\Sf@GX|@`@ZTXZn@}DL{@@AH_@Po@PJXLn@VJLf@v@T\JHDBH?FADIHSpAeFJ_@Rk@Nc@
WF2 0GU,50,1085,Vic's Cafe → The Quad → The Lawrence → tillybods → Vic's Cafe,3,6930,599,9min,{zxfIpkgHHMBQ~@sGVoAlBiIFYfBcGzAgE|A_Ex@iBt@yAfBcDf@u@v@gAr@}@|@gA|@w@lB{AnBkAfBw@jBk@dBY|AQT?N@RDRFNFL@JAJCLULKPEPFNLXAPERKXI`BKD?\CPANA~@Gb@?R@TDP@H?LCNQBGDIHGFEH?H@B@HAFAHCLEJCJCHCNCZG`@IXEHCDALETKFAl@W??LE@ALEHCJAHAJAJ?L@J@@?NB@?LDJBNFPFFH@BDDLNNLNNPNPNJFHDHDRJTJl@X^Rf@VPHFDHDDDDBJHRNJHFFNJNLb@XHBBBLFJDNHd@NBBBBDDHHCb@ALALALGp@CTEPKXIPGHADGHGFc@h@EFEBCBGFC?E@QBO?G^IZQn@]bA}@tC_@tA]zAU|@e@`BWj@e@hAU^WZi@l@yAvAOL}BbCkAnAc@f@gCxCc@b@a@VOF[Na@D]?a@?q@@UB[Ds@\]X{@|@WXSPUNeBh@i@T_@PKHuBlAsBbA{@b@q@^c@Xu@f@E@eBbAo@`@m@d@s@v@s@~@wBzC_@h@CBW^uA~BmAtBKPe@iAIUEO?O@OBSZm@DED@HNIOEAED[l@CRAN?NDNHTLZVl@JQlAuBtA_CV_@BC^i@~BdBTN\Tj@^G^I@WQODLu@]UUO_CeBILUZCBW^uA~BmAtBKPq@hAGHq@jAaAdBSb@oBxD_AhBcA|AKLCDu@~@}@|@a@XCB_@RQHoB~@sBjAQHk@XkBbA_@XQRS^K`@GXEb@CX?^Dn@Lj@HPFJHFJDJ?JAJEJKv@}AvByFf@cC\cCLoATeCd@{Ht@wLDyANoDD{@EGEIAIAIAM?MBODKBIDEJELaALy@|@kGJo@IL
WF2 0GU,50,1086,"Village Hall, Kirkhamgate → The Star Inn → Outwood Primary Academy Kirkhamgate → Shawfold Cars → Village Hall, Kirkhamgate",3,1824,320,5min,gswfInbnHRhBNl@Lb@yAzAi@l@ORs@aAKMAu@F]?IOs@Nr@?HG\@t@~@nANSh@m@xA{AMc@Om@]}CE]Kq@SyACK?AOkA_@qCcAf@[yAJIKHZxAbAg@^pCNlABJRxAJp@D\\|CNl@Lb@v@w@TSd@c@pBeANGHEb@UPI\U^Wp@k@JVDVDf@@FCz@Jj@DXEYKk@B{@Go@EWKWq@j@_@V]TQHc@TIDOFqBdAe@b@URw@v@Mc@Om@SiB
WF2 0GU,50,1087,Village Stores → Outwood Primary Academy Kirkhamgate → The Star Inn → Shawfold Cars → Village Stores,3,1827,328,5min,opwfI`bnHl@]^vBe@b@URw@v@Mc@Om@]}CE]Kq@SyACK?AOkA_@qCcAf@[yAJIKHZxAbAg@^pCNlABJRxAJp@D\\|CNl@Lb@yAzAi@l@ORs@aAKMAu@F]?IOs@Nr@?HG\@t@~@nANSh@m@xA{Av@w@TSd@c@pBeANGHEb@UPI\U^Wp@k@JVDVDf@@FCz@Jj@DXEYKk@B{@Go@EWKWq@j@_@V]TQHc@TIDOFqBdA_@wBm@\
WF2 0GU,50,1088,Wakefield Flanshaw Junior and Infant School → West Villa → NAV Mini Market → Phoenix Young People's Centre → Wakefield Flanshaw Junior and Infant School,3,1529,218,3min,oqtfI~lhHa@lCGn@Ml@a@tB[~AMn@c@nBq@zBCFSn@Uj@]~@Ul@Ob@c@k@[g@Wc@OQKKc@YWzAU~AQlAEl@C\A^ZHPFPH??JJLT[v@c@pAGReAvCg@zAGIWKVJFHf@{An@eBTq@FSb@qAZw@JSf@iAj@wAh@mANc@Tm@\_ATk@Ro@BGp@{Bp@_DZ_B`@uBLm@Fo@`@mC
WF2 0GU,50,1089,War Memorial → The Star Inn → Outwood Primary Academy Kirkhamgate → Shawfold Cars → War Memorial,3,1714,311,5min,crwfIfgnHLb@yAzAi@l@ORs@aAKMAu@F]?IOs@Nr@?HG\@t@~@nANSh@m@xA{AMc@Om@]}CE]Kq@SyACK?AOkA_@qCcAf@[yAJIKHZxAbAg@^pCNlABJRxAJp@D\\|CNl@Lb@v@w@TSd@c@pBeANGHEb@UPI\U^Wp@k@JVDVDf@@FCz@Jj@DXEYKk@B{@Go@EWKWq@j@_@V]TQHc@TIDOFqBdAe@b@URw@v@Mc@
WF2 0GU,50,1090,War memorial in Kirkhamgate. → The Star Inn → Outwood Primary Academy Kirkhamgate → Shawfold Cars → War memorial in Kirkhamgate.,3,1698,309,5min,{qwfIzgnHDNyAzAi@l@ORs@aAKMAu@F]?IOs@Nr@?HG\@t@~@nANSh@m@xA{AMc@Om@]}CE]Kq@SyACK?AOkA_@qCcAf@[yAJIKHZxAbAg@^pCNlABJRxAJp@D\\|CNl@Lb@v@w@TSd@c@pBeANGHEb@UPI\U^Wp@k@JVDVDf@@FCz@Jj@DXEYKk@B{@Go@EWKWq@j@_@V]TQHc@TIDOFqBdAe@b@URw@v@EO
WF2 0GU,50,1091,"War Memorial, Kirkhamgate → The Star Inn → Outwood Primary Academy Kirkhamgate → Shawfold Cars → War Memorial, Kirkhamgate",3,1686,304,5min,gqwfI|gnHMLyAzAi@l@ORs@aAKMAu@F]?IOs@Nr@?HG\@t@~@nANSh@m@xA{AMc@Om@]}CE]Kq@SyACK?AOkA_@qCcAf@[yAJIKHZxAbAg@^pCNlABJRxAJp@D\\|CNl@Lb@v@w@TSd@c@pBeANGHEb@UPI\U^Wp@k@JVDVDf@@FCz@Jj@DXEYKk@B{@Go@EWKWq@j@_@V]TQHc@TIDOFqBdAe@b@URi@h@
WF2 0GU,50,1092,"War Memorial on Batley Road, Kirkhamgate → The Star Inn → Outwood Primary Academy Kirkhamgate → Shawfold Cars → War Memorial on Batley Road, Kirkhamgate",3,1686,304,5min,gqwfI|gnHMLyAzAi@l@ORs@aAKMAu@F]?IOs@Nr@?HG\@t@~@nANSh@m@xA{AMc@Om@]}CE]Kq@SyACK?AOkA_@qCcAf@[yAJIKHZxAbAg@^pCNlABJRxAJp@D\\|CNl@Lb@v@w@TSd@c@pBeANGHEb@UPI\U^Wp@k@JVDVDf@@FCz@Jj@DXEYKk@B{@Go@EWKWq@j@_@V]TQHc@TIDOFqBdAe@b@URi@h@
WF2 0GU,50,1093,West Ardsley Book Exchange → Hill Top Primary Academy → West Ardsley Methodist Church → The Mens Room → West Ardsley Book Exchange,3,7477,837,13min,qszfIvyqHTHj@RlEhBPFzAp@pBx@pBv@fAd@n@^d@b@eFbNGNm@dBo@|Ay@|BSh@S[EAIAKAGIo@cAOU??NTn@bAFHJ@H@D@RZRi@x@}Bn@}Al@eBFOdFcNe@c@o@_@gAe@NaB|@h@PBJMKLA?OC}@i@O`BqBw@qBy@{Aq@QGmEiBk@Sk@S{Ai@{@Wo@Uu@e@e@[CC]YuAoAkAaAs@i@gAaAGE[Wk@a@cDgCu@g@SGQEc@IKAeBS_@Go@OsB]SEQA?m@AaAA]E{@IaAKiBQ_CE}@AQAQIsAIqAAWMoBGaAIaAUeBYwB]oCe@uBi@mCMs@Gk@u@oH]mDOuAY{BIk@CSIs@OuA_AmHKcAKu@Ic@Rg@P]V_@V_@NMVU~@i@\Qn@UVIj@MZGn@StAq@fBy@\Q`@Sp@]z@g@vBoAh@a@XYP_@DIP}@De@FkABgA@m@zAHHAFEDGDMBSBaClALFDFHBJ@H?FALEJEDIDoA^CRELEFGDI@{AIEtBGjAEd@Q|@EHQ^YXi@`@wBnA{@f@q@\a@R]PgBx@uAp@o@R[Fk@LWHo@T]P_Ah@WTOLW^W^Q\Sf@Hb@Jt@JbA~@lHNtAHr@BRHj@XzBNtA\lDt@nHFj@Lr@h@lCd@tB\nCXvBTdBH`AF`ALnB@VHpAHrA@P@PD|@P~BJhBH`ADz@@\@`A?l@P@RDrB\n@N^FdBRJ@b@HPDRFt@f@bDfCj@`@ZVFDfA`Ar@h@jA`AtAnA\XBBd@Zt@d@n@Tz@VzAh@TH
WF2 0GU,50,1094,West Ardsley Community Centre → West Ardsley Methodist Church → West Ardsley Book Exchange → Highfield School → West Ardsley Community Centre,3,12804,1453,24min,qizfIb_sHFMV^S`@D@RZRi@x@}Bn@}Al@eBFOdFcNe@c@o@_@gAe@NaB|@h@PBJMKLA?OC}@i@O`BqBw@qBy@{Aq@QGmEiBk@Sk@SBWDS@S?Q?S@OLaBM`BAN?R?PARERCVTHTHj@RlEhBPFzAp@pBx@pBv@fAd@n@^d@b@eFbNGNm@dBo@|Ay@|BSh@KXKXO^Wt@_@`Aa@pAGV?FCTGxDA|@?JMdHAb@At@At@C~@MfJ?PA`@@p@J`A`@vBBb@LjGj@|Fp@jHJ|C?~BO`CYzCtDvBpJtFLF`J|EhHdEPHnBnAhE|B\RZRXLrAv@bAh@JDr@h@~AjA|@`Az@|AJN^n@r@zAlAnDHTHVpAlDp@`BHFHFD@F?N?^WPMp@UBAZKh@CHDTJZTTZb@ZH?HFb@i@tD{ITc@^q@bAqB\cAF_ACEAO?I?EBMDKFEBADAD@VIPAnBw@LMr@cAXa@JOX]h@aAlCmD~CsEbCmDdB_C`ByBT[x@gAGWOm@?a@Fs@\cA\i@zBmCTYR_@Jk@Bc@Ac@Ga@Oo@Yw@Og@IWUs@I[Oa@GUIUGU{@sCGSa@_AQWq@q@MKIIi@]QMQSGMUe@Sg@Ss@K]Mq@YgBKq@c@yBu@}BKWC[?w@@eA?kB?]Aa@?WCQAQAKCEIWMa@Qo@Qq@Mw@Kg@QoB]oDKoAQgBQyAO?eEhDdEiDN?PxAPfBJnA\nDJjADb@Jf@Lv@Pp@Pn@L`@HVBD@J@PBP?V@`@?\?jBAdA?v@BZJVt@|Bb@xBJp@XfBLp@J\Rr@Rf@Td@FLPRPLh@\HHLJp@p@PV`@~@FRz@rCFTHTFTN`@HZTr@HVNf@Xv@Nn@F`@@b@Cb@Kj@S^UX{BlC]h@]bAGr@?`@Nl@FVy@fAUZaBxBeB~BcClD_DrEmClDi@`AY\KNY`@s@bAMLoBv@GRMP?D@NALCJ?@GHGDS`@OH]bAcApB_@p@Ub@uDzIWfA?NCNELKJI?IEGICKAQ@SMy@U[[UUKIEi@B[JC@q@TQL_@V]VSi@q@aBqAmDIWIUmAcCk@iAa@{@qBwCk@m@wAiA_Am@q@e@yCaBeBaA_CmAmAw@a@S}DuBqC{AyImFeP}I@g@X{CNaC?_CK}Cq@kHk@}FMkGCc@a@wBKaAAq@@a@?QLgJB_A@u@@u@@c@LeH?K@}@FyDBU?GFW`@qA^aAVu@N_@JYJYS[EAIAKAGIPe@
WF2 0GU,50,1095,West Ardsley Methodist Church → West Ardsley Community Centre → West Ardsley Book Exchange → The Star Inn → West Ardsley Methodist Church,3,6229,593,9min,q}yfIvarHOC}@i@O`BfAd@n@^d@b@eFbNGNm@dBo@|Ay@|BSh@S[EAIAKAGIPe@FMV^S`@D@RZRi@x@}Bn@}Al@eBFOdFcNe@c@o@_@gAe@qBw@qBy@{Aq@QGmEiBk@Sk@SBWDS@S?Q?S@OLaBM`BAN?R?PARERCVTHTHj@RlEhBPFzAp@pBx@pBv@fAd@n@^d@b@FOZ{@HYViA^iBXgARm@R]^a@JInBeBr@w@j@}@Xq@ZcA\gBTmATcAb@cB|@yCBGt@}BtA_E~@wDXsBn@cFRmARw@Vq@b@o@r@q@xA_Ad@YRSJ]Jm@h@wELw@Pu@Ne@Tg@`@m@\YPM\I\GXAB?d@HZDR?NAlAQjAODAXOXWXg@Rk@Ru@t@aDNg@Vo@\s@zBgDRY^g@s@aAKMAu@F]?IOs@Nr@?HG\@t@~@nA_@f@SX{BfD]r@Wn@Of@u@`DSt@Sj@Yf@YVYNE@kANmAPO@S?[Ee@IC?Y@]F]HQL]Xa@l@Uf@Od@Qt@Mv@i@vEKl@K\SRe@XyA~@s@p@c@n@Wp@Sv@SlAo@bFYrB_AvDuA~Du@|BCF}@xCc@bBUbAUlA]fB[bAYp@k@|@s@v@oBdBKH_@`@S\Sl@YfA_@hBWhAIX[z@GNe@c@o@_@gAe@NaB|@h@NB
WF2 0GU,50,1096,West Villa → Wakefield Flanshaw Junior and Infant School → NAV Mini Market → Phoenix Young People's Centre → West Villa,3,1690,274,4min,sutfIp|hHLo@Z_B`@uBLm@Fo@`@mCf@mD\T]UiAzHGn@Ml@a@tB[~Aq@~Cq@zBCFSn@Uj@]~@Ul@Ob@c@k@[g@Wc@OQKKc@YWzAU~AQlAEl@C\A^ZHPFPH??JJLT[v@c@pAGReAvCg@zAGIWKVJFHf@{An@eBTq@FSb@qAZw@JSf@iAj@wAh@mANc@Tm@\_ATk@Ro@BGp@{Bb@oB
WF2 0GU,50,1097,West Yorkshire Police Bishopgarth House → West Yorkshire Police Learning & Development Centre → Cardigan House → Driver Training Area → West Yorkshire Police Bishopgarth House,3,9946,536,8min,{uyfIxzjH??JCJAFABG?IEmAh@OKgDAS?Q?Q?Q@QFaB?Q?MEWOIGCI?ODeCnDg@h@g@b@cAp@iB`ASJIDGHIHEHCHYlA?BCvA?P@P@RDRThAf@~Br@|CnB|INn@bApEj@fCR|@x@nD\|AtAxDbCzFbCdFbAjBb@x@bAjBnCrD|CfEjDpDxFdFfMjJzBxA`CrAtBfAtDrBtG`Dn@R~FjBlGhAdE\xDDvEOnE[hOcClImApBYzRuF^OZSPMNQNUj@{ARg@POPMLINEP@RBTLVXJXFVDVDX@\?ZAtDA|@AZA\ETW~@MZk@Va@@OCWOMOMUIOi@w@a@So@E{Lh@qAFsFj@sInAeOdCoE`@cFJwDImE]eGaAaGiBs@W_HeDkDqBuBiAcCcB}B_BqFsDiF{DkFqEoD{DaDeE}BqDmAkBc@y@wAuCoEsJuBoF_AqCo@wA_AuCqA}DOc@}BiHwAmEQa@Uu@K]MYKWGMGKGIGIGGEEMIOKc@SEAc@e@OUGQEOEQAMAOAQ?S@O@O?GDQFWFWFOFMrAuBHKFGFGHGHGJCHAH?H?H@JDt@NZLPBLBR@NANCLEJGZSjAy@`A_A`AkAb@o@\Ut@gALKJ?FJJ`@BNDV?L?PG`BAP?P?P?P@RJfDi@NDlA?HCFG@K@KB??
WF2 0GU,50,1098,West Yorkshire Police Learning & Development Centre → Cardigan House → West Yorkshire Police Bishopgarth House → Driver Training Area → West Yorkshire Police Learning & Development Centre,3,19016,974,16min,o|yfIrvkHbApEj@fCR|@vAlGtAxDbCzFbCdFbAjBb@x@bAjBnCrD|CfEjDpDxFdFfMjJzBxA`CrAtBfAtDrBtG`Dn@R~FjBlGhAdE\xDDvEOnE[hOcClImApBYzRuF^OZSPMNQNUj@{ARg@POPMLINEP@RBTLVXJXFVDVDX@\?ZAtDA|@AZA\ETW~@MZk@Va@@OCWOMOMUIOi@w@a@So@E{Lh@qAFsFj@sInAeOdCoE`@cFJwDImE]eGaAaGiBs@W_HeDkDqBuBiAcCcB}B_BqFsDiF{DkFqEoD{DaDeE}BqDmAkBc@y@wAuCoEsJuBoF_AqCo@wA_AuCqA}DOc@}BiHwAmEQa@Uu@K]MYKWGMGKGIGIGGEEMIOKc@SEAc@e@OUGQEOEQAMAOAQ?S@O@O?GDQFWFWFOFMrAuBHKFGFGHGHGJCHAH?H?H@JDt@NZLPBLBR@NANCLEJGZSjAy@`A_A`AkAb@o@\Ut@gALKJ?FJJ`@BNDV?L?PG`BAP?P?P?P@RJfDi@NG_BIgCAYAOEECAEHIJKNCD@^FxBDrB@f@DRDFBB??JCJAFABG?IEmAh@OKgDAS?Q?Q?Q@QFaB?Q?MEWOIGCI?ODeCnDg@h@g@b@cAp@iB`ASJIDGHIHEHCHYlA?BCvA?P@P@RDRThAf@~Br@|CnB|I~BhKR|@x@nD\|AtAxDbCzFbCdFbAjBb@x@bAjBnCrD|CfEjDpDxFdFfMjJzBxA`CrAtBfAtDrBtG`Dn@R~FjBlGhAdE\xDDvEOnE[hOcClImApBYzRuF^OZSPMNQNUj@{ARg@POPMLINEP@RBTLVXJXFVDVDX@\?ZAtDA|@AZA\ETW~@MZk@Va@@OCWOMOMUIOi@w@a@So@E{Lh@qAFsFj@sInAeOdCoE`@cFJwDImE]eGaAaGiBs@W_HeDkDqBuBiAcCcB}B_BqFsDiF{DkFqEoD{DaDeE}BqDmAkBc@y@wAuCoEsJuBoF_AqCo@wA_AuCqA}DOc@}BiHwAmEQa@Uu@K]MYKWGMGKGIGIGGEEMIOKc@SEAc@e@OUGQEOEQAMAOAQ?S@O@O?GDQFWFWFOFMrAuBHKFGFGHGHGJCHAH?H?H@JD^\JNFJDLDLBPBN@N@P?P?P?P?BCvA?P@P@RDRThAf@~Br@|CnB|INn@
WF2 0GU,50,1099,White Rose Sandwich Co. → BP Manor Service Station → Main Street Fisheries → St Michaels Church → White Rose Sandwich Co.,3,1778,384,6min,yl{fIr~kHe@}CCQKy@]cCZNJ@ZDZ@L?n@Al@AR_@f@dAOZGN_AMw@pCa@lCg@iDCQKy@]cCZNJ@Be@a@M??`@LCd@ZDZ@L?n@Al@AUp@EPw@pCa@lCWzCMhAy@BeAZWTUV}@p@}@f@AI{DbAGXNfANTHFFn@Go@IGOUOgAFYtA_@dBc@@H|@g@|@q@TWVUdA[x@CLiAV{CAK
WF2 0GU,50,1100,Wrenthorpe Academy → Hong Kong Vegan → St Annes → Spot on Dog Grooming → Wrenthorpe Academy,3,2963,321,5min,cqwfI`chHIRCHc@~AYbA[~@k@{@[YaBqA}@o@k@_@]UUO_CeBvB{Cr@_Ar@w@l@e@n@a@dBcADAt@g@b@Yp@_@d@UTMrBcAtBmAJI^Qh@UdBi@TORQVYz@}@\Yr@]ZETCp@A`@?\?`@EZOMr@Or@Gh@?f@B^J^Tn@FNLZRp@Jb@DX@l@@p@@`@@L?NHv@L`A@JB\@Z?r@Ad@En@Gl@WdBG\KhAMt@]xAY|@o@dBUl@aAbEEJW|@MTORYR_@LODYHI@UBc@E{B_@g@UGIY[[U}@a@GC}@a@]OQIOOWa@k@_AS[e@s@]g@u@kAk@{@[YaBqACAy@m@G^I@WQODLu@j@^|@n@`BpAZXj@z@Z_AXcAb@_BBIHS
WF2 0GU,50,1101,Wrenthorpe Club → Declans → Pinderfields Hospital PRU → The Lawrence → Wrenthorpe Club,3,1957,349,5min,e|wfIlehHHAF_@k@_@]UUO_CeBqA_Ak@_@IIZyAGOIUHTFN[xAHHj@^pA~@l@b@pA`ATN\Tj@^|@n@`BpAZXj@z@Z_AXcAb@_BBILLl@j@??m@k@MMCHc@~AYbA[~@k@{@[YaBqA}@o@k@_@]UUO_CeB_@h@CBW^uA~BmAtBKPe@iAIUEO?O@OBSZm@DED@HNIOEAED[l@CRAN?NDNHTLZVl@JQlAuBtA_CV_@BC^i@~BdBTN\Tj@^G^I@
WF2 0GU,50,1102,Wrenthorpe Dental Care → The Well Church (Elim Pentecostal) → Wrenthorpe Methodist Church → Wrenthorpe Post Office → Wrenthorpe Dental Care,3,1637,314,5min,q`wfIhaiH|@QHAXGVEG}@EkBODYHI@UBc@EMNWNINKZI\ITi@XMNEPG^EZOEQCG?USMOReADUj@cDGIY[[U}@a@FYb@eATy@Ux@O\Sf@GX|@`@ZTXZn@}DL{@@AH_@Po@Je@Jo@Fa@D[@IDUFg@BSBMD[F]BUFc@@EJg@BIPRNFTJNFTFN?F@xCBX@VPt@v@PT]xAY|@o@dBUl@Qp@o@pCEJW|@MTORYR_@LDjBF|@WDYFI@}@P
WF2 0GU,50,1103,Wrenthorpe Methodist Church → The Well Church (Elim Pentecostal) → St Annes → The New Wheel → Wrenthorpe Methodist Church,3,1494,258,4min,whwfIvthHSf@GX|@`@ZTXZFHf@TzB^MNWNINKZI\ITi@XMNEPG^EZOEQCG?USMOReADUj@cDGIY[[U}@a@GC}@a@]OQIOOWa@k@_AS[e@s@Rg@@CTk@Uj@ABSf@d@r@RZbA`BNNPH\N|@`@FB|@`@ZTXZFHf@T`BXXDMNWNINKZI\ITi@XMNEPG^EZOEQCG?USMOReAp@yDGIY[[U}@a@FYRg@
WF2 0GU,50,1104,Wrenthorpe Park & Alverthorpe Meadows → Alverthorpe & Wrenthorpe Meadows LNR → Silcoates School → Conroyds Fish and Chips → Wrenthorpe Park & Alverthorpe Meadows,3,8644,1098,18min,cnufIlxgHTSf@g@V|@`@vAVz@Tz@Tr@Td@PVRRRLXLXBX?f@OFbAV|DJpAo@QmCe@KE??JDlCd@n@P~@V`Cj@\cABEJ[Ha@Ho@Dg@@k@?q@QqCIaAh@OnA_@VIVGpBm@|Ac@OxAAJEf@g@jCKf@OfAiAzHGn@Ml@a@tB[~Aq@~Cq@zBCFSn@Uj@]~@Ul@Ob@i@lAk@vAg@hAKR[v@c@pAGReAvCg@zAg@|AMZM\]v@q@fBGL_@`As@fBs@hBwBvE}BrGW~@q@`Ce@rBW|@Qh@Wb@[^q@h@eBzA_AbAc@h@cAlBCHsAeC]u@k@qAQ]qAoCIQFSn@_GTaCN{Cd@cR@MJkARuA@UFa@Dk@D]BS@U?[C[GSOa@U_@}@aBVg@Dw@?s@?GFWFMPi@HQBQ?KESAG?E?KF]DYNa@`@eAKQGO?G?Md@sA??e@rA?L?FFNJPb@iABGBADADBDHBJ?@?F_B`EELAJAL@L?B@DFHFBDFBHFLDHDHBL@LAPA|@CZAXIhAGrACXCNMPOa@U_@}@aBS_@Wc@y@gAw@eAw@aAsAiBaAwAS[AC_@o@e@q@IMMg@Mm@Gi@G}@EkB^MXSNSLUV}@DKx@oDFSTm@n@eBX}@\yALu@JiAF]VeBFm@Do@@e@?s@A[C]AKMaAIw@?OAMAa@Aq@Am@EYKc@Sq@M[GOUo@K_@C_@?g@Fi@Ns@Ls@NG`@Wb@c@fCyCb@g@jAoA|BcCNMxAwAh@m@V[T_@d@iAVk@d@aBT}@\{A^uA|@uC\cAPo@H[F_@BSN@L@J?HADCDGb@i@FGFI@EFIHQJYDQBUFq@@M@M@MBc@H@F?B?@?L@N?VAJAJARCLEPERGDCHCJGLININKFEFGFELO@A^]^]b@c@z@{@`AcAZYb@e@NO|A_BFE@AdAgAr@s@r@u@JEHEn@Al@@hBALAN?F?FBLL@DNPDFNRRRV\VZI`@ADCJAFOp@i@zBWjAOnAO`AYhAMb@a@|AMx@@j@NrAPdAHl@@BJn@VtB@D@FH`AHlA?J@j@@x@AbAIdAIz@Kn@]~AUx@Kb@Ij@IAMBmBjBUTEBCD]\w@bAGLGLwAhCy@jAILg@p@mAdBKN[`@MVi@z@e@`Ag@jA]j@Yn@]n@k@x@[^a@h@g@f@UR
WF2 0GU,50,1105,Wrenthorpe Post Office → The Wren Cafe → The New Pot Oil → Wrenthorpe Methodist Church → Wrenthorpe Post Office,3,1833,271,4min,_xvfItqhHo@pCEJW|@MTORYR_@LODYHI@UBc@E{B_@g@UGIn@}DL{@@AH_@Po@PJXLn@VJLf@v@T\JHDBH?FADIHSpAeFJ_@Rk@Pc@DMVq@Pc@Ds@VPt@v@PT]xAY|@o@dBUl@aAbEEJW|@MTORYR_@LODIBODI@UBc@E{B_@g@UGIY[[U}@a@FYb@eATy@Ux@O\Sf@GX|@`@ZTXZFHf@TzB^b@DTCHAXINE^MXSNSLUV}@DKn@qC
WF2 0GU,50,1106,Wrenthorpe Potovens → The Well Church (Elim Pentecostal) → Wrenthorpe Post Office → Hall Cliffe Primary School → Wrenthorpe Potovens,3,1655,257,4min,{|vfI|~hHCSEkBODYHI@UBc@EMNWNINKZI\ITi@XMNEPG^EZOEQCG?USMOReADUj@cDGIn@}DL{@@AH_@Po@Je@Jo@Fa@D[@IDUFg@BSBMD[F]BUFc@@EJg@BIPRNFTJNFTFN?F@xCBX@VPt@v@PT]xAY|@o@dBUl@Qp@o@pCEJW|@MTORYR_@LDjBF|@Fh@Ll@Lf@Dd@Bp@BnA?d@?t@?hBL?ZXXB@?[C[YM??iB?u@?e@CoACq@Ee@Mg@Mm@Gi@Ci@
WF2 0GU,50,1107,Wrenthorpe Village Hall → The Well Church (Elim Pentecostal) → Wrenthorpe Post Office → Wrenthorpe Methodist Church → Wrenthorpe Village Hall,3,1880,317,5min,k~vfIt`iH@?XGVEG}@EkBODYHI@UBc@EMNWNINKZI\ITi@XMNEPG^EZOEQCG?USMOReADUj@cDGIn@}DL{@@AH_@Po@Je@Jo@Fa@D[@IDUFg@BSBMD[F]BUFc@@EJg@BIPRNFTJNFTFN?F@xCBX@VPt@v@PT]xAY|@o@dBUl@Qp@o@pCEJW|@MTORYR_@LODYHI@UBc@E{B_@g@UGIY[[U}@a@FYb@eATy@Ux@O\Sf@GX|@`@ZTXZFHf@TzB^b@DTCHAXINEDjBF|@WDYFA?
WF2 0GU,55,1108,Al Fresco → The New Albion → The Blue Light → West Villa → Al Fresco,3,1538,301,5min,__ufIjuiHCj@APAPCl@E^GRKRBHRb@U`@CCAAGJ??FK@@BBTa@Sc@}AlCu@rAIHHVN`@ADCDSRRSBE@EYy@HIt@sA|AmCCI[o@c@_Ab@qAZw@JSf@iAj@wAh@mANc@Tm@\_ATk@Ro@BGp@{BwA_Bx@qCnApAMn@c@nBq@zBCFSn@Uj@]~@Ul@Ob@i@lAk@vAg@hAKR[v@c@pAb@~@Zn@JSFSD_@Bm@@Q@QBk@
WF2 0GU,55,1109,Alverthorpe Conservative Club → Pizza Ferrara → Al Fresco → Alverthorpe St Paul's CofE (VA) School → Alverthorpe Conservative Club,3,1975,404,6min,cbufI`_jH`AeBCI[o@c@_AGReAvCg@zAg@|AMZM\Nl@Rz@S{@Om@L]L[FS^iAf@{AdAwCFSb@~@Zn@JSFSD_@Bm@@Q@QBk@?Q@UBy@Cx@ATC|@APAPCl@E^GRKR[o@c@_Ab@qAZw@MUKKQIQG[IQCSGMEQKY[g@g@SWy@oAGEKCQl@c@`AEd@Er@ETIVKXERGTEX@\Ap@AXGVILDZBV?R@RGd@A\CTCB??C?B?BCBU@]Fe@AS?SCWE[HMFW@Y@q@A]DYFUDSJYHWDUDs@De@b@aAPm@JBFDx@nARVf@f@XZPJLDRFPBZHPFPHJJLT[v@c@pAb@~@Zn@BHaAdB
WF2 0GU,55,1110,Alverthorpe Garage → Sun Bo → Kylies Sandwich Bar & Custom Cakes → Mill View Stores → Alverthorpe Garage,3,1204,286,4min,cdufI`bjHb@w@|AmCCIJSFSGEi@}@BDd@v@FDGRKR[o@c@_AGReAvCg@zAg@|AMZM\]v@q@fBGLZl@P[QZ[m@FMPg@^_A\w@L]L[f@}Af@{AdAwCFSb@~@Zn@BHRb@HTNVLVLVTfAj@Sk@RESOs@MWMWOWIUSc@}AlCc@v@
WF2 0GU,55,1111,Alverthorpe St Paul's CofE (VA) School → Pizza Ferrara → Alverthorpe Conservative Club → NAV Mini Market → Alverthorpe St Paul's CofE (VA) School,3,1723,329,5min,unufId`jHBCBU@]Fe@AS?SCWE[HMFW@Y@q@A]DYFUDSJYHWDUDs@De@b@aAPm@JBFDx@nARVf@f@XZPJLDRFPBZHPFPHJJLT[v@c@pAGReAvCg@zAg@|AMZM\Nl@Rz@S{@Om@L]L[FS^iAf@{AdAwCFSb@~@Zn@BH}AlCOSNRZg@`AeBCI[o@c@_Ab@qAZw@MUKK??QIQG[IQCSGMEQKY[g@g@SWy@oAGEKCQl@c@`AEd@Er@ETIVKXERGTEX@\Ap@AXGVILDZBV?R@RGd@A\CTCB
WF2 0GU,55,1112,Alverthorpe Working Mens Club → The Eagle → Flanshaw Lodge → Mill View Stores → Alverthorpe Working Mens Club,3,1897,288,4min,kltfIdrjHjB\^Lh@XXLPBN@X?RCB?XKPKJIXQ@ARQDC??`@YRQXSPWZi@HOLW^u@FNHRDPDVUJmAhADd@Lb@?AMa@Ee@lAiATKEWEQISGO_@t@MVIN[h@QVYRSPa@X??EBSP[RKHQJYJC?SBY?OAQCYMi@Y_@M_Dm@c@Kc@MGAu@YQMKKi@g@QOUMMIUMOK_@YYa@Wg@[w@CIWe@CIKSGUQk@CIESOs@MW|@aBH[CUMSLRBTIZ}@`BLVTfABHPj@FTJRBHVd@BHZv@Vf@X`@^XNJTLLHTLPNh@f@JJPLt@XF@b@Lb@Jr@N
WF2 0GU,55,1113,Alverthorpe & Wrenthorpe Meadows LNR → Wrenthorpe Park & Alverthorpe Meadows → Silcoates School → NAV Mini Market → Alverthorpe & Wrenthorpe Meadows LNR,3,7707,1059,17min,_gufIjlhHJDlCd@n@PKqAW}DGcAg@NY?YCYMSMSSQWUe@Us@U{@W{@a@wAW}@g@f@UR??TSf@g@V|@`@vAVz@Tz@Tr@Td@PVRRRLXLXBX?f@Od@M^MTKr@Sb@Q^M^Mf@Oh@OnA_@VIVGpBm@|Ac@OxAAJEf@g@jCKf@OfAiAzHGn@Ml@a@tB[~Aq@~Cq@zBCFSn@Uj@]~@Ul@Ob@i@lAk@vAg@hAKR[v@c@pAGReAvCg@zAg@|AMZM\]v@q@fBGL_@`As@fBs@hBwBvE}BrGW~@q@`Ce@rBW|@Qh@Wb@[^q@h@eBzA_AbAc@h@cAlBCHsAeC]u@k@qAQ]qAoCIQFSn@_GTaCN{Cd@cR@MJkARuA@UFa@Dk@D]BS@U?[C[GSOa@U_@}@aBVg@Dw@?s@?GFWFMPi@HQBQ?KESAG?E?KF]DYNa@`@eAKQGO?G?Md@sA??e@rA?L?FFNJPb@iABGBADADBDHBJ?@?F_B`EELAJAL@L?B@DFHFBDFBHFLDHDHBL@LAPA|@CZAXIhAGrACXCNMPFRBZ?ZATCRE\Ej@G`@ATStAKjAALe@bROzCU`Co@~FGRHPpAnCP\j@pA\t@rAdCBIbAmBb@i@~@cAdB{Ap@i@Z_@Vc@Pi@V}@d@sBp@aCV_A|BsGvBwEr@iBr@gB^aAFMp@gB\w@L]L[f@}Af@{AdAwCFSb@qAZw@MUKK??QIQG[I@_@B]Dm@PmAT_BV{Ab@XJJNPVb@Zf@b@j@Nc@Tm@\_ATk@Ro@BGp@{Bp@_DZ_B`@uBLm@Fo@hA{HNgAJg@f@kCDg@@KNyA}Ab@qBl@WFWHoA^i@NH`APpC?p@Aj@Ef@In@I`@KZCD]bAaCk@_AWo@QmCe@KE
WF2 0GU,55,1114,Amazon DLS4 → Ossett Fire Station → Silkwood Farm → Total Fitness → Amazon DLS4,3,2488,467,7min,wktfIphmH^gBJHNJReAFUPJ@@@?@??CH_@??I^?BA?A?AAQKR_A@GVmAnB~ALo@VR\ZPaA??Q`A][WSMn@oB_BlA_GXq@J[HWn@z@zB`CLJD@D?LEDAJEF?B?HF@BDHDN@RAPEPGLIDK@OFEHEJ{AbHKd@SdAI`@Gd@Kx@CXKfAA`@?LBNBP??FTBBLDH@F@D?NIDEHILOLUFIPa@Pg@DMDMFWPo@@KNq@ViAD]DIDIHIAOAECC_@Y_Aw@~ApABB@D@NCNGNABEHGLWhAOp@AJQn@GVELELQf@Q`@GHMTMNIHEDOHEBEFEDIPANENGHWFECIIEMCOAQBQDOBCJ[BMBMBM@a@JgABYJy@Fe@Ha@ReAJe@zAcH@K?G?EAa@CQEUAMEIKU{BaCo@{@IVKZYp@mA~FWlAAFS~@GTSdAOKKI_@fB
WF2 0GU,55,1115,Ardsley House → BP Manor Service Station → Restyle Fitness → China And Thai Express → Ardsley House,3,1540,271,4min,mxzfIrfkHC@kAZcA\kB|@WPo@d@m@b@]\[`@a@j@_@l@MVf@dAOZGN_AMw@pCa@lCg@iDCQKy@]cCZNJ@Be@EA[K`@LCd@ZDZ@L?n@Al@AUp@EPw@pCa@lC[yBKo@CQKy@]cCZNJ@ZDZ@L?n@Al@AR_@LW^m@`@k@Za@\]l@c@n@e@VQjB}@bA]jA[BA
WF2 0GU,55,1116,Blue Marlin Fisheries → Sun Bo → Kylies Sandwich Bar & Custom Cakes → Mill View Stores → Blue Marlin Fisheries,3,1309,294,4min,oeufIp_jHZcAdAwCFSb@~@Zn@JSFSGEi@}@BDd@v@FDGRKR[o@c@_AGReAvCg@zAg@|AMZM\]v@q@fBGLZl@P[QZ[m@FMPg@^_A\w@L]L[f@}Af@{AdAwCFSb@~@Zn@BHRb@HTNVLVLVTfAj@Sk@RESOs@MWMWOWIUSc@CI[o@c@_AGReAvC[bA
WF2 0GU,55,1117,BP Manor Service Station → Methodist Church → Tania's Barbershop → Ardsley House → BP Manor Service Station,3,2011,254,4min,ug{fI|ukHGN_AMw@pCa@lCg@iDCQIs@AE]cCg@a@[Yk@c@WOQK]O_@Oc@pDEb@A`@Ab@?\B\FjADv@Hx@Fr@Jp@Nj@Nf@R\XZXH\FdA[x@CLiAJqAJiA`@mCv@qCDQTq@R_@LW^m@`@k@Za@\]l@c@n@e@VQjB}@bA]jA[d@Od@UZSh@e@Ta@`AaAH^YTQNSNa@Li@d@[Re@Ta@LC@kAZcA\kB|@WPo@d@m@b@]\[`@a@j@_@l@MVf@dAOZ
WF2 0GU,55,1118,Cardigan House → West Yorkshire Police Learning & Development Centre → Driver Training Area → West Yorkshire Police Bishopgarth House → Cardigan House,3,19015,974,16min,kzyfId}kHj@fCR|@vAlGtAxDbCzFbCdFbAjBb@x@bAjBnCrD|CfEjDpDxFdFfMjJzBxA`CrAtBfAtDrBtG`Dn@R~FjBlGhAdE\xDDvEOnE[hOcClImApBYzRuF^OZSPMNQNUj@{ARg@POPMLINEP@RBTLVXJXFVDVDX@\?ZAtDA|@AZA\ETW~@MZk@Va@@OCWOMOMUIOi@w@a@So@E{Lh@qAFsFj@sInAeOdCoE`@cFJwDImE]eGaAaGiBs@W_HeDkDqBuBiAcCcB}B_BqFsDiF{DkFqEoD{DaDeE}BqDmAkBc@y@wAuCoEsJuBoF_AqCo@wA_AuCqA}DOc@}BiHwAmEQa@Uu@K]MYKWGMGKGIGIGGEEMIOKc@SEAc@e@OUGQEOEQAMAOAQ?S@O@O?GDQFWFWFOFMrAuBHKFGFGHGHGJCHAH?H?H@JD^\JNFJDLDLBPBN@N@P?P?P?P?BCvA?P@P@RDRThAf@~Br@|CnB|INn@nBxIR|@x@nD\|AtAxDbCzFbCdFbAjBb@x@bAjBnCrD|CfEjDpDxFdFfMjJzBxA`CrAtBfAtDrBtG`Dn@R~FjBlGhAdE\xDDvEOnE[hOcClImApBYzRuF^OZSPMNQNUj@{ARg@POPMLINEP@RBTLVXJXFVDVDX@\?ZAtDA|@AZA\ETW~@MZk@Va@@OCWOMOMUIOi@w@a@So@E{Lh@qAFsFj@sInAeOdCoE`@cFJwDImE]eGaAaGiBs@W_HeDkDqBuBiAcCcB}B_BqFsDiF{DkFqEoD{DaDeE}BqDmAkBc@y@wAuCoEsJuBoF_AqCo@wA_AuCqA}DOc@}BiHwAmEQa@Uu@K]MYKWGMGKGIGIGGEEMIOKc@SEAc@e@OUGQEOEQAMAOAQ?S@O@O?GDQFWFWFOFMrAuBHKFGFGHGHGJCHAH?H?H@JDt@NZLPBLBR@NANCLEJGZSjAy@`A_A`AkAb@o@\Ut@gALKJ?FJJ`@BNDV?L?PG`BAP?P?P?P@RJfDi@NG_BIgCAYAOEECAEHIJKNCD@^FxBDrB@f@DRDFBB??JCJAFABG?IEmAh@OKgDAS?Q?Q?Q@QFaB?Q?MEWOIGCI?ODeCnDg@h@g@b@cAp@iB`ASJIDGHIHEHCHYlA?BCvA?P@P@RDRThAf@~Br@|CnB|IrA`G
WF2 0GU,55,1119,Carr Gate Garden Centre → Tardis → The Malt Shovel → Ardsley House → Carr Gate Garden Centre,3,8524,879,14min,}hzfIdjjHs@xAWk@[u@`@eBV{@p@m@d@SjBo@|@_@fCgApAi@pBy@HEDChAe@d@Sf@Sj@Wh@UZId@QEo@?_@BYDc@FYJa@R_@PS^YjBcAj@YPIrBkAnB_APIJf@@L?LENc@n@W`@W`@SXo@jASZ}@dBgBjD{@xAw@~@}EnHOTa@n@J`@BNDV?L?PG`BAP?P?P?P@RJfDi@NG_BIgCAYAOEECAEHIJKNCD@^FxBDrB@f@DRDF??BBJCJAFABG?IEmAh@OKgDAS?Q?Q?Q@QFaB?Q?MEWOIGCI?ODeCnDg@h@g@b@cAp@iB`ASJIDGHIHEHCHYlA?BOt@ETELEHGJcBvBGHIHIDIBIBI@K?OAEAc@e@OUGQEOEQAMAOAQ?S@O@O?GDQFWFWFOFMrAuBHKFGFGHGHGJCHAH?H?H@JDt@NZLPBLBR@NANCLEJGZSjAy@`A_A`AkAb@o@pB}CbCqDFM^_AVe@L_@FYDY@W@YAYMoAe@P[Hi@Tk@Vg@Re@RiAd@EBIDqBx@qAh@FjAaC|@MaAfCgApAi@pBy@HEDChAe@d@SBAb@Qj@Wh@UZId@QEo@?_@BYDc@FYJa@R_@PS^YjBcAj@YPIrBkAnB_APIJf@@L?LENc@n@W`@W`@SXo@jASZ}@dBgBjD{@xAw@~@}EnHOTa@n@a@h@eCnDg@h@g@b@cAp@iB`ASJIDGHIHEHCHYlA?BOt@ETELEHGJcBvBGHIHIDIBIBI@K?OAEAk@Ka@OQEOAM@OBMDOFYTQNSNa@Li@d@[Re@Ta@LC@kAZcA\kB|@WPo@d@m@b@]\[`@a@j@_@l@MVS^Up@EP~@LVk@g@eALW^m@`@k@Za@\]l@c@n@e@VQjB}@bA]jA[d@Od@UZSh@e@Ta@`AaAf@a@V]JMDIDKDQDOF]?GDQFWFWFOFMrAuBHKFGFGHGHGJCHAH?H?H@JDt@NZLPBLBR@NANCLEJGZSjAy@`A_A`AkAb@o@pB}CbCqDFM^_AVe@L_@FYDY@W@YAYMoAe@P[Hi@Tk@Vg@Re@RiAd@EBIDqBx@qAh@gCfA}@^kBn@e@Rq@l@Wz@a@dBZt@Vj@r@yA
WF2 0GU,55,1120,Carr Gate WMC → The Malt Shovel → Gardener's Retreat Restaurant → Tardis → Carr Gate WMC,3,4259,484,8min,sqyfI`riHDz@BnBk@Vc@PC@e@RiAd@EBIDqBx@qAh@gCfA}@^_Bh@KDe@Rq@l@Wz@a@dBIf@Hg@`@eBV{@p@m@d@SjBo@|@_@fCgApAi@pBy@HEDChAe@d@Sf@Sj@Wh@UZId@QEo@?_@BYDc@FYJa@R_@PS^YjBcAj@YPIrBkAnB_APIJf@@L?LENc@n@W`@W`@SXo@jASZ}@dBgBjD{@xAw@~@}EnHOTa@n@J`@BNDV?L?PG`BAP?P?P?P@RJfDi@NG_BIgCAYAOEECAEHIJKNCD@^FxBDrB@f@DRDF??BBJCJAFABG?IEmAh@OKgDAS?Q?Q?Q@QFaB?Q?MEWOIGCI?ODeCnDg@h@g@b@cAp@iB`ASJIDGHIHEHCHYlA?BOt@ETELEHGJcBvBGHIHIDIBIBI@K?OAEAc@e@OUGQEOEQAMAOAQ?S@O@O?GDQFWFWFOFMrAuBHKFGFGHGHGJCHAH?H?H@JDt@NZLPBLBR@NANCLEJGZSjAy@`A_A`AkAb@o@pB}CbCqDFM^_AVe@L_@FYDY@W@YAYMoAe@P[Hi@TCoBE{@
WF2 0GU,55,1121,Chantry Vets → Sun Bo → Kylies Sandwich Bar & Custom Cakes → Mill View Stores → Chantry Vets,3,1337,313,5min,ofufIr}iHFGHILSFHRTdAwCFSb@~@Zn@JSFSGEi@}@BDd@v@FDGRKR[o@c@_AGReAvCg@zAg@|AMZM\]v@q@fBGLZl@P[QZ[m@FMPg@^_A\w@L]L[f@}Af@{AdAwCFSb@~@Zn@BHRb@HTNVLVLVTfAj@Sk@RESOs@MWMWOWIUSc@CI[o@c@_AGReAvCSUGIMRIHGF
WF2 0GU,55,1122,China And Thai Express → BP Manor Service Station → Restyle Fitness → East Ardsley Express → China And Thai Express,3,1592,353,5min,sm{fId{kHKo@CQKy@]cCZNJ@ZDZ@L?n@Al@AR_@f@dAOZGN_AMw@pCa@lCg@iDCQKy@]cCZNJ@Be@EA[K`@LCd@KA[Og@a@[Yk@c@WOQK]O_@OoAm@UKqBe@@TJrAJpAKqAKsAAUfAVh@LTJnAl@^N\NPJVNj@b@ZXf@`@ZNJ@ZDZ@L?n@Al@AUp@EPw@pCa@lC[yB
WF2 0GU,55,1123,Conroyds Fish and Chips → The Wren Cafe → The New Pot Oil → Wrenthorpe Methodist Church → Conroyds Fish and Chips,3,1856,273,4min,uwvfIvphHy@nDEJW|@MTORYR_@LODYHI@UBc@E{B_@g@UGIn@}DL{@@AH_@Po@PJXLn@VJLf@v@T\JHDBH?FADIHSpAeFJ_@Rk@Pc@DMVq@Pc@Ds@VPt@v@PT]xAY|@o@dBUl@aAbEEJW|@MTORYR_@LODIBODI@UBc@E{B_@g@UGIY[[U}@a@FYb@eATy@Ux@O\Sf@GX|@`@ZTXZFHf@TzB^b@DTCHAXINE^MXSNSLUV}@DKx@oD
WF2 0GU,55,1124,Country Kitchen → Outwood Primary Academy Kirkhamgate → The Star Inn → Shawfold Cars → Country Kitchen,3,1686,298,4min,sowfIhfnHIHw@v@Mc@Om@]}CE]Kq@SyACK?AOkA_@qCcAf@[yAJIKHZxAbAg@^pCNlABJRxAJp@D\\|CNl@Lb@yAzAi@l@ORs@aAKMAu@F]?IOs@Nr@?HG\@t@~@nANSh@m@xA{Av@w@TSd@c@pBeANGHEb@UPI\U^Wp@k@JVDVDf@@FCz@Jj@DXEYKk@B{@Go@EWKWq@j@_@V]TQHc@TIDOFqBdAe@b@KH
WF2 0GU,55,1125,Curry Pot → Blue Marlin Fisheries → Mill View Stores → Kylies Sandwich Bar & Custom Cakes → Curry Pot,3,1206,256,4min,kaufIfviHYx@GReAvCg@zAGIWKVJFHJWZcAdAwCFSb@~@Zn@BHRb@HTNVLVLVTfAj@Sk@RESOs@MWMWOWIUSc@CI[o@c@_AGReAvCg@zAg@|AMZM\]v@q@fBGLZl@P[QZ[m@FMPg@^_A\w@L]L[f@}Af@{AdAwCFSXy@
WF2 0GU,55,1126,Cyrus Guys → St Michaels Church → R H Binks And Sons → Methodist Church → Cyrus Guys,3,1853,301,5min,io{fIjbmH@u@BoD?GBaE?U@yABw@B{@Bq@Bo@FeA@SDu@y@BeAZWTUV}@p@}@f@AI{DbAGXNfANTHFFn@Go@IGOUOgAFYtA_@dBc@@H|@g@|@q@TWVUdA[x@CLiAFy@NaBg@iDCQIs@AE]cCZNJ@ZDZ@L?n@Al@AUp@EPw@pCa@lCWzCMhAEt@ARGdACn@Cp@Cz@Cv@AxA?TC`E?FCnDAt@
WF2 0GU,55,1127,Declans → Wrenthorpe Club → The Lawrence → Wrenthorpe Academy → Declans,3,1574,261,4min,eaxfIb`hHpA`ATN\Tj@^G^I@??WQODLu@]UUO_CeB_@h@CBW^uA~BmAtBKPe@iAIUEO?O@OBSZm@DED@HNIOEAED[l@CRAN?NDNHTLZVl@JQlAuBtA_CV_@BC^i@~BdBTN\Tj@^|@n@`BpAZXj@z@Z_AXcAb@_BBIHS??IRCHc@~AYbA[~@k@{@[YaBqA}@o@k@_@]UUOqAaA
WF2 0GU,55,1128,Driver Training Area → Cardigan House → West Yorkshire Police Learning & Development Centre → West Yorkshire Police Bishopgarth House → Driver Training Area,3,27897,1369,22min,qvyfIzhlH\|AtAxDbCzFbCdFbAjBb@x@bAjBnCrD|CfEjDpDxFdFfMjJzBxA`CrAtBfAtDrBtG`Dn@R~FjBlGhAdE\xDDvEOnE[hOcClImApBYzRuF^OZSPMNQNUj@{ARg@POPMLINEP@RBTLVXJXFVDVDX@\?ZAtDA|@AZA\ETW~@MZk@Va@@OCWOMOMUIOi@w@a@So@E{Lh@qAFsFj@sInAeOdCoE`@cFJwDImE]eGaAaGiBs@W_HeDkDqBuBiAcCcB}B_BqFsDiF{DkFqEoD{DaDeE}BqDmAkBc@y@wAuCoEsJuBoF_AqCo@wA_AuCqA}DOc@}BiHwAmEQa@Uu@K]MYKWGMGKGIGIGGEEMIOKc@SEAc@e@OUGQEOEQAMAOAQ?S@O@O?GDQFWFWFOFMrAuBHKFGFGHGHGJCHAH?H?H@JD^\JNFJDLDLBPBN@N@P?P?P?P?BCvA?P@P@RDRThAf@~Br@|CnB|IrA`Gj@fCR|@vAlGtAxDbCzFbCdFbAjBb@x@bAjBnCrD|CfEjDpDxFdFfMjJzBxA`CrAtBfAtDrBtG`Dn@R~FjBlGhAdE\xDDvEOnE[hOcClImApBYzRuF^OZSPMNQNUj@{ARg@POPMLINEP@RBTLVXJXFVDVDX@\?ZAtDA|@AZA\ETW~@MZk@Va@@OCWOMOMUIOi@w@a@So@E{Lh@qAFsFj@sInAeOdCoE`@cFJwDImE]eGaAaGiBs@W_HeDkDqBuBiAcCcB}B_BqFsDiF{DkFqEoD{DaDeE}BqDmAkBc@y@wAuCoEsJuBoF_AqCo@wA_AuCqA}DOc@}BiHwAmEQa@Uu@K]MYKWGMGKGIGIGGEEMIOKc@SEAc@e@OUGQEOEQAMAOAQ?S@O@O?GDQFWFWFOFMrAuBHKFGFGHGHGJCHAH?H?H@JD^\JNFJDLDLBPBN@N@P?P?P?P?BCvA?P@P@RDRThAf@~Br@|CnB|INn@nBxIR|@vAlGtAxDbCzFbCdFbAjBb@x@bAjBnCrD|CfEjDpDxFdFfMjJzBxA`CrAtBfAtDrBtG`Dn@R~FjBlGhAdE\xDDvEOnE[hOcClImApBYzRuF^OZSPMNQNUj@{ARg@POPMLINEP@RBTLVXJXFVDVDX@\?ZAtDA|@AZA\ETW~@MZk@Va@@OCWOMOMUIOi@w@a@So@E{Lh@qAFsFj@sInAeOdCoE`@cFJwDImE]eGaAaGiBs@W_HeDkDqBuBiAcCcB}B_BqFsDiF{DkFqEoD{DaDeE}BqDmAkBc@y@wAuCoEsJuBoF_AqCo@wA_AuCqA}DOc@}BiHwAmEQa@Uu@K]MYKWGMGKGIGIGGEEMIOKc@SEAc@e@OUGQEOEQAMAOAQ?S@O@O?GDQFWFWFOFMrAuBHKFGFGHGHGJCHAH?H?H@JDt@NZLPBLBR@NANCLEJGZSjAy@`A_A`AkAb@o@\Ut@gALKJ?FJJ`@BNDV?L?PG`BAP?P?P?P@RJfDi@NG_BIgCAYAOEECAEHIJKNCD@^FxBDrB@f@DRDFBB??JCJAFABG?IEmAh@OKgDAS?Q?Q?Q@QFaB?Q?MEWOIGCI?ODeCnDg@h@g@b@cAp@iB`ASJIDGHIHEHCHYlA?BCvA?P@P@RDRThAf@~Br@|CnB|I~BhKR|@x@nD
WF2 0GU,55,1129,DVSA Wakefield Test Center → Silkwood Farm → Total Fitness → Amazon DLS4 → DVSA Wakefield Test Center,3,2654,461,7min,oetfIremH@E?C?EA_@LEBABA@CTgALo@VR\ZPaA??Q`A][WSMn@oB_BlA_GXq@J[HWn@z@zB`CLJD@D?LEDAJEF?B?HF@BDHDN@RAPEPGLIDK@OFEHEJ{AbHKd@SdAI`@Gd@Kx@CXKfAA`@?LBNBP??FTBBLDH@F@D?NIDEHILOLUFIPa@Pg@DMDMFWPo@@KNq@ViAD]DIDIHIAOAECC_@Y_Aw@~ApABB@D@NCNGNABEHGLWhAOp@AJQn@GVELELQf@Q`@GHMTMNIHEDOHEBEFEDIPANENGHWFECIIEMCOAQBQDOBCJ[BMBMBM@a@JgABYJy@Fe@Ha@ReAJe@zAcH@K?G?EAa@CQEUAMEIKU{BaCo@{@IVKZYp@mA~FWlAAFS~@GTSdAi@dCc@nBKIEEC?AC?E@Ef@cC^gBJHNJReAFUR_A@GVmAnB~AUfAABC@C@MD@^?D?BAD
WF2 0GU,55,1130,East Ardsley Community Centre → Main Street Fisheries → China And Thai Express → St Michaels Church → East Ardsley Community Centre,3,2131,434,7min,m}{fIzjkHNLpBd@TJnAl@^N\NPJVNj@b@ZXf@`@ZNJ@Be@a@M??`@LCd@ZDZ@L?n@Al@AUp@EPw@pCa@lC[yBKo@CQKy@]cCZNJ@ZDZ@L?n@Al@AUp@EPw@pCa@lCWzCMhAy@BeAZWTUV}@p@}@f@AI{DbAGXNfANTHFFn@Go@IGOUOgAFYtA_@dBc@@H|@g@|@q@TWVU]GYIY[S]Og@Ok@Kq@Gs@Iy@Ew@GkAC]?]@c@@a@Dc@b@qDoAm@UKqBe@OM
WF2 0GU,55,1131,East Ardsley Conservative Club → BP Manor Service Station → East Ardsley Express → St Michaels Church → East Ardsley Conservative Club,3,2187,466,7min,mo{fI`zkHB?d@]Ky@]cCZNJ@ZDZ@L?n@Al@AR_@f@dAOZGN_AMw@pCa@lCg@iDCQKy@]cCg@a@[Yk@c@WOQK]O_@OoAm@UKqBe@@TJrAJpAKqAKsAAUfAVh@LTJnAl@c@pDEb@A`@Ab@?\B\FjADv@Hx@Fr@Jp@Nj@Nf@R\XZXH\FWTUV}@p@}@f@AI{DbAGXNfANTHFFn@Go@IGOUOgAFYtA_@dBc@@H|@g@|@q@TWVUdA[x@CLiAV{Cg@iDCQe@\C?
WF2 0GU,55,1132,East Ardsley Express → Main Street Fisheries → China And Thai Express → The Bay Horse → East Ardsley Express,3,1427,308,5min,uz{fI`lkHh@LTJnAl@^N\NPJVNj@b@ZXf@`@ZNJ@Be@a@M??`@LCd@ZDZ@L?n@Al@AUp@EPw@pCa@lC[yBKo@CQKy@]cCZNJ@ZDZ@L?n@Al@AR_@LWQSR_AJk@BMCLKj@S~@??PRMVS^Up@EPw@pCa@lCg@iDCQKy@]cCg@a@[Yk@c@WOQK]O_@OoAm@UKi@M
WF2 0GU,55,1133,East Ardsley Luncheon Club → Main Street Fisheries → China And Thai Express → St Michaels Church → East Ardsley Luncheon Club,3,2133,448,7min,y|{fIjlkHAKAUpBd@TJnAl@^N\NPJVNj@b@ZXf@`@ZNJ@Be@a@M??`@LCd@ZDZ@L?n@Al@AUp@EPw@pCa@lC[yBKo@CQKy@]cCZNJ@ZDZ@L?n@Al@AUp@EPw@pCa@lCWzCMhAy@BeAZWTUV}@p@}@f@AI{DbAGXNfANTHFFn@Go@IGOUOgAFYtA_@dBc@@H|@g@|@q@TWVU]GYIY[S]Og@Ok@Kq@Gs@Iy@Ew@GkAC]?]@c@@a@Dc@b@qDoAm@UKqBe@@T@J
WF2 0GU,55,1134,East Ardsley Post Office → BP Manor Service Station → Main Street Fisheries → St Michaels Church → East Ardsley Post Office,3,1665,356,5min,_m{fIv`lHFw@`@mCv@qCDQTq@R_@f@dAOZGN_AMw@pCa@lCg@iDCQKy@]cCZNJ@Be@a@M??`@LCd@ZDZ@L?n@Al@AUp@EPw@pCa@lCWzCMhAy@BeAZWTUV}@p@}@f@AI{DbAGXNfANTHFFn@Go@IGOUOgAFYtA_@dBc@@H|@g@|@q@TWVUdA[x@CLiANcB
WF2 0GU,55,1135,Esso → Toyota Vantage → Total Fitness → Ramada → Esso,3,2160,416,6min,ersfIhmmHSj@QJSYHQb@iAD_@\_ABQA_@q@gAw@m@KEMGPeAHM\KHYNm@BETmADMB?BB@DYtABOTeAAECCC?ELUlACDOl@IX]JILQdAo@_@e@e@[_@SU_@m@KMEECAKCIDK@OFEHEJ{AbHKd@SdAI`@Gd@Kx@CXKfAA`@?LBNBP??FTBBLDH@F@D?NIDEHILOLUFIPa@Pg@DMDMFWPo@@KNq@ViAD]DIDIHIAOAECC_@Y_Aw@~ApABB@D@NCNGNABEHGLWhAOp@AJQn@GVELELQf@Q`@GHMTMNRbAb@eADCb@j@DHEL[bA??EBMSCCEEQWAKScAIHEDOHEBEFEDIPANEN?\?B?HBRH\DLFNVf@HN^j@VPLDD@B?B?NEzCuHPg@Rc@JS`@w@TWVk@HQb@iAHLH^GN
WF2 0GU,55,1136,Flanshaw Lodge → The Eagle → Alverthorpe Working Mens Club → GJH Commercial Vehicle Services Ltd → Flanshaw Lodge,3,2911,444,7min,u{sfIzrjHMa@Ee@lAiATKEWEQISGO_@t@MVIN[h@QVYRSPa@X??EBSPA@YPKHQJYJC?SBY?OAQCYMi@Y_@MkB]s@Oc@Kc@MGAu@YQMKKn@{DD^i@fDPLt@XF@b@Lb@J~Cl@AfD?nCAr@?lAA|C?V?XErK?H?hA?|@AjAB`AFr@BRcAb@KBSDYBYBWAeACo@A?{A?M@uBm@?M?EBCH?d@BHDDZ?[?EECI?e@BIDCL?V?T?AtB?L?zAn@@dABV@XCXCREJCbAc@CSGs@CaA@kA?}@?iA?IDsK?Y?W@}C?mA@s@?oC@gD^Lh@XXLPBN@X?RCB?XKPKJIZSRQDC??`@YRQXSPWZi@HOLW^u@FNHRDPDVUJmAhADd@L`@
WF2 0GU,55,1137,Flanshaw United Reformed Church → Alverthorpe Working Mens Club → GJH Commercial Vehicle Services Ltd → Mill View Stores → Flanshaw United Reformed Church,3,3583,526,8min,k}sfIttjHe@MMBGACGESG]EBSP[RKHQJYJC?SBY?OAQCYMi@Y_@MkB]s@Oc@Kc@MGAu@YQMKKn@{DD^i@fDPLt@XF@b@Lb@J~Cl@AfD?nCAr@?lAA|C?V?XErK?H?hA?|@AjAB`AFr@BRcAb@KBSDYBYBWAeACo@A?{A?M@uBm@?M?EBCH?d@BHDDZ?[?EECI?e@BIDCL?V?T?AtB?L?zAn@@dABV@XCXCREJCbAc@CSGs@CaA@kA?}@?iA?IDsK?Y?W@}C?mA@s@?oC@gD_Dm@c@Kc@MGAu@YQMKKi@g@QOUMMIUMOK_@YYa@Wg@[w@CIWe@CIKSGUQk@CIESOs@MW|@aBH[CUMSLRBTIZ}@`BLVTfABHPj@FTJRBHVd@BHZv@Vf@X`@^XNJTLLHTLPNh@f@JJPLt@XF@b@Lb@J~Cl@^Lh@XXLPBN@X?RCB?XKPKJIZSRQDCF\DRBFF@LCd@L
WF2 0GU,55,1138,Fusion Hair Studio → St Michaels Church → R H Binks And Sons → Methodist Church → Fusion Hair Studio,3,1840,308,5min,qn{fIv`mHUABoD?GBaE?U@yABw@B{@Bq@Bo@FeA@SDu@y@BeAZWTUV}@p@}@f@AI{DbAGXNfANTHFFn@Go@IGOUOgAFYtA_@dBc@@H|@g@|@q@TWVUdA[x@CLiAFy@NaBg@iDCQIs@AE]cCZNJ@ZDZ@L?n@Al@AUp@EPw@pCa@lCWzCMhAEt@ARGdACn@Cp@Cz@Cv@AxA?TC`E?FCnDT@
WF2 0GU,55,1139,Gardener's Retreat Restaurant → The Malt Shovel → Tardis → Carr Gate WMC → Gardener's Retreat Restaurant,3,4087,490,8min,ggzfIrbjH~Ai@|@_@fCgApAi@pBy@HEDChAe@d@SBAb@Qj@Wh@UZId@QEo@?_@BYDc@FYJa@R_@PS^YjBcAj@YPIrBkAnB_APIJf@@L?LENc@n@W`@W`@SXo@jASZ}@dBgBjD{@xAw@~@}EnHOTa@n@J`@BNDV?L?PG`BAP?P?P?P@RJfDi@NG_BIgCAYAOEECAEHIJKNCD@^FxBDrB@f@DRDF??BBJCJAFABG?IEmAh@OKgDAS?Q?Q?Q@QFaB?Q?MEWOIGCI?ODeCnDg@h@g@b@cAp@iB`ASJIDGHIHEHCHYlA?BOt@ETELEHGJcBvBGHIHIDIBIBI@K?OAEAc@e@OUGQEOEQAMAOAQ?S@O@O?GDQFWFWFOFMrAuBHKFGFGHGHGJCHAH?H?H@JDt@NZLPBLBR@NANCLEJGZSjAy@`A_A`AkAb@o@pB}CbCqDFM^_AVe@L_@FYDY@W@YAYMoAe@P[Hi@TCoBGmAq@LJr@Ks@p@M@PDz@BnBk@Vg@Re@RiAd@EBIDqBx@qAh@gCfA}@^_Bh@
WF2 0GU,55,1140,GJH Commercial Vehicle Services Ltd → Alverthorpe Working Mens Club → Ossett Fire Station → Amazon DLS4 → GJH Commercial Vehicle Services Ltd,3,3140,486,8min,wrtfIvykHT?AtB?L?zAn@@dABV@XCXCREJCbAc@CSGs@CaA@kA?}@?iA?IDsK?Y?W@}C?mA@s@?oC@gDkB]s@Oc@Kc@MGAu@YQMKKn@{DD^i@fDPLt@XF@b@Lb@J~Cl@AfD?nCAr@?lAA|C?V?XErK?H?hA?|@AjAB`AFr@BR^jBLl@JdAFrAJ`BVtAV`AVj@Rb@IVKZYp@mA~FWlAAFS~@PJ@@@?@??CH_@??I^?BA?A?AAQKGTSdAi@dCc@nBKIEEC?AC?E@Ef@cC^gBJHNJReAFUR_A@GVmAlA_GXq@J[HWSc@Wk@WaAWuAKaBGsAKeAMm@_@kBcAb@KBSDYBYBWAeACo@A?{A?M@uBU?
WF2 0GU,55,1141,Hall Cliffe Primary School → Wrenthorpe Potovens → Jerry Clay Academy → The Well Church (Elim Pentecostal) → Hall Cliffe Primary School,3,4753,496,8min,ayvfIrpiHYC[YM??iB?u@?e@CoACq@Ee@Mg@Mm@Gi@Ci@CSEkBODYHI@UBc@E{B_@g@UGIY[[U}@a@GC}@a@]OQIOOcAaBS[e@s@]g@u@kAk@{@[YaBqA}@o@k@_@]UUO_CeB_@h@CBW^uA~BmAtBKPq@hAGHq@jAaAdBSb@oBxD_AhBcA|AKLCDu@~@}@|@a@XCB_@RJf@@L?LENc@n@W`@fAxEf@|BVjAXt@DJTf@hA`CN`@HRDP@VC^Gb@Id@Mt@IhAE`BBt@LpAb@nDB\^lE^fEHjA\zAlApDbCtIjOi]xHgQjFuL`@aATk@DKDKRc@`@y@Pe@JU^y@`BoD\w@Zu@LYFIFGXSDCRQFEf@g@Mm@Gi@G}@EkBODYHI@UBc@EMNWNINKZI\ITi@XMNEPG^EZOEQCG?USMOReADUj@cDf@TzB^b@DTCHAXINEDjBF|@Fh@Ll@Lf@Dd@Bp@BnA?d@?t@?hBL?ZXXB
WF2 0GU,55,1142,Highfield School → Ossett WMC → West Ardsley Methodist Church → The Star Inn → Highfield School,3,16252,1429,23min,}wvfIbusHDb@Jf@Lv@Pp@Pn@L`@HVBD@J@PBP?V@`@?\?jBAdA?v@BZJVt@|Bb@xBJp@XfBLp@J\Rr@Rf@Td@FLPRPLh@\HHLJVk@NUXa@hA[rA_@RGz@Uh@MdAWTbAHVHJJDP@ZCXG\GZKZMZYTUhBoB`@YlA{@b@UdCuAh@@VPJKTSBC\]`@u@`AeCLm@Pu@ZwAPy@b@kBPq@j@cCJ]XeAJ[XcAT_AjBkGFQ|@{CVmAJe@l@iCVeAJq@H{@Do@Du@?e@?M?}@EgACq@QoFBsAJ}E@e@@gAF}B@_@@UD_ADuATcGLoCFwADiAXqGBYT_EJ_CJmF?i@AWAOKYUq@U_@mAqAc@OQAQ?_@LURW\O\Mj@I|@Bx@Dd@SRq@\{@Pa@?c@CsAKaBKw@IIKEQCIA_ACg@Q_BgAoI}@cIEy@SqEGo@Kk@Ou@Uq@Qk@Kc@Eg@Em@Co@Ea@Oo@Oq@Ww@Qk@Ss@WwAYgBOcAGm@C[AM@u@?o@Cw@CsAG}AGo@G_@MWWSQIQGCA_@K[Ua@_@y@_AmAmA_A_AcAqAk@q@m@s@{@u@}@u@qBoBuAuAY][hA_@pAeAlCsAdCQ\cBdDw@lB]t@{@bCaB`E_@z@S\OXYb@i@r@QRq@j@_@V]TQHc@TIDOFqBdAe@b@URw@v@yAzAi@l@OR_@f@SX{BfD]r@Wn@Of@u@`DSt@Sj@Yf@YVYNE@kANmAPO@S?[Ee@IC?Y@]F]HQL]Xa@l@Uf@Od@Qt@Mv@i@vEKl@K\SRe@XyA~@s@p@c@n@Wp@Sv@SlAo@bFYrB_AvDuA~Du@|BCF}@xCc@bBUbAUlA]fB[bAYp@k@|@s@v@oBdBKH_@`@S\Sl@YfA_@hBWhAIX[z@GNe@c@o@_@gAe@NaB|@h@PBJMKLA?OC}@i@O`BfAd@n@^d@b@FOZ{@HYViA^iBXgARm@R]^a@JInBeBr@w@j@}@Xq@ZcA\gBTmATcAb@cB|@yCBGt@}BtA_E~@wDXsBn@cFRmARw@Vq@b@o@r@q@xA_Ad@YRSJ]Jm@h@wELw@Pu@Ne@Tg@`@m@\YPM\I\GXAB?d@HZDR?NAlAQjAODAXOXWXg@Rk@Ru@t@aDNg@Vo@\s@zBgDRY^g@s@aAKMAu@F]?IOs@Nr@?HG\@t@~@nANSh@m@xA{Av@w@TSd@c@pBeANGHEb@UPI\U^Wp@k@PSh@s@Xc@NYR]^{@`BaEz@cC\u@v@mBbBeDP]rAeCdAmC^qAZiAX\tAtApBnB|@t@z@t@l@r@j@p@bApA~@~@lAlAx@~@`@^ZT^JB@PFPHVRLVF^Fn@F|ABrABv@?n@At@@LBZFl@NbAXfBVvARr@Pj@Vv@Np@Nn@D`@Bn@Dl@Df@Jb@Pj@Tp@Nt@Jj@Fn@RpEDx@|@bIfAnIP~ABf@@~@BHDPHJv@H`BJrAJb@B`@?z@Qp@]RSEe@Cy@H}@Lk@N]V]TS^MP?P@b@NlApATRz@XAf@EzAMdEKr@K~BU~DCXYpGEhAGvAMnCUbGEtAE~@ATA^G|BAfAAd@K|ECrAPnFHxB?|@?L?d@Et@En@Iz@Kp@WdAm@hCKd@WlA}@zCGPkBjGU~@YbAKZYdAK\k@bCQp@c@jBQx@[vAQt@Ml@aAdCa@t@]\CBURKJWQi@AeCtAc@TmAz@a@XiBnBUT[X[L[J]FYF[BQAKEIKIWUcAeAVi@L{@TSFsA^iAZY`@OTWj@MKIIi@]QMQSGMUe@Sg@Ss@K]Mq@YgBKq@c@yBu@}BKWC[?w@@eA?kB?]Aa@?WCQAQAKCEIWMa@Qo@Qq@Mw@Kg@Ec@
WF2 0GU,55,1143,Hill Top Primary Academy → West Ardsley Book Exchange → West Ardsley Methodist Church → The Mens Room → Hill Top Primary Academy,3,8357,936,15min,clzfIn}rHNTn@bAFHJ@H@D@RZRi@x@}Bn@}Al@eBFOdFcNe@c@o@_@gAe@qBw@qBy@{Aq@QGmEiBk@Sk@SBWDS@S?Q?S@OLaBM`BAN?R?PARERCVTHTHj@RlEhBPFzAp@pBx@pBv@NaB|@h@PBJMKLA?OC}@i@O`BqBw@qBy@{Aq@QGmEiBk@Sk@S{Ai@{@Wo@Uu@e@e@[CC]YuAoAkAaAs@i@gAaAGE[Wk@a@cDgCu@g@SGQEc@IKAeBS_@Go@OsB]SEQA?m@AaAA]E{@IaAKiBQ_CE}@AQAQIsAIqAAWMoBGaAIaAUeBYwB]oCe@uBi@mCMs@Gk@u@oH]mDOuAY{BIk@CSIs@OuA_AmHKcAKu@Ic@Rg@P]V_@V_@NMVU~@i@\Qn@UVIj@MZGn@StAq@fBy@\Q`@Sp@]z@g@vBoAh@a@XYP_@DIP}@De@FkABgA@m@zAHHAFEDGDMBSBaClALFDFHBJ@H?FALEJEDIDoA^CRELEFGDI@{AIEtBGjAEd@Q|@EHQ^YXi@`@wBnA{@f@q@\a@R]PgBx@uAp@o@R[Fk@LWHo@T]P_Ah@WTOLW^W^Q\Sf@Hb@Jt@JbA~@lHNtAHr@BRHj@XzBNtA\lDt@nHFj@Lr@h@lCd@tB\nCXvBTdBH`AF`ALnB@VHpAHrA@P@PD|@P~BJhBH`ADz@@\@`A?l@P@RDrB\n@N^FdBRJ@b@HPDRFt@f@bDfCj@`@ZVFDfA`Ar@h@jA`AtAnA\XBBd@Zt@d@n@Tz@VzAh@j@Rj@RlEhBPFzAp@pBx@pBv@fAd@n@^d@b@eFbNGNm@dBo@|Ay@|BSh@S[EAIAKAGIo@cAOU
WF2 0GU,55,1144,Holiday Inn → Shell Select → Ramada → Total Fitness → Holiday Inn,3,2308,396,6min,gpsfItwmH|@`@ENGPc@l@KNKPEBEJs@`A]aAEIQm@q@_CYoAG[?K@QJS`@w@@[Ea@BS@CHU@C??RATZb@iAD_@\_ABQA_@q@gAw@m@KEMGo@_@e@e@[_@SU_@m@KMEECAKCIDK@OFEHEJ{AbHKd@SdAI`@Gd@Kx@CXKfAA`@?LBNBP??FTBBLDH@F@D?NIDEHIRbAb@eADCb@j@DHEL[bA??EBMSCCEEQWAKScALOLUFIPa@Pg@DMDMFWPo@@KNq@ViAD]DIDIHIAOAECC_@Y_Aw@~ApABB@D@NCNGNABEHGLWhAOp@AJQn@GVELELQf@Q`@GHMTMNIHEDOHEBEFEDIPANEN?\?B?HBRH\DLFNVf@HN^j@VPLDD@B?B?NEzCuHRMVCXnAp@~BPl@DHZi@DCHDZRNFDCJQJOb@m@FQDO}@a@
WF2 0GU,55,1145,Hong Kong Vegan → Wrenthorpe Academy → Spot on Dog Grooming → The Wheel → Hong Kong Vegan,3,1540,201,3min,wowfIdngHe@Tq@^c@Xu@f@E@eBbAo@`@m@d@s@v@s@~@wBzC~BdBTN\Tj@^|@n@`BpAZXj@z@Z_AXcAb@_BBIHS??IRCHc@~AYbA[~@k@{@[YaBqACAy@m@k@_@]UUO_CeBfA{An@_Ar@_Ar@w@l@e@n@a@dBcADAt@g@b@Yp@_@d@U
WF2 0GU,55,1146,JB's Cafe & Bistro → Ossett Flushdyke Junior and Infant School → Spring Mill Golf Course → Ramada → JB's Cafe & Bistro,3,10890,1053,17min,{gtfIl}oHGVIz@I?IM?yAWBGDI?GAIGUq@U_@mAqAc@OQAQ?_@LURW\O\Mj@I|@Bx@Dd@X`@RLRAPGLQJUlA{DJa@p@sBt@aBzDkIFMP_@VaADg@?c@A]E[G]Ia@IOGYG]A[AW?W@wD@y@@[@YD]H[Rg@POPMLINEP@RBTLVXJXFVDVDX@\?ZAtDA|@AZA\ETW~@MZa@fAcAxBkAjCkDhHq@zAq@nBy@bDWvAAFW|AQ`BQjBGlAIdCEvCGnEQnLIdCSvC_@|De@vCg@tBs@dCqAvCwL`SwBhDmDxF{AhCiBbD{@lBoB`Fq@xBe@xBg@xCYpCKzAG`BChCD|BRlDXrCj@`Ev@bDr@tCLRLHP@HCVAJ@FBFFFJFVBLFf@@H?PAPEPELIHGDGBk@EEAGEGGEKEMCS?U?]UmAaAmDq@cDm@eE[sCSoDCu@AiA@kCDcBJ}AToCd@_Dh@qBp@cCvBuFx@kBbBkDrAgChHiL`H}KnCoErAyCr@uBj@wBf@uCd@uDRuCHoCNkLDwBFwFAi@BoANgCDu@?c@A[ESCOM_@Oe@G[Gc@Ee@Cy@H}@Lk@N]V]TS^MP?P@b@NlApATRz@XAf@EzAMdEKr@K~BxBdA\M^q@h@y@fAmAn@k@RWf@u@hCcDHKHEH@H@JDHHFJDNh@|BVjAFVFPVf@`A|AJB@?NGDGDGXm@Pa@JQHEHKj@u@`@o@BGhA{BP[ZWDCDCNE^KLARMz@s@TWDEDMBAt@c@ZKUyA[eCcBkM{@qECOkAgFYaA{@_DK]sCoHk@}ASi@]aAEIQm@q@_CYoAG[?K@QJS`@w@TWVk@HQb@iAD_@\_ABQA_@q@gAw@m@KEMGo@_@e@e@[_@SU_@m@KMEECAKCIDK@OFEHEJ{AbHKd@SdAI`@Gd@Kx@CXKfAA`@?LBNBP??FTBBLDH@F@D?NIDEHIRbAb@eADCb@j@DHEL[bA??EBMSCCEEQWAKScAIHEDOHEBEFEDIPANEN?\?B?HBRH\DLFNVf@HN^j@b@p@BBDHBDDJ@N@PAN[x@Yz@K`@E\C\?b@B\Db@Jp@JXFVDVDX@\?ZAtDA|@AZA\ETW~@MZa@fAcAxBkAjCuBjFIn@GfAGlAA\CbBAf@EzA\EHLH?H{@FW
WF2 0GU,55,1147,Jerry Clay Academy → Hall Cliffe Primary School → The Well Church (Elim Pentecostal) → Sunnyhill Stores → Jerry Clay Academy,3,2691,363,6min,_iwfIlwiHDKDKRc@`@y@Pe@JU^y@`BoD\w@Zu@LYFIFGXSDCRQFEf@g@Lf@Dd@Bp@BnA?d@?t@?hBL?ZXXB@?[C[YM??iB?u@?e@CoACq@Ee@Mg@Mm@Gi@G}@EkBODYHI@UBc@EMNWNINKZI\ITi@XMNEPG^EZOEQCG?USMOReADUj@cDf@TzB^b@DTCHAXINEDjBF|@Fh@Ll@Lf@Dd@Bp@BnA?d@?t@?hB?rB?zA?HDzCDdFBzA@T@hAFlF_@PO@EDCFCLBMBGDENA??^QGmFAiAAUC{AEeFE{C?I?{A?sB?iB?u@?e@CoACq@Ee@Mg@g@f@GDSPEBYRGFGHMX[t@]v@aBnD_@x@KTQd@a@x@Sb@EJEJ
WF2 0GU,55,1148,Kirkhamgate Fisheries → Village Stores → Outwood Primary Academy Kirkhamgate → The Star Inn → Kirkhamgate Fisheries,3,1735,315,5min,{cwfIn`nHAQEWKWq@j@_@V]TQHc@TIDOFqBdA_@wBm@\OH|@g@^vBe@b@URw@v@Mc@Om@]}CE]Kq@SyACK?AOkA_@qCcAf@[yAJIKHZxAbAg@^pCNlABJRxAJp@D\\|CNl@Lb@yAzAi@l@ORs@aAKMAu@F]?IOs@Nr@?HG\@t@~@nANSh@m@xA{Av@w@TSd@c@pBeANGHEb@UPI\U^Wp@k@JVDV@P
WF2 0GU,55,1149,Kirkhamgate Village Hall → The Star Inn → Outwood Primary Academy Kirkhamgate → Shawfold Cars → Kirkhamgate Village Hall,3,1831,321,5min,iswfIdbnHTrBNl@Lb@yAzAi@l@ORs@aAKMAu@F]?IOs@Nr@?HG\@t@~@nANSh@m@xA{AMc@Om@]}CE]Kq@SyACK?AOkA_@qCcAf@[yAJIKHZxAbAg@^pCNlABJRxAJp@D\\|CNl@Lb@v@w@TSd@c@pBeANGHEb@UPI\U^Wp@k@JVDVDf@@FCz@Jj@DXEYKk@B{@Go@EWKWq@j@_@V]TQHc@TIDOFqBdAe@b@URw@v@Mc@Om@UsB
WF2 0GU,55,1150,"Kirkhamgate Village Hall, Brandy Carr Road → Outwood Primary Academy Kirkhamgate → The Star Inn → Shawfold Cars → Kirkhamgate Village Hall, Brandy Carr Road",3,1686,298,4min,qswfI`anH?EE]Kq@SyACK?AOkA_@qCcAf@[yAJIKHZxAbAg@^pCNlABJRxAJp@D\\|CNl@Lb@yAzAi@l@ORs@aAKMAu@F]?IOs@Nr@?HG\@t@~@nANSh@m@xA{Av@w@TSd@c@pBeANGHEb@UPI\U^Wp@k@JVDVDf@@FCz@Jj@DXEYKk@B{@Go@EWKWq@j@_@V]TQHc@TIDOFqBdAe@b@URw@v@Mc@Om@]wC
WF2 0GU,55,1151,Kowloon → Alverthorpe Garage → Mill View Stores → Sun Bo → Kowloon,3,1187,267,4min,ajufIbijHb@iA\w@L]L[f@}Af@{AdAwCFSb@~@Zn@BH}AlCu@rAIHO@]I\HNAHIP[b@w@|AmCRb@HTNVLVLVTfAj@Sk@RESOs@MWMWOWIUSc@CIJSFSGEi@}@BDd@v@FDGRKR[o@c@_AGReAvCg@zAg@|AMZM\]v@c@hA
WF2 0GU,55,1152,Kylies Sandwich Bar & Custom Cakes → Alverthorpe Garage → Mill View Stores → Sun Bo → Kylies Sandwich Bar & Custom Cakes,3,1179,266,4min,}iufIxhjH^_A\w@L]L[f@}Af@{AdAwCFSb@~@Zn@BH}AlCu@rAIHO@]I\HNAHIP[b@w@|AmCRb@HTNVLVLVTfAj@Sk@RESOs@MWMWOWIUSc@CIJSFSGEi@}@BDd@v@FDGRKR[o@c@_AGReAvCg@zAg@|AMZM\]v@_@~@
WF2 0GU,55,1153,Lindale Methodist Church → The Star Inn → Outwood Primary Academy Kirkhamgate → Shawfold Cars → Lindale Methodist Church,3,1801,318,5min,aswfIncnHLhANl@Lb@yAzAi@l@ORs@aAKMAu@F]?IOs@Nr@?HG\@t@~@nANSh@m@xA{AMc@Om@]}CE]Kq@SyACK?AOkA_@qCcAf@[yAJIKHZxAbAg@^pCNlABJRxAJp@D\\|CNl@Lb@v@w@TSd@c@pBeANGHEb@UPI\U^Wp@k@JVDVDf@@FCz@Jj@DXEYKk@B{@Go@EWKWq@j@_@V]TQHc@TIDOFqBdAe@b@URw@v@Mc@Om@MiA
WF2 0GU,55,1154,Lofthouse Colliery Disaster Memorial → Sunnyhill Stores → Low Laithes Golf Course → Alverthorpe St Paul's CofE (VA) School → Lofthouse Colliery Disaster Memorial,3,8486,1128,18min,_hvfIr~kHVu@sAeC]u@k@qAQ]qAoCIQ{@eBQi@GUkCgKyAsFIc@Ec@Ee@CcA_@PO@EDCFCLBMBGDENA??^QBbADd@Db@Hb@xArFjCfKFTPh@z@dBHPpAnCP\j@pA\t@rAdCBIbAmBb@i@~@cAdB{Ap@i@Z_@Vc@Pi@V}@d@sBp@aCV_A|BsGvBwEr@iBr@gB^aAFMp@gB\w@L]L[f@}Af@{AdAwCFSb@~@Zn@BHRb@HTNVLVLVTfABHPj@FTJRBHVd@BHZv@Vf@X`@^XNJTLLHTLPNh@f@JJPLt@XF@b@Lb@J~Cl@AfD?nCAr@?lAA|C?V?XErK?H?hA?|@AjAB`AFr@BR^jBLl@JdAFrAJ`BVtAV`AVj@Rb@IVKZYp@mA~FWlAAFS~@GTSdAi@dCc@nB_A|EILKBMEY]qAeAUGIEKGGIGQAKAO?MHwBHwB@a@?OJwDBa@PuBJmADOFIL?DBNNRRZZ@FAPEFCDy@xDGFE?KIECk@fDA`@BT@PCp@?`@EbB?F@XBLHVLLPTpAdAZNLDH@HE~@}Eb@oBh@eCReAFUR_A@GVmAlA_GXq@J[HWSc@Wk@WaAWuAKaBGsAKeAMm@_@kBCSGs@CaA@kA?}@?iA?IDsK?Y?W@}C?mA@s@?oC@gD_Dm@c@Kc@MGAu@YQMKKi@g@QOUMMIUMOK_@YYa@Wg@[w@CIWe@CIKSGUQk@CIUgAMWMWOWIUSc@CI[o@c@_Ab@qAZw@MUKKQIQG[IQCSGMEQKY[g@g@SWy@oAGEKCQl@c@`AEd@Er@ETIVKXERGTEX@\Ap@AXGVILDZBV?R@RGd@A\CTCB??C?B?BCBU@]Fe@AS?SCWE[HMFW@Y@q@A]DYFUDSJYHWDUDs@De@b@aAPm@JBFDx@nARVf@f@XZPJLDRFPBZHPFPHJJLT[v@c@pAGReAvCg@zAg@|AMZM\]v@q@fBGL_@`As@fBs@hBwBvE}BrGW~@q@`Ce@rBW|@Qh@Wb@[^q@h@eBzA_AbAc@h@cAlBCHWt@
WF2 0GU,55,1155,Low Laithes Golf Course → Amazon DLS4 → Ossett Fire Station → GJH Commercial Vehicle Services Ltd → Low Laithes Golf Course,3,2773,583,9min,cttfI|emHJwDBa@PuBJmADOFIL?DBNNRRZZ@FAPEFCDy@xDGFE?KIECk@fDA`@BT@PCp@?`@EbB?FnC~BDFFBLGDIr@gDBCAC?E@Ef@cC^gBJHNJReAFUPJ@@@?@??CH_@??I^?BA?A?AAQKR_A@GVmAlA_GXq@J[HWSc@Wk@WaAWuAKaBGsAKeAMm@_@kBcAb@KBSDYBYBWAeACo@A?{A?M@uBm@?M?EBCH?d@BHDDZ?[?EECI?e@BIDCL?V?T?AtB?L?zAn@@dABV@XCXCREJCbAc@^jBLl@JdAFrAJ`BVtAV`AVj@Rb@IVKZYp@mA~FWlAAFS~@GTSdAi@dCc@nB_A|EILKBMEY]qAeAUGIEKGGIGQAKAO?MHwBHwB@a@?O
WF2 0GU,55,1156,Main Street Fisheries → China And Thai Express → The Bay Horse → East Ardsley Express → Main Street Fisheries,3,1637,363,6min,co{fIbrkH`@LCd@ZDZ@L?n@Al@AUp@EPw@pCa@lC[yBKo@CQKy@]cCZNJ@ZDZ@L?n@Al@AR_@LWQSR_AJk@BMCLKj@S~@??PRMVS^Up@EPw@pCa@lCg@iDCQKy@]cCg@a@[Yk@c@WOQK]O_@OoAm@UKqBe@@TJrAJpAKqAKsAAUfAVh@LTJnAl@^N\NPJVNj@b@ZXf@`@ZNJ@Be@a@M
WF2 0GU,55,1157,Methodist Church → BP Manor Service Station → Tania's Barbershop → East Ardsley Express → Methodist Church,3,1681,308,5min,mn{fInwkHAE]cCZNJ@ZDZ@L?n@Al@AR_@f@dAOZGN_AMw@pCa@lCKhAKpAMhAy@BeAZ]GYIY[S]Og@Ok@Kq@Gs@Iy@Ew@GkAC]?]@c@@a@Dc@b@qDoAm@UKqBe@@TJrAJpAKqAKsAAUfAVh@LTJnAl@^N\NPJVNj@b@ZXf@`@ZNJ@ZDZ@L?n@Al@AUp@EPw@pCa@lCg@iDCQIs@
WF2 0GU,55,1158,Mill View Stores → Sun Bo → Alverthorpe Garage → Kylies Sandwich Bar & Custom Cakes → Mill View Stores,3,1239,281,4min,g}tfIpajHOs@MWMWOWIUSc@CIJSFSGEi@}@BDd@v@FDGRKRBH}AlCu@rAIHO@]I\HNAHIP[b@w@|AmCCI[o@c@_AGReAvCg@zAg@|AMZM\]v@q@fBGLZl@P[QZ[m@FMPg@^_A\w@L]L[f@}Af@{AdAwCFSb@~@Zn@BHRb@HTNVLVLVNr@
WF2 0GU,55,1159,NAV Mini Market → Phoenix Young People's Centre → Mill View Stores → Pizza Ferrara → NAV Mini Market,3,1173,261,4min,_aufItriHJJLT[v@c@pAGReAvCg@zAGIWKVJFHf@{An@eBTq@FSb@~@Zn@BHRb@HTNVLVLVTfAj@Sk@RESOs@MWMWOWIUSc@CI[o@c@_AGReAvCg@zAg@|AMZM\Nl@Rz@S{@Om@L]L[FS^iAf@{AdAwCFSb@qAZw@MUKK
WF2 0GU,55,1160,NPAS 31 - Carr Gate → West Yorkshire Police Learning & Development Centre → Driver Training Area → West Yorkshire Police Bishopgarth House → NPAS 31 - Carr Gate,3,10221,589,9min,isyfIb{jHIaCKgDAS?Q?Q?Q@QFaB?Q?MEWOIGCI?ODeCnDg@h@g@b@cAp@iB`ASJIDGHIHEHCHYlA?BCvA?P@P@RDRThAf@~Br@|CnB|INn@nBxIR|@x@nD\|AtAxDbCzFbCdFbAjBb@x@bAjBnCrD|CfEjDpDxFdFfMjJzBxA`CrAtBfAtDrBtG`Dn@R~FjBlGhAdE\xDDvEOnE[hOcClImApBYzRuF^OZSPMNQNUj@{ARg@POPMLINEP@RBTLVXJXFVDVDX@\?ZAtDA|@AZA\ETW~@MZk@Va@@OCWOMOMUIOi@w@a@So@E{Lh@qAFsFj@sInAeOdCoE`@cFJwDImE]eGaAaGiBs@W_HeDkDqBuBiAcCcB}B_BqFsDiF{DkFqEoD{DaDeE}BqDmAkBc@y@wAuCoEsJuBoF_AqCo@wA_AuCqA}DOc@}BiHwAmEQa@Uu@K]MYKWGMGKGIGIGGEEMIOKc@SEAc@e@OUGQEOEQAMAOAQ?S@O@O?GDQFWFWFOFMrAuBHKFGFGHGHGJCHAH?H?H@JDt@NZLPBLBR@NANCLEJGZSjAy@`A_A`AkAb@o@\Ut@gALKJ?FJJ`@BNDV?L?PG`BAP?P?P?P@RJfDi@NG_BIgCAYAOEECAEHIJKNCD@^FxBDrB@f@DRDFBB??JCJAFABG?IEmAh@OH`C
WF2 0GU,55,1161,One Stop Coffee Shop → Main Street Fisheries → China And Thai Express → St Michaels Church → One Stop Coffee Shop,3,2135,449,7min,y|{fIllkHAMAUpBd@TJnAl@^N\NPJVNj@b@ZXf@`@ZNJ@Be@a@M??`@LCd@ZDZ@L?n@Al@AUp@EPw@pCa@lC[yBKo@CQKy@]cCZNJ@ZDZ@L?n@Al@AUp@EPw@pCa@lCWzCMhAy@BeAZWTUV}@p@}@f@AI{DbAGXNfANTHFFn@Go@IGOUOgAFYtA_@dBc@@H|@g@|@q@TWVU]GYIY[S]Og@Ok@Kq@Gs@Iy@Ew@GkAC]?]@c@@a@Dc@b@qDoAm@UKqBe@@T@L
WF2 0GU,55,1162,Oriental Chef → The Star Inn → Outwood Primary Academy Kirkhamgate → Shawfold Cars → Oriental Chef,3,1761,315,5min,urwfIhenH@NNl@Lb@yAzAi@l@ORs@aAKMAu@F]?IOs@Nr@?HG\@t@~@nANSh@m@xA{AMc@Om@]}CE]Kq@SyACK?AOkA_@qCcAf@[yAJIKHZxAbAg@^pCNlABJRxAJp@D\\|CNl@Lb@v@w@TSd@c@pBeANGHEb@UPI\U^Wp@k@JVDVDf@@FCz@Jj@DXEYKk@B{@Go@EWKWq@j@_@V]TQHc@TIDOFqBdAe@b@URw@v@Mc@Om@AO
WF2 0GU,55,1163,Ossett Fire Station → Silkwood Farm → Amazon DLS4 → Total Fitness → Ossett Fire Station,3,2703,475,7min,}gtfIlbmHI^?BA?A?AAQKR_A@GVmAnB~ALo@VR\ZPaA??Q`A][WSMn@oB_BWlAAFS~@GTSdAi@dCc@nBKIEEC?AC?E@Ef@cC^gBJHNJReAFUR_A@GVmAlA_GXq@J[HWn@z@zB`CLJD@D?LEDAJEF?B?HF@BDHDN@RAPEPGLIDK@OFEHEJ{AbHKd@SdAI`@Gd@Kx@CXKfAA`@?LBNBP??FTBBLDH@F@D?NIDEHILOLUFIPa@Pg@DMDMFWPo@@KNq@ViAD]DIDIHIAOAECC_@Y_Aw@~ApABB@D@NCNGNABEHGLWhAOp@AJQn@GVELELQf@Q`@GHMTMNIHEDOHEBEFEDIPANENGHWFECIIEMCOAQBQDOBCJ[BMBMBM@a@JgABYJy@Fe@Ha@ReAJe@zAcH@K?G?EAa@CQEUAMEIKU{BaCo@{@IVKZYp@mA~FWlAAFS~@PJ@@@?@??CH_@
WF2 0GU,55,1164,Ossett Flushdyke Junior and Infant School → JB's Cafe & Bistro → Spring Mill Golf Course → Ossett WMC → Ossett Flushdyke Junior and Infant School,3,11235,1055,17min,eptfIzapHW|AQ`BQjBGlAIdCEvCGnEQnLIdCSvC_@|De@vCg@tBs@dCqAvCwL`SwBhDmDxF{AhCiBbD{@lBoB`Fq@xBe@xBg@xCYpCKzAG`BChCD|BRlDXrCj@`Ev@bDr@tCLRLHP@HCVAJ@FBFFFJFVBLFf@@H?PAPEPELIHGDGBk@EEAGEGGEKEMCS?U?]UmAaAmDq@cDm@eE[sCSoDCu@AiA@kCDcBJ}AToCd@_Dh@qBp@cCvBuFx@kBbBkDrAgChHiL`H}KnCoErAyCr@uBj@wBf@uCd@uDRuCHoCNkLDwBFwFAi@BoANgCDu@?c@A[ESCOM_@Oe@G[Gc@Ee@Cy@H}@Lk@N]V]TS^MP?P@b@NlApATRz@XAf@EzA\EHLH?H{@FWJg@@qBEGa@D]?CbBAf@EzAMdEKr@K~BxBdA\M^q@h@y@fAmAn@k@RWf@u@hCcDHKHEH@H@JDHHFJDNh@|BVjAFVFPVf@`A|AJB@?NGDGDGXm@Pa@JQHEHKj@u@`@o@BGhA{BP[ZWDCDCNE^KLARMz@s@TWDEDMBAt@c@ZK^lCTtAYRWf@MfBAVOfASbA{ArDYr@[fAy@dDaBzHCLIf@_BhHg@~BOrAUpBIp@ANKbAADG`B?|CZtCH^b@rB\xAdA`D@BFVLh@PfALpAFvBm@Ek@HOD_@TGDQNCFIT[z@g@|AOb@ETK`@Ij@Gh@eA_@y@a@oA{@GEGEMI}@o@a@Yg@e@KI}AuASQOO{AkAa@[GEmAs@OIqAcAcAc@H{@Do@Du@?e@?M?}@EgACq@QoFBsAJ}E@e@@gAF}B@_@@UD_ADuATcGLoCFwADiAXqGBYT_EJ_CJmF?i@AWAOKYUq@U_@mAqAc@OQAQ?_@LURW\O\Mj@I|@Bx@Dd@X`@RLRAPGLQJUlA{DJa@p@sBt@aBzDkIFMP_@VaADg@?c@A]E[G]Ia@IOGYG]A[AW?W@wD@y@@[@YD]H[Rg@POPMLINEP@RBTLVXJXFVDVDX@\?ZAtDA|@AZA\ETW~@MZa@fAcAxBkAjCkDhHq@zAq@nBy@bDWvAAF
WF2 0GU,55,1165,Ossett WMC → Ossett Flushdyke Junior and Infant School → JB's Cafe & Bistro → Spring Mill Golf Course → Ossett WMC,3,11235,1055,17min,aotfI`mrHCq@QoFBsAJ}E@e@@gAF}B@_@@UD_ADuATcGLoCFwADiAXqGBYT_EJ_CJmF?i@AWAOKYUq@U_@mAqAc@OQAQ?_@LURW\O\Mj@I|@Bx@Dd@X`@RLRAPGLQJUlA{DJa@p@sBt@aBzDkIFMP_@VaADg@?c@A]E[G]Ia@IOGYG]A[AW?W@wD@y@@[@YD]H[Rg@POPMLINEP@RBTLVXJXFVDVDX@\?ZAtDA|@AZA\ETW~@MZa@fAcAxBkAjCkDhHq@zAq@nBy@bDWvAAFW|AQ`BQjBGlAIdCEvCGnEQnLIdCSvC_@|De@vCg@tBs@dCqAvCwL`SwBhDmDxF{AhCiBbD{@lBoB`Fq@xBe@xBg@xCYpCKzAG`BChCD|BRlDXrCj@`Ev@bDr@tCLRLHP@HCVAJ@FBFFFJFVBLFf@@H?PAPEPELIHGDGBk@EEAGEGGEKEMCS?U?]UmAaAmDq@cDm@eE[sCSoDCu@AiA@kCDcBJ}AToCd@_Dh@qBp@cCvBuFx@kBbBkDrAgChHiL`H}KnCoErAyCr@uBj@wBf@uCd@uDRuCHoCNkLDwBFwFAi@BoANgCDu@?c@A[ESCOM_@Oe@G[Gc@Ee@Cy@H}@Lk@N]V]TS^MP?P@b@NlApATRz@XAf@EzA\EHLH?H{@FWJg@@qBEGa@D]?CbBAf@EzAMdEKr@K~BxBdA\M^q@h@y@fAmAn@k@RWf@u@hCcDHKHEH@H@JDHHFJDNh@|BVjAFVFPVf@`A|AJB@?NGDGDGXm@Pa@JQHEHKj@u@`@o@BGhA{BP[ZWDCDCNE^KLARMz@s@TWDEDMBAt@c@ZK^lCTtAYRWf@MfBAVOfASbA{ArDYr@[fAy@dDaBzHCLIf@_BhHg@~BOrAUpBIp@ANKbAADG`B?|CZtCH^b@rB\xAdA`D@BFVLh@PfALpAFvBm@Ek@HOD_@TGDQNCFIT[z@g@|AOb@ETK`@Ij@Gh@eA_@y@a@oA{@GEGEMI}@o@a@Yg@e@KI}AuASQOO{AkAa@[GEmAs@OIqAcAcAc@H{@Do@Du@?e@?M?}@EgA
WF2 0GU,55,1166,"Outwood Primary Academy Kirkhamgate → Kirkhamgate Village Hall, Brandy Carr Road → The Star Inn → Shawfold Cars → Outwood Primary Academy Kirkhamgate",3,1365,212,3min,{twfIb{mH?@BJRxAJp@D\?D\vCNl@Lb@yAzAi@l@ORs@aAKMAu@F]?IOs@Nr@?HG\@t@~@nANSh@m@xA{Av@w@TSd@c@pBeANGHEb@UPI\U^Wp@k@JVDVDf@@FCz@Jj@DXEYKk@B{@Go@EWKWq@j@_@V]TQHc@TIDOFqBdAe@b@URw@v@Mc@Om@]}CE]Kq@SyACK?A
WF2 0GU,55,1167,Phoenix Young People's Centre → NAV Mini Market → The Blue Light → Mill View Stores → Phoenix Young People's Centre,3,1232,259,4min,ccufIfziHTq@FSb@qAZw@MUKK??QIQG[I@_@B]Dm@PmAT_BV{Ab@XJJNPVb@Zf@b@j@i@lAk@vAg@hAKR[v@c@pAb@~@Zn@BH}AlCu@rAIHHVN`@ADCDSRRSBE@EYy@HIt@sA|AmCRb@HTNVLVLVTfAj@Sk@RESOs@MWMWOWIUSc@CI[o@c@_AGRUp@
WF2 0GU,55,1168,Pinderfields Hospital PRU → St Annes → Spot on Dog Grooming → Wrenthorpe Methodist Church → Pinderfields Hospital PRU,3,1842,336,5min,qowfInehHm@k@MMCHc@~AYbA[~@t@jA\f@d@r@RZj@~@V`@NNPH\N|@`@FB|@`@MjANFOGLkA}@a@GC}@a@]OQIOOcAaBS[e@s@]g@u@kAk@{@[YaBqACAy@m@G^I@WQODLu@j@^|@n@`BpAZXj@z@t@jA\f@d@r@RZbA`BNNPH\N|@`@FBFYb@eATy@Ux@O\Sf@GXGC}@a@]OQIOOcAaBS[e@s@]g@u@kAZ_AXcAb@_BBILLl@j@
WF2 0GU,55,1169,Pizza Ferrara → Alverthorpe Conservative Club → Alverthorpe St Paul's CofE (VA) School → Al Fresco → Pizza Ferrara,3,1889,385,6min,{fufIrbjH^iAf@{AdAwCFSb@~@Zn@BH}AlCOSNRZg@`AeBCI[o@c@_Ab@qAZw@MUKKQIQG[IQCSGMEQKY[g@g@SWy@oAGEKCQl@c@`AEd@Er@ETIVKXERGTEX@\Ap@AXGVILDZBV?R@RGd@A\CTCB??C?B?BCBU@]Fe@AS?SCWE[HMFW@Y@q@A]DYFUDSJYHWDUDs@De@b@aAPm@JBFDx@nARVf@f@XZPJLDRFPBZHPFPHJJLT[v@c@pAb@~@Zn@JSFSD_@Bm@@Q@QBk@?Q@UBy@Cx@ATC|@APAPCl@E^GRKR[o@c@_AGReAvCg@zA_@hA
WF2 0GU,55,1170,Pumaspeed → NAV Mini Market → Mill View Stores → Kylies Sandwich Bar & Custom Cakes → Pumaspeed,3,1421,263,4min,}cufI`|iHn@kBFSb@qAZw@MUKK??QIQG[I@_@B]Dm@PmAT_BV{Ab@XJJNPVb@Zf@b@j@i@lAk@vAg@hAKR[v@c@pAb@~@Zn@BHRb@HTNVLVLVTfAj@Sk@RESOs@MWMWOWIUSc@CI[o@c@_AGReAvCg@zAg@|AMZM\]v@q@fBGLZl@P[QZ[m@FMPg@^_A\w@L]L[f@}Af@{ATk@
WF2 0GU,55,1171,R H Binks And Sons → Methodist Church → BP Manor Service Station → St Michaels Church → R H Binks And Sons,3,1331,258,4min,gm{fI`blHNaBg@iDCQIs@AE]cCZNJ@ZDZ@L?n@Al@AR_@f@dAOZGN_AMw@pCa@lCWzCMhAy@BeAZWTUV}@p@}@f@AI{DbAGXNfANTHFFn@Go@IGOUOgAFYtA_@dBc@@H|@g@|@q@TWVUdA[x@CLiAFy@
WF2 0GU,55,1172,Ramada → Shell Select → Holiday Inn → DVSA Wakefield Test Center → Ramada,3,2903,480,8min,u}sfIhxmH??EBMSCCEEQWAKScAIHEDOHEBEFEDIPANEN?\?B?HBRH\DLFNVf@HN^j@VPLDD@B?B?NEzCuHPg@Rc@JS`@w@@[Ea@BS@CHU@C??RATZIPWj@Kb@q@xBXnAp@~BPl@DHZi@DCHDZRNFDCJQJOb@m@FQDO}@a@??Fo@bA^EVGXENGPc@l@KNKPEBEJs@`A]aAEIQm@q@_CYoAG[?K@QJS`@w@TWVk@HQb@iAD_@\_ABQA_@q@gAw@m@KEMGo@_@e@e@[_@SU_@m@KMEECAKCIDK@KEGIGMCQEUAMEIKU{BaCo@{@IVKZYp@mA~FnB~AUfAABC@C@MD@^?D?BGTDO@E?C?EA_@LEBABA@CTgAoB_BlA_GXq@J[HWn@z@zB`CLJD@D?LEDAJEF?B?HF@BDHDN@RAPEPGLIDK@OFEHEJ{AbHKd@SdAI`@Gd@Kx@CXKfAA`@?LBNBP??FTBBLDH@F@D?NIDEHIRbA@JPVDDBBLRDC??
WF2 0GU,55,1173,Restyle Fitness → China And Thai Express → BP Manor Service Station → East Ardsley Express → Restyle Fitness,3,1512,309,5min,gn{fInrkHD@Cd@ZDZ@L?n@Al@AUp@EPw@pCa@lC[yBKo@CQKy@]cCZNJ@ZDZ@L?n@Al@AR_@f@dAOZGN_AMw@pCa@lCg@iDCQKy@]cCg@a@[Yk@c@WOQK]O_@OoAm@UKqBe@@TJrAJpAKqAKsAAUfAVh@LTJnAl@^N\NPJVNj@b@ZXf@`@ZNJ@Be@EA
WF2 0GU,55,1174,Royal Spice → The Glynn Living → The Wren Cafe → Hong Kong Vegan → Royal Spice,3,2985,372,6min,_uvfIdbgHF[Ls@NG`@Wb@c@fCyCPl@Dd@F^FLJLHLJZ[ZZ[K[IMKMGMG_@Ee@Qm@q@v@uA`Bc@b@a@VOFMr@Or@Gh@?f@B^J^Tn@FNLZRp@Jb@DX@l@@p@@`@@L?NHv@L`A@JB\@Z?r@Ad@En@Gl@WdBG\KhAMt@QUu@w@WQEr@Qb@Wp@ELQb@Sj@K^qAdFIREHG@I?ECKIU]g@w@KMo@WYMQKQn@I^A@Mz@o@|DY[[U}@a@GC}@a@]OQIOOcAaBS[e@s@]g@u@kAk@{@[YaBqA}@o@k@_@]UUO_CeBvB{Cr@_Ar@w@l@e@n@a@dBcADAt@g@b@Yp@_@d@UTMrBcAtBmAJI^Qh@UdBi@TORQVYz@}@\Yr@]ZETCp@A`@?\?`@EZOMr@GZ
WF2 0GU,55,1175,Shawfold Cars → Village Stores → Outwood Primary Academy Kirkhamgate → The Star Inn → Shawfold Cars,3,1750,317,5min,wcwfIdanHEg@EWKWq@j@_@V]TQHc@TIDOFqBdA_@wBm@\OH|@g@^vBe@b@URw@v@Mc@Om@]}CE]Kq@SyACK?AOkA_@qCcAf@[yAJIKHZxAbAg@^pCNlABJRxAJp@D\\|CNl@Lb@yAzAi@l@ORs@aAKMAu@F]?IOs@Nr@?HG\@t@~@nANSh@m@xA{Av@w@TSd@c@pBeANGHEb@UPI\U^Wp@k@JVDVDf@
WF2 0GU,55,1176,Shell Select → Holiday Inn → Total Fitness → Toyota Vantage → Shell Select,3,3239,558,9min,_usfIzlmH??RATZIPWj@Kb@q@xBXnAp@~BPl@DHZi@DCHDZRNFDCJQJOb@m@FQDO}@a@??Fo@bA^EVGXENGPc@l@KNKPEBEJs@`A]aAEIQm@q@_CYoAG[?K@QJS`@w@TWVk@HQb@iAD_@\_ABQA_@q@gAw@m@KEMGo@_@e@e@[_@SU_@m@KMEECAKCIDK@OFEHEJ{AbHKd@SdAI`@Gd@Kx@CXKfAA`@?LBNBP??FTBBLDH@F@D?NIDEHILOLUFIPa@Pg@DMDMFWPo@@KNq@ViAD]DIDIHIAOAECC_@Y_Aw@~ApABB@D@NCNGNABEHGLWhAOp@AJQn@GVELELQf@Q`@GHMTMNIHEDOHEBEFEDIPANENGHWFECIIEMCOAQBQDOBCJ[BMBMBM@a@JgABYJy@Fe@Ha@ReAJe@zAcH@K?G?EAa@CQ?QBQHWDAJEF?B?HF@BDHDN@RBX@LBJFV^l@RTZ^d@d@n@^PeAHM\KHYNm@BETmADMB?BB@DYtABOTeAAECCC?ELUlACDOl@IX]JILQdALFJDv@l@TJb@Fn@OSz@Qb@[z@[x@c@hAIPWj@Kb@q@xBG[?K@QJS`@w@@[Ea@BS@CHU@C
WF2 0GU,55,1177,Shine hand car wash → Toyota Vantage → Total Fitness → Ramada → Shine hand car wash,3,2160,416,6min,mrsfIzmmHKXQJSYHQb@iAD_@\_ABQA_@q@gAw@m@KEMGPeAHM\KHYNm@BETmADMB?BB@DYtABOTeAAECCC?ELUlACDOl@IX]JILQdAo@_@e@e@[_@SU_@m@KMEECAKCIDK@OFEHEJ{AbHKd@SdAI`@Gd@Kx@CXKfAA`@?LBNBP??FTBBLDH@F@D?NIDEHILOLUFIPa@Pg@DMDMFWPo@@KNq@ViAD]DIDIHIAOAECC_@Y_Aw@~ApABB@D@NCNGNABEHGLWhAOp@AJQn@GVELELQf@Q`@GHMTMNRbAb@eADCb@j@DHEL[bA??EBMSCCEEQWAKScAIHEDOHEBEFEDIPANEN?\?B?HBRH\DLFNVf@HN^j@VPLDD@B?B?NEzCuHPg@Rc@JS`@w@TWVk@HQb@iAHLH^O`@
WF2 0GU,55,1178,Silcoates School → Wrenthorpe Post Office → Wrenthorpe Park & Alverthorpe Meadows → Hall Cliffe Primary School → Silcoates School,3,8799,1101,18min,ihvfIvciHe@rA?L?FFNJPb@iABGBADADBDHBJ?@?F_B`EELAJAL@L?B@DFHFBDFBHFLDHDHBL@LAPA|@CZAXIhAGrACXCNMPOa@U_@}@aBS_@Wc@y@gAw@eAw@aAsAiBaAwAS[AC_@o@e@q@IMMg@Mm@Gi@G}@EkB^MXSNSLUV}@DKn@qCPq@Tm@n@eBX}@\yALu@JiAF]VeBFm@Do@@e@?s@A[C]AKMaAIw@?OAMAa@Aq@Am@EYKc@Sq@M[GOUo@K_@C_@?g@Fi@Ns@Ls@NG`@Wb@c@fCyCb@g@jAoA|BcCNMxAwAh@m@V[T_@d@iAVk@d@aBT}@\{A^uA|@uC\cAPo@H[F_@BSN@L@J?HADCDGb@i@FGFI@EFIHQJYDQBUFq@@M@M@MBc@H@F?B?@?L@N?VAJAJARCLEPERGDCHCJGLININKFEFGFELO@A^]^]b@c@z@{@`AcAZYb@e@NO|A_BFE@AdAgAr@s@r@u@JEHEn@Al@@hBALAN?F?FBLL@DNPDFNRRRV\VZI`@ADCJAFOp@i@zBWjAOnAO`AYhAMb@a@|AMx@@j@NrAPdAHl@@BJn@VtB@D@FH`AHlA?J@j@@x@AbAIdAIz@Kn@]~AUx@Kb@Ij@IAMBmBjBUTEBCD]\w@bAGLGLwAhCy@jAILg@p@mAdBKN[`@MVi@z@e@`Ag@jA]j@Yn@]n@k@x@[^a@h@g@f@UR??TSf@g@V|@`@vAVz@Tz@Tr@Td@PVRRRLXLXBX?f@Od@M^MTKr@Sb@Q^M^Mf@Oh@OnA_@VIVGpBm@|Ac@OxAAJEf@g@jCKf@OfAiAzHGn@Ml@a@tB[~Aq@~Cq@zBCFSn@Uj@]~@Ul@Ob@i@lAk@vAg@hAKR[v@c@pAGReAvCg@zAg@|AMZM\]v@q@fBGL_@`As@fBs@hBwBvE}BrGW~@q@`Ce@rBW|@Qh@Wb@[^q@h@eBzA_AbAc@h@cAlBCHsAeC]u@k@qAQ]qAoCIQ{@eBQi@GUkCgKyAsFIc@Ec@Ee@CcAGmFAiAAUC{AEeFE{C?I?{A?sBL?ZXXB@?[C[YM??iB?u@?e@CoACq@Ee@HLd@p@^n@@BRZ`AvArAhBv@`Av@dAx@fAVb@R^Vg@Dw@?s@?GFWFMPi@HQBQ?KESAG?E?KF]DYNa@`@eAKQGO?G?Md@sA
WF2 0GU,55,1179,Silkwood Farm → Total Fitness → DVSA Wakefield Test Center → Shell Select → Silkwood Farm,3,4103,632,10min,katfIj_mHQ`A][WSMn@oB_BlA_GXq@J[HWn@z@zB`CLJD@D?LEDAJEF?B?HF@BDHDN@RAPEPGLIDK@OFEHEJ{AbHKd@SdAI`@Gd@Kx@CXKfAA`@?LBNBP??FTBBLDH@F@D?NIDEHILOLUFIPa@Pg@DMDMFWPo@@KNq@ViAD]DIDIHIAOAECC_@Y_Aw@~ApABB@D@NCNGNABEHGLWhAOp@AJQn@GVELELQf@Q`@GHMTMNIHEDOHEBEFEDIPANENGHWFECIIEMCOAQBQDOBCJ[BMBMBM@a@JgABYJy@Fe@Ha@ReAJe@zAcH@K?G?EAa@CQEUAMEIKU{BaCo@{@IVKZYp@mA~FnB~AUfAABC@C@MD@^?D?BGTDO@E?C?EA_@LEBABA@CTgAoB_BlA_GXq@J[HWn@z@zB`CLJD@D?LEDAJEF?B?HF@BDHDN@RAPEPGLIDK@OFEHEJ{AbHKd@SdAI`@Gd@Kx@CXKfAA`@?LBNBP??FTBBDJBN?PANEN?\?B?HBRH\DLFNVf@HN^j@VPLDD@B?B?NEzCuHPg@Rc@JS`@w@@[Ea@BS@CHU@C??RATZb@iAD_@\_ABQA_@q@gAw@m@KEMGo@_@e@e@[_@SU_@m@KMEECAKCIDK@KEGIGMCQEUAMEIKU{BaCo@{@IVKZYp@mA~FnB~ALo@VR\ZPaA
WF2 0GU,55,1180,Spot on Dog Grooming → Declans → Pinderfields Hospital PRU → St Annes → Spot on Dog Grooming,3,1707,312,5min,yywfIxehHy@m@k@_@]UUO_CeBqA_Ak@_@IIZyAGOIUHTFN[xAHHj@^pA~@l@b@pA`ATN\Tj@^|@n@`BpAZXj@z@Z_AXcAb@_BBILLl@j@??m@k@MMCHc@~AYbA[~@t@jA\f@d@r@RZj@~@V`@NNPH\N|@`@FB|@`@MjANFOGLkA}@a@GC}@a@]OQIOOcAaBS[e@s@]g@u@kAk@{@[YaBqACA
WF2 0GU,55,1181,Spring Mill Golf Course → JB's Cafe & Bistro → Ossett Flushdyke Junior and Infant School → Ramada → Spring Mill Golf Course,3,10482,1027,17min,ovsfIncpHi@}BEOGKIIKEIAIAIDIJiCbDg@t@SVo@j@gAlAi@x@_@p@]LyBeAJ_CJmF?i@AWAOKYUq@U_@TRz@XAf@EzA\EHLH?H{@FWJg@@qBEGa@D]?CbBAf@GDI?GAIGUq@U_@mAqAc@OQAQ?_@LURW\O\Mj@I|@Bx@Dd@X`@RLRAPGLQJUlA{DJa@p@sBt@aBzDkIFMP_@VaADg@?c@A]E[G]Ia@IOGYG]A[AW?W@wD@y@@[@YD]H[Rg@POPMLINEP@RBTLVXJXFVDVDX@\?ZAtDA|@AZA\ETW~@MZa@fAcAxBkAjCkDhHq@zAq@nBy@bDWvAAFW|AQ`BQjBGlAIdCEvCGnEQnLIdCSvC_@|De@vCg@tBs@dCqAvCwL`SwBhDmDxF{AhCiBbD{@lBoB`Fq@xBe@xBg@xCYpCKzAG`BChCD|BRlDXrCj@`Ev@bDr@tCLRLHP@HCVAJ@FBFFFJFVBLFf@@H?PAPEPELIHGDGBk@EEAGEGGEKEMCS?U?]UmAaAmDq@cDm@eE[sCSoDCu@AiA@kCDcBJ}AToCd@_Dh@qBp@cCvBuFx@kBbBkDrAgChHiL`H}KnCoErAyCr@uBj@wBf@uCd@uDRuCHoCNkLDwBFwFJ}BZcEP}Ah@_Dt@_DJa@p@sBt@aBzDkIFMP_@VaADg@?c@A]E[G]Ia@IOGYG]A[AW?W@wD@y@@[@YD]H[Rg@`@sAtA}DBW\aAFOBQ@O?G?MAECGmAeBKQQe@CIIUIa@EMCMECIIEMCOAQBQDOBCDEHEH?HDBDBBLDH@F@D?NIDEHIRbAb@eADCb@j@DHEL[bA??EBMSCCEEQWAKScAIHEDOHEBEFEDIPANEN?\?B?HBRH\DLFNVf@HN^j@VPLDD@B?B?NEzCuHRMVCXnAp@~BPl@DH\`ARh@j@|ArCnHJ\z@~CX`AjAfFBNz@pEbBjMZdCTxA[Ju@b@C@ELEDUV{@r@SLM@_@JODEBEB[VQZiAzBCFa@n@k@t@IJIDKPQ`@Yl@EFEFOFA?KCaA}AWg@GQGWWkA
WF2 0GU,55,1182,St Annes → Pinderfields Hospital PRU → Wrenthorpe Methodist Church → The Well Church (Elim Pentecostal) → St Annes,3,1364,282,4min,qnwfIfshHk@_AS[e@s@]g@u@kAZ_AXcAb@_BBILLl@j@??m@k@MMCHc@~AYbA[~@t@jA\f@d@r@RZbA`BNNPH\N|@`@FBFYb@eATy@Ux@O\Sf@GX|@`@ZTXZFHf@TzB^MNWNINKZI\ITi@XMNEPG^EZOEQCG?USMOReADUj@cDGIY[[U}@a@GC}@a@]OQIOOWa@
WF2 0GU,55,1183,St Michaels Church → R H Binks And Sons → The Dental Studio → Methodist Church → St Michaels Church,3,2357,336,5min,oz{fIfllHdBc@@H|@g@|@q@TWVUdA[x@CLiAFy@NaB`@mCv@qCDQTq@R_@f@dAWj@_AMw@pCa@lCWzCMhAEt@ARGdACn@Cp@Cz@Cv@AxA?TC`E?FCnD?FElBGjAEd@Q|@EH\jA]kADIP}@De@FkADuBBoD?GBaE?U@yABw@B{@Bq@Bo@FeA@SDu@LiAV{Cg@iDCQIs@AE]cCZNJ@ZDZ@L?n@Al@AUp@EPw@pCa@lCWzCMhAy@BeAZWTUV}@p@}@f@AIeBb@
WF2 0GU,55,1184,Sun Bo → Blue Marlin Fisheries → Mill View Stores → Kylies Sandwich Bar & Custom Cakes → Sun Bo,3,1363,309,5min,_aufIjxiHd@v@FDGRKR[o@c@_AGReAvCg@zAGIWKVJFHJWZcAdAwCFSb@~@Zn@BHRb@HTNVLVLVTfAj@Sk@RESOs@MWMWOWIUSc@CI[o@c@_AGReAvCg@zAg@|AMZM\]v@q@fBGLZl@P[QZ[m@FMPg@^_A\w@L]L[f@}Af@{AdAwCFSb@~@Zn@JSFSGEe@w@
WF2 0GU,55,1185,Sunnyhill Stores → Jerry Clay Academy → Hall Cliffe Primary School → Wrenthorpe Dental Care → Sunnyhill Stores,3,3489,507,8min,i{vfIlpjH??^QGmFAiAAUC{AEeFE{C?I?{A?sB?iB?u@?e@CoACq@Ee@Mg@g@f@GDSPEBYRGFGHMX[t@]v@aBnD_@x@KTQd@a@x@Sb@EJEJUj@a@`AkFtLyHfQdAnBl@hAFNDL@L?NCHGNQd@Pe@FOBI?OAMEMGOm@iAeAoBxHgQjFuL`@aAZw@DKRc@`@y@Pe@JU^y@`BoD\w@Zu@LYFIFGXSDCRQFEf@g@Lf@Dd@Bp@BnA?d@?t@?hBL?ZXXB@?[C[YM??iB?u@?e@CoACq@Ee@Mg@Mm@Gi@WDYFI@kARLA|@QHAXGVEFh@Ll@Lf@Dd@Bp@BnA?d@?t@?hB?rB?zA?HDzCDdFBzA@T@hAFlF_@P??
WF2 0GU,55,1186,Tania's Barbershop → Methodist Church → BP Manor Service Station → St Michaels Church → Tania's Barbershop,3,1331,258,4min,cm{fIhalHJiAg@iDCQIs@AE]cCZNJ@ZDZ@L?n@Al@AR_@f@dAOZGN_AMw@pCa@lCWzCMhAy@BeAZWTUV}@p@}@f@AI{DbAGXNfANTHFFn@Go@IGOUOgAFYtA_@dBc@@H|@g@|@q@TWVUdA[x@CLiAJqA
WF2 0GU,55,1187,Tardis → West Yorkshire Police Learning & Development Centre → Cardigan House → Carr Gate Garden Centre → Tardis,3,12473,823,13min,_vyfItzjH??BBJCJAFABG?IEmAh@OKgDAS?Q?Q?Q@QFaB?Q?MEWOIGCI?ODeCnDg@h@g@b@cAp@iB`ASJIDGHIHEHCHYlA?BCvA?P@P@RDRThAf@~Br@|CnB|INn@bApEj@fCR|@vAlGtAxDbCzFbCdFbAjBb@x@bAjBnCrD|CfEjDpDxFdFfMjJzBxA`CrAtBfAtDrBtG`Dn@R~FjBlGhAdE\xDDvEOnE[hOcClImApBYzRuF^OZSPMNQNUj@{ARg@POPMLINEP@RBTLVXJXFVDVDX@\?ZAtDA|@AZA\ETW~@MZk@Va@@OCWOMOMUIOi@w@a@So@E{Lh@qAFsFj@sInAeOdCoE`@cFJwDImE]eGaAaGiBs@W_HeDkDqBuBiAcCcB}B_BqFsDiF{DkFqEoD{DaDeE}BqDmAkBc@y@wAuCoEsJuBoF_AqCo@wA_AuCqA}DOc@}BiHwAmEQa@Uu@K]MYKWGMGKGIGIGGEEMIOKc@SEAc@e@OUGQEOEQAMAOAQ?S@O@O?GDQFWFWFOFMrAuBHKFGFGHGHGJCHAH?H?H@JDt@NZLPBLBR@NANCLEJGZSjAy@`A_A`AkAb@o@pB}CbCqDFM^_AVe@L_@FYDY@W@YAYMoAe@P[Hi@Tk@Vg@Re@RiAd@EBIDqBx@qAh@gCfA}@^kBn@e@Rq@l@Wz@a@dBZt@Vj@r@yA??s@xAWk@[u@`@eBV{@p@m@d@SjBo@|@_@fCgApAi@pBy@HEDChAe@d@Sf@Sj@Wh@UZId@QEo@?_@BYDc@FYJa@R_@PS^YjBcAj@YPIrBkAnB_APIJf@@L?LENc@n@W`@W`@SXo@jASZ}@dBgBjD{@xAw@~@}EnHOTa@n@J`@BNDV?L?PG`BAP?P?P?P@RJfDi@NDlA?HCFG@K@KBCC??
WF2 0GU,55,1188,The Bay Horse → Main Street Fisheries → China And Thai Express → East Ardsley Express → The Bay Horse,3,1546,341,5min,qh{fInqkHPRMVS^Up@EPw@pCa@lCg@iDCQKy@]cCZNJ@Be@a@M??`@LCd@ZDZ@L?n@Al@AUp@EPw@pCa@lC[yBKo@CQKy@]cCg@a@[Yk@c@WOQK]O_@OoAm@UKqBe@@TJrAJpAKqAKsAAUfAVh@LTJnAl@^N\NPJVNj@b@ZXf@`@ZNJ@ZDZ@L?n@Al@AR_@LWQS
WF2 0GU,55,1189,The Blue Light → The New Albion → Alverthorpe St Paul's CofE (VA) School → Al Fresco → The Blue Light,3,1686,375,6min,udufI~cjHIWHIt@sA|AmCRb@U`@CCAAGJ??FK@@BBTa@Sc@CI[o@c@_Ab@qAZw@MUKKQIQG[IQCSGMEQKY[g@g@SWy@oAGEKCQl@c@`AEd@Er@ETIVKXERGTEX@\Ap@AXGVILDZBV?R@RGd@A\CTCB??C?B?BCBU@]Fe@AS?SCWE[HMFW@Y@q@A]DYFUDSJYHWDUDs@De@b@aAPm@JBFDx@nARVf@f@XZPJLDRFPBZHPFPHJJLT[v@c@pAb@~@Zn@JSFSD_@Bm@@Q@QBk@?Q@UBy@Cx@ATC|@APAPCl@E^GRKRBH}AlCu@rAIHHV
WF2 0GU,55,1190,The Dental Studio → St Michaels Church → R H Binks And Sons → Methodist Church → The Dental Studio,3,1823,298,4min,go{fI|`mH?GBoD?GBaE?U@yABw@B{@Bq@Bo@FeA@SDu@y@BeAZWTUV}@p@}@f@AI{DbAGXNfANTHFFn@Go@IGOUOgAFYtA_@dBc@@H|@g@|@q@TWVUdA[x@CLiAFy@NaBg@iDCQIs@AE]cCZNJ@ZDZ@L?n@Al@AUp@EPw@pCa@lCWzCMhAEt@ARGdACn@Cp@Cz@Cv@AxA?TC`E?FCnD?F
WF2 0GU,55,1191,The Eagle → Flanshaw Lodge → Alverthorpe Working Mens Club → GJH Commercial Vehicle Services Ltd → The Eagle,3,2913,472,7min,u`tfIfsjH@ARQDC??`@YRQXSPWZi@HOLW^u@FNHRDPDVUJmAhADd@Lb@?AMa@Ee@lAiATKEWEQISGO_@t@MVIN[h@QVYRSPa@X??EBSP[RKHQJYJC?SBY?OAQCYMi@Y_@MkB]s@Oc@Kc@MGAu@YQMKKn@{DD^i@fDPLt@XF@b@Lb@J~Cl@AfD?nCAr@?lAA|C?V?XErK?H?hA?|@AjAB`AFr@BRcAb@KBSDYBYBWAeACo@A?{A?M@uBm@?M?EBCH?d@BHDDZ?[?EECI?e@BIDCL?V?T?AtB?L?zAn@@dABV@XCXCREJCbAc@CSGs@CaA@kA?}@?iA?IDsK?Y?W@}C?mA@s@?oC@gD^Lh@XXLPBN@X?RCB?XKPKJIXQ
WF2 0GU,55,1192,The Glynn Living → Royal Spice → The Wren Cafe → Wrenthorpe Park & Alverthorpe Meadows → The Glynn Living,3,7382,898,14min,}nvfInzfHuA`Bc@b@a@VOFMr@GZGVGh@?f@B^J^Tn@FNLZRp@Jb@DX@l@@p@@`@@L?NHv@L`A@JB\@Z?r@Ad@En@Gl@WdBG\KhAMt@QUu@w@WQEr@Qb@Wp@ELQb@Sj@f@l@g@m@Rk@Vq@Vq@Pc@Ds@VPt@v@PTLu@JiAF]VeBFm@Do@@e@?s@A[C]AKMaAIw@?OAMAa@Aq@Am@EYKc@Sq@M[GOUo@K_@C_@?g@Fi@Ns@Ls@NG`@Wb@c@fCyCb@g@jAoA|BcCNMxAwAh@m@V[T_@d@iAVk@d@aBT}@\{A^uA|@uC\cAPo@H[F_@BSN@L@J?HADCDGb@i@FGFI@EFIHQJYDQBUFq@@M@M@MBc@H@F?B?@?L@N?VAJAJARCLEPERGDCHCJGLININKFEFGFELO@A^]^]b@c@z@{@`AcAZYb@e@NO|A_BFE@AdAgAr@s@r@u@JEHEn@Al@@hBALAN?F?FBLL@DNPDFNRRRV\VZI`@ADCJAFOp@i@zBWjAOnAO`AYhAMb@a@|AMx@@j@NrAPdAHl@@BJn@VtB@D@FH`AHlA?J@j@@x@AbAIdAIz@Kn@]~AUx@Kb@Ij@IAMBmBjBUTEBCD]\w@bAGLGLwAhCy@jAILg@p@mAdBKN[`@MVi@z@e@`Ag@jA]j@Yn@]n@k@x@[^a@h@g@f@UR??TSf@g@`@i@Z_@j@y@\o@Xo@\k@f@kAd@aAh@{@LWZa@JOlAeBf@q@HMx@kAvAiCFMFMv@cA\]BEDCTUlBkBLCH@Hk@Jc@Ty@\_BJo@H{@HeA@cAAy@Ak@?KImAIaAAGAEWuBKo@ACIm@QeAOsAAk@Ly@`@}ALc@XiANaANoAVkAh@{BNq@@GBK@EHa@W[W]SSOSEGOQAEMMGCG?O?M@iB@m@Ao@@IDKDs@t@s@r@eAfAA@GD}A~AONc@d@[XaAbA{@z@c@b@_@\_@\A@MNGDGFGDOJOHMHKFIBEBSFQDMDSBK@K@W@O?MAA?C?G?IAQ@G?GAKCMCICGCGE_@AE?C?E@A?C@??C@ABC@A@ADABCJ?FAFCp@@h@@`@?d@?RAP?RALCNEPCRG^IZQn@]bA}@tC_@tA]zAU|@e@`BWj@e@hAU^WZi@l@yAvAOL}BbCkAnAc@f@q@v@
WF2 0GU,55,1193,The Lawrence → tillybods → Wrenthorpe Club → Vic's Cafe → The Lawrence,3,5824,476,7min,wjxfIfhhHVl@JQlAuBtA_CV_@BCT[HM~BdBTN\Tj@^G^I@??WQODLu@]UUO_CeB_@h@CBW^uA~BmAtBKPq@hAGHq@jAaAdBSb@oBxD_AhBcA|AKLCDu@~@}@|@a@XCB_@RQHoB~@sBjAQHk@XkBbA_@XQRS^K`@GXEb@CX?^Dn@Lj@HPFJHFJDJ?JAJEJKv@}AvByFf@cC\cCLoATeCd@{Ht@wLDyANoDD{@EGEIAIAIAM?MBODKBIDEJELaALy@Bq@B]l@mEHOHMRByAdK?\?`@DLBL?N?LCLCHGLIFO~@MdDG|As@tLg@`IUfCYbCYhBa@rBe@jBk@hBcA`CqAfC}EnHOTa@n@a@h@eCnDg@h@g@b@cAp@iB`ASJIDGHIHEHCHYlA?BOt@ETELEHGJcBvBGHIHIDIBIBI@K?OAEAc@e@OUGQEOEQAMAOAQ?S@O@O?GDQFWFWFOFMrAuBHKFGFGHGHGJCHAH?H?H@JDt@NZLPBLBR@NANCLEJGZSjAy@`A_A`AkAb@o@pB}CbCqDFM^_AVe@L_@FYDY@W@YAYMoAEo@?_@BYDc@FYJa@R_@PS^YjBcAj@YPIrBkAnB_API^SBC`@Y|@}@t@_ABEJMbA}A~@iBnByDRc@`AeBp@kAFIp@iAWm@
WF2 0GU,55,1194,The Malt Shovel → Carr Gate WMC → Gardener's Retreat Restaurant → Tardis → The Malt Shovel,3,4455,551,9min,ysyfIvxiHb@Qj@WCoBGmAq@LJr@Ks@p@M@PDz@BnBk@Vg@Re@RiAd@EBIDqBx@qAh@gCfA}@^_Bh@KDe@Rq@l@Wz@a@dBIf@Hg@`@eBV{@p@m@d@SjBo@|@_@fCgApAi@pBy@HEDChAe@d@Sf@Sj@Wh@UZId@QEo@?_@BYDc@FYJa@R_@PS^YjBcAj@YPIrBkAnB_APIJf@@L?LENc@n@W`@W`@SXo@jASZ}@dBgBjD{@xAw@~@}EnHOTa@n@J`@BNDV?L?PG`BAP?P?P?P@RJfDi@NG_BIgCAYAOEECAEHIJKNCD@^FxBDrB@f@DRDF??BBJCJAFABG?IEmAh@OKgDAS?Q?Q?Q@QFaB?Q?MEWOIGCI?ODeCnDg@h@g@b@cAp@iB`ASJIDGHIHEHCHYlA?BOt@ETELEHGJcBvBGHIHIDIBIBI@K?OAEAc@e@OUGQEOEQAMAOAQ?S@O@O?GDQFWFWFOFMrAuBHKFGFGHGHGJCHAH?H?H@JDt@NZLPBLBR@NANCLEJGZSjAy@`A_A`AkAb@o@pB}CbCqDFM^_AVe@L_@FYDY@W@YAYMoAe@P[Hi@Tk@Vc@P
WF2 0GU,55,1195,The Mens Room → St Michaels Church → R H Binks And Sons → Methodist Church → The Mens Room,3,1847,301,5min,io{fIbbmH@m@BoD?GBaE?U@yABw@B{@Bq@Bo@FeA@SDu@y@BeAZWTUV}@p@}@f@AI{DbAGXNfANTHFFn@Go@IGOUOgAFYtA_@dBc@@H|@g@|@q@TWVUdA[x@CLiAFy@NaBg@iDCQIs@AE]cCZNJ@ZDZ@L?n@Al@AUp@EPw@pCa@lCWzCMhAEt@ARGdACn@Cp@Cz@Cv@AxA?TC`E?FCnDAl@
WF2 0GU,55,1196,The New Albion → The Blue Light → Al Fresco → Alverthorpe St Paul's CofE (VA) School → The New Albion,3,1751,390,6min,q`ufIf~iHFK@@BBTa@Sc@}AlCu@rAIHHVN`@ADCDSRRSBE@EYy@HIt@sA|AmCCIJSFSD_@Bm@@Q@QBk@?Q@UBy@Cx@ATC|@APAPCl@E^GRKR[o@c@_Ab@qAZw@MUKKQIQG[IQCSGMEQKY[g@g@SWy@oAGEKCQl@c@`AEd@Er@ETIVKXERGTEX@\Ap@AXGVILDZBV?R@RGd@A\CTCB??C?B?BCBU@]Fe@AS?SCWE[HMFW@Y@q@A]DYFUDSJYHWDUDs@De@b@aAPm@JBFDx@nARVf@f@XZPJLDRFPBZHPFPHJJLT[v@c@pAb@~@Zn@BHRb@U`@CCAAGJ
WF2 0GU,55,1197,The New Pot Oil → The Well Church (Elim Pentecostal) → Wrenthorpe Post Office → Wrenthorpe Methodist Church → The New Pot Oil,3,1681,275,4min,_~vfIf{hHODI@UBc@EMNWNINKZI\ITi@XMNEPG^EZOEQCG?USMOReADUj@cDGIn@}DL{@@AH_@Po@Je@Jo@Fa@D[@IDUFg@BSBMD[F]BUFc@@EJg@BIPRNFTJNFTFN?F@xCBX@VPt@v@PT]xAY|@o@dBUl@Qp@o@pCEJW|@MTORYR_@LODYHI@UBc@E{B_@g@UGIY[[U}@a@FYb@eATy@Ux@O\Sf@GX|@`@ZTXZFHf@TzB^b@DTCHANE
WF2 0GU,55,1198,The New Wheel → The Well Church (Elim Pentecostal) → Wrenthorpe Methodist Church → Wrenthorpe Post Office → The New Wheel,3,1418,263,4min,mawfIf{hHXDMNWNINKZI\ITi@XMNEPG^EZOEQCG?USMOReADUj@cDGIY[[U}@a@FYb@eATy@Ux@O\Sf@GX|@`@ZTXZn@}DL{@@AH_@Po@Je@Jo@Fa@D[@IDUFg@BSBMD[F]BUFc@@EJg@BIPRNFTJNFTFN?F@xCBX@VPt@v@PT]xAY|@o@dBUl@Qp@o@pCEJW|@MTORYR_@LODYHI@UBc@EYE
WF2 0GU,55,1199,The Quad → Vic's Cafe → The Wheel → The Lawrence → The Quad,3,9502,657,10min,gtxfIbufHFYfBcGzAgE|A_Ex@iBt@yAfBcDf@u@v@gAr@}@|@gA|@w@lB{AnBkAfBw@jBk@dBY|AQT?N@RDRFNFL@JAJCLULKPEPFNLFNDRBX?ZETGTMPSHSCMGKQEOCIIQMOOOUIQESEWA_BPaB^iBh@gBr@kBlAmBvA{@z@{@|@w@`Aq@dAi@v@gB`Ds@vAu@bBaB|DqAzDiBhG}BzIUvAaA|GyAdK?\?`@DLBL?N?LCLCHGLIFG@G?GCECEGEIAIAIAM?MBODKBIDEJELaALy@Bq@B]l@mEHOHMBQ~@sGVoAtBcJfBcGzAgE|A_Ex@iBt@yAfBcDf@u@v@gAr@}@|@gA|@w@lB{AnBkAfBw@jBk@dBY|AQT?N@RDRFNFL@JAJCLULKPEPFNLXAPERKXI`BKD?\CPANA~@Gb@?R@TDP@H?LCNQBGDIHGFEH?H@B@HAFAHCLEJCJCHCNCZG`@IXEHCDALETKFAl@W??LE@ALEHCJAHAJAJ?L@J@@?NB@?LDJBNFPFFH@BDDLNNLNNPNPNJFHDHDRJTJl@X^Rf@VPHFDHDDDDBJHRNJHFFNJNLb@XHBBBLFJDNHd@NBBBBDDHHCb@ALALALGp@CTEPKXIPGHADGHGFc@h@EFEBCBGFC?E@QBO?G^IZQn@]bA}@tC_@tA]zAU|@e@`BWj@e@hAU^WZi@l@yAvAOL}BbCkAnAc@f@gCxCc@b@a@VOF[Na@D]?a@?q@@UB[Ds@\]X{@|@WXSPUNeBh@i@T_@PKHuBlAsBbA{@b@q@^c@Xu@f@E@eBbAo@`@m@d@s@v@s@~@o@~@gAzA_@h@CBW^uA~BmAtBKPe@iAIUEO?O@OBSZm@DED@HNIOEAED[l@CRAN?NDNHTLZVl@q@hAGHq@jAaAdBSb@oBxD_AhBcA|AKLCDu@~@}@|@a@XCB_@RQHoB~@sBjAQHk@XkBbA_@XQRS^K`@GXEb@CX?^Dn@Lj@HPFJHFJDJ?JAJEJKv@}AvByFf@cC\cCLoATeCd@{Ht@wLDyANoDD{@EGEIAIAIAM?MBODKBIDEJELaALy@|@kGJo@BQ~@sGVoAlBiI
WF2 0GU,55,1200,The Star Inn → Lindale Methodist Church → Outwood Primary Academy Kirkhamgate → Shawfold Cars → The Star Inn,3,1568,260,4min,}wwfIfknHr@`ANSh@m@xA{AMc@Om@MiAOsAE]Kq@SyACK?AOkA_@qCcAf@[yAJIKHZxAbAg@^pCNlABJRxAJp@D\\|CNl@Lb@v@w@TSd@c@pBeANGHEb@UPI\U^Wp@k@JVDVDf@@FCz@Jj@DXEYKk@B{@Go@EWKWq@j@_@V]TQHc@TIDOFqBdAe@b@URw@v@yAzAi@l@ORs@aA
WF2 0GU,55,1201,The Well Church (Elim Pentecostal) → Wrenthorpe Dental Care → Wrenthorpe Methodist Church → St Annes → The Well Church (Elim Pentecostal),3,1389,312,5min,cgwfIz~hHj@cDf@TzB^b@DTCHAXINEDjBF|@WDYFI@kARLA|@QHAXGVEG}@EkBODYHI@UBc@E{B_@g@UGIY[[U}@a@FYb@eATy@Ux@O\Sf@GXGC}@a@]OQIOOWa@k@_AS[e@s@Rg@@CTk@Uj@ABSf@d@r@RZbA`BNNPH\N|@`@FB|@`@ZTXZFHk@bD
WF2 0GU,55,1202,The Wheel → Wrenthorpe Club → The Lawrence → Wrenthorpe Academy → The Wheel,3,1732,292,4min,k`xfIb|gHgAzA~BdBTN\Tj@^G^I@??WQODLu@]UUO_CeB_@h@CBW^uA~BmAtBKPe@iAIUEO?O@OBSZm@DED@HNIOEAED[l@CRAN?NDNHTLZVl@JQlAuBtA_CV_@BC^i@~BdBTN\Tj@^|@n@`BpAZXj@z@Z_AXcAb@_BBIHS??IRCHc@~AYbA[~@k@{@[YaBqA}@o@k@_@]UUO_CeBfA{A
WF2 0GU,55,1203,The Wren Cafe → Conroyds Fish and Chips → The New Pot Oil → Wrenthorpe Methodist Church → The Wren Cafe,3,1229,222,3min,exvfInhhHDMVq@Pc@Ds@VPt@v@PT]xAY|@o@dBUl@GRy@nDEJW|@MTORYR_@LODIBODI@UBc@E{B_@g@UGIY[[U}@a@FYb@eATy@Ux@O\Sf@GX|@`@ZTXZn@}DL{@@AH_@Po@PJXLn@VJLf@v@T\JHDBH?FADIHSpAeFJ_@Rk@Pc@
WF2 0GU,55,1204,tillybods → Wrenthorpe Club → The Lawrence → Wrenthorpe Academy → tillybods,3,1647,274,4min,}bxfIl_hHHM~BdBTN\Tj@^G^I@??WQODLu@]UUO_CeB_@h@CBW^uA~BmAtBKPe@iAIUEO?O@OBSZm@DED@HNIOEAED[l@CRAN?NDNHTLZVl@JQlAuBtA_CV_@BC^i@~BdBTN\Tj@^|@n@`BpAZXj@z@Z_AXcAb@_BBIHS??IRCHc@~AYbA[~@k@{@[YaBqA}@o@k@_@]UUO_CeBIL
WF2 0GU,55,1205,Total Fitness → Silkwood Farm → Shell Select → DVSA Wakefield Test Center → Total Fitness,3,4023,613,10min,o{sfIpemH^XBB@D@NCNGNABEHGLWhAOp@AJQn@GVELELQf@Q`@GHMTMNIHEDOHEBEFEDIPANENGHWFECIIEMCOAQBQDOBCJ[BMBMBM@a@JgABYJy@Fe@Ha@ReAJe@zAcH@K?G?EAa@CQEUAMEIKU{BaCo@{@IVKZYp@mA~FnB~ALo@VR\ZPaA??Q`A][WSMn@oB_BlA_GXq@J[HWn@z@zB`CLJD@D?LEDAJEF?B?HF@BDHDN@RAPEPGLIDK@OFEHEJ{AbHKd@SdAI`@Gd@Kx@CXKfAA`@?LBNBP??FTBBDJBN?PANEN?\?B?HBRH\DLFNVf@HN^j@VPLDD@B?B?NEzCuHPg@Rc@JS`@w@@[Ea@BS@CHU@C??RATZb@iAD_@\_ABQA_@q@gAw@m@KEMGo@_@e@e@[_@SU_@m@KMEECAKCIDK@KEGIGMCQEUAMEIKU{BaCo@{@IVKZYp@mA~FnB~AUfAABC@C@MD@^?D?BGTDO@E?C?EA_@LEBABA@CTgAoB_BlA_GXq@J[HWn@z@zB`CLJD@D?LEDAJEF?B?HF@BDHDN@RAPEPGLIDK@OFEHEJ{AbHKd@SdAI`@Gd@Kx@CXKfAA`@?LBNBP??FTBBLDH@F@D?NIDEHILOLUFIPa@Pg@DMDMFWPo@@KNq@ViAD]DIDIHIAOAECC_@Y
WF2 0GU,55,1206,Toyota Vantage → Shell Select → Total Fitness → Silkwood Farm → Toyota Vantage,3,3300,574,9min,grsfIz|lHTeAAECCC?ELUlACDOl@IX]JILQdALFJDv@l@TJb@Fn@OSz@Qb@[z@[x@c@hAIPWj@Kb@q@xBG[?K@QJS`@w@@[Ea@BS@CHU@C??RATZb@iAD_@\_ABQA_@q@gAw@m@KEMGo@_@e@e@[_@SU_@m@KMEECAKCIDK@OFEHEJ{AbHKd@SdAI`@Gd@Kx@CXKfAA`@?LBNBP??FTBBLDH@F@D?NIDEHILOLUFIPa@Pg@DMDMFWPo@@KNq@ViAD]DIDIHIAOAECC_@Y_Aw@~ApABB@D@NCNGNABEHGLWhAOp@AJQn@GVELELQf@Q`@GHMTMNIHEDOHEBEFEDIPANENGHWFECIIEMCOAQBQDOBCJ[BMBMBM@a@JgABYJy@Fe@Ha@ReAJe@zAcH@K?G?EAa@CQEUAMEIKU{BaCo@{@IVKZYp@mA~FnB~ALo@VR\ZPaA??Q`A][WSMn@oB_BlA_GXq@J[HWn@z@zB`CLJD@D?LEDAJEF?B?HF@BDHDN@RBX@LBJFV^l@RTZ^d@d@n@^PeAHM\KHYNm@BETmADMB?BB@DUdA
WF2 0GU,55,1207,Valley Cresent Day Centre → Conroyds Fish and Chips → The New Pot Oil → Wrenthorpe Methodist Church → Valley Cresent Day Centre,3,1229,222,3min,gxvfInhhHFMVq@Pc@Ds@VPt@v@PT]xAY|@o@dBUl@GRy@nDEJW|@MTORYR_@LODIBODI@UBc@E{B_@g@UGIY[[U}@a@FYb@eATy@Ux@O\Sf@GX|@`@ZTXZn@}DL{@@AH_@Po@PJXLn@VJLf@v@T\JHDBH?FADIHSpAeFJ_@Rk@Nc@
WF2 0GU,55,1208,Vic's Cafe → The Quad → The Lawrence → tillybods → Vic's Cafe,3,6930,599,9min,{zxfIpkgHHMBQ~@sGVoAlBiIFYfBcGzAgE|A_Ex@iBt@yAfBcDf@u@v@gAr@}@|@gA|@w@lB{AnBkAfBw@jBk@dBY|AQT?N@RDRFNFL@JAJCLULKPEPFNLXAPERKXI`BKD?\CPANA~@Gb@?R@TDP@H?LCNQBGDIHGFEH?H@B@HAFAHCLEJCJCHCNCZG`@IXEHCDALETKFAl@W??LE@ALEHCJAHAJAJ?L@J@@?NB@?LDJBNFPFFH@BDDLNNLNNPNPNJFHDHDRJTJl@X^Rf@VPHFDHDDDDBJHRNJHFFNJNLb@XHBBBLFJDNHd@NBBBBDDHHCb@ALALALGp@CTEPKXIPGHADGHGFc@h@EFEBCBGFC?E@QBO?G^IZQn@]bA}@tC_@tA]zAU|@e@`BWj@e@hAU^WZi@l@yAvAOL}BbCkAnAc@f@gCxCc@b@a@VOF[Na@D]?a@?q@@UB[Ds@\]X{@|@WXSPUNeBh@i@T_@PKHuBlAsBbA{@b@q@^c@Xu@f@E@eBbAo@`@m@d@s@v@s@~@wBzC_@h@CBW^uA~BmAtBKPe@iAIUEO?O@OBSZm@DED@HNIOEAED[l@CRAN?NDNHTLZVl@JQlAuBtA_CV_@BC^i@~BdBTN\Tj@^G^I@WQODLu@]UUO_CeBILUZCBW^uA~BmAtBKPq@hAGHq@jAaAdBSb@oBxD_AhBcA|AKLCDu@~@}@|@a@XCB_@RQHoB~@sBjAQHk@XkBbA_@XQRS^K`@GXEb@CX?^Dn@Lj@HPFJHFJDJ?JAJEJKv@}AvByFf@cC\cCLoATeCd@{Ht@wLDyANoDD{@EGEIAIAIAM?MBODKBIDEJELaALy@|@kGJo@IL
WF2 0GU,55,1209,"Village Hall, Kirkhamgate → The Star Inn → Outwood Primary Academy Kirkhamgate → Shawfold Cars → Village Hall, Kirkhamgate",3,1824,320,5min,gswfInbnHRhBNl@Lb@yAzAi@l@ORs@aAKMAu@F]?IOs@Nr@?HG\@t@~@nANSh@m@xA{AMc@Om@]}CE]Kq@SyACK?AOkA_@qCcAf@[yAJIKHZxAbAg@^pCNlABJRxAJp@D\\|CNl@Lb@v@w@TSd@c@pBeANGHEb@UPI\U^Wp@k@JVDVDf@@FCz@Jj@DXEYKk@B{@Go@EWKWq@j@_@V]TQHc@TIDOFqBdAe@b@URw@v@Mc@Om@SiB
WF2 0GU,55,1210,Village Stores → Outwood Primary Academy Kirkhamgate → The Star Inn → Shawfold Cars → Village Stores,3,1827,328,5min,opwfI`bnHl@]^vBe@b@URw@v@Mc@Om@]}CE]Kq@SyACK?AOkA_@qCcAf@[yAJIKHZxAbAg@^pCNlABJRxAJp@D\\|CNl@Lb@yAzAi@l@ORs@aAKMAu@F]?IOs@Nr@?HG\@t@~@nANSh@m@xA{Av@w@TSd@c@pBeANGHEb@UPI\U^Wp@k@JVDVDf@@FCz@Jj@DXEYKk@B{@Go@EWKWq@j@_@V]TQHc@TIDOFqBdA_@wBm@\
WF2 0GU,55,1211,Wakefield Flanshaw Junior and Infant School → West Villa → NAV Mini Market → Phoenix Young People's Centre → Wakefield Flanshaw Junior and Infant School,3,1529,218,3min,oqtfI~lhHa@lCGn@Ml@a@tB[~AMn@c@nBq@zBCFSn@Uj@]~@Ul@Ob@c@k@[g@Wc@OQKKc@YWzAU~AQlAEl@C\A^ZHPFPH??JJLT[v@c@pAGReAvCg@zAGIWKVJFHf@{An@eBTq@FSb@qAZw@JSf@iAj@wAh@mANc@Tm@\_ATk@Ro@BGp@{Bp@_DZ_B`@uBLm@Fo@`@mC
WF2 0GU,55,1212,War Memorial → The Star Inn → Outwood Primary Academy Kirkhamgate → Shawfold Cars → War Memorial,3,1714,311,5min,crwfIfgnHLb@yAzAi@l@ORs@aAKMAu@F]?IOs@Nr@?HG\@t@~@nANSh@m@xA{AMc@Om@]}CE]Kq@SyACK?AOkA_@qCcAf@[yAJIKHZxAbAg@^pCNlABJRxAJp@D\\|CNl@Lb@v@w@TSd@c@pBeANGHEb@UPI\U^Wp@k@JVDVDf@@FCz@Jj@DXEYKk@B{@Go@EWKWq@j@_@V]TQHc@TIDOFqBdAe@b@URw@v@Mc@
WF2 0GU,55,1213,War memorial in Kirkhamgate. → The Star Inn → Outwood Primary Academy Kirkhamgate → Shawfold Cars → War memorial in Kirkhamgate.,3,1698,309,5min,{qwfIzgnHDNyAzAi@l@ORs@aAKMAu@F]?IOs@Nr@?HG\@t@~@nANSh@m@xA{AMc@Om@]}CE]Kq@SyACK?AOkA_@qCcAf@[yAJIKHZxAbAg@^pCNlABJRxAJp@D\\|CNl@Lb@v@w@TSd@c@pBeANGHEb@UPI\U^Wp@k@JVDVDf@@FCz@Jj@DXEYKk@B{@Go@EWKWq@j@_@V]TQHc@TIDOFqBdAe@b@URw@v@EO
WF2 0GU,55,1214,"War Memorial, Kirkhamgate → The Star Inn → Outwood Primary Academy Kirkhamgate → Shawfold Cars → War Memorial, Kirkhamgate",3,1686,304,5min,gqwfI|gnHMLyAzAi@l@ORs@aAKMAu@F]?IOs@Nr@?HG\@t@~@nANSh@m@xA{AMc@Om@]}CE]Kq@SyACK?AOkA_@qCcAf@[yAJIKHZxAbAg@^pCNlABJRxAJp@D\\|CNl@Lb@v@w@TSd@c@pBeANGHEb@UPI\U^Wp@k@JVDVDf@@FCz@Jj@DXEYKk@B{@Go@EWKWq@j@_@V]TQHc@TIDOFqBdAe@b@URi@h@
WF2 0GU,55,1215,"War Memorial on Batley Road, Kirkhamgate → The Star Inn → Outwood Primary Academy Kirkhamgate → Shawfold Cars → War Memorial on Batley Road, Kirkhamgate",3,1686,304,5min,gqwfI|gnHMLyAzAi@l@ORs@aAKMAu@F]?IOs@Nr@?HG\@t@~@nANSh@m@xA{AMc@Om@]}CE]Kq@SyACK?AOkA_@qCcAf@[yAJIKHZxAbAg@^pCNlABJRxAJp@D\\|CNl@Lb@v@w@TSd@c@pBeANGHEb@UPI\U^Wp@k@JVDVDf@@FCz@Jj@DXEYKk@B{@Go@EWKWq@j@_@V]TQHc@TIDOFqBdAe@b@URi@h@
WF2 0GU,55,1216,West Ardsley Book Exchange → Hill Top Primary Academy → West Ardsley Methodist Church → The Mens Room → West Ardsley Book Exchange,3,7477,837,13min,qszfIvyqHTHj@RlEhBPFzAp@pBx@pBv@fAd@n@^d@b@eFbNGNm@dBo@|Ay@|BSh@S[EAIAKAGIo@cAOU??NTn@bAFHJ@H@D@RZRi@x@}Bn@}Al@eBFOdFcNe@c@o@_@gAe@NaB|@h@PBJMKLA?OC}@i@O`BqBw@qBy@{Aq@QGmEiBk@Sk@S{Ai@{@Wo@Uu@e@e@[CC]YuAoAkAaAs@i@gAaAGE[Wk@a@cDgCu@g@SGQEc@IKAeBS_@Go@OsB]SEQA?m@AaAA]E{@IaAKiBQ_CE}@AQAQIsAIqAAWMoBGaAIaAUeBYwB]oCe@uBi@mCMs@Gk@u@oH]mDOuAY{BIk@CSIs@OuA_AmHKcAKu@Ic@Rg@P]V_@V_@NMVU~@i@\Qn@UVIj@MZGn@StAq@fBy@\Q`@Sp@]z@g@vBoAh@a@XYP_@DIP}@De@FkABgA@m@zAHHAFEDGDMBSBaClALFDFHBJ@H?FALEJEDIDoA^CRELEFGDI@{AIEtBGjAEd@Q|@EHQ^YXi@`@wBnA{@f@q@\a@R]PgBx@uAp@o@R[Fk@LWHo@T]P_Ah@WTOLW^W^Q\Sf@Hb@Jt@JbA~@lHNtAHr@BRHj@XzBNtA\lDt@nHFj@Lr@h@lCd@tB\nCXvBTdBH`AF`ALnB@VHpAHrA@P@PD|@P~BJhBH`ADz@@\@`A?l@P@RDrB\n@N^FdBRJ@b@HPDRFt@f@bDfCj@`@ZVFDfA`Ar@h@jA`AtAnA\XBBd@Zt@d@n@Tz@VzAh@TH
WF2 0GU,55,1217,West Ardsley Community Centre → West Ardsley Methodist Church → West Ardsley Book Exchange → Highfield School → West Ardsley Community Centre,3,12804,1453,24min,qizfIb_sHFMV^S`@D@RZRi@x@}Bn@}Al@eBFOdFcNe@c@o@_@gAe@NaB|@h@PBJMKLA?OC}@i@O`BqBw@qBy@{Aq@QGmEiBk@Sk@SBWDS@S?Q?S@OLaBM`BAN?R?PARERCVTHTHj@RlEhBPFzAp@pBx@pBv@fAd@n@^d@b@eFbNGNm@dBo@|Ay@|BSh@KXKXO^Wt@_@`Aa@pAGV?FCTGxDA|@?JMdHAb@At@At@C~@MfJ?PA`@@p@J`A`@vBBb@LjGj@|Fp@jHJ|C?~BO`CYzCtDvBpJtFLF`J|EhHdEPHnBnAhE|B\RZRXLrAv@bAh@JDr@h@~AjA|@`Az@|AJN^n@r@zAlAnDHTHVpAlDp@`BHFHFD@F?N?^WPMp@UBAZKh@CHDTJZTTZb@ZH?HFb@i@tD{ITc@^q@bAqB\cAF_ACEAO?I?EBMDKFEBADAD@VIPAnBw@LMr@cAXa@JOX]h@aAlCmD~CsEbCmDdB_C`ByBT[x@gAGWOm@?a@Fs@\cA\i@zBmCTYR_@Jk@Bc@Ac@Ga@Oo@Yw@Og@IWUs@I[Oa@GUIUGU{@sCGSa@_AQWq@q@MKIIi@]QMQSGMUe@Sg@Ss@K]Mq@YgBKq@c@yBu@}BKWC[?w@@eA?kB?]Aa@?WCQAQAKCEIWMa@Qo@Qq@Mw@Kg@QoB]oDKoAQgBQyAO?eEhDdEiDN?PxAPfBJnA\nDJjADb@Jf@Lv@Pp@Pn@L`@HVBD@J@PBP?V@`@?\?jBAdA?v@BZJVt@|Bb@xBJp@XfBLp@J\Rr@Rf@Td@FLPRPLh@\HHLJp@p@PV`@~@FRz@rCFTHTFTN`@HZTr@HVNf@Xv@Nn@F`@@b@Cb@Kj@S^UX{BlC]h@]bAGr@?`@Nl@FVy@fAUZaBxBeB~BcClD_DrEmClDi@`AY\KNY`@s@bAMLoBv@GRMP?D@NALCJ?@GHGDS`@OH]bAcApB_@p@Ub@uDzIWfA?NCNELKJI?IEGICKAQ@SMy@U[[UUKIEi@B[JC@q@TQL_@V]VSi@q@aBqAmDIWIUmAcCk@iAa@{@qBwCk@m@wAiA_Am@q@e@yCaBeBaA_CmAmAw@a@S}DuBqC{AyImFeP}I@g@X{CNaC?_CK}Cq@kHk@}FMkGCc@a@wBKaAAq@@a@?QLgJB_A@u@@u@@c@LeH?K@}@FyDBU?GFW`@qA^aAVu@N_@JYJYS[EAIAKAGIPe@
WF2 0GU,55,1218,West Ardsley Methodist Church → West Ardsley Community Centre → West Ardsley Book Exchange → The Star Inn → West Ardsley Methodist Church,3,6229,593,9min,q}yfIvarHOC}@i@O`BfAd@n@^d@b@eFbNGNm@dBo@|Ay@|BSh@S[EAIAKAGIPe@FMV^S`@D@RZRi@x@}Bn@}Al@eBFOdFcNe@c@o@_@gAe@qBw@qBy@{Aq@QGmEiBk@Sk@SBWDS@S?Q?S@OLaBM`BAN?R?PARERCVTHTHj@RlEhBPFzAp@pBx@pBv@fAd@n@^d@b@FOZ{@HYViA^iBXgARm@R]^a@JInBeBr@w@j@}@Xq@ZcA\gBTmATcAb@cB|@yCBGt@}BtA_E~@wDXsBn@cFRmARw@Vq@b@o@r@q@xA_Ad@YRSJ]Jm@h@wELw@Pu@Ne@Tg@`@m@\YPM\I\GXAB?d@HZDR?NAlAQjAODAXOXWXg@Rk@Ru@t@aDNg@Vo@\s@zBgDRY^g@s@aAKMAu@F]?IOs@Nr@?HG\@t@~@nA_@f@SX{BfD]r@Wn@Of@u@`DSt@Sj@Yf@YVYNE@kANmAPO@S?[Ee@IC?Y@]F]HQL]Xa@l@Uf@Od@Qt@Mv@i@vEKl@K\SRe@XyA~@s@p@c@n@Wp@Sv@SlAo@bFYrB_AvDuA~Du@|BCF}@xCc@bBUbAUlA]fB[bAYp@k@|@s@v@oBdBKH_@`@S\Sl@YfA_@hBWhAIX[z@GNe@c@o@_@gAe@NaB|@h@NB
WF2 0GU,55,1219,West Villa → Wakefield Flanshaw Junior and Infant School → NAV Mini Market → Phoenix Young People's Centre → West Villa,3,1690,274,4min,sutfIp|hHLo@Z_B`@uBLm@Fo@`@mCf@mD\T]UiAzHGn@Ml@a@tB[~Aq@~Cq@zBCFSn@Uj@]~@Ul@Ob@c@k@[g@Wc@OQKKc@YWzAU~AQlAEl@C\A^ZHPFPH??JJLT[v@c@pAGReAvCg@zAGIWKVJFHf@{An@eBTq@FSb@qAZw@JSf@iAj@wAh@mANc@Tm@\_ATk@Ro@BGp@{Bb@oB
WF2 0GU,55,1220,West Yorkshire Police Bishopgarth House → West Yorkshire Police Learning & Development Centre → Cardigan House → Driver Training Area → West Yorkshire Police Bishopgarth House,3,9946,536,8min,{uyfIxzjH??JCJAFABG?IEmAh@OKgDAS?Q?Q?Q@QFaB?Q?MEWOIGCI?ODeCnDg@h@g@b@cAp@iB`ASJIDGHIHEHCHYlA?BCvA?P@P@RDRThAf@~Br@|CnB|INn@bApEj@fCR|@x@nD\|AtAxDbCzFbCdFbAjBb@x@bAjBnCrD|CfEjDpDxFdFfMjJzBxA`CrAtBfAtDrBtG`Dn@R~FjBlGhAdE\xDDvEOnE[hOcClImApBYzRuF^OZSPMNQNUj@{ARg@POPMLINEP@RBTLVXJXFVDVDX@\?ZAtDA|@AZA\ETW~@MZk@Va@@OCWOMOMUIOi@w@a@So@E{Lh@qAFsFj@sInAeOdCoE`@cFJwDImE]eGaAaGiBs@W_HeDkDqBuBiAcCcB}B_BqFsDiF{DkFqEoD{DaDeE}BqDmAkBc@y@wAuCoEsJuBoF_AqCo@wA_AuCqA}DOc@}BiHwAmEQa@Uu@K]MYKWGMGKGIGIGGEEMIOKc@SEAc@e@OUGQEOEQAMAOAQ?S@O@O?GDQFWFWFOFMrAuBHKFGFGHGHGJCHAH?H?H@JDt@NZLPBLBR@NANCLEJGZSjAy@`A_A`AkAb@o@\Ut@gALKJ?FJJ`@BNDV?L?PG`BAP?P?P?P@RJfDi@NDlA?HCFG@K@KB??
WF2 0GU,55,1221,West Yorkshire Police Learning & Development Centre → Cardigan House → West Yorkshire Police Bishopgarth House → Driver Training Area → West Yorkshire Police Learning & Development Centre,3,19016,974,16min,o|yfIrvkHbApEj@fCR|@vAlGtAxDbCzFbCdFbAjBb@x@bAjBnCrD|CfEjDpDxFdFfMjJzBxA`CrAtBfAtDrBtG`Dn@R~FjBlGhAdE\xDDvEOnE[hOcClImApBYzRuF^OZSPMNQNUj@{ARg@POPMLINEP@RBTLVXJXFVDVDX@\?ZAtDA|@AZA\ETW~@MZk@Va@@OCWOMOMUIOi@w@a@So@E{Lh@qAFsFj@sInAeOdCoE`@cFJwDImE]eGaAaGiBs@W_HeDkDqBuBiAcCcB}B_BqFsDiF{DkFqEoD{DaDeE}BqDmAkBc@y@wAuCoEsJuBoF_AqCo@wA_AuCqA}DOc@}BiHwAmEQa@Uu@K]MYKWGMGKGIGIGGEEMIOKc@SEAc@e@OUGQEOEQAMAOAQ?S@O@O?GDQFWFWFOFMrAuBHKFGFGHGHGJCHAH?H?H@JDt@NZLPBLBR@NANCLEJGZSjAy@`A_A`AkAb@o@\Ut@gALKJ?FJJ`@BNDV?L?PG`BAP?P?P?P@RJfDi@NG_BIgCAYAOEECAEHIJKNCD@^FxBDrB@f@DRDFBB??JCJAFABG?IEmAh@OKgDAS?Q?Q?Q@QFaB?Q?MEWOIGCI?ODeCnDg@h@g@b@cAp@iB`ASJIDGHIHEHCHYlA?BCvA?P@P@RDRThAf@~Br@|CnB|I~BhKR|@x@nD\|AtAxDbCzFbCdFbAjBb@x@bAjBnCrD|CfEjDpDxFdFfMjJzBxA`CrAtBfAtDrBtG`Dn@R~FjBlGhAdE\xDDvEOnE[hOcClImApBYzRuF^OZSPMNQNUj@{ARg@POPMLINEP@RBTLVXJXFVDVDX@\?ZAtDA|@AZA\ETW~@MZk@Va@@OCWOMOMUIOi@w@a@So@E{Lh@qAFsFj@sInAeOdCoE`@cFJwDImE]eGaAaGiBs@W_HeDkDqBuBiAcCcB}B_BqFsDiF{DkFqEoD{DaDeE}BqDmAkBc@y@wAuCoEsJuBoF_AqCo@wA_AuCqA}DOc@}BiHwAmEQa@Uu@K]MYKWGMGKGIGIGGEEMIOKc@SEAc@e@OUGQEOEQAMAOAQ?S@O@O?GDQFWFWFOFMrAuBHKFGFGHGHGJCHAH?H?H@JD^\JNFJDLDLBPBN@N@P?P?P?P?BCvA?P@P@RDRThAf@~Br@|CnB|INn@
WF2 0GU,55,1222,White Rose Sandwich Co. → BP Manor Service Station → Main Street Fisheries → St Michaels Church → White Rose Sandwich Co.,3,1778,384,6min,yl{fIr~kHe@}CCQKy@]cCZNJ@ZDZ@L?n@Al@AR_@f@dAOZGN_AMw@pCa@lCg@iDCQKy@]cCZNJ@Be@a@M??`@LCd@ZDZ@L?n@Al@AUp@EPw@pCa@lCWzCMhAy@BeAZWTUV}@p@}@f@AI{DbAGXNfANTHFFn@Go@IGOUOgAFYtA_@dBc@@H|@g@|@q@TWVUdA[x@CLiAV{CAK
WF2 0GU,55,1223,Wrenthorpe Academy → Hong Kong Vegan → St Annes → Spot on Dog Grooming → Wrenthorpe Academy,3,2963,321,5min,cqwfI`chHIRCHc@~AYbA[~@k@{@[YaBqA}@o@k@_@]UUO_CeBvB{Cr@_Ar@w@l@e@n@a@dBcADAt@g@b@Yp@_@d@UTMrBcAtBmAJI^Qh@UdBi@TORQVYz@}@\Yr@]ZETCp@A`@?\?`@EZOMr@Or@Gh@?f@B^J^Tn@FNLZRp@Jb@DX@l@@p@@`@@L?NHv@L`A@JB\@Z?r@Ad@En@Gl@WdBG\KhAMt@]xAY|@o@dBUl@aAbEEJW|@MTORYR_@LODYHI@UBc@E{B_@g@UGIY[[U}@a@GC}@a@]OQIOOWa@k@_AS[e@s@]g@u@kAk@{@[YaBqACAy@m@G^I@WQODLu@j@^|@n@`BpAZXj@z@Z_AXcAb@_BBIHS
WF2 0GU,55,1224,Wrenthorpe Club → Declans → Pinderfields Hospital PRU → The Lawrence → Wrenthorpe Club,3,1957,349,5min,e|wfIlehHHAF_@k@_@]UUO_CeBqA_Ak@_@IIZyAGOIUHTFN[xAHHj@^pA~@l@b@pA`ATN\Tj@^|@n@`BpAZXj@z@Z_AXcAb@_BBILLl@j@??m@k@MMCHc@~AYbA[~@k@{@[YaBqA}@o@k@_@]UUO_CeB_@h@CBW^uA~BmAtBKPe@iAIUEO?O@OBSZm@DED@HNIOEAED[l@CRAN?NDNHTLZVl@JQlAuBtA_CV_@BC^i@~BdBTN\Tj@^G^I@
WF2 0GU,55,1225,Wrenthorpe Dental Care → The Well Church (Elim Pentecostal) → Wrenthorpe Methodist Church → Wrenthorpe Post Office → Wrenthorpe Dental Care,3,1637,314,5min,q`wfIhaiH|@QHAXGVEG}@EkBODYHI@UBc@EMNWNINKZI\ITi@XMNEPG^EZOEQCG?USMOReADUj@cDGIY[[U}@a@FYb@eATy@Ux@O\Sf@GX|@`@ZTXZn@}DL{@@AH_@Po@Je@Jo@Fa@D[@IDUFg@BSBMD[F]BUFc@@EJg@BIPRNFTJNFTFN?F@xCBX@VPt@v@PT]xAY|@o@dBUl@Qp@o@pCEJW|@MTORYR_@LDjBF|@WDYFI@}@P
WF2 0GU,55,1226,Wrenthorpe Methodist Church → The Well Church (Elim Pentecostal) → St Annes → The New Wheel → Wrenthorpe Methodist Church,3,1494,258,4min,whwfIvthHSf@GX|@`@ZTXZFHf@TzB^MNWNINKZI\ITi@XMNEPG^EZOEQCG?USMOReADUj@cDGIY[[U}@a@GC}@a@]OQIOOWa@k@_AS[e@s@Rg@@CTk@Uj@ABSf@d@r@RZbA`BNNPH\N|@`@FB|@`@ZTXZFHf@T`BXXDMNWNINKZI\ITi@XMNEPG^EZOEQCG?USMOReAp@yDGIY[[U}@a@FYRg@
WF2 0GU,55,1227,Wrenthorpe Park & Alverthorpe Meadows → Alverthorpe & Wrenthorpe Meadows LNR → Silcoates School → Conroyds Fish and Chips → Wrenthorpe Park & Alverthorpe Meadows,3,8644,1098,18min,cnufIlxgHTSf@g@V|@`@vAVz@Tz@Tr@Td@PVRRRLXLXBX?f@OFbAV|DJpAo@QmCe@KE??JDlCd@n@P~@V`Cj@\cABEJ[Ha@Ho@Dg@@k@?q@QqCIaAh@OnA_@VIVGpBm@|Ac@OxAAJEf@g@jCKf@OfAiAzHGn@Ml@a@tB[~Aq@~Cq@zBCFSn@Uj@]~@Ul@Ob@i@lAk@vAg@hAKR[v@c@pAGReAvCg@zAg@|AMZM\]v@q@fBGL_@`As@fBs@hBwBvE}BrGW~@q@`Ce@rBW|@Qh@Wb@[^q@h@eBzA_AbAc@h@cAlBCHsAeC]u@k@qAQ]qAoCIQFSn@_GTaCN{Cd@cR@MJkARuA@UFa@Dk@D]BS@U?[C[GSOa@U_@}@aBVg@Dw@?s@?GFWFMPi@HQBQ?KESAG?E?KF]DYNa@`@eAKQGO?G?Md@sA??e@rA?L?FFNJPb@iABGBADADBDHBJ?@?F_B`EELAJAL@L?B@DFHFBDFBHFLDHDHBL@LAPA|@CZAXIhAGrACXCNMPOa@U_@}@aBS_@Wc@y@gAw@eAw@aAsAiBaAwAS[AC_@o@e@q@IMMg@Mm@Gi@G}@EkB^MXSNSLUV}@DKx@oDFSTm@n@eBX}@\yALu@JiAF]VeBFm@Do@@e@?s@A[C]AKMaAIw@?OAMAa@Aq@Am@EYKc@Sq@M[GOUo@K_@C_@?g@Fi@Ns@Ls@NG`@Wb@c@fCyCb@g@jAoA|BcCNMxAwAh@m@V[T_@d@iAVk@d@aBT}@\{A^uA|@uC\cAPo@H[F_@BSN@L@J?HADCDGb@i@FGFI@EFIHQJYDQBUFq@@M@M@MBc@H@F?B?@?L@N?VAJAJARCLEPERGDCHCJGLININKFEFGFELO@A^]^]b@c@z@{@`AcAZYb@e@NO|A_BFE@AdAgAr@s@r@u@JEHEn@Al@@hBALAN?F?FBLL@DNPDFNRRRV\VZI`@ADCJAFOp@i@zBWjAOnAO`AYhAMb@a@|AMx@@j@NrAPdAHl@@BJn@VtB@D@FH`AHlA?J@j@@x@AbAIdAIz@Kn@]~AUx@Kb@Ij@IAMBmBjBUTEBCD]\w@bAGLGLwAhCy@jAILg@p@mAdBKN[`@MVi@z@e@`Ag@jA]j@Yn@]n@k@x@[^a@h@g@f@UR
WF2 0GU,55,1228,Wrenthorpe Post Office → The Wren Cafe → The New Pot Oil → Wrenthorpe Methodist Church → Wrenthorpe Post Office,3,1833,271,4min,_xvfItqhHo@pCEJW|@MTORYR_@LODYHI@UBc@E{B_@g@UGIn@}DL{@@AH_@Po@PJXLn@VJLf@v@T\JHDBH?FADIHSpAeFJ_@Rk@Pc@DMVq@Pc@Ds@VPt@v@PT]xAY|@o@dBUl@aAbEEJW|@MTORYR_@LODIBODI@UBc@E{B_@g@UGIY[[U}@a@FYb@eATy@Ux@O\Sf@GX|@`@ZTXZFHf@TzB^b@DTCHAXINE^MXSNSLUV}@DKn@qC
WF2 0GU,55,1229,Wrenthorpe Potovens → The Well Church (Elim Pentecostal) → Wrenthorpe Post Office → Hall Cliffe Primary School → Wrenthorpe Potovens,3,1655,257,4min,{|vfI|~hHCSEkBODYHI@UBc@EMNWNINKZI\ITi@XMNEPG^EZOEQCG?USMOReADUj@cDGIn@}DL{@@AH_@Po@Je@Jo@Fa@D[@IDUFg@BSBMD[F]BUFc@@EJg@BIPRNFTJNFTFN?F@xCBX@VPt@v@PT]xAY|@o@dBUl@Qp@o@pCEJW|@MTORYR_@LDjBF|@Fh@Ll@Lf@Dd@Bp@BnA?d@?t@?hBL?ZXXB@?[C[YM??iB?u@?e@CoACq@Ee@Mg@Mm@Gi@Ci@
WF2 0GU,55,1230,Wrenthorpe Village Hall → The Well Church (Elim Pentecostal) → Wrenthorpe Post Office → Wrenthorpe Methodist Church → Wrenthorpe Village Hall,3,1880,317,5min,k~vfIt`iH@?XGVEG}@EkBODYHI@UBc@EMNWNINKZI\ITi@XMNEPG^EZOEQCG?USMOReADUj@cDGIn@}DL{@@AH_@Po@Je@Jo@Fa@D[@IDUFg@BSBMD[F]BUFc@@EJg@BIPRNFTJNFTFN?F@xCBX@VPt@v@PT]xAY|@o@dBUl@Qp@o@pCEJW|@MTORYR_@LODYHI@UBc@E{B_@g@UGIY[[U}@a@FYb@eATy@Ux@O\Sf@GX|@`@ZTXZFHf@TzB^b@DTCHAXINEDjBF|@WDYFA?
WF2 0GU,60,1231,Al Fresco → The New Albion → The Blue Light → West Villa → Al Fresco,3,1538,301,5min,__ufIjuiHCj@APAPCl@E^GRKRBHRb@U`@CCAAGJ??FK@@BBTa@Sc@}AlCu@rAIHHVN`@ADCDSRRSBE@EYy@HIt@sA|AmCCI[o@c@_Ab@qAZw@JSf@iAj@wAh@mANc@Tm@\_ATk@Ro@BGp@{BwA_Bx@qCnApAMn@c@nBq@zBCFSn@Uj@]~@Ul@Ob@i@lAk@vAg@hAKR[v@c@pAb@~@Zn@JSFSD_@Bm@@Q@QBk@
WF2 0GU,60,1232,Alverthorpe Conservative Club → Pizza Ferrara → Al Fresco → Alverthorpe St Paul's CofE (VA) School → Alverthorpe Conservative Club,3,1975,404,6min,cbufI`_jH`AeBCI[o@c@_AGReAvCg@zAg@|AMZM\Nl@Rz@S{@Om@L]L[FS^iAf@{AdAwCFSb@~@Zn@JSFSD_@Bm@@Q@QBk@?Q@UBy@Cx@ATC|@APAPCl@E^GRKR[o@c@_Ab@qAZw@MUKKQIQG[IQCSGMEQKY[g@g@SWy@oAGEKCQl@c@`AEd@Er@ETIVKXERGTEX@\Ap@AXGVILDZBV?R@RGd@A\CTCB??C?B?BCBU@]Fe@AS?SCWE[HMFW@Y@q@A]DYFUDSJYHWDUDs@De@b@aAPm@JBFDx@nARVf@f@XZPJLDRFPBZHPFPHJJLT[v@c@pAb@~@Zn@BHaAdB
WF2 0GU,60,1233,Alverthorpe Garage → Sun Bo → Kylies Sandwich Bar & Custom Cakes → Mill View Stores → Alverthorpe Garage,3,1204,286,4min,cdufI`bjHb@w@|AmCCIJSFSGEi@}@BDd@v@FDGRKR[o@c@_AGReAvCg@zAg@|AMZM\]v@q@fBGLZl@P[QZ[m@FMPg@^_A\w@L]L[f@}Af@{AdAwCFSb@~@Zn@BHRb@HTNVLVLVTfAj@Sk@RESOs@MWMWOWIUSc@}AlCc@v@
WF2 0GU,60,1234,Alverthorpe St Paul's CofE (VA) School → Pizza Ferrara → Alverthorpe Conservative Club → NAV Mini Market → Alverthorpe St Paul's CofE (VA) School,3,1723,329,5min,unufId`jHBCBU@]Fe@AS?SCWE[HMFW@Y@q@A]DYFUDSJYHWDUDs@De@b@aAPm@JBFDx@nARVf@f@XZPJLDRFPBZHPFPHJJLT[v@c@pAGReAvCg@zAg@|AMZM\Nl@Rz@S{@Om@L]L[FS^iAf@{AdAwCFSb@~@Zn@BH}AlCOSNRZg@`AeBCI[o@c@_Ab@qAZw@MUKK??QIQG[IQCSGMEQKY[g@g@SWy@oAGEKCQl@c@`AEd@Er@ETIVKXERGTEX@\Ap@AXGVILDZBV?R@RGd@A\CTCB
WF2 0GU,60,1235,Alverthorpe Working Mens Club → The Eagle → Flanshaw Lodge → Mill View Stores → Alverthorpe Working Mens Club,3,1897,288,4min,kltfIdrjHjB\^Lh@XXLPBN@X?RCB?XKPKJIXQ@ARQDC??`@YRQXSPWZi@HOLW^u@FNHRDPDVUJmAhADd@Lb@?AMa@Ee@lAiATKEWEQISGO_@t@MVIN[h@QVYRSPa@X??EBSP[RKHQJYJC?SBY?OAQCYMi@Y_@M_Dm@c@Kc@MGAu@YQMKKi@g@QOUMMIUMOK_@YYa@Wg@[w@CIWe@CIKSGUQk@CIESOs@MW|@aBH[CUMSLRBTIZ}@`BLVTfABHPj@FTJRBHVd@BHZv@Vf@X`@^XNJTLLHTLPNh@f@JJPLt@XF@b@Lb@Jr@N
WF2 0GU,60,1236,Alverthorpe & Wrenthorpe Meadows LNR → Wrenthorpe Park & Alverthorpe Meadows → Silcoates School → NAV Mini Market → Alverthorpe & Wrenthorpe Meadows LNR,3,7707,1059,17min,_gufIjlhHJDlCd@n@PKqAW}DGcAg@NY?YCYMSMSSQWUe@Us@U{@W{@a@wAW}@g@f@UR??TSf@g@V|@`@vAVz@Tz@Tr@Td@PVRRRLXLXBX?f@Od@M^MTKr@Sb@Q^M^Mf@Oh@OnA_@VIVGpBm@|Ac@OxAAJEf@g@jCKf@OfAiAzHGn@Ml@a@tB[~Aq@~Cq@zBCFSn@Uj@]~@Ul@Ob@i@lAk@vAg@hAKR[v@c@pAGReAvCg@zAg@|AMZM\]v@q@fBGL_@`As@fBs@hBwBvE}BrGW~@q@`Ce@rBW|@Qh@Wb@[^q@h@eBzA_AbAc@h@cAlBCHsAeC]u@k@qAQ]qAoCIQFSn@_GTaCN{Cd@cR@MJkARuA@UFa@Dk@D]BS@U?[C[GSOa@U_@}@aBVg@Dw@?s@?GFWFMPi@HQBQ?KESAG?E?KF]DYNa@`@eAKQGO?G?Md@sA??e@rA?L?FFNJPb@iABGBADADBDHBJ?@?F_B`EELAJAL@L?B@DFHFBDFBHFLDHDHBL@LAPA|@CZAXIhAGrACXCNMPFRBZ?ZATCRE\Ej@G`@ATStAKjAALe@bROzCU`Co@~FGRHPpAnCP\j@pA\t@rAdCBIbAmBb@i@~@cAdB{Ap@i@Z_@Vc@Pi@V}@d@sBp@aCV_A|BsGvBwEr@iBr@gB^aAFMp@gB\w@L]L[f@}Af@{AdAwCFSb@qAZw@MUKK??QIQG[I@_@B]Dm@PmAT_BV{Ab@XJJNPVb@Zf@b@j@Nc@Tm@\_ATk@Ro@BGp@{Bp@_DZ_B`@uBLm@Fo@hA{HNgAJg@f@kCDg@@KNyA}Ab@qBl@WFWHoA^i@NH`APpC?p@Aj@Ef@In@I`@KZCD]bAaCk@_AWo@QmCe@KE
WF2 0GU,60,1237,Amazon DLS4 → Ossett Fire Station → Silkwood Farm → Total Fitness → Amazon DLS4,3,2488,467,7min,wktfIphmH^gBJHNJReAFUPJ@@@?@??CH_@??I^?BA?A?AAQKR_A@GVmAnB~ALo@VR\ZPaA??Q`A][WSMn@oB_BlA_GXq@J[HWn@z@zB`CLJD@D?LEDAJEF?B?HF@BDHDN@RAPEPGLIDK@OFEHEJ{AbHKd@SdAI`@Gd@Kx@CXKfAA`@?LBNBP??FTBBLDH@F@D?NIDEHILOLUFIPa@Pg@DMDMFWPo@@KNq@ViAD]DIDIHIAOAECC_@Y_Aw@~ApABB@D@NCNGNABEHGLWhAOp@AJQn@GVELELQf@Q`@GHMTMNIHEDOHEBEFEDIPANENGHWFECIIEMCOAQBQDOBCJ[BMBMBM@a@JgABYJy@Fe@Ha@ReAJe@zAcH@K?G?EAa@CQEUAMEIKU{BaCo@{@IVKZYp@mA~FWlAAFS~@GTSdAOKKI_@fB
WF2 0GU,60,1238,Ardsley House → BP Manor Service Station → Restyle Fitness → China And Thai Express → Ardsley House,3,1540,271,4min,mxzfIrfkHC@kAZcA\kB|@WPo@d@m@b@]\[`@a@j@_@l@MVf@dAOZGN_AMw@pCa@lCg@iDCQKy@]cCZNJ@Be@EA[K`@LCd@ZDZ@L?n@Al@AUp@EPw@pCa@lC[yBKo@CQKy@]cCZNJ@ZDZ@L?n@Al@AR_@LW^m@`@k@Za@\]l@c@n@e@VQjB}@bA]jA[BA
WF2 0GU,60,1239,Blue Marlin Fisheries → Sun Bo → Kylies Sandwich Bar & Custom Cakes → Mill View Stores → Blue Marlin Fisheries,3,1309,294,4min,oeufIp_jHZcAdAwCFSb@~@Zn@JSFSGEi@}@BDd@v@FDGRKR[o@c@_AGReAvCg@zAg@|AMZM\]v@q@fBGLZl@P[QZ[m@FMPg@^_A\w@L]L[f@}Af@{AdAwCFSb@~@Zn@BHRb@HTNVLVLVTfAj@Sk@RESOs@MWMWOWIUSc@CI[o@c@_AGReAvC[bA
WF2 0GU,60,1240,BP Manor Service Station → Methodist Church → Tania's Barbershop → Ardsley House → BP Manor Service Station,3,2011,254,4min,ug{fI|ukHGN_AMw@pCa@lCg@iDCQIs@AE]cCg@a@[Yk@c@WOQK]O_@Oc@pDEb@A`@Ab@?\B\FjADv@Hx@Fr@Jp@Nj@Nf@R\XZXH\FdA[x@CLiAJqAJiA`@mCv@qCDQTq@R_@LW^m@`@k@Za@\]l@c@n@e@VQjB}@bA]jA[d@Od@UZSh@e@Ta@`AaAH^YTQNSNa@Li@d@[Re@Ta@LC@kAZcA\kB|@WPo@d@m@b@]\[`@a@j@_@l@MVf@dAOZ
WF2 0GU,60,1241,Cardigan House → West Yorkshire Police Learning & Development Centre → Driver Training Area → West Yorkshire Police Bishopgarth House → Cardigan House,3,19015,974,16min,kzyfId}kHj@fCR|@vAlGtAxDbCzFbCdFbAjBb@x@bAjBnCrD|CfEjDpDxFdFfMjJzBxA`CrAtBfAtDrBtG`Dn@R~FjBlGhAdE\xDDvEOnE[hOcClImApBYzRuF^OZSPMNQNUj@{ARg@POPMLINEP@RBTLVXJXFVDVDX@\?ZAtDA|@AZA\ETW~@MZk@Va@@OCWOMOMUIOi@w@a@So@E{Lh@qAFsFj@sInAeOdCoE`@cFJwDImE]eGaAaGiBs@W_HeDkDqBuBiAcCcB}B_BqFsDiF{DkFqEoD{DaDeE}BqDmAkBc@y@wAuCoEsJuBoF_AqCo@wA_AuCqA}DOc@}BiHwAmEQa@Uu@K]MYKWGMGKGIGIGGEEMIOKc@SEAc@e@OUGQEOEQAMAOAQ?S@O@O?GDQFWFWFOFMrAuBHKFGFGHGHGJCHAH?H?H@JD^\JNFJDLDLBPBN@N@P?P?P?P?BCvA?P@P@RDRThAf@~Br@|CnB|INn@nBxIR|@x@nD\|AtAxDbCzFbCdFbAjBb@x@bAjBnCrD|CfEjDpDxFdFfMjJzBxA`CrAtBfAtDrBtG`Dn@R~FjBlGhAdE\xDDvEOnE[hOcClImApBYzRuF^OZSPMNQNUj@{ARg@POPMLINEP@RBTLVXJXFVDVDX@\?ZAtDA|@AZA\ETW~@MZk@Va@@OCWOMOMUIOi@w@a@So@E{Lh@qAFsFj@sInAeOdCoE`@cFJwDImE]eGaAaGiBs@W_HeDkDqBuBiAcCcB}B_BqFsDiF{DkFqEoD{DaDeE}BqDmAkBc@y@wAuCoEsJuBoF_AqCo@wA_AuCqA}DOc@}BiHwAmEQa@Uu@K]MYKWGMGKGIGIGGEEMIOKc@SEAc@e@OUGQEOEQAMAOAQ?S@O@O?GDQFWFWFOFMrAuBHKFGFGHGHGJCHAH?H?H@JDt@NZLPBLBR@NANCLEJGZSjAy@`A_A`AkAb@o@\Ut@gALKJ?FJJ`@BNDV?L?PG`BAP?P?P?P@RJfDi@NG_BIgCAYAOEECAEHIJKNCD@^FxBDrB@f@DRDFBB??JCJAFABG?IEmAh@OKgDAS?Q?Q?Q@QFaB?Q?MEWOIGCI?ODeCnDg@h@g@b@cAp@iB`ASJIDGHIHEHCHYlA?BCvA?P@P@RDRThAf@~Br@|CnB|IrA`G
WF2 0GU,60,1242,Carr Gate Garden Centre → Tardis → The Malt Shovel → Ardsley House → Carr Gate Garden Centre,3,8524,879,14min,}hzfIdjjHs@xAWk@[u@`@eBV{@p@m@d@SjBo@|@_@fCgApAi@pBy@HEDChAe@d@Sf@Sj@Wh@UZId@QEo@?_@BYDc@FYJa@R_@PS^YjBcAj@YPIrBkAnB_APIJf@@L?LENc@n@W`@W`@SXo@jASZ}@dBgBjD{@xAw@~@}EnHOTa@n@J`@BNDV?L?PG`BAP?P?P?P@RJfDi@NG_BIgCAYAOEECAEHIJKNCD@^FxBDrB@f@DRDF??BBJCJAFABG?IEmAh@OKgDAS?Q?Q?Q@QFaB?Q?MEWOIGCI?ODeCnDg@h@g@b@cAp@iB`ASJIDGHIHEHCHYlA?BOt@ETELEHGJcBvBGHIHIDIBIBI@K?OAEAc@e@OUGQEOEQAMAOAQ?S@O@O?GDQFWFWFOFMrAuBHKFGFGHGHGJCHAH?H?H@JDt@NZLPBLBR@NANCLEJGZSjAy@`A_A`AkAb@o@pB}CbCqDFM^_AVe@L_@FYDY@W@YAYMoAe@P[Hi@Tk@Vg@Re@RiAd@EBIDqBx@qAh@FjAaC|@MaAfCgApAi@pBy@HEDChAe@d@SBAb@Qj@Wh@UZId@QEo@?_@BYDc@FYJa@R_@PS^YjBcAj@YPIrBkAnB_APIJf@@L?LENc@n@W`@W`@SXo@jASZ}@dBgBjD{@xAw@~@}EnHOTa@n@a@h@eCnDg@h@g@b@cAp@iB`ASJIDGHIHEHCHYlA?BOt@ETELEHGJcBvBGHIHIDIBIBI@K?OAEAk@Ka@OQEOAM@OBMDOFYTQNSNa@Li@d@[Re@Ta@LC@kAZcA\kB|@WPo@d@m@b@]\[`@a@j@_@l@MVS^Up@EP~@LVk@g@eALW^m@`@k@Za@\]l@c@n@e@VQjB}@bA]jA[d@Od@UZSh@e@Ta@`AaAf@a@V]JMDIDKDQDOF]?GDQFWFWFOFMrAuBHKFGFGHGHGJCHAH?H?H@JDt@NZLPBLBR@NANCLEJGZSjAy@`A_A`AkAb@o@pB}CbCqDFM^_AVe@L_@FYDY@W@YAYMoAe@P[Hi@Tk@Vg@Re@RiAd@EBIDqBx@qAh@gCfA}@^kBn@e@Rq@l@Wz@a@dBZt@Vj@r@yA
WF2 0GU,60,1243,Carr Gate WMC → The Malt Shovel → Gardener's Retreat Restaurant → Tardis → Carr Gate WMC,3,4259,484,8min,sqyfI`riHDz@BnBk@Vc@PC@e@RiAd@EBIDqBx@qAh@gCfA}@^_Bh@KDe@Rq@l@Wz@a@dBIf@Hg@`@eBV{@p@m@d@SjBo@|@_@fCgApAi@pBy@HEDChAe@d@Sf@Sj@Wh@UZId@QEo@?_@BYDc@FYJa@R_@PS^YjBcAj@YPIrBkAnB_APIJf@@L?LENc@n@W`@W`@SXo@jASZ}@dBgBjD{@xAw@~@}EnHOTa@n@J`@BNDV?L?PG`BAP?P?P?P@RJfDi@NG_BIgCAYAOEECAEHIJKNCD@^FxBDrB@f@DRDF??BBJCJAFABG?IEmAh@OKgDAS?Q?Q?Q@QFaB?Q?MEWOIGCI?ODeCnDg@h@g@b@cAp@iB`ASJIDGHIHEHCHYlA?BOt@ETELEHGJcBvBGHIHIDIBIBI@K?OAEAc@e@OUGQEOEQAMAOAQ?S@O@O?GDQFWFWFOFMrAuBHKFGFGHGHGJCHAH?H?H@JDt@NZLPBLBR@NANCLEJGZSjAy@`A_A`AkAb@o@pB}CbCqDFM^_AVe@L_@FYDY@W@YAYMoAe@P[Hi@TCoBE{@
WF2 0GU,60,1244,Chantry Vets → Sun Bo → Kylies Sandwich Bar & Custom Cakes → Mill View Stores → Chantry Vets,3,1337,313,5min,ofufIr}iHFGHILSFHRTdAwCFSb@~@Zn@JSFSGEi@}@BDd@v@FDGRKR[o@c@_AGReAvCg@zAg@|AMZM\]v@q@fBGLZl@P[QZ[m@FMPg@^_A\w@L]L[f@}Af@{AdAwCFSb@~@Zn@BHRb@HTNVLVLVTfAj@Sk@RESOs@MWMWOWIUSc@CI[o@c@_AGReAvCSUGIMRIHGF
WF2 0GU,60,1245,China And Thai Express → BP Manor Service Station → Restyle Fitness → East Ardsley Express → China And Thai Express,3,1592,353,5min,sm{fId{kHKo@CQKy@]cCZNJ@ZDZ@L?n@Al@AR_@f@dAOZGN_AMw@pCa@lCg@iDCQKy@]cCZNJ@Be@EA[K`@LCd@KA[Og@a@[Yk@c@WOQK]O_@OoAm@UKqBe@@TJrAJpAKqAKsAAUfAVh@LTJnAl@^N\NPJVNj@b@ZXf@`@ZNJ@ZDZ@L?n@Al@AUp@EPw@pCa@lC[yB
WF2 0GU,60,1246,Conroyds Fish and Chips → The Wren Cafe → The New Pot Oil → Wrenthorpe Methodist Church → Conroyds Fish and Chips,3,1856,273,4min,uwvfIvphHy@nDEJW|@MTORYR_@LODYHI@UBc@E{B_@g@UGIn@}DL{@@AH_@Po@PJXLn@VJLf@v@T\JHDBH?FADIHSpAeFJ_@Rk@Pc@DMVq@Pc@Ds@VPt@v@PT]xAY|@o@dBUl@aAbEEJW|@MTORYR_@LODIBODI@UBc@E{B_@g@UGIY[[U}@a@FYb@eATy@Ux@O\Sf@GX|@`@ZTXZFHf@TzB^b@DTCHAXINE^MXSNSLUV}@DKx@oD
WF2 0GU,60,1247,Country Kitchen → Outwood Primary Academy Kirkhamgate → The Star Inn → Shawfold Cars → Country Kitchen,3,1686,298,4min,sowfIhfnHIHw@v@Mc@Om@]}CE]Kq@SyACK?AOkA_@qCcAf@[yAJIKHZxAbAg@^pCNlABJRxAJp@D\\|CNl@Lb@yAzAi@l@ORs@aAKMAu@F]?IOs@Nr@?HG\@t@~@nANSh@m@xA{Av@w@TSd@c@pBeANGHEb@UPI\U^Wp@k@JVDVDf@@FCz@Jj@DXEYKk@B{@Go@EWKWq@j@_@V]TQHc@TIDOFqBdAe@b@KH
WF2 0GU,60,1248,Curry Pot → Blue Marlin Fisheries → Mill View Stores → Kylies Sandwich Bar & Custom Cakes → Curry Pot,3,1206,256,4min,kaufIfviHYx@GReAvCg@zAGIWKVJFHJWZcAdAwCFSb@~@Zn@BHRb@HTNVLVLVTfAj@Sk@RESOs@MWMWOWIUSc@CI[o@c@_AGReAvCg@zAg@|AMZM\]v@q@fBGLZl@P[QZ[m@FMPg@^_A\w@L]L[f@}Af@{AdAwCFSXy@
WF2 0GU,60,1249,Cyrus Guys → St Michaels Church → R H Binks And Sons → Methodist Church → Cyrus Guys,3,1853,301,5min,io{fIjbmH@u@BoD?GBaE?U@yABw@B{@Bq@Bo@FeA@SDu@y@BeAZWTUV}@p@}@f@AI{DbAGXNfANTHFFn@Go@IGOUOgAFYtA_@dBc@@H|@g@|@q@TWVUdA[x@CLiAFy@NaBg@iDCQIs@AE]cCZNJ@ZDZ@L?n@Al@AUp@EPw@pCa@lCWzCMhAEt@ARGdACn@Cp@Cz@Cv@AxA?TC`E?FCnDAt@
WF2 0GU,60,1250,Declans → Wrenthorpe Club → The Lawrence → Wrenthorpe Academy → Declans,3,1574,261,4min,eaxfIb`hHpA`ATN\Tj@^G^I@??WQODLu@]UUO_CeB_@h@CBW^uA~BmAtBKPe@iAIUEO?O@OBSZm@DED@HNIOEAED[l@CRAN?NDNHTLZVl@JQlAuBtA_CV_@BC^i@~BdBTN\Tj@^|@n@`BpAZXj@z@Z_AXcAb@_BBIHS??IRCHc@~AYbA[~@k@{@[YaBqA}@o@k@_@]UUOqAaA
WF2 0GU,60,1251,Driver Training Area → Cardigan House → West Yorkshire Police Learning & Development Centre → West Yorkshire Police Bishopgarth House → Driver Training Area,3,27897,1369,22min,qvyfIzhlH\|AtAxDbCzFbCdFbAjBb@x@bAjBnCrD|CfEjDpDxFdFfMjJzBxA`CrAtBfAtDrBtG`Dn@R~FjBlGhAdE\xDDvEOnE[hOcClImApBYzRuF^OZSPMNQNUj@{ARg@POPMLINEP@RBTLVXJXFVDVDX@\?ZAtDA|@AZA\ETW~@MZk@Va@@OCWOMOMUIOi@w@a@So@E{Lh@qAFsFj@sInAeOdCoE`@cFJwDImE]eGaAaGiBs@W_HeDkDqBuBiAcCcB}B_BqFsDiF{DkFqEoD{DaDeE}BqDmAkBc@y@wAuCoEsJuBoF_AqCo@wA_AuCqA}DOc@}BiHwAmEQa@Uu@K]MYKWGMGKGIGIGGEEMIOKc@SEAc@e@OUGQEOEQAMAOAQ?S@O@O?GDQFWFWFOFMrAuBHKFGFGHGHGJCHAH?H?H@JD^\JNFJDLDLBPBN@N@P?P?P?P?BCvA?P@P@RDRThAf@~Br@|CnB|IrA`Gj@fCR|@vAlGtAxDbCzFbCdFbAjBb@x@bAjBnCrD|CfEjDpDxFdFfMjJzBxA`CrAtBfAtDrBtG`Dn@R~FjBlGhAdE\xDDvEOnE[hOcClImApBYzRuF^OZSPMNQNUj@{ARg@POPMLINEP@RBTLVXJXFVDVDX@\?ZAtDA|@AZA\ETW~@MZk@Va@@OCWOMOMUIOi@w@a@So@E{Lh@qAFsFj@sInAeOdCoE`@cFJwDImE]eGaAaGiBs@W_HeDkDqBuBiAcCcB}B_BqFsDiF{DkFqEoD{DaDeE}BqDmAkBc@y@wAuCoEsJuBoF_AqCo@wA_AuCqA}DOc@}BiHwAmEQa@Uu@K]MYKWGMGKGIGIGGEEMIOKc@SEAc@e@OUGQEOEQAMAOAQ?S@O@O?GDQFWFWFOFMrAuBHKFGFGHGHGJCHAH?H?H@JD^\JNFJDLDLBPBN@N@P?P?P?P?BCvA?P@P@RDRThAf@~Br@|CnB|INn@nBxIR|@vAlGtAxDbCzFbCdFbAjBb@x@bAjBnCrD|CfEjDpDxFdFfMjJzBxA`CrAtBfAtDrBtG`Dn@R~FjBlGhAdE\xDDvEOnE[hOcClImApBYzRuF^OZSPMNQNUj@{ARg@POPMLINEP@RBTLVXJXFVDVDX@\?ZAtDA|@AZA\ETW~@MZk@Va@@OCWOMOMUIOi@w@a@So@E{Lh@qAFsFj@sInAeOdCoE`@cFJwDImE]eGaAaGiBs@W_HeDkDqBuBiAcCcB}B_BqFsDiF{DkFqEoD{DaDeE}BqDmAkBc@y@wAuCoEsJuBoF_AqCo@wA_AuCqA}DOc@}BiHwAmEQa@Uu@K]MYKWGMGKGIGIGGEEMIOKc@SEAc@e@OUGQEOEQAMAOAQ?S@O@O?GDQFWFWFOFMrAuBHKFGFGHGHGJCHAH?H?H@JDt@NZLPBLBR@NANCLEJGZSjAy@`A_A`AkAb@o@\Ut@gALKJ?FJJ`@BNDV?L?PG`BAP?P?P?P@RJfDi@NG_BIgCAYAOEECAEHIJKNCD@^FxBDrB@f@DRDFBB??JCJAFABG?IEmAh@OKgDAS?Q?Q?Q@QFaB?Q?MEWOIGCI?ODeCnDg@h@g@b@cAp@iB`ASJIDGHIHEHCHYlA?BCvA?P@P@RDRThAf@~Br@|CnB|I~BhKR|@x@nD
WF2 0GU,60,1252,DVSA Wakefield Test Center → Silkwood Farm → Total Fitness → Amazon DLS4 → DVSA Wakefield Test Center,3,2654,461,7min,oetfIremH@E?C?EA_@LEBABA@CTgALo@VR\ZPaA??Q`A][WSMn@oB_BlA_GXq@J[HWn@z@zB`CLJD@D?LEDAJEF?B?HF@BDHDN@RAPEPGLIDK@OFEHEJ{AbHKd@SdAI`@Gd@Kx@CXKfAA`@?LBNBP??FTBBLDH@F@D?NIDEHILOLUFIPa@Pg@DMDMFWPo@@KNq@ViAD]DIDIHIAOAECC_@Y_Aw@~ApABB@D@NCNGNABEHGLWhAOp@AJQn@GVELELQf@Q`@GHMTMNIHEDOHEBEFEDIPANENGHWFECIIEMCOAQBQDOBCJ[BMBMBM@a@JgABYJy@Fe@Ha@ReAJe@zAcH@K?G?EAa@CQEUAMEIKU{BaCo@{@IVKZYp@mA~FWlAAFS~@GTSdAi@dCc@nBKIEEC?AC?E@Ef@cC^gBJHNJReAFUR_A@GVmAnB~AUfAABC@C@MD@^?D?BAD
WF2 0GU,60,1253,East Ardsley Community Centre → Main Street Fisheries → China And Thai Express → St Michaels Church → East Ardsley Community Centre,3,2131,434,7min,m}{fIzjkHNLpBd@TJnAl@^N\NPJVNj@b@ZXf@`@ZNJ@Be@a@M??`@LCd@ZDZ@L?n@Al@AUp@EPw@pCa@lC[yBKo@CQKy@]cCZNJ@ZDZ@L?n@Al@AUp@EPw@pCa@lCWzCMhAy@BeAZWTUV}@p@}@f@AI{DbAGXNfANTHFFn@Go@IGOUOgAFYtA_@dBc@@H|@g@|@q@TWVU]GYIY[S]Og@Ok@Kq@Gs@Iy@Ew@GkAC]?]@c@@a@Dc@b@qDoAm@UKqBe@OM
WF2 0GU,60,1254,East Ardsley Conservative Club → BP Manor Service Station → East Ardsley Express → St Michaels Church → East Ardsley Conservative Club,3,2187,466,7min,mo{fI`zkHB?d@]Ky@]cCZNJ@ZDZ@L?n@Al@AR_@f@dAOZGN_AMw@pCa@lCg@iDCQKy@]cCg@a@[Yk@c@WOQK]O_@OoAm@UKqBe@@TJrAJpAKqAKsAAUfAVh@LTJnAl@c@pDEb@A`@Ab@?\B\FjADv@Hx@Fr@Jp@Nj@Nf@R\XZXH\FWTUV}@p@}@f@AI{DbAGXNfANTHFFn@Go@IGOUOgAFYtA_@dBc@@H|@g@|@q@TWVUdA[x@CLiAV{Cg@iDCQe@\C?
WF2 0GU,60,1255,East Ardsley Express → Main Street Fisheries → China And Thai Express → The Bay Horse → East Ardsley Express,3,1427,308,5min,uz{fI`lkHh@LTJnAl@^N\NPJVNj@b@ZXf@`@ZNJ@Be@a@M??`@LCd@ZDZ@L?n@Al@AUp@EPw@pCa@lC[yBKo@CQKy@]cCZNJ@ZDZ@L?n@Al@AR_@LWQSR_AJk@BMCLKj@S~@??PRMVS^Up@EPw@pCa@lCg@iDCQKy@]cCg@a@[Yk@c@WOQK]O_@OoAm@UKi@M
WF2 0GU,60,1256,East Ardsley Luncheon Club → Main Street Fisheries → China And Thai Express → St Michaels Church → East Ardsley Luncheon Club,3,2133,448,7min,y|{fIjlkHAKAUpBd@TJnAl@^N\NPJVNj@b@ZXf@`@ZNJ@Be@a@M??`@LCd@ZDZ@L?n@Al@AUp@EPw@pCa@lC[yBKo@CQKy@]cCZNJ@ZDZ@L?n@Al@AUp@EPw@pCa@lCWzCMhAy@BeAZWTUV}@p@}@f@AI{DbAGXNfANTHFFn@Go@IGOUOgAFYtA_@dBc@@H|@g@|@q@TWVU]GYIY[S]Og@Ok@Kq@Gs@Iy@Ew@GkAC]?]@c@@a@Dc@b@qDoAm@UKqBe@@T@J
WF2 0GU,60,1257,East Ardsley Post Office → BP Manor Service Station → Main Street Fisheries → St Michaels Church → East Ardsley Post Office,3,1665,356,5min,_m{fIv`lHFw@`@mCv@qCDQTq@R_@f@dAOZGN_AMw@pCa@lCg@iDCQKy@]cCZNJ@Be@a@M??`@LCd@ZDZ@L?n@Al@AUp@EPw@pCa@lCWzCMhAy@BeAZWTUV}@p@}@f@AI{DbAGXNfANTHFFn@Go@IGOUOgAFYtA_@dBc@@H|@g@|@q@TWVUdA[x@CLiANcB
WF2 0GU,60,1258,Esso → Toyota Vantage → Total Fitness → Ramada → Esso,3,2160,416,6min,ersfIhmmHSj@QJSYHQb@iAD_@\_ABQA_@q@gAw@m@KEMGPeAHM\KHYNm@BETmADMB?BB@DYtABOTeAAECCC?ELUlACDOl@IX]JILQdAo@_@e@e@[_@SU_@m@KMEECAKCIDK@OFEHEJ{AbHKd@SdAI`@Gd@Kx@CXKfAA`@?LBNBP??FTBBLDH@F@D?NIDEHILOLUFIPa@Pg@DMDMFWPo@@KNq@ViAD]DIDIHIAOAECC_@Y_Aw@~ApABB@D@NCNGNABEHGLWhAOp@AJQn@GVELELQf@Q`@GHMTMNRbAb@eADCb@j@DHEL[bA??EBMSCCEEQWAKScAIHEDOHEBEFEDIPANEN?\?B?HBRH\DLFNVf@HN^j@VPLDD@B?B?NEzCuHPg@Rc@JS`@w@TWVk@HQb@iAHLH^GN
WF2 0GU,60,1259,Flanshaw Lodge → The Eagle → Alverthorpe Working Mens Club → GJH Commercial Vehicle Services Ltd → Flanshaw Lodge,3,2911,444,7min,u{sfIzrjHMa@Ee@lAiATKEWEQISGO_@t@MVIN[h@QVYRSPa@X??EBSPA@YPKHQJYJC?SBY?OAQCYMi@Y_@MkB]s@Oc@Kc@MGAu@YQMKKn@{DD^i@fDPLt@XF@b@Lb@J~Cl@AfD?nCAr@?lAA|C?V?XErK?H?hA?|@AjAB`AFr@BRcAb@KBSDYBYBWAeACo@A?{A?M@uBm@?M?EBCH?d@BHDDZ?[?EECI?e@BIDCL?V?T?AtB?L?zAn@@dABV@XCXCREJCbAc@CSGs@CaA@kA?}@?iA?IDsK?Y?W@}C?mA@s@?oC@gD^Lh@XXLPBN@X?RCB?XKPKJIZSRQDC??`@YRQXSPWZi@HOLW^u@FNHRDPDVUJmAhADd@L`@
WF2 0GU,60,1260,Flanshaw United Reformed Church → Alverthorpe Working Mens Club → GJH Commercial Vehicle Services Ltd → Mill View Stores → Flanshaw United Reformed Church,3,3583,526,8min,k}sfIttjHe@MMBGACGESG]EBSP[RKHQJYJC?SBY?OAQCYMi@Y_@MkB]s@Oc@Kc@MGAu@YQMKKn@{DD^i@fDPLt@XF@b@Lb@J~Cl@AfD?nCAr@?lAA|C?V?XErK?H?hA?|@AjAB`AFr@BRcAb@KBSDYBYBWAeACo@A?{A?M@uBm@?M?EBCH?d@BHDDZ?[?EECI?e@BIDCL?V?T?AtB?L?zAn@@dABV@XCXCREJCbAc@CSGs@CaA@kA?}@?iA?IDsK?Y?W@}C?mA@s@?oC@gD_Dm@c@Kc@MGAu@YQMKKi@g@QOUMMIUMOK_@YYa@Wg@[w@CIWe@CIKSGUQk@CIESOs@MW|@aBH[CUMSLRBTIZ}@`BLVTfABHPj@FTJRBHVd@BHZv@Vf@X`@^XNJTLLHTLPNh@f@JJPLt@XF@b@Lb@J~Cl@^Lh@XXLPBN@X?RCB?XKPKJIZSRQDCF\DRBFF@LCd@L
WF2 0GU,60,1261,Fusion Hair Studio → St Michaels Church → R H Binks And Sons → Methodist Church → Fusion Hair Studio,3,1840,308,5min,qn{fIv`mHUABoD?GBaE?U@yABw@B{@Bq@Bo@FeA@SDu@y@BeAZWTUV}@p@}@f@AI{DbAGXNfANTHFFn@Go@IGOUOgAFYtA_@dBc@@H|@g@|@q@TWVUdA[x@CLiAFy@NaBg@iDCQIs@AE]cCZNJ@ZDZ@L?n@Al@AUp@EPw@pCa@lCWzCMhAEt@ARGdACn@Cp@Cz@Cv@AxA?TC`E?FCnDT@
WF2 0GU,60,1262,Gardener's Retreat Restaurant → The Malt Shovel → Tardis → Carr Gate WMC → Gardener's Retreat Restaurant,3,4087,490,8min,ggzfIrbjH~Ai@|@_@fCgApAi@pBy@HEDChAe@d@SBAb@Qj@Wh@UZId@QEo@?_@BYDc@FYJa@R_@PS^YjBcAj@YPIrBkAnB_APIJf@@L?LENc@n@W`@W`@SXo@jASZ}@dBgBjD{@xAw@~@}EnHOTa@n@J`@BNDV?L?PG`BAP?P?P?P@RJfDi@NG_BIgCAYAOEECAEHIJKNCD@^FxBDrB@f@DRDF??BBJCJAFABG?IEmAh@OKgDAS?Q?Q?Q@QFaB?Q?MEWOIGCI?ODeCnDg@h@g@b@cAp@iB`ASJIDGHIHEHCHYlA?BOt@ETELEHGJcBvBGHIHIDIBIBI@K?OAEAc@e@OUGQEOEQAMAOAQ?S@O@O?GDQFWFWFOFMrAuBHKFGFGHGHGJCHAH?H?H@JDt@NZLPBLBR@NANCLEJGZSjAy@`A_A`AkAb@o@pB}CbCqDFM^_AVe@L_@FYDY@W@YAYMoAe@P[Hi@TCoBGmAq@LJr@Ks@p@M@PDz@BnBk@Vg@Re@RiAd@EBIDqBx@qAh@gCfA}@^_Bh@
WF2 0GU,60,1263,GJH Commercial Vehicle Services Ltd → Alverthorpe Working Mens Club → Ossett Fire Station → Amazon DLS4 → GJH Commercial Vehicle Services Ltd,3,3140,486,8min,wrtfIvykHT?AtB?L?zAn@@dABV@XCXCREJCbAc@CSGs@CaA@kA?}@?iA?IDsK?Y?W@}C?mA@s@?oC@gDkB]s@Oc@Kc@MGAu@YQMKKn@{DD^i@fDPLt@XF@b@Lb@J~Cl@AfD?nCAr@?lAA|C?V?XErK?H?hA?|@AjAB`AFr@BR^jBLl@JdAFrAJ`BVtAV`AVj@Rb@IVKZYp@mA~FWlAAFS~@PJ@@@?@??CH_@??I^?BA?A?AAQKGTSdAi@dCc@nBKIEEC?AC?E@Ef@cC^gBJHNJReAFUR_A@GVmAlA_GXq@J[HWSc@Wk@WaAWuAKaBGsAKeAMm@_@kBcAb@KBSDYBYBWAeACo@A?{A?M@uBU?
WF2 0GU,60,1264,Hall Cliffe Primary School → Wrenthorpe Potovens → Jerry Clay Academy → The Well Church (Elim Pentecostal) → Hall Cliffe Primary School,3,4753,496,8min,ayvfIrpiHYC[YM??iB?u@?e@CoACq@Ee@Mg@Mm@Gi@Ci@CSEkBODYHI@UBc@E{B_@g@UGIY[[U}@a@GC}@a@]OQIOOcAaBS[e@s@]g@u@kAk@{@[YaBqA}@o@k@_@]UUO_CeB_@h@CBW^uA~BmAtBKPq@hAGHq@jAaAdBSb@oBxD_AhBcA|AKLCDu@~@}@|@a@XCB_@RJf@@L?LENc@n@W`@fAxEf@|BVjAXt@DJTf@hA`CN`@HRDP@VC^Gb@Id@Mt@IhAE`BBt@LpAb@nDB\^lE^fEHjA\zAlApDbCtIjOi]xHgQjFuL`@aATk@DKDKRc@`@y@Pe@JU^y@`BoD\w@Zu@LYFIFGXSDCRQFEf@g@Mm@Gi@G}@EkBODYHI@UBc@EMNWNINKZI\ITi@XMNEPG^EZOEQCG?USMOReADUj@cDf@TzB^b@DTCHAXINEDjBF|@Fh@Ll@Lf@Dd@Bp@BnA?d@?t@?hBL?ZXXB
WF2 0GU,60,1265,Highfield School → Ossett WMC → West Ardsley Methodist Church → The Star Inn → Highfield School,3,16252,1429,23min,}wvfIbusHDb@Jf@Lv@Pp@Pn@L`@HVBD@J@PBP?V@`@?\?jBAdA?v@BZJVt@|Bb@xBJp@XfBLp@J\Rr@Rf@Td@FLPRPLh@\HHLJVk@NUXa@hA[rA_@RGz@Uh@MdAWTbAHVHJJDP@ZCXG\GZKZMZYTUhBoB`@YlA{@b@UdCuAh@@VPJKTSBC\]`@u@`AeCLm@Pu@ZwAPy@b@kBPq@j@cCJ]XeAJ[XcAT_AjBkGFQ|@{CVmAJe@l@iCVeAJq@H{@Do@Du@?e@?M?}@EgACq@QoFBsAJ}E@e@@gAF}B@_@@UD_ADuATcGLoCFwADiAXqGBYT_EJ_CJmF?i@AWAOKYUq@U_@mAqAc@OQAQ?_@LURW\O\Mj@I|@Bx@Dd@SRq@\{@Pa@?c@CsAKaBKw@IIKEQCIA_ACg@Q_BgAoI}@cIEy@SqEGo@Kk@Ou@Uq@Qk@Kc@Eg@Em@Co@Ea@Oo@Oq@Ww@Qk@Ss@WwAYgBOcAGm@C[AM@u@?o@Cw@CsAG}AGo@G_@MWWSQIQGCA_@K[Ua@_@y@_AmAmA_A_AcAqAk@q@m@s@{@u@}@u@qBoBuAuAY][hA_@pAeAlCsAdCQ\cBdDw@lB]t@{@bCaB`E_@z@S\OXYb@i@r@QRq@j@_@V]TQHc@TIDOFqBdAe@b@URw@v@yAzAi@l@OR_@f@SX{BfD]r@Wn@Of@u@`DSt@Sj@Yf@YVYNE@kANmAPO@S?[Ee@IC?Y@]F]HQL]Xa@l@Uf@Od@Qt@Mv@i@vEKl@K\SRe@XyA~@s@p@c@n@Wp@Sv@SlAo@bFYrB_AvDuA~Du@|BCF}@xCc@bBUbAUlA]fB[bAYp@k@|@s@v@oBdBKH_@`@S\Sl@YfA_@hBWhAIX[z@GNe@c@o@_@gAe@NaB|@h@PBJMKLA?OC}@i@O`BfAd@n@^d@b@FOZ{@HYViA^iBXgARm@R]^a@JInBeBr@w@j@}@Xq@ZcA\gBTmATcAb@cB|@yCBGt@}BtA_E~@wDXsBn@cFRmARw@Vq@b@o@r@q@xA_Ad@YRSJ]Jm@h@wELw@Pu@Ne@Tg@`@m@\YPM\I\GXAB?d@HZDR?NAlAQjAODAXOXWXg@Rk@Ru@t@aDNg@Vo@\s@zBgDRY^g@s@aAKMAu@F]?IOs@Nr@?HG\@t@~@nANSh@m@xA{Av@w@TSd@c@pBeANGHEb@UPI\U^Wp@k@PSh@s@Xc@NYR]^{@`BaEz@cC\u@v@mBbBeDP]rAeCdAmC^qAZiAX\tAtApBnB|@t@z@t@l@r@j@p@bApA~@~@lAlAx@~@`@^ZT^JB@PFPHVRLVF^Fn@F|ABrABv@?n@At@@LBZFl@NbAXfBVvARr@Pj@Vv@Np@Nn@D`@Bn@Dl@Df@Jb@Pj@Tp@Nt@Jj@Fn@RpEDx@|@bIfAnIP~ABf@@~@BHDPHJv@H`BJrAJb@B`@?z@Qp@]RSEe@Cy@H}@Lk@N]V]TS^MP?P@b@NlApATRz@XAf@EzAMdEKr@K~BU~DCXYpGEhAGvAMnCUbGEtAE~@ATA^G|BAfAAd@K|ECrAPnFHxB?|@?L?d@Et@En@Iz@Kp@WdAm@hCKd@WlA}@zCGPkBjGU~@YbAKZYdAK\k@bCQp@c@jBQx@[vAQt@Ml@aAdCa@t@]\CBURKJWQi@AeCtAc@TmAz@a@XiBnBUT[X[L[J]FYF[BQAKEIKIWUcAeAVi@L{@TSFsA^iAZY`@OTWj@MKIIi@]QMQSGMUe@Sg@Ss@K]Mq@YgBKq@c@yBu@}BKWC[?w@@eA?kB?]Aa@?WCQAQAKCEIWMa@Qo@Qq@Mw@Kg@Ec@
WF2 0GU,60,1266,Hill Top Primary Academy → West Ardsley Book Exchange → West Ardsley Methodist Church → The Mens Room → Hill Top Primary Academy,3,8357,936,15min,clzfIn}rHNTn@bAFHJ@H@D@RZRi@x@}Bn@}Al@eBFOdFcNe@c@o@_@gAe@qBw@qBy@{Aq@QGmEiBk@Sk@SBWDS@S?Q?S@OLaBM`BAN?R?PARERCVTHTHj@RlEhBPFzAp@pBx@pBv@NaB|@h@PBJMKLA?OC}@i@O`BqBw@qBy@{Aq@QGmEiBk@Sk@S{Ai@{@Wo@Uu@e@e@[CC]YuAoAkAaAs@i@gAaAGE[Wk@a@cDgCu@g@SGQEc@IKAeBS_@Go@OsB]SEQA?m@AaAA]E{@IaAKiBQ_CE}@AQAQIsAIqAAWMoBGaAIaAUeBYwB]oCe@uBi@mCMs@Gk@u@oH]mDOuAY{BIk@CSIs@OuA_AmHKcAKu@Ic@Rg@P]V_@V_@NMVU~@i@\Qn@UVIj@MZGn@StAq@fBy@\Q`@Sp@]z@g@vBoAh@a@XYP_@DIP}@De@FkABgA@m@zAHHAFEDGDMBSBaClALFDFHBJ@H?FALEJEDIDoA^CRELEFGDI@{AIEtBGjAEd@Q|@EHQ^YXi@`@wBnA{@f@q@\a@R]PgBx@uAp@o@R[Fk@LWHo@T]P_Ah@WTOLW^W^Q\Sf@Hb@Jt@JbA~@lHNtAHr@BRHj@XzBNtA\lDt@nHFj@Lr@h@lCd@tB\nCXvBTdBH`AF`ALnB@VHpAHrA@P@PD|@P~BJhBH`ADz@@\@`A?l@P@RDrB\n@N^FdBRJ@b@HPDRFt@f@bDfCj@`@ZVFDfA`Ar@h@jA`AtAnA\XBBd@Zt@d@n@Tz@VzAh@j@Rj@RlEhBPFzAp@pBx@pBv@fAd@n@^d@b@eFbNGNm@dBo@|Ay@|BSh@S[EAIAKAGIo@cAOU
WF2 0GU,60,1267,Holiday Inn → Shell Select → Ramada → Total Fitness → Holiday Inn,3,2308,396,6min,gpsfItwmH|@`@ENGPc@l@KNKPEBEJs@`A]aAEIQm@q@_CYoAG[?K@QJS`@w@@[Ea@BS@CHU@C??RATZb@iAD_@\_ABQA_@q@gAw@m@KEMGo@_@e@e@[_@SU_@m@KMEECAKCIDK@OFEHEJ{AbHKd@SdAI`@Gd@Kx@CXKfAA`@?LBNBP??FTBBLDH@F@D?NIDEHIRbAb@eADCb@j@DHEL[bA??EBMSCCEEQWAKScALOLUFIPa@Pg@DMDMFWPo@@KNq@ViAD]DIDIHIAOAECC_@Y_Aw@~ApABB@D@NCNGNABEHGLWhAOp@AJQn@GVELELQf@Q`@GHMTMNIHEDOHEBEFEDIPANEN?\?B?HBRH\DLFNVf@HN^j@VPLDD@B?B?NEzCuHRMVCXnAp@~BPl@DHZi@DCHDZRNFDCJQJOb@m@FQDO}@a@
WF2 0GU,60,1268,Hong Kong Vegan → Wrenthorpe Academy → Spot on Dog Grooming → The Wheel → Hong Kong Vegan,3,1540,201,3min,wowfIdngHe@Tq@^c@Xu@f@E@eBbAo@`@m@d@s@v@s@~@wBzC~BdBTN\Tj@^|@n@`BpAZXj@z@Z_AXcAb@_BBIHS??IRCHc@~AYbA[~@k@{@[YaBqACAy@m@k@_@]UUO_CeBfA{An@_Ar@_Ar@w@l@e@n@a@dBcADAt@g@b@Yp@_@d@U
WF2 0GU,60,1269,JB's Cafe & Bistro → Ossett Flushdyke Junior and Infant School → Spring Mill Golf Course → Ramada → JB's Cafe & Bistro,3,10890,1053,17min,{gtfIl}oHGVIz@I?IM?yAWBGDI?GAIGUq@U_@mAqAc@OQAQ?_@LURW\O\Mj@I|@Bx@Dd@X`@RLRAPGLQJUlA{DJa@p@sBt@aBzDkIFMP_@VaADg@?c@A]E[G]Ia@IOGYG]A[AW?W@wD@y@@[@YD]H[Rg@POPMLINEP@RBTLVXJXFVDVDX@\?ZAtDA|@AZA\ETW~@MZa@fAcAxBkAjCkDhHq@zAq@nBy@bDWvAAFW|AQ`BQjBGlAIdCEvCGnEQnLIdCSvC_@|De@vCg@tBs@dCqAvCwL`SwBhDmDxF{AhCiBbD{@lBoB`Fq@xBe@xBg@xCYpCKzAG`BChCD|BRlDXrCj@`Ev@bDr@tCLRLHP@HCVAJ@FBFFFJFVBLFf@@H?PAPEPELIHGDGBk@EEAGEGGEKEMCS?U?]UmAaAmDq@cDm@eE[sCSoDCu@AiA@kCDcBJ}AToCd@_Dh@qBp@cCvBuFx@kBbBkDrAgChHiL`H}KnCoErAyCr@uBj@wBf@uCd@uDRuCHoCNkLDwBFwFAi@BoANgCDu@?c@A[ESCOM_@Oe@G[Gc@Ee@Cy@H}@Lk@N]V]TS^MP?P@b@NlApATRz@XAf@EzAMdEKr@K~BxBdA\M^q@h@y@fAmAn@k@RWf@u@hCcDHKHEH@H@JDHHFJDNh@|BVjAFVFPVf@`A|AJB@?NGDGDGXm@Pa@JQHEHKj@u@`@o@BGhA{BP[ZWDCDCNE^KLARMz@s@TWDEDMBAt@c@ZKUyA[eCcBkM{@qECOkAgFYaA{@_DK]sCoHk@}ASi@]aAEIQm@q@_CYoAG[?K@QJS`@w@TWVk@HQb@iAD_@\_ABQA_@q@gAw@m@KEMGo@_@e@e@[_@SU_@m@KMEECAKCIDK@OFEHEJ{AbHKd@SdAI`@Gd@Kx@CXKfAA`@?LBNBP??FTBBLDH@F@D?NIDEHIRbAb@eADCb@j@DHEL[bA??EBMSCCEEQWAKScAIHEDOHEBEFEDIPANEN?\?B?HBRH\DLFNVf@HN^j@b@p@BBDHBDDJ@N@PAN[x@Yz@K`@E\C\?b@B\Db@Jp@JXFVDVDX@\?ZAtDA|@AZA\ETW~@MZa@fAcAxBkAjCuBjFIn@GfAGlAA\CbBAf@EzA\EHLH?H{@FW
WF2 0GU,60,1270,Jerry Clay Academy → Hall Cliffe Primary School → The Well Church (Elim Pentecostal) → Sunnyhill Stores → Jerry Clay Academy,3,2691,363,6min,_iwfIlwiHDKDKRc@`@y@Pe@JU^y@`BoD\w@Zu@LYFIFGXSDCRQFEf@g@Lf@Dd@Bp@BnA?d@?t@?hBL?ZXXB@?[C[YM??iB?u@?e@CoACq@Ee@Mg@Mm@Gi@G}@EkBODYHI@UBc@EMNWNINKZI\ITi@XMNEPG^EZOEQCG?USMOReADUj@cDf@TzB^b@DTCHAXINEDjBF|@Fh@Ll@Lf@Dd@Bp@BnA?d@?t@?hB?rB?zA?HDzCDdFBzA@T@hAFlF_@PO@EDCFCLBMBGDENA??^QGmFAiAAUC{AEeFE{C?I?{A?sB?iB?u@?e@CoACq@Ee@Mg@g@f@GDSPEBYRGFGHMX[t@]v@aBnD_@x@KTQd@a@x@Sb@EJEJ
WF2 0GU,60,1271,Kirkhamgate Fisheries → Village Stores → Outwood Primary Academy Kirkhamgate → The Star Inn → Kirkhamgate Fisheries,3,1735,315,5min,{cwfIn`nHAQEWKWq@j@_@V]TQHc@TIDOFqBdA_@wBm@\OH|@g@^vBe@b@URw@v@Mc@Om@]}CE]Kq@SyACK?AOkA_@qCcAf@[yAJIKHZxAbAg@^pCNlABJRxAJp@D\\|CNl@Lb@yAzAi@l@ORs@aAKMAu@F]?IOs@Nr@?HG\@t@~@nANSh@m@xA{Av@w@TSd@c@pBeANGHEb@UPI\U^Wp@k@JVDV@P
WF2 0GU,60,1272,Kirkhamgate Village Hall → The Star Inn → Outwood Primary Academy Kirkhamgate → Shawfold Cars → Kirkhamgate Village Hall,3,1831,321,5min,iswfIdbnHTrBNl@Lb@yAzAi@l@ORs@aAKMAu@F]?IOs@Nr@?HG\@t@~@nANSh@m@xA{AMc@Om@]}CE]Kq@SyACK?AOkA_@qCcAf@[yAJIKHZxAbAg@^pCNlABJRxAJp@D\\|CNl@Lb@v@w@TSd@c@pBeANGHEb@UPI\U^Wp@k@JVDVDf@@FCz@Jj@DXEYKk@B{@Go@EWKWq@j@_@V]TQHc@TIDOFqBdAe@b@URw@v@Mc@Om@UsB
WF2 0GU,60,1273,"Kirkhamgate Village Hall, Brandy Carr Road → Outwood Primary Academy Kirkhamgate → The Star Inn → Shawfold Cars → Kirkhamgate Village Hall, Brandy Carr Road",3,1686,298,4min,qswfI`anH?EE]Kq@SyACK?AOkA_@qCcAf@[yAJIKHZxAbAg@^pCNlABJRxAJp@D\\|CNl@Lb@yAzAi@l@ORs@aAKMAu@F]?IOs@Nr@?HG\@t@~@nANSh@m@xA{Av@w@TSd@c@pBeANGHEb@UPI\U^Wp@k@JVDVDf@@FCz@Jj@DXEYKk@B{@Go@EWKWq@j@_@V]TQHc@TIDOFqBdAe@b@URw@v@Mc@Om@]wC
WF2 0GU,60,1274,Kowloon → Alverthorpe Garage → Mill View Stores → Sun Bo → Kowloon,3,1187,267,4min,ajufIbijHb@iA\w@L]L[f@}Af@{AdAwCFSb@~@Zn@BH}AlCu@rAIHO@]I\HNAHIP[b@w@|AmCRb@HTNVLVLVTfAj@Sk@RESOs@MWMWOWIUSc@CIJSFSGEi@}@BDd@v@FDGRKR[o@c@_AGReAvCg@zAg@|AMZM\]v@c@hA
WF2 0GU,60,1275,Kylies Sandwich Bar & Custom Cakes → Alverthorpe Garage → Mill View Stores → Sun Bo → Kylies Sandwich Bar & Custom Cakes,3,1179,266,4min,}iufIxhjH^_A\w@L]L[f@}Af@{AdAwCFSb@~@Zn@BH}AlCu@rAIHO@]I\HNAHIP[b@w@|AmCRb@HTNVLVLVTfAj@Sk@RESOs@MWMWOWIUSc@CIJSFSGEi@}@BDd@v@FDGRKR[o@c@_AGReAvCg@zAg@|AMZM\]v@_@~@
WF2 0GU,60,1276,Lindale Methodist Church → The Star Inn → Outwood Primary Academy Kirkhamgate → Shawfold Cars → Lindale Methodist Church,3,1801,318,5min,aswfIncnHLhANl@Lb@yAzAi@l@ORs@aAKMAu@F]?IOs@Nr@?HG\@t@~@nANSh@m@xA{AMc@Om@]}CE]Kq@SyACK?AOkA_@qCcAf@[yAJIKHZxAbAg@^pCNlABJRxAJp@D\\|CNl@Lb@v@w@TSd@c@pBeANGHEb@UPI\U^Wp@k@JVDVDf@@FCz@Jj@DXEYKk@B{@Go@EWKWq@j@_@V]TQHc@TIDOFqBdAe@b@URw@v@Mc@Om@MiA
WF2 0GU,60,1277,Lofthouse Colliery Disaster Memorial → Sunnyhill Stores → Low Laithes Golf Course → Alverthorpe St Paul's CofE (VA) School → Lofthouse Colliery Disaster Memorial,3,8486,1128,18min,_hvfIr~kHVu@sAeC]u@k@qAQ]qAoCIQ{@eBQi@GUkCgKyAsFIc@Ec@Ee@CcA_@PO@EDCFCLBMBGDENA??^QBbADd@Db@Hb@xArFjCfKFTPh@z@dBHPpAnCP\j@pA\t@rAdCBIbAmBb@i@~@cAdB{Ap@i@Z_@Vc@Pi@V}@d@sBp@aCV_A|BsGvBwEr@iBr@gB^aAFMp@gB\w@L]L[f@}Af@{AdAwCFSb@~@Zn@BHRb@HTNVLVLVTfABHPj@FTJRBHVd@BHZv@Vf@X`@^XNJTLLHTLPNh@f@JJPLt@XF@b@Lb@J~Cl@AfD?nCAr@?lAA|C?V?XErK?H?hA?|@AjAB`AFr@BR^jBLl@JdAFrAJ`BVtAV`AVj@Rb@IVKZYp@mA~FWlAAFS~@GTSdAi@dCc@nB_A|EILKBMEY]qAeAUGIEKGGIGQAKAO?MHwBHwB@a@?OJwDBa@PuBJmADOFIL?DBNNRRZZ@FAPEFCDy@xDGFE?KIECk@fDA`@BT@PCp@?`@EbB?F@XBLHVLLPTpAdAZNLDH@HE~@}Eb@oBh@eCReAFUR_A@GVmAlA_GXq@J[HWSc@Wk@WaAWuAKaBGsAKeAMm@_@kBCSGs@CaA@kA?}@?iA?IDsK?Y?W@}C?mA@s@?oC@gD_Dm@c@Kc@MGAu@YQMKKi@g@QOUMMIUMOK_@YYa@Wg@[w@CIWe@CIKSGUQk@CIUgAMWMWOWIUSc@CI[o@c@_Ab@qAZw@MUKKQIQG[IQCSGMEQKY[g@g@SWy@oAGEKCQl@c@`AEd@Er@ETIVKXERGTEX@\Ap@AXGVILDZBV?R@RGd@A\CTCB??C?B?BCBU@]Fe@AS?SCWE[HMFW@Y@q@A]DYFUDSJYHWDUDs@De@b@aAPm@JBFDx@nARVf@f@XZPJLDRFPBZHPFPHJJLT[v@c@pAGReAvCg@zAg@|AMZM\]v@q@fBGL_@`As@fBs@hBwBvE}BrGW~@q@`Ce@rBW|@Qh@Wb@[^q@h@eBzA_AbAc@h@cAlBCHWt@
WF2 0GU,60,1278,Low Laithes Golf Course → Amazon DLS4 → Ossett Fire Station → GJH Commercial Vehicle Services Ltd → Low Laithes Golf Course,3,2773,583,9min,cttfI|emHJwDBa@PuBJmADOFIL?DBNNRRZZ@FAPEFCDy@xDGFE?KIECk@fDA`@BT@PCp@?`@EbB?FnC~BDFFBLGDIr@gDBCAC?E@Ef@cC^gBJHNJReAFUPJ@@@?@??CH_@??I^?BA?A?AAQKR_A@GVmAlA_GXq@J[HWSc@Wk@WaAWuAKaBGsAKeAMm@_@kBcAb@KBSDYBYBWAeACo@A?{A?M@uBm@?M?EBCH?d@BHDDZ?[?EECI?e@BIDCL?V?T?AtB?L?zAn@@dABV@XCXCREJCbAc@^jBLl@JdAFrAJ`BVtAV`AVj@Rb@IVKZYp@mA~FWlAAFS~@GTSdAi@dCc@nB_A|EILKBMEY]qAeAUGIEKGGIGQAKAO?MHwBHwB@a@?O
WF2 0GU,60,1279,Main Street Fisheries → China And Thai Express → The Bay Horse → East Ardsley Express → Main Street Fisheries,3,1637,363,6min,co{fIbrkH`@LCd@ZDZ@L?n@Al@AUp@EPw@pCa@lC[yBKo@CQKy@]cCZNJ@ZDZ@L?n@Al@AR_@LWQSR_AJk@BMCLKj@S~@??PRMVS^Up@EPw@pCa@lCg@iDCQKy@]cCg@a@[Yk@c@WOQK]O_@OoAm@UKqBe@@TJrAJpAKqAKsAAUfAVh@LTJnAl@^N\NPJVNj@b@ZXf@`@ZNJ@Be@a@M
WF2 0GU,60,1280,Methodist Church → BP Manor Service Station → Tania's Barbershop → East Ardsley Express → Methodist Church,3,1681,308,5min,mn{fInwkHAE]cCZNJ@ZDZ@L?n@Al@AR_@f@dAOZGN_AMw@pCa@lCKhAKpAMhAy@BeAZ]GYIY[S]Og@Ok@Kq@Gs@Iy@Ew@GkAC]?]@c@@a@Dc@b@qDoAm@UKqBe@@TJrAJpAKqAKsAAUfAVh@LTJnAl@^N\NPJVNj@b@ZXf@`@ZNJ@ZDZ@L?n@Al@AUp@EPw@pCa@lCg@iDCQIs@
WF2 0GU,60,1281,Mill View Stores → Sun Bo → Alverthorpe Garage → Kylies Sandwich Bar & Custom Cakes → Mill View Stores,3,1239,281,4min,g}tfIpajHOs@MWMWOWIUSc@CIJSFSGEi@}@BDd@v@FDGRKRBH}AlCu@rAIHO@]I\HNAHIP[b@w@|AmCCI[o@c@_AGReAvCg@zAg@|AMZM\]v@q@fBGLZl@P[QZ[m@FMPg@^_A\w@L]L[f@}Af@{AdAwCFSb@~@Zn@BHRb@HTNVLVLVNr@
WF2 0GU,60,1282,NAV Mini Market → Phoenix Young People's Centre → Mill View Stores → Pizza Ferrara → NAV Mini Market,3,1173,261,4min,_aufItriHJJLT[v@c@pAGReAvCg@zAGIWKVJFHf@{An@eBTq@FSb@~@Zn@BHRb@HTNVLVLVTfAj@Sk@RESOs@MWMWOWIUSc@CI[o@c@_AGReAvCg@zAg@|AMZM\Nl@Rz@S{@Om@L]L[FS^iAf@{AdAwCFSb@qAZw@MUKK
WF2 0GU,60,1283,NPAS 31 - Carr Gate → West Yorkshire Police Learning & Development Centre → Driver Training Area → West Yorkshire Police Bishopgarth House → NPAS 31 - Carr Gate,3,10221,589,9min,isyfIb{jHIaCKgDAS?Q?Q?Q@QFaB?Q?MEWOIGCI?ODeCnDg@h@g@b@cAp@iB`ASJIDGHIHEHCHYlA?BCvA?P@P@RDRThAf@~Br@|CnB|INn@nBxIR|@x@nD\|AtAxDbCzFbCdFbAjBb@x@bAjBnCrD|CfEjDpDxFdFfMjJzBxA`CrAtBfAtDrBtG`Dn@R~FjBlGhAdE\xDDvEOnE[hOcClImApBYzRuF^OZSPMNQNUj@{ARg@POPMLINEP@RBTLVXJXFVDVDX@\?ZAtDA|@AZA\ETW~@MZk@Va@@OCWOMOMUIOi@w@a@So@E{Lh@qAFsFj@sInAeOdCoE`@cFJwDImE]eGaAaGiBs@W_HeDkDqBuBiAcCcB}B_BqFsDiF{DkFqEoD{DaDeE}BqDmAkBc@y@wAuCoEsJuBoF_AqCo@wA_AuCqA}DOc@}BiHwAmEQa@Uu@K]MYKWGMGKGIGIGGEEMIOKc@SEAc@e@OUGQEOEQAMAOAQ?S@O@O?GDQFWFWFOFMrAuBHKFGFGHGHGJCHAH?H?H@JDt@NZLPBLBR@NANCLEJGZSjAy@`A_A`AkAb@o@\Ut@gALKJ?FJJ`@BNDV?L?PG`BAP?P?P?P@RJfDi@NG_BIgCAYAOEECAEHIJKNCD@^FxBDrB@f@DRDFBB??JCJAFABG?IEmAh@OH`C
WF2 0GU,60,1284,One Stop Coffee Shop → Main Street Fisheries → China And Thai Express → St Michaels Church → One Stop Coffee Shop,3,2135,449,7min,y|{fIllkHAMAUpBd@TJnAl@^N\NPJVNj@b@ZXf@`@ZNJ@Be@a@M??`@LCd@ZDZ@L?n@Al@AUp@EPw@pCa@lC[yBKo@CQKy@]cCZNJ@ZDZ@L?n@Al@AUp@EPw@pCa@lCWzCMhAy@BeAZWTUV}@p@}@f@AI{DbAGXNfANTHFFn@Go@IGOUOgAFYtA_@dBc@@H|@g@|@q@TWVU]GYIY[S]Og@Ok@Kq@Gs@Iy@Ew@GkAC]?]@c@@a@Dc@b@qDoAm@UKqBe@@T@L
WF2 0GU,60,1285,Oriental Chef → The Star Inn → Outwood Primary Academy Kirkhamgate → Shawfold Cars → Oriental Chef,3,1761,315,5min,urwfIhenH@NNl@Lb@yAzAi@l@ORs@aAKMAu@F]?IOs@Nr@?HG\@t@~@nANSh@m@xA{AMc@Om@]}CE]Kq@SyACK?AOkA_@qCcAf@[yAJIKHZxAbAg@^pCNlABJRxAJp@D\\|CNl@Lb@v@w@TSd@c@pBeANGHEb@UPI\U^Wp@k@JVDVDf@@FCz@Jj@DXEYKk@B{@Go@EWKWq@j@_@V]TQHc@TIDOFqBdAe@b@URw@v@Mc@Om@AO
WF2 0GU,60,1286,Ossett Fire Station → Silkwood Farm → Amazon DLS4 → Total Fitness → Ossett Fire Station,3,2703,475,7min,}gtfIlbmHI^?BA?A?AAQKR_A@GVmAnB~ALo@VR\ZPaA??Q`A][WSMn@oB_BWlAAFS~@GTSdAi@dCc@nBKIEEC?AC?E@Ef@cC^gBJHNJReAFUR_A@GVmAlA_GXq@J[HWn@z@zB`CLJD@D?LEDAJEF?B?HF@BDHDN@RAPEPGLIDK@OFEHEJ{AbHKd@SdAI`@Gd@Kx@CXKfAA`@?LBNBP??FTBBLDH@F@D?NIDEHILOLUFIPa@Pg@DMDMFWPo@@KNq@ViAD]DIDIHIAOAECC_@Y_Aw@~ApABB@D@NCNGNABEHGLWhAOp@AJQn@GVELELQf@Q`@GHMTMNIHEDOHEBEFEDIPANENGHWFECIIEMCOAQBQDOBCJ[BMBMBM@a@JgABYJy@Fe@Ha@ReAJe@zAcH@K?G?EAa@CQEUAMEIKU{BaCo@{@IVKZYp@mA~FWlAAFS~@PJ@@@?@??CH_@
WF2 0GU,60,1287,Ossett Flushdyke Junior and Infant School → JB's Cafe & Bistro → Spring Mill Golf Course → Ossett WMC → Ossett Flushdyke Junior and Infant School,3,11235,1055,17min,eptfIzapHW|AQ`BQjBGlAIdCEvCGnEQnLIdCSvC_@|De@vCg@tBs@dCqAvCwL`SwBhDmDxF{AhCiBbD{@lBoB`Fq@xBe@xBg@xCYpCKzAG`BChCD|BRlDXrCj@`Ev@bDr@tCLRLHP@HCVAJ@FBFFFJFVBLFf@@H?PAPEPELIHGDGBk@EEAGEGGEKEMCS?U?]UmAaAmDq@cDm@eE[sCSoDCu@AiA@kCDcBJ}AToCd@_Dh@qBp@cCvBuFx@kBbBkDrAgChHiL`H}KnCoErAyCr@uBj@wBf@uCd@uDRuCHoCNkLDwBFwFAi@BoANgCDu@?c@A[ESCOM_@Oe@G[Gc@Ee@Cy@H}@Lk@N]V]TS^MP?P@b@NlApATRz@XAf@EzA\EHLH?H{@FWJg@@qBEGa@D]?CbBAf@EzAMdEKr@K~BxBdA\M^q@h@y@fAmAn@k@RWf@u@hCcDHKHEH@H@JDHHFJDNh@|BVjAFVFPVf@`A|AJB@?NGDGDGXm@Pa@JQHEHKj@u@`@o@BGhA{BP[ZWDCDCNE^KLARMz@s@TWDEDMBAt@c@ZK^lCTtAYRWf@MfBAVOfASbA{ArDYr@[fAy@dDaBzHCLIf@_BhHg@~BOrAUpBIp@ANKbAADG`B?|CZtCH^b@rB\xAdA`D@BFVLh@PfALpAFvBm@Ek@HOD_@TGDQNCFIT[z@g@|AOb@ETK`@Ij@Gh@eA_@y@a@oA{@GEGEMI}@o@a@Yg@e@KI}AuASQOO{AkAa@[GEmAs@OIqAcAcAc@H{@Do@Du@?e@?M?}@EgACq@QoFBsAJ}E@e@@gAF}B@_@@UD_ADuATcGLoCFwADiAXqGBYT_EJ_CJmF?i@AWAOKYUq@U_@mAqAc@OQAQ?_@LURW\O\Mj@I|@Bx@Dd@X`@RLRAPGLQJUlA{DJa@p@sBt@aBzDkIFMP_@VaADg@?c@A]E[G]Ia@IOGYG]A[AW?W@wD@y@@[@YD]H[Rg@POPMLINEP@RBTLVXJXFVDVDX@\?ZAtDA|@AZA\ETW~@MZa@fAcAxBkAjCkDhHq@zAq@nBy@bDWvAAF
WF2 0GU,60,1288,Ossett WMC → Ossett Flushdyke Junior and Infant School → JB's Cafe & Bistro → Spring Mill Golf Course → Ossett WMC,3,11235,1055,17min,aotfI`mrHCq@QoFBsAJ}E@e@@gAF}B@_@@UD_ADuATcGLoCFwADiAXqGBYT_EJ_CJmF?i@AWAOKYUq@U_@mAqAc@OQAQ?_@LURW\O\Mj@I|@Bx@Dd@X`@RLRAPGLQJUlA{DJa@p@sBt@aBzDkIFMP_@VaADg@?c@A]E[G]Ia@IOGYG]A[AW?W@wD@y@@[@YD]H[Rg@POPMLINEP@RBTLVXJXFVDVDX@\?ZAtDA|@AZA\ETW~@MZa@fAcAxBkAjCkDhHq@zAq@nBy@bDWvAAFW|AQ`BQjBGlAIdCEvCGnEQnLIdCSvC_@|De@vCg@tBs@dCqAvCwL`SwBhDmDxF{AhCiBbD{@lBoB`Fq@xBe@xBg@xCYpCKzAG`BChCD|BRlDXrCj@`Ev@bDr@tCLRLHP@HCVAJ@FBFFFJFVBLFf@@H?PAPEPELIHGDGBk@EEAGEGGEKEMCS?U?]UmAaAmDq@cDm@eE[sCSoDCu@AiA@kCDcBJ}AToCd@_Dh@qBp@cCvBuFx@kBbBkDrAgChHiL`H}KnCoErAyCr@uBj@wBf@uCd@uDRuCHoCNkLDwBFwFAi@BoANgCDu@?c@A[ESCOM_@Oe@G[Gc@Ee@Cy@H}@Lk@N]V]TS^MP?P@b@NlApATRz@XAf@EzA\EHLH?H{@FWJg@@qBEGa@D]?CbBAf@EzAMdEKr@K~BxBdA\M^q@h@y@fAmAn@k@RWf@u@hCcDHKHEH@H@JDHHFJDNh@|BVjAFVFPVf@`A|AJB@?NGDGDGXm@Pa@JQHEHKj@u@`@o@BGhA{BP[ZWDCDCNE^KLARMz@s@TWDEDMBAt@c@ZK^lCTtAYRWf@MfBAVOfASbA{ArDYr@[fAy@dDaBzHCLIf@_BhHg@~BOrAUpBIp@ANKbAADG`B?|CZtCH^b@rB\xAdA`D@BFVLh@PfALpAFvBm@Ek@HOD_@TGDQNCFIT[z@g@|AOb@ETK`@Ij@Gh@eA_@y@a@oA{@GEGEMI}@o@a@Yg@e@KI}AuASQOO{AkAa@[GEmAs@OIqAcAcAc@H{@Do@Du@?e@?M?}@EgA
WF2 0GU,60,1289,"Outwood Primary Academy Kirkhamgate → Kirkhamgate Village Hall, Brandy Carr Road → The Star Inn → Shawfold Cars → Outwood Primary Academy Kirkhamgate",3,1365,212,3min,{twfIb{mH?@BJRxAJp@D\?D\vCNl@Lb@yAzAi@l@ORs@aAKMAu@F]?IOs@Nr@?HG\@t@~@nANSh@m@xA{Av@w@TSd@c@pBeANGHEb@UPI\U^Wp@k@JVDVDf@@FCz@Jj@DXEYKk@B{@Go@EWKWq@j@_@V]TQHc@TIDOFqBdAe@b@URw@v@Mc@Om@]}CE]Kq@SyACK?A
WF2 0GU,60,1290,Phoenix Young People's Centre → NAV Mini Market → The Blue Light → Mill View Stores → Phoenix Young People's Centre,3,1232,259,4min,ccufIfziHTq@FSb@qAZw@MUKK??QIQG[I@_@B]Dm@PmAT_BV{Ab@XJJNPVb@Zf@b@j@i@lAk@vAg@hAKR[v@c@pAb@~@Zn@BH}AlCu@rAIHHVN`@ADCDSRRSBE@EYy@HIt@sA|AmCRb@HTNVLVLVTfAj@Sk@RESOs@MWMWOWIUSc@CI[o@c@_AGRUp@
WF2 0GU,60,1291,Pinderfields Hospital PRU → St Annes → Spot on Dog Grooming → Wrenthorpe Methodist Church → Pinderfields Hospital PRU,3,1842,336,5min,qowfInehHm@k@MMCHc@~AYbA[~@t@jA\f@d@r@RZj@~@V`@NNPH\N|@`@FB|@`@MjANFOGLkA}@a@GC}@a@]OQIOOcAaBS[e@s@]g@u@kAk@{@[YaBqACAy@m@G^I@WQODLu@j@^|@n@`BpAZXj@z@t@jA\f@d@r@RZbA`BNNPH\N|@`@FBFYb@eATy@Ux@O\Sf@GXGC}@a@]OQIOOcAaBS[e@s@]g@u@kAZ_AXcAb@_BBILLl@j@
WF2 0GU,60,1292,Pizza Ferrara → Alverthorpe Conservative Club → Alverthorpe St Paul's CofE (VA) School → Al Fresco → Pizza Ferrara,3,1889,385,6min,{fufIrbjH^iAf@{AdAwCFSb@~@Zn@BH}AlCOSNRZg@`AeBCI[o@c@_Ab@qAZw@MUKKQIQG[IQCSGMEQKY[g@g@SWy@oAGEKCQl@c@`AEd@Er@ETIVKXERGTEX@\Ap@AXGVILDZBV?R@RGd@A\CTCB??C?B?BCBU@]Fe@AS?SCWE[HMFW@Y@q@A]DYFUDSJYHWDUDs@De@b@aAPm@JBFDx@nARVf@f@XZPJLDRFPBZHPFPHJJLT[v@c@pAb@~@Zn@JSFSD_@Bm@@Q@QBk@?Q@UBy@Cx@ATC|@APAPCl@E^GRKR[o@c@_AGReAvCg@zA_@hA
WF2 0GU,60,1293,Pumaspeed → NAV Mini Market → Mill View Stores → Kylies Sandwich Bar & Custom Cakes → Pumaspeed,3,1421,263,4min,}cufI`|iHn@kBFSb@qAZw@MUKK??QIQG[I@_@B]Dm@PmAT_BV{Ab@XJJNPVb@Zf@b@j@i@lAk@vAg@hAKR[v@c@pAb@~@Zn@BHRb@HTNVLVLVTfAj@Sk@RESOs@MWMWOWIUSc@CI[o@c@_AGReAvCg@zAg@|AMZM\]v@q@fBGLZl@P[QZ[m@FMPg@^_A\w@L]L[f@}Af@{ATk@
WF2 0GU,60,1294,R H Binks And Sons → Methodist Church → BP Manor Service Station → St Michaels Church → R H Binks And Sons,3,1331,258,4min,gm{fI`blHNaBg@iDCQIs@AE]cCZNJ@ZDZ@L?n@Al@AR_@f@dAOZGN_AMw@pCa@lCWzCMhAy@BeAZWTUV}@p@}@f@AI{DbAGXNfANTHFFn@Go@IGOUOgAFYtA_@dBc@@H|@g@|@q@TWVUdA[x@CLiAFy@
WF2 0GU,60,1295,Ramada → Shell Select → Holiday Inn → DVSA Wakefield Test Center → Ramada,3,2903,480,8min,u}sfIhxmH??EBMSCCEEQWAKScAIHEDOHEBEFEDIPANEN?\?B?HBRH\DLFNVf@HN^j@VPLDD@B?B?NEzCuHPg@Rc@JS`@w@@[Ea@BS@CHU@C??RATZIPWj@Kb@q@xBXnAp@~BPl@DHZi@DCHDZRNFDCJQJOb@m@FQDO}@a@??Fo@bA^EVGXENGPc@l@KNKPEBEJs@`A]aAEIQm@q@_CYoAG[?K@QJS`@w@TWVk@HQb@iAD_@\_ABQA_@q@gAw@m@KEMGo@_@e@e@[_@SU_@m@KMEECAKCIDK@KEGIGMCQEUAMEIKU{BaCo@{@IVKZYp@mA~FnB~AUfAABC@C@MD@^?D?BGTDO@E?C?EA_@LEBABA@CTgAoB_BlA_GXq@J[HWn@z@zB`CLJD@D?LEDAJEF?B?HF@BDHDN@RAPEPGLIDK@OFEHEJ{AbHKd@SdAI`@Gd@Kx@CXKfAA`@?LBNBP??FTBBLDH@F@D?NIDEHIRbA@JPVDDBBLRDC??
WF2 0GU,60,1296,Restyle Fitness → China And Thai Express → BP Manor Service Station → East Ardsley Express → Restyle Fitness,3,1512,309,5min,gn{fInrkHD@Cd@ZDZ@L?n@Al@AUp@EPw@pCa@lC[yBKo@CQKy@]cCZNJ@ZDZ@L?n@Al@AR_@f@dAOZGN_AMw@pCa@lCg@iDCQKy@]cCg@a@[Yk@c@WOQK]O_@OoAm@UKqBe@@TJrAJpAKqAKsAAUfAVh@LTJnAl@^N\NPJVNj@b@ZXf@`@ZNJ@Be@EA
WF2 0GU,60,1297,Royal Spice → The Glynn Living → The Wren Cafe → Hong Kong Vegan → Royal Spice,3,2985,372,6min,_uvfIdbgHF[Ls@NG`@Wb@c@fCyCPl@Dd@F^FLJLHLJZ[ZZ[K[IMKMGMG_@Ee@Qm@q@v@uA`Bc@b@a@VOFMr@Or@Gh@?f@B^J^Tn@FNLZRp@Jb@DX@l@@p@@`@@L?NHv@L`A@JB\@Z?r@Ad@En@Gl@WdBG\KhAMt@QUu@w@WQEr@Qb@Wp@ELQb@Sj@K^qAdFIREHG@I?ECKIU]g@w@KMo@WYMQKQn@I^A@Mz@o@|DY[[U}@a@GC}@a@]OQIOOcAaBS[e@s@]g@u@kAk@{@[YaBqA}@o@k@_@]UUO_CeBvB{Cr@_Ar@w@l@e@n@a@dBcADAt@g@b@Yp@_@d@UTMrBcAtBmAJI^Qh@UdBi@TORQVYz@}@\Yr@]ZETCp@A`@?\?`@EZOMr@GZ
WF2 0GU,60,1298,Shawfold Cars → Village Stores → Outwood Primary Academy Kirkhamgate → The Star Inn → Shawfold Cars,3,1750,317,5min,wcwfIdanHEg@EWKWq@j@_@V]TQHc@TIDOFqBdA_@wBm@\OH|@g@^vBe@b@URw@v@Mc@Om@]}CE]Kq@SyACK?AOkA_@qCcAf@[yAJIKHZxAbAg@^pCNlABJRxAJp@D\\|CNl@Lb@yAzAi@l@ORs@aAKMAu@F]?IOs@Nr@?HG\@t@~@nANSh@m@xA{Av@w@TSd@c@pBeANGHEb@UPI\U^Wp@k@JVDVDf@
WF2 0GU,60,1299,Shell Select → Holiday Inn → Total Fitness → Toyota Vantage → Shell Select,3,3239,558,9min,_usfIzlmH??RATZIPWj@Kb@q@xBXnAp@~BPl@DHZi@DCHDZRNFDCJQJOb@m@FQDO}@a@??Fo@bA^EVGXENGPc@l@KNKPEBEJs@`A]aAEIQm@q@_CYoAG[?K@QJS`@w@TWVk@HQb@iAD_@\_ABQA_@q@gAw@m@KEMGo@_@e@e@[_@SU_@m@KMEECAKCIDK@OFEHEJ{AbHKd@SdAI`@Gd@Kx@CXKfAA`@?LBNBP??FTBBLDH@F@D?NIDEHILOLUFIPa@Pg@DMDMFWPo@@KNq@ViAD]DIDIHIAOAECC_@Y_Aw@~ApABB@D@NCNGNABEHGLWhAOp@AJQn@GVELELQf@Q`@GHMTMNIHEDOHEBEFEDIPANENGHWFECIIEMCOAQBQDOBCJ[BMBMBM@a@JgABYJy@Fe@Ha@ReAJe@zAcH@K?G?EAa@CQ?QBQHWDAJEF?B?HF@BDHDN@RBX@LBJFV^l@RTZ^d@d@n@^PeAHM\KHYNm@BETmADMB?BB@DYtABOTeAAECCC?ELUlACDOl@IX]JILQdALFJDv@l@TJb@Fn@OSz@Qb@[z@[x@c@hAIPWj@Kb@q@xBG[?K@QJS`@w@@[Ea@BS@CHU@C
WF2 0GU,60,1300,Shine hand car wash → Toyota Vantage → Total Fitness → Ramada → Shine hand car wash,3,2160,416,6min,mrsfIzmmHKXQJSYHQb@iAD_@\_ABQA_@q@gAw@m@KEMGPeAHM\KHYNm@BETmADMB?BB@DYtABOTeAAECCC?ELUlACDOl@IX]JILQdAo@_@e@e@[_@SU_@m@KMEECAKCIDK@OFEHEJ{AbHKd@SdAI`@Gd@Kx@CXKfAA`@?LBNBP??FTBBLDH@F@D?NIDEHILOLUFIPa@Pg@DMDMFWPo@@KNq@ViAD]DIDIHIAOAECC_@Y_Aw@~ApABB@D@NCNGNABEHGLWhAOp@AJQn@GVELELQf@Q`@GHMTMNRbAb@eADCb@j@DHEL[bA??EBMSCCEEQWAKScAIHEDOHEBEFEDIPANEN?\?B?HBRH\DLFNVf@HN^j@VPLDD@B?B?NEzCuHPg@Rc@JS`@w@TWVk@HQb@iAHLH^O`@
WF2 0GU,60,1301,Silcoates School → Wrenthorpe Post Office → Wrenthorpe Park & Alverthorpe Meadows → Hall Cliffe Primary School → Silcoates School,3,8799,1101,18min,ihvfIvciHe@rA?L?FFNJPb@iABGBADADBDHBJ?@?F_B`EELAJAL@L?B@DFHFBDFBHFLDHDHBL@LAPA|@CZAXIhAGrACXCNMPOa@U_@}@aBS_@Wc@y@gAw@eAw@aAsAiBaAwAS[AC_@o@e@q@IMMg@Mm@Gi@G}@EkB^MXSNSLUV}@DKn@qCPq@Tm@n@eBX}@\yALu@JiAF]VeBFm@Do@@e@?s@A[C]AKMaAIw@?OAMAa@Aq@Am@EYKc@Sq@M[GOUo@K_@C_@?g@Fi@Ns@Ls@NG`@Wb@c@fCyCb@g@jAoA|BcCNMxAwAh@m@V[T_@d@iAVk@d@aBT}@\{A^uA|@uC\cAPo@H[F_@BSN@L@J?HADCDGb@i@FGFI@EFIHQJYDQBUFq@@M@M@MBc@H@F?B?@?L@N?VAJAJARCLEPERGDCHCJGLININKFEFGFELO@A^]^]b@c@z@{@`AcAZYb@e@NO|A_BFE@AdAgAr@s@r@u@JEHEn@Al@@hBALAN?F?FBLL@DNPDFNRRRV\VZI`@ADCJAFOp@i@zBWjAOnAO`AYhAMb@a@|AMx@@j@NrAPdAHl@@BJn@VtB@D@FH`AHlA?J@j@@x@AbAIdAIz@Kn@]~AUx@Kb@Ij@IAMBmBjBUTEBCD]\w@bAGLGLwAhCy@jAILg@p@mAdBKN[`@MVi@z@e@`Ag@jA]j@Yn@]n@k@x@[^a@h@g@f@UR??TSf@g@V|@`@vAVz@Tz@Tr@Td@PVRRRLXLXBX?f@Od@M^MTKr@Sb@Q^M^Mf@Oh@OnA_@VIVGpBm@|Ac@OxAAJEf@g@jCKf@OfAiAzHGn@Ml@a@tB[~Aq@~Cq@zBCFSn@Uj@]~@Ul@Ob@i@lAk@vAg@hAKR[v@c@pAGReAvCg@zAg@|AMZM\]v@q@fBGL_@`As@fBs@hBwBvE}BrGW~@q@`Ce@rBW|@Qh@Wb@[^q@h@eBzA_AbAc@h@cAlBCHsAeC]u@k@qAQ]qAoCIQ{@eBQi@GUkCgKyAsFIc@Ec@Ee@CcAGmFAiAAUC{AEeFE{C?I?{A?sBL?ZXXB@?[C[YM??iB?u@?e@CoACq@Ee@HLd@p@^n@@BRZ`AvArAhBv@`Av@dAx@fAVb@R^Vg@Dw@?s@?GFWFMPi@HQBQ?KESAG?E?KF]DYNa@`@eAKQGO?G?Md@sA
WF2 0GU,60,1302,Silkwood Farm → Total Fitness → DVSA Wakefield Test Center → Shell Select → Silkwood Farm,3,4103,632,10min,katfIj_mHQ`A][WSMn@oB_BlA_GXq@J[HWn@z@zB`CLJD@D?LEDAJEF?B?HF@BDHDN@RAPEPGLIDK@OFEHEJ{AbHKd@SdAI`@Gd@Kx@CXKfAA`@?LBNBP??FTBBLDH@F@D?NIDEHILOLUFIPa@Pg@DMDMFWPo@@KNq@ViAD]DIDIHIAOAECC_@Y_Aw@~ApABB@D@NCNGNABEHGLWhAOp@AJQn@GVELELQf@Q`@GHMTMNIHEDOHEBEFEDIPANENGHWFECIIEMCOAQBQDOBCJ[BMBMBM@a@JgABYJy@Fe@Ha@ReAJe@zAcH@K?G?EAa@CQEUAMEIKU{BaCo@{@IVKZYp@mA~FnB~AUfAABC@C@MD@^?D?BGTDO@E?C?EA_@LEBABA@CTgAoB_BlA_GXq@J[HWn@z@zB`CLJD@D?LEDAJEF?B?HF@BDHDN@RAPEPGLIDK@OFEHEJ{AbHKd@SdAI`@Gd@Kx@CXKfAA`@?LBNBP??FTBBDJBN?PANEN?\?B?HBRH\DLFNVf@HN^j@VPLDD@B?B?NEzCuHPg@Rc@JS`@w@@[Ea@BS@CHU@C??RATZb@iAD_@\_ABQA_@q@gAw@m@KEMGo@_@e@e@[_@SU_@m@KMEECAKCIDK@KEGIGMCQEUAMEIKU{BaCo@{@IVKZYp@mA~FnB~ALo@VR\ZPaA
WF2 0GU,60,1303,Spot on Dog Grooming → Declans → Pinderfields Hospital PRU → St Annes → Spot on Dog Grooming,3,1707,312,5min,yywfIxehHy@m@k@_@]UUO_CeBqA_Ak@_@IIZyAGOIUHTFN[xAHHj@^pA~@l@b@pA`ATN\Tj@^|@n@`BpAZXj@z@Z_AXcAb@_BBILLl@j@??m@k@MMCHc@~AYbA[~@t@jA\f@d@r@RZj@~@V`@NNPH\N|@`@FB|@`@MjANFOGLkA}@a@GC}@a@]OQIOOcAaBS[e@s@]g@u@kAk@{@[YaBqACA
WF2 0GU,60,1304,Spring Mill Golf Course → JB's Cafe & Bistro → Ossett Flushdyke Junior and Infant School → Ramada → Spring Mill Golf Course,3,10482,1027,17min,ovsfIncpHi@}BEOGKIIKEIAIAIDIJiCbDg@t@SVo@j@gAlAi@x@_@p@]LyBeAJ_CJmF?i@AWAOKYUq@U_@TRz@XAf@EzA\EHLH?H{@FWJg@@qBEGa@D]?CbBAf@GDI?GAIGUq@U_@mAqAc@OQAQ?_@LURW\O\Mj@I|@Bx@Dd@X`@RLRAPGLQJUlA{DJa@p@sBt@aBzDkIFMP_@VaADg@?c@A]E[G]Ia@IOGYG]A[AW?W@wD@y@@[@YD]H[Rg@POPMLINEP@RBTLVXJXFVDVDX@\?ZAtDA|@AZA\ETW~@MZa@fAcAxBkAjCkDhHq@zAq@nBy@bDWvAAFW|AQ`BQjBGlAIdCEvCGnEQnLIdCSvC_@|De@vCg@tBs@dCqAvCwL`SwBhDmDxF{AhCiBbD{@lBoB`Fq@xBe@xBg@xCYpCKzAG`BChCD|BRlDXrCj@`Ev@bDr@tCLRLHP@HCVAJ@FBFFFJFVBLFf@@H?PAPEPELIHGDGBk@EEAGEGGEKEMCS?U?]UmAaAmDq@cDm@eE[sCSoDCu@AiA@kCDcBJ}AToCd@_Dh@qBp@cCvBuFx@kBbBkDrAgChHiL`H}KnCoErAyCr@uBj@wBf@uCd@uDRuCHoCNkLDwBFwFJ}BZcEP}Ah@_Dt@_DJa@p@sBt@aBzDkIFMP_@VaADg@?c@A]E[G]Ia@IOGYG]A[AW?W@wD@y@@[@YD]H[Rg@`@sAtA}DBW\aAFOBQ@O?G?MAECGmAeBKQQe@CIIUIa@EMCMECIIEMCOAQBQDOBCDEHEH?HDBDBBLDH@F@D?NIDEHIRbAb@eADCb@j@DHEL[bA??EBMSCCEEQWAKScAIHEDOHEBEFEDIPANEN?\?B?HBRH\DLFNVf@HN^j@VPLDD@B?B?NEzCuHRMVCXnAp@~BPl@DH\`ARh@j@|ArCnHJ\z@~CX`AjAfFBNz@pEbBjMZdCTxA[Ju@b@C@ELEDUV{@r@SLM@_@JODEBEB[VQZiAzBCFa@n@k@t@IJIDKPQ`@Yl@EFEFOFA?KCaA}AWg@GQGWWkA
WF2 0GU,60,1305,St Annes → Pinderfields Hospital PRU → Wrenthorpe Methodist Church → The Well Church (Elim Pentecostal) → St Annes,3,1364,282,4min,qnwfIfshHk@_AS[e@s@]g@u@kAZ_AXcAb@_BBILLl@j@??m@k@MMCHc@~AYbA[~@t@jA\f@d@r@RZbA`BNNPH\N|@`@FBFYb@eATy@Ux@O\Sf@GX|@`@ZTXZFHf@TzB^MNWNINKZI\ITi@XMNEPG^EZOEQCG?USMOReADUj@cDGIY[[U}@a@GC}@a@]OQIOOWa@
WF2 0GU,60,1306,St Michaels Church → R H Binks And Sons → The Dental Studio → Methodist Church → St Michaels Church,3,2357,336,5min,oz{fIfllHdBc@@H|@g@|@q@TWVUdA[x@CLiAFy@NaB`@mCv@qCDQTq@R_@f@dAWj@_AMw@pCa@lCWzCMhAEt@ARGdACn@Cp@Cz@Cv@AxA?TC`E?FCnD?FElBGjAEd@Q|@EH\jA]kADIP}@De@FkADuBBoD?GBaE?U@yABw@B{@Bq@Bo@FeA@SDu@LiAV{Cg@iDCQIs@AE]cCZNJ@ZDZ@L?n@Al@AUp@EPw@pCa@lCWzCMhAy@BeAZWTUV}@p@}@f@AIeBb@
WF2 0GU,60,1307,Sun Bo → Blue Marlin Fisheries → Mill View Stores → Kylies Sandwich Bar & Custom Cakes → Sun Bo,3,1363,309,5min,_aufIjxiHd@v@FDGRKR[o@c@_AGReAvCg@zAGIWKVJFHJWZcAdAwCFSb@~@Zn@BHRb@HTNVLVLVTfAj@Sk@RESOs@MWMWOWIUSc@CI[o@c@_AGReAvCg@zAg@|AMZM\]v@q@fBGLZl@P[QZ[m@FMPg@^_A\w@L]L[f@}Af@{AdAwCFSb@~@Zn@JSFSGEe@w@
WF2 0GU,60,1308,Sunnyhill Stores → Jerry Clay Academy → Hall Cliffe Primary School → Wrenthorpe Dental Care → Sunnyhill Stores,3,3489,507,8min,i{vfIlpjH??^QGmFAiAAUC{AEeFE{C?I?{A?sB?iB?u@?e@CoACq@Ee@Mg@g@f@GDSPEBYRGFGHMX[t@]v@aBnD_@x@KTQd@a@x@Sb@EJEJUj@a@`AkFtLyHfQdAnBl@hAFNDL@L?NCHGNQd@Pe@FOBI?OAMEMGOm@iAeAoBxHgQjFuL`@aAZw@DKRc@`@y@Pe@JU^y@`BoD\w@Zu@LYFIFGXSDCRQFEf@g@Lf@Dd@Bp@BnA?d@?t@?hBL?ZXXB@?[C[YM??iB?u@?e@CoACq@Ee@Mg@Mm@Gi@WDYFI@kARLA|@QHAXGVEFh@Ll@Lf@Dd@Bp@BnA?d@?t@?hB?rB?zA?HDzCDdFBzA@T@hAFlF_@P??
WF2 0GU,60,1309,Tania's Barbershop → Methodist Church → BP Manor Service Station → St Michaels Church → Tania's Barbershop,3,1331,258,4min,cm{fIhalHJiAg@iDCQIs@AE]cCZNJ@ZDZ@L?n@Al@AR_@f@dAOZGN_AMw@pCa@lCWzCMhAy@BeAZWTUV}@p@}@f@AI{DbAGXNfANTHFFn@Go@IGOUOgAFYtA_@dBc@@H|@g@|@q@TWVUdA[x@CLiAJqA
WF2 0GU,60,1310,Tardis → West Yorkshire Police Learning & Development Centre → Cardigan House → Carr Gate Garden Centre → Tardis,3,12473,823,13min,_vyfItzjH??BBJCJAFABG?IEmAh@OKgDAS?Q?Q?Q@QFaB?Q?MEWOIGCI?ODeCnDg@h@g@b@cAp@iB`ASJIDGHIHEHCHYlA?BCvA?P@P@RDRThAf@~Br@|CnB|INn@bApEj@fCR|@vAlGtAxDbCzFbCdFbAjBb@x@bAjBnCrD|CfEjDpDxFdFfMjJzBxA`CrAtBfAtDrBtG`Dn@R~FjBlGhAdE\xDDvEOnE[hOcClImApBYzRuF^OZSPMNQNUj@{ARg@POPMLINEP@RBTLVXJXFVDVDX@\?ZAtDA|@AZA\ETW~@MZk@Va@@OCWOMOMUIOi@w@a@So@E{Lh@qAFsFj@sInAeOdCoE`@cFJwDImE]eGaAaGiBs@W_HeDkDqBuBiAcCcB}B_BqFsDiF{DkFqEoD{DaDeE}BqDmAkBc@y@wAuCoEsJuBoF_AqCo@wA_AuCqA}DOc@}BiHwAmEQa@Uu@K]MYKWGMGKGIGIGGEEMIOKc@SEAc@e@OUGQEOEQAMAOAQ?S@O@O?GDQFWFWFOFMrAuBHKFGFGHGHGJCHAH?H?H@JDt@NZLPBLBR@NANCLEJGZSjAy@`A_A`AkAb@o@pB}CbCqDFM^_AVe@L_@FYDY@W@YAYMoAe@P[Hi@Tk@Vg@Re@RiAd@EBIDqBx@qAh@gCfA}@^kBn@e@Rq@l@Wz@a@dBZt@Vj@r@yA??s@xAWk@[u@`@eBV{@p@m@d@SjBo@|@_@fCgApAi@pBy@HEDChAe@d@Sf@Sj@Wh@UZId@QEo@?_@BYDc@FYJa@R_@PS^YjBcAj@YPIrBkAnB_APIJf@@L?LENc@n@W`@W`@SXo@jASZ}@dBgBjD{@xAw@~@}EnHOTa@n@J`@BNDV?L?PG`BAP?P?P?P@RJfDi@NDlA?HCFG@K@KBCC??
WF2 0GU,60,1311,The Bay Horse → Main Street Fisheries → China And Thai Express → East Ardsley Express → The Bay Horse,3,1546,341,5min,qh{fInqkHPRMVS^Up@EPw@pCa@lCg@iDCQKy@]cCZNJ@Be@a@M??`@LCd@ZDZ@L?n@Al@AUp@EPw@pCa@lC[yBKo@CQKy@]cCg@a@[Yk@c@WOQK]O_@OoAm@UKqBe@@TJrAJpAKqAKsAAUfAVh@LTJnAl@^N\NPJVNj@b@ZXf@`@ZNJ@ZDZ@L?n@Al@AR_@LWQS
WF2 0GU,60,1312,The Blue Light → The New Albion → Alverthorpe St Paul's CofE (VA) School → Al Fresco → The Blue Light,3,1686,375,6min,udufI~cjHIWHIt@sA|AmCRb@U`@CCAAGJ??FK@@BBTa@Sc@CI[o@c@_Ab@qAZw@MUKKQIQG[IQCSGMEQKY[g@g@SWy@oAGEKCQl@c@`AEd@Er@ETIVKXERGTEX@\Ap@AXGVILDZBV?R@RGd@A\CTCB??C?B?BCBU@]Fe@AS?SCWE[HMFW@Y@q@A]DYFUDSJYHWDUDs@De@b@aAPm@JBFDx@nARVf@f@XZPJLDRFPBZHPFPHJJLT[v@c@pAb@~@Zn@JSFSD_@Bm@@Q@QBk@?Q@UBy@Cx@ATC|@APAPCl@E^GRKRBH}AlCu@rAIHHV
WF2 0GU,60,1313,The Dental Studio → St Michaels Church → R H Binks And Sons → Methodist Church → The Dental Studio,3,1823,298,4min,go{fI|`mH?GBoD?GBaE?U@yABw@B{@Bq@Bo@FeA@SDu@y@BeAZWTUV}@p@}@f@AI{DbAGXNfANTHFFn@Go@IGOUOgAFYtA_@dBc@@H|@g@|@q@TWVUdA[x@CLiAFy@NaBg@iDCQIs@AE]cCZNJ@ZDZ@L?n@Al@AUp@EPw@pCa@lCWzCMhAEt@ARGdACn@Cp@Cz@Cv@AxA?TC`E?FCnD?F
WF2 0GU,60,1314,The Eagle → Flanshaw Lodge → Alverthorpe Working Mens Club → GJH Commercial Vehicle Services Ltd → The Eagle,3,2913,472,7min,u`tfIfsjH@ARQDC??`@YRQXSPWZi@HOLW^u@FNHRDPDVUJmAhADd@Lb@?AMa@Ee@lAiATKEWEQISGO_@t@MVIN[h@QVYRSPa@X??EBSP[RKHQJYJC?SBY?OAQCYMi@Y_@MkB]s@Oc@Kc@MGAu@YQMKKn@{DD^i@fDPLt@XF@b@Lb@J~Cl@AfD?nCAr@?lAA|C?V?XErK?H?hA?|@AjAB`AFr@BRcAb@KBSDYBYBWAeACo@A?{A?M@uBm@?M?EBCH?d@BHDDZ?[?EECI?e@BIDCL?V?T?AtB?L?zAn@@dABV@XCXCREJCbAc@CSGs@CaA@kA?}@?iA?IDsK?Y?W@}C?mA@s@?oC@gD^Lh@XXLPBN@X?RCB?XKPKJIXQ
WF2 0GU,60,1315,The Glynn Living → Royal Spice → The Wren Cafe → Wrenthorpe Park & Alverthorpe Meadows → The Glynn Living,3,7382,898,14min,}nvfInzfHuA`Bc@b@a@VOFMr@GZGVGh@?f@B^J^Tn@FNLZRp@Jb@DX@l@@p@@`@@L?NHv@L`A@JB\@Z?r@Ad@En@Gl@WdBG\KhAMt@QUu@w@WQEr@Qb@Wp@ELQb@Sj@f@l@g@m@Rk@Vq@Vq@Pc@Ds@VPt@v@PTLu@JiAF]VeBFm@Do@@e@?s@A[C]AKMaAIw@?OAMAa@Aq@Am@EYKc@Sq@M[GOUo@K_@C_@?g@Fi@Ns@Ls@NG`@Wb@c@fCyCb@g@jAoA|BcCNMxAwAh@m@V[T_@d@iAVk@d@aBT}@\{A^uA|@uC\cAPo@H[F_@BSN@L@J?HADCDGb@i@FGFI@EFIHQJYDQBUFq@@M@M@MBc@H@F?B?@?L@N?VAJAJARCLEPERGDCHCJGLININKFEFGFELO@A^]^]b@c@z@{@`AcAZYb@e@NO|A_BFE@AdAgAr@s@r@u@JEHEn@Al@@hBALAN?F?FBLL@DNPDFNRRRV\VZI`@ADCJAFOp@i@zBWjAOnAO`AYhAMb@a@|AMx@@j@NrAPdAHl@@BJn@VtB@D@FH`AHlA?J@j@@x@AbAIdAIz@Kn@]~AUx@Kb@Ij@IAMBmBjBUTEBCD]\w@bAGLGLwAhCy@jAILg@p@mAdBKN[`@MVi@z@e@`Ag@jA]j@Yn@]n@k@x@[^a@h@g@f@UR??TSf@g@`@i@Z_@j@y@\o@Xo@\k@f@kAd@aAh@{@LWZa@JOlAeBf@q@HMx@kAvAiCFMFMv@cA\]BEDCTUlBkBLCH@Hk@Jc@Ty@\_BJo@H{@HeA@cAAy@Ak@?KImAIaAAGAEWuBKo@ACIm@QeAOsAAk@Ly@`@}ALc@XiANaANoAVkAh@{BNq@@GBK@EHa@W[W]SSOSEGOQAEMMGCG?O?M@iB@m@Ao@@IDKDs@t@s@r@eAfAA@GD}A~AONc@d@[XaAbA{@z@c@b@_@\_@\A@MNGDGFGDOJOHMHKFIBEBSFQDMDSBK@K@W@O?MAA?C?G?IAQ@G?GAKCMCICGCGE_@AE?C?E@A?C@??C@ABC@A@ADABCJ?FAFCp@@h@@`@?d@?RAP?RALCNEPCRG^IZQn@]bA}@tC_@tA]zAU|@e@`BWj@e@hAU^WZi@l@yAvAOL}BbCkAnAc@f@q@v@
WF2 0GU,60,1316,The Lawrence → tillybods → Wrenthorpe Club → Vic's Cafe → The Lawrence,3,5824,476,7min,wjxfIfhhHVl@JQlAuBtA_CV_@BCT[HM~BdBTN\Tj@^G^I@??WQODLu@]UUO_CeB_@h@CBW^uA~BmAtBKPq@hAGHq@jAaAdBSb@oBxD_AhBcA|AKLCDu@~@}@|@a@XCB_@RQHoB~@sBjAQHk@XkBbA_@XQRS^K`@GXEb@CX?^Dn@Lj@HPFJHFJDJ?JAJEJKv@}AvByFf@cC\cCLoATeCd@{Ht@wLDyANoDD{@EGEIAIAIAM?MBODKBIDEJELaALy@Bq@B]l@mEHOHMRByAdK?\?`@DLBL?N?LCLCHGLIFO~@MdDG|As@tLg@`IUfCYbCYhBa@rBe@jBk@hBcA`CqAfC}EnHOTa@n@a@h@eCnDg@h@g@b@cAp@iB`ASJIDGHIHEHCHYlA?BOt@ETELEHGJcBvBGHIHIDIBIBI@K?OAEAc@e@OUGQEOEQAMAOAQ?S@O@O?GDQFWFWFOFMrAuBHKFGFGHGHGJCHAH?H?H@JDt@NZLPBLBR@NANCLEJGZSjAy@`A_A`AkAb@o@pB}CbCqDFM^_AVe@L_@FYDY@W@YAYMoAEo@?_@BYDc@FYJa@R_@PS^YjBcAj@YPIrBkAnB_API^SBC`@Y|@}@t@_ABEJMbA}A~@iBnByDRc@`AeBp@kAFIp@iAWm@
WF2 0GU,60,1317,The Malt Shovel → Carr Gate WMC → Gardener's Retreat Restaurant → Tardis → The Malt Shovel,3,4455,551,9min,ysyfIvxiHb@Qj@WCoBGmAq@LJr@Ks@p@M@PDz@BnBk@Vg@Re@RiAd@EBIDqBx@qAh@gCfA}@^_Bh@KDe@Rq@l@Wz@a@dBIf@Hg@`@eBV{@p@m@d@SjBo@|@_@fCgApAi@pBy@HEDChAe@d@Sf@Sj@Wh@UZId@QEo@?_@BYDc@FYJa@R_@PS^YjBcAj@YPIrBkAnB_APIJf@@L?LENc@n@W`@W`@SXo@jASZ}@dBgBjD{@xAw@~@}EnHOTa@n@J`@BNDV?L?PG`BAP?P?P?P@RJfDi@NG_BIgCAYAOEECAEHIJKNCD@^FxBDrB@f@DRDF??BBJCJAFABG?IEmAh@OKgDAS?Q?Q?Q@QFaB?Q?MEWOIGCI?ODeCnDg@h@g@b@cAp@iB`ASJIDGHIHEHCHYlA?BOt@ETELEHGJcBvBGHIHIDIBIBI@K?OAEAc@e@OUGQEOEQAMAOAQ?S@O@O?GDQFWFWFOFMrAuBHKFGFGHGHGJCHAH?H?H@JDt@NZLPBLBR@NANCLEJGZSjAy@`A_A`AkAb@o@pB}CbCqDFM^_AVe@L_@FYDY@W@YAYMoAe@P[Hi@Tk@Vc@P
WF2 0GU,60,1318,The Mens Room → St Michaels Church → R H Binks And Sons → Methodist Church → The Mens Room,3,1847,301,5min,io{fIbbmH@m@BoD?GBaE?U@yABw@B{@Bq@Bo@FeA@SDu@y@BeAZWTUV}@p@}@f@AI{DbAGXNfANTHFFn@Go@IGOUOgAFYtA_@dBc@@H|@g@|@q@TWVUdA[x@CLiAFy@NaBg@iDCQIs@AE]cCZNJ@ZDZ@L?n@Al@AUp@EPw@pCa@lCWzCMhAEt@ARGdACn@Cp@Cz@Cv@AxA?TC`E?FCnDAl@
WF2 0GU,60,1319,The New Albion → The Blue Light → Al Fresco → Alverthorpe St Paul's CofE (VA) School → The New Albion,3,1751,390,6min,q`ufIf~iHFK@@BBTa@Sc@}AlCu@rAIHHVN`@ADCDSRRSBE@EYy@HIt@sA|AmCCIJSFSD_@Bm@@Q@QBk@?Q@UBy@Cx@ATC|@APAPCl@E^GRKR[o@c@_Ab@qAZw@MUKKQIQG[IQCSGMEQKY[g@g@SWy@oAGEKCQl@c@`AEd@Er@ETIVKXERGTEX@\Ap@AXGVILDZBV?R@RGd@A\CTCB??C?B?BCBU@]Fe@AS?SCWE[HMFW@Y@q@A]DYFUDSJYHWDUDs@De@b@aAPm@JBFDx@nARVf@f@XZPJLDRFPBZHPFPHJJLT[v@c@pAb@~@Zn@BHRb@U`@CCAAGJ
WF2 0GU,60,1320,The New Pot Oil → The Well Church (Elim Pentecostal) → Wrenthorpe Post Office → Wrenthorpe Methodist Church → The New Pot Oil,3,1681,275,4min,_~vfIf{hHODI@UBc@EMNWNINKZI\ITi@XMNEPG^EZOEQCG?USMOReADUj@cDGIn@}DL{@@AH_@Po@Je@Jo@Fa@D[@IDUFg@BSBMD[F]BUFc@@EJg@BIPRNFTJNFTFN?F@xCBX@VPt@v@PT]xAY|@o@dBUl@Qp@o@pCEJW|@MTORYR_@LODYHI@UBc@E{B_@g@UGIY[[U}@a@FYb@eATy@Ux@O\Sf@GX|@`@ZTXZFHf@TzB^b@DTCHANE
WF2 0GU,60,1321,The New Wheel → The Well Church (Elim Pentecostal) → Wrenthorpe Methodist Church → Wrenthorpe Post Office → The New Wheel,3,1418,263,4min,mawfIf{hHXDMNWNINKZI\ITi@XMNEPG^EZOEQCG?USMOReADUj@cDGIY[[U}@a@FYb@eATy@Ux@O\Sf@GX|@`@ZTXZn@}DL{@@AH_@Po@Je@Jo@Fa@D[@IDUFg@BSBMD[F]BUFc@@EJg@BIPRNFTJNFTFN?F@xCBX@VPt@v@PT]xAY|@o@dBUl@Qp@o@pCEJW|@MTORYR_@LODYHI@UBc@EYE
WF2 0GU,60,1322,The Quad → Vic's Cafe → The Wheel → The Lawrence → The Quad,3,9502,657,10min,gtxfIbufHFYfBcGzAgE|A_Ex@iBt@yAfBcDf@u@v@gAr@}@|@gA|@w@lB{AnBkAfBw@jBk@dBY|AQT?N@RDRFNFL@JAJCLULKPEPFNLFNDRBX?ZETGTMPSHSCMGKQEOCIIQMOOOUIQESEWA_BPaB^iBh@gBr@kBlAmBvA{@z@{@|@w@`Aq@dAi@v@gB`Ds@vAu@bBaB|DqAzDiBhG}BzIUvAaA|GyAdK?\?`@DLBL?N?LCLCHGLIFG@G?GCECEGEIAIAIAM?MBODKBIDEJELaALy@Bq@B]l@mEHOHMBQ~@sGVoAtBcJfBcGzAgE|A_Ex@iBt@yAfBcDf@u@v@gAr@}@|@gA|@w@lB{AnBkAfBw@jBk@dBY|AQT?N@RDRFNFL@JAJCLULKPEPFNLXAPERKXI`BKD?\CPANA~@Gb@?R@TDP@H?LCNQBGDIHGFEH?H@B@HAFAHCLEJCJCHCNCZG`@IXEHCDALETKFAl@W??LE@ALEHCJAHAJAJ?L@J@@?NB@?LDJBNFPFFH@BDDLNNLNNPNPNJFHDHDRJTJl@X^Rf@VPHFDHDDDDBJHRNJHFFNJNLb@XHBBBLFJDNHd@NBBBBDDHHCb@ALALALGp@CTEPKXIPGHADGHGFc@h@EFEBCBGFC?E@QBO?G^IZQn@]bA}@tC_@tA]zAU|@e@`BWj@e@hAU^WZi@l@yAvAOL}BbCkAnAc@f@gCxCc@b@a@VOF[Na@D]?a@?q@@UB[Ds@\]X{@|@WXSPUNeBh@i@T_@PKHuBlAsBbA{@b@q@^c@Xu@f@E@eBbAo@`@m@d@s@v@s@~@o@~@gAzA_@h@CBW^uA~BmAtBKPe@iAIUEO?O@OBSZm@DED@HNIOEAED[l@CRAN?NDNHTLZVl@q@hAGHq@jAaAdBSb@oBxD_AhBcA|AKLCDu@~@}@|@a@XCB_@RQHoB~@sBjAQHk@XkBbA_@XQRS^K`@GXEb@CX?^Dn@Lj@HPFJHFJDJ?JAJEJKv@}AvByFf@cC\cCLoATeCd@{Ht@wLDyANoDD{@EGEIAIAIAM?MBODKBIDEJELaALy@|@kGJo@BQ~@sGVoAlBiI
WF2 0GU,60,1323,The Star Inn → Lindale Methodist Church → Outwood Primary Academy Kirkhamgate → Shawfold Cars → The Star Inn,3,1568,260,4min,}wwfIfknHr@`ANSh@m@xA{AMc@Om@MiAOsAE]Kq@SyACK?AOkA_@qCcAf@[yAJIKHZxAbAg@^pCNlABJRxAJp@D\\|CNl@Lb@v@w@TSd@c@pBeANGHEb@UPI\U^Wp@k@JVDVDf@@FCz@Jj@DXEYKk@B{@Go@EWKWq@j@_@V]TQHc@TIDOFqBdAe@b@URw@v@yAzAi@l@ORs@aA
WF2 0GU,60,1324,The Well Church (Elim Pentecostal) → Wrenthorpe Dental Care → Wrenthorpe Methodist Church → St Annes → The Well Church (Elim Pentecostal),3,1389,312,5min,cgwfIz~hHj@cDf@TzB^b@DTCHAXINEDjBF|@WDYFI@kARLA|@QHAXGVEG}@EkBODYHI@UBc@E{B_@g@UGIY[[U}@a@FYb@eATy@Ux@O\Sf@GXGC}@a@]OQIOOWa@k@_AS[e@s@Rg@@CTk@Uj@ABSf@d@r@RZbA`BNNPH\N|@`@FB|@`@ZTXZFHk@bD
WF2 0GU,60,1325,The Wheel → Wrenthorpe Club → The Lawrence → Wrenthorpe Academy → The Wheel,3,1732,292,4min,k`xfIb|gHgAzA~BdBTN\Tj@^G^I@??WQODLu@]UUO_CeB_@h@CBW^uA~BmAtBKPe@iAIUEO?O@OBSZm@DED@HNIOEAED[l@CRAN?NDNHTLZVl@JQlAuBtA_CV_@BC^i@~BdBTN\Tj@^|@n@`BpAZXj@z@Z_AXcAb@_BBIHS??IRCHc@~AYbA[~@k@{@[YaBqA}@o@k@_@]UUO_CeBfA{A
WF2 0GU,60,1326,The Wren Cafe → Conroyds Fish and Chips → The New Pot Oil → Wrenthorpe Methodist Church → The Wren Cafe,3,1229,222,3min,exvfInhhHDMVq@Pc@Ds@VPt@v@PT]xAY|@o@dBUl@GRy@nDEJW|@MTORYR_@LODIBODI@UBc@E{B_@g@UGIY[[U}@a@FYb@eATy@Ux@O\Sf@GX|@`@ZTXZn@}DL{@@AH_@Po@PJXLn@VJLf@v@T\JHDBH?FADIHSpAeFJ_@Rk@Pc@
WF2 0GU,60,1327,tillybods → Wrenthorpe Club → The Lawrence → Wrenthorpe Academy → tillybods,3,1647,274,4min,}bxfIl_hHHM~BdBTN\Tj@^G^I@??WQODLu@]UUO_CeB_@h@CBW^uA~BmAtBKPe@iAIUEO?O@OBSZm@DED@HNIOEAED[l@CRAN?NDNHTLZVl@JQlAuBtA_CV_@BC^i@~BdBTN\Tj@^|@n@`BpAZXj@z@Z_AXcAb@_BBIHS??IRCHc@~AYbA[~@k@{@[YaBqA}@o@k@_@]UUO_CeBIL
WF2 0GU,60,1328,Total Fitness → Silkwood Farm → Shell Select → DVSA Wakefield Test Center → Total Fitness,3,4023,613,10min,o{sfIpemH^XBB@D@NCNGNABEHGLWhAOp@AJQn@GVELELQf@Q`@GHMTMNIHEDOHEBEFEDIPANENGHWFECIIEMCOAQBQDOBCJ[BMBMBM@a@JgABYJy@Fe@Ha@ReAJe@zAcH@K?G?EAa@CQEUAMEIKU{BaCo@{@IVKZYp@mA~FnB~ALo@VR\ZPaA??Q`A][WSMn@oB_BlA_GXq@J[HWn@z@zB`CLJD@D?LEDAJEF?B?HF@BDHDN@RAPEPGLIDK@OFEHEJ{AbHKd@SdAI`@Gd@Kx@CXKfAA`@?LBNBP??FTBBDJBN?PANEN?\?B?HBRH\DLFNVf@HN^j@VPLDD@B?B?NEzCuHPg@Rc@JS`@w@@[Ea@BS@CHU@C??RATZb@iAD_@\_ABQA_@q@gAw@m@KEMGo@_@e@e@[_@SU_@m@KMEECAKCIDK@KEGIGMCQEUAMEIKU{BaCo@{@IVKZYp@mA~FnB~AUfAABC@C@MD@^?D?BGTDO@E?C?EA_@LEBABA@CTgAoB_BlA_GXq@J[HWn@z@zB`CLJD@D?LEDAJEF?B?HF@BDHDN@RAPEPGLIDK@OFEHEJ{AbHKd@SdAI`@Gd@Kx@CXKfAA`@?LBNBP??FTBBLDH@F@D?NIDEHILOLUFIPa@Pg@DMDMFWPo@@KNq@ViAD]DIDIHIAOAECC_@Y
WF2 0GU,60,1329,Toyota Vantage → Shell Select → Total Fitness → Silkwood Farm → Toyota Vantage,3,3300,574,9min,grsfIz|lHTeAAECCC?ELUlACDOl@IX]JILQdALFJDv@l@TJb@Fn@OSz@Qb@[z@[x@c@hAIPWj@Kb@q@xBG[?K@QJS`@w@@[Ea@BS@CHU@C??RATZb@iAD_@\_ABQA_@q@gAw@m@KEMGo@_@e@e@[_@SU_@m@KMEECAKCIDK@OFEHEJ{AbHKd@SdAI`@Gd@Kx@CXKfAA`@?LBNBP??FTBBLDH@F@D?NIDEHILOLUFIPa@Pg@DMDMFWPo@@KNq@ViAD]DIDIHIAOAECC_@Y_Aw@~ApABB@D@NCNGNABEHGLWhAOp@AJQn@GVELELQf@Q`@GHMTMNIHEDOHEBEFEDIPANENGHWFECIIEMCOAQBQDOBCJ[BMBMBM@a@JgABYJy@Fe@Ha@ReAJe@zAcH@K?G?EAa@CQEUAMEIKU{BaCo@{@IVKZYp@mA~FnB~ALo@VR\ZPaA??Q`A][WSMn@oB_BlA_GXq@J[HWn@z@zB`CLJD@D?LEDAJEF?B?HF@BDHDN@RBX@LBJFV^l@RTZ^d@d@n@^PeAHM\KHYNm@BETmADMB?BB@DUdA
WF2 0GU,60,1330,Valley Cresent Day Centre → Conroyds Fish and Chips → The New Pot Oil → Wrenthorpe Methodist Church → Valley Cresent Day Centre,3,1229,222,3min,gxvfInhhHFMVq@Pc@Ds@VPt@v@PT]xAY|@o@dBUl@GRy@nDEJW|@MTORYR_@LODIBODI@UBc@E{B_@g@UGIY[[U}@a@FYb@eATy@Ux@O\Sf@GX|@`@ZTXZn@}DL{@@AH_@Po@PJXLn@VJLf@v@T\JHDBH?FADIHSpAeFJ_@Rk@Nc@
WF2 0GU,60,1331,Vic's Cafe → The Quad → The Lawrence → tillybods → Vic's Cafe,3,6930,599,9min,{zxfIpkgHHMBQ~@sGVoAlBiIFYfBcGzAgE|A_Ex@iBt@yAfBcDf@u@v@gAr@}@|@gA|@w@lB{AnBkAfBw@jBk@dBY|AQT?N@RDRFNFL@JAJCLULKPEPFNLXAPERKXI`BKD?\CPANA~@Gb@?R@TDP@H?LCNQBGDIHGFEH?H@B@HAFAHCLEJCJCHCNCZG`@IXEHCDALETKFAl@W??LE@ALEHCJAHAJAJ?L@J@@?NB@?LDJBNFPFFH@BDDLNNLNNPNPNJFHDHDRJTJl@X^Rf@VPHFDHDDDDBJHRNJHFFNJNLb@XHBBBLFJDNHd@NBBBBDDHHCb@ALALALGp@CTEPKXIPGHADGHGFc@h@EFEBCBGFC?E@QBO?G^IZQn@]bA}@tC_@tA]zAU|@e@`BWj@e@hAU^WZi@l@yAvAOL}BbCkAnAc@f@gCxCc@b@a@VOF[Na@D]?a@?q@@UB[Ds@\]X{@|@WXSPUNeBh@i@T_@PKHuBlAsBbA{@b@q@^c@Xu@f@E@eBbAo@`@m@d@s@v@s@~@wBzC_@h@CBW^uA~BmAtBKPe@iAIUEO?O@OBSZm@DED@HNIOEAED[l@CRAN?NDNHTLZVl@JQlAuBtA_CV_@BC^i@~BdBTN\Tj@^G^I@WQODLu@]UUO_CeBILUZCBW^uA~BmAtBKPq@hAGHq@jAaAdBSb@oBxD_AhBcA|AKLCDu@~@}@|@a@XCB_@RQHoB~@sBjAQHk@XkBbA_@XQRS^K`@GXEb@CX?^Dn@Lj@HPFJHFJDJ?JAJEJKv@}AvByFf@cC\cCLoATeCd@{Ht@wLDyANoDD{@EGEIAIAIAM?MBODKBIDEJELaALy@|@kGJo@IL
WF2 0GU,60,1332,"Village Hall, Kirkhamgate → The Star Inn → Outwood Primary Academy Kirkhamgate → Shawfold Cars → Village Hall, Kirkhamgate",3,1824,320,5min,gswfInbnHRhBNl@Lb@yAzAi@l@ORs@aAKMAu@F]?IOs@Nr@?HG\@t@~@nANSh@m@xA{AMc@Om@]}CE]Kq@SyACK?AOkA_@qCcAf@[yAJIKHZxAbAg@^pCNlABJRxAJp@D\\|CNl@Lb@v@w@TSd@c@pBeANGHEb@UPI\U^Wp@k@JVDVDf@@FCz@Jj@DXEYKk@B{@Go@EWKWq@j@_@V]TQHc@TIDOFqBdAe@b@URw@v@Mc@Om@SiB
WF2 0GU,60,1333,Village Stores → Outwood Primary Academy Kirkhamgate → The Star Inn → Shawfold Cars → Village Stores,3,1827,328,5min,opwfI`bnHl@]^vBe@b@URw@v@Mc@Om@]}CE]Kq@SyACK?AOkA_@qCcAf@[yAJIKHZxAbAg@^pCNlABJRxAJp@D\\|CNl@Lb@yAzAi@l@ORs@aAKMAu@F]?IOs@Nr@?HG\@t@~@nANSh@m@xA{Av@w@TSd@c@pBeANGHEb@UPI\U^Wp@k@JVDVDf@@FCz@Jj@DXEYKk@B{@Go@EWKWq@j@_@V]TQHc@TIDOFqBdA_@wBm@\
WF2 0GU,60,1334,Wakefield Flanshaw Junior and Infant School → West Villa → NAV Mini Market → Phoenix Young People's Centre → Wakefield Flanshaw Junior and Infant School,3,1529,218,3min,oqtfI~lhHa@lCGn@Ml@a@tB[~AMn@c@nBq@zBCFSn@Uj@]~@Ul@Ob@c@k@[g@Wc@OQKKc@YWzAU~AQlAEl@C\A^ZHPFPH??JJLT[v@c@pAGReAvCg@zAGIWKVJFHf@{An@eBTq@FSb@qAZw@JSf@iAj@wAh@mANc@Tm@\_ATk@Ro@BGp@{Bp@_DZ_B`@uBLm@Fo@`@mC
WF2 0GU,60,1335,War Memorial → The Star Inn → Outwood Primary Academy Kirkhamgate → Shawfold Cars → War Memorial,3,1714,311,5min,crwfIfgnHLb@yAzAi@l@ORs@aAKMAu@F]?IOs@Nr@?HG\@t@~@nANSh@m@xA{AMc@Om@]}CE]Kq@SyACK?AOkA_@qCcAf@[yAJIKHZxAbAg@^pCNlABJRxAJp@D\\|CNl@Lb@v@w@TSd@c@pBeANGHEb@UPI\U^Wp@k@JVDVDf@@FCz@Jj@DXEYKk@B{@Go@EWKWq@j@_@V]TQHc@TIDOFqBdAe@b@URw@v@Mc@
WF2 0GU,60,1336,War memorial in Kirkhamgate. → The Star Inn → Outwood Primary Academy Kirkhamgate → Shawfold Cars → War memorial in Kirkhamgate.,3,1698,309,5min,{qwfIzgnHDNyAzAi@l@ORs@aAKMAu@F]?IOs@Nr@?HG\@t@~@nANSh@m@xA{AMc@Om@]}CE]Kq@SyACK?AOkA_@qCcAf@[yAJIKHZxAbAg@^pCNlABJRxAJp@D\\|CNl@Lb@v@w@TSd@c@pBeANGHEb@UPI\U^Wp@k@JVDVDf@@FCz@Jj@DXEYKk@B{@Go@EWKWq@j@_@V]TQHc@TIDOFqBdAe@b@URw@v@EO
WF2 0GU,60,1337,"War Memorial, Kirkhamgate → The Star Inn → Outwood Primary Academy Kirkhamgate → Shawfold Cars → War Memorial, Kirkhamgate",3,1686,304,5min,gqwfI|gnHMLyAzAi@l@ORs@aAKMAu@F]?IOs@Nr@?HG\@t@~@nANSh@m@xA{AMc@Om@]}CE]Kq@SyACK?AOkA_@qCcAf@[yAJIKHZxAbAg@^pCNlABJRxAJp@D\\|CNl@Lb@v@w@TSd@c@pBeANGHEb@UPI\U^Wp@k@JVDVDf@@FCz@Jj@DXEYKk@B{@Go@EWKWq@j@_@V]TQHc@TIDOFqBdAe@b@URi@h@
WF2 0GU,60,1338,"War Memorial on Batley Road, Kirkhamgate → The Star Inn → Outwood Primary Academy Kirkhamgate → Shawfold Cars → War Memorial on Batley Road, Kirkhamgate",3,1686,304,5min,gqwfI|gnHMLyAzAi@l@ORs@aAKMAu@F]?IOs@Nr@?HG\@t@~@nANSh@m@xA{AMc@Om@]}CE]Kq@SyACK?AOkA_@qCcAf@[yAJIKHZxAbAg@^pCNlABJRxAJp@D\\|CNl@Lb@v@w@TSd@c@pBeANGHEb@UPI\U^Wp@k@JVDVDf@@FCz@Jj@DXEYKk@B{@Go@EWKWq@j@_@V]TQHc@TIDOFqBdAe@b@URi@h@
WF2 0GU,60,1339,West Ardsley Book Exchange → Hill Top Primary Academy → West Ardsley Methodist Church → The Mens Room → West Ardsley Book Exchange,3,7477,837,13min,qszfIvyqHTHj@RlEhBPFzAp@pBx@pBv@fAd@n@^d@b@eFbNGNm@dBo@|Ay@|BSh@S[EAIAKAGIo@cAOU??NTn@bAFHJ@H@D@RZRi@x@}Bn@}Al@eBFOdFcNe@c@o@_@gAe@NaB|@h@PBJMKLA?OC}@i@O`BqBw@qBy@{Aq@QGmEiBk@Sk@S{Ai@{@Wo@Uu@e@e@[CC]YuAoAkAaAs@i@gAaAGE[Wk@a@cDgCu@g@SGQEc@IKAeBS_@Go@OsB]SEQA?m@AaAA]E{@IaAKiBQ_CE}@AQAQIsAIqAAWMoBGaAIaAUeBYwB]oCe@uBi@mCMs@Gk@u@oH]mDOuAY{BIk@CSIs@OuA_AmHKcAKu@Ic@Rg@P]V_@V_@NMVU~@i@\Qn@UVIj@MZGn@StAq@fBy@\Q`@Sp@]z@g@vBoAh@a@XYP_@DIP}@De@FkABgA@m@zAHHAFEDGDMBSBaClALFDFHBJ@H?FALEJEDIDoA^CRELEFGDI@{AIEtBGjAEd@Q|@EHQ^YXi@`@wBnA{@f@q@\a@R]PgBx@uAp@o@R[Fk@LWHo@T]P_Ah@WTOLW^W^Q\Sf@Hb@Jt@JbA~@lHNtAHr@BRHj@XzBNtA\lDt@nHFj@Lr@h@lCd@tB\nCXvBTdBH`AF`ALnB@VHpAHrA@P@PD|@P~BJhBH`ADz@@\@`A?l@P@RDrB\n@N^FdBRJ@b@HPDRFt@f@bDfCj@`@ZVFDfA`Ar@h@jA`AtAnA\XBBd@Zt@d@n@Tz@VzAh@TH
WF2 0GU,60,1340,West Ardsley Community Centre → West Ardsley Methodist Church → West Ardsley Book Exchange → Highfield School → West Ardsley Community Centre,3,12804,1453,24min,qizfIb_sHFMV^S`@D@RZRi@x@}Bn@}Al@eBFOdFcNe@c@o@_@gAe@NaB|@h@PBJMKLA?OC}@i@O`BqBw@qBy@{Aq@QGmEiBk@Sk@SBWDS@S?Q?S@OLaBM`BAN?R?PARERCVTHTHj@RlEhBPFzAp@pBx@pBv@fAd@n@^d@b@eFbNGNm@dBo@|Ay@|BSh@KXKXO^Wt@_@`Aa@pAGV?FCTGxDA|@?JMdHAb@At@At@C~@MfJ?PA`@@p@J`A`@vBBb@LjGj@|Fp@jHJ|C?~BO`CYzCtDvBpJtFLF`J|EhHdEPHnBnAhE|B\RZRXLrAv@bAh@JDr@h@~AjA|@`Az@|AJN^n@r@zAlAnDHTHVpAlDp@`BHFHFD@F?N?^WPMp@UBAZKh@CHDTJZTTZb@ZH?HFb@i@tD{ITc@^q@bAqB\cAF_ACEAO?I?EBMDKFEBADAD@VIPAnBw@LMr@cAXa@JOX]h@aAlCmD~CsEbCmDdB_C`ByBT[x@gAGWOm@?a@Fs@\cA\i@zBmCTYR_@Jk@Bc@Ac@Ga@Oo@Yw@Og@IWUs@I[Oa@GUIUGU{@sCGSa@_AQWq@q@MKIIi@]QMQSGMUe@Sg@Ss@K]Mq@YgBKq@c@yBu@}BKWC[?w@@eA?kB?]Aa@?WCQAQAKCEIWMa@Qo@Qq@Mw@Kg@QoB]oDKoAQgBQyAO?eEhDdEiDN?PxAPfBJnA\nDJjADb@Jf@Lv@Pp@Pn@L`@HVBD@J@PBP?V@`@?\?jBAdA?v@BZJVt@|Bb@xBJp@XfBLp@J\Rr@Rf@Td@FLPRPLh@\HHLJp@p@PV`@~@FRz@rCFTHTFTN`@HZTr@HVNf@Xv@Nn@F`@@b@Cb@Kj@S^UX{BlC]h@]bAGr@?`@Nl@FVy@fAUZaBxBeB~BcClD_DrEmClDi@`AY\KNY`@s@bAMLoBv@GRMP?D@NALCJ?@GHGDS`@OH]bAcApB_@p@Ub@uDzIWfA?NCNELKJI?IEGICKAQ@SMy@U[[UUKIEi@B[JC@q@TQL_@V]VSi@q@aBqAmDIWIUmAcCk@iAa@{@qBwCk@m@wAiA_Am@q@e@yCaBeBaA_CmAmAw@a@S}DuBqC{AyImFeP}I@g@X{CNaC?_CK}Cq@kHk@}FMkGCc@a@wBKaAAq@@a@?QLgJB_A@u@@u@@c@LeH?K@}@FyDBU?GFW`@qA^aAVu@N_@JYJYS[EAIAKAGIPe@
WF2 0GU,60,1341,West Ardsley Methodist Church → West Ardsley Community Centre → West Ardsley Book Exchange → The Star Inn → West Ardsley Methodist Church,3,6229,593,9min,q}yfIvarHOC}@i@O`BfAd@n@^d@b@eFbNGNm@dBo@|Ay@|BSh@S[EAIAKAGIPe@FMV^S`@D@RZRi@x@}Bn@}Al@eBFOdFcNe@c@o@_@gAe@qBw@qBy@{Aq@QGmEiBk@Sk@SBWDS@S?Q?S@OLaBM`BAN?R?PARERCVTHTHj@RlEhBPFzAp@pBx@pBv@fAd@n@^d@b@FOZ{@HYViA^iBXgARm@R]^a@JInBeBr@w@j@}@Xq@ZcA\gBTmATcAb@cB|@yCBGt@}BtA_E~@wDXsBn@cFRmARw@Vq@b@o@r@q@xA_Ad@YRSJ]Jm@h@wELw@Pu@Ne@Tg@`@m@\YPM\I\GXAB?d@HZDR?NAlAQjAODAXOXWXg@Rk@Ru@t@aDNg@Vo@\s@zBgDRY^g@s@aAKMAu@F]?IOs@Nr@?HG\@t@~@nA_@f@SX{BfD]r@Wn@Of@u@`DSt@Sj@Yf@YVYNE@kANmAPO@S?[Ee@IC?Y@]F]HQL]Xa@l@Uf@Od@Qt@Mv@i@vEKl@K\SRe@XyA~@s@p@c@n@Wp@Sv@SlAo@bFYrB_AvDuA~Du@|BCF}@xCc@bBUbAUlA]fB[bAYp@k@|@s@v@oBdBKH_@`@S\Sl@YfA_@hBWhAIX[z@GNe@c@o@_@gAe@NaB|@h@NB
WF2 0GU,60,1342,West Villa → Wakefield Flanshaw Junior and Infant School → NAV Mini Market → Phoenix Young People's Centre → West Villa,3,1690,274,4min,sutfIp|hHLo@Z_B`@uBLm@Fo@`@mCf@mD\T]UiAzHGn@Ml@a@tB[~Aq@~Cq@zBCFSn@Uj@]~@Ul@Ob@c@k@[g@Wc@OQKKc@YWzAU~AQlAEl@C\A^ZHPFPH??JJLT[v@c@pAGReAvCg@zAGIWKVJFHf@{An@eBTq@FSb@qAZw@JSf@iAj@wAh@mANc@Tm@\_ATk@Ro@BGp@{Bb@oB
WF2 0GU,60,1343,West Yorkshire Police Bishopgarth House → West Yorkshire Police Learning & Development Centre → Cardigan House → Driver Training Area → West Yorkshire Police Bishopgarth House,3,9946,536,8min,{uyfIxzjH??JCJAFABG?IEmAh@OKgDAS?Q?Q?Q@QFaB?Q?MEWOIGCI?ODeCnDg@h@g@b@cAp@iB`ASJIDGHIHEHCHYlA?BCvA?P@P@RDRThAf@~Br@|CnB|INn@bApEj@fCR|@x@nD\|AtAxDbCzFbCdFbAjBb@x@bAjBnCrD|CfEjDpDxFdFfMjJzBxA`CrAtBfAtDrBtG`Dn@R~FjBlGhAdE\xDDvEOnE[hOcClImApBYzRuF^OZSPMNQNUj@{ARg@POPMLINEP@RBTLVXJXFVDVDX@\?ZAtDA|@AZA\ETW~@MZk@Va@@OCWOMOMUIOi@w@a@So@E{Lh@qAFsFj@sInAeOdCoE`@cFJwDImE]eGaAaGiBs@W_HeDkDqBuBiAcCcB}B_BqFsDiF{DkFqEoD{DaDeE}BqDmAkBc@y@wAuCoEsJuBoF_AqCo@wA_AuCqA}DOc@}BiHwAmEQa@Uu@K]MYKWGMGKGIGIGGEEMIOKc@SEAc@e@OUGQEOEQAMAOAQ?S@O@O?GDQFWFWFOFMrAuBHKFGFGHGHGJCHAH?H?H@JDt@NZLPBLBR@NANCLEJGZSjAy@`A_A`AkAb@o@\Ut@gALKJ?FJJ`@BNDV?L?PG`BAP?P?P?P@RJfDi@NDlA?HCFG@K@KB??
WF2 0GU,60,1344,West Yorkshire Police Learning & Development Centre → Cardigan House → West Yorkshire Police Bishopgarth House → Driver Training Area → West Yorkshire Police Learning & Development Centre,3,19016,974,16min,o|yfIrvkHbApEj@fCR|@vAlGtAxDbCzFbCdFbAjBb@x@bAjBnCrD|CfEjDpDxFdFfMjJzBxA`CrAtBfAtDrBtG`Dn@R~FjBlGhAdE\xDDvEOnE[hOcClImApBYzRuF^OZSPMNQNUj@{ARg@POPMLINEP@RBTLVXJXFVDVDX@\?ZAtDA|@AZA\ETW~@MZk@Va@@OCWOMOMUIOi@w@a@So@E{Lh@qAFsFj@sInAeOdCoE`@cFJwDImE]eGaAaGiBs@W_HeDkDqBuBiAcCcB}B_BqFsDiF{DkFqEoD{DaDeE}BqDmAkBc@y@wAuCoEsJuBoF_AqCo@wA_AuCqA}DOc@}BiHwAmEQa@Uu@K]MYKWGMGKGIGIGGEEMIOKc@SEAc@e@OUGQEOEQAMAOAQ?S@O@O?GDQFWFWFOFMrAuBHKFGFGHGHGJCHAH?H?H@JDt@NZLPBLBR@NANCLEJGZSjAy@`A_A`AkAb@o@\Ut@gALKJ?FJJ`@BNDV?L?PG`BAP?P?P?P@RJfDi@NG_BIgCAYAOEECAEHIJKNCD@^FxBDrB@f@DRDFBB??JCJAFABG?IEmAh@OKgDAS?Q?Q?Q@QFaB?Q?MEWOIGCI?ODeCnDg@h@g@b@cAp@iB`ASJIDGHIHEHCHYlA?BCvA?P@P@RDRThAf@~Br@|CnB|I~BhKR|@x@nD\|AtAxDbCzFbCdFbAjBb@x@bAjBnCrD|CfEjDpDxFdFfMjJzBxA`CrAtBfAtDrBtG`Dn@R~FjBlGhAdE\xDDvEOnE[hOcClImApBYzRuF^OZSPMNQNUj@{ARg@POPMLINEP@RBTLVXJXFVDVDX@\?ZAtDA|@AZA\ETW~@MZk@Va@@OCWOMOMUIOi@w@a@So@E{Lh@qAFsFj@sInAeOdCoE`@cFJwDImE]eGaAaGiBs@W_HeDkDqBuBiAcCcB}B_BqFsDiF{DkFqEoD{DaDeE}BqDmAkBc@y@wAuCoEsJuBoF_AqCo@wA_AuCqA}DOc@}BiHwAmEQa@Uu@K]MYKWGMGKGIGIGGEEMIOKc@SEAc@e@OUGQEOEQAMAOAQ?S@O@O?GDQFWFWFOFMrAuBHKFGFGHGHGJCHAH?H?H@JD^\JNFJDLDLBPBN@N@P?P?P?P?BCvA?P@P@RDRThAf@~Br@|CnB|INn@
WF2 0GU,60,1345,White Rose Sandwich Co. → BP Manor Service Station → Main Street Fisheries → St Michaels Church → White Rose Sandwich Co.,3,1778,384,6min,yl{fIr~kHe@}CCQKy@]cCZNJ@ZDZ@L?n@Al@AR_@f@dAOZGN_AMw@pCa@lCg@iDCQKy@]cCZNJ@Be@a@M??`@LCd@ZDZ@L?n@Al@AUp@EPw@pCa@lCWzCMhAy@BeAZWTUV}@p@}@f@AI{DbAGXNfANTHFFn@Go@IGOUOgAFYtA_@dBc@@H|@g@|@q@TWVUdA[x@CLiAV{CAK
WF2 0GU,60,1346,Wrenthorpe Academy → Hong Kong Vegan → St Annes → Spot on Dog Grooming → Wrenthorpe Academy,3,2963,321,5min,cqwfI`chHIRCHc@~AYbA[~@k@{@[YaBqA}@o@k@_@]UUO_CeBvB{Cr@_Ar@w@l@e@n@a@dBcADAt@g@b@Yp@_@d@UTMrBcAtBmAJI^Qh@UdBi@TORQVYz@}@\Yr@]ZETCp@A`@?\?`@EZOMr@Or@Gh@?f@B^J^Tn@FNLZRp@Jb@DX@l@@p@@`@@L?NHv@L`A@JB\@Z?r@Ad@En@Gl@WdBG\KhAMt@]xAY|@o@dBUl@aAbEEJW|@MTORYR_@LODYHI@UBc@E{B_@g@UGIY[[U}@a@GC}@a@]OQIOOWa@k@_AS[e@s@]g@u@kAk@{@[YaBqACAy@m@G^I@WQODLu@j@^|@n@`BpAZXj@z@Z_AXcAb@_BBIHS
WF2 0GU,60,1347,Wrenthorpe Club → Declans → Pinderfields Hospital PRU → The Lawrence → Wrenthorpe Club,3,1957,349,5min,e|wfIlehHHAF_@k@_@]UUO_CeBqA_Ak@_@IIZyAGOIUHTFN[xAHHj@^pA~@l@b@pA`ATN\Tj@^|@n@`BpAZXj@z@Z_AXcAb@_BBILLl@j@??m@k@MMCHc@~AYbA[~@k@{@[YaBqA}@o@k@_@]UUO_CeB_@h@CBW^uA~BmAtBKPe@iAIUEO?O@OBSZm@DED@HNIOEAED[l@CRAN?NDNHTLZVl@JQlAuBtA_CV_@BC^i@~BdBTN\Tj@^G^I@
WF2 0GU,60,1348,Wrenthorpe Dental Care → The Well Church (Elim Pentecostal) → Wrenthorpe Methodist Church → Wrenthorpe Post Office → Wrenthorpe Dental Care,3,1637,314,5min,q`wfIhaiH|@QHAXGVEG}@EkBODYHI@UBc@EMNWNINKZI\ITi@XMNEPG^EZOEQCG?USMOReADUj@cDGIY[[U}@a@FYb@eATy@Ux@O\Sf@GX|@`@ZTXZn@}DL{@@AH_@Po@Je@Jo@Fa@D[@IDUFg@BSBMD[F]BUFc@@EJg@BIPRNFTJNFTFN?F@xCBX@VPt@v@PT]xAY|@o@dBUl@Qp@o@pCEJW|@MTORYR_@LDjBF|@WDYFI@}@P
WF2 0GU,60,1349,Wrenthorpe Methodist Church → The Well Church (Elim Pentecostal) → St Annes → The New Wheel → Wrenthorpe Methodist Church,3,1494,258,4min,whwfIvthHSf@GX|@`@ZTXZFHf@TzB^MNWNINKZI\ITi@XMNEPG^EZOEQCG?USMOReADUj@cDGIY[[U}@a@GC}@a@]OQIOOWa@k@_AS[e@s@Rg@@CTk@Uj@ABSf@d@r@RZbA`BNNPH\N|@`@FB|@`@ZTXZFHf@T`BXXDMNWNINKZI\ITi@XMNEPG^EZOEQCG?USMOReAp@yDGIY[[U}@a@FYRg@
WF2 0GU,60,1350,Wrenthorpe Park & Alverthorpe Meadows → Alverthorpe & Wrenthorpe Meadows LNR → Silcoates School → Conroyds Fish and Chips → Wrenthorpe Park & Alverthorpe Meadows,3,8644,1098,18min,cnufIlxgHTSf@g@V|@`@vAVz@Tz@Tr@Td@PVRRRLXLXBX?f@OFbAV|DJpAo@QmCe@KE??JDlCd@n@P~@V`Cj@\cABEJ[Ha@Ho@Dg@@k@?q@QqCIaAh@OnA_@VIVGpBm@|Ac@OxAAJEf@g@jCKf@OfAiAzHGn@Ml@a@tB[~Aq@~Cq@zBCFSn@Uj@]~@Ul@Ob@i@lAk@vAg@hAKR[v@c@pAGReAvCg@zAg@|AMZM\]v@q@fBGL_@`As@fBs@hBwBvE}BrGW~@q@`Ce@rBW|@Qh@Wb@[^q@h@eBzA_AbAc@h@cAlBCHsAeC]u@k@qAQ]qAoCIQFSn@_GTaCN{Cd@cR@MJkARuA@UFa@Dk@D]BS@U?[C[GSOa@U_@}@aBVg@Dw@?s@?GFWFMPi@HQBQ?KESAG?E?KF]DYNa@`@eAKQGO?G?Md@sA??e@rA?L?FFNJPb@iABGBADADBDHBJ?@?F_B`EELAJAL@L?B@DFHFBDFBHFLDHDHBL@LAPA|@CZAXIhAGrACXCNMPOa@U_@}@aBS_@Wc@y@gAw@eAw@aAsAiBaAwAS[AC_@o@e@q@IMMg@Mm@Gi@G}@EkB^MXSNSLUV}@DKx@oDFSTm@n@eBX}@\yALu@JiAF]VeBFm@Do@@e@?s@A[C]AKMaAIw@?OAMAa@Aq@Am@EYKc@Sq@M[GOUo@K_@C_@?g@Fi@Ns@Ls@NG`@Wb@c@fCyCb@g@jAoA|BcCNMxAwAh@m@V[T_@d@iAVk@d@aBT}@\{A^uA|@uC\cAPo@H[F_@BSN@L@J?HADCDGb@i@FGFI@EFIHQJYDQBUFq@@M@M@MBc@H@F?B?@?L@N?VAJAJARCLEPERGDCHCJGLININKFEFGFELO@A^]^]b@c@z@{@`AcAZYb@e@NO|A_BFE@AdAgAr@s@r@u@JEHEn@Al@@hBALAN?F?FBLL@DNPDFNRRRV\VZI`@ADCJAFOp@i@zBWjAOnAO`AYhAMb@a@|AMx@@j@NrAPdAHl@@BJn@VtB@D@FH`AHlA?J@j@@x@AbAIdAIz@Kn@]~AUx@Kb@Ij@IAMBmBjBUTEBCD]\w@bAGLGLwAhCy@jAILg@p@mAdBKN[`@MVi@z@e@`Ag@jA]j@Yn@]n@k@x@[^a@h@g@f@UR
WF2 0GU,60,1351,Wrenthorpe Post Office → The Wren Cafe → The New Pot Oil → Wrenthorpe Methodist Church → Wrenthorpe Post Office,3,1833,271,4min,_xvfItqhHo@pCEJW|@MTORYR_@LODYHI@UBc@E{B_@g@UGIn@}DL{@@AH_@Po@PJXLn@VJLf@v@T\JHDBH?FADIHSpAeFJ_@Rk@Pc@DMVq@Pc@Ds@VPt@v@PT]xAY|@o@dBUl@aAbEEJW|@MTORYR_@LODIBODI@UBc@E{B_@g@UGIY[[U}@a@FYb@eATy@Ux@O\Sf@GX|@`@ZTXZFHf@TzB^b@DTCHAXINE^MXSNSLUV}@DKn@qC
WF2 0GU,60,1352,Wrenthorpe Potovens → The Well Church (Elim Pentecostal) → Wrenthorpe Post Office → Hall Cliffe Primary School → Wrenthorpe Potovens,3,1655,257,4min,{|vfI|~hHCSEkBODYHI@UBc@EMNWNINKZI\ITi@XMNEPG^EZOEQCG?USMOReADUj@cDGIn@}DL{@@AH_@Po@Je@Jo@Fa@D[@IDUFg@BSBMD[F]BUFc@@EJg@BIPRNFTJNFTFN?F@xCBX@VPt@v@PT]xAY|@o@dBUl@Qp@o@pCEJW|@MTORYR_@LDjBF|@Fh@Ll@Lf@Dd@Bp@BnA?d@?t@?hBL?ZXXB@?[C[YM??iB?u@?e@CoACq@Ee@Mg@Mm@Gi@Ci@
WF2 0GU,60,1353,Wrenthorpe Village Hall → The Well Church (Elim Pentecostal) → Wrenthorpe Post Office → Wrenthorpe Methodist Church → Wrenthorpe Village Hall,3,1880,317,5min,k~vfIt`iH@?XGVEG}@EkBODYHI@UBc@EMNWNINKZI\ITi@XMNEPG^EZOEQCG?USMOReADUj@cDGIn@}DL{@@AH_@Po@Je@Jo@Fa@D[@IDUFg@BSBMD[F]BUFc@@EJg@BIPRNFTJNFTFN?F@xCBX@VPt@v@PT]xAY|@o@dBUl@Qp@o@pCEJW|@MTORYR_@LODYHI@UBc@E{B_@g@UGIY[[U}@a@FYb@eATy@Ux@O\Sf@GX|@`@ZTXZFHf@TzB^b@DTCHAXINEDjBF|@WDYFA?
