Postcode	Duration (min)	Route Index	Name	Description	Waypoint Count	Waypoint 1	Waypoint 2	Waypoint 3	Distance (m)	Duration (sec)	Polyline	Generate Polyline
S4	20	1			2	New Roomstyle (S4)	J W Young (Butchers) Ltd (S4)		1793	1345	u~zdI~xvGCuA?E?E?E@GRqC@SdBdAm@bDId@Kb@EPGPABAVAHCLINILKLSFURa@`@IHa@d@q@p@S\EDWVK[K]EOCMCMGq@GQGOYo@_@i@o@y@[a@m@u@CCK\Qn@?BCD[dAu@~Be@w@mAmBBtH@LXh@rAgEt@_CZeABE?CPo@J]BBl@t@Z`@n@x@^h@Xn@N`@Pd@L`@@JFXPENEREp@q@`@e@HI`@a@TSHSL_@DGHQBGNM@CFQDQJc@He@l@cDeBeAARSpCAF?D?D?DBtA	Click to Generate
S4	20	1			2	Traditional Therapy (S4)	Anvil (S4)		1808	1356	ym{dIzxvGBIJ]BBl@t@Z`@d@_CPL\TH]^Tc@dCCXGf@GPWp@ELKZcAtCjAfBGx@Q~BADIfBAt@i@rBg@hAk@|Ao@Ki@SgA]_@vC{Ai@oAc@AAW_@WSYOm@?OX??NYl@?XNVRV^@@nAb@zAh@^wCfA\h@Rn@Jj@}Af@iAh@sB@u@HgB@EP_CFy@kAgB][a@OOQkAgBt@_CZeABE?CLe@	Click to Generate
S4	20	1			2	Lustrous Furniture (S4)	Anvil (S4)		1829	1372	el{dI|xvGLNZ`@n@x@^h@JaATEp@OA]Ke@?G@GBM?CAOKGIGCTc@dCK`AGPWp@ELKZcAtCjAfBGx@Q~BADIfBAt@i@rBg@hAk@|Ao@Ki@SgA]_@vC{Ai@oAc@AAW_@WSYOm@?OX??NYl@?XNVRV^@@nAb@zAh@^wCfA\h@Rn@Jj@}Af@iAh@sB@u@HgB@EP_CFy@kAgBbAuCJ[DMVq@FQ_@i@o@y@[a@MO	Click to Generate
S4	30	1			2	PDSA (S4)	J W Young (Butchers) Ltd (S4)		2952	2214	am|dIdxwGw@BKBEBCBc@`@u@wAWQIOS[GIYa@S]KUIOJYFQP_@LSVWl@oAR\Sd@??Re@S]Xo@f@eAv@gBdA}Br@aBJWXs@Tu@\eAb@kAfA{C`ByEJ[n@wBVu@DKL]^h@@BJLNTFHJP^h@FL`@p@j@|@R^LRBDBDV\nAfBx@dAZ^JP\^FFFHx@~@K\Qn@?BCD[dAu@~BsAfEYi@AMCuHlAlBd@v@jAfBNP`@N\ZjAfBGx@Q~BADIfBAt@i@rBg@hAk@|Ao@Ki@SgA]}@[iAe@g@OiA_@gB{@KCAA}@]MEyGeCmBs@EAEAE@E@E@EFEHgA~BM`@GLABMH@XLh@t@vAb@a@BCDCJCv@C	Click to Generate
S4	20	1			2	Scott Road Store (S4)	Masjid Umar (S4)		1549	1162	ky|dItc{GP`@y@xBw@lBKZGPQf@ITMZy@`CI\In@Iz@IlAO~CMIGGGM_EaNe@}AmBPKAIEIQq@kA}@hBLUn@sAp@jAHPHDJ@lBQd@|A~D`NFLFFLHN_DHmAH{@Ho@H]x@aCL[HUPg@Rm@v@mBx@yBQa@	Click to Generate
S4	30	1			2	Le Bon Vin (S4)	PDSA (S4)		2412	1809	s~{dIx{wGNYl@?XNVRV^@@nAb@zAh@^wC}@[iAe@g@OiA_@gB{@KCAA}@]MEyGeCmBs@EAEAE@E@E@EFEHgA~BM`@GLABMH@XLh@t@vA`@x@`AnBJNPWBAPWUXQVKOaAoBa@y@u@wAWQIOS[GIYa@S]KUIOJYFQP_@LSVWl@oAR\Sd@??Re@S]m@nAQn@Ub@CFIPR\b@t@DFJBNCHI@?JMNMfA_CDIDGDADADAD@D@lBr@xGdCLD|@\@@JBfBz@hA^f@NhAd@|@Z_@vC{Ai@oAc@AAW_@WSYOm@?OX	Click to Generate
S4	20	1			2	The Carlton Hotel (S4)	Anvil (S4)		1619	1214	gi{dIn|vGZb@Xn@N`@Pd@L`@@JFXBh@BF@Fb@nBBHHd@XtAKXo@bBIb@_AbDeA_Ao@k@i@rBg@hAk@|Ao@Ki@SgA]_@vC{Ai@oAc@AAW_@WSYOm@?OX??NYl@?XNVRV^@@nAb@zAh@^wCfA\h@Rn@Jj@}Af@iAh@sB@u@HgB@EP_CFy@kAgBbAuCJ[DMVq@FQ[c@	Click to Generate
S4	20	1			2	New Roomstyle (S4)	Anvil (S4)		1748	1311	ok{dItxvGGVZ`@n@x@^h@Xn@FNFPPd@L`@@JFXBh@DNb@nBBHHd@XtAKXo@bBIb@_AbDeA_Ao@k@i@rBg@hAk@|Ao@Ki@SgA]_@vC{Ai@oAc@AAW_@WSYOm@?OX??NYl@?XNVRV^@@nAb@zAh@^wCfA\h@Rn@Jj@}Af@iAh@sB@u@HgB@EP_CFy@kAgBbAuCJ[DMVq@FQ_@i@o@y@[a@FW	Click to Generate
S4	20	1			2	Traditional Therapy (S4)	Anvil (S4)		1909	1432	yc{dIvbwGGHS\EDWVK[K]EOCMCMGq@Oa@Yo@_@i@o@y@d@_CPL\TH]^Tc@dCCXGf@GPWp@ELKZcAtCjAfBGx@Q~BADIfBAt@i@rBg@hAk@|Ao@Ki@SgA]_@vC{Ai@oAc@AAW_@WSYOm@?OX??NYl@?XNVRV^@@nAb@zAh@^wCfA\h@Rn@Jj@}Af@iAh@sBn@j@dA~@~@cDHc@n@cBJYYuAIe@CIc@oBEOK[BIBCPENEREFI	Click to Generate
S4	30	1			2	JBM Automotive (S4)	Wood Hill House (S4)		2938	2204	sq|dItpyG???KAKCK_@i@S[EMCYCMIQ_BrDk@tArA`ClBbDh@uAJUJKHCLAJBNFLPtBxDMj@Lk@qAaCc@w@MQOGKCM@IBKJKTi@tAf@v@nBjDDHJRVd@Wt@a@fAGR_AlCIRm@bBSl@IVUr@KNIDIBYFG?a@@QCSUQYa@w@Se@Ic@Ia@}@eD_AqDy@kCcAcDW{@_@yAc@oAY_AIUk@aBSq@aAsCAC]}@aAaBu@_BUk@M[Qk@Mk@Ky@OcAM}@OeAT_@h@mAdAuBXx@@F|BzFfBxDrAbClArBT\BDdAlBjCpEfAjBDHj@uA~AsDHPBLBXDLRZ^h@BJ@J?J??	Click to Generate
S4	20	1			2	Premier Doors (S4)	Anvil (S4)		1777	1333	_e{dInkwGe@b@}@w@UU[e@kAgBbAuCJ[DMVq@FQXn@N`@Pd@BDHZ@JFXBh@DNb@nBBHHd@XtAKXo@bBIb@_AbDeA_Ao@k@i@rBg@hAk@|Ao@Ki@SgA]_@vC{Ai@oAc@AAW_@WSYOm@?OX??NYl@?XNVRV^@@nAb@zAh@^wCfA\h@Rn@Jj@}Af@iAh@sB@u@HgB@EP_CFy@Zd@TT|@v@d@c@	Click to Generate
S4	20	1			2	National Blinds (S4)	Anvil (S4)		1610	1208	si{dI`|vGFF^h@Xn@N`@Pd@L`@@JFXPELE@?RES\EDWVK[K]o@tAy@dBGx@Q~BADIfBAt@i@rBg@hAk@|Ao@Ki@SgA]_@vC{Ai@oAc@AAW_@WSYOm@?OX??NYl@?XNVRV^@@nAb@zAh@^wCfA\h@Rn@Jj@}Af@iAh@sB@u@HgB@EP_CFy@kAgBbAuCJ[DMVq@FQ_@i@GG	Click to Generate
S4	20	1			2	Warty Lounge (S4)	Anvil (S4)		1667	1250	ab{dIv~vGRp@a@d@q@p@S\EDWVK[K]OZ_@x@y@dBGx@Q~BADIfBAt@i@rBg@hAk@|Ao@Ki@SgA]_@vC{Ai@oAc@AAW_@WSYOm@?OX??NYl@?XNVRV^@@nAb@zAh@^wCfA\h@Rn@Jj@}Af@iAh@sBn@j@dA~@~@cDHc@n@cBJYYuAIe@CIc@oBEOK[BIBCPENEREp@q@`@e@Sq@	Click to Generate
S4	20	1			2	Norwood and Bishopsholme Community Centre (S4)	Singh's Premier (S4)		1767	1325	ev~dIp`~GMo@YkAGIIE??Q@MBMBG?cBfAKFIBu@HSBKBI@g@JOBEDGJUh@IKOOEEIKME_@QkAg@iAc@G?IBEe@[qCe@kEeAaJC]dE_K^TXNVDFBrBX\FD?TP^j@`@n@HJ\h@LPQd@IPUj@]fAUv@ENYzAWtAKv@It@CVGfAI|BEdA?TE~@Cn@C\HJDDNNHJTi@FKDENCf@KHAJCRCt@IHCJGbBgAF?LCLCPAHDFHXjALn@	Click to Generate
S4	30	1			2	La Piazza (S4)	J W Young (Butchers) Ltd (S4)		2943	2207	qn|dIhxwGG?KBEBCBc@`@u@wAWQIOS[GIYa@S]KUIOJYFQP_@LSVWHTBLD`@e@x@DK^m@Ea@CMIUl@oAXo@f@eAv@gBdA}Br@aBJWXs@Tu@\eAb@kAfA{C`ByEJ[n@wBVu@DKL]^h@@BJLNTFHJP^h@FL`@p@j@|@R^LRBDBDV\nAfBx@dAZ^JP\^FFFHx@~@K\Qn@?BCD[dAu@~BsAfEYi@AMCuHlAlBd@v@jAfBNP`@N\ZjAfBGx@Q~BADIfBAt@i@rBg@hAk@|Ao@Ki@SgA]}@[iAe@g@OiA_@gB{@KCAA}@]MEyGeCmBs@EAEAE@E@E@EFEHgA~BM`@GLABMH@XLh@t@vAb@a@BCDCJCF?	Click to Generate
S4	30	1			2	La Piazza (S4)	Eye of Needle (S4)		2565	1924	y||dI`hxG_A_BAAACYe@jCcGfAeCt@aBJk@DINa@JYFQP_@LSVWHTBLD`@e@x@DK^m@FrAFn@HI@?JMNMfA_CDIDGDADADAD@D@lBr@xGdCLD|@\@@JBfBz@hA^f@NhAd@|@Z_@vC{Ai@oAc@AAW_@WSYOm@?OX??NYl@?XNVRV^@@nAb@zAh@^wC}@[iAe@g@OiA_@gB{@KCAA}@]MEyGeCmBs@EAEAE@E@E@EFEHgA~BM`@GLABMHM@WBGIYa@KCKAI?G?O?QXu@`BgAdCkCbGXd@@B@@~@~A	Click to Generate
S4	15	1			2	Wood Hill Grange (S4)	Osgathorpe Park (S4)		1130	848	io}dIdbyGf@bA`A`B\|@@B`ArCRp@Z~@N`@HT|@nC^xA]c@ESEEEEMBq@t@Xv@h@~AgCzCKWw@{B@KdCsCp@u@LCDDDDDR\b@_@yA}@oCIUk@aBSq@aAsCAC]}@aAaBg@cA	Click to Generate
S4	30	1			2	Masjid Umar (S4)	Tea and Cakes (S4)		2763	2072	uq}dIb{{GAN?JFVLt@@DADEDSNCLAV\Ar@?l@?DBDDBJDCJETGPARAL?YcAEOk@uBSs@lAmALOBG?G_@oAc@uAY_AEOIEIQq@kA}@hBLUn@sAp@jAHPHDJ@lBQd@|A~D`NFLFFLHN_DHmAH{@Ho@H]x@aCL[HUPg@Rm@kAqCeAkCw@qB_AcCGHI\Ml@CRQDMHKFCHADCN?VBVFPb@jAb@dAJTKNt@zEBHDBD?DIp@gBdAqCjApCSl@Qf@ITMZy@`CI\In@Iz@IlAO~CAl@QzDOpCA\IfBCHQVo@uBQi@[gA{@}Ce@{ASo@M?S@Q@UFKDEBCKEEECm@?s@?]@@WBMRODE@EAEMu@GW?K@O	Click to Generate
S4	60	1			2	Steel sign for Kelham Island Museum (S4)	St. James Church (S4)		4849	3637	oqzdIfp~GPoARgBFg@@CBE@A@?BA@?PJL?NCJEAKAWAO?O?O@Q@Q@MN}BF{@Dq@@M@QB]Fa@[MSKICYMIEy@_@C?K?C@G@A@EBM@E?KAIAEAWCGAoACMAS@G@C@EDED_AvAEFWb@INCBCBC@SBeAVGBGBEBA@C@EBEBKH}ApAOJMFMFKDKBOBMBM@Q?m@EI?aBIsAEuBI}@KYMc@Wk@k@mBqBy@_A]_@UUEGW]GGiB}BMO]We@SUGQG_@EKAEAu@IGAGAOCOEICGCICq@[m@YGCOGOGIE]SGC]Ue@g@CCe@o@[g@CEWc@CEEIMWISOYWa@_@m@MS_@o@Ye@[q@Ue@EIa@}@Sc@u@aBa@aAEKPWBIHgB@]NqCP{DFBFDFJFJRWJ]@IGY??FXAHK\SVGKGKGEGCQzDOpCA\IfBCHQVDJ`@`At@`BRb@`@|@DHTd@Zp@Xd@^n@LR^l@V`@NXHRLVDHBDVb@BDZf@d@n@BBd@f@\TFB\RHDNFNFFBl@Xp@ZHBFBHBNDNBF@F@t@HD@J@^DPFTFd@R\VLNhB|BFFV\DFTT\^x@~@lBpBj@j@b@VXL|@JtBHrAD`BHH?l@DP?LALCNCJCJELGLGNK|AqAJIDCDCBA@ADCFCFCdAWRCBABCBCHOJNFDHDv@XJBH@F?F?H?FAFAHAHAHEHEJGJEHEFEBCDCDAJCJy@Be@Be@@c@@G?Q?k@?ICw@?]By@PeDNYFED?D?A\@X@\@TFh@D\BNFTHTL^DHd@hAFNBBLP@DHJHPBDBTHP@L?NCVG`@C\APALEp@Gz@O|BALAPAP?N?NBf@@JKDOBM?QKA?C@A?A@CDABGf@SfBQnA	Click to Generate
S4	60	1			2	Hillsborough Barracks Memorial (S4)	Watercliffe Meadow Community Primary School (S4)		7621	5716	{__eIvaaH?dBBD@N}@nB]v@GKSe@[k@k@gAYg@[i@i@y@GIo@_Aq@u@SYOzAMzAIpBC`BCrAGzF?B?NAzB@f@BZ@FNv@Jj@Nh@Rl@p@tAf@x@d@hA^lAXhAJh@Lh@n@lCX|AD\Lx@Hf@Ff@VjBv@hGHl@DZJp@D`@PtAFf@FZP|AJLFHRLF@j@Ul@Sb@Sn@Y|Ao@ZMbA]FCVKZKTIlAa@fBc@dAUDAFATE\Gj@MjASp@QFAt@St@Or@Sb@KFEXIVMXKHGJIJIHIBCPOEQCQ?YBc@@IFc@Jm@BSFS?I?O?W?]?SAWA_@Ce@AWAMCe@CSC_@Ec@CMCMEMQe@KWo@cBo@aBM[{BqFSe@IMGIEEGEIEICI?GAG@E@G@GBgC|AGDEDGFCDEHCDc@jAEDA@A?C?C?AAECi@m@EEACCG?G?G@I?CH]@M??ALI\?BAH?F?FBF@BDDh@l@DB@@B?B?@?@ADEb@kABEDIBEFGDEFEfC}AFCFADAFAF@H?HBHDFDDDFHHLRd@zBpFLZn@`Bn@bBJVPd@DLBLBLDb@B^BRBd@@L@VBd@@^@V?R?\?V?N?H@T?J?L@L@HD\HHDNBLDXBX?b@MNIJQPGDMFIFIDy@Zo@R{@Vk@Nu@Pc@NE@gAVcATy@PQDE?G@[FWFUDKB{@PoA^SFSFODMB_@LSHo@T]NOH_A^q@Xs@ZOD]Ru@ZUL[GCAMOCSEi@Q}AG[Gg@QuAEa@Kq@E[Im@w@iGWkBGg@Ig@My@E]Y}Ao@mCMi@Ki@YiA_@mAe@iAg@y@q@uASm@Oi@Kk@Ow@AGC[Ag@@{B?O?CF{FBsABaBHqBL{AN{AF]Ha@Pi@JYNWb@}@v@yAv@sAd@_AN_@Z_AP_Ap@{Et@{ENiAN_ADYBKVsBJ_ADk@Bk@?{@GgAXIrAc@J?N?JFJFhBtBZkAFW\eBaBuAZeBQq@MO??LNPp@DEH@FFpAr@c@bC]dBGV[jAQt@m@zBs@~BWx@I^G\I|@CVQtAMfAu@lFe@jCMz@CHI`@Qr@Mb@IVGNQd@EFUd@m@bAYf@QZIPk@bAiAnBh@x@Zh@Xf@j@fAZj@Rd@FJ\w@|@oBAOCE?eB	Click to Generate
S4	45	1			2	Le Bon Vin (S4)	Colourcraft Limited (S4)		3386	2540	s~{dIx{wGNYl@?XNVRV^@@nAb@zAh@^wC}@[iAe@g@OiA_@gB{@KCAA}@]MEyGeCmBs@EAEAE@E@E@EFEHgA~BM`@GLABMH@XLh@t@vA`@x@`AnBJNPWBAPWUXQV`@r@\~@Nd@Nb@J\J`@VxALr@Lb@X^NZFLRZd@n@RVRTF^@F?L@FCHEHILABS^Wj@MR{@pBdA|Aw@fB_ApB_DyF}F{JsBoDqBkD_A_BAAACYe@jCcGfAeCt@aBJk@DINa@JYFQP_@LSVWHTBLD`@FrAFn@HI@?JMNMfA_CDIDGDADADAD@D@lBr@xGdCLD|@\@@JBfBz@hA^f@NhAd@|@Z_@vC{Ai@oAc@AAW_@WSYOm@?OX	Click to Generate
S4	45	1			2	Page Hall Medical Centre (S4)	Corner Cabin (S4)		3352	2514	{`~dIfzyG??GiBBABO@MUwAEWCUIFM@GCE^G`@Mf@O^CDKR?@SXSXCDMNLOBERYRYJUBEN_@Lg@w@Om@KGADw@Dy@Fy@RcE@GCe@?CAOCACEAECG?GAK?MHc@BKDQF]BM@MDWXmGFwA@g@F{BDqBBaBBiB?a@@m@?{@L@D?FAFE`@o@LQLOVQHGTQp@k@HIDAF?B@DDFHh@fAf@fABFDFNXBHJb@Lz@\hCD\TlBJv@BP@HNlAJdANdAL|@NbAJx@Lj@Pj@LZTj@t@~A`A`B\|@@B`ArCRp@j@`BHTt@y@u@x@IUk@aBSq@aAsCAC]}@aAaBg@cAM[Uk@M[Qk@Mk@Ky@OcAM}@OeAKeAOmAAICQKw@UmBE]]iCM{@Kc@CIe@VWFaAp@MHKNIVETCVEjAGnAAPC\CNqAbDGRETE\E~@G`@cA~FAVGTA?GV?LAREXCLETCXANE\AFSbEGx@Ex@Ev@F@l@Jv@NFa@D_@By@BIFAFBDRD^CFBTDVTvAALCNC@FhB??	Click to Generate
S4	15	1			2	Jamia Masjid Ghausia (S4)	Jamia Dar Ul Uloom Qadiria Jillania Centre (S4)		1438	1078	qh~dI`xyGq@c@[USO\_B|@uDlAlAEx@Ev@Q`D?JANCZALCl@An@Br@Dn@Dh@DNFb@L`AD\Fp@JdA@LFd@BRDTJd@BHJf@DTLf@DTLl@^\PRHFXVLPPRDDDFNRJWTc@HK@K?IEUDT?HAJ_@n@KVOSEGEEQSMQYWIGQS_@]Mm@EUMg@EUKg@CI[o@IOEIIOOg@Sa@aEiIUc@O]Ua@]u@TKj@URKRMLMJWLc@RNZTp@b@	Click to Generate
S4	30	1			2	Wood Hill Lodge (S4)	Wood Hill Grange (S4)		2314	1736	yn|dI`yyGOGKCM@IBKJKTi@tAf@v@nBjDDHJRVd@Wt@a@fAGR_AlCIRm@bBSl@IVUr@KNIDIBYFG?a@@QCSUQYa@w@Se@Ic@Ia@}@eD_AqDy@kCcAcDW{@GUWcA}@oCIUOa@[_ASq@aAsCAC]}@aAaBu@_BUk@M[Qk@Mk@Ky@OcAM}@OeAT_@h@mAdAuBXx@@F|BzFfBxDrAbClArBT\BDdAlBjCpEfAjBDHrA`ClBbDh@uAJUJKHCLAJBNF	Click to Generate
S4	20	1			2	Jamia Dar Ul Uloom Qadiria Jillania Centre (S4)	Masjid Umar (S4)		1696	1272	ab~dIltzGHHPRHFXVLPPRDDDFNRJWTc@HK@K?IEUDT?HAJ_@n@KVPVP^@DP\bAzBfA~B`BpD`@hARj@N`@HRN`@BHBJn@`Bn@bB`@lAlAmALOBG?G_@oAc@uAY_AEOIEIQq@kA}@hBLUn@sAp@jAHPHDDNX~@b@tA^nA?FCFMNmAlAa@mAo@cBo@aBCKCIOa@ISOa@Sk@a@iAaBqDgA_CcA{BQ]AEQ_@QWOSEGEEQSMQYWIGQSII	Click to Generate
S4	60	1			2	E-ACT Parkwood Academy (S4)	Watercliffe Meadow Community Primary School (S4)		7621	5716	eh~dIb_bHALI\?BAH?F?FBF@BDDh@l@DB@@B?B?@?@ADEb@kABEDIBEFGDEFEfC}AFCFADAFAF@H?HBHDFDDDFHHLRd@zBpFLZn@`Bn@bBJVPd@DLBLBLDb@B^BRBd@@L@VBd@@^@V?R?\?V?N?H@T?J?L@L@HD\HHDNBLDXBX?b@MNIJQPGDMFIFIDy@Zo@R{@Vk@Nu@Pc@NE@gAVcATy@PQDE?G@[FWFUDKB{@PoA^SFSFODMB_@LSHo@T]NOH_A^q@Xs@ZOD]Ru@ZUL[GCAMOCSEi@Q}AG[Gg@QuAEa@Kq@E[Im@w@iGWkBGg@Ig@My@E]Y}Ao@mCMi@Ki@YiA_@mAe@iAg@y@q@uASm@Oi@Kk@Ow@AGC[Ag@@{B?O?CF{FBsABaBHqBL{AN{ARXp@t@n@~@FHh@x@Zh@Xf@j@fAZj@Rd@FJ\w@|@oBAOCE?eB???dBBD@N}@nB]v@GKSe@[k@k@gAYg@[i@i@y@hAoBj@cAHQP[Xg@l@cATe@DGPe@FOHWLc@Ps@Ha@BIL{@d@kCt@mFLgAPuABWH}@F]H_@Vy@r@_Cl@{BPu@ZkAFW\eBaBuAZeBQq@MO??LNPp@DEH@FFpAr@c@bC]dBGV[jAiBuBKGKGO?K?sAb@YHFfA?z@Cj@Ej@K~@WrBCJEXO~@OhAu@zEq@zEQ~@[~@O^e@~@w@rAw@xAc@|@OVKXQh@I`@G\OzAMzAIpBC`BCrAGzF?B?NAzB@f@BZ@FNv@Jj@Nh@Rl@p@tAf@x@d@hA^lAXhAJh@Lh@n@lCX|AD\Lx@Hf@Ff@VjBv@hGHl@DZJp@D`@PtAFf@FZP|AJLFHRLF@j@Ul@Sb@Sn@Y|Ao@ZMbA]FCVKZKTIlAa@fBc@dAUDAFATE\Gj@MjASp@QFAt@St@Or@Sb@KFEXIVMXKHGJIJIHIBCPOEQCQ?YBc@@IFc@Jm@BSFS?I?O?W?]?SAWA_@Ce@AWAMCe@CSC_@Ec@CMCMEMQe@KWo@cBo@aBM[{BqFSe@IMGIEEGEIEICI?GAG@E@G@GBgC|AGDEDGFCDEHCDc@jAEDA@A?C?C?AAECi@m@EEACCG?G?G@I?CH]@M	Click to Generate
S4	20	1			2	Silver Pan (S4)	Anvil (S4)		1697	1273	ae{dIpfwGKc@EOK[BIBCPENEREp@q@`@e@a@wALd@Rp@a@d@q@p@S\EDWVK[K]o@tAy@dBGx@Q~BADIfBAt@i@rBg@hAk@|Ao@Ki@SgA]_@vC{Ai@oAc@AAW_@WSYOm@?OX??NYl@?XNVRV^@@nAb@zAh@^wCfA\h@Rn@Jj@}Af@iAh@sBn@j@dA~@~@cDHc@n@cBJYYuAIe@CIWkA	Click to Generate
S4	20	1			2	Baltic Pearl (S4)	Anvil (S4)		1582	1186	qf{dIfawG@BL`@@JFXBh@DNb@nBBHHd@c@`@e@b@}@w@UU[e@Gx@Q~BADIfBAt@i@rBg@hAk@|Ao@Ki@SgA]_@vC{Ai@oAc@AAW_@WSYOm@?OX??NYl@?XNVRV^@@nAb@zAh@^wCfA\h@Rn@Jj@}Af@iAh@sB@u@HgB@EP_CFy@kAgBbAuCJ[DMVq@FQXn@N`@N`@	Click to Generate
S4	20	1			2	Accelerate (S4)	Aaliyah Mosque (S4)		1532	1149	cr{dIx~vGd@v@t@_CZeABE?CLe@BIJ]BBl@t@Z`@n@x@^h@Xn@N`@Pd@L`@@JFXPENEREp@q@`@e@HI`@a@TSHSL_@DGHQBGNM@CFQDQJc@He@l@cDeBeAARSpCAF?D?D?DBxATCUB?CCuA?E?E?E@GRqC@SdBdAm@bDId@Kb@EPGPABAVAHCLINILKLSFURa@`@IHa@d@q@p@S\EDWVK[K]o@tAy@dBkAgB][a@OOQkAgBe@w@	Click to Generate
S4	15	1			2	Global Hair & Beauty (S4)	Fir Vale Pharmacy (S4)		1326	994	c}}dIvvzGUb@KVOSEGEEQSMQYWIGQSIIUSMm@EUMg@EUKg@CI[o@IOEIIOOg@Sa@aEiIUc@O]Ua@]u@TKj@URKRMLMJWLc@RNZTp@b@TPgAu@[USOMb@KVMLSLSJk@TUJ\t@T`@N\Tb@`EhIR`@TVFFDBJLBRDTJd@BHJf@DTLf@DTLl@^\PRHFXVLPPRDDDFNRJWTc@	Click to Generate
S4	45	1			2	Fir Vale Pharmacy (S4)	Whiteways Primary School (S4)		3119	2339	_g~dIdbzGEOEi@Eo@Cs@@o@Bm@@MB[@O?KPaDDw@Dy@mAmA}@tD]~ARNZTp@b@TPgAu@[USO\_B|@uDFU`@wBViAF]@CJUAK?MHc@BKDQDGBEDCB?BBHM??FMHObA_GHJBHBNNnBNbBN~AF^dAxI`CbSzBiANONUP[J]Hk@@MHa@@u@@y@Au@GiAPKT`CVxCBFD@EACGm@{GQJFhA@t@Ax@At@I`@ALIj@K\QZOTON{BhAr@tFb@~CRfBZ`CNxANxALnCHjCJdDBd@CJQVSk@a@iAaBqDgA_CcA{BQ]AEQ_@QWOSEGEEQSMQYWIGQS_@]Mm@EUMg@EUKg@CIKe@EUCSGe@AMKeAGq@E]MaAGc@	Click to Generate
S4	30	1			2	Awesome Walls Sheffield (S4)	Wood Hill Lodge (S4)		2888	2166	gm|dIj{yGc@w@MQOGKCM@IBKJKTi@tAmBcDsAaCj@uA~AsDHPBLBXDLRZ^h@BJ@J?J??Wt@AJ@F`@p@a@q@AG@KVu@?KAKCK_@i@S[EMCYCMIQ_BrDk@tAEIgAkBkCqEeAmBCEU]mAsBsAcCgByD}B{FAGYy@eAtBi@lAU^NdAL|@NbAJx@Lj@Pj@LZTj@t@~A`A`B\|@@B`ArCRp@j@`BHT|@nCVbAFTVz@bAbDx@jC~@pD|@dDH`@Hb@Rd@`@v@PXRTPB`@AF?XGHCHEJOTs@HWRm@l@cBHS~@mCFS`@gAVu@We@KSEIoBkDg@w@h@uAJUJKHCLAJBNFLPb@v@	Click to Generate
S4	20	1			2	MyCigara (S4)	Anvil (S4)		1816	1362	ab{dIv~vGRp@a@d@q@p@S\EDWVK[K]EOCMCMGq@Oa@Yo@GPEHQf@ELKZcAtCjAfBGx@Q~BADIfBAt@i@rBg@hAk@|Ao@Ki@SgA]_@vC{Ai@oAc@AAW_@WSYOm@?OX??NYl@?XNVRV^@@nAb@zAh@^wCfA\h@Rn@Jj@}Af@iAh@sBn@j@dA~@~@cDHc@n@cBJYYuAIe@CIc@oBEOK[BIBCPENEREp@q@`@e@Sq@	Click to Generate
S4	30	1			2	Busk Meadow Park (S4)	Singh's Premier (S4)		2467	1850	_n~dI|g~G]H@pA?lAEpBs@DO@M?yCN]@I?U@Y@G?oAJUBQ_AQcA[sA]kA_@_Ak@uAm@iATi@FKDENCf@KHAJCRCt@IHCJGbBgAF?LCLCPAHDFHXjALn@??Mo@YkAGIIEQ@MBMBG?cBfAKFIBu@HSBKBI@g@JOBEDGJUh@IKOOEEIKME_@QkAg@iAc@G?IBEe@[qCe@kEeAaJC]dE_K^TXNVDFBrBX\FD?TP^j@`@n@HJ\h@LPjApAd@j@l@t@DDZh@nAlC\jAZ~@L`@Nl@Ll@F\@FH^Jt@BX@F\vEJtADf@J|A\I	Click to Generate
S4	60	1			2	St. James Church (S4)	Scott Road Store (S4)		5320	3990	eqzdIvn~GF_@RgBFg@@CBE@A@?BA@?PJL?NCJEAKCg@?O?O@Q@Q@MN}BF{@Dq@@M@QB]Fa@[MSKICYMIEy@_@C?K?C@G@A@EBM@E?KAIAEAWCGAoACMAS@G@C@EDED_AvAEFWb@INCBCBC@SBeAVGBGBEBA@C@EBEBKH}ApAOJMFMFKDKBOBMBM@Q?m@EI?aBIsAEuBI}@KYMc@Wk@k@mBqBy@_A]_@UUEGW]GGiB}BMO]We@SUGQG_@EKAEAu@IGAGAOCOEICGCICq@[m@YGCOGOGIE]SGC]Ue@g@CCe@o@[g@CEWc@CEEIMWISOYWa@_@m@MS_@o@Ye@[q@Ue@EIa@}@Sc@u@aBa@aAEKPWBIHgB@]NqCP{DFBFDFJFJRWJ]@IGY??FXAHK\SVGKGKGEGC@m@N_DHmAH{@Ho@H]x@aCL[HUPg@FQJ[v@mBx@yBh@}ATu@b@oAj@Fd@JdAHvANbAJB?JBdBRVDP?HIHMBM??BKBYDaB@]Bm@?CBgA@[Bu@HGNIJCPCXj@rA|B|@`BFJNZDPBVDnA?L@ND|ADhABJDJHJd@X|Ax@DBtAp@HDd@XfAn@d@Z|BvA\TZRLJ@EBCBABABBBB@F?D?FCFCBC@?R?j@?X@T?DBNBNLb@FLVSDCHGVONGXGJ?LANAl@HJDJBl@XvBtAFBHDr@b@JH\TZP\R^JFDDBFFZ\LLBB`@f@RXb@`@XF@@DBFDB@d@XPHA`@CTAZGb@E`@I^I^ELa@rAANCR?JARAX?^@V?VDt@DJFXJb@BHNl@FPBL@F@J?VMn@QdAU~@IZEPCTCZAPARAPA\@X@\@TFh@D\BNFTHTL^DHd@hAFNBBLP@DHJHPBDBTHP@L?NCVG`@C\APALEp@Gz@O|BALAPAP?N?NBf@@JKDOBM?QKA?C@A?A@CDABGf@SfBG^	Click to Generate
S4	20	1			2	Jamia Dar Ul Uloom Qadiria Jillania Centre (S4)	Masjid Umar (S4)		1746	1310	ac~dIzrzGH\^\PRHFXVLPPRDDDFNRJWTc@HK@K?IEUDT?HAJ_@n@KVPVP^@DP\bAzBfA~B`BpD`@hARj@N`@HRN`@BHBJn@`Bn@bB`@lAlAmALOBG?G_@oAc@uAY_AEOIEIQq@kA}@hBLUn@sAp@jAHPHDDNX~@b@tA^nA?FCFMNmAlAa@mAo@cBo@aBCKCIOa@ISOa@Sk@a@iAaBqDgA_CcA{BQ]AEQ_@QWOSEGEEQSMQYWIGQS_@]I]	Click to Generate
S4	20	1			2	The Carlton Hotel (S4)	Anvil (S4)		1648	1236	mg{dIj{vGQDK`AXn@N`@Pd@L`@@JFXBh@BF@Fb@nBBHHd@XtAKXo@bBIb@_AbDeA_Ao@k@i@rBg@hAk@|Ao@Ki@SgA]_@vC{Ai@oAc@AAW_@WSYOm@?OX??NYl@?XNVRV^@@nAb@zAh@^wCfA\h@Rn@Jj@}Af@iAh@sB@u@HgB@EP_CFy@kAgBbAuCJ[DMVq@FQJaAPE	Click to Generate
S4	30	1			2	City Motor Factors (S4)	Anvil (S4)		2496	1872	kt|dIlqwG^m@FrAFn@@V@XLh@t@vAb@a@BCDCJCF?jAEJ?J@^H_@IKAK?sADKBEBCBc@`@u@wAWQIOS[GIYa@S]KUIOJYFQP_@LSVWHTBLD`@FrAFn@HI@?JMNMfA_CDIDGDADADAD@D@lBr@xGdCLD|@\@@JBfBz@hA^f@NhAd@|@Z_@vC{Ai@oAc@AAW_@WSYOm@?OX??NYl@?XNVRV^@@nAb@zAh@^wC}@[iAe@g@OiA_@gB{@KCAA}@]MEyGeCmBs@EAEAE@E@E@EFEHgA~BM`@GLABMHM@WBGIYa@S]KUIOJYFQP_@LSVWHTBLD`@_@l@	Click to Generate
S4	30	1			2	St Cuthberts (S4)	WHSmith (S4)		2093	1570	u_~dIptzG@P@ZA\MQYWIGQS_@]Mm@EUMg@EUKg@CIKUOYIOEIIOOg@Sa@aEiIUc@O]Ua@]u@GFgGpMGLCJ?JRlB\~CVCZCp@Cp@?rABjA@f@?AbAGjD?D?l@X?LFNFPNLLNZN`@DZBZ@P@b@An@?v@Ah@Gh@Kh@M^IRKL]ZQLEWKYEGG?I?SAC?ENEFM?CC?G???IBCFAH?FBB?R@H?F?DFJXDVPM\[JMHSL_@Ji@Fi@@i@?w@@o@Ac@AQC[E[Oa@O[MMQOOGMGY??m@?EFkD@cA`A@|@?l@@v@BRDRDBBNHTP^\PRHFXVLP@]A[AQ	Click to Generate
S4	45	1			2	La Piazza (S4)	J W Young (Butchers) Ltd (S4)		3068	2301	ml|dIv~wGC@QVKOaAoBa@y@u@wAWQIOS[GIYa@S]KUIOJYFQP_@LSVWHTBLD`@e@x@DK^m@Ea@CMIUl@oAXo@f@eAv@gBdA}Br@aBJWXs@Tu@\eAb@kAfA{C`ByEJ[n@wBVu@DKL]^h@@BJLNTFHJP^h@FL`@p@j@|@R^LRBDBDV\nAfBx@dAZ^JP\^FFFHx@~@K\Qn@?BCD[dAu@~BsAfEYi@AMCuHlAlBd@v@jAfBNP`@N\ZjAfBGx@Q~BADIfBAt@i@rBg@hAk@|Ao@Ki@SgA]}@[iAe@g@OiA_@gB{@KCAA}@]MEyGeCmBs@EAEAE@E@E@EFEHgA~BM`@GLABMH@XLh@t@vA`@x@`AnBJNPWBA	Click to Generate
S4	20	1			2	Adept Afro Hair & Beauty (S4)	Anvil (S4)		1753	1315	ig{dIj{vGUDK`A_@i@o@y@[a@MO_@e@CCK\Qn@?BCD[dAu@~BjAfBNP`@N\ZjAfBGx@Q~BADIfBAt@i@rBg@hAk@|Ao@Ki@SgA]_@vC{Ai@oAc@AAW_@WSYOm@?OX??NYl@?XNVRV^@@nAb@zAh@^wCfA\h@Rn@Jj@}Af@iAh@sB@u@HgB@EP_CFy@kAgBbAuCJ[DMVq@FQJaATE	Click to Generate
S4	20	1			2	Bit Of Everything (S4)	Anvil (S4)		1994	1496	eg{dIrdwGUd@y@dBZd@TT|@v@hAeAIe@CIc@oBEOK[BIBCPENEREp@q@`@e@a@wALd@Rp@a@d@q@p@S\EDWVK[K]o@tAy@dBGx@Q~BADIfBAt@i@rBg@hAk@|Ao@Ki@SgA]_@vC{Ai@oAc@AAW_@WSYOm@?OX??NYl@?XNVRV^@@nAb@zAh@^wCfA\h@Rn@Jj@}Af@iAh@sBn@j@dA~@~@cDHc@n@cBJYYuAIe@CIc@oBEOK[K]Yn@	Click to Generate
S4	20	1			2	Attercliffe News & Booze (S4)	Anvil (S4)		1903	1427	yf{dIt`wGHTL`@@JFXPENERES\EDWVK[K]EOCMCMGq@Oa@Yo@_@i@o@y@[a@TcAMj@GVZ`@n@x@^h@GPWp@ELKZcAtCjAfBGx@Q~BADIfBAt@i@rBg@hAk@|Ao@Ki@SgA]_@vC{Ai@oAc@AAW_@WSYOm@?OX??NYl@?XNVRV^@@nAb@zAh@^wCfA\h@Rn@Jj@}Af@iAh@sB@u@HgB@EP_CFy@kAgBbAuCJ[DMVq@FQXn@N`@FN	Click to Generate
S4	20	1			2	Crabtree Ponds (S4)	Yours Food and Wine (S4)		1626	1220	ym}dIlf|Gc@eCTMTOCKEEECm@?s@?]@@WBMRODE@EAEMu@GW?K@O@MFKGJAL??AN?JFVLt@@DADEDSNCLAV\Ar@?l@?DBDDBJDCJETGPARAL?YcAEOk@uBSs@a@mAo@cBo@aBCKCIOa@ISUNwB~AI@{@yDoBaIh@WHENIBABEFOfA~B`BpD`@hARj@N`@HRN`@BHBJn@`Bn@bB`@lARr@j@tBDNXbAM?S@Q@UFKDEBUNULb@dC	Click to Generate
S4	30	1			2	Crabtree Ponds (S4)	Lana Pizza (S4)		2237	1678	oq}dI`m{Gn@sAp@jAHPHDDNX~@b@tA^nA?FCFMNmAlARr@j@tBDNXbAM?S@Q@UFKDEBCKEEECm@?s@?]@@WBMRODE@EAEMu@GW?K@O@MFKGJAL??AN?JFVLt@@DADEDSNCLAV\Ar@?l@?DBDDBJDCJETGPARAL?YcAEOk@uBSs@a@mAo@cBo@aBCKCIOa@ISOa@Sk@a@iAaBqDgA_CcA{BQ]AEQ_@QWOSEGEEQS@]A[AQ?IIk@AOROSN@NHj@@Z@ZA\PRDDDFNRPVP^@DP\bAzBfA~B`BpD`@hARj@N`@HRN`@BHBJn@`Bn@bB`@lAlAmALOBG?G_@oAc@uAY_AEOIEIQq@kAo@rA	Click to Generate
S4	20	1			2	The Dream Lounge (S4)	Anvil (S4)		1740	1305	_l{dIdyvGFFZ`@n@x@^h@Tf@BFN`@Pd@L`@@JFXBh@DNb@nBBHHd@XtAKXo@bBIb@_AbDeA_Ao@k@i@rBg@hAk@|Ao@Ki@SgA]_@vC{Ai@oAc@AAW_@WSYOm@?OX??NYl@?XNVRV^@@nAb@zAh@^wCfA\h@Rn@Jj@}Af@iAh@sB@u@HgB@EP_CFy@kAgBbAuCJ[DMVq@FQ_@i@o@y@[a@GG	Click to Generate
S4	30	1			2	Busk Meadow Park (S4)	Singh's Premier (S4)		2433	1825	{n~dI~i~G?X?lAEpBs@DO@M?yCN]@I?U@Y@G?oAJUBQ_AQcA[sA]kA_@_Ak@uAm@iATi@FKDENCf@KHAJCRCt@IHCJGbBgAF?LCLCPAHDFHXjALn@??Mo@YkAGIIEQ@MBMBG?cBfAKFIBu@HSBKBI@g@JOBEDGJUh@IKOOEEIKME_@QkAg@iAc@G?IBEe@[qCe@kEeAaJC]dE_K^TXNVDFBrBX\FD?TP^j@`@n@HJ\h@LPjApAd@j@l@t@DDZh@nAlC\jAZ~@L`@Nl@Ll@F\@FH^Jt@BX@F\vEJtADf@J|A@v@	Click to Generate
S4	20	1			2	Warty Lounge (S4)	Anvil (S4)		1644	1233	og{dItyvGOz@K`AXn@N`@Pd@L`@@JFXPENERES\EDWVK[K]OZ_@x@y@dBGx@Q~BADIfBAt@i@rBg@hAk@|Ao@Ki@SgA]_@vC{Ai@oAc@AAW_@WSYOm@?OX??NYl@?XNVRV^@@nAb@zAh@^wCfA\h@Rn@Jj@}Af@iAh@sB@u@HgB@EP_CFy@kAgBbAuCJ[DMVq@FQJaAN{@	Click to Generate
S4	20	1			2	Baltic Pearl (S4)	Anvil (S4)		1582	1186	of{dIjawG??L`@@JFXBh@DNb@nBBHHd@c@`@e@b@}@w@UU[e@Gx@Q~BADIfBAt@i@rBg@hAk@|Ao@Ki@SgA]_@vC{Ai@oAc@AAW_@WSYOm@?OX??NYl@?XNVRV^@@nAb@zAh@^wCfA\h@Rn@Jj@}Af@iAh@sB@u@HgB@EP_CFy@kAgBbAuCJ[DMVq@FQXn@N`@Pd@	Click to Generate
S4	20	1			2	Illusionz (S4)	Anvil (S4)		1581	1186	yh{dIn~vGDIFQXn@N`@Pd@L`@@JFXBh@DNJb@VjABHHd@XtAKXo@bBIb@_AbDeA_Ao@k@i@rBg@hAk@|Ao@Ki@SgA]_@vC{Ai@oAc@AAW_@WSYOm@?OX??NYl@?XNVRV^@@nAb@zAh@^wCfA\h@Rn@Jj@}Af@iAh@sB@u@HgB@EP_CFy@kAgBbAuCJ[DMPg@	Click to Generate
S4	20	1			2	Yours Food and Wine (S4)	Masjid Umar (S4)		1745	1309	m`~dIrrzGJG@NHj@@Z@ZA\PRDDDFNRPVP^@DP\bAzBGNCDC@OHIDi@VnB`Iz@xDHAvB_BTOHRN`@BHBJn@`Bn@bB`@lAlAmALOBG?G_@oAc@uAY_AEOIEIQq@kA}@hBLUn@sAp@jAHPHDDNX~@b@tA^nA?FCFMNmAlAa@mAo@cBo@aBCKCIOa@ISOa@Sk@a@iAaBqDgA_CcA{BQ]AEQ_@QWOSEGEEQS@]A[A[Ik@AOKF	Click to Generate
S4	20	1			2	Beauty Beneath (S4)	Anvil (S4)		1882	1412	wd{dIfcwG@?RES\EDWVK[K]EOCMCMGq@Oa@Yo@_@i@GGg@q@[a@m@u@CCK\Qn@?BCD[dAu@~BjAfBNP`@N\ZjAfBGx@Q~BADIfBAt@i@rBg@hAk@|Ao@Ki@SgA]_@vC{Ai@oAc@AAW_@WSYOm@?OX??NYl@?XNVRV^@@nAb@zAh@^wCfA\h@Rn@Jj@}Af@iAh@sBn@j@dA~@~@cDHc@n@cBJYYuAIe@CIc@oBEOK[BIBCPELE	Click to Generate
S4	20	1			2	Attercliffe News & Booze (S4)	Anvil (S4)		1723	1292	ig{dIr_wGGOYo@_@i@o@y@[a@TcAMj@GVZ`@n@x@^h@GPWp@ELKZcAtCjAfBGx@Q~BADIfBAt@i@rBg@hAk@|Ao@Ki@SgA]_@vC{Ai@oAc@AAW_@WSYOm@?OX??NYl@?XNVRV^@@nAb@zAh@^wCfA\h@Rn@Jj@}Af@iAh@sB@u@HgB@EP_CFy@kAgBbAuCJ[DMVq@FQXn@FN	Click to Generate
S4	45	1			2	WHSmith (S4)	St Cuthberts (S4)		3185	2389	_v~dIpy{G?@HNJTR^JV\l@LVNVb@|@LTLTBDP\^t@DFVf@DF@DBBd@hADH`@q@BG@ARYlAgCd@_AFKHUHYF]Da@\_DDm@@q@@sBAeB?]@s@Bo@Dg@DWHo@JoA@]@g@@_@@kB@uB?{@@mA?MAQAOEWUQOICCSESEw@Cm@A}@?aAAAbAGjD?D?l@X?LFNFPNLLNZN`@DZBZ@P@b@An@?v@Ah@Gh@Kh@M^IRKL]ZQLEWKYEGG?I?SAC?ENEFM?CC?G???IBCFAH?FBB?R@H?F?DFJXDVPM\[JMHSL_@Ji@Fi@@i@?w@@o@Ac@AQC[E[Oa@O[MMQOOGMGY??m@?EFkD@cA`A@|@?l@@v@BRDJMFG@EBI@I?UEUKg@CIKUOYIOEIIOOg@TVFFDBJLBRDTJd@BHJf@DTLf@DTLl@DV@N@P?LAlA?z@AtBAjBA^Af@A\KnAIn@EVEf@Cn@Ar@?\@dBArBAp@El@]~CE`@G\IXITGJe@~@mAfCKf@Uj@EFEJMQEIe@iACCAEEGWg@EG_@u@Q]CEMUMUc@}@OWMW]m@KWS_@KUIO?A	Click to Generate
S4	20	1			2	Northern General Hospital (S4)	Norwood Grange Care Home (S4)		1945	1459	gm~dI`h|GEKCCAEEGWg@EG_@u@Q]CEMUMUc@}@OWMW]m@KWS_@KUIO?AGUDGDCFAB?`@Ad@Cd@AFGDM@M@KBKFGZMHAFFHPJVRd@DVJf@B\Bn@Bd@B`@ARCLEJCFOXS`@CFGLMT^t@DFVf@DF@DBBd@hADHLPGLEHKTIPWd@[`@SPa@Ts@r@w@v@q@l@y@p@YX[`@U\q@|Aa@|@Ud@g@dAMQg@u@a@o@_@k@UQE?]GsBYGCJ_AJw@LDFAJCFBtBdAA@UpATP^j@`@n@f@t@LPf@eATe@`@}@p@}AT]Za@XYx@q@p@m@v@w@r@s@d@u@R]FMb@w@DGR_@EI_@}@	Click to Generate
S4	30	1			2	Busk Meadow Park (S4)	Watercliffe Meadow Community Primary School (S4)		2101	1576	_x~dId|}G??HDFHXjALn@??Mo@YkAGIIEQ@MBMBG?cBfAKFIBu@HSBKBI@g@JOBEDGJUh@l@hAj@tA^~@\jAZrAPbAP~@TCnAKF?XATAH?\AxCOL?NAr@EC`AI|AA\ItAQdBS~AOdAc@bCaBuAZeBQq@MO??LNPp@DEH@FFpAr@NeAR_BPeBHuA@]H}ABaAs@DO@M?yCN]@I?U@Y@G?oAJUBQ_AQcA[sA]kA_@_Ak@uAm@iATi@FKDENCf@KHAJCRCt@IHCJGbBgAF?LCLCPA	Click to Generate
S4	45	1			2	Norwood and Bishopsholme Community Centre (S4)	Northern General Hospital (S4)		3272	2454	oa_eIpy|GUpATP^j@`@n@f@t@LPQd@IPUj@]fAUv@ENYzAWtAKv@It@CVGfAI|BEdA?TE~@Cn@C\HJDDNNHJTi@FKDENCf@KHAJCRCt@IHCJGbBgAF?LCLCPA??HDFHXjALn@Mo@YkAGIIEQ@MBMBG?cBfAKFIBu@HSBKBI@g@JOBEDGJUh@IKOOEEIKB]Bo@D_A?UDeAH}BFgABWHu@Jw@VuAX{ADOTw@\gATk@HQPe@f@eATe@`@}@p@}AT]Za@XYx@q@p@m@v@w@r@s@d@u@R]FMb@w@DGR_@EIe@iACCAEEGWg@EG_@u@Q]CEMUMUc@}@OWMW]m@KWS_@KUIO?AGUDGDCFAB?`@Ad@Cd@AFGDM@M@KBKFGZMHAFFHPJVRd@DVJf@B\Bn@Bd@B`@ARCLEJCFOXS`@CFGLMT^t@DFVf@DF@DBBd@hADHLPGLEHKTIPWd@[`@SPa@Ts@r@w@v@q@l@y@p@YX[`@U\q@|Aa@|@Ud@g@dAMQg@u@a@o@_@k@UQE?]GsBYGCJ_AJw@LDFAJCFBtBdAA@	Click to Generate
S4	30	1			2	St Cuthberts (S4)	WHSmith (S4)		2439	1829	cf~dIhfzGFp@JdA@LFd@BRDTJd@BHJf@DTLf@DTLl@^\PRHFERAF?F?t@AtC@Tm@F@uB?{@@mA?MAQAOEWMm@EUMg@EUKg@CIKUOYIOEIIOOg@Sa@aEiIUc@O]Ua@]u@GFgGpMGLCJ?JRlB\~CVCZCp@Cp@?rABjA@f@?AbAGjD?D?l@X?LFNFPNLLNZN`@DZBZ@P@b@An@?v@Ah@Gh@Kh@M^IRKL]ZQLEWKYEGG?I?SAC?ENEFM?CC?G???IBCFAH?FBB?R@H?F?DFJXDVPM\[JMHSL_@Ji@Fi@@i@?w@@o@Ac@AQC[E[Oa@O[MMQOOGMGY??m@?EFkD@cA`A@|@?l@@v@BRDJMFG@EBI@I?UEUKg@CIKe@EUCSGe@AMKeAGq@	Click to Generate
S4	20	1			2	Whiteways Primary School (S4)	Corner Cabin (S4)		1852	1389	ui}dIfczGw@{B@KdCsCp@u@LCDDDDDR\b@_@yA}@oCIUk@aBSq@aAsCAC]}@aAaBu@_BQ`@EVAX?XBR@DqCdD\pANx@D^DTBb@D^PKT`CVxCBFD@EACGm@{GQJE_@Cc@EUE_@Oy@]qApCeDAECS?Y@YDWPa@LZf@bA`A`B\|@@B`ArCRp@j@`BHT|@nC^xA]c@ESEEEEMBq@t@eCrCAJv@zB	Click to Generate
S4	30	1			2	Fir Vale Academy (S4)	Whiteways Primary School (S4)		2852	2139	ud~dI`wyGJSBEN_@Lg@Fa@D_@By@BIFAFBDRD^CFBTDVTvAALCNC@AQYPHxBXO??GiBBABO@MUwAEWCUIFM@GCE^G`@w@Om@KGADw@Dy@Fy@RcE@GCe@?CAOCACEAECG?GAK?MHc@BKDQDGBEDCB?BBHM??FMHObA_GHJBHBNNnBNbBN~AF^dAxI`CbSzBiANONUP[J]Hk@@MHa@@u@@y@Au@GiAPKT`CVxCBFD@EACGm@{GQJFhA@t@Ax@At@I`@ALIj@K\QZOTON{BhAaCcSeAyIG_@O_BOcBOoBCOCIIKcA~FAVGTA?GV?LAREXCLETCXANE\AFSbEGx@Ex@Ev@F@l@Jv@NMf@O^CDKR	Click to Generate
S4	30	1			2	City Motor Factors (S4)	Anvil (S4)		2587	1940	qr|dIlmwGRe@S]m@nAHTBLD`@FrAFn@@V@XLh@t@vAb@a@BCDCJCF?jAEJ?J@^H_@IKAK?sADKBEBCBc@`@u@wAWQIOS[GIYa@S]KUIOJYFQP_@LSVWHTBLD`@FrAFn@HI@?JMNMfA_CDIDGDADADAD@D@lBr@xGdCLD|@\@@JBfBz@hA^f@NhAd@|@Z_@vC{Ai@oAc@AAW_@WSYOm@?OX??NYl@?XNVRV^@@nAb@zAh@^wC}@[iAe@g@OiA_@gB{@KCAA}@]MEyGeCmBs@EAEAE@E@E@EFEHgA~BM`@GLABMHM@WBGIYa@S]KUIOJYFQP_@LSVWl@oAR\Sd@	Click to Generate
S4	30	1			2	Busk Meadow Park (S4)	Singh's Premier (S4)		2433	1825	{n~dIvj~G?@?lAEpBs@DO@M?yCN]@I?U@Y@G?oAJUBQ_AQcA[sA]kA_@_Ak@uAm@iATi@FKDENCf@KHAJCRCt@IHCJGbBgAF?LCLCPAHDFHXjALn@??Mo@YkAGIIEQ@MBMBG?cBfAKFIBu@HSBKBI@g@JOBEDGJUh@IKOOEEIKME_@QkAg@iAc@G?IBEe@[qCe@kEeAaJC]dE_K^TXNVDFBrBX\FD?TP^j@`@n@HJ\h@LPjApAd@j@l@t@DDZh@nAlC\jAZ~@L`@Nl@Ll@F\@FH^Jt@BX@F\vEJtADf@J|A@nA	Click to Generate
S4	20	1			2	Baltic Pearl (S4)	Anvil (S4)		1582	1186	kf{dIpawGHZ@JFXBh@DNb@nBBHHd@c@`@e@b@}@w@UU[e@Gx@Q~BADIfBAt@i@rBg@hAk@|Ao@Ki@SgA]_@vC{Ai@oAc@AAW_@WSYOm@?OX??NYl@?XNVRV^@@nAb@zAh@^wCfA\h@Rn@Jj@}Af@iAh@sB@u@HgB@EP_CFy@kAgBbAuCJ[DMVq@FQXn@N`@Pd@BD	Click to Generate
S4	20	1			2	Shirecliffe Community Centre (S4)	Singh's Premier (S4)		2055	1541	{n~dIfm~GEpBs@DO@M?yCN]@I?U@K?M@G?oAJUB_@Ji@Ra@R]Re@^o@r@Qb@IT?L?DERGJGDG@G?IEEIEKAMAM@MBKCgACQ?AOy@Ic@CWEc@E}@?W?W@o@Da@QMQOIMQaAe@oEQ}AEe@[qCe@kEeAaJC]dE_K^TXNVDFBrBX\FD?TP^j@`@n@HJ\h@LPjApAd@j@l@t@DDZh@nAlC\jAZ~@L`@Nl@Ll@F\@FH^Jt@BX@F\vEJtADf@J|A@pA?lA??	Click to Generate
S4	30	1			2	All Days (S4)	JBM Automotive (S4)		2691	2018	w||dIzl{GJ[v@mBx@yBQa@aD_I_@aA^`ArD`Jh@}ATu@b@oAj@Fd@JdAHvANbAJB?JBdBRVDP?HIHMBM??BKBYDaB@]Bm@?CBgA@[Bu@Be@By@aAcBg@w@w@mAGI_AcBWe@KSEIoBkDg@w@h@uAJUJKHCLAJBNFLPtBxDMj@Lk@qAaCc@w@MQOGKCM@IBKJKTi@tAf@v@nBjDDHJRVd@~@bBFHv@lAf@v@`AbBCx@Cd@Ct@AZCfA?BCl@A\E`BCXCJ??CLILIHQ?WEeBSKCC?cAKwAOeAIe@Kk@Gc@nAUt@i@|Ay@xBw@lBKZ	Click to Generate
S4	20	1			2	The Dream Lounge (S4)	Anvil (S4)		1732	1299	yk{dIjyvG@@Z`@n@x@^h@Tf@BFN`@Pd@L`@@JFXBh@DNb@nBBHHd@XtAKXo@bBIb@_AbDeA_Ao@k@i@rBg@hAk@|Ao@Ki@SgA]_@vC{Ai@oAc@AAW_@WSYOm@?OX??NYl@?XNVRV^@@nAb@zAh@^wCfA\h@Rn@Jj@}Af@iAh@sB@u@HgB@EP_CFy@kAgBbAuCJ[DMVq@FQ_@i@o@y@[a@AA	Click to Generate
S4	45	1			2	Northern General Hospital (S4)	Norwood Grange Care Home (S4)		3871	2903	am~dInm{GRMLKPM\[JMHSL_@Ji@Fi@@i@?w@@o@Ac@AQC[E[Oa@O[MMQOOGMGY?I@MDMH}@f@aD~A_@RWNeAp@aAl@MJ]RKLSXGFKFEBIDKBY@M@s@@C?E?w@BU@CR?R?L?H?L?H@N@p@?V?t@?P@^B`C?PB|@@FBFJBdACfBED?v@GPAB?F?NHXH@?h@A\?N?JFHFFRFT?@HNJTR^JV\l@LVNVb@|@LTLTBDP\^t@DFVf@DF@DBBd@hADHLPGLEHKTIPWd@[`@SPa@Ts@r@w@v@q@l@y@p@YX[`@U\q@|Aa@|@Ud@g@dAMQg@u@a@o@_@k@UQE?]GsBYGCJ_AJw@LDFAJCFBtBdAA@UpATP^j@`@n@f@t@LPf@eATe@`@}@p@}AT]Za@XYx@q@p@m@v@w@r@s@d@u@R]FMb@w@DGR_@`@q@BG@ARYlAgCd@_AFKHUHYF]Da@\_DDm@@q@@sBAeB?]@s@Bo@Dg@DWHo@JoA@]@g@@_@@kB@uB?{@@mA?MAQAOEWUQOICCSESEw@Cm@A}@?aAAAbAGjD?D?l@X?LFNFPNLLNZN`@DZBZ@P@b@An@?v@Ah@Gh@Kh@M^IRKL]ZQLMJSL	Click to Generate
S4	60	1			2	Sheffield Steel City Beer Festival 49 (S4)	St. James Church (S4)		5084	3813	_ozdIdi~G??QKA?C@A?A@CDABGf@SfBYjBO~@[vB]nB\oBj@wDXkBRgBFg@@CBE@A@?BA@?PJL?NCJEAKCg@?O?O@Q@Q@MN}BF{@Dq@@M@QB]Fa@[MSKICYMIEy@_@C?K?C@G@A@EBM@E?KAIAEAWCGAoACMAS@G@C@EDED_AvAEFWb@INCBCBC@SBeAVGBGBEBA@C@EBEBKH}ApAOJMFMFKDKBOBMBM@Q?m@EI?aBIsAEuBI}@KYMc@Wk@k@mBqBy@_A]_@UUEGW]GGiB}BMO]We@SUGQG_@EKAEAu@IGAGAOCOEICGCICq@[m@YGCOGOGIE]SGC]Ue@g@CCe@o@[g@CEWc@CEEIMWISOYWa@_@m@MS_@o@Ye@[q@Ue@EIa@}@Sc@u@aBa@aAEKPWBIHgB@]NqCP{DFBFDFJFJRWJ]@IGY??FXAHK\SVGKGKGEGCQzDOpCA\IfBCHQVDJ`@`At@`BRb@`@|@DHTd@Zp@Xd@^n@LR^l@V`@NXHRLVDHBDVb@BDZf@d@n@BBd@f@\TFB\RHDNFNFFBl@Xp@ZHBFBHBNDNBF@F@t@HD@J@^DPFTFd@R\VLNhB|BFFV\DFTT\^x@~@lBpBj@j@b@VXL|@JtBHrAD`BHH?l@DP?LALCNCJCJELGLGNK|AqAJIDCDCBA@ADCFCFCdAWRCBABCBCHOJNFDHDv@XJBH@F?F?H?FAFAHAHAHEHEJGJEHEFEBCDCDAJCJy@Be@Be@@c@@G?Q?k@?ICw@?]By@PeDNYFED?D?A\@X@\@TFh@D\BNFTHTL^DHd@hAFNBBLP@DHJHPBDBTHP@L?NCVG`@C\APALEp@Gz@O|BALAPAP?N?NBf@@JKDOBM?	Click to Generate
S4	60	1			2	Sheffield Steel City Beer Festival 2024 (SCBF48) (S4)	St. James Church (S4)		4916	3687	grzdIbs~GN_AXkBRgBFg@@CBE@A@?BA@?PJ??L?NCJEAKCg@?O?O@Q@Q@MN}BF{@Dq@@M@QB]Fa@[MSKICYMIEy@_@C?K?C@G@A@EBM@E?KAIAEAWCGAoACMAS@G@C@EDED_AvAEFWb@INCBCBC@SBeAVGBGBEBA@C@EBEBKH}ApAOJMFMFKDKBOBMBM@Q?m@EI?aBIsAEuBI}@KYMc@Wk@k@mBqBy@_A]_@UUEGW]GGiB}BMO]We@SUGQG_@EKAEAu@IGAGAOCOEICGCICq@[m@YGCOGOGIE]SGC]Ue@g@CCe@o@[g@CEWc@CEEIMWISOYWa@_@m@MS_@o@Ye@[q@Ue@EIa@}@Sc@u@aBa@aAEKPWBIHgB@]NqCP{DFBFDFJFJRWJ]@IGY??FXAHK\SVGKGKGEGCQzDOpCA\IfBCHQVDJ`@`At@`BRb@`@|@DHTd@Zp@Xd@^n@LR^l@V`@NXHRLVDHBDVb@BDZf@d@n@BBd@f@\TFB\RHDNFNFFBl@Xp@ZHBFBHBNDNBF@F@t@HD@J@^DPFTFd@R\VLNhB|BFFV\DFTT\^x@~@lBpBj@j@b@VXL|@JtBHrAD`BHH?l@DP?LALCNCJCJELGLGNK|AqAJIDCDCBA@ADCFCFCdAWRCBABCBCHOJNFDHDv@XJBH@F?F?H?FAFAHAHAHEHEJGJEHEFEBCDCDAJCJy@Be@Be@@c@@G?Q?k@?ICw@?]By@PeDNYFED?D?A\@X@\@TFh@D\BNFTHTL^DHd@hAFNBBLP@DHJHPBDBTHP@L?NCVG`@C\APALEp@Gz@O|BALAPAP?N?NBf@@JKDOBM?QKA?C@A?A@CDABGf@SfBYjBO~@	Click to Generate
S4	30	1			2	Busk Meadow Park (S4)	Singh's Premier (S4)		2445	1834	wx~dItq~GM@G?oAJUBQ_AQcA[sA]kA_@_Ak@uAm@iATi@FKDENCf@KHAJCRCt@IHCJGbBgAF?LCLCPAHDFHXjALn@??Mo@YkAGIIEQ@MBMBG?cBfAKFIBu@HSBKBI@g@JOBEDGJUh@IKOOEEIKB]Bo@D_A?UDeAH}BFgABWHu@Jw@VuAX{ADOTw@\gATk@HQPe@MQ]i@IKa@o@_@k@UQE?]GsBYGCWEYO_@UeE~JB\dA`Jd@jEZpCDd@P|Ad@nEP`AHLPNPLE`@An@?V?VD|@Db@BVHb@Nx@?@BPVp@HAHDREXKn@s@d@_@\S`@Sh@S^KTCnAKF?LA	Click to Generate
S4	20	1			2	Illusionz (S4)	Anvil (S4)		1744	1308	ab{dIv~vGRp@a@d@q@p@S\EDWVDNJb@VjABHHd@XtAKXo@bBIb@_AbDeA_Ao@k@i@rBg@hAk@|Ao@Ki@SgA]_@vC{Ai@oAc@AAW_@WSYOm@?OX??NYl@?XNVRV^@@nAb@zAh@^wCfA\h@Rn@Jj@}Af@iAh@sBn@j@dA~@~@cDHc@n@cBJYYuAIe@CIc@oBEOK[BIBCPENEREp@q@`@e@Sq@	Click to Generate
S4	15	1			2	Norwood and Bishopsholme Community Centre (S4)	Busk Meadow Park (S4)		1388	1041	c__eI|_}G\h@LPQd@IPUj@]fAUv@ENYzAWtAKv@It@CVGfAI|BEdA?TE~@Cn@C\HJDDNNHJTi@FKDENCf@KHAJCRCt@IHCJGbBgAF?LCLCPA??HDFHXjALn@??Mo@YkAGIIEQ@MBMBG?cBfAKFIBu@HSBKBI@g@JOBEDGJUh@IKOOEEIKB]Bo@D_A?UDeAH}BFgABWHu@Jw@VuAX{ADOTw@\gATk@HQPe@MQ]i@	Click to Generate
S4	20	1			2	Lana Pizza (S4)	Sheffield GP Collaborative (Out of Hours Service) (S4)		1718	1288	{d~dInmzGOYIOEIIOOg@TVFFDBJLBRDTJd@BHJf@DTLf@DTLl@^\PRHFXVLP@]A[AQ?IIk@AOROSN@NHj@@Z@ZA\MQYWIGQS_@]UQOICCSESEw@Cm@A}@?aAAAbAGjD?D?l@X?LFNFPNLLNZN`@DZBZ@P@b@An@?v@Ah@Gh@Kh@M^IRKL]ZQLMJUNa@EGAC@CBANK\SBETSHRIDURCJ]@OBCBAF@`@D@ARMLKPM\[JMHSL_@Ji@Fi@@i@?w@@o@Ac@AQC[E[Oa@O[MMQOOGMGY??m@?EFkD@cA`A@|@?l@@v@BRDJMFG@EBI@I?UEUKg@CIKU	Click to Generate
S4	15	1			2	Scott Road Store (S4)	Tea and Cakes (S4)		1313	985	c`}dIv_|GFXAHK\SVGKGKGEGC@m@N_DHmAH{@Ho@H]x@aCL[HUPg@FQJ[kAqCeAkCw@qB_AcCGHI\Ml@CRQDMHKFCHADCN?VBVFPb@jAb@dAJTKNt@zEBHDBD?DIp@gBdAqCjApCSl@Qf@ITMZy@`CI\In@Iz@IlAO~CAl@FBFDFJFJRWJ]@IGY	Click to Generate
S4	60	1			2	Crushing mill, Kelham Island, Sheffield (S4)	St. James Church (S4)		5084	3813	ymzdIvg~G@V@JKDOBM?QKA?C@A?A@CDABGf@SfBYjBk@vD]nB\oBj@wDF[PoARgBFg@@CBE@A@?BA@?PJL?NCJEAKCg@?O?O@Q@Q@MN}BF{@Dq@@M@QB]Fa@[MSKICYMIEy@_@C?K?C@G@A@EBM@E?KAIAEAWCGAoACMAS@G@C@EDED_AvAEFWb@INCBCBC@SBeAVGBGBEBA@C@EBEBKH}ApAOJMFMFKDKBOBMBM@Q?m@EI?aBIsAEuBI}@KYMc@Wk@k@mBqBy@_A]_@UUEGW]GGiB}BMO]We@SUGQG_@EKAEAu@IGAGAOCOEICGCICq@[m@YGCOGOGIE]SGC]Ue@g@CCe@o@[g@CEWc@CEEIMWISOYWa@_@m@MS_@o@Ye@[q@Ue@EIa@}@Sc@u@aBa@aAEKPWBIHgB@]NqCP{DFBFDFJFJRWJ]@IGY??FXAHK\SVGKGKGEGCQzDOpCA\IfBCHQVDJ`@`At@`BRb@`@|@DHTd@Zp@Xd@^n@LR^l@V`@NXHRLVDHBDVb@BDZf@d@n@BBd@f@\TFB\RHDNFNFFBl@Xp@ZHBFBHBNDNBF@F@t@HD@J@^DPFTFd@R\VLNhB|BFFV\DFTT\^x@~@lBpBj@j@b@VXL|@JtBHrAD`BHH?l@DP?LALCNCJCJELGLGNK|AqAJIDCDCBA@ADCFCFCdAWRCBABCBCHOJNFDHDv@XJBH@F?F?H?FAFAHAHAHEHEJGJEHEFEBCDCDAJCJy@Be@Be@@c@@G?Q?k@?ICw@?]By@PeDNYFED?D?A\@X@\@TFh@D\BNFTHTL^DHd@hAFNBBLP@DHJHPBDBTHP@L?NCVG`@C\APALEp@Gz@O|BALAPAP?N?N@N	Click to Generate
S4	20	1			2	Jamia Dar Ul Uloom Qadiria Jillania Centre (S4)	Masjid Umar (S4)		1713	1285	ob~dI`tzGVTPRHFXVLPPRDDDFNRJWTc@HK@K?IEUDT?HAJ_@n@KVPVP^@DP\bAzBfA~B`BpD`@hARj@N`@HRN`@BHBJn@`Bn@bB`@lAlAmALOBG?G_@oAc@uAY_AEOIEIQq@kA}@hBLUn@sAp@jAHPHDDNX~@b@tA^nA?FCFMNmAlAa@mAo@cBo@aBCKCIOa@ISOa@Sk@a@iAaBqDgA_CcA{BQ]AEQ_@QWOSEGEEQSMQYWIGQSWU	Click to Generate
S4	30	1			2	Masjid Umar (S4)	Crabtree Ponds (S4)		2708	2031	ig}dIv_{GBIJGLIPEBSLm@H]FI~@bCv@pBdAjCjApCSl@Qf@ITMZy@`CI\In@Iz@IlAO~CMIGGGM_EaNe@}AmBPKAIEIQq@kA}@hBLUn@sAp@jAHPHDDNX~@b@tA^nA?FCFMNmAlARr@j@tBDNXbAM?S@Q@UFKDEBCKEEECm@?s@?]@@WBMRODE@EAEMu@GW?K@O@MFKGJAL??AN?JFVLt@@DADEDSNCLAV\Ar@?l@?DBDDBJDCJETGPARAL?Rn@d@zAz@|CZfAPh@n@tBPWBIHgB@]NqCP{D@m@N_DHmAH{@Ho@H]x@aCL[HUPg@Rm@kAqCeAkCw@qB_AcCGHI\Ml@CRQDMHKFCH	Click to Generate
S4	20	1			2	Khan Darbar (S4)	Anvil (S4)		1778	1334	oe{dIdewGCGK[K]EOCMCMGq@Oa@Yo@JaAPEt@OA]Ke@?G@GBM?CAOKGIGCTc@dCK`AGPWp@ELKZcAtCjAfBGx@Q~BADIfBAt@i@rBg@hAk@|Ao@Ki@SgA]_@vC{Ai@oAc@AAW_@WSYOm@?OX??NYl@?XNVRV^@@nAb@zAh@^wCfA\h@Rn@Jj@}Af@iAh@sBn@j@dA~@~@cDHc@n@cBJYYuAIe@CIc@oBAG	Click to Generate
S4	20	1			2	National Blinds (S4)	Anvil (S4)		1625	1219	_j{dIr{vGRT^h@Xn@N`@Pd@L`@@JFXPELE@?RES\EDWVK[K]o@tAy@dBGx@Q~BADIfBAt@i@rBg@hAk@|Ao@Ki@SgA]_@vC{Ai@oAc@AAW_@WSYOm@?OX??NYl@?XNVRV^@@nAb@zAh@^wCfA\h@Rn@Jj@}Af@iAh@sB@u@HgB@EP_CFy@kAgBbAuCJ[DMVq@FQ_@i@SU	Click to Generate
S4	20	1			2	Sheffield Auto Spares (S4)	Anvil (S4)		1720	1290	ug{dIz~vGUg@_@i@o@y@[a@AAk@s@CCK\Qn@?BCD[dAu@~BjAfBNP`@N\ZjAfBGx@Q~BADIfBAt@i@rBg@hAk@|Ao@Ki@SgA]_@vC{Ai@oAc@AAW_@WSYOm@?OX??NYl@?XNVRV^@@nAb@zAh@^wCfA\h@Rn@Jj@}Af@iAh@sB@u@HgB@EP_CFy@kAgBbAuCJ[DMVq@FQTf@	Click to Generate
S4	20	1			2	Attercliffe Spice (S4)	Anvil (S4)		1907	1430	ch{dIj|vGGf@Xn@N`@Pd@L`@@JFXPENEREFIh@g@`@e@HI`@a@TSHSNQJIDCF?JLFFDFZROAM?KAKAQAM@SFURa@`@IHa@d@q@p@S\EDWVK[K]o@tAy@dBGx@Q~BADIfBAt@i@rBg@hAk@|Ao@Ki@SgA]_@vC{Ai@oAc@AAW_@WSYOm@?OX??NYl@?XNVRV^@@nAb@zAh@^wCfA\h@Rn@Jj@}Af@iAh@sB@u@HgB@EP_CFy@kAgBbAuCJ[DMVq@FQFg@	Click to Generate
S4	20	1			2	Premier Doors (S4)	Anvil (S4)		1667	1250	ij{dId{vG\b@^h@Xn@N`@Pd@BDHZ@JFXBh@DNb@nBBHHd@XtAKXo@bBIb@_AbDeA_Ao@k@i@rBg@hAk@|Ao@Ki@SgA]_@vC{Ai@oAc@AAW_@WSYOm@?OX??NYl@?XNVRV^@@nAb@zAh@^wCfA\h@Rn@Jj@}Af@iAh@sB@u@HgB@EP_CFy@kAgBbAuCJ[DMVq@FQ_@i@]c@	Click to Generate
S4	20	1			2	Jamia Dar Ul Uloom Qadiria Jillania Centre (S4)	Masjid Umar (S4)		1757	1318	ec~dIlrzGLj@^\PRHFXVLPPRDDDFNRJWTc@HK@K?IEUDT?HAJ_@n@KVPVP^@DP\bAzBfA~B`BpD`@hARj@N`@HRN`@BHBJn@`Bn@bB`@lAlAmALOBG?G_@oAc@uAY_AEOIEIQq@kA}@hBLUn@sAp@jAHPHDDNX~@b@tA^nA?FCFMNmAlAa@mAo@cBo@aBCKCIOa@ISOa@Sk@a@iAaBqDgA_CcA{BQ]AEQ_@QWOSEGEEQSMQYWIGQS_@]Mk@	Click to Generate
S4	60	1			2	Sheffield Steel City Beer Festival 49 (S4)	St. James Church (S4)		5084	3813	unzdIdi~GI?QKA?C@A?A@CDABGf@SfBYjBO~@[vB]nB\oBj@wDXkBRgBFg@@CBE@A@?BA@?PJL?NCJEAKCg@?O?O@Q@Q@MN}BF{@Dq@@M@QB]Fa@[MSKICYMIEy@_@C?K?C@G@A@EBM@E?KAIAEAWCGAoACMAS@G@C@EDED_AvAEFWb@INCBCBC@SBeAVGBGBEBA@C@EBEBKH}ApAOJMFMFKDKBOBMBM@Q?m@EI?aBIsAEuBI}@KYMc@Wk@k@mBqBy@_A]_@UUEGW]GGiB}BMO]We@SUGQG_@EKAEAu@IGAGAOCOEICGCICq@[m@YGCOGOGIE]SGC]Ue@g@CCe@o@[g@CEWc@CEEIMWISOYWa@_@m@MS_@o@Ye@[q@Ue@EIa@}@Sc@u@aBa@aAEKPWBIHgB@]NqCP{DFBFDFJFJRWJ]@IGY??FXAHK\SVGKGKGEGCQzDOpCA\IfBCHQVDJ`@`At@`BRb@`@|@DHTd@Zp@Xd@^n@LR^l@V`@NXHRLVDHBDVb@BDZf@d@n@BBd@f@\TFB\RHDNFNFFBl@Xp@ZHBFBHBNDNBF@F@t@HD@J@^DPFTFd@R\VLNhB|BFFV\DFTT\^x@~@lBpBj@j@b@VXL|@JtBHrAD`BHH?l@DP?LALCNCJCJELGLGNK|AqAJIDCDCBA@ADCFCFCdAWRCBABCBCHOJNFDHDv@XJBH@F?F?H?FAFAHAHAHEHEJGJEHEFEBCDCDAJCJy@Be@Be@@c@@G?Q?k@?ICw@?]By@PeDNYFED?D?A\@X@\@TFh@D\BNFTHTL^DHd@hAFNBBLP@DHJHPBDBTHP@L?NCVG`@C\APALEp@Gz@O|BALAPAP?N?NBf@@JKDOBC?	Click to Generate
S4	20	1			2	Bit Of Everything (S4)	Anvil (S4)		1994	1496	{f{dI~cwG_@x@y@dBZd@TT|@v@hAeAIe@CIc@oBEOK[BIBCPENEREp@q@`@e@a@wALd@Rp@a@d@q@p@S\EDWVK[K]o@tAy@dBGx@Q~BADIfBAt@i@rBg@hAk@|Ao@Ki@SgA]_@vC{Ai@oAc@AAW_@WSYOm@?OX??NYl@?XNVRV^@@nAb@zAh@^wCfA\h@Rn@Jj@}Af@iAh@sBn@j@dA~@~@cDHc@n@cBJYYuAIe@CIc@oBEOK[K]OZ	Click to Generate
S4	30	1			2	S. Ali's Off Licence (S4)	Norwood and Bishopsholme Community Centre (S4)		2530	1898	{u~dI~}~GLNPp@DEH@FFpAr@NeAR_BPeBHuA@]H}ABaADqB???mAAqAr@QXIl@OHGJGV[P[BX?PEdAAJEnACrAArAq@B]BO?oAFs@DO@M?yCN]@I?U@Y@G?oAJUBQ_AQcA[sA]kA_@_Ak@uAm@iATi@FKDENCf@KHAJCRCt@IHCJGbBgAF?LCLCPA??HDFHXjALn@Mo@YkAGIIEQ@MBMBG?cBfAKFIBu@HSBKBI@g@JOBEDGJUh@l@hAj@tA^~@\jAZrAPbAP~@TCnAKF?XATAH?\AxCOL?NAr@EC`AI|AA\ItAQdBS~AOdAc@bCaBuAZeBQq@MO	Click to Generate
S4	45	1			2	Wood Hill Grange (S4)	Awesome Walls Sheffield (S4)		3244	2433	qq}dIrvyGUaCQJE_@Cc@EUE_@Oy@]qApCeDAECS?Y@YDWPa@t@~A`A`B\|@@B`ArCRp@Z~@N`@HT|@nC^xAVz@bAbDx@jC~@pD|@dDH`@Hb@Rd@`@v@PXRTPB`@AF?XGHCHEJOTs@HWRm@l@cBHS~@mCFS`@gAVu@We@KSEIoBkDg@w@mBcDsAaCj@uA~AsDHPBLBXDLRZ^h@BJ@J?J??Wt@AJ@F`@p@a@q@AG@KVu@?KAKCK_@i@S[EMCYCMIQ_BrDk@tAEIgAkBkCqEeAmBCEU]mAsBsAcCgByD}B{FAGYy@eAtBi@lAU^NdAL|@NbAJx@Lj@Pj@LZTj@Q`@EVAX?XBR@DqCdD\pANx@D^DTBb@D^PKT`C	Click to Generate
S4	45	1			2	Northern General Hospital (S4)	Norwood Grange Care Home (S4)		3967	2975	_o~dIdk{G???IBCFAH?FBB?R@H?F?DFJXDVPM\[JMHSL_@Ji@Fi@@i@?w@@o@Ac@AQC[E[Oa@O[MMQOOGMGY?I@MDMH}@f@aD~A_@RWNeAp@aAl@MJ]RKLSXGFKFEBIDKBY@M@s@@C?E?w@BU@CR?R?L?H?L?H@N@p@?V?t@?P@^B`C?PB|@@FBFJBdACfBED?v@GPAB?F?NHXH@?h@A\?N?JFHFFRFT?@HNJTR^JV\l@LVNVb@|@LTLTBDP\^t@DFVf@DF@DBBd@hADHLPGLEHKTIPWd@[`@SPa@Ts@r@w@v@q@l@y@p@YX[`@U\q@|Aa@|@Ud@g@dAMQg@u@a@o@_@k@UQE?]GsBYGCJ_AJw@LDFAJCFBtBdAA@UpATP^j@`@n@f@t@LPf@eATe@`@}@p@}AT]Za@XYx@q@p@m@v@w@r@s@d@u@R]FMb@w@DGR_@`@q@BG@ARYlAgCd@_AFKHUHYF]Da@\_DDm@@q@@sBAeB?]@s@Bo@Dg@DWHo@JoA@]@g@@_@@kB@uB?{@@mA?MAQAOEWUQOICCSESEw@Cm@A}@?aAAAbAGjD?D?l@X?LFNFPNLLNZN`@DZBZ@P@b@An@?v@Ah@Gh@Kh@M^IRKL]ZQLEWKYEGG?I?SAC?ENEFM?CC?G	Click to Generate
S4	30	1			2	Wood Hill Lodge (S4)	Awesome Walls Sheffield (S4)		2651	1988	mg}dIrqyGN`@HT|@nCVbAFTVz@bAbDx@jC~@pD|@dDH`@Hb@Rd@`@v@PXRTPB`@AF?XGHCHEJOTs@HWRm@l@cBHS~@mCFS`@gAVu@We@KSEIoBkDg@w@mBcDsAaCj@uA~AsDHPBLBXDLRZ^h@BJ@J?J??Wt@AJ@F`@p@a@q@AG@KVu@?KAKCK_@i@S[EMCYCMIQ_BrDk@tArA`ClBbDf@v@nBjDDHJRVd@Wt@a@fAGR_AlCIRm@bBSl@IVUr@KNIDIBYFG?a@@QCSUQYa@w@Se@Ic@Ia@}@eD_AqDy@kCcAcDW{@_@yA}@oCIUOa@	Click to Generate
S4	45	1			2	Whiteways Primary School (S4)	Fir Vale Academy (S4)		3701	2776	ye}dIjuyGY_AIUk@aBSq@aAsCAC]}@aAaBu@_BQ`@EVAX?XBR@DqCdD\pANx@D^DTBb@D^PKT`CVxCBFD@EACGm@{GQJFhA@t@Ax@At@I`@ALIj@K\QZOTON{BhAaCcSeAyIG_@O_BOcBOoBCOCIIKcA~FAVGTA?GV?LAREXCLETCXANE\AFSbEGx@Ex@Ev@F@l@Jv@NFa@D_@By@BIFAFBDRD^CFBTDVTvAALCNC@AQYPHxBXO??GiBBABO@MUwAEWCUIFM@GCE^G`@w@Om@KGADw@Dy@Fy@RcE@GCe@?CAOCACEAECG?GAK?MHc@BKDQF]BM@MDWXmGFwA@g@F{BDqBBaBBiB?a@@m@?{@L@D?FAFE`@o@LQLOVQHGTQp@k@HIDAF?B@DDFHh@fAf@fABFDFNXBHJb@Lz@\hCD\TlBJv@BP@HNlAJdANdAL|@NbAJx@Lj@Pj@LZTj@t@~A`A`B\|@@B`ArCRp@j@`BHTX~@	Click to Generate
S4	30	1			2	Wood Hill Grange (S4)	Flue Supplies (S4)		2546	1910	}c}dI~yyGWcA}@oCIUOa@[_ASq@aAsCAC]}@aAaBu@_BUk@M[Qk@Mk@Ky@OcAM}@OeAT_@h@mAdAuBXx@@F|BzFfBxDrAbClArBT\BDdAlBjCpEfAjBDHrA`ClBbDh@uAJUJKHCLAJBNFLPtBxDMj@Lk@uByDMQ??OGKCM@IBKJKTi@tAf@v@nBjDDHJRVd@Wt@a@fAGR_AlCIRm@bBSl@IVUr@KNIDIBYFG?a@@QCSUQYa@w@Se@Ic@Ia@}@eD_AqDy@kCcAcDW{@GU	Click to Generate
S4	15	1			2	Lana Pizza (S4)	Jamia Masjid Ghausia (S4)		1261	946	i{}dIl`{GNIBABEFOcA{BQ]AEQ_@QWOSEGEEQS@]A[AQ?IIk@AOROSN@NHj@@Z@ZA\MQYWIGQS_@]Mm@EUMg@EUKg@CI[o@IOEIIOOg@Sa@aEiI`BkAdA_ALAD?Cl@An@Br@Dn@Dh@DNFb@L`AD\Fp@JdA@LFd@BRDTJd@BHJf@DTLf@DTLl@^\PRHFXVLPPRDDDFNRPVP^@DP\bAzBGNCDC@OH	Click to Generate
S4	20	1			2	Traditional Therapy (S4)	Anvil (S4)		1897	1423	ud{dI~cwG??EDWVK[K]EOCMCMGq@Oa@Yo@_@i@o@y@d@_CPL\TH]^Tc@dCCXGf@GPWp@ELKZcAtCjAfBGx@Q~BADIfBAt@i@rBg@hAk@|Ao@Ki@SgA]_@vC{Ai@oAc@AAW_@WSYOm@?OX??NYl@?XNVRV^@@nAb@zAh@^wCfA\h@Rn@Jj@}Af@iAh@sBn@j@dA~@~@cDHc@n@cBJYYuAIe@CIc@oBEOK[BIBCPENERES\	Click to Generate
S4	15	1			2	New Roomstyle (S4)	Attercliffe News & Booze (S4)		1252	939	u~zdI~xvGCuA?E?E?E@GRqC@SdBdAm@bDId@Kb@EPGPABAVAHCLINILKLSFURa@`@IHa@d@q@p@S\EDWVK[K]EOCMCMGq@GQGOYo@_@i@o@y@[a@TcAMj@GVZ`@n@x@^h@Xn@N`@Pd@L`@@JFXPENEREp@q@`@e@HI`@a@TSHSL_@DGHQBGNM@CFQDQJc@He@l@cDeBeAARSpCAF?D?D?DBtA	Click to Generate
S4	10	1			2	Traditional Therapy (S4)	J W Young (Butchers) Ltd (S4)		855	641	ym{dIzxvGBIJ]BBl@t@Z`@d@_CPL\TH]^Tc@dCCXGf@GPWp@ELKZcAtC][a@OOQkAgBe@w@mAmBBtH@LXh@rAgEt@_CZeABE?CLe@	Click to Generate
S4	10	1			2	Lustrous Furniture (S4)	J W Young (Butchers) Ltd (S4)		927	695	el{dI|xvGLNZ`@n@x@^h@JaATEp@OA]Ke@?G@GBM?CAOKGIGCTc@dCK`AGPWp@ELKZcAtC][a@OOQkAgBe@w@mAmBBtH@LXh@rAgEt@_CZeABE?CPo@J]BB^d@	Click to Generate
S4	30	1			2	PDSA (S4)	Eye of Needle (S4)		2315	1736	am|dIdxwGw@BKBEBCBc@`@u@wAWQIOS[GIYa@S]KUIOJYFQP_@LSVWl@oAR\Sd@??Re@S]m@nAQn@Ub@CFIPR\b@t@DFJBNCHI@?JMNMfA_CDIDGDADADAD@D@lBr@xGdCLD|@\@@JBfBz@hA^f@NhAd@|@Z_@vC{Ai@oAc@AAW_@WSYOm@?OX??NYl@?XNVRV^@@nAb@zAh@^wC}@[iAe@g@OiA_@gB{@KCAA}@]MEyGeCmBs@EAEAE@E@E@EFEHgA~BM`@GLABMH@XLh@t@vAb@a@BCDCJCv@C	Click to Generate
S4	10	1			2	Scott Road Store (S4)	Tea and Cakes (S4)		999	749	ky|dItc{GP`@y@xBw@lBSl@Qf@HNIOPg@FQJ[kAqCeAkCw@qB_AcCGHI\Ml@CRQDMHKFCHADCN?VBVFPb@jAb@dAJTKNt@zEBHDBD?DIp@gBdAqCjApCv@mBx@yBQa@	Click to Generate
S4	30	1			2	Le Bon Vin (S4)	PDSA (S4)		2412	1809	s~{dIx{wGNYl@?XNVRV^@@nAb@zAh@^wC}@[iAe@g@OiA_@gB{@KCAA}@]MEyGeCmBs@EAEAE@E@E@EFEHgA~BM`@GLABMH@XLh@t@vA`@x@`AnBJNPWBAPWUXQVKOaAoBa@y@u@wAWQIOS[GIYa@S]KUIOJYFQP_@LSVWl@oAR\Sd@??Re@S]m@nAQn@Ub@CFIPR\b@t@DFJBNCHI@?JMNMfA_CDIDGDADADAD@D@lBr@xGdCLD|@\@@JBfBz@hA^f@NhAd@|@Z_@vC{Ai@oAc@AAW_@WSYOm@?OX	Click to Generate
S4	10	1			2	The Carlton Hotel (S4)	Bit Of Everything (S4)		747	560	gi{dIn|vGZb@GPWp@ELKZcAtCjAfBZd@TT|@v@hAeAIe@CIc@oBAGCGK[BIBCPENEREp@q@`@e@a@wALd@Rp@a@d@q@p@S\EDWVK[K]EOCMCMGq@Oa@Yo@[c@	Click to Generate
S4	10	1			2	New Roomstyle (S4)	J W Young (Butchers) Ltd (S4)		977	733	ok{dItxvGGVZ`@n@x@^h@Xn@FNFPPd@L`@@JFXBh@DNb@nBBHHd@iAdA}@w@UU[e@kAgB][a@OOQkAgBe@w@mAmBBtH@LXh@rAgEt@_CZeABE?CPo@J]BBl@t@FW	Click to Generate
S4	15	1			2	Traditional Therapy (S4)	Aaliyah Mosque (S4)		1312	984	yc{dIvbwGGHS\EDWVK[K]EOCMCMGq@Oa@Yo@_@i@o@y@d@_CPL\TH]^Tc@dCCXGf@Xn@N`@Pd@L`@@JFXPENEREp@q@`@e@HI`@a@TSHSL_@DGHQBGNM@CFQDQJc@He@l@cDeBeAARSpCAF?D?D?DBxATCUB?CCuA?E?E?E@GRqC@SdBdAm@bDId@Kb@EPGPABAVAHCLINILKLSFURa@`@IHa@d@i@f@	Click to Generate
S4	30	1			2	JBM Automotive (S4)	Wood Hill Lodge (S4)		2938	2204	sq|dItpyG???KAKCK_@i@S[EMCYCMIQ_BrDk@tArA`ClBbDh@uAJUJKHCLAJBNFLPtBxDMj@Lk@qAaCc@w@MQOGKCM@IBKJKTi@tAf@v@nBjDDHJRVd@Wt@a@fAGR_AlCIRm@bBSl@IVUr@KNIDIBYFG?a@@QCSUQYa@w@Se@Ic@Ia@}@eD_AqDy@kCcAcDW{@GUWcA}@oCIUk@aBSq@aAsCAC]}@aAaBu@_BUk@M[Qk@Mk@Ky@OcAM}@OeAT_@h@mAdAuBXx@@F|BzFfBxDrAbClArBT\BDdAlBjCpEfAjBDHj@uA~AsDHPBLBXDLRZ^h@BJ@J?J??	Click to Generate
S4	10	1			2	Premier Doors (S4)	Travel & More (S4)		917	688	_e{dInkwGe@b@}@w@UU[e@kAgBbAuCJ[DMVq@FQXn@N`@Pd@BDHZ@JFXPENERES\EDWVK[K]EOCMCMGq@Oa@Yo@_@i@]c@QUd@_CPL\TH]^Tc@dCK`AXn@N`@Pd@L`@@JFXBh@DNb@nBBHHd@c@`@	Click to Generate
S4	15	1			2	National Blinds (S4)	Aaliyah Mosque (S4)		1133	850	si{dI`|vGFF^h@Xn@N`@Pd@L`@@JFXPELE@?REp@q@`@e@HI`@a@TSHSL_@DGHQBGNM@CFQDQJc@He@l@cDeBeAARSpCAF?D?D?DBxATCUB?CCuA?E?E?E@GRqC@SdBdAm@bDId@Kb@EPGPABAVAHCLINILKLSFURa@`@IHa@d@q@p@S\EDWVK[K]EOCMCMGq@Oa@Yo@_@i@GG	Click to Generate
S4	10	1			2	Warty Lounge (S4)	Momento (S4)		766	574	ab{dIv~vGRp@a@d@q@p@S\EDWVK[K]OZ_@x@y@dBkAgBbAuCJ[DMVq@FQJaAfAUA]Ke@?G@GBM?CAOKGIGCTShAOz@K`AXn@N`@Pd@L`@@JFXPENEREp@q@`@e@Sq@	Click to Generate
S4	20	1			2	Norwood and Bishopsholme Community Centre (S4)	Shirecliffe Community Centre (S4)		1661	1246	ev~dIp`~GMo@YkAGIIE??Q@MBMBG?cBfAKFIBu@HSBKBI@g@JOBEDGJUh@l@hAj@tA^~@\jAZrAPbAP~@TCnAKF?LAJ?TAH?\AxCOL?NAr@EnAGN?BlCCmCO?oAFs@DO@M?yCN]@I?U@Y@G?oAJUBQ_AQcA[sA]kA_@_Ak@uAm@iATi@FKDENCf@KHAJCRCt@IHCJGbBgAF?LCLCPAHDFHXjALn@	Click to Generate
S4	30	1			2	La Piazza (S4)	Eye of Needle (S4)		2143	1607	qn|dIhxwGG?KBEBCBc@`@u@wAWQIOS[GIYa@S]KUIOJYFQP_@LSVWHTBLD`@e@x@DK^m@FrAFn@HI@?JMNMfA_CDIDGDADADAD@D@lBr@xGdCLD|@\@@JBfBz@hA^f@NhAd@|@Z_@vC{Ai@oAc@AAW_@WSYOm@?OX??NYl@?XNVRV^@@nAb@zAh@^wC}@[iAe@g@OiA_@gB{@KCAA}@]MEyGeCmBs@EAEAE@E@E@EFEHgA~BM`@GLABMH@XLh@t@vAb@a@BCDCJCF?	Click to Generate
S4	15	1			2	La Piazza (S4)	City Motor Factors (S4)		1255	941	y||dI`hxG_A_BAAACYe@jCcGfAeCt@aBJk@DINa@JYFQP_@LSVWHTBLD`@e@x@DK^m@FrAFn@@V@XLh@t@vAb@a@BCDCJCF?jAEJ?J@^H_@IKAK?sADKBEBCBc@`@u@wAWQIOS[GIYa@KCKAI?G?O?QXu@`BgAdCkCbGXd@@B@@~@~A	Click to Generate
S4	15	1			2	Wood Hill Grange (S4)	Whiteways Primary School (S4)		1295	971	io}dIdbyGf@bA`A`B\|@@B`ArCRp@Z~@N`@HTt@y@u@x@IUk@aBSq@aAsCAC]}@aAaBu@_BQ`@EVAX?XBR@DqCdD\pANx@D^DTBb@D^PKT`CVxCBFD@EACGm@{GQJE_@Cc@EUE_@Oy@]qApCeDAECS?Y@YDWPa@LZ	Click to Generate
S4	15	1			2	Masjid Umar (S4)	Masjid Noor (S4)		1296	972	uq}dIb{{GAN?JFVLt@@DADEDSNCLAV\Ar@?l@?DBDDBJDCJETGPARAL?YcAEOk@uBSs@lAmALOBG?G_@oAc@uAY_AEOIEIQq@kA}@hBLUn@sAp@jAHPHDDNX~@b@tA^nA?FCFMNmAlARr@j@tBDNXbAM?S@Q@UFKDEBUNULb@dC??c@eCTMTOCKEEECm@?s@?]@@WBMRODE@EAEMu@GW?K@O	Click to Generate
S4	60	1			2	Steel sign for Kelham Island Museum (S4)	St. James Church (S4)		4849	3637	oqzdIfp~GPoARgBFg@@CBE@A@?BA@?PJL?NCJEAKAWAO?O?O@Q@Q@MN}BF{@Dq@@M@QB]Fa@[MSKICYMIEy@_@C?K?C@G@A@EBM@E?KAIAEAWCGAoACMAS@G@C@EDED_AvAEFWb@INCBCBC@SBeAVGBGBEBA@C@EBEBKH}ApAOJMFMFKDKBOBMBM@Q?m@EI?aBIsAEuBI}@KYMc@Wk@k@mBqBy@_A]_@UUEGW]GGiB}BMO]We@SUGQG_@EKAEAu@IGAGAOCOEICGCICq@[m@YGCOGOGIE]SGC]Ue@g@CCe@o@[g@CEWc@CEEIMWISOYWa@_@m@MS_@o@Ye@[q@Ue@EIa@}@Sc@u@aBa@aAEKPWBIHgB@]NqCP{DFBFDFJFJRWJ]@IGY??FXAHK\SVGKGKGEGCQzDOpCA\IfBCHQVDJ`@`At@`BRb@`@|@DHTd@Zp@Xd@^n@LR^l@V`@NXHRLVDHBDVb@BDZf@d@n@BBd@f@\TFB\RHDNFNFFBl@Xp@ZHBFBHBNDNBF@F@t@HD@J@^DPFTFd@R\VLNhB|BFFV\DFTT\^x@~@lBpBj@j@b@VXL|@JtBHrAD`BHH?l@DP?LALCNCJCJELGLGNK|AqAJIDCDCBA@ADCFCFCdAWRCBABCBCHOJNFDHDv@XJBH@F?F?H?FAFAHAHAHEHEJGJEHEFEBCDCDAJCJy@Be@Be@@c@@G?Q?k@?ICw@?]By@PeDNYFED?D?A\@X@\@TFh@D\BNFTHTL^DHd@hAFNBBLP@DHJHPBDBTHP@L?NCVG`@C\APALEp@Gz@O|BALAPAP?N?NBf@@JKDOBM?QKA?C@A?A@CDABGf@SfBQnA	Click to Generate
S4	60	1			2	Hillsborough Barracks Memorial (S4)	Watercliffe Meadow Community Primary School (S4)		7621	5716	{__eIvaaH?dBBD@N}@nB]v@GKSe@[k@k@gAYg@[i@i@y@GIo@_Aq@u@SYOzAMzAIpBC`BCrAGzF?B?NAzB@f@BZ@FNv@Jj@Nh@Rl@p@tAf@x@d@hA^lAXhAJh@Lh@n@lCX|AD\Lx@Hf@Ff@VjBv@hGHl@DZJp@D`@PtAFf@FZP|AJLFHRLF@j@Ul@Sb@Sn@Y|Ao@ZMbA]FCVKZKTIlAa@fBc@dAUDAFATE\Gj@MjASp@QFAt@St@Or@Sb@KFEXIVMXKHGJIJIHIBCPOEQCQ?YBc@@IFc@Jm@BSFS?I?O?W?]?SAWA_@Ce@AWAMCe@CSC_@Ec@CMCMEMQe@KWo@cBo@aBM[{BqFSe@IMGIEEGEIEICI?GAG@E@G@GBgC|AGDEDGFCDEHCDc@jAEDA@A?C?C?AAECi@m@EEACCG?G?G@I?CH]@M??ALI\?BAH?F?FBF@BDDh@l@DB@@B?B?@?@ADEb@kABEDIBEFGDEFEfC}AFCFADAFAF@H?HBHDFDDDFHHLRd@zBpFLZn@`Bn@bBJVPd@DLBLBLDb@B^BRBd@@L@VBd@@^@V?R?\?V?N?H@T?J?L@L@HD\HHDNBLDXBX?b@MNIJQPGDMFIFIDy@Zo@R{@Vk@Nu@Pc@NE@gAVcATy@PQDE?G@[FWFUDKB{@PoA^SFSFODMB_@LSHo@T]NOH_A^q@Xs@ZOD]Ru@ZUL[GCAMOCSEi@Q}AG[Gg@QuAEa@Kq@E[Im@w@iGWkBGg@Ig@My@E]Y}Ao@mCMi@Ki@YiA_@mAe@iAg@y@q@uASm@Oi@Kk@Ow@AGC[Ag@@{B?O?CF{FBsABaBHqBL{AN{AF]Ha@Pi@JYNWb@}@v@yAv@sAd@_AN_@Z_AP_Ap@{Et@{ENiAN_ADYBKVsBJ_ADk@Bk@?{@GgAXIrAc@J?N?JFJFhBtBZkAFW\eBaBuAZeBQq@MO??LNPp@DEH@FFpAr@c@bC]dBGV[jAQt@m@zBs@~BWx@I^G\I|@CVQtAMfAu@lFe@jCMz@CHI`@Qr@Mb@IVGNQd@EFUd@m@bAYf@QZIPk@bAiAnBh@x@Zh@Xf@j@fAZj@Rd@FJ\w@|@oBAOCE?eB	Click to Generate
S4	30	1			2	Le Bon Vin (S4)	PDSA (S4)		2412	1809	s~{dIx{wGNYl@?XNVRV^@@nAb@zAh@^wC}@[iAe@g@OiA_@gB{@KCAA}@]MEyGeCmBs@EAEAE@E@E@EFEHgA~BM`@GLABMH@XLh@t@vA`@x@`AnBJNPWBAPWUXQVKOaAoBa@y@u@wAWQIOS[GIYa@S]KUIOJYFQP_@LSVWl@oAR\Sd@??Re@S]m@nAQn@Ub@CFIPR\b@t@DFJBNCHI@?JMNMfA_CDIDGDADADAD@D@lBr@xGdCLD|@\@@JBfBz@hA^f@NhAd@|@Z_@vC{Ai@oAc@AAW_@WSYOm@?OX	Click to Generate
S4	20	1			2	Page Hall Medical Centre (S4)	Oasis Academy Fir Vale (S4)		1594	1196	{`~dIfzyG??GiBBABO@MUwAEWCUIFM@GCE^G`@Mf@O^CDKR?@SXSXCDMNLOBERYRYJUBEN_@Lg@w@Om@KGAQ`D?JANCZALCl@An@Br@Dn@Dh@Lr@L`AD\Fp@JdA@LFd@BRDTJd@BHJf@DTLf@DTLl@^\PRHFERAF?F?t@AtC@Tm@F@uB?{@@mA?MAQAOEWMm@EUMg@EUKg@CIKe@EUCSGe@AMKeAGq@??E]MaAMs@Ei@Eo@Cs@@o@Bm@@MB[@O?KPaDF@l@Jv@NFa@D_@By@BIFAFBDRD^CFBTDVTvAALCNC@FhB??	Click to Generate
S4	20	1			2	Jamia Masjid Ghausia (S4)	Fir Vale Academy (S4)		1910	1432	qh~dI`xyGq@c@[USOMb@KVMLSLSJk@TUJGFgGpMGLCJ?JRlB\~CVCZCp@Cp@?rABjA@f@?`A@|@?l@@v@BRDJMFG@EBI@I?UEUKg@CIKe@EUCSGe@AMKeAGq@E]MaAGc@EOEi@Eo@Cs@@o@Bm@@MB[@O?KPaDF@l@Jv@NFa@D_@By@BIFAFBDRD^CFBTDVTvAALCNC@AQYPHxBXO??GiBBABO@MUwAEWCUIFM@GCE^G`@w@Om@KGADw@Dy@mAmA}@tD]~ARNZTp@b@	Click to Generate
S4	30	1			2	Wood Hill Lodge (S4)	Wood Hill Grange (S4)		2314	1736	yn|dI`yyGOGKCM@IBKJKTi@tAf@v@nBjDDHJRVd@Wt@a@fAGR_AlCIRm@bBSl@IVUr@KNIDIBYFG?a@@QCSUQYa@w@Se@Ic@Ia@}@eD_AqDy@kCcAcDW{@GUWcA}@oCIUOa@[_ASq@aAsCAC]}@aAaBu@_BUk@M[Qk@Mk@Ky@OcAM}@OeAT_@h@mAdAuBXx@@F|BzFfBxDrAbClArBT\BDdAlBjCpEfAjBDHrA`ClBbDh@uAJUJKHCLAJBNF	Click to Generate
S4	10	1			2	Jamia Dar Ul Uloom Qadiria Jillania Centre (S4)	Oasis Academy Fir Vale (S4)		991	743	ab~dIltzGHHPRHFXVLPPRDDDFNRJWTc@HK@K?IEUDT?HAJ_@n@KVOSEGEEQSMQYWIGQS_@]Mm@EUMg@EUKg@CI[o@IOEIIOOg@Sa@aEiI`BkAdA_ALAD?Cl@An@Br@Dn@Dh@Lr@L`AD\??Fp@JdA@LFd@BRDTJd@BHJf@DTLf@DTLl@TR	Click to Generate
S4	60	1			2	E-ACT Parkwood Academy (S4)	Watercliffe Meadow Community Primary School (S4)		7621	5716	eh~dIb_bHALI\?BAH?F?FBF@BDDh@l@DB@@B?B?@?@ADEb@kABEDIBEFGDEFEfC}AFCFADAFAF@H?HBHDFDDDFHHLRd@zBpFLZn@`Bn@bBJVPd@DLBLBLDb@B^BRBd@@L@VBd@@^@V?R?\?V?N?H@T?J?L@L@HD\HHDNBLDXBX?b@MNIJQPGDMFIFIDy@Zo@R{@Vk@Nu@Pc@NE@gAVcATy@PQDE?G@[FWFUDKB{@PoA^SFSFODMB_@LSHo@T]NOH_A^q@Xs@ZOD]Ru@ZUL[GCAMOCSEi@Q}AG[Gg@QuAEa@Kq@E[Im@w@iGWkBGg@Ig@My@E]Y}Ao@mCMi@Ki@YiA_@mAe@iAg@y@q@uASm@Oi@Kk@Ow@AGC[Ag@@{B?O?CF{FBsABaBHqBL{AN{ARXp@t@n@~@FHh@x@Zh@Xf@j@fAZj@Rd@FJ\w@|@oBAOCE?eB???dBBD@N}@nB]v@GKSe@[k@k@gAYg@[i@i@y@hAoBj@cAHQP[Xg@l@cATe@DGPe@FOHWLc@Ps@Ha@BIL{@d@kCt@mFLgAPuABWH}@F]H_@Vy@r@_Cl@{BPu@ZkAFW\eBaBuAZeBQq@MO??LNPp@DEH@FFpAr@c@bC]dBGV[jAiBuBKGKGO?K?sAb@YHFfA?z@Cj@Ej@K~@WrBCJEXO~@OhAu@zEq@zEQ~@[~@O^e@~@w@rAw@xAc@|@OVKXQh@I`@G\OzAMzAIpBC`BCrAGzF?B?NAzB@f@BZ@FNv@Jj@Nh@Rl@p@tAf@x@d@hA^lAXhAJh@Lh@n@lCX|AD\Lx@Hf@Ff@VjBv@hGHl@DZJp@D`@PtAFf@FZP|AJLFHRLF@j@Ul@Sb@Sn@Y|Ao@ZMbA]FCVKZKTIlAa@fBc@dAUDAFATE\Gj@MjASp@QFAt@St@Or@Sb@KFEXIVMXKHGJIJIHIBCPOEQCQ?YBc@@IFc@Jm@BSFS?I?O?W?]?SAWA_@Ce@AWAMCe@CSC_@Ec@CMCMEMQe@KWo@cBo@aBM[{BqFSe@IMGIEEGEIEICI?GAG@E@G@GBgC|AGDEDGFCDEHCDc@jAEDA@A?C?C?AAECi@m@EEACCG?G?G@I?CH]@M	Click to Generate
S4	10	1			2	Silver Pan (S4)	MyCigara (S4)		670	502	ae{dIpfwGKc@EOK[BIBCPENEREp@q@`@e@a@wALd@Rp@a@d@q@p@S\EDWVK[K]o@tAy@dBkAgBbAuCJ[DMPg@DIFQXn@N`@Pd@L`@@JFXBh@DNJb@	Click to Generate
S4	10	1			2	Baltic Pearl (S4)	Attercliffe News & Booze (S4)		645	484	qf{dIfawG@BL`@@JFXBh@DNb@nBBHHd@c@`@e@b@}@w@UU[e@kAgBbAuCJ[DMVq@FQ_@i@o@y@[a@TcAMj@GVZ`@n@x@^h@Xn@N`@N`@	Click to Generate
S4	10	1			2	Accelerate (S4)	Warty Lounge (S4)		692	519	cr{dIx~vGd@v@t@_CZeABE?CLe@BIJ]BBl@t@Z`@n@x@^h@Xn@N`@Pd@L`@@JFXPENERES\EDWVK[K]OZ_@x@y@dBkAgB][a@OOQkAgBe@w@	Click to Generate
S4	10	1			2	Global Hair & Beauty (S4)	Oasis Academy Fir Vale (S4)		947	710	c}}dIvvzGUb@KVOSEGEEQSMQYWIGQSIIUSMm@EUMg@EUKg@CI[o@IOEIIOOg@Sa@aEiI`BkAdA_ALAD?Cl@An@Br@Dn@Dh@Lr@L`AD\??Fp@JdA@LFd@BRDTJd@BHJf@DTLf@DTLl@^\PRHFXVLPPRDDDFNRJWTc@	Click to Generate
S4	20	1			2	Fir Vale Pharmacy (S4)	St Cuthberts (S4)		1754	1316	_g~dIdbzGEOEi@Eo@Cs@@o@Bm@@MB[@O?KPaDDw@Dy@mAmA}@tD]~ARNZTp@b@TPgAu@[USOMb@KVMLSLSJk@TUJGFgGpMGLCJ?JRlB\~CVCZCp@Cp@?rABjA@f@?`A@|@?l@@v@BRDJMFG@EBI@I?UEUKg@CIKUOYIOEIIOOg@Sa@aEiI`BkAdA_ALAD?Cl@An@Br@Dn@Dh@DN	Click to Generate
S4	30	1			2	Awesome Walls Sheffield (S4)	Wood Hill Lodge (S4)		2888	2166	gm|dIj{yGc@w@MQOGKCM@IBKJKTi@tAmBcDsAaCj@uA~AsDHPBLBXDLRZ^h@BJ@J?J??Wt@AJ@F`@p@a@q@AG@KVu@?KAKCK_@i@S[EMCYCMIQ_BrDk@tAEIgAkBkCqEeAmBCEU]mAsBsAcCgByD}B{FAGYy@eAtBi@lAU^NdAL|@NbAJx@Lj@Pj@LZTj@t@~A`A`B\|@@B`ArCRp@j@`BHT|@nCVbAFTVz@bAbDx@jC~@pD|@dDH`@Hb@Rd@`@v@PXRTPB`@AF?XGHCHEJOTs@HWRm@l@cBHS~@mCFS`@gAVu@We@KSEIoBkDg@w@h@uAJUJKHCLAJBNFLPb@v@	Click to Generate
S4	10	1			2	MyCigara (S4)	Baltic Pearl (S4)		679	509	ab{dIv~vGRp@a@d@q@p@S\EDWVK[K]EOCMCMGq@Oa@Yo@GPEHQf@ELKZcAtCjAfBZd@TT|@v@d@c@b@a@Ie@CIc@oBEOK[BIBCPENEREp@q@`@e@Sq@	Click to Generate
S4	20	1			2	Busk Meadow Park (S4)	Shirecliffe Community Centre (S4)		1676	1257	_n~dI|g~G]H@pA?lAEpBs@DO@M?yCN]@I?U@Y@G?oAJUBQ_AQcA[sA]kA_@_Ak@uAm@iATi@FKDENCf@KHAJCRCt@IHCJGbBgAF?LCLCPAHDFHXjALn@??Mo@YkAGIIEQ@MBMBG?cBfAKFIBu@HSBKBI@g@JOBEDGJUh@l@hAj@tA^~@\jAZrAPbAP~@TCnAKF?LAJ?TAH?\AxCOL?NAr@EDqB?mAAqA\I	Click to Generate
S4	60	1			2	St. James Church (S4)	Scott Road Store (S4)		5320	3990	eqzdIvn~GF_@RgBFg@@CBE@A@?BA@?PJL?NCJEAKCg@?O?O@Q@Q@MN}BF{@Dq@@M@QB]Fa@[MSKICYMIEy@_@C?K?C@G@A@EBM@E?KAIAEAWCGAoACMAS@G@C@EDED_AvAEFWb@INCBCBC@SBeAVGBGBEBA@C@EBEBKH}ApAOJMFMFKDKBOBMBM@Q?m@EI?aBIsAEuBI}@KYMc@Wk@k@mBqBy@_A]_@UUEGW]GGiB}BMO]We@SUGQG_@EKAEAu@IGAGAOCOEICGCICq@[m@YGCOGOGIE]SGC]Ue@g@CCe@o@[g@CEWc@CEEIMWISOYWa@_@m@MS_@o@Ye@[q@Ue@EIa@}@Sc@u@aBa@aAEKPWBIHgB@]NqCP{DFBFDFJFJRWJ]@IGY??FXAHK\SVGKGKGEGC@m@N_DHmAH{@Ho@H]x@aCL[HUPg@FQJ[v@mBx@yBh@}ATu@b@oAj@Fd@JdAHvANbAJB?JBdBRVDP?HIHMBM??BKBYDaB@]Bm@?CBgA@[Bu@HGNIJCPCXj@rA|B|@`BFJNZDPBVDnA?L@ND|ADhABJDJHJd@X|Ax@DBtAp@HDd@XfAn@d@Z|BvA\TZRLJ@EBCBABABBBB@F?D?FCFCBC@?R?j@?X@T?DBNBNLb@FLVSDCHGVONGXGJ?LANAl@HJDJBl@XvBtAFBHDr@b@JH\TZP\R^JFDDBFFZ\LLBB`@f@RXb@`@XF@@DBFDB@d@XPHA`@CTAZGb@E`@I^I^ELa@rAANCR?JARAX?^@V?VDt@DJFXJb@BHNl@FPBL@F@J?VMn@QdAU~@IZEPCTCZAPARAPA\@X@\@TFh@D\BNFTHTL^DHd@hAFNBBLP@DHJHPBDBTHP@L?NCVG`@C\APALEp@Gz@O|BALAPAP?N?NBf@@JKDOBM?QKA?C@A?A@CDABGf@SfBG^	Click to Generate
S4	10	1			2	Jamia Dar Ul Uloom Qadiria Jillania Centre (S4)	Oasis Academy Fir Vale (S4)		991	743	ac~dIzrzGH\^\PRHFXVLPPRDDDFNRJWTc@HK@K?IEUDT?HAJ_@n@KVOSEGEEQSMQYWIGQS_@]Mm@EUMg@EUKg@CI[o@IOEIIOOg@Sa@aEiI`BkAdA_ALAD?Cl@An@Br@Dn@Dh@Lr@L`AD\??Fp@JdA@LFd@BRDTJd@BHJf@DTLf@DTBN	Click to Generate
S4	10	1			2	The Carlton Hotel (S4)	Accelerate (S4)		730	548	mg{dIj{vGQDK`AXn@N`@Pd@L`@@JFXBh@BF@Fb@nBBHHd@iAdA}@w@UU[e@kAgB][a@OOQkAgBt@_CZeABE?CLe@BIJ]BBl@t@Z`@n@x@^h@JaAPE	Click to Generate
S4	20	1			2	City Motor Factors (S4)	Colourcraft Limited (S4)		1570	1178	kt|dIlqwG^m@FrAFn@@V@XLh@t@vAb@a@BCDCJCF?jAEJ?J@^H_@IKAK?sADKBEBCBc@`@u@wAWQIOS[GIYa@KCKAI?G?O?QXu@`BgAdCkCbGXd@@B@@pDjGu@jBh@|@i@}@t@kBqBkD_A_BAAACYe@jCcGfAeCt@aBJk@DINa@JYFQP_@LSVWHTBLD`@_@l@	Click to Generate
S4	10	1			2	St Cuthberts (S4)	Yours Food and Wine (S4)		844	633	u_~dIptzG@P@ZA\MQYWIGQS_@]Mm@EUMg@EUKg@CIKUOYIOEIIOOg@TVFFDBJLBRDTJd@BHJf@DTLf@DTLl@DV@N@P?LAlA?z@AtBAjBA^Af@A\@@BAx@_@p@]hAi@h@WHENIBABEFOcA{BQ]AEQ_@QWOSEGEEQS@]A[AQ	Click to Generate
S4	30	1			2	La Piazza (S4)	Eye of Needle (S4)		2267	1700	ml|dIv~wGC@QVKOaAoBa@y@u@wAWQIOS[GIYa@S]KUIOJYFQP_@LSVWHTBLD`@e@x@DK^m@FrAFn@HI@?JMNMfA_CDIDGDADADAD@D@lBr@xGdCLD|@\@@JBfBz@hA^f@NhAd@|@Z_@vC{Ai@oAc@AAW_@WSYOm@?OX??NYl@?XNVRV^@@nAb@zAh@^wC}@[iAe@g@OiA_@gB{@KCAA}@]MEyGeCmBs@EAEAE@E@E@EFEHgA~BM`@GLABMH@XLh@t@vA`@x@`AnBJNPWBA	Click to Generate
S4	10	1			2	Adept Afro Hair & Beauty (S4)	Illusionz (S4)		733	550	ig{dIj{vGUDK`A_@i@o@y@[a@MO_@e@CCK\Qn@?BCD[dAu@~BjAfBNP`@N\ZjAfBZd@TT|@v@hAeAIe@CIWkAKc@EOK[K]EOCMCMGq@Oa@Yo@JaATE	Click to Generate
S4	10	1			2	Bit Of Everything (S4)	Beauty Beneath (S4)		1033	775	eg{dIrdwGUd@y@dBZd@TT|@v@hAeAIe@CIc@oBEOK[BIBCPENEREp@q@`@e@a@wALd@Rp@a@d@q@p@S\EDWVK[K]EOCMCMGq@Oa@Yo@_@i@GGg@q@d@_CPL\TH]^Tc@dCK`AXn@N`@Pd@L`@@JFXPENERES\EDWVK[K]Yn@	Click to Generate
S4	10	1			2	Attercliffe News & Booze (S4)	Baltic Pearl (S4)		884	663	yf{dIt`wGHTL`@@JFXPENERES\EDWVK[K]EOCMCMGq@Oa@Yo@_@i@o@y@[a@TcAMj@GVZ`@n@x@^h@Xn@N`@Pd@L`@@JFXBh@DNb@nBBHHd@c@`@e@b@}@w@UU[e@kAgBbAuCJ[DMVq@FQXn@N`@FN	Click to Generate
S4	20	1			2	Crabtree Ponds (S4)	St. James Church (S4)		1479	1109	ym}dIlf|Gc@eCTMTOCKEEECm@?s@?]@@WBMRODE@EAEMu@GW?K@O@MFKGJAL??AN?JFVLt@@DADEDSNCLAV\Ar@?l@?DBDDBJDCJETGPARAL?Rn@d@zAz@|CZfAPh@n@tBPWBIHgB@]NqCP{DFBFDFJFJRWJ]@IGY??FXAHK\SVGKGKGEGCQzDOpCA\IfBCHQVo@uBQi@[gA{@}Ce@{ASo@M?S@Q@UFKDEBUNULb@dC	Click to Generate
S4	30	1			2	Crabtree Ponds (S4)	Tea and Cakes (S4)		2765	2074	oq}dI`m{Gn@sAp@jAHPHDDNX~@b@tA^nA?FCFMNmAlARr@j@tBDNXbAM?S@Q@UFKDEBCKEEECm@?s@?]@@WBMRODE@EAEMu@GW?K@O@MFKGJAL??AN?JFVLt@@DADEDSNCLAV\Ar@?l@?DBDDBJDCJETGPARAL?Rn@d@zAz@|CZfAPh@n@tBPWBIHgB@]NqCP{D@m@N_DHmAH{@Ho@H]x@aCL[HUPg@Rm@kAqCeAkCw@qB_AcCGHI\Ml@CRQDMHKFCHADCN?VBVFPb@jAb@dAJTKNt@zEBHDBD?DIp@gBdAqCjApCSl@Qf@ITMZy@`CI\In@Iz@IlAO~CMIGGGM_EaNe@}AmBPKAIEIQq@kAo@rA	Click to Generate
S4	10	1			2	The Dream Lounge (S4)	J W Young (Butchers) Ltd (S4)		958	718	_l{dIdyvGFFZ`@n@x@^h@Tf@BFN`@Pd@L`@@JFXBh@DNb@nBBHHd@iAdA}@w@UU[e@kAgB][a@OOQkAgBe@w@mAmBBtH@LXh@rAgEt@_CZeABE?CPo@J]BBd@l@	Click to Generate
S4	20	1			2	Busk Meadow Park (S4)	Shirecliffe Community Centre (S4)		1605	1204	{n~dI~i~G?X?lAEpBs@DO@M?yCN]@I?U@Y@G?oAJUBQ_AQcA[sA]kA_@_Ak@uAm@iATi@FKDENCf@KHAJCRCt@IHCJGbBgAF?LCLCPAHDFHXjALn@??Mo@YkAGIIEQ@MBMBG?cBfAKFIBu@HSBKBI@g@JOBEDGJUh@l@hAj@tA^~@\jAZrAPbAP~@TCnAKF?LAJ?TAH?\AxCOL?NAr@EDqB?mA?Y	Click to Generate
S4	10	1			2	Warty Lounge (S4)	Bit Of Everything (S4)		889	667	og{dItyvGOz@K`AXn@N`@Pd@L`@@JFXPENERES\EDWVK[K]OZ_@x@y@dBZd@TT|@v@hAeAIe@CIc@oBEOK[BIBCPENEREp@q@`@e@a@wALd@Rp@a@d@q@p@S\EDWVK[K]EOCMCMGq@Oa@Yo@JaAN{@	Click to Generate
S4	10	1			2	Baltic Pearl (S4)	Attercliffe News & Booze (S4)		645	484	of{dIjawG??L`@@JFXBh@DNb@nBBHHd@c@`@e@b@}@w@UU[e@kAgBbAuCJ[DMVq@FQ_@i@o@y@[a@TcAMj@GVZ`@n@x@^h@Xn@N`@Pd@	Click to Generate
S4	10	1			2	Illusionz (S4)	Silver Pan (S4)		709	532	yh{dIn~vGQf@ELKZcAtCjAfBZd@TT|@v@hAeAIe@CIWkAKc@EOK[BIBCPENEREp@q@`@e@a@wALd@Rp@a@d@q@p@S\EDWVK[K]EOCMCMGq@Oa@Yo@GPEH	Click to Generate
S4	15	1			2	Yours Food and Wine (S4)	Oasis Academy Fir Vale (S4)		1353	1015	m`~dIrrzGJG@NHj@@Z@ZA\PRDDDFNRPVP^@DP\bAzBGNCDC@OHIDi@ViAh@q@\y@^C@AA@]@g@@_@@kB@uB?{@@mA?MAQAOEWMm@EUMg@EUKg@CI[o@IOEIIOOg@Sa@aEiI`BkAdA_ALAD?Cl@An@Br@Dn@Dh@Lr@L`AD\??Fp@JdA@LFd@BRDTJd@BHJf@DTLf@DTLl@^\PRHFXVLP@]A[A[Ik@AOKF	Click to Generate
S4	15	1			2	Beauty Beneath (S4)	Aaliyah Mosque (S4)		1394	1046	wd{dIfcwG@?RES\EDWVK[K]EOCMCMGq@Oa@Yo@_@i@GGg@q@d@_CPL\TH]^Tc@dCK`AXn@N`@Pd@L`@@JFXPENEREp@q@`@e@HI`@a@TSHSL_@DGHQBGNM@CFQDQJc@He@l@cDeBeAARSpCAF?D?D?DBxATCUB?CCuA?E?E?E@GRqC@SdBdAm@bDId@Kb@EPGPABAVAHCLINILKLSFURa@`@IHa@d@q@p@S\EDWVK[BIBCPELE	Click to Generate
S4	15	1			2	Attercliffe News & Booze (S4)	Aaliyah Mosque (S4)		1278	958	ig{dIr_wGGOYo@_@i@o@y@[a@TcAMj@GVZ`@n@x@^h@Xn@N`@Pd@L`@@JFXPENEREp@q@`@e@HI`@a@TSHSL_@DGHQBGNM@CFQDQJc@He@l@cDeBeAARSpCAF?D?D?DBxATCUB?CCuA?E?E?E@GRqC@SdBdAm@bDId@Kb@EPGPABAVAHCLINILKLSFURa@`@IHa@d@q@p@S\EDWVK[K]EOCMCMGq@GQ	Click to Generate
S4	30	1			2	WHSmith (S4)	Northern Perk (S4)		2978	2234	_v~dIpy{G?@HNJTR^JV\l@LVNVb@|@LTLTBDP\^t@DFVf@DF@DBBd@hADH`@q@BG@ARYlAgCd@_AFKHUHYF]Da@\_DDm@@q@@sBAeB?]@s@Bo@Dg@DWHo@JoA@]@g@@_@@kB@uB?{@@mA?MAQAOEWUQOICCSESEw@Cm@A}@?aAAAbAGjD?D?l@X?LFNFPNLLNZN`@DZBZ@P@b@An@?v@Ah@Gh@Kh@M^IRKL]ZQLEWKYEGG?I?SAC?ENEFM?CC?G???IBCFAH?FBB?R@H?F?DFJXDVPM\[JMHSL_@Ji@Fi@@i@?w@@o@Ac@AQC[E[Oa@O[MMQOOGMGY??m@?EFkD@cA`A@|@?l@@v@BRDRDBBNHTPDV@N@P?LAlA?z@AtBAjBA^Af@A\KnAIn@EVEf@Cn@Ar@?\@dBArBAp@El@]~CE`@G\IXITGJe@~@mAfCKf@Uj@EFEJMQEI_@}@EKCCAEEGWg@EG_@u@Q]CEMUMUc@}@OWMW]m@KWS_@KUIO?A	Click to Generate
S4	30	1			2	Northern General Hospital (S4)	Sheffield GP Collaborative (Out of Hours Service) (S4)		2771	2078	gm~dI`h|GEKCCAEEGWg@EG_@u@Q]CEMUMUc@}@OWMW]m@KWS_@KUIO?AGUGSIGKGO?]?i@@A?_@FuAZO@E?qA@sA?MAEM?ODKCGAGC}@?QCaCA_@?Q?u@?WAq@AO?I?M?I?M?SBSTAv@CD?B?r@ALAXAJCHEDCJGFGRYJM\SLK`Am@dAq@VO^S`D_B|@g@LILEHAX?LFNFPNLLNZN`@DZBZ@P@b@An@?v@Ah@Gh@Kh@M^IRKL]ZQLMJUNa@EGAC@CBANK\SBETSHRIDURCJ]@OBCBAF@`@D@ARMLKPM\[JMHSL_@Ji@Fi@@i@?w@@o@Ac@AQC[E[Oa@O[MMQOOGMGY??m@?EFkD@cA`A@|@?l@@v@BRDRDBBNHTPDV@N@P?LAlA?z@AtBAjBA^Af@A\KnAIn@EVEf@Cn@Ar@?\@dBArBAp@El@]~CE`@G\IXITGJe@~@mAfCKf@Uj@EFEJMQEI_@}@	Click to Generate
S4	20	1			2	Busk Meadow Park (S4)	Kaya Hair & Beauty (S4)		1888	1416	_x~dId|}G??HDFHXjALn@??Mo@YkAGIIEQ@MBMBG?cBfAKFIBu@HSBKBI@g@JOBEDGJUh@l@hAj@tA^~@\jAZrAPbAP~@TCnAKF?XATAH?\AxCOL?NAr@EDqB?mAAqA\ITGXIl@OHGJGV[P[BX?PEdAAJEnACrAArAq@B]BO?oAFs@DO@M?yCN]@I?U@Y@G?oAJUBQ_AQcA[sA]kA_@_Ak@uAm@iATi@FKDENCf@KHAJCRCt@IHCJGbBgAF?LCLCPA	Click to Generate
S4	45	1			2	Norwood and Bishopsholme Community Centre (S4)	Northern General Hospital (S4)		3272	2454	oa_eIpy|GUpATP^j@`@n@f@t@LPQd@IPUj@]fAUv@ENYzAWtAKv@It@CVGfAI|BEdA?TE~@Cn@C\HJDDNNHJTi@FKDENCf@KHAJCRCt@IHCJGbBgAF?LCLCPA??HDFHXjALn@Mo@YkAGIIEQ@MBMBG?cBfAKFIBu@HSBKBI@g@JOBEDGJUh@IKOOEEIKB]Bo@D_A?UDeAH}BFgABWHu@Jw@VuAX{ADOTw@\gATk@HQPe@f@eATe@`@}@p@}AT]Za@XYx@q@p@m@v@w@r@s@d@u@R]FMb@w@DGR_@EIe@iACCAEEGWg@EG_@u@Q]CEMUMUc@}@OWMW]m@KWS_@KUIO?AGUDGDCFAB?`@Ad@Cd@AFGDM@M@KBKFGZMHAFFHPJVRd@DVJf@B\Bn@Bd@B`@ARCLEJCFOXS`@CFGLMT^t@DFVf@DF@DBBd@hADHLPGLEHKTIPWd@[`@SPa@Ts@r@w@v@q@l@y@p@YX[`@U\q@|Aa@|@Ud@g@dAMQg@u@a@o@_@k@UQE?]GsBYGCJ_AJw@LDFAJCFBtBdAA@	Click to Generate
S4	20	1			2	St Cuthberts (S4)	Fir Vale Academy (S4)		1596	1197	cf~dIhfzGFp@JdA@LFd@BRDTJd@BHJf@DTLf@DTLl@^\PRHFERAF?F?t@AtC@Tm@F@uB?{@@mA?MAQAOEWMm@EUMg@EUKg@CIKUOYIOEIIOOg@Sa@aEiI`BkAdA_ALAD?@MB[@O?KPaDF@l@Jv@NFa@D_@By@BIFAFBDRD^CFBTDVTvAALCNC@AQYPHxBXO??GiBBABO@MUwAEWCUIFM@GCE^G`@w@Om@KGAQ`D?JANCZALCl@An@Br@Dn@Dh@Lr@L`AD\??	Click to Generate
S4	20	1			2	Whiteways Primary School (S4)	Wood Hill Lodge (S4)		1852	1389	ui}dIfczGw@{B@KdCsCp@u@LCDDDDDR\b@_@yA}@oCIUk@aBSq@aAsCAC]}@aAaBu@_BQ`@EVAX?XBR@DqCdD\pANx@D^DTBb@D^PKT`CVxCBFD@EACGm@{GQJE_@Cc@EUE_@Oy@]qApCeDAECS?Y@YDWPa@t@~A`A`B\|@@B`ArCRp@j@`BHT|@nCVbAFT]c@ESEEEEMBq@t@eCrCAJv@zB	Click to Generate
S4	20	1			2	Fir Vale Academy (S4)	Jamia Masjid Ghausia (S4)		1555	1166	ud~dI`wyGJSBEN_@Lg@Fa@D_@By@BIFAFBDRD^CFBTDVTvAALCNC@AQYPHxBXO??GiBBABO@MUwAEWCUIFM@GCE^G`@w@Om@KGAQ`D?JANCZALCl@An@Br@Dn@Dh@DNFb@L`AD\Fp@JdA@LFd@BRDTJd@BHJf@DTLf@DTLl@^\PRHFERAF?F?t@AtC@Tm@F@uB?{@@mA?MAQAOEWMm@EUMg@EUKg@CIKe@EUCSGe@AMKeAGq@E]MaAMs@Ei@Eo@Cs@@o@Bm@@MB[@O?KPaDF@l@Jv@NMf@O^CDKR	Click to Generate
S4	30	1			2	City Motor Factors (S4)	Eye of Needle (S4)		2587	1940	qr|dIlmwGRe@S]m@nAHTBLD`@FrAFn@@V@XLh@t@vAb@a@BCDCJCF?jAEJ?J@^H_@IKAK?sADKBEBCBc@`@u@wAWQIOS[GIYa@S]KUIOJYFQP_@LSVWHTBLD`@FrAFn@HI@?JMNMfA_CDIDGDADADAD@D@lBr@xGdCLD|@\@@JBfBz@hA^f@NhAd@|@Z_@vC{Ai@oAc@AAW_@WSYOm@?OX??NYl@?XNVRV^@@nAb@zAh@^wC}@[iAe@g@OiA_@gB{@KCAA}@]MEyGeCmBs@EAEAE@E@E@EFEHgA~BM`@GLABMHM@WBGIYa@S]KUIOJYFQP_@LSVWl@oAR\Sd@	Click to Generate
S4	20	1			2	Busk Meadow Park (S4)	Shirecliffe Community Centre (S4)		1589	1192	{n~dIvj~G?@?lAEpBs@DO@M?yCN]@I?U@Y@G?oAJUBQ_AQcA[sA]kA_@_Ak@uAm@iATi@FKDENCf@KHAJCRCt@IHCJGbBgAF?LCLCPAHDFHXjALn@??Mo@YkAGIIEQ@MBMBG?cBfAKFIBu@HSBKBI@g@JOBEDGJUh@l@hAj@tA^~@\jAZrAPbAP~@TCnAKF?LAJ?TAH?\AxCOL?NAr@EDqB?mA?A	Click to Generate
S4	10	1			2	Baltic Pearl (S4)	Travel & More (S4)		663	497	kf{dIpawGHZ@JFXBh@DNb@nBBHHd@c@`@e@b@}@w@UU[e@kAgB][a@OOQkAgBt@_CZeABE?CPo@J]BBl@t@Z`@PT\b@^h@Xn@N`@Pd@BD	Click to Generate
S4	20	1			2	Shirecliffe Community Centre (S4)	Busk Meadow Park (S4)		1535	1151	{n~dIfm~GEpBs@DO@M?yCN]@I?U@K?M@G?oAJUBQ_AQcA[sA]kA_@_Ak@uAm@iATi@FKDENCf@KHAJCRCt@IHCJGbBgAF?LCLCPAHDFHXjALn@??Mo@YkAGIIEQ@MBMBG?cBfAKFIBu@HSBKBI@g@JOBEDGJUh@l@hAj@tA^~@\jAZrAPbAP~@TCnAKF?XATAH?\AxCOL?NAr@EDqB	Click to Generate
S4	15	1			2	All Days (S4)	St. James Church (S4)		1195	896	w||dIzl{GJ[v@mBx@yBQa@aD_I_@aA^`ArD`Jy@xBw@lBSl@Qf@ITMZy@`CI\In@Iz@IlAO~CAl@FBFDFJFJRWJ]@IGY??FXAHK\SVGKGKGEGC@m@N_DHmAH{@Ho@H]x@aCL[HUPg@FQ	Click to Generate
S4	10	1			2	The Dream Lounge (S4)	J W Young (Butchers) Ltd (S4)		958	718	yk{dIjyvG@@Z`@n@x@^h@Tf@BFN`@Pd@L`@@JFXBh@DNb@nBBHHd@iAdA}@w@UU[e@kAgB][a@OOQkAgBe@w@mAmBBtH@LXh@rAgEt@_CZeABE?CPo@J]BBj@r@	Click to Generate
S4	30	1			2	Northern General Hospital (S4)	Northern Perk (S4)		2590	1942	am~dInm{GRMLKPM\[JMHSL_@Ji@Fi@@i@?w@@o@Ac@AQC[E[Oa@O[MMQOOGMGY?I@MDMH}@f@aD~A_@RWNeAp@aAl@MJ]RKLSXGFKFEBIDKBY@M@s@@C?E?w@BU@CR?R?L?H?L?H@N@p@?V?t@?P@^B`C?PB|@@FBFJBdACfBED?v@GPAB?F?NHXH@?h@A\?N?JFHFFRFT?@HNJTR^JV\l@LVNVb@|@LTLTBDP\^t@DFVf@DF@DBBDJ^|@DH`@q@BG@ARYlAgCd@_AFKHUHYF]Da@\_DDm@@q@@sBAeB?]@s@Bo@Dg@DWHo@JoA@]@g@@_@@kB@uB?{@@mA?MAQAOEWUQOICCSESEw@Cm@A}@?aAAAbAGjD?D?l@X?LFNFPNLLNZN`@DZBZ@P@b@An@?v@Ah@Gh@Kh@M^IRKL]ZQLMJSL	Click to Generate
S4	60	1			2	Sheffield Steel City Beer Festival 49 (S4)	St. James Church (S4)		5084	3813	_ozdIdi~G??QKA?C@A?A@CDABGf@SfBYjBO~@[vB]nB\oBj@wDXkBRgBFg@@CBE@A@?BA@?PJL?NCJEAKCg@?O?O@Q@Q@MN}BF{@Dq@@M@QB]Fa@[MSKICYMIEy@_@C?K?C@G@A@EBM@E?KAIAEAWCGAoACMAS@G@C@EDED_AvAEFWb@INCBCBC@SBeAVGBGBEBA@C@EBEBKH}ApAOJMFMFKDKBOBMBM@Q?m@EI?aBIsAEuBI}@KYMc@Wk@k@mBqBy@_A]_@UUEGW]GGiB}BMO]We@SUGQG_@EKAEAu@IGAGAOCOEICGCICq@[m@YGCOGOGIE]SGC]Ue@g@CCe@o@[g@CEWc@CEEIMWISOYWa@_@m@MS_@o@Ye@[q@Ue@EIa@}@Sc@u@aBa@aAEKPWBIHgB@]NqCP{DFBFDFJFJRWJ]@IGY??FXAHK\SVGKGKGEGCQzDOpCA\IfBCHQVDJ`@`At@`BRb@`@|@DHTd@Zp@Xd@^n@LR^l@V`@NXHRLVDHBDVb@BDZf@d@n@BBd@f@\TFB\RHDNFNFFBl@Xp@ZHBFBHBNDNBF@F@t@HD@J@^DPFTFd@R\VLNhB|BFFV\DFTT\^x@~@lBpBj@j@b@VXL|@JtBHrAD`BHH?l@DP?LALCNCJCJELGLGNK|AqAJIDCDCBA@ADCFCFCdAWRCBABCBCHOJNFDHDv@XJBH@F?F?H?FAFAHAHAHEHEJGJEHEFEBCDCDAJCJy@Be@Be@@c@@G?Q?k@?ICw@?]By@PeDNYFED?D?A\@X@\@TFh@D\BNFTHTL^DHd@hAFNBBLP@DHJHPBDBTHP@L?NCVG`@C\APALEp@Gz@O|BALAPAP?N?NBf@@JKDOBM?	Click to Generate
S4	60	1			2	Sheffield Steel City Beer Festival 2024 (SCBF48) (S4)	St. James Church (S4)		4916	3687	grzdIbs~GN_AXkBRgBFg@@CBE@A@?BA@?PJ??L?NCJEAKCg@?O?O@Q@Q@MN}BF{@Dq@@M@QB]Fa@[MSKICYMIEy@_@C?K?C@G@A@EBM@E?KAIAEAWCGAoACMAS@G@C@EDED_AvAEFWb@INCBCBC@SBeAVGBGBEBA@C@EBEBKH}ApAOJMFMFKDKBOBMBM@Q?m@EI?aBIsAEuBI}@KYMc@Wk@k@mBqBy@_A]_@UUEGW]GGiB}BMO]We@SUGQG_@EKAEAu@IGAGAOCOEICGCICq@[m@YGCOGOGIE]SGC]Ue@g@CCe@o@[g@CEWc@CEEIMWISOYWa@_@m@MS_@o@Ye@[q@Ue@EIa@}@Sc@u@aBa@aAEKPWBIHgB@]NqCP{DFBFDFJFJRWJ]@IGY??FXAHK\SVGKGKGEGCQzDOpCA\IfBCHQVDJ`@`At@`BRb@`@|@DHTd@Zp@Xd@^n@LR^l@V`@NXHRLVDHBDVb@BDZf@d@n@BBd@f@\TFB\RHDNFNFFBl@Xp@ZHBFBHBNDNBF@F@t@HD@J@^DPFTFd@R\VLNhB|BFFV\DFTT\^x@~@lBpBj@j@b@VXL|@JtBHrAD`BHH?l@DP?LALCNCJCJELGLGNK|AqAJIDCDCBA@ADCFCFCdAWRCBABCBCHOJNFDHDv@XJBH@F?F?H?FAFAHAHAHEHEJGJEHEFEBCDCDAJCJy@Be@Be@@c@@G?Q?k@?ICw@?]By@PeDNYFED?D?A\@X@\@TFh@D\BNFTHTL^DHd@hAFNBBLP@DHJHPBDBTHP@L?NCVG`@C\APALEp@Gz@O|BALAPAP?N?NBf@@JKDOBM?QKA?C@A?A@CDABGf@SfBYjBO~@	Click to Generate
S4	20	1			2	Busk Meadow Park (S4)	S. Ali's Off Licence (S4)		1992	1494	wx~dItq~GM@G?oAJUBQ_AQcA[sA]kA_@_Ak@uAm@iATi@FKDENCf@KHAJCRCt@IHCJGbBgAF?LCLCPAHDFHXjALn@??Mo@YkAGIIEQ@MBMBG?cBfAKFIBu@HSBKBI@g@JOBEDGJUh@IKOOEEIKB]Bo@D_A?UDeAH}BFgABWHu@Jw@VuAX{ADOTw@\gATk@HQPe@jApAd@j@l@t@DDZh@nAlC\jAZ~@L`@Nl@Ll@F\@FH^Jt@BX@F\vEJtADf@J|A@pA?lA??EpBs@DO@M?yCN]@I?U@K?	Click to Generate
S4	10	1			2	Illusionz (S4)	MyCigara (S4)		647	485	ab{dIv~vGRp@a@d@q@p@S\EDWVDNJb@VjABHHd@iAdA}@w@UU[e@kAgBbAuCJ[DMPg@DIFQXn@N`@Pd@L`@@JFXPENEREp@q@`@e@Sq@	Click to Generate
S4	15	1			2	Norwood and Bishopsholme Community Centre (S4)	Busk Meadow Park (S4)		1388	1041	c__eI|_}G\h@LPQd@IPUj@]fAUv@ENYzAWtAKv@It@CVGfAI|BEdA?TE~@Cn@C\HJDDNNHJTi@FKDENCf@KHAJCRCt@IHCJGbBgAF?LCLCPA??HDFHXjALn@??Mo@YkAGIIEQ@MBMBG?cBfAKFIBu@HSBKBI@g@JOBEDGJUh@IKOOEEIKB]Bo@D_A?UDeAH}BFgABWHu@Jw@VuAX{ADOTw@\gATk@HQPe@MQ]i@	Click to Generate
S4	20	1			2	Lana Pizza (S4)	Oasis Academy Fir Vale (S4)		1471	1103	{d~dInmzGOYIOEIIOOg@TVFFDBJLBRDTJd@BHJf@DTLf@DTLl@^\PRHFXVLP@]A[AQ?IIk@AOROSN@NHj@@Z@ZA\MQYWIGQS_@]Mm@EUMg@EUKg@CI[o@IOEIIOOg@Sa@aEiI`BkAdA_ALAD?Cl@An@Br@Dn@Dh@Lr@L`AD\??Fp@JdA@LFd@BRDTJd@BHJf@DTLf@DTLl@^\PRHFERAF?F?t@AtC@Tm@F@uB?{@@mA?MAQAOEWMm@EUMg@EUKg@CIKU	Click to Generate
S4	30	1			2	Scott Road Store (S4)	Masjid Noor (S4)		2130	1598	c`}dIv_|GFXAHK\SVGKGKGEGC@m@N_DHmAH{@Ho@H]x@aCL[HUPg@Rm@v@mByDcK\i@]h@xDbKw@lBKZGPQf@ITMZy@`CI\In@Iz@IlAO~CAl@QzDOpCA\IfBCHQVo@uBQi@[gA{@}Ce@{ASo@M?S@Q@UFKDEBUNULb@dC??c@eCTMTODCJETGPARAL?Rn@d@zAz@|CZfAPh@n@tBPWBIHgB@]NqCP{DFBFDFJFJRWJ]@IGY	Click to Generate
S4	60	1			2	Crushing mill, Kelham Island, Sheffield (S4)	St. James Church (S4)		5084	3813	ymzdIvg~G@V@JKDOBM?QKA?C@A?A@CDABGf@SfBYjBk@vD]nB\oBj@wDF[PoARgBFg@@CBE@A@?BA@?PJL?NCJEAKCg@?O?O@Q@Q@MN}BF{@Dq@@M@QB]Fa@[MSKICYMIEy@_@C?K?C@G@A@EBM@E?KAIAEAWCGAoACMAS@G@C@EDED_AvAEFWb@INCBCBC@SBeAVGBGBEBA@C@EBEBKH}ApAOJMFMFKDKBOBMBM@Q?m@EI?aBIsAEuBI}@KYMc@Wk@k@mBqBy@_A]_@UUEGW]GGiB}BMO]We@SUGQG_@EKAEAu@IGAGAOCOEICGCICq@[m@YGCOGOGIE]SGC]Ue@g@CCe@o@[g@CEWc@CEEIMWISOYWa@_@m@MS_@o@Ye@[q@Ue@EIa@}@Sc@u@aBa@aAEKPWBIHgB@]NqCP{DFBFDFJFJRWJ]@IGY??FXAHK\SVGKGKGEGCQzDOpCA\IfBCHQVDJ`@`At@`BRb@`@|@DHTd@Zp@Xd@^n@LR^l@V`@NXHRLVDHBDVb@BDZf@d@n@BBd@f@\TFB\RHDNFNFFBl@Xp@ZHBFBHBNDNBF@F@t@HD@J@^DPFTFd@R\VLNhB|BFFV\DFTT\^x@~@lBpBj@j@b@VXL|@JtBHrAD`BHH?l@DP?LALCNCJCJELGLGNK|AqAJIDCDCBA@ADCFCFCdAWRCBABCBCHOJNFDHDv@XJBH@F?F?H?FAFAHAHAHEHEJGJEHEFEBCDCDAJCJy@Be@Be@@c@@G?Q?k@?ICw@?]By@PeDNYFED?D?A\@X@\@TFh@D\BNFTHTL^DHd@hAFNBBLP@DHJHPBDBTHP@L?NCVG`@C\APALEp@Gz@O|BALAPAP?N?N@N	Click to Generate
S4	10	1			2	Jamia Dar Ul Uloom Qadiria Jillania Centre (S4)	Oasis Academy Fir Vale (S4)		991	743	ob~dI`tzGVTPRHFXVLPPRDDDFNRJWTc@HK@K?IEUDT?HAJ_@n@KVOSEGEEQSMQYWIGQS_@]Mm@EUMg@EUKg@CI[o@IOEIIOOg@Sa@aEiI`BkAdA_ALAD?Cl@An@Br@Dn@Dh@Lr@L`AD\??Fp@JdA@LFd@BRDTJd@BHJf@DTLf@DTLl@FF	Click to Generate
S4	60	1			2	Masjid Umar (S4)	Osgathorpe Park (S4)		4831	3623	ig}dIv_{GBIJGLIPEBSLm@H]FI~@bCv@pBdAjCjApCSl@Qf@ITMZy@`CI\In@Iz@IlAO~CMIGGGM_EaNe@}AmBPKAIEIQq@kA}@hBLUn@sAp@jAHPHDDNX~@b@tA^nA?FCFMNmAlAa@mAo@cBo@aBCKCIOa@ISOa@PWBKCe@KeDIkCMoCOyAOyA[aCSgBc@_Ds@uFzBiANONUP[J]Hk@@MHa@@u@@y@Au@GiAE_@Cc@EUE_@Oy@]qApCeDAECS?Y@YDWPa@t@~A`A`B\|@@B`ArCRp@j@`BHT|@nC^xA]c@ESEEEEMBq@t@Xv@h@~AgCzCKWw@{B@KdCsCp@u@LCDDDDDR\b@Vz@bAbDx@jC~@pD|@dDH`@Hb@Rd@`@v@PXRTPB`@AF?XGHCHEJOTs@HWRm@l@cBHS~@mCFS`@gAVu@~@bBFHv@lAf@v@`AbBCx@Cd@Ct@AZCfA?BCl@A\E`BCXCJ??CLILIHQ?WEeBSKCC?cAKwAOeAIe@Kk@GIAcBQGEEIc@aAi@sAs@kBGGIAI?MBQL[^e@p@o@~@s@bAGHI\Ml@CRQDMHKFCH	Click to Generate
S4	10	1			2	Khan Darbar (S4)	Accelerate (S4)		827	620	oe{dIdewGCGK[K]EOCMCMGq@Oa@Yo@JaAPEt@OA]Ke@?G@GBM?CAOKGIGCTc@dCK`AGPWp@ELKZcAtC][a@OOQkAgBt@_CZeABE?CLe@BIJ]BBl@t@Z`@n@x@^h@Xn@N`@Pd@L`@@JFXBh@BF	Click to Generate
S4	15	1			2	National Blinds (S4)	Aaliyah Mosque (S4)		1148	861	_j{dIr{vGRT^h@Xn@N`@Pd@L`@@JFXPELE@?REp@q@`@e@HI`@a@TSHSL_@DGHQBGNM@CFQDQJc@He@l@cDeBeAARSpCAF?D?D?DBxATCUB?CCuA?E?E?E@GRqC@SdBdAm@bDId@Kb@EPGPABAVAHCLINILKLSFURa@`@IHa@d@q@p@S\EDWVK[K]EOCMCMGq@Oa@Yo@_@i@SU	Click to Generate
S4	10	1			2	Sheffield Auto Spares (S4)	Illusionz (S4)		663	497	ug{dIz~vGUg@_@i@o@y@[a@AAk@s@CCK\Qn@?BCD[dAu@~BjAfBNP`@N\ZjAfBZd@TT|@v@hAeAIe@CIWkAKc@EOK[K]EOCMCMGq@Oa@CG	Click to Generate
S4	10	1			2	Attercliffe Spice (S4)	Accelerate (S4)		1027	770	ch{dIj|vGGf@Xn@N`@Pd@L`@@JFXPENEREFIh@g@`@e@HI`@a@TSHSNQJIDCF?JLFFDFZROAM?KAKAQAM@SFURa@`@IHa@d@q@p@S\EDWVK[K]EOCMCMGq@Oa@Yo@_@i@o@y@[a@m@u@CCK\CHMd@?BCD[dAu@~BjAfBNP`@N\ZbAuCJ[DMVq@FQFg@	Click to Generate
S4	10	1			2	Premier Doors (S4)	J W Young (Butchers) Ltd (S4)		958	718	ij{dId{vG\b@^h@Xn@N`@Pd@BDHZ@JFXBh@DNb@nBBHHd@iAdA}@w@UU[e@kAgB][a@OOQkAgBe@w@mAmBBtH@LXh@rAgEt@_CZeABE?CPo@J]BBl@t@Z`@PT	Click to Generate
S4	10	1			2	Jamia Dar Ul Uloom Qadiria Jillania Centre (S4)	Oasis Academy Fir Vale (S4)		991	743	ec~dIlrzGLj@^\PRHFXVLPPRDDDFNRJWTc@HK@K?IEUDT?HAJ_@n@KVOSEGEEQSMQYWIGQS_@]Mm@EUMg@EUKg@CI[o@IOEIIOOg@Sa@aEiI`BkAdA_ALAD?Cl@An@Br@Dn@Dh@Lr@L`AD\??Fp@JdA@LFd@BRDTJd@BHJf@DTLf@DT?@	Click to Generate
S4	60	1			2	Sheffield Steel City Beer Festival 49 (S4)	St. James Church (S4)		5084	3813	unzdIdi~GI?QKA?C@A?A@CDABGf@SfBYjBO~@[vB]nB\oBj@wDXkBRgBFg@@CBE@A@?BA@?PJL?NCJEAKCg@?O?O@Q@Q@MN}BF{@Dq@@M@QB]Fa@[MSKICYMIEy@_@C?K?C@G@A@EBM@E?KAIAEAWCGAoACMAS@G@C@EDED_AvAEFWb@INCBCBC@SBeAVGBGBEBA@C@EBEBKH}ApAOJMFMFKDKBOBMBM@Q?m@EI?aBIsAEuBI}@KYMc@Wk@k@mBqBy@_A]_@UUEGW]GGiB}BMO]We@SUGQG_@EKAEAu@IGAGAOCOEICGCICq@[m@YGCOGOGIE]SGC]Ue@g@CCe@o@[g@CEWc@CEEIMWISOYWa@_@m@MS_@o@Ye@[q@Ue@EIa@}@Sc@u@aBa@aAEKPWBIHgB@]NqCP{DFBFDFJFJRWJ]@IGY??FXAHK\SVGKGKGEGCQzDOpCA\IfBCHQVDJ`@`At@`BRb@`@|@DHTd@Zp@Xd@^n@LR^l@V`@NXHRLVDHBDVb@BDZf@d@n@BBd@f@\TFB\RHDNFNFFBl@Xp@ZHBFBHBNDNBF@F@t@HD@J@^DPFTFd@R\VLNhB|BFFV\DFTT\^x@~@lBpBj@j@b@VXL|@JtBHrAD`BHH?l@DP?LALCNCJCJELGLGNK|AqAJIDCDCBA@ADCFCFCdAWRCBABCBCHOJNFDHDv@XJBH@F?F?H?FAFAHAHAHEHEJGJEHEFEBCDCDAJCJy@Be@Be@@c@@G?Q?k@?ICw@?]By@PeDNYFED?D?A\@X@\@TFh@D\BNFTHTL^DHd@hAFNBBLP@DHJHPBDBTHP@L?NCVG`@C\APALEp@Gz@O|BALAPAP?N?NBf@@JKDOBC?	Click to Generate
S4	10	1			2	Bit Of Everything (S4)	Travel & More (S4)		1033	775	{f{dI~cwG_@x@y@dBZd@TT|@v@hAeAIe@CIc@oBEOK[BIBCPENEREp@q@`@e@a@wALd@Rp@a@d@q@p@S\EDWVK[K]EOCMCMGq@Oa@Yo@_@i@]c@QUd@_CPL\TH]^Tc@dCK`AXn@N`@Pd@L`@@JFXPENERES\EDWVK[K]OZ	Click to Generate
S4	30	1			2	S. Ali's Off Licence (S4)	Busk Meadow Park (S4)		2530	1898	{u~dI~}~GLNPp@DEH@FFpAr@NeAR_BPeBHuA@]H}ABaADqB???mAAqAr@QXIl@OHGJGV[P[BX?PEdAAJEnACrAArAq@B]BO?oAFs@DO@M?yCN]@I?U@Y@G?oAJUBQ_AQcA[sA]kA_@_Ak@uAm@iATi@FKDENCf@KHAJCRCt@IHCJGbBgAF?LCLCPAHDFHXjALn@??Mo@YkAGIIEQ@MBMBG?cBfAKFIBu@HSBKBI@g@JOBEDGJUh@l@hAj@tA^~@\jAZrAPbAP~@TCnAKF?XATAH?\AxCOL?NAr@EC`AI|AA\ItAQdBS~AOdAc@bCaBuAZeBQq@MO	Click to Generate
S4	20	1			2	Wood Hill Grange (S4)	Osgathorpe Park (S4)		1753	1315	qq}dIrvyGUaCQJE_@Cc@EUE_@Oy@]qApCeDAECS?Y@YDWPa@t@~A`A`B\|@@B`ArCRp@Z~@N`@HT|@nC^xA]c@ESEEEEMBq@t@Xv@h@~AgCzCKWw@{B@KdCsCp@u@LCDDDDDR\b@_@yA}@oCIUk@aBSq@aAsCAC]}@aAaBu@_BQ`@EVAX?XBR@DqCdD\pANx@D^DTBb@D^PKT`C	Click to Generate
S4	30	1			2	Northern General Hospital (S4)	Northern Perk (S4)		2687	2015	_o~dIdk{G???IBCFAH?FBB?R@H?F?DFJXDVPM\[JMHSL_@Ji@Fi@@i@?w@@o@Ac@AQC[E[Oa@O[MMQOOGMGY?I@MDMH}@f@aD~A_@RWNeAp@aAl@MJ]RKLSXGFKFEBIDKBY@M@s@@C?E?w@BU@CR?R?L?H?L?H@N@p@?V?t@?P@^B`C?PB|@@FBFJBdACfBED?v@GPAB?F?NHXH@?h@A\?N?JFHFFRFT?@HNJTR^JV\l@LVNVb@|@LTLTBDP\^t@DFVf@DF@DBBDJ^|@DH`@q@BG@ARYlAgCd@_AFKHUHYF]Da@\_DDm@@q@@sBAeB?]@s@Bo@Dg@DWHo@JoA@]@g@@_@@kB@uB?{@@mA?MAQAOEWUQOICCSESEw@Cm@A}@?aAAAbAGjD?D?l@X?LFNFPNLLNZN`@DZBZ@P@b@An@?v@Ah@Gh@Kh@M^IRKL]ZQLEWKYEGG?I?SAC?ENEFM?CC?G	Click to Generate
S4	20	1			2	Wood Hill Lodge (S4)	Whiteways Primary School (S4)		2067	1550	mg}dIrqyGN`@HT|@nCVbAFTVz@bAbDx@jC~@pD|@dDH`@Hb@]f@\g@Ic@Ia@}@eD_AqDy@kCcAcDW{@_@yA}@oCIUk@aBSq@aAsCAC]}@aAaBu@_BQ`@EVAX?XBR@DqCdD\pANx@D^DTBb@D^PKT`CVxCBFD@EACGm@{GQJE_@Cc@EUE_@Oy@]qApCeDAECS?Y@YDWPa@t@~A`A`B\|@@B`ArCRp@Z~@	Click to Generate
S4	20	1			2	Whiteways Primary School (S4)	Osgathorpe Park (S4)		1873	1405	ye}dIjuyGY_AIUk@aBSq@aAsCAC]}@aAaBu@_BQ`@EVAX?XBR@DqCdD\pANx@D^DTBb@D^PKT`CVxCBFD@EACGm@{GQJE_@Cc@EUE_@Oy@]qApCeDAECS?Y@YDWPa@t@~A`A`B\|@@B`ArCRp@j@`BHT|@nC^xA]c@ESEEEEMBq@t@Xv@h@~AgCzCKWw@{B@KdCsCp@u@LCDDDDDR\b@_@yAc@oA	Click to Generate
S4	15	1			2	Wood Hill Grange (S4)	Whiteways Primary School (S4)		1393	1045	}c}dI~yyGWcA}@oCIUOa@[_ASq@aAsCAC]}@aAaBu@_BQ`@EVAX?XBR@DqCdD\pANx@D^DTBb@D^PKT`CVxCBFD@EACGm@{GQJE_@Cc@EUE_@Oy@]qApCeDAECS?Y@YDWPa@t@~A`A`B\|@@B`ArCRp@j@`BHT|@nCVbA	Click to Generate
S4	20	1			2	Lana Pizza (S4)	Masjid Umar (S4)		1664	1248	i{}dIl`{GNIBABEFOcA{BQ]AEQ_@QWOSEGEEQS@]A[AQ?IIk@AOROSN@NHj@@Z@ZA\PRDDDFNRPVP^@DP\bAzBfA~B`BpD`@hARj@N`@HRN`@BHBJn@`Bn@bB`@lAlAmALOBG?G_@oAc@uAY_AEOIEIQq@kA}@hBLUn@sAp@jAHPHDDNX~@b@tA^nA?FCFMNmAlAa@mAo@cBo@aBCKCIOa@ISOa@Sk@a@iAaBqDgA_CGNCDC@OH	Click to Generate
S4	15	1			2	Traditional Therapy (S4)	Aaliyah Mosque (S4)		1312	984	ud{dI~cwG??EDWVK[K]EOCMCMGq@Oa@Yo@_@i@o@y@d@_CPL\TH]^Tc@dCCXGf@Xn@N`@Pd@L`@@JFXPENEREp@q@`@e@HI`@a@TSHSL_@DGHQBGNM@CFQDQJc@He@l@cDeBeAARSpCAF?D?D?DBxATCUB?CCuA?E?E?E@GRqC@SdBdAm@bDId@Kb@EPGPABAVAHCLINILKLSFURa@`@IHa@d@q@p@S\	Click to Generate
S4	20	1			3	New Roomstyle (S4)	Attercliffe News & Booze (S4)	Baltic Pearl (S4)	1541	1156	u~zdI~xvGCuA?E?E?E@GRqC@SdBdAm@bDId@Kb@EPGPABAVAHCLINILKLSFURa@`@IHa@d@q@p@S\EDWVK[K]EOCMCMGq@GQGOYo@_@i@o@y@[a@TcAMj@GVZ`@n@x@^h@GPWp@ELKZcAtCjAfBZd@TT|@v@d@c@b@a@Ie@CIc@oBEOK[BIBCPENEREp@q@`@e@HI`@a@TSHSL_@DGHQBGNM@CFQDQJc@He@l@cDeBeAARSpCAF?D?D?DBtA	Click to Generate
S4	15	1			3	Traditional Therapy (S4)	J W Young (Butchers) Ltd (S4)	Illusionz (S4)	1321	991	ym{dIzxvGBIJ]BBl@t@Z`@d@_CPL\TH]^Tc@dCCXGf@GPWp@ELKZcAtC][a@OOQkAgBe@w@mAmBBtH@LXh@rAgEjAfBNP`@N\ZjAfBZd@TT|@v@hAeAIe@CIWkAKc@EOK[K]EOCMCMGq@Oa@Yo@_@i@o@y@[a@m@u@CCK\CH	Click to Generate
S4	15	1			3	Lustrous Furniture (S4)	J W Young (Butchers) Ltd (S4)	Illusionz (S4)	1312	984	el{dI|xvGLNZ`@n@x@^h@JaATEp@OA]Ke@?G@GBM?CAOKGIGCTc@dCK`AGPWp@ELKZcAtC][a@OOQkAgBe@w@mAmBBtH@LXh@rAgEjAfBNP`@N\ZjAfBZd@TT|@v@hAeAIe@CIWkAKc@EOK[K]EOCMCMGq@Oa@Yo@_@i@o@y@[a@MO	Click to Generate
S4	45	1			3	PDSA (S4)	Eye of Needle (S4)	Colourcraft Limited (S4)	3731	2798	am|dIdxwGw@BKBEBCBc@`@u@wAWQIOS[GIYa@S]KUIOJYFQP_@LSVWl@oAR\Sd@??Re@S]m@nAQn@Ub@CFIPR\b@t@DFJBNCHI@?JMNMfA_CDIDGDADADAD@D@lBr@xGdCLD|@\@@JBfBz@hA^f@NhAd@|@Z_@vC{Ai@oAc@AAW_@WSYOm@?OX??NYl@?XNVRV^@@nAb@zAh@^wC}@[iAe@g@OiA_@gB{@KCAA}@]MEyGeCmBs@EAEAE@E@E@EFEHgA~BM`@GLABMHM@WBGIYa@KCKAI?G?O?QXu@`BgAdCkCbGXd@@B@@~@~ApBjDrBnD|FzJ~CxF~@qBv@gBeA}Az@qBDi@Bc@@W@u@@I@G@IBGa@q@S]GKIOO_@CIKq@Mc@Ms@WyAKa@K]Oc@Oe@]_Aa@s@KOaAoBa@y@b@a@BCDCJCv@C	Click to Generate
S4	20	1			3	Scott Road Store (S4)	Tea and Cakes (S4)	St. James Church (S4)	1631	1223	ky|dItc{GP`@y@xBw@lBSl@Qf@HNIOPg@FQJ[kAqCeAkCw@qB_AcCGHI\Ml@CRQDMHKFCHADCN?VBVFPb@jAb@dAJTKNt@zEBHDBD?DIp@gBdAqCjApCSl@Qf@ITMZy@`CI\In@Iz@IlAO~CAl@FBFDFJFJRWJ]@IGY??FXAHK\SVGKGKGEGC@m@N_DHmAH{@Ho@H]x@aCL[HUPg@Rm@v@mBx@yBQa@	Click to Generate
S4	45	1			3	Le Bon Vin (S4)	PDSA (S4)	J W Young (Butchers) Ltd (S4)	3528	2646	s~{dIx{wGNYl@?XNVRV^@@nAb@zAh@^wC}@[iAe@g@OiA_@gB{@KCAA}@]MEyGeCmBs@EAEAE@E@E@EFEHgA~BM`@GLABMH@XLh@t@vA`@x@`AnBJNPWBAPWUXQVKOaAoBa@y@u@wAWQIOS[GIYa@S]KUIOJYFQP_@LSVWl@oAR\Sd@??Re@S]Xo@f@eAv@gBdA}Br@aBJWXs@Tu@\eAb@kAfA{C`ByEJ[n@wBVu@DKL]^h@@BJLNTFHJP^h@FL`@p@j@|@R^LRBDBDV\nAfBx@dAZ^JP\^FFFHx@~@K\Qn@?BCD[dAu@~BsAfEYi@AMCuHlAlBd@v@jAfBNP`@N\ZjAfBGx@Q~BADIfBAt@i@rBg@hAk@|Ao@Ki@SgA]_@vC{Ai@oAc@AAW_@WSYOm@?OX	Click to Generate
S4	15	1			3	The Carlton Hotel (S4)	Bit Of Everything (S4)	J W Young (Butchers) Ltd (S4)	1401	1051	gi{dIn|vGZb@GPWp@ELKZcAtCjAfBZd@TT|@v@hAeAIe@CIc@oBAGCGK[BIBCPENEREp@q@`@e@a@wALd@Rp@a@d@q@p@S\EDWVK[K]o@tAy@dBkAgB][a@OOQkAgBe@w@mAmBBtH@LXh@rAgEt@_CZeABE?CPo@J]BBl@t@Z`@n@x@BD	Click to Generate
S4	30	1			3	New Roomstyle (S4)	J W Young (Butchers) Ltd (S4)	Aaliyah Mosque (S4)	2203	1652	ok{dItxvGGVZ`@n@x@^h@Xn@FNFPPd@L`@@JFXBh@DNb@nBBHHd@iAdA}@w@UU[e@kAgB][a@OOQkAgBe@w@mAmBBtH@LXh@rAgEt@_CZeABE?CPo@J]BBl@t@Z`@n@x@^h@Xn@N`@Pd@L`@@JFXPENEREp@q@`@e@HI`@a@TSHSL_@DGHQBGNM@CFQDQJc@He@l@cDeBeAARSpCAF?D?D?DBxATCUB?CCuA?E?E?E@GRqC@SdBdAm@bDId@Kb@EPGPABAVAHCLINILKLSFURa@`@IHa@d@q@p@S\EDWVK[K]EOCMCMGq@Oa@Yo@_@i@o@y@[a@FW	Click to Generate
S4	20	1			3	Traditional Therapy (S4)	Aaliyah Mosque (S4)	Accelerate (S4)	1959	1469	yc{dIvbwGGHS\EDWVK[K]EOCMCMGq@Oa@Yo@_@i@o@y@d@_CPL\TH]^Tc@dCCXGf@Xn@N`@Pd@L`@@JFXPENEREp@q@`@e@HI`@a@TSHSL_@DGHQBGNM@CFQDQJc@He@l@cDeBeAARSpCAF?D?D?DBxATCUB?CCuA?E?E?E@GRqC@SdBdAm@bDId@Kb@EPGPABAVAHCLINILKLSFURa@`@IHa@d@q@p@S\EDWVK[K]o@tAy@dBkAgB][a@OOQkAgBt@_CZeABE?CLe@BIJ]BBl@t@Z`@n@x@^h@Xn@N`@Pd@L`@@JFXPENEREFI	Click to Generate
S4	30	1			3	JBM Automotive (S4)	Wood Hill Lodge (S4)	Wood Hill Grange (S4)	2938	2204	sq|dItpyG???KAKCK_@i@S[EMCYCMIQ_BrDk@tArA`ClBbDh@uAJUJKHCLAJBNFLPtBxDMj@Lk@qAaCc@w@MQOGKCM@IBKJKTi@tAf@v@nBjDDHJRVd@Wt@a@fAGR_AlCIRm@bBSl@IVUr@KNIDIBYFG?a@@QCSUQYa@w@Se@Ic@Ia@}@eD_AqDy@kCcAcDW{@GUWcA}@oCIUOa@[_ASq@aAsCAC]}@aAaBu@_BUk@M[Qk@Mk@Ky@OcAM}@OeAT_@h@mAdAuBXx@@F|BzFfBxDrAbClArBT\BDdAlBjCpEfAjBDHj@uA~AsDHPBLBXDLRZ^h@BJ@J?J??	Click to Generate
S4	20	1			3	Premier Doors (S4)	Travel & More (S4)	Aaliyah Mosque (S4)	1807	1355	_e{dInkwGe@b@}@w@UU[e@kAgBbAuCJ[DMVq@FQXn@N`@Pd@BDHZ@JFXPENERES\EDWVK[K]EOCMCMGq@Oa@Yo@_@i@]c@QUd@_CPL\TH]^Tc@dCK`AXn@N`@Pd@L`@@JFXPENEREp@q@`@e@HI`@a@TSHSL_@DGHQBGNM@CFQDQJc@He@l@cDeBeAARSpCAF?D?D?DBxATCUB?CCuA?E?E?E@GRqC@SdBdAm@bDId@Kb@EPGPABAVAHCLINILKLSFURa@`@IHa@d@q@p@S\EDWVDNb@nBBHHd@c@`@	Click to Generate
S4	20	1			3	National Blinds (S4)	Aaliyah Mosque (S4)	J W Young (Butchers) Ltd (S4)	1770	1328	si{dI`|vGFF^h@Xn@N`@Pd@L`@@JFXPELE@?REp@q@`@e@HI`@a@TSHSL_@DGHQBGNM@CFQDQJc@He@l@cDeBeAARSpCAF?D?D?DBxATCUB?CCuA?E?E?E@GRqC@SdBdAm@bDId@Kb@EPGPABAVAHCLINILKLSFURa@`@IHa@d@q@p@S\EDWVK[K]o@tAy@dBkAgB][a@OOQkAgBe@w@mAmBBtH@LXh@rAgEt@_CZeABE?CPo@J]BBl@t@Z`@f@p@	Click to Generate
S4	15	1			3	Warty Lounge (S4)	Momento (S4)	J W Young (Butchers) Ltd (S4)	1434	1076	ab{dIv~vGRp@a@d@q@p@S\EDWVK[K]OZ_@x@y@dBkAgBbAuCJ[DMVq@FQJaAN{@RiA_@UI\]UQMe@~B[a@m@u@CCK\Qn@?BCD[dAu@~Be@w@mAmBBtH@LXh@rAgEt@_CZeABE?CPo@J]BBl@t@Z`@n@x@^h@Xn@N`@Pd@L`@@JFXPENEREp@q@`@e@Sq@	Click to Generate
S4	20	1			3	Norwood and Bishopsholme Community Centre (S4)	Shirecliffe Community Centre (S4)	Kaya Hair & Beauty (S4)	1888	1416	ev~dIp`~GMo@YkAGIIE??Q@MBMBG?cBfAKFIBu@HSBKBI@g@JOBEDGJUh@l@hAj@tA^~@\jAZrAPbAP~@TCnAKF?LAJ?TAH?\AxCOL?NAr@EDqB?mAAqA\ITGXIl@OHGJGV[P[BX?PEdAAJEnACrAArAq@B]BO?oAFs@DO@M?yCN]@I?U@Y@G?oAJUBQ_AQcA[sA]kA_@_Ak@uAm@iATi@FKDENCf@KHAJCRCt@IHCJGbBgAF?LCLCPAHDFHXjALn@	Click to Generate
S4	45	1			3	La Piazza (S4)	Eye of Needle (S4)	Colourcraft Limited (S4)	3559	2669	qn|dIhxwGG?KBEBCBc@`@u@wAWQIOS[GIYa@S]KUIOJYFQP_@LSVWHTBLD`@e@x@DK^m@FrAFn@HI@?JMNMfA_CDIDGDADADAD@D@lBr@xGdCLD|@\@@JBfBz@hA^f@NhAd@|@Z_@vC{Ai@oAc@AAW_@WSYOm@?OX??NYl@?XNVRV^@@nAb@zAh@^wC}@[iAe@g@OiA_@gB{@KCAA}@]MEyGeCmBs@EAEAE@E@E@EFEHgA~BM`@GLABMHM@WBGIYa@KCKAI?G?O?QXu@`BgAdCkCbGXd@@B@@~@~ApBjDrBnD|FzJ~CxF~@qBv@gBeA}Az@qBDi@Bc@@W@u@@I@G@IBGa@q@S]GKIOO_@CIKq@Mc@Ms@WyAKa@K]Oc@Oe@]_Aa@s@KOaAoBa@y@b@a@BCDCJCF?	Click to Generate
S4	45	1			3	La Piazza (S4)	City Motor Factors (S4)	Corner Cabin (S4)	3831	2873	y||dI`hxG_A_BAAACYe@jCcGfAeCt@aBJk@DINa@JYFQP_@LSVWHTBLD`@e@x@DK^m@FrAFn@@V@XLh@t@vAb@a@BCDCJCF?jAEJ?J@^H_@IKAK?sADKBEBCBc@`@u@wAWQIOS[GIYa@KCKAI?G?O?QXu@`BgAdCkCbGYe@mF_B_Be@MGKKIREL{@vBmBjEBF~@~BeAtBi@lAU^NdAL|@NbAJx@Lj@Pj@LZTj@LZf@bA`A`B\|@@B`ArCRp@j@`BHT|@nC^xAVz@bAbDx@jC~@pD|@dDH`@Hb@Rd@`@v@PXRTPB`@AF?XGHCHEJOTs@HWRm@l@cBHS~@mCFS`@gAVu@Ri@nF_PPa@Tg@Te@iEmH_DyF}F{JsBoDqBkD	Click to Generate
S4	30	1			3	Wood Hill Grange (S4)	Whiteways Primary School (S4)	Wood Hill Lodge (S4)	2619	1964	io}dIdbyGf@bA`A`B\|@@B`ArCRp@Z~@N`@HTt@y@u@x@IUk@aBSq@aAsCAC]}@aAaBu@_BQ`@EVAX?XBR@DqCdD\pANx@D^DTBb@D^PKT`CVxCBFD@EACGm@{GQJE_@Cc@EUE_@Oy@]qApCeDAECS?Y@YDWPa@t@~A`A`B\|@@B`ArCRp@j@`BHT|@nCVbAFTVz@bAbDx@jC~@pD|@dDH`@Hb@]f@\g@Ic@Ia@}@eD_AqDy@kCcAcDW{@_@yA}@oCIUk@aBSq@aAsCAC]}@aAaBg@cA	Click to Generate
S4	30	1			3	Masjid Umar (S4)	Masjid Noor (S4)	St. James Church (S4)	2293	1720	uq}dIb{{GAN?JFVLt@@DADEDSNCLAV\Ar@?l@?DBDDBJDCJETGPARAL?YcAEOk@uBSs@lAmALOBG?G_@oAc@uAY_AEOIEIQq@kA}@hBLUn@sAp@jAHPHDDNX~@b@tA^nA?FCFMNmAlARr@j@tBDNXbAM?S@Q@UFKDEBUNULb@dC??c@eCTMTODCJETGPARAL?Rn@d@zAz@|CZfAPh@n@tBPWBIHgB@]NqCP{DFBFDFJFJRWJ]@IGY??FXAHK\SVGKGKGEGCQzDOpCA\IfBCHQVo@uBQi@[gA{@}Ce@{ASo@M?S@Q@UFKDEBCKEEECm@?s@?]@@WBMRODE@EAEMu@GW?K@O	Click to Generate
S4	60	1			3	Steel sign for Kelham Island Museum (S4)	St. James Church (S4)	Scott Road Store (S4)	5353	4015	oqzdIfp~GPoARgBFg@@CBE@A@?BA@?PJL?NCJEAKAWAO?O?O@Q@Q@MN}BF{@Dq@@M@QB]Fa@[MSKICYMIEy@_@C?K?C@G@A@EBM@E?KAIAEAWCGAoACMAS@G@C@EDED_AvAEFWb@INCBCBC@SBeAVGBGBEBA@C@EBEBKH}ApAOJMFMFKDKBOBMBM@Q?m@EI?aBIsAEuBI}@KYMc@Wk@k@mBqBy@_A]_@UUEGW]GGiB}BMO]We@SUGQG_@EKAEAu@IGAGAOCOEICGCICq@[m@YGCOGOGIE]SGC]Ue@g@CCe@o@[g@CEWc@CEEIMWISOYWa@_@m@MS_@o@Ye@[q@Ue@EIa@}@Sc@u@aBa@aAEKPWBIHgB@]NqCP{DFBFDFJFJRWJ]@IGY??FXAHK\SVGKGKGEGC@m@N_DHmAH{@Ho@H]x@aCL[HUPg@FQJ[v@mBx@yBh@}ATu@b@oAj@Fd@JdAHvANbAJB?JBdBRVDP?HIHMBM??BKBYDaB@]Bm@?CBgA@[Bu@HGNIJCPCXj@rA|B|@`BFJNZDPBVDnA?L@ND|ADhABJDJHJd@X|Ax@DBtAp@HDd@XfAn@d@Z|BvA\TZRLJ@EBCBABABBBB@F?D?FCFCBC@?R?j@?X@T?DBNBNLb@FLVSDCHGVONGXGJ?LANAl@HJDJBl@XvBtAFBHDr@b@JH\TZP\R^JFDDBFFZ\LLBB`@f@RXb@`@XF@@DBFDB@d@XPHA`@CTAZGb@E`@I^I^ELa@rAANCR?JARAX?^@V?VDt@DJFXJb@BHNl@FPBL@F@J?VMn@QdAU~@IZEPCTCZAPARAPA\@X@\@TFh@D\BNFTHTL^DHd@hAFNBBLP@DHJHPBDBTHP@L?NCVG`@C\APALEp@Gz@O|BALAPAP?N?NBf@@JKDOBM?QKA?C@A?A@CDABGf@SfBQnA	Click to Generate
S4	60	1			3	Hillsborough Barracks Memorial (S4)	Watercliffe Meadow Community Primary School (S4)	S. Ali's Off Licence (S4)	8777	6583	{__eIvaaH?dBBD@N}@nB]v@GKSe@[k@k@gAYg@[i@i@y@GIo@_Aq@u@SYOzAMzAIpBC`BCrAGzF?B?NAzB@f@BZ@FNv@Jj@Nh@Rl@p@tAf@x@d@hA^lAXhAJh@Lh@n@lCX|AD\Lx@Hf@Ff@VjBv@hGHl@DZJp@D`@PtAFf@FZP|AJLFHRLF@j@Ul@Sb@Sn@Y|Ao@ZMbA]FCVKZKTIlAa@fBc@dAUDAFATE\Gj@MjASp@QFAt@St@Or@Sb@KFEXIVMXKHGJIJIHIBCPOEQCQ?YBc@@IFc@Jm@BSFS?I?O?W?]?SAWA_@Ce@AWAMCe@CSC_@Ec@CMCMEMQe@KWo@cBo@aBM[{BqFSe@IMGIEEGEIEICI?GAG@E@G@GBgC|AGDEDGFCDEHCDc@jAEDA@A?C?C?AAECi@m@EEACCG?G?G@I?CH]@M??ALI\?BAH?F?FBF@BDDh@l@DB@@B?B?@?@ADEb@kABEDIBEFGDEFEfC}AFCFADAFAF@H?HBHDFDDDFHHLRd@zBpFLZn@`Bn@bBJVPd@DLBLBLDb@B^BRBd@@L@VBd@@^@V?R?\?V?N?H@T?J?L@L@HD\HHDNBLDXBX?b@MNIJQPGDMFIFIDy@Zo@R{@Vk@Nu@Pc@NE@gAVcATy@PQDE?G@[FWFUDKB{@PoA^SFSFODMB_@LSHo@T]NOH_A^q@Xs@ZOD]Ru@ZUL[GCAMOCSEi@Q}AG[Gg@QuAEa@Kq@E[Im@w@iGWkBGg@Ig@My@E]Y}Ao@mCMi@Ki@YiA_@mAe@iAg@y@q@uASm@Oi@Kk@Ow@AGC[Ag@@{B?O?CF{FBsABaBHqBL{AN{AF]Ha@Pi@JYNWb@}@v@yAv@sAd@_AN_@Z_AP_Ap@{Et@{ENiAN_ADYBKVsBJ_ADk@Bk@?{@GgAXIrAc@J?N?JFJFhBtBZkAFW\eBaBuAZeBQq@MO??LNPp@DEH@FFpAr@NeAR_BPeBHuA@]H}ABaADqB???mAAqAr@QXIl@OHGJGV[P[BX?PEdAAJEnACrAArAq@B]BO?oAFs@DO@M?yCN]@I?U@Y@G?oAJUB_@Ji@Ra@R]Re@^o@r@Qb@IT?L?DBNBLNd@hAlB\f@\l@Vl@Pd@Lp@Jr@Hz@FfA?z@Cj@Ej@K~@WrBCJEXO~@OhAu@zEq@zEQ~@[~@O^e@~@w@rAw@xAc@|@OVKXQh@I`@G\RXp@t@n@~@FHh@x@Zh@Xf@j@fAZj@Rd@FJ\w@|@oBAOCE?eB	Click to Generate
S4	45	1			3	Le Bon Vin (S4)	PDSA (S4)	J W Young (Butchers) Ltd (S4)	3528	2646	s~{dIx{wGNYl@?XNVRV^@@nAb@zAh@^wC}@[iAe@g@OiA_@gB{@KCAA}@]MEyGeCmBs@EAEAE@E@E@EFEHgA~BM`@GLABMH@XLh@t@vA`@x@`AnBJNPWBAPWUXQVKOaAoBa@y@u@wAWQIOS[GIYa@S]KUIOJYFQP_@LSVWl@oAR\Sd@??Re@S]Xo@f@eAv@gBdA}Br@aBJWXs@Tu@\eAb@kAfA{C`ByEJ[n@wBVu@DKL]^h@@BJLNTFHJP^h@FL`@p@j@|@R^LRBDBDV\nAfBx@dAZ^JP\^FFFHx@~@K\Qn@?BCD[dAu@~BsAfEYi@AMCuHlAlBd@v@jAfBNP`@N\ZjAfBGx@Q~BADIfBAt@i@rBg@hAk@|Ao@Ki@SgA]_@vC{Ai@oAc@AAW_@WSYOm@?OX	Click to Generate
S4	20	1			3	Page Hall Medical Centre (S4)	Oasis Academy Fir Vale (S4)	St Cuthberts (S4)	1716	1287	{`~dIfzyG??GiBBABO@MUwAEWCUIFM@GCE^G`@Mf@O^CDKR?@SXSXCDMNLOBERYRYJUBEN_@Lg@w@Om@KGAQ`D?JANCZALCl@An@Br@Dn@Dh@Lr@L`AD\??Fp@JdA@LFd@BRDTJd@BHJf@DTLf@DTLl@^\PRHFERAF?F?t@AtC@Tm@F@uB?{@@mA?MAQAOEWMm@EUMg@EUKg@CIKUOYIOEIIOOg@Sa@aEiI`BkAdA_ALAD?@MB[@O?KPaDF@l@Jv@NFa@D_@By@BIFAFBDRD^CFBTDVTvAALCNC@FhB??	Click to Generate
S4	30	1			3	Jamia Masjid Ghausia (S4)	Fir Vale Academy (S4)	St Cuthberts (S4)	2806	2104	qh~dI`xyGq@c@[USOMb@KVMLSLSJk@TUJGFgGpMGLCJ?JRlB\~CVCZCp@Cp@?rABjA@f@?`A@|@?l@@v@BRDJMFG@EBI@I?UEUKg@CIKe@EUCSGe@AMKeAGq@E]MaAGc@EOEi@Eo@Cs@@o@Bm@@MB[@O?KPaDF@l@Jv@NFa@D_@By@BIFAFBDRD^CFBTDVTvAALCNC@AQYPHxBXO??GiBBABO@MUwAEWCUIFM@GCE^G`@w@Om@KGAQ`D?JANCZALCl@An@Br@Dn@Dh@Lr@L`AD\Fp@JdA@LFd@BRDTJd@BHJf@DTLf@DTLl@^\PRHFERAF?F?t@AtC@Tm@F@uB?{@@mA?MAQAOEWMm@EUMg@EUKg@CIKUOYIOEIIOOg@Sa@aEiIUc@O]Ua@]u@TKj@URKRMLMJWLc@RNZTp@b@	Click to Generate
S4	60	1			3	Wood Hill Lodge (S4)	Wood Hill Grange (S4)	All Days (S4)	4383	3287	yn|dI`yyGOGKCM@IBKJKTi@tAf@v@nBjDDHJRVd@Wt@a@fAGR_AlCIRm@bBSl@IVUr@KNIDIBYFG?a@@QCSUQYa@w@Se@Ic@Ia@}@eD_AqDy@kCcAcDW{@GUWcA}@oCIUOa@[_ASq@aAsCAC]}@aAaBu@_BUk@M[Qk@Mk@Ky@OcAM}@OeAT_@h@mAdAuBXx@@F|BzFfBxDrAbClArBT\BDdAlBjCpEfAjBDHrA`ClBbDf@v@nBjDDHJRVd@~@bBFHv@lAf@v@`AbBCx@Cd@Ct@AZCfA?BCl@A\E`BCXCJ??CLILIHQ?WEeBSKCC?cAKwAOeAIe@Kk@Gc@nAUt@i@|AQa@aD_I_@aA^`ArD`Jh@}ATu@b@oAj@Fd@JdAHvANbAJB?JBdBRVDP?HIHMBM??BKBYDaB@]Bm@?CBgA@[Bu@Be@By@aAcBg@w@w@mAGI_AcBWe@KSEIoBkDg@w@h@uAJUJKHCLAJBNF	Click to Generate
S4	20	1			3	Jamia Dar Ul Uloom Qadiria Jillania Centre (S4)	Oasis Academy Fir Vale (S4)	Fir Vale Academy (S4)	1504	1128	ab~dIltzGHHPRHFXVLPPRDDDFNRJWTc@HK@K?IEUDT?HAJ_@n@KVOSEGEEQSMQYWIGQS_@]Mm@EUMg@EUKg@CIKe@EUCSGe@AMKeAGq@??E]MaAMs@Ei@Eo@Cs@@o@Bm@@MB[@O?KPaDF@l@Jv@NFa@D_@By@BIFAFBDRD^CFBTDVTvAALCNC@AQYPHxBXO??GiBBABO@MUwAEWCUIFM@GCE^G`@w@Om@KGAQ`D?JANCZALCl@An@Br@Dn@Dh@Lr@L`AD\Fp@JdA@LFd@BRDTJd@BHJf@DTLf@DTLl@TR	Click to Generate
S4	60	1			3	E-ACT Parkwood Academy (S4)	Watercliffe Meadow Community Primary School (S4)	S. Ali's Off Licence (S4)	8577	6433	eh~dIb_bHALI\?BAH?F?FBF@BDDh@l@DB@@B?B?@?@ADEb@kABEDIBEFGDEFEfC}AFCFADAFAF@H?HBHDFDDDFHHLRd@zBpFLZn@`Bn@bBJVPd@DLBLBLDb@B^BRBd@@L@VBd@@^@V?R?\?V?N?H@T?J?L@L@HD\HHDNBLDXBX?b@MNIJQPGDMFIFIDy@Zo@R{@Vk@Nu@Pc@NE@gAVcATy@PQDE?G@[FWFUDKB{@PoA^SFSFODMB_@LSHo@T]NOH_A^q@Xs@ZOD]Ru@ZUL[GCAMOCSEi@Q}AG[Gg@QuAEa@Kq@E[Im@w@iGWkBGg@Ig@My@E]Y}Ao@mCMi@Ki@YiA_@mAe@iAg@y@q@uASm@Oi@Kk@Ow@AGC[Ag@@{B?O?CF{FBsABaBHqBL{AN{ARXp@t@n@~@FHh@x@Zh@Xf@j@fAZj@Rd@FJ\w@|@oBAOCE?eB???dBBD@N}@nB]v@GKSe@[k@k@gAYg@[i@i@y@hAoBj@cAHQP[Xg@l@cATe@DGPe@FOHWLc@Ps@Ha@BIL{@d@kCt@mFLgAPuABWH}@F]H_@Vy@r@_Cl@{BPu@ZkAFW\eBaBuAZeBQq@MO??LNPp@DEH@FFpAr@NeAR_BPeBHuA@]H}ABaADqB???mAAqAr@QXIl@OHGJGV[P[BX?PEdAAJEnACrAArAq@B]BO?oAFs@DO@M?yCN]@I?U@Y@G?oAJUB_@Ji@Ra@R]Re@^o@r@Qb@IT?L?DBNBLNd@hAlB\f@\l@Vl@Pd@Lp@Jr@Hz@FfA?z@Cj@Ej@K~@WrBCJEXO~@OhAu@zEq@zEQ~@[~@O^e@~@w@rAw@xAc@|@OVKXQh@I`@G\OzAMzAIpBC`BCrAGzF?B?NAzB@f@BZ@FNv@Jj@Nh@Rl@p@tAf@x@d@hA^lAXhAJh@Lh@n@lCX|AD\Lx@Hf@Ff@VjBv@hGHl@DZJp@D`@PtAFf@FZP|AJLFHRLF@j@Ul@Sb@Sn@Y|Ao@ZMbA]FCVKZKTIlAa@fBc@dAUDAFATE\Gj@MjASp@QFAt@St@Or@Sb@KFEXIVMXKHGJIJIHIBCPOEQCQ?YBc@@IFc@Jm@BSFS?I?O?W?]?SAWA_@Ce@AWAMCe@CSC_@Ec@CMCMEMQe@KWo@cBo@aBM[{BqFSe@IMGIEEGEIEICI?GAG@E@G@GBgC|AGDEDGFCDEHCDc@jAEDA@A?C?C?AAECi@m@EEACCG?G?G@I?CH]@M	Click to Generate
S4	15	1			3	Silver Pan (S4)	MyCigara (S4)	J W Young (Butchers) Ltd (S4)	1222	916	ae{dIpfwGKc@EOK[BIBCPENEREp@q@`@e@a@wALd@Rp@a@d@q@p@S\EDWVK[K]EOCMCMGq@Oa@Yo@GPEHQf@ELKZcAtC][a@OOQkAgBe@w@mAmBBtH@LXh@rAgEt@_CZeABE?CPo@J]BBl@t@Z`@n@x@^h@Xn@N`@Pd@L`@@JFXBh@DNJb@	Click to Generate
S4	20	1			3	Baltic Pearl (S4)	Attercliffe News & Booze (S4)	Aaliyah Mosque (S4)	1651	1238	qf{dIfawG@BL`@@JFXBh@DNb@nBBHHd@c@`@e@b@}@w@UU[e@kAgBbAuCJ[DMVq@FQ_@i@o@y@[a@TcAMj@GVZ`@n@x@^h@Xn@N`@Pd@L`@@JFXPENEREp@q@`@e@HI`@a@TSHSL_@DGHQBGNM@CFQDQJc@He@l@cDeBeAARSpCAF?D?D?DBxATCUB?CCuA?E?E?E@GRqC@SdBdAm@bDId@Kb@EPGPABAVAHCLINILKLSFURa@`@IHa@d@q@p@S\EDWVK[K]EOCMCMGq@N`@	Click to Generate
S4	15	1			3	Accelerate (S4)	Warty Lounge (S4)	Bit Of Everything (S4)	1253	940	cr{dIx~vGd@v@t@_CZeABE?CLe@BIJ]BBl@t@Z`@n@x@^h@Xn@N`@Pd@L`@@JFXPENERES\EDWVK[K]OZ_@x@y@dBZd@TT|@v@hAeAIe@CIc@oBEOK[BIBCPENEREp@q@`@e@a@wALd@Rp@a@d@q@p@S\EDWVK[K]o@tAy@dBkAgB][a@OOQkAgBe@w@	Click to Generate
S4	30	1			3	Global Hair & Beauty (S4)	Oasis Academy Fir Vale (S4)	Masjid Umar (S4)	2380	1785	c}}dIvvzGUb@KVOSEGEEQSMQYWIGQSIIUSMm@EUMg@EUKg@CI[o@IOEIIOOg@Sa@aEiI`BkAdA_ALAD?Cl@An@Br@Dn@Dh@Lr@L`AD\??Fp@JdA@LFd@BRDTJd@BHJf@DTLf@DTLl@^\PRHFXVLPPRDDDFNRPVP^@DP\bAzBfA~B`BpD`@hARj@N`@HRN`@BHBJn@`Bn@bB`@lAlAmALOBG?G_@oAc@uAY_AEOIEIQq@kA}@hBLUn@sAp@jAHPHDDNX~@b@tA^nA?FCFMNmAlAa@mAo@cBo@aBCKCIOa@ISOa@Sk@a@iAaBqDgA_CcA{BQ]AEQ_@QWJWTc@	Click to Generate
S4	30	1			3	Fir Vale Pharmacy (S4)	St Cuthberts (S4)	Fir Vale Academy (S4)	2388	1791	_g~dIdbzGEOEi@Eo@Cs@@o@Bm@@MB[@O?KPaDDw@Dy@mAmA}@tD]~ARNZTp@b@TPgAu@[USOMb@KVMLSLSJk@TUJGFgGpMGLCJ?JRlB\~CVCZCp@Cp@?rABjA@f@?`A@|@?l@@v@BRDJMFG@EBI@I?UEUKg@CIKUOYIOEIIOOg@Sa@aEiI`BkAdA_ALAD?@MB[@O?KPaDF@l@Jv@NFa@D_@By@BIFAFBDRD^CFBTDVTvAALCNC@AQYPHxBXO??GiBBABO@MUwAEWCUIFM@GCE^G`@w@Om@KGAQ`D?JANCZALCl@An@Br@Dn@Dh@DN	Click to Generate
S4	60	1			3	Awesome Walls Sheffield (S4)	Wood Hill Lodge (S4)	All Days (S4)	4666	3500	gm|dIj{yGc@w@MQOGKCM@IBKJKTi@tAmBcDsAaCj@uA~AsDHPBLBXDLRZ^h@BJ@J?J??Wt@AJ@F`@p@a@q@AG@KVu@?KAKCK_@i@S[EMCYCMIQ_BrDk@tAEIgAkBkCqEeAmBCEU]mAsBsAcCgByD}B{FAGYy@eAtBi@lAU^NdAL|@NbAJx@Lj@Pj@LZTj@t@~A`A`B\|@@B`ArCRp@j@`BHT|@nCVbAFTVz@bAbDx@jC~@pD|@dDH`@Hb@Rd@`@v@PXRTPB`@AF?XGHCHEJOTs@HWRm@l@cBHS~@mCFS`@gAVu@~@bBFHv@lAf@v@`AbBCx@Cd@Ct@AZCfA?BCl@A\E`BCXCJ??CLILIHQ?WEeBSKCC?cAKwAOeAIe@Kk@Gc@nAUt@i@|AQa@aD_I_@aA^`ArD`Jh@}ATu@b@oAj@Fd@JdAHvANbAJB?JBdBRVDP?HIHMBM??BKBYDaB@]Bm@?CBgA@[Bu@Be@By@aAcBg@w@w@mAGI_AcBWe@KSEIoBkDg@w@h@uAJUJKHCLAJBNFLPb@v@	Click to Generate
S4	20	1			3	MyCigara (S4)	Baltic Pearl (S4)	J W Young (Butchers) Ltd (S4)	1527	1145	ab{dIv~vGRp@a@d@q@p@S\EDWVK[K]o@tAy@dBkAgBbAuCJ[DMPg@DIFQXn@N`@Pd@L`@@JFXBh@DNb@nBBHHd@c@`@e@b@}@w@UU[e@kAgB][a@OOQkAgBe@w@mAmBBtH@LXh@rAgEt@_CZeABE?CPo@J]BBl@t@Z`@n@x@^h@Xn@N`@Pd@L`@@JFXPENEREp@q@`@e@Sq@	Click to Generate
S4	45	1			3	Busk Meadow Park (S4)	Shirecliffe Community Centre (S4)	Norwood and Bishopsholme Community Centre (S4)	3337	2503	_n~dI|g~G]H@pA?lAEpBs@DO@M?yCN]@I?U@Y@G?oAJUBQ_AQcA[sA]kA_@_Ak@uAm@iATi@FKDENCf@KHAJCRCt@IHCJGbBgAF?LCLCPAHDFHXjALn@??Mo@YkAGIIEQ@MBMBG?cBfAKFIBu@HSBKBI@g@JOBEDGJUh@l@hAj@tA^~@\jAZrAPbAP~@TCnAKF?LAJ?TAH?\AxCOL?NAr@EnAGN?BlCCmCO?oAFs@DO@M?yCN]@I?U@Y@G?oAJUBQ_AQcA[sA]kA_@_Ak@uAm@iATi@FKDENCf@KHAJCRCt@IHCJGbBgAF?LCLCPA??HDFHXjALn@Mo@YkAGIIEQ@MBMBG?cBfAKFIBu@HSBKBI@g@JOBEDGJUh@l@hAj@tA^~@\jAZrAPbAP~@TCnAKF?XATAH?\AxCOL?NAr@EDqB?mAAqA\I	Click to Generate
S4	60	1			3	St. James Church (S4)	Scott Road Store (S4)	All Days (S4)	5891	4418	eqzdIvn~GF_@RgBFg@@CBE@A@?BA@?PJL?NCJEAKCg@?O?O@Q@Q@MN}BF{@Dq@@M@QB]Fa@[MSKICYMIEy@_@C?K?C@G@A@EBM@E?KAIAEAWCGAoACMAS@G@C@EDED_AvAEFWb@INCBCBC@SBeAVGBGBEBA@C@EBEBKH}ApAOJMFMFKDKBOBMBM@Q?m@EI?aBIsAEuBI}@KYMc@Wk@k@mBqBy@_A]_@UUEGW]GGiB}BMO]We@SUGQG_@EKAEAu@IGAGAOCOEICGCICq@[m@YGCOGOGIE]SGC]Ue@g@CCe@o@[g@CEWc@CEEIMWISOYWa@_@m@MS_@o@Ye@[q@Ue@EIa@}@Sc@u@aBa@aAEKPWBIHgB@]NqCP{DFBFDFJFJRWJ]@IGY??FXAHK\SVGKGKGEGC@m@N_DHmAH{@Ho@H]x@aCL[HUPg@FQJ[v@mBx@yBQa@aD_I_@aA^`ArD`Jy@xBw@lBSl@Qf@ITMZy@`CI\In@Iz@IlAO~CAl@QzDOpCA\IfBCHQVDJ`@`At@`BRb@`@|@DHTd@Zp@Xd@^n@LR^l@V`@NXHRLVDHBDVb@BDZf@d@n@BBd@f@\TFB\RHDNFNFFBl@Xp@ZHBFBHBNDNBF@F@t@HD@J@^DPFTFd@R\VLNhB|BFFV\DFTT\^x@~@lBpBj@j@b@VXL|@JtBHrAD`BHH?l@DP?LALCNCJCJELGLGNK|AqAJIDCDCBA@ADCFCFCdAWRCBABCBCHOJNFDHDv@XJBH@F?F?H?FAFAHAHAHEHEJGJEHEFEBCDCDAJCJy@Be@Be@@c@@G?Q?k@?ICw@?]By@PeDNYFED?D?A\@X@\@TFh@D\BNFTHTL^DHd@hAFNBBLP@DHJHPBDBTHP@L?NCVG`@C\APALEp@Gz@O|BALAPAP?N?NBf@@JKDOBM?QKA?C@A?A@CDABGf@SfBG^	Click to Generate
S4	20	1			3	Jamia Dar Ul Uloom Qadiria Jillania Centre (S4)	Oasis Academy Fir Vale (S4)	Fir Vale Academy (S4)	1504	1128	ac~dIzrzGH\^\PRHFXVLPPRDDDFNRJWTc@HK@K?IEUDT?HAJ_@n@KVOSEGEEQSMQYWIGQS_@]Mm@EUMg@EUKg@CIKe@EUCSGe@AMKeAGq@??E]MaAMs@Ei@Eo@Cs@@o@Bm@@MB[@O?KPaDF@l@Jv@NFa@D_@By@BIFAFBDRD^CFBTDVTvAALCNC@AQYPHxBXO??GiBBABO@MUwAEWCUIFM@GCE^G`@w@Om@KGAQ`D?JANCZALCl@An@Br@Dn@Dh@Lr@L`AD\Fp@JdA@LFd@BRDTJd@BHJf@DTLf@DTBN	Click to Generate
S4	20	1			3	The Carlton Hotel (S4)	Accelerate (S4)	Aaliyah Mosque (S4)	1808	1356	mg{dIj{vGQDK`AXn@N`@Pd@L`@@JFXBh@BF@Fb@nBBHHd@iAdA}@w@UU[e@kAgB][a@OOQkAgBt@_CZeABE?CLe@BIJ]BBl@t@Z`@n@x@^h@Xn@N`@Pd@L`@@JFXPENEREp@q@`@e@HI`@a@TSHSL_@DGHQBGNM@CFQDQJc@He@l@cDeBeAARSpCAF?D?D?DBxATCUB?CCuA?E?E?E@GRqC@SdBdAm@bDId@Kb@EPGPABAVAHCLINILKLSFURa@`@IHa@d@q@p@S\EDWVK[K]EOCMCMGq@Oa@Yo@JaAPE	Click to Generate
S4	45	1			3	City Motor Factors (S4)	Colourcraft Limited (S4)	Eye of Needle (S4)	3450	2588	kt|dIlqwG^m@FrAFn@@V@XLh@t@vAb@a@BCDCJCF?jAEJ?J@^H_@IKAK?sADKBEBCBc@`@u@wAWQIOS[GIYa@KCKAI?G?O?QXu@`BgAdCkCbGXd@@B@@pDjGu@jBh@|@i@}@t@kBqBkD_A_BAAACYe@jCcGfAeCt@aBJk@DINa@JYFQP_@LSVWHTBLD`@FrAFn@HI@?JMNMfA_CDIDGDADADAD@D@lBr@xGdCLD|@\@@JBfBz@hA^f@NhAd@|@Z_@vC{Ai@oAc@AAW_@WSYOm@?OX??NYl@?XNVRV^@@nAb@zAh@^wC}@[iAe@g@OiA_@gB{@KCAA}@]MEyGeCmBs@EAEAE@E@E@EFEHgA~BM`@GLABMHM@WBGIYa@S]KUIOJYFQP_@LSVWHTBLD`@_@l@	Click to Generate
S4	20	1			3	St Cuthberts (S4)	Yours Food and Wine (S4)	Oasis Academy Fir Vale (S4)	1674	1256	u_~dIptzG@P@ZA\MQYWIGQS_@]Mm@EUMg@EUKg@CIKUOYIOEIIOOg@TVFFDBJLBRDTJd@BHJf@DTLf@DTLl@^\PRHFXVLPPRDDDFNRPVP^@DP\bAzBGNCDC@OHIDi@ViAh@q@\y@^C@AA@]@g@@_@@kB@uB?{@@mA?MAQAOEWMm@EUMg@EUKg@CI[o@IOEIIOOg@Sa@aEiI`BkAdA_ALAD?Cl@An@Br@Dn@Dh@Lr@L`AD\??Fp@JdA@LFd@BRDTJd@BHJf@DTLf@DTLl@^\PRHFXVLP@]A[AQ	Click to Generate
S4	45	1			3	La Piazza (S4)	Eye of Needle (S4)	Colourcraft Limited (S4)	3508	2631	ml|dIv~wGC@QVKOaAoBa@y@u@wAWQIOS[GIYa@S]KUIOJYFQP_@LSVWHTBLD`@e@x@DK^m@FrAFn@HI@?JMNMfA_CDIDGDADADAD@D@lBr@xGdCLD|@\@@JBfBz@hA^f@NhAd@|@Z_@vC{Ai@oAc@AAW_@WSYOm@?OX??NYl@?XNVRV^@@nAb@zAh@^wC}@[iAe@g@OiA_@gB{@KCAA}@]MEyGeCmBs@EAEAE@E@E@EFEHgA~BM`@GLABMHM@WBGIYa@KCKAI?G?O?QXu@`BgAdCkCbGXd@@B@@~@~ApBjDrBnD|FzJ~CxF~@qBv@gBeA}Az@qBDi@Bc@@W@u@@I@G@IBGa@q@S]GKIOO_@CIKq@Mc@Ms@WyAKa@K]Oc@Oe@]_Aa@s@PWBA	Click to Generate
S4	20	1			3	Adept Afro Hair & Beauty (S4)	Illusionz (S4)	Aaliyah Mosque (S4)	1655	1241	ig{dIj{vGUDK`A_@i@o@y@[a@MO_@e@CCK\Qn@?BCD[dAu@~BjAfBNP`@N\ZjAfBZd@TT|@v@hAeAIe@CIWkAKc@EOK[BIBCPENEREp@q@`@e@HI`@a@TSHSL_@DGHQBGNM@CFQDQJc@He@l@cDeBeAARSpCAF?D?D?DBxATCUB?CCuA?E?E?E@GRqC@SdBdAm@bDId@Kb@EPGPABAVAHCLINILKLSFURa@`@IHa@d@q@p@S\EDWVK[K]EOCMCMGq@Oa@Yo@JaATE	Click to Generate
S4	20	1			3	Bit Of Everything (S4)	Beauty Beneath (S4)	J W Young (Butchers) Ltd (S4)	1519	1139	eg{dIrdwGUd@y@dBZd@TT|@v@hAeAIe@CIc@oBEOK[BIBCPENEREp@q@`@e@a@wALd@Rp@a@d@q@p@S\EDWVK[K]EOCMCMGq@Oa@Yo@_@i@GGg@q@[a@m@u@CCK\Qn@?BCD[dAu@~BsAfEYi@AMCuHlAlBd@v@jAfBNP`@N\ZjAfBZd@TT|@v@hAeAIe@CIc@oBEOK[K]Yn@	Click to Generate
S4	20	1			3	Attercliffe News & Booze (S4)	Baltic Pearl (S4)	Aaliyah Mosque (S4)	1733	1300	yf{dIt`wGHTL`@@JFXPENERES\EDWVK[K]EOCMCMGq@Oa@Yo@_@i@o@y@[a@TcAMj@GVZ`@n@x@^h@GPWp@ELKZcAtCjAfBZd@TT|@v@d@c@b@a@Ie@CIc@oBEOK[BIBCPENEREp@q@`@e@HI`@a@TSHSL_@DGHQBGNM@CFQDQJc@He@l@cDeBeAARSpCAF?D?D?DBxATCUB?CCuA?E?E?E@GRqC@SdBdAm@bDId@Kb@EPGPABAVAHCLINILKLSFURa@`@IHa@d@q@p@S\EDWVK[K]EOCMCMGq@FN	Click to Generate
S4	20	1			3	Crabtree Ponds (S4)	St. James Church (S4)	Masjid Umar (S4)	1894	1420	ym}dIlf|Gc@eCTMTOCKEEECm@?s@?]@@WBMRODE@EAEMu@GW?K@O@MFKGJAL??AN?JFVLt@@DADEDSNCLAV\Ar@?l@?DBDDBJDCJETGPARAL?Rn@d@zAz@|CZfAPh@n@tBPWBIHgB@]NqCP{DFBFDFJFJRWJ]@IGY??FXAHK\SVGKGKGEGC@m@MIGGGM_EaNe@}AmBPKAIEIQq@kA}@hBLUn@sAp@jAHPHDDNX~@b@tA^nA?FCFMNmAlARr@j@tBDNXbAM?S@Q@UFKDEBUNULb@dC	Click to Generate
S4	45	1			3	Crabtree Ponds (S4)	Tea and Cakes (S4)	Yours Food and Wine (S4)	3950	2962	oq}dI`m{Gn@sAp@jAHPHDDNX~@b@tA^nA?FCFMNmAlARr@j@tBDNXbAM?S@Q@UFKDEBCKEEECm@?s@?]@@WBMRODE@EAEMu@GW?K@O@MFKGJAL??AN?JFVLt@@DADEDSNCLAV\Ar@?l@?DBDDBJDCJETGPARAL?Rn@d@zAz@|CZfAPh@n@tBPWBIHgB@]NqCP{D@m@N_DHmAH{@Ho@H]x@aCL[HUPg@Rm@kAqCeAkCw@qB_AcCGHI\Ml@CRQDMHKFCHADCN?VBVFPb@jAb@dAJTKNt@zEBHDBD?DIp@gBdAqCjApCSl@Qf@ITMZy@`CI\In@Iz@IlAO~CAl@QzDOpCA\IfBCHQVo@uBQi@[gA{@}Ce@{ASo@YcAEOk@uBSs@a@mAo@cBo@aBCKCIOa@ISUNwB~AI@{@yDoBaIh@WHENIBABEFOfA~B`BpD`@hARj@N`@HRN`@BHBJn@`Bn@bB`@lAlAmALOBG?G_@oAc@uAY_AEOIEIQq@kAo@rA	Click to Generate
S4	15	1			3	The Dream Lounge (S4)	J W Young (Butchers) Ltd (S4)	Illusionz (S4)	1333	1000	_l{dIdyvGFFZ`@n@x@^h@Tf@BFN`@Pd@L`@@JFXBh@DNb@nBBHHd@iAdA}@w@UU[e@kAgB][a@OOQkAgBe@w@mAmBBtH@LXh@rAgEjAfBNP`@N\ZjAfBZd@TT|@v@hAeAIe@CIWkAKc@EOK[K]EOCMCMGq@Oa@Yo@_@i@o@y@[a@GG	Click to Generate
S4	45	1			3	Busk Meadow Park (S4)	Shirecliffe Community Centre (S4)	Norwood and Bishopsholme Community Centre (S4)	3266	2450	{n~dI~i~G?X?lAEpBs@DO@M?yCN]@I?U@Y@G?oAJUBQ_AQcA[sA]kA_@_Ak@uAm@iATi@FKDENCf@KHAJCRCt@IHCJGbBgAF?LCLCPAHDFHXjALn@??Mo@YkAGIIEQ@MBMBG?cBfAKFIBu@HSBKBI@g@JOBEDGJUh@l@hAj@tA^~@\jAZrAPbAP~@TCnAKF?LAJ?TAH?\AxCOL?NAr@EnAGN?BlCCmCO?oAFs@DO@M?yCN]@I?U@Y@G?oAJUBQ_AQcA[sA]kA_@_Ak@uAm@iATi@FKDENCf@KHAJCRCt@IHCJGbBgAF?LCLCPA??HDFHXjALn@Mo@YkAGIIEQ@MBMBG?cBfAKFIBu@HSBKBI@g@JOBEDGJUh@l@hAj@tA^~@\jAZrAPbAP~@TCnAKF?XATAH?\AxCOL?NAr@EDqB?mA?Y	Click to Generate
S4	20	1			3	Warty Lounge (S4)	Bit Of Everything (S4)	J W Young (Butchers) Ltd (S4)	1619	1214	og{dItyvGOz@K`AXn@N`@Pd@L`@@JFXPENERES\EDWVK[K]OZ_@x@y@dBZd@TT|@v@hAeAIe@CIc@oBEOK[BIBCPENEREp@q@`@e@a@wALd@Rp@a@d@q@p@S\EDWVK[K]EOCMCMGq@Oa@Yo@_@i@o@y@[a@m@u@CCK\Qn@?BCD[dAu@~BsAfEYi@AMCuHlAlBd@v@jAfBNP`@N\ZbAuCJ[DMVq@FQJaAN{@	Click to Generate
S4	20	1			3	Baltic Pearl (S4)	Attercliffe News & Booze (S4)	Aaliyah Mosque (S4)	1651	1238	of{dIjawG??L`@@JFXBh@DNb@nBBHHd@c@`@e@b@}@w@UU[e@kAgBbAuCJ[DMVq@FQ_@i@o@y@[a@TcAMj@GVZ`@n@x@^h@Xn@N`@Pd@L`@@JFXPENEREp@q@`@e@HI`@a@TSHSL_@DGHQBGNM@CFQDQJc@He@l@cDeBeAARSpCAF?D?D?DBxATCUB?CCuA?E?E?E@GRqC@SdBdAm@bDId@Kb@EPGPABAVAHCLINILKLSFURa@`@IHa@d@q@p@S\EDWVK[K]EOCMCMGq@Pd@	Click to Generate
S4	15	1			3	Illusionz (S4)	Silver Pan (S4)	J W Young (Butchers) Ltd (S4)	1415	1061	yh{dIn~vGQf@ELKZcAtCjAfBZd@TT|@v@hAeAIe@CIWkAKc@EOK[BIBCPENEREp@q@`@e@a@wALd@Rp@a@d@q@p@S\EDWVK[K]EOCMCMGq@Oa@Yo@_@i@o@y@[a@m@u@CCK\Qn@?BCD[dAu@~BsAfEYi@AMCuHlAlBd@v@jAfBNP`@N\ZbAuCJ[DMPg@	Click to Generate
S4	20	1			3	Yours Food and Wine (S4)	Oasis Academy Fir Vale (S4)	Fir Vale Academy (S4)	1866	1400	m`~dIrrzGJG@NHj@@Z@ZA\PRDDDFNRPVP^@DP\bAzBGNCDC@OHIDi@ViAh@q@\y@^C@AA@]@g@@_@@kB@uB?{@@mA?MAQAOEWMm@EUMg@EUKg@CIKe@EUCSGe@AMKeAGq@??E]MaAMs@Ei@Eo@Cs@@o@Bm@@MB[@O?KPaDF@l@Jv@NFa@D_@By@BIFAFBDRD^CFBTDVTvAALCNC@AQYPHxBXO??GiBBABO@MUwAEWCUIFM@GCE^G`@w@Om@KGAQ`D?JANCZALCl@An@Br@Dn@Dh@Lr@L`AD\Fp@JdA@LFd@BRDTJd@BHJf@DTLf@DTLl@^\PRHFXVLP@]A[A[Ik@AOKF	Click to Generate
S4	30	1			3	Beauty Beneath (S4)	Aaliyah Mosque (S4)	J W Young (Butchers) Ltd (S4)	2242	1682	wd{dIfcwG@?RES\EDWVK[K]EOCMCMGq@Oa@Yo@_@i@GGg@q@d@_CPL\TH]^Tc@dCK`AXn@N`@Pd@L`@@JFXPENEREp@q@`@e@HI`@a@TSHSL_@DGHQBGNM@CFQDQJc@He@l@cDeBeAARSpCAF?D?D?DBxATCUB?CCuA?E?E?E@GRqC@SdBdAm@bDId@Kb@EPGPABAVAHCLINILKLSFURa@`@IHa@d@q@p@S\EDWVK[K]o@tAy@dBkAgB][a@OOQkAgBe@w@mAmBBtH@LXh@rAgEt@_CZeABE?CPo@J]BBl@t@Z`@n@x@^h@Xn@N`@Pd@L`@@JFXPELE	Click to Generate
S4	20	1			3	Attercliffe News & Booze (S4)	Aaliyah Mosque (S4)	Baltic Pearl (S4)	1593	1195	ig{dIr_wGGOYo@_@i@o@y@[a@TcAMj@GVZ`@n@x@^h@Xn@N`@Pd@L`@@JFXPENEREp@q@`@e@HI`@a@TSHSL_@DGHQBGNM@CFQDQJc@He@l@cDeBeAARSpCAF?D?D?DBxATCUB?CCuA?E?E?E@GRqC@SdBdAm@bDId@Kb@EPGPABAVAHCLINILKLSFURa@`@IHa@d@q@p@S\EDWVDNb@nBBHHd@c@`@e@b@}@w@UU[e@kAgBbAuCJ[DMVq@FQXn@FN	Click to Generate
S4	60	1			3	WHSmith (S4)	Northern Perk (S4)	Norwood Grange Care Home (S4)	4538	3404	_v~dIpy{G?@HNJTR^JV\l@LVNVb@|@LTLTBDP\^t@DFVf@DF@DBBd@hADH`@q@BG@ARYlAgCd@_AFKHUHYF]Da@\_DDm@@q@@sBAeB?]@s@Bo@Dg@DWHo@JoA@]@g@@_@@kB@uB?{@@mA?MAQAOEWUQOICCSESEw@Cm@A}@?aAAAbAGjD?D?l@X?LFNFPNLLNZN`@DZBZ@P@b@An@?v@Ah@Gh@Kh@M^IRKL]ZQLEWKYEGG?I?SAC?ENEFM?CC?G???IBCFAH?FBB?R@H?F?DFJXDVPM\[JMHSL_@Ji@Fi@@i@?w@@o@Ac@AQC[E[Oa@O[MMQOOGMGY??m@?EFkD@cA`A@|@?l@@v@BRDRDBBNHTPDV@N@P?LAlA?z@AtBAjBA^Af@A\KnAIn@EVEf@Cn@Ar@?\@dBArBAp@El@]~CE`@G\IXITGJe@~@mAfCKf@Uj@EFEJMQEIe@iACCAEEGWg@Wd@gAuBTg@LTBDP\^t@DFVf@DF@DBBDJ^|@DHLPGLEHKTIPWd@[`@SPa@Ts@r@w@v@q@l@y@p@YX[`@U\q@|Aa@|@Ud@g@dAMQg@u@a@o@_@k@UQE?]GsBYGCJ_AJw@LDFAJCFBtBdAA@UpATP^j@`@n@f@t@LPf@eATe@`@}@p@}AT]Za@XYx@q@p@m@v@w@r@s@d@u@R]FMb@w@DGR_@EIe@iACCAEEGWg@EG_@u@Q]CEMUMUc@}@OWMW]m@KWS_@KUIO?A	Click to Generate
S4	45	1			3	Northern General Hospital (S4)	Sheffield GP Collaborative (Out of Hours Service) (S4)	Norwood Grange Care Home (S4)	4032	3024	gm~dI`h|GEKCCAEEGWg@EG_@u@Q]CEMUMUc@}@OWMW]m@KWS_@KUIO?AGUGSIGKGO?]?i@@A?_@FuAZO@E?qA@sA?MAEM?ODKCGAGC}@?QCaCA_@?Q?u@?WAq@AO?I?M?I?M?SBSTAv@CD?B?r@ALAXAJCHEDCJGFGRYJM\SLK`Am@dAq@VO^S`D_B|@g@LILEHAX?LFNFPNLLNZN`@DZBZ@P@b@An@?v@Ah@Gh@Kh@M^IRKL]ZQLMJUNa@EGAC@CBANK\SBETSHRIDURCJ]@OBCBAF@`@D@ARMLKPM\[JMHSL_@Ji@Fi@@i@?w@@o@Ac@AQC[E[Oa@O[MMQOOGMGY??m@?EFkD@cA`A@|@?l@@v@BRDRDBBNHTPDV@N@P?LAlA?z@AtBAjBA^Af@A\KnAIn@EVEf@Cn@Ar@?\@dBArBAp@El@]~CE`@G\IXITGJe@~@mAfCKf@Uj@EFEJGLEHKTIPWd@[`@SPa@Ts@r@w@v@q@l@y@p@YX[`@U\q@|Aa@|@Ud@g@dAMQg@u@a@o@_@k@UQE?]GsBYGCJ_AJw@LDFAJCFBtBdAA@UpATP^j@`@n@f@t@LPf@eATe@`@}@p@}AT]Za@XYx@q@p@m@v@w@r@s@d@u@R]FMb@w@DGR_@EI_@}@	Click to Generate
S4	20	1			3	Busk Meadow Park (S4)	Kaya Hair & Beauty (S4)	Shirecliffe Community Centre (S4)	1888	1416	_x~dId|}G??HDFHXjALn@??Mo@YkAGIIEQ@MBMBG?cBfAKFIBu@HSBKBI@g@JOBEDGJUh@l@hAj@tA^~@\jAZrAPbAP~@TCnAKF?XATAH?\AxCOL?NAr@EDqB?mAAqA\ITGXIl@OHGJGV[P[BX?PEdAAJEnACrAArAq@B]BO?oAFs@DO@M?yCN]@I?U@K?M@G?oAJUBQ_AQcA[sA]kA_@_Ak@uAm@iATi@FKDENCf@KHAJCRCt@IHCJGbBgAF?LCLCPA	Click to Generate
S4	45	1			3	Norwood and Bishopsholme Community Centre (S4)	Northern General Hospital (S4)	Northern Perk (S4)	3272	2454	oa_eIpy|GUpATP^j@`@n@f@t@LPQd@IPUj@]fAUv@ENYzAWtAKv@It@CVGfAI|BEdA?TE~@Cn@C\HJDDNNHJTi@FKDENCf@KHAJCRCt@IHCJGbBgAF?LCLCPA??HDFHXjALn@Mo@YkAGIIEQ@MBMBG?cBfAKFIBu@HSBKBI@g@JOBEDGJUh@IKOOEEIKB]Bo@D_A?UDeAH}BFgABWHu@Jw@VuAX{ADOTw@\gATk@HQPe@f@eATe@`@}@p@}AT]Za@XYx@q@p@m@v@w@r@s@d@u@R]FMb@w@DGR_@EIe@iACCAEEGWg@EG_@u@Q]CEMUMUc@}@OWMW]m@KWS_@KUIO?AGUDGDCFAB?`@Ad@Cd@AFGDM@M@KBKFGZMHAFFHPJVRd@DVJf@B\Bn@Bd@B`@ARCLEJCFOXS`@CFGLMT^t@DFVf@DF@DBBDJ^|@DHLPGLEHKTIPWd@[`@SPa@Ts@r@w@v@q@l@y@p@YX[`@U\q@|Aa@|@Ud@g@dAMQg@u@a@o@_@k@UQE?]GsBYGCJ_AJw@LDFAJCFBtBdAA@	Click to Generate
S4	20	1			3	St Cuthberts (S4)	Fir Vale Academy (S4)	Page Hall Medical Centre (S4)	1760	1320	cf~dIhfzGFp@JdA@LFd@BRDTJd@BHJf@DTLf@DTLl@^\PRHFERAF?F?t@AtC@Tm@F@uB?{@@mA?MAQAOEWMm@EUMg@EUKg@CIKUOYIOEIIOOg@Sa@aEiI`BkAdA_ALAD?@MB[@O?KPaDF@l@Jv@NFa@D_@By@BIFAFBDRD^CFBTDVTvAALCNC@AQYPHxBXO??GiBBABO@MUwAEWCUIFM@GCE^G`@Mf@O^CDKR?@SXSXCDMNLOBERYRYJUBEN_@Lg@w@Om@KGAQ`D?JANCZALCl@An@Br@Dn@Dh@Lr@L`AD\??	Click to Generate
S4	60	1			3	Whiteways Primary School (S4)	Wood Hill Lodge (S4)	Tea and Cakes (S4)	5423	4067	ui}dIfczGw@{B@KdCsCp@u@LCDDDDDR\b@_@yA}@oCIUk@aBSq@aAsCAC]}@aAaBu@_BQ`@EVAX?XBR@DqCdD\pANx@D^DTBb@D^PKT`CVxCBFD@EACGm@{GQJE_@Cc@EUE_@Oy@]qApCeDAECS?Y@YDWPa@t@~A`A`B\|@@B`ArCRp@j@`BHT|@nCVbAFTVz@bAbDx@jC~@pD|@dDH`@Hb@Rd@`@v@PXRTPB`@AF?XGHCHEJOTs@HWRm@l@cBHS~@mCFS`@gAVu@~@bBFHv@lAf@v@`AbBCx@Cd@Ct@AZCfA?BCl@A\E`BCXCJ??CLILIHQ?WEeBSKCC?cAKwAOeAIe@Kk@GIAcBQGEEIc@aAi@sAs@kBGGIAI?MBQL[^e@p@o@~@s@bAGHI\Ml@CR?RBPBPFVjAnCq@`AKUc@eAc@kAGQCW?WBO@EBIJGLIPEBSLm@H]FIr@cAn@_Ad@q@Z_@PMLCH?H@FFr@jBh@rAb@`ADHFDbBPH@j@Fd@JdAHvANbAJB?JBdBRVDP?HIHMBM??BKBYDaB@]Bm@?CBgA@[Bu@Be@By@aAcBg@w@w@mAGI_AcBWt@a@fAGR_AlCIRm@bBSl@IVUr@KNIDIBYFG?a@@QCSUQYa@w@Se@Ic@Ia@}@eD_AqDy@kCcAcDW{@]c@ESEEEEMBq@t@eCrCAJv@zB	Click to Generate
S4	20	1			3	Fir Vale Academy (S4)	Jamia Masjid Ghausia (S4)	St Cuthberts (S4)	1677	1258	ud~dI`wyGJSBEN_@Lg@Fa@D_@By@BIFAFBDRD^CFBTDVTvAALCNC@AQYPHxBXO??GiBBABO@MUwAEWCUIFM@GCE^G`@w@Om@KGAQ`D?JANCZALCl@An@Br@Dn@Dh@DNFb@L`AD\Fp@JdA@LFd@BRDTJd@BHJf@DTLf@DTLl@^\PRHFERAF?F?t@AtC@Tm@F@uB?{@@mA?MAQAOEWMm@EUMg@EUKg@CIKUOYIOEIIOOg@Sa@aEiI`BkAdA_ALAD?@MB[@O?KPaDF@l@Jv@NMf@O^CDKR	Click to Generate
S4	45	1			3	City Motor Factors (S4)	Eye of Needle (S4)	Colourcraft Limited (S4)	3592	2694	qr|dIlmwGRe@S]m@nAHTBLD`@FrAFn@@V@XLh@t@vAb@a@BCDCJCF?jAEJ?J@^H_@IKAK?sADKBEBCBc@`@u@wAWQIOS[GIYa@S]KUIOJYFQP_@LSVWHTBLD`@FrAFn@HI@?JMNMfA_CDIDGDADADAD@D@lBr@xGdCLD|@\@@JBfBz@hA^f@NhAd@|@Z_@vC{Ai@oAc@AAW_@WSYOm@?OX??NYl@?XNVRV^@@nAb@zAh@rEdBZLGlBo@rA]R_@JMJNXoBtDET]nDI`@Sb@_@x@INEHMXGTABKX]t@QViBfEuBlFSh@iEmH_DyF}F{JsBoDqBkD_A_BAAACYe@jCcGfAeCt@aBJk@DINa@JYFQP_@LSVWl@oAR\Sd@	Click to Generate
S4	45	1			3	Busk Meadow Park (S4)	Shirecliffe Community Centre (S4)	Norwood and Bishopsholme Community Centre (S4)	3250	2438	{n~dIvj~G?@?lAEpBs@DO@M?yCN]@I?U@Y@G?oAJUBQ_AQcA[sA]kA_@_Ak@uAm@iATi@FKDENCf@KHAJCRCt@IHCJGbBgAF?LCLCPAHDFHXjALn@??Mo@YkAGIIEQ@MBMBG?cBfAKFIBu@HSBKBI@g@JOBEDGJUh@l@hAj@tA^~@\jAZrAPbAP~@TCnAKF?LAJ?TAH?\AxCOL?NAr@EnAGN?BlCCmCO?oAFs@DO@M?yCN]@I?U@Y@G?oAJUBQ_AQcA[sA]kA_@_Ak@uAm@iATi@FKDENCf@KHAJCRCt@IHCJGbBgAF?LCLCPA??HDFHXjALn@Mo@YkAGIIEQ@MBMBG?cBfAKFIBu@HSBKBI@g@JOBEDGJUh@l@hAj@tA^~@\jAZrAPbAP~@TCnAKF?XATAH?\AxCOL?NAr@EDqB?mA?A	Click to Generate
S4	20	1			3	Baltic Pearl (S4)	Travel & More (S4)	Aaliyah Mosque (S4)	1669	1252	kf{dIpawGHZ@JFXBh@DNb@nBBHHd@c@`@e@b@}@w@UU[e@kAgB][a@OOQkAgBt@_CZeABE?CPo@J]BBl@t@Z`@PT\b@^h@Xn@N`@Pd@L`@@JFXPENEREp@q@`@e@HI`@a@TSHSL_@DGHQBGNM@CFQDQJc@He@l@cDeBeAARSpCAF?D?D?DBxATCUB?CCuA?E?E?E@GRqC@SdBdAm@bDId@Kb@EPGPABAVAHCLINILKLSFURa@`@IHa@d@q@p@S\EDWVK[K]EOCMCMGq@Pd@BD	Click to Generate
S4	20	1			3	Shirecliffe Community Centre (S4)	Busk Meadow Park (S4)	Norwood and Bishopsholme Community Centre (S4)	1535	1151	{n~dIfm~GEpBs@DO@M?yCN]@I?U@K?M@G?oAJUBQ_AQcA[sA]kA_@_Ak@uAm@iATi@FKDENCf@KHAJCRCt@IHCJGbBgAF?LCLCPAHDFHXjALn@??Mo@YkAGIIE??Q@MBMBG?cBfAKFIBu@HSBKBI@g@JOBEDGJUh@l@hAj@tA^~@\jAZrAPbAP~@TCnAKF?XATAH?\AxCOL?NAr@EDqB	Click to Generate
S4	20	1			3	All Days (S4)	St. James Church (S4)	Tea and Cakes (S4)	1899	1424	w||dIzl{GJ[v@mBx@yBQa@aD_I_@aA^`ArD`Jy@xBw@lBSl@Qf@ITMZy@`CI\In@Iz@IlAO~CAl@FBFDFJFJRWJ]@IGY??FXAHK\SVGKGKGEGC@m@N_DHmAH{@Ho@H]x@aCL[HUPg@Rm@kAqCeAkCw@qB_AcCGHI\Ml@CRQDMHKFCHADCN?VBVFPb@jAb@dAJTKNt@zEBHDBD?DIp@gBdAqCjApCKZ	Click to Generate
S4	15	1			3	The Dream Lounge (S4)	J W Young (Butchers) Ltd (S4)	Illusionz (S4)	1325	994	yk{dIjyvG@@Z`@n@x@^h@Tf@BFN`@Pd@L`@@JFXBh@DNb@nBBHHd@iAdA}@w@UU[e@kAgB][a@OOQkAgBe@w@mAmBBtH@LXh@rAgEjAfBNP`@N\ZjAfBZd@TT|@v@hAeAIe@CIWkAKc@EOK[K]EOCMCMGq@Oa@Yo@_@i@o@y@[a@AA	Click to Generate
S4	30	1			3	Northern General Hospital (S4)	Northern Perk (S4)	Yours Food and Wine (S4)	2770	2078	am~dInm{GRMLKPM\[JMHSL_@Ji@Fi@@i@?w@@o@Ac@AQC[E[Oa@O[MMQOOGMGY?I@MDMH}@f@aD~A_@RWNeAp@aAl@MJ]RKLSXGFKFEBIDKBY@M@s@@C?E?w@BU@CR?R?L?H?L?H@N@p@?V?t@?P@^B`C?PB|@@FBFJBdACfBED?v@GPAB?F?NHXH@?h@A\?N?JFHFFRFT?@HNJTR^JV\l@LVNVb@|@LTLTBDP\^t@DFVf@DF@DBBDJ^|@DH`@q@BG@ARYlAgCd@_AFKHUHYF]Da@\_DDm@@q@@sBAeB?]@s@Bo@Dg@DWHo@JoA@@BAx@_@p@]hAi@h@WHENIBABEFOcA{BQ]AEQ_@QWOSEGEEQSMQYWIGQS_@]UQOICCSESEw@Cm@A}@?aAAAbAGjD?D?l@X?LFNFPNLLNZN`@DZBZ@P@b@An@?v@Ah@Gh@Kh@M^IRKL]ZQLMJSL	Click to Generate
S4	60	1			3	Sheffield Steel City Beer Festival 49 (S4)	St. James Church (S4)	All Days (S4)	6159	4619	_ozdIdi~G??QKA?C@A?A@CDABGf@SfBYjBO~@[vB]nB\oBj@wDXkBRgBFg@@CBE@A@?BA@?PJL?NCJEAKCg@?O?O@Q@Q@MN}BF{@Dq@@M@QB]Fa@[MSKICYMIEy@_@C?K?C@G@A@EBM@E?KAIAEAWCGAoACMAS@G@C@EDED_AvAEFWb@INCBCBC@SBeAVGBGBEBA@C@EBEBKH}ApAOJMFMFKDKBOBMBM@Q?m@EI?aBIsAEuBI}@KYMc@Wk@k@mBqBy@_A]_@UUEGW]GGiB}BMO]We@SUGQG_@EKAEAu@IGAGAOCOEICGCICq@[m@YGCOGOGIE]SGC]Ue@g@CCe@o@[g@CEWc@CEEIMWISOYWa@_@m@MS_@o@Ye@[q@Ue@EIa@}@Sc@u@aBa@aAEKPWBIHgB@]NqCP{DFBFDFJFJRWJ]@IGY??FXAHK\SVGKGKGEGC@m@N_DHmAH{@Ho@H]x@aCL[HUPg@Rm@v@mBx@yBQa@aD_I_@aA^`ArD`Jy@xBw@lBSl@Qf@ITMZy@`CI\In@Iz@IlAO~CAl@QzDOpCA\IfBCHQVDJ`@`At@`BRb@`@|@DHTd@Zp@Xd@^n@LR^l@V`@NXHRLVDHBDVb@BDZf@d@n@BBd@f@\TFB\RHDNFNFFBl@Xp@ZHBFBHBNDNBF@F@t@HD@J@^DPFTFd@R\VLNhB|BFFV\DFTT\^x@~@lBpBj@j@b@VXL|@JtBHrAD`BHH?l@DP?LALCNCJCJELGLGNK|AqAJIDCDCBA@ADCFCFCdAWRCBABCBCHOJNFDHDv@XJBH@F?F?H?FAFAHAHAHEHEJGJEHEFEBCDCDAJCJy@Be@Be@@c@@G?Q?k@?ICw@?]By@PeDNYFED?D?A\@X@\@TFh@D\BNFTHTL^DHd@hAFNBBLP@DHJHPBDBTHP@L?NCVG`@C\APALEp@Gz@O|BALAPAP?N?NBf@@JKDOBM?	Click to Generate
S4	60	1			3	Sheffield Steel City Beer Festival 2024 (SCBF48) (S4)	St. James Church (S4)	Scott Road Store (S4)	5420	4065	grzdIbs~GN_AXkBRgBFg@@CBE@A@?BA@?PJ??L?NCJEAKCg@?O?O@Q@Q@MN}BF{@Dq@@M@QB]Fa@[MSKICYMIEy@_@C?K?C@G@A@EBM@E?KAIAEAWCGAoACMAS@G@C@EDED_AvAEFWb@INCBCBC@SBeAVGBGBEBA@C@EBEBKH}ApAOJMFMFKDKBOBMBM@Q?m@EI?aBIsAEuBI}@KYMc@Wk@k@mBqBy@_A]_@UUEGW]GGiB}BMO]We@SUGQG_@EKAEAu@IGAGAOCOEICGCICq@[m@YGCOGOGIE]SGC]Ue@g@CCe@o@[g@CEWc@CEEIMWISOYWa@_@m@MS_@o@Ye@[q@Ue@EIa@}@Sc@u@aBa@aAEKPWBIHgB@]NqCP{DFBFDFJFJRWJ]@IGY??FXAHK\SVGKGKGEGC@m@N_DHmAH{@Ho@H]x@aCL[HUPg@FQJ[v@mBx@yBh@}ATu@b@oAj@Fd@JdAHvANbAJB?JBdBRVDP?HIHMBM??BKBYDaB@]Bm@?CBgA@[Bu@HGNIJCPCXj@rA|B|@`BFJNZDPBVDnA?L@ND|ADhABJDJHJd@X|Ax@DBtAp@HDd@XfAn@d@Z|BvA\TZRLJ@EBCBABABBBB@F?D?FCFCBC@?R?j@?X@T?DBNBNLb@FLVSDCHGVONGXGJ?LANAl@HJDJBl@XvBtAFBHDr@b@JH\TZP\R^JFDDBFFZ\LLBB`@f@RXb@`@XF@@DBFDB@d@XPHA`@CTAZGb@E`@I^I^ELa@rAANCR?JARAX?^@V?VDt@DJFXJb@BHNl@FPBL@F@J?VMn@QdAU~@IZEPCTCZAPARAPA\@X@\@TFh@D\BNFTHTL^DHd@hAFNBBLP@DHJHPBDBTHP@L?NCVG`@C\APALEp@Gz@O|BALAPAP?N?NBf@@JKDOBM?QKA?C@A?A@CDABGf@SfBYjBO~@	Click to Generate
S4	45	1			3	Busk Meadow Park (S4)	S. Ali's Off Licence (S4)	Norwood and Bishopsholme Community Centre (S4)	3106	2330	wx~dItq~GM@G?oAJUBQ_AQcA[sA]kA_@_Ak@uAm@iATi@FKDENCf@KHAJCRCt@IHCJGbBgAF?LCLCPAHDFHXjALn@??Mo@YkAGIIEQ@MBMBG?cBfAKFIBu@HSBKBI@g@JOBEDGJUh@IKOOEEIKB]Bo@D_A?UDeAH}BFgABWHu@Jw@VuAX{ADOTw@\gATk@HQPe@jApAd@j@l@t@DDZh@nAlC\jAZ~@L`@Nl@Ll@F\@FH^Jt@BX@F\vEJtADf@J|A@pA?lA??EpBs@DO@M?yCN]@I?U@Y@G?oAJUBQ_AQcA[sA]kA_@_Ak@uAm@iATi@FKDENCf@KHAJCRCt@IHCJGbBgAF?LCLCPA??HDFHXjALn@Mo@YkAGIIEQ@MBMBG?cBfAKFIBu@HSBKBI@g@JOBEDGJUh@l@hAj@tA^~@\jAZrAPbAP~@TCnAKF?LA	Click to Generate
S4	15	1			3	Illusionz (S4)	MyCigara (S4)	J W Young (Butchers) Ltd (S4)	1388	1041	ab{dIv~vGRp@a@d@q@p@S\EDWVDNJb@VjABHHd@iAdA}@w@UU[e@kAgBbAuCJ[DMPg@DIFQ_@i@o@y@[a@m@u@CCK\Qn@?BCD[dAu@~Be@w@mAmBBtH@LXh@rAgEt@_CZeABE?CPo@J]BBl@t@Z`@n@x@^h@Xn@N`@Pd@L`@@JFXPENEREp@q@`@e@Sq@	Click to Generate
S4	30	1			3	Norwood and Bishopsholme Community Centre (S4)	Busk Meadow Park (S4)	Northern Perk (S4)	2493	1870	c__eI|_}G\h@LPQd@IPUj@]fAUv@ENYzAWtAKv@It@CVGfAI|BEdA?TE~@Cn@C\HJDDNNHJTi@FKDENCf@KHAJCRCt@IHCJGbBgAF?LCLCPA??HDFHXjALn@??Mo@YkAGIIEQ@MBMBG?cBfAKFIBu@HSBKBI@g@JOBEDGJUh@IKOOEEIKB]Bo@D_A?UDeAH}BFgABWHu@Jw@VuAX{ADOTw@\gATk@HQPe@f@eATe@`@}@p@}AT]Za@XYx@q@p@m@v@w@r@s@d@u@R]FMb@w@DGR_@EIe@iACCAEEGWg@Wd@gAuBTg@LTBDP\^t@DFVf@DF@DBBDJ^|@DHLPGLEHKTIPWd@[`@SPa@Ts@r@w@v@q@l@y@p@YX[`@U\q@|Aa@|@Ud@g@dAMQ]i@	Click to Generate
S4	20	1			3	Lana Pizza (S4)	Oasis Academy Fir Vale (S4)	Fir Vale Pharmacy (S4)	1970	1478	{d~dInmzGOYIOEIIOOg@TVFFDBJLBRDTJd@BHJf@DTLf@DTLl@^\PRHFXVLP@]A[AQ?IIk@AOROSN@NHj@@Z@ZA\MQYWIGQS_@]Mm@EUMg@EUKg@CIKe@EUCSGe@AMKeAGq@??E]MaAMs@Ei@Eo@Cs@@o@Bm@@MB[@O?KPaDDw@Dy@mAmA}@tD]~ARNZTp@b@TPgAu@[USOMb@KVMLSLSJk@TUJGFgGpMGLCJ?JRlB\~CVCZCp@Cp@?rABjA@f@?`A@|@?l@@v@BRDJMFG@EBI@I?UEUKg@CIKU	Click to Generate
S4	45	1			3	Scott Road Store (S4)	Masjid Noor (S4)	All Days (S4)	3206	2404	c`}dIv_|GFXAHK\SVGKGKGEGC@m@N_DHmAH{@Ho@H]x@aCL[HUPg@Rm@v@mByDcK\i@]h@xDbKw@lBKZGPQf@ITMZy@`CI\In@Iz@IlAO~CAl@QzDOpCA\IfBCHQVo@uBQi@[gA{@}Ce@{ASo@M?S@Q@UFKDEBUNULb@dC??c@eCTMTODCJETGPARAL?Rn@d@zAz@|CZfAPh@n@tBPWBIHgB@]NqCP{D@m@N_DHmAH{@Ho@H]x@aCL[HUPg@Rm@v@mBx@yBQa@aD_I_@aA^`ArD`Jy@xBw@lBSl@Qf@ITMZy@`CI\In@Iz@IlAO~CAl@FBFDFJFJRWJ]@IGY	Click to Generate
S4	60	1			3	Crushing mill, Kelham Island, Sheffield (S4)	St. James Church (S4)	All Days (S4)	6159	4619	ymzdIvg~G@V@JKDOBM?QKA?C@A?A@CDABGf@SfBYjBk@vD]nB\oBj@wDF[PoARgBFg@@CBE@A@?BA@?PJL?NCJEAKCg@?O?O@Q@Q@MN}BF{@Dq@@M@QB]Fa@[MSKICYMIEy@_@C?K?C@G@A@EBM@E?KAIAEAWCGAoACMAS@G@C@EDED_AvAEFWb@INCBCBC@SBeAVGBGBEBA@C@EBEBKH}ApAOJMFMFKDKBOBMBM@Q?m@EI?aBIsAEuBI}@KYMc@Wk@k@mBqBy@_A]_@UUEGW]GGiB}BMO]We@SUGQG_@EKAEAu@IGAGAOCOEICGCICq@[m@YGCOGOGIE]SGC]Ue@g@CCe@o@[g@CEWc@CEEIMWISOYWa@_@m@MS_@o@Ye@[q@Ue@EIa@}@Sc@u@aBa@aAEKPWBIHgB@]NqCP{DFBFDFJFJRWJ]@IGY??FXAHK\SVGKGKGEGC@m@N_DHmAH{@Ho@H]x@aCL[HUPg@Rm@v@mBx@yBQa@aD_I_@aA^`ArD`Jy@xBw@lBSl@Qf@ITMZy@`CI\In@Iz@IlAO~CAl@QzDOpCA\IfBCHQVDJ`@`At@`BRb@`@|@DHTd@Zp@Xd@^n@LR^l@V`@NXHRLVDHBDVb@BDZf@d@n@BBd@f@\TFB\RHDNFNFFBl@Xp@ZHBFBHBNDNBF@F@t@HD@J@^DPFTFd@R\VLNhB|BFFV\DFTT\^x@~@lBpBj@j@b@VXL|@JtBHrAD`BHH?l@DP?LALCNCJCJELGLGNK|AqAJIDCDCBA@ADCFCFCdAWRCBABCBCHOJNFDHDv@XJBH@F?F?H?FAFAHAHAHEHEJGJEHEFEBCDCDAJCJy@Be@Be@@c@@G?Q?k@?ICw@?]By@PeDNYFED?D?A\@X@\@TFh@D\BNFTHTL^DHd@hAFNBBLP@DHJHPBDBTHP@L?NCVG`@C\APALEp@Gz@O|BALAPAP?N?N@N	Click to Generate
S4	20	1			3	Jamia Dar Ul Uloom Qadiria Jillania Centre (S4)	Oasis Academy Fir Vale (S4)	Fir Vale Academy (S4)	1504	1128	ob~dI`tzGVTPRHFXVLPPRDDDFNRJWTc@HK@K?IEUDT?HAJ_@n@KVOSEGEEQSMQYWIGQS_@]Mm@EUMg@EUKg@CIKe@EUCSGe@AMKeAGq@??E]MaAMs@Ei@Eo@Cs@@o@Bm@@MB[@O?KPaDF@l@Jv@NFa@D_@By@BIFAFBDRD^CFBTDVTvAALCNC@AQYPHxBXO??GiBBABO@MUwAEWCUIFM@GCE^G`@w@Om@KGAQ`D?JANCZALCl@An@Br@Dn@Dh@Lr@L`AD\Fp@JdA@LFd@BRDTJd@BHJf@DTLf@DTLl@FF	Click to Generate
S4	60	1			3	Masjid Umar (S4)	Osgathorpe Park (S4)	Scott Road Store (S4)	5009	3757	ig}dIv_{GBIJGLIPEBSLm@H]FI~@bCv@pBdAjCjApCSl@Qf@ITMZy@`CI\In@Iz@IlAO~CMIGGGM_EaNe@}AmBPKAIEIQq@kA}@hBLUn@sAp@jAHPHDDNX~@b@tA^nA?FCFMNmAlAa@mAo@cBo@aBCKCIOa@ISOa@PWBKCe@KeDIkCMoCOyAOyA[aCSgBc@_Ds@uFzBiANONUP[J]Hk@@MHa@@u@@y@Au@GiAE_@Cc@EUE_@Oy@]qApCeDAECS?Y@YDWPa@t@~A`A`B\|@@B`ArCRp@j@`BHT|@nC^xA]c@ESEEEEMBq@t@Xv@h@~AgCzCKWw@{B@KdCsCp@u@LCDDDDDR\b@Vz@bAbDx@jC~@pD|@dDH`@Hb@Rd@`@v@PXRTPB`@AF?XGHCHEJOTs@HWRm@l@cBHS~@mCFS`@gAVu@~@bBFHv@lAf@v@`AbBCx@Cd@Ct@AZCfA?BCl@A\E`BCXCJ??CLILIHQ?WEeBSKCC?cAKwAOeAIe@Kk@Gc@nAUt@i@|Ay@xBw@lBSl@Qf@HNIOPg@FQJ[kAqCeAkCw@qB_AcCGHI\Ml@CRQDMHKFCH	Click to Generate
S4	20	1			3	Khan Darbar (S4)	Accelerate (S4)	Aaliyah Mosque (S4)	1717	1288	oe{dIdewGCGK[K]EOCMCMGq@Oa@Yo@JaAPEt@OA]Ke@?G@GBM?CAOKGIGCTc@dCK`AGPWp@ELKZcAtC][a@OOQkAgBt@_CZeABE?CLe@BIJ]BBl@t@Z`@n@x@^h@Xn@N`@Pd@L`@@JFXPENEREp@q@`@e@HI`@a@TSHSL_@DGHQBGNM@CFQDQJc@He@l@cDeBeAARSpCAF?D?D?DBxATCUB?CCuA?E?E?E@GRqC@SdBdAm@bDId@Kb@EPGPABAVAHCLINILKLSFURa@`@IHa@d@q@p@S\EDWVBF	Click to Generate
S4	20	1			3	National Blinds (S4)	Aaliyah Mosque (S4)	J W Young (Butchers) Ltd (S4)	1769	1327	_j{dIr{vGRT^h@Xn@N`@Pd@L`@@JFXPELE@?REp@q@`@e@HI`@a@TSHSL_@DGHQBGNM@CFQDQJc@He@l@cDeBeAARSpCAF?D?D?DBxATCUB?CCuA?E?E?E@GRqC@SdBdAm@bDId@Kb@EPGPABAVAHCLINILKLSFURa@`@IHa@d@q@p@S\EDWVK[K]o@tAy@dBkAgB][a@OOQkAgBe@w@mAmBBtH@LXh@rAgEt@_CZeABE?CPo@J]BBl@t@Z`@Zb@	Click to Generate
S4	20	1			3	Sheffield Auto Spares (S4)	Illusionz (S4)	Aaliyah Mosque (S4)	1585	1189	ug{dIz~vGUg@_@i@o@y@[a@AAk@s@CCK\Qn@?BCD[dAu@~BjAfBNP`@N\ZjAfBZd@TT|@v@hAeAIe@CIWkAKc@EOK[BIBCPENEREp@q@`@e@HI`@a@TSHSL_@DGHQBGNM@CFQDQJc@He@l@cDeBeAARSpCAF?D?D?DBxATCUB?CCuA?E?E?E@GRqC@SdBdAm@bDId@Kb@EPGPABAVAHCLINILKLSFURa@`@IHa@d@q@p@S\EDWVK[K]EOCMCMGq@Oa@CG	Click to Generate
S4	20	1			3	Attercliffe Spice (S4)	Accelerate (S4)	Aaliyah Mosque (S4)	2066	1550	ch{dIj|vGGf@Xn@N`@Pd@L`@@JFXPENEREFIh@g@`@e@HI`@a@TSHSNQJIDCF?JLFFDFZROAM?KAKAQAM@SFURa@`@IHa@d@q@p@S\EDWVK[K]o@tAy@dBkAgB][a@OOQkAgBt@_CZeABE?CLe@BIJ]BBl@t@Z`@n@x@^h@Xn@N`@Pd@L`@@JFXPENEREp@q@`@e@HI`@a@TSHSL_@DGHQBGNM@CFQDQJc@He@l@cDeBeAARSpCAF?D?D?DBxATCUB?CCuA?E?E?E@GRqC@SdBdAm@bDId@Kb@EPGPABAVAHCLINILKLSFURa@`@IHa@d@q@p@S\EDWVK[K]EOCMCMGq@Oa@Yo@Fg@	Click to Generate
S4	30	1			3	Premier Doors (S4)	J W Young (Butchers) Ltd (S4)	Aaliyah Mosque (S4)	2121	1591	ij{dId{vG\b@^h@Xn@N`@Pd@BDHZ@JFXBh@DNb@nBBHHd@iAdA}@w@UU[e@kAgB][a@OOQkAgBe@w@mAmBBtH@LXh@rAgEt@_CZeABE?CPo@J]BBl@t@Z`@n@x@^h@Xn@N`@Pd@L`@@JFXPENEREp@q@`@e@HI`@a@TSHSL_@DGHQBGNM@CFQDQJc@He@l@cDeBeAARSpCAF?D?D?DBxATCUB?CCuA?E?E?E@GRqC@SdBdAm@bDId@Kb@EPGPABAVAHCLINILKLSFURa@`@IHa@d@q@p@S\EDWVK[K]EOCMCMGq@Oa@Yo@_@i@]c@	Click to Generate
S4	20	1			3	Jamia Dar Ul Uloom Qadiria Jillania Centre (S4)	Oasis Academy Fir Vale (S4)	Fir Vale Academy (S4)	1504	1128	ec~dIlrzGLj@^\PRHFXVLPPRDDDFNRJWTc@HK@K?IEUDT?HAJ_@n@KVOSEGEEQSMQYWIGQS_@]Mm@EUMg@EUKg@CIKe@EUCSGe@AMKeAGq@??E]MaAMs@Ei@Eo@Cs@@o@Bm@@MB[@O?KPaDF@l@Jv@NFa@D_@By@BIFAFBDRD^CFBTDVTvAALCNC@AQYPHxBXO??GiBBABO@MUwAEWCUIFM@GCE^G`@w@Om@KGAQ`D?JANCZALCl@An@Br@Dn@Dh@Lr@L`AD\Fp@JdA@LFd@BRDTJd@BHJf@DTLf@DT?@	Click to Generate
S4	60	1			3	Sheffield Steel City Beer Festival 49 (S4)	St. James Church (S4)	All Days (S4)	6159	4619	unzdIdi~GI?QKA?C@A?A@CDABGf@SfBYjBO~@[vB]nB\oBj@wDXkBRgBFg@@CBE@A@?BA@?PJL?NCJEAKCg@?O?O@Q@Q@MN}BF{@Dq@@M@QB]Fa@[MSKICYMIEy@_@C?K?C@G@A@EBM@E?KAIAEAWCGAoACMAS@G@C@EDED_AvAEFWb@INCBCBC@SBeAVGBGBEBA@C@EBEBKH}ApAOJMFMFKDKBOBMBM@Q?m@EI?aBIsAEuBI}@KYMc@Wk@k@mBqBy@_A]_@UUEGW]GGiB}BMO]We@SUGQG_@EKAEAu@IGAGAOCOEICGCICq@[m@YGCOGOGIE]SGC]Ue@g@CCe@o@[g@CEWc@CEEIMWISOYWa@_@m@MS_@o@Ye@[q@Ue@EIa@}@Sc@u@aBa@aAEKPWBIHgB@]NqCP{DFBFDFJFJRWJ]@IGY??FXAHK\SVGKGKGEGC@m@N_DHmAH{@Ho@H]x@aCL[HUPg@Rm@v@mBx@yBQa@aD_I_@aA^`ArD`Jy@xBw@lBSl@Qf@ITMZy@`CI\In@Iz@IlAO~CAl@QzDOpCA\IfBCHQVDJ`@`At@`BRb@`@|@DHTd@Zp@Xd@^n@LR^l@V`@NXHRLVDHBDVb@BDZf@d@n@BBd@f@\TFB\RHDNFNFFBl@Xp@ZHBFBHBNDNBF@F@t@HD@J@^DPFTFd@R\VLNhB|BFFV\DFTT\^x@~@lBpBj@j@b@VXL|@JtBHrAD`BHH?l@DP?LALCNCJCJELGLGNK|AqAJIDCDCBA@ADCFCFCdAWRCBABCBCHOJNFDHDv@XJBH@F?F?H?FAFAHAHAHEHEJGJEHEFEBCDCDAJCJy@Be@Be@@c@@G?Q?k@?ICw@?]By@PeDNYFED?D?A\@X@\@TFh@D\BNFTHTL^DHd@hAFNBBLP@DHJHPBDBTHP@L?NCVG`@C\APALEp@Gz@O|BALAPAP?N?NBf@@JKDOBC?	Click to Generate
S4	20	1			3	Bit Of Everything (S4)	Travel & More (S4)	J W Young (Butchers) Ltd (S4)	1519	1139	{f{dI~cwG_@x@y@dBZd@TT|@v@hAeAIe@CIc@oBEOK[BIBCPENEREp@q@`@e@a@wALd@Rp@a@d@q@p@S\EDWVK[K]EOCMCMGq@Oa@Yo@_@i@]c@QU[a@m@u@CCK\Qn@?BCD[dAu@~BsAfEYi@AMCuHlAlBd@v@jAfBNP`@N\ZjAfBZd@TT|@v@hAeAIe@CIc@oBEOK[K]OZ	Click to Generate
S4	30	1			3	S. Ali's Off Licence (S4)	Busk Meadow Park (S4)	Norwood and Bishopsholme Community Centre (S4)	2530	1898	{u~dI~}~GLNPp@DEH@FFpAr@NeAR_BPeBHuA@]H}ABaADqB???mAAqAr@QXIl@OHGJGV[P[BX?PEdAAJEnACrAArAq@B]BO?oAFs@DO@M?yCN]@I?U@Y@G?oAJUBQ_AQcA[sA]kA_@_Ak@uAm@iATi@FKDENCf@KHAJCRCt@IHCJGbBgAF?LCLCPAHDFHXjALn@??Mo@YkAGIIE??Q@MBMBG?cBfAKFIBu@HSBKBI@g@JOBEDGJUh@l@hAj@tA^~@\jAZrAPbAP~@TCnAKF?XATAH?\AxCOL?NAr@EC`AI|AA\ItAQdBS~AOdAc@bCaBuAZeBQq@MO	Click to Generate
S4	20	1			3	Wood Hill Grange (S4)	Osgathorpe Park (S4)	Corner Cabin (S4)	1753	1315	qq}dIrvyGUaCQJE_@Cc@EUE_@Oy@]qApCeDAECS?Y@YDWPa@t@~A`A`B\|@@B`ArCRp@Z~@N`@HT|@nC^xA]c@ESEEEEMBq@t@Xv@h@~AgCzCKWw@{B@KdCsCp@u@LCDDDDDR\b@_@yA}@oCIUk@aBSq@aAsCAC]}@aAaBg@cAM[Q`@EVAX?XBR@DqCdD\pANx@D^DTBb@D^PKT`C	Click to Generate
S4	45	1			3	Northern General Hospital (S4)	Northern Perk (S4)	St Cuthberts (S4)	3403	2552	_o~dIdk{G???IBCFAH?FBB?R@H?F?DFJXDVPM\[JMHSL_@Ji@Fi@@i@?w@@o@Ac@AQC[E[Oa@O[MMQOOGMGY?I@MDMH}@f@aD~A_@RWNeAp@aAl@MJ]RKLSXGFKFEBIDKBY@M@s@@C?E?w@BU@CR?R?L?H?L?H@N@p@?V?t@?P@^B`C?PB|@@FBFJBdACfBED?v@GPAB?F?NHXH@?h@A\?N?JFHFFRFT?@HNJTR^JV\l@LVNVb@|@LTLTBDP\^t@DFVf@DF@DBBDJ^|@DH`@q@BG@ARYlAgCd@_AFKHUHYF]Da@\_DDm@@q@@sBAeB?]@s@Bo@Dg@DWHo@JoA@]@g@@_@@kB@uB?{@@mA?MAQAOEWMm@EUMg@EUKg@CIKUOYIOEIIOOg@Sa@aEiIUc@O]Ua@]u@GFgGpMGLCJ?JRlB\~CVCZCp@Cp@?rABjA@f@?AbAGjD?D?l@X?LFNFPNLLNZN`@DZBZ@P@b@An@?v@Ah@Gh@Kh@M^IRKL]ZQLEWKYEGG?I?SAC?ENEFM?CC?G	Click to Generate
S4	20	1			3	Wood Hill Lodge (S4)	Whiteways Primary School (S4)	Corner Cabin (S4)	2067	1550	mg}dIrqyGN`@HT|@nCVbAFTVz@bAbDx@jC~@pD|@dDH`@Hb@]f@\g@Ic@Ia@}@eD_AqDy@kCcAcDW{@_@yA}@oCIUk@aBSq@aAsCAC]}@aAaBu@_BQ`@EVAX?XBR@DqCdD\pANx@D^DTBb@D^PKT`CVxCBFD@EACGm@{GQJE_@Cc@EUE_@Oy@]qApCeDAECS?Y@YDWPa@LZf@bA`A`B\|@@B`ArCRp@Z~@	Click to Generate
S4	30	1			3	Whiteways Primary School (S4)	Osgathorpe Park (S4)	Corner Cabin (S4)	2794	2096	ye}dIjuyGY_AIUk@aBSq@aAsCAC]}@aAaBu@_BQ`@EVAX?XBR@DqCdD\pANx@D^DTBb@D^PKT`CVxCBFD@EACGm@{GQJE_@Cc@EUE_@Oy@]qApCeDAECS?Y@YDWPa@t@~A`A`B\|@@B`ArCRp@j@`BHT|@nC^xA]c@ESEEEEMBq@t@Xv@h@~AgCzCKWw@{B@KdCsCp@u@LCDDDDDR\b@_@yA}@oCIUk@aBSq@aAsCAC]}@aAaBu@_BUk@M[Qk@Mk@Ky@OcAM}@OeAT_@Pd@n@fBVl@Rh@n@zAa@pASl@LZf@bA`A`B\|@@B`ArCRp@j@`BHTX~@	Click to Generate
S4	20	1			3	Wood Hill Grange (S4)	Whiteways Primary School (S4)	Osgathorpe Park (S4)	1873	1405	}c}dI~yyGWcA}@oCIUOa@[_ASq@aAsCAC]}@aAaBu@_BQ`@EVAX?XBR@DqCdD\pANx@D^DTBb@D^PKT`CVxCBFD@EACGm@{GQJE_@Cc@EUE_@Oy@]qApCeDAECS?Y@YDWPa@t@~A`A`B\|@@B`ArCRp@j@`BHT|@nC^xA]c@ESEEEEMBq@t@Xv@h@~AgCzCKWw@{B@KdCsCp@u@LCDDDDDR\b@GU	Click to Generate
S4	30	1			3	Lana Pizza (S4)	Masjid Umar (S4)	St Cuthberts (S4)	2310	1732	i{}dIl`{GNIBABEFOcA{BQ]AEQ_@QWOSEGEEQS@]A[AQ?IIk@AOROSN@NHj@@Z@ZA\PRDDDFNRPVP^@DP\bAzBfA~B`BpD`@hARj@N`@HRN`@BHBJn@`Bn@bB`@lAlAmALOBG?G_@oAc@uAY_AEOIEIQq@kA}@hBLUn@sAp@jAHPHDDNX~@b@tA^nA?FCFMNmAlAa@mAo@cBo@aBCKCIOa@ISOa@Sk@a@iAaBqDgA_CcA{BQ]AEQ_@QWOSEGEEQSMQYWIGQS_@]Mm@EUMg@EUKg@CIKUOYIOEIIOOg@TVFFDBJLBRDTJd@BHJf@DTLf@DTLl@^\PRHFXVLPPRDDDFNRPVP^@DP\bAzBGNCDC@OH	Click to Generate
S4	20	1			3	Traditional Therapy (S4)	Aaliyah Mosque (S4)	Accelerate (S4)	1948	1461	ud{dI~cwG??EDWVK[K]EOCMCMGq@Oa@Yo@_@i@o@y@d@_CPL\TH]^Tc@dCCXGf@Xn@N`@Pd@L`@@JFXPENEREp@q@`@e@HI`@a@TSHSL_@DGHQBGNM@CFQDQJc@He@l@cDeBeAARSpCAF?D?D?DBxATCUB?CCuA?E?E?E@GRqC@SdBdAm@bDId@Kb@EPGPABAVAHCLINILKLSFURa@`@IHa@d@q@p@S\EDWVK[K]o@tAy@dBkAgB][a@OOQkAgBt@_CZeABE?CLe@BIJ]BBl@t@Z`@n@x@^h@Xn@N`@Pd@L`@@JFXPENERES\	Click to Generate
S4	20	1			3	New Roomstyle (S4)	Attercliffe News & Booze (S4)	Baltic Pearl (S4)	1541	1156	u~zdI~xvGCuA?E?E?E@GRqC@SdBdAm@bDId@Kb@EPGPABAVAHCLINILKLSFURa@`@IHa@d@q@p@S\EDWVK[K]EOCMCMGq@GQGOYo@_@i@o@y@[a@TcAMj@GVZ`@n@x@^h@GPWp@ELKZcAtCjAfBZd@TT|@v@d@c@b@a@Ie@CIc@oBEOK[BIBCPENEREp@q@`@e@HI`@a@TSHSL_@DGHQBGNM@CFQDQJc@He@l@cDeBeAARSpCAF?D?D?DBtA	Click to Generate
S4	15	1			3	Traditional Therapy (S4)	J W Young (Butchers) Ltd (S4)	Illusionz (S4)	1321	991	ym{dIzxvGBIJ]BBl@t@Z`@d@_CPL\TH]^Tc@dCCXGf@GPWp@ELKZcAtC][a@OOQkAgBe@w@mAmBBtH@LXh@rAgEjAfBNP`@N\ZjAfBZd@TT|@v@hAeAIe@CIWkAKc@EOK[K]EOCMCMGq@Oa@Yo@_@i@o@y@[a@m@u@CCK\CH	Click to Generate
S4	15	1			3	Lustrous Furniture (S4)	J W Young (Butchers) Ltd (S4)	Illusionz (S4)	1312	984	el{dI|xvGLNZ`@n@x@^h@JaATEp@OA]Ke@?G@GBM?CAOKGIGCTc@dCK`AGPWp@ELKZcAtC][a@OOQkAgBe@w@mAmBBtH@LXh@rAgEjAfBNP`@N\ZjAfBZd@TT|@v@hAeAIe@CIWkAKc@EOK[K]EOCMCMGq@Oa@Yo@_@i@o@y@[a@MO	Click to Generate
S4	45	1			3	PDSA (S4)	Eye of Needle (S4)	Colourcraft Limited (S4)	3731	2798	am|dIdxwGw@BKBEBCBc@`@u@wAWQIOS[GIYa@S]KUIOJYFQP_@LSVWl@oAR\Sd@??Re@S]m@nAQn@Ub@CFIPR\b@t@DFJBNCHI@?JMNMfA_CDIDGDADADAD@D@lBr@xGdCLD|@\@@JBfBz@hA^f@NhAd@|@Z_@vC{Ai@oAc@AAW_@WSYOm@?OX??NYl@?XNVRV^@@nAb@zAh@^wC}@[iAe@g@OiA_@gB{@KCAA}@]MEyGeCmBs@EAEAE@E@E@EFEHgA~BM`@GLABMHM@WBGIYa@KCKAI?G?O?QXu@`BgAdCkCbGXd@@B@@~@~ApBjDrBnD|FzJ~CxF~@qBv@gBeA}Az@qBDi@Bc@@W@u@@I@G@IBGa@q@S]GKIOO_@CIKq@Mc@Ms@WyAKa@K]Oc@Oe@]_Aa@s@KOaAoBa@y@b@a@BCDCJCv@C	Click to Generate
S4	20	1			3	Scott Road Store (S4)	Tea and Cakes (S4)	St. James Church (S4)	1631	1223	ky|dItc{GP`@y@xBw@lBSl@Qf@HNIOPg@FQJ[kAqCeAkCw@qB_AcCGHI\Ml@CRQDMHKFCHADCN?VBVFPb@jAb@dAJTKNt@zEBHDBD?DIp@gBdAqCjApCSl@Qf@ITMZy@`CI\In@Iz@IlAO~CAl@FBFDFJFJRWJ]@IGY??FXAHK\SVGKGKGEGC@m@N_DHmAH{@Ho@H]x@aCL[HUPg@Rm@v@mBx@yBQa@	Click to Generate
S4	45	1			3	Le Bon Vin (S4)	PDSA (S4)	J W Young (Butchers) Ltd (S4)	3528	2646	s~{dIx{wGNYl@?XNVRV^@@nAb@zAh@^wC}@[iAe@g@OiA_@gB{@KCAA}@]MEyGeCmBs@EAEAE@E@E@EFEHgA~BM`@GLABMH@XLh@t@vA`@x@`AnBJNPWBAPWUXQVKOaAoBa@y@u@wAWQIOS[GIYa@S]KUIOJYFQP_@LSVWl@oAR\Sd@??Re@S]Xo@f@eAv@gBdA}Br@aBJWXs@Tu@\eAb@kAfA{C`ByEJ[n@wBVu@DKL]^h@@BJLNTFHJP^h@FL`@p@j@|@R^LRBDBDV\nAfBx@dAZ^JP\^FFFHx@~@K\Qn@?BCD[dAu@~BsAfEYi@AMCuHlAlBd@v@jAfBNP`@N\ZjAfBGx@Q~BADIfBAt@i@rBg@hAk@|Ao@Ki@SgA]_@vC{Ai@oAc@AAW_@WSYOm@?OX	Click to Generate
S4	15	1			3	The Carlton Hotel (S4)	Bit Of Everything (S4)	J W Young (Butchers) Ltd (S4)	1401	1051	gi{dIn|vGZb@GPWp@ELKZcAtCjAfBZd@TT|@v@hAeAIe@CIc@oBAGCGK[BIBCPENEREp@q@`@e@a@wALd@Rp@a@d@q@p@S\EDWVK[K]o@tAy@dBkAgB][a@OOQkAgBe@w@mAmBBtH@LXh@rAgEt@_CZeABE?CPo@J]BBl@t@Z`@n@x@BD	Click to Generate
S4	30	1			3	New Roomstyle (S4)	J W Young (Butchers) Ltd (S4)	Aaliyah Mosque (S4)	2203	1652	ok{dItxvGGVZ`@n@x@^h@Xn@FNFPPd@L`@@JFXBh@DNb@nBBHHd@iAdA}@w@UU[e@kAgB][a@OOQkAgBe@w@mAmBBtH@LXh@rAgEt@_CZeABE?CPo@J]BBl@t@Z`@n@x@^h@Xn@N`@Pd@L`@@JFXPENEREp@q@`@e@HI`@a@TSHSL_@DGHQBGNM@CFQDQJc@He@l@cDeBeAARSpCAF?D?D?DBxATCUB?CCuA?E?E?E@GRqC@SdBdAm@bDId@Kb@EPGPABAVAHCLINILKLSFURa@`@IHa@d@q@p@S\EDWVK[K]EOCMCMGq@Oa@Yo@_@i@o@y@[a@FW	Click to Generate
S4	20	1			3	Traditional Therapy (S4)	Aaliyah Mosque (S4)	Accelerate (S4)	1959	1469	yc{dIvbwGGHS\EDWVK[K]EOCMCMGq@Oa@Yo@_@i@o@y@d@_CPL\TH]^Tc@dCCXGf@Xn@N`@Pd@L`@@JFXPENEREp@q@`@e@HI`@a@TSHSL_@DGHQBGNM@CFQDQJc@He@l@cDeBeAARSpCAF?D?D?DBxATCUB?CCuA?E?E?E@GRqC@SdBdAm@bDId@Kb@EPGPABAVAHCLINILKLSFURa@`@IHa@d@q@p@S\EDWVK[K]o@tAy@dBkAgB][a@OOQkAgBt@_CZeABE?CLe@BIJ]BBl@t@Z`@n@x@^h@Xn@N`@Pd@L`@@JFXPENEREFI	Click to Generate
S4	30	1			3	JBM Automotive (S4)	Wood Hill Lodge (S4)	Wood Hill Grange (S4)	2938	2204	sq|dItpyG???KAKCK_@i@S[EMCYCMIQ_BrDk@tArA`ClBbDh@uAJUJKHCLAJBNFLPtBxDMj@Lk@qAaCc@w@MQOGKCM@IBKJKTi@tAf@v@nBjDDHJRVd@Wt@a@fAGR_AlCIRm@bBSl@IVUr@KNIDIBYFG?a@@QCSUQYa@w@Se@Ic@Ia@}@eD_AqDy@kCcAcDW{@GUWcA}@oCIUOa@[_ASq@aAsCAC]}@aAaBu@_BUk@M[Qk@Mk@Ky@OcAM}@OeAT_@h@mAdAuBXx@@F|BzFfBxDrAbClArBT\BDdAlBjCpEfAjBDHj@uA~AsDHPBLBXDLRZ^h@BJ@J?J??	Click to Generate
S4	20	1			3	Premier Doors (S4)	Travel & More (S4)	Aaliyah Mosque (S4)	1807	1355	_e{dInkwGe@b@}@w@UU[e@kAgBbAuCJ[DMVq@FQXn@N`@Pd@BDHZ@JFXPENERES\EDWVK[K]EOCMCMGq@Oa@Yo@_@i@]c@QUd@_CPL\TH]^Tc@dCK`AXn@N`@Pd@L`@@JFXPENEREp@q@`@e@HI`@a@TSHSL_@DGHQBGNM@CFQDQJc@He@l@cDeBeAARSpCAF?D?D?DBxATCUB?CCuA?E?E?E@GRqC@SdBdAm@bDId@Kb@EPGPABAVAHCLINILKLSFURa@`@IHa@d@q@p@S\EDWVDNb@nBBHHd@c@`@	Click to Generate
S4	20	1			3	National Blinds (S4)	Aaliyah Mosque (S4)	J W Young (Butchers) Ltd (S4)	1770	1328	si{dI`|vGFF^h@Xn@N`@Pd@L`@@JFXPELE@?REp@q@`@e@HI`@a@TSHSL_@DGHQBGNM@CFQDQJc@He@l@cDeBeAARSpCAF?D?D?DBxATCUB?CCuA?E?E?E@GRqC@SdBdAm@bDId@Kb@EPGPABAVAHCLINILKLSFURa@`@IHa@d@q@p@S\EDWVK[K]o@tAy@dBkAgB][a@OOQkAgBe@w@mAmBBtH@LXh@rAgEt@_CZeABE?CPo@J]BBl@t@Z`@f@p@	Click to Generate
S4	15	1			3	Warty Lounge (S4)	Momento (S4)	J W Young (Butchers) Ltd (S4)	1434	1076	ab{dIv~vGRp@a@d@q@p@S\EDWVK[K]OZ_@x@y@dBkAgBbAuCJ[DMVq@FQJaAN{@RiA_@UI\]UQMe@~B[a@m@u@CCK\Qn@?BCD[dAu@~Be@w@mAmBBtH@LXh@rAgEt@_CZeABE?CPo@J]BBl@t@Z`@n@x@^h@Xn@N`@Pd@L`@@JFXPENEREp@q@`@e@Sq@	Click to Generate
S4	20	1			3	Norwood and Bishopsholme Community Centre (S4)	Shirecliffe Community Centre (S4)	Kaya Hair & Beauty (S4)	1888	1416	ev~dIp`~GMo@YkAGIIE??Q@MBMBG?cBfAKFIBu@HSBKBI@g@JOBEDGJUh@l@hAj@tA^~@\jAZrAPbAP~@TCnAKF?LAJ?TAH?\AxCOL?NAr@EDqB?mAAqA\ITGXIl@OHGJGV[P[BX?PEdAAJEnACrAArAq@B]BO?oAFs@DO@M?yCN]@I?U@Y@G?oAJUBQ_AQcA[sA]kA_@_Ak@uAm@iATi@FKDENCf@KHAJCRCt@IHCJGbBgAF?LCLCPAHDFHXjALn@	Click to Generate
S4	45	1			3	La Piazza (S4)	Eye of Needle (S4)	Colourcraft Limited (S4)	3559	2669	qn|dIhxwGG?KBEBCBc@`@u@wAWQIOS[GIYa@S]KUIOJYFQP_@LSVWHTBLD`@e@x@DK^m@FrAFn@HI@?JMNMfA_CDIDGDADADAD@D@lBr@xGdCLD|@\@@JBfBz@hA^f@NhAd@|@Z_@vC{Ai@oAc@AAW_@WSYOm@?OX??NYl@?XNVRV^@@nAb@zAh@^wC}@[iAe@g@OiA_@gB{@KCAA}@]MEyGeCmBs@EAEAE@E@E@EFEHgA~BM`@GLABMHM@WBGIYa@KCKAI?G?O?QXu@`BgAdCkCbGXd@@B@@~@~ApBjDrBnD|FzJ~CxF~@qBv@gBeA}Az@qBDi@Bc@@W@u@@I@G@IBGa@q@S]GKIOO_@CIKq@Mc@Ms@WyAKa@K]Oc@Oe@]_Aa@s@KOaAoBa@y@b@a@BCDCJCF?	Click to Generate
S4	45	1			3	La Piazza (S4)	City Motor Factors (S4)	Corner Cabin (S4)	3831	2873	y||dI`hxG_A_BAAACYe@jCcGfAeCt@aBJk@DINa@JYFQP_@LSVWHTBLD`@e@x@DK^m@FrAFn@@V@XLh@t@vAb@a@BCDCJCF?jAEJ?J@^H_@IKAK?sADKBEBCBc@`@u@wAWQIOS[GIYa@KCKAI?G?O?QXu@`BgAdCkCbGYe@mF_B_Be@MGKKIREL{@vBmBjEBF~@~BeAtBi@lAU^NdAL|@NbAJx@Lj@Pj@LZTj@LZf@bA`A`B\|@@B`ArCRp@j@`BHT|@nC^xAVz@bAbDx@jC~@pD|@dDH`@Hb@Rd@`@v@PXRTPB`@AF?XGHCHEJOTs@HWRm@l@cBHS~@mCFS`@gAVu@Ri@nF_PPa@Tg@Te@iEmH_DyF}F{JsBoDqBkD	Click to Generate
S4	30	1			3	Wood Hill Grange (S4)	Whiteways Primary School (S4)	Wood Hill Lodge (S4)	2619	1964	io}dIdbyGf@bA`A`B\|@@B`ArCRp@Z~@N`@HTt@y@u@x@IUk@aBSq@aAsCAC]}@aAaBu@_BQ`@EVAX?XBR@DqCdD\pANx@D^DTBb@D^PKT`CVxCBFD@EACGm@{GQJE_@Cc@EUE_@Oy@]qApCeDAECS?Y@YDWPa@t@~A`A`B\|@@B`ArCRp@j@`BHT|@nCVbAFTVz@bAbDx@jC~@pD|@dDH`@Hb@]f@\g@Ic@Ia@}@eD_AqDy@kCcAcDW{@_@yA}@oCIUk@aBSq@aAsCAC]}@aAaBg@cA	Click to Generate
S4	30	1			3	Masjid Umar (S4)	Masjid Noor (S4)	St. James Church (S4)	2293	1720	uq}dIb{{GAN?JFVLt@@DADEDSNCLAV\Ar@?l@?DBDDBJDCJETGPARAL?YcAEOk@uBSs@lAmALOBG?G_@oAc@uAY_AEOIEIQq@kA}@hBLUn@sAp@jAHPHDDNX~@b@tA^nA?FCFMNmAlARr@j@tBDNXbAM?S@Q@UFKDEBUNULb@dC??c@eCTMTODCJETGPARAL?Rn@d@zAz@|CZfAPh@n@tBPWBIHgB@]NqCP{DFBFDFJFJRWJ]@IGY??FXAHK\SVGKGKGEGCQzDOpCA\IfBCHQVo@uBQi@[gA{@}Ce@{ASo@M?S@Q@UFKDEBCKEEECm@?s@?]@@WBMRODE@EAEMu@GW?K@O	Click to Generate
S4	60	1			3	Steel sign for Kelham Island Museum (S4)	St. James Church (S4)	Scott Road Store (S4)	5353	4015	oqzdIfp~GPoARgBFg@@CBE@A@?BA@?PJL?NCJEAKAWAO?O?O@Q@Q@MN}BF{@Dq@@M@QB]Fa@[MSKICYMIEy@_@C?K?C@G@A@EBM@E?KAIAEAWCGAoACMAS@G@C@EDED_AvAEFWb@INCBCBC@SBeAVGBGBEBA@C@EBEBKH}ApAOJMFMFKDKBOBMBM@Q?m@EI?aBIsAEuBI}@KYMc@Wk@k@mBqBy@_A]_@UUEGW]GGiB}BMO]We@SUGQG_@EKAEAu@IGAGAOCOEICGCICq@[m@YGCOGOGIE]SGC]Ue@g@CCe@o@[g@CEWc@CEEIMWISOYWa@_@m@MS_@o@Ye@[q@Ue@EIa@}@Sc@u@aBa@aAEKPWBIHgB@]NqCP{DFBFDFJFJRWJ]@IGY??FXAHK\SVGKGKGEGC@m@N_DHmAH{@Ho@H]x@aCL[HUPg@FQJ[v@mBx@yBh@}ATu@b@oAj@Fd@JdAHvANbAJB?JBdBRVDP?HIHMBM??BKBYDaB@]Bm@?CBgA@[Bu@HGNIJCPCXj@rA|B|@`BFJNZDPBVDnA?L@ND|ADhABJDJHJd@X|Ax@DBtAp@HDd@XfAn@d@Z|BvA\TZRLJ@EBCBABABBBB@F?D?FCFCBC@?R?j@?X@T?DBNBNLb@FLVSDCHGVONGXGJ?LANAl@HJDJBl@XvBtAFBHDr@b@JH\TZP\R^JFDDBFFZ\LLBB`@f@RXb@`@XF@@DBFDB@d@XPHA`@CTAZGb@E`@I^I^ELa@rAANCR?JARAX?^@V?VDt@DJFXJb@BHNl@FPBL@F@J?VMn@QdAU~@IZEPCTCZAPARAPA\@X@\@TFh@D\BNFTHTL^DHd@hAFNBBLP@DHJHPBDBTHP@L?NCVG`@C\APALEp@Gz@O|BALAPAP?N?NBf@@JKDOBM?QKA?C@A?A@CDABGf@SfBQnA	Click to Generate
S4	60	1			3	Hillsborough Barracks Memorial (S4)	Watercliffe Meadow Community Primary School (S4)	S. Ali's Off Licence (S4)	8777	6583	{__eIvaaH?dBBD@N}@nB]v@GKSe@[k@k@gAYg@[i@i@y@GIo@_Aq@u@SYOzAMzAIpBC`BCrAGzF?B?NAzB@f@BZ@FNv@Jj@Nh@Rl@p@tAf@x@d@hA^lAXhAJh@Lh@n@lCX|AD\Lx@Hf@Ff@VjBv@hGHl@DZJp@D`@PtAFf@FZP|AJLFHRLF@j@Ul@Sb@Sn@Y|Ao@ZMbA]FCVKZKTIlAa@fBc@dAUDAFATE\Gj@MjASp@QFAt@St@Or@Sb@KFEXIVMXKHGJIJIHIBCPOEQCQ?YBc@@IFc@Jm@BSFS?I?O?W?]?SAWA_@Ce@AWAMCe@CSC_@Ec@CMCMEMQe@KWo@cBo@aBM[{BqFSe@IMGIEEGEIEICI?GAG@E@G@GBgC|AGDEDGFCDEHCDc@jAEDA@A?C?C?AAECi@m@EEACCG?G?G@I?CH]@M??ALI\?BAH?F?FBF@BDDh@l@DB@@B?B?@?@ADEb@kABEDIBEFGDEFEfC}AFCFADAFAF@H?HBHDFDDDFHHLRd@zBpFLZn@`Bn@bBJVPd@DLBLBLDb@B^BRBd@@L@VBd@@^@V?R?\?V?N?H@T?J?L@L@HD\HHDNBLDXBX?b@MNIJQPGDMFIFIDy@Zo@R{@Vk@Nu@Pc@NE@gAVcATy@PQDE?G@[FWFUDKB{@PoA^SFSFODMB_@LSHo@T]NOH_A^q@Xs@ZOD]Ru@ZUL[GCAMOCSEi@Q}AG[Gg@QuAEa@Kq@E[Im@w@iGWkBGg@Ig@My@E]Y}Ao@mCMi@Ki@YiA_@mAe@iAg@y@q@uASm@Oi@Kk@Ow@AGC[Ag@@{B?O?CF{FBsABaBHqBL{AN{AF]Ha@Pi@JYNWb@}@v@yAv@sAd@_AN_@Z_AP_Ap@{Et@{ENiAN_ADYBKVsBJ_ADk@Bk@?{@GgAXIrAc@J?N?JFJFhBtBZkAFW\eBaBuAZeBQq@MO??LNPp@DEH@FFpAr@NeAR_BPeBHuA@]H}ABaADqB???mAAqAr@QXIl@OHGJGV[P[BX?PEdAAJEnACrAArAq@B]BO?oAFs@DO@M?yCN]@I?U@Y@G?oAJUB_@Ji@Ra@R]Re@^o@r@Qb@IT?L?DBNBLNd@hAlB\f@\l@Vl@Pd@Lp@Jr@Hz@FfA?z@Cj@Ej@K~@WrBCJEXO~@OhAu@zEq@zEQ~@[~@O^e@~@w@rAw@xAc@|@OVKXQh@I`@G\RXp@t@n@~@FHh@x@Zh@Xf@j@fAZj@Rd@FJ\w@|@oBAOCE?eB	Click to Generate
S4	45	1			3	Le Bon Vin (S4)	PDSA (S4)	J W Young (Butchers) Ltd (S4)	3528	2646	s~{dIx{wGNYl@?XNVRV^@@nAb@zAh@^wC}@[iAe@g@OiA_@gB{@KCAA}@]MEyGeCmBs@EAEAE@E@E@EFEHgA~BM`@GLABMH@XLh@t@vA`@x@`AnBJNPWBAPWUXQVKOaAoBa@y@u@wAWQIOS[GIYa@S]KUIOJYFQP_@LSVWl@oAR\Sd@??Re@S]Xo@f@eAv@gBdA}Br@aBJWXs@Tu@\eAb@kAfA{C`ByEJ[n@wBVu@DKL]^h@@BJLNTFHJP^h@FL`@p@j@|@R^LRBDBDV\nAfBx@dAZ^JP\^FFFHx@~@K\Qn@?BCD[dAu@~BsAfEYi@AMCuHlAlBd@v@jAfBNP`@N\ZjAfBGx@Q~BADIfBAt@i@rBg@hAk@|Ao@Ki@SgA]_@vC{Ai@oAc@AAW_@WSYOm@?OX	Click to Generate
S4	20	1			3	Page Hall Medical Centre (S4)	Oasis Academy Fir Vale (S4)	St Cuthberts (S4)	1716	1287	{`~dIfzyG??GiBBABO@MUwAEWCUIFM@GCE^G`@Mf@O^CDKR?@SXSXCDMNLOBERYRYJUBEN_@Lg@w@Om@KGAQ`D?JANCZALCl@An@Br@Dn@Dh@Lr@L`AD\??Fp@JdA@LFd@BRDTJd@BHJf@DTLf@DTLl@^\PRHFERAF?F?t@AtC@Tm@F@uB?{@@mA?MAQAOEWMm@EUMg@EUKg@CIKUOYIOEIIOOg@Sa@aEiI`BkAdA_ALAD?@MB[@O?KPaDF@l@Jv@NFa@D_@By@BIFAFBDRD^CFBTDVTvAALCNC@FhB??	Click to Generate
S4	30	1			3	Jamia Masjid Ghausia (S4)	Fir Vale Academy (S4)	St Cuthberts (S4)	2806	2104	qh~dI`xyGq@c@[USOMb@KVMLSLSJk@TUJGFgGpMGLCJ?JRlB\~CVCZCp@Cp@?rABjA@f@?`A@|@?l@@v@BRDJMFG@EBI@I?UEUKg@CIKe@EUCSGe@AMKeAGq@E]MaAGc@EOEi@Eo@Cs@@o@Bm@@MB[@O?KPaDF@l@Jv@NFa@D_@By@BIFAFBDRD^CFBTDVTvAALCNC@AQYPHxBXO??GiBBABO@MUwAEWCUIFM@GCE^G`@w@Om@KGAQ`D?JANCZALCl@An@Br@Dn@Dh@Lr@L`AD\Fp@JdA@LFd@BRDTJd@BHJf@DTLf@DTLl@^\PRHFERAF?F?t@AtC@Tm@F@uB?{@@mA?MAQAOEWMm@EUMg@EUKg@CIKUOYIOEIIOOg@Sa@aEiIUc@O]Ua@]u@TKj@URKRMLMJWLc@RNZTp@b@	Click to Generate
S4	60	1			3	Wood Hill Lodge (S4)	Wood Hill Grange (S4)	All Days (S4)	4383	3287	yn|dI`yyGOGKCM@IBKJKTi@tAf@v@nBjDDHJRVd@Wt@a@fAGR_AlCIRm@bBSl@IVUr@KNIDIBYFG?a@@QCSUQYa@w@Se@Ic@Ia@}@eD_AqDy@kCcAcDW{@GUWcA}@oCIUOa@[_ASq@aAsCAC]}@aAaBu@_BUk@M[Qk@Mk@Ky@OcAM}@OeAT_@h@mAdAuBXx@@F|BzFfBxDrAbClArBT\BDdAlBjCpEfAjBDHrA`ClBbDf@v@nBjDDHJRVd@~@bBFHv@lAf@v@`AbBCx@Cd@Ct@AZCfA?BCl@A\E`BCXCJ??CLILIHQ?WEeBSKCC?cAKwAOeAIe@Kk@Gc@nAUt@i@|AQa@aD_I_@aA^`ArD`Jh@}ATu@b@oAj@Fd@JdAHvANbAJB?JBdBRVDP?HIHMBM??BKBYDaB@]Bm@?CBgA@[Bu@Be@By@aAcBg@w@w@mAGI_AcBWe@KSEIoBkDg@w@h@uAJUJKHCLAJBNF	Click to Generate
S4	20	1			3	Jamia Dar Ul Uloom Qadiria Jillania Centre (S4)	Oasis Academy Fir Vale (S4)	Fir Vale Academy (S4)	1504	1128	ab~dIltzGHHPRHFXVLPPRDDDFNRJWTc@HK@K?IEUDT?HAJ_@n@KVOSEGEEQSMQYWIGQS_@]Mm@EUMg@EUKg@CIKe@EUCSGe@AMKeAGq@??E]MaAMs@Ei@Eo@Cs@@o@Bm@@MB[@O?KPaDF@l@Jv@NFa@D_@By@BIFAFBDRD^CFBTDVTvAALCNC@AQYPHxBXO??GiBBABO@MUwAEWCUIFM@GCE^G`@w@Om@KGAQ`D?JANCZALCl@An@Br@Dn@Dh@Lr@L`AD\Fp@JdA@LFd@BRDTJd@BHJf@DTLf@DTLl@TR	Click to Generate
S4	60	1			3	E-ACT Parkwood Academy (S4)	Watercliffe Meadow Community Primary School (S4)	S. Ali's Off Licence (S4)	8577	6433	eh~dIb_bHALI\?BAH?F?FBF@BDDh@l@DB@@B?B?@?@ADEb@kABEDIBEFGDEFEfC}AFCFADAFAF@H?HBHDFDDDFHHLRd@zBpFLZn@`Bn@bBJVPd@DLBLBLDb@B^BRBd@@L@VBd@@^@V?R?\?V?N?H@T?J?L@L@HD\HHDNBLDXBX?b@MNIJQPGDMFIFIDy@Zo@R{@Vk@Nu@Pc@NE@gAVcATy@PQDE?G@[FWFUDKB{@PoA^SFSFODMB_@LSHo@T]NOH_A^q@Xs@ZOD]Ru@ZUL[GCAMOCSEi@Q}AG[Gg@QuAEa@Kq@E[Im@w@iGWkBGg@Ig@My@E]Y}Ao@mCMi@Ki@YiA_@mAe@iAg@y@q@uASm@Oi@Kk@Ow@AGC[Ag@@{B?O?CF{FBsABaBHqBL{AN{ARXp@t@n@~@FHh@x@Zh@Xf@j@fAZj@Rd@FJ\w@|@oBAOCE?eB???dBBD@N}@nB]v@GKSe@[k@k@gAYg@[i@i@y@hAoBj@cAHQP[Xg@l@cATe@DGPe@FOHWLc@Ps@Ha@BIL{@d@kCt@mFLgAPuABWH}@F]H_@Vy@r@_Cl@{BPu@ZkAFW\eBaBuAZeBQq@MO??LNPp@DEH@FFpAr@NeAR_BPeBHuA@]H}ABaADqB???mAAqAr@QXIl@OHGJGV[P[BX?PEdAAJEnACrAArAq@B]BO?oAFs@DO@M?yCN]@I?U@Y@G?oAJUB_@Ji@Ra@R]Re@^o@r@Qb@IT?L?DBNBLNd@hAlB\f@\l@Vl@Pd@Lp@Jr@Hz@FfA?z@Cj@Ej@K~@WrBCJEXO~@OhAu@zEq@zEQ~@[~@O^e@~@w@rAw@xAc@|@OVKXQh@I`@G\OzAMzAIpBC`BCrAGzF?B?NAzB@f@BZ@FNv@Jj@Nh@Rl@p@tAf@x@d@hA^lAXhAJh@Lh@n@lCX|AD\Lx@Hf@Ff@VjBv@hGHl@DZJp@D`@PtAFf@FZP|AJLFHRLF@j@Ul@Sb@Sn@Y|Ao@ZMbA]FCVKZKTIlAa@fBc@dAUDAFATE\Gj@MjASp@QFAt@St@Or@Sb@KFEXIVMXKHGJIJIHIBCPOEQCQ?YBc@@IFc@Jm@BSFS?I?O?W?]?SAWA_@Ce@AWAMCe@CSC_@Ec@CMCMEMQe@KWo@cBo@aBM[{BqFSe@IMGIEEGEIEICI?GAG@E@G@GBgC|AGDEDGFCDEHCDc@jAEDA@A?C?C?AAECi@m@EEACCG?G?G@I?CH]@M	Click to Generate
S4	15	1			3	Silver Pan (S4)	MyCigara (S4)	J W Young (Butchers) Ltd (S4)	1222	916	ae{dIpfwGKc@EOK[BIBCPENEREp@q@`@e@a@wALd@Rp@a@d@q@p@S\EDWVK[K]EOCMCMGq@Oa@Yo@GPEHQf@ELKZcAtC][a@OOQkAgBe@w@mAmBBtH@LXh@rAgEt@_CZeABE?CPo@J]BBl@t@Z`@n@x@^h@Xn@N`@Pd@L`@@JFXBh@DNJb@	Click to Generate
S4	20	1			3	Baltic Pearl (S4)	Attercliffe News & Booze (S4)	Aaliyah Mosque (S4)	1651	1238	qf{dIfawG@BL`@@JFXBh@DNb@nBBHHd@c@`@e@b@}@w@UU[e@kAgBbAuCJ[DMVq@FQ_@i@o@y@[a@TcAMj@GVZ`@n@x@^h@Xn@N`@Pd@L`@@JFXPENEREp@q@`@e@HI`@a@TSHSL_@DGHQBGNM@CFQDQJc@He@l@cDeBeAARSpCAF?D?D?DBxATCUB?CCuA?E?E?E@GRqC@SdBdAm@bDId@Kb@EPGPABAVAHCLINILKLSFURa@`@IHa@d@q@p@S\EDWVK[K]EOCMCMGq@N`@	Click to Generate
S4	15	1			3	Accelerate (S4)	Warty Lounge (S4)	Bit Of Everything (S4)	1253	940	cr{dIx~vGd@v@t@_CZeABE?CLe@BIJ]BBl@t@Z`@n@x@^h@Xn@N`@Pd@L`@@JFXPENERES\EDWVK[K]OZ_@x@y@dBZd@TT|@v@hAeAIe@CIc@oBEOK[BIBCPENEREp@q@`@e@a@wALd@Rp@a@d@q@p@S\EDWVK[K]o@tAy@dBkAgB][a@OOQkAgBe@w@	Click to Generate
S4	30	1			3	Global Hair & Beauty (S4)	Oasis Academy Fir Vale (S4)	Masjid Umar (S4)	2380	1785	c}}dIvvzGUb@KVOSEGEEQSMQYWIGQSIIUSMm@EUMg@EUKg@CI[o@IOEIIOOg@Sa@aEiI`BkAdA_ALAD?Cl@An@Br@Dn@Dh@Lr@L`AD\??Fp@JdA@LFd@BRDTJd@BHJf@DTLf@DTLl@^\PRHFXVLPPRDDDFNRPVP^@DP\bAzBfA~B`BpD`@hARj@N`@HRN`@BHBJn@`Bn@bB`@lAlAmALOBG?G_@oAc@uAY_AEOIEIQq@kA}@hBLUn@sAp@jAHPHDDNX~@b@tA^nA?FCFMNmAlAa@mAo@cBo@aBCKCIOa@ISOa@Sk@a@iAaBqDgA_CcA{BQ]AEQ_@QWJWTc@	Click to Generate
S4	30	1			3	Fir Vale Pharmacy (S4)	St Cuthberts (S4)	Fir Vale Academy (S4)	2388	1791	_g~dIdbzGEOEi@Eo@Cs@@o@Bm@@MB[@O?KPaDDw@Dy@mAmA}@tD]~ARNZTp@b@TPgAu@[USOMb@KVMLSLSJk@TUJGFgGpMGLCJ?JRlB\~CVCZCp@Cp@?rABjA@f@?`A@|@?l@@v@BRDJMFG@EBI@I?UEUKg@CIKUOYIOEIIOOg@Sa@aEiI`BkAdA_ALAD?@MB[@O?KPaDF@l@Jv@NFa@D_@By@BIFAFBDRD^CFBTDVTvAALCNC@AQYPHxBXO??GiBBABO@MUwAEWCUIFM@GCE^G`@w@Om@KGAQ`D?JANCZALCl@An@Br@Dn@Dh@DN	Click to Generate
S4	60	1			3	Awesome Walls Sheffield (S4)	Wood Hill Lodge (S4)	All Days (S4)	4666	3500	gm|dIj{yGc@w@MQOGKCM@IBKJKTi@tAmBcDsAaCj@uA~AsDHPBLBXDLRZ^h@BJ@J?J??Wt@AJ@F`@p@a@q@AG@KVu@?KAKCK_@i@S[EMCYCMIQ_BrDk@tAEIgAkBkCqEeAmBCEU]mAsBsAcCgByD}B{FAGYy@eAtBi@lAU^NdAL|@NbAJx@Lj@Pj@LZTj@t@~A`A`B\|@@B`ArCRp@j@`BHT|@nCVbAFTVz@bAbDx@jC~@pD|@dDH`@Hb@Rd@`@v@PXRTPB`@AF?XGHCHEJOTs@HWRm@l@cBHS~@mCFS`@gAVu@~@bBFHv@lAf@v@`AbBCx@Cd@Ct@AZCfA?BCl@A\E`BCXCJ??CLILIHQ?WEeBSKCC?cAKwAOeAIe@Kk@Gc@nAUt@i@|AQa@aD_I_@aA^`ArD`Jh@}ATu@b@oAj@Fd@JdAHvANbAJB?JBdBRVDP?HIHMBM??BKBYDaB@]Bm@?CBgA@[Bu@Be@By@aAcBg@w@w@mAGI_AcBWe@KSEIoBkDg@w@h@uAJUJKHCLAJBNFLPb@v@	Click to Generate
S4	20	1			3	MyCigara (S4)	Baltic Pearl (S4)	J W Young (Butchers) Ltd (S4)	1527	1145	ab{dIv~vGRp@a@d@q@p@S\EDWVK[K]o@tAy@dBkAgBbAuCJ[DMPg@DIFQXn@N`@Pd@L`@@JFXBh@DNb@nBBHHd@c@`@e@b@}@w@UU[e@kAgB][a@OOQkAgBe@w@mAmBBtH@LXh@rAgEt@_CZeABE?CPo@J]BBl@t@Z`@n@x@^h@Xn@N`@Pd@L`@@JFXPENEREp@q@`@e@Sq@	Click to Generate
S4	45	1			3	Busk Meadow Park (S4)	Shirecliffe Community Centre (S4)	Norwood and Bishopsholme Community Centre (S4)	3337	2503	_n~dI|g~G]H@pA?lAEpBs@DO@M?yCN]@I?U@Y@G?oAJUBQ_AQcA[sA]kA_@_Ak@uAm@iATi@FKDENCf@KHAJCRCt@IHCJGbBgAF?LCLCPAHDFHXjALn@??Mo@YkAGIIEQ@MBMBG?cBfAKFIBu@HSBKBI@g@JOBEDGJUh@l@hAj@tA^~@\jAZrAPbAP~@TCnAKF?LAJ?TAH?\AxCOL?NAr@EnAGN?BlCCmCO?oAFs@DO@M?yCN]@I?U@Y@G?oAJUBQ_AQcA[sA]kA_@_Ak@uAm@iATi@FKDENCf@KHAJCRCt@IHCJGbBgAF?LCLCPA??HDFHXjALn@Mo@YkAGIIEQ@MBMBG?cBfAKFIBu@HSBKBI@g@JOBEDGJUh@l@hAj@tA^~@\jAZrAPbAP~@TCnAKF?XATAH?\AxCOL?NAr@EDqB?mAAqA\I	Click to Generate
S4	60	1			3	St. James Church (S4)	Scott Road Store (S4)	All Days (S4)	5891	4418	eqzdIvn~GF_@RgBFg@@CBE@A@?BA@?PJL?NCJEAKCg@?O?O@Q@Q@MN}BF{@Dq@@M@QB]Fa@[MSKICYMIEy@_@C?K?C@G@A@EBM@E?KAIAEAWCGAoACMAS@G@C@EDED_AvAEFWb@INCBCBC@SBeAVGBGBEBA@C@EBEBKH}ApAOJMFMFKDKBOBMBM@Q?m@EI?aBIsAEuBI}@KYMc@Wk@k@mBqBy@_A]_@UUEGW]GGiB}BMO]We@SUGQG_@EKAEAu@IGAGAOCOEICGCICq@[m@YGCOGOGIE]SGC]Ue@g@CCe@o@[g@CEWc@CEEIMWISOYWa@_@m@MS_@o@Ye@[q@Ue@EIa@}@Sc@u@aBa@aAEKPWBIHgB@]NqCP{DFBFDFJFJRWJ]@IGY??FXAHK\SVGKGKGEGC@m@N_DHmAH{@Ho@H]x@aCL[HUPg@FQJ[v@mBx@yBQa@aD_I_@aA^`ArD`Jy@xBw@lBSl@Qf@ITMZy@`CI\In@Iz@IlAO~CAl@QzDOpCA\IfBCHQVDJ`@`At@`BRb@`@|@DHTd@Zp@Xd@^n@LR^l@V`@NXHRLVDHBDVb@BDZf@d@n@BBd@f@\TFB\RHDNFNFFBl@Xp@ZHBFBHBNDNBF@F@t@HD@J@^DPFTFd@R\VLNhB|BFFV\DFTT\^x@~@lBpBj@j@b@VXL|@JtBHrAD`BHH?l@DP?LALCNCJCJELGLGNK|AqAJIDCDCBA@ADCFCFCdAWRCBABCBCHOJNFDHDv@XJBH@F?F?H?FAFAHAHAHEHEJGJEHEFEBCDCDAJCJy@Be@Be@@c@@G?Q?k@?ICw@?]By@PeDNYFED?D?A\@X@\@TFh@D\BNFTHTL^DHd@hAFNBBLP@DHJHPBDBTHP@L?NCVG`@C\APALEp@Gz@O|BALAPAP?N?NBf@@JKDOBM?QKA?C@A?A@CDABGf@SfBG^	Click to Generate
S4	20	1			3	Jamia Dar Ul Uloom Qadiria Jillania Centre (S4)	Oasis Academy Fir Vale (S4)	Fir Vale Academy (S4)	1504	1128	ac~dIzrzGH\^\PRHFXVLPPRDDDFNRJWTc@HK@K?IEUDT?HAJ_@n@KVOSEGEEQSMQYWIGQS_@]Mm@EUMg@EUKg@CIKe@EUCSGe@AMKeAGq@??E]MaAMs@Ei@Eo@Cs@@o@Bm@@MB[@O?KPaDF@l@Jv@NFa@D_@By@BIFAFBDRD^CFBTDVTvAALCNC@AQYPHxBXO??GiBBABO@MUwAEWCUIFM@GCE^G`@w@Om@KGAQ`D?JANCZALCl@An@Br@Dn@Dh@Lr@L`AD\Fp@JdA@LFd@BRDTJd@BHJf@DTLf@DTBN	Click to Generate
S4	20	1			3	The Carlton Hotel (S4)	Accelerate (S4)	Aaliyah Mosque (S4)	1808	1356	mg{dIj{vGQDK`AXn@N`@Pd@L`@@JFXBh@BF@Fb@nBBHHd@iAdA}@w@UU[e@kAgB][a@OOQkAgBt@_CZeABE?CLe@BIJ]BBl@t@Z`@n@x@^h@Xn@N`@Pd@L`@@JFXPENEREp@q@`@e@HI`@a@TSHSL_@DGHQBGNM@CFQDQJc@He@l@cDeBeAARSpCAF?D?D?DBxATCUB?CCuA?E?E?E@GRqC@SdBdAm@bDId@Kb@EPGPABAVAHCLINILKLSFURa@`@IHa@d@q@p@S\EDWVK[K]EOCMCMGq@Oa@Yo@JaAPE	Click to Generate
S4	45	1			3	City Motor Factors (S4)	Colourcraft Limited (S4)	Eye of Needle (S4)	3450	2588	kt|dIlqwG^m@FrAFn@@V@XLh@t@vAb@a@BCDCJCF?jAEJ?J@^H_@IKAK?sADKBEBCBc@`@u@wAWQIOS[GIYa@KCKAI?G?O?QXu@`BgAdCkCbGXd@@B@@pDjGu@jBh@|@i@}@t@kBqBkD_A_BAAACYe@jCcGfAeCt@aBJk@DINa@JYFQP_@LSVWHTBLD`@FrAFn@HI@?JMNMfA_CDIDGDADADAD@D@lBr@xGdCLD|@\@@JBfBz@hA^f@NhAd@|@Z_@vC{Ai@oAc@AAW_@WSYOm@?OX??NYl@?XNVRV^@@nAb@zAh@^wC}@[iAe@g@OiA_@gB{@KCAA}@]MEyGeCmBs@EAEAE@E@E@EFEHgA~BM`@GLABMHM@WBGIYa@S]KUIOJYFQP_@LSVWHTBLD`@_@l@	Click to Generate
S4	20	1			3	St Cuthberts (S4)	Yours Food and Wine (S4)	Oasis Academy Fir Vale (S4)	1674	1256	u_~dIptzG@P@ZA\MQYWIGQS_@]Mm@EUMg@EUKg@CIKUOYIOEIIOOg@TVFFDBJLBRDTJd@BHJf@DTLf@DTLl@^\PRHFXVLPPRDDDFNRPVP^@DP\bAzBGNCDC@OHIDi@ViAh@q@\y@^C@AA@]@g@@_@@kB@uB?{@@mA?MAQAOEWMm@EUMg@EUKg@CI[o@IOEIIOOg@Sa@aEiI`BkAdA_ALAD?Cl@An@Br@Dn@Dh@Lr@L`AD\??Fp@JdA@LFd@BRDTJd@BHJf@DTLf@DTLl@^\PRHFXVLP@]A[AQ	Click to Generate
S4	45	1			3	La Piazza (S4)	Eye of Needle (S4)	Colourcraft Limited (S4)	3508	2631	ml|dIv~wGC@QVKOaAoBa@y@u@wAWQIOS[GIYa@S]KUIOJYFQP_@LSVWHTBLD`@e@x@DK^m@FrAFn@HI@?JMNMfA_CDIDGDADADAD@D@lBr@xGdCLD|@\@@JBfBz@hA^f@NhAd@|@Z_@vC{Ai@oAc@AAW_@WSYOm@?OX??NYl@?XNVRV^@@nAb@zAh@^wC}@[iAe@g@OiA_@gB{@KCAA}@]MEyGeCmBs@EAEAE@E@E@EFEHgA~BM`@GLABMHM@WBGIYa@KCKAI?G?O?QXu@`BgAdCkCbGXd@@B@@~@~ApBjDrBnD|FzJ~CxF~@qBv@gBeA}Az@qBDi@Bc@@W@u@@I@G@IBGa@q@S]GKIOO_@CIKq@Mc@Ms@WyAKa@K]Oc@Oe@]_Aa@s@PWBA	Click to Generate
S4	20	1			3	Adept Afro Hair & Beauty (S4)	Illusionz (S4)	Aaliyah Mosque (S4)	1655	1241	ig{dIj{vGUDK`A_@i@o@y@[a@MO_@e@CCK\Qn@?BCD[dAu@~BjAfBNP`@N\ZjAfBZd@TT|@v@hAeAIe@CIWkAKc@EOK[BIBCPENEREp@q@`@e@HI`@a@TSHSL_@DGHQBGNM@CFQDQJc@He@l@cDeBeAARSpCAF?D?D?DBxATCUB?CCuA?E?E?E@GRqC@SdBdAm@bDId@Kb@EPGPABAVAHCLINILKLSFURa@`@IHa@d@q@p@S\EDWVK[K]EOCMCMGq@Oa@Yo@JaATE	Click to Generate
S4	20	1			3	Bit Of Everything (S4)	Beauty Beneath (S4)	J W Young (Butchers) Ltd (S4)	1519	1139	eg{dIrdwGUd@y@dBZd@TT|@v@hAeAIe@CIc@oBEOK[BIBCPENEREp@q@`@e@a@wALd@Rp@a@d@q@p@S\EDWVK[K]EOCMCMGq@Oa@Yo@_@i@GGg@q@[a@m@u@CCK\Qn@?BCD[dAu@~BsAfEYi@AMCuHlAlBd@v@jAfBNP`@N\ZjAfBZd@TT|@v@hAeAIe@CIc@oBEOK[K]Yn@	Click to Generate
S4	20	1			3	Attercliffe News & Booze (S4)	Baltic Pearl (S4)	Aaliyah Mosque (S4)	1733	1300	yf{dIt`wGHTL`@@JFXPENERES\EDWVK[K]EOCMCMGq@Oa@Yo@_@i@o@y@[a@TcAMj@GVZ`@n@x@^h@GPWp@ELKZcAtCjAfBZd@TT|@v@d@c@b@a@Ie@CIc@oBEOK[BIBCPENEREp@q@`@e@HI`@a@TSHSL_@DGHQBGNM@CFQDQJc@He@l@cDeBeAARSpCAF?D?D?DBxATCUB?CCuA?E?E?E@GRqC@SdBdAm@bDId@Kb@EPGPABAVAHCLINILKLSFURa@`@IHa@d@q@p@S\EDWVK[K]EOCMCMGq@FN	Click to Generate
S4	20	1			3	Crabtree Ponds (S4)	St. James Church (S4)	Masjid Umar (S4)	1894	1420	ym}dIlf|Gc@eCTMTOCKEEECm@?s@?]@@WBMRODE@EAEMu@GW?K@O@MFKGJAL??AN?JFVLt@@DADEDSNCLAV\Ar@?l@?DBDDBJDCJETGPARAL?Rn@d@zAz@|CZfAPh@n@tBPWBIHgB@]NqCP{DFBFDFJFJRWJ]@IGY??FXAHK\SVGKGKGEGC@m@MIGGGM_EaNe@}AmBPKAIEIQq@kA}@hBLUn@sAp@jAHPHDDNX~@b@tA^nA?FCFMNmAlARr@j@tBDNXbAM?S@Q@UFKDEBUNULb@dC	Click to Generate
S4	45	1			3	Crabtree Ponds (S4)	Tea and Cakes (S4)	Yours Food and Wine (S4)	3950	2962	oq}dI`m{Gn@sAp@jAHPHDDNX~@b@tA^nA?FCFMNmAlARr@j@tBDNXbAM?S@Q@UFKDEBCKEEECm@?s@?]@@WBMRODE@EAEMu@GW?K@O@MFKGJAL??AN?JFVLt@@DADEDSNCLAV\Ar@?l@?DBDDBJDCJETGPARAL?Rn@d@zAz@|CZfAPh@n@tBPWBIHgB@]NqCP{D@m@N_DHmAH{@Ho@H]x@aCL[HUPg@Rm@kAqCeAkCw@qB_AcCGHI\Ml@CRQDMHKFCHADCN?VBVFPb@jAb@dAJTKNt@zEBHDBD?DIp@gBdAqCjApCSl@Qf@ITMZy@`CI\In@Iz@IlAO~CAl@QzDOpCA\IfBCHQVo@uBQi@[gA{@}Ce@{ASo@YcAEOk@uBSs@a@mAo@cBo@aBCKCIOa@ISUNwB~AI@{@yDoBaIh@WHENIBABEFOfA~B`BpD`@hARj@N`@HRN`@BHBJn@`Bn@bB`@lAlAmALOBG?G_@oAc@uAY_AEOIEIQq@kAo@rA	Click to Generate
S4	15	1			3	The Dream Lounge (S4)	J W Young (Butchers) Ltd (S4)	Illusionz (S4)	1333	1000	_l{dIdyvGFFZ`@n@x@^h@Tf@BFN`@Pd@L`@@JFXBh@DNb@nBBHHd@iAdA}@w@UU[e@kAgB][a@OOQkAgBe@w@mAmBBtH@LXh@rAgEjAfBNP`@N\ZjAfBZd@TT|@v@hAeAIe@CIWkAKc@EOK[K]EOCMCMGq@Oa@Yo@_@i@o@y@[a@GG	Click to Generate
S4	45	1			3	Busk Meadow Park (S4)	Shirecliffe Community Centre (S4)	Norwood and Bishopsholme Community Centre (S4)	3266	2450	{n~dI~i~G?X?lAEpBs@DO@M?yCN]@I?U@Y@G?oAJUBQ_AQcA[sA]kA_@_Ak@uAm@iATi@FKDENCf@KHAJCRCt@IHCJGbBgAF?LCLCPAHDFHXjALn@??Mo@YkAGIIEQ@MBMBG?cBfAKFIBu@HSBKBI@g@JOBEDGJUh@l@hAj@tA^~@\jAZrAPbAP~@TCnAKF?LAJ?TAH?\AxCOL?NAr@EnAGN?BlCCmCO?oAFs@DO@M?yCN]@I?U@Y@G?oAJUBQ_AQcA[sA]kA_@_Ak@uAm@iATi@FKDENCf@KHAJCRCt@IHCJGbBgAF?LCLCPA??HDFHXjALn@Mo@YkAGIIEQ@MBMBG?cBfAKFIBu@HSBKBI@g@JOBEDGJUh@l@hAj@tA^~@\jAZrAPbAP~@TCnAKF?XATAH?\AxCOL?NAr@EDqB?mA?Y	Click to Generate
S4	20	1			3	Warty Lounge (S4)	Bit Of Everything (S4)	J W Young (Butchers) Ltd (S4)	1619	1214	og{dItyvGOz@K`AXn@N`@Pd@L`@@JFXPENERES\EDWVK[K]OZ_@x@y@dBZd@TT|@v@hAeAIe@CIc@oBEOK[BIBCPENEREp@q@`@e@a@wALd@Rp@a@d@q@p@S\EDWVK[K]EOCMCMGq@Oa@Yo@_@i@o@y@[a@m@u@CCK\Qn@?BCD[dAu@~BsAfEYi@AMCuHlAlBd@v@jAfBNP`@N\ZbAuCJ[DMVq@FQJaAN{@	Click to Generate
S4	20	1			3	Baltic Pearl (S4)	Attercliffe News & Booze (S4)	Aaliyah Mosque (S4)	1651	1238	of{dIjawG??L`@@JFXBh@DNb@nBBHHd@c@`@e@b@}@w@UU[e@kAgBbAuCJ[DMVq@FQ_@i@o@y@[a@TcAMj@GVZ`@n@x@^h@Xn@N`@Pd@L`@@JFXPENEREp@q@`@e@HI`@a@TSHSL_@DGHQBGNM@CFQDQJc@He@l@cDeBeAARSpCAF?D?D?DBxATCUB?CCuA?E?E?E@GRqC@SdBdAm@bDId@Kb@EPGPABAVAHCLINILKLSFURa@`@IHa@d@q@p@S\EDWVK[K]EOCMCMGq@Pd@	Click to Generate
S4	15	1			3	Illusionz (S4)	Silver Pan (S4)	J W Young (Butchers) Ltd (S4)	1415	1061	yh{dIn~vGQf@ELKZcAtCjAfBZd@TT|@v@hAeAIe@CIWkAKc@EOK[BIBCPENEREp@q@`@e@a@wALd@Rp@a@d@q@p@S\EDWVK[K]EOCMCMGq@Oa@Yo@_@i@o@y@[a@m@u@CCK\Qn@?BCD[dAu@~BsAfEYi@AMCuHlAlBd@v@jAfBNP`@N\ZbAuCJ[DMPg@	Click to Generate
S4	20	1			3	Yours Food and Wine (S4)	Oasis Academy Fir Vale (S4)	Fir Vale Academy (S4)	1866	1400	m`~dIrrzGJG@NHj@@Z@ZA\PRDDDFNRPVP^@DP\bAzBGNCDC@OHIDi@ViAh@q@\y@^C@AA@]@g@@_@@kB@uB?{@@mA?MAQAOEWMm@EUMg@EUKg@CIKe@EUCSGe@AMKeAGq@??E]MaAMs@Ei@Eo@Cs@@o@Bm@@MB[@O?KPaDF@l@Jv@NFa@D_@By@BIFAFBDRD^CFBTDVTvAALCNC@AQYPHxBXO??GiBBABO@MUwAEWCUIFM@GCE^G`@w@Om@KGAQ`D?JANCZALCl@An@Br@Dn@Dh@Lr@L`AD\Fp@JdA@LFd@BRDTJd@BHJf@DTLf@DTLl@^\PRHFXVLP@]A[A[Ik@AOKF	Click to Generate
S4	30	1			3	Beauty Beneath (S4)	Aaliyah Mosque (S4)	J W Young (Butchers) Ltd (S4)	2242	1682	wd{dIfcwG@?RES\EDWVK[K]EOCMCMGq@Oa@Yo@_@i@GGg@q@d@_CPL\TH]^Tc@dCK`AXn@N`@Pd@L`@@JFXPENEREp@q@`@e@HI`@a@TSHSL_@DGHQBGNM@CFQDQJc@He@l@cDeBeAARSpCAF?D?D?DBxATCUB?CCuA?E?E?E@GRqC@SdBdAm@bDId@Kb@EPGPABAVAHCLINILKLSFURa@`@IHa@d@q@p@S\EDWVK[K]o@tAy@dBkAgB][a@OOQkAgBe@w@mAmBBtH@LXh@rAgEt@_CZeABE?CPo@J]BBl@t@Z`@n@x@^h@Xn@N`@Pd@L`@@JFXPELE	Click to Generate
S4	20	1			3	Attercliffe News & Booze (S4)	Aaliyah Mosque (S4)	Baltic Pearl (S4)	1593	1195	ig{dIr_wGGOYo@_@i@o@y@[a@TcAMj@GVZ`@n@x@^h@Xn@N`@Pd@L`@@JFXPENEREp@q@`@e@HI`@a@TSHSL_@DGHQBGNM@CFQDQJc@He@l@cDeBeAARSpCAF?D?D?DBxATCUB?CCuA?E?E?E@GRqC@SdBdAm@bDId@Kb@EPGPABAVAHCLINILKLSFURa@`@IHa@d@q@p@S\EDWVDNb@nBBHHd@c@`@e@b@}@w@UU[e@kAgBbAuCJ[DMVq@FQXn@FN	Click to Generate
S4	60	1			3	WHSmith (S4)	Northern Perk (S4)	Norwood Grange Care Home (S4)	4538	3404	_v~dIpy{G?@HNJTR^JV\l@LVNVb@|@LTLTBDP\^t@DFVf@DF@DBBd@hADH`@q@BG@ARYlAgCd@_AFKHUHYF]Da@\_DDm@@q@@sBAeB?]@s@Bo@Dg@DWHo@JoA@]@g@@_@@kB@uB?{@@mA?MAQAOEWUQOICCSESEw@Cm@A}@?aAAAbAGjD?D?l@X?LFNFPNLLNZN`@DZBZ@P@b@An@?v@Ah@Gh@Kh@M^IRKL]ZQLEWKYEGG?I?SAC?ENEFM?CC?G???IBCFAH?FBB?R@H?F?DFJXDVPM\[JMHSL_@Ji@Fi@@i@?w@@o@Ac@AQC[E[Oa@O[MMQOOGMGY??m@?EFkD@cA`A@|@?l@@v@BRDRDBBNHTPDV@N@P?LAlA?z@AtBAjBA^Af@A\KnAIn@EVEf@Cn@Ar@?\@dBArBAp@El@]~CE`@G\IXITGJe@~@mAfCKf@Uj@EFEJMQEIe@iACCAEEGWg@Wd@gAuBTg@LTBDP\^t@DFVf@DF@DBBDJ^|@DHLPGLEHKTIPWd@[`@SPa@Ts@r@w@v@q@l@y@p@YX[`@U\q@|Aa@|@Ud@g@dAMQg@u@a@o@_@k@UQE?]GsBYGCJ_AJw@LDFAJCFBtBdAA@UpATP^j@`@n@f@t@LPf@eATe@`@}@p@}AT]Za@XYx@q@p@m@v@w@r@s@d@u@R]FMb@w@DGR_@EIe@iACCAEEGWg@EG_@u@Q]CEMUMUc@}@OWMW]m@KWS_@KUIO?A	Click to Generate
S4	45	1			3	Northern General Hospital (S4)	Sheffield GP Collaborative (Out of Hours Service) (S4)	Norwood Grange Care Home (S4)	4032	3024	gm~dI`h|GEKCCAEEGWg@EG_@u@Q]CEMUMUc@}@OWMW]m@KWS_@KUIO?AGUGSIGKGO?]?i@@A?_@FuAZO@E?qA@sA?MAEM?ODKCGAGC}@?QCaCA_@?Q?u@?WAq@AO?I?M?I?M?SBSTAv@CD?B?r@ALAXAJCHEDCJGFGRYJM\SLK`Am@dAq@VO^S`D_B|@g@LILEHAX?LFNFPNLLNZN`@DZBZ@P@b@An@?v@Ah@Gh@Kh@M^IRKL]ZQLMJUNa@EGAC@CBANK\SBETSHRIDURCJ]@OBCBAF@`@D@ARMLKPM\[JMHSL_@Ji@Fi@@i@?w@@o@Ac@AQC[E[Oa@O[MMQOOGMGY??m@?EFkD@cA`A@|@?l@@v@BRDRDBBNHTPDV@N@P?LAlA?z@AtBAjBA^Af@A\KnAIn@EVEf@Cn@Ar@?\@dBArBAp@El@]~CE`@G\IXITGJe@~@mAfCKf@Uj@EFEJGLEHKTIPWd@[`@SPa@Ts@r@w@v@q@l@y@p@YX[`@U\q@|Aa@|@Ud@g@dAMQg@u@a@o@_@k@UQE?]GsBYGCJ_AJw@LDFAJCFBtBdAA@UpATP^j@`@n@f@t@LPf@eATe@`@}@p@}AT]Za@XYx@q@p@m@v@w@r@s@d@u@R]FMb@w@DGR_@EI_@}@	Click to Generate
S4	20	1			3	Busk Meadow Park (S4)	Kaya Hair & Beauty (S4)	Shirecliffe Community Centre (S4)	1888	1416	_x~dId|}G??HDFHXjALn@??Mo@YkAGIIEQ@MBMBG?cBfAKFIBu@HSBKBI@g@JOBEDGJUh@l@hAj@tA^~@\jAZrAPbAP~@TCnAKF?XATAH?\AxCOL?NAr@EDqB?mAAqA\ITGXIl@OHGJGV[P[BX?PEdAAJEnACrAArAq@B]BO?oAFs@DO@M?yCN]@I?U@K?M@G?oAJUBQ_AQcA[sA]kA_@_Ak@uAm@iATi@FKDENCf@KHAJCRCt@IHCJGbBgAF?LCLCPA	Click to Generate
S4	45	1			3	Norwood and Bishopsholme Community Centre (S4)	Northern General Hospital (S4)	Northern Perk (S4)	3272	2454	oa_eIpy|GUpATP^j@`@n@f@t@LPQd@IPUj@]fAUv@ENYzAWtAKv@It@CVGfAI|BEdA?TE~@Cn@C\HJDDNNHJTi@FKDENCf@KHAJCRCt@IHCJGbBgAF?LCLCPA??HDFHXjALn@Mo@YkAGIIEQ@MBMBG?cBfAKFIBu@HSBKBI@g@JOBEDGJUh@IKOOEEIKB]Bo@D_A?UDeAH}BFgABWHu@Jw@VuAX{ADOTw@\gATk@HQPe@f@eATe@`@}@p@}AT]Za@XYx@q@p@m@v@w@r@s@d@u@R]FMb@w@DGR_@EIe@iACCAEEGWg@EG_@u@Q]CEMUMUc@}@OWMW]m@KWS_@KUIO?AGUDGDCFAB?`@Ad@Cd@AFGDM@M@KBKFGZMHAFFHPJVRd@DVJf@B\Bn@Bd@B`@ARCLEJCFOXS`@CFGLMT^t@DFVf@DF@DBBDJ^|@DHLPGLEHKTIPWd@[`@SPa@Ts@r@w@v@q@l@y@p@YX[`@U\q@|Aa@|@Ud@g@dAMQg@u@a@o@_@k@UQE?]GsBYGCJ_AJw@LDFAJCFBtBdAA@	Click to Generate
S4	20	1			3	St Cuthberts (S4)	Fir Vale Academy (S4)	Page Hall Medical Centre (S4)	1760	1320	cf~dIhfzGFp@JdA@LFd@BRDTJd@BHJf@DTLf@DTLl@^\PRHFERAF?F?t@AtC@Tm@F@uB?{@@mA?MAQAOEWMm@EUMg@EUKg@CIKUOYIOEIIOOg@Sa@aEiI`BkAdA_ALAD?@MB[@O?KPaDF@l@Jv@NFa@D_@By@BIFAFBDRD^CFBTDVTvAALCNC@AQYPHxBXO??GiBBABO@MUwAEWCUIFM@GCE^G`@Mf@O^CDKR?@SXSXCDMNLOBERYRYJUBEN_@Lg@w@Om@KGAQ`D?JANCZALCl@An@Br@Dn@Dh@Lr@L`AD\??	Click to Generate
S4	60	1			3	Whiteways Primary School (S4)	Wood Hill Lodge (S4)	Tea and Cakes (S4)	5423	4067	ui}dIfczGw@{B@KdCsCp@u@LCDDDDDR\b@_@yA}@oCIUk@aBSq@aAsCAC]}@aAaBu@_BQ`@EVAX?XBR@DqCdD\pANx@D^DTBb@D^PKT`CVxCBFD@EACGm@{GQJE_@Cc@EUE_@Oy@]qApCeDAECS?Y@YDWPa@t@~A`A`B\|@@B`ArCRp@j@`BHT|@nCVbAFTVz@bAbDx@jC~@pD|@dDH`@Hb@Rd@`@v@PXRTPB`@AF?XGHCHEJOTs@HWRm@l@cBHS~@mCFS`@gAVu@~@bBFHv@lAf@v@`AbBCx@Cd@Ct@AZCfA?BCl@A\E`BCXCJ??CLILIHQ?WEeBSKCC?cAKwAOeAIe@Kk@GIAcBQGEEIc@aAi@sAs@kBGGIAI?MBQL[^e@p@o@~@s@bAGHI\Ml@CR?RBPBPFVjAnCq@`AKUc@eAc@kAGQCW?WBO@EBIJGLIPEBSLm@H]FIr@cAn@_Ad@q@Z_@PMLCH?H@FFr@jBh@rAb@`ADHFDbBPH@j@Fd@JdAHvANbAJB?JBdBRVDP?HIHMBM??BKBYDaB@]Bm@?CBgA@[Bu@Be@By@aAcBg@w@w@mAGI_AcBWt@a@fAGR_AlCIRm@bBSl@IVUr@KNIDIBYFG?a@@QCSUQYa@w@Se@Ic@Ia@}@eD_AqDy@kCcAcDW{@]c@ESEEEEMBq@t@eCrCAJv@zB	Click to Generate
S4	20	1			3	Fir Vale Academy (S4)	Jamia Masjid Ghausia (S4)	St Cuthberts (S4)	1677	1258	ud~dI`wyGJSBEN_@Lg@Fa@D_@By@BIFAFBDRD^CFBTDVTvAALCNC@AQYPHxBXO??GiBBABO@MUwAEWCUIFM@GCE^G`@w@Om@KGAQ`D?JANCZALCl@An@Br@Dn@Dh@DNFb@L`AD\Fp@JdA@LFd@BRDTJd@BHJf@DTLf@DTLl@^\PRHFERAF?F?t@AtC@Tm@F@uB?{@@mA?MAQAOEWMm@EUMg@EUKg@CIKUOYIOEIIOOg@Sa@aEiI`BkAdA_ALAD?@MB[@O?KPaDF@l@Jv@NMf@O^CDKR	Click to Generate
S4	45	1			3	City Motor Factors (S4)	Eye of Needle (S4)	Colourcraft Limited (S4)	3592	2694	qr|dIlmwGRe@S]m@nAHTBLD`@FrAFn@@V@XLh@t@vAb@a@BCDCJCF?jAEJ?J@^H_@IKAK?sADKBEBCBc@`@u@wAWQIOS[GIYa@S]KUIOJYFQP_@LSVWHTBLD`@FrAFn@HI@?JMNMfA_CDIDGDADADAD@D@lBr@xGdCLD|@\@@JBfBz@hA^f@NhAd@|@Z_@vC{Ai@oAc@AAW_@WSYOm@?OX??NYl@?XNVRV^@@nAb@zAh@rEdBZLGlBo@rA]R_@JMJNXoBtDET]nDI`@Sb@_@x@INEHMXGTABKX]t@QViBfEuBlFSh@iEmH_DyF}F{JsBoDqBkD_A_BAAACYe@jCcGfAeCt@aBJk@DINa@JYFQP_@LSVWl@oAR\Sd@	Click to Generate
S4	45	1			3	Busk Meadow Park (S4)	Shirecliffe Community Centre (S4)	Norwood and Bishopsholme Community Centre (S4)	3250	2438	{n~dIvj~G?@?lAEpBs@DO@M?yCN]@I?U@Y@G?oAJUBQ_AQcA[sA]kA_@_Ak@uAm@iATi@FKDENCf@KHAJCRCt@IHCJGbBgAF?LCLCPAHDFHXjALn@??Mo@YkAGIIEQ@MBMBG?cBfAKFIBu@HSBKBI@g@JOBEDGJUh@l@hAj@tA^~@\jAZrAPbAP~@TCnAKF?LAJ?TAH?\AxCOL?NAr@EnAGN?BlCCmCO?oAFs@DO@M?yCN]@I?U@Y@G?oAJUBQ_AQcA[sA]kA_@_Ak@uAm@iATi@FKDENCf@KHAJCRCt@IHCJGbBgAF?LCLCPA??HDFHXjALn@Mo@YkAGIIEQ@MBMBG?cBfAKFIBu@HSBKBI@g@JOBEDGJUh@l@hAj@tA^~@\jAZrAPbAP~@TCnAKF?XATAH?\AxCOL?NAr@EDqB?mA?A	Click to Generate
S4	20	1			3	Baltic Pearl (S4)	Travel & More (S4)	Aaliyah Mosque (S4)	1669	1252	kf{dIpawGHZ@JFXBh@DNb@nBBHHd@c@`@e@b@}@w@UU[e@kAgB][a@OOQkAgBt@_CZeABE?CPo@J]BBl@t@Z`@PT\b@^h@Xn@N`@Pd@L`@@JFXPENEREp@q@`@e@HI`@a@TSHSL_@DGHQBGNM@CFQDQJc@He@l@cDeBeAARSpCAF?D?D?DBxATCUB?CCuA?E?E?E@GRqC@SdBdAm@bDId@Kb@EPGPABAVAHCLINILKLSFURa@`@IHa@d@q@p@S\EDWVK[K]EOCMCMGq@Pd@BD	Click to Generate
S4	20	1			3	Shirecliffe Community Centre (S4)	Busk Meadow Park (S4)	Norwood and Bishopsholme Community Centre (S4)	1535	1151	{n~dIfm~GEpBs@DO@M?yCN]@I?U@K?M@G?oAJUBQ_AQcA[sA]kA_@_Ak@uAm@iATi@FKDENCf@KHAJCRCt@IHCJGbBgAF?LCLCPAHDFHXjALn@??Mo@YkAGIIE??Q@MBMBG?cBfAKFIBu@HSBKBI@g@JOBEDGJUh@l@hAj@tA^~@\jAZrAPbAP~@TCnAKF?XATAH?\AxCOL?NAr@EDqB	Click to Generate
S4	20	1			3	All Days (S4)	St. James Church (S4)	Tea and Cakes (S4)	1899	1424	w||dIzl{GJ[v@mBx@yBQa@aD_I_@aA^`ArD`Jy@xBw@lBSl@Qf@ITMZy@`CI\In@Iz@IlAO~CAl@FBFDFJFJRWJ]@IGY??FXAHK\SVGKGKGEGC@m@N_DHmAH{@Ho@H]x@aCL[HUPg@Rm@kAqCeAkCw@qB_AcCGHI\Ml@CRQDMHKFCHADCN?VBVFPb@jAb@dAJTKNt@zEBHDBD?DIp@gBdAqCjApCKZ	Click to Generate
S4	15	1			3	The Dream Lounge (S4)	J W Young (Butchers) Ltd (S4)	Illusionz (S4)	1325	994	yk{dIjyvG@@Z`@n@x@^h@Tf@BFN`@Pd@L`@@JFXBh@DNb@nBBHHd@iAdA}@w@UU[e@kAgB][a@OOQkAgBe@w@mAmBBtH@LXh@rAgEjAfBNP`@N\ZjAfBZd@TT|@v@hAeAIe@CIWkAKc@EOK[K]EOCMCMGq@Oa@Yo@_@i@o@y@[a@AA	Click to Generate
S4	30	1			3	Northern General Hospital (S4)	Northern Perk (S4)	Yours Food and Wine (S4)	2770	2078	am~dInm{GRMLKPM\[JMHSL_@Ji@Fi@@i@?w@@o@Ac@AQC[E[Oa@O[MMQOOGMGY?I@MDMH}@f@aD~A_@RWNeAp@aAl@MJ]RKLSXGFKFEBIDKBY@M@s@@C?E?w@BU@CR?R?L?H?L?H@N@p@?V?t@?P@^B`C?PB|@@FBFJBdACfBED?v@GPAB?F?NHXH@?h@A\?N?JFHFFRFT?@HNJTR^JV\l@LVNVb@|@LTLTBDP\^t@DFVf@DF@DBBDJ^|@DH`@q@BG@ARYlAgCd@_AFKHUHYF]Da@\_DDm@@q@@sBAeB?]@s@Bo@Dg@DWHo@JoA@@BAx@_@p@]hAi@h@WHENIBABEFOcA{BQ]AEQ_@QWOSEGEEQSMQYWIGQS_@]UQOICCSESEw@Cm@A}@?aAAAbAGjD?D?l@X?LFNFPNLLNZN`@DZBZ@P@b@An@?v@Ah@Gh@Kh@M^IRKL]ZQLMJSL	Click to Generate
S4	60	1			3	Sheffield Steel City Beer Festival 49 (S4)	St. James Church (S4)	All Days (S4)	6159	4619	_ozdIdi~G??QKA?C@A?A@CDABGf@SfBYjBO~@[vB]nB\oBj@wDXkBRgBFg@@CBE@A@?BA@?PJL?NCJEAKCg@?O?O@Q@Q@MN}BF{@Dq@@M@QB]Fa@[MSKICYMIEy@_@C?K?C@G@A@EBM@E?KAIAEAWCGAoACMAS@G@C@EDED_AvAEFWb@INCBCBC@SBeAVGBGBEBA@C@EBEBKH}ApAOJMFMFKDKBOBMBM@Q?m@EI?aBIsAEuBI}@KYMc@Wk@k@mBqBy@_A]_@UUEGW]GGiB}BMO]We@SUGQG_@EKAEAu@IGAGAOCOEICGCICq@[m@YGCOGOGIE]SGC]Ue@g@CCe@o@[g@CEWc@CEEIMWISOYWa@_@m@MS_@o@Ye@[q@Ue@EIa@}@Sc@u@aBa@aAEKPWBIHgB@]NqCP{DFBFDFJFJRWJ]@IGY??FXAHK\SVGKGKGEGC@m@N_DHmAH{@Ho@H]x@aCL[HUPg@Rm@v@mBx@yBQa@aD_I_@aA^`ArD`Jy@xBw@lBSl@Qf@ITMZy@`CI\In@Iz@IlAO~CAl@QzDOpCA\IfBCHQVDJ`@`At@`BRb@`@|@DHTd@Zp@Xd@^n@LR^l@V`@NXHRLVDHBDVb@BDZf@d@n@BBd@f@\TFB\RHDNFNFFBl@Xp@ZHBFBHBNDNBF@F@t@HD@J@^DPFTFd@R\VLNhB|BFFV\DFTT\^x@~@lBpBj@j@b@VXL|@JtBHrAD`BHH?l@DP?LALCNCJCJELGLGNK|AqAJIDCDCBA@ADCFCFCdAWRCBABCBCHOJNFDHDv@XJBH@F?F?H?FAFAHAHAHEHEJGJEHEFEBCDCDAJCJy@Be@Be@@c@@G?Q?k@?ICw@?]By@PeDNYFED?D?A\@X@\@TFh@D\BNFTHTL^DHd@hAFNBBLP@DHJHPBDBTHP@L?NCVG`@C\APALEp@Gz@O|BALAPAP?N?NBf@@JKDOBM?	Click to Generate
S4	60	1			3	Sheffield Steel City Beer Festival 2024 (SCBF48) (S4)	St. James Church (S4)	Scott Road Store (S4)	5420	4065	grzdIbs~GN_AXkBRgBFg@@CBE@A@?BA@?PJ??L?NCJEAKCg@?O?O@Q@Q@MN}BF{@Dq@@M@QB]Fa@[MSKICYMIEy@_@C?K?C@G@A@EBM@E?KAIAEAWCGAoACMAS@G@C@EDED_AvAEFWb@INCBCBC@SBeAVGBGBEBA@C@EBEBKH}ApAOJMFMFKDKBOBMBM@Q?m@EI?aBIsAEuBI}@KYMc@Wk@k@mBqBy@_A]_@UUEGW]GGiB}BMO]We@SUGQG_@EKAEAu@IGAGAOCOEICGCICq@[m@YGCOGOGIE]SGC]Ue@g@CCe@o@[g@CEWc@CEEIMWISOYWa@_@m@MS_@o@Ye@[q@Ue@EIa@}@Sc@u@aBa@aAEKPWBIHgB@]NqCP{DFBFDFJFJRWJ]@IGY??FXAHK\SVGKGKGEGC@m@N_DHmAH{@Ho@H]x@aCL[HUPg@FQJ[v@mBx@yBh@}ATu@b@oAj@Fd@JdAHvANbAJB?JBdBRVDP?HIHMBM??BKBYDaB@]Bm@?CBgA@[Bu@HGNIJCPCXj@rA|B|@`BFJNZDPBVDnA?L@ND|ADhABJDJHJd@X|Ax@DBtAp@HDd@XfAn@d@Z|BvA\TZRLJ@EBCBABABBBB@F?D?FCFCBC@?R?j@?X@T?DBNBNLb@FLVSDCHGVONGXGJ?LANAl@HJDJBl@XvBtAFBHDr@b@JH\TZP\R^JFDDBFFZ\LLBB`@f@RXb@`@XF@@DBFDB@d@XPHA`@CTAZGb@E`@I^I^ELa@rAANCR?JARAX?^@V?VDt@DJFXJb@BHNl@FPBL@F@J?VMn@QdAU~@IZEPCTCZAPARAPA\@X@\@TFh@D\BNFTHTL^DHd@hAFNBBLP@DHJHPBDBTHP@L?NCVG`@C\APALEp@Gz@O|BALAPAP?N?NBf@@JKDOBM?QKA?C@A?A@CDABGf@SfBYjBO~@	Click to Generate
S4	45	1			3	Busk Meadow Park (S4)	S. Ali's Off Licence (S4)	Norwood and Bishopsholme Community Centre (S4)	3106	2330	wx~dItq~GM@G?oAJUBQ_AQcA[sA]kA_@_Ak@uAm@iATi@FKDENCf@KHAJCRCt@IHCJGbBgAF?LCLCPAHDFHXjALn@??Mo@YkAGIIEQ@MBMBG?cBfAKFIBu@HSBKBI@g@JOBEDGJUh@IKOOEEIKB]Bo@D_A?UDeAH}BFgABWHu@Jw@VuAX{ADOTw@\gATk@HQPe@jApAd@j@l@t@DDZh@nAlC\jAZ~@L`@Nl@Ll@F\@FH^Jt@BX@F\vEJtADf@J|A@pA?lA??EpBs@DO@M?yCN]@I?U@Y@G?oAJUBQ_AQcA[sA]kA_@_Ak@uAm@iATi@FKDENCf@KHAJCRCt@IHCJGbBgAF?LCLCPA??HDFHXjALn@Mo@YkAGIIEQ@MBMBG?cBfAKFIBu@HSBKBI@g@JOBEDGJUh@l@hAj@tA^~@\jAZrAPbAP~@TCnAKF?LA	Click to Generate
S4	15	1			3	Illusionz (S4)	MyCigara (S4)	J W Young (Butchers) Ltd (S4)	1388	1041	ab{dIv~vGRp@a@d@q@p@S\EDWVDNJb@VjABHHd@iAdA}@w@UU[e@kAgBbAuCJ[DMPg@DIFQ_@i@o@y@[a@m@u@CCK\Qn@?BCD[dAu@~Be@w@mAmBBtH@LXh@rAgEt@_CZeABE?CPo@J]BBl@t@Z`@n@x@^h@Xn@N`@Pd@L`@@JFXPENEREp@q@`@e@Sq@	Click to Generate
S4	30	1			3	Norwood and Bishopsholme Community Centre (S4)	Busk Meadow Park (S4)	Northern Perk (S4)	2493	1870	c__eI|_}G\h@LPQd@IPUj@]fAUv@ENYzAWtAKv@It@CVGfAI|BEdA?TE~@Cn@C\HJDDNNHJTi@FKDENCf@KHAJCRCt@IHCJGbBgAF?LCLCPA??HDFHXjALn@??Mo@YkAGIIEQ@MBMBG?cBfAKFIBu@HSBKBI@g@JOBEDGJUh@IKOOEEIKB]Bo@D_A?UDeAH}BFgABWHu@Jw@VuAX{ADOTw@\gATk@HQPe@f@eATe@`@}@p@}AT]Za@XYx@q@p@m@v@w@r@s@d@u@R]FMb@w@DGR_@EIe@iACCAEEGWg@Wd@gAuBTg@LTBDP\^t@DFVf@DF@DBBDJ^|@DHLPGLEHKTIPWd@[`@SPa@Ts@r@w@v@q@l@y@p@YX[`@U\q@|Aa@|@Ud@g@dAMQ]i@	Click to Generate
S4	20	1			3	Lana Pizza (S4)	Oasis Academy Fir Vale (S4)	Fir Vale Pharmacy (S4)	1970	1478	{d~dInmzGOYIOEIIOOg@TVFFDBJLBRDTJd@BHJf@DTLf@DTLl@^\PRHFXVLP@]A[AQ?IIk@AOROSN@NHj@@Z@ZA\MQYWIGQS_@]Mm@EUMg@EUKg@CIKe@EUCSGe@AMKeAGq@??E]MaAMs@Ei@Eo@Cs@@o@Bm@@MB[@O?KPaDDw@Dy@mAmA}@tD]~ARNZTp@b@TPgAu@[USOMb@KVMLSLSJk@TUJGFgGpMGLCJ?JRlB\~CVCZCp@Cp@?rABjA@f@?`A@|@?l@@v@BRDJMFG@EBI@I?UEUKg@CIKU	Click to Generate
S4	45	1			3	Scott Road Store (S4)	Masjid Noor (S4)	All Days (S4)	3206	2404	c`}dIv_|GFXAHK\SVGKGKGEGC@m@N_DHmAH{@Ho@H]x@aCL[HUPg@Rm@v@mByDcK\i@]h@xDbKw@lBKZGPQf@ITMZy@`CI\In@Iz@IlAO~CAl@QzDOpCA\IfBCHQVo@uBQi@[gA{@}Ce@{ASo@M?S@Q@UFKDEBUNULb@dC??c@eCTMTODCJETGPARAL?Rn@d@zAz@|CZfAPh@n@tBPWBIHgB@]NqCP{D@m@N_DHmAH{@Ho@H]x@aCL[HUPg@Rm@v@mBx@yBQa@aD_I_@aA^`ArD`Jy@xBw@lBSl@Qf@ITMZy@`CI\In@Iz@IlAO~CAl@FBFDFJFJRWJ]@IGY	Click to Generate
S4	60	1			3	Crushing mill, Kelham Island, Sheffield (S4)	St. James Church (S4)	All Days (S4)	6159	4619	ymzdIvg~G@V@JKDOBM?QKA?C@A?A@CDABGf@SfBYjBk@vD]nB\oBj@wDF[PoARgBFg@@CBE@A@?BA@?PJL?NCJEAKCg@?O?O@Q@Q@MN}BF{@Dq@@M@QB]Fa@[MSKICYMIEy@_@C?K?C@G@A@EBM@E?KAIAEAWCGAoACMAS@G@C@EDED_AvAEFWb@INCBCBC@SBeAVGBGBEBA@C@EBEBKH}ApAOJMFMFKDKBOBMBM@Q?m@EI?aBIsAEuBI}@KYMc@Wk@k@mBqBy@_A]_@UUEGW]GGiB}BMO]We@SUGQG_@EKAEAu@IGAGAOCOEICGCICq@[m@YGCOGOGIE]SGC]Ue@g@CCe@o@[g@CEWc@CEEIMWISOYWa@_@m@MS_@o@Ye@[q@Ue@EIa@}@Sc@u@aBa@aAEKPWBIHgB@]NqCP{DFBFDFJFJRWJ]@IGY??FXAHK\SVGKGKGEGC@m@N_DHmAH{@Ho@H]x@aCL[HUPg@Rm@v@mBx@yBQa@aD_I_@aA^`ArD`Jy@xBw@lBSl@Qf@ITMZy@`CI\In@Iz@IlAO~CAl@QzDOpCA\IfBCHQVDJ`@`At@`BRb@`@|@DHTd@Zp@Xd@^n@LR^l@V`@NXHRLVDHBDVb@BDZf@d@n@BBd@f@\TFB\RHDNFNFFBl@Xp@ZHBFBHBNDNBF@F@t@HD@J@^DPFTFd@R\VLNhB|BFFV\DFTT\^x@~@lBpBj@j@b@VXL|@JtBHrAD`BHH?l@DP?LALCNCJCJELGLGNK|AqAJIDCDCBA@ADCFCFCdAWRCBABCBCHOJNFDHDv@XJBH@F?F?H?FAFAHAHAHEHEJGJEHEFEBCDCDAJCJy@Be@Be@@c@@G?Q?k@?ICw@?]By@PeDNYFED?D?A\@X@\@TFh@D\BNFTHTL^DHd@hAFNBBLP@DHJHPBDBTHP@L?NCVG`@C\APALEp@Gz@O|BALAPAP?N?N@N	Click to Generate
S4	20	1			3	Jamia Dar Ul Uloom Qadiria Jillania Centre (S4)	Oasis Academy Fir Vale (S4)	Fir Vale Academy (S4)	1504	1128	ob~dI`tzGVTPRHFXVLPPRDDDFNRJWTc@HK@K?IEUDT?HAJ_@n@KVOSEGEEQSMQYWIGQS_@]Mm@EUMg@EUKg@CIKe@EUCSGe@AMKeAGq@??E]MaAMs@Ei@Eo@Cs@@o@Bm@@MB[@O?KPaDF@l@Jv@NFa@D_@By@BIFAFBDRD^CFBTDVTvAALCNC@AQYPHxBXO??GiBBABO@MUwAEWCUIFM@GCE^G`@w@Om@KGAQ`D?JANCZALCl@An@Br@Dn@Dh@Lr@L`AD\Fp@JdA@LFd@BRDTJd@BHJf@DTLf@DTLl@FF	Click to Generate
S4	60	1			3	Masjid Umar (S4)	Osgathorpe Park (S4)	Scott Road Store (S4)	5009	3757	ig}dIv_{GBIJGLIPEBSLm@H]FI~@bCv@pBdAjCjApCSl@Qf@ITMZy@`CI\In@Iz@IlAO~CMIGGGM_EaNe@}AmBPKAIEIQq@kA}@hBLUn@sAp@jAHPHDDNX~@b@tA^nA?FCFMNmAlAa@mAo@cBo@aBCKCIOa@ISOa@PWBKCe@KeDIkCMoCOyAOyA[aCSgBc@_Ds@uFzBiANONUP[J]Hk@@MHa@@u@@y@Au@GiAE_@Cc@EUE_@Oy@]qApCeDAECS?Y@YDWPa@t@~A`A`B\|@@B`ArCRp@j@`BHT|@nC^xA]c@ESEEEEMBq@t@Xv@h@~AgCzCKWw@{B@KdCsCp@u@LCDDDDDR\b@Vz@bAbDx@jC~@pD|@dDH`@Hb@Rd@`@v@PXRTPB`@AF?XGHCHEJOTs@HWRm@l@cBHS~@mCFS`@gAVu@~@bBFHv@lAf@v@`AbBCx@Cd@Ct@AZCfA?BCl@A\E`BCXCJ??CLILIHQ?WEeBSKCC?cAKwAOeAIe@Kk@Gc@nAUt@i@|Ay@xBw@lBSl@Qf@HNIOPg@FQJ[kAqCeAkCw@qB_AcCGHI\Ml@CRQDMHKFCH	Click to Generate
S4	20	1			3	Khan Darbar (S4)	Accelerate (S4)	Aaliyah Mosque (S4)	1717	1288	oe{dIdewGCGK[K]EOCMCMGq@Oa@Yo@JaAPEt@OA]Ke@?G@GBM?CAOKGIGCTc@dCK`AGPWp@ELKZcAtC][a@OOQkAgBt@_CZeABE?CLe@BIJ]BBl@t@Z`@n@x@^h@Xn@N`@Pd@L`@@JFXPENEREp@q@`@e@HI`@a@TSHSL_@DGHQBGNM@CFQDQJc@He@l@cDeBeAARSpCAF?D?D?DBxATCUB?CCuA?E?E?E@GRqC@SdBdAm@bDId@Kb@EPGPABAVAHCLINILKLSFURa@`@IHa@d@q@p@S\EDWVBF	Click to Generate
S4	20	1			3	National Blinds (S4)	Aaliyah Mosque (S4)	J W Young (Butchers) Ltd (S4)	1769	1327	_j{dIr{vGRT^h@Xn@N`@Pd@L`@@JFXPELE@?REp@q@`@e@HI`@a@TSHSL_@DGHQBGNM@CFQDQJc@He@l@cDeBeAARSpCAF?D?D?DBxATCUB?CCuA?E?E?E@GRqC@SdBdAm@bDId@Kb@EPGPABAVAHCLINILKLSFURa@`@IHa@d@q@p@S\EDWVK[K]o@tAy@dBkAgB][a@OOQkAgBe@w@mAmBBtH@LXh@rAgEt@_CZeABE?CPo@J]BBl@t@Z`@Zb@	Click to Generate
S4	20	1			3	Sheffield Auto Spares (S4)	Illusionz (S4)	Aaliyah Mosque (S4)	1585	1189	ug{dIz~vGUg@_@i@o@y@[a@AAk@s@CCK\Qn@?BCD[dAu@~BjAfBNP`@N\ZjAfBZd@TT|@v@hAeAIe@CIWkAKc@EOK[BIBCPENEREp@q@`@e@HI`@a@TSHSL_@DGHQBGNM@CFQDQJc@He@l@cDeBeAARSpCAF?D?D?DBxATCUB?CCuA?E?E?E@GRqC@SdBdAm@bDId@Kb@EPGPABAVAHCLINILKLSFURa@`@IHa@d@q@p@S\EDWVK[K]EOCMCMGq@Oa@CG	Click to Generate
S4	20	1			3	Attercliffe Spice (S4)	Accelerate (S4)	Aaliyah Mosque (S4)	2066	1550	ch{dIj|vGGf@Xn@N`@Pd@L`@@JFXPENEREFIh@g@`@e@HI`@a@TSHSNQJIDCF?JLFFDFZROAM?KAKAQAM@SFURa@`@IHa@d@q@p@S\EDWVK[K]o@tAy@dBkAgB][a@OOQkAgBt@_CZeABE?CLe@BIJ]BBl@t@Z`@n@x@^h@Xn@N`@Pd@L`@@JFXPENEREp@q@`@e@HI`@a@TSHSL_@DGHQBGNM@CFQDQJc@He@l@cDeBeAARSpCAF?D?D?DBxATCUB?CCuA?E?E?E@GRqC@SdBdAm@bDId@Kb@EPGPABAVAHCLINILKLSFURa@`@IHa@d@q@p@S\EDWVK[K]EOCMCMGq@Oa@Yo@Fg@	Click to Generate
S4	30	1			3	Premier Doors (S4)	J W Young (Butchers) Ltd (S4)	Aaliyah Mosque (S4)	2121	1591	ij{dId{vG\b@^h@Xn@N`@Pd@BDHZ@JFXBh@DNb@nBBHHd@iAdA}@w@UU[e@kAgB][a@OOQkAgBe@w@mAmBBtH@LXh@rAgEt@_CZeABE?CPo@J]BBl@t@Z`@n@x@^h@Xn@N`@Pd@L`@@JFXPENEREp@q@`@e@HI`@a@TSHSL_@DGHQBGNM@CFQDQJc@He@l@cDeBeAARSpCAF?D?D?DBxATCUB?CCuA?E?E?E@GRqC@SdBdAm@bDId@Kb@EPGPABAVAHCLINILKLSFURa@`@IHa@d@q@p@S\EDWVK[K]EOCMCMGq@Oa@Yo@_@i@]c@	Click to Generate
S4	20	1			3	Jamia Dar Ul Uloom Qadiria Jillania Centre (S4)	Oasis Academy Fir Vale (S4)	Fir Vale Academy (S4)	1504	1128	ec~dIlrzGLj@^\PRHFXVLPPRDDDFNRJWTc@HK@K?IEUDT?HAJ_@n@KVOSEGEEQSMQYWIGQS_@]Mm@EUMg@EUKg@CIKe@EUCSGe@AMKeAGq@??E]MaAMs@Ei@Eo@Cs@@o@Bm@@MB[@O?KPaDF@l@Jv@NFa@D_@By@BIFAFBDRD^CFBTDVTvAALCNC@AQYPHxBXO??GiBBABO@MUwAEWCUIFM@GCE^G`@w@Om@KGAQ`D?JANCZALCl@An@Br@Dn@Dh@Lr@L`AD\Fp@JdA@LFd@BRDTJd@BHJf@DTLf@DT?@	Click to Generate
S4	60	1			3	Sheffield Steel City Beer Festival 49 (S4)	St. James Church (S4)	All Days (S4)	6159	4619	unzdIdi~GI?QKA?C@A?A@CDABGf@SfBYjBO~@[vB]nB\oBj@wDXkBRgBFg@@CBE@A@?BA@?PJL?NCJEAKCg@?O?O@Q@Q@MN}BF{@Dq@@M@QB]Fa@[MSKICYMIEy@_@C?K?C@G@A@EBM@E?KAIAEAWCGAoACMAS@G@C@EDED_AvAEFWb@INCBCBC@SBeAVGBGBEBA@C@EBEBKH}ApAOJMFMFKDKBOBMBM@Q?m@EI?aBIsAEuBI}@KYMc@Wk@k@mBqBy@_A]_@UUEGW]GGiB}BMO]We@SUGQG_@EKAEAu@IGAGAOCOEICGCICq@[m@YGCOGOGIE]SGC]Ue@g@CCe@o@[g@CEWc@CEEIMWISOYWa@_@m@MS_@o@Ye@[q@Ue@EIa@}@Sc@u@aBa@aAEKPWBIHgB@]NqCP{DFBFDFJFJRWJ]@IGY??FXAHK\SVGKGKGEGC@m@N_DHmAH{@Ho@H]x@aCL[HUPg@Rm@v@mBx@yBQa@aD_I_@aA^`ArD`Jy@xBw@lBSl@Qf@ITMZy@`CI\In@Iz@IlAO~CAl@QzDOpCA\IfBCHQVDJ`@`At@`BRb@`@|@DHTd@Zp@Xd@^n@LR^l@V`@NXHRLVDHBDVb@BDZf@d@n@BBd@f@\TFB\RHDNFNFFBl@Xp@ZHBFBHBNDNBF@F@t@HD@J@^DPFTFd@R\VLNhB|BFFV\DFTT\^x@~@lBpBj@j@b@VXL|@JtBHrAD`BHH?l@DP?LALCNCJCJELGLGNK|AqAJIDCDCBA@ADCFCFCdAWRCBABCBCHOJNFDHDv@XJBH@F?F?H?FAFAHAHAHEHEJGJEHEFEBCDCDAJCJy@Be@Be@@c@@G?Q?k@?ICw@?]By@PeDNYFED?D?A\@X@\@TFh@D\BNFTHTL^DHd@hAFNBBLP@DHJHPBDBTHP@L?NCVG`@C\APALEp@Gz@O|BALAPAP?N?NBf@@JKDOBC?	Click to Generate
S4	20	1			3	Bit Of Everything (S4)	Travel & More (S4)	J W Young (Butchers) Ltd (S4)	1519	1139	{f{dI~cwG_@x@y@dBZd@TT|@v@hAeAIe@CIc@oBEOK[BIBCPENEREp@q@`@e@a@wALd@Rp@a@d@q@p@S\EDWVK[K]EOCMCMGq@Oa@Yo@_@i@]c@QU[a@m@u@CCK\Qn@?BCD[dAu@~BsAfEYi@AMCuHlAlBd@v@jAfBNP`@N\ZjAfBZd@TT|@v@hAeAIe@CIc@oBEOK[K]OZ	Click to Generate
S4	30	1			3	S. Ali's Off Licence (S4)	Busk Meadow Park (S4)	Norwood and Bishopsholme Community Centre (S4)	2530	1898	{u~dI~}~GLNPp@DEH@FFpAr@NeAR_BPeBHuA@]H}ABaADqB???mAAqAr@QXIl@OHGJGV[P[BX?PEdAAJEnACrAArAq@B]BO?oAFs@DO@M?yCN]@I?U@Y@G?oAJUBQ_AQcA[sA]kA_@_Ak@uAm@iATi@FKDENCf@KHAJCRCt@IHCJGbBgAF?LCLCPAHDFHXjALn@??Mo@YkAGIIE??Q@MBMBG?cBfAKFIBu@HSBKBI@g@JOBEDGJUh@l@hAj@tA^~@\jAZrAPbAP~@TCnAKF?XATAH?\AxCOL?NAr@EC`AI|AA\ItAQdBS~AOdAc@bCaBuAZeBQq@MO	Click to Generate
S4	20	1			3	Wood Hill Grange (S4)	Osgathorpe Park (S4)	Corner Cabin (S4)	1753	1315	qq}dIrvyGUaCQJE_@Cc@EUE_@Oy@]qApCeDAECS?Y@YDWPa@t@~A`A`B\|@@B`ArCRp@Z~@N`@HT|@nC^xA]c@ESEEEEMBq@t@Xv@h@~AgCzCKWw@{B@KdCsCp@u@LCDDDDDR\b@_@yA}@oCIUk@aBSq@aAsCAC]}@aAaBg@cAM[Q`@EVAX?XBR@DqCdD\pANx@D^DTBb@D^PKT`C	Click to Generate
S4	45	1			3	Northern General Hospital (S4)	Northern Perk (S4)	St Cuthberts (S4)	3403	2552	_o~dIdk{G???IBCFAH?FBB?R@H?F?DFJXDVPM\[JMHSL_@Ji@Fi@@i@?w@@o@Ac@AQC[E[Oa@O[MMQOOGMGY?I@MDMH}@f@aD~A_@RWNeAp@aAl@MJ]RKLSXGFKFEBIDKBY@M@s@@C?E?w@BU@CR?R?L?H?L?H@N@p@?V?t@?P@^B`C?PB|@@FBFJBdACfBED?v@GPAB?F?NHXH@?h@A\?N?JFHFFRFT?@HNJTR^JV\l@LVNVb@|@LTLTBDP\^t@DFVf@DF@DBBDJ^|@DH`@q@BG@ARYlAgCd@_AFKHUHYF]Da@\_DDm@@q@@sBAeB?]@s@Bo@Dg@DWHo@JoA@]@g@@_@@kB@uB?{@@mA?MAQAOEWMm@EUMg@EUKg@CIKUOYIOEIIOOg@Sa@aEiIUc@O]Ua@]u@GFgGpMGLCJ?JRlB\~CVCZCp@Cp@?rABjA@f@?AbAGjD?D?l@X?LFNFPNLLNZN`@DZBZ@P@b@An@?v@Ah@Gh@Kh@M^IRKL]ZQLEWKYEGG?I?SAC?ENEFM?CC?G	Click to Generate
S4	20	1			3	Wood Hill Lodge (S4)	Whiteways Primary School (S4)	Corner Cabin (S4)	2067	1550	mg}dIrqyGN`@HT|@nCVbAFTVz@bAbDx@jC~@pD|@dDH`@Hb@]f@\g@Ic@Ia@}@eD_AqDy@kCcAcDW{@_@yA}@oCIUk@aBSq@aAsCAC]}@aAaBu@_BQ`@EVAX?XBR@DqCdD\pANx@D^DTBb@D^PKT`CVxCBFD@EACGm@{GQJE_@Cc@EUE_@Oy@]qApCeDAECS?Y@YDWPa@LZf@bA`A`B\|@@B`ArCRp@Z~@	Click to Generate
S4	30	1			3	Whiteways Primary School (S4)	Osgathorpe Park (S4)	Corner Cabin (S4)	2794	2096	ye}dIjuyGY_AIUk@aBSq@aAsCAC]}@aAaBu@_BQ`@EVAX?XBR@DqCdD\pANx@D^DTBb@D^PKT`CVxCBFD@EACGm@{GQJE_@Cc@EUE_@Oy@]qApCeDAECS?Y@YDWPa@t@~A`A`B\|@@B`ArCRp@j@`BHT|@nC^xA]c@ESEEEEMBq@t@Xv@h@~AgCzCKWw@{B@KdCsCp@u@LCDDDDDR\b@_@yA}@oCIUk@aBSq@aAsCAC]}@aAaBu@_BUk@M[Qk@Mk@Ky@OcAM}@OeAT_@Pd@n@fBVl@Rh@n@zAa@pASl@LZf@bA`A`B\|@@B`ArCRp@j@`BHTX~@	Click to Generate
S4	20	1			3	Wood Hill Grange (S4)	Whiteways Primary School (S4)	Osgathorpe Park (S4)	1873	1405	}c}dI~yyGWcA}@oCIUOa@[_ASq@aAsCAC]}@aAaBu@_BQ`@EVAX?XBR@DqCdD\pANx@D^DTBb@D^PKT`CVxCBFD@EACGm@{GQJE_@Cc@EUE_@Oy@]qApCeDAECS?Y@YDWPa@t@~A`A`B\|@@B`ArCRp@j@`BHT|@nC^xA]c@ESEEEEMBq@t@Xv@h@~AgCzCKWw@{B@KdCsCp@u@LCDDDDDR\b@GU	Click to Generate
S4	30	1			3	Lana Pizza (S4)	Masjid Umar (S4)	St Cuthberts (S4)	2310	1732	i{}dIl`{GNIBABEFOcA{BQ]AEQ_@QWOSEGEEQS@]A[AQ?IIk@AOROSN@NHj@@Z@ZA\PRDDDFNRPVP^@DP\bAzBfA~B`BpD`@hARj@N`@HRN`@BHBJn@`Bn@bB`@lAlAmALOBG?G_@oAc@uAY_AEOIEIQq@kA}@hBLUn@sAp@jAHPHDDNX~@b@tA^nA?FCFMNmAlAa@mAo@cBo@aBCKCIOa@ISOa@Sk@a@iAaBqDgA_CcA{BQ]AEQ_@QWOSEGEEQSMQYWIGQS_@]Mm@EUMg@EUKg@CIKUOYIOEIIOOg@TVFFDBJLBRDTJd@BHJf@DTLf@DTLl@^\PRHFXVLPPRDDDFNRPVP^@DP\bAzBGNCDC@OH	Click to Generate
S4	20	1			3	Traditional Therapy (S4)	Aaliyah Mosque (S4)	Accelerate (S4)	1948	1461	ud{dI~cwG??EDWVK[K]EOCMCMGq@Oa@Yo@_@i@o@y@d@_CPL\TH]^Tc@dCCXGf@Xn@N`@Pd@L`@@JFXPENEREp@q@`@e@HI`@a@TSHSL_@DGHQBGNM@CFQDQJc@He@l@cDeBeAARSpCAF?D?D?DBxATCUB?CCuA?E?E?E@GRqC@SdBdAm@bDId@Kb@EPGPABAVAHCLINILKLSFURa@`@IHa@d@q@p@S\EDWVK[K]o@tAy@dBkAgB][a@OOQkAgBt@_CZeABE?CLe@BIJ]BBl@t@Z`@n@x@^h@Xn@N`@Pd@L`@@JFXPENERES\	Click to Generate
S4	20	1			3	New Roomstyle (S4)	Attercliffe News & Booze (S4)	Baltic Pearl (S4)	1541	1156	u~zdI~xvGCuA?E?E?E@GRqC@SdBdAm@bDId@Kb@EPGPABAVAHCLINILKLSFURa@`@IHa@d@q@p@S\EDWVK[K]EOCMCMGq@GQGOYo@_@i@o@y@[a@TcAMj@GVZ`@n@x@^h@GPWp@ELKZcAtCjAfBZd@TT|@v@d@c@b@a@Ie@CIc@oBEOK[BIBCPENEREp@q@`@e@HI`@a@TSHSL_@DGHQBGNM@CFQDQJc@He@l@cDeBeAARSpCAF?D?D?DBtA	Click to Generate
S4	15	1			3	Traditional Therapy (S4)	J W Young (Butchers) Ltd (S4)	Illusionz (S4)	1321	991	ym{dIzxvGBIJ]BBl@t@Z`@d@_CPL\TH]^Tc@dCCXGf@GPWp@ELKZcAtC][a@OOQkAgBe@w@mAmBBtH@LXh@rAgEjAfBNP`@N\ZjAfBZd@TT|@v@hAeAIe@CIWkAKc@EOK[K]EOCMCMGq@Oa@Yo@_@i@o@y@[a@m@u@CCK\CH	Click to Generate
S4	15	1			3	Lustrous Furniture (S4)	J W Young (Butchers) Ltd (S4)	Illusionz (S4)	1312	984	el{dI|xvGLNZ`@n@x@^h@JaATEp@OA]Ke@?G@GBM?CAOKGIGCTc@dCK`AGPWp@ELKZcAtC][a@OOQkAgBe@w@mAmBBtH@LXh@rAgEjAfBNP`@N\ZjAfBZd@TT|@v@hAeAIe@CIWkAKc@EOK[K]EOCMCMGq@Oa@Yo@_@i@o@y@[a@MO	Click to Generate
S4	45	1			3	PDSA (S4)	Eye of Needle (S4)	Colourcraft Limited (S4)	3731	2798	am|dIdxwGw@BKBEBCBc@`@u@wAWQIOS[GIYa@S]KUIOJYFQP_@LSVWl@oAR\Sd@??Re@S]m@nAQn@Ub@CFIPR\b@t@DFJBNCHI@?JMNMfA_CDIDGDADADAD@D@lBr@xGdCLD|@\@@JBfBz@hA^f@NhAd@|@Z_@vC{Ai@oAc@AAW_@WSYOm@?OX??NYl@?XNVRV^@@nAb@zAh@^wC}@[iAe@g@OiA_@gB{@KCAA}@]MEyGeCmBs@EAEAE@E@E@EFEHgA~BM`@GLABMHM@WBGIYa@KCKAI?G?O?QXu@`BgAdCkCbGXd@@B@@~@~ApBjDrBnD|FzJ~CxF~@qBv@gBeA}Az@qBDi@Bc@@W@u@@I@G@IBGa@q@S]GKIOO_@CIKq@Mc@Ms@WyAKa@K]Oc@Oe@]_Aa@s@KOaAoBa@y@b@a@BCDCJCv@C	Click to Generate
S4	20	1			3	Scott Road Store (S4)	Tea and Cakes (S4)	St. James Church (S4)	1631	1223	ky|dItc{GP`@y@xBw@lBSl@Qf@HNIOPg@FQJ[kAqCeAkCw@qB_AcCGHI\Ml@CRQDMHKFCHADCN?VBVFPb@jAb@dAJTKNt@zEBHDBD?DIp@gBdAqCjApCSl@Qf@ITMZy@`CI\In@Iz@IlAO~CAl@FBFDFJFJRWJ]@IGY??FXAHK\SVGKGKGEGC@m@N_DHmAH{@Ho@H]x@aCL[HUPg@Rm@v@mBx@yBQa@	Click to Generate
S4	45	1			3	Le Bon Vin (S4)	PDSA (S4)	J W Young (Butchers) Ltd (S4)	3528	2646	s~{dIx{wGNYl@?XNVRV^@@nAb@zAh@^wC}@[iAe@g@OiA_@gB{@KCAA}@]MEyGeCmBs@EAEAE@E@E@EFEHgA~BM`@GLABMH@XLh@t@vA`@x@`AnBJNPWBAPWUXQVKOaAoBa@y@u@wAWQIOS[GIYa@S]KUIOJYFQP_@LSVWl@oAR\Sd@??Re@S]Xo@f@eAv@gBdA}Br@aBJWXs@Tu@\eAb@kAfA{C`ByEJ[n@wBVu@DKL]^h@@BJLNTFHJP^h@FL`@p@j@|@R^LRBDBDV\nAfBx@dAZ^JP\^FFFHx@~@K\Qn@?BCD[dAu@~BsAfEYi@AMCuHlAlBd@v@jAfBNP`@N\ZjAfBGx@Q~BADIfBAt@i@rBg@hAk@|Ao@Ki@SgA]_@vC{Ai@oAc@AAW_@WSYOm@?OX	Click to Generate
S4	15	1			3	The Carlton Hotel (S4)	Bit Of Everything (S4)	J W Young (Butchers) Ltd (S4)	1401	1051	gi{dIn|vGZb@GPWp@ELKZcAtCjAfBZd@TT|@v@hAeAIe@CIc@oBAGCGK[BIBCPENEREp@q@`@e@a@wALd@Rp@a@d@q@p@S\EDWVK[K]o@tAy@dBkAgB][a@OOQkAgBe@w@mAmBBtH@LXh@rAgEt@_CZeABE?CPo@J]BBl@t@Z`@n@x@BD	Click to Generate
S4	30	1			3	New Roomstyle (S4)	J W Young (Butchers) Ltd (S4)	Aaliyah Mosque (S4)	2203	1652	ok{dItxvGGVZ`@n@x@^h@Xn@FNFPPd@L`@@JFXBh@DNb@nBBHHd@iAdA}@w@UU[e@kAgB][a@OOQkAgBe@w@mAmBBtH@LXh@rAgEt@_CZeABE?CPo@J]BBl@t@Z`@n@x@^h@Xn@N`@Pd@L`@@JFXPENEREp@q@`@e@HI`@a@TSHSL_@DGHQBGNM@CFQDQJc@He@l@cDeBeAARSpCAF?D?D?DBxATCUB?CCuA?E?E?E@GRqC@SdBdAm@bDId@Kb@EPGPABAVAHCLINILKLSFURa@`@IHa@d@q@p@S\EDWVK[K]EOCMCMGq@Oa@Yo@_@i@o@y@[a@FW	Click to Generate
S4	20	1			3	Traditional Therapy (S4)	Aaliyah Mosque (S4)	Accelerate (S4)	1959	1469	yc{dIvbwGGHS\EDWVK[K]EOCMCMGq@Oa@Yo@_@i@o@y@d@_CPL\TH]^Tc@dCCXGf@Xn@N`@Pd@L`@@JFXPENEREp@q@`@e@HI`@a@TSHSL_@DGHQBGNM@CFQDQJc@He@l@cDeBeAARSpCAF?D?D?DBxATCUB?CCuA?E?E?E@GRqC@SdBdAm@bDId@Kb@EPGPABAVAHCLINILKLSFURa@`@IHa@d@q@p@S\EDWVK[K]o@tAy@dBkAgB][a@OOQkAgBt@_CZeABE?CLe@BIJ]BBl@t@Z`@n@x@^h@Xn@N`@Pd@L`@@JFXPENEREFI	Click to Generate
S4	30	1			3	JBM Automotive (S4)	Wood Hill Lodge (S4)	Wood Hill Grange (S4)	2938	2204	sq|dItpyG???KAKCK_@i@S[EMCYCMIQ_BrDk@tArA`ClBbDh@uAJUJKHCLAJBNFLPtBxDMj@Lk@qAaCc@w@MQOGKCM@IBKJKTi@tAf@v@nBjDDHJRVd@Wt@a@fAGR_AlCIRm@bBSl@IVUr@KNIDIBYFG?a@@QCSUQYa@w@Se@Ic@Ia@}@eD_AqDy@kCcAcDW{@GUWcA}@oCIUOa@[_ASq@aAsCAC]}@aAaBu@_BUk@M[Qk@Mk@Ky@OcAM}@OeAT_@h@mAdAuBXx@@F|BzFfBxDrAbClArBT\BDdAlBjCpEfAjBDHj@uA~AsDHPBLBXDLRZ^h@BJ@J?J??	Click to Generate
S4	20	1			3	Premier Doors (S4)	Travel & More (S4)	Aaliyah Mosque (S4)	1807	1355	_e{dInkwGe@b@}@w@UU[e@kAgBbAuCJ[DMVq@FQXn@N`@Pd@BDHZ@JFXPENERES\EDWVK[K]EOCMCMGq@Oa@Yo@_@i@]c@QUd@_CPL\TH]^Tc@dCK`AXn@N`@Pd@L`@@JFXPENEREp@q@`@e@HI`@a@TSHSL_@DGHQBGNM@CFQDQJc@He@l@cDeBeAARSpCAF?D?D?DBxATCUB?CCuA?E?E?E@GRqC@SdBdAm@bDId@Kb@EPGPABAVAHCLINILKLSFURa@`@IHa@d@q@p@S\EDWVDNb@nBBHHd@c@`@	Click to Generate
S4	20	1			3	National Blinds (S4)	Aaliyah Mosque (S4)	J W Young (Butchers) Ltd (S4)	1770	1328	si{dI`|vGFF^h@Xn@N`@Pd@L`@@JFXPELE@?REp@q@`@e@HI`@a@TSHSL_@DGHQBGNM@CFQDQJc@He@l@cDeBeAARSpCAF?D?D?DBxATCUB?CCuA?E?E?E@GRqC@SdBdAm@bDId@Kb@EPGPABAVAHCLINILKLSFURa@`@IHa@d@q@p@S\EDWVK[K]o@tAy@dBkAgB][a@OOQkAgBe@w@mAmBBtH@LXh@rAgEt@_CZeABE?CPo@J]BBl@t@Z`@f@p@	Click to Generate
S4	15	1			3	Warty Lounge (S4)	Momento (S4)	J W Young (Butchers) Ltd (S4)	1434	1076	ab{dIv~vGRp@a@d@q@p@S\EDWVK[K]OZ_@x@y@dBkAgBbAuCJ[DMVq@FQJaAN{@RiA_@UI\]UQMe@~B[a@m@u@CCK\Qn@?BCD[dAu@~Be@w@mAmBBtH@LXh@rAgEt@_CZeABE?CPo@J]BBl@t@Z`@n@x@^h@Xn@N`@Pd@L`@@JFXPENEREp@q@`@e@Sq@	Click to Generate
S4	20	1			3	Norwood and Bishopsholme Community Centre (S4)	Shirecliffe Community Centre (S4)	Kaya Hair & Beauty (S4)	1888	1416	ev~dIp`~GMo@YkAGIIE??Q@MBMBG?cBfAKFIBu@HSBKBI@g@JOBEDGJUh@l@hAj@tA^~@\jAZrAPbAP~@TCnAKF?LAJ?TAH?\AxCOL?NAr@EDqB?mAAqA\ITGXIl@OHGJGV[P[BX?PEdAAJEnACrAArAq@B]BO?oAFs@DO@M?yCN]@I?U@Y@G?oAJUBQ_AQcA[sA]kA_@_Ak@uAm@iATi@FKDENCf@KHAJCRCt@IHCJGbBgAF?LCLCPAHDFHXjALn@	Click to Generate
S4	45	1			3	La Piazza (S4)	Eye of Needle (S4)	Colourcraft Limited (S4)	3559	2669	qn|dIhxwGG?KBEBCBc@`@u@wAWQIOS[GIYa@S]KUIOJYFQP_@LSVWHTBLD`@e@x@DK^m@FrAFn@HI@?JMNMfA_CDIDGDADADAD@D@lBr@xGdCLD|@\@@JBfBz@hA^f@NhAd@|@Z_@vC{Ai@oAc@AAW_@WSYOm@?OX??NYl@?XNVRV^@@nAb@zAh@^wC}@[iAe@g@OiA_@gB{@KCAA}@]MEyGeCmBs@EAEAE@E@E@EFEHgA~BM`@GLABMHM@WBGIYa@KCKAI?G?O?QXu@`BgAdCkCbGXd@@B@@~@~ApBjDrBnD|FzJ~CxF~@qBv@gBeA}Az@qBDi@Bc@@W@u@@I@G@IBGa@q@S]GKIOO_@CIKq@Mc@Ms@WyAKa@K]Oc@Oe@]_Aa@s@KOaAoBa@y@b@a@BCDCJCF?	Click to Generate
S4	45	1			3	La Piazza (S4)	City Motor Factors (S4)	Corner Cabin (S4)	3831	2873	y||dI`hxG_A_BAAACYe@jCcGfAeCt@aBJk@DINa@JYFQP_@LSVWHTBLD`@e@x@DK^m@FrAFn@@V@XLh@t@vAb@a@BCDCJCF?jAEJ?J@^H_@IKAK?sADKBEBCBc@`@u@wAWQIOS[GIYa@KCKAI?G?O?QXu@`BgAdCkCbGYe@mF_B_Be@MGKKIREL{@vBmBjEBF~@~BeAtBi@lAU^NdAL|@NbAJx@Lj@Pj@LZTj@LZf@bA`A`B\|@@B`ArCRp@j@`BHT|@nC^xAVz@bAbDx@jC~@pD|@dDH`@Hb@Rd@`@v@PXRTPB`@AF?XGHCHEJOTs@HWRm@l@cBHS~@mCFS`@gAVu@Ri@nF_PPa@Tg@Te@iEmH_DyF}F{JsBoDqBkD	Click to Generate
S4	30	1			3	Wood Hill Grange (S4)	Whiteways Primary School (S4)	Wood Hill Lodge (S4)	2619	1964	io}dIdbyGf@bA`A`B\|@@B`ArCRp@Z~@N`@HTt@y@u@x@IUk@aBSq@aAsCAC]}@aAaBu@_BQ`@EVAX?XBR@DqCdD\pANx@D^DTBb@D^PKT`CVxCBFD@EACGm@{GQJE_@Cc@EUE_@Oy@]qApCeDAECS?Y@YDWPa@t@~A`A`B\|@@B`ArCRp@j@`BHT|@nCVbAFTVz@bAbDx@jC~@pD|@dDH`@Hb@]f@\g@Ic@Ia@}@eD_AqDy@kCcAcDW{@_@yA}@oCIUk@aBSq@aAsCAC]}@aAaBg@cA	Click to Generate
S4	30	1			3	Masjid Umar (S4)	Masjid Noor (S4)	St. James Church (S4)	2293	1720	uq}dIb{{GAN?JFVLt@@DADEDSNCLAV\Ar@?l@?DBDDBJDCJETGPARAL?YcAEOk@uBSs@lAmALOBG?G_@oAc@uAY_AEOIEIQq@kA}@hBLUn@sAp@jAHPHDDNX~@b@tA^nA?FCFMNmAlARr@j@tBDNXbAM?S@Q@UFKDEBUNULb@dC??c@eCTMTODCJETGPARAL?Rn@d@zAz@|CZfAPh@n@tBPWBIHgB@]NqCP{DFBFDFJFJRWJ]@IGY??FXAHK\SVGKGKGEGCQzDOpCA\IfBCHQVo@uBQi@[gA{@}Ce@{ASo@M?S@Q@UFKDEBCKEEECm@?s@?]@@WBMRODE@EAEMu@GW?K@O	Click to Generate
S4	60	1			3	Steel sign for Kelham Island Museum (S4)	St. James Church (S4)	Scott Road Store (S4)	5353	4015	oqzdIfp~GPoARgBFg@@CBE@A@?BA@?PJL?NCJEAKAWAO?O?O@Q@Q@MN}BF{@Dq@@M@QB]Fa@[MSKICYMIEy@_@C?K?C@G@A@EBM@E?KAIAEAWCGAoACMAS@G@C@EDED_AvAEFWb@INCBCBC@SBeAVGBGBEBA@C@EBEBKH}ApAOJMFMFKDKBOBMBM@Q?m@EI?aBIsAEuBI}@KYMc@Wk@k@mBqBy@_A]_@UUEGW]GGiB}BMO]We@SUGQG_@EKAEAu@IGAGAOCOEICGCICq@[m@YGCOGOGIE]SGC]Ue@g@CCe@o@[g@CEWc@CEEIMWISOYWa@_@m@MS_@o@Ye@[q@Ue@EIa@}@Sc@u@aBa@aAEKPWBIHgB@]NqCP{DFBFDFJFJRWJ]@IGY??FXAHK\SVGKGKGEGC@m@N_DHmAH{@Ho@H]x@aCL[HUPg@FQJ[v@mBx@yBh@}ATu@b@oAj@Fd@JdAHvANbAJB?JBdBRVDP?HIHMBM??BKBYDaB@]Bm@?CBgA@[Bu@HGNIJCPCXj@rA|B|@`BFJNZDPBVDnA?L@ND|ADhABJDJHJd@X|Ax@DBtAp@HDd@XfAn@d@Z|BvA\TZRLJ@EBCBABABBBB@F?D?FCFCBC@?R?j@?X@T?DBNBNLb@FLVSDCHGVONGXGJ?LANAl@HJDJBl@XvBtAFBHDr@b@JH\TZP\R^JFDDBFFZ\LLBB`@f@RXb@`@XF@@DBFDB@d@XPHA`@CTAZGb@E`@I^I^ELa@rAANCR?JARAX?^@V?VDt@DJFXJb@BHNl@FPBL@F@J?VMn@QdAU~@IZEPCTCZAPARAPA\@X@\@TFh@D\BNFTHTL^DHd@hAFNBBLP@DHJHPBDBTHP@L?NCVG`@C\APALEp@Gz@O|BALAPAP?N?NBf@@JKDOBM?QKA?C@A?A@CDABGf@SfBQnA	Click to Generate
S4	60	1			3	Hillsborough Barracks Memorial (S4)	Watercliffe Meadow Community Primary School (S4)	S. Ali's Off Licence (S4)	8777	6583	{__eIvaaH?dBBD@N}@nB]v@GKSe@[k@k@gAYg@[i@i@y@GIo@_Aq@u@SYOzAMzAIpBC`BCrAGzF?B?NAzB@f@BZ@FNv@Jj@Nh@Rl@p@tAf@x@d@hA^lAXhAJh@Lh@n@lCX|AD\Lx@Hf@Ff@VjBv@hGHl@DZJp@D`@PtAFf@FZP|AJLFHRLF@j@Ul@Sb@Sn@Y|Ao@ZMbA]FCVKZKTIlAa@fBc@dAUDAFATE\Gj@MjASp@QFAt@St@Or@Sb@KFEXIVMXKHGJIJIHIBCPOEQCQ?YBc@@IFc@Jm@BSFS?I?O?W?]?SAWA_@Ce@AWAMCe@CSC_@Ec@CMCMEMQe@KWo@cBo@aBM[{BqFSe@IMGIEEGEIEICI?GAG@E@G@GBgC|AGDEDGFCDEHCDc@jAEDA@A?C?C?AAECi@m@EEACCG?G?G@I?CH]@M??ALI\?BAH?F?FBF@BDDh@l@DB@@B?B?@?@ADEb@kABEDIBEFGDEFEfC}AFCFADAFAF@H?HBHDFDDDFHHLRd@zBpFLZn@`Bn@bBJVPd@DLBLBLDb@B^BRBd@@L@VBd@@^@V?R?\?V?N?H@T?J?L@L@HD\HHDNBLDXBX?b@MNIJQPGDMFIFIDy@Zo@R{@Vk@Nu@Pc@NE@gAVcATy@PQDE?G@[FWFUDKB{@PoA^SFSFODMB_@LSHo@T]NOH_A^q@Xs@ZOD]Ru@ZUL[GCAMOCSEi@Q}AG[Gg@QuAEa@Kq@E[Im@w@iGWkBGg@Ig@My@E]Y}Ao@mCMi@Ki@YiA_@mAe@iAg@y@q@uASm@Oi@Kk@Ow@AGC[Ag@@{B?O?CF{FBsABaBHqBL{AN{AF]Ha@Pi@JYNWb@}@v@yAv@sAd@_AN_@Z_AP_Ap@{Et@{ENiAN_ADYBKVsBJ_ADk@Bk@?{@GgAXIrAc@J?N?JFJFhBtBZkAFW\eBaBuAZeBQq@MO??LNPp@DEH@FFpAr@NeAR_BPeBHuA@]H}ABaADqB???mAAqAr@QXIl@OHGJGV[P[BX?PEdAAJEnACrAArAq@B]BO?oAFs@DO@M?yCN]@I?U@Y@G?oAJUB_@Ji@Ra@R]Re@^o@r@Qb@IT?L?DBNBLNd@hAlB\f@\l@Vl@Pd@Lp@Jr@Hz@FfA?z@Cj@Ej@K~@WrBCJEXO~@OhAu@zEq@zEQ~@[~@O^e@~@w@rAw@xAc@|@OVKXQh@I`@G\RXp@t@n@~@FHh@x@Zh@Xf@j@fAZj@Rd@FJ\w@|@oBAOCE?eB	Click to Generate
S4	45	1			3	Le Bon Vin (S4)	PDSA (S4)	J W Young (Butchers) Ltd (S4)	3528	2646	s~{dIx{wGNYl@?XNVRV^@@nAb@zAh@^wC}@[iAe@g@OiA_@gB{@KCAA}@]MEyGeCmBs@EAEAE@E@E@EFEHgA~BM`@GLABMH@XLh@t@vA`@x@`AnBJNPWBAPWUXQVKOaAoBa@y@u@wAWQIOS[GIYa@S]KUIOJYFQP_@LSVWl@oAR\Sd@??Re@S]Xo@f@eAv@gBdA}Br@aBJWXs@Tu@\eAb@kAfA{C`ByEJ[n@wBVu@DKL]^h@@BJLNTFHJP^h@FL`@p@j@|@R^LRBDBDV\nAfBx@dAZ^JP\^FFFHx@~@K\Qn@?BCD[dAu@~BsAfEYi@AMCuHlAlBd@v@jAfBNP`@N\ZjAfBGx@Q~BADIfBAt@i@rBg@hAk@|Ao@Ki@SgA]_@vC{Ai@oAc@AAW_@WSYOm@?OX	Click to Generate
S4	20	1			3	Page Hall Medical Centre (S4)	Oasis Academy Fir Vale (S4)	St Cuthberts (S4)	1716	1287	{`~dIfzyG??GiBBABO@MUwAEWCUIFM@GCE^G`@Mf@O^CDKR?@SXSXCDMNLOBERYRYJUBEN_@Lg@w@Om@KGAQ`D?JANCZALCl@An@Br@Dn@Dh@Lr@L`AD\??Fp@JdA@LFd@BRDTJd@BHJf@DTLf@DTLl@^\PRHFERAF?F?t@AtC@Tm@F@uB?{@@mA?MAQAOEWMm@EUMg@EUKg@CIKUOYIOEIIOOg@Sa@aEiI`BkAdA_ALAD?@MB[@O?KPaDF@l@Jv@NFa@D_@By@BIFAFBDRD^CFBTDVTvAALCNC@FhB??	Click to Generate
S4	30	1			3	Jamia Masjid Ghausia (S4)	Fir Vale Academy (S4)	St Cuthberts (S4)	2806	2104	qh~dI`xyGq@c@[USOMb@KVMLSLSJk@TUJGFgGpMGLCJ?JRlB\~CVCZCp@Cp@?rABjA@f@?`A@|@?l@@v@BRDJMFG@EBI@I?UEUKg@CIKe@EUCSGe@AMKeAGq@E]MaAGc@EOEi@Eo@Cs@@o@Bm@@MB[@O?KPaDF@l@Jv@NFa@D_@By@BIFAFBDRD^CFBTDVTvAALCNC@AQYPHxBXO??GiBBABO@MUwAEWCUIFM@GCE^G`@w@Om@KGAQ`D?JANCZALCl@An@Br@Dn@Dh@Lr@L`AD\Fp@JdA@LFd@BRDTJd@BHJf@DTLf@DTLl@^\PRHFERAF?F?t@AtC@Tm@F@uB?{@@mA?MAQAOEWMm@EUMg@EUKg@CIKUOYIOEIIOOg@Sa@aEiIUc@O]Ua@]u@TKj@URKRMLMJWLc@RNZTp@b@	Click to Generate
S4	60	1			3	Wood Hill Lodge (S4)	Wood Hill Grange (S4)	All Days (S4)	4383	3287	yn|dI`yyGOGKCM@IBKJKTi@tAf@v@nBjDDHJRVd@Wt@a@fAGR_AlCIRm@bBSl@IVUr@KNIDIBYFG?a@@QCSUQYa@w@Se@Ic@Ia@}@eD_AqDy@kCcAcDW{@GUWcA}@oCIUOa@[_ASq@aAsCAC]}@aAaBu@_BUk@M[Qk@Mk@Ky@OcAM}@OeAT_@h@mAdAuBXx@@F|BzFfBxDrAbClArBT\BDdAlBjCpEfAjBDHrA`ClBbDf@v@nBjDDHJRVd@~@bBFHv@lAf@v@`AbBCx@Cd@Ct@AZCfA?BCl@A\E`BCXCJ??CLILIHQ?WEeBSKCC?cAKwAOeAIe@Kk@Gc@nAUt@i@|AQa@aD_I_@aA^`ArD`Jh@}ATu@b@oAj@Fd@JdAHvANbAJB?JBdBRVDP?HIHMBM??BKBYDaB@]Bm@?CBgA@[Bu@Be@By@aAcBg@w@w@mAGI_AcBWe@KSEIoBkDg@w@h@uAJUJKHCLAJBNF	Click to Generate
S4	20	1			3	Jamia Dar Ul Uloom Qadiria Jillania Centre (S4)	Oasis Academy Fir Vale (S4)	Fir Vale Academy (S4)	1504	1128	ab~dIltzGHHPRHFXVLPPRDDDFNRJWTc@HK@K?IEUDT?HAJ_@n@KVOSEGEEQSMQYWIGQS_@]Mm@EUMg@EUKg@CIKe@EUCSGe@AMKeAGq@??E]MaAMs@Ei@Eo@Cs@@o@Bm@@MB[@O?KPaDF@l@Jv@NFa@D_@By@BIFAFBDRD^CFBTDVTvAALCNC@AQYPHxBXO??GiBBABO@MUwAEWCUIFM@GCE^G`@w@Om@KGAQ`D?JANCZALCl@An@Br@Dn@Dh@Lr@L`AD\Fp@JdA@LFd@BRDTJd@BHJf@DTLf@DTLl@TR	Click to Generate
S4	60	1			3	E-ACT Parkwood Academy (S4)	Watercliffe Meadow Community Primary School (S4)	S. Ali's Off Licence (S4)	8577	6433	eh~dIb_bHALI\?BAH?F?FBF@BDDh@l@DB@@B?B?@?@ADEb@kABEDIBEFGDEFEfC}AFCFADAFAF@H?HBHDFDDDFHHLRd@zBpFLZn@`Bn@bBJVPd@DLBLBLDb@B^BRBd@@L@VBd@@^@V?R?\?V?N?H@T?J?L@L@HD\HHDNBLDXBX?b@MNIJQPGDMFIFIDy@Zo@R{@Vk@Nu@Pc@NE@gAVcATy@PQDE?G@[FWFUDKB{@PoA^SFSFODMB_@LSHo@T]NOH_A^q@Xs@ZOD]Ru@ZUL[GCAMOCSEi@Q}AG[Gg@QuAEa@Kq@E[Im@w@iGWkBGg@Ig@My@E]Y}Ao@mCMi@Ki@YiA_@mAe@iAg@y@q@uASm@Oi@Kk@Ow@AGC[Ag@@{B?O?CF{FBsABaBHqBL{AN{ARXp@t@n@~@FHh@x@Zh@Xf@j@fAZj@Rd@FJ\w@|@oBAOCE?eB???dBBD@N}@nB]v@GKSe@[k@k@gAYg@[i@i@y@hAoBj@cAHQP[Xg@l@cATe@DGPe@FOHWLc@Ps@Ha@BIL{@d@kCt@mFLgAPuABWH}@F]H_@Vy@r@_Cl@{BPu@ZkAFW\eBaBuAZeBQq@MO??LNPp@DEH@FFpAr@NeAR_BPeBHuA@]H}ABaADqB???mAAqAr@QXIl@OHGJGV[P[BX?PEdAAJEnACrAArAq@B]BO?oAFs@DO@M?yCN]@I?U@Y@G?oAJUB_@Ji@Ra@R]Re@^o@r@Qb@IT?L?DBNBLNd@hAlB\f@\l@Vl@Pd@Lp@Jr@Hz@FfA?z@Cj@Ej@K~@WrBCJEXO~@OhAu@zEq@zEQ~@[~@O^e@~@w@rAw@xAc@|@OVKXQh@I`@G\OzAMzAIpBC`BCrAGzF?B?NAzB@f@BZ@FNv@Jj@Nh@Rl@p@tAf@x@d@hA^lAXhAJh@Lh@n@lCX|AD\Lx@Hf@Ff@VjBv@hGHl@DZJp@D`@PtAFf@FZP|AJLFHRLF@j@Ul@Sb@Sn@Y|Ao@ZMbA]FCVKZKTIlAa@fBc@dAUDAFATE\Gj@MjASp@QFAt@St@Or@Sb@KFEXIVMXKHGJIJIHIBCPOEQCQ?YBc@@IFc@Jm@BSFS?I?O?W?]?SAWA_@Ce@AWAMCe@CSC_@Ec@CMCMEMQe@KWo@cBo@aBM[{BqFSe@IMGIEEGEIEICI?GAG@E@G@GBgC|AGDEDGFCDEHCDc@jAEDA@A?C?C?AAECi@m@EEACCG?G?G@I?CH]@M	Click to Generate
S4	15	1			3	Silver Pan (S4)	MyCigara (S4)	J W Young (Butchers) Ltd (S4)	1222	916	ae{dIpfwGKc@EOK[BIBCPENEREp@q@`@e@a@wALd@Rp@a@d@q@p@S\EDWVK[K]EOCMCMGq@Oa@Yo@GPEHQf@ELKZcAtC][a@OOQkAgBe@w@mAmBBtH@LXh@rAgEt@_CZeABE?CPo@J]BBl@t@Z`@n@x@^h@Xn@N`@Pd@L`@@JFXBh@DNJb@	Click to Generate
S4	20	1			3	Baltic Pearl (S4)	Attercliffe News & Booze (S4)	Aaliyah Mosque (S4)	1651	1238	qf{dIfawG@BL`@@JFXBh@DNb@nBBHHd@c@`@e@b@}@w@UU[e@kAgBbAuCJ[DMVq@FQ_@i@o@y@[a@TcAMj@GVZ`@n@x@^h@Xn@N`@Pd@L`@@JFXPENEREp@q@`@e@HI`@a@TSHSL_@DGHQBGNM@CFQDQJc@He@l@cDeBeAARSpCAF?D?D?DBxATCUB?CCuA?E?E?E@GRqC@SdBdAm@bDId@Kb@EPGPABAVAHCLINILKLSFURa@`@IHa@d@q@p@S\EDWVK[K]EOCMCMGq@N`@	Click to Generate
S4	15	1			3	Accelerate (S4)	Warty Lounge (S4)	Bit Of Everything (S4)	1253	940	cr{dIx~vGd@v@t@_CZeABE?CLe@BIJ]BBl@t@Z`@n@x@^h@Xn@N`@Pd@L`@@JFXPENERES\EDWVK[K]OZ_@x@y@dBZd@TT|@v@hAeAIe@CIc@oBEOK[BIBCPENEREp@q@`@e@a@wALd@Rp@a@d@q@p@S\EDWVK[K]o@tAy@dBkAgB][a@OOQkAgBe@w@	Click to Generate
S4	30	1			3	Global Hair & Beauty (S4)	Oasis Academy Fir Vale (S4)	Masjid Umar (S4)	2380	1785	c}}dIvvzGUb@KVOSEGEEQSMQYWIGQSIIUSMm@EUMg@EUKg@CI[o@IOEIIOOg@Sa@aEiI`BkAdA_ALAD?Cl@An@Br@Dn@Dh@Lr@L`AD\??Fp@JdA@LFd@BRDTJd@BHJf@DTLf@DTLl@^\PRHFXVLPPRDDDFNRPVP^@DP\bAzBfA~B`BpD`@hARj@N`@HRN`@BHBJn@`Bn@bB`@lAlAmALOBG?G_@oAc@uAY_AEOIEIQq@kA}@hBLUn@sAp@jAHPHDDNX~@b@tA^nA?FCFMNmAlAa@mAo@cBo@aBCKCIOa@ISOa@Sk@a@iAaBqDgA_CcA{BQ]AEQ_@QWJWTc@	Click to Generate
S4	30	1			3	Fir Vale Pharmacy (S4)	St Cuthberts (S4)	Fir Vale Academy (S4)	2388	1791	_g~dIdbzGEOEi@Eo@Cs@@o@Bm@@MB[@O?KPaDDw@Dy@mAmA}@tD]~ARNZTp@b@TPgAu@[USOMb@KVMLSLSJk@TUJGFgGpMGLCJ?JRlB\~CVCZCp@Cp@?rABjA@f@?`A@|@?l@@v@BRDJMFG@EBI@I?UEUKg@CIKUOYIOEIIOOg@Sa@aEiI`BkAdA_ALAD?@MB[@O?KPaDF@l@Jv@NFa@D_@By@BIFAFBDRD^CFBTDVTvAALCNC@AQYPHxBXO??GiBBABO@MUwAEWCUIFM@GCE^G`@w@Om@KGAQ`D?JANCZALCl@An@Br@Dn@Dh@DN	Click to Generate
S4	60	1			3	Awesome Walls Sheffield (S4)	Wood Hill Lodge (S4)	All Days (S4)	4666	3500	gm|dIj{yGc@w@MQOGKCM@IBKJKTi@tAmBcDsAaCj@uA~AsDHPBLBXDLRZ^h@BJ@J?J??Wt@AJ@F`@p@a@q@AG@KVu@?KAKCK_@i@S[EMCYCMIQ_BrDk@tAEIgAkBkCqEeAmBCEU]mAsBsAcCgByD}B{FAGYy@eAtBi@lAU^NdAL|@NbAJx@Lj@Pj@LZTj@t@~A`A`B\|@@B`ArCRp@j@`BHT|@nCVbAFTVz@bAbDx@jC~@pD|@dDH`@Hb@Rd@`@v@PXRTPB`@AF?XGHCHEJOTs@HWRm@l@cBHS~@mCFS`@gAVu@~@bBFHv@lAf@v@`AbBCx@Cd@Ct@AZCfA?BCl@A\E`BCXCJ??CLILIHQ?WEeBSKCC?cAKwAOeAIe@Kk@Gc@nAUt@i@|AQa@aD_I_@aA^`ArD`Jh@}ATu@b@oAj@Fd@JdAHvANbAJB?JBdBRVDP?HIHMBM??BKBYDaB@]Bm@?CBgA@[Bu@Be@By@aAcBg@w@w@mAGI_AcBWe@KSEIoBkDg@w@h@uAJUJKHCLAJBNFLPb@v@	Click to Generate
S4	20	1			3	MyCigara (S4)	Baltic Pearl (S4)	J W Young (Butchers) Ltd (S4)	1527	1145	ab{dIv~vGRp@a@d@q@p@S\EDWVK[K]o@tAy@dBkAgBbAuCJ[DMPg@DIFQXn@N`@Pd@L`@@JFXBh@DNb@nBBHHd@c@`@e@b@}@w@UU[e@kAgB][a@OOQkAgBe@w@mAmBBtH@LXh@rAgEt@_CZeABE?CPo@J]BBl@t@Z`@n@x@^h@Xn@N`@Pd@L`@@JFXPENEREp@q@`@e@Sq@	Click to Generate
S4	45	1			3	Busk Meadow Park (S4)	Shirecliffe Community Centre (S4)	Norwood and Bishopsholme Community Centre (S4)	3337	2503	_n~dI|g~G]H@pA?lAEpBs@DO@M?yCN]@I?U@Y@G?oAJUBQ_AQcA[sA]kA_@_Ak@uAm@iATi@FKDENCf@KHAJCRCt@IHCJGbBgAF?LCLCPAHDFHXjALn@??Mo@YkAGIIEQ@MBMBG?cBfAKFIBu@HSBKBI@g@JOBEDGJUh@l@hAj@tA^~@\jAZrAPbAP~@TCnAKF?LAJ?TAH?\AxCOL?NAr@EnAGN?BlCCmCO?oAFs@DO@M?yCN]@I?U@Y@G?oAJUBQ_AQcA[sA]kA_@_Ak@uAm@iATi@FKDENCf@KHAJCRCt@IHCJGbBgAF?LCLCPA??HDFHXjALn@Mo@YkAGIIEQ@MBMBG?cBfAKFIBu@HSBKBI@g@JOBEDGJUh@l@hAj@tA^~@\jAZrAPbAP~@TCnAKF?XATAH?\AxCOL?NAr@EDqB?mAAqA\I	Click to Generate
S4	60	1			3	St. James Church (S4)	Scott Road Store (S4)	All Days (S4)	5891	4418	eqzdIvn~GF_@RgBFg@@CBE@A@?BA@?PJL?NCJEAKCg@?O?O@Q@Q@MN}BF{@Dq@@M@QB]Fa@[MSKICYMIEy@_@C?K?C@G@A@EBM@E?KAIAEAWCGAoACMAS@G@C@EDED_AvAEFWb@INCBCBC@SBeAVGBGBEBA@C@EBEBKH}ApAOJMFMFKDKBOBMBM@Q?m@EI?aBIsAEuBI}@KYMc@Wk@k@mBqBy@_A]_@UUEGW]GGiB}BMO]We@SUGQG_@EKAEAu@IGAGAOCOEICGCICq@[m@YGCOGOGIE]SGC]Ue@g@CCe@o@[g@CEWc@CEEIMWISOYWa@_@m@MS_@o@Ye@[q@Ue@EIa@}@Sc@u@aBa@aAEKPWBIHgB@]NqCP{DFBFDFJFJRWJ]@IGY??FXAHK\SVGKGKGEGC@m@N_DHmAH{@Ho@H]x@aCL[HUPg@FQJ[v@mBx@yBQa@aD_I_@aA^`ArD`Jy@xBw@lBSl@Qf@ITMZy@`CI\In@Iz@IlAO~CAl@QzDOpCA\IfBCHQVDJ`@`At@`BRb@`@|@DHTd@Zp@Xd@^n@LR^l@V`@NXHRLVDHBDVb@BDZf@d@n@BBd@f@\TFB\RHDNFNFFBl@Xp@ZHBFBHBNDNBF@F@t@HD@J@^DPFTFd@R\VLNhB|BFFV\DFTT\^x@~@lBpBj@j@b@VXL|@JtBHrAD`BHH?l@DP?LALCNCJCJELGLGNK|AqAJIDCDCBA@ADCFCFCdAWRCBABCBCHOJNFDHDv@XJBH@F?F?H?FAFAHAHAHEHEJGJEHEFEBCDCDAJCJy@Be@Be@@c@@G?Q?k@?ICw@?]By@PeDNYFED?D?A\@X@\@TFh@D\BNFTHTL^DHd@hAFNBBLP@DHJHPBDBTHP@L?NCVG`@C\APALEp@Gz@O|BALAPAP?N?NBf@@JKDOBM?QKA?C@A?A@CDABGf@SfBG^	Click to Generate
S4	20	1			3	Jamia Dar Ul Uloom Qadiria Jillania Centre (S4)	Oasis Academy Fir Vale (S4)	Fir Vale Academy (S4)	1504	1128	ac~dIzrzGH\^\PRHFXVLPPRDDDFNRJWTc@HK@K?IEUDT?HAJ_@n@KVOSEGEEQSMQYWIGQS_@]Mm@EUMg@EUKg@CIKe@EUCSGe@AMKeAGq@??E]MaAMs@Ei@Eo@Cs@@o@Bm@@MB[@O?KPaDF@l@Jv@NFa@D_@By@BIFAFBDRD^CFBTDVTvAALCNC@AQYPHxBXO??GiBBABO@MUwAEWCUIFM@GCE^G`@w@Om@KGAQ`D?JANCZALCl@An@Br@Dn@Dh@Lr@L`AD\Fp@JdA@LFd@BRDTJd@BHJf@DTLf@DTBN	Click to Generate
S4	20	1			3	The Carlton Hotel (S4)	Accelerate (S4)	Aaliyah Mosque (S4)	1808	1356	mg{dIj{vGQDK`AXn@N`@Pd@L`@@JFXBh@BF@Fb@nBBHHd@iAdA}@w@UU[e@kAgB][a@OOQkAgBt@_CZeABE?CLe@BIJ]BBl@t@Z`@n@x@^h@Xn@N`@Pd@L`@@JFXPENEREp@q@`@e@HI`@a@TSHSL_@DGHQBGNM@CFQDQJc@He@l@cDeBeAARSpCAF?D?D?DBxATCUB?CCuA?E?E?E@GRqC@SdBdAm@bDId@Kb@EPGPABAVAHCLINILKLSFURa@`@IHa@d@q@p@S\EDWVK[K]EOCMCMGq@Oa@Yo@JaAPE	Click to Generate
S4	45	1			3	City Motor Factors (S4)	Colourcraft Limited (S4)	Eye of Needle (S4)	3450	2588	kt|dIlqwG^m@FrAFn@@V@XLh@t@vAb@a@BCDCJCF?jAEJ?J@^H_@IKAK?sADKBEBCBc@`@u@wAWQIOS[GIYa@KCKAI?G?O?QXu@`BgAdCkCbGXd@@B@@pDjGu@jBh@|@i@}@t@kBqBkD_A_BAAACYe@jCcGfAeCt@aBJk@DINa@JYFQP_@LSVWHTBLD`@FrAFn@HI@?JMNMfA_CDIDGDADADAD@D@lBr@xGdCLD|@\@@JBfBz@hA^f@NhAd@|@Z_@vC{Ai@oAc@AAW_@WSYOm@?OX??NYl@?XNVRV^@@nAb@zAh@^wC}@[iAe@g@OiA_@gB{@KCAA}@]MEyGeCmBs@EAEAE@E@E@EFEHgA~BM`@GLABMHM@WBGIYa@S]KUIOJYFQP_@LSVWHTBLD`@_@l@	Click to Generate
S4	20	1			3	St Cuthberts (S4)	Yours Food and Wine (S4)	Oasis Academy Fir Vale (S4)	1674	1256	u_~dIptzG@P@ZA\MQYWIGQS_@]Mm@EUMg@EUKg@CIKUOYIOEIIOOg@TVFFDBJLBRDTJd@BHJf@DTLf@DTLl@^\PRHFXVLPPRDDDFNRPVP^@DP\bAzBGNCDC@OHIDi@ViAh@q@\y@^C@AA@]@g@@_@@kB@uB?{@@mA?MAQAOEWMm@EUMg@EUKg@CI[o@IOEIIOOg@Sa@aEiI`BkAdA_ALAD?Cl@An@Br@Dn@Dh@Lr@L`AD\??Fp@JdA@LFd@BRDTJd@BHJf@DTLf@DTLl@^\PRHFXVLP@]A[AQ	Click to Generate
S4	45	1			3	La Piazza (S4)	Eye of Needle (S4)	Colourcraft Limited (S4)	3508	2631	ml|dIv~wGC@QVKOaAoBa@y@u@wAWQIOS[GIYa@S]KUIOJYFQP_@LSVWHTBLD`@e@x@DK^m@FrAFn@HI@?JMNMfA_CDIDGDADADAD@D@lBr@xGdCLD|@\@@JBfBz@hA^f@NhAd@|@Z_@vC{Ai@oAc@AAW_@WSYOm@?OX??NYl@?XNVRV^@@nAb@zAh@^wC}@[iAe@g@OiA_@gB{@KCAA}@]MEyGeCmBs@EAEAE@E@E@EFEHgA~BM`@GLABMHM@WBGIYa@KCKAI?G?O?QXu@`BgAdCkCbGXd@@B@@~@~ApBjDrBnD|FzJ~CxF~@qBv@gBeA}Az@qBDi@Bc@@W@u@@I@G@IBGa@q@S]GKIOO_@CIKq@Mc@Ms@WyAKa@K]Oc@Oe@]_Aa@s@PWBA	Click to Generate
S4	20	1			3	Adept Afro Hair & Beauty (S4)	Illusionz (S4)	Aaliyah Mosque (S4)	1655	1241	ig{dIj{vGUDK`A_@i@o@y@[a@MO_@e@CCK\Qn@?BCD[dAu@~BjAfBNP`@N\ZjAfBZd@TT|@v@hAeAIe@CIWkAKc@EOK[BIBCPENEREp@q@`@e@HI`@a@TSHSL_@DGHQBGNM@CFQDQJc@He@l@cDeBeAARSpCAF?D?D?DBxATCUB?CCuA?E?E?E@GRqC@SdBdAm@bDId@Kb@EPGPABAVAHCLINILKLSFURa@`@IHa@d@q@p@S\EDWVK[K]EOCMCMGq@Oa@Yo@JaATE	Click to Generate
S4	20	1			3	Bit Of Everything (S4)	Beauty Beneath (S4)	J W Young (Butchers) Ltd (S4)	1519	1139	eg{dIrdwGUd@y@dBZd@TT|@v@hAeAIe@CIc@oBEOK[BIBCPENEREp@q@`@e@a@wALd@Rp@a@d@q@p@S\EDWVK[K]EOCMCMGq@Oa@Yo@_@i@GGg@q@[a@m@u@CCK\Qn@?BCD[dAu@~BsAfEYi@AMCuHlAlBd@v@jAfBNP`@N\ZjAfBZd@TT|@v@hAeAIe@CIc@oBEOK[K]Yn@	Click to Generate
S4	20	1			3	Attercliffe News & Booze (S4)	Baltic Pearl (S4)	Aaliyah Mosque (S4)	1733	1300	yf{dIt`wGHTL`@@JFXPENERES\EDWVK[K]EOCMCMGq@Oa@Yo@_@i@o@y@[a@TcAMj@GVZ`@n@x@^h@GPWp@ELKZcAtCjAfBZd@TT|@v@d@c@b@a@Ie@CIc@oBEOK[BIBCPENEREp@q@`@e@HI`@a@TSHSL_@DGHQBGNM@CFQDQJc@He@l@cDeBeAARSpCAF?D?D?DBxATCUB?CCuA?E?E?E@GRqC@SdBdAm@bDId@Kb@EPGPABAVAHCLINILKLSFURa@`@IHa@d@q@p@S\EDWVK[K]EOCMCMGq@FN	Click to Generate
S4	20	1			3	Crabtree Ponds (S4)	St. James Church (S4)	Masjid Umar (S4)	1894	1420	ym}dIlf|Gc@eCTMTOCKEEECm@?s@?]@@WBMRODE@EAEMu@GW?K@O@MFKGJAL??AN?JFVLt@@DADEDSNCLAV\Ar@?l@?DBDDBJDCJETGPARAL?Rn@d@zAz@|CZfAPh@n@tBPWBIHgB@]NqCP{DFBFDFJFJRWJ]@IGY??FXAHK\SVGKGKGEGC@m@MIGGGM_EaNe@}AmBPKAIEIQq@kA}@hBLUn@sAp@jAHPHDDNX~@b@tA^nA?FCFMNmAlARr@j@tBDNXbAM?S@Q@UFKDEBUNULb@dC	Click to Generate
S4	45	1			3	Crabtree Ponds (S4)	Tea and Cakes (S4)	Yours Food and Wine (S4)	3950	2962	oq}dI`m{Gn@sAp@jAHPHDDNX~@b@tA^nA?FCFMNmAlARr@j@tBDNXbAM?S@Q@UFKDEBCKEEECm@?s@?]@@WBMRODE@EAEMu@GW?K@O@MFKGJAL??AN?JFVLt@@DADEDSNCLAV\Ar@?l@?DBDDBJDCJETGPARAL?Rn@d@zAz@|CZfAPh@n@tBPWBIHgB@]NqCP{D@m@N_DHmAH{@Ho@H]x@aCL[HUPg@Rm@kAqCeAkCw@qB_AcCGHI\Ml@CRQDMHKFCHADCN?VBVFPb@jAb@dAJTKNt@zEBHDBD?DIp@gBdAqCjApCSl@Qf@ITMZy@`CI\In@Iz@IlAO~CAl@QzDOpCA\IfBCHQVo@uBQi@[gA{@}Ce@{ASo@YcAEOk@uBSs@a@mAo@cBo@aBCKCIOa@ISUNwB~AI@{@yDoBaIh@WHENIBABEFOfA~B`BpD`@hARj@N`@HRN`@BHBJn@`Bn@bB`@lAlAmALOBG?G_@oAc@uAY_AEOIEIQq@kAo@rA	Click to Generate
S4	15	1			3	The Dream Lounge (S4)	J W Young (Butchers) Ltd (S4)	Illusionz (S4)	1333	1000	_l{dIdyvGFFZ`@n@x@^h@Tf@BFN`@Pd@L`@@JFXBh@DNb@nBBHHd@iAdA}@w@UU[e@kAgB][a@OOQkAgBe@w@mAmBBtH@LXh@rAgEjAfBNP`@N\ZjAfBZd@TT|@v@hAeAIe@CIWkAKc@EOK[K]EOCMCMGq@Oa@Yo@_@i@o@y@[a@GG	Click to Generate
S4	45	1			3	Busk Meadow Park (S4)	Shirecliffe Community Centre (S4)	Norwood and Bishopsholme Community Centre (S4)	3266	2450	{n~dI~i~G?X?lAEpBs@DO@M?yCN]@I?U@Y@G?oAJUBQ_AQcA[sA]kA_@_Ak@uAm@iATi@FKDENCf@KHAJCRCt@IHCJGbBgAF?LCLCPAHDFHXjALn@??Mo@YkAGIIEQ@MBMBG?cBfAKFIBu@HSBKBI@g@JOBEDGJUh@l@hAj@tA^~@\jAZrAPbAP~@TCnAKF?LAJ?TAH?\AxCOL?NAr@EnAGN?BlCCmCO?oAFs@DO@M?yCN]@I?U@Y@G?oAJUBQ_AQcA[sA]kA_@_Ak@uAm@iATi@FKDENCf@KHAJCRCt@IHCJGbBgAF?LCLCPA??HDFHXjALn@Mo@YkAGIIEQ@MBMBG?cBfAKFIBu@HSBKBI@g@JOBEDGJUh@l@hAj@tA^~@\jAZrAPbAP~@TCnAKF?XATAH?\AxCOL?NAr@EDqB?mA?Y	Click to Generate
S4	20	1			3	Warty Lounge (S4)	Bit Of Everything (S4)	J W Young (Butchers) Ltd (S4)	1619	1214	og{dItyvGOz@K`AXn@N`@Pd@L`@@JFXPENERES\EDWVK[K]OZ_@x@y@dBZd@TT|@v@hAeAIe@CIc@oBEOK[BIBCPENEREp@q@`@e@a@wALd@Rp@a@d@q@p@S\EDWVK[K]EOCMCMGq@Oa@Yo@_@i@o@y@[a@m@u@CCK\Qn@?BCD[dAu@~BsAfEYi@AMCuHlAlBd@v@jAfBNP`@N\ZbAuCJ[DMVq@FQJaAN{@	Click to Generate
S4	20	1			3	Baltic Pearl (S4)	Attercliffe News & Booze (S4)	Aaliyah Mosque (S4)	1651	1238	of{dIjawG??L`@@JFXBh@DNb@nBBHHd@c@`@e@b@}@w@UU[e@kAgBbAuCJ[DMVq@FQ_@i@o@y@[a@TcAMj@GVZ`@n@x@^h@Xn@N`@Pd@L`@@JFXPENEREp@q@`@e@HI`@a@TSHSL_@DGHQBGNM@CFQDQJc@He@l@cDeBeAARSpCAF?D?D?DBxATCUB?CCuA?E?E?E@GRqC@SdBdAm@bDId@Kb@EPGPABAVAHCLINILKLSFURa@`@IHa@d@q@p@S\EDWVK[K]EOCMCMGq@Pd@	Click to Generate
S4	15	1			3	Illusionz (S4)	Silver Pan (S4)	J W Young (Butchers) Ltd (S4)	1415	1061	yh{dIn~vGQf@ELKZcAtCjAfBZd@TT|@v@hAeAIe@CIWkAKc@EOK[BIBCPENEREp@q@`@e@a@wALd@Rp@a@d@q@p@S\EDWVK[K]EOCMCMGq@Oa@Yo@_@i@o@y@[a@m@u@CCK\Qn@?BCD[dAu@~BsAfEYi@AMCuHlAlBd@v@jAfBNP`@N\ZbAuCJ[DMPg@	Click to Generate
S4	20	1			3	Yours Food and Wine (S4)	Oasis Academy Fir Vale (S4)	Fir Vale Academy (S4)	1866	1400	m`~dIrrzGJG@NHj@@Z@ZA\PRDDDFNRPVP^@DP\bAzBGNCDC@OHIDi@ViAh@q@\y@^C@AA@]@g@@_@@kB@uB?{@@mA?MAQAOEWMm@EUMg@EUKg@CIKe@EUCSGe@AMKeAGq@??E]MaAMs@Ei@Eo@Cs@@o@Bm@@MB[@O?KPaDF@l@Jv@NFa@D_@By@BIFAFBDRD^CFBTDVTvAALCNC@AQYPHxBXO??GiBBABO@MUwAEWCUIFM@GCE^G`@w@Om@KGAQ`D?JANCZALCl@An@Br@Dn@Dh@Lr@L`AD\Fp@JdA@LFd@BRDTJd@BHJf@DTLf@DTLl@^\PRHFXVLP@]A[A[Ik@AOKF	Click to Generate
S4	30	1			3	Beauty Beneath (S4)	Aaliyah Mosque (S4)	J W Young (Butchers) Ltd (S4)	2242	1682	wd{dIfcwG@?RES\EDWVK[K]EOCMCMGq@Oa@Yo@_@i@GGg@q@d@_CPL\TH]^Tc@dCK`AXn@N`@Pd@L`@@JFXPENEREp@q@`@e@HI`@a@TSHSL_@DGHQBGNM@CFQDQJc@He@l@cDeBeAARSpCAF?D?D?DBxATCUB?CCuA?E?E?E@GRqC@SdBdAm@bDId@Kb@EPGPABAVAHCLINILKLSFURa@`@IHa@d@q@p@S\EDWVK[K]o@tAy@dBkAgB][a@OOQkAgBe@w@mAmBBtH@LXh@rAgEt@_CZeABE?CPo@J]BBl@t@Z`@n@x@^h@Xn@N`@Pd@L`@@JFXPELE	Click to Generate
S4	20	1			3	Attercliffe News & Booze (S4)	Aaliyah Mosque (S4)	Baltic Pearl (S4)	1593	1195	ig{dIr_wGGOYo@_@i@o@y@[a@TcAMj@GVZ`@n@x@^h@Xn@N`@Pd@L`@@JFXPENEREp@q@`@e@HI`@a@TSHSL_@DGHQBGNM@CFQDQJc@He@l@cDeBeAARSpCAF?D?D?DBxATCUB?CCuA?E?E?E@GRqC@SdBdAm@bDId@Kb@EPGPABAVAHCLINILKLSFURa@`@IHa@d@q@p@S\EDWVDNb@nBBHHd@c@`@e@b@}@w@UU[e@kAgBbAuCJ[DMVq@FQXn@FN	Click to Generate
S4	60	1			3	WHSmith (S4)	Northern Perk (S4)	Norwood Grange Care Home (S4)	4538	3404	_v~dIpy{G?@HNJTR^JV\l@LVNVb@|@LTLTBDP\^t@DFVf@DF@DBBd@hADH`@q@BG@ARYlAgCd@_AFKHUHYF]Da@\_DDm@@q@@sBAeB?]@s@Bo@Dg@DWHo@JoA@]@g@@_@@kB@uB?{@@mA?MAQAOEWUQOICCSESEw@Cm@A}@?aAAAbAGjD?D?l@X?LFNFPNLLNZN`@DZBZ@P@b@An@?v@Ah@Gh@Kh@M^IRKL]ZQLEWKYEGG?I?SAC?ENEFM?CC?G???IBCFAH?FBB?R@H?F?DFJXDVPM\[JMHSL_@Ji@Fi@@i@?w@@o@Ac@AQC[E[Oa@O[MMQOOGMGY??m@?EFkD@cA`A@|@?l@@v@BRDRDBBNHTPDV@N@P?LAlA?z@AtBAjBA^Af@A\KnAIn@EVEf@Cn@Ar@?\@dBArBAp@El@]~CE`@G\IXITGJe@~@mAfCKf@Uj@EFEJMQEIe@iACCAEEGWg@Wd@gAuBTg@LTBDP\^t@DFVf@DF@DBBDJ^|@DHLPGLEHKTIPWd@[`@SPa@Ts@r@w@v@q@l@y@p@YX[`@U\q@|Aa@|@Ud@g@dAMQg@u@a@o@_@k@UQE?]GsBYGCJ_AJw@LDFAJCFBtBdAA@UpATP^j@`@n@f@t@LPf@eATe@`@}@p@}AT]Za@XYx@q@p@m@v@w@r@s@d@u@R]FMb@w@DGR_@EIe@iACCAEEGWg@EG_@u@Q]CEMUMUc@}@OWMW]m@KWS_@KUIO?A	Click to Generate
S4	45	1			3	Northern General Hospital (S4)	Sheffield GP Collaborative (Out of Hours Service) (S4)	Norwood Grange Care Home (S4)	4032	3024	gm~dI`h|GEKCCAEEGWg@EG_@u@Q]CEMUMUc@}@OWMW]m@KWS_@KUIO?AGUGSIGKGO?]?i@@A?_@FuAZO@E?qA@sA?MAEM?ODKCGAGC}@?QCaCA_@?Q?u@?WAq@AO?I?M?I?M?SBSTAv@CD?B?r@ALAXAJCHEDCJGFGRYJM\SLK`Am@dAq@VO^S`D_B|@g@LILEHAX?LFNFPNLLNZN`@DZBZ@P@b@An@?v@Ah@Gh@Kh@M^IRKL]ZQLMJUNa@EGAC@CBANK\SBETSHRIDURCJ]@OBCBAF@`@D@ARMLKPM\[JMHSL_@Ji@Fi@@i@?w@@o@Ac@AQC[E[Oa@O[MMQOOGMGY??m@?EFkD@cA`A@|@?l@@v@BRDRDBBNHTPDV@N@P?LAlA?z@AtBAjBA^Af@A\KnAIn@EVEf@Cn@Ar@?\@dBArBAp@El@]~CE`@G\IXITGJe@~@mAfCKf@Uj@EFEJGLEHKTIPWd@[`@SPa@Ts@r@w@v@q@l@y@p@YX[`@U\q@|Aa@|@Ud@g@dAMQg@u@a@o@_@k@UQE?]GsBYGCJ_AJw@LDFAJCFBtBdAA@UpATP^j@`@n@f@t@LPf@eATe@`@}@p@}AT]Za@XYx@q@p@m@v@w@r@s@d@u@R]FMb@w@DGR_@EI_@}@	Click to Generate
S4	20	1			3	Busk Meadow Park (S4)	Kaya Hair & Beauty (S4)	Shirecliffe Community Centre (S4)	1888	1416	_x~dId|}G??HDFHXjALn@??Mo@YkAGIIEQ@MBMBG?cBfAKFIBu@HSBKBI@g@JOBEDGJUh@l@hAj@tA^~@\jAZrAPbAP~@TCnAKF?XATAH?\AxCOL?NAr@EDqB?mAAqA\ITGXIl@OHGJGV[P[BX?PEdAAJEnACrAArAq@B]BO?oAFs@DO@M?yCN]@I?U@K?M@G?oAJUBQ_AQcA[sA]kA_@_Ak@uAm@iATi@FKDENCf@KHAJCRCt@IHCJGbBgAF?LCLCPA	Click to Generate
S4	45	1			3	Norwood and Bishopsholme Community Centre (S4)	Northern General Hospital (S4)	Northern Perk (S4)	3272	2454	oa_eIpy|GUpATP^j@`@n@f@t@LPQd@IPUj@]fAUv@ENYzAWtAKv@It@CVGfAI|BEdA?TE~@Cn@C\HJDDNNHJTi@FKDENCf@KHAJCRCt@IHCJGbBgAF?LCLCPA??HDFHXjALn@Mo@YkAGIIEQ@MBMBG?cBfAKFIBu@HSBKBI@g@JOBEDGJUh@IKOOEEIKB]Bo@D_A?UDeAH}BFgABWHu@Jw@VuAX{ADOTw@\gATk@HQPe@f@eATe@`@}@p@}AT]Za@XYx@q@p@m@v@w@r@s@d@u@R]FMb@w@DGR_@EIe@iACCAEEGWg@EG_@u@Q]CEMUMUc@}@OWMW]m@KWS_@KUIO?AGUDGDCFAB?`@Ad@Cd@AFGDM@M@KBKFGZMHAFFHPJVRd@DVJf@B\Bn@Bd@B`@ARCLEJCFOXS`@CFGLMT^t@DFVf@DF@DBBDJ^|@DHLPGLEHKTIPWd@[`@SPa@Ts@r@w@v@q@l@y@p@YX[`@U\q@|Aa@|@Ud@g@dAMQg@u@a@o@_@k@UQE?]GsBYGCJ_AJw@LDFAJCFBtBdAA@	Click to Generate
S4	20	1			3	St Cuthberts (S4)	Fir Vale Academy (S4)	Page Hall Medical Centre (S4)	1760	1320	cf~dIhfzGFp@JdA@LFd@BRDTJd@BHJf@DTLf@DTLl@^\PRHFERAF?F?t@AtC@Tm@F@uB?{@@mA?MAQAOEWMm@EUMg@EUKg@CIKUOYIOEIIOOg@Sa@aEiI`BkAdA_ALAD?@MB[@O?KPaDF@l@Jv@NFa@D_@By@BIFAFBDRD^CFBTDVTvAALCNC@AQYPHxBXO??GiBBABO@MUwAEWCUIFM@GCE^G`@Mf@O^CDKR?@SXSXCDMNLOBERYRYJUBEN_@Lg@w@Om@KGAQ`D?JANCZALCl@An@Br@Dn@Dh@Lr@L`AD\??	Click to Generate
S4	60	1			3	Whiteways Primary School (S4)	Wood Hill Lodge (S4)	Tea and Cakes (S4)	5423	4067	ui}dIfczGw@{B@KdCsCp@u@LCDDDDDR\b@_@yA}@oCIUk@aBSq@aAsCAC]}@aAaBu@_BQ`@EVAX?XBR@DqCdD\pANx@D^DTBb@D^PKT`CVxCBFD@EACGm@{GQJE_@Cc@EUE_@Oy@]qApCeDAECS?Y@YDWPa@t@~A`A`B\|@@B`ArCRp@j@`BHT|@nCVbAFTVz@bAbDx@jC~@pD|@dDH`@Hb@Rd@`@v@PXRTPB`@AF?XGHCHEJOTs@HWRm@l@cBHS~@mCFS`@gAVu@~@bBFHv@lAf@v@`AbBCx@Cd@Ct@AZCfA?BCl@A\E`BCXCJ??CLILIHQ?WEeBSKCC?cAKwAOeAIe@Kk@GIAcBQGEEIc@aAi@sAs@kBGGIAI?MBQL[^e@p@o@~@s@bAGHI\Ml@CR?RBPBPFVjAnCq@`AKUc@eAc@kAGQCW?WBO@EBIJGLIPEBSLm@H]FIr@cAn@_Ad@q@Z_@PMLCH?H@FFr@jBh@rAb@`ADHFDbBPH@j@Fd@JdAHvANbAJB?JBdBRVDP?HIHMBM??BKBYDaB@]Bm@?CBgA@[Bu@Be@By@aAcBg@w@w@mAGI_AcBWt@a@fAGR_AlCIRm@bBSl@IVUr@KNIDIBYFG?a@@QCSUQYa@w@Se@Ic@Ia@}@eD_AqDy@kCcAcDW{@]c@ESEEEEMBq@t@eCrCAJv@zB	Click to Generate
S4	20	1			3	Fir Vale Academy (S4)	Jamia Masjid Ghausia (S4)	St Cuthberts (S4)	1677	1258	ud~dI`wyGJSBEN_@Lg@Fa@D_@By@BIFAFBDRD^CFBTDVTvAALCNC@AQYPHxBXO??GiBBABO@MUwAEWCUIFM@GCE^G`@w@Om@KGAQ`D?JANCZALCl@An@Br@Dn@Dh@DNFb@L`AD\Fp@JdA@LFd@BRDTJd@BHJf@DTLf@DTLl@^\PRHFERAF?F?t@AtC@Tm@F@uB?{@@mA?MAQAOEWMm@EUMg@EUKg@CIKUOYIOEIIOOg@Sa@aEiI`BkAdA_ALAD?@MB[@O?KPaDF@l@Jv@NMf@O^CDKR	Click to Generate
S4	45	1			3	City Motor Factors (S4)	Eye of Needle (S4)	Colourcraft Limited (S4)	3592	2694	qr|dIlmwGRe@S]m@nAHTBLD`@FrAFn@@V@XLh@t@vAb@a@BCDCJCF?jAEJ?J@^H_@IKAK?sADKBEBCBc@`@u@wAWQIOS[GIYa@S]KUIOJYFQP_@LSVWHTBLD`@FrAFn@HI@?JMNMfA_CDIDGDADADAD@D@lBr@xGdCLD|@\@@JBfBz@hA^f@NhAd@|@Z_@vC{Ai@oAc@AAW_@WSYOm@?OX??NYl@?XNVRV^@@nAb@zAh@rEdBZLGlBo@rA]R_@JMJNXoBtDET]nDI`@Sb@_@x@INEHMXGTABKX]t@QViBfEuBlFSh@iEmH_DyF}F{JsBoDqBkD_A_BAAACYe@jCcGfAeCt@aBJk@DINa@JYFQP_@LSVWl@oAR\Sd@	Click to Generate
S4	45	1			3	Busk Meadow Park (S4)	Shirecliffe Community Centre (S4)	Norwood and Bishopsholme Community Centre (S4)	3250	2438	{n~dIvj~G?@?lAEpBs@DO@M?yCN]@I?U@Y@G?oAJUBQ_AQcA[sA]kA_@_Ak@uAm@iATi@FKDENCf@KHAJCRCt@IHCJGbBgAF?LCLCPAHDFHXjALn@??Mo@YkAGIIEQ@MBMBG?cBfAKFIBu@HSBKBI@g@JOBEDGJUh@l@hAj@tA^~@\jAZrAPbAP~@TCnAKF?LAJ?TAH?\AxCOL?NAr@EnAGN?BlCCmCO?oAFs@DO@M?yCN]@I?U@Y@G?oAJUBQ_AQcA[sA]kA_@_Ak@uAm@iATi@FKDENCf@KHAJCRCt@IHCJGbBgAF?LCLCPA??HDFHXjALn@Mo@YkAGIIEQ@MBMBG?cBfAKFIBu@HSBKBI@g@JOBEDGJUh@l@hAj@tA^~@\jAZrAPbAP~@TCnAKF?XATAH?\AxCOL?NAr@EDqB?mA?A	Click to Generate
S4	20	1			3	Baltic Pearl (S4)	Travel & More (S4)	Aaliyah Mosque (S4)	1669	1252	kf{dIpawGHZ@JFXBh@DNb@nBBHHd@c@`@e@b@}@w@UU[e@kAgB][a@OOQkAgBt@_CZeABE?CPo@J]BBl@t@Z`@PT\b@^h@Xn@N`@Pd@L`@@JFXPENEREp@q@`@e@HI`@a@TSHSL_@DGHQBGNM@CFQDQJc@He@l@cDeBeAARSpCAF?D?D?DBxATCUB?CCuA?E?E?E@GRqC@SdBdAm@bDId@Kb@EPGPABAVAHCLINILKLSFURa@`@IHa@d@q@p@S\EDWVK[K]EOCMCMGq@Pd@BD	Click to Generate
S4	20	1			3	Shirecliffe Community Centre (S4)	Busk Meadow Park (S4)	Norwood and Bishopsholme Community Centre (S4)	1535	1151	{n~dIfm~GEpBs@DO@M?yCN]@I?U@K?M@G?oAJUBQ_AQcA[sA]kA_@_Ak@uAm@iATi@FKDENCf@KHAJCRCt@IHCJGbBgAF?LCLCPAHDFHXjALn@??Mo@YkAGIIE??Q@MBMBG?cBfAKFIBu@HSBKBI@g@JOBEDGJUh@l@hAj@tA^~@\jAZrAPbAP~@TCnAKF?XATAH?\AxCOL?NAr@EDqB	Click to Generate
S4	20	1			3	All Days (S4)	St. James Church (S4)	Tea and Cakes (S4)	1899	1424	w||dIzl{GJ[v@mBx@yBQa@aD_I_@aA^`ArD`Jy@xBw@lBSl@Qf@ITMZy@`CI\In@Iz@IlAO~CAl@FBFDFJFJRWJ]@IGY??FXAHK\SVGKGKGEGC@m@N_DHmAH{@Ho@H]x@aCL[HUPg@Rm@kAqCeAkCw@qB_AcCGHI\Ml@CRQDMHKFCHADCN?VBVFPb@jAb@dAJTKNt@zEBHDBD?DIp@gBdAqCjApCKZ	Click to Generate
S4	15	1			3	The Dream Lounge (S4)	J W Young (Butchers) Ltd (S4)	Illusionz (S4)	1325	994	yk{dIjyvG@@Z`@n@x@^h@Tf@BFN`@Pd@L`@@JFXBh@DNb@nBBHHd@iAdA}@w@UU[e@kAgB][a@OOQkAgBe@w@mAmBBtH@LXh@rAgEjAfBNP`@N\ZjAfBZd@TT|@v@hAeAIe@CIWkAKc@EOK[K]EOCMCMGq@Oa@Yo@_@i@o@y@[a@AA	Click to Generate
S4	30	1			3	Northern General Hospital (S4)	Northern Perk (S4)	Yours Food and Wine (S4)	2770	2078	am~dInm{GRMLKPM\[JMHSL_@Ji@Fi@@i@?w@@o@Ac@AQC[E[Oa@O[MMQOOGMGY?I@MDMH}@f@aD~A_@RWNeAp@aAl@MJ]RKLSXGFKFEBIDKBY@M@s@@C?E?w@BU@CR?R?L?H?L?H@N@p@?V?t@?P@^B`C?PB|@@FBFJBdACfBED?v@GPAB?F?NHXH@?h@A\?N?JFHFFRFT?@HNJTR^JV\l@LVNVb@|@LTLTBDP\^t@DFVf@DF@DBBDJ^|@DH`@q@BG@ARYlAgCd@_AFKHUHYF]Da@\_DDm@@q@@sBAeB?]@s@Bo@Dg@DWHo@JoA@@BAx@_@p@]hAi@h@WHENIBABEFOcA{BQ]AEQ_@QWOSEGEEQSMQYWIGQS_@]UQOICCSESEw@Cm@A}@?aAAAbAGjD?D?l@X?LFNFPNLLNZN`@DZBZ@P@b@An@?v@Ah@Gh@Kh@M^IRKL]ZQLMJSL	Click to Generate
S4	60	1			3	Sheffield Steel City Beer Festival 49 (S4)	St. James Church (S4)	All Days (S4)	6159	4619	_ozdIdi~G??QKA?C@A?A@CDABGf@SfBYjBO~@[vB]nB\oBj@wDXkBRgBFg@@CBE@A@?BA@?PJL?NCJEAKCg@?O?O@Q@Q@MN}BF{@Dq@@M@QB]Fa@[MSKICYMIEy@_@C?K?C@G@A@EBM@E?KAIAEAWCGAoACMAS@G@C@EDED_AvAEFWb@INCBCBC@SBeAVGBGBEBA@C@EBEBKH}ApAOJMFMFKDKBOBMBM@Q?m@EI?aBIsAEuBI}@KYMc@Wk@k@mBqBy@_A]_@UUEGW]GGiB}BMO]We@SUGQG_@EKAEAu@IGAGAOCOEICGCICq@[m@YGCOGOGIE]SGC]Ue@g@CCe@o@[g@CEWc@CEEIMWISOYWa@_@m@MS_@o@Ye@[q@Ue@EIa@}@Sc@u@aBa@aAEKPWBIHgB@]NqCP{DFBFDFJFJRWJ]@IGY??FXAHK\SVGKGKGEGC@m@N_DHmAH{@Ho@H]x@aCL[HUPg@Rm@v@mBx@yBQa@aD_I_@aA^`ArD`Jy@xBw@lBSl@Qf@ITMZy@`CI\In@Iz@IlAO~CAl@QzDOpCA\IfBCHQVDJ`@`At@`BRb@`@|@DHTd@Zp@Xd@^n@LR^l@V`@NXHRLVDHBDVb@BDZf@d@n@BBd@f@\TFB\RHDNFNFFBl@Xp@ZHBFBHBNDNBF@F@t@HD@J@^DPFTFd@R\VLNhB|BFFV\DFTT\^x@~@lBpBj@j@b@VXL|@JtBHrAD`BHH?l@DP?LALCNCJCJELGLGNK|AqAJIDCDCBA@ADCFCFCdAWRCBABCBCHOJNFDHDv@XJBH@F?F?H?FAFAHAHAHEHEJGJEHEFEBCDCDAJCJy@Be@Be@@c@@G?Q?k@?ICw@?]By@PeDNYFED?D?A\@X@\@TFh@D\BNFTHTL^DHd@hAFNBBLP@DHJHPBDBTHP@L?NCVG`@C\APALEp@Gz@O|BALAPAP?N?NBf@@JKDOBM?	Click to Generate
S4	60	1			3	Sheffield Steel City Beer Festival 2024 (SCBF48) (S4)	St. James Church (S4)	Scott Road Store (S4)	5420	4065	grzdIbs~GN_AXkBRgBFg@@CBE@A@?BA@?PJ??L?NCJEAKCg@?O?O@Q@Q@MN}BF{@Dq@@M@QB]Fa@[MSKICYMIEy@_@C?K?C@G@A@EBM@E?KAIAEAWCGAoACMAS@G@C@EDED_AvAEFWb@INCBCBC@SBeAVGBGBEBA@C@EBEBKH}ApAOJMFMFKDKBOBMBM@Q?m@EI?aBIsAEuBI}@KYMc@Wk@k@mBqBy@_A]_@UUEGW]GGiB}BMO]We@SUGQG_@EKAEAu@IGAGAOCOEICGCICq@[m@YGCOGOGIE]SGC]Ue@g@CCe@o@[g@CEWc@CEEIMWISOYWa@_@m@MS_@o@Ye@[q@Ue@EIa@}@Sc@u@aBa@aAEKPWBIHgB@]NqCP{DFBFDFJFJRWJ]@IGY??FXAHK\SVGKGKGEGC@m@N_DHmAH{@Ho@H]x@aCL[HUPg@FQJ[v@mBx@yBh@}ATu@b@oAj@Fd@JdAHvANbAJB?JBdBRVDP?HIHMBM??BKBYDaB@]Bm@?CBgA@[Bu@HGNIJCPCXj@rA|B|@`BFJNZDPBVDnA?L@ND|ADhABJDJHJd@X|Ax@DBtAp@HDd@XfAn@d@Z|BvA\TZRLJ@EBCBABABBBB@F?D?FCFCBC@?R?j@?X@T?DBNBNLb@FLVSDCHGVONGXGJ?LANAl@HJDJBl@XvBtAFBHDr@b@JH\TZP\R^JFDDBFFZ\LLBB`@f@RXb@`@XF@@DBFDB@d@XPHA`@CTAZGb@E`@I^I^ELa@rAANCR?JARAX?^@V?VDt@DJFXJb@BHNl@FPBL@F@J?VMn@QdAU~@IZEPCTCZAPARAPA\@X@\@TFh@D\BNFTHTL^DHd@hAFNBBLP@DHJHPBDBTHP@L?NCVG`@C\APALEp@Gz@O|BALAPAP?N?NBf@@JKDOBM?QKA?C@A?A@CDABGf@SfBYjBO~@	Click to Generate
S4	45	1			3	Busk Meadow Park (S4)	S. Ali's Off Licence (S4)	Norwood and Bishopsholme Community Centre (S4)	3106	2330	wx~dItq~GM@G?oAJUBQ_AQcA[sA]kA_@_Ak@uAm@iATi@FKDENCf@KHAJCRCt@IHCJGbBgAF?LCLCPAHDFHXjALn@??Mo@YkAGIIEQ@MBMBG?cBfAKFIBu@HSBKBI@g@JOBEDGJUh@IKOOEEIKB]Bo@D_A?UDeAH}BFgABWHu@Jw@VuAX{ADOTw@\gATk@HQPe@jApAd@j@l@t@DDZh@nAlC\jAZ~@L`@Nl@Ll@F\@FH^Jt@BX@F\vEJtADf@J|A@pA?lA??EpBs@DO@M?yCN]@I?U@Y@G?oAJUBQ_AQcA[sA]kA_@_Ak@uAm@iATi@FKDENCf@KHAJCRCt@IHCJGbBgAF?LCLCPA??HDFHXjALn@Mo@YkAGIIEQ@MBMBG?cBfAKFIBu@HSBKBI@g@JOBEDGJUh@l@hAj@tA^~@\jAZrAPbAP~@TCnAKF?LA	Click to Generate
S4	15	1			3	Illusionz (S4)	MyCigara (S4)	J W Young (Butchers) Ltd (S4)	1388	1041	ab{dIv~vGRp@a@d@q@p@S\EDWVDNJb@VjABHHd@iAdA}@w@UU[e@kAgBbAuCJ[DMPg@DIFQ_@i@o@y@[a@m@u@CCK\Qn@?BCD[dAu@~Be@w@mAmBBtH@LXh@rAgEt@_CZeABE?CPo@J]BBl@t@Z`@n@x@^h@Xn@N`@Pd@L`@@JFXPENEREp@q@`@e@Sq@	Click to Generate
S4	30	1			3	Norwood and Bishopsholme Community Centre (S4)	Busk Meadow Park (S4)	Northern Perk (S4)	2493	1870	c__eI|_}G\h@LPQd@IPUj@]fAUv@ENYzAWtAKv@It@CVGfAI|BEdA?TE~@Cn@C\HJDDNNHJTi@FKDENCf@KHAJCRCt@IHCJGbBgAF?LCLCPA??HDFHXjALn@??Mo@YkAGIIEQ@MBMBG?cBfAKFIBu@HSBKBI@g@JOBEDGJUh@IKOOEEIKB]Bo@D_A?UDeAH}BFgABWHu@Jw@VuAX{ADOTw@\gATk@HQPe@f@eATe@`@}@p@}AT]Za@XYx@q@p@m@v@w@r@s@d@u@R]FMb@w@DGR_@EIe@iACCAEEGWg@Wd@gAuBTg@LTBDP\^t@DFVf@DF@DBBDJ^|@DHLPGLEHKTIPWd@[`@SPa@Ts@r@w@v@q@l@y@p@YX[`@U\q@|Aa@|@Ud@g@dAMQ]i@	Click to Generate
S4	20	1			3	Lana Pizza (S4)	Oasis Academy Fir Vale (S4)	Fir Vale Pharmacy (S4)	1970	1478	{d~dInmzGOYIOEIIOOg@TVFFDBJLBRDTJd@BHJf@DTLf@DTLl@^\PRHFXVLP@]A[AQ?IIk@AOROSN@NHj@@Z@ZA\MQYWIGQS_@]Mm@EUMg@EUKg@CIKe@EUCSGe@AMKeAGq@??E]MaAMs@Ei@Eo@Cs@@o@Bm@@MB[@O?KPaDDw@Dy@mAmA}@tD]~ARNZTp@b@TPgAu@[USOMb@KVMLSLSJk@TUJGFgGpMGLCJ?JRlB\~CVCZCp@Cp@?rABjA@f@?`A@|@?l@@v@BRDJMFG@EBI@I?UEUKg@CIKU	Click to Generate
S4	45	1			3	Scott Road Store (S4)	Masjid Noor (S4)	All Days (S4)	3206	2404	c`}dIv_|GFXAHK\SVGKGKGEGC@m@N_DHmAH{@Ho@H]x@aCL[HUPg@Rm@v@mByDcK\i@]h@xDbKw@lBKZGPQf@ITMZy@`CI\In@Iz@IlAO~CAl@QzDOpCA\IfBCHQVo@uBQi@[gA{@}Ce@{ASo@M?S@Q@UFKDEBUNULb@dC??c@eCTMTODCJETGPARAL?Rn@d@zAz@|CZfAPh@n@tBPWBIHgB@]NqCP{D@m@N_DHmAH{@Ho@H]x@aCL[HUPg@Rm@v@mBx@yBQa@aD_I_@aA^`ArD`Jy@xBw@lBSl@Qf@ITMZy@`CI\In@Iz@IlAO~CAl@FBFDFJFJRWJ]@IGY	Click to Generate
S4	60	1			3	Crushing mill, Kelham Island, Sheffield (S4)	St. James Church (S4)	All Days (S4)	6159	4619	ymzdIvg~G@V@JKDOBM?QKA?C@A?A@CDABGf@SfBYjBk@vD]nB\oBj@wDF[PoARgBFg@@CBE@A@?BA@?PJL?NCJEAKCg@?O?O@Q@Q@MN}BF{@Dq@@M@QB]Fa@[MSKICYMIEy@_@C?K?C@G@A@EBM@E?KAIAEAWCGAoACMAS@G@C@EDED_AvAEFWb@INCBCBC@SBeAVGBGBEBA@C@EBEBKH}ApAOJMFMFKDKBOBMBM@Q?m@EI?aBIsAEuBI}@KYMc@Wk@k@mBqBy@_A]_@UUEGW]GGiB}BMO]We@SUGQG_@EKAEAu@IGAGAOCOEICGCICq@[m@YGCOGOGIE]SGC]Ue@g@CCe@o@[g@CEWc@CEEIMWISOYWa@_@m@MS_@o@Ye@[q@Ue@EIa@}@Sc@u@aBa@aAEKPWBIHgB@]NqCP{DFBFDFJFJRWJ]@IGY??FXAHK\SVGKGKGEGC@m@N_DHmAH{@Ho@H]x@aCL[HUPg@Rm@v@mBx@yBQa@aD_I_@aA^`ArD`Jy@xBw@lBSl@Qf@ITMZy@`CI\In@Iz@IlAO~CAl@QzDOpCA\IfBCHQVDJ`@`At@`BRb@`@|@DHTd@Zp@Xd@^n@LR^l@V`@NXHRLVDHBDVb@BDZf@d@n@BBd@f@\TFB\RHDNFNFFBl@Xp@ZHBFBHBNDNBF@F@t@HD@J@^DPFTFd@R\VLNhB|BFFV\DFTT\^x@~@lBpBj@j@b@VXL|@JtBHrAD`BHH?l@DP?LALCNCJCJELGLGNK|AqAJIDCDCBA@ADCFCFCdAWRCBABCBCHOJNFDHDv@XJBH@F?F?H?FAFAHAHAHEHEJGJEHEFEBCDCDAJCJy@Be@Be@@c@@G?Q?k@?ICw@?]By@PeDNYFED?D?A\@X@\@TFh@D\BNFTHTL^DHd@hAFNBBLP@DHJHPBDBTHP@L?NCVG`@C\APALEp@Gz@O|BALAPAP?N?N@N	Click to Generate
S4	20	1			3	Jamia Dar Ul Uloom Qadiria Jillania Centre (S4)	Oasis Academy Fir Vale (S4)	Fir Vale Academy (S4)	1504	1128	ob~dI`tzGVTPRHFXVLPPRDDDFNRJWTc@HK@K?IEUDT?HAJ_@n@KVOSEGEEQSMQYWIGQS_@]Mm@EUMg@EUKg@CIKe@EUCSGe@AMKeAGq@??E]MaAMs@Ei@Eo@Cs@@o@Bm@@MB[@O?KPaDF@l@Jv@NFa@D_@By@BIFAFBDRD^CFBTDVTvAALCNC@AQYPHxBXO??GiBBABO@MUwAEWCUIFM@GCE^G`@w@Om@KGAQ`D?JANCZALCl@An@Br@Dn@Dh@Lr@L`AD\Fp@JdA@LFd@BRDTJd@BHJf@DTLf@DTLl@FF	Click to Generate
S4	60	1			3	Masjid Umar (S4)	Osgathorpe Park (S4)	Scott Road Store (S4)	5009	3757	ig}dIv_{GBIJGLIPEBSLm@H]FI~@bCv@pBdAjCjApCSl@Qf@ITMZy@`CI\In@Iz@IlAO~CMIGGGM_EaNe@}AmBPKAIEIQq@kA}@hBLUn@sAp@jAHPHDDNX~@b@tA^nA?FCFMNmAlAa@mAo@cBo@aBCKCIOa@ISOa@PWBKCe@KeDIkCMoCOyAOyA[aCSgBc@_Ds@uFzBiANONUP[J]Hk@@MHa@@u@@y@Au@GiAE_@Cc@EUE_@Oy@]qApCeDAECS?Y@YDWPa@t@~A`A`B\|@@B`ArCRp@j@`BHT|@nC^xA]c@ESEEEEMBq@t@Xv@h@~AgCzCKWw@{B@KdCsCp@u@LCDDDDDR\b@Vz@bAbDx@jC~@pD|@dDH`@Hb@Rd@`@v@PXRTPB`@AF?XGHCHEJOTs@HWRm@l@cBHS~@mCFS`@gAVu@~@bBFHv@lAf@v@`AbBCx@Cd@Ct@AZCfA?BCl@A\E`BCXCJ??CLILIHQ?WEeBSKCC?cAKwAOeAIe@Kk@Gc@nAUt@i@|Ay@xBw@lBSl@Qf@HNIOPg@FQJ[kAqCeAkCw@qB_AcCGHI\Ml@CRQDMHKFCH	Click to Generate
S4	20	1			3	Khan Darbar (S4)	Accelerate (S4)	Aaliyah Mosque (S4)	1717	1288	oe{dIdewGCGK[K]EOCMCMGq@Oa@Yo@JaAPEt@OA]Ke@?G@GBM?CAOKGIGCTc@dCK`AGPWp@ELKZcAtC][a@OOQkAgBt@_CZeABE?CLe@BIJ]BBl@t@Z`@n@x@^h@Xn@N`@Pd@L`@@JFXPENEREp@q@`@e@HI`@a@TSHSL_@DGHQBGNM@CFQDQJc@He@l@cDeBeAARSpCAF?D?D?DBxATCUB?CCuA?E?E?E@GRqC@SdBdAm@bDId@Kb@EPGPABAVAHCLINILKLSFURa@`@IHa@d@q@p@S\EDWVBF	Click to Generate
S4	20	1			3	National Blinds (S4)	Aaliyah Mosque (S4)	J W Young (Butchers) Ltd (S4)	1769	1327	_j{dIr{vGRT^h@Xn@N`@Pd@L`@@JFXPELE@?REp@q@`@e@HI`@a@TSHSL_@DGHQBGNM@CFQDQJc@He@l@cDeBeAARSpCAF?D?D?DBxATCUB?CCuA?E?E?E@GRqC@SdBdAm@bDId@Kb@EPGPABAVAHCLINILKLSFURa@`@IHa@d@q@p@S\EDWVK[K]o@tAy@dBkAgB][a@OOQkAgBe@w@mAmBBtH@LXh@rAgEt@_CZeABE?CPo@J]BBl@t@Z`@Zb@	Click to Generate
S4	20	1			3	Sheffield Auto Spares (S4)	Illusionz (S4)	Aaliyah Mosque (S4)	1585	1189	ug{dIz~vGUg@_@i@o@y@[a@AAk@s@CCK\Qn@?BCD[dAu@~BjAfBNP`@N\ZjAfBZd@TT|@v@hAeAIe@CIWkAKc@EOK[BIBCPENEREp@q@`@e@HI`@a@TSHSL_@DGHQBGNM@CFQDQJc@He@l@cDeBeAARSpCAF?D?D?DBxATCUB?CCuA?E?E?E@GRqC@SdBdAm@bDId@Kb@EPGPABAVAHCLINILKLSFURa@`@IHa@d@q@p@S\EDWVK[K]EOCMCMGq@Oa@CG	Click to Generate
S4	20	1			3	Attercliffe Spice (S4)	Accelerate (S4)	Aaliyah Mosque (S4)	2066	1550	ch{dIj|vGGf@Xn@N`@Pd@L`@@JFXPENEREFIh@g@`@e@HI`@a@TSHSNQJIDCF?JLFFDFZROAM?KAKAQAM@SFURa@`@IHa@d@q@p@S\EDWVK[K]o@tAy@dBkAgB][a@OOQkAgBt@_CZeABE?CLe@BIJ]BBl@t@Z`@n@x@^h@Xn@N`@Pd@L`@@JFXPENEREp@q@`@e@HI`@a@TSHSL_@DGHQBGNM@CFQDQJc@He@l@cDeBeAARSpCAF?D?D?DBxATCUB?CCuA?E?E?E@GRqC@SdBdAm@bDId@Kb@EPGPABAVAHCLINILKLSFURa@`@IHa@d@q@p@S\EDWVK[K]EOCMCMGq@Oa@Yo@Fg@	Click to Generate
S4	30	1			3	Premier Doors (S4)	J W Young (Butchers) Ltd (S4)	Aaliyah Mosque (S4)	2121	1591	ij{dId{vG\b@^h@Xn@N`@Pd@BDHZ@JFXBh@DNb@nBBHHd@iAdA}@w@UU[e@kAgB][a@OOQkAgBe@w@mAmBBtH@LXh@rAgEt@_CZeABE?CPo@J]BBl@t@Z`@n@x@^h@Xn@N`@Pd@L`@@JFXPENEREp@q@`@e@HI`@a@TSHSL_@DGHQBGNM@CFQDQJc@He@l@cDeBeAARSpCAF?D?D?DBxATCUB?CCuA?E?E?E@GRqC@SdBdAm@bDId@Kb@EPGPABAVAHCLINILKLSFURa@`@IHa@d@q@p@S\EDWVK[K]EOCMCMGq@Oa@Yo@_@i@]c@	Click to Generate
S4	20	1			3	Jamia Dar Ul Uloom Qadiria Jillania Centre (S4)	Oasis Academy Fir Vale (S4)	Fir Vale Academy (S4)	1504	1128	ec~dIlrzGLj@^\PRHFXVLPPRDDDFNRJWTc@HK@K?IEUDT?HAJ_@n@KVOSEGEEQSMQYWIGQS_@]Mm@EUMg@EUKg@CIKe@EUCSGe@AMKeAGq@??E]MaAMs@Ei@Eo@Cs@@o@Bm@@MB[@O?KPaDF@l@Jv@NFa@D_@By@BIFAFBDRD^CFBTDVTvAALCNC@AQYPHxBXO??GiBBABO@MUwAEWCUIFM@GCE^G`@w@Om@KGAQ`D?JANCZALCl@An@Br@Dn@Dh@Lr@L`AD\Fp@JdA@LFd@BRDTJd@BHJf@DTLf@DT?@	Click to Generate
S4	60	1			3	Sheffield Steel City Beer Festival 49 (S4)	St. James Church (S4)	All Days (S4)	6159	4619	unzdIdi~GI?QKA?C@A?A@CDABGf@SfBYjBO~@[vB]nB\oBj@wDXkBRgBFg@@CBE@A@?BA@?PJL?NCJEAKCg@?O?O@Q@Q@MN}BF{@Dq@@M@QB]Fa@[MSKICYMIEy@_@C?K?C@G@A@EBM@E?KAIAEAWCGAoACMAS@G@C@EDED_AvAEFWb@INCBCBC@SBeAVGBGBEBA@C@EBEBKH}ApAOJMFMFKDKBOBMBM@Q?m@EI?aBIsAEuBI}@KYMc@Wk@k@mBqBy@_A]_@UUEGW]GGiB}BMO]We@SUGQG_@EKAEAu@IGAGAOCOEICGCICq@[m@YGCOGOGIE]SGC]Ue@g@CCe@o@[g@CEWc@CEEIMWISOYWa@_@m@MS_@o@Ye@[q@Ue@EIa@}@Sc@u@aBa@aAEKPWBIHgB@]NqCP{DFBFDFJFJRWJ]@IGY??FXAHK\SVGKGKGEGC@m@N_DHmAH{@Ho@H]x@aCL[HUPg@Rm@v@mBx@yBQa@aD_I_@aA^`ArD`Jy@xBw@lBSl@Qf@ITMZy@`CI\In@Iz@IlAO~CAl@QzDOpCA\IfBCHQVDJ`@`At@`BRb@`@|@DHTd@Zp@Xd@^n@LR^l@V`@NXHRLVDHBDVb@BDZf@d@n@BBd@f@\TFB\RHDNFNFFBl@Xp@ZHBFBHBNDNBF@F@t@HD@J@^DPFTFd@R\VLNhB|BFFV\DFTT\^x@~@lBpBj@j@b@VXL|@JtBHrAD`BHH?l@DP?LALCNCJCJELGLGNK|AqAJIDCDCBA@ADCFCFCdAWRCBABCBCHOJNFDHDv@XJBH@F?F?H?FAFAHAHAHEHEJGJEHEFEBCDCDAJCJy@Be@Be@@c@@G?Q?k@?ICw@?]By@PeDNYFED?D?A\@X@\@TFh@D\BNFTHTL^DHd@hAFNBBLP@DHJHPBDBTHP@L?NCVG`@C\APALEp@Gz@O|BALAPAP?N?NBf@@JKDOBC?	Click to Generate
S4	20	1			3	Bit Of Everything (S4)	Travel & More (S4)	J W Young (Butchers) Ltd (S4)	1519	1139	{f{dI~cwG_@x@y@dBZd@TT|@v@hAeAIe@CIc@oBEOK[BIBCPENEREp@q@`@e@a@wALd@Rp@a@d@q@p@S\EDWVK[K]EOCMCMGq@Oa@Yo@_@i@]c@QU[a@m@u@CCK\Qn@?BCD[dAu@~BsAfEYi@AMCuHlAlBd@v@jAfBNP`@N\ZjAfBZd@TT|@v@hAeAIe@CIc@oBEOK[K]OZ	Click to Generate
S4	30	1			3	S. Ali's Off Licence (S4)	Busk Meadow Park (S4)	Norwood and Bishopsholme Community Centre (S4)	2530	1898	{u~dI~}~GLNPp@DEH@FFpAr@NeAR_BPeBHuA@]H}ABaADqB???mAAqAr@QXIl@OHGJGV[P[BX?PEdAAJEnACrAArAq@B]BO?oAFs@DO@M?yCN]@I?U@Y@G?oAJUBQ_AQcA[sA]kA_@_Ak@uAm@iATi@FKDENCf@KHAJCRCt@IHCJGbBgAF?LCLCPAHDFHXjALn@??Mo@YkAGIIE??Q@MBMBG?cBfAKFIBu@HSBKBI@g@JOBEDGJUh@l@hAj@tA^~@\jAZrAPbAP~@TCnAKF?XATAH?\AxCOL?NAr@EC`AI|AA\ItAQdBS~AOdAc@bCaBuAZeBQq@MO	Click to Generate
S4	20	1			3	Wood Hill Grange (S4)	Osgathorpe Park (S4)	Corner Cabin (S4)	1753	1315	qq}dIrvyGUaCQJE_@Cc@EUE_@Oy@]qApCeDAECS?Y@YDWPa@t@~A`A`B\|@@B`ArCRp@Z~@N`@HT|@nC^xA]c@ESEEEEMBq@t@Xv@h@~AgCzCKWw@{B@KdCsCp@u@LCDDDDDR\b@_@yA}@oCIUk@aBSq@aAsCAC]}@aAaBg@cAM[Q`@EVAX?XBR@DqCdD\pANx@D^DTBb@D^PKT`C	Click to Generate
S4	45	1			3	Northern General Hospital (S4)	Northern Perk (S4)	St Cuthberts (S4)	3403	2552	_o~dIdk{G???IBCFAH?FBB?R@H?F?DFJXDVPM\[JMHSL_@Ji@Fi@@i@?w@@o@Ac@AQC[E[Oa@O[MMQOOGMGY?I@MDMH}@f@aD~A_@RWNeAp@aAl@MJ]RKLSXGFKFEBIDKBY@M@s@@C?E?w@BU@CR?R?L?H?L?H@N@p@?V?t@?P@^B`C?PB|@@FBFJBdACfBED?v@GPAB?F?NHXH@?h@A\?N?JFHFFRFT?@HNJTR^JV\l@LVNVb@|@LTLTBDP\^t@DFVf@DF@DBBDJ^|@DH`@q@BG@ARYlAgCd@_AFKHUHYF]Da@\_DDm@@q@@sBAeB?]@s@Bo@Dg@DWHo@JoA@]@g@@_@@kB@uB?{@@mA?MAQAOEWMm@EUMg@EUKg@CIKUOYIOEIIOOg@Sa@aEiIUc@O]Ua@]u@GFgGpMGLCJ?JRlB\~CVCZCp@Cp@?rABjA@f@?AbAGjD?D?l@X?LFNFPNLLNZN`@DZBZ@P@b@An@?v@Ah@Gh@Kh@M^IRKL]ZQLEWKYEGG?I?SAC?ENEFM?CC?G	Click to Generate
S4	20	1			3	Wood Hill Lodge (S4)	Whiteways Primary School (S4)	Corner Cabin (S4)	2067	1550	mg}dIrqyGN`@HT|@nCVbAFTVz@bAbDx@jC~@pD|@dDH`@Hb@]f@\g@Ic@Ia@}@eD_AqDy@kCcAcDW{@_@yA}@oCIUk@aBSq@aAsCAC]}@aAaBu@_BQ`@EVAX?XBR@DqCdD\pANx@D^DTBb@D^PKT`CVxCBFD@EACGm@{GQJE_@Cc@EUE_@Oy@]qApCeDAECS?Y@YDWPa@LZf@bA`A`B\|@@B`ArCRp@Z~@	Click to Generate
S4	30	1			3	Whiteways Primary School (S4)	Osgathorpe Park (S4)	Corner Cabin (S4)	2794	2096	ye}dIjuyGY_AIUk@aBSq@aAsCAC]}@aAaBu@_BQ`@EVAX?XBR@DqCdD\pANx@D^DTBb@D^PKT`CVxCBFD@EACGm@{GQJE_@Cc@EUE_@Oy@]qApCeDAECS?Y@YDWPa@t@~A`A`B\|@@B`ArCRp@j@`BHT|@nC^xA]c@ESEEEEMBq@t@Xv@h@~AgCzCKWw@{B@KdCsCp@u@LCDDDDDR\b@_@yA}@oCIUk@aBSq@aAsCAC]}@aAaBu@_BUk@M[Qk@Mk@Ky@OcAM}@OeAT_@Pd@n@fBVl@Rh@n@zAa@pASl@LZf@bA`A`B\|@@B`ArCRp@j@`BHTX~@	Click to Generate
S4	20	1			3	Wood Hill Grange (S4)	Whiteways Primary School (S4)	Osgathorpe Park (S4)	1873	1405	}c}dI~yyGWcA}@oCIUOa@[_ASq@aAsCAC]}@aAaBu@_BQ`@EVAX?XBR@DqCdD\pANx@D^DTBb@D^PKT`CVxCBFD@EACGm@{GQJE_@Cc@EUE_@Oy@]qApCeDAECS?Y@YDWPa@t@~A`A`B\|@@B`ArCRp@j@`BHT|@nC^xA]c@ESEEEEMBq@t@Xv@h@~AgCzCKWw@{B@KdCsCp@u@LCDDDDDR\b@GU	Click to Generate
S4	30	1			3	Lana Pizza (S4)	Masjid Umar (S4)	St Cuthberts (S4)	2310	1732	i{}dIl`{GNIBABEFOcA{BQ]AEQ_@QWOSEGEEQS@]A[AQ?IIk@AOROSN@NHj@@Z@ZA\PRDDDFNRPVP^@DP\bAzBfA~B`BpD`@hARj@N`@HRN`@BHBJn@`Bn@bB`@lAlAmALOBG?G_@oAc@uAY_AEOIEIQq@kA}@hBLUn@sAp@jAHPHDDNX~@b@tA^nA?FCFMNmAlAa@mAo@cBo@aBCKCIOa@ISOa@Sk@a@iAaBqDgA_CcA{BQ]AEQ_@QWOSEGEEQSMQYWIGQS_@]Mm@EUMg@EUKg@CIKUOYIOEIIOOg@TVFFDBJLBRDTJd@BHJf@DTLf@DTLl@^\PRHFXVLPPRDDDFNRPVP^@DP\bAzBGNCDC@OH	Click to Generate
S4	20	1			3	Traditional Therapy (S4)	Aaliyah Mosque (S4)	Accelerate (S4)	1948	1461	ud{dI~cwG??EDWVK[K]EOCMCMGq@Oa@Yo@_@i@o@y@d@_CPL\TH]^Tc@dCCXGf@Xn@N`@Pd@L`@@JFXPENEREp@q@`@e@HI`@a@TSHSL_@DGHQBGNM@CFQDQJc@He@l@cDeBeAARSpCAF?D?D?DBxATCUB?CCuA?E?E?E@GRqC@SdBdAm@bDId@Kb@EPGPABAVAHCLINILKLSFURa@`@IHa@d@q@p@S\EDWVK[K]o@tAy@dBkAgB][a@OOQkAgBt@_CZeABE?CLe@BIJ]BBl@t@Z`@n@x@^h@Xn@N`@Pd@L`@@JFXPENERES\	Click to Generate
S4	20	1			3	New Roomstyle (S4)	Attercliffe News & Booze (S4)	Baltic Pearl (S4)	1541	1156	u~zdI~xvGCuA?E?E?E@GRqC@SdBdAm@bDId@Kb@EPGPABAVAHCLINILKLSFURa@`@IHa@d@q@p@S\EDWVK[K]EOCMCMGq@GQGOYo@_@i@o@y@[a@TcAMj@GVZ`@n@x@^h@GPWp@ELKZcAtCjAfBZd@TT|@v@d@c@b@a@Ie@CIc@oBEOK[BIBCPENEREp@q@`@e@HI`@a@TSHSL_@DGHQBGNM@CFQDQJc@He@l@cDeBeAARSpCAF?D?D?DBtA	Click to Generate
S4	15	1			3	Traditional Therapy (S4)	J W Young (Butchers) Ltd (S4)	Illusionz (S4)	1321	991	ym{dIzxvGBIJ]BBl@t@Z`@d@_CPL\TH]^Tc@dCCXGf@GPWp@ELKZcAtC][a@OOQkAgBe@w@mAmBBtH@LXh@rAgEjAfBNP`@N\ZjAfBZd@TT|@v@hAeAIe@CIWkAKc@EOK[K]EOCMCMGq@Oa@Yo@_@i@o@y@[a@m@u@CCK\CH	Click to Generate
S4	15	1			3	Lustrous Furniture (S4)	J W Young (Butchers) Ltd (S4)	Illusionz (S4)	1312	984	el{dI|xvGLNZ`@n@x@^h@JaATEp@OA]Ke@?G@GBM?CAOKGIGCTc@dCK`AGPWp@ELKZcAtC][a@OOQkAgBe@w@mAmBBtH@LXh@rAgEjAfBNP`@N\ZjAfBZd@TT|@v@hAeAIe@CIWkAKc@EOK[K]EOCMCMGq@Oa@Yo@_@i@o@y@[a@MO	Click to Generate
S4	45	1			3	PDSA (S4)	Eye of Needle (S4)	Colourcraft Limited (S4)	3731	2798	am|dIdxwGw@BKBEBCBc@`@u@wAWQIOS[GIYa@S]KUIOJYFQP_@LSVWl@oAR\Sd@??Re@S]m@nAQn@Ub@CFIPR\b@t@DFJBNCHI@?JMNMfA_CDIDGDADADAD@D@lBr@xGdCLD|@\@@JBfBz@hA^f@NhAd@|@Z_@vC{Ai@oAc@AAW_@WSYOm@?OX??NYl@?XNVRV^@@nAb@zAh@^wC}@[iAe@g@OiA_@gB{@KCAA}@]MEyGeCmBs@EAEAE@E@E@EFEHgA~BM`@GLABMHM@WBGIYa@KCKAI?G?O?QXu@`BgAdCkCbGXd@@B@@~@~ApBjDrBnD|FzJ~CxF~@qBv@gBeA}Az@qBDi@Bc@@W@u@@I@G@IBGa@q@S]GKIOO_@CIKq@Mc@Ms@WyAKa@K]Oc@Oe@]_Aa@s@KOaAoBa@y@b@a@BCDCJCv@C	Click to Generate
S4	20	1			3	Scott Road Store (S4)	Tea and Cakes (S4)	St. James Church (S4)	1631	1223	ky|dItc{GP`@y@xBw@lBSl@Qf@HNIOPg@FQJ[kAqCeAkCw@qB_AcCGHI\Ml@CRQDMHKFCHADCN?VBVFPb@jAb@dAJTKNt@zEBHDBD?DIp@gBdAqCjApCSl@Qf@ITMZy@`CI\In@Iz@IlAO~CAl@FBFDFJFJRWJ]@IGY??FXAHK\SVGKGKGEGC@m@N_DHmAH{@Ho@H]x@aCL[HUPg@Rm@v@mBx@yBQa@	Click to Generate
S4	45	1			3	Le Bon Vin (S4)	PDSA (S4)	J W Young (Butchers) Ltd (S4)	3528	2646	s~{dIx{wGNYl@?XNVRV^@@nAb@zAh@^wC}@[iAe@g@OiA_@gB{@KCAA}@]MEyGeCmBs@EAEAE@E@E@EFEHgA~BM`@GLABMH@XLh@t@vA`@x@`AnBJNPWBAPWUXQVKOaAoBa@y@u@wAWQIOS[GIYa@S]KUIOJYFQP_@LSVWl@oAR\Sd@??Re@S]Xo@f@eAv@gBdA}Br@aBJWXs@Tu@\eAb@kAfA{C`ByEJ[n@wBVu@DKL]^h@@BJLNTFHJP^h@FL`@p@j@|@R^LRBDBDV\nAfBx@dAZ^JP\^FFFHx@~@K\Qn@?BCD[dAu@~BsAfEYi@AMCuHlAlBd@v@jAfBNP`@N\ZjAfBGx@Q~BADIfBAt@i@rBg@hAk@|Ao@Ki@SgA]_@vC{Ai@oAc@AAW_@WSYOm@?OX	Click to Generate
S4	15	1			3	The Carlton Hotel (S4)	Bit Of Everything (S4)	J W Young (Butchers) Ltd (S4)	1401	1051	gi{dIn|vGZb@GPWp@ELKZcAtCjAfBZd@TT|@v@hAeAIe@CIc@oBAGCGK[BIBCPENEREp@q@`@e@a@wALd@Rp@a@d@q@p@S\EDWVK[K]o@tAy@dBkAgB][a@OOQkAgBe@w@mAmBBtH@LXh@rAgEt@_CZeABE?CPo@J]BBl@t@Z`@n@x@BD	Click to Generate
S4	30	1			3	New Roomstyle (S4)	J W Young (Butchers) Ltd (S4)	Aaliyah Mosque (S4)	2203	1652	ok{dItxvGGVZ`@n@x@^h@Xn@FNFPPd@L`@@JFXBh@DNb@nBBHHd@iAdA}@w@UU[e@kAgB][a@OOQkAgBe@w@mAmBBtH@LXh@rAgEt@_CZeABE?CPo@J]BBl@t@Z`@n@x@^h@Xn@N`@Pd@L`@@JFXPENEREp@q@`@e@HI`@a@TSHSL_@DGHQBGNM@CFQDQJc@He@l@cDeBeAARSpCAF?D?D?DBxATCUB?CCuA?E?E?E@GRqC@SdBdAm@bDId@Kb@EPGPABAVAHCLINILKLSFURa@`@IHa@d@q@p@S\EDWVK[K]EOCMCMGq@Oa@Yo@_@i@o@y@[a@FW	Click to Generate
S4	20	1			3	Traditional Therapy (S4)	Aaliyah Mosque (S4)	Accelerate (S4)	1959	1469	yc{dIvbwGGHS\EDWVK[K]EOCMCMGq@Oa@Yo@_@i@o@y@d@_CPL\TH]^Tc@dCCXGf@Xn@N`@Pd@L`@@JFXPENEREp@q@`@e@HI`@a@TSHSL_@DGHQBGNM@CFQDQJc@He@l@cDeBeAARSpCAF?D?D?DBxATCUB?CCuA?E?E?E@GRqC@SdBdAm@bDId@Kb@EPGPABAVAHCLINILKLSFURa@`@IHa@d@q@p@S\EDWVK[K]o@tAy@dBkAgB][a@OOQkAgBt@_CZeABE?CLe@BIJ]BBl@t@Z`@n@x@^h@Xn@N`@Pd@L`@@JFXPENEREFI	Click to Generate
S4	30	1			3	JBM Automotive (S4)	Wood Hill Lodge (S4)	Wood Hill Grange (S4)	2938	2204	sq|dItpyG???KAKCK_@i@S[EMCYCMIQ_BrDk@tArA`ClBbDh@uAJUJKHCLAJBNFLPtBxDMj@Lk@qAaCc@w@MQOGKCM@IBKJKTi@tAf@v@nBjDDHJRVd@Wt@a@fAGR_AlCIRm@bBSl@IVUr@KNIDIBYFG?a@@QCSUQYa@w@Se@Ic@Ia@}@eD_AqDy@kCcAcDW{@GUWcA}@oCIUOa@[_ASq@aAsCAC]}@aAaBu@_BUk@M[Qk@Mk@Ky@OcAM}@OeAT_@h@mAdAuBXx@@F|BzFfBxDrAbClArBT\BDdAlBjCpEfAjBDHj@uA~AsDHPBLBXDLRZ^h@BJ@J?J??	Click to Generate
S4	20	1			3	Premier Doors (S4)	Travel & More (S4)	Aaliyah Mosque (S4)	1807	1355	_e{dInkwGe@b@}@w@UU[e@kAgBbAuCJ[DMVq@FQXn@N`@Pd@BDHZ@JFXPENERES\EDWVK[K]EOCMCMGq@Oa@Yo@_@i@]c@QUd@_CPL\TH]^Tc@dCK`AXn@N`@Pd@L`@@JFXPENEREp@q@`@e@HI`@a@TSHSL_@DGHQBGNM@CFQDQJc@He@l@cDeBeAARSpCAF?D?D?DBxATCUB?CCuA?E?E?E@GRqC@SdBdAm@bDId@Kb@EPGPABAVAHCLINILKLSFURa@`@IHa@d@q@p@S\EDWVDNb@nBBHHd@c@`@	Click to Generate
S4	20	1			3	National Blinds (S4)	Aaliyah Mosque (S4)	J W Young (Butchers) Ltd (S4)	1770	1328	si{dI`|vGFF^h@Xn@N`@Pd@L`@@JFXPELE@?REp@q@`@e@HI`@a@TSHSL_@DGHQBGNM@CFQDQJc@He@l@cDeBeAARSpCAF?D?D?DBxATCUB?CCuA?E?E?E@GRqC@SdBdAm@bDId@Kb@EPGPABAVAHCLINILKLSFURa@`@IHa@d@q@p@S\EDWVK[K]o@tAy@dBkAgB][a@OOQkAgBe@w@mAmBBtH@LXh@rAgEt@_CZeABE?CPo@J]BBl@t@Z`@f@p@	Click to Generate
S4	15	1			3	Warty Lounge (S4)	Momento (S4)	J W Young (Butchers) Ltd (S4)	1434	1076	ab{dIv~vGRp@a@d@q@p@S\EDWVK[K]OZ_@x@y@dBkAgBbAuCJ[DMVq@FQJaAN{@RiA_@UI\]UQMe@~B[a@m@u@CCK\Qn@?BCD[dAu@~Be@w@mAmBBtH@LXh@rAgEt@_CZeABE?CPo@J]BBl@t@Z`@n@x@^h@Xn@N`@Pd@L`@@JFXPENEREp@q@`@e@Sq@	Click to Generate
S4	20	1			3	Norwood and Bishopsholme Community Centre (S4)	Shirecliffe Community Centre (S4)	Kaya Hair & Beauty (S4)	1888	1416	ev~dIp`~GMo@YkAGIIE??Q@MBMBG?cBfAKFIBu@HSBKBI@g@JOBEDGJUh@l@hAj@tA^~@\jAZrAPbAP~@TCnAKF?LAJ?TAH?\AxCOL?NAr@EDqB?mAAqA\ITGXIl@OHGJGV[P[BX?PEdAAJEnACrAArAq@B]BO?oAFs@DO@M?yCN]@I?U@Y@G?oAJUBQ_AQcA[sA]kA_@_Ak@uAm@iATi@FKDENCf@KHAJCRCt@IHCJGbBgAF?LCLCPAHDFHXjALn@	Click to Generate
S4	45	1			3	La Piazza (S4)	Eye of Needle (S4)	Colourcraft Limited (S4)	3559	2669	qn|dIhxwGG?KBEBCBc@`@u@wAWQIOS[GIYa@S]KUIOJYFQP_@LSVWHTBLD`@e@x@DK^m@FrAFn@HI@?JMNMfA_CDIDGDADADAD@D@lBr@xGdCLD|@\@@JBfBz@hA^f@NhAd@|@Z_@vC{Ai@oAc@AAW_@WSYOm@?OX??NYl@?XNVRV^@@nAb@zAh@^wC}@[iAe@g@OiA_@gB{@KCAA}@]MEyGeCmBs@EAEAE@E@E@EFEHgA~BM`@GLABMHM@WBGIYa@KCKAI?G?O?QXu@`BgAdCkCbGXd@@B@@~@~ApBjDrBnD|FzJ~CxF~@qBv@gBeA}Az@qBDi@Bc@@W@u@@I@G@IBGa@q@S]GKIOO_@CIKq@Mc@Ms@WyAKa@K]Oc@Oe@]_Aa@s@KOaAoBa@y@b@a@BCDCJCF?	Click to Generate
S4	45	1			3	La Piazza (S4)	City Motor Factors (S4)	Corner Cabin (S4)	3831	2873	y||dI`hxG_A_BAAACYe@jCcGfAeCt@aBJk@DINa@JYFQP_@LSVWHTBLD`@e@x@DK^m@FrAFn@@V@XLh@t@vAb@a@BCDCJCF?jAEJ?J@^H_@IKAK?sADKBEBCBc@`@u@wAWQIOS[GIYa@KCKAI?G?O?QXu@`BgAdCkCbGYe@mF_B_Be@MGKKIREL{@vBmBjEBF~@~BeAtBi@lAU^NdAL|@NbAJx@Lj@Pj@LZTj@LZf@bA`A`B\|@@B`ArCRp@j@`BHT|@nC^xAVz@bAbDx@jC~@pD|@dDH`@Hb@Rd@`@v@PXRTPB`@AF?XGHCHEJOTs@HWRm@l@cBHS~@mCFS`@gAVu@Ri@nF_PPa@Tg@Te@iEmH_DyF}F{JsBoDqBkD	Click to Generate
S4	30	1			3	Wood Hill Grange (S4)	Whiteways Primary School (S4)	Wood Hill Lodge (S4)	2619	1964	io}dIdbyGf@bA`A`B\|@@B`ArCRp@Z~@N`@HTt@y@u@x@IUk@aBSq@aAsCAC]}@aAaBu@_BQ`@EVAX?XBR@DqCdD\pANx@D^DTBb@D^PKT`CVxCBFD@EACGm@{GQJE_@Cc@EUE_@Oy@]qApCeDAECS?Y@YDWPa@t@~A`A`B\|@@B`ArCRp@j@`BHT|@nCVbAFTVz@bAbDx@jC~@pD|@dDH`@Hb@]f@\g@Ic@Ia@}@eD_AqDy@kCcAcDW{@_@yA}@oCIUk@aBSq@aAsCAC]}@aAaBg@cA	Click to Generate
S4	30	1			3	Masjid Umar (S4)	Masjid Noor (S4)	St. James Church (S4)	2293	1720	uq}dIb{{GAN?JFVLt@@DADEDSNCLAV\Ar@?l@?DBDDBJDCJETGPARAL?YcAEOk@uBSs@lAmALOBG?G_@oAc@uAY_AEOIEIQq@kA}@hBLUn@sAp@jAHPHDDNX~@b@tA^nA?FCFMNmAlARr@j@tBDNXbAM?S@Q@UFKDEBUNULb@dC??c@eCTMTODCJETGPARAL?Rn@d@zAz@|CZfAPh@n@tBPWBIHgB@]NqCP{DFBFDFJFJRWJ]@IGY??FXAHK\SVGKGKGEGCQzDOpCA\IfBCHQVo@uBQi@[gA{@}Ce@{ASo@M?S@Q@UFKDEBCKEEECm@?s@?]@@WBMRODE@EAEMu@GW?K@O	Click to Generate
S4	60	1			3	Steel sign for Kelham Island Museum (S4)	St. James Church (S4)	Scott Road Store (S4)	5353	4015	oqzdIfp~GPoARgBFg@@CBE@A@?BA@?PJL?NCJEAKAWAO?O?O@Q@Q@MN}BF{@Dq@@M@QB]Fa@[MSKICYMIEy@_@C?K?C@G@A@EBM@E?KAIAEAWCGAoACMAS@G@C@EDED_AvAEFWb@INCBCBC@SBeAVGBGBEBA@C@EBEBKH}ApAOJMFMFKDKBOBMBM@Q?m@EI?aBIsAEuBI}@KYMc@Wk@k@mBqBy@_A]_@UUEGW]GGiB}BMO]We@SUGQG_@EKAEAu@IGAGAOCOEICGCICq@[m@YGCOGOGIE]SGC]Ue@g@CCe@o@[g@CEWc@CEEIMWISOYWa@_@m@MS_@o@Ye@[q@Ue@EIa@}@Sc@u@aBa@aAEKPWBIHgB@]NqCP{DFBFDFJFJRWJ]@IGY??FXAHK\SVGKGKGEGC@m@N_DHmAH{@Ho@H]x@aCL[HUPg@FQJ[v@mBx@yBh@}ATu@b@oAj@Fd@JdAHvANbAJB?JBdBRVDP?HIHMBM??BKBYDaB@]Bm@?CBgA@[Bu@HGNIJCPCXj@rA|B|@`BFJNZDPBVDnA?L@ND|ADhABJDJHJd@X|Ax@DBtAp@HDd@XfAn@d@Z|BvA\TZRLJ@EBCBABABBBB@F?D?FCFCBC@?R?j@?X@T?DBNBNLb@FLVSDCHGVONGXGJ?LANAl@HJDJBl@XvBtAFBHDr@b@JH\TZP\R^JFDDBFFZ\LLBB`@f@RXb@`@XF@@DBFDB@d@XPHA`@CTAZGb@E`@I^I^ELa@rAANCR?JARAX?^@V?VDt@DJFXJb@BHNl@FPBL@F@J?VMn@QdAU~@IZEPCTCZAPARAPA\@X@\@TFh@D\BNFTHTL^DHd@hAFNBBLP@DHJHPBDBTHP@L?NCVG`@C\APALEp@Gz@O|BALAPAP?N?NBf@@JKDOBM?QKA?C@A?A@CDABGf@SfBQnA	Click to Generate
S4	60	1			3	Hillsborough Barracks Memorial (S4)	Watercliffe Meadow Community Primary School (S4)	S. Ali's Off Licence (S4)	8777	6583	{__eIvaaH?dBBD@N}@nB]v@GKSe@[k@k@gAYg@[i@i@y@GIo@_Aq@u@SYOzAMzAIpBC`BCrAGzF?B?NAzB@f@BZ@FNv@Jj@Nh@Rl@p@tAf@x@d@hA^lAXhAJh@Lh@n@lCX|AD\Lx@Hf@Ff@VjBv@hGHl@DZJp@D`@PtAFf@FZP|AJLFHRLF@j@Ul@Sb@Sn@Y|Ao@ZMbA]FCVKZKTIlAa@fBc@dAUDAFATE\Gj@MjASp@QFAt@St@Or@Sb@KFEXIVMXKHGJIJIHIBCPOEQCQ?YBc@@IFc@Jm@BSFS?I?O?W?]?SAWA_@Ce@AWAMCe@CSC_@Ec@CMCMEMQe@KWo@cBo@aBM[{BqFSe@IMGIEEGEIEICI?GAG@E@G@GBgC|AGDEDGFCDEHCDc@jAEDA@A?C?C?AAECi@m@EEACCG?G?G@I?CH]@M??ALI\?BAH?F?FBF@BDDh@l@DB@@B?B?@?@ADEb@kABEDIBEFGDEFEfC}AFCFADAFAF@H?HBHDFDDDFHHLRd@zBpFLZn@`Bn@bBJVPd@DLBLBLDb@B^BRBd@@L@VBd@@^@V?R?\?V?N?H@T?J?L@L@HD\HHDNBLDXBX?b@MNIJQPGDMFIFIDy@Zo@R{@Vk@Nu@Pc@NE@gAVcATy@PQDE?G@[FWFUDKB{@PoA^SFSFODMB_@LSHo@T]NOH_A^q@Xs@ZOD]Ru@ZUL[GCAMOCSEi@Q}AG[Gg@QuAEa@Kq@E[Im@w@iGWkBGg@Ig@My@E]Y}Ao@mCMi@Ki@YiA_@mAe@iAg@y@q@uASm@Oi@Kk@Ow@AGC[Ag@@{B?O?CF{FBsABaBHqBL{AN{AF]Ha@Pi@JYNWb@}@v@yAv@sAd@_AN_@Z_AP_Ap@{Et@{ENiAN_ADYBKVsBJ_ADk@Bk@?{@GgAXIrAc@J?N?JFJFhBtBZkAFW\eBaBuAZeBQq@MO??LNPp@DEH@FFpAr@NeAR_BPeBHuA@]H}ABaADqB???mAAqAr@QXIl@OHGJGV[P[BX?PEdAAJEnACrAArAq@B]BO?oAFs@DO@M?yCN]@I?U@Y@G?oAJUB_@Ji@Ra@R]Re@^o@r@Qb@IT?L?DBNBLNd@hAlB\f@\l@Vl@Pd@Lp@Jr@Hz@FfA?z@Cj@Ej@K~@WrBCJEXO~@OhAu@zEq@zEQ~@[~@O^e@~@w@rAw@xAc@|@OVKXQh@I`@G\RXp@t@n@~@FHh@x@Zh@Xf@j@fAZj@Rd@FJ\w@|@oBAOCE?eB	Click to Generate
S4	45	1			3	Le Bon Vin (S4)	PDSA (S4)	J W Young (Butchers) Ltd (S4)	3528	2646	s~{dIx{wGNYl@?XNVRV^@@nAb@zAh@^wC}@[iAe@g@OiA_@gB{@KCAA}@]MEyGeCmBs@EAEAE@E@E@EFEHgA~BM`@GLABMH@XLh@t@vA`@x@`AnBJNPWBAPWUXQVKOaAoBa@y@u@wAWQIOS[GIYa@S]KUIOJYFQP_@LSVWl@oAR\Sd@??Re@S]Xo@f@eAv@gBdA}Br@aBJWXs@Tu@\eAb@kAfA{C`ByEJ[n@wBVu@DKL]^h@@BJLNTFHJP^h@FL`@p@j@|@R^LRBDBDV\nAfBx@dAZ^JP\^FFFHx@~@K\Qn@?BCD[dAu@~BsAfEYi@AMCuHlAlBd@v@jAfBNP`@N\ZjAfBGx@Q~BADIfBAt@i@rBg@hAk@|Ao@Ki@SgA]_@vC{Ai@oAc@AAW_@WSYOm@?OX	Click to Generate
S4	20	1			3	Page Hall Medical Centre (S4)	Oasis Academy Fir Vale (S4)	St Cuthberts (S4)	1716	1287	{`~dIfzyG??GiBBABO@MUwAEWCUIFM@GCE^G`@Mf@O^CDKR?@SXSXCDMNLOBERYRYJUBEN_@Lg@w@Om@KGAQ`D?JANCZALCl@An@Br@Dn@Dh@Lr@L`AD\??Fp@JdA@LFd@BRDTJd@BHJf@DTLf@DTLl@^\PRHFERAF?F?t@AtC@Tm@F@uB?{@@mA?MAQAOEWMm@EUMg@EUKg@CIKUOYIOEIIOOg@Sa@aEiI`BkAdA_ALAD?@MB[@O?KPaDF@l@Jv@NFa@D_@By@BIFAFBDRD^CFBTDVTvAALCNC@FhB??	Click to Generate
S4	30	1			3	Jamia Masjid Ghausia (S4)	Fir Vale Academy (S4)	St Cuthberts (S4)	2806	2104	qh~dI`xyGq@c@[USOMb@KVMLSLSJk@TUJGFgGpMGLCJ?JRlB\~CVCZCp@Cp@?rABjA@f@?`A@|@?l@@v@BRDJMFG@EBI@I?UEUKg@CIKe@EUCSGe@AMKeAGq@E]MaAGc@EOEi@Eo@Cs@@o@Bm@@MB[@O?KPaDF@l@Jv@NFa@D_@By@BIFAFBDRD^CFBTDVTvAALCNC@AQYPHxBXO??GiBBABO@MUwAEWCUIFM@GCE^G`@w@Om@KGAQ`D?JANCZALCl@An@Br@Dn@Dh@Lr@L`AD\Fp@JdA@LFd@BRDTJd@BHJf@DTLf@DTLl@^\PRHFERAF?F?t@AtC@Tm@F@uB?{@@mA?MAQAOEWMm@EUMg@EUKg@CIKUOYIOEIIOOg@Sa@aEiIUc@O]Ua@]u@TKj@URKRMLMJWLc@RNZTp@b@	Click to Generate
S4	60	1			3	Wood Hill Lodge (S4)	Wood Hill Grange (S4)	All Days (S4)	4383	3287	yn|dI`yyGOGKCM@IBKJKTi@tAf@v@nBjDDHJRVd@Wt@a@fAGR_AlCIRm@bBSl@IVUr@KNIDIBYFG?a@@QCSUQYa@w@Se@Ic@Ia@}@eD_AqDy@kCcAcDW{@GUWcA}@oCIUOa@[_ASq@aAsCAC]}@aAaBu@_BUk@M[Qk@Mk@Ky@OcAM}@OeAT_@h@mAdAuBXx@@F|BzFfBxDrAbClArBT\BDdAlBjCpEfAjBDHrA`ClBbDf@v@nBjDDHJRVd@~@bBFHv@lAf@v@`AbBCx@Cd@Ct@AZCfA?BCl@A\E`BCXCJ??CLILIHQ?WEeBSKCC?cAKwAOeAIe@Kk@Gc@nAUt@i@|AQa@aD_I_@aA^`ArD`Jh@}ATu@b@oAj@Fd@JdAHvANbAJB?JBdBRVDP?HIHMBM??BKBYDaB@]Bm@?CBgA@[Bu@Be@By@aAcBg@w@w@mAGI_AcBWe@KSEIoBkDg@w@h@uAJUJKHCLAJBNF	Click to Generate
S4	20	1			3	Jamia Dar Ul Uloom Qadiria Jillania Centre (S4)	Oasis Academy Fir Vale (S4)	Fir Vale Academy (S4)	1504	1128	ab~dIltzGHHPRHFXVLPPRDDDFNRJWTc@HK@K?IEUDT?HAJ_@n@KVOSEGEEQSMQYWIGQS_@]Mm@EUMg@EUKg@CIKe@EUCSGe@AMKeAGq@??E]MaAMs@Ei@Eo@Cs@@o@Bm@@MB[@O?KPaDF@l@Jv@NFa@D_@By@BIFAFBDRD^CFBTDVTvAALCNC@AQYPHxBXO??GiBBABO@MUwAEWCUIFM@GCE^G`@w@Om@KGAQ`D?JANCZALCl@An@Br@Dn@Dh@Lr@L`AD\Fp@JdA@LFd@BRDTJd@BHJf@DTLf@DTLl@TR	Click to Generate
S4	60	1			3	E-ACT Parkwood Academy (S4)	Watercliffe Meadow Community Primary School (S4)	S. Ali's Off Licence (S4)	8577	6433	eh~dIb_bHALI\?BAH?F?FBF@BDDh@l@DB@@B?B?@?@ADEb@kABEDIBEFGDEFEfC}AFCFADAFAF@H?HBHDFDDDFHHLRd@zBpFLZn@`Bn@bBJVPd@DLBLBLDb@B^BRBd@@L@VBd@@^@V?R?\?V?N?H@T?J?L@L@HD\HHDNBLDXBX?b@MNIJQPGDMFIFIDy@Zo@R{@Vk@Nu@Pc@NE@gAVcATy@PQDE?G@[FWFUDKB{@PoA^SFSFODMB_@LSHo@T]NOH_A^q@Xs@ZOD]Ru@ZUL[GCAMOCSEi@Q}AG[Gg@QuAEa@Kq@E[Im@w@iGWkBGg@Ig@My@E]Y}Ao@mCMi@Ki@YiA_@mAe@iAg@y@q@uASm@Oi@Kk@Ow@AGC[Ag@@{B?O?CF{FBsABaBHqBL{AN{ARXp@t@n@~@FHh@x@Zh@Xf@j@fAZj@Rd@FJ\w@|@oBAOCE?eB???dBBD@N}@nB]v@GKSe@[k@k@gAYg@[i@i@y@hAoBj@cAHQP[Xg@l@cATe@DGPe@FOHWLc@Ps@Ha@BIL{@d@kCt@mFLgAPuABWH}@F]H_@Vy@r@_Cl@{BPu@ZkAFW\eBaBuAZeBQq@MO??LNPp@DEH@FFpAr@NeAR_BPeBHuA@]H}ABaADqB???mAAqAr@QXIl@OHGJGV[P[BX?PEdAAJEnACrAArAq@B]BO?oAFs@DO@M?yCN]@I?U@Y@G?oAJUB_@Ji@Ra@R]Re@^o@r@Qb@IT?L?DBNBLNd@hAlB\f@\l@Vl@Pd@Lp@Jr@Hz@FfA?z@Cj@Ej@K~@WrBCJEXO~@OhAu@zEq@zEQ~@[~@O^e@~@w@rAw@xAc@|@OVKXQh@I`@G\OzAMzAIpBC`BCrAGzF?B?NAzB@f@BZ@FNv@Jj@Nh@Rl@p@tAf@x@d@hA^lAXhAJh@Lh@n@lCX|AD\Lx@Hf@Ff@VjBv@hGHl@DZJp@D`@PtAFf@FZP|AJLFHRLF@j@Ul@Sb@Sn@Y|Ao@ZMbA]FCVKZKTIlAa@fBc@dAUDAFATE\Gj@MjASp@QFAt@St@Or@Sb@KFEXIVMXKHGJIJIHIBCPOEQCQ?YBc@@IFc@Jm@BSFS?I?O?W?]?SAWA_@Ce@AWAMCe@CSC_@Ec@CMCMEMQe@KWo@cBo@aBM[{BqFSe@IMGIEEGEIEICI?GAG@E@G@GBgC|AGDEDGFCDEHCDc@jAEDA@A?C?C?AAECi@m@EEACCG?G?G@I?CH]@M	Click to Generate
S4	15	1			3	Silver Pan (S4)	MyCigara (S4)	J W Young (Butchers) Ltd (S4)	1222	916	ae{dIpfwGKc@EOK[BIBCPENEREp@q@`@e@a@wALd@Rp@a@d@q@p@S\EDWVK[K]EOCMCMGq@Oa@Yo@GPEHQf@ELKZcAtC][a@OOQkAgBe@w@mAmBBtH@LXh@rAgEt@_CZeABE?CPo@J]BBl@t@Z`@n@x@^h@Xn@N`@Pd@L`@@JFXBh@DNJb@	Click to Generate
S4	20	1			3	Baltic Pearl (S4)	Attercliffe News & Booze (S4)	Aaliyah Mosque (S4)	1651	1238	qf{dIfawG@BL`@@JFXBh@DNb@nBBHHd@c@`@e@b@}@w@UU[e@kAgBbAuCJ[DMVq@FQ_@i@o@y@[a@TcAMj@GVZ`@n@x@^h@Xn@N`@Pd@L`@@JFXPENEREp@q@`@e@HI`@a@TSHSL_@DGHQBGNM@CFQDQJc@He@l@cDeBeAARSpCAF?D?D?DBxATCUB?CCuA?E?E?E@GRqC@SdBdAm@bDId@Kb@EPGPABAVAHCLINILKLSFURa@`@IHa@d@q@p@S\EDWVK[K]EOCMCMGq@N`@	Click to Generate
S4	15	1			3	Accelerate (S4)	Warty Lounge (S4)	Bit Of Everything (S4)	1253	940	cr{dIx~vGd@v@t@_CZeABE?CLe@BIJ]BBl@t@Z`@n@x@^h@Xn@N`@Pd@L`@@JFXPENERES\EDWVK[K]OZ_@x@y@dBZd@TT|@v@hAeAIe@CIc@oBEOK[BIBCPENEREp@q@`@e@a@wALd@Rp@a@d@q@p@S\EDWVK[K]o@tAy@dBkAgB][a@OOQkAgBe@w@	Click to Generate
S4	30	1			3	Global Hair & Beauty (S4)	Oasis Academy Fir Vale (S4)	Masjid Umar (S4)	2380	1785	c}}dIvvzGUb@KVOSEGEEQSMQYWIGQSIIUSMm@EUMg@EUKg@CI[o@IOEIIOOg@Sa@aEiI`BkAdA_ALAD?Cl@An@Br@Dn@Dh@Lr@L`AD\??Fp@JdA@LFd@BRDTJd@BHJf@DTLf@DTLl@^\PRHFXVLPPRDDDFNRPVP^@DP\bAzBfA~B`BpD`@hARj@N`@HRN`@BHBJn@`Bn@bB`@lAlAmALOBG?G_@oAc@uAY_AEOIEIQq@kA}@hBLUn@sAp@jAHPHDDNX~@b@tA^nA?FCFMNmAlAa@mAo@cBo@aBCKCIOa@ISOa@Sk@a@iAaBqDgA_CcA{BQ]AEQ_@QWJWTc@	Click to Generate
S4	30	1			3	Fir Vale Pharmacy (S4)	St Cuthberts (S4)	Fir Vale Academy (S4)	2388	1791	_g~dIdbzGEOEi@Eo@Cs@@o@Bm@@MB[@O?KPaDDw@Dy@mAmA}@tD]~ARNZTp@b@TPgAu@[USOMb@KVMLSLSJk@TUJGFgGpMGLCJ?JRlB\~CVCZCp@Cp@?rABjA@f@?`A@|@?l@@v@BRDJMFG@EBI@I?UEUKg@CIKUOYIOEIIOOg@Sa@aEiI`BkAdA_ALAD?@MB[@O?KPaDF@l@Jv@NFa@D_@By@BIFAFBDRD^CFBTDVTvAALCNC@AQYPHxBXO??GiBBABO@MUwAEWCUIFM@GCE^G`@w@Om@KGAQ`D?JANCZALCl@An@Br@Dn@Dh@DN	Click to Generate
S4	60	1			3	Awesome Walls Sheffield (S4)	Wood Hill Lodge (S4)	All Days (S4)	4666	3500	gm|dIj{yGc@w@MQOGKCM@IBKJKTi@tAmBcDsAaCj@uA~AsDHPBLBXDLRZ^h@BJ@J?J??Wt@AJ@F`@p@a@q@AG@KVu@?KAKCK_@i@S[EMCYCMIQ_BrDk@tAEIgAkBkCqEeAmBCEU]mAsBsAcCgByD}B{FAGYy@eAtBi@lAU^NdAL|@NbAJx@Lj@Pj@LZTj@t@~A`A`B\|@@B`ArCRp@j@`BHT|@nCVbAFTVz@bAbDx@jC~@pD|@dDH`@Hb@Rd@`@v@PXRTPB`@AF?XGHCHEJOTs@HWRm@l@cBHS~@mCFS`@gAVu@~@bBFHv@lAf@v@`AbBCx@Cd@Ct@AZCfA?BCl@A\E`BCXCJ??CLILIHQ?WEeBSKCC?cAKwAOeAIe@Kk@Gc@nAUt@i@|AQa@aD_I_@aA^`ArD`Jh@}ATu@b@oAj@Fd@JdAHvANbAJB?JBdBRVDP?HIHMBM??BKBYDaB@]Bm@?CBgA@[Bu@Be@By@aAcBg@w@w@mAGI_AcBWe@KSEIoBkDg@w@h@uAJUJKHCLAJBNFLPb@v@	Click to Generate
S4	20	1			3	MyCigara (S4)	Baltic Pearl (S4)	J W Young (Butchers) Ltd (S4)	1527	1145	ab{dIv~vGRp@a@d@q@p@S\EDWVK[K]o@tAy@dBkAgBbAuCJ[DMPg@DIFQXn@N`@Pd@L`@@JFXBh@DNb@nBBHHd@c@`@e@b@}@w@UU[e@kAgB][a@OOQkAgBe@w@mAmBBtH@LXh@rAgEt@_CZeABE?CPo@J]BBl@t@Z`@n@x@^h@Xn@N`@Pd@L`@@JFXPENEREp@q@`@e@Sq@	Click to Generate
S4	45	1			3	Busk Meadow Park (S4)	Shirecliffe Community Centre (S4)	Norwood and Bishopsholme Community Centre (S4)	3337	2503	_n~dI|g~G]H@pA?lAEpBs@DO@M?yCN]@I?U@Y@G?oAJUBQ_AQcA[sA]kA_@_Ak@uAm@iATi@FKDENCf@KHAJCRCt@IHCJGbBgAF?LCLCPAHDFHXjALn@??Mo@YkAGIIEQ@MBMBG?cBfAKFIBu@HSBKBI@g@JOBEDGJUh@l@hAj@tA^~@\jAZrAPbAP~@TCnAKF?LAJ?TAH?\AxCOL?NAr@EnAGN?BlCCmCO?oAFs@DO@M?yCN]@I?U@Y@G?oAJUBQ_AQcA[sA]kA_@_Ak@uAm@iATi@FKDENCf@KHAJCRCt@IHCJGbBgAF?LCLCPA??HDFHXjALn@Mo@YkAGIIEQ@MBMBG?cBfAKFIBu@HSBKBI@g@JOBEDGJUh@l@hAj@tA^~@\jAZrAPbAP~@TCnAKF?XATAH?\AxCOL?NAr@EDqB?mAAqA\I	Click to Generate
S4	60	1			3	St. James Church (S4)	Scott Road Store (S4)	All Days (S4)	5891	4418	eqzdIvn~GF_@RgBFg@@CBE@A@?BA@?PJL?NCJEAKCg@?O?O@Q@Q@MN}BF{@Dq@@M@QB]Fa@[MSKICYMIEy@_@C?K?C@G@A@EBM@E?KAIAEAWCGAoACMAS@G@C@EDED_AvAEFWb@INCBCBC@SBeAVGBGBEBA@C@EBEBKH}ApAOJMFMFKDKBOBMBM@Q?m@EI?aBIsAEuBI}@KYMc@Wk@k@mBqBy@_A]_@UUEGW]GGiB}BMO]We@SUGQG_@EKAEAu@IGAGAOCOEICGCICq@[m@YGCOGOGIE]SGC]Ue@g@CCe@o@[g@CEWc@CEEIMWISOYWa@_@m@MS_@o@Ye@[q@Ue@EIa@}@Sc@u@aBa@aAEKPWBIHgB@]NqCP{DFBFDFJFJRWJ]@IGY??FXAHK\SVGKGKGEGC@m@N_DHmAH{@Ho@H]x@aCL[HUPg@FQJ[v@mBx@yBQa@aD_I_@aA^`ArD`Jy@xBw@lBSl@Qf@ITMZy@`CI\In@Iz@IlAO~CAl@QzDOpCA\IfBCHQVDJ`@`At@`BRb@`@|@DHTd@Zp@Xd@^n@LR^l@V`@NXHRLVDHBDVb@BDZf@d@n@BBd@f@\TFB\RHDNFNFFBl@Xp@ZHBFBHBNDNBF@F@t@HD@J@^DPFTFd@R\VLNhB|BFFV\DFTT\^x@~@lBpBj@j@b@VXL|@JtBHrAD`BHH?l@DP?LALCNCJCJELGLGNK|AqAJIDCDCBA@ADCFCFCdAWRCBABCBCHOJNFDHDv@XJBH@F?F?H?FAFAHAHAHEHEJGJEHEFEBCDCDAJCJy@Be@Be@@c@@G?Q?k@?ICw@?]By@PeDNYFED?D?A\@X@\@TFh@D\BNFTHTL^DHd@hAFNBBLP@DHJHPBDBTHP@L?NCVG`@C\APALEp@Gz@O|BALAPAP?N?NBf@@JKDOBM?QKA?C@A?A@CDABGf@SfBG^	Click to Generate
S4	20	1			3	Jamia Dar Ul Uloom Qadiria Jillania Centre (S4)	Oasis Academy Fir Vale (S4)	Fir Vale Academy (S4)	1504	1128	ac~dIzrzGH\^\PRHFXVLPPRDDDFNRJWTc@HK@K?IEUDT?HAJ_@n@KVOSEGEEQSMQYWIGQS_@]Mm@EUMg@EUKg@CIKe@EUCSGe@AMKeAGq@??E]MaAMs@Ei@Eo@Cs@@o@Bm@@MB[@O?KPaDF@l@Jv@NFa@D_@By@BIFAFBDRD^CFBTDVTvAALCNC@AQYPHxBXO??GiBBABO@MUwAEWCUIFM@GCE^G`@w@Om@KGAQ`D?JANCZALCl@An@Br@Dn@Dh@Lr@L`AD\Fp@JdA@LFd@BRDTJd@BHJf@DTLf@DTBN	Click to Generate
S4	20	1			3	The Carlton Hotel (S4)	Accelerate (S4)	Aaliyah Mosque (S4)	1808	1356	mg{dIj{vGQDK`AXn@N`@Pd@L`@@JFXBh@BF@Fb@nBBHHd@iAdA}@w@UU[e@kAgB][a@OOQkAgBt@_CZeABE?CLe@BIJ]BBl@t@Z`@n@x@^h@Xn@N`@Pd@L`@@JFXPENEREp@q@`@e@HI`@a@TSHSL_@DGHQBGNM@CFQDQJc@He@l@cDeBeAARSpCAF?D?D?DBxATCUB?CCuA?E?E?E@GRqC@SdBdAm@bDId@Kb@EPGPABAVAHCLINILKLSFURa@`@IHa@d@q@p@S\EDWVK[K]EOCMCMGq@Oa@Yo@JaAPE	Click to Generate
S4	45	1			3	City Motor Factors (S4)	Colourcraft Limited (S4)	Eye of Needle (S4)	3450	2588	kt|dIlqwG^m@FrAFn@@V@XLh@t@vAb@a@BCDCJCF?jAEJ?J@^H_@IKAK?sADKBEBCBc@`@u@wAWQIOS[GIYa@KCKAI?G?O?QXu@`BgAdCkCbGXd@@B@@pDjGu@jBh@|@i@}@t@kBqBkD_A_BAAACYe@jCcGfAeCt@aBJk@DINa@JYFQP_@LSVWHTBLD`@FrAFn@HI@?JMNMfA_CDIDGDADADAD@D@lBr@xGdCLD|@\@@JBfBz@hA^f@NhAd@|@Z_@vC{Ai@oAc@AAW_@WSYOm@?OX??NYl@?XNVRV^@@nAb@zAh@^wC}@[iAe@g@OiA_@gB{@KCAA}@]MEyGeCmBs@EAEAE@E@E@EFEHgA~BM`@GLABMHM@WBGIYa@S]KUIOJYFQP_@LSVWHTBLD`@_@l@	Click to Generate
S4	20	1			3	St Cuthberts (S4)	Yours Food and Wine (S4)	Oasis Academy Fir Vale (S4)	1674	1256	u_~dIptzG@P@ZA\MQYWIGQS_@]Mm@EUMg@EUKg@CIKUOYIOEIIOOg@TVFFDBJLBRDTJd@BHJf@DTLf@DTLl@^\PRHFXVLPPRDDDFNRPVP^@DP\bAzBGNCDC@OHIDi@ViAh@q@\y@^C@AA@]@g@@_@@kB@uB?{@@mA?MAQAOEWMm@EUMg@EUKg@CI[o@IOEIIOOg@Sa@aEiI`BkAdA_ALAD?Cl@An@Br@Dn@Dh@Lr@L`AD\??Fp@JdA@LFd@BRDTJd@BHJf@DTLf@DTLl@^\PRHFXVLP@]A[AQ	Click to Generate
S4	45	1			3	La Piazza (S4)	Eye of Needle (S4)	Colourcraft Limited (S4)	3508	2631	ml|dIv~wGC@QVKOaAoBa@y@u@wAWQIOS[GIYa@S]KUIOJYFQP_@LSVWHTBLD`@e@x@DK^m@FrAFn@HI@?JMNMfA_CDIDGDADADAD@D@lBr@xGdCLD|@\@@JBfBz@hA^f@NhAd@|@Z_@vC{Ai@oAc@AAW_@WSYOm@?OX??NYl@?XNVRV^@@nAb@zAh@^wC}@[iAe@g@OiA_@gB{@KCAA}@]MEyGeCmBs@EAEAE@E@E@EFEHgA~BM`@GLABMHM@WBGIYa@KCKAI?G?O?QXu@`BgAdCkCbGXd@@B@@~@~ApBjDrBnD|FzJ~CxF~@qBv@gBeA}Az@qBDi@Bc@@W@u@@I@G@IBGa@q@S]GKIOO_@CIKq@Mc@Ms@WyAKa@K]Oc@Oe@]_Aa@s@PWBA	Click to Generate
S4	20	1			3	Adept Afro Hair & Beauty (S4)	Illusionz (S4)	Aaliyah Mosque (S4)	1655	1241	ig{dIj{vGUDK`A_@i@o@y@[a@MO_@e@CCK\Qn@?BCD[dAu@~BjAfBNP`@N\ZjAfBZd@TT|@v@hAeAIe@CIWkAKc@EOK[BIBCPENEREp@q@`@e@HI`@a@TSHSL_@DGHQBGNM@CFQDQJc@He@l@cDeBeAARSpCAF?D?D?DBxATCUB?CCuA?E?E?E@GRqC@SdBdAm@bDId@Kb@EPGPABAVAHCLINILKLSFURa@`@IHa@d@q@p@S\EDWVK[K]EOCMCMGq@Oa@Yo@JaATE	Click to Generate
S4	20	1			3	Bit Of Everything (S4)	Beauty Beneath (S4)	J W Young (Butchers) Ltd (S4)	1519	1139	eg{dIrdwGUd@y@dBZd@TT|@v@hAeAIe@CIc@oBEOK[BIBCPENEREp@q@`@e@a@wALd@Rp@a@d@q@p@S\EDWVK[K]EOCMCMGq@Oa@Yo@_@i@GGg@q@[a@m@u@CCK\Qn@?BCD[dAu@~BsAfEYi@AMCuHlAlBd@v@jAfBNP`@N\ZjAfBZd@TT|@v@hAeAIe@CIc@oBEOK[K]Yn@	Click to Generate
S4	20	1			3	Attercliffe News & Booze (S4)	Baltic Pearl (S4)	Aaliyah Mosque (S4)	1733	1300	yf{dIt`wGHTL`@@JFXPENERES\EDWVK[K]EOCMCMGq@Oa@Yo@_@i@o@y@[a@TcAMj@GVZ`@n@x@^h@GPWp@ELKZcAtCjAfBZd@TT|@v@d@c@b@a@Ie@CIc@oBEOK[BIBCPENEREp@q@`@e@HI`@a@TSHSL_@DGHQBGNM@CFQDQJc@He@l@cDeBeAARSpCAF?D?D?DBxATCUB?CCuA?E?E?E@GRqC@SdBdAm@bDId@Kb@EPGPABAVAHCLINILKLSFURa@`@IHa@d@q@p@S\EDWVK[K]EOCMCMGq@FN	Click to Generate
S4	20	1			3	Crabtree Ponds (S4)	St. James Church (S4)	Masjid Umar (S4)	1894	1420	ym}dIlf|Gc@eCTMTOCKEEECm@?s@?]@@WBMRODE@EAEMu@GW?K@O@MFKGJAL??AN?JFVLt@@DADEDSNCLAV\Ar@?l@?DBDDBJDCJETGPARAL?Rn@d@zAz@|CZfAPh@n@tBPWBIHgB@]NqCP{DFBFDFJFJRWJ]@IGY??FXAHK\SVGKGKGEGC@m@MIGGGM_EaNe@}AmBPKAIEIQq@kA}@hBLUn@sAp@jAHPHDDNX~@b@tA^nA?FCFMNmAlARr@j@tBDNXbAM?S@Q@UFKDEBUNULb@dC	Click to Generate
S4	45	1			3	Crabtree Ponds (S4)	Tea and Cakes (S4)	Yours Food and Wine (S4)	3950	2962	oq}dI`m{Gn@sAp@jAHPHDDNX~@b@tA^nA?FCFMNmAlARr@j@tBDNXbAM?S@Q@UFKDEBCKEEECm@?s@?]@@WBMRODE@EAEMu@GW?K@O@MFKGJAL??AN?JFVLt@@DADEDSNCLAV\Ar@?l@?DBDDBJDCJETGPARAL?Rn@d@zAz@|CZfAPh@n@tBPWBIHgB@]NqCP{D@m@N_DHmAH{@Ho@H]x@aCL[HUPg@Rm@kAqCeAkCw@qB_AcCGHI\Ml@CRQDMHKFCHADCN?VBVFPb@jAb@dAJTKNt@zEBHDBD?DIp@gBdAqCjApCSl@Qf@ITMZy@`CI\In@Iz@IlAO~CAl@QzDOpCA\IfBCHQVo@uBQi@[gA{@}Ce@{ASo@YcAEOk@uBSs@a@mAo@cBo@aBCKCIOa@ISUNwB~AI@{@yDoBaIh@WHENIBABEFOfA~B`BpD`@hARj@N`@HRN`@BHBJn@`Bn@bB`@lAlAmALOBG?G_@oAc@uAY_AEOIEIQq@kAo@rA	Click to Generate
S4	15	1			3	The Dream Lounge (S4)	J W Young (Butchers) Ltd (S4)	Illusionz (S4)	1333	1000	_l{dIdyvGFFZ`@n@x@^h@Tf@BFN`@Pd@L`@@JFXBh@DNb@nBBHHd@iAdA}@w@UU[e@kAgB][a@OOQkAgBe@w@mAmBBtH@LXh@rAgEjAfBNP`@N\ZjAfBZd@TT|@v@hAeAIe@CIWkAKc@EOK[K]EOCMCMGq@Oa@Yo@_@i@o@y@[a@GG	Click to Generate
S4	45	1			3	Busk Meadow Park (S4)	Shirecliffe Community Centre (S4)	Norwood and Bishopsholme Community Centre (S4)	3266	2450	{n~dI~i~G?X?lAEpBs@DO@M?yCN]@I?U@Y@G?oAJUBQ_AQcA[sA]kA_@_Ak@uAm@iATi@FKDENCf@KHAJCRCt@IHCJGbBgAF?LCLCPAHDFHXjALn@??Mo@YkAGIIEQ@MBMBG?cBfAKFIBu@HSBKBI@g@JOBEDGJUh@l@hAj@tA^~@\jAZrAPbAP~@TCnAKF?LAJ?TAH?\AxCOL?NAr@EnAGN?BlCCmCO?oAFs@DO@M?yCN]@I?U@Y@G?oAJUBQ_AQcA[sA]kA_@_Ak@uAm@iATi@FKDENCf@KHAJCRCt@IHCJGbBgAF?LCLCPA??HDFHXjALn@Mo@YkAGIIEQ@MBMBG?cBfAKFIBu@HSBKBI@g@JOBEDGJUh@l@hAj@tA^~@\jAZrAPbAP~@TCnAKF?XATAH?\AxCOL?NAr@EDqB?mA?Y	Click to Generate
S4	20	1			3	Warty Lounge (S4)	Bit Of Everything (S4)	J W Young (Butchers) Ltd (S4)	1619	1214	og{dItyvGOz@K`AXn@N`@Pd@L`@@JFXPENERES\EDWVK[K]OZ_@x@y@dBZd@TT|@v@hAeAIe@CIc@oBEOK[BIBCPENEREp@q@`@e@a@wALd@Rp@a@d@q@p@S\EDWVK[K]EOCMCMGq@Oa@Yo@_@i@o@y@[a@m@u@CCK\Qn@?BCD[dAu@~BsAfEYi@AMCuHlAlBd@v@jAfBNP`@N\ZbAuCJ[DMVq@FQJaAN{@	Click to Generate
S4	20	1			3	Baltic Pearl (S4)	Attercliffe News & Booze (S4)	Aaliyah Mosque (S4)	1651	1238	of{dIjawG??L`@@JFXBh@DNb@nBBHHd@c@`@e@b@}@w@UU[e@kAgBbAuCJ[DMVq@FQ_@i@o@y@[a@TcAMj@GVZ`@n@x@^h@Xn@N`@Pd@L`@@JFXPENEREp@q@`@e@HI`@a@TSHSL_@DGHQBGNM@CFQDQJc@He@l@cDeBeAARSpCAF?D?D?DBxATCUB?CCuA?E?E?E@GRqC@SdBdAm@bDId@Kb@EPGPABAVAHCLINILKLSFURa@`@IHa@d@q@p@S\EDWVK[K]EOCMCMGq@Pd@	Click to Generate
S4	15	1			3	Illusionz (S4)	Silver Pan (S4)	J W Young (Butchers) Ltd (S4)	1415	1061	yh{dIn~vGQf@ELKZcAtCjAfBZd@TT|@v@hAeAIe@CIWkAKc@EOK[BIBCPENEREp@q@`@e@a@wALd@Rp@a@d@q@p@S\EDWVK[K]EOCMCMGq@Oa@Yo@_@i@o@y@[a@m@u@CCK\Qn@?BCD[dAu@~BsAfEYi@AMCuHlAlBd@v@jAfBNP`@N\ZbAuCJ[DMPg@	Click to Generate
S4	20	1			3	Yours Food and Wine (S4)	Oasis Academy Fir Vale (S4)	Fir Vale Academy (S4)	1866	1400	m`~dIrrzGJG@NHj@@Z@ZA\PRDDDFNRPVP^@DP\bAzBGNCDC@OHIDi@ViAh@q@\y@^C@AA@]@g@@_@@kB@uB?{@@mA?MAQAOEWMm@EUMg@EUKg@CIKe@EUCSGe@AMKeAGq@??E]MaAMs@Ei@Eo@Cs@@o@Bm@@MB[@O?KPaDF@l@Jv@NFa@D_@By@BIFAFBDRD^CFBTDVTvAALCNC@AQYPHxBXO??GiBBABO@MUwAEWCUIFM@GCE^G`@w@Om@KGAQ`D?JANCZALCl@An@Br@Dn@Dh@Lr@L`AD\Fp@JdA@LFd@BRDTJd@BHJf@DTLf@DTLl@^\PRHFXVLP@]A[A[Ik@AOKF	Click to Generate
S4	30	1			3	Beauty Beneath (S4)	Aaliyah Mosque (S4)	J W Young (Butchers) Ltd (S4)	2242	1682	wd{dIfcwG@?RES\EDWVK[K]EOCMCMGq@Oa@Yo@_@i@GGg@q@d@_CPL\TH]^Tc@dCK`AXn@N`@Pd@L`@@JFXPENEREp@q@`@e@HI`@a@TSHSL_@DGHQBGNM@CFQDQJc@He@l@cDeBeAARSpCAF?D?D?DBxATCUB?CCuA?E?E?E@GRqC@SdBdAm@bDId@Kb@EPGPABAVAHCLINILKLSFURa@`@IHa@d@q@p@S\EDWVK[K]o@tAy@dBkAgB][a@OOQkAgBe@w@mAmBBtH@LXh@rAgEt@_CZeABE?CPo@J]BBl@t@Z`@n@x@^h@Xn@N`@Pd@L`@@JFXPELE	Click to Generate
S4	20	1			3	Attercliffe News & Booze (S4)	Aaliyah Mosque (S4)	Baltic Pearl (S4)	1593	1195	ig{dIr_wGGOYo@_@i@o@y@[a@TcAMj@GVZ`@n@x@^h@Xn@N`@Pd@L`@@JFXPENEREp@q@`@e@HI`@a@TSHSL_@DGHQBGNM@CFQDQJc@He@l@cDeBeAARSpCAF?D?D?DBxATCUB?CCuA?E?E?E@GRqC@SdBdAm@bDId@Kb@EPGPABAVAHCLINILKLSFURa@`@IHa@d@q@p@S\EDWVDNb@nBBHHd@c@`@e@b@}@w@UU[e@kAgBbAuCJ[DMVq@FQXn@FN	Click to Generate
S4	60	1			3	WHSmith (S4)	Northern Perk (S4)	Norwood Grange Care Home (S4)	4538	3404	_v~dIpy{G?@HNJTR^JV\l@LVNVb@|@LTLTBDP\^t@DFVf@DF@DBBd@hADH`@q@BG@ARYlAgCd@_AFKHUHYF]Da@\_DDm@@q@@sBAeB?]@s@Bo@Dg@DWHo@JoA@]@g@@_@@kB@uB?{@@mA?MAQAOEWUQOICCSESEw@Cm@A}@?aAAAbAGjD?D?l@X?LFNFPNLLNZN`@DZBZ@P@b@An@?v@Ah@Gh@Kh@M^IRKL]ZQLEWKYEGG?I?SAC?ENEFM?CC?G???IBCFAH?FBB?R@H?F?DFJXDVPM\[JMHSL_@Ji@Fi@@i@?w@@o@Ac@AQC[E[Oa@O[MMQOOGMGY??m@?EFkD@cA`A@|@?l@@v@BRDRDBBNHTPDV@N@P?LAlA?z@AtBAjBA^Af@A\KnAIn@EVEf@Cn@Ar@?\@dBArBAp@El@]~CE`@G\IXITGJe@~@mAfCKf@Uj@EFEJMQEIe@iACCAEEGWg@Wd@gAuBTg@LTBDP\^t@DFVf@DF@DBBDJ^|@DHLPGLEHKTIPWd@[`@SPa@Ts@r@w@v@q@l@y@p@YX[`@U\q@|Aa@|@Ud@g@dAMQg@u@a@o@_@k@UQE?]GsBYGCJ_AJw@LDFAJCFBtBdAA@UpATP^j@`@n@f@t@LPf@eATe@`@}@p@}AT]Za@XYx@q@p@m@v@w@r@s@d@u@R]FMb@w@DGR_@EIe@iACCAEEGWg@EG_@u@Q]CEMUMUc@}@OWMW]m@KWS_@KUIO?A	Click to Generate
S4	45	1			3	Northern General Hospital (S4)	Sheffield GP Collaborative (Out of Hours Service) (S4)	Norwood Grange Care Home (S4)	4032	3024	gm~dI`h|GEKCCAEEGWg@EG_@u@Q]CEMUMUc@}@OWMW]m@KWS_@KUIO?AGUGSIGKGO?]?i@@A?_@FuAZO@E?qA@sA?MAEM?ODKCGAGC}@?QCaCA_@?Q?u@?WAq@AO?I?M?I?M?SBSTAv@CD?B?r@ALAXAJCHEDCJGFGRYJM\SLK`Am@dAq@VO^S`D_B|@g@LILEHAX?LFNFPNLLNZN`@DZBZ@P@b@An@?v@Ah@Gh@Kh@M^IRKL]ZQLMJUNa@EGAC@CBANK\SBETSHRIDURCJ]@OBCBAF@`@D@ARMLKPM\[JMHSL_@Ji@Fi@@i@?w@@o@Ac@AQC[E[Oa@O[MMQOOGMGY??m@?EFkD@cA`A@|@?l@@v@BRDRDBBNHTPDV@N@P?LAlA?z@AtBAjBA^Af@A\KnAIn@EVEf@Cn@Ar@?\@dBArBAp@El@]~CE`@G\IXITGJe@~@mAfCKf@Uj@EFEJGLEHKTIPWd@[`@SPa@Ts@r@w@v@q@l@y@p@YX[`@U\q@|Aa@|@Ud@g@dAMQg@u@a@o@_@k@UQE?]GsBYGCJ_AJw@LDFAJCFBtBdAA@UpATP^j@`@n@f@t@LPf@eATe@`@}@p@}AT]Za@XYx@q@p@m@v@w@r@s@d@u@R]FMb@w@DGR_@EI_@}@	Click to Generate
S4	20	1			3	Busk Meadow Park (S4)	Kaya Hair & Beauty (S4)	Shirecliffe Community Centre (S4)	1888	1416	_x~dId|}G??HDFHXjALn@??Mo@YkAGIIEQ@MBMBG?cBfAKFIBu@HSBKBI@g@JOBEDGJUh@l@hAj@tA^~@\jAZrAPbAP~@TCnAKF?XATAH?\AxCOL?NAr@EDqB?mAAqA\ITGXIl@OHGJGV[P[BX?PEdAAJEnACrAArAq@B]BO?oAFs@DO@M?yCN]@I?U@K?M@G?oAJUBQ_AQcA[sA]kA_@_Ak@uAm@iATi@FKDENCf@KHAJCRCt@IHCJGbBgAF?LCLCPA	Click to Generate
S4	45	1			3	Norwood and Bishopsholme Community Centre (S4)	Northern General Hospital (S4)	Northern Perk (S4)	3272	2454	oa_eIpy|GUpATP^j@`@n@f@t@LPQd@IPUj@]fAUv@ENYzAWtAKv@It@CVGfAI|BEdA?TE~@Cn@C\HJDDNNHJTi@FKDENCf@KHAJCRCt@IHCJGbBgAF?LCLCPA??HDFHXjALn@Mo@YkAGIIEQ@MBMBG?cBfAKFIBu@HSBKBI@g@JOBEDGJUh@IKOOEEIKB]Bo@D_A?UDeAH}BFgABWHu@Jw@VuAX{ADOTw@\gATk@HQPe@f@eATe@`@}@p@}AT]Za@XYx@q@p@m@v@w@r@s@d@u@R]FMb@w@DGR_@EIe@iACCAEEGWg@EG_@u@Q]CEMUMUc@}@OWMW]m@KWS_@KUIO?AGUDGDCFAB?`@Ad@Cd@AFGDM@M@KBKFGZMHAFFHPJVRd@DVJf@B\Bn@Bd@B`@ARCLEJCFOXS`@CFGLMT^t@DFVf@DF@DBBDJ^|@DHLPGLEHKTIPWd@[`@SPa@Ts@r@w@v@q@l@y@p@YX[`@U\q@|Aa@|@Ud@g@dAMQg@u@a@o@_@k@UQE?]GsBYGCJ_AJw@LDFAJCFBtBdAA@	Click to Generate
S4	20	1			3	St Cuthberts (S4)	Fir Vale Academy (S4)	Page Hall Medical Centre (S4)	1760	1320	cf~dIhfzGFp@JdA@LFd@BRDTJd@BHJf@DTLf@DTLl@^\PRHFERAF?F?t@AtC@Tm@F@uB?{@@mA?MAQAOEWMm@EUMg@EUKg@CIKUOYIOEIIOOg@Sa@aEiI`BkAdA_ALAD?@MB[@O?KPaDF@l@Jv@NFa@D_@By@BIFAFBDRD^CFBTDVTvAALCNC@AQYPHxBXO??GiBBABO@MUwAEWCUIFM@GCE^G`@Mf@O^CDKR?@SXSXCDMNLOBERYRYJUBEN_@Lg@w@Om@KGAQ`D?JANCZALCl@An@Br@Dn@Dh@Lr@L`AD\??	Click to Generate
S4	60	1			3	Whiteways Primary School (S4)	Wood Hill Lodge (S4)	Tea and Cakes (S4)	5423	4067	ui}dIfczGw@{B@KdCsCp@u@LCDDDDDR\b@_@yA}@oCIUk@aBSq@aAsCAC]}@aAaBu@_BQ`@EVAX?XBR@DqCdD\pANx@D^DTBb@D^PKT`CVxCBFD@EACGm@{GQJE_@Cc@EUE_@Oy@]qApCeDAECS?Y@YDWPa@t@~A`A`B\|@@B`ArCRp@j@`BHT|@nCVbAFTVz@bAbDx@jC~@pD|@dDH`@Hb@Rd@`@v@PXRTPB`@AF?XGHCHEJOTs@HWRm@l@cBHS~@mCFS`@gAVu@~@bBFHv@lAf@v@`AbBCx@Cd@Ct@AZCfA?BCl@A\E`BCXCJ??CLILIHQ?WEeBSKCC?cAKwAOeAIe@Kk@GIAcBQGEEIc@aAi@sAs@kBGGIAI?MBQL[^e@p@o@~@s@bAGHI\Ml@CR?RBPBPFVjAnCq@`AKUc@eAc@kAGQCW?WBO@EBIJGLIPEBSLm@H]FIr@cAn@_Ad@q@Z_@PMLCH?H@FFr@jBh@rAb@`ADHFDbBPH@j@Fd@JdAHvANbAJB?JBdBRVDP?HIHMBM??BKBYDaB@]Bm@?CBgA@[Bu@Be@By@aAcBg@w@w@mAGI_AcBWt@a@fAGR_AlCIRm@bBSl@IVUr@KNIDIBYFG?a@@QCSUQYa@w@Se@Ic@Ia@}@eD_AqDy@kCcAcDW{@]c@ESEEEEMBq@t@eCrCAJv@zB	Click to Generate
S4	20	1			3	Fir Vale Academy (S4)	Jamia Masjid Ghausia (S4)	St Cuthberts (S4)	1677	1258	ud~dI`wyGJSBEN_@Lg@Fa@D_@By@BIFAFBDRD^CFBTDVTvAALCNC@AQYPHxBXO??GiBBABO@MUwAEWCUIFM@GCE^G`@w@Om@KGAQ`D?JANCZALCl@An@Br@Dn@Dh@DNFb@L`AD\Fp@JdA@LFd@BRDTJd@BHJf@DTLf@DTLl@^\PRHFERAF?F?t@AtC@Tm@F@uB?{@@mA?MAQAOEWMm@EUMg@EUKg@CIKUOYIOEIIOOg@Sa@aEiI`BkAdA_ALAD?@MB[@O?KPaDF@l@Jv@NMf@O^CDKR	Click to Generate
S4	45	1			3	City Motor Factors (S4)	Eye of Needle (S4)	Colourcraft Limited (S4)	3592	2694	qr|dIlmwGRe@S]m@nAHTBLD`@FrAFn@@V@XLh@t@vAb@a@BCDCJCF?jAEJ?J@^H_@IKAK?sADKBEBCBc@`@u@wAWQIOS[GIYa@S]KUIOJYFQP_@LSVWHTBLD`@FrAFn@HI@?JMNMfA_CDIDGDADADAD@D@lBr@xGdCLD|@\@@JBfBz@hA^f@NhAd@|@Z_@vC{Ai@oAc@AAW_@WSYOm@?OX??NYl@?XNVRV^@@nAb@zAh@rEdBZLGlBo@rA]R_@JMJNXoBtDET]nDI`@Sb@_@x@INEHMXGTABKX]t@QViBfEuBlFSh@iEmH_DyF}F{JsBoDqBkD_A_BAAACYe@jCcGfAeCt@aBJk@DINa@JYFQP_@LSVWl@oAR\Sd@	Click to Generate
S4	45	1			3	Busk Meadow Park (S4)	Shirecliffe Community Centre (S4)	Norwood and Bishopsholme Community Centre (S4)	3250	2438	{n~dIvj~G?@?lAEpBs@DO@M?yCN]@I?U@Y@G?oAJUBQ_AQcA[sA]kA_@_Ak@uAm@iATi@FKDENCf@KHAJCRCt@IHCJGbBgAF?LCLCPAHDFHXjALn@??Mo@YkAGIIEQ@MBMBG?cBfAKFIBu@HSBKBI@g@JOBEDGJUh@l@hAj@tA^~@\jAZrAPbAP~@TCnAKF?LAJ?TAH?\AxCOL?NAr@EnAGN?BlCCmCO?oAFs@DO@M?yCN]@I?U@Y@G?oAJUBQ_AQcA[sA]kA_@_Ak@uAm@iATi@FKDENCf@KHAJCRCt@IHCJGbBgAF?LCLCPA??HDFHXjALn@Mo@YkAGIIEQ@MBMBG?cBfAKFIBu@HSBKBI@g@JOBEDGJUh@l@hAj@tA^~@\jAZrAPbAP~@TCnAKF?XATAH?\AxCOL?NAr@EDqB?mA?A	Click to Generate
S4	20	1			3	Baltic Pearl (S4)	Travel & More (S4)	Aaliyah Mosque (S4)	1669	1252	kf{dIpawGHZ@JFXBh@DNb@nBBHHd@c@`@e@b@}@w@UU[e@kAgB][a@OOQkAgBt@_CZeABE?CPo@J]BBl@t@Z`@PT\b@^h@Xn@N`@Pd@L`@@JFXPENEREp@q@`@e@HI`@a@TSHSL_@DGHQBGNM@CFQDQJc@He@l@cDeBeAARSpCAF?D?D?DBxATCUB?CCuA?E?E?E@GRqC@SdBdAm@bDId@Kb@EPGPABAVAHCLINILKLSFURa@`@IHa@d@q@p@S\EDWVK[K]EOCMCMGq@Pd@BD	Click to Generate
S4	20	1			3	Shirecliffe Community Centre (S4)	Busk Meadow Park (S4)	Norwood and Bishopsholme Community Centre (S4)	1535	1151	{n~dIfm~GEpBs@DO@M?yCN]@I?U@K?M@G?oAJUBQ_AQcA[sA]kA_@_Ak@uAm@iATi@FKDENCf@KHAJCRCt@IHCJGbBgAF?LCLCPAHDFHXjALn@??Mo@YkAGIIE??Q@MBMBG?cBfAKFIBu@HSBKBI@g@JOBEDGJUh@l@hAj@tA^~@\jAZrAPbAP~@TCnAKF?XATAH?\AxCOL?NAr@EDqB	Click to Generate
S4	20	1			3	All Days (S4)	St. James Church (S4)	Tea and Cakes (S4)	1899	1424	w||dIzl{GJ[v@mBx@yBQa@aD_I_@aA^`ArD`Jy@xBw@lBSl@Qf@ITMZy@`CI\In@Iz@IlAO~CAl@FBFDFJFJRWJ]@IGY??FXAHK\SVGKGKGEGC@m@N_DHmAH{@Ho@H]x@aCL[HUPg@Rm@kAqCeAkCw@qB_AcCGHI\Ml@CRQDMHKFCHADCN?VBVFPb@jAb@dAJTKNt@zEBHDBD?DIp@gBdAqCjApCKZ	Click to Generate
S4	15	1			3	The Dream Lounge (S4)	J W Young (Butchers) Ltd (S4)	Illusionz (S4)	1325	994	yk{dIjyvG@@Z`@n@x@^h@Tf@BFN`@Pd@L`@@JFXBh@DNb@nBBHHd@iAdA}@w@UU[e@kAgB][a@OOQkAgBe@w@mAmBBtH@LXh@rAgEjAfBNP`@N\ZjAfBZd@TT|@v@hAeAIe@CIWkAKc@EOK[K]EOCMCMGq@Oa@Yo@_@i@o@y@[a@AA	Click to Generate
S4	30	1			3	Northern General Hospital (S4)	Northern Perk (S4)	Yours Food and Wine (S4)	2770	2078	am~dInm{GRMLKPM\[JMHSL_@Ji@Fi@@i@?w@@o@Ac@AQC[E[Oa@O[MMQOOGMGY?I@MDMH}@f@aD~A_@RWNeAp@aAl@MJ]RKLSXGFKFEBIDKBY@M@s@@C?E?w@BU@CR?R?L?H?L?H@N@p@?V?t@?P@^B`C?PB|@@FBFJBdACfBED?v@GPAB?F?NHXH@?h@A\?N?JFHFFRFT?@HNJTR^JV\l@LVNVb@|@LTLTBDP\^t@DFVf@DF@DBBDJ^|@DH`@q@BG@ARYlAgCd@_AFKHUHYF]Da@\_DDm@@q@@sBAeB?]@s@Bo@Dg@DWHo@JoA@@BAx@_@p@]hAi@h@WHENIBABEFOcA{BQ]AEQ_@QWOSEGEEQSMQYWIGQS_@]UQOICCSESEw@Cm@A}@?aAAAbAGjD?D?l@X?LFNFPNLLNZN`@DZBZ@P@b@An@?v@Ah@Gh@Kh@M^IRKL]ZQLMJSL	Click to Generate
S4	60	1			3	Sheffield Steel City Beer Festival 49 (S4)	St. James Church (S4)	All Days (S4)	6159	4619	_ozdIdi~G??QKA?C@A?A@CDABGf@SfBYjBO~@[vB]nB\oBj@wDXkBRgBFg@@CBE@A@?BA@?PJL?NCJEAKCg@?O?O@Q@Q@MN}BF{@Dq@@M@QB]Fa@[MSKICYMIEy@_@C?K?C@G@A@EBM@E?KAIAEAWCGAoACMAS@G@C@EDED_AvAEFWb@INCBCBC@SBeAVGBGBEBA@C@EBEBKH}ApAOJMFMFKDKBOBMBM@Q?m@EI?aBIsAEuBI}@KYMc@Wk@k@mBqBy@_A]_@UUEGW]GGiB}BMO]We@SUGQG_@EKAEAu@IGAGAOCOEICGCICq@[m@YGCOGOGIE]SGC]Ue@g@CCe@o@[g@CEWc@CEEIMWISOYWa@_@m@MS_@o@Ye@[q@Ue@EIa@}@Sc@u@aBa@aAEKPWBIHgB@]NqCP{DFBFDFJFJRWJ]@IGY??FXAHK\SVGKGKGEGC@m@N_DHmAH{@Ho@H]x@aCL[HUPg@Rm@v@mBx@yBQa@aD_I_@aA^`ArD`Jy@xBw@lBSl@Qf@ITMZy@`CI\In@Iz@IlAO~CAl@QzDOpCA\IfBCHQVDJ`@`At@`BRb@`@|@DHTd@Zp@Xd@^n@LR^l@V`@NXHRLVDHBDVb@BDZf@d@n@BBd@f@\TFB\RHDNFNFFBl@Xp@ZHBFBHBNDNBF@F@t@HD@J@^DPFTFd@R\VLNhB|BFFV\DFTT\^x@~@lBpBj@j@b@VXL|@JtBHrAD`BHH?l@DP?LALCNCJCJELGLGNK|AqAJIDCDCBA@ADCFCFCdAWRCBABCBCHOJNFDHDv@XJBH@F?F?H?FAFAHAHAHEHEJGJEHEFEBCDCDAJCJy@Be@Be@@c@@G?Q?k@?ICw@?]By@PeDNYFED?D?A\@X@\@TFh@D\BNFTHTL^DHd@hAFNBBLP@DHJHPBDBTHP@L?NCVG`@C\APALEp@Gz@O|BALAPAP?N?NBf@@JKDOBM?	Click to Generate
S4	60	1			3	Sheffield Steel City Beer Festival 2024 (SCBF48) (S4)	St. James Church (S4)	Scott Road Store (S4)	5420	4065	grzdIbs~GN_AXkBRgBFg@@CBE@A@?BA@?PJ??L?NCJEAKCg@?O?O@Q@Q@MN}BF{@Dq@@M@QB]Fa@[MSKICYMIEy@_@C?K?C@G@A@EBM@E?KAIAEAWCGAoACMAS@G@C@EDED_AvAEFWb@INCBCBC@SBeAVGBGBEBA@C@EBEBKH}ApAOJMFMFKDKBOBMBM@Q?m@EI?aBIsAEuBI}@KYMc@Wk@k@mBqBy@_A]_@UUEGW]GGiB}BMO]We@SUGQG_@EKAEAu@IGAGAOCOEICGCICq@[m@YGCOGOGIE]SGC]Ue@g@CCe@o@[g@CEWc@CEEIMWISOYWa@_@m@MS_@o@Ye@[q@Ue@EIa@}@Sc@u@aBa@aAEKPWBIHgB@]NqCP{DFBFDFJFJRWJ]@IGY??FXAHK\SVGKGKGEGC@m@N_DHmAH{@Ho@H]x@aCL[HUPg@FQJ[v@mBx@yBh@}ATu@b@oAj@Fd@JdAHvANbAJB?JBdBRVDP?HIHMBM??BKBYDaB@]Bm@?CBgA@[Bu@HGNIJCPCXj@rA|B|@`BFJNZDPBVDnA?L@ND|ADhABJDJHJd@X|Ax@DBtAp@HDd@XfAn@d@Z|BvA\TZRLJ@EBCBABABBBB@F?D?FCFCBC@?R?j@?X@T?DBNBNLb@FLVSDCHGVONGXGJ?LANAl@HJDJBl@XvBtAFBHDr@b@JH\TZP\R^JFDDBFFZ\LLBB`@f@RXb@`@XF@@DBFDB@d@XPHA`@CTAZGb@E`@I^I^ELa@rAANCR?JARAX?^@V?VDt@DJFXJb@BHNl@FPBL@F@J?VMn@QdAU~@IZEPCTCZAPARAPA\@X@\@TFh@D\BNFTHTL^DHd@hAFNBBLP@DHJHPBDBTHP@L?NCVG`@C\APALEp@Gz@O|BALAPAP?N?NBf@@JKDOBM?QKA?C@A?A@CDABGf@SfBYjBO~@	Click to Generate
S4	45	1			3	Busk Meadow Park (S4)	S. Ali's Off Licence (S4)	Norwood and Bishopsholme Community Centre (S4)	3106	2330	wx~dItq~GM@G?oAJUBQ_AQcA[sA]kA_@_Ak@uAm@iATi@FKDENCf@KHAJCRCt@IHCJGbBgAF?LCLCPAHDFHXjALn@??Mo@YkAGIIEQ@MBMBG?cBfAKFIBu@HSBKBI@g@JOBEDGJUh@IKOOEEIKB]Bo@D_A?UDeAH}BFgABWHu@Jw@VuAX{ADOTw@\gATk@HQPe@jApAd@j@l@t@DDZh@nAlC\jAZ~@L`@Nl@Ll@F\@FH^Jt@BX@F\vEJtADf@J|A@pA?lA??EpBs@DO@M?yCN]@I?U@Y@G?oAJUBQ_AQcA[sA]kA_@_Ak@uAm@iATi@FKDENCf@KHAJCRCt@IHCJGbBgAF?LCLCPA??HDFHXjALn@Mo@YkAGIIEQ@MBMBG?cBfAKFIBu@HSBKBI@g@JOBEDGJUh@l@hAj@tA^~@\jAZrAPbAP~@TCnAKF?LA	Click to Generate
S4	15	1			3	Illusionz (S4)	MyCigara (S4)	J W Young (Butchers) Ltd (S4)	1388	1041	ab{dIv~vGRp@a@d@q@p@S\EDWVDNJb@VjABHHd@iAdA}@w@UU[e@kAgBbAuCJ[DMPg@DIFQ_@i@o@y@[a@m@u@CCK\Qn@?BCD[dAu@~Be@w@mAmBBtH@LXh@rAgEt@_CZeABE?CPo@J]BBl@t@Z`@n@x@^h@Xn@N`@Pd@L`@@JFXPENEREp@q@`@e@Sq@	Click to Generate
S4	30	1			3	Norwood and Bishopsholme Community Centre (S4)	Busk Meadow Park (S4)	Northern Perk (S4)	2493	1870	c__eI|_}G\h@LPQd@IPUj@]fAUv@ENYzAWtAKv@It@CVGfAI|BEdA?TE~@Cn@C\HJDDNNHJTi@FKDENCf@KHAJCRCt@IHCJGbBgAF?LCLCPA??HDFHXjALn@??Mo@YkAGIIEQ@MBMBG?cBfAKFIBu@HSBKBI@g@JOBEDGJUh@IKOOEEIKB]Bo@D_A?UDeAH}BFgABWHu@Jw@VuAX{ADOTw@\gATk@HQPe@f@eATe@`@}@p@}AT]Za@XYx@q@p@m@v@w@r@s@d@u@R]FMb@w@DGR_@EIe@iACCAEEGWg@Wd@gAuBTg@LTBDP\^t@DFVf@DF@DBBDJ^|@DHLPGLEHKTIPWd@[`@SPa@Ts@r@w@v@q@l@y@p@YX[`@U\q@|Aa@|@Ud@g@dAMQ]i@	Click to Generate
S4	20	1			3	Lana Pizza (S4)	Oasis Academy Fir Vale (S4)	Fir Vale Pharmacy (S4)	1970	1478	{d~dInmzGOYIOEIIOOg@TVFFDBJLBRDTJd@BHJf@DTLf@DTLl@^\PRHFXVLP@]A[AQ?IIk@AOROSN@NHj@@Z@ZA\MQYWIGQS_@]Mm@EUMg@EUKg@CIKe@EUCSGe@AMKeAGq@??E]MaAMs@Ei@Eo@Cs@@o@Bm@@MB[@O?KPaDDw@Dy@mAmA}@tD]~ARNZTp@b@TPgAu@[USOMb@KVMLSLSJk@TUJGFgGpMGLCJ?JRlB\~CVCZCp@Cp@?rABjA@f@?`A@|@?l@@v@BRDJMFG@EBI@I?UEUKg@CIKU	Click to Generate
S4	45	1			3	Scott Road Store (S4)	Masjid Noor (S4)	All Days (S4)	3206	2404	c`}dIv_|GFXAHK\SVGKGKGEGC@m@N_DHmAH{@Ho@H]x@aCL[HUPg@Rm@v@mByDcK\i@]h@xDbKw@lBKZGPQf@ITMZy@`CI\In@Iz@IlAO~CAl@QzDOpCA\IfBCHQVo@uBQi@[gA{@}Ce@{ASo@M?S@Q@UFKDEBUNULb@dC??c@eCTMTODCJETGPARAL?Rn@d@zAz@|CZfAPh@n@tBPWBIHgB@]NqCP{D@m@N_DHmAH{@Ho@H]x@aCL[HUPg@Rm@v@mBx@yBQa@aD_I_@aA^`ArD`Jy@xBw@lBSl@Qf@ITMZy@`CI\In@Iz@IlAO~CAl@FBFDFJFJRWJ]@IGY	Click to Generate
S4	60	1			3	Crushing mill, Kelham Island, Sheffield (S4)	St. James Church (S4)	All Days (S4)	6159	4619	ymzdIvg~G@V@JKDOBM?QKA?C@A?A@CDABGf@SfBYjBk@vD]nB\oBj@wDF[PoARgBFg@@CBE@A@?BA@?PJL?NCJEAKCg@?O?O@Q@Q@MN}BF{@Dq@@M@QB]Fa@[MSKICYMIEy@_@C?K?C@G@A@EBM@E?KAIAEAWCGAoACMAS@G@C@EDED_AvAEFWb@INCBCBC@SBeAVGBGBEBA@C@EBEBKH}ApAOJMFMFKDKBOBMBM@Q?m@EI?aBIsAEuBI}@KYMc@Wk@k@mBqBy@_A]_@UUEGW]GGiB}BMO]We@SUGQG_@EKAEAu@IGAGAOCOEICGCICq@[m@YGCOGOGIE]SGC]Ue@g@CCe@o@[g@CEWc@CEEIMWISOYWa@_@m@MS_@o@Ye@[q@Ue@EIa@}@Sc@u@aBa@aAEKPWBIHgB@]NqCP{DFBFDFJFJRWJ]@IGY??FXAHK\SVGKGKGEGC@m@N_DHmAH{@Ho@H]x@aCL[HUPg@Rm@v@mBx@yBQa@aD_I_@aA^`ArD`Jy@xBw@lBSl@Qf@ITMZy@`CI\In@Iz@IlAO~CAl@QzDOpCA\IfBCHQVDJ`@`At@`BRb@`@|@DHTd@Zp@Xd@^n@LR^l@V`@NXHRLVDHBDVb@BDZf@d@n@BBd@f@\TFB\RHDNFNFFBl@Xp@ZHBFBHBNDNBF@F@t@HD@J@^DPFTFd@R\VLNhB|BFFV\DFTT\^x@~@lBpBj@j@b@VXL|@JtBHrAD`BHH?l@DP?LALCNCJCJELGLGNK|AqAJIDCDCBA@ADCFCFCdAWRCBABCBCHOJNFDHDv@XJBH@F?F?H?FAFAHAHAHEHEJGJEHEFEBCDCDAJCJy@Be@Be@@c@@G?Q?k@?ICw@?]By@PeDNYFED?D?A\@X@\@TFh@D\BNFTHTL^DHd@hAFNBBLP@DHJHPBDBTHP@L?NCVG`@C\APALEp@Gz@O|BALAPAP?N?N@N	Click to Generate
S4	20	1			3	Jamia Dar Ul Uloom Qadiria Jillania Centre (S4)	Oasis Academy Fir Vale (S4)	Fir Vale Academy (S4)	1504	1128	ob~dI`tzGVTPRHFXVLPPRDDDFNRJWTc@HK@K?IEUDT?HAJ_@n@KVOSEGEEQSMQYWIGQS_@]Mm@EUMg@EUKg@CIKe@EUCSGe@AMKeAGq@??E]MaAMs@Ei@Eo@Cs@@o@Bm@@MB[@O?KPaDF@l@Jv@NFa@D_@By@BIFAFBDRD^CFBTDVTvAALCNC@AQYPHxBXO??GiBBABO@MUwAEWCUIFM@GCE^G`@w@Om@KGAQ`D?JANCZALCl@An@Br@Dn@Dh@Lr@L`AD\Fp@JdA@LFd@BRDTJd@BHJf@DTLf@DTLl@FF	Click to Generate
S4	60	1			3	Masjid Umar (S4)	Osgathorpe Park (S4)	Scott Road Store (S4)	5009	3757	ig}dIv_{GBIJGLIPEBSLm@H]FI~@bCv@pBdAjCjApCSl@Qf@ITMZy@`CI\In@Iz@IlAO~CMIGGGM_EaNe@}AmBPKAIEIQq@kA}@hBLUn@sAp@jAHPHDDNX~@b@tA^nA?FCFMNmAlAa@mAo@cBo@aBCKCIOa@ISOa@PWBKCe@KeDIkCMoCOyAOyA[aCSgBc@_Ds@uFzBiANONUP[J]Hk@@MHa@@u@@y@Au@GiAE_@Cc@EUE_@Oy@]qApCeDAECS?Y@YDWPa@t@~A`A`B\|@@B`ArCRp@j@`BHT|@nC^xA]c@ESEEEEMBq@t@Xv@h@~AgCzCKWw@{B@KdCsCp@u@LCDDDDDR\b@Vz@bAbDx@jC~@pD|@dDH`@Hb@Rd@`@v@PXRTPB`@AF?XGHCHEJOTs@HWRm@l@cBHS~@mCFS`@gAVu@~@bBFHv@lAf@v@`AbBCx@Cd@Ct@AZCfA?BCl@A\E`BCXCJ??CLILIHQ?WEeBSKCC?cAKwAOeAIe@Kk@Gc@nAUt@i@|Ay@xBw@lBSl@Qf@HNIOPg@FQJ[kAqCeAkCw@qB_AcCGHI\Ml@CRQDMHKFCH	Click to Generate
S4	20	1			3	Khan Darbar (S4)	Accelerate (S4)	Aaliyah Mosque (S4)	1717	1288	oe{dIdewGCGK[K]EOCMCMGq@Oa@Yo@JaAPEt@OA]Ke@?G@GBM?CAOKGIGCTc@dCK`AGPWp@ELKZcAtC][a@OOQkAgBt@_CZeABE?CLe@BIJ]BBl@t@Z`@n@x@^h@Xn@N`@Pd@L`@@JFXPENEREp@q@`@e@HI`@a@TSHSL_@DGHQBGNM@CFQDQJc@He@l@cDeBeAARSpCAF?D?D?DBxATCUB?CCuA?E?E?E@GRqC@SdBdAm@bDId@Kb@EPGPABAVAHCLINILKLSFURa@`@IHa@d@q@p@S\EDWVBF	Click to Generate
S4	20	1			3	National Blinds (S4)	Aaliyah Mosque (S4)	J W Young (Butchers) Ltd (S4)	1769	1327	_j{dIr{vGRT^h@Xn@N`@Pd@L`@@JFXPELE@?REp@q@`@e@HI`@a@TSHSL_@DGHQBGNM@CFQDQJc@He@l@cDeBeAARSpCAF?D?D?DBxATCUB?CCuA?E?E?E@GRqC@SdBdAm@bDId@Kb@EPGPABAVAHCLINILKLSFURa@`@IHa@d@q@p@S\EDWVK[K]o@tAy@dBkAgB][a@OOQkAgBe@w@mAmBBtH@LXh@rAgEt@_CZeABE?CPo@J]BBl@t@Z`@Zb@	Click to Generate
S4	20	1			3	Sheffield Auto Spares (S4)	Illusionz (S4)	Aaliyah Mosque (S4)	1585	1189	ug{dIz~vGUg@_@i@o@y@[a@AAk@s@CCK\Qn@?BCD[dAu@~BjAfBNP`@N\ZjAfBZd@TT|@v@hAeAIe@CIWkAKc@EOK[BIBCPENEREp@q@`@e@HI`@a@TSHSL_@DGHQBGNM@CFQDQJc@He@l@cDeBeAARSpCAF?D?D?DBxATCUB?CCuA?E?E?E@GRqC@SdBdAm@bDId@Kb@EPGPABAVAHCLINILKLSFURa@`@IHa@d@q@p@S\EDWVK[K]EOCMCMGq@Oa@CG	Click to Generate
S4	20	1			3	Attercliffe Spice (S4)	Accelerate (S4)	Aaliyah Mosque (S4)	2066	1550	ch{dIj|vGGf@Xn@N`@Pd@L`@@JFXPENEREFIh@g@`@e@HI`@a@TSHSNQJIDCF?JLFFDFZROAM?KAKAQAM@SFURa@`@IHa@d@q@p@S\EDWVK[K]o@tAy@dBkAgB][a@OOQkAgBt@_CZeABE?CLe@BIJ]BBl@t@Z`@n@x@^h@Xn@N`@Pd@L`@@JFXPENEREp@q@`@e@HI`@a@TSHSL_@DGHQBGNM@CFQDQJc@He@l@cDeBeAARSpCAF?D?D?DBxATCUB?CCuA?E?E?E@GRqC@SdBdAm@bDId@Kb@EPGPABAVAHCLINILKLSFURa@`@IHa@d@q@p@S\EDWVK[K]EOCMCMGq@Oa@Yo@Fg@	Click to Generate
S4	30	1			3	Premier Doors (S4)	J W Young (Butchers) Ltd (S4)	Aaliyah Mosque (S4)	2121	1591	ij{dId{vG\b@^h@Xn@N`@Pd@BDHZ@JFXBh@DNb@nBBHHd@iAdA}@w@UU[e@kAgB][a@OOQkAgBe@w@mAmBBtH@LXh@rAgEt@_CZeABE?CPo@J]BBl@t@Z`@n@x@^h@Xn@N`@Pd@L`@@JFXPENEREp@q@`@e@HI`@a@TSHSL_@DGHQBGNM@CFQDQJc@He@l@cDeBeAARSpCAF?D?D?DBxATCUB?CCuA?E?E?E@GRqC@SdBdAm@bDId@Kb@EPGPABAVAHCLINILKLSFURa@`@IHa@d@q@p@S\EDWVK[K]EOCMCMGq@Oa@Yo@_@i@]c@	Click to Generate
S4	20	1			3	Jamia Dar Ul Uloom Qadiria Jillania Centre (S4)	Oasis Academy Fir Vale (S4)	Fir Vale Academy (S4)	1504	1128	ec~dIlrzGLj@^\PRHFXVLPPRDDDFNRJWTc@HK@K?IEUDT?HAJ_@n@KVOSEGEEQSMQYWIGQS_@]Mm@EUMg@EUKg@CIKe@EUCSGe@AMKeAGq@??E]MaAMs@Ei@Eo@Cs@@o@Bm@@MB[@O?KPaDF@l@Jv@NFa@D_@By@BIFAFBDRD^CFBTDVTvAALCNC@AQYPHxBXO??GiBBABO@MUwAEWCUIFM@GCE^G`@w@Om@KGAQ`D?JANCZALCl@An@Br@Dn@Dh@Lr@L`AD\Fp@JdA@LFd@BRDTJd@BHJf@DTLf@DT?@	Click to Generate
S4	60	1			3	Sheffield Steel City Beer Festival 49 (S4)	St. James Church (S4)	All Days (S4)	6159	4619	unzdIdi~GI?QKA?C@A?A@CDABGf@SfBYjBO~@[vB]nB\oBj@wDXkBRgBFg@@CBE@A@?BA@?PJL?NCJEAKCg@?O?O@Q@Q@MN}BF{@Dq@@M@QB]Fa@[MSKICYMIEy@_@C?K?C@G@A@EBM@E?KAIAEAWCGAoACMAS@G@C@EDED_AvAEFWb@INCBCBC@SBeAVGBGBEBA@C@EBEBKH}ApAOJMFMFKDKBOBMBM@Q?m@EI?aBIsAEuBI}@KYMc@Wk@k@mBqBy@_A]_@UUEGW]GGiB}BMO]We@SUGQG_@EKAEAu@IGAGAOCOEICGCICq@[m@YGCOGOGIE]SGC]Ue@g@CCe@o@[g@CEWc@CEEIMWISOYWa@_@m@MS_@o@Ye@[q@Ue@EIa@}@Sc@u@aBa@aAEKPWBIHgB@]NqCP{DFBFDFJFJRWJ]@IGY??FXAHK\SVGKGKGEGC@m@N_DHmAH{@Ho@H]x@aCL[HUPg@Rm@v@mBx@yBQa@aD_I_@aA^`ArD`Jy@xBw@lBSl@Qf@ITMZy@`CI\In@Iz@IlAO~CAl@QzDOpCA\IfBCHQVDJ`@`At@`BRb@`@|@DHTd@Zp@Xd@^n@LR^l@V`@NXHRLVDHBDVb@BDZf@d@n@BBd@f@\TFB\RHDNFNFFBl@Xp@ZHBFBHBNDNBF@F@t@HD@J@^DPFTFd@R\VLNhB|BFFV\DFTT\^x@~@lBpBj@j@b@VXL|@JtBHrAD`BHH?l@DP?LALCNCJCJELGLGNK|AqAJIDCDCBA@ADCFCFCdAWRCBABCBCHOJNFDHDv@XJBH@F?F?H?FAFAHAHAHEHEJGJEHEFEBCDCDAJCJy@Be@Be@@c@@G?Q?k@?ICw@?]By@PeDNYFED?D?A\@X@\@TFh@D\BNFTHTL^DHd@hAFNBBLP@DHJHPBDBTHP@L?NCVG`@C\APALEp@Gz@O|BALAPAP?N?NBf@@JKDOBC?	Click to Generate
S4	20	1			3	Bit Of Everything (S4)	Travel & More (S4)	J W Young (Butchers) Ltd (S4)	1519	1139	{f{dI~cwG_@x@y@dBZd@TT|@v@hAeAIe@CIc@oBEOK[BIBCPENEREp@q@`@e@a@wALd@Rp@a@d@q@p@S\EDWVK[K]EOCMCMGq@Oa@Yo@_@i@]c@QU[a@m@u@CCK\Qn@?BCD[dAu@~BsAfEYi@AMCuHlAlBd@v@jAfBNP`@N\ZjAfBZd@TT|@v@hAeAIe@CIc@oBEOK[K]OZ	Click to Generate
S4	30	1			3	S. Ali's Off Licence (S4)	Busk Meadow Park (S4)	Norwood and Bishopsholme Community Centre (S4)	2530	1898	{u~dI~}~GLNPp@DEH@FFpAr@NeAR_BPeBHuA@]H}ABaADqB???mAAqAr@QXIl@OHGJGV[P[BX?PEdAAJEnACrAArAq@B]BO?oAFs@DO@M?yCN]@I?U@Y@G?oAJUBQ_AQcA[sA]kA_@_Ak@uAm@iATi@FKDENCf@KHAJCRCt@IHCJGbBgAF?LCLCPAHDFHXjALn@??Mo@YkAGIIE??Q@MBMBG?cBfAKFIBu@HSBKBI@g@JOBEDGJUh@l@hAj@tA^~@\jAZrAPbAP~@TCnAKF?XATAH?\AxCOL?NAr@EC`AI|AA\ItAQdBS~AOdAc@bCaBuAZeBQq@MO	Click to Generate
S4	20	1			3	Wood Hill Grange (S4)	Osgathorpe Park (S4)	Corner Cabin (S4)	1753	1315	qq}dIrvyGUaCQJE_@Cc@EUE_@Oy@]qApCeDAECS?Y@YDWPa@t@~A`A`B\|@@B`ArCRp@Z~@N`@HT|@nC^xA]c@ESEEEEMBq@t@Xv@h@~AgCzCKWw@{B@KdCsCp@u@LCDDDDDR\b@_@yA}@oCIUk@aBSq@aAsCAC]}@aAaBg@cAM[Q`@EVAX?XBR@DqCdD\pANx@D^DTBb@D^PKT`C	Click to Generate
S4	45	1			3	Northern General Hospital (S4)	Northern Perk (S4)	St Cuthberts (S4)	3403	2552	_o~dIdk{G???IBCFAH?FBB?R@H?F?DFJXDVPM\[JMHSL_@Ji@Fi@@i@?w@@o@Ac@AQC[E[Oa@O[MMQOOGMGY?I@MDMH}@f@aD~A_@RWNeAp@aAl@MJ]RKLSXGFKFEBIDKBY@M@s@@C?E?w@BU@CR?R?L?H?L?H@N@p@?V?t@?P@^B`C?PB|@@FBFJBdACfBED?v@GPAB?F?NHXH@?h@A\?N?JFHFFRFT?@HNJTR^JV\l@LVNVb@|@LTLTBDP\^t@DFVf@DF@DBBDJ^|@DH`@q@BG@ARYlAgCd@_AFKHUHYF]Da@\_DDm@@q@@sBAeB?]@s@Bo@Dg@DWHo@JoA@]@g@@_@@kB@uB?{@@mA?MAQAOEWMm@EUMg@EUKg@CIKUOYIOEIIOOg@Sa@aEiIUc@O]Ua@]u@GFgGpMGLCJ?JRlB\~CVCZCp@Cp@?rABjA@f@?AbAGjD?D?l@X?LFNFPNLLNZN`@DZBZ@P@b@An@?v@Ah@Gh@Kh@M^IRKL]ZQLEWKYEGG?I?SAC?ENEFM?CC?G	Click to Generate
S4	20	1			3	Wood Hill Lodge (S4)	Whiteways Primary School (S4)	Corner Cabin (S4)	2067	1550	mg}dIrqyGN`@HT|@nCVbAFTVz@bAbDx@jC~@pD|@dDH`@Hb@]f@\g@Ic@Ia@}@eD_AqDy@kCcAcDW{@_@yA}@oCIUk@aBSq@aAsCAC]}@aAaBu@_BQ`@EVAX?XBR@DqCdD\pANx@D^DTBb@D^PKT`CVxCBFD@EACGm@{GQJE_@Cc@EUE_@Oy@]qApCeDAECS?Y@YDWPa@LZf@bA`A`B\|@@B`ArCRp@Z~@	Click to Generate
S4	30	1			3	Whiteways Primary School (S4)	Osgathorpe Park (S4)	Corner Cabin (S4)	2794	2096	ye}dIjuyGY_AIUk@aBSq@aAsCAC]}@aAaBu@_BQ`@EVAX?XBR@DqCdD\pANx@D^DTBb@D^PKT`CVxCBFD@EACGm@{GQJE_@Cc@EUE_@Oy@]qApCeDAECS?Y@YDWPa@t@~A`A`B\|@@B`ArCRp@j@`BHT|@nC^xA]c@ESEEEEMBq@t@Xv@h@~AgCzCKWw@{B@KdCsCp@u@LCDDDDDR\b@_@yA}@oCIUk@aBSq@aAsCAC]}@aAaBu@_BUk@M[Qk@Mk@Ky@OcAM}@OeAT_@Pd@n@fBVl@Rh@n@zAa@pASl@LZf@bA`A`B\|@@B`ArCRp@j@`BHTX~@	Click to Generate
S4	20	1			3	Wood Hill Grange (S4)	Whiteways Primary School (S4)	Osgathorpe Park (S4)	1873	1405	}c}dI~yyGWcA}@oCIUOa@[_ASq@aAsCAC]}@aAaBu@_BQ`@EVAX?XBR@DqCdD\pANx@D^DTBb@D^PKT`CVxCBFD@EACGm@{GQJE_@Cc@EUE_@Oy@]qApCeDAECS?Y@YDWPa@t@~A`A`B\|@@B`ArCRp@j@`BHT|@nC^xA]c@ESEEEEMBq@t@Xv@h@~AgCzCKWw@{B@KdCsCp@u@LCDDDDDR\b@GU	Click to Generate
S4	30	1			3	Lana Pizza (S4)	Masjid Umar (S4)	St Cuthberts (S4)	2310	1732	i{}dIl`{GNIBABEFOcA{BQ]AEQ_@QWOSEGEEQS@]A[AQ?IIk@AOROSN@NHj@@Z@ZA\PRDDDFNRPVP^@DP\bAzBfA~B`BpD`@hARj@N`@HRN`@BHBJn@`Bn@bB`@lAlAmALOBG?G_@oAc@uAY_AEOIEIQq@kA}@hBLUn@sAp@jAHPHDDNX~@b@tA^nA?FCFMNmAlAa@mAo@cBo@aBCKCIOa@ISOa@Sk@a@iAaBqDgA_CcA{BQ]AEQ_@QWOSEGEEQSMQYWIGQS_@]Mm@EUMg@EUKg@CIKUOYIOEIIOOg@TVFFDBJLBRDTJd@BHJf@DTLf@DTLl@^\PRHFXVLPPRDDDFNRPVP^@DP\bAzBGNCDC@OH	Click to Generate
S4	20	1			3	Traditional Therapy (S4)	Aaliyah Mosque (S4)	Accelerate (S4)	1948	1461	ud{dI~cwG??EDWVK[K]EOCMCMGq@Oa@Yo@_@i@o@y@d@_CPL\TH]^Tc@dCCXGf@Xn@N`@Pd@L`@@JFXPENEREp@q@`@e@HI`@a@TSHSL_@DGHQBGNM@CFQDQJc@He@l@cDeBeAARSpCAF?D?D?DBxATCUB?CCuA?E?E?E@GRqC@SdBdAm@bDId@Kb@EPGPABAVAHCLINILKLSFURa@`@IHa@d@q@p@S\EDWVK[K]o@tAy@dBkAgB][a@OOQkAgBt@_CZeABE?CLe@BIJ]BBl@t@Z`@n@x@^h@Xn@N`@Pd@L`@@JFXPENERES\	Click to Generate
S4	20	1			3	New Roomstyle (S4)	Attercliffe News & Booze (S4)	Baltic Pearl (S4)	1541	1156	u~zdI~xvGCuA?E?E?E@GRqC@SdBdAm@bDId@Kb@EPGPABAVAHCLINILKLSFURa@`@IHa@d@q@p@S\EDWVK[K]EOCMCMGq@GQGOYo@_@i@o@y@[a@TcAMj@GVZ`@n@x@^h@GPWp@ELKZcAtCjAfBZd@TT|@v@d@c@b@a@Ie@CIc@oBEOK[BIBCPENEREp@q@`@e@HI`@a@TSHSL_@DGHQBGNM@CFQDQJc@He@l@cDeBeAARSpCAF?D?D?DBtA	Click to Generate
S4	15	1			3	Traditional Therapy (S4)	J W Young (Butchers) Ltd (S4)	Illusionz (S4)	1321	991	ym{dIzxvGBIJ]BBl@t@Z`@d@_CPL\TH]^Tc@dCCXGf@GPWp@ELKZcAtC][a@OOQkAgBe@w@mAmBBtH@LXh@rAgEjAfBNP`@N\ZjAfBZd@TT|@v@hAeAIe@CIWkAKc@EOK[K]EOCMCMGq@Oa@Yo@_@i@o@y@[a@m@u@CCK\CH	Click to Generate
S4	15	1			3	Lustrous Furniture (S4)	J W Young (Butchers) Ltd (S4)	Illusionz (S4)	1312	984	el{dI|xvGLNZ`@n@x@^h@JaATEp@OA]Ke@?G@GBM?CAOKGIGCTc@dCK`AGPWp@ELKZcAtC][a@OOQkAgBe@w@mAmBBtH@LXh@rAgEjAfBNP`@N\ZjAfBZd@TT|@v@hAeAIe@CIWkAKc@EOK[K]EOCMCMGq@Oa@Yo@_@i@o@y@[a@MO	Click to Generate
S4	45	1			3	PDSA (S4)	Eye of Needle (S4)	Colourcraft Limited (S4)	3731	2798	am|dIdxwGw@BKBEBCBc@`@u@wAWQIOS[GIYa@S]KUIOJYFQP_@LSVWl@oAR\Sd@??Re@S]m@nAQn@Ub@CFIPR\b@t@DFJBNCHI@?JMNMfA_CDIDGDADADAD@D@lBr@xGdCLD|@\@@JBfBz@hA^f@NhAd@|@Z_@vC{Ai@oAc@AAW_@WSYOm@?OX??NYl@?XNVRV^@@nAb@zAh@^wC}@[iAe@g@OiA_@gB{@KCAA}@]MEyGeCmBs@EAEAE@E@E@EFEHgA~BM`@GLABMHM@WBGIYa@KCKAI?G?O?QXu@`BgAdCkCbGXd@@B@@~@~ApBjDrBnD|FzJ~CxF~@qBv@gBeA}Az@qBDi@Bc@@W@u@@I@G@IBGa@q@S]GKIOO_@CIKq@Mc@Ms@WyAKa@K]Oc@Oe@]_Aa@s@KOaAoBa@y@b@a@BCDCJCv@C	Click to Generate
S4	20	1			3	Scott Road Store (S4)	Tea and Cakes (S4)	St. James Church (S4)	1631	1223	ky|dItc{GP`@y@xBw@lBSl@Qf@HNIOPg@FQJ[kAqCeAkCw@qB_AcCGHI\Ml@CRQDMHKFCHADCN?VBVFPb@jAb@dAJTKNt@zEBHDBD?DIp@gBdAqCjApCSl@Qf@ITMZy@`CI\In@Iz@IlAO~CAl@FBFDFJFJRWJ]@IGY??FXAHK\SVGKGKGEGC@m@N_DHmAH{@Ho@H]x@aCL[HUPg@Rm@v@mBx@yBQa@	Click to Generate
S4	45	1			3	Le Bon Vin (S4)	PDSA (S4)	J W Young (Butchers) Ltd (S4)	3528	2646	s~{dIx{wGNYl@?XNVRV^@@nAb@zAh@^wC}@[iAe@g@OiA_@gB{@KCAA}@]MEyGeCmBs@EAEAE@E@E@EFEHgA~BM`@GLABMH@XLh@t@vA`@x@`AnBJNPWBAPWUXQVKOaAoBa@y@u@wAWQIOS[GIYa@S]KUIOJYFQP_@LSVWl@oAR\Sd@??Re@S]Xo@f@eAv@gBdA}Br@aBJWXs@Tu@\eAb@kAfA{C`ByEJ[n@wBVu@DKL]^h@@BJLNTFHJP^h@FL`@p@j@|@R^LRBDBDV\nAfBx@dAZ^JP\^FFFHx@~@K\Qn@?BCD[dAu@~BsAfEYi@AMCuHlAlBd@v@jAfBNP`@N\ZjAfBGx@Q~BADIfBAt@i@rBg@hAk@|Ao@Ki@SgA]_@vC{Ai@oAc@AAW_@WSYOm@?OX	Click to Generate
S4	15	1			3	The Carlton Hotel (S4)	Bit Of Everything (S4)	J W Young (Butchers) Ltd (S4)	1401	1051	gi{dIn|vGZb@GPWp@ELKZcAtCjAfBZd@TT|@v@hAeAIe@CIc@oBAGCGK[BIBCPENEREp@q@`@e@a@wALd@Rp@a@d@q@p@S\EDWVK[K]o@tAy@dBkAgB][a@OOQkAgBe@w@mAmBBtH@LXh@rAgEt@_CZeABE?CPo@J]BBl@t@Z`@n@x@BD	Click to Generate
S4	30	1			3	New Roomstyle (S4)	J W Young (Butchers) Ltd (S4)	Aaliyah Mosque (S4)	2203	1652	ok{dItxvGGVZ`@n@x@^h@Xn@FNFPPd@L`@@JFXBh@DNb@nBBHHd@iAdA}@w@UU[e@kAgB][a@OOQkAgBe@w@mAmBBtH@LXh@rAgEt@_CZeABE?CPo@J]BBl@t@Z`@n@x@^h@Xn@N`@Pd@L`@@JFXPENEREp@q@`@e@HI`@a@TSHSL_@DGHQBGNM@CFQDQJc@He@l@cDeBeAARSpCAF?D?D?DBxATCUB?CCuA?E?E?E@GRqC@SdBdAm@bDId@Kb@EPGPABAVAHCLINILKLSFURa@`@IHa@d@q@p@S\EDWVK[K]EOCMCMGq@Oa@Yo@_@i@o@y@[a@FW	Click to Generate
S4	20	1			3	Traditional Therapy (S4)	Aaliyah Mosque (S4)	Accelerate (S4)	1959	1469	yc{dIvbwGGHS\EDWVK[K]EOCMCMGq@Oa@Yo@_@i@o@y@d@_CPL\TH]^Tc@dCCXGf@Xn@N`@Pd@L`@@JFXPENEREp@q@`@e@HI`@a@TSHSL_@DGHQBGNM@CFQDQJc@He@l@cDeBeAARSpCAF?D?D?DBxATCUB?CCuA?E?E?E@GRqC@SdBdAm@bDId@Kb@EPGPABAVAHCLINILKLSFURa@`@IHa@d@q@p@S\EDWVK[K]o@tAy@dBkAgB][a@OOQkAgBt@_CZeABE?CLe@BIJ]BBl@t@Z`@n@x@^h@Xn@N`@Pd@L`@@JFXPENEREFI	Click to Generate
S4	30	1			3	JBM Automotive (S4)	Wood Hill Lodge (S4)	Wood Hill Grange (S4)	2938	2204	sq|dItpyG???KAKCK_@i@S[EMCYCMIQ_BrDk@tArA`ClBbDh@uAJUJKHCLAJBNFLPtBxDMj@Lk@qAaCc@w@MQOGKCM@IBKJKTi@tAf@v@nBjDDHJRVd@Wt@a@fAGR_AlCIRm@bBSl@IVUr@KNIDIBYFG?a@@QCSUQYa@w@Se@Ic@Ia@}@eD_AqDy@kCcAcDW{@GUWcA}@oCIUOa@[_ASq@aAsCAC]}@aAaBu@_BUk@M[Qk@Mk@Ky@OcAM}@OeAT_@h@mAdAuBXx@@F|BzFfBxDrAbClArBT\BDdAlBjCpEfAjBDHj@uA~AsDHPBLBXDLRZ^h@BJ@J?J??	Click to Generate
S4	20	1			3	Premier Doors (S4)	Travel & More (S4)	Aaliyah Mosque (S4)	1807	1355	_e{dInkwGe@b@}@w@UU[e@kAgBbAuCJ[DMVq@FQXn@N`@Pd@BDHZ@JFXPENERES\EDWVK[K]EOCMCMGq@Oa@Yo@_@i@]c@QUd@_CPL\TH]^Tc@dCK`AXn@N`@Pd@L`@@JFXPENEREp@q@`@e@HI`@a@TSHSL_@DGHQBGNM@CFQDQJc@He@l@cDeBeAARSpCAF?D?D?DBxATCUB?CCuA?E?E?E@GRqC@SdBdAm@bDId@Kb@EPGPABAVAHCLINILKLSFURa@`@IHa@d@q@p@S\EDWVDNb@nBBHHd@c@`@	Click to Generate
S4	20	1			3	National Blinds (S4)	Aaliyah Mosque (S4)	J W Young (Butchers) Ltd (S4)	1770	1328	si{dI`|vGFF^h@Xn@N`@Pd@L`@@JFXPELE@?REp@q@`@e@HI`@a@TSHSL_@DGHQBGNM@CFQDQJc@He@l@cDeBeAARSpCAF?D?D?DBxATCUB?CCuA?E?E?E@GRqC@SdBdAm@bDId@Kb@EPGPABAVAHCLINILKLSFURa@`@IHa@d@q@p@S\EDWVK[K]o@tAy@dBkAgB][a@OOQkAgBe@w@mAmBBtH@LXh@rAgEt@_CZeABE?CPo@J]BBl@t@Z`@f@p@	Click to Generate
S4	15	1			3	Warty Lounge (S4)	Momento (S4)	J W Young (Butchers) Ltd (S4)	1434	1076	ab{dIv~vGRp@a@d@q@p@S\EDWVK[K]OZ_@x@y@dBkAgBbAuCJ[DMVq@FQJaAN{@RiA_@UI\]UQMe@~B[a@m@u@CCK\Qn@?BCD[dAu@~Be@w@mAmBBtH@LXh@rAgEt@_CZeABE?CPo@J]BBl@t@Z`@n@x@^h@Xn@N`@Pd@L`@@JFXPENEREp@q@`@e@Sq@	Click to Generate
S4	20	1			3	Norwood and Bishopsholme Community Centre (S4)	Shirecliffe Community Centre (S4)	Kaya Hair & Beauty (S4)	1888	1416	ev~dIp`~GMo@YkAGIIE??Q@MBMBG?cBfAKFIBu@HSBKBI@g@JOBEDGJUh@l@hAj@tA^~@\jAZrAPbAP~@TCnAKF?LAJ?TAH?\AxCOL?NAr@EDqB?mAAqA\ITGXIl@OHGJGV[P[BX?PEdAAJEnACrAArAq@B]BO?oAFs@DO@M?yCN]@I?U@Y@G?oAJUBQ_AQcA[sA]kA_@_Ak@uAm@iATi@FKDENCf@KHAJCRCt@IHCJGbBgAF?LCLCPAHDFHXjALn@	Click to Generate
S4	45	1			3	La Piazza (S4)	Eye of Needle (S4)	Colourcraft Limited (S4)	3559	2669	qn|dIhxwGG?KBEBCBc@`@u@wAWQIOS[GIYa@S]KUIOJYFQP_@LSVWHTBLD`@e@x@DK^m@FrAFn@HI@?JMNMfA_CDIDGDADADAD@D@lBr@xGdCLD|@\@@JBfBz@hA^f@NhAd@|@Z_@vC{Ai@oAc@AAW_@WSYOm@?OX??NYl@?XNVRV^@@nAb@zAh@^wC}@[iAe@g@OiA_@gB{@KCAA}@]MEyGeCmBs@EAEAE@E@E@EFEHgA~BM`@GLABMHM@WBGIYa@KCKAI?G?O?QXu@`BgAdCkCbGXd@@B@@~@~ApBjDrBnD|FzJ~CxF~@qBv@gBeA}Az@qBDi@Bc@@W@u@@I@G@IBGa@q@S]GKIOO_@CIKq@Mc@Ms@WyAKa@K]Oc@Oe@]_Aa@s@KOaAoBa@y@b@a@BCDCJCF?	Click to Generate
S4	45	1			3	La Piazza (S4)	City Motor Factors (S4)	Corner Cabin (S4)	3831	2873	y||dI`hxG_A_BAAACYe@jCcGfAeCt@aBJk@DINa@JYFQP_@LSVWHTBLD`@e@x@DK^m@FrAFn@@V@XLh@t@vAb@a@BCDCJCF?jAEJ?J@^H_@IKAK?sADKBEBCBc@`@u@wAWQIOS[GIYa@KCKAI?G?O?QXu@`BgAdCkCbGYe@mF_B_Be@MGKKIREL{@vBmBjEBF~@~BeAtBi@lAU^NdAL|@NbAJx@Lj@Pj@LZTj@LZf@bA`A`B\|@@B`ArCRp@j@`BHT|@nC^xAVz@bAbDx@jC~@pD|@dDH`@Hb@Rd@`@v@PXRTPB`@AF?XGHCHEJOTs@HWRm@l@cBHS~@mCFS`@gAVu@Ri@nF_PPa@Tg@Te@iEmH_DyF}F{JsBoDqBkD	Click to Generate
S4	30	1			3	Wood Hill Grange (S4)	Whiteways Primary School (S4)	Wood Hill Lodge (S4)	2619	1964	io}dIdbyGf@bA`A`B\|@@B`ArCRp@Z~@N`@HTt@y@u@x@IUk@aBSq@aAsCAC]}@aAaBu@_BQ`@EVAX?XBR@DqCdD\pANx@D^DTBb@D^PKT`CVxCBFD@EACGm@{GQJE_@Cc@EUE_@Oy@]qApCeDAECS?Y@YDWPa@t@~A`A`B\|@@B`ArCRp@j@`BHT|@nCVbAFTVz@bAbDx@jC~@pD|@dDH`@Hb@]f@\g@Ic@Ia@}@eD_AqDy@kCcAcDW{@_@yA}@oCIUk@aBSq@aAsCAC]}@aAaBg@cA	Click to Generate
S4	30	1			3	Masjid Umar (S4)	Masjid Noor (S4)	St. James Church (S4)	2293	1720	uq}dIb{{GAN?JFVLt@@DADEDSNCLAV\Ar@?l@?DBDDBJDCJETGPARAL?YcAEOk@uBSs@lAmALOBG?G_@oAc@uAY_AEOIEIQq@kA}@hBLUn@sAp@jAHPHDDNX~@b@tA^nA?FCFMNmAlARr@j@tBDNXbAM?S@Q@UFKDEBUNULb@dC??c@eCTMTODCJETGPARAL?Rn@d@zAz@|CZfAPh@n@tBPWBIHgB@]NqCP{DFBFDFJFJRWJ]@IGY??FXAHK\SVGKGKGEGCQzDOpCA\IfBCHQVo@uBQi@[gA{@}Ce@{ASo@M?S@Q@UFKDEBCKEEECm@?s@?]@@WBMRODE@EAEMu@GW?K@O	Click to Generate
S4	60	1			3	Steel sign for Kelham Island Museum (S4)	St. James Church (S4)	Scott Road Store (S4)	5353	4015	oqzdIfp~GPoARgBFg@@CBE@A@?BA@?PJL?NCJEAKAWAO?O?O@Q@Q@MN}BF{@Dq@@M@QB]Fa@[MSKICYMIEy@_@C?K?C@G@A@EBM@E?KAIAEAWCGAoACMAS@G@C@EDED_AvAEFWb@INCBCBC@SBeAVGBGBEBA@C@EBEBKH}ApAOJMFMFKDKBOBMBM@Q?m@EI?aBIsAEuBI}@KYMc@Wk@k@mBqBy@_A]_@UUEGW]GGiB}BMO]We@SUGQG_@EKAEAu@IGAGAOCOEICGCICq@[m@YGCOGOGIE]SGC]Ue@g@CCe@o@[g@CEWc@CEEIMWISOYWa@_@m@MS_@o@Ye@[q@Ue@EIa@}@Sc@u@aBa@aAEKPWBIHgB@]NqCP{DFBFDFJFJRWJ]@IGY??FXAHK\SVGKGKGEGC@m@N_DHmAH{@Ho@H]x@aCL[HUPg@FQJ[v@mBx@yBh@}ATu@b@oAj@Fd@JdAHvANbAJB?JBdBRVDP?HIHMBM??BKBYDaB@]Bm@?CBgA@[Bu@HGNIJCPCXj@rA|B|@`BFJNZDPBVDnA?L@ND|ADhABJDJHJd@X|Ax@DBtAp@HDd@XfAn@d@Z|BvA\TZRLJ@EBCBABABBBB@F?D?FCFCBC@?R?j@?X@T?DBNBNLb@FLVSDCHGVONGXGJ?LANAl@HJDJBl@XvBtAFBHDr@b@JH\TZP\R^JFDDBFFZ\LLBB`@f@RXb@`@XF@@DBFDB@d@XPHA`@CTAZGb@E`@I^I^ELa@rAANCR?JARAX?^@V?VDt@DJFXJb@BHNl@FPBL@F@J?VMn@QdAU~@IZEPCTCZAPARAPA\@X@\@TFh@D\BNFTHTL^DHd@hAFNBBLP@DHJHPBDBTHP@L?NCVG`@C\APALEp@Gz@O|BALAPAP?N?NBf@@JKDOBM?QKA?C@A?A@CDABGf@SfBQnA	Click to Generate
S4	60	1			3	Hillsborough Barracks Memorial (S4)	Watercliffe Meadow Community Primary School (S4)	S. Ali's Off Licence (S4)	8777	6583	{__eIvaaH?dBBD@N}@nB]v@GKSe@[k@k@gAYg@[i@i@y@GIo@_Aq@u@SYOzAMzAIpBC`BCrAGzF?B?NAzB@f@BZ@FNv@Jj@Nh@Rl@p@tAf@x@d@hA^lAXhAJh@Lh@n@lCX|AD\Lx@Hf@Ff@VjBv@hGHl@DZJp@D`@PtAFf@FZP|AJLFHRLF@j@Ul@Sb@Sn@Y|Ao@ZMbA]FCVKZKTIlAa@fBc@dAUDAFATE\Gj@MjASp@QFAt@St@Or@Sb@KFEXIVMXKHGJIJIHIBCPOEQCQ?YBc@@IFc@Jm@BSFS?I?O?W?]?SAWA_@Ce@AWAMCe@CSC_@Ec@CMCMEMQe@KWo@cBo@aBM[{BqFSe@IMGIEEGEIEICI?GAG@E@G@GBgC|AGDEDGFCDEHCDc@jAEDA@A?C?C?AAECi@m@EEACCG?G?G@I?CH]@M??ALI\?BAH?F?FBF@BDDh@l@DB@@B?B?@?@ADEb@kABEDIBEFGDEFEfC}AFCFADAFAF@H?HBHDFDDDFHHLRd@zBpFLZn@`Bn@bBJVPd@DLBLBLDb@B^BRBd@@L@VBd@@^@V?R?\?V?N?H@T?J?L@L@HD\HHDNBLDXBX?b@MNIJQPGDMFIFIDy@Zo@R{@Vk@Nu@Pc@NE@gAVcATy@PQDE?G@[FWFUDKB{@PoA^SFSFODMB_@LSHo@T]NOH_A^q@Xs@ZOD]Ru@ZUL[GCAMOCSEi@Q}AG[Gg@QuAEa@Kq@E[Im@w@iGWkBGg@Ig@My@E]Y}Ao@mCMi@Ki@YiA_@mAe@iAg@y@q@uASm@Oi@Kk@Ow@AGC[Ag@@{B?O?CF{FBsABaBHqBL{AN{AF]Ha@Pi@JYNWb@}@v@yAv@sAd@_AN_@Z_AP_Ap@{Et@{ENiAN_ADYBKVsBJ_ADk@Bk@?{@GgAXIrAc@J?N?JFJFhBtBZkAFW\eBaBuAZeBQq@MO??LNPp@DEH@FFpAr@NeAR_BPeBHuA@]H}ABaADqB???mAAqAr@QXIl@OHGJGV[P[BX?PEdAAJEnACrAArAq@B]BO?oAFs@DO@M?yCN]@I?U@Y@G?oAJUB_@Ji@Ra@R]Re@^o@r@Qb@IT?L?DBNBLNd@hAlB\f@\l@Vl@Pd@Lp@Jr@Hz@FfA?z@Cj@Ej@K~@WrBCJEXO~@OhAu@zEq@zEQ~@[~@O^e@~@w@rAw@xAc@|@OVKXQh@I`@G\RXp@t@n@~@FHh@x@Zh@Xf@j@fAZj@Rd@FJ\w@|@oBAOCE?eB	Click to Generate
S4	45	1			3	Le Bon Vin (S4)	PDSA (S4)	J W Young (Butchers) Ltd (S4)	3528	2646	s~{dIx{wGNYl@?XNVRV^@@nAb@zAh@^wC}@[iAe@g@OiA_@gB{@KCAA}@]MEyGeCmBs@EAEAE@E@E@EFEHgA~BM`@GLABMH@XLh@t@vA`@x@`AnBJNPWBAPWUXQVKOaAoBa@y@u@wAWQIOS[GIYa@S]KUIOJYFQP_@LSVWl@oAR\Sd@??Re@S]Xo@f@eAv@gBdA}Br@aBJWXs@Tu@\eAb@kAfA{C`ByEJ[n@wBVu@DKL]^h@@BJLNTFHJP^h@FL`@p@j@|@R^LRBDBDV\nAfBx@dAZ^JP\^FFFHx@~@K\Qn@?BCD[dAu@~BsAfEYi@AMCuHlAlBd@v@jAfBNP`@N\ZjAfBGx@Q~BADIfBAt@i@rBg@hAk@|Ao@Ki@SgA]_@vC{Ai@oAc@AAW_@WSYOm@?OX	Click to Generate
S4	20	1			3	Page Hall Medical Centre (S4)	Oasis Academy Fir Vale (S4)	St Cuthberts (S4)	1716	1287	{`~dIfzyG??GiBBABO@MUwAEWCUIFM@GCE^G`@Mf@O^CDKR?@SXSXCDMNLOBERYRYJUBEN_@Lg@w@Om@KGAQ`D?JANCZALCl@An@Br@Dn@Dh@Lr@L`AD\??Fp@JdA@LFd@BRDTJd@BHJf@DTLf@DTLl@^\PRHFERAF?F?t@AtC@Tm@F@uB?{@@mA?MAQAOEWMm@EUMg@EUKg@CIKUOYIOEIIOOg@Sa@aEiI`BkAdA_ALAD?@MB[@O?KPaDF@l@Jv@NFa@D_@By@BIFAFBDRD^CFBTDVTvAALCNC@FhB??	Click to Generate
S4	30	1			3	Jamia Masjid Ghausia (S4)	Fir Vale Academy (S4)	St Cuthberts (S4)	2806	2104	qh~dI`xyGq@c@[USOMb@KVMLSLSJk@TUJGFgGpMGLCJ?JRlB\~CVCZCp@Cp@?rABjA@f@?`A@|@?l@@v@BRDJMFG@EBI@I?UEUKg@CIKe@EUCSGe@AMKeAGq@E]MaAGc@EOEi@Eo@Cs@@o@Bm@@MB[@O?KPaDF@l@Jv@NFa@D_@By@BIFAFBDRD^CFBTDVTvAALCNC@AQYPHxBXO??GiBBABO@MUwAEWCUIFM@GCE^G`@w@Om@KGAQ`D?JANCZALCl@An@Br@Dn@Dh@Lr@L`AD\Fp@JdA@LFd@BRDTJd@BHJf@DTLf@DTLl@^\PRHFERAF?F?t@AtC@Tm@F@uB?{@@mA?MAQAOEWMm@EUMg@EUKg@CIKUOYIOEIIOOg@Sa@aEiIUc@O]Ua@]u@TKj@URKRMLMJWLc@RNZTp@b@	Click to Generate
S4	60	1			3	Wood Hill Lodge (S4)	Wood Hill Grange (S4)	All Days (S4)	4383	3287	yn|dI`yyGOGKCM@IBKJKTi@tAf@v@nBjDDHJRVd@Wt@a@fAGR_AlCIRm@bBSl@IVUr@KNIDIBYFG?a@@QCSUQYa@w@Se@Ic@Ia@}@eD_AqDy@kCcAcDW{@GUWcA}@oCIUOa@[_ASq@aAsCAC]}@aAaBu@_BUk@M[Qk@Mk@Ky@OcAM}@OeAT_@h@mAdAuBXx@@F|BzFfBxDrAbClArBT\BDdAlBjCpEfAjBDHrA`ClBbDf@v@nBjDDHJRVd@~@bBFHv@lAf@v@`AbBCx@Cd@Ct@AZCfA?BCl@A\E`BCXCJ??CLILIHQ?WEeBSKCC?cAKwAOeAIe@Kk@Gc@nAUt@i@|AQa@aD_I_@aA^`ArD`Jh@}ATu@b@oAj@Fd@JdAHvANbAJB?JBdBRVDP?HIHMBM??BKBYDaB@]Bm@?CBgA@[Bu@Be@By@aAcBg@w@w@mAGI_AcBWe@KSEIoBkDg@w@h@uAJUJKHCLAJBNF	Click to Generate
S4	20	1			3	Jamia Dar Ul Uloom Qadiria Jillania Centre (S4)	Oasis Academy Fir Vale (S4)	Fir Vale Academy (S4)	1504	1128	ab~dIltzGHHPRHFXVLPPRDDDFNRJWTc@HK@K?IEUDT?HAJ_@n@KVOSEGEEQSMQYWIGQS_@]Mm@EUMg@EUKg@CIKe@EUCSGe@AMKeAGq@??E]MaAMs@Ei@Eo@Cs@@o@Bm@@MB[@O?KPaDF@l@Jv@NFa@D_@By@BIFAFBDRD^CFBTDVTvAALCNC@AQYPHxBXO??GiBBABO@MUwAEWCUIFM@GCE^G`@w@Om@KGAQ`D?JANCZALCl@An@Br@Dn@Dh@Lr@L`AD\Fp@JdA@LFd@BRDTJd@BHJf@DTLf@DTLl@TR	Click to Generate
S4	60	1			3	E-ACT Parkwood Academy (S4)	Watercliffe Meadow Community Primary School (S4)	S. Ali's Off Licence (S4)	8577	6433	eh~dIb_bHALI\?BAH?F?FBF@BDDh@l@DB@@B?B?@?@ADEb@kABEDIBEFGDEFEfC}AFCFADAFAF@H?HBHDFDDDFHHLRd@zBpFLZn@`Bn@bBJVPd@DLBLBLDb@B^BRBd@@L@VBd@@^@V?R?\?V?N?H@T?J?L@L@HD\HHDNBLDXBX?b@MNIJQPGDMFIFIDy@Zo@R{@Vk@Nu@Pc@NE@gAVcATy@PQDE?G@[FWFUDKB{@PoA^SFSFODMB_@LSHo@T]NOH_A^q@Xs@ZOD]Ru@ZUL[GCAMOCSEi@Q}AG[Gg@QuAEa@Kq@E[Im@w@iGWkBGg@Ig@My@E]Y}Ao@mCMi@Ki@YiA_@mAe@iAg@y@q@uASm@Oi@Kk@Ow@AGC[Ag@@{B?O?CF{FBsABaBHqBL{AN{ARXp@t@n@~@FHh@x@Zh@Xf@j@fAZj@Rd@FJ\w@|@oBAOCE?eB???dBBD@N}@nB]v@GKSe@[k@k@gAYg@[i@i@y@hAoBj@cAHQP[Xg@l@cATe@DGPe@FOHWLc@Ps@Ha@BIL{@d@kCt@mFLgAPuABWH}@F]H_@Vy@r@_Cl@{BPu@ZkAFW\eBaBuAZeBQq@MO??LNPp@DEH@FFpAr@NeAR_BPeBHuA@]H}ABaADqB???mAAqAr@QXIl@OHGJGV[P[BX?PEdAAJEnACrAArAq@B]BO?oAFs@DO@M?yCN]@I?U@Y@G?oAJUB_@Ji@Ra@R]Re@^o@r@Qb@IT?L?DBNBLNd@hAlB\f@\l@Vl@Pd@Lp@Jr@Hz@FfA?z@Cj@Ej@K~@WrBCJEXO~@OhAu@zEq@zEQ~@[~@O^e@~@w@rAw@xAc@|@OVKXQh@I`@G\OzAMzAIpBC`BCrAGzF?B?NAzB@f@BZ@FNv@Jj@Nh@Rl@p@tAf@x@d@hA^lAXhAJh@Lh@n@lCX|AD\Lx@Hf@Ff@VjBv@hGHl@DZJp@D`@PtAFf@FZP|AJLFHRLF@j@Ul@Sb@Sn@Y|Ao@ZMbA]FCVKZKTIlAa@fBc@dAUDAFATE\Gj@MjASp@QFAt@St@Or@Sb@KFEXIVMXKHGJIJIHIBCPOEQCQ?YBc@@IFc@Jm@BSFS?I?O?W?]?SAWA_@Ce@AWAMCe@CSC_@Ec@CMCMEMQe@KWo@cBo@aBM[{BqFSe@IMGIEEGEIEICI?GAG@E@G@GBgC|AGDEDGFCDEHCDc@jAEDA@A?C?C?AAECi@m@EEACCG?G?G@I?CH]@M	Click to Generate
S4	15	1			3	Silver Pan (S4)	MyCigara (S4)	J W Young (Butchers) Ltd (S4)	1222	916	ae{dIpfwGKc@EOK[BIBCPENEREp@q@`@e@a@wALd@Rp@a@d@q@p@S\EDWVK[K]EOCMCMGq@Oa@Yo@GPEHQf@ELKZcAtC][a@OOQkAgBe@w@mAmBBtH@LXh@rAgEt@_CZeABE?CPo@J]BBl@t@Z`@n@x@^h@Xn@N`@Pd@L`@@JFXBh@DNJb@	Click to Generate
S4	20	1			3	Baltic Pearl (S4)	Attercliffe News & Booze (S4)	Aaliyah Mosque (S4)	1651	1238	qf{dIfawG@BL`@@JFXBh@DNb@nBBHHd@c@`@e@b@}@w@UU[e@kAgBbAuCJ[DMVq@FQ_@i@o@y@[a@TcAMj@GVZ`@n@x@^h@Xn@N`@Pd@L`@@JFXPENEREp@q@`@e@HI`@a@TSHSL_@DGHQBGNM@CFQDQJc@He@l@cDeBeAARSpCAF?D?D?DBxATCUB?CCuA?E?E?E@GRqC@SdBdAm@bDId@Kb@EPGPABAVAHCLINILKLSFURa@`@IHa@d@q@p@S\EDWVK[K]EOCMCMGq@N`@	Click to Generate
S4	15	1			3	Accelerate (S4)	Warty Lounge (S4)	Bit Of Everything (S4)	1253	940	cr{dIx~vGd@v@t@_CZeABE?CLe@BIJ]BBl@t@Z`@n@x@^h@Xn@N`@Pd@L`@@JFXPENERES\EDWVK[K]OZ_@x@y@dBZd@TT|@v@hAeAIe@CIc@oBEOK[BIBCPENEREp@q@`@e@a@wALd@Rp@a@d@q@p@S\EDWVK[K]o@tAy@dBkAgB][a@OOQkAgBe@w@	Click to Generate
S4	30	1			3	Global Hair & Beauty (S4)	Oasis Academy Fir Vale (S4)	Masjid Umar (S4)	2380	1785	c}}dIvvzGUb@KVOSEGEEQSMQYWIGQSIIUSMm@EUMg@EUKg@CI[o@IOEIIOOg@Sa@aEiI`BkAdA_ALAD?Cl@An@Br@Dn@Dh@Lr@L`AD\??Fp@JdA@LFd@BRDTJd@BHJf@DTLf@DTLl@^\PRHFXVLPPRDDDFNRPVP^@DP\bAzBfA~B`BpD`@hARj@N`@HRN`@BHBJn@`Bn@bB`@lAlAmALOBG?G_@oAc@uAY_AEOIEIQq@kA}@hBLUn@sAp@jAHPHDDNX~@b@tA^nA?FCFMNmAlAa@mAo@cBo@aBCKCIOa@ISOa@Sk@a@iAaBqDgA_CcA{BQ]AEQ_@QWJWTc@	Click to Generate
S4	30	1			3	Fir Vale Pharmacy (S4)	St Cuthberts (S4)	Fir Vale Academy (S4)	2388	1791	_g~dIdbzGEOEi@Eo@Cs@@o@Bm@@MB[@O?KPaDDw@Dy@mAmA}@tD]~ARNZTp@b@TPgAu@[USOMb@KVMLSLSJk@TUJGFgGpMGLCJ?JRlB\~CVCZCp@Cp@?rABjA@f@?`A@|@?l@@v@BRDJMFG@EBI@I?UEUKg@CIKUOYIOEIIOOg@Sa@aEiI`BkAdA_ALAD?@MB[@O?KPaDF@l@Jv@NFa@D_@By@BIFAFBDRD^CFBTDVTvAALCNC@AQYPHxBXO??GiBBABO@MUwAEWCUIFM@GCE^G`@w@Om@KGAQ`D?JANCZALCl@An@Br@Dn@Dh@DN	Click to Generate
S4	60	1			3	Awesome Walls Sheffield (S4)	Wood Hill Lodge (S4)	All Days (S4)	4666	3500	gm|dIj{yGc@w@MQOGKCM@IBKJKTi@tAmBcDsAaCj@uA~AsDHPBLBXDLRZ^h@BJ@J?J??Wt@AJ@F`@p@a@q@AG@KVu@?KAKCK_@i@S[EMCYCMIQ_BrDk@tAEIgAkBkCqEeAmBCEU]mAsBsAcCgByD}B{FAGYy@eAtBi@lAU^NdAL|@NbAJx@Lj@Pj@LZTj@t@~A`A`B\|@@B`ArCRp@j@`BHT|@nCVbAFTVz@bAbDx@jC~@pD|@dDH`@Hb@Rd@`@v@PXRTPB`@AF?XGHCHEJOTs@HWRm@l@cBHS~@mCFS`@gAVu@~@bBFHv@lAf@v@`AbBCx@Cd@Ct@AZCfA?BCl@A\E`BCXCJ??CLILIHQ?WEeBSKCC?cAKwAOeAIe@Kk@Gc@nAUt@i@|AQa@aD_I_@aA^`ArD`Jh@}ATu@b@oAj@Fd@JdAHvANbAJB?JBdBRVDP?HIHMBM??BKBYDaB@]Bm@?CBgA@[Bu@Be@By@aAcBg@w@w@mAGI_AcBWe@KSEIoBkDg@w@h@uAJUJKHCLAJBNFLPb@v@	Click to Generate
S4	20	1			3	MyCigara (S4)	Baltic Pearl (S4)	J W Young (Butchers) Ltd (S4)	1527	1145	ab{dIv~vGRp@a@d@q@p@S\EDWVK[K]o@tAy@dBkAgBbAuCJ[DMPg@DIFQXn@N`@Pd@L`@@JFXBh@DNb@nBBHHd@c@`@e@b@}@w@UU[e@kAgB][a@OOQkAgBe@w@mAmBBtH@LXh@rAgEt@_CZeABE?CPo@J]BBl@t@Z`@n@x@^h@Xn@N`@Pd@L`@@JFXPENEREp@q@`@e@Sq@	Click to Generate
S4	45	1			3	Busk Meadow Park (S4)	Shirecliffe Community Centre (S4)	Norwood and Bishopsholme Community Centre (S4)	3337	2503	_n~dI|g~G]H@pA?lAEpBs@DO@M?yCN]@I?U@Y@G?oAJUBQ_AQcA[sA]kA_@_Ak@uAm@iATi@FKDENCf@KHAJCRCt@IHCJGbBgAF?LCLCPAHDFHXjALn@??Mo@YkAGIIEQ@MBMBG?cBfAKFIBu@HSBKBI@g@JOBEDGJUh@l@hAj@tA^~@\jAZrAPbAP~@TCnAKF?LAJ?TAH?\AxCOL?NAr@EnAGN?BlCCmCO?oAFs@DO@M?yCN]@I?U@Y@G?oAJUBQ_AQcA[sA]kA_@_Ak@uAm@iATi@FKDENCf@KHAJCRCt@IHCJGbBgAF?LCLCPA??HDFHXjALn@Mo@YkAGIIEQ@MBMBG?cBfAKFIBu@HSBKBI@g@JOBEDGJUh@l@hAj@tA^~@\jAZrAPbAP~@TCnAKF?XATAH?\AxCOL?NAr@EDqB?mAAqA\I	Click to Generate
S4	60	1			3	St. James Church (S4)	Scott Road Store (S4)	All Days (S4)	5891	4418	eqzdIvn~GF_@RgBFg@@CBE@A@?BA@?PJL?NCJEAKCg@?O?O@Q@Q@MN}BF{@Dq@@M@QB]Fa@[MSKICYMIEy@_@C?K?C@G@A@EBM@E?KAIAEAWCGAoACMAS@G@C@EDED_AvAEFWb@INCBCBC@SBeAVGBGBEBA@C@EBEBKH}ApAOJMFMFKDKBOBMBM@Q?m@EI?aBIsAEuBI}@KYMc@Wk@k@mBqBy@_A]_@UUEGW]GGiB}BMO]We@SUGQG_@EKAEAu@IGAGAOCOEICGCICq@[m@YGCOGOGIE]SGC]Ue@g@CCe@o@[g@CEWc@CEEIMWISOYWa@_@m@MS_@o@Ye@[q@Ue@EIa@}@Sc@u@aBa@aAEKPWBIHgB@]NqCP{DFBFDFJFJRWJ]@IGY??FXAHK\SVGKGKGEGC@m@N_DHmAH{@Ho@H]x@aCL[HUPg@FQJ[v@mBx@yBQa@aD_I_@aA^`ArD`Jy@xBw@lBSl@Qf@ITMZy@`CI\In@Iz@IlAO~CAl@QzDOpCA\IfBCHQVDJ`@`At@`BRb@`@|@DHTd@Zp@Xd@^n@LR^l@V`@NXHRLVDHBDVb@BDZf@d@n@BBd@f@\TFB\RHDNFNFFBl@Xp@ZHBFBHBNDNBF@F@t@HD@J@^DPFTFd@R\VLNhB|BFFV\DFTT\^x@~@lBpBj@j@b@VXL|@JtBHrAD`BHH?l@DP?LALCNCJCJELGLGNK|AqAJIDCDCBA@ADCFCFCdAWRCBABCBCHOJNFDHDv@XJBH@F?F?H?FAFAHAHAHEHEJGJEHEFEBCDCDAJCJy@Be@Be@@c@@G?Q?k@?ICw@?]By@PeDNYFED?D?A\@X@\@TFh@D\BNFTHTL^DHd@hAFNBBLP@DHJHPBDBTHP@L?NCVG`@C\APALEp@Gz@O|BALAPAP?N?NBf@@JKDOBM?QKA?C@A?A@CDABGf@SfBG^	Click to Generate
S4	20	1			3	Jamia Dar Ul Uloom Qadiria Jillania Centre (S4)	Oasis Academy Fir Vale (S4)	Fir Vale Academy (S4)	1504	1128	ac~dIzrzGH\^\PRHFXVLPPRDDDFNRJWTc@HK@K?IEUDT?HAJ_@n@KVOSEGEEQSMQYWIGQS_@]Mm@EUMg@EUKg@CIKe@EUCSGe@AMKeAGq@??E]MaAMs@Ei@Eo@Cs@@o@Bm@@MB[@O?KPaDF@l@Jv@NFa@D_@By@BIFAFBDRD^CFBTDVTvAALCNC@AQYPHxBXO??GiBBABO@MUwAEWCUIFM@GCE^G`@w@Om@KGAQ`D?JANCZALCl@An@Br@Dn@Dh@Lr@L`AD\Fp@JdA@LFd@BRDTJd@BHJf@DTLf@DTBN	Click to Generate
S4	20	1			3	The Carlton Hotel (S4)	Accelerate (S4)	Aaliyah Mosque (S4)	1808	1356	mg{dIj{vGQDK`AXn@N`@Pd@L`@@JFXBh@BF@Fb@nBBHHd@iAdA}@w@UU[e@kAgB][a@OOQkAgBt@_CZeABE?CLe@BIJ]BBl@t@Z`@n@x@^h@Xn@N`@Pd@L`@@JFXPENEREp@q@`@e@HI`@a@TSHSL_@DGHQBGNM@CFQDQJc@He@l@cDeBeAARSpCAF?D?D?DBxATCUB?CCuA?E?E?E@GRqC@SdBdAm@bDId@Kb@EPGPABAVAHCLINILKLSFURa@`@IHa@d@q@p@S\EDWVK[K]EOCMCMGq@Oa@Yo@JaAPE	Click to Generate
S4	45	1			3	City Motor Factors (S4)	Colourcraft Limited (S4)	Eye of Needle (S4)	3450	2588	kt|dIlqwG^m@FrAFn@@V@XLh@t@vAb@a@BCDCJCF?jAEJ?J@^H_@IKAK?sADKBEBCBc@`@u@wAWQIOS[GIYa@KCKAI?G?O?QXu@`BgAdCkCbGXd@@B@@pDjGu@jBh@|@i@}@t@kBqBkD_A_BAAACYe@jCcGfAeCt@aBJk@DINa@JYFQP_@LSVWHTBLD`@FrAFn@HI@?JMNMfA_CDIDGDADADAD@D@lBr@xGdCLD|@\@@JBfBz@hA^f@NhAd@|@Z_@vC{Ai@oAc@AAW_@WSYOm@?OX??NYl@?XNVRV^@@nAb@zAh@^wC}@[iAe@g@OiA_@gB{@KCAA}@]MEyGeCmBs@EAEAE@E@E@EFEHgA~BM`@GLABMHM@WBGIYa@S]KUIOJYFQP_@LSVWHTBLD`@_@l@	Click to Generate
S4	20	1			3	St Cuthberts (S4)	Yours Food and Wine (S4)	Oasis Academy Fir Vale (S4)	1674	1256	u_~dIptzG@P@ZA\MQYWIGQS_@]Mm@EUMg@EUKg@CIKUOYIOEIIOOg@TVFFDBJLBRDTJd@BHJf@DTLf@DTLl@^\PRHFXVLPPRDDDFNRPVP^@DP\bAzBGNCDC@OHIDi@ViAh@q@\y@^C@AA@]@g@@_@@kB@uB?{@@mA?MAQAOEWMm@EUMg@EUKg@CI[o@IOEIIOOg@Sa@aEiI`BkAdA_ALAD?Cl@An@Br@Dn@Dh@Lr@L`AD\??Fp@JdA@LFd@BRDTJd@BHJf@DTLf@DTLl@^\PRHFXVLP@]A[AQ	Click to Generate
S4	45	1			3	La Piazza (S4)	Eye of Needle (S4)	Colourcraft Limited (S4)	3508	2631	ml|dIv~wGC@QVKOaAoBa@y@u@wAWQIOS[GIYa@S]KUIOJYFQP_@LSVWHTBLD`@e@x@DK^m@FrAFn@HI@?JMNMfA_CDIDGDADADAD@D@lBr@xGdCLD|@\@@JBfBz@hA^f@NhAd@|@Z_@vC{Ai@oAc@AAW_@WSYOm@?OX??NYl@?XNVRV^@@nAb@zAh@^wC}@[iAe@g@OiA_@gB{@KCAA}@]MEyGeCmBs@EAEAE@E@E@EFEHgA~BM`@GLABMHM@WBGIYa@KCKAI?G?O?QXu@`BgAdCkCbGXd@@B@@~@~ApBjDrBnD|FzJ~CxF~@qBv@gBeA}Az@qBDi@Bc@@W@u@@I@G@IBGa@q@S]GKIOO_@CIKq@Mc@Ms@WyAKa@K]Oc@Oe@]_Aa@s@PWBA	Click to Generate
S4	20	1			3	Adept Afro Hair & Beauty (S4)	Illusionz (S4)	Aaliyah Mosque (S4)	1655	1241	ig{dIj{vGUDK`A_@i@o@y@[a@MO_@e@CCK\Qn@?BCD[dAu@~BjAfBNP`@N\ZjAfBZd@TT|@v@hAeAIe@CIWkAKc@EOK[BIBCPENEREp@q@`@e@HI`@a@TSHSL_@DGHQBGNM@CFQDQJc@He@l@cDeBeAARSpCAF?D?D?DBxATCUB?CCuA?E?E?E@GRqC@SdBdAm@bDId@Kb@EPGPABAVAHCLINILKLSFURa@`@IHa@d@q@p@S\EDWVK[K]EOCMCMGq@Oa@Yo@JaATE	Click to Generate
S4	20	1			3	Bit Of Everything (S4)	Beauty Beneath (S4)	J W Young (Butchers) Ltd (S4)	1519	1139	eg{dIrdwGUd@y@dBZd@TT|@v@hAeAIe@CIc@oBEOK[BIBCPENEREp@q@`@e@a@wALd@Rp@a@d@q@p@S\EDWVK[K]EOCMCMGq@Oa@Yo@_@i@GGg@q@[a@m@u@CCK\Qn@?BCD[dAu@~BsAfEYi@AMCuHlAlBd@v@jAfBNP`@N\ZjAfBZd@TT|@v@hAeAIe@CIc@oBEOK[K]Yn@	Click to Generate
S4	20	1			3	Attercliffe News & Booze (S4)	Baltic Pearl (S4)	Aaliyah Mosque (S4)	1733	1300	yf{dIt`wGHTL`@@JFXPENERES\EDWVK[K]EOCMCMGq@Oa@Yo@_@i@o@y@[a@TcAMj@GVZ`@n@x@^h@GPWp@ELKZcAtCjAfBZd@TT|@v@d@c@b@a@Ie@CIc@oBEOK[BIBCPENEREp@q@`@e@HI`@a@TSHSL_@DGHQBGNM@CFQDQJc@He@l@cDeBeAARSpCAF?D?D?DBxATCUB?CCuA?E?E?E@GRqC@SdBdAm@bDId@Kb@EPGPABAVAHCLINILKLSFURa@`@IHa@d@q@p@S\EDWVK[K]EOCMCMGq@FN	Click to Generate
S4	20	1			3	Crabtree Ponds (S4)	St. James Church (S4)	Masjid Umar (S4)	1894	1420	ym}dIlf|Gc@eCTMTOCKEEECm@?s@?]@@WBMRODE@EAEMu@GW?K@O@MFKGJAL??AN?JFVLt@@DADEDSNCLAV\Ar@?l@?DBDDBJDCJETGPARAL?Rn@d@zAz@|CZfAPh@n@tBPWBIHgB@]NqCP{DFBFDFJFJRWJ]@IGY??FXAHK\SVGKGKGEGC@m@MIGGGM_EaNe@}AmBPKAIEIQq@kA}@hBLUn@sAp@jAHPHDDNX~@b@tA^nA?FCFMNmAlARr@j@tBDNXbAM?S@Q@UFKDEBUNULb@dC	Click to Generate
S4	45	1			3	Crabtree Ponds (S4)	Tea and Cakes (S4)	Yours Food and Wine (S4)	3950	2962	oq}dI`m{Gn@sAp@jAHPHDDNX~@b@tA^nA?FCFMNmAlARr@j@tBDNXbAM?S@Q@UFKDEBCKEEECm@?s@?]@@WBMRODE@EAEMu@GW?K@O@MFKGJAL??AN?JFVLt@@DADEDSNCLAV\Ar@?l@?DBDDBJDCJETGPARAL?Rn@d@zAz@|CZfAPh@n@tBPWBIHgB@]NqCP{D@m@N_DHmAH{@Ho@H]x@aCL[HUPg@Rm@kAqCeAkCw@qB_AcCGHI\Ml@CRQDMHKFCHADCN?VBVFPb@jAb@dAJTKNt@zEBHDBD?DIp@gBdAqCjApCSl@Qf@ITMZy@`CI\In@Iz@IlAO~CAl@QzDOpCA\IfBCHQVo@uBQi@[gA{@}Ce@{ASo@YcAEOk@uBSs@a@mAo@cBo@aBCKCIOa@ISUNwB~AI@{@yDoBaIh@WHENIBABEFOfA~B`BpD`@hARj@N`@HRN`@BHBJn@`Bn@bB`@lAlAmALOBG?G_@oAc@uAY_AEOIEIQq@kAo@rA	Click to Generate
S4	15	1			3	The Dream Lounge (S4)	J W Young (Butchers) Ltd (S4)	Illusionz (S4)	1333	1000	_l{dIdyvGFFZ`@n@x@^h@Tf@BFN`@Pd@L`@@JFXBh@DNb@nBBHHd@iAdA}@w@UU[e@kAgB][a@OOQkAgBe@w@mAmBBtH@LXh@rAgEjAfBNP`@N\ZjAfBZd@TT|@v@hAeAIe@CIWkAKc@EOK[K]EOCMCMGq@Oa@Yo@_@i@o@y@[a@GG	Click to Generate
S4	45	1			3	Busk Meadow Park (S4)	Shirecliffe Community Centre (S4)	Norwood and Bishopsholme Community Centre (S4)	3266	2450	{n~dI~i~G?X?lAEpBs@DO@M?yCN]@I?U@Y@G?oAJUBQ_AQcA[sA]kA_@_Ak@uAm@iATi@FKDENCf@KHAJCRCt@IHCJGbBgAF?LCLCPAHDFHXjALn@??Mo@YkAGIIEQ@MBMBG?cBfAKFIBu@HSBKBI@g@JOBEDGJUh@l@hAj@tA^~@\jAZrAPbAP~@TCnAKF?LAJ?TAH?\AxCOL?NAr@EnAGN?BlCCmCO?oAFs@DO@M?yCN]@I?U@Y@G?oAJUBQ_AQcA[sA]kA_@_Ak@uAm@iATi@FKDENCf@KHAJCRCt@IHCJGbBgAF?LCLCPA??HDFHXjALn@Mo@YkAGIIEQ@MBMBG?cBfAKFIBu@HSBKBI@g@JOBEDGJUh@l@hAj@tA^~@\jAZrAPbAP~@TCnAKF?XATAH?\AxCOL?NAr@EDqB?mA?Y	Click to Generate
S4	20	1			3	Warty Lounge (S4)	Bit Of Everything (S4)	J W Young (Butchers) Ltd (S4)	1619	1214	og{dItyvGOz@K`AXn@N`@Pd@L`@@JFXPENERES\EDWVK[K]OZ_@x@y@dBZd@TT|@v@hAeAIe@CIc@oBEOK[BIBCPENEREp@q@`@e@a@wALd@Rp@a@d@q@p@S\EDWVK[K]EOCMCMGq@Oa@Yo@_@i@o@y@[a@m@u@CCK\Qn@?BCD[dAu@~BsAfEYi@AMCuHlAlBd@v@jAfBNP`@N\ZbAuCJ[DMVq@FQJaAN{@	Click to Generate
S4	20	1			3	Baltic Pearl (S4)	Attercliffe News & Booze (S4)	Aaliyah Mosque (S4)	1651	1238	of{dIjawG??L`@@JFXBh@DNb@nBBHHd@c@`@e@b@}@w@UU[e@kAgBbAuCJ[DMVq@FQ_@i@o@y@[a@TcAMj@GVZ`@n@x@^h@Xn@N`@Pd@L`@@JFXPENEREp@q@`@e@HI`@a@TSHSL_@DGHQBGNM@CFQDQJc@He@l@cDeBeAARSpCAF?D?D?DBxATCUB?CCuA?E?E?E@GRqC@SdBdAm@bDId@Kb@EPGPABAVAHCLINILKLSFURa@`@IHa@d@q@p@S\EDWVK[K]EOCMCMGq@Pd@	Click to Generate
S4	15	1			3	Illusionz (S4)	Silver Pan (S4)	J W Young (Butchers) Ltd (S4)	1415	1061	yh{dIn~vGQf@ELKZcAtCjAfBZd@TT|@v@hAeAIe@CIWkAKc@EOK[BIBCPENEREp@q@`@e@a@wALd@Rp@a@d@q@p@S\EDWVK[K]EOCMCMGq@Oa@Yo@_@i@o@y@[a@m@u@CCK\Qn@?BCD[dAu@~BsAfEYi@AMCuHlAlBd@v@jAfBNP`@N\ZbAuCJ[DMPg@	Click to Generate
S4	20	1			3	Yours Food and Wine (S4)	Oasis Academy Fir Vale (S4)	Fir Vale Academy (S4)	1866	1400	m`~dIrrzGJG@NHj@@Z@ZA\PRDDDFNRPVP^@DP\bAzBGNCDC@OHIDi@ViAh@q@\y@^C@AA@]@g@@_@@kB@uB?{@@mA?MAQAOEWMm@EUMg@EUKg@CIKe@EUCSGe@AMKeAGq@??E]MaAMs@Ei@Eo@Cs@@o@Bm@@MB[@O?KPaDF@l@Jv@NFa@D_@By@BIFAFBDRD^CFBTDVTvAALCNC@AQYPHxBXO??GiBBABO@MUwAEWCUIFM@GCE^G`@w@Om@KGAQ`D?JANCZALCl@An@Br@Dn@Dh@Lr@L`AD\Fp@JdA@LFd@BRDTJd@BHJf@DTLf@DTLl@^\PRHFXVLP@]A[A[Ik@AOKF	Click to Generate
S4	30	1			3	Beauty Beneath (S4)	Aaliyah Mosque (S4)	J W Young (Butchers) Ltd (S4)	2242	1682	wd{dIfcwG@?RES\EDWVK[K]EOCMCMGq@Oa@Yo@_@i@GGg@q@d@_CPL\TH]^Tc@dCK`AXn@N`@Pd@L`@@JFXPENEREp@q@`@e@HI`@a@TSHSL_@DGHQBGNM@CFQDQJc@He@l@cDeBeAARSpCAF?D?D?DBxATCUB?CCuA?E?E?E@GRqC@SdBdAm@bDId@Kb@EPGPABAVAHCLINILKLSFURa@`@IHa@d@q@p@S\EDWVK[K]o@tAy@dBkAgB][a@OOQkAgBe@w@mAmBBtH@LXh@rAgEt@_CZeABE?CPo@J]BBl@t@Z`@n@x@^h@Xn@N`@Pd@L`@@JFXPELE	Click to Generate
S4	20	1			3	Attercliffe News & Booze (S4)	Aaliyah Mosque (S4)	Baltic Pearl (S4)	1593	1195	ig{dIr_wGGOYo@_@i@o@y@[a@TcAMj@GVZ`@n@x@^h@Xn@N`@Pd@L`@@JFXPENEREp@q@`@e@HI`@a@TSHSL_@DGHQBGNM@CFQDQJc@He@l@cDeBeAARSpCAF?D?D?DBxATCUB?CCuA?E?E?E@GRqC@SdBdAm@bDId@Kb@EPGPABAVAHCLINILKLSFURa@`@IHa@d@q@p@S\EDWVDNb@nBBHHd@c@`@e@b@}@w@UU[e@kAgBbAuCJ[DMVq@FQXn@FN	Click to Generate
S4	60	1			3	WHSmith (S4)	Northern Perk (S4)	Norwood Grange Care Home (S4)	4538	3404	_v~dIpy{G?@HNJTR^JV\l@LVNVb@|@LTLTBDP\^t@DFVf@DF@DBBd@hADH`@q@BG@ARYlAgCd@_AFKHUHYF]Da@\_DDm@@q@@sBAeB?]@s@Bo@Dg@DWHo@JoA@]@g@@_@@kB@uB?{@@mA?MAQAOEWUQOICCSESEw@Cm@A}@?aAAAbAGjD?D?l@X?LFNFPNLLNZN`@DZBZ@P@b@An@?v@Ah@Gh@Kh@M^IRKL]ZQLEWKYEGG?I?SAC?ENEFM?CC?G???IBCFAH?FBB?R@H?F?DFJXDVPM\[JMHSL_@Ji@Fi@@i@?w@@o@Ac@AQC[E[Oa@O[MMQOOGMGY??m@?EFkD@cA`A@|@?l@@v@BRDRDBBNHTPDV@N@P?LAlA?z@AtBAjBA^Af@A\KnAIn@EVEf@Cn@Ar@?\@dBArBAp@El@]~CE`@G\IXITGJe@~@mAfCKf@Uj@EFEJMQEIe@iACCAEEGWg@Wd@gAuBTg@LTBDP\^t@DFVf@DF@DBBDJ^|@DHLPGLEHKTIPWd@[`@SPa@Ts@r@w@v@q@l@y@p@YX[`@U\q@|Aa@|@Ud@g@dAMQg@u@a@o@_@k@UQE?]GsBYGCJ_AJw@LDFAJCFBtBdAA@UpATP^j@`@n@f@t@LPf@eATe@`@}@p@}AT]Za@XYx@q@p@m@v@w@r@s@d@u@R]FMb@w@DGR_@EIe@iACCAEEGWg@EG_@u@Q]CEMUMUc@}@OWMW]m@KWS_@KUIO?A	Click to Generate
S4	45	1			3	Northern General Hospital (S4)	Sheffield GP Collaborative (Out of Hours Service) (S4)	Norwood Grange Care Home (S4)	4032	3024	gm~dI`h|GEKCCAEEGWg@EG_@u@Q]CEMUMUc@}@OWMW]m@KWS_@KUIO?AGUGSIGKGO?]?i@@A?_@FuAZO@E?qA@sA?MAEM?ODKCGAGC}@?QCaCA_@?Q?u@?WAq@AO?I?M?I?M?SBSTAv@CD?B?r@ALAXAJCHEDCJGFGRYJM\SLK`Am@dAq@VO^S`D_B|@g@LILEHAX?LFNFPNLLNZN`@DZBZ@P@b@An@?v@Ah@Gh@Kh@M^IRKL]ZQLMJUNa@EGAC@CBANK\SBETSHRIDURCJ]@OBCBAF@`@D@ARMLKPM\[JMHSL_@Ji@Fi@@i@?w@@o@Ac@AQC[E[Oa@O[MMQOOGMGY??m@?EFkD@cA`A@|@?l@@v@BRDRDBBNHTPDV@N@P?LAlA?z@AtBAjBA^Af@A\KnAIn@EVEf@Cn@Ar@?\@dBArBAp@El@]~CE`@G\IXITGJe@~@mAfCKf@Uj@EFEJGLEHKTIPWd@[`@SPa@Ts@r@w@v@q@l@y@p@YX[`@U\q@|Aa@|@Ud@g@dAMQg@u@a@o@_@k@UQE?]GsBYGCJ_AJw@LDFAJCFBtBdAA@UpATP^j@`@n@f@t@LPf@eATe@`@}@p@}AT]Za@XYx@q@p@m@v@w@r@s@d@u@R]FMb@w@DGR_@EI_@}@	Click to Generate
S4	20	1			3	Busk Meadow Park (S4)	Kaya Hair & Beauty (S4)	Shirecliffe Community Centre (S4)	1888	1416	_x~dId|}G??HDFHXjALn@??Mo@YkAGIIEQ@MBMBG?cBfAKFIBu@HSBKBI@g@JOBEDGJUh@l@hAj@tA^~@\jAZrAPbAP~@TCnAKF?XATAH?\AxCOL?NAr@EDqB?mAAqA\ITGXIl@OHGJGV[P[BX?PEdAAJEnACrAArAq@B]BO?oAFs@DO@M?yCN]@I?U@K?M@G?oAJUBQ_AQcA[sA]kA_@_Ak@uAm@iATi@FKDENCf@KHAJCRCt@IHCJGbBgAF?LCLCPA	Click to Generate
S4	45	1			3	Norwood and Bishopsholme Community Centre (S4)	Northern General Hospital (S4)	Northern Perk (S4)	3272	2454	oa_eIpy|GUpATP^j@`@n@f@t@LPQd@IPUj@]fAUv@ENYzAWtAKv@It@CVGfAI|BEdA?TE~@Cn@C\HJDDNNHJTi@FKDENCf@KHAJCRCt@IHCJGbBgAF?LCLCPA??HDFHXjALn@Mo@YkAGIIEQ@MBMBG?cBfAKFIBu@HSBKBI@g@JOBEDGJUh@IKOOEEIKB]Bo@D_A?UDeAH}BFgABWHu@Jw@VuAX{ADOTw@\gATk@HQPe@f@eATe@`@}@p@}AT]Za@XYx@q@p@m@v@w@r@s@d@u@R]FMb@w@DGR_@EIe@iACCAEEGWg@EG_@u@Q]CEMUMUc@}@OWMW]m@KWS_@KUIO?AGUDGDCFAB?`@Ad@Cd@AFGDM@M@KBKFGZMHAFFHPJVRd@DVJf@B\Bn@Bd@B`@ARCLEJCFOXS`@CFGLMT^t@DFVf@DF@DBBDJ^|@DHLPGLEHKTIPWd@[`@SPa@Ts@r@w@v@q@l@y@p@YX[`@U\q@|Aa@|@Ud@g@dAMQg@u@a@o@_@k@UQE?]GsBYGCJ_AJw@LDFAJCFBtBdAA@	Click to Generate
S4	20	1			3	St Cuthberts (S4)	Fir Vale Academy (S4)	Page Hall Medical Centre (S4)	1760	1320	cf~dIhfzGFp@JdA@LFd@BRDTJd@BHJf@DTLf@DTLl@^\PRHFERAF?F?t@AtC@Tm@F@uB?{@@mA?MAQAOEWMm@EUMg@EUKg@CIKUOYIOEIIOOg@Sa@aEiI`BkAdA_ALAD?@MB[@O?KPaDF@l@Jv@NFa@D_@By@BIFAFBDRD^CFBTDVTvAALCNC@AQYPHxBXO??GiBBABO@MUwAEWCUIFM@GCE^G`@Mf@O^CDKR?@SXSXCDMNLOBERYRYJUBEN_@Lg@w@Om@KGAQ`D?JANCZALCl@An@Br@Dn@Dh@Lr@L`AD\??	Click to Generate
S4	60	1			3	Whiteways Primary School (S4)	Wood Hill Lodge (S4)	Tea and Cakes (S4)	5423	4067	ui}dIfczGw@{B@KdCsCp@u@LCDDDDDR\b@_@yA}@oCIUk@aBSq@aAsCAC]}@aAaBu@_BQ`@EVAX?XBR@DqCdD\pANx@D^DTBb@D^PKT`CVxCBFD@EACGm@{GQJE_@Cc@EUE_@Oy@]qApCeDAECS?Y@YDWPa@t@~A`A`B\|@@B`ArCRp@j@`BHT|@nCVbAFTVz@bAbDx@jC~@pD|@dDH`@Hb@Rd@`@v@PXRTPB`@AF?XGHCHEJOTs@HWRm@l@cBHS~@mCFS`@gAVu@~@bBFHv@lAf@v@`AbBCx@Cd@Ct@AZCfA?BCl@A\E`BCXCJ??CLILIHQ?WEeBSKCC?cAKwAOeAIe@Kk@GIAcBQGEEIc@aAi@sAs@kBGGIAI?MBQL[^e@p@o@~@s@bAGHI\Ml@CR?RBPBPFVjAnCq@`AKUc@eAc@kAGQCW?WBO@EBIJGLIPEBSLm@H]FIr@cAn@_Ad@q@Z_@PMLCH?H@FFr@jBh@rAb@`ADHFDbBPH@j@Fd@JdAHvANbAJB?JBdBRVDP?HIHMBM??BKBYDaB@]Bm@?CBgA@[Bu@Be@By@aAcBg@w@w@mAGI_AcBWt@a@fAGR_AlCIRm@bBSl@IVUr@KNIDIBYFG?a@@QCSUQYa@w@Se@Ic@Ia@}@eD_AqDy@kCcAcDW{@]c@ESEEEEMBq@t@eCrCAJv@zB	Click to Generate
S4	20	1			3	Fir Vale Academy (S4)	Jamia Masjid Ghausia (S4)	St Cuthberts (S4)	1677	1258	ud~dI`wyGJSBEN_@Lg@Fa@D_@By@BIFAFBDRD^CFBTDVTvAALCNC@AQYPHxBXO??GiBBABO@MUwAEWCUIFM@GCE^G`@w@Om@KGAQ`D?JANCZALCl@An@Br@Dn@Dh@DNFb@L`AD\Fp@JdA@LFd@BRDTJd@BHJf@DTLf@DTLl@^\PRHFERAF?F?t@AtC@Tm@F@uB?{@@mA?MAQAOEWMm@EUMg@EUKg@CIKUOYIOEIIOOg@Sa@aEiI`BkAdA_ALAD?@MB[@O?KPaDF@l@Jv@NMf@O^CDKR	Click to Generate
S4	45	1			3	City Motor Factors (S4)	Eye of Needle (S4)	Colourcraft Limited (S4)	3592	2694	qr|dIlmwGRe@S]m@nAHTBLD`@FrAFn@@V@XLh@t@vAb@a@BCDCJCF?jAEJ?J@^H_@IKAK?sADKBEBCBc@`@u@wAWQIOS[GIYa@S]KUIOJYFQP_@LSVWHTBLD`@FrAFn@HI@?JMNMfA_CDIDGDADADAD@D@lBr@xGdCLD|@\@@JBfBz@hA^f@NhAd@|@Z_@vC{Ai@oAc@AAW_@WSYOm@?OX??NYl@?XNVRV^@@nAb@zAh@rEdBZLGlBo@rA]R_@JMJNXoBtDET]nDI`@Sb@_@x@INEHMXGTABKX]t@QViBfEuBlFSh@iEmH_DyF}F{JsBoDqBkD_A_BAAACYe@jCcGfAeCt@aBJk@DINa@JYFQP_@LSVWl@oAR\Sd@	Click to Generate
S4	45	1			3	Busk Meadow Park (S4)	Shirecliffe Community Centre (S4)	Norwood and Bishopsholme Community Centre (S4)	3250	2438	{n~dIvj~G?@?lAEpBs@DO@M?yCN]@I?U@Y@G?oAJUBQ_AQcA[sA]kA_@_Ak@uAm@iATi@FKDENCf@KHAJCRCt@IHCJGbBgAF?LCLCPAHDFHXjALn@??Mo@YkAGIIEQ@MBMBG?cBfAKFIBu@HSBKBI@g@JOBEDGJUh@l@hAj@tA^~@\jAZrAPbAP~@TCnAKF?LAJ?TAH?\AxCOL?NAr@EnAGN?BlCCmCO?oAFs@DO@M?yCN]@I?U@Y@G?oAJUBQ_AQcA[sA]kA_@_Ak@uAm@iATi@FKDENCf@KHAJCRCt@IHCJGbBgAF?LCLCPA??HDFHXjALn@Mo@YkAGIIEQ@MBMBG?cBfAKFIBu@HSBKBI@g@JOBEDGJUh@l@hAj@tA^~@\jAZrAPbAP~@TCnAKF?XATAH?\AxCOL?NAr@EDqB?mA?A	Click to Generate
S4	20	1			3	Baltic Pearl (S4)	Travel & More (S4)	Aaliyah Mosque (S4)	1669	1252	kf{dIpawGHZ@JFXBh@DNb@nBBHHd@c@`@e@b@}@w@UU[e@kAgB][a@OOQkAgBt@_CZeABE?CPo@J]BBl@t@Z`@PT\b@^h@Xn@N`@Pd@L`@@JFXPENEREp@q@`@e@HI`@a@TSHSL_@DGHQBGNM@CFQDQJc@He@l@cDeBeAARSpCAF?D?D?DBxATCUB?CCuA?E?E?E@GRqC@SdBdAm@bDId@Kb@EPGPABAVAHCLINILKLSFURa@`@IHa@d@q@p@S\EDWVK[K]EOCMCMGq@Pd@BD	Click to Generate
S4	20	1			3	Shirecliffe Community Centre (S4)	Busk Meadow Park (S4)	Norwood and Bishopsholme Community Centre (S4)	1535	1151	{n~dIfm~GEpBs@DO@M?yCN]@I?U@K?M@G?oAJUBQ_AQcA[sA]kA_@_Ak@uAm@iATi@FKDENCf@KHAJCRCt@IHCJGbBgAF?LCLCPAHDFHXjALn@??Mo@YkAGIIE??Q@MBMBG?cBfAKFIBu@HSBKBI@g@JOBEDGJUh@l@hAj@tA^~@\jAZrAPbAP~@TCnAKF?XATAH?\AxCOL?NAr@EDqB	Click to Generate
S4	20	1			3	All Days (S4)	St. James Church (S4)	Tea and Cakes (S4)	1899	1424	w||dIzl{GJ[v@mBx@yBQa@aD_I_@aA^`ArD`Jy@xBw@lBSl@Qf@ITMZy@`CI\In@Iz@IlAO~CAl@FBFDFJFJRWJ]@IGY??FXAHK\SVGKGKGEGC@m@N_DHmAH{@Ho@H]x@aCL[HUPg@Rm@kAqCeAkCw@qB_AcCGHI\Ml@CRQDMHKFCHADCN?VBVFPb@jAb@dAJTKNt@zEBHDBD?DIp@gBdAqCjApCKZ	Click to Generate
S4	15	1			3	The Dream Lounge (S4)	J W Young (Butchers) Ltd (S4)	Illusionz (S4)	1325	994	yk{dIjyvG@@Z`@n@x@^h@Tf@BFN`@Pd@L`@@JFXBh@DNb@nBBHHd@iAdA}@w@UU[e@kAgB][a@OOQkAgBe@w@mAmBBtH@LXh@rAgEjAfBNP`@N\ZjAfBZd@TT|@v@hAeAIe@CIWkAKc@EOK[K]EOCMCMGq@Oa@Yo@_@i@o@y@[a@AA	Click to Generate
S4	30	1			3	Northern General Hospital (S4)	Northern Perk (S4)	Yours Food and Wine (S4)	2770	2078	am~dInm{GRMLKPM\[JMHSL_@Ji@Fi@@i@?w@@o@Ac@AQC[E[Oa@O[MMQOOGMGY?I@MDMH}@f@aD~A_@RWNeAp@aAl@MJ]RKLSXGFKFEBIDKBY@M@s@@C?E?w@BU@CR?R?L?H?L?H@N@p@?V?t@?P@^B`C?PB|@@FBFJBdACfBED?v@GPAB?F?NHXH@?h@A\?N?JFHFFRFT?@HNJTR^JV\l@LVNVb@|@LTLTBDP\^t@DFVf@DF@DBBDJ^|@DH`@q@BG@ARYlAgCd@_AFKHUHYF]Da@\_DDm@@q@@sBAeB?]@s@Bo@Dg@DWHo@JoA@@BAx@_@p@]hAi@h@WHENIBABEFOcA{BQ]AEQ_@QWOSEGEEQSMQYWIGQS_@]UQOICCSESEw@Cm@A}@?aAAAbAGjD?D?l@X?LFNFPNLLNZN`@DZBZ@P@b@An@?v@Ah@Gh@Kh@M^IRKL]ZQLMJSL	Click to Generate
S4	60	1			3	Sheffield Steel City Beer Festival 49 (S4)	St. James Church (S4)	All Days (S4)	6159	4619	_ozdIdi~G??QKA?C@A?A@CDABGf@SfBYjBO~@[vB]nB\oBj@wDXkBRgBFg@@CBE@A@?BA@?PJL?NCJEAKCg@?O?O@Q@Q@MN}BF{@Dq@@M@QB]Fa@[MSKICYMIEy@_@C?K?C@G@A@EBM@E?KAIAEAWCGAoACMAS@G@C@EDED_AvAEFWb@INCBCBC@SBeAVGBGBEBA@C@EBEBKH}ApAOJMFMFKDKBOBMBM@Q?m@EI?aBIsAEuBI}@KYMc@Wk@k@mBqBy@_A]_@UUEGW]GGiB}BMO]We@SUGQG_@EKAEAu@IGAGAOCOEICGCICq@[m@YGCOGOGIE]SGC]Ue@g@CCe@o@[g@CEWc@CEEIMWISOYWa@_@m@MS_@o@Ye@[q@Ue@EIa@}@Sc@u@aBa@aAEKPWBIHgB@]NqCP{DFBFDFJFJRWJ]@IGY??FXAHK\SVGKGKGEGC@m@N_DHmAH{@Ho@H]x@aCL[HUPg@Rm@v@mBx@yBQa@aD_I_@aA^`ArD`Jy@xBw@lBSl@Qf@ITMZy@`CI\In@Iz@IlAO~CAl@QzDOpCA\IfBCHQVDJ`@`At@`BRb@`@|@DHTd@Zp@Xd@^n@LR^l@V`@NXHRLVDHBDVb@BDZf@d@n@BBd@f@\TFB\RHDNFNFFBl@Xp@ZHBFBHBNDNBF@F@t@HD@J@^DPFTFd@R\VLNhB|BFFV\DFTT\^x@~@lBpBj@j@b@VXL|@JtBHrAD`BHH?l@DP?LALCNCJCJELGLGNK|AqAJIDCDCBA@ADCFCFCdAWRCBABCBCHOJNFDHDv@XJBH@F?F?H?FAFAHAHAHEHEJGJEHEFEBCDCDAJCJy@Be@Be@@c@@G?Q?k@?ICw@?]By@PeDNYFED?D?A\@X@\@TFh@D\BNFTHTL^DHd@hAFNBBLP@DHJHPBDBTHP@L?NCVG`@C\APALEp@Gz@O|BALAPAP?N?NBf@@JKDOBM?	Click to Generate
S4	60	1			3	Sheffield Steel City Beer Festival 2024 (SCBF48) (S4)	St. James Church (S4)	Scott Road Store (S4)	5420	4065	grzdIbs~GN_AXkBRgBFg@@CBE@A@?BA@?PJ??L?NCJEAKCg@?O?O@Q@Q@MN}BF{@Dq@@M@QB]Fa@[MSKICYMIEy@_@C?K?C@G@A@EBM@E?KAIAEAWCGAoACMAS@G@C@EDED_AvAEFWb@INCBCBC@SBeAVGBGBEBA@C@EBEBKH}ApAOJMFMFKDKBOBMBM@Q?m@EI?aBIsAEuBI}@KYMc@Wk@k@mBqBy@_A]_@UUEGW]GGiB}BMO]We@SUGQG_@EKAEAu@IGAGAOCOEICGCICq@[m@YGCOGOGIE]SGC]Ue@g@CCe@o@[g@CEWc@CEEIMWISOYWa@_@m@MS_@o@Ye@[q@Ue@EIa@}@Sc@u@aBa@aAEKPWBIHgB@]NqCP{DFBFDFJFJRWJ]@IGY??FXAHK\SVGKGKGEGC@m@N_DHmAH{@Ho@H]x@aCL[HUPg@FQJ[v@mBx@yBh@}ATu@b@oAj@Fd@JdAHvANbAJB?JBdBRVDP?HIHMBM??BKBYDaB@]Bm@?CBgA@[Bu@HGNIJCPCXj@rA|B|@`BFJNZDPBVDnA?L@ND|ADhABJDJHJd@X|Ax@DBtAp@HDd@XfAn@d@Z|BvA\TZRLJ@EBCBABABBBB@F?D?FCFCBC@?R?j@?X@T?DBNBNLb@FLVSDCHGVONGXGJ?LANAl@HJDJBl@XvBtAFBHDr@b@JH\TZP\R^JFDDBFFZ\LLBB`@f@RXb@`@XF@@DBFDB@d@XPHA`@CTAZGb@E`@I^I^ELa@rAANCR?JARAX?^@V?VDt@DJFXJb@BHNl@FPBL@F@J?VMn@QdAU~@IZEPCTCZAPARAPA\@X@\@TFh@D\BNFTHTL^DHd@hAFNBBLP@DHJHPBDBTHP@L?NCVG`@C\APALEp@Gz@O|BALAPAP?N?NBf@@JKDOBM?QKA?C@A?A@CDABGf@SfBYjBO~@	Click to Generate
S4	45	1			3	Busk Meadow Park (S4)	S. Ali's Off Licence (S4)	Norwood and Bishopsholme Community Centre (S4)	3106	2330	wx~dItq~GM@G?oAJUBQ_AQcA[sA]kA_@_Ak@uAm@iATi@FKDENCf@KHAJCRCt@IHCJGbBgAF?LCLCPAHDFHXjALn@??Mo@YkAGIIEQ@MBMBG?cBfAKFIBu@HSBKBI@g@JOBEDGJUh@IKOOEEIKB]Bo@D_A?UDeAH}BFgABWHu@Jw@VuAX{ADOTw@\gATk@HQPe@jApAd@j@l@t@DDZh@nAlC\jAZ~@L`@Nl@Ll@F\@FH^Jt@BX@F\vEJtADf@J|A@pA?lA??EpBs@DO@M?yCN]@I?U@Y@G?oAJUBQ_AQcA[sA]kA_@_Ak@uAm@iATi@FKDENCf@KHAJCRCt@IHCJGbBgAF?LCLCPA??HDFHXjALn@Mo@YkAGIIEQ@MBMBG?cBfAKFIBu@HSBKBI@g@JOBEDGJUh@l@hAj@tA^~@\jAZrAPbAP~@TCnAKF?LA	Click to Generate
S4	15	1			3	Illusionz (S4)	MyCigara (S4)	J W Young (Butchers) Ltd (S4)	1388	1041	ab{dIv~vGRp@a@d@q@p@S\EDWVDNJb@VjABHHd@iAdA}@w@UU[e@kAgBbAuCJ[DMPg@DIFQ_@i@o@y@[a@m@u@CCK\Qn@?BCD[dAu@~Be@w@mAmBBtH@LXh@rAgEt@_CZeABE?CPo@J]BBl@t@Z`@n@x@^h@Xn@N`@Pd@L`@@JFXPENEREp@q@`@e@Sq@	Click to Generate
S4	30	1			3	Norwood and Bishopsholme Community Centre (S4)	Busk Meadow Park (S4)	Northern Perk (S4)	2493	1870	c__eI|_}G\h@LPQd@IPUj@]fAUv@ENYzAWtAKv@It@CVGfAI|BEdA?TE~@Cn@C\HJDDNNHJTi@FKDENCf@KHAJCRCt@IHCJGbBgAF?LCLCPA??HDFHXjALn@??Mo@YkAGIIEQ@MBMBG?cBfAKFIBu@HSBKBI@g@JOBEDGJUh@IKOOEEIKB]Bo@D_A?UDeAH}BFgABWHu@Jw@VuAX{ADOTw@\gATk@HQPe@f@eATe@`@}@p@}AT]Za@XYx@q@p@m@v@w@r@s@d@u@R]FMb@w@DGR_@EIe@iACCAEEGWg@Wd@gAuBTg@LTBDP\^t@DFVf@DF@DBBDJ^|@DHLPGLEHKTIPWd@[`@SPa@Ts@r@w@v@q@l@y@p@YX[`@U\q@|Aa@|@Ud@g@dAMQ]i@	Click to Generate
S4	20	1			3	Lana Pizza (S4)	Oasis Academy Fir Vale (S4)	Fir Vale Pharmacy (S4)	1970	1478	{d~dInmzGOYIOEIIOOg@TVFFDBJLBRDTJd@BHJf@DTLf@DTLl@^\PRHFXVLP@]A[AQ?IIk@AOROSN@NHj@@Z@ZA\MQYWIGQS_@]Mm@EUMg@EUKg@CIKe@EUCSGe@AMKeAGq@??E]MaAMs@Ei@Eo@Cs@@o@Bm@@MB[@O?KPaDDw@Dy@mAmA}@tD]~ARNZTp@b@TPgAu@[USOMb@KVMLSLSJk@TUJGFgGpMGLCJ?JRlB\~CVCZCp@Cp@?rABjA@f@?`A@|@?l@@v@BRDJMFG@EBI@I?UEUKg@CIKU	Click to Generate
S4	45	1			3	Scott Road Store (S4)	Masjid Noor (S4)	All Days (S4)	3206	2404	c`}dIv_|GFXAHK\SVGKGKGEGC@m@N_DHmAH{@Ho@H]x@aCL[HUPg@Rm@v@mByDcK\i@]h@xDbKw@lBKZGPQf@ITMZy@`CI\In@Iz@IlAO~CAl@QzDOpCA\IfBCHQVo@uBQi@[gA{@}Ce@{ASo@M?S@Q@UFKDEBUNULb@dC??c@eCTMTODCJETGPARAL?Rn@d@zAz@|CZfAPh@n@tBPWBIHgB@]NqCP{D@m@N_DHmAH{@Ho@H]x@aCL[HUPg@Rm@v@mBx@yBQa@aD_I_@aA^`ArD`Jy@xBw@lBSl@Qf@ITMZy@`CI\In@Iz@IlAO~CAl@FBFDFJFJRWJ]@IGY	Click to Generate
S4	60	1			3	Crushing mill, Kelham Island, Sheffield (S4)	St. James Church (S4)	All Days (S4)	6159	4619	ymzdIvg~G@V@JKDOBM?QKA?C@A?A@CDABGf@SfBYjBk@vD]nB\oBj@wDF[PoARgBFg@@CBE@A@?BA@?PJL?NCJEAKCg@?O?O@Q@Q@MN}BF{@Dq@@M@QB]Fa@[MSKICYMIEy@_@C?K?C@G@A@EBM@E?KAIAEAWCGAoACMAS@G@C@EDED_AvAEFWb@INCBCBC@SBeAVGBGBEBA@C@EBEBKH}ApAOJMFMFKDKBOBMBM@Q?m@EI?aBIsAEuBI}@KYMc@Wk@k@mBqBy@_A]_@UUEGW]GGiB}BMO]We@SUGQG_@EKAEAu@IGAGAOCOEICGCICq@[m@YGCOGOGIE]SGC]Ue@g@CCe@o@[g@CEWc@CEEIMWISOYWa@_@m@MS_@o@Ye@[q@Ue@EIa@}@Sc@u@aBa@aAEKPWBIHgB@]NqCP{DFBFDFJFJRWJ]@IGY??FXAHK\SVGKGKGEGC@m@N_DHmAH{@Ho@H]x@aCL[HUPg@Rm@v@mBx@yBQa@aD_I_@aA^`ArD`Jy@xBw@lBSl@Qf@ITMZy@`CI\In@Iz@IlAO~CAl@QzDOpCA\IfBCHQVDJ`@`At@`BRb@`@|@DHTd@Zp@Xd@^n@LR^l@V`@NXHRLVDHBDVb@BDZf@d@n@BBd@f@\TFB\RHDNFNFFBl@Xp@ZHBFBHBNDNBF@F@t@HD@J@^DPFTFd@R\VLNhB|BFFV\DFTT\^x@~@lBpBj@j@b@VXL|@JtBHrAD`BHH?l@DP?LALCNCJCJELGLGNK|AqAJIDCDCBA@ADCFCFCdAWRCBABCBCHOJNFDHDv@XJBH@F?F?H?FAFAHAHAHEHEJGJEHEFEBCDCDAJCJy@Be@Be@@c@@G?Q?k@?ICw@?]By@PeDNYFED?D?A\@X@\@TFh@D\BNFTHTL^DHd@hAFNBBLP@DHJHPBDBTHP@L?NCVG`@C\APALEp@Gz@O|BALAPAP?N?N@N	Click to Generate
S4	20	1			3	Jamia Dar Ul Uloom Qadiria Jillania Centre (S4)	Oasis Academy Fir Vale (S4)	Fir Vale Academy (S4)	1504	1128	ob~dI`tzGVTPRHFXVLPPRDDDFNRJWTc@HK@K?IEUDT?HAJ_@n@KVOSEGEEQSMQYWIGQS_@]Mm@EUMg@EUKg@CIKe@EUCSGe@AMKeAGq@??E]MaAMs@Ei@Eo@Cs@@o@Bm@@MB[@O?KPaDF@l@Jv@NFa@D_@By@BIFAFBDRD^CFBTDVTvAALCNC@AQYPHxBXO??GiBBABO@MUwAEWCUIFM@GCE^G`@w@Om@KGAQ`D?JANCZALCl@An@Br@Dn@Dh@Lr@L`AD\Fp@JdA@LFd@BRDTJd@BHJf@DTLf@DTLl@FF	Click to Generate
S4	60	1			3	Masjid Umar (S4)	Osgathorpe Park (S4)	Scott Road Store (S4)	5009	3757	ig}dIv_{GBIJGLIPEBSLm@H]FI~@bCv@pBdAjCjApCSl@Qf@ITMZy@`CI\In@Iz@IlAO~CMIGGGM_EaNe@}AmBPKAIEIQq@kA}@hBLUn@sAp@jAHPHDDNX~@b@tA^nA?FCFMNmAlAa@mAo@cBo@aBCKCIOa@ISOa@PWBKCe@KeDIkCMoCOyAOyA[aCSgBc@_Ds@uFzBiANONUP[J]Hk@@MHa@@u@@y@Au@GiAE_@Cc@EUE_@Oy@]qApCeDAECS?Y@YDWPa@t@~A`A`B\|@@B`ArCRp@j@`BHT|@nC^xA]c@ESEEEEMBq@t@Xv@h@~AgCzCKWw@{B@KdCsCp@u@LCDDDDDR\b@Vz@bAbDx@jC~@pD|@dDH`@Hb@Rd@`@v@PXRTPB`@AF?XGHCHEJOTs@HWRm@l@cBHS~@mCFS`@gAVu@~@bBFHv@lAf@v@`AbBCx@Cd@Ct@AZCfA?BCl@A\E`BCXCJ??CLILIHQ?WEeBSKCC?cAKwAOeAIe@Kk@Gc@nAUt@i@|Ay@xBw@lBSl@Qf@HNIOPg@FQJ[kAqCeAkCw@qB_AcCGHI\Ml@CRQDMHKFCH	Click to Generate
S4	20	1			3	Khan Darbar (S4)	Accelerate (S4)	Aaliyah Mosque (S4)	1717	1288	oe{dIdewGCGK[K]EOCMCMGq@Oa@Yo@JaAPEt@OA]Ke@?G@GBM?CAOKGIGCTc@dCK`AGPWp@ELKZcAtC][a@OOQkAgBt@_CZeABE?CLe@BIJ]BBl@t@Z`@n@x@^h@Xn@N`@Pd@L`@@JFXPENEREp@q@`@e@HI`@a@TSHSL_@DGHQBGNM@CFQDQJc@He@l@cDeBeAARSpCAF?D?D?DBxATCUB?CCuA?E?E?E@GRqC@SdBdAm@bDId@Kb@EPGPABAVAHCLINILKLSFURa@`@IHa@d@q@p@S\EDWVBF	Click to Generate
S4	20	1			3	National Blinds (S4)	Aaliyah Mosque (S4)	J W Young (Butchers) Ltd (S4)	1769	1327	_j{dIr{vGRT^h@Xn@N`@Pd@L`@@JFXPELE@?REp@q@`@e@HI`@a@TSHSL_@DGHQBGNM@CFQDQJc@He@l@cDeBeAARSpCAF?D?D?DBxATCUB?CCuA?E?E?E@GRqC@SdBdAm@bDId@Kb@EPGPABAVAHCLINILKLSFURa@`@IHa@d@q@p@S\EDWVK[K]o@tAy@dBkAgB][a@OOQkAgBe@w@mAmBBtH@LXh@rAgEt@_CZeABE?CPo@J]BBl@t@Z`@Zb@	Click to Generate
S4	20	1			3	Sheffield Auto Spares (S4)	Illusionz (S4)	Aaliyah Mosque (S4)	1585	1189	ug{dIz~vGUg@_@i@o@y@[a@AAk@s@CCK\Qn@?BCD[dAu@~BjAfBNP`@N\ZjAfBZd@TT|@v@hAeAIe@CIWkAKc@EOK[BIBCPENEREp@q@`@e@HI`@a@TSHSL_@DGHQBGNM@CFQDQJc@He@l@cDeBeAARSpCAF?D?D?DBxATCUB?CCuA?E?E?E@GRqC@SdBdAm@bDId@Kb@EPGPABAVAHCLINILKLSFURa@`@IHa@d@q@p@S\EDWVK[K]EOCMCMGq@Oa@CG	Click to Generate
S4	20	1			3	Attercliffe Spice (S4)	Accelerate (S4)	Aaliyah Mosque (S4)	2066	1550	ch{dIj|vGGf@Xn@N`@Pd@L`@@JFXPENEREFIh@g@`@e@HI`@a@TSHSNQJIDCF?JLFFDFZROAM?KAKAQAM@SFURa@`@IHa@d@q@p@S\EDWVK[K]o@tAy@dBkAgB][a@OOQkAgBt@_CZeABE?CLe@BIJ]BBl@t@Z`@n@x@^h@Xn@N`@Pd@L`@@JFXPENEREp@q@`@e@HI`@a@TSHSL_@DGHQBGNM@CFQDQJc@He@l@cDeBeAARSpCAF?D?D?DBxATCUB?CCuA?E?E?E@GRqC@SdBdAm@bDId@Kb@EPGPABAVAHCLINILKLSFURa@`@IHa@d@q@p@S\EDWVK[K]EOCMCMGq@Oa@Yo@Fg@	Click to Generate
S4	30	1			3	Premier Doors (S4)	J W Young (Butchers) Ltd (S4)	Aaliyah Mosque (S4)	2121	1591	ij{dId{vG\b@^h@Xn@N`@Pd@BDHZ@JFXBh@DNb@nBBHHd@iAdA}@w@UU[e@kAgB][a@OOQkAgBe@w@mAmBBtH@LXh@rAgEt@_CZeABE?CPo@J]BBl@t@Z`@n@x@^h@Xn@N`@Pd@L`@@JFXPENEREp@q@`@e@HI`@a@TSHSL_@DGHQBGNM@CFQDQJc@He@l@cDeBeAARSpCAF?D?D?DBxATCUB?CCuA?E?E?E@GRqC@SdBdAm@bDId@Kb@EPGPABAVAHCLINILKLSFURa@`@IHa@d@q@p@S\EDWVK[K]EOCMCMGq@Oa@Yo@_@i@]c@	Click to Generate
S4	20	1			3	Jamia Dar Ul Uloom Qadiria Jillania Centre (S4)	Oasis Academy Fir Vale (S4)	Fir Vale Academy (S4)	1504	1128	ec~dIlrzGLj@^\PRHFXVLPPRDDDFNRJWTc@HK@K?IEUDT?HAJ_@n@KVOSEGEEQSMQYWIGQS_@]Mm@EUMg@EUKg@CIKe@EUCSGe@AMKeAGq@??E]MaAMs@Ei@Eo@Cs@@o@Bm@@MB[@O?KPaDF@l@Jv@NFa@D_@By@BIFAFBDRD^CFBTDVTvAALCNC@AQYPHxBXO??GiBBABO@MUwAEWCUIFM@GCE^G`@w@Om@KGAQ`D?JANCZALCl@An@Br@Dn@Dh@Lr@L`AD\Fp@JdA@LFd@BRDTJd@BHJf@DTLf@DT?@	Click to Generate
S4	60	1			3	Sheffield Steel City Beer Festival 49 (S4)	St. James Church (S4)	All Days (S4)	6159	4619	unzdIdi~GI?QKA?C@A?A@CDABGf@SfBYjBO~@[vB]nB\oBj@wDXkBRgBFg@@CBE@A@?BA@?PJL?NCJEAKCg@?O?O@Q@Q@MN}BF{@Dq@@M@QB]Fa@[MSKICYMIEy@_@C?K?C@G@A@EBM@E?KAIAEAWCGAoACMAS@G@C@EDED_AvAEFWb@INCBCBC@SBeAVGBGBEBA@C@EBEBKH}ApAOJMFMFKDKBOBMBM@Q?m@EI?aBIsAEuBI}@KYMc@Wk@k@mBqBy@_A]_@UUEGW]GGiB}BMO]We@SUGQG_@EKAEAu@IGAGAOCOEICGCICq@[m@YGCOGOGIE]SGC]Ue@g@CCe@o@[g@CEWc@CEEIMWISOYWa@_@m@MS_@o@Ye@[q@Ue@EIa@}@Sc@u@aBa@aAEKPWBIHgB@]NqCP{DFBFDFJFJRWJ]@IGY??FXAHK\SVGKGKGEGC@m@N_DHmAH{@Ho@H]x@aCL[HUPg@Rm@v@mBx@yBQa@aD_I_@aA^`ArD`Jy@xBw@lBSl@Qf@ITMZy@`CI\In@Iz@IlAO~CAl@QzDOpCA\IfBCHQVDJ`@`At@`BRb@`@|@DHTd@Zp@Xd@^n@LR^l@V`@NXHRLVDHBDVb@BDZf@d@n@BBd@f@\TFB\RHDNFNFFBl@Xp@ZHBFBHBNDNBF@F@t@HD@J@^DPFTFd@R\VLNhB|BFFV\DFTT\^x@~@lBpBj@j@b@VXL|@JtBHrAD`BHH?l@DP?LALCNCJCJELGLGNK|AqAJIDCDCBA@ADCFCFCdAWRCBABCBCHOJNFDHDv@XJBH@F?F?H?FAFAHAHAHEHEJGJEHEFEBCDCDAJCJy@Be@Be@@c@@G?Q?k@?ICw@?]By@PeDNYFED?D?A\@X@\@TFh@D\BNFTHTL^DHd@hAFNBBLP@DHJHPBDBTHP@L?NCVG`@C\APALEp@Gz@O|BALAPAP?N?NBf@@JKDOBC?	Click to Generate
S4	20	1			3	Bit Of Everything (S4)	Travel & More (S4)	J W Young (Butchers) Ltd (S4)	1519	1139	{f{dI~cwG_@x@y@dBZd@TT|@v@hAeAIe@CIc@oBEOK[BIBCPENEREp@q@`@e@a@wALd@Rp@a@d@q@p@S\EDWVK[K]EOCMCMGq@Oa@Yo@_@i@]c@QU[a@m@u@CCK\Qn@?BCD[dAu@~BsAfEYi@AMCuHlAlBd@v@jAfBNP`@N\ZjAfBZd@TT|@v@hAeAIe@CIc@oBEOK[K]OZ	Click to Generate
S4	30	1			3	S. Ali's Off Licence (S4)	Busk Meadow Park (S4)	Norwood and Bishopsholme Community Centre (S4)	2530	1898	{u~dI~}~GLNPp@DEH@FFpAr@NeAR_BPeBHuA@]H}ABaADqB???mAAqAr@QXIl@OHGJGV[P[BX?PEdAAJEnACrAArAq@B]BO?oAFs@DO@M?yCN]@I?U@Y@G?oAJUBQ_AQcA[sA]kA_@_Ak@uAm@iATi@FKDENCf@KHAJCRCt@IHCJGbBgAF?LCLCPAHDFHXjALn@??Mo@YkAGIIE??Q@MBMBG?cBfAKFIBu@HSBKBI@g@JOBEDGJUh@l@hAj@tA^~@\jAZrAPbAP~@TCnAKF?XATAH?\AxCOL?NAr@EC`AI|AA\ItAQdBS~AOdAc@bCaBuAZeBQq@MO	Click to Generate
S4	20	1			3	Wood Hill Grange (S4)	Osgathorpe Park (S4)	Corner Cabin (S4)	1753	1315	qq}dIrvyGUaCQJE_@Cc@EUE_@Oy@]qApCeDAECS?Y@YDWPa@t@~A`A`B\|@@B`ArCRp@Z~@N`@HT|@nC^xA]c@ESEEEEMBq@t@Xv@h@~AgCzCKWw@{B@KdCsCp@u@LCDDDDDR\b@_@yA}@oCIUk@aBSq@aAsCAC]}@aAaBg@cAM[Q`@EVAX?XBR@DqCdD\pANx@D^DTBb@D^PKT`C	Click to Generate
S4	45	1			3	Northern General Hospital (S4)	Northern Perk (S4)	St Cuthberts (S4)	3403	2552	_o~dIdk{G???IBCFAH?FBB?R@H?F?DFJXDVPM\[JMHSL_@Ji@Fi@@i@?w@@o@Ac@AQC[E[Oa@O[MMQOOGMGY?I@MDMH}@f@aD~A_@RWNeAp@aAl@MJ]RKLSXGFKFEBIDKBY@M@s@@C?E?w@BU@CR?R?L?H?L?H@N@p@?V?t@?P@^B`C?PB|@@FBFJBdACfBED?v@GPAB?F?NHXH@?h@A\?N?JFHFFRFT?@HNJTR^JV\l@LVNVb@|@LTLTBDP\^t@DFVf@DF@DBBDJ^|@DH`@q@BG@ARYlAgCd@_AFKHUHYF]Da@\_DDm@@q@@sBAeB?]@s@Bo@Dg@DWHo@JoA@]@g@@_@@kB@uB?{@@mA?MAQAOEWMm@EUMg@EUKg@CIKUOYIOEIIOOg@Sa@aEiIUc@O]Ua@]u@GFgGpMGLCJ?JRlB\~CVCZCp@Cp@?rABjA@f@?AbAGjD?D?l@X?LFNFPNLLNZN`@DZBZ@P@b@An@?v@Ah@Gh@Kh@M^IRKL]ZQLEWKYEGG?I?SAC?ENEFM?CC?G	Click to Generate
S4	20	1			3	Wood Hill Lodge (S4)	Whiteways Primary School (S4)	Corner Cabin (S4)	2067	1550	mg}dIrqyGN`@HT|@nCVbAFTVz@bAbDx@jC~@pD|@dDH`@Hb@]f@\g@Ic@Ia@}@eD_AqDy@kCcAcDW{@_@yA}@oCIUk@aBSq@aAsCAC]}@aAaBu@_BQ`@EVAX?XBR@DqCdD\pANx@D^DTBb@D^PKT`CVxCBFD@EACGm@{GQJE_@Cc@EUE_@Oy@]qApCeDAECS?Y@YDWPa@LZf@bA`A`B\|@@B`ArCRp@Z~@	Click to Generate
S4	30	1			3	Whiteways Primary School (S4)	Osgathorpe Park (S4)	Corner Cabin (S4)	2794	2096	ye}dIjuyGY_AIUk@aBSq@aAsCAC]}@aAaBu@_BQ`@EVAX?XBR@DqCdD\pANx@D^DTBb@D^PKT`CVxCBFD@EACGm@{GQJE_@Cc@EUE_@Oy@]qApCeDAECS?Y@YDWPa@t@~A`A`B\|@@B`ArCRp@j@`BHT|@nC^xA]c@ESEEEEMBq@t@Xv@h@~AgCzCKWw@{B@KdCsCp@u@LCDDDDDR\b@_@yA}@oCIUk@aBSq@aAsCAC]}@aAaBu@_BUk@M[Qk@Mk@Ky@OcAM}@OeAT_@Pd@n@fBVl@Rh@n@zAa@pASl@LZf@bA`A`B\|@@B`ArCRp@j@`BHTX~@	Click to Generate
S4	20	1			3	Wood Hill Grange (S4)	Whiteways Primary School (S4)	Osgathorpe Park (S4)	1873	1405	}c}dI~yyGWcA}@oCIUOa@[_ASq@aAsCAC]}@aAaBu@_BQ`@EVAX?XBR@DqCdD\pANx@D^DTBb@D^PKT`CVxCBFD@EACGm@{GQJE_@Cc@EUE_@Oy@]qApCeDAECS?Y@YDWPa@t@~A`A`B\|@@B`ArCRp@j@`BHT|@nC^xA]c@ESEEEEMBq@t@Xv@h@~AgCzCKWw@{B@KdCsCp@u@LCDDDDDR\b@GU	Click to Generate
S4	30	1			3	Lana Pizza (S4)	Masjid Umar (S4)	St Cuthberts (S4)	2310	1732	i{}dIl`{GNIBABEFOcA{BQ]AEQ_@QWOSEGEEQS@]A[AQ?IIk@AOROSN@NHj@@Z@ZA\PRDDDFNRPVP^@DP\bAzBfA~B`BpD`@hARj@N`@HRN`@BHBJn@`Bn@bB`@lAlAmALOBG?G_@oAc@uAY_AEOIEIQq@kA}@hBLUn@sAp@jAHPHDDNX~@b@tA^nA?FCFMNmAlAa@mAo@cBo@aBCKCIOa@ISOa@Sk@a@iAaBqDgA_CcA{BQ]AEQ_@QWOSEGEEQSMQYWIGQS_@]Mm@EUMg@EUKg@CIKUOYIOEIIOOg@TVFFDBJLBRDTJd@BHJf@DTLf@DTLl@^\PRHFXVLPPRDDDFNRPVP^@DP\bAzBGNCDC@OH	Click to Generate
S4	20	1			3	Traditional Therapy (S4)	Aaliyah Mosque (S4)	Accelerate (S4)	1948	1461	ud{dI~cwG??EDWVK[K]EOCMCMGq@Oa@Yo@_@i@o@y@d@_CPL\TH]^Tc@dCCXGf@Xn@N`@Pd@L`@@JFXPENEREp@q@`@e@HI`@a@TSHSL_@DGHQBGNM@CFQDQJc@He@l@cDeBeAARSpCAF?D?D?DBxATCUB?CCuA?E?E?E@GRqC@SdBdAm@bDId@Kb@EPGPABAVAHCLINILKLSFURa@`@IHa@d@q@p@S\EDWVK[K]o@tAy@dBkAgB][a@OOQkAgBt@_CZeABE?CLe@BIJ]BBl@t@Z`@n@x@^h@Xn@N`@Pd@L`@@JFXPENERES\	Click to Generate
S4	20	1			3	New Roomstyle (S4)	Attercliffe News & Booze (S4)	Baltic Pearl (S4)	1541	1156	u~zdI~xvGCuA?E?E?E@GRqC@SdBdAm@bDId@Kb@EPGPABAVAHCLINILKLSFURa@`@IHa@d@q@p@S\EDWVK[K]EOCMCMGq@GQGOYo@_@i@o@y@[a@TcAMj@GVZ`@n@x@^h@GPWp@ELKZcAtCjAfBZd@TT|@v@d@c@b@a@Ie@CIc@oBEOK[BIBCPENEREp@q@`@e@HI`@a@TSHSL_@DGHQBGNM@CFQDQJc@He@l@cDeBeAARSpCAF?D?D?DBtA	Click to Generate
S4	15	1			3	Traditional Therapy (S4)	J W Young (Butchers) Ltd (S4)	Illusionz (S4)	1321	991	ym{dIzxvGBIJ]BBl@t@Z`@d@_CPL\TH]^Tc@dCCXGf@GPWp@ELKZcAtC][a@OOQkAgBe@w@mAmBBtH@LXh@rAgEjAfBNP`@N\ZjAfBZd@TT|@v@hAeAIe@CIWkAKc@EOK[K]EOCMCMGq@Oa@Yo@_@i@o@y@[a@m@u@CCK\CH	Click to Generate
S4	15	1			3	Lustrous Furniture (S4)	J W Young (Butchers) Ltd (S4)	Illusionz (S4)	1312	984	el{dI|xvGLNZ`@n@x@^h@JaATEp@OA]Ke@?G@GBM?CAOKGIGCTc@dCK`AGPWp@ELKZcAtC][a@OOQkAgBe@w@mAmBBtH@LXh@rAgEjAfBNP`@N\ZjAfBZd@TT|@v@hAeAIe@CIWkAKc@EOK[K]EOCMCMGq@Oa@Yo@_@i@o@y@[a@MO	Click to Generate
S4	45	1			3	PDSA (S4)	Eye of Needle (S4)	Colourcraft Limited (S4)	3731	2798	am|dIdxwGw@BKBEBCBc@`@u@wAWQIOS[GIYa@S]KUIOJYFQP_@LSVWl@oAR\Sd@??Re@S]m@nAQn@Ub@CFIPR\b@t@DFJBNCHI@?JMNMfA_CDIDGDADADAD@D@lBr@xGdCLD|@\@@JBfBz@hA^f@NhAd@|@Z_@vC{Ai@oAc@AAW_@WSYOm@?OX??NYl@?XNVRV^@@nAb@zAh@^wC}@[iAe@g@OiA_@gB{@KCAA}@]MEyGeCmBs@EAEAE@E@E@EFEHgA~BM`@GLABMHM@WBGIYa@KCKAI?G?O?QXu@`BgAdCkCbGXd@@B@@~@~ApBjDrBnD|FzJ~CxF~@qBv@gBeA}Az@qBDi@Bc@@W@u@@I@G@IBGa@q@S]GKIOO_@CIKq@Mc@Ms@WyAKa@K]Oc@Oe@]_Aa@s@KOaAoBa@y@b@a@BCDCJCv@C	Click to Generate
S4	20	1			3	Scott Road Store (S4)	Tea and Cakes (S4)	St. James Church (S4)	1631	1223	ky|dItc{GP`@y@xBw@lBSl@Qf@HNIOPg@FQJ[kAqCeAkCw@qB_AcCGHI\Ml@CRQDMHKFCHADCN?VBVFPb@jAb@dAJTKNt@zEBHDBD?DIp@gBdAqCjApCSl@Qf@ITMZy@`CI\In@Iz@IlAO~CAl@FBFDFJFJRWJ]@IGY??FXAHK\SVGKGKGEGC@m@N_DHmAH{@Ho@H]x@aCL[HUPg@Rm@v@mBx@yBQa@	Click to Generate
S4	45	1			3	Le Bon Vin (S4)	PDSA (S4)	J W Young (Butchers) Ltd (S4)	3528	2646	s~{dIx{wGNYl@?XNVRV^@@nAb@zAh@^wC}@[iAe@g@OiA_@gB{@KCAA}@]MEyGeCmBs@EAEAE@E@E@EFEHgA~BM`@GLABMH@XLh@t@vA`@x@`AnBJNPWBAPWUXQVKOaAoBa@y@u@wAWQIOS[GIYa@S]KUIOJYFQP_@LSVWl@oAR\Sd@??Re@S]Xo@f@eAv@gBdA}Br@aBJWXs@Tu@\eAb@kAfA{C`ByEJ[n@wBVu@DKL]^h@@BJLNTFHJP^h@FL`@p@j@|@R^LRBDBDV\nAfBx@dAZ^JP\^FFFHx@~@K\Qn@?BCD[dAu@~BsAfEYi@AMCuHlAlBd@v@jAfBNP`@N\ZjAfBGx@Q~BADIfBAt@i@rBg@hAk@|Ao@Ki@SgA]_@vC{Ai@oAc@AAW_@WSYOm@?OX	Click to Generate
S4	15	1			3	The Carlton Hotel (S4)	Bit Of Everything (S4)	J W Young (Butchers) Ltd (S4)	1401	1051	gi{dIn|vGZb@GPWp@ELKZcAtCjAfBZd@TT|@v@hAeAIe@CIc@oBAGCGK[BIBCPENEREp@q@`@e@a@wALd@Rp@a@d@q@p@S\EDWVK[K]o@tAy@dBkAgB][a@OOQkAgBe@w@mAmBBtH@LXh@rAgEt@_CZeABE?CPo@J]BBl@t@Z`@n@x@BD	Click to Generate
S4	30	1			3	New Roomstyle (S4)	J W Young (Butchers) Ltd (S4)	Aaliyah Mosque (S4)	2203	1652	ok{dItxvGGVZ`@n@x@^h@Xn@FNFPPd@L`@@JFXBh@DNb@nBBHHd@iAdA}@w@UU[e@kAgB][a@OOQkAgBe@w@mAmBBtH@LXh@rAgEt@_CZeABE?CPo@J]BBl@t@Z`@n@x@^h@Xn@N`@Pd@L`@@JFXPENEREp@q@`@e@HI`@a@TSHSL_@DGHQBGNM@CFQDQJc@He@l@cDeBeAARSpCAF?D?D?DBxATCUB?CCuA?E?E?E@GRqC@SdBdAm@bDId@Kb@EPGPABAVAHCLINILKLSFURa@`@IHa@d@q@p@S\EDWVK[K]EOCMCMGq@Oa@Yo@_@i@o@y@[a@FW	Click to Generate
S4	20	1			3	Traditional Therapy (S4)	Aaliyah Mosque (S4)	Accelerate (S4)	1959	1469	yc{dIvbwGGHS\EDWVK[K]EOCMCMGq@Oa@Yo@_@i@o@y@d@_CPL\TH]^Tc@dCCXGf@Xn@N`@Pd@L`@@JFXPENEREp@q@`@e@HI`@a@TSHSL_@DGHQBGNM@CFQDQJc@He@l@cDeBeAARSpCAF?D?D?DBxATCUB?CCuA?E?E?E@GRqC@SdBdAm@bDId@Kb@EPGPABAVAHCLINILKLSFURa@`@IHa@d@q@p@S\EDWVK[K]o@tAy@dBkAgB][a@OOQkAgBt@_CZeABE?CLe@BIJ]BBl@t@Z`@n@x@^h@Xn@N`@Pd@L`@@JFXPENEREFI	Click to Generate
S4	30	1			3	JBM Automotive (S4)	Wood Hill Lodge (S4)	Wood Hill Grange (S4)	2938	2204	sq|dItpyG???KAKCK_@i@S[EMCYCMIQ_BrDk@tArA`ClBbDh@uAJUJKHCLAJBNFLPtBxDMj@Lk@qAaCc@w@MQOGKCM@IBKJKTi@tAf@v@nBjDDHJRVd@Wt@a@fAGR_AlCIRm@bBSl@IVUr@KNIDIBYFG?a@@QCSUQYa@w@Se@Ic@Ia@}@eD_AqDy@kCcAcDW{@GUWcA}@oCIUOa@[_ASq@aAsCAC]}@aAaBu@_BUk@M[Qk@Mk@Ky@OcAM}@OeAT_@h@mAdAuBXx@@F|BzFfBxDrAbClArBT\BDdAlBjCpEfAjBDHj@uA~AsDHPBLBXDLRZ^h@BJ@J?J??	Click to Generate
S4	20	1			3	Premier Doors (S4)	Travel & More (S4)	Aaliyah Mosque (S4)	1807	1355	_e{dInkwGe@b@}@w@UU[e@kAgBbAuCJ[DMVq@FQXn@N`@Pd@BDHZ@JFXPENERES\EDWVK[K]EOCMCMGq@Oa@Yo@_@i@]c@QUd@_CPL\TH]^Tc@dCK`AXn@N`@Pd@L`@@JFXPENEREp@q@`@e@HI`@a@TSHSL_@DGHQBGNM@CFQDQJc@He@l@cDeBeAARSpCAF?D?D?DBxATCUB?CCuA?E?E?E@GRqC@SdBdAm@bDId@Kb@EPGPABAVAHCLINILKLSFURa@`@IHa@d@q@p@S\EDWVDNb@nBBHHd@c@`@	Click to Generate
S4	20	1			3	National Blinds (S4)	Aaliyah Mosque (S4)	J W Young (Butchers) Ltd (S4)	1770	1328	si{dI`|vGFF^h@Xn@N`@Pd@L`@@JFXPELE@?REp@q@`@e@HI`@a@TSHSL_@DGHQBGNM@CFQDQJc@He@l@cDeBeAARSpCAF?D?D?DBxATCUB?CCuA?E?E?E@GRqC@SdBdAm@bDId@Kb@EPGPABAVAHCLINILKLSFURa@`@IHa@d@q@p@S\EDWVK[K]o@tAy@dBkAgB][a@OOQkAgBe@w@mAmBBtH@LXh@rAgEt@_CZeABE?CPo@J]BBl@t@Z`@f@p@	Click to Generate
S4	15	1			3	Warty Lounge (S4)	Momento (S4)	J W Young (Butchers) Ltd (S4)	1434	1076	ab{dIv~vGRp@a@d@q@p@S\EDWVK[K]OZ_@x@y@dBkAgBbAuCJ[DMVq@FQJaAN{@RiA_@UI\]UQMe@~B[a@m@u@CCK\Qn@?BCD[dAu@~Be@w@mAmBBtH@LXh@rAgEt@_CZeABE?CPo@J]BBl@t@Z`@n@x@^h@Xn@N`@Pd@L`@@JFXPENEREp@q@`@e@Sq@	Click to Generate
S4	20	1			3	Norwood and Bishopsholme Community Centre (S4)	Shirecliffe Community Centre (S4)	Kaya Hair & Beauty (S4)	1888	1416	ev~dIp`~GMo@YkAGIIE??Q@MBMBG?cBfAKFIBu@HSBKBI@g@JOBEDGJUh@l@hAj@tA^~@\jAZrAPbAP~@TCnAKF?LAJ?TAH?\AxCOL?NAr@EDqB?mAAqA\ITGXIl@OHGJGV[P[BX?PEdAAJEnACrAArAq@B]BO?oAFs@DO@M?yCN]@I?U@Y@G?oAJUBQ_AQcA[sA]kA_@_Ak@uAm@iATi@FKDENCf@KHAJCRCt@IHCJGbBgAF?LCLCPAHDFHXjALn@	Click to Generate
S4	45	1			3	La Piazza (S4)	Eye of Needle (S4)	Colourcraft Limited (S4)	3559	2669	qn|dIhxwGG?KBEBCBc@`@u@wAWQIOS[GIYa@S]KUIOJYFQP_@LSVWHTBLD`@e@x@DK^m@FrAFn@HI@?JMNMfA_CDIDGDADADAD@D@lBr@xGdCLD|@\@@JBfBz@hA^f@NhAd@|@Z_@vC{Ai@oAc@AAW_@WSYOm@?OX??NYl@?XNVRV^@@nAb@zAh@^wC}@[iAe@g@OiA_@gB{@KCAA}@]MEyGeCmBs@EAEAE@E@E@EFEHgA~BM`@GLABMHM@WBGIYa@KCKAI?G?O?QXu@`BgAdCkCbGXd@@B@@~@~ApBjDrBnD|FzJ~CxF~@qBv@gBeA}Az@qBDi@Bc@@W@u@@I@G@IBGa@q@S]GKIOO_@CIKq@Mc@Ms@WyAKa@K]Oc@Oe@]_Aa@s@KOaAoBa@y@b@a@BCDCJCF?	Click to Generate
S4	45	1			3	La Piazza (S4)	City Motor Factors (S4)	Corner Cabin (S4)	3831	2873	y||dI`hxG_A_BAAACYe@jCcGfAeCt@aBJk@DINa@JYFQP_@LSVWHTBLD`@e@x@DK^m@FrAFn@@V@XLh@t@vAb@a@BCDCJCF?jAEJ?J@^H_@IKAK?sADKBEBCBc@`@u@wAWQIOS[GIYa@KCKAI?G?O?QXu@`BgAdCkCbGYe@mF_B_Be@MGKKIREL{@vBmBjEBF~@~BeAtBi@lAU^NdAL|@NbAJx@Lj@Pj@LZTj@LZf@bA`A`B\|@@B`ArCRp@j@`BHT|@nC^xAVz@bAbDx@jC~@pD|@dDH`@Hb@Rd@`@v@PXRTPB`@AF?XGHCHEJOTs@HWRm@l@cBHS~@mCFS`@gAVu@Ri@nF_PPa@Tg@Te@iEmH_DyF}F{JsBoDqBkD	Click to Generate
S4	30	1			3	Wood Hill Grange (S4)	Whiteways Primary School (S4)	Wood Hill Lodge (S4)	2619	1964	io}dIdbyGf@bA`A`B\|@@B`ArCRp@Z~@N`@HTt@y@u@x@IUk@aBSq@aAsCAC]}@aAaBu@_BQ`@EVAX?XBR@DqCdD\pANx@D^DTBb@D^PKT`CVxCBFD@EACGm@{GQJE_@Cc@EUE_@Oy@]qApCeDAECS?Y@YDWPa@t@~A`A`B\|@@B`ArCRp@j@`BHT|@nCVbAFTVz@bAbDx@jC~@pD|@dDH`@Hb@]f@\g@Ic@Ia@}@eD_AqDy@kCcAcDW{@_@yA}@oCIUk@aBSq@aAsCAC]}@aAaBg@cA	Click to Generate
S4	30	1			3	Masjid Umar (S4)	Masjid Noor (S4)	St. James Church (S4)	2293	1720	uq}dIb{{GAN?JFVLt@@DADEDSNCLAV\Ar@?l@?DBDDBJDCJETGPARAL?YcAEOk@uBSs@lAmALOBG?G_@oAc@uAY_AEOIEIQq@kA}@hBLUn@sAp@jAHPHDDNX~@b@tA^nA?FCFMNmAlARr@j@tBDNXbAM?S@Q@UFKDEBUNULb@dC??c@eCTMTODCJETGPARAL?Rn@d@zAz@|CZfAPh@n@tBPWBIHgB@]NqCP{DFBFDFJFJRWJ]@IGY??FXAHK\SVGKGKGEGCQzDOpCA\IfBCHQVo@uBQi@[gA{@}Ce@{ASo@M?S@Q@UFKDEBCKEEECm@?s@?]@@WBMRODE@EAEMu@GW?K@O	Click to Generate
S4	60	1			3	Steel sign for Kelham Island Museum (S4)	St. James Church (S4)	Scott Road Store (S4)	5353	4015	oqzdIfp~GPoARgBFg@@CBE@A@?BA@?PJL?NCJEAKAWAO?O?O@Q@Q@MN}BF{@Dq@@M@QB]Fa@[MSKICYMIEy@_@C?K?C@G@A@EBM@E?KAIAEAWCGAoACMAS@G@C@EDED_AvAEFWb@INCBCBC@SBeAVGBGBEBA@C@EBEBKH}ApAOJMFMFKDKBOBMBM@Q?m@EI?aBIsAEuBI}@KYMc@Wk@k@mBqBy@_A]_@UUEGW]GGiB}BMO]We@SUGQG_@EKAEAu@IGAGAOCOEICGCICq@[m@YGCOGOGIE]SGC]Ue@g@CCe@o@[g@CEWc@CEEIMWISOYWa@_@m@MS_@o@Ye@[q@Ue@EIa@}@Sc@u@aBa@aAEKPWBIHgB@]NqCP{DFBFDFJFJRWJ]@IGY??FXAHK\SVGKGKGEGC@m@N_DHmAH{@Ho@H]x@aCL[HUPg@FQJ[v@mBx@yBh@}ATu@b@oAj@Fd@JdAHvANbAJB?JBdBRVDP?HIHMBM??BKBYDaB@]Bm@?CBgA@[Bu@HGNIJCPCXj@rA|B|@`BFJNZDPBVDnA?L@ND|ADhABJDJHJd@X|Ax@DBtAp@HDd@XfAn@d@Z|BvA\TZRLJ@EBCBABABBBB@F?D?FCFCBC@?R?j@?X@T?DBNBNLb@FLVSDCHGVONGXGJ?LANAl@HJDJBl@XvBtAFBHDr@b@JH\TZP\R^JFDDBFFZ\LLBB`@f@RXb@`@XF@@DBFDB@d@XPHA`@CTAZGb@E`@I^I^ELa@rAANCR?JARAX?^@V?VDt@DJFXJb@BHNl@FPBL@F@J?VMn@QdAU~@IZEPCTCZAPARAPA\@X@\@TFh@D\BNFTHTL^DHd@hAFNBBLP@DHJHPBDBTHP@L?NCVG`@C\APALEp@Gz@O|BALAPAP?N?NBf@@JKDOBM?QKA?C@A?A@CDABGf@SfBQnA	Click to Generate
S4	60	1			3	Hillsborough Barracks Memorial (S4)	Watercliffe Meadow Community Primary School (S4)	S. Ali's Off Licence (S4)	8777	6583	{__eIvaaH?dBBD@N}@nB]v@GKSe@[k@k@gAYg@[i@i@y@GIo@_Aq@u@SYOzAMzAIpBC`BCrAGzF?B?NAzB@f@BZ@FNv@Jj@Nh@Rl@p@tAf@x@d@hA^lAXhAJh@Lh@n@lCX|AD\Lx@Hf@Ff@VjBv@hGHl@DZJp@D`@PtAFf@FZP|AJLFHRLF@j@Ul@Sb@Sn@Y|Ao@ZMbA]FCVKZKTIlAa@fBc@dAUDAFATE\Gj@MjASp@QFAt@St@Or@Sb@KFEXIVMXKHGJIJIHIBCPOEQCQ?YBc@@IFc@Jm@BSFS?I?O?W?]?SAWA_@Ce@AWAMCe@CSC_@Ec@CMCMEMQe@KWo@cBo@aBM[{BqFSe@IMGIEEGEIEICI?GAG@E@G@GBgC|AGDEDGFCDEHCDc@jAEDA@A?C?C?AAECi@m@EEACCG?G?G@I?CH]@M??ALI\?BAH?F?FBF@BDDh@l@DB@@B?B?@?@ADEb@kABEDIBEFGDEFEfC}AFCFADAFAF@H?HBHDFDDDFHHLRd@zBpFLZn@`Bn@bBJVPd@DLBLBLDb@B^BRBd@@L@VBd@@^@V?R?\?V?N?H@T?J?L@L@HD\HHDNBLDXBX?b@MNIJQPGDMFIFIDy@Zo@R{@Vk@Nu@Pc@NE@gAVcATy@PQDE?G@[FWFUDKB{@PoA^SFSFODMB_@LSHo@T]NOH_A^q@Xs@ZOD]Ru@ZUL[GCAMOCSEi@Q}AG[Gg@QuAEa@Kq@E[Im@w@iGWkBGg@Ig@My@E]Y}Ao@mCMi@Ki@YiA_@mAe@iAg@y@q@uASm@Oi@Kk@Ow@AGC[Ag@@{B?O?CF{FBsABaBHqBL{AN{AF]Ha@Pi@JYNWb@}@v@yAv@sAd@_AN_@Z_AP_Ap@{Et@{ENiAN_ADYBKVsBJ_ADk@Bk@?{@GgAXIrAc@J?N?JFJFhBtBZkAFW\eBaBuAZeBQq@MO??LNPp@DEH@FFpAr@NeAR_BPeBHuA@]H}ABaADqB???mAAqAr@QXIl@OHGJGV[P[BX?PEdAAJEnACrAArAq@B]BO?oAFs@DO@M?yCN]@I?U@Y@G?oAJUB_@Ji@Ra@R]Re@^o@r@Qb@IT?L?DBNBLNd@hAlB\f@\l@Vl@Pd@Lp@Jr@Hz@FfA?z@Cj@Ej@K~@WrBCJEXO~@OhAu@zEq@zEQ~@[~@O^e@~@w@rAw@xAc@|@OVKXQh@I`@G\RXp@t@n@~@FHh@x@Zh@Xf@j@fAZj@Rd@FJ\w@|@oBAOCE?eB	Click to Generate
S4	45	1			3	Le Bon Vin (S4)	PDSA (S4)	J W Young (Butchers) Ltd (S4)	3528	2646	s~{dIx{wGNYl@?XNVRV^@@nAb@zAh@^wC}@[iAe@g@OiA_@gB{@KCAA}@]MEyGeCmBs@EAEAE@E@E@EFEHgA~BM`@GLABMH@XLh@t@vA`@x@`AnBJNPWBAPWUXQVKOaAoBa@y@u@wAWQIOS[GIYa@S]KUIOJYFQP_@LSVWl@oAR\Sd@??Re@S]Xo@f@eAv@gBdA}Br@aBJWXs@Tu@\eAb@kAfA{C`ByEJ[n@wBVu@DKL]^h@@BJLNTFHJP^h@FL`@p@j@|@R^LRBDBDV\nAfBx@dAZ^JP\^FFFHx@~@K\Qn@?BCD[dAu@~BsAfEYi@AMCuHlAlBd@v@jAfBNP`@N\ZjAfBGx@Q~BADIfBAt@i@rBg@hAk@|Ao@Ki@SgA]_@vC{Ai@oAc@AAW_@WSYOm@?OX	Click to Generate
S4	20	1			3	Page Hall Medical Centre (S4)	Oasis Academy Fir Vale (S4)	St Cuthberts (S4)	1716	1287	{`~dIfzyG??GiBBABO@MUwAEWCUIFM@GCE^G`@Mf@O^CDKR?@SXSXCDMNLOBERYRYJUBEN_@Lg@w@Om@KGAQ`D?JANCZALCl@An@Br@Dn@Dh@Lr@L`AD\??Fp@JdA@LFd@BRDTJd@BHJf@DTLf@DTLl@^\PRHFERAF?F?t@AtC@Tm@F@uB?{@@mA?MAQAOEWMm@EUMg@EUKg@CIKUOYIOEIIOOg@Sa@aEiI`BkAdA_ALAD?@MB[@O?KPaDF@l@Jv@NFa@D_@By@BIFAFBDRD^CFBTDVTvAALCNC@FhB??	Click to Generate
S4	30	1			3	Jamia Masjid Ghausia (S4)	Fir Vale Academy (S4)	St Cuthberts (S4)	2806	2104	qh~dI`xyGq@c@[USOMb@KVMLSLSJk@TUJGFgGpMGLCJ?JRlB\~CVCZCp@Cp@?rABjA@f@?`A@|@?l@@v@BRDJMFG@EBI@I?UEUKg@CIKe@EUCSGe@AMKeAGq@E]MaAGc@EOEi@Eo@Cs@@o@Bm@@MB[@O?KPaDF@l@Jv@NFa@D_@By@BIFAFBDRD^CFBTDVTvAALCNC@AQYPHxBXO??GiBBABO@MUwAEWCUIFM@GCE^G`@w@Om@KGAQ`D?JANCZALCl@An@Br@Dn@Dh@Lr@L`AD\Fp@JdA@LFd@BRDTJd@BHJf@DTLf@DTLl@^\PRHFERAF?F?t@AtC@Tm@F@uB?{@@mA?MAQAOEWMm@EUMg@EUKg@CIKUOYIOEIIOOg@Sa@aEiIUc@O]Ua@]u@TKj@URKRMLMJWLc@RNZTp@b@	Click to Generate
S4	60	1			3	Wood Hill Lodge (S4)	Wood Hill Grange (S4)	All Days (S4)	4383	3287	yn|dI`yyGOGKCM@IBKJKTi@tAf@v@nBjDDHJRVd@Wt@a@fAGR_AlCIRm@bBSl@IVUr@KNIDIBYFG?a@@QCSUQYa@w@Se@Ic@Ia@}@eD_AqDy@kCcAcDW{@GUWcA}@oCIUOa@[_ASq@aAsCAC]}@aAaBu@_BUk@M[Qk@Mk@Ky@OcAM}@OeAT_@h@mAdAuBXx@@F|BzFfBxDrAbClArBT\BDdAlBjCpEfAjBDHrA`ClBbDf@v@nBjDDHJRVd@~@bBFHv@lAf@v@`AbBCx@Cd@Ct@AZCfA?BCl@A\E`BCXCJ??CLILIHQ?WEeBSKCC?cAKwAOeAIe@Kk@Gc@nAUt@i@|AQa@aD_I_@aA^`ArD`Jh@}ATu@b@oAj@Fd@JdAHvANbAJB?JBdBRVDP?HIHMBM??BKBYDaB@]Bm@?CBgA@[Bu@Be@By@aAcBg@w@w@mAGI_AcBWe@KSEIoBkDg@w@h@uAJUJKHCLAJBNF	Click to Generate
S4	20	1			3	Jamia Dar Ul Uloom Qadiria Jillania Centre (S4)	Oasis Academy Fir Vale (S4)	Fir Vale Academy (S4)	1504	1128	ab~dIltzGHHPRHFXVLPPRDDDFNRJWTc@HK@K?IEUDT?HAJ_@n@KVOSEGEEQSMQYWIGQS_@]Mm@EUMg@EUKg@CIKe@EUCSGe@AMKeAGq@??E]MaAMs@Ei@Eo@Cs@@o@Bm@@MB[@O?KPaDF@l@Jv@NFa@D_@By@BIFAFBDRD^CFBTDVTvAALCNC@AQYPHxBXO??GiBBABO@MUwAEWCUIFM@GCE^G`@w@Om@KGAQ`D?JANCZALCl@An@Br@Dn@Dh@Lr@L`AD\Fp@JdA@LFd@BRDTJd@BHJf@DTLf@DTLl@TR	Click to Generate
S4	60	1			3	E-ACT Parkwood Academy (S4)	Watercliffe Meadow Community Primary School (S4)	S. Ali's Off Licence (S4)	8577	6433	eh~dIb_bHALI\?BAH?F?FBF@BDDh@l@DB@@B?B?@?@ADEb@kABEDIBEFGDEFEfC}AFCFADAFAF@H?HBHDFDDDFHHLRd@zBpFLZn@`Bn@bBJVPd@DLBLBLDb@B^BRBd@@L@VBd@@^@V?R?\?V?N?H@T?J?L@L@HD\HHDNBLDXBX?b@MNIJQPGDMFIFIDy@Zo@R{@Vk@Nu@Pc@NE@gAVcATy@PQDE?G@[FWFUDKB{@PoA^SFSFODMB_@LSHo@T]NOH_A^q@Xs@ZOD]Ru@ZUL[GCAMOCSEi@Q}AG[Gg@QuAEa@Kq@E[Im@w@iGWkBGg@Ig@My@E]Y}Ao@mCMi@Ki@YiA_@mAe@iAg@y@q@uASm@Oi@Kk@Ow@AGC[Ag@@{B?O?CF{FBsABaBHqBL{AN{ARXp@t@n@~@FHh@x@Zh@Xf@j@fAZj@Rd@FJ\w@|@oBAOCE?eB???dBBD@N}@nB]v@GKSe@[k@k@gAYg@[i@i@y@hAoBj@cAHQP[Xg@l@cATe@DGPe@FOHWLc@Ps@Ha@BIL{@d@kCt@mFLgAPuABWH}@F]H_@Vy@r@_Cl@{BPu@ZkAFW\eBaBuAZeBQq@MO??LNPp@DEH@FFpAr@NeAR_BPeBHuA@]H}ABaADqB???mAAqAr@QXIl@OHGJGV[P[BX?PEdAAJEnACrAArAq@B]BO?oAFs@DO@M?yCN]@I?U@Y@G?oAJUB_@Ji@Ra@R]Re@^o@r@Qb@IT?L?DBNBLNd@hAlB\f@\l@Vl@Pd@Lp@Jr@Hz@FfA?z@Cj@Ej@K~@WrBCJEXO~@OhAu@zEq@zEQ~@[~@O^e@~@w@rAw@xAc@|@OVKXQh@I`@G\OzAMzAIpBC`BCrAGzF?B?NAzB@f@BZ@FNv@Jj@Nh@Rl@p@tAf@x@d@hA^lAXhAJh@Lh@n@lCX|AD\Lx@Hf@Ff@VjBv@hGHl@DZJp@D`@PtAFf@FZP|AJLFHRLF@j@Ul@Sb@Sn@Y|Ao@ZMbA]FCVKZKTIlAa@fBc@dAUDAFATE\Gj@MjASp@QFAt@St@Or@Sb@KFEXIVMXKHGJIJIHIBCPOEQCQ?YBc@@IFc@Jm@BSFS?I?O?W?]?SAWA_@Ce@AWAMCe@CSC_@Ec@CMCMEMQe@KWo@cBo@aBM[{BqFSe@IMGIEEGEIEICI?GAG@E@G@GBgC|AGDEDGFCDEHCDc@jAEDA@A?C?C?AAECi@m@EEACCG?G?G@I?CH]@M	Click to Generate
S4	15	1			3	Silver Pan (S4)	MyCigara (S4)	J W Young (Butchers) Ltd (S4)	1222	916	ae{dIpfwGKc@EOK[BIBCPENEREp@q@`@e@a@wALd@Rp@a@d@q@p@S\EDWVK[K]EOCMCMGq@Oa@Yo@GPEHQf@ELKZcAtC][a@OOQkAgBe@w@mAmBBtH@LXh@rAgEt@_CZeABE?CPo@J]BBl@t@Z`@n@x@^h@Xn@N`@Pd@L`@@JFXBh@DNJb@	Click to Generate
S4	20	1			3	Baltic Pearl (S4)	Attercliffe News & Booze (S4)	Aaliyah Mosque (S4)	1651	1238	qf{dIfawG@BL`@@JFXBh@DNb@nBBHHd@c@`@e@b@}@w@UU[e@kAgBbAuCJ[DMVq@FQ_@i@o@y@[a@TcAMj@GVZ`@n@x@^h@Xn@N`@Pd@L`@@JFXPENEREp@q@`@e@HI`@a@TSHSL_@DGHQBGNM@CFQDQJc@He@l@cDeBeAARSpCAF?D?D?DBxATCUB?CCuA?E?E?E@GRqC@SdBdAm@bDId@Kb@EPGPABAVAHCLINILKLSFURa@`@IHa@d@q@p@S\EDWVK[K]EOCMCMGq@N`@	Click to Generate
S4	15	1			3	Accelerate (S4)	Warty Lounge (S4)	Bit Of Everything (S4)	1253	940	cr{dIx~vGd@v@t@_CZeABE?CLe@BIJ]BBl@t@Z`@n@x@^h@Xn@N`@Pd@L`@@JFXPENERES\EDWVK[K]OZ_@x@y@dBZd@TT|@v@hAeAIe@CIc@oBEOK[BIBCPENEREp@q@`@e@a@wALd@Rp@a@d@q@p@S\EDWVK[K]o@tAy@dBkAgB][a@OOQkAgBe@w@	Click to Generate
S4	30	1			3	Global Hair & Beauty (S4)	Oasis Academy Fir Vale (S4)	Masjid Umar (S4)	2380	1785	c}}dIvvzGUb@KVOSEGEEQSMQYWIGQSIIUSMm@EUMg@EUKg@CI[o@IOEIIOOg@Sa@aEiI`BkAdA_ALAD?Cl@An@Br@Dn@Dh@Lr@L`AD\??Fp@JdA@LFd@BRDTJd@BHJf@DTLf@DTLl@^\PRHFXVLPPRDDDFNRPVP^@DP\bAzBfA~B`BpD`@hARj@N`@HRN`@BHBJn@`Bn@bB`@lAlAmALOBG?G_@oAc@uAY_AEOIEIQq@kA}@hBLUn@sAp@jAHPHDDNX~@b@tA^nA?FCFMNmAlAa@mAo@cBo@aBCKCIOa@ISOa@Sk@a@iAaBqDgA_CcA{BQ]AEQ_@QWJWTc@	Click to Generate
S4	30	1			3	Fir Vale Pharmacy (S4)	St Cuthberts (S4)	Fir Vale Academy (S4)	2388	1791	_g~dIdbzGEOEi@Eo@Cs@@o@Bm@@MB[@O?KPaDDw@Dy@mAmA}@tD]~ARNZTp@b@TPgAu@[USOMb@KVMLSLSJk@TUJGFgGpMGLCJ?JRlB\~CVCZCp@Cp@?rABjA@f@?`A@|@?l@@v@BRDJMFG@EBI@I?UEUKg@CIKUOYIOEIIOOg@Sa@aEiI`BkAdA_ALAD?@MB[@O?KPaDF@l@Jv@NFa@D_@By@BIFAFBDRD^CFBTDVTvAALCNC@AQYPHxBXO??GiBBABO@MUwAEWCUIFM@GCE^G`@w@Om@KGAQ`D?JANCZALCl@An@Br@Dn@Dh@DN	Click to Generate
S4	60	1			3	Awesome Walls Sheffield (S4)	Wood Hill Lodge (S4)	All Days (S4)	4666	3500	gm|dIj{yGc@w@MQOGKCM@IBKJKTi@tAmBcDsAaCj@uA~AsDHPBLBXDLRZ^h@BJ@J?J??Wt@AJ@F`@p@a@q@AG@KVu@?KAKCK_@i@S[EMCYCMIQ_BrDk@tAEIgAkBkCqEeAmBCEU]mAsBsAcCgByD}B{FAGYy@eAtBi@lAU^NdAL|@NbAJx@Lj@Pj@LZTj@t@~A`A`B\|@@B`ArCRp@j@`BHT|@nCVbAFTVz@bAbDx@jC~@pD|@dDH`@Hb@Rd@`@v@PXRTPB`@AF?XGHCHEJOTs@HWRm@l@cBHS~@mCFS`@gAVu@~@bBFHv@lAf@v@`AbBCx@Cd@Ct@AZCfA?BCl@A\E`BCXCJ??CLILIHQ?WEeBSKCC?cAKwAOeAIe@Kk@Gc@nAUt@i@|AQa@aD_I_@aA^`ArD`Jh@}ATu@b@oAj@Fd@JdAHvANbAJB?JBdBRVDP?HIHMBM??BKBYDaB@]Bm@?CBgA@[Bu@Be@By@aAcBg@w@w@mAGI_AcBWe@KSEIoBkDg@w@h@uAJUJKHCLAJBNFLPb@v@	Click to Generate
S4	20	1			3	MyCigara (S4)	Baltic Pearl (S4)	J W Young (Butchers) Ltd (S4)	1527	1145	ab{dIv~vGRp@a@d@q@p@S\EDWVK[K]o@tAy@dBkAgBbAuCJ[DMPg@DIFQXn@N`@Pd@L`@@JFXBh@DNb@nBBHHd@c@`@e@b@}@w@UU[e@kAgB][a@OOQkAgBe@w@mAmBBtH@LXh@rAgEt@_CZeABE?CPo@J]BBl@t@Z`@n@x@^h@Xn@N`@Pd@L`@@JFXPENEREp@q@`@e@Sq@	Click to Generate
S4	45	1			3	Busk Meadow Park (S4)	Shirecliffe Community Centre (S4)	Norwood and Bishopsholme Community Centre (S4)	3337	2503	_n~dI|g~G]H@pA?lAEpBs@DO@M?yCN]@I?U@Y@G?oAJUBQ_AQcA[sA]kA_@_Ak@uAm@iATi@FKDENCf@KHAJCRCt@IHCJGbBgAF?LCLCPAHDFHXjALn@??Mo@YkAGIIEQ@MBMBG?cBfAKFIBu@HSBKBI@g@JOBEDGJUh@l@hAj@tA^~@\jAZrAPbAP~@TCnAKF?LAJ?TAH?\AxCOL?NAr@EnAGN?BlCCmCO?oAFs@DO@M?yCN]@I?U@Y@G?oAJUBQ_AQcA[sA]kA_@_Ak@uAm@iATi@FKDENCf@KHAJCRCt@IHCJGbBgAF?LCLCPA??HDFHXjALn@Mo@YkAGIIEQ@MBMBG?cBfAKFIBu@HSBKBI@g@JOBEDGJUh@l@hAj@tA^~@\jAZrAPbAP~@TCnAKF?XATAH?\AxCOL?NAr@EDqB?mAAqA\I	Click to Generate
S4	60	1			3	St. James Church (S4)	Scott Road Store (S4)	All Days (S4)	5891	4418	eqzdIvn~GF_@RgBFg@@CBE@A@?BA@?PJL?NCJEAKCg@?O?O@Q@Q@MN}BF{@Dq@@M@QB]Fa@[MSKICYMIEy@_@C?K?C@G@A@EBM@E?KAIAEAWCGAoACMAS@G@C@EDED_AvAEFWb@INCBCBC@SBeAVGBGBEBA@C@EBEBKH}ApAOJMFMFKDKBOBMBM@Q?m@EI?aBIsAEuBI}@KYMc@Wk@k@mBqBy@_A]_@UUEGW]GGiB}BMO]We@SUGQG_@EKAEAu@IGAGAOCOEICGCICq@[m@YGCOGOGIE]SGC]Ue@g@CCe@o@[g@CEWc@CEEIMWISOYWa@_@m@MS_@o@Ye@[q@Ue@EIa@}@Sc@u@aBa@aAEKPWBIHgB@]NqCP{DFBFDFJFJRWJ]@IGY??FXAHK\SVGKGKGEGC@m@N_DHmAH{@Ho@H]x@aCL[HUPg@FQJ[v@mBx@yBQa@aD_I_@aA^`ArD`Jy@xBw@lBSl@Qf@ITMZy@`CI\In@Iz@IlAO~CAl@QzDOpCA\IfBCHQVDJ`@`At@`BRb@`@|@DHTd@Zp@Xd@^n@LR^l@V`@NXHRLVDHBDVb@BDZf@d@n@BBd@f@\TFB\RHDNFNFFBl@Xp@ZHBFBHBNDNBF@F@t@HD@J@^DPFTFd@R\VLNhB|BFFV\DFTT\^x@~@lBpBj@j@b@VXL|@JtBHrAD`BHH?l@DP?LALCNCJCJELGLGNK|AqAJIDCDCBA@ADCFCFCdAWRCBABCBCHOJNFDHDv@XJBH@F?F?H?FAFAHAHAHEHEJGJEHEFEBCDCDAJCJy@Be@Be@@c@@G?Q?k@?ICw@?]By@PeDNYFED?D?A\@X@\@TFh@D\BNFTHTL^DHd@hAFNBBLP@DHJHPBDBTHP@L?NCVG`@C\APALEp@Gz@O|BALAPAP?N?NBf@@JKDOBM?QKA?C@A?A@CDABGf@SfBG^	Click to Generate
S4	20	1			3	Jamia Dar Ul Uloom Qadiria Jillania Centre (S4)	Oasis Academy Fir Vale (S4)	Fir Vale Academy (S4)	1504	1128	ac~dIzrzGH\^\PRHFXVLPPRDDDFNRJWTc@HK@K?IEUDT?HAJ_@n@KVOSEGEEQSMQYWIGQS_@]Mm@EUMg@EUKg@CIKe@EUCSGe@AMKeAGq@??E]MaAMs@Ei@Eo@Cs@@o@Bm@@MB[@O?KPaDF@l@Jv@NFa@D_@By@BIFAFBDRD^CFBTDVTvAALCNC@AQYPHxBXO??GiBBABO@MUwAEWCUIFM@GCE^G`@w@Om@KGAQ`D?JANCZALCl@An@Br@Dn@Dh@Lr@L`AD\Fp@JdA@LFd@BRDTJd@BHJf@DTLf@DTBN	Click to Generate
S4	20	1			3	The Carlton Hotel (S4)	Accelerate (S4)	Aaliyah Mosque (S4)	1808	1356	mg{dIj{vGQDK`AXn@N`@Pd@L`@@JFXBh@BF@Fb@nBBHHd@iAdA}@w@UU[e@kAgB][a@OOQkAgBt@_CZeABE?CLe@BIJ]BBl@t@Z`@n@x@^h@Xn@N`@Pd@L`@@JFXPENEREp@q@`@e@HI`@a@TSHSL_@DGHQBGNM@CFQDQJc@He@l@cDeBeAARSpCAF?D?D?DBxATCUB?CCuA?E?E?E@GRqC@SdBdAm@bDId@Kb@EPGPABAVAHCLINILKLSFURa@`@IHa@d@q@p@S\EDWVK[K]EOCMCMGq@Oa@Yo@JaAPE	Click to Generate
S4	45	1			3	City Motor Factors (S4)	Colourcraft Limited (S4)	Eye of Needle (S4)	3450	2588	kt|dIlqwG^m@FrAFn@@V@XLh@t@vAb@a@BCDCJCF?jAEJ?J@^H_@IKAK?sADKBEBCBc@`@u@wAWQIOS[GIYa@KCKAI?G?O?QXu@`BgAdCkCbGXd@@B@@pDjGu@jBh@|@i@}@t@kBqBkD_A_BAAACYe@jCcGfAeCt@aBJk@DINa@JYFQP_@LSVWHTBLD`@FrAFn@HI@?JMNMfA_CDIDGDADADAD@D@lBr@xGdCLD|@\@@JBfBz@hA^f@NhAd@|@Z_@vC{Ai@oAc@AAW_@WSYOm@?OX??NYl@?XNVRV^@@nAb@zAh@^wC}@[iAe@g@OiA_@gB{@KCAA}@]MEyGeCmBs@EAEAE@E@E@EFEHgA~BM`@GLABMHM@WBGIYa@S]KUIOJYFQP_@LSVWHTBLD`@_@l@	Click to Generate
S4	20	1			3	St Cuthberts (S4)	Yours Food and Wine (S4)	Oasis Academy Fir Vale (S4)	1674	1256	u_~dIptzG@P@ZA\MQYWIGQS_@]Mm@EUMg@EUKg@CIKUOYIOEIIOOg@TVFFDBJLBRDTJd@BHJf@DTLf@DTLl@^\PRHFXVLPPRDDDFNRPVP^@DP\bAzBGNCDC@OHIDi@ViAh@q@\y@^C@AA@]@g@@_@@kB@uB?{@@mA?MAQAOEWMm@EUMg@EUKg@CI[o@IOEIIOOg@Sa@aEiI`BkAdA_ALAD?Cl@An@Br@Dn@Dh@Lr@L`AD\??Fp@JdA@LFd@BRDTJd@BHJf@DTLf@DTLl@^\PRHFXVLP@]A[AQ	Click to Generate
S4	45	1			3	La Piazza (S4)	Eye of Needle (S4)	Colourcraft Limited (S4)	3508	2631	ml|dIv~wGC@QVKOaAoBa@y@u@wAWQIOS[GIYa@S]KUIOJYFQP_@LSVWHTBLD`@e@x@DK^m@FrAFn@HI@?JMNMfA_CDIDGDADADAD@D@lBr@xGdCLD|@\@@JBfBz@hA^f@NhAd@|@Z_@vC{Ai@oAc@AAW_@WSYOm@?OX??NYl@?XNVRV^@@nAb@zAh@^wC}@[iAe@g@OiA_@gB{@KCAA}@]MEyGeCmBs@EAEAE@E@E@EFEHgA~BM`@GLABMHM@WBGIYa@KCKAI?G?O?QXu@`BgAdCkCbGXd@@B@@~@~ApBjDrBnD|FzJ~CxF~@qBv@gBeA}Az@qBDi@Bc@@W@u@@I@G@IBGa@q@S]GKIOO_@CIKq@Mc@Ms@WyAKa@K]Oc@Oe@]_Aa@s@PWBA	Click to Generate
S4	20	1			3	Adept Afro Hair & Beauty (S4)	Illusionz (S4)	Aaliyah Mosque (S4)	1655	1241	ig{dIj{vGUDK`A_@i@o@y@[a@MO_@e@CCK\Qn@?BCD[dAu@~BjAfBNP`@N\ZjAfBZd@TT|@v@hAeAIe@CIWkAKc@EOK[BIBCPENEREp@q@`@e@HI`@a@TSHSL_@DGHQBGNM@CFQDQJc@He@l@cDeBeAARSpCAF?D?D?DBxATCUB?CCuA?E?E?E@GRqC@SdBdAm@bDId@Kb@EPGPABAVAHCLINILKLSFURa@`@IHa@d@q@p@S\EDWVK[K]EOCMCMGq@Oa@Yo@JaATE	Click to Generate
S4	20	1			3	Bit Of Everything (S4)	Beauty Beneath (S4)	J W Young (Butchers) Ltd (S4)	1519	1139	eg{dIrdwGUd@y@dBZd@TT|@v@hAeAIe@CIc@oBEOK[BIBCPENEREp@q@`@e@a@wALd@Rp@a@d@q@p@S\EDWVK[K]EOCMCMGq@Oa@Yo@_@i@GGg@q@[a@m@u@CCK\Qn@?BCD[dAu@~BsAfEYi@AMCuHlAlBd@v@jAfBNP`@N\ZjAfBZd@TT|@v@hAeAIe@CIc@oBEOK[K]Yn@	Click to Generate
S4	20	1			3	Attercliffe News & Booze (S4)	Baltic Pearl (S4)	Aaliyah Mosque (S4)	1733	1300	yf{dIt`wGHTL`@@JFXPENERES\EDWVK[K]EOCMCMGq@Oa@Yo@_@i@o@y@[a@TcAMj@GVZ`@n@x@^h@GPWp@ELKZcAtCjAfBZd@TT|@v@d@c@b@a@Ie@CIc@oBEOK[BIBCPENEREp@q@`@e@HI`@a@TSHSL_@DGHQBGNM@CFQDQJc@He@l@cDeBeAARSpCAF?D?D?DBxATCUB?CCuA?E?E?E@GRqC@SdBdAm@bDId@Kb@EPGPABAVAHCLINILKLSFURa@`@IHa@d@q@p@S\EDWVK[K]EOCMCMGq@FN	Click to Generate
S4	20	1			3	Crabtree Ponds (S4)	St. James Church (S4)	Masjid Umar (S4)	1894	1420	ym}dIlf|Gc@eCTMTOCKEEECm@?s@?]@@WBMRODE@EAEMu@GW?K@O@MFKGJAL??AN?JFVLt@@DADEDSNCLAV\Ar@?l@?DBDDBJDCJETGPARAL?Rn@d@zAz@|CZfAPh@n@tBPWBIHgB@]NqCP{DFBFDFJFJRWJ]@IGY??FXAHK\SVGKGKGEGC@m@MIGGGM_EaNe@}AmBPKAIEIQq@kA}@hBLUn@sAp@jAHPHDDNX~@b@tA^nA?FCFMNmAlARr@j@tBDNXbAM?S@Q@UFKDEBUNULb@dC	Click to Generate
S4	45	1			3	Crabtree Ponds (S4)	Tea and Cakes (S4)	Yours Food and Wine (S4)	3950	2962	oq}dI`m{Gn@sAp@jAHPHDDNX~@b@tA^nA?FCFMNmAlARr@j@tBDNXbAM?S@Q@UFKDEBCKEEECm@?s@?]@@WBMRODE@EAEMu@GW?K@O@MFKGJAL??AN?JFVLt@@DADEDSNCLAV\Ar@?l@?DBDDBJDCJETGPARAL?Rn@d@zAz@|CZfAPh@n@tBPWBIHgB@]NqCP{D@m@N_DHmAH{@Ho@H]x@aCL[HUPg@Rm@kAqCeAkCw@qB_AcCGHI\Ml@CRQDMHKFCHADCN?VBVFPb@jAb@dAJTKNt@zEBHDBD?DIp@gBdAqCjApCSl@Qf@ITMZy@`CI\In@Iz@IlAO~CAl@QzDOpCA\IfBCHQVo@uBQi@[gA{@}Ce@{ASo@YcAEOk@uBSs@a@mAo@cBo@aBCKCIOa@ISUNwB~AI@{@yDoBaIh@WHENIBABEFOfA~B`BpD`@hARj@N`@HRN`@BHBJn@`Bn@bB`@lAlAmALOBG?G_@oAc@uAY_AEOIEIQq@kAo@rA	Click to Generate
S4	15	1			3	The Dream Lounge (S4)	J W Young (Butchers) Ltd (S4)	Illusionz (S4)	1333	1000	_l{dIdyvGFFZ`@n@x@^h@Tf@BFN`@Pd@L`@@JFXBh@DNb@nBBHHd@iAdA}@w@UU[e@kAgB][a@OOQkAgBe@w@mAmBBtH@LXh@rAgEjAfBNP`@N\ZjAfBZd@TT|@v@hAeAIe@CIWkAKc@EOK[K]EOCMCMGq@Oa@Yo@_@i@o@y@[a@GG	Click to Generate
S4	45	1			3	Busk Meadow Park (S4)	Shirecliffe Community Centre (S4)	Norwood and Bishopsholme Community Centre (S4)	3266	2450	{n~dI~i~G?X?lAEpBs@DO@M?yCN]@I?U@Y@G?oAJUBQ_AQcA[sA]kA_@_Ak@uAm@iATi@FKDENCf@KHAJCRCt@IHCJGbBgAF?LCLCPAHDFHXjALn@??Mo@YkAGIIEQ@MBMBG?cBfAKFIBu@HSBKBI@g@JOBEDGJUh@l@hAj@tA^~@\jAZrAPbAP~@TCnAKF?LAJ?TAH?\AxCOL?NAr@EnAGN?BlCCmCO?oAFs@DO@M?yCN]@I?U@Y@G?oAJUBQ_AQcA[sA]kA_@_Ak@uAm@iATi@FKDENCf@KHAJCRCt@IHCJGbBgAF?LCLCPA??HDFHXjALn@Mo@YkAGIIEQ@MBMBG?cBfAKFIBu@HSBKBI@g@JOBEDGJUh@l@hAj@tA^~@\jAZrAPbAP~@TCnAKF?XATAH?\AxCOL?NAr@EDqB?mA?Y	Click to Generate
S4	20	1			3	Warty Lounge (S4)	Bit Of Everything (S4)	J W Young (Butchers) Ltd (S4)	1619	1214	og{dItyvGOz@K`AXn@N`@Pd@L`@@JFXPENERES\EDWVK[K]OZ_@x@y@dBZd@TT|@v@hAeAIe@CIc@oBEOK[BIBCPENEREp@q@`@e@a@wALd@Rp@a@d@q@p@S\EDWVK[K]EOCMCMGq@Oa@Yo@_@i@o@y@[a@m@u@CCK\Qn@?BCD[dAu@~BsAfEYi@AMCuHlAlBd@v@jAfBNP`@N\ZbAuCJ[DMVq@FQJaAN{@	Click to Generate
S4	20	1			3	Baltic Pearl (S4)	Attercliffe News & Booze (S4)	Aaliyah Mosque (S4)	1651	1238	of{dIjawG??L`@@JFXBh@DNb@nBBHHd@c@`@e@b@}@w@UU[e@kAgBbAuCJ[DMVq@FQ_@i@o@y@[a@TcAMj@GVZ`@n@x@^h@Xn@N`@Pd@L`@@JFXPENEREp@q@`@e@HI`@a@TSHSL_@DGHQBGNM@CFQDQJc@He@l@cDeBeAARSpCAF?D?D?DBxATCUB?CCuA?E?E?E@GRqC@SdBdAm@bDId@Kb@EPGPABAVAHCLINILKLSFURa@`@IHa@d@q@p@S\EDWVK[K]EOCMCMGq@Pd@	Click to Generate
S4	15	1			3	Illusionz (S4)	Silver Pan (S4)	J W Young (Butchers) Ltd (S4)	1415	1061	yh{dIn~vGQf@ELKZcAtCjAfBZd@TT|@v@hAeAIe@CIWkAKc@EOK[BIBCPENEREp@q@`@e@a@wALd@Rp@a@d@q@p@S\EDWVK[K]EOCMCMGq@Oa@Yo@_@i@o@y@[a@m@u@CCK\Qn@?BCD[dAu@~BsAfEYi@AMCuHlAlBd@v@jAfBNP`@N\ZbAuCJ[DMPg@	Click to Generate
S4	20	1			3	Yours Food and Wine (S4)	Oasis Academy Fir Vale (S4)	Fir Vale Academy (S4)	1866	1400	m`~dIrrzGJG@NHj@@Z@ZA\PRDDDFNRPVP^@DP\bAzBGNCDC@OHIDi@ViAh@q@\y@^C@AA@]@g@@_@@kB@uB?{@@mA?MAQAOEWMm@EUMg@EUKg@CIKe@EUCSGe@AMKeAGq@??E]MaAMs@Ei@Eo@Cs@@o@Bm@@MB[@O?KPaDF@l@Jv@NFa@D_@By@BIFAFBDRD^CFBTDVTvAALCNC@AQYPHxBXO??GiBBABO@MUwAEWCUIFM@GCE^G`@w@Om@KGAQ`D?JANCZALCl@An@Br@Dn@Dh@Lr@L`AD\Fp@JdA@LFd@BRDTJd@BHJf@DTLf@DTLl@^\PRHFXVLP@]A[A[Ik@AOKF	Click to Generate
S4	30	1			3	Beauty Beneath (S4)	Aaliyah Mosque (S4)	J W Young (Butchers) Ltd (S4)	2242	1682	wd{dIfcwG@?RES\EDWVK[K]EOCMCMGq@Oa@Yo@_@i@GGg@q@d@_CPL\TH]^Tc@dCK`AXn@N`@Pd@L`@@JFXPENEREp@q@`@e@HI`@a@TSHSL_@DGHQBGNM@CFQDQJc@He@l@cDeBeAARSpCAF?D?D?DBxATCUB?CCuA?E?E?E@GRqC@SdBdAm@bDId@Kb@EPGPABAVAHCLINILKLSFURa@`@IHa@d@q@p@S\EDWVK[K]o@tAy@dBkAgB][a@OOQkAgBe@w@mAmBBtH@LXh@rAgEt@_CZeABE?CPo@J]BBl@t@Z`@n@x@^h@Xn@N`@Pd@L`@@JFXPELE	Click to Generate
S4	20	1			3	Attercliffe News & Booze (S4)	Aaliyah Mosque (S4)	Baltic Pearl (S4)	1593	1195	ig{dIr_wGGOYo@_@i@o@y@[a@TcAMj@GVZ`@n@x@^h@Xn@N`@Pd@L`@@JFXPENEREp@q@`@e@HI`@a@TSHSL_@DGHQBGNM@CFQDQJc@He@l@cDeBeAARSpCAF?D?D?DBxATCUB?CCuA?E?E?E@GRqC@SdBdAm@bDId@Kb@EPGPABAVAHCLINILKLSFURa@`@IHa@d@q@p@S\EDWVDNb@nBBHHd@c@`@e@b@}@w@UU[e@kAgBbAuCJ[DMVq@FQXn@FN	Click to Generate
S4	60	1			3	WHSmith (S4)	Northern Perk (S4)	Norwood Grange Care Home (S4)	4538	3404	_v~dIpy{G?@HNJTR^JV\l@LVNVb@|@LTLTBDP\^t@DFVf@DF@DBBd@hADH`@q@BG@ARYlAgCd@_AFKHUHYF]Da@\_DDm@@q@@sBAeB?]@s@Bo@Dg@DWHo@JoA@]@g@@_@@kB@uB?{@@mA?MAQAOEWUQOICCSESEw@Cm@A}@?aAAAbAGjD?D?l@X?LFNFPNLLNZN`@DZBZ@P@b@An@?v@Ah@Gh@Kh@M^IRKL]ZQLEWKYEGG?I?SAC?ENEFM?CC?G???IBCFAH?FBB?R@H?F?DFJXDVPM\[JMHSL_@Ji@Fi@@i@?w@@o@Ac@AQC[E[Oa@O[MMQOOGMGY??m@?EFkD@cA`A@|@?l@@v@BRDRDBBNHTPDV@N@P?LAlA?z@AtBAjBA^Af@A\KnAIn@EVEf@Cn@Ar@?\@dBArBAp@El@]~CE`@G\IXITGJe@~@mAfCKf@Uj@EFEJMQEIe@iACCAEEGWg@Wd@gAuBTg@LTBDP\^t@DFVf@DF@DBBDJ^|@DHLPGLEHKTIPWd@[`@SPa@Ts@r@w@v@q@l@y@p@YX[`@U\q@|Aa@|@Ud@g@dAMQg@u@a@o@_@k@UQE?]GsBYGCJ_AJw@LDFAJCFBtBdAA@UpATP^j@`@n@f@t@LPf@eATe@`@}@p@}AT]Za@XYx@q@p@m@v@w@r@s@d@u@R]FMb@w@DGR_@EIe@iACCAEEGWg@EG_@u@Q]CEMUMUc@}@OWMW]m@KWS_@KUIO?A	Click to Generate
S4	45	1			3	Northern General Hospital (S4)	Sheffield GP Collaborative (Out of Hours Service) (S4)	Norwood Grange Care Home (S4)	4032	3024	gm~dI`h|GEKCCAEEGWg@EG_@u@Q]CEMUMUc@}@OWMW]m@KWS_@KUIO?AGUGSIGKGO?]?i@@A?_@FuAZO@E?qA@sA?MAEM?ODKCGAGC}@?QCaCA_@?Q?u@?WAq@AO?I?M?I?M?SBSTAv@CD?B?r@ALAXAJCHEDCJGFGRYJM\SLK`Am@dAq@VO^S`D_B|@g@LILEHAX?LFNFPNLLNZN`@DZBZ@P@b@An@?v@Ah@Gh@Kh@M^IRKL]ZQLMJUNa@EGAC@CBANK\SBETSHRIDURCJ]@OBCBAF@`@D@ARMLKPM\[JMHSL_@Ji@Fi@@i@?w@@o@Ac@AQC[E[Oa@O[MMQOOGMGY??m@?EFkD@cA`A@|@?l@@v@BRDRDBBNHTPDV@N@P?LAlA?z@AtBAjBA^Af@A\KnAIn@EVEf@Cn@Ar@?\@dBArBAp@El@]~CE`@G\IXITGJe@~@mAfCKf@Uj@EFEJGLEHKTIPWd@[`@SPa@Ts@r@w@v@q@l@y@p@YX[`@U\q@|Aa@|@Ud@g@dAMQg@u@a@o@_@k@UQE?]GsBYGCJ_AJw@LDFAJCFBtBdAA@UpATP^j@`@n@f@t@LPf@eATe@`@}@p@}AT]Za@XYx@q@p@m@v@w@r@s@d@u@R]FMb@w@DGR_@EI_@}@	Click to Generate
S4	20	1			3	Busk Meadow Park (S4)	Kaya Hair & Beauty (S4)	Shirecliffe Community Centre (S4)	1888	1416	_x~dId|}G??HDFHXjALn@??Mo@YkAGIIEQ@MBMBG?cBfAKFIBu@HSBKBI@g@JOBEDGJUh@l@hAj@tA^~@\jAZrAPbAP~@TCnAKF?XATAH?\AxCOL?NAr@EDqB?mAAqA\ITGXIl@OHGJGV[P[BX?PEdAAJEnACrAArAq@B]BO?oAFs@DO@M?yCN]@I?U@K?M@G?oAJUBQ_AQcA[sA]kA_@_Ak@uAm@iATi@FKDENCf@KHAJCRCt@IHCJGbBgAF?LCLCPA	Click to Generate
S4	45	1			3	Norwood and Bishopsholme Community Centre (S4)	Northern General Hospital (S4)	Northern Perk (S4)	3272	2454	oa_eIpy|GUpATP^j@`@n@f@t@LPQd@IPUj@]fAUv@ENYzAWtAKv@It@CVGfAI|BEdA?TE~@Cn@C\HJDDNNHJTi@FKDENCf@KHAJCRCt@IHCJGbBgAF?LCLCPA??HDFHXjALn@Mo@YkAGIIEQ@MBMBG?cBfAKFIBu@HSBKBI@g@JOBEDGJUh@IKOOEEIKB]Bo@D_A?UDeAH}BFgABWHu@Jw@VuAX{ADOTw@\gATk@HQPe@f@eATe@`@}@p@}AT]Za@XYx@q@p@m@v@w@r@s@d@u@R]FMb@w@DGR_@EIe@iACCAEEGWg@EG_@u@Q]CEMUMUc@}@OWMW]m@KWS_@KUIO?AGUDGDCFAB?`@Ad@Cd@AFGDM@M@KBKFGZMHAFFHPJVRd@DVJf@B\Bn@Bd@B`@ARCLEJCFOXS`@CFGLMT^t@DFVf@DF@DBBDJ^|@DHLPGLEHKTIPWd@[`@SPa@Ts@r@w@v@q@l@y@p@YX[`@U\q@|Aa@|@Ud@g@dAMQg@u@a@o@_@k@UQE?]GsBYGCJ_AJw@LDFAJCFBtBdAA@	Click to Generate
S4	20	1			3	St Cuthberts (S4)	Fir Vale Academy (S4)	Page Hall Medical Centre (S4)	1760	1320	cf~dIhfzGFp@JdA@LFd@BRDTJd@BHJf@DTLf@DTLl@^\PRHFERAF?F?t@AtC@Tm@F@uB?{@@mA?MAQAOEWMm@EUMg@EUKg@CIKUOYIOEIIOOg@Sa@aEiI`BkAdA_ALAD?@MB[@O?KPaDF@l@Jv@NFa@D_@By@BIFAFBDRD^CFBTDVTvAALCNC@AQYPHxBXO??GiBBABO@MUwAEWCUIFM@GCE^G`@Mf@O^CDKR?@SXSXCDMNLOBERYRYJUBEN_@Lg@w@Om@KGAQ`D?JANCZALCl@An@Br@Dn@Dh@Lr@L`AD\??	Click to Generate
S4	60	1			3	Whiteways Primary School (S4)	Wood Hill Lodge (S4)	Tea and Cakes (S4)	5423	4067	ui}dIfczGw@{B@KdCsCp@u@LCDDDDDR\b@_@yA}@oCIUk@aBSq@aAsCAC]}@aAaBu@_BQ`@EVAX?XBR@DqCdD\pANx@D^DTBb@D^PKT`CVxCBFD@EACGm@{GQJE_@Cc@EUE_@Oy@]qApCeDAECS?Y@YDWPa@t@~A`A`B\|@@B`ArCRp@j@`BHT|@nCVbAFTVz@bAbDx@jC~@pD|@dDH`@Hb@Rd@`@v@PXRTPB`@AF?XGHCHEJOTs@HWRm@l@cBHS~@mCFS`@gAVu@~@bBFHv@lAf@v@`AbBCx@Cd@Ct@AZCfA?BCl@A\E`BCXCJ??CLILIHQ?WEeBSKCC?cAKwAOeAIe@Kk@GIAcBQGEEIc@aAi@sAs@kBGGIAI?MBQL[^e@p@o@~@s@bAGHI\Ml@CR?RBPBPFVjAnCq@`AKUc@eAc@kAGQCW?WBO@EBIJGLIPEBSLm@H]FIr@cAn@_Ad@q@Z_@PMLCH?H@FFr@jBh@rAb@`ADHFDbBPH@j@Fd@JdAHvANbAJB?JBdBRVDP?HIHMBM??BKBYDaB@]Bm@?CBgA@[Bu@Be@By@aAcBg@w@w@mAGI_AcBWt@a@fAGR_AlCIRm@bBSl@IVUr@KNIDIBYFG?a@@QCSUQYa@w@Se@Ic@Ia@}@eD_AqDy@kCcAcDW{@]c@ESEEEEMBq@t@eCrCAJv@zB	Click to Generate
S4	20	1			3	Fir Vale Academy (S4)	Jamia Masjid Ghausia (S4)	St Cuthberts (S4)	1677	1258	ud~dI`wyGJSBEN_@Lg@Fa@D_@By@BIFAFBDRD^CFBTDVTvAALCNC@AQYPHxBXO??GiBBABO@MUwAEWCUIFM@GCE^G`@w@Om@KGAQ`D?JANCZALCl@An@Br@Dn@Dh@DNFb@L`AD\Fp@JdA@LFd@BRDTJd@BHJf@DTLf@DTLl@^\PRHFERAF?F?t@AtC@Tm@F@uB?{@@mA?MAQAOEWMm@EUMg@EUKg@CIKUOYIOEIIOOg@Sa@aEiI`BkAdA_ALAD?@MB[@O?KPaDF@l@Jv@NMf@O^CDKR	Click to Generate
S4	45	1			3	City Motor Factors (S4)	Eye of Needle (S4)	Colourcraft Limited (S4)	3592	2694	qr|dIlmwGRe@S]m@nAHTBLD`@FrAFn@@V@XLh@t@vAb@a@BCDCJCF?jAEJ?J@^H_@IKAK?sADKBEBCBc@`@u@wAWQIOS[GIYa@S]KUIOJYFQP_@LSVWHTBLD`@FrAFn@HI@?JMNMfA_CDIDGDADADAD@D@lBr@xGdCLD|@\@@JBfBz@hA^f@NhAd@|@Z_@vC{Ai@oAc@AAW_@WSYOm@?OX??NYl@?XNVRV^@@nAb@zAh@rEdBZLGlBo@rA]R_@JMJNXoBtDET]nDI`@Sb@_@x@INEHMXGTABKX]t@QViBfEuBlFSh@iEmH_DyF}F{JsBoDqBkD_A_BAAACYe@jCcGfAeCt@aBJk@DINa@JYFQP_@LSVWl@oAR\Sd@	Click to Generate
S4	45	1			3	Busk Meadow Park (S4)	Shirecliffe Community Centre (S4)	Norwood and Bishopsholme Community Centre (S4)	3250	2438	{n~dIvj~G?@?lAEpBs@DO@M?yCN]@I?U@Y@G?oAJUBQ_AQcA[sA]kA_@_Ak@uAm@iATi@FKDENCf@KHAJCRCt@IHCJGbBgAF?LCLCPAHDFHXjALn@??Mo@YkAGIIEQ@MBMBG?cBfAKFIBu@HSBKBI@g@JOBEDGJUh@l@hAj@tA^~@\jAZrAPbAP~@TCnAKF?LAJ?TAH?\AxCOL?NAr@EnAGN?BlCCmCO?oAFs@DO@M?yCN]@I?U@Y@G?oAJUBQ_AQcA[sA]kA_@_Ak@uAm@iATi@FKDENCf@KHAJCRCt@IHCJGbBgAF?LCLCPA??HDFHXjALn@Mo@YkAGIIEQ@MBMBG?cBfAKFIBu@HSBKBI@g@JOBEDGJUh@l@hAj@tA^~@\jAZrAPbAP~@TCnAKF?XATAH?\AxCOL?NAr@EDqB?mA?A	Click to Generate
S4	20	1			3	Baltic Pearl (S4)	Travel & More (S4)	Aaliyah Mosque (S4)	1669	1252	kf{dIpawGHZ@JFXBh@DNb@nBBHHd@c@`@e@b@}@w@UU[e@kAgB][a@OOQkAgBt@_CZeABE?CPo@J]BBl@t@Z`@PT\b@^h@Xn@N`@Pd@L`@@JFXPENEREp@q@`@e@HI`@a@TSHSL_@DGHQBGNM@CFQDQJc@He@l@cDeBeAARSpCAF?D?D?DBxATCUB?CCuA?E?E?E@GRqC@SdBdAm@bDId@Kb@EPGPABAVAHCLINILKLSFURa@`@IHa@d@q@p@S\EDWVK[K]EOCMCMGq@Pd@BD	Click to Generate
S4	20	1			3	Shirecliffe Community Centre (S4)	Busk Meadow Park (S4)	Norwood and Bishopsholme Community Centre (S4)	1535	1151	{n~dIfm~GEpBs@DO@M?yCN]@I?U@K?M@G?oAJUBQ_AQcA[sA]kA_@_Ak@uAm@iATi@FKDENCf@KHAJCRCt@IHCJGbBgAF?LCLCPAHDFHXjALn@??Mo@YkAGIIE??Q@MBMBG?cBfAKFIBu@HSBKBI@g@JOBEDGJUh@l@hAj@tA^~@\jAZrAPbAP~@TCnAKF?XATAH?\AxCOL?NAr@EDqB	Click to Generate
S4	20	1			3	All Days (S4)	St. James Church (S4)	Tea and Cakes (S4)	1899	1424	w||dIzl{GJ[v@mBx@yBQa@aD_I_@aA^`ArD`Jy@xBw@lBSl@Qf@ITMZy@`CI\In@Iz@IlAO~CAl@FBFDFJFJRWJ]@IGY??FXAHK\SVGKGKGEGC@m@N_DHmAH{@Ho@H]x@aCL[HUPg@Rm@kAqCeAkCw@qB_AcCGHI\Ml@CRQDMHKFCHADCN?VBVFPb@jAb@dAJTKNt@zEBHDBD?DIp@gBdAqCjApCKZ	Click to Generate
S4	15	1			3	The Dream Lounge (S4)	J W Young (Butchers) Ltd (S4)	Illusionz (S4)	1325	994	yk{dIjyvG@@Z`@n@x@^h@Tf@BFN`@Pd@L`@@JFXBh@DNb@nBBHHd@iAdA}@w@UU[e@kAgB][a@OOQkAgBe@w@mAmBBtH@LXh@rAgEjAfBNP`@N\ZjAfBZd@TT|@v@hAeAIe@CIWkAKc@EOK[K]EOCMCMGq@Oa@Yo@_@i@o@y@[a@AA	Click to Generate
S4	30	1			3	Northern General Hospital (S4)	Northern Perk (S4)	Yours Food and Wine (S4)	2770	2078	am~dInm{GRMLKPM\[JMHSL_@Ji@Fi@@i@?w@@o@Ac@AQC[E[Oa@O[MMQOOGMGY?I@MDMH}@f@aD~A_@RWNeAp@aAl@MJ]RKLSXGFKFEBIDKBY@M@s@@C?E?w@BU@CR?R?L?H?L?H@N@p@?V?t@?P@^B`C?PB|@@FBFJBdACfBED?v@GPAB?F?NHXH@?h@A\?N?JFHFFRFT?@HNJTR^JV\l@LVNVb@|@LTLTBDP\^t@DFVf@DF@DBBDJ^|@DH`@q@BG@ARYlAgCd@_AFKHUHYF]Da@\_DDm@@q@@sBAeB?]@s@Bo@Dg@DWHo@JoA@@BAx@_@p@]hAi@h@WHENIBABEFOcA{BQ]AEQ_@QWOSEGEEQSMQYWIGQS_@]UQOICCSESEw@Cm@A}@?aAAAbAGjD?D?l@X?LFNFPNLLNZN`@DZBZ@P@b@An@?v@Ah@Gh@Kh@M^IRKL]ZQLMJSL	Click to Generate
S4	60	1			3	Sheffield Steel City Beer Festival 49 (S4)	St. James Church (S4)	All Days (S4)	6159	4619	_ozdIdi~G??QKA?C@A?A@CDABGf@SfBYjBO~@[vB]nB\oBj@wDXkBRgBFg@@CBE@A@?BA@?PJL?NCJEAKCg@?O?O@Q@Q@MN}BF{@Dq@@M@QB]Fa@[MSKICYMIEy@_@C?K?C@G@A@EBM@E?KAIAEAWCGAoACMAS@G@C@EDED_AvAEFWb@INCBCBC@SBeAVGBGBEBA@C@EBEBKH}ApAOJMFMFKDKBOBMBM@Q?m@EI?aBIsAEuBI}@KYMc@Wk@k@mBqBy@_A]_@UUEGW]GGiB}BMO]We@SUGQG_@EKAEAu@IGAGAOCOEICGCICq@[m@YGCOGOGIE]SGC]Ue@g@CCe@o@[g@CEWc@CEEIMWISOYWa@_@m@MS_@o@Ye@[q@Ue@EIa@}@Sc@u@aBa@aAEKPWBIHgB@]NqCP{DFBFDFJFJRWJ]@IGY??FXAHK\SVGKGKGEGC@m@N_DHmAH{@Ho@H]x@aCL[HUPg@Rm@v@mBx@yBQa@aD_I_@aA^`ArD`Jy@xBw@lBSl@Qf@ITMZy@`CI\In@Iz@IlAO~CAl@QzDOpCA\IfBCHQVDJ`@`At@`BRb@`@|@DHTd@Zp@Xd@^n@LR^l@V`@NXHRLVDHBDVb@BDZf@d@n@BBd@f@\TFB\RHDNFNFFBl@Xp@ZHBFBHBNDNBF@F@t@HD@J@^DPFTFd@R\VLNhB|BFFV\DFTT\^x@~@lBpBj@j@b@VXL|@JtBHrAD`BHH?l@DP?LALCNCJCJELGLGNK|AqAJIDCDCBA@ADCFCFCdAWRCBABCBCHOJNFDHDv@XJBH@F?F?H?FAFAHAHAHEHEJGJEHEFEBCDCDAJCJy@Be@Be@@c@@G?Q?k@?ICw@?]By@PeDNYFED?D?A\@X@\@TFh@D\BNFTHTL^DHd@hAFNBBLP@DHJHPBDBTHP@L?NCVG`@C\APALEp@Gz@O|BALAPAP?N?NBf@@JKDOBM?	Click to Generate
S4	60	1			3	Sheffield Steel City Beer Festival 2024 (SCBF48) (S4)	St. James Church (S4)	Scott Road Store (S4)	5420	4065	grzdIbs~GN_AXkBRgBFg@@CBE@A@?BA@?PJ??L?NCJEAKCg@?O?O@Q@Q@MN}BF{@Dq@@M@QB]Fa@[MSKICYMIEy@_@C?K?C@G@A@EBM@E?KAIAEAWCGAoACMAS@G@C@EDED_AvAEFWb@INCBCBC@SBeAVGBGBEBA@C@EBEBKH}ApAOJMFMFKDKBOBMBM@Q?m@EI?aBIsAEuBI}@KYMc@Wk@k@mBqBy@_A]_@UUEGW]GGiB}BMO]We@SUGQG_@EKAEAu@IGAGAOCOEICGCICq@[m@YGCOGOGIE]SGC]Ue@g@CCe@o@[g@CEWc@CEEIMWISOYWa@_@m@MS_@o@Ye@[q@Ue@EIa@}@Sc@u@aBa@aAEKPWBIHgB@]NqCP{DFBFDFJFJRWJ]@IGY??FXAHK\SVGKGKGEGC@m@N_DHmAH{@Ho@H]x@aCL[HUPg@FQJ[v@mBx@yBh@}ATu@b@oAj@Fd@JdAHvANbAJB?JBdBRVDP?HIHMBM??BKBYDaB@]Bm@?CBgA@[Bu@HGNIJCPCXj@rA|B|@`BFJNZDPBVDnA?L@ND|ADhABJDJHJd@X|Ax@DBtAp@HDd@XfAn@d@Z|BvA\TZRLJ@EBCBABABBBB@F?D?FCFCBC@?R?j@?X@T?DBNBNLb@FLVSDCHGVONGXGJ?LANAl@HJDJBl@XvBtAFBHDr@b@JH\TZP\R^JFDDBFFZ\LLBB`@f@RXb@`@XF@@DBFDB@d@XPHA`@CTAZGb@E`@I^I^ELa@rAANCR?JARAX?^@V?VDt@DJFXJb@BHNl@FPBL@F@J?VMn@QdAU~@IZEPCTCZAPARAPA\@X@\@TFh@D\BNFTHTL^DHd@hAFNBBLP@DHJHPBDBTHP@L?NCVG`@C\APALEp@Gz@O|BALAPAP?N?NBf@@JKDOBM?QKA?C@A?A@CDABGf@SfBYjBO~@	Click to Generate
S4	45	1			3	Busk Meadow Park (S4)	S. Ali's Off Licence (S4)	Norwood and Bishopsholme Community Centre (S4)	3106	2330	wx~dItq~GM@G?oAJUBQ_AQcA[sA]kA_@_Ak@uAm@iATi@FKDENCf@KHAJCRCt@IHCJGbBgAF?LCLCPAHDFHXjALn@??Mo@YkAGIIEQ@MBMBG?cBfAKFIBu@HSBKBI@g@JOBEDGJUh@IKOOEEIKB]Bo@D_A?UDeAH}BFgABWHu@Jw@VuAX{ADOTw@\gATk@HQPe@jApAd@j@l@t@DDZh@nAlC\jAZ~@L`@Nl@Ll@F\@FH^Jt@BX@F\vEJtADf@J|A@pA?lA??EpBs@DO@M?yCN]@I?U@Y@G?oAJUBQ_AQcA[sA]kA_@_Ak@uAm@iATi@FKDENCf@KHAJCRCt@IHCJGbBgAF?LCLCPA??HDFHXjALn@Mo@YkAGIIEQ@MBMBG?cBfAKFIBu@HSBKBI@g@JOBEDGJUh@l@hAj@tA^~@\jAZrAPbAP~@TCnAKF?LA	Click to Generate
S4	15	1			3	Illusionz (S4)	MyCigara (S4)	J W Young (Butchers) Ltd (S4)	1388	1041	ab{dIv~vGRp@a@d@q@p@S\EDWVDNJb@VjABHHd@iAdA}@w@UU[e@kAgBbAuCJ[DMPg@DIFQ_@i@o@y@[a@m@u@CCK\Qn@?BCD[dAu@~Be@w@mAmBBtH@LXh@rAgEt@_CZeABE?CPo@J]BBl@t@Z`@n@x@^h@Xn@N`@Pd@L`@@JFXPENEREp@q@`@e@Sq@	Click to Generate
S4	30	1			3	Norwood and Bishopsholme Community Centre (S4)	Busk Meadow Park (S4)	Northern Perk (S4)	2493	1870	c__eI|_}G\h@LPQd@IPUj@]fAUv@ENYzAWtAKv@It@CVGfAI|BEdA?TE~@Cn@C\HJDDNNHJTi@FKDENCf@KHAJCRCt@IHCJGbBgAF?LCLCPA??HDFHXjALn@??Mo@YkAGIIEQ@MBMBG?cBfAKFIBu@HSBKBI@g@JOBEDGJUh@IKOOEEIKB]Bo@D_A?UDeAH}BFgABWHu@Jw@VuAX{ADOTw@\gATk@HQPe@f@eATe@`@}@p@}AT]Za@XYx@q@p@m@v@w@r@s@d@u@R]FMb@w@DGR_@EIe@iACCAEEGWg@Wd@gAuBTg@LTBDP\^t@DFVf@DF@DBBDJ^|@DHLPGLEHKTIPWd@[`@SPa@Ts@r@w@v@q@l@y@p@YX[`@U\q@|Aa@|@Ud@g@dAMQ]i@	Click to Generate
S4	20	1			3	Lana Pizza (S4)	Oasis Academy Fir Vale (S4)	Fir Vale Pharmacy (S4)	1970	1478	{d~dInmzGOYIOEIIOOg@TVFFDBJLBRDTJd@BHJf@DTLf@DTLl@^\PRHFXVLP@]A[AQ?IIk@AOROSN@NHj@@Z@ZA\MQYWIGQS_@]Mm@EUMg@EUKg@CIKe@EUCSGe@AMKeAGq@??E]MaAMs@Ei@Eo@Cs@@o@Bm@@MB[@O?KPaDDw@Dy@mAmA}@tD]~ARNZTp@b@TPgAu@[USOMb@KVMLSLSJk@TUJGFgGpMGLCJ?JRlB\~CVCZCp@Cp@?rABjA@f@?`A@|@?l@@v@BRDJMFG@EBI@I?UEUKg@CIKU	Click to Generate
S4	45	1			3	Scott Road Store (S4)	Masjid Noor (S4)	All Days (S4)	3206	2404	c`}dIv_|GFXAHK\SVGKGKGEGC@m@N_DHmAH{@Ho@H]x@aCL[HUPg@Rm@v@mByDcK\i@]h@xDbKw@lBKZGPQf@ITMZy@`CI\In@Iz@IlAO~CAl@QzDOpCA\IfBCHQVo@uBQi@[gA{@}Ce@{ASo@M?S@Q@UFKDEBUNULb@dC??c@eCTMTODCJETGPARAL?Rn@d@zAz@|CZfAPh@n@tBPWBIHgB@]NqCP{D@m@N_DHmAH{@Ho@H]x@aCL[HUPg@Rm@v@mBx@yBQa@aD_I_@aA^`ArD`Jy@xBw@lBSl@Qf@ITMZy@`CI\In@Iz@IlAO~CAl@FBFDFJFJRWJ]@IGY	Click to Generate
S4	60	1			3	Crushing mill, Kelham Island, Sheffield (S4)	St. James Church (S4)	All Days (S4)	6159	4619	ymzdIvg~G@V@JKDOBM?QKA?C@A?A@CDABGf@SfBYjBk@vD]nB\oBj@wDF[PoARgBFg@@CBE@A@?BA@?PJL?NCJEAKCg@?O?O@Q@Q@MN}BF{@Dq@@M@QB]Fa@[MSKICYMIEy@_@C?K?C@G@A@EBM@E?KAIAEAWCGAoACMAS@G@C@EDED_AvAEFWb@INCBCBC@SBeAVGBGBEBA@C@EBEBKH}ApAOJMFMFKDKBOBMBM@Q?m@EI?aBIsAEuBI}@KYMc@Wk@k@mBqBy@_A]_@UUEGW]GGiB}BMO]We@SUGQG_@EKAEAu@IGAGAOCOEICGCICq@[m@YGCOGOGIE]SGC]Ue@g@CCe@o@[g@CEWc@CEEIMWISOYWa@_@m@MS_@o@Ye@[q@Ue@EIa@}@Sc@u@aBa@aAEKPWBIHgB@]NqCP{DFBFDFJFJRWJ]@IGY??FXAHK\SVGKGKGEGC@m@N_DHmAH{@Ho@H]x@aCL[HUPg@Rm@v@mBx@yBQa@aD_I_@aA^`ArD`Jy@xBw@lBSl@Qf@ITMZy@`CI\In@Iz@IlAO~CAl@QzDOpCA\IfBCHQVDJ`@`At@`BRb@`@|@DHTd@Zp@Xd@^n@LR^l@V`@NXHRLVDHBDVb@BDZf@d@n@BBd@f@\TFB\RHDNFNFFBl@Xp@ZHBFBHBNDNBF@F@t@HD@J@^DPFTFd@R\VLNhB|BFFV\DFTT\^x@~@lBpBj@j@b@VXL|@JtBHrAD`BHH?l@DP?LALCNCJCJELGLGNK|AqAJIDCDCBA@ADCFCFCdAWRCBABCBCHOJNFDHDv@XJBH@F?F?H?FAFAHAHAHEHEJGJEHEFEBCDCDAJCJy@Be@Be@@c@@G?Q?k@?ICw@?]By@PeDNYFED?D?A\@X@\@TFh@D\BNFTHTL^DHd@hAFNBBLP@DHJHPBDBTHP@L?NCVG`@C\APALEp@Gz@O|BALAPAP?N?N@N	Click to Generate
S4	20	1			3	Jamia Dar Ul Uloom Qadiria Jillania Centre (S4)	Oasis Academy Fir Vale (S4)	Fir Vale Academy (S4)	1504	1128	ob~dI`tzGVTPRHFXVLPPRDDDFNRJWTc@HK@K?IEUDT?HAJ_@n@KVOSEGEEQSMQYWIGQS_@]Mm@EUMg@EUKg@CIKe@EUCSGe@AMKeAGq@??E]MaAMs@Ei@Eo@Cs@@o@Bm@@MB[@O?KPaDF@l@Jv@NFa@D_@By@BIFAFBDRD^CFBTDVTvAALCNC@AQYPHxBXO??GiBBABO@MUwAEWCUIFM@GCE^G`@w@Om@KGAQ`D?JANCZALCl@An@Br@Dn@Dh@Lr@L`AD\Fp@JdA@LFd@BRDTJd@BHJf@DTLf@DTLl@FF	Click to Generate
S4	60	1			3	Masjid Umar (S4)	Osgathorpe Park (S4)	Scott Road Store (S4)	5009	3757	ig}dIv_{GBIJGLIPEBSLm@H]FI~@bCv@pBdAjCjApCSl@Qf@ITMZy@`CI\In@Iz@IlAO~CMIGGGM_EaNe@}AmBPKAIEIQq@kA}@hBLUn@sAp@jAHPHDDNX~@b@tA^nA?FCFMNmAlAa@mAo@cBo@aBCKCIOa@ISOa@PWBKCe@KeDIkCMoCOyAOyA[aCSgBc@_Ds@uFzBiANONUP[J]Hk@@MHa@@u@@y@Au@GiAE_@Cc@EUE_@Oy@]qApCeDAECS?Y@YDWPa@t@~A`A`B\|@@B`ArCRp@j@`BHT|@nC^xA]c@ESEEEEMBq@t@Xv@h@~AgCzCKWw@{B@KdCsCp@u@LCDDDDDR\b@Vz@bAbDx@jC~@pD|@dDH`@Hb@Rd@`@v@PXRTPB`@AF?XGHCHEJOTs@HWRm@l@cBHS~@mCFS`@gAVu@~@bBFHv@lAf@v@`AbBCx@Cd@Ct@AZCfA?BCl@A\E`BCXCJ??CLILIHQ?WEeBSKCC?cAKwAOeAIe@Kk@Gc@nAUt@i@|Ay@xBw@lBSl@Qf@HNIOPg@FQJ[kAqCeAkCw@qB_AcCGHI\Ml@CRQDMHKFCH	Click to Generate
S4	20	1			3	Khan Darbar (S4)	Accelerate (S4)	Aaliyah Mosque (S4)	1717	1288	oe{dIdewGCGK[K]EOCMCMGq@Oa@Yo@JaAPEt@OA]Ke@?G@GBM?CAOKGIGCTc@dCK`AGPWp@ELKZcAtC][a@OOQkAgBt@_CZeABE?CLe@BIJ]BBl@t@Z`@n@x@^h@Xn@N`@Pd@L`@@JFXPENEREp@q@`@e@HI`@a@TSHSL_@DGHQBGNM@CFQDQJc@He@l@cDeBeAARSpCAF?D?D?DBxATCUB?CCuA?E?E?E@GRqC@SdBdAm@bDId@Kb@EPGPABAVAHCLINILKLSFURa@`@IHa@d@q@p@S\EDWVBF	Click to Generate
S4	20	1			3	National Blinds (S4)	Aaliyah Mosque (S4)	J W Young (Butchers) Ltd (S4)	1769	1327	_j{dIr{vGRT^h@Xn@N`@Pd@L`@@JFXPELE@?REp@q@`@e@HI`@a@TSHSL_@DGHQBGNM@CFQDQJc@He@l@cDeBeAARSpCAF?D?D?DBxATCUB?CCuA?E?E?E@GRqC@SdBdAm@bDId@Kb@EPGPABAVAHCLINILKLSFURa@`@IHa@d@q@p@S\EDWVK[K]o@tAy@dBkAgB][a@OOQkAgBe@w@mAmBBtH@LXh@rAgEt@_CZeABE?CPo@J]BBl@t@Z`@Zb@	Click to Generate
S4	20	1			3	Sheffield Auto Spares (S4)	Illusionz (S4)	Aaliyah Mosque (S4)	1585	1189	ug{dIz~vGUg@_@i@o@y@[a@AAk@s@CCK\Qn@?BCD[dAu@~BjAfBNP`@N\ZjAfBZd@TT|@v@hAeAIe@CIWkAKc@EOK[BIBCPENEREp@q@`@e@HI`@a@TSHSL_@DGHQBGNM@CFQDQJc@He@l@cDeBeAARSpCAF?D?D?DBxATCUB?CCuA?E?E?E@GRqC@SdBdAm@bDId@Kb@EPGPABAVAHCLINILKLSFURa@`@IHa@d@q@p@S\EDWVK[K]EOCMCMGq@Oa@CG	Click to Generate
S4	20	1			3	Attercliffe Spice (S4)	Accelerate (S4)	Aaliyah Mosque (S4)	2066	1550	ch{dIj|vGGf@Xn@N`@Pd@L`@@JFXPENEREFIh@g@`@e@HI`@a@TSHSNQJIDCF?JLFFDFZROAM?KAKAQAM@SFURa@`@IHa@d@q@p@S\EDWVK[K]o@tAy@dBkAgB][a@OOQkAgBt@_CZeABE?CLe@BIJ]BBl@t@Z`@n@x@^h@Xn@N`@Pd@L`@@JFXPENEREp@q@`@e@HI`@a@TSHSL_@DGHQBGNM@CFQDQJc@He@l@cDeBeAARSpCAF?D?D?DBxATCUB?CCuA?E?E?E@GRqC@SdBdAm@bDId@Kb@EPGPABAVAHCLINILKLSFURa@`@IHa@d@q@p@S\EDWVK[K]EOCMCMGq@Oa@Yo@Fg@	Click to Generate
S4	30	1			3	Premier Doors (S4)	J W Young (Butchers) Ltd (S4)	Aaliyah Mosque (S4)	2121	1591	ij{dId{vG\b@^h@Xn@N`@Pd@BDHZ@JFXBh@DNb@nBBHHd@iAdA}@w@UU[e@kAgB][a@OOQkAgBe@w@mAmBBtH@LXh@rAgEt@_CZeABE?CPo@J]BBl@t@Z`@n@x@^h@Xn@N`@Pd@L`@@JFXPENEREp@q@`@e@HI`@a@TSHSL_@DGHQBGNM@CFQDQJc@He@l@cDeBeAARSpCAF?D?D?DBxATCUB?CCuA?E?E?E@GRqC@SdBdAm@bDId@Kb@EPGPABAVAHCLINILKLSFURa@`@IHa@d@q@p@S\EDWVK[K]EOCMCMGq@Oa@Yo@_@i@]c@	Click to Generate
S4	20	1			3	Jamia Dar Ul Uloom Qadiria Jillania Centre (S4)	Oasis Academy Fir Vale (S4)	Fir Vale Academy (S4)	1504	1128	ec~dIlrzGLj@^\PRHFXVLPPRDDDFNRJWTc@HK@K?IEUDT?HAJ_@n@KVOSEGEEQSMQYWIGQS_@]Mm@EUMg@EUKg@CIKe@EUCSGe@AMKeAGq@??E]MaAMs@Ei@Eo@Cs@@o@Bm@@MB[@O?KPaDF@l@Jv@NFa@D_@By@BIFAFBDRD^CFBTDVTvAALCNC@AQYPHxBXO??GiBBABO@MUwAEWCUIFM@GCE^G`@w@Om@KGAQ`D?JANCZALCl@An@Br@Dn@Dh@Lr@L`AD\Fp@JdA@LFd@BRDTJd@BHJf@DTLf@DT?@	Click to Generate
S4	60	1			3	Sheffield Steel City Beer Festival 49 (S4)	St. James Church (S4)	All Days (S4)	6159	4619	unzdIdi~GI?QKA?C@A?A@CDABGf@SfBYjBO~@[vB]nB\oBj@wDXkBRgBFg@@CBE@A@?BA@?PJL?NCJEAKCg@?O?O@Q@Q@MN}BF{@Dq@@M@QB]Fa@[MSKICYMIEy@_@C?K?C@G@A@EBM@E?KAIAEAWCGAoACMAS@G@C@EDED_AvAEFWb@INCBCBC@SBeAVGBGBEBA@C@EBEBKH}ApAOJMFMFKDKBOBMBM@Q?m@EI?aBIsAEuBI}@KYMc@Wk@k@mBqBy@_A]_@UUEGW]GGiB}BMO]We@SUGQG_@EKAEAu@IGAGAOCOEICGCICq@[m@YGCOGOGIE]SGC]Ue@g@CCe@o@[g@CEWc@CEEIMWISOYWa@_@m@MS_@o@Ye@[q@Ue@EIa@}@Sc@u@aBa@aAEKPWBIHgB@]NqCP{DFBFDFJFJRWJ]@IGY??FXAHK\SVGKGKGEGC@m@N_DHmAH{@Ho@H]x@aCL[HUPg@Rm@v@mBx@yBQa@aD_I_@aA^`ArD`Jy@xBw@lBSl@Qf@ITMZy@`CI\In@Iz@IlAO~CAl@QzDOpCA\IfBCHQVDJ`@`At@`BRb@`@|@DHTd@Zp@Xd@^n@LR^l@V`@NXHRLVDHBDVb@BDZf@d@n@BBd@f@\TFB\RHDNFNFFBl@Xp@ZHBFBHBNDNBF@F@t@HD@J@^DPFTFd@R\VLNhB|BFFV\DFTT\^x@~@lBpBj@j@b@VXL|@JtBHrAD`BHH?l@DP?LALCNCJCJELGLGNK|AqAJIDCDCBA@ADCFCFCdAWRCBABCBCHOJNFDHDv@XJBH@F?F?H?FAFAHAHAHEHEJGJEHEFEBCDCDAJCJy@Be@Be@@c@@G?Q?k@?ICw@?]By@PeDNYFED?D?A\@X@\@TFh@D\BNFTHTL^DHd@hAFNBBLP@DHJHPBDBTHP@L?NCVG`@C\APALEp@Gz@O|BALAPAP?N?NBf@@JKDOBC?	Click to Generate
S4	20	1			3	Bit Of Everything (S4)	Travel & More (S4)	J W Young (Butchers) Ltd (S4)	1519	1139	{f{dI~cwG_@x@y@dBZd@TT|@v@hAeAIe@CIc@oBEOK[BIBCPENEREp@q@`@e@a@wALd@Rp@a@d@q@p@S\EDWVK[K]EOCMCMGq@Oa@Yo@_@i@]c@QU[a@m@u@CCK\Qn@?BCD[dAu@~BsAfEYi@AMCuHlAlBd@v@jAfBNP`@N\ZjAfBZd@TT|@v@hAeAIe@CIc@oBEOK[K]OZ	Click to Generate
S4	30	1			3	S. Ali's Off Licence (S4)	Busk Meadow Park (S4)	Norwood and Bishopsholme Community Centre (S4)	2530	1898	{u~dI~}~GLNPp@DEH@FFpAr@NeAR_BPeBHuA@]H}ABaADqB???mAAqAr@QXIl@OHGJGV[P[BX?PEdAAJEnACrAArAq@B]BO?oAFs@DO@M?yCN]@I?U@Y@G?oAJUBQ_AQcA[sA]kA_@_Ak@uAm@iATi@FKDENCf@KHAJCRCt@IHCJGbBgAF?LCLCPAHDFHXjALn@??Mo@YkAGIIE??Q@MBMBG?cBfAKFIBu@HSBKBI@g@JOBEDGJUh@l@hAj@tA^~@\jAZrAPbAP~@TCnAKF?XATAH?\AxCOL?NAr@EC`AI|AA\ItAQdBS~AOdAc@bCaBuAZeBQq@MO	Click to Generate
S4	20	1			3	Wood Hill Grange (S4)	Osgathorpe Park (S4)	Corner Cabin (S4)	1753	1315	qq}dIrvyGUaCQJE_@Cc@EUE_@Oy@]qApCeDAECS?Y@YDWPa@t@~A`A`B\|@@B`ArCRp@Z~@N`@HT|@nC^xA]c@ESEEEEMBq@t@Xv@h@~AgCzCKWw@{B@KdCsCp@u@LCDDDDDR\b@_@yA}@oCIUk@aBSq@aAsCAC]}@aAaBg@cAM[Q`@EVAX?XBR@DqCdD\pANx@D^DTBb@D^PKT`C	Click to Generate
S4	45	1			3	Northern General Hospital (S4)	Northern Perk (S4)	St Cuthberts (S4)	3403	2552	_o~dIdk{G???IBCFAH?FBB?R@H?F?DFJXDVPM\[JMHSL_@Ji@Fi@@i@?w@@o@Ac@AQC[E[Oa@O[MMQOOGMGY?I@MDMH}@f@aD~A_@RWNeAp@aAl@MJ]RKLSXGFKFEBIDKBY@M@s@@C?E?w@BU@CR?R?L?H?L?H@N@p@?V?t@?P@^B`C?PB|@@FBFJBdACfBED?v@GPAB?F?NHXH@?h@A\?N?JFHFFRFT?@HNJTR^JV\l@LVNVb@|@LTLTBDP\^t@DFVf@DF@DBBDJ^|@DH`@q@BG@ARYlAgCd@_AFKHUHYF]Da@\_DDm@@q@@sBAeB?]@s@Bo@Dg@DWHo@JoA@]@g@@_@@kB@uB?{@@mA?MAQAOEWMm@EUMg@EUKg@CIKUOYIOEIIOOg@Sa@aEiIUc@O]Ua@]u@GFgGpMGLCJ?JRlB\~CVCZCp@Cp@?rABjA@f@?AbAGjD?D?l@X?LFNFPNLLNZN`@DZBZ@P@b@An@?v@Ah@Gh@Kh@M^IRKL]ZQLEWKYEGG?I?SAC?ENEFM?CC?G	Click to Generate
S4	20	1			3	Wood Hill Lodge (S4)	Whiteways Primary School (S4)	Corner Cabin (S4)	2067	1550	mg}dIrqyGN`@HT|@nCVbAFTVz@bAbDx@jC~@pD|@dDH`@Hb@]f@\g@Ic@Ia@}@eD_AqDy@kCcAcDW{@_@yA}@oCIUk@aBSq@aAsCAC]}@aAaBu@_BQ`@EVAX?XBR@DqCdD\pANx@D^DTBb@D^PKT`CVxCBFD@EACGm@{GQJE_@Cc@EUE_@Oy@]qApCeDAECS?Y@YDWPa@LZf@bA`A`B\|@@B`ArCRp@Z~@	Click to Generate
S4	30	1			3	Whiteways Primary School (S4)	Osgathorpe Park (S4)	Corner Cabin (S4)	2794	2096	ye}dIjuyGY_AIUk@aBSq@aAsCAC]}@aAaBu@_BQ`@EVAX?XBR@DqCdD\pANx@D^DTBb@D^PKT`CVxCBFD@EACGm@{GQJE_@Cc@EUE_@Oy@]qApCeDAECS?Y@YDWPa@t@~A`A`B\|@@B`ArCRp@j@`BHT|@nC^xA]c@ESEEEEMBq@t@Xv@h@~AgCzCKWw@{B@KdCsCp@u@LCDDDDDR\b@_@yA}@oCIUk@aBSq@aAsCAC]}@aAaBu@_BUk@M[Qk@Mk@Ky@OcAM}@OeAT_@Pd@n@fBVl@Rh@n@zAa@pASl@LZf@bA`A`B\|@@B`ArCRp@j@`BHTX~@	Click to Generate
S4	20	1			3	Wood Hill Grange (S4)	Whiteways Primary School (S4)	Osgathorpe Park (S4)	1873	1405	}c}dI~yyGWcA}@oCIUOa@[_ASq@aAsCAC]}@aAaBu@_BQ`@EVAX?XBR@DqCdD\pANx@D^DTBb@D^PKT`CVxCBFD@EACGm@{GQJE_@Cc@EUE_@Oy@]qApCeDAECS?Y@YDWPa@t@~A`A`B\|@@B`ArCRp@j@`BHT|@nC^xA]c@ESEEEEMBq@t@Xv@h@~AgCzCKWw@{B@KdCsCp@u@LCDDDDDR\b@GU	Click to Generate
S4	30	1			3	Lana Pizza (S4)	Masjid Umar (S4)	St Cuthberts (S4)	2310	1732	i{}dIl`{GNIBABEFOcA{BQ]AEQ_@QWOSEGEEQS@]A[AQ?IIk@AOROSN@NHj@@Z@ZA\PRDDDFNRPVP^@DP\bAzBfA~B`BpD`@hARj@N`@HRN`@BHBJn@`Bn@bB`@lAlAmALOBG?G_@oAc@uAY_AEOIEIQq@kA}@hBLUn@sAp@jAHPHDDNX~@b@tA^nA?FCFMNmAlAa@mAo@cBo@aBCKCIOa@ISOa@Sk@a@iAaBqDgA_CcA{BQ]AEQ_@QWOSEGEEQSMQYWIGQS_@]Mm@EUMg@EUKg@CIKUOYIOEIIOOg@TVFFDBJLBRDTJd@BHJf@DTLf@DTLl@^\PRHFXVLPPRDDDFNRPVP^@DP\bAzBGNCDC@OH	Click to Generate
S4	20	1			3	Traditional Therapy (S4)	Aaliyah Mosque (S4)	Accelerate (S4)	1948	1461	ud{dI~cwG??EDWVK[K]EOCMCMGq@Oa@Yo@_@i@o@y@d@_CPL\TH]^Tc@dCCXGf@Xn@N`@Pd@L`@@JFXPENEREp@q@`@e@HI`@a@TSHSL_@DGHQBGNM@CFQDQJc@He@l@cDeBeAARSpCAF?D?D?DBxATCUB?CCuA?E?E?E@GRqC@SdBdAm@bDId@Kb@EPGPABAVAHCLINILKLSFURa@`@IHa@d@q@p@S\EDWVK[K]o@tAy@dBkAgB][a@OOQkAgBt@_CZeABE?CLe@BIJ]BBl@t@Z`@n@x@^h@Xn@N`@Pd@L`@@JFXPENERES\	Click to Generate
S4	20	1			3	New Roomstyle (S4)	Attercliffe News & Booze (S4)	Baltic Pearl (S4)	1541	1156	u~zdI~xvGCuA?E?E?E@GRqC@SdBdAm@bDId@Kb@EPGPABAVAHCLINILKLSFURa@`@IHa@d@q@p@S\EDWVK[K]EOCMCMGq@GQGOYo@_@i@o@y@[a@TcAMj@GVZ`@n@x@^h@GPWp@ELKZcAtCjAfBZd@TT|@v@d@c@b@a@Ie@CIc@oBEOK[BIBCPENEREp@q@`@e@HI`@a@TSHSL_@DGHQBGNM@CFQDQJc@He@l@cDeBeAARSpCAF?D?D?DBtA	Click to Generate
S4	15	1			3	Traditional Therapy (S4)	J W Young (Butchers) Ltd (S4)	Illusionz (S4)	1321	991	ym{dIzxvGBIJ]BBl@t@Z`@d@_CPL\TH]^Tc@dCCXGf@GPWp@ELKZcAtC][a@OOQkAgBe@w@mAmBBtH@LXh@rAgEjAfBNP`@N\ZjAfBZd@TT|@v@hAeAIe@CIWkAKc@EOK[K]EOCMCMGq@Oa@Yo@_@i@o@y@[a@m@u@CCK\CH	Click to Generate
S4	15	1			3	Lustrous Furniture (S4)	J W Young (Butchers) Ltd (S4)	Illusionz (S4)	1312	984	el{dI|xvGLNZ`@n@x@^h@JaATEp@OA]Ke@?G@GBM?CAOKGIGCTc@dCK`AGPWp@ELKZcAtC][a@OOQkAgBe@w@mAmBBtH@LXh@rAgEjAfBNP`@N\ZjAfBZd@TT|@v@hAeAIe@CIWkAKc@EOK[K]EOCMCMGq@Oa@Yo@_@i@o@y@[a@MO	Click to Generate
S4	45	1			3	PDSA (S4)	Eye of Needle (S4)	Colourcraft Limited (S4)	3731	2798	am|dIdxwGw@BKBEBCBc@`@u@wAWQIOS[GIYa@S]KUIOJYFQP_@LSVWl@oAR\Sd@??Re@S]m@nAQn@Ub@CFIPR\b@t@DFJBNCHI@?JMNMfA_CDIDGDADADAD@D@lBr@xGdCLD|@\@@JBfBz@hA^f@NhAd@|@Z_@vC{Ai@oAc@AAW_@WSYOm@?OX??NYl@?XNVRV^@@nAb@zAh@^wC}@[iAe@g@OiA_@gB{@KCAA}@]MEyGeCmBs@EAEAE@E@E@EFEHgA~BM`@GLABMHM@WBGIYa@KCKAI?G?O?QXu@`BgAdCkCbGXd@@B@@~@~ApBjDrBnD|FzJ~CxF~@qBv@gBeA}Az@qBDi@Bc@@W@u@@I@G@IBGa@q@S]GKIOO_@CIKq@Mc@Ms@WyAKa@K]Oc@Oe@]_Aa@s@KOaAoBa@y@b@a@BCDCJCv@C	Click to Generate
S4	20	1			3	Scott Road Store (S4)	Tea and Cakes (S4)	St. James Church (S4)	1631	1223	ky|dItc{GP`@y@xBw@lBSl@Qf@HNIOPg@FQJ[kAqCeAkCw@qB_AcCGHI\Ml@CRQDMHKFCHADCN?VBVFPb@jAb@dAJTKNt@zEBHDBD?DIp@gBdAqCjApCSl@Qf@ITMZy@`CI\In@Iz@IlAO~CAl@FBFDFJFJRWJ]@IGY??FXAHK\SVGKGKGEGC@m@N_DHmAH{@Ho@H]x@aCL[HUPg@Rm@v@mBx@yBQa@	Click to Generate
S4	45	1			3	Le Bon Vin (S4)	PDSA (S4)	J W Young (Butchers) Ltd (S4)	3528	2646	s~{dIx{wGNYl@?XNVRV^@@nAb@zAh@^wC}@[iAe@g@OiA_@gB{@KCAA}@]MEyGeCmBs@EAEAE@E@E@EFEHgA~BM`@GLABMH@XLh@t@vA`@x@`AnBJNPWBAPWUXQVKOaAoBa@y@u@wAWQIOS[GIYa@S]KUIOJYFQP_@LSVWl@oAR\Sd@??Re@S]Xo@f@eAv@gBdA}Br@aBJWXs@Tu@\eAb@kAfA{C`ByEJ[n@wBVu@DKL]^h@@BJLNTFHJP^h@FL`@p@j@|@R^LRBDBDV\nAfBx@dAZ^JP\^FFFHx@~@K\Qn@?BCD[dAu@~BsAfEYi@AMCuHlAlBd@v@jAfBNP`@N\ZjAfBGx@Q~BADIfBAt@i@rBg@hAk@|Ao@Ki@SgA]_@vC{Ai@oAc@AAW_@WSYOm@?OX	Click to Generate
S4	15	1			3	The Carlton Hotel (S4)	Bit Of Everything (S4)	J W Young (Butchers) Ltd (S4)	1401	1051	gi{dIn|vGZb@GPWp@ELKZcAtCjAfBZd@TT|@v@hAeAIe@CIc@oBAGCGK[BIBCPENEREp@q@`@e@a@wALd@Rp@a@d@q@p@S\EDWVK[K]o@tAy@dBkAgB][a@OOQkAgBe@w@mAmBBtH@LXh@rAgEt@_CZeABE?CPo@J]BBl@t@Z`@n@x@BD	Click to Generate
S4	30	1			3	New Roomstyle (S4)	J W Young (Butchers) Ltd (S4)	Aaliyah Mosque (S4)	2203	1652	ok{dItxvGGVZ`@n@x@^h@Xn@FNFPPd@L`@@JFXBh@DNb@nBBHHd@iAdA}@w@UU[e@kAgB][a@OOQkAgBe@w@mAmBBtH@LXh@rAgEt@_CZeABE?CPo@J]BBl@t@Z`@n@x@^h@Xn@N`@Pd@L`@@JFXPENEREp@q@`@e@HI`@a@TSHSL_@DGHQBGNM@CFQDQJc@He@l@cDeBeAARSpCAF?D?D?DBxATCUB?CCuA?E?E?E@GRqC@SdBdAm@bDId@Kb@EPGPABAVAHCLINILKLSFURa@`@IHa@d@q@p@S\EDWVK[K]EOCMCMGq@Oa@Yo@_@i@o@y@[a@FW	Click to Generate
S4	20	1			3	Traditional Therapy (S4)	Aaliyah Mosque (S4)	Accelerate (S4)	1959	1469	yc{dIvbwGGHS\EDWVK[K]EOCMCMGq@Oa@Yo@_@i@o@y@d@_CPL\TH]^Tc@dCCXGf@Xn@N`@Pd@L`@@JFXPENEREp@q@`@e@HI`@a@TSHSL_@DGHQBGNM@CFQDQJc@He@l@cDeBeAARSpCAF?D?D?DBxATCUB?CCuA?E?E?E@GRqC@SdBdAm@bDId@Kb@EPGPABAVAHCLINILKLSFURa@`@IHa@d@q@p@S\EDWVK[K]o@tAy@dBkAgB][a@OOQkAgBt@_CZeABE?CLe@BIJ]BBl@t@Z`@n@x@^h@Xn@N`@Pd@L`@@JFXPENEREFI	Click to Generate
S4	30	1			3	JBM Automotive (S4)	Wood Hill Lodge (S4)	Wood Hill Grange (S4)	2938	2204	sq|dItpyG???KAKCK_@i@S[EMCYCMIQ_BrDk@tArA`ClBbDh@uAJUJKHCLAJBNFLPtBxDMj@Lk@qAaCc@w@MQOGKCM@IBKJKTi@tAf@v@nBjDDHJRVd@Wt@a@fAGR_AlCIRm@bBSl@IVUr@KNIDIBYFG?a@@QCSUQYa@w@Se@Ic@Ia@}@eD_AqDy@kCcAcDW{@GUWcA}@oCIUOa@[_ASq@aAsCAC]}@aAaBu@_BUk@M[Qk@Mk@Ky@OcAM}@OeAT_@h@mAdAuBXx@@F|BzFfBxDrAbClArBT\BDdAlBjCpEfAjBDHj@uA~AsDHPBLBXDLRZ^h@BJ@J?J??	Click to Generate
S4	20	1			3	Premier Doors (S4)	Travel & More (S4)	Aaliyah Mosque (S4)	1807	1355	_e{dInkwGe@b@}@w@UU[e@kAgBbAuCJ[DMVq@FQXn@N`@Pd@BDHZ@JFXPENERES\EDWVK[K]EOCMCMGq@Oa@Yo@_@i@]c@QUd@_CPL\TH]^Tc@dCK`AXn@N`@Pd@L`@@JFXPENEREp@q@`@e@HI`@a@TSHSL_@DGHQBGNM@CFQDQJc@He@l@cDeBeAARSpCAF?D?D?DBxATCUB?CCuA?E?E?E@GRqC@SdBdAm@bDId@Kb@EPGPABAVAHCLINILKLSFURa@`@IHa@d@q@p@S\EDWVDNb@nBBHHd@c@`@	Click to Generate
S4	20	1			3	National Blinds (S4)	Aaliyah Mosque (S4)	J W Young (Butchers) Ltd (S4)	1770	1328	si{dI`|vGFF^h@Xn@N`@Pd@L`@@JFXPELE@?REp@q@`@e@HI`@a@TSHSL_@DGHQBGNM@CFQDQJc@He@l@cDeBeAARSpCAF?D?D?DBxATCUB?CCuA?E?E?E@GRqC@SdBdAm@bDId@Kb@EPGPABAVAHCLINILKLSFURa@`@IHa@d@q@p@S\EDWVK[K]o@tAy@dBkAgB][a@OOQkAgBe@w@mAmBBtH@LXh@rAgEt@_CZeABE?CPo@J]BBl@t@Z`@f@p@	Click to Generate
S4	15	1			3	Warty Lounge (S4)	Momento (S4)	J W Young (Butchers) Ltd (S4)	1434	1076	ab{dIv~vGRp@a@d@q@p@S\EDWVK[K]OZ_@x@y@dBkAgBbAuCJ[DMVq@FQJaAN{@RiA_@UI\]UQMe@~B[a@m@u@CCK\Qn@?BCD[dAu@~Be@w@mAmBBtH@LXh@rAgEt@_CZeABE?CPo@J]BBl@t@Z`@n@x@^h@Xn@N`@Pd@L`@@JFXPENEREp@q@`@e@Sq@	Click to Generate
S4	20	1			3	Norwood and Bishopsholme Community Centre (S4)	Shirecliffe Community Centre (S4)	Kaya Hair & Beauty (S4)	1888	1416	ev~dIp`~GMo@YkAGIIE??Q@MBMBG?cBfAKFIBu@HSBKBI@g@JOBEDGJUh@l@hAj@tA^~@\jAZrAPbAP~@TCnAKF?LAJ?TAH?\AxCOL?NAr@EDqB?mAAqA\ITGXIl@OHGJGV[P[BX?PEdAAJEnACrAArAq@B]BO?oAFs@DO@M?yCN]@I?U@Y@G?oAJUBQ_AQcA[sA]kA_@_Ak@uAm@iATi@FKDENCf@KHAJCRCt@IHCJGbBgAF?LCLCPAHDFHXjALn@	Click to Generate
S4	45	1			3	La Piazza (S4)	Eye of Needle (S4)	Colourcraft Limited (S4)	3559	2669	qn|dIhxwGG?KBEBCBc@`@u@wAWQIOS[GIYa@S]KUIOJYFQP_@LSVWHTBLD`@e@x@DK^m@FrAFn@HI@?JMNMfA_CDIDGDADADAD@D@lBr@xGdCLD|@\@@JBfBz@hA^f@NhAd@|@Z_@vC{Ai@oAc@AAW_@WSYOm@?OX??NYl@?XNVRV^@@nAb@zAh@^wC}@[iAe@g@OiA_@gB{@KCAA}@]MEyGeCmBs@EAEAE@E@E@EFEHgA~BM`@GLABMHM@WBGIYa@KCKAI?G?O?QXu@`BgAdCkCbGXd@@B@@~@~ApBjDrBnD|FzJ~CxF~@qBv@gBeA}Az@qBDi@Bc@@W@u@@I@G@IBGa@q@S]GKIOO_@CIKq@Mc@Ms@WyAKa@K]Oc@Oe@]_Aa@s@KOaAoBa@y@b@a@BCDCJCF?	Click to Generate
S4	45	1			3	La Piazza (S4)	City Motor Factors (S4)	Corner Cabin (S4)	3831	2873	y||dI`hxG_A_BAAACYe@jCcGfAeCt@aBJk@DINa@JYFQP_@LSVWHTBLD`@e@x@DK^m@FrAFn@@V@XLh@t@vAb@a@BCDCJCF?jAEJ?J@^H_@IKAK?sADKBEBCBc@`@u@wAWQIOS[GIYa@KCKAI?G?O?QXu@`BgAdCkCbGYe@mF_B_Be@MGKKIREL{@vBmBjEBF~@~BeAtBi@lAU^NdAL|@NbAJx@Lj@Pj@LZTj@LZf@bA`A`B\|@@B`ArCRp@j@`BHT|@nC^xAVz@bAbDx@jC~@pD|@dDH`@Hb@Rd@`@v@PXRTPB`@AF?XGHCHEJOTs@HWRm@l@cBHS~@mCFS`@gAVu@Ri@nF_PPa@Tg@Te@iEmH_DyF}F{JsBoDqBkD	Click to Generate
S4	30	1			3	Wood Hill Grange (S4)	Whiteways Primary School (S4)	Wood Hill Lodge (S4)	2619	1964	io}dIdbyGf@bA`A`B\|@@B`ArCRp@Z~@N`@HTt@y@u@x@IUk@aBSq@aAsCAC]}@aAaBu@_BQ`@EVAX?XBR@DqCdD\pANx@D^DTBb@D^PKT`CVxCBFD@EACGm@{GQJE_@Cc@EUE_@Oy@]qApCeDAECS?Y@YDWPa@t@~A`A`B\|@@B`ArCRp@j@`BHT|@nCVbAFTVz@bAbDx@jC~@pD|@dDH`@Hb@]f@\g@Ic@Ia@}@eD_AqDy@kCcAcDW{@_@yA}@oCIUk@aBSq@aAsCAC]}@aAaBg@cA	Click to Generate
S4	30	1			3	Masjid Umar (S4)	Masjid Noor (S4)	St. James Church (S4)	2293	1720	uq}dIb{{GAN?JFVLt@@DADEDSNCLAV\Ar@?l@?DBDDBJDCJETGPARAL?YcAEOk@uBSs@lAmALOBG?G_@oAc@uAY_AEOIEIQq@kA}@hBLUn@sAp@jAHPHDDNX~@b@tA^nA?FCFMNmAlARr@j@tBDNXbAM?S@Q@UFKDEBUNULb@dC??c@eCTMTODCJETGPARAL?Rn@d@zAz@|CZfAPh@n@tBPWBIHgB@]NqCP{DFBFDFJFJRWJ]@IGY??FXAHK\SVGKGKGEGCQzDOpCA\IfBCHQVo@uBQi@[gA{@}Ce@{ASo@M?S@Q@UFKDEBCKEEECm@?s@?]@@WBMRODE@EAEMu@GW?K@O	Click to Generate
S4	60	1			3	Steel sign for Kelham Island Museum (S4)	St. James Church (S4)	Scott Road Store (S4)	5353	4015	oqzdIfp~GPoARgBFg@@CBE@A@?BA@?PJL?NCJEAKAWAO?O?O@Q@Q@MN}BF{@Dq@@M@QB]Fa@[MSKICYMIEy@_@C?K?C@G@A@EBM@E?KAIAEAWCGAoACMAS@G@C@EDED_AvAEFWb@INCBCBC@SBeAVGBGBEBA@C@EBEBKH}ApAOJMFMFKDKBOBMBM@Q?m@EI?aBIsAEuBI}@KYMc@Wk@k@mBqBy@_A]_@UUEGW]GGiB}BMO]We@SUGQG_@EKAEAu@IGAGAOCOEICGCICq@[m@YGCOGOGIE]SGC]Ue@g@CCe@o@[g@CEWc@CEEIMWISOYWa@_@m@MS_@o@Ye@[q@Ue@EIa@}@Sc@u@aBa@aAEKPWBIHgB@]NqCP{DFBFDFJFJRWJ]@IGY??FXAHK\SVGKGKGEGC@m@N_DHmAH{@Ho@H]x@aCL[HUPg@FQJ[v@mBx@yBh@}ATu@b@oAj@Fd@JdAHvANbAJB?JBdBRVDP?HIHMBM??BKBYDaB@]Bm@?CBgA@[Bu@HGNIJCPCXj@rA|B|@`BFJNZDPBVDnA?L@ND|ADhABJDJHJd@X|Ax@DBtAp@HDd@XfAn@d@Z|BvA\TZRLJ@EBCBABABBBB@F?D?FCFCBC@?R?j@?X@T?DBNBNLb@FLVSDCHGVONGXGJ?LANAl@HJDJBl@XvBtAFBHDr@b@JH\TZP\R^JFDDBFFZ\LLBB`@f@RXb@`@XF@@DBFDB@d@XPHA`@CTAZGb@E`@I^I^ELa@rAANCR?JARAX?^@V?VDt@DJFXJb@BHNl@FPBL@F@J?VMn@QdAU~@IZEPCTCZAPARAPA\@X@\@TFh@D\BNFTHTL^DHd@hAFNBBLP@DHJHPBDBTHP@L?NCVG`@C\APALEp@Gz@O|BALAPAP?N?NBf@@JKDOBM?QKA?C@A?A@CDABGf@SfBQnA	Click to Generate
S4	60	1			3	Hillsborough Barracks Memorial (S4)	Watercliffe Meadow Community Primary School (S4)	S. Ali's Off Licence (S4)	8777	6583	{__eIvaaH?dBBD@N}@nB]v@GKSe@[k@k@gAYg@[i@i@y@GIo@_Aq@u@SYOzAMzAIpBC`BCrAGzF?B?NAzB@f@BZ@FNv@Jj@Nh@Rl@p@tAf@x@d@hA^lAXhAJh@Lh@n@lCX|AD\Lx@Hf@Ff@VjBv@hGHl@DZJp@D`@PtAFf@FZP|AJLFHRLF@j@Ul@Sb@Sn@Y|Ao@ZMbA]FCVKZKTIlAa@fBc@dAUDAFATE\Gj@MjASp@QFAt@St@Or@Sb@KFEXIVMXKHGJIJIHIBCPOEQCQ?YBc@@IFc@Jm@BSFS?I?O?W?]?SAWA_@Ce@AWAMCe@CSC_@Ec@CMCMEMQe@KWo@cBo@aBM[{BqFSe@IMGIEEGEIEICI?GAG@E@G@GBgC|AGDEDGFCDEHCDc@jAEDA@A?C?C?AAECi@m@EEACCG?G?G@I?CH]@M??ALI\?BAH?F?FBF@BDDh@l@DB@@B?B?@?@ADEb@kABEDIBEFGDEFEfC}AFCFADAFAF@H?HBHDFDDDFHHLRd@zBpFLZn@`Bn@bBJVPd@DLBLBLDb@B^BRBd@@L@VBd@@^@V?R?\?V?N?H@T?J?L@L@HD\HHDNBLDXBX?b@MNIJQPGDMFIFIDy@Zo@R{@Vk@Nu@Pc@NE@gAVcATy@PQDE?G@[FWFUDKB{@PoA^SFSFODMB_@LSHo@T]NOH_A^q@Xs@ZOD]Ru@ZUL[GCAMOCSEi@Q}AG[Gg@QuAEa@Kq@E[Im@w@iGWkBGg@Ig@My@E]Y}Ao@mCMi@Ki@YiA_@mAe@iAg@y@q@uASm@Oi@Kk@Ow@AGC[Ag@@{B?O?CF{FBsABaBHqBL{AN{AF]Ha@Pi@JYNWb@}@v@yAv@sAd@_AN_@Z_AP_Ap@{Et@{ENiAN_ADYBKVsBJ_ADk@Bk@?{@GgAXIrAc@J?N?JFJFhBtBZkAFW\eBaBuAZeBQq@MO??LNPp@DEH@FFpAr@NeAR_BPeBHuA@]H}ABaADqB???mAAqAr@QXIl@OHGJGV[P[BX?PEdAAJEnACrAArAq@B]BO?oAFs@DO@M?yCN]@I?U@Y@G?oAJUB_@Ji@Ra@R]Re@^o@r@Qb@IT?L?DBNBLNd@hAlB\f@\l@Vl@Pd@Lp@Jr@Hz@FfA?z@Cj@Ej@K~@WrBCJEXO~@OhAu@zEq@zEQ~@[~@O^e@~@w@rAw@xAc@|@OVKXQh@I`@G\RXp@t@n@~@FHh@x@Zh@Xf@j@fAZj@Rd@FJ\w@|@oBAOCE?eB	Click to Generate
S4	45	1			3	Le Bon Vin (S4)	PDSA (S4)	J W Young (Butchers) Ltd (S4)	3528	2646	s~{dIx{wGNYl@?XNVRV^@@nAb@zAh@^wC}@[iAe@g@OiA_@gB{@KCAA}@]MEyGeCmBs@EAEAE@E@E@EFEHgA~BM`@GLABMH@XLh@t@vA`@x@`AnBJNPWBAPWUXQVKOaAoBa@y@u@wAWQIOS[GIYa@S]KUIOJYFQP_@LSVWl@oAR\Sd@??Re@S]Xo@f@eAv@gBdA}Br@aBJWXs@Tu@\eAb@kAfA{C`ByEJ[n@wBVu@DKL]^h@@BJLNTFHJP^h@FL`@p@j@|@R^LRBDBDV\nAfBx@dAZ^JP\^FFFHx@~@K\Qn@?BCD[dAu@~BsAfEYi@AMCuHlAlBd@v@jAfBNP`@N\ZjAfBGx@Q~BADIfBAt@i@rBg@hAk@|Ao@Ki@SgA]_@vC{Ai@oAc@AAW_@WSYOm@?OX	Click to Generate
S4	20	1			3	Page Hall Medical Centre (S4)	Oasis Academy Fir Vale (S4)	St Cuthberts (S4)	1716	1287	{`~dIfzyG??GiBBABO@MUwAEWCUIFM@GCE^G`@Mf@O^CDKR?@SXSXCDMNLOBERYRYJUBEN_@Lg@w@Om@KGAQ`D?JANCZALCl@An@Br@Dn@Dh@Lr@L`AD\??Fp@JdA@LFd@BRDTJd@BHJf@DTLf@DTLl@^\PRHFERAF?F?t@AtC@Tm@F@uB?{@@mA?MAQAOEWMm@EUMg@EUKg@CIKUOYIOEIIOOg@Sa@aEiI`BkAdA_ALAD?@MB[@O?KPaDF@l@Jv@NFa@D_@By@BIFAFBDRD^CFBTDVTvAALCNC@FhB??	Click to Generate
S4	30	1			3	Jamia Masjid Ghausia (S4)	Fir Vale Academy (S4)	St Cuthberts (S4)	2806	2104	qh~dI`xyGq@c@[USOMb@KVMLSLSJk@TUJGFgGpMGLCJ?JRlB\~CVCZCp@Cp@?rABjA@f@?`A@|@?l@@v@BRDJMFG@EBI@I?UEUKg@CIKe@EUCSGe@AMKeAGq@E]MaAGc@EOEi@Eo@Cs@@o@Bm@@MB[@O?KPaDF@l@Jv@NFa@D_@By@BIFAFBDRD^CFBTDVTvAALCNC@AQYPHxBXO??GiBBABO@MUwAEWCUIFM@GCE^G`@w@Om@KGAQ`D?JANCZALCl@An@Br@Dn@Dh@Lr@L`AD\Fp@JdA@LFd@BRDTJd@BHJf@DTLf@DTLl@^\PRHFERAF?F?t@AtC@Tm@F@uB?{@@mA?MAQAOEWMm@EUMg@EUKg@CIKUOYIOEIIOOg@Sa@aEiIUc@O]Ua@]u@TKj@URKRMLMJWLc@RNZTp@b@	Click to Generate
S4	60	1			3	Wood Hill Lodge (S4)	Wood Hill Grange (S4)	All Days (S4)	4383	3287	yn|dI`yyGOGKCM@IBKJKTi@tAf@v@nBjDDHJRVd@Wt@a@fAGR_AlCIRm@bBSl@IVUr@KNIDIBYFG?a@@QCSUQYa@w@Se@Ic@Ia@}@eD_AqDy@kCcAcDW{@GUWcA}@oCIUOa@[_ASq@aAsCAC]}@aAaBu@_BUk@M[Qk@Mk@Ky@OcAM}@OeAT_@h@mAdAuBXx@@F|BzFfBxDrAbClArBT\BDdAlBjCpEfAjBDHrA`ClBbDf@v@nBjDDHJRVd@~@bBFHv@lAf@v@`AbBCx@Cd@Ct@AZCfA?BCl@A\E`BCXCJ??CLILIHQ?WEeBSKCC?cAKwAOeAIe@Kk@Gc@nAUt@i@|AQa@aD_I_@aA^`ArD`Jh@}ATu@b@oAj@Fd@JdAHvANbAJB?JBdBRVDP?HIHMBM??BKBYDaB@]Bm@?CBgA@[Bu@Be@By@aAcBg@w@w@mAGI_AcBWe@KSEIoBkDg@w@h@uAJUJKHCLAJBNF	Click to Generate
S4	20	1			3	Jamia Dar Ul Uloom Qadiria Jillania Centre (S4)	Oasis Academy Fir Vale (S4)	Fir Vale Academy (S4)	1504	1128	ab~dIltzGHHPRHFXVLPPRDDDFNRJWTc@HK@K?IEUDT?HAJ_@n@KVOSEGEEQSMQYWIGQS_@]Mm@EUMg@EUKg@CIKe@EUCSGe@AMKeAGq@??E]MaAMs@Ei@Eo@Cs@@o@Bm@@MB[@O?KPaDF@l@Jv@NFa@D_@By@BIFAFBDRD^CFBTDVTvAALCNC@AQYPHxBXO??GiBBABO@MUwAEWCUIFM@GCE^G`@w@Om@KGAQ`D?JANCZALCl@An@Br@Dn@Dh@Lr@L`AD\Fp@JdA@LFd@BRDTJd@BHJf@DTLf@DTLl@TR	Click to Generate
S4	60	1			3	E-ACT Parkwood Academy (S4)	Watercliffe Meadow Community Primary School (S4)	S. Ali's Off Licence (S4)	8577	6433	eh~dIb_bHALI\?BAH?F?FBF@BDDh@l@DB@@B?B?@?@ADEb@kABEDIBEFGDEFEfC}AFCFADAFAF@H?HBHDFDDDFHHLRd@zBpFLZn@`Bn@bBJVPd@DLBLBLDb@B^BRBd@@L@VBd@@^@V?R?\?V?N?H@T?J?L@L@HD\HHDNBLDXBX?b@MNIJQPGDMFIFIDy@Zo@R{@Vk@Nu@Pc@NE@gAVcATy@PQDE?G@[FWFUDKB{@PoA^SFSFODMB_@LSHo@T]NOH_A^q@Xs@ZOD]Ru@ZUL[GCAMOCSEi@Q}AG[Gg@QuAEa@Kq@E[Im@w@iGWkBGg@Ig@My@E]Y}Ao@mCMi@Ki@YiA_@mAe@iAg@y@q@uASm@Oi@Kk@Ow@AGC[Ag@@{B?O?CF{FBsABaBHqBL{AN{ARXp@t@n@~@FHh@x@Zh@Xf@j@fAZj@Rd@FJ\w@|@oBAOCE?eB???dBBD@N}@nB]v@GKSe@[k@k@gAYg@[i@i@y@hAoBj@cAHQP[Xg@l@cATe@DGPe@FOHWLc@Ps@Ha@BIL{@d@kCt@mFLgAPuABWH}@F]H_@Vy@r@_Cl@{BPu@ZkAFW\eBaBuAZeBQq@MO??LNPp@DEH@FFpAr@NeAR_BPeBHuA@]H}ABaADqB???mAAqAr@QXIl@OHGJGV[P[BX?PEdAAJEnACrAArAq@B]BO?oAFs@DO@M?yCN]@I?U@Y@G?oAJUB_@Ji@Ra@R]Re@^o@r@Qb@IT?L?DBNBLNd@hAlB\f@\l@Vl@Pd@Lp@Jr@Hz@FfA?z@Cj@Ej@K~@WrBCJEXO~@OhAu@zEq@zEQ~@[~@O^e@~@w@rAw@xAc@|@OVKXQh@I`@G\OzAMzAIpBC`BCrAGzF?B?NAzB@f@BZ@FNv@Jj@Nh@Rl@p@tAf@x@d@hA^lAXhAJh@Lh@n@lCX|AD\Lx@Hf@Ff@VjBv@hGHl@DZJp@D`@PtAFf@FZP|AJLFHRLF@j@Ul@Sb@Sn@Y|Ao@ZMbA]FCVKZKTIlAa@fBc@dAUDAFATE\Gj@MjASp@QFAt@St@Or@Sb@KFEXIVMXKHGJIJIHIBCPOEQCQ?YBc@@IFc@Jm@BSFS?I?O?W?]?SAWA_@Ce@AWAMCe@CSC_@Ec@CMCMEMQe@KWo@cBo@aBM[{BqFSe@IMGIEEGEIEICI?GAG@E@G@GBgC|AGDEDGFCDEHCDc@jAEDA@A?C?C?AAECi@m@EEACCG?G?G@I?CH]@M	Click to Generate
S4	15	1			3	Silver Pan (S4)	MyCigara (S4)	J W Young (Butchers) Ltd (S4)	1222	916	ae{dIpfwGKc@EOK[BIBCPENEREp@q@`@e@a@wALd@Rp@a@d@q@p@S\EDWVK[K]EOCMCMGq@Oa@Yo@GPEHQf@ELKZcAtC][a@OOQkAgBe@w@mAmBBtH@LXh@rAgEt@_CZeABE?CPo@J]BBl@t@Z`@n@x@^h@Xn@N`@Pd@L`@@JFXBh@DNJb@	Click to Generate
S4	20	1			3	Baltic Pearl (S4)	Attercliffe News & Booze (S4)	Aaliyah Mosque (S4)	1651	1238	qf{dIfawG@BL`@@JFXBh@DNb@nBBHHd@c@`@e@b@}@w@UU[e@kAgBbAuCJ[DMVq@FQ_@i@o@y@[a@TcAMj@GVZ`@n@x@^h@Xn@N`@Pd@L`@@JFXPENEREp@q@`@e@HI`@a@TSHSL_@DGHQBGNM@CFQDQJc@He@l@cDeBeAARSpCAF?D?D?DBxATCUB?CCuA?E?E?E@GRqC@SdBdAm@bDId@Kb@EPGPABAVAHCLINILKLSFURa@`@IHa@d@q@p@S\EDWVK[K]EOCMCMGq@N`@	Click to Generate
S4	15	1			3	Accelerate (S4)	Warty Lounge (S4)	Bit Of Everything (S4)	1253	940	cr{dIx~vGd@v@t@_CZeABE?CLe@BIJ]BBl@t@Z`@n@x@^h@Xn@N`@Pd@L`@@JFXPENERES\EDWVK[K]OZ_@x@y@dBZd@TT|@v@hAeAIe@CIc@oBEOK[BIBCPENEREp@q@`@e@a@wALd@Rp@a@d@q@p@S\EDWVK[K]o@tAy@dBkAgB][a@OOQkAgBe@w@	Click to Generate
S4	30	1			3	Global Hair & Beauty (S4)	Oasis Academy Fir Vale (S4)	Masjid Umar (S4)	2380	1785	c}}dIvvzGUb@KVOSEGEEQSMQYWIGQSIIUSMm@EUMg@EUKg@CI[o@IOEIIOOg@Sa@aEiI`BkAdA_ALAD?Cl@An@Br@Dn@Dh@Lr@L`AD\??Fp@JdA@LFd@BRDTJd@BHJf@DTLf@DTLl@^\PRHFXVLPPRDDDFNRPVP^@DP\bAzBfA~B`BpD`@hARj@N`@HRN`@BHBJn@`Bn@bB`@lAlAmALOBG?G_@oAc@uAY_AEOIEIQq@kA}@hBLUn@sAp@jAHPHDDNX~@b@tA^nA?FCFMNmAlAa@mAo@cBo@aBCKCIOa@ISOa@Sk@a@iAaBqDgA_CcA{BQ]AEQ_@QWJWTc@	Click to Generate
S4	30	1			3	Fir Vale Pharmacy (S4)	St Cuthberts (S4)	Fir Vale Academy (S4)	2388	1791	_g~dIdbzGEOEi@Eo@Cs@@o@Bm@@MB[@O?KPaDDw@Dy@mAmA}@tD]~ARNZTp@b@TPgAu@[USOMb@KVMLSLSJk@TUJGFgGpMGLCJ?JRlB\~CVCZCp@Cp@?rABjA@f@?`A@|@?l@@v@BRDJMFG@EBI@I?UEUKg@CIKUOYIOEIIOOg@Sa@aEiI`BkAdA_ALAD?@MB[@O?KPaDF@l@Jv@NFa@D_@By@BIFAFBDRD^CFBTDVTvAALCNC@AQYPHxBXO??GiBBABO@MUwAEWCUIFM@GCE^G`@w@Om@KGAQ`D?JANCZALCl@An@Br@Dn@Dh@DN	Click to Generate
S4	60	1			3	Awesome Walls Sheffield (S4)	Wood Hill Lodge (S4)	All Days (S4)	4666	3500	gm|dIj{yGc@w@MQOGKCM@IBKJKTi@tAmBcDsAaCj@uA~AsDHPBLBXDLRZ^h@BJ@J?J??Wt@AJ@F`@p@a@q@AG@KVu@?KAKCK_@i@S[EMCYCMIQ_BrDk@tAEIgAkBkCqEeAmBCEU]mAsBsAcCgByD}B{FAGYy@eAtBi@lAU^NdAL|@NbAJx@Lj@Pj@LZTj@t@~A`A`B\|@@B`ArCRp@j@`BHT|@nCVbAFTVz@bAbDx@jC~@pD|@dDH`@Hb@Rd@`@v@PXRTPB`@AF?XGHCHEJOTs@HWRm@l@cBHS~@mCFS`@gAVu@~@bBFHv@lAf@v@`AbBCx@Cd@Ct@AZCfA?BCl@A\E`BCXCJ??CLILIHQ?WEeBSKCC?cAKwAOeAIe@Kk@Gc@nAUt@i@|AQa@aD_I_@aA^`ArD`Jh@}ATu@b@oAj@Fd@JdAHvANbAJB?JBdBRVDP?HIHMBM??BKBYDaB@]Bm@?CBgA@[Bu@Be@By@aAcBg@w@w@mAGI_AcBWe@KSEIoBkDg@w@h@uAJUJKHCLAJBNFLPb@v@	Click to Generate
S4	20	1			3	MyCigara (S4)	Baltic Pearl (S4)	J W Young (Butchers) Ltd (S4)	1527	1145	ab{dIv~vGRp@a@d@q@p@S\EDWVK[K]o@tAy@dBkAgBbAuCJ[DMPg@DIFQXn@N`@Pd@L`@@JFXBh@DNb@nBBHHd@c@`@e@b@}@w@UU[e@kAgB][a@OOQkAgBe@w@mAmBBtH@LXh@rAgEt@_CZeABE?CPo@J]BBl@t@Z`@n@x@^h@Xn@N`@Pd@L`@@JFXPENEREp@q@`@e@Sq@	Click to Generate
S4	45	1			3	Busk Meadow Park (S4)	Shirecliffe Community Centre (S4)	Norwood and Bishopsholme Community Centre (S4)	3337	2503	_n~dI|g~G]H@pA?lAEpBs@DO@M?yCN]@I?U@Y@G?oAJUBQ_AQcA[sA]kA_@_Ak@uAm@iATi@FKDENCf@KHAJCRCt@IHCJGbBgAF?LCLCPAHDFHXjALn@??Mo@YkAGIIEQ@MBMBG?cBfAKFIBu@HSBKBI@g@JOBEDGJUh@l@hAj@tA^~@\jAZrAPbAP~@TCnAKF?LAJ?TAH?\AxCOL?NAr@EnAGN?BlCCmCO?oAFs@DO@M?yCN]@I?U@Y@G?oAJUBQ_AQcA[sA]kA_@_Ak@uAm@iATi@FKDENCf@KHAJCRCt@IHCJGbBgAF?LCLCPA??HDFHXjALn@Mo@YkAGIIEQ@MBMBG?cBfAKFIBu@HSBKBI@g@JOBEDGJUh@l@hAj@tA^~@\jAZrAPbAP~@TCnAKF?XATAH?\AxCOL?NAr@EDqB?mAAqA\I	Click to Generate
S4	60	1			3	St. James Church (S4)	Scott Road Store (S4)	All Days (S4)	5891	4418	eqzdIvn~GF_@RgBFg@@CBE@A@?BA@?PJL?NCJEAKCg@?O?O@Q@Q@MN}BF{@Dq@@M@QB]Fa@[MSKICYMIEy@_@C?K?C@G@A@EBM@E?KAIAEAWCGAoACMAS@G@C@EDED_AvAEFWb@INCBCBC@SBeAVGBGBEBA@C@EBEBKH}ApAOJMFMFKDKBOBMBM@Q?m@EI?aBIsAEuBI}@KYMc@Wk@k@mBqBy@_A]_@UUEGW]GGiB}BMO]We@SUGQG_@EKAEAu@IGAGAOCOEICGCICq@[m@YGCOGOGIE]SGC]Ue@g@CCe@o@[g@CEWc@CEEIMWISOYWa@_@m@MS_@o@Ye@[q@Ue@EIa@}@Sc@u@aBa@aAEKPWBIHgB@]NqCP{DFBFDFJFJRWJ]@IGY??FXAHK\SVGKGKGEGC@m@N_DHmAH{@Ho@H]x@aCL[HUPg@FQJ[v@mBx@yBQa@aD_I_@aA^`ArD`Jy@xBw@lBSl@Qf@ITMZy@`CI\In@Iz@IlAO~CAl@QzDOpCA\IfBCHQVDJ`@`At@`BRb@`@|@DHTd@Zp@Xd@^n@LR^l@V`@NXHRLVDHBDVb@BDZf@d@n@BBd@f@\TFB\RHDNFNFFBl@Xp@ZHBFBHBNDNBF@F@t@HD@J@^DPFTFd@R\VLNhB|BFFV\DFTT\^x@~@lBpBj@j@b@VXL|@JtBHrAD`BHH?l@DP?LALCNCJCJELGLGNK|AqAJIDCDCBA@ADCFCFCdAWRCBABCBCHOJNFDHDv@XJBH@F?F?H?FAFAHAHAHEHEJGJEHEFEBCDCDAJCJy@Be@Be@@c@@G?Q?k@?ICw@?]By@PeDNYFED?D?A\@X@\@TFh@D\BNFTHTL^DHd@hAFNBBLP@DHJHPBDBTHP@L?NCVG`@C\APALEp@Gz@O|BALAPAP?N?NBf@@JKDOBM?QKA?C@A?A@CDABGf@SfBG^	Click to Generate
S4	20	1			3	Jamia Dar Ul Uloom Qadiria Jillania Centre (S4)	Oasis Academy Fir Vale (S4)	Fir Vale Academy (S4)	1504	1128	ac~dIzrzGH\^\PRHFXVLPPRDDDFNRJWTc@HK@K?IEUDT?HAJ_@n@KVOSEGEEQSMQYWIGQS_@]Mm@EUMg@EUKg@CIKe@EUCSGe@AMKeAGq@??E]MaAMs@Ei@Eo@Cs@@o@Bm@@MB[@O?KPaDF@l@Jv@NFa@D_@By@BIFAFBDRD^CFBTDVTvAALCNC@AQYPHxBXO??GiBBABO@MUwAEWCUIFM@GCE^G`@w@Om@KGAQ`D?JANCZALCl@An@Br@Dn@Dh@Lr@L`AD\Fp@JdA@LFd@BRDTJd@BHJf@DTLf@DTBN	Click to Generate
S4	20	1			3	The Carlton Hotel (S4)	Accelerate (S4)	Aaliyah Mosque (S4)	1808	1356	mg{dIj{vGQDK`AXn@N`@Pd@L`@@JFXBh@BF@Fb@nBBHHd@iAdA}@w@UU[e@kAgB][a@OOQkAgBt@_CZeABE?CLe@BIJ]BBl@t@Z`@n@x@^h@Xn@N`@Pd@L`@@JFXPENEREp@q@`@e@HI`@a@TSHSL_@DGHQBGNM@CFQDQJc@He@l@cDeBeAARSpCAF?D?D?DBxATCUB?CCuA?E?E?E@GRqC@SdBdAm@bDId@Kb@EPGPABAVAHCLINILKLSFURa@`@IHa@d@q@p@S\EDWVK[K]EOCMCMGq@Oa@Yo@JaAPE	Click to Generate
S4	45	1			3	City Motor Factors (S4)	Colourcraft Limited (S4)	Eye of Needle (S4)	3450	2588	kt|dIlqwG^m@FrAFn@@V@XLh@t@vAb@a@BCDCJCF?jAEJ?J@^H_@IKAK?sADKBEBCBc@`@u@wAWQIOS[GIYa@KCKAI?G?O?QXu@`BgAdCkCbGXd@@B@@pDjGu@jBh@|@i@}@t@kBqBkD_A_BAAACYe@jCcGfAeCt@aBJk@DINa@JYFQP_@LSVWHTBLD`@FrAFn@HI@?JMNMfA_CDIDGDADADAD@D@lBr@xGdCLD|@\@@JBfBz@hA^f@NhAd@|@Z_@vC{Ai@oAc@AAW_@WSYOm@?OX??NYl@?XNVRV^@@nAb@zAh@^wC}@[iAe@g@OiA_@gB{@KCAA}@]MEyGeCmBs@EAEAE@E@E@EFEHgA~BM`@GLABMHM@WBGIYa@S]KUIOJYFQP_@LSVWHTBLD`@_@l@	Click to Generate
S4	20	1			3	St Cuthberts (S4)	Yours Food and Wine (S4)	Oasis Academy Fir Vale (S4)	1674	1256	u_~dIptzG@P@ZA\MQYWIGQS_@]Mm@EUMg@EUKg@CIKUOYIOEIIOOg@TVFFDBJLBRDTJd@BHJf@DTLf@DTLl@^\PRHFXVLPPRDDDFNRPVP^@DP\bAzBGNCDC@OHIDi@ViAh@q@\y@^C@AA@]@g@@_@@kB@uB?{@@mA?MAQAOEWMm@EUMg@EUKg@CI[o@IOEIIOOg@Sa@aEiI`BkAdA_ALAD?Cl@An@Br@Dn@Dh@Lr@L`AD\??Fp@JdA@LFd@BRDTJd@BHJf@DTLf@DTLl@^\PRHFXVLP@]A[AQ	Click to Generate
S4	45	1			3	La Piazza (S4)	Eye of Needle (S4)	Colourcraft Limited (S4)	3508	2631	ml|dIv~wGC@QVKOaAoBa@y@u@wAWQIOS[GIYa@S]KUIOJYFQP_@LSVWHTBLD`@e@x@DK^m@FrAFn@HI@?JMNMfA_CDIDGDADADAD@D@lBr@xGdCLD|@\@@JBfBz@hA^f@NhAd@|@Z_@vC{Ai@oAc@AAW_@WSYOm@?OX??NYl@?XNVRV^@@nAb@zAh@^wC}@[iAe@g@OiA_@gB{@KCAA}@]MEyGeCmBs@EAEAE@E@E@EFEHgA~BM`@GLABMHM@WBGIYa@KCKAI?G?O?QXu@`BgAdCkCbGXd@@B@@~@~ApBjDrBnD|FzJ~CxF~@qBv@gBeA}Az@qBDi@Bc@@W@u@@I@G@IBGa@q@S]GKIOO_@CIKq@Mc@Ms@WyAKa@K]Oc@Oe@]_Aa@s@PWBA	Click to Generate
S4	20	1			3	Adept Afro Hair & Beauty (S4)	Illusionz (S4)	Aaliyah Mosque (S4)	1655	1241	ig{dIj{vGUDK`A_@i@o@y@[a@MO_@e@CCK\Qn@?BCD[dAu@~BjAfBNP`@N\ZjAfBZd@TT|@v@hAeAIe@CIWkAKc@EOK[BIBCPENEREp@q@`@e@HI`@a@TSHSL_@DGHQBGNM@CFQDQJc@He@l@cDeBeAARSpCAF?D?D?DBxATCUB?CCuA?E?E?E@GRqC@SdBdAm@bDId@Kb@EPGPABAVAHCLINILKLSFURa@`@IHa@d@q@p@S\EDWVK[K]EOCMCMGq@Oa@Yo@JaATE	Click to Generate
S4	20	1			3	Bit Of Everything (S4)	Beauty Beneath (S4)	J W Young (Butchers) Ltd (S4)	1519	1139	eg{dIrdwGUd@y@dBZd@TT|@v@hAeAIe@CIc@oBEOK[BIBCPENEREp@q@`@e@a@wALd@Rp@a@d@q@p@S\EDWVK[K]EOCMCMGq@Oa@Yo@_@i@GGg@q@[a@m@u@CCK\Qn@?BCD[dAu@~BsAfEYi@AMCuHlAlBd@v@jAfBNP`@N\ZjAfBZd@TT|@v@hAeAIe@CIc@oBEOK[K]Yn@	Click to Generate
S4	20	1			3	Attercliffe News & Booze (S4)	Baltic Pearl (S4)	Aaliyah Mosque (S4)	1733	1300	yf{dIt`wGHTL`@@JFXPENERES\EDWVK[K]EOCMCMGq@Oa@Yo@_@i@o@y@[a@TcAMj@GVZ`@n@x@^h@GPWp@ELKZcAtCjAfBZd@TT|@v@d@c@b@a@Ie@CIc@oBEOK[BIBCPENEREp@q@`@e@HI`@a@TSHSL_@DGHQBGNM@CFQDQJc@He@l@cDeBeAARSpCAF?D?D?DBxATCUB?CCuA?E?E?E@GRqC@SdBdAm@bDId@Kb@EPGPABAVAHCLINILKLSFURa@`@IHa@d@q@p@S\EDWVK[K]EOCMCMGq@FN	Click to Generate
S4	20	1			3	Crabtree Ponds (S4)	St. James Church (S4)	Masjid Umar (S4)	1894	1420	ym}dIlf|Gc@eCTMTOCKEEECm@?s@?]@@WBMRODE@EAEMu@GW?K@O@MFKGJAL??AN?JFVLt@@DADEDSNCLAV\Ar@?l@?DBDDBJDCJETGPARAL?Rn@d@zAz@|CZfAPh@n@tBPWBIHgB@]NqCP{DFBFDFJFJRWJ]@IGY??FXAHK\SVGKGKGEGC@m@MIGGGM_EaNe@}AmBPKAIEIQq@kA}@hBLUn@sAp@jAHPHDDNX~@b@tA^nA?FCFMNmAlARr@j@tBDNXbAM?S@Q@UFKDEBUNULb@dC	Click to Generate
S4	45	1			3	Crabtree Ponds (S4)	Tea and Cakes (S4)	Yours Food and Wine (S4)	3950	2962	oq}dI`m{Gn@sAp@jAHPHDDNX~@b@tA^nA?FCFMNmAlARr@j@tBDNXbAM?S@Q@UFKDEBCKEEECm@?s@?]@@WBMRODE@EAEMu@GW?K@O@MFKGJAL??AN?JFVLt@@DADEDSNCLAV\Ar@?l@?DBDDBJDCJETGPARAL?Rn@d@zAz@|CZfAPh@n@tBPWBIHgB@]NqCP{D@m@N_DHmAH{@Ho@H]x@aCL[HUPg@Rm@kAqCeAkCw@qB_AcCGHI\Ml@CRQDMHKFCHADCN?VBVFPb@jAb@dAJTKNt@zEBHDBD?DIp@gBdAqCjApCSl@Qf@ITMZy@`CI\In@Iz@IlAO~CAl@QzDOpCA\IfBCHQVo@uBQi@[gA{@}Ce@{ASo@YcAEOk@uBSs@a@mAo@cBo@aBCKCIOa@ISUNwB~AI@{@yDoBaIh@WHENIBABEFOfA~B`BpD`@hARj@N`@HRN`@BHBJn@`Bn@bB`@lAlAmALOBG?G_@oAc@uAY_AEOIEIQq@kAo@rA	Click to Generate
S4	15	1			3	The Dream Lounge (S4)	J W Young (Butchers) Ltd (S4)	Illusionz (S4)	1333	1000	_l{dIdyvGFFZ`@n@x@^h@Tf@BFN`@Pd@L`@@JFXBh@DNb@nBBHHd@iAdA}@w@UU[e@kAgB][a@OOQkAgBe@w@mAmBBtH@LXh@rAgEjAfBNP`@N\ZjAfBZd@TT|@v@hAeAIe@CIWkAKc@EOK[K]EOCMCMGq@Oa@Yo@_@i@o@y@[a@GG	Click to Generate
S4	45	1			3	Busk Meadow Park (S4)	Shirecliffe Community Centre (S4)	Norwood and Bishopsholme Community Centre (S4)	3266	2450	{n~dI~i~G?X?lAEpBs@DO@M?yCN]@I?U@Y@G?oAJUBQ_AQcA[sA]kA_@_Ak@uAm@iATi@FKDENCf@KHAJCRCt@IHCJGbBgAF?LCLCPAHDFHXjALn@??Mo@YkAGIIEQ@MBMBG?cBfAKFIBu@HSBKBI@g@JOBEDGJUh@l@hAj@tA^~@\jAZrAPbAP~@TCnAKF?LAJ?TAH?\AxCOL?NAr@EnAGN?BlCCmCO?oAFs@DO@M?yCN]@I?U@Y@G?oAJUBQ_AQcA[sA]kA_@_Ak@uAm@iATi@FKDENCf@KHAJCRCt@IHCJGbBgAF?LCLCPA??HDFHXjALn@Mo@YkAGIIEQ@MBMBG?cBfAKFIBu@HSBKBI@g@JOBEDGJUh@l@hAj@tA^~@\jAZrAPbAP~@TCnAKF?XATAH?\AxCOL?NAr@EDqB?mA?Y	Click to Generate
S4	20	1			3	Warty Lounge (S4)	Bit Of Everything (S4)	J W Young (Butchers) Ltd (S4)	1619	1214	og{dItyvGOz@K`AXn@N`@Pd@L`@@JFXPENERES\EDWVK[K]OZ_@x@y@dBZd@TT|@v@hAeAIe@CIc@oBEOK[BIBCPENEREp@q@`@e@a@wALd@Rp@a@d@q@p@S\EDWVK[K]EOCMCMGq@Oa@Yo@_@i@o@y@[a@m@u@CCK\Qn@?BCD[dAu@~BsAfEYi@AMCuHlAlBd@v@jAfBNP`@N\ZbAuCJ[DMVq@FQJaAN{@	Click to Generate
S4	20	1			3	Baltic Pearl (S4)	Attercliffe News & Booze (S4)	Aaliyah Mosque (S4)	1651	1238	of{dIjawG??L`@@JFXBh@DNb@nBBHHd@c@`@e@b@}@w@UU[e@kAgBbAuCJ[DMVq@FQ_@i@o@y@[a@TcAMj@GVZ`@n@x@^h@Xn@N`@Pd@L`@@JFXPENEREp@q@`@e@HI`@a@TSHSL_@DGHQBGNM@CFQDQJc@He@l@cDeBeAARSpCAF?D?D?DBxATCUB?CCuA?E?E?E@GRqC@SdBdAm@bDId@Kb@EPGPABAVAHCLINILKLSFURa@`@IHa@d@q@p@S\EDWVK[K]EOCMCMGq@Pd@	Click to Generate
S4	15	1			3	Illusionz (S4)	Silver Pan (S4)	J W Young (Butchers) Ltd (S4)	1415	1061	yh{dIn~vGQf@ELKZcAtCjAfBZd@TT|@v@hAeAIe@CIWkAKc@EOK[BIBCPENEREp@q@`@e@a@wALd@Rp@a@d@q@p@S\EDWVK[K]EOCMCMGq@Oa@Yo@_@i@o@y@[a@m@u@CCK\Qn@?BCD[dAu@~BsAfEYi@AMCuHlAlBd@v@jAfBNP`@N\ZbAuCJ[DMPg@	Click to Generate
S4	20	1			3	Yours Food and Wine (S4)	Oasis Academy Fir Vale (S4)	Fir Vale Academy (S4)	1866	1400	m`~dIrrzGJG@NHj@@Z@ZA\PRDDDFNRPVP^@DP\bAzBGNCDC@OHIDi@ViAh@q@\y@^C@AA@]@g@@_@@kB@uB?{@@mA?MAQAOEWMm@EUMg@EUKg@CIKe@EUCSGe@AMKeAGq@??E]MaAMs@Ei@Eo@Cs@@o@Bm@@MB[@O?KPaDF@l@Jv@NFa@D_@By@BIFAFBDRD^CFBTDVTvAALCNC@AQYPHxBXO??GiBBABO@MUwAEWCUIFM@GCE^G`@w@Om@KGAQ`D?JANCZALCl@An@Br@Dn@Dh@Lr@L`AD\Fp@JdA@LFd@BRDTJd@BHJf@DTLf@DTLl@^\PRHFXVLP@]A[A[Ik@AOKF	Click to Generate
S4	30	1			3	Beauty Beneath (S4)	Aaliyah Mosque (S4)	J W Young (Butchers) Ltd (S4)	2242	1682	wd{dIfcwG@?RES\EDWVK[K]EOCMCMGq@Oa@Yo@_@i@GGg@q@d@_CPL\TH]^Tc@dCK`AXn@N`@Pd@L`@@JFXPENEREp@q@`@e@HI`@a@TSHSL_@DGHQBGNM@CFQDQJc@He@l@cDeBeAARSpCAF?D?D?DBxATCUB?CCuA?E?E?E@GRqC@SdBdAm@bDId@Kb@EPGPABAVAHCLINILKLSFURa@`@IHa@d@q@p@S\EDWVK[K]o@tAy@dBkAgB][a@OOQkAgBe@w@mAmBBtH@LXh@rAgEt@_CZeABE?CPo@J]BBl@t@Z`@n@x@^h@Xn@N`@Pd@L`@@JFXPELE	Click to Generate
S4	20	1			3	Attercliffe News & Booze (S4)	Aaliyah Mosque (S4)	Baltic Pearl (S4)	1593	1195	ig{dIr_wGGOYo@_@i@o@y@[a@TcAMj@GVZ`@n@x@^h@Xn@N`@Pd@L`@@JFXPENEREp@q@`@e@HI`@a@TSHSL_@DGHQBGNM@CFQDQJc@He@l@cDeBeAARSpCAF?D?D?DBxATCUB?CCuA?E?E?E@GRqC@SdBdAm@bDId@Kb@EPGPABAVAHCLINILKLSFURa@`@IHa@d@q@p@S\EDWVDNb@nBBHHd@c@`@e@b@}@w@UU[e@kAgBbAuCJ[DMVq@FQXn@FN	Click to Generate
S4	60	1			3	WHSmith (S4)	Northern Perk (S4)	Norwood Grange Care Home (S4)	4538	3404	_v~dIpy{G?@HNJTR^JV\l@LVNVb@|@LTLTBDP\^t@DFVf@DF@DBBd@hADH`@q@BG@ARYlAgCd@_AFKHUHYF]Da@\_DDm@@q@@sBAeB?]@s@Bo@Dg@DWHo@JoA@]@g@@_@@kB@uB?{@@mA?MAQAOEWUQOICCSESEw@Cm@A}@?aAAAbAGjD?D?l@X?LFNFPNLLNZN`@DZBZ@P@b@An@?v@Ah@Gh@Kh@M^IRKL]ZQLEWKYEGG?I?SAC?ENEFM?CC?G???IBCFAH?FBB?R@H?F?DFJXDVPM\[JMHSL_@Ji@Fi@@i@?w@@o@Ac@AQC[E[Oa@O[MMQOOGMGY??m@?EFkD@cA`A@|@?l@@v@BRDRDBBNHTPDV@N@P?LAlA?z@AtBAjBA^Af@A\KnAIn@EVEf@Cn@Ar@?\@dBArBAp@El@]~CE`@G\IXITGJe@~@mAfCKf@Uj@EFEJMQEIe@iACCAEEGWg@Wd@gAuBTg@LTBDP\^t@DFVf@DF@DBBDJ^|@DHLPGLEHKTIPWd@[`@SPa@Ts@r@w@v@q@l@y@p@YX[`@U\q@|Aa@|@Ud@g@dAMQg@u@a@o@_@k@UQE?]GsBYGCJ_AJw@LDFAJCFBtBdAA@UpATP^j@`@n@f@t@LPf@eATe@`@}@p@}AT]Za@XYx@q@p@m@v@w@r@s@d@u@R]FMb@w@DGR_@EIe@iACCAEEGWg@EG_@u@Q]CEMUMUc@}@OWMW]m@KWS_@KUIO?A	Click to Generate
S4	45	1			3	Northern General Hospital (S4)	Sheffield GP Collaborative (Out of Hours Service) (S4)	Norwood Grange Care Home (S4)	4032	3024	gm~dI`h|GEKCCAEEGWg@EG_@u@Q]CEMUMUc@}@OWMW]m@KWS_@KUIO?AGUGSIGKGO?]?i@@A?_@FuAZO@E?qA@sA?MAEM?ODKCGAGC}@?QCaCA_@?Q?u@?WAq@AO?I?M?I?M?SBSTAv@CD?B?r@ALAXAJCHEDCJGFGRYJM\SLK`Am@dAq@VO^S`D_B|@g@LILEHAX?LFNFPNLLNZN`@DZBZ@P@b@An@?v@Ah@Gh@Kh@M^IRKL]ZQLMJUNa@EGAC@CBANK\SBETSHRIDURCJ]@OBCBAF@`@D@ARMLKPM\[JMHSL_@Ji@Fi@@i@?w@@o@Ac@AQC[E[Oa@O[MMQOOGMGY??m@?EFkD@cA`A@|@?l@@v@BRDRDBBNHTPDV@N@P?LAlA?z@AtBAjBA^Af@A\KnAIn@EVEf@Cn@Ar@?\@dBArBAp@El@]~CE`@G\IXITGJe@~@mAfCKf@Uj@EFEJGLEHKTIPWd@[`@SPa@Ts@r@w@v@q@l@y@p@YX[`@U\q@|Aa@|@Ud@g@dAMQg@u@a@o@_@k@UQE?]GsBYGCJ_AJw@LDFAJCFBtBdAA@UpATP^j@`@n@f@t@LPf@eATe@`@}@p@}AT]Za@XYx@q@p@m@v@w@r@s@d@u@R]FMb@w@DGR_@EI_@}@	Click to Generate
S4	20	1			3	Busk Meadow Park (S4)	Kaya Hair & Beauty (S4)	Shirecliffe Community Centre (S4)	1888	1416	_x~dId|}G??HDFHXjALn@??Mo@YkAGIIEQ@MBMBG?cBfAKFIBu@HSBKBI@g@JOBEDGJUh@l@hAj@tA^~@\jAZrAPbAP~@TCnAKF?XATAH?\AxCOL?NAr@EDqB?mAAqA\ITGXIl@OHGJGV[P[BX?PEdAAJEnACrAArAq@B]BO?oAFs@DO@M?yCN]@I?U@K?M@G?oAJUBQ_AQcA[sA]kA_@_Ak@uAm@iATi@FKDENCf@KHAJCRCt@IHCJGbBgAF?LCLCPA	Click to Generate
S4	45	1			3	Norwood and Bishopsholme Community Centre (S4)	Northern General Hospital (S4)	Northern Perk (S4)	3272	2454	oa_eIpy|GUpATP^j@`@n@f@t@LPQd@IPUj@]fAUv@ENYzAWtAKv@It@CVGfAI|BEdA?TE~@Cn@C\HJDDNNHJTi@FKDENCf@KHAJCRCt@IHCJGbBgAF?LCLCPA??HDFHXjALn@Mo@YkAGIIEQ@MBMBG?cBfAKFIBu@HSBKBI@g@JOBEDGJUh@IKOOEEIKB]Bo@D_A?UDeAH}BFgABWHu@Jw@VuAX{ADOTw@\gATk@HQPe@f@eATe@`@}@p@}AT]Za@XYx@q@p@m@v@w@r@s@d@u@R]FMb@w@DGR_@EIe@iACCAEEGWg@EG_@u@Q]CEMUMUc@}@OWMW]m@KWS_@KUIO?AGUDGDCFAB?`@Ad@Cd@AFGDM@M@KBKFGZMHAFFHPJVRd@DVJf@B\Bn@Bd@B`@ARCLEJCFOXS`@CFGLMT^t@DFVf@DF@DBBDJ^|@DHLPGLEHKTIPWd@[`@SPa@Ts@r@w@v@q@l@y@p@YX[`@U\q@|Aa@|@Ud@g@dAMQg@u@a@o@_@k@UQE?]GsBYGCJ_AJw@LDFAJCFBtBdAA@	Click to Generate
S4	20	1			3	St Cuthberts (S4)	Fir Vale Academy (S4)	Page Hall Medical Centre (S4)	1760	1320	cf~dIhfzGFp@JdA@LFd@BRDTJd@BHJf@DTLf@DTLl@^\PRHFERAF?F?t@AtC@Tm@F@uB?{@@mA?MAQAOEWMm@EUMg@EUKg@CIKUOYIOEIIOOg@Sa@aEiI`BkAdA_ALAD?@MB[@O?KPaDF@l@Jv@NFa@D_@By@BIFAFBDRD^CFBTDVTvAALCNC@AQYPHxBXO??GiBBABO@MUwAEWCUIFM@GCE^G`@Mf@O^CDKR?@SXSXCDMNLOBERYRYJUBEN_@Lg@w@Om@KGAQ`D?JANCZALCl@An@Br@Dn@Dh@Lr@L`AD\??	Click to Generate
S4	60	1			3	Whiteways Primary School (S4)	Wood Hill Lodge (S4)	Tea and Cakes (S4)	5423	4067	ui}dIfczGw@{B@KdCsCp@u@LCDDDDDR\b@_@yA}@oCIUk@aBSq@aAsCAC]}@aAaBu@_BQ`@EVAX?XBR@DqCdD\pANx@D^DTBb@D^PKT`CVxCBFD@EACGm@{GQJE_@Cc@EUE_@Oy@]qApCeDAECS?Y@YDWPa@t@~A`A`B\|@@B`ArCRp@j@`BHT|@nCVbAFTVz@bAbDx@jC~@pD|@dDH`@Hb@Rd@`@v@PXRTPB`@AF?XGHCHEJOTs@HWRm@l@cBHS~@mCFS`@gAVu@~@bBFHv@lAf@v@`AbBCx@Cd@Ct@AZCfA?BCl@A\E`BCXCJ??CLILIHQ?WEeBSKCC?cAKwAOeAIe@Kk@GIAcBQGEEIc@aAi@sAs@kBGGIAI?MBQL[^e@p@o@~@s@bAGHI\Ml@CR?RBPBPFVjAnCq@`AKUc@eAc@kAGQCW?WBO@EBIJGLIPEBSLm@H]FIr@cAn@_Ad@q@Z_@PMLCH?H@FFr@jBh@rAb@`ADHFDbBPH@j@Fd@JdAHvANbAJB?JBdBRVDP?HIHMBM??BKBYDaB@]Bm@?CBgA@[Bu@Be@By@aAcBg@w@w@mAGI_AcBWt@a@fAGR_AlCIRm@bBSl@IVUr@KNIDIBYFG?a@@QCSUQYa@w@Se@Ic@Ia@}@eD_AqDy@kCcAcDW{@]c@ESEEEEMBq@t@eCrCAJv@zB	Click to Generate
S4	20	1			3	Fir Vale Academy (S4)	Jamia Masjid Ghausia (S4)	St Cuthberts (S4)	1677	1258	ud~dI`wyGJSBEN_@Lg@Fa@D_@By@BIFAFBDRD^CFBTDVTvAALCNC@AQYPHxBXO??GiBBABO@MUwAEWCUIFM@GCE^G`@w@Om@KGAQ`D?JANCZALCl@An@Br@Dn@Dh@DNFb@L`AD\Fp@JdA@LFd@BRDTJd@BHJf@DTLf@DTLl@^\PRHFERAF?F?t@AtC@Tm@F@uB?{@@mA?MAQAOEWMm@EUMg@EUKg@CIKUOYIOEIIOOg@Sa@aEiI`BkAdA_ALAD?@MB[@O?KPaDF@l@Jv@NMf@O^CDKR	Click to Generate
S4	45	1			3	City Motor Factors (S4)	Eye of Needle (S4)	Colourcraft Limited (S4)	3592	2694	qr|dIlmwGRe@S]m@nAHTBLD`@FrAFn@@V@XLh@t@vAb@a@BCDCJCF?jAEJ?J@^H_@IKAK?sADKBEBCBc@`@u@wAWQIOS[GIYa@S]KUIOJYFQP_@LSVWHTBLD`@FrAFn@HI@?JMNMfA_CDIDGDADADAD@D@lBr@xGdCLD|@\@@JBfBz@hA^f@NhAd@|@Z_@vC{Ai@oAc@AAW_@WSYOm@?OX??NYl@?XNVRV^@@nAb@zAh@rEdBZLGlBo@rA]R_@JMJNXoBtDET]nDI`@Sb@_@x@INEHMXGTABKX]t@QViBfEuBlFSh@iEmH_DyF}F{JsBoDqBkD_A_BAAACYe@jCcGfAeCt@aBJk@DINa@JYFQP_@LSVWl@oAR\Sd@	Click to Generate
S4	45	1			3	Busk Meadow Park (S4)	Shirecliffe Community Centre (S4)	Norwood and Bishopsholme Community Centre (S4)	3250	2438	{n~dIvj~G?@?lAEpBs@DO@M?yCN]@I?U@Y@G?oAJUBQ_AQcA[sA]kA_@_Ak@uAm@iATi@FKDENCf@KHAJCRCt@IHCJGbBgAF?LCLCPAHDFHXjALn@??Mo@YkAGIIEQ@MBMBG?cBfAKFIBu@HSBKBI@g@JOBEDGJUh@l@hAj@tA^~@\jAZrAPbAP~@TCnAKF?LAJ?TAH?\AxCOL?NAr@EnAGN?BlCCmCO?oAFs@DO@M?yCN]@I?U@Y@G?oAJUBQ_AQcA[sA]kA_@_Ak@uAm@iATi@FKDENCf@KHAJCRCt@IHCJGbBgAF?LCLCPA??HDFHXjALn@Mo@YkAGIIEQ@MBMBG?cBfAKFIBu@HSBKBI@g@JOBEDGJUh@l@hAj@tA^~@\jAZrAPbAP~@TCnAKF?XATAH?\AxCOL?NAr@EDqB?mA?A	Click to Generate
S4	20	1			3	Baltic Pearl (S4)	Travel & More (S4)	Aaliyah Mosque (S4)	1669	1252	kf{dIpawGHZ@JFXBh@DNb@nBBHHd@c@`@e@b@}@w@UU[e@kAgB][a@OOQkAgBt@_CZeABE?CPo@J]BBl@t@Z`@PT\b@^h@Xn@N`@Pd@L`@@JFXPENEREp@q@`@e@HI`@a@TSHSL_@DGHQBGNM@CFQDQJc@He@l@cDeBeAARSpCAF?D?D?DBxATCUB?CCuA?E?E?E@GRqC@SdBdAm@bDId@Kb@EPGPABAVAHCLINILKLSFURa@`@IHa@d@q@p@S\EDWVK[K]EOCMCMGq@Pd@BD	Click to Generate
S4	20	1			3	Shirecliffe Community Centre (S4)	Busk Meadow Park (S4)	Norwood and Bishopsholme Community Centre (S4)	1535	1151	{n~dIfm~GEpBs@DO@M?yCN]@I?U@K?M@G?oAJUBQ_AQcA[sA]kA_@_Ak@uAm@iATi@FKDENCf@KHAJCRCt@IHCJGbBgAF?LCLCPAHDFHXjALn@??Mo@YkAGIIE??Q@MBMBG?cBfAKFIBu@HSBKBI@g@JOBEDGJUh@l@hAj@tA^~@\jAZrAPbAP~@TCnAKF?XATAH?\AxCOL?NAr@EDqB	Click to Generate
S4	20	1			3	All Days (S4)	St. James Church (S4)	Tea and Cakes (S4)	1899	1424	w||dIzl{GJ[v@mBx@yBQa@aD_I_@aA^`ArD`Jy@xBw@lBSl@Qf@ITMZy@`CI\In@Iz@IlAO~CAl@FBFDFJFJRWJ]@IGY??FXAHK\SVGKGKGEGC@m@N_DHmAH{@Ho@H]x@aCL[HUPg@Rm@kAqCeAkCw@qB_AcCGHI\Ml@CRQDMHKFCHADCN?VBVFPb@jAb@dAJTKNt@zEBHDBD?DIp@gBdAqCjApCKZ	Click to Generate
S4	15	1			3	The Dream Lounge (S4)	J W Young (Butchers) Ltd (S4)	Illusionz (S4)	1325	994	yk{dIjyvG@@Z`@n@x@^h@Tf@BFN`@Pd@L`@@JFXBh@DNb@nBBHHd@iAdA}@w@UU[e@kAgB][a@OOQkAgBe@w@mAmBBtH@LXh@rAgEjAfBNP`@N\ZjAfBZd@TT|@v@hAeAIe@CIWkAKc@EOK[K]EOCMCMGq@Oa@Yo@_@i@o@y@[a@AA	Click to Generate
S4	30	1			3	Northern General Hospital (S4)	Northern Perk (S4)	Yours Food and Wine (S4)	2770	2078	am~dInm{GRMLKPM\[JMHSL_@Ji@Fi@@i@?w@@o@Ac@AQC[E[Oa@O[MMQOOGMGY?I@MDMH}@f@aD~A_@RWNeAp@aAl@MJ]RKLSXGFKFEBIDKBY@M@s@@C?E?w@BU@CR?R?L?H?L?H@N@p@?V?t@?P@^B`C?PB|@@FBFJBdACfBED?v@GPAB?F?NHXH@?h@A\?N?JFHFFRFT?@HNJTR^JV\l@LVNVb@|@LTLTBDP\^t@DFVf@DF@DBBDJ^|@DH`@q@BG@ARYlAgCd@_AFKHUHYF]Da@\_DDm@@q@@sBAeB?]@s@Bo@Dg@DWHo@JoA@@BAx@_@p@]hAi@h@WHENIBABEFOcA{BQ]AEQ_@QWOSEGEEQSMQYWIGQS_@]UQOICCSESEw@Cm@A}@?aAAAbAGjD?D?l@X?LFNFPNLLNZN`@DZBZ@P@b@An@?v@Ah@Gh@Kh@M^IRKL]ZQLMJSL	Click to Generate
S4	60	1			3	Sheffield Steel City Beer Festival 49 (S4)	St. James Church (S4)	All Days (S4)	6159	4619	_ozdIdi~G??QKA?C@A?A@CDABGf@SfBYjBO~@[vB]nB\oBj@wDXkBRgBFg@@CBE@A@?BA@?PJL?NCJEAKCg@?O?O@Q@Q@MN}BF{@Dq@@M@QB]Fa@[MSKICYMIEy@_@C?K?C@G@A@EBM@E?KAIAEAWCGAoACMAS@G@C@EDED_AvAEFWb@INCBCBC@SBeAVGBGBEBA@C@EBEBKH}ApAOJMFMFKDKBOBMBM@Q?m@EI?aBIsAEuBI}@KYMc@Wk@k@mBqBy@_A]_@UUEGW]GGiB}BMO]We@SUGQG_@EKAEAu@IGAGAOCOEICGCICq@[m@YGCOGOGIE]SGC]Ue@g@CCe@o@[g@CEWc@CEEIMWISOYWa@_@m@MS_@o@Ye@[q@Ue@EIa@}@Sc@u@aBa@aAEKPWBIHgB@]NqCP{DFBFDFJFJRWJ]@IGY??FXAHK\SVGKGKGEGC@m@N_DHmAH{@Ho@H]x@aCL[HUPg@Rm@v@mBx@yBQa@aD_I_@aA^`ArD`Jy@xBw@lBSl@Qf@ITMZy@`CI\In@Iz@IlAO~CAl@QzDOpCA\IfBCHQVDJ`@`At@`BRb@`@|@DHTd@Zp@Xd@^n@LR^l@V`@NXHRLVDHBDVb@BDZf@d@n@BBd@f@\TFB\RHDNFNFFBl@Xp@ZHBFBHBNDNBF@F@t@HD@J@^DPFTFd@R\VLNhB|BFFV\DFTT\^x@~@lBpBj@j@b@VXL|@JtBHrAD`BHH?l@DP?LALCNCJCJELGLGNK|AqAJIDCDCBA@ADCFCFCdAWRCBABCBCHOJNFDHDv@XJBH@F?F?H?FAFAHAHAHEHEJGJEHEFEBCDCDAJCJy@Be@Be@@c@@G?Q?k@?ICw@?]By@PeDNYFED?D?A\@X@\@TFh@D\BNFTHTL^DHd@hAFNBBLP@DHJHPBDBTHP@L?NCVG`@C\APALEp@Gz@O|BALAPAP?N?NBf@@JKDOBM?	Click to Generate
S4	60	1			3	Sheffield Steel City Beer Festival 2024 (SCBF48) (S4)	St. James Church (S4)	Scott Road Store (S4)	5420	4065	grzdIbs~GN_AXkBRgBFg@@CBE@A@?BA@?PJ??L?NCJEAKCg@?O?O@Q@Q@MN}BF{@Dq@@M@QB]Fa@[MSKICYMIEy@_@C?K?C@G@A@EBM@E?KAIAEAWCGAoACMAS@G@C@EDED_AvAEFWb@INCBCBC@SBeAVGBGBEBA@C@EBEBKH}ApAOJMFMFKDKBOBMBM@Q?m@EI?aBIsAEuBI}@KYMc@Wk@k@mBqBy@_A]_@UUEGW]GGiB}BMO]We@SUGQG_@EKAEAu@IGAGAOCOEICGCICq@[m@YGCOGOGIE]SGC]Ue@g@CCe@o@[g@CEWc@CEEIMWISOYWa@_@m@MS_@o@Ye@[q@Ue@EIa@}@Sc@u@aBa@aAEKPWBIHgB@]NqCP{DFBFDFJFJRWJ]@IGY??FXAHK\SVGKGKGEGC@m@N_DHmAH{@Ho@H]x@aCL[HUPg@FQJ[v@mBx@yBh@}ATu@b@oAj@Fd@JdAHvANbAJB?JBdBRVDP?HIHMBM??BKBYDaB@]Bm@?CBgA@[Bu@HGNIJCPCXj@rA|B|@`BFJNZDPBVDnA?L@ND|ADhABJDJHJd@X|Ax@DBtAp@HDd@XfAn@d@Z|BvA\TZRLJ@EBCBABABBBB@F?D?FCFCBC@?R?j@?X@T?DBNBNLb@FLVSDCHGVONGXGJ?LANAl@HJDJBl@XvBtAFBHDr@b@JH\TZP\R^JFDDBFFZ\LLBB`@f@RXb@`@XF@@DBFDB@d@XPHA`@CTAZGb@E`@I^I^ELa@rAANCR?JARAX?^@V?VDt@DJFXJb@BHNl@FPBL@F@J?VMn@QdAU~@IZEPCTCZAPARAPA\@X@\@TFh@D\BNFTHTL^DHd@hAFNBBLP@DHJHPBDBTHP@L?NCVG`@C\APALEp@Gz@O|BALAPAP?N?NBf@@JKDOBM?QKA?C@A?A@CDABGf@SfBYjBO~@	Click to Generate
S4	45	1			3	Busk Meadow Park (S4)	S. Ali's Off Licence (S4)	Norwood and Bishopsholme Community Centre (S4)	3106	2330	wx~dItq~GM@G?oAJUBQ_AQcA[sA]kA_@_Ak@uAm@iATi@FKDENCf@KHAJCRCt@IHCJGbBgAF?LCLCPAHDFHXjALn@??Mo@YkAGIIEQ@MBMBG?cBfAKFIBu@HSBKBI@g@JOBEDGJUh@IKOOEEIKB]Bo@D_A?UDeAH}BFgABWHu@Jw@VuAX{ADOTw@\gATk@HQPe@jApAd@j@l@t@DDZh@nAlC\jAZ~@L`@Nl@Ll@F\@FH^Jt@BX@F\vEJtADf@J|A@pA?lA??EpBs@DO@M?yCN]@I?U@Y@G?oAJUBQ_AQcA[sA]kA_@_Ak@uAm@iATi@FKDENCf@KHAJCRCt@IHCJGbBgAF?LCLCPA??HDFHXjALn@Mo@YkAGIIEQ@MBMBG?cBfAKFIBu@HSBKBI@g@JOBEDGJUh@l@hAj@tA^~@\jAZrAPbAP~@TCnAKF?LA	Click to Generate
S4	15	1			3	Illusionz (S4)	MyCigara (S4)	J W Young (Butchers) Ltd (S4)	1388	1041	ab{dIv~vGRp@a@d@q@p@S\EDWVDNJb@VjABHHd@iAdA}@w@UU[e@kAgBbAuCJ[DMPg@DIFQ_@i@o@y@[a@m@u@CCK\Qn@?BCD[dAu@~Be@w@mAmBBtH@LXh@rAgEt@_CZeABE?CPo@J]BBl@t@Z`@n@x@^h@Xn@N`@Pd@L`@@JFXPENEREp@q@`@e@Sq@	Click to Generate
S4	30	1			3	Norwood and Bishopsholme Community Centre (S4)	Busk Meadow Park (S4)	Northern Perk (S4)	2493	1870	c__eI|_}G\h@LPQd@IPUj@]fAUv@ENYzAWtAKv@It@CVGfAI|BEdA?TE~@Cn@C\HJDDNNHJTi@FKDENCf@KHAJCRCt@IHCJGbBgAF?LCLCPA??HDFHXjALn@??Mo@YkAGIIEQ@MBMBG?cBfAKFIBu@HSBKBI@g@JOBEDGJUh@IKOOEEIKB]Bo@D_A?UDeAH}BFgABWHu@Jw@VuAX{ADOTw@\gATk@HQPe@f@eATe@`@}@p@}AT]Za@XYx@q@p@m@v@w@r@s@d@u@R]FMb@w@DGR_@EIe@iACCAEEGWg@Wd@gAuBTg@LTBDP\^t@DFVf@DF@DBBDJ^|@DHLPGLEHKTIPWd@[`@SPa@Ts@r@w@v@q@l@y@p@YX[`@U\q@|Aa@|@Ud@g@dAMQ]i@	Click to Generate
S4	20	1			3	Lana Pizza (S4)	Oasis Academy Fir Vale (S4)	Fir Vale Pharmacy (S4)	1970	1478	{d~dInmzGOYIOEIIOOg@TVFFDBJLBRDTJd@BHJf@DTLf@DTLl@^\PRHFXVLP@]A[AQ?IIk@AOROSN@NHj@@Z@ZA\MQYWIGQS_@]Mm@EUMg@EUKg@CIKe@EUCSGe@AMKeAGq@??E]MaAMs@Ei@Eo@Cs@@o@Bm@@MB[@O?KPaDDw@Dy@mAmA}@tD]~ARNZTp@b@TPgAu@[USOMb@KVMLSLSJk@TUJGFgGpMGLCJ?JRlB\~CVCZCp@Cp@?rABjA@f@?`A@|@?l@@v@BRDJMFG@EBI@I?UEUKg@CIKU	Click to Generate
S4	45	1			3	Scott Road Store (S4)	Masjid Noor (S4)	All Days (S4)	3206	2404	c`}dIv_|GFXAHK\SVGKGKGEGC@m@N_DHmAH{@Ho@H]x@aCL[HUPg@Rm@v@mByDcK\i@]h@xDbKw@lBKZGPQf@ITMZy@`CI\In@Iz@IlAO~CAl@QzDOpCA\IfBCHQVo@uBQi@[gA{@}Ce@{ASo@M?S@Q@UFKDEBUNULb@dC??c@eCTMTODCJETGPARAL?Rn@d@zAz@|CZfAPh@n@tBPWBIHgB@]NqCP{D@m@N_DHmAH{@Ho@H]x@aCL[HUPg@Rm@v@mBx@yBQa@aD_I_@aA^`ArD`Jy@xBw@lBSl@Qf@ITMZy@`CI\In@Iz@IlAO~CAl@FBFDFJFJRWJ]@IGY	Click to Generate
S4	60	1			3	Crushing mill, Kelham Island, Sheffield (S4)	St. James Church (S4)	All Days (S4)	6159	4619	ymzdIvg~G@V@JKDOBM?QKA?C@A?A@CDABGf@SfBYjBk@vD]nB\oBj@wDF[PoARgBFg@@CBE@A@?BA@?PJL?NCJEAKCg@?O?O@Q@Q@MN}BF{@Dq@@M@QB]Fa@[MSKICYMIEy@_@C?K?C@G@A@EBM@E?KAIAEAWCGAoACMAS@G@C@EDED_AvAEFWb@INCBCBC@SBeAVGBGBEBA@C@EBEBKH}ApAOJMFMFKDKBOBMBM@Q?m@EI?aBIsAEuBI}@KYMc@Wk@k@mBqBy@_A]_@UUEGW]GGiB}BMO]We@SUGQG_@EKAEAu@IGAGAOCOEICGCICq@[m@YGCOGOGIE]SGC]Ue@g@CCe@o@[g@CEWc@CEEIMWISOYWa@_@m@MS_@o@Ye@[q@Ue@EIa@}@Sc@u@aBa@aAEKPWBIHgB@]NqCP{DFBFDFJFJRWJ]@IGY??FXAHK\SVGKGKGEGC@m@N_DHmAH{@Ho@H]x@aCL[HUPg@Rm@v@mBx@yBQa@aD_I_@aA^`ArD`Jy@xBw@lBSl@Qf@ITMZy@`CI\In@Iz@IlAO~CAl@QzDOpCA\IfBCHQVDJ`@`At@`BRb@`@|@DHTd@Zp@Xd@^n@LR^l@V`@NXHRLVDHBDVb@BDZf@d@n@BBd@f@\TFB\RHDNFNFFBl@Xp@ZHBFBHBNDNBF@F@t@HD@J@^DPFTFd@R\VLNhB|BFFV\DFTT\^x@~@lBpBj@j@b@VXL|@JtBHrAD`BHH?l@DP?LALCNCJCJELGLGNK|AqAJIDCDCBA@ADCFCFCdAWRCBABCBCHOJNFDHDv@XJBH@F?F?H?FAFAHAHAHEHEJGJEHEFEBCDCDAJCJy@Be@Be@@c@@G?Q?k@?ICw@?]By@PeDNYFED?D?A\@X@\@TFh@D\BNFTHTL^DHd@hAFNBBLP@DHJHPBDBTHP@L?NCVG`@C\APALEp@Gz@O|BALAPAP?N?N@N	Click to Generate
S4	20	1			3	Jamia Dar Ul Uloom Qadiria Jillania Centre (S4)	Oasis Academy Fir Vale (S4)	Fir Vale Academy (S4)	1504	1128	ob~dI`tzGVTPRHFXVLPPRDDDFNRJWTc@HK@K?IEUDT?HAJ_@n@KVOSEGEEQSMQYWIGQS_@]Mm@EUMg@EUKg@CIKe@EUCSGe@AMKeAGq@??E]MaAMs@Ei@Eo@Cs@@o@Bm@@MB[@O?KPaDF@l@Jv@NFa@D_@By@BIFAFBDRD^CFBTDVTvAALCNC@AQYPHxBXO??GiBBABO@MUwAEWCUIFM@GCE^G`@w@Om@KGAQ`D?JANCZALCl@An@Br@Dn@Dh@Lr@L`AD\Fp@JdA@LFd@BRDTJd@BHJf@DTLf@DTLl@FF	Click to Generate
S4	60	1			3	Masjid Umar (S4)	Osgathorpe Park (S4)	Scott Road Store (S4)	5009	3757	ig}dIv_{GBIJGLIPEBSLm@H]FI~@bCv@pBdAjCjApCSl@Qf@ITMZy@`CI\In@Iz@IlAO~CMIGGGM_EaNe@}AmBPKAIEIQq@kA}@hBLUn@sAp@jAHPHDDNX~@b@tA^nA?FCFMNmAlAa@mAo@cBo@aBCKCIOa@ISOa@PWBKCe@KeDIkCMoCOyAOyA[aCSgBc@_Ds@uFzBiANONUP[J]Hk@@MHa@@u@@y@Au@GiAE_@Cc@EUE_@Oy@]qApCeDAECS?Y@YDWPa@t@~A`A`B\|@@B`ArCRp@j@`BHT|@nC^xA]c@ESEEEEMBq@t@Xv@h@~AgCzCKWw@{B@KdCsCp@u@LCDDDDDR\b@Vz@bAbDx@jC~@pD|@dDH`@Hb@Rd@`@v@PXRTPB`@AF?XGHCHEJOTs@HWRm@l@cBHS~@mCFS`@gAVu@~@bBFHv@lAf@v@`AbBCx@Cd@Ct@AZCfA?BCl@A\E`BCXCJ??CLILIHQ?WEeBSKCC?cAKwAOeAIe@Kk@Gc@nAUt@i@|Ay@xBw@lBSl@Qf@HNIOPg@FQJ[kAqCeAkCw@qB_AcCGHI\Ml@CRQDMHKFCH	Click to Generate
S4	20	1			3	Khan Darbar (S4)	Accelerate (S4)	Aaliyah Mosque (S4)	1717	1288	oe{dIdewGCGK[K]EOCMCMGq@Oa@Yo@JaAPEt@OA]Ke@?G@GBM?CAOKGIGCTc@dCK`AGPWp@ELKZcAtC][a@OOQkAgBt@_CZeABE?CLe@BIJ]BBl@t@Z`@n@x@^h@Xn@N`@Pd@L`@@JFXPENEREp@q@`@e@HI`@a@TSHSL_@DGHQBGNM@CFQDQJc@He@l@cDeBeAARSpCAF?D?D?DBxATCUB?CCuA?E?E?E@GRqC@SdBdAm@bDId@Kb@EPGPABAVAHCLINILKLSFURa@`@IHa@d@q@p@S\EDWVBF	Click to Generate
S4	20	1			3	National Blinds (S4)	Aaliyah Mosque (S4)	J W Young (Butchers) Ltd (S4)	1769	1327	_j{dIr{vGRT^h@Xn@N`@Pd@L`@@JFXPELE@?REp@q@`@e@HI`@a@TSHSL_@DGHQBGNM@CFQDQJc@He@l@cDeBeAARSpCAF?D?D?DBxATCUB?CCuA?E?E?E@GRqC@SdBdAm@bDId@Kb@EPGPABAVAHCLINILKLSFURa@`@IHa@d@q@p@S\EDWVK[K]o@tAy@dBkAgB][a@OOQkAgBe@w@mAmBBtH@LXh@rAgEt@_CZeABE?CPo@J]BBl@t@Z`@Zb@	Click to Generate
S4	20	1			3	Sheffield Auto Spares (S4)	Illusionz (S4)	Aaliyah Mosque (S4)	1585	1189	ug{dIz~vGUg@_@i@o@y@[a@AAk@s@CCK\Qn@?BCD[dAu@~BjAfBNP`@N\ZjAfBZd@TT|@v@hAeAIe@CIWkAKc@EOK[BIBCPENEREp@q@`@e@HI`@a@TSHSL_@DGHQBGNM@CFQDQJc@He@l@cDeBeAARSpCAF?D?D?DBxATCUB?CCuA?E?E?E@GRqC@SdBdAm@bDId@Kb@EPGPABAVAHCLINILKLSFURa@`@IHa@d@q@p@S\EDWVK[K]EOCMCMGq@Oa@CG	Click to Generate
S4	20	1			3	Attercliffe Spice (S4)	Accelerate (S4)	Aaliyah Mosque (S4)	2066	1550	ch{dIj|vGGf@Xn@N`@Pd@L`@@JFXPENEREFIh@g@`@e@HI`@a@TSHSNQJIDCF?JLFFDFZROAM?KAKAQAM@SFURa@`@IHa@d@q@p@S\EDWVK[K]o@tAy@dBkAgB][a@OOQkAgBt@_CZeABE?CLe@BIJ]BBl@t@Z`@n@x@^h@Xn@N`@Pd@L`@@JFXPENEREp@q@`@e@HI`@a@TSHSL_@DGHQBGNM@CFQDQJc@He@l@cDeBeAARSpCAF?D?D?DBxATCUB?CCuA?E?E?E@GRqC@SdBdAm@bDId@Kb@EPGPABAVAHCLINILKLSFURa@`@IHa@d@q@p@S\EDWVK[K]EOCMCMGq@Oa@Yo@Fg@	Click to Generate
S4	30	1			3	Premier Doors (S4)	J W Young (Butchers) Ltd (S4)	Aaliyah Mosque (S4)	2121	1591	ij{dId{vG\b@^h@Xn@N`@Pd@BDHZ@JFXBh@DNb@nBBHHd@iAdA}@w@UU[e@kAgB][a@OOQkAgBe@w@mAmBBtH@LXh@rAgEt@_CZeABE?CPo@J]BBl@t@Z`@n@x@^h@Xn@N`@Pd@L`@@JFXPENEREp@q@`@e@HI`@a@TSHSL_@DGHQBGNM@CFQDQJc@He@l@cDeBeAARSpCAF?D?D?DBxATCUB?CCuA?E?E?E@GRqC@SdBdAm@bDId@Kb@EPGPABAVAHCLINILKLSFURa@`@IHa@d@q@p@S\EDWVK[K]EOCMCMGq@Oa@Yo@_@i@]c@	Click to Generate
S4	20	1			3	Jamia Dar Ul Uloom Qadiria Jillania Centre (S4)	Oasis Academy Fir Vale (S4)	Fir Vale Academy (S4)	1504	1128	ec~dIlrzGLj@^\PRHFXVLPPRDDDFNRJWTc@HK@K?IEUDT?HAJ_@n@KVOSEGEEQSMQYWIGQS_@]Mm@EUMg@EUKg@CIKe@EUCSGe@AMKeAGq@??E]MaAMs@Ei@Eo@Cs@@o@Bm@@MB[@O?KPaDF@l@Jv@NFa@D_@By@BIFAFBDRD^CFBTDVTvAALCNC@AQYPHxBXO??GiBBABO@MUwAEWCUIFM@GCE^G`@w@Om@KGAQ`D?JANCZALCl@An@Br@Dn@Dh@Lr@L`AD\Fp@JdA@LFd@BRDTJd@BHJf@DTLf@DT?@	Click to Generate
S4	60	1			3	Sheffield Steel City Beer Festival 49 (S4)	St. James Church (S4)	All Days (S4)	6159	4619	unzdIdi~GI?QKA?C@A?A@CDABGf@SfBYjBO~@[vB]nB\oBj@wDXkBRgBFg@@CBE@A@?BA@?PJL?NCJEAKCg@?O?O@Q@Q@MN}BF{@Dq@@M@QB]Fa@[MSKICYMIEy@_@C?K?C@G@A@EBM@E?KAIAEAWCGAoACMAS@G@C@EDED_AvAEFWb@INCBCBC@SBeAVGBGBEBA@C@EBEBKH}ApAOJMFMFKDKBOBMBM@Q?m@EI?aBIsAEuBI}@KYMc@Wk@k@mBqBy@_A]_@UUEGW]GGiB}BMO]We@SUGQG_@EKAEAu@IGAGAOCOEICGCICq@[m@YGCOGOGIE]SGC]Ue@g@CCe@o@[g@CEWc@CEEIMWISOYWa@_@m@MS_@o@Ye@[q@Ue@EIa@}@Sc@u@aBa@aAEKPWBIHgB@]NqCP{DFBFDFJFJRWJ]@IGY??FXAHK\SVGKGKGEGC@m@N_DHmAH{@Ho@H]x@aCL[HUPg@Rm@v@mBx@yBQa@aD_I_@aA^`ArD`Jy@xBw@lBSl@Qf@ITMZy@`CI\In@Iz@IlAO~CAl@QzDOpCA\IfBCHQVDJ`@`At@`BRb@`@|@DHTd@Zp@Xd@^n@LR^l@V`@NXHRLVDHBDVb@BDZf@d@n@BBd@f@\TFB\RHDNFNFFBl@Xp@ZHBFBHBNDNBF@F@t@HD@J@^DPFTFd@R\VLNhB|BFFV\DFTT\^x@~@lBpBj@j@b@VXL|@JtBHrAD`BHH?l@DP?LALCNCJCJELGLGNK|AqAJIDCDCBA@ADCFCFCdAWRCBABCBCHOJNFDHDv@XJBH@F?F?H?FAFAHAHAHEHEJGJEHEFEBCDCDAJCJy@Be@Be@@c@@G?Q?k@?ICw@?]By@PeDNYFED?D?A\@X@\@TFh@D\BNFTHTL^DHd@hAFNBBLP@DHJHPBDBTHP@L?NCVG`@C\APALEp@Gz@O|BALAPAP?N?NBf@@JKDOBC?	Click to Generate
S4	20	1			3	Bit Of Everything (S4)	Travel & More (S4)	J W Young (Butchers) Ltd (S4)	1519	1139	{f{dI~cwG_@x@y@dBZd@TT|@v@hAeAIe@CIc@oBEOK[BIBCPENEREp@q@`@e@a@wALd@Rp@a@d@q@p@S\EDWVK[K]EOCMCMGq@Oa@Yo@_@i@]c@QU[a@m@u@CCK\Qn@?BCD[dAu@~BsAfEYi@AMCuHlAlBd@v@jAfBNP`@N\ZjAfBZd@TT|@v@hAeAIe@CIc@oBEOK[K]OZ	Click to Generate
S4	30	1			3	S. Ali's Off Licence (S4)	Busk Meadow Park (S4)	Norwood and Bishopsholme Community Centre (S4)	2530	1898	{u~dI~}~GLNPp@DEH@FFpAr@NeAR_BPeBHuA@]H}ABaADqB???mAAqAr@QXIl@OHGJGV[P[BX?PEdAAJEnACrAArAq@B]BO?oAFs@DO@M?yCN]@I?U@Y@G?oAJUBQ_AQcA[sA]kA_@_Ak@uAm@iATi@FKDENCf@KHAJCRCt@IHCJGbBgAF?LCLCPAHDFHXjALn@??Mo@YkAGIIE??Q@MBMBG?cBfAKFIBu@HSBKBI@g@JOBEDGJUh@l@hAj@tA^~@\jAZrAPbAP~@TCnAKF?XATAH?\AxCOL?NAr@EC`AI|AA\ItAQdBS~AOdAc@bCaBuAZeBQq@MO	Click to Generate
S4	20	1			3	Wood Hill Grange (S4)	Osgathorpe Park (S4)	Corner Cabin (S4)	1753	1315	qq}dIrvyGUaCQJE_@Cc@EUE_@Oy@]qApCeDAECS?Y@YDWPa@t@~A`A`B\|@@B`ArCRp@Z~@N`@HT|@nC^xA]c@ESEEEEMBq@t@Xv@h@~AgCzCKWw@{B@KdCsCp@u@LCDDDDDR\b@_@yA}@oCIUk@aBSq@aAsCAC]}@aAaBg@cAM[Q`@EVAX?XBR@DqCdD\pANx@D^DTBb@D^PKT`C	Click to Generate
S4	45	1			3	Northern General Hospital (S4)	Northern Perk (S4)	St Cuthberts (S4)	3403	2552	_o~dIdk{G???IBCFAH?FBB?R@H?F?DFJXDVPM\[JMHSL_@Ji@Fi@@i@?w@@o@Ac@AQC[E[Oa@O[MMQOOGMGY?I@MDMH}@f@aD~A_@RWNeAp@aAl@MJ]RKLSXGFKFEBIDKBY@M@s@@C?E?w@BU@CR?R?L?H?L?H@N@p@?V?t@?P@^B`C?PB|@@FBFJBdACfBED?v@GPAB?F?NHXH@?h@A\?N?JFHFFRFT?@HNJTR^JV\l@LVNVb@|@LTLTBDP\^t@DFVf@DF@DBBDJ^|@DH`@q@BG@ARYlAgCd@_AFKHUHYF]Da@\_DDm@@q@@sBAeB?]@s@Bo@Dg@DWHo@JoA@]@g@@_@@kB@uB?{@@mA?MAQAOEWMm@EUMg@EUKg@CIKUOYIOEIIOOg@Sa@aEiIUc@O]Ua@]u@GFgGpMGLCJ?JRlB\~CVCZCp@Cp@?rABjA@f@?AbAGjD?D?l@X?LFNFPNLLNZN`@DZBZ@P@b@An@?v@Ah@Gh@Kh@M^IRKL]ZQLEWKYEGG?I?SAC?ENEFM?CC?G	Click to Generate
S4	20	1			3	Wood Hill Lodge (S4)	Whiteways Primary School (S4)	Corner Cabin (S4)	2067	1550	mg}dIrqyGN`@HT|@nCVbAFTVz@bAbDx@jC~@pD|@dDH`@Hb@]f@\g@Ic@Ia@}@eD_AqDy@kCcAcDW{@_@yA}@oCIUk@aBSq@aAsCAC]}@aAaBu@_BQ`@EVAX?XBR@DqCdD\pANx@D^DTBb@D^PKT`CVxCBFD@EACGm@{GQJE_@Cc@EUE_@Oy@]qApCeDAECS?Y@YDWPa@LZf@bA`A`B\|@@B`ArCRp@Z~@	Click to Generate
S4	30	1			3	Whiteways Primary School (S4)	Osgathorpe Park (S4)	Corner Cabin (S4)	2794	2096	ye}dIjuyGY_AIUk@aBSq@aAsCAC]}@aAaBu@_BQ`@EVAX?XBR@DqCdD\pANx@D^DTBb@D^PKT`CVxCBFD@EACGm@{GQJE_@Cc@EUE_@Oy@]qApCeDAECS?Y@YDWPa@t@~A`A`B\|@@B`ArCRp@j@`BHT|@nC^xA]c@ESEEEEMBq@t@Xv@h@~AgCzCKWw@{B@KdCsCp@u@LCDDDDDR\b@_@yA}@oCIUk@aBSq@aAsCAC]}@aAaBu@_BUk@M[Qk@Mk@Ky@OcAM}@OeAT_@Pd@n@fBVl@Rh@n@zAa@pASl@LZf@bA`A`B\|@@B`ArCRp@j@`BHTX~@	Click to Generate
S4	20	1			3	Wood Hill Grange (S4)	Whiteways Primary School (S4)	Osgathorpe Park (S4)	1873	1405	}c}dI~yyGWcA}@oCIUOa@[_ASq@aAsCAC]}@aAaBu@_BQ`@EVAX?XBR@DqCdD\pANx@D^DTBb@D^PKT`CVxCBFD@EACGm@{GQJE_@Cc@EUE_@Oy@]qApCeDAECS?Y@YDWPa@t@~A`A`B\|@@B`ArCRp@j@`BHT|@nC^xA]c@ESEEEEMBq@t@Xv@h@~AgCzCKWw@{B@KdCsCp@u@LCDDDDDR\b@GU	Click to Generate
S4	30	1			3	Lana Pizza (S4)	Masjid Umar (S4)	St Cuthberts (S4)	2310	1732	i{}dIl`{GNIBABEFOcA{BQ]AEQ_@QWOSEGEEQS@]A[AQ?IIk@AOROSN@NHj@@Z@ZA\PRDDDFNRPVP^@DP\bAzBfA~B`BpD`@hARj@N`@HRN`@BHBJn@`Bn@bB`@lAlAmALOBG?G_@oAc@uAY_AEOIEIQq@kA}@hBLUn@sAp@jAHPHDDNX~@b@tA^nA?FCFMNmAlAa@mAo@cBo@aBCKCIOa@ISOa@Sk@a@iAaBqDgA_CcA{BQ]AEQ_@QWOSEGEEQSMQYWIGQS_@]Mm@EUMg@EUKg@CIKUOYIOEIIOOg@TVFFDBJLBRDTJd@BHJf@DTLf@DTLl@^\PRHFXVLPPRDDDFNRPVP^@DP\bAzBGNCDC@OH	Click to Generate
S4	20	1			3	Traditional Therapy (S4)	Aaliyah Mosque (S4)	Accelerate (S4)	1948	1461	ud{dI~cwG??EDWVK[K]EOCMCMGq@Oa@Yo@_@i@o@y@d@_CPL\TH]^Tc@dCCXGf@Xn@N`@Pd@L`@@JFXPENEREp@q@`@e@HI`@a@TSHSL_@DGHQBGNM@CFQDQJc@He@l@cDeBeAARSpCAF?D?D?DBxATCUB?CCuA?E?E?E@GRqC@SdBdAm@bDId@Kb@EPGPABAVAHCLINILKLSFURa@`@IHa@d@q@p@S\EDWVK[K]o@tAy@dBkAgB][a@OOQkAgBt@_CZeABE?CLe@BIJ]BBl@t@Z`@n@x@^h@Xn@N`@Pd@L`@@JFXPENERES\	Click to Generate
S4	20	1			3	New Roomstyle (S4)	Attercliffe News & Booze (S4)	Baltic Pearl (S4)	1541	1156	u~zdI~xvGCuA?E?E?E@GRqC@SdBdAm@bDId@Kb@EPGPABAVAHCLINILKLSFURa@`@IHa@d@q@p@S\EDWVK[K]EOCMCMGq@GQGOYo@_@i@o@y@[a@TcAMj@GVZ`@n@x@^h@GPWp@ELKZcAtCjAfBZd@TT|@v@d@c@b@a@Ie@CIc@oBEOK[BIBCPENEREp@q@`@e@HI`@a@TSHSL_@DGHQBGNM@CFQDQJc@He@l@cDeBeAARSpCAF?D?D?DBtA	Click to Generate
S4	15	1			3	Traditional Therapy (S4)	J W Young (Butchers) Ltd (S4)	Illusionz (S4)	1321	991	ym{dIzxvGBIJ]BBl@t@Z`@d@_CPL\TH]^Tc@dCCXGf@GPWp@ELKZcAtC][a@OOQkAgBe@w@mAmBBtH@LXh@rAgEjAfBNP`@N\ZjAfBZd@TT|@v@hAeAIe@CIWkAKc@EOK[K]EOCMCMGq@Oa@Yo@_@i@o@y@[a@m@u@CCK\CH	Click to Generate
S4	15	1			3	Lustrous Furniture (S4)	J W Young (Butchers) Ltd (S4)	Illusionz (S4)	1312	984	el{dI|xvGLNZ`@n@x@^h@JaATEp@OA]Ke@?G@GBM?CAOKGIGCTc@dCK`AGPWp@ELKZcAtC][a@OOQkAgBe@w@mAmBBtH@LXh@rAgEjAfBNP`@N\ZjAfBZd@TT|@v@hAeAIe@CIWkAKc@EOK[K]EOCMCMGq@Oa@Yo@_@i@o@y@[a@MO	Click to Generate
S4	45	1			3	PDSA (S4)	Eye of Needle (S4)	Colourcraft Limited (S4)	3731	2798	am|dIdxwGw@BKBEBCBc@`@u@wAWQIOS[GIYa@S]KUIOJYFQP_@LSVWl@oAR\Sd@??Re@S]m@nAQn@Ub@CFIPR\b@t@DFJBNCHI@?JMNMfA_CDIDGDADADAD@D@lBr@xGdCLD|@\@@JBfBz@hA^f@NhAd@|@Z_@vC{Ai@oAc@AAW_@WSYOm@?OX??NYl@?XNVRV^@@nAb@zAh@^wC}@[iAe@g@OiA_@gB{@KCAA}@]MEyGeCmBs@EAEAE@E@E@EFEHgA~BM`@GLABMHM@WBGIYa@KCKAI?G?O?QXu@`BgAdCkCbGXd@@B@@~@~ApBjDrBnD|FzJ~CxF~@qBv@gBeA}Az@qBDi@Bc@@W@u@@I@G@IBGa@q@S]GKIOO_@CIKq@Mc@Ms@WyAKa@K]Oc@Oe@]_Aa@s@KOaAoBa@y@b@a@BCDCJCv@C	Click to Generate
S4	20	1			3	Scott Road Store (S4)	Tea and Cakes (S4)	St. James Church (S4)	1631	1223	ky|dItc{GP`@y@xBw@lBSl@Qf@HNIOPg@FQJ[kAqCeAkCw@qB_AcCGHI\Ml@CRQDMHKFCHADCN?VBVFPb@jAb@dAJTKNt@zEBHDBD?DIp@gBdAqCjApCSl@Qf@ITMZy@`CI\In@Iz@IlAO~CAl@FBFDFJFJRWJ]@IGY??FXAHK\SVGKGKGEGC@m@N_DHmAH{@Ho@H]x@aCL[HUPg@Rm@v@mBx@yBQa@	Click to Generate
S4	45	1			3	Le Bon Vin (S4)	PDSA (S4)	J W Young (Butchers) Ltd (S4)	3528	2646	s~{dIx{wGNYl@?XNVRV^@@nAb@zAh@^wC}@[iAe@g@OiA_@gB{@KCAA}@]MEyGeCmBs@EAEAE@E@E@EFEHgA~BM`@GLABMH@XLh@t@vA`@x@`AnBJNPWBAPWUXQVKOaAoBa@y@u@wAWQIOS[GIYa@S]KUIOJYFQP_@LSVWl@oAR\Sd@??Re@S]Xo@f@eAv@gBdA}Br@aBJWXs@Tu@\eAb@kAfA{C`ByEJ[n@wBVu@DKL]^h@@BJLNTFHJP^h@FL`@p@j@|@R^LRBDBDV\nAfBx@dAZ^JP\^FFFHx@~@K\Qn@?BCD[dAu@~BsAfEYi@AMCuHlAlBd@v@jAfBNP`@N\ZjAfBGx@Q~BADIfBAt@i@rBg@hAk@|Ao@Ki@SgA]_@vC{Ai@oAc@AAW_@WSYOm@?OX	Click to Generate
S4	15	1			3	The Carlton Hotel (S4)	Bit Of Everything (S4)	J W Young (Butchers) Ltd (S4)	1401	1051	gi{dIn|vGZb@GPWp@ELKZcAtCjAfBZd@TT|@v@hAeAIe@CIc@oBAGCGK[BIBCPENEREp@q@`@e@a@wALd@Rp@a@d@q@p@S\EDWVK[K]o@tAy@dBkAgB][a@OOQkAgBe@w@mAmBBtH@LXh@rAgEt@_CZeABE?CPo@J]BBl@t@Z`@n@x@BD	Click to Generate
S4	30	1			3	New Roomstyle (S4)	J W Young (Butchers) Ltd (S4)	Aaliyah Mosque (S4)	2203	1652	ok{dItxvGGVZ`@n@x@^h@Xn@FNFPPd@L`@@JFXBh@DNb@nBBHHd@iAdA}@w@UU[e@kAgB][a@OOQkAgBe@w@mAmBBtH@LXh@rAgEt@_CZeABE?CPo@J]BBl@t@Z`@n@x@^h@Xn@N`@Pd@L`@@JFXPENEREp@q@`@e@HI`@a@TSHSL_@DGHQBGNM@CFQDQJc@He@l@cDeBeAARSpCAF?D?D?DBxATCUB?CCuA?E?E?E@GRqC@SdBdAm@bDId@Kb@EPGPABAVAHCLINILKLSFURa@`@IHa@d@q@p@S\EDWVK[K]EOCMCMGq@Oa@Yo@_@i@o@y@[a@FW	Click to Generate
S4	20	1			3	Traditional Therapy (S4)	Aaliyah Mosque (S4)	Accelerate (S4)	1959	1469	yc{dIvbwGGHS\EDWVK[K]EOCMCMGq@Oa@Yo@_@i@o@y@d@_CPL\TH]^Tc@dCCXGf@Xn@N`@Pd@L`@@JFXPENEREp@q@`@e@HI`@a@TSHSL_@DGHQBGNM@CFQDQJc@He@l@cDeBeAARSpCAF?D?D?DBxATCUB?CCuA?E?E?E@GRqC@SdBdAm@bDId@Kb@EPGPABAVAHCLINILKLSFURa@`@IHa@d@q@p@S\EDWVK[K]o@tAy@dBkAgB][a@OOQkAgBt@_CZeABE?CLe@BIJ]BBl@t@Z`@n@x@^h@Xn@N`@Pd@L`@@JFXPENEREFI	Click to Generate
S4	30	1			3	JBM Automotive (S4)	Wood Hill Lodge (S4)	Wood Hill Grange (S4)	2938	2204	sq|dItpyG???KAKCK_@i@S[EMCYCMIQ_BrDk@tArA`ClBbDh@uAJUJKHCLAJBNFLPtBxDMj@Lk@qAaCc@w@MQOGKCM@IBKJKTi@tAf@v@nBjDDHJRVd@Wt@a@fAGR_AlCIRm@bBSl@IVUr@KNIDIBYFG?a@@QCSUQYa@w@Se@Ic@Ia@}@eD_AqDy@kCcAcDW{@GUWcA}@oCIUOa@[_ASq@aAsCAC]}@aAaBu@_BUk@M[Qk@Mk@Ky@OcAM}@OeAT_@h@mAdAuBXx@@F|BzFfBxDrAbClArBT\BDdAlBjCpEfAjBDHj@uA~AsDHPBLBXDLRZ^h@BJ@J?J??	Click to Generate
S4	20	1			3	Premier Doors (S4)	Travel & More (S4)	Aaliyah Mosque (S4)	1807	1355	_e{dInkwGe@b@}@w@UU[e@kAgBbAuCJ[DMVq@FQXn@N`@Pd@BDHZ@JFXPENERES\EDWVK[K]EOCMCMGq@Oa@Yo@_@i@]c@QUd@_CPL\TH]^Tc@dCK`AXn@N`@Pd@L`@@JFXPENEREp@q@`@e@HI`@a@TSHSL_@DGHQBGNM@CFQDQJc@He@l@cDeBeAARSpCAF?D?D?DBxATCUB?CCuA?E?E?E@GRqC@SdBdAm@bDId@Kb@EPGPABAVAHCLINILKLSFURa@`@IHa@d@q@p@S\EDWVDNb@nBBHHd@c@`@	Click to Generate
S4	20	1			3	National Blinds (S4)	Aaliyah Mosque (S4)	J W Young (Butchers) Ltd (S4)	1770	1328	si{dI`|vGFF^h@Xn@N`@Pd@L`@@JFXPELE@?REp@q@`@e@HI`@a@TSHSL_@DGHQBGNM@CFQDQJc@He@l@cDeBeAARSpCAF?D?D?DBxATCUB?CCuA?E?E?E@GRqC@SdBdAm@bDId@Kb@EPGPABAVAHCLINILKLSFURa@`@IHa@d@q@p@S\EDWVK[K]o@tAy@dBkAgB][a@OOQkAgBe@w@mAmBBtH@LXh@rAgEt@_CZeABE?CPo@J]BBl@t@Z`@f@p@	Click to Generate
S4	15	1			3	Warty Lounge (S4)	Momento (S4)	J W Young (Butchers) Ltd (S4)	1434	1076	ab{dIv~vGRp@a@d@q@p@S\EDWVK[K]OZ_@x@y@dBkAgBbAuCJ[DMVq@FQJaAN{@RiA_@UI\]UQMe@~B[a@m@u@CCK\Qn@?BCD[dAu@~Be@w@mAmBBtH@LXh@rAgEt@_CZeABE?CPo@J]BBl@t@Z`@n@x@^h@Xn@N`@Pd@L`@@JFXPENEREp@q@`@e@Sq@	Click to Generate
S4	20	1			3	Norwood and Bishopsholme Community Centre (S4)	Shirecliffe Community Centre (S4)	Kaya Hair & Beauty (S4)	1888	1416	ev~dIp`~GMo@YkAGIIE??Q@MBMBG?cBfAKFIBu@HSBKBI@g@JOBEDGJUh@l@hAj@tA^~@\jAZrAPbAP~@TCnAKF?LAJ?TAH?\AxCOL?NAr@EDqB?mAAqA\ITGXIl@OHGJGV[P[BX?PEdAAJEnACrAArAq@B]BO?oAFs@DO@M?yCN]@I?U@Y@G?oAJUBQ_AQcA[sA]kA_@_Ak@uAm@iATi@FKDENCf@KHAJCRCt@IHCJGbBgAF?LCLCPAHDFHXjALn@	Click to Generate
S4	45	1			3	La Piazza (S4)	Eye of Needle (S4)	Colourcraft Limited (S4)	3559	2669	qn|dIhxwGG?KBEBCBc@`@u@wAWQIOS[GIYa@S]KUIOJYFQP_@LSVWHTBLD`@e@x@DK^m@FrAFn@HI@?JMNMfA_CDIDGDADADAD@D@lBr@xGdCLD|@\@@JBfBz@hA^f@NhAd@|@Z_@vC{Ai@oAc@AAW_@WSYOm@?OX??NYl@?XNVRV^@@nAb@zAh@^wC}@[iAe@g@OiA_@gB{@KCAA}@]MEyGeCmBs@EAEAE@E@E@EFEHgA~BM`@GLABMHM@WBGIYa@KCKAI?G?O?QXu@`BgAdCkCbGXd@@B@@~@~ApBjDrBnD|FzJ~CxF~@qBv@gBeA}Az@qBDi@Bc@@W@u@@I@G@IBGa@q@S]GKIOO_@CIKq@Mc@Ms@WyAKa@K]Oc@Oe@]_Aa@s@KOaAoBa@y@b@a@BCDCJCF?	Click to Generate
S4	45	1			3	La Piazza (S4)	City Motor Factors (S4)	Corner Cabin (S4)	3831	2873	y||dI`hxG_A_BAAACYe@jCcGfAeCt@aBJk@DINa@JYFQP_@LSVWHTBLD`@e@x@DK^m@FrAFn@@V@XLh@t@vAb@a@BCDCJCF?jAEJ?J@^H_@IKAK?sADKBEBCBc@`@u@wAWQIOS[GIYa@KCKAI?G?O?QXu@`BgAdCkCbGYe@mF_B_Be@MGKKIREL{@vBmBjEBF~@~BeAtBi@lAU^NdAL|@NbAJx@Lj@Pj@LZTj@LZf@bA`A`B\|@@B`ArCRp@j@`BHT|@nC^xAVz@bAbDx@jC~@pD|@dDH`@Hb@Rd@`@v@PXRTPB`@AF?XGHCHEJOTs@HWRm@l@cBHS~@mCFS`@gAVu@Ri@nF_PPa@Tg@Te@iEmH_DyF}F{JsBoDqBkD	Click to Generate
S4	30	1			3	Wood Hill Grange (S4)	Whiteways Primary School (S4)	Wood Hill Lodge (S4)	2619	1964	io}dIdbyGf@bA`A`B\|@@B`ArCRp@Z~@N`@HTt@y@u@x@IUk@aBSq@aAsCAC]}@aAaBu@_BQ`@EVAX?XBR@DqCdD\pANx@D^DTBb@D^PKT`CVxCBFD@EACGm@{GQJE_@Cc@EUE_@Oy@]qApCeDAECS?Y@YDWPa@t@~A`A`B\|@@B`ArCRp@j@`BHT|@nCVbAFTVz@bAbDx@jC~@pD|@dDH`@Hb@]f@\g@Ic@Ia@}@eD_AqDy@kCcAcDW{@_@yA}@oCIUk@aBSq@aAsCAC]}@aAaBg@cA	Click to Generate
S4	30	1			3	Masjid Umar (S4)	Masjid Noor (S4)	St. James Church (S4)	2293	1720	uq}dIb{{GAN?JFVLt@@DADEDSNCLAV\Ar@?l@?DBDDBJDCJETGPARAL?YcAEOk@uBSs@lAmALOBG?G_@oAc@uAY_AEOIEIQq@kA}@hBLUn@sAp@jAHPHDDNX~@b@tA^nA?FCFMNmAlARr@j@tBDNXbAM?S@Q@UFKDEBUNULb@dC??c@eCTMTODCJETGPARAL?Rn@d@zAz@|CZfAPh@n@tBPWBIHgB@]NqCP{DFBFDFJFJRWJ]@IGY??FXAHK\SVGKGKGEGCQzDOpCA\IfBCHQVo@uBQi@[gA{@}Ce@{ASo@M?S@Q@UFKDEBCKEEECm@?s@?]@@WBMRODE@EAEMu@GW?K@O	Click to Generate
S4	60	1			3	Steel sign for Kelham Island Museum (S4)	St. James Church (S4)	Scott Road Store (S4)	5353	4015	oqzdIfp~GPoARgBFg@@CBE@A@?BA@?PJL?NCJEAKAWAO?O?O@Q@Q@MN}BF{@Dq@@M@QB]Fa@[MSKICYMIEy@_@C?K?C@G@A@EBM@E?KAIAEAWCGAoACMAS@G@C@EDED_AvAEFWb@INCBCBC@SBeAVGBGBEBA@C@EBEBKH}ApAOJMFMFKDKBOBMBM@Q?m@EI?aBIsAEuBI}@KYMc@Wk@k@mBqBy@_A]_@UUEGW]GGiB}BMO]We@SUGQG_@EKAEAu@IGAGAOCOEICGCICq@[m@YGCOGOGIE]SGC]Ue@g@CCe@o@[g@CEWc@CEEIMWISOYWa@_@m@MS_@o@Ye@[q@Ue@EIa@}@Sc@u@aBa@aAEKPWBIHgB@]NqCP{DFBFDFJFJRWJ]@IGY??FXAHK\SVGKGKGEGC@m@N_DHmAH{@Ho@H]x@aCL[HUPg@FQJ[v@mBx@yBh@}ATu@b@oAj@Fd@JdAHvANbAJB?JBdBRVDP?HIHMBM??BKBYDaB@]Bm@?CBgA@[Bu@HGNIJCPCXj@rA|B|@`BFJNZDPBVDnA?L@ND|ADhABJDJHJd@X|Ax@DBtAp@HDd@XfAn@d@Z|BvA\TZRLJ@EBCBABABBBB@F?D?FCFCBC@?R?j@?X@T?DBNBNLb@FLVSDCHGVONGXGJ?LANAl@HJDJBl@XvBtAFBHDr@b@JH\TZP\R^JFDDBFFZ\LLBB`@f@RXb@`@XF@@DBFDB@d@XPHA`@CTAZGb@E`@I^I^ELa@rAANCR?JARAX?^@V?VDt@DJFXJb@BHNl@FPBL@F@J?VMn@QdAU~@IZEPCTCZAPARAPA\@X@\@TFh@D\BNFTHTL^DHd@hAFNBBLP@DHJHPBDBTHP@L?NCVG`@C\APALEp@Gz@O|BALAPAP?N?NBf@@JKDOBM?QKA?C@A?A@CDABGf@SfBQnA	Click to Generate
S4	60	1			3	Hillsborough Barracks Memorial (S4)	Watercliffe Meadow Community Primary School (S4)	S. Ali's Off Licence (S4)	8777	6583	{__eIvaaH?dBBD@N}@nB]v@GKSe@[k@k@gAYg@[i@i@y@GIo@_Aq@u@SYOzAMzAIpBC`BCrAGzF?B?NAzB@f@BZ@FNv@Jj@Nh@Rl@p@tAf@x@d@hA^lAXhAJh@Lh@n@lCX|AD\Lx@Hf@Ff@VjBv@hGHl@DZJp@D`@PtAFf@FZP|AJLFHRLF@j@Ul@Sb@Sn@Y|Ao@ZMbA]FCVKZKTIlAa@fBc@dAUDAFATE\Gj@MjASp@QFAt@St@Or@Sb@KFEXIVMXKHGJIJIHIBCPOEQCQ?YBc@@IFc@Jm@BSFS?I?O?W?]?SAWA_@Ce@AWAMCe@CSC_@Ec@CMCMEMQe@KWo@cBo@aBM[{BqFSe@IMGIEEGEIEICI?GAG@E@G@GBgC|AGDEDGFCDEHCDc@jAEDA@A?C?C?AAECi@m@EEACCG?G?G@I?CH]@M??ALI\?BAH?F?FBF@BDDh@l@DB@@B?B?@?@ADEb@kABEDIBEFGDEFEfC}AFCFADAFAF@H?HBHDFDDDFHHLRd@zBpFLZn@`Bn@bBJVPd@DLBLBLDb@B^BRBd@@L@VBd@@^@V?R?\?V?N?H@T?J?L@L@HD\HHDNBLDXBX?b@MNIJQPGDMFIFIDy@Zo@R{@Vk@Nu@Pc@NE@gAVcATy@PQDE?G@[FWFUDKB{@PoA^SFSFODMB_@LSHo@T]NOH_A^q@Xs@ZOD]Ru@ZUL[GCAMOCSEi@Q}AG[Gg@QuAEa@Kq@E[Im@w@iGWkBGg@Ig@My@E]Y}Ao@mCMi@Ki@YiA_@mAe@iAg@y@q@uASm@Oi@Kk@Ow@AGC[Ag@@{B?O?CF{FBsABaBHqBL{AN{AF]Ha@Pi@JYNWb@}@v@yAv@sAd@_AN_@Z_AP_Ap@{Et@{ENiAN_ADYBKVsBJ_ADk@Bk@?{@GgAXIrAc@J?N?JFJFhBtBZkAFW\eBaBuAZeBQq@MO??LNPp@DEH@FFpAr@NeAR_BPeBHuA@]H}ABaADqB???mAAqAr@QXIl@OHGJGV[P[BX?PEdAAJEnACrAArAq@B]BO?oAFs@DO@M?yCN]@I?U@Y@G?oAJUB_@Ji@Ra@R]Re@^o@r@Qb@IT?L?DBNBLNd@hAlB\f@\l@Vl@Pd@Lp@Jr@Hz@FfA?z@Cj@Ej@K~@WrBCJEXO~@OhAu@zEq@zEQ~@[~@O^e@~@w@rAw@xAc@|@OVKXQh@I`@G\RXp@t@n@~@FHh@x@Zh@Xf@j@fAZj@Rd@FJ\w@|@oBAOCE?eB	Click to Generate
S4	45	1			3	Le Bon Vin (S4)	PDSA (S4)	J W Young (Butchers) Ltd (S4)	3528	2646	s~{dIx{wGNYl@?XNVRV^@@nAb@zAh@^wC}@[iAe@g@OiA_@gB{@KCAA}@]MEyGeCmBs@EAEAE@E@E@EFEHgA~BM`@GLABMH@XLh@t@vA`@x@`AnBJNPWBAPWUXQVKOaAoBa@y@u@wAWQIOS[GIYa@S]KUIOJYFQP_@LSVWl@oAR\Sd@??Re@S]Xo@f@eAv@gBdA}Br@aBJWXs@Tu@\eAb@kAfA{C`ByEJ[n@wBVu@DKL]^h@@BJLNTFHJP^h@FL`@p@j@|@R^LRBDBDV\nAfBx@dAZ^JP\^FFFHx@~@K\Qn@?BCD[dAu@~BsAfEYi@AMCuHlAlBd@v@jAfBNP`@N\ZjAfBGx@Q~BADIfBAt@i@rBg@hAk@|Ao@Ki@SgA]_@vC{Ai@oAc@AAW_@WSYOm@?OX	Click to Generate
S4	20	1			3	Page Hall Medical Centre (S4)	Oasis Academy Fir Vale (S4)	St Cuthberts (S4)	1716	1287	{`~dIfzyG??GiBBABO@MUwAEWCUIFM@GCE^G`@Mf@O^CDKR?@SXSXCDMNLOBERYRYJUBEN_@Lg@w@Om@KGAQ`D?JANCZALCl@An@Br@Dn@Dh@Lr@L`AD\??Fp@JdA@LFd@BRDTJd@BHJf@DTLf@DTLl@^\PRHFERAF?F?t@AtC@Tm@F@uB?{@@mA?MAQAOEWMm@EUMg@EUKg@CIKUOYIOEIIOOg@Sa@aEiI`BkAdA_ALAD?@MB[@O?KPaDF@l@Jv@NFa@D_@By@BIFAFBDRD^CFBTDVTvAALCNC@FhB??	Click to Generate
S4	30	1			3	Jamia Masjid Ghausia (S4)	Fir Vale Academy (S4)	St Cuthberts (S4)	2806	2104	qh~dI`xyGq@c@[USOMb@KVMLSLSJk@TUJGFgGpMGLCJ?JRlB\~CVCZCp@Cp@?rABjA@f@?`A@|@?l@@v@BRDJMFG@EBI@I?UEUKg@CIKe@EUCSGe@AMKeAGq@E]MaAGc@EOEi@Eo@Cs@@o@Bm@@MB[@O?KPaDF@l@Jv@NFa@D_@By@BIFAFBDRD^CFBTDVTvAALCNC@AQYPHxBXO??GiBBABO@MUwAEWCUIFM@GCE^G`@w@Om@KGAQ`D?JANCZALCl@An@Br@Dn@Dh@Lr@L`AD\Fp@JdA@LFd@BRDTJd@BHJf@DTLf@DTLl@^\PRHFERAF?F?t@AtC@Tm@F@uB?{@@mA?MAQAOEWMm@EUMg@EUKg@CIKUOYIOEIIOOg@Sa@aEiIUc@O]Ua@]u@TKj@URKRMLMJWLc@RNZTp@b@	Click to Generate
S4	60	1			3	Wood Hill Lodge (S4)	Wood Hill Grange (S4)	All Days (S4)	4383	3287	yn|dI`yyGOGKCM@IBKJKTi@tAf@v@nBjDDHJRVd@Wt@a@fAGR_AlCIRm@bBSl@IVUr@KNIDIBYFG?a@@QCSUQYa@w@Se@Ic@Ia@}@eD_AqDy@kCcAcDW{@GUWcA}@oCIUOa@[_ASq@aAsCAC]}@aAaBu@_BUk@M[Qk@Mk@Ky@OcAM}@OeAT_@h@mAdAuBXx@@F|BzFfBxDrAbClArBT\BDdAlBjCpEfAjBDHrA`ClBbDf@v@nBjDDHJRVd@~@bBFHv@lAf@v@`AbBCx@Cd@Ct@AZCfA?BCl@A\E`BCXCJ??CLILIHQ?WEeBSKCC?cAKwAOeAIe@Kk@Gc@nAUt@i@|AQa@aD_I_@aA^`ArD`Jh@}ATu@b@oAj@Fd@JdAHvANbAJB?JBdBRVDP?HIHMBM??BKBYDaB@]Bm@?CBgA@[Bu@Be@By@aAcBg@w@w@mAGI_AcBWe@KSEIoBkDg@w@h@uAJUJKHCLAJBNF	Click to Generate
S4	20	1			3	Jamia Dar Ul Uloom Qadiria Jillania Centre (S4)	Oasis Academy Fir Vale (S4)	Fir Vale Academy (S4)	1504	1128	ab~dIltzGHHPRHFXVLPPRDDDFNRJWTc@HK@K?IEUDT?HAJ_@n@KVOSEGEEQSMQYWIGQS_@]Mm@EUMg@EUKg@CIKe@EUCSGe@AMKeAGq@??E]MaAMs@Ei@Eo@Cs@@o@Bm@@MB[@O?KPaDF@l@Jv@NFa@D_@By@BIFAFBDRD^CFBTDVTvAALCNC@AQYPHxBXO??GiBBABO@MUwAEWCUIFM@GCE^G`@w@Om@KGAQ`D?JANCZALCl@An@Br@Dn@Dh@Lr@L`AD\Fp@JdA@LFd@BRDTJd@BHJf@DTLf@DTLl@TR	Click to Generate
S4	60	1			3	E-ACT Parkwood Academy (S4)	Watercliffe Meadow Community Primary School (S4)	S. Ali's Off Licence (S4)	8577	6433	eh~dIb_bHALI\?BAH?F?FBF@BDDh@l@DB@@B?B?@?@ADEb@kABEDIBEFGDEFEfC}AFCFADAFAF@H?HBHDFDDDFHHLRd@zBpFLZn@`Bn@bBJVPd@DLBLBLDb@B^BRBd@@L@VBd@@^@V?R?\?V?N?H@T?J?L@L@HD\HHDNBLDXBX?b@MNIJQPGDMFIFIDy@Zo@R{@Vk@Nu@Pc@NE@gAVcATy@PQDE?G@[FWFUDKB{@PoA^SFSFODMB_@LSHo@T]NOH_A^q@Xs@ZOD]Ru@ZUL[GCAMOCSEi@Q}AG[Gg@QuAEa@Kq@E[Im@w@iGWkBGg@Ig@My@E]Y}Ao@mCMi@Ki@YiA_@mAe@iAg@y@q@uASm@Oi@Kk@Ow@AGC[Ag@@{B?O?CF{FBsABaBHqBL{AN{ARXp@t@n@~@FHh@x@Zh@Xf@j@fAZj@Rd@FJ\w@|@oBAOCE?eB???dBBD@N}@nB]v@GKSe@[k@k@gAYg@[i@i@y@hAoBj@cAHQP[Xg@l@cATe@DGPe@FOHWLc@Ps@Ha@BIL{@d@kCt@mFLgAPuABWH}@F]H_@Vy@r@_Cl@{BPu@ZkAFW\eBaBuAZeBQq@MO??LNPp@DEH@FFpAr@NeAR_BPeBHuA@]H}ABaADqB???mAAqAr@QXIl@OHGJGV[P[BX?PEdAAJEnACrAArAq@B]BO?oAFs@DO@M?yCN]@I?U@Y@G?oAJUB_@Ji@Ra@R]Re@^o@r@Qb@IT?L?DBNBLNd@hAlB\f@\l@Vl@Pd@Lp@Jr@Hz@FfA?z@Cj@Ej@K~@WrBCJEXO~@OhAu@zEq@zEQ~@[~@O^e@~@w@rAw@xAc@|@OVKXQh@I`@G\OzAMzAIpBC`BCrAGzF?B?NAzB@f@BZ@FNv@Jj@Nh@Rl@p@tAf@x@d@hA^lAXhAJh@Lh@n@lCX|AD\Lx@Hf@Ff@VjBv@hGHl@DZJp@D`@PtAFf@FZP|AJLFHRLF@j@Ul@Sb@Sn@Y|Ao@ZMbA]FCVKZKTIlAa@fBc@dAUDAFATE\Gj@MjASp@QFAt@St@Or@Sb@KFEXIVMXKHGJIJIHIBCPOEQCQ?YBc@@IFc@Jm@BSFS?I?O?W?]?SAWA_@Ce@AWAMCe@CSC_@Ec@CMCMEMQe@KWo@cBo@aBM[{BqFSe@IMGIEEGEIEICI?GAG@E@G@GBgC|AGDEDGFCDEHCDc@jAEDA@A?C?C?AAECi@m@EEACCG?G?G@I?CH]@M	Click to Generate
S4	15	1			3	Silver Pan (S4)	MyCigara (S4)	J W Young (Butchers) Ltd (S4)	1222	916	ae{dIpfwGKc@EOK[BIBCPENEREp@q@`@e@a@wALd@Rp@a@d@q@p@S\EDWVK[K]EOCMCMGq@Oa@Yo@GPEHQf@ELKZcAtC][a@OOQkAgBe@w@mAmBBtH@LXh@rAgEt@_CZeABE?CPo@J]BBl@t@Z`@n@x@^h@Xn@N`@Pd@L`@@JFXBh@DNJb@	Click to Generate
S4	20	1			3	Baltic Pearl (S4)	Attercliffe News & Booze (S4)	Aaliyah Mosque (S4)	1651	1238	qf{dIfawG@BL`@@JFXBh@DNb@nBBHHd@c@`@e@b@}@w@UU[e@kAgBbAuCJ[DMVq@FQ_@i@o@y@[a@TcAMj@GVZ`@n@x@^h@Xn@N`@Pd@L`@@JFXPENEREp@q@`@e@HI`@a@TSHSL_@DGHQBGNM@CFQDQJc@He@l@cDeBeAARSpCAF?D?D?DBxATCUB?CCuA?E?E?E@GRqC@SdBdAm@bDId@Kb@EPGPABAVAHCLINILKLSFURa@`@IHa@d@q@p@S\EDWVK[K]EOCMCMGq@N`@	Click to Generate
S4	15	1			3	Accelerate (S4)	Warty Lounge (S4)	Bit Of Everything (S4)	1253	940	cr{dIx~vGd@v@t@_CZeABE?CLe@BIJ]BBl@t@Z`@n@x@^h@Xn@N`@Pd@L`@@JFXPENERES\EDWVK[K]OZ_@x@y@dBZd@TT|@v@hAeAIe@CIc@oBEOK[BIBCPENEREp@q@`@e@a@wALd@Rp@a@d@q@p@S\EDWVK[K]o@tAy@dBkAgB][a@OOQkAgBe@w@	Click to Generate
S4	30	1			3	Global Hair & Beauty (S4)	Oasis Academy Fir Vale (S4)	Masjid Umar (S4)	2380	1785	c}}dIvvzGUb@KVOSEGEEQSMQYWIGQSIIUSMm@EUMg@EUKg@CI[o@IOEIIOOg@Sa@aEiI`BkAdA_ALAD?Cl@An@Br@Dn@Dh@Lr@L`AD\??Fp@JdA@LFd@BRDTJd@BHJf@DTLf@DTLl@^\PRHFXVLPPRDDDFNRPVP^@DP\bAzBfA~B`BpD`@hARj@N`@HRN`@BHBJn@`Bn@bB`@lAlAmALOBG?G_@oAc@uAY_AEOIEIQq@kA}@hBLUn@sAp@jAHPHDDNX~@b@tA^nA?FCFMNmAlAa@mAo@cBo@aBCKCIOa@ISOa@Sk@a@iAaBqDgA_CcA{BQ]AEQ_@QWJWTc@	Click to Generate
S4	30	1			3	Fir Vale Pharmacy (S4)	St Cuthberts (S4)	Fir Vale Academy (S4)	2388	1791	_g~dIdbzGEOEi@Eo@Cs@@o@Bm@@MB[@O?KPaDDw@Dy@mAmA}@tD]~ARNZTp@b@TPgAu@[USOMb@KVMLSLSJk@TUJGFgGpMGLCJ?JRlB\~CVCZCp@Cp@?rABjA@f@?`A@|@?l@@v@BRDJMFG@EBI@I?UEUKg@CIKUOYIOEIIOOg@Sa@aEiI`BkAdA_ALAD?@MB[@O?KPaDF@l@Jv@NFa@D_@By@BIFAFBDRD^CFBTDVTvAALCNC@AQYPHxBXO??GiBBABO@MUwAEWCUIFM@GCE^G`@w@Om@KGAQ`D?JANCZALCl@An@Br@Dn@Dh@DN	Click to Generate
S4	60	1			3	Awesome Walls Sheffield (S4)	Wood Hill Lodge (S4)	All Days (S4)	4666	3500	gm|dIj{yGc@w@MQOGKCM@IBKJKTi@tAmBcDsAaCj@uA~AsDHPBLBXDLRZ^h@BJ@J?J??Wt@AJ@F`@p@a@q@AG@KVu@?KAKCK_@i@S[EMCYCMIQ_BrDk@tAEIgAkBkCqEeAmBCEU]mAsBsAcCgByD}B{FAGYy@eAtBi@lAU^NdAL|@NbAJx@Lj@Pj@LZTj@t@~A`A`B\|@@B`ArCRp@j@`BHT|@nCVbAFTVz@bAbDx@jC~@pD|@dDH`@Hb@Rd@`@v@PXRTPB`@AF?XGHCHEJOTs@HWRm@l@cBHS~@mCFS`@gAVu@~@bBFHv@lAf@v@`AbBCx@Cd@Ct@AZCfA?BCl@A\E`BCXCJ??CLILIHQ?WEeBSKCC?cAKwAOeAIe@Kk@Gc@nAUt@i@|AQa@aD_I_@aA^`ArD`Jh@}ATu@b@oAj@Fd@JdAHvANbAJB?JBdBRVDP?HIHMBM??BKBYDaB@]Bm@?CBgA@[Bu@Be@By@aAcBg@w@w@mAGI_AcBWe@KSEIoBkDg@w@h@uAJUJKHCLAJBNFLPb@v@	Click to Generate
S4	20	1			3	MyCigara (S4)	Baltic Pearl (S4)	J W Young (Butchers) Ltd (S4)	1527	1145	ab{dIv~vGRp@a@d@q@p@S\EDWVK[K]o@tAy@dBkAgBbAuCJ[DMPg@DIFQXn@N`@Pd@L`@@JFXBh@DNb@nBBHHd@c@`@e@b@}@w@UU[e@kAgB][a@OOQkAgBe@w@mAmBBtH@LXh@rAgEt@_CZeABE?CPo@J]BBl@t@Z`@n@x@^h@Xn@N`@Pd@L`@@JFXPENEREp@q@`@e@Sq@	Click to Generate
S4	45	1			3	Busk Meadow Park (S4)	Shirecliffe Community Centre (S4)	Norwood and Bishopsholme Community Centre (S4)	3337	2503	_n~dI|g~G]H@pA?lAEpBs@DO@M?yCN]@I?U@Y@G?oAJUBQ_AQcA[sA]kA_@_Ak@uAm@iATi@FKDENCf@KHAJCRCt@IHCJGbBgAF?LCLCPAHDFHXjALn@??Mo@YkAGIIEQ@MBMBG?cBfAKFIBu@HSBKBI@g@JOBEDGJUh@l@hAj@tA^~@\jAZrAPbAP~@TCnAKF?LAJ?TAH?\AxCOL?NAr@EnAGN?BlCCmCO?oAFs@DO@M?yCN]@I?U@Y@G?oAJUBQ_AQcA[sA]kA_@_Ak@uAm@iATi@FKDENCf@KHAJCRCt@IHCJGbBgAF?LCLCPA??HDFHXjALn@Mo@YkAGIIEQ@MBMBG?cBfAKFIBu@HSBKBI@g@JOBEDGJUh@l@hAj@tA^~@\jAZrAPbAP~@TCnAKF?XATAH?\AxCOL?NAr@EDqB?mAAqA\I	Click to Generate
S4	60	1			3	St. James Church (S4)	Scott Road Store (S4)	All Days (S4)	5891	4418	eqzdIvn~GF_@RgBFg@@CBE@A@?BA@?PJL?NCJEAKCg@?O?O@Q@Q@MN}BF{@Dq@@M@QB]Fa@[MSKICYMIEy@_@C?K?C@G@A@EBM@E?KAIAEAWCGAoACMAS@G@C@EDED_AvAEFWb@INCBCBC@SBeAVGBGBEBA@C@EBEBKH}ApAOJMFMFKDKBOBMBM@Q?m@EI?aBIsAEuBI}@KYMc@Wk@k@mBqBy@_A]_@UUEGW]GGiB}BMO]We@SUGQG_@EKAEAu@IGAGAOCOEICGCICq@[m@YGCOGOGIE]SGC]Ue@g@CCe@o@[g@CEWc@CEEIMWISOYWa@_@m@MS_@o@Ye@[q@Ue@EIa@}@Sc@u@aBa@aAEKPWBIHgB@]NqCP{DFBFDFJFJRWJ]@IGY??FXAHK\SVGKGKGEGC@m@N_DHmAH{@Ho@H]x@aCL[HUPg@FQJ[v@mBx@yBQa@aD_I_@aA^`ArD`Jy@xBw@lBSl@Qf@ITMZy@`CI\In@Iz@IlAO~CAl@QzDOpCA\IfBCHQVDJ`@`At@`BRb@`@|@DHTd@Zp@Xd@^n@LR^l@V`@NXHRLVDHBDVb@BDZf@d@n@BBd@f@\TFB\RHDNFNFFBl@Xp@ZHBFBHBNDNBF@F@t@HD@J@^DPFTFd@R\VLNhB|BFFV\DFTT\^x@~@lBpBj@j@b@VXL|@JtBHrAD`BHH?l@DP?LALCNCJCJELGLGNK|AqAJIDCDCBA@ADCFCFCdAWRCBABCBCHOJNFDHDv@XJBH@F?F?H?FAFAHAHAHEHEJGJEHEFEBCDCDAJCJy@Be@Be@@c@@G?Q?k@?ICw@?]By@PeDNYFED?D?A\@X@\@TFh@D\BNFTHTL^DHd@hAFNBBLP@DHJHPBDBTHP@L?NCVG`@C\APALEp@Gz@O|BALAPAP?N?NBf@@JKDOBM?QKA?C@A?A@CDABGf@SfBG^	Click to Generate
S4	20	1			3	Jamia Dar Ul Uloom Qadiria Jillania Centre (S4)	Oasis Academy Fir Vale (S4)	Fir Vale Academy (S4)	1504	1128	ac~dIzrzGH\^\PRHFXVLPPRDDDFNRJWTc@HK@K?IEUDT?HAJ_@n@KVOSEGEEQSMQYWIGQS_@]Mm@EUMg@EUKg@CIKe@EUCSGe@AMKeAGq@??E]MaAMs@Ei@Eo@Cs@@o@Bm@@MB[@O?KPaDF@l@Jv@NFa@D_@By@BIFAFBDRD^CFBTDVTvAALCNC@AQYPHxBXO??GiBBABO@MUwAEWCUIFM@GCE^G`@w@Om@KGAQ`D?JANCZALCl@An@Br@Dn@Dh@Lr@L`AD\Fp@JdA@LFd@BRDTJd@BHJf@DTLf@DTBN	Click to Generate
S4	20	1			3	The Carlton Hotel (S4)	Accelerate (S4)	Aaliyah Mosque (S4)	1808	1356	mg{dIj{vGQDK`AXn@N`@Pd@L`@@JFXBh@BF@Fb@nBBHHd@iAdA}@w@UU[e@kAgB][a@OOQkAgBt@_CZeABE?CLe@BIJ]BBl@t@Z`@n@x@^h@Xn@N`@Pd@L`@@JFXPENEREp@q@`@e@HI`@a@TSHSL_@DGHQBGNM@CFQDQJc@He@l@cDeBeAARSpCAF?D?D?DBxATCUB?CCuA?E?E?E@GRqC@SdBdAm@bDId@Kb@EPGPABAVAHCLINILKLSFURa@`@IHa@d@q@p@S\EDWVK[K]EOCMCMGq@Oa@Yo@JaAPE	Click to Generate
S4	45	1			3	City Motor Factors (S4)	Colourcraft Limited (S4)	Eye of Needle (S4)	3450	2588	kt|dIlqwG^m@FrAFn@@V@XLh@t@vAb@a@BCDCJCF?jAEJ?J@^H_@IKAK?sADKBEBCBc@`@u@wAWQIOS[GIYa@KCKAI?G?O?QXu@`BgAdCkCbGXd@@B@@pDjGu@jBh@|@i@}@t@kBqBkD_A_BAAACYe@jCcGfAeCt@aBJk@DINa@JYFQP_@LSVWHTBLD`@FrAFn@HI@?JMNMfA_CDIDGDADADAD@D@lBr@xGdCLD|@\@@JBfBz@hA^f@NhAd@|@Z_@vC{Ai@oAc@AAW_@WSYOm@?OX??NYl@?XNVRV^@@nAb@zAh@^wC}@[iAe@g@OiA_@gB{@KCAA}@]MEyGeCmBs@EAEAE@E@E@EFEHgA~BM`@GLABMHM@WBGIYa@S]KUIOJYFQP_@LSVWHTBLD`@_@l@	Click to Generate
S4	20	1			3	St Cuthberts (S4)	Yours Food and Wine (S4)	Oasis Academy Fir Vale (S4)	1674	1256	u_~dIptzG@P@ZA\MQYWIGQS_@]Mm@EUMg@EUKg@CIKUOYIOEIIOOg@TVFFDBJLBRDTJd@BHJf@DTLf@DTLl@^\PRHFXVLPPRDDDFNRPVP^@DP\bAzBGNCDC@OHIDi@ViAh@q@\y@^C@AA@]@g@@_@@kB@uB?{@@mA?MAQAOEWMm@EUMg@EUKg@CI[o@IOEIIOOg@Sa@aEiI`BkAdA_ALAD?Cl@An@Br@Dn@Dh@Lr@L`AD\??Fp@JdA@LFd@BRDTJd@BHJf@DTLf@DTLl@^\PRHFXVLP@]A[AQ	Click to Generate
S4	45	1			3	La Piazza (S4)	Eye of Needle (S4)	Colourcraft Limited (S4)	3508	2631	ml|dIv~wGC@QVKOaAoBa@y@u@wAWQIOS[GIYa@S]KUIOJYFQP_@LSVWHTBLD`@e@x@DK^m@FrAFn@HI@?JMNMfA_CDIDGDADADAD@D@lBr@xGdCLD|@\@@JBfBz@hA^f@NhAd@|@Z_@vC{Ai@oAc@AAW_@WSYOm@?OX??NYl@?XNVRV^@@nAb@zAh@^wC}@[iAe@g@OiA_@gB{@KCAA}@]MEyGeCmBs@EAEAE@E@E@EFEHgA~BM`@GLABMHM@WBGIYa@KCKAI?G?O?QXu@`BgAdCkCbGXd@@B@@~@~ApBjDrBnD|FzJ~CxF~@qBv@gBeA}Az@qBDi@Bc@@W@u@@I@G@IBGa@q@S]GKIOO_@CIKq@Mc@Ms@WyAKa@K]Oc@Oe@]_Aa@s@PWBA	Click to Generate
S4	20	1			3	Adept Afro Hair & Beauty (S4)	Illusionz (S4)	Aaliyah Mosque (S4)	1655	1241	ig{dIj{vGUDK`A_@i@o@y@[a@MO_@e@CCK\Qn@?BCD[dAu@~BjAfBNP`@N\ZjAfBZd@TT|@v@hAeAIe@CIWkAKc@EOK[BIBCPENEREp@q@`@e@HI`@a@TSHSL_@DGHQBGNM@CFQDQJc@He@l@cDeBeAARSpCAF?D?D?DBxATCUB?CCuA?E?E?E@GRqC@SdBdAm@bDId@Kb@EPGPABAVAHCLINILKLSFURa@`@IHa@d@q@p@S\EDWVK[K]EOCMCMGq@Oa@Yo@JaATE	Click to Generate
S4	20	1			3	Bit Of Everything (S4)	Beauty Beneath (S4)	J W Young (Butchers) Ltd (S4)	1519	1139	eg{dIrdwGUd@y@dBZd@TT|@v@hAeAIe@CIc@oBEOK[BIBCPENEREp@q@`@e@a@wALd@Rp@a@d@q@p@S\EDWVK[K]EOCMCMGq@Oa@Yo@_@i@GGg@q@[a@m@u@CCK\Qn@?BCD[dAu@~BsAfEYi@AMCuHlAlBd@v@jAfBNP`@N\ZjAfBZd@TT|@v@hAeAIe@CIc@oBEOK[K]Yn@	Click to Generate
S4	20	1			3	Attercliffe News & Booze (S4)	Baltic Pearl (S4)	Aaliyah Mosque (S4)	1733	1300	yf{dIt`wGHTL`@@JFXPENERES\EDWVK[K]EOCMCMGq@Oa@Yo@_@i@o@y@[a@TcAMj@GVZ`@n@x@^h@GPWp@ELKZcAtCjAfBZd@TT|@v@d@c@b@a@Ie@CIc@oBEOK[BIBCPENEREp@q@`@e@HI`@a@TSHSL_@DGHQBGNM@CFQDQJc@He@l@cDeBeAARSpCAF?D?D?DBxATCUB?CCuA?E?E?E@GRqC@SdBdAm@bDId@Kb@EPGPABAVAHCLINILKLSFURa@`@IHa@d@q@p@S\EDWVK[K]EOCMCMGq@FN	Click to Generate
S4	20	1			3	Crabtree Ponds (S4)	St. James Church (S4)	Masjid Umar (S4)	1894	1420	ym}dIlf|Gc@eCTMTOCKEEECm@?s@?]@@WBMRODE@EAEMu@GW?K@O@MFKGJAL??AN?JFVLt@@DADEDSNCLAV\Ar@?l@?DBDDBJDCJETGPARAL?Rn@d@zAz@|CZfAPh@n@tBPWBIHgB@]NqCP{DFBFDFJFJRWJ]@IGY??FXAHK\SVGKGKGEGC@m@MIGGGM_EaNe@}AmBPKAIEIQq@kA}@hBLUn@sAp@jAHPHDDNX~@b@tA^nA?FCFMNmAlARr@j@tBDNXbAM?S@Q@UFKDEBUNULb@dC	Click to Generate
S4	45	1			3	Crabtree Ponds (S4)	Tea and Cakes (S4)	Yours Food and Wine (S4)	3950	2962	oq}dI`m{Gn@sAp@jAHPHDDNX~@b@tA^nA?FCFMNmAlARr@j@tBDNXbAM?S@Q@UFKDEBCKEEECm@?s@?]@@WBMRODE@EAEMu@GW?K@O@MFKGJAL??AN?JFVLt@@DADEDSNCLAV\Ar@?l@?DBDDBJDCJETGPARAL?Rn@d@zAz@|CZfAPh@n@tBPWBIHgB@]NqCP{D@m@N_DHmAH{@Ho@H]x@aCL[HUPg@Rm@kAqCeAkCw@qB_AcCGHI\Ml@CRQDMHKFCHADCN?VBVFPb@jAb@dAJTKNt@zEBHDBD?DIp@gBdAqCjApCSl@Qf@ITMZy@`CI\In@Iz@IlAO~CAl@QzDOpCA\IfBCHQVo@uBQi@[gA{@}Ce@{ASo@YcAEOk@uBSs@a@mAo@cBo@aBCKCIOa@ISUNwB~AI@{@yDoBaIh@WHENIBABEFOfA~B`BpD`@hARj@N`@HRN`@BHBJn@`Bn@bB`@lAlAmALOBG?G_@oAc@uAY_AEOIEIQq@kAo@rA	Click to Generate
S4	15	1			3	The Dream Lounge (S4)	J W Young (Butchers) Ltd (S4)	Illusionz (S4)	1333	1000	_l{dIdyvGFFZ`@n@x@^h@Tf@BFN`@Pd@L`@@JFXBh@DNb@nBBHHd@iAdA}@w@UU[e@kAgB][a@OOQkAgBe@w@mAmBBtH@LXh@rAgEjAfBNP`@N\ZjAfBZd@TT|@v@hAeAIe@CIWkAKc@EOK[K]EOCMCMGq@Oa@Yo@_@i@o@y@[a@GG	Click to Generate
S4	45	1			3	Busk Meadow Park (S4)	Shirecliffe Community Centre (S4)	Norwood and Bishopsholme Community Centre (S4)	3266	2450	{n~dI~i~G?X?lAEpBs@DO@M?yCN]@I?U@Y@G?oAJUBQ_AQcA[sA]kA_@_Ak@uAm@iATi@FKDENCf@KHAJCRCt@IHCJGbBgAF?LCLCPAHDFHXjALn@??Mo@YkAGIIEQ@MBMBG?cBfAKFIBu@HSBKBI@g@JOBEDGJUh@l@hAj@tA^~@\jAZrAPbAP~@TCnAKF?LAJ?TAH?\AxCOL?NAr@EnAGN?BlCCmCO?oAFs@DO@M?yCN]@I?U@Y@G?oAJUBQ_AQcA[sA]kA_@_Ak@uAm@iATi@FKDENCf@KHAJCRCt@IHCJGbBgAF?LCLCPA??HDFHXjALn@Mo@YkAGIIEQ@MBMBG?cBfAKFIBu@HSBKBI@g@JOBEDGJUh@l@hAj@tA^~@\jAZrAPbAP~@TCnAKF?XATAH?\AxCOL?NAr@EDqB?mA?Y	Click to Generate
S4	20	1			3	Warty Lounge (S4)	Bit Of Everything (S4)	J W Young (Butchers) Ltd (S4)	1619	1214	og{dItyvGOz@K`AXn@N`@Pd@L`@@JFXPENERES\EDWVK[K]OZ_@x@y@dBZd@TT|@v@hAeAIe@CIc@oBEOK[BIBCPENEREp@q@`@e@a@wALd@Rp@a@d@q@p@S\EDWVK[K]EOCMCMGq@Oa@Yo@_@i@o@y@[a@m@u@CCK\Qn@?BCD[dAu@~BsAfEYi@AMCuHlAlBd@v@jAfBNP`@N\ZbAuCJ[DMVq@FQJaAN{@	Click to Generate
S4	20	1			3	Baltic Pearl (S4)	Attercliffe News & Booze (S4)	Aaliyah Mosque (S4)	1651	1238	of{dIjawG??L`@@JFXBh@DNb@nBBHHd@c@`@e@b@}@w@UU[e@kAgBbAuCJ[DMVq@FQ_@i@o@y@[a@TcAMj@GVZ`@n@x@^h@Xn@N`@Pd@L`@@JFXPENEREp@q@`@e@HI`@a@TSHSL_@DGHQBGNM@CFQDQJc@He@l@cDeBeAARSpCAF?D?D?DBxATCUB?CCuA?E?E?E@GRqC@SdBdAm@bDId@Kb@EPGPABAVAHCLINILKLSFURa@`@IHa@d@q@p@S\EDWVK[K]EOCMCMGq@Pd@	Click to Generate
S4	15	1			3	Illusionz (S4)	Silver Pan (S4)	J W Young (Butchers) Ltd (S4)	1415	1061	yh{dIn~vGQf@ELKZcAtCjAfBZd@TT|@v@hAeAIe@CIWkAKc@EOK[BIBCPENEREp@q@`@e@a@wALd@Rp@a@d@q@p@S\EDWVK[K]EOCMCMGq@Oa@Yo@_@i@o@y@[a@m@u@CCK\Qn@?BCD[dAu@~BsAfEYi@AMCuHlAlBd@v@jAfBNP`@N\ZbAuCJ[DMPg@	Click to Generate
S4	20	1			3	Yours Food and Wine (S4)	Oasis Academy Fir Vale (S4)	Fir Vale Academy (S4)	1866	1400	m`~dIrrzGJG@NHj@@Z@ZA\PRDDDFNRPVP^@DP\bAzBGNCDC@OHIDi@ViAh@q@\y@^C@AA@]@g@@_@@kB@uB?{@@mA?MAQAOEWMm@EUMg@EUKg@CIKe@EUCSGe@AMKeAGq@??E]MaAMs@Ei@Eo@Cs@@o@Bm@@MB[@O?KPaDF@l@Jv@NFa@D_@By@BIFAFBDRD^CFBTDVTvAALCNC@AQYPHxBXO??GiBBABO@MUwAEWCUIFM@GCE^G`@w@Om@KGAQ`D?JANCZALCl@An@Br@Dn@Dh@Lr@L`AD\Fp@JdA@LFd@BRDTJd@BHJf@DTLf@DTLl@^\PRHFXVLP@]A[A[Ik@AOKF	Click to Generate
S4	30	1			3	Beauty Beneath (S4)	Aaliyah Mosque (S4)	J W Young (Butchers) Ltd (S4)	2242	1682	wd{dIfcwG@?RES\EDWVK[K]EOCMCMGq@Oa@Yo@_@i@GGg@q@d@_CPL\TH]^Tc@dCK`AXn@N`@Pd@L`@@JFXPENEREp@q@`@e@HI`@a@TSHSL_@DGHQBGNM@CFQDQJc@He@l@cDeBeAARSpCAF?D?D?DBxATCUB?CCuA?E?E?E@GRqC@SdBdAm@bDId@Kb@EPGPABAVAHCLINILKLSFURa@`@IHa@d@q@p@S\EDWVK[K]o@tAy@dBkAgB][a@OOQkAgBe@w@mAmBBtH@LXh@rAgEt@_CZeABE?CPo@J]BBl@t@Z`@n@x@^h@Xn@N`@Pd@L`@@JFXPELE	Click to Generate
S4	20	1			3	Attercliffe News & Booze (S4)	Aaliyah Mosque (S4)	Baltic Pearl (S4)	1593	1195	ig{dIr_wGGOYo@_@i@o@y@[a@TcAMj@GVZ`@n@x@^h@Xn@N`@Pd@L`@@JFXPENEREp@q@`@e@HI`@a@TSHSL_@DGHQBGNM@CFQDQJc@He@l@cDeBeAARSpCAF?D?D?DBxATCUB?CCuA?E?E?E@GRqC@SdBdAm@bDId@Kb@EPGPABAVAHCLINILKLSFURa@`@IHa@d@q@p@S\EDWVDNb@nBBHHd@c@`@e@b@}@w@UU[e@kAgBbAuCJ[DMVq@FQXn@FN	Click to Generate
S4	60	1			3	WHSmith (S4)	Northern Perk (S4)	Norwood Grange Care Home (S4)	4538	3404	_v~dIpy{G?@HNJTR^JV\l@LVNVb@|@LTLTBDP\^t@DFVf@DF@DBBd@hADH`@q@BG@ARYlAgCd@_AFKHUHYF]Da@\_DDm@@q@@sBAeB?]@s@Bo@Dg@DWHo@JoA@]@g@@_@@kB@uB?{@@mA?MAQAOEWUQOICCSESEw@Cm@A}@?aAAAbAGjD?D?l@X?LFNFPNLLNZN`@DZBZ@P@b@An@?v@Ah@Gh@Kh@M^IRKL]ZQLEWKYEGG?I?SAC?ENEFM?CC?G???IBCFAH?FBB?R@H?F?DFJXDVPM\[JMHSL_@Ji@Fi@@i@?w@@o@Ac@AQC[E[Oa@O[MMQOOGMGY??m@?EFkD@cA`A@|@?l@@v@BRDRDBBNHTPDV@N@P?LAlA?z@AtBAjBA^Af@A\KnAIn@EVEf@Cn@Ar@?\@dBArBAp@El@]~CE`@G\IXITGJe@~@mAfCKf@Uj@EFEJMQEIe@iACCAEEGWg@Wd@gAuBTg@LTBDP\^t@DFVf@DF@DBBDJ^|@DHLPGLEHKTIPWd@[`@SPa@Ts@r@w@v@q@l@y@p@YX[`@U\q@|Aa@|@Ud@g@dAMQg@u@a@o@_@k@UQE?]GsBYGCJ_AJw@LDFAJCFBtBdAA@UpATP^j@`@n@f@t@LPf@eATe@`@}@p@}AT]Za@XYx@q@p@m@v@w@r@s@d@u@R]FMb@w@DGR_@EIe@iACCAEEGWg@EG_@u@Q]CEMUMUc@}@OWMW]m@KWS_@KUIO?A	Click to Generate
S4	45	1			3	Northern General Hospital (S4)	Sheffield GP Collaborative (Out of Hours Service) (S4)	Norwood Grange Care Home (S4)	4032	3024	gm~dI`h|GEKCCAEEGWg@EG_@u@Q]CEMUMUc@}@OWMW]m@KWS_@KUIO?AGUGSIGKGO?]?i@@A?_@FuAZO@E?qA@sA?MAEM?ODKCGAGC}@?QCaCA_@?Q?u@?WAq@AO?I?M?I?M?SBSTAv@CD?B?r@ALAXAJCHEDCJGFGRYJM\SLK`Am@dAq@VO^S`D_B|@g@LILEHAX?LFNFPNLLNZN`@DZBZ@P@b@An@?v@Ah@Gh@Kh@M^IRKL]ZQLMJUNa@EGAC@CBANK\SBETSHRIDURCJ]@OBCBAF@`@D@ARMLKPM\[JMHSL_@Ji@Fi@@i@?w@@o@Ac@AQC[E[Oa@O[MMQOOGMGY??m@?EFkD@cA`A@|@?l@@v@BRDRDBBNHTPDV@N@P?LAlA?z@AtBAjBA^Af@A\KnAIn@EVEf@Cn@Ar@?\@dBArBAp@El@]~CE`@G\IXITGJe@~@mAfCKf@Uj@EFEJGLEHKTIPWd@[`@SPa@Ts@r@w@v@q@l@y@p@YX[`@U\q@|Aa@|@Ud@g@dAMQg@u@a@o@_@k@UQE?]GsBYGCJ_AJw@LDFAJCFBtBdAA@UpATP^j@`@n@f@t@LPf@eATe@`@}@p@}AT]Za@XYx@q@p@m@v@w@r@s@d@u@R]FMb@w@DGR_@EI_@}@	Click to Generate
S4	20	1			3	Busk Meadow Park (S4)	Kaya Hair & Beauty (S4)	Shirecliffe Community Centre (S4)	1888	1416	_x~dId|}G??HDFHXjALn@??Mo@YkAGIIEQ@MBMBG?cBfAKFIBu@HSBKBI@g@JOBEDGJUh@l@hAj@tA^~@\jAZrAPbAP~@TCnAKF?XATAH?\AxCOL?NAr@EDqB?mAAqA\ITGXIl@OHGJGV[P[BX?PEdAAJEnACrAArAq@B]BO?oAFs@DO@M?yCN]@I?U@K?M@G?oAJUBQ_AQcA[sA]kA_@_Ak@uAm@iATi@FKDENCf@KHAJCRCt@IHCJGbBgAF?LCLCPA	Click to Generate
S4	45	1			3	Norwood and Bishopsholme Community Centre (S4)	Northern General Hospital (S4)	Northern Perk (S4)	3272	2454	oa_eIpy|GUpATP^j@`@n@f@t@LPQd@IPUj@]fAUv@ENYzAWtAKv@It@CVGfAI|BEdA?TE~@Cn@C\HJDDNNHJTi@FKDENCf@KHAJCRCt@IHCJGbBgAF?LCLCPA??HDFHXjALn@Mo@YkAGIIEQ@MBMBG?cBfAKFIBu@HSBKBI@g@JOBEDGJUh@IKOOEEIKB]Bo@D_A?UDeAH}BFgABWHu@Jw@VuAX{ADOTw@\gATk@HQPe@f@eATe@`@}@p@}AT]Za@XYx@q@p@m@v@w@r@s@d@u@R]FMb@w@DGR_@EIe@iACCAEEGWg@EG_@u@Q]CEMUMUc@}@OWMW]m@KWS_@KUIO?AGUDGDCFAB?`@Ad@Cd@AFGDM@M@KBKFGZMHAFFHPJVRd@DVJf@B\Bn@Bd@B`@ARCLEJCFOXS`@CFGLMT^t@DFVf@DF@DBBDJ^|@DHLPGLEHKTIPWd@[`@SPa@Ts@r@w@v@q@l@y@p@YX[`@U\q@|Aa@|@Ud@g@dAMQg@u@a@o@_@k@UQE?]GsBYGCJ_AJw@LDFAJCFBtBdAA@	Click to Generate
S4	20	1			3	St Cuthberts (S4)	Fir Vale Academy (S4)	Page Hall Medical Centre (S4)	1760	1320	cf~dIhfzGFp@JdA@LFd@BRDTJd@BHJf@DTLf@DTLl@^\PRHFERAF?F?t@AtC@Tm@F@uB?{@@mA?MAQAOEWMm@EUMg@EUKg@CIKUOYIOEIIOOg@Sa@aEiI`BkAdA_ALAD?@MB[@O?KPaDF@l@Jv@NFa@D_@By@BIFAFBDRD^CFBTDVTvAALCNC@AQYPHxBXO??GiBBABO@MUwAEWCUIFM@GCE^G`@Mf@O^CDKR?@SXSXCDMNLOBERYRYJUBEN_@Lg@w@Om@KGAQ`D?JANCZALCl@An@Br@Dn@Dh@Lr@L`AD\??	Click to Generate
S4	60	1			3	Whiteways Primary School (S4)	Wood Hill Lodge (S4)	Tea and Cakes (S4)	5423	4067	ui}dIfczGw@{B@KdCsCp@u@LCDDDDDR\b@_@yA}@oCIUk@aBSq@aAsCAC]}@aAaBu@_BQ`@EVAX?XBR@DqCdD\pANx@D^DTBb@D^PKT`CVxCBFD@EACGm@{GQJE_@Cc@EUE_@Oy@]qApCeDAECS?Y@YDWPa@t@~A`A`B\|@@B`ArCRp@j@`BHT|@nCVbAFTVz@bAbDx@jC~@pD|@dDH`@Hb@Rd@`@v@PXRTPB`@AF?XGHCHEJOTs@HWRm@l@cBHS~@mCFS`@gAVu@~@bBFHv@lAf@v@`AbBCx@Cd@Ct@AZCfA?BCl@A\E`BCXCJ??CLILIHQ?WEeBSKCC?cAKwAOeAIe@Kk@GIAcBQGEEIc@aAi@sAs@kBGGIAI?MBQL[^e@p@o@~@s@bAGHI\Ml@CR?RBPBPFVjAnCq@`AKUc@eAc@kAGQCW?WBO@EBIJGLIPEBSLm@H]FIr@cAn@_Ad@q@Z_@PMLCH?H@FFr@jBh@rAb@`ADHFDbBPH@j@Fd@JdAHvANbAJB?JBdBRVDP?HIHMBM??BKBYDaB@]Bm@?CBgA@[Bu@Be@By@aAcBg@w@w@mAGI_AcBWt@a@fAGR_AlCIRm@bBSl@IVUr@KNIDIBYFG?a@@QCSUQYa@w@Se@Ic@Ia@}@eD_AqDy@kCcAcDW{@]c@ESEEEEMBq@t@eCrCAJv@zB	Click to Generate
S4	20	1			3	Fir Vale Academy (S4)	Jamia Masjid Ghausia (S4)	St Cuthberts (S4)	1677	1258	ud~dI`wyGJSBEN_@Lg@Fa@D_@By@BIFAFBDRD^CFBTDVTvAALCNC@AQYPHxBXO??GiBBABO@MUwAEWCUIFM@GCE^G`@w@Om@KGAQ`D?JANCZALCl@An@Br@Dn@Dh@DNFb@L`AD\Fp@JdA@LFd@BRDTJd@BHJf@DTLf@DTLl@^\PRHFERAF?F?t@AtC@Tm@F@uB?{@@mA?MAQAOEWMm@EUMg@EUKg@CIKUOYIOEIIOOg@Sa@aEiI`BkAdA_ALAD?@MB[@O?KPaDF@l@Jv@NMf@O^CDKR	Click to Generate
S4	45	1			3	City Motor Factors (S4)	Eye of Needle (S4)	Colourcraft Limited (S4)	3592	2694	qr|dIlmwGRe@S]m@nAHTBLD`@FrAFn@@V@XLh@t@vAb@a@BCDCJCF?jAEJ?J@^H_@IKAK?sADKBEBCBc@`@u@wAWQIOS[GIYa@S]KUIOJYFQP_@LSVWHTBLD`@FrAFn@HI@?JMNMfA_CDIDGDADADAD@D@lBr@xGdCLD|@\@@JBfBz@hA^f@NhAd@|@Z_@vC{Ai@oAc@AAW_@WSYOm@?OX??NYl@?XNVRV^@@nAb@zAh@rEdBZLGlBo@rA]R_@JMJNXoBtDET]nDI`@Sb@_@x@INEHMXGTABKX]t@QViBfEuBlFSh@iEmH_DyF}F{JsBoDqBkD_A_BAAACYe@jCcGfAeCt@aBJk@DINa@JYFQP_@LSVWl@oAR\Sd@	Click to Generate
S4	45	1			3	Busk Meadow Park (S4)	Shirecliffe Community Centre (S4)	Norwood and Bishopsholme Community Centre (S4)	3250	2438	{n~dIvj~G?@?lAEpBs@DO@M?yCN]@I?U@Y@G?oAJUBQ_AQcA[sA]kA_@_Ak@uAm@iATi@FKDENCf@KHAJCRCt@IHCJGbBgAF?LCLCPAHDFHXjALn@??Mo@YkAGIIEQ@MBMBG?cBfAKFIBu@HSBKBI@g@JOBEDGJUh@l@hAj@tA^~@\jAZrAPbAP~@TCnAKF?LAJ?TAH?\AxCOL?NAr@EnAGN?BlCCmCO?oAFs@DO@M?yCN]@I?U@Y@G?oAJUBQ_AQcA[sA]kA_@_Ak@uAm@iATi@FKDENCf@KHAJCRCt@IHCJGbBgAF?LCLCPA??HDFHXjALn@Mo@YkAGIIEQ@MBMBG?cBfAKFIBu@HSBKBI@g@JOBEDGJUh@l@hAj@tA^~@\jAZrAPbAP~@TCnAKF?XATAH?\AxCOL?NAr@EDqB?mA?A	Click to Generate
S4	20	1			3	Baltic Pearl (S4)	Travel & More (S4)	Aaliyah Mosque (S4)	1669	1252	kf{dIpawGHZ@JFXBh@DNb@nBBHHd@c@`@e@b@}@w@UU[e@kAgB][a@OOQkAgBt@_CZeABE?CPo@J]BBl@t@Z`@PT\b@^h@Xn@N`@Pd@L`@@JFXPENEREp@q@`@e@HI`@a@TSHSL_@DGHQBGNM@CFQDQJc@He@l@cDeBeAARSpCAF?D?D?DBxATCUB?CCuA?E?E?E@GRqC@SdBdAm@bDId@Kb@EPGPABAVAHCLINILKLSFURa@`@IHa@d@q@p@S\EDWVK[K]EOCMCMGq@Pd@BD	Click to Generate
S4	20	1			3	Shirecliffe Community Centre (S4)	Busk Meadow Park (S4)	Norwood and Bishopsholme Community Centre (S4)	1535	1151	{n~dIfm~GEpBs@DO@M?yCN]@I?U@K?M@G?oAJUBQ_AQcA[sA]kA_@_Ak@uAm@iATi@FKDENCf@KHAJCRCt@IHCJGbBgAF?LCLCPAHDFHXjALn@??Mo@YkAGIIE??Q@MBMBG?cBfAKFIBu@HSBKBI@g@JOBEDGJUh@l@hAj@tA^~@\jAZrAPbAP~@TCnAKF?XATAH?\AxCOL?NAr@EDqB	Click to Generate
S4	20	1			3	All Days (S4)	St. James Church (S4)	Tea and Cakes (S4)	1899	1424	w||dIzl{GJ[v@mBx@yBQa@aD_I_@aA^`ArD`Jy@xBw@lBSl@Qf@ITMZy@`CI\In@Iz@IlAO~CAl@FBFDFJFJRWJ]@IGY??FXAHK\SVGKGKGEGC@m@N_DHmAH{@Ho@H]x@aCL[HUPg@Rm@kAqCeAkCw@qB_AcCGHI\Ml@CRQDMHKFCHADCN?VBVFPb@jAb@dAJTKNt@zEBHDBD?DIp@gBdAqCjApCKZ	Click to Generate
S4	15	1			3	The Dream Lounge (S4)	J W Young (Butchers) Ltd (S4)	Illusionz (S4)	1325	994	yk{dIjyvG@@Z`@n@x@^h@Tf@BFN`@Pd@L`@@JFXBh@DNb@nBBHHd@iAdA}@w@UU[e@kAgB][a@OOQkAgBe@w@mAmBBtH@LXh@rAgEjAfBNP`@N\ZjAfBZd@TT|@v@hAeAIe@CIWkAKc@EOK[K]EOCMCMGq@Oa@Yo@_@i@o@y@[a@AA	Click to Generate
S4	30	1			3	Northern General Hospital (S4)	Northern Perk (S4)	Yours Food and Wine (S4)	2770	2078	am~dInm{GRMLKPM\[JMHSL_@Ji@Fi@@i@?w@@o@Ac@AQC[E[Oa@O[MMQOOGMGY?I@MDMH}@f@aD~A_@RWNeAp@aAl@MJ]RKLSXGFKFEBIDKBY@M@s@@C?E?w@BU@CR?R?L?H?L?H@N@p@?V?t@?P@^B`C?PB|@@FBFJBdACfBED?v@GPAB?F?NHXH@?h@A\?N?JFHFFRFT?@HNJTR^JV\l@LVNVb@|@LTLTBDP\^t@DFVf@DF@DBBDJ^|@DH`@q@BG@ARYlAgCd@_AFKHUHYF]Da@\_DDm@@q@@sBAeB?]@s@Bo@Dg@DWHo@JoA@@BAx@_@p@]hAi@h@WHENIBABEFOcA{BQ]AEQ_@QWOSEGEEQSMQYWIGQS_@]UQOICCSESEw@Cm@A}@?aAAAbAGjD?D?l@X?LFNFPNLLNZN`@DZBZ@P@b@An@?v@Ah@Gh@Kh@M^IRKL]ZQLMJSL	Click to Generate
S4	60	1			3	Sheffield Steel City Beer Festival 49 (S4)	St. James Church (S4)	All Days (S4)	6159	4619	_ozdIdi~G??QKA?C@A?A@CDABGf@SfBYjBO~@[vB]nB\oBj@wDXkBRgBFg@@CBE@A@?BA@?PJL?NCJEAKCg@?O?O@Q@Q@MN}BF{@Dq@@M@QB]Fa@[MSKICYMIEy@_@C?K?C@G@A@EBM@E?KAIAEAWCGAoACMAS@G@C@EDED_AvAEFWb@INCBCBC@SBeAVGBGBEBA@C@EBEBKH}ApAOJMFMFKDKBOBMBM@Q?m@EI?aBIsAEuBI}@KYMc@Wk@k@mBqBy@_A]_@UUEGW]GGiB}BMO]We@SUGQG_@EKAEAu@IGAGAOCOEICGCICq@[m@YGCOGOGIE]SGC]Ue@g@CCe@o@[g@CEWc@CEEIMWISOYWa@_@m@MS_@o@Ye@[q@Ue@EIa@}@Sc@u@aBa@aAEKPWBIHgB@]NqCP{DFBFDFJFJRWJ]@IGY??FXAHK\SVGKGKGEGC@m@N_DHmAH{@Ho@H]x@aCL[HUPg@Rm@v@mBx@yBQa@aD_I_@aA^`ArD`Jy@xBw@lBSl@Qf@ITMZy@`CI\In@Iz@IlAO~CAl@QzDOpCA\IfBCHQVDJ`@`At@`BRb@`@|@DHTd@Zp@Xd@^n@LR^l@V`@NXHRLVDHBDVb@BDZf@d@n@BBd@f@\TFB\RHDNFNFFBl@Xp@ZHBFBHBNDNBF@F@t@HD@J@^DPFTFd@R\VLNhB|BFFV\DFTT\^x@~@lBpBj@j@b@VXL|@JtBHrAD`BHH?l@DP?LALCNCJCJELGLGNK|AqAJIDCDCBA@ADCFCFCdAWRCBABCBCHOJNFDHDv@XJBH@F?F?H?FAFAHAHAHEHEJGJEHEFEBCDCDAJCJy@Be@Be@@c@@G?Q?k@?ICw@?]By@PeDNYFED?D?A\@X@\@TFh@D\BNFTHTL^DHd@hAFNBBLP@DHJHPBDBTHP@L?NCVG`@C\APALEp@Gz@O|BALAPAP?N?NBf@@JKDOBM?	Click to Generate
S4	60	1			3	Sheffield Steel City Beer Festival 2024 (SCBF48) (S4)	St. James Church (S4)	Scott Road Store (S4)	5420	4065	grzdIbs~GN_AXkBRgBFg@@CBE@A@?BA@?PJ??L?NCJEAKCg@?O?O@Q@Q@MN}BF{@Dq@@M@QB]Fa@[MSKICYMIEy@_@C?K?C@G@A@EBM@E?KAIAEAWCGAoACMAS@G@C@EDED_AvAEFWb@INCBCBC@SBeAVGBGBEBA@C@EBEBKH}ApAOJMFMFKDKBOBMBM@Q?m@EI?aBIsAEuBI}@KYMc@Wk@k@mBqBy@_A]_@UUEGW]GGiB}BMO]We@SUGQG_@EKAEAu@IGAGAOCOEICGCICq@[m@YGCOGOGIE]SGC]Ue@g@CCe@o@[g@CEWc@CEEIMWISOYWa@_@m@MS_@o@Ye@[q@Ue@EIa@}@Sc@u@aBa@aAEKPWBIHgB@]NqCP{DFBFDFJFJRWJ]@IGY??FXAHK\SVGKGKGEGC@m@N_DHmAH{@Ho@H]x@aCL[HUPg@FQJ[v@mBx@yBh@}ATu@b@oAj@Fd@JdAHvANbAJB?JBdBRVDP?HIHMBM??BKBYDaB@]Bm@?CBgA@[Bu@HGNIJCPCXj@rA|B|@`BFJNZDPBVDnA?L@ND|ADhABJDJHJd@X|Ax@DBtAp@HDd@XfAn@d@Z|BvA\TZRLJ@EBCBABABBBB@F?D?FCFCBC@?R?j@?X@T?DBNBNLb@FLVSDCHGVONGXGJ?LANAl@HJDJBl@XvBtAFBHDr@b@JH\TZP\R^JFDDBFFZ\LLBB`@f@RXb@`@XF@@DBFDB@d@XPHA`@CTAZGb@E`@I^I^ELa@rAANCR?JARAX?^@V?VDt@DJFXJb@BHNl@FPBL@F@J?VMn@QdAU~@IZEPCTCZAPARAPA\@X@\@TFh@D\BNFTHTL^DHd@hAFNBBLP@DHJHPBDBTHP@L?NCVG`@C\APALEp@Gz@O|BALAPAP?N?NBf@@JKDOBM?QKA?C@A?A@CDABGf@SfBYjBO~@	Click to Generate
S4	45	1			3	Busk Meadow Park (S4)	S. Ali's Off Licence (S4)	Norwood and Bishopsholme Community Centre (S4)	3106	2330	wx~dItq~GM@G?oAJUBQ_AQcA[sA]kA_@_Ak@uAm@iATi@FKDENCf@KHAJCRCt@IHCJGbBgAF?LCLCPAHDFHXjALn@??Mo@YkAGIIEQ@MBMBG?cBfAKFIBu@HSBKBI@g@JOBEDGJUh@IKOOEEIKB]Bo@D_A?UDeAH}BFgABWHu@Jw@VuAX{ADOTw@\gATk@HQPe@jApAd@j@l@t@DDZh@nAlC\jAZ~@L`@Nl@Ll@F\@FH^Jt@BX@F\vEJtADf@J|A@pA?lA??EpBs@DO@M?yCN]@I?U@Y@G?oAJUBQ_AQcA[sA]kA_@_Ak@uAm@iATi@FKDENCf@KHAJCRCt@IHCJGbBgAF?LCLCPA??HDFHXjALn@Mo@YkAGIIEQ@MBMBG?cBfAKFIBu@HSBKBI@g@JOBEDGJUh@l@hAj@tA^~@\jAZrAPbAP~@TCnAKF?LA	Click to Generate
S4	15	1			3	Illusionz (S4)	MyCigara (S4)	J W Young (Butchers) Ltd (S4)	1388	1041	ab{dIv~vGRp@a@d@q@p@S\EDWVDNJb@VjABHHd@iAdA}@w@UU[e@kAgBbAuCJ[DMPg@DIFQ_@i@o@y@[a@m@u@CCK\Qn@?BCD[dAu@~Be@w@mAmBBtH@LXh@rAgEt@_CZeABE?CPo@J]BBl@t@Z`@n@x@^h@Xn@N`@Pd@L`@@JFXPENEREp@q@`@e@Sq@	Click to Generate
S4	30	1			3	Norwood and Bishopsholme Community Centre (S4)	Busk Meadow Park (S4)	Northern Perk (S4)	2493	1870	c__eI|_}G\h@LPQd@IPUj@]fAUv@ENYzAWtAKv@It@CVGfAI|BEdA?TE~@Cn@C\HJDDNNHJTi@FKDENCf@KHAJCRCt@IHCJGbBgAF?LCLCPA??HDFHXjALn@??Mo@YkAGIIEQ@MBMBG?cBfAKFIBu@HSBKBI@g@JOBEDGJUh@IKOOEEIKB]Bo@D_A?UDeAH}BFgABWHu@Jw@VuAX{ADOTw@\gATk@HQPe@f@eATe@`@}@p@}AT]Za@XYx@q@p@m@v@w@r@s@d@u@R]FMb@w@DGR_@EIe@iACCAEEGWg@Wd@gAuBTg@LTBDP\^t@DFVf@DF@DBBDJ^|@DHLPGLEHKTIPWd@[`@SPa@Ts@r@w@v@q@l@y@p@YX[`@U\q@|Aa@|@Ud@g@dAMQ]i@	Click to Generate
S4	20	1			3	Lana Pizza (S4)	Oasis Academy Fir Vale (S4)	Fir Vale Pharmacy (S4)	1970	1478	{d~dInmzGOYIOEIIOOg@TVFFDBJLBRDTJd@BHJf@DTLf@DTLl@^\PRHFXVLP@]A[AQ?IIk@AOROSN@NHj@@Z@ZA\MQYWIGQS_@]Mm@EUMg@EUKg@CIKe@EUCSGe@AMKeAGq@??E]MaAMs@Ei@Eo@Cs@@o@Bm@@MB[@O?KPaDDw@Dy@mAmA}@tD]~ARNZTp@b@TPgAu@[USOMb@KVMLSLSJk@TUJGFgGpMGLCJ?JRlB\~CVCZCp@Cp@?rABjA@f@?`A@|@?l@@v@BRDJMFG@EBI@I?UEUKg@CIKU	Click to Generate
S4	45	1			3	Scott Road Store (S4)	Masjid Noor (S4)	All Days (S4)	3206	2404	c`}dIv_|GFXAHK\SVGKGKGEGC@m@N_DHmAH{@Ho@H]x@aCL[HUPg@Rm@v@mByDcK\i@]h@xDbKw@lBKZGPQf@ITMZy@`CI\In@Iz@IlAO~CAl@QzDOpCA\IfBCHQVo@uBQi@[gA{@}Ce@{ASo@M?S@Q@UFKDEBUNULb@dC??c@eCTMTODCJETGPARAL?Rn@d@zAz@|CZfAPh@n@tBPWBIHgB@]NqCP{D@m@N_DHmAH{@Ho@H]x@aCL[HUPg@Rm@v@mBx@yBQa@aD_I_@aA^`ArD`Jy@xBw@lBSl@Qf@ITMZy@`CI\In@Iz@IlAO~CAl@FBFDFJFJRWJ]@IGY	Click to Generate
S4	60	1			3	Crushing mill, Kelham Island, Sheffield (S4)	St. James Church (S4)	All Days (S4)	6159	4619	ymzdIvg~G@V@JKDOBM?QKA?C@A?A@CDABGf@SfBYjBk@vD]nB\oBj@wDF[PoARgBFg@@CBE@A@?BA@?PJL?NCJEAKCg@?O?O@Q@Q@MN}BF{@Dq@@M@QB]Fa@[MSKICYMIEy@_@C?K?C@G@A@EBM@E?KAIAEAWCGAoACMAS@G@C@EDED_AvAEFWb@INCBCBC@SBeAVGBGBEBA@C@EBEBKH}ApAOJMFMFKDKBOBMBM@Q?m@EI?aBIsAEuBI}@KYMc@Wk@k@mBqBy@_A]_@UUEGW]GGiB}BMO]We@SUGQG_@EKAEAu@IGAGAOCOEICGCICq@[m@YGCOGOGIE]SGC]Ue@g@CCe@o@[g@CEWc@CEEIMWISOYWa@_@m@MS_@o@Ye@[q@Ue@EIa@}@Sc@u@aBa@aAEKPWBIHgB@]NqCP{DFBFDFJFJRWJ]@IGY??FXAHK\SVGKGKGEGC@m@N_DHmAH{@Ho@H]x@aCL[HUPg@Rm@v@mBx@yBQa@aD_I_@aA^`ArD`Jy@xBw@lBSl@Qf@ITMZy@`CI\In@Iz@IlAO~CAl@QzDOpCA\IfBCHQVDJ`@`At@`BRb@`@|@DHTd@Zp@Xd@^n@LR^l@V`@NXHRLVDHBDVb@BDZf@d@n@BBd@f@\TFB\RHDNFNFFBl@Xp@ZHBFBHBNDNBF@F@t@HD@J@^DPFTFd@R\VLNhB|BFFV\DFTT\^x@~@lBpBj@j@b@VXL|@JtBHrAD`BHH?l@DP?LALCNCJCJELGLGNK|AqAJIDCDCBA@ADCFCFCdAWRCBABCBCHOJNFDHDv@XJBH@F?F?H?FAFAHAHAHEHEJGJEHEFEBCDCDAJCJy@Be@Be@@c@@G?Q?k@?ICw@?]By@PeDNYFED?D?A\@X@\@TFh@D\BNFTHTL^DHd@hAFNBBLP@DHJHPBDBTHP@L?NCVG`@C\APALEp@Gz@O|BALAPAP?N?N@N	Click to Generate
S4	20	1			3	Jamia Dar Ul Uloom Qadiria Jillania Centre (S4)	Oasis Academy Fir Vale (S4)	Fir Vale Academy (S4)	1504	1128	ob~dI`tzGVTPRHFXVLPPRDDDFNRJWTc@HK@K?IEUDT?HAJ_@n@KVOSEGEEQSMQYWIGQS_@]Mm@EUMg@EUKg@CIKe@EUCSGe@AMKeAGq@??E]MaAMs@Ei@Eo@Cs@@o@Bm@@MB[@O?KPaDF@l@Jv@NFa@D_@By@BIFAFBDRD^CFBTDVTvAALCNC@AQYPHxBXO??GiBBABO@MUwAEWCUIFM@GCE^G`@w@Om@KGAQ`D?JANCZALCl@An@Br@Dn@Dh@Lr@L`AD\Fp@JdA@LFd@BRDTJd@BHJf@DTLf@DTLl@FF	Click to Generate
S4	60	1			3	Masjid Umar (S4)	Osgathorpe Park (S4)	Scott Road Store (S4)	5009	3757	ig}dIv_{GBIJGLIPEBSLm@H]FI~@bCv@pBdAjCjApCSl@Qf@ITMZy@`CI\In@Iz@IlAO~CMIGGGM_EaNe@}AmBPKAIEIQq@kA}@hBLUn@sAp@jAHPHDDNX~@b@tA^nA?FCFMNmAlAa@mAo@cBo@aBCKCIOa@ISOa@PWBKCe@KeDIkCMoCOyAOyA[aCSgBc@_Ds@uFzBiANONUP[J]Hk@@MHa@@u@@y@Au@GiAE_@Cc@EUE_@Oy@]qApCeDAECS?Y@YDWPa@t@~A`A`B\|@@B`ArCRp@j@`BHT|@nC^xA]c@ESEEEEMBq@t@Xv@h@~AgCzCKWw@{B@KdCsCp@u@LCDDDDDR\b@Vz@bAbDx@jC~@pD|@dDH`@Hb@Rd@`@v@PXRTPB`@AF?XGHCHEJOTs@HWRm@l@cBHS~@mCFS`@gAVu@~@bBFHv@lAf@v@`AbBCx@Cd@Ct@AZCfA?BCl@A\E`BCXCJ??CLILIHQ?WEeBSKCC?cAKwAOeAIe@Kk@Gc@nAUt@i@|Ay@xBw@lBSl@Qf@HNIOPg@FQJ[kAqCeAkCw@qB_AcCGHI\Ml@CRQDMHKFCH	Click to Generate
S4	20	1			3	Khan Darbar (S4)	Accelerate (S4)	Aaliyah Mosque (S4)	1717	1288	oe{dIdewGCGK[K]EOCMCMGq@Oa@Yo@JaAPEt@OA]Ke@?G@GBM?CAOKGIGCTc@dCK`AGPWp@ELKZcAtC][a@OOQkAgBt@_CZeABE?CLe@BIJ]BBl@t@Z`@n@x@^h@Xn@N`@Pd@L`@@JFXPENEREp@q@`@e@HI`@a@TSHSL_@DGHQBGNM@CFQDQJc@He@l@cDeBeAARSpCAF?D?D?DBxATCUB?CCuA?E?E?E@GRqC@SdBdAm@bDId@Kb@EPGPABAVAHCLINILKLSFURa@`@IHa@d@q@p@S\EDWVBF	Click to Generate
S4	20	1			3	National Blinds (S4)	Aaliyah Mosque (S4)	J W Young (Butchers) Ltd (S4)	1769	1327	_j{dIr{vGRT^h@Xn@N`@Pd@L`@@JFXPELE@?REp@q@`@e@HI`@a@TSHSL_@DGHQBGNM@CFQDQJc@He@l@cDeBeAARSpCAF?D?D?DBxATCUB?CCuA?E?E?E@GRqC@SdBdAm@bDId@Kb@EPGPABAVAHCLINILKLSFURa@`@IHa@d@q@p@S\EDWVK[K]o@tAy@dBkAgB][a@OOQkAgBe@w@mAmBBtH@LXh@rAgEt@_CZeABE?CPo@J]BBl@t@Z`@Zb@	Click to Generate
S4	20	1			3	Sheffield Auto Spares (S4)	Illusionz (S4)	Aaliyah Mosque (S4)	1585	1189	ug{dIz~vGUg@_@i@o@y@[a@AAk@s@CCK\Qn@?BCD[dAu@~BjAfBNP`@N\ZjAfBZd@TT|@v@hAeAIe@CIWkAKc@EOK[BIBCPENEREp@q@`@e@HI`@a@TSHSL_@DGHQBGNM@CFQDQJc@He@l@cDeBeAARSpCAF?D?D?DBxATCUB?CCuA?E?E?E@GRqC@SdBdAm@bDId@Kb@EPGPABAVAHCLINILKLSFURa@`@IHa@d@q@p@S\EDWVK[K]EOCMCMGq@Oa@CG	Click to Generate
S4	20	1			3	Attercliffe Spice (S4)	Accelerate (S4)	Aaliyah Mosque (S4)	2066	1550	ch{dIj|vGGf@Xn@N`@Pd@L`@@JFXPENEREFIh@g@`@e@HI`@a@TSHSNQJIDCF?JLFFDFZROAM?KAKAQAM@SFURa@`@IHa@d@q@p@S\EDWVK[K]o@tAy@dBkAgB][a@OOQkAgBt@_CZeABE?CLe@BIJ]BBl@t@Z`@n@x@^h@Xn@N`@Pd@L`@@JFXPENEREp@q@`@e@HI`@a@TSHSL_@DGHQBGNM@CFQDQJc@He@l@cDeBeAARSpCAF?D?D?DBxATCUB?CCuA?E?E?E@GRqC@SdBdAm@bDId@Kb@EPGPABAVAHCLINILKLSFURa@`@IHa@d@q@p@S\EDWVK[K]EOCMCMGq@Oa@Yo@Fg@	Click to Generate
S4	30	1			3	Premier Doors (S4)	J W Young (Butchers) Ltd (S4)	Aaliyah Mosque (S4)	2121	1591	ij{dId{vG\b@^h@Xn@N`@Pd@BDHZ@JFXBh@DNb@nBBHHd@iAdA}@w@UU[e@kAgB][a@OOQkAgBe@w@mAmBBtH@LXh@rAgEt@_CZeABE?CPo@J]BBl@t@Z`@n@x@^h@Xn@N`@Pd@L`@@JFXPENEREp@q@`@e@HI`@a@TSHSL_@DGHQBGNM@CFQDQJc@He@l@cDeBeAARSpCAF?D?D?DBxATCUB?CCuA?E?E?E@GRqC@SdBdAm@bDId@Kb@EPGPABAVAHCLINILKLSFURa@`@IHa@d@q@p@S\EDWVK[K]EOCMCMGq@Oa@Yo@_@i@]c@	Click to Generate
S4	20	1			3	Jamia Dar Ul Uloom Qadiria Jillania Centre (S4)	Oasis Academy Fir Vale (S4)	Fir Vale Academy (S4)	1504	1128	ec~dIlrzGLj@^\PRHFXVLPPRDDDFNRJWTc@HK@K?IEUDT?HAJ_@n@KVOSEGEEQSMQYWIGQS_@]Mm@EUMg@EUKg@CIKe@EUCSGe@AMKeAGq@??E]MaAMs@Ei@Eo@Cs@@o@Bm@@MB[@O?KPaDF@l@Jv@NFa@D_@By@BIFAFBDRD^CFBTDVTvAALCNC@AQYPHxBXO??GiBBABO@MUwAEWCUIFM@GCE^G`@w@Om@KGAQ`D?JANCZALCl@An@Br@Dn@Dh@Lr@L`AD\Fp@JdA@LFd@BRDTJd@BHJf@DTLf@DT?@	Click to Generate
S4	60	1			3	Sheffield Steel City Beer Festival 49 (S4)	St. James Church (S4)	All Days (S4)	6159	4619	unzdIdi~GI?QKA?C@A?A@CDABGf@SfBYjBO~@[vB]nB\oBj@wDXkBRgBFg@@CBE@A@?BA@?PJL?NCJEAKCg@?O?O@Q@Q@MN}BF{@Dq@@M@QB]Fa@[MSKICYMIEy@_@C?K?C@G@A@EBM@E?KAIAEAWCGAoACMAS@G@C@EDED_AvAEFWb@INCBCBC@SBeAVGBGBEBA@C@EBEBKH}ApAOJMFMFKDKBOBMBM@Q?m@EI?aBIsAEuBI}@KYMc@Wk@k@mBqBy@_A]_@UUEGW]GGiB}BMO]We@SUGQG_@EKAEAu@IGAGAOCOEICGCICq@[m@YGCOGOGIE]SGC]Ue@g@CCe@o@[g@CEWc@CEEIMWISOYWa@_@m@MS_@o@Ye@[q@Ue@EIa@}@Sc@u@aBa@aAEKPWBIHgB@]NqCP{DFBFDFJFJRWJ]@IGY??FXAHK\SVGKGKGEGC@m@N_DHmAH{@Ho@H]x@aCL[HUPg@Rm@v@mBx@yBQa@aD_I_@aA^`ArD`Jy@xBw@lBSl@Qf@ITMZy@`CI\In@Iz@IlAO~CAl@QzDOpCA\IfBCHQVDJ`@`At@`BRb@`@|@DHTd@Zp@Xd@^n@LR^l@V`@NXHRLVDHBDVb@BDZf@d@n@BBd@f@\TFB\RHDNFNFFBl@Xp@ZHBFBHBNDNBF@F@t@HD@J@^DPFTFd@R\VLNhB|BFFV\DFTT\^x@~@lBpBj@j@b@VXL|@JtBHrAD`BHH?l@DP?LALCNCJCJELGLGNK|AqAJIDCDCBA@ADCFCFCdAWRCBABCBCHOJNFDHDv@XJBH@F?F?H?FAFAHAHAHEHEJGJEHEFEBCDCDAJCJy@Be@Be@@c@@G?Q?k@?ICw@?]By@PeDNYFED?D?A\@X@\@TFh@D\BNFTHTL^DHd@hAFNBBLP@DHJHPBDBTHP@L?NCVG`@C\APALEp@Gz@O|BALAPAP?N?NBf@@JKDOBC?	Click to Generate
S4	20	1			3	Bit Of Everything (S4)	Travel & More (S4)	J W Young (Butchers) Ltd (S4)	1519	1139	{f{dI~cwG_@x@y@dBZd@TT|@v@hAeAIe@CIc@oBEOK[BIBCPENEREp@q@`@e@a@wALd@Rp@a@d@q@p@S\EDWVK[K]EOCMCMGq@Oa@Yo@_@i@]c@QU[a@m@u@CCK\Qn@?BCD[dAu@~BsAfEYi@AMCuHlAlBd@v@jAfBNP`@N\ZjAfBZd@TT|@v@hAeAIe@CIc@oBEOK[K]OZ	Click to Generate
S4	30	1			3	S. Ali's Off Licence (S4)	Busk Meadow Park (S4)	Norwood and Bishopsholme Community Centre (S4)	2530	1898	{u~dI~}~GLNPp@DEH@FFpAr@NeAR_BPeBHuA@]H}ABaADqB???mAAqAr@QXIl@OHGJGV[P[BX?PEdAAJEnACrAArAq@B]BO?oAFs@DO@M?yCN]@I?U@Y@G?oAJUBQ_AQcA[sA]kA_@_Ak@uAm@iATi@FKDENCf@KHAJCRCt@IHCJGbBgAF?LCLCPAHDFHXjALn@??Mo@YkAGIIE??Q@MBMBG?cBfAKFIBu@HSBKBI@g@JOBEDGJUh@l@hAj@tA^~@\jAZrAPbAP~@TCnAKF?XATAH?\AxCOL?NAr@EC`AI|AA\ItAQdBS~AOdAc@bCaBuAZeBQq@MO	Click to Generate
S4	20	1			3	Wood Hill Grange (S4)	Osgathorpe Park (S4)	Corner Cabin (S4)	1753	1315	qq}dIrvyGUaCQJE_@Cc@EUE_@Oy@]qApCeDAECS?Y@YDWPa@t@~A`A`B\|@@B`ArCRp@Z~@N`@HT|@nC^xA]c@ESEEEEMBq@t@Xv@h@~AgCzCKWw@{B@KdCsCp@u@LCDDDDDR\b@_@yA}@oCIUk@aBSq@aAsCAC]}@aAaBg@cAM[Q`@EVAX?XBR@DqCdD\pANx@D^DTBb@D^PKT`C	Click to Generate
S4	45	1			3	Northern General Hospital (S4)	Northern Perk (S4)	St Cuthberts (S4)	3403	2552	_o~dIdk{G???IBCFAH?FBB?R@H?F?DFJXDVPM\[JMHSL_@Ji@Fi@@i@?w@@o@Ac@AQC[E[Oa@O[MMQOOGMGY?I@MDMH}@f@aD~A_@RWNeAp@aAl@MJ]RKLSXGFKFEBIDKBY@M@s@@C?E?w@BU@CR?R?L?H?L?H@N@p@?V?t@?P@^B`C?PB|@@FBFJBdACfBED?v@GPAB?F?NHXH@?h@A\?N?JFHFFRFT?@HNJTR^JV\l@LVNVb@|@LTLTBDP\^t@DFVf@DF@DBBDJ^|@DH`@q@BG@ARYlAgCd@_AFKHUHYF]Da@\_DDm@@q@@sBAeB?]@s@Bo@Dg@DWHo@JoA@]@g@@_@@kB@uB?{@@mA?MAQAOEWMm@EUMg@EUKg@CIKUOYIOEIIOOg@Sa@aEiIUc@O]Ua@]u@GFgGpMGLCJ?JRlB\~CVCZCp@Cp@?rABjA@f@?AbAGjD?D?l@X?LFNFPNLLNZN`@DZBZ@P@b@An@?v@Ah@Gh@Kh@M^IRKL]ZQLEWKYEGG?I?SAC?ENEFM?CC?G	Click to Generate
S4	20	1			3	Wood Hill Lodge (S4)	Whiteways Primary School (S4)	Corner Cabin (S4)	2067	1550	mg}dIrqyGN`@HT|@nCVbAFTVz@bAbDx@jC~@pD|@dDH`@Hb@]f@\g@Ic@Ia@}@eD_AqDy@kCcAcDW{@_@yA}@oCIUk@aBSq@aAsCAC]}@aAaBu@_BQ`@EVAX?XBR@DqCdD\pANx@D^DTBb@D^PKT`CVxCBFD@EACGm@{GQJE_@Cc@EUE_@Oy@]qApCeDAECS?Y@YDWPa@LZf@bA`A`B\|@@B`ArCRp@Z~@	Click to Generate
S4	30	1			3	Whiteways Primary School (S4)	Osgathorpe Park (S4)	Corner Cabin (S4)	2794	2096	ye}dIjuyGY_AIUk@aBSq@aAsCAC]}@aAaBu@_BQ`@EVAX?XBR@DqCdD\pANx@D^DTBb@D^PKT`CVxCBFD@EACGm@{GQJE_@Cc@EUE_@Oy@]qApCeDAECS?Y@YDWPa@t@~A`A`B\|@@B`ArCRp@j@`BHT|@nC^xA]c@ESEEEEMBq@t@Xv@h@~AgCzCKWw@{B@KdCsCp@u@LCDDDDDR\b@_@yA}@oCIUk@aBSq@aAsCAC]}@aAaBu@_BUk@M[Qk@Mk@Ky@OcAM}@OeAT_@Pd@n@fBVl@Rh@n@zAa@pASl@LZf@bA`A`B\|@@B`ArCRp@j@`BHTX~@	Click to Generate
S4	20	1			3	Wood Hill Grange (S4)	Whiteways Primary School (S4)	Osgathorpe Park (S4)	1873	1405	}c}dI~yyGWcA}@oCIUOa@[_ASq@aAsCAC]}@aAaBu@_BQ`@EVAX?XBR@DqCdD\pANx@D^DTBb@D^PKT`CVxCBFD@EACGm@{GQJE_@Cc@EUE_@Oy@]qApCeDAECS?Y@YDWPa@t@~A`A`B\|@@B`ArCRp@j@`BHT|@nC^xA]c@ESEEEEMBq@t@Xv@h@~AgCzCKWw@{B@KdCsCp@u@LCDDDDDR\b@GU	Click to Generate
S4	30	1			3	Lana Pizza (S4)	Masjid Umar (S4)	St Cuthberts (S4)	2310	1732	i{}dIl`{GNIBABEFOcA{BQ]AEQ_@QWOSEGEEQS@]A[AQ?IIk@AOROSN@NHj@@Z@ZA\PRDDDFNRPVP^@DP\bAzBfA~B`BpD`@hARj@N`@HRN`@BHBJn@`Bn@bB`@lAlAmALOBG?G_@oAc@uAY_AEOIEIQq@kA}@hBLUn@sAp@jAHPHDDNX~@b@tA^nA?FCFMNmAlAa@mAo@cBo@aBCKCIOa@ISOa@Sk@a@iAaBqDgA_CcA{BQ]AEQ_@QWOSEGEEQSMQYWIGQS_@]Mm@EUMg@EUKg@CIKUOYIOEIIOOg@TVFFDBJLBRDTJd@BHJf@DTLf@DTLl@^\PRHFXVLPPRDDDFNRPVP^@DP\bAzBGNCDC@OH	Click to Generate
S4	20	1			3	Traditional Therapy (S4)	Aaliyah Mosque (S4)	Accelerate (S4)	1948	1461	ud{dI~cwG??EDWVK[K]EOCMCMGq@Oa@Yo@_@i@o@y@d@_CPL\TH]^Tc@dCCXGf@Xn@N`@Pd@L`@@JFXPENEREp@q@`@e@HI`@a@TSHSL_@DGHQBGNM@CFQDQJc@He@l@cDeBeAARSpCAF?D?D?DBxATCUB?CCuA?E?E?E@GRqC@SdBdAm@bDId@Kb@EPGPABAVAHCLINILKLSFURa@`@IHa@d@q@p@S\EDWVK[K]o@tAy@dBkAgB][a@OOQkAgBt@_CZeABE?CLe@BIJ]BBl@t@Z`@n@x@^h@Xn@N`@Pd@L`@@JFXPENERES\	Click to Generate
S4	20	1			3	New Roomstyle (S4)	Attercliffe News & Booze (S4)	Baltic Pearl (S4)	1541	1156	u~zdI~xvGCuA?E?E?E@GRqC@SdBdAm@bDId@Kb@EPGPABAVAHCLINILKLSFURa@`@IHa@d@q@p@S\EDWVK[K]EOCMCMGq@GQGOYo@_@i@o@y@[a@TcAMj@GVZ`@n@x@^h@GPWp@ELKZcAtCjAfBZd@TT|@v@d@c@b@a@Ie@CIc@oBEOK[BIBCPENEREp@q@`@e@HI`@a@TSHSL_@DGHQBGNM@CFQDQJc@He@l@cDeBeAARSpCAF?D?D?DBtA	Click to Generate
S4	15	1			3	Traditional Therapy (S4)	J W Young (Butchers) Ltd (S4)	Illusionz (S4)	1321	991	ym{dIzxvGBIJ]BBl@t@Z`@d@_CPL\TH]^Tc@dCCXGf@GPWp@ELKZcAtC][a@OOQkAgBe@w@mAmBBtH@LXh@rAgEjAfBNP`@N\ZjAfBZd@TT|@v@hAeAIe@CIWkAKc@EOK[K]EOCMCMGq@Oa@Yo@_@i@o@y@[a@m@u@CCK\CH	Click to Generate
S4	15	1			3	Lustrous Furniture (S4)	J W Young (Butchers) Ltd (S4)	Illusionz (S4)	1312	984	el{dI|xvGLNZ`@n@x@^h@JaATEp@OA]Ke@?G@GBM?CAOKGIGCTc@dCK`AGPWp@ELKZcAtC][a@OOQkAgBe@w@mAmBBtH@LXh@rAgEjAfBNP`@N\ZjAfBZd@TT|@v@hAeAIe@CIWkAKc@EOK[K]EOCMCMGq@Oa@Yo@_@i@o@y@[a@MO	Click to Generate
S4	45	1			3	PDSA (S4)	Eye of Needle (S4)	Colourcraft Limited (S4)	3731	2798	am|dIdxwGw@BKBEBCBc@`@u@wAWQIOS[GIYa@S]KUIOJYFQP_@LSVWl@oAR\Sd@??Re@S]m@nAQn@Ub@CFIPR\b@t@DFJBNCHI@?JMNMfA_CDIDGDADADAD@D@lBr@xGdCLD|@\@@JBfBz@hA^f@NhAd@|@Z_@vC{Ai@oAc@AAW_@WSYOm@?OX??NYl@?XNVRV^@@nAb@zAh@^wC}@[iAe@g@OiA_@gB{@KCAA}@]MEyGeCmBs@EAEAE@E@E@EFEHgA~BM`@GLABMHM@WBGIYa@KCKAI?G?O?QXu@`BgAdCkCbGXd@@B@@~@~ApBjDrBnD|FzJ~CxF~@qBv@gBeA}Az@qBDi@Bc@@W@u@@I@G@IBGa@q@S]GKIOO_@CIKq@Mc@Ms@WyAKa@K]Oc@Oe@]_Aa@s@KOaAoBa@y@b@a@BCDCJCv@C	Click to Generate
S4	20	1			3	Scott Road Store (S4)	Tea and Cakes (S4)	St. James Church (S4)	1631	1223	ky|dItc{GP`@y@xBw@lBSl@Qf@HNIOPg@FQJ[kAqCeAkCw@qB_AcCGHI\Ml@CRQDMHKFCHADCN?VBVFPb@jAb@dAJTKNt@zEBHDBD?DIp@gBdAqCjApCSl@Qf@ITMZy@`CI\In@Iz@IlAO~CAl@FBFDFJFJRWJ]@IGY??FXAHK\SVGKGKGEGC@m@N_DHmAH{@Ho@H]x@aCL[HUPg@Rm@v@mBx@yBQa@	Click to Generate
S4	45	1			3	Le Bon Vin (S4)	PDSA (S4)	J W Young (Butchers) Ltd (S4)	3528	2646	s~{dIx{wGNYl@?XNVRV^@@nAb@zAh@^wC}@[iAe@g@OiA_@gB{@KCAA}@]MEyGeCmBs@EAEAE@E@E@EFEHgA~BM`@GLABMH@XLh@t@vA`@x@`AnBJNPWBAPWUXQVKOaAoBa@y@u@wAWQIOS[GIYa@S]KUIOJYFQP_@LSVWl@oAR\Sd@??Re@S]Xo@f@eAv@gBdA}Br@aBJWXs@Tu@\eAb@kAfA{C`ByEJ[n@wBVu@DKL]^h@@BJLNTFHJP^h@FL`@p@j@|@R^LRBDBDV\nAfBx@dAZ^JP\^FFFHx@~@K\Qn@?BCD[dAu@~BsAfEYi@AMCuHlAlBd@v@jAfBNP`@N\ZjAfBGx@Q~BADIfBAt@i@rBg@hAk@|Ao@Ki@SgA]_@vC{Ai@oAc@AAW_@WSYOm@?OX	Click to Generate
S4	15	1			3	The Carlton Hotel (S4)	Bit Of Everything (S4)	J W Young (Butchers) Ltd (S4)	1401	1051	gi{dIn|vGZb@GPWp@ELKZcAtCjAfBZd@TT|@v@hAeAIe@CIc@oBAGCGK[BIBCPENEREp@q@`@e@a@wALd@Rp@a@d@q@p@S\EDWVK[K]o@tAy@dBkAgB][a@OOQkAgBe@w@mAmBBtH@LXh@rAgEt@_CZeABE?CPo@J]BBl@t@Z`@n@x@BD	Click to Generate
S4	30	1			3	New Roomstyle (S4)	J W Young (Butchers) Ltd (S4)	Aaliyah Mosque (S4)	2203	1652	ok{dItxvGGVZ`@n@x@^h@Xn@FNFPPd@L`@@JFXBh@DNb@nBBHHd@iAdA}@w@UU[e@kAgB][a@OOQkAgBe@w@mAmBBtH@LXh@rAgEt@_CZeABE?CPo@J]BBl@t@Z`@n@x@^h@Xn@N`@Pd@L`@@JFXPENEREp@q@`@e@HI`@a@TSHSL_@DGHQBGNM@CFQDQJc@He@l@cDeBeAARSpCAF?D?D?DBxATCUB?CCuA?E?E?E@GRqC@SdBdAm@bDId@Kb@EPGPABAVAHCLINILKLSFURa@`@IHa@d@q@p@S\EDWVK[K]EOCMCMGq@Oa@Yo@_@i@o@y@[a@FW	Click to Generate
S4	20	1			3	Traditional Therapy (S4)	Aaliyah Mosque (S4)	Accelerate (S4)	1959	1469	yc{dIvbwGGHS\EDWVK[K]EOCMCMGq@Oa@Yo@_@i@o@y@d@_CPL\TH]^Tc@dCCXGf@Xn@N`@Pd@L`@@JFXPENEREp@q@`@e@HI`@a@TSHSL_@DGHQBGNM@CFQDQJc@He@l@cDeBeAARSpCAF?D?D?DBxATCUB?CCuA?E?E?E@GRqC@SdBdAm@bDId@Kb@EPGPABAVAHCLINILKLSFURa@`@IHa@d@q@p@S\EDWVK[K]o@tAy@dBkAgB][a@OOQkAgBt@_CZeABE?CLe@BIJ]BBl@t@Z`@n@x@^h@Xn@N`@Pd@L`@@JFXPENEREFI	Click to Generate
S4	30	1			3	JBM Automotive (S4)	Wood Hill Lodge (S4)	Wood Hill Grange (S4)	2938	2204	sq|dItpyG???KAKCK_@i@S[EMCYCMIQ_BrDk@tArA`ClBbDh@uAJUJKHCLAJBNFLPtBxDMj@Lk@qAaCc@w@MQOGKCM@IBKJKTi@tAf@v@nBjDDHJRVd@Wt@a@fAGR_AlCIRm@bBSl@IVUr@KNIDIBYFG?a@@QCSUQYa@w@Se@Ic@Ia@}@eD_AqDy@kCcAcDW{@GUWcA}@oCIUOa@[_ASq@aAsCAC]}@aAaBu@_BUk@M[Qk@Mk@Ky@OcAM}@OeAT_@h@mAdAuBXx@@F|BzFfBxDrAbClArBT\BDdAlBjCpEfAjBDHj@uA~AsDHPBLBXDLRZ^h@BJ@J?J??	Click to Generate
S4	20	1			3	Premier Doors (S4)	Travel & More (S4)	Aaliyah Mosque (S4)	1807	1355	_e{dInkwGe@b@}@w@UU[e@kAgBbAuCJ[DMVq@FQXn@N`@Pd@BDHZ@JFXPENERES\EDWVK[K]EOCMCMGq@Oa@Yo@_@i@]c@QUd@_CPL\TH]^Tc@dCK`AXn@N`@Pd@L`@@JFXPENEREp@q@`@e@HI`@a@TSHSL_@DGHQBGNM@CFQDQJc@He@l@cDeBeAARSpCAF?D?D?DBxATCUB?CCuA?E?E?E@GRqC@SdBdAm@bDId@Kb@EPGPABAVAHCLINILKLSFURa@`@IHa@d@q@p@S\EDWVDNb@nBBHHd@c@`@	Click to Generate
S4	20	1			3	National Blinds (S4)	Aaliyah Mosque (S4)	J W Young (Butchers) Ltd (S4)	1770	1328	si{dI`|vGFF^h@Xn@N`@Pd@L`@@JFXPELE@?REp@q@`@e@HI`@a@TSHSL_@DGHQBGNM@CFQDQJc@He@l@cDeBeAARSpCAF?D?D?DBxATCUB?CCuA?E?E?E@GRqC@SdBdAm@bDId@Kb@EPGPABAVAHCLINILKLSFURa@`@IHa@d@q@p@S\EDWVK[K]o@tAy@dBkAgB][a@OOQkAgBe@w@mAmBBtH@LXh@rAgEt@_CZeABE?CPo@J]BBl@t@Z`@f@p@	Click to Generate
S4	15	1			3	Warty Lounge (S4)	Momento (S4)	J W Young (Butchers) Ltd (S4)	1434	1076	ab{dIv~vGRp@a@d@q@p@S\EDWVK[K]OZ_@x@y@dBkAgBbAuCJ[DMVq@FQJaAN{@RiA_@UI\]UQMe@~B[a@m@u@CCK\Qn@?BCD[dAu@~Be@w@mAmBBtH@LXh@rAgEt@_CZeABE?CPo@J]BBl@t@Z`@n@x@^h@Xn@N`@Pd@L`@@JFXPENEREp@q@`@e@Sq@	Click to Generate
S4	20	1			3	Norwood and Bishopsholme Community Centre (S4)	Shirecliffe Community Centre (S4)	Kaya Hair & Beauty (S4)	1888	1416	ev~dIp`~GMo@YkAGIIE??Q@MBMBG?cBfAKFIBu@HSBKBI@g@JOBEDGJUh@l@hAj@tA^~@\jAZrAPbAP~@TCnAKF?LAJ?TAH?\AxCOL?NAr@EDqB?mAAqA\ITGXIl@OHGJGV[P[BX?PEdAAJEnACrAArAq@B]BO?oAFs@DO@M?yCN]@I?U@Y@G?oAJUBQ_AQcA[sA]kA_@_Ak@uAm@iATi@FKDENCf@KHAJCRCt@IHCJGbBgAF?LCLCPAHDFHXjALn@	Click to Generate
S4	45	1			3	La Piazza (S4)	Eye of Needle (S4)	Colourcraft Limited (S4)	3559	2669	qn|dIhxwGG?KBEBCBc@`@u@wAWQIOS[GIYa@S]KUIOJYFQP_@LSVWHTBLD`@e@x@DK^m@FrAFn@HI@?JMNMfA_CDIDGDADADAD@D@lBr@xGdCLD|@\@@JBfBz@hA^f@NhAd@|@Z_@vC{Ai@oAc@AAW_@WSYOm@?OX??NYl@?XNVRV^@@nAb@zAh@^wC}@[iAe@g@OiA_@gB{@KCAA}@]MEyGeCmBs@EAEAE@E@E@EFEHgA~BM`@GLABMHM@WBGIYa@KCKAI?G?O?QXu@`BgAdCkCbGXd@@B@@~@~ApBjDrBnD|FzJ~CxF~@qBv@gBeA}Az@qBDi@Bc@@W@u@@I@G@IBGa@q@S]GKIOO_@CIKq@Mc@Ms@WyAKa@K]Oc@Oe@]_Aa@s@KOaAoBa@y@b@a@BCDCJCF?	Click to Generate
S4	45	1			3	La Piazza (S4)	City Motor Factors (S4)	Corner Cabin (S4)	3831	2873	y||dI`hxG_A_BAAACYe@jCcGfAeCt@aBJk@DINa@JYFQP_@LSVWHTBLD`@e@x@DK^m@FrAFn@@V@XLh@t@vAb@a@BCDCJCF?jAEJ?J@^H_@IKAK?sADKBEBCBc@`@u@wAWQIOS[GIYa@KCKAI?G?O?QXu@`BgAdCkCbGYe@mF_B_Be@MGKKIREL{@vBmBjEBF~@~BeAtBi@lAU^NdAL|@NbAJx@Lj@Pj@LZTj@LZf@bA`A`B\|@@B`ArCRp@j@`BHT|@nC^xAVz@bAbDx@jC~@pD|@dDH`@Hb@Rd@`@v@PXRTPB`@AF?XGHCHEJOTs@HWRm@l@cBHS~@mCFS`@gAVu@Ri@nF_PPa@Tg@Te@iEmH_DyF}F{JsBoDqBkD	Click to Generate
S4	30	1			3	Wood Hill Grange (S4)	Whiteways Primary School (S4)	Wood Hill Lodge (S4)	2619	1964	io}dIdbyGf@bA`A`B\|@@B`ArCRp@Z~@N`@HTt@y@u@x@IUk@aBSq@aAsCAC]}@aAaBu@_BQ`@EVAX?XBR@DqCdD\pANx@D^DTBb@D^PKT`CVxCBFD@EACGm@{GQJE_@Cc@EUE_@Oy@]qApCeDAECS?Y@YDWPa@t@~A`A`B\|@@B`ArCRp@j@`BHT|@nCVbAFTVz@bAbDx@jC~@pD|@dDH`@Hb@]f@\g@Ic@Ia@}@eD_AqDy@kCcAcDW{@_@yA}@oCIUk@aBSq@aAsCAC]}@aAaBg@cA	Click to Generate
S4	30	1			3	Masjid Umar (S4)	Masjid Noor (S4)	St. James Church (S4)	2293	1720	uq}dIb{{GAN?JFVLt@@DADEDSNCLAV\Ar@?l@?DBDDBJDCJETGPARAL?YcAEOk@uBSs@lAmALOBG?G_@oAc@uAY_AEOIEIQq@kA}@hBLUn@sAp@jAHPHDDNX~@b@tA^nA?FCFMNmAlARr@j@tBDNXbAM?S@Q@UFKDEBUNULb@dC??c@eCTMTODCJETGPARAL?Rn@d@zAz@|CZfAPh@n@tBPWBIHgB@]NqCP{DFBFDFJFJRWJ]@IGY??FXAHK\SVGKGKGEGCQzDOpCA\IfBCHQVo@uBQi@[gA{@}Ce@{ASo@M?S@Q@UFKDEBCKEEECm@?s@?]@@WBMRODE@EAEMu@GW?K@O	Click to Generate
S4	60	1			3	Steel sign for Kelham Island Museum (S4)	St. James Church (S4)	Scott Road Store (S4)	5353	4015	oqzdIfp~GPoARgBFg@@CBE@A@?BA@?PJL?NCJEAKAWAO?O?O@Q@Q@MN}BF{@Dq@@M@QB]Fa@[MSKICYMIEy@_@C?K?C@G@A@EBM@E?KAIAEAWCGAoACMAS@G@C@EDED_AvAEFWb@INCBCBC@SBeAVGBGBEBA@C@EBEBKH}ApAOJMFMFKDKBOBMBM@Q?m@EI?aBIsAEuBI}@KYMc@Wk@k@mBqBy@_A]_@UUEGW]GGiB}BMO]We@SUGQG_@EKAEAu@IGAGAOCOEICGCICq@[m@YGCOGOGIE]SGC]Ue@g@CCe@o@[g@CEWc@CEEIMWISOYWa@_@m@MS_@o@Ye@[q@Ue@EIa@}@Sc@u@aBa@aAEKPWBIHgB@]NqCP{DFBFDFJFJRWJ]@IGY??FXAHK\SVGKGKGEGC@m@N_DHmAH{@Ho@H]x@aCL[HUPg@FQJ[v@mBx@yBh@}ATu@b@oAj@Fd@JdAHvANbAJB?JBdBRVDP?HIHMBM??BKBYDaB@]Bm@?CBgA@[Bu@HGNIJCPCXj@rA|B|@`BFJNZDPBVDnA?L@ND|ADhABJDJHJd@X|Ax@DBtAp@HDd@XfAn@d@Z|BvA\TZRLJ@EBCBABABBBB@F?D?FCFCBC@?R?j@?X@T?DBNBNLb@FLVSDCHGVONGXGJ?LANAl@HJDJBl@XvBtAFBHDr@b@JH\TZP\R^JFDDBFFZ\LLBB`@f@RXb@`@XF@@DBFDB@d@XPHA`@CTAZGb@E`@I^I^ELa@rAANCR?JARAX?^@V?VDt@DJFXJb@BHNl@FPBL@F@J?VMn@QdAU~@IZEPCTCZAPARAPA\@X@\@TFh@D\BNFTHTL^DHd@hAFNBBLP@DHJHPBDBTHP@L?NCVG`@C\APALEp@Gz@O|BALAPAP?N?NBf@@JKDOBM?QKA?C@A?A@CDABGf@SfBQnA	Click to Generate
S4	60	1			3	Hillsborough Barracks Memorial (S4)	Watercliffe Meadow Community Primary School (S4)	S. Ali's Off Licence (S4)	8777	6583	{__eIvaaH?dBBD@N}@nB]v@GKSe@[k@k@gAYg@[i@i@y@GIo@_Aq@u@SYOzAMzAIpBC`BCrAGzF?B?NAzB@f@BZ@FNv@Jj@Nh@Rl@p@tAf@x@d@hA^lAXhAJh@Lh@n@lCX|AD\Lx@Hf@Ff@VjBv@hGHl@DZJp@D`@PtAFf@FZP|AJLFHRLF@j@Ul@Sb@Sn@Y|Ao@ZMbA]FCVKZKTIlAa@fBc@dAUDAFATE\Gj@MjASp@QFAt@St@Or@Sb@KFEXIVMXKHGJIJIHIBCPOEQCQ?YBc@@IFc@Jm@BSFS?I?O?W?]?SAWA_@Ce@AWAMCe@CSC_@Ec@CMCMEMQe@KWo@cBo@aBM[{BqFSe@IMGIEEGEIEICI?GAG@E@G@GBgC|AGDEDGFCDEHCDc@jAEDA@A?C?C?AAECi@m@EEACCG?G?G@I?CH]@M??ALI\?BAH?F?FBF@BDDh@l@DB@@B?B?@?@ADEb@kABEDIBEFGDEFEfC}AFCFADAFAF@H?HBHDFDDDFHHLRd@zBpFLZn@`Bn@bBJVPd@DLBLBLDb@B^BRBd@@L@VBd@@^@V?R?\?V?N?H@T?J?L@L@HD\HHDNBLDXBX?b@MNIJQPGDMFIFIDy@Zo@R{@Vk@Nu@Pc@NE@gAVcATy@PQDE?G@[FWFUDKB{@PoA^SFSFODMB_@LSHo@T]NOH_A^q@Xs@ZOD]Ru@ZUL[GCAMOCSEi@Q}AG[Gg@QuAEa@Kq@E[Im@w@iGWkBGg@Ig@My@E]Y}Ao@mCMi@Ki@YiA_@mAe@iAg@y@q@uASm@Oi@Kk@Ow@AGC[Ag@@{B?O?CF{FBsABaBHqBL{AN{AF]Ha@Pi@JYNWb@}@v@yAv@sAd@_AN_@Z_AP_Ap@{Et@{ENiAN_ADYBKVsBJ_ADk@Bk@?{@GgAXIrAc@J?N?JFJFhBtBZkAFW\eBaBuAZeBQq@MO??LNPp@DEH@FFpAr@NeAR_BPeBHuA@]H}ABaADqB???mAAqAr@QXIl@OHGJGV[P[BX?PEdAAJEnACrAArAq@B]BO?oAFs@DO@M?yCN]@I?U@Y@G?oAJUB_@Ji@Ra@R]Re@^o@r@Qb@IT?L?DBNBLNd@hAlB\f@\l@Vl@Pd@Lp@Jr@Hz@FfA?z@Cj@Ej@K~@WrBCJEXO~@OhAu@zEq@zEQ~@[~@O^e@~@w@rAw@xAc@|@OVKXQh@I`@G\RXp@t@n@~@FHh@x@Zh@Xf@j@fAZj@Rd@FJ\w@|@oBAOCE?eB	Click to Generate
S4	45	1			3	Le Bon Vin (S4)	PDSA (S4)	J W Young (Butchers) Ltd (S4)	3528	2646	s~{dIx{wGNYl@?XNVRV^@@nAb@zAh@^wC}@[iAe@g@OiA_@gB{@KCAA}@]MEyGeCmBs@EAEAE@E@E@EFEHgA~BM`@GLABMH@XLh@t@vA`@x@`AnBJNPWBAPWUXQVKOaAoBa@y@u@wAWQIOS[GIYa@S]KUIOJYFQP_@LSVWl@oAR\Sd@??Re@S]Xo@f@eAv@gBdA}Br@aBJWXs@Tu@\eAb@kAfA{C`ByEJ[n@wBVu@DKL]^h@@BJLNTFHJP^h@FL`@p@j@|@R^LRBDBDV\nAfBx@dAZ^JP\^FFFHx@~@K\Qn@?BCD[dAu@~BsAfEYi@AMCuHlAlBd@v@jAfBNP`@N\ZjAfBGx@Q~BADIfBAt@i@rBg@hAk@|Ao@Ki@SgA]_@vC{Ai@oAc@AAW_@WSYOm@?OX	Click to Generate
S4	20	1			3	Page Hall Medical Centre (S4)	Oasis Academy Fir Vale (S4)	St Cuthberts (S4)	1716	1287	{`~dIfzyG??GiBBABO@MUwAEWCUIFM@GCE^G`@Mf@O^CDKR?@SXSXCDMNLOBERYRYJUBEN_@Lg@w@Om@KGAQ`D?JANCZALCl@An@Br@Dn@Dh@Lr@L`AD\??Fp@JdA@LFd@BRDTJd@BHJf@DTLf@DTLl@^\PRHFERAF?F?t@AtC@Tm@F@uB?{@@mA?MAQAOEWMm@EUMg@EUKg@CIKUOYIOEIIOOg@Sa@aEiI`BkAdA_ALAD?@MB[@O?KPaDF@l@Jv@NFa@D_@By@BIFAFBDRD^CFBTDVTvAALCNC@FhB??	Click to Generate
S4	30	1			3	Jamia Masjid Ghausia (S4)	Fir Vale Academy (S4)	St Cuthberts (S4)	2806	2104	qh~dI`xyGq@c@[USOMb@KVMLSLSJk@TUJGFgGpMGLCJ?JRlB\~CVCZCp@Cp@?rABjA@f@?`A@|@?l@@v@BRDJMFG@EBI@I?UEUKg@CIKe@EUCSGe@AMKeAGq@E]MaAGc@EOEi@Eo@Cs@@o@Bm@@MB[@O?KPaDF@l@Jv@NFa@D_@By@BIFAFBDRD^CFBTDVTvAALCNC@AQYPHxBXO??GiBBABO@MUwAEWCUIFM@GCE^G`@w@Om@KGAQ`D?JANCZALCl@An@Br@Dn@Dh@Lr@L`AD\Fp@JdA@LFd@BRDTJd@BHJf@DTLf@DTLl@^\PRHFERAF?F?t@AtC@Tm@F@uB?{@@mA?MAQAOEWMm@EUMg@EUKg@CIKUOYIOEIIOOg@Sa@aEiIUc@O]Ua@]u@TKj@URKRMLMJWLc@RNZTp@b@	Click to Generate
S4	60	1			3	Wood Hill Lodge (S4)	Wood Hill Grange (S4)	All Days (S4)	4383	3287	yn|dI`yyGOGKCM@IBKJKTi@tAf@v@nBjDDHJRVd@Wt@a@fAGR_AlCIRm@bBSl@IVUr@KNIDIBYFG?a@@QCSUQYa@w@Se@Ic@Ia@}@eD_AqDy@kCcAcDW{@GUWcA}@oCIUOa@[_ASq@aAsCAC]}@aAaBu@_BUk@M[Qk@Mk@Ky@OcAM}@OeAT_@h@mAdAuBXx@@F|BzFfBxDrAbClArBT\BDdAlBjCpEfAjBDHrA`ClBbDf@v@nBjDDHJRVd@~@bBFHv@lAf@v@`AbBCx@Cd@Ct@AZCfA?BCl@A\E`BCXCJ??CLILIHQ?WEeBSKCC?cAKwAOeAIe@Kk@Gc@nAUt@i@|AQa@aD_I_@aA^`ArD`Jh@}ATu@b@oAj@Fd@JdAHvANbAJB?JBdBRVDP?HIHMBM??BKBYDaB@]Bm@?CBgA@[Bu@Be@By@aAcBg@w@w@mAGI_AcBWe@KSEIoBkDg@w@h@uAJUJKHCLAJBNF	Click to Generate
S4	20	1			3	Jamia Dar Ul Uloom Qadiria Jillania Centre (S4)	Oasis Academy Fir Vale (S4)	Fir Vale Academy (S4)	1504	1128	ab~dIltzGHHPRHFXVLPPRDDDFNRJWTc@HK@K?IEUDT?HAJ_@n@KVOSEGEEQSMQYWIGQS_@]Mm@EUMg@EUKg@CIKe@EUCSGe@AMKeAGq@??E]MaAMs@Ei@Eo@Cs@@o@Bm@@MB[@O?KPaDF@l@Jv@NFa@D_@By@BIFAFBDRD^CFBTDVTvAALCNC@AQYPHxBXO??GiBBABO@MUwAEWCUIFM@GCE^G`@w@Om@KGAQ`D?JANCZALCl@An@Br@Dn@Dh@Lr@L`AD\Fp@JdA@LFd@BRDTJd@BHJf@DTLf@DTLl@TR	Click to Generate
S4	60	1			3	E-ACT Parkwood Academy (S4)	Watercliffe Meadow Community Primary School (S4)	S. Ali's Off Licence (S4)	8577	6433	eh~dIb_bHALI\?BAH?F?FBF@BDDh@l@DB@@B?B?@?@ADEb@kABEDIBEFGDEFEfC}AFCFADAFAF@H?HBHDFDDDFHHLRd@zBpFLZn@`Bn@bBJVPd@DLBLBLDb@B^BRBd@@L@VBd@@^@V?R?\?V?N?H@T?J?L@L@HD\HHDNBLDXBX?b@MNIJQPGDMFIFIDy@Zo@R{@Vk@Nu@Pc@NE@gAVcATy@PQDE?G@[FWFUDKB{@PoA^SFSFODMB_@LSHo@T]NOH_A^q@Xs@ZOD]Ru@ZUL[GCAMOCSEi@Q}AG[Gg@QuAEa@Kq@E[Im@w@iGWkBGg@Ig@My@E]Y}Ao@mCMi@Ki@YiA_@mAe@iAg@y@q@uASm@Oi@Kk@Ow@AGC[Ag@@{B?O?CF{FBsABaBHqBL{AN{ARXp@t@n@~@FHh@x@Zh@Xf@j@fAZj@Rd@FJ\w@|@oBAOCE?eB???dBBD@N}@nB]v@GKSe@[k@k@gAYg@[i@i@y@hAoBj@cAHQP[Xg@l@cATe@DGPe@FOHWLc@Ps@Ha@BIL{@d@kCt@mFLgAPuABWH}@F]H_@Vy@r@_Cl@{BPu@ZkAFW\eBaBuAZeBQq@MO??LNPp@DEH@FFpAr@NeAR_BPeBHuA@]H}ABaADqB???mAAqAr@QXIl@OHGJGV[P[BX?PEdAAJEnACrAArAq@B]BO?oAFs@DO@M?yCN]@I?U@Y@G?oAJUB_@Ji@Ra@R]Re@^o@r@Qb@IT?L?DBNBLNd@hAlB\f@\l@Vl@Pd@Lp@Jr@Hz@FfA?z@Cj@Ej@K~@WrBCJEXO~@OhAu@zEq@zEQ~@[~@O^e@~@w@rAw@xAc@|@OVKXQh@I`@G\OzAMzAIpBC`BCrAGzF?B?NAzB@f@BZ@FNv@Jj@Nh@Rl@p@tAf@x@d@hA^lAXhAJh@Lh@n@lCX|AD\Lx@Hf@Ff@VjBv@hGHl@DZJp@D`@PtAFf@FZP|AJLFHRLF@j@Ul@Sb@Sn@Y|Ao@ZMbA]FCVKZKTIlAa@fBc@dAUDAFATE\Gj@MjASp@QFAt@St@Or@Sb@KFEXIVMXKHGJIJIHIBCPOEQCQ?YBc@@IFc@Jm@BSFS?I?O?W?]?SAWA_@Ce@AWAMCe@CSC_@Ec@CMCMEMQe@KWo@cBo@aBM[{BqFSe@IMGIEEGEIEICI?GAG@E@G@GBgC|AGDEDGFCDEHCDc@jAEDA@A?C?C?AAECi@m@EEACCG?G?G@I?CH]@M	Click to Generate
S4	15	1			3	Silver Pan (S4)	MyCigara (S4)	J W Young (Butchers) Ltd (S4)	1222	916	ae{dIpfwGKc@EOK[BIBCPENEREp@q@`@e@a@wALd@Rp@a@d@q@p@S\EDWVK[K]EOCMCMGq@Oa@Yo@GPEHQf@ELKZcAtC][a@OOQkAgBe@w@mAmBBtH@LXh@rAgEt@_CZeABE?CPo@J]BBl@t@Z`@n@x@^h@Xn@N`@Pd@L`@@JFXBh@DNJb@	Click to Generate
S4	20	1			3	Baltic Pearl (S4)	Attercliffe News & Booze (S4)	Aaliyah Mosque (S4)	1651	1238	qf{dIfawG@BL`@@JFXBh@DNb@nBBHHd@c@`@e@b@}@w@UU[e@kAgBbAuCJ[DMVq@FQ_@i@o@y@[a@TcAMj@GVZ`@n@x@^h@Xn@N`@Pd@L`@@JFXPENEREp@q@`@e@HI`@a@TSHSL_@DGHQBGNM@CFQDQJc@He@l@cDeBeAARSpCAF?D?D?DBxATCUB?CCuA?E?E?E@GRqC@SdBdAm@bDId@Kb@EPGPABAVAHCLINILKLSFURa@`@IHa@d@q@p@S\EDWVK[K]EOCMCMGq@N`@	Click to Generate
S4	15	1			3	Accelerate (S4)	Warty Lounge (S4)	Bit Of Everything (S4)	1253	940	cr{dIx~vGd@v@t@_CZeABE?CLe@BIJ]BBl@t@Z`@n@x@^h@Xn@N`@Pd@L`@@JFXPENERES\EDWVK[K]OZ_@x@y@dBZd@TT|@v@hAeAIe@CIc@oBEOK[BIBCPENEREp@q@`@e@a@wALd@Rp@a@d@q@p@S\EDWVK[K]o@tAy@dBkAgB][a@OOQkAgBe@w@	Click to Generate
S4	30	1			3	Global Hair & Beauty (S4)	Oasis Academy Fir Vale (S4)	Masjid Umar (S4)	2380	1785	c}}dIvvzGUb@KVOSEGEEQSMQYWIGQSIIUSMm@EUMg@EUKg@CI[o@IOEIIOOg@Sa@aEiI`BkAdA_ALAD?Cl@An@Br@Dn@Dh@Lr@L`AD\??Fp@JdA@LFd@BRDTJd@BHJf@DTLf@DTLl@^\PRHFXVLPPRDDDFNRPVP^@DP\bAzBfA~B`BpD`@hARj@N`@HRN`@BHBJn@`Bn@bB`@lAlAmALOBG?G_@oAc@uAY_AEOIEIQq@kA}@hBLUn@sAp@jAHPHDDNX~@b@tA^nA?FCFMNmAlAa@mAo@cBo@aBCKCIOa@ISOa@Sk@a@iAaBqDgA_CcA{BQ]AEQ_@QWJWTc@	Click to Generate
S4	30	1			3	Fir Vale Pharmacy (S4)	St Cuthberts (S4)	Fir Vale Academy (S4)	2388	1791	_g~dIdbzGEOEi@Eo@Cs@@o@Bm@@MB[@O?KPaDDw@Dy@mAmA}@tD]~ARNZTp@b@TPgAu@[USOMb@KVMLSLSJk@TUJGFgGpMGLCJ?JRlB\~CVCZCp@Cp@?rABjA@f@?`A@|@?l@@v@BRDJMFG@EBI@I?UEUKg@CIKUOYIOEIIOOg@Sa@aEiI`BkAdA_ALAD?@MB[@O?KPaDF@l@Jv@NFa@D_@By@BIFAFBDRD^CFBTDVTvAALCNC@AQYPHxBXO??GiBBABO@MUwAEWCUIFM@GCE^G`@w@Om@KGAQ`D?JANCZALCl@An@Br@Dn@Dh@DN	Click to Generate
S4	60	1			3	Awesome Walls Sheffield (S4)	Wood Hill Lodge (S4)	All Days (S4)	4666	3500	gm|dIj{yGc@w@MQOGKCM@IBKJKTi@tAmBcDsAaCj@uA~AsDHPBLBXDLRZ^h@BJ@J?J??Wt@AJ@F`@p@a@q@AG@KVu@?KAKCK_@i@S[EMCYCMIQ_BrDk@tAEIgAkBkCqEeAmBCEU]mAsBsAcCgByD}B{FAGYy@eAtBi@lAU^NdAL|@NbAJx@Lj@Pj@LZTj@t@~A`A`B\|@@B`ArCRp@j@`BHT|@nCVbAFTVz@bAbDx@jC~@pD|@dDH`@Hb@Rd@`@v@PXRTPB`@AF?XGHCHEJOTs@HWRm@l@cBHS~@mCFS`@gAVu@~@bBFHv@lAf@v@`AbBCx@Cd@Ct@AZCfA?BCl@A\E`BCXCJ??CLILIHQ?WEeBSKCC?cAKwAOeAIe@Kk@Gc@nAUt@i@|AQa@aD_I_@aA^`ArD`Jh@}ATu@b@oAj@Fd@JdAHvANbAJB?JBdBRVDP?HIHMBM??BKBYDaB@]Bm@?CBgA@[Bu@Be@By@aAcBg@w@w@mAGI_AcBWe@KSEIoBkDg@w@h@uAJUJKHCLAJBNFLPb@v@	Click to Generate
S4	20	1			3	MyCigara (S4)	Baltic Pearl (S4)	J W Young (Butchers) Ltd (S4)	1527	1145	ab{dIv~vGRp@a@d@q@p@S\EDWVK[K]o@tAy@dBkAgBbAuCJ[DMPg@DIFQXn@N`@Pd@L`@@JFXBh@DNb@nBBHHd@c@`@e@b@}@w@UU[e@kAgB][a@OOQkAgBe@w@mAmBBtH@LXh@rAgEt@_CZeABE?CPo@J]BBl@t@Z`@n@x@^h@Xn@N`@Pd@L`@@JFXPENEREp@q@`@e@Sq@	Click to Generate
S4	45	1			3	Busk Meadow Park (S4)	Shirecliffe Community Centre (S4)	Norwood and Bishopsholme Community Centre (S4)	3337	2503	_n~dI|g~G]H@pA?lAEpBs@DO@M?yCN]@I?U@Y@G?oAJUBQ_AQcA[sA]kA_@_Ak@uAm@iATi@FKDENCf@KHAJCRCt@IHCJGbBgAF?LCLCPAHDFHXjALn@??Mo@YkAGIIEQ@MBMBG?cBfAKFIBu@HSBKBI@g@JOBEDGJUh@l@hAj@tA^~@\jAZrAPbAP~@TCnAKF?LAJ?TAH?\AxCOL?NAr@EnAGN?BlCCmCO?oAFs@DO@M?yCN]@I?U@Y@G?oAJUBQ_AQcA[sA]kA_@_Ak@uAm@iATi@FKDENCf@KHAJCRCt@IHCJGbBgAF?LCLCPA??HDFHXjALn@Mo@YkAGIIEQ@MBMBG?cBfAKFIBu@HSBKBI@g@JOBEDGJUh@l@hAj@tA^~@\jAZrAPbAP~@TCnAKF?XATAH?\AxCOL?NAr@EDqB?mAAqA\I	Click to Generate
S4	60	1			3	St. James Church (S4)	Scott Road Store (S4)	All Days (S4)	5891	4418	eqzdIvn~GF_@RgBFg@@CBE@A@?BA@?PJL?NCJEAKCg@?O?O@Q@Q@MN}BF{@Dq@@M@QB]Fa@[MSKICYMIEy@_@C?K?C@G@A@EBM@E?KAIAEAWCGAoACMAS@G@C@EDED_AvAEFWb@INCBCBC@SBeAVGBGBEBA@C@EBEBKH}ApAOJMFMFKDKBOBMBM@Q?m@EI?aBIsAEuBI}@KYMc@Wk@k@mBqBy@_A]_@UUEGW]GGiB}BMO]We@SUGQG_@EKAEAu@IGAGAOCOEICGCICq@[m@YGCOGOGIE]SGC]Ue@g@CCe@o@[g@CEWc@CEEIMWISOYWa@_@m@MS_@o@Ye@[q@Ue@EIa@}@Sc@u@aBa@aAEKPWBIHgB@]NqCP{DFBFDFJFJRWJ]@IGY??FXAHK\SVGKGKGEGC@m@N_DHmAH{@Ho@H]x@aCL[HUPg@FQJ[v@mBx@yBQa@aD_I_@aA^`ArD`Jy@xBw@lBSl@Qf@ITMZy@`CI\In@Iz@IlAO~CAl@QzDOpCA\IfBCHQVDJ`@`At@`BRb@`@|@DHTd@Zp@Xd@^n@LR^l@V`@NXHRLVDHBDVb@BDZf@d@n@BBd@f@\TFB\RHDNFNFFBl@Xp@ZHBFBHBNDNBF@F@t@HD@J@^DPFTFd@R\VLNhB|BFFV\DFTT\^x@~@lBpBj@j@b@VXL|@JtBHrAD`BHH?l@DP?LALCNCJCJELGLGNK|AqAJIDCDCBA@ADCFCFCdAWRCBABCBCHOJNFDHDv@XJBH@F?F?H?FAFAHAHAHEHEJGJEHEFEBCDCDAJCJy@Be@Be@@c@@G?Q?k@?ICw@?]By@PeDNYFED?D?A\@X@\@TFh@D\BNFTHTL^DHd@hAFNBBLP@DHJHPBDBTHP@L?NCVG`@C\APALEp@Gz@O|BALAPAP?N?NBf@@JKDOBM?QKA?C@A?A@CDABGf@SfBG^	Click to Generate
S4	20	1			3	Jamia Dar Ul Uloom Qadiria Jillania Centre (S4)	Oasis Academy Fir Vale (S4)	Fir Vale Academy (S4)	1504	1128	ac~dIzrzGH\^\PRHFXVLPPRDDDFNRJWTc@HK@K?IEUDT?HAJ_@n@KVOSEGEEQSMQYWIGQS_@]Mm@EUMg@EUKg@CIKe@EUCSGe@AMKeAGq@??E]MaAMs@Ei@Eo@Cs@@o@Bm@@MB[@O?KPaDF@l@Jv@NFa@D_@By@BIFAFBDRD^CFBTDVTvAALCNC@AQYPHxBXO??GiBBABO@MUwAEWCUIFM@GCE^G`@w@Om@KGAQ`D?JANCZALCl@An@Br@Dn@Dh@Lr@L`AD\Fp@JdA@LFd@BRDTJd@BHJf@DTLf@DTBN	Click to Generate
S4	20	1			3	The Carlton Hotel (S4)	Accelerate (S4)	Aaliyah Mosque (S4)	1808	1356	mg{dIj{vGQDK`AXn@N`@Pd@L`@@JFXBh@BF@Fb@nBBHHd@iAdA}@w@UU[e@kAgB][a@OOQkAgBt@_CZeABE?CLe@BIJ]BBl@t@Z`@n@x@^h@Xn@N`@Pd@L`@@JFXPENEREp@q@`@e@HI`@a@TSHSL_@DGHQBGNM@CFQDQJc@He@l@cDeBeAARSpCAF?D?D?DBxATCUB?CCuA?E?E?E@GRqC@SdBdAm@bDId@Kb@EPGPABAVAHCLINILKLSFURa@`@IHa@d@q@p@S\EDWVK[K]EOCMCMGq@Oa@Yo@JaAPE	Click to Generate
S4	45	1			3	City Motor Factors (S4)	Colourcraft Limited (S4)	Eye of Needle (S4)	3450	2588	kt|dIlqwG^m@FrAFn@@V@XLh@t@vAb@a@BCDCJCF?jAEJ?J@^H_@IKAK?sADKBEBCBc@`@u@wAWQIOS[GIYa@KCKAI?G?O?QXu@`BgAdCkCbGXd@@B@@pDjGu@jBh@|@i@}@t@kBqBkD_A_BAAACYe@jCcGfAeCt@aBJk@DINa@JYFQP_@LSVWHTBLD`@FrAFn@HI@?JMNMfA_CDIDGDADADAD@D@lBr@xGdCLD|@\@@JBfBz@hA^f@NhAd@|@Z_@vC{Ai@oAc@AAW_@WSYOm@?OX??NYl@?XNVRV^@@nAb@zAh@^wC}@[iAe@g@OiA_@gB{@KCAA}@]MEyGeCmBs@EAEAE@E@E@EFEHgA~BM`@GLABMHM@WBGIYa@S]KUIOJYFQP_@LSVWHTBLD`@_@l@	Click to Generate
S4	20	1			3	St Cuthberts (S4)	Yours Food and Wine (S4)	Oasis Academy Fir Vale (S4)	1674	1256	u_~dIptzG@P@ZA\MQYWIGQS_@]Mm@EUMg@EUKg@CIKUOYIOEIIOOg@TVFFDBJLBRDTJd@BHJf@DTLf@DTLl@^\PRHFXVLPPRDDDFNRPVP^@DP\bAzBGNCDC@OHIDi@ViAh@q@\y@^C@AA@]@g@@_@@kB@uB?{@@mA?MAQAOEWMm@EUMg@EUKg@CI[o@IOEIIOOg@Sa@aEiI`BkAdA_ALAD?Cl@An@Br@Dn@Dh@Lr@L`AD\??Fp@JdA@LFd@BRDTJd@BHJf@DTLf@DTLl@^\PRHFXVLP@]A[AQ	Click to Generate
S4	45	1			3	La Piazza (S4)	Eye of Needle (S4)	Colourcraft Limited (S4)	3508	2631	ml|dIv~wGC@QVKOaAoBa@y@u@wAWQIOS[GIYa@S]KUIOJYFQP_@LSVWHTBLD`@e@x@DK^m@FrAFn@HI@?JMNMfA_CDIDGDADADAD@D@lBr@xGdCLD|@\@@JBfBz@hA^f@NhAd@|@Z_@vC{Ai@oAc@AAW_@WSYOm@?OX??NYl@?XNVRV^@@nAb@zAh@^wC}@[iAe@g@OiA_@gB{@KCAA}@]MEyGeCmBs@EAEAE@E@E@EFEHgA~BM`@GLABMHM@WBGIYa@KCKAI?G?O?QXu@`BgAdCkCbGXd@@B@@~@~ApBjDrBnD|FzJ~CxF~@qBv@gBeA}Az@qBDi@Bc@@W@u@@I@G@IBGa@q@S]GKIOO_@CIKq@Mc@Ms@WyAKa@K]Oc@Oe@]_Aa@s@PWBA	Click to Generate
S4	20	1			3	Adept Afro Hair & Beauty (S4)	Illusionz (S4)	Aaliyah Mosque (S4)	1655	1241	ig{dIj{vGUDK`A_@i@o@y@[a@MO_@e@CCK\Qn@?BCD[dAu@~BjAfBNP`@N\ZjAfBZd@TT|@v@hAeAIe@CIWkAKc@EOK[BIBCPENEREp@q@`@e@HI`@a@TSHSL_@DGHQBGNM@CFQDQJc@He@l@cDeBeAARSpCAF?D?D?DBxATCUB?CCuA?E?E?E@GRqC@SdBdAm@bDId@Kb@EPGPABAVAHCLINILKLSFURa@`@IHa@d@q@p@S\EDWVK[K]EOCMCMGq@Oa@Yo@JaATE	Click to Generate
S4	20	1			3	Bit Of Everything (S4)	Beauty Beneath (S4)	J W Young (Butchers) Ltd (S4)	1519	1139	eg{dIrdwGUd@y@dBZd@TT|@v@hAeAIe@CIc@oBEOK[BIBCPENEREp@q@`@e@a@wALd@Rp@a@d@q@p@S\EDWVK[K]EOCMCMGq@Oa@Yo@_@i@GGg@q@[a@m@u@CCK\Qn@?BCD[dAu@~BsAfEYi@AMCuHlAlBd@v@jAfBNP`@N\ZjAfBZd@TT|@v@hAeAIe@CIc@oBEOK[K]Yn@	Click to Generate
S4	20	1			3	Attercliffe News & Booze (S4)	Baltic Pearl (S4)	Aaliyah Mosque (S4)	1733	1300	yf{dIt`wGHTL`@@JFXPENERES\EDWVK[K]EOCMCMGq@Oa@Yo@_@i@o@y@[a@TcAMj@GVZ`@n@x@^h@GPWp@ELKZcAtCjAfBZd@TT|@v@d@c@b@a@Ie@CIc@oBEOK[BIBCPENEREp@q@`@e@HI`@a@TSHSL_@DGHQBGNM@CFQDQJc@He@l@cDeBeAARSpCAF?D?D?DBxATCUB?CCuA?E?E?E@GRqC@SdBdAm@bDId@Kb@EPGPABAVAHCLINILKLSFURa@`@IHa@d@q@p@S\EDWVK[K]EOCMCMGq@FN	Click to Generate
S4	20	1			3	Crabtree Ponds (S4)	St. James Church (S4)	Masjid Umar (S4)	1894	1420	ym}dIlf|Gc@eCTMTOCKEEECm@?s@?]@@WBMRODE@EAEMu@GW?K@O@MFKGJAL??AN?JFVLt@@DADEDSNCLAV\Ar@?l@?DBDDBJDCJETGPARAL?Rn@d@zAz@|CZfAPh@n@tBPWBIHgB@]NqCP{DFBFDFJFJRWJ]@IGY??FXAHK\SVGKGKGEGC@m@MIGGGM_EaNe@}AmBPKAIEIQq@kA}@hBLUn@sAp@jAHPHDDNX~@b@tA^nA?FCFMNmAlARr@j@tBDNXbAM?S@Q@UFKDEBUNULb@dC	Click to Generate
S4	45	1			3	Crabtree Ponds (S4)	Tea and Cakes (S4)	Yours Food and Wine (S4)	3950	2962	oq}dI`m{Gn@sAp@jAHPHDDNX~@b@tA^nA?FCFMNmAlARr@j@tBDNXbAM?S@Q@UFKDEBCKEEECm@?s@?]@@WBMRODE@EAEMu@GW?K@O@MFKGJAL??AN?JFVLt@@DADEDSNCLAV\Ar@?l@?DBDDBJDCJETGPARAL?Rn@d@zAz@|CZfAPh@n@tBPWBIHgB@]NqCP{D@m@N_DHmAH{@Ho@H]x@aCL[HUPg@Rm@kAqCeAkCw@qB_AcCGHI\Ml@CRQDMHKFCHADCN?VBVFPb@jAb@dAJTKNt@zEBHDBD?DIp@gBdAqCjApCSl@Qf@ITMZy@`CI\In@Iz@IlAO~CAl@QzDOpCA\IfBCHQVo@uBQi@[gA{@}Ce@{ASo@YcAEOk@uBSs@a@mAo@cBo@aBCKCIOa@ISUNwB~AI@{@yDoBaIh@WHENIBABEFOfA~B`BpD`@hARj@N`@HRN`@BHBJn@`Bn@bB`@lAlAmALOBG?G_@oAc@uAY_AEOIEIQq@kAo@rA	Click to Generate
S4	15	1			3	The Dream Lounge (S4)	J W Young (Butchers) Ltd (S4)	Illusionz (S4)	1333	1000	_l{dIdyvGFFZ`@n@x@^h@Tf@BFN`@Pd@L`@@JFXBh@DNb@nBBHHd@iAdA}@w@UU[e@kAgB][a@OOQkAgBe@w@mAmBBtH@LXh@rAgEjAfBNP`@N\ZjAfBZd@TT|@v@hAeAIe@CIWkAKc@EOK[K]EOCMCMGq@Oa@Yo@_@i@o@y@[a@GG	Click to Generate
S4	45	1			3	Busk Meadow Park (S4)	Shirecliffe Community Centre (S4)	Norwood and Bishopsholme Community Centre (S4)	3266	2450	{n~dI~i~G?X?lAEpBs@DO@M?yCN]@I?U@Y@G?oAJUBQ_AQcA[sA]kA_@_Ak@uAm@iATi@FKDENCf@KHAJCRCt@IHCJGbBgAF?LCLCPAHDFHXjALn@??Mo@YkAGIIEQ@MBMBG?cBfAKFIBu@HSBKBI@g@JOBEDGJUh@l@hAj@tA^~@\jAZrAPbAP~@TCnAKF?LAJ?TAH?\AxCOL?NAr@EnAGN?BlCCmCO?oAFs@DO@M?yCN]@I?U@Y@G?oAJUBQ_AQcA[sA]kA_@_Ak@uAm@iATi@FKDENCf@KHAJCRCt@IHCJGbBgAF?LCLCPA??HDFHXjALn@Mo@YkAGIIEQ@MBMBG?cBfAKFIBu@HSBKBI@g@JOBEDGJUh@l@hAj@tA^~@\jAZrAPbAP~@TCnAKF?XATAH?\AxCOL?NAr@EDqB?mA?Y	Click to Generate
S4	20	1			3	Warty Lounge (S4)	Bit Of Everything (S4)	J W Young (Butchers) Ltd (S4)	1619	1214	og{dItyvGOz@K`AXn@N`@Pd@L`@@JFXPENERES\EDWVK[K]OZ_@x@y@dBZd@TT|@v@hAeAIe@CIc@oBEOK[BIBCPENEREp@q@`@e@a@wALd@Rp@a@d@q@p@S\EDWVK[K]EOCMCMGq@Oa@Yo@_@i@o@y@[a@m@u@CCK\Qn@?BCD[dAu@~BsAfEYi@AMCuHlAlBd@v@jAfBNP`@N\ZbAuCJ[DMVq@FQJaAN{@	Click to Generate
S4	20	1			3	Baltic Pearl (S4)	Attercliffe News & Booze (S4)	Aaliyah Mosque (S4)	1651	1238	of{dIjawG??L`@@JFXBh@DNb@nBBHHd@c@`@e@b@}@w@UU[e@kAgBbAuCJ[DMVq@FQ_@i@o@y@[a@TcAMj@GVZ`@n@x@^h@Xn@N`@Pd@L`@@JFXPENEREp@q@`@e@HI`@a@TSHSL_@DGHQBGNM@CFQDQJc@He@l@cDeBeAARSpCAF?D?D?DBxATCUB?CCuA?E?E?E@GRqC@SdBdAm@bDId@Kb@EPGPABAVAHCLINILKLSFURa@`@IHa@d@q@p@S\EDWVK[K]EOCMCMGq@Pd@	Click to Generate
S4	15	1			3	Illusionz (S4)	Silver Pan (S4)	J W Young (Butchers) Ltd (S4)	1415	1061	yh{dIn~vGQf@ELKZcAtCjAfBZd@TT|@v@hAeAIe@CIWkAKc@EOK[BIBCPENEREp@q@`@e@a@wALd@Rp@a@d@q@p@S\EDWVK[K]EOCMCMGq@Oa@Yo@_@i@o@y@[a@m@u@CCK\Qn@?BCD[dAu@~BsAfEYi@AMCuHlAlBd@v@jAfBNP`@N\ZbAuCJ[DMPg@	Click to Generate
S4	20	1			3	Yours Food and Wine (S4)	Oasis Academy Fir Vale (S4)	Fir Vale Academy (S4)	1866	1400	m`~dIrrzGJG@NHj@@Z@ZA\PRDDDFNRPVP^@DP\bAzBGNCDC@OHIDi@ViAh@q@\y@^C@AA@]@g@@_@@kB@uB?{@@mA?MAQAOEWMm@EUMg@EUKg@CIKe@EUCSGe@AMKeAGq@??E]MaAMs@Ei@Eo@Cs@@o@Bm@@MB[@O?KPaDF@l@Jv@NFa@D_@By@BIFAFBDRD^CFBTDVTvAALCNC@AQYPHxBXO??GiBBABO@MUwAEWCUIFM@GCE^G`@w@Om@KGAQ`D?JANCZALCl@An@Br@Dn@Dh@Lr@L`AD\Fp@JdA@LFd@BRDTJd@BHJf@DTLf@DTLl@^\PRHFXVLP@]A[A[Ik@AOKF	Click to Generate
S4	30	1			3	Beauty Beneath (S4)	Aaliyah Mosque (S4)	J W Young (Butchers) Ltd (S4)	2242	1682	wd{dIfcwG@?RES\EDWVK[K]EOCMCMGq@Oa@Yo@_@i@GGg@q@d@_CPL\TH]^Tc@dCK`AXn@N`@Pd@L`@@JFXPENEREp@q@`@e@HI`@a@TSHSL_@DGHQBGNM@CFQDQJc@He@l@cDeBeAARSpCAF?D?D?DBxATCUB?CCuA?E?E?E@GRqC@SdBdAm@bDId@Kb@EPGPABAVAHCLINILKLSFURa@`@IHa@d@q@p@S\EDWVK[K]o@tAy@dBkAgB][a@OOQkAgBe@w@mAmBBtH@LXh@rAgEt@_CZeABE?CPo@J]BBl@t@Z`@n@x@^h@Xn@N`@Pd@L`@@JFXPELE	Click to Generate
S4	20	1			3	Attercliffe News & Booze (S4)	Aaliyah Mosque (S4)	Baltic Pearl (S4)	1593	1195	ig{dIr_wGGOYo@_@i@o@y@[a@TcAMj@GVZ`@n@x@^h@Xn@N`@Pd@L`@@JFXPENEREp@q@`@e@HI`@a@TSHSL_@DGHQBGNM@CFQDQJc@He@l@cDeBeAARSpCAF?D?D?DBxATCUB?CCuA?E?E?E@GRqC@SdBdAm@bDId@Kb@EPGPABAVAHCLINILKLSFURa@`@IHa@d@q@p@S\EDWVDNb@nBBHHd@c@`@e@b@}@w@UU[e@kAgBbAuCJ[DMVq@FQXn@FN	Click to Generate
S4	60	1			3	WHSmith (S4)	Northern Perk (S4)	Norwood Grange Care Home (S4)	4538	3404	_v~dIpy{G?@HNJTR^JV\l@LVNVb@|@LTLTBDP\^t@DFVf@DF@DBBd@hADH`@q@BG@ARYlAgCd@_AFKHUHYF]Da@\_DDm@@q@@sBAeB?]@s@Bo@Dg@DWHo@JoA@]@g@@_@@kB@uB?{@@mA?MAQAOEWUQOICCSESEw@Cm@A}@?aAAAbAGjD?D?l@X?LFNFPNLLNZN`@DZBZ@P@b@An@?v@Ah@Gh@Kh@M^IRKL]ZQLEWKYEGG?I?SAC?ENEFM?CC?G???IBCFAH?FBB?R@H?F?DFJXDVPM\[JMHSL_@Ji@Fi@@i@?w@@o@Ac@AQC[E[Oa@O[MMQOOGMGY??m@?EFkD@cA`A@|@?l@@v@BRDRDBBNHTPDV@N@P?LAlA?z@AtBAjBA^Af@A\KnAIn@EVEf@Cn@Ar@?\@dBArBAp@El@]~CE`@G\IXITGJe@~@mAfCKf@Uj@EFEJMQEIe@iACCAEEGWg@Wd@gAuBTg@LTBDP\^t@DFVf@DF@DBBDJ^|@DHLPGLEHKTIPWd@[`@SPa@Ts@r@w@v@q@l@y@p@YX[`@U\q@|Aa@|@Ud@g@dAMQg@u@a@o@_@k@UQE?]GsBYGCJ_AJw@LDFAJCFBtBdAA@UpATP^j@`@n@f@t@LPf@eATe@`@}@p@}AT]Za@XYx@q@p@m@v@w@r@s@d@u@R]FMb@w@DGR_@EIe@iACCAEEGWg@EG_@u@Q]CEMUMUc@}@OWMW]m@KWS_@KUIO?A	Click to Generate
S4	45	1			3	Northern General Hospital (S4)	Sheffield GP Collaborative (Out of Hours Service) (S4)	Norwood Grange Care Home (S4)	4032	3024	gm~dI`h|GEKCCAEEGWg@EG_@u@Q]CEMUMUc@}@OWMW]m@KWS_@KUIO?AGUGSIGKGO?]?i@@A?_@FuAZO@E?qA@sA?MAEM?ODKCGAGC}@?QCaCA_@?Q?u@?WAq@AO?I?M?I?M?SBSTAv@CD?B?r@ALAXAJCHEDCJGFGRYJM\SLK`Am@dAq@VO^S`D_B|@g@LILEHAX?LFNFPNLLNZN`@DZBZ@P@b@An@?v@Ah@Gh@Kh@M^IRKL]ZQLMJUNa@EGAC@CBANK\SBETSHRIDURCJ]@OBCBAF@`@D@ARMLKPM\[JMHSL_@Ji@Fi@@i@?w@@o@Ac@AQC[E[Oa@O[MMQOOGMGY??m@?EFkD@cA`A@|@?l@@v@BRDRDBBNHTPDV@N@P?LAlA?z@AtBAjBA^Af@A\KnAIn@EVEf@Cn@Ar@?\@dBArBAp@El@]~CE`@G\IXITGJe@~@mAfCKf@Uj@EFEJGLEHKTIPWd@[`@SPa@Ts@r@w@v@q@l@y@p@YX[`@U\q@|Aa@|@Ud@g@dAMQg@u@a@o@_@k@UQE?]GsBYGCJ_AJw@LDFAJCFBtBdAA@UpATP^j@`@n@f@t@LPf@eATe@`@}@p@}AT]Za@XYx@q@p@m@v@w@r@s@d@u@R]FMb@w@DGR_@EI_@}@	Click to Generate
S4	20	1			3	Busk Meadow Park (S4)	Kaya Hair & Beauty (S4)	Shirecliffe Community Centre (S4)	1888	1416	_x~dId|}G??HDFHXjALn@??Mo@YkAGIIEQ@MBMBG?cBfAKFIBu@HSBKBI@g@JOBEDGJUh@l@hAj@tA^~@\jAZrAPbAP~@TCnAKF?XATAH?\AxCOL?NAr@EDqB?mAAqA\ITGXIl@OHGJGV[P[BX?PEdAAJEnACrAArAq@B]BO?oAFs@DO@M?yCN]@I?U@K?M@G?oAJUBQ_AQcA[sA]kA_@_Ak@uAm@iATi@FKDENCf@KHAJCRCt@IHCJGbBgAF?LCLCPA	Click to Generate
S4	45	1			3	Norwood and Bishopsholme Community Centre (S4)	Northern General Hospital (S4)	Northern Perk (S4)	3272	2454	oa_eIpy|GUpATP^j@`@n@f@t@LPQd@IPUj@]fAUv@ENYzAWtAKv@It@CVGfAI|BEdA?TE~@Cn@C\HJDDNNHJTi@FKDENCf@KHAJCRCt@IHCJGbBgAF?LCLCPA??HDFHXjALn@Mo@YkAGIIEQ@MBMBG?cBfAKFIBu@HSBKBI@g@JOBEDGJUh@IKOOEEIKB]Bo@D_A?UDeAH}BFgABWHu@Jw@VuAX{ADOTw@\gATk@HQPe@f@eATe@`@}@p@}AT]Za@XYx@q@p@m@v@w@r@s@d@u@R]FMb@w@DGR_@EIe@iACCAEEGWg@EG_@u@Q]CEMUMUc@}@OWMW]m@KWS_@KUIO?AGUDGDCFAB?`@Ad@Cd@AFGDM@M@KBKFGZMHAFFHPJVRd@DVJf@B\Bn@Bd@B`@ARCLEJCFOXS`@CFGLMT^t@DFVf@DF@DBBDJ^|@DHLPGLEHKTIPWd@[`@SPa@Ts@r@w@v@q@l@y@p@YX[`@U\q@|Aa@|@Ud@g@dAMQg@u@a@o@_@k@UQE?]GsBYGCJ_AJw@LDFAJCFBtBdAA@	Click to Generate
S4	20	1			3	St Cuthberts (S4)	Fir Vale Academy (S4)	Page Hall Medical Centre (S4)	1760	1320	cf~dIhfzGFp@JdA@LFd@BRDTJd@BHJf@DTLf@DTLl@^\PRHFERAF?F?t@AtC@Tm@F@uB?{@@mA?MAQAOEWMm@EUMg@EUKg@CIKUOYIOEIIOOg@Sa@aEiI`BkAdA_ALAD?@MB[@O?KPaDF@l@Jv@NFa@D_@By@BIFAFBDRD^CFBTDVTvAALCNC@AQYPHxBXO??GiBBABO@MUwAEWCUIFM@GCE^G`@Mf@O^CDKR?@SXSXCDMNLOBERYRYJUBEN_@Lg@w@Om@KGAQ`D?JANCZALCl@An@Br@Dn@Dh@Lr@L`AD\??	Click to Generate
S4	60	1			3	Whiteways Primary School (S4)	Wood Hill Lodge (S4)	Tea and Cakes (S4)	5423	4067	ui}dIfczGw@{B@KdCsCp@u@LCDDDDDR\b@_@yA}@oCIUk@aBSq@aAsCAC]}@aAaBu@_BQ`@EVAX?XBR@DqCdD\pANx@D^DTBb@D^PKT`CVxCBFD@EACGm@{GQJE_@Cc@EUE_@Oy@]qApCeDAECS?Y@YDWPa@t@~A`A`B\|@@B`ArCRp@j@`BHT|@nCVbAFTVz@bAbDx@jC~@pD|@dDH`@Hb@Rd@`@v@PXRTPB`@AF?XGHCHEJOTs@HWRm@l@cBHS~@mCFS`@gAVu@~@bBFHv@lAf@v@`AbBCx@Cd@Ct@AZCfA?BCl@A\E`BCXCJ??CLILIHQ?WEeBSKCC?cAKwAOeAIe@Kk@GIAcBQGEEIc@aAi@sAs@kBGGIAI?MBQL[^e@p@o@~@s@bAGHI\Ml@CR?RBPBPFVjAnCq@`AKUc@eAc@kAGQCW?WBO@EBIJGLIPEBSLm@H]FIr@cAn@_Ad@q@Z_@PMLCH?H@FFr@jBh@rAb@`ADHFDbBPH@j@Fd@JdAHvANbAJB?JBdBRVDP?HIHMBM??BKBYDaB@]Bm@?CBgA@[Bu@Be@By@aAcBg@w@w@mAGI_AcBWt@a@fAGR_AlCIRm@bBSl@IVUr@KNIDIBYFG?a@@QCSUQYa@w@Se@Ic@Ia@}@eD_AqDy@kCcAcDW{@]c@ESEEEEMBq@t@eCrCAJv@zB	Click to Generate
S4	20	1			3	Fir Vale Academy (S4)	Jamia Masjid Ghausia (S4)	St Cuthberts (S4)	1677	1258	ud~dI`wyGJSBEN_@Lg@Fa@D_@By@BIFAFBDRD^CFBTDVTvAALCNC@AQYPHxBXO??GiBBABO@MUwAEWCUIFM@GCE^G`@w@Om@KGAQ`D?JANCZALCl@An@Br@Dn@Dh@DNFb@L`AD\Fp@JdA@LFd@BRDTJd@BHJf@DTLf@DTLl@^\PRHFERAF?F?t@AtC@Tm@F@uB?{@@mA?MAQAOEWMm@EUMg@EUKg@CIKUOYIOEIIOOg@Sa@aEiI`BkAdA_ALAD?@MB[@O?KPaDF@l@Jv@NMf@O^CDKR	Click to Generate
S4	45	1			3	City Motor Factors (S4)	Eye of Needle (S4)	Colourcraft Limited (S4)	3592	2694	qr|dIlmwGRe@S]m@nAHTBLD`@FrAFn@@V@XLh@t@vAb@a@BCDCJCF?jAEJ?J@^H_@IKAK?sADKBEBCBc@`@u@wAWQIOS[GIYa@S]KUIOJYFQP_@LSVWHTBLD`@FrAFn@HI@?JMNMfA_CDIDGDADADAD@D@lBr@xGdCLD|@\@@JBfBz@hA^f@NhAd@|@Z_@vC{Ai@oAc@AAW_@WSYOm@?OX??NYl@?XNVRV^@@nAb@zAh@rEdBZLGlBo@rA]R_@JMJNXoBtDET]nDI`@Sb@_@x@INEHMXGTABKX]t@QViBfEuBlFSh@iEmH_DyF}F{JsBoDqBkD_A_BAAACYe@jCcGfAeCt@aBJk@DINa@JYFQP_@LSVWl@oAR\Sd@	Click to Generate
S4	45	1			3	Busk Meadow Park (S4)	Shirecliffe Community Centre (S4)	Norwood and Bishopsholme Community Centre (S4)	3250	2438	{n~dIvj~G?@?lAEpBs@DO@M?yCN]@I?U@Y@G?oAJUBQ_AQcA[sA]kA_@_Ak@uAm@iATi@FKDENCf@KHAJCRCt@IHCJGbBgAF?LCLCPAHDFHXjALn@??Mo@YkAGIIEQ@MBMBG?cBfAKFIBu@HSBKBI@g@JOBEDGJUh@l@hAj@tA^~@\jAZrAPbAP~@TCnAKF?LAJ?TAH?\AxCOL?NAr@EnAGN?BlCCmCO?oAFs@DO@M?yCN]@I?U@Y@G?oAJUBQ_AQcA[sA]kA_@_Ak@uAm@iATi@FKDENCf@KHAJCRCt@IHCJGbBgAF?LCLCPA??HDFHXjALn@Mo@YkAGIIEQ@MBMBG?cBfAKFIBu@HSBKBI@g@JOBEDGJUh@l@hAj@tA^~@\jAZrAPbAP~@TCnAKF?XATAH?\AxCOL?NAr@EDqB?mA?A	Click to Generate
S4	20	1			3	Baltic Pearl (S4)	Travel & More (S4)	Aaliyah Mosque (S4)	1669	1252	kf{dIpawGHZ@JFXBh@DNb@nBBHHd@c@`@e@b@}@w@UU[e@kAgB][a@OOQkAgBt@_CZeABE?CPo@J]BBl@t@Z`@PT\b@^h@Xn@N`@Pd@L`@@JFXPENEREp@q@`@e@HI`@a@TSHSL_@DGHQBGNM@CFQDQJc@He@l@cDeBeAARSpCAF?D?D?DBxATCUB?CCuA?E?E?E@GRqC@SdBdAm@bDId@Kb@EPGPABAVAHCLINILKLSFURa@`@IHa@d@q@p@S\EDWVK[K]EOCMCMGq@Pd@BD	Click to Generate
S4	20	1			3	Shirecliffe Community Centre (S4)	Busk Meadow Park (S4)	Norwood and Bishopsholme Community Centre (S4)	1535	1151	{n~dIfm~GEpBs@DO@M?yCN]@I?U@K?M@G?oAJUBQ_AQcA[sA]kA_@_Ak@uAm@iATi@FKDENCf@KHAJCRCt@IHCJGbBgAF?LCLCPAHDFHXjALn@??Mo@YkAGIIE??Q@MBMBG?cBfAKFIBu@HSBKBI@g@JOBEDGJUh@l@hAj@tA^~@\jAZrAPbAP~@TCnAKF?XATAH?\AxCOL?NAr@EDqB	Click to Generate
S4	20	1			3	All Days (S4)	St. James Church (S4)	Tea and Cakes (S4)	1899	1424	w||dIzl{GJ[v@mBx@yBQa@aD_I_@aA^`ArD`Jy@xBw@lBSl@Qf@ITMZy@`CI\In@Iz@IlAO~CAl@FBFDFJFJRWJ]@IGY??FXAHK\SVGKGKGEGC@m@N_DHmAH{@Ho@H]x@aCL[HUPg@Rm@kAqCeAkCw@qB_AcCGHI\Ml@CRQDMHKFCHADCN?VBVFPb@jAb@dAJTKNt@zEBHDBD?DIp@gBdAqCjApCKZ	Click to Generate
S4	15	1			3	The Dream Lounge (S4)	J W Young (Butchers) Ltd (S4)	Illusionz (S4)	1325	994	yk{dIjyvG@@Z`@n@x@^h@Tf@BFN`@Pd@L`@@JFXBh@DNb@nBBHHd@iAdA}@w@UU[e@kAgB][a@OOQkAgBe@w@mAmBBtH@LXh@rAgEjAfBNP`@N\ZjAfBZd@TT|@v@hAeAIe@CIWkAKc@EOK[K]EOCMCMGq@Oa@Yo@_@i@o@y@[a@AA	Click to Generate
S4	30	1			3	Northern General Hospital (S4)	Northern Perk (S4)	Yours Food and Wine (S4)	2770	2078	am~dInm{GRMLKPM\[JMHSL_@Ji@Fi@@i@?w@@o@Ac@AQC[E[Oa@O[MMQOOGMGY?I@MDMH}@f@aD~A_@RWNeAp@aAl@MJ]RKLSXGFKFEBIDKBY@M@s@@C?E?w@BU@CR?R?L?H?L?H@N@p@?V?t@?P@^B`C?PB|@@FBFJBdACfBED?v@GPAB?F?NHXH@?h@A\?N?JFHFFRFT?@HNJTR^JV\l@LVNVb@|@LTLTBDP\^t@DFVf@DF@DBBDJ^|@DH`@q@BG@ARYlAgCd@_AFKHUHYF]Da@\_DDm@@q@@sBAeB?]@s@Bo@Dg@DWHo@JoA@@BAx@_@p@]hAi@h@WHENIBABEFOcA{BQ]AEQ_@QWOSEGEEQSMQYWIGQS_@]UQOICCSESEw@Cm@A}@?aAAAbAGjD?D?l@X?LFNFPNLLNZN`@DZBZ@P@b@An@?v@Ah@Gh@Kh@M^IRKL]ZQLMJSL	Click to Generate
S4	60	1			3	Sheffield Steel City Beer Festival 49 (S4)	St. James Church (S4)	All Days (S4)	6159	4619	_ozdIdi~G??QKA?C@A?A@CDABGf@SfBYjBO~@[vB]nB\oBj@wDXkBRgBFg@@CBE@A@?BA@?PJL?NCJEAKCg@?O?O@Q@Q@MN}BF{@Dq@@M@QB]Fa@[MSKICYMIEy@_@C?K?C@G@A@EBM@E?KAIAEAWCGAoACMAS@G@C@EDED_AvAEFWb@INCBCBC@SBeAVGBGBEBA@C@EBEBKH}ApAOJMFMFKDKBOBMBM@Q?m@EI?aBIsAEuBI}@KYMc@Wk@k@mBqBy@_A]_@UUEGW]GGiB}BMO]We@SUGQG_@EKAEAu@IGAGAOCOEICGCICq@[m@YGCOGOGIE]SGC]Ue@g@CCe@o@[g@CEWc@CEEIMWISOYWa@_@m@MS_@o@Ye@[q@Ue@EIa@}@Sc@u@aBa@aAEKPWBIHgB@]NqCP{DFBFDFJFJRWJ]@IGY??FXAHK\SVGKGKGEGC@m@N_DHmAH{@Ho@H]x@aCL[HUPg@Rm@v@mBx@yBQa@aD_I_@aA^`ArD`Jy@xBw@lBSl@Qf@ITMZy@`CI\In@Iz@IlAO~CAl@QzDOpCA\IfBCHQVDJ`@`At@`BRb@`@|@DHTd@Zp@Xd@^n@LR^l@V`@NXHRLVDHBDVb@BDZf@d@n@BBd@f@\TFB\RHDNFNFFBl@Xp@ZHBFBHBNDNBF@F@t@HD@J@^DPFTFd@R\VLNhB|BFFV\DFTT\^x@~@lBpBj@j@b@VXL|@JtBHrAD`BHH?l@DP?LALCNCJCJELGLGNK|AqAJIDCDCBA@ADCFCFCdAWRCBABCBCHOJNFDHDv@XJBH@F?F?H?FAFAHAHAHEHEJGJEHEFEBCDCDAJCJy@Be@Be@@c@@G?Q?k@?ICw@?]By@PeDNYFED?D?A\@X@\@TFh@D\BNFTHTL^DHd@hAFNBBLP@DHJHPBDBTHP@L?NCVG`@C\APALEp@Gz@O|BALAPAP?N?NBf@@JKDOBM?	Click to Generate
S4	60	1			3	Sheffield Steel City Beer Festival 2024 (SCBF48) (S4)	St. James Church (S4)	Scott Road Store (S4)	5420	4065	grzdIbs~GN_AXkBRgBFg@@CBE@A@?BA@?PJ??L?NCJEAKCg@?O?O@Q@Q@MN}BF{@Dq@@M@QB]Fa@[MSKICYMIEy@_@C?K?C@G@A@EBM@E?KAIAEAWCGAoACMAS@G@C@EDED_AvAEFWb@INCBCBC@SBeAVGBGBEBA@C@EBEBKH}ApAOJMFMFKDKBOBMBM@Q?m@EI?aBIsAEuBI}@KYMc@Wk@k@mBqBy@_A]_@UUEGW]GGiB}BMO]We@SUGQG_@EKAEAu@IGAGAOCOEICGCICq@[m@YGCOGOGIE]SGC]Ue@g@CCe@o@[g@CEWc@CEEIMWISOYWa@_@m@MS_@o@Ye@[q@Ue@EIa@}@Sc@u@aBa@aAEKPWBIHgB@]NqCP{DFBFDFJFJRWJ]@IGY??FXAHK\SVGKGKGEGC@m@N_DHmAH{@Ho@H]x@aCL[HUPg@FQJ[v@mBx@yBh@}ATu@b@oAj@Fd@JdAHvANbAJB?JBdBRVDP?HIHMBM??BKBYDaB@]Bm@?CBgA@[Bu@HGNIJCPCXj@rA|B|@`BFJNZDPBVDnA?L@ND|ADhABJDJHJd@X|Ax@DBtAp@HDd@XfAn@d@Z|BvA\TZRLJ@EBCBABABBBB@F?D?FCFCBC@?R?j@?X@T?DBNBNLb@FLVSDCHGVONGXGJ?LANAl@HJDJBl@XvBtAFBHDr@b@JH\TZP\R^JFDDBFFZ\LLBB`@f@RXb@`@XF@@DBFDB@d@XPHA`@CTAZGb@E`@I^I^ELa@rAANCR?JARAX?^@V?VDt@DJFXJb@BHNl@FPBL@F@J?VMn@QdAU~@IZEPCTCZAPARAPA\@X@\@TFh@D\BNFTHTL^DHd@hAFNBBLP@DHJHPBDBTHP@L?NCVG`@C\APALEp@Gz@O|BALAPAP?N?NBf@@JKDOBM?QKA?C@A?A@CDABGf@SfBYjBO~@	Click to Generate
S4	45	1			3	Busk Meadow Park (S4)	S. Ali's Off Licence (S4)	Norwood and Bishopsholme Community Centre (S4)	3106	2330	wx~dItq~GM@G?oAJUBQ_AQcA[sA]kA_@_Ak@uAm@iATi@FKDENCf@KHAJCRCt@IHCJGbBgAF?LCLCPAHDFHXjALn@??Mo@YkAGIIEQ@MBMBG?cBfAKFIBu@HSBKBI@g@JOBEDGJUh@IKOOEEIKB]Bo@D_A?UDeAH}BFgABWHu@Jw@VuAX{ADOTw@\gATk@HQPe@jApAd@j@l@t@DDZh@nAlC\jAZ~@L`@Nl@Ll@F\@FH^Jt@BX@F\vEJtADf@J|A@pA?lA??EpBs@DO@M?yCN]@I?U@Y@G?oAJUBQ_AQcA[sA]kA_@_Ak@uAm@iATi@FKDENCf@KHAJCRCt@IHCJGbBgAF?LCLCPA??HDFHXjALn@Mo@YkAGIIEQ@MBMBG?cBfAKFIBu@HSBKBI@g@JOBEDGJUh@l@hAj@tA^~@\jAZrAPbAP~@TCnAKF?LA	Click to Generate
S4	15	1			3	Illusionz (S4)	MyCigara (S4)	J W Young (Butchers) Ltd (S4)	1388	1041	ab{dIv~vGRp@a@d@q@p@S\EDWVDNJb@VjABHHd@iAdA}@w@UU[e@kAgBbAuCJ[DMPg@DIFQ_@i@o@y@[a@m@u@CCK\Qn@?BCD[dAu@~Be@w@mAmBBtH@LXh@rAgEt@_CZeABE?CPo@J]BBl@t@Z`@n@x@^h@Xn@N`@Pd@L`@@JFXPENEREp@q@`@e@Sq@	Click to Generate
S4	30	1			3	Norwood and Bishopsholme Community Centre (S4)	Busk Meadow Park (S4)	Northern Perk (S4)	2493	1870	c__eI|_}G\h@LPQd@IPUj@]fAUv@ENYzAWtAKv@It@CVGfAI|BEdA?TE~@Cn@C\HJDDNNHJTi@FKDENCf@KHAJCRCt@IHCJGbBgAF?LCLCPA??HDFHXjALn@??Mo@YkAGIIEQ@MBMBG?cBfAKFIBu@HSBKBI@g@JOBEDGJUh@IKOOEEIKB]Bo@D_A?UDeAH}BFgABWHu@Jw@VuAX{ADOTw@\gATk@HQPe@f@eATe@`@}@p@}AT]Za@XYx@q@p@m@v@w@r@s@d@u@R]FMb@w@DGR_@EIe@iACCAEEGWg@Wd@gAuBTg@LTBDP\^t@DFVf@DF@DBBDJ^|@DHLPGLEHKTIPWd@[`@SPa@Ts@r@w@v@q@l@y@p@YX[`@U\q@|Aa@|@Ud@g@dAMQ]i@	Click to Generate
S4	20	1			3	Lana Pizza (S4)	Oasis Academy Fir Vale (S4)	Fir Vale Pharmacy (S4)	1970	1478	{d~dInmzGOYIOEIIOOg@TVFFDBJLBRDTJd@BHJf@DTLf@DTLl@^\PRHFXVLP@]A[AQ?IIk@AOROSN@NHj@@Z@ZA\MQYWIGQS_@]Mm@EUMg@EUKg@CIKe@EUCSGe@AMKeAGq@??E]MaAMs@Ei@Eo@Cs@@o@Bm@@MB[@O?KPaDDw@Dy@mAmA}@tD]~ARNZTp@b@TPgAu@[USOMb@KVMLSLSJk@TUJGFgGpMGLCJ?JRlB\~CVCZCp@Cp@?rABjA@f@?`A@|@?l@@v@BRDJMFG@EBI@I?UEUKg@CIKU	Click to Generate
S4	45	1			3	Scott Road Store (S4)	Masjid Noor (S4)	All Days (S4)	3206	2404	c`}dIv_|GFXAHK\SVGKGKGEGC@m@N_DHmAH{@Ho@H]x@aCL[HUPg@Rm@v@mByDcK\i@]h@xDbKw@lBKZGPQf@ITMZy@`CI\In@Iz@IlAO~CAl@QzDOpCA\IfBCHQVo@uBQi@[gA{@}Ce@{ASo@M?S@Q@UFKDEBUNULb@dC??c@eCTMTODCJETGPARAL?Rn@d@zAz@|CZfAPh@n@tBPWBIHgB@]NqCP{D@m@N_DHmAH{@Ho@H]x@aCL[HUPg@Rm@v@mBx@yBQa@aD_I_@aA^`ArD`Jy@xBw@lBSl@Qf@ITMZy@`CI\In@Iz@IlAO~CAl@FBFDFJFJRWJ]@IGY	Click to Generate
S4	60	1			3	Crushing mill, Kelham Island, Sheffield (S4)	St. James Church (S4)	All Days (S4)	6159	4619	ymzdIvg~G@V@JKDOBM?QKA?C@A?A@CDABGf@SfBYjBk@vD]nB\oBj@wDF[PoARgBFg@@CBE@A@?BA@?PJL?NCJEAKCg@?O?O@Q@Q@MN}BF{@Dq@@M@QB]Fa@[MSKICYMIEy@_@C?K?C@G@A@EBM@E?KAIAEAWCGAoACMAS@G@C@EDED_AvAEFWb@INCBCBC@SBeAVGBGBEBA@C@EBEBKH}ApAOJMFMFKDKBOBMBM@Q?m@EI?aBIsAEuBI}@KYMc@Wk@k@mBqBy@_A]_@UUEGW]GGiB}BMO]We@SUGQG_@EKAEAu@IGAGAOCOEICGCICq@[m@YGCOGOGIE]SGC]Ue@g@CCe@o@[g@CEWc@CEEIMWISOYWa@_@m@MS_@o@Ye@[q@Ue@EIa@}@Sc@u@aBa@aAEKPWBIHgB@]NqCP{DFBFDFJFJRWJ]@IGY??FXAHK\SVGKGKGEGC@m@N_DHmAH{@Ho@H]x@aCL[HUPg@Rm@v@mBx@yBQa@aD_I_@aA^`ArD`Jy@xBw@lBSl@Qf@ITMZy@`CI\In@Iz@IlAO~CAl@QzDOpCA\IfBCHQVDJ`@`At@`BRb@`@|@DHTd@Zp@Xd@^n@LR^l@V`@NXHRLVDHBDVb@BDZf@d@n@BBd@f@\TFB\RHDNFNFFBl@Xp@ZHBFBHBNDNBF@F@t@HD@J@^DPFTFd@R\VLNhB|BFFV\DFTT\^x@~@lBpBj@j@b@VXL|@JtBHrAD`BHH?l@DP?LALCNCJCJELGLGNK|AqAJIDCDCBA@ADCFCFCdAWRCBABCBCHOJNFDHDv@XJBH@F?F?H?FAFAHAHAHEHEJGJEHEFEBCDCDAJCJy@Be@Be@@c@@G?Q?k@?ICw@?]By@PeDNYFED?D?A\@X@\@TFh@D\BNFTHTL^DHd@hAFNBBLP@DHJHPBDBTHP@L?NCVG`@C\APALEp@Gz@O|BALAPAP?N?N@N	Click to Generate
S4	20	1			3	Jamia Dar Ul Uloom Qadiria Jillania Centre (S4)	Oasis Academy Fir Vale (S4)	Fir Vale Academy (S4)	1504	1128	ob~dI`tzGVTPRHFXVLPPRDDDFNRJWTc@HK@K?IEUDT?HAJ_@n@KVOSEGEEQSMQYWIGQS_@]Mm@EUMg@EUKg@CIKe@EUCSGe@AMKeAGq@??E]MaAMs@Ei@Eo@Cs@@o@Bm@@MB[@O?KPaDF@l@Jv@NFa@D_@By@BIFAFBDRD^CFBTDVTvAALCNC@AQYPHxBXO??GiBBABO@MUwAEWCUIFM@GCE^G`@w@Om@KGAQ`D?JANCZALCl@An@Br@Dn@Dh@Lr@L`AD\Fp@JdA@LFd@BRDTJd@BHJf@DTLf@DTLl@FF	Click to Generate
S4	60	1			3	Masjid Umar (S4)	Osgathorpe Park (S4)	Scott Road Store (S4)	5009	3757	ig}dIv_{GBIJGLIPEBSLm@H]FI~@bCv@pBdAjCjApCSl@Qf@ITMZy@`CI\In@Iz@IlAO~CMIGGGM_EaNe@}AmBPKAIEIQq@kA}@hBLUn@sAp@jAHPHDDNX~@b@tA^nA?FCFMNmAlAa@mAo@cBo@aBCKCIOa@ISOa@PWBKCe@KeDIkCMoCOyAOyA[aCSgBc@_Ds@uFzBiANONUP[J]Hk@@MHa@@u@@y@Au@GiAE_@Cc@EUE_@Oy@]qApCeDAECS?Y@YDWPa@t@~A`A`B\|@@B`ArCRp@j@`BHT|@nC^xA]c@ESEEEEMBq@t@Xv@h@~AgCzCKWw@{B@KdCsCp@u@LCDDDDDR\b@Vz@bAbDx@jC~@pD|@dDH`@Hb@Rd@`@v@PXRTPB`@AF?XGHCHEJOTs@HWRm@l@cBHS~@mCFS`@gAVu@~@bBFHv@lAf@v@`AbBCx@Cd@Ct@AZCfA?BCl@A\E`BCXCJ??CLILIHQ?WEeBSKCC?cAKwAOeAIe@Kk@Gc@nAUt@i@|Ay@xBw@lBSl@Qf@HNIOPg@FQJ[kAqCeAkCw@qB_AcCGHI\Ml@CRQDMHKFCH	Click to Generate
S4	20	1			3	Khan Darbar (S4)	Accelerate (S4)	Aaliyah Mosque (S4)	1717	1288	oe{dIdewGCGK[K]EOCMCMGq@Oa@Yo@JaAPEt@OA]Ke@?G@GBM?CAOKGIGCTc@dCK`AGPWp@ELKZcAtC][a@OOQkAgBt@_CZeABE?CLe@BIJ]BBl@t@Z`@n@x@^h@Xn@N`@Pd@L`@@JFXPENEREp@q@`@e@HI`@a@TSHSL_@DGHQBGNM@CFQDQJc@He@l@cDeBeAARSpCAF?D?D?DBxATCUB?CCuA?E?E?E@GRqC@SdBdAm@bDId@Kb@EPGPABAVAHCLINILKLSFURa@`@IHa@d@q@p@S\EDWVBF	Click to Generate
S4	20	1			3	National Blinds (S4)	Aaliyah Mosque (S4)	J W Young (Butchers) Ltd (S4)	1769	1327	_j{dIr{vGRT^h@Xn@N`@Pd@L`@@JFXPELE@?REp@q@`@e@HI`@a@TSHSL_@DGHQBGNM@CFQDQJc@He@l@cDeBeAARSpCAF?D?D?DBxATCUB?CCuA?E?E?E@GRqC@SdBdAm@bDId@Kb@EPGPABAVAHCLINILKLSFURa@`@IHa@d@q@p@S\EDWVK[K]o@tAy@dBkAgB][a@OOQkAgBe@w@mAmBBtH@LXh@rAgEt@_CZeABE?CPo@J]BBl@t@Z`@Zb@	Click to Generate
S4	20	1			3	Sheffield Auto Spares (S4)	Illusionz (S4)	Aaliyah Mosque (S4)	1585	1189	ug{dIz~vGUg@_@i@o@y@[a@AAk@s@CCK\Qn@?BCD[dAu@~BjAfBNP`@N\ZjAfBZd@TT|@v@hAeAIe@CIWkAKc@EOK[BIBCPENEREp@q@`@e@HI`@a@TSHSL_@DGHQBGNM@CFQDQJc@He@l@cDeBeAARSpCAF?D?D?DBxATCUB?CCuA?E?E?E@GRqC@SdBdAm@bDId@Kb@EPGPABAVAHCLINILKLSFURa@`@IHa@d@q@p@S\EDWVK[K]EOCMCMGq@Oa@CG	Click to Generate
S4	20	1			3	Attercliffe Spice (S4)	Accelerate (S4)	Aaliyah Mosque (S4)	2066	1550	ch{dIj|vGGf@Xn@N`@Pd@L`@@JFXPENEREFIh@g@`@e@HI`@a@TSHSNQJIDCF?JLFFDFZROAM?KAKAQAM@SFURa@`@IHa@d@q@p@S\EDWVK[K]o@tAy@dBkAgB][a@OOQkAgBt@_CZeABE?CLe@BIJ]BBl@t@Z`@n@x@^h@Xn@N`@Pd@L`@@JFXPENEREp@q@`@e@HI`@a@TSHSL_@DGHQBGNM@CFQDQJc@He@l@cDeBeAARSpCAF?D?D?DBxATCUB?CCuA?E?E?E@GRqC@SdBdAm@bDId@Kb@EPGPABAVAHCLINILKLSFURa@`@IHa@d@q@p@S\EDWVK[K]EOCMCMGq@Oa@Yo@Fg@	Click to Generate
S4	30	1			3	Premier Doors (S4)	J W Young (Butchers) Ltd (S4)	Aaliyah Mosque (S4)	2121	1591	ij{dId{vG\b@^h@Xn@N`@Pd@BDHZ@JFXBh@DNb@nBBHHd@iAdA}@w@UU[e@kAgB][a@OOQkAgBe@w@mAmBBtH@LXh@rAgEt@_CZeABE?CPo@J]BBl@t@Z`@n@x@^h@Xn@N`@Pd@L`@@JFXPENEREp@q@`@e@HI`@a@TSHSL_@DGHQBGNM@CFQDQJc@He@l@cDeBeAARSpCAF?D?D?DBxATCUB?CCuA?E?E?E@GRqC@SdBdAm@bDId@Kb@EPGPABAVAHCLINILKLSFURa@`@IHa@d@q@p@S\EDWVK[K]EOCMCMGq@Oa@Yo@_@i@]c@	Click to Generate
S4	20	1			3	Jamia Dar Ul Uloom Qadiria Jillania Centre (S4)	Oasis Academy Fir Vale (S4)	Fir Vale Academy (S4)	1504	1128	ec~dIlrzGLj@^\PRHFXVLPPRDDDFNRJWTc@HK@K?IEUDT?HAJ_@n@KVOSEGEEQSMQYWIGQS_@]Mm@EUMg@EUKg@CIKe@EUCSGe@AMKeAGq@??E]MaAMs@Ei@Eo@Cs@@o@Bm@@MB[@O?KPaDF@l@Jv@NFa@D_@By@BIFAFBDRD^CFBTDVTvAALCNC@AQYPHxBXO??GiBBABO@MUwAEWCUIFM@GCE^G`@w@Om@KGAQ`D?JANCZALCl@An@Br@Dn@Dh@Lr@L`AD\Fp@JdA@LFd@BRDTJd@BHJf@DTLf@DT?@	Click to Generate
S4	60	1			3	Sheffield Steel City Beer Festival 49 (S4)	St. James Church (S4)	All Days (S4)	6159	4619	unzdIdi~GI?QKA?C@A?A@CDABGf@SfBYjBO~@[vB]nB\oBj@wDXkBRgBFg@@CBE@A@?BA@?PJL?NCJEAKCg@?O?O@Q@Q@MN}BF{@Dq@@M@QB]Fa@[MSKICYMIEy@_@C?K?C@G@A@EBM@E?KAIAEAWCGAoACMAS@G@C@EDED_AvAEFWb@INCBCBC@SBeAVGBGBEBA@C@EBEBKH}ApAOJMFMFKDKBOBMBM@Q?m@EI?aBIsAEuBI}@KYMc@Wk@k@mBqBy@_A]_@UUEGW]GGiB}BMO]We@SUGQG_@EKAEAu@IGAGAOCOEICGCICq@[m@YGCOGOGIE]SGC]Ue@g@CCe@o@[g@CEWc@CEEIMWISOYWa@_@m@MS_@o@Ye@[q@Ue@EIa@}@Sc@u@aBa@aAEKPWBIHgB@]NqCP{DFBFDFJFJRWJ]@IGY??FXAHK\SVGKGKGEGC@m@N_DHmAH{@Ho@H]x@aCL[HUPg@Rm@v@mBx@yBQa@aD_I_@aA^`ArD`Jy@xBw@lBSl@Qf@ITMZy@`CI\In@Iz@IlAO~CAl@QzDOpCA\IfBCHQVDJ`@`At@`BRb@`@|@DHTd@Zp@Xd@^n@LR^l@V`@NXHRLVDHBDVb@BDZf@d@n@BBd@f@\TFB\RHDNFNFFBl@Xp@ZHBFBHBNDNBF@F@t@HD@J@^DPFTFd@R\VLNhB|BFFV\DFTT\^x@~@lBpBj@j@b@VXL|@JtBHrAD`BHH?l@DP?LALCNCJCJELGLGNK|AqAJIDCDCBA@ADCFCFCdAWRCBABCBCHOJNFDHDv@XJBH@F?F?H?FAFAHAHAHEHEJGJEHEFEBCDCDAJCJy@Be@Be@@c@@G?Q?k@?ICw@?]By@PeDNYFED?D?A\@X@\@TFh@D\BNFTHTL^DHd@hAFNBBLP@DHJHPBDBTHP@L?NCVG`@C\APALEp@Gz@O|BALAPAP?N?NBf@@JKDOBC?	Click to Generate
S4	20	1			3	Bit Of Everything (S4)	Travel & More (S4)	J W Young (Butchers) Ltd (S4)	1519	1139	{f{dI~cwG_@x@y@dBZd@TT|@v@hAeAIe@CIc@oBEOK[BIBCPENEREp@q@`@e@a@wALd@Rp@a@d@q@p@S\EDWVK[K]EOCMCMGq@Oa@Yo@_@i@]c@QU[a@m@u@CCK\Qn@?BCD[dAu@~BsAfEYi@AMCuHlAlBd@v@jAfBNP`@N\ZjAfBZd@TT|@v@hAeAIe@CIc@oBEOK[K]OZ	Click to Generate
S4	30	1			3	S. Ali's Off Licence (S4)	Busk Meadow Park (S4)	Norwood and Bishopsholme Community Centre (S4)	2530	1898	{u~dI~}~GLNPp@DEH@FFpAr@NeAR_BPeBHuA@]H}ABaADqB???mAAqAr@QXIl@OHGJGV[P[BX?PEdAAJEnACrAArAq@B]BO?oAFs@DO@M?yCN]@I?U@Y@G?oAJUBQ_AQcA[sA]kA_@_Ak@uAm@iATi@FKDENCf@KHAJCRCt@IHCJGbBgAF?LCLCPAHDFHXjALn@??Mo@YkAGIIE??Q@MBMBG?cBfAKFIBu@HSBKBI@g@JOBEDGJUh@l@hAj@tA^~@\jAZrAPbAP~@TCnAKF?XATAH?\AxCOL?NAr@EC`AI|AA\ItAQdBS~AOdAc@bCaBuAZeBQq@MO	Click to Generate
S4	20	1			3	Wood Hill Grange (S4)	Osgathorpe Park (S4)	Corner Cabin (S4)	1753	1315	qq}dIrvyGUaCQJE_@Cc@EUE_@Oy@]qApCeDAECS?Y@YDWPa@t@~A`A`B\|@@B`ArCRp@Z~@N`@HT|@nC^xA]c@ESEEEEMBq@t@Xv@h@~AgCzCKWw@{B@KdCsCp@u@LCDDDDDR\b@_@yA}@oCIUk@aBSq@aAsCAC]}@aAaBg@cAM[Q`@EVAX?XBR@DqCdD\pANx@D^DTBb@D^PKT`C	Click to Generate
S4	45	1			3	Northern General Hospital (S4)	Northern Perk (S4)	St Cuthberts (S4)	3403	2552	_o~dIdk{G???IBCFAH?FBB?R@H?F?DFJXDVPM\[JMHSL_@Ji@Fi@@i@?w@@o@Ac@AQC[E[Oa@O[MMQOOGMGY?I@MDMH}@f@aD~A_@RWNeAp@aAl@MJ]RKLSXGFKFEBIDKBY@M@s@@C?E?w@BU@CR?R?L?H?L?H@N@p@?V?t@?P@^B`C?PB|@@FBFJBdACfBED?v@GPAB?F?NHXH@?h@A\?N?JFHFFRFT?@HNJTR^JV\l@LVNVb@|@LTLTBDP\^t@DFVf@DF@DBBDJ^|@DH`@q@BG@ARYlAgCd@_AFKHUHYF]Da@\_DDm@@q@@sBAeB?]@s@Bo@Dg@DWHo@JoA@]@g@@_@@kB@uB?{@@mA?MAQAOEWMm@EUMg@EUKg@CIKUOYIOEIIOOg@Sa@aEiIUc@O]Ua@]u@GFgGpMGLCJ?JRlB\~CVCZCp@Cp@?rABjA@f@?AbAGjD?D?l@X?LFNFPNLLNZN`@DZBZ@P@b@An@?v@Ah@Gh@Kh@M^IRKL]ZQLEWKYEGG?I?SAC?ENEFM?CC?G	Click to Generate
S4	20	1			3	Wood Hill Lodge (S4)	Whiteways Primary School (S4)	Corner Cabin (S4)	2067	1550	mg}dIrqyGN`@HT|@nCVbAFTVz@bAbDx@jC~@pD|@dDH`@Hb@]f@\g@Ic@Ia@}@eD_AqDy@kCcAcDW{@_@yA}@oCIUk@aBSq@aAsCAC]}@aAaBu@_BQ`@EVAX?XBR@DqCdD\pANx@D^DTBb@D^PKT`CVxCBFD@EACGm@{GQJE_@Cc@EUE_@Oy@]qApCeDAECS?Y@YDWPa@LZf@bA`A`B\|@@B`ArCRp@Z~@	Click to Generate
S4	30	1			3	Whiteways Primary School (S4)	Osgathorpe Park (S4)	Corner Cabin (S4)	2794	2096	ye}dIjuyGY_AIUk@aBSq@aAsCAC]}@aAaBu@_BQ`@EVAX?XBR@DqCdD\pANx@D^DTBb@D^PKT`CVxCBFD@EACGm@{GQJE_@Cc@EUE_@Oy@]qApCeDAECS?Y@YDWPa@t@~A`A`B\|@@B`ArCRp@j@`BHT|@nC^xA]c@ESEEEEMBq@t@Xv@h@~AgCzCKWw@{B@KdCsCp@u@LCDDDDDR\b@_@yA}@oCIUk@aBSq@aAsCAC]}@aAaBu@_BUk@M[Qk@Mk@Ky@OcAM}@OeAT_@Pd@n@fBVl@Rh@n@zAa@pASl@LZf@bA`A`B\|@@B`ArCRp@j@`BHTX~@	Click to Generate
S4	20	1			3	Wood Hill Grange (S4)	Whiteways Primary School (S4)	Osgathorpe Park (S4)	1873	1405	}c}dI~yyGWcA}@oCIUOa@[_ASq@aAsCAC]}@aAaBu@_BQ`@EVAX?XBR@DqCdD\pANx@D^DTBb@D^PKT`CVxCBFD@EACGm@{GQJE_@Cc@EUE_@Oy@]qApCeDAECS?Y@YDWPa@t@~A`A`B\|@@B`ArCRp@j@`BHT|@nC^xA]c@ESEEEEMBq@t@Xv@h@~AgCzCKWw@{B@KdCsCp@u@LCDDDDDR\b@GU	Click to Generate
S4	30	1			3	Lana Pizza (S4)	Masjid Umar (S4)	St Cuthberts (S4)	2310	1732	i{}dIl`{GNIBABEFOcA{BQ]AEQ_@QWOSEGEEQS@]A[AQ?IIk@AOROSN@NHj@@Z@ZA\PRDDDFNRPVP^@DP\bAzBfA~B`BpD`@hARj@N`@HRN`@BHBJn@`Bn@bB`@lAlAmALOBG?G_@oAc@uAY_AEOIEIQq@kA}@hBLUn@sAp@jAHPHDDNX~@b@tA^nA?FCFMNmAlAa@mAo@cBo@aBCKCIOa@ISOa@Sk@a@iAaBqDgA_CcA{BQ]AEQ_@QWOSEGEEQSMQYWIGQS_@]Mm@EUMg@EUKg@CIKUOYIOEIIOOg@TVFFDBJLBRDTJd@BHJf@DTLf@DTLl@^\PRHFXVLPPRDDDFNRPVP^@DP\bAzBGNCDC@OH	Click to Generate
S4	20	1			3	Traditional Therapy (S4)	Aaliyah Mosque (S4)	Accelerate (S4)	1948	1461	ud{dI~cwG??EDWVK[K]EOCMCMGq@Oa@Yo@_@i@o@y@d@_CPL\TH]^Tc@dCCXGf@Xn@N`@Pd@L`@@JFXPENEREp@q@`@e@HI`@a@TSHSL_@DGHQBGNM@CFQDQJc@He@l@cDeBeAARSpCAF?D?D?DBxATCUB?CCuA?E?E?E@GRqC@SdBdAm@bDId@Kb@EPGPABAVAHCLINILKLSFURa@`@IHa@d@q@p@S\EDWVK[K]o@tAy@dBkAgB][a@OOQkAgBt@_CZeABE?CLe@BIJ]BBl@t@Z`@n@x@^h@Xn@N`@Pd@L`@@JFXPENERES\	Click to Generate
