Postcode	Duration (min)	Route Index	Name	Description	Waypoint Count	Waypoint 1	Waypoint 2	Waypoint 3	Distance (m)	Duration (sec)	Polyline	Generate Polyline
S25	60	1			2	Two Dinners Ignatiu (S25)	Freddy (S25)		5607	4205	wvceItpqG@m@p@Av@DXBf@XPBNE??jCqBH[LqD?{ABaAD[FuAAy@KoA_@kBGe@U{A{@uFg@}CUyAEWEOOYDMFU@G@EDSHY@]?QAQESZYBAPOJKLQPSNUHM`@s@d@s@Ze@X[RWPSLUHMj@cABKBOPLLLt@z@RVDFj@r@j@t@JNr@|@h@t@b@j@FH\b@PNRLTHG`@Gf@E`@AV?R@b@BVHZHTDFJNJJ|@h@|@f@NHf@`@b@b@HJVXPXBBLRZh@Vh@P^P`@Nf@Nh@Nh@Ln@Hj@Hl@B\@PB`@@L?R?V?`@Cd@Cb@Gp@CJIj@EVGTERGRUn@S^S^SX_@b@u@x@SVGFIJGNEPAN?R@NBT@F@HJt@F\TbBFZFTFJl@z@PVBJF\Dd@@h@@~A@jAAZAVCZADEj@Ix@OxAKjAKbAKlAOtAE`@E`@G^KXSl@[x@g@xAM^KZQz@I\Qt@W]SUCEg@c@e@e@s@g@wBwAwDcCaD{B_Ai@y@[GCMGkCkAc@WMKCAk@e@MK{CkDoGwHWMoCs@GCwCy@i@KqCYFuA?g@?SLmCDw@N{@Jg@Zm@BC\g@NOPI`@GLCTEj@OPKLQp@iBRs@j@yAhAgCdAaCdAyBhByBhAyAr@gANi@PwAJi@Le@JYHSPUb@_@RQFKJMHULa@NXDNDVTxAf@|Cz@tFTzAFd@^jBJnA@x@GtAEZG`@GTWlBYdAo@bAcAr@g@FgBLa@FINCR?VAl@	Click to Generate
S25	45	1			2	Mint Nail (S25)	Sainsbury's (S25)		3293	2470	}l_eIxirGb@jAT]T[T]T[V]T]CGQc@Qc@Qe@Qe@Qc@Qc@Qg@BUpBwCBK@A@O@MCYKOIOKMOSOOMM_@YGCMGQIGAYCWEWAO?G@E@c@FMDQHEBGBMHSNSNWTEDa@ZUR]b@Q^Wf@Qf@Of@EXGVKt@AJ@N@LDJ?@HLnBRFBBD@D?D?D?B?RAFE@QAwAOCBAF?F?DBFR@ZDZBZDP@B@@B@JMzEAZt@pB??SZ}@_C@m@NkF[E[C[ESACG?E?G@GBCvANFCBE?I?GACCCC?eBSKAGCGKIMGQAW@O@OHi@F]?E@EDQLi@DMLYJU@EHORc@PWRULMHKNMNO^YROZQFELGTGREVGDAFAH?P?`@@P@D@VDXFHDJF\TLJLNLPNPVd@NZNZVh@f@nAJRJL@BDBDFNHNDF@DBHEH?D?JEHGJINUBU?G?KEc@?IA]CGl@{@Rb@??@An@eA@O?K?EEMaArAm@z@BFNRJJBDB@B@F@D?JCr@aA`@g@DKPQ@IDQDKFIFGDAFAD?D@HBFFFHDLBJBJ?L?L?LCJCJEJEHGFEBGBI?GAOB_@J_@NUNURY\GJIHABSXGRITEJAHBZ@VCLCNEJGHGHGBIBIAGAIEEEEGCGEIAICKAYM_@So@EKcAyBQ_@GFKPEFSZ}A|BK@a@M?h@Ap@EbAC|@CbAC~@LZ	Click to Generate
S25	20	1			2	Shirefreen News 'n' Booze (S25)	Beck Primary School (S25)		1820	1365	{}ceIjvwG`@sABGf@hAC\Ch@Gf@I|@Mt@DH@F@JBf@Hd@H`@DNFNb@l@x@jASfAUxAOrAKfAOjBGdAEtACl@ClAZ@??[A?JCjA?zB@dB@b@?h@Bp@[n@FFFHJB^B|@@`@Gd@K~@W?J?JANG\NvA??OwAF]@O?K?K_AVe@Ja@F}@A_@CKCGIGGZo@Cq@?i@Ac@AeB?{BBkA?KBmABm@DuAFeANkBJgANsATyARgAy@kAc@m@GOEOIa@Ie@Cg@AKAGEILu@H}@Fg@Bi@B]g@iACFa@rA	Click to Generate
S25	45	1			2	American Golf (S25)	Madani Education Centre (S25)		3748	2811	oe_eIxoqGXv@JKJAJ?HFFJLXn@zAd@nABFNRJJBDB@B@F@D?JCr@aA`@g@DKPQ@IM}@GYM[GKQWQSUWaB_Bg@g@oAkA]]KMk@y@MSM]K]I[G[EMUk@a@[SUOa@Mg@Go@Cg@?_@@]@UBQDSJa@Ve@Ra@d@k@ZWNE^CP@R@ZR\ZVl@Jh@Ff@@H@fAAVC^@dAFl@Jh@Vd@X\CVK\EJIDG@[Hk@Xk@ZEY`@UQJOHDXj@[j@YZIFAHEDKJ]_@_@S]OYKISGSAU@_@b@WPWJ[BG?QEQGa@[SUOa@Mg@Go@Cg@Mi@KYKSYUi@Mc@GMKMMUIOIWSIISYKMa@k@Ye@a@y@EGa@{@m@mANUjAgBJOnA_B|AuB`ByBjAfDNh@BHVt@\dAd@fA`@r@DHI`@E\CV?V@H@RFRLZBFV\P@R@ZR\ZVl@Jh@Ff@@H@fAAVC^Ot@Un@c@h@_@b@Oh@EPCPAT?TBd@Lh@R^NTHFz@v@XXl@l@d@f@f@d@`@d@JLPPJLf@j@`@d@FFT\HBFFFHDLBJBJ?L?L?LCJCJEJEHGFEBGBI?GAOB_@J_@NUNURY\GJIHABSXGRITEJAHBZ@VCLCNEJGHGHGBIBIAGAIEEEEGCGEIAICKAY@O@QBMFMDKHGHEH?D?JEHGJINUBU?G?KEc@?IA]CGe@oAo@{AMYGKIGK?K@KJYw@	Click to Generate
S25	45	1			2	White Stuff (S25)	Jump Inc (S25)		3365	2524	_u_eIlqrG??SZ}@_C@m@NkF[E[C[ESACG?E?G@GBCvANFCBE?I?GACCCC?eBSKAGCGKIMGQAW@O@OHi@F]?E@EDQLi@DMLYJU@EHORc@PWRULMHKNMNO^YROZQFELGTGREVGDAFAH?P?`@@P@D@VDXFHDJF\TLJLNLPNPVd@NZNZENCLGFKPEFSZ}A|BK@a@M?h@Ap@EbAC|@CbA?RCj@p@fBT]T[T]T[V]T]CGQc@Qc@Qe@Qe@Qc@Qc@Qg@BUpBwCDEJOFGFIHEVh@f@nAJRJL@BDBDFNHNDF@DBHEH?D?JEHGJINUBU?G?KEc@?IA]CGe@oAINMN}@cC\~@^bALOHOd@nABFNRJJBDB@B@F@D?JCr@aA`@g@DKPQ@IDQDKFIFGDAFAD?D@HBFFFHDLBJBJ?L?L?LCJCJEJEHGFEBGBI?GAOB_@J_@NUNURY\GJIHABSXGRITEJAHBZ@VCLCNEJGHGHGBIBIAGAIEEEEGCGEIAICKAYM_@So@EKcAyBQ_@GMSg@KOIOKMOSOOMM_@YGCMGQIGAYCWEWAO?G@E@c@FMDQHEBGBMHSNSNWTEDa@ZUR]b@Q^Wf@Qf@Of@EXGVKt@AJ@N@LDJ?@HLnBRFBBD@D?D?D?B?RAFE@QAwAOCBAF?F?DBFR@ZDZBZDP@B@@B@JMzEAZt@pB	Click to Generate
S25	20	1			2	St Thomas (S25)	Kimberworth Community Primary School (S25)		1637	1228	adceIhmoGMOMMQMCNCJk@bAIL}@wCGQNKV[EDQTOJFP|@vCHMj@cABKBO?MAOCWGu@K}@EWKi@GS]sAKi@G]GYGm@Gm@Ci@Ae@@c@Be@Hg@Hc@Rs@N_@DMNc@Vi@HQHSDSBM@QHk@t@t@NLF@FCDGXmBN}@BKBEF@TLTN\T@FO~@Mz@GDG?IEEEAE?G^eCD[@E@SAKKMUCQE]SKEC?G?ICc@YCPO`AK~@MlACRIj@APCLERIRIPWh@Ob@ELO^Sr@Ib@If@Cd@Ab@@d@Bh@Fl@Fl@FXF\Jh@\rAFRJh@DVJ|@Ft@BV@N?LPLLLLN	Click to Generate
S25	45	1			2	Charles Clinkard (S25)	Jump Inc (S25)		3365	2524	_u_eIlqrG??SZ}@_C@m@NkF[E[C[ESACG?E?G@GBCvANFCBE?I?GACCCC?eBSKAGCGKIMGQAW@O@OHi@F]?E@EDQLi@DMLYJU@EHORc@PWRULMHKNMNO^YROZQFELGTGREVGDAFAH?P?`@@P@D@VDXFHDJF\TLJLNLPNPVd@NZNZENCLGFKPEFSZ}A|BK@a@M?h@Ap@EbAC|@CbAC~@??p@fBT]T[T]T[V]T]CGQc@Qc@Qe@Qe@Qc@Qc@Qg@BUpBwCDEJOFGFIHEVh@f@nAJRJL@BDBDFNHNDF@DBHEH?D?JEHGJINUBU?G?KEc@?IA]CGe@oAINMN}@cC\~@^bALOHOd@nABFNRJJBDB@B@F@D?JCr@aA`@g@DKPQ@IDQDKFIFGDAFAD?D@HBFFFHDLBJBJ?L?L?LCJCJEJEHGFEBGBI?GAOB_@J_@NUNURY\GJIHABSXGRITEJAHBZ@VCLCNEJGHGHGBIBIAGAIEEEEGCGEIAICKAYM_@So@EKcAyBQ_@GMSg@KOIOKMOSOOMM_@YGCMGQIGAYCWEWAO?G@E@c@FMDQHEBGBMHSNSNWTEDa@ZUR]b@Q^Wf@Qf@Of@EXGVKt@AJ@N@LDJ?@HLnBRFBBD@D?D?D?B?RAFE@QAwAOCBAF?F?DBFR@ZDZBZDP@B@@B@JMzEAZt@pB	Click to Generate
S25	30	1			2	The Cruise Holiday Shop (S25)	Northern Trains (S25)		2480	1860	gm_eIrgrGCh@p@fB??T]T[T]T[V]T]CGQc@Qc@Qe@Qe@Qc@Qc@Qg@BUpBwCBK@A@O@MCYKOIOKMOSOOMM_@YGCMGQIGAYCWEWAO?G@E@c@FMDQHEBGBMHSNSNWTEDa@ZUR]b@Q^Wf@Qf@Of@EXGVKt@AJG~@C`A?JAvG?LAt@@P?J?^ATABEVo@~@GJKRILKNEPADEJBHAHCn@?t@@p@DZt@lALVRXBBBDB?B?DEHOP_@x@gBgAsBuAkAGEUQk@g@GEOKO[EGCICICGA[?S?I@I@KDSXUDEVOlAi@T[@ABMDU@{@?uC@c@@g@@SBg@@O@OHi@F]?E@EDQLi@DMLYJU@EHORc@PWRULMHKNMNO^YROZQFELGTGREVGDAFAH?P?`@@P@D@VDXFHDJF\TLJLNLPNPVd@NZNZENCLGFKPEFSZ}A|BK@a@M?h@Ap@EbAC|@CbA?T	Click to Generate
S25	30	1			2	Townhouse (S25)	Jump Inc (S25)		2925	2194	_u_eIlqrG??SZ}@_C@m@NkFP@B@@B@JEnAGjC[C[C[E[CQCLkFCG?E?G@GBCvANFCBE?I?GACCCC?eBSKAGCGKIMGQAW@O@OHi@F]?E@EDQLi@DMLYJU@EHORc@PWRULMHKNMNO^YROZQFELGTGREVGDAFAH?P?`@@P@D@VDXFHDJF\TLJLNLPNPVd@NZNZVh@f@nAJRJL@BDBDFNHNDF@DBHEH?D?JEHGJINUBU?G?KEc@?IA]CGe@oAINMN}@cC\~@^bALOHOd@nABFNRJJBDB@B@F@D?JCr@aA`@g@DKPQ@IDQDKFIFGDAFAD?D@HBFFFHDLBJBJ?L?L?LCJCJEJEHGFEBGBI?GAOB_@J_@NUNURY\GJIHABSXGRITEJAHBZ@VCLCNEJGHGHGBIBIAGAIEEEEGCGEIAICKAYM_@So@EKcAyBQ_@GMSg@KOIOKMOSOOMM_@YGCMGQIGAYCWEWAO?G@E@c@FMDQHEBGBMHSNSNWTEDa@ZUR]b@Q^Wf@Qf@Of@EXGVKt@AJ@N@LDJ?@HLnBRFBBD@D?D?D?B?RAFE@QAwAOCBAF?F?DBFR@ZDZBZDP@B@@B@JMzEAZt@pB	Click to Generate
S25	30	1			2	Shirefreen News 'n' Booze (S25)	Hartley Brook Road Post Office (S25)		2196	1647	ctceI~oyGOwAF]@O?K?K_AVe@Ja@F}@A_@CKCGIGGZo@Cq@?i@Ac@AeB?{BBkA?KZ@??[A?JCjA?zB@dB@b@?h@Bp@[n@Q^Qb@K`@Ib@Kf@Ed@AXCXAl@@n@@d@D`@F^DRLh@Rj@Rj@Th@RZDF\f@Z\`@\b@NZL`AR`AFn@@rBA^AT?bAAXAT?d@@r@Fv@Jv@Pr@Pp@TT}ADW@EBADAbAj@Iv@QjAo@]OGOIq@Us@Qw@Qw@Ks@Ge@ACSGQKSe@cA]{@_@cAWy@Qq@Me@SaAUkAQmAEYMiAKcAGaAEu@wA^_@L?J?JANG\NvA	Click to Generate
S25	30	1			2	Beck Primary School (S25)	Shiregreen Medical Centre (S25)		2881	2161	i|beIrgzG??KJGNEPOGOIq@Us@Qw@Qw@Ks@Ge@ACSGQKSe@cA]{@_@cAWy@Qq@Me@SaAUkAQmAEYMiAKcAGaAEu@wA^_@L?J?JANG\NvA??OwAF]@O?K?K^MvA_@Cg@E_AAw@Ac@@e@?W?WFCAe@?G?YAS?M@g@?SBi@D}ABe@Bi@Hk@N{@R}@Tu@Vi@JSd@y@P[HU@QAQXKXK`@ONGx@Ul@M\GLAd@E`@@XFPHvAn@rAp@h@VPHPLNLJJPBLBPF\PjB~@`Ah@B@HD|Az@d@Rf@Tj@TZHNDv@PD@AT]nFWbFcDc@y@Im@Ga@CM@C@EFgAgAMK]]CAGEMGMAc@@M??R?xB?V@bA?nC?L?l@Cd@C`@Er@IdAM`BGf@I|@Iv@MtA[lDUvBANIv@KEK?OD	Click to Generate
S25	60	1			2	Sci-Tek Snack Shack (S25)	Kelford School (S25)		11231	8423	}paeIxxlGWFSDWJMZUHQ?[@_@AMCkAa@m@MCOAOAe@OsGAYCSOs@EKEGGCEAQHOL]d@KLKDIBC?SBGHIl@C^EVeAjBMRu@pA[j@U`@aA~AYd@u@nAQX_@h@k@h@MLOPILWe@ESCO?CA]?QBcE?Y@yA@wB?W@[?G?_A@eBBkB?K?c@B}B@qA?yA@wABiA?S@kA@g@?EAq@AoAC{@GoA?]Ba@Jy@f@sELcAv@eHRiBDg@?}@?g@?wA?O?_BAaACo@Ce@E_@Iy@Gg@E]EWEm@CUAa@EmAGm@AQAo@?S?k@?g@NBr@DbADL@xAJnB?pBBd@AtAWdI}CtAi@PQHOBQBOHOHKJGLCJ@JDJJHLDRDR@VF^N|@VdAFVPx@b@~@Xr@RRJHVNH@DBHPBNAT?@?V@RJn@Nl@Nr@B\FPDRb@|AJr@b@nCZpBBTr@zE^dCf@|CP~@Pl@Vv@Xp@\h@^d@TVjAdAp@h@XHD@TFHAD?JFDFDR@N?JETILGDE@EAKHC@KLEDIRoApBcAzAuAjB\xAR~@@~@A`B@z@Dp@Jr@Lp@X|@Lb@DLVpARdALhAHfADbA@t@@V?`ACt@MfA?HAn@BfA@z@RvL@|@ZxQ[yQ?EAw@SwLA{@CgA@o@?ILgABu@?aAAWAu@EcAIgAMiASeAWqAEMMc@Y}@Mq@Ks@Eq@A{@@aBA_AS_A]yAtAkBbA{AnAqBHS@KBU?C@]AOK_@ACQc@q@i@kAeAUW_@e@]i@Yq@Ww@Qm@Q_Ag@}C_@eCs@{ECU[qBc@oCKs@c@}AESGQIUK[IUYcAKSU[CCGMCOCk@GWMg@Ys@c@_A[i@]m@UUw@g@KCIEc@S]Ea@?e@LeIdDeBd@uAV_@BK@qAF}AAaBKWJMJIJEFCFGPKd@?FDlA@`@BTDl@DVD\Ff@Hx@D^Bd@Bn@@`A?~A?N?vA?f@?|@Ef@ShBw@dHMbAg@rEKx@C`@?\FnABz@@nA@p@?DAf@AjA?RChAAvA?xAApAC|B?b@?JCjBAdB?~@?FAZ?VAvBAxA?XCbE?P@\?BBNDRVd@MZQp@b@b@bA`A\^j@x@FHnA`C`@t@l@nAf@vAN`@Pf@HTXx@`@nAZ~@BLPj@^|A?DHl@BNDVFp@HtAFtADtAFxBB`@eAHECqByBGNEDIBGAEIEHK\_@vAAH?JDVDNB@@B@D?@@BAD?DCBA@C@CACCAC?EAE@E@CBC@AB?EOEW?K@I^wAJ]DIAI?KFWTTHHpBxBDBdAICa@GyBEuAGuAIuAGq@EWCOIm@?E_@}AQk@CM[_Aa@oAYy@IUQg@Oa@g@wAm@oAa@u@oAaCGIk@y@]_@cAaAc@c@Pq@L[HMNQLMj@i@^i@PYt@oAXe@`A_BTa@Zk@t@qALSdAkBDWB_@Hm@FIRCB?HCJEJM\e@NMPID@FBDFDJNr@BR@XNrG@d@@NBNl@LjA`@LB^@ZAP?TIL[VKREVG	Click to Generate
S25	30	1			2	Blackburn Primary School (S25)	Csk Motors (S25)		2384	1788	y{beIlftGKj@@PDLNRHLRc@FW|@l@DMDSN_@j@eA??k@dAO^EREL}@m@@S@IB_A?O?o@Bo@Do@Fc@Hi@Fk@Fs@Ba@Be@Bg@?G@s@?m@@k@@m@D_AJ{@Jw@@KZcBBDRTV\PTPTBBh@z@NVl@jAXt@Xv@ZbAr@zBNf@v@nCNl@h@_@BC`@U|BgAdAe@pCmAKQYMw@_@ECGIFHDBv@^XLJP}BbASHeAd@}BfAa@TCBi@^Om@w@oCOg@s@{B[cAYw@Yu@m@kAOWi@{@CCQUQUW]SUCE[bBAJKv@Kz@E~@Al@Aj@?l@Ar@?FCf@Cd@C`@Gr@Gj@Ih@Gb@En@Cn@?n@?NC~@AHARGVSb@IMOSEMAQJk@	Click to Generate
S25	30	1			2	Blackburn Youth Club (S25)	Csk Motors (S25)		2284	1713	avbeIdetGk@dAO^EREL}@m@@S@IB_A?O?o@Bo@Do@Fc@Hi@Fk@Fs@Ba@Be@Bg@XAJ???K?Y@?G@s@?m@@k@@m@D_AJ{@Jw@@KZcBBDRTV\PTPTBBh@z@NVl@jAXt@Xv@ZbAr@zBNf@v@nCNl@h@_@BC`@U|BgAdAe@pCmAKQYMw@_@ECGIFHDBv@^XLJP}BbASHeAd@}BfAa@TCBi@^Om@w@oCOg@s@{B[cAYw@Yu@m@kAOWi@{@CCQUQUW]SUCE[bBAJKv@Kz@E~@Al@Aj@?l@Ar@?FCf@Cd@C`@Gr@Gj@Ih@Gb@En@Cn@?n@?NC~@AHAR|@l@DMDSN_@j@eA	Click to Generate
S25	30	1			2	Blackburn Primary School (S25)	Csk Motors (S25)		2283	1712	awbeI`wsGK?Y@Cf@Cd@C`@Gr@Gj@Ih@Gb@En@Cn@?n@?NC~@AHAR|@l@DMDSN_@j@eA??k@dAO^EREL}@m@@S@IB_A?O?o@Bo@Do@Fc@Hi@Fk@Fs@Ba@Be@Bg@?G@s@?m@@k@@m@D_AJ{@Jw@@KZcBBDRTV\PTPTBBh@z@NVl@jAXt@Xv@ZbAr@zBNf@v@nCNl@h@_@BC`@U|BgAdAe@pCmAKQYMw@_@ECGIFHDBv@^XLJP}BbASHeAd@}BfAa@TCBi@^Om@w@oCOg@s@{B[cAYw@Yu@m@kAOWi@{@CCQUQUW]SUCE[bBAJKv@Kz@E~@Al@Aj@?l@Ar@?FXAJ?	Click to Generate
S25	60	1			2	Two Dinners Ignatiu (S25)	Freddy (S25)		5576	4182	skceI~kqGGTkCpB??ODQCg@YYCw@Eq@@?WBSHO`@GfBMf@GbAs@n@cAXeAVmBFUFa@D[FuAAy@KoA_@kBGe@U{A{@uFg@}CUyAEWEOOYDMFU@G@EDSHY@]?QAQESZYBAPOJKLQPSNUHM`@s@d@s@Ze@X[RWPSLUHMj@cABKBOPLLLt@z@RVDFj@r@j@t@JNr@|@h@t@b@j@FH\b@PNRLTHG`@Gf@E`@AV?R@b@BVHZHTDFJNJJ|@h@|@f@NHf@`@b@b@HJVXPXBBLRZh@Vh@P^P`@Nf@Nh@Nh@Ln@Hj@Hl@B\@PB`@@L?R?V?`@Cd@Cb@Gp@CJIj@EVGTERGRUn@S^S^SX_@b@u@x@SVGFIJGNEPAN?R@NBT@F@HJt@F\TbBFZFTFJl@z@PVBJF\Dd@@h@@~A@jAAZAVCZADEj@Ix@OxAKjAKbAKlAOtAE`@E`@G^KXSl@[x@g@xAM^KZQz@I\Qt@W]SUCEg@c@e@e@s@g@wBwAwDcCaD{B_Ai@y@[GCMGkCkAc@WMKCAk@e@MK{CkDoGwHWMoCs@GCwCy@i@KqCYFuA?g@?SLmCDw@N{@Jg@Zm@BC\g@NOPI`@GLCTEj@OPKLQp@iBRs@j@yAhAgCdAaCdAyBhByBhAyAr@gANi@PwAJi@Le@JYHSPUb@_@RQFKJMHULa@NXDNDVTxAf@|Cz@tFTzAFd@^jBJnA@x@GtAEZC`A?zAMpDAD	Click to Generate
S25	20	1			2	AllSaints (S25)	Northern Trains (S25)		1673	1255	ev_eInfrGMnEAZt@pB??SZ}@_C@m@NkF[E[C[ESACG?E?G@GBCvANFCBE?I?GACCCC?eBSIDA@EDGNEP?JAvG?LAt@@P?J?^ATABEVo@~@GJKRILKNEPADEJBHAHCn@?t@@p@DZt@lALVRXBBBDB?B?DEHOP_@x@gBgAsBuAkAGEUQk@g@GEOKO[EGCICICGA[?S?I@I@KDSXUDEVOlAi@T[@ABMDU@{@?uCJe@@QDOHGFEHAH@nBRFBBD@D?D?D?B?RAFE@QAwAOCBAF?F?DBFR@ZDZBZDP@B@@B@J?J	Click to Generate
S25	45	1			2	Superdry (S25)	Sainsbury's (S25)		3204	2403	iv_eI|grGI`D[C[C[E[CQCLkFCG?E?G@GBCvANFCBE?I?GACCCC?eBSKAGCGKIMGQAW@O@OHi@F]?E@EDQLi@DMLYJU@EHORc@PWRULMHKNMNO^YROZQFELGTGREVGDAFAH?P?`@@P@D@VDXFHDJF\TLJLNLPNPVd@NZNZENCLGFKPEFSZ}A|BK@a@M?h@Ap@EbAC|@CbAC~@h@vAFNT]T[T]T[V]T]CGQc@Qc@Qe@Qe@Qc@Qc@Qg@BUpBwCDEJOFGFIHEVh@f@nAJRJL@BDBDFNHNDF@DBHEH?D?JEHGJINUBU?G?KEc@?IA]CGl@{@Rb@??@An@eA@O?K?EEMaArAm@z@BFNRJJBDB@B@F@D?JCr@aA`@g@DKPQ@IDQDKFIFGDAFAD?D@HBFFFHDLBJBJ?L?L?LCJCJEJEHGFEBGBI?GAOB_@J_@NUNURY\GJIHABSXGRITEJAHBZ@VCLCNEJGHGHGBIBIAGAIEEEEGCGEIAICKAYM_@So@EKcAyBQ_@GMSg@KOIOKMOSOOMM_@YGCMGQIGAYCWEWAO?G@E@c@FMDQHEBGBMHSNSNWTEDa@ZUR]b@Q^Wf@Qf@Of@EXGVKt@AJ@N@LDJ?@HLnBRFBBD@D?D?D?B?RAFE@QAwAOCBAF?F?DBFR@ZDZBZDP@B@@B@JCx@	Click to Generate
S25	45	1			2	Barbour (S25)	Northern Trains (S25)		3217	2413	km_eI|hrG??p@fBT]T[T]T[V]T]CGQc@Qc@Qe@Qe@Qc@Qc@Qg@BUpBwCBK@A@O@MCYKOIOKMOSOOMM_@YGCMGQIGAYCWEWAO?G@E@c@FMDQHEBGBMHSNSNWTEDa@ZUR]b@Q^Wf@Qf@Of@EXGVKt@AJ@N@LDJ?@HLnBRFBBD@D?D?D?B?RAFE@QAwAOCBAF?F?DBFR@ZDZBZDP@B@@B@JMzEAZt@pB??SZ}@_C@m@NkF[E[C[ESACG?E?G@GBCvANFCBE?I?GACCCC?eBSIDA@EDGNEP?JAvG?LAt@@P?J?^ATABEVo@~@GJKRILKNEPADEJBHAHCn@?t@@p@DZt@lALVRXBBBDB?B?DEHOP_@x@gBgAsBuAkAGEUQk@g@GEOKO[EGCICICGA[?S?I@I@KDSXUDEVOlAi@T[@ABMDU@{@?uC@c@@g@@SBg@@O@OHi@F]?E@EDQLi@DMLYJU@EHORc@PWRULMHKNMNO^YROZQFELGTGREVGDAFAH?P?`@@P@D@VDXFHDJF\TLJLNLPNPVd@NZNZENCLGFKPEFSZ}A|BK@a@M?h@Ap@EbAC|@CbAC~@	Click to Generate
S25	20	1			2	St Lawrence Church (S25)	Tinsley Sports and Social Club (S25)		1761	1321	qz~dIhjoG`ByAIQAEEGCEKIOC@_@?SBODMr@}ADGFEHAH?NJLFHBFAFdABHDBB@CAECCIGeAG@ICMGOKI?I@GDEFs@|AEL?BCJ?RA^NBJHBDDF@DHPRp@BHHXFVRp@HZbC{BRQd@e@X]T]N]Pc@DQFWF_@@Ib@qDLeAPyAX}BBOD_@D]Ju@MAIAG@}A|@OFM???L?NG|A}@FAH@L@Kt@E\E^CNY|BQxAMdAc@pDAHG^GVEPQb@O\U\Y\e@d@SPcCzB_Ax@GFq@l@q@r@G]Kq@G_@Oy@Ie@v@u@	Click to Generate
S25	20	1			2	Tinsley Meadows Primary School (S25)	SNB Meat Supplier (S25)		1918	1438	{t_eIxeoG?LJdBPGXjEbC`HjAfDNh@tAmBq@qBM@KDCDOa@??N`@BEJELAp@pBuAlBZ~@\dAd@fA`@r@DH\s@NYT]\i@Pa@DMlAwDHOl@aAt@iAZg@V[f@k@TWG]Kq@Z_@??[^Jp@F\UVg@j@WZ[f@u@hAm@`AINmAvDELQ`@]h@U\OX]r@EIa@s@e@gA]eA[_AOi@kAgDcCaHYkEQFKeB?M	Click to Generate
S25	20	1			2	Suzy (S25)	Yazier (S25)		1779	1334	a_deIxfrG~CtD`AfAxAbBLJj@d@PLb@VjCjALFFBAf@B\H\Lf@Jx@??RpAPv@b@x@Rv@XhAZdAZpANz@JbCGVKGw@}By@yA}@cAKIMAIHEHGXAkA[q@gAm@aAIsAqAo@g@yAw@c@eA_@m@s@aBiBqDu@qBAi@DMBIAg@Ka@k@s@g@gAcBeBGW?g@@_AnCr@VLnB`C	Click to Generate
S25	20	1			2	Blackburn Primary School (S25)	Blackburn Youth Club (S25)		2006	1504	a`beIf{sGSHeAd@}BfAa@TCBi@^Om@w@oCOg@s@{B[cAYw@Yu@m@kAOWi@{@CCQUQUW]SUCE[bBAJKv@Kz@E~@Al@Aj@?l@Ar@?FCf@Cd@C`@Gr@Gj@Ih@Gb@En@Cn@?n@?NC~@AHAR|@l@DMDSN_@j@eA??k@dAO^EREL}@m@@S@IB_A?O?o@Bo@Do@Fc@Hi@Fk@Fs@Ba@Be@Bg@XAJ???K?Y@?G@s@?m@@k@@m@D_AJ{@Jw@@KZcBBDRTV\PTPTBBh@z@NVl@jAXt@Xv@ZbAr@zBNf@v@nCNl@h@_@BC`@U|BgAdAe@RI	Click to Generate
S25	45	1			2	Mint Nail (S25)	Sainsbury's (S25)		3293	2470	km_eI|hrG??p@fBT]T[T]T[V]T]CGQc@Qc@Qe@Qe@Qc@Qc@Qg@BUpBwCBK@A@O@MCYKOIOKMOSOOMM_@YGCMGQIGAYCWEWAO?G@E@c@FMDQHEBGBMHSNSNWTEDa@ZUR]b@Q^Wf@Qf@Of@EXGVKt@AJ@N@LDJ?@HLnBRFBBD@D?D?D?B?RAFE@QAwAOCBAF?F?DBFR@ZDZBZDP@B@@B@JMzEAZt@pB??SZ}@_C@m@NkF[E[C[ESACG?E?G@GBCvANFCBE?I?GACCCC?eBSKAGCGKIMGQAW@O@OHi@F]?E@EDQLi@DMLYJU@EHORc@PWRULMHKNMNO^YROZQFELGTGREVGDAFAH?P?`@@P@D@VDXFHDJF\TLJLNLPNPVd@NZNZVh@f@nAJRJL@BDBDFNHNDF@DBHEH?D?JEHGJINUBU?G?KEc@?IA]CGl@{@Rb@??@An@eA@O?K?EEMaArAm@z@BFNRJJBDB@B@F@D?JCr@aA`@g@DKPQ@IDQDKFIFGDAFAD?D@HBFFFHDLBJBJ?L?L?LCJCJEJEHGFEBGBI?GAOB_@J_@NUNURY\GJIHABSXGRITEJAHBZ@VCLCNEJGHGHGBIBIAGAIEEEEGCGEIAICKAYM_@So@EKcAyBQ_@GFKPEFSZ}A|BK@a@M?h@Ap@EbAC|@CbAC~@	Click to Generate
S25	30	1			2	Townhouse (S25)	Jump Inc (S25)		2925	2194	_u_eIlqrG??SZ}@_C@m@NkFP@B@@B@JEnAGjC[C[C[E[CQCLkFCG?E?G@GBCvANFCBE?I?GACCCC?eBSKAGCGKIMGQAW@O@OHi@F]?E@EDQLi@DMLYJU@EHORc@PWRULMHKNMNO^YROZQFELGTGREVGDAFAH?P?`@@P@D@VDXFHDJF\TLJLNLPNPVd@NZNZVh@f@nAJRJL@BDBDFNHNDF@DBHEH?D?JEHGJINUBU?G?KEc@?IA]CGe@oAINMN}@cC\~@^bALOHOd@nABFNRJJBDB@B@F@D?JCr@aA`@g@DKPQ@IDQDKFIFGDAFAD?D@HBFFFHDLBJBJ?L?L?LCJCJEJEHGFEBGBI?GAOB_@J_@NUNURY\GJIHABSXGRITEJAHBZ@VCLCNEJGHGHGBIBIAGAIEEEEGCGEIAICKAYM_@So@EKcAyBQ_@GMSg@KOIOKMOSOOMM_@YGCMGQIGAYCWEWAO?G@E@c@FMDQHEBGBMHSNSNWTEDa@ZUR]b@Q^Wf@Qf@Of@EXGVKt@AJ@N@LDJ?@HLnBRFBBD@D?D?D?B?RAFE@QAwAOCBAF?F?DBFR@ZDZBZDP@B@@B@JMzEAZt@pB	Click to Generate
S25	15	1			2	Meadow View Primary School (S25)	Bake N Butty (S25)		1203	902	wpbeIj_pGKVm@u@[]SOSMe@QKEo@SUISMQO]c@GIc@k@i@u@s@}@^oARm@??Sl@_@nAKOk@u@k@s@EGSWg@k@MOMMQM?MAOCWGu@K}@XOLONUFGRYSXGFOTMNYNJ|@Ft@BV@N?LPLLLt@z@RVDFj@r@j@t@JNr@|@h@t@b@j@FH\b@PNRLTHn@RJDd@PRLRNZ\l@t@JW	Click to Generate
S25	15	1			2	St Thomas Church Wincobank (S25)	Fife Street Stores (S25)		1213	910	_s`eIzytGGOGUWuAKo@OoAIk@w@oHSgBOkA_@eDO{AOuAm@V}@ZwB`A]HI@OAU?a@?YDQHYTRdAXvA\dBPt@Jn@@Dr@fEFV^u@NYZUjA{@FJLN`@l@d@j@VV^^^\^`@VVPLNnAJn@VtAFTFN	Click to Generate
S25	45	1			2	Phase Eight (S25)	Jump Inc (S25)		3365	2524	_u_eIlqrG??SZ}@_C@m@NkF[E[C[ESACG?E?G@GBCvANFCBE?I?GACCCC?eBSKAGCGKIMGQAW@O@OHi@F]?E@EDQLi@DMLYJU@EHORc@PWRULMHKNMNO^YROZQFELGTGREVGDAFAH?P?`@@P@D@VDXFHDJF\TLJLNLPNPVd@NZNZENCLGFKPEFSZ}A|BK@a@M?h@Ap@EbAC|@CbAAf@AVp@fBT]T[T]T[V]T]CGQc@Qc@Qe@Qe@Qc@Qc@Qg@BUpBwCDEJOFGFIHEVh@f@nAJRJL@BDBDFNHNDF@DBHEH?D?JEHGJINUBU?G?KEc@?IA]CGe@oAINMN}@cC\~@^bALOHOd@nABFNRJJBDB@B@F@D?JCr@aA`@g@DKPQ@IDQDKFIFGDAFAD?D@HBFFFHDLBJBJ?L?L?LCJCJEJEHGFEBGBI?GAOB_@J_@NUNURY\GJIHABSXGRITEJAHBZ@VCLCNEJGHGHGBIBIAGAIEEEEGCGEIAICKAYM_@So@EKcAyBQ_@GMSg@KOIOKMOSOOMM_@YGCMGQIGAYCWEWAO?G@E@c@FMDQHEBGBMHSNSNWTEDa@ZUR]b@Q^Wf@Qf@Of@EXGVKt@AJ@N@LDJ?@HLnBRFBBD@D?D?D?B?RAFE@QAwAOCBAF?F?DBFR@ZDZBZDP@B@@B@JMzEAZt@pB	Click to Generate
S25	30	1			2	Zara (S25)	Jump Inc (S25)		2925	2194	_u_eIlqrG??SZ}@_C@m@NkFP@B@@B@JKnDAj@[C[C[E[CQCLkFCG?E?G@GBCvANFCBE?I?GACCCC?eBSKAGCGKIMGQAW@O@OHi@F]?E@EDQLi@DMLYJU@EHORc@PWRULMHKNMNO^YROZQFELGTGREVGDAFAH?P?`@@P@D@VDXFHDJF\TLJLNLPNPVd@NZNZVh@f@nAJRJL@BDBDFNHNDF@DBHEH?D?JEHGJINUBU?G?KEc@?IA]CGe@oAINMN}@cC\~@^bALOHOd@nABFNRJJBDB@B@F@D?JCr@aA`@g@DKPQ@IDQDKFIFGDAFAD?D@HBFFFHDLBJBJ?L?L?LCJCJEJEHGFEBGBI?GAOB_@J_@NUNURY\GJIHABSXGRITEJAHBZ@VCLCNEJGHGHGBIBIAGAIEEEEGCGEIAICKAYM_@So@EKcAyBQ_@GMSg@KOIOKMOSOOMM_@YGCMGQIGAYCWEWAO?G@E@c@FMDQHEBGBMHSNSNWTEDa@ZUR]b@Q^Wf@Qf@Of@EXGVKt@AJ@N@LDJ?@HLnBRFBBD@D?D?D?B?RAFE@QAwAOCBAF?F?DBFR@ZDZBZDP@B@@B@JMzEAZt@pB	Click to Generate
S25	15	1			2	St Thomas Church Wincobank (S25)	Eastwoods (S25)		1293	970	ycaeIfgtGKo@Qu@]eBYwASeAXUPIXE`@?T?N@HA\IvBaA|@[l@WNtANzA^dDNjARfBv@nHdBw@v@dH?JADCDCDcA`@AEGOGUWuAKo@OoAQMWW_@a@_@]_@_@WWe@k@a@m@MOGKeAeBICICgCEJn@	Click to Generate
S25	30	1			2	Timpson (S25)	Sainsbury's (S25)		2705	2029	kv_eI~hrGG~BAZt@pB??SZ}@_C@m@NkF[E[C[ESACG?E?G@GBCvANFCBE?I?GACCCC?eBSKAGCGKIMGQAW@O@OHi@F]?E@EDQLi@DMLYJU@EHORc@PWRULMHKNMNO^YROZQFELGTGREVGDAFAH?P?`@@P@D@VDXFHDJF\TLJLNLPNPVd@NZNZVh@f@nAJRJL@BDBDFNHNDF@DBHEH?D?JEHGJINUBU?G?KEc@?IA]CGl@{@Rb@??@An@eA@O?K?EEMaArAm@z@BFNRJJBDB@B@F@D?JCr@aA`@g@DKPQ@IDQDKFIFGDAFAD?D@HBFFFHDLBJBJ?L?L?LCJCJEJEHGFEBGBI?GAOB_@J_@NUNURY\GJIHABSXGRITEJAHBZ@VCLCNEJGHGHGBIBIAGAIEEEEGCGEIAICKAYM_@So@EKcAyBQ_@GMSg@KOIOKMOSOOMM_@YGCMGQIGAYCWEWAO?G@E@c@FMDQHEBGBMHSNSNWTEDa@ZUR]b@Q^Wf@Qf@Of@EXGVKt@AJ@N@LDJ?@HLnBRFBBD@D?D?D?B?RAFE@QAwAOCBAF?F?DBFR@ZDZBZDP@B@@B@JEzA	Click to Generate
S25	30	1			2	The White Company (S25)	SYPTE (S25)		2698	2024	up_eIl{qG_@EWCGCECE?ICGCEGG@EACECEAO@KCYEUIe@AEAQ?S?K@I@MJ[ROZQFELGTGREVGDAFAH?P?`@@P@D@VDXFHDJF\TLJLNLPNPVd@NZNZENCLGFKPEFSZ}A|BK@a@M?h@Ap@EbAC|@CbAC~@??p@fBT]T[T]T[V]T]CGQc@Qc@Qe@Qe@Qc@Qc@Qg@BUpBwCBK@A@O@MCYKOIOKMOSOOMM_@YGCMGQIGAYCWEWAO?G@E@c@FMDQHEBGBMHSNSNWTEDa@ZUR]b@Q^Wf@Qf@Of@EXGVKt@AJG~@C`A?JAvG?LAt@@P?J?^ATABEVo@~@GJKRILKNEPADEJBHFDXd@V`@FJ?\@P?X\l@HLNVNXXm@^y@gAsBuAkAGEUQk@g@GEOKO[EGCICICGA[?S?I@I@KDSXUDEVOlAi@T[@ABMDU@{@?uC@c@@g@@SBg@@O@OHi@F]?E@EDQLi@DMLYJU@EHORc@PWRULMHKPCJGF@D@BBDDH`@@FVnABRDFFLFJFNDBFBVB^D	Click to Generate
S25	60	1			2	Suzy (S25)	Abbey School (S25)		4444	3333	gsceInsrGCAk@e@MKyAcBaAgAoGwHWMoCs@GCwCy@i@KqCYFuA?g@?SLmCDw@N{@Jg@Zm@BC\g@NOPI`@GLCTEj@OPKLQp@iBRs@j@yAhAgCdAaCdAyBhByBhAyAr@gANi@PwAJi@Le@JYHSPUb@_@RQFKJMHULa@NXDNDVTxAf@|Cz@tFTzAFd@^jBJnA@x@GtAEZG`@GTWlBYdAo@bAcAr@g@FgBLa@FINCR?VAl@??@m@?WBSHO`@GfBMf@GbAs@n@cAXeAVmBFUFa@D[FuAAy@KoA_@kBGe@U{A{@uFg@}CUyAEWEOOYM`@ITKLGJSPc@^QTIRKXMd@Kh@QvAOh@s@fAiAxAiBxBeAxBeA`CiAfCk@xASr@q@hBMPQJk@NUDMBa@FQHON]f@CB[l@Kf@Oz@Ev@MlC?R?f@GtApCXh@JvCx@FBnCr@VLnGvHzCjDLJj@d@B@	Click to Generate
S25	30	1			2	Townhouse (S25)	Jump Inc (S25)		2925	2194	_u_eIlqrG??SZ}@_C@m@NkFP@B@@B@JEnAGjC[C[C[E[CQCLkFCG?E?G@GBCvANFCBE?I?GACCCC?eBSKAGCGKIMGQAW@O@OHi@F]?E@EDQLi@DMLYJU@EHORc@PWRULMHKNMNO^YROZQFELGTGREVGDAFAH?P?`@@P@D@VDXFHDJF\TLJLNLPNPVd@NZNZVh@f@nAJRJL@BDBDFNHNDF@DBHEH?D?JEHGJINUBU?G?KEc@?IA]CGe@oAINMN}@cC\~@^bALOHOd@nABFNRJJBDB@B@F@D?JCr@aA`@g@DKPQ@IDQDKFIFGDAFAD?D@HBFFFHDLBJBJ?L?L?LCJCJEJEHGFEBGBI?GAOB_@J_@NUNURY\GJIHABSXGRITEJAHBZ@VCLCNEJGHGHGBIBIAGAIEEEEGCGEIAICKAYM_@So@EKcAyBQ_@GMSg@KOIOKMOSOOMM_@YGCMGQIGAYCWEWAO?G@E@c@FMDQHEBGBMHSNSNWTEDa@ZUR]b@Q^Wf@Qf@Of@EXGVKt@AJ@N@LDJ?@HLnBRFBBD@D?D?D?B?RAFE@QAwAOCBAF?F?DBFR@ZDZBZDP@B@@B@JMzEAZt@pB	Click to Generate
S25	30	1			2	Beck Primary School (S25)	Shiregreen Medical Centre (S25)		2881	2161	s|beI|gzGA@GNEPOGOIq@Us@Qw@Qw@Ks@Ge@ACSGQKSe@cA]{@_@cAWy@Qq@Me@SaAUkAQmAEYMiAKcAGaAEu@wA^_@L?J?JANG\NvA??OwAF]@O?K?K^MvA_@Cg@E_AAw@Ac@@e@?W?WFCAe@?G?YAS?M@g@?SBi@D}ABe@Bi@Hk@N{@R}@Tu@Vi@JSd@y@P[HU@QAQXKXK`@ONGx@Ul@M\GLAd@E`@@XFPHvAn@rAp@h@VPHPLNLJJPBLBPF\PjB~@`Ah@B@HD|Az@d@Rf@Tj@TZHNDv@PD@AT]nFWbFcDc@y@Im@Ga@CM@C@EFgAgAMK]]CAGEMGMAc@@M??R?xB?V@bA?nC?L?l@Cd@C`@Er@IdAM`BGf@I|@Iv@MtA[lDUvBANIv@KEK?ODIH	Click to Generate
S25	20	1			2	Beck Primary School (S25)	Shirefreen News 'n' Booze (S25)		2056	1542	o~beIljzGJ}@q@Us@Qw@Qw@Ks@Ge@ACSGQKSe@cA]{@_@cAWy@Qq@Me@SaAUkAQmAEYMiAKcAGaAEu@wA^_@L?J?JANG\NvA??OwAF]@O?K?K_AVe@Ja@F}@A_@CKCGIGGZo@Cq@?i@Ac@AeB?{BBkA?KZ@??[A?JCjA?zB@dB@b@?h@Bp@[n@Q^Qb@K`@Ib@Kf@Ed@AXCXAl@@n@@d@D`@F^DRLh@Rj@Rj@Th@RZDF\f@Z\`@\b@NZL`AR`AFn@@rBA^AT?bAAXAT?d@@r@Fv@Jv@Pr@Pp@TK|@	Click to Generate
S25	30	1			2	Beck Primary School (S25)	Shirefreen News 'n' Booze (S25)		2105	1579	y|beInkzGAGEUCU@YOGOIq@Us@Qw@Qw@Ks@Ge@ACSGQKSe@cA]{@_@cAWy@Qq@Me@SaAUkAQmAEYMiAKcAGaAEu@wA^_@L?J?JANG\NvA??OwAF]@O?K?K_AVe@Ja@F}@A_@CKCGIGGZo@Cq@?i@Ac@AeB?{BBkA?KZ@??[A?JCjA?zB@dB@b@?h@Bp@[n@Q^Qb@K`@Ib@Kf@Ed@AXCXAl@@n@@d@D`@F^DRLh@Rj@Rj@Th@RZDF\f@Z\`@\b@NZL`AR`AFn@@rBA^AT?bAAXAT?d@@r@Fv@Jv@Pr@Pp@TNHNFAXBTDT@F	Click to Generate
S25	60	1			2	Crow Girl (S25)	Suzy (S25)		5661	4246	obeeI|`uGMa@m@qBmCol@IoDUyEUiFC}A?SDyEBgAAKOy@d@eBXw@fFeNd@qABIHJ\^h@f@\Xd@\nBzA^HXBrBNpCXh@JvCx@FBnCr@VLnB`C~CtD`AfAxAbBLJj@d@PLb@VjCjALFFBx@Z~@h@`DzBvDbCvBvAr@f@d@d@f@b@[bBAJKv@Kz@E~@Al@Aj@?l@IEECIQCSDYFGBALE@m@D_AJ{@Jw@@KZcBg@c@e@e@s@g@wBwAwDcCaD{B_Ai@y@[GCMGkCkAc@WQMk@e@MK{CkDoGwHWMoCs@GCwCy@i@KqCYsBOYC_@IoB{Ae@]]Yi@g@]_@IKCHe@pAgFdNYv@e@dBNx@@JCfAExE?RB|AThFTxEHnDlCnl@l@pBL`@	Click to Generate
S25	20	1			2	Wooley Tyres (S25)	Shirefreen News 'n' Booze (S25)		2051	1538	{}ceIz{wGLF@H@NDLHDBSLu@H}@Fg@Bi@B]g@iACEu@u@SWEIIMUg@KUIOYm@aAcBh@oB\cATi@Vi@^q@x@_BdAwBR\v@~Ae@Td@Uw@_BS]eAvBy@~A_@p@Wh@Uh@]bAi@nB`AbBXl@HNJTTf@NVRVt@t@BDf@hAC\Ch@Gf@I|@Mt@DH@F@JBf@Hd@H`@DNFNb@l@x@jASfAUxAOrAKfAOjBGdAEtACl@ClAZ@??[ABmABm@DuAFeANkBJgANsATyARgAy@kAc@m@GOEOIa@Ie@Cg@AKAGEICRIEEMAOAIMG	Click to Generate
S25	20	1			2	Madani Education Centre (S25)	Masjid Abu Bakr (S25)		1814	1360	}|_eIlcpGz@nBHRNUjAgBJOnA_B|AuB`ByBjAfDNh@BHVt@\dAd@fA`@r@DH\s@NYT]\i@Pa@DMlAwDHOl@aAt@iAZg@V[f@k@ZlBJEHEPQd@c@w@t@IDKD[mBg@j@WZ[f@u@hAm@`AINmAvDELQ`@]h@U\OX]r@EIa@s@e@gAqEjGmBaCqBaCkAfBOTIS{@oB	Click to Generate
S25	30	1			2	Beck Primary School (S25)	Shiregreen Medical Centre (S25)		2888	2166	m}beIpezGU|Aq@Us@Qw@Qw@Ks@Ge@ACSGQKSe@cA]{@_@cAWy@Qq@Me@SaAUkAQmAEYMiAKcAGaAEu@wA^_@L?J?JANG\NvA??OwAF]@O?K?K^MvA_@Cg@E_AAw@Ac@@e@?W?WFCAe@?G?YAS?M@g@?SBi@D}ABe@Bi@Hk@N{@R}@Tu@Vi@JSd@y@P[HU@QAQXKXK`@ONGx@Ul@M\GLAd@E`@@XFPHvAn@rAp@h@VPHPLNLJJPBLBPF\PjB~@`Ah@B@HD|Az@d@Rf@Tj@TZHNDv@PD@AT]nFWbFcDc@y@Im@Ga@CM@C@EFgAgAMK]]CAGEMGMAc@@M??R?xB?V@bA?nC?L?l@Cd@C`@Er@IdAM`BGf@I|@Iv@MtA[lDUvBANcAk@E@C@ADEV	Click to Generate
S25	20	1			2	AllSaints (S25)	Northern Trains (S25)		1682	1262	cv_eIjerG??CJ@JMzEAZt@pB??SZ}@_C@m@NkF[E[C[ESACG?E?G@GBCvANFCBE?I?GACCCC?eBSIDA@EDGNEP?JAvG?LAt@@P?J?^ATABEVo@~@GJKRILKNEPADEJBHAHCn@?t@@p@DZt@lALVRXBBBDB?B?DEHOP_@x@gBgAsBuAkAGEUQk@g@GEOKO[EGCICICGA[?S?I@I@KDSXUDEVOlAi@T[@ABMDU@{@?uCJe@@QDOHGFEHAH@nBRFBBD@D?D?D?B?RAFE@QAwAOCBAF?F?DBFR@ZDZBZDP@B@@BBK??	Click to Generate
S25	15	1			2	Hancock Cars (S25)	Shirefreen News 'n' Booze (S25)		1374	1030	s_deIbpwG??NVRVt@t@BDf@hAC\Ch@Gf@I|@Mt@CRIEEMAOAIMGGEOAI@EF_@xB^yBDGHAN@TL@H@NDLHDe@hCHCNEJAH?L?D?FCDNFNb@l@x@jASfAUxAOrAKfAOjBGdAEtACl@ClAZ@??[ABmABm@DuAFeANkBJgANsATyARgAy@kAc@m@GOEOIa@Ie@Cg@AKAGEILu@H}@Fg@Bi@B]g@iACEu@u@SWOW??	Click to Generate
S25	20	1			2	Masjid Abu Bakr (S25)	Tinsley Sports and Social Club (S25)		1556	1167	cw~dIvkoG\YRp@HZ_Ax@GFq@l@q@r@UVZlBJEHEPQd@c@w@t@IDKD[mBTWp@s@p@m@FG~@y@bC{BRQd@e@X]T]N]Pc@DQFWF_@@Ib@qDLeAPyAX}BBOD_@D]Ju@MAIAG@}A|@OFM???L?NG|A}@FAH@L@Kt@E\E^CNY|BQxAMdAc@pDAHG^GVEPQb@O\U\Y\e@d@SPcCzBI[Sq@]X	Click to Generate
S25	20	1			2	St Lawrence Church (S25)	Tinsley Sports and Social Club (S25)		1869	1402	kz~dI~noG[^Jp@F\p@s@p@m@FG~@y@I[Sq@GWIYCISq@IQAEEGCEKIOC@_@?SBODMr@}ADGFEHAH?NJLFHBFAFdABHDBB@CAECCIGeAG@ICMGOKI?I@GDEFs@|AEL?BCJ?RA^NBJHBDDF@DHPRp@BHHXFVRp@HZbC{BRQd@e@X]T]N]Pc@DQFWF_@@Ib@qDLeAPyAX}BBOD_@D]Ju@MAIAG@}A|@OFM???L?NG|A}@FAH@L@Kt@E\E^CNY|BQxAMdAc@pDAHG^GVEPQb@O\U\Y\e@d@SPcCzB_Ax@GFq@l@q@r@G]Kq@Z_@	Click to Generate
S25	30	1			2	Ernest Jones (S25)	Sainsbury's (S25)		2705	2029	gv_eIfgrGKvDAZt@pB??SZ}@_C@m@NkF[E[C[ESACG?E?G@GBCvANFCBE?I?GACCCC?eBSKAGCGKIMGQAW@O@OHi@F]?E@EDQLi@DMLYJU@EHORc@PWRULMHKNMNO^YROZQFELGTGREVGDAFAH?P?`@@P@D@VDXFHDJF\TLJLNLPNPVd@NZNZVh@f@nAJRJL@BDBDFNHNDF@DBHEH?D?JEHGJINUBU?G?KEc@?IA]CGl@{@Rb@??@An@eA@O?K?EEMaArAm@z@BFNRJJBDB@B@F@D?JCr@aA`@g@DKPQ@IDQDKFIFGDAFAD?D@HBFFFHDLBJBJ?L?L?LCJCJEJEHGFEBGBI?GAOB_@J_@NUNURY\GJIHABSXGRITEJAHBZ@VCLCNEJGHGHGBIBIAGAIEEEEGCGEIAICKAYM_@So@EKcAyBQ_@GMSg@KOIOKMOSOOMM_@YGCMGQIGAYCWEWAO?G@E@c@FMDQHEBGBMHSNSNWTEDa@ZUR]b@Q^Wf@Qf@Of@EXGVKt@AJ@N@LDJ?@HLnBRFBBD@D?D?D?B?RAFE@QAwAOCBAF?F?DBFR@ZDZBZDP@B@@B@JAb@	Click to Generate
S25	30	1			2	Townhouse (S25)	Jump Inc (S25)		2925	2194	_u_eIlqrG??SZ}@_C@m@NkFP@B@@B@JEnAGjC[C[C[E[CQCLkFCG?E?G@GBCvANFCBE?I?GACCCC?eBSKAGCGKIMGQAW@O@OHi@F]?E@EDQLi@DMLYJU@EHORc@PWRULMHKNMNO^YROZQFELGTGREVGDAFAH?P?`@@P@D@VDXFHDJF\TLJLNLPNPVd@NZNZVh@f@nAJRJL@BDBDFNHNDF@DBHEH?D?JEHGJINUBU?G?KEc@?IA]CGe@oAINMN}@cC\~@^bALOHOd@nABFNRJJBDB@B@F@D?JCr@aA`@g@DKPQ@IDQDKFIFGDAFAD?D@HBFFFHDLBJBJ?L?L?LCJCJEJEHGFEBGBI?GAOB_@J_@NUNURY\GJIHABSXGRITEJAHBZ@VCLCNEJGHGHGBIBIAGAIEEEEGCGEIAICKAYM_@So@EKcAyBQ_@GMSg@KOIOKMOSOOMM_@YGCMGQIGAYCWEWAO?G@E@c@FMDQHEBGBMHSNSNWTEDa@ZUR]b@Q^Wf@Qf@Of@EXGVKt@AJ@N@LDJ?@HLnBRFBBD@D?D?D?B?RAFE@QAwAOCBAF?F?DBFR@ZDZBZDP@B@@B@JMzEAZt@pB	Click to Generate
S25	30	1			2	Wincobank Fish Bar (S25)	Csk Motors (S25)		2242	1682	qx`eI~_tGWuBO{AOuAm@V}@ZwB`A@LHRL\DPBR?X?f@Al@{BEm@AYwASeAQw@UaAI]K[GOOa@GOKQGSCi@Ei@EYGUEMY\i@d@QLSJg@^eAf@aDzAuCpA}BbASHeAd@}BfADt@Dn@Eo@Eu@|BgAdAe@pCmAtCqA`D{AdAg@f@_@RKPMh@e@X]DLFTDXDh@Bh@FRJPFNN`@FNJZH\T`APv@XUPIXE`@?T?N@HA\IvBaA|@[l@WNtANzAVtB	Click to Generate
S25	20	1			2	Tinsley Meadows Primary School (S25)	Madani Education Centre (S25)		1633	1225	ws_eI`~nGNxBX\RJETIPMLaAXAPJdBPGXjEbC`HjAfDNh@tAmBq@qBM@KDCDOa@??N`@BEJELAp@pBuAlBBHVt@\dAqEjGmBaCtFyHkAgDcCaHYkEQFKeB@Q`AYLMHQDUSKY]OyB	Click to Generate
S25	45	1			2	Superdry (S25)	Sainsbury's (S25)		3204	2403	iv_eI|grGI`D[C[C[E[CQCLkFCG?E?G@GBCvANFCBE?I?GACCCC?eBSKAGCGKIMGQAW@O@OHi@F]?E@EDQLi@DMLYJU@EHORc@PWRULMHKNMNO^YROZQFELGTGREVGDAFAH?P?`@@P@D@VDXFHDJF\TLJLNLPNPVd@NZNZENCLGFKPEFSZ}A|BK@a@M?h@Ap@EbAC|@CbAC~@h@vAFNT]T[T]T[V]T]CGQc@Qc@Qe@Qe@Qc@Qc@Qg@BUpBwCDEJOFGFIHEVh@f@nAJRJL@BDBDFNHNDF@DBHEH?D?JEHGJINUBU?G?KEc@?IA]CGl@{@Rb@??@An@eA@O?K?EEMaArAm@z@BFNRJJBDB@B@F@D?JCr@aA`@g@DKPQ@IDQDKFIFGDAFAD?D@HBFFFHDLBJBJ?L?L?LCJCJEJEHGFEBGBI?GAOB_@J_@NUNURY\GJIHABSXGRITEJAHBZ@VCLCNEJGHGHGBIBIAGAIEEEEGCGEIAICKAYM_@So@EKcAyBQ_@GMSg@KOIOKMOSOOMM_@YGCMGQIGAYCWEWAO?G@E@c@FMDQHEBGBMHSNSNWTEDa@ZUR]b@Q^Wf@Qf@Of@EXGVKt@AJ@N@LDJ?@HLnBRFBBD@D?D?D?B?RAFE@QAwAOCBAF?F?DBFR@ZDZBZDP@B@@B@JCx@	Click to Generate
S25	45	1			2	Reiss (S25)	Northern Trains (S25)		3195	2396	em_eIpfrGAJbAhCT[T]T[V]T]CGQc@Qc@Qe@Qe@Qc@Qc@Qg@BUpBwCBK@A@O@MCYKOIOKMOSOOMM_@YGCMGQIGAYCWEWAO?G@E@c@FMDQHEBGBMHSNSNWTEDa@ZUR]b@Q^Wf@Qf@Of@EXGVKt@AJ@N@LDJ?@HLnBRFBBD@D?D?D?B?RAFE@QAwAOCBAF?F?DBFR@ZDZBZDP@B@@B@JMzEAZt@pB??SZ}@_C@m@NkF[E[C[ESACG?E?G@GBCvANFCBE?I?GACCCC?eBSIDA@EDGNEP?JAvG?LAt@@P?J?^ATABEVo@~@GJKRILKNEPADEJBHAHCn@?t@@p@DZt@lALVRXBBBDB?B?DEHOP_@x@gBgAsBuAkAGEUQk@g@GEOKO[EGCICICGA[?S?I@I@KDSXUDEVOlAi@T[@ABMDU@{@?uC@c@@g@@SBg@@O@OHi@F]?E@EDQLi@DMLYJU@EHORc@PWRULMHKNMNO^YROZQFELGTGREVGDAFAH?P?`@@P@D@VDXFHDJF\TLJLNLPNPVd@NZNZENCLGFKPEFSZ}A|BK@a@M?h@Ap@EbAC|@Av@	Click to Generate
S25	30	1			2	Sainsbury's (S25)	H.Samuel (S25)		2864	2148	yb_eIhtqG^bALOHOd@nAl@{@Rb@??@An@eA@O?K?EEMaArAm@z@BFNRJJBDB@B@F@D?JCr@aA`@g@DKPQ@IDQDKFIFGDAFAD?D@HBFFFHDLBJBJ?L?L?LCJCJEJEHGFEBGBI?GAOB_@J_@NUNURY\GJIHABSXGRITEJAHBZ@VCLCNEJGHGHGBIBIAGAIEEEEGCGEIAICKAYM_@So@EKcAyBQ_@GMSg@KOIOKMOSOOMM_@YGCMGQIGAYCWEWAO?G@E@c@FMDQHEBGBMHSNSNWTEDa@ZUR]b@Q^Wf@Qf@Of@EXGVKt@AJ@N@LDJ?@HLnBRFBBD@D?D?D?B?RAFE@QAwAOCBAF?F?DBFR@ZDZBZDP@B@@B@JMzEAZt@pB??SZ}@_C@m@NkF[E[C[ESACG?E?G@GBCvANFCBE?I?GACCCC?eBSKAGCGKIMGQAW@O@OHi@F]?E@EDQLi@DMLYJU@EHORc@PWRULMHKNMNO^YROZQFELGTGREVGDAFAH?P?`@@P@D@VDXFHDJF\TLJLNLPNPVd@NZNZVh@f@nAJRJL@BDBDFNHNDF@DBHEH?D?JEHGJINUBU?G?KEc@?IA]CGe@oAINMN_@cA	Click to Generate
S25	45	1			2	South Street Convenience Store (S25)	Dave's Fish Bar (S25)		3803	2852	uebeIv{nG@BAD?DCBA@C@CACCAC?EAE@E@CBC@AB?EOEW?K@I^wAJ]DIAI?KFWTTHHpBxBDBdAIFpB@j@Bb@@l@BV@T@PHrAJdABTRdBNdANlAj@lERxAD`@Jv@DZGBGBG?IAGGYm@GM_@w@eBoDi@kAc@{@KQKKyAeAQMc@]CAy@m@o@`DERYvAMd@Od@Ul@u@tBCHw@rBg@rAKVm@u@[]SOSMe@QKEo@SUISMQO]c@GIc@k@i@u@s@}@KOk@u@k@s@EGSWu@{@MMQM?MAOCWGu@K}@EWKi@GS]sAKi@G]GYGm@Gm@Ci@Ae@@c@Be@Hg@Hc@Rs@N_@DMNc@Vi@HQHSDSBM@QHk@BSLmAJ_ANaABQ?EBIJw@DY@Y?m@?a@C[GwBC_@?KC_@AS?WAg@@m@?C@]@_@BYDe@Hm@FYFa@Ha@DSPs@d@kBJi@D]DUTgBBQDSjB~A~AxAZXd@d@`B~ATRLLb@b@bA`A\^j@x@FHnA`C`@t@l@nAf@vAN`@Pf@HTXx@`@nAZ~@BLPj@^|A?DHl@BNDVFp@HtAFtADtAFxBB`@eAHECqByBGNEDIBGAEIEHK\_@vAAH?JDVDNB@@B@D?@	Click to Generate
S25	45	1			2	Urban Outfitters (S25)	Jump Inc (S25)		3365	2524	_u_eIlqrG??SZ}@_C@m@NkF[E[C[ESACG?E?G@GBCvANFCBE?I?GACCCC?eBSKAGCGKIMGQAW@O@OHi@F]?E@EDQLi@DMLYJU@EHORc@PWRULMHKNMNO^YROZQFELGTGREVGDAFAH?P?`@@P@D@VDXFHDJF\TLJLNLPNPVd@NZNZENCLGFKPEFSZ}A|BK@a@M?h@Ap@EbAC|@CbAC~@??p@fBT]T[T]T[V]T]CGQc@Qc@Qe@Qe@Qc@Qc@Qg@BUpBwCDEJOFGFIHEVh@f@nAJRJL@BDBDFNHNDF@DBHEH?D?JEHGJINUBU?G?KEc@?IA]CGe@oAINMN}@cC\~@^bALOHOd@nABFNRJJBDB@B@F@D?JCr@aA`@g@DKPQ@IDQDKFIFGDAFAD?D@HBFFFHDLBJBJ?L?L?LCJCJEJEHGFEBGBI?GAOB_@J_@NUNURY\GJIHABSXGRITEJAHBZ@VCLCNEJGHGHGBIBIAGAIEEEEGCGEIAICKAYM_@So@EKcAyBQ_@GMSg@KOIOKMOSOOMM_@YGCMGQIGAYCWEWAO?G@E@c@FMDQHEBGBMHSNSNWTEDa@ZUR]b@Q^Wf@Qf@Of@EXGVKt@AJ@N@LDJ?@HLnBRFBBD@D?D?D?B?RAFE@QAwAOCBAF?F?DBFR@ZDZBZDP@B@@B@JMzEAZt@pB	Click to Generate
S25	45	1			2	Barbour (S25)	Northern Trains (S25)		3217	2413	km_eI|hrG??p@fBT]T[T]T[V]T]CGQc@Qc@Qe@Qe@Qc@Qc@Qg@BUpBwCBK@A@O@MCYKOIOKMOSOOMM_@YGCMGQIGAYCWEWAO?G@E@c@FMDQHEBGBMHSNSNWTEDa@ZUR]b@Q^Wf@Qf@Of@EXGVKt@AJ@N@LDJ?@HLnBRFBBD@D?D?D?B?RAFE@QAwAOCBAF?F?DBFR@ZDZBZDP@B@@B@JMzEAZt@pB??SZ}@_C@m@NkF[E[C[ESACG?E?G@GBCvANFCBE?I?GACCCC?eBSIDA@EDGNEP?JAvG?LAt@@P?J?^ATABEVo@~@GJKRILKNEPADEJBHAHCn@?t@@p@DZt@lALVRXBBBDB?B?DEHOP_@x@gBgAsBuAkAGEUQk@g@GEOKO[EGCICICGA[?S?I@I@KDSXUDEVOlAi@T[@ABMDU@{@?uC@c@@g@@SBg@@O@OHi@F]?E@EDQLi@DMLYJU@EHORc@PWRULMHKNMNO^YROZQFELGTGREVGDAFAH?P?`@@P@D@VDXFHDJF\TLJLNLPNPVd@NZNZENCLGFKPEFSZ}A|BK@a@M?h@Ap@EbAC|@CbAC~@	Click to Generate
S25	20	1			2	The Manor Barn (S25)	St Thomas (S25)		1578	1184	k~beIhjnGMz@GDG?IEEEAE?G^eCD[@E@SAKKMUCQE]SKEC?G?ICc@YCPO`AK~@MlACRIj@APCLERIRIPWh@Ob@ELO^Sr@Ib@If@ATANAb@@d@Bh@Fl@Fl@FXF\Jh@\rAFRJh@DVJ|@Ft@BV@N?LCNCJk@bAIL}@wCGQNKV[EDQTOJFP|@vCHMj@cABKBO?MAOCWGu@K}@EWKi@GS]sAKi@G]GYGm@Gm@Ci@Ae@@c@Be@Hg@Hc@Rs@N_@DMNc@Vi@HQHSDSBM@QHk@t@t@NLF@FCDGXmBN}@BKBEF@TLTN\T@FO~@	Click to Generate
S25	15	1			2	The Manor Barn (S25)	The Colin (S25)		1291	968	qgceId_oGDELS`BkDYYMMKQq@_BS]OUSr@Ib@If@ATANAb@@d@Bh@Fl@Fl@FXF\Jh@\rAFRJh@DVJ|@Ft@BV@N?LCNCJk@bAILMTQRSVYZ[d@e@r@a@r@ILOTQRMPKJQNC@@J?NCPIf@IXIXERADAFGTGGEEAK?QDIHE??H?FBHY@]?QAQESZYBAPOJKLQPSNUHM`@s@d@s@Ze@X[RWPSLUHMj@cABKBO?MAOCWGu@K}@EWKi@GS]sAKi@XU@C	Click to Generate
S25	15	1			2	The Manor Barn (S25)	The Colin (S25)		1291	968	qgceId_oGDELS`BkDYYMMKQq@_BS]OUSr@Ib@If@ATANAb@@d@Bh@Fl@Fl@FXF\Jh@\rAFRJh@DVJ|@Ft@BV@N?LCNCJk@bAILMTQRSVYZ[d@e@r@a@r@ILOTQRMPKJQNC@@J?NCPIf@IXIXERADAFGTGGEEAK?QDIHE??H?FBHY@]?QAQESZYBAPOJKLQPSNUHM`@s@d@s@Ze@X[RWPSLUHMj@cABKBO?MAOCWGu@K}@EWKi@GS]sAKi@XU@C	Click to Generate
S25	45	1			2	Tommy Hilfiger (S25)	Jump Inc (S25)		3365	2524	_u_eIlqrG??SZ}@_C@m@NkF[E[C[ESACG?E?G@GBCvANFCBE?I?GACCCC?eBSKAGCGKIMGQAW@O@OHi@F]?E@EDQLi@DMLYJU@EHORc@PWRULMHKNMNO^YROZQFELGTGREVGDAFAH?P?`@@P@D@VDXFHDJF\TLJLNLPNPVd@NZNZENCLGFKPEFSZ}A|BK@a@M?h@Ap@EbAC|@CbAC~@??p@fBT]T[T]T[V]T]CGQc@Qc@Qe@Qe@Qc@Qc@Qg@BUpBwCDEJOFGFIHEVh@f@nAJRJL@BDBDFNHNDF@DBHEH?D?JEHGJINUBU?G?KEc@?IA]CGe@oAINMN}@cC\~@^bALOHOd@nABFNRJJBDB@B@F@D?JCr@aA`@g@DKPQ@IDQDKFIFGDAFAD?D@HBFFFHDLBJBJ?L?L?LCJCJEJEHGFEBGBI?GAOB_@J_@NUNURY\GJIHABSXGRITEJAHBZ@VCLCNEJGHGHGBIBIAGAIEEEEGCGEIAICKAYM_@So@EKcAyBQ_@GMSg@KOIOKMOSOOMM_@YGCMGQIGAYCWEWAO?G@E@c@FMDQHEBGBMHSNSNWTEDa@ZUR]b@Q^Wf@Qf@Of@EXGVKt@AJ@N@LDJ?@HLnBRFBBD@D?D?D?B?RAFE@QAwAOCBAF?F?DBFR@ZDZBZDP@B@@B@JMzEAZt@pB	Click to Generate
S25	45	1			2	Mint Nail (S25)	Sainsbury's (S25)		3293	2470	gm_eIdirGl@~AT]T[T]T[V]T]CGQc@Qc@Qe@Qe@Qc@Qc@Qg@BUpBwCBK@A@O@MCYKOIOKMOSOOMM_@YGCMGQIGAYCWEWAO?G@E@c@FMDQHEBGBMHSNSNWTEDa@ZUR]b@Q^Wf@Qf@Of@EXGVKt@AJ@N@LDJ?@HLnBRFBBD@D?D?D?B?RAFE@QAwAOCBAF?F?DBFR@ZDZBZDP@B@@B@JMzEAZt@pB??SZ}@_C@m@NkF[E[C[ESACG?E?G@GBCvANFCBE?I?GACCCC?eBSKAGCGKIMGQAW@O@OHi@F]?E@EDQLi@DMLYJU@EHORc@PWRULMHKNMNO^YROZQFELGTGREVGDAFAH?P?`@@P@D@VDXFHDJF\TLJLNLPNPVd@NZNZVh@f@nAJRJL@BDBDFNHNDF@DBHEH?D?JEHGJINUBU?G?KEc@?IA]CGl@{@Rb@??@An@eA@O?K?EEMaArAm@z@BFNRJJBDB@B@F@D?JCr@aA`@g@DKPQ@IDQDKFIFGDAFAD?D@HBFFFHDLBJBJ?L?L?LCJCJEJEHGFEBGBI?GAOB_@J_@NUNURY\GJIHABSXGRITEJAHBZ@VCLCNEJGHGHGBIBIAGAIEEEEGCGEIAICKAYM_@So@EKcAyBQ_@GFKPEFSZ}A|BK@a@M?h@Ap@EbAC|@CbAC~@BF	Click to Generate
S25	30	1			2	American Golf (S25)	Jump Inc (S25)		2704	2028	cp_eI~wpGaA{A?EHs@VENBd@Fh@NN@VCDA\OVe@Ra@d@k@ZWNE^CP@R@ZR\ZVl@Jh@Ff@@H@fAAVC^@dAFl@Jh@Vd@X\CVK\EJIDG@[Hk@Xk@ZEY`@UQJOHDXj@[j@YZIFAHEDKJ]_@_@S]OYKISGSAU@_@b@Oh@EPCPAT?TBd@Lh@R^NTHFz@v@XXl@l@d@f@f@d@`@d@JLPPJLf@j@`@d@FFT\HBFFFHDLBJBJ?L?L?LCJCJEJEHGFEBGBI?GAOB_@J_@NUNURY\GJIHABSXGRITEJAHBZ@VCLCNEJGHGHGBIBIAGAIEEEEGCGEIAICKAY@O@QBMFMDKHGHEH?D?JEHGJINUBU?G?KEc@?IA]CGe@oAINMN}@cC\~@^bALOHOd@nABFNRJJBDB@B@F@D?JCr@aA`@g@DKPQ@IM}@GYM[GKQWQSUWaB_Bg@g@oAkA]]KMk@y@MSM]K]I[G[EMUk@a@[SUOa@Mg@Go@Cg@Mi@KYKSYUi@Mc@GMKMMIr@?D`AzA	Click to Generate
S25	30	1			2	Ernest Jones (S25)	Sainsbury's (S25)		2705	2029	gv_eIfgrGKvDAZt@pB??SZ}@_C@m@NkF[E[C[ESACG?E?G@GBCvANFCBE?I?GACCCC?eBSKAGCGKIMGQAW@O@OHi@F]?E@EDQLi@DMLYJU@EHORc@PWRULMHKNMNO^YROZQFELGTGREVGDAFAH?P?`@@P@D@VDXFHDJF\TLJLNLPNPVd@NZNZVh@f@nAJRJL@BDBDFNHNDF@DBHEH?D?JEHGJINUBU?G?KEc@?IA]CGl@{@Rb@??@An@eA@O?K?EEMaArAm@z@BFNRJJBDB@B@F@D?JCr@aA`@g@DKPQ@IDQDKFIFGDAFAD?D@HBFFFHDLBJBJ?L?L?LCJCJEJEHGFEBGBI?GAOB_@J_@NUNURY\GJIHABSXGRITEJAHBZ@VCLCNEJGHGHGBIBIAGAIEEEEGCGEIAICKAYM_@So@EKcAyBQ_@GMSg@KOIOKMOSOOMM_@YGCMGQIGAYCWEWAO?G@E@c@FMDQHEBGBMHSNSNWTEDa@ZUR]b@Q^Wf@Qf@Of@EXGVKt@AJ@N@LDJ?@HLnBRFBBD@D?D?D?B?RAFE@QAwAOCBAF?F?DBFR@ZDZBZDP@B@@B@JAb@	Click to Generate
S25	15	1			2	Tinsley Meadows Primary School (S25)	ItsaGoal (S25)		1264	948	_l_eIn_pGCItAmBq@qBM@KDCDOa@??N`@BEJELAp@pBuAlBOi@kAgDcCaHYkEQFKeB@Q`AYLMHQDUSKY]OyBIoAXhEX\RJETIPMLaAXAPJdBPGXjEbC`HjAfDNh@BH	Click to Generate
S25	60	1			2	Blackburn Meadows Nature Reserve (S25)	ItsaGoal (S25)		10725	8044	aj`eI~{mGDnB@xC`@b@Dg@Bg@Do@NwBPaDBWFoAHcBHcBFu@HuALuB@Y@]@k@A}@GeAKyBIqBE{AK}A_@eGUwBEg@Ky@UsBOmBKeAE]EUOu@Qm@Si@Se@Uc@QKA?[GEAGCIICGCMAOK_@ACQc@q@i@kAeAUW_@e@]i@Yq@Ww@Qm@Q_Ag@}C_@eCs@{ECU[qBc@oCKs@c@}AESGQIUK[IUYcAKSU[CCGMCOCk@GWMg@Ys@c@_A[i@]m@UUw@g@KCIEc@S]Ea@?e@LeIdDeBd@uAV_@BK@qAF}AAaBKWJMJIJEFCFGPKd@?FDlA@`@BTDl@DVD\Ff@Hx@D^Bd@Bn@@`A?~A?N?vA?f@?|@Ef@ShBw@dHMbAg@rEKx@C`@?\FnABz@@nA@p@?DAf@AjA?RChAAvA?xAApAC|B?b@?JCjBAdB?~@?FAZ?VAvBAxA?XCbE?P@\?BBNDRVd@HMNQLMj@i@^i@PYt@oAXe@`A_BTa@Zk@t@qALSdAkBDWB_@Hm@FIRCB?HCJEJM\e@NMPID@FBDFDJNr@BR@XNrG@d@@NBNl@LjA`@LB^@ZAP?TIL[VKREVGDSC{FBzFER??WFSDWJMZUHQ?[@_@AMCkAa@m@MCOAOAe@OsGAYCSOs@EKEGGCEAQHOL]d@KLKDIBC?SBGHIl@C^EVeAjBMRu@pA[j@U`@aA~AYd@u@nAQX_@h@k@h@MLOPILMZQp@b@b@bA`A\^j@x@FHnA`C`@t@l@nAf@vAN`@Pf@HTXx@`@nAZ~@BLPj@^|A?DHl@BNDVFp@HtAFtADtAFxBB`@FpB@j@Bb@@l@BV@T@PHrAJdABTRdBNdANlAj@lERxAD`@Jv@DZRxA@L`@|CVrBHn@P`AN`A^|BPhAl@bDRbAr@tDLn@ZxAZfAf@~AX|@d@rAZbA\fAl@~Ar@~Ah@vAFN^dAZnATrAPfABHHZFRDJHRFJ^TLFN?\GTIj@m@jEgE|KiJ|EeEnCmCfCsCbFeGn@cA?ALSH]BODs@Cg@?_@@]@UBQDSJa@Ve@Ra@NeAHoAHy@No@L[LUEIa@s@e@gA]eA[_AOi@kAgDcCaHYkEQFKeB@Q`AYLMHQDUSKY]OyBIoAXhEX\RJETIPMLaAXAPJdBoFbBZ|DyBp@GBi@Ng@JIFGDKNO`@KZ[a@GKKMCO?O@Y?GDk@Bm@Cq@AMCUAu@COEc@CWQyBa@aFE_@Ei@A]GmAAYQgECkAEgBAo@Ae@?Y@q@Bs@@a@a@c@AyCEoB	Click to Generate
S25	20	1			2	Tinsley Barbers (S25)	Tinsley Sports and Social Club (S25)		1508	1131	ey~dIvuoGQPIDKD[mBTWp@s@p@m@FG~@y@I[Sq@]X??\YRp@HZbC{BRQd@e@X]T]N]Pc@DQFWF_@@Ib@qDLeAPyAX}BBOD_@D]Ju@MAIAG@}A|@OFM???L?NG|A}@FAH@L@Kt@E\E^CNY|BQxAMdAc@pDAHG^GVEPQb@O\U\Y\e@d@SPcCzB_Ax@GFq@l@q@r@UVZlBJEHEPQ	Click to Generate
S25	30	1			2	American Golf (S25)	Jump Inc (S25)		2780	2085	on_eIfzpGuBcD?EHs@VENBd@Fh@NN@VCDA\OVe@Ra@d@k@ZWNE^CP@R@ZR\ZVl@Jh@Ff@@H@fAAVC^@dAFl@Jh@Vd@X\CVK\EJIDG@[Hk@Xk@ZEY`@UQJOHDXj@[j@YZIFAHEDKJ]_@_@S]OYKISGSAU@_@b@Oh@EPCPAT?TBd@Lh@R^NTHFz@v@XXl@l@d@f@f@d@`@d@JLPPJLf@j@`@d@FFT\HBFFFHDLBJBJ?L?L?LCJCJEJEHGFEBGBI?GAOB_@J_@NUNURY\GJIHABSXGRITEJAHBZ@VCLCNEJGHGHGBIBIAGAIEEEEGCGEIAICKAY@O@QBMFMDKHGHEH?D?JEHGJINUBU?G?KEc@?IA]CGe@oAINMN}@cC\~@^bALOHOd@nABFNRJJBDB@B@F@D?JCr@aA`@g@DKPQ@IM}@GYM[GKQWQSUWaB_Bg@g@oAkA]]KMk@y@MSM]K]I[G[EMUk@a@[SUOa@Mg@Go@Cg@Mi@KYKSYUi@Mc@GMKMMIr@?DtBbD	Click to Generate
S25	15	1			2	Bake N Butty (S25)	Winterhill Pharmacy (S25)		1146	860	g}beIpooGSl@_@nAKOk@u@k@s@EGSWg@k@MOMMQMCNCJk@bAILMTQRSVYZ[d@e@r@a@r@ILOTQRMPKJQNEMe@mBEMEIIGFWBMJ_@BED@\^JRJh@?AKg@KS]_@EACDK^CLGVHFDHDLd@lBDLPOJKLQPSNUHM`@s@d@s@Ze@X[RWPSLUHMj@cABKBOPLLLt@z@RVDFj@r@j@t@JN^oARm@	Click to Generate
S25	30	1			2	Reiss (S25)	Northern Trains (S25)		2282	1712	ct_eIx_rG@SBu@BsA?OG@EACECEAO@KCYEUIe@ECAAGEGCM?UR]b@Q^Wf@Qf@Of@EXGVKt@AJ@N@LDJ?@HLnBRFBBD@D?D?D?B?RAFE@QAwAOCBAF?F?DBFR@ZDZBZDP@B@@B@JMzEAZt@pB??SZ}@_C@m@NkF[E[C[ESACG?E?G@GBCvANFCBE?I?GACCCC?eBSIDA@EDGNEP?JAvG?LAt@@P?J?^ATABEVo@~@GJKRILKNEPADEJBHAHCn@?t@@p@DZt@lALVRXBBBDB?B?DEHOP_@x@gBgAsBuAkAGEUQk@g@GEOKO[EGCICICGA[?S?I@I@KDSXUDEVOlAi@T[@ABMDU@{@?uC@c@@g@@SBg@@O@OHi@F]?E@EDQLi@DMLYJU@EHORc@PWRULMHKPCJGF@D@BBDDH`@@FVnABR@H?JAJ?NCrACt@AR	Click to Generate
S25	45	1			2	Moss Bros (S25)	Jump Inc (S25)		3365	2524	_u_eIlqrG??SZ}@_C@m@NkF[E[C[ESACG?E?G@GBCvANFCBE?I?GACCCC?eBSKAGCGKIMGQAW@O@OHi@F]?E@EDQLi@DMLYJU@EHORc@PWRULMHKNMNO^YROZQFELGTGREVGDAFAH?P?`@@P@D@VDXFHDJF\TLJLNLPNPVd@NZNZENCLGFKPEFSZ}A|BK@a@M?h@Ap@EbAC|@CbAC~@L\b@hAT]T[T]T[V]T]CGQc@Qc@Qe@Qe@Qc@Qc@Qg@BUpBwCDEJOFGFIHEVh@f@nAJRJL@BDBDFNHNDF@DBHEH?D?JEHGJINUBU?G?KEc@?IA]CGe@oAINMN}@cC\~@^bALOHOd@nABFNRJJBDB@B@F@D?JCr@aA`@g@DKPQ@IDQDKFIFGDAFAD?D@HBFFFHDLBJBJ?L?L?LCJCJEJEHGFEBGBI?GAOB_@J_@NUNURY\GJIHABSXGRITEJAHBZ@VCLCNEJGHGHGBIBIAGAIEEEEGCGEIAICKAYM_@So@EKcAyBQ_@GMSg@KOIOKMOSOOMM_@YGCMGQIGAYCWEWAO?G@E@c@FMDQHEBGBMHSNSNWTEDa@ZUR]b@Q^Wf@Qf@Of@EXGVKt@AJ@N@LDJ?@HLnBRFBBD@D?D?D?B?RAFE@QAwAOCBAF?F?DBFR@ZDZBZDP@B@@B@JMzEAZt@pB	Click to Generate
S25	20	1			2	AllSaints (S25)	Northern Trains (S25)		1682	1262	cv_eIjerG??CJ@JMzEAZt@pB??SZ}@_C@m@NkF[E[C[ESACG?E?G@GBCvANFCBE?I?GACCCC?eBSIDA@EDGNEP?JAvG?LAt@@P?J?^ATABEVo@~@GJKRILKNEPADEJBHAHCn@?t@@p@DZt@lALVRXBBBDB?B?DEHOP_@x@gBgAsBuAkAGEUQk@g@GEOKO[EGCICICGA[?S?I@I@KDSXUDEVOlAi@T[@ABMDU@{@?uCJe@@QDOHGFEHAH@nBRFBBD@D?D?D?B?RAFE@QAwAOCBAF?F?DBFR@ZDZBZDP@B@@BBK??	Click to Generate
S25	45	1			2	Reiss (S25)	Northern Trains (S25)		3195	2396	em_eIvfrGADbAhCT[T]T[V]T]CGQc@Qc@Qe@Qe@Qc@Qc@Qg@BUpBwCBK@A@O@MCYKOIOKMOSOOMM_@YGCMGQIGAYCWEWAO?G@E@c@FMDQHEBGBMHSNSNWTEDa@ZUR]b@Q^Wf@Qf@Of@EXGVKt@AJ@N@LDJ?@HLnBRFBBD@D?D?D?B?RAFE@QAwAOCBAF?F?DBFR@ZDZBZDP@B@@B@JMzEAZt@pB??SZ}@_C@m@NkF[E[C[ESACG?E?G@GBCvANFCBE?I?GACCCC?eBSIDA@EDGNEP?JAvG?LAt@@P?J?^ATABEVo@~@GJKRILKNEPADEJBHAHCn@?t@@p@DZt@lALVRXBBBDB?B?DEHOP_@x@gBgAsBuAkAGEUQk@g@GEOKO[EGCICICGA[?S?I@I@KDSXUDEVOlAi@T[@ABMDU@{@?uC@c@@g@@SBg@@O@OHi@F]?E@EDQLi@DMLYJU@EHORc@PWRULMHKNMNO^YROZQFELGTGREVGDAFAH?P?`@@P@D@VDXFHDJF\TLJLNLPNPVd@NZNZENCLGFKPEFSZ}A|BK@a@M?h@Ap@EbAC|@A|@	Click to Generate
S25	45	1			2	Stan (S25)	Abbey School (S25)		3417	2563	yldeIv~qGi@KqCYFuA?g@?SLmCDw@N{@Jg@Zm@BC\g@NOPI`@GLCTEj@OPK??LQp@iBRs@j@yAhAgCdAaCdAyBhByBhAyAr@gANi@PwAJi@Le@JYHSPUb@_@RQFKJMHULa@NXDNDVTxAf@|Cz@tFTzAFd@^jBJnA@x@GtAEZG`@GTWlBYdAo@bAcAr@g@FgBLa@FINCR?VAl@??@m@?WBSHO`@GfBMf@GbAs@n@cAXeAVmBFUFa@D[FuAAy@KoA_@kBGe@U{A{@uFg@}CUyAEWEOOYM`@ITKLGJSPc@^QTIRKXMd@Kh@QvAOh@s@fAiAxAiBxBeAxBeA`CiAfCk@xASr@q@hBMPQJk@NUDMBa@FQHON]f@CB[l@Kf@Oz@Ev@MlC?R?f@GtApCXh@J	Click to Generate
S25	45	1			2	Mint Nail (S25)	Sainsbury's (S25)		3293	2470	}l_eIzirGb@hAT]T[T]T[V]T]CGQc@Qc@Qe@Qe@Qc@Qc@Qg@BUpBwCBK@A@O@MCYKOIOKMOSOOMM_@YGCMGQIGAYCWEWAO?G@E@c@FMDQHEBGBMHSNSNWTEDa@ZUR]b@Q^Wf@Qf@Of@EXGVKt@AJ@N@LDJ?@HLnBRFBBD@D?D?D?B?RAFE@QAwAOCBAF?F?DBFR@ZDZBZDP@B@@B@JMzEAZt@pB??SZ}@_C@m@NkF[E[C[ESACG?E?G@GBCvANFCBE?I?GACCCC?eBSKAGCGKIMGQAW@O@OHi@F]?E@EDQLi@DMLYJU@EHORc@PWRULMHKNMNO^YROZQFELGTGREVGDAFAH?P?`@@P@D@VDXFHDJF\TLJLNLPNPVd@NZNZVh@f@nAJRJL@BDBDFNHNDF@DBHEH?D?JEHGJINUBU?G?KEc@?IA]CGl@{@Rb@??@An@eA@O?K?EEMaArAm@z@BFNRJJBDB@B@F@D?JCr@aA`@g@DKPQ@IDQDKFIFGDAFAD?D@HBFFFHDLBJBJ?L?L?LCJCJEJEHGFEBGBI?GAOB_@J_@NUNURY\GJIHABSXGRITEJAHBZ@VCLCNEJGHGHGBIBIAGAIEEEEGCGEIAICKAYM_@So@EKcAyBQ_@GFKPEFSZ}A|BK@a@M?h@Ap@EbAC|@CbAC~@L\	Click to Generate
S25	30	1			2	Tinsley Meadows Primary School (S25)	Tinsley Sports and Social Club (S25)		2780	2085	gz~dI`joGvAqARp@BHHXFVRp@HZ_Ax@GFq@l@q@r@UVg@j@WZ[f@u@hAm@`AINmAvDELQ`@]h@U\OX]r@EIa@s@e@gA]eA[_AtAmBq@qBM@KDCDOa@??N`@BEJELAp@pBuAlBZ~@\dAd@fA`@r@DH\s@NYT]\i@Pa@DMlAwDHOl@aAt@iAZg@V[f@k@TWp@s@p@m@FG~@y@bC{BRQd@e@X]T]N]Pc@DQFWF_@@Ib@qDLeAPyAX}BBOD_@D]Ju@MAIAG@}A|@OFM???L?NG|A}@FAH@L@Kt@E\E^CNY|BQxAMdAc@pDAHG^GVEPQb@O\U\Y\e@d@SPcCzB_Ax@GFq@l@q@r@G]Kq@G_@Oy@Ie@`A}@	Click to Generate
S25	15	1			2	Volksgear (S25)	Shirefreen News 'n' Booze (S25)		1351	1013	c_deIzpwG??RVt@t@BDf@hAC\Ch@Gf@I|@Mt@CRIEEMAOAIOIECOAI@EF_@xB^yBDGHAN@TL@H@NDLHDe@hCHCNEJAH?L?D?FCDNFNb@l@x@jASfAUxAOrAKfAOjBGdAEtACl@ClAZ@??[ABmABm@DuAFeANkBJgANsATyARgAy@kAc@m@GOEOIa@Ie@Cg@AKAGEILu@H}@Fg@Bi@B]g@iACEu@u@SW??	Click to Generate
S25	45	1			2	Mint Nail (S25)	Superdry (S25)		3255	2441	i}_eIr`sGLVRXBBBDB?B?DEHOP_@x@gBgAsBuAkAGEUQk@g@GEOKO[EGCICICGA[?S?I@I@KDSXUDEVOlAi@T[@ABMDU@{@?uCJe@@QDOHGFEHAH@nBRFBBD@D?D?D?B?RAFE@QAwAOCBAF?F?DBFR@ZDZBZDP@B@@B@JMzEAZt@pB??SZ}@_C@m@NkF[E[C[ESACG?E?G@GBCvANFCBE?I?GACCCC?eBSKAGCGKIMGQAW@O@OHi@F]?E@EDQLi@DMLYJU@EHORc@PWRULMHKNMNO^YROZQFELGTGREVGDAFAH?P?`@@P@D@VDXFHDJF\TLJLNLPNPVd@NZNZENCLGFKPEFSZ}A|BK@a@M?h@Ap@EbAC|@CbAC~@h@vAFNT]T[T]T[V]T]CGQc@Qc@Qe@Qe@Qc@Qc@Qg@BUpBwCBK@A@O@MCYKOIOKMOSOOMM_@YGCMGQIGAYCWEWAO?G@E@c@FMDQHEBGBMHSNSNWTEDa@ZUR]b@Q^Wf@Qf@Of@EXGVKt@AJG~@C`A?JAvG?LAt@@P?J?^ATABEVo@~@GJKRILKNEPADEJBHAHCn@?t@@p@DZt@lA	Click to Generate
S25	20	1			2	Beck Primary School (S25)	Shirefreen News 'n' Booze (S25)		2062	1546	q~beItjzGLeAq@Us@Qw@Qw@Ks@Ge@ACSGQKSe@cA]{@_@cAWy@Qq@Me@SaAUkAQmAEYMiAKcAGaAEu@wA^_@L?J?JANG\NvA??OwAF]@O?K?K_AVe@Ja@F}@A_@CKCGIGGZo@Cq@?i@Ac@AeB?{BBkA?KZ@??[A?JCjA?zB@dB@b@?h@Bp@[n@Q^Qb@K`@Ib@Kf@Ed@AXCXAl@@n@@d@D`@F^DRLh@Rj@Rj@Th@RZDF\f@Z\`@\b@NZL`AR`AFn@@rBA^AT?bAAXAT?d@@r@Fv@Jv@Pr@Pp@TMdA	Click to Generate
S25	45	1			2	Ernest Jones (S25)	Northern Trains (S25)		3217	2413	im_eIdhrGAVp@fBT]T[T]T[V]T]CGQc@Qc@Qe@Qe@Qc@Qc@Qg@BUpBwCBK@A@O@MCYKOIOKMOSOOMM_@YGCMGQIGAYCWEWAO?G@E@c@FMDQHEBGBMHSNSNWTEDa@ZUR]b@Q^Wf@Qf@Of@EXGVKt@AJ@N@LDJ?@HLnBRFBBD@D?D?D?B?RAFE@QAwAOCBAF?F?DBFR@ZDZBZDP@B@@B@JMzEAZt@pB??SZ}@_C@m@NkF[E[C[ESACG?E?G@GBCvANFCBE?I?GACCCC?eBSIDA@EDGNEP?JAvG?LAt@@P?J?^ATABEVo@~@GJKRILKNEPADEJBHAHCn@?t@@p@DZt@lALVRXBBBDB?B?DEHOP_@x@gBgAsBuAkAGEUQk@g@GEOKO[EGCICICGA[?S?I@I@KDSXUDEVOlAi@T[@ABMDU@{@?uC@c@@g@@SBg@@O@OHi@F]?E@EDQLi@DMLYJU@EHORc@PWRULMHKNMNO^YROZQFELGTGREVGDAFAH?P?`@@P@D@VDXFHDJF\TLJLNLPNPVd@NZNZENCLGFKPEFSZ}A|BK@a@M?h@Ap@EbAC|@CbAAf@	Click to Generate
S25	60	1			2	Tinsley Sports and Social Club (S25)	Refuel (S25)		11096	8322	ie_eIfukGFb@Fv@@|@ErAMpAMbAFjANhA`@nB`CcDd@g@f@]b@Od@EpD@fA?~DA^@HATIVfBFd@BRF^F`@RvAh@~D~@`HD`@F^@FNtABLXdCXlCFz@@X?NAv@Et@AJKfAQjAE\SfAY|AS~AIp@O`BGrAMhEEdAGx@MAIAG@}A|@OFM???L?NG|A}@FAH@L@Kt@E\E^CNY|BQxAMdAc@pDAHG^GVEPQb@O\U\Y\e@d@SPcCzB_Ax@GFq@l@q@r@UVg@j@WZ[f@u@hAm@`AINmAvDELQ`@]h@U\OX]r@EIa@s@e@gAqEjGmBaCqBaCkAfBOTISqAyCYs@EK]cAUo@[g@MYGMGKY_@UU[a@GKKMCO?O@Y?GDk@Bm@Cq@AMCUAu@COEc@CWQyBa@aFE_@Ei@A]GmAAYQgECkAEgBAo@Ae@?Y@q@Bs@@a@Dg@Bg@Do@NwBPaDBWFoAHcBHcBFu@HuALuB@Y@]@k@A}@GeAKyBIqBE{AK}A_@eGUwBEg@Ky@UsBOmBKeAE]EUOu@Qm@Si@Se@Uc@QKA?[GEAKHC@KLEDIRoApBcAzAuAjB\xAR~@@~@A`B@z@Dp@Jr@Lp@X|@Lb@DLVpARdALhAHfADbA@t@@V?`ACt@MfA?HAn@BfA@z@RvL@|@ZxQ[yQA}@CqAOeJA{@CgA@o@?ILgABu@?aAAWAu@EcAIgAMiASeAWqAEMMc@Y}@Mq@Ks@Eq@A{@@aBA_AS_A]yAtAkBbA{AnAqBHS@KBU?C@]AOK_@ACQc@q@i@kAeAUW_@e@]i@Yq@Ww@Qm@Q_Ag@}C_@eCs@{ECU[qBc@oCKs@c@}AESGQIUK[IUYcAKSU[CCGMCOCk@GWMg@Ys@c@_A[i@]m@UUw@g@KCIEKKGOGSASAU@SBQBOHOHKJGLCJ@^QLMrByDZa@b@k@t@u@^[p@a@b@Uf@QdAYh@G~AC^Bl@Lr@Tp@XNFrAv@xBtAbAp@`@VbBp@|Ad@nCPxC[~Bw@zEyBxDkBp@Yl@Qx@Mn@Ej@Aj@@jAJbFbBRDb@H`ABHOFGLEF@JFJNDR@^CTEJArABv@Dj@@LN|@BPJf@Nv@ZjBNt@R`Ab@vBP`AHf@PlABT@F@H@PFp@Dl@@z@@t@?\A`@?JAXA^Ef@ANCRKp@i@dCCLa@nBMl@AFCNId@GXAFQzAKfACd@CXA`@An@@jABbC[@s@Dg@@[AWEQIMOIMONE@IAGEy@qAi@{@g@i@c@Yg@Ii@Vy@lB_@x@i@bAeApB]l@GNAR@XNt@Jt@?F	Click to Generate
S25	20	1			2	Reiss (S25)	Northern Trains (S25)		1690	1268	cv_eI`erG?HCJ@JMzEAZt@pB??SZ}@_C@m@NkF[E[C[ESACG?E?G@GBCvANFCBE?I?GACCCC?eBSIDA@EDGNEP?JAvG?LAt@@P?J?^ATABEVo@~@GJKRILKNEPADEJBHAHCn@?t@@p@DZt@lALVRXBBBDB?B?DEHOP_@x@gBgAsBuAkAGEUQk@g@GEOKO[EGCICICGA[?S?I@I@KDSXUDEVOlAi@T[@ABMDU@{@?uCJe@@QDOHGFEHAH@nBRFBBD@D?D?D?B?RAFE@QAwAOCBAF?F?DBFR@ZDZBZDP@B@@BBK?I	Click to Generate
S25	60	1			2	Blackburn Meadows Nature Reserve (S25)	ItsaGoal (S25)		12146	9110	qq`eIvumGOeJA{@CgA@o@?ILgABu@?aAAWAu@EcAIgAMiASeAWqAEMMc@Y}@Mq@Ks@Eq@A{@@aBA_AS_A]yAtAkBbA{AnAqBHS@KBU?C@]AOK_@ACQc@q@i@kAeAUW_@e@]i@Yq@Ww@Qm@Q_Ag@}C_@eCs@{ECU[qBc@oCKs@c@}AESGQIUK[IUYcAKSU[CCGMCOCk@GWMg@Ys@c@_A[i@]m@UUw@g@KCIEc@S]Ea@?e@LeIdDeBd@uAV_@BK@qAF}AAaBKWJMJIJEFCFGPKd@?FDlA@`@BTDl@DVD\Ff@Hx@D^Bd@Bn@@`A?~A?N?vA?f@?|@Ef@ShBw@dHMbAg@rEKx@C`@?\FnABz@@nA@p@?DAf@AjA?RChAAvA?xAApAC|B?b@?JCjBAdB?~@?FAZ?VAvBAxA?XCbE?P@\?BBNDRVd@HMNQLMj@i@^i@PYt@oAXe@`A_BTa@Zk@t@qALSdAkBDWB_@Hm@FIRCB?HCJEJM\e@NMPID@FBDFDJNr@BR@XNrG@d@@NBNl@LjA`@LB^@ZAP?TIL[VKREVGDSC{FBzFER??WFSDWJMZUHQ?[@_@AMCkAa@m@MCOAOAe@OsGAYCSOs@EKEGGCEAQHOL]d@KLKDIBC?SBGHIl@C^EVeAjBMRu@pA[j@U`@aA~AYd@u@nAQX_@h@k@h@MLOPILMZQp@b@b@bA`A\^j@x@FHnA`C`@t@l@nAf@vAN`@Pf@HTXx@`@nAZ~@BLPj@^|A?DHl@BNDVFp@HtAFtADtAFxBB`@FpB@j@Bb@@l@BV@T@PHrAJdABTRdBNdANlAj@lERxAD`@Jv@DZRxA@L`@|CVrBHn@P`AN`A^|BPhAl@bDRbAr@tDLn@ZxAZfAf@~AX|@d@rAZbA\fAl@~Ar@~Ah@vAFN^dAZnATrAPfABHHZFRDJHRFJ^TLFN?\GTIj@m@jEgE|KiJ|EeEnCmCfCsCbFeGn@cA?ALSH]BODs@Cg@?_@@]@UBQDSJa@Ve@Ra@NeAHoAHy@No@L[LUEIa@s@e@gA]eA[_AOi@kAgDcCaHYkEQFKeB@Q`AYLMHQDUSKY]OyBIoAXhEX\RJETIPMLaAXAPJdBoFbBZ|DyBp@GBi@Ng@JIFGDKNO`@KZ[a@GKKMCO?O@Y?GDk@Bm@Cq@AMCUAu@COEc@CWQyBa@aFE_@Ei@A]GmAAYQgECkAEgBAo@Ae@?Y@q@Bs@@a@Dg@Bg@Do@NwBPaDBWFoAHcBHcBFu@HuALuB@Y@]@k@A}@GeAKyBIqBE{AK}A_@eGUwBEg@Ky@UsBOmBKeAE]EUOu@Qm@Si@Se@Uc@QKA?[GEAKHC@KLEDIRoApBcAzAuAjB\xAR~@@~@A`B@z@Dp@Jr@Lp@X|@Lb@DLVpARdALhAHfADbA@t@@V?`ACt@MfA?HAn@BfA@z@NdJ	Click to Generate
S25	45	1			2	Molton Brown (S25)	Jump Inc (S25)		3343	2507	_u_eIlqrG??SZ}@_C@m@NkF[E[C[ESACG?E?G@GBCvANFCBE?I?GACCCC?eBSKAGCGKIMGQAW@O@OHi@F]?E@EDQLi@DMLYJU@EHORc@PWRULMHKNMNO^YROZQFELGTGREVGDAFAH?P?`@@P@D@VDXFHDJF\TLJLNLPNPVd@NZNZENCLGFKPEFSZ}A|BK@a@M?h@Ap@EbAC|@A|@ADbAhCT[T]T[V]T]CGQc@Qc@Qe@Qe@Qc@Qc@Qg@BUpBwCDEJOFGFIHEVh@f@nAJRJL@BDBDFNHNDF@DBHEH?D?JEHGJINUBU?G?KEc@?IA]CGe@oAINMN}@cC\~@^bALOHOd@nABFNRJJBDB@B@F@D?JCr@aA`@g@DKPQ@IDQDKFIFGDAFAD?D@HBFFFHDLBJBJ?L?L?LCJCJEJEHGFEBGBI?GAOB_@J_@NUNURY\GJIHABSXGRITEJAHBZ@VCLCNEJGHGHGBIBIAGAIEEEEGCGEIAICKAYM_@So@EKcAyBQ_@GMSg@KOIOKMOSOOMM_@YGCMGQIGAYCWEWAO?G@E@c@FMDQHEBGBMHSNSNWTEDa@ZUR]b@Q^Wf@Qf@Of@EXGVKt@AJ@N@LDJ?@HLnBRFBBD@D?D?D?B?RAFE@QAwAOCBAF?F?DBFR@ZDZBZDP@B@@B@JMzEAZt@pB	Click to Generate
S25	60	1			2	Two Dinners Ignatiu (S25)	Freddy (S25)		5576	4182	ikceInhqGGhBIZkCpB??ODQCg@YYCw@Eq@@?WBSHO`@GfBMf@GbAs@n@cAXeAVmBFUFa@D[FuAAy@KoA_@kBGe@U{A{@uFg@}CUyAEWEOOYDMFU@G@EDSHY@]?QAQESZYBAPOJKLQPSNUHM`@s@d@s@Ze@X[RWPSLUHMj@cABKBOPLLLt@z@RVDFj@r@j@t@JNr@|@h@t@b@j@FH\b@PNRLTHG`@Gf@E`@AV?R@b@BVHZHTDFJNJJ|@h@|@f@NHf@`@b@b@HJVXPXBBLRZh@Vh@P^P`@Nf@Nh@Nh@Ln@Hj@Hl@B\@PB`@@L?R?V?`@Cd@Cb@Gp@CJIj@EVGTERGRUn@S^S^SX_@b@u@x@SVGFIJGNEPAN?R@NBT@F@HJt@F\TbBFZFTFJl@z@PVBJF\Dd@@h@@~A@jAAZAVCZADEj@Ix@OxAKjAKbAKlAOtAE`@E`@G^KXSl@[x@g@xAM^KZQz@I\Qt@W]SUCEg@c@e@e@s@g@wBwAwDcCaD{B_Ai@y@[GCMGkCkAc@WMKCAk@e@MK{CkDoGwHWMoCs@GCwCy@i@KqCYFuA?g@?SLmCDw@N{@Jg@Zm@BC\g@NOPI`@GLCTEj@OPKLQp@iBRs@j@yAhAgCdAaCdAyBhByBhAyAr@gANi@PwAJi@Le@JYHSPUb@_@RQFKJMHULa@NXDNDVTxAf@|Cz@tFTzAFd@^jBJnA@x@GtAEZC`A?zAEfA	Click to Generate
S25	20	1			2	Jump Inc (S25)	Molton Brown (S25)		1709	1282	y}~dIdwqG??Sc@m@z@e@oAINMN}@cC\~@^bALOHOd@nABFNRJJBDB@B@F@D?JCr@aA`@g@DKPQ@IDQDKFIFGDAFAD?D@HBFFFHDLBJBJ?L?L?LCJCJEJEHGFEBGBI?GAOB_@J_@NUNURY\GJIHABSXGRITEJAHBZ@VCLCNEJGHGHGBIBIAGAIEEEEGCGEIAICKAYM_@So@EKcAyBQ_@GFKPEFSZ}A|BK@a@M?h@Ap@EbAC|@A|@ADbAhCT[T]T[V]T]CGQc@Qc@Qe@Qe@Qc@Qc@Qg@BUpBwCDEJOFGFIHEVh@f@nAJRJL@BDBDFNHNDF@DBHEH?D?JEHGJINUBU?G?KEc@?IA]CGl@{@Rb@	Click to Generate
S25	15	1			2	St Thomas Church Wincobank (S25)	Eastwoods (S25)		1259	944	{daeInctGYsAYwASeAXUPIXE`@?T?N@HA\IvBaA|@[l@WNtANzA^dDNjARfBv@nHdBw@v@dH?JADCDCDcA`@AEGOGUWuAKo@OoAQMWW_@a@_@]_@_@WWe@k@a@m@MOGKeAeBICICgCEQu@CQ	Click to Generate
S25	60	1			2	Blackburn Meadows Nature Reserve (S25)	ItsaGoal (S25)		12238	9178	kq`eI`zmGAw@SwLA{@CgA@o@?ILgABu@?aAAWAu@EcAIgAMiASeAWqAEMMc@Y}@Mq@Ks@Eq@A{@@aBA_AS_A]yAtAkBbA{AnAqBHS@KBU?C@]AOK_@ACQc@q@i@kAeAUW_@e@]i@Yq@Ww@Qm@Q_Ag@}C_@eCs@{ECU[qBc@oCKs@c@}AESGQIUK[IUYcAKSU[CCGMCOCk@GWMg@Ys@c@_A[i@]m@UUw@g@KCIEc@S]Ea@?e@LeIdDeBd@uAV_@BK@qAF}AAaBKWJMJIJEFCFGPKd@?FDlA@`@BTDl@DVD\Ff@Hx@D^Bd@Bn@@`A?~A?N?vA?f@?|@Ef@ShBw@dHMbAg@rEKx@C`@?\FnABz@@nA@p@?DAf@AjA?RChAAvA?xAApAC|B?b@?JCjBAdB?~@?FAZ?VAvBAxA?XCbE?P@\?BBNDRVd@HMNQLMj@i@^i@PYt@oAXe@`A_BTa@Zk@t@qALSdAkBDWB_@Hm@FIRCB?HCJEJM\e@NMPID@FBDFDJNr@BR@XNrG@d@@NBNl@LjA`@LB^@ZAP?TIL[VKREVGDSC{FBzFER??WFSDWJMZUHQ?[@_@AMCkAa@m@MCOAOAe@OsGAYCSOs@EKEGGCEAQHOL]d@KLKDIBC?SBGHIl@C^EVeAjBMRu@pA[j@U`@aA~AYd@u@nAQX_@h@k@h@MLOPILMZQp@b@b@bA`A\^j@x@FHnA`C`@t@l@nAf@vAN`@Pf@HTXx@`@nAZ~@BLPj@^|A?DHl@BNDVFp@HtAFtADtAFxBB`@FpB@j@Bb@@l@BV@T@PHrAJdABTRdBNdANlAj@lERxAD`@Jv@DZRxA@L`@|CVrBHn@P`AN`A^|BPhAl@bDRbAr@tDLn@ZxAZfAf@~AX|@d@rAZbA\fAl@~Ar@~Ah@vAFN^dAZnATrAPfABHHZFRDJHRFJ^TLFN?\GTIj@m@jEgE|KiJ|EeEnCmCfCsCbFeGn@cA?ALSH]BODs@Cg@?_@@]@UBQDSJa@Ve@Ra@NeAHoAHy@No@L[LUEIa@s@e@gA]eA[_AOi@kAgDcCaHYkEQFKeB@Q`AYLMHQDUSKY]OyBIoAXhEX\RJETIPMLaAXAPJdBoFbBZ|DyBp@GBi@Ng@JIFGDKNO`@KZ[a@GKKMCO?O@Y?GDk@Bm@Cq@AMCUAu@COEc@CWQyBa@aFE_@Ei@A]GmAAYQgECkAEgBAo@Ae@?Y@q@Bs@@a@Dg@Bg@Do@NwBPaDBWFoAHcBHcBFu@HuALuB@Y@]@k@A}@GeAKyBIqBE{AK}A_@eGUwBEg@Ky@UsBOmBKeAE]EUOu@Qm@Si@Se@Uc@QKA?[GEAKHC@KLEDIRoApBcAzAuAjB\xAR~@@~@A`B@z@Dp@Jr@Lp@X|@Lb@DLVpARdALhAHfADbA@t@@V?`ACt@MfA?HAn@BfA@z@RvL@v@	Click to Generate
S25	45	1			2	Urban Outfitters (S25)	Jump Inc (S25)		3365	2524	_u_eIlqrG??SZ}@_C@m@NkF[E[C[ESACG?E?G@GBCvANFCBE?I?GACCCC?eBSKAGCGKIMGQAW@O@OHi@F]?E@EDQLi@DMLYJU@EHORc@PWRULMHKNMNO^YROZQFELGTGREVGDAFAH?P?`@@P@D@VDXFHDJF\TLJLNLPNPVd@NZNZENCLGFKPEFSZ}A|BK@a@M?h@Ap@EbAC|@CbAC~@??p@fBT]T[T]T[V]T]CGQc@Qc@Qe@Qe@Qc@Qc@Qg@BUpBwCDEJOFGFIHEVh@f@nAJRJL@BDBDFNHNDF@DBHEH?D?JEHGJINUBU?G?KEc@?IA]CGe@oAINMN}@cC\~@^bALOHOd@nABFNRJJBDB@B@F@D?JCr@aA`@g@DKPQ@IDQDKFIFGDAFAD?D@HBFFFHDLBJBJ?L?L?LCJCJEJEHGFEBGBI?GAOB_@J_@NUNURY\GJIHABSXGRITEJAHBZ@VCLCNEJGHGHGBIBIAGAIEEEEGCGEIAICKAYM_@So@EKcAyBQ_@GMSg@KOIOKMOSOOMM_@YGCMGQIGAYCWEWAO?G@E@c@FMDQHEBGBMHSNSNWTEDa@ZUR]b@Q^Wf@Qf@Of@EXGVKt@AJ@N@LDJ?@HLnBRFBBD@D?D?D?B?RAFE@QAwAOCBAF?F?DBFR@ZDZBZDP@B@@B@JMzEAZt@pB	Click to Generate
S25	30	1			2	Tinsley Sports and Social Club (S25)	St Lawrence Church (S25)		2729	2047	{z}dId_nGk@oAAYCUGSESs@sBi@sCKc@CA]SYO]OAJKfAQjAE\SfAY|AS~AIp@O`BGrAMhEEdAGx@MAIAG@}A|@OFM???L?NG|A}@FAH@L@Kt@E\E^CNY|BQxAMdAc@pDAHG^GVEPQb@O\U\Y\e@d@SPcCzBI[Sq@GWIYCISq@IQAEEGCEKIOC@_@?SBODMr@}ADGFEHAH?NJLFHBFAFdABHDBB@CAECCIGeAG@ICMGOKI?I@GDEFs@|AEL?BCJ?RA^NBJHBDDF@DHPRp@BHHXFVRp@HZbC{BRQd@e@X]T]N]Pc@DQFWF_@@Ib@qDLeAPyAX}BBOD_@D]Ju@Fy@DeALiEFsANaBHq@R_BX}ARgAD]PkAJgA@K\NXN\RB@Jb@h@rCr@rBDRFRBT@Xj@nA	Click to Generate
S25	30	1			2	Beck Primary School (S25)	Hartley Brook Road Post Office (S25)		2196	1647	wzceIh|xG[A?JCjA?zB@dB@b@?h@Bp@[n@FFFHJB^B|@@`@Gd@K~@W?J?JANG\NvA??OwAF]@O?K?K^MvA_@Dt@F`AJbALhADXPlATjAR`ALd@Pp@Vx@^bA\z@d@bAJRFPBRd@@r@Fv@Jv@Pr@Pp@TT}ADW@EBADAbAj@Iv@QjAo@]OGOIq@Us@Qw@Qw@Ks@Ge@AU?Y@cA@U?_@@sB@o@AaAGaAS[Mc@Oa@][]]g@EGS[Ui@Sk@Sk@Mi@ESG_@Ea@Ae@Ao@@m@BY@YDe@Jg@Hc@Ja@Pc@P_@Zo@Cq@?i@Ac@AeB?{BBkA?KZ@	Click to Generate
S25	30	1			2	Hartley Brook Road Post Office (S25)	Beck Primary School (S25)		2574	1930	ynbeItnxGaAi@kB_A]QQGMCQCBZ?t@?RAhD?`D?fC?r@?R?xB?V@bA?nC?L?l@Cd@C`@Er@IdAM`BGf@I|@Iv@MtA[lDUvBANcAk@E@C@ADEVU|Aq@Us@Qw@Qw@Ks@Ge@ACSGQKSe@cA]{@_@cAWy@Qq@Me@SaAUkAQmAEYMiAKcAGaAEu@wA^_@L?J?JANG\NvA??OwAF]@O?K?K^MvA_@Cg@E_AAw@Ac@@e@?W?WFCAe@?G?YAS?M@g@?SBi@D}ABe@Bi@Hk@N{@R}@Tu@Vi@JSd@y@P[HU@QAQXKXK`@ONGx@Ul@M\GLAd@E`@@XFPHvAn@rAp@h@VPHPLNLJJPBLBPF\PjB~@`Ah@	Click to Generate
S25	20	1			2	St Lawrence Church (S25)	Tinsley Sports and Social Club (S25)		1869	1402	kz~dI~noG[^Jp@F\p@s@p@m@FG~@y@I[Sq@GWIYCISq@IQAEEGCEKIOC@_@?SBODMr@}ADGFEHAH?NJLFHBFAFdABHDBB@CAECCIGeAG@ICMGOKI?I@GDEFs@|AEL?BCJ?RA^NBJHBDDF@DHPRp@BHHXFVRp@HZbC{BRQd@e@X]T]N]Pc@DQFWF_@@Ib@qDLeAPyAX}BBOD_@D]Ju@MAIAG@}A|@OFM???L?NG|A}@FAH@L@Kt@E\E^CNY|BQxAMdAc@pDAHG^GVEPQb@O\U\Y\e@d@SPcCzB_Ax@GFq@l@q@r@G]Kq@Z_@	Click to Generate
S25	30	1			2	Kelford School (S25)	Meadow View Primary School (S25)		2617	1963	edbeIvkoGQMc@]CAy@m@mE}CEIAI?E?Uf@}CtB}Mj@j@r@v@\^Z\FHTTHHGNEDIBGAEIEHK\_@vAAH?JDVDNB@@B@D?@@BAD?DCBA@C@CACCAC?EAE@E@CBC@AB?EOEW?K@I^wAJ]DIAI?KFWGI[]]_@s@w@k@k@uB|Mg@|C?T?D@HDHlE|Co@`DERYvAMd@Od@Ul@u@tBCHw@rBs@jBm@u@[]SOSMe@QKEo@SUISMQO]c@GIc@k@i@u@s@}@^oARm@??Sl@_@nAr@|@h@t@b@j@FH\b@PNRLTHn@RJDd@PRLRNZ\l@t@r@kBv@sBBIt@uBTm@Ne@Le@XwADSn@aDx@l@B@b@\PL	Click to Generate
S25	20	1			2	The Colin (S25)	Zena (S25)		1472	1104	gfdeIrxoGBE?Q?SCOEQIMAKCOAM?OBM@MXgCvB`C|A|AFFHDHALGLMz@{AJLFBHDF@PDVDh@H`@DD@\Dd@DdAFH?D@HFDHDLd@lBDLC@@J?NCPIf@IXIXERADAFGTGGEEAK?QDIHE??H?FBERADAFGTELNXEJMd@Kj@??Jk@Le@DKOYDMFU@G@EDSHY@]?QAQESZYBAEMe@mBEMEIIGEAI?eAGe@E]EEAa@Ei@IWEQEGAIEGCKM{@zAMLMFI@IEGG}A}AwBaCYfCALCL?N@LBN@JHLDPBN?R?PCD	Click to Generate
S25	20	1			2	Cohens Chemist (S25)	Tinsley Meadows Primary School (S25)		2011	1508	{x~dIzcoGCJ?RA^NBJHBDDF@DHPRp@BHHXFVRp@HZ_Ax@GFq@l@q@r@G]Kq@G_@Oy@Ie@v@u@`ByARp@BHHXFVRp@HZ_Ax@GFq@l@q@r@UVg@j@WZ[f@u@hAm@`AINmAvDELQ`@]h@U\OX]r@EIa@s@e@gA]eA[_AtAmBq@qBM@KDCDOa@??N`@BEJELAp@pBuAlBZ~@\dAd@fA`@r@DH\s@NYT]\i@Pa@DMlAwDHOl@aAt@iAZg@V[f@k@TWp@s@p@m@FG~@y@I[Sq@GWIYCISq@IQAEEGCEKIOC@_@?SBK	Click to Generate
S25	10	1			2	The Salvation Army - Rotherham (S25)	Zena (S25)		814	610	qhceI~hoGQTOJFP|@vCMTQRSVYZOTKNe@r@a@r@ILOTQRMPKJQNC@@J?NCPIf@IXIXERADAFGTELNXEJMd@Kj@??Jk@Le@DKOYDMFU@G@EDSHY@]?QAQESZYBAPOJKLQPSNUHM`@s@d@s@Ze@X[RWPSLU}@wCGQNKPU	Click to Generate
S25	30	1			2	Wincobank Post Office (S25)	Northern Trains (S25)		2232	1674	ix`eInatG_@eDO{AOuAPIDA~@]LEbBo@xAq@@?FC\MGm@AKIo@QiBCYAQ?U?Q@MBUBODMDMHMFGHI\QLGPGb@ONCBAn@IJALCLELGDO@M?C?KMa@So@M[K]EMI[EQPIFEFEDCPMNQPQVa@j@aAV_@NOTWb@MJCJ?JANBNFNJ^f@Nh@Fj@EPADEJBHAHCn@?t@@p@DZt@lALVRXBBBDB?B?DEHOP_@x@gBgAsBuAkAGEUQk@g@GEOKKE_@KKAO?OBOBQHOLKLMNYh@SVYZKJWf@CJCFEVAVDd@Rn@L`@HTBL?L?JCFCDI@GAQGGAKAK@o@HC@OBc@NQFMF]PIHGFILELELCNCTAL?P?T@PBXPhBHn@@JFl@]LGBA?yAp@cBn@MD_A\WJNtANzA^dD	Click to Generate
S25	45	1			2	Morris (S25)	Crow Girl (S25)		3263	2447	yideIrjqG??QJk@NUDMBa@FQHON]f@CB[l@Kf@Oz@Ev@MlC?R?f@GtApCXh@J??vCx@FBnCr@VLnB`C~CtDzCjDLJj@d@PLb@VjCjALFFBx@Z~@h@`DzBvDbCvBvAr@f@d@d@f@b@[bBAJKv@Kz@E~@Al@Aj@?l@IEECIQCSDYFGBALE@m@D_AJ{@Jw@@KZcBg@c@e@e@s@g@wBwAwDcCaD{B_Ai@y@[GCMGkCkAc@WQMk@e@MK{CkDoGwHWMoCs@GCwCy@i@KqCYFuA?g@?SLmCDw@N{@Jg@Zm@BC\g@NOPI`@GLCTEj@OPK??	Click to Generate
S25	45	1			2	H.Samuel (S25)	Northern Trains (S25)		3217	2413	im_eInhrGALp@fBT]T[T]T[V]T]CGQc@Qc@Qe@Qe@Qc@Qc@Qg@BUpBwCBK@A@O@MCYKOIOKMOSOOMM_@YGCMGQIGAYCWEWAO?G@E@c@FMDQHEBGBMHSNSNWTEDa@ZUR]b@Q^Wf@Qf@Of@EXGVKt@AJ@N@LDJ?@HLnBRFBBD@D?D?D?B?RAFE@QAwAOCBAF?F?DBFR@ZDZBZDP@B@@B@JMzEAZt@pB??SZ}@_C@m@NkF[E[C[ESACG?E?G@GBCvANFCBE?I?GACCCC?eBSIDA@EDGNEP?JAvG?LAt@@P?J?^ATABEVo@~@GJKRILKNEPADEJBHAHCn@?t@@p@DZt@lALVRXBBBDB?B?DEHOP_@x@gBgAsBuAkAGEUQk@g@GEOKO[EGCICICGA[?S?I@I@KDSXUDEVOlAi@T[@ABMDU@{@?uC@c@@g@@SBg@@O@OHi@F]?E@EDQLi@DMLYJU@EHORc@PWRULMHKNMNO^YROZQFELGTGREVGDAFAH?P?`@@P@D@VDXFHDJF\TLJLNLPNPVd@NZNZENCLGFKPEFSZ}A|BK@a@M?h@Ap@EbAC|@CbAAp@	Click to Generate
S25	45	1			2	Castle Galleries (S25)	Northern Trains (S25)		3089	2317	al_eItkrGFNT]T[T]T[V]T]CGQc@Qc@Qe@Qe@Qc@Qc@Qg@BUpBwCBK@A@O@MCYKOIOKMOSOOMM_@YGCMGQIGAYCWEWAO?G@E@c@FMDQHEBGBMHSNSNWTEDa@ZUR]b@Q^Wf@Qf@Of@EXGVKt@AJ@N@LDJ?@HLnBRFBBD@D?D?D?B?RAFE@QAwAOCBAF?F?DBFR@ZDZBZDP@B@@B@JCx@I`D[C[C[E[CQCLkFCG?E?G@GBCvANFCBE?I?GACCCC?eBSIDA@EDGNEP?JAvG?LAt@@P?J?^ATABEVo@~@GJKRILKNEPADEJBHAHCn@?t@@p@DZt@lALVRXBBBDB?B?DEHOP_@x@gBgAsBuAkAGEUQk@g@GEOKO[EGCICICGA[?S?I@I@KDSXUDEVOlAi@T[@ABMDU@{@?uC@c@@g@@SBg@@O@OHi@F]?E@EDQLi@DMLYJU@EHORc@PWRULMHKNMNO^YROZQFELGTGREVGDAFAH?P?`@@P@D@VDXFHDJF\TLJLNLPNPVd@NZNZENCLGFKPEFSZ}A|BK@a@M?h@Ap@EbAC|@CbAC~@h@vA	Click to Generate
S25	60	1			2	Freddy (S25)	Abbey School (S25)		5559	4169	_xceIvnrGxAbBLJj@d@B@LJb@VjCjALFFBx@Z~@h@`DzBvDbCvBvAr@f@d@d@f@b@BDRTV\Pu@H]P{@J[L_@f@yAZy@Rm@JYF_@Da@Da@NuAJmAJcAJkANyAHy@Dk@@EB[@W@[AkAA_BAi@Ee@G]CKQWm@{@GKGUG[UcBG]Ku@AIAGCUAO?S@ODQFOHKFGRWt@y@^c@RYR_@R_@To@FSDSFUDWHk@BKFq@Bc@Be@?a@?W?SAMCa@AQC]Im@Ik@Mo@Oi@Oi@Og@Qa@Q_@Wi@[i@MSCCQYWYIKc@c@g@a@OI}@g@}@i@KKKOEGIUI[CWAc@?S@WDa@Fg@Fa@UISMQO]c@GIc@k@i@u@s@}@KOk@u@k@s@EGSWu@{@MMQMCNCJk@bAILMTQRSVYZ[d@e@r@a@r@ILOTQRMPKJQNC@@J?NCPIf@IXIXERADAFGTELNXDNDVTxAf@|Cz@tFTzAFd@^jBJnA@x@GtAEZG`@GTWlBYdAo@bAcAr@g@FgBLa@FINCR?VAl@??@m@?WBSHO`@GfBMf@GbAs@n@cAXeAVmBFUFa@D[FuAAy@KoA_@kBGe@U{A{@uFg@}CUyAEWEOOYM`@ITKLGJSPc@^QTIRKXMd@Kh@QvAOh@s@fAiAxAiBxBeAxBeA`CiAfCk@xASr@q@hBMPQJk@NUDMBa@FQHON]f@CB[l@Kf@Oz@Ev@MlC?R?f@GtApCXh@JvCx@FBnCr@VLnGvH`AfA	Click to Generate
S25	45	1			2	Phase Eight (S25)	Jump Inc (S25)		3365	2524	_u_eIlqrG??SZ}@_C@m@NkF[E[C[ESACG?E?G@GBCvANFCBE?I?GACCCC?eBSKAGCGKIMGQAW@O@OHi@F]?E@EDQLi@DMLYJU@EHORc@PWRULMHKNMNO^YROZQFELGTGREVGDAFAH?P?`@@P@D@VDXFHDJF\TLJLNLPNPVd@NZNZENCLGFKPEFSZ}A|BK@a@M?h@Ap@EbAC|@CbAAf@AVp@fBT]T[T]T[V]T]CGQc@Qc@Qe@Qe@Qc@Qc@Qg@BUpBwCDEJOFGFIHEVh@f@nAJRJL@BDBDFNHNDF@DBHEH?D?JEHGJINUBU?G?KEc@?IA]CGe@oAINMN}@cC\~@^bALOHOd@nABFNRJJBDB@B@F@D?JCr@aA`@g@DKPQ@IDQDKFIFGDAFAD?D@HBFFFHDLBJBJ?L?L?LCJCJEJEHGFEBGBI?GAOB_@J_@NUNURY\GJIHABSXGRITEJAHBZ@VCLCNEJGHGHGBIBIAGAIEEEEGCGEIAICKAYM_@So@EKcAyBQ_@GMSg@KOIOKMOSOOMM_@YGCMGQIGAYCWEWAO?G@E@c@FMDQHEBGBMHSNSNWTEDa@ZUR]b@Q^Wf@Qf@Of@EXGVKt@AJ@N@LDJ?@HLnBRFBBD@D?D?D?B?RAFE@QAwAOCBAF?F?DBFR@ZDZBZDP@B@@B@JMzEAZt@pB	Click to Generate
S25	45	1			2	Mint Nail (S25)	Sainsbury's (S25)		3293	2470	gm_eIdirGl@~AT]T[T]T[V]T]CGQc@Qc@Qe@Qe@Qc@Qc@Qg@BUpBwCBK@A@O@MCYKOIOKMOSOOMM_@YGCMGQIGAYCWEWAO?G@E@c@FMDQHEBGBMHSNSNWTEDa@ZUR]b@Q^Wf@Qf@Of@EXGVKt@AJ@N@LDJ?@HLnBRFBBD@D?D?D?B?RAFE@QAwAOCBAF?F?DBFR@ZDZBZDP@B@@B@JMzEAZt@pB??SZ}@_C@m@NkF[E[C[ESACG?E?G@GBCvANFCBE?I?GACCCC?eBSKAGCGKIMGQAW@O@OHi@F]?E@EDQLi@DMLYJU@EHORc@PWRULMHKNMNO^YROZQFELGTGREVGDAFAH?P?`@@P@D@VDXFHDJF\TLJLNLPNPVd@NZNZVh@f@nAJRJL@BDBDFNHNDF@DBHEH?D?JEHGJINUBU?G?KEc@?IA]CGl@{@Rb@??@An@eA@O?K?EEMaArAm@z@BFNRJJBDB@B@F@D?JCr@aA`@g@DKPQ@IDQDKFIFGDAFAD?D@HBFFFHDLBJBJ?L?L?LCJCJEJEHGFEBGBI?GAOB_@J_@NUNURY\GJIHABSXGRITEJAHBZ@VCLCNEJGHGHGBIBIAGAIEEEEGCGEIAICKAYM_@So@EKcAyBQ_@GFKPEFSZ}A|BK@a@M?h@Ap@EbAC|@CbAC~@BF	Click to Generate
S25	20	1			2	Zena (S25)	Revolutions (S25)		1508	1131	mqceId~oG??H?FBERADAFGTELNXEJMd@Kj@??Jk@Le@DKDNDVTxAf@|Cz@tFTzAFd@^jBJnA@x@GtAEZC`A?zAEfAGhBIZkCpBODQCg@YYCw@Eq@@?WBSHO`@GfBMf@GbAs@n@cAXeAVmBFUFa@D[FuAAy@KoA_@kBGe@U{A{@uFg@}CUyAEWEOOYDMGGEEAK?QDIHE	Click to Generate
S25	20	1			2	Baytree Interiors (S25)	Air Haus (S25)		2015	1511	yk_eIdlrG??T]T[uAqDCbA?TCh@p@fBT]T[T]T[V]T]CGQc@Qc@Qe@Qe@Qc@Qc@Qg@BUpBwCDEJOFGFIHEVh@f@nAJRJL@BDBDFNHNDF@DBHEH?D?JEHGJINUBU?G?KEc@?IA]CGe@oAo@{AMYGKIGK?K@KJyAyD~@`CXv@JKJAJ?HFFJLXn@zAd@nABFNRJJBDB@B@F@D?JCr@aA`@g@DKPQ@IDQDKFIFGDAFAD?D@HBFFFHDLBJBJ?L?L?LCJCJEJEHGFEBGBI?GAOB_@J_@NUNURY\GJIHABSXGRITEJAHBZ@VCLCNEJGHGHGBIBIAGAIEEEEGCGEIAICKAYM_@So@EKcAyBQ_@GFKPEFSZ}A|BK@a@M?h@Ap@EbAC|@CbAC~@p@fB	Click to Generate
S25	45	1			2	Urban Outfitters (S25)	Jump Inc (S25)		3365	2524	_u_eIlqrG??SZ}@_C@m@NkF[E[C[ESACG?E?G@GBCvANFCBE?I?GACCCC?eBSKAGCGKIMGQAW@O@OHi@F]?E@EDQLi@DMLYJU@EHORc@PWRULMHKNMNO^YROZQFELGTGREVGDAFAH?P?`@@P@D@VDXFHDJF\TLJLNLPNPVd@NZNZENCLGFKPEFSZ}A|BK@a@M?h@Ap@EbAC|@CbAC~@??p@fBT]T[T]T[V]T]CGQc@Qc@Qe@Qe@Qc@Qc@Qg@BUpBwCDEJOFGFIHEVh@f@nAJRJL@BDBDFNHNDF@DBHEH?D?JEHGJINUBU?G?KEc@?IA]CGe@oAINMN}@cC\~@^bALOHOd@nABFNRJJBDB@B@F@D?JCr@aA`@g@DKPQ@IDQDKFIFGDAFAD?D@HBFFFHDLBJBJ?L?L?LCJCJEJEHGFEBGBI?GAOB_@J_@NUNURY\GJIHABSXGRITEJAHBZ@VCLCNEJGHGHGBIBIAGAIEEEEGCGEIAICKAYM_@So@EKcAyBQ_@GMSg@KOIOKMOSOOMM_@YGCMGQIGAYCWEWAO?G@E@c@FMDQHEBGBMHSNSNWTEDa@ZUR]b@Q^Wf@Qf@Of@EXGVKt@AJ@N@LDJ?@HLnBRFBBD@D?D?D?B?RAFE@QAwAOCBAF?F?DBFR@ZDZBZDP@B@@B@JMzEAZt@pB	Click to Generate
S25	60	1			2	Brutus (S25)	Two Dinners Ignatiu (S25)		4310	3232	aobeIpuqG[PG]Ku@AIAGCUAO?S@ODQFOHKFGRWt@y@^c@RYR_@R_@To@FSDSFUDWHk@BKFq@Bc@Be@?a@?W?SAMCa@AQC]Im@Ik@Mo@Oi@Oi@Og@Qa@Q_@Wi@[i@MSCCQYWYIKc@c@g@a@OI}@g@}@i@KKKOEGIUI[CWAc@?S@WDa@Fg@Fa@UISMQO]c@GIc@k@i@u@s@}@KOk@u@k@s@EGSWu@{@MMQMCNCJk@bAILMTQRSVYZ[d@e@r@a@r@ILOTQRMPKJQNC@@J?NCPIf@IXIXERADAFGTELNXDNDVTxAf@|Cz@tFTzAFd@^jBJnA@x@GtAEZC`A?zAMpDADGTkCpB??ODQCg@YYCw@Eq@@?WBSHO`@GfBMf@GbAs@n@cAXeAVmBFUFa@D[FuAAy@KoA_@kBGe@U{A{@uFg@}CUyAEWEOOYDMFU@G@EDSHY@]?QAQESZYBAPOJKLQPSNUHM`@s@d@s@Ze@X[RWPSLUHMj@cABKBOPLLLt@z@RVDFj@r@j@t@JNr@|@h@t@b@j@FH\b@PNRLTHG`@Gf@E`@AV?R@b@BVHZHTDFJNJJ|@h@|@f@NHf@`@b@b@HJVXPXBBLRZh@Vh@P^P`@Nf@Nh@Nh@Ln@Hj@Hl@B\@PB`@@L?R?V?`@Cd@Cb@Gp@CJIj@EVGTERGRUn@S^S^SX_@b@u@x@SVGFIJGNEPAN?R@NBT@F@HJt@F\ZQ	Click to Generate
S25	15	1			2	Kimberworth Library (S25)	The Colin (S25)		1291	968	oiceIfwnG@UHg@Hc@Rs@NTR\p@~AJPLLXXaBjDMREDABYTJh@\rAFRJh@DVJ|@Ft@BV@N?LCNCJk@bAILMTQRSVYZ[d@e@r@a@r@ILOTQRMPKJQNC@@J?NCPIf@IXIXERADAFGTGGEEAK?QDIHE??H?FBHY@]?QAQESZYBAPOJKLQPSNUHM`@s@d@s@Ze@X[RWPSLUHMj@cABKBO?MAOCWGu@K}@EWKi@GS]sAKi@G]GYGm@Gm@Ci@Ae@@c@@O	Click to Generate
S25	20	1			2	St Thomas (S25)	Kimberworth Community Primary School (S25)		1708	1281	kjceI~roGNUX[RWPSLU}@wCGQNKV[EDQTOJFP|@vCHMj@cABKBO?MAOCWGu@K}@EWKi@GS]sAKi@G]GYGm@Gm@Ci@Ae@@c@Be@Hg@Hc@Rs@N_@DMNc@Vi@HQHSDSBM@QHk@t@t@NLF@FCDGXmBN}@BKBEF@TLTN\T@FO~@Mz@GDG?IEEEAE?G^eCD[@E@SAKKMUCQE]SKEC?G?ICc@YCPO`AK~@MlACRIj@APCLERIRIPWh@Ob@ELO^Sr@Ib@If@Cd@Ab@@d@Bh@Fl@Fl@FXF\Jh@\rAFRJh@DVJ|@Ft@BV@N?LCNCJk@bAILMTQRSVYZOT	Click to Generate
S25	20	1			2	The Manor Barn (S25)	Winterhill School (S25)		1723	1292	oiceI~coGDBfAj@PJKi@GS]sAKi@G]GYGm@Gm@Ci@Ae@@c@@O@UHg@Hc@Rs@NTR\p@~AJPLLXXaBjDMRGHYTJh@\rAFRJh@DVJ|@Ft@BV@N?LCNCJk@bAILMTQRSVYZ[d@e@r@a@r@ILOTQRMPKJQNC@@J?NCPIf@IXIXERADAFGTELNXDNDVTxAf@|CDCHEBCBA`@WPK??QJa@VC@CBIDEBg@}CUyAEWEOOYDMFU@G@EDSHY@]?QAQESZYBAPOJKLQPSNUHM`@s@d@s@Ze@X[RWPSLUHMj@cABKBO?MAOCWGu@K}@EWQKgAk@EC	Click to Generate
S25	30	1			2	Townhouse (S25)	Jump Inc (S25)		2925	2194	_u_eIlqrG??SZ}@_C@m@NkFP@B@@B@JEnAGjC[C[C[E[CQCLkFCG?E?G@GBCvANFCBE?I?GACCCC?eBSKAGCGKIMGQAW@O@OHi@F]?E@EDQLi@DMLYJU@EHORc@PWRULMHKNMNO^YROZQFELGTGREVGDAFAH?P?`@@P@D@VDXFHDJF\TLJLNLPNPVd@NZNZVh@f@nAJRJL@BDBDFNHNDF@DBHEH?D?JEHGJINUBU?G?KEc@?IA]CGe@oAINMN}@cC\~@^bALOHOd@nABFNRJJBDB@B@F@D?JCr@aA`@g@DKPQ@IDQDKFIFGDAFAD?D@HBFFFHDLBJBJ?L?L?LCJCJEJEHGFEBGBI?GAOB_@J_@NUNURY\GJIHABSXGRITEJAHBZ@VCLCNEJGHGHGBIBIAGAIEEEEGCGEIAICKAYM_@So@EKcAyBQ_@GMSg@KOIOKMOSOOMM_@YGCMGQIGAYCWEWAO?G@E@c@FMDQHEBGBMHSNSNWTEDa@ZUR]b@Q^Wf@Qf@Of@EXGVKt@AJ@N@LDJ?@HLnBRFBBD@D?D?D?B?RAFE@QAwAOCBAF?F?DBFR@ZDZBZDP@B@@B@JMzEAZt@pB	Click to Generate
S25	30	1			2	Flannels (S25)	Jump Inc (S25)		2925	2194	_u_eIlqrG??SZ}@_C@m@NkFP@B@@B@JEzAG~B[C[C[E[CQCLkFCG?E?G@GBCvANFCBE?I?GACCCC?eBSKAGCGKIMGQAW@O@OHi@F]?E@EDQLi@DMLYJU@EHORc@PWRULMHKNMNO^YROZQFELGTGREVGDAFAH?P?`@@P@D@VDXFHDJF\TLJLNLPNPVd@NZNZVh@f@nAJRJL@BDBDFNHNDF@DBHEH?D?JEHGJINUBU?G?KEc@?IA]CGe@oAINMN}@cC\~@^bALOHOd@nABFNRJJBDB@B@F@D?JCr@aA`@g@DKPQ@IDQDKFIFGDAFAD?D@HBFFFHDLBJBJ?L?L?LCJCJEJEHGFEBGBI?GAOB_@J_@NUNURY\GJIHABSXGRITEJAHBZ@VCLCNEJGHGHGBIBIAGAIEEEEGCGEIAICKAYM_@So@EKcAyBQ_@GMSg@KOIOKMOSOOMM_@YGCMGQIGAYCWEWAO?G@E@c@FMDQHEBGBMHSNSNWTEDa@ZUR]b@Q^Wf@Qf@Of@EXGVKt@AJ@N@LDJ?@HLnBRFBBD@D?D?D?B?RAFE@QAwAOCBAF?F?DBFR@ZDZBZDP@B@@B@JMzEAZt@pB	Click to Generate
S25	20	1			2	Masjid Abu Bakr (S25)	Tinsley Meadows Primary School (S25)		1669	1252	cw~dIvkoG\YRp@HZ_Ax@GFq@l@q@r@UVZlBJEHEPQd@c@w@t@IDKD[mBg@j@WZ[f@u@hAm@`AINmAvDELQ`@]h@U\OX]r@EIa@s@e@gA]eA[_AtAmBq@qBM@KDCDOa@??N`@BEJELAp@pBuAlBZ~@\dAd@fA`@r@DH\s@NYT]\i@Pa@DMlAwDHOl@aAt@iAZg@V[f@k@TWp@s@p@m@FG~@y@I[Sq@]X	Click to Generate
S25	20	1			2	Madani Education Centre (S25)	Lily Chinese Massage (S25)		1592	1194	ml_eIpwoGN`@BEJELAp@pBuAlBBHVt@\dAd@fA`@r@DHI`@E\CV?V@H@RFRLZBFV\P@R@ZR\ZVl@Jh@Ff@@H@fAAVC^Ot@Un@c@h@_@b@WPWJ[BG?QEQGa@[SUOa@Mg@Go@Cg@Mi@KYKSYUi@Mc@GMKMMIr@?DvBdDu@iAaA{A?EHs@VENBd@Fh@NN@VCDA\OVe@Ra@NeAHoAHy@No@L[LUEIa@s@e@gA]eA[_AtAmBq@qBM@KDCDOa@	Click to Generate
S25	30	1			2	Tinsley Meadows Primary School (S25)	Tinsley Sports and Social Club (S25)		2780	2085	oy~dIjioG~@{@Rp@BHHXFVRp@HZ_Ax@GFq@l@q@r@UVg@j@WZ[f@u@hAm@`AINmAvDELQ`@]h@U\OX]r@EIa@s@e@gA]eA[_AtAmBq@qBM@KDCDOa@??N`@BEJELAp@pBuAlBZ~@\dAd@fA`@r@DH\s@NYT]\i@Pa@DMlAwDHOl@aAt@iAZg@V[f@k@TWp@s@p@m@FG~@y@bC{BRQd@e@X]T]N]Pc@DQFWF_@@Ib@qDLeAPyAX}BBOD_@D]Ju@MAIAG@}A|@OFM???L?NG|A}@FAH@L@Kt@E\E^CNY|BQxAMdAc@pDAHG^GVEPQb@O\U\Y\e@d@SPcCzB_Ax@GFq@l@q@r@G]Kq@G_@Oy@Ie@xAsA	Click to Generate
S25	20	1			2	St Lawrence Church (S25)	Cohens Chemist (S25)		1910	1432	am~dItpnGL?NG|A}@FAH@L@Kt@E\E^CNY|BQxAMdAc@pDAHG^GVEPQb@O\U\Y\e@d@SPcCzBI[Sq@GWIYCISq@IQAEEGCEKIOC@_@?SBODMr@}ADGFEHAH?NJLFHBFAFdABHDBB@CAECCIGeAG@ICMGOKI?I@GDEFs@|AEL?BCJ?RA^NBJHBDDF@DHPRp@BHHXFVRp@HZ_Ax@GFq@l@q@r@G]Kq@G_@Oy@Ie@v@u@`ByARp@BHHXFVRp@HZbC{BRQd@e@X]T]N]Pc@DQFWF_@@Ib@qDLeAPyAX}BBOD_@D]Ju@MAIAG@}A|@OFM?	Click to Generate
S25	45	1			2	Lakeland (S25)	Sainsbury's (S25)		3293	2470	km_eI|hrG??p@fBT]T[T]T[V]T]CGQc@Qc@Qe@Qe@Qc@Qc@Qg@BUpBwCBK@A@O@MCYKOIOKMOSOOMM_@YGCMGQIGAYCWEWAO?G@E@c@FMDQHEBGBMHSNSNWTEDa@ZUR]b@Q^Wf@Qf@Of@EXGVKt@AJ@N@LDJ?@HLnBRFBBD@D?D?D?B?RAFE@QAwAOCBAF?F?DBFR@ZDZBZDP@B@@B@JMzEAZt@pB??SZ}@_C@m@NkF[E[C[ESACG?E?G@GBCvANFCBE?I?GACCCC?eBSKAGCGKIMGQAW@O@OHi@F]?E@EDQLi@DMLYJU@EHORc@PWRULMHKNMNO^YROZQFELGTGREVGDAFAH?P?`@@P@D@VDXFHDJF\TLJLNLPNPVd@NZNZVh@f@nAJRJL@BDBDFNHNDF@DBHEH?D?JEHGJINUBU?G?KEc@?IA]CGl@{@Rb@??@An@eA@O?K?EEMaArAm@z@BFNRJJBDB@B@F@D?JCr@aA`@g@DKPQ@IDQDKFIFGDAFAD?D@HBFFFHDLBJBJ?L?L?LCJCJEJEHGFEBGBI?GAOB_@J_@NUNURY\GJIHABSXGRITEJAHBZ@VCLCNEJGHGHGBIBIAGAIEEEEGCGEIAICKAYM_@So@EKcAyBQ_@GFKPEFSZ}A|BK@a@M?h@Ap@EbAC|@CbAC~@	Click to Generate
S25	30	1			2	H.Samuel (S25)	Sainsbury's (S25)		2705	2029	kv_eIrhrGGjCAZt@pB??SZ}@_C@m@NkF[E[C[ESACG?E?G@GBCvANFCBE?I?GACCCC?eBSKAGCGKIMGQAW@O@OHi@F]?E@EDQLi@DMLYJU@EHORc@PWRULMHKNMNO^YROZQFELGTGREVGDAFAH?P?`@@P@D@VDXFHDJF\TLJLNLPNPVd@NZNZVh@f@nAJRJL@BDBDFNHNDF@DBHEH?D?JEHGJINUBU?G?KEc@?IA]CGl@{@Rb@??@An@eA@O?K?EEMaArAm@z@BFNRJJBDB@B@F@D?JCr@aA`@g@DKPQ@IDQDKFIFGDAFAD?D@HBFFFHDLBJBJ?L?L?LCJCJEJEHGFEBGBI?GAOB_@J_@NUNURY\GJIHABSXGRITEJAHBZ@VCLCNEJGHGHGBIBIAGAIEEEEGCGEIAICKAYM_@So@EKcAyBQ_@GMSg@KOIOKMOSOOMM_@YGCMGQIGAYCWEWAO?G@E@c@FMDQHEBGBMHSNSNWTEDa@ZUR]b@Q^Wf@Qf@Of@EXGVKt@AJ@N@LDJ?@HLnBRFBBD@D?D?D?B?RAFE@QAwAOCBAF?F?DBFR@ZDZBZDP@B@@B@JEnA	Click to Generate
S25	10	1			2	Brutus (S25)	Winterhill School (S25)		1031	773	gpceIfpqG??jCqBFU@ELqD?{ABaAD[FuAAy@KoA_@kBGe@U{A{@uFDCHEBCBA`@WPK??QJa@VC@CBIDEBz@tFTzAFd@^jBJnA@x@GtAEZC`A?zAMpDIZkCpB??	Click to Generate
S25	45	1			2	Scotts Lacoste (S25)	Northern Trains (S25)		3217	2413	km_eI|hrG??p@fBT]T[T]T[V]T]CGQc@Qc@Qe@Qe@Qc@Qc@Qg@BUpBwCBK@A@O@MCYKOIOKMOSOOMM_@YGCMGQIGAYCWEWAO?G@E@c@FMDQHEBGBMHSNSNWTEDa@ZUR]b@Q^Wf@Qf@Of@EXGVKt@AJ@N@LDJ?@HLnBRFBBD@D?D?D?B?RAFE@QAwAOCBAF?F?DBFR@ZDZBZDP@B@@B@JMzEAZt@pB??SZ}@_C@m@NkF[E[C[ESACG?E?G@GBCvANFCBE?I?GACCCC?eBSIDA@EDGNEP?JAvG?LAt@@P?J?^ATABEVo@~@GJKRILKNEPADEJBHAHCn@?t@@p@DZt@lALVRXBBBDB?B?DEHOP_@x@gBgAsBuAkAGEUQk@g@GEOKO[EGCICICGA[?S?I@I@KDSXUDEVOlAi@T[@ABMDU@{@?uC@c@@g@@SBg@@O@OHi@F]?E@EDQLi@DMLYJU@EHORc@PWRULMHKNMNO^YROZQFELGTGREVGDAFAH?P?`@@P@D@VDXFHDJF\TLJLNLPNPVd@NZNZENCLGFKPEFSZ}A|BK@a@M?h@Ap@EbAC|@CbAC~@	Click to Generate
S25	45	1			2	Urban Outfitters (S25)	Jump Inc (S25)		3365	2524	_u_eIlqrG??SZ}@_C@m@NkF[E[C[ESACG?E?G@GBCvANFCBE?I?GACCCC?eBSKAGCGKIMGQAW@O@OHi@F]?E@EDQLi@DMLYJU@EHORc@PWRULMHKNMNO^YROZQFELGTGREVGDAFAH?P?`@@P@D@VDXFHDJF\TLJLNLPNPVd@NZNZENCLGFKPEFSZ}A|BK@a@M?h@Ap@EbAC|@CbAC~@??p@fBT]T[T]T[V]T]CGQc@Qc@Qe@Qe@Qc@Qc@Qg@BUpBwCDEJOFGFIHEVh@f@nAJRJL@BDBDFNHNDF@DBHEH?D?JEHGJINUBU?G?KEc@?IA]CGe@oAINMN}@cC\~@^bALOHOd@nABFNRJJBDB@B@F@D?JCr@aA`@g@DKPQ@IDQDKFIFGDAFAD?D@HBFFFHDLBJBJ?L?L?LCJCJEJEHGFEBGBI?GAOB_@J_@NUNURY\GJIHABSXGRITEJAHBZ@VCLCNEJGHGHGBIBIAGAIEEEEGCGEIAICKAYM_@So@EKcAyBQ_@GMSg@KOIOKMOSOOMM_@YGCMGQIGAYCWEWAO?G@E@c@FMDQHEBGBMHSNSNWTEDa@ZUR]b@Q^Wf@Qf@Of@EXGVKt@AJ@N@LDJ?@HLnBRFBBD@D?D?D?B?RAFE@QAwAOCBAF?F?DBFR@ZDZBZDP@B@@B@JMzEAZt@pB	Click to Generate
S25	30	1			2	Muscle Fusion (S25)	Beck Primary School (S25)		2916	2187	}}ceIx{wGNH@H@NDLHDBSLu@H}@Fg@Bi@B]g@iACEu@u@SW??OWUg@KUIOYm@aAcBh@oB\cATi@Vi@^q@x@_BdAwBR\v@~Ae@Td@Uw@_BS]eAvBy@~A_@p@Wh@Uh@]bAi@nB`AbBXl@HNJTTf@NVRVt@t@BDf@hAC\Ch@Gf@I|@Mt@DH@F@JBf@Hd@H`@DNFNb@l@x@jAT^R^RVRNPHRH_@rCIp@Gz@PPbAfAz@r@LJHDHBE|ACh@?RAf@?L@R?X?F@d@GB?V?VAd@@b@@v@D~@Bf@wA^_@L?J?JANG\NvA??OwAF]@O?K?K_AVe@Ja@F}@A_@CKCGIGGQ^Qb@K`@Ib@Kf@Ed@AXCXCACCEECIE]G}@AWEo@UgDOcDCUCIIIHyBJsCDmABi@Bw@LsCBq@Bq@JsAJmAL}@Lu@Hm@DWd@iCIEEMAOAIOI	Click to Generate
S25	45	1			2	AllSaints (S25)	Northern Trains (S25)		3217	2413	gm_eIpgrGCj@p@fBT]T[T]T[V]T]CGQc@Qc@Qe@Qe@Qc@Qc@Qg@BUpBwCBK@A@O@MCYKOIOKMOSOOMM_@YGCMGQIGAYCWEWAO?G@E@c@FMDQHEBGBMHSNSNWTEDa@ZUR]b@Q^Wf@Qf@Of@EXGVKt@AJ@N@LDJ?@HLnBRFBBD@D?D?D?B?RAFE@QAwAOCBAF?F?DBFR@ZDZBZDP@B@@B@JMzEAZt@pB??SZ}@_C@m@NkF[E[C[ESACG?E?G@GBCvANFCBE?I?GACCCC?eBSIDA@EDGNEP?JAvG?LAt@@P?J?^ATABEVo@~@GJKRILKNEPADEJBHAHCn@?t@@p@DZt@lALVRXBBBDB?B?DEHOP_@x@gBgAsBuAkAGEUQk@g@GEOKO[EGCICICGA[?S?I@I@KDSXUDEVOlAi@T[@ABMDU@{@?uC@c@@g@@SBg@@O@OHi@F]?E@EDQLi@DMLYJU@EHORc@PWRULMHKNMNO^YROZQFELGTGREVGDAFAH?P?`@@P@D@VDXFHDJF\TLJLNLPNPVd@NZNZENCLGFKPEFSZ}A|BK@a@M?h@Ap@EbAC|@CbA?R	Click to Generate
S25	15	1			2	St Thomas Church Wincobank (S25)	Eastwoods (S25)		1266	950	gdaeI|`tGm@AYwASeAXUPIXE`@?T?N@HA\IvBaA|@[l@WNtANzA^dDNjARfBv@nHdBw@v@dH?JADCDCDcA`@AEGOGUWuAKo@OoAQMWW_@a@_@]_@_@WWe@k@a@m@MOGKeAeB[wCEI{BE	Click to Generate
S25	10	1			2	St Thomas Church Wincobank (S25)	Eastwoods (S25)		921	691	wy`eIlvsGQHNtANzA^dDNjARfBv@nHdBw@v@dH?JADCDCDcA`@AEGOGUWuAKo@OoAIk@w@oHSgBo@qFO{AOuAPI	Click to Generate
S25	20	1			2	Zena (S25)	St Bede's Catholic Primary School (S25)		1566	1174	aoceIruoGKg@KS]_@EACDK^CLGVHFDHDLd@lBDLC@@J?NCPIf@IXIXERADAFGTELNXEJMd@Kj@??Jk@Le@DKOYDMFU@G@EDSHY@]?QAQESZYBAEMe@mBEMEIIGEAI?eAGe@E]EEAa@Ei@IWEQEGAIEGCKM{@zAMLMFI@IEGG}A}AwBaCYfCALCL?N@LBN@JHLDPBN?R?PCD?BBI?Q?SCOEQIMAKCOAM?OBM@MXgCvB`C|A|AFFHDHALGLMz@{AJLFBHDF@PDVDh@H`@DD@\Dd@DdAFH?D@FWBMJ_@BED@\^JRJf@	Click to Generate
S25	20	1			2	Zena (S25)	St Bede's Catholic Primary School (S25)		1713	1285	mlceIthpGQJa@VC@CBIDEBg@}CUyAEWEOEJMd@Kj@??Jk@Le@DKOYDMFU@G@EDSHY@]?QAQESZYBAEMe@mBEMEIIGEAI?eAGe@E]EEAa@Ei@IWEQEGAIEGCKM{@zAMLMFI@IEGG}A}AwBaCYfCALCL?N@LBN@JHLDPBN?R?PCD?BBI?Q?SCOEQIMAKCOAM?OBM@MXgCvB`C|A|AFFHDHALGLMz@{AJLFBHDF@PDVDh@H`@DD@\Dd@DdAFH?D@HFDHDLd@lBDLC@@J?NCPIf@IXIXERADAFGTELNXDNDVTxAf@|CDCHEBCBA`@WPK	Click to Generate
S25	15	1			2	Hancock Cars (S25)	Shirefreen News 'n' Booze (S25)		1361	1021	i_deIppwGDHRVt@t@BDf@hAC\Ch@Gf@I|@Mt@CRIEEMAOAIMGGEOAI@EF_@xB^yBDGHAN@TL@H@NDLHDe@hCHCNEJAH?L?D?FCDNFNb@l@x@jASfAUxAOrAKfAOjBGdAEtACl@ClAZ@??[ABmABm@DuAFeANkBJgANsATyARgAy@kAc@m@GOEOIa@Ie@Cg@AKAGEILu@H}@Fg@Bi@B]g@iACEu@u@SWEI	Click to Generate
S25	60	1			2	Blackburn Minimarket (S25)	Blackburn Primary School (S25)		5459	4094	kybeIzwuGjDcHtAiCvDcGxA{AxAeAhCwAbBy@nAo@pA_ArBoB~@iAh@cAnB}DxAoCd@y@rAuBLOX[Qw@UaAI]K[GOOa@GOKQGSCi@Ei@EYGUEMY\i@d@QLSJg@^eAf@aDzAuCpAqClAeAd@}BfAa@TCBi@^Om@w@oCOg@s@{B[cAYw@Yu@m@kAOWi@{@CCQUQUW]SUCE[bBAJKv@Kz@E~@Al@Aj@?l@Ar@?FCf@Cd@C`@Gr@Gj@Ih@Gb@En@Cn@?n@?NC~@AHARGVSb@IMOSEMAQJk@BUO`A@PDLNRHLRc@FW|@l@DMDSN_@j@eA??k@dAO^EREL}@m@@S@IB_A?O?o@Bo@Do@Fc@Hi@Fk@Fs@Ba@Be@Bg@?G@s@?m@@k@@m@D_AJ{@Jw@@KZcBBDRTV\PTPTBBh@z@NVl@jAXt@Xv@ZbAr@zBNf@v@nCNl@h@_@BC`@U|BgAdAe@pCmAtCqA`D{AdAg@f@_@RKPMh@e@X]DLFTDXDh@Bh@FRJPFNN`@FNJZH\T`APv@YZMNsAtBe@x@yAnCoB|Di@bA_AhAsBnBqA~@oAn@cBx@iCvAyAdAyAzAwDbGuAhCkDbH	Click to Generate
S25	60	1			2	Freddy (S25)	Two Dinners Ignatiu (S25)		4847	3635	mkceIp}rGKy@Mg@I]C]@g@GCMGkCkAc@WMKCAk@e@MK{CkDoGwHWMoCs@GCwCy@i@KqCYFuA?g@?SLmCDw@N{@Jg@Zm@BC\g@NOPI`@GLCTEj@OPKLQp@iBRs@j@yAhAgCdAaCdAyBhByBhAyAr@gANi@PwAJi@Le@JYHSPUb@_@RQFKJMHULa@NXDNDVTxAf@|Cz@tFTzAFd@^jBJnA@x@GtAEZC`A?zAMpDIZkCpB??ODQCg@YYCw@Eq@@?WBSHO`@GfBMf@GbAs@n@cAXeAVmBFUFa@D[FuAAy@KoA_@kBGe@U{A{@uFg@}CUyAEWEOOYM`@ITKLGJSPc@^QTIRKXMd@Kh@QvAOh@s@fAiAxAiBxBeAxBeA`CiAfCk@xASr@q@hBMPQJk@NUDMBa@FQHON]f@CB[l@Kf@Oz@Ev@MlC?R?f@GtApCXh@JvCx@FBnCr@VLnGvHzCjDLJj@d@PLb@VjCjALFFBAf@B\H\Lf@Jx@	Click to Generate
S25	30	1			2	American Golf (S25)	Jump Inc (S25)		2725	2044	uo_eIpxpGoAmB?EHs@VENBd@Fh@NN@VCDA\OVe@Ra@d@k@ZWNE^CP@R@ZR\ZVl@Jh@Ff@@H@fAAVC^@dAFl@Jh@Vd@X\CVK\EJIDG@[Hk@Xk@ZEY`@UQJOHDXj@[j@YZIFAHEDKJ]_@_@S]OYKISGSAU@_@b@Oh@EPCPAT?TBd@Lh@R^NTHFz@v@XXl@l@d@f@f@d@`@d@JLPPJLf@j@`@d@FFT\HBFFFHDLBJBJ?L?L?LCJCJEJEHGFEBGBI?GAOB_@J_@NUNURY\GJIHABSXGRITEJAHBZ@VCLCNEJGHGHGBIBIAGAIEEEEGCGEIAICKAY@O@QBMFMDKHGHEH?D?JEHGJINUBU?G?KEc@?IA]CGe@oAINMN}@cC\~@^bALOHOd@nABFNRJJBDB@B@F@D?JCr@aA`@g@DKPQ@IM}@GYM[GKQWQSUWaB_Bg@g@oAkA]]KMk@y@MSM]K]I[G[EMUk@a@[SUOa@Mg@Go@Cg@Mi@KYKSYUi@Mc@GMKMMIr@?DnAlB	Click to Generate
S25	30	1			2	Eurochange (S25)	Jump Inc (S25)		2738	2054	qv_eIrkrGAj@AZt@pB??SZ}@_C@m@NkF[E[C[ESACG?E?G@GBCvANFCBE?I?GACCCC?eBSKAGCGKIMGQAW@O@OHi@F]?E@EDQLi@DMLYJU@EHORc@PWRULMHKNMNO^YROZQFELGTGREVGDAFAH?P?`@@P@D@VDXFHDJF\TLJLNLPNPVd@NZNZVh@f@nAJRJL@BDBDFNHNDF@DBHEH?D?JEHGJINUBU?G?KEc@?IA]CGe@oAINMN}@cC\~@^bALOHOd@nABFNRJJBDB@B@F@D?JCr@aA`@g@DKPQ@IDQDKFIFGDAFAD?D@HBFFFHDLBJBJ?L?L?LCJCJEJEHGFEBGBI?GAOB_@J_@NUNURY\GJIHABSXGRITEJAHBZ@VCLCNEJGHGHGBIBIAGAIEEEEGCGEIAICKAYM_@So@EKcAyBQ_@GMSg@KOIOKMOSOOMM_@YGCMGQIGAYCWEWAO?G@E@c@FMDQHEBGBMHSNSNWTEDa@ZUR]b@Q^Wf@Qf@Of@EXGVKt@AJ@N@LDJ?@HLnBRFBBD@D?D?D?B?RAFE@QAwAOCBAF?F?DBFR@ZDZBZDP@B@@B@JKnD	Click to Generate
S25	10	1			2	The Colin (S25)	St Thomas (S25)		840	630	crceIfdpGJk@Le@DKOYDMGGEEAK?QDIHE??H?FBHY@]?QAQESZYBAPOJKLQPSNUHM`@s@d@s@Ze@X[RWPSLU}@wCGQNKV[EDQTOJFP|@vCMTQRSVYZ[d@e@r@a@r@ILOTQRMPKJQNC@@J?NCPIf@IXIXERADAFGTELNXEJMd@Kj@	Click to Generate
S25	45	1			2	Two Dinners Ignatiu (S25)	Stan (S25)		3091	2318	wvceItpqG@m@p@Av@DXBf@XPBNE??jCqBH[LqD?{ABaAD[FuAAy@KoA_@kBGe@U{A{@uFg@}CUyAEWEOOYM`@ITKLGJSPc@^QTIRKXMd@Kh@QvAOh@s@fAiAxAiBxBeAxBeA`CiAfCk@xASr@q@hBMP??QJk@NUDMBa@FQHKi@GSMKOGiCc@KOCM?WFW~@qBRVpH~ARHRs@j@yAhAgCdAaCdAyBhByBhAyAr@gANi@PwAJi@Le@JYHSPUb@_@RQFKJMHULa@NXDNDVTxAf@|Cz@tFTzAFd@^jBJnA@x@GtAEZG`@GTWlBYdAo@bAcAr@g@FgBLa@FINCR?VAl@	Click to Generate
S25	20	1			2	Shirefreen News 'n' Booze (S25)	Beck Primary School (S25)		1820	1365	{}ceIjvwG`@sABGf@hAC\Ch@Gf@I|@Mt@DH@F@JBf@Hd@H`@DNFNb@l@x@jASfAUxAOrAKfAOjBGdAEtACl@ClAZ@??[A?JCjA?zB@dB@b@?h@Bp@[n@FFFHJB^B|@@`@Gd@K~@W?J?JANG\NvA??OwAF]@O?K?K_AVe@Ja@F}@A_@CKCGIGGZo@Cq@?i@Ac@AeB?{BBkA?KBmABm@DuAFeANkBJgANsATyARgAy@kAc@m@GOEOIa@Ie@Cg@AKAGEILu@H}@Fg@Bi@B]g@iACFa@rA	Click to Generate
S25	30	1			2	American Golf (S25)	Sainsbury's (S25)		2653	1990	oe_eIxoqGXv@JKJAJ?HFFJLXn@zAd@nABFNRJJBDB@B@F@D?JCr@aA`@g@DKPQ@IM}@GYM[GKQWQSUWaB_Bg@g@oAkA]]KMk@y@MSM]K]I[G[EMUk@a@[SUOa@Mg@Go@Cg@?_@@]@UBQDSJa@Ve@Ra@d@k@ZWNE^CP@R@ZR\ZVl@Jh@Ff@@H@fAAVC^@dAFl@Jh@Vd@X\CVK\EJIDG@[Hk@Xk@ZEY`@UQJOHDXj@[j@YZIFAHEDKJ]_@_@S]OYKISGSAU@_@b@Oh@EPCPAT?TBd@Lh@R^NTHFz@v@XXl@l@d@f@f@d@`@d@JLPPJLf@j@`@d@FFT\HBFFFHDLBJBJ?L?L?LCJCJEJEHGFEBGBI?GAOB_@J_@NUNURY\GJIHABSXGRITEJAHBZ@VCLCNEJGHGHGBIBIAGAIEEEEGCGEIAICKAY@O@QBMFMDKHGHEH?D?JEHGJINUBU?G?KEc@?IA]CGl@{@Rb@??@An@eA@O?K?EEMaArAm@z@e@oAo@{AMYGKIGK?K@KJYw@	Click to Generate
S25	45	1			2	White Stuff (S25)	SYPTE (S25)		3217	2413	_u_eIlqrG??SZ}@_C@m@NkF[E[C[ESACG?E?G@GBCvANFCBE?I?GACCCC?eBSKAGCGKIMGQAW@O@OHi@F]?E@EDQLi@DMLYJU@EHORc@PWRULMHKNMNO^YROZQFELGTGREVGDAFAH?P?`@@P@D@VDXFHDJF\TLJLNLPNPVd@NZNZENCLGFKPEFSZ}A|BK@a@M?h@Ap@EbAC|@CbA?RCj@p@fBT]T[T]T[V]T]CGQc@Qc@Qe@Qe@Qc@Qc@Qg@BUpBwCBK@A@O@MCYKOIOKMOSOOMM_@YGCMGQIGAYCWEWAO?G@E@c@FMDQHEBGBMHSNSNWTEDa@ZUR]b@Q^Wf@Qf@Of@EXGVKt@AJG~@C`A?JAvG?LAt@@P?J?^ATABEVo@~@GJKRILKNEPADEJBHFDXd@V`@FJ?\@P?X\l@HLNVNXXm@^y@gAsBuAkAGEUQk@g@GEOKO[EGCICICGA[?S?I@I@KDSXUDEVOlAi@T[@ABMDU@{@?uCJe@@QDOHGFEHAH@nBRFBBD@D?D?D?B?RAFE@QAwAOCBAF?F?DBFR@ZDZBZDP@B@@B@JMzEAZt@pB	Click to Generate
S25	30	1			2	Air Haus (S25)	M&C Tailoring (S25)		2947	2210	yd_eIzbqGOHDXj@[j@YZIFAHEDKJ]_@_@S]OYKISGSAU@_@b@Oh@EPCPAT?TBd@Lh@R^NTHFz@v@XXl@l@d@f@f@d@`@d@JLPPJLf@j@`@d@FFT\HBFFFHDLBJBJ?L?L?LCJCJEJEHGFEBGBI?GAOB_@J_@NUNURY\GJIHABSXGRITEJAHBZ@VCLCNEJGHGHGBIBIAGAIEEEEGCGEIAICKAY@O@QBMFMDKHGHEH?D?JEHGJINUBU?G?KEc@?IA]CGe@oAo@{AMYGKIGK?K@KJyAyD~@`CXv@JKJAJ?HFFJLXn@zAd@nABFNRJJBDB@B@F@D?JCr@aA`@g@DKPQ@IM}@GYM[GKQWQSUWaB_Bg@g@oAkA]]KMk@y@MSM]K]I[G[EMUk@a@[SUOa@Mg@Go@Cg@Mi@KYKSYUi@Mc@GMKMMIr@?DvBdDAAuBcD?EHs@VENBd@Fh@NN@VCDA\OVe@Ra@d@k@ZWNE^CP@R@ZR\ZVl@Jh@Ff@@H@fAAVC^@dAFl@Jh@Vd@X\CVK\EJIDG@[Hk@Xk@ZEYNI	Click to Generate
S25	10	1			2	St Thomas (S25)	The Salvation Army - Rotherham (S25)		813	610	adceIhmoGMOMMQMCNCJk@bAIL}@wCGQNKV[EDQTOJFP|@vCMTQRSVYZ[d@e@r@a@r@ILOTQRMPKJQNC@@J?NCPIf@IX@]?QAQESZYBAPOJKLQPSNUHM`@s@d@s@JONUX[RWPSLUHMj@cABKBOPLLLLN	Click to Generate
S25	30	1			2	The Cruise Holiday Shop (S25)	Mint Nail (S25)		2318	1738	gm_eIrgrGCh@p@fB??T]T[T]T[V]T]CGQc@Qc@Qe@Qe@Qc@Qc@Qg@BUpBwCBK@A@O@MCYKOIOKMOSOOMM_@YGCMGQIGAYCWEWAO?G@E@c@FMDQHEBGBMHSNSNWTEDa@ZUR]b@Q^Wf@Qf@Of@EXGVKt@AJ@N@LDJ?@HLnBRFBBD@D?D?D?B?RAFE@QAwAOCBAF?F?DBFR@ZDZBZDP@B@@B@JMzEAZt@pB??SZ}@_C@m@NkF[E[C[ESACG?E?G@GBCvANFCBE?I?GACCCC?eBSKAGCGKIMGQAW@O@OHi@F]?E@EDQLi@DMLYJU@EHORc@PWRULMHKNMNO^YROZQFELGTGREVGDAFAH?P?`@@P@D@VDXFHDJF\TLJLNLPNPVd@NZNZENCLGFKPEFSZ}A|BK@a@M?h@Ap@EbAC|@CbA?T	Click to Generate
S25	30	1			2	Shirefreen News 'n' Booze (S25)	Hartley Brook Road Post Office (S25)		2196	1647	ctceI~oyGOwAF]@O?K?K_AVe@Ja@F}@A_@CKCGIGGZo@Cq@?i@Ac@AeB?{BBkA?KZ@??[A?JCjA?zB@dB@b@?h@Bp@[n@Q^Qb@K`@Ib@Kf@Ed@AXCXAl@@n@@d@D`@F^DRLh@Rj@Rj@Th@RZDF\f@Z\`@\b@NZL`AR`AFn@@rBA^AT?bAAXAT?d@@r@Fv@Jv@Pr@Pp@TT}ADW@EBADAbAj@Iv@QjAo@]OGOIq@Us@Qw@Qw@Ks@Ge@ACSGQKSe@cA]{@_@cAWy@Qq@Me@SaAUkAQmAEYMiAKcAGaAEu@wA^_@L?J?JANG\NvA	Click to Generate
S25	30	1			2	Beck Primary School (S25)	Shiregreen Medical Centre (S25)		2881	2161	i|beIrgzG??KJGNEPOGOIq@Us@Qw@Qw@Ks@Ge@ACSGQKSe@cA]{@_@cAWy@Qq@Me@SaAUkAQmAEYMiAKcAGaAEu@wA^_@L?J?JANG\NvA??OwAF]@O?K?K^MvA_@Cg@E_AAw@Ac@@e@?W?WFCAe@?G?YAS?M@g@?SBi@D}ABe@Bi@Hk@N{@R}@Tu@Vi@JSd@y@P[HU@QAQXKXK`@ONGx@Ul@M\GLAd@E`@@XFPHvAn@rAp@h@VPHPLNLJJPBLBPF\PjB~@`Ah@B@HD|Az@d@Rf@Tj@TZHNDv@PD@AT]nFWbFcDc@y@Im@Ga@CM@C@EFgAgAMK]]CAGEMGMAc@@M??R?xB?V@bA?nC?L?l@Cd@C`@Er@IdAM`BGf@I|@Iv@MtA[lDUvBANIv@KEK?OD	Click to Generate
S25	60	1			2	Sci-Tek Snack Shack (S25)	Kelford School (S25)		11231	8423	}paeIxxlGWFSDWJMZUHQ?[@_@AMCkAa@m@MCOAOAe@OsGAYCSOs@EKEGGCEAQHOL]d@KLKDIBC?SBGHIl@C^EVeAjBMRu@pA[j@U`@aA~AYd@u@nAQX_@h@k@h@MLOPILWe@ESCO?CA]?QBcE?Y@yA@wB?W@[?G?_A@eBBkB?K?c@B}B@qA?yA@wABiA?S@kA@g@?EAq@AoAC{@GoA?]Ba@Jy@f@sELcAv@eHRiBDg@?}@?g@?wA?O?_BAaACo@Ce@E_@Iy@Gg@E]EWEm@CUAa@EmAGm@AQAo@?S?k@?g@NBr@DbADL@xAJnB?pBBd@AtAWdI}CtAi@PQHOBQBOHOHKJGLCJ@JDJJHLDRDR@VF^N|@VdAFVPx@b@~@Xr@RRJHVNH@DBHPBNAT?@?V@RJn@Nl@Nr@B\FPDRb@|AJr@b@nCZpBBTr@zE^dCf@|CP~@Pl@Vv@Xp@\h@^d@TVjAdAp@h@XHD@TFHAD?JFDFDR@N?JETILGDE@EAKHC@KLEDIRoApBcAzAuAjB\xAR~@@~@A`B@z@Dp@Jr@Lp@X|@Lb@DLVpARdALhAHfADbA@t@@V?`ACt@MfA?HAn@BfA@z@RvL@|@ZxQ[yQ?EAw@SwLA{@CgA@o@?ILgABu@?aAAWAu@EcAIgAMiASeAWqAEMMc@Y}@Mq@Ks@Eq@A{@@aBA_AS_A]yAtAkBbA{AnAqBHS@KBU?C@]AOK_@ACQc@q@i@kAeAUW_@e@]i@Yq@Ww@Qm@Q_Ag@}C_@eCs@{ECU[qBc@oCKs@c@}AESGQIUK[IUYcAKSU[CCGMCOCk@GWMg@Ys@c@_A[i@]m@UUw@g@KCIEc@S]Ea@?e@LeIdDeBd@uAV_@BK@qAF}AAaBKWJMJIJEFCFGPKd@?FDlA@`@BTDl@DVD\Ff@Hx@D^Bd@Bn@@`A?~A?N?vA?f@?|@Ef@ShBw@dHMbAg@rEKx@C`@?\FnABz@@nA@p@?DAf@AjA?RChAAvA?xAApAC|B?b@?JCjBAdB?~@?FAZ?VAvBAxA?XCbE?P@\?BBNDRVd@MZQp@b@b@bA`A\^j@x@FHnA`C`@t@l@nAf@vAN`@Pf@HTXx@`@nAZ~@BLPj@^|A?DHl@BNDVFp@HtAFtADtAFxBB`@eAHECqByBGNEDIBGAEIEHK\_@vAAH?JDVDNB@@B@D?@@BAD?DCBA@C@CACCAC?EAE@E@CBC@AB?EOEW?K@I^wAJ]DIAI?KFWTTHHpBxBDBdAICa@GyBEuAGuAIuAGq@EWCOIm@?E_@}AQk@CM[_Aa@oAYy@IUQg@Oa@g@wAm@oAa@u@oAaCGIk@y@]_@cAaAc@c@Pq@L[HMNQLMj@i@^i@PYt@oAXe@`A_BTa@Zk@t@qALSdAkBDWB_@Hm@FIRCB?HCJEJM\e@NMPID@FBDFDJNr@BR@XNrG@d@@NBNl@LjA`@LB^@ZAP?TIL[VKREVG	Click to Generate
S25	10	1			2	Blackburn Primary School (S25)	Blackburn Youth Club (S25)		753	565	y{beIlftGKj@@PDLNRHLRc@FW|@l@DMDSN_@j@eA??k@dAO^EREL}@m@@S@IB_A?O?o@Bo@Do@Fc@Hi@Fk@Fs@Ba@Be@Bg@XAJ???K?Y@Cf@Cd@C`@Gr@Gj@Ih@Gb@En@Cn@?n@?NC~@AHARGVSb@IMOSEMAQJk@	Click to Generate
S25	10	1			2	Blackburn Youth Club (S25)	Blackburn Minimarket (S25)		768	576	avbeIdetGk@dAO^EREL}@m@@S@IB_A?O?o@Bo@Do@Fc@Hi@Fk@Fs@Ba@Be@Bg@XAJ???K?Y@Cf@Cd@C`@Gr@Gj@Ih@Gb@En@Cn@?n@?NC~@AHARGVSb@IMOSEMAQJk@BUO`A@PDLNRHLRc@FW|@l@DMDSN_@j@eA	Click to Generate
S25	10	1			2	Blackburn Primary School (S25)	Blackburn Minimarket (S25)		767	575	awbeI`wsGK?Y@Cf@Cd@C`@Gr@Gj@Ih@Gb@En@Cn@?n@?NC~@AHAR|@l@DMDSN_@j@eA??k@dAO^EREL}@m@GVSb@IMOSEMAQJk@BUO`A@PDLNRHLRc@FW@S@IB_A?O?o@Bo@Do@Fc@Hi@Fk@Fs@Ba@Be@Bg@XAJ?	Click to Generate
S25	5	1			2	Two Dinners Ignatiu (S25)	Abbey School (S25)		456	342	skceI~kqGGTkCpB??ODQCg@YYCw@Eq@@Al@??@m@p@Av@DXBf@XPBNEjCqBFU	Click to Generate
S25	20	1			2	AllSaints (S25)	SYPTE (S25)		1635	1226	ev_eInfrGMnEAZt@pB??SZ}@_C@m@NkF[E[C[ESACG?E?G@GBCvANFCBE?I?GACCCC?eBSIDA@EDGNEP?JAvG?LAt@@P?J?^ATABEVo@~@GJKRILKNEPADEJBHFDXd@V`@FJ?\@P?X\l@HLNVNXXm@^y@gAsBuAkAGEUQk@g@GEOKO[EGCICICGA[?S?I@I@KDSXUDEVOlAi@T[@ABMDU@{@?uCJe@@QDOHGFEHAH@nBRFBBD@D?D?D?B?RAFE@QAwAOCBAF?F?DBFR@ZDZBZDP@B@@B@J?J	Click to Generate
S25	20	1			2	St Lawrence Church (S25)	Tinsley Meadows Primary School (S25)		1903	1427	qz~dIhjoG`ByAIQAEEGCEKIOC@_@?SBODMr@}ADGFEHAH?NJLFHBFAFdABHDBB@CAECCIGeAG@ICMGOKI?I@GDEFs@|AEL?BCJ?RA^NBJHBDDF@DHPRp@BHHXFVRp@HZ_Ax@GFq@l@q@r@UVg@j@WZ[f@u@hAm@`AINmAvDELQ`@]h@U\OX]r@EIa@s@e@gA]eA[_AtAmBq@qBM@KDCDOa@??N`@BEJELAp@pBuAlBZ~@\dAd@fA`@r@DH\s@NYT]\i@Pa@DMlAwDHOl@aAt@iAZg@V[f@k@TWG]Kq@G_@Oy@Ie@v@u@	Click to Generate
S25	20	1			2	Tinsley Meadows Primary School (S25)	Hanfia Masjid (S25)		1683	1262	{t_eIxeoG?LJdBPGXjEbC`HjAfDNh@tAmBq@qBM@KDCDOa@??N`@BEJELAp@pBuAlBOi@kAgDaBxB}AtBoA~AKNkAfBOTIS{@oBUi@Ys@EK]cAUo@[g@MYGMGKY_@UU[a@GKKMCO?O@Y?GDk@Bm@Cq@AMCUAu@Lh@?@Ht@DCHCRIhFwAnFcBKeB?M	Click to Generate
S25	20	1			2	Suzy (S25)	Freddy (S25)		1938	1454	a_deIxfrG~CtD`AfAxAbBLJj@d@PLb@VjCjALFFBx@Z~@h@`DzBvDbCvBvAr@f@d@d@f@b@[bBAJKv@Kz@E~@Al@Aj@?l@IEECIQCSDYFGBALE@m@D_AJ{@Jw@@KZcBg@c@e@e@s@g@wBwAwDcCaD{B_Ai@y@[GCMGkCkAc@WMKCAk@e@MK{CkD_DuD	Click to Generate
S25	20	1			2	Blackburn Primary School (S25)	Blackburn Youth Club (S25)		2006	1504	a`beIf{sGSHeAd@}BfAa@TCBi@^Om@w@oCOg@s@{B[cAYw@Yu@m@kAOWi@{@CCQUQUW]SUCE[bBAJKv@Kz@E~@Al@Aj@?l@Ar@?FCf@Cd@C`@Gr@Gj@Ih@Gb@En@Cn@?n@?NC~@AHAR|@l@DMDSN_@j@eA??k@dAO^EREL}@m@@S@IB_A?O?o@Bo@Do@Fc@Hi@Fk@Fs@Ba@Be@Bg@XAJ???K?Y@?G@s@?m@@k@@m@D_AJ{@Jw@@KZcBBDRTV\PTPTBBh@z@NVl@jAXt@Xv@ZbAr@zBNf@v@nCNl@h@_@BC`@U|BgAdAe@RI	Click to Generate
S25	20	1			2	Townhouse (S25)	SYPTE (S25)		1822	1366	_u_eIlqrG??SZ}@_C@m@NkFP@B@@B@JEnAGjC[C[C[E[CQCLkFCG?E?G@GBCvANFCBE?I?GACCCC?eBSIDA@EDGNEP?JAvG?LAt@@P?J?^ATABEVo@~@GJKRILKNEPADEJBHFDXd@V`@FJ?\@P?X\l@HLNVNXXm@^y@gAsBuAkAGEUQk@g@GEOKO[EGCICICGA[?S?I@I@KDSXUDEVOlAi@T[@ABMDU@{@?uCJe@@QDOHGFEHAH@nBRFBBD@D?D?D?B?RAFE@QAwAOCBAF?F?DBFR@ZDZBZDP@B@@B@JMzEAZt@pB	Click to Generate
S25	20	1			2	Meadow View Primary School (S25)	South Street Convenience Store (S25)		1518	1138	wpbeIj_pGKVm@u@[]SOSMe@QKEo@SUISMQO]c@GIc@k@i@u@s@}@^oARm@??Sl@_@nAr@|@h@t@b@j@FH\b@PNRLTHn@RJDd@PRLRNZ\l@t@r@kBv@sBBIt@uBTm@Ne@Le@XwADSn@aDx@l@B@b@\PLxAdA{AlFWYiA|CGHIEaCoCu@tBCHw@rBg@rA	Click to Generate
S25	15	1			2	St Thomas Church Wincobank (S25)	Fife Street Stores (S25)		1213	910	_s`eIzytGGOGUWuAKo@OoAIk@w@oHSgBOkA_@eDO{AOuAm@V}@ZwB`A]HI@OAU?a@?YDQHYTRdAXvA\dBPt@Jn@@Dr@fEFV^u@NYZUjA{@FJLN`@l@d@j@VV^^^\^`@VVPLNnAJn@VtAFTFN	Click to Generate
S25	45	1			2	Phase Eight (S25)	SYPTE (S25)		3217	2413	_u_eIlqrG??SZ}@_C@m@NkF[E[C[ESACG?E?G@GBCvANFCBE?I?GACCCC?eBSKAGCGKIMGQAW@O@OHi@F]?E@EDQLi@DMLYJU@EHORc@PWRULMHKNMNO^YROZQFELGTGREVGDAFAH?P?`@@P@D@VDXFHDJF\TLJLNLPNPVd@NZNZENCLGFKPEFSZ}A|BK@a@M?h@Ap@EbAC|@CbAAf@AVp@fBT]T[T]T[V]T]CGQc@Qc@Qe@Qe@Qc@Qc@Qg@BUpBwCBK@A@O@MCYKOIOKMOSOOMM_@YGCMGQIGAYCWEWAO?G@E@c@FMDQHEBGBMHSNSNWTEDa@ZUR]b@Q^Wf@Qf@Of@EXGVKt@AJG~@C`A?JAvG?LAt@@P?J?^ATABEVo@~@GJKRILKNEPADEJBHFDXd@V`@FJ?\@P?X\l@HLNVNXXm@^y@gAsBuAkAGEUQk@g@GEOKO[EGCICICGA[?S?I@I@KDSXUDEVOlAi@T[@ABMDU@{@?uCJe@@QDOHGFEHAH@nBRFBBD@D?D?D?B?RAFE@QAwAOCBAF?F?DBFR@ZDZBZDP@B@@B@JMzEAZt@pB	Click to Generate
S25	30	1			2	Zara (S25)	The Cruise Holiday Shop (S25)		2505	1879	_u_eIlqrG??SZ}@_C@m@NkFP@B@@B@JKnDAj@[C[C[E[CQCLkFCG?E?G@GBCvANFCBE?I?GACCCC?eBSKAGCGKIMGQAW@O@OHi@F]?E@EDQLi@DMLYJU@EHORc@PWRULMHKNMNO^YROZQFELGTGREVGDAFAH?P?`@@P@D@VDXFHDJF\TLJLNLPNPVd@NZNZENCLGFKPEFSZ}A|BK@a@M?h@Ap@EbAC|@CbAC~@p@fB??T]T[T]T[V]T]CGQc@Qc@Qe@Qe@Qc@Qc@Qg@BUpBwCBK@A@O@MCYKOIOKMOSOOMM_@YGCMGQIGAYCWEWAO?G@E@c@FMDQHEBGBMHSNSNWTEDa@ZUR]b@Q^Wf@Qf@Of@EXGVKt@AJ@N@LDJ?@HLnBRFBBD@D?D?D?B?RAFE@QAwAOCBAF?F?DBFR@ZDZBZDP@B@@B@JMzEAZt@pB	Click to Generate
S25	15	1			2	St Thomas Church Wincobank (S25)	Wincobank Post Office (S25)		1148	861	ycaeIfgtGKo@Qu@]eBYwASeAXUPIXE`@?T?N@HA\IvBaA|@[l@WNtANzA^dDNjAbBu@g@oEe@mEMD_A\E@QHm@V}@ZwB`A]HI@OAU?a@?YDQHYTRdAXvA\dBPt@Jn@	Click to Generate
S25	30	1			2	The White Company (S25)	Barbour (S25)		2575	1931	up_eIl{qG_@EWCGCECE?ICGCEGG@EACECEAO@KCYEUIe@AEAQ?S?K@I@MJ[ROZQFELGTGREVGDAFAH?P?`@@P@D@VDXFHDJF\TLJLNLPNPVd@NZNZENCLGFKPEFSZ}A|BK@a@M?h@Ap@EbAC|@CbAC~@??p@fBT]T[T]T[V]T]CGQc@Qc@Qe@Qe@Qc@Qc@Qg@BUpBwCBK@A@O@MCYKOIOKMOSOOMM_@YGCMGQIGAYCWEWAO?G@E@c@FMDQHEBGBMHSNSNWTEDa@ZUR]b@Q^Wf@Qf@Of@EXGVKt@AJ@N@LDJ?@HLnBRFBBD@D?D?D?B?RAFE@QAwAOCBAF?F?DBFR@ZDZBZDP@B@@B@JMzEAZt@pB??SZ}@_C@m@NkF[E[C[ESACG?E?G@GBCvANFCBE?I?GACCCC?eBSKAGCGKIMGQAW@O@OHi@F]?E@EDQLi@DMLYJU@EHORc@PWRULMHKPCJGF@D@BBDDH`@@FVnABRDFFLFJFNDBFBVB^D	Click to Generate
S25	20	1			2	Suzy (S25)	Yazier (S25)		1779	1334	gsceInsrGCAk@e@MKyAcBaAgAoGwHWMoCs@A~@?f@FVbBdBf@fAj@r@J`@@f@CHEL@h@t@pBhBpDr@`B^l@b@dAxAv@n@f@rApA`AHfAl@Zp@@jAFYDIHIL@JH|@bAx@xAv@|BJFFWKcCO{@[qA[eAYiASw@c@y@Qw@SqA??Ky@Mg@I]C]@g@GCMGkCkAc@WMK	Click to Generate
S25	20	1			2	Townhouse (S25)	SYPTE (S25)		1822	1366	_u_eIlqrG??SZ}@_C@m@NkFP@B@@B@JEnAGjC[C[C[E[CQCLkFCG?E?G@GBCvANFCBE?I?GACCCC?eBSIDA@EDGNEP?JAvG?LAt@@P?J?^ATABEVo@~@GJKRILKNEPADEJBHFDXd@V`@FJ?\@P?X\l@HLNVNXXm@^y@gAsBuAkAGEUQk@g@GEOKO[EGCICICGA[?S?I@I@KDSXUDEVOlAi@T[@ABMDU@{@?uCJe@@QDOHGFEHAH@nBRFBBD@D?D?D?B?RAFE@QAwAOCBAF?F?DBFR@ZDZBZDP@B@@B@JMzEAZt@pB	Click to Generate
S25	30	1			2	Beck Primary School (S25)	Shiregreen Medical Centre (S25)		2881	2161	s|beI|gzGA@GNEPOGOIq@Us@Qw@Qw@Ks@Ge@ACSGQKSe@cA]{@_@cAWy@Qq@Me@SaAUkAQmAEYMiAKcAGaAEu@wA^_@L?J?JANG\NvA??OwAF]@O?K?K^MvA_@Cg@E_AAw@Ac@@e@?W?WFCAe@?G?YAS?M@g@?SBi@D}ABe@Bi@Hk@N{@R}@Tu@Vi@JSd@y@P[HU@QAQXKXK`@ONGx@Ul@M\GLAd@E`@@XFPHvAn@rAp@h@VPHPLNLJJPBLBPF\PjB~@`Ah@B@HD|Az@d@Rf@Tj@TZHNDv@PD@AT]nFWbFcDc@y@Im@Ga@CM@C@EFgAgAMK]]CAGEMGMAc@@M??R?xB?V@bA?nC?L?l@Cd@C`@Er@IdAM`BGf@I|@Iv@MtA[lDUvBANIv@KEK?ODIH	Click to Generate
S25	20	1			2	Beck Primary School (S25)	Shirefreen News 'n' Booze (S25)		2056	1542	o~beIljzGJ}@q@Us@Qw@Qw@Ks@Ge@ACSGQKSe@cA]{@_@cAWy@Qq@Me@SaAUkAQmAEYMiAKcAGaAEu@wA^_@L?J?JANG\NvA??OwAF]@O?K?K_AVe@Ja@F}@A_@CKCGIGGZo@Cq@?i@Ac@AeB?{BBkA?KZ@??[A?JCjA?zB@dB@b@?h@Bp@[n@Q^Qb@K`@Ib@Kf@Ed@AXCXAl@@n@@d@D`@F^DRLh@Rj@Rj@Th@RZDF\f@Z\`@\b@NZL`AR`AFn@@rBA^AT?bAAXAT?d@@r@Fv@Jv@Pr@Pp@TK|@	Click to Generate
S25	30	1			2	Beck Primary School (S25)	Shirefreen News 'n' Booze (S25)		2105	1579	y|beInkzGAGEUCU@YOGOIq@Us@Qw@Qw@Ks@Ge@ACSGQKSe@cA]{@_@cAWy@Qq@Me@SaAUkAQmAEYMiAKcAGaAEu@wA^_@L?J?JANG\NvA??OwAF]@O?K?K_AVe@Ja@F}@A_@CKCGIGGZo@Cq@?i@Ac@AeB?{BBkA?KZ@??[A?JCjA?zB@dB@b@?h@Bp@[n@Q^Qb@K`@Ib@Kf@Ed@AXCXAl@@n@@d@D`@F^DRLh@Rj@Rj@Th@RZDF\f@Z\`@\b@NZL`AR`AFn@@rBA^AT?bAAXAT?d@@r@Fv@Jv@Pr@Pp@TNHNFAXBTDT@F	Click to Generate
S25	60	1			2	Crow Girl (S25)	Suzy (S25)		5661	4246	obeeI|`uGMa@m@qBmCol@IoDUyEUiFC}A?SDyEBgAAKOy@d@eBXw@fFeNd@qABIHJ\^h@f@\Xd@\nBzA^HXBrBNpCXh@JvCx@FBnCr@VLnB`C~CtD`AfAxAbBLJj@d@PLb@VjCjALFFBx@Z~@h@`DzBvDbCvBvAr@f@d@d@f@b@[bBAJKv@Kz@E~@Al@Aj@?l@IEECIQCSDYFGBALE@m@D_AJ{@Jw@@KZcBg@c@e@e@s@g@wBwAwDcCaD{B_Ai@y@[GCMGkCkAc@WQMk@e@MK{CkDoGwHWMoCs@GCwCy@i@KqCYsBOYC_@IoB{Ae@]]Yi@g@]_@IKCHe@pAgFdNYv@e@dBNx@@JCfAExE?RB|AThFTxEHnDlCnl@l@pBL`@	Click to Generate
S25	20	1			2	Wooley Tyres (S25)	Shirefreen News 'n' Booze (S25)		2051	1538	{}ceIz{wGLF@H@NDLHDBSLu@H}@Fg@Bi@B]g@iACEu@u@SWEIIMUg@KUIOYm@aAcBh@oB\cATi@Vi@^q@x@_BdAwBR\v@~Ae@Td@Uw@_BS]eAvBy@~A_@p@Wh@Uh@]bAi@nB`AbBXl@HNJTTf@NVRVt@t@BDf@hAC\Ch@Gf@I|@Mt@DH@F@JBf@Hd@H`@DNFNb@l@x@jASfAUxAOrAKfAOjBGdAEtACl@ClAZ@??[ABmABm@DuAFeANkBJgANsATyARgAy@kAc@m@GOEOIa@Ie@Cg@AKAGEICRIEEMAOAIMG	Click to Generate
S25	15	1			2	Madani Education Centre (S25)	Tinsley Meadows Primary School (S25)		1325	994	}|_eIlcpGz@nBHRl@lA`@z@DF`@x@Xd@`@j@JLRXHHVRNHTHVENBd@Fh@NN@VCDA\OVe@Ra@NeAHoAHy@No@L[LUEIa@s@e@gA]eAWu@CItAmBq@qBM@KDCDOa@??N`@BEJELAp@pBuAlBOi@kAgDaBxB}AtBoA~AKNkAfBOTIS{@oB	Click to Generate
S25	30	1			2	Beck Primary School (S25)	Shiregreen Medical Centre (S25)		2888	2166	m}beIpezGU|Aq@Us@Qw@Qw@Ks@Ge@ACSGQKSe@cA]{@_@cAWy@Qq@Me@SaAUkAQmAEYMiAKcAGaAEu@wA^_@L?J?JANG\NvA??OwAF]@O?K?K^MvA_@Cg@E_AAw@Ac@@e@?W?WFCAe@?G?YAS?M@g@?SBi@D}ABe@Bi@Hk@N{@R}@Tu@Vi@JSd@y@P[HU@QAQXKXK`@ONGx@Ul@M\GLAd@E`@@XFPHvAn@rAp@h@VPHPLNLJJPBLBPF\PjB~@`Ah@B@HD|Az@d@Rf@Tj@TZHNDv@PD@AT]nFWbFcDc@y@Im@Ga@CM@C@EFgAgAMK]]CAGEMGMAc@@M??R?xB?V@bA?nC?L?l@Cd@C`@Er@IdAM`BGf@I|@Iv@MtA[lDUvBANcAk@E@C@ADEV	Click to Generate
S25	20	1			2	AllSaints (S25)	SYPTE (S25)		1644	1233	cv_eIjerG??CJ@JMzEAZt@pB??SZ}@_C@m@NkF[E[C[ESACG?E?G@GBCvANFCBE?I?GACCCC?eBSIDA@EDGNEP?JAvG?LAt@@P?J?^ATABEVo@~@GJKRILKNEPADEJBHFDXd@V`@FJ?\@P?X\l@HLNVNXXm@^y@gAsBuAkAGEUQk@g@GEOKO[EGCICICGA[?S?I@I@KDSXUDEVOlAi@T[@ABMDU@{@?uCJe@@QDOHGFEHAH@nBRFBBD@D?D?D?B?RAFE@QAwAOCBAF?F?DBFR@ZDZBZDP@B@@BBK??	Click to Generate
S25	15	1			2	Hancock Cars (S25)	Shirefreen News 'n' Booze (S25)		1374	1030	s_deIbpwG??NVRVt@t@BDf@hAC\Ch@Gf@I|@Mt@CRIEEMAOAIMGGEOAI@EF_@xB^yBDGHAN@TL@H@NDLHDe@hCHCNEJAH?L?D?FCDNFNb@l@x@jASfAUxAOrAKfAOjBGdAEtACl@ClAZ@??[ABmABm@DuAFeANkBJgANsATyARgAy@kAc@m@GOEOIa@Ie@Cg@AKAGEILu@H}@Fg@Bi@B]g@iACEu@u@SWOW??	Click to Generate
S25	20	1			2	Masjid Abu Bakr (S25)	Tinsley Sports and Social Club (S25)		1556	1167	cw~dIvkoG\YRp@HZ_Ax@GFq@l@q@r@UVZlBJEHEPQd@c@w@t@IDKD[mBTWp@s@p@m@FG~@y@bC{BRQd@e@X]T]N]Pc@DQFWF_@@Ib@qDLeAPyAX}BBOD_@D]Ju@MAIAG@}A|@OFM???L?NG|A}@FAH@L@Kt@E\E^CNY|BQxAMdAc@pDAHG^GVEPQb@O\U\Y\e@d@SPcCzBI[Sq@]X	Click to Generate
S25	20	1			2	St Lawrence Church (S25)	Tinsley Meadows Primary School (S25)		2011	1508	kz~dI~noG[^Jp@F\p@s@p@m@FG~@y@I[Sq@GWIYCISq@IQAEEGCEKIOC@_@?SBODMr@}ADGFEHAH?NJLFHBFAFdABHDBB@CAECCIGeAG@ICMGOKI?I@GDEFs@|AEL?BCJ?RA^NBJHBDDF@DHPRp@BHHXFVRp@HZ_Ax@GFq@l@q@r@UVg@j@WZ[f@u@hAm@`AINmAvDELQ`@]h@U\OX]r@EIa@s@e@gA]eA[_AtAmBq@qBM@KDCDOa@??N`@BEJELAp@pBuAlBZ~@\dAd@fA`@r@DH\s@NYT]\i@Pa@DMlAwDHOl@aAt@iAZg@V[f@k@TWG]Kq@Z_@	Click to Generate
S25	20	1			2	Ernest Jones (S25)	SYPTE (S25)		1635	1226	gv_eIfgrGKvDAZt@pB??SZ}@_C@m@NkF[E[C[ESACG?E?G@GBCvANFCBE?I?GACCCC?eBSIDA@EDGNEP?JAvG?LAt@@P?J?^ATABEVo@~@GJKRILKNEPADEJBHFDXd@V`@FJ?\@P?X\l@HLNVNXXm@^y@gAsBuAkAGEUQk@g@GEOKO[EGCICICGA[?S?I@I@KDSXUDEVOlAi@T[@ABMDU@{@?uCJe@@QDOHGFEHAH@nBRFBBD@D?D?D?B?RAFE@QAwAOCBAF?F?DBFR@ZDZBZDP@B@@B@JAb@	Click to Generate
S25	15	1			2	Wincobank Fish Bar (S25)	Eastwoods (S25)		1266	950	qx`eI~_tGWuBO{AOuAm@V}@ZwB`A]HI@OAU?a@?YDQHYTRdAXvAl@@zBDDHZvCdAdBFJLN`@l@d@j@VV^^^\^`@VVPLNnAJn@VtAFTFN@DbAa@BEBE@E?Kw@eHeBv@w@oHSgBW{B	Click to Generate
S25	20	1			2	Tinsley Meadows Primary School (S25)	Madani Education Centre (S25)		1633	1225	ws_eI`~nGNxBX\RJETIPMLaAXAPJdBPGXjEbC`HjAfDNh@tAmBq@qBM@KDCDOa@??N`@BEJELAp@pBuAlBBHVt@\dAqEjGmBaCtFyHkAgDcCaHYkEQFKeB@Q`AYLMHQDUSKY]OyB	Click to Generate
S25	45	1			2	Reiss (S25)	Jump Inc (S25)		3304	2478	em_eIpfrGAJbAhCT[T]T[V]T]CGQc@Qc@Qe@Qe@Qc@Qc@Qg@BUpBwCBK@A@O@MCYKOIOKMOSOOMM_@YGCMGQIGAYCWEWAO?G@E@c@FMDQHEBGBMHSNSNWTEDa@ZUR]b@Q^Wf@Qf@Of@EXGVKt@AJ@N@LDJ?@HLnBRFBBD@D?D?D?B?RAFE@QAwAOCBAF?F?DBFR@ZDZBZDP@B@@B@JMzEAZt@pB??SZ}@_C@m@NkF[E[C[ESACG?E?G@GBCvANFCBE?I?GACCCC?eBSKAGCGKIMGQAW@O@OHi@F]?E@EDQLi@DMLYJU@EHORc@PWRULMHKNMNO^YROZQFELGTGREVGDAFAH?P?`@@P@D@VDXFHDJF\TLJLNLPNPVd@NZNZVh@f@nAJRJL@BDBDFNHNDF@DBHEH?D?JEHGJINUBU?G?KEc@?IA]CGe@oAINMN}@cC\~@^bALOHOd@nABFNRJJBDB@B@F@D?JCr@aA`@g@DKPQ@IDQDKFIFGDAFAD?D@HBFFFHDLBJBJ?L?L?LCJCJEJEHGFEBGBI?GAOB_@J_@NUNURY\GJIHABSXGRITEJAHBZ@VCLCNEJGHGHGBIBIAGAIEEEEGCGEIAICKAYM_@So@EKcAyBQ_@GFKPEFSZ}A|BK@a@M?h@Ap@EbAC|@Av@	Click to Generate
S25	30	1			2	Sainsbury's (S25)	American Golf (S25)		2525	1894	yb_eIhtqG^bALOHOd@nAl@{@Rb@??@An@eA@O?K?EEMaArAm@z@BFNRJJBDB@B@F@D?JCr@aA`@g@DKPQ@IM}@GYM[GKQWQSUWaB_Bg@g@oAkA]]KMk@y@MSM]K]I[G[EMUk@a@[SUOa@Mg@Go@Cg@?_@@]@UBQDSJa@Ve@Ra@d@k@ZWNE^CP@R@ZR\ZVl@Jh@Ff@@H@fAAVC^@dAFl@Jh@Vd@X\CVK\EJIDG@[Hk@Xk@ZEY`@UQJOHDXj@[j@YZIFAHEDKJ]_@_@S]OYKISGSAU@_@b@Oh@EPCPAT?TBd@Lh@R^NTHFz@v@XXl@l@d@f@f@d@`@d@JLPPJLf@j@`@d@FFT\HBFFFHDLBJBJ?L?L?LCJCJEJEHGFEBGBI?GAOB_@J_@NUNURY\GJIHABSXGRITEJAHBZ@VCLCNEJGHGHGBIBIAGAIEEEEGCGEIAICKAY@O@QBMFMDKHGHEH?D?JEHGJINUBU?G?KEc@?IA]CGe@oAINMN_@cA	Click to Generate
S25	45	1			2	South Street Convenience Store (S25)	Dave's Fish Bar (S25)		3803	2852	uebeIv{nG@BAD?DCBA@C@CACCAC?EAE@E@CBC@AB?EOEW?K@I^wAJ]DIAI?KFWTTHHpBxBDBdAIFpB@j@Bb@@l@BV@T@PHrAJdABTRdBNdANlAj@lERxAD`@Jv@DZGBGBG?IAGGYm@GM_@w@eBoDi@kAc@{@KQKKyAeAQMc@]CAy@m@o@`DERYvAMd@Od@Ul@u@tBCHw@rBg@rAKVm@u@[]SOSMe@QKEo@SUISMQO]c@GIc@k@i@u@s@}@KOk@u@k@s@EGSWu@{@MMQM?MAOCWGu@K}@EWKi@GS]sAKi@G]GYGm@Gm@Ci@Ae@@c@Be@Hg@Hc@Rs@N_@DMNc@Vi@HQHSDSBM@QHk@BSLmAJ_ANaABQ?EBIJw@DY@Y?m@?a@C[GwBC_@?KC_@AS?WAg@@m@?C@]@_@BYDe@Hm@FYFa@Ha@DSPs@d@kBJi@D]DUTgBBQDSjB~A~AxAZXd@d@`B~ATRLLb@b@bA`A\^j@x@FHnA`C`@t@l@nAf@vAN`@Pf@HTXx@`@nAZ~@BLPj@^|A?DHl@BNDVFp@HtAFtADtAFxBB`@eAHECqByBGNEDIBGAEIEHK\_@vAAH?JDVDNB@@B@D?@	Click to Generate
S25	45	1			2	Urban Outfitters (S25)	SYPTE (S25)		3217	2413	_u_eIlqrG??SZ}@_C@m@NkF[E[C[ESACG?E?G@GBCvANFCBE?I?GACCCC?eBSKAGCGKIMGQAW@O@OHi@F]?E@EDQLi@DMLYJU@EHORc@PWRULMHKNMNO^YROZQFELGTGREVGDAFAH?P?`@@P@D@VDXFHDJF\TLJLNLPNPVd@NZNZENCLGFKPEFSZ}A|BK@a@M?h@Ap@EbAC|@CbAC~@??p@fBT]T[T]T[V]T]CGQc@Qc@Qe@Qe@Qc@Qc@Qg@BUpBwCBK@A@O@MCYKOIOKMOSOOMM_@YGCMGQIGAYCWEWAO?G@E@c@FMDQHEBGBMHSNSNWTEDa@ZUR]b@Q^Wf@Qf@Of@EXGVKt@AJG~@C`A?JAvG?LAt@@P?J?^ATABEVo@~@GJKRILKNEPADEJBHFDXd@V`@FJ?\@P?X\l@HLNVNXXm@^y@gAsBuAkAGEUQk@g@GEOKO[EGCICICGA[?S?I@I@KDSXUDEVOlAi@T[@ABMDU@{@?uCJe@@QDOHGFEHAH@nBRFBBD@D?D?D?B?RAFE@QAwAOCBAF?F?DBFR@ZDZBZDP@B@@B@JMzEAZt@pB	Click to Generate
S25	15	1			2	The Manor Barn (S25)	Kimberworth Library (S25)		1072	804	k~beIhjnGMz@GDG?IEEEAE?G^eCD[@E@SAKKMUCQE]SKEC?G?ICc@YCPO`AK~@MlACRIj@APCLERIRIPWh@Ob@ELO^Sr@Ib@If@ATANAb@@d@Bh@Fl@Fl@FXF\XU@CDELS`BkDYYMMKQq@_BS]OUN_@DMNc@Vi@HQHSDSBM@QHk@t@t@NLF@FCDGXmBN}@BKBEF@TLTN\T@FO~@	Click to Generate
S25	10	1			2	The Manor Barn (S25)	Bake N Butty (S25)		1033	775	qgceId_oGDELS`BkDYYMMKQq@_BS]OUSr@Ib@If@ATANAb@@d@Bh@Fl@Fl@FXF\Jh@\rAFRJh@DVJ|@Ft@BV@N?LPLLLLNf@j@RVDFj@r@j@t@JN^oARm@Sl@_@nAKOk@u@k@s@EGSWu@{@MMQM?MAOCWGu@K}@EWKi@GS]sAKi@XU@C	Click to Generate
S25	10	1			2	The Manor Barn (S25)	Bake N Butty (S25)		1033	775	qgceId_oGDELS`BkDYYMMKQq@_BS]OUSr@Ib@If@ATANAb@@d@Bh@Fl@Fl@FXF\Jh@\rAFRJh@DVJ|@Ft@BV@N?LPLLLLNf@j@RVDFj@r@j@t@JN^oARm@Sl@_@nAKOk@u@k@s@EGSWu@{@MMQM?MAOCWGu@K}@EWKi@GS]sAKi@XU@C	Click to Generate
S25	45	1			2	Tommy Hilfiger (S25)	SYPTE (S25)		3217	2413	_u_eIlqrG??SZ}@_C@m@NkF[E[C[ESACG?E?G@GBCvANFCBE?I?GACCCC?eBSKAGCGKIMGQAW@O@OHi@F]?E@EDQLi@DMLYJU@EHORc@PWRULMHKNMNO^YROZQFELGTGREVGDAFAH?P?`@@P@D@VDXFHDJF\TLJLNLPNPVd@NZNZENCLGFKPEFSZ}A|BK@a@M?h@Ap@EbAC|@CbAC~@??p@fBT]T[T]T[V]T]CGQc@Qc@Qe@Qe@Qc@Qc@Qg@BUpBwCBK@A@O@MCYKOIOKMOSOOMM_@YGCMGQIGAYCWEWAO?G@E@c@FMDQHEBGBMHSNSNWTEDa@ZUR]b@Q^Wf@Qf@Of@EXGVKt@AJG~@C`A?JAvG?LAt@@P?J?^ATABEVo@~@GJKRILKNEPADEJBHFDXd@V`@FJ?\@P?X\l@HLNVNXXm@^y@gAsBuAkAGEUQk@g@GEOKO[EGCICICGA[?S?I@I@KDSXUDEVOlAi@T[@ABMDU@{@?uCJe@@QDOHGFEHAH@nBRFBBD@D?D?D?B?RAFE@QAwAOCBAF?F?DBFR@ZDZBZDP@B@@B@JMzEAZt@pB	Click to Generate
S25	20	1			2	American Golf (S25)	Madani Education Centre (S25)		2000	1500	cp_eI~wpGaA{A?EHs@VENBd@Fh@NN@VCDA\OVe@Ra@d@k@ZWNE^CP@R@ZR\ZVl@Jh@Ff@@H@fAAVC^@dAFl@Jh@Vd@X\CVK\EJIDG@[Hk@Xk@ZEY`@UQJOHDXj@[j@YZIFAHEDKJ]_@_@S]OYKISGSAU@_@b@WPWJ[BG?QEQGa@[SUOa@Mg@Go@Cg@?_@@]@UBQDSJa@Ve@Ra@NeAHoAHy@No@L[LUEIa@s@e@gA]eAWu@CIOi@kAgDaBxB}AtBoA~AKNkAfBOTl@lA`@z@DF`@x@Xd@`@j@JLRXHHVRNHTHIr@?D`AzA	Click to Generate
S25	20	1			2	Ernest Jones (S25)	SYPTE (S25)		1635	1226	gv_eIfgrGKvDAZt@pB??SZ}@_C@m@NkF[E[C[ESACG?E?G@GBCvANFCBE?I?GACCCC?eBSIDA@EDGNEP?JAvG?LAt@@P?J?^ATABEVo@~@GJKRILKNEPADEJBHFDXd@V`@FJ?\@P?X\l@HLNVNXXm@^y@gAsBuAkAGEUQk@g@GEOKO[EGCICICGA[?S?I@I@KDSXUDEVOlAi@T[@ABMDU@{@?uCJe@@QDOHGFEHAH@nBRFBBD@D?D?D?B?RAFE@QAwAOCBAF?F?DBFR@ZDZBZDP@B@@B@JAb@	Click to Generate
S25	15	1			2	Tinsley Meadows Primary School (S25)	Lily Chinese Massage (S25)		1420	1065	_l_eIn_pGCItAmBq@qBM@KDCDOa@??N`@BEJELAp@pBuAlBOi@kAgDaBxB}AtBoA~AKNkAfBOTl@lA`@z@DF`@x@Xd@`@j@JLRXHHVRNHTHIr@?DvBdDu@iAaA{A?EHs@VENBd@Fh@NN@VCDA\OVe@Ra@NeAHoAHy@No@L[LUEIa@s@e@gA]eAWu@	Click to Generate
S25	60	1			2	Blackburn Meadows Nature Reserve (S25)	ItsaGoal (S25)		10725	8044	aj`eI~{mGDnB@xC`@b@Dg@Bg@Do@NwBPaDBWFoAHcBHcBFu@HuALuB@Y@]@k@A}@GeAKyBIqBE{AK}A_@eGUwBEg@Ky@UsBOmBKeAE]EUOu@Qm@Si@Se@Uc@QKA?[GEAGCIICGCMAOK_@ACQc@q@i@kAeAUW_@e@]i@Yq@Ww@Qm@Q_Ag@}C_@eCs@{ECU[qBc@oCKs@c@}AESGQIUK[IUYcAKSU[CCGMCOCk@GWMg@Ys@c@_A[i@]m@UUw@g@KCIEc@S]Ea@?e@LeIdDeBd@uAV_@BK@qAF}AAaBKWJMJIJEFCFGPKd@?FDlA@`@BTDl@DVD\Ff@Hx@D^Bd@Bn@@`A?~A?N?vA?f@?|@Ef@ShBw@dHMbAg@rEKx@C`@?\FnABz@@nA@p@?DAf@AjA?RChAAvA?xAApAC|B?b@?JCjBAdB?~@?FAZ?VAvBAxA?XCbE?P@\?BBNDRVd@HMNQLMj@i@^i@PYt@oAXe@`A_BTa@Zk@t@qALSdAkBDWB_@Hm@FIRCB?HCJEJM\e@NMPID@FBDFDJNr@BR@XNrG@d@@NBNl@LjA`@LB^@ZAP?TIL[VKREVGDSC{FBzFER??WFSDWJMZUHQ?[@_@AMCkAa@m@MCOAOAe@OsGAYCSOs@EKEGGCEAQHOL]d@KLKDIBC?SBGHIl@C^EVeAjBMRu@pA[j@U`@aA~AYd@u@nAQX_@h@k@h@MLOPILMZQp@b@b@bA`A\^j@x@FHnA`C`@t@l@nAf@vAN`@Pf@HTXx@`@nAZ~@BLPj@^|A?DHl@BNDVFp@HtAFtADtAFxBB`@FpB@j@Bb@@l@BV@T@PHrAJdABTRdBNdANlAj@lERxAD`@Jv@DZRxA@L`@|CVrBHn@P`AN`A^|BPhAl@bDRbAr@tDLn@ZxAZfAf@~AX|@d@rAZbA\fAl@~Ar@~Ah@vAFN^dAZnATrAPfABHHZFRDJHRFJ^TLFN?\GTIj@m@jEgE|KiJ|EeEnCmCfCsCbFeGn@cA?ALSH]BODs@Cg@?_@@]@UBQDSJa@Ve@Ra@NeAHoAHy@No@L[LUEIa@s@e@gA]eA[_AOi@kAgDcCaHYkEQFKeB@Q`AYLMHQDUSKY]OyBIoAXhEX\RJETIPMLaAXAPJdBoFbBZ|DyBp@GBi@Ng@JIFGDKNO`@KZ[a@GKKMCO?O@Y?GDk@Bm@Cq@AMCUAu@COEc@CWQyBa@aFE_@Ei@A]GmAAYQgECkAEgBAo@Ae@?Y@q@Bs@@a@a@c@AyCEoB	Click to Generate
S25	20	1			2	Tinsley Barbers (S25)	Tinsley Meadows Primary School (S25)		1621	1216	ey~dIvuoGQPIDKD[mBTWp@s@p@m@FG~@y@I[Sq@]X??\YRp@HZ_Ax@GFq@l@q@r@UVg@j@WZ[f@u@hAm@`AINmAvDELQ`@]h@U\OX]r@EIa@s@e@gA]eA[_AtAmBq@qBM@KDCDOa@??N`@BEJELAp@pBuAlBZ~@\dAd@fA`@r@DH\s@NYT]\i@Pa@DMlAwDHOl@aAt@iAZg@V[f@k@ZlBJEHEPQ	Click to Generate
S25	20	1			2	American Golf (S25)	Madani Education Centre (S25)		2076	1557	on_eIfzpGuBcD?EHs@VENBd@Fh@NN@VCDA\OVe@Ra@d@k@ZWNE^CP@R@ZR\ZVl@Jh@Ff@@H@fAAVC^@dAFl@Jh@Vd@X\CVK\EJIDG@[Hk@Xk@ZEY`@UQJOHDXj@[j@YZIFAHEDKJ]_@_@S]OYKISGSAU@_@b@WPWJ[BG?QEQGa@[SUOa@Mg@Go@Cg@?_@@]@UBQDSJa@Ve@Ra@NeAHoAHy@No@L[LUEIa@s@e@gA]eAWu@CIOi@kAgDaBxB}AtBoA~AKNkAfBOTl@lA`@z@DF`@x@Xd@`@j@JLRXHHVRNHTHIr@?DtBbD	Click to Generate
S25	10	1			2	Bake N Butty (S25)	Kimberworth Post Office (S25)		1033	775	g}beIpooGSl@_@nAKOk@u@k@s@EGSWg@k@MOMMQM?MAOCWGu@K}@EWKi@GS]sAKi@G]GYGm@Gm@Ci@Ae@@c@Be@Hg@Hc@Rs@NTR\p@~AJPLLXXaBjDMREDABYTJh@\rAFRJh@DVJ|@Ft@BV@N?LPLLLt@z@RVDFj@r@j@t@JN^oARm@	Click to Generate
S25	30	1			2	Reiss (S25)	Jump Inc (S25)		2968	2226	ct_eIx_rG@SBu@BsA?OG@EACECEAO@KCYEUIe@ECAAGEGCM?UR]b@Q^Wf@Qf@Of@EXGVKt@AJ@N@LDJ?@HLnBRFBBD@D?D?D?B?RAFE@QAwAOCBAF?F?DBFR@ZDZBZDP@B@@B@JMzEAZt@pB??SZ}@_C@m@NkF[E[C[ESACG?E?G@GBCvANFCBE?I?GACCCC?eBSKAGCGKIMGQAW@O@OHi@F]?E@EDQLi@DMLYJU@EHORc@PWRULMHKNMNO^YROZQFELGTGREVGDAFAH?P?`@@P@D@VDXFHDJF\TLJLNLPNPVd@NZNZVh@f@nAJRJL@BDBDFNHNDF@DBHEH?D?JEHGJINUBU?G?KEc@?IA]CGe@oAINMN}@cC\~@^bALOHOd@nABFNRJJBDB@B@F@D?JCr@aA`@g@DKPQ@IDQDKFIFGDAFAD?D@HBFFFHDLBJBJ?L?L?LCJCJEJEHGFEBGBI?GAOB_@J_@NUNURY\GJIHABSXGRITEJAHBZ@VCLCNEJGHGHGBIBIAGAIEEEEGCGEIAICKAYM_@So@EKcAyBQ_@GMSg@KOIOKMOSOOMM_@YGCMGQIGAYCWEWAO?G@E@c@FMDQHEBGBMHSNSNWTH`@@FVnABR@H?JAJ?NCrACt@AR	Click to Generate
S25	45	1			2	Moss Bros (S25)	SYPTE (S25)		3217	2413	_u_eIlqrG??SZ}@_C@m@NkF[E[C[ESACG?E?G@GBCvANFCBE?I?GACCCC?eBSKAGCGKIMGQAW@O@OHi@F]?E@EDQLi@DMLYJU@EHORc@PWRULMHKNMNO^YROZQFELGTGREVGDAFAH?P?`@@P@D@VDXFHDJF\TLJLNLPNPVd@NZNZENCLGFKPEFSZ}A|BK@a@M?h@Ap@EbAC|@CbAC~@L\b@hAT]T[T]T[V]T]CGQc@Qc@Qe@Qe@Qc@Qc@Qg@BUpBwCBK@A@O@MCYKOIOKMOSOOMM_@YGCMGQIGAYCWEWAO?G@E@c@FMDQHEBGBMHSNSNWTEDa@ZUR]b@Q^Wf@Qf@Of@EXGVKt@AJG~@C`A?JAvG?LAt@@P?J?^ATABEVo@~@GJKRILKNEPADEJBHFDXd@V`@FJ?\@P?X\l@HLNVNXXm@^y@gAsBuAkAGEUQk@g@GEOKO[EGCICICGA[?S?I@I@KDSXUDEVOlAi@T[@ABMDU@{@?uCJe@@QDOHGFEHAH@nBRFBBD@D?D?D?B?RAFE@QAwAOCBAF?F?DBFR@ZDZBZDP@B@@B@JMzEAZt@pB	Click to Generate
S25	20	1			2	AllSaints (S25)	SYPTE (S25)		1644	1233	cv_eIjerG??CJ@JMzEAZt@pB??SZ}@_C@m@NkF[E[C[ESACG?E?G@GBCvANFCBE?I?GACCCC?eBSIDA@EDGNEP?JAvG?LAt@@P?J?^ATABEVo@~@GJKRILKNEPADEJBHFDXd@V`@FJ?\@P?X\l@HLNVNXXm@^y@gAsBuAkAGEUQk@g@GEOKO[EGCICICGA[?S?I@I@KDSXUDEVOlAi@T[@ABMDU@{@?uCJe@@QDOHGFEHAH@nBRFBBD@D?D?D?B?RAFE@QAwAOCBAF?F?DBFR@ZDZBZDP@B@@BBK??	Click to Generate
S25	45	1			2	Reiss (S25)	Jump Inc (S25)		3304	2478	em_eIvfrGADbAhCT[T]T[V]T]CGQc@Qc@Qe@Qe@Qc@Qc@Qg@BUpBwCBK@A@O@MCYKOIOKMOSOOMM_@YGCMGQIGAYCWEWAO?G@E@c@FMDQHEBGBMHSNSNWTEDa@ZUR]b@Q^Wf@Qf@Of@EXGVKt@AJ@N@LDJ?@HLnBRFBBD@D?D?D?B?RAFE@QAwAOCBAF?F?DBFR@ZDZBZDP@B@@B@JMzEAZt@pB??SZ}@_C@m@NkF[E[C[ESACG?E?G@GBCvANFCBE?I?GACCCC?eBSKAGCGKIMGQAW@O@OHi@F]?E@EDQLi@DMLYJU@EHORc@PWRULMHKNMNO^YROZQFELGTGREVGDAFAH?P?`@@P@D@VDXFHDJF\TLJLNLPNPVd@NZNZVh@f@nAJRJL@BDBDFNHNDF@DBHEH?D?JEHGJINUBU?G?KEc@?IA]CGe@oAINMN}@cC\~@^bALOHOd@nABFNRJJBDB@B@F@D?JCr@aA`@g@DKPQ@IDQDKFIFGDAFAD?D@HBFFFHDLBJBJ?L?L?LCJCJEJEHGFEBGBI?GAOB_@J_@NUNURY\GJIHABSXGRITEJAHBZ@VCLCNEJGHGHGBIBIAGAIEEEEGCGEIAICKAYM_@So@EKcAyBQ_@GFKPEFSZ}A|BK@a@M?h@Ap@EbAC|@A|@	Click to Generate
S25	45	1			2	Stan (S25)	Crow Girl (S25)		4210	3158	yldeIv~qGi@KqCYFuA?g@?SLmCDw@N{@Jg@Zm@BC\g@NOPI`@GLCTEj@OPK??LQp@iBRs@j@yAhAgCdAaCdAyBhByBhAyAr@gANi@PwAJi@Le@JYHSPUb@_@RQFKJMHULa@DMFU@G@EDSHY@]?QAQESZYBAPOJKLQPSNUHM`@s@d@s@Ze@X[RWPSLUHMj@cABKBOPLLLt@z@RVDFj@r@j@t@JNr@|@h@t@b@j@FH\b@PNRLTHG`@Gf@E`@AV?R@b@BVHZHTDFJNJJ|@h@|@f@NHf@`@b@b@HJVXPXBBLRZh@Vh@P^P`@Nf@Nh@Nh@Ln@Hj@Hl@B\@PB`@@L?R?V?`@Cd@Cb@Gp@CJIj@EVGTERGRUn@S^S^SX_@b@u@x@SVGFIJGNEPAN?R@NBT@F@HJt@F\TbBFZFTFJl@z@PVBJF\Dd@@h@@~A@jAAZAVCZADEj@Ix@OxAKjAKbAKlAOtAE`@E`@G^KXSl@[x@g@xAM^KZQz@I\Qt@W]SUCEg@c@e@e@s@g@wBwAwDcCaD{B_Ai@y@[GCMGkCkAc@WQMk@e@MK{CkD_DuDoBaCWMoCs@GCwCy@??	Click to Generate
S25	30	1			2	Tinsley Meadows Primary School (S25)	Tinsley Sports and Social Club (S25)		2780	2085	gz~dI`joGvAqARp@BHHXFVRp@HZ_Ax@GFq@l@q@r@UVg@j@WZ[f@u@hAm@`AINmAvDELQ`@]h@U\OX]r@EIa@s@e@gA]eA[_AtAmBq@qBM@KDCDOa@??N`@BEJELAp@pBuAlBZ~@\dAd@fA`@r@DH\s@NYT]\i@Pa@DMlAwDHOl@aAt@iAZg@V[f@k@TWp@s@p@m@FG~@y@bC{BRQd@e@X]T]N]Pc@DQFWF_@@Ib@qDLeAPyAX}BBOD_@D]Ju@MAIAG@}A|@OFM???L?NG|A}@FAH@L@Kt@E\E^CNY|BQxAMdAc@pDAHG^GVEPQb@O\U\Y\e@d@SPcCzB_Ax@GFq@l@q@r@G]Kq@G_@Oy@Ie@`A}@	Click to Generate
S25	15	1			2	Volksgear (S25)	Shirefreen News 'n' Booze (S25)		1351	1013	c_deIzpwG??RVt@t@BDf@hAC\Ch@Gf@I|@Mt@CRIEEMAOAIOIECOAI@EF_@xB^yBDGHAN@TL@H@NDLHDe@hCHCNEJAH?L?D?FCDNFNb@l@x@jASfAUxAOrAKfAOjBGdAEtACl@ClAZ@??[ABmABm@DuAFeANkBJgANsATyARgAy@kAc@m@GOEOIa@Ie@Cg@AKAGEILu@H}@Fg@Bi@B]g@iACEu@u@SW??	Click to Generate
S25	20	1			2	Mint Nail (S25)	Flannels (S25)		1860	1395	i}_eIr`sGLVRXBBBDB?B?DEHOP_@x@gBgAsBuAkAGEUQk@g@GEOKO[EGCICICGA[?S?I@I@KDSXUDEVOlAi@T[@ABMDU@{@?uCJe@@QDOHGFEHAH@nBRFBBD@D?D?D?B?RAFE@QAwAOCBAF?F?DBFR@ZDZBZDP@B@@B@JMzEAZt@pB??SZ}@_C@m@NkFP@B@@B@JEzAG~B[C[C[E[CQCLkFCG?E?G@GBCvANFCBE?I?GACCCC?eBSIDA@EDGNEP?JAvG?LAt@@P?J?^ATABEVo@~@GJKRILKNEPADEJBHAHCn@?t@@p@DZt@lA	Click to Generate
S25	20	1			2	Beck Primary School (S25)	Shirefreen News 'n' Booze (S25)		2062	1546	q~beItjzGLeAq@Us@Qw@Qw@Ks@Ge@ACSGQKSe@cA]{@_@cAWy@Qq@Me@SaAUkAQmAEYMiAKcAGaAEu@wA^_@L?J?JANG\NvA??OwAF]@O?K?K_AVe@Ja@F}@A_@CKCGIGGZo@Cq@?i@Ac@AeB?{BBkA?KZ@??[A?JCjA?zB@dB@b@?h@Bp@[n@Q^Qb@K`@Ib@Kf@Ed@AXCXAl@@n@@d@D`@F^DRLh@Rj@Rj@Th@RZDF\f@Z\`@\b@NZL`AR`AFn@@rBA^AT?bAAXAT?d@@r@Fv@Jv@Pr@Pp@TMdA	Click to Generate
S25	45	1			2	Ernest Jones (S25)	Jump Inc (S25)		3326	2494	im_eIdhrGAVp@fBT]T[T]T[V]T]CGQc@Qc@Qe@Qe@Qc@Qc@Qg@BUpBwCBK@A@O@MCYKOIOKMOSOOMM_@YGCMGQIGAYCWEWAO?G@E@c@FMDQHEBGBMHSNSNWTEDa@ZUR]b@Q^Wf@Qf@Of@EXGVKt@AJ@N@LDJ?@HLnBRFBBD@D?D?D?B?RAFE@QAwAOCBAF?F?DBFR@ZDZBZDP@B@@B@JMzEAZt@pB??SZ}@_C@m@NkF[E[C[ESACG?E?G@GBCvANFCBE?I?GACCCC?eBSKAGCGKIMGQAW@O@OHi@F]?E@EDQLi@DMLYJU@EHORc@PWRULMHKNMNO^YROZQFELGTGREVGDAFAH?P?`@@P@D@VDXFHDJF\TLJLNLPNPVd@NZNZVh@f@nAJRJL@BDBDFNHNDF@DBHEH?D?JEHGJINUBU?G?KEc@?IA]CGe@oAINMN}@cC\~@^bALOHOd@nABFNRJJBDB@B@F@D?JCr@aA`@g@DKPQ@IDQDKFIFGDAFAD?D@HBFFFHDLBJBJ?L?L?LCJCJEJEHGFEBGBI?GAOB_@J_@NUNURY\GJIHABSXGRITEJAHBZ@VCLCNEJGHGHGBIBIAGAIEEEEGCGEIAICKAYM_@So@EKcAyBQ_@GFKPEFSZ}A|BK@a@M?h@Ap@EbAC|@CbAAf@	Click to Generate
S25	60	1			2	Tinsley Sports and Social Club (S25)	Refuel (S25)		11096	8322	ie_eIfukGFb@Fv@@|@ErAMpAMbAFjANhA`@nB`CcDd@g@f@]b@Od@EpD@fA?~DA^@HATIVfBFd@BRF^F`@RvAh@~D~@`HD`@F^@FNtABLXdCXlCFz@@X?NAv@Et@AJKfAQjAE\SfAY|AS~AIp@O`BGrAMhEEdAGx@MAIAG@}A|@OFM???L?NG|A}@FAH@L@Kt@E\E^CNY|BQxAMdAc@pDAHG^GVEPQb@O\U\Y\e@d@SPcCzB_Ax@GFq@l@q@r@UVg@j@WZ[f@u@hAm@`AINmAvDELQ`@]h@U\OX]r@EIa@s@e@gAqEjGmBaCqBaCkAfBOTISqAyCYs@EK]cAUo@[g@MYGMGKY_@UU[a@GKKMCO?O@Y?GDk@Bm@Cq@AMCUAu@COEc@CWQyBa@aFE_@Ei@A]GmAAYQgECkAEgBAo@Ae@?Y@q@Bs@@a@Dg@Bg@Do@NwBPaDBWFoAHcBHcBFu@HuALuB@Y@]@k@A}@GeAKyBIqBE{AK}A_@eGUwBEg@Ky@UsBOmBKeAE]EUOu@Qm@Si@Se@Uc@QKA?[GEAKHC@KLEDIRoApBcAzAuAjB\xAR~@@~@A`B@z@Dp@Jr@Lp@X|@Lb@DLVpARdALhAHfADbA@t@@V?`ACt@MfA?HAn@BfA@z@RvL@|@ZxQ[yQA}@CqAOeJA{@CgA@o@?ILgABu@?aAAWAu@EcAIgAMiASeAWqAEMMc@Y}@Mq@Ks@Eq@A{@@aBA_AS_A]yAtAkBbA{AnAqBHS@KBU?C@]AOK_@ACQc@q@i@kAeAUW_@e@]i@Yq@Ww@Qm@Q_Ag@}C_@eCs@{ECU[qBc@oCKs@c@}AESGQIUK[IUYcAKSU[CCGMCOCk@GWMg@Ys@c@_A[i@]m@UUw@g@KCIEKKGOGSASAU@SBQBOHOHKJGLCJ@^QLMrByDZa@b@k@t@u@^[p@a@b@Uf@QdAYh@G~AC^Bl@Lr@Tp@XNFrAv@xBtAbAp@`@VbBp@|Ad@nCPxC[~Bw@zEyBxDkBp@Yl@Qx@Mn@Ej@Aj@@jAJbFbBRDb@H`ABHOFGLEF@JFJNDR@^CTEJArABv@Dj@@LN|@BPJf@Nv@ZjBNt@R`Ab@vBP`AHf@PlABT@F@H@PFp@Dl@@z@@t@?\A`@?JAXA^Ef@ANCRKp@i@dCCLa@nBMl@AFCNId@GXAFQzAKfACd@CXA`@An@@jABbC[@s@Dg@@[AWEQIMOIMONE@IAGEy@qAi@{@g@i@c@Yg@Ii@Vy@lB_@x@i@bAeApB]l@GNAR@XNt@Jt@?F	Click to Generate
S25	20	1			2	Reiss (S25)	SYPTE (S25)		1651	1238	cv_eI`erG?HCJ@JMzEAZt@pB??SZ}@_C@m@NkF[E[C[ESACG?E?G@GBCvANFCBE?I?GACCCC?eBSIDA@EDGNEP?JAvG?LAt@@P?J?^ATABEVo@~@GJKRILKNEPADEJBHFDXd@V`@FJ?\@P?X\l@HLNVNXXm@^y@gAsBuAkAGEUQk@g@GEOKO[EGCICICGA[?S?I@I@KDSXUDEVOlAi@T[@ABMDU@{@?uCJe@@QDOHGFEHAH@nBRFBBD@D?D?D?B?RAFE@QAwAOCBAF?F?DBFR@ZDZBZDP@B@@BBK?I	Click to Generate
S25	60	1			2	Blackburn Meadows Nature Reserve (S25)	ItsaGoal (S25)		12146	9110	qq`eIvumGOeJA{@CgA@o@?ILgABu@?aAAWAu@EcAIgAMiASeAWqAEMMc@Y}@Mq@Ks@Eq@A{@@aBA_AS_A]yAtAkBbA{AnAqBHS@KBU?C@]AOK_@ACQc@q@i@kAeAUW_@e@]i@Yq@Ww@Qm@Q_Ag@}C_@eCs@{ECU[qBc@oCKs@c@}AESGQIUK[IUYcAKSU[CCGMCOCk@GWMg@Ys@c@_A[i@]m@UUw@g@KCIEc@S]Ea@?e@LeIdDeBd@uAV_@BK@qAF}AAaBKWJMJIJEFCFGPKd@?FDlA@`@BTDl@DVD\Ff@Hx@D^Bd@Bn@@`A?~A?N?vA?f@?|@Ef@ShBw@dHMbAg@rEKx@C`@?\FnABz@@nA@p@?DAf@AjA?RChAAvA?xAApAC|B?b@?JCjBAdB?~@?FAZ?VAvBAxA?XCbE?P@\?BBNDRVd@HMNQLMj@i@^i@PYt@oAXe@`A_BTa@Zk@t@qALSdAkBDWB_@Hm@FIRCB?HCJEJM\e@NMPID@FBDFDJNr@BR@XNrG@d@@NBNl@LjA`@LB^@ZAP?TIL[VKREVGDSC{FBzFER??WFSDWJMZUHQ?[@_@AMCkAa@m@MCOAOAe@OsGAYCSOs@EKEGGCEAQHOL]d@KLKDIBC?SBGHIl@C^EVeAjBMRu@pA[j@U`@aA~AYd@u@nAQX_@h@k@h@MLOPILMZQp@b@b@bA`A\^j@x@FHnA`C`@t@l@nAf@vAN`@Pf@HTXx@`@nAZ~@BLPj@^|A?DHl@BNDVFp@HtAFtADtAFxBB`@FpB@j@Bb@@l@BV@T@PHrAJdABTRdBNdANlAj@lERxAD`@Jv@DZRxA@L`@|CVrBHn@P`AN`A^|BPhAl@bDRbAr@tDLn@ZxAZfAf@~AX|@d@rAZbA\fAl@~Ar@~Ah@vAFN^dAZnATrAPfABHHZFRDJHRFJ^TLFN?\GTIj@m@jEgE|KiJ|EeEnCmCfCsCbFeGn@cA?ALSH]BODs@Cg@?_@@]@UBQDSJa@Ve@Ra@NeAHoAHy@No@L[LUEIa@s@e@gA]eA[_AOi@kAgDcCaHYkEQFKeB@Q`AYLMHQDUSKY]OyBIoAXhEX\RJETIPMLaAXAPJdBoFbBZ|DyBp@GBi@Ng@JIFGDKNO`@KZ[a@GKKMCO?O@Y?GDk@Bm@Cq@AMCUAu@COEc@CWQyBa@aFE_@Ei@A]GmAAYQgECkAEgBAo@Ae@?Y@q@Bs@@a@Dg@Bg@Do@NwBPaDBWFoAHcBHcBFu@HuALuB@Y@]@k@A}@GeAKyBIqBE{AK}A_@eGUwBEg@Ky@UsBOmBKeAE]EUOu@Qm@Si@Se@Uc@QKA?[GEAKHC@KLEDIRoApBcAzAuAjB\xAR~@@~@A`B@z@Dp@Jr@Lp@X|@Lb@DLVpARdALhAHfADbA@t@@V?`ACt@MfA?HAn@BfA@z@NdJ	Click to Generate
S25	45	1			2	Molton Brown (S25)	SYPTE (S25)		3195	2396	_u_eIlqrG??SZ}@_C@m@NkF[E[C[ESACG?E?G@GBCvANFCBE?I?GACCCC?eBSKAGCGKIMGQAW@O@OHi@F]?E@EDQLi@DMLYJU@EHORc@PWRULMHKNMNO^YROZQFELGTGREVGDAFAH?P?`@@P@D@VDXFHDJF\TLJLNLPNPVd@NZNZENCLGFKPEFSZ}A|BK@a@M?h@Ap@EbAC|@A|@ADbAhCT[T]T[V]T]CGQc@Qc@Qe@Qe@Qc@Qc@Qg@BUpBwCBK@A@O@MCYKOIOKMOSOOMM_@YGCMGQIGAYCWEWAO?G@E@c@FMDQHEBGBMHSNSNWTEDa@ZUR]b@Q^Wf@Qf@Of@EXGVKt@AJG~@C`A?JAvG?LAt@@P?J?^ATABEVo@~@GJKRILKNEPADEJBHFDXd@V`@FJ?\@P?X\l@HLNVNXXm@^y@gAsBuAkAGEUQk@g@GEOKO[EGCICICGA[?S?I@I@KDSXUDEVOlAi@T[@ABMDU@{@?uCJe@@QDOHGFEHAH@nBRFBBD@D?D?D?B?RAFE@QAwAOCBAF?F?DBFR@ZDZBZDP@B@@B@JMzEAZt@pB	Click to Generate
S25	10	1			2	Two Dinners Ignatiu (S25)	Abbey School (S25)		644	483	ikceInhqGGhBIZkCpB??ODQCg@YYCw@Eq@@Al@??@m@?WBSHO`@GfBMf@GbAs@n@cAXeAVmBFUFa@C`A?zAEfA	Click to Generate
S25	30	1			2	Jump Inc (S25)	American Golf (S25)		2496	1872	y}~dIdwqG??Sc@m@z@e@oAINMN}@cC\~@^bALOHOd@nABFNRJJBDB@B@F@D?JCr@aA`@g@DKPQ@IM}@GYM[GKQWQSUWaB_Bg@g@oAkA]]KMk@y@MSM]K]I[G[EMUk@a@[SUOa@Mg@Go@Cg@?_@@]@UBQDSJa@Ve@Ra@d@k@ZWNE^CP@R@ZR\ZVl@Jh@Ff@@H@fAAVC^@dAFl@Jh@Vd@X\CVK\EJIDG@[Hk@Xk@ZEY`@UQJOHDXj@[j@YZIFAHEDKJ]_@_@S]OYKISGSAU@_@b@Oh@EPCPAT?TBd@Lh@R^NTHFz@v@XXl@l@d@f@f@d@`@d@JLPPJLf@j@`@d@FFT\HBFFFHDLBJBJ?L?L?LCJCJEJEHGFEBGBI?GAOB_@J_@NUNURY\GJIHABSXGRITEJAHBZ@VCLCNEJGHGHGBIBIAGAIEEEEGCGEIAICKAY@O@QBMFMDKHGHEH?D?JEHGJINUBU?G?KEc@?IA]CGl@{@Rb@	Click to Generate
S25	15	1			2	St Thomas Church Wincobank (S25)	Wincobank Post Office (S25)		1061	796	{daeInctGYsAYwASeAXUPIXE`@?T?N@HA\IvBaA|@[l@WNtANzA^dDNjAbBu@g@oEe@mEMD_A\E@QHm@V}@ZwB`A]HI@OAU?a@?YDQHYTRdAXvAXrA	Click to Generate
S25	60	1			2	Blackburn Meadows Nature Reserve (S25)	ItsaGoal (S25)		12238	9178	kq`eI`zmGAw@SwLA{@CgA@o@?ILgABu@?aAAWAu@EcAIgAMiASeAWqAEMMc@Y}@Mq@Ks@Eq@A{@@aBA_AS_A]yAtAkBbA{AnAqBHS@KBU?C@]AOK_@ACQc@q@i@kAeAUW_@e@]i@Yq@Ww@Qm@Q_Ag@}C_@eCs@{ECU[qBc@oCKs@c@}AESGQIUK[IUYcAKSU[CCGMCOCk@GWMg@Ys@c@_A[i@]m@UUw@g@KCIEc@S]Ea@?e@LeIdDeBd@uAV_@BK@qAF}AAaBKWJMJIJEFCFGPKd@?FDlA@`@BTDl@DVD\Ff@Hx@D^Bd@Bn@@`A?~A?N?vA?f@?|@Ef@ShBw@dHMbAg@rEKx@C`@?\FnABz@@nA@p@?DAf@AjA?RChAAvA?xAApAC|B?b@?JCjBAdB?~@?FAZ?VAvBAxA?XCbE?P@\?BBNDRVd@HMNQLMj@i@^i@PYt@oAXe@`A_BTa@Zk@t@qALSdAkBDWB_@Hm@FIRCB?HCJEJM\e@NMPID@FBDFDJNr@BR@XNrG@d@@NBNl@LjA`@LB^@ZAP?TIL[VKREVGDSC{FBzFER??WFSDWJMZUHQ?[@_@AMCkAa@m@MCOAOAe@OsGAYCSOs@EKEGGCEAQHOL]d@KLKDIBC?SBGHIl@C^EVeAjBMRu@pA[j@U`@aA~AYd@u@nAQX_@h@k@h@MLOPILMZQp@b@b@bA`A\^j@x@FHnA`C`@t@l@nAf@vAN`@Pf@HTXx@`@nAZ~@BLPj@^|A?DHl@BNDVFp@HtAFtADtAFxBB`@FpB@j@Bb@@l@BV@T@PHrAJdABTRdBNdANlAj@lERxAD`@Jv@DZRxA@L`@|CVrBHn@P`AN`A^|BPhAl@bDRbAr@tDLn@ZxAZfAf@~AX|@d@rAZbA\fAl@~Ar@~Ah@vAFN^dAZnATrAPfABHHZFRDJHRFJ^TLFN?\GTIj@m@jEgE|KiJ|EeEnCmCfCsCbFeGn@cA?ALSH]BODs@Cg@?_@@]@UBQDSJa@Ve@Ra@NeAHoAHy@No@L[LUEIa@s@e@gA]eA[_AOi@kAgDcCaHYkEQFKeB@Q`AYLMHQDUSKY]OyBIoAXhEX\RJETIPMLaAXAPJdBoFbBZ|DyBp@GBi@Ng@JIFGDKNO`@KZ[a@GKKMCO?O@Y?GDk@Bm@Cq@AMCUAu@COEc@CWQyBa@aFE_@Ei@A]GmAAYQgECkAEgBAo@Ae@?Y@q@Bs@@a@Dg@Bg@Do@NwBPaDBWFoAHcBHcBFu@HuALuB@Y@]@k@A}@GeAKyBIqBE{AK}A_@eGUwBEg@Ky@UsBOmBKeAE]EUOu@Qm@Si@Se@Uc@QKA?[GEAKHC@KLEDIRoApBcAzAuAjB\xAR~@@~@A`B@z@Dp@Jr@Lp@X|@Lb@DLVpARdALhAHfADbA@t@@V?`ACt@MfA?HAn@BfA@z@RvL@v@	Click to Generate
S25	45	1			2	Urban Outfitters (S25)	SYPTE (S25)		3217	2413	_u_eIlqrG??SZ}@_C@m@NkF[E[C[ESACG?E?G@GBCvANFCBE?I?GACCCC?eBSKAGCGKIMGQAW@O@OHi@F]?E@EDQLi@DMLYJU@EHORc@PWRULMHKNMNO^YROZQFELGTGREVGDAFAH?P?`@@P@D@VDXFHDJF\TLJLNLPNPVd@NZNZENCLGFKPEFSZ}A|BK@a@M?h@Ap@EbAC|@CbAC~@??p@fBT]T[T]T[V]T]CGQc@Qc@Qe@Qe@Qc@Qc@Qg@BUpBwCBK@A@O@MCYKOIOKMOSOOMM_@YGCMGQIGAYCWEWAO?G@E@c@FMDQHEBGBMHSNSNWTEDa@ZUR]b@Q^Wf@Qf@Of@EXGVKt@AJG~@C`A?JAvG?LAt@@P?J?^ATABEVo@~@GJKRILKNEPADEJBHFDXd@V`@FJ?\@P?X\l@HLNVNXXm@^y@gAsBuAkAGEUQk@g@GEOKO[EGCICICGA[?S?I@I@KDSXUDEVOlAi@T[@ABMDU@{@?uCJe@@QDOHGFEHAH@nBRFBBD@D?D?D?B?RAFE@QAwAOCBAF?F?DBFR@ZDZBZDP@B@@B@JMzEAZt@pB	Click to Generate
S25	30	1			2	Tinsley Sports and Social Club (S25)	St Lawrence Church (S25)		2729	2047	{z}dId_nGk@oAAYCUGSESs@sBi@sCKc@CA]SYO]OAJKfAQjAE\SfAY|AS~AIp@O`BGrAMhEEdAGx@MAIAG@}A|@OFM???L?NG|A}@FAH@L@Kt@E\E^CNY|BQxAMdAc@pDAHG^GVEPQb@O\U\Y\e@d@SPcCzBI[Sq@GWIYCISq@IQAEEGCEKIOC@_@?SBODMr@}ADGFEHAH?NJLFHBFAFdABHDBB@CAECCIGeAG@ICMGOKI?I@GDEFs@|AEL?BCJ?RA^NBJHBDDF@DHPRp@BHHXFVRp@HZbC{BRQd@e@X]T]N]Pc@DQFWF_@@Ib@qDLeAPyAX}BBOD_@D]Ju@Fy@DeALiEFsANaBHq@R_BX}ARgAD]PkAJgA@K\NXN\RB@Jb@h@rCr@rBDRFRBT@Xj@nA	Click to Generate
S25	20	1			2	Beck Primary School (S25)	Volksgear (S25)		1920	1440	wzceIh|xG[A?JCjA?zB@dB@b@?h@Bp@[n@FFFHJB^B|@@`@Gd@K~@W?J?JANG\NvA??OwAF]@O?K?K_AVe@Ja@F}@A_@CKCGIGGQ^Qb@K`@Ib@Kf@Ed@AXCXCACCEECIE]G}@AWEo@UgDOcDCUCIIIHyBJsCDmABi@Bw@LsCBq@Bq@JsAJmAL}@Lu@Hm@DWd@iCIEEMAOAIOIECOAI@EF_@xB^yBDGHAN@TL@H@NDLHDe@hCHCNEJAH?L?D?FCDNFNb@l@x@jASfAUxAOrAKfAOjBGdAEtACl@ClAZ@	Click to Generate
S25	30	1			2	Hartley Brook Road Post Office (S25)	Beck Primary School (S25)		2574	1930	ynbeItnxGaAi@kB_A]QQGMCQCBZ?t@?RAhD?`D?fC?r@?R?xB?V@bA?nC?L?l@Cd@C`@Er@IdAM`BGf@I|@Iv@MtA[lDUvBANcAk@E@C@ADEVU|Aq@Us@Qw@Qw@Ks@Ge@ACSGQKSe@cA]{@_@cAWy@Qq@Me@SaAUkAQmAEYMiAKcAGaAEu@wA^_@L?J?JANG\NvA??OwAF]@O?K?K^MvA_@Cg@E_AAw@Ac@@e@?W?WFCAe@?G?YAS?M@g@?SBi@D}ABe@Bi@Hk@N{@R}@Tu@Vi@JSd@y@P[HU@QAQXKXK`@ONGx@Ul@M\GLAd@E`@@XFPHvAn@rAp@h@VPHPLNLJJPBLBPF\PjB~@`Ah@	Click to Generate
S25	20	1			2	St Lawrence Church (S25)	Tinsley Meadows Primary School (S25)		2011	1508	kz~dI~noG[^Jp@F\p@s@p@m@FG~@y@I[Sq@GWIYCISq@IQAEEGCEKIOC@_@?SBODMr@}ADGFEHAH?NJLFHBFAFdABHDBB@CAECCIGeAG@ICMGOKI?I@GDEFs@|AEL?BCJ?RA^NBJHBDDF@DHPRp@BHHXFVRp@HZ_Ax@GFq@l@q@r@UVg@j@WZ[f@u@hAm@`AINmAvDELQ`@]h@U\OX]r@EIa@s@e@gA]eA[_AtAmBq@qBM@KDCDOa@??N`@BEJELAp@pBuAlBZ~@\dAd@fA`@r@DH\s@NYT]\i@Pa@DMlAwDHOl@aAt@iAZg@V[f@k@TWG]Kq@Z_@	Click to Generate
S25	30	1			2	Kelford School (S25)	Dave's Fish Bar (S25)		2375	1781	edbeIvkoGQMc@]CAy@m@mE}CEIAI?E?Uf@}CtB}Mj@j@r@v@\^Z\FHTTHHGNEDIBGAEIEHK\_@vAAH?JDVDNB@@B@D?@@BAD?DCBA@C@CACCAC?EAE@E@CBC@AB?EOEW?K@I^wAJ]DIAI?KFWGI[]]_@s@w@k@k@uB|Mg@|C?T?D@HDHlE|Co@`DERYvAMd@Od@Ul@u@tBCHw@rBs@jBnBfCjBnCHQJUDEFIHEDI\h@]i@EHIDGHEDKTIPkBoCoBgCJWf@sAv@sBBIt@uBTm@Ne@Le@XwADSn@aDx@l@B@b@\PL	Click to Generate
S25	20	1			2	The Colin (S25)	Zena (S25)		1472	1104	gfdeIrxoGBE?Q?SCOEQIMAKCOAM?OBM@MXgCvB`C|A|AFFHDHALGLMz@{AJLFBHDF@PDVDh@H`@DD@\Dd@DdAFH?D@HFDHDLd@lBDLC@@J?NCPIf@IXIXERADAFGTGGEEAK?QDIHE??H?FBERADAFGTELNXEJMd@Kj@??Jk@Le@DKOYDMFU@G@EDSHY@]?QAQESZYBAEMe@mBEMEIIGEAI?eAGe@E]EEAa@Ei@IWEQEGAIEGCKM{@zAMLMFI@IEGG}A}AwBaCYfCALCL?N@LBN@JHLDPBN?R?PCD	Click to Generate
S25	20	1			2	Cohens Chemist (S25)	Tinsley Sports and Social Club (S25)		1648	1236	{x~dIzcoGCJ?RA^NBJHBDDF@DHPRp@BHHXFVRp@HZ_Ax@GFq@l@q@r@G]Kq@G_@Oy@Ie@v@u@`ByARp@BHHXFVRp@HZbC{BRQd@e@X]T]N]Pc@DQFWF_@@Ib@qDLeAPyAX}BBOD_@D]Ju@MAIAG@}A|@OFM???L?NG|A}@FAH@L@Kt@E\E^CNY|BQxAMdAc@pDAHG^GVEPQb@O\U\Y\e@d@SPcCzBI[Sq@GWIYCISq@IQAEEGCEKIOC@_@?SBK	Click to Generate
S25	15	1			2	The Salvation Army - Rotherham (S25)	Bake N Butty (S25)		1134	850	qhceI~hoGQTOJFP|@vCMTQRSVYZ[d@e@r@a@r@ILOTQRMPKJQNC@@J?NCPIf@IX@]?QAQESZYBAPOJKLQPSNUHM`@s@d@s@JONUX[RWPSLUHMj@cABKBOPLLLt@z@RVDFj@r@j@t@JN^oARm@Sl@_@nAKOk@u@k@s@EGSWg@k@MOMMQMCNCJk@bAIL}@wCGQNKPU	Click to Generate
S25	15	1			2	Wincobank Post Office (S25)	Savemore (S25)		1116	837	ix`eInatGNjAbBu@g@oEe@mEMD_A\E@QHm@V}@ZwB`A@LHRL\DPBR?X?f@Al@DHZvCICICgCEQu@CQYsAYwASeAXUPIXE`@?T?N@HA\IvBaA|@[l@WNtANzA^dD	Click to Generate
S25	60	1			2	Morris (S25)	Abbey School (S25)		5559	4169	yideIrjqG??QJk@NUDMBa@FQHON]f@CB[l@Kf@Oz@Ev@MlC?R?f@GtApCXh@J??vCx@FBnCr@VLnGvHzCjDLJj@d@PLb@VjCjALFFBx@Z~@h@`DzBvDbCvBvAr@f@d@d@f@b@BDRTV\Pu@H]P{@J[L_@f@yAZy@Rm@JYF_@Da@Da@NuAJmAJcAJkANyAHy@Dk@@EB[@W@[AkAA_BAi@Ee@G]CKQWm@{@GKGUG[UcBG]Ku@AIAGCUAO?S@ODQFOHKFGRWt@y@^c@RYR_@R_@To@FSDSFUDWHk@BKFq@Bc@Be@?a@?W?SAMCa@AQC]Im@Ik@Mo@Oi@Oi@Og@Qa@Q_@Wi@[i@MSCCQYWYIKc@c@g@a@OI}@g@}@i@KKKOEGIUI[CWAc@?S@WDa@Fg@Fa@UISMQO]c@GIc@k@i@u@s@}@KOk@u@k@s@EGSWu@{@MMQMCNCJk@bAILMTQRSVYZ[d@e@r@a@r@ILOTQRMPKJQNC@@J?NCPIf@IXIXERADAFGTELNXDNDVTxAf@|Cz@tFTzAFd@^jBJnA@x@GtAEZG`@GTWlBYdAo@bAcAr@g@FgBLa@FINCR?VAl@??@m@?WBSHO`@GfBMf@GbAs@n@cAXeAVmBFUFa@D[FuAAy@KoA_@kBGe@U{A{@uFg@}CUyAEWEOOYM`@ITKLGJSPc@^QTIRKXMd@Kh@QvAOh@s@fAiAxAiBxBeAxBeA`CiAfCk@xASr@q@hBMP	Click to Generate
S25	45	1			2	H.Samuel (S25)	Jump Inc (S25)		3326	2494	im_eInhrGALp@fBT]T[T]T[V]T]CGQc@Qc@Qe@Qe@Qc@Qc@Qg@BUpBwCBK@A@O@MCYKOIOKMOSOOMM_@YGCMGQIGAYCWEWAO?G@E@c@FMDQHEBGBMHSNSNWTEDa@ZUR]b@Q^Wf@Qf@Of@EXGVKt@AJ@N@LDJ?@HLnBRFBBD@D?D?D?B?RAFE@QAwAOCBAF?F?DBFR@ZDZBZDP@B@@B@JMzEAZt@pB??SZ}@_C@m@NkF[E[C[ESACG?E?G@GBCvANFCBE?I?GACCCC?eBSKAGCGKIMGQAW@O@OHi@F]?E@EDQLi@DMLYJU@EHORc@PWRULMHKNMNO^YROZQFELGTGREVGDAFAH?P?`@@P@D@VDXFHDJF\TLJLNLPNPVd@NZNZVh@f@nAJRJL@BDBDFNHNDF@DBHEH?D?JEHGJINUBU?G?KEc@?IA]CGe@oAINMN}@cC\~@^bALOHOd@nABFNRJJBDB@B@F@D?JCr@aA`@g@DKPQ@IDQDKFIFGDAFAD?D@HBFFFHDLBJBJ?L?L?LCJCJEJEHGFEBGBI?GAOB_@J_@NUNURY\GJIHABSXGRITEJAHBZ@VCLCNEJGHGHGBIBIAGAIEEEEGCGEIAICKAYM_@So@EKcAyBQ_@GFKPEFSZ}A|BK@a@M?h@Ap@EbAC|@CbAAp@	Click to Generate
S25	30	1			2	Castle Galleries (S25)	Eurochange (S25)		2318	1738	al_eItkrGFNT]T[T]T[V]T]CGQc@Qc@Qe@Qe@Qc@Qc@Qg@BUpBwCBK@A@O@MCYKOIOKMOSOOMM_@YGCMGQIGAYCWEWAO?G@E@c@FMDQHEBGBMHSNSNWTEDa@ZUR]b@Q^Wf@Qf@Of@EXGVKt@AJ@N@LDJ?@HLnBRFBBD@D?D?D?B?RAFE@QAwAOCBAF?F?DBFR@ZDZBZDP@B@@B@JCx@I`DAZt@pB??SZ}@_C@m@NkF[E[C[ESACG?E?G@GBCvANFCBE?I?GACCCC?eBSKAGCGKIMGQAW@O@OHi@F]?E@EDQLi@DMLYJU@EHORc@PWRULMHKNMNO^YROZQFELGTGREVGDAFAH?P?`@@P@D@VDXFHDJF\TLJLNLPNPVd@NZNZENCLGFKPEFSZ}A|BK@a@M?h@Ap@EbAC|@CbAC~@h@vA	Click to Generate
S25	30	1			2	Freddy (S25)	Crow Girl (S25)		2863	2147	_xceIvnrGxAbBLJj@d@B@LJb@VjCjALFFBx@Z~@h@`DzBvDbCvBvAr@f@d@d@f@b@[bBAJKv@Kz@E~@Al@Aj@?l@IEECIQCSDYFGBALE@m@D_AJ{@Jw@@KZcBg@c@e@e@s@g@wBwAwDcCaD{B_Ai@y@[GCMGkCkAc@WQMk@e@MK{CkDoGwHWMoCs@GCwCy@i@KqCYFuA?g@?SnAPoAQ?R?f@GtApCXh@JvCx@FBnCr@VLnB`C~CtD`AfA	Click to Generate
S25	45	1			2	Phase Eight (S25)	SYPTE (S25)		3217	2413	_u_eIlqrG??SZ}@_C@m@NkF[E[C[ESACG?E?G@GBCvANFCBE?I?GACCCC?eBSKAGCGKIMGQAW@O@OHi@F]?E@EDQLi@DMLYJU@EHORc@PWRULMHKNMNO^YROZQFELGTGREVGDAFAH?P?`@@P@D@VDXFHDJF\TLJLNLPNPVd@NZNZENCLGFKPEFSZ}A|BK@a@M?h@Ap@EbAC|@CbAAf@AVp@fBT]T[T]T[V]T]CGQc@Qc@Qe@Qe@Qc@Qc@Qg@BUpBwCBK@A@O@MCYKOIOKMOSOOMM_@YGCMGQIGAYCWEWAO?G@E@c@FMDQHEBGBMHSNSNWTEDa@ZUR]b@Q^Wf@Qf@Of@EXGVKt@AJG~@C`A?JAvG?LAt@@P?J?^ATABEVo@~@GJKRILKNEPADEJBHFDXd@V`@FJ?\@P?X\l@HLNVNXXm@^y@gAsBuAkAGEUQk@g@GEOKO[EGCICICGA[?S?I@I@KDSXUDEVOlAi@T[@ABMDU@{@?uCJe@@QDOHGFEHAH@nBRFBBD@D?D?D?B?RAFE@QAwAOCBAF?F?DBFR@ZDZBZDP@B@@B@JMzEAZt@pB	Click to Generate
S25	20	1			2	Mint Nail (S25)	Flannels (S25)		1821	1366	{y_eIj_sG^y@gAsBuAkAGEUQk@g@GEOKO[EGCICICGA[?S?I@I@KDSXUDEVOlAi@T[@ABMDU@{@?uCJe@@QDOHGFEHAH@nBRFBBD@D?D?D?B?RAFE@QAwAOCBAF?F?DBFR@ZDZBZDP@B@@B@JMzEAZt@pB??SZ}@_C@m@NkFP@B@@B@JEzAG~B[C[C[E[CQCLkFCG?E?G@GBCvANFCBE?I?GACCCC?eBSIDA@EDGNEP?JAvG?LAt@@P?J?^ATABEVo@~@GJKRILKNEPADEJBHFDXd@V`@FJ?\@P?X\l@HLNVNXXm@	Click to Generate
S25	10	1			2	Zena (S25)	The Salvation Army - Rotherham (S25)		724	543	mqceId~oG??H?FBERADAFGTELNXEJMd@Kj@??Jk@Le@DKOYDMFU@G@EDSHY@]?QAQESZYBAPOJKLQPSNUHM`@s@d@s@Ze@X[HVLZDHb@j@c@k@EIM[IWYZOTKNe@r@a@r@ILOTQRMPKJQNC@@J?NCPIf@IXIXERADAFGTGGEEAK?QDIHE	Click to Generate
S25	30	1			2	Baytree Interiors (S25)	Eurochange (S25)		2514	1886	yk_eIdlrG??T]T[uAqDCbA?TCh@p@fBT]T[T]T[V]T]CGQc@Qc@Qe@Qe@Qc@Qc@Qg@BUpBwCBK@A@O@MCYKOIOKMOSOOMM_@YGCMGQIGAYCWEWAO?G@E@c@FMDQHEBGBMHSNSNWTEDa@ZUR]b@Q^Wf@Qf@Of@EXGVKt@AJ@N@LDJ?@HLnBRFBBD@D?D?D?B?RAFE@QAwAOCBAF?F?DBFR@ZDZBZDP@B@@B@JMzEAZt@pB??SZ}@_C@m@NkF[E[C[ESACG?E?G@GBCvANFCBE?I?GACCCC?eBSKAGCGKIMGQAW@O@OHi@F]?E@EDQLi@DMLYJU@EHORc@PWRULMHKNMNO^YROZQFELGTGREVGDAFAH?P?`@@P@D@VDXFHDJF\TLJLNLPNPVd@NZNZENCLGFKPEFSZ}A|BK@a@M?h@Ap@EbAC|@CbAC~@p@fB	Click to Generate
S25	45	1			2	Urban Outfitters (S25)	SYPTE (S25)		3217	2413	_u_eIlqrG??SZ}@_C@m@NkF[E[C[ESACG?E?G@GBCvANFCBE?I?GACCCC?eBSKAGCGKIMGQAW@O@OHi@F]?E@EDQLi@DMLYJU@EHORc@PWRULMHKNMNO^YROZQFELGTGREVGDAFAH?P?`@@P@D@VDXFHDJF\TLJLNLPNPVd@NZNZENCLGFKPEFSZ}A|BK@a@M?h@Ap@EbAC|@CbAC~@??p@fBT]T[T]T[V]T]CGQc@Qc@Qe@Qe@Qc@Qc@Qg@BUpBwCBK@A@O@MCYKOIOKMOSOOMM_@YGCMGQIGAYCWEWAO?G@E@c@FMDQHEBGBMHSNSNWTEDa@ZUR]b@Q^Wf@Qf@Of@EXGVKt@AJG~@C`A?JAvG?LAt@@P?J?^ATABEVo@~@GJKRILKNEPADEJBHFDXd@V`@FJ?\@P?X\l@HLNVNXXm@^y@gAsBuAkAGEUQk@g@GEOKO[EGCICICGA[?S?I@I@KDSXUDEVOlAi@T[@ABMDU@{@?uCJe@@QDOHGFEHAH@nBRFBBD@D?D?D?B?RAFE@QAwAOCBAF?F?DBFR@ZDZBZDP@B@@B@JMzEAZt@pB	Click to Generate
S25	60	1			2	Brutus (S25)	Two Dinners Ignatiu (S25)		4310	3232	aobeIpuqG[PG]Ku@AIAGCUAO?S@ODQFOHKFGRWt@y@^c@RYR_@R_@To@FSDSFUDWHk@BKFq@Bc@Be@?a@?W?SAMCa@AQC]Im@Ik@Mo@Oi@Oi@Og@Qa@Q_@Wi@[i@MSCCQYWYIKc@c@g@a@OI}@g@}@i@KKKOEGIUI[CWAc@?S@WDa@Fg@Fa@UISMQO]c@GIc@k@i@u@s@}@KOk@u@k@s@EGSWu@{@MMQMCNCJk@bAILMTQRSVYZ[d@e@r@a@r@ILOTQRMPKJQNC@@J?NCPIf@IXIXERADAFGTELNXDNDVTxAf@|Cz@tFTzAFd@^jBJnA@x@GtAEZC`A?zAMpDADGTkCpB??ODQCg@YYCw@Eq@@?WBSHO`@GfBMf@GbAs@n@cAXeAVmBFUFa@D[FuAAy@KoA_@kBGe@U{A{@uFg@}CUyAEWEOOYDMFU@G@EDSHY@]?QAQESZYBAPOJKLQPSNUHM`@s@d@s@Ze@X[RWPSLUHMj@cABKBOPLLLt@z@RVDFj@r@j@t@JNr@|@h@t@b@j@FH\b@PNRLTHG`@Gf@E`@AV?R@b@BVHZHTDFJNJJ|@h@|@f@NHf@`@b@b@HJVXPXBBLRZh@Vh@P^P`@Nf@Nh@Nh@Ln@Hj@Hl@B\@PB`@@L?R?V?`@Cd@Cb@Gp@CJIj@EVGTERGRUn@S^S^SX_@b@u@x@SVGFIJGNEPAN?R@NBT@F@HJt@F\ZQ	Click to Generate
S25	15	1			2	Kimberworth Library (S25)	Kimberworth Community Primary School (S25)		1072	804	oiceIfwnGANAb@@d@Bh@Fl@Fl@FXF\XU@CDELS`BkDYYMMKQq@_BS]OUN_@DMNc@Vi@HQHSDSBM@QHk@t@t@NLF@FCDGXmBN}@BKBEF@TLTN\T@FO~@Mz@GDG?IEEEAE?G^eCD[@E@SAKKMUCQE]SKEC?G?ICc@YCPO`AK~@MlACRIj@APCLERIRIPWh@Ob@ELO^Sr@Ib@If@AT	Click to Generate
S25	10	1			2	St Thomas (S25)	Bake N Butty (S25)		808	606	kjceI~roGNUX[RWPSLU}@wCGQNKV[EDQTOJFP|@vCHMj@cABKBOPLLLLNf@j@RVDFj@r@j@t@JN^oARm@Sl@_@nAKOk@u@k@s@EGSWu@{@MMQMCNCJk@bAILMTQRSVYZOT	Click to Generate
S25	15	1			2	The Manor Barn (S25)	Bake N Butty (S25)		1147	860	oiceI~coGDBfAj@PJKi@GS]sAKi@G]GYGm@Gm@Ci@Ae@@c@@O@UHg@Hc@Rs@NTR\p@~AJPLLXXaBjDMRGHYTJh@\rAFRJh@DVJ|@Ft@BV@N?LPLLLLNf@j@RVDFj@r@j@t@JN^oARm@Sl@_@nAKOk@u@k@s@EGSWu@{@MMQM?MAOCWGu@K}@EWQKgAk@EC	Click to Generate
S25	20	1			2	Townhouse (S25)	SYPTE (S25)		1822	1366	_u_eIlqrG??SZ}@_C@m@NkFP@B@@B@JEnAGjC[C[C[E[CQCLkFCG?E?G@GBCvANFCBE?I?GACCCC?eBSIDA@EDGNEP?JAvG?LAt@@P?J?^ATABEVo@~@GJKRILKNEPADEJBHFDXd@V`@FJ?\@P?X\l@HLNVNXXm@^y@gAsBuAkAGEUQk@g@GEOKO[EGCICICGA[?S?I@I@KDSXUDEVOlAi@T[@ABMDU@{@?uCJe@@QDOHGFEHAH@nBRFBBD@D?D?D?B?RAFE@QAwAOCBAF?F?DBFR@ZDZBZDP@B@@B@JMzEAZt@pB	Click to Generate
S25	20	1			2	Flannels (S25)	SYPTE (S25)		1821	1366	_u_eIlqrG??SZ}@_C@m@NkFP@B@@B@JEzAG~B[C[C[E[CQCLkFCG?E?G@GBCvANFCBE?I?GACCCC?eBSIDA@EDGNEP?JAvG?LAt@@P?J?^ATABEVo@~@GJKRILKNEPADEJBHFDXd@V`@FJ?\@P?X\l@HLNVNXXm@^y@gAsBuAkAGEUQk@g@GEOKO[EGCICICGA[?S?I@I@KDSXUDEVOlAi@T[@ABMDU@{@?uCJe@@QDOHGFEHAH@nBRFBBD@D?D?D?B?RAFE@QAwAOCBAF?F?DBFR@ZDZBZDP@B@@B@JMzEAZt@pB	Click to Generate
S25	20	1			2	Masjid Abu Bakr (S25)	Tinsley Meadows Primary School (S25)		1669	1252	cw~dIvkoG\YRp@HZ_Ax@GFq@l@q@r@UVZlBJEHEPQd@c@w@t@IDKD[mBg@j@WZ[f@u@hAm@`AINmAvDELQ`@]h@U\OX]r@EIa@s@e@gA]eA[_AtAmBq@qBM@KDCDOa@??N`@BEJELAp@pBuAlBZ~@\dAd@fA`@r@DH\s@NYT]\i@Pa@DMlAwDHOl@aAt@iAZg@V[f@k@TWp@s@p@m@FG~@y@I[Sq@]X	Click to Generate
S25	20	1			2	Madani Education Centre (S25)	Cooling Tower in Nature's Fabric (S25)		1916	1437	ml_eIpwoGN`@BEJELAp@pBuAlBBHVt@\dAqEjGmBaCtFyHkAgDcCaHYkEQFKeB@Q`AYLMHQDUJk@HMDEK_@Q_C?SDGpAm@vAk@\CT@CvCA^INqDlAC@EDILKj@ETIPMLaAXAB?LJdBPGXjEbC`HjAfDNh@tAmBq@qBM@KDCDOa@	Click to Generate
S25	30	1			2	Tinsley Meadows Primary School (S25)	Tinsley Sports and Social Club (S25)		2780	2085	oy~dIjioG~@{@Rp@BHHXFVRp@HZ_Ax@GFq@l@q@r@UVg@j@WZ[f@u@hAm@`AINmAvDELQ`@]h@U\OX]r@EIa@s@e@gA]eA[_AtAmBq@qBM@KDCDOa@??N`@BEJELAp@pBuAlBZ~@\dAd@fA`@r@DH\s@NYT]\i@Pa@DMlAwDHOl@aAt@iAZg@V[f@k@TWp@s@p@m@FG~@y@bC{BRQd@e@X]T]N]Pc@DQFWF_@@Ib@qDLeAPyAX}BBOD_@D]Ju@MAIAG@}A|@OFM???L?NG|A}@FAH@L@Kt@E\E^CNY|BQxAMdAc@pDAHG^GVEPQb@O\U\Y\e@d@SPcCzB_Ax@GFq@l@q@r@G]Kq@G_@Oy@Ie@xAsA	Click to Generate
S25	20	1			2	St Lawrence Church (S25)	Cohens Chemist (S25)		1910	1432	am~dItpnGL?NG|A}@FAH@L@Kt@E\E^CNY|BQxAMdAc@pDAHG^GVEPQb@O\U\Y\e@d@SPcCzBI[Sq@GWIYCISq@IQAEEGCEKIOC@_@?SBODMr@}ADGFEHAH?NJLFHBFAFdABHDBB@CAECCIGeAG@ICMGOKI?I@GDEFs@|AEL?BCJ?RA^NBJHBDDF@DHPRp@BHHXFVRp@HZ_Ax@GFq@l@q@r@G]Kq@G_@Oy@Ie@v@u@`ByARp@BHHXFVRp@HZbC{BRQd@e@X]T]N]Pc@DQFWF_@@Ib@qDLeAPyAX}BBOD_@D]Ju@MAIAG@}A|@OFM?	Click to Generate
S25	60	1			2	Brutus (S25)	Freddy (S25)		5383	4037	gpceIfpqG??jCqBFU@ELqD?{ABaAD[FuAAy@KoA_@kBGe@U{A{@uFg@}CUyAEWEOOYDMFU@G@EDSHY@]?QAQESZYBAPOJKLQPSNUHM`@s@d@s@Ze@X[RWPSLUHMj@cABKBOPLLLt@z@RVDFj@r@j@t@JNr@|@h@t@b@j@FH\b@PNRLTHG`@Gf@E`@AV?R@b@BVHZHTDFJNJJ|@h@|@f@NHf@`@b@b@HJVXPXBBLRZh@Vh@P^P`@Nf@Nh@Nh@Ln@Hj@Hl@B\@PB`@@L?R?V?`@Cd@Cb@Gp@CJIj@EVGTERGRUn@S^S^SX_@b@u@x@SVGFIJGNEPAN?R@NBT@F@HJt@F\TbBFZFTFJl@z@PVBJF\Dd@@h@@~A@jAAZAVCZADEj@Ix@OxAKjAKbAKlAOtAE`@E`@G^KXSl@[x@g@xAM^KZQz@I\Qt@W]SUCEg@c@e@e@s@g@wBwAwDcCaD{B_Ai@y@[GCMGkCkAc@WMKCAk@e@MK{CkDoGwHWMoCs@GCwCy@i@KqCYFuA?g@?SLmCDw@N{@Jg@Zm@BC\g@NOPI`@GLCTEj@OPKLQp@iBRs@j@yAhAgCdAaCdAyBhByBhAyAr@gANi@PwAJi@Le@JYHSPUb@_@RQFKJMHULa@NXDNDVTxAf@|Cz@tFTzAFd@^jBJnA@x@GtAEZC`A?zAMpDIZkCpB??	Click to Generate
S25	45	1			2	Urban Outfitters (S25)	SYPTE (S25)		3217	2413	_u_eIlqrG??SZ}@_C@m@NkF[E[C[ESACG?E?G@GBCvANFCBE?I?GACCCC?eBSKAGCGKIMGQAW@O@OHi@F]?E@EDQLi@DMLYJU@EHORc@PWRULMHKNMNO^YROZQFELGTGREVGDAFAH?P?`@@P@D@VDXFHDJF\TLJLNLPNPVd@NZNZENCLGFKPEFSZ}A|BK@a@M?h@Ap@EbAC|@CbAC~@??p@fBT]T[T]T[V]T]CGQc@Qc@Qe@Qe@Qc@Qc@Qg@BUpBwCBK@A@O@MCYKOIOKMOSOOMM_@YGCMGQIGAYCWEWAO?G@E@c@FMDQHEBGBMHSNSNWTEDa@ZUR]b@Q^Wf@Qf@Of@EXGVKt@AJG~@C`A?JAvG?LAt@@P?J?^ATABEVo@~@GJKRILKNEPADEJBHFDXd@V`@FJ?\@P?X\l@HLNVNXXm@^y@gAsBuAkAGEUQk@g@GEOKO[EGCICICGA[?S?I@I@KDSXUDEVOlAi@T[@ABMDU@{@?uCJe@@QDOHGFEHAH@nBRFBBD@D?D?D?B?RAFE@QAwAOCBAF?F?DBFR@ZDZBZDP@B@@B@JMzEAZt@pB	Click to Generate
S25	20	1			2	Muscle Fusion (S25)	Shirefreen News 'n' Booze (S25)		2055	1541	}}ceIx{wGNH@H@NDLHDBSLu@H}@Fg@Bi@B]g@iACEu@u@SW??OWUg@KUIOYm@aAcBh@oB\cATi@Vi@^q@x@_BdAwBR\v@~Ae@Td@Uw@_BS]eAvBy@~A_@p@Wh@Uh@]bAi@nB`AbBXl@HNJTTf@NVRVt@t@BDf@hAC\Ch@Gf@I|@Mt@DH@F@JBf@Hd@H`@DNFNb@l@x@jASfAUxAOrAKfAOjBGdAEtACl@ClAZ@??[ABmABm@DuAFeANkBJgANsATyARgAy@kAc@m@GOEOIa@Ie@Cg@AKAGEICRIEEMAOAIOI	Click to Generate
S25	45	1			2	AllSaints (S25)	Jump Inc (S25)		3326	2494	gm_eIpgrGCj@p@fBT]T[T]T[V]T]CGQc@Qc@Qe@Qe@Qc@Qc@Qg@BUpBwCBK@A@O@MCYKOIOKMOSOOMM_@YGCMGQIGAYCWEWAO?G@E@c@FMDQHEBGBMHSNSNWTEDa@ZUR]b@Q^Wf@Qf@Of@EXGVKt@AJ@N@LDJ?@HLnBRFBBD@D?D?D?B?RAFE@QAwAOCBAF?F?DBFR@ZDZBZDP@B@@B@JMzEAZt@pB??SZ}@_C@m@NkF[E[C[ESACG?E?G@GBCvANFCBE?I?GACCCC?eBSKAGCGKIMGQAW@O@OHi@F]?E@EDQLi@DMLYJU@EHORc@PWRULMHKNMNO^YROZQFELGTGREVGDAFAH?P?`@@P@D@VDXFHDJF\TLJLNLPNPVd@NZNZVh@f@nAJRJL@BDBDFNHNDF@DBHEH?D?JEHGJINUBU?G?KEc@?IA]CGe@oAINMN}@cC\~@^bALOHOd@nABFNRJJBDB@B@F@D?JCr@aA`@g@DKPQ@IDQDKFIFGDAFAD?D@HBFFFHDLBJBJ?L?L?LCJCJEJEHGFEBGBI?GAOB_@J_@NUNURY\GJIHABSXGRITEJAHBZ@VCLCNEJGHGHGBIBIAGAIEEEEGCGEIAICKAYM_@So@EKcAyBQ_@GFKPEFSZ}A|BK@a@M?h@Ap@EbAC|@CbA?R	Click to Generate
S25	10	1			2	St Thomas Church Wincobank (S25)	Wincobank Post Office (S25)		1008	756	gdaeI|`tGm@AYwASeAXUPIXE`@?T?N@HA\IvBaA|@[l@WNtANzA^dDNjAbBu@g@oEe@mEMD_A\E@QHm@V}@ZwB`A@LHRL\DPBR?X?f@Al@{BE	Click to Generate
S25	10	1			2	St Thomas Church Wincobank (S25)	Wincobank Fish Bar (S25)		994	746	wy`eIlvsGQHNtANzA^dDNjARfBv@nHHj@QMWW_@a@_@]_@_@WWe@k@a@m@MOGKeAeB[wCEI{BEm@AYwASeAXUPIXE`@?T?N@HA\IvBaA|@[l@WPI	Click to Generate
S25	15	1			2	Zena (S25)	St Thomas (S25)		1103	827	aoceIruoGKg@KS]_@EACDK^CLGVHFDHDLd@lBDLC@@J?NCPIf@IXIXERADAFGTELNXEJMd@Kj@??Jk@Le@DKOYDMFU@G@EDSHY@]?QAQESZYBAPOJKLQPSNUHM`@s@d@s@Ze@X[RWPSLU}@wCGQNKV[EDQTOJFP|@vCMTQRSVYZ[d@e@r@a@r@ILOTQRMPKJQNEMe@mBEMEIIGFWBMJ_@BED@\^JRJf@	Click to Generate
S25	5	1			2	Zena (S25)	The Colin (S25)		468	351	mlceIthpGQJa@VC@CBIDEBg@}CUyAEWEOEJMd@Kj@??Jk@Le@DKOYDMGGEEAK?QDIHE??H?FBERADAFGTELNXDNDVTxAf@|CDCHEBCBA`@WPK	Click to Generate
S25	15	1			2	Hancock Cars (S25)	Shirefreen News 'n' Booze (S25)		1361	1021	i_deIppwGDHRVt@t@BDf@hAC\Ch@Gf@I|@Mt@CRIEEMAOAIMGGEOAI@EF_@xB^yBDGHAN@TL@H@NDLHDe@hCHCNEJAH?L?D?FCDNFNb@l@x@jASfAUxAOrAKfAOjBGdAEtACl@ClAZ@??[ABmABm@DuAFeANkBJgANsATyARgAy@kAc@m@GOEOIa@Ie@Cg@AKAGEILu@H}@Fg@Bi@B]g@iACEu@u@SWEI	Click to Generate
S25	60	1			2	Blackburn Minimarket (S25)	Blackburn Primary School (S25)		5459	4094	kybeIzwuGjDcHtAiCvDcGxA{AxAeAhCwAbBy@nAo@pA_ArBoB~@iAh@cAnB}DxAoCd@y@rAuBLOX[Qw@UaAI]K[GOOa@GOKQGSCi@Ei@EYGUEMY\i@d@QLSJg@^eAf@aDzAuCpAqClAeAd@}BfAa@TCBi@^Om@w@oCOg@s@{B[cAYw@Yu@m@kAOWi@{@CCQUQUW]SUCE[bBAJKv@Kz@E~@Al@Aj@?l@Ar@?FCf@Cd@C`@Gr@Gj@Ih@Gb@En@Cn@?n@?NC~@AHARGVSb@IMOSEMAQJk@BUO`A@PDLNRHLRc@FW|@l@DMDSN_@j@eA??k@dAO^EREL}@m@@S@IB_A?O?o@Bo@Do@Fc@Hi@Fk@Fs@Ba@Be@Bg@?G@s@?m@@k@@m@D_AJ{@Jw@@KZcBBDRTV\PTPTBBh@z@NVl@jAXt@Xv@ZbAr@zBNf@v@nCNl@h@_@BC`@U|BgAdAe@pCmAtCqA`D{AdAg@f@_@RKPMh@e@X]DLFTDXDh@Bh@FRJPFNN`@FNJZH\T`APv@YZMNsAtBe@x@yAnCoB|Di@bA_AhAsBnBqA~@oAn@cBx@iCvAyAdAyAzAwDbGuAhCkDbH	Click to Generate
S25	20	1			2	Freddy (S25)	Suzy (S25)		1817	1363	mkceIp}rGKy@Mg@I]C]@g@GCMGkCkAc@WMKCAk@e@MK{CkDoGwHWMoCs@GCwCy@i@KqCYFuA?g@?SnAPoAQ?R?f@GtApCXh@JvCx@FBnCr@VLnGvH`AfAxAbBLJj@d@PLb@VjCjALFFBAf@B\H\Lf@Jx@	Click to Generate
S25	20	1			2	American Golf (S25)	Madani Education Centre (S25)		2020	1515	uo_eIpxpGoAmB?EHs@VENBd@Fh@NN@VCDA\OVe@Ra@d@k@ZWNE^CP@R@ZR\ZVl@Jh@Ff@@H@fAAVC^@dAFl@Jh@Vd@X\CVK\EJIDG@[Hk@Xk@ZEY`@UQJOHDXj@[j@YZIFAHEDKJ]_@_@S]OYKISGSAU@_@b@WPWJ[BG?QEQGa@[SUOa@Mg@Go@Cg@?_@@]@UBQDSJa@Ve@Ra@NeAHoAHy@No@L[LUEIa@s@e@gA]eAWu@CIOi@kAgDaBxB}AtBoA~AKNkAfBOTl@lA`@z@DF`@x@Xd@`@j@JLRXHHVRNHTHIr@?DnAlB	Click to Generate
S25	30	1			2	Eurochange (S25)	Superdry (S25)		2318	1738	qv_eIrkrGAj@AZt@pB??SZ}@_C@m@NkF[E[C[ESACG?E?G@GBCvANFCBE?I?GACCCC?eBSKAGCGKIMGQAW@O@OHi@F]?E@EDQLi@DMLYJU@EHORc@PWRULMHKNMNO^YROZQFELGTGREVGDAFAH?P?`@@P@D@VDXFHDJF\TLJLNLPNPVd@NZNZENCLGFKPEFSZ}A|BK@a@M?h@Ap@EbAC|@CbAC~@h@vAFNT]T[T]T[V]T]CGQc@Qc@Qe@Qe@Qc@Qc@Qg@BUpBwCBK@A@O@MCYKOIOKMOSOOMM_@YGCMGQIGAYCWEWAO?G@E@c@FMDQHEBGBMHSNSNWTEDa@ZUR]b@Q^Wf@Qf@Of@EXGVKt@AJ@N@LDJ?@HLnBRFBBD@D?D?D?B?RAFE@QAwAOCBAF?F?DBFR@ZDZBZDP@B@@B@JKnD	Click to Generate
S25	5	1			2	The Colin (S25)	Winterhill School (S25)		468	351	crceIfdpGJk@Le@DKOYDMGGEEAK?QDIHE??H?FBERADAFGTELNXDNDVTxAf@|CDCHEBCBA`@WPK??QJa@VC@CBIDEBg@}CUyAEWEOEJMd@Kj@	Click to Generate
S25	45	1			3	Two Dinners Ignatiu (S25)	Stan (S25)	Brutus (S25)	3133	2350	wvceItpqG@m@p@Av@DXBf@XPBNE??jCqBH[LqD?{ABaAD[FuAAy@KoA_@kBGe@U{A{@uFg@}CUyAEWEOOYM`@ITKLGJSPc@^QTIRKXMd@Kh@QvAOh@s@fAiAxAiBxBeAxBeA`CiAfCk@xASr@q@hBMP??QJk@NUDMBa@FQHKi@GSMKOGiCc@KOCM?WFW~@qBRVpH~ARHRs@j@yAhAgCdAaCdAyBhByBhAyAr@gANi@PwAJi@Le@JYHSPUb@_@RQFKJMHULa@NXDNDVTxAf@|Cz@tFTzAFd@^jBJnA@x@GtAEZC`A?zAMpDADGTkCpBODQCg@YYCw@Eq@@Al@	Click to Generate
S25	45	1			3	Shirefreen News 'n' Booze (S25)	Beck Primary School (S25)	Shiregreen Medical Centre (S25)	3382	2536	{}ceIjvwG`@sABGf@hAC\Ch@Gf@I|@Mt@DH@F@JBf@Hd@H`@DNFNb@l@x@jASfAUxAOrAKfAOjBGdAEtACl@ClAZ@??[A?JCjA?zB@dB@b@?h@Bp@[n@FFFHJB^B|@@`@Gd@K~@W?J?JANG\NvA??OwAF]@O?K?K^MvA_@Cg@E_AAw@Ac@@e@?W?WFCAe@?G?YAS?M@g@?SBi@D}ABe@Bi@Hk@N{@R}@Tu@Vi@JSd@y@P[HU@QAQXKXK`@ONGx@Ul@M\GLAd@E`@@XFPHvAn@rAp@h@VPHPLNLJJBm@@s@DsAFeA?IBo@VL@?zBfArFpCs@dGCV}A{@IECAaAi@kB_A]QQGMCQCKKOMQMQIi@WsAq@wAo@QIYGa@Ae@DM@]Fm@Ly@TOFa@NYJYJcBh@A?qA^m@He@BU?QCSIQISOSWS_@U_@y@kAc@m@GOEOIa@Ie@Cg@AKAGEILu@H}@Fg@Bi@B]g@iACFa@rA	Click to Generate
S25	60	1			3	American Golf (S25)	Sainsbury's (S25)	M&C Tailoring (S25)	4846	3634	oe_eIxoqGXv@JKJAJ?HFFJLXn@zAd@nABFNRJJBDB@B@F@D?JCr@aA`@g@DKPQ@IM}@GYM[GKQWQSUWaB_Bg@g@oAkA]]KMk@y@MSM]K]I[G[EMUk@a@[SUOa@Mg@Go@Cg@?_@@]@UBQDSJa@Ve@Ra@d@k@ZWNE^CP@R@ZR\ZVl@Jh@Ff@@H@fAAVC^@dAFl@Jh@Vd@X\CVK\EJIDG@[Hk@Xk@ZEY`@UQJOHDXj@[j@YZIFAHEDKJ]_@_@S]OYKISGSAU@_@b@Oh@EPCPAT?TBd@Lh@R^NTHFz@v@XXl@l@d@f@f@d@`@d@JLPPJLf@j@`@d@FFT\HBFFFHDLBJBJ?L?L?LCJCJEJEHGFEBGBI?GAOB_@J_@NUNURY\GJIHABSXGRITEJAHBZ@VCLCNEJGHGHGBIBIAGAIEEEEGCGEIAICKAY@O@QBMFMDKHGHEH?D?JEHGJINUBU?G?KEc@?IA]CGl@{@Rb@??@An@eA@O?K?EEMaArAm@z@BFNRJJBDB@B@F@D?JCr@aA`@g@DKPQ@IM}@GYM[GKQWQSUWaB_Bg@g@oAkA]]KMk@y@MSM]K]I[G[EMUk@a@[SUOa@Mg@Go@Cg@Mi@KYKSYUi@Mc@GMKMMIr@?DvBdDAAuBcD?EHs@VENBd@Fh@NN@VCDA\OVe@Ra@d@k@ZWNE^CP@R@ZR\ZVl@Jh@Ff@@H@fAAVC^Ot@Un@c@h@_@b@Oh@EPCPAT?TBd@Lh@R^NTHFz@v@XXl@l@d@f@f@d@`@d@JLPPJLf@j@`@d@FFT\HBFFFHDLBJBJ?L?L?LCJCJEJEHGFEBGBI?GAOB_@J_@NUNURY\GJIHABSXGRITEJAHBZ@VCLCNEJGHGHGBIBIAGAIEEEEGCGEIAICKAY@O@QBMFMDKHGHEH?D?JEHGJINUBU?G?KEc@?IA]CGe@oAo@{AMYGKIGK?K@KJYw@	Click to Generate
S25	60	1			3	White Stuff (S25)	SYPTE (S25)	Jump Inc (S25)	5179	3884	_u_eIlqrG??SZ}@_C@m@NkF[E[C[ESACG?E?G@GBCvANFCBE?I?GACCCC?eBSKAGCGKIMGQAW@O@OHi@F]?E@EDQLi@DMLYJU@EHORc@PWRULMHKNMNO^YROZQFELGTGREVGDAFAH?P?`@@P@D@VDXFHDJF\TLJLNLPNPVd@NZNZENCLGFKPEFSZ}A|BK@a@M?h@Ap@EbAC|@CbA?RCj@p@fBT]T[T]T[V]T]CGQc@Qc@Qe@Qe@Qc@Qc@Qg@BUpBwCBK@A@O@MCYKOIOKMOSOOMM_@YGCMGQIGAYCWEWAO?G@E@c@FMDQHEBGBMHSNSNWTEDa@ZUR]b@Q^Wf@Qf@Of@EXGVKt@AJG~@C`A?JAvG?LAt@@P?J?^ATABEVo@~@GJKRILKNEPADEJBHFDXd@V`@FJ?\@P?X\l@HLNVNXXm@^y@gAsBuAkAGEUQk@g@GEOKO[EGCICICGA[?S?I@I@KDSXUDEVOlAi@T[@ABMDU@{@?uC@c@@g@@SBg@@O@OHi@F]?E@EDQLi@DMLYJU@EHORc@PWRULMHKNMNO^YROZQFELGTGREVGDAFAH?P?`@@P@D@VDXFHDJF\TLJLNLPNPVd@NZNZVh@f@nAJRJL@BDBDFNHNDF@DBHEH?D?JEHGJINUBU?G?KEc@?IA]CGe@oAINMN}@cC\~@^bALOHOd@nABFNRJJBDB@B@F@D?JCr@aA`@g@DKPQ@IDQDKFIFGDAFAD?D@HBFFFHDLBJBJ?L?L?LCJCJEJEHGFEBGBI?GAOB_@J_@NUNURY\GJIHABSXGRITEJAHBZ@VCLCNEJGHGHGBIBIAGAIEEEEGCGEIAICKAYM_@So@EKcAyBQ_@GMSg@KOIOKMOSOOMM_@YGCMGQIGAYCWEWAO?G@E@c@FMDQHEBGBMHSNSNWTEDa@ZUR]b@Q^Wf@Qf@Of@EXGVKt@AJ@N@LDJ?@HLnBRFBBD@D?D?D?B?RAFE@QAwAOCBAF?F?DBFR@ZDZBZDP@B@@B@JMzEAZt@pB	Click to Generate
S25	60	1			3	Air Haus (S25)	M&C Tailoring (S25)	Sainsbury's (S25)	4937	3703	yd_eIzbqGOHDXj@[j@YZIFAHEDKJ]_@_@S]OYKISGSAU@_@b@Oh@EPCPAT?TBd@Lh@R^NTHFz@v@XXl@l@d@f@f@d@`@d@JLPPJLf@j@`@d@FFT\HBFFFHDLBJBJ?L?L?LCJCJEJEHGFEBGBI?GAOB_@J_@NUNURY\GJIHABSXGRITEJAHBZ@VCLCNEJGHGHGBIBIAGAIEEEEGCGEIAICKAY@O@QBMFMDKHGHEH?D?JEHGJINUBU?G?KEc@?IA]CGe@oAo@{AMYGKIGK?K@KJyAyD~@`CXv@JKJAJ?HFFJLXn@zAd@nABFNRJJBDB@B@F@D?JCr@aA`@g@DKPQ@IM}@GYM[GKQWQSUWaB_Bg@g@oAkA]]KMk@y@MSM]K]I[G[EMUk@a@[SUOa@Mg@Go@Cg@Mi@KYKSYUi@Mc@GMKMMIr@?DvBdDAAuBcD?EHs@VENBd@Fh@NN@VCDA\OVe@Ra@d@k@ZWNE^CP@R@ZR\ZVl@Jh@Ff@@H@fAAVC^Ot@Un@c@h@_@b@Oh@EPCPAT?TBd@Lh@R^NTHFz@v@XXl@l@d@f@f@d@`@d@JLPPJLf@j@`@d@FFT\HBFFFHDLBJBJ?L?L?LCJCJEJEHGFEBGBI?GAOB_@J_@NUNURY\GJIHABSXGRITEJAHBZ@VCLCNEJGHGHGBIBIAGAIEEEEGCGEIAICKAY@O@QBMFMDKHGHEH?D?JEHGJINUBU?G?KEc@?IA]CGl@{@Rb@??@An@eA@O?K?EEMaArAm@z@BFNRJJBDB@B@F@D?JCr@aA`@g@DKPQ@IM}@GYM[GKQWQSUWaB_Bg@g@oAkA]]KMk@y@MSM]K]I[G[EMUk@a@[SUOa@Mg@Go@Cg@?_@@]@UBQDSJa@Ve@Ra@d@k@ZWNE^CP@R@ZR\ZVl@Jh@Ff@@H@fAAVC^@dAFl@Jh@Vd@X\CVK\EJIDG@[Hk@Xk@ZEYNI	Click to Generate
S25	15	1			3	St Thomas (S25)	The Salvation Army - Rotherham (S25)	Meadow View Primary School (S25)	1142	856	adceIhmoGMOMMQMCNCJk@bAIL}@wCGQNKV[EDQTOJFP|@vCMTQRSVYZ[d@e@r@a@r@ILOTQRMPKJQNC@@J?NCPIf@IX@]?QAQESZYBAPOJKLQPSNUHM`@s@d@s@JONUX[RWPSLUHMj@cABKBOPLLLt@z@RVDFj@r@j@t@JN^oARm@??Sl@_@nAKOk@u@k@s@EGSWg@k@	Click to Generate
S25	45	1			3	The Cruise Holiday Shop (S25)	Mint Nail (S25)	Jump Inc (S25)	3326	2494	gm_eIrgrGCh@p@fB??T]T[T]T[V]T]CGQc@Qc@Qe@Qe@Qc@Qc@Qg@BUpBwCBK@A@O@MCYKOIOKMOSOOMM_@YGCMGQIGAYCWEWAO?G@E@c@FMDQHEBGBMHSNSNWTEDa@ZUR]b@Q^Wf@Qf@Of@EXGVKt@AJ@N@LDJ?@HLnBRFBBD@D?D?D?B?RAFE@QAwAOCBAF?F?DBFR@ZDZBZDP@B@@B@JMzEAZt@pB??SZ}@_C@m@NkF[E[C[ESACG?E?G@GBCvANFCBE?I?GACCCC?eBSKAGCGKIMGQAW@O@OHi@F]?E@EDQLi@DMLYJU@EHORc@PWRULMHKNMNO^YROZQFELGTGREVGDAFAH?P?`@@P@D@VDXFHDJF\TLJLNLPNPVd@NZNZVh@f@nAJRJL@BDBDFNHNDF@DBHEH?D?JEHGJINUBU?G?KEc@?IA]CGe@oAINMN}@cC\~@^bALOHOd@nABFNRJJBDB@B@F@D?JCr@aA`@g@DKPQ@IDQDKFIFGDAFAD?D@HBFFFHDLBJBJ?L?L?LCJCJEJEHGFEBGBI?GAOB_@J_@NUNURY\GJIHABSXGRITEJAHBZ@VCLCNEJGHGHGBIBIAGAIEEEEGCGEIAICKAYM_@So@EKcAyBQ_@GFKPEFSZ}A|BK@a@M?h@Ap@EbAC|@CbA?T	Click to Generate
S25	45	1			3	Shirefreen News 'n' Booze (S25)	Hartley Brook Road Post Office (S25)	Volksgear (S25)	3970	2978	ctceI~oyGOwAF]@O?K?K_AVe@Ja@F}@A_@CKCGIGGZo@Cq@?i@Ac@AeB?{BBkA?KZ@??[A?JCjA?zB@dB@b@?h@Bp@[n@Q^Qb@K`@Ib@Kf@Ed@AXCXAl@@n@@d@D`@F^DRLh@Rj@Rj@Th@RZDF\f@Z\`@\b@NZL`AR`AFn@@rBA^AT?bAAXAT?d@@r@Fv@Jv@Pr@Pp@TT}ADW@EBADAbAj@@OTwBZmDLuAHw@H}@Fg@LaBHeADs@Ba@Be@?m@?M?oCAcA?W?yB?S?s@?gC?aD@iD?S?u@C[KKOMQMQIi@WsAq@wAo@QIYGa@Ae@DM@]Fm@Ly@TOFa@NYJYJcBh@A?qA^m@He@BU?QCSIQISOSWS_@U_@y@kAc@m@GOEOIa@Ie@Cg@AKAGEICRIEEMAOAIOIECOAI@EF_@xB^yBDGHAN@TL@H@NDLHDe@hCEVIl@Mt@M|@KlAKrACp@Cp@MrCCv@Ch@ElAKrCIxBHHBHBTNbDTfDDn@@VF|@D\BHDDBBB@BY@YDe@Jg@Hc@Ja@Pc@P_@FFFHJB^B|@@`@Gd@K~@W?J?JANG\NvA	Click to Generate
S25	45	1			3	Beck Primary School (S25)	Shiregreen Medical Centre (S25)	Shirefreen News 'n' Booze (S25)	4141	3106	i|beIrgzG??KJGNEPOGOIq@Us@Qw@Qw@Ks@Ge@ACSGQKSe@cA]{@_@cAWy@Qq@Me@SaAUkAQmAEYMiAKcAGaAEu@wA^_@L?J?JANG\NvA??OwAF]@O?K?K^MvA_@Cg@E_AAw@Ac@@e@?W?WFCAe@?G?YAS?M@g@?SBi@D}ABe@Bi@Hk@N{@R}@Tu@Vi@JSd@y@P[HU@QAQXKXK`@ONGx@Ul@M\GLAd@E`@@XFPHvAn@rAp@h@VPHPLNLJJBm@@s@DsAFeA?IBo@VL@?zBfArFpCs@dGCV}A{@IECAaAi@kB_A]QQGMCQCKKOMQMQIi@WsAq@wAo@QIYGa@Ae@DM@]Fm@Ly@TOFa@NYJYJcBh@A?qA^m@He@BU?QCSIQISOSWS_@U_@SfAUxAOrAKfAOjBGdAEtACl@ClAZ@??[A?JCjA?zB@dB@b@?h@Bp@[n@Q^Qb@K`@Ib@Kf@Ed@AXCXAl@@n@@d@D`@F^DRLh@Rj@Rj@Th@RZDF\f@Z\`@\b@NZL`AR`AFn@@rBA^AT?bAAXAT?d@@r@Fv@Jv@Pr@Pp@TNHNFDQFOJK??	Click to Generate
S25	60	1			3	Sci-Tek Snack Shack (S25)	Kelford School (S25)	South Street Convenience Store (S25)	12335	9251	}paeIxxlGWFSDWJMZUHQ?[@_@AMCkAa@m@MCOAOAe@OsGAYCSOs@EKEGGCEAQHOL]d@KLKDIBC?SBGHIl@C^EVeAjBMRu@pA[j@U`@aA~AYd@u@nAQX_@h@k@h@MLOPILWe@ESCO?CA]?QBcE?Y@yA@wB?W@[?G?_A@eBBkB?K?c@B}B@qA?yA@wABiA?S@kA@g@?EAq@AoAC{@GoA?]Ba@Jy@f@sELcAv@eHRiBDg@?}@?g@?wA?O?_BAaACo@Ce@E_@Iy@Gg@E]EWEm@CUAa@EmAGm@AQAo@?S?k@?g@NBr@DbADL@xAJnB?pBBd@AtAWdI}CtAi@PQHOBQBOHOHKJGLCJ@JDJJHLDRDR@VF^N|@VdAFVPx@b@~@Xr@RRJHVNH@DBHPBNAT?@?V@RJn@Nl@Nr@B\FPDRb@|AJr@b@nCZpBBTr@zE^dCf@|CP~@Pl@Vv@Xp@\h@^d@TVjAdAp@h@XHD@TFHAD?JFDFDR@N?JETILGDE@EAKHC@KLEDIRoApBcAzAuAjB\xAR~@@~@A`B@z@Dp@Jr@Lp@X|@Lb@DLVpARdALhAHfADbA@t@@V?`ACt@MfA?HAn@BfA@z@RvL@|@ZxQ[yQ?EAw@SwLA{@CgA@o@?ILgABu@?aAAWAu@EcAIgAMiASeAWqAEMMc@Y}@Mq@Ks@Eq@A{@@aBA_AS_A]yAtAkBbA{AnAqBHS@KBU?C@]AOK_@ACQc@q@i@kAeAUW_@e@]i@Yq@Ww@Qm@Q_Ag@}C_@eCs@{ECU[qBc@oCKs@c@}AESGQIUK[IUYcAKSU[CCGMCOCk@GWMg@Ys@c@_A[i@]m@UUw@g@KCIEc@S]Ea@?e@LeIdDeBd@uAV_@BK@qAF}AAaBKWJMJIJEFCFGPKd@?FDlA@`@BTDl@DVD\Ff@Hx@D^Bd@Bn@@`A?~A?N?vA?f@?|@Ef@ShBw@dHMbAg@rEKx@C`@?\FnABz@@nA@p@?DAf@AjA?RChAAvA?xAApAC|B?b@?JCjBAdB?~@?FAZ?VAvBAxA?XCbE?P@\?BBNDRVd@MZQp@b@b@bA`A\^j@x@FHnA`C`@t@l@nAf@vAN`@Pf@HTXx@`@nAZ~@BLPj@^|A?DHl@BNDVFp@HtAFtADtAFxBB`@eAHECqByBGNEDIBGAEIEHK\_@vAAH?JDVDNB@@B@D?@@BAD?DCBA@C@CACCAC?EAE@E@CBC@AB?EOEW?K@I^wAJ]DIAI?KFWGI[]]_@s@w@k@k@uB|Mg@|C?T?D@HDHlE|Cx@l@B@b@\PLxAdAJJJPb@z@h@jAdBnD^v@FLXl@FFH@F?FCFCE[Kw@Ea@SyAk@mEOmAOeASeBCUKeAIsAAQAUCWAm@Cc@Ak@GqBCa@GyBEuAGuAIuAGq@EWCOIm@?E_@}AQk@CM[_Aa@oAYy@IUQg@Oa@g@wAm@oAa@u@oAaCGIk@y@]_@cAaAc@c@Pq@L[HMNQLMj@i@^i@PYt@oAXe@`A_BTa@Zk@t@qALSdAkBDWB_@Hm@FIRCB?HCJEJM\e@NMPID@FBDFDJNr@BR@XNrG@d@@NBNl@LjA`@LB^@ZAP?TIL[VKREVG	Click to Generate
S25	30	1			3	Blackburn Primary School (S25)	Blackburn Youth Club (S25)	Csk Motors (S25)	2427	1820	y{beIlftGKj@@PDLNRHLRc@FW|@l@DMDSN_@j@eA??k@dAO^EREL}@m@@S@IB_A?O?o@Bo@Do@Fc@Hi@Fk@Fs@Ba@Be@Bg@XAJ???K?Y@?G@s@?m@@k@@m@D_AJ{@Jw@@KZcBBDRTV\PTPTBBh@z@NVl@jAXt@Xv@ZbAr@zBNf@v@nCNl@h@_@BC`@U|BgAdAe@pCmAKQYMw@_@ECGIFHDBv@^XLJP}BbASHeAd@}BfAa@TCBi@^Om@w@oCOg@s@{B[cAYw@Yu@m@kAOWi@{@CCQUQUW]SUCE[bBAJKv@Kz@E~@Al@Aj@?l@Ar@?FCf@Cd@C`@Gr@Gj@Ih@Gb@En@Cn@?n@?NC~@AHARGVSb@IMOSEMAQJk@	Click to Generate
S25	30	1			3	Blackburn Youth Club (S25)	Blackburn Minimarket (S25)	Csk Motors (S25)	2810	2108	avbeIdetGk@dAO^EREL}@m@@S@IB_A?O?o@Bo@Do@Fc@Hi@Fk@Fs@Ba@Be@Bg@XAJ???K?Y@Cf@Cd@C`@Gr@Gj@Ih@Gb@En@Cn@?n@?NC~@AHARGVSb@IMOSEMAQJk@BUO`A@PDLNRHLRc@FW@S@IB_A?O?o@Bo@Do@Fc@Hi@Fk@Fs@Ba@Be@Bg@?G@s@?m@@k@@m@D_AJ{@Jw@@KZcBBDRTV\PTPTBBh@z@NVl@jAXt@Xv@ZbAr@zBNf@v@nCNl@h@_@BC`@U|BgAdAe@pCmAKQYMw@_@ECGIFHDBv@^XLJP}BbASHeAd@}BfAa@TCBi@^Om@w@oCOg@s@{B[cAYw@Yu@m@kAOWi@{@CCQUQUW]SUCE[bBAJKv@Kz@E~@Al@Aj@?l@Ar@?FCf@Cd@C`@Gr@Gj@Ih@Gb@En@Cn@?n@?NC~@AHAR|@l@DMDSN_@j@eA	Click to Generate
S25	30	1			3	Blackburn Primary School (S25)	Blackburn Minimarket (S25)	Csk Motors (S25)	2441	1831	awbeI`wsGK?Y@Cf@Cd@C`@Gr@Gj@Ih@Gb@En@Cn@?n@?NC~@AHAR|@l@DMDSN_@j@eA??k@dAO^EREL}@m@GVSb@IMOSEMAQJk@BUO`A@PDLNRHLRc@FW@S@IB_A?O?o@Bo@Do@Fc@Hi@Fk@Fs@Ba@Be@Bg@?G@s@?m@@k@@m@D_AJ{@Jw@@KZcBBDRTV\PTPTBBh@z@NVl@jAXt@Xv@ZbAr@zBNf@v@nCNl@h@_@BC`@U|BgAdAe@pCmAKQYMw@_@ECGIFHDBv@^XLJP}BbASHeAd@}BfAa@TCBi@^Om@w@oCOg@s@{B[cAYw@Yu@m@kAOWi@{@CCQUQUW]SUCE[bBAJKv@Kz@E~@Al@Aj@?l@Ar@?FXAJ?	Click to Generate
S25	60	1			3	Two Dinners Ignatiu (S25)	Abbey School (S25)	Freddy (S25)	5607	4205	skceI~kqGGTkCpB??ODQCg@YYCw@Eq@@Al@??@m@?WBSHO`@GfBMf@GbAs@n@cAXeAVmBFUFa@D[FuAAy@KoA_@kBGe@U{A{@uFg@}CUyAEWEOOYDMFU@G@EDSHY@]?QAQESZYBAPOJKLQPSNUHM`@s@d@s@Ze@X[RWPSLUHMj@cABKBOPLLLt@z@RVDFj@r@j@t@JNr@|@h@t@b@j@FH\b@PNRLTHG`@Gf@E`@AV?R@b@BVHZHTDFJNJJ|@h@|@f@NHf@`@b@b@HJVXPXBBLRZh@Vh@P^P`@Nf@Nh@Nh@Ln@Hj@Hl@B\@PB`@@L?R?V?`@Cd@Cb@Gp@CJIj@EVGTERGRUn@S^S^SX_@b@u@x@SVGFIJGNEPAN?R@NBT@F@HJt@F\TbBFZFTFJl@z@PVBJF\Dd@@h@@~A@jAAZAVCZADEj@Ix@OxAKjAKbAKlAOtAE`@E`@G^KXSl@[x@g@xAM^KZQz@I\Qt@W]SUCEg@c@e@e@s@g@wBwAwDcCaD{B_Ai@y@[GCMGkCkAc@WMKCAk@e@MK{CkDoGwHWMoCs@GCwCy@i@KqCYFuA?g@?SLmCDw@N{@Jg@Zm@BC\g@NOPI`@GLCTEj@OPKLQp@iBRs@j@yAhAgCdAaCdAyBhByBhAyAr@gANi@PwAJi@Le@JYHSPUb@_@RQFKJMHULa@NXDNDVTxAf@|Cz@tFTzAFd@^jBJnA@x@GtAEZC`A?zAMpDAD	Click to Generate
S25	45	1			3	AllSaints (S25)	SYPTE (S25)	Jump Inc (S25)	3597	2698	ev_eInfrGMnEAZt@pB??SZ}@_C@m@NkF[E[C[ESACG?E?G@GBCvANFCBE?I?GACCCC?eBSIDA@EDGNEP?JAvG?LAt@@P?J?^ATABEVo@~@GJKRILKNEPADEJBHFDXd@V`@FJ?\@P?X\l@HLNVNXXm@^y@gAsBuAkAGEUQk@g@GEOKO[EGCICICGA[?S?I@I@KDSXUDEVOlAi@T[@ABMDU@{@?uC@c@@g@@SBg@@O@OHi@F]?E@EDQLi@DMLYJU@EHORc@PWRULMHKNMNO^YROZQFELGTGREVGDAFAH?P?`@@P@D@VDXFHDJF\TLJLNLPNPVd@NZNZVh@f@nAJRJL@BDBDFNHNDF@DBHEH?D?JEHGJINUBU?G?KEc@?IA]CGe@oAINMN}@cC\~@^bALOHOd@nABFNRJJBDB@B@F@D?JCr@aA`@g@DKPQ@IDQDKFIFGDAFAD?D@HBFFFHDLBJBJ?L?L?LCJCJEJEHGFEBGBI?GAOB_@J_@NUNURY\GJIHABSXGRITEJAHBZ@VCLCNEJGHGHGBIBIAGAIEEEEGCGEIAICKAYM_@So@EKcAyBQ_@GMSg@KOIOKMOSOOMM_@YGCMGQIGAYCWEWAO?G@E@c@FMDQHEBGBMHSNSNWTEDa@ZUR]b@Q^Wf@Qf@Of@EXGVKt@AJ@N@LDJ?@HLnBRFBBD@D?D?D?B?RAFE@QAwAOCBAF?F?DBFR@ZDZBZDP@B@@B@J?J	Click to Generate
S25	20	1			3	St Lawrence Church (S25)	Tinsley Meadows Primary School (S25)	Madani Education Centre (S25)	1903	1427	qz~dIhjoG`ByAIQAEEGCEKIOC@_@?SBODMr@}ADGFEHAH?NJLFHBFAFdABHDBB@CAECCIGeAG@ICMGOKI?I@GDEFs@|AEL?BCJ?RA^NBJHBDDF@DHPRp@BHHXFVRp@HZ_Ax@GFq@l@q@r@UVg@j@WZ[f@u@hAm@`AINmAvDELQ`@]h@U\OX]r@EIa@s@e@gA]eA[_AtAmBq@qBM@KDCDOa@??N`@BEJELAp@pBuAlBBHVt@\dAd@fA`@r@DH\s@NYT]\i@Pa@DMlAwDHOl@aAt@iAZg@V[f@k@TWG]Kq@G_@Oy@Ie@v@u@	Click to Generate
S25	30	1			3	Tinsley Meadows Primary School (S25)	Hanfia Masjid (S25)	Madani Education Centre (S25)	2239	1679	{t_eIxeoG?LJdBPGXjEbC`HjAfDNh@tAmBq@qBM@KDCDOa@??N`@BEJELAp@pBuAlBOi@kAgDcCaH{Bl@cCn@yBp@GBi@Ng@JIFGDKNTv@f@bBNr@Tn@\bADJXr@Th@z@nBHRl@lA`@z@DF`@x@Xd@`@j@JLRXHHVRNHTHVENBd@Fh@NN@VCDA\OVe@Ra@NeAHoAHy@No@L[LUEIa@s@e@gA]eAWu@CIOi@kAgDcCaHYkEQFKeB?M	Click to Generate
S25	30	1			3	Suzy (S25)	Freddy (S25)	Morris (S25)	2863	2147	a_deIxfrG~CtD`AfAxAbBLJj@d@B@LJb@VjCjALFFBx@Z~@h@`DzBvDbCvBvAr@f@d@d@f@b@[bBAJKv@Kz@E~@Al@Aj@?l@IEECIQCSDYFGBALE@m@D_AJ{@Jw@@KZcBg@c@e@e@s@g@wBwAwDcCaD{B_Ai@y@[GCMGkCkAc@WQMk@e@MK{CkDoGwHWMoCs@GCwCy@i@KqCYFuA?g@?SnAPoAQ?R?f@GtApCXh@J??vCx@FBnCr@VLnB`C	Click to Generate
S25	30	1			3	Blackburn Primary School (S25)	Blackburn Youth Club (S25)	Blackburn Minimarket (S25)	2532	1899	a`beIf{sGSHeAd@}BfAa@TCBi@^Om@w@oCOg@s@{B[cAYw@Yu@m@kAOWi@{@CCQUQUW]SUCE[bBAJKv@Kz@E~@Al@Aj@?l@Ar@?FCf@Cd@C`@Gr@Gj@Ih@Gb@En@Cn@?n@?NC~@AHAR|@l@DMDSN_@j@eA??k@dAO^EREL}@m@@S@IB_A?O?o@Bo@Do@Fc@Hi@Fk@Fs@Ba@Be@Bg@XAJ???K?Y@Cf@Cd@C`@Gr@Gj@Ih@Gb@En@Cn@?n@?NC~@AHARGVSb@IMOSEMAQJk@BUO`A@PDLNRHLRc@FW@S@IB_A?O?o@Bo@Do@Fc@Hi@Fk@Fs@Ba@Be@Bg@?G@s@?m@@k@@m@D_AJ{@Jw@@KZcBBDRTV\PTPTBBh@z@NVl@jAXt@Xv@ZbAr@zBNf@v@nCNl@h@_@BC`@U|BgAdAe@RI	Click to Generate
S25	30	1			3	Meadow View Primary School (S25)	South Street Convenience Store (S25)	Bake N Butty (S25)	2618	1964	wpbeIj_pGKVm@u@[]SOSMe@QKEo@SUISMQO]c@GIc@k@i@u@s@}@^oARm@??Sl@_@nAr@|@h@t@b@j@FH\b@PNRLTHn@RJDd@PRLRNZ\l@t@r@kBv@sBBIt@uBTm@Ne@Le@XwADSn@aDx@l@B@b@\PLxAdA{AlFWYiA|CGHIEaCoCu@tBCHw@rBs@jBm@u@[]SOSMe@QKEo@SUISMQO]c@GIc@k@i@u@s@}@KOk@u@k@s@EGSWg@k@MOMMQM?MAOCWGu@K}@XOLONUFGRYSXGFOTMNYNJ|@Ft@BV@N?LPLLLt@z@RVDFj@r@j@t@JNr@|@h@t@b@j@FH\b@PNRLTHn@RJDd@PRLRNZ\l@t@JW	Click to Generate
S25	20	1			3	St Thomas Church Wincobank (S25)	Fife Street Stores (S25)	Wincobank Post Office (S25)	1773	1330	_s`eIzytGGOGUWuAKo@OoAIk@w@oHSgBOkA_@eDO{AOuAm@V}@ZwB`A@LHRL\DPBR?X?f@Al@DHZvCdAdBkAz@[TOX_@t@GWs@gEAEKo@Qu@]eBYwASeAXUPIXE`@?T?N@HA\IvBaA|@[l@WPIDA~@]LEd@lEf@nElAtKv@dH?JADCDCDcA`@AE	Click to Generate
S25	60	1			3	Phase Eight (S25)	SYPTE (S25)	Jump Inc (S25)	5179	3884	_u_eIlqrG??SZ}@_C@m@NkF[E[C[ESACG?E?G@GBCvANFCBE?I?GACCCC?eBSKAGCGKIMGQAW@O@OHi@F]?E@EDQLi@DMLYJU@EHORc@PWRULMHKNMNO^YROZQFELGTGREVGDAFAH?P?`@@P@D@VDXFHDJF\TLJLNLPNPVd@NZNZENCLGFKPEFSZ}A|BK@a@M?h@Ap@EbAC|@CbAAf@AVp@fBT]T[T]T[V]T]CGQc@Qc@Qe@Qe@Qc@Qc@Qg@BUpBwCBK@A@O@MCYKOIOKMOSOOMM_@YGCMGQIGAYCWEWAO?G@E@c@FMDQHEBGBMHSNSNWTEDa@ZUR]b@Q^Wf@Qf@Of@EXGVKt@AJG~@C`A?JAvG?LAt@@P?J?^ATABEVo@~@GJKRILKNEPADEJBHFDXd@V`@FJ?\@P?X\l@HLNVNXXm@^y@gAsBuAkAGEUQk@g@GEOKO[EGCICICGA[?S?I@I@KDSXUDEVOlAi@T[@ABMDU@{@?uC@c@@g@@SBg@@O@OHi@F]?E@EDQLi@DMLYJU@EHORc@PWRULMHKNMNO^YROZQFELGTGREVGDAFAH?P?`@@P@D@VDXFHDJF\TLJLNLPNPVd@NZNZVh@f@nAJRJL@BDBDFNHNDF@DBHEH?D?JEHGJINUBU?G?KEc@?IA]CGe@oAINMN}@cC\~@^bALOHOd@nABFNRJJBDB@B@F@D?JCr@aA`@g@DKPQ@IDQDKFIFGDAFAD?D@HBFFFHDLBJBJ?L?L?LCJCJEJEHGFEBGBI?GAOB_@J_@NUNURY\GJIHABSXGRITEJAHBZ@VCLCNEJGHGHGBIBIAGAIEEEEGCGEIAICKAYM_@So@EKcAyBQ_@GMSg@KOIOKMOSOOMM_@YGCMGQIGAYCWEWAO?G@E@c@FMDQHEBGBMHSNSNWTEDa@ZUR]b@Q^Wf@Qf@Of@EXGVKt@AJ@N@LDJ?@HLnBRFBBD@D?D?D?B?RAFE@QAwAOCBAF?F?DBFR@ZDZBZDP@B@@B@JMzEAZt@pB	Click to Generate
S25	45	1			3	Zara (S25)	The Cruise Holiday Shop (S25)	SYPTE (S25)	3403	2552	_u_eIlqrG??SZ}@_C@m@NkFP@B@@B@JKnDAj@[C[C[E[CQCLkFCG?E?G@GBCvANFCBE?I?GACCCC?eBSKAGCGKIMGQAW@O@OHi@F]?E@EDQLi@DMLYJU@EHORc@PWRULMHKNMNO^YROZQFELGTGREVGDAFAH?P?`@@P@D@VDXFHDJF\TLJLNLPNPVd@NZNZENCLGFKPEFSZ}A|BK@a@M?h@Ap@EbAC|@CbAC~@p@fB??T]T[T]T[V]T]CGQc@Qc@Qe@Qe@Qc@Qc@Qg@BUpBwCBK@A@O@MCYKOIOKMOSOOMM_@YGCMGQIGAYCWEWAO?G@E@c@FMDQHEBGBMHSNSNWTEDa@ZUR]b@Q^Wf@Qf@Of@EXGVKt@AJG~@C`A?JAvG?LAt@@P?J?^ATABEVo@~@GJKRILKNEPADEJBHFDXd@V`@FJ?\@P?X\l@HLNVNXXm@^y@gAsBuAkAGEUQk@g@GEOKO[EGCICICGA[?S?I@I@KDSXUDEVOlAi@T[@ABMDU@{@?uCJe@@QDOHGFEHAH@nBRFBBD@D?D?D?B?RAFE@QAwAOCBAF?F?DBFR@ZDZBZDP@B@@B@JMzEAZt@pB	Click to Generate
S25	20	1			3	St Thomas Church Wincobank (S25)	Wincobank Post Office (S25)	Eastwoods (S25)	1548	1161	ycaeIfgtGKo@fCDHBHBdAdBFJLN`@l@d@j@VV^^^\^`@VVPLIk@w@oHSgBOkA_@eDO{AOuAPIDA~@]LEd@lEf@nElAtKv@dH?JADCDCDcA`@AEGOGUWuAKo@OoAQMWW_@a@_@]_@_@WWe@k@a@m@MOGKeAeBICICgCEJn@	Click to Generate
S25	45	1			3	The White Company (S25)	Barbour (S25)	Jump Inc (S25)	4159	3119	up_eIl{qG_@EWCGCECE?ICGCEGG@EACECEAO@KCYEUIe@AEAQ?S?K@I@MJ[ROZQFELGTGREVGDAFAH?P?`@@P@D@VDXFHDJF\TLJLNLPNPVd@NZNZENCLGFKPEFSZ}A|BK@a@M?h@Ap@EbAC|@CbAC~@??p@fBT]T[T]T[V]T]CGQc@Qc@Qe@Qe@Qc@Qc@Qg@BUpBwCBK@A@O@MCYKOIOKMOSOOMM_@YGCMGQIGAYCWEWAO?G@E@c@FMDQHEBGBMHSNSNWTEDa@ZUR]b@Q^Wf@Qf@Of@EXGVKt@AJ@N@LDJ?@HLnBRFBBD@D?D?D?B?RAFE@QAwAOCBAF?F?DBFR@ZDZBZDP@B@@B@JMzEAZt@pB??SZ}@_C@m@NkF[E[C[ESACG?E?G@GBCvANFCBE?I?GACCCC?eBSKAGCGKIMGQAW@O@OHi@F]?E@EDQLi@DMLYJU@EHORc@PWRULMHKNMNO^YROZQFELGTGREVGDAFAH?P?`@@P@D@VDXFHDJF\TLJLNLPNPVd@NZNZVh@f@nAJRJL@BDBDFNHNDF@DBHEH?D?JEHGJINUBU?G?KEc@?IA]CGe@oAINMN}@cC\~@^bALOHOd@nABFNRJJBDB@B@F@D?JCr@aA`@g@DKPQ@IDQDKFIFGDAFAD?D@HBFFFHDLBJBJ?L?L?LCJCJEJEHGFEBGBI?GAOB_@J_@NUNURY\GJIHABSXGRITEJAHBZ@VCLCNEJGHGHGBIBIAGAIEEEEGCGEIAICKAYM_@So@EKcAyBQ_@GMSg@KOIOKMOSOOMM_@YGCMGQIGAYCWEWAO?G@E@c@FMDQHEBGBMHSNSNWTH`@@FVnABRDFFLFJFNDBFBVB^D	Click to Generate
S25	60	1			3	Suzy (S25)	Yazier (S25)	Two Dinners Ignatiu (S25)	6233	4675	gsceInsrGCAk@e@MKyAcBaAgAoGwHWMoCs@A~@?f@FVbBdBf@fAj@r@J`@@f@CHEL@h@t@pBhBpDr@`B^l@b@dAxAv@n@f@rApA`AHfAl@Zp@@jAFYDIHIL@JH|@bAx@xAv@|BJFFWKcCO{@[qA[eAYiASw@c@y@Qw@SqA??Ky@Mg@I]C]@g@GCMGkCkAc@WQMk@e@MK{CkDoGwHWMoCs@GCwCy@i@KqCYFuA?g@?SLmCDw@N{@Jg@Zm@BC\g@NOPI`@GLCTEj@OPKLQp@iBRs@j@yAhAgCdAaCdAyBhByBhAyAr@gANi@PwAJi@Le@JYHSPUb@_@RQFKJMHULa@NXDNDVTxAf@|Cz@tFTzAFd@^jBJnA@x@GtAEZC`A?zAMpDIZkCpB??ODQCg@YYCw@Eq@@?WBSHO`@GfBMf@GbAs@n@cAXeAVmBFUFa@D[FuAAy@KoA_@kBGe@U{A{@uFg@}CUyAEWEOOYM`@ITKLGJSPc@^QTIRKXMd@Kh@QvAOh@s@fAiAxAiBxBeAxBeA`CiAfCk@xASr@q@hBMPQJk@NUDMBa@FQHON]f@CB[l@Kf@Oz@Ev@MlC?R?f@GtApCXh@JvCx@FBnCr@VLnGvHzCjDLJj@d@B@	Click to Generate
S25	45	1			3	Beck Primary School (S25)	Shiregreen Medical Centre (S25)	Shirefreen News 'n' Booze (S25)	4129	3097	s|beI|gzGA@GNEPOGOIq@Us@Qw@Qw@Ks@Ge@ACSGQKSe@cA]{@_@cAWy@Qq@Me@SaAUkAQmAEYMiAKcAGaAEu@wA^_@L?J?JANG\NvA??OwAF]@O?K?K^MvA_@Cg@E_AAw@Ac@@e@?W?WFCAe@?G?YAS?M@g@?SBi@D}ABe@Bi@Hk@N{@R}@Tu@Vi@JSd@y@P[HU@QAQXKXK`@ONGx@Ul@M\GLAd@E`@@XFPHvAn@rAp@h@VPHPLNLJJBm@@s@DsAFeA?IBo@VL@?zBfArFpCs@dGCV}A{@IECAaAi@kB_A]QQGMCQCKKOMQMQIi@WsAq@wAo@QIYGa@Ae@DM@]Fm@Ly@TOFa@NYJYJcBh@A?qA^m@He@BU?QCSIQISOSWS_@U_@SfAUxAOrAKfAOjBGdAEtACl@ClAZ@??[A?JCjA?zB@dB@b@?h@Bp@[n@Q^Qb@K`@Ib@Kf@Ed@AXCXAl@@n@@d@D`@F^DRLh@Rj@Rj@Th@RZDF\f@Z\`@\b@NZL`AR`AFn@@rBA^AT?bAAXAT?d@@r@Fv@Jv@Pr@Pp@TNHNFDQFO@A	Click to Generate
S25	45	1			3	Beck Primary School (S25)	Shirefreen News 'n' Booze (S25)	Shiregreen Medical Centre (S25)	3310	2482	o~beIljzGJ}@q@Us@Qw@Qw@Ks@Ge@ACSGQKSe@cA]{@_@cAWy@Qq@Me@SaAUkAQmAEYMiAKcAGaAEu@wA^_@L?J?JANG\NvA??OwAF]@O?K?K_AVe@Ja@F}@A_@CKCGIGGZo@Cq@?i@Ac@AeB?{BBkA?KZ@??[ABmABm@DuAFeANkBJgANsATyARgAT^R^RVRNPHRHPBT?d@Cl@IpA_@@?bBi@XKXK`@ONGx@Ul@M\GLAd@E`@@XFPHvAn@rAp@h@VPHPLNLJJPBLBPF\PjB~@`Ah@B@HD|Az@d@Rf@Tj@TZHNDv@PD@AT]nFWbFcDc@y@Im@Ga@CM@C@EFgAgAMK]]CAGEMGMAc@@M??R?xB?V@bA?nC?L?l@Cd@C`@Er@IdAM`BGf@I|@Iv@MtA[lDUvBANIv@QjAo@]OGOIK|@	Click to Generate
S25	45	1			3	Beck Primary School (S25)	Shirefreen News 'n' Booze (S25)	Shiregreen Medical Centre (S25)	3307	2480	y|beInkzGAGEUCU@YOGOIq@Us@Qw@Qw@Ks@Ge@ACSGQKSe@cA]{@_@cAWy@Qq@Me@SaAUkAQmAEYMiAKcAGaAEu@wA^_@L?J?JANG\NvA??OwAF]@O?K?K_AVe@Ja@F}@A_@CKCGIGGZo@Cq@?i@Ac@AeB?{BBkA?KZ@??[ABmABm@DuAFeANkBJgANsATyARgAT^R^RVRNPHRHPBT?d@Cl@IpA_@@?bBi@XKXK`@ONGx@Ul@M\GLAd@E`@@XFPHvAn@rAp@h@VPHPLNLJJPBLBPF\PjB~@`Ah@B@HD|Az@d@Rf@Tj@TZHNDv@PD@AT]nFWbFcDc@y@Im@Ga@CM@C@EFgAgAMK]]CAGEMGMAc@@M??R?xB?V@bA?nC?L?l@Cd@C`@Er@IdAM`BGf@I|@Iv@MtA[lDUvBANIv@QjAOfAKEEICG	Click to Generate
S25	60	1			3	Crow Girl (S25)	Suzy (S25)	Yazier (S25)	5157	3868	obeeI|`uGMa@m@qBmCol@IoDUyEUiFC}A?SDyEBgAAKOy@d@eBXw@fFeNd@qABIHJ\^h@f@\Xd@\nBzA^HXBrBNpCXh@JvCx@FBnCr@VLnB`C~CtD`AfAxAbBLJj@d@PLb@VjCjALFFBAf@B\H\Lf@Jx@??RpAPv@b@x@Rv@XhAZdAZpANz@JbCGVKGw@}By@yA}@cAKIMAIHEHGXAkA[q@gAm@aAIsAqAo@g@yAw@c@eA_@m@s@aBiBqDu@qBAi@DMBIAg@Ka@k@s@g@gAcBeBGW?g@@_AGCwCy@i@KqCYsBOYC_@IoB{Ae@]]Yi@g@]_@IKCHe@pAgFdNYv@e@dBNx@@JCfAExE?RB|AThFTxEHnDlCnl@l@pBL`@	Click to Generate
S25	30	1			3	Wooley Tyres (S25)	Shirefreen News 'n' Booze (S25)	Beck Primary School (S25)	2949	2212	{}ceIz{wGLF@H@NDLHDBSLu@H}@Fg@Bi@B]g@iACEu@u@SWEIIMUg@KUIOYm@aAcBh@oB\cATi@Vi@^q@x@_BdAwBR\v@~Ae@Td@Uw@_BS]eAvBy@~A_@p@Wh@Uh@]bAi@nB`AbBXl@HNJTTf@NVRVt@t@BDf@hAC\Ch@Gf@I|@Mt@DH@F@JBf@Hd@H`@DNFNb@l@x@jASfAUxAOrAKfAOjBGdAEtACl@ClAZ@??[A?JCjA?zB@dB@b@?h@Bp@[n@FFFHJB^B|@@`@Gd@K~@W?J?JANG\NvA??OwAF]@O?K?K_AVe@Ja@F}@A_@CKCGIGGQ^Qb@K`@Ib@Kf@Ed@AXCXCACCEECIE]G}@AWEo@UgDOcDCUCIIIHyBJsCDmABi@Bw@LsCBq@Bq@JsAJmAL}@Lu@Hm@DWd@iCIEEMAOAIMG	Click to Generate
S25	20	1			3	Madani Education Centre (S25)	Tinsley Meadows Primary School (S25)	Lily Chinese Massage (S25)	1945	1459	}|_eIlcpGz@nBHRl@lA`@z@DF`@x@Xd@`@j@JLRXHHVRNHTHVENBd@Fh@NN@VCDA\OVe@Ra@NeAHoAHy@No@L[LUEIa@s@e@gA]eAWu@CItAmBq@qBM@KDCDOa@??N`@BEJELAp@pBuAlBOi@kAgDaBxB}AtBoA~AKNkAfBOTl@lA`@z@DF`@x@Xd@`@j@JLRXHHVRNHTHIr@?DvBdDu@iAaA{A?EHs@UIOIWSIISYKMa@k@Ye@a@y@EGa@{@m@mAIS{@oB	Click to Generate
S25	45	1			3	Beck Primary School (S25)	Shiregreen Medical Centre (S25)	Shirefreen News 'n' Booze (S25)	4128	3096	m}beIpezGU|Aq@Us@Qw@Qw@Ks@Ge@ACSGQKSe@cA]{@_@cAWy@Qq@Me@SaAUkAQmAEYMiAKcAGaAEu@wA^_@L?J?JANG\NvA??OwAF]@O?K?K^MvA_@Cg@E_AAw@Ac@@e@?W?WFCAe@?G?YAS?M@g@?SBi@D}ABe@Bi@Hk@N{@R}@Tu@Vi@JSd@y@P[HU@QAQXKXK`@ONGx@Ul@M\GLAd@E`@@XFPHvAn@rAp@h@VPHPLNLJJBm@@s@DsAFeA?IBo@VL@?zBfArFpCs@dGCV}A{@IECAaAi@kB_A]QQGMCQCKKOMQMQIi@WsAq@wAo@QIYGa@Ae@DM@]Fm@Ly@TOFa@NYJYJcBh@A?qA^m@He@BU?QCSIQISOSWS_@U_@SfAUxAOrAKfAOjBGdAEtACl@ClAZ@??[A?JCjA?zB@dB@b@?h@Bp@[n@Q^Qb@K`@Ib@Kf@Ed@AXCXAl@@n@@d@D`@F^DRLh@Rj@Rj@Th@RZDF\f@Z\`@\b@NZL`AR`AFn@@rBA^AT?bAAXAT?d@@r@Fv@Jv@Pr@Pp@TT}A	Click to Generate
S25	45	1			3	AllSaints (S25)	SYPTE (S25)	Jump Inc (S25)	3606	2704	cv_eIjerG??CJ@JMzEAZt@pB??SZ}@_C@m@NkF[E[C[ESACG?E?G@GBCvANFCBE?I?GACCCC?eBSIDA@EDGNEP?JAvG?LAt@@P?J?^ATABEVo@~@GJKRILKNEPADEJBHFDXd@V`@FJ?\@P?X\l@HLNVNXXm@^y@gAsBuAkAGEUQk@g@GEOKO[EGCICICGA[?S?I@I@KDSXUDEVOlAi@T[@ABMDU@{@?uC@c@@g@@SBg@@O@OHi@F]?E@EDQLi@DMLYJU@EHORc@PWRULMHKNMNO^YROZQFELGTGREVGDAFAH?P?`@@P@D@VDXFHDJF\TLJLNLPNPVd@NZNZVh@f@nAJRJL@BDBDFNHNDF@DBHEH?D?JEHGJINUBU?G?KEc@?IA]CGe@oAINMN}@cC\~@^bALOHOd@nABFNRJJBDB@B@F@D?JCr@aA`@g@DKPQ@IDQDKFIFGDAFAD?D@HBFFFHDLBJBJ?L?L?LCJCJEJEHGFEBGBI?GAOB_@J_@NUNURY\GJIHABSXGRITEJAHBZ@VCLCNEJGHGHGBIBIAGAIEEEEGCGEIAICKAYM_@So@EKcAyBQ_@GMSg@KOIOKMOSOOMM_@YGCMGQIGAYCWEWAO?G@E@c@FMDQHEBGBMHSNSNWTEDa@ZUR]b@Q^Wf@Qf@Of@EXGVKt@AJ@N@LDJ?@HLnBRFBBD@D?D?D?B?RAFE@QAwAOCBAF?F?DBFR@ZDZBZDP@B@@BBK??	Click to Generate
S25	30	1			3	Hancock Cars (S25)	Shirefreen News 'n' Booze (S25)	Beck Primary School (S25)	2116	1587	s_deIbpwG??NVRVt@t@BDf@hAC\Ch@Gf@I|@Mt@CRIEEMAOAIMGGEOAI@EF_@xB^yBDGHAN@TL@H@NDLHDe@hCHCNEJAH?L?D?FCDNFNb@l@x@jASfAUxAOrAKfAOjBGdAEtACl@ClAZ@??[A?JCjA?zB@dB@b@?h@Bp@[n@FFFHJB^B|@@`@Gd@K~@W?J?JANG\NvA??OwAF]@O?K?K_AVe@Ja@F}@A_@CKCGIGGZo@Cq@?i@Ac@AeB?{BBkA?KBmABm@DuAFeANkBJgANsATyARgAy@kAc@m@GOEOIa@Ie@Cg@AKAGEILu@H}@Fg@Bi@B]g@iACEu@u@SWOW??	Click to Generate
S25	30	1			3	Masjid Abu Bakr (S25)	Tinsley Sports and Social Club (S25)	Tinsley Meadows Primary School (S25)	2948	2211	cw~dIvkoG\YRp@HZ_Ax@GFq@l@q@r@UVZlBJEHEPQd@c@w@t@IDKD[mBTWp@s@p@m@FG~@y@bC{BRQd@e@X]T]N]Pc@DQFWF_@@Ib@qDLeAPyAX}BBOD_@D]Ju@MAIAG@}A|@OFM???L?NG|A}@FAH@L@Kt@E\E^CNY|BQxAMdAc@pDAHG^GVEPQb@O\U\Y\e@d@SPcCzB_Ax@GFq@l@q@r@UVg@j@WZ[f@u@hAm@`AINmAvDELQ`@]h@U\OX]r@EIa@s@e@gA]eA[_AtAmBq@qBM@KDCDOa@??N`@BEJELAp@pBuAlBZ~@\dAd@fA`@r@DH\s@NYT]\i@Pa@DMlAwDHOl@aAt@iAZg@V[f@k@TWp@s@p@m@FG~@y@I[Sq@]X	Click to Generate
S25	20	1			3	St Lawrence Church (S25)	Tinsley Meadows Primary School (S25)	Madani Education Centre (S25)	2011	1508	kz~dI~noG[^Jp@F\p@s@p@m@FG~@y@I[Sq@GWIYCISq@IQAEEGCEKIOC@_@?SBODMr@}ADGFEHAH?NJLFHBFAFdABHDBB@CAECCIGeAG@ICMGOKI?I@GDEFs@|AEL?BCJ?RA^NBJHBDDF@DHPRp@BHHXFVRp@HZ_Ax@GFq@l@q@r@UVg@j@WZ[f@u@hAm@`AINmAvDELQ`@]h@U\OX]r@EIa@s@e@gA]eA[_AtAmBq@qBM@KDCDOa@??N`@BEJELAp@pBuAlBBHVt@\dAd@fA`@r@DH\s@NYT]\i@Pa@DMlAwDHOl@aAt@iAZg@V[f@k@TWG]Kq@Z_@	Click to Generate
S25	45	1			3	Ernest Jones (S25)	SYPTE (S25)	Jump Inc (S25)	3597	2698	gv_eIfgrGKvDAZt@pB??SZ}@_C@m@NkF[E[C[ESACG?E?G@GBCvANFCBE?I?GACCCC?eBSIDA@EDGNEP?JAvG?LAt@@P?J?^ATABEVo@~@GJKRILKNEPADEJBHFDXd@V`@FJ?\@P?X\l@HLNVNXXm@^y@gAsBuAkAGEUQk@g@GEOKO[EGCICICGA[?S?I@I@KDSXUDEVOlAi@T[@ABMDU@{@?uC@c@@g@@SBg@@O@OHi@F]?E@EDQLi@DMLYJU@EHORc@PWRULMHKNMNO^YROZQFELGTGREVGDAFAH?P?`@@P@D@VDXFHDJF\TLJLNLPNPVd@NZNZVh@f@nAJRJL@BDBDFNHNDF@DBHEH?D?JEHGJINUBU?G?KEc@?IA]CGe@oAINMN}@cC\~@^bALOHOd@nABFNRJJBDB@B@F@D?JCr@aA`@g@DKPQ@IDQDKFIFGDAFAD?D@HBFFFHDLBJBJ?L?L?LCJCJEJEHGFEBGBI?GAOB_@J_@NUNURY\GJIHABSXGRITEJAHBZ@VCLCNEJGHGHGBIBIAGAIEEEEGCGEIAICKAYM_@So@EKcAyBQ_@GMSg@KOIOKMOSOOMM_@YGCMGQIGAYCWEWAO?G@E@c@FMDQHEBGBMHSNSNWTEDa@ZUR]b@Q^Wf@Qf@Of@EXGVKt@AJ@N@LDJ?@HLnBRFBBD@D?D?D?B?RAFE@QAwAOCBAF?F?DBFR@ZDZBZDP@B@@B@JAb@	Click to Generate
S25	45	1			3	Wincobank Fish Bar (S25)	Eastwoods (S25)	Northern Trains (S25)	3344	2508	qx`eI~_tGWuBO{AOuAm@V}@ZwB`A]HI@OAU?a@?YDQHYTRdAXvAl@@zBDDHZvCdAdBFJLN`@l@d@j@VV^^^\^`@VVPLNnAJn@VtAFTFN@DbAa@BEBE@E?Kw@eHmAuKg@oEe@mEbBo@xAq@@?FC\MGm@AKIo@QiBCYAQ?U?Q@MBUBODMDMHMFGHI\QLGPGb@ONCBAn@IJALCLELGDO@M?C?KMa@So@M[K]EMI[EQPIFEFEDCPMNQPQVa@j@aAV_@NOTWb@MJCJ?JANBNFNJ^f@Nh@Fj@EPADEJBHAHCn@?t@@p@DZt@lALVRXBBBDB?B?DEHOP_@x@gBgAsBuAkAGEUQk@g@GEOKKE_@KKAO?OBOBQHOLKLMNYh@SVYZKJWf@CJCFEVAVDd@Rn@L`@HTBL?L?JCFCDI@GAQGGAKAK@o@HC@OBc@NQFMF]PIHGFILELELCNCTAL?P?T@PBXPhBHn@@JFl@]LGBA?yAp@cBn@MD_A\WJNtANzAVtB	Click to Generate
S25	20	1			3	Tinsley Meadows Primary School (S25)	Madani Education Centre (S25)	Hanfia Masjid (S25)	2025	1519	ws_eI`~nGNxBX\RJETIPMLaAXAPJdBPGXjEbC`HjAfDNh@tAmBq@qBM@KDCDOa@??N`@BEJELAp@pBuAlBBHVt@\dAqEjGmBaCqBaCkAfBOTIS{@oBUi@Ys@EK]cAUo@[g@MYGMGKY_@UU[a@GKKMCO?O@Y?GDk@Bm@Cq@AMCUAu@Lh@?@Ht@DCHCRIhFwAnFcBKeB@Q`AYLMHQDUSKY]OyB	Click to Generate
S25	60	1			3	Reiss (S25)	Jump Inc (S25)	SYPTE (S25)	5157	3868	em_eIpfrGAJbAhCT[T]T[V]T]CGQc@Qc@Qe@Qe@Qc@Qc@Qg@BUpBwCBK@A@O@MCYKOIOKMOSOOMM_@YGCMGQIGAYCWEWAO?G@E@c@FMDQHEBGBMHSNSNWTEDa@ZUR]b@Q^Wf@Qf@Of@EXGVKt@AJ@N@LDJ?@HLnBRFBBD@D?D?D?B?RAFE@QAwAOCBAF?F?DBFR@ZDZBZDP@B@@B@JMzEAZt@pB??SZ}@_C@m@NkF[E[C[ESACG?E?G@GBCvANFCBE?I?GACCCC?eBSKAGCGKIMGQAW@O@OHi@F]?E@EDQLi@DMLYJU@EHORc@PWRULMHKNMNO^YROZQFELGTGREVGDAFAH?P?`@@P@D@VDXFHDJF\TLJLNLPNPVd@NZNZVh@f@nAJRJL@BDBDFNHNDF@DBHEH?D?JEHGJINUBU?G?KEc@?IA]CGe@oAINMN}@cC\~@^bALOHOd@nABFNRJJBDB@B@F@D?JCr@aA`@g@DKPQ@IDQDKFIFGDAFAD?D@HBFFFHDLBJBJ?L?L?LCJCJEJEHGFEBGBI?GAOB_@J_@NUNURY\GJIHABSXGRITEJAHBZ@VCLCNEJGHGHGBIBIAGAIEEEEGCGEIAICKAYM_@So@EKcAyBQ_@GMSg@KOIOKMOSOOMM_@YGCMGQIGAYCWEWAO?G@E@c@FMDQHEBGBMHSNSNWTEDa@ZUR]b@Q^Wf@Qf@Of@EXGVKt@AJG~@C`A?JAvG?LAt@@P?J?^ATABEVo@~@GJKRILKNEPADEJBHFDXd@V`@FJ?\@P?X\l@HLNVNXXm@^y@gAsBuAkAGEUQk@g@GEOKO[EGCICICGA[?S?I@I@KDSXUDEVOlAi@T[@ABMDU@{@?uC@c@@g@@SBg@@O@OHi@F]?E@EDQLi@DMLYJU@EHORc@PWRULMHKNMNO^YROZQFELGTGREVGDAFAH?P?`@@P@D@VDXFHDJF\TLJLNLPNPVd@NZNZENCLGFKPEFSZ}A|BK@a@M?h@Ap@EbAC|@Av@	Click to Generate
S25	30	1			3	South Street Convenience Store (S25)	Dave's Fish Bar (S25)	Meadow View Primary School (S25)	2895	2171	uebeIv{nG@BAD?DCBA@C@CACCAC?EAE@E@CBC@AB?EOEW?K@I^wAJ]DIAI?KFWTTHHpBxBDBdAIFpB@j@Bb@@l@BV@T@PHrAJdABTRdBNdANlAj@lERxAD`@Jv@DZGBGBG?IAGGYm@GM_@w@eBoDi@kAc@{@KQKKyAeAQMc@]CAy@m@o@`DERYvAMd@Od@Ul@u@tBCHw@rBg@rAKVm@u@[]SOSMe@QKEo@SUISMQO]c@GIc@k@i@u@s@}@^oARm@??Sl@_@nAr@|@h@t@b@j@FH\b@PNRLTHn@RJDd@PRLRNZ\l@t@r@kBv@sBBIt@uBTm@Ne@Le@XwADSn@aDmE}CEIAI?E?Uf@}CtB}Mj@j@r@v@\^Z\FHTTHHGNEDIBGAEIEHK\_@vAAH?JDVDNB@@B@D?@	Click to Generate
S25	20	1			3	The Manor Barn (S25)	Kimberworth Library (S25)	Meadow View Primary School (S25)	2043	1532	k~beIhjnGMz@GDG?IEEEAE?G^eCD[@E@SAKKMUCQE]SKEC?G?ICc@YCPO`AK~@MlACRIj@APCLERIRIPWh@Ob@ELO^Sr@Ib@If@ATANAb@@d@Bh@Fl@Fl@FXF\XU@CDELS`BkDYYMMKQq@_BS]OUSr@Ib@If@Cd@Ab@@d@Bh@Fl@Fl@FXF\Jh@\rAFRJh@DVJ|@Ft@BV@N?LPLLLt@z@RVDFj@r@j@t@JN^oARm@??Sl@_@nAKOk@u@k@s@EGSWu@{@MMQM?MAOCWGu@K}@EWKi@GS]sAKi@G]GYGm@Gm@Ci@Ae@@c@Be@Hg@Hc@Rs@N_@DMNc@Vi@HQHSDSBM@QHk@t@t@NLF@FCDGXmBN}@BKBEF@TLTN\T@FO~@	Click to Generate
S25	20	1			3	The Manor Barn (S25)	Bake N Butty (S25)	The Salvation Army - Rotherham (S25)	1598	1198	qgceId_oGDELS`BkDYYMMKQq@_BS]OUSr@Ib@If@ATANAb@@d@Bh@Fl@Fl@FXF\Jh@\rAFRJh@DVJ|@Ft@BV@N?LPLLLLNf@j@RVDFj@r@j@t@JN^oARm@Sl@_@nAKOk@u@k@s@EGSWu@{@MMQMCNCJk@bAILMTQRSVYZ[d@e@r@a@r@ILOTQRMPKJQNC@@J?NCPIf@IX@]?QAQESZYBAPOJKLQPSNUHM`@s@d@s@JONUX[RWPSLUHMj@cABKBO?MAOCWGu@K}@EWKi@GS]sAKi@XU@C	Click to Generate
S25	20	1			3	The Manor Barn (S25)	Bake N Butty (S25)	The Salvation Army - Rotherham (S25)	1598	1198	qgceId_oGDELS`BkDYYMMKQq@_BS]OUSr@Ib@If@ATANAb@@d@Bh@Fl@Fl@FXF\Jh@\rAFRJh@DVJ|@Ft@BV@N?LPLLLLNf@j@RVDFj@r@j@t@JN^oARm@Sl@_@nAKOk@u@k@s@EGSWu@{@MMQMCNCJk@bAILMTQRSVYZ[d@e@r@a@r@ILOTQRMPKJQNC@@J?NCPIf@IX@]?QAQESZYBAPOJKLQPSNUHM`@s@d@s@JONUX[RWPSLUHMj@cABKBO?MAOCWGu@K}@EWKi@GS]sAKi@XU@C	Click to Generate
S25	30	1			3	American Golf (S25)	Madani Education Centre (S25)	Hanfia Masjid (S25)	2380	1785	cp_eI~wpGaA{A?EHs@VENBd@Fh@NN@VCDA\OVe@Ra@d@k@ZWNE^CP@R@ZR\ZVl@Jh@Ff@@H@fAAVC^@dAFl@Jh@Vd@X\CVK\EJIDG@[Hk@Xk@ZEY`@UQJOHDXj@[j@YZIFAHEDKJ]_@_@S]OYKISGSAU@_@b@WPWJ[BG?QEQGa@[SUOa@Mg@Go@Cg@?_@@]@UBQDSJa@Ve@Ra@NeAHoAHy@No@L[LUEIa@s@e@gA]eAWu@CIOi@kAgDcCaH{Bl@cCn@yBp@GBi@Ng@JIFGDKNTv@f@bBNr@Tn@\bADJXr@Th@z@nBHRl@lA`@z@DF`@x@Xd@`@j@JLRXHHVRNHTHIr@?D`AzA	Click to Generate
S25	45	1			3	Ernest Jones (S25)	SYPTE (S25)	Jump Inc (S25)	3597	2698	gv_eIfgrGKvDAZt@pB??SZ}@_C@m@NkF[E[C[ESACG?E?G@GBCvANFCBE?I?GACCCC?eBSIDA@EDGNEP?JAvG?LAt@@P?J?^ATABEVo@~@GJKRILKNEPADEJBHFDXd@V`@FJ?\@P?X\l@HLNVNXXm@^y@gAsBuAkAGEUQk@g@GEOKO[EGCICICGA[?S?I@I@KDSXUDEVOlAi@T[@ABMDU@{@?uC@c@@g@@SBg@@O@OHi@F]?E@EDQLi@DMLYJU@EHORc@PWRULMHKNMNO^YROZQFELGTGREVGDAFAH?P?`@@P@D@VDXFHDJF\TLJLNLPNPVd@NZNZVh@f@nAJRJL@BDBDFNHNDF@DBHEH?D?JEHGJINUBU?G?KEc@?IA]CGe@oAINMN}@cC\~@^bALOHOd@nABFNRJJBDB@B@F@D?JCr@aA`@g@DKPQ@IDQDKFIFGDAFAD?D@HBFFFHDLBJBJ?L?L?LCJCJEJEHGFEBGBI?GAOB_@J_@NUNURY\GJIHABSXGRITEJAHBZ@VCLCNEJGHGHGBIBIAGAIEEEEGCGEIAICKAYM_@So@EKcAyBQ_@GMSg@KOIOKMOSOOMM_@YGCMGQIGAYCWEWAO?G@E@c@FMDQHEBGBMHSNSNWTEDa@ZUR]b@Q^Wf@Qf@Of@EXGVKt@AJ@N@LDJ?@HLnBRFBBD@D?D?D?B?RAFE@QAwAOCBAF?F?DBFR@ZDZBZDP@B@@B@JAb@	Click to Generate
S25	30	1			3	Tinsley Meadows Primary School (S25)	Lily Chinese Massage (S25)	Hanfia Masjid (S25)	2312	1734	_l_eIn_pGCItAmBq@qBM@KDCDOa@??N`@BEJELAp@pBuAlBOi@kAgDaBxB}AtBoA~AKNkAfBOTl@lA`@z@DF`@x@Xd@`@j@JLRXHHVRNHTHIr@?DvBdDu@iAaA{A?EHs@UIOIWSIISYKMa@k@Ye@a@y@EGa@{@m@mAISqAyCYs@EK]cAUo@[g@MYGMGKY_@UU[a@GKKMCO?O@Y?GDk@Bm@Cq@AMCUAu@Lh@?@Ht@BXN~@Nv@BLFPFPTv@f@bBNr@Tn@\bADJXr@Th@z@nBHRNUjAgBJOnA_B|AuB`ByBjAfDNh@BH	Click to Generate
S25	60	1			3	Blackburn Meadows Nature Reserve (S25)	ItsaGoal (S25)	Hanfia Masjid (S25)	11048	8286	aj`eI~{mGDnB@xC`@b@Dg@Bg@Do@NwBPaDBWFoAHcBHcBFu@HuALuB@Y@]@k@A}@GeAKyBIqBE{AK}A_@eGUwBEg@Ky@UsBOmBKeAE]EUOu@Qm@Si@Se@Uc@QKA?[GEAGCIICGCMAOK_@ACQc@q@i@kAeAUW_@e@]i@Yq@Ww@Qm@Q_Ag@}C_@eCs@{ECU[qBc@oCKs@c@}AESGQIUK[IUYcAKSU[CCGMCOCk@GWMg@Ys@c@_A[i@]m@UUw@g@KCIEc@S]Ea@?e@LeIdDeBd@uAV_@BK@qAF}AAaBKWJMJIJEFCFGPKd@?FDlA@`@BTDl@DVD\Ff@Hx@D^Bd@Bn@@`A?~A?N?vA?f@?|@Ef@ShBw@dHMbAg@rEKx@C`@?\FnABz@@nA@p@?DAf@AjA?RChAAvA?xAApAC|B?b@?JCjBAdB?~@?FAZ?VAvBAxA?XCbE?P@\?BBNDRVd@HMNQLMj@i@^i@PYt@oAXe@`A_BTa@Zk@t@qALSdAkBDWB_@Hm@FIRCB?HCJEJM\e@NMPID@FBDFDJNr@BR@XNrG@d@@NBNl@LjA`@LB^@ZAP?TIL[VKREVGDSC{FBzFER??WFSDWJMZUHQ?[@_@AMCkAa@m@MCOAOAe@OsGAYCSOs@EKEGGCEAQHOL]d@KLKDIBC?SBGHIl@C^EVeAjBMRu@pA[j@U`@aA~AYd@u@nAQX_@h@k@h@MLOPILMZQp@b@b@bA`A\^j@x@FHnA`C`@t@l@nAf@vAN`@Pf@HTXx@`@nAZ~@BLPj@^|A?DHl@BNDVFp@HtAFtADtAFxBB`@FpB@j@Bb@@l@BV@T@PHrAJdABTRdBNdANlAj@lERxAD`@Jv@DZRxA@L`@|CVrBHn@P`AN`A^|BPhAl@bDRbAr@tDLn@ZxAZfAf@~AX|@d@rAZbA\fAl@~Ar@~Ah@vAFN^dAZnATrAPfABHHZFRDJHRFJ^TLFN?\GTIj@m@jEgE|KiJ|EeEnCmCfCsCbFeGn@cA?ALSH]BODs@Cg@?_@@]@UBQDSJa@Ve@Ra@NeAHoAHy@No@L[LUEIa@s@e@gA]eA[_AOi@kAgDcCaHYkEQFKeB@Q`AYLMHQDUSKY]OyBIoAXhEX\RJETIPMLaAXAPJdBPGXjEbC`HaBxB}AtBoA~AKNkAfBOTIS{@oBUi@Ys@EK]cAUo@[g@MYGMGKY_@UU[a@GKKMCO?O@Y?GDk@Bm@Cq@AMCUAu@COEc@CWQyBa@aFE_@Ei@A]GmAAYQgECkAEgBAo@Ae@?Y@q@Bs@@a@a@c@AyCEoB	Click to Generate
S25	20	1			3	Tinsley Barbers (S25)	Tinsley Meadows Primary School (S25)	Madani Education Centre (S25)	1621	1216	ey~dIvuoGQPIDKD[mBTWp@s@p@m@FG~@y@I[Sq@]X??\YRp@HZ_Ax@GFq@l@q@r@UVg@j@WZ[f@u@hAm@`AINmAvDELQ`@]h@U\OX]r@EIa@s@e@gA]eA[_AtAmBq@qBM@KDCDOa@??N`@BEJELAp@pBuAlBBHVt@\dAd@fA`@r@DH\s@NYT]\i@Pa@DMlAwDHOl@aAt@iAZg@V[f@k@ZlBJEHEPQ	Click to Generate
S25	60	1			3	American Golf (S25)	Madani Education Centre (S25)	Air Haus (S25)	4242	3182	on_eIfzpGuBcD?EHs@VENBd@Fh@NN@VCDA\OVe@Ra@d@k@ZWNE^CP@R@ZR\ZVl@Jh@Ff@@H@fAAVC^@dAFl@Jh@Vd@X\CVK\EJIDG@[Hk@Xk@ZEY`@UQJOHDXj@[j@YZIFAHEDKJ]_@_@S]OYKISGSAU@_@b@WPWJ[BG?QEQGa@[SUOa@Mg@Go@Cg@Mi@KYKSYUi@Mc@GMKMMUIOIWSIISYKMa@k@Ye@a@y@EGa@{@m@mANUjAgBJOnA_B|AuB`ByBjAfDNh@BHVt@\dAd@fA`@r@DHI`@E\CV?V@H@RFRLZBFV\P@R@ZR\ZVl@Jh@Ff@@H@fAAVC^Ot@Un@c@h@_@b@Oh@EPCPAT?TBd@Lh@R^NTHFz@v@XXl@l@d@f@f@d@`@d@JLPPJLf@j@`@d@FFT\HBFFFHDLBJBJ?L?L?LCJCJEJEHGFEBGBI?GAOB_@J_@NUNURY\GJIHABSXGRITEJAHBZ@VCLCNEJGHGHGBIBIAGAIEEEEGCGEIAICKAY@O@QBMFMDKHGHEH?D?JEHGJINUBU?G?KEc@?IA]CGe@oAo@{AMYGKIGK?K@KJyAyD~@`CXv@JKJAJ?HFFJLXn@zAd@nABFNRJJBDB@B@F@D?JCr@aA`@g@DKPQ@IM}@GYM[GKQWQSUWaB_Bg@g@oAkA]]KMk@y@MSM]K]I[G[EMUk@a@[SUOa@Mg@Go@Cg@Mi@KYKSYUi@Mc@GMKMMIr@?DtBbD	Click to Generate
S25	20	1			3	Bake N Butty (S25)	Kimberworth Post Office (S25)	The Salvation Army - Rotherham (S25)	1598	1198	g}beIpooGSl@_@nAKOk@u@k@s@EGSWg@k@MOMMQM?MAOCWGu@K}@EWKi@GS]sAKi@G]GYGm@Gm@Ci@Ae@@c@Be@Hg@Hc@Rs@NTR\p@~AJPLLXXaBjDMREDABYTJh@\rAFRJh@DVJ|@Ft@BV@N?LCNCJk@bAILMTQRSVYZ[d@e@r@a@r@ILOTQRMPKJQNC@@J?NCPIf@IX@]?QAQESZYBAPOJKLQPSNUHM`@s@d@s@JONUX[RWPSLUHMj@cABKBOPLLLt@z@RVDFj@r@j@t@JN^oARm@	Click to Generate
S25	60	1			3	Reiss (S25)	Jump Inc (S25)	SYPTE (S25)	4245	3184	ct_eIx_rG@SBu@BsA?OG@EACECEAO@KCYEUIe@ECAAGEGCM?UR]b@Q^Wf@Qf@Of@EXGVKt@AJ@N@LDJ?@HLnBRFBBD@D?D?D?B?RAFE@QAwAOCBAF?F?DBFR@ZDZBZDP@B@@B@JMzEAZt@pB??SZ}@_C@m@NkF[E[C[ESACG?E?G@GBCvANFCBE?I?GACCCC?eBSKAGCGKIMGQAW@O@OHi@F]?E@EDQLi@DMLYJU@EHORc@PWRULMHKNMNO^YROZQFELGTGREVGDAFAH?P?`@@P@D@VDXFHDJF\TLJLNLPNPVd@NZNZVh@f@nAJRJL@BDBDFNHNDF@DBHEH?D?JEHGJINUBU?G?KEc@?IA]CGe@oAINMN}@cC\~@^bALOHOd@nABFNRJJBDB@B@F@D?JCr@aA`@g@DKPQ@IDQDKFIFGDAFAD?D@HBFFFHDLBJBJ?L?L?LCJCJEJEHGFEBGBI?GAOB_@J_@NUNURY\GJIHABSXGRITEJAHBZ@VCLCNEJGHGHGBIBIAGAIEEEEGCGEIAICKAYM_@So@EKcAyBQ_@GMSg@KOIOKMOSOOMM_@YGCMGQIGAYCWEWAO?G@E@c@FMDQHEBGBMHSNSNWTEDa@ZUR]b@Q^Wf@Qf@Of@EXGVKt@AJG~@C`A?JAvG?LAt@@P?J?^ATABEVo@~@GJKRILKNEPADEJBHFDXd@V`@FJ?\@P?X\l@HLNVNXXm@^y@gAsBuAkAGEUQk@g@GEOKO[EGCICICGA[?S?I@I@KDSXUDEVOlAi@T[@ABMDU@{@?uC@c@@g@@SBg@@O@OHi@F]?E@EDQLi@DMLYJU@EHORc@PWRULMHKPCJGF@D@BBDDH`@@FVnABR@H?JAJ?NCrACt@AR	Click to Generate
S25	45	1			3	AllSaints (S25)	SYPTE (S25)	Jump Inc (S25)	3606	2704	cv_eIjerG??CJ@JMzEAZt@pB??SZ}@_C@m@NkF[E[C[ESACG?E?G@GBCvANFCBE?I?GACCCC?eBSIDA@EDGNEP?JAvG?LAt@@P?J?^ATABEVo@~@GJKRILKNEPADEJBHFDXd@V`@FJ?\@P?X\l@HLNVNXXm@^y@gAsBuAkAGEUQk@g@GEOKO[EGCICICGA[?S?I@I@KDSXUDEVOlAi@T[@ABMDU@{@?uC@c@@g@@SBg@@O@OHi@F]?E@EDQLi@DMLYJU@EHORc@PWRULMHKNMNO^YROZQFELGTGREVGDAFAH?P?`@@P@D@VDXFHDJF\TLJLNLPNPVd@NZNZVh@f@nAJRJL@BDBDFNHNDF@DBHEH?D?JEHGJINUBU?G?KEc@?IA]CGe@oAINMN}@cC\~@^bALOHOd@nABFNRJJBDB@B@F@D?JCr@aA`@g@DKPQ@IDQDKFIFGDAFAD?D@HBFFFHDLBJBJ?L?L?LCJCJEJEHGFEBGBI?GAOB_@J_@NUNURY\GJIHABSXGRITEJAHBZ@VCLCNEJGHGHGBIBIAGAIEEEEGCGEIAICKAYM_@So@EKcAyBQ_@GMSg@KOIOKMOSOOMM_@YGCMGQIGAYCWEWAO?G@E@c@FMDQHEBGBMHSNSNWTEDa@ZUR]b@Q^Wf@Qf@Of@EXGVKt@AJ@N@LDJ?@HLnBRFBBD@D?D?D?B?RAFE@QAwAOCBAF?F?DBFR@ZDZBZDP@B@@BBK??	Click to Generate
S25	60	1			3	Reiss (S25)	Jump Inc (S25)	SYPTE (S25)	5157	3868	em_eIvfrGADbAhCT[T]T[V]T]CGQc@Qc@Qe@Qe@Qc@Qc@Qg@BUpBwCBK@A@O@MCYKOIOKMOSOOMM_@YGCMGQIGAYCWEWAO?G@E@c@FMDQHEBGBMHSNSNWTEDa@ZUR]b@Q^Wf@Qf@Of@EXGVKt@AJ@N@LDJ?@HLnBRFBBD@D?D?D?B?RAFE@QAwAOCBAF?F?DBFR@ZDZBZDP@B@@B@JMzEAZt@pB??SZ}@_C@m@NkF[E[C[ESACG?E?G@GBCvANFCBE?I?GACCCC?eBSKAGCGKIMGQAW@O@OHi@F]?E@EDQLi@DMLYJU@EHORc@PWRULMHKNMNO^YROZQFELGTGREVGDAFAH?P?`@@P@D@VDXFHDJF\TLJLNLPNPVd@NZNZVh@f@nAJRJL@BDBDFNHNDF@DBHEH?D?JEHGJINUBU?G?KEc@?IA]CGe@oAINMN}@cC\~@^bALOHOd@nABFNRJJBDB@B@F@D?JCr@aA`@g@DKPQ@IDQDKFIFGDAFAD?D@HBFFFHDLBJBJ?L?L?LCJCJEJEHGFEBGBI?GAOB_@J_@NUNURY\GJIHABSXGRITEJAHBZ@VCLCNEJGHGHGBIBIAGAIEEEEGCGEIAICKAYM_@So@EKcAyBQ_@GMSg@KOIOKMOSOOMM_@YGCMGQIGAYCWEWAO?G@E@c@FMDQHEBGBMHSNSNWTEDa@ZUR]b@Q^Wf@Qf@Of@EXGVKt@AJG~@C`A?JAvG?LAt@@P?J?^ATABEVo@~@GJKRILKNEPADEJBHFDXd@V`@FJ?\@P?X\l@HLNVNXXm@^y@gAsBuAkAGEUQk@g@GEOKO[EGCICICGA[?S?I@I@KDSXUDEVOlAi@T[@ABMDU@{@?uC@c@@g@@SBg@@O@OHi@F]?E@EDQLi@DMLYJU@EHORc@PWRULMHKNMNO^YROZQFELGTGREVGDAFAH?P?`@@P@D@VDXFHDJF\TLJLNLPNPVd@NZNZENCLGFKPEFSZ}A|BK@a@M?h@Ap@EbAC|@A|@	Click to Generate
S25	60	1			3	Stan (S25)	Crow Girl (S25)	Abbey School (S25)	6726	5044	yldeIv~qGi@KqCYFuA?g@?SLmCDw@N{@Jg@Zm@BC\g@NOKi@GSMKOGiCc@KOCM?WFW~@qBRVpH~ARHq@hBMP??QJk@NUDMBa@FQHON]f@CB[l@Kf@Oz@Ev@MlC?R?f@GtApCXh@JvCx@FBnCr@VLnB`C~CtDzCjDLJj@d@PLb@VjCjALFFBx@Z~@h@`DzBvDbCvBvAr@f@d@d@f@b@BDRTV\Pu@H]P{@J[L_@f@yAZy@Rm@JYF_@Da@Da@NuAJmAJcAJkANyAHy@Dk@@EB[@W@[AkAA_BAi@Ee@G]CKQWm@{@GKGUG[UcBG]Ku@AIAGCUAO?S@ODQFOHKFGRWt@y@^c@RYR_@R_@To@FSDSFUDWHk@BKFq@Bc@Be@?a@?W?SAMCa@AQC]Im@Ik@Mo@Oi@Oi@Og@Qa@Q_@Wi@[i@MSCCQYWYIKc@c@g@a@OI}@g@}@i@KKKOEGIUI[CWAc@?S@WDa@Fg@Fa@UISMQO]c@GIc@k@i@u@s@}@KOk@u@k@s@EGSWu@{@MMQMCNCJk@bAILMTQRSVYZ[d@e@r@a@r@ILOTQRMPKJQNC@@J?NCPIf@IXIXERADAFGTELNXDNDVTxAf@|Cz@tFTzAFd@^jBJnA@x@GtAEZG`@GTWlBYdAo@bAcAr@g@FgBLa@FINCR?VAl@??@m@?WBSHO`@GfBMf@GbAs@n@cAXeAVmBFUFa@D[FuAAy@KoA_@kBGe@U{A{@uFg@}CUyAEWEOOYM`@ITKLGJSPc@^QTIRKXMd@Kh@QvAOh@s@fAiAxAiBxBeAxBeA`CiAfCk@xASr@q@hBMPQJk@NUDMBa@FQHON]f@CB[l@Kf@Oz@Ev@MlC?R?f@GtApCXh@J	Click to Generate
S25	45	1			3	Tinsley Meadows Primary School (S25)	Tinsley Sports and Social Club (S25)	Madani Education Centre (S25)	4026	3020	gz~dI`joGvAqARp@BHHXFVRp@HZ_Ax@GFq@l@q@r@UVg@j@WZ[f@u@hAm@`AINmAvDELQ`@]h@U\OX]r@EIa@s@e@gA]eA[_AtAmBq@qBM@KDCDOa@??N`@BEJELAp@pBuAlBZ~@\dAd@fA`@r@DH\s@NYT]\i@Pa@DMlAwDHOl@aAt@iAZg@V[f@k@TWp@s@p@m@FG~@y@bC{BRQd@e@X]T]N]Pc@DQFWF_@@Ib@qDLeAPyAX}BBOD_@D]Ju@MAIAG@}A|@OFM???L?NG|A}@FAH@L@Kt@E\E^CNY|BQxAMdAc@pDAHG^GVEPQb@O\U\Y\e@d@SPcCzB_Ax@GFq@l@q@r@UVg@j@WZ[f@u@hAm@`AINmAvDELQ`@]h@U\OX]r@EIa@s@e@gAqEjGmBaCtFyHNh@BHVt@\dAd@fA`@r@DH\s@NYT]\i@Pa@DMlAwDHOl@aAt@iAZg@V[f@k@TWG]Kq@G_@Oy@Ie@`A}@	Click to Generate
S25	30	1			3	Volksgear (S25)	Shirefreen News 'n' Booze (S25)	Beck Primary School (S25)	2093	1570	c_deIzpwG??RVt@t@BDf@hAC\Ch@Gf@I|@Mt@CRIEEMAOAIOIECOAI@EF_@xB^yBDGHAN@TL@H@NDLHDe@hCHCNEJAH?L?D?FCDNFNb@l@x@jASfAUxAOrAKfAOjBGdAEtACl@ClAZ@??[A?JCjA?zB@dB@b@?h@Bp@[n@FFFHJB^B|@@`@Gd@K~@W?J?JANG\NvA??OwAF]@O?K?K_AVe@Ja@F}@A_@CKCGIGGZo@Cq@?i@Ac@AeB?{BBkA?KBmABm@DuAFeANkBJgANsATyARgAy@kAc@m@GOEOIa@Ie@Cg@AKAGEILu@H}@Fg@Bi@B]g@iACEu@u@SW??	Click to Generate
S25	45	1			3	Mint Nail (S25)	Flannels (S25)	The Cruise Holiday Shop (S25)	3442	2582	i}_eIr`sGLVRXBBBDB?B?DEHOP_@x@gBgAsBuAkAGEUQk@g@GEOKO[EGCICICGA[?S?I@I@KDSXUDEVOlAi@T[@ABMDU@{@?uCJe@@QDOHGFEHAH@nBRFBBD@D?D?D?B?RAFE@QAwAOCBAF?F?DBFR@ZDZBZDP@B@@B@JMzEAZt@pB??SZ}@_C@m@NkFP@B@@B@JEzAG~B[C[C[E[CQCLkFCG?E?G@GBCvANFCBE?I?GACCCC?eBSKAGCGKIMGQAW@O@OHi@F]?E@EDQLi@DMLYJU@EHORc@PWRULMHKNMNO^YROZQFELGTGREVGDAFAH?P?`@@P@D@VDXFHDJF\TLJLNLPNPVd@NZNZENCLGFKPEFSZ}A|BK@a@M?h@Ap@EbAC|@CbAC~@p@fB??T]T[T]T[V]T]CGQc@Qc@Qe@Qe@Qc@Qc@Qg@BUpBwCBK@A@O@MCYKOIOKMOSOOMM_@YGCMGQIGAYCWEWAO?G@E@c@FMDQHEBGBMHSNSNWTEDa@ZUR]b@Q^Wf@Qf@Of@EXGVKt@AJG~@C`A?JAvG?LAt@@P?J?^ATABEVo@~@GJKRILKNEPADEJBHAHCn@?t@@p@DZt@lA	Click to Generate
S25	45	1			3	Beck Primary School (S25)	Shirefreen News 'n' Booze (S25)	Shiregreen Medical Centre (S25)	3316	2487	q~beItjzGLeAq@Us@Qw@Qw@Ks@Ge@ACSGQKSe@cA]{@_@cAWy@Qq@Me@SaAUkAQmAEYMiAKcAGaAEu@wA^_@L?J?JANG\NvA??OwAF]@O?K?K_AVe@Ja@F}@A_@CKCGIGGZo@Cq@?i@Ac@AeB?{BBkA?KZ@??[ABmABm@DuAFeANkBJgANsATyARgAT^R^RVRNPHRHPBT?d@Cl@IpA_@@?bBi@XKXK`@ONGx@Ul@M\GLAd@E`@@XFPHvAn@rAp@h@VPHPLNLJJPBLBPF\PjB~@`Ah@B@HD|Az@d@Rf@Tj@TZHNDv@PD@AT]nFWbFcDc@y@Im@Ga@CM@C@EFgAgAMK]]CAGEMGMAc@@M??R?xB?V@bA?nC?L?l@Cd@C`@Er@IdAM`BGf@I|@Iv@MtA[lDUvBANIv@QjAo@]OGOIMdA	Click to Generate
S25	60	1			3	Ernest Jones (S25)	Jump Inc (S25)	SYPTE (S25)	5179	3884	im_eIdhrGAVp@fBT]T[T]T[V]T]CGQc@Qc@Qe@Qe@Qc@Qc@Qg@BUpBwCBK@A@O@MCYKOIOKMOSOOMM_@YGCMGQIGAYCWEWAO?G@E@c@FMDQHEBGBMHSNSNWTEDa@ZUR]b@Q^Wf@Qf@Of@EXGVKt@AJ@N@LDJ?@HLnBRFBBD@D?D?D?B?RAFE@QAwAOCBAF?F?DBFR@ZDZBZDP@B@@B@JMzEAZt@pB??SZ}@_C@m@NkF[E[C[ESACG?E?G@GBCvANFCBE?I?GACCCC?eBSKAGCGKIMGQAW@O@OHi@F]?E@EDQLi@DMLYJU@EHORc@PWRULMHKNMNO^YROZQFELGTGREVGDAFAH?P?`@@P@D@VDXFHDJF\TLJLNLPNPVd@NZNZVh@f@nAJRJL@BDBDFNHNDF@DBHEH?D?JEHGJINUBU?G?KEc@?IA]CGe@oAINMN}@cC\~@^bALOHOd@nABFNRJJBDB@B@F@D?JCr@aA`@g@DKPQ@IDQDKFIFGDAFAD?D@HBFFFHDLBJBJ?L?L?LCJCJEJEHGFEBGBI?GAOB_@J_@NUNURY\GJIHABSXGRITEJAHBZ@VCLCNEJGHGHGBIBIAGAIEEEEGCGEIAICKAYM_@So@EKcAyBQ_@GMSg@KOIOKMOSOOMM_@YGCMGQIGAYCWEWAO?G@E@c@FMDQHEBGBMHSNSNWTEDa@ZUR]b@Q^Wf@Qf@Of@EXGVKt@AJG~@C`A?JAvG?LAt@@P?J?^ATABEVo@~@GJKRILKNEPADEJBHFDXd@V`@FJ?\@P?X\l@HLNVNXXm@^y@gAsBuAkAGEUQk@g@GEOKO[EGCICICGA[?S?I@I@KDSXUDEVOlAi@T[@ABMDU@{@?uC@c@@g@@SBg@@O@OHi@F]?E@EDQLi@DMLYJU@EHORc@PWRULMHKNMNO^YROZQFELGTGREVGDAFAH?P?`@@P@D@VDXFHDJF\TLJLNLPNPVd@NZNZENCLGFKPEFSZ}A|BK@a@M?h@Ap@EbAC|@CbAAf@	Click to Generate
S25	60	1			3	Tinsley Sports and Social Club (S25)	Refuel (S25)	Sheffield Hallam University Sports Park (S25)	12141	9106	ie_eIfukGFb@Fv@@|@ErAMpAMbAFjANhA`@nB`CcDd@g@f@]b@Od@EpD@fA?~DA^@HATIVfBFd@BRF^F`@RvAh@~D~@`HD`@F^@FNtABLXdCXlCFz@@X?NAv@Et@AJKfAQjAE\SfAY|AS~AIp@O`BGrAMhEEdAGx@MAIAG@}A|@OFM???L?NG|A}@FAH@L@Kt@E\E^CNY|BQxAMdAc@pDAHG^GVEPQb@O\U\Y\e@d@SPcCzB_Ax@GFq@l@q@r@UVg@j@WZ[f@u@hAm@`AINmAvDELQ`@]h@U\OX]r@EIa@s@e@gAqEjGmBaCqBaCkAfBOTISqAyCYs@EK]cAUo@[g@MYGMGKY_@UU[a@GKKMCO?O@Y?GDk@Bm@Cq@AMCUAu@COEc@CWQyBa@aFE_@Ei@A]GmAAYQgECkAEgBAo@Ae@?Y@q@Bs@@a@Dg@Bg@Do@NwBPaDBWFoAHcBHcBFu@HuALuB@Y@]@k@A}@GeAKyBIqBE{AK}A_@eGUwBEg@Ky@UsBOmBKeAE]EUOu@Qm@Si@Se@Uc@QKA?[GEAKHC@KLEDIRoApBcAzAuAjB\xAR~@@~@A`B@z@Dp@Jr@Lp@X|@Lb@DLVpARdALhAHfADbA@t@@V?`ACt@MfA?HAn@BfA@z@RvL@|@ZxQ[yQA}@CqAOeJA{@CgA@o@?ILgABu@?aAAWAu@EcAIgAMiASeAWqAEMMc@Y}@Mq@Ks@Eq@A{@@aBA_AS_A]yAtAkBbA{AnAqBHS@KBU?C@]AO@QBKFMFGHAD?JFDFDR@N@R@PBDH^Tb@Rd@Rh@Pl@Nt@DTD\JdANlBTrBJx@Df@TvB^dGJ|ADzAHpBJxBFdA@|@Aj@A\AXMtBItAGt@IbBIbBGnACVQ`DOvBEn@Cf@Ef@A`@Cr@Ap@?X@d@@n@DfBBjAPfE@XFlA@\Dh@D^`@`FPxBBVDb@BNLh@?@Ht@BXN~@Nv@BLFPFPTv@f@bBNr@Tn@\bADJXr@pAxCHRl@lA`@z@DF`@x@Xd@`@j@JLRXHHVRNHTHVENBd@Fh@NN@VCDA\OVe@Ra@NeAHoAHy@No@L[LU\s@NYT]\i@Pa@DMlAwDHOl@aAt@iAZg@V[f@k@TWp@s@p@m@FG~@y@bC{BRQd@e@X]T]N]Pc@DQFWF_@@Ib@qDLeAPyAX}BBOD_@D]Ju@Fy@DeALiEFsANaBHq@R_BX}ARgAD]PkAJgA@K\NXN\RB@Jb@h@rCr@rBDRFRBT@XvA`Dk@qAk@oAAYCUGSESs@sBi@sCKc@CA]SYO]ODu@@w@?OAYG{@YmCYeCCMOuAAGG_@Ea@_AaHi@_ESwAGa@G_@CSGe@WgBUHI@_@A_E@gA?qDAe@Dc@Ng@\e@f@aCbDa@oBOiAGkALcALqADsAA}@Gw@Gc@	Click to Generate
S25	45	1			3	Reiss (S25)	SYPTE (S25)	Jump Inc (S25)	3614	2710	cv_eI`erG?HCJ@JMzEAZt@pB??SZ}@_C@m@NkF[E[C[ESACG?E?G@GBCvANFCBE?I?GACCCC?eBSIDA@EDGNEP?JAvG?LAt@@P?J?^ATABEVo@~@GJKRILKNEPADEJBHFDXd@V`@FJ?\@P?X\l@HLNVNXXm@^y@gAsBuAkAGEUQk@g@GEOKO[EGCICICGA[?S?I@I@KDSXUDEVOlAi@T[@ABMDU@{@?uC@c@@g@@SBg@@O@OHi@F]?E@EDQLi@DMLYJU@EHORc@PWRULMHKNMNO^YROZQFELGTGREVGDAFAH?P?`@@P@D@VDXFHDJF\TLJLNLPNPVd@NZNZVh@f@nAJRJL@BDBDFNHNDF@DBHEH?D?JEHGJINUBU?G?KEc@?IA]CGe@oAINMN}@cC\~@^bALOHOd@nABFNRJJBDB@B@F@D?JCr@aA`@g@DKPQ@IDQDKFIFGDAFAD?D@HBFFFHDLBJBJ?L?L?LCJCJEJEHGFEBGBI?GAOB_@J_@NUNURY\GJIHABSXGRITEJAHBZ@VCLCNEJGHGHGBIBIAGAIEEEEGCGEIAICKAYM_@So@EKcAyBQ_@GMSg@KOIOKMOSOOMM_@YGCMGQIGAYCWEWAO?G@E@c@FMDQHEBGBMHSNSNWTEDa@ZUR]b@Q^Wf@Qf@Of@EXGVKt@AJ@N@LDJ?@HLnBRFBBD@D?D?D?B?RAFE@QAwAOCBAF?F?DBFR@ZDZBZDP@B@@BBK?I	Click to Generate
S25	60	1			3	Blackburn Meadows Nature Reserve (S25)	ItsaGoal (S25)	Hanfia Masjid (S25)	12469	9352	qq`eIvumGOeJA{@CgA@o@?ILgABu@?aAAWAu@EcAIgAMiASeAWqAEMMc@Y}@Mq@Ks@Eq@A{@@aBA_AS_A]yAtAkBbA{AnAqBHS@KBU?C@]AOK_@ACQc@q@i@kAeAUW_@e@]i@Yq@Ww@Qm@Q_Ag@}C_@eCs@{ECU[qBc@oCKs@c@}AESGQIUK[IUYcAKSU[CCGMCOCk@GWMg@Ys@c@_A[i@]m@UUw@g@KCIEc@S]Ea@?e@LeIdDeBd@uAV_@BK@qAF}AAaBKWJMJIJEFCFGPKd@?FDlA@`@BTDl@DVD\Ff@Hx@D^Bd@Bn@@`A?~A?N?vA?f@?|@Ef@ShBw@dHMbAg@rEKx@C`@?\FnABz@@nA@p@?DAf@AjA?RChAAvA?xAApAC|B?b@?JCjBAdB?~@?FAZ?VAvBAxA?XCbE?P@\?BBNDRVd@HMNQLMj@i@^i@PYt@oAXe@`A_BTa@Zk@t@qALSdAkBDWB_@Hm@FIRCB?HCJEJM\e@NMPID@FBDFDJNr@BR@XNrG@d@@NBNl@LjA`@LB^@ZAP?TIL[VKREVGDSC{FBzFER??WFSDWJMZUHQ?[@_@AMCkAa@m@MCOAOAe@OsGAYCSOs@EKEGGCEAQHOL]d@KLKDIBC?SBGHIl@C^EVeAjBMRu@pA[j@U`@aA~AYd@u@nAQX_@h@k@h@MLOPILMZQp@b@b@bA`A\^j@x@FHnA`C`@t@l@nAf@vAN`@Pf@HTXx@`@nAZ~@BLPj@^|A?DHl@BNDVFp@HtAFtADtAFxBB`@FpB@j@Bb@@l@BV@T@PHrAJdABTRdBNdANlAj@lERxAD`@Jv@DZRxA@L`@|CVrBHn@P`AN`A^|BPhAl@bDRbAr@tDLn@ZxAZfAf@~AX|@d@rAZbA\fAl@~Ar@~Ah@vAFN^dAZnATrAPfABHHZFRDJHRFJ^TLFN?\GTIj@m@jEgE|KiJ|EeEnCmCfCsCbFeGn@cA?ALSH]BODs@Cg@?_@@]@UBQDSJa@Ve@Ra@NeAHoAHy@No@L[LUEIa@s@e@gA]eA[_AOi@kAgDcCaHYkEQFKeB@Q`AYLMHQDUSKY]OyBIoAXhEX\RJETIPMLaAXAPJdBPGXjEbC`HaBxB}AtBoA~AKNkAfBOTIS{@oBUi@Ys@EK]cAUo@[g@MYGMGKY_@UU[a@GKKMCO?O@Y?GDk@Bm@Cq@AMCUAu@COEc@CWQyBa@aFE_@Ei@A]GmAAYQgECkAEgBAo@Ae@?Y@q@Bs@@a@Dg@Bg@Do@NwBPaDBWFoAHcBHcBFu@HuALuB@Y@]@k@A}@GeAKyBIqBE{AK}A_@eGUwBEg@Ky@UsBOmBKeAE]EUOu@Qm@Si@Se@Uc@QKA?[GEAKHC@KLEDIRoApBcAzAuAjB\xAR~@@~@A`B@z@Dp@Jr@Lp@X|@Lb@DLVpARdALhAHfADbA@t@@V?`ACt@MfA?HAn@BfA@z@NdJ	Click to Generate
S25	60	1			3	Molton Brown (S25)	SYPTE (S25)	Jump Inc (S25)	5157	3868	_u_eIlqrG??SZ}@_C@m@NkF[E[C[ESACG?E?G@GBCvANFCBE?I?GACCCC?eBSKAGCGKIMGQAW@O@OHi@F]?E@EDQLi@DMLYJU@EHORc@PWRULMHKNMNO^YROZQFELGTGREVGDAFAH?P?`@@P@D@VDXFHDJF\TLJLNLPNPVd@NZNZENCLGFKPEFSZ}A|BK@a@M?h@Ap@EbAC|@A|@ADbAhCT[T]T[V]T]CGQc@Qc@Qe@Qe@Qc@Qc@Qg@BUpBwCBK@A@O@MCYKOIOKMOSOOMM_@YGCMGQIGAYCWEWAO?G@E@c@FMDQHEBGBMHSNSNWTEDa@ZUR]b@Q^Wf@Qf@Of@EXGVKt@AJG~@C`A?JAvG?LAt@@P?J?^ATABEVo@~@GJKRILKNEPADEJBHFDXd@V`@FJ?\@P?X\l@HLNVNXXm@^y@gAsBuAkAGEUQk@g@GEOKO[EGCICICGA[?S?I@I@KDSXUDEVOlAi@T[@ABMDU@{@?uC@c@@g@@SBg@@O@OHi@F]?E@EDQLi@DMLYJU@EHORc@PWRULMHKNMNO^YROZQFELGTGREVGDAFAH?P?`@@P@D@VDXFHDJF\TLJLNLPNPVd@NZNZVh@f@nAJRJL@BDBDFNHNDF@DBHEH?D?JEHGJINUBU?G?KEc@?IA]CGe@oAINMN}@cC\~@^bALOHOd@nABFNRJJBDB@B@F@D?JCr@aA`@g@DKPQ@IDQDKFIFGDAFAD?D@HBFFFHDLBJBJ?L?L?LCJCJEJEHGFEBGBI?GAOB_@J_@NUNURY\GJIHABSXGRITEJAHBZ@VCLCNEJGHGHGBIBIAGAIEEEEGCGEIAICKAYM_@So@EKcAyBQ_@GMSg@KOIOKMOSOOMM_@YGCMGQIGAYCWEWAO?G@E@c@FMDQHEBGBMHSNSNWTEDa@ZUR]b@Q^Wf@Qf@Of@EXGVKt@AJ@N@LDJ?@HLnBRFBBD@D?D?D?B?RAFE@QAwAOCBAF?F?DBFR@ZDZBZDP@B@@B@JMzEAZt@pB	Click to Generate
S25	15	1			3	Two Dinners Ignatiu (S25)	Abbey School (S25)	Winterhill School (S25)	1255	941	ikceInhqGGhBIZkCpB??ODQCg@YYCw@Eq@@Al@??@m@?WBSHO`@GfBMf@GbAs@n@cAXeAVmBFUFa@D[FuAAy@KoA_@kBGe@U{A{@uFDCHEBCBA`@WPK??QJa@VC@CBIDEBz@tFTzAFd@^jBJnA@x@GtAEZC`A?zAEfA	Click to Generate
S25	20	1			3	St Thomas Church Wincobank (S25)	Wincobank Post Office (S25)	Eastwoods (S25)	1566	1174	{daeInctGBPPt@fCDHBHBdAdBFJLN`@l@d@j@VV^^^\^`@VVPLIk@w@oHSgBOkA_@eDO{AOuAPIDA~@]LEd@lEf@nElAtKv@dH?JADCDCDcA`@AEGOGUWuAKo@OoAQMWW_@a@_@]_@_@WWe@k@a@m@MOGKeAeBICICgCEQu@CQ	Click to Generate
S25	60	1			3	Blackburn Meadows Nature Reserve (S25)	ItsaGoal (S25)	Hanfia Masjid (S25)	12561	9421	kq`eI`zmGAw@SwLA{@CgA@o@?ILgABu@?aAAWAu@EcAIgAMiASeAWqAEMMc@Y}@Mq@Ks@Eq@A{@@aBA_AS_A]yAtAkBbA{AnAqBHS@KBU?C@]AOK_@ACQc@q@i@kAeAUW_@e@]i@Yq@Ww@Qm@Q_Ag@}C_@eCs@{ECU[qBc@oCKs@c@}AESGQIUK[IUYcAKSU[CCGMCOCk@GWMg@Ys@c@_A[i@]m@UUw@g@KCIEc@S]Ea@?e@LeIdDeBd@uAV_@BK@qAF}AAaBKWJMJIJEFCFGPKd@?FDlA@`@BTDl@DVD\Ff@Hx@D^Bd@Bn@@`A?~A?N?vA?f@?|@Ef@ShBw@dHMbAg@rEKx@C`@?\FnABz@@nA@p@?DAf@AjA?RChAAvA?xAApAC|B?b@?JCjBAdB?~@?FAZ?VAvBAxA?XCbE?P@\?BBNDRVd@HMNQLMj@i@^i@PYt@oAXe@`A_BTa@Zk@t@qALSdAkBDWB_@Hm@FIRCB?HCJEJM\e@NMPID@FBDFDJNr@BR@XNrG@d@@NBNl@LjA`@LB^@ZAP?TIL[VKREVGDSC{FBzFER??WFSDWJMZUHQ?[@_@AMCkAa@m@MCOAOAe@OsGAYCSOs@EKEGGCEAQHOL]d@KLKDIBC?SBGHIl@C^EVeAjBMRu@pA[j@U`@aA~AYd@u@nAQX_@h@k@h@MLOPILMZQp@b@b@bA`A\^j@x@FHnA`C`@t@l@nAf@vAN`@Pf@HTXx@`@nAZ~@BLPj@^|A?DHl@BNDVFp@HtAFtADtAFxBB`@FpB@j@Bb@@l@BV@T@PHrAJdABTRdBNdANlAj@lERxAD`@Jv@DZRxA@L`@|CVrBHn@P`AN`A^|BPhAl@bDRbAr@tDLn@ZxAZfAf@~AX|@d@rAZbA\fAl@~Ar@~Ah@vAFN^dAZnATrAPfABHHZFRDJHRFJ^TLFN?\GTIj@m@jEgE|KiJ|EeEnCmCfCsCbFeGn@cA?ALSH]BODs@Cg@?_@@]@UBQDSJa@Ve@Ra@NeAHoAHy@No@L[LUEIa@s@e@gA]eA[_AOi@kAgDcCaHYkEQFKeB@Q`AYLMHQDUSKY]OyBIoAXhEX\RJETIPMLaAXAPJdBPGXjEbC`HaBxB}AtBoA~AKNkAfBOTIS{@oBUi@Ys@EK]cAUo@[g@MYGMGKY_@UU[a@GKKMCO?O@Y?GDk@Bm@Cq@AMCUAu@COEc@CWQyBa@aFE_@Ei@A]GmAAYQgECkAEgBAo@Ae@?Y@q@Bs@@a@Dg@Bg@Do@NwBPaDBWFoAHcBHcBFu@HuALuB@Y@]@k@A}@GeAKyBIqBE{AK}A_@eGUwBEg@Ky@UsBOmBKeAE]EUOu@Qm@Si@Se@Uc@QKA?[GEAKHC@KLEDIRoApBcAzAuAjB\xAR~@@~@A`B@z@Dp@Jr@Lp@X|@Lb@DLVpARdALhAHfADbA@t@@V?`ACt@MfA?HAn@BfA@z@RvL@v@	Click to Generate
S25	45	1			3	Tinsley Sports and Social Club (S25)	St Lawrence Church (S25)	Cohens Chemist (S25)	3088	2316	{z}dId_nGk@oAAYCUGSESs@sBi@sCKc@CA]SYO]OAJKfAQjAE\SfAY|AS~AIp@O`BGrAMhEEdAGx@MAIAG@}A|@OFM???L?NG|A}@FAH@L@Kt@E\E^CNY|BQxAMdAc@pDAHG^GVEPQb@O\U\Y\e@d@SPcCzBI[Sq@GWIYCISq@IQAEEGCEKIOC@_@?SBODMr@}ADGFEHAH?NJLFHBFAFdABHDBB@CAECCIGeAG@ICMGOKI?I@GDEFs@|AEL?BCJ?RA^NBJHBDDF@DHPRp@BHHXFVRp@HZ_Ax@GFq@l@q@r@G]Kq@G_@Oy@Ie@v@u@`ByARp@BHHXFVRp@HZbC{BRQd@e@X]T]N]Pc@DQFWF_@@Ib@qDLeAPyAX}BBOD_@D]Ju@Fy@DeALiEFsANaBHq@R_BX}ARgAD]PkAJgA@K\NXN\RB@Jb@h@rCr@rBDRFRBT@Xj@nA	Click to Generate
S25	45	1			3	Beck Primary School (S25)	Volksgear (S25)	Muscle Fusion (S25)	3087	2315	wzceIh|xG[A?JCjA?zB@dB@b@?h@Bp@[n@FFFHJB^B|@@`@Gd@K~@W?J?JANG\NvA??OwAF]@O?K?K_AVe@Ja@F}@A_@CKCGIGGQ^Qb@K`@Ib@Kf@Ed@AXCXCACCEECIE]G}@AWEo@UgDOcDCUCIIIHyBJsCDmABi@Bw@LsCBq@Bq@JsAJmAL}@Lu@Hm@DWd@iCIEEMAOAIOIECOAI@EF_@xB^yBDGHAN@TL@H@NDLHDBSLu@H}@Fg@Bi@B]g@iACEu@u@SW??OWUg@KUIOYm@aAcBh@oB\cATi@Vi@^q@x@_BdAwBR\v@~Ae@Td@Uw@_BS]eAvBy@~A_@p@Wh@Uh@]bAi@nB`AbBXl@HNJTTf@NVRVt@t@BDf@hAC\Ch@Gf@I|@Mt@DH@F@JBf@Hd@H`@DNFNb@l@x@jASfAUxAOrAKfAOjBGdAEtACl@ClAZ@	Click to Generate
S25	60	1			3	Hartley Brook Road Post Office (S25)	Beck Primary School (S25)	Woolley Wood LNR (S25)	7235	5426	ynbeItnxGaAi@kB_A]QQGMCQCBZ?t@?RAhD?`D?fC?r@?R?xB?V@bA?nC?L?l@Cd@C`@Er@IdAM`BGf@I|@Iv@MtA[lDUvBANcAk@E@C@ADEVU|Aq@Us@Qw@Qw@Ks@Ge@ACSGQKSe@cA]{@_@cAWy@Qq@Me@SaAUkAQmAEYMiAKcAGaAEu@wA^_@L?J?JANG\NvA??OwAF]@O?K?K_AVe@Ja@F}@A_@CKCGIGGZo@Cq@?i@Ac@AeB?{BBkA?KBmABm@DuAFeANkBJgANsATyARgAy@kAc@m@GOEOIa@Ie@Cg@AKAGEILu@H}@Fg@Bi@B]@KDa@B_@Fc@@MLi@H_@Vw@^{@l@oAt@mAt@gA`CyC~@qAn@_Ar@iAjAwBj@uAbAcDx@kCr@kBz@gBhCeGj@kAjDcHtAiCvDcGxA{AxAeAhCwAbBy@nAo@pA_ArBoB~@iAh@cAnB}DxAoC?\?TG\Kj@Jk@F]?U?]yAnCoB|Di@bA_AhAsBnBqA~@oAn@cBx@iCvAyAdAyAzAwDbGuAhCwEnJiCdG{@fBs@jBy@jCcAbDk@tAkAvBs@hAo@~@_ApAaCxCu@fAu@lAm@nA_@z@Wv@I^Mh@ALGb@C^E`@AJC\Ch@Gf@I|@Mt@DH@F@JBf@Hd@H`@DNFNb@l@x@jAT^R^RVRNPHRHPBT?d@Cl@IpA_@@?bBi@XKXK`@ONGx@Ul@M\GLAd@E`@@XFPHvAn@rAp@h@VPHPLNLJJPBLBPF\PjB~@`Ah@	Click to Generate
S25	20	1			3	St Lawrence Church (S25)	Tinsley Meadows Primary School (S25)	Madani Education Centre (S25)	2011	1508	kz~dI~noG[^Jp@F\p@s@p@m@FG~@y@I[Sq@GWIYCISq@IQAEEGCEKIOC@_@?SBODMr@}ADGFEHAH?NJLFHBFAFdABHDBB@CAECCIGeAG@ICMGOKI?I@GDEFs@|AEL?BCJ?RA^NBJHBDDF@DHPRp@BHHXFVRp@HZ_Ax@GFq@l@q@r@UVg@j@WZ[f@u@hAm@`AINmAvDELQ`@]h@U\OX]r@EIa@s@e@gA]eA[_AtAmBq@qBM@KDCDOa@??N`@BEJELAp@pBuAlBBHVt@\dAd@fA`@r@DH\s@NYT]\i@Pa@DMlAwDHOl@aAt@iAZg@V[f@k@TWG]Kq@Z_@	Click to Generate
S25	30	1			3	Kelford School (S25)	Dave's Fish Bar (S25)	Meadow View Primary School (S25)	2617	1963	edbeIvkoGQMc@]CAy@m@mE}CEIAI?E?Uf@}CtB}Mj@j@r@v@\^Z\FHTTHHGNEDIBGAEIEHK\_@vAAH?JDVDNB@@B@D?@@BAD?DCBA@C@CACCAC?EAE@E@CBC@AB?EOEW?K@I^wAJ]DIAI?KFWGI[]]_@s@w@k@k@uB|Mg@|C?T?D@HDHlE|Co@`DERYvAMd@Od@Ul@u@tBCHw@rBg@rAKVm@u@[]SOSMe@QKEo@SUISMQO]c@GIc@k@i@u@s@}@^oARm@??Sl@_@nAr@|@h@t@b@j@FH\b@PNRLTHn@RJDd@PRLRNZ\l@t@r@kBv@sBBIt@uBTm@Ne@Le@XwADSn@aDx@l@B@b@\PL	Click to Generate
S25	20	1			3	The Colin (S25)	Zena (S25)	The Salvation Army - Rotherham (S25)	1875	1406	gfdeIrxoGBE?Q?SCOEQIMAKCOAM?OBM@MXgCvB`C|A|AFFHDHALGLMz@{AJLFBHDF@PDVDh@H`@DD@\Dd@DdAFH?D@HFDHDLd@lBDLC@@J?NCPIf@IXIXERADAFGTGGEEAK?QDIHE??H?FBERADAFGTELNXEJMd@Kj@??Jk@Le@DKOYDMFU@G@EDSHY@]?QAQESZYBAPOJKLQPSNUHM`@s@d@s@Ze@X[HVLZDHb@j@c@k@EIM[IWYZOTKNe@r@a@r@ILOTQRMPKJQNEMe@mBEMEIIGEAI?eAGe@E]EEAa@Ei@IWEQEGAIEGCKM{@zAMLMFI@IEGG}A}AwBaCYfCALCL?N@LBN@JHLDPBN?R?PCD	Click to Generate
S25	45	1			3	Cohens Chemist (S25)	Tinsley Sports and Social Club (S25)	Tinsley Meadows Primary School (S25)	3040	2280	{x~dIzcoGCJ?RA^NBJHBDDF@DHPRp@BHHXFVRp@HZ_Ax@GFq@l@q@r@G]Kq@G_@Oy@Ie@v@u@`ByARp@BHHXFVRp@HZbC{BRQd@e@X]T]N]Pc@DQFWF_@@Ib@qDLeAPyAX}BBOD_@D]Ju@MAIAG@}A|@OFM???L?NG|A}@FAH@L@Kt@E\E^CNY|BQxAMdAc@pDAHG^GVEPQb@O\U\Y\e@d@SPcCzB_Ax@GFq@l@q@r@UVg@j@WZ[f@u@hAm@`AINmAvDELQ`@]h@U\OX]r@EIa@s@e@gA]eA[_AtAmBq@qBM@KDCDOa@??N`@BEJELAp@pBuAlBZ~@\dAd@fA`@r@DH\s@NYT]\i@Pa@DMlAwDHOl@aAt@iAZg@V[f@k@TWp@s@p@m@FG~@y@I[Sq@GWIYCISq@IQAEEGCEKIOC@_@?SBK	Click to Generate
S25	20	1			3	The Salvation Army - Rotherham (S25)	Bake N Butty (S25)	The Manor Barn (S25)	1779	1334	qhceI~hoGQTOJFP|@vCMTQRSVYZ[d@e@r@a@r@ILOTQRMPKJQNC@@J?NCPIf@IX@]?QAQESZYBAPOJKLQPSNUHM`@s@d@s@JONUX[RWPSLUHMj@cABKBOPLLLLNf@j@RVDFj@r@j@t@JN^oARm@Sl@_@nAKOk@u@k@s@EGSWu@{@MMQM?MAOCWGu@K}@EWKi@GS]sAKi@G]GYGm@Gm@Ci@Ae@@c@@O@UHg@Hc@Rs@NTR\p@~AJPLLXXaBjDMRGHYTJh@\rAFRJh@DVJ|@Ft@BV@N?LCNCJk@bAIL}@wCGQNKPU	Click to Generate
S25	15	1			3	Wincobank Post Office (S25)	Savemore (S25)	Eastwoods (S25)	1426	1070	ix`eInatGNjAbBu@g@oEe@mEMD_A\E@QHm@V}@ZwB`A]HI@OAU?a@?YDQHYTRdAXvAXrABPPt@fCDHBHBdAdBFJLN`@l@d@j@VV^^^\^`@VVPLNnAJn@VtAFTFN@DbAa@BEBE@E?Kw@eHeBv@w@oHSgBOkA	Click to Generate
S25	60	1			3	Morris (S25)	Abbey School (S25)	Crow Girl (S25)	8505	6379	yideIrjqG??QJk@NUDMBa@FQHON]f@CB[l@Kf@Oz@Ev@MlC?R?f@GtApCXh@J??vCx@FBnCr@VLnGvHzCjDLJj@d@PLb@VjCjALFFBx@Z~@h@`DzBvDbCvBvAr@f@d@d@f@b@BDRTV\Pu@H]P{@J[L_@f@yAZy@Rm@JYF_@Da@Da@NuAJmAJcAJkANyAHy@Dk@@EB[@W@[AkAA_BAi@Ee@G]CKQWm@{@GKGUG[UcBG]Ku@AIAGCUAO?S@ODQFOHKFGRWt@y@^c@RYR_@R_@To@FSDSFUDWHk@BKFq@Bc@Be@?a@?W?SAMCa@AQC]Im@Ik@Mo@Oi@Oi@Og@Qa@Q_@Wi@[i@MSCCQYWYIKc@c@g@a@OI}@g@}@i@KKKOEGIUI[CWAc@?S@WDa@Fg@Fa@UISMQO]c@GIc@k@i@u@s@}@KOk@u@k@s@EGSWu@{@MMQMCNCJk@bAILMTQRSVYZ[d@e@r@a@r@ILOTQRMPKJQNC@@J?NCPIf@IXIXERADAFGTELNXDNDVTxAf@|Cz@tFTzAFd@^jBJnA@x@GtAEZG`@GTWlBYdAo@bAcAr@g@FgBLa@FINCR?VAl@??@m@?WBSHO`@GfBMf@GbAs@n@cAXeAVmBFUFa@D[FuAAy@KoA_@kBGe@U{A{@uFg@}CUyAEWEOOYDMFU@G@EDSHY@]?QAQESZYBAPOJKLQPSNUHM`@s@d@s@Ze@X[RWPSLUHMj@cABKBOPLLLt@z@RVDFj@r@j@t@JNr@|@h@t@b@j@FH\b@PNRLTHG`@Gf@E`@AV?R@b@BVHZHTDFJNJJ|@h@|@f@NHf@`@b@b@HJVXPXBBLRZh@Vh@P^P`@Nf@Nh@Nh@Ln@Hj@Hl@B\@PB`@@L?R?V?`@Cd@Cb@Gp@CJIj@EVGTERGRUn@S^S^SX_@b@u@x@SVGFIJGNEPAN?R@NBT@F@HJt@F\TbBFZFTFJl@z@PVBJF\Dd@@h@@~A@jAAZAVCZADEj@Ix@OxAKjAKbAKlAOtAE`@E`@G^KXSl@[x@g@xAM^KZQz@I\Qt@W]SUCEg@c@e@e@s@g@wBwAwDcCaD{B_Ai@y@[GCMGkCkAc@WQMk@e@MK{CkD_DuDoBaCWMoCs@GCwCy@i@KqCYFuA?g@?SLmCDw@N{@Jg@Zm@BC\g@NOPI`@GLCTEj@OPK??	Click to Generate
S25	60	1			3	H.Samuel (S25)	Jump Inc (S25)	SYPTE (S25)	5179	3884	im_eInhrGALp@fBT]T[T]T[V]T]CGQc@Qc@Qe@Qe@Qc@Qc@Qg@BUpBwCBK@A@O@MCYKOIOKMOSOOMM_@YGCMGQIGAYCWEWAO?G@E@c@FMDQHEBGBMHSNSNWTEDa@ZUR]b@Q^Wf@Qf@Of@EXGVKt@AJ@N@LDJ?@HLnBRFBBD@D?D?D?B?RAFE@QAwAOCBAF?F?DBFR@ZDZBZDP@B@@B@JMzEAZt@pB??SZ}@_C@m@NkF[E[C[ESACG?E?G@GBCvANFCBE?I?GACCCC?eBSKAGCGKIMGQAW@O@OHi@F]?E@EDQLi@DMLYJU@EHORc@PWRULMHKNMNO^YROZQFELGTGREVGDAFAH?P?`@@P@D@VDXFHDJF\TLJLNLPNPVd@NZNZVh@f@nAJRJL@BDBDFNHNDF@DBHEH?D?JEHGJINUBU?G?KEc@?IA]CGe@oAINMN}@cC\~@^bALOHOd@nABFNRJJBDB@B@F@D?JCr@aA`@g@DKPQ@IDQDKFIFGDAFAD?D@HBFFFHDLBJBJ?L?L?LCJCJEJEHGFEBGBI?GAOB_@J_@NUNURY\GJIHABSXGRITEJAHBZ@VCLCNEJGHGHGBIBIAGAIEEEEGCGEIAICKAYM_@So@EKcAyBQ_@GMSg@KOIOKMOSOOMM_@YGCMGQIGAYCWEWAO?G@E@c@FMDQHEBGBMHSNSNWTEDa@ZUR]b@Q^Wf@Qf@Of@EXGVKt@AJG~@C`A?JAvG?LAt@@P?J?^ATABEVo@~@GJKRILKNEPADEJBHFDXd@V`@FJ?\@P?X\l@HLNVNXXm@^y@gAsBuAkAGEUQk@g@GEOKO[EGCICICGA[?S?I@I@KDSXUDEVOlAi@T[@ABMDU@{@?uC@c@@g@@SBg@@O@OHi@F]?E@EDQLi@DMLYJU@EHORc@PWRULMHKNMNO^YROZQFELGTGREVGDAFAH?P?`@@P@D@VDXFHDJF\TLJLNLPNPVd@NZNZENCLGFKPEFSZ}A|BK@a@M?h@Ap@EbAC|@CbAAp@	Click to Generate
S25	45	1			3	Freddy (S25)	Crow Girl (S25)	Yazier (S25)	3416	2562	_xceIvnrGxAbBLJj@d@PLb@VjCjALFFBx@Z~@h@`DzBvDbCvBvAr@f@d@d@f@b@[bBAJKv@Kz@E~@Al@Aj@?l@IEECIQCSDYFGBALE@m@D_AJ{@Jw@@KZcBg@c@e@e@s@g@wBwAwDcCaD{B_Ai@y@[GCMGkCkAc@WMKCAk@e@MK{CkD_DuDoBaCWMoCs@A~@?f@FVbBdBf@fAj@r@J`@@f@CHEL@h@t@pBhBpDr@`B^l@b@dAxAv@n@f@rApA`AHfAl@Zp@@jAFYDIHIL@JH|@bAx@xAv@|BJFFWKcCO{@[qA[eAYiASw@c@y@Qw@SqA??Ky@Mg@I]C]@g@GCMGkCkAc@WQMk@e@MKyAcB	Click to Generate
S25	60	1			3	Phase Eight (S25)	SYPTE (S25)	Jump Inc (S25)	5179	3884	_u_eIlqrG??SZ}@_C@m@NkF[E[C[ESACG?E?G@GBCvANFCBE?I?GACCCC?eBSKAGCGKIMGQAW@O@OHi@F]?E@EDQLi@DMLYJU@EHORc@PWRULMHKNMNO^YROZQFELGTGREVGDAFAH?P?`@@P@D@VDXFHDJF\TLJLNLPNPVd@NZNZENCLGFKPEFSZ}A|BK@a@M?h@Ap@EbAC|@CbAAf@AVp@fBT]T[T]T[V]T]CGQc@Qc@Qe@Qe@Qc@Qc@Qg@BUpBwCBK@A@O@MCYKOIOKMOSOOMM_@YGCMGQIGAYCWEWAO?G@E@c@FMDQHEBGBMHSNSNWTEDa@ZUR]b@Q^Wf@Qf@Of@EXGVKt@AJG~@C`A?JAvG?LAt@@P?J?^ATABEVo@~@GJKRILKNEPADEJBHFDXd@V`@FJ?\@P?X\l@HLNVNXXm@^y@gAsBuAkAGEUQk@g@GEOKO[EGCICICGA[?S?I@I@KDSXUDEVOlAi@T[@ABMDU@{@?uC@c@@g@@SBg@@O@OHi@F]?E@EDQLi@DMLYJU@EHORc@PWRULMHKNMNO^YROZQFELGTGREVGDAFAH?P?`@@P@D@VDXFHDJF\TLJLNLPNPVd@NZNZVh@f@nAJRJL@BDBDFNHNDF@DBHEH?D?JEHGJINUBU?G?KEc@?IA]CGe@oAINMN}@cC\~@^bALOHOd@nABFNRJJBDB@B@F@D?JCr@aA`@g@DKPQ@IDQDKFIFGDAFAD?D@HBFFFHDLBJBJ?L?L?LCJCJEJEHGFEBGBI?GAOB_@J_@NUNURY\GJIHABSXGRITEJAHBZ@VCLCNEJGHGHGBIBIAGAIEEEEGCGEIAICKAYM_@So@EKcAyBQ_@GMSg@KOIOKMOSOOMM_@YGCMGQIGAYCWEWAO?G@E@c@FMDQHEBGBMHSNSNWTEDa@ZUR]b@Q^Wf@Qf@Of@EXGVKt@AJ@N@LDJ?@HLnBRFBBD@D?D?D?B?RAFE@QAwAOCBAF?F?DBFR@ZDZBZDP@B@@B@JMzEAZt@pB	Click to Generate
S25	45	1			3	Mint Nail (S25)	Flannels (S25)	The Cruise Holiday Shop (S25)	3403	2552	{y_eIj_sG^y@gAsBuAkAGEUQk@g@GEOKO[EGCICICGA[?S?I@I@KDSXUDEVOlAi@T[@ABMDU@{@?uCJe@@QDOHGFEHAH@nBRFBBD@D?D?D?B?RAFE@QAwAOCBAF?F?DBFR@ZDZBZDP@B@@B@JMzEAZt@pB??SZ}@_C@m@NkFP@B@@B@JEzAG~B[C[C[E[CQCLkFCG?E?G@GBCvANFCBE?I?GACCCC?eBSKAGCGKIMGQAW@O@OHi@F]?E@EDQLi@DMLYJU@EHORc@PWRULMHKNMNO^YROZQFELGTGREVGDAFAH?P?`@@P@D@VDXFHDJF\TLJLNLPNPVd@NZNZENCLGFKPEFSZ}A|BK@a@M?h@Ap@EbAC|@CbAC~@p@fB??T]T[T]T[V]T]CGQc@Qc@Qe@Qe@Qc@Qc@Qg@BUpBwCBK@A@O@MCYKOIOKMOSOOMM_@YGCMGQIGAYCWEWAO?G@E@c@FMDQHEBGBMHSNSNWTEDa@ZUR]b@Q^Wf@Qf@Of@EXGVKt@AJG~@C`A?JAvG?LAt@@P?J?^ATABEVo@~@GJKRILKNEPADEJBHFDXd@V`@FJ?\@P?X\l@HLNVNXXm@	Click to Generate
S25	15	1			3	Zena (S25)	The Salvation Army - Rotherham (S25)	Winterhill School (S25)	1060	795	mqceId~oG??H?FBERADAFGTELNXEJMd@Kj@??Jk@Le@DKOYDMFU@G@EDSHY@]?QAQESZYBAPOJKLQPSNUHM`@s@d@s@Ze@X[HVLZDHb@j@c@k@EIM[IWYZOTKNe@r@a@r@ILOTQRMPKJQNC@@J?NCPIf@IXIXERADAFGTELNXDNDVTxAf@|CDCHEBCBA`@WPK??QJa@VC@CBIDEBg@}CUyAEWEOOYDMGGEEAK?QDIHE	Click to Generate
S25	45	1			3	Baytree Interiors (S25)	Eurochange (S25)	SYPTE (S25)	3374	2530	yk_eIdlrG??T]T[uAqDCbA?TCh@p@fBT]T[T]T[V]T]CGQc@Qc@Qe@Qe@Qc@Qc@Qg@BUpBwCBK@A@O@MCYKOIOKMOSOOMM_@YGCMGQIGAYCWEWAO?G@E@c@FMDQHEBGBMHSNSNWTEDa@ZUR]b@Q^Wf@Qf@Of@EXGVKt@AJ@N@LDJ?@HLnBRFBBD@D?D?D?B?RAFE@QAwAOCBAF?F?DBFR@ZDZBZDP@B@@B@JMzEAZt@pB??SZ}@_C@m@NkF[E[C[ESACG?E?G@GBCvANFCBE?I?GACCCC?eBSIDA@EDGNEP?JAvG?LAt@@P?J?^ATABEVo@~@GJKRILKNEPADEJBHFDXd@V`@FJ?\@P?X\l@HLNVNXXm@^y@gAsBuAkAGEUQk@g@GEOKO[EGCICICGA[?S?I@I@KDSXUDEVOlAi@T[@ABMDU@{@?uC@c@@g@@SBg@@O@OHi@F]?E@EDQLi@DMLYJU@EHORc@PWRULMHKNMNO^YROZQFELGTGREVGDAFAH?P?`@@P@D@VDXFHDJF\TLJLNLPNPVd@NZNZENCLGFKPEFSZ}A|BK@a@M?h@Ap@EbAC|@CbAC~@p@fB	Click to Generate
S25	60	1			3	Brutus (S25)	Two Dinners Ignatiu (S25)	Dave's Fish Bar (S25)	4878	3658	aobeIpuqG[PG]Ku@AIAGCUAO?S@ODQFOHKFGRWt@y@^c@RYR_@R_@To@FSDSFUDWHk@BKFq@Bc@Be@?a@?W?SAMCa@AQC]Im@Ik@Mo@Oi@Oi@Og@Qa@Q_@Wi@[i@MSCCQYWYIKc@c@g@a@OI}@g@}@i@KKKOEGIUI[CWAc@?S@WDa@Fg@Fa@UISMQO]c@GIc@k@i@u@s@}@KOk@u@k@s@EGSWu@{@MMQMCNCJk@bAILMTQRSVYZ[d@e@r@a@r@ILOTQRMPKJQNC@@J?NCPIf@IXIXERADAFGTELNXDNDVTxAf@|Cz@tFTzAFd@^jBJnA@x@GtAEZC`A?zAMpDADGTkCpB??ODQCg@YYCw@Eq@@?WBSHO`@GfBMf@GbAs@n@cAXeAVmBFUFa@D[FuAAy@KoA_@kBGe@U{A{@uFg@}CUyAEWEOOYDMFU@G@EDSHY@]?QAQESZYBAPOJKLQPSNUHM`@s@d@s@Ze@X[RWPSLUHMj@cABKBOPLLLt@z@RVDFj@r@j@t@JNr@|@h@t@b@j@FH\b@PNRLTHn@RJDd@PRLRNZ\l@t@r@kB`DlDaDmDg@rAKVm@u@[]SOSMe@QKEo@SG`@Gf@E`@AV?R@b@BVHZHTDFJNJJ|@h@|@f@NHf@`@b@b@HJVXPXBBLRZh@Vh@P^P`@Nf@Nh@Nh@Ln@Hj@Hl@B\@PB`@@L?R?V?`@Cd@Cb@Gp@CJIj@EVGTERGRUn@S^S^SX_@b@u@x@SVGFIJGNEPAN?R@NBT@F@HJt@F\ZQ	Click to Generate
S25	30	1			3	Kimberworth Library (S25)	Kimberworth Community Primary School (S25)	The Salvation Army - Rotherham (S25)	2109	1582	oiceIfwnGANAb@@d@Bh@Fl@Fl@FXF\XU@CDELS`BkDYYMMKQq@_BS]OUN_@DMNc@Vi@HQHSDSBM@QHk@t@t@NLF@FCDGXmBN}@BKBEF@TLTN\T@FO~@Mz@GDG?IEEEAE?G^eCD[@E@SAKKMUCQE]SKEC?G?ICc@YCPO`AK~@MlACRIj@APCLERIRIPWh@Ob@ELO^Sr@Ib@If@Cd@Ab@@d@Bh@Fl@Fl@FXF\Jh@\rAFRJh@DVJ|@Ft@BV@N?LCNCJk@bAILMTQRSVYZ[d@e@r@a@r@ILOTQRMPKJQNC@@J?NCPIf@IX@]?QAQESZYBAPOJKLQPSNUHM`@s@d@s@JONUX[RWPSLUHMj@cABKBO?MAOCWGu@K}@EWKi@GS]sAKi@G]GYGm@Gm@Ci@Ae@@c@@O	Click to Generate
S25	15	1			3	St Thomas (S25)	Bake N Butty (S25)	The Colin (S25)	1224	918	kjceI~roGNUX[RWPSLU}@wCGQNKV[EDQTOJFP|@vCHMj@cABKBOPLLLLNf@j@RVDFj@r@j@t@JN^oARm@Sl@_@nAKOk@u@k@s@EGSWu@{@MMQMCNCJk@bAILMTQRSVYZ[d@e@r@a@r@ILOTQRMPKJQNC@@J?NCPIf@IXIXERADAFGTGGEEAK?QDIHE??H?FBHY@]?QAQESZYBAPOJKLQPSNUHM`@s@d@s@JO	Click to Generate
S25	20	1			3	The Manor Barn (S25)	Bake N Butty (S25)	The Salvation Army - Rotherham (S25)	1712	1284	oiceI~coGDBfAj@PJKi@GS]sAKi@G]GYGm@Gm@Ci@Ae@@c@@O@UHg@Hc@Rs@NTR\p@~AJPLLXXaBjDMRGHYTJh@\rAFRJh@DVJ|@Ft@BV@N?LPLLLLNf@j@RVDFj@r@j@t@JN^oARm@Sl@_@nAKOk@u@k@s@EGSWu@{@MMQMCNCJk@bAILMTQRSVYZ[d@e@r@a@r@ILOTQRMPKJQNC@@J?NCPIf@IX@]?QAQESZYBAPOJKLQPSNUHM`@s@d@s@JONUX[RWPSLUHMj@cABKBO?MAOCWGu@K}@EWQKgAk@EC	Click to Generate
S25	30	1			3	Masjid Abu Bakr (S25)	Tinsley Meadows Primary School (S25)	Tinsley Sports and Social Club (S25)	2698	2024	cw~dIvkoG\YRp@HZ_Ax@GFq@l@q@r@UVZlBJEHEPQd@c@w@t@IDKD[mBg@j@WZ[f@u@hAm@`AINmAvDELQ`@]h@U\OX]r@EIa@s@e@gA]eA[_AtAmBq@qBM@KDCDOa@??N`@BEJELAp@pBuAlBZ~@\dAd@fA`@r@DH\s@NYT]\i@Pa@DMlAwDHOl@aAt@iAZg@V[f@k@TWp@s@p@m@FG~@y@bC{BRQd@e@X]T]N]Pc@DQFWF_@@Ib@qDLeAPyAX}BBOD_@D]Ju@MAIAG@}A|@OFM???L?NG|A}@FAH@L@Kt@E\E^CNY|BQxAMdAc@pDAHG^GVEPQb@O\U\Y\e@d@SPcCzBI[Sq@]X	Click to Generate
S25	30	1			3	Madani Education Centre (S25)	Cooling Tower in Nature's Fabric (S25)	Hanfia Masjid (S25)	2579	1934	ml_eIpwoGN`@BEJELAp@pBuAlBBHVt@\dAqEjGmBaCtFyHkAgDcCaHYkEQFKeB@Q`AYLMHQDUJk@HMDEK_@Q_C?SDGpAm@vAk@\CT@CvCA^INqDlAC@EDILKj@ETIPMLaAXAB?LJdBoFbBiFvASHIBEBBXN~@Nv@BLFPFPTv@f@bBNr@Tn@\bADJXr@Th@z@nBHRNUjAgBJOnA_B|AuB`ByBjAfDNh@tAmBq@qBM@KDCDOa@	Click to Generate
S25	45	1			3	Tinsley Meadows Primary School (S25)	Tinsley Sports and Social Club (S25)	Madani Education Centre (S25)	4026	3020	oy~dIjioG~@{@Rp@BHHXFVRp@HZ_Ax@GFq@l@q@r@UVg@j@WZ[f@u@hAm@`AINmAvDELQ`@]h@U\OX]r@EIa@s@e@gA]eA[_AtAmBq@qBM@KDCDOa@??N`@BEJELAp@pBuAlBZ~@\dAd@fA`@r@DH\s@NYT]\i@Pa@DMlAwDHOl@aAt@iAZg@V[f@k@TWp@s@p@m@FG~@y@bC{BRQd@e@X]T]N]Pc@DQFWF_@@Ib@qDLeAPyAX}BBOD_@D]Ju@MAIAG@}A|@OFM???L?NG|A}@FAH@L@Kt@E\E^CNY|BQxAMdAc@pDAHG^GVEPQb@O\U\Y\e@d@SPcCzB_Ax@GFq@l@q@r@UVg@j@WZ[f@u@hAm@`AINmAvDELQ`@]h@U\OX]r@EIa@s@e@gAqEjGmBaCtFyHNh@BHVt@\dAd@fA`@r@DH\s@NYT]\i@Pa@DMlAwDHOl@aAt@iAZg@V[f@k@TWG]Kq@G_@Oy@Ie@xAsA	Click to Generate
S25	45	1			3	St Lawrence Church (S25)	Cohens Chemist (S25)	Sheffield Hallam University Sports Park (S25)	3161	2371	am~dItpnGL?NG|A}@FAH@L@Kt@E\E^CNY|BQxAMdAc@pDAHG^GVEPQb@O\U\Y\e@d@SPcCzBI[Sq@GWIYCISq@IQAEEGCEKIOC@_@?SBODMr@}ADGFEHAH?NJLFHBFAFdABHDBB@CAECCIGeAG@ICMGOKI?I@GDEFs@|AEL?BCJ?RA^NBJHBDDF@DHPRp@BHHXFVRp@HZ_Ax@GFq@l@q@r@G]Kq@G_@Oy@Ie@v@u@`ByARp@BHHXFVRp@HZbC{BRQd@e@X]T]N]Pc@DQFWF_@@Ib@qDLeAPyAX}BBOD_@D]Ju@Fy@DeALiEFsANaBHq@R_BX}ARgAD]PkAJgA@K\NXN\RB@Jb@h@rCr@rBDRFRBT@XvA`Dk@qAk@oAAYCUGSESs@sBi@sCKc@CA]SYO]OAJKfAQjAE\SfAY|AS~AIp@O`BGrAMhEEdAGx@MAIAG@}A|@OFM?	Click to Generate
S25	60	1			3	Brutus (S25)	Freddy (S25)	Abbey School (S25)	5607	4205	gpceIfpqG??jCqBFU@ELqD?{ABaAD[FuAAy@KoA_@kBGe@U{A{@uFg@}CUyAEWEOOYDMFU@G@EDSHY@]?QAQESZYBAPOJKLQPSNUHM`@s@d@s@Ze@X[RWPSLUHMj@cABKBOPLLLt@z@RVDFj@r@j@t@JNr@|@h@t@b@j@FH\b@PNRLTHG`@Gf@E`@AV?R@b@BVHZHTDFJNJJ|@h@|@f@NHf@`@b@b@HJVXPXBBLRZh@Vh@P^P`@Nf@Nh@Nh@Ln@Hj@Hl@B\@PB`@@L?R?V?`@Cd@Cb@Gp@CJIj@EVGTERGRUn@S^S^SX_@b@u@x@SVGFIJGNEPAN?R@NBT@F@HJt@F\TbBFZFTFJl@z@PVBJF\Dd@@h@@~A@jAAZAVCZADEj@Ix@OxAKjAKbAKlAOtAE`@E`@G^KXSl@[x@g@xAM^KZQz@I\Qt@W]SUCEg@c@e@e@s@g@wBwAwDcCaD{B_Ai@y@[GCMGkCkAc@WMKCAk@e@MK{CkDoGwHWMoCs@GCwCy@i@KqCYFuA?g@?SLmCDw@N{@Jg@Zm@BC\g@NOPI`@GLCTEj@OPKLQp@iBRs@j@yAhAgCdAaCdAyBhByBhAyAr@gANi@PwAJi@Le@JYHSPUb@_@RQFKJMHULa@NXDNDVTxAf@|Cz@tFTzAFd@^jBJnA@x@GtAEZG`@GTWlBYdAo@bAcAr@g@FgBLa@FINCR?VAl@??@m@p@Av@DXBf@XPBNE	Click to Generate
S25	30	1			3	Muscle Fusion (S25)	Shirefreen News 'n' Booze (S25)	Beck Primary School (S25)	2953	2215	}}ceIx{wGNH@H@NDLHDBSLu@H}@Fg@Bi@B]g@iACEu@u@SW??OWUg@KUIOYm@aAcBh@oB\cATi@Vi@^q@x@_BdAwBR\v@~Ae@Td@Uw@_BS]eAvBy@~A_@p@Wh@Uh@]bAi@nB`AbBXl@HNJTTf@NVRVt@t@BDf@hAC\Ch@Gf@I|@Mt@DH@F@JBf@Hd@H`@DNFNb@l@x@jASfAUxAOrAKfAOjBGdAEtACl@ClAZ@??[A?JCjA?zB@dB@b@?h@Bp@[n@FFFHJB^B|@@`@Gd@K~@W?J?JANG\NvA??OwAF]@O?K?K_AVe@Ja@F}@A_@CKCGIGGQ^Qb@K`@Ib@Kf@Ed@AXCXCACCEECIE]G}@AWEo@UgDOcDCUCIIIHyBJsCDmABi@Bw@LsCBq@Bq@JsAJmAL}@Lu@Hm@DWd@iCIEEMAOAIOI	Click to Generate
S25	60	1			3	AllSaints (S25)	Jump Inc (S25)	SYPTE (S25)	5179	3884	gm_eIpgrGCj@p@fBT]T[T]T[V]T]CGQc@Qc@Qe@Qe@Qc@Qc@Qg@BUpBwCBK@A@O@MCYKOIOKMOSOOMM_@YGCMGQIGAYCWEWAO?G@E@c@FMDQHEBGBMHSNSNWTEDa@ZUR]b@Q^Wf@Qf@Of@EXGVKt@AJ@N@LDJ?@HLnBRFBBD@D?D?D?B?RAFE@QAwAOCBAF?F?DBFR@ZDZBZDP@B@@B@JMzEAZt@pB??SZ}@_C@m@NkF[E[C[ESACG?E?G@GBCvANFCBE?I?GACCCC?eBSKAGCGKIMGQAW@O@OHi@F]?E@EDQLi@DMLYJU@EHORc@PWRULMHKNMNO^YROZQFELGTGREVGDAFAH?P?`@@P@D@VDXFHDJF\TLJLNLPNPVd@NZNZVh@f@nAJRJL@BDBDFNHNDF@DBHEH?D?JEHGJINUBU?G?KEc@?IA]CGe@oAINMN}@cC\~@^bALOHOd@nABFNRJJBDB@B@F@D?JCr@aA`@g@DKPQ@IDQDKFIFGDAFAD?D@HBFFFHDLBJBJ?L?L?LCJCJEJEHGFEBGBI?GAOB_@J_@NUNURY\GJIHABSXGRITEJAHBZ@VCLCNEJGHGHGBIBIAGAIEEEEGCGEIAICKAYM_@So@EKcAyBQ_@GMSg@KOIOKMOSOOMM_@YGCMGQIGAYCWEWAO?G@E@c@FMDQHEBGBMHSNSNWTEDa@ZUR]b@Q^Wf@Qf@Of@EXGVKt@AJG~@C`A?JAvG?LAt@@P?J?^ATABEVo@~@GJKRILKNEPADEJBHFDXd@V`@FJ?\@P?X\l@HLNVNXXm@^y@gAsBuAkAGEUQk@g@GEOKO[EGCICICGA[?S?I@I@KDSXUDEVOlAi@T[@ABMDU@{@?uC@c@@g@@SBg@@O@OHi@F]?E@EDQLi@DMLYJU@EHORc@PWRULMHKNMNO^YROZQFELGTGREVGDAFAH?P?`@@P@D@VDXFHDJF\TLJLNLPNPVd@NZNZENCLGFKPEFSZ}A|BK@a@M?h@Ap@EbAC|@CbA?R	Click to Generate
S25	20	1			3	St Thomas Church Wincobank (S25)	Wincobank Post Office (S25)	Eastwoods (S25)	1593	1195	gdaeI|`tGzBDDHZvCdAdBFJLN`@l@d@j@VV^^^\^`@VVPLIk@w@oHSgBOkA_@eDO{AOuAPIDA~@]LEd@lEf@nElAtKv@dH?JADCDCDcA`@AEGOGUWuAKo@OoAQMWW_@a@_@]_@_@WWe@k@a@m@MOGKeAeB[wCEI{BE	Click to Generate
S25	20	1			3	St Thomas Church Wincobank (S25)	Wincobank Fish Bar (S25)	Eastwoods (S25)	1673	1255	wy`eIlvsGDA~@]LEd@lEf@nEcBt@OkA_@eDO{AOuAm@V}@ZwB`A]HI@OAU?a@?YDQHYTRdAXvAl@@zBDDHZvCdAdBFJLN`@l@d@j@VV^^^\^`@VVPLNnAJn@VtAFTFN@DbAa@BEBE@E?Kw@eHeBv@w@oHSgBo@qFO{AOuAPI	Click to Generate
S25	20	1			3	Zena (S25)	St Thomas (S25)	Winterhill School (S25)	1592	1194	aoceIruoGKg@KS]_@EACDK^CLGVHFDHDLd@lBDLC@@J?NCPIf@IXIXERADAFGTELNXEJMd@Kj@??Jk@Le@DKOYDMFU@G@EDSHY@]?QAQESZYBAPOJKLQPSNUHM`@s@d@s@Ze@X[RWPSLU}@wCGQNKV[EDQTOJFP|@vCMTQRSVYZ[d@e@r@a@r@ILOTQRMPKJQNC@@J?NCPIf@IXIXERADAFGTELNXDNDVTxAf@|CDCHEBCBA`@WPK??QJa@VC@CBIDEBg@}CUyAEWEOOYDMFU@G@EDSHY@]?QAQESZYBAEMe@mBEMEIIGFWBMJ_@BED@\^JRJf@	Click to Generate
S25	10	1			3	Zena (S25)	The Colin (S25)	The Salvation Army - Rotherham (S25)	982	736	mlceIthpGQJa@VC@CBIDEBg@}CUyAEWEOEJMd@Kj@??Jk@Le@DKOYDMGGEEAK?QDIHE??H?FBHY@]?QAQESZYBAPOJKLQPSNUHM`@s@d@s@Ze@X[HVLZDHb@j@c@k@EIM[IWYZOTKNe@r@a@r@ILOTQRMPKJQNC@@J?NCPIf@IXIXERADAFGTELNXDNDVTxAf@|CDCHEBCBA`@WPK	Click to Generate
S25	30	1			3	Hancock Cars (S25)	Shirefreen News 'n' Booze (S25)	Beck Primary School (S25)	2103	1577	i_deIppwGDHRVt@t@BDf@hAC\Ch@Gf@I|@Mt@CRIEEMAOAIMGGEOAI@EF_@xB^yBDGHAN@TL@H@NDLHDe@hCHCNEJAH?L?D?FCDNFNb@l@x@jASfAUxAOrAKfAOjBGdAEtACl@ClAZ@??[A?JCjA?zB@dB@b@?h@Bp@[n@FFFHJB^B|@@`@Gd@K~@W?J?JANG\NvA??OwAF]@O?K?K_AVe@Ja@F}@A_@CKCGIGGZo@Cq@?i@Ac@AeB?{BBkA?KBmABm@DuAFeANkBJgANsATyARgAy@kAc@m@GOEOIa@Ie@Cg@AKAGEILu@H}@Fg@Bi@B]g@iACEu@u@SWEI	Click to Generate
S25	60	1			3	Blackburn Minimarket (S25)	Blackburn Primary School (S25)	Shiregreen Medical Centre (S25)	8581	6436	kybeIzwuGjDcHtAiCvDcGxA{AxAeAhCwAbBy@nAo@pA_ArBoB~@iAh@cAnB}DxAoCd@y@rAuBLOX[Qw@UaAI]K[GOOa@GOKQGSCi@Ei@EYGUEMY\i@d@QLSJg@^eAf@aDzAuCpAqClAeAd@}BfAa@TCBi@^Om@w@oCOg@s@{B[cAYw@Yu@m@kAOWi@{@CCQUQUW]SUCE[bBAJKv@Kz@E~@Al@Aj@?l@Ar@?FCf@Cd@C`@Gr@Gj@Ih@Gb@En@Cn@?n@?NC~@AHARGVSb@IMOSEMAQJk@BUO`A@PDLNRHLRc@FW|@l@DMDSN_@j@eA??k@dAO^EREL}@m@@S@IB_A?O?o@Bo@Do@Fc@Hi@Fk@Fs@Ba@Be@Bg@?G@s@?m@@k@@m@D_AJ{@Jw@@KZcBBDRTV\PTPTBBh@z@NVl@jAXt@Xv@ZbAr@zBNf@v@nCNl@yC~BML}@jBaBvD{ApDy@jB}AbDmBlEa@bA}AzDoBnEUh@kCbGc@`AkBlEaBpDqAzC_BpD{AfDeAvBy@~A_@p@Wh@Uh@]bAi@nB`AbBXl@HNJTTf@NVRVt@t@BDf@hAC\Ch@Gf@I|@Mt@DH@F@JBf@Hd@H`@DNFNb@l@x@jAT^R^RVRNPHRHPBT?d@Cl@IpA_@@?bBi@XKXK`@ONGx@Ul@M\GLAd@E`@@XFPHvAn@rAp@h@VPHPLNLJJBm@@s@DsAFeA?IBo@VL@?zBfArFpCs@dGCV}A{@IECAaAi@kB_A]QQGMCQCKKOMQMQIi@WsAq@wAo@QIYGa@Ae@DM@]Fm@Ly@TOFa@NYJYJcBh@A?qA^m@He@BU?QCSIQISOSWS_@U_@y@kAc@m@GOEOIa@Ie@Cg@AKAGEILu@H}@Fg@Bi@B]@KDa@B_@Fc@@MLi@H_@Vw@^{@l@oAt@mAt@gA`CyC~@qAn@_Ar@iAjAwBj@uAbAcDx@kCr@kBz@gBhCeGj@kA	Click to Generate
S25	60	1			3	Freddy (S25)	Suzy (S25)	Two Dinners Ignatiu (S25)	4847	3635	mkceIp}rGKy@Mg@I]C]@g@GCMGkCkAc@WMKCAk@e@MKyAcBaAgAoGwHWMoCs@GCwCy@i@KqCYFuA?g@?SLmCDw@N{@Jg@Zm@BC\g@NOPI`@GLCTEj@OPKLQp@iBRs@j@yAhAgCdAaCdAyBhByBhAyAr@gANi@PwAJi@Le@JYHSPUb@_@RQFKJMHULa@NXDNDVTxAf@|Cz@tFTzAFd@^jBJnA@x@GtAEZC`A?zAMpDIZkCpB??ODQCg@YYCw@Eq@@?WBSHO`@GfBMf@GbAs@n@cAXeAVmBFUFa@D[FuAAy@KoA_@kBGe@U{A{@uFg@}CUyAEWEOOYM`@ITKLGJSPc@^QTIRKXMd@Kh@QvAOh@s@fAiAxAiBxBeAxBeA`CiAfCk@xASr@q@hBMPQJk@NUDMBa@FQHON]f@CB[l@Kf@Oz@Ev@MlC?R?f@GtApCXh@JvCx@FBnCr@VLnGvHzCjDLJj@d@PLb@VjCjALFFBAf@B\H\Lf@Jx@	Click to Generate
S25	45	1			3	American Golf (S25)	Madani Education Centre (S25)	Air Haus (S25)	4186	3140	uo_eIpxpGoAmB?EHs@VENBd@Fh@NN@VCDA\OVe@Ra@d@k@ZWNE^CP@R@ZR\ZVl@Jh@Ff@@H@fAAVC^@dAFl@Jh@Vd@X\CVK\EJIDG@[Hk@Xk@ZEY`@UQJOHDXj@[j@YZIFAHEDKJ]_@_@S]OYKISGSAU@_@b@WPWJ[BG?QEQGa@[SUOa@Mg@Go@Cg@Mi@KYKSYUi@Mc@GMKMMUIOIWSIISYKMa@k@Ye@a@y@EGa@{@m@mANUjAgBJOnA_B|AuB`ByBjAfDNh@BHVt@\dAd@fA`@r@DHI`@E\CV?V@H@RFRLZBFV\P@R@ZR\ZVl@Jh@Ff@@H@fAAVC^Ot@Un@c@h@_@b@Oh@EPCPAT?TBd@Lh@R^NTHFz@v@XXl@l@d@f@f@d@`@d@JLPPJLf@j@`@d@FFT\HBFFFHDLBJBJ?L?L?LCJCJEJEHGFEBGBI?GAOB_@J_@NUNURY\GJIHABSXGRITEJAHBZ@VCLCNEJGHGHGBIBIAGAIEEEEGCGEIAICKAY@O@QBMFMDKHGHEH?D?JEHGJINUBU?G?KEc@?IA]CGe@oAo@{AMYGKIGK?K@KJyAyD~@`CXv@JKJAJ?HFFJLXn@zAd@nABFNRJJBDB@B@F@D?JCr@aA`@g@DKPQ@IM}@GYM[GKQWQSUWaB_Bg@g@oAkA]]KMk@y@MSM]K]I[G[EMUk@a@[SUOa@Mg@Go@Cg@Mi@KYKSYUi@Mc@GMKMMIr@?DnAlB	Click to Generate
S25	15	1			3	The Colin (S25)	Winterhill School (S25)	The Salvation Army - Rotherham (S25)	1060	795	crceIfdpGJk@Le@DKOYDMGGEEAK?QDIHE??H?FBERADAFGTELNXDNDVTxAf@|CDCHEBCBA`@WPK??QJa@VC@CBIDEBg@}CUyAEWEOOYDMFU@G@EDSHY@]?QAQESZYBAPOJKLQPSNUHM`@s@d@s@Ze@X[HVLZDHb@j@c@k@EIM[IWYZOTKNe@r@a@r@ILOTQRMPKJQNC@@J?NCPIf@IXIXERADAFGTELNXEJMd@Kj@	Click to Generate
S25	45	1			3	Two Dinners Ignatiu (S25)	Stan (S25)	Brutus (S25)	3133	2350	wvceItpqG@m@p@Av@DXBf@XPBNE??jCqBH[LqD?{ABaAD[FuAAy@KoA_@kBGe@U{A{@uFg@}CUyAEWEOOYM`@ITKLGJSPc@^QTIRKXMd@Kh@QvAOh@s@fAiAxAiBxBeAxBeA`CiAfCk@xASr@q@hBMP??QJk@NUDMBa@FQHKi@GSMKOGiCc@KOCM?WFW~@qBRVpH~ARHRs@j@yAhAgCdAaCdAyBhByBhAyAr@gANi@PwAJi@Le@JYHSPUb@_@RQFKJMHULa@NXDNDVTxAf@|Cz@tFTzAFd@^jBJnA@x@GtAEZC`A?zAMpDADGTkCpBODQCg@YYCw@Eq@@Al@	Click to Generate
S25	45	1			3	Shirefreen News 'n' Booze (S25)	Beck Primary School (S25)	Shiregreen Medical Centre (S25)	3382	2536	{}ceIjvwG`@sABGf@hAC\Ch@Gf@I|@Mt@DH@F@JBf@Hd@H`@DNFNb@l@x@jASfAUxAOrAKfAOjBGdAEtACl@ClAZ@??[A?JCjA?zB@dB@b@?h@Bp@[n@FFFHJB^B|@@`@Gd@K~@W?J?JANG\NvA??OwAF]@O?K?K^MvA_@Cg@E_AAw@Ac@@e@?W?WFCAe@?G?YAS?M@g@?SBi@D}ABe@Bi@Hk@N{@R}@Tu@Vi@JSd@y@P[HU@QAQXKXK`@ONGx@Ul@M\GLAd@E`@@XFPHvAn@rAp@h@VPHPLNLJJBm@@s@DsAFeA?IBo@VL@?zBfArFpCs@dGCV}A{@IECAaAi@kB_A]QQGMCQCKKOMQMQIi@WsAq@wAo@QIYGa@Ae@DM@]Fm@Ly@TOFa@NYJYJcBh@A?qA^m@He@BU?QCSIQISOSWS_@U_@y@kAc@m@GOEOIa@Ie@Cg@AKAGEILu@H}@Fg@Bi@B]g@iACFa@rA	Click to Generate
S25	60	1			3	American Golf (S25)	Sainsbury's (S25)	M&C Tailoring (S25)	4846	3634	oe_eIxoqGXv@JKJAJ?HFFJLXn@zAd@nABFNRJJBDB@B@F@D?JCr@aA`@g@DKPQ@IM}@GYM[GKQWQSUWaB_Bg@g@oAkA]]KMk@y@MSM]K]I[G[EMUk@a@[SUOa@Mg@Go@Cg@?_@@]@UBQDSJa@Ve@Ra@d@k@ZWNE^CP@R@ZR\ZVl@Jh@Ff@@H@fAAVC^@dAFl@Jh@Vd@X\CVK\EJIDG@[Hk@Xk@ZEY`@UQJOHDXj@[j@YZIFAHEDKJ]_@_@S]OYKISGSAU@_@b@Oh@EPCPAT?TBd@Lh@R^NTHFz@v@XXl@l@d@f@f@d@`@d@JLPPJLf@j@`@d@FFT\HBFFFHDLBJBJ?L?L?LCJCJEJEHGFEBGBI?GAOB_@J_@NUNURY\GJIHABSXGRITEJAHBZ@VCLCNEJGHGHGBIBIAGAIEEEEGCGEIAICKAY@O@QBMFMDKHGHEH?D?JEHGJINUBU?G?KEc@?IA]CGl@{@Rb@??@An@eA@O?K?EEMaArAm@z@BFNRJJBDB@B@F@D?JCr@aA`@g@DKPQ@IM}@GYM[GKQWQSUWaB_Bg@g@oAkA]]KMk@y@MSM]K]I[G[EMUk@a@[SUOa@Mg@Go@Cg@Mi@KYKSYUi@Mc@GMKMMIr@?DvBdDAAuBcD?EHs@VENBd@Fh@NN@VCDA\OVe@Ra@d@k@ZWNE^CP@R@ZR\ZVl@Jh@Ff@@H@fAAVC^Ot@Un@c@h@_@b@Oh@EPCPAT?TBd@Lh@R^NTHFz@v@XXl@l@d@f@f@d@`@d@JLPPJLf@j@`@d@FFT\HBFFFHDLBJBJ?L?L?LCJCJEJEHGFEBGBI?GAOB_@J_@NUNURY\GJIHABSXGRITEJAHBZ@VCLCNEJGHGHGBIBIAGAIEEEEGCGEIAICKAY@O@QBMFMDKHGHEH?D?JEHGJINUBU?G?KEc@?IA]CGe@oAo@{AMYGKIGK?K@KJYw@	Click to Generate
S25	60	1			3	White Stuff (S25)	SYPTE (S25)	Jump Inc (S25)	5179	3884	_u_eIlqrG??SZ}@_C@m@NkF[E[C[ESACG?E?G@GBCvANFCBE?I?GACCCC?eBSKAGCGKIMGQAW@O@OHi@F]?E@EDQLi@DMLYJU@EHORc@PWRULMHKNMNO^YROZQFELGTGREVGDAFAH?P?`@@P@D@VDXFHDJF\TLJLNLPNPVd@NZNZENCLGFKPEFSZ}A|BK@a@M?h@Ap@EbAC|@CbA?RCj@p@fBT]T[T]T[V]T]CGQc@Qc@Qe@Qe@Qc@Qc@Qg@BUpBwCBK@A@O@MCYKOIOKMOSOOMM_@YGCMGQIGAYCWEWAO?G@E@c@FMDQHEBGBMHSNSNWTEDa@ZUR]b@Q^Wf@Qf@Of@EXGVKt@AJG~@C`A?JAvG?LAt@@P?J?^ATABEVo@~@GJKRILKNEPADEJBHFDXd@V`@FJ?\@P?X\l@HLNVNXXm@^y@gAsBuAkAGEUQk@g@GEOKO[EGCICICGA[?S?I@I@KDSXUDEVOlAi@T[@ABMDU@{@?uC@c@@g@@SBg@@O@OHi@F]?E@EDQLi@DMLYJU@EHORc@PWRULMHKNMNO^YROZQFELGTGREVGDAFAH?P?`@@P@D@VDXFHDJF\TLJLNLPNPVd@NZNZVh@f@nAJRJL@BDBDFNHNDF@DBHEH?D?JEHGJINUBU?G?KEc@?IA]CGe@oAINMN}@cC\~@^bALOHOd@nABFNRJJBDB@B@F@D?JCr@aA`@g@DKPQ@IDQDKFIFGDAFAD?D@HBFFFHDLBJBJ?L?L?LCJCJEJEHGFEBGBI?GAOB_@J_@NUNURY\GJIHABSXGRITEJAHBZ@VCLCNEJGHGHGBIBIAGAIEEEEGCGEIAICKAYM_@So@EKcAyBQ_@GMSg@KOIOKMOSOOMM_@YGCMGQIGAYCWEWAO?G@E@c@FMDQHEBGBMHSNSNWTEDa@ZUR]b@Q^Wf@Qf@Of@EXGVKt@AJ@N@LDJ?@HLnBRFBBD@D?D?D?B?RAFE@QAwAOCBAF?F?DBFR@ZDZBZDP@B@@B@JMzEAZt@pB	Click to Generate
S25	60	1			3	Air Haus (S25)	M&C Tailoring (S25)	Sainsbury's (S25)	4937	3703	yd_eIzbqGOHDXj@[j@YZIFAHEDKJ]_@_@S]OYKISGSAU@_@b@Oh@EPCPAT?TBd@Lh@R^NTHFz@v@XXl@l@d@f@f@d@`@d@JLPPJLf@j@`@d@FFT\HBFFFHDLBJBJ?L?L?LCJCJEJEHGFEBGBI?GAOB_@J_@NUNURY\GJIHABSXGRITEJAHBZ@VCLCNEJGHGHGBIBIAGAIEEEEGCGEIAICKAY@O@QBMFMDKHGHEH?D?JEHGJINUBU?G?KEc@?IA]CGe@oAo@{AMYGKIGK?K@KJyAyD~@`CXv@JKJAJ?HFFJLXn@zAd@nABFNRJJBDB@B@F@D?JCr@aA`@g@DKPQ@IM}@GYM[GKQWQSUWaB_Bg@g@oAkA]]KMk@y@MSM]K]I[G[EMUk@a@[SUOa@Mg@Go@Cg@Mi@KYKSYUi@Mc@GMKMMIr@?DvBdDAAuBcD?EHs@VENBd@Fh@NN@VCDA\OVe@Ra@d@k@ZWNE^CP@R@ZR\ZVl@Jh@Ff@@H@fAAVC^Ot@Un@c@h@_@b@Oh@EPCPAT?TBd@Lh@R^NTHFz@v@XXl@l@d@f@f@d@`@d@JLPPJLf@j@`@d@FFT\HBFFFHDLBJBJ?L?L?LCJCJEJEHGFEBGBI?GAOB_@J_@NUNURY\GJIHABSXGRITEJAHBZ@VCLCNEJGHGHGBIBIAGAIEEEEGCGEIAICKAY@O@QBMFMDKHGHEH?D?JEHGJINUBU?G?KEc@?IA]CGl@{@Rb@??@An@eA@O?K?EEMaArAm@z@BFNRJJBDB@B@F@D?JCr@aA`@g@DKPQ@IM}@GYM[GKQWQSUWaB_Bg@g@oAkA]]KMk@y@MSM]K]I[G[EMUk@a@[SUOa@Mg@Go@Cg@?_@@]@UBQDSJa@Ve@Ra@d@k@ZWNE^CP@R@ZR\ZVl@Jh@Ff@@H@fAAVC^@dAFl@Jh@Vd@X\CVK\EJIDG@[Hk@Xk@ZEYNI	Click to Generate
S25	15	1			3	St Thomas (S25)	The Salvation Army - Rotherham (S25)	Meadow View Primary School (S25)	1142	856	adceIhmoGMOMMQMCNCJk@bAIL}@wCGQNKV[EDQTOJFP|@vCMTQRSVYZ[d@e@r@a@r@ILOTQRMPKJQNC@@J?NCPIf@IX@]?QAQESZYBAPOJKLQPSNUHM`@s@d@s@JONUX[RWPSLUHMj@cABKBOPLLLt@z@RVDFj@r@j@t@JN^oARm@??Sl@_@nAKOk@u@k@s@EGSWg@k@	Click to Generate
S25	45	1			3	The Cruise Holiday Shop (S25)	Mint Nail (S25)	Jump Inc (S25)	3326	2494	gm_eIrgrGCh@p@fB??T]T[T]T[V]T]CGQc@Qc@Qe@Qe@Qc@Qc@Qg@BUpBwCBK@A@O@MCYKOIOKMOSOOMM_@YGCMGQIGAYCWEWAO?G@E@c@FMDQHEBGBMHSNSNWTEDa@ZUR]b@Q^Wf@Qf@Of@EXGVKt@AJ@N@LDJ?@HLnBRFBBD@D?D?D?B?RAFE@QAwAOCBAF?F?DBFR@ZDZBZDP@B@@B@JMzEAZt@pB??SZ}@_C@m@NkF[E[C[ESACG?E?G@GBCvANFCBE?I?GACCCC?eBSKAGCGKIMGQAW@O@OHi@F]?E@EDQLi@DMLYJU@EHORc@PWRULMHKNMNO^YROZQFELGTGREVGDAFAH?P?`@@P@D@VDXFHDJF\TLJLNLPNPVd@NZNZVh@f@nAJRJL@BDBDFNHNDF@DBHEH?D?JEHGJINUBU?G?KEc@?IA]CGe@oAINMN}@cC\~@^bALOHOd@nABFNRJJBDB@B@F@D?JCr@aA`@g@DKPQ@IDQDKFIFGDAFAD?D@HBFFFHDLBJBJ?L?L?LCJCJEJEHGFEBGBI?GAOB_@J_@NUNURY\GJIHABSXGRITEJAHBZ@VCLCNEJGHGHGBIBIAGAIEEEEGCGEIAICKAYM_@So@EKcAyBQ_@GFKPEFSZ}A|BK@a@M?h@Ap@EbAC|@CbA?T	Click to Generate
S25	45	1			3	Shirefreen News 'n' Booze (S25)	Hartley Brook Road Post Office (S25)	Volksgear (S25)	3970	2978	ctceI~oyGOwAF]@O?K?K_AVe@Ja@F}@A_@CKCGIGGZo@Cq@?i@Ac@AeB?{BBkA?KZ@??[A?JCjA?zB@dB@b@?h@Bp@[n@Q^Qb@K`@Ib@Kf@Ed@AXCXAl@@n@@d@D`@F^DRLh@Rj@Rj@Th@RZDF\f@Z\`@\b@NZL`AR`AFn@@rBA^AT?bAAXAT?d@@r@Fv@Jv@Pr@Pp@TT}ADW@EBADAbAj@@OTwBZmDLuAHw@H}@Fg@LaBHeADs@Ba@Be@?m@?M?oCAcA?W?yB?S?s@?gC?aD@iD?S?u@C[KKOMQMQIi@WsAq@wAo@QIYGa@Ae@DM@]Fm@Ly@TOFa@NYJYJcBh@A?qA^m@He@BU?QCSIQISOSWS_@U_@y@kAc@m@GOEOIa@Ie@Cg@AKAGEICRIEEMAOAIOIECOAI@EF_@xB^yBDGHAN@TL@H@NDLHDe@hCEVIl@Mt@M|@KlAKrACp@Cp@MrCCv@Ch@ElAKrCIxBHHBHBTNbDTfDDn@@VF|@D\BHDDBBB@BY@YDe@Jg@Hc@Ja@Pc@P_@FFFHJB^B|@@`@Gd@K~@W?J?JANG\NvA	Click to Generate
S25	45	1			3	Beck Primary School (S25)	Shiregreen Medical Centre (S25)	Shirefreen News 'n' Booze (S25)	4141	3106	i|beIrgzG??KJGNEPOGOIq@Us@Qw@Qw@Ks@Ge@ACSGQKSe@cA]{@_@cAWy@Qq@Me@SaAUkAQmAEYMiAKcAGaAEu@wA^_@L?J?JANG\NvA??OwAF]@O?K?K^MvA_@Cg@E_AAw@Ac@@e@?W?WFCAe@?G?YAS?M@g@?SBi@D}ABe@Bi@Hk@N{@R}@Tu@Vi@JSd@y@P[HU@QAQXKXK`@ONGx@Ul@M\GLAd@E`@@XFPHvAn@rAp@h@VPHPLNLJJBm@@s@DsAFeA?IBo@VL@?zBfArFpCs@dGCV}A{@IECAaAi@kB_A]QQGMCQCKKOMQMQIi@WsAq@wAo@QIYGa@Ae@DM@]Fm@Ly@TOFa@NYJYJcBh@A?qA^m@He@BU?QCSIQISOSWS_@U_@SfAUxAOrAKfAOjBGdAEtACl@ClAZ@??[A?JCjA?zB@dB@b@?h@Bp@[n@Q^Qb@K`@Ib@Kf@Ed@AXCXAl@@n@@d@D`@F^DRLh@Rj@Rj@Th@RZDF\f@Z\`@\b@NZL`AR`AFn@@rBA^AT?bAAXAT?d@@r@Fv@Jv@Pr@Pp@TNHNFDQFOJK??	Click to Generate
S25	60	1			3	Sci-Tek Snack Shack (S25)	Kelford School (S25)	South Street Convenience Store (S25)	12335	9251	}paeIxxlGWFSDWJMZUHQ?[@_@AMCkAa@m@MCOAOAe@OsGAYCSOs@EKEGGCEAQHOL]d@KLKDIBC?SBGHIl@C^EVeAjBMRu@pA[j@U`@aA~AYd@u@nAQX_@h@k@h@MLOPILWe@ESCO?CA]?QBcE?Y@yA@wB?W@[?G?_A@eBBkB?K?c@B}B@qA?yA@wABiA?S@kA@g@?EAq@AoAC{@GoA?]Ba@Jy@f@sELcAv@eHRiBDg@?}@?g@?wA?O?_BAaACo@Ce@E_@Iy@Gg@E]EWEm@CUAa@EmAGm@AQAo@?S?k@?g@NBr@DbADL@xAJnB?pBBd@AtAWdI}CtAi@PQHOBQBOHOHKJGLCJ@JDJJHLDRDR@VF^N|@VdAFVPx@b@~@Xr@RRJHVNH@DBHPBNAT?@?V@RJn@Nl@Nr@B\FPDRb@|AJr@b@nCZpBBTr@zE^dCf@|CP~@Pl@Vv@Xp@\h@^d@TVjAdAp@h@XHD@TFHAD?JFDFDR@N?JETILGDE@EAKHC@KLEDIRoApBcAzAuAjB\xAR~@@~@A`B@z@Dp@Jr@Lp@X|@Lb@DLVpARdALhAHfADbA@t@@V?`ACt@MfA?HAn@BfA@z@RvL@|@ZxQ[yQ?EAw@SwLA{@CgA@o@?ILgABu@?aAAWAu@EcAIgAMiASeAWqAEMMc@Y}@Mq@Ks@Eq@A{@@aBA_AS_A]yAtAkBbA{AnAqBHS@KBU?C@]AOK_@ACQc@q@i@kAeAUW_@e@]i@Yq@Ww@Qm@Q_Ag@}C_@eCs@{ECU[qBc@oCKs@c@}AESGQIUK[IUYcAKSU[CCGMCOCk@GWMg@Ys@c@_A[i@]m@UUw@g@KCIEc@S]Ea@?e@LeIdDeBd@uAV_@BK@qAF}AAaBKWJMJIJEFCFGPKd@?FDlA@`@BTDl@DVD\Ff@Hx@D^Bd@Bn@@`A?~A?N?vA?f@?|@Ef@ShBw@dHMbAg@rEKx@C`@?\FnABz@@nA@p@?DAf@AjA?RChAAvA?xAApAC|B?b@?JCjBAdB?~@?FAZ?VAvBAxA?XCbE?P@\?BBNDRVd@MZQp@b@b@bA`A\^j@x@FHnA`C`@t@l@nAf@vAN`@Pf@HTXx@`@nAZ~@BLPj@^|A?DHl@BNDVFp@HtAFtADtAFxBB`@eAHECqByBGNEDIBGAEIEHK\_@vAAH?JDVDNB@@B@D?@@BAD?DCBA@C@CACCAC?EAE@E@CBC@AB?EOEW?K@I^wAJ]DIAI?KFWGI[]]_@s@w@k@k@uB|Mg@|C?T?D@HDHlE|Cx@l@B@b@\PLxAdAJJJPb@z@h@jAdBnD^v@FLXl@FFH@F?FCFCE[Kw@Ea@SyAk@mEOmAOeASeBCUKeAIsAAQAUCWAm@Cc@Ak@GqBCa@GyBEuAGuAIuAGq@EWCOIm@?E_@}AQk@CM[_Aa@oAYy@IUQg@Oa@g@wAm@oAa@u@oAaCGIk@y@]_@cAaAc@c@Pq@L[HMNQLMj@i@^i@PYt@oAXe@`A_BTa@Zk@t@qALSdAkBDWB_@Hm@FIRCB?HCJEJM\e@NMPID@FBDFDJNr@BR@XNrG@d@@NBNl@LjA`@LB^@ZAP?TIL[VKREVG	Click to Generate
S25	30	1			3	Blackburn Primary School (S25)	Blackburn Youth Club (S25)	Csk Motors (S25)	2427	1820	y{beIlftGKj@@PDLNRHLRc@FW|@l@DMDSN_@j@eA??k@dAO^EREL}@m@@S@IB_A?O?o@Bo@Do@Fc@Hi@Fk@Fs@Ba@Be@Bg@XAJ???K?Y@?G@s@?m@@k@@m@D_AJ{@Jw@@KZcBBDRTV\PTPTBBh@z@NVl@jAXt@Xv@ZbAr@zBNf@v@nCNl@h@_@BC`@U|BgAdAe@pCmAKQYMw@_@ECGIFHDBv@^XLJP}BbASHeAd@}BfAa@TCBi@^Om@w@oCOg@s@{B[cAYw@Yu@m@kAOWi@{@CCQUQUW]SUCE[bBAJKv@Kz@E~@Al@Aj@?l@Ar@?FCf@Cd@C`@Gr@Gj@Ih@Gb@En@Cn@?n@?NC~@AHARGVSb@IMOSEMAQJk@	Click to Generate
S25	30	1			3	Blackburn Youth Club (S25)	Blackburn Minimarket (S25)	Csk Motors (S25)	2810	2108	avbeIdetGk@dAO^EREL}@m@@S@IB_A?O?o@Bo@Do@Fc@Hi@Fk@Fs@Ba@Be@Bg@XAJ???K?Y@Cf@Cd@C`@Gr@Gj@Ih@Gb@En@Cn@?n@?NC~@AHARGVSb@IMOSEMAQJk@BUO`A@PDLNRHLRc@FW@S@IB_A?O?o@Bo@Do@Fc@Hi@Fk@Fs@Ba@Be@Bg@?G@s@?m@@k@@m@D_AJ{@Jw@@KZcBBDRTV\PTPTBBh@z@NVl@jAXt@Xv@ZbAr@zBNf@v@nCNl@h@_@BC`@U|BgAdAe@pCmAKQYMw@_@ECGIFHDBv@^XLJP}BbASHeAd@}BfAa@TCBi@^Om@w@oCOg@s@{B[cAYw@Yu@m@kAOWi@{@CCQUQUW]SUCE[bBAJKv@Kz@E~@Al@Aj@?l@Ar@?FCf@Cd@C`@Gr@Gj@Ih@Gb@En@Cn@?n@?NC~@AHAR|@l@DMDSN_@j@eA	Click to Generate
S25	30	1			3	Blackburn Primary School (S25)	Blackburn Minimarket (S25)	Csk Motors (S25)	2441	1831	awbeI`wsGK?Y@Cf@Cd@C`@Gr@Gj@Ih@Gb@En@Cn@?n@?NC~@AHAR|@l@DMDSN_@j@eA??k@dAO^EREL}@m@GVSb@IMOSEMAQJk@BUO`A@PDLNRHLRc@FW@S@IB_A?O?o@Bo@Do@Fc@Hi@Fk@Fs@Ba@Be@Bg@?G@s@?m@@k@@m@D_AJ{@Jw@@KZcBBDRTV\PTPTBBh@z@NVl@jAXt@Xv@ZbAr@zBNf@v@nCNl@h@_@BC`@U|BgAdAe@pCmAKQYMw@_@ECGIFHDBv@^XLJP}BbASHeAd@}BfAa@TCBi@^Om@w@oCOg@s@{B[cAYw@Yu@m@kAOWi@{@CCQUQUW]SUCE[bBAJKv@Kz@E~@Al@Aj@?l@Ar@?FXAJ?	Click to Generate
S25	60	1			3	Two Dinners Ignatiu (S25)	Abbey School (S25)	Freddy (S25)	5607	4205	skceI~kqGGTkCpB??ODQCg@YYCw@Eq@@Al@??@m@?WBSHO`@GfBMf@GbAs@n@cAXeAVmBFUFa@D[FuAAy@KoA_@kBGe@U{A{@uFg@}CUyAEWEOOYDMFU@G@EDSHY@]?QAQESZYBAPOJKLQPSNUHM`@s@d@s@Ze@X[RWPSLUHMj@cABKBOPLLLt@z@RVDFj@r@j@t@JNr@|@h@t@b@j@FH\b@PNRLTHG`@Gf@E`@AV?R@b@BVHZHTDFJNJJ|@h@|@f@NHf@`@b@b@HJVXPXBBLRZh@Vh@P^P`@Nf@Nh@Nh@Ln@Hj@Hl@B\@PB`@@L?R?V?`@Cd@Cb@Gp@CJIj@EVGTERGRUn@S^S^SX_@b@u@x@SVGFIJGNEPAN?R@NBT@F@HJt@F\TbBFZFTFJl@z@PVBJF\Dd@@h@@~A@jAAZAVCZADEj@Ix@OxAKjAKbAKlAOtAE`@E`@G^KXSl@[x@g@xAM^KZQz@I\Qt@W]SUCEg@c@e@e@s@g@wBwAwDcCaD{B_Ai@y@[GCMGkCkAc@WMKCAk@e@MK{CkDoGwHWMoCs@GCwCy@i@KqCYFuA?g@?SLmCDw@N{@Jg@Zm@BC\g@NOPI`@GLCTEj@OPKLQp@iBRs@j@yAhAgCdAaCdAyBhByBhAyAr@gANi@PwAJi@Le@JYHSPUb@_@RQFKJMHULa@NXDNDVTxAf@|Cz@tFTzAFd@^jBJnA@x@GtAEZC`A?zAMpDAD	Click to Generate
S25	45	1			3	AllSaints (S25)	SYPTE (S25)	Jump Inc (S25)	3597	2698	ev_eInfrGMnEAZt@pB??SZ}@_C@m@NkF[E[C[ESACG?E?G@GBCvANFCBE?I?GACCCC?eBSIDA@EDGNEP?JAvG?LAt@@P?J?^ATABEVo@~@GJKRILKNEPADEJBHFDXd@V`@FJ?\@P?X\l@HLNVNXXm@^y@gAsBuAkAGEUQk@g@GEOKO[EGCICICGA[?S?I@I@KDSXUDEVOlAi@T[@ABMDU@{@?uC@c@@g@@SBg@@O@OHi@F]?E@EDQLi@DMLYJU@EHORc@PWRULMHKNMNO^YROZQFELGTGREVGDAFAH?P?`@@P@D@VDXFHDJF\TLJLNLPNPVd@NZNZVh@f@nAJRJL@BDBDFNHNDF@DBHEH?D?JEHGJINUBU?G?KEc@?IA]CGe@oAINMN}@cC\~@^bALOHOd@nABFNRJJBDB@B@F@D?JCr@aA`@g@DKPQ@IDQDKFIFGDAFAD?D@HBFFFHDLBJBJ?L?L?LCJCJEJEHGFEBGBI?GAOB_@J_@NUNURY\GJIHABSXGRITEJAHBZ@VCLCNEJGHGHGBIBIAGAIEEEEGCGEIAICKAYM_@So@EKcAyBQ_@GMSg@KOIOKMOSOOMM_@YGCMGQIGAYCWEWAO?G@E@c@FMDQHEBGBMHSNSNWTEDa@ZUR]b@Q^Wf@Qf@Of@EXGVKt@AJ@N@LDJ?@HLnBRFBBD@D?D?D?B?RAFE@QAwAOCBAF?F?DBFR@ZDZBZDP@B@@B@J?J	Click to Generate
S25	20	1			3	St Lawrence Church (S25)	Tinsley Meadows Primary School (S25)	Madani Education Centre (S25)	1903	1427	qz~dIhjoG`ByAIQAEEGCEKIOC@_@?SBODMr@}ADGFEHAH?NJLFHBFAFdABHDBB@CAECCIGeAG@ICMGOKI?I@GDEFs@|AEL?BCJ?RA^NBJHBDDF@DHPRp@BHHXFVRp@HZ_Ax@GFq@l@q@r@UVg@j@WZ[f@u@hAm@`AINmAvDELQ`@]h@U\OX]r@EIa@s@e@gA]eA[_AtAmBq@qBM@KDCDOa@??N`@BEJELAp@pBuAlBBHVt@\dAd@fA`@r@DH\s@NYT]\i@Pa@DMlAwDHOl@aAt@iAZg@V[f@k@TWG]Kq@G_@Oy@Ie@v@u@	Click to Generate
S25	30	1			3	Tinsley Meadows Primary School (S25)	Hanfia Masjid (S25)	Madani Education Centre (S25)	2239	1679	{t_eIxeoG?LJdBPGXjEbC`HjAfDNh@tAmBq@qBM@KDCDOa@??N`@BEJELAp@pBuAlBOi@kAgDcCaH{Bl@cCn@yBp@GBi@Ng@JIFGDKNTv@f@bBNr@Tn@\bADJXr@Th@z@nBHRl@lA`@z@DF`@x@Xd@`@j@JLRXHHVRNHTHVENBd@Fh@NN@VCDA\OVe@Ra@NeAHoAHy@No@L[LUEIa@s@e@gA]eAWu@CIOi@kAgDcCaHYkEQFKeB?M	Click to Generate
S25	30	1			3	Suzy (S25)	Freddy (S25)	Morris (S25)	2863	2147	a_deIxfrG~CtD`AfAxAbBLJj@d@B@LJb@VjCjALFFBx@Z~@h@`DzBvDbCvBvAr@f@d@d@f@b@[bBAJKv@Kz@E~@Al@Aj@?l@IEECIQCSDYFGBALE@m@D_AJ{@Jw@@KZcBg@c@e@e@s@g@wBwAwDcCaD{B_Ai@y@[GCMGkCkAc@WQMk@e@MK{CkDoGwHWMoCs@GCwCy@i@KqCYFuA?g@?SnAPoAQ?R?f@GtApCXh@J??vCx@FBnCr@VLnB`C	Click to Generate
S25	30	1			3	Blackburn Primary School (S25)	Blackburn Youth Club (S25)	Blackburn Minimarket (S25)	2532	1899	a`beIf{sGSHeAd@}BfAa@TCBi@^Om@w@oCOg@s@{B[cAYw@Yu@m@kAOWi@{@CCQUQUW]SUCE[bBAJKv@Kz@E~@Al@Aj@?l@Ar@?FCf@Cd@C`@Gr@Gj@Ih@Gb@En@Cn@?n@?NC~@AHAR|@l@DMDSN_@j@eA??k@dAO^EREL}@m@@S@IB_A?O?o@Bo@Do@Fc@Hi@Fk@Fs@Ba@Be@Bg@XAJ???K?Y@Cf@Cd@C`@Gr@Gj@Ih@Gb@En@Cn@?n@?NC~@AHARGVSb@IMOSEMAQJk@BUO`A@PDLNRHLRc@FW@S@IB_A?O?o@Bo@Do@Fc@Hi@Fk@Fs@Ba@Be@Bg@?G@s@?m@@k@@m@D_AJ{@Jw@@KZcBBDRTV\PTPTBBh@z@NVl@jAXt@Xv@ZbAr@zBNf@v@nCNl@h@_@BC`@U|BgAdAe@RI	Click to Generate
S25	30	1			3	Meadow View Primary School (S25)	South Street Convenience Store (S25)	Bake N Butty (S25)	2618	1964	wpbeIj_pGKVm@u@[]SOSMe@QKEo@SUISMQO]c@GIc@k@i@u@s@}@^oARm@??Sl@_@nAr@|@h@t@b@j@FH\b@PNRLTHn@RJDd@PRLRNZ\l@t@r@kBv@sBBIt@uBTm@Ne@Le@XwADSn@aDx@l@B@b@\PLxAdA{AlFWYiA|CGHIEaCoCu@tBCHw@rBs@jBm@u@[]SOSMe@QKEo@SUISMQO]c@GIc@k@i@u@s@}@KOk@u@k@s@EGSWg@k@MOMMQM?MAOCWGu@K}@XOLONUFGRYSXGFOTMNYNJ|@Ft@BV@N?LPLLLt@z@RVDFj@r@j@t@JNr@|@h@t@b@j@FH\b@PNRLTHn@RJDd@PRLRNZ\l@t@JW	Click to Generate
S25	20	1			3	St Thomas Church Wincobank (S25)	Fife Street Stores (S25)	Wincobank Post Office (S25)	1773	1330	_s`eIzytGGOGUWuAKo@OoAIk@w@oHSgBOkA_@eDO{AOuAm@V}@ZwB`A@LHRL\DPBR?X?f@Al@DHZvCdAdBkAz@[TOX_@t@GWs@gEAEKo@Qu@]eBYwASeAXUPIXE`@?T?N@HA\IvBaA|@[l@WPIDA~@]LEd@lEf@nElAtKv@dH?JADCDCDcA`@AE	Click to Generate
S25	60	1			3	Phase Eight (S25)	SYPTE (S25)	Jump Inc (S25)	5179	3884	_u_eIlqrG??SZ}@_C@m@NkF[E[C[ESACG?E?G@GBCvANFCBE?I?GACCCC?eBSKAGCGKIMGQAW@O@OHi@F]?E@EDQLi@DMLYJU@EHORc@PWRULMHKNMNO^YROZQFELGTGREVGDAFAH?P?`@@P@D@VDXFHDJF\TLJLNLPNPVd@NZNZENCLGFKPEFSZ}A|BK@a@M?h@Ap@EbAC|@CbAAf@AVp@fBT]T[T]T[V]T]CGQc@Qc@Qe@Qe@Qc@Qc@Qg@BUpBwCBK@A@O@MCYKOIOKMOSOOMM_@YGCMGQIGAYCWEWAO?G@E@c@FMDQHEBGBMHSNSNWTEDa@ZUR]b@Q^Wf@Qf@Of@EXGVKt@AJG~@C`A?JAvG?LAt@@P?J?^ATABEVo@~@GJKRILKNEPADEJBHFDXd@V`@FJ?\@P?X\l@HLNVNXXm@^y@gAsBuAkAGEUQk@g@GEOKO[EGCICICGA[?S?I@I@KDSXUDEVOlAi@T[@ABMDU@{@?uC@c@@g@@SBg@@O@OHi@F]?E@EDQLi@DMLYJU@EHORc@PWRULMHKNMNO^YROZQFELGTGREVGDAFAH?P?`@@P@D@VDXFHDJF\TLJLNLPNPVd@NZNZVh@f@nAJRJL@BDBDFNHNDF@DBHEH?D?JEHGJINUBU?G?KEc@?IA]CGe@oAINMN}@cC\~@^bALOHOd@nABFNRJJBDB@B@F@D?JCr@aA`@g@DKPQ@IDQDKFIFGDAFAD?D@HBFFFHDLBJBJ?L?L?LCJCJEJEHGFEBGBI?GAOB_@J_@NUNURY\GJIHABSXGRITEJAHBZ@VCLCNEJGHGHGBIBIAGAIEEEEGCGEIAICKAYM_@So@EKcAyBQ_@GMSg@KOIOKMOSOOMM_@YGCMGQIGAYCWEWAO?G@E@c@FMDQHEBGBMHSNSNWTEDa@ZUR]b@Q^Wf@Qf@Of@EXGVKt@AJ@N@LDJ?@HLnBRFBBD@D?D?D?B?RAFE@QAwAOCBAF?F?DBFR@ZDZBZDP@B@@B@JMzEAZt@pB	Click to Generate
S25	45	1			3	Zara (S25)	The Cruise Holiday Shop (S25)	SYPTE (S25)	3403	2552	_u_eIlqrG??SZ}@_C@m@NkFP@B@@B@JKnDAj@[C[C[E[CQCLkFCG?E?G@GBCvANFCBE?I?GACCCC?eBSKAGCGKIMGQAW@O@OHi@F]?E@EDQLi@DMLYJU@EHORc@PWRULMHKNMNO^YROZQFELGTGREVGDAFAH?P?`@@P@D@VDXFHDJF\TLJLNLPNPVd@NZNZENCLGFKPEFSZ}A|BK@a@M?h@Ap@EbAC|@CbAC~@p@fB??T]T[T]T[V]T]CGQc@Qc@Qe@Qe@Qc@Qc@Qg@BUpBwCBK@A@O@MCYKOIOKMOSOOMM_@YGCMGQIGAYCWEWAO?G@E@c@FMDQHEBGBMHSNSNWTEDa@ZUR]b@Q^Wf@Qf@Of@EXGVKt@AJG~@C`A?JAvG?LAt@@P?J?^ATABEVo@~@GJKRILKNEPADEJBHFDXd@V`@FJ?\@P?X\l@HLNVNXXm@^y@gAsBuAkAGEUQk@g@GEOKO[EGCICICGA[?S?I@I@KDSXUDEVOlAi@T[@ABMDU@{@?uCJe@@QDOHGFEHAH@nBRFBBD@D?D?D?B?RAFE@QAwAOCBAF?F?DBFR@ZDZBZDP@B@@B@JMzEAZt@pB	Click to Generate
S25	20	1			3	St Thomas Church Wincobank (S25)	Wincobank Post Office (S25)	Eastwoods (S25)	1548	1161	ycaeIfgtGKo@fCDHBHBdAdBFJLN`@l@d@j@VV^^^\^`@VVPLIk@w@oHSgBOkA_@eDO{AOuAPIDA~@]LEd@lEf@nElAtKv@dH?JADCDCDcA`@AEGOGUWuAKo@OoAQMWW_@a@_@]_@_@WWe@k@a@m@MOGKeAeBICICgCEJn@	Click to Generate
S25	45	1			3	The White Company (S25)	Barbour (S25)	Jump Inc (S25)	4159	3119	up_eIl{qG_@EWCGCECE?ICGCEGG@EACECEAO@KCYEUIe@AEAQ?S?K@I@MJ[ROZQFELGTGREVGDAFAH?P?`@@P@D@VDXFHDJF\TLJLNLPNPVd@NZNZENCLGFKPEFSZ}A|BK@a@M?h@Ap@EbAC|@CbAC~@??p@fBT]T[T]T[V]T]CGQc@Qc@Qe@Qe@Qc@Qc@Qg@BUpBwCBK@A@O@MCYKOIOKMOSOOMM_@YGCMGQIGAYCWEWAO?G@E@c@FMDQHEBGBMHSNSNWTEDa@ZUR]b@Q^Wf@Qf@Of@EXGVKt@AJ@N@LDJ?@HLnBRFBBD@D?D?D?B?RAFE@QAwAOCBAF?F?DBFR@ZDZBZDP@B@@B@JMzEAZt@pB??SZ}@_C@m@NkF[E[C[ESACG?E?G@GBCvANFCBE?I?GACCCC?eBSKAGCGKIMGQAW@O@OHi@F]?E@EDQLi@DMLYJU@EHORc@PWRULMHKNMNO^YROZQFELGTGREVGDAFAH?P?`@@P@D@VDXFHDJF\TLJLNLPNPVd@NZNZVh@f@nAJRJL@BDBDFNHNDF@DBHEH?D?JEHGJINUBU?G?KEc@?IA]CGe@oAINMN}@cC\~@^bALOHOd@nABFNRJJBDB@B@F@D?JCr@aA`@g@DKPQ@IDQDKFIFGDAFAD?D@HBFFFHDLBJBJ?L?L?LCJCJEJEHGFEBGBI?GAOB_@J_@NUNURY\GJIHABSXGRITEJAHBZ@VCLCNEJGHGHGBIBIAGAIEEEEGCGEIAICKAYM_@So@EKcAyBQ_@GMSg@KOIOKMOSOOMM_@YGCMGQIGAYCWEWAO?G@E@c@FMDQHEBGBMHSNSNWTH`@@FVnABRDFFLFJFNDBFBVB^D	Click to Generate
S25	60	1			3	Suzy (S25)	Yazier (S25)	Two Dinners Ignatiu (S25)	6233	4675	gsceInsrGCAk@e@MKyAcBaAgAoGwHWMoCs@A~@?f@FVbBdBf@fAj@r@J`@@f@CHEL@h@t@pBhBpDr@`B^l@b@dAxAv@n@f@rApA`AHfAl@Zp@@jAFYDIHIL@JH|@bAx@xAv@|BJFFWKcCO{@[qA[eAYiASw@c@y@Qw@SqA??Ky@Mg@I]C]@g@GCMGkCkAc@WQMk@e@MK{CkDoGwHWMoCs@GCwCy@i@KqCYFuA?g@?SLmCDw@N{@Jg@Zm@BC\g@NOPI`@GLCTEj@OPKLQp@iBRs@j@yAhAgCdAaCdAyBhByBhAyAr@gANi@PwAJi@Le@JYHSPUb@_@RQFKJMHULa@NXDNDVTxAf@|Cz@tFTzAFd@^jBJnA@x@GtAEZC`A?zAMpDIZkCpB??ODQCg@YYCw@Eq@@?WBSHO`@GfBMf@GbAs@n@cAXeAVmBFUFa@D[FuAAy@KoA_@kBGe@U{A{@uFg@}CUyAEWEOOYM`@ITKLGJSPc@^QTIRKXMd@Kh@QvAOh@s@fAiAxAiBxBeAxBeA`CiAfCk@xASr@q@hBMPQJk@NUDMBa@FQHON]f@CB[l@Kf@Oz@Ev@MlC?R?f@GtApCXh@JvCx@FBnCr@VLnGvHzCjDLJj@d@B@	Click to Generate
S25	45	1			3	Beck Primary School (S25)	Shiregreen Medical Centre (S25)	Shirefreen News 'n' Booze (S25)	4129	3097	s|beI|gzGA@GNEPOGOIq@Us@Qw@Qw@Ks@Ge@ACSGQKSe@cA]{@_@cAWy@Qq@Me@SaAUkAQmAEYMiAKcAGaAEu@wA^_@L?J?JANG\NvA??OwAF]@O?K?K^MvA_@Cg@E_AAw@Ac@@e@?W?WFCAe@?G?YAS?M@g@?SBi@D}ABe@Bi@Hk@N{@R}@Tu@Vi@JSd@y@P[HU@QAQXKXK`@ONGx@Ul@M\GLAd@E`@@XFPHvAn@rAp@h@VPHPLNLJJBm@@s@DsAFeA?IBo@VL@?zBfArFpCs@dGCV}A{@IECAaAi@kB_A]QQGMCQCKKOMQMQIi@WsAq@wAo@QIYGa@Ae@DM@]Fm@Ly@TOFa@NYJYJcBh@A?qA^m@He@BU?QCSIQISOSWS_@U_@SfAUxAOrAKfAOjBGdAEtACl@ClAZ@??[A?JCjA?zB@dB@b@?h@Bp@[n@Q^Qb@K`@Ib@Kf@Ed@AXCXAl@@n@@d@D`@F^DRLh@Rj@Rj@Th@RZDF\f@Z\`@\b@NZL`AR`AFn@@rBA^AT?bAAXAT?d@@r@Fv@Jv@Pr@Pp@TNHNFDQFO@A	Click to Generate
S25	45	1			3	Beck Primary School (S25)	Shirefreen News 'n' Booze (S25)	Shiregreen Medical Centre (S25)	3310	2482	o~beIljzGJ}@q@Us@Qw@Qw@Ks@Ge@ACSGQKSe@cA]{@_@cAWy@Qq@Me@SaAUkAQmAEYMiAKcAGaAEu@wA^_@L?J?JANG\NvA??OwAF]@O?K?K_AVe@Ja@F}@A_@CKCGIGGZo@Cq@?i@Ac@AeB?{BBkA?KZ@??[ABmABm@DuAFeANkBJgANsATyARgAT^R^RVRNPHRHPBT?d@Cl@IpA_@@?bBi@XKXK`@ONGx@Ul@M\GLAd@E`@@XFPHvAn@rAp@h@VPHPLNLJJPBLBPF\PjB~@`Ah@B@HD|Az@d@Rf@Tj@TZHNDv@PD@AT]nFWbFcDc@y@Im@Ga@CM@C@EFgAgAMK]]CAGEMGMAc@@M??R?xB?V@bA?nC?L?l@Cd@C`@Er@IdAM`BGf@I|@Iv@MtA[lDUvBANIv@QjAo@]OGOIK|@	Click to Generate
S25	45	1			3	Beck Primary School (S25)	Shirefreen News 'n' Booze (S25)	Shiregreen Medical Centre (S25)	3307	2480	y|beInkzGAGEUCU@YOGOIq@Us@Qw@Qw@Ks@Ge@ACSGQKSe@cA]{@_@cAWy@Qq@Me@SaAUkAQmAEYMiAKcAGaAEu@wA^_@L?J?JANG\NvA??OwAF]@O?K?K_AVe@Ja@F}@A_@CKCGIGGZo@Cq@?i@Ac@AeB?{BBkA?KZ@??[ABmABm@DuAFeANkBJgANsATyARgAT^R^RVRNPHRHPBT?d@Cl@IpA_@@?bBi@XKXK`@ONGx@Ul@M\GLAd@E`@@XFPHvAn@rAp@h@VPHPLNLJJPBLBPF\PjB~@`Ah@B@HD|Az@d@Rf@Tj@TZHNDv@PD@AT]nFWbFcDc@y@Im@Ga@CM@C@EFgAgAMK]]CAGEMGMAc@@M??R?xB?V@bA?nC?L?l@Cd@C`@Er@IdAM`BGf@I|@Iv@MtA[lDUvBANIv@QjAOfAKEEICG	Click to Generate
S25	60	1			3	Crow Girl (S25)	Suzy (S25)	Yazier (S25)	5157	3868	obeeI|`uGMa@m@qBmCol@IoDUyEUiFC}A?SDyEBgAAKOy@d@eBXw@fFeNd@qABIHJ\^h@f@\Xd@\nBzA^HXBrBNpCXh@JvCx@FBnCr@VLnB`C~CtD`AfAxAbBLJj@d@PLb@VjCjALFFBAf@B\H\Lf@Jx@??RpAPv@b@x@Rv@XhAZdAZpANz@JbCGVKGw@}By@yA}@cAKIMAIHEHGXAkA[q@gAm@aAIsAqAo@g@yAw@c@eA_@m@s@aBiBqDu@qBAi@DMBIAg@Ka@k@s@g@gAcBeBGW?g@@_AGCwCy@i@KqCYsBOYC_@IoB{Ae@]]Yi@g@]_@IKCHe@pAgFdNYv@e@dBNx@@JCfAExE?RB|AThFTxEHnDlCnl@l@pBL`@	Click to Generate
S25	30	1			3	Wooley Tyres (S25)	Shirefreen News 'n' Booze (S25)	Beck Primary School (S25)	2949	2212	{}ceIz{wGLF@H@NDLHDBSLu@H}@Fg@Bi@B]g@iACEu@u@SWEIIMUg@KUIOYm@aAcBh@oB\cATi@Vi@^q@x@_BdAwBR\v@~Ae@Td@Uw@_BS]eAvBy@~A_@p@Wh@Uh@]bAi@nB`AbBXl@HNJTTf@NVRVt@t@BDf@hAC\Ch@Gf@I|@Mt@DH@F@JBf@Hd@H`@DNFNb@l@x@jASfAUxAOrAKfAOjBGdAEtACl@ClAZ@??[A?JCjA?zB@dB@b@?h@Bp@[n@FFFHJB^B|@@`@Gd@K~@W?J?JANG\NvA??OwAF]@O?K?K_AVe@Ja@F}@A_@CKCGIGGQ^Qb@K`@Ib@Kf@Ed@AXCXCACCEECIE]G}@AWEo@UgDOcDCUCIIIHyBJsCDmABi@Bw@LsCBq@Bq@JsAJmAL}@Lu@Hm@DWd@iCIEEMAOAIMG	Click to Generate
S25	20	1			3	Madani Education Centre (S25)	Tinsley Meadows Primary School (S25)	Lily Chinese Massage (S25)	1945	1459	}|_eIlcpGz@nBHRl@lA`@z@DF`@x@Xd@`@j@JLRXHHVRNHTHVENBd@Fh@NN@VCDA\OVe@Ra@NeAHoAHy@No@L[LUEIa@s@e@gA]eAWu@CItAmBq@qBM@KDCDOa@??N`@BEJELAp@pBuAlBOi@kAgDaBxB}AtBoA~AKNkAfBOTl@lA`@z@DF`@x@Xd@`@j@JLRXHHVRNHTHIr@?DvBdDu@iAaA{A?EHs@UIOIWSIISYKMa@k@Ye@a@y@EGa@{@m@mAIS{@oB	Click to Generate
S25	45	1			3	Beck Primary School (S25)	Shiregreen Medical Centre (S25)	Shirefreen News 'n' Booze (S25)	4128	3096	m}beIpezGU|Aq@Us@Qw@Qw@Ks@Ge@ACSGQKSe@cA]{@_@cAWy@Qq@Me@SaAUkAQmAEYMiAKcAGaAEu@wA^_@L?J?JANG\NvA??OwAF]@O?K?K^MvA_@Cg@E_AAw@Ac@@e@?W?WFCAe@?G?YAS?M@g@?SBi@D}ABe@Bi@Hk@N{@R}@Tu@Vi@JSd@y@P[HU@QAQXKXK`@ONGx@Ul@M\GLAd@E`@@XFPHvAn@rAp@h@VPHPLNLJJBm@@s@DsAFeA?IBo@VL@?zBfArFpCs@dGCV}A{@IECAaAi@kB_A]QQGMCQCKKOMQMQIi@WsAq@wAo@QIYGa@Ae@DM@]Fm@Ly@TOFa@NYJYJcBh@A?qA^m@He@BU?QCSIQISOSWS_@U_@SfAUxAOrAKfAOjBGdAEtACl@ClAZ@??[A?JCjA?zB@dB@b@?h@Bp@[n@Q^Qb@K`@Ib@Kf@Ed@AXCXAl@@n@@d@D`@F^DRLh@Rj@Rj@Th@RZDF\f@Z\`@\b@NZL`AR`AFn@@rBA^AT?bAAXAT?d@@r@Fv@Jv@Pr@Pp@TT}A	Click to Generate
S25	45	1			3	AllSaints (S25)	SYPTE (S25)	Jump Inc (S25)	3606	2704	cv_eIjerG??CJ@JMzEAZt@pB??SZ}@_C@m@NkF[E[C[ESACG?E?G@GBCvANFCBE?I?GACCCC?eBSIDA@EDGNEP?JAvG?LAt@@P?J?^ATABEVo@~@GJKRILKNEPADEJBHFDXd@V`@FJ?\@P?X\l@HLNVNXXm@^y@gAsBuAkAGEUQk@g@GEOKO[EGCICICGA[?S?I@I@KDSXUDEVOlAi@T[@ABMDU@{@?uC@c@@g@@SBg@@O@OHi@F]?E@EDQLi@DMLYJU@EHORc@PWRULMHKNMNO^YROZQFELGTGREVGDAFAH?P?`@@P@D@VDXFHDJF\TLJLNLPNPVd@NZNZVh@f@nAJRJL@BDBDFNHNDF@DBHEH?D?JEHGJINUBU?G?KEc@?IA]CGe@oAINMN}@cC\~@^bALOHOd@nABFNRJJBDB@B@F@D?JCr@aA`@g@DKPQ@IDQDKFIFGDAFAD?D@HBFFFHDLBJBJ?L?L?LCJCJEJEHGFEBGBI?GAOB_@J_@NUNURY\GJIHABSXGRITEJAHBZ@VCLCNEJGHGHGBIBIAGAIEEEEGCGEIAICKAYM_@So@EKcAyBQ_@GMSg@KOIOKMOSOOMM_@YGCMGQIGAYCWEWAO?G@E@c@FMDQHEBGBMHSNSNWTEDa@ZUR]b@Q^Wf@Qf@Of@EXGVKt@AJ@N@LDJ?@HLnBRFBBD@D?D?D?B?RAFE@QAwAOCBAF?F?DBFR@ZDZBZDP@B@@BBK??	Click to Generate
S25	30	1			3	Hancock Cars (S25)	Shirefreen News 'n' Booze (S25)	Beck Primary School (S25)	2116	1587	s_deIbpwG??NVRVt@t@BDf@hAC\Ch@Gf@I|@Mt@CRIEEMAOAIMGGEOAI@EF_@xB^yBDGHAN@TL@H@NDLHDe@hCHCNEJAH?L?D?FCDNFNb@l@x@jASfAUxAOrAKfAOjBGdAEtACl@ClAZ@??[A?JCjA?zB@dB@b@?h@Bp@[n@FFFHJB^B|@@`@Gd@K~@W?J?JANG\NvA??OwAF]@O?K?K_AVe@Ja@F}@A_@CKCGIGGZo@Cq@?i@Ac@AeB?{BBkA?KBmABm@DuAFeANkBJgANsATyARgAy@kAc@m@GOEOIa@Ie@Cg@AKAGEILu@H}@Fg@Bi@B]g@iACEu@u@SWOW??	Click to Generate
S25	30	1			3	Masjid Abu Bakr (S25)	Tinsley Sports and Social Club (S25)	Tinsley Meadows Primary School (S25)	2948	2211	cw~dIvkoG\YRp@HZ_Ax@GFq@l@q@r@UVZlBJEHEPQd@c@w@t@IDKD[mBTWp@s@p@m@FG~@y@bC{BRQd@e@X]T]N]Pc@DQFWF_@@Ib@qDLeAPyAX}BBOD_@D]Ju@MAIAG@}A|@OFM???L?NG|A}@FAH@L@Kt@E\E^CNY|BQxAMdAc@pDAHG^GVEPQb@O\U\Y\e@d@SPcCzB_Ax@GFq@l@q@r@UVg@j@WZ[f@u@hAm@`AINmAvDELQ`@]h@U\OX]r@EIa@s@e@gA]eA[_AtAmBq@qBM@KDCDOa@??N`@BEJELAp@pBuAlBZ~@\dAd@fA`@r@DH\s@NYT]\i@Pa@DMlAwDHOl@aAt@iAZg@V[f@k@TWp@s@p@m@FG~@y@I[Sq@]X	Click to Generate
S25	20	1			3	St Lawrence Church (S25)	Tinsley Meadows Primary School (S25)	Madani Education Centre (S25)	2011	1508	kz~dI~noG[^Jp@F\p@s@p@m@FG~@y@I[Sq@GWIYCISq@IQAEEGCEKIOC@_@?SBODMr@}ADGFEHAH?NJLFHBFAFdABHDBB@CAECCIGeAG@ICMGOKI?I@GDEFs@|AEL?BCJ?RA^NBJHBDDF@DHPRp@BHHXFVRp@HZ_Ax@GFq@l@q@r@UVg@j@WZ[f@u@hAm@`AINmAvDELQ`@]h@U\OX]r@EIa@s@e@gA]eA[_AtAmBq@qBM@KDCDOa@??N`@BEJELAp@pBuAlBBHVt@\dAd@fA`@r@DH\s@NYT]\i@Pa@DMlAwDHOl@aAt@iAZg@V[f@k@TWG]Kq@Z_@	Click to Generate
S25	45	1			3	Ernest Jones (S25)	SYPTE (S25)	Jump Inc (S25)	3597	2698	gv_eIfgrGKvDAZt@pB??SZ}@_C@m@NkF[E[C[ESACG?E?G@GBCvANFCBE?I?GACCCC?eBSIDA@EDGNEP?JAvG?LAt@@P?J?^ATABEVo@~@GJKRILKNEPADEJBHFDXd@V`@FJ?\@P?X\l@HLNVNXXm@^y@gAsBuAkAGEUQk@g@GEOKO[EGCICICGA[?S?I@I@KDSXUDEVOlAi@T[@ABMDU@{@?uC@c@@g@@SBg@@O@OHi@F]?E@EDQLi@DMLYJU@EHORc@PWRULMHKNMNO^YROZQFELGTGREVGDAFAH?P?`@@P@D@VDXFHDJF\TLJLNLPNPVd@NZNZVh@f@nAJRJL@BDBDFNHNDF@DBHEH?D?JEHGJINUBU?G?KEc@?IA]CGe@oAINMN}@cC\~@^bALOHOd@nABFNRJJBDB@B@F@D?JCr@aA`@g@DKPQ@IDQDKFIFGDAFAD?D@HBFFFHDLBJBJ?L?L?LCJCJEJEHGFEBGBI?GAOB_@J_@NUNURY\GJIHABSXGRITEJAHBZ@VCLCNEJGHGHGBIBIAGAIEEEEGCGEIAICKAYM_@So@EKcAyBQ_@GMSg@KOIOKMOSOOMM_@YGCMGQIGAYCWEWAO?G@E@c@FMDQHEBGBMHSNSNWTEDa@ZUR]b@Q^Wf@Qf@Of@EXGVKt@AJ@N@LDJ?@HLnBRFBBD@D?D?D?B?RAFE@QAwAOCBAF?F?DBFR@ZDZBZDP@B@@B@JAb@	Click to Generate
S25	45	1			3	Wincobank Fish Bar (S25)	Eastwoods (S25)	Northern Trains (S25)	3344	2508	qx`eI~_tGWuBO{AOuAm@V}@ZwB`A]HI@OAU?a@?YDQHYTRdAXvAl@@zBDDHZvCdAdBFJLN`@l@d@j@VV^^^\^`@VVPLNnAJn@VtAFTFN@DbAa@BEBE@E?Kw@eHmAuKg@oEe@mEbBo@xAq@@?FC\MGm@AKIo@QiBCYAQ?U?Q@MBUBODMDMHMFGHI\QLGPGb@ONCBAn@IJALCLELGDO@M?C?KMa@So@M[K]EMI[EQPIFEFEDCPMNQPQVa@j@aAV_@NOTWb@MJCJ?JANBNFNJ^f@Nh@Fj@EPADEJBHAHCn@?t@@p@DZt@lALVRXBBBDB?B?DEHOP_@x@gBgAsBuAkAGEUQk@g@GEOKKE_@KKAO?OBOBQHOLKLMNYh@SVYZKJWf@CJCFEVAVDd@Rn@L`@HTBL?L?JCFCDI@GAQGGAKAK@o@HC@OBc@NQFMF]PIHGFILELELCNCTAL?P?T@PBXPhBHn@@JFl@]LGBA?yAp@cBn@MD_A\WJNtANzAVtB	Click to Generate
S25	20	1			3	Tinsley Meadows Primary School (S25)	Madani Education Centre (S25)	Hanfia Masjid (S25)	2025	1519	ws_eI`~nGNxBX\RJETIPMLaAXAPJdBPGXjEbC`HjAfDNh@tAmBq@qBM@KDCDOa@??N`@BEJELAp@pBuAlBBHVt@\dAqEjGmBaCqBaCkAfBOTIS{@oBUi@Ys@EK]cAUo@[g@MYGMGKY_@UU[a@GKKMCO?O@Y?GDk@Bm@Cq@AMCUAu@Lh@?@Ht@DCHCRIhFwAnFcBKeB@Q`AYLMHQDUSKY]OyB	Click to Generate
S25	60	1			3	Reiss (S25)	Jump Inc (S25)	SYPTE (S25)	5157	3868	em_eIpfrGAJbAhCT[T]T[V]T]CGQc@Qc@Qe@Qe@Qc@Qc@Qg@BUpBwCBK@A@O@MCYKOIOKMOSOOMM_@YGCMGQIGAYCWEWAO?G@E@c@FMDQHEBGBMHSNSNWTEDa@ZUR]b@Q^Wf@Qf@Of@EXGVKt@AJ@N@LDJ?@HLnBRFBBD@D?D?D?B?RAFE@QAwAOCBAF?F?DBFR@ZDZBZDP@B@@B@JMzEAZt@pB??SZ}@_C@m@NkF[E[C[ESACG?E?G@GBCvANFCBE?I?GACCCC?eBSKAGCGKIMGQAW@O@OHi@F]?E@EDQLi@DMLYJU@EHORc@PWRULMHKNMNO^YROZQFELGTGREVGDAFAH?P?`@@P@D@VDXFHDJF\TLJLNLPNPVd@NZNZVh@f@nAJRJL@BDBDFNHNDF@DBHEH?D?JEHGJINUBU?G?KEc@?IA]CGe@oAINMN}@cC\~@^bALOHOd@nABFNRJJBDB@B@F@D?JCr@aA`@g@DKPQ@IDQDKFIFGDAFAD?D@HBFFFHDLBJBJ?L?L?LCJCJEJEHGFEBGBI?GAOB_@J_@NUNURY\GJIHABSXGRITEJAHBZ@VCLCNEJGHGHGBIBIAGAIEEEEGCGEIAICKAYM_@So@EKcAyBQ_@GMSg@KOIOKMOSOOMM_@YGCMGQIGAYCWEWAO?G@E@c@FMDQHEBGBMHSNSNWTEDa@ZUR]b@Q^Wf@Qf@Of@EXGVKt@AJG~@C`A?JAvG?LAt@@P?J?^ATABEVo@~@GJKRILKNEPADEJBHFDXd@V`@FJ?\@P?X\l@HLNVNXXm@^y@gAsBuAkAGEUQk@g@GEOKO[EGCICICGA[?S?I@I@KDSXUDEVOlAi@T[@ABMDU@{@?uC@c@@g@@SBg@@O@OHi@F]?E@EDQLi@DMLYJU@EHORc@PWRULMHKNMNO^YROZQFELGTGREVGDAFAH?P?`@@P@D@VDXFHDJF\TLJLNLPNPVd@NZNZENCLGFKPEFSZ}A|BK@a@M?h@Ap@EbAC|@Av@	Click to Generate
S25	30	1			3	South Street Convenience Store (S25)	Dave's Fish Bar (S25)	Meadow View Primary School (S25)	2895	2171	uebeIv{nG@BAD?DCBA@C@CACCAC?EAE@E@CBC@AB?EOEW?K@I^wAJ]DIAI?KFWTTHHpBxBDBdAIFpB@j@Bb@@l@BV@T@PHrAJdABTRdBNdANlAj@lERxAD`@Jv@DZGBGBG?IAGGYm@GM_@w@eBoDi@kAc@{@KQKKyAeAQMc@]CAy@m@o@`DERYvAMd@Od@Ul@u@tBCHw@rBg@rAKVm@u@[]SOSMe@QKEo@SUISMQO]c@GIc@k@i@u@s@}@^oARm@??Sl@_@nAr@|@h@t@b@j@FH\b@PNRLTHn@RJDd@PRLRNZ\l@t@r@kBv@sBBIt@uBTm@Ne@Le@XwADSn@aDmE}CEIAI?E?Uf@}CtB}Mj@j@r@v@\^Z\FHTTHHGNEDIBGAEIEHK\_@vAAH?JDVDNB@@B@D?@	Click to Generate
S25	20	1			3	The Manor Barn (S25)	Kimberworth Library (S25)	Meadow View Primary School (S25)	2043	1532	k~beIhjnGMz@GDG?IEEEAE?G^eCD[@E@SAKKMUCQE]SKEC?G?ICc@YCPO`AK~@MlACRIj@APCLERIRIPWh@Ob@ELO^Sr@Ib@If@ATANAb@@d@Bh@Fl@Fl@FXF\XU@CDELS`BkDYYMMKQq@_BS]OUSr@Ib@If@Cd@Ab@@d@Bh@Fl@Fl@FXF\Jh@\rAFRJh@DVJ|@Ft@BV@N?LPLLLt@z@RVDFj@r@j@t@JN^oARm@??Sl@_@nAKOk@u@k@s@EGSWu@{@MMQM?MAOCWGu@K}@EWKi@GS]sAKi@G]GYGm@Gm@Ci@Ae@@c@Be@Hg@Hc@Rs@N_@DMNc@Vi@HQHSDSBM@QHk@t@t@NLF@FCDGXmBN}@BKBEF@TLTN\T@FO~@	Click to Generate
S25	20	1			3	The Manor Barn (S25)	Bake N Butty (S25)	The Salvation Army - Rotherham (S25)	1598	1198	qgceId_oGDELS`BkDYYMMKQq@_BS]OUSr@Ib@If@ATANAb@@d@Bh@Fl@Fl@FXF\Jh@\rAFRJh@DVJ|@Ft@BV@N?LPLLLLNf@j@RVDFj@r@j@t@JN^oARm@Sl@_@nAKOk@u@k@s@EGSWu@{@MMQMCNCJk@bAILMTQRSVYZ[d@e@r@a@r@ILOTQRMPKJQNC@@J?NCPIf@IX@]?QAQESZYBAPOJKLQPSNUHM`@s@d@s@JONUX[RWPSLUHMj@cABKBO?MAOCWGu@K}@EWKi@GS]sAKi@XU@C	Click to Generate
S25	20	1			3	The Manor Barn (S25)	Bake N Butty (S25)	The Salvation Army - Rotherham (S25)	1598	1198	qgceId_oGDELS`BkDYYMMKQq@_BS]OUSr@Ib@If@ATANAb@@d@Bh@Fl@Fl@FXF\Jh@\rAFRJh@DVJ|@Ft@BV@N?LPLLLLNf@j@RVDFj@r@j@t@JN^oARm@Sl@_@nAKOk@u@k@s@EGSWu@{@MMQMCNCJk@bAILMTQRSVYZ[d@e@r@a@r@ILOTQRMPKJQNC@@J?NCPIf@IX@]?QAQESZYBAPOJKLQPSNUHM`@s@d@s@JONUX[RWPSLUHMj@cABKBO?MAOCWGu@K}@EWKi@GS]sAKi@XU@C	Click to Generate
S25	30	1			3	American Golf (S25)	Madani Education Centre (S25)	Hanfia Masjid (S25)	2380	1785	cp_eI~wpGaA{A?EHs@VENBd@Fh@NN@VCDA\OVe@Ra@d@k@ZWNE^CP@R@ZR\ZVl@Jh@Ff@@H@fAAVC^@dAFl@Jh@Vd@X\CVK\EJIDG@[Hk@Xk@ZEY`@UQJOHDXj@[j@YZIFAHEDKJ]_@_@S]OYKISGSAU@_@b@WPWJ[BG?QEQGa@[SUOa@Mg@Go@Cg@?_@@]@UBQDSJa@Ve@Ra@NeAHoAHy@No@L[LUEIa@s@e@gA]eAWu@CIOi@kAgDcCaH{Bl@cCn@yBp@GBi@Ng@JIFGDKNTv@f@bBNr@Tn@\bADJXr@Th@z@nBHRl@lA`@z@DF`@x@Xd@`@j@JLRXHHVRNHTHIr@?D`AzA	Click to Generate
S25	45	1			3	Ernest Jones (S25)	SYPTE (S25)	Jump Inc (S25)	3597	2698	gv_eIfgrGKvDAZt@pB??SZ}@_C@m@NkF[E[C[ESACG?E?G@GBCvANFCBE?I?GACCCC?eBSIDA@EDGNEP?JAvG?LAt@@P?J?^ATABEVo@~@GJKRILKNEPADEJBHFDXd@V`@FJ?\@P?X\l@HLNVNXXm@^y@gAsBuAkAGEUQk@g@GEOKO[EGCICICGA[?S?I@I@KDSXUDEVOlAi@T[@ABMDU@{@?uC@c@@g@@SBg@@O@OHi@F]?E@EDQLi@DMLYJU@EHORc@PWRULMHKNMNO^YROZQFELGTGREVGDAFAH?P?`@@P@D@VDXFHDJF\TLJLNLPNPVd@NZNZVh@f@nAJRJL@BDBDFNHNDF@DBHEH?D?JEHGJINUBU?G?KEc@?IA]CGe@oAINMN}@cC\~@^bALOHOd@nABFNRJJBDB@B@F@D?JCr@aA`@g@DKPQ@IDQDKFIFGDAFAD?D@HBFFFHDLBJBJ?L?L?LCJCJEJEHGFEBGBI?GAOB_@J_@NUNURY\GJIHABSXGRITEJAHBZ@VCLCNEJGHGHGBIBIAGAIEEEEGCGEIAICKAYM_@So@EKcAyBQ_@GMSg@KOIOKMOSOOMM_@YGCMGQIGAYCWEWAO?G@E@c@FMDQHEBGBMHSNSNWTEDa@ZUR]b@Q^Wf@Qf@Of@EXGVKt@AJ@N@LDJ?@HLnBRFBBD@D?D?D?B?RAFE@QAwAOCBAF?F?DBFR@ZDZBZDP@B@@B@JAb@	Click to Generate
S25	30	1			3	Tinsley Meadows Primary School (S25)	Lily Chinese Massage (S25)	Hanfia Masjid (S25)	2312	1734	_l_eIn_pGCItAmBq@qBM@KDCDOa@??N`@BEJELAp@pBuAlBOi@kAgDaBxB}AtBoA~AKNkAfBOTl@lA`@z@DF`@x@Xd@`@j@JLRXHHVRNHTHIr@?DvBdDu@iAaA{A?EHs@UIOIWSIISYKMa@k@Ye@a@y@EGa@{@m@mAISqAyCYs@EK]cAUo@[g@MYGMGKY_@UU[a@GKKMCO?O@Y?GDk@Bm@Cq@AMCUAu@Lh@?@Ht@BXN~@Nv@BLFPFPTv@f@bBNr@Tn@\bADJXr@Th@z@nBHRNUjAgBJOnA_B|AuB`ByBjAfDNh@BH	Click to Generate
S25	60	1			3	Blackburn Meadows Nature Reserve (S25)	ItsaGoal (S25)	Hanfia Masjid (S25)	11048	8286	aj`eI~{mGDnB@xC`@b@Dg@Bg@Do@NwBPaDBWFoAHcBHcBFu@HuALuB@Y@]@k@A}@GeAKyBIqBE{AK}A_@eGUwBEg@Ky@UsBOmBKeAE]EUOu@Qm@Si@Se@Uc@QKA?[GEAGCIICGCMAOK_@ACQc@q@i@kAeAUW_@e@]i@Yq@Ww@Qm@Q_Ag@}C_@eCs@{ECU[qBc@oCKs@c@}AESGQIUK[IUYcAKSU[CCGMCOCk@GWMg@Ys@c@_A[i@]m@UUw@g@KCIEc@S]Ea@?e@LeIdDeBd@uAV_@BK@qAF}AAaBKWJMJIJEFCFGPKd@?FDlA@`@BTDl@DVD\Ff@Hx@D^Bd@Bn@@`A?~A?N?vA?f@?|@Ef@ShBw@dHMbAg@rEKx@C`@?\FnABz@@nA@p@?DAf@AjA?RChAAvA?xAApAC|B?b@?JCjBAdB?~@?FAZ?VAvBAxA?XCbE?P@\?BBNDRVd@HMNQLMj@i@^i@PYt@oAXe@`A_BTa@Zk@t@qALSdAkBDWB_@Hm@FIRCB?HCJEJM\e@NMPID@FBDFDJNr@BR@XNrG@d@@NBNl@LjA`@LB^@ZAP?TIL[VKREVGDSC{FBzFER??WFSDWJMZUHQ?[@_@AMCkAa@m@MCOAOAe@OsGAYCSOs@EKEGGCEAQHOL]d@KLKDIBC?SBGHIl@C^EVeAjBMRu@pA[j@U`@aA~AYd@u@nAQX_@h@k@h@MLOPILMZQp@b@b@bA`A\^j@x@FHnA`C`@t@l@nAf@vAN`@Pf@HTXx@`@nAZ~@BLPj@^|A?DHl@BNDVFp@HtAFtADtAFxBB`@FpB@j@Bb@@l@BV@T@PHrAJdABTRdBNdANlAj@lERxAD`@Jv@DZRxA@L`@|CVrBHn@P`AN`A^|BPhAl@bDRbAr@tDLn@ZxAZfAf@~AX|@d@rAZbA\fAl@~Ar@~Ah@vAFN^dAZnATrAPfABHHZFRDJHRFJ^TLFN?\GTIj@m@jEgE|KiJ|EeEnCmCfCsCbFeGn@cA?ALSH]BODs@Cg@?_@@]@UBQDSJa@Ve@Ra@NeAHoAHy@No@L[LUEIa@s@e@gA]eA[_AOi@kAgDcCaHYkEQFKeB@Q`AYLMHQDUSKY]OyBIoAXhEX\RJETIPMLaAXAPJdBPGXjEbC`HaBxB}AtBoA~AKNkAfBOTIS{@oBUi@Ys@EK]cAUo@[g@MYGMGKY_@UU[a@GKKMCO?O@Y?GDk@Bm@Cq@AMCUAu@COEc@CWQyBa@aFE_@Ei@A]GmAAYQgECkAEgBAo@Ae@?Y@q@Bs@@a@a@c@AyCEoB	Click to Generate
S25	20	1			3	Tinsley Barbers (S25)	Tinsley Meadows Primary School (S25)	Madani Education Centre (S25)	1621	1216	ey~dIvuoGQPIDKD[mBTWp@s@p@m@FG~@y@I[Sq@]X??\YRp@HZ_Ax@GFq@l@q@r@UVg@j@WZ[f@u@hAm@`AINmAvDELQ`@]h@U\OX]r@EIa@s@e@gA]eA[_AtAmBq@qBM@KDCDOa@??N`@BEJELAp@pBuAlBBHVt@\dAd@fA`@r@DH\s@NYT]\i@Pa@DMlAwDHOl@aAt@iAZg@V[f@k@ZlBJEHEPQ	Click to Generate
S25	60	1			3	American Golf (S25)	Madani Education Centre (S25)	Air Haus (S25)	4242	3182	on_eIfzpGuBcD?EHs@VENBd@Fh@NN@VCDA\OVe@Ra@d@k@ZWNE^CP@R@ZR\ZVl@Jh@Ff@@H@fAAVC^@dAFl@Jh@Vd@X\CVK\EJIDG@[Hk@Xk@ZEY`@UQJOHDXj@[j@YZIFAHEDKJ]_@_@S]OYKISGSAU@_@b@WPWJ[BG?QEQGa@[SUOa@Mg@Go@Cg@Mi@KYKSYUi@Mc@GMKMMUIOIWSIISYKMa@k@Ye@a@y@EGa@{@m@mANUjAgBJOnA_B|AuB`ByBjAfDNh@BHVt@\dAd@fA`@r@DHI`@E\CV?V@H@RFRLZBFV\P@R@ZR\ZVl@Jh@Ff@@H@fAAVC^Ot@Un@c@h@_@b@Oh@EPCPAT?TBd@Lh@R^NTHFz@v@XXl@l@d@f@f@d@`@d@JLPPJLf@j@`@d@FFT\HBFFFHDLBJBJ?L?L?LCJCJEJEHGFEBGBI?GAOB_@J_@NUNURY\GJIHABSXGRITEJAHBZ@VCLCNEJGHGHGBIBIAGAIEEEEGCGEIAICKAY@O@QBMFMDKHGHEH?D?JEHGJINUBU?G?KEc@?IA]CGe@oAo@{AMYGKIGK?K@KJyAyD~@`CXv@JKJAJ?HFFJLXn@zAd@nABFNRJJBDB@B@F@D?JCr@aA`@g@DKPQ@IM}@GYM[GKQWQSUWaB_Bg@g@oAkA]]KMk@y@MSM]K]I[G[EMUk@a@[SUOa@Mg@Go@Cg@Mi@KYKSYUi@Mc@GMKMMIr@?DtBbD	Click to Generate
S25	20	1			3	Bake N Butty (S25)	Kimberworth Post Office (S25)	The Salvation Army - Rotherham (S25)	1598	1198	g}beIpooGSl@_@nAKOk@u@k@s@EGSWg@k@MOMMQM?MAOCWGu@K}@EWKi@GS]sAKi@G]GYGm@Gm@Ci@Ae@@c@Be@Hg@Hc@Rs@NTR\p@~AJPLLXXaBjDMREDABYTJh@\rAFRJh@DVJ|@Ft@BV@N?LCNCJk@bAILMTQRSVYZ[d@e@r@a@r@ILOTQRMPKJQNC@@J?NCPIf@IX@]?QAQESZYBAPOJKLQPSNUHM`@s@d@s@JONUX[RWPSLUHMj@cABKBOPLLLt@z@RVDFj@r@j@t@JN^oARm@	Click to Generate
S25	60	1			3	Reiss (S25)	Jump Inc (S25)	SYPTE (S25)	4245	3184	ct_eIx_rG@SBu@BsA?OG@EACECEAO@KCYEUIe@ECAAGEGCM?UR]b@Q^Wf@Qf@Of@EXGVKt@AJ@N@LDJ?@HLnBRFBBD@D?D?D?B?RAFE@QAwAOCBAF?F?DBFR@ZDZBZDP@B@@B@JMzEAZt@pB??SZ}@_C@m@NkF[E[C[ESACG?E?G@GBCvANFCBE?I?GACCCC?eBSKAGCGKIMGQAW@O@OHi@F]?E@EDQLi@DMLYJU@EHORc@PWRULMHKNMNO^YROZQFELGTGREVGDAFAH?P?`@@P@D@VDXFHDJF\TLJLNLPNPVd@NZNZVh@f@nAJRJL@BDBDFNHNDF@DBHEH?D?JEHGJINUBU?G?KEc@?IA]CGe@oAINMN}@cC\~@^bALOHOd@nABFNRJJBDB@B@F@D?JCr@aA`@g@DKPQ@IDQDKFIFGDAFAD?D@HBFFFHDLBJBJ?L?L?LCJCJEJEHGFEBGBI?GAOB_@J_@NUNURY\GJIHABSXGRITEJAHBZ@VCLCNEJGHGHGBIBIAGAIEEEEGCGEIAICKAYM_@So@EKcAyBQ_@GMSg@KOIOKMOSOOMM_@YGCMGQIGAYCWEWAO?G@E@c@FMDQHEBGBMHSNSNWTEDa@ZUR]b@Q^Wf@Qf@Of@EXGVKt@AJG~@C`A?JAvG?LAt@@P?J?^ATABEVo@~@GJKRILKNEPADEJBHFDXd@V`@FJ?\@P?X\l@HLNVNXXm@^y@gAsBuAkAGEUQk@g@GEOKO[EGCICICGA[?S?I@I@KDSXUDEVOlAi@T[@ABMDU@{@?uC@c@@g@@SBg@@O@OHi@F]?E@EDQLi@DMLYJU@EHORc@PWRULMHKPCJGF@D@BBDDH`@@FVnABR@H?JAJ?NCrACt@AR	Click to Generate
S25	45	1			3	AllSaints (S25)	SYPTE (S25)	Jump Inc (S25)	3606	2704	cv_eIjerG??CJ@JMzEAZt@pB??SZ}@_C@m@NkF[E[C[ESACG?E?G@GBCvANFCBE?I?GACCCC?eBSIDA@EDGNEP?JAvG?LAt@@P?J?^ATABEVo@~@GJKRILKNEPADEJBHFDXd@V`@FJ?\@P?X\l@HLNVNXXm@^y@gAsBuAkAGEUQk@g@GEOKO[EGCICICGA[?S?I@I@KDSXUDEVOlAi@T[@ABMDU@{@?uC@c@@g@@SBg@@O@OHi@F]?E@EDQLi@DMLYJU@EHORc@PWRULMHKNMNO^YROZQFELGTGREVGDAFAH?P?`@@P@D@VDXFHDJF\TLJLNLPNPVd@NZNZVh@f@nAJRJL@BDBDFNHNDF@DBHEH?D?JEHGJINUBU?G?KEc@?IA]CGe@oAINMN}@cC\~@^bALOHOd@nABFNRJJBDB@B@F@D?JCr@aA`@g@DKPQ@IDQDKFIFGDAFAD?D@HBFFFHDLBJBJ?L?L?LCJCJEJEHGFEBGBI?GAOB_@J_@NUNURY\GJIHABSXGRITEJAHBZ@VCLCNEJGHGHGBIBIAGAIEEEEGCGEIAICKAYM_@So@EKcAyBQ_@GMSg@KOIOKMOSOOMM_@YGCMGQIGAYCWEWAO?G@E@c@FMDQHEBGBMHSNSNWTEDa@ZUR]b@Q^Wf@Qf@Of@EXGVKt@AJ@N@LDJ?@HLnBRFBBD@D?D?D?B?RAFE@QAwAOCBAF?F?DBFR@ZDZBZDP@B@@BBK??	Click to Generate
S25	60	1			3	Reiss (S25)	Jump Inc (S25)	SYPTE (S25)	5157	3868	em_eIvfrGADbAhCT[T]T[V]T]CGQc@Qc@Qe@Qe@Qc@Qc@Qg@BUpBwCBK@A@O@MCYKOIOKMOSOOMM_@YGCMGQIGAYCWEWAO?G@E@c@FMDQHEBGBMHSNSNWTEDa@ZUR]b@Q^Wf@Qf@Of@EXGVKt@AJ@N@LDJ?@HLnBRFBBD@D?D?D?B?RAFE@QAwAOCBAF?F?DBFR@ZDZBZDP@B@@B@JMzEAZt@pB??SZ}@_C@m@NkF[E[C[ESACG?E?G@GBCvANFCBE?I?GACCCC?eBSKAGCGKIMGQAW@O@OHi@F]?E@EDQLi@DMLYJU@EHORc@PWRULMHKNMNO^YROZQFELGTGREVGDAFAH?P?`@@P@D@VDXFHDJF\TLJLNLPNPVd@NZNZVh@f@nAJRJL@BDBDFNHNDF@DBHEH?D?JEHGJINUBU?G?KEc@?IA]CGe@oAINMN}@cC\~@^bALOHOd@nABFNRJJBDB@B@F@D?JCr@aA`@g@DKPQ@IDQDKFIFGDAFAD?D@HBFFFHDLBJBJ?L?L?LCJCJEJEHGFEBGBI?GAOB_@J_@NUNURY\GJIHABSXGRITEJAHBZ@VCLCNEJGHGHGBIBIAGAIEEEEGCGEIAICKAYM_@So@EKcAyBQ_@GMSg@KOIOKMOSOOMM_@YGCMGQIGAYCWEWAO?G@E@c@FMDQHEBGBMHSNSNWTEDa@ZUR]b@Q^Wf@Qf@Of@EXGVKt@AJG~@C`A?JAvG?LAt@@P?J?^ATABEVo@~@GJKRILKNEPADEJBHFDXd@V`@FJ?\@P?X\l@HLNVNXXm@^y@gAsBuAkAGEUQk@g@GEOKO[EGCICICGA[?S?I@I@KDSXUDEVOlAi@T[@ABMDU@{@?uC@c@@g@@SBg@@O@OHi@F]?E@EDQLi@DMLYJU@EHORc@PWRULMHKNMNO^YROZQFELGTGREVGDAFAH?P?`@@P@D@VDXFHDJF\TLJLNLPNPVd@NZNZENCLGFKPEFSZ}A|BK@a@M?h@Ap@EbAC|@A|@	Click to Generate
S25	60	1			3	Stan (S25)	Crow Girl (S25)	Abbey School (S25)	6726	5044	yldeIv~qGi@KqCYFuA?g@?SLmCDw@N{@Jg@Zm@BC\g@NOKi@GSMKOGiCc@KOCM?WFW~@qBRVpH~ARHq@hBMP??QJk@NUDMBa@FQHON]f@CB[l@Kf@Oz@Ev@MlC?R?f@GtApCXh@JvCx@FBnCr@VLnB`C~CtDzCjDLJj@d@PLb@VjCjALFFBx@Z~@h@`DzBvDbCvBvAr@f@d@d@f@b@BDRTV\Pu@H]P{@J[L_@f@yAZy@Rm@JYF_@Da@Da@NuAJmAJcAJkANyAHy@Dk@@EB[@W@[AkAA_BAi@Ee@G]CKQWm@{@GKGUG[UcBG]Ku@AIAGCUAO?S@ODQFOHKFGRWt@y@^c@RYR_@R_@To@FSDSFUDWHk@BKFq@Bc@Be@?a@?W?SAMCa@AQC]Im@Ik@Mo@Oi@Oi@Og@Qa@Q_@Wi@[i@MSCCQYWYIKc@c@g@a@OI}@g@}@i@KKKOEGIUI[CWAc@?S@WDa@Fg@Fa@UISMQO]c@GIc@k@i@u@s@}@KOk@u@k@s@EGSWu@{@MMQMCNCJk@bAILMTQRSVYZ[d@e@r@a@r@ILOTQRMPKJQNC@@J?NCPIf@IXIXERADAFGTELNXDNDVTxAf@|Cz@tFTzAFd@^jBJnA@x@GtAEZG`@GTWlBYdAo@bAcAr@g@FgBLa@FINCR?VAl@??@m@?WBSHO`@GfBMf@GbAs@n@cAXeAVmBFUFa@D[FuAAy@KoA_@kBGe@U{A{@uFg@}CUyAEWEOOYM`@ITKLGJSPc@^QTIRKXMd@Kh@QvAOh@s@fAiAxAiBxBeAxBeA`CiAfCk@xASr@q@hBMPQJk@NUDMBa@FQHON]f@CB[l@Kf@Oz@Ev@MlC?R?f@GtApCXh@J	Click to Generate
S25	45	1			3	Tinsley Meadows Primary School (S25)	Tinsley Sports and Social Club (S25)	Madani Education Centre (S25)	4026	3020	gz~dI`joGvAqARp@BHHXFVRp@HZ_Ax@GFq@l@q@r@UVg@j@WZ[f@u@hAm@`AINmAvDELQ`@]h@U\OX]r@EIa@s@e@gA]eA[_AtAmBq@qBM@KDCDOa@??N`@BEJELAp@pBuAlBZ~@\dAd@fA`@r@DH\s@NYT]\i@Pa@DMlAwDHOl@aAt@iAZg@V[f@k@TWp@s@p@m@FG~@y@bC{BRQd@e@X]T]N]Pc@DQFWF_@@Ib@qDLeAPyAX}BBOD_@D]Ju@MAIAG@}A|@OFM???L?NG|A}@FAH@L@Kt@E\E^CNY|BQxAMdAc@pDAHG^GVEPQb@O\U\Y\e@d@SPcCzB_Ax@GFq@l@q@r@UVg@j@WZ[f@u@hAm@`AINmAvDELQ`@]h@U\OX]r@EIa@s@e@gAqEjGmBaCtFyHNh@BHVt@\dAd@fA`@r@DH\s@NYT]\i@Pa@DMlAwDHOl@aAt@iAZg@V[f@k@TWG]Kq@G_@Oy@Ie@`A}@	Click to Generate
S25	30	1			3	Volksgear (S25)	Shirefreen News 'n' Booze (S25)	Beck Primary School (S25)	2093	1570	c_deIzpwG??RVt@t@BDf@hAC\Ch@Gf@I|@Mt@CRIEEMAOAIOIECOAI@EF_@xB^yBDGHAN@TL@H@NDLHDe@hCHCNEJAH?L?D?FCDNFNb@l@x@jASfAUxAOrAKfAOjBGdAEtACl@ClAZ@??[A?JCjA?zB@dB@b@?h@Bp@[n@FFFHJB^B|@@`@Gd@K~@W?J?JANG\NvA??OwAF]@O?K?K_AVe@Ja@F}@A_@CKCGIGGZo@Cq@?i@Ac@AeB?{BBkA?KBmABm@DuAFeANkBJgANsATyARgAy@kAc@m@GOEOIa@Ie@Cg@AKAGEILu@H}@Fg@Bi@B]g@iACEu@u@SW??	Click to Generate
S25	45	1			3	Mint Nail (S25)	Flannels (S25)	The Cruise Holiday Shop (S25)	3442	2582	i}_eIr`sGLVRXBBBDB?B?DEHOP_@x@gBgAsBuAkAGEUQk@g@GEOKO[EGCICICGA[?S?I@I@KDSXUDEVOlAi@T[@ABMDU@{@?uCJe@@QDOHGFEHAH@nBRFBBD@D?D?D?B?RAFE@QAwAOCBAF?F?DBFR@ZDZBZDP@B@@B@JMzEAZt@pB??SZ}@_C@m@NkFP@B@@B@JEzAG~B[C[C[E[CQCLkFCG?E?G@GBCvANFCBE?I?GACCCC?eBSKAGCGKIMGQAW@O@OHi@F]?E@EDQLi@DMLYJU@EHORc@PWRULMHKNMNO^YROZQFELGTGREVGDAFAH?P?`@@P@D@VDXFHDJF\TLJLNLPNPVd@NZNZENCLGFKPEFSZ}A|BK@a@M?h@Ap@EbAC|@CbAC~@p@fB??T]T[T]T[V]T]CGQc@Qc@Qe@Qe@Qc@Qc@Qg@BUpBwCBK@A@O@MCYKOIOKMOSOOMM_@YGCMGQIGAYCWEWAO?G@E@c@FMDQHEBGBMHSNSNWTEDa@ZUR]b@Q^Wf@Qf@Of@EXGVKt@AJG~@C`A?JAvG?LAt@@P?J?^ATABEVo@~@GJKRILKNEPADEJBHAHCn@?t@@p@DZt@lA	Click to Generate
S25	45	1			3	Beck Primary School (S25)	Shirefreen News 'n' Booze (S25)	Shiregreen Medical Centre (S25)	3316	2487	q~beItjzGLeAq@Us@Qw@Qw@Ks@Ge@ACSGQKSe@cA]{@_@cAWy@Qq@Me@SaAUkAQmAEYMiAKcAGaAEu@wA^_@L?J?JANG\NvA??OwAF]@O?K?K_AVe@Ja@F}@A_@CKCGIGGZo@Cq@?i@Ac@AeB?{BBkA?KZ@??[ABmABm@DuAFeANkBJgANsATyARgAT^R^RVRNPHRHPBT?d@Cl@IpA_@@?bBi@XKXK`@ONGx@Ul@M\GLAd@E`@@XFPHvAn@rAp@h@VPHPLNLJJPBLBPF\PjB~@`Ah@B@HD|Az@d@Rf@Tj@TZHNDv@PD@AT]nFWbFcDc@y@Im@Ga@CM@C@EFgAgAMK]]CAGEMGMAc@@M??R?xB?V@bA?nC?L?l@Cd@C`@Er@IdAM`BGf@I|@Iv@MtA[lDUvBANIv@QjAo@]OGOIMdA	Click to Generate
S25	60	1			3	Ernest Jones (S25)	Jump Inc (S25)	SYPTE (S25)	5179	3884	im_eIdhrGAVp@fBT]T[T]T[V]T]CGQc@Qc@Qe@Qe@Qc@Qc@Qg@BUpBwCBK@A@O@MCYKOIOKMOSOOMM_@YGCMGQIGAYCWEWAO?G@E@c@FMDQHEBGBMHSNSNWTEDa@ZUR]b@Q^Wf@Qf@Of@EXGVKt@AJ@N@LDJ?@HLnBRFBBD@D?D?D?B?RAFE@QAwAOCBAF?F?DBFR@ZDZBZDP@B@@B@JMzEAZt@pB??SZ}@_C@m@NkF[E[C[ESACG?E?G@GBCvANFCBE?I?GACCCC?eBSKAGCGKIMGQAW@O@OHi@F]?E@EDQLi@DMLYJU@EHORc@PWRULMHKNMNO^YROZQFELGTGREVGDAFAH?P?`@@P@D@VDXFHDJF\TLJLNLPNPVd@NZNZVh@f@nAJRJL@BDBDFNHNDF@DBHEH?D?JEHGJINUBU?G?KEc@?IA]CGe@oAINMN}@cC\~@^bALOHOd@nABFNRJJBDB@B@F@D?JCr@aA`@g@DKPQ@IDQDKFIFGDAFAD?D@HBFFFHDLBJBJ?L?L?LCJCJEJEHGFEBGBI?GAOB_@J_@NUNURY\GJIHABSXGRITEJAHBZ@VCLCNEJGHGHGBIBIAGAIEEEEGCGEIAICKAYM_@So@EKcAyBQ_@GMSg@KOIOKMOSOOMM_@YGCMGQIGAYCWEWAO?G@E@c@FMDQHEBGBMHSNSNWTEDa@ZUR]b@Q^Wf@Qf@Of@EXGVKt@AJG~@C`A?JAvG?LAt@@P?J?^ATABEVo@~@GJKRILKNEPADEJBHFDXd@V`@FJ?\@P?X\l@HLNVNXXm@^y@gAsBuAkAGEUQk@g@GEOKO[EGCICICGA[?S?I@I@KDSXUDEVOlAi@T[@ABMDU@{@?uC@c@@g@@SBg@@O@OHi@F]?E@EDQLi@DMLYJU@EHORc@PWRULMHKNMNO^YROZQFELGTGREVGDAFAH?P?`@@P@D@VDXFHDJF\TLJLNLPNPVd@NZNZENCLGFKPEFSZ}A|BK@a@M?h@Ap@EbAC|@CbAAf@	Click to Generate
S25	60	1			3	Tinsley Sports and Social Club (S25)	Refuel (S25)	Sheffield Hallam University Sports Park (S25)	12141	9106	ie_eIfukGFb@Fv@@|@ErAMpAMbAFjANhA`@nB`CcDd@g@f@]b@Od@EpD@fA?~DA^@HATIVfBFd@BRF^F`@RvAh@~D~@`HD`@F^@FNtABLXdCXlCFz@@X?NAv@Et@AJKfAQjAE\SfAY|AS~AIp@O`BGrAMhEEdAGx@MAIAG@}A|@OFM???L?NG|A}@FAH@L@Kt@E\E^CNY|BQxAMdAc@pDAHG^GVEPQb@O\U\Y\e@d@SPcCzB_Ax@GFq@l@q@r@UVg@j@WZ[f@u@hAm@`AINmAvDELQ`@]h@U\OX]r@EIa@s@e@gAqEjGmBaCqBaCkAfBOTISqAyCYs@EK]cAUo@[g@MYGMGKY_@UU[a@GKKMCO?O@Y?GDk@Bm@Cq@AMCUAu@COEc@CWQyBa@aFE_@Ei@A]GmAAYQgECkAEgBAo@Ae@?Y@q@Bs@@a@Dg@Bg@Do@NwBPaDBWFoAHcBHcBFu@HuALuB@Y@]@k@A}@GeAKyBIqBE{AK}A_@eGUwBEg@Ky@UsBOmBKeAE]EUOu@Qm@Si@Se@Uc@QKA?[GEAKHC@KLEDIRoApBcAzAuAjB\xAR~@@~@A`B@z@Dp@Jr@Lp@X|@Lb@DLVpARdALhAHfADbA@t@@V?`ACt@MfA?HAn@BfA@z@RvL@|@ZxQ[yQA}@CqAOeJA{@CgA@o@?ILgABu@?aAAWAu@EcAIgAMiASeAWqAEMMc@Y}@Mq@Ks@Eq@A{@@aBA_AS_A]yAtAkBbA{AnAqBHS@KBU?C@]AO@QBKFMFGHAD?JFDFDR@N@R@PBDH^Tb@Rd@Rh@Pl@Nt@DTD\JdANlBTrBJx@Df@TvB^dGJ|ADzAHpBJxBFdA@|@Aj@A\AXMtBItAGt@IbBIbBGnACVQ`DOvBEn@Cf@Ef@A`@Cr@Ap@?X@d@@n@DfBBjAPfE@XFlA@\Dh@D^`@`FPxBBVDb@BNLh@?@Ht@BXN~@Nv@BLFPFPTv@f@bBNr@Tn@\bADJXr@pAxCHRl@lA`@z@DF`@x@Xd@`@j@JLRXHHVRNHTHVENBd@Fh@NN@VCDA\OVe@Ra@NeAHoAHy@No@L[LU\s@NYT]\i@Pa@DMlAwDHOl@aAt@iAZg@V[f@k@TWp@s@p@m@FG~@y@bC{BRQd@e@X]T]N]Pc@DQFWF_@@Ib@qDLeAPyAX}BBOD_@D]Ju@Fy@DeALiEFsANaBHq@R_BX}ARgAD]PkAJgA@K\NXN\RB@Jb@h@rCr@rBDRFRBT@XvA`Dk@qAk@oAAYCUGSESs@sBi@sCKc@CA]SYO]ODu@@w@?OAYG{@YmCYeCCMOuAAGG_@Ea@_AaHi@_ESwAGa@G_@CSGe@WgBUHI@_@A_E@gA?qDAe@Dc@Ng@\e@f@aCbDa@oBOiAGkALcALqADsAA}@Gw@Gc@	Click to Generate
S25	45	1			3	Reiss (S25)	SYPTE (S25)	Jump Inc (S25)	3614	2710	cv_eI`erG?HCJ@JMzEAZt@pB??SZ}@_C@m@NkF[E[C[ESACG?E?G@GBCvANFCBE?I?GACCCC?eBSIDA@EDGNEP?JAvG?LAt@@P?J?^ATABEVo@~@GJKRILKNEPADEJBHFDXd@V`@FJ?\@P?X\l@HLNVNXXm@^y@gAsBuAkAGEUQk@g@GEOKO[EGCICICGA[?S?I@I@KDSXUDEVOlAi@T[@ABMDU@{@?uC@c@@g@@SBg@@O@OHi@F]?E@EDQLi@DMLYJU@EHORc@PWRULMHKNMNO^YROZQFELGTGREVGDAFAH?P?`@@P@D@VDXFHDJF\TLJLNLPNPVd@NZNZVh@f@nAJRJL@BDBDFNHNDF@DBHEH?D?JEHGJINUBU?G?KEc@?IA]CGe@oAINMN}@cC\~@^bALOHOd@nABFNRJJBDB@B@F@D?JCr@aA`@g@DKPQ@IDQDKFIFGDAFAD?D@HBFFFHDLBJBJ?L?L?LCJCJEJEHGFEBGBI?GAOB_@J_@NUNURY\GJIHABSXGRITEJAHBZ@VCLCNEJGHGHGBIBIAGAIEEEEGCGEIAICKAYM_@So@EKcAyBQ_@GMSg@KOIOKMOSOOMM_@YGCMGQIGAYCWEWAO?G@E@c@FMDQHEBGBMHSNSNWTEDa@ZUR]b@Q^Wf@Qf@Of@EXGVKt@AJ@N@LDJ?@HLnBRFBBD@D?D?D?B?RAFE@QAwAOCBAF?F?DBFR@ZDZBZDP@B@@BBK?I	Click to Generate
S25	60	1			3	Blackburn Meadows Nature Reserve (S25)	ItsaGoal (S25)	Hanfia Masjid (S25)	12469	9352	qq`eIvumGOeJA{@CgA@o@?ILgABu@?aAAWAu@EcAIgAMiASeAWqAEMMc@Y}@Mq@Ks@Eq@A{@@aBA_AS_A]yAtAkBbA{AnAqBHS@KBU?C@]AOK_@ACQc@q@i@kAeAUW_@e@]i@Yq@Ww@Qm@Q_Ag@}C_@eCs@{ECU[qBc@oCKs@c@}AESGQIUK[IUYcAKSU[CCGMCOCk@GWMg@Ys@c@_A[i@]m@UUw@g@KCIEc@S]Ea@?e@LeIdDeBd@uAV_@BK@qAF}AAaBKWJMJIJEFCFGPKd@?FDlA@`@BTDl@DVD\Ff@Hx@D^Bd@Bn@@`A?~A?N?vA?f@?|@Ef@ShBw@dHMbAg@rEKx@C`@?\FnABz@@nA@p@?DAf@AjA?RChAAvA?xAApAC|B?b@?JCjBAdB?~@?FAZ?VAvBAxA?XCbE?P@\?BBNDRVd@HMNQLMj@i@^i@PYt@oAXe@`A_BTa@Zk@t@qALSdAkBDWB_@Hm@FIRCB?HCJEJM\e@NMPID@FBDFDJNr@BR@XNrG@d@@NBNl@LjA`@LB^@ZAP?TIL[VKREVGDSC{FBzFER??WFSDWJMZUHQ?[@_@AMCkAa@m@MCOAOAe@OsGAYCSOs@EKEGGCEAQHOL]d@KLKDIBC?SBGHIl@C^EVeAjBMRu@pA[j@U`@aA~AYd@u@nAQX_@h@k@h@MLOPILMZQp@b@b@bA`A\^j@x@FHnA`C`@t@l@nAf@vAN`@Pf@HTXx@`@nAZ~@BLPj@^|A?DHl@BNDVFp@HtAFtADtAFxBB`@FpB@j@Bb@@l@BV@T@PHrAJdABTRdBNdANlAj@lERxAD`@Jv@DZRxA@L`@|CVrBHn@P`AN`A^|BPhAl@bDRbAr@tDLn@ZxAZfAf@~AX|@d@rAZbA\fAl@~Ar@~Ah@vAFN^dAZnATrAPfABHHZFRDJHRFJ^TLFN?\GTIj@m@jEgE|KiJ|EeEnCmCfCsCbFeGn@cA?ALSH]BODs@Cg@?_@@]@UBQDSJa@Ve@Ra@NeAHoAHy@No@L[LUEIa@s@e@gA]eA[_AOi@kAgDcCaHYkEQFKeB@Q`AYLMHQDUSKY]OyBIoAXhEX\RJETIPMLaAXAPJdBPGXjEbC`HaBxB}AtBoA~AKNkAfBOTIS{@oBUi@Ys@EK]cAUo@[g@MYGMGKY_@UU[a@GKKMCO?O@Y?GDk@Bm@Cq@AMCUAu@COEc@CWQyBa@aFE_@Ei@A]GmAAYQgECkAEgBAo@Ae@?Y@q@Bs@@a@Dg@Bg@Do@NwBPaDBWFoAHcBHcBFu@HuALuB@Y@]@k@A}@GeAKyBIqBE{AK}A_@eGUwBEg@Ky@UsBOmBKeAE]EUOu@Qm@Si@Se@Uc@QKA?[GEAKHC@KLEDIRoApBcAzAuAjB\xAR~@@~@A`B@z@Dp@Jr@Lp@X|@Lb@DLVpARdALhAHfADbA@t@@V?`ACt@MfA?HAn@BfA@z@NdJ	Click to Generate
S25	60	1			3	Molton Brown (S25)	SYPTE (S25)	Jump Inc (S25)	5157	3868	_u_eIlqrG??SZ}@_C@m@NkF[E[C[ESACG?E?G@GBCvANFCBE?I?GACCCC?eBSKAGCGKIMGQAW@O@OHi@F]?E@EDQLi@DMLYJU@EHORc@PWRULMHKNMNO^YROZQFELGTGREVGDAFAH?P?`@@P@D@VDXFHDJF\TLJLNLPNPVd@NZNZENCLGFKPEFSZ}A|BK@a@M?h@Ap@EbAC|@A|@ADbAhCT[T]T[V]T]CGQc@Qc@Qe@Qe@Qc@Qc@Qg@BUpBwCBK@A@O@MCYKOIOKMOSOOMM_@YGCMGQIGAYCWEWAO?G@E@c@FMDQHEBGBMHSNSNWTEDa@ZUR]b@Q^Wf@Qf@Of@EXGVKt@AJG~@C`A?JAvG?LAt@@P?J?^ATABEVo@~@GJKRILKNEPADEJBHFDXd@V`@FJ?\@P?X\l@HLNVNXXm@^y@gAsBuAkAGEUQk@g@GEOKO[EGCICICGA[?S?I@I@KDSXUDEVOlAi@T[@ABMDU@{@?uC@c@@g@@SBg@@O@OHi@F]?E@EDQLi@DMLYJU@EHORc@PWRULMHKNMNO^YROZQFELGTGREVGDAFAH?P?`@@P@D@VDXFHDJF\TLJLNLPNPVd@NZNZVh@f@nAJRJL@BDBDFNHNDF@DBHEH?D?JEHGJINUBU?G?KEc@?IA]CGe@oAINMN}@cC\~@^bALOHOd@nABFNRJJBDB@B@F@D?JCr@aA`@g@DKPQ@IDQDKFIFGDAFAD?D@HBFFFHDLBJBJ?L?L?LCJCJEJEHGFEBGBI?GAOB_@J_@NUNURY\GJIHABSXGRITEJAHBZ@VCLCNEJGHGHGBIBIAGAIEEEEGCGEIAICKAYM_@So@EKcAyBQ_@GMSg@KOIOKMOSOOMM_@YGCMGQIGAYCWEWAO?G@E@c@FMDQHEBGBMHSNSNWTEDa@ZUR]b@Q^Wf@Qf@Of@EXGVKt@AJ@N@LDJ?@HLnBRFBBD@D?D?D?B?RAFE@QAwAOCBAF?F?DBFR@ZDZBZDP@B@@B@JMzEAZt@pB	Click to Generate
S25	15	1			3	Two Dinners Ignatiu (S25)	Abbey School (S25)	Winterhill School (S25)	1255	941	ikceInhqGGhBIZkCpB??ODQCg@YYCw@Eq@@Al@??@m@?WBSHO`@GfBMf@GbAs@n@cAXeAVmBFUFa@D[FuAAy@KoA_@kBGe@U{A{@uFDCHEBCBA`@WPK??QJa@VC@CBIDEBz@tFTzAFd@^jBJnA@x@GtAEZC`A?zAEfA	Click to Generate
S25	20	1			3	St Thomas Church Wincobank (S25)	Wincobank Post Office (S25)	Eastwoods (S25)	1566	1174	{daeInctGBPPt@fCDHBHBdAdBFJLN`@l@d@j@VV^^^\^`@VVPLIk@w@oHSgBOkA_@eDO{AOuAPIDA~@]LEd@lEf@nElAtKv@dH?JADCDCDcA`@AEGOGUWuAKo@OoAQMWW_@a@_@]_@_@WWe@k@a@m@MOGKeAeBICICgCEQu@CQ	Click to Generate
S25	60	1			3	Blackburn Meadows Nature Reserve (S25)	ItsaGoal (S25)	Hanfia Masjid (S25)	12561	9421	kq`eI`zmGAw@SwLA{@CgA@o@?ILgABu@?aAAWAu@EcAIgAMiASeAWqAEMMc@Y}@Mq@Ks@Eq@A{@@aBA_AS_A]yAtAkBbA{AnAqBHS@KBU?C@]AOK_@ACQc@q@i@kAeAUW_@e@]i@Yq@Ww@Qm@Q_Ag@}C_@eCs@{ECU[qBc@oCKs@c@}AESGQIUK[IUYcAKSU[CCGMCOCk@GWMg@Ys@c@_A[i@]m@UUw@g@KCIEc@S]Ea@?e@LeIdDeBd@uAV_@BK@qAF}AAaBKWJMJIJEFCFGPKd@?FDlA@`@BTDl@DVD\Ff@Hx@D^Bd@Bn@@`A?~A?N?vA?f@?|@Ef@ShBw@dHMbAg@rEKx@C`@?\FnABz@@nA@p@?DAf@AjA?RChAAvA?xAApAC|B?b@?JCjBAdB?~@?FAZ?VAvBAxA?XCbE?P@\?BBNDRVd@HMNQLMj@i@^i@PYt@oAXe@`A_BTa@Zk@t@qALSdAkBDWB_@Hm@FIRCB?HCJEJM\e@NMPID@FBDFDJNr@BR@XNrG@d@@NBNl@LjA`@LB^@ZAP?TIL[VKREVGDSC{FBzFER??WFSDWJMZUHQ?[@_@AMCkAa@m@MCOAOAe@OsGAYCSOs@EKEGGCEAQHOL]d@KLKDIBC?SBGHIl@C^EVeAjBMRu@pA[j@U`@aA~AYd@u@nAQX_@h@k@h@MLOPILMZQp@b@b@bA`A\^j@x@FHnA`C`@t@l@nAf@vAN`@Pf@HTXx@`@nAZ~@BLPj@^|A?DHl@BNDVFp@HtAFtADtAFxBB`@FpB@j@Bb@@l@BV@T@PHrAJdABTRdBNdANlAj@lERxAD`@Jv@DZRxA@L`@|CVrBHn@P`AN`A^|BPhAl@bDRbAr@tDLn@ZxAZfAf@~AX|@d@rAZbA\fAl@~Ar@~Ah@vAFN^dAZnATrAPfABHHZFRDJHRFJ^TLFN?\GTIj@m@jEgE|KiJ|EeEnCmCfCsCbFeGn@cA?ALSH]BODs@Cg@?_@@]@UBQDSJa@Ve@Ra@NeAHoAHy@No@L[LUEIa@s@e@gA]eA[_AOi@kAgDcCaHYkEQFKeB@Q`AYLMHQDUSKY]OyBIoAXhEX\RJETIPMLaAXAPJdBPGXjEbC`HaBxB}AtBoA~AKNkAfBOTIS{@oBUi@Ys@EK]cAUo@[g@MYGMGKY_@UU[a@GKKMCO?O@Y?GDk@Bm@Cq@AMCUAu@COEc@CWQyBa@aFE_@Ei@A]GmAAYQgECkAEgBAo@Ae@?Y@q@Bs@@a@Dg@Bg@Do@NwBPaDBWFoAHcBHcBFu@HuALuB@Y@]@k@A}@GeAKyBIqBE{AK}A_@eGUwBEg@Ky@UsBOmBKeAE]EUOu@Qm@Si@Se@Uc@QKA?[GEAKHC@KLEDIRoApBcAzAuAjB\xAR~@@~@A`B@z@Dp@Jr@Lp@X|@Lb@DLVpARdALhAHfADbA@t@@V?`ACt@MfA?HAn@BfA@z@RvL@v@	Click to Generate
S25	45	1			3	Tinsley Sports and Social Club (S25)	St Lawrence Church (S25)	Cohens Chemist (S25)	3088	2316	{z}dId_nGk@oAAYCUGSESs@sBi@sCKc@CA]SYO]OAJKfAQjAE\SfAY|AS~AIp@O`BGrAMhEEdAGx@MAIAG@}A|@OFM???L?NG|A}@FAH@L@Kt@E\E^CNY|BQxAMdAc@pDAHG^GVEPQb@O\U\Y\e@d@SPcCzBI[Sq@GWIYCISq@IQAEEGCEKIOC@_@?SBODMr@}ADGFEHAH?NJLFHBFAFdABHDBB@CAECCIGeAG@ICMGOKI?I@GDEFs@|AEL?BCJ?RA^NBJHBDDF@DHPRp@BHHXFVRp@HZ_Ax@GFq@l@q@r@G]Kq@G_@Oy@Ie@v@u@`ByARp@BHHXFVRp@HZbC{BRQd@e@X]T]N]Pc@DQFWF_@@Ib@qDLeAPyAX}BBOD_@D]Ju@Fy@DeALiEFsANaBHq@R_BX}ARgAD]PkAJgA@K\NXN\RB@Jb@h@rCr@rBDRFRBT@Xj@nA	Click to Generate
S25	45	1			3	Beck Primary School (S25)	Volksgear (S25)	Muscle Fusion (S25)	3087	2315	wzceIh|xG[A?JCjA?zB@dB@b@?h@Bp@[n@FFFHJB^B|@@`@Gd@K~@W?J?JANG\NvA??OwAF]@O?K?K_AVe@Ja@F}@A_@CKCGIGGQ^Qb@K`@Ib@Kf@Ed@AXCXCACCEECIE]G}@AWEo@UgDOcDCUCIIIHyBJsCDmABi@Bw@LsCBq@Bq@JsAJmAL}@Lu@Hm@DWd@iCIEEMAOAIOIECOAI@EF_@xB^yBDGHAN@TL@H@NDLHDBSLu@H}@Fg@Bi@B]g@iACEu@u@SW??OWUg@KUIOYm@aAcBh@oB\cATi@Vi@^q@x@_BdAwBR\v@~Ae@Td@Uw@_BS]eAvBy@~A_@p@Wh@Uh@]bAi@nB`AbBXl@HNJTTf@NVRVt@t@BDf@hAC\Ch@Gf@I|@Mt@DH@F@JBf@Hd@H`@DNFNb@l@x@jASfAUxAOrAKfAOjBGdAEtACl@ClAZ@	Click to Generate
S25	60	1			3	Hartley Brook Road Post Office (S25)	Beck Primary School (S25)	Woolley Wood LNR (S25)	7235	5426	ynbeItnxGaAi@kB_A]QQGMCQCBZ?t@?RAhD?`D?fC?r@?R?xB?V@bA?nC?L?l@Cd@C`@Er@IdAM`BGf@I|@Iv@MtA[lDUvBANcAk@E@C@ADEVU|Aq@Us@Qw@Qw@Ks@Ge@ACSGQKSe@cA]{@_@cAWy@Qq@Me@SaAUkAQmAEYMiAKcAGaAEu@wA^_@L?J?JANG\NvA??OwAF]@O?K?K_AVe@Ja@F}@A_@CKCGIGGZo@Cq@?i@Ac@AeB?{BBkA?KBmABm@DuAFeANkBJgANsATyARgAy@kAc@m@GOEOIa@Ie@Cg@AKAGEILu@H}@Fg@Bi@B]@KDa@B_@Fc@@MLi@H_@Vw@^{@l@oAt@mAt@gA`CyC~@qAn@_Ar@iAjAwBj@uAbAcDx@kCr@kBz@gBhCeGj@kAjDcHtAiCvDcGxA{AxAeAhCwAbBy@nAo@pA_ArBoB~@iAh@cAnB}DxAoC?\?TG\Kj@Jk@F]?U?]yAnCoB|Di@bA_AhAsBnBqA~@oAn@cBx@iCvAyAdAyAzAwDbGuAhCwEnJiCdG{@fBs@jBy@jCcAbDk@tAkAvBs@hAo@~@_ApAaCxCu@fAu@lAm@nA_@z@Wv@I^Mh@ALGb@C^E`@AJC\Ch@Gf@I|@Mt@DH@F@JBf@Hd@H`@DNFNb@l@x@jAT^R^RVRNPHRHPBT?d@Cl@IpA_@@?bBi@XKXK`@ONGx@Ul@M\GLAd@E`@@XFPHvAn@rAp@h@VPHPLNLJJPBLBPF\PjB~@`Ah@	Click to Generate
S25	20	1			3	St Lawrence Church (S25)	Tinsley Meadows Primary School (S25)	Madani Education Centre (S25)	2011	1508	kz~dI~noG[^Jp@F\p@s@p@m@FG~@y@I[Sq@GWIYCISq@IQAEEGCEKIOC@_@?SBODMr@}ADGFEHAH?NJLFHBFAFdABHDBB@CAECCIGeAG@ICMGOKI?I@GDEFs@|AEL?BCJ?RA^NBJHBDDF@DHPRp@BHHXFVRp@HZ_Ax@GFq@l@q@r@UVg@j@WZ[f@u@hAm@`AINmAvDELQ`@]h@U\OX]r@EIa@s@e@gA]eA[_AtAmBq@qBM@KDCDOa@??N`@BEJELAp@pBuAlBBHVt@\dAd@fA`@r@DH\s@NYT]\i@Pa@DMlAwDHOl@aAt@iAZg@V[f@k@TWG]Kq@Z_@	Click to Generate
S25	30	1			3	Kelford School (S25)	Dave's Fish Bar (S25)	Meadow View Primary School (S25)	2617	1963	edbeIvkoGQMc@]CAy@m@mE}CEIAI?E?Uf@}CtB}Mj@j@r@v@\^Z\FHTTHHGNEDIBGAEIEHK\_@vAAH?JDVDNB@@B@D?@@BAD?DCBA@C@CACCAC?EAE@E@CBC@AB?EOEW?K@I^wAJ]DIAI?KFWGI[]]_@s@w@k@k@uB|Mg@|C?T?D@HDHlE|Co@`DERYvAMd@Od@Ul@u@tBCHw@rBg@rAKVm@u@[]SOSMe@QKEo@SUISMQO]c@GIc@k@i@u@s@}@^oARm@??Sl@_@nAr@|@h@t@b@j@FH\b@PNRLTHn@RJDd@PRLRNZ\l@t@r@kBv@sBBIt@uBTm@Ne@Le@XwADSn@aDx@l@B@b@\PL	Click to Generate
S25	20	1			3	The Colin (S25)	Zena (S25)	The Salvation Army - Rotherham (S25)	1875	1406	gfdeIrxoGBE?Q?SCOEQIMAKCOAM?OBM@MXgCvB`C|A|AFFHDHALGLMz@{AJLFBHDF@PDVDh@H`@DD@\Dd@DdAFH?D@HFDHDLd@lBDLC@@J?NCPIf@IXIXERADAFGTGGEEAK?QDIHE??H?FBERADAFGTELNXEJMd@Kj@??Jk@Le@DKOYDMFU@G@EDSHY@]?QAQESZYBAPOJKLQPSNUHM`@s@d@s@Ze@X[HVLZDHb@j@c@k@EIM[IWYZOTKNe@r@a@r@ILOTQRMPKJQNEMe@mBEMEIIGEAI?eAGe@E]EEAa@Ei@IWEQEGAIEGCKM{@zAMLMFI@IEGG}A}AwBaCYfCALCL?N@LBN@JHLDPBN?R?PCD	Click to Generate
S25	45	1			3	Cohens Chemist (S25)	Tinsley Sports and Social Club (S25)	Tinsley Meadows Primary School (S25)	3040	2280	{x~dIzcoGCJ?RA^NBJHBDDF@DHPRp@BHHXFVRp@HZ_Ax@GFq@l@q@r@G]Kq@G_@Oy@Ie@v@u@`ByARp@BHHXFVRp@HZbC{BRQd@e@X]T]N]Pc@DQFWF_@@Ib@qDLeAPyAX}BBOD_@D]Ju@MAIAG@}A|@OFM???L?NG|A}@FAH@L@Kt@E\E^CNY|BQxAMdAc@pDAHG^GVEPQb@O\U\Y\e@d@SPcCzB_Ax@GFq@l@q@r@UVg@j@WZ[f@u@hAm@`AINmAvDELQ`@]h@U\OX]r@EIa@s@e@gA]eA[_AtAmBq@qBM@KDCDOa@??N`@BEJELAp@pBuAlBZ~@\dAd@fA`@r@DH\s@NYT]\i@Pa@DMlAwDHOl@aAt@iAZg@V[f@k@TWp@s@p@m@FG~@y@I[Sq@GWIYCISq@IQAEEGCEKIOC@_@?SBK	Click to Generate
S25	20	1			3	The Salvation Army - Rotherham (S25)	Bake N Butty (S25)	The Manor Barn (S25)	1779	1334	qhceI~hoGQTOJFP|@vCMTQRSVYZ[d@e@r@a@r@ILOTQRMPKJQNC@@J?NCPIf@IX@]?QAQESZYBAPOJKLQPSNUHM`@s@d@s@JONUX[RWPSLUHMj@cABKBOPLLLLNf@j@RVDFj@r@j@t@JN^oARm@Sl@_@nAKOk@u@k@s@EGSWu@{@MMQM?MAOCWGu@K}@EWKi@GS]sAKi@G]GYGm@Gm@Ci@Ae@@c@@O@UHg@Hc@Rs@NTR\p@~AJPLLXXaBjDMRGHYTJh@\rAFRJh@DVJ|@Ft@BV@N?LCNCJk@bAIL}@wCGQNKPU	Click to Generate
S25	15	1			3	Wincobank Post Office (S25)	Savemore (S25)	Eastwoods (S25)	1426	1070	ix`eInatGNjAbBu@g@oEe@mEMD_A\E@QHm@V}@ZwB`A]HI@OAU?a@?YDQHYTRdAXvAXrABPPt@fCDHBHBdAdBFJLN`@l@d@j@VV^^^\^`@VVPLNnAJn@VtAFTFN@DbAa@BEBE@E?Kw@eHeBv@w@oHSgBOkA	Click to Generate
S25	60	1			3	Morris (S25)	Abbey School (S25)	Crow Girl (S25)	8505	6379	yideIrjqG??QJk@NUDMBa@FQHON]f@CB[l@Kf@Oz@Ev@MlC?R?f@GtApCXh@J??vCx@FBnCr@VLnGvHzCjDLJj@d@PLb@VjCjALFFBx@Z~@h@`DzBvDbCvBvAr@f@d@d@f@b@BDRTV\Pu@H]P{@J[L_@f@yAZy@Rm@JYF_@Da@Da@NuAJmAJcAJkANyAHy@Dk@@EB[@W@[AkAA_BAi@Ee@G]CKQWm@{@GKGUG[UcBG]Ku@AIAGCUAO?S@ODQFOHKFGRWt@y@^c@RYR_@R_@To@FSDSFUDWHk@BKFq@Bc@Be@?a@?W?SAMCa@AQC]Im@Ik@Mo@Oi@Oi@Og@Qa@Q_@Wi@[i@MSCCQYWYIKc@c@g@a@OI}@g@}@i@KKKOEGIUI[CWAc@?S@WDa@Fg@Fa@UISMQO]c@GIc@k@i@u@s@}@KOk@u@k@s@EGSWu@{@MMQMCNCJk@bAILMTQRSVYZ[d@e@r@a@r@ILOTQRMPKJQNC@@J?NCPIf@IXIXERADAFGTELNXDNDVTxAf@|Cz@tFTzAFd@^jBJnA@x@GtAEZG`@GTWlBYdAo@bAcAr@g@FgBLa@FINCR?VAl@??@m@?WBSHO`@GfBMf@GbAs@n@cAXeAVmBFUFa@D[FuAAy@KoA_@kBGe@U{A{@uFg@}CUyAEWEOOYDMFU@G@EDSHY@]?QAQESZYBAPOJKLQPSNUHM`@s@d@s@Ze@X[RWPSLUHMj@cABKBOPLLLt@z@RVDFj@r@j@t@JNr@|@h@t@b@j@FH\b@PNRLTHG`@Gf@E`@AV?R@b@BVHZHTDFJNJJ|@h@|@f@NHf@`@b@b@HJVXPXBBLRZh@Vh@P^P`@Nf@Nh@Nh@Ln@Hj@Hl@B\@PB`@@L?R?V?`@Cd@Cb@Gp@CJIj@EVGTERGRUn@S^S^SX_@b@u@x@SVGFIJGNEPAN?R@NBT@F@HJt@F\TbBFZFTFJl@z@PVBJF\Dd@@h@@~A@jAAZAVCZADEj@Ix@OxAKjAKbAKlAOtAE`@E`@G^KXSl@[x@g@xAM^KZQz@I\Qt@W]SUCEg@c@e@e@s@g@wBwAwDcCaD{B_Ai@y@[GCMGkCkAc@WQMk@e@MK{CkD_DuDoBaCWMoCs@GCwCy@i@KqCYFuA?g@?SLmCDw@N{@Jg@Zm@BC\g@NOPI`@GLCTEj@OPK??	Click to Generate
S25	60	1			3	H.Samuel (S25)	Jump Inc (S25)	SYPTE (S25)	5179	3884	im_eInhrGALp@fBT]T[T]T[V]T]CGQc@Qc@Qe@Qe@Qc@Qc@Qg@BUpBwCBK@A@O@MCYKOIOKMOSOOMM_@YGCMGQIGAYCWEWAO?G@E@c@FMDQHEBGBMHSNSNWTEDa@ZUR]b@Q^Wf@Qf@Of@EXGVKt@AJ@N@LDJ?@HLnBRFBBD@D?D?D?B?RAFE@QAwAOCBAF?F?DBFR@ZDZBZDP@B@@B@JMzEAZt@pB??SZ}@_C@m@NkF[E[C[ESACG?E?G@GBCvANFCBE?I?GACCCC?eBSKAGCGKIMGQAW@O@OHi@F]?E@EDQLi@DMLYJU@EHORc@PWRULMHKNMNO^YROZQFELGTGREVGDAFAH?P?`@@P@D@VDXFHDJF\TLJLNLPNPVd@NZNZVh@f@nAJRJL@BDBDFNHNDF@DBHEH?D?JEHGJINUBU?G?KEc@?IA]CGe@oAINMN}@cC\~@^bALOHOd@nABFNRJJBDB@B@F@D?JCr@aA`@g@DKPQ@IDQDKFIFGDAFAD?D@HBFFFHDLBJBJ?L?L?LCJCJEJEHGFEBGBI?GAOB_@J_@NUNURY\GJIHABSXGRITEJAHBZ@VCLCNEJGHGHGBIBIAGAIEEEEGCGEIAICKAYM_@So@EKcAyBQ_@GMSg@KOIOKMOSOOMM_@YGCMGQIGAYCWEWAO?G@E@c@FMDQHEBGBMHSNSNWTEDa@ZUR]b@Q^Wf@Qf@Of@EXGVKt@AJG~@C`A?JAvG?LAt@@P?J?^ATABEVo@~@GJKRILKNEPADEJBHFDXd@V`@FJ?\@P?X\l@HLNVNXXm@^y@gAsBuAkAGEUQk@g@GEOKO[EGCICICGA[?S?I@I@KDSXUDEVOlAi@T[@ABMDU@{@?uC@c@@g@@SBg@@O@OHi@F]?E@EDQLi@DMLYJU@EHORc@PWRULMHKNMNO^YROZQFELGTGREVGDAFAH?P?`@@P@D@VDXFHDJF\TLJLNLPNPVd@NZNZENCLGFKPEFSZ}A|BK@a@M?h@Ap@EbAC|@CbAAp@	Click to Generate
S25	45	1			3	Freddy (S25)	Crow Girl (S25)	Yazier (S25)	3416	2562	_xceIvnrGxAbBLJj@d@PLb@VjCjALFFBx@Z~@h@`DzBvDbCvBvAr@f@d@d@f@b@[bBAJKv@Kz@E~@Al@Aj@?l@IEECIQCSDYFGBALE@m@D_AJ{@Jw@@KZcBg@c@e@e@s@g@wBwAwDcCaD{B_Ai@y@[GCMGkCkAc@WMKCAk@e@MK{CkD_DuDoBaCWMoCs@A~@?f@FVbBdBf@fAj@r@J`@@f@CHEL@h@t@pBhBpDr@`B^l@b@dAxAv@n@f@rApA`AHfAl@Zp@@jAFYDIHIL@JH|@bAx@xAv@|BJFFWKcCO{@[qA[eAYiASw@c@y@Qw@SqA??Ky@Mg@I]C]@g@GCMGkCkAc@WQMk@e@MKyAcB	Click to Generate
S25	60	1			3	Phase Eight (S25)	SYPTE (S25)	Jump Inc (S25)	5179	3884	_u_eIlqrG??SZ}@_C@m@NkF[E[C[ESACG?E?G@GBCvANFCBE?I?GACCCC?eBSKAGCGKIMGQAW@O@OHi@F]?E@EDQLi@DMLYJU@EHORc@PWRULMHKNMNO^YROZQFELGTGREVGDAFAH?P?`@@P@D@VDXFHDJF\TLJLNLPNPVd@NZNZENCLGFKPEFSZ}A|BK@a@M?h@Ap@EbAC|@CbAAf@AVp@fBT]T[T]T[V]T]CGQc@Qc@Qe@Qe@Qc@Qc@Qg@BUpBwCBK@A@O@MCYKOIOKMOSOOMM_@YGCMGQIGAYCWEWAO?G@E@c@FMDQHEBGBMHSNSNWTEDa@ZUR]b@Q^Wf@Qf@Of@EXGVKt@AJG~@C`A?JAvG?LAt@@P?J?^ATABEVo@~@GJKRILKNEPADEJBHFDXd@V`@FJ?\@P?X\l@HLNVNXXm@^y@gAsBuAkAGEUQk@g@GEOKO[EGCICICGA[?S?I@I@KDSXUDEVOlAi@T[@ABMDU@{@?uC@c@@g@@SBg@@O@OHi@F]?E@EDQLi@DMLYJU@EHORc@PWRULMHKNMNO^YROZQFELGTGREVGDAFAH?P?`@@P@D@VDXFHDJF\TLJLNLPNPVd@NZNZVh@f@nAJRJL@BDBDFNHNDF@DBHEH?D?JEHGJINUBU?G?KEc@?IA]CGe@oAINMN}@cC\~@^bALOHOd@nABFNRJJBDB@B@F@D?JCr@aA`@g@DKPQ@IDQDKFIFGDAFAD?D@HBFFFHDLBJBJ?L?L?LCJCJEJEHGFEBGBI?GAOB_@J_@NUNURY\GJIHABSXGRITEJAHBZ@VCLCNEJGHGHGBIBIAGAIEEEEGCGEIAICKAYM_@So@EKcAyBQ_@GMSg@KOIOKMOSOOMM_@YGCMGQIGAYCWEWAO?G@E@c@FMDQHEBGBMHSNSNWTEDa@ZUR]b@Q^Wf@Qf@Of@EXGVKt@AJ@N@LDJ?@HLnBRFBBD@D?D?D?B?RAFE@QAwAOCBAF?F?DBFR@ZDZBZDP@B@@B@JMzEAZt@pB	Click to Generate
S25	45	1			3	Mint Nail (S25)	Flannels (S25)	The Cruise Holiday Shop (S25)	3403	2552	{y_eIj_sG^y@gAsBuAkAGEUQk@g@GEOKO[EGCICICGA[?S?I@I@KDSXUDEVOlAi@T[@ABMDU@{@?uCJe@@QDOHGFEHAH@nBRFBBD@D?D?D?B?RAFE@QAwAOCBAF?F?DBFR@ZDZBZDP@B@@B@JMzEAZt@pB??SZ}@_C@m@NkFP@B@@B@JEzAG~B[C[C[E[CQCLkFCG?E?G@GBCvANFCBE?I?GACCCC?eBSKAGCGKIMGQAW@O@OHi@F]?E@EDQLi@DMLYJU@EHORc@PWRULMHKNMNO^YROZQFELGTGREVGDAFAH?P?`@@P@D@VDXFHDJF\TLJLNLPNPVd@NZNZENCLGFKPEFSZ}A|BK@a@M?h@Ap@EbAC|@CbAC~@p@fB??T]T[T]T[V]T]CGQc@Qc@Qe@Qe@Qc@Qc@Qg@BUpBwCBK@A@O@MCYKOIOKMOSOOMM_@YGCMGQIGAYCWEWAO?G@E@c@FMDQHEBGBMHSNSNWTEDa@ZUR]b@Q^Wf@Qf@Of@EXGVKt@AJG~@C`A?JAvG?LAt@@P?J?^ATABEVo@~@GJKRILKNEPADEJBHFDXd@V`@FJ?\@P?X\l@HLNVNXXm@	Click to Generate
S25	15	1			3	Zena (S25)	The Salvation Army - Rotherham (S25)	Winterhill School (S25)	1060	795	mqceId~oG??H?FBERADAFGTELNXEJMd@Kj@??Jk@Le@DKOYDMFU@G@EDSHY@]?QAQESZYBAPOJKLQPSNUHM`@s@d@s@Ze@X[HVLZDHb@j@c@k@EIM[IWYZOTKNe@r@a@r@ILOTQRMPKJQNC@@J?NCPIf@IXIXERADAFGTELNXDNDVTxAf@|CDCHEBCBA`@WPK??QJa@VC@CBIDEBg@}CUyAEWEOOYDMGGEEAK?QDIHE	Click to Generate
S25	45	1			3	Baytree Interiors (S25)	Eurochange (S25)	SYPTE (S25)	3374	2530	yk_eIdlrG??T]T[uAqDCbA?TCh@p@fBT]T[T]T[V]T]CGQc@Qc@Qe@Qe@Qc@Qc@Qg@BUpBwCBK@A@O@MCYKOIOKMOSOOMM_@YGCMGQIGAYCWEWAO?G@E@c@FMDQHEBGBMHSNSNWTEDa@ZUR]b@Q^Wf@Qf@Of@EXGVKt@AJ@N@LDJ?@HLnBRFBBD@D?D?D?B?RAFE@QAwAOCBAF?F?DBFR@ZDZBZDP@B@@B@JMzEAZt@pB??SZ}@_C@m@NkF[E[C[ESACG?E?G@GBCvANFCBE?I?GACCCC?eBSIDA@EDGNEP?JAvG?LAt@@P?J?^ATABEVo@~@GJKRILKNEPADEJBHFDXd@V`@FJ?\@P?X\l@HLNVNXXm@^y@gAsBuAkAGEUQk@g@GEOKO[EGCICICGA[?S?I@I@KDSXUDEVOlAi@T[@ABMDU@{@?uC@c@@g@@SBg@@O@OHi@F]?E@EDQLi@DMLYJU@EHORc@PWRULMHKNMNO^YROZQFELGTGREVGDAFAH?P?`@@P@D@VDXFHDJF\TLJLNLPNPVd@NZNZENCLGFKPEFSZ}A|BK@a@M?h@Ap@EbAC|@CbAC~@p@fB	Click to Generate
S25	60	1			3	Brutus (S25)	Two Dinners Ignatiu (S25)	Dave's Fish Bar (S25)	4878	3658	aobeIpuqG[PG]Ku@AIAGCUAO?S@ODQFOHKFGRWt@y@^c@RYR_@R_@To@FSDSFUDWHk@BKFq@Bc@Be@?a@?W?SAMCa@AQC]Im@Ik@Mo@Oi@Oi@Og@Qa@Q_@Wi@[i@MSCCQYWYIKc@c@g@a@OI}@g@}@i@KKKOEGIUI[CWAc@?S@WDa@Fg@Fa@UISMQO]c@GIc@k@i@u@s@}@KOk@u@k@s@EGSWu@{@MMQMCNCJk@bAILMTQRSVYZ[d@e@r@a@r@ILOTQRMPKJQNC@@J?NCPIf@IXIXERADAFGTELNXDNDVTxAf@|Cz@tFTzAFd@^jBJnA@x@GtAEZC`A?zAMpDADGTkCpB??ODQCg@YYCw@Eq@@?WBSHO`@GfBMf@GbAs@n@cAXeAVmBFUFa@D[FuAAy@KoA_@kBGe@U{A{@uFg@}CUyAEWEOOYDMFU@G@EDSHY@]?QAQESZYBAPOJKLQPSNUHM`@s@d@s@Ze@X[RWPSLUHMj@cABKBOPLLLt@z@RVDFj@r@j@t@JNr@|@h@t@b@j@FH\b@PNRLTHn@RJDd@PRLRNZ\l@t@r@kB`DlDaDmDg@rAKVm@u@[]SOSMe@QKEo@SG`@Gf@E`@AV?R@b@BVHZHTDFJNJJ|@h@|@f@NHf@`@b@b@HJVXPXBBLRZh@Vh@P^P`@Nf@Nh@Nh@Ln@Hj@Hl@B\@PB`@@L?R?V?`@Cd@Cb@Gp@CJIj@EVGTERGRUn@S^S^SX_@b@u@x@SVGFIJGNEPAN?R@NBT@F@HJt@F\ZQ	Click to Generate
S25	30	1			3	Kimberworth Library (S25)	Kimberworth Community Primary School (S25)	The Salvation Army - Rotherham (S25)	2109	1582	oiceIfwnGANAb@@d@Bh@Fl@Fl@FXF\XU@CDELS`BkDYYMMKQq@_BS]OUN_@DMNc@Vi@HQHSDSBM@QHk@t@t@NLF@FCDGXmBN}@BKBEF@TLTN\T@FO~@Mz@GDG?IEEEAE?G^eCD[@E@SAKKMUCQE]SKEC?G?ICc@YCPO`AK~@MlACRIj@APCLERIRIPWh@Ob@ELO^Sr@Ib@If@Cd@Ab@@d@Bh@Fl@Fl@FXF\Jh@\rAFRJh@DVJ|@Ft@BV@N?LCNCJk@bAILMTQRSVYZ[d@e@r@a@r@ILOTQRMPKJQNC@@J?NCPIf@IX@]?QAQESZYBAPOJKLQPSNUHM`@s@d@s@JONUX[RWPSLUHMj@cABKBO?MAOCWGu@K}@EWKi@GS]sAKi@G]GYGm@Gm@Ci@Ae@@c@@O	Click to Generate
S25	15	1			3	St Thomas (S25)	Bake N Butty (S25)	The Colin (S25)	1224	918	kjceI~roGNUX[RWPSLU}@wCGQNKV[EDQTOJFP|@vCHMj@cABKBOPLLLLNf@j@RVDFj@r@j@t@JN^oARm@Sl@_@nAKOk@u@k@s@EGSWu@{@MMQMCNCJk@bAILMTQRSVYZ[d@e@r@a@r@ILOTQRMPKJQNC@@J?NCPIf@IXIXERADAFGTGGEEAK?QDIHE??H?FBHY@]?QAQESZYBAPOJKLQPSNUHM`@s@d@s@JO	Click to Generate
S25	20	1			3	The Manor Barn (S25)	Bake N Butty (S25)	The Salvation Army - Rotherham (S25)	1712	1284	oiceI~coGDBfAj@PJKi@GS]sAKi@G]GYGm@Gm@Ci@Ae@@c@@O@UHg@Hc@Rs@NTR\p@~AJPLLXXaBjDMRGHYTJh@\rAFRJh@DVJ|@Ft@BV@N?LPLLLLNf@j@RVDFj@r@j@t@JN^oARm@Sl@_@nAKOk@u@k@s@EGSWu@{@MMQMCNCJk@bAILMTQRSVYZ[d@e@r@a@r@ILOTQRMPKJQNC@@J?NCPIf@IX@]?QAQESZYBAPOJKLQPSNUHM`@s@d@s@JONUX[RWPSLUHMj@cABKBO?MAOCWGu@K}@EWQKgAk@EC	Click to Generate
S25	30	1			3	Masjid Abu Bakr (S25)	Tinsley Meadows Primary School (S25)	Tinsley Sports and Social Club (S25)	2698	2024	cw~dIvkoG\YRp@HZ_Ax@GFq@l@q@r@UVZlBJEHEPQd@c@w@t@IDKD[mBg@j@WZ[f@u@hAm@`AINmAvDELQ`@]h@U\OX]r@EIa@s@e@gA]eA[_AtAmBq@qBM@KDCDOa@??N`@BEJELAp@pBuAlBZ~@\dAd@fA`@r@DH\s@NYT]\i@Pa@DMlAwDHOl@aAt@iAZg@V[f@k@TWp@s@p@m@FG~@y@bC{BRQd@e@X]T]N]Pc@DQFWF_@@Ib@qDLeAPyAX}BBOD_@D]Ju@MAIAG@}A|@OFM???L?NG|A}@FAH@L@Kt@E\E^CNY|BQxAMdAc@pDAHG^GVEPQb@O\U\Y\e@d@SPcCzBI[Sq@]X	Click to Generate
S25	30	1			3	Madani Education Centre (S25)	Cooling Tower in Nature's Fabric (S25)	Hanfia Masjid (S25)	2579	1934	ml_eIpwoGN`@BEJELAp@pBuAlBBHVt@\dAqEjGmBaCtFyHkAgDcCaHYkEQFKeB@Q`AYLMHQDUJk@HMDEK_@Q_C?SDGpAm@vAk@\CT@CvCA^INqDlAC@EDILKj@ETIPMLaAXAB?LJdBoFbBiFvASHIBEBBXN~@Nv@BLFPFPTv@f@bBNr@Tn@\bADJXr@Th@z@nBHRNUjAgBJOnA_B|AuB`ByBjAfDNh@tAmBq@qBM@KDCDOa@	Click to Generate
S25	45	1			3	Tinsley Meadows Primary School (S25)	Tinsley Sports and Social Club (S25)	Madani Education Centre (S25)	4026	3020	oy~dIjioG~@{@Rp@BHHXFVRp@HZ_Ax@GFq@l@q@r@UVg@j@WZ[f@u@hAm@`AINmAvDELQ`@]h@U\OX]r@EIa@s@e@gA]eA[_AtAmBq@qBM@KDCDOa@??N`@BEJELAp@pBuAlBZ~@\dAd@fA`@r@DH\s@NYT]\i@Pa@DMlAwDHOl@aAt@iAZg@V[f@k@TWp@s@p@m@FG~@y@bC{BRQd@e@X]T]N]Pc@DQFWF_@@Ib@qDLeAPyAX}BBOD_@D]Ju@MAIAG@}A|@OFM???L?NG|A}@FAH@L@Kt@E\E^CNY|BQxAMdAc@pDAHG^GVEPQb@O\U\Y\e@d@SPcCzB_Ax@GFq@l@q@r@UVg@j@WZ[f@u@hAm@`AINmAvDELQ`@]h@U\OX]r@EIa@s@e@gAqEjGmBaCtFyHNh@BHVt@\dAd@fA`@r@DH\s@NYT]\i@Pa@DMlAwDHOl@aAt@iAZg@V[f@k@TWG]Kq@G_@Oy@Ie@xAsA	Click to Generate
S25	45	1			3	St Lawrence Church (S25)	Cohens Chemist (S25)	Sheffield Hallam University Sports Park (S25)	3161	2371	am~dItpnGL?NG|A}@FAH@L@Kt@E\E^CNY|BQxAMdAc@pDAHG^GVEPQb@O\U\Y\e@d@SPcCzBI[Sq@GWIYCISq@IQAEEGCEKIOC@_@?SBODMr@}ADGFEHAH?NJLFHBFAFdABHDBB@CAECCIGeAG@ICMGOKI?I@GDEFs@|AEL?BCJ?RA^NBJHBDDF@DHPRp@BHHXFVRp@HZ_Ax@GFq@l@q@r@G]Kq@G_@Oy@Ie@v@u@`ByARp@BHHXFVRp@HZbC{BRQd@e@X]T]N]Pc@DQFWF_@@Ib@qDLeAPyAX}BBOD_@D]Ju@Fy@DeALiEFsANaBHq@R_BX}ARgAD]PkAJgA@K\NXN\RB@Jb@h@rCr@rBDRFRBT@XvA`Dk@qAk@oAAYCUGSESs@sBi@sCKc@CA]SYO]OAJKfAQjAE\SfAY|AS~AIp@O`BGrAMhEEdAGx@MAIAG@}A|@OFM?	Click to Generate
S25	60	1			3	Brutus (S25)	Freddy (S25)	Abbey School (S25)	5607	4205	gpceIfpqG??jCqBFU@ELqD?{ABaAD[FuAAy@KoA_@kBGe@U{A{@uFg@}CUyAEWEOOYDMFU@G@EDSHY@]?QAQESZYBAPOJKLQPSNUHM`@s@d@s@Ze@X[RWPSLUHMj@cABKBOPLLLt@z@RVDFj@r@j@t@JNr@|@h@t@b@j@FH\b@PNRLTHG`@Gf@E`@AV?R@b@BVHZHTDFJNJJ|@h@|@f@NHf@`@b@b@HJVXPXBBLRZh@Vh@P^P`@Nf@Nh@Nh@Ln@Hj@Hl@B\@PB`@@L?R?V?`@Cd@Cb@Gp@CJIj@EVGTERGRUn@S^S^SX_@b@u@x@SVGFIJGNEPAN?R@NBT@F@HJt@F\TbBFZFTFJl@z@PVBJF\Dd@@h@@~A@jAAZAVCZADEj@Ix@OxAKjAKbAKlAOtAE`@E`@G^KXSl@[x@g@xAM^KZQz@I\Qt@W]SUCEg@c@e@e@s@g@wBwAwDcCaD{B_Ai@y@[GCMGkCkAc@WMKCAk@e@MK{CkDoGwHWMoCs@GCwCy@i@KqCYFuA?g@?SLmCDw@N{@Jg@Zm@BC\g@NOPI`@GLCTEj@OPKLQp@iBRs@j@yAhAgCdAaCdAyBhByBhAyAr@gANi@PwAJi@Le@JYHSPUb@_@RQFKJMHULa@NXDNDVTxAf@|Cz@tFTzAFd@^jBJnA@x@GtAEZG`@GTWlBYdAo@bAcAr@g@FgBLa@FINCR?VAl@??@m@p@Av@DXBf@XPBNE	Click to Generate
S25	30	1			3	Muscle Fusion (S25)	Shirefreen News 'n' Booze (S25)	Beck Primary School (S25)	2953	2215	}}ceIx{wGNH@H@NDLHDBSLu@H}@Fg@Bi@B]g@iACEu@u@SW??OWUg@KUIOYm@aAcBh@oB\cATi@Vi@^q@x@_BdAwBR\v@~Ae@Td@Uw@_BS]eAvBy@~A_@p@Wh@Uh@]bAi@nB`AbBXl@HNJTTf@NVRVt@t@BDf@hAC\Ch@Gf@I|@Mt@DH@F@JBf@Hd@H`@DNFNb@l@x@jASfAUxAOrAKfAOjBGdAEtACl@ClAZ@??[A?JCjA?zB@dB@b@?h@Bp@[n@FFFHJB^B|@@`@Gd@K~@W?J?JANG\NvA??OwAF]@O?K?K_AVe@Ja@F}@A_@CKCGIGGQ^Qb@K`@Ib@Kf@Ed@AXCXCACCEECIE]G}@AWEo@UgDOcDCUCIIIHyBJsCDmABi@Bw@LsCBq@Bq@JsAJmAL}@Lu@Hm@DWd@iCIEEMAOAIOI	Click to Generate
S25	60	1			3	AllSaints (S25)	Jump Inc (S25)	SYPTE (S25)	5179	3884	gm_eIpgrGCj@p@fBT]T[T]T[V]T]CGQc@Qc@Qe@Qe@Qc@Qc@Qg@BUpBwCBK@A@O@MCYKOIOKMOSOOMM_@YGCMGQIGAYCWEWAO?G@E@c@FMDQHEBGBMHSNSNWTEDa@ZUR]b@Q^Wf@Qf@Of@EXGVKt@AJ@N@LDJ?@HLnBRFBBD@D?D?D?B?RAFE@QAwAOCBAF?F?DBFR@ZDZBZDP@B@@B@JMzEAZt@pB??SZ}@_C@m@NkF[E[C[ESACG?E?G@GBCvANFCBE?I?GACCCC?eBSKAGCGKIMGQAW@O@OHi@F]?E@EDQLi@DMLYJU@EHORc@PWRULMHKNMNO^YROZQFELGTGREVGDAFAH?P?`@@P@D@VDXFHDJF\TLJLNLPNPVd@NZNZVh@f@nAJRJL@BDBDFNHNDF@DBHEH?D?JEHGJINUBU?G?KEc@?IA]CGe@oAINMN}@cC\~@^bALOHOd@nABFNRJJBDB@B@F@D?JCr@aA`@g@DKPQ@IDQDKFIFGDAFAD?D@HBFFFHDLBJBJ?L?L?LCJCJEJEHGFEBGBI?GAOB_@J_@NUNURY\GJIHABSXGRITEJAHBZ@VCLCNEJGHGHGBIBIAGAIEEEEGCGEIAICKAYM_@So@EKcAyBQ_@GMSg@KOIOKMOSOOMM_@YGCMGQIGAYCWEWAO?G@E@c@FMDQHEBGBMHSNSNWTEDa@ZUR]b@Q^Wf@Qf@Of@EXGVKt@AJG~@C`A?JAvG?LAt@@P?J?^ATABEVo@~@GJKRILKNEPADEJBHFDXd@V`@FJ?\@P?X\l@HLNVNXXm@^y@gAsBuAkAGEUQk@g@GEOKO[EGCICICGA[?S?I@I@KDSXUDEVOlAi@T[@ABMDU@{@?uC@c@@g@@SBg@@O@OHi@F]?E@EDQLi@DMLYJU@EHORc@PWRULMHKNMNO^YROZQFELGTGREVGDAFAH?P?`@@P@D@VDXFHDJF\TLJLNLPNPVd@NZNZENCLGFKPEFSZ}A|BK@a@M?h@Ap@EbAC|@CbA?R	Click to Generate
S25	20	1			3	St Thomas Church Wincobank (S25)	Wincobank Post Office (S25)	Eastwoods (S25)	1593	1195	gdaeI|`tGzBDDHZvCdAdBFJLN`@l@d@j@VV^^^\^`@VVPLIk@w@oHSgBOkA_@eDO{AOuAPIDA~@]LEd@lEf@nElAtKv@dH?JADCDCDcA`@AEGOGUWuAKo@OoAQMWW_@a@_@]_@_@WWe@k@a@m@MOGKeAeB[wCEI{BE	Click to Generate
S25	20	1			3	St Thomas Church Wincobank (S25)	Wincobank Fish Bar (S25)	Eastwoods (S25)	1673	1255	wy`eIlvsGDA~@]LEd@lEf@nEcBt@OkA_@eDO{AOuAm@V}@ZwB`A]HI@OAU?a@?YDQHYTRdAXvAl@@zBDDHZvCdAdBFJLN`@l@d@j@VV^^^\^`@VVPLNnAJn@VtAFTFN@DbAa@BEBE@E?Kw@eHeBv@w@oHSgBo@qFO{AOuAPI	Click to Generate
S25	20	1			3	Zena (S25)	St Thomas (S25)	Winterhill School (S25)	1592	1194	aoceIruoGKg@KS]_@EACDK^CLGVHFDHDLd@lBDLC@@J?NCPIf@IXIXERADAFGTELNXEJMd@Kj@??Jk@Le@DKOYDMFU@G@EDSHY@]?QAQESZYBAPOJKLQPSNUHM`@s@d@s@Ze@X[RWPSLU}@wCGQNKV[EDQTOJFP|@vCMTQRSVYZ[d@e@r@a@r@ILOTQRMPKJQNC@@J?NCPIf@IXIXERADAFGTELNXDNDVTxAf@|CDCHEBCBA`@WPK??QJa@VC@CBIDEBg@}CUyAEWEOOYDMFU@G@EDSHY@]?QAQESZYBAEMe@mBEMEIIGFWBMJ_@BED@\^JRJf@	Click to Generate
S25	10	1			3	Zena (S25)	The Colin (S25)	The Salvation Army - Rotherham (S25)	982	736	mlceIthpGQJa@VC@CBIDEBg@}CUyAEWEOEJMd@Kj@??Jk@Le@DKOYDMGGEEAK?QDIHE??H?FBHY@]?QAQESZYBAPOJKLQPSNUHM`@s@d@s@Ze@X[HVLZDHb@j@c@k@EIM[IWYZOTKNe@r@a@r@ILOTQRMPKJQNC@@J?NCPIf@IXIXERADAFGTELNXDNDVTxAf@|CDCHEBCBA`@WPK	Click to Generate
S25	30	1			3	Hancock Cars (S25)	Shirefreen News 'n' Booze (S25)	Beck Primary School (S25)	2103	1577	i_deIppwGDHRVt@t@BDf@hAC\Ch@Gf@I|@Mt@CRIEEMAOAIMGGEOAI@EF_@xB^yBDGHAN@TL@H@NDLHDe@hCHCNEJAH?L?D?FCDNFNb@l@x@jASfAUxAOrAKfAOjBGdAEtACl@ClAZ@??[A?JCjA?zB@dB@b@?h@Bp@[n@FFFHJB^B|@@`@Gd@K~@W?J?JANG\NvA??OwAF]@O?K?K_AVe@Ja@F}@A_@CKCGIGGZo@Cq@?i@Ac@AeB?{BBkA?KBmABm@DuAFeANkBJgANsATyARgAy@kAc@m@GOEOIa@Ie@Cg@AKAGEILu@H}@Fg@Bi@B]g@iACEu@u@SWEI	Click to Generate
S25	60	1			3	Blackburn Minimarket (S25)	Blackburn Primary School (S25)	Shiregreen Medical Centre (S25)	8581	6436	kybeIzwuGjDcHtAiCvDcGxA{AxAeAhCwAbBy@nAo@pA_ArBoB~@iAh@cAnB}DxAoCd@y@rAuBLOX[Qw@UaAI]K[GOOa@GOKQGSCi@Ei@EYGUEMY\i@d@QLSJg@^eAf@aDzAuCpAqClAeAd@}BfAa@TCBi@^Om@w@oCOg@s@{B[cAYw@Yu@m@kAOWi@{@CCQUQUW]SUCE[bBAJKv@Kz@E~@Al@Aj@?l@Ar@?FCf@Cd@C`@Gr@Gj@Ih@Gb@En@Cn@?n@?NC~@AHARGVSb@IMOSEMAQJk@BUO`A@PDLNRHLRc@FW|@l@DMDSN_@j@eA??k@dAO^EREL}@m@@S@IB_A?O?o@Bo@Do@Fc@Hi@Fk@Fs@Ba@Be@Bg@?G@s@?m@@k@@m@D_AJ{@Jw@@KZcBBDRTV\PTPTBBh@z@NVl@jAXt@Xv@ZbAr@zBNf@v@nCNl@yC~BML}@jBaBvD{ApDy@jB}AbDmBlEa@bA}AzDoBnEUh@kCbGc@`AkBlEaBpDqAzC_BpD{AfDeAvBy@~A_@p@Wh@Uh@]bAi@nB`AbBXl@HNJTTf@NVRVt@t@BDf@hAC\Ch@Gf@I|@Mt@DH@F@JBf@Hd@H`@DNFNb@l@x@jAT^R^RVRNPHRHPBT?d@Cl@IpA_@@?bBi@XKXK`@ONGx@Ul@M\GLAd@E`@@XFPHvAn@rAp@h@VPHPLNLJJBm@@s@DsAFeA?IBo@VL@?zBfArFpCs@dGCV}A{@IECAaAi@kB_A]QQGMCQCKKOMQMQIi@WsAq@wAo@QIYGa@Ae@DM@]Fm@Ly@TOFa@NYJYJcBh@A?qA^m@He@BU?QCSIQISOSWS_@U_@y@kAc@m@GOEOIa@Ie@Cg@AKAGEILu@H}@Fg@Bi@B]@KDa@B_@Fc@@MLi@H_@Vw@^{@l@oAt@mAt@gA`CyC~@qAn@_Ar@iAjAwBj@uAbAcDx@kCr@kBz@gBhCeGj@kA	Click to Generate
S25	60	1			3	Freddy (S25)	Suzy (S25)	Two Dinners Ignatiu (S25)	4847	3635	mkceIp}rGKy@Mg@I]C]@g@GCMGkCkAc@WMKCAk@e@MKyAcBaAgAoGwHWMoCs@GCwCy@i@KqCYFuA?g@?SLmCDw@N{@Jg@Zm@BC\g@NOPI`@GLCTEj@OPKLQp@iBRs@j@yAhAgCdAaCdAyBhByBhAyAr@gANi@PwAJi@Le@JYHSPUb@_@RQFKJMHULa@NXDNDVTxAf@|Cz@tFTzAFd@^jBJnA@x@GtAEZC`A?zAMpDIZkCpB??ODQCg@YYCw@Eq@@?WBSHO`@GfBMf@GbAs@n@cAXeAVmBFUFa@D[FuAAy@KoA_@kBGe@U{A{@uFg@}CUyAEWEOOYM`@ITKLGJSPc@^QTIRKXMd@Kh@QvAOh@s@fAiAxAiBxBeAxBeA`CiAfCk@xASr@q@hBMPQJk@NUDMBa@FQHON]f@CB[l@Kf@Oz@Ev@MlC?R?f@GtApCXh@JvCx@FBnCr@VLnGvHzCjDLJj@d@PLb@VjCjALFFBAf@B\H\Lf@Jx@	Click to Generate
S25	45	1			3	American Golf (S25)	Madani Education Centre (S25)	Air Haus (S25)	4186	3140	uo_eIpxpGoAmB?EHs@VENBd@Fh@NN@VCDA\OVe@Ra@d@k@ZWNE^CP@R@ZR\ZVl@Jh@Ff@@H@fAAVC^@dAFl@Jh@Vd@X\CVK\EJIDG@[Hk@Xk@ZEY`@UQJOHDXj@[j@YZIFAHEDKJ]_@_@S]OYKISGSAU@_@b@WPWJ[BG?QEQGa@[SUOa@Mg@Go@Cg@Mi@KYKSYUi@Mc@GMKMMUIOIWSIISYKMa@k@Ye@a@y@EGa@{@m@mANUjAgBJOnA_B|AuB`ByBjAfDNh@BHVt@\dAd@fA`@r@DHI`@E\CV?V@H@RFRLZBFV\P@R@ZR\ZVl@Jh@Ff@@H@fAAVC^Ot@Un@c@h@_@b@Oh@EPCPAT?TBd@Lh@R^NTHFz@v@XXl@l@d@f@f@d@`@d@JLPPJLf@j@`@d@FFT\HBFFFHDLBJBJ?L?L?LCJCJEJEHGFEBGBI?GAOB_@J_@NUNURY\GJIHABSXGRITEJAHBZ@VCLCNEJGHGHGBIBIAGAIEEEEGCGEIAICKAY@O@QBMFMDKHGHEH?D?JEHGJINUBU?G?KEc@?IA]CGe@oAo@{AMYGKIGK?K@KJyAyD~@`CXv@JKJAJ?HFFJLXn@zAd@nABFNRJJBDB@B@F@D?JCr@aA`@g@DKPQ@IM}@GYM[GKQWQSUWaB_Bg@g@oAkA]]KMk@y@MSM]K]I[G[EMUk@a@[SUOa@Mg@Go@Cg@Mi@KYKSYUi@Mc@GMKMMIr@?DnAlB	Click to Generate
S25	15	1			3	The Colin (S25)	Winterhill School (S25)	The Salvation Army - Rotherham (S25)	1060	795	crceIfdpGJk@Le@DKOYDMGGEEAK?QDIHE??H?FBERADAFGTELNXDNDVTxAf@|CDCHEBCBA`@WPK??QJa@VC@CBIDEBg@}CUyAEWEOOYDMFU@G@EDSHY@]?QAQESZYBAPOJKLQPSNUHM`@s@d@s@Ze@X[HVLZDHb@j@c@k@EIM[IWYZOTKNe@r@a@r@ILOTQRMPKJQNC@@J?NCPIf@IXIXERADAFGTELNXEJMd@Kj@	Click to Generate
S25	45	1			3	Two Dinners Ignatiu (S25)	Stan (S25)	Brutus (S25)	3133	2350	wvceItpqG@m@p@Av@DXBf@XPBNE??jCqBH[LqD?{ABaAD[FuAAy@KoA_@kBGe@U{A{@uFg@}CUyAEWEOOYM`@ITKLGJSPc@^QTIRKXMd@Kh@QvAOh@s@fAiAxAiBxBeAxBeA`CiAfCk@xASr@q@hBMP??QJk@NUDMBa@FQHKi@GSMKOGiCc@KOCM?WFW~@qBRVpH~ARHRs@j@yAhAgCdAaCdAyBhByBhAyAr@gANi@PwAJi@Le@JYHSPUb@_@RQFKJMHULa@NXDNDVTxAf@|Cz@tFTzAFd@^jBJnA@x@GtAEZC`A?zAMpDADGTkCpBODQCg@YYCw@Eq@@Al@	Click to Generate
S25	45	1			3	Shirefreen News 'n' Booze (S25)	Beck Primary School (S25)	Shiregreen Medical Centre (S25)	3382	2536	{}ceIjvwG`@sABGf@hAC\Ch@Gf@I|@Mt@DH@F@JBf@Hd@H`@DNFNb@l@x@jASfAUxAOrAKfAOjBGdAEtACl@ClAZ@??[A?JCjA?zB@dB@b@?h@Bp@[n@FFFHJB^B|@@`@Gd@K~@W?J?JANG\NvA??OwAF]@O?K?K^MvA_@Cg@E_AAw@Ac@@e@?W?WFCAe@?G?YAS?M@g@?SBi@D}ABe@Bi@Hk@N{@R}@Tu@Vi@JSd@y@P[HU@QAQXKXK`@ONGx@Ul@M\GLAd@E`@@XFPHvAn@rAp@h@VPHPLNLJJBm@@s@DsAFeA?IBo@VL@?zBfArFpCs@dGCV}A{@IECAaAi@kB_A]QQGMCQCKKOMQMQIi@WsAq@wAo@QIYGa@Ae@DM@]Fm@Ly@TOFa@NYJYJcBh@A?qA^m@He@BU?QCSIQISOSWS_@U_@y@kAc@m@GOEOIa@Ie@Cg@AKAGEILu@H}@Fg@Bi@B]g@iACFa@rA	Click to Generate
S25	60	1			3	American Golf (S25)	Sainsbury's (S25)	M&C Tailoring (S25)	4846	3634	oe_eIxoqGXv@JKJAJ?HFFJLXn@zAd@nABFNRJJBDB@B@F@D?JCr@aA`@g@DKPQ@IM}@GYM[GKQWQSUWaB_Bg@g@oAkA]]KMk@y@MSM]K]I[G[EMUk@a@[SUOa@Mg@Go@Cg@?_@@]@UBQDSJa@Ve@Ra@d@k@ZWNE^CP@R@ZR\ZVl@Jh@Ff@@H@fAAVC^@dAFl@Jh@Vd@X\CVK\EJIDG@[Hk@Xk@ZEY`@UQJOHDXj@[j@YZIFAHEDKJ]_@_@S]OYKISGSAU@_@b@Oh@EPCPAT?TBd@Lh@R^NTHFz@v@XXl@l@d@f@f@d@`@d@JLPPJLf@j@`@d@FFT\HBFFFHDLBJBJ?L?L?LCJCJEJEHGFEBGBI?GAOB_@J_@NUNURY\GJIHABSXGRITEJAHBZ@VCLCNEJGHGHGBIBIAGAIEEEEGCGEIAICKAY@O@QBMFMDKHGHEH?D?JEHGJINUBU?G?KEc@?IA]CGl@{@Rb@??@An@eA@O?K?EEMaArAm@z@BFNRJJBDB@B@F@D?JCr@aA`@g@DKPQ@IM}@GYM[GKQWQSUWaB_Bg@g@oAkA]]KMk@y@MSM]K]I[G[EMUk@a@[SUOa@Mg@Go@Cg@Mi@KYKSYUi@Mc@GMKMMIr@?DvBdDAAuBcD?EHs@VENBd@Fh@NN@VCDA\OVe@Ra@d@k@ZWNE^CP@R@ZR\ZVl@Jh@Ff@@H@fAAVC^Ot@Un@c@h@_@b@Oh@EPCPAT?TBd@Lh@R^NTHFz@v@XXl@l@d@f@f@d@`@d@JLPPJLf@j@`@d@FFT\HBFFFHDLBJBJ?L?L?LCJCJEJEHGFEBGBI?GAOB_@J_@NUNURY\GJIHABSXGRITEJAHBZ@VCLCNEJGHGHGBIBIAGAIEEEEGCGEIAICKAY@O@QBMFMDKHGHEH?D?JEHGJINUBU?G?KEc@?IA]CGe@oAo@{AMYGKIGK?K@KJYw@	Click to Generate
S25	60	1			3	White Stuff (S25)	SYPTE (S25)	Jump Inc (S25)	5179	3884	_u_eIlqrG??SZ}@_C@m@NkF[E[C[ESACG?E?G@GBCvANFCBE?I?GACCCC?eBSKAGCGKIMGQAW@O@OHi@F]?E@EDQLi@DMLYJU@EHORc@PWRULMHKNMNO^YROZQFELGTGREVGDAFAH?P?`@@P@D@VDXFHDJF\TLJLNLPNPVd@NZNZENCLGFKPEFSZ}A|BK@a@M?h@Ap@EbAC|@CbA?RCj@p@fBT]T[T]T[V]T]CGQc@Qc@Qe@Qe@Qc@Qc@Qg@BUpBwCBK@A@O@MCYKOIOKMOSOOMM_@YGCMGQIGAYCWEWAO?G@E@c@FMDQHEBGBMHSNSNWTEDa@ZUR]b@Q^Wf@Qf@Of@EXGVKt@AJG~@C`A?JAvG?LAt@@P?J?^ATABEVo@~@GJKRILKNEPADEJBHFDXd@V`@FJ?\@P?X\l@HLNVNXXm@^y@gAsBuAkAGEUQk@g@GEOKO[EGCICICGA[?S?I@I@KDSXUDEVOlAi@T[@ABMDU@{@?uC@c@@g@@SBg@@O@OHi@F]?E@EDQLi@DMLYJU@EHORc@PWRULMHKNMNO^YROZQFELGTGREVGDAFAH?P?`@@P@D@VDXFHDJF\TLJLNLPNPVd@NZNZVh@f@nAJRJL@BDBDFNHNDF@DBHEH?D?JEHGJINUBU?G?KEc@?IA]CGe@oAINMN}@cC\~@^bALOHOd@nABFNRJJBDB@B@F@D?JCr@aA`@g@DKPQ@IDQDKFIFGDAFAD?D@HBFFFHDLBJBJ?L?L?LCJCJEJEHGFEBGBI?GAOB_@J_@NUNURY\GJIHABSXGRITEJAHBZ@VCLCNEJGHGHGBIBIAGAIEEEEGCGEIAICKAYM_@So@EKcAyBQ_@GMSg@KOIOKMOSOOMM_@YGCMGQIGAYCWEWAO?G@E@c@FMDQHEBGBMHSNSNWTEDa@ZUR]b@Q^Wf@Qf@Of@EXGVKt@AJ@N@LDJ?@HLnBRFBBD@D?D?D?B?RAFE@QAwAOCBAF?F?DBFR@ZDZBZDP@B@@B@JMzEAZt@pB	Click to Generate
S25	60	1			3	Air Haus (S25)	M&C Tailoring (S25)	Sainsbury's (S25)	4937	3703	yd_eIzbqGOHDXj@[j@YZIFAHEDKJ]_@_@S]OYKISGSAU@_@b@Oh@EPCPAT?TBd@Lh@R^NTHFz@v@XXl@l@d@f@f@d@`@d@JLPPJLf@j@`@d@FFT\HBFFFHDLBJBJ?L?L?LCJCJEJEHGFEBGBI?GAOB_@J_@NUNURY\GJIHABSXGRITEJAHBZ@VCLCNEJGHGHGBIBIAGAIEEEEGCGEIAICKAY@O@QBMFMDKHGHEH?D?JEHGJINUBU?G?KEc@?IA]CGe@oAo@{AMYGKIGK?K@KJyAyD~@`CXv@JKJAJ?HFFJLXn@zAd@nABFNRJJBDB@B@F@D?JCr@aA`@g@DKPQ@IM}@GYM[GKQWQSUWaB_Bg@g@oAkA]]KMk@y@MSM]K]I[G[EMUk@a@[SUOa@Mg@Go@Cg@Mi@KYKSYUi@Mc@GMKMMIr@?DvBdDAAuBcD?EHs@VENBd@Fh@NN@VCDA\OVe@Ra@d@k@ZWNE^CP@R@ZR\ZVl@Jh@Ff@@H@fAAVC^Ot@Un@c@h@_@b@Oh@EPCPAT?TBd@Lh@R^NTHFz@v@XXl@l@d@f@f@d@`@d@JLPPJLf@j@`@d@FFT\HBFFFHDLBJBJ?L?L?LCJCJEJEHGFEBGBI?GAOB_@J_@NUNURY\GJIHABSXGRITEJAHBZ@VCLCNEJGHGHGBIBIAGAIEEEEGCGEIAICKAY@O@QBMFMDKHGHEH?D?JEHGJINUBU?G?KEc@?IA]CGl@{@Rb@??@An@eA@O?K?EEMaArAm@z@BFNRJJBDB@B@F@D?JCr@aA`@g@DKPQ@IM}@GYM[GKQWQSUWaB_Bg@g@oAkA]]KMk@y@MSM]K]I[G[EMUk@a@[SUOa@Mg@Go@Cg@?_@@]@UBQDSJa@Ve@Ra@d@k@ZWNE^CP@R@ZR\ZVl@Jh@Ff@@H@fAAVC^@dAFl@Jh@Vd@X\CVK\EJIDG@[Hk@Xk@ZEYNI	Click to Generate
S25	15	1			3	St Thomas (S25)	The Salvation Army - Rotherham (S25)	Meadow View Primary School (S25)	1142	856	adceIhmoGMOMMQMCNCJk@bAIL}@wCGQNKV[EDQTOJFP|@vCMTQRSVYZ[d@e@r@a@r@ILOTQRMPKJQNC@@J?NCPIf@IX@]?QAQESZYBAPOJKLQPSNUHM`@s@d@s@JONUX[RWPSLUHMj@cABKBOPLLLt@z@RVDFj@r@j@t@JN^oARm@??Sl@_@nAKOk@u@k@s@EGSWg@k@	Click to Generate
S25	45	1			3	The Cruise Holiday Shop (S25)	Mint Nail (S25)	Jump Inc (S25)	3326	2494	gm_eIrgrGCh@p@fB??T]T[T]T[V]T]CGQc@Qc@Qe@Qe@Qc@Qc@Qg@BUpBwCBK@A@O@MCYKOIOKMOSOOMM_@YGCMGQIGAYCWEWAO?G@E@c@FMDQHEBGBMHSNSNWTEDa@ZUR]b@Q^Wf@Qf@Of@EXGVKt@AJ@N@LDJ?@HLnBRFBBD@D?D?D?B?RAFE@QAwAOCBAF?F?DBFR@ZDZBZDP@B@@B@JMzEAZt@pB??SZ}@_C@m@NkF[E[C[ESACG?E?G@GBCvANFCBE?I?GACCCC?eBSKAGCGKIMGQAW@O@OHi@F]?E@EDQLi@DMLYJU@EHORc@PWRULMHKNMNO^YROZQFELGTGREVGDAFAH?P?`@@P@D@VDXFHDJF\TLJLNLPNPVd@NZNZVh@f@nAJRJL@BDBDFNHNDF@DBHEH?D?JEHGJINUBU?G?KEc@?IA]CGe@oAINMN}@cC\~@^bALOHOd@nABFNRJJBDB@B@F@D?JCr@aA`@g@DKPQ@IDQDKFIFGDAFAD?D@HBFFFHDLBJBJ?L?L?LCJCJEJEHGFEBGBI?GAOB_@J_@NUNURY\GJIHABSXGRITEJAHBZ@VCLCNEJGHGHGBIBIAGAIEEEEGCGEIAICKAYM_@So@EKcAyBQ_@GFKPEFSZ}A|BK@a@M?h@Ap@EbAC|@CbA?T	Click to Generate
S25	45	1			3	Shirefreen News 'n' Booze (S25)	Hartley Brook Road Post Office (S25)	Volksgear (S25)	3970	2978	ctceI~oyGOwAF]@O?K?K_AVe@Ja@F}@A_@CKCGIGGZo@Cq@?i@Ac@AeB?{BBkA?KZ@??[A?JCjA?zB@dB@b@?h@Bp@[n@Q^Qb@K`@Ib@Kf@Ed@AXCXAl@@n@@d@D`@F^DRLh@Rj@Rj@Th@RZDF\f@Z\`@\b@NZL`AR`AFn@@rBA^AT?bAAXAT?d@@r@Fv@Jv@Pr@Pp@TT}ADW@EBADAbAj@@OTwBZmDLuAHw@H}@Fg@LaBHeADs@Ba@Be@?m@?M?oCAcA?W?yB?S?s@?gC?aD@iD?S?u@C[KKOMQMQIi@WsAq@wAo@QIYGa@Ae@DM@]Fm@Ly@TOFa@NYJYJcBh@A?qA^m@He@BU?QCSIQISOSWS_@U_@y@kAc@m@GOEOIa@Ie@Cg@AKAGEICRIEEMAOAIOIECOAI@EF_@xB^yBDGHAN@TL@H@NDLHDe@hCEVIl@Mt@M|@KlAKrACp@Cp@MrCCv@Ch@ElAKrCIxBHHBHBTNbDTfDDn@@VF|@D\BHDDBBB@BY@YDe@Jg@Hc@Ja@Pc@P_@FFFHJB^B|@@`@Gd@K~@W?J?JANG\NvA	Click to Generate
S25	45	1			3	Beck Primary School (S25)	Shiregreen Medical Centre (S25)	Shirefreen News 'n' Booze (S25)	4141	3106	i|beIrgzG??KJGNEPOGOIq@Us@Qw@Qw@Ks@Ge@ACSGQKSe@cA]{@_@cAWy@Qq@Me@SaAUkAQmAEYMiAKcAGaAEu@wA^_@L?J?JANG\NvA??OwAF]@O?K?K^MvA_@Cg@E_AAw@Ac@@e@?W?WFCAe@?G?YAS?M@g@?SBi@D}ABe@Bi@Hk@N{@R}@Tu@Vi@JSd@y@P[HU@QAQXKXK`@ONGx@Ul@M\GLAd@E`@@XFPHvAn@rAp@h@VPHPLNLJJBm@@s@DsAFeA?IBo@VL@?zBfArFpCs@dGCV}A{@IECAaAi@kB_A]QQGMCQCKKOMQMQIi@WsAq@wAo@QIYGa@Ae@DM@]Fm@Ly@TOFa@NYJYJcBh@A?qA^m@He@BU?QCSIQISOSWS_@U_@SfAUxAOrAKfAOjBGdAEtACl@ClAZ@??[A?JCjA?zB@dB@b@?h@Bp@[n@Q^Qb@K`@Ib@Kf@Ed@AXCXAl@@n@@d@D`@F^DRLh@Rj@Rj@Th@RZDF\f@Z\`@\b@NZL`AR`AFn@@rBA^AT?bAAXAT?d@@r@Fv@Jv@Pr@Pp@TNHNFDQFOJK??	Click to Generate
S25	60	1			3	Sci-Tek Snack Shack (S25)	Kelford School (S25)	South Street Convenience Store (S25)	12335	9251	}paeIxxlGWFSDWJMZUHQ?[@_@AMCkAa@m@MCOAOAe@OsGAYCSOs@EKEGGCEAQHOL]d@KLKDIBC?SBGHIl@C^EVeAjBMRu@pA[j@U`@aA~AYd@u@nAQX_@h@k@h@MLOPILWe@ESCO?CA]?QBcE?Y@yA@wB?W@[?G?_A@eBBkB?K?c@B}B@qA?yA@wABiA?S@kA@g@?EAq@AoAC{@GoA?]Ba@Jy@f@sELcAv@eHRiBDg@?}@?g@?wA?O?_BAaACo@Ce@E_@Iy@Gg@E]EWEm@CUAa@EmAGm@AQAo@?S?k@?g@NBr@DbADL@xAJnB?pBBd@AtAWdI}CtAi@PQHOBQBOHOHKJGLCJ@JDJJHLDRDR@VF^N|@VdAFVPx@b@~@Xr@RRJHVNH@DBHPBNAT?@?V@RJn@Nl@Nr@B\FPDRb@|AJr@b@nCZpBBTr@zE^dCf@|CP~@Pl@Vv@Xp@\h@^d@TVjAdAp@h@XHD@TFHAD?JFDFDR@N?JETILGDE@EAKHC@KLEDIRoApBcAzAuAjB\xAR~@@~@A`B@z@Dp@Jr@Lp@X|@Lb@DLVpARdALhAHfADbA@t@@V?`ACt@MfA?HAn@BfA@z@RvL@|@ZxQ[yQ?EAw@SwLA{@CgA@o@?ILgABu@?aAAWAu@EcAIgAMiASeAWqAEMMc@Y}@Mq@Ks@Eq@A{@@aBA_AS_A]yAtAkBbA{AnAqBHS@KBU?C@]AOK_@ACQc@q@i@kAeAUW_@e@]i@Yq@Ww@Qm@Q_Ag@}C_@eCs@{ECU[qBc@oCKs@c@}AESGQIUK[IUYcAKSU[CCGMCOCk@GWMg@Ys@c@_A[i@]m@UUw@g@KCIEc@S]Ea@?e@LeIdDeBd@uAV_@BK@qAF}AAaBKWJMJIJEFCFGPKd@?FDlA@`@BTDl@DVD\Ff@Hx@D^Bd@Bn@@`A?~A?N?vA?f@?|@Ef@ShBw@dHMbAg@rEKx@C`@?\FnABz@@nA@p@?DAf@AjA?RChAAvA?xAApAC|B?b@?JCjBAdB?~@?FAZ?VAvBAxA?XCbE?P@\?BBNDRVd@MZQp@b@b@bA`A\^j@x@FHnA`C`@t@l@nAf@vAN`@Pf@HTXx@`@nAZ~@BLPj@^|A?DHl@BNDVFp@HtAFtADtAFxBB`@eAHECqByBGNEDIBGAEIEHK\_@vAAH?JDVDNB@@B@D?@@BAD?DCBA@C@CACCAC?EAE@E@CBC@AB?EOEW?K@I^wAJ]DIAI?KFWGI[]]_@s@w@k@k@uB|Mg@|C?T?D@HDHlE|Cx@l@B@b@\PLxAdAJJJPb@z@h@jAdBnD^v@FLXl@FFH@F?FCFCE[Kw@Ea@SyAk@mEOmAOeASeBCUKeAIsAAQAUCWAm@Cc@Ak@GqBCa@GyBEuAGuAIuAGq@EWCOIm@?E_@}AQk@CM[_Aa@oAYy@IUQg@Oa@g@wAm@oAa@u@oAaCGIk@y@]_@cAaAc@c@Pq@L[HMNQLMj@i@^i@PYt@oAXe@`A_BTa@Zk@t@qALSdAkBDWB_@Hm@FIRCB?HCJEJM\e@NMPID@FBDFDJNr@BR@XNrG@d@@NBNl@LjA`@LB^@ZAP?TIL[VKREVG	Click to Generate
S25	30	1			3	Blackburn Primary School (S25)	Blackburn Youth Club (S25)	Csk Motors (S25)	2427	1820	y{beIlftGKj@@PDLNRHLRc@FW|@l@DMDSN_@j@eA??k@dAO^EREL}@m@@S@IB_A?O?o@Bo@Do@Fc@Hi@Fk@Fs@Ba@Be@Bg@XAJ???K?Y@?G@s@?m@@k@@m@D_AJ{@Jw@@KZcBBDRTV\PTPTBBh@z@NVl@jAXt@Xv@ZbAr@zBNf@v@nCNl@h@_@BC`@U|BgAdAe@pCmAKQYMw@_@ECGIFHDBv@^XLJP}BbASHeAd@}BfAa@TCBi@^Om@w@oCOg@s@{B[cAYw@Yu@m@kAOWi@{@CCQUQUW]SUCE[bBAJKv@Kz@E~@Al@Aj@?l@Ar@?FCf@Cd@C`@Gr@Gj@Ih@Gb@En@Cn@?n@?NC~@AHARGVSb@IMOSEMAQJk@	Click to Generate
S25	30	1			3	Blackburn Youth Club (S25)	Blackburn Minimarket (S25)	Csk Motors (S25)	2810	2108	avbeIdetGk@dAO^EREL}@m@@S@IB_A?O?o@Bo@Do@Fc@Hi@Fk@Fs@Ba@Be@Bg@XAJ???K?Y@Cf@Cd@C`@Gr@Gj@Ih@Gb@En@Cn@?n@?NC~@AHARGVSb@IMOSEMAQJk@BUO`A@PDLNRHLRc@FW@S@IB_A?O?o@Bo@Do@Fc@Hi@Fk@Fs@Ba@Be@Bg@?G@s@?m@@k@@m@D_AJ{@Jw@@KZcBBDRTV\PTPTBBh@z@NVl@jAXt@Xv@ZbAr@zBNf@v@nCNl@h@_@BC`@U|BgAdAe@pCmAKQYMw@_@ECGIFHDBv@^XLJP}BbASHeAd@}BfAa@TCBi@^Om@w@oCOg@s@{B[cAYw@Yu@m@kAOWi@{@CCQUQUW]SUCE[bBAJKv@Kz@E~@Al@Aj@?l@Ar@?FCf@Cd@C`@Gr@Gj@Ih@Gb@En@Cn@?n@?NC~@AHAR|@l@DMDSN_@j@eA	Click to Generate
S25	30	1			3	Blackburn Primary School (S25)	Blackburn Minimarket (S25)	Csk Motors (S25)	2441	1831	awbeI`wsGK?Y@Cf@Cd@C`@Gr@Gj@Ih@Gb@En@Cn@?n@?NC~@AHAR|@l@DMDSN_@j@eA??k@dAO^EREL}@m@GVSb@IMOSEMAQJk@BUO`A@PDLNRHLRc@FW@S@IB_A?O?o@Bo@Do@Fc@Hi@Fk@Fs@Ba@Be@Bg@?G@s@?m@@k@@m@D_AJ{@Jw@@KZcBBDRTV\PTPTBBh@z@NVl@jAXt@Xv@ZbAr@zBNf@v@nCNl@h@_@BC`@U|BgAdAe@pCmAKQYMw@_@ECGIFHDBv@^XLJP}BbASHeAd@}BfAa@TCBi@^Om@w@oCOg@s@{B[cAYw@Yu@m@kAOWi@{@CCQUQUW]SUCE[bBAJKv@Kz@E~@Al@Aj@?l@Ar@?FXAJ?	Click to Generate
S25	60	1			3	Two Dinners Ignatiu (S25)	Abbey School (S25)	Freddy (S25)	5607	4205	skceI~kqGGTkCpB??ODQCg@YYCw@Eq@@Al@??@m@?WBSHO`@GfBMf@GbAs@n@cAXeAVmBFUFa@D[FuAAy@KoA_@kBGe@U{A{@uFg@}CUyAEWEOOYDMFU@G@EDSHY@]?QAQESZYBAPOJKLQPSNUHM`@s@d@s@Ze@X[RWPSLUHMj@cABKBOPLLLt@z@RVDFj@r@j@t@JNr@|@h@t@b@j@FH\b@PNRLTHG`@Gf@E`@AV?R@b@BVHZHTDFJNJJ|@h@|@f@NHf@`@b@b@HJVXPXBBLRZh@Vh@P^P`@Nf@Nh@Nh@Ln@Hj@Hl@B\@PB`@@L?R?V?`@Cd@Cb@Gp@CJIj@EVGTERGRUn@S^S^SX_@b@u@x@SVGFIJGNEPAN?R@NBT@F@HJt@F\TbBFZFTFJl@z@PVBJF\Dd@@h@@~A@jAAZAVCZADEj@Ix@OxAKjAKbAKlAOtAE`@E`@G^KXSl@[x@g@xAM^KZQz@I\Qt@W]SUCEg@c@e@e@s@g@wBwAwDcCaD{B_Ai@y@[GCMGkCkAc@WMKCAk@e@MK{CkDoGwHWMoCs@GCwCy@i@KqCYFuA?g@?SLmCDw@N{@Jg@Zm@BC\g@NOPI`@GLCTEj@OPKLQp@iBRs@j@yAhAgCdAaCdAyBhByBhAyAr@gANi@PwAJi@Le@JYHSPUb@_@RQFKJMHULa@NXDNDVTxAf@|Cz@tFTzAFd@^jBJnA@x@GtAEZC`A?zAMpDAD	Click to Generate
S25	45	1			3	AllSaints (S25)	SYPTE (S25)	Jump Inc (S25)	3597	2698	ev_eInfrGMnEAZt@pB??SZ}@_C@m@NkF[E[C[ESACG?E?G@GBCvANFCBE?I?GACCCC?eBSIDA@EDGNEP?JAvG?LAt@@P?J?^ATABEVo@~@GJKRILKNEPADEJBHFDXd@V`@FJ?\@P?X\l@HLNVNXXm@^y@gAsBuAkAGEUQk@g@GEOKO[EGCICICGA[?S?I@I@KDSXUDEVOlAi@T[@ABMDU@{@?uC@c@@g@@SBg@@O@OHi@F]?E@EDQLi@DMLYJU@EHORc@PWRULMHKNMNO^YROZQFELGTGREVGDAFAH?P?`@@P@D@VDXFHDJF\TLJLNLPNPVd@NZNZVh@f@nAJRJL@BDBDFNHNDF@DBHEH?D?JEHGJINUBU?G?KEc@?IA]CGe@oAINMN}@cC\~@^bALOHOd@nABFNRJJBDB@B@F@D?JCr@aA`@g@DKPQ@IDQDKFIFGDAFAD?D@HBFFFHDLBJBJ?L?L?LCJCJEJEHGFEBGBI?GAOB_@J_@NUNURY\GJIHABSXGRITEJAHBZ@VCLCNEJGHGHGBIBIAGAIEEEEGCGEIAICKAYM_@So@EKcAyBQ_@GMSg@KOIOKMOSOOMM_@YGCMGQIGAYCWEWAO?G@E@c@FMDQHEBGBMHSNSNWTEDa@ZUR]b@Q^Wf@Qf@Of@EXGVKt@AJ@N@LDJ?@HLnBRFBBD@D?D?D?B?RAFE@QAwAOCBAF?F?DBFR@ZDZBZDP@B@@B@J?J	Click to Generate
S25	20	1			3	St Lawrence Church (S25)	Tinsley Meadows Primary School (S25)	Madani Education Centre (S25)	1903	1427	qz~dIhjoG`ByAIQAEEGCEKIOC@_@?SBODMr@}ADGFEHAH?NJLFHBFAFdABHDBB@CAECCIGeAG@ICMGOKI?I@GDEFs@|AEL?BCJ?RA^NBJHBDDF@DHPRp@BHHXFVRp@HZ_Ax@GFq@l@q@r@UVg@j@WZ[f@u@hAm@`AINmAvDELQ`@]h@U\OX]r@EIa@s@e@gA]eA[_AtAmBq@qBM@KDCDOa@??N`@BEJELAp@pBuAlBBHVt@\dAd@fA`@r@DH\s@NYT]\i@Pa@DMlAwDHOl@aAt@iAZg@V[f@k@TWG]Kq@G_@Oy@Ie@v@u@	Click to Generate
S25	30	1			3	Tinsley Meadows Primary School (S25)	Hanfia Masjid (S25)	Madani Education Centre (S25)	2239	1679	{t_eIxeoG?LJdBPGXjEbC`HjAfDNh@tAmBq@qBM@KDCDOa@??N`@BEJELAp@pBuAlBOi@kAgDcCaH{Bl@cCn@yBp@GBi@Ng@JIFGDKNTv@f@bBNr@Tn@\bADJXr@Th@z@nBHRl@lA`@z@DF`@x@Xd@`@j@JLRXHHVRNHTHVENBd@Fh@NN@VCDA\OVe@Ra@NeAHoAHy@No@L[LUEIa@s@e@gA]eAWu@CIOi@kAgDcCaHYkEQFKeB?M	Click to Generate
S25	30	1			3	Suzy (S25)	Freddy (S25)	Morris (S25)	2863	2147	a_deIxfrG~CtD`AfAxAbBLJj@d@B@LJb@VjCjALFFBx@Z~@h@`DzBvDbCvBvAr@f@d@d@f@b@[bBAJKv@Kz@E~@Al@Aj@?l@IEECIQCSDYFGBALE@m@D_AJ{@Jw@@KZcBg@c@e@e@s@g@wBwAwDcCaD{B_Ai@y@[GCMGkCkAc@WQMk@e@MK{CkDoGwHWMoCs@GCwCy@i@KqCYFuA?g@?SnAPoAQ?R?f@GtApCXh@J??vCx@FBnCr@VLnB`C	Click to Generate
S25	30	1			3	Blackburn Primary School (S25)	Blackburn Youth Club (S25)	Blackburn Minimarket (S25)	2532	1899	a`beIf{sGSHeAd@}BfAa@TCBi@^Om@w@oCOg@s@{B[cAYw@Yu@m@kAOWi@{@CCQUQUW]SUCE[bBAJKv@Kz@E~@Al@Aj@?l@Ar@?FCf@Cd@C`@Gr@Gj@Ih@Gb@En@Cn@?n@?NC~@AHAR|@l@DMDSN_@j@eA??k@dAO^EREL}@m@@S@IB_A?O?o@Bo@Do@Fc@Hi@Fk@Fs@Ba@Be@Bg@XAJ???K?Y@Cf@Cd@C`@Gr@Gj@Ih@Gb@En@Cn@?n@?NC~@AHARGVSb@IMOSEMAQJk@BUO`A@PDLNRHLRc@FW@S@IB_A?O?o@Bo@Do@Fc@Hi@Fk@Fs@Ba@Be@Bg@?G@s@?m@@k@@m@D_AJ{@Jw@@KZcBBDRTV\PTPTBBh@z@NVl@jAXt@Xv@ZbAr@zBNf@v@nCNl@h@_@BC`@U|BgAdAe@RI	Click to Generate
S25	30	1			3	Meadow View Primary School (S25)	South Street Convenience Store (S25)	Bake N Butty (S25)	2618	1964	wpbeIj_pGKVm@u@[]SOSMe@QKEo@SUISMQO]c@GIc@k@i@u@s@}@^oARm@??Sl@_@nAr@|@h@t@b@j@FH\b@PNRLTHn@RJDd@PRLRNZ\l@t@r@kBv@sBBIt@uBTm@Ne@Le@XwADSn@aDx@l@B@b@\PLxAdA{AlFWYiA|CGHIEaCoCu@tBCHw@rBs@jBm@u@[]SOSMe@QKEo@SUISMQO]c@GIc@k@i@u@s@}@KOk@u@k@s@EGSWg@k@MOMMQM?MAOCWGu@K}@XOLONUFGRYSXGFOTMNYNJ|@Ft@BV@N?LPLLLt@z@RVDFj@r@j@t@JNr@|@h@t@b@j@FH\b@PNRLTHn@RJDd@PRLRNZ\l@t@JW	Click to Generate
S25	20	1			3	St Thomas Church Wincobank (S25)	Fife Street Stores (S25)	Wincobank Post Office (S25)	1773	1330	_s`eIzytGGOGUWuAKo@OoAIk@w@oHSgBOkA_@eDO{AOuAm@V}@ZwB`A@LHRL\DPBR?X?f@Al@DHZvCdAdBkAz@[TOX_@t@GWs@gEAEKo@Qu@]eBYwASeAXUPIXE`@?T?N@HA\IvBaA|@[l@WPIDA~@]LEd@lEf@nElAtKv@dH?JADCDCDcA`@AE	Click to Generate
S25	60	1			3	Phase Eight (S25)	SYPTE (S25)	Jump Inc (S25)	5179	3884	_u_eIlqrG??SZ}@_C@m@NkF[E[C[ESACG?E?G@GBCvANFCBE?I?GACCCC?eBSKAGCGKIMGQAW@O@OHi@F]?E@EDQLi@DMLYJU@EHORc@PWRULMHKNMNO^YROZQFELGTGREVGDAFAH?P?`@@P@D@VDXFHDJF\TLJLNLPNPVd@NZNZENCLGFKPEFSZ}A|BK@a@M?h@Ap@EbAC|@CbAAf@AVp@fBT]T[T]T[V]T]CGQc@Qc@Qe@Qe@Qc@Qc@Qg@BUpBwCBK@A@O@MCYKOIOKMOSOOMM_@YGCMGQIGAYCWEWAO?G@E@c@FMDQHEBGBMHSNSNWTEDa@ZUR]b@Q^Wf@Qf@Of@EXGVKt@AJG~@C`A?JAvG?LAt@@P?J?^ATABEVo@~@GJKRILKNEPADEJBHFDXd@V`@FJ?\@P?X\l@HLNVNXXm@^y@gAsBuAkAGEUQk@g@GEOKO[EGCICICGA[?S?I@I@KDSXUDEVOlAi@T[@ABMDU@{@?uC@c@@g@@SBg@@O@OHi@F]?E@EDQLi@DMLYJU@EHORc@PWRULMHKNMNO^YROZQFELGTGREVGDAFAH?P?`@@P@D@VDXFHDJF\TLJLNLPNPVd@NZNZVh@f@nAJRJL@BDBDFNHNDF@DBHEH?D?JEHGJINUBU?G?KEc@?IA]CGe@oAINMN}@cC\~@^bALOHOd@nABFNRJJBDB@B@F@D?JCr@aA`@g@DKPQ@IDQDKFIFGDAFAD?D@HBFFFHDLBJBJ?L?L?LCJCJEJEHGFEBGBI?GAOB_@J_@NUNURY\GJIHABSXGRITEJAHBZ@VCLCNEJGHGHGBIBIAGAIEEEEGCGEIAICKAYM_@So@EKcAyBQ_@GMSg@KOIOKMOSOOMM_@YGCMGQIGAYCWEWAO?G@E@c@FMDQHEBGBMHSNSNWTEDa@ZUR]b@Q^Wf@Qf@Of@EXGVKt@AJ@N@LDJ?@HLnBRFBBD@D?D?D?B?RAFE@QAwAOCBAF?F?DBFR@ZDZBZDP@B@@B@JMzEAZt@pB	Click to Generate
S25	45	1			3	Zara (S25)	The Cruise Holiday Shop (S25)	SYPTE (S25)	3403	2552	_u_eIlqrG??SZ}@_C@m@NkFP@B@@B@JKnDAj@[C[C[E[CQCLkFCG?E?G@GBCvANFCBE?I?GACCCC?eBSKAGCGKIMGQAW@O@OHi@F]?E@EDQLi@DMLYJU@EHORc@PWRULMHKNMNO^YROZQFELGTGREVGDAFAH?P?`@@P@D@VDXFHDJF\TLJLNLPNPVd@NZNZENCLGFKPEFSZ}A|BK@a@M?h@Ap@EbAC|@CbAC~@p@fB??T]T[T]T[V]T]CGQc@Qc@Qe@Qe@Qc@Qc@Qg@BUpBwCBK@A@O@MCYKOIOKMOSOOMM_@YGCMGQIGAYCWEWAO?G@E@c@FMDQHEBGBMHSNSNWTEDa@ZUR]b@Q^Wf@Qf@Of@EXGVKt@AJG~@C`A?JAvG?LAt@@P?J?^ATABEVo@~@GJKRILKNEPADEJBHFDXd@V`@FJ?\@P?X\l@HLNVNXXm@^y@gAsBuAkAGEUQk@g@GEOKO[EGCICICGA[?S?I@I@KDSXUDEVOlAi@T[@ABMDU@{@?uCJe@@QDOHGFEHAH@nBRFBBD@D?D?D?B?RAFE@QAwAOCBAF?F?DBFR@ZDZBZDP@B@@B@JMzEAZt@pB	Click to Generate
S25	20	1			3	St Thomas Church Wincobank (S25)	Wincobank Post Office (S25)	Eastwoods (S25)	1548	1161	ycaeIfgtGKo@fCDHBHBdAdBFJLN`@l@d@j@VV^^^\^`@VVPLIk@w@oHSgBOkA_@eDO{AOuAPIDA~@]LEd@lEf@nElAtKv@dH?JADCDCDcA`@AEGOGUWuAKo@OoAQMWW_@a@_@]_@_@WWe@k@a@m@MOGKeAeBICICgCEJn@	Click to Generate
S25	45	1			3	The White Company (S25)	Barbour (S25)	Jump Inc (S25)	4159	3119	up_eIl{qG_@EWCGCECE?ICGCEGG@EACECEAO@KCYEUIe@AEAQ?S?K@I@MJ[ROZQFELGTGREVGDAFAH?P?`@@P@D@VDXFHDJF\TLJLNLPNPVd@NZNZENCLGFKPEFSZ}A|BK@a@M?h@Ap@EbAC|@CbAC~@??p@fBT]T[T]T[V]T]CGQc@Qc@Qe@Qe@Qc@Qc@Qg@BUpBwCBK@A@O@MCYKOIOKMOSOOMM_@YGCMGQIGAYCWEWAO?G@E@c@FMDQHEBGBMHSNSNWTEDa@ZUR]b@Q^Wf@Qf@Of@EXGVKt@AJ@N@LDJ?@HLnBRFBBD@D?D?D?B?RAFE@QAwAOCBAF?F?DBFR@ZDZBZDP@B@@B@JMzEAZt@pB??SZ}@_C@m@NkF[E[C[ESACG?E?G@GBCvANFCBE?I?GACCCC?eBSKAGCGKIMGQAW@O@OHi@F]?E@EDQLi@DMLYJU@EHORc@PWRULMHKNMNO^YROZQFELGTGREVGDAFAH?P?`@@P@D@VDXFHDJF\TLJLNLPNPVd@NZNZVh@f@nAJRJL@BDBDFNHNDF@DBHEH?D?JEHGJINUBU?G?KEc@?IA]CGe@oAINMN}@cC\~@^bALOHOd@nABFNRJJBDB@B@F@D?JCr@aA`@g@DKPQ@IDQDKFIFGDAFAD?D@HBFFFHDLBJBJ?L?L?LCJCJEJEHGFEBGBI?GAOB_@J_@NUNURY\GJIHABSXGRITEJAHBZ@VCLCNEJGHGHGBIBIAGAIEEEEGCGEIAICKAYM_@So@EKcAyBQ_@GMSg@KOIOKMOSOOMM_@YGCMGQIGAYCWEWAO?G@E@c@FMDQHEBGBMHSNSNWTH`@@FVnABRDFFLFJFNDBFBVB^D	Click to Generate
S25	60	1			3	Suzy (S25)	Yazier (S25)	Two Dinners Ignatiu (S25)	6233	4675	gsceInsrGCAk@e@MKyAcBaAgAoGwHWMoCs@A~@?f@FVbBdBf@fAj@r@J`@@f@CHEL@h@t@pBhBpDr@`B^l@b@dAxAv@n@f@rApA`AHfAl@Zp@@jAFYDIHIL@JH|@bAx@xAv@|BJFFWKcCO{@[qA[eAYiASw@c@y@Qw@SqA??Ky@Mg@I]C]@g@GCMGkCkAc@WQMk@e@MK{CkDoGwHWMoCs@GCwCy@i@KqCYFuA?g@?SLmCDw@N{@Jg@Zm@BC\g@NOPI`@GLCTEj@OPKLQp@iBRs@j@yAhAgCdAaCdAyBhByBhAyAr@gANi@PwAJi@Le@JYHSPUb@_@RQFKJMHULa@NXDNDVTxAf@|Cz@tFTzAFd@^jBJnA@x@GtAEZC`A?zAMpDIZkCpB??ODQCg@YYCw@Eq@@?WBSHO`@GfBMf@GbAs@n@cAXeAVmBFUFa@D[FuAAy@KoA_@kBGe@U{A{@uFg@}CUyAEWEOOYM`@ITKLGJSPc@^QTIRKXMd@Kh@QvAOh@s@fAiAxAiBxBeAxBeA`CiAfCk@xASr@q@hBMPQJk@NUDMBa@FQHON]f@CB[l@Kf@Oz@Ev@MlC?R?f@GtApCXh@JvCx@FBnCr@VLnGvHzCjDLJj@d@B@	Click to Generate
S25	45	1			3	Beck Primary School (S25)	Shiregreen Medical Centre (S25)	Shirefreen News 'n' Booze (S25)	4129	3097	s|beI|gzGA@GNEPOGOIq@Us@Qw@Qw@Ks@Ge@ACSGQKSe@cA]{@_@cAWy@Qq@Me@SaAUkAQmAEYMiAKcAGaAEu@wA^_@L?J?JANG\NvA??OwAF]@O?K?K^MvA_@Cg@E_AAw@Ac@@e@?W?WFCAe@?G?YAS?M@g@?SBi@D}ABe@Bi@Hk@N{@R}@Tu@Vi@JSd@y@P[HU@QAQXKXK`@ONGx@Ul@M\GLAd@E`@@XFPHvAn@rAp@h@VPHPLNLJJBm@@s@DsAFeA?IBo@VL@?zBfArFpCs@dGCV}A{@IECAaAi@kB_A]QQGMCQCKKOMQMQIi@WsAq@wAo@QIYGa@Ae@DM@]Fm@Ly@TOFa@NYJYJcBh@A?qA^m@He@BU?QCSIQISOSWS_@U_@SfAUxAOrAKfAOjBGdAEtACl@ClAZ@??[A?JCjA?zB@dB@b@?h@Bp@[n@Q^Qb@K`@Ib@Kf@Ed@AXCXAl@@n@@d@D`@F^DRLh@Rj@Rj@Th@RZDF\f@Z\`@\b@NZL`AR`AFn@@rBA^AT?bAAXAT?d@@r@Fv@Jv@Pr@Pp@TNHNFDQFO@A	Click to Generate
S25	45	1			3	Beck Primary School (S25)	Shirefreen News 'n' Booze (S25)	Shiregreen Medical Centre (S25)	3310	2482	o~beIljzGJ}@q@Us@Qw@Qw@Ks@Ge@ACSGQKSe@cA]{@_@cAWy@Qq@Me@SaAUkAQmAEYMiAKcAGaAEu@wA^_@L?J?JANG\NvA??OwAF]@O?K?K_AVe@Ja@F}@A_@CKCGIGGZo@Cq@?i@Ac@AeB?{BBkA?KZ@??[ABmABm@DuAFeANkBJgANsATyARgAT^R^RVRNPHRHPBT?d@Cl@IpA_@@?bBi@XKXK`@ONGx@Ul@M\GLAd@E`@@XFPHvAn@rAp@h@VPHPLNLJJPBLBPF\PjB~@`Ah@B@HD|Az@d@Rf@Tj@TZHNDv@PD@AT]nFWbFcDc@y@Im@Ga@CM@C@EFgAgAMK]]CAGEMGMAc@@M??R?xB?V@bA?nC?L?l@Cd@C`@Er@IdAM`BGf@I|@Iv@MtA[lDUvBANIv@QjAo@]OGOIK|@	Click to Generate
S25	45	1			3	Beck Primary School (S25)	Shirefreen News 'n' Booze (S25)	Shiregreen Medical Centre (S25)	3307	2480	y|beInkzGAGEUCU@YOGOIq@Us@Qw@Qw@Ks@Ge@ACSGQKSe@cA]{@_@cAWy@Qq@Me@SaAUkAQmAEYMiAKcAGaAEu@wA^_@L?J?JANG\NvA??OwAF]@O?K?K_AVe@Ja@F}@A_@CKCGIGGZo@Cq@?i@Ac@AeB?{BBkA?KZ@??[ABmABm@DuAFeANkBJgANsATyARgAT^R^RVRNPHRHPBT?d@Cl@IpA_@@?bBi@XKXK`@ONGx@Ul@M\GLAd@E`@@XFPHvAn@rAp@h@VPHPLNLJJPBLBPF\PjB~@`Ah@B@HD|Az@d@Rf@Tj@TZHNDv@PD@AT]nFWbFcDc@y@Im@Ga@CM@C@EFgAgAMK]]CAGEMGMAc@@M??R?xB?V@bA?nC?L?l@Cd@C`@Er@IdAM`BGf@I|@Iv@MtA[lDUvBANIv@QjAOfAKEEICG	Click to Generate
S25	60	1			3	Crow Girl (S25)	Suzy (S25)	Yazier (S25)	5157	3868	obeeI|`uGMa@m@qBmCol@IoDUyEUiFC}A?SDyEBgAAKOy@d@eBXw@fFeNd@qABIHJ\^h@f@\Xd@\nBzA^HXBrBNpCXh@JvCx@FBnCr@VLnB`C~CtD`AfAxAbBLJj@d@PLb@VjCjALFFBAf@B\H\Lf@Jx@??RpAPv@b@x@Rv@XhAZdAZpANz@JbCGVKGw@}By@yA}@cAKIMAIHEHGXAkA[q@gAm@aAIsAqAo@g@yAw@c@eA_@m@s@aBiBqDu@qBAi@DMBIAg@Ka@k@s@g@gAcBeBGW?g@@_AGCwCy@i@KqCYsBOYC_@IoB{Ae@]]Yi@g@]_@IKCHe@pAgFdNYv@e@dBNx@@JCfAExE?RB|AThFTxEHnDlCnl@l@pBL`@	Click to Generate
S25	30	1			3	Wooley Tyres (S25)	Shirefreen News 'n' Booze (S25)	Beck Primary School (S25)	2949	2212	{}ceIz{wGLF@H@NDLHDBSLu@H}@Fg@Bi@B]g@iACEu@u@SWEIIMUg@KUIOYm@aAcBh@oB\cATi@Vi@^q@x@_BdAwBR\v@~Ae@Td@Uw@_BS]eAvBy@~A_@p@Wh@Uh@]bAi@nB`AbBXl@HNJTTf@NVRVt@t@BDf@hAC\Ch@Gf@I|@Mt@DH@F@JBf@Hd@H`@DNFNb@l@x@jASfAUxAOrAKfAOjBGdAEtACl@ClAZ@??[A?JCjA?zB@dB@b@?h@Bp@[n@FFFHJB^B|@@`@Gd@K~@W?J?JANG\NvA??OwAF]@O?K?K_AVe@Ja@F}@A_@CKCGIGGQ^Qb@K`@Ib@Kf@Ed@AXCXCACCEECIE]G}@AWEo@UgDOcDCUCIIIHyBJsCDmABi@Bw@LsCBq@Bq@JsAJmAL}@Lu@Hm@DWd@iCIEEMAOAIMG	Click to Generate
S25	20	1			3	Madani Education Centre (S25)	Tinsley Meadows Primary School (S25)	Lily Chinese Massage (S25)	1945	1459	}|_eIlcpGz@nBHRl@lA`@z@DF`@x@Xd@`@j@JLRXHHVRNHTHVENBd@Fh@NN@VCDA\OVe@Ra@NeAHoAHy@No@L[LUEIa@s@e@gA]eAWu@CItAmBq@qBM@KDCDOa@??N`@BEJELAp@pBuAlBOi@kAgDaBxB}AtBoA~AKNkAfBOTl@lA`@z@DF`@x@Xd@`@j@JLRXHHVRNHTHIr@?DvBdDu@iAaA{A?EHs@UIOIWSIISYKMa@k@Ye@a@y@EGa@{@m@mAIS{@oB	Click to Generate
S25	45	1			3	Beck Primary School (S25)	Shiregreen Medical Centre (S25)	Shirefreen News 'n' Booze (S25)	4128	3096	m}beIpezGU|Aq@Us@Qw@Qw@Ks@Ge@ACSGQKSe@cA]{@_@cAWy@Qq@Me@SaAUkAQmAEYMiAKcAGaAEu@wA^_@L?J?JANG\NvA??OwAF]@O?K?K^MvA_@Cg@E_AAw@Ac@@e@?W?WFCAe@?G?YAS?M@g@?SBi@D}ABe@Bi@Hk@N{@R}@Tu@Vi@JSd@y@P[HU@QAQXKXK`@ONGx@Ul@M\GLAd@E`@@XFPHvAn@rAp@h@VPHPLNLJJBm@@s@DsAFeA?IBo@VL@?zBfArFpCs@dGCV}A{@IECAaAi@kB_A]QQGMCQCKKOMQMQIi@WsAq@wAo@QIYGa@Ae@DM@]Fm@Ly@TOFa@NYJYJcBh@A?qA^m@He@BU?QCSIQISOSWS_@U_@SfAUxAOrAKfAOjBGdAEtACl@ClAZ@??[A?JCjA?zB@dB@b@?h@Bp@[n@Q^Qb@K`@Ib@Kf@Ed@AXCXAl@@n@@d@D`@F^DRLh@Rj@Rj@Th@RZDF\f@Z\`@\b@NZL`AR`AFn@@rBA^AT?bAAXAT?d@@r@Fv@Jv@Pr@Pp@TT}A	Click to Generate
S25	45	1			3	AllSaints (S25)	SYPTE (S25)	Jump Inc (S25)	3606	2704	cv_eIjerG??CJ@JMzEAZt@pB??SZ}@_C@m@NkF[E[C[ESACG?E?G@GBCvANFCBE?I?GACCCC?eBSIDA@EDGNEP?JAvG?LAt@@P?J?^ATABEVo@~@GJKRILKNEPADEJBHFDXd@V`@FJ?\@P?X\l@HLNVNXXm@^y@gAsBuAkAGEUQk@g@GEOKO[EGCICICGA[?S?I@I@KDSXUDEVOlAi@T[@ABMDU@{@?uC@c@@g@@SBg@@O@OHi@F]?E@EDQLi@DMLYJU@EHORc@PWRULMHKNMNO^YROZQFELGTGREVGDAFAH?P?`@@P@D@VDXFHDJF\TLJLNLPNPVd@NZNZVh@f@nAJRJL@BDBDFNHNDF@DBHEH?D?JEHGJINUBU?G?KEc@?IA]CGe@oAINMN}@cC\~@^bALOHOd@nABFNRJJBDB@B@F@D?JCr@aA`@g@DKPQ@IDQDKFIFGDAFAD?D@HBFFFHDLBJBJ?L?L?LCJCJEJEHGFEBGBI?GAOB_@J_@NUNURY\GJIHABSXGRITEJAHBZ@VCLCNEJGHGHGBIBIAGAIEEEEGCGEIAICKAYM_@So@EKcAyBQ_@GMSg@KOIOKMOSOOMM_@YGCMGQIGAYCWEWAO?G@E@c@FMDQHEBGBMHSNSNWTEDa@ZUR]b@Q^Wf@Qf@Of@EXGVKt@AJ@N@LDJ?@HLnBRFBBD@D?D?D?B?RAFE@QAwAOCBAF?F?DBFR@ZDZBZDP@B@@BBK??	Click to Generate
S25	30	1			3	Hancock Cars (S25)	Shirefreen News 'n' Booze (S25)	Beck Primary School (S25)	2116	1587	s_deIbpwG??NVRVt@t@BDf@hAC\Ch@Gf@I|@Mt@CRIEEMAOAIMGGEOAI@EF_@xB^yBDGHAN@TL@H@NDLHDe@hCHCNEJAH?L?D?FCDNFNb@l@x@jASfAUxAOrAKfAOjBGdAEtACl@ClAZ@??[A?JCjA?zB@dB@b@?h@Bp@[n@FFFHJB^B|@@`@Gd@K~@W?J?JANG\NvA??OwAF]@O?K?K_AVe@Ja@F}@A_@CKCGIGGZo@Cq@?i@Ac@AeB?{BBkA?KBmABm@DuAFeANkBJgANsATyARgAy@kAc@m@GOEOIa@Ie@Cg@AKAGEILu@H}@Fg@Bi@B]g@iACEu@u@SWOW??	Click to Generate
S25	30	1			3	Masjid Abu Bakr (S25)	Tinsley Sports and Social Club (S25)	Tinsley Meadows Primary School (S25)	2948	2211	cw~dIvkoG\YRp@HZ_Ax@GFq@l@q@r@UVZlBJEHEPQd@c@w@t@IDKD[mBTWp@s@p@m@FG~@y@bC{BRQd@e@X]T]N]Pc@DQFWF_@@Ib@qDLeAPyAX}BBOD_@D]Ju@MAIAG@}A|@OFM???L?NG|A}@FAH@L@Kt@E\E^CNY|BQxAMdAc@pDAHG^GVEPQb@O\U\Y\e@d@SPcCzB_Ax@GFq@l@q@r@UVg@j@WZ[f@u@hAm@`AINmAvDELQ`@]h@U\OX]r@EIa@s@e@gA]eA[_AtAmBq@qBM@KDCDOa@??N`@BEJELAp@pBuAlBZ~@\dAd@fA`@r@DH\s@NYT]\i@Pa@DMlAwDHOl@aAt@iAZg@V[f@k@TWp@s@p@m@FG~@y@I[Sq@]X	Click to Generate
S25	20	1			3	St Lawrence Church (S25)	Tinsley Meadows Primary School (S25)	Madani Education Centre (S25)	2011	1508	kz~dI~noG[^Jp@F\p@s@p@m@FG~@y@I[Sq@GWIYCISq@IQAEEGCEKIOC@_@?SBODMr@}ADGFEHAH?NJLFHBFAFdABHDBB@CAECCIGeAG@ICMGOKI?I@GDEFs@|AEL?BCJ?RA^NBJHBDDF@DHPRp@BHHXFVRp@HZ_Ax@GFq@l@q@r@UVg@j@WZ[f@u@hAm@`AINmAvDELQ`@]h@U\OX]r@EIa@s@e@gA]eA[_AtAmBq@qBM@KDCDOa@??N`@BEJELAp@pBuAlBBHVt@\dAd@fA`@r@DH\s@NYT]\i@Pa@DMlAwDHOl@aAt@iAZg@V[f@k@TWG]Kq@Z_@	Click to Generate
S25	45	1			3	Ernest Jones (S25)	SYPTE (S25)	Jump Inc (S25)	3597	2698	gv_eIfgrGKvDAZt@pB??SZ}@_C@m@NkF[E[C[ESACG?E?G@GBCvANFCBE?I?GACCCC?eBSIDA@EDGNEP?JAvG?LAt@@P?J?^ATABEVo@~@GJKRILKNEPADEJBHFDXd@V`@FJ?\@P?X\l@HLNVNXXm@^y@gAsBuAkAGEUQk@g@GEOKO[EGCICICGA[?S?I@I@KDSXUDEVOlAi@T[@ABMDU@{@?uC@c@@g@@SBg@@O@OHi@F]?E@EDQLi@DMLYJU@EHORc@PWRULMHKNMNO^YROZQFELGTGREVGDAFAH?P?`@@P@D@VDXFHDJF\TLJLNLPNPVd@NZNZVh@f@nAJRJL@BDBDFNHNDF@DBHEH?D?JEHGJINUBU?G?KEc@?IA]CGe@oAINMN}@cC\~@^bALOHOd@nABFNRJJBDB@B@F@D?JCr@aA`@g@DKPQ@IDQDKFIFGDAFAD?D@HBFFFHDLBJBJ?L?L?LCJCJEJEHGFEBGBI?GAOB_@J_@NUNURY\GJIHABSXGRITEJAHBZ@VCLCNEJGHGHGBIBIAGAIEEEEGCGEIAICKAYM_@So@EKcAyBQ_@GMSg@KOIOKMOSOOMM_@YGCMGQIGAYCWEWAO?G@E@c@FMDQHEBGBMHSNSNWTEDa@ZUR]b@Q^Wf@Qf@Of@EXGVKt@AJ@N@LDJ?@HLnBRFBBD@D?D?D?B?RAFE@QAwAOCBAF?F?DBFR@ZDZBZDP@B@@B@JAb@	Click to Generate
S25	45	1			3	Wincobank Fish Bar (S25)	Eastwoods (S25)	Northern Trains (S25)	3344	2508	qx`eI~_tGWuBO{AOuAm@V}@ZwB`A]HI@OAU?a@?YDQHYTRdAXvAl@@zBDDHZvCdAdBFJLN`@l@d@j@VV^^^\^`@VVPLNnAJn@VtAFTFN@DbAa@BEBE@E?Kw@eHmAuKg@oEe@mEbBo@xAq@@?FC\MGm@AKIo@QiBCYAQ?U?Q@MBUBODMDMHMFGHI\QLGPGb@ONCBAn@IJALCLELGDO@M?C?KMa@So@M[K]EMI[EQPIFEFEDCPMNQPQVa@j@aAV_@NOTWb@MJCJ?JANBNFNJ^f@Nh@Fj@EPADEJBHAHCn@?t@@p@DZt@lALVRXBBBDB?B?DEHOP_@x@gBgAsBuAkAGEUQk@g@GEOKKE_@KKAO?OBOBQHOLKLMNYh@SVYZKJWf@CJCFEVAVDd@Rn@L`@HTBL?L?JCFCDI@GAQGGAKAK@o@HC@OBc@NQFMF]PIHGFILELELCNCTAL?P?T@PBXPhBHn@@JFl@]LGBA?yAp@cBn@MD_A\WJNtANzAVtB	Click to Generate
S25	20	1			3	Tinsley Meadows Primary School (S25)	Madani Education Centre (S25)	Hanfia Masjid (S25)	2025	1519	ws_eI`~nGNxBX\RJETIPMLaAXAPJdBPGXjEbC`HjAfDNh@tAmBq@qBM@KDCDOa@??N`@BEJELAp@pBuAlBBHVt@\dAqEjGmBaCqBaCkAfBOTIS{@oBUi@Ys@EK]cAUo@[g@MYGMGKY_@UU[a@GKKMCO?O@Y?GDk@Bm@Cq@AMCUAu@Lh@?@Ht@DCHCRIhFwAnFcBKeB@Q`AYLMHQDUSKY]OyB	Click to Generate
S25	60	1			3	Reiss (S25)	Jump Inc (S25)	SYPTE (S25)	5157	3868	em_eIpfrGAJbAhCT[T]T[V]T]CGQc@Qc@Qe@Qe@Qc@Qc@Qg@BUpBwCBK@A@O@MCYKOIOKMOSOOMM_@YGCMGQIGAYCWEWAO?G@E@c@FMDQHEBGBMHSNSNWTEDa@ZUR]b@Q^Wf@Qf@Of@EXGVKt@AJ@N@LDJ?@HLnBRFBBD@D?D?D?B?RAFE@QAwAOCBAF?F?DBFR@ZDZBZDP@B@@B@JMzEAZt@pB??SZ}@_C@m@NkF[E[C[ESACG?E?G@GBCvANFCBE?I?GACCCC?eBSKAGCGKIMGQAW@O@OHi@F]?E@EDQLi@DMLYJU@EHORc@PWRULMHKNMNO^YROZQFELGTGREVGDAFAH?P?`@@P@D@VDXFHDJF\TLJLNLPNPVd@NZNZVh@f@nAJRJL@BDBDFNHNDF@DBHEH?D?JEHGJINUBU?G?KEc@?IA]CGe@oAINMN}@cC\~@^bALOHOd@nABFNRJJBDB@B@F@D?JCr@aA`@g@DKPQ@IDQDKFIFGDAFAD?D@HBFFFHDLBJBJ?L?L?LCJCJEJEHGFEBGBI?GAOB_@J_@NUNURY\GJIHABSXGRITEJAHBZ@VCLCNEJGHGHGBIBIAGAIEEEEGCGEIAICKAYM_@So@EKcAyBQ_@GMSg@KOIOKMOSOOMM_@YGCMGQIGAYCWEWAO?G@E@c@FMDQHEBGBMHSNSNWTEDa@ZUR]b@Q^Wf@Qf@Of@EXGVKt@AJG~@C`A?JAvG?LAt@@P?J?^ATABEVo@~@GJKRILKNEPADEJBHFDXd@V`@FJ?\@P?X\l@HLNVNXXm@^y@gAsBuAkAGEUQk@g@GEOKO[EGCICICGA[?S?I@I@KDSXUDEVOlAi@T[@ABMDU@{@?uC@c@@g@@SBg@@O@OHi@F]?E@EDQLi@DMLYJU@EHORc@PWRULMHKNMNO^YROZQFELGTGREVGDAFAH?P?`@@P@D@VDXFHDJF\TLJLNLPNPVd@NZNZENCLGFKPEFSZ}A|BK@a@M?h@Ap@EbAC|@Av@	Click to Generate
S25	30	1			3	South Street Convenience Store (S25)	Dave's Fish Bar (S25)	Meadow View Primary School (S25)	2895	2171	uebeIv{nG@BAD?DCBA@C@CACCAC?EAE@E@CBC@AB?EOEW?K@I^wAJ]DIAI?KFWTTHHpBxBDBdAIFpB@j@Bb@@l@BV@T@PHrAJdABTRdBNdANlAj@lERxAD`@Jv@DZGBGBG?IAGGYm@GM_@w@eBoDi@kAc@{@KQKKyAeAQMc@]CAy@m@o@`DERYvAMd@Od@Ul@u@tBCHw@rBg@rAKVm@u@[]SOSMe@QKEo@SUISMQO]c@GIc@k@i@u@s@}@^oARm@??Sl@_@nAr@|@h@t@b@j@FH\b@PNRLTHn@RJDd@PRLRNZ\l@t@r@kBv@sBBIt@uBTm@Ne@Le@XwADSn@aDmE}CEIAI?E?Uf@}CtB}Mj@j@r@v@\^Z\FHTTHHGNEDIBGAEIEHK\_@vAAH?JDVDNB@@B@D?@	Click to Generate
S25	20	1			3	The Manor Barn (S25)	Kimberworth Library (S25)	Meadow View Primary School (S25)	2043	1532	k~beIhjnGMz@GDG?IEEEAE?G^eCD[@E@SAKKMUCQE]SKEC?G?ICc@YCPO`AK~@MlACRIj@APCLERIRIPWh@Ob@ELO^Sr@Ib@If@ATANAb@@d@Bh@Fl@Fl@FXF\XU@CDELS`BkDYYMMKQq@_BS]OUSr@Ib@If@Cd@Ab@@d@Bh@Fl@Fl@FXF\Jh@\rAFRJh@DVJ|@Ft@BV@N?LPLLLt@z@RVDFj@r@j@t@JN^oARm@??Sl@_@nAKOk@u@k@s@EGSWu@{@MMQM?MAOCWGu@K}@EWKi@GS]sAKi@G]GYGm@Gm@Ci@Ae@@c@Be@Hg@Hc@Rs@N_@DMNc@Vi@HQHSDSBM@QHk@t@t@NLF@FCDGXmBN}@BKBEF@TLTN\T@FO~@	Click to Generate
S25	20	1			3	The Manor Barn (S25)	Bake N Butty (S25)	The Salvation Army - Rotherham (S25)	1598	1198	qgceId_oGDELS`BkDYYMMKQq@_BS]OUSr@Ib@If@ATANAb@@d@Bh@Fl@Fl@FXF\Jh@\rAFRJh@DVJ|@Ft@BV@N?LPLLLLNf@j@RVDFj@r@j@t@JN^oARm@Sl@_@nAKOk@u@k@s@EGSWu@{@MMQMCNCJk@bAILMTQRSVYZ[d@e@r@a@r@ILOTQRMPKJQNC@@J?NCPIf@IX@]?QAQESZYBAPOJKLQPSNUHM`@s@d@s@JONUX[RWPSLUHMj@cABKBO?MAOCWGu@K}@EWKi@GS]sAKi@XU@C	Click to Generate
S25	20	1			3	The Manor Barn (S25)	Bake N Butty (S25)	The Salvation Army - Rotherham (S25)	1598	1198	qgceId_oGDELS`BkDYYMMKQq@_BS]OUSr@Ib@If@ATANAb@@d@Bh@Fl@Fl@FXF\Jh@\rAFRJh@DVJ|@Ft@BV@N?LPLLLLNf@j@RVDFj@r@j@t@JN^oARm@Sl@_@nAKOk@u@k@s@EGSWu@{@MMQMCNCJk@bAILMTQRSVYZ[d@e@r@a@r@ILOTQRMPKJQNC@@J?NCPIf@IX@]?QAQESZYBAPOJKLQPSNUHM`@s@d@s@JONUX[RWPSLUHMj@cABKBO?MAOCWGu@K}@EWKi@GS]sAKi@XU@C	Click to Generate
S25	30	1			3	American Golf (S25)	Madani Education Centre (S25)	Hanfia Masjid (S25)	2380	1785	cp_eI~wpGaA{A?EHs@VENBd@Fh@NN@VCDA\OVe@Ra@d@k@ZWNE^CP@R@ZR\ZVl@Jh@Ff@@H@fAAVC^@dAFl@Jh@Vd@X\CVK\EJIDG@[Hk@Xk@ZEY`@UQJOHDXj@[j@YZIFAHEDKJ]_@_@S]OYKISGSAU@_@b@WPWJ[BG?QEQGa@[SUOa@Mg@Go@Cg@?_@@]@UBQDSJa@Ve@Ra@NeAHoAHy@No@L[LUEIa@s@e@gA]eAWu@CIOi@kAgDcCaH{Bl@cCn@yBp@GBi@Ng@JIFGDKNTv@f@bBNr@Tn@\bADJXr@Th@z@nBHRl@lA`@z@DF`@x@Xd@`@j@JLRXHHVRNHTHIr@?D`AzA	Click to Generate
S25	45	1			3	Ernest Jones (S25)	SYPTE (S25)	Jump Inc (S25)	3597	2698	gv_eIfgrGKvDAZt@pB??SZ}@_C@m@NkF[E[C[ESACG?E?G@GBCvANFCBE?I?GACCCC?eBSIDA@EDGNEP?JAvG?LAt@@P?J?^ATABEVo@~@GJKRILKNEPADEJBHFDXd@V`@FJ?\@P?X\l@HLNVNXXm@^y@gAsBuAkAGEUQk@g@GEOKO[EGCICICGA[?S?I@I@KDSXUDEVOlAi@T[@ABMDU@{@?uC@c@@g@@SBg@@O@OHi@F]?E@EDQLi@DMLYJU@EHORc@PWRULMHKNMNO^YROZQFELGTGREVGDAFAH?P?`@@P@D@VDXFHDJF\TLJLNLPNPVd@NZNZVh@f@nAJRJL@BDBDFNHNDF@DBHEH?D?JEHGJINUBU?G?KEc@?IA]CGe@oAINMN}@cC\~@^bALOHOd@nABFNRJJBDB@B@F@D?JCr@aA`@g@DKPQ@IDQDKFIFGDAFAD?D@HBFFFHDLBJBJ?L?L?LCJCJEJEHGFEBGBI?GAOB_@J_@NUNURY\GJIHABSXGRITEJAHBZ@VCLCNEJGHGHGBIBIAGAIEEEEGCGEIAICKAYM_@So@EKcAyBQ_@GMSg@KOIOKMOSOOMM_@YGCMGQIGAYCWEWAO?G@E@c@FMDQHEBGBMHSNSNWTEDa@ZUR]b@Q^Wf@Qf@Of@EXGVKt@AJ@N@LDJ?@HLnBRFBBD@D?D?D?B?RAFE@QAwAOCBAF?F?DBFR@ZDZBZDP@B@@B@JAb@	Click to Generate
S25	30	1			3	Tinsley Meadows Primary School (S25)	Lily Chinese Massage (S25)	Hanfia Masjid (S25)	2312	1734	_l_eIn_pGCItAmBq@qBM@KDCDOa@??N`@BEJELAp@pBuAlBOi@kAgDaBxB}AtBoA~AKNkAfBOTl@lA`@z@DF`@x@Xd@`@j@JLRXHHVRNHTHIr@?DvBdDu@iAaA{A?EHs@UIOIWSIISYKMa@k@Ye@a@y@EGa@{@m@mAISqAyCYs@EK]cAUo@[g@MYGMGKY_@UU[a@GKKMCO?O@Y?GDk@Bm@Cq@AMCUAu@Lh@?@Ht@BXN~@Nv@BLFPFPTv@f@bBNr@Tn@\bADJXr@Th@z@nBHRNUjAgBJOnA_B|AuB`ByBjAfDNh@BH	Click to Generate
S25	60	1			3	Blackburn Meadows Nature Reserve (S25)	ItsaGoal (S25)	Hanfia Masjid (S25)	11048	8286	aj`eI~{mGDnB@xC`@b@Dg@Bg@Do@NwBPaDBWFoAHcBHcBFu@HuALuB@Y@]@k@A}@GeAKyBIqBE{AK}A_@eGUwBEg@Ky@UsBOmBKeAE]EUOu@Qm@Si@Se@Uc@QKA?[GEAGCIICGCMAOK_@ACQc@q@i@kAeAUW_@e@]i@Yq@Ww@Qm@Q_Ag@}C_@eCs@{ECU[qBc@oCKs@c@}AESGQIUK[IUYcAKSU[CCGMCOCk@GWMg@Ys@c@_A[i@]m@UUw@g@KCIEc@S]Ea@?e@LeIdDeBd@uAV_@BK@qAF}AAaBKWJMJIJEFCFGPKd@?FDlA@`@BTDl@DVD\Ff@Hx@D^Bd@Bn@@`A?~A?N?vA?f@?|@Ef@ShBw@dHMbAg@rEKx@C`@?\FnABz@@nA@p@?DAf@AjA?RChAAvA?xAApAC|B?b@?JCjBAdB?~@?FAZ?VAvBAxA?XCbE?P@\?BBNDRVd@HMNQLMj@i@^i@PYt@oAXe@`A_BTa@Zk@t@qALSdAkBDWB_@Hm@FIRCB?HCJEJM\e@NMPID@FBDFDJNr@BR@XNrG@d@@NBNl@LjA`@LB^@ZAP?TIL[VKREVGDSC{FBzFER??WFSDWJMZUHQ?[@_@AMCkAa@m@MCOAOAe@OsGAYCSOs@EKEGGCEAQHOL]d@KLKDIBC?SBGHIl@C^EVeAjBMRu@pA[j@U`@aA~AYd@u@nAQX_@h@k@h@MLOPILMZQp@b@b@bA`A\^j@x@FHnA`C`@t@l@nAf@vAN`@Pf@HTXx@`@nAZ~@BLPj@^|A?DHl@BNDVFp@HtAFtADtAFxBB`@FpB@j@Bb@@l@BV@T@PHrAJdABTRdBNdANlAj@lERxAD`@Jv@DZRxA@L`@|CVrBHn@P`AN`A^|BPhAl@bDRbAr@tDLn@ZxAZfAf@~AX|@d@rAZbA\fAl@~Ar@~Ah@vAFN^dAZnATrAPfABHHZFRDJHRFJ^TLFN?\GTIj@m@jEgE|KiJ|EeEnCmCfCsCbFeGn@cA?ALSH]BODs@Cg@?_@@]@UBQDSJa@Ve@Ra@NeAHoAHy@No@L[LUEIa@s@e@gA]eA[_AOi@kAgDcCaHYkEQFKeB@Q`AYLMHQDUSKY]OyBIoAXhEX\RJETIPMLaAXAPJdBPGXjEbC`HaBxB}AtBoA~AKNkAfBOTIS{@oBUi@Ys@EK]cAUo@[g@MYGMGKY_@UU[a@GKKMCO?O@Y?GDk@Bm@Cq@AMCUAu@COEc@CWQyBa@aFE_@Ei@A]GmAAYQgECkAEgBAo@Ae@?Y@q@Bs@@a@a@c@AyCEoB	Click to Generate
S25	20	1			3	Tinsley Barbers (S25)	Tinsley Meadows Primary School (S25)	Madani Education Centre (S25)	1621	1216	ey~dIvuoGQPIDKD[mBTWp@s@p@m@FG~@y@I[Sq@]X??\YRp@HZ_Ax@GFq@l@q@r@UVg@j@WZ[f@u@hAm@`AINmAvDELQ`@]h@U\OX]r@EIa@s@e@gA]eA[_AtAmBq@qBM@KDCDOa@??N`@BEJELAp@pBuAlBBHVt@\dAd@fA`@r@DH\s@NYT]\i@Pa@DMlAwDHOl@aAt@iAZg@V[f@k@ZlBJEHEPQ	Click to Generate
S25	60	1			3	American Golf (S25)	Madani Education Centre (S25)	Air Haus (S25)	4242	3182	on_eIfzpGuBcD?EHs@VENBd@Fh@NN@VCDA\OVe@Ra@d@k@ZWNE^CP@R@ZR\ZVl@Jh@Ff@@H@fAAVC^@dAFl@Jh@Vd@X\CVK\EJIDG@[Hk@Xk@ZEY`@UQJOHDXj@[j@YZIFAHEDKJ]_@_@S]OYKISGSAU@_@b@WPWJ[BG?QEQGa@[SUOa@Mg@Go@Cg@Mi@KYKSYUi@Mc@GMKMMUIOIWSIISYKMa@k@Ye@a@y@EGa@{@m@mANUjAgBJOnA_B|AuB`ByBjAfDNh@BHVt@\dAd@fA`@r@DHI`@E\CV?V@H@RFRLZBFV\P@R@ZR\ZVl@Jh@Ff@@H@fAAVC^Ot@Un@c@h@_@b@Oh@EPCPAT?TBd@Lh@R^NTHFz@v@XXl@l@d@f@f@d@`@d@JLPPJLf@j@`@d@FFT\HBFFFHDLBJBJ?L?L?LCJCJEJEHGFEBGBI?GAOB_@J_@NUNURY\GJIHABSXGRITEJAHBZ@VCLCNEJGHGHGBIBIAGAIEEEEGCGEIAICKAY@O@QBMFMDKHGHEH?D?JEHGJINUBU?G?KEc@?IA]CGe@oAo@{AMYGKIGK?K@KJyAyD~@`CXv@JKJAJ?HFFJLXn@zAd@nABFNRJJBDB@B@F@D?JCr@aA`@g@DKPQ@IM}@GYM[GKQWQSUWaB_Bg@g@oAkA]]KMk@y@MSM]K]I[G[EMUk@a@[SUOa@Mg@Go@Cg@Mi@KYKSYUi@Mc@GMKMMIr@?DtBbD	Click to Generate
S25	20	1			3	Bake N Butty (S25)	Kimberworth Post Office (S25)	The Salvation Army - Rotherham (S25)	1598	1198	g}beIpooGSl@_@nAKOk@u@k@s@EGSWg@k@MOMMQM?MAOCWGu@K}@EWKi@GS]sAKi@G]GYGm@Gm@Ci@Ae@@c@Be@Hg@Hc@Rs@NTR\p@~AJPLLXXaBjDMREDABYTJh@\rAFRJh@DVJ|@Ft@BV@N?LCNCJk@bAILMTQRSVYZ[d@e@r@a@r@ILOTQRMPKJQNC@@J?NCPIf@IX@]?QAQESZYBAPOJKLQPSNUHM`@s@d@s@JONUX[RWPSLUHMj@cABKBOPLLLt@z@RVDFj@r@j@t@JN^oARm@	Click to Generate
S25	60	1			3	Reiss (S25)	Jump Inc (S25)	SYPTE (S25)	4245	3184	ct_eIx_rG@SBu@BsA?OG@EACECEAO@KCYEUIe@ECAAGEGCM?UR]b@Q^Wf@Qf@Of@EXGVKt@AJ@N@LDJ?@HLnBRFBBD@D?D?D?B?RAFE@QAwAOCBAF?F?DBFR@ZDZBZDP@B@@B@JMzEAZt@pB??SZ}@_C@m@NkF[E[C[ESACG?E?G@GBCvANFCBE?I?GACCCC?eBSKAGCGKIMGQAW@O@OHi@F]?E@EDQLi@DMLYJU@EHORc@PWRULMHKNMNO^YROZQFELGTGREVGDAFAH?P?`@@P@D@VDXFHDJF\TLJLNLPNPVd@NZNZVh@f@nAJRJL@BDBDFNHNDF@DBHEH?D?JEHGJINUBU?G?KEc@?IA]CGe@oAINMN}@cC\~@^bALOHOd@nABFNRJJBDB@B@F@D?JCr@aA`@g@DKPQ@IDQDKFIFGDAFAD?D@HBFFFHDLBJBJ?L?L?LCJCJEJEHGFEBGBI?GAOB_@J_@NUNURY\GJIHABSXGRITEJAHBZ@VCLCNEJGHGHGBIBIAGAIEEEEGCGEIAICKAYM_@So@EKcAyBQ_@GMSg@KOIOKMOSOOMM_@YGCMGQIGAYCWEWAO?G@E@c@FMDQHEBGBMHSNSNWTEDa@ZUR]b@Q^Wf@Qf@Of@EXGVKt@AJG~@C`A?JAvG?LAt@@P?J?^ATABEVo@~@GJKRILKNEPADEJBHFDXd@V`@FJ?\@P?X\l@HLNVNXXm@^y@gAsBuAkAGEUQk@g@GEOKO[EGCICICGA[?S?I@I@KDSXUDEVOlAi@T[@ABMDU@{@?uC@c@@g@@SBg@@O@OHi@F]?E@EDQLi@DMLYJU@EHORc@PWRULMHKPCJGF@D@BBDDH`@@FVnABR@H?JAJ?NCrACt@AR	Click to Generate
S25	45	1			3	AllSaints (S25)	SYPTE (S25)	Jump Inc (S25)	3606	2704	cv_eIjerG??CJ@JMzEAZt@pB??SZ}@_C@m@NkF[E[C[ESACG?E?G@GBCvANFCBE?I?GACCCC?eBSIDA@EDGNEP?JAvG?LAt@@P?J?^ATABEVo@~@GJKRILKNEPADEJBHFDXd@V`@FJ?\@P?X\l@HLNVNXXm@^y@gAsBuAkAGEUQk@g@GEOKO[EGCICICGA[?S?I@I@KDSXUDEVOlAi@T[@ABMDU@{@?uC@c@@g@@SBg@@O@OHi@F]?E@EDQLi@DMLYJU@EHORc@PWRULMHKNMNO^YROZQFELGTGREVGDAFAH?P?`@@P@D@VDXFHDJF\TLJLNLPNPVd@NZNZVh@f@nAJRJL@BDBDFNHNDF@DBHEH?D?JEHGJINUBU?G?KEc@?IA]CGe@oAINMN}@cC\~@^bALOHOd@nABFNRJJBDB@B@F@D?JCr@aA`@g@DKPQ@IDQDKFIFGDAFAD?D@HBFFFHDLBJBJ?L?L?LCJCJEJEHGFEBGBI?GAOB_@J_@NUNURY\GJIHABSXGRITEJAHBZ@VCLCNEJGHGHGBIBIAGAIEEEEGCGEIAICKAYM_@So@EKcAyBQ_@GMSg@KOIOKMOSOOMM_@YGCMGQIGAYCWEWAO?G@E@c@FMDQHEBGBMHSNSNWTEDa@ZUR]b@Q^Wf@Qf@Of@EXGVKt@AJ@N@LDJ?@HLnBRFBBD@D?D?D?B?RAFE@QAwAOCBAF?F?DBFR@ZDZBZDP@B@@BBK??	Click to Generate
S25	60	1			3	Reiss (S25)	Jump Inc (S25)	SYPTE (S25)	5157	3868	em_eIvfrGADbAhCT[T]T[V]T]CGQc@Qc@Qe@Qe@Qc@Qc@Qg@BUpBwCBK@A@O@MCYKOIOKMOSOOMM_@YGCMGQIGAYCWEWAO?G@E@c@FMDQHEBGBMHSNSNWTEDa@ZUR]b@Q^Wf@Qf@Of@EXGVKt@AJ@N@LDJ?@HLnBRFBBD@D?D?D?B?RAFE@QAwAOCBAF?F?DBFR@ZDZBZDP@B@@B@JMzEAZt@pB??SZ}@_C@m@NkF[E[C[ESACG?E?G@GBCvANFCBE?I?GACCCC?eBSKAGCGKIMGQAW@O@OHi@F]?E@EDQLi@DMLYJU@EHORc@PWRULMHKNMNO^YROZQFELGTGREVGDAFAH?P?`@@P@D@VDXFHDJF\TLJLNLPNPVd@NZNZVh@f@nAJRJL@BDBDFNHNDF@DBHEH?D?JEHGJINUBU?G?KEc@?IA]CGe@oAINMN}@cC\~@^bALOHOd@nABFNRJJBDB@B@F@D?JCr@aA`@g@DKPQ@IDQDKFIFGDAFAD?D@HBFFFHDLBJBJ?L?L?LCJCJEJEHGFEBGBI?GAOB_@J_@NUNURY\GJIHABSXGRITEJAHBZ@VCLCNEJGHGHGBIBIAGAIEEEEGCGEIAICKAYM_@So@EKcAyBQ_@GMSg@KOIOKMOSOOMM_@YGCMGQIGAYCWEWAO?G@E@c@FMDQHEBGBMHSNSNWTEDa@ZUR]b@Q^Wf@Qf@Of@EXGVKt@AJG~@C`A?JAvG?LAt@@P?J?^ATABEVo@~@GJKRILKNEPADEJBHFDXd@V`@FJ?\@P?X\l@HLNVNXXm@^y@gAsBuAkAGEUQk@g@GEOKO[EGCICICGA[?S?I@I@KDSXUDEVOlAi@T[@ABMDU@{@?uC@c@@g@@SBg@@O@OHi@F]?E@EDQLi@DMLYJU@EHORc@PWRULMHKNMNO^YROZQFELGTGREVGDAFAH?P?`@@P@D@VDXFHDJF\TLJLNLPNPVd@NZNZENCLGFKPEFSZ}A|BK@a@M?h@Ap@EbAC|@A|@	Click to Generate
S25	60	1			3	Stan (S25)	Crow Girl (S25)	Abbey School (S25)	6726	5044	yldeIv~qGi@KqCYFuA?g@?SLmCDw@N{@Jg@Zm@BC\g@NOKi@GSMKOGiCc@KOCM?WFW~@qBRVpH~ARHq@hBMP??QJk@NUDMBa@FQHON]f@CB[l@Kf@Oz@Ev@MlC?R?f@GtApCXh@JvCx@FBnCr@VLnB`C~CtDzCjDLJj@d@PLb@VjCjALFFBx@Z~@h@`DzBvDbCvBvAr@f@d@d@f@b@BDRTV\Pu@H]P{@J[L_@f@yAZy@Rm@JYF_@Da@Da@NuAJmAJcAJkANyAHy@Dk@@EB[@W@[AkAA_BAi@Ee@G]CKQWm@{@GKGUG[UcBG]Ku@AIAGCUAO?S@ODQFOHKFGRWt@y@^c@RYR_@R_@To@FSDSFUDWHk@BKFq@Bc@Be@?a@?W?SAMCa@AQC]Im@Ik@Mo@Oi@Oi@Og@Qa@Q_@Wi@[i@MSCCQYWYIKc@c@g@a@OI}@g@}@i@KKKOEGIUI[CWAc@?S@WDa@Fg@Fa@UISMQO]c@GIc@k@i@u@s@}@KOk@u@k@s@EGSWu@{@MMQMCNCJk@bAILMTQRSVYZ[d@e@r@a@r@ILOTQRMPKJQNC@@J?NCPIf@IXIXERADAFGTELNXDNDVTxAf@|Cz@tFTzAFd@^jBJnA@x@GtAEZG`@GTWlBYdAo@bAcAr@g@FgBLa@FINCR?VAl@??@m@?WBSHO`@GfBMf@GbAs@n@cAXeAVmBFUFa@D[FuAAy@KoA_@kBGe@U{A{@uFg@}CUyAEWEOOYM`@ITKLGJSPc@^QTIRKXMd@Kh@QvAOh@s@fAiAxAiBxBeAxBeA`CiAfCk@xASr@q@hBMPQJk@NUDMBa@FQHON]f@CB[l@Kf@Oz@Ev@MlC?R?f@GtApCXh@J	Click to Generate
S25	45	1			3	Tinsley Meadows Primary School (S25)	Tinsley Sports and Social Club (S25)	Madani Education Centre (S25)	4026	3020	gz~dI`joGvAqARp@BHHXFVRp@HZ_Ax@GFq@l@q@r@UVg@j@WZ[f@u@hAm@`AINmAvDELQ`@]h@U\OX]r@EIa@s@e@gA]eA[_AtAmBq@qBM@KDCDOa@??N`@BEJELAp@pBuAlBZ~@\dAd@fA`@r@DH\s@NYT]\i@Pa@DMlAwDHOl@aAt@iAZg@V[f@k@TWp@s@p@m@FG~@y@bC{BRQd@e@X]T]N]Pc@DQFWF_@@Ib@qDLeAPyAX}BBOD_@D]Ju@MAIAG@}A|@OFM???L?NG|A}@FAH@L@Kt@E\E^CNY|BQxAMdAc@pDAHG^GVEPQb@O\U\Y\e@d@SPcCzB_Ax@GFq@l@q@r@UVg@j@WZ[f@u@hAm@`AINmAvDELQ`@]h@U\OX]r@EIa@s@e@gAqEjGmBaCtFyHNh@BHVt@\dAd@fA`@r@DH\s@NYT]\i@Pa@DMlAwDHOl@aAt@iAZg@V[f@k@TWG]Kq@G_@Oy@Ie@`A}@	Click to Generate
S25	30	1			3	Volksgear (S25)	Shirefreen News 'n' Booze (S25)	Beck Primary School (S25)	2093	1570	c_deIzpwG??RVt@t@BDf@hAC\Ch@Gf@I|@Mt@CRIEEMAOAIOIECOAI@EF_@xB^yBDGHAN@TL@H@NDLHDe@hCHCNEJAH?L?D?FCDNFNb@l@x@jASfAUxAOrAKfAOjBGdAEtACl@ClAZ@??[A?JCjA?zB@dB@b@?h@Bp@[n@FFFHJB^B|@@`@Gd@K~@W?J?JANG\NvA??OwAF]@O?K?K_AVe@Ja@F}@A_@CKCGIGGZo@Cq@?i@Ac@AeB?{BBkA?KBmABm@DuAFeANkBJgANsATyARgAy@kAc@m@GOEOIa@Ie@Cg@AKAGEILu@H}@Fg@Bi@B]g@iACEu@u@SW??	Click to Generate
S25	45	1			3	Mint Nail (S25)	Flannels (S25)	The Cruise Holiday Shop (S25)	3442	2582	i}_eIr`sGLVRXBBBDB?B?DEHOP_@x@gBgAsBuAkAGEUQk@g@GEOKO[EGCICICGA[?S?I@I@KDSXUDEVOlAi@T[@ABMDU@{@?uCJe@@QDOHGFEHAH@nBRFBBD@D?D?D?B?RAFE@QAwAOCBAF?F?DBFR@ZDZBZDP@B@@B@JMzEAZt@pB??SZ}@_C@m@NkFP@B@@B@JEzAG~B[C[C[E[CQCLkFCG?E?G@GBCvANFCBE?I?GACCCC?eBSKAGCGKIMGQAW@O@OHi@F]?E@EDQLi@DMLYJU@EHORc@PWRULMHKNMNO^YROZQFELGTGREVGDAFAH?P?`@@P@D@VDXFHDJF\TLJLNLPNPVd@NZNZENCLGFKPEFSZ}A|BK@a@M?h@Ap@EbAC|@CbAC~@p@fB??T]T[T]T[V]T]CGQc@Qc@Qe@Qe@Qc@Qc@Qg@BUpBwCBK@A@O@MCYKOIOKMOSOOMM_@YGCMGQIGAYCWEWAO?G@E@c@FMDQHEBGBMHSNSNWTEDa@ZUR]b@Q^Wf@Qf@Of@EXGVKt@AJG~@C`A?JAvG?LAt@@P?J?^ATABEVo@~@GJKRILKNEPADEJBHAHCn@?t@@p@DZt@lA	Click to Generate
S25	45	1			3	Beck Primary School (S25)	Shirefreen News 'n' Booze (S25)	Shiregreen Medical Centre (S25)	3316	2487	q~beItjzGLeAq@Us@Qw@Qw@Ks@Ge@ACSGQKSe@cA]{@_@cAWy@Qq@Me@SaAUkAQmAEYMiAKcAGaAEu@wA^_@L?J?JANG\NvA??OwAF]@O?K?K_AVe@Ja@F}@A_@CKCGIGGZo@Cq@?i@Ac@AeB?{BBkA?KZ@??[ABmABm@DuAFeANkBJgANsATyARgAT^R^RVRNPHRHPBT?d@Cl@IpA_@@?bBi@XKXK`@ONGx@Ul@M\GLAd@E`@@XFPHvAn@rAp@h@VPHPLNLJJPBLBPF\PjB~@`Ah@B@HD|Az@d@Rf@Tj@TZHNDv@PD@AT]nFWbFcDc@y@Im@Ga@CM@C@EFgAgAMK]]CAGEMGMAc@@M??R?xB?V@bA?nC?L?l@Cd@C`@Er@IdAM`BGf@I|@Iv@MtA[lDUvBANIv@QjAo@]OGOIMdA	Click to Generate
S25	60	1			3	Ernest Jones (S25)	Jump Inc (S25)	SYPTE (S25)	5179	3884	im_eIdhrGAVp@fBT]T[T]T[V]T]CGQc@Qc@Qe@Qe@Qc@Qc@Qg@BUpBwCBK@A@O@MCYKOIOKMOSOOMM_@YGCMGQIGAYCWEWAO?G@E@c@FMDQHEBGBMHSNSNWTEDa@ZUR]b@Q^Wf@Qf@Of@EXGVKt@AJ@N@LDJ?@HLnBRFBBD@D?D?D?B?RAFE@QAwAOCBAF?F?DBFR@ZDZBZDP@B@@B@JMzEAZt@pB??SZ}@_C@m@NkF[E[C[ESACG?E?G@GBCvANFCBE?I?GACCCC?eBSKAGCGKIMGQAW@O@OHi@F]?E@EDQLi@DMLYJU@EHORc@PWRULMHKNMNO^YROZQFELGTGREVGDAFAH?P?`@@P@D@VDXFHDJF\TLJLNLPNPVd@NZNZVh@f@nAJRJL@BDBDFNHNDF@DBHEH?D?JEHGJINUBU?G?KEc@?IA]CGe@oAINMN}@cC\~@^bALOHOd@nABFNRJJBDB@B@F@D?JCr@aA`@g@DKPQ@IDQDKFIFGDAFAD?D@HBFFFHDLBJBJ?L?L?LCJCJEJEHGFEBGBI?GAOB_@J_@NUNURY\GJIHABSXGRITEJAHBZ@VCLCNEJGHGHGBIBIAGAIEEEEGCGEIAICKAYM_@So@EKcAyBQ_@GMSg@KOIOKMOSOOMM_@YGCMGQIGAYCWEWAO?G@E@c@FMDQHEBGBMHSNSNWTEDa@ZUR]b@Q^Wf@Qf@Of@EXGVKt@AJG~@C`A?JAvG?LAt@@P?J?^ATABEVo@~@GJKRILKNEPADEJBHFDXd@V`@FJ?\@P?X\l@HLNVNXXm@^y@gAsBuAkAGEUQk@g@GEOKO[EGCICICGA[?S?I@I@KDSXUDEVOlAi@T[@ABMDU@{@?uC@c@@g@@SBg@@O@OHi@F]?E@EDQLi@DMLYJU@EHORc@PWRULMHKNMNO^YROZQFELGTGREVGDAFAH?P?`@@P@D@VDXFHDJF\TLJLNLPNPVd@NZNZENCLGFKPEFSZ}A|BK@a@M?h@Ap@EbAC|@CbAAf@	Click to Generate
S25	60	1			3	Tinsley Sports and Social Club (S25)	Refuel (S25)	Sheffield Hallam University Sports Park (S25)	12141	9106	ie_eIfukGFb@Fv@@|@ErAMpAMbAFjANhA`@nB`CcDd@g@f@]b@Od@EpD@fA?~DA^@HATIVfBFd@BRF^F`@RvAh@~D~@`HD`@F^@FNtABLXdCXlCFz@@X?NAv@Et@AJKfAQjAE\SfAY|AS~AIp@O`BGrAMhEEdAGx@MAIAG@}A|@OFM???L?NG|A}@FAH@L@Kt@E\E^CNY|BQxAMdAc@pDAHG^GVEPQb@O\U\Y\e@d@SPcCzB_Ax@GFq@l@q@r@UVg@j@WZ[f@u@hAm@`AINmAvDELQ`@]h@U\OX]r@EIa@s@e@gAqEjGmBaCqBaCkAfBOTISqAyCYs@EK]cAUo@[g@MYGMGKY_@UU[a@GKKMCO?O@Y?GDk@Bm@Cq@AMCUAu@COEc@CWQyBa@aFE_@Ei@A]GmAAYQgECkAEgBAo@Ae@?Y@q@Bs@@a@Dg@Bg@Do@NwBPaDBWFoAHcBHcBFu@HuALuB@Y@]@k@A}@GeAKyBIqBE{AK}A_@eGUwBEg@Ky@UsBOmBKeAE]EUOu@Qm@Si@Se@Uc@QKA?[GEAKHC@KLEDIRoApBcAzAuAjB\xAR~@@~@A`B@z@Dp@Jr@Lp@X|@Lb@DLVpARdALhAHfADbA@t@@V?`ACt@MfA?HAn@BfA@z@RvL@|@ZxQ[yQA}@CqAOeJA{@CgA@o@?ILgABu@?aAAWAu@EcAIgAMiASeAWqAEMMc@Y}@Mq@Ks@Eq@A{@@aBA_AS_A]yAtAkBbA{AnAqBHS@KBU?C@]AO@QBKFMFGHAD?JFDFDR@N@R@PBDH^Tb@Rd@Rh@Pl@Nt@DTD\JdANlBTrBJx@Df@TvB^dGJ|ADzAHpBJxBFdA@|@Aj@A\AXMtBItAGt@IbBIbBGnACVQ`DOvBEn@Cf@Ef@A`@Cr@Ap@?X@d@@n@DfBBjAPfE@XFlA@\Dh@D^`@`FPxBBVDb@BNLh@?@Ht@BXN~@Nv@BLFPFPTv@f@bBNr@Tn@\bADJXr@pAxCHRl@lA`@z@DF`@x@Xd@`@j@JLRXHHVRNHTHVENBd@Fh@NN@VCDA\OVe@Ra@NeAHoAHy@No@L[LU\s@NYT]\i@Pa@DMlAwDHOl@aAt@iAZg@V[f@k@TWp@s@p@m@FG~@y@bC{BRQd@e@X]T]N]Pc@DQFWF_@@Ib@qDLeAPyAX}BBOD_@D]Ju@Fy@DeALiEFsANaBHq@R_BX}ARgAD]PkAJgA@K\NXN\RB@Jb@h@rCr@rBDRFRBT@XvA`Dk@qAk@oAAYCUGSESs@sBi@sCKc@CA]SYO]ODu@@w@?OAYG{@YmCYeCCMOuAAGG_@Ea@_AaHi@_ESwAGa@G_@CSGe@WgBUHI@_@A_E@gA?qDAe@Dc@Ng@\e@f@aCbDa@oBOiAGkALcALqADsAA}@Gw@Gc@	Click to Generate
S25	45	1			3	Reiss (S25)	SYPTE (S25)	Jump Inc (S25)	3614	2710	cv_eI`erG?HCJ@JMzEAZt@pB??SZ}@_C@m@NkF[E[C[ESACG?E?G@GBCvANFCBE?I?GACCCC?eBSIDA@EDGNEP?JAvG?LAt@@P?J?^ATABEVo@~@GJKRILKNEPADEJBHFDXd@V`@FJ?\@P?X\l@HLNVNXXm@^y@gAsBuAkAGEUQk@g@GEOKO[EGCICICGA[?S?I@I@KDSXUDEVOlAi@T[@ABMDU@{@?uC@c@@g@@SBg@@O@OHi@F]?E@EDQLi@DMLYJU@EHORc@PWRULMHKNMNO^YROZQFELGTGREVGDAFAH?P?`@@P@D@VDXFHDJF\TLJLNLPNPVd@NZNZVh@f@nAJRJL@BDBDFNHNDF@DBHEH?D?JEHGJINUBU?G?KEc@?IA]CGe@oAINMN}@cC\~@^bALOHOd@nABFNRJJBDB@B@F@D?JCr@aA`@g@DKPQ@IDQDKFIFGDAFAD?D@HBFFFHDLBJBJ?L?L?LCJCJEJEHGFEBGBI?GAOB_@J_@NUNURY\GJIHABSXGRITEJAHBZ@VCLCNEJGHGHGBIBIAGAIEEEEGCGEIAICKAYM_@So@EKcAyBQ_@GMSg@KOIOKMOSOOMM_@YGCMGQIGAYCWEWAO?G@E@c@FMDQHEBGBMHSNSNWTEDa@ZUR]b@Q^Wf@Qf@Of@EXGVKt@AJ@N@LDJ?@HLnBRFBBD@D?D?D?B?RAFE@QAwAOCBAF?F?DBFR@ZDZBZDP@B@@BBK?I	Click to Generate
S25	60	1			3	Blackburn Meadows Nature Reserve (S25)	ItsaGoal (S25)	Hanfia Masjid (S25)	12469	9352	qq`eIvumGOeJA{@CgA@o@?ILgABu@?aAAWAu@EcAIgAMiASeAWqAEMMc@Y}@Mq@Ks@Eq@A{@@aBA_AS_A]yAtAkBbA{AnAqBHS@KBU?C@]AOK_@ACQc@q@i@kAeAUW_@e@]i@Yq@Ww@Qm@Q_Ag@}C_@eCs@{ECU[qBc@oCKs@c@}AESGQIUK[IUYcAKSU[CCGMCOCk@GWMg@Ys@c@_A[i@]m@UUw@g@KCIEc@S]Ea@?e@LeIdDeBd@uAV_@BK@qAF}AAaBKWJMJIJEFCFGPKd@?FDlA@`@BTDl@DVD\Ff@Hx@D^Bd@Bn@@`A?~A?N?vA?f@?|@Ef@ShBw@dHMbAg@rEKx@C`@?\FnABz@@nA@p@?DAf@AjA?RChAAvA?xAApAC|B?b@?JCjBAdB?~@?FAZ?VAvBAxA?XCbE?P@\?BBNDRVd@HMNQLMj@i@^i@PYt@oAXe@`A_BTa@Zk@t@qALSdAkBDWB_@Hm@FIRCB?HCJEJM\e@NMPID@FBDFDJNr@BR@XNrG@d@@NBNl@LjA`@LB^@ZAP?TIL[VKREVGDSC{FBzFER??WFSDWJMZUHQ?[@_@AMCkAa@m@MCOAOAe@OsGAYCSOs@EKEGGCEAQHOL]d@KLKDIBC?SBGHIl@C^EVeAjBMRu@pA[j@U`@aA~AYd@u@nAQX_@h@k@h@MLOPILMZQp@b@b@bA`A\^j@x@FHnA`C`@t@l@nAf@vAN`@Pf@HTXx@`@nAZ~@BLPj@^|A?DHl@BNDVFp@HtAFtADtAFxBB`@FpB@j@Bb@@l@BV@T@PHrAJdABTRdBNdANlAj@lERxAD`@Jv@DZRxA@L`@|CVrBHn@P`AN`A^|BPhAl@bDRbAr@tDLn@ZxAZfAf@~AX|@d@rAZbA\fAl@~Ar@~Ah@vAFN^dAZnATrAPfABHHZFRDJHRFJ^TLFN?\GTIj@m@jEgE|KiJ|EeEnCmCfCsCbFeGn@cA?ALSH]BODs@Cg@?_@@]@UBQDSJa@Ve@Ra@NeAHoAHy@No@L[LUEIa@s@e@gA]eA[_AOi@kAgDcCaHYkEQFKeB@Q`AYLMHQDUSKY]OyBIoAXhEX\RJETIPMLaAXAPJdBPGXjEbC`HaBxB}AtBoA~AKNkAfBOTIS{@oBUi@Ys@EK]cAUo@[g@MYGMGKY_@UU[a@GKKMCO?O@Y?GDk@Bm@Cq@AMCUAu@COEc@CWQyBa@aFE_@Ei@A]GmAAYQgECkAEgBAo@Ae@?Y@q@Bs@@a@Dg@Bg@Do@NwBPaDBWFoAHcBHcBFu@HuALuB@Y@]@k@A}@GeAKyBIqBE{AK}A_@eGUwBEg@Ky@UsBOmBKeAE]EUOu@Qm@Si@Se@Uc@QKA?[GEAKHC@KLEDIRoApBcAzAuAjB\xAR~@@~@A`B@z@Dp@Jr@Lp@X|@Lb@DLVpARdALhAHfADbA@t@@V?`ACt@MfA?HAn@BfA@z@NdJ	Click to Generate
S25	60	1			3	Molton Brown (S25)	SYPTE (S25)	Jump Inc (S25)	5157	3868	_u_eIlqrG??SZ}@_C@m@NkF[E[C[ESACG?E?G@GBCvANFCBE?I?GACCCC?eBSKAGCGKIMGQAW@O@OHi@F]?E@EDQLi@DMLYJU@EHORc@PWRULMHKNMNO^YROZQFELGTGREVGDAFAH?P?`@@P@D@VDXFHDJF\TLJLNLPNPVd@NZNZENCLGFKPEFSZ}A|BK@a@M?h@Ap@EbAC|@A|@ADbAhCT[T]T[V]T]CGQc@Qc@Qe@Qe@Qc@Qc@Qg@BUpBwCBK@A@O@MCYKOIOKMOSOOMM_@YGCMGQIGAYCWEWAO?G@E@c@FMDQHEBGBMHSNSNWTEDa@ZUR]b@Q^Wf@Qf@Of@EXGVKt@AJG~@C`A?JAvG?LAt@@P?J?^ATABEVo@~@GJKRILKNEPADEJBHFDXd@V`@FJ?\@P?X\l@HLNVNXXm@^y@gAsBuAkAGEUQk@g@GEOKO[EGCICICGA[?S?I@I@KDSXUDEVOlAi@T[@ABMDU@{@?uC@c@@g@@SBg@@O@OHi@F]?E@EDQLi@DMLYJU@EHORc@PWRULMHKNMNO^YROZQFELGTGREVGDAFAH?P?`@@P@D@VDXFHDJF\TLJLNLPNPVd@NZNZVh@f@nAJRJL@BDBDFNHNDF@DBHEH?D?JEHGJINUBU?G?KEc@?IA]CGe@oAINMN}@cC\~@^bALOHOd@nABFNRJJBDB@B@F@D?JCr@aA`@g@DKPQ@IDQDKFIFGDAFAD?D@HBFFFHDLBJBJ?L?L?LCJCJEJEHGFEBGBI?GAOB_@J_@NUNURY\GJIHABSXGRITEJAHBZ@VCLCNEJGHGHGBIBIAGAIEEEEGCGEIAICKAYM_@So@EKcAyBQ_@GMSg@KOIOKMOSOOMM_@YGCMGQIGAYCWEWAO?G@E@c@FMDQHEBGBMHSNSNWTEDa@ZUR]b@Q^Wf@Qf@Of@EXGVKt@AJ@N@LDJ?@HLnBRFBBD@D?D?D?B?RAFE@QAwAOCBAF?F?DBFR@ZDZBZDP@B@@B@JMzEAZt@pB	Click to Generate
S25	15	1			3	Two Dinners Ignatiu (S25)	Abbey School (S25)	Winterhill School (S25)	1255	941	ikceInhqGGhBIZkCpB??ODQCg@YYCw@Eq@@Al@??@m@?WBSHO`@GfBMf@GbAs@n@cAXeAVmBFUFa@D[FuAAy@KoA_@kBGe@U{A{@uFDCHEBCBA`@WPK??QJa@VC@CBIDEBz@tFTzAFd@^jBJnA@x@GtAEZC`A?zAEfA	Click to Generate
S25	20	1			3	St Thomas Church Wincobank (S25)	Wincobank Post Office (S25)	Eastwoods (S25)	1566	1174	{daeInctGBPPt@fCDHBHBdAdBFJLN`@l@d@j@VV^^^\^`@VVPLIk@w@oHSgBOkA_@eDO{AOuAPIDA~@]LEd@lEf@nElAtKv@dH?JADCDCDcA`@AEGOGUWuAKo@OoAQMWW_@a@_@]_@_@WWe@k@a@m@MOGKeAeBICICgCEQu@CQ	Click to Generate
S25	60	1			3	Blackburn Meadows Nature Reserve (S25)	ItsaGoal (S25)	Hanfia Masjid (S25)	12561	9421	kq`eI`zmGAw@SwLA{@CgA@o@?ILgABu@?aAAWAu@EcAIgAMiASeAWqAEMMc@Y}@Mq@Ks@Eq@A{@@aBA_AS_A]yAtAkBbA{AnAqBHS@KBU?C@]AOK_@ACQc@q@i@kAeAUW_@e@]i@Yq@Ww@Qm@Q_Ag@}C_@eCs@{ECU[qBc@oCKs@c@}AESGQIUK[IUYcAKSU[CCGMCOCk@GWMg@Ys@c@_A[i@]m@UUw@g@KCIEc@S]Ea@?e@LeIdDeBd@uAV_@BK@qAF}AAaBKWJMJIJEFCFGPKd@?FDlA@`@BTDl@DVD\Ff@Hx@D^Bd@Bn@@`A?~A?N?vA?f@?|@Ef@ShBw@dHMbAg@rEKx@C`@?\FnABz@@nA@p@?DAf@AjA?RChAAvA?xAApAC|B?b@?JCjBAdB?~@?FAZ?VAvBAxA?XCbE?P@\?BBNDRVd@HMNQLMj@i@^i@PYt@oAXe@`A_BTa@Zk@t@qALSdAkBDWB_@Hm@FIRCB?HCJEJM\e@NMPID@FBDFDJNr@BR@XNrG@d@@NBNl@LjA`@LB^@ZAP?TIL[VKREVGDSC{FBzFER??WFSDWJMZUHQ?[@_@AMCkAa@m@MCOAOAe@OsGAYCSOs@EKEGGCEAQHOL]d@KLKDIBC?SBGHIl@C^EVeAjBMRu@pA[j@U`@aA~AYd@u@nAQX_@h@k@h@MLOPILMZQp@b@b@bA`A\^j@x@FHnA`C`@t@l@nAf@vAN`@Pf@HTXx@`@nAZ~@BLPj@^|A?DHl@BNDVFp@HtAFtADtAFxBB`@FpB@j@Bb@@l@BV@T@PHrAJdABTRdBNdANlAj@lERxAD`@Jv@DZRxA@L`@|CVrBHn@P`AN`A^|BPhAl@bDRbAr@tDLn@ZxAZfAf@~AX|@d@rAZbA\fAl@~Ar@~Ah@vAFN^dAZnATrAPfABHHZFRDJHRFJ^TLFN?\GTIj@m@jEgE|KiJ|EeEnCmCfCsCbFeGn@cA?ALSH]BODs@Cg@?_@@]@UBQDSJa@Ve@Ra@NeAHoAHy@No@L[LUEIa@s@e@gA]eA[_AOi@kAgDcCaHYkEQFKeB@Q`AYLMHQDUSKY]OyBIoAXhEX\RJETIPMLaAXAPJdBPGXjEbC`HaBxB}AtBoA~AKNkAfBOTIS{@oBUi@Ys@EK]cAUo@[g@MYGMGKY_@UU[a@GKKMCO?O@Y?GDk@Bm@Cq@AMCUAu@COEc@CWQyBa@aFE_@Ei@A]GmAAYQgECkAEgBAo@Ae@?Y@q@Bs@@a@Dg@Bg@Do@NwBPaDBWFoAHcBHcBFu@HuALuB@Y@]@k@A}@GeAKyBIqBE{AK}A_@eGUwBEg@Ky@UsBOmBKeAE]EUOu@Qm@Si@Se@Uc@QKA?[GEAKHC@KLEDIRoApBcAzAuAjB\xAR~@@~@A`B@z@Dp@Jr@Lp@X|@Lb@DLVpARdALhAHfADbA@t@@V?`ACt@MfA?HAn@BfA@z@RvL@v@	Click to Generate
S25	45	1			3	Tinsley Sports and Social Club (S25)	St Lawrence Church (S25)	Cohens Chemist (S25)	3088	2316	{z}dId_nGk@oAAYCUGSESs@sBi@sCKc@CA]SYO]OAJKfAQjAE\SfAY|AS~AIp@O`BGrAMhEEdAGx@MAIAG@}A|@OFM???L?NG|A}@FAH@L@Kt@E\E^CNY|BQxAMdAc@pDAHG^GVEPQb@O\U\Y\e@d@SPcCzBI[Sq@GWIYCISq@IQAEEGCEKIOC@_@?SBODMr@}ADGFEHAH?NJLFHBFAFdABHDBB@CAECCIGeAG@ICMGOKI?I@GDEFs@|AEL?BCJ?RA^NBJHBDDF@DHPRp@BHHXFVRp@HZ_Ax@GFq@l@q@r@G]Kq@G_@Oy@Ie@v@u@`ByARp@BHHXFVRp@HZbC{BRQd@e@X]T]N]Pc@DQFWF_@@Ib@qDLeAPyAX}BBOD_@D]Ju@Fy@DeALiEFsANaBHq@R_BX}ARgAD]PkAJgA@K\NXN\RB@Jb@h@rCr@rBDRFRBT@Xj@nA	Click to Generate
S25	45	1			3	Beck Primary School (S25)	Volksgear (S25)	Muscle Fusion (S25)	3087	2315	wzceIh|xG[A?JCjA?zB@dB@b@?h@Bp@[n@FFFHJB^B|@@`@Gd@K~@W?J?JANG\NvA??OwAF]@O?K?K_AVe@Ja@F}@A_@CKCGIGGQ^Qb@K`@Ib@Kf@Ed@AXCXCACCEECIE]G}@AWEo@UgDOcDCUCIIIHyBJsCDmABi@Bw@LsCBq@Bq@JsAJmAL}@Lu@Hm@DWd@iCIEEMAOAIOIECOAI@EF_@xB^yBDGHAN@TL@H@NDLHDBSLu@H}@Fg@Bi@B]g@iACEu@u@SW??OWUg@KUIOYm@aAcBh@oB\cATi@Vi@^q@x@_BdAwBR\v@~Ae@Td@Uw@_BS]eAvBy@~A_@p@Wh@Uh@]bAi@nB`AbBXl@HNJTTf@NVRVt@t@BDf@hAC\Ch@Gf@I|@Mt@DH@F@JBf@Hd@H`@DNFNb@l@x@jASfAUxAOrAKfAOjBGdAEtACl@ClAZ@	Click to Generate
S25	60	1			3	Hartley Brook Road Post Office (S25)	Beck Primary School (S25)	Woolley Wood LNR (S25)	7235	5426	ynbeItnxGaAi@kB_A]QQGMCQCBZ?t@?RAhD?`D?fC?r@?R?xB?V@bA?nC?L?l@Cd@C`@Er@IdAM`BGf@I|@Iv@MtA[lDUvBANcAk@E@C@ADEVU|Aq@Us@Qw@Qw@Ks@Ge@ACSGQKSe@cA]{@_@cAWy@Qq@Me@SaAUkAQmAEYMiAKcAGaAEu@wA^_@L?J?JANG\NvA??OwAF]@O?K?K_AVe@Ja@F}@A_@CKCGIGGZo@Cq@?i@Ac@AeB?{BBkA?KBmABm@DuAFeANkBJgANsATyARgAy@kAc@m@GOEOIa@Ie@Cg@AKAGEILu@H}@Fg@Bi@B]@KDa@B_@Fc@@MLi@H_@Vw@^{@l@oAt@mAt@gA`CyC~@qAn@_Ar@iAjAwBj@uAbAcDx@kCr@kBz@gBhCeGj@kAjDcHtAiCvDcGxA{AxAeAhCwAbBy@nAo@pA_ArBoB~@iAh@cAnB}DxAoC?\?TG\Kj@Jk@F]?U?]yAnCoB|Di@bA_AhAsBnBqA~@oAn@cBx@iCvAyAdAyAzAwDbGuAhCwEnJiCdG{@fBs@jBy@jCcAbDk@tAkAvBs@hAo@~@_ApAaCxCu@fAu@lAm@nA_@z@Wv@I^Mh@ALGb@C^E`@AJC\Ch@Gf@I|@Mt@DH@F@JBf@Hd@H`@DNFNb@l@x@jAT^R^RVRNPHRHPBT?d@Cl@IpA_@@?bBi@XKXK`@ONGx@Ul@M\GLAd@E`@@XFPHvAn@rAp@h@VPHPLNLJJPBLBPF\PjB~@`Ah@	Click to Generate
S25	20	1			3	St Lawrence Church (S25)	Tinsley Meadows Primary School (S25)	Madani Education Centre (S25)	2011	1508	kz~dI~noG[^Jp@F\p@s@p@m@FG~@y@I[Sq@GWIYCISq@IQAEEGCEKIOC@_@?SBODMr@}ADGFEHAH?NJLFHBFAFdABHDBB@CAECCIGeAG@ICMGOKI?I@GDEFs@|AEL?BCJ?RA^NBJHBDDF@DHPRp@BHHXFVRp@HZ_Ax@GFq@l@q@r@UVg@j@WZ[f@u@hAm@`AINmAvDELQ`@]h@U\OX]r@EIa@s@e@gA]eA[_AtAmBq@qBM@KDCDOa@??N`@BEJELAp@pBuAlBBHVt@\dAd@fA`@r@DH\s@NYT]\i@Pa@DMlAwDHOl@aAt@iAZg@V[f@k@TWG]Kq@Z_@	Click to Generate
S25	30	1			3	Kelford School (S25)	Dave's Fish Bar (S25)	Meadow View Primary School (S25)	2617	1963	edbeIvkoGQMc@]CAy@m@mE}CEIAI?E?Uf@}CtB}Mj@j@r@v@\^Z\FHTTHHGNEDIBGAEIEHK\_@vAAH?JDVDNB@@B@D?@@BAD?DCBA@C@CACCAC?EAE@E@CBC@AB?EOEW?K@I^wAJ]DIAI?KFWGI[]]_@s@w@k@k@uB|Mg@|C?T?D@HDHlE|Co@`DERYvAMd@Od@Ul@u@tBCHw@rBg@rAKVm@u@[]SOSMe@QKEo@SUISMQO]c@GIc@k@i@u@s@}@^oARm@??Sl@_@nAr@|@h@t@b@j@FH\b@PNRLTHn@RJDd@PRLRNZ\l@t@r@kBv@sBBIt@uBTm@Ne@Le@XwADSn@aDx@l@B@b@\PL	Click to Generate
S25	20	1			3	The Colin (S25)	Zena (S25)	The Salvation Army - Rotherham (S25)	1875	1406	gfdeIrxoGBE?Q?SCOEQIMAKCOAM?OBM@MXgCvB`C|A|AFFHDHALGLMz@{AJLFBHDF@PDVDh@H`@DD@\Dd@DdAFH?D@HFDHDLd@lBDLC@@J?NCPIf@IXIXERADAFGTGGEEAK?QDIHE??H?FBERADAFGTELNXEJMd@Kj@??Jk@Le@DKOYDMFU@G@EDSHY@]?QAQESZYBAPOJKLQPSNUHM`@s@d@s@Ze@X[HVLZDHb@j@c@k@EIM[IWYZOTKNe@r@a@r@ILOTQRMPKJQNEMe@mBEMEIIGEAI?eAGe@E]EEAa@Ei@IWEQEGAIEGCKM{@zAMLMFI@IEGG}A}AwBaCYfCALCL?N@LBN@JHLDPBN?R?PCD	Click to Generate
S25	45	1			3	Cohens Chemist (S25)	Tinsley Sports and Social Club (S25)	Tinsley Meadows Primary School (S25)	3040	2280	{x~dIzcoGCJ?RA^NBJHBDDF@DHPRp@BHHXFVRp@HZ_Ax@GFq@l@q@r@G]Kq@G_@Oy@Ie@v@u@`ByARp@BHHXFVRp@HZbC{BRQd@e@X]T]N]Pc@DQFWF_@@Ib@qDLeAPyAX}BBOD_@D]Ju@MAIAG@}A|@OFM???L?NG|A}@FAH@L@Kt@E\E^CNY|BQxAMdAc@pDAHG^GVEPQb@O\U\Y\e@d@SPcCzB_Ax@GFq@l@q@r@UVg@j@WZ[f@u@hAm@`AINmAvDELQ`@]h@U\OX]r@EIa@s@e@gA]eA[_AtAmBq@qBM@KDCDOa@??N`@BEJELAp@pBuAlBZ~@\dAd@fA`@r@DH\s@NYT]\i@Pa@DMlAwDHOl@aAt@iAZg@V[f@k@TWp@s@p@m@FG~@y@I[Sq@GWIYCISq@IQAEEGCEKIOC@_@?SBK	Click to Generate
S25	20	1			3	The Salvation Army - Rotherham (S25)	Bake N Butty (S25)	The Manor Barn (S25)	1779	1334	qhceI~hoGQTOJFP|@vCMTQRSVYZ[d@e@r@a@r@ILOTQRMPKJQNC@@J?NCPIf@IX@]?QAQESZYBAPOJKLQPSNUHM`@s@d@s@JONUX[RWPSLUHMj@cABKBOPLLLLNf@j@RVDFj@r@j@t@JN^oARm@Sl@_@nAKOk@u@k@s@EGSWu@{@MMQM?MAOCWGu@K}@EWKi@GS]sAKi@G]GYGm@Gm@Ci@Ae@@c@@O@UHg@Hc@Rs@NTR\p@~AJPLLXXaBjDMRGHYTJh@\rAFRJh@DVJ|@Ft@BV@N?LCNCJk@bAIL}@wCGQNKPU	Click to Generate
S25	15	1			3	Wincobank Post Office (S25)	Savemore (S25)	Eastwoods (S25)	1426	1070	ix`eInatGNjAbBu@g@oEe@mEMD_A\E@QHm@V}@ZwB`A]HI@OAU?a@?YDQHYTRdAXvAXrABPPt@fCDHBHBdAdBFJLN`@l@d@j@VV^^^\^`@VVPLNnAJn@VtAFTFN@DbAa@BEBE@E?Kw@eHeBv@w@oHSgBOkA	Click to Generate
S25	60	1			3	Morris (S25)	Abbey School (S25)	Crow Girl (S25)	8505	6379	yideIrjqG??QJk@NUDMBa@FQHON]f@CB[l@Kf@Oz@Ev@MlC?R?f@GtApCXh@J??vCx@FBnCr@VLnGvHzCjDLJj@d@PLb@VjCjALFFBx@Z~@h@`DzBvDbCvBvAr@f@d@d@f@b@BDRTV\Pu@H]P{@J[L_@f@yAZy@Rm@JYF_@Da@Da@NuAJmAJcAJkANyAHy@Dk@@EB[@W@[AkAA_BAi@Ee@G]CKQWm@{@GKGUG[UcBG]Ku@AIAGCUAO?S@ODQFOHKFGRWt@y@^c@RYR_@R_@To@FSDSFUDWHk@BKFq@Bc@Be@?a@?W?SAMCa@AQC]Im@Ik@Mo@Oi@Oi@Og@Qa@Q_@Wi@[i@MSCCQYWYIKc@c@g@a@OI}@g@}@i@KKKOEGIUI[CWAc@?S@WDa@Fg@Fa@UISMQO]c@GIc@k@i@u@s@}@KOk@u@k@s@EGSWu@{@MMQMCNCJk@bAILMTQRSVYZ[d@e@r@a@r@ILOTQRMPKJQNC@@J?NCPIf@IXIXERADAFGTELNXDNDVTxAf@|Cz@tFTzAFd@^jBJnA@x@GtAEZG`@GTWlBYdAo@bAcAr@g@FgBLa@FINCR?VAl@??@m@?WBSHO`@GfBMf@GbAs@n@cAXeAVmBFUFa@D[FuAAy@KoA_@kBGe@U{A{@uFg@}CUyAEWEOOYDMFU@G@EDSHY@]?QAQESZYBAPOJKLQPSNUHM`@s@d@s@Ze@X[RWPSLUHMj@cABKBOPLLLt@z@RVDFj@r@j@t@JNr@|@h@t@b@j@FH\b@PNRLTHG`@Gf@E`@AV?R@b@BVHZHTDFJNJJ|@h@|@f@NHf@`@b@b@HJVXPXBBLRZh@Vh@P^P`@Nf@Nh@Nh@Ln@Hj@Hl@B\@PB`@@L?R?V?`@Cd@Cb@Gp@CJIj@EVGTERGRUn@S^S^SX_@b@u@x@SVGFIJGNEPAN?R@NBT@F@HJt@F\TbBFZFTFJl@z@PVBJF\Dd@@h@@~A@jAAZAVCZADEj@Ix@OxAKjAKbAKlAOtAE`@E`@G^KXSl@[x@g@xAM^KZQz@I\Qt@W]SUCEg@c@e@e@s@g@wBwAwDcCaD{B_Ai@y@[GCMGkCkAc@WQMk@e@MK{CkD_DuDoBaCWMoCs@GCwCy@i@KqCYFuA?g@?SLmCDw@N{@Jg@Zm@BC\g@NOPI`@GLCTEj@OPK??	Click to Generate
S25	60	1			3	H.Samuel (S25)	Jump Inc (S25)	SYPTE (S25)	5179	3884	im_eInhrGALp@fBT]T[T]T[V]T]CGQc@Qc@Qe@Qe@Qc@Qc@Qg@BUpBwCBK@A@O@MCYKOIOKMOSOOMM_@YGCMGQIGAYCWEWAO?G@E@c@FMDQHEBGBMHSNSNWTEDa@ZUR]b@Q^Wf@Qf@Of@EXGVKt@AJ@N@LDJ?@HLnBRFBBD@D?D?D?B?RAFE@QAwAOCBAF?F?DBFR@ZDZBZDP@B@@B@JMzEAZt@pB??SZ}@_C@m@NkF[E[C[ESACG?E?G@GBCvANFCBE?I?GACCCC?eBSKAGCGKIMGQAW@O@OHi@F]?E@EDQLi@DMLYJU@EHORc@PWRULMHKNMNO^YROZQFELGTGREVGDAFAH?P?`@@P@D@VDXFHDJF\TLJLNLPNPVd@NZNZVh@f@nAJRJL@BDBDFNHNDF@DBHEH?D?JEHGJINUBU?G?KEc@?IA]CGe@oAINMN}@cC\~@^bALOHOd@nABFNRJJBDB@B@F@D?JCr@aA`@g@DKPQ@IDQDKFIFGDAFAD?D@HBFFFHDLBJBJ?L?L?LCJCJEJEHGFEBGBI?GAOB_@J_@NUNURY\GJIHABSXGRITEJAHBZ@VCLCNEJGHGHGBIBIAGAIEEEEGCGEIAICKAYM_@So@EKcAyBQ_@GMSg@KOIOKMOSOOMM_@YGCMGQIGAYCWEWAO?G@E@c@FMDQHEBGBMHSNSNWTEDa@ZUR]b@Q^Wf@Qf@Of@EXGVKt@AJG~@C`A?JAvG?LAt@@P?J?^ATABEVo@~@GJKRILKNEPADEJBHFDXd@V`@FJ?\@P?X\l@HLNVNXXm@^y@gAsBuAkAGEUQk@g@GEOKO[EGCICICGA[?S?I@I@KDSXUDEVOlAi@T[@ABMDU@{@?uC@c@@g@@SBg@@O@OHi@F]?E@EDQLi@DMLYJU@EHORc@PWRULMHKNMNO^YROZQFELGTGREVGDAFAH?P?`@@P@D@VDXFHDJF\TLJLNLPNPVd@NZNZENCLGFKPEFSZ}A|BK@a@M?h@Ap@EbAC|@CbAAp@	Click to Generate
S25	45	1			3	Freddy (S25)	Crow Girl (S25)	Yazier (S25)	3416	2562	_xceIvnrGxAbBLJj@d@PLb@VjCjALFFBx@Z~@h@`DzBvDbCvBvAr@f@d@d@f@b@[bBAJKv@Kz@E~@Al@Aj@?l@IEECIQCSDYFGBALE@m@D_AJ{@Jw@@KZcBg@c@e@e@s@g@wBwAwDcCaD{B_Ai@y@[GCMGkCkAc@WMKCAk@e@MK{CkD_DuDoBaCWMoCs@A~@?f@FVbBdBf@fAj@r@J`@@f@CHEL@h@t@pBhBpDr@`B^l@b@dAxAv@n@f@rApA`AHfAl@Zp@@jAFYDIHIL@JH|@bAx@xAv@|BJFFWKcCO{@[qA[eAYiASw@c@y@Qw@SqA??Ky@Mg@I]C]@g@GCMGkCkAc@WQMk@e@MKyAcB	Click to Generate
S25	60	1			3	Phase Eight (S25)	SYPTE (S25)	Jump Inc (S25)	5179	3884	_u_eIlqrG??SZ}@_C@m@NkF[E[C[ESACG?E?G@GBCvANFCBE?I?GACCCC?eBSKAGCGKIMGQAW@O@OHi@F]?E@EDQLi@DMLYJU@EHORc@PWRULMHKNMNO^YROZQFELGTGREVGDAFAH?P?`@@P@D@VDXFHDJF\TLJLNLPNPVd@NZNZENCLGFKPEFSZ}A|BK@a@M?h@Ap@EbAC|@CbAAf@AVp@fBT]T[T]T[V]T]CGQc@Qc@Qe@Qe@Qc@Qc@Qg@BUpBwCBK@A@O@MCYKOIOKMOSOOMM_@YGCMGQIGAYCWEWAO?G@E@c@FMDQHEBGBMHSNSNWTEDa@ZUR]b@Q^Wf@Qf@Of@EXGVKt@AJG~@C`A?JAvG?LAt@@P?J?^ATABEVo@~@GJKRILKNEPADEJBHFDXd@V`@FJ?\@P?X\l@HLNVNXXm@^y@gAsBuAkAGEUQk@g@GEOKO[EGCICICGA[?S?I@I@KDSXUDEVOlAi@T[@ABMDU@{@?uC@c@@g@@SBg@@O@OHi@F]?E@EDQLi@DMLYJU@EHORc@PWRULMHKNMNO^YROZQFELGTGREVGDAFAH?P?`@@P@D@VDXFHDJF\TLJLNLPNPVd@NZNZVh@f@nAJRJL@BDBDFNHNDF@DBHEH?D?JEHGJINUBU?G?KEc@?IA]CGe@oAINMN}@cC\~@^bALOHOd@nABFNRJJBDB@B@F@D?JCr@aA`@g@DKPQ@IDQDKFIFGDAFAD?D@HBFFFHDLBJBJ?L?L?LCJCJEJEHGFEBGBI?GAOB_@J_@NUNURY\GJIHABSXGRITEJAHBZ@VCLCNEJGHGHGBIBIAGAIEEEEGCGEIAICKAYM_@So@EKcAyBQ_@GMSg@KOIOKMOSOOMM_@YGCMGQIGAYCWEWAO?G@E@c@FMDQHEBGBMHSNSNWTEDa@ZUR]b@Q^Wf@Qf@Of@EXGVKt@AJ@N@LDJ?@HLnBRFBBD@D?D?D?B?RAFE@QAwAOCBAF?F?DBFR@ZDZBZDP@B@@B@JMzEAZt@pB	Click to Generate
S25	45	1			3	Mint Nail (S25)	Flannels (S25)	The Cruise Holiday Shop (S25)	3403	2552	{y_eIj_sG^y@gAsBuAkAGEUQk@g@GEOKO[EGCICICGA[?S?I@I@KDSXUDEVOlAi@T[@ABMDU@{@?uCJe@@QDOHGFEHAH@nBRFBBD@D?D?D?B?RAFE@QAwAOCBAF?F?DBFR@ZDZBZDP@B@@B@JMzEAZt@pB??SZ}@_C@m@NkFP@B@@B@JEzAG~B[C[C[E[CQCLkFCG?E?G@GBCvANFCBE?I?GACCCC?eBSKAGCGKIMGQAW@O@OHi@F]?E@EDQLi@DMLYJU@EHORc@PWRULMHKNMNO^YROZQFELGTGREVGDAFAH?P?`@@P@D@VDXFHDJF\TLJLNLPNPVd@NZNZENCLGFKPEFSZ}A|BK@a@M?h@Ap@EbAC|@CbAC~@p@fB??T]T[T]T[V]T]CGQc@Qc@Qe@Qe@Qc@Qc@Qg@BUpBwCBK@A@O@MCYKOIOKMOSOOMM_@YGCMGQIGAYCWEWAO?G@E@c@FMDQHEBGBMHSNSNWTEDa@ZUR]b@Q^Wf@Qf@Of@EXGVKt@AJG~@C`A?JAvG?LAt@@P?J?^ATABEVo@~@GJKRILKNEPADEJBHFDXd@V`@FJ?\@P?X\l@HLNVNXXm@	Click to Generate
S25	15	1			3	Zena (S25)	The Salvation Army - Rotherham (S25)	Winterhill School (S25)	1060	795	mqceId~oG??H?FBERADAFGTELNXEJMd@Kj@??Jk@Le@DKOYDMFU@G@EDSHY@]?QAQESZYBAPOJKLQPSNUHM`@s@d@s@Ze@X[HVLZDHb@j@c@k@EIM[IWYZOTKNe@r@a@r@ILOTQRMPKJQNC@@J?NCPIf@IXIXERADAFGTELNXDNDVTxAf@|CDCHEBCBA`@WPK??QJa@VC@CBIDEBg@}CUyAEWEOOYDMGGEEAK?QDIHE	Click to Generate
S25	45	1			3	Baytree Interiors (S25)	Eurochange (S25)	SYPTE (S25)	3374	2530	yk_eIdlrG??T]T[uAqDCbA?TCh@p@fBT]T[T]T[V]T]CGQc@Qc@Qe@Qe@Qc@Qc@Qg@BUpBwCBK@A@O@MCYKOIOKMOSOOMM_@YGCMGQIGAYCWEWAO?G@E@c@FMDQHEBGBMHSNSNWTEDa@ZUR]b@Q^Wf@Qf@Of@EXGVKt@AJ@N@LDJ?@HLnBRFBBD@D?D?D?B?RAFE@QAwAOCBAF?F?DBFR@ZDZBZDP@B@@B@JMzEAZt@pB??SZ}@_C@m@NkF[E[C[ESACG?E?G@GBCvANFCBE?I?GACCCC?eBSIDA@EDGNEP?JAvG?LAt@@P?J?^ATABEVo@~@GJKRILKNEPADEJBHFDXd@V`@FJ?\@P?X\l@HLNVNXXm@^y@gAsBuAkAGEUQk@g@GEOKO[EGCICICGA[?S?I@I@KDSXUDEVOlAi@T[@ABMDU@{@?uC@c@@g@@SBg@@O@OHi@F]?E@EDQLi@DMLYJU@EHORc@PWRULMHKNMNO^YROZQFELGTGREVGDAFAH?P?`@@P@D@VDXFHDJF\TLJLNLPNPVd@NZNZENCLGFKPEFSZ}A|BK@a@M?h@Ap@EbAC|@CbAC~@p@fB	Click to Generate
S25	60	1			3	Brutus (S25)	Two Dinners Ignatiu (S25)	Dave's Fish Bar (S25)	4878	3658	aobeIpuqG[PG]Ku@AIAGCUAO?S@ODQFOHKFGRWt@y@^c@RYR_@R_@To@FSDSFUDWHk@BKFq@Bc@Be@?a@?W?SAMCa@AQC]Im@Ik@Mo@Oi@Oi@Og@Qa@Q_@Wi@[i@MSCCQYWYIKc@c@g@a@OI}@g@}@i@KKKOEGIUI[CWAc@?S@WDa@Fg@Fa@UISMQO]c@GIc@k@i@u@s@}@KOk@u@k@s@EGSWu@{@MMQMCNCJk@bAILMTQRSVYZ[d@e@r@a@r@ILOTQRMPKJQNC@@J?NCPIf@IXIXERADAFGTELNXDNDVTxAf@|Cz@tFTzAFd@^jBJnA@x@GtAEZC`A?zAMpDADGTkCpB??ODQCg@YYCw@Eq@@?WBSHO`@GfBMf@GbAs@n@cAXeAVmBFUFa@D[FuAAy@KoA_@kBGe@U{A{@uFg@}CUyAEWEOOYDMFU@G@EDSHY@]?QAQESZYBAPOJKLQPSNUHM`@s@d@s@Ze@X[RWPSLUHMj@cABKBOPLLLt@z@RVDFj@r@j@t@JNr@|@h@t@b@j@FH\b@PNRLTHn@RJDd@PRLRNZ\l@t@r@kB`DlDaDmDg@rAKVm@u@[]SOSMe@QKEo@SG`@Gf@E`@AV?R@b@BVHZHTDFJNJJ|@h@|@f@NHf@`@b@b@HJVXPXBBLRZh@Vh@P^P`@Nf@Nh@Nh@Ln@Hj@Hl@B\@PB`@@L?R?V?`@Cd@Cb@Gp@CJIj@EVGTERGRUn@S^S^SX_@b@u@x@SVGFIJGNEPAN?R@NBT@F@HJt@F\ZQ	Click to Generate
S25	30	1			3	Kimberworth Library (S25)	Kimberworth Community Primary School (S25)	The Salvation Army - Rotherham (S25)	2109	1582	oiceIfwnGANAb@@d@Bh@Fl@Fl@FXF\XU@CDELS`BkDYYMMKQq@_BS]OUN_@DMNc@Vi@HQHSDSBM@QHk@t@t@NLF@FCDGXmBN}@BKBEF@TLTN\T@FO~@Mz@GDG?IEEEAE?G^eCD[@E@SAKKMUCQE]SKEC?G?ICc@YCPO`AK~@MlACRIj@APCLERIRIPWh@Ob@ELO^Sr@Ib@If@Cd@Ab@@d@Bh@Fl@Fl@FXF\Jh@\rAFRJh@DVJ|@Ft@BV@N?LCNCJk@bAILMTQRSVYZ[d@e@r@a@r@ILOTQRMPKJQNC@@J?NCPIf@IX@]?QAQESZYBAPOJKLQPSNUHM`@s@d@s@JONUX[RWPSLUHMj@cABKBO?MAOCWGu@K}@EWKi@GS]sAKi@G]GYGm@Gm@Ci@Ae@@c@@O	Click to Generate
S25	15	1			3	St Thomas (S25)	Bake N Butty (S25)	The Colin (S25)	1224	918	kjceI~roGNUX[RWPSLU}@wCGQNKV[EDQTOJFP|@vCHMj@cABKBOPLLLLNf@j@RVDFj@r@j@t@JN^oARm@Sl@_@nAKOk@u@k@s@EGSWu@{@MMQMCNCJk@bAILMTQRSVYZ[d@e@r@a@r@ILOTQRMPKJQNC@@J?NCPIf@IXIXERADAFGTGGEEAK?QDIHE??H?FBHY@]?QAQESZYBAPOJKLQPSNUHM`@s@d@s@JO	Click to Generate
S25	20	1			3	The Manor Barn (S25)	Bake N Butty (S25)	The Salvation Army - Rotherham (S25)	1712	1284	oiceI~coGDBfAj@PJKi@GS]sAKi@G]GYGm@Gm@Ci@Ae@@c@@O@UHg@Hc@Rs@NTR\p@~AJPLLXXaBjDMRGHYTJh@\rAFRJh@DVJ|@Ft@BV@N?LPLLLLNf@j@RVDFj@r@j@t@JN^oARm@Sl@_@nAKOk@u@k@s@EGSWu@{@MMQMCNCJk@bAILMTQRSVYZ[d@e@r@a@r@ILOTQRMPKJQNC@@J?NCPIf@IX@]?QAQESZYBAPOJKLQPSNUHM`@s@d@s@JONUX[RWPSLUHMj@cABKBO?MAOCWGu@K}@EWQKgAk@EC	Click to Generate
S25	30	1			3	Masjid Abu Bakr (S25)	Tinsley Meadows Primary School (S25)	Tinsley Sports and Social Club (S25)	2698	2024	cw~dIvkoG\YRp@HZ_Ax@GFq@l@q@r@UVZlBJEHEPQd@c@w@t@IDKD[mBg@j@WZ[f@u@hAm@`AINmAvDELQ`@]h@U\OX]r@EIa@s@e@gA]eA[_AtAmBq@qBM@KDCDOa@??N`@BEJELAp@pBuAlBZ~@\dAd@fA`@r@DH\s@NYT]\i@Pa@DMlAwDHOl@aAt@iAZg@V[f@k@TWp@s@p@m@FG~@y@bC{BRQd@e@X]T]N]Pc@DQFWF_@@Ib@qDLeAPyAX}BBOD_@D]Ju@MAIAG@}A|@OFM???L?NG|A}@FAH@L@Kt@E\E^CNY|BQxAMdAc@pDAHG^GVEPQb@O\U\Y\e@d@SPcCzBI[Sq@]X	Click to Generate
S25	30	1			3	Madani Education Centre (S25)	Cooling Tower in Nature's Fabric (S25)	Hanfia Masjid (S25)	2579	1934	ml_eIpwoGN`@BEJELAp@pBuAlBBHVt@\dAqEjGmBaCtFyHkAgDcCaHYkEQFKeB@Q`AYLMHQDUJk@HMDEK_@Q_C?SDGpAm@vAk@\CT@CvCA^INqDlAC@EDILKj@ETIPMLaAXAB?LJdBoFbBiFvASHIBEBBXN~@Nv@BLFPFPTv@f@bBNr@Tn@\bADJXr@Th@z@nBHRNUjAgBJOnA_B|AuB`ByBjAfDNh@tAmBq@qBM@KDCDOa@	Click to Generate
S25	45	1			3	Tinsley Meadows Primary School (S25)	Tinsley Sports and Social Club (S25)	Madani Education Centre (S25)	4026	3020	oy~dIjioG~@{@Rp@BHHXFVRp@HZ_Ax@GFq@l@q@r@UVg@j@WZ[f@u@hAm@`AINmAvDELQ`@]h@U\OX]r@EIa@s@e@gA]eA[_AtAmBq@qBM@KDCDOa@??N`@BEJELAp@pBuAlBZ~@\dAd@fA`@r@DH\s@NYT]\i@Pa@DMlAwDHOl@aAt@iAZg@V[f@k@TWp@s@p@m@FG~@y@bC{BRQd@e@X]T]N]Pc@DQFWF_@@Ib@qDLeAPyAX}BBOD_@D]Ju@MAIAG@}A|@OFM???L?NG|A}@FAH@L@Kt@E\E^CNY|BQxAMdAc@pDAHG^GVEPQb@O\U\Y\e@d@SPcCzB_Ax@GFq@l@q@r@UVg@j@WZ[f@u@hAm@`AINmAvDELQ`@]h@U\OX]r@EIa@s@e@gAqEjGmBaCtFyHNh@BHVt@\dAd@fA`@r@DH\s@NYT]\i@Pa@DMlAwDHOl@aAt@iAZg@V[f@k@TWG]Kq@G_@Oy@Ie@xAsA	Click to Generate
S25	45	1			3	St Lawrence Church (S25)	Cohens Chemist (S25)	Sheffield Hallam University Sports Park (S25)	3161	2371	am~dItpnGL?NG|A}@FAH@L@Kt@E\E^CNY|BQxAMdAc@pDAHG^GVEPQb@O\U\Y\e@d@SPcCzBI[Sq@GWIYCISq@IQAEEGCEKIOC@_@?SBODMr@}ADGFEHAH?NJLFHBFAFdABHDBB@CAECCIGeAG@ICMGOKI?I@GDEFs@|AEL?BCJ?RA^NBJHBDDF@DHPRp@BHHXFVRp@HZ_Ax@GFq@l@q@r@G]Kq@G_@Oy@Ie@v@u@`ByARp@BHHXFVRp@HZbC{BRQd@e@X]T]N]Pc@DQFWF_@@Ib@qDLeAPyAX}BBOD_@D]Ju@Fy@DeALiEFsANaBHq@R_BX}ARgAD]PkAJgA@K\NXN\RB@Jb@h@rCr@rBDRFRBT@XvA`Dk@qAk@oAAYCUGSESs@sBi@sCKc@CA]SYO]OAJKfAQjAE\SfAY|AS~AIp@O`BGrAMhEEdAGx@MAIAG@}A|@OFM?	Click to Generate
S25	60	1			3	Brutus (S25)	Freddy (S25)	Abbey School (S25)	5607	4205	gpceIfpqG??jCqBFU@ELqD?{ABaAD[FuAAy@KoA_@kBGe@U{A{@uFg@}CUyAEWEOOYDMFU@G@EDSHY@]?QAQESZYBAPOJKLQPSNUHM`@s@d@s@Ze@X[RWPSLUHMj@cABKBOPLLLt@z@RVDFj@r@j@t@JNr@|@h@t@b@j@FH\b@PNRLTHG`@Gf@E`@AV?R@b@BVHZHTDFJNJJ|@h@|@f@NHf@`@b@b@HJVXPXBBLRZh@Vh@P^P`@Nf@Nh@Nh@Ln@Hj@Hl@B\@PB`@@L?R?V?`@Cd@Cb@Gp@CJIj@EVGTERGRUn@S^S^SX_@b@u@x@SVGFIJGNEPAN?R@NBT@F@HJt@F\TbBFZFTFJl@z@PVBJF\Dd@@h@@~A@jAAZAVCZADEj@Ix@OxAKjAKbAKlAOtAE`@E`@G^KXSl@[x@g@xAM^KZQz@I\Qt@W]SUCEg@c@e@e@s@g@wBwAwDcCaD{B_Ai@y@[GCMGkCkAc@WMKCAk@e@MK{CkDoGwHWMoCs@GCwCy@i@KqCYFuA?g@?SLmCDw@N{@Jg@Zm@BC\g@NOPI`@GLCTEj@OPKLQp@iBRs@j@yAhAgCdAaCdAyBhByBhAyAr@gANi@PwAJi@Le@JYHSPUb@_@RQFKJMHULa@NXDNDVTxAf@|Cz@tFTzAFd@^jBJnA@x@GtAEZG`@GTWlBYdAo@bAcAr@g@FgBLa@FINCR?VAl@??@m@p@Av@DXBf@XPBNE	Click to Generate
S25	30	1			3	Muscle Fusion (S25)	Shirefreen News 'n' Booze (S25)	Beck Primary School (S25)	2953	2215	}}ceIx{wGNH@H@NDLHDBSLu@H}@Fg@Bi@B]g@iACEu@u@SW??OWUg@KUIOYm@aAcBh@oB\cATi@Vi@^q@x@_BdAwBR\v@~Ae@Td@Uw@_BS]eAvBy@~A_@p@Wh@Uh@]bAi@nB`AbBXl@HNJTTf@NVRVt@t@BDf@hAC\Ch@Gf@I|@Mt@DH@F@JBf@Hd@H`@DNFNb@l@x@jASfAUxAOrAKfAOjBGdAEtACl@ClAZ@??[A?JCjA?zB@dB@b@?h@Bp@[n@FFFHJB^B|@@`@Gd@K~@W?J?JANG\NvA??OwAF]@O?K?K_AVe@Ja@F}@A_@CKCGIGGQ^Qb@K`@Ib@Kf@Ed@AXCXCACCEECIE]G}@AWEo@UgDOcDCUCIIIHyBJsCDmABi@Bw@LsCBq@Bq@JsAJmAL}@Lu@Hm@DWd@iCIEEMAOAIOI	Click to Generate
S25	60	1			3	AllSaints (S25)	Jump Inc (S25)	SYPTE (S25)	5179	3884	gm_eIpgrGCj@p@fBT]T[T]T[V]T]CGQc@Qc@Qe@Qe@Qc@Qc@Qg@BUpBwCBK@A@O@MCYKOIOKMOSOOMM_@YGCMGQIGAYCWEWAO?G@E@c@FMDQHEBGBMHSNSNWTEDa@ZUR]b@Q^Wf@Qf@Of@EXGVKt@AJ@N@LDJ?@HLnBRFBBD@D?D?D?B?RAFE@QAwAOCBAF?F?DBFR@ZDZBZDP@B@@B@JMzEAZt@pB??SZ}@_C@m@NkF[E[C[ESACG?E?G@GBCvANFCBE?I?GACCCC?eBSKAGCGKIMGQAW@O@OHi@F]?E@EDQLi@DMLYJU@EHORc@PWRULMHKNMNO^YROZQFELGTGREVGDAFAH?P?`@@P@D@VDXFHDJF\TLJLNLPNPVd@NZNZVh@f@nAJRJL@BDBDFNHNDF@DBHEH?D?JEHGJINUBU?G?KEc@?IA]CGe@oAINMN}@cC\~@^bALOHOd@nABFNRJJBDB@B@F@D?JCr@aA`@g@DKPQ@IDQDKFIFGDAFAD?D@HBFFFHDLBJBJ?L?L?LCJCJEJEHGFEBGBI?GAOB_@J_@NUNURY\GJIHABSXGRITEJAHBZ@VCLCNEJGHGHGBIBIAGAIEEEEGCGEIAICKAYM_@So@EKcAyBQ_@GMSg@KOIOKMOSOOMM_@YGCMGQIGAYCWEWAO?G@E@c@FMDQHEBGBMHSNSNWTEDa@ZUR]b@Q^Wf@Qf@Of@EXGVKt@AJG~@C`A?JAvG?LAt@@P?J?^ATABEVo@~@GJKRILKNEPADEJBHFDXd@V`@FJ?\@P?X\l@HLNVNXXm@^y@gAsBuAkAGEUQk@g@GEOKO[EGCICICGA[?S?I@I@KDSXUDEVOlAi@T[@ABMDU@{@?uC@c@@g@@SBg@@O@OHi@F]?E@EDQLi@DMLYJU@EHORc@PWRULMHKNMNO^YROZQFELGTGREVGDAFAH?P?`@@P@D@VDXFHDJF\TLJLNLPNPVd@NZNZENCLGFKPEFSZ}A|BK@a@M?h@Ap@EbAC|@CbA?R	Click to Generate
S25	20	1			3	St Thomas Church Wincobank (S25)	Wincobank Post Office (S25)	Eastwoods (S25)	1593	1195	gdaeI|`tGzBDDHZvCdAdBFJLN`@l@d@j@VV^^^\^`@VVPLIk@w@oHSgBOkA_@eDO{AOuAPIDA~@]LEd@lEf@nElAtKv@dH?JADCDCDcA`@AEGOGUWuAKo@OoAQMWW_@a@_@]_@_@WWe@k@a@m@MOGKeAeB[wCEI{BE	Click to Generate
S25	20	1			3	St Thomas Church Wincobank (S25)	Wincobank Fish Bar (S25)	Eastwoods (S25)	1673	1255	wy`eIlvsGDA~@]LEd@lEf@nEcBt@OkA_@eDO{AOuAm@V}@ZwB`A]HI@OAU?a@?YDQHYTRdAXvAl@@zBDDHZvCdAdBFJLN`@l@d@j@VV^^^\^`@VVPLNnAJn@VtAFTFN@DbAa@BEBE@E?Kw@eHeBv@w@oHSgBo@qFO{AOuAPI	Click to Generate
S25	20	1			3	Zena (S25)	St Thomas (S25)	Winterhill School (S25)	1592	1194	aoceIruoGKg@KS]_@EACDK^CLGVHFDHDLd@lBDLC@@J?NCPIf@IXIXERADAFGTELNXEJMd@Kj@??Jk@Le@DKOYDMFU@G@EDSHY@]?QAQESZYBAPOJKLQPSNUHM`@s@d@s@Ze@X[RWPSLU}@wCGQNKV[EDQTOJFP|@vCMTQRSVYZ[d@e@r@a@r@ILOTQRMPKJQNC@@J?NCPIf@IXIXERADAFGTELNXDNDVTxAf@|CDCHEBCBA`@WPK??QJa@VC@CBIDEBg@}CUyAEWEOOYDMFU@G@EDSHY@]?QAQESZYBAEMe@mBEMEIIGFWBMJ_@BED@\^JRJf@	Click to Generate
S25	10	1			3	Zena (S25)	The Colin (S25)	The Salvation Army - Rotherham (S25)	982	736	mlceIthpGQJa@VC@CBIDEBg@}CUyAEWEOEJMd@Kj@??Jk@Le@DKOYDMGGEEAK?QDIHE??H?FBHY@]?QAQESZYBAPOJKLQPSNUHM`@s@d@s@Ze@X[HVLZDHb@j@c@k@EIM[IWYZOTKNe@r@a@r@ILOTQRMPKJQNC@@J?NCPIf@IXIXERADAFGTELNXDNDVTxAf@|CDCHEBCBA`@WPK	Click to Generate
S25	30	1			3	Hancock Cars (S25)	Shirefreen News 'n' Booze (S25)	Beck Primary School (S25)	2103	1577	i_deIppwGDHRVt@t@BDf@hAC\Ch@Gf@I|@Mt@CRIEEMAOAIMGGEOAI@EF_@xB^yBDGHAN@TL@H@NDLHDe@hCHCNEJAH?L?D?FCDNFNb@l@x@jASfAUxAOrAKfAOjBGdAEtACl@ClAZ@??[A?JCjA?zB@dB@b@?h@Bp@[n@FFFHJB^B|@@`@Gd@K~@W?J?JANG\NvA??OwAF]@O?K?K_AVe@Ja@F}@A_@CKCGIGGZo@Cq@?i@Ac@AeB?{BBkA?KBmABm@DuAFeANkBJgANsATyARgAy@kAc@m@GOEOIa@Ie@Cg@AKAGEILu@H}@Fg@Bi@B]g@iACEu@u@SWEI	Click to Generate
S25	60	1			3	Blackburn Minimarket (S25)	Blackburn Primary School (S25)	Shiregreen Medical Centre (S25)	8581	6436	kybeIzwuGjDcHtAiCvDcGxA{AxAeAhCwAbBy@nAo@pA_ArBoB~@iAh@cAnB}DxAoCd@y@rAuBLOX[Qw@UaAI]K[GOOa@GOKQGSCi@Ei@EYGUEMY\i@d@QLSJg@^eAf@aDzAuCpAqClAeAd@}BfAa@TCBi@^Om@w@oCOg@s@{B[cAYw@Yu@m@kAOWi@{@CCQUQUW]SUCE[bBAJKv@Kz@E~@Al@Aj@?l@Ar@?FCf@Cd@C`@Gr@Gj@Ih@Gb@En@Cn@?n@?NC~@AHARGVSb@IMOSEMAQJk@BUO`A@PDLNRHLRc@FW|@l@DMDSN_@j@eA??k@dAO^EREL}@m@@S@IB_A?O?o@Bo@Do@Fc@Hi@Fk@Fs@Ba@Be@Bg@?G@s@?m@@k@@m@D_AJ{@Jw@@KZcBBDRTV\PTPTBBh@z@NVl@jAXt@Xv@ZbAr@zBNf@v@nCNl@yC~BML}@jBaBvD{ApDy@jB}AbDmBlEa@bA}AzDoBnEUh@kCbGc@`AkBlEaBpDqAzC_BpD{AfDeAvBy@~A_@p@Wh@Uh@]bAi@nB`AbBXl@HNJTTf@NVRVt@t@BDf@hAC\Ch@Gf@I|@Mt@DH@F@JBf@Hd@H`@DNFNb@l@x@jAT^R^RVRNPHRHPBT?d@Cl@IpA_@@?bBi@XKXK`@ONGx@Ul@M\GLAd@E`@@XFPHvAn@rAp@h@VPHPLNLJJBm@@s@DsAFeA?IBo@VL@?zBfArFpCs@dGCV}A{@IECAaAi@kB_A]QQGMCQCKKOMQMQIi@WsAq@wAo@QIYGa@Ae@DM@]Fm@Ly@TOFa@NYJYJcBh@A?qA^m@He@BU?QCSIQISOSWS_@U_@y@kAc@m@GOEOIa@Ie@Cg@AKAGEILu@H}@Fg@Bi@B]@KDa@B_@Fc@@MLi@H_@Vw@^{@l@oAt@mAt@gA`CyC~@qAn@_Ar@iAjAwBj@uAbAcDx@kCr@kBz@gBhCeGj@kA	Click to Generate
S25	60	1			3	Freddy (S25)	Suzy (S25)	Two Dinners Ignatiu (S25)	4847	3635	mkceIp}rGKy@Mg@I]C]@g@GCMGkCkAc@WMKCAk@e@MKyAcBaAgAoGwHWMoCs@GCwCy@i@KqCYFuA?g@?SLmCDw@N{@Jg@Zm@BC\g@NOPI`@GLCTEj@OPKLQp@iBRs@j@yAhAgCdAaCdAyBhByBhAyAr@gANi@PwAJi@Le@JYHSPUb@_@RQFKJMHULa@NXDNDVTxAf@|Cz@tFTzAFd@^jBJnA@x@GtAEZC`A?zAMpDIZkCpB??ODQCg@YYCw@Eq@@?WBSHO`@GfBMf@GbAs@n@cAXeAVmBFUFa@D[FuAAy@KoA_@kBGe@U{A{@uFg@}CUyAEWEOOYM`@ITKLGJSPc@^QTIRKXMd@Kh@QvAOh@s@fAiAxAiBxBeAxBeA`CiAfCk@xASr@q@hBMPQJk@NUDMBa@FQHON]f@CB[l@Kf@Oz@Ev@MlC?R?f@GtApCXh@JvCx@FBnCr@VLnGvHzCjDLJj@d@PLb@VjCjALFFBAf@B\H\Lf@Jx@	Click to Generate
S25	45	1			3	American Golf (S25)	Madani Education Centre (S25)	Air Haus (S25)	4186	3140	uo_eIpxpGoAmB?EHs@VENBd@Fh@NN@VCDA\OVe@Ra@d@k@ZWNE^CP@R@ZR\ZVl@Jh@Ff@@H@fAAVC^@dAFl@Jh@Vd@X\CVK\EJIDG@[Hk@Xk@ZEY`@UQJOHDXj@[j@YZIFAHEDKJ]_@_@S]OYKISGSAU@_@b@WPWJ[BG?QEQGa@[SUOa@Mg@Go@Cg@Mi@KYKSYUi@Mc@GMKMMUIOIWSIISYKMa@k@Ye@a@y@EGa@{@m@mANUjAgBJOnA_B|AuB`ByBjAfDNh@BHVt@\dAd@fA`@r@DHI`@E\CV?V@H@RFRLZBFV\P@R@ZR\ZVl@Jh@Ff@@H@fAAVC^Ot@Un@c@h@_@b@Oh@EPCPAT?TBd@Lh@R^NTHFz@v@XXl@l@d@f@f@d@`@d@JLPPJLf@j@`@d@FFT\HBFFFHDLBJBJ?L?L?LCJCJEJEHGFEBGBI?GAOB_@J_@NUNURY\GJIHABSXGRITEJAHBZ@VCLCNEJGHGHGBIBIAGAIEEEEGCGEIAICKAY@O@QBMFMDKHGHEH?D?JEHGJINUBU?G?KEc@?IA]CGe@oAo@{AMYGKIGK?K@KJyAyD~@`CXv@JKJAJ?HFFJLXn@zAd@nABFNRJJBDB@B@F@D?JCr@aA`@g@DKPQ@IM}@GYM[GKQWQSUWaB_Bg@g@oAkA]]KMk@y@MSM]K]I[G[EMUk@a@[SUOa@Mg@Go@Cg@Mi@KYKSYUi@Mc@GMKMMIr@?DnAlB	Click to Generate
S25	15	1			3	The Colin (S25)	Winterhill School (S25)	The Salvation Army - Rotherham (S25)	1060	795	crceIfdpGJk@Le@DKOYDMGGEEAK?QDIHE??H?FBERADAFGTELNXDNDVTxAf@|CDCHEBCBA`@WPK??QJa@VC@CBIDEBg@}CUyAEWEOOYDMFU@G@EDSHY@]?QAQESZYBAPOJKLQPSNUHM`@s@d@s@Ze@X[HVLZDHb@j@c@k@EIM[IWYZOTKNe@r@a@r@ILOTQRMPKJQNC@@J?NCPIf@IXIXERADAFGTELNXEJMd@Kj@	Click to Generate
S25	45	1			3	Two Dinners Ignatiu (S25)	Stan (S25)	Brutus (S25)	3133	2350	wvceItpqG@m@p@Av@DXBf@XPBNE??jCqBH[LqD?{ABaAD[FuAAy@KoA_@kBGe@U{A{@uFg@}CUyAEWEOOYM`@ITKLGJSPc@^QTIRKXMd@Kh@QvAOh@s@fAiAxAiBxBeAxBeA`CiAfCk@xASr@q@hBMP??QJk@NUDMBa@FQHKi@GSMKOGiCc@KOCM?WFW~@qBRVpH~ARHRs@j@yAhAgCdAaCdAyBhByBhAyAr@gANi@PwAJi@Le@JYHSPUb@_@RQFKJMHULa@NXDNDVTxAf@|Cz@tFTzAFd@^jBJnA@x@GtAEZC`A?zAMpDADGTkCpBODQCg@YYCw@Eq@@Al@	Click to Generate
S25	45	1			3	Shirefreen News 'n' Booze (S25)	Beck Primary School (S25)	Shiregreen Medical Centre (S25)	3382	2536	{}ceIjvwG`@sABGf@hAC\Ch@Gf@I|@Mt@DH@F@JBf@Hd@H`@DNFNb@l@x@jASfAUxAOrAKfAOjBGdAEtACl@ClAZ@??[A?JCjA?zB@dB@b@?h@Bp@[n@FFFHJB^B|@@`@Gd@K~@W?J?JANG\NvA??OwAF]@O?K?K^MvA_@Cg@E_AAw@Ac@@e@?W?WFCAe@?G?YAS?M@g@?SBi@D}ABe@Bi@Hk@N{@R}@Tu@Vi@JSd@y@P[HU@QAQXKXK`@ONGx@Ul@M\GLAd@E`@@XFPHvAn@rAp@h@VPHPLNLJJBm@@s@DsAFeA?IBo@VL@?zBfArFpCs@dGCV}A{@IECAaAi@kB_A]QQGMCQCKKOMQMQIi@WsAq@wAo@QIYGa@Ae@DM@]Fm@Ly@TOFa@NYJYJcBh@A?qA^m@He@BU?QCSIQISOSWS_@U_@y@kAc@m@GOEOIa@Ie@Cg@AKAGEILu@H}@Fg@Bi@B]g@iACFa@rA	Click to Generate
S25	60	1			3	American Golf (S25)	Sainsbury's (S25)	M&C Tailoring (S25)	4846	3634	oe_eIxoqGXv@JKJAJ?HFFJLXn@zAd@nABFNRJJBDB@B@F@D?JCr@aA`@g@DKPQ@IM}@GYM[GKQWQSUWaB_Bg@g@oAkA]]KMk@y@MSM]K]I[G[EMUk@a@[SUOa@Mg@Go@Cg@?_@@]@UBQDSJa@Ve@Ra@d@k@ZWNE^CP@R@ZR\ZVl@Jh@Ff@@H@fAAVC^@dAFl@Jh@Vd@X\CVK\EJIDG@[Hk@Xk@ZEY`@UQJOHDXj@[j@YZIFAHEDKJ]_@_@S]OYKISGSAU@_@b@Oh@EPCPAT?TBd@Lh@R^NTHFz@v@XXl@l@d@f@f@d@`@d@JLPPJLf@j@`@d@FFT\HBFFFHDLBJBJ?L?L?LCJCJEJEHGFEBGBI?GAOB_@J_@NUNURY\GJIHABSXGRITEJAHBZ@VCLCNEJGHGHGBIBIAGAIEEEEGCGEIAICKAY@O@QBMFMDKHGHEH?D?JEHGJINUBU?G?KEc@?IA]CGl@{@Rb@??@An@eA@O?K?EEMaArAm@z@BFNRJJBDB@B@F@D?JCr@aA`@g@DKPQ@IM}@GYM[GKQWQSUWaB_Bg@g@oAkA]]KMk@y@MSM]K]I[G[EMUk@a@[SUOa@Mg@Go@Cg@Mi@KYKSYUi@Mc@GMKMMIr@?DvBdDAAuBcD?EHs@VENBd@Fh@NN@VCDA\OVe@Ra@d@k@ZWNE^CP@R@ZR\ZVl@Jh@Ff@@H@fAAVC^Ot@Un@c@h@_@b@Oh@EPCPAT?TBd@Lh@R^NTHFz@v@XXl@l@d@f@f@d@`@d@JLPPJLf@j@`@d@FFT\HBFFFHDLBJBJ?L?L?LCJCJEJEHGFEBGBI?GAOB_@J_@NUNURY\GJIHABSXGRITEJAHBZ@VCLCNEJGHGHGBIBIAGAIEEEEGCGEIAICKAY@O@QBMFMDKHGHEH?D?JEHGJINUBU?G?KEc@?IA]CGe@oAo@{AMYGKIGK?K@KJYw@	Click to Generate
S25	60	1			3	White Stuff (S25)	SYPTE (S25)	Jump Inc (S25)	5179	3884	_u_eIlqrG??SZ}@_C@m@NkF[E[C[ESACG?E?G@GBCvANFCBE?I?GACCCC?eBSKAGCGKIMGQAW@O@OHi@F]?E@EDQLi@DMLYJU@EHORc@PWRULMHKNMNO^YROZQFELGTGREVGDAFAH?P?`@@P@D@VDXFHDJF\TLJLNLPNPVd@NZNZENCLGFKPEFSZ}A|BK@a@M?h@Ap@EbAC|@CbA?RCj@p@fBT]T[T]T[V]T]CGQc@Qc@Qe@Qe@Qc@Qc@Qg@BUpBwCBK@A@O@MCYKOIOKMOSOOMM_@YGCMGQIGAYCWEWAO?G@E@c@FMDQHEBGBMHSNSNWTEDa@ZUR]b@Q^Wf@Qf@Of@EXGVKt@AJG~@C`A?JAvG?LAt@@P?J?^ATABEVo@~@GJKRILKNEPADEJBHFDXd@V`@FJ?\@P?X\l@HLNVNXXm@^y@gAsBuAkAGEUQk@g@GEOKO[EGCICICGA[?S?I@I@KDSXUDEVOlAi@T[@ABMDU@{@?uC@c@@g@@SBg@@O@OHi@F]?E@EDQLi@DMLYJU@EHORc@PWRULMHKNMNO^YROZQFELGTGREVGDAFAH?P?`@@P@D@VDXFHDJF\TLJLNLPNPVd@NZNZVh@f@nAJRJL@BDBDFNHNDF@DBHEH?D?JEHGJINUBU?G?KEc@?IA]CGe@oAINMN}@cC\~@^bALOHOd@nABFNRJJBDB@B@F@D?JCr@aA`@g@DKPQ@IDQDKFIFGDAFAD?D@HBFFFHDLBJBJ?L?L?LCJCJEJEHGFEBGBI?GAOB_@J_@NUNURY\GJIHABSXGRITEJAHBZ@VCLCNEJGHGHGBIBIAGAIEEEEGCGEIAICKAYM_@So@EKcAyBQ_@GMSg@KOIOKMOSOOMM_@YGCMGQIGAYCWEWAO?G@E@c@FMDQHEBGBMHSNSNWTEDa@ZUR]b@Q^Wf@Qf@Of@EXGVKt@AJ@N@LDJ?@HLnBRFBBD@D?D?D?B?RAFE@QAwAOCBAF?F?DBFR@ZDZBZDP@B@@B@JMzEAZt@pB	Click to Generate
S25	60	1			3	Air Haus (S25)	M&C Tailoring (S25)	Sainsbury's (S25)	4937	3703	yd_eIzbqGOHDXj@[j@YZIFAHEDKJ]_@_@S]OYKISGSAU@_@b@Oh@EPCPAT?TBd@Lh@R^NTHFz@v@XXl@l@d@f@f@d@`@d@JLPPJLf@j@`@d@FFT\HBFFFHDLBJBJ?L?L?LCJCJEJEHGFEBGBI?GAOB_@J_@NUNURY\GJIHABSXGRITEJAHBZ@VCLCNEJGHGHGBIBIAGAIEEEEGCGEIAICKAY@O@QBMFMDKHGHEH?D?JEHGJINUBU?G?KEc@?IA]CGe@oAo@{AMYGKIGK?K@KJyAyD~@`CXv@JKJAJ?HFFJLXn@zAd@nABFNRJJBDB@B@F@D?JCr@aA`@g@DKPQ@IM}@GYM[GKQWQSUWaB_Bg@g@oAkA]]KMk@y@MSM]K]I[G[EMUk@a@[SUOa@Mg@Go@Cg@Mi@KYKSYUi@Mc@GMKMMIr@?DvBdDAAuBcD?EHs@VENBd@Fh@NN@VCDA\OVe@Ra@d@k@ZWNE^CP@R@ZR\ZVl@Jh@Ff@@H@fAAVC^Ot@Un@c@h@_@b@Oh@EPCPAT?TBd@Lh@R^NTHFz@v@XXl@l@d@f@f@d@`@d@JLPPJLf@j@`@d@FFT\HBFFFHDLBJBJ?L?L?LCJCJEJEHGFEBGBI?GAOB_@J_@NUNURY\GJIHABSXGRITEJAHBZ@VCLCNEJGHGHGBIBIAGAIEEEEGCGEIAICKAY@O@QBMFMDKHGHEH?D?JEHGJINUBU?G?KEc@?IA]CGl@{@Rb@??@An@eA@O?K?EEMaArAm@z@BFNRJJBDB@B@F@D?JCr@aA`@g@DKPQ@IM}@GYM[GKQWQSUWaB_Bg@g@oAkA]]KMk@y@MSM]K]I[G[EMUk@a@[SUOa@Mg@Go@Cg@?_@@]@UBQDSJa@Ve@Ra@d@k@ZWNE^CP@R@ZR\ZVl@Jh@Ff@@H@fAAVC^@dAFl@Jh@Vd@X\CVK\EJIDG@[Hk@Xk@ZEYNI	Click to Generate
S25	15	1			3	St Thomas (S25)	The Salvation Army - Rotherham (S25)	Meadow View Primary School (S25)	1142	856	adceIhmoGMOMMQMCNCJk@bAIL}@wCGQNKV[EDQTOJFP|@vCMTQRSVYZ[d@e@r@a@r@ILOTQRMPKJQNC@@J?NCPIf@IX@]?QAQESZYBAPOJKLQPSNUHM`@s@d@s@JONUX[RWPSLUHMj@cABKBOPLLLt@z@RVDFj@r@j@t@JN^oARm@??Sl@_@nAKOk@u@k@s@EGSWg@k@	Click to Generate
S25	45	1			3	The Cruise Holiday Shop (S25)	Mint Nail (S25)	Jump Inc (S25)	3326	2494	gm_eIrgrGCh@p@fB??T]T[T]T[V]T]CGQc@Qc@Qe@Qe@Qc@Qc@Qg@BUpBwCBK@A@O@MCYKOIOKMOSOOMM_@YGCMGQIGAYCWEWAO?G@E@c@FMDQHEBGBMHSNSNWTEDa@ZUR]b@Q^Wf@Qf@Of@EXGVKt@AJ@N@LDJ?@HLnBRFBBD@D?D?D?B?RAFE@QAwAOCBAF?F?DBFR@ZDZBZDP@B@@B@JMzEAZt@pB??SZ}@_C@m@NkF[E[C[ESACG?E?G@GBCvANFCBE?I?GACCCC?eBSKAGCGKIMGQAW@O@OHi@F]?E@EDQLi@DMLYJU@EHORc@PWRULMHKNMNO^YROZQFELGTGREVGDAFAH?P?`@@P@D@VDXFHDJF\TLJLNLPNPVd@NZNZVh@f@nAJRJL@BDBDFNHNDF@DBHEH?D?JEHGJINUBU?G?KEc@?IA]CGe@oAINMN}@cC\~@^bALOHOd@nABFNRJJBDB@B@F@D?JCr@aA`@g@DKPQ@IDQDKFIFGDAFAD?D@HBFFFHDLBJBJ?L?L?LCJCJEJEHGFEBGBI?GAOB_@J_@NUNURY\GJIHABSXGRITEJAHBZ@VCLCNEJGHGHGBIBIAGAIEEEEGCGEIAICKAYM_@So@EKcAyBQ_@GFKPEFSZ}A|BK@a@M?h@Ap@EbAC|@CbA?T	Click to Generate
S25	45	1			3	Shirefreen News 'n' Booze (S25)	Hartley Brook Road Post Office (S25)	Volksgear (S25)	3970	2978	ctceI~oyGOwAF]@O?K?K_AVe@Ja@F}@A_@CKCGIGGZo@Cq@?i@Ac@AeB?{BBkA?KZ@??[A?JCjA?zB@dB@b@?h@Bp@[n@Q^Qb@K`@Ib@Kf@Ed@AXCXAl@@n@@d@D`@F^DRLh@Rj@Rj@Th@RZDF\f@Z\`@\b@NZL`AR`AFn@@rBA^AT?bAAXAT?d@@r@Fv@Jv@Pr@Pp@TT}ADW@EBADAbAj@@OTwBZmDLuAHw@H}@Fg@LaBHeADs@Ba@Be@?m@?M?oCAcA?W?yB?S?s@?gC?aD@iD?S?u@C[KKOMQMQIi@WsAq@wAo@QIYGa@Ae@DM@]Fm@Ly@TOFa@NYJYJcBh@A?qA^m@He@BU?QCSIQISOSWS_@U_@y@kAc@m@GOEOIa@Ie@Cg@AKAGEICRIEEMAOAIOIECOAI@EF_@xB^yBDGHAN@TL@H@NDLHDe@hCEVIl@Mt@M|@KlAKrACp@Cp@MrCCv@Ch@ElAKrCIxBHHBHBTNbDTfDDn@@VF|@D\BHDDBBB@BY@YDe@Jg@Hc@Ja@Pc@P_@FFFHJB^B|@@`@Gd@K~@W?J?JANG\NvA	Click to Generate
S25	45	1			3	Beck Primary School (S25)	Shiregreen Medical Centre (S25)	Shirefreen News 'n' Booze (S25)	4141	3106	i|beIrgzG??KJGNEPOGOIq@Us@Qw@Qw@Ks@Ge@ACSGQKSe@cA]{@_@cAWy@Qq@Me@SaAUkAQmAEYMiAKcAGaAEu@wA^_@L?J?JANG\NvA??OwAF]@O?K?K^MvA_@Cg@E_AAw@Ac@@e@?W?WFCAe@?G?YAS?M@g@?SBi@D}ABe@Bi@Hk@N{@R}@Tu@Vi@JSd@y@P[HU@QAQXKXK`@ONGx@Ul@M\GLAd@E`@@XFPHvAn@rAp@h@VPHPLNLJJBm@@s@DsAFeA?IBo@VL@?zBfArFpCs@dGCV}A{@IECAaAi@kB_A]QQGMCQCKKOMQMQIi@WsAq@wAo@QIYGa@Ae@DM@]Fm@Ly@TOFa@NYJYJcBh@A?qA^m@He@BU?QCSIQISOSWS_@U_@SfAUxAOrAKfAOjBGdAEtACl@ClAZ@??[A?JCjA?zB@dB@b@?h@Bp@[n@Q^Qb@K`@Ib@Kf@Ed@AXCXAl@@n@@d@D`@F^DRLh@Rj@Rj@Th@RZDF\f@Z\`@\b@NZL`AR`AFn@@rBA^AT?bAAXAT?d@@r@Fv@Jv@Pr@Pp@TNHNFDQFOJK??	Click to Generate
S25	60	1			3	Sci-Tek Snack Shack (S25)	Kelford School (S25)	South Street Convenience Store (S25)	12335	9251	}paeIxxlGWFSDWJMZUHQ?[@_@AMCkAa@m@MCOAOAe@OsGAYCSOs@EKEGGCEAQHOL]d@KLKDIBC?SBGHIl@C^EVeAjBMRu@pA[j@U`@aA~AYd@u@nAQX_@h@k@h@MLOPILWe@ESCO?CA]?QBcE?Y@yA@wB?W@[?G?_A@eBBkB?K?c@B}B@qA?yA@wABiA?S@kA@g@?EAq@AoAC{@GoA?]Ba@Jy@f@sELcAv@eHRiBDg@?}@?g@?wA?O?_BAaACo@Ce@E_@Iy@Gg@E]EWEm@CUAa@EmAGm@AQAo@?S?k@?g@NBr@DbADL@xAJnB?pBBd@AtAWdI}CtAi@PQHOBQBOHOHKJGLCJ@JDJJHLDRDR@VF^N|@VdAFVPx@b@~@Xr@RRJHVNH@DBHPBNAT?@?V@RJn@Nl@Nr@B\FPDRb@|AJr@b@nCZpBBTr@zE^dCf@|CP~@Pl@Vv@Xp@\h@^d@TVjAdAp@h@XHD@TFHAD?JFDFDR@N?JETILGDE@EAKHC@KLEDIRoApBcAzAuAjB\xAR~@@~@A`B@z@Dp@Jr@Lp@X|@Lb@DLVpARdALhAHfADbA@t@@V?`ACt@MfA?HAn@BfA@z@RvL@|@ZxQ[yQ?EAw@SwLA{@CgA@o@?ILgABu@?aAAWAu@EcAIgAMiASeAWqAEMMc@Y}@Mq@Ks@Eq@A{@@aBA_AS_A]yAtAkBbA{AnAqBHS@KBU?C@]AOK_@ACQc@q@i@kAeAUW_@e@]i@Yq@Ww@Qm@Q_Ag@}C_@eCs@{ECU[qBc@oCKs@c@}AESGQIUK[IUYcAKSU[CCGMCOCk@GWMg@Ys@c@_A[i@]m@UUw@g@KCIEc@S]Ea@?e@LeIdDeBd@uAV_@BK@qAF}AAaBKWJMJIJEFCFGPKd@?FDlA@`@BTDl@DVD\Ff@Hx@D^Bd@Bn@@`A?~A?N?vA?f@?|@Ef@ShBw@dHMbAg@rEKx@C`@?\FnABz@@nA@p@?DAf@AjA?RChAAvA?xAApAC|B?b@?JCjBAdB?~@?FAZ?VAvBAxA?XCbE?P@\?BBNDRVd@MZQp@b@b@bA`A\^j@x@FHnA`C`@t@l@nAf@vAN`@Pf@HTXx@`@nAZ~@BLPj@^|A?DHl@BNDVFp@HtAFtADtAFxBB`@eAHECqByBGNEDIBGAEIEHK\_@vAAH?JDVDNB@@B@D?@@BAD?DCBA@C@CACCAC?EAE@E@CBC@AB?EOEW?K@I^wAJ]DIAI?KFWGI[]]_@s@w@k@k@uB|Mg@|C?T?D@HDHlE|Cx@l@B@b@\PLxAdAJJJPb@z@h@jAdBnD^v@FLXl@FFH@F?FCFCE[Kw@Ea@SyAk@mEOmAOeASeBCUKeAIsAAQAUCWAm@Cc@Ak@GqBCa@GyBEuAGuAIuAGq@EWCOIm@?E_@}AQk@CM[_Aa@oAYy@IUQg@Oa@g@wAm@oAa@u@oAaCGIk@y@]_@cAaAc@c@Pq@L[HMNQLMj@i@^i@PYt@oAXe@`A_BTa@Zk@t@qALSdAkBDWB_@Hm@FIRCB?HCJEJM\e@NMPID@FBDFDJNr@BR@XNrG@d@@NBNl@LjA`@LB^@ZAP?TIL[VKREVG	Click to Generate
S25	30	1			3	Blackburn Primary School (S25)	Blackburn Youth Club (S25)	Csk Motors (S25)	2427	1820	y{beIlftGKj@@PDLNRHLRc@FW|@l@DMDSN_@j@eA??k@dAO^EREL}@m@@S@IB_A?O?o@Bo@Do@Fc@Hi@Fk@Fs@Ba@Be@Bg@XAJ???K?Y@?G@s@?m@@k@@m@D_AJ{@Jw@@KZcBBDRTV\PTPTBBh@z@NVl@jAXt@Xv@ZbAr@zBNf@v@nCNl@h@_@BC`@U|BgAdAe@pCmAKQYMw@_@ECGIFHDBv@^XLJP}BbASHeAd@}BfAa@TCBi@^Om@w@oCOg@s@{B[cAYw@Yu@m@kAOWi@{@CCQUQUW]SUCE[bBAJKv@Kz@E~@Al@Aj@?l@Ar@?FCf@Cd@C`@Gr@Gj@Ih@Gb@En@Cn@?n@?NC~@AHARGVSb@IMOSEMAQJk@	Click to Generate
S25	30	1			3	Blackburn Youth Club (S25)	Blackburn Minimarket (S25)	Csk Motors (S25)	2810	2108	avbeIdetGk@dAO^EREL}@m@@S@IB_A?O?o@Bo@Do@Fc@Hi@Fk@Fs@Ba@Be@Bg@XAJ???K?Y@Cf@Cd@C`@Gr@Gj@Ih@Gb@En@Cn@?n@?NC~@AHARGVSb@IMOSEMAQJk@BUO`A@PDLNRHLRc@FW@S@IB_A?O?o@Bo@Do@Fc@Hi@Fk@Fs@Ba@Be@Bg@?G@s@?m@@k@@m@D_AJ{@Jw@@KZcBBDRTV\PTPTBBh@z@NVl@jAXt@Xv@ZbAr@zBNf@v@nCNl@h@_@BC`@U|BgAdAe@pCmAKQYMw@_@ECGIFHDBv@^XLJP}BbASHeAd@}BfAa@TCBi@^Om@w@oCOg@s@{B[cAYw@Yu@m@kAOWi@{@CCQUQUW]SUCE[bBAJKv@Kz@E~@Al@Aj@?l@Ar@?FCf@Cd@C`@Gr@Gj@Ih@Gb@En@Cn@?n@?NC~@AHAR|@l@DMDSN_@j@eA	Click to Generate
S25	30	1			3	Blackburn Primary School (S25)	Blackburn Minimarket (S25)	Csk Motors (S25)	2441	1831	awbeI`wsGK?Y@Cf@Cd@C`@Gr@Gj@Ih@Gb@En@Cn@?n@?NC~@AHAR|@l@DMDSN_@j@eA??k@dAO^EREL}@m@GVSb@IMOSEMAQJk@BUO`A@PDLNRHLRc@FW@S@IB_A?O?o@Bo@Do@Fc@Hi@Fk@Fs@Ba@Be@Bg@?G@s@?m@@k@@m@D_AJ{@Jw@@KZcBBDRTV\PTPTBBh@z@NVl@jAXt@Xv@ZbAr@zBNf@v@nCNl@h@_@BC`@U|BgAdAe@pCmAKQYMw@_@ECGIFHDBv@^XLJP}BbASHeAd@}BfAa@TCBi@^Om@w@oCOg@s@{B[cAYw@Yu@m@kAOWi@{@CCQUQUW]SUCE[bBAJKv@Kz@E~@Al@Aj@?l@Ar@?FXAJ?	Click to Generate
S25	60	1			3	Two Dinners Ignatiu (S25)	Abbey School (S25)	Freddy (S25)	5607	4205	skceI~kqGGTkCpB??ODQCg@YYCw@Eq@@Al@??@m@?WBSHO`@GfBMf@GbAs@n@cAXeAVmBFUFa@D[FuAAy@KoA_@kBGe@U{A{@uFg@}CUyAEWEOOYDMFU@G@EDSHY@]?QAQESZYBAPOJKLQPSNUHM`@s@d@s@Ze@X[RWPSLUHMj@cABKBOPLLLt@z@RVDFj@r@j@t@JNr@|@h@t@b@j@FH\b@PNRLTHG`@Gf@E`@AV?R@b@BVHZHTDFJNJJ|@h@|@f@NHf@`@b@b@HJVXPXBBLRZh@Vh@P^P`@Nf@Nh@Nh@Ln@Hj@Hl@B\@PB`@@L?R?V?`@Cd@Cb@Gp@CJIj@EVGTERGRUn@S^S^SX_@b@u@x@SVGFIJGNEPAN?R@NBT@F@HJt@F\TbBFZFTFJl@z@PVBJF\Dd@@h@@~A@jAAZAVCZADEj@Ix@OxAKjAKbAKlAOtAE`@E`@G^KXSl@[x@g@xAM^KZQz@I\Qt@W]SUCEg@c@e@e@s@g@wBwAwDcCaD{B_Ai@y@[GCMGkCkAc@WMKCAk@e@MK{CkDoGwHWMoCs@GCwCy@i@KqCYFuA?g@?SLmCDw@N{@Jg@Zm@BC\g@NOPI`@GLCTEj@OPKLQp@iBRs@j@yAhAgCdAaCdAyBhByBhAyAr@gANi@PwAJi@Le@JYHSPUb@_@RQFKJMHULa@NXDNDVTxAf@|Cz@tFTzAFd@^jBJnA@x@GtAEZC`A?zAMpDAD	Click to Generate
S25	45	1			3	AllSaints (S25)	SYPTE (S25)	Jump Inc (S25)	3597	2698	ev_eInfrGMnEAZt@pB??SZ}@_C@m@NkF[E[C[ESACG?E?G@GBCvANFCBE?I?GACCCC?eBSIDA@EDGNEP?JAvG?LAt@@P?J?^ATABEVo@~@GJKRILKNEPADEJBHFDXd@V`@FJ?\@P?X\l@HLNVNXXm@^y@gAsBuAkAGEUQk@g@GEOKO[EGCICICGA[?S?I@I@KDSXUDEVOlAi@T[@ABMDU@{@?uC@c@@g@@SBg@@O@OHi@F]?E@EDQLi@DMLYJU@EHORc@PWRULMHKNMNO^YROZQFELGTGREVGDAFAH?P?`@@P@D@VDXFHDJF\TLJLNLPNPVd@NZNZVh@f@nAJRJL@BDBDFNHNDF@DBHEH?D?JEHGJINUBU?G?KEc@?IA]CGe@oAINMN}@cC\~@^bALOHOd@nABFNRJJBDB@B@F@D?JCr@aA`@g@DKPQ@IDQDKFIFGDAFAD?D@HBFFFHDLBJBJ?L?L?LCJCJEJEHGFEBGBI?GAOB_@J_@NUNURY\GJIHABSXGRITEJAHBZ@VCLCNEJGHGHGBIBIAGAIEEEEGCGEIAICKAYM_@So@EKcAyBQ_@GMSg@KOIOKMOSOOMM_@YGCMGQIGAYCWEWAO?G@E@c@FMDQHEBGBMHSNSNWTEDa@ZUR]b@Q^Wf@Qf@Of@EXGVKt@AJ@N@LDJ?@HLnBRFBBD@D?D?D?B?RAFE@QAwAOCBAF?F?DBFR@ZDZBZDP@B@@B@J?J	Click to Generate
S25	20	1			3	St Lawrence Church (S25)	Tinsley Meadows Primary School (S25)	Madani Education Centre (S25)	1903	1427	qz~dIhjoG`ByAIQAEEGCEKIOC@_@?SBODMr@}ADGFEHAH?NJLFHBFAFdABHDBB@CAECCIGeAG@ICMGOKI?I@GDEFs@|AEL?BCJ?RA^NBJHBDDF@DHPRp@BHHXFVRp@HZ_Ax@GFq@l@q@r@UVg@j@WZ[f@u@hAm@`AINmAvDELQ`@]h@U\OX]r@EIa@s@e@gA]eA[_AtAmBq@qBM@KDCDOa@??N`@BEJELAp@pBuAlBBHVt@\dAd@fA`@r@DH\s@NYT]\i@Pa@DMlAwDHOl@aAt@iAZg@V[f@k@TWG]Kq@G_@Oy@Ie@v@u@	Click to Generate
S25	30	1			3	Tinsley Meadows Primary School (S25)	Hanfia Masjid (S25)	Madani Education Centre (S25)	2239	1679	{t_eIxeoG?LJdBPGXjEbC`HjAfDNh@tAmBq@qBM@KDCDOa@??N`@BEJELAp@pBuAlBOi@kAgDcCaH{Bl@cCn@yBp@GBi@Ng@JIFGDKNTv@f@bBNr@Tn@\bADJXr@Th@z@nBHRl@lA`@z@DF`@x@Xd@`@j@JLRXHHVRNHTHVENBd@Fh@NN@VCDA\OVe@Ra@NeAHoAHy@No@L[LUEIa@s@e@gA]eAWu@CIOi@kAgDcCaHYkEQFKeB?M	Click to Generate
S25	30	1			3	Suzy (S25)	Freddy (S25)	Morris (S25)	2863	2147	a_deIxfrG~CtD`AfAxAbBLJj@d@B@LJb@VjCjALFFBx@Z~@h@`DzBvDbCvBvAr@f@d@d@f@b@[bBAJKv@Kz@E~@Al@Aj@?l@IEECIQCSDYFGBALE@m@D_AJ{@Jw@@KZcBg@c@e@e@s@g@wBwAwDcCaD{B_Ai@y@[GCMGkCkAc@WQMk@e@MK{CkDoGwHWMoCs@GCwCy@i@KqCYFuA?g@?SnAPoAQ?R?f@GtApCXh@J??vCx@FBnCr@VLnB`C	Click to Generate
S25	30	1			3	Blackburn Primary School (S25)	Blackburn Youth Club (S25)	Blackburn Minimarket (S25)	2532	1899	a`beIf{sGSHeAd@}BfAa@TCBi@^Om@w@oCOg@s@{B[cAYw@Yu@m@kAOWi@{@CCQUQUW]SUCE[bBAJKv@Kz@E~@Al@Aj@?l@Ar@?FCf@Cd@C`@Gr@Gj@Ih@Gb@En@Cn@?n@?NC~@AHAR|@l@DMDSN_@j@eA??k@dAO^EREL}@m@@S@IB_A?O?o@Bo@Do@Fc@Hi@Fk@Fs@Ba@Be@Bg@XAJ???K?Y@Cf@Cd@C`@Gr@Gj@Ih@Gb@En@Cn@?n@?NC~@AHARGVSb@IMOSEMAQJk@BUO`A@PDLNRHLRc@FW@S@IB_A?O?o@Bo@Do@Fc@Hi@Fk@Fs@Ba@Be@Bg@?G@s@?m@@k@@m@D_AJ{@Jw@@KZcBBDRTV\PTPTBBh@z@NVl@jAXt@Xv@ZbAr@zBNf@v@nCNl@h@_@BC`@U|BgAdAe@RI	Click to Generate
S25	30	1			3	Meadow View Primary School (S25)	South Street Convenience Store (S25)	Bake N Butty (S25)	2618	1964	wpbeIj_pGKVm@u@[]SOSMe@QKEo@SUISMQO]c@GIc@k@i@u@s@}@^oARm@??Sl@_@nAr@|@h@t@b@j@FH\b@PNRLTHn@RJDd@PRLRNZ\l@t@r@kBv@sBBIt@uBTm@Ne@Le@XwADSn@aDx@l@B@b@\PLxAdA{AlFWYiA|CGHIEaCoCu@tBCHw@rBs@jBm@u@[]SOSMe@QKEo@SUISMQO]c@GIc@k@i@u@s@}@KOk@u@k@s@EGSWg@k@MOMMQM?MAOCWGu@K}@XOLONUFGRYSXGFOTMNYNJ|@Ft@BV@N?LPLLLt@z@RVDFj@r@j@t@JNr@|@h@t@b@j@FH\b@PNRLTHn@RJDd@PRLRNZ\l@t@JW	Click to Generate
S25	20	1			3	St Thomas Church Wincobank (S25)	Fife Street Stores (S25)	Wincobank Post Office (S25)	1773	1330	_s`eIzytGGOGUWuAKo@OoAIk@w@oHSgBOkA_@eDO{AOuAm@V}@ZwB`A@LHRL\DPBR?X?f@Al@DHZvCdAdBkAz@[TOX_@t@GWs@gEAEKo@Qu@]eBYwASeAXUPIXE`@?T?N@HA\IvBaA|@[l@WPIDA~@]LEd@lEf@nElAtKv@dH?JADCDCDcA`@AE	Click to Generate
S25	60	1			3	Phase Eight (S25)	SYPTE (S25)	Jump Inc (S25)	5179	3884	_u_eIlqrG??SZ}@_C@m@NkF[E[C[ESACG?E?G@GBCvANFCBE?I?GACCCC?eBSKAGCGKIMGQAW@O@OHi@F]?E@EDQLi@DMLYJU@EHORc@PWRULMHKNMNO^YROZQFELGTGREVGDAFAH?P?`@@P@D@VDXFHDJF\TLJLNLPNPVd@NZNZENCLGFKPEFSZ}A|BK@a@M?h@Ap@EbAC|@CbAAf@AVp@fBT]T[T]T[V]T]CGQc@Qc@Qe@Qe@Qc@Qc@Qg@BUpBwCBK@A@O@MCYKOIOKMOSOOMM_@YGCMGQIGAYCWEWAO?G@E@c@FMDQHEBGBMHSNSNWTEDa@ZUR]b@Q^Wf@Qf@Of@EXGVKt@AJG~@C`A?JAvG?LAt@@P?J?^ATABEVo@~@GJKRILKNEPADEJBHFDXd@V`@FJ?\@P?X\l@HLNVNXXm@^y@gAsBuAkAGEUQk@g@GEOKO[EGCICICGA[?S?I@I@KDSXUDEVOlAi@T[@ABMDU@{@?uC@c@@g@@SBg@@O@OHi@F]?E@EDQLi@DMLYJU@EHORc@PWRULMHKNMNO^YROZQFELGTGREVGDAFAH?P?`@@P@D@VDXFHDJF\TLJLNLPNPVd@NZNZVh@f@nAJRJL@BDBDFNHNDF@DBHEH?D?JEHGJINUBU?G?KEc@?IA]CGe@oAINMN}@cC\~@^bALOHOd@nABFNRJJBDB@B@F@D?JCr@aA`@g@DKPQ@IDQDKFIFGDAFAD?D@HBFFFHDLBJBJ?L?L?LCJCJEJEHGFEBGBI?GAOB_@J_@NUNURY\GJIHABSXGRITEJAHBZ@VCLCNEJGHGHGBIBIAGAIEEEEGCGEIAICKAYM_@So@EKcAyBQ_@GMSg@KOIOKMOSOOMM_@YGCMGQIGAYCWEWAO?G@E@c@FMDQHEBGBMHSNSNWTEDa@ZUR]b@Q^Wf@Qf@Of@EXGVKt@AJ@N@LDJ?@HLnBRFBBD@D?D?D?B?RAFE@QAwAOCBAF?F?DBFR@ZDZBZDP@B@@B@JMzEAZt@pB	Click to Generate
S25	45	1			3	Zara (S25)	The Cruise Holiday Shop (S25)	SYPTE (S25)	3403	2552	_u_eIlqrG??SZ}@_C@m@NkFP@B@@B@JKnDAj@[C[C[E[CQCLkFCG?E?G@GBCvANFCBE?I?GACCCC?eBSKAGCGKIMGQAW@O@OHi@F]?E@EDQLi@DMLYJU@EHORc@PWRULMHKNMNO^YROZQFELGTGREVGDAFAH?P?`@@P@D@VDXFHDJF\TLJLNLPNPVd@NZNZENCLGFKPEFSZ}A|BK@a@M?h@Ap@EbAC|@CbAC~@p@fB??T]T[T]T[V]T]CGQc@Qc@Qe@Qe@Qc@Qc@Qg@BUpBwCBK@A@O@MCYKOIOKMOSOOMM_@YGCMGQIGAYCWEWAO?G@E@c@FMDQHEBGBMHSNSNWTEDa@ZUR]b@Q^Wf@Qf@Of@EXGVKt@AJG~@C`A?JAvG?LAt@@P?J?^ATABEVo@~@GJKRILKNEPADEJBHFDXd@V`@FJ?\@P?X\l@HLNVNXXm@^y@gAsBuAkAGEUQk@g@GEOKO[EGCICICGA[?S?I@I@KDSXUDEVOlAi@T[@ABMDU@{@?uCJe@@QDOHGFEHAH@nBRFBBD@D?D?D?B?RAFE@QAwAOCBAF?F?DBFR@ZDZBZDP@B@@B@JMzEAZt@pB	Click to Generate
S25	20	1			3	St Thomas Church Wincobank (S25)	Wincobank Post Office (S25)	Eastwoods (S25)	1548	1161	ycaeIfgtGKo@fCDHBHBdAdBFJLN`@l@d@j@VV^^^\^`@VVPLIk@w@oHSgBOkA_@eDO{AOuAPIDA~@]LEd@lEf@nElAtKv@dH?JADCDCDcA`@AEGOGUWuAKo@OoAQMWW_@a@_@]_@_@WWe@k@a@m@MOGKeAeBICICgCEJn@	Click to Generate
S25	45	1			3	The White Company (S25)	Barbour (S25)	Jump Inc (S25)	4159	3119	up_eIl{qG_@EWCGCECE?ICGCEGG@EACECEAO@KCYEUIe@AEAQ?S?K@I@MJ[ROZQFELGTGREVGDAFAH?P?`@@P@D@VDXFHDJF\TLJLNLPNPVd@NZNZENCLGFKPEFSZ}A|BK@a@M?h@Ap@EbAC|@CbAC~@??p@fBT]T[T]T[V]T]CGQc@Qc@Qe@Qe@Qc@Qc@Qg@BUpBwCBK@A@O@MCYKOIOKMOSOOMM_@YGCMGQIGAYCWEWAO?G@E@c@FMDQHEBGBMHSNSNWTEDa@ZUR]b@Q^Wf@Qf@Of@EXGVKt@AJ@N@LDJ?@HLnBRFBBD@D?D?D?B?RAFE@QAwAOCBAF?F?DBFR@ZDZBZDP@B@@B@JMzEAZt@pB??SZ}@_C@m@NkF[E[C[ESACG?E?G@GBCvANFCBE?I?GACCCC?eBSKAGCGKIMGQAW@O@OHi@F]?E@EDQLi@DMLYJU@EHORc@PWRULMHKNMNO^YROZQFELGTGREVGDAFAH?P?`@@P@D@VDXFHDJF\TLJLNLPNPVd@NZNZVh@f@nAJRJL@BDBDFNHNDF@DBHEH?D?JEHGJINUBU?G?KEc@?IA]CGe@oAINMN}@cC\~@^bALOHOd@nABFNRJJBDB@B@F@D?JCr@aA`@g@DKPQ@IDQDKFIFGDAFAD?D@HBFFFHDLBJBJ?L?L?LCJCJEJEHGFEBGBI?GAOB_@J_@NUNURY\GJIHABSXGRITEJAHBZ@VCLCNEJGHGHGBIBIAGAIEEEEGCGEIAICKAYM_@So@EKcAyBQ_@GMSg@KOIOKMOSOOMM_@YGCMGQIGAYCWEWAO?G@E@c@FMDQHEBGBMHSNSNWTH`@@FVnABRDFFLFJFNDBFBVB^D	Click to Generate
S25	60	1			3	Suzy (S25)	Yazier (S25)	Two Dinners Ignatiu (S25)	6233	4675	gsceInsrGCAk@e@MKyAcBaAgAoGwHWMoCs@A~@?f@FVbBdBf@fAj@r@J`@@f@CHEL@h@t@pBhBpDr@`B^l@b@dAxAv@n@f@rApA`AHfAl@Zp@@jAFYDIHIL@JH|@bAx@xAv@|BJFFWKcCO{@[qA[eAYiASw@c@y@Qw@SqA??Ky@Mg@I]C]@g@GCMGkCkAc@WQMk@e@MK{CkDoGwHWMoCs@GCwCy@i@KqCYFuA?g@?SLmCDw@N{@Jg@Zm@BC\g@NOPI`@GLCTEj@OPKLQp@iBRs@j@yAhAgCdAaCdAyBhByBhAyAr@gANi@PwAJi@Le@JYHSPUb@_@RQFKJMHULa@NXDNDVTxAf@|Cz@tFTzAFd@^jBJnA@x@GtAEZC`A?zAMpDIZkCpB??ODQCg@YYCw@Eq@@?WBSHO`@GfBMf@GbAs@n@cAXeAVmBFUFa@D[FuAAy@KoA_@kBGe@U{A{@uFg@}CUyAEWEOOYM`@ITKLGJSPc@^QTIRKXMd@Kh@QvAOh@s@fAiAxAiBxBeAxBeA`CiAfCk@xASr@q@hBMPQJk@NUDMBa@FQHON]f@CB[l@Kf@Oz@Ev@MlC?R?f@GtApCXh@JvCx@FBnCr@VLnGvHzCjDLJj@d@B@	Click to Generate
S25	45	1			3	Beck Primary School (S25)	Shiregreen Medical Centre (S25)	Shirefreen News 'n' Booze (S25)	4129	3097	s|beI|gzGA@GNEPOGOIq@Us@Qw@Qw@Ks@Ge@ACSGQKSe@cA]{@_@cAWy@Qq@Me@SaAUkAQmAEYMiAKcAGaAEu@wA^_@L?J?JANG\NvA??OwAF]@O?K?K^MvA_@Cg@E_AAw@Ac@@e@?W?WFCAe@?G?YAS?M@g@?SBi@D}ABe@Bi@Hk@N{@R}@Tu@Vi@JSd@y@P[HU@QAQXKXK`@ONGx@Ul@M\GLAd@E`@@XFPHvAn@rAp@h@VPHPLNLJJBm@@s@DsAFeA?IBo@VL@?zBfArFpCs@dGCV}A{@IECAaAi@kB_A]QQGMCQCKKOMQMQIi@WsAq@wAo@QIYGa@Ae@DM@]Fm@Ly@TOFa@NYJYJcBh@A?qA^m@He@BU?QCSIQISOSWS_@U_@SfAUxAOrAKfAOjBGdAEtACl@ClAZ@??[A?JCjA?zB@dB@b@?h@Bp@[n@Q^Qb@K`@Ib@Kf@Ed@AXCXAl@@n@@d@D`@F^DRLh@Rj@Rj@Th@RZDF\f@Z\`@\b@NZL`AR`AFn@@rBA^AT?bAAXAT?d@@r@Fv@Jv@Pr@Pp@TNHNFDQFO@A	Click to Generate
S25	45	1			3	Beck Primary School (S25)	Shirefreen News 'n' Booze (S25)	Shiregreen Medical Centre (S25)	3310	2482	o~beIljzGJ}@q@Us@Qw@Qw@Ks@Ge@ACSGQKSe@cA]{@_@cAWy@Qq@Me@SaAUkAQmAEYMiAKcAGaAEu@wA^_@L?J?JANG\NvA??OwAF]@O?K?K_AVe@Ja@F}@A_@CKCGIGGZo@Cq@?i@Ac@AeB?{BBkA?KZ@??[ABmABm@DuAFeANkBJgANsATyARgAT^R^RVRNPHRHPBT?d@Cl@IpA_@@?bBi@XKXK`@ONGx@Ul@M\GLAd@E`@@XFPHvAn@rAp@h@VPHPLNLJJPBLBPF\PjB~@`Ah@B@HD|Az@d@Rf@Tj@TZHNDv@PD@AT]nFWbFcDc@y@Im@Ga@CM@C@EFgAgAMK]]CAGEMGMAc@@M??R?xB?V@bA?nC?L?l@Cd@C`@Er@IdAM`BGf@I|@Iv@MtA[lDUvBANIv@QjAo@]OGOIK|@	Click to Generate
S25	45	1			3	Beck Primary School (S25)	Shirefreen News 'n' Booze (S25)	Shiregreen Medical Centre (S25)	3307	2480	y|beInkzGAGEUCU@YOGOIq@Us@Qw@Qw@Ks@Ge@ACSGQKSe@cA]{@_@cAWy@Qq@Me@SaAUkAQmAEYMiAKcAGaAEu@wA^_@L?J?JANG\NvA??OwAF]@O?K?K_AVe@Ja@F}@A_@CKCGIGGZo@Cq@?i@Ac@AeB?{BBkA?KZ@??[ABmABm@DuAFeANkBJgANsATyARgAT^R^RVRNPHRHPBT?d@Cl@IpA_@@?bBi@XKXK`@ONGx@Ul@M\GLAd@E`@@XFPHvAn@rAp@h@VPHPLNLJJPBLBPF\PjB~@`Ah@B@HD|Az@d@Rf@Tj@TZHNDv@PD@AT]nFWbFcDc@y@Im@Ga@CM@C@EFgAgAMK]]CAGEMGMAc@@M??R?xB?V@bA?nC?L?l@Cd@C`@Er@IdAM`BGf@I|@Iv@MtA[lDUvBANIv@QjAOfAKEEICG	Click to Generate
S25	60	1			3	Crow Girl (S25)	Suzy (S25)	Yazier (S25)	5157	3868	obeeI|`uGMa@m@qBmCol@IoDUyEUiFC}A?SDyEBgAAKOy@d@eBXw@fFeNd@qABIHJ\^h@f@\Xd@\nBzA^HXBrBNpCXh@JvCx@FBnCr@VLnB`C~CtD`AfAxAbBLJj@d@PLb@VjCjALFFBAf@B\H\Lf@Jx@??RpAPv@b@x@Rv@XhAZdAZpANz@JbCGVKGw@}By@yA}@cAKIMAIHEHGXAkA[q@gAm@aAIsAqAo@g@yAw@c@eA_@m@s@aBiBqDu@qBAi@DMBIAg@Ka@k@s@g@gAcBeBGW?g@@_AGCwCy@i@KqCYsBOYC_@IoB{Ae@]]Yi@g@]_@IKCHe@pAgFdNYv@e@dBNx@@JCfAExE?RB|AThFTxEHnDlCnl@l@pBL`@	Click to Generate
S25	30	1			3	Wooley Tyres (S25)	Shirefreen News 'n' Booze (S25)	Beck Primary School (S25)	2949	2212	{}ceIz{wGLF@H@NDLHDBSLu@H}@Fg@Bi@B]g@iACEu@u@SWEIIMUg@KUIOYm@aAcBh@oB\cATi@Vi@^q@x@_BdAwBR\v@~Ae@Td@Uw@_BS]eAvBy@~A_@p@Wh@Uh@]bAi@nB`AbBXl@HNJTTf@NVRVt@t@BDf@hAC\Ch@Gf@I|@Mt@DH@F@JBf@Hd@H`@DNFNb@l@x@jASfAUxAOrAKfAOjBGdAEtACl@ClAZ@??[A?JCjA?zB@dB@b@?h@Bp@[n@FFFHJB^B|@@`@Gd@K~@W?J?JANG\NvA??OwAF]@O?K?K_AVe@Ja@F}@A_@CKCGIGGQ^Qb@K`@Ib@Kf@Ed@AXCXCACCEECIE]G}@AWEo@UgDOcDCUCIIIHyBJsCDmABi@Bw@LsCBq@Bq@JsAJmAL}@Lu@Hm@DWd@iCIEEMAOAIMG	Click to Generate
S25	20	1			3	Madani Education Centre (S25)	Tinsley Meadows Primary School (S25)	Lily Chinese Massage (S25)	1945	1459	}|_eIlcpGz@nBHRl@lA`@z@DF`@x@Xd@`@j@JLRXHHVRNHTHVENBd@Fh@NN@VCDA\OVe@Ra@NeAHoAHy@No@L[LUEIa@s@e@gA]eAWu@CItAmBq@qBM@KDCDOa@??N`@BEJELAp@pBuAlBOi@kAgDaBxB}AtBoA~AKNkAfBOTl@lA`@z@DF`@x@Xd@`@j@JLRXHHVRNHTHIr@?DvBdDu@iAaA{A?EHs@UIOIWSIISYKMa@k@Ye@a@y@EGa@{@m@mAIS{@oB	Click to Generate
S25	45	1			3	Beck Primary School (S25)	Shiregreen Medical Centre (S25)	Shirefreen News 'n' Booze (S25)	4128	3096	m}beIpezGU|Aq@Us@Qw@Qw@Ks@Ge@ACSGQKSe@cA]{@_@cAWy@Qq@Me@SaAUkAQmAEYMiAKcAGaAEu@wA^_@L?J?JANG\NvA??OwAF]@O?K?K^MvA_@Cg@E_AAw@Ac@@e@?W?WFCAe@?G?YAS?M@g@?SBi@D}ABe@Bi@Hk@N{@R}@Tu@Vi@JSd@y@P[HU@QAQXKXK`@ONGx@Ul@M\GLAd@E`@@XFPHvAn@rAp@h@VPHPLNLJJBm@@s@DsAFeA?IBo@VL@?zBfArFpCs@dGCV}A{@IECAaAi@kB_A]QQGMCQCKKOMQMQIi@WsAq@wAo@QIYGa@Ae@DM@]Fm@Ly@TOFa@NYJYJcBh@A?qA^m@He@BU?QCSIQISOSWS_@U_@SfAUxAOrAKfAOjBGdAEtACl@ClAZ@??[A?JCjA?zB@dB@b@?h@Bp@[n@Q^Qb@K`@Ib@Kf@Ed@AXCXAl@@n@@d@D`@F^DRLh@Rj@Rj@Th@RZDF\f@Z\`@\b@NZL`AR`AFn@@rBA^AT?bAAXAT?d@@r@Fv@Jv@Pr@Pp@TT}A	Click to Generate
S25	45	1			3	AllSaints (S25)	SYPTE (S25)	Jump Inc (S25)	3606	2704	cv_eIjerG??CJ@JMzEAZt@pB??SZ}@_C@m@NkF[E[C[ESACG?E?G@GBCvANFCBE?I?GACCCC?eBSIDA@EDGNEP?JAvG?LAt@@P?J?^ATABEVo@~@GJKRILKNEPADEJBHFDXd@V`@FJ?\@P?X\l@HLNVNXXm@^y@gAsBuAkAGEUQk@g@GEOKO[EGCICICGA[?S?I@I@KDSXUDEVOlAi@T[@ABMDU@{@?uC@c@@g@@SBg@@O@OHi@F]?E@EDQLi@DMLYJU@EHORc@PWRULMHKNMNO^YROZQFELGTGREVGDAFAH?P?`@@P@D@VDXFHDJF\TLJLNLPNPVd@NZNZVh@f@nAJRJL@BDBDFNHNDF@DBHEH?D?JEHGJINUBU?G?KEc@?IA]CGe@oAINMN}@cC\~@^bALOHOd@nABFNRJJBDB@B@F@D?JCr@aA`@g@DKPQ@IDQDKFIFGDAFAD?D@HBFFFHDLBJBJ?L?L?LCJCJEJEHGFEBGBI?GAOB_@J_@NUNURY\GJIHABSXGRITEJAHBZ@VCLCNEJGHGHGBIBIAGAIEEEEGCGEIAICKAYM_@So@EKcAyBQ_@GMSg@KOIOKMOSOOMM_@YGCMGQIGAYCWEWAO?G@E@c@FMDQHEBGBMHSNSNWTEDa@ZUR]b@Q^Wf@Qf@Of@EXGVKt@AJ@N@LDJ?@HLnBRFBBD@D?D?D?B?RAFE@QAwAOCBAF?F?DBFR@ZDZBZDP@B@@BBK??	Click to Generate
S25	30	1			3	Hancock Cars (S25)	Shirefreen News 'n' Booze (S25)	Beck Primary School (S25)	2116	1587	s_deIbpwG??NVRVt@t@BDf@hAC\Ch@Gf@I|@Mt@CRIEEMAOAIMGGEOAI@EF_@xB^yBDGHAN@TL@H@NDLHDe@hCHCNEJAH?L?D?FCDNFNb@l@x@jASfAUxAOrAKfAOjBGdAEtACl@ClAZ@??[A?JCjA?zB@dB@b@?h@Bp@[n@FFFHJB^B|@@`@Gd@K~@W?J?JANG\NvA??OwAF]@O?K?K_AVe@Ja@F}@A_@CKCGIGGZo@Cq@?i@Ac@AeB?{BBkA?KBmABm@DuAFeANkBJgANsATyARgAy@kAc@m@GOEOIa@Ie@Cg@AKAGEILu@H}@Fg@Bi@B]g@iACEu@u@SWOW??	Click to Generate
S25	30	1			3	Masjid Abu Bakr (S25)	Tinsley Sports and Social Club (S25)	Tinsley Meadows Primary School (S25)	2948	2211	cw~dIvkoG\YRp@HZ_Ax@GFq@l@q@r@UVZlBJEHEPQd@c@w@t@IDKD[mBTWp@s@p@m@FG~@y@bC{BRQd@e@X]T]N]Pc@DQFWF_@@Ib@qDLeAPyAX}BBOD_@D]Ju@MAIAG@}A|@OFM???L?NG|A}@FAH@L@Kt@E\E^CNY|BQxAMdAc@pDAHG^GVEPQb@O\U\Y\e@d@SPcCzB_Ax@GFq@l@q@r@UVg@j@WZ[f@u@hAm@`AINmAvDELQ`@]h@U\OX]r@EIa@s@e@gA]eA[_AtAmBq@qBM@KDCDOa@??N`@BEJELAp@pBuAlBZ~@\dAd@fA`@r@DH\s@NYT]\i@Pa@DMlAwDHOl@aAt@iAZg@V[f@k@TWp@s@p@m@FG~@y@I[Sq@]X	Click to Generate
S25	20	1			3	St Lawrence Church (S25)	Tinsley Meadows Primary School (S25)	Madani Education Centre (S25)	2011	1508	kz~dI~noG[^Jp@F\p@s@p@m@FG~@y@I[Sq@GWIYCISq@IQAEEGCEKIOC@_@?SBODMr@}ADGFEHAH?NJLFHBFAFdABHDBB@CAECCIGeAG@ICMGOKI?I@GDEFs@|AEL?BCJ?RA^NBJHBDDF@DHPRp@BHHXFVRp@HZ_Ax@GFq@l@q@r@UVg@j@WZ[f@u@hAm@`AINmAvDELQ`@]h@U\OX]r@EIa@s@e@gA]eA[_AtAmBq@qBM@KDCDOa@??N`@BEJELAp@pBuAlBBHVt@\dAd@fA`@r@DH\s@NYT]\i@Pa@DMlAwDHOl@aAt@iAZg@V[f@k@TWG]Kq@Z_@	Click to Generate
S25	45	1			3	Ernest Jones (S25)	SYPTE (S25)	Jump Inc (S25)	3597	2698	gv_eIfgrGKvDAZt@pB??SZ}@_C@m@NkF[E[C[ESACG?E?G@GBCvANFCBE?I?GACCCC?eBSIDA@EDGNEP?JAvG?LAt@@P?J?^ATABEVo@~@GJKRILKNEPADEJBHFDXd@V`@FJ?\@P?X\l@HLNVNXXm@^y@gAsBuAkAGEUQk@g@GEOKO[EGCICICGA[?S?I@I@KDSXUDEVOlAi@T[@ABMDU@{@?uC@c@@g@@SBg@@O@OHi@F]?E@EDQLi@DMLYJU@EHORc@PWRULMHKNMNO^YROZQFELGTGREVGDAFAH?P?`@@P@D@VDXFHDJF\TLJLNLPNPVd@NZNZVh@f@nAJRJL@BDBDFNHNDF@DBHEH?D?JEHGJINUBU?G?KEc@?IA]CGe@oAINMN}@cC\~@^bALOHOd@nABFNRJJBDB@B@F@D?JCr@aA`@g@DKPQ@IDQDKFIFGDAFAD?D@HBFFFHDLBJBJ?L?L?LCJCJEJEHGFEBGBI?GAOB_@J_@NUNURY\GJIHABSXGRITEJAHBZ@VCLCNEJGHGHGBIBIAGAIEEEEGCGEIAICKAYM_@So@EKcAyBQ_@GMSg@KOIOKMOSOOMM_@YGCMGQIGAYCWEWAO?G@E@c@FMDQHEBGBMHSNSNWTEDa@ZUR]b@Q^Wf@Qf@Of@EXGVKt@AJ@N@LDJ?@HLnBRFBBD@D?D?D?B?RAFE@QAwAOCBAF?F?DBFR@ZDZBZDP@B@@B@JAb@	Click to Generate
S25	45	1			3	Wincobank Fish Bar (S25)	Eastwoods (S25)	Northern Trains (S25)	3344	2508	qx`eI~_tGWuBO{AOuAm@V}@ZwB`A]HI@OAU?a@?YDQHYTRdAXvAl@@zBDDHZvCdAdBFJLN`@l@d@j@VV^^^\^`@VVPLNnAJn@VtAFTFN@DbAa@BEBE@E?Kw@eHmAuKg@oEe@mEbBo@xAq@@?FC\MGm@AKIo@QiBCYAQ?U?Q@MBUBODMDMHMFGHI\QLGPGb@ONCBAn@IJALCLELGDO@M?C?KMa@So@M[K]EMI[EQPIFEFEDCPMNQPQVa@j@aAV_@NOTWb@MJCJ?JANBNFNJ^f@Nh@Fj@EPADEJBHAHCn@?t@@p@DZt@lALVRXBBBDB?B?DEHOP_@x@gBgAsBuAkAGEUQk@g@GEOKKE_@KKAO?OBOBQHOLKLMNYh@SVYZKJWf@CJCFEVAVDd@Rn@L`@HTBL?L?JCFCDI@GAQGGAKAK@o@HC@OBc@NQFMF]PIHGFILELELCNCTAL?P?T@PBXPhBHn@@JFl@]LGBA?yAp@cBn@MD_A\WJNtANzAVtB	Click to Generate
S25	20	1			3	Tinsley Meadows Primary School (S25)	Madani Education Centre (S25)	Hanfia Masjid (S25)	2025	1519	ws_eI`~nGNxBX\RJETIPMLaAXAPJdBPGXjEbC`HjAfDNh@tAmBq@qBM@KDCDOa@??N`@BEJELAp@pBuAlBBHVt@\dAqEjGmBaCqBaCkAfBOTIS{@oBUi@Ys@EK]cAUo@[g@MYGMGKY_@UU[a@GKKMCO?O@Y?GDk@Bm@Cq@AMCUAu@Lh@?@Ht@DCHCRIhFwAnFcBKeB@Q`AYLMHQDUSKY]OyB	Click to Generate
S25	60	1			3	Reiss (S25)	Jump Inc (S25)	SYPTE (S25)	5157	3868	em_eIpfrGAJbAhCT[T]T[V]T]CGQc@Qc@Qe@Qe@Qc@Qc@Qg@BUpBwCBK@A@O@MCYKOIOKMOSOOMM_@YGCMGQIGAYCWEWAO?G@E@c@FMDQHEBGBMHSNSNWTEDa@ZUR]b@Q^Wf@Qf@Of@EXGVKt@AJ@N@LDJ?@HLnBRFBBD@D?D?D?B?RAFE@QAwAOCBAF?F?DBFR@ZDZBZDP@B@@B@JMzEAZt@pB??SZ}@_C@m@NkF[E[C[ESACG?E?G@GBCvANFCBE?I?GACCCC?eBSKAGCGKIMGQAW@O@OHi@F]?E@EDQLi@DMLYJU@EHORc@PWRULMHKNMNO^YROZQFELGTGREVGDAFAH?P?`@@P@D@VDXFHDJF\TLJLNLPNPVd@NZNZVh@f@nAJRJL@BDBDFNHNDF@DBHEH?D?JEHGJINUBU?G?KEc@?IA]CGe@oAINMN}@cC\~@^bALOHOd@nABFNRJJBDB@B@F@D?JCr@aA`@g@DKPQ@IDQDKFIFGDAFAD?D@HBFFFHDLBJBJ?L?L?LCJCJEJEHGFEBGBI?GAOB_@J_@NUNURY\GJIHABSXGRITEJAHBZ@VCLCNEJGHGHGBIBIAGAIEEEEGCGEIAICKAYM_@So@EKcAyBQ_@GMSg@KOIOKMOSOOMM_@YGCMGQIGAYCWEWAO?G@E@c@FMDQHEBGBMHSNSNWTEDa@ZUR]b@Q^Wf@Qf@Of@EXGVKt@AJG~@C`A?JAvG?LAt@@P?J?^ATABEVo@~@GJKRILKNEPADEJBHFDXd@V`@FJ?\@P?X\l@HLNVNXXm@^y@gAsBuAkAGEUQk@g@GEOKO[EGCICICGA[?S?I@I@KDSXUDEVOlAi@T[@ABMDU@{@?uC@c@@g@@SBg@@O@OHi@F]?E@EDQLi@DMLYJU@EHORc@PWRULMHKNMNO^YROZQFELGTGREVGDAFAH?P?`@@P@D@VDXFHDJF\TLJLNLPNPVd@NZNZENCLGFKPEFSZ}A|BK@a@M?h@Ap@EbAC|@Av@	Click to Generate
S25	30	1			3	South Street Convenience Store (S25)	Dave's Fish Bar (S25)	Meadow View Primary School (S25)	2895	2171	uebeIv{nG@BAD?DCBA@C@CACCAC?EAE@E@CBC@AB?EOEW?K@I^wAJ]DIAI?KFWTTHHpBxBDBdAIFpB@j@Bb@@l@BV@T@PHrAJdABTRdBNdANlAj@lERxAD`@Jv@DZGBGBG?IAGGYm@GM_@w@eBoDi@kAc@{@KQKKyAeAQMc@]CAy@m@o@`DERYvAMd@Od@Ul@u@tBCHw@rBg@rAKVm@u@[]SOSMe@QKEo@SUISMQO]c@GIc@k@i@u@s@}@^oARm@??Sl@_@nAr@|@h@t@b@j@FH\b@PNRLTHn@RJDd@PRLRNZ\l@t@r@kBv@sBBIt@uBTm@Ne@Le@XwADSn@aDmE}CEIAI?E?Uf@}CtB}Mj@j@r@v@\^Z\FHTTHHGNEDIBGAEIEHK\_@vAAH?JDVDNB@@B@D?@	Click to Generate
S25	20	1			3	The Manor Barn (S25)	Kimberworth Library (S25)	Meadow View Primary School (S25)	2043	1532	k~beIhjnGMz@GDG?IEEEAE?G^eCD[@E@SAKKMUCQE]SKEC?G?ICc@YCPO`AK~@MlACRIj@APCLERIRIPWh@Ob@ELO^Sr@Ib@If@ATANAb@@d@Bh@Fl@Fl@FXF\XU@CDELS`BkDYYMMKQq@_BS]OUSr@Ib@If@Cd@Ab@@d@Bh@Fl@Fl@FXF\Jh@\rAFRJh@DVJ|@Ft@BV@N?LPLLLt@z@RVDFj@r@j@t@JN^oARm@??Sl@_@nAKOk@u@k@s@EGSWu@{@MMQM?MAOCWGu@K}@EWKi@GS]sAKi@G]GYGm@Gm@Ci@Ae@@c@Be@Hg@Hc@Rs@N_@DMNc@Vi@HQHSDSBM@QHk@t@t@NLF@FCDGXmBN}@BKBEF@TLTN\T@FO~@	Click to Generate
S25	20	1			3	The Manor Barn (S25)	Bake N Butty (S25)	The Salvation Army - Rotherham (S25)	1598	1198	qgceId_oGDELS`BkDYYMMKQq@_BS]OUSr@Ib@If@ATANAb@@d@Bh@Fl@Fl@FXF\Jh@\rAFRJh@DVJ|@Ft@BV@N?LPLLLLNf@j@RVDFj@r@j@t@JN^oARm@Sl@_@nAKOk@u@k@s@EGSWu@{@MMQMCNCJk@bAILMTQRSVYZ[d@e@r@a@r@ILOTQRMPKJQNC@@J?NCPIf@IX@]?QAQESZYBAPOJKLQPSNUHM`@s@d@s@JONUX[RWPSLUHMj@cABKBO?MAOCWGu@K}@EWKi@GS]sAKi@XU@C	Click to Generate
S25	20	1			3	The Manor Barn (S25)	Bake N Butty (S25)	The Salvation Army - Rotherham (S25)	1598	1198	qgceId_oGDELS`BkDYYMMKQq@_BS]OUSr@Ib@If@ATANAb@@d@Bh@Fl@Fl@FXF\Jh@\rAFRJh@DVJ|@Ft@BV@N?LPLLLLNf@j@RVDFj@r@j@t@JN^oARm@Sl@_@nAKOk@u@k@s@EGSWu@{@MMQMCNCJk@bAILMTQRSVYZ[d@e@r@a@r@ILOTQRMPKJQNC@@J?NCPIf@IX@]?QAQESZYBAPOJKLQPSNUHM`@s@d@s@JONUX[RWPSLUHMj@cABKBO?MAOCWGu@K}@EWKi@GS]sAKi@XU@C	Click to Generate
S25	30	1			3	American Golf (S25)	Madani Education Centre (S25)	Hanfia Masjid (S25)	2380	1785	cp_eI~wpGaA{A?EHs@VENBd@Fh@NN@VCDA\OVe@Ra@d@k@ZWNE^CP@R@ZR\ZVl@Jh@Ff@@H@fAAVC^@dAFl@Jh@Vd@X\CVK\EJIDG@[Hk@Xk@ZEY`@UQJOHDXj@[j@YZIFAHEDKJ]_@_@S]OYKISGSAU@_@b@WPWJ[BG?QEQGa@[SUOa@Mg@Go@Cg@?_@@]@UBQDSJa@Ve@Ra@NeAHoAHy@No@L[LUEIa@s@e@gA]eAWu@CIOi@kAgDcCaH{Bl@cCn@yBp@GBi@Ng@JIFGDKNTv@f@bBNr@Tn@\bADJXr@Th@z@nBHRl@lA`@z@DF`@x@Xd@`@j@JLRXHHVRNHTHIr@?D`AzA	Click to Generate
S25	45	1			3	Ernest Jones (S25)	SYPTE (S25)	Jump Inc (S25)	3597	2698	gv_eIfgrGKvDAZt@pB??SZ}@_C@m@NkF[E[C[ESACG?E?G@GBCvANFCBE?I?GACCCC?eBSIDA@EDGNEP?JAvG?LAt@@P?J?^ATABEVo@~@GJKRILKNEPADEJBHFDXd@V`@FJ?\@P?X\l@HLNVNXXm@^y@gAsBuAkAGEUQk@g@GEOKO[EGCICICGA[?S?I@I@KDSXUDEVOlAi@T[@ABMDU@{@?uC@c@@g@@SBg@@O@OHi@F]?E@EDQLi@DMLYJU@EHORc@PWRULMHKNMNO^YROZQFELGTGREVGDAFAH?P?`@@P@D@VDXFHDJF\TLJLNLPNPVd@NZNZVh@f@nAJRJL@BDBDFNHNDF@DBHEH?D?JEHGJINUBU?G?KEc@?IA]CGe@oAINMN}@cC\~@^bALOHOd@nABFNRJJBDB@B@F@D?JCr@aA`@g@DKPQ@IDQDKFIFGDAFAD?D@HBFFFHDLBJBJ?L?L?LCJCJEJEHGFEBGBI?GAOB_@J_@NUNURY\GJIHABSXGRITEJAHBZ@VCLCNEJGHGHGBIBIAGAIEEEEGCGEIAICKAYM_@So@EKcAyBQ_@GMSg@KOIOKMOSOOMM_@YGCMGQIGAYCWEWAO?G@E@c@FMDQHEBGBMHSNSNWTEDa@ZUR]b@Q^Wf@Qf@Of@EXGVKt@AJ@N@LDJ?@HLnBRFBBD@D?D?D?B?RAFE@QAwAOCBAF?F?DBFR@ZDZBZDP@B@@B@JAb@	Click to Generate
S25	30	1			3	Tinsley Meadows Primary School (S25)	Lily Chinese Massage (S25)	Hanfia Masjid (S25)	2312	1734	_l_eIn_pGCItAmBq@qBM@KDCDOa@??N`@BEJELAp@pBuAlBOi@kAgDaBxB}AtBoA~AKNkAfBOTl@lA`@z@DF`@x@Xd@`@j@JLRXHHVRNHTHIr@?DvBdDu@iAaA{A?EHs@UIOIWSIISYKMa@k@Ye@a@y@EGa@{@m@mAISqAyCYs@EK]cAUo@[g@MYGMGKY_@UU[a@GKKMCO?O@Y?GDk@Bm@Cq@AMCUAu@Lh@?@Ht@BXN~@Nv@BLFPFPTv@f@bBNr@Tn@\bADJXr@Th@z@nBHRNUjAgBJOnA_B|AuB`ByBjAfDNh@BH	Click to Generate
S25	60	1			3	Blackburn Meadows Nature Reserve (S25)	ItsaGoal (S25)	Hanfia Masjid (S25)	11048	8286	aj`eI~{mGDnB@xC`@b@Dg@Bg@Do@NwBPaDBWFoAHcBHcBFu@HuALuB@Y@]@k@A}@GeAKyBIqBE{AK}A_@eGUwBEg@Ky@UsBOmBKeAE]EUOu@Qm@Si@Se@Uc@QKA?[GEAGCIICGCMAOK_@ACQc@q@i@kAeAUW_@e@]i@Yq@Ww@Qm@Q_Ag@}C_@eCs@{ECU[qBc@oCKs@c@}AESGQIUK[IUYcAKSU[CCGMCOCk@GWMg@Ys@c@_A[i@]m@UUw@g@KCIEc@S]Ea@?e@LeIdDeBd@uAV_@BK@qAF}AAaBKWJMJIJEFCFGPKd@?FDlA@`@BTDl@DVD\Ff@Hx@D^Bd@Bn@@`A?~A?N?vA?f@?|@Ef@ShBw@dHMbAg@rEKx@C`@?\FnABz@@nA@p@?DAf@AjA?RChAAvA?xAApAC|B?b@?JCjBAdB?~@?FAZ?VAvBAxA?XCbE?P@\?BBNDRVd@HMNQLMj@i@^i@PYt@oAXe@`A_BTa@Zk@t@qALSdAkBDWB_@Hm@FIRCB?HCJEJM\e@NMPID@FBDFDJNr@BR@XNrG@d@@NBNl@LjA`@LB^@ZAP?TIL[VKREVGDSC{FBzFER??WFSDWJMZUHQ?[@_@AMCkAa@m@MCOAOAe@OsGAYCSOs@EKEGGCEAQHOL]d@KLKDIBC?SBGHIl@C^EVeAjBMRu@pA[j@U`@aA~AYd@u@nAQX_@h@k@h@MLOPILMZQp@b@b@bA`A\^j@x@FHnA`C`@t@l@nAf@vAN`@Pf@HTXx@`@nAZ~@BLPj@^|A?DHl@BNDVFp@HtAFtADtAFxBB`@FpB@j@Bb@@l@BV@T@PHrAJdABTRdBNdANlAj@lERxAD`@Jv@DZRxA@L`@|CVrBHn@P`AN`A^|BPhAl@bDRbAr@tDLn@ZxAZfAf@~AX|@d@rAZbA\fAl@~Ar@~Ah@vAFN^dAZnATrAPfABHHZFRDJHRFJ^TLFN?\GTIj@m@jEgE|KiJ|EeEnCmCfCsCbFeGn@cA?ALSH]BODs@Cg@?_@@]@UBQDSJa@Ve@Ra@NeAHoAHy@No@L[LUEIa@s@e@gA]eA[_AOi@kAgDcCaHYkEQFKeB@Q`AYLMHQDUSKY]OyBIoAXhEX\RJETIPMLaAXAPJdBPGXjEbC`HaBxB}AtBoA~AKNkAfBOTIS{@oBUi@Ys@EK]cAUo@[g@MYGMGKY_@UU[a@GKKMCO?O@Y?GDk@Bm@Cq@AMCUAu@COEc@CWQyBa@aFE_@Ei@A]GmAAYQgECkAEgBAo@Ae@?Y@q@Bs@@a@a@c@AyCEoB	Click to Generate
S25	20	1			3	Tinsley Barbers (S25)	Tinsley Meadows Primary School (S25)	Madani Education Centre (S25)	1621	1216	ey~dIvuoGQPIDKD[mBTWp@s@p@m@FG~@y@I[Sq@]X??\YRp@HZ_Ax@GFq@l@q@r@UVg@j@WZ[f@u@hAm@`AINmAvDELQ`@]h@U\OX]r@EIa@s@e@gA]eA[_AtAmBq@qBM@KDCDOa@??N`@BEJELAp@pBuAlBBHVt@\dAd@fA`@r@DH\s@NYT]\i@Pa@DMlAwDHOl@aAt@iAZg@V[f@k@ZlBJEHEPQ	Click to Generate
S25	60	1			3	American Golf (S25)	Madani Education Centre (S25)	Air Haus (S25)	4242	3182	on_eIfzpGuBcD?EHs@VENBd@Fh@NN@VCDA\OVe@Ra@d@k@ZWNE^CP@R@ZR\ZVl@Jh@Ff@@H@fAAVC^@dAFl@Jh@Vd@X\CVK\EJIDG@[Hk@Xk@ZEY`@UQJOHDXj@[j@YZIFAHEDKJ]_@_@S]OYKISGSAU@_@b@WPWJ[BG?QEQGa@[SUOa@Mg@Go@Cg@Mi@KYKSYUi@Mc@GMKMMUIOIWSIISYKMa@k@Ye@a@y@EGa@{@m@mANUjAgBJOnA_B|AuB`ByBjAfDNh@BHVt@\dAd@fA`@r@DHI`@E\CV?V@H@RFRLZBFV\P@R@ZR\ZVl@Jh@Ff@@H@fAAVC^Ot@Un@c@h@_@b@Oh@EPCPAT?TBd@Lh@R^NTHFz@v@XXl@l@d@f@f@d@`@d@JLPPJLf@j@`@d@FFT\HBFFFHDLBJBJ?L?L?LCJCJEJEHGFEBGBI?GAOB_@J_@NUNURY\GJIHABSXGRITEJAHBZ@VCLCNEJGHGHGBIBIAGAIEEEEGCGEIAICKAY@O@QBMFMDKHGHEH?D?JEHGJINUBU?G?KEc@?IA]CGe@oAo@{AMYGKIGK?K@KJyAyD~@`CXv@JKJAJ?HFFJLXn@zAd@nABFNRJJBDB@B@F@D?JCr@aA`@g@DKPQ@IM}@GYM[GKQWQSUWaB_Bg@g@oAkA]]KMk@y@MSM]K]I[G[EMUk@a@[SUOa@Mg@Go@Cg@Mi@KYKSYUi@Mc@GMKMMIr@?DtBbD	Click to Generate
S25	20	1			3	Bake N Butty (S25)	Kimberworth Post Office (S25)	The Salvation Army - Rotherham (S25)	1598	1198	g}beIpooGSl@_@nAKOk@u@k@s@EGSWg@k@MOMMQM?MAOCWGu@K}@EWKi@GS]sAKi@G]GYGm@Gm@Ci@Ae@@c@Be@Hg@Hc@Rs@NTR\p@~AJPLLXXaBjDMREDABYTJh@\rAFRJh@DVJ|@Ft@BV@N?LCNCJk@bAILMTQRSVYZ[d@e@r@a@r@ILOTQRMPKJQNC@@J?NCPIf@IX@]?QAQESZYBAPOJKLQPSNUHM`@s@d@s@JONUX[RWPSLUHMj@cABKBOPLLLt@z@RVDFj@r@j@t@JN^oARm@	Click to Generate
S25	60	1			3	Reiss (S25)	Jump Inc (S25)	SYPTE (S25)	4245	3184	ct_eIx_rG@SBu@BsA?OG@EACECEAO@KCYEUIe@ECAAGEGCM?UR]b@Q^Wf@Qf@Of@EXGVKt@AJ@N@LDJ?@HLnBRFBBD@D?D?D?B?RAFE@QAwAOCBAF?F?DBFR@ZDZBZDP@B@@B@JMzEAZt@pB??SZ}@_C@m@NkF[E[C[ESACG?E?G@GBCvANFCBE?I?GACCCC?eBSKAGCGKIMGQAW@O@OHi@F]?E@EDQLi@DMLYJU@EHORc@PWRULMHKNMNO^YROZQFELGTGREVGDAFAH?P?`@@P@D@VDXFHDJF\TLJLNLPNPVd@NZNZVh@f@nAJRJL@BDBDFNHNDF@DBHEH?D?JEHGJINUBU?G?KEc@?IA]CGe@oAINMN}@cC\~@^bALOHOd@nABFNRJJBDB@B@F@D?JCr@aA`@g@DKPQ@IDQDKFIFGDAFAD?D@HBFFFHDLBJBJ?L?L?LCJCJEJEHGFEBGBI?GAOB_@J_@NUNURY\GJIHABSXGRITEJAHBZ@VCLCNEJGHGHGBIBIAGAIEEEEGCGEIAICKAYM_@So@EKcAyBQ_@GMSg@KOIOKMOSOOMM_@YGCMGQIGAYCWEWAO?G@E@c@FMDQHEBGBMHSNSNWTEDa@ZUR]b@Q^Wf@Qf@Of@EXGVKt@AJG~@C`A?JAvG?LAt@@P?J?^ATABEVo@~@GJKRILKNEPADEJBHFDXd@V`@FJ?\@P?X\l@HLNVNXXm@^y@gAsBuAkAGEUQk@g@GEOKO[EGCICICGA[?S?I@I@KDSXUDEVOlAi@T[@ABMDU@{@?uC@c@@g@@SBg@@O@OHi@F]?E@EDQLi@DMLYJU@EHORc@PWRULMHKPCJGF@D@BBDDH`@@FVnABR@H?JAJ?NCrACt@AR	Click to Generate
S25	45	1			3	AllSaints (S25)	SYPTE (S25)	Jump Inc (S25)	3606	2704	cv_eIjerG??CJ@JMzEAZt@pB??SZ}@_C@m@NkF[E[C[ESACG?E?G@GBCvANFCBE?I?GACCCC?eBSIDA@EDGNEP?JAvG?LAt@@P?J?^ATABEVo@~@GJKRILKNEPADEJBHFDXd@V`@FJ?\@P?X\l@HLNVNXXm@^y@gAsBuAkAGEUQk@g@GEOKO[EGCICICGA[?S?I@I@KDSXUDEVOlAi@T[@ABMDU@{@?uC@c@@g@@SBg@@O@OHi@F]?E@EDQLi@DMLYJU@EHORc@PWRULMHKNMNO^YROZQFELGTGREVGDAFAH?P?`@@P@D@VDXFHDJF\TLJLNLPNPVd@NZNZVh@f@nAJRJL@BDBDFNHNDF@DBHEH?D?JEHGJINUBU?G?KEc@?IA]CGe@oAINMN}@cC\~@^bALOHOd@nABFNRJJBDB@B@F@D?JCr@aA`@g@DKPQ@IDQDKFIFGDAFAD?D@HBFFFHDLBJBJ?L?L?LCJCJEJEHGFEBGBI?GAOB_@J_@NUNURY\GJIHABSXGRITEJAHBZ@VCLCNEJGHGHGBIBIAGAIEEEEGCGEIAICKAYM_@So@EKcAyBQ_@GMSg@KOIOKMOSOOMM_@YGCMGQIGAYCWEWAO?G@E@c@FMDQHEBGBMHSNSNWTEDa@ZUR]b@Q^Wf@Qf@Of@EXGVKt@AJ@N@LDJ?@HLnBRFBBD@D?D?D?B?RAFE@QAwAOCBAF?F?DBFR@ZDZBZDP@B@@BBK??	Click to Generate
S25	60	1			3	Reiss (S25)	Jump Inc (S25)	SYPTE (S25)	5157	3868	em_eIvfrGADbAhCT[T]T[V]T]CGQc@Qc@Qe@Qe@Qc@Qc@Qg@BUpBwCBK@A@O@MCYKOIOKMOSOOMM_@YGCMGQIGAYCWEWAO?G@E@c@FMDQHEBGBMHSNSNWTEDa@ZUR]b@Q^Wf@Qf@Of@EXGVKt@AJ@N@LDJ?@HLnBRFBBD@D?D?D?B?RAFE@QAwAOCBAF?F?DBFR@ZDZBZDP@B@@B@JMzEAZt@pB??SZ}@_C@m@NkF[E[C[ESACG?E?G@GBCvANFCBE?I?GACCCC?eBSKAGCGKIMGQAW@O@OHi@F]?E@EDQLi@DMLYJU@EHORc@PWRULMHKNMNO^YROZQFELGTGREVGDAFAH?P?`@@P@D@VDXFHDJF\TLJLNLPNPVd@NZNZVh@f@nAJRJL@BDBDFNHNDF@DBHEH?D?JEHGJINUBU?G?KEc@?IA]CGe@oAINMN}@cC\~@^bALOHOd@nABFNRJJBDB@B@F@D?JCr@aA`@g@DKPQ@IDQDKFIFGDAFAD?D@HBFFFHDLBJBJ?L?L?LCJCJEJEHGFEBGBI?GAOB_@J_@NUNURY\GJIHABSXGRITEJAHBZ@VCLCNEJGHGHGBIBIAGAIEEEEGCGEIAICKAYM_@So@EKcAyBQ_@GMSg@KOIOKMOSOOMM_@YGCMGQIGAYCWEWAO?G@E@c@FMDQHEBGBMHSNSNWTEDa@ZUR]b@Q^Wf@Qf@Of@EXGVKt@AJG~@C`A?JAvG?LAt@@P?J?^ATABEVo@~@GJKRILKNEPADEJBHFDXd@V`@FJ?\@P?X\l@HLNVNXXm@^y@gAsBuAkAGEUQk@g@GEOKO[EGCICICGA[?S?I@I@KDSXUDEVOlAi@T[@ABMDU@{@?uC@c@@g@@SBg@@O@OHi@F]?E@EDQLi@DMLYJU@EHORc@PWRULMHKNMNO^YROZQFELGTGREVGDAFAH?P?`@@P@D@VDXFHDJF\TLJLNLPNPVd@NZNZENCLGFKPEFSZ}A|BK@a@M?h@Ap@EbAC|@A|@	Click to Generate
S25	60	1			3	Stan (S25)	Crow Girl (S25)	Abbey School (S25)	6726	5044	yldeIv~qGi@KqCYFuA?g@?SLmCDw@N{@Jg@Zm@BC\g@NOKi@GSMKOGiCc@KOCM?WFW~@qBRVpH~ARHq@hBMP??QJk@NUDMBa@FQHON]f@CB[l@Kf@Oz@Ev@MlC?R?f@GtApCXh@JvCx@FBnCr@VLnB`C~CtDzCjDLJj@d@PLb@VjCjALFFBx@Z~@h@`DzBvDbCvBvAr@f@d@d@f@b@BDRTV\Pu@H]P{@J[L_@f@yAZy@Rm@JYF_@Da@Da@NuAJmAJcAJkANyAHy@Dk@@EB[@W@[AkAA_BAi@Ee@G]CKQWm@{@GKGUG[UcBG]Ku@AIAGCUAO?S@ODQFOHKFGRWt@y@^c@RYR_@R_@To@FSDSFUDWHk@BKFq@Bc@Be@?a@?W?SAMCa@AQC]Im@Ik@Mo@Oi@Oi@Og@Qa@Q_@Wi@[i@MSCCQYWYIKc@c@g@a@OI}@g@}@i@KKKOEGIUI[CWAc@?S@WDa@Fg@Fa@UISMQO]c@GIc@k@i@u@s@}@KOk@u@k@s@EGSWu@{@MMQMCNCJk@bAILMTQRSVYZ[d@e@r@a@r@ILOTQRMPKJQNC@@J?NCPIf@IXIXERADAFGTELNXDNDVTxAf@|Cz@tFTzAFd@^jBJnA@x@GtAEZG`@GTWlBYdAo@bAcAr@g@FgBLa@FINCR?VAl@??@m@?WBSHO`@GfBMf@GbAs@n@cAXeAVmBFUFa@D[FuAAy@KoA_@kBGe@U{A{@uFg@}CUyAEWEOOYM`@ITKLGJSPc@^QTIRKXMd@Kh@QvAOh@s@fAiAxAiBxBeAxBeA`CiAfCk@xASr@q@hBMPQJk@NUDMBa@FQHON]f@CB[l@Kf@Oz@Ev@MlC?R?f@GtApCXh@J	Click to Generate
S25	45	1			3	Tinsley Meadows Primary School (S25)	Tinsley Sports and Social Club (S25)	Madani Education Centre (S25)	4026	3020	gz~dI`joGvAqARp@BHHXFVRp@HZ_Ax@GFq@l@q@r@UVg@j@WZ[f@u@hAm@`AINmAvDELQ`@]h@U\OX]r@EIa@s@e@gA]eA[_AtAmBq@qBM@KDCDOa@??N`@BEJELAp@pBuAlBZ~@\dAd@fA`@r@DH\s@NYT]\i@Pa@DMlAwDHOl@aAt@iAZg@V[f@k@TWp@s@p@m@FG~@y@bC{BRQd@e@X]T]N]Pc@DQFWF_@@Ib@qDLeAPyAX}BBOD_@D]Ju@MAIAG@}A|@OFM???L?NG|A}@FAH@L@Kt@E\E^CNY|BQxAMdAc@pDAHG^GVEPQb@O\U\Y\e@d@SPcCzB_Ax@GFq@l@q@r@UVg@j@WZ[f@u@hAm@`AINmAvDELQ`@]h@U\OX]r@EIa@s@e@gAqEjGmBaCtFyHNh@BHVt@\dAd@fA`@r@DH\s@NYT]\i@Pa@DMlAwDHOl@aAt@iAZg@V[f@k@TWG]Kq@G_@Oy@Ie@`A}@	Click to Generate
S25	30	1			3	Volksgear (S25)	Shirefreen News 'n' Booze (S25)	Beck Primary School (S25)	2093	1570	c_deIzpwG??RVt@t@BDf@hAC\Ch@Gf@I|@Mt@CRIEEMAOAIOIECOAI@EF_@xB^yBDGHAN@TL@H@NDLHDe@hCHCNEJAH?L?D?FCDNFNb@l@x@jASfAUxAOrAKfAOjBGdAEtACl@ClAZ@??[A?JCjA?zB@dB@b@?h@Bp@[n@FFFHJB^B|@@`@Gd@K~@W?J?JANG\NvA??OwAF]@O?K?K_AVe@Ja@F}@A_@CKCGIGGZo@Cq@?i@Ac@AeB?{BBkA?KBmABm@DuAFeANkBJgANsATyARgAy@kAc@m@GOEOIa@Ie@Cg@AKAGEILu@H}@Fg@Bi@B]g@iACEu@u@SW??	Click to Generate
S25	45	1			3	Mint Nail (S25)	Flannels (S25)	The Cruise Holiday Shop (S25)	3442	2582	i}_eIr`sGLVRXBBBDB?B?DEHOP_@x@gBgAsBuAkAGEUQk@g@GEOKO[EGCICICGA[?S?I@I@KDSXUDEVOlAi@T[@ABMDU@{@?uCJe@@QDOHGFEHAH@nBRFBBD@D?D?D?B?RAFE@QAwAOCBAF?F?DBFR@ZDZBZDP@B@@B@JMzEAZt@pB??SZ}@_C@m@NkFP@B@@B@JEzAG~B[C[C[E[CQCLkFCG?E?G@GBCvANFCBE?I?GACCCC?eBSKAGCGKIMGQAW@O@OHi@F]?E@EDQLi@DMLYJU@EHORc@PWRULMHKNMNO^YROZQFELGTGREVGDAFAH?P?`@@P@D@VDXFHDJF\TLJLNLPNPVd@NZNZENCLGFKPEFSZ}A|BK@a@M?h@Ap@EbAC|@CbAC~@p@fB??T]T[T]T[V]T]CGQc@Qc@Qe@Qe@Qc@Qc@Qg@BUpBwCBK@A@O@MCYKOIOKMOSOOMM_@YGCMGQIGAYCWEWAO?G@E@c@FMDQHEBGBMHSNSNWTEDa@ZUR]b@Q^Wf@Qf@Of@EXGVKt@AJG~@C`A?JAvG?LAt@@P?J?^ATABEVo@~@GJKRILKNEPADEJBHAHCn@?t@@p@DZt@lA	Click to Generate
S25	45	1			3	Beck Primary School (S25)	Shirefreen News 'n' Booze (S25)	Shiregreen Medical Centre (S25)	3316	2487	q~beItjzGLeAq@Us@Qw@Qw@Ks@Ge@ACSGQKSe@cA]{@_@cAWy@Qq@Me@SaAUkAQmAEYMiAKcAGaAEu@wA^_@L?J?JANG\NvA??OwAF]@O?K?K_AVe@Ja@F}@A_@CKCGIGGZo@Cq@?i@Ac@AeB?{BBkA?KZ@??[ABmABm@DuAFeANkBJgANsATyARgAT^R^RVRNPHRHPBT?d@Cl@IpA_@@?bBi@XKXK`@ONGx@Ul@M\GLAd@E`@@XFPHvAn@rAp@h@VPHPLNLJJPBLBPF\PjB~@`Ah@B@HD|Az@d@Rf@Tj@TZHNDv@PD@AT]nFWbFcDc@y@Im@Ga@CM@C@EFgAgAMK]]CAGEMGMAc@@M??R?xB?V@bA?nC?L?l@Cd@C`@Er@IdAM`BGf@I|@Iv@MtA[lDUvBANIv@QjAo@]OGOIMdA	Click to Generate
S25	60	1			3	Ernest Jones (S25)	Jump Inc (S25)	SYPTE (S25)	5179	3884	im_eIdhrGAVp@fBT]T[T]T[V]T]CGQc@Qc@Qe@Qe@Qc@Qc@Qg@BUpBwCBK@A@O@MCYKOIOKMOSOOMM_@YGCMGQIGAYCWEWAO?G@E@c@FMDQHEBGBMHSNSNWTEDa@ZUR]b@Q^Wf@Qf@Of@EXGVKt@AJ@N@LDJ?@HLnBRFBBD@D?D?D?B?RAFE@QAwAOCBAF?F?DBFR@ZDZBZDP@B@@B@JMzEAZt@pB??SZ}@_C@m@NkF[E[C[ESACG?E?G@GBCvANFCBE?I?GACCCC?eBSKAGCGKIMGQAW@O@OHi@F]?E@EDQLi@DMLYJU@EHORc@PWRULMHKNMNO^YROZQFELGTGREVGDAFAH?P?`@@P@D@VDXFHDJF\TLJLNLPNPVd@NZNZVh@f@nAJRJL@BDBDFNHNDF@DBHEH?D?JEHGJINUBU?G?KEc@?IA]CGe@oAINMN}@cC\~@^bALOHOd@nABFNRJJBDB@B@F@D?JCr@aA`@g@DKPQ@IDQDKFIFGDAFAD?D@HBFFFHDLBJBJ?L?L?LCJCJEJEHGFEBGBI?GAOB_@J_@NUNURY\GJIHABSXGRITEJAHBZ@VCLCNEJGHGHGBIBIAGAIEEEEGCGEIAICKAYM_@So@EKcAyBQ_@GMSg@KOIOKMOSOOMM_@YGCMGQIGAYCWEWAO?G@E@c@FMDQHEBGBMHSNSNWTEDa@ZUR]b@Q^Wf@Qf@Of@EXGVKt@AJG~@C`A?JAvG?LAt@@P?J?^ATABEVo@~@GJKRILKNEPADEJBHFDXd@V`@FJ?\@P?X\l@HLNVNXXm@^y@gAsBuAkAGEUQk@g@GEOKO[EGCICICGA[?S?I@I@KDSXUDEVOlAi@T[@ABMDU@{@?uC@c@@g@@SBg@@O@OHi@F]?E@EDQLi@DMLYJU@EHORc@PWRULMHKNMNO^YROZQFELGTGREVGDAFAH?P?`@@P@D@VDXFHDJF\TLJLNLPNPVd@NZNZENCLGFKPEFSZ}A|BK@a@M?h@Ap@EbAC|@CbAAf@	Click to Generate
S25	60	1			3	Tinsley Sports and Social Club (S25)	Refuel (S25)	Sheffield Hallam University Sports Park (S25)	12141	9106	ie_eIfukGFb@Fv@@|@ErAMpAMbAFjANhA`@nB`CcDd@g@f@]b@Od@EpD@fA?~DA^@HATIVfBFd@BRF^F`@RvAh@~D~@`HD`@F^@FNtABLXdCXlCFz@@X?NAv@Et@AJKfAQjAE\SfAY|AS~AIp@O`BGrAMhEEdAGx@MAIAG@}A|@OFM???L?NG|A}@FAH@L@Kt@E\E^CNY|BQxAMdAc@pDAHG^GVEPQb@O\U\Y\e@d@SPcCzB_Ax@GFq@l@q@r@UVg@j@WZ[f@u@hAm@`AINmAvDELQ`@]h@U\OX]r@EIa@s@e@gAqEjGmBaCqBaCkAfBOTISqAyCYs@EK]cAUo@[g@MYGMGKY_@UU[a@GKKMCO?O@Y?GDk@Bm@Cq@AMCUAu@COEc@CWQyBa@aFE_@Ei@A]GmAAYQgECkAEgBAo@Ae@?Y@q@Bs@@a@Dg@Bg@Do@NwBPaDBWFoAHcBHcBFu@HuALuB@Y@]@k@A}@GeAKyBIqBE{AK}A_@eGUwBEg@Ky@UsBOmBKeAE]EUOu@Qm@Si@Se@Uc@QKA?[GEAKHC@KLEDIRoApBcAzAuAjB\xAR~@@~@A`B@z@Dp@Jr@Lp@X|@Lb@DLVpARdALhAHfADbA@t@@V?`ACt@MfA?HAn@BfA@z@RvL@|@ZxQ[yQA}@CqAOeJA{@CgA@o@?ILgABu@?aAAWAu@EcAIgAMiASeAWqAEMMc@Y}@Mq@Ks@Eq@A{@@aBA_AS_A]yAtAkBbA{AnAqBHS@KBU?C@]AO@QBKFMFGHAD?JFDFDR@N@R@PBDH^Tb@Rd@Rh@Pl@Nt@DTD\JdANlBTrBJx@Df@TvB^dGJ|ADzAHpBJxBFdA@|@Aj@A\AXMtBItAGt@IbBIbBGnACVQ`DOvBEn@Cf@Ef@A`@Cr@Ap@?X@d@@n@DfBBjAPfE@XFlA@\Dh@D^`@`FPxBBVDb@BNLh@?@Ht@BXN~@Nv@BLFPFPTv@f@bBNr@Tn@\bADJXr@pAxCHRl@lA`@z@DF`@x@Xd@`@j@JLRXHHVRNHTHVENBd@Fh@NN@VCDA\OVe@Ra@NeAHoAHy@No@L[LU\s@NYT]\i@Pa@DMlAwDHOl@aAt@iAZg@V[f@k@TWp@s@p@m@FG~@y@bC{BRQd@e@X]T]N]Pc@DQFWF_@@Ib@qDLeAPyAX}BBOD_@D]Ju@Fy@DeALiEFsANaBHq@R_BX}ARgAD]PkAJgA@K\NXN\RB@Jb@h@rCr@rBDRFRBT@XvA`Dk@qAk@oAAYCUGSESs@sBi@sCKc@CA]SYO]ODu@@w@?OAYG{@YmCYeCCMOuAAGG_@Ea@_AaHi@_ESwAGa@G_@CSGe@WgBUHI@_@A_E@gA?qDAe@Dc@Ng@\e@f@aCbDa@oBOiAGkALcALqADsAA}@Gw@Gc@	Click to Generate
S25	45	1			3	Reiss (S25)	SYPTE (S25)	Jump Inc (S25)	3614	2710	cv_eI`erG?HCJ@JMzEAZt@pB??SZ}@_C@m@NkF[E[C[ESACG?E?G@GBCvANFCBE?I?GACCCC?eBSIDA@EDGNEP?JAvG?LAt@@P?J?^ATABEVo@~@GJKRILKNEPADEJBHFDXd@V`@FJ?\@P?X\l@HLNVNXXm@^y@gAsBuAkAGEUQk@g@GEOKO[EGCICICGA[?S?I@I@KDSXUDEVOlAi@T[@ABMDU@{@?uC@c@@g@@SBg@@O@OHi@F]?E@EDQLi@DMLYJU@EHORc@PWRULMHKNMNO^YROZQFELGTGREVGDAFAH?P?`@@P@D@VDXFHDJF\TLJLNLPNPVd@NZNZVh@f@nAJRJL@BDBDFNHNDF@DBHEH?D?JEHGJINUBU?G?KEc@?IA]CGe@oAINMN}@cC\~@^bALOHOd@nABFNRJJBDB@B@F@D?JCr@aA`@g@DKPQ@IDQDKFIFGDAFAD?D@HBFFFHDLBJBJ?L?L?LCJCJEJEHGFEBGBI?GAOB_@J_@NUNURY\GJIHABSXGRITEJAHBZ@VCLCNEJGHGHGBIBIAGAIEEEEGCGEIAICKAYM_@So@EKcAyBQ_@GMSg@KOIOKMOSOOMM_@YGCMGQIGAYCWEWAO?G@E@c@FMDQHEBGBMHSNSNWTEDa@ZUR]b@Q^Wf@Qf@Of@EXGVKt@AJ@N@LDJ?@HLnBRFBBD@D?D?D?B?RAFE@QAwAOCBAF?F?DBFR@ZDZBZDP@B@@BBK?I	Click to Generate
S25	60	1			3	Blackburn Meadows Nature Reserve (S25)	ItsaGoal (S25)	Hanfia Masjid (S25)	12469	9352	qq`eIvumGOeJA{@CgA@o@?ILgABu@?aAAWAu@EcAIgAMiASeAWqAEMMc@Y}@Mq@Ks@Eq@A{@@aBA_AS_A]yAtAkBbA{AnAqBHS@KBU?C@]AOK_@ACQc@q@i@kAeAUW_@e@]i@Yq@Ww@Qm@Q_Ag@}C_@eCs@{ECU[qBc@oCKs@c@}AESGQIUK[IUYcAKSU[CCGMCOCk@GWMg@Ys@c@_A[i@]m@UUw@g@KCIEc@S]Ea@?e@LeIdDeBd@uAV_@BK@qAF}AAaBKWJMJIJEFCFGPKd@?FDlA@`@BTDl@DVD\Ff@Hx@D^Bd@Bn@@`A?~A?N?vA?f@?|@Ef@ShBw@dHMbAg@rEKx@C`@?\FnABz@@nA@p@?DAf@AjA?RChAAvA?xAApAC|B?b@?JCjBAdB?~@?FAZ?VAvBAxA?XCbE?P@\?BBNDRVd@HMNQLMj@i@^i@PYt@oAXe@`A_BTa@Zk@t@qALSdAkBDWB_@Hm@FIRCB?HCJEJM\e@NMPID@FBDFDJNr@BR@XNrG@d@@NBNl@LjA`@LB^@ZAP?TIL[VKREVGDSC{FBzFER??WFSDWJMZUHQ?[@_@AMCkAa@m@MCOAOAe@OsGAYCSOs@EKEGGCEAQHOL]d@KLKDIBC?SBGHIl@C^EVeAjBMRu@pA[j@U`@aA~AYd@u@nAQX_@h@k@h@MLOPILMZQp@b@b@bA`A\^j@x@FHnA`C`@t@l@nAf@vAN`@Pf@HTXx@`@nAZ~@BLPj@^|A?DHl@BNDVFp@HtAFtADtAFxBB`@FpB@j@Bb@@l@BV@T@PHrAJdABTRdBNdANlAj@lERxAD`@Jv@DZRxA@L`@|CVrBHn@P`AN`A^|BPhAl@bDRbAr@tDLn@ZxAZfAf@~AX|@d@rAZbA\fAl@~Ar@~Ah@vAFN^dAZnATrAPfABHHZFRDJHRFJ^TLFN?\GTIj@m@jEgE|KiJ|EeEnCmCfCsCbFeGn@cA?ALSH]BODs@Cg@?_@@]@UBQDSJa@Ve@Ra@NeAHoAHy@No@L[LUEIa@s@e@gA]eA[_AOi@kAgDcCaHYkEQFKeB@Q`AYLMHQDUSKY]OyBIoAXhEX\RJETIPMLaAXAPJdBPGXjEbC`HaBxB}AtBoA~AKNkAfBOTIS{@oBUi@Ys@EK]cAUo@[g@MYGMGKY_@UU[a@GKKMCO?O@Y?GDk@Bm@Cq@AMCUAu@COEc@CWQyBa@aFE_@Ei@A]GmAAYQgECkAEgBAo@Ae@?Y@q@Bs@@a@Dg@Bg@Do@NwBPaDBWFoAHcBHcBFu@HuALuB@Y@]@k@A}@GeAKyBIqBE{AK}A_@eGUwBEg@Ky@UsBOmBKeAE]EUOu@Qm@Si@Se@Uc@QKA?[GEAKHC@KLEDIRoApBcAzAuAjB\xAR~@@~@A`B@z@Dp@Jr@Lp@X|@Lb@DLVpARdALhAHfADbA@t@@V?`ACt@MfA?HAn@BfA@z@NdJ	Click to Generate
S25	60	1			3	Molton Brown (S25)	SYPTE (S25)	Jump Inc (S25)	5157	3868	_u_eIlqrG??SZ}@_C@m@NkF[E[C[ESACG?E?G@GBCvANFCBE?I?GACCCC?eBSKAGCGKIMGQAW@O@OHi@F]?E@EDQLi@DMLYJU@EHORc@PWRULMHKNMNO^YROZQFELGTGREVGDAFAH?P?`@@P@D@VDXFHDJF\TLJLNLPNPVd@NZNZENCLGFKPEFSZ}A|BK@a@M?h@Ap@EbAC|@A|@ADbAhCT[T]T[V]T]CGQc@Qc@Qe@Qe@Qc@Qc@Qg@BUpBwCBK@A@O@MCYKOIOKMOSOOMM_@YGCMGQIGAYCWEWAO?G@E@c@FMDQHEBGBMHSNSNWTEDa@ZUR]b@Q^Wf@Qf@Of@EXGVKt@AJG~@C`A?JAvG?LAt@@P?J?^ATABEVo@~@GJKRILKNEPADEJBHFDXd@V`@FJ?\@P?X\l@HLNVNXXm@^y@gAsBuAkAGEUQk@g@GEOKO[EGCICICGA[?S?I@I@KDSXUDEVOlAi@T[@ABMDU@{@?uC@c@@g@@SBg@@O@OHi@F]?E@EDQLi@DMLYJU@EHORc@PWRULMHKNMNO^YROZQFELGTGREVGDAFAH?P?`@@P@D@VDXFHDJF\TLJLNLPNPVd@NZNZVh@f@nAJRJL@BDBDFNHNDF@DBHEH?D?JEHGJINUBU?G?KEc@?IA]CGe@oAINMN}@cC\~@^bALOHOd@nABFNRJJBDB@B@F@D?JCr@aA`@g@DKPQ@IDQDKFIFGDAFAD?D@HBFFFHDLBJBJ?L?L?LCJCJEJEHGFEBGBI?GAOB_@J_@NUNURY\GJIHABSXGRITEJAHBZ@VCLCNEJGHGHGBIBIAGAIEEEEGCGEIAICKAYM_@So@EKcAyBQ_@GMSg@KOIOKMOSOOMM_@YGCMGQIGAYCWEWAO?G@E@c@FMDQHEBGBMHSNSNWTEDa@ZUR]b@Q^Wf@Qf@Of@EXGVKt@AJ@N@LDJ?@HLnBRFBBD@D?D?D?B?RAFE@QAwAOCBAF?F?DBFR@ZDZBZDP@B@@B@JMzEAZt@pB	Click to Generate
S25	15	1			3	Two Dinners Ignatiu (S25)	Abbey School (S25)	Winterhill School (S25)	1255	941	ikceInhqGGhBIZkCpB??ODQCg@YYCw@Eq@@Al@??@m@?WBSHO`@GfBMf@GbAs@n@cAXeAVmBFUFa@D[FuAAy@KoA_@kBGe@U{A{@uFDCHEBCBA`@WPK??QJa@VC@CBIDEBz@tFTzAFd@^jBJnA@x@GtAEZC`A?zAEfA	Click to Generate
S25	20	1			3	St Thomas Church Wincobank (S25)	Wincobank Post Office (S25)	Eastwoods (S25)	1566	1174	{daeInctGBPPt@fCDHBHBdAdBFJLN`@l@d@j@VV^^^\^`@VVPLIk@w@oHSgBOkA_@eDO{AOuAPIDA~@]LEd@lEf@nElAtKv@dH?JADCDCDcA`@AEGOGUWuAKo@OoAQMWW_@a@_@]_@_@WWe@k@a@m@MOGKeAeBICICgCEQu@CQ	Click to Generate
S25	60	1			3	Blackburn Meadows Nature Reserve (S25)	ItsaGoal (S25)	Hanfia Masjid (S25)	12561	9421	kq`eI`zmGAw@SwLA{@CgA@o@?ILgABu@?aAAWAu@EcAIgAMiASeAWqAEMMc@Y}@Mq@Ks@Eq@A{@@aBA_AS_A]yAtAkBbA{AnAqBHS@KBU?C@]AOK_@ACQc@q@i@kAeAUW_@e@]i@Yq@Ww@Qm@Q_Ag@}C_@eCs@{ECU[qBc@oCKs@c@}AESGQIUK[IUYcAKSU[CCGMCOCk@GWMg@Ys@c@_A[i@]m@UUw@g@KCIEc@S]Ea@?e@LeIdDeBd@uAV_@BK@qAF}AAaBKWJMJIJEFCFGPKd@?FDlA@`@BTDl@DVD\Ff@Hx@D^Bd@Bn@@`A?~A?N?vA?f@?|@Ef@ShBw@dHMbAg@rEKx@C`@?\FnABz@@nA@p@?DAf@AjA?RChAAvA?xAApAC|B?b@?JCjBAdB?~@?FAZ?VAvBAxA?XCbE?P@\?BBNDRVd@HMNQLMj@i@^i@PYt@oAXe@`A_BTa@Zk@t@qALSdAkBDWB_@Hm@FIRCB?HCJEJM\e@NMPID@FBDFDJNr@BR@XNrG@d@@NBNl@LjA`@LB^@ZAP?TIL[VKREVGDSC{FBzFER??WFSDWJMZUHQ?[@_@AMCkAa@m@MCOAOAe@OsGAYCSOs@EKEGGCEAQHOL]d@KLKDIBC?SBGHIl@C^EVeAjBMRu@pA[j@U`@aA~AYd@u@nAQX_@h@k@h@MLOPILMZQp@b@b@bA`A\^j@x@FHnA`C`@t@l@nAf@vAN`@Pf@HTXx@`@nAZ~@BLPj@^|A?DHl@BNDVFp@HtAFtADtAFxBB`@FpB@j@Bb@@l@BV@T@PHrAJdABTRdBNdANlAj@lERxAD`@Jv@DZRxA@L`@|CVrBHn@P`AN`A^|BPhAl@bDRbAr@tDLn@ZxAZfAf@~AX|@d@rAZbA\fAl@~Ar@~Ah@vAFN^dAZnATrAPfABHHZFRDJHRFJ^TLFN?\GTIj@m@jEgE|KiJ|EeEnCmCfCsCbFeGn@cA?ALSH]BODs@Cg@?_@@]@UBQDSJa@Ve@Ra@NeAHoAHy@No@L[LUEIa@s@e@gA]eA[_AOi@kAgDcCaHYkEQFKeB@Q`AYLMHQDUSKY]OyBIoAXhEX\RJETIPMLaAXAPJdBPGXjEbC`HaBxB}AtBoA~AKNkAfBOTIS{@oBUi@Ys@EK]cAUo@[g@MYGMGKY_@UU[a@GKKMCO?O@Y?GDk@Bm@Cq@AMCUAu@COEc@CWQyBa@aFE_@Ei@A]GmAAYQgECkAEgBAo@Ae@?Y@q@Bs@@a@Dg@Bg@Do@NwBPaDBWFoAHcBHcBFu@HuALuB@Y@]@k@A}@GeAKyBIqBE{AK}A_@eGUwBEg@Ky@UsBOmBKeAE]EUOu@Qm@Si@Se@Uc@QKA?[GEAKHC@KLEDIRoApBcAzAuAjB\xAR~@@~@A`B@z@Dp@Jr@Lp@X|@Lb@DLVpARdALhAHfADbA@t@@V?`ACt@MfA?HAn@BfA@z@RvL@v@	Click to Generate
S25	45	1			3	Tinsley Sports and Social Club (S25)	St Lawrence Church (S25)	Cohens Chemist (S25)	3088	2316	{z}dId_nGk@oAAYCUGSESs@sBi@sCKc@CA]SYO]OAJKfAQjAE\SfAY|AS~AIp@O`BGrAMhEEdAGx@MAIAG@}A|@OFM???L?NG|A}@FAH@L@Kt@E\E^CNY|BQxAMdAc@pDAHG^GVEPQb@O\U\Y\e@d@SPcCzBI[Sq@GWIYCISq@IQAEEGCEKIOC@_@?SBODMr@}ADGFEHAH?NJLFHBFAFdABHDBB@CAECCIGeAG@ICMGOKI?I@GDEFs@|AEL?BCJ?RA^NBJHBDDF@DHPRp@BHHXFVRp@HZ_Ax@GFq@l@q@r@G]Kq@G_@Oy@Ie@v@u@`ByARp@BHHXFVRp@HZbC{BRQd@e@X]T]N]Pc@DQFWF_@@Ib@qDLeAPyAX}BBOD_@D]Ju@Fy@DeALiEFsANaBHq@R_BX}ARgAD]PkAJgA@K\NXN\RB@Jb@h@rCr@rBDRFRBT@Xj@nA	Click to Generate
S25	45	1			3	Beck Primary School (S25)	Volksgear (S25)	Muscle Fusion (S25)	3087	2315	wzceIh|xG[A?JCjA?zB@dB@b@?h@Bp@[n@FFFHJB^B|@@`@Gd@K~@W?J?JANG\NvA??OwAF]@O?K?K_AVe@Ja@F}@A_@CKCGIGGQ^Qb@K`@Ib@Kf@Ed@AXCXCACCEECIE]G}@AWEo@UgDOcDCUCIIIHyBJsCDmABi@Bw@LsCBq@Bq@JsAJmAL}@Lu@Hm@DWd@iCIEEMAOAIOIECOAI@EF_@xB^yBDGHAN@TL@H@NDLHDBSLu@H}@Fg@Bi@B]g@iACEu@u@SW??OWUg@KUIOYm@aAcBh@oB\cATi@Vi@^q@x@_BdAwBR\v@~Ae@Td@Uw@_BS]eAvBy@~A_@p@Wh@Uh@]bAi@nB`AbBXl@HNJTTf@NVRVt@t@BDf@hAC\Ch@Gf@I|@Mt@DH@F@JBf@Hd@H`@DNFNb@l@x@jASfAUxAOrAKfAOjBGdAEtACl@ClAZ@	Click to Generate
S25	60	1			3	Hartley Brook Road Post Office (S25)	Beck Primary School (S25)	Woolley Wood LNR (S25)	7235	5426	ynbeItnxGaAi@kB_A]QQGMCQCBZ?t@?RAhD?`D?fC?r@?R?xB?V@bA?nC?L?l@Cd@C`@Er@IdAM`BGf@I|@Iv@MtA[lDUvBANcAk@E@C@ADEVU|Aq@Us@Qw@Qw@Ks@Ge@ACSGQKSe@cA]{@_@cAWy@Qq@Me@SaAUkAQmAEYMiAKcAGaAEu@wA^_@L?J?JANG\NvA??OwAF]@O?K?K_AVe@Ja@F}@A_@CKCGIGGZo@Cq@?i@Ac@AeB?{BBkA?KBmABm@DuAFeANkBJgANsATyARgAy@kAc@m@GOEOIa@Ie@Cg@AKAGEILu@H}@Fg@Bi@B]@KDa@B_@Fc@@MLi@H_@Vw@^{@l@oAt@mAt@gA`CyC~@qAn@_Ar@iAjAwBj@uAbAcDx@kCr@kBz@gBhCeGj@kAjDcHtAiCvDcGxA{AxAeAhCwAbBy@nAo@pA_ArBoB~@iAh@cAnB}DxAoC?\?TG\Kj@Jk@F]?U?]yAnCoB|Di@bA_AhAsBnBqA~@oAn@cBx@iCvAyAdAyAzAwDbGuAhCwEnJiCdG{@fBs@jBy@jCcAbDk@tAkAvBs@hAo@~@_ApAaCxCu@fAu@lAm@nA_@z@Wv@I^Mh@ALGb@C^E`@AJC\Ch@Gf@I|@Mt@DH@F@JBf@Hd@H`@DNFNb@l@x@jAT^R^RVRNPHRHPBT?d@Cl@IpA_@@?bBi@XKXK`@ONGx@Ul@M\GLAd@E`@@XFPHvAn@rAp@h@VPHPLNLJJPBLBPF\PjB~@`Ah@	Click to Generate
S25	20	1			3	St Lawrence Church (S25)	Tinsley Meadows Primary School (S25)	Madani Education Centre (S25)	2011	1508	kz~dI~noG[^Jp@F\p@s@p@m@FG~@y@I[Sq@GWIYCISq@IQAEEGCEKIOC@_@?SBODMr@}ADGFEHAH?NJLFHBFAFdABHDBB@CAECCIGeAG@ICMGOKI?I@GDEFs@|AEL?BCJ?RA^NBJHBDDF@DHPRp@BHHXFVRp@HZ_Ax@GFq@l@q@r@UVg@j@WZ[f@u@hAm@`AINmAvDELQ`@]h@U\OX]r@EIa@s@e@gA]eA[_AtAmBq@qBM@KDCDOa@??N`@BEJELAp@pBuAlBBHVt@\dAd@fA`@r@DH\s@NYT]\i@Pa@DMlAwDHOl@aAt@iAZg@V[f@k@TWG]Kq@Z_@	Click to Generate
S25	30	1			3	Kelford School (S25)	Dave's Fish Bar (S25)	Meadow View Primary School (S25)	2617	1963	edbeIvkoGQMc@]CAy@m@mE}CEIAI?E?Uf@}CtB}Mj@j@r@v@\^Z\FHTTHHGNEDIBGAEIEHK\_@vAAH?JDVDNB@@B@D?@@BAD?DCBA@C@CACCAC?EAE@E@CBC@AB?EOEW?K@I^wAJ]DIAI?KFWGI[]]_@s@w@k@k@uB|Mg@|C?T?D@HDHlE|Co@`DERYvAMd@Od@Ul@u@tBCHw@rBg@rAKVm@u@[]SOSMe@QKEo@SUISMQO]c@GIc@k@i@u@s@}@^oARm@??Sl@_@nAr@|@h@t@b@j@FH\b@PNRLTHn@RJDd@PRLRNZ\l@t@r@kBv@sBBIt@uBTm@Ne@Le@XwADSn@aDx@l@B@b@\PL	Click to Generate
S25	20	1			3	The Colin (S25)	Zena (S25)	The Salvation Army - Rotherham (S25)	1875	1406	gfdeIrxoGBE?Q?SCOEQIMAKCOAM?OBM@MXgCvB`C|A|AFFHDHALGLMz@{AJLFBHDF@PDVDh@H`@DD@\Dd@DdAFH?D@HFDHDLd@lBDLC@@J?NCPIf@IXIXERADAFGTGGEEAK?QDIHE??H?FBERADAFGTELNXEJMd@Kj@??Jk@Le@DKOYDMFU@G@EDSHY@]?QAQESZYBAPOJKLQPSNUHM`@s@d@s@Ze@X[HVLZDHb@j@c@k@EIM[IWYZOTKNe@r@a@r@ILOTQRMPKJQNEMe@mBEMEIIGEAI?eAGe@E]EEAa@Ei@IWEQEGAIEGCKM{@zAMLMFI@IEGG}A}AwBaCYfCALCL?N@LBN@JHLDPBN?R?PCD	Click to Generate
S25	45	1			3	Cohens Chemist (S25)	Tinsley Sports and Social Club (S25)	Tinsley Meadows Primary School (S25)	3040	2280	{x~dIzcoGCJ?RA^NBJHBDDF@DHPRp@BHHXFVRp@HZ_Ax@GFq@l@q@r@G]Kq@G_@Oy@Ie@v@u@`ByARp@BHHXFVRp@HZbC{BRQd@e@X]T]N]Pc@DQFWF_@@Ib@qDLeAPyAX}BBOD_@D]Ju@MAIAG@}A|@OFM???L?NG|A}@FAH@L@Kt@E\E^CNY|BQxAMdAc@pDAHG^GVEPQb@O\U\Y\e@d@SPcCzB_Ax@GFq@l@q@r@UVg@j@WZ[f@u@hAm@`AINmAvDELQ`@]h@U\OX]r@EIa@s@e@gA]eA[_AtAmBq@qBM@KDCDOa@??N`@BEJELAp@pBuAlBZ~@\dAd@fA`@r@DH\s@NYT]\i@Pa@DMlAwDHOl@aAt@iAZg@V[f@k@TWp@s@p@m@FG~@y@I[Sq@GWIYCISq@IQAEEGCEKIOC@_@?SBK	Click to Generate
S25	20	1			3	The Salvation Army - Rotherham (S25)	Bake N Butty (S25)	The Manor Barn (S25)	1779	1334	qhceI~hoGQTOJFP|@vCMTQRSVYZ[d@e@r@a@r@ILOTQRMPKJQNC@@J?NCPIf@IX@]?QAQESZYBAPOJKLQPSNUHM`@s@d@s@JONUX[RWPSLUHMj@cABKBOPLLLLNf@j@RVDFj@r@j@t@JN^oARm@Sl@_@nAKOk@u@k@s@EGSWu@{@MMQM?MAOCWGu@K}@EWKi@GS]sAKi@G]GYGm@Gm@Ci@Ae@@c@@O@UHg@Hc@Rs@NTR\p@~AJPLLXXaBjDMRGHYTJh@\rAFRJh@DVJ|@Ft@BV@N?LCNCJk@bAIL}@wCGQNKPU	Click to Generate
S25	15	1			3	Wincobank Post Office (S25)	Savemore (S25)	Eastwoods (S25)	1426	1070	ix`eInatGNjAbBu@g@oEe@mEMD_A\E@QHm@V}@ZwB`A]HI@OAU?a@?YDQHYTRdAXvAXrABPPt@fCDHBHBdAdBFJLN`@l@d@j@VV^^^\^`@VVPLNnAJn@VtAFTFN@DbAa@BEBE@E?Kw@eHeBv@w@oHSgBOkA	Click to Generate
S25	60	1			3	Morris (S25)	Abbey School (S25)	Crow Girl (S25)	8505	6379	yideIrjqG??QJk@NUDMBa@FQHON]f@CB[l@Kf@Oz@Ev@MlC?R?f@GtApCXh@J??vCx@FBnCr@VLnGvHzCjDLJj@d@PLb@VjCjALFFBx@Z~@h@`DzBvDbCvBvAr@f@d@d@f@b@BDRTV\Pu@H]P{@J[L_@f@yAZy@Rm@JYF_@Da@Da@NuAJmAJcAJkANyAHy@Dk@@EB[@W@[AkAA_BAi@Ee@G]CKQWm@{@GKGUG[UcBG]Ku@AIAGCUAO?S@ODQFOHKFGRWt@y@^c@RYR_@R_@To@FSDSFUDWHk@BKFq@Bc@Be@?a@?W?SAMCa@AQC]Im@Ik@Mo@Oi@Oi@Og@Qa@Q_@Wi@[i@MSCCQYWYIKc@c@g@a@OI}@g@}@i@KKKOEGIUI[CWAc@?S@WDa@Fg@Fa@UISMQO]c@GIc@k@i@u@s@}@KOk@u@k@s@EGSWu@{@MMQMCNCJk@bAILMTQRSVYZ[d@e@r@a@r@ILOTQRMPKJQNC@@J?NCPIf@IXIXERADAFGTELNXDNDVTxAf@|Cz@tFTzAFd@^jBJnA@x@GtAEZG`@GTWlBYdAo@bAcAr@g@FgBLa@FINCR?VAl@??@m@?WBSHO`@GfBMf@GbAs@n@cAXeAVmBFUFa@D[FuAAy@KoA_@kBGe@U{A{@uFg@}CUyAEWEOOYDMFU@G@EDSHY@]?QAQESZYBAPOJKLQPSNUHM`@s@d@s@Ze@X[RWPSLUHMj@cABKBOPLLLt@z@RVDFj@r@j@t@JNr@|@h@t@b@j@FH\b@PNRLTHG`@Gf@E`@AV?R@b@BVHZHTDFJNJJ|@h@|@f@NHf@`@b@b@HJVXPXBBLRZh@Vh@P^P`@Nf@Nh@Nh@Ln@Hj@Hl@B\@PB`@@L?R?V?`@Cd@Cb@Gp@CJIj@EVGTERGRUn@S^S^SX_@b@u@x@SVGFIJGNEPAN?R@NBT@F@HJt@F\TbBFZFTFJl@z@PVBJF\Dd@@h@@~A@jAAZAVCZADEj@Ix@OxAKjAKbAKlAOtAE`@E`@G^KXSl@[x@g@xAM^KZQz@I\Qt@W]SUCEg@c@e@e@s@g@wBwAwDcCaD{B_Ai@y@[GCMGkCkAc@WQMk@e@MK{CkD_DuDoBaCWMoCs@GCwCy@i@KqCYFuA?g@?SLmCDw@N{@Jg@Zm@BC\g@NOPI`@GLCTEj@OPK??	Click to Generate
S25	60	1			3	H.Samuel (S25)	Jump Inc (S25)	SYPTE (S25)	5179	3884	im_eInhrGALp@fBT]T[T]T[V]T]CGQc@Qc@Qe@Qe@Qc@Qc@Qg@BUpBwCBK@A@O@MCYKOIOKMOSOOMM_@YGCMGQIGAYCWEWAO?G@E@c@FMDQHEBGBMHSNSNWTEDa@ZUR]b@Q^Wf@Qf@Of@EXGVKt@AJ@N@LDJ?@HLnBRFBBD@D?D?D?B?RAFE@QAwAOCBAF?F?DBFR@ZDZBZDP@B@@B@JMzEAZt@pB??SZ}@_C@m@NkF[E[C[ESACG?E?G@GBCvANFCBE?I?GACCCC?eBSKAGCGKIMGQAW@O@OHi@F]?E@EDQLi@DMLYJU@EHORc@PWRULMHKNMNO^YROZQFELGTGREVGDAFAH?P?`@@P@D@VDXFHDJF\TLJLNLPNPVd@NZNZVh@f@nAJRJL@BDBDFNHNDF@DBHEH?D?JEHGJINUBU?G?KEc@?IA]CGe@oAINMN}@cC\~@^bALOHOd@nABFNRJJBDB@B@F@D?JCr@aA`@g@DKPQ@IDQDKFIFGDAFAD?D@HBFFFHDLBJBJ?L?L?LCJCJEJEHGFEBGBI?GAOB_@J_@NUNURY\GJIHABSXGRITEJAHBZ@VCLCNEJGHGHGBIBIAGAIEEEEGCGEIAICKAYM_@So@EKcAyBQ_@GMSg@KOIOKMOSOOMM_@YGCMGQIGAYCWEWAO?G@E@c@FMDQHEBGBMHSNSNWTEDa@ZUR]b@Q^Wf@Qf@Of@EXGVKt@AJG~@C`A?JAvG?LAt@@P?J?^ATABEVo@~@GJKRILKNEPADEJBHFDXd@V`@FJ?\@P?X\l@HLNVNXXm@^y@gAsBuAkAGEUQk@g@GEOKO[EGCICICGA[?S?I@I@KDSXUDEVOlAi@T[@ABMDU@{@?uC@c@@g@@SBg@@O@OHi@F]?E@EDQLi@DMLYJU@EHORc@PWRULMHKNMNO^YROZQFELGTGREVGDAFAH?P?`@@P@D@VDXFHDJF\TLJLNLPNPVd@NZNZENCLGFKPEFSZ}A|BK@a@M?h@Ap@EbAC|@CbAAp@	Click to Generate
S25	45	1			3	Freddy (S25)	Crow Girl (S25)	Yazier (S25)	3416	2562	_xceIvnrGxAbBLJj@d@PLb@VjCjALFFBx@Z~@h@`DzBvDbCvBvAr@f@d@d@f@b@[bBAJKv@Kz@E~@Al@Aj@?l@IEECIQCSDYFGBALE@m@D_AJ{@Jw@@KZcBg@c@e@e@s@g@wBwAwDcCaD{B_Ai@y@[GCMGkCkAc@WMKCAk@e@MK{CkD_DuDoBaCWMoCs@A~@?f@FVbBdBf@fAj@r@J`@@f@CHEL@h@t@pBhBpDr@`B^l@b@dAxAv@n@f@rApA`AHfAl@Zp@@jAFYDIHIL@JH|@bAx@xAv@|BJFFWKcCO{@[qA[eAYiASw@c@y@Qw@SqA??Ky@Mg@I]C]@g@GCMGkCkAc@WQMk@e@MKyAcB	Click to Generate
S25	60	1			3	Phase Eight (S25)	SYPTE (S25)	Jump Inc (S25)	5179	3884	_u_eIlqrG??SZ}@_C@m@NkF[E[C[ESACG?E?G@GBCvANFCBE?I?GACCCC?eBSKAGCGKIMGQAW@O@OHi@F]?E@EDQLi@DMLYJU@EHORc@PWRULMHKNMNO^YROZQFELGTGREVGDAFAH?P?`@@P@D@VDXFHDJF\TLJLNLPNPVd@NZNZENCLGFKPEFSZ}A|BK@a@M?h@Ap@EbAC|@CbAAf@AVp@fBT]T[T]T[V]T]CGQc@Qc@Qe@Qe@Qc@Qc@Qg@BUpBwCBK@A@O@MCYKOIOKMOSOOMM_@YGCMGQIGAYCWEWAO?G@E@c@FMDQHEBGBMHSNSNWTEDa@ZUR]b@Q^Wf@Qf@Of@EXGVKt@AJG~@C`A?JAvG?LAt@@P?J?^ATABEVo@~@GJKRILKNEPADEJBHFDXd@V`@FJ?\@P?X\l@HLNVNXXm@^y@gAsBuAkAGEUQk@g@GEOKO[EGCICICGA[?S?I@I@KDSXUDEVOlAi@T[@ABMDU@{@?uC@c@@g@@SBg@@O@OHi@F]?E@EDQLi@DMLYJU@EHORc@PWRULMHKNMNO^YROZQFELGTGREVGDAFAH?P?`@@P@D@VDXFHDJF\TLJLNLPNPVd@NZNZVh@f@nAJRJL@BDBDFNHNDF@DBHEH?D?JEHGJINUBU?G?KEc@?IA]CGe@oAINMN}@cC\~@^bALOHOd@nABFNRJJBDB@B@F@D?JCr@aA`@g@DKPQ@IDQDKFIFGDAFAD?D@HBFFFHDLBJBJ?L?L?LCJCJEJEHGFEBGBI?GAOB_@J_@NUNURY\GJIHABSXGRITEJAHBZ@VCLCNEJGHGHGBIBIAGAIEEEEGCGEIAICKAYM_@So@EKcAyBQ_@GMSg@KOIOKMOSOOMM_@YGCMGQIGAYCWEWAO?G@E@c@FMDQHEBGBMHSNSNWTEDa@ZUR]b@Q^Wf@Qf@Of@EXGVKt@AJ@N@LDJ?@HLnBRFBBD@D?D?D?B?RAFE@QAwAOCBAF?F?DBFR@ZDZBZDP@B@@B@JMzEAZt@pB	Click to Generate
S25	45	1			3	Mint Nail (S25)	Flannels (S25)	The Cruise Holiday Shop (S25)	3403	2552	{y_eIj_sG^y@gAsBuAkAGEUQk@g@GEOKO[EGCICICGA[?S?I@I@KDSXUDEVOlAi@T[@ABMDU@{@?uCJe@@QDOHGFEHAH@nBRFBBD@D?D?D?B?RAFE@QAwAOCBAF?F?DBFR@ZDZBZDP@B@@B@JMzEAZt@pB??SZ}@_C@m@NkFP@B@@B@JEzAG~B[C[C[E[CQCLkFCG?E?G@GBCvANFCBE?I?GACCCC?eBSKAGCGKIMGQAW@O@OHi@F]?E@EDQLi@DMLYJU@EHORc@PWRULMHKNMNO^YROZQFELGTGREVGDAFAH?P?`@@P@D@VDXFHDJF\TLJLNLPNPVd@NZNZENCLGFKPEFSZ}A|BK@a@M?h@Ap@EbAC|@CbAC~@p@fB??T]T[T]T[V]T]CGQc@Qc@Qe@Qe@Qc@Qc@Qg@BUpBwCBK@A@O@MCYKOIOKMOSOOMM_@YGCMGQIGAYCWEWAO?G@E@c@FMDQHEBGBMHSNSNWTEDa@ZUR]b@Q^Wf@Qf@Of@EXGVKt@AJG~@C`A?JAvG?LAt@@P?J?^ATABEVo@~@GJKRILKNEPADEJBHFDXd@V`@FJ?\@P?X\l@HLNVNXXm@	Click to Generate
S25	15	1			3	Zena (S25)	The Salvation Army - Rotherham (S25)	Winterhill School (S25)	1060	795	mqceId~oG??H?FBERADAFGTELNXEJMd@Kj@??Jk@Le@DKOYDMFU@G@EDSHY@]?QAQESZYBAPOJKLQPSNUHM`@s@d@s@Ze@X[HVLZDHb@j@c@k@EIM[IWYZOTKNe@r@a@r@ILOTQRMPKJQNC@@J?NCPIf@IXIXERADAFGTELNXDNDVTxAf@|CDCHEBCBA`@WPK??QJa@VC@CBIDEBg@}CUyAEWEOOYDMGGEEAK?QDIHE	Click to Generate
S25	45	1			3	Baytree Interiors (S25)	Eurochange (S25)	SYPTE (S25)	3374	2530	yk_eIdlrG??T]T[uAqDCbA?TCh@p@fBT]T[T]T[V]T]CGQc@Qc@Qe@Qe@Qc@Qc@Qg@BUpBwCBK@A@O@MCYKOIOKMOSOOMM_@YGCMGQIGAYCWEWAO?G@E@c@FMDQHEBGBMHSNSNWTEDa@ZUR]b@Q^Wf@Qf@Of@EXGVKt@AJ@N@LDJ?@HLnBRFBBD@D?D?D?B?RAFE@QAwAOCBAF?F?DBFR@ZDZBZDP@B@@B@JMzEAZt@pB??SZ}@_C@m@NkF[E[C[ESACG?E?G@GBCvANFCBE?I?GACCCC?eBSIDA@EDGNEP?JAvG?LAt@@P?J?^ATABEVo@~@GJKRILKNEPADEJBHFDXd@V`@FJ?\@P?X\l@HLNVNXXm@^y@gAsBuAkAGEUQk@g@GEOKO[EGCICICGA[?S?I@I@KDSXUDEVOlAi@T[@ABMDU@{@?uC@c@@g@@SBg@@O@OHi@F]?E@EDQLi@DMLYJU@EHORc@PWRULMHKNMNO^YROZQFELGTGREVGDAFAH?P?`@@P@D@VDXFHDJF\TLJLNLPNPVd@NZNZENCLGFKPEFSZ}A|BK@a@M?h@Ap@EbAC|@CbAC~@p@fB	Click to Generate
S25	60	1			3	Brutus (S25)	Two Dinners Ignatiu (S25)	Dave's Fish Bar (S25)	4878	3658	aobeIpuqG[PG]Ku@AIAGCUAO?S@ODQFOHKFGRWt@y@^c@RYR_@R_@To@FSDSFUDWHk@BKFq@Bc@Be@?a@?W?SAMCa@AQC]Im@Ik@Mo@Oi@Oi@Og@Qa@Q_@Wi@[i@MSCCQYWYIKc@c@g@a@OI}@g@}@i@KKKOEGIUI[CWAc@?S@WDa@Fg@Fa@UISMQO]c@GIc@k@i@u@s@}@KOk@u@k@s@EGSWu@{@MMQMCNCJk@bAILMTQRSVYZ[d@e@r@a@r@ILOTQRMPKJQNC@@J?NCPIf@IXIXERADAFGTELNXDNDVTxAf@|Cz@tFTzAFd@^jBJnA@x@GtAEZC`A?zAMpDADGTkCpB??ODQCg@YYCw@Eq@@?WBSHO`@GfBMf@GbAs@n@cAXeAVmBFUFa@D[FuAAy@KoA_@kBGe@U{A{@uFg@}CUyAEWEOOYDMFU@G@EDSHY@]?QAQESZYBAPOJKLQPSNUHM`@s@d@s@Ze@X[RWPSLUHMj@cABKBOPLLLt@z@RVDFj@r@j@t@JNr@|@h@t@b@j@FH\b@PNRLTHn@RJDd@PRLRNZ\l@t@r@kB`DlDaDmDg@rAKVm@u@[]SOSMe@QKEo@SG`@Gf@E`@AV?R@b@BVHZHTDFJNJJ|@h@|@f@NHf@`@b@b@HJVXPXBBLRZh@Vh@P^P`@Nf@Nh@Nh@Ln@Hj@Hl@B\@PB`@@L?R?V?`@Cd@Cb@Gp@CJIj@EVGTERGRUn@S^S^SX_@b@u@x@SVGFIJGNEPAN?R@NBT@F@HJt@F\ZQ	Click to Generate
S25	30	1			3	Kimberworth Library (S25)	Kimberworth Community Primary School (S25)	The Salvation Army - Rotherham (S25)	2109	1582	oiceIfwnGANAb@@d@Bh@Fl@Fl@FXF\XU@CDELS`BkDYYMMKQq@_BS]OUN_@DMNc@Vi@HQHSDSBM@QHk@t@t@NLF@FCDGXmBN}@BKBEF@TLTN\T@FO~@Mz@GDG?IEEEAE?G^eCD[@E@SAKKMUCQE]SKEC?G?ICc@YCPO`AK~@MlACRIj@APCLERIRIPWh@Ob@ELO^Sr@Ib@If@Cd@Ab@@d@Bh@Fl@Fl@FXF\Jh@\rAFRJh@DVJ|@Ft@BV@N?LCNCJk@bAILMTQRSVYZ[d@e@r@a@r@ILOTQRMPKJQNC@@J?NCPIf@IX@]?QAQESZYBAPOJKLQPSNUHM`@s@d@s@JONUX[RWPSLUHMj@cABKBO?MAOCWGu@K}@EWKi@GS]sAKi@G]GYGm@Gm@Ci@Ae@@c@@O	Click to Generate
S25	15	1			3	St Thomas (S25)	Bake N Butty (S25)	The Colin (S25)	1224	918	kjceI~roGNUX[RWPSLU}@wCGQNKV[EDQTOJFP|@vCHMj@cABKBOPLLLLNf@j@RVDFj@r@j@t@JN^oARm@Sl@_@nAKOk@u@k@s@EGSWu@{@MMQMCNCJk@bAILMTQRSVYZ[d@e@r@a@r@ILOTQRMPKJQNC@@J?NCPIf@IXIXERADAFGTGGEEAK?QDIHE??H?FBHY@]?QAQESZYBAPOJKLQPSNUHM`@s@d@s@JO	Click to Generate
S25	20	1			3	The Manor Barn (S25)	Bake N Butty (S25)	The Salvation Army - Rotherham (S25)	1712	1284	oiceI~coGDBfAj@PJKi@GS]sAKi@G]GYGm@Gm@Ci@Ae@@c@@O@UHg@Hc@Rs@NTR\p@~AJPLLXXaBjDMRGHYTJh@\rAFRJh@DVJ|@Ft@BV@N?LPLLLLNf@j@RVDFj@r@j@t@JN^oARm@Sl@_@nAKOk@u@k@s@EGSWu@{@MMQMCNCJk@bAILMTQRSVYZ[d@e@r@a@r@ILOTQRMPKJQNC@@J?NCPIf@IX@]?QAQESZYBAPOJKLQPSNUHM`@s@d@s@JONUX[RWPSLUHMj@cABKBO?MAOCWGu@K}@EWQKgAk@EC	Click to Generate
S25	30	1			3	Masjid Abu Bakr (S25)	Tinsley Meadows Primary School (S25)	Tinsley Sports and Social Club (S25)	2698	2024	cw~dIvkoG\YRp@HZ_Ax@GFq@l@q@r@UVZlBJEHEPQd@c@w@t@IDKD[mBg@j@WZ[f@u@hAm@`AINmAvDELQ`@]h@U\OX]r@EIa@s@e@gA]eA[_AtAmBq@qBM@KDCDOa@??N`@BEJELAp@pBuAlBZ~@\dAd@fA`@r@DH\s@NYT]\i@Pa@DMlAwDHOl@aAt@iAZg@V[f@k@TWp@s@p@m@FG~@y@bC{BRQd@e@X]T]N]Pc@DQFWF_@@Ib@qDLeAPyAX}BBOD_@D]Ju@MAIAG@}A|@OFM???L?NG|A}@FAH@L@Kt@E\E^CNY|BQxAMdAc@pDAHG^GVEPQb@O\U\Y\e@d@SPcCzBI[Sq@]X	Click to Generate
S25	30	1			3	Madani Education Centre (S25)	Cooling Tower in Nature's Fabric (S25)	Hanfia Masjid (S25)	2579	1934	ml_eIpwoGN`@BEJELAp@pBuAlBBHVt@\dAqEjGmBaCtFyHkAgDcCaHYkEQFKeB@Q`AYLMHQDUJk@HMDEK_@Q_C?SDGpAm@vAk@\CT@CvCA^INqDlAC@EDILKj@ETIPMLaAXAB?LJdBoFbBiFvASHIBEBBXN~@Nv@BLFPFPTv@f@bBNr@Tn@\bADJXr@Th@z@nBHRNUjAgBJOnA_B|AuB`ByBjAfDNh@tAmBq@qBM@KDCDOa@	Click to Generate
S25	45	1			3	Tinsley Meadows Primary School (S25)	Tinsley Sports and Social Club (S25)	Madani Education Centre (S25)	4026	3020	oy~dIjioG~@{@Rp@BHHXFVRp@HZ_Ax@GFq@l@q@r@UVg@j@WZ[f@u@hAm@`AINmAvDELQ`@]h@U\OX]r@EIa@s@e@gA]eA[_AtAmBq@qBM@KDCDOa@??N`@BEJELAp@pBuAlBZ~@\dAd@fA`@r@DH\s@NYT]\i@Pa@DMlAwDHOl@aAt@iAZg@V[f@k@TWp@s@p@m@FG~@y@bC{BRQd@e@X]T]N]Pc@DQFWF_@@Ib@qDLeAPyAX}BBOD_@D]Ju@MAIAG@}A|@OFM???L?NG|A}@FAH@L@Kt@E\E^CNY|BQxAMdAc@pDAHG^GVEPQb@O\U\Y\e@d@SPcCzB_Ax@GFq@l@q@r@UVg@j@WZ[f@u@hAm@`AINmAvDELQ`@]h@U\OX]r@EIa@s@e@gAqEjGmBaCtFyHNh@BHVt@\dAd@fA`@r@DH\s@NYT]\i@Pa@DMlAwDHOl@aAt@iAZg@V[f@k@TWG]Kq@G_@Oy@Ie@xAsA	Click to Generate
S25	45	1			3	St Lawrence Church (S25)	Cohens Chemist (S25)	Sheffield Hallam University Sports Park (S25)	3161	2371	am~dItpnGL?NG|A}@FAH@L@Kt@E\E^CNY|BQxAMdAc@pDAHG^GVEPQb@O\U\Y\e@d@SPcCzBI[Sq@GWIYCISq@IQAEEGCEKIOC@_@?SBODMr@}ADGFEHAH?NJLFHBFAFdABHDBB@CAECCIGeAG@ICMGOKI?I@GDEFs@|AEL?BCJ?RA^NBJHBDDF@DHPRp@BHHXFVRp@HZ_Ax@GFq@l@q@r@G]Kq@G_@Oy@Ie@v@u@`ByARp@BHHXFVRp@HZbC{BRQd@e@X]T]N]Pc@DQFWF_@@Ib@qDLeAPyAX}BBOD_@D]Ju@Fy@DeALiEFsANaBHq@R_BX}ARgAD]PkAJgA@K\NXN\RB@Jb@h@rCr@rBDRFRBT@XvA`Dk@qAk@oAAYCUGSESs@sBi@sCKc@CA]SYO]OAJKfAQjAE\SfAY|AS~AIp@O`BGrAMhEEdAGx@MAIAG@}A|@OFM?	Click to Generate
S25	60	1			3	Brutus (S25)	Freddy (S25)	Abbey School (S25)	5607	4205	gpceIfpqG??jCqBFU@ELqD?{ABaAD[FuAAy@KoA_@kBGe@U{A{@uFg@}CUyAEWEOOYDMFU@G@EDSHY@]?QAQESZYBAPOJKLQPSNUHM`@s@d@s@Ze@X[RWPSLUHMj@cABKBOPLLLt@z@RVDFj@r@j@t@JNr@|@h@t@b@j@FH\b@PNRLTHG`@Gf@E`@AV?R@b@BVHZHTDFJNJJ|@h@|@f@NHf@`@b@b@HJVXPXBBLRZh@Vh@P^P`@Nf@Nh@Nh@Ln@Hj@Hl@B\@PB`@@L?R?V?`@Cd@Cb@Gp@CJIj@EVGTERGRUn@S^S^SX_@b@u@x@SVGFIJGNEPAN?R@NBT@F@HJt@F\TbBFZFTFJl@z@PVBJF\Dd@@h@@~A@jAAZAVCZADEj@Ix@OxAKjAKbAKlAOtAE`@E`@G^KXSl@[x@g@xAM^KZQz@I\Qt@W]SUCEg@c@e@e@s@g@wBwAwDcCaD{B_Ai@y@[GCMGkCkAc@WMKCAk@e@MK{CkDoGwHWMoCs@GCwCy@i@KqCYFuA?g@?SLmCDw@N{@Jg@Zm@BC\g@NOPI`@GLCTEj@OPKLQp@iBRs@j@yAhAgCdAaCdAyBhByBhAyAr@gANi@PwAJi@Le@JYHSPUb@_@RQFKJMHULa@NXDNDVTxAf@|Cz@tFTzAFd@^jBJnA@x@GtAEZG`@GTWlBYdAo@bAcAr@g@FgBLa@FINCR?VAl@??@m@p@Av@DXBf@XPBNE	Click to Generate
S25	30	1			3	Muscle Fusion (S25)	Shirefreen News 'n' Booze (S25)	Beck Primary School (S25)	2953	2215	}}ceIx{wGNH@H@NDLHDBSLu@H}@Fg@Bi@B]g@iACEu@u@SW??OWUg@KUIOYm@aAcBh@oB\cATi@Vi@^q@x@_BdAwBR\v@~Ae@Td@Uw@_BS]eAvBy@~A_@p@Wh@Uh@]bAi@nB`AbBXl@HNJTTf@NVRVt@t@BDf@hAC\Ch@Gf@I|@Mt@DH@F@JBf@Hd@H`@DNFNb@l@x@jASfAUxAOrAKfAOjBGdAEtACl@ClAZ@??[A?JCjA?zB@dB@b@?h@Bp@[n@FFFHJB^B|@@`@Gd@K~@W?J?JANG\NvA??OwAF]@O?K?K_AVe@Ja@F}@A_@CKCGIGGQ^Qb@K`@Ib@Kf@Ed@AXCXCACCEECIE]G}@AWEo@UgDOcDCUCIIIHyBJsCDmABi@Bw@LsCBq@Bq@JsAJmAL}@Lu@Hm@DWd@iCIEEMAOAIOI	Click to Generate
S25	60	1			3	AllSaints (S25)	Jump Inc (S25)	SYPTE (S25)	5179	3884	gm_eIpgrGCj@p@fBT]T[T]T[V]T]CGQc@Qc@Qe@Qe@Qc@Qc@Qg@BUpBwCBK@A@O@MCYKOIOKMOSOOMM_@YGCMGQIGAYCWEWAO?G@E@c@FMDQHEBGBMHSNSNWTEDa@ZUR]b@Q^Wf@Qf@Of@EXGVKt@AJ@N@LDJ?@HLnBRFBBD@D?D?D?B?RAFE@QAwAOCBAF?F?DBFR@ZDZBZDP@B@@B@JMzEAZt@pB??SZ}@_C@m@NkF[E[C[ESACG?E?G@GBCvANFCBE?I?GACCCC?eBSKAGCGKIMGQAW@O@OHi@F]?E@EDQLi@DMLYJU@EHORc@PWRULMHKNMNO^YROZQFELGTGREVGDAFAH?P?`@@P@D@VDXFHDJF\TLJLNLPNPVd@NZNZVh@f@nAJRJL@BDBDFNHNDF@DBHEH?D?JEHGJINUBU?G?KEc@?IA]CGe@oAINMN}@cC\~@^bALOHOd@nABFNRJJBDB@B@F@D?JCr@aA`@g@DKPQ@IDQDKFIFGDAFAD?D@HBFFFHDLBJBJ?L?L?LCJCJEJEHGFEBGBI?GAOB_@J_@NUNURY\GJIHABSXGRITEJAHBZ@VCLCNEJGHGHGBIBIAGAIEEEEGCGEIAICKAYM_@So@EKcAyBQ_@GMSg@KOIOKMOSOOMM_@YGCMGQIGAYCWEWAO?G@E@c@FMDQHEBGBMHSNSNWTEDa@ZUR]b@Q^Wf@Qf@Of@EXGVKt@AJG~@C`A?JAvG?LAt@@P?J?^ATABEVo@~@GJKRILKNEPADEJBHFDXd@V`@FJ?\@P?X\l@HLNVNXXm@^y@gAsBuAkAGEUQk@g@GEOKO[EGCICICGA[?S?I@I@KDSXUDEVOlAi@T[@ABMDU@{@?uC@c@@g@@SBg@@O@OHi@F]?E@EDQLi@DMLYJU@EHORc@PWRULMHKNMNO^YROZQFELGTGREVGDAFAH?P?`@@P@D@VDXFHDJF\TLJLNLPNPVd@NZNZENCLGFKPEFSZ}A|BK@a@M?h@Ap@EbAC|@CbA?R	Click to Generate
S25	20	1			3	St Thomas Church Wincobank (S25)	Wincobank Post Office (S25)	Eastwoods (S25)	1593	1195	gdaeI|`tGzBDDHZvCdAdBFJLN`@l@d@j@VV^^^\^`@VVPLIk@w@oHSgBOkA_@eDO{AOuAPIDA~@]LEd@lEf@nElAtKv@dH?JADCDCDcA`@AEGOGUWuAKo@OoAQMWW_@a@_@]_@_@WWe@k@a@m@MOGKeAeB[wCEI{BE	Click to Generate
S25	20	1			3	St Thomas Church Wincobank (S25)	Wincobank Fish Bar (S25)	Eastwoods (S25)	1673	1255	wy`eIlvsGDA~@]LEd@lEf@nEcBt@OkA_@eDO{AOuAm@V}@ZwB`A]HI@OAU?a@?YDQHYTRdAXvAl@@zBDDHZvCdAdBFJLN`@l@d@j@VV^^^\^`@VVPLNnAJn@VtAFTFN@DbAa@BEBE@E?Kw@eHeBv@w@oHSgBo@qFO{AOuAPI	Click to Generate
S25	20	1			3	Zena (S25)	St Thomas (S25)	Winterhill School (S25)	1592	1194	aoceIruoGKg@KS]_@EACDK^CLGVHFDHDLd@lBDLC@@J?NCPIf@IXIXERADAFGTELNXEJMd@Kj@??Jk@Le@DKOYDMFU@G@EDSHY@]?QAQESZYBAPOJKLQPSNUHM`@s@d@s@Ze@X[RWPSLU}@wCGQNKV[EDQTOJFP|@vCMTQRSVYZ[d@e@r@a@r@ILOTQRMPKJQNC@@J?NCPIf@IXIXERADAFGTELNXDNDVTxAf@|CDCHEBCBA`@WPK??QJa@VC@CBIDEBg@}CUyAEWEOOYDMFU@G@EDSHY@]?QAQESZYBAEMe@mBEMEIIGFWBMJ_@BED@\^JRJf@	Click to Generate
S25	10	1			3	Zena (S25)	The Colin (S25)	The Salvation Army - Rotherham (S25)	982	736	mlceIthpGQJa@VC@CBIDEBg@}CUyAEWEOEJMd@Kj@??Jk@Le@DKOYDMGGEEAK?QDIHE??H?FBHY@]?QAQESZYBAPOJKLQPSNUHM`@s@d@s@Ze@X[HVLZDHb@j@c@k@EIM[IWYZOTKNe@r@a@r@ILOTQRMPKJQNC@@J?NCPIf@IXIXERADAFGTELNXDNDVTxAf@|CDCHEBCBA`@WPK	Click to Generate
S25	30	1			3	Hancock Cars (S25)	Shirefreen News 'n' Booze (S25)	Beck Primary School (S25)	2103	1577	i_deIppwGDHRVt@t@BDf@hAC\Ch@Gf@I|@Mt@CRIEEMAOAIMGGEOAI@EF_@xB^yBDGHAN@TL@H@NDLHDe@hCHCNEJAH?L?D?FCDNFNb@l@x@jASfAUxAOrAKfAOjBGdAEtACl@ClAZ@??[A?JCjA?zB@dB@b@?h@Bp@[n@FFFHJB^B|@@`@Gd@K~@W?J?JANG\NvA??OwAF]@O?K?K_AVe@Ja@F}@A_@CKCGIGGZo@Cq@?i@Ac@AeB?{BBkA?KBmABm@DuAFeANkBJgANsATyARgAy@kAc@m@GOEOIa@Ie@Cg@AKAGEILu@H}@Fg@Bi@B]g@iACEu@u@SWEI	Click to Generate
S25	60	1			3	Blackburn Minimarket (S25)	Blackburn Primary School (S25)	Shiregreen Medical Centre (S25)	8581	6436	kybeIzwuGjDcHtAiCvDcGxA{AxAeAhCwAbBy@nAo@pA_ArBoB~@iAh@cAnB}DxAoCd@y@rAuBLOX[Qw@UaAI]K[GOOa@GOKQGSCi@Ei@EYGUEMY\i@d@QLSJg@^eAf@aDzAuCpAqClAeAd@}BfAa@TCBi@^Om@w@oCOg@s@{B[cAYw@Yu@m@kAOWi@{@CCQUQUW]SUCE[bBAJKv@Kz@E~@Al@Aj@?l@Ar@?FCf@Cd@C`@Gr@Gj@Ih@Gb@En@Cn@?n@?NC~@AHARGVSb@IMOSEMAQJk@BUO`A@PDLNRHLRc@FW|@l@DMDSN_@j@eA??k@dAO^EREL}@m@@S@IB_A?O?o@Bo@Do@Fc@Hi@Fk@Fs@Ba@Be@Bg@?G@s@?m@@k@@m@D_AJ{@Jw@@KZcBBDRTV\PTPTBBh@z@NVl@jAXt@Xv@ZbAr@zBNf@v@nCNl@yC~BML}@jBaBvD{ApDy@jB}AbDmBlEa@bA}AzDoBnEUh@kCbGc@`AkBlEaBpDqAzC_BpD{AfDeAvBy@~A_@p@Wh@Uh@]bAi@nB`AbBXl@HNJTTf@NVRVt@t@BDf@hAC\Ch@Gf@I|@Mt@DH@F@JBf@Hd@H`@DNFNb@l@x@jAT^R^RVRNPHRHPBT?d@Cl@IpA_@@?bBi@XKXK`@ONGx@Ul@M\GLAd@E`@@XFPHvAn@rAp@h@VPHPLNLJJBm@@s@DsAFeA?IBo@VL@?zBfArFpCs@dGCV}A{@IECAaAi@kB_A]QQGMCQCKKOMQMQIi@WsAq@wAo@QIYGa@Ae@DM@]Fm@Ly@TOFa@NYJYJcBh@A?qA^m@He@BU?QCSIQISOSWS_@U_@y@kAc@m@GOEOIa@Ie@Cg@AKAGEILu@H}@Fg@Bi@B]@KDa@B_@Fc@@MLi@H_@Vw@^{@l@oAt@mAt@gA`CyC~@qAn@_Ar@iAjAwBj@uAbAcDx@kCr@kBz@gBhCeGj@kA	Click to Generate
S25	60	1			3	Freddy (S25)	Suzy (S25)	Two Dinners Ignatiu (S25)	4847	3635	mkceIp}rGKy@Mg@I]C]@g@GCMGkCkAc@WMKCAk@e@MKyAcBaAgAoGwHWMoCs@GCwCy@i@KqCYFuA?g@?SLmCDw@N{@Jg@Zm@BC\g@NOPI`@GLCTEj@OPKLQp@iBRs@j@yAhAgCdAaCdAyBhByBhAyAr@gANi@PwAJi@Le@JYHSPUb@_@RQFKJMHULa@NXDNDVTxAf@|Cz@tFTzAFd@^jBJnA@x@GtAEZC`A?zAMpDIZkCpB??ODQCg@YYCw@Eq@@?WBSHO`@GfBMf@GbAs@n@cAXeAVmBFUFa@D[FuAAy@KoA_@kBGe@U{A{@uFg@}CUyAEWEOOYM`@ITKLGJSPc@^QTIRKXMd@Kh@QvAOh@s@fAiAxAiBxBeAxBeA`CiAfCk@xASr@q@hBMPQJk@NUDMBa@FQHON]f@CB[l@Kf@Oz@Ev@MlC?R?f@GtApCXh@JvCx@FBnCr@VLnGvHzCjDLJj@d@PLb@VjCjALFFBAf@B\H\Lf@Jx@	Click to Generate
S25	45	1			3	American Golf (S25)	Madani Education Centre (S25)	Air Haus (S25)	4186	3140	uo_eIpxpGoAmB?EHs@VENBd@Fh@NN@VCDA\OVe@Ra@d@k@ZWNE^CP@R@ZR\ZVl@Jh@Ff@@H@fAAVC^@dAFl@Jh@Vd@X\CVK\EJIDG@[Hk@Xk@ZEY`@UQJOHDXj@[j@YZIFAHEDKJ]_@_@S]OYKISGSAU@_@b@WPWJ[BG?QEQGa@[SUOa@Mg@Go@Cg@Mi@KYKSYUi@Mc@GMKMMUIOIWSIISYKMa@k@Ye@a@y@EGa@{@m@mANUjAgBJOnA_B|AuB`ByBjAfDNh@BHVt@\dAd@fA`@r@DHI`@E\CV?V@H@RFRLZBFV\P@R@ZR\ZVl@Jh@Ff@@H@fAAVC^Ot@Un@c@h@_@b@Oh@EPCPAT?TBd@Lh@R^NTHFz@v@XXl@l@d@f@f@d@`@d@JLPPJLf@j@`@d@FFT\HBFFFHDLBJBJ?L?L?LCJCJEJEHGFEBGBI?GAOB_@J_@NUNURY\GJIHABSXGRITEJAHBZ@VCLCNEJGHGHGBIBIAGAIEEEEGCGEIAICKAY@O@QBMFMDKHGHEH?D?JEHGJINUBU?G?KEc@?IA]CGe@oAo@{AMYGKIGK?K@KJyAyD~@`CXv@JKJAJ?HFFJLXn@zAd@nABFNRJJBDB@B@F@D?JCr@aA`@g@DKPQ@IM}@GYM[GKQWQSUWaB_Bg@g@oAkA]]KMk@y@MSM]K]I[G[EMUk@a@[SUOa@Mg@Go@Cg@Mi@KYKSYUi@Mc@GMKMMIr@?DnAlB	Click to Generate
S25	15	1			3	The Colin (S25)	Winterhill School (S25)	The Salvation Army - Rotherham (S25)	1060	795	crceIfdpGJk@Le@DKOYDMGGEEAK?QDIHE??H?FBERADAFGTELNXDNDVTxAf@|CDCHEBCBA`@WPK??QJa@VC@CBIDEBg@}CUyAEWEOOYDMFU@G@EDSHY@]?QAQESZYBAPOJKLQPSNUHM`@s@d@s@Ze@X[HVLZDHb@j@c@k@EIM[IWYZOTKNe@r@a@r@ILOTQRMPKJQNC@@J?NCPIf@IXIXERADAFGTELNXEJMd@Kj@	Click to Generate
S25	45	1			3	Two Dinners Ignatiu (S25)	Stan (S25)	Brutus (S25)	3133	2350	wvceItpqG@m@p@Av@DXBf@XPBNE??jCqBH[LqD?{ABaAD[FuAAy@KoA_@kBGe@U{A{@uFg@}CUyAEWEOOYM`@ITKLGJSPc@^QTIRKXMd@Kh@QvAOh@s@fAiAxAiBxBeAxBeA`CiAfCk@xASr@q@hBMP??QJk@NUDMBa@FQHKi@GSMKOGiCc@KOCM?WFW~@qBRVpH~ARHRs@j@yAhAgCdAaCdAyBhByBhAyAr@gANi@PwAJi@Le@JYHSPUb@_@RQFKJMHULa@NXDNDVTxAf@|Cz@tFTzAFd@^jBJnA@x@GtAEZC`A?zAMpDADGTkCpBODQCg@YYCw@Eq@@Al@	Click to Generate
S25	45	1			3	Shirefreen News 'n' Booze (S25)	Beck Primary School (S25)	Shiregreen Medical Centre (S25)	3382	2536	{}ceIjvwG`@sABGf@hAC\Ch@Gf@I|@Mt@DH@F@JBf@Hd@H`@DNFNb@l@x@jASfAUxAOrAKfAOjBGdAEtACl@ClAZ@??[A?JCjA?zB@dB@b@?h@Bp@[n@FFFHJB^B|@@`@Gd@K~@W?J?JANG\NvA??OwAF]@O?K?K^MvA_@Cg@E_AAw@Ac@@e@?W?WFCAe@?G?YAS?M@g@?SBi@D}ABe@Bi@Hk@N{@R}@Tu@Vi@JSd@y@P[HU@QAQXKXK`@ONGx@Ul@M\GLAd@E`@@XFPHvAn@rAp@h@VPHPLNLJJBm@@s@DsAFeA?IBo@VL@?zBfArFpCs@dGCV}A{@IECAaAi@kB_A]QQGMCQCKKOMQMQIi@WsAq@wAo@QIYGa@Ae@DM@]Fm@Ly@TOFa@NYJYJcBh@A?qA^m@He@BU?QCSIQISOSWS_@U_@y@kAc@m@GOEOIa@Ie@Cg@AKAGEILu@H}@Fg@Bi@B]g@iACFa@rA	Click to Generate
S25	60	1			3	American Golf (S25)	Sainsbury's (S25)	M&C Tailoring (S25)	4846	3634	oe_eIxoqGXv@JKJAJ?HFFJLXn@zAd@nABFNRJJBDB@B@F@D?JCr@aA`@g@DKPQ@IM}@GYM[GKQWQSUWaB_Bg@g@oAkA]]KMk@y@MSM]K]I[G[EMUk@a@[SUOa@Mg@Go@Cg@?_@@]@UBQDSJa@Ve@Ra@d@k@ZWNE^CP@R@ZR\ZVl@Jh@Ff@@H@fAAVC^@dAFl@Jh@Vd@X\CVK\EJIDG@[Hk@Xk@ZEY`@UQJOHDXj@[j@YZIFAHEDKJ]_@_@S]OYKISGSAU@_@b@Oh@EPCPAT?TBd@Lh@R^NTHFz@v@XXl@l@d@f@f@d@`@d@JLPPJLf@j@`@d@FFT\HBFFFHDLBJBJ?L?L?LCJCJEJEHGFEBGBI?GAOB_@J_@NUNURY\GJIHABSXGRITEJAHBZ@VCLCNEJGHGHGBIBIAGAIEEEEGCGEIAICKAY@O@QBMFMDKHGHEH?D?JEHGJINUBU?G?KEc@?IA]CGl@{@Rb@??@An@eA@O?K?EEMaArAm@z@BFNRJJBDB@B@F@D?JCr@aA`@g@DKPQ@IM}@GYM[GKQWQSUWaB_Bg@g@oAkA]]KMk@y@MSM]K]I[G[EMUk@a@[SUOa@Mg@Go@Cg@Mi@KYKSYUi@Mc@GMKMMIr@?DvBdDAAuBcD?EHs@VENBd@Fh@NN@VCDA\OVe@Ra@d@k@ZWNE^CP@R@ZR\ZVl@Jh@Ff@@H@fAAVC^Ot@Un@c@h@_@b@Oh@EPCPAT?TBd@Lh@R^NTHFz@v@XXl@l@d@f@f@d@`@d@JLPPJLf@j@`@d@FFT\HBFFFHDLBJBJ?L?L?LCJCJEJEHGFEBGBI?GAOB_@J_@NUNURY\GJIHABSXGRITEJAHBZ@VCLCNEJGHGHGBIBIAGAIEEEEGCGEIAICKAY@O@QBMFMDKHGHEH?D?JEHGJINUBU?G?KEc@?IA]CGe@oAo@{AMYGKIGK?K@KJYw@	Click to Generate
S25	60	1			3	White Stuff (S25)	SYPTE (S25)	Jump Inc (S25)	5179	3884	_u_eIlqrG??SZ}@_C@m@NkF[E[C[ESACG?E?G@GBCvANFCBE?I?GACCCC?eBSKAGCGKIMGQAW@O@OHi@F]?E@EDQLi@DMLYJU@EHORc@PWRULMHKNMNO^YROZQFELGTGREVGDAFAH?P?`@@P@D@VDXFHDJF\TLJLNLPNPVd@NZNZENCLGFKPEFSZ}A|BK@a@M?h@Ap@EbAC|@CbA?RCj@p@fBT]T[T]T[V]T]CGQc@Qc@Qe@Qe@Qc@Qc@Qg@BUpBwCBK@A@O@MCYKOIOKMOSOOMM_@YGCMGQIGAYCWEWAO?G@E@c@FMDQHEBGBMHSNSNWTEDa@ZUR]b@Q^Wf@Qf@Of@EXGVKt@AJG~@C`A?JAvG?LAt@@P?J?^ATABEVo@~@GJKRILKNEPADEJBHFDXd@V`@FJ?\@P?X\l@HLNVNXXm@^y@gAsBuAkAGEUQk@g@GEOKO[EGCICICGA[?S?I@I@KDSXUDEVOlAi@T[@ABMDU@{@?uC@c@@g@@SBg@@O@OHi@F]?E@EDQLi@DMLYJU@EHORc@PWRULMHKNMNO^YROZQFELGTGREVGDAFAH?P?`@@P@D@VDXFHDJF\TLJLNLPNPVd@NZNZVh@f@nAJRJL@BDBDFNHNDF@DBHEH?D?JEHGJINUBU?G?KEc@?IA]CGe@oAINMN}@cC\~@^bALOHOd@nABFNRJJBDB@B@F@D?JCr@aA`@g@DKPQ@IDQDKFIFGDAFAD?D@HBFFFHDLBJBJ?L?L?LCJCJEJEHGFEBGBI?GAOB_@J_@NUNURY\GJIHABSXGRITEJAHBZ@VCLCNEJGHGHGBIBIAGAIEEEEGCGEIAICKAYM_@So@EKcAyBQ_@GMSg@KOIOKMOSOOMM_@YGCMGQIGAYCWEWAO?G@E@c@FMDQHEBGBMHSNSNWTEDa@ZUR]b@Q^Wf@Qf@Of@EXGVKt@AJ@N@LDJ?@HLnBRFBBD@D?D?D?B?RAFE@QAwAOCBAF?F?DBFR@ZDZBZDP@B@@B@JMzEAZt@pB	Click to Generate
S25	60	1			3	Air Haus (S25)	M&C Tailoring (S25)	Sainsbury's (S25)	4937	3703	yd_eIzbqGOHDXj@[j@YZIFAHEDKJ]_@_@S]OYKISGSAU@_@b@Oh@EPCPAT?TBd@Lh@R^NTHFz@v@XXl@l@d@f@f@d@`@d@JLPPJLf@j@`@d@FFT\HBFFFHDLBJBJ?L?L?LCJCJEJEHGFEBGBI?GAOB_@J_@NUNURY\GJIHABSXGRITEJAHBZ@VCLCNEJGHGHGBIBIAGAIEEEEGCGEIAICKAY@O@QBMFMDKHGHEH?D?JEHGJINUBU?G?KEc@?IA]CGe@oAo@{AMYGKIGK?K@KJyAyD~@`CXv@JKJAJ?HFFJLXn@zAd@nABFNRJJBDB@B@F@D?JCr@aA`@g@DKPQ@IM}@GYM[GKQWQSUWaB_Bg@g@oAkA]]KMk@y@MSM]K]I[G[EMUk@a@[SUOa@Mg@Go@Cg@Mi@KYKSYUi@Mc@GMKMMIr@?DvBdDAAuBcD?EHs@VENBd@Fh@NN@VCDA\OVe@Ra@d@k@ZWNE^CP@R@ZR\ZVl@Jh@Ff@@H@fAAVC^Ot@Un@c@h@_@b@Oh@EPCPAT?TBd@Lh@R^NTHFz@v@XXl@l@d@f@f@d@`@d@JLPPJLf@j@`@d@FFT\HBFFFHDLBJBJ?L?L?LCJCJEJEHGFEBGBI?GAOB_@J_@NUNURY\GJIHABSXGRITEJAHBZ@VCLCNEJGHGHGBIBIAGAIEEEEGCGEIAICKAY@O@QBMFMDKHGHEH?D?JEHGJINUBU?G?KEc@?IA]CGl@{@Rb@??@An@eA@O?K?EEMaArAm@z@BFNRJJBDB@B@F@D?JCr@aA`@g@DKPQ@IM}@GYM[GKQWQSUWaB_Bg@g@oAkA]]KMk@y@MSM]K]I[G[EMUk@a@[SUOa@Mg@Go@Cg@?_@@]@UBQDSJa@Ve@Ra@d@k@ZWNE^CP@R@ZR\ZVl@Jh@Ff@@H@fAAVC^@dAFl@Jh@Vd@X\CVK\EJIDG@[Hk@Xk@ZEYNI	Click to Generate
S25	15	1			3	St Thomas (S25)	The Salvation Army - Rotherham (S25)	Meadow View Primary School (S25)	1142	856	adceIhmoGMOMMQMCNCJk@bAIL}@wCGQNKV[EDQTOJFP|@vCMTQRSVYZ[d@e@r@a@r@ILOTQRMPKJQNC@@J?NCPIf@IX@]?QAQESZYBAPOJKLQPSNUHM`@s@d@s@JONUX[RWPSLUHMj@cABKBOPLLLt@z@RVDFj@r@j@t@JN^oARm@??Sl@_@nAKOk@u@k@s@EGSWg@k@	Click to Generate
S25	45	1			3	The Cruise Holiday Shop (S25)	Mint Nail (S25)	Jump Inc (S25)	3326	2494	gm_eIrgrGCh@p@fB??T]T[T]T[V]T]CGQc@Qc@Qe@Qe@Qc@Qc@Qg@BUpBwCBK@A@O@MCYKOIOKMOSOOMM_@YGCMGQIGAYCWEWAO?G@E@c@FMDQHEBGBMHSNSNWTEDa@ZUR]b@Q^Wf@Qf@Of@EXGVKt@AJ@N@LDJ?@HLnBRFBBD@D?D?D?B?RAFE@QAwAOCBAF?F?DBFR@ZDZBZDP@B@@B@JMzEAZt@pB??SZ}@_C@m@NkF[E[C[ESACG?E?G@GBCvANFCBE?I?GACCCC?eBSKAGCGKIMGQAW@O@OHi@F]?E@EDQLi@DMLYJU@EHORc@PWRULMHKNMNO^YROZQFELGTGREVGDAFAH?P?`@@P@D@VDXFHDJF\TLJLNLPNPVd@NZNZVh@f@nAJRJL@BDBDFNHNDF@DBHEH?D?JEHGJINUBU?G?KEc@?IA]CGe@oAINMN}@cC\~@^bALOHOd@nABFNRJJBDB@B@F@D?JCr@aA`@g@DKPQ@IDQDKFIFGDAFAD?D@HBFFFHDLBJBJ?L?L?LCJCJEJEHGFEBGBI?GAOB_@J_@NUNURY\GJIHABSXGRITEJAHBZ@VCLCNEJGHGHGBIBIAGAIEEEEGCGEIAICKAYM_@So@EKcAyBQ_@GFKPEFSZ}A|BK@a@M?h@Ap@EbAC|@CbA?T	Click to Generate
S25	45	1			3	Shirefreen News 'n' Booze (S25)	Hartley Brook Road Post Office (S25)	Volksgear (S25)	3970	2978	ctceI~oyGOwAF]@O?K?K_AVe@Ja@F}@A_@CKCGIGGZo@Cq@?i@Ac@AeB?{BBkA?KZ@??[A?JCjA?zB@dB@b@?h@Bp@[n@Q^Qb@K`@Ib@Kf@Ed@AXCXAl@@n@@d@D`@F^DRLh@Rj@Rj@Th@RZDF\f@Z\`@\b@NZL`AR`AFn@@rBA^AT?bAAXAT?d@@r@Fv@Jv@Pr@Pp@TT}ADW@EBADAbAj@@OTwBZmDLuAHw@H}@Fg@LaBHeADs@Ba@Be@?m@?M?oCAcA?W?yB?S?s@?gC?aD@iD?S?u@C[KKOMQMQIi@WsAq@wAo@QIYGa@Ae@DM@]Fm@Ly@TOFa@NYJYJcBh@A?qA^m@He@BU?QCSIQISOSWS_@U_@y@kAc@m@GOEOIa@Ie@Cg@AKAGEICRIEEMAOAIOIECOAI@EF_@xB^yBDGHAN@TL@H@NDLHDe@hCEVIl@Mt@M|@KlAKrACp@Cp@MrCCv@Ch@ElAKrCIxBHHBHBTNbDTfDDn@@VF|@D\BHDDBBB@BY@YDe@Jg@Hc@Ja@Pc@P_@FFFHJB^B|@@`@Gd@K~@W?J?JANG\NvA	Click to Generate
S25	45	1			3	Beck Primary School (S25)	Shiregreen Medical Centre (S25)	Shirefreen News 'n' Booze (S25)	4141	3106	i|beIrgzG??KJGNEPOGOIq@Us@Qw@Qw@Ks@Ge@ACSGQKSe@cA]{@_@cAWy@Qq@Me@SaAUkAQmAEYMiAKcAGaAEu@wA^_@L?J?JANG\NvA??OwAF]@O?K?K^MvA_@Cg@E_AAw@Ac@@e@?W?WFCAe@?G?YAS?M@g@?SBi@D}ABe@Bi@Hk@N{@R}@Tu@Vi@JSd@y@P[HU@QAQXKXK`@ONGx@Ul@M\GLAd@E`@@XFPHvAn@rAp@h@VPHPLNLJJBm@@s@DsAFeA?IBo@VL@?zBfArFpCs@dGCV}A{@IECAaAi@kB_A]QQGMCQCKKOMQMQIi@WsAq@wAo@QIYGa@Ae@DM@]Fm@Ly@TOFa@NYJYJcBh@A?qA^m@He@BU?QCSIQISOSWS_@U_@SfAUxAOrAKfAOjBGdAEtACl@ClAZ@??[A?JCjA?zB@dB@b@?h@Bp@[n@Q^Qb@K`@Ib@Kf@Ed@AXCXAl@@n@@d@D`@F^DRLh@Rj@Rj@Th@RZDF\f@Z\`@\b@NZL`AR`AFn@@rBA^AT?bAAXAT?d@@r@Fv@Jv@Pr@Pp@TNHNFDQFOJK??	Click to Generate
S25	60	1			3	Sci-Tek Snack Shack (S25)	Kelford School (S25)	South Street Convenience Store (S25)	12335	9251	}paeIxxlGWFSDWJMZUHQ?[@_@AMCkAa@m@MCOAOAe@OsGAYCSOs@EKEGGCEAQHOL]d@KLKDIBC?SBGHIl@C^EVeAjBMRu@pA[j@U`@aA~AYd@u@nAQX_@h@k@h@MLOPILWe@ESCO?CA]?QBcE?Y@yA@wB?W@[?G?_A@eBBkB?K?c@B}B@qA?yA@wABiA?S@kA@g@?EAq@AoAC{@GoA?]Ba@Jy@f@sELcAv@eHRiBDg@?}@?g@?wA?O?_BAaACo@Ce@E_@Iy@Gg@E]EWEm@CUAa@EmAGm@AQAo@?S?k@?g@NBr@DbADL@xAJnB?pBBd@AtAWdI}CtAi@PQHOBQBOHOHKJGLCJ@JDJJHLDRDR@VF^N|@VdAFVPx@b@~@Xr@RRJHVNH@DBHPBNAT?@?V@RJn@Nl@Nr@B\FPDRb@|AJr@b@nCZpBBTr@zE^dCf@|CP~@Pl@Vv@Xp@\h@^d@TVjAdAp@h@XHD@TFHAD?JFDFDR@N?JETILGDE@EAKHC@KLEDIRoApBcAzAuAjB\xAR~@@~@A`B@z@Dp@Jr@Lp@X|@Lb@DLVpARdALhAHfADbA@t@@V?`ACt@MfA?HAn@BfA@z@RvL@|@ZxQ[yQ?EAw@SwLA{@CgA@o@?ILgABu@?aAAWAu@EcAIgAMiASeAWqAEMMc@Y}@Mq@Ks@Eq@A{@@aBA_AS_A]yAtAkBbA{AnAqBHS@KBU?C@]AOK_@ACQc@q@i@kAeAUW_@e@]i@Yq@Ww@Qm@Q_Ag@}C_@eCs@{ECU[qBc@oCKs@c@}AESGQIUK[IUYcAKSU[CCGMCOCk@GWMg@Ys@c@_A[i@]m@UUw@g@KCIEc@S]Ea@?e@LeIdDeBd@uAV_@BK@qAF}AAaBKWJMJIJEFCFGPKd@?FDlA@`@BTDl@DVD\Ff@Hx@D^Bd@Bn@@`A?~A?N?vA?f@?|@Ef@ShBw@dHMbAg@rEKx@C`@?\FnABz@@nA@p@?DAf@AjA?RChAAvA?xAApAC|B?b@?JCjBAdB?~@?FAZ?VAvBAxA?XCbE?P@\?BBNDRVd@MZQp@b@b@bA`A\^j@x@FHnA`C`@t@l@nAf@vAN`@Pf@HTXx@`@nAZ~@BLPj@^|A?DHl@BNDVFp@HtAFtADtAFxBB`@eAHECqByBGNEDIBGAEIEHK\_@vAAH?JDVDNB@@B@D?@@BAD?DCBA@C@CACCAC?EAE@E@CBC@AB?EOEW?K@I^wAJ]DIAI?KFWGI[]]_@s@w@k@k@uB|Mg@|C?T?D@HDHlE|Cx@l@B@b@\PLxAdAJJJPb@z@h@jAdBnD^v@FLXl@FFH@F?FCFCE[Kw@Ea@SyAk@mEOmAOeASeBCUKeAIsAAQAUCWAm@Cc@Ak@GqBCa@GyBEuAGuAIuAGq@EWCOIm@?E_@}AQk@CM[_Aa@oAYy@IUQg@Oa@g@wAm@oAa@u@oAaCGIk@y@]_@cAaAc@c@Pq@L[HMNQLMj@i@^i@PYt@oAXe@`A_BTa@Zk@t@qALSdAkBDWB_@Hm@FIRCB?HCJEJM\e@NMPID@FBDFDJNr@BR@XNrG@d@@NBNl@LjA`@LB^@ZAP?TIL[VKREVG	Click to Generate
S25	30	1			3	Blackburn Primary School (S25)	Blackburn Youth Club (S25)	Csk Motors (S25)	2427	1820	y{beIlftGKj@@PDLNRHLRc@FW|@l@DMDSN_@j@eA??k@dAO^EREL}@m@@S@IB_A?O?o@Bo@Do@Fc@Hi@Fk@Fs@Ba@Be@Bg@XAJ???K?Y@?G@s@?m@@k@@m@D_AJ{@Jw@@KZcBBDRTV\PTPTBBh@z@NVl@jAXt@Xv@ZbAr@zBNf@v@nCNl@h@_@BC`@U|BgAdAe@pCmAKQYMw@_@ECGIFHDBv@^XLJP}BbASHeAd@}BfAa@TCBi@^Om@w@oCOg@s@{B[cAYw@Yu@m@kAOWi@{@CCQUQUW]SUCE[bBAJKv@Kz@E~@Al@Aj@?l@Ar@?FCf@Cd@C`@Gr@Gj@Ih@Gb@En@Cn@?n@?NC~@AHARGVSb@IMOSEMAQJk@	Click to Generate
S25	30	1			3	Blackburn Youth Club (S25)	Blackburn Minimarket (S25)	Csk Motors (S25)	2810	2108	avbeIdetGk@dAO^EREL}@m@@S@IB_A?O?o@Bo@Do@Fc@Hi@Fk@Fs@Ba@Be@Bg@XAJ???K?Y@Cf@Cd@C`@Gr@Gj@Ih@Gb@En@Cn@?n@?NC~@AHARGVSb@IMOSEMAQJk@BUO`A@PDLNRHLRc@FW@S@IB_A?O?o@Bo@Do@Fc@Hi@Fk@Fs@Ba@Be@Bg@?G@s@?m@@k@@m@D_AJ{@Jw@@KZcBBDRTV\PTPTBBh@z@NVl@jAXt@Xv@ZbAr@zBNf@v@nCNl@h@_@BC`@U|BgAdAe@pCmAKQYMw@_@ECGIFHDBv@^XLJP}BbASHeAd@}BfAa@TCBi@^Om@w@oCOg@s@{B[cAYw@Yu@m@kAOWi@{@CCQUQUW]SUCE[bBAJKv@Kz@E~@Al@Aj@?l@Ar@?FCf@Cd@C`@Gr@Gj@Ih@Gb@En@Cn@?n@?NC~@AHAR|@l@DMDSN_@j@eA	Click to Generate
S25	30	1			3	Blackburn Primary School (S25)	Blackburn Minimarket (S25)	Csk Motors (S25)	2441	1831	awbeI`wsGK?Y@Cf@Cd@C`@Gr@Gj@Ih@Gb@En@Cn@?n@?NC~@AHAR|@l@DMDSN_@j@eA??k@dAO^EREL}@m@GVSb@IMOSEMAQJk@BUO`A@PDLNRHLRc@FW@S@IB_A?O?o@Bo@Do@Fc@Hi@Fk@Fs@Ba@Be@Bg@?G@s@?m@@k@@m@D_AJ{@Jw@@KZcBBDRTV\PTPTBBh@z@NVl@jAXt@Xv@ZbAr@zBNf@v@nCNl@h@_@BC`@U|BgAdAe@pCmAKQYMw@_@ECGIFHDBv@^XLJP}BbASHeAd@}BfAa@TCBi@^Om@w@oCOg@s@{B[cAYw@Yu@m@kAOWi@{@CCQUQUW]SUCE[bBAJKv@Kz@E~@Al@Aj@?l@Ar@?FXAJ?	Click to Generate
S25	60	1			3	Two Dinners Ignatiu (S25)	Abbey School (S25)	Freddy (S25)	5607	4205	skceI~kqGGTkCpB??ODQCg@YYCw@Eq@@Al@??@m@?WBSHO`@GfBMf@GbAs@n@cAXeAVmBFUFa@D[FuAAy@KoA_@kBGe@U{A{@uFg@}CUyAEWEOOYDMFU@G@EDSHY@]?QAQESZYBAPOJKLQPSNUHM`@s@d@s@Ze@X[RWPSLUHMj@cABKBOPLLLt@z@RVDFj@r@j@t@JNr@|@h@t@b@j@FH\b@PNRLTHG`@Gf@E`@AV?R@b@BVHZHTDFJNJJ|@h@|@f@NHf@`@b@b@HJVXPXBBLRZh@Vh@P^P`@Nf@Nh@Nh@Ln@Hj@Hl@B\@PB`@@L?R?V?`@Cd@Cb@Gp@CJIj@EVGTERGRUn@S^S^SX_@b@u@x@SVGFIJGNEPAN?R@NBT@F@HJt@F\TbBFZFTFJl@z@PVBJF\Dd@@h@@~A@jAAZAVCZADEj@Ix@OxAKjAKbAKlAOtAE`@E`@G^KXSl@[x@g@xAM^KZQz@I\Qt@W]SUCEg@c@e@e@s@g@wBwAwDcCaD{B_Ai@y@[GCMGkCkAc@WMKCAk@e@MK{CkDoGwHWMoCs@GCwCy@i@KqCYFuA?g@?SLmCDw@N{@Jg@Zm@BC\g@NOPI`@GLCTEj@OPKLQp@iBRs@j@yAhAgCdAaCdAyBhByBhAyAr@gANi@PwAJi@Le@JYHSPUb@_@RQFKJMHULa@NXDNDVTxAf@|Cz@tFTzAFd@^jBJnA@x@GtAEZC`A?zAMpDAD	Click to Generate
S25	45	1			3	AllSaints (S25)	SYPTE (S25)	Jump Inc (S25)	3597	2698	ev_eInfrGMnEAZt@pB??SZ}@_C@m@NkF[E[C[ESACG?E?G@GBCvANFCBE?I?GACCCC?eBSIDA@EDGNEP?JAvG?LAt@@P?J?^ATABEVo@~@GJKRILKNEPADEJBHFDXd@V`@FJ?\@P?X\l@HLNVNXXm@^y@gAsBuAkAGEUQk@g@GEOKO[EGCICICGA[?S?I@I@KDSXUDEVOlAi@T[@ABMDU@{@?uC@c@@g@@SBg@@O@OHi@F]?E@EDQLi@DMLYJU@EHORc@PWRULMHKNMNO^YROZQFELGTGREVGDAFAH?P?`@@P@D@VDXFHDJF\TLJLNLPNPVd@NZNZVh@f@nAJRJL@BDBDFNHNDF@DBHEH?D?JEHGJINUBU?G?KEc@?IA]CGe@oAINMN}@cC\~@^bALOHOd@nABFNRJJBDB@B@F@D?JCr@aA`@g@DKPQ@IDQDKFIFGDAFAD?D@HBFFFHDLBJBJ?L?L?LCJCJEJEHGFEBGBI?GAOB_@J_@NUNURY\GJIHABSXGRITEJAHBZ@VCLCNEJGHGHGBIBIAGAIEEEEGCGEIAICKAYM_@So@EKcAyBQ_@GMSg@KOIOKMOSOOMM_@YGCMGQIGAYCWEWAO?G@E@c@FMDQHEBGBMHSNSNWTEDa@ZUR]b@Q^Wf@Qf@Of@EXGVKt@AJ@N@LDJ?@HLnBRFBBD@D?D?D?B?RAFE@QAwAOCBAF?F?DBFR@ZDZBZDP@B@@B@J?J	Click to Generate
S25	20	1			3	St Lawrence Church (S25)	Tinsley Meadows Primary School (S25)	Madani Education Centre (S25)	1903	1427	qz~dIhjoG`ByAIQAEEGCEKIOC@_@?SBODMr@}ADGFEHAH?NJLFHBFAFdABHDBB@CAECCIGeAG@ICMGOKI?I@GDEFs@|AEL?BCJ?RA^NBJHBDDF@DHPRp@BHHXFVRp@HZ_Ax@GFq@l@q@r@UVg@j@WZ[f@u@hAm@`AINmAvDELQ`@]h@U\OX]r@EIa@s@e@gA]eA[_AtAmBq@qBM@KDCDOa@??N`@BEJELAp@pBuAlBBHVt@\dAd@fA`@r@DH\s@NYT]\i@Pa@DMlAwDHOl@aAt@iAZg@V[f@k@TWG]Kq@G_@Oy@Ie@v@u@	Click to Generate
S25	30	1			3	Tinsley Meadows Primary School (S25)	Hanfia Masjid (S25)	Madani Education Centre (S25)	2239	1679	{t_eIxeoG?LJdBPGXjEbC`HjAfDNh@tAmBq@qBM@KDCDOa@??N`@BEJELAp@pBuAlBOi@kAgDcCaH{Bl@cCn@yBp@GBi@Ng@JIFGDKNTv@f@bBNr@Tn@\bADJXr@Th@z@nBHRl@lA`@z@DF`@x@Xd@`@j@JLRXHHVRNHTHVENBd@Fh@NN@VCDA\OVe@Ra@NeAHoAHy@No@L[LUEIa@s@e@gA]eAWu@CIOi@kAgDcCaHYkEQFKeB?M	Click to Generate
S25	30	1			3	Suzy (S25)	Freddy (S25)	Morris (S25)	2863	2147	a_deIxfrG~CtD`AfAxAbBLJj@d@B@LJb@VjCjALFFBx@Z~@h@`DzBvDbCvBvAr@f@d@d@f@b@[bBAJKv@Kz@E~@Al@Aj@?l@IEECIQCSDYFGBALE@m@D_AJ{@Jw@@KZcBg@c@e@e@s@g@wBwAwDcCaD{B_Ai@y@[GCMGkCkAc@WQMk@e@MK{CkDoGwHWMoCs@GCwCy@i@KqCYFuA?g@?SnAPoAQ?R?f@GtApCXh@J??vCx@FBnCr@VLnB`C	Click to Generate
S25	30	1			3	Blackburn Primary School (S25)	Blackburn Youth Club (S25)	Blackburn Minimarket (S25)	2532	1899	a`beIf{sGSHeAd@}BfAa@TCBi@^Om@w@oCOg@s@{B[cAYw@Yu@m@kAOWi@{@CCQUQUW]SUCE[bBAJKv@Kz@E~@Al@Aj@?l@Ar@?FCf@Cd@C`@Gr@Gj@Ih@Gb@En@Cn@?n@?NC~@AHAR|@l@DMDSN_@j@eA??k@dAO^EREL}@m@@S@IB_A?O?o@Bo@Do@Fc@Hi@Fk@Fs@Ba@Be@Bg@XAJ???K?Y@Cf@Cd@C`@Gr@Gj@Ih@Gb@En@Cn@?n@?NC~@AHARGVSb@IMOSEMAQJk@BUO`A@PDLNRHLRc@FW@S@IB_A?O?o@Bo@Do@Fc@Hi@Fk@Fs@Ba@Be@Bg@?G@s@?m@@k@@m@D_AJ{@Jw@@KZcBBDRTV\PTPTBBh@z@NVl@jAXt@Xv@ZbAr@zBNf@v@nCNl@h@_@BC`@U|BgAdAe@RI	Click to Generate
S25	30	1			3	Meadow View Primary School (S25)	South Street Convenience Store (S25)	Bake N Butty (S25)	2618	1964	wpbeIj_pGKVm@u@[]SOSMe@QKEo@SUISMQO]c@GIc@k@i@u@s@}@^oARm@??Sl@_@nAr@|@h@t@b@j@FH\b@PNRLTHn@RJDd@PRLRNZ\l@t@r@kBv@sBBIt@uBTm@Ne@Le@XwADSn@aDx@l@B@b@\PLxAdA{AlFWYiA|CGHIEaCoCu@tBCHw@rBs@jBm@u@[]SOSMe@QKEo@SUISMQO]c@GIc@k@i@u@s@}@KOk@u@k@s@EGSWg@k@MOMMQM?MAOCWGu@K}@XOLONUFGRYSXGFOTMNYNJ|@Ft@BV@N?LPLLLt@z@RVDFj@r@j@t@JNr@|@h@t@b@j@FH\b@PNRLTHn@RJDd@PRLRNZ\l@t@JW	Click to Generate
S25	20	1			3	St Thomas Church Wincobank (S25)	Fife Street Stores (S25)	Wincobank Post Office (S25)	1773	1330	_s`eIzytGGOGUWuAKo@OoAIk@w@oHSgBOkA_@eDO{AOuAm@V}@ZwB`A@LHRL\DPBR?X?f@Al@DHZvCdAdBkAz@[TOX_@t@GWs@gEAEKo@Qu@]eBYwASeAXUPIXE`@?T?N@HA\IvBaA|@[l@WPIDA~@]LEd@lEf@nElAtKv@dH?JADCDCDcA`@AE	Click to Generate
S25	60	1			3	Phase Eight (S25)	SYPTE (S25)	Jump Inc (S25)	5179	3884	_u_eIlqrG??SZ}@_C@m@NkF[E[C[ESACG?E?G@GBCvANFCBE?I?GACCCC?eBSKAGCGKIMGQAW@O@OHi@F]?E@EDQLi@DMLYJU@EHORc@PWRULMHKNMNO^YROZQFELGTGREVGDAFAH?P?`@@P@D@VDXFHDJF\TLJLNLPNPVd@NZNZENCLGFKPEFSZ}A|BK@a@M?h@Ap@EbAC|@CbAAf@AVp@fBT]T[T]T[V]T]CGQc@Qc@Qe@Qe@Qc@Qc@Qg@BUpBwCBK@A@O@MCYKOIOKMOSOOMM_@YGCMGQIGAYCWEWAO?G@E@c@FMDQHEBGBMHSNSNWTEDa@ZUR]b@Q^Wf@Qf@Of@EXGVKt@AJG~@C`A?JAvG?LAt@@P?J?^ATABEVo@~@GJKRILKNEPADEJBHFDXd@V`@FJ?\@P?X\l@HLNVNXXm@^y@gAsBuAkAGEUQk@g@GEOKO[EGCICICGA[?S?I@I@KDSXUDEVOlAi@T[@ABMDU@{@?uC@c@@g@@SBg@@O@OHi@F]?E@EDQLi@DMLYJU@EHORc@PWRULMHKNMNO^YROZQFELGTGREVGDAFAH?P?`@@P@D@VDXFHDJF\TLJLNLPNPVd@NZNZVh@f@nAJRJL@BDBDFNHNDF@DBHEH?D?JEHGJINUBU?G?KEc@?IA]CGe@oAINMN}@cC\~@^bALOHOd@nABFNRJJBDB@B@F@D?JCr@aA`@g@DKPQ@IDQDKFIFGDAFAD?D@HBFFFHDLBJBJ?L?L?LCJCJEJEHGFEBGBI?GAOB_@J_@NUNURY\GJIHABSXGRITEJAHBZ@VCLCNEJGHGHGBIBIAGAIEEEEGCGEIAICKAYM_@So@EKcAyBQ_@GMSg@KOIOKMOSOOMM_@YGCMGQIGAYCWEWAO?G@E@c@FMDQHEBGBMHSNSNWTEDa@ZUR]b@Q^Wf@Qf@Of@EXGVKt@AJ@N@LDJ?@HLnBRFBBD@D?D?D?B?RAFE@QAwAOCBAF?F?DBFR@ZDZBZDP@B@@B@JMzEAZt@pB	Click to Generate
S25	45	1			3	Zara (S25)	The Cruise Holiday Shop (S25)	SYPTE (S25)	3403	2552	_u_eIlqrG??SZ}@_C@m@NkFP@B@@B@JKnDAj@[C[C[E[CQCLkFCG?E?G@GBCvANFCBE?I?GACCCC?eBSKAGCGKIMGQAW@O@OHi@F]?E@EDQLi@DMLYJU@EHORc@PWRULMHKNMNO^YROZQFELGTGREVGDAFAH?P?`@@P@D@VDXFHDJF\TLJLNLPNPVd@NZNZENCLGFKPEFSZ}A|BK@a@M?h@Ap@EbAC|@CbAC~@p@fB??T]T[T]T[V]T]CGQc@Qc@Qe@Qe@Qc@Qc@Qg@BUpBwCBK@A@O@MCYKOIOKMOSOOMM_@YGCMGQIGAYCWEWAO?G@E@c@FMDQHEBGBMHSNSNWTEDa@ZUR]b@Q^Wf@Qf@Of@EXGVKt@AJG~@C`A?JAvG?LAt@@P?J?^ATABEVo@~@GJKRILKNEPADEJBHFDXd@V`@FJ?\@P?X\l@HLNVNXXm@^y@gAsBuAkAGEUQk@g@GEOKO[EGCICICGA[?S?I@I@KDSXUDEVOlAi@T[@ABMDU@{@?uCJe@@QDOHGFEHAH@nBRFBBD@D?D?D?B?RAFE@QAwAOCBAF?F?DBFR@ZDZBZDP@B@@B@JMzEAZt@pB	Click to Generate
S25	20	1			3	St Thomas Church Wincobank (S25)	Wincobank Post Office (S25)	Eastwoods (S25)	1548	1161	ycaeIfgtGKo@fCDHBHBdAdBFJLN`@l@d@j@VV^^^\^`@VVPLIk@w@oHSgBOkA_@eDO{AOuAPIDA~@]LEd@lEf@nElAtKv@dH?JADCDCDcA`@AEGOGUWuAKo@OoAQMWW_@a@_@]_@_@WWe@k@a@m@MOGKeAeBICICgCEJn@	Click to Generate
S25	45	1			3	The White Company (S25)	Barbour (S25)	Jump Inc (S25)	4159	3119	up_eIl{qG_@EWCGCECE?ICGCEGG@EACECEAO@KCYEUIe@AEAQ?S?K@I@MJ[ROZQFELGTGREVGDAFAH?P?`@@P@D@VDXFHDJF\TLJLNLPNPVd@NZNZENCLGFKPEFSZ}A|BK@a@M?h@Ap@EbAC|@CbAC~@??p@fBT]T[T]T[V]T]CGQc@Qc@Qe@Qe@Qc@Qc@Qg@BUpBwCBK@A@O@MCYKOIOKMOSOOMM_@YGCMGQIGAYCWEWAO?G@E@c@FMDQHEBGBMHSNSNWTEDa@ZUR]b@Q^Wf@Qf@Of@EXGVKt@AJ@N@LDJ?@HLnBRFBBD@D?D?D?B?RAFE@QAwAOCBAF?F?DBFR@ZDZBZDP@B@@B@JMzEAZt@pB??SZ}@_C@m@NkF[E[C[ESACG?E?G@GBCvANFCBE?I?GACCCC?eBSKAGCGKIMGQAW@O@OHi@F]?E@EDQLi@DMLYJU@EHORc@PWRULMHKNMNO^YROZQFELGTGREVGDAFAH?P?`@@P@D@VDXFHDJF\TLJLNLPNPVd@NZNZVh@f@nAJRJL@BDBDFNHNDF@DBHEH?D?JEHGJINUBU?G?KEc@?IA]CGe@oAINMN}@cC\~@^bALOHOd@nABFNRJJBDB@B@F@D?JCr@aA`@g@DKPQ@IDQDKFIFGDAFAD?D@HBFFFHDLBJBJ?L?L?LCJCJEJEHGFEBGBI?GAOB_@J_@NUNURY\GJIHABSXGRITEJAHBZ@VCLCNEJGHGHGBIBIAGAIEEEEGCGEIAICKAYM_@So@EKcAyBQ_@GMSg@KOIOKMOSOOMM_@YGCMGQIGAYCWEWAO?G@E@c@FMDQHEBGBMHSNSNWTH`@@FVnABRDFFLFJFNDBFBVB^D	Click to Generate
S25	60	1			3	Suzy (S25)	Yazier (S25)	Two Dinners Ignatiu (S25)	6233	4675	gsceInsrGCAk@e@MKyAcBaAgAoGwHWMoCs@A~@?f@FVbBdBf@fAj@r@J`@@f@CHEL@h@t@pBhBpDr@`B^l@b@dAxAv@n@f@rApA`AHfAl@Zp@@jAFYDIHIL@JH|@bAx@xAv@|BJFFWKcCO{@[qA[eAYiASw@c@y@Qw@SqA??Ky@Mg@I]C]@g@GCMGkCkAc@WQMk@e@MK{CkDoGwHWMoCs@GCwCy@i@KqCYFuA?g@?SLmCDw@N{@Jg@Zm@BC\g@NOPI`@GLCTEj@OPKLQp@iBRs@j@yAhAgCdAaCdAyBhByBhAyAr@gANi@PwAJi@Le@JYHSPUb@_@RQFKJMHULa@NXDNDVTxAf@|Cz@tFTzAFd@^jBJnA@x@GtAEZC`A?zAMpDIZkCpB??ODQCg@YYCw@Eq@@?WBSHO`@GfBMf@GbAs@n@cAXeAVmBFUFa@D[FuAAy@KoA_@kBGe@U{A{@uFg@}CUyAEWEOOYM`@ITKLGJSPc@^QTIRKXMd@Kh@QvAOh@s@fAiAxAiBxBeAxBeA`CiAfCk@xASr@q@hBMPQJk@NUDMBa@FQHON]f@CB[l@Kf@Oz@Ev@MlC?R?f@GtApCXh@JvCx@FBnCr@VLnGvHzCjDLJj@d@B@	Click to Generate
S25	45	1			3	Beck Primary School (S25)	Shiregreen Medical Centre (S25)	Shirefreen News 'n' Booze (S25)	4129	3097	s|beI|gzGA@GNEPOGOIq@Us@Qw@Qw@Ks@Ge@ACSGQKSe@cA]{@_@cAWy@Qq@Me@SaAUkAQmAEYMiAKcAGaAEu@wA^_@L?J?JANG\NvA??OwAF]@O?K?K^MvA_@Cg@E_AAw@Ac@@e@?W?WFCAe@?G?YAS?M@g@?SBi@D}ABe@Bi@Hk@N{@R}@Tu@Vi@JSd@y@P[HU@QAQXKXK`@ONGx@Ul@M\GLAd@E`@@XFPHvAn@rAp@h@VPHPLNLJJBm@@s@DsAFeA?IBo@VL@?zBfArFpCs@dGCV}A{@IECAaAi@kB_A]QQGMCQCKKOMQMQIi@WsAq@wAo@QIYGa@Ae@DM@]Fm@Ly@TOFa@NYJYJcBh@A?qA^m@He@BU?QCSIQISOSWS_@U_@SfAUxAOrAKfAOjBGdAEtACl@ClAZ@??[A?JCjA?zB@dB@b@?h@Bp@[n@Q^Qb@K`@Ib@Kf@Ed@AXCXAl@@n@@d@D`@F^DRLh@Rj@Rj@Th@RZDF\f@Z\`@\b@NZL`AR`AFn@@rBA^AT?bAAXAT?d@@r@Fv@Jv@Pr@Pp@TNHNFDQFO@A	Click to Generate
S25	45	1			3	Beck Primary School (S25)	Shirefreen News 'n' Booze (S25)	Shiregreen Medical Centre (S25)	3310	2482	o~beIljzGJ}@q@Us@Qw@Qw@Ks@Ge@ACSGQKSe@cA]{@_@cAWy@Qq@Me@SaAUkAQmAEYMiAKcAGaAEu@wA^_@L?J?JANG\NvA??OwAF]@O?K?K_AVe@Ja@F}@A_@CKCGIGGZo@Cq@?i@Ac@AeB?{BBkA?KZ@??[ABmABm@DuAFeANkBJgANsATyARgAT^R^RVRNPHRHPBT?d@Cl@IpA_@@?bBi@XKXK`@ONGx@Ul@M\GLAd@E`@@XFPHvAn@rAp@h@VPHPLNLJJPBLBPF\PjB~@`Ah@B@HD|Az@d@Rf@Tj@TZHNDv@PD@AT]nFWbFcDc@y@Im@Ga@CM@C@EFgAgAMK]]CAGEMGMAc@@M??R?xB?V@bA?nC?L?l@Cd@C`@Er@IdAM`BGf@I|@Iv@MtA[lDUvBANIv@QjAo@]OGOIK|@	Click to Generate
S25	45	1			3	Beck Primary School (S25)	Shirefreen News 'n' Booze (S25)	Shiregreen Medical Centre (S25)	3307	2480	y|beInkzGAGEUCU@YOGOIq@Us@Qw@Qw@Ks@Ge@ACSGQKSe@cA]{@_@cAWy@Qq@Me@SaAUkAQmAEYMiAKcAGaAEu@wA^_@L?J?JANG\NvA??OwAF]@O?K?K_AVe@Ja@F}@A_@CKCGIGGZo@Cq@?i@Ac@AeB?{BBkA?KZ@??[ABmABm@DuAFeANkBJgANsATyARgAT^R^RVRNPHRHPBT?d@Cl@IpA_@@?bBi@XKXK`@ONGx@Ul@M\GLAd@E`@@XFPHvAn@rAp@h@VPHPLNLJJPBLBPF\PjB~@`Ah@B@HD|Az@d@Rf@Tj@TZHNDv@PD@AT]nFWbFcDc@y@Im@Ga@CM@C@EFgAgAMK]]CAGEMGMAc@@M??R?xB?V@bA?nC?L?l@Cd@C`@Er@IdAM`BGf@I|@Iv@MtA[lDUvBANIv@QjAOfAKEEICG	Click to Generate
S25	60	1			3	Crow Girl (S25)	Suzy (S25)	Yazier (S25)	5157	3868	obeeI|`uGMa@m@qBmCol@IoDUyEUiFC}A?SDyEBgAAKOy@d@eBXw@fFeNd@qABIHJ\^h@f@\Xd@\nBzA^HXBrBNpCXh@JvCx@FBnCr@VLnB`C~CtD`AfAxAbBLJj@d@PLb@VjCjALFFBAf@B\H\Lf@Jx@??RpAPv@b@x@Rv@XhAZdAZpANz@JbCGVKGw@}By@yA}@cAKIMAIHEHGXAkA[q@gAm@aAIsAqAo@g@yAw@c@eA_@m@s@aBiBqDu@qBAi@DMBIAg@Ka@k@s@g@gAcBeBGW?g@@_AGCwCy@i@KqCYsBOYC_@IoB{Ae@]]Yi@g@]_@IKCHe@pAgFdNYv@e@dBNx@@JCfAExE?RB|AThFTxEHnDlCnl@l@pBL`@	Click to Generate
S25	30	1			3	Wooley Tyres (S25)	Shirefreen News 'n' Booze (S25)	Beck Primary School (S25)	2949	2212	{}ceIz{wGLF@H@NDLHDBSLu@H}@Fg@Bi@B]g@iACEu@u@SWEIIMUg@KUIOYm@aAcBh@oB\cATi@Vi@^q@x@_BdAwBR\v@~Ae@Td@Uw@_BS]eAvBy@~A_@p@Wh@Uh@]bAi@nB`AbBXl@HNJTTf@NVRVt@t@BDf@hAC\Ch@Gf@I|@Mt@DH@F@JBf@Hd@H`@DNFNb@l@x@jASfAUxAOrAKfAOjBGdAEtACl@ClAZ@??[A?JCjA?zB@dB@b@?h@Bp@[n@FFFHJB^B|@@`@Gd@K~@W?J?JANG\NvA??OwAF]@O?K?K_AVe@Ja@F}@A_@CKCGIGGQ^Qb@K`@Ib@Kf@Ed@AXCXCACCEECIE]G}@AWEo@UgDOcDCUCIIIHyBJsCDmABi@Bw@LsCBq@Bq@JsAJmAL}@Lu@Hm@DWd@iCIEEMAOAIMG	Click to Generate
S25	20	1			3	Madani Education Centre (S25)	Tinsley Meadows Primary School (S25)	Lily Chinese Massage (S25)	1945	1459	}|_eIlcpGz@nBHRl@lA`@z@DF`@x@Xd@`@j@JLRXHHVRNHTHVENBd@Fh@NN@VCDA\OVe@Ra@NeAHoAHy@No@L[LUEIa@s@e@gA]eAWu@CItAmBq@qBM@KDCDOa@??N`@BEJELAp@pBuAlBOi@kAgDaBxB}AtBoA~AKNkAfBOTl@lA`@z@DF`@x@Xd@`@j@JLRXHHVRNHTHIr@?DvBdDu@iAaA{A?EHs@UIOIWSIISYKMa@k@Ye@a@y@EGa@{@m@mAIS{@oB	Click to Generate
S25	45	1			3	Beck Primary School (S25)	Shiregreen Medical Centre (S25)	Shirefreen News 'n' Booze (S25)	4128	3096	m}beIpezGU|Aq@Us@Qw@Qw@Ks@Ge@ACSGQKSe@cA]{@_@cAWy@Qq@Me@SaAUkAQmAEYMiAKcAGaAEu@wA^_@L?J?JANG\NvA??OwAF]@O?K?K^MvA_@Cg@E_AAw@Ac@@e@?W?WFCAe@?G?YAS?M@g@?SBi@D}ABe@Bi@Hk@N{@R}@Tu@Vi@JSd@y@P[HU@QAQXKXK`@ONGx@Ul@M\GLAd@E`@@XFPHvAn@rAp@h@VPHPLNLJJBm@@s@DsAFeA?IBo@VL@?zBfArFpCs@dGCV}A{@IECAaAi@kB_A]QQGMCQCKKOMQMQIi@WsAq@wAo@QIYGa@Ae@DM@]Fm@Ly@TOFa@NYJYJcBh@A?qA^m@He@BU?QCSIQISOSWS_@U_@SfAUxAOrAKfAOjBGdAEtACl@ClAZ@??[A?JCjA?zB@dB@b@?h@Bp@[n@Q^Qb@K`@Ib@Kf@Ed@AXCXAl@@n@@d@D`@F^DRLh@Rj@Rj@Th@RZDF\f@Z\`@\b@NZL`AR`AFn@@rBA^AT?bAAXAT?d@@r@Fv@Jv@Pr@Pp@TT}A	Click to Generate
S25	45	1			3	AllSaints (S25)	SYPTE (S25)	Jump Inc (S25)	3606	2704	cv_eIjerG??CJ@JMzEAZt@pB??SZ}@_C@m@NkF[E[C[ESACG?E?G@GBCvANFCBE?I?GACCCC?eBSIDA@EDGNEP?JAvG?LAt@@P?J?^ATABEVo@~@GJKRILKNEPADEJBHFDXd@V`@FJ?\@P?X\l@HLNVNXXm@^y@gAsBuAkAGEUQk@g@GEOKO[EGCICICGA[?S?I@I@KDSXUDEVOlAi@T[@ABMDU@{@?uC@c@@g@@SBg@@O@OHi@F]?E@EDQLi@DMLYJU@EHORc@PWRULMHKNMNO^YROZQFELGTGREVGDAFAH?P?`@@P@D@VDXFHDJF\TLJLNLPNPVd@NZNZVh@f@nAJRJL@BDBDFNHNDF@DBHEH?D?JEHGJINUBU?G?KEc@?IA]CGe@oAINMN}@cC\~@^bALOHOd@nABFNRJJBDB@B@F@D?JCr@aA`@g@DKPQ@IDQDKFIFGDAFAD?D@HBFFFHDLBJBJ?L?L?LCJCJEJEHGFEBGBI?GAOB_@J_@NUNURY\GJIHABSXGRITEJAHBZ@VCLCNEJGHGHGBIBIAGAIEEEEGCGEIAICKAYM_@So@EKcAyBQ_@GMSg@KOIOKMOSOOMM_@YGCMGQIGAYCWEWAO?G@E@c@FMDQHEBGBMHSNSNWTEDa@ZUR]b@Q^Wf@Qf@Of@EXGVKt@AJ@N@LDJ?@HLnBRFBBD@D?D?D?B?RAFE@QAwAOCBAF?F?DBFR@ZDZBZDP@B@@BBK??	Click to Generate
S25	30	1			3	Hancock Cars (S25)	Shirefreen News 'n' Booze (S25)	Beck Primary School (S25)	2116	1587	s_deIbpwG??NVRVt@t@BDf@hAC\Ch@Gf@I|@Mt@CRIEEMAOAIMGGEOAI@EF_@xB^yBDGHAN@TL@H@NDLHDe@hCHCNEJAH?L?D?FCDNFNb@l@x@jASfAUxAOrAKfAOjBGdAEtACl@ClAZ@??[A?JCjA?zB@dB@b@?h@Bp@[n@FFFHJB^B|@@`@Gd@K~@W?J?JANG\NvA??OwAF]@O?K?K_AVe@Ja@F}@A_@CKCGIGGZo@Cq@?i@Ac@AeB?{BBkA?KBmABm@DuAFeANkBJgANsATyARgAy@kAc@m@GOEOIa@Ie@Cg@AKAGEILu@H}@Fg@Bi@B]g@iACEu@u@SWOW??	Click to Generate
S25	30	1			3	Masjid Abu Bakr (S25)	Tinsley Sports and Social Club (S25)	Tinsley Meadows Primary School (S25)	2948	2211	cw~dIvkoG\YRp@HZ_Ax@GFq@l@q@r@UVZlBJEHEPQd@c@w@t@IDKD[mBTWp@s@p@m@FG~@y@bC{BRQd@e@X]T]N]Pc@DQFWF_@@Ib@qDLeAPyAX}BBOD_@D]Ju@MAIAG@}A|@OFM???L?NG|A}@FAH@L@Kt@E\E^CNY|BQxAMdAc@pDAHG^GVEPQb@O\U\Y\e@d@SPcCzB_Ax@GFq@l@q@r@UVg@j@WZ[f@u@hAm@`AINmAvDELQ`@]h@U\OX]r@EIa@s@e@gA]eA[_AtAmBq@qBM@KDCDOa@??N`@BEJELAp@pBuAlBZ~@\dAd@fA`@r@DH\s@NYT]\i@Pa@DMlAwDHOl@aAt@iAZg@V[f@k@TWp@s@p@m@FG~@y@I[Sq@]X	Click to Generate
S25	20	1			3	St Lawrence Church (S25)	Tinsley Meadows Primary School (S25)	Madani Education Centre (S25)	2011	1508	kz~dI~noG[^Jp@F\p@s@p@m@FG~@y@I[Sq@GWIYCISq@IQAEEGCEKIOC@_@?SBODMr@}ADGFEHAH?NJLFHBFAFdABHDBB@CAECCIGeAG@ICMGOKI?I@GDEFs@|AEL?BCJ?RA^NBJHBDDF@DHPRp@BHHXFVRp@HZ_Ax@GFq@l@q@r@UVg@j@WZ[f@u@hAm@`AINmAvDELQ`@]h@U\OX]r@EIa@s@e@gA]eA[_AtAmBq@qBM@KDCDOa@??N`@BEJELAp@pBuAlBBHVt@\dAd@fA`@r@DH\s@NYT]\i@Pa@DMlAwDHOl@aAt@iAZg@V[f@k@TWG]Kq@Z_@	Click to Generate
S25	45	1			3	Ernest Jones (S25)	SYPTE (S25)	Jump Inc (S25)	3597	2698	gv_eIfgrGKvDAZt@pB??SZ}@_C@m@NkF[E[C[ESACG?E?G@GBCvANFCBE?I?GACCCC?eBSIDA@EDGNEP?JAvG?LAt@@P?J?^ATABEVo@~@GJKRILKNEPADEJBHFDXd@V`@FJ?\@P?X\l@HLNVNXXm@^y@gAsBuAkAGEUQk@g@GEOKO[EGCICICGA[?S?I@I@KDSXUDEVOlAi@T[@ABMDU@{@?uC@c@@g@@SBg@@O@OHi@F]?E@EDQLi@DMLYJU@EHORc@PWRULMHKNMNO^YROZQFELGTGREVGDAFAH?P?`@@P@D@VDXFHDJF\TLJLNLPNPVd@NZNZVh@f@nAJRJL@BDBDFNHNDF@DBHEH?D?JEHGJINUBU?G?KEc@?IA]CGe@oAINMN}@cC\~@^bALOHOd@nABFNRJJBDB@B@F@D?JCr@aA`@g@DKPQ@IDQDKFIFGDAFAD?D@HBFFFHDLBJBJ?L?L?LCJCJEJEHGFEBGBI?GAOB_@J_@NUNURY\GJIHABSXGRITEJAHBZ@VCLCNEJGHGHGBIBIAGAIEEEEGCGEIAICKAYM_@So@EKcAyBQ_@GMSg@KOIOKMOSOOMM_@YGCMGQIGAYCWEWAO?G@E@c@FMDQHEBGBMHSNSNWTEDa@ZUR]b@Q^Wf@Qf@Of@EXGVKt@AJ@N@LDJ?@HLnBRFBBD@D?D?D?B?RAFE@QAwAOCBAF?F?DBFR@ZDZBZDP@B@@B@JAb@	Click to Generate
S25	45	1			3	Wincobank Fish Bar (S25)	Eastwoods (S25)	Northern Trains (S25)	3344	2508	qx`eI~_tGWuBO{AOuAm@V}@ZwB`A]HI@OAU?a@?YDQHYTRdAXvAl@@zBDDHZvCdAdBFJLN`@l@d@j@VV^^^\^`@VVPLNnAJn@VtAFTFN@DbAa@BEBE@E?Kw@eHmAuKg@oEe@mEbBo@xAq@@?FC\MGm@AKIo@QiBCYAQ?U?Q@MBUBODMDMHMFGHI\QLGPGb@ONCBAn@IJALCLELGDO@M?C?KMa@So@M[K]EMI[EQPIFEFEDCPMNQPQVa@j@aAV_@NOTWb@MJCJ?JANBNFNJ^f@Nh@Fj@EPADEJBHAHCn@?t@@p@DZt@lALVRXBBBDB?B?DEHOP_@x@gBgAsBuAkAGEUQk@g@GEOKKE_@KKAO?OBOBQHOLKLMNYh@SVYZKJWf@CJCFEVAVDd@Rn@L`@HTBL?L?JCFCDI@GAQGGAKAK@o@HC@OBc@NQFMF]PIHGFILELELCNCTAL?P?T@PBXPhBHn@@JFl@]LGBA?yAp@cBn@MD_A\WJNtANzAVtB	Click to Generate
S25	20	1			3	Tinsley Meadows Primary School (S25)	Madani Education Centre (S25)	Hanfia Masjid (S25)	2025	1519	ws_eI`~nGNxBX\RJETIPMLaAXAPJdBPGXjEbC`HjAfDNh@tAmBq@qBM@KDCDOa@??N`@BEJELAp@pBuAlBBHVt@\dAqEjGmBaCqBaCkAfBOTIS{@oBUi@Ys@EK]cAUo@[g@MYGMGKY_@UU[a@GKKMCO?O@Y?GDk@Bm@Cq@AMCUAu@Lh@?@Ht@DCHCRIhFwAnFcBKeB@Q`AYLMHQDUSKY]OyB	Click to Generate
S25	60	1			3	Reiss (S25)	Jump Inc (S25)	SYPTE (S25)	5157	3868	em_eIpfrGAJbAhCT[T]T[V]T]CGQc@Qc@Qe@Qe@Qc@Qc@Qg@BUpBwCBK@A@O@MCYKOIOKMOSOOMM_@YGCMGQIGAYCWEWAO?G@E@c@FMDQHEBGBMHSNSNWTEDa@ZUR]b@Q^Wf@Qf@Of@EXGVKt@AJ@N@LDJ?@HLnBRFBBD@D?D?D?B?RAFE@QAwAOCBAF?F?DBFR@ZDZBZDP@B@@B@JMzEAZt@pB??SZ}@_C@m@NkF[E[C[ESACG?E?G@GBCvANFCBE?I?GACCCC?eBSKAGCGKIMGQAW@O@OHi@F]?E@EDQLi@DMLYJU@EHORc@PWRULMHKNMNO^YROZQFELGTGREVGDAFAH?P?`@@P@D@VDXFHDJF\TLJLNLPNPVd@NZNZVh@f@nAJRJL@BDBDFNHNDF@DBHEH?D?JEHGJINUBU?G?KEc@?IA]CGe@oAINMN}@cC\~@^bALOHOd@nABFNRJJBDB@B@F@D?JCr@aA`@g@DKPQ@IDQDKFIFGDAFAD?D@HBFFFHDLBJBJ?L?L?LCJCJEJEHGFEBGBI?GAOB_@J_@NUNURY\GJIHABSXGRITEJAHBZ@VCLCNEJGHGHGBIBIAGAIEEEEGCGEIAICKAYM_@So@EKcAyBQ_@GMSg@KOIOKMOSOOMM_@YGCMGQIGAYCWEWAO?G@E@c@FMDQHEBGBMHSNSNWTEDa@ZUR]b@Q^Wf@Qf@Of@EXGVKt@AJG~@C`A?JAvG?LAt@@P?J?^ATABEVo@~@GJKRILKNEPADEJBHFDXd@V`@FJ?\@P?X\l@HLNVNXXm@^y@gAsBuAkAGEUQk@g@GEOKO[EGCICICGA[?S?I@I@KDSXUDEVOlAi@T[@ABMDU@{@?uC@c@@g@@SBg@@O@OHi@F]?E@EDQLi@DMLYJU@EHORc@PWRULMHKNMNO^YROZQFELGTGREVGDAFAH?P?`@@P@D@VDXFHDJF\TLJLNLPNPVd@NZNZENCLGFKPEFSZ}A|BK@a@M?h@Ap@EbAC|@Av@	Click to Generate
S25	30	1			3	South Street Convenience Store (S25)	Dave's Fish Bar (S25)	Meadow View Primary School (S25)	2895	2171	uebeIv{nG@BAD?DCBA@C@CACCAC?EAE@E@CBC@AB?EOEW?K@I^wAJ]DIAI?KFWTTHHpBxBDBdAIFpB@j@Bb@@l@BV@T@PHrAJdABTRdBNdANlAj@lERxAD`@Jv@DZGBGBG?IAGGYm@GM_@w@eBoDi@kAc@{@KQKKyAeAQMc@]CAy@m@o@`DERYvAMd@Od@Ul@u@tBCHw@rBg@rAKVm@u@[]SOSMe@QKEo@SUISMQO]c@GIc@k@i@u@s@}@^oARm@??Sl@_@nAr@|@h@t@b@j@FH\b@PNRLTHn@RJDd@PRLRNZ\l@t@r@kBv@sBBIt@uBTm@Ne@Le@XwADSn@aDmE}CEIAI?E?Uf@}CtB}Mj@j@r@v@\^Z\FHTTHHGNEDIBGAEIEHK\_@vAAH?JDVDNB@@B@D?@	Click to Generate
S25	20	1			3	The Manor Barn (S25)	Kimberworth Library (S25)	Meadow View Primary School (S25)	2043	1532	k~beIhjnGMz@GDG?IEEEAE?G^eCD[@E@SAKKMUCQE]SKEC?G?ICc@YCPO`AK~@MlACRIj@APCLERIRIPWh@Ob@ELO^Sr@Ib@If@ATANAb@@d@Bh@Fl@Fl@FXF\XU@CDELS`BkDYYMMKQq@_BS]OUSr@Ib@If@Cd@Ab@@d@Bh@Fl@Fl@FXF\Jh@\rAFRJh@DVJ|@Ft@BV@N?LPLLLt@z@RVDFj@r@j@t@JN^oARm@??Sl@_@nAKOk@u@k@s@EGSWu@{@MMQM?MAOCWGu@K}@EWKi@GS]sAKi@G]GYGm@Gm@Ci@Ae@@c@Be@Hg@Hc@Rs@N_@DMNc@Vi@HQHSDSBM@QHk@t@t@NLF@FCDGXmBN}@BKBEF@TLTN\T@FO~@	Click to Generate
S25	20	1			3	The Manor Barn (S25)	Bake N Butty (S25)	The Salvation Army - Rotherham (S25)	1598	1198	qgceId_oGDELS`BkDYYMMKQq@_BS]OUSr@Ib@If@ATANAb@@d@Bh@Fl@Fl@FXF\Jh@\rAFRJh@DVJ|@Ft@BV@N?LPLLLLNf@j@RVDFj@r@j@t@JN^oARm@Sl@_@nAKOk@u@k@s@EGSWu@{@MMQMCNCJk@bAILMTQRSVYZ[d@e@r@a@r@ILOTQRMPKJQNC@@J?NCPIf@IX@]?QAQESZYBAPOJKLQPSNUHM`@s@d@s@JONUX[RWPSLUHMj@cABKBO?MAOCWGu@K}@EWKi@GS]sAKi@XU@C	Click to Generate
S25	20	1			3	The Manor Barn (S25)	Bake N Butty (S25)	The Salvation Army - Rotherham (S25)	1598	1198	qgceId_oGDELS`BkDYYMMKQq@_BS]OUSr@Ib@If@ATANAb@@d@Bh@Fl@Fl@FXF\Jh@\rAFRJh@DVJ|@Ft@BV@N?LPLLLLNf@j@RVDFj@r@j@t@JN^oARm@Sl@_@nAKOk@u@k@s@EGSWu@{@MMQMCNCJk@bAILMTQRSVYZ[d@e@r@a@r@ILOTQRMPKJQNC@@J?NCPIf@IX@]?QAQESZYBAPOJKLQPSNUHM`@s@d@s@JONUX[RWPSLUHMj@cABKBO?MAOCWGu@K}@EWKi@GS]sAKi@XU@C	Click to Generate
S25	30	1			3	American Golf (S25)	Madani Education Centre (S25)	Hanfia Masjid (S25)	2380	1785	cp_eI~wpGaA{A?EHs@VENBd@Fh@NN@VCDA\OVe@Ra@d@k@ZWNE^CP@R@ZR\ZVl@Jh@Ff@@H@fAAVC^@dAFl@Jh@Vd@X\CVK\EJIDG@[Hk@Xk@ZEY`@UQJOHDXj@[j@YZIFAHEDKJ]_@_@S]OYKISGSAU@_@b@WPWJ[BG?QEQGa@[SUOa@Mg@Go@Cg@?_@@]@UBQDSJa@Ve@Ra@NeAHoAHy@No@L[LUEIa@s@e@gA]eAWu@CIOi@kAgDcCaH{Bl@cCn@yBp@GBi@Ng@JIFGDKNTv@f@bBNr@Tn@\bADJXr@Th@z@nBHRl@lA`@z@DF`@x@Xd@`@j@JLRXHHVRNHTHIr@?D`AzA	Click to Generate
S25	45	1			3	Ernest Jones (S25)	SYPTE (S25)	Jump Inc (S25)	3597	2698	gv_eIfgrGKvDAZt@pB??SZ}@_C@m@NkF[E[C[ESACG?E?G@GBCvANFCBE?I?GACCCC?eBSIDA@EDGNEP?JAvG?LAt@@P?J?^ATABEVo@~@GJKRILKNEPADEJBHFDXd@V`@FJ?\@P?X\l@HLNVNXXm@^y@gAsBuAkAGEUQk@g@GEOKO[EGCICICGA[?S?I@I@KDSXUDEVOlAi@T[@ABMDU@{@?uC@c@@g@@SBg@@O@OHi@F]?E@EDQLi@DMLYJU@EHORc@PWRULMHKNMNO^YROZQFELGTGREVGDAFAH?P?`@@P@D@VDXFHDJF\TLJLNLPNPVd@NZNZVh@f@nAJRJL@BDBDFNHNDF@DBHEH?D?JEHGJINUBU?G?KEc@?IA]CGe@oAINMN}@cC\~@^bALOHOd@nABFNRJJBDB@B@F@D?JCr@aA`@g@DKPQ@IDQDKFIFGDAFAD?D@HBFFFHDLBJBJ?L?L?LCJCJEJEHGFEBGBI?GAOB_@J_@NUNURY\GJIHABSXGRITEJAHBZ@VCLCNEJGHGHGBIBIAGAIEEEEGCGEIAICKAYM_@So@EKcAyBQ_@GMSg@KOIOKMOSOOMM_@YGCMGQIGAYCWEWAO?G@E@c@FMDQHEBGBMHSNSNWTEDa@ZUR]b@Q^Wf@Qf@Of@EXGVKt@AJ@N@LDJ?@HLnBRFBBD@D?D?D?B?RAFE@QAwAOCBAF?F?DBFR@ZDZBZDP@B@@B@JAb@	Click to Generate
S25	30	1			3	Tinsley Meadows Primary School (S25)	Lily Chinese Massage (S25)	Hanfia Masjid (S25)	2312	1734	_l_eIn_pGCItAmBq@qBM@KDCDOa@??N`@BEJELAp@pBuAlBOi@kAgDaBxB}AtBoA~AKNkAfBOTl@lA`@z@DF`@x@Xd@`@j@JLRXHHVRNHTHIr@?DvBdDu@iAaA{A?EHs@UIOIWSIISYKMa@k@Ye@a@y@EGa@{@m@mAISqAyCYs@EK]cAUo@[g@MYGMGKY_@UU[a@GKKMCO?O@Y?GDk@Bm@Cq@AMCUAu@Lh@?@Ht@BXN~@Nv@BLFPFPTv@f@bBNr@Tn@\bADJXr@Th@z@nBHRNUjAgBJOnA_B|AuB`ByBjAfDNh@BH	Click to Generate
S25	60	1			3	Blackburn Meadows Nature Reserve (S25)	ItsaGoal (S25)	Hanfia Masjid (S25)	11048	8286	aj`eI~{mGDnB@xC`@b@Dg@Bg@Do@NwBPaDBWFoAHcBHcBFu@HuALuB@Y@]@k@A}@GeAKyBIqBE{AK}A_@eGUwBEg@Ky@UsBOmBKeAE]EUOu@Qm@Si@Se@Uc@QKA?[GEAGCIICGCMAOK_@ACQc@q@i@kAeAUW_@e@]i@Yq@Ww@Qm@Q_Ag@}C_@eCs@{ECU[qBc@oCKs@c@}AESGQIUK[IUYcAKSU[CCGMCOCk@GWMg@Ys@c@_A[i@]m@UUw@g@KCIEc@S]Ea@?e@LeIdDeBd@uAV_@BK@qAF}AAaBKWJMJIJEFCFGPKd@?FDlA@`@BTDl@DVD\Ff@Hx@D^Bd@Bn@@`A?~A?N?vA?f@?|@Ef@ShBw@dHMbAg@rEKx@C`@?\FnABz@@nA@p@?DAf@AjA?RChAAvA?xAApAC|B?b@?JCjBAdB?~@?FAZ?VAvBAxA?XCbE?P@\?BBNDRVd@HMNQLMj@i@^i@PYt@oAXe@`A_BTa@Zk@t@qALSdAkBDWB_@Hm@FIRCB?HCJEJM\e@NMPID@FBDFDJNr@BR@XNrG@d@@NBNl@LjA`@LB^@ZAP?TIL[VKREVGDSC{FBzFER??WFSDWJMZUHQ?[@_@AMCkAa@m@MCOAOAe@OsGAYCSOs@EKEGGCEAQHOL]d@KLKDIBC?SBGHIl@C^EVeAjBMRu@pA[j@U`@aA~AYd@u@nAQX_@h@k@h@MLOPILMZQp@b@b@bA`A\^j@x@FHnA`C`@t@l@nAf@vAN`@Pf@HTXx@`@nAZ~@BLPj@^|A?DHl@BNDVFp@HtAFtADtAFxBB`@FpB@j@Bb@@l@BV@T@PHrAJdABTRdBNdANlAj@lERxAD`@Jv@DZRxA@L`@|CVrBHn@P`AN`A^|BPhAl@bDRbAr@tDLn@ZxAZfAf@~AX|@d@rAZbA\fAl@~Ar@~Ah@vAFN^dAZnATrAPfABHHZFRDJHRFJ^TLFN?\GTIj@m@jEgE|KiJ|EeEnCmCfCsCbFeGn@cA?ALSH]BODs@Cg@?_@@]@UBQDSJa@Ve@Ra@NeAHoAHy@No@L[LUEIa@s@e@gA]eA[_AOi@kAgDcCaHYkEQFKeB@Q`AYLMHQDUSKY]OyBIoAXhEX\RJETIPMLaAXAPJdBPGXjEbC`HaBxB}AtBoA~AKNkAfBOTIS{@oBUi@Ys@EK]cAUo@[g@MYGMGKY_@UU[a@GKKMCO?O@Y?GDk@Bm@Cq@AMCUAu@COEc@CWQyBa@aFE_@Ei@A]GmAAYQgECkAEgBAo@Ae@?Y@q@Bs@@a@a@c@AyCEoB	Click to Generate
S25	20	1			3	Tinsley Barbers (S25)	Tinsley Meadows Primary School (S25)	Madani Education Centre (S25)	1621	1216	ey~dIvuoGQPIDKD[mBTWp@s@p@m@FG~@y@I[Sq@]X??\YRp@HZ_Ax@GFq@l@q@r@UVg@j@WZ[f@u@hAm@`AINmAvDELQ`@]h@U\OX]r@EIa@s@e@gA]eA[_AtAmBq@qBM@KDCDOa@??N`@BEJELAp@pBuAlBBHVt@\dAd@fA`@r@DH\s@NYT]\i@Pa@DMlAwDHOl@aAt@iAZg@V[f@k@ZlBJEHEPQ	Click to Generate
S25	60	1			3	American Golf (S25)	Madani Education Centre (S25)	Air Haus (S25)	4242	3182	on_eIfzpGuBcD?EHs@VENBd@Fh@NN@VCDA\OVe@Ra@d@k@ZWNE^CP@R@ZR\ZVl@Jh@Ff@@H@fAAVC^@dAFl@Jh@Vd@X\CVK\EJIDG@[Hk@Xk@ZEY`@UQJOHDXj@[j@YZIFAHEDKJ]_@_@S]OYKISGSAU@_@b@WPWJ[BG?QEQGa@[SUOa@Mg@Go@Cg@Mi@KYKSYUi@Mc@GMKMMUIOIWSIISYKMa@k@Ye@a@y@EGa@{@m@mANUjAgBJOnA_B|AuB`ByBjAfDNh@BHVt@\dAd@fA`@r@DHI`@E\CV?V@H@RFRLZBFV\P@R@ZR\ZVl@Jh@Ff@@H@fAAVC^Ot@Un@c@h@_@b@Oh@EPCPAT?TBd@Lh@R^NTHFz@v@XXl@l@d@f@f@d@`@d@JLPPJLf@j@`@d@FFT\HBFFFHDLBJBJ?L?L?LCJCJEJEHGFEBGBI?GAOB_@J_@NUNURY\GJIHABSXGRITEJAHBZ@VCLCNEJGHGHGBIBIAGAIEEEEGCGEIAICKAY@O@QBMFMDKHGHEH?D?JEHGJINUBU?G?KEc@?IA]CGe@oAo@{AMYGKIGK?K@KJyAyD~@`CXv@JKJAJ?HFFJLXn@zAd@nABFNRJJBDB@B@F@D?JCr@aA`@g@DKPQ@IM}@GYM[GKQWQSUWaB_Bg@g@oAkA]]KMk@y@MSM]K]I[G[EMUk@a@[SUOa@Mg@Go@Cg@Mi@KYKSYUi@Mc@GMKMMIr@?DtBbD	Click to Generate
S25	20	1			3	Bake N Butty (S25)	Kimberworth Post Office (S25)	The Salvation Army - Rotherham (S25)	1598	1198	g}beIpooGSl@_@nAKOk@u@k@s@EGSWg@k@MOMMQM?MAOCWGu@K}@EWKi@GS]sAKi@G]GYGm@Gm@Ci@Ae@@c@Be@Hg@Hc@Rs@NTR\p@~AJPLLXXaBjDMREDABYTJh@\rAFRJh@DVJ|@Ft@BV@N?LCNCJk@bAILMTQRSVYZ[d@e@r@a@r@ILOTQRMPKJQNC@@J?NCPIf@IX@]?QAQESZYBAPOJKLQPSNUHM`@s@d@s@JONUX[RWPSLUHMj@cABKBOPLLLt@z@RVDFj@r@j@t@JN^oARm@	Click to Generate
S25	60	1			3	Reiss (S25)	Jump Inc (S25)	SYPTE (S25)	4245	3184	ct_eIx_rG@SBu@BsA?OG@EACECEAO@KCYEUIe@ECAAGEGCM?UR]b@Q^Wf@Qf@Of@EXGVKt@AJ@N@LDJ?@HLnBRFBBD@D?D?D?B?RAFE@QAwAOCBAF?F?DBFR@ZDZBZDP@B@@B@JMzEAZt@pB??SZ}@_C@m@NkF[E[C[ESACG?E?G@GBCvANFCBE?I?GACCCC?eBSKAGCGKIMGQAW@O@OHi@F]?E@EDQLi@DMLYJU@EHORc@PWRULMHKNMNO^YROZQFELGTGREVGDAFAH?P?`@@P@D@VDXFHDJF\TLJLNLPNPVd@NZNZVh@f@nAJRJL@BDBDFNHNDF@DBHEH?D?JEHGJINUBU?G?KEc@?IA]CGe@oAINMN}@cC\~@^bALOHOd@nABFNRJJBDB@B@F@D?JCr@aA`@g@DKPQ@IDQDKFIFGDAFAD?D@HBFFFHDLBJBJ?L?L?LCJCJEJEHGFEBGBI?GAOB_@J_@NUNURY\GJIHABSXGRITEJAHBZ@VCLCNEJGHGHGBIBIAGAIEEEEGCGEIAICKAYM_@So@EKcAyBQ_@GMSg@KOIOKMOSOOMM_@YGCMGQIGAYCWEWAO?G@E@c@FMDQHEBGBMHSNSNWTEDa@ZUR]b@Q^Wf@Qf@Of@EXGVKt@AJG~@C`A?JAvG?LAt@@P?J?^ATABEVo@~@GJKRILKNEPADEJBHFDXd@V`@FJ?\@P?X\l@HLNVNXXm@^y@gAsBuAkAGEUQk@g@GEOKO[EGCICICGA[?S?I@I@KDSXUDEVOlAi@T[@ABMDU@{@?uC@c@@g@@SBg@@O@OHi@F]?E@EDQLi@DMLYJU@EHORc@PWRULMHKPCJGF@D@BBDDH`@@FVnABR@H?JAJ?NCrACt@AR	Click to Generate
S25	45	1			3	AllSaints (S25)	SYPTE (S25)	Jump Inc (S25)	3606	2704	cv_eIjerG??CJ@JMzEAZt@pB??SZ}@_C@m@NkF[E[C[ESACG?E?G@GBCvANFCBE?I?GACCCC?eBSIDA@EDGNEP?JAvG?LAt@@P?J?^ATABEVo@~@GJKRILKNEPADEJBHFDXd@V`@FJ?\@P?X\l@HLNVNXXm@^y@gAsBuAkAGEUQk@g@GEOKO[EGCICICGA[?S?I@I@KDSXUDEVOlAi@T[@ABMDU@{@?uC@c@@g@@SBg@@O@OHi@F]?E@EDQLi@DMLYJU@EHORc@PWRULMHKNMNO^YROZQFELGTGREVGDAFAH?P?`@@P@D@VDXFHDJF\TLJLNLPNPVd@NZNZVh@f@nAJRJL@BDBDFNHNDF@DBHEH?D?JEHGJINUBU?G?KEc@?IA]CGe@oAINMN}@cC\~@^bALOHOd@nABFNRJJBDB@B@F@D?JCr@aA`@g@DKPQ@IDQDKFIFGDAFAD?D@HBFFFHDLBJBJ?L?L?LCJCJEJEHGFEBGBI?GAOB_@J_@NUNURY\GJIHABSXGRITEJAHBZ@VCLCNEJGHGHGBIBIAGAIEEEEGCGEIAICKAYM_@So@EKcAyBQ_@GMSg@KOIOKMOSOOMM_@YGCMGQIGAYCWEWAO?G@E@c@FMDQHEBGBMHSNSNWTEDa@ZUR]b@Q^Wf@Qf@Of@EXGVKt@AJ@N@LDJ?@HLnBRFBBD@D?D?D?B?RAFE@QAwAOCBAF?F?DBFR@ZDZBZDP@B@@BBK??	Click to Generate
S25	60	1			3	Reiss (S25)	Jump Inc (S25)	SYPTE (S25)	5157	3868	em_eIvfrGADbAhCT[T]T[V]T]CGQc@Qc@Qe@Qe@Qc@Qc@Qg@BUpBwCBK@A@O@MCYKOIOKMOSOOMM_@YGCMGQIGAYCWEWAO?G@E@c@FMDQHEBGBMHSNSNWTEDa@ZUR]b@Q^Wf@Qf@Of@EXGVKt@AJ@N@LDJ?@HLnBRFBBD@D?D?D?B?RAFE@QAwAOCBAF?F?DBFR@ZDZBZDP@B@@B@JMzEAZt@pB??SZ}@_C@m@NkF[E[C[ESACG?E?G@GBCvANFCBE?I?GACCCC?eBSKAGCGKIMGQAW@O@OHi@F]?E@EDQLi@DMLYJU@EHORc@PWRULMHKNMNO^YROZQFELGTGREVGDAFAH?P?`@@P@D@VDXFHDJF\TLJLNLPNPVd@NZNZVh@f@nAJRJL@BDBDFNHNDF@DBHEH?D?JEHGJINUBU?G?KEc@?IA]CGe@oAINMN}@cC\~@^bALOHOd@nABFNRJJBDB@B@F@D?JCr@aA`@g@DKPQ@IDQDKFIFGDAFAD?D@HBFFFHDLBJBJ?L?L?LCJCJEJEHGFEBGBI?GAOB_@J_@NUNURY\GJIHABSXGRITEJAHBZ@VCLCNEJGHGHGBIBIAGAIEEEEGCGEIAICKAYM_@So@EKcAyBQ_@GMSg@KOIOKMOSOOMM_@YGCMGQIGAYCWEWAO?G@E@c@FMDQHEBGBMHSNSNWTEDa@ZUR]b@Q^Wf@Qf@Of@EXGVKt@AJG~@C`A?JAvG?LAt@@P?J?^ATABEVo@~@GJKRILKNEPADEJBHFDXd@V`@FJ?\@P?X\l@HLNVNXXm@^y@gAsBuAkAGEUQk@g@GEOKO[EGCICICGA[?S?I@I@KDSXUDEVOlAi@T[@ABMDU@{@?uC@c@@g@@SBg@@O@OHi@F]?E@EDQLi@DMLYJU@EHORc@PWRULMHKNMNO^YROZQFELGTGREVGDAFAH?P?`@@P@D@VDXFHDJF\TLJLNLPNPVd@NZNZENCLGFKPEFSZ}A|BK@a@M?h@Ap@EbAC|@A|@	Click to Generate
S25	60	1			3	Stan (S25)	Crow Girl (S25)	Abbey School (S25)	6726	5044	yldeIv~qGi@KqCYFuA?g@?SLmCDw@N{@Jg@Zm@BC\g@NOKi@GSMKOGiCc@KOCM?WFW~@qBRVpH~ARHq@hBMP??QJk@NUDMBa@FQHON]f@CB[l@Kf@Oz@Ev@MlC?R?f@GtApCXh@JvCx@FBnCr@VLnB`C~CtDzCjDLJj@d@PLb@VjCjALFFBx@Z~@h@`DzBvDbCvBvAr@f@d@d@f@b@BDRTV\Pu@H]P{@J[L_@f@yAZy@Rm@JYF_@Da@Da@NuAJmAJcAJkANyAHy@Dk@@EB[@W@[AkAA_BAi@Ee@G]CKQWm@{@GKGUG[UcBG]Ku@AIAGCUAO?S@ODQFOHKFGRWt@y@^c@RYR_@R_@To@FSDSFUDWHk@BKFq@Bc@Be@?a@?W?SAMCa@AQC]Im@Ik@Mo@Oi@Oi@Og@Qa@Q_@Wi@[i@MSCCQYWYIKc@c@g@a@OI}@g@}@i@KKKOEGIUI[CWAc@?S@WDa@Fg@Fa@UISMQO]c@GIc@k@i@u@s@}@KOk@u@k@s@EGSWu@{@MMQMCNCJk@bAILMTQRSVYZ[d@e@r@a@r@ILOTQRMPKJQNC@@J?NCPIf@IXIXERADAFGTELNXDNDVTxAf@|Cz@tFTzAFd@^jBJnA@x@GtAEZG`@GTWlBYdAo@bAcAr@g@FgBLa@FINCR?VAl@??@m@?WBSHO`@GfBMf@GbAs@n@cAXeAVmBFUFa@D[FuAAy@KoA_@kBGe@U{A{@uFg@}CUyAEWEOOYM`@ITKLGJSPc@^QTIRKXMd@Kh@QvAOh@s@fAiAxAiBxBeAxBeA`CiAfCk@xASr@q@hBMPQJk@NUDMBa@FQHON]f@CB[l@Kf@Oz@Ev@MlC?R?f@GtApCXh@J	Click to Generate
S25	45	1			3	Tinsley Meadows Primary School (S25)	Tinsley Sports and Social Club (S25)	Madani Education Centre (S25)	4026	3020	gz~dI`joGvAqARp@BHHXFVRp@HZ_Ax@GFq@l@q@r@UVg@j@WZ[f@u@hAm@`AINmAvDELQ`@]h@U\OX]r@EIa@s@e@gA]eA[_AtAmBq@qBM@KDCDOa@??N`@BEJELAp@pBuAlBZ~@\dAd@fA`@r@DH\s@NYT]\i@Pa@DMlAwDHOl@aAt@iAZg@V[f@k@TWp@s@p@m@FG~@y@bC{BRQd@e@X]T]N]Pc@DQFWF_@@Ib@qDLeAPyAX}BBOD_@D]Ju@MAIAG@}A|@OFM???L?NG|A}@FAH@L@Kt@E\E^CNY|BQxAMdAc@pDAHG^GVEPQb@O\U\Y\e@d@SPcCzB_Ax@GFq@l@q@r@UVg@j@WZ[f@u@hAm@`AINmAvDELQ`@]h@U\OX]r@EIa@s@e@gAqEjGmBaCtFyHNh@BHVt@\dAd@fA`@r@DH\s@NYT]\i@Pa@DMlAwDHOl@aAt@iAZg@V[f@k@TWG]Kq@G_@Oy@Ie@`A}@	Click to Generate
S25	30	1			3	Volksgear (S25)	Shirefreen News 'n' Booze (S25)	Beck Primary School (S25)	2093	1570	c_deIzpwG??RVt@t@BDf@hAC\Ch@Gf@I|@Mt@CRIEEMAOAIOIECOAI@EF_@xB^yBDGHAN@TL@H@NDLHDe@hCHCNEJAH?L?D?FCDNFNb@l@x@jASfAUxAOrAKfAOjBGdAEtACl@ClAZ@??[A?JCjA?zB@dB@b@?h@Bp@[n@FFFHJB^B|@@`@Gd@K~@W?J?JANG\NvA??OwAF]@O?K?K_AVe@Ja@F}@A_@CKCGIGGZo@Cq@?i@Ac@AeB?{BBkA?KBmABm@DuAFeANkBJgANsATyARgAy@kAc@m@GOEOIa@Ie@Cg@AKAGEILu@H}@Fg@Bi@B]g@iACEu@u@SW??	Click to Generate
S25	45	1			3	Mint Nail (S25)	Flannels (S25)	The Cruise Holiday Shop (S25)	3442	2582	i}_eIr`sGLVRXBBBDB?B?DEHOP_@x@gBgAsBuAkAGEUQk@g@GEOKO[EGCICICGA[?S?I@I@KDSXUDEVOlAi@T[@ABMDU@{@?uCJe@@QDOHGFEHAH@nBRFBBD@D?D?D?B?RAFE@QAwAOCBAF?F?DBFR@ZDZBZDP@B@@B@JMzEAZt@pB??SZ}@_C@m@NkFP@B@@B@JEzAG~B[C[C[E[CQCLkFCG?E?G@GBCvANFCBE?I?GACCCC?eBSKAGCGKIMGQAW@O@OHi@F]?E@EDQLi@DMLYJU@EHORc@PWRULMHKNMNO^YROZQFELGTGREVGDAFAH?P?`@@P@D@VDXFHDJF\TLJLNLPNPVd@NZNZENCLGFKPEFSZ}A|BK@a@M?h@Ap@EbAC|@CbAC~@p@fB??T]T[T]T[V]T]CGQc@Qc@Qe@Qe@Qc@Qc@Qg@BUpBwCBK@A@O@MCYKOIOKMOSOOMM_@YGCMGQIGAYCWEWAO?G@E@c@FMDQHEBGBMHSNSNWTEDa@ZUR]b@Q^Wf@Qf@Of@EXGVKt@AJG~@C`A?JAvG?LAt@@P?J?^ATABEVo@~@GJKRILKNEPADEJBHAHCn@?t@@p@DZt@lA	Click to Generate
S25	45	1			3	Beck Primary School (S25)	Shirefreen News 'n' Booze (S25)	Shiregreen Medical Centre (S25)	3316	2487	q~beItjzGLeAq@Us@Qw@Qw@Ks@Ge@ACSGQKSe@cA]{@_@cAWy@Qq@Me@SaAUkAQmAEYMiAKcAGaAEu@wA^_@L?J?JANG\NvA??OwAF]@O?K?K_AVe@Ja@F}@A_@CKCGIGGZo@Cq@?i@Ac@AeB?{BBkA?KZ@??[ABmABm@DuAFeANkBJgANsATyARgAT^R^RVRNPHRHPBT?d@Cl@IpA_@@?bBi@XKXK`@ONGx@Ul@M\GLAd@E`@@XFPHvAn@rAp@h@VPHPLNLJJPBLBPF\PjB~@`Ah@B@HD|Az@d@Rf@Tj@TZHNDv@PD@AT]nFWbFcDc@y@Im@Ga@CM@C@EFgAgAMK]]CAGEMGMAc@@M??R?xB?V@bA?nC?L?l@Cd@C`@Er@IdAM`BGf@I|@Iv@MtA[lDUvBANIv@QjAo@]OGOIMdA	Click to Generate
S25	60	1			3	Ernest Jones (S25)	Jump Inc (S25)	SYPTE (S25)	5179	3884	im_eIdhrGAVp@fBT]T[T]T[V]T]CGQc@Qc@Qe@Qe@Qc@Qc@Qg@BUpBwCBK@A@O@MCYKOIOKMOSOOMM_@YGCMGQIGAYCWEWAO?G@E@c@FMDQHEBGBMHSNSNWTEDa@ZUR]b@Q^Wf@Qf@Of@EXGVKt@AJ@N@LDJ?@HLnBRFBBD@D?D?D?B?RAFE@QAwAOCBAF?F?DBFR@ZDZBZDP@B@@B@JMzEAZt@pB??SZ}@_C@m@NkF[E[C[ESACG?E?G@GBCvANFCBE?I?GACCCC?eBSKAGCGKIMGQAW@O@OHi@F]?E@EDQLi@DMLYJU@EHORc@PWRULMHKNMNO^YROZQFELGTGREVGDAFAH?P?`@@P@D@VDXFHDJF\TLJLNLPNPVd@NZNZVh@f@nAJRJL@BDBDFNHNDF@DBHEH?D?JEHGJINUBU?G?KEc@?IA]CGe@oAINMN}@cC\~@^bALOHOd@nABFNRJJBDB@B@F@D?JCr@aA`@g@DKPQ@IDQDKFIFGDAFAD?D@HBFFFHDLBJBJ?L?L?LCJCJEJEHGFEBGBI?GAOB_@J_@NUNURY\GJIHABSXGRITEJAHBZ@VCLCNEJGHGHGBIBIAGAIEEEEGCGEIAICKAYM_@So@EKcAyBQ_@GMSg@KOIOKMOSOOMM_@YGCMGQIGAYCWEWAO?G@E@c@FMDQHEBGBMHSNSNWTEDa@ZUR]b@Q^Wf@Qf@Of@EXGVKt@AJG~@C`A?JAvG?LAt@@P?J?^ATABEVo@~@GJKRILKNEPADEJBHFDXd@V`@FJ?\@P?X\l@HLNVNXXm@^y@gAsBuAkAGEUQk@g@GEOKO[EGCICICGA[?S?I@I@KDSXUDEVOlAi@T[@ABMDU@{@?uC@c@@g@@SBg@@O@OHi@F]?E@EDQLi@DMLYJU@EHORc@PWRULMHKNMNO^YROZQFELGTGREVGDAFAH?P?`@@P@D@VDXFHDJF\TLJLNLPNPVd@NZNZENCLGFKPEFSZ}A|BK@a@M?h@Ap@EbAC|@CbAAf@	Click to Generate
S25	60	1			3	Tinsley Sports and Social Club (S25)	Refuel (S25)	Sheffield Hallam University Sports Park (S25)	12141	9106	ie_eIfukGFb@Fv@@|@ErAMpAMbAFjANhA`@nB`CcDd@g@f@]b@Od@EpD@fA?~DA^@HATIVfBFd@BRF^F`@RvAh@~D~@`HD`@F^@FNtABLXdCXlCFz@@X?NAv@Et@AJKfAQjAE\SfAY|AS~AIp@O`BGrAMhEEdAGx@MAIAG@}A|@OFM???L?NG|A}@FAH@L@Kt@E\E^CNY|BQxAMdAc@pDAHG^GVEPQb@O\U\Y\e@d@SPcCzB_Ax@GFq@l@q@r@UVg@j@WZ[f@u@hAm@`AINmAvDELQ`@]h@U\OX]r@EIa@s@e@gAqEjGmBaCqBaCkAfBOTISqAyCYs@EK]cAUo@[g@MYGMGKY_@UU[a@GKKMCO?O@Y?GDk@Bm@Cq@AMCUAu@COEc@CWQyBa@aFE_@Ei@A]GmAAYQgECkAEgBAo@Ae@?Y@q@Bs@@a@Dg@Bg@Do@NwBPaDBWFoAHcBHcBFu@HuALuB@Y@]@k@A}@GeAKyBIqBE{AK}A_@eGUwBEg@Ky@UsBOmBKeAE]EUOu@Qm@Si@Se@Uc@QKA?[GEAKHC@KLEDIRoApBcAzAuAjB\xAR~@@~@A`B@z@Dp@Jr@Lp@X|@Lb@DLVpARdALhAHfADbA@t@@V?`ACt@MfA?HAn@BfA@z@RvL@|@ZxQ[yQA}@CqAOeJA{@CgA@o@?ILgABu@?aAAWAu@EcAIgAMiASeAWqAEMMc@Y}@Mq@Ks@Eq@A{@@aBA_AS_A]yAtAkBbA{AnAqBHS@KBU?C@]AO@QBKFMFGHAD?JFDFDR@N@R@PBDH^Tb@Rd@Rh@Pl@Nt@DTD\JdANlBTrBJx@Df@TvB^dGJ|ADzAHpBJxBFdA@|@Aj@A\AXMtBItAGt@IbBIbBGnACVQ`DOvBEn@Cf@Ef@A`@Cr@Ap@?X@d@@n@DfBBjAPfE@XFlA@\Dh@D^`@`FPxBBVDb@BNLh@?@Ht@BXN~@Nv@BLFPFPTv@f@bBNr@Tn@\bADJXr@pAxCHRl@lA`@z@DF`@x@Xd@`@j@JLRXHHVRNHTHVENBd@Fh@NN@VCDA\OVe@Ra@NeAHoAHy@No@L[LU\s@NYT]\i@Pa@DMlAwDHOl@aAt@iAZg@V[f@k@TWp@s@p@m@FG~@y@bC{BRQd@e@X]T]N]Pc@DQFWF_@@Ib@qDLeAPyAX}BBOD_@D]Ju@Fy@DeALiEFsANaBHq@R_BX}ARgAD]PkAJgA@K\NXN\RB@Jb@h@rCr@rBDRFRBT@XvA`Dk@qAk@oAAYCUGSESs@sBi@sCKc@CA]SYO]ODu@@w@?OAYG{@YmCYeCCMOuAAGG_@Ea@_AaHi@_ESwAGa@G_@CSGe@WgBUHI@_@A_E@gA?qDAe@Dc@Ng@\e@f@aCbDa@oBOiAGkALcALqADsAA}@Gw@Gc@	Click to Generate
S25	45	1			3	Reiss (S25)	SYPTE (S25)	Jump Inc (S25)	3614	2710	cv_eI`erG?HCJ@JMzEAZt@pB??SZ}@_C@m@NkF[E[C[ESACG?E?G@GBCvANFCBE?I?GACCCC?eBSIDA@EDGNEP?JAvG?LAt@@P?J?^ATABEVo@~@GJKRILKNEPADEJBHFDXd@V`@FJ?\@P?X\l@HLNVNXXm@^y@gAsBuAkAGEUQk@g@GEOKO[EGCICICGA[?S?I@I@KDSXUDEVOlAi@T[@ABMDU@{@?uC@c@@g@@SBg@@O@OHi@F]?E@EDQLi@DMLYJU@EHORc@PWRULMHKNMNO^YROZQFELGTGREVGDAFAH?P?`@@P@D@VDXFHDJF\TLJLNLPNPVd@NZNZVh@f@nAJRJL@BDBDFNHNDF@DBHEH?D?JEHGJINUBU?G?KEc@?IA]CGe@oAINMN}@cC\~@^bALOHOd@nABFNRJJBDB@B@F@D?JCr@aA`@g@DKPQ@IDQDKFIFGDAFAD?D@HBFFFHDLBJBJ?L?L?LCJCJEJEHGFEBGBI?GAOB_@J_@NUNURY\GJIHABSXGRITEJAHBZ@VCLCNEJGHGHGBIBIAGAIEEEEGCGEIAICKAYM_@So@EKcAyBQ_@GMSg@KOIOKMOSOOMM_@YGCMGQIGAYCWEWAO?G@E@c@FMDQHEBGBMHSNSNWTEDa@ZUR]b@Q^Wf@Qf@Of@EXGVKt@AJ@N@LDJ?@HLnBRFBBD@D?D?D?B?RAFE@QAwAOCBAF?F?DBFR@ZDZBZDP@B@@BBK?I	Click to Generate
S25	60	1			3	Blackburn Meadows Nature Reserve (S25)	ItsaGoal (S25)	Hanfia Masjid (S25)	12469	9352	qq`eIvumGOeJA{@CgA@o@?ILgABu@?aAAWAu@EcAIgAMiASeAWqAEMMc@Y}@Mq@Ks@Eq@A{@@aBA_AS_A]yAtAkBbA{AnAqBHS@KBU?C@]AOK_@ACQc@q@i@kAeAUW_@e@]i@Yq@Ww@Qm@Q_Ag@}C_@eCs@{ECU[qBc@oCKs@c@}AESGQIUK[IUYcAKSU[CCGMCOCk@GWMg@Ys@c@_A[i@]m@UUw@g@KCIEc@S]Ea@?e@LeIdDeBd@uAV_@BK@qAF}AAaBKWJMJIJEFCFGPKd@?FDlA@`@BTDl@DVD\Ff@Hx@D^Bd@Bn@@`A?~A?N?vA?f@?|@Ef@ShBw@dHMbAg@rEKx@C`@?\FnABz@@nA@p@?DAf@AjA?RChAAvA?xAApAC|B?b@?JCjBAdB?~@?FAZ?VAvBAxA?XCbE?P@\?BBNDRVd@HMNQLMj@i@^i@PYt@oAXe@`A_BTa@Zk@t@qALSdAkBDWB_@Hm@FIRCB?HCJEJM\e@NMPID@FBDFDJNr@BR@XNrG@d@@NBNl@LjA`@LB^@ZAP?TIL[VKREVGDSC{FBzFER??WFSDWJMZUHQ?[@_@AMCkAa@m@MCOAOAe@OsGAYCSOs@EKEGGCEAQHOL]d@KLKDIBC?SBGHIl@C^EVeAjBMRu@pA[j@U`@aA~AYd@u@nAQX_@h@k@h@MLOPILMZQp@b@b@bA`A\^j@x@FHnA`C`@t@l@nAf@vAN`@Pf@HTXx@`@nAZ~@BLPj@^|A?DHl@BNDVFp@HtAFtADtAFxBB`@FpB@j@Bb@@l@BV@T@PHrAJdABTRdBNdANlAj@lERxAD`@Jv@DZRxA@L`@|CVrBHn@P`AN`A^|BPhAl@bDRbAr@tDLn@ZxAZfAf@~AX|@d@rAZbA\fAl@~Ar@~Ah@vAFN^dAZnATrAPfABHHZFRDJHRFJ^TLFN?\GTIj@m@jEgE|KiJ|EeEnCmCfCsCbFeGn@cA?ALSH]BODs@Cg@?_@@]@UBQDSJa@Ve@Ra@NeAHoAHy@No@L[LUEIa@s@e@gA]eA[_AOi@kAgDcCaHYkEQFKeB@Q`AYLMHQDUSKY]OyBIoAXhEX\RJETIPMLaAXAPJdBPGXjEbC`HaBxB}AtBoA~AKNkAfBOTIS{@oBUi@Ys@EK]cAUo@[g@MYGMGKY_@UU[a@GKKMCO?O@Y?GDk@Bm@Cq@AMCUAu@COEc@CWQyBa@aFE_@Ei@A]GmAAYQgECkAEgBAo@Ae@?Y@q@Bs@@a@Dg@Bg@Do@NwBPaDBWFoAHcBHcBFu@HuALuB@Y@]@k@A}@GeAKyBIqBE{AK}A_@eGUwBEg@Ky@UsBOmBKeAE]EUOu@Qm@Si@Se@Uc@QKA?[GEAKHC@KLEDIRoApBcAzAuAjB\xAR~@@~@A`B@z@Dp@Jr@Lp@X|@Lb@DLVpARdALhAHfADbA@t@@V?`ACt@MfA?HAn@BfA@z@NdJ	Click to Generate
S25	60	1			3	Molton Brown (S25)	SYPTE (S25)	Jump Inc (S25)	5157	3868	_u_eIlqrG??SZ}@_C@m@NkF[E[C[ESACG?E?G@GBCvANFCBE?I?GACCCC?eBSKAGCGKIMGQAW@O@OHi@F]?E@EDQLi@DMLYJU@EHORc@PWRULMHKNMNO^YROZQFELGTGREVGDAFAH?P?`@@P@D@VDXFHDJF\TLJLNLPNPVd@NZNZENCLGFKPEFSZ}A|BK@a@M?h@Ap@EbAC|@A|@ADbAhCT[T]T[V]T]CGQc@Qc@Qe@Qe@Qc@Qc@Qg@BUpBwCBK@A@O@MCYKOIOKMOSOOMM_@YGCMGQIGAYCWEWAO?G@E@c@FMDQHEBGBMHSNSNWTEDa@ZUR]b@Q^Wf@Qf@Of@EXGVKt@AJG~@C`A?JAvG?LAt@@P?J?^ATABEVo@~@GJKRILKNEPADEJBHFDXd@V`@FJ?\@P?X\l@HLNVNXXm@^y@gAsBuAkAGEUQk@g@GEOKO[EGCICICGA[?S?I@I@KDSXUDEVOlAi@T[@ABMDU@{@?uC@c@@g@@SBg@@O@OHi@F]?E@EDQLi@DMLYJU@EHORc@PWRULMHKNMNO^YROZQFELGTGREVGDAFAH?P?`@@P@D@VDXFHDJF\TLJLNLPNPVd@NZNZVh@f@nAJRJL@BDBDFNHNDF@DBHEH?D?JEHGJINUBU?G?KEc@?IA]CGe@oAINMN}@cC\~@^bALOHOd@nABFNRJJBDB@B@F@D?JCr@aA`@g@DKPQ@IDQDKFIFGDAFAD?D@HBFFFHDLBJBJ?L?L?LCJCJEJEHGFEBGBI?GAOB_@J_@NUNURY\GJIHABSXGRITEJAHBZ@VCLCNEJGHGHGBIBIAGAIEEEEGCGEIAICKAYM_@So@EKcAyBQ_@GMSg@KOIOKMOSOOMM_@YGCMGQIGAYCWEWAO?G@E@c@FMDQHEBGBMHSNSNWTEDa@ZUR]b@Q^Wf@Qf@Of@EXGVKt@AJ@N@LDJ?@HLnBRFBBD@D?D?D?B?RAFE@QAwAOCBAF?F?DBFR@ZDZBZDP@B@@B@JMzEAZt@pB	Click to Generate
S25	15	1			3	Two Dinners Ignatiu (S25)	Abbey School (S25)	Winterhill School (S25)	1255	941	ikceInhqGGhBIZkCpB??ODQCg@YYCw@Eq@@Al@??@m@?WBSHO`@GfBMf@GbAs@n@cAXeAVmBFUFa@D[FuAAy@KoA_@kBGe@U{A{@uFDCHEBCBA`@WPK??QJa@VC@CBIDEBz@tFTzAFd@^jBJnA@x@GtAEZC`A?zAEfA	Click to Generate
S25	20	1			3	St Thomas Church Wincobank (S25)	Wincobank Post Office (S25)	Eastwoods (S25)	1566	1174	{daeInctGBPPt@fCDHBHBdAdBFJLN`@l@d@j@VV^^^\^`@VVPLIk@w@oHSgBOkA_@eDO{AOuAPIDA~@]LEd@lEf@nElAtKv@dH?JADCDCDcA`@AEGOGUWuAKo@OoAQMWW_@a@_@]_@_@WWe@k@a@m@MOGKeAeBICICgCEQu@CQ	Click to Generate
S25	60	1			3	Blackburn Meadows Nature Reserve (S25)	ItsaGoal (S25)	Hanfia Masjid (S25)	12561	9421	kq`eI`zmGAw@SwLA{@CgA@o@?ILgABu@?aAAWAu@EcAIgAMiASeAWqAEMMc@Y}@Mq@Ks@Eq@A{@@aBA_AS_A]yAtAkBbA{AnAqBHS@KBU?C@]AOK_@ACQc@q@i@kAeAUW_@e@]i@Yq@Ww@Qm@Q_Ag@}C_@eCs@{ECU[qBc@oCKs@c@}AESGQIUK[IUYcAKSU[CCGMCOCk@GWMg@Ys@c@_A[i@]m@UUw@g@KCIEc@S]Ea@?e@LeIdDeBd@uAV_@BK@qAF}AAaBKWJMJIJEFCFGPKd@?FDlA@`@BTDl@DVD\Ff@Hx@D^Bd@Bn@@`A?~A?N?vA?f@?|@Ef@ShBw@dHMbAg@rEKx@C`@?\FnABz@@nA@p@?DAf@AjA?RChAAvA?xAApAC|B?b@?JCjBAdB?~@?FAZ?VAvBAxA?XCbE?P@\?BBNDRVd@HMNQLMj@i@^i@PYt@oAXe@`A_BTa@Zk@t@qALSdAkBDWB_@Hm@FIRCB?HCJEJM\e@NMPID@FBDFDJNr@BR@XNrG@d@@NBNl@LjA`@LB^@ZAP?TIL[VKREVGDSC{FBzFER??WFSDWJMZUHQ?[@_@AMCkAa@m@MCOAOAe@OsGAYCSOs@EKEGGCEAQHOL]d@KLKDIBC?SBGHIl@C^EVeAjBMRu@pA[j@U`@aA~AYd@u@nAQX_@h@k@h@MLOPILMZQp@b@b@bA`A\^j@x@FHnA`C`@t@l@nAf@vAN`@Pf@HTXx@`@nAZ~@BLPj@^|A?DHl@BNDVFp@HtAFtADtAFxBB`@FpB@j@Bb@@l@BV@T@PHrAJdABTRdBNdANlAj@lERxAD`@Jv@DZRxA@L`@|CVrBHn@P`AN`A^|BPhAl@bDRbAr@tDLn@ZxAZfAf@~AX|@d@rAZbA\fAl@~Ar@~Ah@vAFN^dAZnATrAPfABHHZFRDJHRFJ^TLFN?\GTIj@m@jEgE|KiJ|EeEnCmCfCsCbFeGn@cA?ALSH]BODs@Cg@?_@@]@UBQDSJa@Ve@Ra@NeAHoAHy@No@L[LUEIa@s@e@gA]eA[_AOi@kAgDcCaHYkEQFKeB@Q`AYLMHQDUSKY]OyBIoAXhEX\RJETIPMLaAXAPJdBPGXjEbC`HaBxB}AtBoA~AKNkAfBOTIS{@oBUi@Ys@EK]cAUo@[g@MYGMGKY_@UU[a@GKKMCO?O@Y?GDk@Bm@Cq@AMCUAu@COEc@CWQyBa@aFE_@Ei@A]GmAAYQgECkAEgBAo@Ae@?Y@q@Bs@@a@Dg@Bg@Do@NwBPaDBWFoAHcBHcBFu@HuALuB@Y@]@k@A}@GeAKyBIqBE{AK}A_@eGUwBEg@Ky@UsBOmBKeAE]EUOu@Qm@Si@Se@Uc@QKA?[GEAKHC@KLEDIRoApBcAzAuAjB\xAR~@@~@A`B@z@Dp@Jr@Lp@X|@Lb@DLVpARdALhAHfADbA@t@@V?`ACt@MfA?HAn@BfA@z@RvL@v@	Click to Generate
S25	45	1			3	Tinsley Sports and Social Club (S25)	St Lawrence Church (S25)	Cohens Chemist (S25)	3088	2316	{z}dId_nGk@oAAYCUGSESs@sBi@sCKc@CA]SYO]OAJKfAQjAE\SfAY|AS~AIp@O`BGrAMhEEdAGx@MAIAG@}A|@OFM???L?NG|A}@FAH@L@Kt@E\E^CNY|BQxAMdAc@pDAHG^GVEPQb@O\U\Y\e@d@SPcCzBI[Sq@GWIYCISq@IQAEEGCEKIOC@_@?SBODMr@}ADGFEHAH?NJLFHBFAFdABHDBB@CAECCIGeAG@ICMGOKI?I@GDEFs@|AEL?BCJ?RA^NBJHBDDF@DHPRp@BHHXFVRp@HZ_Ax@GFq@l@q@r@G]Kq@G_@Oy@Ie@v@u@`ByARp@BHHXFVRp@HZbC{BRQd@e@X]T]N]Pc@DQFWF_@@Ib@qDLeAPyAX}BBOD_@D]Ju@Fy@DeALiEFsANaBHq@R_BX}ARgAD]PkAJgA@K\NXN\RB@Jb@h@rCr@rBDRFRBT@Xj@nA	Click to Generate
S25	45	1			3	Beck Primary School (S25)	Volksgear (S25)	Muscle Fusion (S25)	3087	2315	wzceIh|xG[A?JCjA?zB@dB@b@?h@Bp@[n@FFFHJB^B|@@`@Gd@K~@W?J?JANG\NvA??OwAF]@O?K?K_AVe@Ja@F}@A_@CKCGIGGQ^Qb@K`@Ib@Kf@Ed@AXCXCACCEECIE]G}@AWEo@UgDOcDCUCIIIHyBJsCDmABi@Bw@LsCBq@Bq@JsAJmAL}@Lu@Hm@DWd@iCIEEMAOAIOIECOAI@EF_@xB^yBDGHAN@TL@H@NDLHDBSLu@H}@Fg@Bi@B]g@iACEu@u@SW??OWUg@KUIOYm@aAcBh@oB\cATi@Vi@^q@x@_BdAwBR\v@~Ae@Td@Uw@_BS]eAvBy@~A_@p@Wh@Uh@]bAi@nB`AbBXl@HNJTTf@NVRVt@t@BDf@hAC\Ch@Gf@I|@Mt@DH@F@JBf@Hd@H`@DNFNb@l@x@jASfAUxAOrAKfAOjBGdAEtACl@ClAZ@	Click to Generate
S25	60	1			3	Hartley Brook Road Post Office (S25)	Beck Primary School (S25)	Woolley Wood LNR (S25)	7235	5426	ynbeItnxGaAi@kB_A]QQGMCQCBZ?t@?RAhD?`D?fC?r@?R?xB?V@bA?nC?L?l@Cd@C`@Er@IdAM`BGf@I|@Iv@MtA[lDUvBANcAk@E@C@ADEVU|Aq@Us@Qw@Qw@Ks@Ge@ACSGQKSe@cA]{@_@cAWy@Qq@Me@SaAUkAQmAEYMiAKcAGaAEu@wA^_@L?J?JANG\NvA??OwAF]@O?K?K_AVe@Ja@F}@A_@CKCGIGGZo@Cq@?i@Ac@AeB?{BBkA?KBmABm@DuAFeANkBJgANsATyARgAy@kAc@m@GOEOIa@Ie@Cg@AKAGEILu@H}@Fg@Bi@B]@KDa@B_@Fc@@MLi@H_@Vw@^{@l@oAt@mAt@gA`CyC~@qAn@_Ar@iAjAwBj@uAbAcDx@kCr@kBz@gBhCeGj@kAjDcHtAiCvDcGxA{AxAeAhCwAbBy@nAo@pA_ArBoB~@iAh@cAnB}DxAoC?\?TG\Kj@Jk@F]?U?]yAnCoB|Di@bA_AhAsBnBqA~@oAn@cBx@iCvAyAdAyAzAwDbGuAhCwEnJiCdG{@fBs@jBy@jCcAbDk@tAkAvBs@hAo@~@_ApAaCxCu@fAu@lAm@nA_@z@Wv@I^Mh@ALGb@C^E`@AJC\Ch@Gf@I|@Mt@DH@F@JBf@Hd@H`@DNFNb@l@x@jAT^R^RVRNPHRHPBT?d@Cl@IpA_@@?bBi@XKXK`@ONGx@Ul@M\GLAd@E`@@XFPHvAn@rAp@h@VPHPLNLJJPBLBPF\PjB~@`Ah@	Click to Generate
S25	20	1			3	St Lawrence Church (S25)	Tinsley Meadows Primary School (S25)	Madani Education Centre (S25)	2011	1508	kz~dI~noG[^Jp@F\p@s@p@m@FG~@y@I[Sq@GWIYCISq@IQAEEGCEKIOC@_@?SBODMr@}ADGFEHAH?NJLFHBFAFdABHDBB@CAECCIGeAG@ICMGOKI?I@GDEFs@|AEL?BCJ?RA^NBJHBDDF@DHPRp@BHHXFVRp@HZ_Ax@GFq@l@q@r@UVg@j@WZ[f@u@hAm@`AINmAvDELQ`@]h@U\OX]r@EIa@s@e@gA]eA[_AtAmBq@qBM@KDCDOa@??N`@BEJELAp@pBuAlBBHVt@\dAd@fA`@r@DH\s@NYT]\i@Pa@DMlAwDHOl@aAt@iAZg@V[f@k@TWG]Kq@Z_@	Click to Generate
S25	30	1			3	Kelford School (S25)	Dave's Fish Bar (S25)	Meadow View Primary School (S25)	2617	1963	edbeIvkoGQMc@]CAy@m@mE}CEIAI?E?Uf@}CtB}Mj@j@r@v@\^Z\FHTTHHGNEDIBGAEIEHK\_@vAAH?JDVDNB@@B@D?@@BAD?DCBA@C@CACCAC?EAE@E@CBC@AB?EOEW?K@I^wAJ]DIAI?KFWGI[]]_@s@w@k@k@uB|Mg@|C?T?D@HDHlE|Co@`DERYvAMd@Od@Ul@u@tBCHw@rBg@rAKVm@u@[]SOSMe@QKEo@SUISMQO]c@GIc@k@i@u@s@}@^oARm@??Sl@_@nAr@|@h@t@b@j@FH\b@PNRLTHn@RJDd@PRLRNZ\l@t@r@kBv@sBBIt@uBTm@Ne@Le@XwADSn@aDx@l@B@b@\PL	Click to Generate
S25	20	1			3	The Colin (S25)	Zena (S25)	The Salvation Army - Rotherham (S25)	1875	1406	gfdeIrxoGBE?Q?SCOEQIMAKCOAM?OBM@MXgCvB`C|A|AFFHDHALGLMz@{AJLFBHDF@PDVDh@H`@DD@\Dd@DdAFH?D@HFDHDLd@lBDLC@@J?NCPIf@IXIXERADAFGTGGEEAK?QDIHE??H?FBERADAFGTELNXEJMd@Kj@??Jk@Le@DKOYDMFU@G@EDSHY@]?QAQESZYBAPOJKLQPSNUHM`@s@d@s@Ze@X[HVLZDHb@j@c@k@EIM[IWYZOTKNe@r@a@r@ILOTQRMPKJQNEMe@mBEMEIIGEAI?eAGe@E]EEAa@Ei@IWEQEGAIEGCKM{@zAMLMFI@IEGG}A}AwBaCYfCALCL?N@LBN@JHLDPBN?R?PCD	Click to Generate
S25	45	1			3	Cohens Chemist (S25)	Tinsley Sports and Social Club (S25)	Tinsley Meadows Primary School (S25)	3040	2280	{x~dIzcoGCJ?RA^NBJHBDDF@DHPRp@BHHXFVRp@HZ_Ax@GFq@l@q@r@G]Kq@G_@Oy@Ie@v@u@`ByARp@BHHXFVRp@HZbC{BRQd@e@X]T]N]Pc@DQFWF_@@Ib@qDLeAPyAX}BBOD_@D]Ju@MAIAG@}A|@OFM???L?NG|A}@FAH@L@Kt@E\E^CNY|BQxAMdAc@pDAHG^GVEPQb@O\U\Y\e@d@SPcCzB_Ax@GFq@l@q@r@UVg@j@WZ[f@u@hAm@`AINmAvDELQ`@]h@U\OX]r@EIa@s@e@gA]eA[_AtAmBq@qBM@KDCDOa@??N`@BEJELAp@pBuAlBZ~@\dAd@fA`@r@DH\s@NYT]\i@Pa@DMlAwDHOl@aAt@iAZg@V[f@k@TWp@s@p@m@FG~@y@I[Sq@GWIYCISq@IQAEEGCEKIOC@_@?SBK	Click to Generate
S25	20	1			3	The Salvation Army - Rotherham (S25)	Bake N Butty (S25)	The Manor Barn (S25)	1779	1334	qhceI~hoGQTOJFP|@vCMTQRSVYZ[d@e@r@a@r@ILOTQRMPKJQNC@@J?NCPIf@IX@]?QAQESZYBAPOJKLQPSNUHM`@s@d@s@JONUX[RWPSLUHMj@cABKBOPLLLLNf@j@RVDFj@r@j@t@JN^oARm@Sl@_@nAKOk@u@k@s@EGSWu@{@MMQM?MAOCWGu@K}@EWKi@GS]sAKi@G]GYGm@Gm@Ci@Ae@@c@@O@UHg@Hc@Rs@NTR\p@~AJPLLXXaBjDMRGHYTJh@\rAFRJh@DVJ|@Ft@BV@N?LCNCJk@bAIL}@wCGQNKPU	Click to Generate
S25	15	1			3	Wincobank Post Office (S25)	Savemore (S25)	Eastwoods (S25)	1426	1070	ix`eInatGNjAbBu@g@oEe@mEMD_A\E@QHm@V}@ZwB`A]HI@OAU?a@?YDQHYTRdAXvAXrABPPt@fCDHBHBdAdBFJLN`@l@d@j@VV^^^\^`@VVPLNnAJn@VtAFTFN@DbAa@BEBE@E?Kw@eHeBv@w@oHSgBOkA	Click to Generate
S25	60	1			3	Morris (S25)	Abbey School (S25)	Crow Girl (S25)	8505	6379	yideIrjqG??QJk@NUDMBa@FQHON]f@CB[l@Kf@Oz@Ev@MlC?R?f@GtApCXh@J??vCx@FBnCr@VLnGvHzCjDLJj@d@PLb@VjCjALFFBx@Z~@h@`DzBvDbCvBvAr@f@d@d@f@b@BDRTV\Pu@H]P{@J[L_@f@yAZy@Rm@JYF_@Da@Da@NuAJmAJcAJkANyAHy@Dk@@EB[@W@[AkAA_BAi@Ee@G]CKQWm@{@GKGUG[UcBG]Ku@AIAGCUAO?S@ODQFOHKFGRWt@y@^c@RYR_@R_@To@FSDSFUDWHk@BKFq@Bc@Be@?a@?W?SAMCa@AQC]Im@Ik@Mo@Oi@Oi@Og@Qa@Q_@Wi@[i@MSCCQYWYIKc@c@g@a@OI}@g@}@i@KKKOEGIUI[CWAc@?S@WDa@Fg@Fa@UISMQO]c@GIc@k@i@u@s@}@KOk@u@k@s@EGSWu@{@MMQMCNCJk@bAILMTQRSVYZ[d@e@r@a@r@ILOTQRMPKJQNC@@J?NCPIf@IXIXERADAFGTELNXDNDVTxAf@|Cz@tFTzAFd@^jBJnA@x@GtAEZG`@GTWlBYdAo@bAcAr@g@FgBLa@FINCR?VAl@??@m@?WBSHO`@GfBMf@GbAs@n@cAXeAVmBFUFa@D[FuAAy@KoA_@kBGe@U{A{@uFg@}CUyAEWEOOYDMFU@G@EDSHY@]?QAQESZYBAPOJKLQPSNUHM`@s@d@s@Ze@X[RWPSLUHMj@cABKBOPLLLt@z@RVDFj@r@j@t@JNr@|@h@t@b@j@FH\b@PNRLTHG`@Gf@E`@AV?R@b@BVHZHTDFJNJJ|@h@|@f@NHf@`@b@b@HJVXPXBBLRZh@Vh@P^P`@Nf@Nh@Nh@Ln@Hj@Hl@B\@PB`@@L?R?V?`@Cd@Cb@Gp@CJIj@EVGTERGRUn@S^S^SX_@b@u@x@SVGFIJGNEPAN?R@NBT@F@HJt@F\TbBFZFTFJl@z@PVBJF\Dd@@h@@~A@jAAZAVCZADEj@Ix@OxAKjAKbAKlAOtAE`@E`@G^KXSl@[x@g@xAM^KZQz@I\Qt@W]SUCEg@c@e@e@s@g@wBwAwDcCaD{B_Ai@y@[GCMGkCkAc@WQMk@e@MK{CkD_DuDoBaCWMoCs@GCwCy@i@KqCYFuA?g@?SLmCDw@N{@Jg@Zm@BC\g@NOPI`@GLCTEj@OPK??	Click to Generate
S25	60	1			3	H.Samuel (S25)	Jump Inc (S25)	SYPTE (S25)	5179	3884	im_eInhrGALp@fBT]T[T]T[V]T]CGQc@Qc@Qe@Qe@Qc@Qc@Qg@BUpBwCBK@A@O@MCYKOIOKMOSOOMM_@YGCMGQIGAYCWEWAO?G@E@c@FMDQHEBGBMHSNSNWTEDa@ZUR]b@Q^Wf@Qf@Of@EXGVKt@AJ@N@LDJ?@HLnBRFBBD@D?D?D?B?RAFE@QAwAOCBAF?F?DBFR@ZDZBZDP@B@@B@JMzEAZt@pB??SZ}@_C@m@NkF[E[C[ESACG?E?G@GBCvANFCBE?I?GACCCC?eBSKAGCGKIMGQAW@O@OHi@F]?E@EDQLi@DMLYJU@EHORc@PWRULMHKNMNO^YROZQFELGTGREVGDAFAH?P?`@@P@D@VDXFHDJF\TLJLNLPNPVd@NZNZVh@f@nAJRJL@BDBDFNHNDF@DBHEH?D?JEHGJINUBU?G?KEc@?IA]CGe@oAINMN}@cC\~@^bALOHOd@nABFNRJJBDB@B@F@D?JCr@aA`@g@DKPQ@IDQDKFIFGDAFAD?D@HBFFFHDLBJBJ?L?L?LCJCJEJEHGFEBGBI?GAOB_@J_@NUNURY\GJIHABSXGRITEJAHBZ@VCLCNEJGHGHGBIBIAGAIEEEEGCGEIAICKAYM_@So@EKcAyBQ_@GMSg@KOIOKMOSOOMM_@YGCMGQIGAYCWEWAO?G@E@c@FMDQHEBGBMHSNSNWTEDa@ZUR]b@Q^Wf@Qf@Of@EXGVKt@AJG~@C`A?JAvG?LAt@@P?J?^ATABEVo@~@GJKRILKNEPADEJBHFDXd@V`@FJ?\@P?X\l@HLNVNXXm@^y@gAsBuAkAGEUQk@g@GEOKO[EGCICICGA[?S?I@I@KDSXUDEVOlAi@T[@ABMDU@{@?uC@c@@g@@SBg@@O@OHi@F]?E@EDQLi@DMLYJU@EHORc@PWRULMHKNMNO^YROZQFELGTGREVGDAFAH?P?`@@P@D@VDXFHDJF\TLJLNLPNPVd@NZNZENCLGFKPEFSZ}A|BK@a@M?h@Ap@EbAC|@CbAAp@	Click to Generate
S25	45	1			3	Freddy (S25)	Crow Girl (S25)	Yazier (S25)	3416	2562	_xceIvnrGxAbBLJj@d@PLb@VjCjALFFBx@Z~@h@`DzBvDbCvBvAr@f@d@d@f@b@[bBAJKv@Kz@E~@Al@Aj@?l@IEECIQCSDYFGBALE@m@D_AJ{@Jw@@KZcBg@c@e@e@s@g@wBwAwDcCaD{B_Ai@y@[GCMGkCkAc@WMKCAk@e@MK{CkD_DuDoBaCWMoCs@A~@?f@FVbBdBf@fAj@r@J`@@f@CHEL@h@t@pBhBpDr@`B^l@b@dAxAv@n@f@rApA`AHfAl@Zp@@jAFYDIHIL@JH|@bAx@xAv@|BJFFWKcCO{@[qA[eAYiASw@c@y@Qw@SqA??Ky@Mg@I]C]@g@GCMGkCkAc@WQMk@e@MKyAcB	Click to Generate
S25	60	1			3	Phase Eight (S25)	SYPTE (S25)	Jump Inc (S25)	5179	3884	_u_eIlqrG??SZ}@_C@m@NkF[E[C[ESACG?E?G@GBCvANFCBE?I?GACCCC?eBSKAGCGKIMGQAW@O@OHi@F]?E@EDQLi@DMLYJU@EHORc@PWRULMHKNMNO^YROZQFELGTGREVGDAFAH?P?`@@P@D@VDXFHDJF\TLJLNLPNPVd@NZNZENCLGFKPEFSZ}A|BK@a@M?h@Ap@EbAC|@CbAAf@AVp@fBT]T[T]T[V]T]CGQc@Qc@Qe@Qe@Qc@Qc@Qg@BUpBwCBK@A@O@MCYKOIOKMOSOOMM_@YGCMGQIGAYCWEWAO?G@E@c@FMDQHEBGBMHSNSNWTEDa@ZUR]b@Q^Wf@Qf@Of@EXGVKt@AJG~@C`A?JAvG?LAt@@P?J?^ATABEVo@~@GJKRILKNEPADEJBHFDXd@V`@FJ?\@P?X\l@HLNVNXXm@^y@gAsBuAkAGEUQk@g@GEOKO[EGCICICGA[?S?I@I@KDSXUDEVOlAi@T[@ABMDU@{@?uC@c@@g@@SBg@@O@OHi@F]?E@EDQLi@DMLYJU@EHORc@PWRULMHKNMNO^YROZQFELGTGREVGDAFAH?P?`@@P@D@VDXFHDJF\TLJLNLPNPVd@NZNZVh@f@nAJRJL@BDBDFNHNDF@DBHEH?D?JEHGJINUBU?G?KEc@?IA]CGe@oAINMN}@cC\~@^bALOHOd@nABFNRJJBDB@B@F@D?JCr@aA`@g@DKPQ@IDQDKFIFGDAFAD?D@HBFFFHDLBJBJ?L?L?LCJCJEJEHGFEBGBI?GAOB_@J_@NUNURY\GJIHABSXGRITEJAHBZ@VCLCNEJGHGHGBIBIAGAIEEEEGCGEIAICKAYM_@So@EKcAyBQ_@GMSg@KOIOKMOSOOMM_@YGCMGQIGAYCWEWAO?G@E@c@FMDQHEBGBMHSNSNWTEDa@ZUR]b@Q^Wf@Qf@Of@EXGVKt@AJ@N@LDJ?@HLnBRFBBD@D?D?D?B?RAFE@QAwAOCBAF?F?DBFR@ZDZBZDP@B@@B@JMzEAZt@pB	Click to Generate
S25	45	1			3	Mint Nail (S25)	Flannels (S25)	The Cruise Holiday Shop (S25)	3403	2552	{y_eIj_sG^y@gAsBuAkAGEUQk@g@GEOKO[EGCICICGA[?S?I@I@KDSXUDEVOlAi@T[@ABMDU@{@?uCJe@@QDOHGFEHAH@nBRFBBD@D?D?D?B?RAFE@QAwAOCBAF?F?DBFR@ZDZBZDP@B@@B@JMzEAZt@pB??SZ}@_C@m@NkFP@B@@B@JEzAG~B[C[C[E[CQCLkFCG?E?G@GBCvANFCBE?I?GACCCC?eBSKAGCGKIMGQAW@O@OHi@F]?E@EDQLi@DMLYJU@EHORc@PWRULMHKNMNO^YROZQFELGTGREVGDAFAH?P?`@@P@D@VDXFHDJF\TLJLNLPNPVd@NZNZENCLGFKPEFSZ}A|BK@a@M?h@Ap@EbAC|@CbAC~@p@fB??T]T[T]T[V]T]CGQc@Qc@Qe@Qe@Qc@Qc@Qg@BUpBwCBK@A@O@MCYKOIOKMOSOOMM_@YGCMGQIGAYCWEWAO?G@E@c@FMDQHEBGBMHSNSNWTEDa@ZUR]b@Q^Wf@Qf@Of@EXGVKt@AJG~@C`A?JAvG?LAt@@P?J?^ATABEVo@~@GJKRILKNEPADEJBHFDXd@V`@FJ?\@P?X\l@HLNVNXXm@	Click to Generate
S25	15	1			3	Zena (S25)	The Salvation Army - Rotherham (S25)	Winterhill School (S25)	1060	795	mqceId~oG??H?FBERADAFGTELNXEJMd@Kj@??Jk@Le@DKOYDMFU@G@EDSHY@]?QAQESZYBAPOJKLQPSNUHM`@s@d@s@Ze@X[HVLZDHb@j@c@k@EIM[IWYZOTKNe@r@a@r@ILOTQRMPKJQNC@@J?NCPIf@IXIXERADAFGTELNXDNDVTxAf@|CDCHEBCBA`@WPK??QJa@VC@CBIDEBg@}CUyAEWEOOYDMGGEEAK?QDIHE	Click to Generate
S25	45	1			3	Baytree Interiors (S25)	Eurochange (S25)	SYPTE (S25)	3374	2530	yk_eIdlrG??T]T[uAqDCbA?TCh@p@fBT]T[T]T[V]T]CGQc@Qc@Qe@Qe@Qc@Qc@Qg@BUpBwCBK@A@O@MCYKOIOKMOSOOMM_@YGCMGQIGAYCWEWAO?G@E@c@FMDQHEBGBMHSNSNWTEDa@ZUR]b@Q^Wf@Qf@Of@EXGVKt@AJ@N@LDJ?@HLnBRFBBD@D?D?D?B?RAFE@QAwAOCBAF?F?DBFR@ZDZBZDP@B@@B@JMzEAZt@pB??SZ}@_C@m@NkF[E[C[ESACG?E?G@GBCvANFCBE?I?GACCCC?eBSIDA@EDGNEP?JAvG?LAt@@P?J?^ATABEVo@~@GJKRILKNEPADEJBHFDXd@V`@FJ?\@P?X\l@HLNVNXXm@^y@gAsBuAkAGEUQk@g@GEOKO[EGCICICGA[?S?I@I@KDSXUDEVOlAi@T[@ABMDU@{@?uC@c@@g@@SBg@@O@OHi@F]?E@EDQLi@DMLYJU@EHORc@PWRULMHKNMNO^YROZQFELGTGREVGDAFAH?P?`@@P@D@VDXFHDJF\TLJLNLPNPVd@NZNZENCLGFKPEFSZ}A|BK@a@M?h@Ap@EbAC|@CbAC~@p@fB	Click to Generate
S25	60	1			3	Brutus (S25)	Two Dinners Ignatiu (S25)	Dave's Fish Bar (S25)	4878	3658	aobeIpuqG[PG]Ku@AIAGCUAO?S@ODQFOHKFGRWt@y@^c@RYR_@R_@To@FSDSFUDWHk@BKFq@Bc@Be@?a@?W?SAMCa@AQC]Im@Ik@Mo@Oi@Oi@Og@Qa@Q_@Wi@[i@MSCCQYWYIKc@c@g@a@OI}@g@}@i@KKKOEGIUI[CWAc@?S@WDa@Fg@Fa@UISMQO]c@GIc@k@i@u@s@}@KOk@u@k@s@EGSWu@{@MMQMCNCJk@bAILMTQRSVYZ[d@e@r@a@r@ILOTQRMPKJQNC@@J?NCPIf@IXIXERADAFGTELNXDNDVTxAf@|Cz@tFTzAFd@^jBJnA@x@GtAEZC`A?zAMpDADGTkCpB??ODQCg@YYCw@Eq@@?WBSHO`@GfBMf@GbAs@n@cAXeAVmBFUFa@D[FuAAy@KoA_@kBGe@U{A{@uFg@}CUyAEWEOOYDMFU@G@EDSHY@]?QAQESZYBAPOJKLQPSNUHM`@s@d@s@Ze@X[RWPSLUHMj@cABKBOPLLLt@z@RVDFj@r@j@t@JNr@|@h@t@b@j@FH\b@PNRLTHn@RJDd@PRLRNZ\l@t@r@kB`DlDaDmDg@rAKVm@u@[]SOSMe@QKEo@SG`@Gf@E`@AV?R@b@BVHZHTDFJNJJ|@h@|@f@NHf@`@b@b@HJVXPXBBLRZh@Vh@P^P`@Nf@Nh@Nh@Ln@Hj@Hl@B\@PB`@@L?R?V?`@Cd@Cb@Gp@CJIj@EVGTERGRUn@S^S^SX_@b@u@x@SVGFIJGNEPAN?R@NBT@F@HJt@F\ZQ	Click to Generate
S25	30	1			3	Kimberworth Library (S25)	Kimberworth Community Primary School (S25)	The Salvation Army - Rotherham (S25)	2109	1582	oiceIfwnGANAb@@d@Bh@Fl@Fl@FXF\XU@CDELS`BkDYYMMKQq@_BS]OUN_@DMNc@Vi@HQHSDSBM@QHk@t@t@NLF@FCDGXmBN}@BKBEF@TLTN\T@FO~@Mz@GDG?IEEEAE?G^eCD[@E@SAKKMUCQE]SKEC?G?ICc@YCPO`AK~@MlACRIj@APCLERIRIPWh@Ob@ELO^Sr@Ib@If@Cd@Ab@@d@Bh@Fl@Fl@FXF\Jh@\rAFRJh@DVJ|@Ft@BV@N?LCNCJk@bAILMTQRSVYZ[d@e@r@a@r@ILOTQRMPKJQNC@@J?NCPIf@IX@]?QAQESZYBAPOJKLQPSNUHM`@s@d@s@JONUX[RWPSLUHMj@cABKBO?MAOCWGu@K}@EWKi@GS]sAKi@G]GYGm@Gm@Ci@Ae@@c@@O	Click to Generate
S25	15	1			3	St Thomas (S25)	Bake N Butty (S25)	The Colin (S25)	1224	918	kjceI~roGNUX[RWPSLU}@wCGQNKV[EDQTOJFP|@vCHMj@cABKBOPLLLLNf@j@RVDFj@r@j@t@JN^oARm@Sl@_@nAKOk@u@k@s@EGSWu@{@MMQMCNCJk@bAILMTQRSVYZ[d@e@r@a@r@ILOTQRMPKJQNC@@J?NCPIf@IXIXERADAFGTGGEEAK?QDIHE??H?FBHY@]?QAQESZYBAPOJKLQPSNUHM`@s@d@s@JO	Click to Generate
S25	20	1			3	The Manor Barn (S25)	Bake N Butty (S25)	The Salvation Army - Rotherham (S25)	1712	1284	oiceI~coGDBfAj@PJKi@GS]sAKi@G]GYGm@Gm@Ci@Ae@@c@@O@UHg@Hc@Rs@NTR\p@~AJPLLXXaBjDMRGHYTJh@\rAFRJh@DVJ|@Ft@BV@N?LPLLLLNf@j@RVDFj@r@j@t@JN^oARm@Sl@_@nAKOk@u@k@s@EGSWu@{@MMQMCNCJk@bAILMTQRSVYZ[d@e@r@a@r@ILOTQRMPKJQNC@@J?NCPIf@IX@]?QAQESZYBAPOJKLQPSNUHM`@s@d@s@JONUX[RWPSLUHMj@cABKBO?MAOCWGu@K}@EWQKgAk@EC	Click to Generate
S25	30	1			3	Masjid Abu Bakr (S25)	Tinsley Meadows Primary School (S25)	Tinsley Sports and Social Club (S25)	2698	2024	cw~dIvkoG\YRp@HZ_Ax@GFq@l@q@r@UVZlBJEHEPQd@c@w@t@IDKD[mBg@j@WZ[f@u@hAm@`AINmAvDELQ`@]h@U\OX]r@EIa@s@e@gA]eA[_AtAmBq@qBM@KDCDOa@??N`@BEJELAp@pBuAlBZ~@\dAd@fA`@r@DH\s@NYT]\i@Pa@DMlAwDHOl@aAt@iAZg@V[f@k@TWp@s@p@m@FG~@y@bC{BRQd@e@X]T]N]Pc@DQFWF_@@Ib@qDLeAPyAX}BBOD_@D]Ju@MAIAG@}A|@OFM???L?NG|A}@FAH@L@Kt@E\E^CNY|BQxAMdAc@pDAHG^GVEPQb@O\U\Y\e@d@SPcCzBI[Sq@]X	Click to Generate
S25	30	1			3	Madani Education Centre (S25)	Cooling Tower in Nature's Fabric (S25)	Hanfia Masjid (S25)	2579	1934	ml_eIpwoGN`@BEJELAp@pBuAlBBHVt@\dAqEjGmBaCtFyHkAgDcCaHYkEQFKeB@Q`AYLMHQDUJk@HMDEK_@Q_C?SDGpAm@vAk@\CT@CvCA^INqDlAC@EDILKj@ETIPMLaAXAB?LJdBoFbBiFvASHIBEBBXN~@Nv@BLFPFPTv@f@bBNr@Tn@\bADJXr@Th@z@nBHRNUjAgBJOnA_B|AuB`ByBjAfDNh@tAmBq@qBM@KDCDOa@	Click to Generate
S25	45	1			3	Tinsley Meadows Primary School (S25)	Tinsley Sports and Social Club (S25)	Madani Education Centre (S25)	4026	3020	oy~dIjioG~@{@Rp@BHHXFVRp@HZ_Ax@GFq@l@q@r@UVg@j@WZ[f@u@hAm@`AINmAvDELQ`@]h@U\OX]r@EIa@s@e@gA]eA[_AtAmBq@qBM@KDCDOa@??N`@BEJELAp@pBuAlBZ~@\dAd@fA`@r@DH\s@NYT]\i@Pa@DMlAwDHOl@aAt@iAZg@V[f@k@TWp@s@p@m@FG~@y@bC{BRQd@e@X]T]N]Pc@DQFWF_@@Ib@qDLeAPyAX}BBOD_@D]Ju@MAIAG@}A|@OFM???L?NG|A}@FAH@L@Kt@E\E^CNY|BQxAMdAc@pDAHG^GVEPQb@O\U\Y\e@d@SPcCzB_Ax@GFq@l@q@r@UVg@j@WZ[f@u@hAm@`AINmAvDELQ`@]h@U\OX]r@EIa@s@e@gAqEjGmBaCtFyHNh@BHVt@\dAd@fA`@r@DH\s@NYT]\i@Pa@DMlAwDHOl@aAt@iAZg@V[f@k@TWG]Kq@G_@Oy@Ie@xAsA	Click to Generate
S25	45	1			3	St Lawrence Church (S25)	Cohens Chemist (S25)	Sheffield Hallam University Sports Park (S25)	3161	2371	am~dItpnGL?NG|A}@FAH@L@Kt@E\E^CNY|BQxAMdAc@pDAHG^GVEPQb@O\U\Y\e@d@SPcCzBI[Sq@GWIYCISq@IQAEEGCEKIOC@_@?SBODMr@}ADGFEHAH?NJLFHBFAFdABHDBB@CAECCIGeAG@ICMGOKI?I@GDEFs@|AEL?BCJ?RA^NBJHBDDF@DHPRp@BHHXFVRp@HZ_Ax@GFq@l@q@r@G]Kq@G_@Oy@Ie@v@u@`ByARp@BHHXFVRp@HZbC{BRQd@e@X]T]N]Pc@DQFWF_@@Ib@qDLeAPyAX}BBOD_@D]Ju@Fy@DeALiEFsANaBHq@R_BX}ARgAD]PkAJgA@K\NXN\RB@Jb@h@rCr@rBDRFRBT@XvA`Dk@qAk@oAAYCUGSESs@sBi@sCKc@CA]SYO]OAJKfAQjAE\SfAY|AS~AIp@O`BGrAMhEEdAGx@MAIAG@}A|@OFM?	Click to Generate
S25	60	1			3	Brutus (S25)	Freddy (S25)	Abbey School (S25)	5607	4205	gpceIfpqG??jCqBFU@ELqD?{ABaAD[FuAAy@KoA_@kBGe@U{A{@uFg@}CUyAEWEOOYDMFU@G@EDSHY@]?QAQESZYBAPOJKLQPSNUHM`@s@d@s@Ze@X[RWPSLUHMj@cABKBOPLLLt@z@RVDFj@r@j@t@JNr@|@h@t@b@j@FH\b@PNRLTHG`@Gf@E`@AV?R@b@BVHZHTDFJNJJ|@h@|@f@NHf@`@b@b@HJVXPXBBLRZh@Vh@P^P`@Nf@Nh@Nh@Ln@Hj@Hl@B\@PB`@@L?R?V?`@Cd@Cb@Gp@CJIj@EVGTERGRUn@S^S^SX_@b@u@x@SVGFIJGNEPAN?R@NBT@F@HJt@F\TbBFZFTFJl@z@PVBJF\Dd@@h@@~A@jAAZAVCZADEj@Ix@OxAKjAKbAKlAOtAE`@E`@G^KXSl@[x@g@xAM^KZQz@I\Qt@W]SUCEg@c@e@e@s@g@wBwAwDcCaD{B_Ai@y@[GCMGkCkAc@WMKCAk@e@MK{CkDoGwHWMoCs@GCwCy@i@KqCYFuA?g@?SLmCDw@N{@Jg@Zm@BC\g@NOPI`@GLCTEj@OPKLQp@iBRs@j@yAhAgCdAaCdAyBhByBhAyAr@gANi@PwAJi@Le@JYHSPUb@_@RQFKJMHULa@NXDNDVTxAf@|Cz@tFTzAFd@^jBJnA@x@GtAEZG`@GTWlBYdAo@bAcAr@g@FgBLa@FINCR?VAl@??@m@p@Av@DXBf@XPBNE	Click to Generate
S25	30	1			3	Muscle Fusion (S25)	Shirefreen News 'n' Booze (S25)	Beck Primary School (S25)	2953	2215	}}ceIx{wGNH@H@NDLHDBSLu@H}@Fg@Bi@B]g@iACEu@u@SW??OWUg@KUIOYm@aAcBh@oB\cATi@Vi@^q@x@_BdAwBR\v@~Ae@Td@Uw@_BS]eAvBy@~A_@p@Wh@Uh@]bAi@nB`AbBXl@HNJTTf@NVRVt@t@BDf@hAC\Ch@Gf@I|@Mt@DH@F@JBf@Hd@H`@DNFNb@l@x@jASfAUxAOrAKfAOjBGdAEtACl@ClAZ@??[A?JCjA?zB@dB@b@?h@Bp@[n@FFFHJB^B|@@`@Gd@K~@W?J?JANG\NvA??OwAF]@O?K?K_AVe@Ja@F}@A_@CKCGIGGQ^Qb@K`@Ib@Kf@Ed@AXCXCACCEECIE]G}@AWEo@UgDOcDCUCIIIHyBJsCDmABi@Bw@LsCBq@Bq@JsAJmAL}@Lu@Hm@DWd@iCIEEMAOAIOI	Click to Generate
S25	60	1			3	AllSaints (S25)	Jump Inc (S25)	SYPTE (S25)	5179	3884	gm_eIpgrGCj@p@fBT]T[T]T[V]T]CGQc@Qc@Qe@Qe@Qc@Qc@Qg@BUpBwCBK@A@O@MCYKOIOKMOSOOMM_@YGCMGQIGAYCWEWAO?G@E@c@FMDQHEBGBMHSNSNWTEDa@ZUR]b@Q^Wf@Qf@Of@EXGVKt@AJ@N@LDJ?@HLnBRFBBD@D?D?D?B?RAFE@QAwAOCBAF?F?DBFR@ZDZBZDP@B@@B@JMzEAZt@pB??SZ}@_C@m@NkF[E[C[ESACG?E?G@GBCvANFCBE?I?GACCCC?eBSKAGCGKIMGQAW@O@OHi@F]?E@EDQLi@DMLYJU@EHORc@PWRULMHKNMNO^YROZQFELGTGREVGDAFAH?P?`@@P@D@VDXFHDJF\TLJLNLPNPVd@NZNZVh@f@nAJRJL@BDBDFNHNDF@DBHEH?D?JEHGJINUBU?G?KEc@?IA]CGe@oAINMN}@cC\~@^bALOHOd@nABFNRJJBDB@B@F@D?JCr@aA`@g@DKPQ@IDQDKFIFGDAFAD?D@HBFFFHDLBJBJ?L?L?LCJCJEJEHGFEBGBI?GAOB_@J_@NUNURY\GJIHABSXGRITEJAHBZ@VCLCNEJGHGHGBIBIAGAIEEEEGCGEIAICKAYM_@So@EKcAyBQ_@GMSg@KOIOKMOSOOMM_@YGCMGQIGAYCWEWAO?G@E@c@FMDQHEBGBMHSNSNWTEDa@ZUR]b@Q^Wf@Qf@Of@EXGVKt@AJG~@C`A?JAvG?LAt@@P?J?^ATABEVo@~@GJKRILKNEPADEJBHFDXd@V`@FJ?\@P?X\l@HLNVNXXm@^y@gAsBuAkAGEUQk@g@GEOKO[EGCICICGA[?S?I@I@KDSXUDEVOlAi@T[@ABMDU@{@?uC@c@@g@@SBg@@O@OHi@F]?E@EDQLi@DMLYJU@EHORc@PWRULMHKNMNO^YROZQFELGTGREVGDAFAH?P?`@@P@D@VDXFHDJF\TLJLNLPNPVd@NZNZENCLGFKPEFSZ}A|BK@a@M?h@Ap@EbAC|@CbA?R	Click to Generate
S25	20	1			3	St Thomas Church Wincobank (S25)	Wincobank Post Office (S25)	Eastwoods (S25)	1593	1195	gdaeI|`tGzBDDHZvCdAdBFJLN`@l@d@j@VV^^^\^`@VVPLIk@w@oHSgBOkA_@eDO{AOuAPIDA~@]LEd@lEf@nElAtKv@dH?JADCDCDcA`@AEGOGUWuAKo@OoAQMWW_@a@_@]_@_@WWe@k@a@m@MOGKeAeB[wCEI{BE	Click to Generate
S25	20	1			3	St Thomas Church Wincobank (S25)	Wincobank Fish Bar (S25)	Eastwoods (S25)	1673	1255	wy`eIlvsGDA~@]LEd@lEf@nEcBt@OkA_@eDO{AOuAm@V}@ZwB`A]HI@OAU?a@?YDQHYTRdAXvAl@@zBDDHZvCdAdBFJLN`@l@d@j@VV^^^\^`@VVPLNnAJn@VtAFTFN@DbAa@BEBE@E?Kw@eHeBv@w@oHSgBo@qFO{AOuAPI	Click to Generate
S25	20	1			3	Zena (S25)	St Thomas (S25)	Winterhill School (S25)	1592	1194	aoceIruoGKg@KS]_@EACDK^CLGVHFDHDLd@lBDLC@@J?NCPIf@IXIXERADAFGTELNXEJMd@Kj@??Jk@Le@DKOYDMFU@G@EDSHY@]?QAQESZYBAPOJKLQPSNUHM`@s@d@s@Ze@X[RWPSLU}@wCGQNKV[EDQTOJFP|@vCMTQRSVYZ[d@e@r@a@r@ILOTQRMPKJQNC@@J?NCPIf@IXIXERADAFGTELNXDNDVTxAf@|CDCHEBCBA`@WPK??QJa@VC@CBIDEBg@}CUyAEWEOOYDMFU@G@EDSHY@]?QAQESZYBAEMe@mBEMEIIGFWBMJ_@BED@\^JRJf@	Click to Generate
S25	10	1			3	Zena (S25)	The Colin (S25)	The Salvation Army - Rotherham (S25)	982	736	mlceIthpGQJa@VC@CBIDEBg@}CUyAEWEOEJMd@Kj@??Jk@Le@DKOYDMGGEEAK?QDIHE??H?FBHY@]?QAQESZYBAPOJKLQPSNUHM`@s@d@s@Ze@X[HVLZDHb@j@c@k@EIM[IWYZOTKNe@r@a@r@ILOTQRMPKJQNC@@J?NCPIf@IXIXERADAFGTELNXDNDVTxAf@|CDCHEBCBA`@WPK	Click to Generate
S25	30	1			3	Hancock Cars (S25)	Shirefreen News 'n' Booze (S25)	Beck Primary School (S25)	2103	1577	i_deIppwGDHRVt@t@BDf@hAC\Ch@Gf@I|@Mt@CRIEEMAOAIMGGEOAI@EF_@xB^yBDGHAN@TL@H@NDLHDe@hCHCNEJAH?L?D?FCDNFNb@l@x@jASfAUxAOrAKfAOjBGdAEtACl@ClAZ@??[A?JCjA?zB@dB@b@?h@Bp@[n@FFFHJB^B|@@`@Gd@K~@W?J?JANG\NvA??OwAF]@O?K?K_AVe@Ja@F}@A_@CKCGIGGZo@Cq@?i@Ac@AeB?{BBkA?KBmABm@DuAFeANkBJgANsATyARgAy@kAc@m@GOEOIa@Ie@Cg@AKAGEILu@H}@Fg@Bi@B]g@iACEu@u@SWEI	Click to Generate
S25	60	1			3	Blackburn Minimarket (S25)	Blackburn Primary School (S25)	Shiregreen Medical Centre (S25)	8581	6436	kybeIzwuGjDcHtAiCvDcGxA{AxAeAhCwAbBy@nAo@pA_ArBoB~@iAh@cAnB}DxAoCd@y@rAuBLOX[Qw@UaAI]K[GOOa@GOKQGSCi@Ei@EYGUEMY\i@d@QLSJg@^eAf@aDzAuCpAqClAeAd@}BfAa@TCBi@^Om@w@oCOg@s@{B[cAYw@Yu@m@kAOWi@{@CCQUQUW]SUCE[bBAJKv@Kz@E~@Al@Aj@?l@Ar@?FCf@Cd@C`@Gr@Gj@Ih@Gb@En@Cn@?n@?NC~@AHARGVSb@IMOSEMAQJk@BUO`A@PDLNRHLRc@FW|@l@DMDSN_@j@eA??k@dAO^EREL}@m@@S@IB_A?O?o@Bo@Do@Fc@Hi@Fk@Fs@Ba@Be@Bg@?G@s@?m@@k@@m@D_AJ{@Jw@@KZcBBDRTV\PTPTBBh@z@NVl@jAXt@Xv@ZbAr@zBNf@v@nCNl@yC~BML}@jBaBvD{ApDy@jB}AbDmBlEa@bA}AzDoBnEUh@kCbGc@`AkBlEaBpDqAzC_BpD{AfDeAvBy@~A_@p@Wh@Uh@]bAi@nB`AbBXl@HNJTTf@NVRVt@t@BDf@hAC\Ch@Gf@I|@Mt@DH@F@JBf@Hd@H`@DNFNb@l@x@jAT^R^RVRNPHRHPBT?d@Cl@IpA_@@?bBi@XKXK`@ONGx@Ul@M\GLAd@E`@@XFPHvAn@rAp@h@VPHPLNLJJBm@@s@DsAFeA?IBo@VL@?zBfArFpCs@dGCV}A{@IECAaAi@kB_A]QQGMCQCKKOMQMQIi@WsAq@wAo@QIYGa@Ae@DM@]Fm@Ly@TOFa@NYJYJcBh@A?qA^m@He@BU?QCSIQISOSWS_@U_@y@kAc@m@GOEOIa@Ie@Cg@AKAGEILu@H}@Fg@Bi@B]@KDa@B_@Fc@@MLi@H_@Vw@^{@l@oAt@mAt@gA`CyC~@qAn@_Ar@iAjAwBj@uAbAcDx@kCr@kBz@gBhCeGj@kA	Click to Generate
S25	60	1			3	Freddy (S25)	Suzy (S25)	Two Dinners Ignatiu (S25)	4847	3635	mkceIp}rGKy@Mg@I]C]@g@GCMGkCkAc@WMKCAk@e@MKyAcBaAgAoGwHWMoCs@GCwCy@i@KqCYFuA?g@?SLmCDw@N{@Jg@Zm@BC\g@NOPI`@GLCTEj@OPKLQp@iBRs@j@yAhAgCdAaCdAyBhByBhAyAr@gANi@PwAJi@Le@JYHSPUb@_@RQFKJMHULa@NXDNDVTxAf@|Cz@tFTzAFd@^jBJnA@x@GtAEZC`A?zAMpDIZkCpB??ODQCg@YYCw@Eq@@?WBSHO`@GfBMf@GbAs@n@cAXeAVmBFUFa@D[FuAAy@KoA_@kBGe@U{A{@uFg@}CUyAEWEOOYM`@ITKLGJSPc@^QTIRKXMd@Kh@QvAOh@s@fAiAxAiBxBeAxBeA`CiAfCk@xASr@q@hBMPQJk@NUDMBa@FQHON]f@CB[l@Kf@Oz@Ev@MlC?R?f@GtApCXh@JvCx@FBnCr@VLnGvHzCjDLJj@d@PLb@VjCjALFFBAf@B\H\Lf@Jx@	Click to Generate
S25	45	1			3	American Golf (S25)	Madani Education Centre (S25)	Air Haus (S25)	4186	3140	uo_eIpxpGoAmB?EHs@VENBd@Fh@NN@VCDA\OVe@Ra@d@k@ZWNE^CP@R@ZR\ZVl@Jh@Ff@@H@fAAVC^@dAFl@Jh@Vd@X\CVK\EJIDG@[Hk@Xk@ZEY`@UQJOHDXj@[j@YZIFAHEDKJ]_@_@S]OYKISGSAU@_@b@WPWJ[BG?QEQGa@[SUOa@Mg@Go@Cg@Mi@KYKSYUi@Mc@GMKMMUIOIWSIISYKMa@k@Ye@a@y@EGa@{@m@mANUjAgBJOnA_B|AuB`ByBjAfDNh@BHVt@\dAd@fA`@r@DHI`@E\CV?V@H@RFRLZBFV\P@R@ZR\ZVl@Jh@Ff@@H@fAAVC^Ot@Un@c@h@_@b@Oh@EPCPAT?TBd@Lh@R^NTHFz@v@XXl@l@d@f@f@d@`@d@JLPPJLf@j@`@d@FFT\HBFFFHDLBJBJ?L?L?LCJCJEJEHGFEBGBI?GAOB_@J_@NUNURY\GJIHABSXGRITEJAHBZ@VCLCNEJGHGHGBIBIAGAIEEEEGCGEIAICKAY@O@QBMFMDKHGHEH?D?JEHGJINUBU?G?KEc@?IA]CGe@oAo@{AMYGKIGK?K@KJyAyD~@`CXv@JKJAJ?HFFJLXn@zAd@nABFNRJJBDB@B@F@D?JCr@aA`@g@DKPQ@IM}@GYM[GKQWQSUWaB_Bg@g@oAkA]]KMk@y@MSM]K]I[G[EMUk@a@[SUOa@Mg@Go@Cg@Mi@KYKSYUi@Mc@GMKMMIr@?DnAlB	Click to Generate
S25	15	1			3	The Colin (S25)	Winterhill School (S25)	The Salvation Army - Rotherham (S25)	1060	795	crceIfdpGJk@Le@DKOYDMGGEEAK?QDIHE??H?FBERADAFGTELNXDNDVTxAf@|CDCHEBCBA`@WPK??QJa@VC@CBIDEBg@}CUyAEWEOOYDMFU@G@EDSHY@]?QAQESZYBAPOJKLQPSNUHM`@s@d@s@Ze@X[HVLZDHb@j@c@k@EIM[IWYZOTKNe@r@a@r@ILOTQRMPKJQNC@@J?NCPIf@IXIXERADAFGTELNXEJMd@Kj@	Click to Generate
S25	45	1			3	Two Dinners Ignatiu (S25)	Stan (S25)	Brutus (S25)	3133	2350	wvceItpqG@m@p@Av@DXBf@XPBNE??jCqBH[LqD?{ABaAD[FuAAy@KoA_@kBGe@U{A{@uFg@}CUyAEWEOOYM`@ITKLGJSPc@^QTIRKXMd@Kh@QvAOh@s@fAiAxAiBxBeAxBeA`CiAfCk@xASr@q@hBMP??QJk@NUDMBa@FQHKi@GSMKOGiCc@KOCM?WFW~@qBRVpH~ARHRs@j@yAhAgCdAaCdAyBhByBhAyAr@gANi@PwAJi@Le@JYHSPUb@_@RQFKJMHULa@NXDNDVTxAf@|Cz@tFTzAFd@^jBJnA@x@GtAEZC`A?zAMpDADGTkCpBODQCg@YYCw@Eq@@Al@	Click to Generate
S25	45	1			3	Shirefreen News 'n' Booze (S25)	Beck Primary School (S25)	Shiregreen Medical Centre (S25)	3382	2536	{}ceIjvwG`@sABGf@hAC\Ch@Gf@I|@Mt@DH@F@JBf@Hd@H`@DNFNb@l@x@jASfAUxAOrAKfAOjBGdAEtACl@ClAZ@??[A?JCjA?zB@dB@b@?h@Bp@[n@FFFHJB^B|@@`@Gd@K~@W?J?JANG\NvA??OwAF]@O?K?K^MvA_@Cg@E_AAw@Ac@@e@?W?WFCAe@?G?YAS?M@g@?SBi@D}ABe@Bi@Hk@N{@R}@Tu@Vi@JSd@y@P[HU@QAQXKXK`@ONGx@Ul@M\GLAd@E`@@XFPHvAn@rAp@h@VPHPLNLJJBm@@s@DsAFeA?IBo@VL@?zBfArFpCs@dGCV}A{@IECAaAi@kB_A]QQGMCQCKKOMQMQIi@WsAq@wAo@QIYGa@Ae@DM@]Fm@Ly@TOFa@NYJYJcBh@A?qA^m@He@BU?QCSIQISOSWS_@U_@y@kAc@m@GOEOIa@Ie@Cg@AKAGEILu@H}@Fg@Bi@B]g@iACFa@rA	Click to Generate
S25	60	1			3	American Golf (S25)	Sainsbury's (S25)	M&C Tailoring (S25)	4846	3634	oe_eIxoqGXv@JKJAJ?HFFJLXn@zAd@nABFNRJJBDB@B@F@D?JCr@aA`@g@DKPQ@IM}@GYM[GKQWQSUWaB_Bg@g@oAkA]]KMk@y@MSM]K]I[G[EMUk@a@[SUOa@Mg@Go@Cg@?_@@]@UBQDSJa@Ve@Ra@d@k@ZWNE^CP@R@ZR\ZVl@Jh@Ff@@H@fAAVC^@dAFl@Jh@Vd@X\CVK\EJIDG@[Hk@Xk@ZEY`@UQJOHDXj@[j@YZIFAHEDKJ]_@_@S]OYKISGSAU@_@b@Oh@EPCPAT?TBd@Lh@R^NTHFz@v@XXl@l@d@f@f@d@`@d@JLPPJLf@j@`@d@FFT\HBFFFHDLBJBJ?L?L?LCJCJEJEHGFEBGBI?GAOB_@J_@NUNURY\GJIHABSXGRITEJAHBZ@VCLCNEJGHGHGBIBIAGAIEEEEGCGEIAICKAY@O@QBMFMDKHGHEH?D?JEHGJINUBU?G?KEc@?IA]CGl@{@Rb@??@An@eA@O?K?EEMaArAm@z@BFNRJJBDB@B@F@D?JCr@aA`@g@DKPQ@IM}@GYM[GKQWQSUWaB_Bg@g@oAkA]]KMk@y@MSM]K]I[G[EMUk@a@[SUOa@Mg@Go@Cg@Mi@KYKSYUi@Mc@GMKMMIr@?DvBdDAAuBcD?EHs@VENBd@Fh@NN@VCDA\OVe@Ra@d@k@ZWNE^CP@R@ZR\ZVl@Jh@Ff@@H@fAAVC^Ot@Un@c@h@_@b@Oh@EPCPAT?TBd@Lh@R^NTHFz@v@XXl@l@d@f@f@d@`@d@JLPPJLf@j@`@d@FFT\HBFFFHDLBJBJ?L?L?LCJCJEJEHGFEBGBI?GAOB_@J_@NUNURY\GJIHABSXGRITEJAHBZ@VCLCNEJGHGHGBIBIAGAIEEEEGCGEIAICKAY@O@QBMFMDKHGHEH?D?JEHGJINUBU?G?KEc@?IA]CGe@oAo@{AMYGKIGK?K@KJYw@	Click to Generate
S25	60	1			3	White Stuff (S25)	SYPTE (S25)	Jump Inc (S25)	5179	3884	_u_eIlqrG??SZ}@_C@m@NkF[E[C[ESACG?E?G@GBCvANFCBE?I?GACCCC?eBSKAGCGKIMGQAW@O@OHi@F]?E@EDQLi@DMLYJU@EHORc@PWRULMHKNMNO^YROZQFELGTGREVGDAFAH?P?`@@P@D@VDXFHDJF\TLJLNLPNPVd@NZNZENCLGFKPEFSZ}A|BK@a@M?h@Ap@EbAC|@CbA?RCj@p@fBT]T[T]T[V]T]CGQc@Qc@Qe@Qe@Qc@Qc@Qg@BUpBwCBK@A@O@MCYKOIOKMOSOOMM_@YGCMGQIGAYCWEWAO?G@E@c@FMDQHEBGBMHSNSNWTEDa@ZUR]b@Q^Wf@Qf@Of@EXGVKt@AJG~@C`A?JAvG?LAt@@P?J?^ATABEVo@~@GJKRILKNEPADEJBHFDXd@V`@FJ?\@P?X\l@HLNVNXXm@^y@gAsBuAkAGEUQk@g@GEOKO[EGCICICGA[?S?I@I@KDSXUDEVOlAi@T[@ABMDU@{@?uC@c@@g@@SBg@@O@OHi@F]?E@EDQLi@DMLYJU@EHORc@PWRULMHKNMNO^YROZQFELGTGREVGDAFAH?P?`@@P@D@VDXFHDJF\TLJLNLPNPVd@NZNZVh@f@nAJRJL@BDBDFNHNDF@DBHEH?D?JEHGJINUBU?G?KEc@?IA]CGe@oAINMN}@cC\~@^bALOHOd@nABFNRJJBDB@B@F@D?JCr@aA`@g@DKPQ@IDQDKFIFGDAFAD?D@HBFFFHDLBJBJ?L?L?LCJCJEJEHGFEBGBI?GAOB_@J_@NUNURY\GJIHABSXGRITEJAHBZ@VCLCNEJGHGHGBIBIAGAIEEEEGCGEIAICKAYM_@So@EKcAyBQ_@GMSg@KOIOKMOSOOMM_@YGCMGQIGAYCWEWAO?G@E@c@FMDQHEBGBMHSNSNWTEDa@ZUR]b@Q^Wf@Qf@Of@EXGVKt@AJ@N@LDJ?@HLnBRFBBD@D?D?D?B?RAFE@QAwAOCBAF?F?DBFR@ZDZBZDP@B@@B@JMzEAZt@pB	Click to Generate
S25	60	1			3	Air Haus (S25)	M&C Tailoring (S25)	Sainsbury's (S25)	4937	3703	yd_eIzbqGOHDXj@[j@YZIFAHEDKJ]_@_@S]OYKISGSAU@_@b@Oh@EPCPAT?TBd@Lh@R^NTHFz@v@XXl@l@d@f@f@d@`@d@JLPPJLf@j@`@d@FFT\HBFFFHDLBJBJ?L?L?LCJCJEJEHGFEBGBI?GAOB_@J_@NUNURY\GJIHABSXGRITEJAHBZ@VCLCNEJGHGHGBIBIAGAIEEEEGCGEIAICKAY@O@QBMFMDKHGHEH?D?JEHGJINUBU?G?KEc@?IA]CGe@oAo@{AMYGKIGK?K@KJyAyD~@`CXv@JKJAJ?HFFJLXn@zAd@nABFNRJJBDB@B@F@D?JCr@aA`@g@DKPQ@IM}@GYM[GKQWQSUWaB_Bg@g@oAkA]]KMk@y@MSM]K]I[G[EMUk@a@[SUOa@Mg@Go@Cg@Mi@KYKSYUi@Mc@GMKMMIr@?DvBdDAAuBcD?EHs@VENBd@Fh@NN@VCDA\OVe@Ra@d@k@ZWNE^CP@R@ZR\ZVl@Jh@Ff@@H@fAAVC^Ot@Un@c@h@_@b@Oh@EPCPAT?TBd@Lh@R^NTHFz@v@XXl@l@d@f@f@d@`@d@JLPPJLf@j@`@d@FFT\HBFFFHDLBJBJ?L?L?LCJCJEJEHGFEBGBI?GAOB_@J_@NUNURY\GJIHABSXGRITEJAHBZ@VCLCNEJGHGHGBIBIAGAIEEEEGCGEIAICKAY@O@QBMFMDKHGHEH?D?JEHGJINUBU?G?KEc@?IA]CGl@{@Rb@??@An@eA@O?K?EEMaArAm@z@BFNRJJBDB@B@F@D?JCr@aA`@g@DKPQ@IM}@GYM[GKQWQSUWaB_Bg@g@oAkA]]KMk@y@MSM]K]I[G[EMUk@a@[SUOa@Mg@Go@Cg@?_@@]@UBQDSJa@Ve@Ra@d@k@ZWNE^CP@R@ZR\ZVl@Jh@Ff@@H@fAAVC^@dAFl@Jh@Vd@X\CVK\EJIDG@[Hk@Xk@ZEYNI	Click to Generate
S25	15	1			3	St Thomas (S25)	The Salvation Army - Rotherham (S25)	Meadow View Primary School (S25)	1142	856	adceIhmoGMOMMQMCNCJk@bAIL}@wCGQNKV[EDQTOJFP|@vCMTQRSVYZ[d@e@r@a@r@ILOTQRMPKJQNC@@J?NCPIf@IX@]?QAQESZYBAPOJKLQPSNUHM`@s@d@s@JONUX[RWPSLUHMj@cABKBOPLLLt@z@RVDFj@r@j@t@JN^oARm@??Sl@_@nAKOk@u@k@s@EGSWg@k@	Click to Generate
S25	45	1			3	The Cruise Holiday Shop (S25)	Mint Nail (S25)	Jump Inc (S25)	3326	2494	gm_eIrgrGCh@p@fB??T]T[T]T[V]T]CGQc@Qc@Qe@Qe@Qc@Qc@Qg@BUpBwCBK@A@O@MCYKOIOKMOSOOMM_@YGCMGQIGAYCWEWAO?G@E@c@FMDQHEBGBMHSNSNWTEDa@ZUR]b@Q^Wf@Qf@Of@EXGVKt@AJ@N@LDJ?@HLnBRFBBD@D?D?D?B?RAFE@QAwAOCBAF?F?DBFR@ZDZBZDP@B@@B@JMzEAZt@pB??SZ}@_C@m@NkF[E[C[ESACG?E?G@GBCvANFCBE?I?GACCCC?eBSKAGCGKIMGQAW@O@OHi@F]?E@EDQLi@DMLYJU@EHORc@PWRULMHKNMNO^YROZQFELGTGREVGDAFAH?P?`@@P@D@VDXFHDJF\TLJLNLPNPVd@NZNZVh@f@nAJRJL@BDBDFNHNDF@DBHEH?D?JEHGJINUBU?G?KEc@?IA]CGe@oAINMN}@cC\~@^bALOHOd@nABFNRJJBDB@B@F@D?JCr@aA`@g@DKPQ@IDQDKFIFGDAFAD?D@HBFFFHDLBJBJ?L?L?LCJCJEJEHGFEBGBI?GAOB_@J_@NUNURY\GJIHABSXGRITEJAHBZ@VCLCNEJGHGHGBIBIAGAIEEEEGCGEIAICKAYM_@So@EKcAyBQ_@GFKPEFSZ}A|BK@a@M?h@Ap@EbAC|@CbA?T	Click to Generate
S25	45	1			3	Shirefreen News 'n' Booze (S25)	Hartley Brook Road Post Office (S25)	Volksgear (S25)	3970	2978	ctceI~oyGOwAF]@O?K?K_AVe@Ja@F}@A_@CKCGIGGZo@Cq@?i@Ac@AeB?{BBkA?KZ@??[A?JCjA?zB@dB@b@?h@Bp@[n@Q^Qb@K`@Ib@Kf@Ed@AXCXAl@@n@@d@D`@F^DRLh@Rj@Rj@Th@RZDF\f@Z\`@\b@NZL`AR`AFn@@rBA^AT?bAAXAT?d@@r@Fv@Jv@Pr@Pp@TT}ADW@EBADAbAj@@OTwBZmDLuAHw@H}@Fg@LaBHeADs@Ba@Be@?m@?M?oCAcA?W?yB?S?s@?gC?aD@iD?S?u@C[KKOMQMQIi@WsAq@wAo@QIYGa@Ae@DM@]Fm@Ly@TOFa@NYJYJcBh@A?qA^m@He@BU?QCSIQISOSWS_@U_@y@kAc@m@GOEOIa@Ie@Cg@AKAGEICRIEEMAOAIOIECOAI@EF_@xB^yBDGHAN@TL@H@NDLHDe@hCEVIl@Mt@M|@KlAKrACp@Cp@MrCCv@Ch@ElAKrCIxBHHBHBTNbDTfDDn@@VF|@D\BHDDBBB@BY@YDe@Jg@Hc@Ja@Pc@P_@FFFHJB^B|@@`@Gd@K~@W?J?JANG\NvA	Click to Generate
S25	45	1			3	Beck Primary School (S25)	Shiregreen Medical Centre (S25)	Shirefreen News 'n' Booze (S25)	4141	3106	i|beIrgzG??KJGNEPOGOIq@Us@Qw@Qw@Ks@Ge@ACSGQKSe@cA]{@_@cAWy@Qq@Me@SaAUkAQmAEYMiAKcAGaAEu@wA^_@L?J?JANG\NvA??OwAF]@O?K?K^MvA_@Cg@E_AAw@Ac@@e@?W?WFCAe@?G?YAS?M@g@?SBi@D}ABe@Bi@Hk@N{@R}@Tu@Vi@JSd@y@P[HU@QAQXKXK`@ONGx@Ul@M\GLAd@E`@@XFPHvAn@rAp@h@VPHPLNLJJBm@@s@DsAFeA?IBo@VL@?zBfArFpCs@dGCV}A{@IECAaAi@kB_A]QQGMCQCKKOMQMQIi@WsAq@wAo@QIYGa@Ae@DM@]Fm@Ly@TOFa@NYJYJcBh@A?qA^m@He@BU?QCSIQISOSWS_@U_@SfAUxAOrAKfAOjBGdAEtACl@ClAZ@??[A?JCjA?zB@dB@b@?h@Bp@[n@Q^Qb@K`@Ib@Kf@Ed@AXCXAl@@n@@d@D`@F^DRLh@Rj@Rj@Th@RZDF\f@Z\`@\b@NZL`AR`AFn@@rBA^AT?bAAXAT?d@@r@Fv@Jv@Pr@Pp@TNHNFDQFOJK??	Click to Generate
S25	60	1			3	Sci-Tek Snack Shack (S25)	Kelford School (S25)	South Street Convenience Store (S25)	12335	9251	}paeIxxlGWFSDWJMZUHQ?[@_@AMCkAa@m@MCOAOAe@OsGAYCSOs@EKEGGCEAQHOL]d@KLKDIBC?SBGHIl@C^EVeAjBMRu@pA[j@U`@aA~AYd@u@nAQX_@h@k@h@MLOPILWe@ESCO?CA]?QBcE?Y@yA@wB?W@[?G?_A@eBBkB?K?c@B}B@qA?yA@wABiA?S@kA@g@?EAq@AoAC{@GoA?]Ba@Jy@f@sELcAv@eHRiBDg@?}@?g@?wA?O?_BAaACo@Ce@E_@Iy@Gg@E]EWEm@CUAa@EmAGm@AQAo@?S?k@?g@NBr@DbADL@xAJnB?pBBd@AtAWdI}CtAi@PQHOBQBOHOHKJGLCJ@JDJJHLDRDR@VF^N|@VdAFVPx@b@~@Xr@RRJHVNH@DBHPBNAT?@?V@RJn@Nl@Nr@B\FPDRb@|AJr@b@nCZpBBTr@zE^dCf@|CP~@Pl@Vv@Xp@\h@^d@TVjAdAp@h@XHD@TFHAD?JFDFDR@N?JETILGDE@EAKHC@KLEDIRoApBcAzAuAjB\xAR~@@~@A`B@z@Dp@Jr@Lp@X|@Lb@DLVpARdALhAHfADbA@t@@V?`ACt@MfA?HAn@BfA@z@RvL@|@ZxQ[yQ?EAw@SwLA{@CgA@o@?ILgABu@?aAAWAu@EcAIgAMiASeAWqAEMMc@Y}@Mq@Ks@Eq@A{@@aBA_AS_A]yAtAkBbA{AnAqBHS@KBU?C@]AOK_@ACQc@q@i@kAeAUW_@e@]i@Yq@Ww@Qm@Q_Ag@}C_@eCs@{ECU[qBc@oCKs@c@}AESGQIUK[IUYcAKSU[CCGMCOCk@GWMg@Ys@c@_A[i@]m@UUw@g@KCIEc@S]Ea@?e@LeIdDeBd@uAV_@BK@qAF}AAaBKWJMJIJEFCFGPKd@?FDlA@`@BTDl@DVD\Ff@Hx@D^Bd@Bn@@`A?~A?N?vA?f@?|@Ef@ShBw@dHMbAg@rEKx@C`@?\FnABz@@nA@p@?DAf@AjA?RChAAvA?xAApAC|B?b@?JCjBAdB?~@?FAZ?VAvBAxA?XCbE?P@\?BBNDRVd@MZQp@b@b@bA`A\^j@x@FHnA`C`@t@l@nAf@vAN`@Pf@HTXx@`@nAZ~@BLPj@^|A?DHl@BNDVFp@HtAFtADtAFxBB`@eAHECqByBGNEDIBGAEIEHK\_@vAAH?JDVDNB@@B@D?@@BAD?DCBA@C@CACCAC?EAE@E@CBC@AB?EOEW?K@I^wAJ]DIAI?KFWGI[]]_@s@w@k@k@uB|Mg@|C?T?D@HDHlE|Cx@l@B@b@\PLxAdAJJJPb@z@h@jAdBnD^v@FLXl@FFH@F?FCFCE[Kw@Ea@SyAk@mEOmAOeASeBCUKeAIsAAQAUCWAm@Cc@Ak@GqBCa@GyBEuAGuAIuAGq@EWCOIm@?E_@}AQk@CM[_Aa@oAYy@IUQg@Oa@g@wAm@oAa@u@oAaCGIk@y@]_@cAaAc@c@Pq@L[HMNQLMj@i@^i@PYt@oAXe@`A_BTa@Zk@t@qALSdAkBDWB_@Hm@FIRCB?HCJEJM\e@NMPID@FBDFDJNr@BR@XNrG@d@@NBNl@LjA`@LB^@ZAP?TIL[VKREVG	Click to Generate
S25	30	1			3	Blackburn Primary School (S25)	Blackburn Youth Club (S25)	Csk Motors (S25)	2427	1820	y{beIlftGKj@@PDLNRHLRc@FW|@l@DMDSN_@j@eA??k@dAO^EREL}@m@@S@IB_A?O?o@Bo@Do@Fc@Hi@Fk@Fs@Ba@Be@Bg@XAJ???K?Y@?G@s@?m@@k@@m@D_AJ{@Jw@@KZcBBDRTV\PTPTBBh@z@NVl@jAXt@Xv@ZbAr@zBNf@v@nCNl@h@_@BC`@U|BgAdAe@pCmAKQYMw@_@ECGIFHDBv@^XLJP}BbASHeAd@}BfAa@TCBi@^Om@w@oCOg@s@{B[cAYw@Yu@m@kAOWi@{@CCQUQUW]SUCE[bBAJKv@Kz@E~@Al@Aj@?l@Ar@?FCf@Cd@C`@Gr@Gj@Ih@Gb@En@Cn@?n@?NC~@AHARGVSb@IMOSEMAQJk@	Click to Generate
S25	30	1			3	Blackburn Youth Club (S25)	Blackburn Minimarket (S25)	Csk Motors (S25)	2810	2108	avbeIdetGk@dAO^EREL}@m@@S@IB_A?O?o@Bo@Do@Fc@Hi@Fk@Fs@Ba@Be@Bg@XAJ???K?Y@Cf@Cd@C`@Gr@Gj@Ih@Gb@En@Cn@?n@?NC~@AHARGVSb@IMOSEMAQJk@BUO`A@PDLNRHLRc@FW@S@IB_A?O?o@Bo@Do@Fc@Hi@Fk@Fs@Ba@Be@Bg@?G@s@?m@@k@@m@D_AJ{@Jw@@KZcBBDRTV\PTPTBBh@z@NVl@jAXt@Xv@ZbAr@zBNf@v@nCNl@h@_@BC`@U|BgAdAe@pCmAKQYMw@_@ECGIFHDBv@^XLJP}BbASHeAd@}BfAa@TCBi@^Om@w@oCOg@s@{B[cAYw@Yu@m@kAOWi@{@CCQUQUW]SUCE[bBAJKv@Kz@E~@Al@Aj@?l@Ar@?FCf@Cd@C`@Gr@Gj@Ih@Gb@En@Cn@?n@?NC~@AHAR|@l@DMDSN_@j@eA	Click to Generate
S25	30	1			3	Blackburn Primary School (S25)	Blackburn Minimarket (S25)	Csk Motors (S25)	2441	1831	awbeI`wsGK?Y@Cf@Cd@C`@Gr@Gj@Ih@Gb@En@Cn@?n@?NC~@AHAR|@l@DMDSN_@j@eA??k@dAO^EREL}@m@GVSb@IMOSEMAQJk@BUO`A@PDLNRHLRc@FW@S@IB_A?O?o@Bo@Do@Fc@Hi@Fk@Fs@Ba@Be@Bg@?G@s@?m@@k@@m@D_AJ{@Jw@@KZcBBDRTV\PTPTBBh@z@NVl@jAXt@Xv@ZbAr@zBNf@v@nCNl@h@_@BC`@U|BgAdAe@pCmAKQYMw@_@ECGIFHDBv@^XLJP}BbASHeAd@}BfAa@TCBi@^Om@w@oCOg@s@{B[cAYw@Yu@m@kAOWi@{@CCQUQUW]SUCE[bBAJKv@Kz@E~@Al@Aj@?l@Ar@?FXAJ?	Click to Generate
S25	60	1			3	Two Dinners Ignatiu (S25)	Abbey School (S25)	Freddy (S25)	5607	4205	skceI~kqGGTkCpB??ODQCg@YYCw@Eq@@Al@??@m@?WBSHO`@GfBMf@GbAs@n@cAXeAVmBFUFa@D[FuAAy@KoA_@kBGe@U{A{@uFg@}CUyAEWEOOYDMFU@G@EDSHY@]?QAQESZYBAPOJKLQPSNUHM`@s@d@s@Ze@X[RWPSLUHMj@cABKBOPLLLt@z@RVDFj@r@j@t@JNr@|@h@t@b@j@FH\b@PNRLTHG`@Gf@E`@AV?R@b@BVHZHTDFJNJJ|@h@|@f@NHf@`@b@b@HJVXPXBBLRZh@Vh@P^P`@Nf@Nh@Nh@Ln@Hj@Hl@B\@PB`@@L?R?V?`@Cd@Cb@Gp@CJIj@EVGTERGRUn@S^S^SX_@b@u@x@SVGFIJGNEPAN?R@NBT@F@HJt@F\TbBFZFTFJl@z@PVBJF\Dd@@h@@~A@jAAZAVCZADEj@Ix@OxAKjAKbAKlAOtAE`@E`@G^KXSl@[x@g@xAM^KZQz@I\Qt@W]SUCEg@c@e@e@s@g@wBwAwDcCaD{B_Ai@y@[GCMGkCkAc@WMKCAk@e@MK{CkDoGwHWMoCs@GCwCy@i@KqCYFuA?g@?SLmCDw@N{@Jg@Zm@BC\g@NOPI`@GLCTEj@OPKLQp@iBRs@j@yAhAgCdAaCdAyBhByBhAyAr@gANi@PwAJi@Le@JYHSPUb@_@RQFKJMHULa@NXDNDVTxAf@|Cz@tFTzAFd@^jBJnA@x@GtAEZC`A?zAMpDAD	Click to Generate
S25	45	1			3	AllSaints (S25)	SYPTE (S25)	Jump Inc (S25)	3597	2698	ev_eInfrGMnEAZt@pB??SZ}@_C@m@NkF[E[C[ESACG?E?G@GBCvANFCBE?I?GACCCC?eBSIDA@EDGNEP?JAvG?LAt@@P?J?^ATABEVo@~@GJKRILKNEPADEJBHFDXd@V`@FJ?\@P?X\l@HLNVNXXm@^y@gAsBuAkAGEUQk@g@GEOKO[EGCICICGA[?S?I@I@KDSXUDEVOlAi@T[@ABMDU@{@?uC@c@@g@@SBg@@O@OHi@F]?E@EDQLi@DMLYJU@EHORc@PWRULMHKNMNO^YROZQFELGTGREVGDAFAH?P?`@@P@D@VDXFHDJF\TLJLNLPNPVd@NZNZVh@f@nAJRJL@BDBDFNHNDF@DBHEH?D?JEHGJINUBU?G?KEc@?IA]CGe@oAINMN}@cC\~@^bALOHOd@nABFNRJJBDB@B@F@D?JCr@aA`@g@DKPQ@IDQDKFIFGDAFAD?D@HBFFFHDLBJBJ?L?L?LCJCJEJEHGFEBGBI?GAOB_@J_@NUNURY\GJIHABSXGRITEJAHBZ@VCLCNEJGHGHGBIBIAGAIEEEEGCGEIAICKAYM_@So@EKcAyBQ_@GMSg@KOIOKMOSOOMM_@YGCMGQIGAYCWEWAO?G@E@c@FMDQHEBGBMHSNSNWTEDa@ZUR]b@Q^Wf@Qf@Of@EXGVKt@AJ@N@LDJ?@HLnBRFBBD@D?D?D?B?RAFE@QAwAOCBAF?F?DBFR@ZDZBZDP@B@@B@J?J	Click to Generate
S25	20	1			3	St Lawrence Church (S25)	Tinsley Meadows Primary School (S25)	Madani Education Centre (S25)	1903	1427	qz~dIhjoG`ByAIQAEEGCEKIOC@_@?SBODMr@}ADGFEHAH?NJLFHBFAFdABHDBB@CAECCIGeAG@ICMGOKI?I@GDEFs@|AEL?BCJ?RA^NBJHBDDF@DHPRp@BHHXFVRp@HZ_Ax@GFq@l@q@r@UVg@j@WZ[f@u@hAm@`AINmAvDELQ`@]h@U\OX]r@EIa@s@e@gA]eA[_AtAmBq@qBM@KDCDOa@??N`@BEJELAp@pBuAlBBHVt@\dAd@fA`@r@DH\s@NYT]\i@Pa@DMlAwDHOl@aAt@iAZg@V[f@k@TWG]Kq@G_@Oy@Ie@v@u@	Click to Generate
S25	30	1			3	Tinsley Meadows Primary School (S25)	Hanfia Masjid (S25)	Madani Education Centre (S25)	2239	1679	{t_eIxeoG?LJdBPGXjEbC`HjAfDNh@tAmBq@qBM@KDCDOa@??N`@BEJELAp@pBuAlBOi@kAgDcCaH{Bl@cCn@yBp@GBi@Ng@JIFGDKNTv@f@bBNr@Tn@\bADJXr@Th@z@nBHRl@lA`@z@DF`@x@Xd@`@j@JLRXHHVRNHTHVENBd@Fh@NN@VCDA\OVe@Ra@NeAHoAHy@No@L[LUEIa@s@e@gA]eAWu@CIOi@kAgDcCaHYkEQFKeB?M	Click to Generate
S25	30	1			3	Suzy (S25)	Freddy (S25)	Morris (S25)	2863	2147	a_deIxfrG~CtD`AfAxAbBLJj@d@B@LJb@VjCjALFFBx@Z~@h@`DzBvDbCvBvAr@f@d@d@f@b@[bBAJKv@Kz@E~@Al@Aj@?l@IEECIQCSDYFGBALE@m@D_AJ{@Jw@@KZcBg@c@e@e@s@g@wBwAwDcCaD{B_Ai@y@[GCMGkCkAc@WQMk@e@MK{CkDoGwHWMoCs@GCwCy@i@KqCYFuA?g@?SnAPoAQ?R?f@GtApCXh@J??vCx@FBnCr@VLnB`C	Click to Generate
S25	30	1			3	Blackburn Primary School (S25)	Blackburn Youth Club (S25)	Blackburn Minimarket (S25)	2532	1899	a`beIf{sGSHeAd@}BfAa@TCBi@^Om@w@oCOg@s@{B[cAYw@Yu@m@kAOWi@{@CCQUQUW]SUCE[bBAJKv@Kz@E~@Al@Aj@?l@Ar@?FCf@Cd@C`@Gr@Gj@Ih@Gb@En@Cn@?n@?NC~@AHAR|@l@DMDSN_@j@eA??k@dAO^EREL}@m@@S@IB_A?O?o@Bo@Do@Fc@Hi@Fk@Fs@Ba@Be@Bg@XAJ???K?Y@Cf@Cd@C`@Gr@Gj@Ih@Gb@En@Cn@?n@?NC~@AHARGVSb@IMOSEMAQJk@BUO`A@PDLNRHLRc@FW@S@IB_A?O?o@Bo@Do@Fc@Hi@Fk@Fs@Ba@Be@Bg@?G@s@?m@@k@@m@D_AJ{@Jw@@KZcBBDRTV\PTPTBBh@z@NVl@jAXt@Xv@ZbAr@zBNf@v@nCNl@h@_@BC`@U|BgAdAe@RI	Click to Generate
S25	30	1			3	Meadow View Primary School (S25)	South Street Convenience Store (S25)	Bake N Butty (S25)	2618	1964	wpbeIj_pGKVm@u@[]SOSMe@QKEo@SUISMQO]c@GIc@k@i@u@s@}@^oARm@??Sl@_@nAr@|@h@t@b@j@FH\b@PNRLTHn@RJDd@PRLRNZ\l@t@r@kBv@sBBIt@uBTm@Ne@Le@XwADSn@aDx@l@B@b@\PLxAdA{AlFWYiA|CGHIEaCoCu@tBCHw@rBs@jBm@u@[]SOSMe@QKEo@SUISMQO]c@GIc@k@i@u@s@}@KOk@u@k@s@EGSWg@k@MOMMQM?MAOCWGu@K}@XOLONUFGRYSXGFOTMNYNJ|@Ft@BV@N?LPLLLt@z@RVDFj@r@j@t@JNr@|@h@t@b@j@FH\b@PNRLTHn@RJDd@PRLRNZ\l@t@JW	Click to Generate
S25	20	1			3	St Thomas Church Wincobank (S25)	Fife Street Stores (S25)	Wincobank Post Office (S25)	1773	1330	_s`eIzytGGOGUWuAKo@OoAIk@w@oHSgBOkA_@eDO{AOuAm@V}@ZwB`A@LHRL\DPBR?X?f@Al@DHZvCdAdBkAz@[TOX_@t@GWs@gEAEKo@Qu@]eBYwASeAXUPIXE`@?T?N@HA\IvBaA|@[l@WPIDA~@]LEd@lEf@nElAtKv@dH?JADCDCDcA`@AE	Click to Generate
S25	60	1			3	Phase Eight (S25)	SYPTE (S25)	Jump Inc (S25)	5179	3884	_u_eIlqrG??SZ}@_C@m@NkF[E[C[ESACG?E?G@GBCvANFCBE?I?GACCCC?eBSKAGCGKIMGQAW@O@OHi@F]?E@EDQLi@DMLYJU@EHORc@PWRULMHKNMNO^YROZQFELGTGREVGDAFAH?P?`@@P@D@VDXFHDJF\TLJLNLPNPVd@NZNZENCLGFKPEFSZ}A|BK@a@M?h@Ap@EbAC|@CbAAf@AVp@fBT]T[T]T[V]T]CGQc@Qc@Qe@Qe@Qc@Qc@Qg@BUpBwCBK@A@O@MCYKOIOKMOSOOMM_@YGCMGQIGAYCWEWAO?G@E@c@FMDQHEBGBMHSNSNWTEDa@ZUR]b@Q^Wf@Qf@Of@EXGVKt@AJG~@C`A?JAvG?LAt@@P?J?^ATABEVo@~@GJKRILKNEPADEJBHFDXd@V`@FJ?\@P?X\l@HLNVNXXm@^y@gAsBuAkAGEUQk@g@GEOKO[EGCICICGA[?S?I@I@KDSXUDEVOlAi@T[@ABMDU@{@?uC@c@@g@@SBg@@O@OHi@F]?E@EDQLi@DMLYJU@EHORc@PWRULMHKNMNO^YROZQFELGTGREVGDAFAH?P?`@@P@D@VDXFHDJF\TLJLNLPNPVd@NZNZVh@f@nAJRJL@BDBDFNHNDF@DBHEH?D?JEHGJINUBU?G?KEc@?IA]CGe@oAINMN}@cC\~@^bALOHOd@nABFNRJJBDB@B@F@D?JCr@aA`@g@DKPQ@IDQDKFIFGDAFAD?D@HBFFFHDLBJBJ?L?L?LCJCJEJEHGFEBGBI?GAOB_@J_@NUNURY\GJIHABSXGRITEJAHBZ@VCLCNEJGHGHGBIBIAGAIEEEEGCGEIAICKAYM_@So@EKcAyBQ_@GMSg@KOIOKMOSOOMM_@YGCMGQIGAYCWEWAO?G@E@c@FMDQHEBGBMHSNSNWTEDa@ZUR]b@Q^Wf@Qf@Of@EXGVKt@AJ@N@LDJ?@HLnBRFBBD@D?D?D?B?RAFE@QAwAOCBAF?F?DBFR@ZDZBZDP@B@@B@JMzEAZt@pB	Click to Generate
S25	45	1			3	Zara (S25)	The Cruise Holiday Shop (S25)	SYPTE (S25)	3403	2552	_u_eIlqrG??SZ}@_C@m@NkFP@B@@B@JKnDAj@[C[C[E[CQCLkFCG?E?G@GBCvANFCBE?I?GACCCC?eBSKAGCGKIMGQAW@O@OHi@F]?E@EDQLi@DMLYJU@EHORc@PWRULMHKNMNO^YROZQFELGTGREVGDAFAH?P?`@@P@D@VDXFHDJF\TLJLNLPNPVd@NZNZENCLGFKPEFSZ}A|BK@a@M?h@Ap@EbAC|@CbAC~@p@fB??T]T[T]T[V]T]CGQc@Qc@Qe@Qe@Qc@Qc@Qg@BUpBwCBK@A@O@MCYKOIOKMOSOOMM_@YGCMGQIGAYCWEWAO?G@E@c@FMDQHEBGBMHSNSNWTEDa@ZUR]b@Q^Wf@Qf@Of@EXGVKt@AJG~@C`A?JAvG?LAt@@P?J?^ATABEVo@~@GJKRILKNEPADEJBHFDXd@V`@FJ?\@P?X\l@HLNVNXXm@^y@gAsBuAkAGEUQk@g@GEOKO[EGCICICGA[?S?I@I@KDSXUDEVOlAi@T[@ABMDU@{@?uCJe@@QDOHGFEHAH@nBRFBBD@D?D?D?B?RAFE@QAwAOCBAF?F?DBFR@ZDZBZDP@B@@B@JMzEAZt@pB	Click to Generate
S25	20	1			3	St Thomas Church Wincobank (S25)	Wincobank Post Office (S25)	Eastwoods (S25)	1548	1161	ycaeIfgtGKo@fCDHBHBdAdBFJLN`@l@d@j@VV^^^\^`@VVPLIk@w@oHSgBOkA_@eDO{AOuAPIDA~@]LEd@lEf@nElAtKv@dH?JADCDCDcA`@AEGOGUWuAKo@OoAQMWW_@a@_@]_@_@WWe@k@a@m@MOGKeAeBICICgCEJn@	Click to Generate
S25	45	1			3	The White Company (S25)	Barbour (S25)	Jump Inc (S25)	4159	3119	up_eIl{qG_@EWCGCECE?ICGCEGG@EACECEAO@KCYEUIe@AEAQ?S?K@I@MJ[ROZQFELGTGREVGDAFAH?P?`@@P@D@VDXFHDJF\TLJLNLPNPVd@NZNZENCLGFKPEFSZ}A|BK@a@M?h@Ap@EbAC|@CbAC~@??p@fBT]T[T]T[V]T]CGQc@Qc@Qe@Qe@Qc@Qc@Qg@BUpBwCBK@A@O@MCYKOIOKMOSOOMM_@YGCMGQIGAYCWEWAO?G@E@c@FMDQHEBGBMHSNSNWTEDa@ZUR]b@Q^Wf@Qf@Of@EXGVKt@AJ@N@LDJ?@HLnBRFBBD@D?D?D?B?RAFE@QAwAOCBAF?F?DBFR@ZDZBZDP@B@@B@JMzEAZt@pB??SZ}@_C@m@NkF[E[C[ESACG?E?G@GBCvANFCBE?I?GACCCC?eBSKAGCGKIMGQAW@O@OHi@F]?E@EDQLi@DMLYJU@EHORc@PWRULMHKNMNO^YROZQFELGTGREVGDAFAH?P?`@@P@D@VDXFHDJF\TLJLNLPNPVd@NZNZVh@f@nAJRJL@BDBDFNHNDF@DBHEH?D?JEHGJINUBU?G?KEc@?IA]CGe@oAINMN}@cC\~@^bALOHOd@nABFNRJJBDB@B@F@D?JCr@aA`@g@DKPQ@IDQDKFIFGDAFAD?D@HBFFFHDLBJBJ?L?L?LCJCJEJEHGFEBGBI?GAOB_@J_@NUNURY\GJIHABSXGRITEJAHBZ@VCLCNEJGHGHGBIBIAGAIEEEEGCGEIAICKAYM_@So@EKcAyBQ_@GMSg@KOIOKMOSOOMM_@YGCMGQIGAYCWEWAO?G@E@c@FMDQHEBGBMHSNSNWTH`@@FVnABRDFFLFJFNDBFBVB^D	Click to Generate
S25	60	1			3	Suzy (S25)	Yazier (S25)	Two Dinners Ignatiu (S25)	6233	4675	gsceInsrGCAk@e@MKyAcBaAgAoGwHWMoCs@A~@?f@FVbBdBf@fAj@r@J`@@f@CHEL@h@t@pBhBpDr@`B^l@b@dAxAv@n@f@rApA`AHfAl@Zp@@jAFYDIHIL@JH|@bAx@xAv@|BJFFWKcCO{@[qA[eAYiASw@c@y@Qw@SqA??Ky@Mg@I]C]@g@GCMGkCkAc@WQMk@e@MK{CkDoGwHWMoCs@GCwCy@i@KqCYFuA?g@?SLmCDw@N{@Jg@Zm@BC\g@NOPI`@GLCTEj@OPKLQp@iBRs@j@yAhAgCdAaCdAyBhByBhAyAr@gANi@PwAJi@Le@JYHSPUb@_@RQFKJMHULa@NXDNDVTxAf@|Cz@tFTzAFd@^jBJnA@x@GtAEZC`A?zAMpDIZkCpB??ODQCg@YYCw@Eq@@?WBSHO`@GfBMf@GbAs@n@cAXeAVmBFUFa@D[FuAAy@KoA_@kBGe@U{A{@uFg@}CUyAEWEOOYM`@ITKLGJSPc@^QTIRKXMd@Kh@QvAOh@s@fAiAxAiBxBeAxBeA`CiAfCk@xASr@q@hBMPQJk@NUDMBa@FQHON]f@CB[l@Kf@Oz@Ev@MlC?R?f@GtApCXh@JvCx@FBnCr@VLnGvHzCjDLJj@d@B@	Click to Generate
S25	45	1			3	Beck Primary School (S25)	Shiregreen Medical Centre (S25)	Shirefreen News 'n' Booze (S25)	4129	3097	s|beI|gzGA@GNEPOGOIq@Us@Qw@Qw@Ks@Ge@ACSGQKSe@cA]{@_@cAWy@Qq@Me@SaAUkAQmAEYMiAKcAGaAEu@wA^_@L?J?JANG\NvA??OwAF]@O?K?K^MvA_@Cg@E_AAw@Ac@@e@?W?WFCAe@?G?YAS?M@g@?SBi@D}ABe@Bi@Hk@N{@R}@Tu@Vi@JSd@y@P[HU@QAQXKXK`@ONGx@Ul@M\GLAd@E`@@XFPHvAn@rAp@h@VPHPLNLJJBm@@s@DsAFeA?IBo@VL@?zBfArFpCs@dGCV}A{@IECAaAi@kB_A]QQGMCQCKKOMQMQIi@WsAq@wAo@QIYGa@Ae@DM@]Fm@Ly@TOFa@NYJYJcBh@A?qA^m@He@BU?QCSIQISOSWS_@U_@SfAUxAOrAKfAOjBGdAEtACl@ClAZ@??[A?JCjA?zB@dB@b@?h@Bp@[n@Q^Qb@K`@Ib@Kf@Ed@AXCXAl@@n@@d@D`@F^DRLh@Rj@Rj@Th@RZDF\f@Z\`@\b@NZL`AR`AFn@@rBA^AT?bAAXAT?d@@r@Fv@Jv@Pr@Pp@TNHNFDQFO@A	Click to Generate
S25	45	1			3	Beck Primary School (S25)	Shirefreen News 'n' Booze (S25)	Shiregreen Medical Centre (S25)	3310	2482	o~beIljzGJ}@q@Us@Qw@Qw@Ks@Ge@ACSGQKSe@cA]{@_@cAWy@Qq@Me@SaAUkAQmAEYMiAKcAGaAEu@wA^_@L?J?JANG\NvA??OwAF]@O?K?K_AVe@Ja@F}@A_@CKCGIGGZo@Cq@?i@Ac@AeB?{BBkA?KZ@??[ABmABm@DuAFeANkBJgANsATyARgAT^R^RVRNPHRHPBT?d@Cl@IpA_@@?bBi@XKXK`@ONGx@Ul@M\GLAd@E`@@XFPHvAn@rAp@h@VPHPLNLJJPBLBPF\PjB~@`Ah@B@HD|Az@d@Rf@Tj@TZHNDv@PD@AT]nFWbFcDc@y@Im@Ga@CM@C@EFgAgAMK]]CAGEMGMAc@@M??R?xB?V@bA?nC?L?l@Cd@C`@Er@IdAM`BGf@I|@Iv@MtA[lDUvBANIv@QjAo@]OGOIK|@	Click to Generate
S25	45	1			3	Beck Primary School (S25)	Shirefreen News 'n' Booze (S25)	Shiregreen Medical Centre (S25)	3307	2480	y|beInkzGAGEUCU@YOGOIq@Us@Qw@Qw@Ks@Ge@ACSGQKSe@cA]{@_@cAWy@Qq@Me@SaAUkAQmAEYMiAKcAGaAEu@wA^_@L?J?JANG\NvA??OwAF]@O?K?K_AVe@Ja@F}@A_@CKCGIGGZo@Cq@?i@Ac@AeB?{BBkA?KZ@??[ABmABm@DuAFeANkBJgANsATyARgAT^R^RVRNPHRHPBT?d@Cl@IpA_@@?bBi@XKXK`@ONGx@Ul@M\GLAd@E`@@XFPHvAn@rAp@h@VPHPLNLJJPBLBPF\PjB~@`Ah@B@HD|Az@d@Rf@Tj@TZHNDv@PD@AT]nFWbFcDc@y@Im@Ga@CM@C@EFgAgAMK]]CAGEMGMAc@@M??R?xB?V@bA?nC?L?l@Cd@C`@Er@IdAM`BGf@I|@Iv@MtA[lDUvBANIv@QjAOfAKEEICG	Click to Generate
S25	60	1			3	Crow Girl (S25)	Suzy (S25)	Yazier (S25)	5157	3868	obeeI|`uGMa@m@qBmCol@IoDUyEUiFC}A?SDyEBgAAKOy@d@eBXw@fFeNd@qABIHJ\^h@f@\Xd@\nBzA^HXBrBNpCXh@JvCx@FBnCr@VLnB`C~CtD`AfAxAbBLJj@d@PLb@VjCjALFFBAf@B\H\Lf@Jx@??RpAPv@b@x@Rv@XhAZdAZpANz@JbCGVKGw@}By@yA}@cAKIMAIHEHGXAkA[q@gAm@aAIsAqAo@g@yAw@c@eA_@m@s@aBiBqDu@qBAi@DMBIAg@Ka@k@s@g@gAcBeBGW?g@@_AGCwCy@i@KqCYsBOYC_@IoB{Ae@]]Yi@g@]_@IKCHe@pAgFdNYv@e@dBNx@@JCfAExE?RB|AThFTxEHnDlCnl@l@pBL`@	Click to Generate
S25	30	1			3	Wooley Tyres (S25)	Shirefreen News 'n' Booze (S25)	Beck Primary School (S25)	2949	2212	{}ceIz{wGLF@H@NDLHDBSLu@H}@Fg@Bi@B]g@iACEu@u@SWEIIMUg@KUIOYm@aAcBh@oB\cATi@Vi@^q@x@_BdAwBR\v@~Ae@Td@Uw@_BS]eAvBy@~A_@p@Wh@Uh@]bAi@nB`AbBXl@HNJTTf@NVRVt@t@BDf@hAC\Ch@Gf@I|@Mt@DH@F@JBf@Hd@H`@DNFNb@l@x@jASfAUxAOrAKfAOjBGdAEtACl@ClAZ@??[A?JCjA?zB@dB@b@?h@Bp@[n@FFFHJB^B|@@`@Gd@K~@W?J?JANG\NvA??OwAF]@O?K?K_AVe@Ja@F}@A_@CKCGIGGQ^Qb@K`@Ib@Kf@Ed@AXCXCACCEECIE]G}@AWEo@UgDOcDCUCIIIHyBJsCDmABi@Bw@LsCBq@Bq@JsAJmAL}@Lu@Hm@DWd@iCIEEMAOAIMG	Click to Generate
S25	20	1			3	Madani Education Centre (S25)	Tinsley Meadows Primary School (S25)	Lily Chinese Massage (S25)	1945	1459	}|_eIlcpGz@nBHRl@lA`@z@DF`@x@Xd@`@j@JLRXHHVRNHTHVENBd@Fh@NN@VCDA\OVe@Ra@NeAHoAHy@No@L[LUEIa@s@e@gA]eAWu@CItAmBq@qBM@KDCDOa@??N`@BEJELAp@pBuAlBOi@kAgDaBxB}AtBoA~AKNkAfBOTl@lA`@z@DF`@x@Xd@`@j@JLRXHHVRNHTHIr@?DvBdDu@iAaA{A?EHs@UIOIWSIISYKMa@k@Ye@a@y@EGa@{@m@mAIS{@oB	Click to Generate
S25	45	1			3	Beck Primary School (S25)	Shiregreen Medical Centre (S25)	Shirefreen News 'n' Booze (S25)	4128	3096	m}beIpezGU|Aq@Us@Qw@Qw@Ks@Ge@ACSGQKSe@cA]{@_@cAWy@Qq@Me@SaAUkAQmAEYMiAKcAGaAEu@wA^_@L?J?JANG\NvA??OwAF]@O?K?K^MvA_@Cg@E_AAw@Ac@@e@?W?WFCAe@?G?YAS?M@g@?SBi@D}ABe@Bi@Hk@N{@R}@Tu@Vi@JSd@y@P[HU@QAQXKXK`@ONGx@Ul@M\GLAd@E`@@XFPHvAn@rAp@h@VPHPLNLJJBm@@s@DsAFeA?IBo@VL@?zBfArFpCs@dGCV}A{@IECAaAi@kB_A]QQGMCQCKKOMQMQIi@WsAq@wAo@QIYGa@Ae@DM@]Fm@Ly@TOFa@NYJYJcBh@A?qA^m@He@BU?QCSIQISOSWS_@U_@SfAUxAOrAKfAOjBGdAEtACl@ClAZ@??[A?JCjA?zB@dB@b@?h@Bp@[n@Q^Qb@K`@Ib@Kf@Ed@AXCXAl@@n@@d@D`@F^DRLh@Rj@Rj@Th@RZDF\f@Z\`@\b@NZL`AR`AFn@@rBA^AT?bAAXAT?d@@r@Fv@Jv@Pr@Pp@TT}A	Click to Generate
S25	45	1			3	AllSaints (S25)	SYPTE (S25)	Jump Inc (S25)	3606	2704	cv_eIjerG??CJ@JMzEAZt@pB??SZ}@_C@m@NkF[E[C[ESACG?E?G@GBCvANFCBE?I?GACCCC?eBSIDA@EDGNEP?JAvG?LAt@@P?J?^ATABEVo@~@GJKRILKNEPADEJBHFDXd@V`@FJ?\@P?X\l@HLNVNXXm@^y@gAsBuAkAGEUQk@g@GEOKO[EGCICICGA[?S?I@I@KDSXUDEVOlAi@T[@ABMDU@{@?uC@c@@g@@SBg@@O@OHi@F]?E@EDQLi@DMLYJU@EHORc@PWRULMHKNMNO^YROZQFELGTGREVGDAFAH?P?`@@P@D@VDXFHDJF\TLJLNLPNPVd@NZNZVh@f@nAJRJL@BDBDFNHNDF@DBHEH?D?JEHGJINUBU?G?KEc@?IA]CGe@oAINMN}@cC\~@^bALOHOd@nABFNRJJBDB@B@F@D?JCr@aA`@g@DKPQ@IDQDKFIFGDAFAD?D@HBFFFHDLBJBJ?L?L?LCJCJEJEHGFEBGBI?GAOB_@J_@NUNURY\GJIHABSXGRITEJAHBZ@VCLCNEJGHGHGBIBIAGAIEEEEGCGEIAICKAYM_@So@EKcAyBQ_@GMSg@KOIOKMOSOOMM_@YGCMGQIGAYCWEWAO?G@E@c@FMDQHEBGBMHSNSNWTEDa@ZUR]b@Q^Wf@Qf@Of@EXGVKt@AJ@N@LDJ?@HLnBRFBBD@D?D?D?B?RAFE@QAwAOCBAF?F?DBFR@ZDZBZDP@B@@BBK??	Click to Generate
S25	30	1			3	Hancock Cars (S25)	Shirefreen News 'n' Booze (S25)	Beck Primary School (S25)	2116	1587	s_deIbpwG??NVRVt@t@BDf@hAC\Ch@Gf@I|@Mt@CRIEEMAOAIMGGEOAI@EF_@xB^yBDGHAN@TL@H@NDLHDe@hCHCNEJAH?L?D?FCDNFNb@l@x@jASfAUxAOrAKfAOjBGdAEtACl@ClAZ@??[A?JCjA?zB@dB@b@?h@Bp@[n@FFFHJB^B|@@`@Gd@K~@W?J?JANG\NvA??OwAF]@O?K?K_AVe@Ja@F}@A_@CKCGIGGZo@Cq@?i@Ac@AeB?{BBkA?KBmABm@DuAFeANkBJgANsATyARgAy@kAc@m@GOEOIa@Ie@Cg@AKAGEILu@H}@Fg@Bi@B]g@iACEu@u@SWOW??	Click to Generate
S25	30	1			3	Masjid Abu Bakr (S25)	Tinsley Sports and Social Club (S25)	Tinsley Meadows Primary School (S25)	2948	2211	cw~dIvkoG\YRp@HZ_Ax@GFq@l@q@r@UVZlBJEHEPQd@c@w@t@IDKD[mBTWp@s@p@m@FG~@y@bC{BRQd@e@X]T]N]Pc@DQFWF_@@Ib@qDLeAPyAX}BBOD_@D]Ju@MAIAG@}A|@OFM???L?NG|A}@FAH@L@Kt@E\E^CNY|BQxAMdAc@pDAHG^GVEPQb@O\U\Y\e@d@SPcCzB_Ax@GFq@l@q@r@UVg@j@WZ[f@u@hAm@`AINmAvDELQ`@]h@U\OX]r@EIa@s@e@gA]eA[_AtAmBq@qBM@KDCDOa@??N`@BEJELAp@pBuAlBZ~@\dAd@fA`@r@DH\s@NYT]\i@Pa@DMlAwDHOl@aAt@iAZg@V[f@k@TWp@s@p@m@FG~@y@I[Sq@]X	Click to Generate
S25	20	1			3	St Lawrence Church (S25)	Tinsley Meadows Primary School (S25)	Madani Education Centre (S25)	2011	1508	kz~dI~noG[^Jp@F\p@s@p@m@FG~@y@I[Sq@GWIYCISq@IQAEEGCEKIOC@_@?SBODMr@}ADGFEHAH?NJLFHBFAFdABHDBB@CAECCIGeAG@ICMGOKI?I@GDEFs@|AEL?BCJ?RA^NBJHBDDF@DHPRp@BHHXFVRp@HZ_Ax@GFq@l@q@r@UVg@j@WZ[f@u@hAm@`AINmAvDELQ`@]h@U\OX]r@EIa@s@e@gA]eA[_AtAmBq@qBM@KDCDOa@??N`@BEJELAp@pBuAlBBHVt@\dAd@fA`@r@DH\s@NYT]\i@Pa@DMlAwDHOl@aAt@iAZg@V[f@k@TWG]Kq@Z_@	Click to Generate
S25	45	1			3	Ernest Jones (S25)	SYPTE (S25)	Jump Inc (S25)	3597	2698	gv_eIfgrGKvDAZt@pB??SZ}@_C@m@NkF[E[C[ESACG?E?G@GBCvANFCBE?I?GACCCC?eBSIDA@EDGNEP?JAvG?LAt@@P?J?^ATABEVo@~@GJKRILKNEPADEJBHFDXd@V`@FJ?\@P?X\l@HLNVNXXm@^y@gAsBuAkAGEUQk@g@GEOKO[EGCICICGA[?S?I@I@KDSXUDEVOlAi@T[@ABMDU@{@?uC@c@@g@@SBg@@O@OHi@F]?E@EDQLi@DMLYJU@EHORc@PWRULMHKNMNO^YROZQFELGTGREVGDAFAH?P?`@@P@D@VDXFHDJF\TLJLNLPNPVd@NZNZVh@f@nAJRJL@BDBDFNHNDF@DBHEH?D?JEHGJINUBU?G?KEc@?IA]CGe@oAINMN}@cC\~@^bALOHOd@nABFNRJJBDB@B@F@D?JCr@aA`@g@DKPQ@IDQDKFIFGDAFAD?D@HBFFFHDLBJBJ?L?L?LCJCJEJEHGFEBGBI?GAOB_@J_@NUNURY\GJIHABSXGRITEJAHBZ@VCLCNEJGHGHGBIBIAGAIEEEEGCGEIAICKAYM_@So@EKcAyBQ_@GMSg@KOIOKMOSOOMM_@YGCMGQIGAYCWEWAO?G@E@c@FMDQHEBGBMHSNSNWTEDa@ZUR]b@Q^Wf@Qf@Of@EXGVKt@AJ@N@LDJ?@HLnBRFBBD@D?D?D?B?RAFE@QAwAOCBAF?F?DBFR@ZDZBZDP@B@@B@JAb@	Click to Generate
S25	45	1			3	Wincobank Fish Bar (S25)	Eastwoods (S25)	Northern Trains (S25)	3344	2508	qx`eI~_tGWuBO{AOuAm@V}@ZwB`A]HI@OAU?a@?YDQHYTRdAXvAl@@zBDDHZvCdAdBFJLN`@l@d@j@VV^^^\^`@VVPLNnAJn@VtAFTFN@DbAa@BEBE@E?Kw@eHmAuKg@oEe@mEbBo@xAq@@?FC\MGm@AKIo@QiBCYAQ?U?Q@MBUBODMDMHMFGHI\QLGPGb@ONCBAn@IJALCLELGDO@M?C?KMa@So@M[K]EMI[EQPIFEFEDCPMNQPQVa@j@aAV_@NOTWb@MJCJ?JANBNFNJ^f@Nh@Fj@EPADEJBHAHCn@?t@@p@DZt@lALVRXBBBDB?B?DEHOP_@x@gBgAsBuAkAGEUQk@g@GEOKKE_@KKAO?OBOBQHOLKLMNYh@SVYZKJWf@CJCFEVAVDd@Rn@L`@HTBL?L?JCFCDI@GAQGGAKAK@o@HC@OBc@NQFMF]PIHGFILELELCNCTAL?P?T@PBXPhBHn@@JFl@]LGBA?yAp@cBn@MD_A\WJNtANzAVtB	Click to Generate
S25	20	1			3	Tinsley Meadows Primary School (S25)	Madani Education Centre (S25)	Hanfia Masjid (S25)	2025	1519	ws_eI`~nGNxBX\RJETIPMLaAXAPJdBPGXjEbC`HjAfDNh@tAmBq@qBM@KDCDOa@??N`@BEJELAp@pBuAlBBHVt@\dAqEjGmBaCqBaCkAfBOTIS{@oBUi@Ys@EK]cAUo@[g@MYGMGKY_@UU[a@GKKMCO?O@Y?GDk@Bm@Cq@AMCUAu@Lh@?@Ht@DCHCRIhFwAnFcBKeB@Q`AYLMHQDUSKY]OyB	Click to Generate
S25	60	1			3	Reiss (S25)	Jump Inc (S25)	SYPTE (S25)	5157	3868	em_eIpfrGAJbAhCT[T]T[V]T]CGQc@Qc@Qe@Qe@Qc@Qc@Qg@BUpBwCBK@A@O@MCYKOIOKMOSOOMM_@YGCMGQIGAYCWEWAO?G@E@c@FMDQHEBGBMHSNSNWTEDa@ZUR]b@Q^Wf@Qf@Of@EXGVKt@AJ@N@LDJ?@HLnBRFBBD@D?D?D?B?RAFE@QAwAOCBAF?F?DBFR@ZDZBZDP@B@@B@JMzEAZt@pB??SZ}@_C@m@NkF[E[C[ESACG?E?G@GBCvANFCBE?I?GACCCC?eBSKAGCGKIMGQAW@O@OHi@F]?E@EDQLi@DMLYJU@EHORc@PWRULMHKNMNO^YROZQFELGTGREVGDAFAH?P?`@@P@D@VDXFHDJF\TLJLNLPNPVd@NZNZVh@f@nAJRJL@BDBDFNHNDF@DBHEH?D?JEHGJINUBU?G?KEc@?IA]CGe@oAINMN}@cC\~@^bALOHOd@nABFNRJJBDB@B@F@D?JCr@aA`@g@DKPQ@IDQDKFIFGDAFAD?D@HBFFFHDLBJBJ?L?L?LCJCJEJEHGFEBGBI?GAOB_@J_@NUNURY\GJIHABSXGRITEJAHBZ@VCLCNEJGHGHGBIBIAGAIEEEEGCGEIAICKAYM_@So@EKcAyBQ_@GMSg@KOIOKMOSOOMM_@YGCMGQIGAYCWEWAO?G@E@c@FMDQHEBGBMHSNSNWTEDa@ZUR]b@Q^Wf@Qf@Of@EXGVKt@AJG~@C`A?JAvG?LAt@@P?J?^ATABEVo@~@GJKRILKNEPADEJBHFDXd@V`@FJ?\@P?X\l@HLNVNXXm@^y@gAsBuAkAGEUQk@g@GEOKO[EGCICICGA[?S?I@I@KDSXUDEVOlAi@T[@ABMDU@{@?uC@c@@g@@SBg@@O@OHi@F]?E@EDQLi@DMLYJU@EHORc@PWRULMHKNMNO^YROZQFELGTGREVGDAFAH?P?`@@P@D@VDXFHDJF\TLJLNLPNPVd@NZNZENCLGFKPEFSZ}A|BK@a@M?h@Ap@EbAC|@Av@	Click to Generate
S25	30	1			3	South Street Convenience Store (S25)	Dave's Fish Bar (S25)	Meadow View Primary School (S25)	2895	2171	uebeIv{nG@BAD?DCBA@C@CACCAC?EAE@E@CBC@AB?EOEW?K@I^wAJ]DIAI?KFWTTHHpBxBDBdAIFpB@j@Bb@@l@BV@T@PHrAJdABTRdBNdANlAj@lERxAD`@Jv@DZGBGBG?IAGGYm@GM_@w@eBoDi@kAc@{@KQKKyAeAQMc@]CAy@m@o@`DERYvAMd@Od@Ul@u@tBCHw@rBg@rAKVm@u@[]SOSMe@QKEo@SUISMQO]c@GIc@k@i@u@s@}@^oARm@??Sl@_@nAr@|@h@t@b@j@FH\b@PNRLTHn@RJDd@PRLRNZ\l@t@r@kBv@sBBIt@uBTm@Ne@Le@XwADSn@aDmE}CEIAI?E?Uf@}CtB}Mj@j@r@v@\^Z\FHTTHHGNEDIBGAEIEHK\_@vAAH?JDVDNB@@B@D?@	Click to Generate
S25	20	1			3	The Manor Barn (S25)	Kimberworth Library (S25)	Meadow View Primary School (S25)	2043	1532	k~beIhjnGMz@GDG?IEEEAE?G^eCD[@E@SAKKMUCQE]SKEC?G?ICc@YCPO`AK~@MlACRIj@APCLERIRIPWh@Ob@ELO^Sr@Ib@If@ATANAb@@d@Bh@Fl@Fl@FXF\XU@CDELS`BkDYYMMKQq@_BS]OUSr@Ib@If@Cd@Ab@@d@Bh@Fl@Fl@FXF\Jh@\rAFRJh@DVJ|@Ft@BV@N?LPLLLt@z@RVDFj@r@j@t@JN^oARm@??Sl@_@nAKOk@u@k@s@EGSWu@{@MMQM?MAOCWGu@K}@EWKi@GS]sAKi@G]GYGm@Gm@Ci@Ae@@c@Be@Hg@Hc@Rs@N_@DMNc@Vi@HQHSDSBM@QHk@t@t@NLF@FCDGXmBN}@BKBEF@TLTN\T@FO~@	Click to Generate
S25	20	1			3	The Manor Barn (S25)	Bake N Butty (S25)	The Salvation Army - Rotherham (S25)	1598	1198	qgceId_oGDELS`BkDYYMMKQq@_BS]OUSr@Ib@If@ATANAb@@d@Bh@Fl@Fl@FXF\Jh@\rAFRJh@DVJ|@Ft@BV@N?LPLLLLNf@j@RVDFj@r@j@t@JN^oARm@Sl@_@nAKOk@u@k@s@EGSWu@{@MMQMCNCJk@bAILMTQRSVYZ[d@e@r@a@r@ILOTQRMPKJQNC@@J?NCPIf@IX@]?QAQESZYBAPOJKLQPSNUHM`@s@d@s@JONUX[RWPSLUHMj@cABKBO?MAOCWGu@K}@EWKi@GS]sAKi@XU@C	Click to Generate
S25	20	1			3	The Manor Barn (S25)	Bake N Butty (S25)	The Salvation Army - Rotherham (S25)	1598	1198	qgceId_oGDELS`BkDYYMMKQq@_BS]OUSr@Ib@If@ATANAb@@d@Bh@Fl@Fl@FXF\Jh@\rAFRJh@DVJ|@Ft@BV@N?LPLLLLNf@j@RVDFj@r@j@t@JN^oARm@Sl@_@nAKOk@u@k@s@EGSWu@{@MMQMCNCJk@bAILMTQRSVYZ[d@e@r@a@r@ILOTQRMPKJQNC@@J?NCPIf@IX@]?QAQESZYBAPOJKLQPSNUHM`@s@d@s@JONUX[RWPSLUHMj@cABKBO?MAOCWGu@K}@EWKi@GS]sAKi@XU@C	Click to Generate
S25	30	1			3	American Golf (S25)	Madani Education Centre (S25)	Hanfia Masjid (S25)	2380	1785	cp_eI~wpGaA{A?EHs@VENBd@Fh@NN@VCDA\OVe@Ra@d@k@ZWNE^CP@R@ZR\ZVl@Jh@Ff@@H@fAAVC^@dAFl@Jh@Vd@X\CVK\EJIDG@[Hk@Xk@ZEY`@UQJOHDXj@[j@YZIFAHEDKJ]_@_@S]OYKISGSAU@_@b@WPWJ[BG?QEQGa@[SUOa@Mg@Go@Cg@?_@@]@UBQDSJa@Ve@Ra@NeAHoAHy@No@L[LUEIa@s@e@gA]eAWu@CIOi@kAgDcCaH{Bl@cCn@yBp@GBi@Ng@JIFGDKNTv@f@bBNr@Tn@\bADJXr@Th@z@nBHRl@lA`@z@DF`@x@Xd@`@j@JLRXHHVRNHTHIr@?D`AzA	Click to Generate
S25	45	1			3	Ernest Jones (S25)	SYPTE (S25)	Jump Inc (S25)	3597	2698	gv_eIfgrGKvDAZt@pB??SZ}@_C@m@NkF[E[C[ESACG?E?G@GBCvANFCBE?I?GACCCC?eBSIDA@EDGNEP?JAvG?LAt@@P?J?^ATABEVo@~@GJKRILKNEPADEJBHFDXd@V`@FJ?\@P?X\l@HLNVNXXm@^y@gAsBuAkAGEUQk@g@GEOKO[EGCICICGA[?S?I@I@KDSXUDEVOlAi@T[@ABMDU@{@?uC@c@@g@@SBg@@O@OHi@F]?E@EDQLi@DMLYJU@EHORc@PWRULMHKNMNO^YROZQFELGTGREVGDAFAH?P?`@@P@D@VDXFHDJF\TLJLNLPNPVd@NZNZVh@f@nAJRJL@BDBDFNHNDF@DBHEH?D?JEHGJINUBU?G?KEc@?IA]CGe@oAINMN}@cC\~@^bALOHOd@nABFNRJJBDB@B@F@D?JCr@aA`@g@DKPQ@IDQDKFIFGDAFAD?D@HBFFFHDLBJBJ?L?L?LCJCJEJEHGFEBGBI?GAOB_@J_@NUNURY\GJIHABSXGRITEJAHBZ@VCLCNEJGHGHGBIBIAGAIEEEEGCGEIAICKAYM_@So@EKcAyBQ_@GMSg@KOIOKMOSOOMM_@YGCMGQIGAYCWEWAO?G@E@c@FMDQHEBGBMHSNSNWTEDa@ZUR]b@Q^Wf@Qf@Of@EXGVKt@AJ@N@LDJ?@HLnBRFBBD@D?D?D?B?RAFE@QAwAOCBAF?F?DBFR@ZDZBZDP@B@@B@JAb@	Click to Generate
S25	30	1			3	Tinsley Meadows Primary School (S25)	Lily Chinese Massage (S25)	Hanfia Masjid (S25)	2312	1734	_l_eIn_pGCItAmBq@qBM@KDCDOa@??N`@BEJELAp@pBuAlBOi@kAgDaBxB}AtBoA~AKNkAfBOTl@lA`@z@DF`@x@Xd@`@j@JLRXHHVRNHTHIr@?DvBdDu@iAaA{A?EHs@UIOIWSIISYKMa@k@Ye@a@y@EGa@{@m@mAISqAyCYs@EK]cAUo@[g@MYGMGKY_@UU[a@GKKMCO?O@Y?GDk@Bm@Cq@AMCUAu@Lh@?@Ht@BXN~@Nv@BLFPFPTv@f@bBNr@Tn@\bADJXr@Th@z@nBHRNUjAgBJOnA_B|AuB`ByBjAfDNh@BH	Click to Generate
S25	60	1			3	Blackburn Meadows Nature Reserve (S25)	ItsaGoal (S25)	Hanfia Masjid (S25)	11048	8286	aj`eI~{mGDnB@xC`@b@Dg@Bg@Do@NwBPaDBWFoAHcBHcBFu@HuALuB@Y@]@k@A}@GeAKyBIqBE{AK}A_@eGUwBEg@Ky@UsBOmBKeAE]EUOu@Qm@Si@Se@Uc@QKA?[GEAGCIICGCMAOK_@ACQc@q@i@kAeAUW_@e@]i@Yq@Ww@Qm@Q_Ag@}C_@eCs@{ECU[qBc@oCKs@c@}AESGQIUK[IUYcAKSU[CCGMCOCk@GWMg@Ys@c@_A[i@]m@UUw@g@KCIEc@S]Ea@?e@LeIdDeBd@uAV_@BK@qAF}AAaBKWJMJIJEFCFGPKd@?FDlA@`@BTDl@DVD\Ff@Hx@D^Bd@Bn@@`A?~A?N?vA?f@?|@Ef@ShBw@dHMbAg@rEKx@C`@?\FnABz@@nA@p@?DAf@AjA?RChAAvA?xAApAC|B?b@?JCjBAdB?~@?FAZ?VAvBAxA?XCbE?P@\?BBNDRVd@HMNQLMj@i@^i@PYt@oAXe@`A_BTa@Zk@t@qALSdAkBDWB_@Hm@FIRCB?HCJEJM\e@NMPID@FBDFDJNr@BR@XNrG@d@@NBNl@LjA`@LB^@ZAP?TIL[VKREVGDSC{FBzFER??WFSDWJMZUHQ?[@_@AMCkAa@m@MCOAOAe@OsGAYCSOs@EKEGGCEAQHOL]d@KLKDIBC?SBGHIl@C^EVeAjBMRu@pA[j@U`@aA~AYd@u@nAQX_@h@k@h@MLOPILMZQp@b@b@bA`A\^j@x@FHnA`C`@t@l@nAf@vAN`@Pf@HTXx@`@nAZ~@BLPj@^|A?DHl@BNDVFp@HtAFtADtAFxBB`@FpB@j@Bb@@l@BV@T@PHrAJdABTRdBNdANlAj@lERxAD`@Jv@DZRxA@L`@|CVrBHn@P`AN`A^|BPhAl@bDRbAr@tDLn@ZxAZfAf@~AX|@d@rAZbA\fAl@~Ar@~Ah@vAFN^dAZnATrAPfABHHZFRDJHRFJ^TLFN?\GTIj@m@jEgE|KiJ|EeEnCmCfCsCbFeGn@cA?ALSH]BODs@Cg@?_@@]@UBQDSJa@Ve@Ra@NeAHoAHy@No@L[LUEIa@s@e@gA]eA[_AOi@kAgDcCaHYkEQFKeB@Q`AYLMHQDUSKY]OyBIoAXhEX\RJETIPMLaAXAPJdBPGXjEbC`HaBxB}AtBoA~AKNkAfBOTIS{@oBUi@Ys@EK]cAUo@[g@MYGMGKY_@UU[a@GKKMCO?O@Y?GDk@Bm@Cq@AMCUAu@COEc@CWQyBa@aFE_@Ei@A]GmAAYQgECkAEgBAo@Ae@?Y@q@Bs@@a@a@c@AyCEoB	Click to Generate
S25	20	1			3	Tinsley Barbers (S25)	Tinsley Meadows Primary School (S25)	Madani Education Centre (S25)	1621	1216	ey~dIvuoGQPIDKD[mBTWp@s@p@m@FG~@y@I[Sq@]X??\YRp@HZ_Ax@GFq@l@q@r@UVg@j@WZ[f@u@hAm@`AINmAvDELQ`@]h@U\OX]r@EIa@s@e@gA]eA[_AtAmBq@qBM@KDCDOa@??N`@BEJELAp@pBuAlBBHVt@\dAd@fA`@r@DH\s@NYT]\i@Pa@DMlAwDHOl@aAt@iAZg@V[f@k@ZlBJEHEPQ	Click to Generate
S25	60	1			3	American Golf (S25)	Madani Education Centre (S25)	Air Haus (S25)	4242	3182	on_eIfzpGuBcD?EHs@VENBd@Fh@NN@VCDA\OVe@Ra@d@k@ZWNE^CP@R@ZR\ZVl@Jh@Ff@@H@fAAVC^@dAFl@Jh@Vd@X\CVK\EJIDG@[Hk@Xk@ZEY`@UQJOHDXj@[j@YZIFAHEDKJ]_@_@S]OYKISGSAU@_@b@WPWJ[BG?QEQGa@[SUOa@Mg@Go@Cg@Mi@KYKSYUi@Mc@GMKMMUIOIWSIISYKMa@k@Ye@a@y@EGa@{@m@mANUjAgBJOnA_B|AuB`ByBjAfDNh@BHVt@\dAd@fA`@r@DHI`@E\CV?V@H@RFRLZBFV\P@R@ZR\ZVl@Jh@Ff@@H@fAAVC^Ot@Un@c@h@_@b@Oh@EPCPAT?TBd@Lh@R^NTHFz@v@XXl@l@d@f@f@d@`@d@JLPPJLf@j@`@d@FFT\HBFFFHDLBJBJ?L?L?LCJCJEJEHGFEBGBI?GAOB_@J_@NUNURY\GJIHABSXGRITEJAHBZ@VCLCNEJGHGHGBIBIAGAIEEEEGCGEIAICKAY@O@QBMFMDKHGHEH?D?JEHGJINUBU?G?KEc@?IA]CGe@oAo@{AMYGKIGK?K@KJyAyD~@`CXv@JKJAJ?HFFJLXn@zAd@nABFNRJJBDB@B@F@D?JCr@aA`@g@DKPQ@IM}@GYM[GKQWQSUWaB_Bg@g@oAkA]]KMk@y@MSM]K]I[G[EMUk@a@[SUOa@Mg@Go@Cg@Mi@KYKSYUi@Mc@GMKMMIr@?DtBbD	Click to Generate
S25	20	1			3	Bake N Butty (S25)	Kimberworth Post Office (S25)	The Salvation Army - Rotherham (S25)	1598	1198	g}beIpooGSl@_@nAKOk@u@k@s@EGSWg@k@MOMMQM?MAOCWGu@K}@EWKi@GS]sAKi@G]GYGm@Gm@Ci@Ae@@c@Be@Hg@Hc@Rs@NTR\p@~AJPLLXXaBjDMREDABYTJh@\rAFRJh@DVJ|@Ft@BV@N?LCNCJk@bAILMTQRSVYZ[d@e@r@a@r@ILOTQRMPKJQNC@@J?NCPIf@IX@]?QAQESZYBAPOJKLQPSNUHM`@s@d@s@JONUX[RWPSLUHMj@cABKBOPLLLt@z@RVDFj@r@j@t@JN^oARm@	Click to Generate
S25	60	1			3	Reiss (S25)	Jump Inc (S25)	SYPTE (S25)	4245	3184	ct_eIx_rG@SBu@BsA?OG@EACECEAO@KCYEUIe@ECAAGEGCM?UR]b@Q^Wf@Qf@Of@EXGVKt@AJ@N@LDJ?@HLnBRFBBD@D?D?D?B?RAFE@QAwAOCBAF?F?DBFR@ZDZBZDP@B@@B@JMzEAZt@pB??SZ}@_C@m@NkF[E[C[ESACG?E?G@GBCvANFCBE?I?GACCCC?eBSKAGCGKIMGQAW@O@OHi@F]?E@EDQLi@DMLYJU@EHORc@PWRULMHKNMNO^YROZQFELGTGREVGDAFAH?P?`@@P@D@VDXFHDJF\TLJLNLPNPVd@NZNZVh@f@nAJRJL@BDBDFNHNDF@DBHEH?D?JEHGJINUBU?G?KEc@?IA]CGe@oAINMN}@cC\~@^bALOHOd@nABFNRJJBDB@B@F@D?JCr@aA`@g@DKPQ@IDQDKFIFGDAFAD?D@HBFFFHDLBJBJ?L?L?LCJCJEJEHGFEBGBI?GAOB_@J_@NUNURY\GJIHABSXGRITEJAHBZ@VCLCNEJGHGHGBIBIAGAIEEEEGCGEIAICKAYM_@So@EKcAyBQ_@GMSg@KOIOKMOSOOMM_@YGCMGQIGAYCWEWAO?G@E@c@FMDQHEBGBMHSNSNWTEDa@ZUR]b@Q^Wf@Qf@Of@EXGVKt@AJG~@C`A?JAvG?LAt@@P?J?^ATABEVo@~@GJKRILKNEPADEJBHFDXd@V`@FJ?\@P?X\l@HLNVNXXm@^y@gAsBuAkAGEUQk@g@GEOKO[EGCICICGA[?S?I@I@KDSXUDEVOlAi@T[@ABMDU@{@?uC@c@@g@@SBg@@O@OHi@F]?E@EDQLi@DMLYJU@EHORc@PWRULMHKPCJGF@D@BBDDH`@@FVnABR@H?JAJ?NCrACt@AR	Click to Generate
S25	45	1			3	AllSaints (S25)	SYPTE (S25)	Jump Inc (S25)	3606	2704	cv_eIjerG??CJ@JMzEAZt@pB??SZ}@_C@m@NkF[E[C[ESACG?E?G@GBCvANFCBE?I?GACCCC?eBSIDA@EDGNEP?JAvG?LAt@@P?J?^ATABEVo@~@GJKRILKNEPADEJBHFDXd@V`@FJ?\@P?X\l@HLNVNXXm@^y@gAsBuAkAGEUQk@g@GEOKO[EGCICICGA[?S?I@I@KDSXUDEVOlAi@T[@ABMDU@{@?uC@c@@g@@SBg@@O@OHi@F]?E@EDQLi@DMLYJU@EHORc@PWRULMHKNMNO^YROZQFELGTGREVGDAFAH?P?`@@P@D@VDXFHDJF\TLJLNLPNPVd@NZNZVh@f@nAJRJL@BDBDFNHNDF@DBHEH?D?JEHGJINUBU?G?KEc@?IA]CGe@oAINMN}@cC\~@^bALOHOd@nABFNRJJBDB@B@F@D?JCr@aA`@g@DKPQ@IDQDKFIFGDAFAD?D@HBFFFHDLBJBJ?L?L?LCJCJEJEHGFEBGBI?GAOB_@J_@NUNURY\GJIHABSXGRITEJAHBZ@VCLCNEJGHGHGBIBIAGAIEEEEGCGEIAICKAYM_@So@EKcAyBQ_@GMSg@KOIOKMOSOOMM_@YGCMGQIGAYCWEWAO?G@E@c@FMDQHEBGBMHSNSNWTEDa@ZUR]b@Q^Wf@Qf@Of@EXGVKt@AJ@N@LDJ?@HLnBRFBBD@D?D?D?B?RAFE@QAwAOCBAF?F?DBFR@ZDZBZDP@B@@BBK??	Click to Generate
S25	60	1			3	Reiss (S25)	Jump Inc (S25)	SYPTE (S25)	5157	3868	em_eIvfrGADbAhCT[T]T[V]T]CGQc@Qc@Qe@Qe@Qc@Qc@Qg@BUpBwCBK@A@O@MCYKOIOKMOSOOMM_@YGCMGQIGAYCWEWAO?G@E@c@FMDQHEBGBMHSNSNWTEDa@ZUR]b@Q^Wf@Qf@Of@EXGVKt@AJ@N@LDJ?@HLnBRFBBD@D?D?D?B?RAFE@QAwAOCBAF?F?DBFR@ZDZBZDP@B@@B@JMzEAZt@pB??SZ}@_C@m@NkF[E[C[ESACG?E?G@GBCvANFCBE?I?GACCCC?eBSKAGCGKIMGQAW@O@OHi@F]?E@EDQLi@DMLYJU@EHORc@PWRULMHKNMNO^YROZQFELGTGREVGDAFAH?P?`@@P@D@VDXFHDJF\TLJLNLPNPVd@NZNZVh@f@nAJRJL@BDBDFNHNDF@DBHEH?D?JEHGJINUBU?G?KEc@?IA]CGe@oAINMN}@cC\~@^bALOHOd@nABFNRJJBDB@B@F@D?JCr@aA`@g@DKPQ@IDQDKFIFGDAFAD?D@HBFFFHDLBJBJ?L?L?LCJCJEJEHGFEBGBI?GAOB_@J_@NUNURY\GJIHABSXGRITEJAHBZ@VCLCNEJGHGHGBIBIAGAIEEEEGCGEIAICKAYM_@So@EKcAyBQ_@GMSg@KOIOKMOSOOMM_@YGCMGQIGAYCWEWAO?G@E@c@FMDQHEBGBMHSNSNWTEDa@ZUR]b@Q^Wf@Qf@Of@EXGVKt@AJG~@C`A?JAvG?LAt@@P?J?^ATABEVo@~@GJKRILKNEPADEJBHFDXd@V`@FJ?\@P?X\l@HLNVNXXm@^y@gAsBuAkAGEUQk@g@GEOKO[EGCICICGA[?S?I@I@KDSXUDEVOlAi@T[@ABMDU@{@?uC@c@@g@@SBg@@O@OHi@F]?E@EDQLi@DMLYJU@EHORc@PWRULMHKNMNO^YROZQFELGTGREVGDAFAH?P?`@@P@D@VDXFHDJF\TLJLNLPNPVd@NZNZENCLGFKPEFSZ}A|BK@a@M?h@Ap@EbAC|@A|@	Click to Generate
S25	60	1			3	Stan (S25)	Crow Girl (S25)	Abbey School (S25)	6726	5044	yldeIv~qGi@KqCYFuA?g@?SLmCDw@N{@Jg@Zm@BC\g@NOKi@GSMKOGiCc@KOCM?WFW~@qBRVpH~ARHq@hBMP??QJk@NUDMBa@FQHON]f@CB[l@Kf@Oz@Ev@MlC?R?f@GtApCXh@JvCx@FBnCr@VLnB`C~CtDzCjDLJj@d@PLb@VjCjALFFBx@Z~@h@`DzBvDbCvBvAr@f@d@d@f@b@BDRTV\Pu@H]P{@J[L_@f@yAZy@Rm@JYF_@Da@Da@NuAJmAJcAJkANyAHy@Dk@@EB[@W@[AkAA_BAi@Ee@G]CKQWm@{@GKGUG[UcBG]Ku@AIAGCUAO?S@ODQFOHKFGRWt@y@^c@RYR_@R_@To@FSDSFUDWHk@BKFq@Bc@Be@?a@?W?SAMCa@AQC]Im@Ik@Mo@Oi@Oi@Og@Qa@Q_@Wi@[i@MSCCQYWYIKc@c@g@a@OI}@g@}@i@KKKOEGIUI[CWAc@?S@WDa@Fg@Fa@UISMQO]c@GIc@k@i@u@s@}@KOk@u@k@s@EGSWu@{@MMQMCNCJk@bAILMTQRSVYZ[d@e@r@a@r@ILOTQRMPKJQNC@@J?NCPIf@IXIXERADAFGTELNXDNDVTxAf@|Cz@tFTzAFd@^jBJnA@x@GtAEZG`@GTWlBYdAo@bAcAr@g@FgBLa@FINCR?VAl@??@m@?WBSHO`@GfBMf@GbAs@n@cAXeAVmBFUFa@D[FuAAy@KoA_@kBGe@U{A{@uFg@}CUyAEWEOOYM`@ITKLGJSPc@^QTIRKXMd@Kh@QvAOh@s@fAiAxAiBxBeAxBeA`CiAfCk@xASr@q@hBMPQJk@NUDMBa@FQHON]f@CB[l@Kf@Oz@Ev@MlC?R?f@GtApCXh@J	Click to Generate
S25	45	1			3	Tinsley Meadows Primary School (S25)	Tinsley Sports and Social Club (S25)	Madani Education Centre (S25)	4026	3020	gz~dI`joGvAqARp@BHHXFVRp@HZ_Ax@GFq@l@q@r@UVg@j@WZ[f@u@hAm@`AINmAvDELQ`@]h@U\OX]r@EIa@s@e@gA]eA[_AtAmBq@qBM@KDCDOa@??N`@BEJELAp@pBuAlBZ~@\dAd@fA`@r@DH\s@NYT]\i@Pa@DMlAwDHOl@aAt@iAZg@V[f@k@TWp@s@p@m@FG~@y@bC{BRQd@e@X]T]N]Pc@DQFWF_@@Ib@qDLeAPyAX}BBOD_@D]Ju@MAIAG@}A|@OFM???L?NG|A}@FAH@L@Kt@E\E^CNY|BQxAMdAc@pDAHG^GVEPQb@O\U\Y\e@d@SPcCzB_Ax@GFq@l@q@r@UVg@j@WZ[f@u@hAm@`AINmAvDELQ`@]h@U\OX]r@EIa@s@e@gAqEjGmBaCtFyHNh@BHVt@\dAd@fA`@r@DH\s@NYT]\i@Pa@DMlAwDHOl@aAt@iAZg@V[f@k@TWG]Kq@G_@Oy@Ie@`A}@	Click to Generate
S25	30	1			3	Volksgear (S25)	Shirefreen News 'n' Booze (S25)	Beck Primary School (S25)	2093	1570	c_deIzpwG??RVt@t@BDf@hAC\Ch@Gf@I|@Mt@CRIEEMAOAIOIECOAI@EF_@xB^yBDGHAN@TL@H@NDLHDe@hCHCNEJAH?L?D?FCDNFNb@l@x@jASfAUxAOrAKfAOjBGdAEtACl@ClAZ@??[A?JCjA?zB@dB@b@?h@Bp@[n@FFFHJB^B|@@`@Gd@K~@W?J?JANG\NvA??OwAF]@O?K?K_AVe@Ja@F}@A_@CKCGIGGZo@Cq@?i@Ac@AeB?{BBkA?KBmABm@DuAFeANkBJgANsATyARgAy@kAc@m@GOEOIa@Ie@Cg@AKAGEILu@H}@Fg@Bi@B]g@iACEu@u@SW??	Click to Generate
S25	45	1			3	Mint Nail (S25)	Flannels (S25)	The Cruise Holiday Shop (S25)	3442	2582	i}_eIr`sGLVRXBBBDB?B?DEHOP_@x@gBgAsBuAkAGEUQk@g@GEOKO[EGCICICGA[?S?I@I@KDSXUDEVOlAi@T[@ABMDU@{@?uCJe@@QDOHGFEHAH@nBRFBBD@D?D?D?B?RAFE@QAwAOCBAF?F?DBFR@ZDZBZDP@B@@B@JMzEAZt@pB??SZ}@_C@m@NkFP@B@@B@JEzAG~B[C[C[E[CQCLkFCG?E?G@GBCvANFCBE?I?GACCCC?eBSKAGCGKIMGQAW@O@OHi@F]?E@EDQLi@DMLYJU@EHORc@PWRULMHKNMNO^YROZQFELGTGREVGDAFAH?P?`@@P@D@VDXFHDJF\TLJLNLPNPVd@NZNZENCLGFKPEFSZ}A|BK@a@M?h@Ap@EbAC|@CbAC~@p@fB??T]T[T]T[V]T]CGQc@Qc@Qe@Qe@Qc@Qc@Qg@BUpBwCBK@A@O@MCYKOIOKMOSOOMM_@YGCMGQIGAYCWEWAO?G@E@c@FMDQHEBGBMHSNSNWTEDa@ZUR]b@Q^Wf@Qf@Of@EXGVKt@AJG~@C`A?JAvG?LAt@@P?J?^ATABEVo@~@GJKRILKNEPADEJBHAHCn@?t@@p@DZt@lA	Click to Generate
S25	45	1			3	Beck Primary School (S25)	Shirefreen News 'n' Booze (S25)	Shiregreen Medical Centre (S25)	3316	2487	q~beItjzGLeAq@Us@Qw@Qw@Ks@Ge@ACSGQKSe@cA]{@_@cAWy@Qq@Me@SaAUkAQmAEYMiAKcAGaAEu@wA^_@L?J?JANG\NvA??OwAF]@O?K?K_AVe@Ja@F}@A_@CKCGIGGZo@Cq@?i@Ac@AeB?{BBkA?KZ@??[ABmABm@DuAFeANkBJgANsATyARgAT^R^RVRNPHRHPBT?d@Cl@IpA_@@?bBi@XKXK`@ONGx@Ul@M\GLAd@E`@@XFPHvAn@rAp@h@VPHPLNLJJPBLBPF\PjB~@`Ah@B@HD|Az@d@Rf@Tj@TZHNDv@PD@AT]nFWbFcDc@y@Im@Ga@CM@C@EFgAgAMK]]CAGEMGMAc@@M??R?xB?V@bA?nC?L?l@Cd@C`@Er@IdAM`BGf@I|@Iv@MtA[lDUvBANIv@QjAo@]OGOIMdA	Click to Generate
S25	60	1			3	Ernest Jones (S25)	Jump Inc (S25)	SYPTE (S25)	5179	3884	im_eIdhrGAVp@fBT]T[T]T[V]T]CGQc@Qc@Qe@Qe@Qc@Qc@Qg@BUpBwCBK@A@O@MCYKOIOKMOSOOMM_@YGCMGQIGAYCWEWAO?G@E@c@FMDQHEBGBMHSNSNWTEDa@ZUR]b@Q^Wf@Qf@Of@EXGVKt@AJ@N@LDJ?@HLnBRFBBD@D?D?D?B?RAFE@QAwAOCBAF?F?DBFR@ZDZBZDP@B@@B@JMzEAZt@pB??SZ}@_C@m@NkF[E[C[ESACG?E?G@GBCvANFCBE?I?GACCCC?eBSKAGCGKIMGQAW@O@OHi@F]?E@EDQLi@DMLYJU@EHORc@PWRULMHKNMNO^YROZQFELGTGREVGDAFAH?P?`@@P@D@VDXFHDJF\TLJLNLPNPVd@NZNZVh@f@nAJRJL@BDBDFNHNDF@DBHEH?D?JEHGJINUBU?G?KEc@?IA]CGe@oAINMN}@cC\~@^bALOHOd@nABFNRJJBDB@B@F@D?JCr@aA`@g@DKPQ@IDQDKFIFGDAFAD?D@HBFFFHDLBJBJ?L?L?LCJCJEJEHGFEBGBI?GAOB_@J_@NUNURY\GJIHABSXGRITEJAHBZ@VCLCNEJGHGHGBIBIAGAIEEEEGCGEIAICKAYM_@So@EKcAyBQ_@GMSg@KOIOKMOSOOMM_@YGCMGQIGAYCWEWAO?G@E@c@FMDQHEBGBMHSNSNWTEDa@ZUR]b@Q^Wf@Qf@Of@EXGVKt@AJG~@C`A?JAvG?LAt@@P?J?^ATABEVo@~@GJKRILKNEPADEJBHFDXd@V`@FJ?\@P?X\l@HLNVNXXm@^y@gAsBuAkAGEUQk@g@GEOKO[EGCICICGA[?S?I@I@KDSXUDEVOlAi@T[@ABMDU@{@?uC@c@@g@@SBg@@O@OHi@F]?E@EDQLi@DMLYJU@EHORc@PWRULMHKNMNO^YROZQFELGTGREVGDAFAH?P?`@@P@D@VDXFHDJF\TLJLNLPNPVd@NZNZENCLGFKPEFSZ}A|BK@a@M?h@Ap@EbAC|@CbAAf@	Click to Generate
S25	60	1			3	Tinsley Sports and Social Club (S25)	Refuel (S25)	Sheffield Hallam University Sports Park (S25)	12141	9106	ie_eIfukGFb@Fv@@|@ErAMpAMbAFjANhA`@nB`CcDd@g@f@]b@Od@EpD@fA?~DA^@HATIVfBFd@BRF^F`@RvAh@~D~@`HD`@F^@FNtABLXdCXlCFz@@X?NAv@Et@AJKfAQjAE\SfAY|AS~AIp@O`BGrAMhEEdAGx@MAIAG@}A|@OFM???L?NG|A}@FAH@L@Kt@E\E^CNY|BQxAMdAc@pDAHG^GVEPQb@O\U\Y\e@d@SPcCzB_Ax@GFq@l@q@r@UVg@j@WZ[f@u@hAm@`AINmAvDELQ`@]h@U\OX]r@EIa@s@e@gAqEjGmBaCqBaCkAfBOTISqAyCYs@EK]cAUo@[g@MYGMGKY_@UU[a@GKKMCO?O@Y?GDk@Bm@Cq@AMCUAu@COEc@CWQyBa@aFE_@Ei@A]GmAAYQgECkAEgBAo@Ae@?Y@q@Bs@@a@Dg@Bg@Do@NwBPaDBWFoAHcBHcBFu@HuALuB@Y@]@k@A}@GeAKyBIqBE{AK}A_@eGUwBEg@Ky@UsBOmBKeAE]EUOu@Qm@Si@Se@Uc@QKA?[GEAKHC@KLEDIRoApBcAzAuAjB\xAR~@@~@A`B@z@Dp@Jr@Lp@X|@Lb@DLVpARdALhAHfADbA@t@@V?`ACt@MfA?HAn@BfA@z@RvL@|@ZxQ[yQA}@CqAOeJA{@CgA@o@?ILgABu@?aAAWAu@EcAIgAMiASeAWqAEMMc@Y}@Mq@Ks@Eq@A{@@aBA_AS_A]yAtAkBbA{AnAqBHS@KBU?C@]AO@QBKFMFGHAD?JFDFDR@N@R@PBDH^Tb@Rd@Rh@Pl@Nt@DTD\JdANlBTrBJx@Df@TvB^dGJ|ADzAHpBJxBFdA@|@Aj@A\AXMtBItAGt@IbBIbBGnACVQ`DOvBEn@Cf@Ef@A`@Cr@Ap@?X@d@@n@DfBBjAPfE@XFlA@\Dh@D^`@`FPxBBVDb@BNLh@?@Ht@BXN~@Nv@BLFPFPTv@f@bBNr@Tn@\bADJXr@pAxCHRl@lA`@z@DF`@x@Xd@`@j@JLRXHHVRNHTHVENBd@Fh@NN@VCDA\OVe@Ra@NeAHoAHy@No@L[LU\s@NYT]\i@Pa@DMlAwDHOl@aAt@iAZg@V[f@k@TWp@s@p@m@FG~@y@bC{BRQd@e@X]T]N]Pc@DQFWF_@@Ib@qDLeAPyAX}BBOD_@D]Ju@Fy@DeALiEFsANaBHq@R_BX}ARgAD]PkAJgA@K\NXN\RB@Jb@h@rCr@rBDRFRBT@XvA`Dk@qAk@oAAYCUGSESs@sBi@sCKc@CA]SYO]ODu@@w@?OAYG{@YmCYeCCMOuAAGG_@Ea@_AaHi@_ESwAGa@G_@CSGe@WgBUHI@_@A_E@gA?qDAe@Dc@Ng@\e@f@aCbDa@oBOiAGkALcALqADsAA}@Gw@Gc@	Click to Generate
S25	45	1			3	Reiss (S25)	SYPTE (S25)	Jump Inc (S25)	3614	2710	cv_eI`erG?HCJ@JMzEAZt@pB??SZ}@_C@m@NkF[E[C[ESACG?E?G@GBCvANFCBE?I?GACCCC?eBSIDA@EDGNEP?JAvG?LAt@@P?J?^ATABEVo@~@GJKRILKNEPADEJBHFDXd@V`@FJ?\@P?X\l@HLNVNXXm@^y@gAsBuAkAGEUQk@g@GEOKO[EGCICICGA[?S?I@I@KDSXUDEVOlAi@T[@ABMDU@{@?uC@c@@g@@SBg@@O@OHi@F]?E@EDQLi@DMLYJU@EHORc@PWRULMHKNMNO^YROZQFELGTGREVGDAFAH?P?`@@P@D@VDXFHDJF\TLJLNLPNPVd@NZNZVh@f@nAJRJL@BDBDFNHNDF@DBHEH?D?JEHGJINUBU?G?KEc@?IA]CGe@oAINMN}@cC\~@^bALOHOd@nABFNRJJBDB@B@F@D?JCr@aA`@g@DKPQ@IDQDKFIFGDAFAD?D@HBFFFHDLBJBJ?L?L?LCJCJEJEHGFEBGBI?GAOB_@J_@NUNURY\GJIHABSXGRITEJAHBZ@VCLCNEJGHGHGBIBIAGAIEEEEGCGEIAICKAYM_@So@EKcAyBQ_@GMSg@KOIOKMOSOOMM_@YGCMGQIGAYCWEWAO?G@E@c@FMDQHEBGBMHSNSNWTEDa@ZUR]b@Q^Wf@Qf@Of@EXGVKt@AJ@N@LDJ?@HLnBRFBBD@D?D?D?B?RAFE@QAwAOCBAF?F?DBFR@ZDZBZDP@B@@BBK?I	Click to Generate
S25	60	1			3	Blackburn Meadows Nature Reserve (S25)	ItsaGoal (S25)	Hanfia Masjid (S25)	12469	9352	qq`eIvumGOeJA{@CgA@o@?ILgABu@?aAAWAu@EcAIgAMiASeAWqAEMMc@Y}@Mq@Ks@Eq@A{@@aBA_AS_A]yAtAkBbA{AnAqBHS@KBU?C@]AOK_@ACQc@q@i@kAeAUW_@e@]i@Yq@Ww@Qm@Q_Ag@}C_@eCs@{ECU[qBc@oCKs@c@}AESGQIUK[IUYcAKSU[CCGMCOCk@GWMg@Ys@c@_A[i@]m@UUw@g@KCIEc@S]Ea@?e@LeIdDeBd@uAV_@BK@qAF}AAaBKWJMJIJEFCFGPKd@?FDlA@`@BTDl@DVD\Ff@Hx@D^Bd@Bn@@`A?~A?N?vA?f@?|@Ef@ShBw@dHMbAg@rEKx@C`@?\FnABz@@nA@p@?DAf@AjA?RChAAvA?xAApAC|B?b@?JCjBAdB?~@?FAZ?VAvBAxA?XCbE?P@\?BBNDRVd@HMNQLMj@i@^i@PYt@oAXe@`A_BTa@Zk@t@qALSdAkBDWB_@Hm@FIRCB?HCJEJM\e@NMPID@FBDFDJNr@BR@XNrG@d@@NBNl@LjA`@LB^@ZAP?TIL[VKREVGDSC{FBzFER??WFSDWJMZUHQ?[@_@AMCkAa@m@MCOAOAe@OsGAYCSOs@EKEGGCEAQHOL]d@KLKDIBC?SBGHIl@C^EVeAjBMRu@pA[j@U`@aA~AYd@u@nAQX_@h@k@h@MLOPILMZQp@b@b@bA`A\^j@x@FHnA`C`@t@l@nAf@vAN`@Pf@HTXx@`@nAZ~@BLPj@^|A?DHl@BNDVFp@HtAFtADtAFxBB`@FpB@j@Bb@@l@BV@T@PHrAJdABTRdBNdANlAj@lERxAD`@Jv@DZRxA@L`@|CVrBHn@P`AN`A^|BPhAl@bDRbAr@tDLn@ZxAZfAf@~AX|@d@rAZbA\fAl@~Ar@~Ah@vAFN^dAZnATrAPfABHHZFRDJHRFJ^TLFN?\GTIj@m@jEgE|KiJ|EeEnCmCfCsCbFeGn@cA?ALSH]BODs@Cg@?_@@]@UBQDSJa@Ve@Ra@NeAHoAHy@No@L[LUEIa@s@e@gA]eA[_AOi@kAgDcCaHYkEQFKeB@Q`AYLMHQDUSKY]OyBIoAXhEX\RJETIPMLaAXAPJdBPGXjEbC`HaBxB}AtBoA~AKNkAfBOTIS{@oBUi@Ys@EK]cAUo@[g@MYGMGKY_@UU[a@GKKMCO?O@Y?GDk@Bm@Cq@AMCUAu@COEc@CWQyBa@aFE_@Ei@A]GmAAYQgECkAEgBAo@Ae@?Y@q@Bs@@a@Dg@Bg@Do@NwBPaDBWFoAHcBHcBFu@HuALuB@Y@]@k@A}@GeAKyBIqBE{AK}A_@eGUwBEg@Ky@UsBOmBKeAE]EUOu@Qm@Si@Se@Uc@QKA?[GEAKHC@KLEDIRoApBcAzAuAjB\xAR~@@~@A`B@z@Dp@Jr@Lp@X|@Lb@DLVpARdALhAHfADbA@t@@V?`ACt@MfA?HAn@BfA@z@NdJ	Click to Generate
S25	60	1			3	Molton Brown (S25)	SYPTE (S25)	Jump Inc (S25)	5157	3868	_u_eIlqrG??SZ}@_C@m@NkF[E[C[ESACG?E?G@GBCvANFCBE?I?GACCCC?eBSKAGCGKIMGQAW@O@OHi@F]?E@EDQLi@DMLYJU@EHORc@PWRULMHKNMNO^YROZQFELGTGREVGDAFAH?P?`@@P@D@VDXFHDJF\TLJLNLPNPVd@NZNZENCLGFKPEFSZ}A|BK@a@M?h@Ap@EbAC|@A|@ADbAhCT[T]T[V]T]CGQc@Qc@Qe@Qe@Qc@Qc@Qg@BUpBwCBK@A@O@MCYKOIOKMOSOOMM_@YGCMGQIGAYCWEWAO?G@E@c@FMDQHEBGBMHSNSNWTEDa@ZUR]b@Q^Wf@Qf@Of@EXGVKt@AJG~@C`A?JAvG?LAt@@P?J?^ATABEVo@~@GJKRILKNEPADEJBHFDXd@V`@FJ?\@P?X\l@HLNVNXXm@^y@gAsBuAkAGEUQk@g@GEOKO[EGCICICGA[?S?I@I@KDSXUDEVOlAi@T[@ABMDU@{@?uC@c@@g@@SBg@@O@OHi@F]?E@EDQLi@DMLYJU@EHORc@PWRULMHKNMNO^YROZQFELGTGREVGDAFAH?P?`@@P@D@VDXFHDJF\TLJLNLPNPVd@NZNZVh@f@nAJRJL@BDBDFNHNDF@DBHEH?D?JEHGJINUBU?G?KEc@?IA]CGe@oAINMN}@cC\~@^bALOHOd@nABFNRJJBDB@B@F@D?JCr@aA`@g@DKPQ@IDQDKFIFGDAFAD?D@HBFFFHDLBJBJ?L?L?LCJCJEJEHGFEBGBI?GAOB_@J_@NUNURY\GJIHABSXGRITEJAHBZ@VCLCNEJGHGHGBIBIAGAIEEEEGCGEIAICKAYM_@So@EKcAyBQ_@GMSg@KOIOKMOSOOMM_@YGCMGQIGAYCWEWAO?G@E@c@FMDQHEBGBMHSNSNWTEDa@ZUR]b@Q^Wf@Qf@Of@EXGVKt@AJ@N@LDJ?@HLnBRFBBD@D?D?D?B?RAFE@QAwAOCBAF?F?DBFR@ZDZBZDP@B@@B@JMzEAZt@pB	Click to Generate
S25	15	1			3	Two Dinners Ignatiu (S25)	Abbey School (S25)	Winterhill School (S25)	1255	941	ikceInhqGGhBIZkCpB??ODQCg@YYCw@Eq@@Al@??@m@?WBSHO`@GfBMf@GbAs@n@cAXeAVmBFUFa@D[FuAAy@KoA_@kBGe@U{A{@uFDCHEBCBA`@WPK??QJa@VC@CBIDEBz@tFTzAFd@^jBJnA@x@GtAEZC`A?zAEfA	Click to Generate
S25	20	1			3	St Thomas Church Wincobank (S25)	Wincobank Post Office (S25)	Eastwoods (S25)	1566	1174	{daeInctGBPPt@fCDHBHBdAdBFJLN`@l@d@j@VV^^^\^`@VVPLIk@w@oHSgBOkA_@eDO{AOuAPIDA~@]LEd@lEf@nElAtKv@dH?JADCDCDcA`@AEGOGUWuAKo@OoAQMWW_@a@_@]_@_@WWe@k@a@m@MOGKeAeBICICgCEQu@CQ	Click to Generate
S25	60	1			3	Blackburn Meadows Nature Reserve (S25)	ItsaGoal (S25)	Hanfia Masjid (S25)	12561	9421	kq`eI`zmGAw@SwLA{@CgA@o@?ILgABu@?aAAWAu@EcAIgAMiASeAWqAEMMc@Y}@Mq@Ks@Eq@A{@@aBA_AS_A]yAtAkBbA{AnAqBHS@KBU?C@]AOK_@ACQc@q@i@kAeAUW_@e@]i@Yq@Ww@Qm@Q_Ag@}C_@eCs@{ECU[qBc@oCKs@c@}AESGQIUK[IUYcAKSU[CCGMCOCk@GWMg@Ys@c@_A[i@]m@UUw@g@KCIEc@S]Ea@?e@LeIdDeBd@uAV_@BK@qAF}AAaBKWJMJIJEFCFGPKd@?FDlA@`@BTDl@DVD\Ff@Hx@D^Bd@Bn@@`A?~A?N?vA?f@?|@Ef@ShBw@dHMbAg@rEKx@C`@?\FnABz@@nA@p@?DAf@AjA?RChAAvA?xAApAC|B?b@?JCjBAdB?~@?FAZ?VAvBAxA?XCbE?P@\?BBNDRVd@HMNQLMj@i@^i@PYt@oAXe@`A_BTa@Zk@t@qALSdAkBDWB_@Hm@FIRCB?HCJEJM\e@NMPID@FBDFDJNr@BR@XNrG@d@@NBNl@LjA`@LB^@ZAP?TIL[VKREVGDSC{FBzFER??WFSDWJMZUHQ?[@_@AMCkAa@m@MCOAOAe@OsGAYCSOs@EKEGGCEAQHOL]d@KLKDIBC?SBGHIl@C^EVeAjBMRu@pA[j@U`@aA~AYd@u@nAQX_@h@k@h@MLOPILMZQp@b@b@bA`A\^j@x@FHnA`C`@t@l@nAf@vAN`@Pf@HTXx@`@nAZ~@BLPj@^|A?DHl@BNDVFp@HtAFtADtAFxBB`@FpB@j@Bb@@l@BV@T@PHrAJdABTRdBNdANlAj@lERxAD`@Jv@DZRxA@L`@|CVrBHn@P`AN`A^|BPhAl@bDRbAr@tDLn@ZxAZfAf@~AX|@d@rAZbA\fAl@~Ar@~Ah@vAFN^dAZnATrAPfABHHZFRDJHRFJ^TLFN?\GTIj@m@jEgE|KiJ|EeEnCmCfCsCbFeGn@cA?ALSH]BODs@Cg@?_@@]@UBQDSJa@Ve@Ra@NeAHoAHy@No@L[LUEIa@s@e@gA]eA[_AOi@kAgDcCaHYkEQFKeB@Q`AYLMHQDUSKY]OyBIoAXhEX\RJETIPMLaAXAPJdBPGXjEbC`HaBxB}AtBoA~AKNkAfBOTIS{@oBUi@Ys@EK]cAUo@[g@MYGMGKY_@UU[a@GKKMCO?O@Y?GDk@Bm@Cq@AMCUAu@COEc@CWQyBa@aFE_@Ei@A]GmAAYQgECkAEgBAo@Ae@?Y@q@Bs@@a@Dg@Bg@Do@NwBPaDBWFoAHcBHcBFu@HuALuB@Y@]@k@A}@GeAKyBIqBE{AK}A_@eGUwBEg@Ky@UsBOmBKeAE]EUOu@Qm@Si@Se@Uc@QKA?[GEAKHC@KLEDIRoApBcAzAuAjB\xAR~@@~@A`B@z@Dp@Jr@Lp@X|@Lb@DLVpARdALhAHfADbA@t@@V?`ACt@MfA?HAn@BfA@z@RvL@v@	Click to Generate
S25	45	1			3	Tinsley Sports and Social Club (S25)	St Lawrence Church (S25)	Cohens Chemist (S25)	3088	2316	{z}dId_nGk@oAAYCUGSESs@sBi@sCKc@CA]SYO]OAJKfAQjAE\SfAY|AS~AIp@O`BGrAMhEEdAGx@MAIAG@}A|@OFM???L?NG|A}@FAH@L@Kt@E\E^CNY|BQxAMdAc@pDAHG^GVEPQb@O\U\Y\e@d@SPcCzBI[Sq@GWIYCISq@IQAEEGCEKIOC@_@?SBODMr@}ADGFEHAH?NJLFHBFAFdABHDBB@CAECCIGeAG@ICMGOKI?I@GDEFs@|AEL?BCJ?RA^NBJHBDDF@DHPRp@BHHXFVRp@HZ_Ax@GFq@l@q@r@G]Kq@G_@Oy@Ie@v@u@`ByARp@BHHXFVRp@HZbC{BRQd@e@X]T]N]Pc@DQFWF_@@Ib@qDLeAPyAX}BBOD_@D]Ju@Fy@DeALiEFsANaBHq@R_BX}ARgAD]PkAJgA@K\NXN\RB@Jb@h@rCr@rBDRFRBT@Xj@nA	Click to Generate
S25	45	1			3	Beck Primary School (S25)	Volksgear (S25)	Muscle Fusion (S25)	3087	2315	wzceIh|xG[A?JCjA?zB@dB@b@?h@Bp@[n@FFFHJB^B|@@`@Gd@K~@W?J?JANG\NvA??OwAF]@O?K?K_AVe@Ja@F}@A_@CKCGIGGQ^Qb@K`@Ib@Kf@Ed@AXCXCACCEECIE]G}@AWEo@UgDOcDCUCIIIHyBJsCDmABi@Bw@LsCBq@Bq@JsAJmAL}@Lu@Hm@DWd@iCIEEMAOAIOIECOAI@EF_@xB^yBDGHAN@TL@H@NDLHDBSLu@H}@Fg@Bi@B]g@iACEu@u@SW??OWUg@KUIOYm@aAcBh@oB\cATi@Vi@^q@x@_BdAwBR\v@~Ae@Td@Uw@_BS]eAvBy@~A_@p@Wh@Uh@]bAi@nB`AbBXl@HNJTTf@NVRVt@t@BDf@hAC\Ch@Gf@I|@Mt@DH@F@JBf@Hd@H`@DNFNb@l@x@jASfAUxAOrAKfAOjBGdAEtACl@ClAZ@	Click to Generate
S25	60	1			3	Hartley Brook Road Post Office (S25)	Beck Primary School (S25)	Woolley Wood LNR (S25)	7235	5426	ynbeItnxGaAi@kB_A]QQGMCQCBZ?t@?RAhD?`D?fC?r@?R?xB?V@bA?nC?L?l@Cd@C`@Er@IdAM`BGf@I|@Iv@MtA[lDUvBANcAk@E@C@ADEVU|Aq@Us@Qw@Qw@Ks@Ge@ACSGQKSe@cA]{@_@cAWy@Qq@Me@SaAUkAQmAEYMiAKcAGaAEu@wA^_@L?J?JANG\NvA??OwAF]@O?K?K_AVe@Ja@F}@A_@CKCGIGGZo@Cq@?i@Ac@AeB?{BBkA?KBmABm@DuAFeANkBJgANsATyARgAy@kAc@m@GOEOIa@Ie@Cg@AKAGEILu@H}@Fg@Bi@B]@KDa@B_@Fc@@MLi@H_@Vw@^{@l@oAt@mAt@gA`CyC~@qAn@_Ar@iAjAwBj@uAbAcDx@kCr@kBz@gBhCeGj@kAjDcHtAiCvDcGxA{AxAeAhCwAbBy@nAo@pA_ArBoB~@iAh@cAnB}DxAoC?\?TG\Kj@Jk@F]?U?]yAnCoB|Di@bA_AhAsBnBqA~@oAn@cBx@iCvAyAdAyAzAwDbGuAhCwEnJiCdG{@fBs@jBy@jCcAbDk@tAkAvBs@hAo@~@_ApAaCxCu@fAu@lAm@nA_@z@Wv@I^Mh@ALGb@C^E`@AJC\Ch@Gf@I|@Mt@DH@F@JBf@Hd@H`@DNFNb@l@x@jAT^R^RVRNPHRHPBT?d@Cl@IpA_@@?bBi@XKXK`@ONGx@Ul@M\GLAd@E`@@XFPHvAn@rAp@h@VPHPLNLJJPBLBPF\PjB~@`Ah@	Click to Generate
S25	20	1			3	St Lawrence Church (S25)	Tinsley Meadows Primary School (S25)	Madani Education Centre (S25)	2011	1508	kz~dI~noG[^Jp@F\p@s@p@m@FG~@y@I[Sq@GWIYCISq@IQAEEGCEKIOC@_@?SBODMr@}ADGFEHAH?NJLFHBFAFdABHDBB@CAECCIGeAG@ICMGOKI?I@GDEFs@|AEL?BCJ?RA^NBJHBDDF@DHPRp@BHHXFVRp@HZ_Ax@GFq@l@q@r@UVg@j@WZ[f@u@hAm@`AINmAvDELQ`@]h@U\OX]r@EIa@s@e@gA]eA[_AtAmBq@qBM@KDCDOa@??N`@BEJELAp@pBuAlBBHVt@\dAd@fA`@r@DH\s@NYT]\i@Pa@DMlAwDHOl@aAt@iAZg@V[f@k@TWG]Kq@Z_@	Click to Generate
S25	30	1			3	Kelford School (S25)	Dave's Fish Bar (S25)	Meadow View Primary School (S25)	2617	1963	edbeIvkoGQMc@]CAy@m@mE}CEIAI?E?Uf@}CtB}Mj@j@r@v@\^Z\FHTTHHGNEDIBGAEIEHK\_@vAAH?JDVDNB@@B@D?@@BAD?DCBA@C@CACCAC?EAE@E@CBC@AB?EOEW?K@I^wAJ]DIAI?KFWGI[]]_@s@w@k@k@uB|Mg@|C?T?D@HDHlE|Co@`DERYvAMd@Od@Ul@u@tBCHw@rBg@rAKVm@u@[]SOSMe@QKEo@SUISMQO]c@GIc@k@i@u@s@}@^oARm@??Sl@_@nAr@|@h@t@b@j@FH\b@PNRLTHn@RJDd@PRLRNZ\l@t@r@kBv@sBBIt@uBTm@Ne@Le@XwADSn@aDx@l@B@b@\PL	Click to Generate
S25	20	1			3	The Colin (S25)	Zena (S25)	The Salvation Army - Rotherham (S25)	1875	1406	gfdeIrxoGBE?Q?SCOEQIMAKCOAM?OBM@MXgCvB`C|A|AFFHDHALGLMz@{AJLFBHDF@PDVDh@H`@DD@\Dd@DdAFH?D@HFDHDLd@lBDLC@@J?NCPIf@IXIXERADAFGTGGEEAK?QDIHE??H?FBERADAFGTELNXEJMd@Kj@??Jk@Le@DKOYDMFU@G@EDSHY@]?QAQESZYBAPOJKLQPSNUHM`@s@d@s@Ze@X[HVLZDHb@j@c@k@EIM[IWYZOTKNe@r@a@r@ILOTQRMPKJQNEMe@mBEMEIIGEAI?eAGe@E]EEAa@Ei@IWEQEGAIEGCKM{@zAMLMFI@IEGG}A}AwBaCYfCALCL?N@LBN@JHLDPBN?R?PCD	Click to Generate
S25	45	1			3	Cohens Chemist (S25)	Tinsley Sports and Social Club (S25)	Tinsley Meadows Primary School (S25)	3040	2280	{x~dIzcoGCJ?RA^NBJHBDDF@DHPRp@BHHXFVRp@HZ_Ax@GFq@l@q@r@G]Kq@G_@Oy@Ie@v@u@`ByARp@BHHXFVRp@HZbC{BRQd@e@X]T]N]Pc@DQFWF_@@Ib@qDLeAPyAX}BBOD_@D]Ju@MAIAG@}A|@OFM???L?NG|A}@FAH@L@Kt@E\E^CNY|BQxAMdAc@pDAHG^GVEPQb@O\U\Y\e@d@SPcCzB_Ax@GFq@l@q@r@UVg@j@WZ[f@u@hAm@`AINmAvDELQ`@]h@U\OX]r@EIa@s@e@gA]eA[_AtAmBq@qBM@KDCDOa@??N`@BEJELAp@pBuAlBZ~@\dAd@fA`@r@DH\s@NYT]\i@Pa@DMlAwDHOl@aAt@iAZg@V[f@k@TWp@s@p@m@FG~@y@I[Sq@GWIYCISq@IQAEEGCEKIOC@_@?SBK	Click to Generate
S25	20	1			3	The Salvation Army - Rotherham (S25)	Bake N Butty (S25)	The Manor Barn (S25)	1779	1334	qhceI~hoGQTOJFP|@vCMTQRSVYZ[d@e@r@a@r@ILOTQRMPKJQNC@@J?NCPIf@IX@]?QAQESZYBAPOJKLQPSNUHM`@s@d@s@JONUX[RWPSLUHMj@cABKBOPLLLLNf@j@RVDFj@r@j@t@JN^oARm@Sl@_@nAKOk@u@k@s@EGSWu@{@MMQM?MAOCWGu@K}@EWKi@GS]sAKi@G]GYGm@Gm@Ci@Ae@@c@@O@UHg@Hc@Rs@NTR\p@~AJPLLXXaBjDMRGHYTJh@\rAFRJh@DVJ|@Ft@BV@N?LCNCJk@bAIL}@wCGQNKPU	Click to Generate
S25	15	1			3	Wincobank Post Office (S25)	Savemore (S25)	Eastwoods (S25)	1426	1070	ix`eInatGNjAbBu@g@oEe@mEMD_A\E@QHm@V}@ZwB`A]HI@OAU?a@?YDQHYTRdAXvAXrABPPt@fCDHBHBdAdBFJLN`@l@d@j@VV^^^\^`@VVPLNnAJn@VtAFTFN@DbAa@BEBE@E?Kw@eHeBv@w@oHSgBOkA	Click to Generate
S25	60	1			3	Morris (S25)	Abbey School (S25)	Crow Girl (S25)	8505	6379	yideIrjqG??QJk@NUDMBa@FQHON]f@CB[l@Kf@Oz@Ev@MlC?R?f@GtApCXh@J??vCx@FBnCr@VLnGvHzCjDLJj@d@PLb@VjCjALFFBx@Z~@h@`DzBvDbCvBvAr@f@d@d@f@b@BDRTV\Pu@H]P{@J[L_@f@yAZy@Rm@JYF_@Da@Da@NuAJmAJcAJkANyAHy@Dk@@EB[@W@[AkAA_BAi@Ee@G]CKQWm@{@GKGUG[UcBG]Ku@AIAGCUAO?S@ODQFOHKFGRWt@y@^c@RYR_@R_@To@FSDSFUDWHk@BKFq@Bc@Be@?a@?W?SAMCa@AQC]Im@Ik@Mo@Oi@Oi@Og@Qa@Q_@Wi@[i@MSCCQYWYIKc@c@g@a@OI}@g@}@i@KKKOEGIUI[CWAc@?S@WDa@Fg@Fa@UISMQO]c@GIc@k@i@u@s@}@KOk@u@k@s@EGSWu@{@MMQMCNCJk@bAILMTQRSVYZ[d@e@r@a@r@ILOTQRMPKJQNC@@J?NCPIf@IXIXERADAFGTELNXDNDVTxAf@|Cz@tFTzAFd@^jBJnA@x@GtAEZG`@GTWlBYdAo@bAcAr@g@FgBLa@FINCR?VAl@??@m@?WBSHO`@GfBMf@GbAs@n@cAXeAVmBFUFa@D[FuAAy@KoA_@kBGe@U{A{@uFg@}CUyAEWEOOYDMFU@G@EDSHY@]?QAQESZYBAPOJKLQPSNUHM`@s@d@s@Ze@X[RWPSLUHMj@cABKBOPLLLt@z@RVDFj@r@j@t@JNr@|@h@t@b@j@FH\b@PNRLTHG`@Gf@E`@AV?R@b@BVHZHTDFJNJJ|@h@|@f@NHf@`@b@b@HJVXPXBBLRZh@Vh@P^P`@Nf@Nh@Nh@Ln@Hj@Hl@B\@PB`@@L?R?V?`@Cd@Cb@Gp@CJIj@EVGTERGRUn@S^S^SX_@b@u@x@SVGFIJGNEPAN?R@NBT@F@HJt@F\TbBFZFTFJl@z@PVBJF\Dd@@h@@~A@jAAZAVCZADEj@Ix@OxAKjAKbAKlAOtAE`@E`@G^KXSl@[x@g@xAM^KZQz@I\Qt@W]SUCEg@c@e@e@s@g@wBwAwDcCaD{B_Ai@y@[GCMGkCkAc@WQMk@e@MK{CkD_DuDoBaCWMoCs@GCwCy@i@KqCYFuA?g@?SLmCDw@N{@Jg@Zm@BC\g@NOPI`@GLCTEj@OPK??	Click to Generate
S25	60	1			3	H.Samuel (S25)	Jump Inc (S25)	SYPTE (S25)	5179	3884	im_eInhrGALp@fBT]T[T]T[V]T]CGQc@Qc@Qe@Qe@Qc@Qc@Qg@BUpBwCBK@A@O@MCYKOIOKMOSOOMM_@YGCMGQIGAYCWEWAO?G@E@c@FMDQHEBGBMHSNSNWTEDa@ZUR]b@Q^Wf@Qf@Of@EXGVKt@AJ@N@LDJ?@HLnBRFBBD@D?D?D?B?RAFE@QAwAOCBAF?F?DBFR@ZDZBZDP@B@@B@JMzEAZt@pB??SZ}@_C@m@NkF[E[C[ESACG?E?G@GBCvANFCBE?I?GACCCC?eBSKAGCGKIMGQAW@O@OHi@F]?E@EDQLi@DMLYJU@EHORc@PWRULMHKNMNO^YROZQFELGTGREVGDAFAH?P?`@@P@D@VDXFHDJF\TLJLNLPNPVd@NZNZVh@f@nAJRJL@BDBDFNHNDF@DBHEH?D?JEHGJINUBU?G?KEc@?IA]CGe@oAINMN}@cC\~@^bALOHOd@nABFNRJJBDB@B@F@D?JCr@aA`@g@DKPQ@IDQDKFIFGDAFAD?D@HBFFFHDLBJBJ?L?L?LCJCJEJEHGFEBGBI?GAOB_@J_@NUNURY\GJIHABSXGRITEJAHBZ@VCLCNEJGHGHGBIBIAGAIEEEEGCGEIAICKAYM_@So@EKcAyBQ_@GMSg@KOIOKMOSOOMM_@YGCMGQIGAYCWEWAO?G@E@c@FMDQHEBGBMHSNSNWTEDa@ZUR]b@Q^Wf@Qf@Of@EXGVKt@AJG~@C`A?JAvG?LAt@@P?J?^ATABEVo@~@GJKRILKNEPADEJBHFDXd@V`@FJ?\@P?X\l@HLNVNXXm@^y@gAsBuAkAGEUQk@g@GEOKO[EGCICICGA[?S?I@I@KDSXUDEVOlAi@T[@ABMDU@{@?uC@c@@g@@SBg@@O@OHi@F]?E@EDQLi@DMLYJU@EHORc@PWRULMHKNMNO^YROZQFELGTGREVGDAFAH?P?`@@P@D@VDXFHDJF\TLJLNLPNPVd@NZNZENCLGFKPEFSZ}A|BK@a@M?h@Ap@EbAC|@CbAAp@	Click to Generate
S25	45	1			3	Freddy (S25)	Crow Girl (S25)	Yazier (S25)	3416	2562	_xceIvnrGxAbBLJj@d@PLb@VjCjALFFBx@Z~@h@`DzBvDbCvBvAr@f@d@d@f@b@[bBAJKv@Kz@E~@Al@Aj@?l@IEECIQCSDYFGBALE@m@D_AJ{@Jw@@KZcBg@c@e@e@s@g@wBwAwDcCaD{B_Ai@y@[GCMGkCkAc@WMKCAk@e@MK{CkD_DuDoBaCWMoCs@A~@?f@FVbBdBf@fAj@r@J`@@f@CHEL@h@t@pBhBpDr@`B^l@b@dAxAv@n@f@rApA`AHfAl@Zp@@jAFYDIHIL@JH|@bAx@xAv@|BJFFWKcCO{@[qA[eAYiASw@c@y@Qw@SqA??Ky@Mg@I]C]@g@GCMGkCkAc@WQMk@e@MKyAcB	Click to Generate
S25	60	1			3	Phase Eight (S25)	SYPTE (S25)	Jump Inc (S25)	5179	3884	_u_eIlqrG??SZ}@_C@m@NkF[E[C[ESACG?E?G@GBCvANFCBE?I?GACCCC?eBSKAGCGKIMGQAW@O@OHi@F]?E@EDQLi@DMLYJU@EHORc@PWRULMHKNMNO^YROZQFELGTGREVGDAFAH?P?`@@P@D@VDXFHDJF\TLJLNLPNPVd@NZNZENCLGFKPEFSZ}A|BK@a@M?h@Ap@EbAC|@CbAAf@AVp@fBT]T[T]T[V]T]CGQc@Qc@Qe@Qe@Qc@Qc@Qg@BUpBwCBK@A@O@MCYKOIOKMOSOOMM_@YGCMGQIGAYCWEWAO?G@E@c@FMDQHEBGBMHSNSNWTEDa@ZUR]b@Q^Wf@Qf@Of@EXGVKt@AJG~@C`A?JAvG?LAt@@P?J?^ATABEVo@~@GJKRILKNEPADEJBHFDXd@V`@FJ?\@P?X\l@HLNVNXXm@^y@gAsBuAkAGEUQk@g@GEOKO[EGCICICGA[?S?I@I@KDSXUDEVOlAi@T[@ABMDU@{@?uC@c@@g@@SBg@@O@OHi@F]?E@EDQLi@DMLYJU@EHORc@PWRULMHKNMNO^YROZQFELGTGREVGDAFAH?P?`@@P@D@VDXFHDJF\TLJLNLPNPVd@NZNZVh@f@nAJRJL@BDBDFNHNDF@DBHEH?D?JEHGJINUBU?G?KEc@?IA]CGe@oAINMN}@cC\~@^bALOHOd@nABFNRJJBDB@B@F@D?JCr@aA`@g@DKPQ@IDQDKFIFGDAFAD?D@HBFFFHDLBJBJ?L?L?LCJCJEJEHGFEBGBI?GAOB_@J_@NUNURY\GJIHABSXGRITEJAHBZ@VCLCNEJGHGHGBIBIAGAIEEEEGCGEIAICKAYM_@So@EKcAyBQ_@GMSg@KOIOKMOSOOMM_@YGCMGQIGAYCWEWAO?G@E@c@FMDQHEBGBMHSNSNWTEDa@ZUR]b@Q^Wf@Qf@Of@EXGVKt@AJ@N@LDJ?@HLnBRFBBD@D?D?D?B?RAFE@QAwAOCBAF?F?DBFR@ZDZBZDP@B@@B@JMzEAZt@pB	Click to Generate
S25	45	1			3	Mint Nail (S25)	Flannels (S25)	The Cruise Holiday Shop (S25)	3403	2552	{y_eIj_sG^y@gAsBuAkAGEUQk@g@GEOKO[EGCICICGA[?S?I@I@KDSXUDEVOlAi@T[@ABMDU@{@?uCJe@@QDOHGFEHAH@nBRFBBD@D?D?D?B?RAFE@QAwAOCBAF?F?DBFR@ZDZBZDP@B@@B@JMzEAZt@pB??SZ}@_C@m@NkFP@B@@B@JEzAG~B[C[C[E[CQCLkFCG?E?G@GBCvANFCBE?I?GACCCC?eBSKAGCGKIMGQAW@O@OHi@F]?E@EDQLi@DMLYJU@EHORc@PWRULMHKNMNO^YROZQFELGTGREVGDAFAH?P?`@@P@D@VDXFHDJF\TLJLNLPNPVd@NZNZENCLGFKPEFSZ}A|BK@a@M?h@Ap@EbAC|@CbAC~@p@fB??T]T[T]T[V]T]CGQc@Qc@Qe@Qe@Qc@Qc@Qg@BUpBwCBK@A@O@MCYKOIOKMOSOOMM_@YGCMGQIGAYCWEWAO?G@E@c@FMDQHEBGBMHSNSNWTEDa@ZUR]b@Q^Wf@Qf@Of@EXGVKt@AJG~@C`A?JAvG?LAt@@P?J?^ATABEVo@~@GJKRILKNEPADEJBHFDXd@V`@FJ?\@P?X\l@HLNVNXXm@	Click to Generate
S25	15	1			3	Zena (S25)	The Salvation Army - Rotherham (S25)	Winterhill School (S25)	1060	795	mqceId~oG??H?FBERADAFGTELNXEJMd@Kj@??Jk@Le@DKOYDMFU@G@EDSHY@]?QAQESZYBAPOJKLQPSNUHM`@s@d@s@Ze@X[HVLZDHb@j@c@k@EIM[IWYZOTKNe@r@a@r@ILOTQRMPKJQNC@@J?NCPIf@IXIXERADAFGTELNXDNDVTxAf@|CDCHEBCBA`@WPK??QJa@VC@CBIDEBg@}CUyAEWEOOYDMGGEEAK?QDIHE	Click to Generate
S25	45	1			3	Baytree Interiors (S25)	Eurochange (S25)	SYPTE (S25)	3374	2530	yk_eIdlrG??T]T[uAqDCbA?TCh@p@fBT]T[T]T[V]T]CGQc@Qc@Qe@Qe@Qc@Qc@Qg@BUpBwCBK@A@O@MCYKOIOKMOSOOMM_@YGCMGQIGAYCWEWAO?G@E@c@FMDQHEBGBMHSNSNWTEDa@ZUR]b@Q^Wf@Qf@Of@EXGVKt@AJ@N@LDJ?@HLnBRFBBD@D?D?D?B?RAFE@QAwAOCBAF?F?DBFR@ZDZBZDP@B@@B@JMzEAZt@pB??SZ}@_C@m@NkF[E[C[ESACG?E?G@GBCvANFCBE?I?GACCCC?eBSIDA@EDGNEP?JAvG?LAt@@P?J?^ATABEVo@~@GJKRILKNEPADEJBHFDXd@V`@FJ?\@P?X\l@HLNVNXXm@^y@gAsBuAkAGEUQk@g@GEOKO[EGCICICGA[?S?I@I@KDSXUDEVOlAi@T[@ABMDU@{@?uC@c@@g@@SBg@@O@OHi@F]?E@EDQLi@DMLYJU@EHORc@PWRULMHKNMNO^YROZQFELGTGREVGDAFAH?P?`@@P@D@VDXFHDJF\TLJLNLPNPVd@NZNZENCLGFKPEFSZ}A|BK@a@M?h@Ap@EbAC|@CbAC~@p@fB	Click to Generate
S25	60	1			3	Brutus (S25)	Two Dinners Ignatiu (S25)	Dave's Fish Bar (S25)	4878	3658	aobeIpuqG[PG]Ku@AIAGCUAO?S@ODQFOHKFGRWt@y@^c@RYR_@R_@To@FSDSFUDWHk@BKFq@Bc@Be@?a@?W?SAMCa@AQC]Im@Ik@Mo@Oi@Oi@Og@Qa@Q_@Wi@[i@MSCCQYWYIKc@c@g@a@OI}@g@}@i@KKKOEGIUI[CWAc@?S@WDa@Fg@Fa@UISMQO]c@GIc@k@i@u@s@}@KOk@u@k@s@EGSWu@{@MMQMCNCJk@bAILMTQRSVYZ[d@e@r@a@r@ILOTQRMPKJQNC@@J?NCPIf@IXIXERADAFGTELNXDNDVTxAf@|Cz@tFTzAFd@^jBJnA@x@GtAEZC`A?zAMpDADGTkCpB??ODQCg@YYCw@Eq@@?WBSHO`@GfBMf@GbAs@n@cAXeAVmBFUFa@D[FuAAy@KoA_@kBGe@U{A{@uFg@}CUyAEWEOOYDMFU@G@EDSHY@]?QAQESZYBAPOJKLQPSNUHM`@s@d@s@Ze@X[RWPSLUHMj@cABKBOPLLLt@z@RVDFj@r@j@t@JNr@|@h@t@b@j@FH\b@PNRLTHn@RJDd@PRLRNZ\l@t@r@kB`DlDaDmDg@rAKVm@u@[]SOSMe@QKEo@SG`@Gf@E`@AV?R@b@BVHZHTDFJNJJ|@h@|@f@NHf@`@b@b@HJVXPXBBLRZh@Vh@P^P`@Nf@Nh@Nh@Ln@Hj@Hl@B\@PB`@@L?R?V?`@Cd@Cb@Gp@CJIj@EVGTERGRUn@S^S^SX_@b@u@x@SVGFIJGNEPAN?R@NBT@F@HJt@F\ZQ	Click to Generate
S25	30	1			3	Kimberworth Library (S25)	Kimberworth Community Primary School (S25)	The Salvation Army - Rotherham (S25)	2109	1582	oiceIfwnGANAb@@d@Bh@Fl@Fl@FXF\XU@CDELS`BkDYYMMKQq@_BS]OUN_@DMNc@Vi@HQHSDSBM@QHk@t@t@NLF@FCDGXmBN}@BKBEF@TLTN\T@FO~@Mz@GDG?IEEEAE?G^eCD[@E@SAKKMUCQE]SKEC?G?ICc@YCPO`AK~@MlACRIj@APCLERIRIPWh@Ob@ELO^Sr@Ib@If@Cd@Ab@@d@Bh@Fl@Fl@FXF\Jh@\rAFRJh@DVJ|@Ft@BV@N?LCNCJk@bAILMTQRSVYZ[d@e@r@a@r@ILOTQRMPKJQNC@@J?NCPIf@IX@]?QAQESZYBAPOJKLQPSNUHM`@s@d@s@JONUX[RWPSLUHMj@cABKBO?MAOCWGu@K}@EWKi@GS]sAKi@G]GYGm@Gm@Ci@Ae@@c@@O	Click to Generate
S25	15	1			3	St Thomas (S25)	Bake N Butty (S25)	The Colin (S25)	1224	918	kjceI~roGNUX[RWPSLU}@wCGQNKV[EDQTOJFP|@vCHMj@cABKBOPLLLLNf@j@RVDFj@r@j@t@JN^oARm@Sl@_@nAKOk@u@k@s@EGSWu@{@MMQMCNCJk@bAILMTQRSVYZ[d@e@r@a@r@ILOTQRMPKJQNC@@J?NCPIf@IXIXERADAFGTGGEEAK?QDIHE??H?FBHY@]?QAQESZYBAPOJKLQPSNUHM`@s@d@s@JO	Click to Generate
S25	20	1			3	The Manor Barn (S25)	Bake N Butty (S25)	The Salvation Army - Rotherham (S25)	1712	1284	oiceI~coGDBfAj@PJKi@GS]sAKi@G]GYGm@Gm@Ci@Ae@@c@@O@UHg@Hc@Rs@NTR\p@~AJPLLXXaBjDMRGHYTJh@\rAFRJh@DVJ|@Ft@BV@N?LPLLLLNf@j@RVDFj@r@j@t@JN^oARm@Sl@_@nAKOk@u@k@s@EGSWu@{@MMQMCNCJk@bAILMTQRSVYZ[d@e@r@a@r@ILOTQRMPKJQNC@@J?NCPIf@IX@]?QAQESZYBAPOJKLQPSNUHM`@s@d@s@JONUX[RWPSLUHMj@cABKBO?MAOCWGu@K}@EWQKgAk@EC	Click to Generate
S25	30	1			3	Masjid Abu Bakr (S25)	Tinsley Meadows Primary School (S25)	Tinsley Sports and Social Club (S25)	2698	2024	cw~dIvkoG\YRp@HZ_Ax@GFq@l@q@r@UVZlBJEHEPQd@c@w@t@IDKD[mBg@j@WZ[f@u@hAm@`AINmAvDELQ`@]h@U\OX]r@EIa@s@e@gA]eA[_AtAmBq@qBM@KDCDOa@??N`@BEJELAp@pBuAlBZ~@\dAd@fA`@r@DH\s@NYT]\i@Pa@DMlAwDHOl@aAt@iAZg@V[f@k@TWp@s@p@m@FG~@y@bC{BRQd@e@X]T]N]Pc@DQFWF_@@Ib@qDLeAPyAX}BBOD_@D]Ju@MAIAG@}A|@OFM???L?NG|A}@FAH@L@Kt@E\E^CNY|BQxAMdAc@pDAHG^GVEPQb@O\U\Y\e@d@SPcCzBI[Sq@]X	Click to Generate
S25	30	1			3	Madani Education Centre (S25)	Cooling Tower in Nature's Fabric (S25)	Hanfia Masjid (S25)	2579	1934	ml_eIpwoGN`@BEJELAp@pBuAlBBHVt@\dAqEjGmBaCtFyHkAgDcCaHYkEQFKeB@Q`AYLMHQDUJk@HMDEK_@Q_C?SDGpAm@vAk@\CT@CvCA^INqDlAC@EDILKj@ETIPMLaAXAB?LJdBoFbBiFvASHIBEBBXN~@Nv@BLFPFPTv@f@bBNr@Tn@\bADJXr@Th@z@nBHRNUjAgBJOnA_B|AuB`ByBjAfDNh@tAmBq@qBM@KDCDOa@	Click to Generate
S25	45	1			3	Tinsley Meadows Primary School (S25)	Tinsley Sports and Social Club (S25)	Madani Education Centre (S25)	4026	3020	oy~dIjioG~@{@Rp@BHHXFVRp@HZ_Ax@GFq@l@q@r@UVg@j@WZ[f@u@hAm@`AINmAvDELQ`@]h@U\OX]r@EIa@s@e@gA]eA[_AtAmBq@qBM@KDCDOa@??N`@BEJELAp@pBuAlBZ~@\dAd@fA`@r@DH\s@NYT]\i@Pa@DMlAwDHOl@aAt@iAZg@V[f@k@TWp@s@p@m@FG~@y@bC{BRQd@e@X]T]N]Pc@DQFWF_@@Ib@qDLeAPyAX}BBOD_@D]Ju@MAIAG@}A|@OFM???L?NG|A}@FAH@L@Kt@E\E^CNY|BQxAMdAc@pDAHG^GVEPQb@O\U\Y\e@d@SPcCzB_Ax@GFq@l@q@r@UVg@j@WZ[f@u@hAm@`AINmAvDELQ`@]h@U\OX]r@EIa@s@e@gAqEjGmBaCtFyHNh@BHVt@\dAd@fA`@r@DH\s@NYT]\i@Pa@DMlAwDHOl@aAt@iAZg@V[f@k@TWG]Kq@G_@Oy@Ie@xAsA	Click to Generate
S25	45	1			3	St Lawrence Church (S25)	Cohens Chemist (S25)	Sheffield Hallam University Sports Park (S25)	3161	2371	am~dItpnGL?NG|A}@FAH@L@Kt@E\E^CNY|BQxAMdAc@pDAHG^GVEPQb@O\U\Y\e@d@SPcCzBI[Sq@GWIYCISq@IQAEEGCEKIOC@_@?SBODMr@}ADGFEHAH?NJLFHBFAFdABHDBB@CAECCIGeAG@ICMGOKI?I@GDEFs@|AEL?BCJ?RA^NBJHBDDF@DHPRp@BHHXFVRp@HZ_Ax@GFq@l@q@r@G]Kq@G_@Oy@Ie@v@u@`ByARp@BHHXFVRp@HZbC{BRQd@e@X]T]N]Pc@DQFWF_@@Ib@qDLeAPyAX}BBOD_@D]Ju@Fy@DeALiEFsANaBHq@R_BX}ARgAD]PkAJgA@K\NXN\RB@Jb@h@rCr@rBDRFRBT@XvA`Dk@qAk@oAAYCUGSESs@sBi@sCKc@CA]SYO]OAJKfAQjAE\SfAY|AS~AIp@O`BGrAMhEEdAGx@MAIAG@}A|@OFM?	Click to Generate
S25	60	1			3	Brutus (S25)	Freddy (S25)	Abbey School (S25)	5607	4205	gpceIfpqG??jCqBFU@ELqD?{ABaAD[FuAAy@KoA_@kBGe@U{A{@uFg@}CUyAEWEOOYDMFU@G@EDSHY@]?QAQESZYBAPOJKLQPSNUHM`@s@d@s@Ze@X[RWPSLUHMj@cABKBOPLLLt@z@RVDFj@r@j@t@JNr@|@h@t@b@j@FH\b@PNRLTHG`@Gf@E`@AV?R@b@BVHZHTDFJNJJ|@h@|@f@NHf@`@b@b@HJVXPXBBLRZh@Vh@P^P`@Nf@Nh@Nh@Ln@Hj@Hl@B\@PB`@@L?R?V?`@Cd@Cb@Gp@CJIj@EVGTERGRUn@S^S^SX_@b@u@x@SVGFIJGNEPAN?R@NBT@F@HJt@F\TbBFZFTFJl@z@PVBJF\Dd@@h@@~A@jAAZAVCZADEj@Ix@OxAKjAKbAKlAOtAE`@E`@G^KXSl@[x@g@xAM^KZQz@I\Qt@W]SUCEg@c@e@e@s@g@wBwAwDcCaD{B_Ai@y@[GCMGkCkAc@WMKCAk@e@MK{CkDoGwHWMoCs@GCwCy@i@KqCYFuA?g@?SLmCDw@N{@Jg@Zm@BC\g@NOPI`@GLCTEj@OPKLQp@iBRs@j@yAhAgCdAaCdAyBhByBhAyAr@gANi@PwAJi@Le@JYHSPUb@_@RQFKJMHULa@NXDNDVTxAf@|Cz@tFTzAFd@^jBJnA@x@GtAEZG`@GTWlBYdAo@bAcAr@g@FgBLa@FINCR?VAl@??@m@p@Av@DXBf@XPBNE	Click to Generate
S25	30	1			3	Muscle Fusion (S25)	Shirefreen News 'n' Booze (S25)	Beck Primary School (S25)	2953	2215	}}ceIx{wGNH@H@NDLHDBSLu@H}@Fg@Bi@B]g@iACEu@u@SW??OWUg@KUIOYm@aAcBh@oB\cATi@Vi@^q@x@_BdAwBR\v@~Ae@Td@Uw@_BS]eAvBy@~A_@p@Wh@Uh@]bAi@nB`AbBXl@HNJTTf@NVRVt@t@BDf@hAC\Ch@Gf@I|@Mt@DH@F@JBf@Hd@H`@DNFNb@l@x@jASfAUxAOrAKfAOjBGdAEtACl@ClAZ@??[A?JCjA?zB@dB@b@?h@Bp@[n@FFFHJB^B|@@`@Gd@K~@W?J?JANG\NvA??OwAF]@O?K?K_AVe@Ja@F}@A_@CKCGIGGQ^Qb@K`@Ib@Kf@Ed@AXCXCACCEECIE]G}@AWEo@UgDOcDCUCIIIHyBJsCDmABi@Bw@LsCBq@Bq@JsAJmAL}@Lu@Hm@DWd@iCIEEMAOAIOI	Click to Generate
S25	60	1			3	AllSaints (S25)	Jump Inc (S25)	SYPTE (S25)	5179	3884	gm_eIpgrGCj@p@fBT]T[T]T[V]T]CGQc@Qc@Qe@Qe@Qc@Qc@Qg@BUpBwCBK@A@O@MCYKOIOKMOSOOMM_@YGCMGQIGAYCWEWAO?G@E@c@FMDQHEBGBMHSNSNWTEDa@ZUR]b@Q^Wf@Qf@Of@EXGVKt@AJ@N@LDJ?@HLnBRFBBD@D?D?D?B?RAFE@QAwAOCBAF?F?DBFR@ZDZBZDP@B@@B@JMzEAZt@pB??SZ}@_C@m@NkF[E[C[ESACG?E?G@GBCvANFCBE?I?GACCCC?eBSKAGCGKIMGQAW@O@OHi@F]?E@EDQLi@DMLYJU@EHORc@PWRULMHKNMNO^YROZQFELGTGREVGDAFAH?P?`@@P@D@VDXFHDJF\TLJLNLPNPVd@NZNZVh@f@nAJRJL@BDBDFNHNDF@DBHEH?D?JEHGJINUBU?G?KEc@?IA]CGe@oAINMN}@cC\~@^bALOHOd@nABFNRJJBDB@B@F@D?JCr@aA`@g@DKPQ@IDQDKFIFGDAFAD?D@HBFFFHDLBJBJ?L?L?LCJCJEJEHGFEBGBI?GAOB_@J_@NUNURY\GJIHABSXGRITEJAHBZ@VCLCNEJGHGHGBIBIAGAIEEEEGCGEIAICKAYM_@So@EKcAyBQ_@GMSg@KOIOKMOSOOMM_@YGCMGQIGAYCWEWAO?G@E@c@FMDQHEBGBMHSNSNWTEDa@ZUR]b@Q^Wf@Qf@Of@EXGVKt@AJG~@C`A?JAvG?LAt@@P?J?^ATABEVo@~@GJKRILKNEPADEJBHFDXd@V`@FJ?\@P?X\l@HLNVNXXm@^y@gAsBuAkAGEUQk@g@GEOKO[EGCICICGA[?S?I@I@KDSXUDEVOlAi@T[@ABMDU@{@?uC@c@@g@@SBg@@O@OHi@F]?E@EDQLi@DMLYJU@EHORc@PWRULMHKNMNO^YROZQFELGTGREVGDAFAH?P?`@@P@D@VDXFHDJF\TLJLNLPNPVd@NZNZENCLGFKPEFSZ}A|BK@a@M?h@Ap@EbAC|@CbA?R	Click to Generate
S25	20	1			3	St Thomas Church Wincobank (S25)	Wincobank Post Office (S25)	Eastwoods (S25)	1593	1195	gdaeI|`tGzBDDHZvCdAdBFJLN`@l@d@j@VV^^^\^`@VVPLIk@w@oHSgBOkA_@eDO{AOuAPIDA~@]LEd@lEf@nElAtKv@dH?JADCDCDcA`@AEGOGUWuAKo@OoAQMWW_@a@_@]_@_@WWe@k@a@m@MOGKeAeB[wCEI{BE	Click to Generate
S25	20	1			3	St Thomas Church Wincobank (S25)	Wincobank Fish Bar (S25)	Eastwoods (S25)	1673	1255	wy`eIlvsGDA~@]LEd@lEf@nEcBt@OkA_@eDO{AOuAm@V}@ZwB`A]HI@OAU?a@?YDQHYTRdAXvAl@@zBDDHZvCdAdBFJLN`@l@d@j@VV^^^\^`@VVPLNnAJn@VtAFTFN@DbAa@BEBE@E?Kw@eHeBv@w@oHSgBo@qFO{AOuAPI	Click to Generate
S25	20	1			3	Zena (S25)	St Thomas (S25)	Winterhill School (S25)	1592	1194	aoceIruoGKg@KS]_@EACDK^CLGVHFDHDLd@lBDLC@@J?NCPIf@IXIXERADAFGTELNXEJMd@Kj@??Jk@Le@DKOYDMFU@G@EDSHY@]?QAQESZYBAPOJKLQPSNUHM`@s@d@s@Ze@X[RWPSLU}@wCGQNKV[EDQTOJFP|@vCMTQRSVYZ[d@e@r@a@r@ILOTQRMPKJQNC@@J?NCPIf@IXIXERADAFGTELNXDNDVTxAf@|CDCHEBCBA`@WPK??QJa@VC@CBIDEBg@}CUyAEWEOOYDMFU@G@EDSHY@]?QAQESZYBAEMe@mBEMEIIGFWBMJ_@BED@\^JRJf@	Click to Generate
S25	10	1			3	Zena (S25)	The Colin (S25)	The Salvation Army - Rotherham (S25)	982	736	mlceIthpGQJa@VC@CBIDEBg@}CUyAEWEOEJMd@Kj@??Jk@Le@DKOYDMGGEEAK?QDIHE??H?FBHY@]?QAQESZYBAPOJKLQPSNUHM`@s@d@s@Ze@X[HVLZDHb@j@c@k@EIM[IWYZOTKNe@r@a@r@ILOTQRMPKJQNC@@J?NCPIf@IXIXERADAFGTELNXDNDVTxAf@|CDCHEBCBA`@WPK	Click to Generate
S25	30	1			3	Hancock Cars (S25)	Shirefreen News 'n' Booze (S25)	Beck Primary School (S25)	2103	1577	i_deIppwGDHRVt@t@BDf@hAC\Ch@Gf@I|@Mt@CRIEEMAOAIMGGEOAI@EF_@xB^yBDGHAN@TL@H@NDLHDe@hCHCNEJAH?L?D?FCDNFNb@l@x@jASfAUxAOrAKfAOjBGdAEtACl@ClAZ@??[A?JCjA?zB@dB@b@?h@Bp@[n@FFFHJB^B|@@`@Gd@K~@W?J?JANG\NvA??OwAF]@O?K?K_AVe@Ja@F}@A_@CKCGIGGZo@Cq@?i@Ac@AeB?{BBkA?KBmABm@DuAFeANkBJgANsATyARgAy@kAc@m@GOEOIa@Ie@Cg@AKAGEILu@H}@Fg@Bi@B]g@iACEu@u@SWEI	Click to Generate
S25	60	1			3	Blackburn Minimarket (S25)	Blackburn Primary School (S25)	Shiregreen Medical Centre (S25)	8581	6436	kybeIzwuGjDcHtAiCvDcGxA{AxAeAhCwAbBy@nAo@pA_ArBoB~@iAh@cAnB}DxAoCd@y@rAuBLOX[Qw@UaAI]K[GOOa@GOKQGSCi@Ei@EYGUEMY\i@d@QLSJg@^eAf@aDzAuCpAqClAeAd@}BfAa@TCBi@^Om@w@oCOg@s@{B[cAYw@Yu@m@kAOWi@{@CCQUQUW]SUCE[bBAJKv@Kz@E~@Al@Aj@?l@Ar@?FCf@Cd@C`@Gr@Gj@Ih@Gb@En@Cn@?n@?NC~@AHARGVSb@IMOSEMAQJk@BUO`A@PDLNRHLRc@FW|@l@DMDSN_@j@eA??k@dAO^EREL}@m@@S@IB_A?O?o@Bo@Do@Fc@Hi@Fk@Fs@Ba@Be@Bg@?G@s@?m@@k@@m@D_AJ{@Jw@@KZcBBDRTV\PTPTBBh@z@NVl@jAXt@Xv@ZbAr@zBNf@v@nCNl@yC~BML}@jBaBvD{ApDy@jB}AbDmBlEa@bA}AzDoBnEUh@kCbGc@`AkBlEaBpDqAzC_BpD{AfDeAvBy@~A_@p@Wh@Uh@]bAi@nB`AbBXl@HNJTTf@NVRVt@t@BDf@hAC\Ch@Gf@I|@Mt@DH@F@JBf@Hd@H`@DNFNb@l@x@jAT^R^RVRNPHRHPBT?d@Cl@IpA_@@?bBi@XKXK`@ONGx@Ul@M\GLAd@E`@@XFPHvAn@rAp@h@VPHPLNLJJBm@@s@DsAFeA?IBo@VL@?zBfArFpCs@dGCV}A{@IECAaAi@kB_A]QQGMCQCKKOMQMQIi@WsAq@wAo@QIYGa@Ae@DM@]Fm@Ly@TOFa@NYJYJcBh@A?qA^m@He@BU?QCSIQISOSWS_@U_@y@kAc@m@GOEOIa@Ie@Cg@AKAGEILu@H}@Fg@Bi@B]@KDa@B_@Fc@@MLi@H_@Vw@^{@l@oAt@mAt@gA`CyC~@qAn@_Ar@iAjAwBj@uAbAcDx@kCr@kBz@gBhCeGj@kA	Click to Generate
S25	60	1			3	Freddy (S25)	Suzy (S25)	Two Dinners Ignatiu (S25)	4847	3635	mkceIp}rGKy@Mg@I]C]@g@GCMGkCkAc@WMKCAk@e@MKyAcBaAgAoGwHWMoCs@GCwCy@i@KqCYFuA?g@?SLmCDw@N{@Jg@Zm@BC\g@NOPI`@GLCTEj@OPKLQp@iBRs@j@yAhAgCdAaCdAyBhByBhAyAr@gANi@PwAJi@Le@JYHSPUb@_@RQFKJMHULa@NXDNDVTxAf@|Cz@tFTzAFd@^jBJnA@x@GtAEZC`A?zAMpDIZkCpB??ODQCg@YYCw@Eq@@?WBSHO`@GfBMf@GbAs@n@cAXeAVmBFUFa@D[FuAAy@KoA_@kBGe@U{A{@uFg@}CUyAEWEOOYM`@ITKLGJSPc@^QTIRKXMd@Kh@QvAOh@s@fAiAxAiBxBeAxBeA`CiAfCk@xASr@q@hBMPQJk@NUDMBa@FQHON]f@CB[l@Kf@Oz@Ev@MlC?R?f@GtApCXh@JvCx@FBnCr@VLnGvHzCjDLJj@d@PLb@VjCjALFFBAf@B\H\Lf@Jx@	Click to Generate
S25	45	1			3	American Golf (S25)	Madani Education Centre (S25)	Air Haus (S25)	4186	3140	uo_eIpxpGoAmB?EHs@VENBd@Fh@NN@VCDA\OVe@Ra@d@k@ZWNE^CP@R@ZR\ZVl@Jh@Ff@@H@fAAVC^@dAFl@Jh@Vd@X\CVK\EJIDG@[Hk@Xk@ZEY`@UQJOHDXj@[j@YZIFAHEDKJ]_@_@S]OYKISGSAU@_@b@WPWJ[BG?QEQGa@[SUOa@Mg@Go@Cg@Mi@KYKSYUi@Mc@GMKMMUIOIWSIISYKMa@k@Ye@a@y@EGa@{@m@mANUjAgBJOnA_B|AuB`ByBjAfDNh@BHVt@\dAd@fA`@r@DHI`@E\CV?V@H@RFRLZBFV\P@R@ZR\ZVl@Jh@Ff@@H@fAAVC^Ot@Un@c@h@_@b@Oh@EPCPAT?TBd@Lh@R^NTHFz@v@XXl@l@d@f@f@d@`@d@JLPPJLf@j@`@d@FFT\HBFFFHDLBJBJ?L?L?LCJCJEJEHGFEBGBI?GAOB_@J_@NUNURY\GJIHABSXGRITEJAHBZ@VCLCNEJGHGHGBIBIAGAIEEEEGCGEIAICKAY@O@QBMFMDKHGHEH?D?JEHGJINUBU?G?KEc@?IA]CGe@oAo@{AMYGKIGK?K@KJyAyD~@`CXv@JKJAJ?HFFJLXn@zAd@nABFNRJJBDB@B@F@D?JCr@aA`@g@DKPQ@IM}@GYM[GKQWQSUWaB_Bg@g@oAkA]]KMk@y@MSM]K]I[G[EMUk@a@[SUOa@Mg@Go@Cg@Mi@KYKSYUi@Mc@GMKMMIr@?DnAlB	Click to Generate
S25	15	1			3	The Colin (S25)	Winterhill School (S25)	The Salvation Army - Rotherham (S25)	1060	795	crceIfdpGJk@Le@DKOYDMGGEEAK?QDIHE??H?FBERADAFGTELNXDNDVTxAf@|CDCHEBCBA`@WPK??QJa@VC@CBIDEBg@}CUyAEWEOOYDMFU@G@EDSHY@]?QAQESZYBAPOJKLQPSNUHM`@s@d@s@Ze@X[HVLZDHb@j@c@k@EIM[IWYZOTKNe@r@a@r@ILOTQRMPKJQNC@@J?NCPIf@IXIXERADAFGTELNXEJMd@Kj@	Click to Generate
S25	45	1			3	Two Dinners Ignatiu (S25)	Stan (S25)	Brutus (S25)	3133	2350	wvceItpqG@m@p@Av@DXBf@XPBNE??jCqBH[LqD?{ABaAD[FuAAy@KoA_@kBGe@U{A{@uFg@}CUyAEWEOOYM`@ITKLGJSPc@^QTIRKXMd@Kh@QvAOh@s@fAiAxAiBxBeAxBeA`CiAfCk@xASr@q@hBMP??QJk@NUDMBa@FQHKi@GSMKOGiCc@KOCM?WFW~@qBRVpH~ARHRs@j@yAhAgCdAaCdAyBhByBhAyAr@gANi@PwAJi@Le@JYHSPUb@_@RQFKJMHULa@NXDNDVTxAf@|Cz@tFTzAFd@^jBJnA@x@GtAEZC`A?zAMpDADGTkCpBODQCg@YYCw@Eq@@Al@	Click to Generate
S25	45	1			3	Shirefreen News 'n' Booze (S25)	Beck Primary School (S25)	Shiregreen Medical Centre (S25)	3382	2536	{}ceIjvwG`@sABGf@hAC\Ch@Gf@I|@Mt@DH@F@JBf@Hd@H`@DNFNb@l@x@jASfAUxAOrAKfAOjBGdAEtACl@ClAZ@??[A?JCjA?zB@dB@b@?h@Bp@[n@FFFHJB^B|@@`@Gd@K~@W?J?JANG\NvA??OwAF]@O?K?K^MvA_@Cg@E_AAw@Ac@@e@?W?WFCAe@?G?YAS?M@g@?SBi@D}ABe@Bi@Hk@N{@R}@Tu@Vi@JSd@y@P[HU@QAQXKXK`@ONGx@Ul@M\GLAd@E`@@XFPHvAn@rAp@h@VPHPLNLJJBm@@s@DsAFeA?IBo@VL@?zBfArFpCs@dGCV}A{@IECAaAi@kB_A]QQGMCQCKKOMQMQIi@WsAq@wAo@QIYGa@Ae@DM@]Fm@Ly@TOFa@NYJYJcBh@A?qA^m@He@BU?QCSIQISOSWS_@U_@y@kAc@m@GOEOIa@Ie@Cg@AKAGEILu@H}@Fg@Bi@B]g@iACFa@rA	Click to Generate
S25	60	1			3	American Golf (S25)	Sainsbury's (S25)	M&C Tailoring (S25)	4846	3634	oe_eIxoqGXv@JKJAJ?HFFJLXn@zAd@nABFNRJJBDB@B@F@D?JCr@aA`@g@DKPQ@IM}@GYM[GKQWQSUWaB_Bg@g@oAkA]]KMk@y@MSM]K]I[G[EMUk@a@[SUOa@Mg@Go@Cg@?_@@]@UBQDSJa@Ve@Ra@d@k@ZWNE^CP@R@ZR\ZVl@Jh@Ff@@H@fAAVC^@dAFl@Jh@Vd@X\CVK\EJIDG@[Hk@Xk@ZEY`@UQJOHDXj@[j@YZIFAHEDKJ]_@_@S]OYKISGSAU@_@b@Oh@EPCPAT?TBd@Lh@R^NTHFz@v@XXl@l@d@f@f@d@`@d@JLPPJLf@j@`@d@FFT\HBFFFHDLBJBJ?L?L?LCJCJEJEHGFEBGBI?GAOB_@J_@NUNURY\GJIHABSXGRITEJAHBZ@VCLCNEJGHGHGBIBIAGAIEEEEGCGEIAICKAY@O@QBMFMDKHGHEH?D?JEHGJINUBU?G?KEc@?IA]CGl@{@Rb@??@An@eA@O?K?EEMaArAm@z@BFNRJJBDB@B@F@D?JCr@aA`@g@DKPQ@IM}@GYM[GKQWQSUWaB_Bg@g@oAkA]]KMk@y@MSM]K]I[G[EMUk@a@[SUOa@Mg@Go@Cg@Mi@KYKSYUi@Mc@GMKMMIr@?DvBdDAAuBcD?EHs@VENBd@Fh@NN@VCDA\OVe@Ra@d@k@ZWNE^CP@R@ZR\ZVl@Jh@Ff@@H@fAAVC^Ot@Un@c@h@_@b@Oh@EPCPAT?TBd@Lh@R^NTHFz@v@XXl@l@d@f@f@d@`@d@JLPPJLf@j@`@d@FFT\HBFFFHDLBJBJ?L?L?LCJCJEJEHGFEBGBI?GAOB_@J_@NUNURY\GJIHABSXGRITEJAHBZ@VCLCNEJGHGHGBIBIAGAIEEEEGCGEIAICKAY@O@QBMFMDKHGHEH?D?JEHGJINUBU?G?KEc@?IA]CGe@oAo@{AMYGKIGK?K@KJYw@	Click to Generate
S25	60	1			3	White Stuff (S25)	SYPTE (S25)	Jump Inc (S25)	5179	3884	_u_eIlqrG??SZ}@_C@m@NkF[E[C[ESACG?E?G@GBCvANFCBE?I?GACCCC?eBSKAGCGKIMGQAW@O@OHi@F]?E@EDQLi@DMLYJU@EHORc@PWRULMHKNMNO^YROZQFELGTGREVGDAFAH?P?`@@P@D@VDXFHDJF\TLJLNLPNPVd@NZNZENCLGFKPEFSZ}A|BK@a@M?h@Ap@EbAC|@CbA?RCj@p@fBT]T[T]T[V]T]CGQc@Qc@Qe@Qe@Qc@Qc@Qg@BUpBwCBK@A@O@MCYKOIOKMOSOOMM_@YGCMGQIGAYCWEWAO?G@E@c@FMDQHEBGBMHSNSNWTEDa@ZUR]b@Q^Wf@Qf@Of@EXGVKt@AJG~@C`A?JAvG?LAt@@P?J?^ATABEVo@~@GJKRILKNEPADEJBHFDXd@V`@FJ?\@P?X\l@HLNVNXXm@^y@gAsBuAkAGEUQk@g@GEOKO[EGCICICGA[?S?I@I@KDSXUDEVOlAi@T[@ABMDU@{@?uC@c@@g@@SBg@@O@OHi@F]?E@EDQLi@DMLYJU@EHORc@PWRULMHKNMNO^YROZQFELGTGREVGDAFAH?P?`@@P@D@VDXFHDJF\TLJLNLPNPVd@NZNZVh@f@nAJRJL@BDBDFNHNDF@DBHEH?D?JEHGJINUBU?G?KEc@?IA]CGe@oAINMN}@cC\~@^bALOHOd@nABFNRJJBDB@B@F@D?JCr@aA`@g@DKPQ@IDQDKFIFGDAFAD?D@HBFFFHDLBJBJ?L?L?LCJCJEJEHGFEBGBI?GAOB_@J_@NUNURY\GJIHABSXGRITEJAHBZ@VCLCNEJGHGHGBIBIAGAIEEEEGCGEIAICKAYM_@So@EKcAyBQ_@GMSg@KOIOKMOSOOMM_@YGCMGQIGAYCWEWAO?G@E@c@FMDQHEBGBMHSNSNWTEDa@ZUR]b@Q^Wf@Qf@Of@EXGVKt@AJ@N@LDJ?@HLnBRFBBD@D?D?D?B?RAFE@QAwAOCBAF?F?DBFR@ZDZBZDP@B@@B@JMzEAZt@pB	Click to Generate
S25	60	1			3	Air Haus (S25)	M&C Tailoring (S25)	Sainsbury's (S25)	4937	3703	yd_eIzbqGOHDXj@[j@YZIFAHEDKJ]_@_@S]OYKISGSAU@_@b@Oh@EPCPAT?TBd@Lh@R^NTHFz@v@XXl@l@d@f@f@d@`@d@JLPPJLf@j@`@d@FFT\HBFFFHDLBJBJ?L?L?LCJCJEJEHGFEBGBI?GAOB_@J_@NUNURY\GJIHABSXGRITEJAHBZ@VCLCNEJGHGHGBIBIAGAIEEEEGCGEIAICKAY@O@QBMFMDKHGHEH?D?JEHGJINUBU?G?KEc@?IA]CGe@oAo@{AMYGKIGK?K@KJyAyD~@`CXv@JKJAJ?HFFJLXn@zAd@nABFNRJJBDB@B@F@D?JCr@aA`@g@DKPQ@IM}@GYM[GKQWQSUWaB_Bg@g@oAkA]]KMk@y@MSM]K]I[G[EMUk@a@[SUOa@Mg@Go@Cg@Mi@KYKSYUi@Mc@GMKMMIr@?DvBdDAAuBcD?EHs@VENBd@Fh@NN@VCDA\OVe@Ra@d@k@ZWNE^CP@R@ZR\ZVl@Jh@Ff@@H@fAAVC^Ot@Un@c@h@_@b@Oh@EPCPAT?TBd@Lh@R^NTHFz@v@XXl@l@d@f@f@d@`@d@JLPPJLf@j@`@d@FFT\HBFFFHDLBJBJ?L?L?LCJCJEJEHGFEBGBI?GAOB_@J_@NUNURY\GJIHABSXGRITEJAHBZ@VCLCNEJGHGHGBIBIAGAIEEEEGCGEIAICKAY@O@QBMFMDKHGHEH?D?JEHGJINUBU?G?KEc@?IA]CGl@{@Rb@??@An@eA@O?K?EEMaArAm@z@BFNRJJBDB@B@F@D?JCr@aA`@g@DKPQ@IM}@GYM[GKQWQSUWaB_Bg@g@oAkA]]KMk@y@MSM]K]I[G[EMUk@a@[SUOa@Mg@Go@Cg@?_@@]@UBQDSJa@Ve@Ra@d@k@ZWNE^CP@R@ZR\ZVl@Jh@Ff@@H@fAAVC^@dAFl@Jh@Vd@X\CVK\EJIDG@[Hk@Xk@ZEYNI	Click to Generate
S25	15	1			3	St Thomas (S25)	The Salvation Army - Rotherham (S25)	Meadow View Primary School (S25)	1142	856	adceIhmoGMOMMQMCNCJk@bAIL}@wCGQNKV[EDQTOJFP|@vCMTQRSVYZ[d@e@r@a@r@ILOTQRMPKJQNC@@J?NCPIf@IX@]?QAQESZYBAPOJKLQPSNUHM`@s@d@s@JONUX[RWPSLUHMj@cABKBOPLLLt@z@RVDFj@r@j@t@JN^oARm@??Sl@_@nAKOk@u@k@s@EGSWg@k@	Click to Generate
S25	45	1			3	The Cruise Holiday Shop (S25)	Mint Nail (S25)	Jump Inc (S25)	3326	2494	gm_eIrgrGCh@p@fB??T]T[T]T[V]T]CGQc@Qc@Qe@Qe@Qc@Qc@Qg@BUpBwCBK@A@O@MCYKOIOKMOSOOMM_@YGCMGQIGAYCWEWAO?G@E@c@FMDQHEBGBMHSNSNWTEDa@ZUR]b@Q^Wf@Qf@Of@EXGVKt@AJ@N@LDJ?@HLnBRFBBD@D?D?D?B?RAFE@QAwAOCBAF?F?DBFR@ZDZBZDP@B@@B@JMzEAZt@pB??SZ}@_C@m@NkF[E[C[ESACG?E?G@GBCvANFCBE?I?GACCCC?eBSKAGCGKIMGQAW@O@OHi@F]?E@EDQLi@DMLYJU@EHORc@PWRULMHKNMNO^YROZQFELGTGREVGDAFAH?P?`@@P@D@VDXFHDJF\TLJLNLPNPVd@NZNZVh@f@nAJRJL@BDBDFNHNDF@DBHEH?D?JEHGJINUBU?G?KEc@?IA]CGe@oAINMN}@cC\~@^bALOHOd@nABFNRJJBDB@B@F@D?JCr@aA`@g@DKPQ@IDQDKFIFGDAFAD?D@HBFFFHDLBJBJ?L?L?LCJCJEJEHGFEBGBI?GAOB_@J_@NUNURY\GJIHABSXGRITEJAHBZ@VCLCNEJGHGHGBIBIAGAIEEEEGCGEIAICKAYM_@So@EKcAyBQ_@GFKPEFSZ}A|BK@a@M?h@Ap@EbAC|@CbA?T	Click to Generate
S25	45	1			3	Shirefreen News 'n' Booze (S25)	Hartley Brook Road Post Office (S25)	Volksgear (S25)	3970	2978	ctceI~oyGOwAF]@O?K?K_AVe@Ja@F}@A_@CKCGIGGZo@Cq@?i@Ac@AeB?{BBkA?KZ@??[A?JCjA?zB@dB@b@?h@Bp@[n@Q^Qb@K`@Ib@Kf@Ed@AXCXAl@@n@@d@D`@F^DRLh@Rj@Rj@Th@RZDF\f@Z\`@\b@NZL`AR`AFn@@rBA^AT?bAAXAT?d@@r@Fv@Jv@Pr@Pp@TT}ADW@EBADAbAj@@OTwBZmDLuAHw@H}@Fg@LaBHeADs@Ba@Be@?m@?M?oCAcA?W?yB?S?s@?gC?aD@iD?S?u@C[KKOMQMQIi@WsAq@wAo@QIYGa@Ae@DM@]Fm@Ly@TOFa@NYJYJcBh@A?qA^m@He@BU?QCSIQISOSWS_@U_@y@kAc@m@GOEOIa@Ie@Cg@AKAGEICRIEEMAOAIOIECOAI@EF_@xB^yBDGHAN@TL@H@NDLHDe@hCEVIl@Mt@M|@KlAKrACp@Cp@MrCCv@Ch@ElAKrCIxBHHBHBTNbDTfDDn@@VF|@D\BHDDBBB@BY@YDe@Jg@Hc@Ja@Pc@P_@FFFHJB^B|@@`@Gd@K~@W?J?JANG\NvA	Click to Generate
S25	45	1			3	Beck Primary School (S25)	Shiregreen Medical Centre (S25)	Shirefreen News 'n' Booze (S25)	4141	3106	i|beIrgzG??KJGNEPOGOIq@Us@Qw@Qw@Ks@Ge@ACSGQKSe@cA]{@_@cAWy@Qq@Me@SaAUkAQmAEYMiAKcAGaAEu@wA^_@L?J?JANG\NvA??OwAF]@O?K?K^MvA_@Cg@E_AAw@Ac@@e@?W?WFCAe@?G?YAS?M@g@?SBi@D}ABe@Bi@Hk@N{@R}@Tu@Vi@JSd@y@P[HU@QAQXKXK`@ONGx@Ul@M\GLAd@E`@@XFPHvAn@rAp@h@VPHPLNLJJBm@@s@DsAFeA?IBo@VL@?zBfArFpCs@dGCV}A{@IECAaAi@kB_A]QQGMCQCKKOMQMQIi@WsAq@wAo@QIYGa@Ae@DM@]Fm@Ly@TOFa@NYJYJcBh@A?qA^m@He@BU?QCSIQISOSWS_@U_@SfAUxAOrAKfAOjBGdAEtACl@ClAZ@??[A?JCjA?zB@dB@b@?h@Bp@[n@Q^Qb@K`@Ib@Kf@Ed@AXCXAl@@n@@d@D`@F^DRLh@Rj@Rj@Th@RZDF\f@Z\`@\b@NZL`AR`AFn@@rBA^AT?bAAXAT?d@@r@Fv@Jv@Pr@Pp@TNHNFDQFOJK??	Click to Generate
S25	60	1			3	Sci-Tek Snack Shack (S25)	Kelford School (S25)	South Street Convenience Store (S25)	12335	9251	}paeIxxlGWFSDWJMZUHQ?[@_@AMCkAa@m@MCOAOAe@OsGAYCSOs@EKEGGCEAQHOL]d@KLKDIBC?SBGHIl@C^EVeAjBMRu@pA[j@U`@aA~AYd@u@nAQX_@h@k@h@MLOPILWe@ESCO?CA]?QBcE?Y@yA@wB?W@[?G?_A@eBBkB?K?c@B}B@qA?yA@wABiA?S@kA@g@?EAq@AoAC{@GoA?]Ba@Jy@f@sELcAv@eHRiBDg@?}@?g@?wA?O?_BAaACo@Ce@E_@Iy@Gg@E]EWEm@CUAa@EmAGm@AQAo@?S?k@?g@NBr@DbADL@xAJnB?pBBd@AtAWdI}CtAi@PQHOBQBOHOHKJGLCJ@JDJJHLDRDR@VF^N|@VdAFVPx@b@~@Xr@RRJHVNH@DBHPBNAT?@?V@RJn@Nl@Nr@B\FPDRb@|AJr@b@nCZpBBTr@zE^dCf@|CP~@Pl@Vv@Xp@\h@^d@TVjAdAp@h@XHD@TFHAD?JFDFDR@N?JETILGDE@EAKHC@KLEDIRoApBcAzAuAjB\xAR~@@~@A`B@z@Dp@Jr@Lp@X|@Lb@DLVpARdALhAHfADbA@t@@V?`ACt@MfA?HAn@BfA@z@RvL@|@ZxQ[yQ?EAw@SwLA{@CgA@o@?ILgABu@?aAAWAu@EcAIgAMiASeAWqAEMMc@Y}@Mq@Ks@Eq@A{@@aBA_AS_A]yAtAkBbA{AnAqBHS@KBU?C@]AOK_@ACQc@q@i@kAeAUW_@e@]i@Yq@Ww@Qm@Q_Ag@}C_@eCs@{ECU[qBc@oCKs@c@}AESGQIUK[IUYcAKSU[CCGMCOCk@GWMg@Ys@c@_A[i@]m@UUw@g@KCIEc@S]Ea@?e@LeIdDeBd@uAV_@BK@qAF}AAaBKWJMJIJEFCFGPKd@?FDlA@`@BTDl@DVD\Ff@Hx@D^Bd@Bn@@`A?~A?N?vA?f@?|@Ef@ShBw@dHMbAg@rEKx@C`@?\FnABz@@nA@p@?DAf@AjA?RChAAvA?xAApAC|B?b@?JCjBAdB?~@?FAZ?VAvBAxA?XCbE?P@\?BBNDRVd@MZQp@b@b@bA`A\^j@x@FHnA`C`@t@l@nAf@vAN`@Pf@HTXx@`@nAZ~@BLPj@^|A?DHl@BNDVFp@HtAFtADtAFxBB`@eAHECqByBGNEDIBGAEIEHK\_@vAAH?JDVDNB@@B@D?@@BAD?DCBA@C@CACCAC?EAE@E@CBC@AB?EOEW?K@I^wAJ]DIAI?KFWGI[]]_@s@w@k@k@uB|Mg@|C?T?D@HDHlE|Cx@l@B@b@\PLxAdAJJJPb@z@h@jAdBnD^v@FLXl@FFH@F?FCFCE[Kw@Ea@SyAk@mEOmAOeASeBCUKeAIsAAQAUCWAm@Cc@Ak@GqBCa@GyBEuAGuAIuAGq@EWCOIm@?E_@}AQk@CM[_Aa@oAYy@IUQg@Oa@g@wAm@oAa@u@oAaCGIk@y@]_@cAaAc@c@Pq@L[HMNQLMj@i@^i@PYt@oAXe@`A_BTa@Zk@t@qALSdAkBDWB_@Hm@FIRCB?HCJEJM\e@NMPID@FBDFDJNr@BR@XNrG@d@@NBNl@LjA`@LB^@ZAP?TIL[VKREVG	Click to Generate
S25	30	1			3	Blackburn Primary School (S25)	Blackburn Youth Club (S25)	Csk Motors (S25)	2427	1820	y{beIlftGKj@@PDLNRHLRc@FW|@l@DMDSN_@j@eA??k@dAO^EREL}@m@@S@IB_A?O?o@Bo@Do@Fc@Hi@Fk@Fs@Ba@Be@Bg@XAJ???K?Y@?G@s@?m@@k@@m@D_AJ{@Jw@@KZcBBDRTV\PTPTBBh@z@NVl@jAXt@Xv@ZbAr@zBNf@v@nCNl@h@_@BC`@U|BgAdAe@pCmAKQYMw@_@ECGIFHDBv@^XLJP}BbASHeAd@}BfAa@TCBi@^Om@w@oCOg@s@{B[cAYw@Yu@m@kAOWi@{@CCQUQUW]SUCE[bBAJKv@Kz@E~@Al@Aj@?l@Ar@?FCf@Cd@C`@Gr@Gj@Ih@Gb@En@Cn@?n@?NC~@AHARGVSb@IMOSEMAQJk@	Click to Generate
S25	30	1			3	Blackburn Youth Club (S25)	Blackburn Minimarket (S25)	Csk Motors (S25)	2810	2108	avbeIdetGk@dAO^EREL}@m@@S@IB_A?O?o@Bo@Do@Fc@Hi@Fk@Fs@Ba@Be@Bg@XAJ???K?Y@Cf@Cd@C`@Gr@Gj@Ih@Gb@En@Cn@?n@?NC~@AHARGVSb@IMOSEMAQJk@BUO`A@PDLNRHLRc@FW@S@IB_A?O?o@Bo@Do@Fc@Hi@Fk@Fs@Ba@Be@Bg@?G@s@?m@@k@@m@D_AJ{@Jw@@KZcBBDRTV\PTPTBBh@z@NVl@jAXt@Xv@ZbAr@zBNf@v@nCNl@h@_@BC`@U|BgAdAe@pCmAKQYMw@_@ECGIFHDBv@^XLJP}BbASHeAd@}BfAa@TCBi@^Om@w@oCOg@s@{B[cAYw@Yu@m@kAOWi@{@CCQUQUW]SUCE[bBAJKv@Kz@E~@Al@Aj@?l@Ar@?FCf@Cd@C`@Gr@Gj@Ih@Gb@En@Cn@?n@?NC~@AHAR|@l@DMDSN_@j@eA	Click to Generate
S25	30	1			3	Blackburn Primary School (S25)	Blackburn Minimarket (S25)	Csk Motors (S25)	2441	1831	awbeI`wsGK?Y@Cf@Cd@C`@Gr@Gj@Ih@Gb@En@Cn@?n@?NC~@AHAR|@l@DMDSN_@j@eA??k@dAO^EREL}@m@GVSb@IMOSEMAQJk@BUO`A@PDLNRHLRc@FW@S@IB_A?O?o@Bo@Do@Fc@Hi@Fk@Fs@Ba@Be@Bg@?G@s@?m@@k@@m@D_AJ{@Jw@@KZcBBDRTV\PTPTBBh@z@NVl@jAXt@Xv@ZbAr@zBNf@v@nCNl@h@_@BC`@U|BgAdAe@pCmAKQYMw@_@ECGIFHDBv@^XLJP}BbASHeAd@}BfAa@TCBi@^Om@w@oCOg@s@{B[cAYw@Yu@m@kAOWi@{@CCQUQUW]SUCE[bBAJKv@Kz@E~@Al@Aj@?l@Ar@?FXAJ?	Click to Generate
S25	60	1			3	Two Dinners Ignatiu (S25)	Abbey School (S25)	Freddy (S25)	5607	4205	skceI~kqGGTkCpB??ODQCg@YYCw@Eq@@Al@??@m@?WBSHO`@GfBMf@GbAs@n@cAXeAVmBFUFa@D[FuAAy@KoA_@kBGe@U{A{@uFg@}CUyAEWEOOYDMFU@G@EDSHY@]?QAQESZYBAPOJKLQPSNUHM`@s@d@s@Ze@X[RWPSLUHMj@cABKBOPLLLt@z@RVDFj@r@j@t@JNr@|@h@t@b@j@FH\b@PNRLTHG`@Gf@E`@AV?R@b@BVHZHTDFJNJJ|@h@|@f@NHf@`@b@b@HJVXPXBBLRZh@Vh@P^P`@Nf@Nh@Nh@Ln@Hj@Hl@B\@PB`@@L?R?V?`@Cd@Cb@Gp@CJIj@EVGTERGRUn@S^S^SX_@b@u@x@SVGFIJGNEPAN?R@NBT@F@HJt@F\TbBFZFTFJl@z@PVBJF\Dd@@h@@~A@jAAZAVCZADEj@Ix@OxAKjAKbAKlAOtAE`@E`@G^KXSl@[x@g@xAM^KZQz@I\Qt@W]SUCEg@c@e@e@s@g@wBwAwDcCaD{B_Ai@y@[GCMGkCkAc@WMKCAk@e@MK{CkDoGwHWMoCs@GCwCy@i@KqCYFuA?g@?SLmCDw@N{@Jg@Zm@BC\g@NOPI`@GLCTEj@OPKLQp@iBRs@j@yAhAgCdAaCdAyBhByBhAyAr@gANi@PwAJi@Le@JYHSPUb@_@RQFKJMHULa@NXDNDVTxAf@|Cz@tFTzAFd@^jBJnA@x@GtAEZC`A?zAMpDAD	Click to Generate
S25	45	1			3	AllSaints (S25)	SYPTE (S25)	Jump Inc (S25)	3597	2698	ev_eInfrGMnEAZt@pB??SZ}@_C@m@NkF[E[C[ESACG?E?G@GBCvANFCBE?I?GACCCC?eBSIDA@EDGNEP?JAvG?LAt@@P?J?^ATABEVo@~@GJKRILKNEPADEJBHFDXd@V`@FJ?\@P?X\l@HLNVNXXm@^y@gAsBuAkAGEUQk@g@GEOKO[EGCICICGA[?S?I@I@KDSXUDEVOlAi@T[@ABMDU@{@?uC@c@@g@@SBg@@O@OHi@F]?E@EDQLi@DMLYJU@EHORc@PWRULMHKNMNO^YROZQFELGTGREVGDAFAH?P?`@@P@D@VDXFHDJF\TLJLNLPNPVd@NZNZVh@f@nAJRJL@BDBDFNHNDF@DBHEH?D?JEHGJINUBU?G?KEc@?IA]CGe@oAINMN}@cC\~@^bALOHOd@nABFNRJJBDB@B@F@D?JCr@aA`@g@DKPQ@IDQDKFIFGDAFAD?D@HBFFFHDLBJBJ?L?L?LCJCJEJEHGFEBGBI?GAOB_@J_@NUNURY\GJIHABSXGRITEJAHBZ@VCLCNEJGHGHGBIBIAGAIEEEEGCGEIAICKAYM_@So@EKcAyBQ_@GMSg@KOIOKMOSOOMM_@YGCMGQIGAYCWEWAO?G@E@c@FMDQHEBGBMHSNSNWTEDa@ZUR]b@Q^Wf@Qf@Of@EXGVKt@AJ@N@LDJ?@HLnBRFBBD@D?D?D?B?RAFE@QAwAOCBAF?F?DBFR@ZDZBZDP@B@@B@J?J	Click to Generate
S25	20	1			3	St Lawrence Church (S25)	Tinsley Meadows Primary School (S25)	Madani Education Centre (S25)	1903	1427	qz~dIhjoG`ByAIQAEEGCEKIOC@_@?SBODMr@}ADGFEHAH?NJLFHBFAFdABHDBB@CAECCIGeAG@ICMGOKI?I@GDEFs@|AEL?BCJ?RA^NBJHBDDF@DHPRp@BHHXFVRp@HZ_Ax@GFq@l@q@r@UVg@j@WZ[f@u@hAm@`AINmAvDELQ`@]h@U\OX]r@EIa@s@e@gA]eA[_AtAmBq@qBM@KDCDOa@??N`@BEJELAp@pBuAlBBHVt@\dAd@fA`@r@DH\s@NYT]\i@Pa@DMlAwDHOl@aAt@iAZg@V[f@k@TWG]Kq@G_@Oy@Ie@v@u@	Click to Generate
S25	30	1			3	Tinsley Meadows Primary School (S25)	Hanfia Masjid (S25)	Madani Education Centre (S25)	2239	1679	{t_eIxeoG?LJdBPGXjEbC`HjAfDNh@tAmBq@qBM@KDCDOa@??N`@BEJELAp@pBuAlBOi@kAgDcCaH{Bl@cCn@yBp@GBi@Ng@JIFGDKNTv@f@bBNr@Tn@\bADJXr@Th@z@nBHRl@lA`@z@DF`@x@Xd@`@j@JLRXHHVRNHTHVENBd@Fh@NN@VCDA\OVe@Ra@NeAHoAHy@No@L[LUEIa@s@e@gA]eAWu@CIOi@kAgDcCaHYkEQFKeB?M	Click to Generate
S25	30	1			3	Suzy (S25)	Freddy (S25)	Morris (S25)	2863	2147	a_deIxfrG~CtD`AfAxAbBLJj@d@B@LJb@VjCjALFFBx@Z~@h@`DzBvDbCvBvAr@f@d@d@f@b@[bBAJKv@Kz@E~@Al@Aj@?l@IEECIQCSDYFGBALE@m@D_AJ{@Jw@@KZcBg@c@e@e@s@g@wBwAwDcCaD{B_Ai@y@[GCMGkCkAc@WQMk@e@MK{CkDoGwHWMoCs@GCwCy@i@KqCYFuA?g@?SnAPoAQ?R?f@GtApCXh@J??vCx@FBnCr@VLnB`C	Click to Generate
S25	30	1			3	Blackburn Primary School (S25)	Blackburn Youth Club (S25)	Blackburn Minimarket (S25)	2532	1899	a`beIf{sGSHeAd@}BfAa@TCBi@^Om@w@oCOg@s@{B[cAYw@Yu@m@kAOWi@{@CCQUQUW]SUCE[bBAJKv@Kz@E~@Al@Aj@?l@Ar@?FCf@Cd@C`@Gr@Gj@Ih@Gb@En@Cn@?n@?NC~@AHAR|@l@DMDSN_@j@eA??k@dAO^EREL}@m@@S@IB_A?O?o@Bo@Do@Fc@Hi@Fk@Fs@Ba@Be@Bg@XAJ???K?Y@Cf@Cd@C`@Gr@Gj@Ih@Gb@En@Cn@?n@?NC~@AHARGVSb@IMOSEMAQJk@BUO`A@PDLNRHLRc@FW@S@IB_A?O?o@Bo@Do@Fc@Hi@Fk@Fs@Ba@Be@Bg@?G@s@?m@@k@@m@D_AJ{@Jw@@KZcBBDRTV\PTPTBBh@z@NVl@jAXt@Xv@ZbAr@zBNf@v@nCNl@h@_@BC`@U|BgAdAe@RI	Click to Generate
S25	30	1			3	Meadow View Primary School (S25)	South Street Convenience Store (S25)	Bake N Butty (S25)	2618	1964	wpbeIj_pGKVm@u@[]SOSMe@QKEo@SUISMQO]c@GIc@k@i@u@s@}@^oARm@??Sl@_@nAr@|@h@t@b@j@FH\b@PNRLTHn@RJDd@PRLRNZ\l@t@r@kBv@sBBIt@uBTm@Ne@Le@XwADSn@aDx@l@B@b@\PLxAdA{AlFWYiA|CGHIEaCoCu@tBCHw@rBs@jBm@u@[]SOSMe@QKEo@SUISMQO]c@GIc@k@i@u@s@}@KOk@u@k@s@EGSWg@k@MOMMQM?MAOCWGu@K}@XOLONUFGRYSXGFOTMNYNJ|@Ft@BV@N?LPLLLt@z@RVDFj@r@j@t@JNr@|@h@t@b@j@FH\b@PNRLTHn@RJDd@PRLRNZ\l@t@JW	Click to Generate
S25	20	1			3	St Thomas Church Wincobank (S25)	Fife Street Stores (S25)	Wincobank Post Office (S25)	1773	1330	_s`eIzytGGOGUWuAKo@OoAIk@w@oHSgBOkA_@eDO{AOuAm@V}@ZwB`A@LHRL\DPBR?X?f@Al@DHZvCdAdBkAz@[TOX_@t@GWs@gEAEKo@Qu@]eBYwASeAXUPIXE`@?T?N@HA\IvBaA|@[l@WPIDA~@]LEd@lEf@nElAtKv@dH?JADCDCDcA`@AE	Click to Generate
S25	60	1			3	Phase Eight (S25)	SYPTE (S25)	Jump Inc (S25)	5179	3884	_u_eIlqrG??SZ}@_C@m@NkF[E[C[ESACG?E?G@GBCvANFCBE?I?GACCCC?eBSKAGCGKIMGQAW@O@OHi@F]?E@EDQLi@DMLYJU@EHORc@PWRULMHKNMNO^YROZQFELGTGREVGDAFAH?P?`@@P@D@VDXFHDJF\TLJLNLPNPVd@NZNZENCLGFKPEFSZ}A|BK@a@M?h@Ap@EbAC|@CbAAf@AVp@fBT]T[T]T[V]T]CGQc@Qc@Qe@Qe@Qc@Qc@Qg@BUpBwCBK@A@O@MCYKOIOKMOSOOMM_@YGCMGQIGAYCWEWAO?G@E@c@FMDQHEBGBMHSNSNWTEDa@ZUR]b@Q^Wf@Qf@Of@EXGVKt@AJG~@C`A?JAvG?LAt@@P?J?^ATABEVo@~@GJKRILKNEPADEJBHFDXd@V`@FJ?\@P?X\l@HLNVNXXm@^y@gAsBuAkAGEUQk@g@GEOKO[EGCICICGA[?S?I@I@KDSXUDEVOlAi@T[@ABMDU@{@?uC@c@@g@@SBg@@O@OHi@F]?E@EDQLi@DMLYJU@EHORc@PWRULMHKNMNO^YROZQFELGTGREVGDAFAH?P?`@@P@D@VDXFHDJF\TLJLNLPNPVd@NZNZVh@f@nAJRJL@BDBDFNHNDF@DBHEH?D?JEHGJINUBU?G?KEc@?IA]CGe@oAINMN}@cC\~@^bALOHOd@nABFNRJJBDB@B@F@D?JCr@aA`@g@DKPQ@IDQDKFIFGDAFAD?D@HBFFFHDLBJBJ?L?L?LCJCJEJEHGFEBGBI?GAOB_@J_@NUNURY\GJIHABSXGRITEJAHBZ@VCLCNEJGHGHGBIBIAGAIEEEEGCGEIAICKAYM_@So@EKcAyBQ_@GMSg@KOIOKMOSOOMM_@YGCMGQIGAYCWEWAO?G@E@c@FMDQHEBGBMHSNSNWTEDa@ZUR]b@Q^Wf@Qf@Of@EXGVKt@AJ@N@LDJ?@HLnBRFBBD@D?D?D?B?RAFE@QAwAOCBAF?F?DBFR@ZDZBZDP@B@@B@JMzEAZt@pB	Click to Generate
S25	45	1			3	Zara (S25)	The Cruise Holiday Shop (S25)	SYPTE (S25)	3403	2552	_u_eIlqrG??SZ}@_C@m@NkFP@B@@B@JKnDAj@[C[C[E[CQCLkFCG?E?G@GBCvANFCBE?I?GACCCC?eBSKAGCGKIMGQAW@O@OHi@F]?E@EDQLi@DMLYJU@EHORc@PWRULMHKNMNO^YROZQFELGTGREVGDAFAH?P?`@@P@D@VDXFHDJF\TLJLNLPNPVd@NZNZENCLGFKPEFSZ}A|BK@a@M?h@Ap@EbAC|@CbAC~@p@fB??T]T[T]T[V]T]CGQc@Qc@Qe@Qe@Qc@Qc@Qg@BUpBwCBK@A@O@MCYKOIOKMOSOOMM_@YGCMGQIGAYCWEWAO?G@E@c@FMDQHEBGBMHSNSNWTEDa@ZUR]b@Q^Wf@Qf@Of@EXGVKt@AJG~@C`A?JAvG?LAt@@P?J?^ATABEVo@~@GJKRILKNEPADEJBHFDXd@V`@FJ?\@P?X\l@HLNVNXXm@^y@gAsBuAkAGEUQk@g@GEOKO[EGCICICGA[?S?I@I@KDSXUDEVOlAi@T[@ABMDU@{@?uCJe@@QDOHGFEHAH@nBRFBBD@D?D?D?B?RAFE@QAwAOCBAF?F?DBFR@ZDZBZDP@B@@B@JMzEAZt@pB	Click to Generate
S25	20	1			3	St Thomas Church Wincobank (S25)	Wincobank Post Office (S25)	Eastwoods (S25)	1548	1161	ycaeIfgtGKo@fCDHBHBdAdBFJLN`@l@d@j@VV^^^\^`@VVPLIk@w@oHSgBOkA_@eDO{AOuAPIDA~@]LEd@lEf@nElAtKv@dH?JADCDCDcA`@AEGOGUWuAKo@OoAQMWW_@a@_@]_@_@WWe@k@a@m@MOGKeAeBICICgCEJn@	Click to Generate
S25	45	1			3	The White Company (S25)	Barbour (S25)	Jump Inc (S25)	4159	3119	up_eIl{qG_@EWCGCECE?ICGCEGG@EACECEAO@KCYEUIe@AEAQ?S?K@I@MJ[ROZQFELGTGREVGDAFAH?P?`@@P@D@VDXFHDJF\TLJLNLPNPVd@NZNZENCLGFKPEFSZ}A|BK@a@M?h@Ap@EbAC|@CbAC~@??p@fBT]T[T]T[V]T]CGQc@Qc@Qe@Qe@Qc@Qc@Qg@BUpBwCBK@A@O@MCYKOIOKMOSOOMM_@YGCMGQIGAYCWEWAO?G@E@c@FMDQHEBGBMHSNSNWTEDa@ZUR]b@Q^Wf@Qf@Of@EXGVKt@AJ@N@LDJ?@HLnBRFBBD@D?D?D?B?RAFE@QAwAOCBAF?F?DBFR@ZDZBZDP@B@@B@JMzEAZt@pB??SZ}@_C@m@NkF[E[C[ESACG?E?G@GBCvANFCBE?I?GACCCC?eBSKAGCGKIMGQAW@O@OHi@F]?E@EDQLi@DMLYJU@EHORc@PWRULMHKNMNO^YROZQFELGTGREVGDAFAH?P?`@@P@D@VDXFHDJF\TLJLNLPNPVd@NZNZVh@f@nAJRJL@BDBDFNHNDF@DBHEH?D?JEHGJINUBU?G?KEc@?IA]CGe@oAINMN}@cC\~@^bALOHOd@nABFNRJJBDB@B@F@D?JCr@aA`@g@DKPQ@IDQDKFIFGDAFAD?D@HBFFFHDLBJBJ?L?L?LCJCJEJEHGFEBGBI?GAOB_@J_@NUNURY\GJIHABSXGRITEJAHBZ@VCLCNEJGHGHGBIBIAGAIEEEEGCGEIAICKAYM_@So@EKcAyBQ_@GMSg@KOIOKMOSOOMM_@YGCMGQIGAYCWEWAO?G@E@c@FMDQHEBGBMHSNSNWTH`@@FVnABRDFFLFJFNDBFBVB^D	Click to Generate
S25	60	1			3	Suzy (S25)	Yazier (S25)	Two Dinners Ignatiu (S25)	6233	4675	gsceInsrGCAk@e@MKyAcBaAgAoGwHWMoCs@A~@?f@FVbBdBf@fAj@r@J`@@f@CHEL@h@t@pBhBpDr@`B^l@b@dAxAv@n@f@rApA`AHfAl@Zp@@jAFYDIHIL@JH|@bAx@xAv@|BJFFWKcCO{@[qA[eAYiASw@c@y@Qw@SqA??Ky@Mg@I]C]@g@GCMGkCkAc@WQMk@e@MK{CkDoGwHWMoCs@GCwCy@i@KqCYFuA?g@?SLmCDw@N{@Jg@Zm@BC\g@NOPI`@GLCTEj@OPKLQp@iBRs@j@yAhAgCdAaCdAyBhByBhAyAr@gANi@PwAJi@Le@JYHSPUb@_@RQFKJMHULa@NXDNDVTxAf@|Cz@tFTzAFd@^jBJnA@x@GtAEZC`A?zAMpDIZkCpB??ODQCg@YYCw@Eq@@?WBSHO`@GfBMf@GbAs@n@cAXeAVmBFUFa@D[FuAAy@KoA_@kBGe@U{A{@uFg@}CUyAEWEOOYM`@ITKLGJSPc@^QTIRKXMd@Kh@QvAOh@s@fAiAxAiBxBeAxBeA`CiAfCk@xASr@q@hBMPQJk@NUDMBa@FQHON]f@CB[l@Kf@Oz@Ev@MlC?R?f@GtApCXh@JvCx@FBnCr@VLnGvHzCjDLJj@d@B@	Click to Generate
S25	45	1			3	Beck Primary School (S25)	Shiregreen Medical Centre (S25)	Shirefreen News 'n' Booze (S25)	4129	3097	s|beI|gzGA@GNEPOGOIq@Us@Qw@Qw@Ks@Ge@ACSGQKSe@cA]{@_@cAWy@Qq@Me@SaAUkAQmAEYMiAKcAGaAEu@wA^_@L?J?JANG\NvA??OwAF]@O?K?K^MvA_@Cg@E_AAw@Ac@@e@?W?WFCAe@?G?YAS?M@g@?SBi@D}ABe@Bi@Hk@N{@R}@Tu@Vi@JSd@y@P[HU@QAQXKXK`@ONGx@Ul@M\GLAd@E`@@XFPHvAn@rAp@h@VPHPLNLJJBm@@s@DsAFeA?IBo@VL@?zBfArFpCs@dGCV}A{@IECAaAi@kB_A]QQGMCQCKKOMQMQIi@WsAq@wAo@QIYGa@Ae@DM@]Fm@Ly@TOFa@NYJYJcBh@A?qA^m@He@BU?QCSIQISOSWS_@U_@SfAUxAOrAKfAOjBGdAEtACl@ClAZ@??[A?JCjA?zB@dB@b@?h@Bp@[n@Q^Qb@K`@Ib@Kf@Ed@AXCXAl@@n@@d@D`@F^DRLh@Rj@Rj@Th@RZDF\f@Z\`@\b@NZL`AR`AFn@@rBA^AT?bAAXAT?d@@r@Fv@Jv@Pr@Pp@TNHNFDQFO@A	Click to Generate
S25	45	1			3	Beck Primary School (S25)	Shirefreen News 'n' Booze (S25)	Shiregreen Medical Centre (S25)	3310	2482	o~beIljzGJ}@q@Us@Qw@Qw@Ks@Ge@ACSGQKSe@cA]{@_@cAWy@Qq@Me@SaAUkAQmAEYMiAKcAGaAEu@wA^_@L?J?JANG\NvA??OwAF]@O?K?K_AVe@Ja@F}@A_@CKCGIGGZo@Cq@?i@Ac@AeB?{BBkA?KZ@??[ABmABm@DuAFeANkBJgANsATyARgAT^R^RVRNPHRHPBT?d@Cl@IpA_@@?bBi@XKXK`@ONGx@Ul@M\GLAd@E`@@XFPHvAn@rAp@h@VPHPLNLJJPBLBPF\PjB~@`Ah@B@HD|Az@d@Rf@Tj@TZHNDv@PD@AT]nFWbFcDc@y@Im@Ga@CM@C@EFgAgAMK]]CAGEMGMAc@@M??R?xB?V@bA?nC?L?l@Cd@C`@Er@IdAM`BGf@I|@Iv@MtA[lDUvBANIv@QjAo@]OGOIK|@	Click to Generate
S25	45	1			3	Beck Primary School (S25)	Shirefreen News 'n' Booze (S25)	Shiregreen Medical Centre (S25)	3307	2480	y|beInkzGAGEUCU@YOGOIq@Us@Qw@Qw@Ks@Ge@ACSGQKSe@cA]{@_@cAWy@Qq@Me@SaAUkAQmAEYMiAKcAGaAEu@wA^_@L?J?JANG\NvA??OwAF]@O?K?K_AVe@Ja@F}@A_@CKCGIGGZo@Cq@?i@Ac@AeB?{BBkA?KZ@??[ABmABm@DuAFeANkBJgANsATyARgAT^R^RVRNPHRHPBT?d@Cl@IpA_@@?bBi@XKXK`@ONGx@Ul@M\GLAd@E`@@XFPHvAn@rAp@h@VPHPLNLJJPBLBPF\PjB~@`Ah@B@HD|Az@d@Rf@Tj@TZHNDv@PD@AT]nFWbFcDc@y@Im@Ga@CM@C@EFgAgAMK]]CAGEMGMAc@@M??R?xB?V@bA?nC?L?l@Cd@C`@Er@IdAM`BGf@I|@Iv@MtA[lDUvBANIv@QjAOfAKEEICG	Click to Generate
S25	60	1			3	Crow Girl (S25)	Suzy (S25)	Yazier (S25)	5157	3868	obeeI|`uGMa@m@qBmCol@IoDUyEUiFC}A?SDyEBgAAKOy@d@eBXw@fFeNd@qABIHJ\^h@f@\Xd@\nBzA^HXBrBNpCXh@JvCx@FBnCr@VLnB`C~CtD`AfAxAbBLJj@d@PLb@VjCjALFFBAf@B\H\Lf@Jx@??RpAPv@b@x@Rv@XhAZdAZpANz@JbCGVKGw@}By@yA}@cAKIMAIHEHGXAkA[q@gAm@aAIsAqAo@g@yAw@c@eA_@m@s@aBiBqDu@qBAi@DMBIAg@Ka@k@s@g@gAcBeBGW?g@@_AGCwCy@i@KqCYsBOYC_@IoB{Ae@]]Yi@g@]_@IKCHe@pAgFdNYv@e@dBNx@@JCfAExE?RB|AThFTxEHnDlCnl@l@pBL`@	Click to Generate
S25	30	1			3	Wooley Tyres (S25)	Shirefreen News 'n' Booze (S25)	Beck Primary School (S25)	2949	2212	{}ceIz{wGLF@H@NDLHDBSLu@H}@Fg@Bi@B]g@iACEu@u@SWEIIMUg@KUIOYm@aAcBh@oB\cATi@Vi@^q@x@_BdAwBR\v@~Ae@Td@Uw@_BS]eAvBy@~A_@p@Wh@Uh@]bAi@nB`AbBXl@HNJTTf@NVRVt@t@BDf@hAC\Ch@Gf@I|@Mt@DH@F@JBf@Hd@H`@DNFNb@l@x@jASfAUxAOrAKfAOjBGdAEtACl@ClAZ@??[A?JCjA?zB@dB@b@?h@Bp@[n@FFFHJB^B|@@`@Gd@K~@W?J?JANG\NvA??OwAF]@O?K?K_AVe@Ja@F}@A_@CKCGIGGQ^Qb@K`@Ib@Kf@Ed@AXCXCACCEECIE]G}@AWEo@UgDOcDCUCIIIHyBJsCDmABi@Bw@LsCBq@Bq@JsAJmAL}@Lu@Hm@DWd@iCIEEMAOAIMG	Click to Generate
S25	20	1			3	Madani Education Centre (S25)	Tinsley Meadows Primary School (S25)	Lily Chinese Massage (S25)	1945	1459	}|_eIlcpGz@nBHRl@lA`@z@DF`@x@Xd@`@j@JLRXHHVRNHTHVENBd@Fh@NN@VCDA\OVe@Ra@NeAHoAHy@No@L[LUEIa@s@e@gA]eAWu@CItAmBq@qBM@KDCDOa@??N`@BEJELAp@pBuAlBOi@kAgDaBxB}AtBoA~AKNkAfBOTl@lA`@z@DF`@x@Xd@`@j@JLRXHHVRNHTHIr@?DvBdDu@iAaA{A?EHs@UIOIWSIISYKMa@k@Ye@a@y@EGa@{@m@mAIS{@oB	Click to Generate
S25	45	1			3	Beck Primary School (S25)	Shiregreen Medical Centre (S25)	Shirefreen News 'n' Booze (S25)	4128	3096	m}beIpezGU|Aq@Us@Qw@Qw@Ks@Ge@ACSGQKSe@cA]{@_@cAWy@Qq@Me@SaAUkAQmAEYMiAKcAGaAEu@wA^_@L?J?JANG\NvA??OwAF]@O?K?K^MvA_@Cg@E_AAw@Ac@@e@?W?WFCAe@?G?YAS?M@g@?SBi@D}ABe@Bi@Hk@N{@R}@Tu@Vi@JSd@y@P[HU@QAQXKXK`@ONGx@Ul@M\GLAd@E`@@XFPHvAn@rAp@h@VPHPLNLJJBm@@s@DsAFeA?IBo@VL@?zBfArFpCs@dGCV}A{@IECAaAi@kB_A]QQGMCQCKKOMQMQIi@WsAq@wAo@QIYGa@Ae@DM@]Fm@Ly@TOFa@NYJYJcBh@A?qA^m@He@BU?QCSIQISOSWS_@U_@SfAUxAOrAKfAOjBGdAEtACl@ClAZ@??[A?JCjA?zB@dB@b@?h@Bp@[n@Q^Qb@K`@Ib@Kf@Ed@AXCXAl@@n@@d@D`@F^DRLh@Rj@Rj@Th@RZDF\f@Z\`@\b@NZL`AR`AFn@@rBA^AT?bAAXAT?d@@r@Fv@Jv@Pr@Pp@TT}A	Click to Generate
S25	45	1			3	AllSaints (S25)	SYPTE (S25)	Jump Inc (S25)	3606	2704	cv_eIjerG??CJ@JMzEAZt@pB??SZ}@_C@m@NkF[E[C[ESACG?E?G@GBCvANFCBE?I?GACCCC?eBSIDA@EDGNEP?JAvG?LAt@@P?J?^ATABEVo@~@GJKRILKNEPADEJBHFDXd@V`@FJ?\@P?X\l@HLNVNXXm@^y@gAsBuAkAGEUQk@g@GEOKO[EGCICICGA[?S?I@I@KDSXUDEVOlAi@T[@ABMDU@{@?uC@c@@g@@SBg@@O@OHi@F]?E@EDQLi@DMLYJU@EHORc@PWRULMHKNMNO^YROZQFELGTGREVGDAFAH?P?`@@P@D@VDXFHDJF\TLJLNLPNPVd@NZNZVh@f@nAJRJL@BDBDFNHNDF@DBHEH?D?JEHGJINUBU?G?KEc@?IA]CGe@oAINMN}@cC\~@^bALOHOd@nABFNRJJBDB@B@F@D?JCr@aA`@g@DKPQ@IDQDKFIFGDAFAD?D@HBFFFHDLBJBJ?L?L?LCJCJEJEHGFEBGBI?GAOB_@J_@NUNURY\GJIHABSXGRITEJAHBZ@VCLCNEJGHGHGBIBIAGAIEEEEGCGEIAICKAYM_@So@EKcAyBQ_@GMSg@KOIOKMOSOOMM_@YGCMGQIGAYCWEWAO?G@E@c@FMDQHEBGBMHSNSNWTEDa@ZUR]b@Q^Wf@Qf@Of@EXGVKt@AJ@N@LDJ?@HLnBRFBBD@D?D?D?B?RAFE@QAwAOCBAF?F?DBFR@ZDZBZDP@B@@BBK??	Click to Generate
S25	30	1			3	Hancock Cars (S25)	Shirefreen News 'n' Booze (S25)	Beck Primary School (S25)	2116	1587	s_deIbpwG??NVRVt@t@BDf@hAC\Ch@Gf@I|@Mt@CRIEEMAOAIMGGEOAI@EF_@xB^yBDGHAN@TL@H@NDLHDe@hCHCNEJAH?L?D?FCDNFNb@l@x@jASfAUxAOrAKfAOjBGdAEtACl@ClAZ@??[A?JCjA?zB@dB@b@?h@Bp@[n@FFFHJB^B|@@`@Gd@K~@W?J?JANG\NvA??OwAF]@O?K?K_AVe@Ja@F}@A_@CKCGIGGZo@Cq@?i@Ac@AeB?{BBkA?KBmABm@DuAFeANkBJgANsATyARgAy@kAc@m@GOEOIa@Ie@Cg@AKAGEILu@H}@Fg@Bi@B]g@iACEu@u@SWOW??	Click to Generate
S25	30	1			3	Masjid Abu Bakr (S25)	Tinsley Sports and Social Club (S25)	Tinsley Meadows Primary School (S25)	2948	2211	cw~dIvkoG\YRp@HZ_Ax@GFq@l@q@r@UVZlBJEHEPQd@c@w@t@IDKD[mBTWp@s@p@m@FG~@y@bC{BRQd@e@X]T]N]Pc@DQFWF_@@Ib@qDLeAPyAX}BBOD_@D]Ju@MAIAG@}A|@OFM???L?NG|A}@FAH@L@Kt@E\E^CNY|BQxAMdAc@pDAHG^GVEPQb@O\U\Y\e@d@SPcCzB_Ax@GFq@l@q@r@UVg@j@WZ[f@u@hAm@`AINmAvDELQ`@]h@U\OX]r@EIa@s@e@gA]eA[_AtAmBq@qBM@KDCDOa@??N`@BEJELAp@pBuAlBZ~@\dAd@fA`@r@DH\s@NYT]\i@Pa@DMlAwDHOl@aAt@iAZg@V[f@k@TWp@s@p@m@FG~@y@I[Sq@]X	Click to Generate
S25	20	1			3	St Lawrence Church (S25)	Tinsley Meadows Primary School (S25)	Madani Education Centre (S25)	2011	1508	kz~dI~noG[^Jp@F\p@s@p@m@FG~@y@I[Sq@GWIYCISq@IQAEEGCEKIOC@_@?SBODMr@}ADGFEHAH?NJLFHBFAFdABHDBB@CAECCIGeAG@ICMGOKI?I@GDEFs@|AEL?BCJ?RA^NBJHBDDF@DHPRp@BHHXFVRp@HZ_Ax@GFq@l@q@r@UVg@j@WZ[f@u@hAm@`AINmAvDELQ`@]h@U\OX]r@EIa@s@e@gA]eA[_AtAmBq@qBM@KDCDOa@??N`@BEJELAp@pBuAlBBHVt@\dAd@fA`@r@DH\s@NYT]\i@Pa@DMlAwDHOl@aAt@iAZg@V[f@k@TWG]Kq@Z_@	Click to Generate
S25	45	1			3	Ernest Jones (S25)	SYPTE (S25)	Jump Inc (S25)	3597	2698	gv_eIfgrGKvDAZt@pB??SZ}@_C@m@NkF[E[C[ESACG?E?G@GBCvANFCBE?I?GACCCC?eBSIDA@EDGNEP?JAvG?LAt@@P?J?^ATABEVo@~@GJKRILKNEPADEJBHFDXd@V`@FJ?\@P?X\l@HLNVNXXm@^y@gAsBuAkAGEUQk@g@GEOKO[EGCICICGA[?S?I@I@KDSXUDEVOlAi@T[@ABMDU@{@?uC@c@@g@@SBg@@O@OHi@F]?E@EDQLi@DMLYJU@EHORc@PWRULMHKNMNO^YROZQFELGTGREVGDAFAH?P?`@@P@D@VDXFHDJF\TLJLNLPNPVd@NZNZVh@f@nAJRJL@BDBDFNHNDF@DBHEH?D?JEHGJINUBU?G?KEc@?IA]CGe@oAINMN}@cC\~@^bALOHOd@nABFNRJJBDB@B@F@D?JCr@aA`@g@DKPQ@IDQDKFIFGDAFAD?D@HBFFFHDLBJBJ?L?L?LCJCJEJEHGFEBGBI?GAOB_@J_@NUNURY\GJIHABSXGRITEJAHBZ@VCLCNEJGHGHGBIBIAGAIEEEEGCGEIAICKAYM_@So@EKcAyBQ_@GMSg@KOIOKMOSOOMM_@YGCMGQIGAYCWEWAO?G@E@c@FMDQHEBGBMHSNSNWTEDa@ZUR]b@Q^Wf@Qf@Of@EXGVKt@AJ@N@LDJ?@HLnBRFBBD@D?D?D?B?RAFE@QAwAOCBAF?F?DBFR@ZDZBZDP@B@@B@JAb@	Click to Generate
S25	45	1			3	Wincobank Fish Bar (S25)	Eastwoods (S25)	Northern Trains (S25)	3344	2508	qx`eI~_tGWuBO{AOuAm@V}@ZwB`A]HI@OAU?a@?YDQHYTRdAXvAl@@zBDDHZvCdAdBFJLN`@l@d@j@VV^^^\^`@VVPLNnAJn@VtAFTFN@DbAa@BEBE@E?Kw@eHmAuKg@oEe@mEbBo@xAq@@?FC\MGm@AKIo@QiBCYAQ?U?Q@MBUBODMDMHMFGHI\QLGPGb@ONCBAn@IJALCLELGDO@M?C?KMa@So@M[K]EMI[EQPIFEFEDCPMNQPQVa@j@aAV_@NOTWb@MJCJ?JANBNFNJ^f@Nh@Fj@EPADEJBHAHCn@?t@@p@DZt@lALVRXBBBDB?B?DEHOP_@x@gBgAsBuAkAGEUQk@g@GEOKKE_@KKAO?OBOBQHOLKLMNYh@SVYZKJWf@CJCFEVAVDd@Rn@L`@HTBL?L?JCFCDI@GAQGGAKAK@o@HC@OBc@NQFMF]PIHGFILELELCNCTAL?P?T@PBXPhBHn@@JFl@]LGBA?yAp@cBn@MD_A\WJNtANzAVtB	Click to Generate
S25	20	1			3	Tinsley Meadows Primary School (S25)	Madani Education Centre (S25)	Hanfia Masjid (S25)	2025	1519	ws_eI`~nGNxBX\RJETIPMLaAXAPJdBPGXjEbC`HjAfDNh@tAmBq@qBM@KDCDOa@??N`@BEJELAp@pBuAlBBHVt@\dAqEjGmBaCqBaCkAfBOTIS{@oBUi@Ys@EK]cAUo@[g@MYGMGKY_@UU[a@GKKMCO?O@Y?GDk@Bm@Cq@AMCUAu@Lh@?@Ht@DCHCRIhFwAnFcBKeB@Q`AYLMHQDUSKY]OyB	Click to Generate
S25	60	1			3	Reiss (S25)	Jump Inc (S25)	SYPTE (S25)	5157	3868	em_eIpfrGAJbAhCT[T]T[V]T]CGQc@Qc@Qe@Qe@Qc@Qc@Qg@BUpBwCBK@A@O@MCYKOIOKMOSOOMM_@YGCMGQIGAYCWEWAO?G@E@c@FMDQHEBGBMHSNSNWTEDa@ZUR]b@Q^Wf@Qf@Of@EXGVKt@AJ@N@LDJ?@HLnBRFBBD@D?D?D?B?RAFE@QAwAOCBAF?F?DBFR@ZDZBZDP@B@@B@JMzEAZt@pB??SZ}@_C@m@NkF[E[C[ESACG?E?G@GBCvANFCBE?I?GACCCC?eBSKAGCGKIMGQAW@O@OHi@F]?E@EDQLi@DMLYJU@EHORc@PWRULMHKNMNO^YROZQFELGTGREVGDAFAH?P?`@@P@D@VDXFHDJF\TLJLNLPNPVd@NZNZVh@f@nAJRJL@BDBDFNHNDF@DBHEH?D?JEHGJINUBU?G?KEc@?IA]CGe@oAINMN}@cC\~@^bALOHOd@nABFNRJJBDB@B@F@D?JCr@aA`@g@DKPQ@IDQDKFIFGDAFAD?D@HBFFFHDLBJBJ?L?L?LCJCJEJEHGFEBGBI?GAOB_@J_@NUNURY\GJIHABSXGRITEJAHBZ@VCLCNEJGHGHGBIBIAGAIEEEEGCGEIAICKAYM_@So@EKcAyBQ_@GMSg@KOIOKMOSOOMM_@YGCMGQIGAYCWEWAO?G@E@c@FMDQHEBGBMHSNSNWTEDa@ZUR]b@Q^Wf@Qf@Of@EXGVKt@AJG~@C`A?JAvG?LAt@@P?J?^ATABEVo@~@GJKRILKNEPADEJBHFDXd@V`@FJ?\@P?X\l@HLNVNXXm@^y@gAsBuAkAGEUQk@g@GEOKO[EGCICICGA[?S?I@I@KDSXUDEVOlAi@T[@ABMDU@{@?uC@c@@g@@SBg@@O@OHi@F]?E@EDQLi@DMLYJU@EHORc@PWRULMHKNMNO^YROZQFELGTGREVGDAFAH?P?`@@P@D@VDXFHDJF\TLJLNLPNPVd@NZNZENCLGFKPEFSZ}A|BK@a@M?h@Ap@EbAC|@Av@	Click to Generate
S25	30	1			3	South Street Convenience Store (S25)	Dave's Fish Bar (S25)	Meadow View Primary School (S25)	2895	2171	uebeIv{nG@BAD?DCBA@C@CACCAC?EAE@E@CBC@AB?EOEW?K@I^wAJ]DIAI?KFWTTHHpBxBDBdAIFpB@j@Bb@@l@BV@T@PHrAJdABTRdBNdANlAj@lERxAD`@Jv@DZGBGBG?IAGGYm@GM_@w@eBoDi@kAc@{@KQKKyAeAQMc@]CAy@m@o@`DERYvAMd@Od@Ul@u@tBCHw@rBg@rAKVm@u@[]SOSMe@QKEo@SUISMQO]c@GIc@k@i@u@s@}@^oARm@??Sl@_@nAr@|@h@t@b@j@FH\b@PNRLTHn@RJDd@PRLRNZ\l@t@r@kBv@sBBIt@uBTm@Ne@Le@XwADSn@aDmE}CEIAI?E?Uf@}CtB}Mj@j@r@v@\^Z\FHTTHHGNEDIBGAEIEHK\_@vAAH?JDVDNB@@B@D?@	Click to Generate
S25	20	1			3	The Manor Barn (S25)	Kimberworth Library (S25)	Meadow View Primary School (S25)	2043	1532	k~beIhjnGMz@GDG?IEEEAE?G^eCD[@E@SAKKMUCQE]SKEC?G?ICc@YCPO`AK~@MlACRIj@APCLERIRIPWh@Ob@ELO^Sr@Ib@If@ATANAb@@d@Bh@Fl@Fl@FXF\XU@CDELS`BkDYYMMKQq@_BS]OUSr@Ib@If@Cd@Ab@@d@Bh@Fl@Fl@FXF\Jh@\rAFRJh@DVJ|@Ft@BV@N?LPLLLt@z@RVDFj@r@j@t@JN^oARm@??Sl@_@nAKOk@u@k@s@EGSWu@{@MMQM?MAOCWGu@K}@EWKi@GS]sAKi@G]GYGm@Gm@Ci@Ae@@c@Be@Hg@Hc@Rs@N_@DMNc@Vi@HQHSDSBM@QHk@t@t@NLF@FCDGXmBN}@BKBEF@TLTN\T@FO~@	Click to Generate
S25	20	1			3	The Manor Barn (S25)	Bake N Butty (S25)	The Salvation Army - Rotherham (S25)	1598	1198	qgceId_oGDELS`BkDYYMMKQq@_BS]OUSr@Ib@If@ATANAb@@d@Bh@Fl@Fl@FXF\Jh@\rAFRJh@DVJ|@Ft@BV@N?LPLLLLNf@j@RVDFj@r@j@t@JN^oARm@Sl@_@nAKOk@u@k@s@EGSWu@{@MMQMCNCJk@bAILMTQRSVYZ[d@e@r@a@r@ILOTQRMPKJQNC@@J?NCPIf@IX@]?QAQESZYBAPOJKLQPSNUHM`@s@d@s@JONUX[RWPSLUHMj@cABKBO?MAOCWGu@K}@EWKi@GS]sAKi@XU@C	Click to Generate
S25	20	1			3	The Manor Barn (S25)	Bake N Butty (S25)	The Salvation Army - Rotherham (S25)	1598	1198	qgceId_oGDELS`BkDYYMMKQq@_BS]OUSr@Ib@If@ATANAb@@d@Bh@Fl@Fl@FXF\Jh@\rAFRJh@DVJ|@Ft@BV@N?LPLLLLNf@j@RVDFj@r@j@t@JN^oARm@Sl@_@nAKOk@u@k@s@EGSWu@{@MMQMCNCJk@bAILMTQRSVYZ[d@e@r@a@r@ILOTQRMPKJQNC@@J?NCPIf@IX@]?QAQESZYBAPOJKLQPSNUHM`@s@d@s@JONUX[RWPSLUHMj@cABKBO?MAOCWGu@K}@EWKi@GS]sAKi@XU@C	Click to Generate
S25	30	1			3	American Golf (S25)	Madani Education Centre (S25)	Hanfia Masjid (S25)	2380	1785	cp_eI~wpGaA{A?EHs@VENBd@Fh@NN@VCDA\OVe@Ra@d@k@ZWNE^CP@R@ZR\ZVl@Jh@Ff@@H@fAAVC^@dAFl@Jh@Vd@X\CVK\EJIDG@[Hk@Xk@ZEY`@UQJOHDXj@[j@YZIFAHEDKJ]_@_@S]OYKISGSAU@_@b@WPWJ[BG?QEQGa@[SUOa@Mg@Go@Cg@?_@@]@UBQDSJa@Ve@Ra@NeAHoAHy@No@L[LUEIa@s@e@gA]eAWu@CIOi@kAgDcCaH{Bl@cCn@yBp@GBi@Ng@JIFGDKNTv@f@bBNr@Tn@\bADJXr@Th@z@nBHRl@lA`@z@DF`@x@Xd@`@j@JLRXHHVRNHTHIr@?D`AzA	Click to Generate
S25	45	1			3	Ernest Jones (S25)	SYPTE (S25)	Jump Inc (S25)	3597	2698	gv_eIfgrGKvDAZt@pB??SZ}@_C@m@NkF[E[C[ESACG?E?G@GBCvANFCBE?I?GACCCC?eBSIDA@EDGNEP?JAvG?LAt@@P?J?^ATABEVo@~@GJKRILKNEPADEJBHFDXd@V`@FJ?\@P?X\l@HLNVNXXm@^y@gAsBuAkAGEUQk@g@GEOKO[EGCICICGA[?S?I@I@KDSXUDEVOlAi@T[@ABMDU@{@?uC@c@@g@@SBg@@O@OHi@F]?E@EDQLi@DMLYJU@EHORc@PWRULMHKNMNO^YROZQFELGTGREVGDAFAH?P?`@@P@D@VDXFHDJF\TLJLNLPNPVd@NZNZVh@f@nAJRJL@BDBDFNHNDF@DBHEH?D?JEHGJINUBU?G?KEc@?IA]CGe@oAINMN}@cC\~@^bALOHOd@nABFNRJJBDB@B@F@D?JCr@aA`@g@DKPQ@IDQDKFIFGDAFAD?D@HBFFFHDLBJBJ?L?L?LCJCJEJEHGFEBGBI?GAOB_@J_@NUNURY\GJIHABSXGRITEJAHBZ@VCLCNEJGHGHGBIBIAGAIEEEEGCGEIAICKAYM_@So@EKcAyBQ_@GMSg@KOIOKMOSOOMM_@YGCMGQIGAYCWEWAO?G@E@c@FMDQHEBGBMHSNSNWTEDa@ZUR]b@Q^Wf@Qf@Of@EXGVKt@AJ@N@LDJ?@HLnBRFBBD@D?D?D?B?RAFE@QAwAOCBAF?F?DBFR@ZDZBZDP@B@@B@JAb@	Click to Generate
S25	30	1			3	Tinsley Meadows Primary School (S25)	Lily Chinese Massage (S25)	Hanfia Masjid (S25)	2312	1734	_l_eIn_pGCItAmBq@qBM@KDCDOa@??N`@BEJELAp@pBuAlBOi@kAgDaBxB}AtBoA~AKNkAfBOTl@lA`@z@DF`@x@Xd@`@j@JLRXHHVRNHTHIr@?DvBdDu@iAaA{A?EHs@UIOIWSIISYKMa@k@Ye@a@y@EGa@{@m@mAISqAyCYs@EK]cAUo@[g@MYGMGKY_@UU[a@GKKMCO?O@Y?GDk@Bm@Cq@AMCUAu@Lh@?@Ht@BXN~@Nv@BLFPFPTv@f@bBNr@Tn@\bADJXr@Th@z@nBHRNUjAgBJOnA_B|AuB`ByBjAfDNh@BH	Click to Generate
S25	60	1			3	Blackburn Meadows Nature Reserve (S25)	ItsaGoal (S25)	Hanfia Masjid (S25)	11048	8286	aj`eI~{mGDnB@xC`@b@Dg@Bg@Do@NwBPaDBWFoAHcBHcBFu@HuALuB@Y@]@k@A}@GeAKyBIqBE{AK}A_@eGUwBEg@Ky@UsBOmBKeAE]EUOu@Qm@Si@Se@Uc@QKA?[GEAGCIICGCMAOK_@ACQc@q@i@kAeAUW_@e@]i@Yq@Ww@Qm@Q_Ag@}C_@eCs@{ECU[qBc@oCKs@c@}AESGQIUK[IUYcAKSU[CCGMCOCk@GWMg@Ys@c@_A[i@]m@UUw@g@KCIEc@S]Ea@?e@LeIdDeBd@uAV_@BK@qAF}AAaBKWJMJIJEFCFGPKd@?FDlA@`@BTDl@DVD\Ff@Hx@D^Bd@Bn@@`A?~A?N?vA?f@?|@Ef@ShBw@dHMbAg@rEKx@C`@?\FnABz@@nA@p@?DAf@AjA?RChAAvA?xAApAC|B?b@?JCjBAdB?~@?FAZ?VAvBAxA?XCbE?P@\?BBNDRVd@HMNQLMj@i@^i@PYt@oAXe@`A_BTa@Zk@t@qALSdAkBDWB_@Hm@FIRCB?HCJEJM\e@NMPID@FBDFDJNr@BR@XNrG@d@@NBNl@LjA`@LB^@ZAP?TIL[VKREVGDSC{FBzFER??WFSDWJMZUHQ?[@_@AMCkAa@m@MCOAOAe@OsGAYCSOs@EKEGGCEAQHOL]d@KLKDIBC?SBGHIl@C^EVeAjBMRu@pA[j@U`@aA~AYd@u@nAQX_@h@k@h@MLOPILMZQp@b@b@bA`A\^j@x@FHnA`C`@t@l@nAf@vAN`@Pf@HTXx@`@nAZ~@BLPj@^|A?DHl@BNDVFp@HtAFtADtAFxBB`@FpB@j@Bb@@l@BV@T@PHrAJdABTRdBNdANlAj@lERxAD`@Jv@DZRxA@L`@|CVrBHn@P`AN`A^|BPhAl@bDRbAr@tDLn@ZxAZfAf@~AX|@d@rAZbA\fAl@~Ar@~Ah@vAFN^dAZnATrAPfABHHZFRDJHRFJ^TLFN?\GTIj@m@jEgE|KiJ|EeEnCmCfCsCbFeGn@cA?ALSH]BODs@Cg@?_@@]@UBQDSJa@Ve@Ra@NeAHoAHy@No@L[LUEIa@s@e@gA]eA[_AOi@kAgDcCaHYkEQFKeB@Q`AYLMHQDUSKY]OyBIoAXhEX\RJETIPMLaAXAPJdBPGXjEbC`HaBxB}AtBoA~AKNkAfBOTIS{@oBUi@Ys@EK]cAUo@[g@MYGMGKY_@UU[a@GKKMCO?O@Y?GDk@Bm@Cq@AMCUAu@COEc@CWQyBa@aFE_@Ei@A]GmAAYQgECkAEgBAo@Ae@?Y@q@Bs@@a@a@c@AyCEoB	Click to Generate
S25	20	1			3	Tinsley Barbers (S25)	Tinsley Meadows Primary School (S25)	Madani Education Centre (S25)	1621	1216	ey~dIvuoGQPIDKD[mBTWp@s@p@m@FG~@y@I[Sq@]X??\YRp@HZ_Ax@GFq@l@q@r@UVg@j@WZ[f@u@hAm@`AINmAvDELQ`@]h@U\OX]r@EIa@s@e@gA]eA[_AtAmBq@qBM@KDCDOa@??N`@BEJELAp@pBuAlBBHVt@\dAd@fA`@r@DH\s@NYT]\i@Pa@DMlAwDHOl@aAt@iAZg@V[f@k@ZlBJEHEPQ	Click to Generate
S25	60	1			3	American Golf (S25)	Madani Education Centre (S25)	Air Haus (S25)	4242	3182	on_eIfzpGuBcD?EHs@VENBd@Fh@NN@VCDA\OVe@Ra@d@k@ZWNE^CP@R@ZR\ZVl@Jh@Ff@@H@fAAVC^@dAFl@Jh@Vd@X\CVK\EJIDG@[Hk@Xk@ZEY`@UQJOHDXj@[j@YZIFAHEDKJ]_@_@S]OYKISGSAU@_@b@WPWJ[BG?QEQGa@[SUOa@Mg@Go@Cg@Mi@KYKSYUi@Mc@GMKMMUIOIWSIISYKMa@k@Ye@a@y@EGa@{@m@mANUjAgBJOnA_B|AuB`ByBjAfDNh@BHVt@\dAd@fA`@r@DHI`@E\CV?V@H@RFRLZBFV\P@R@ZR\ZVl@Jh@Ff@@H@fAAVC^Ot@Un@c@h@_@b@Oh@EPCPAT?TBd@Lh@R^NTHFz@v@XXl@l@d@f@f@d@`@d@JLPPJLf@j@`@d@FFT\HBFFFHDLBJBJ?L?L?LCJCJEJEHGFEBGBI?GAOB_@J_@NUNURY\GJIHABSXGRITEJAHBZ@VCLCNEJGHGHGBIBIAGAIEEEEGCGEIAICKAY@O@QBMFMDKHGHEH?D?JEHGJINUBU?G?KEc@?IA]CGe@oAo@{AMYGKIGK?K@KJyAyD~@`CXv@JKJAJ?HFFJLXn@zAd@nABFNRJJBDB@B@F@D?JCr@aA`@g@DKPQ@IM}@GYM[GKQWQSUWaB_Bg@g@oAkA]]KMk@y@MSM]K]I[G[EMUk@a@[SUOa@Mg@Go@Cg@Mi@KYKSYUi@Mc@GMKMMIr@?DtBbD	Click to Generate
S25	20	1			3	Bake N Butty (S25)	Kimberworth Post Office (S25)	The Salvation Army - Rotherham (S25)	1598	1198	g}beIpooGSl@_@nAKOk@u@k@s@EGSWg@k@MOMMQM?MAOCWGu@K}@EWKi@GS]sAKi@G]GYGm@Gm@Ci@Ae@@c@Be@Hg@Hc@Rs@NTR\p@~AJPLLXXaBjDMREDABYTJh@\rAFRJh@DVJ|@Ft@BV@N?LCNCJk@bAILMTQRSVYZ[d@e@r@a@r@ILOTQRMPKJQNC@@J?NCPIf@IX@]?QAQESZYBAPOJKLQPSNUHM`@s@d@s@JONUX[RWPSLUHMj@cABKBOPLLLt@z@RVDFj@r@j@t@JN^oARm@	Click to Generate
S25	60	1			3	Reiss (S25)	Jump Inc (S25)	SYPTE (S25)	4245	3184	ct_eIx_rG@SBu@BsA?OG@EACECEAO@KCYEUIe@ECAAGEGCM?UR]b@Q^Wf@Qf@Of@EXGVKt@AJ@N@LDJ?@HLnBRFBBD@D?D?D?B?RAFE@QAwAOCBAF?F?DBFR@ZDZBZDP@B@@B@JMzEAZt@pB??SZ}@_C@m@NkF[E[C[ESACG?E?G@GBCvANFCBE?I?GACCCC?eBSKAGCGKIMGQAW@O@OHi@F]?E@EDQLi@DMLYJU@EHORc@PWRULMHKNMNO^YROZQFELGTGREVGDAFAH?P?`@@P@D@VDXFHDJF\TLJLNLPNPVd@NZNZVh@f@nAJRJL@BDBDFNHNDF@DBHEH?D?JEHGJINUBU?G?KEc@?IA]CGe@oAINMN}@cC\~@^bALOHOd@nABFNRJJBDB@B@F@D?JCr@aA`@g@DKPQ@IDQDKFIFGDAFAD?D@HBFFFHDLBJBJ?L?L?LCJCJEJEHGFEBGBI?GAOB_@J_@NUNURY\GJIHABSXGRITEJAHBZ@VCLCNEJGHGHGBIBIAGAIEEEEGCGEIAICKAYM_@So@EKcAyBQ_@GMSg@KOIOKMOSOOMM_@YGCMGQIGAYCWEWAO?G@E@c@FMDQHEBGBMHSNSNWTEDa@ZUR]b@Q^Wf@Qf@Of@EXGVKt@AJG~@C`A?JAvG?LAt@@P?J?^ATABEVo@~@GJKRILKNEPADEJBHFDXd@V`@FJ?\@P?X\l@HLNVNXXm@^y@gAsBuAkAGEUQk@g@GEOKO[EGCICICGA[?S?I@I@KDSXUDEVOlAi@T[@ABMDU@{@?uC@c@@g@@SBg@@O@OHi@F]?E@EDQLi@DMLYJU@EHORc@PWRULMHKPCJGF@D@BBDDH`@@FVnABR@H?JAJ?NCrACt@AR	Click to Generate
S25	45	1			3	AllSaints (S25)	SYPTE (S25)	Jump Inc (S25)	3606	2704	cv_eIjerG??CJ@JMzEAZt@pB??SZ}@_C@m@NkF[E[C[ESACG?E?G@GBCvANFCBE?I?GACCCC?eBSIDA@EDGNEP?JAvG?LAt@@P?J?^ATABEVo@~@GJKRILKNEPADEJBHFDXd@V`@FJ?\@P?X\l@HLNVNXXm@^y@gAsBuAkAGEUQk@g@GEOKO[EGCICICGA[?S?I@I@KDSXUDEVOlAi@T[@ABMDU@{@?uC@c@@g@@SBg@@O@OHi@F]?E@EDQLi@DMLYJU@EHORc@PWRULMHKNMNO^YROZQFELGTGREVGDAFAH?P?`@@P@D@VDXFHDJF\TLJLNLPNPVd@NZNZVh@f@nAJRJL@BDBDFNHNDF@DBHEH?D?JEHGJINUBU?G?KEc@?IA]CGe@oAINMN}@cC\~@^bALOHOd@nABFNRJJBDB@B@F@D?JCr@aA`@g@DKPQ@IDQDKFIFGDAFAD?D@HBFFFHDLBJBJ?L?L?LCJCJEJEHGFEBGBI?GAOB_@J_@NUNURY\GJIHABSXGRITEJAHBZ@VCLCNEJGHGHGBIBIAGAIEEEEGCGEIAICKAYM_@So@EKcAyBQ_@GMSg@KOIOKMOSOOMM_@YGCMGQIGAYCWEWAO?G@E@c@FMDQHEBGBMHSNSNWTEDa@ZUR]b@Q^Wf@Qf@Of@EXGVKt@AJ@N@LDJ?@HLnBRFBBD@D?D?D?B?RAFE@QAwAOCBAF?F?DBFR@ZDZBZDP@B@@BBK??	Click to Generate
S25	60	1			3	Reiss (S25)	Jump Inc (S25)	SYPTE (S25)	5157	3868	em_eIvfrGADbAhCT[T]T[V]T]CGQc@Qc@Qe@Qe@Qc@Qc@Qg@BUpBwCBK@A@O@MCYKOIOKMOSOOMM_@YGCMGQIGAYCWEWAO?G@E@c@FMDQHEBGBMHSNSNWTEDa@ZUR]b@Q^Wf@Qf@Of@EXGVKt@AJ@N@LDJ?@HLnBRFBBD@D?D?D?B?RAFE@QAwAOCBAF?F?DBFR@ZDZBZDP@B@@B@JMzEAZt@pB??SZ}@_C@m@NkF[E[C[ESACG?E?G@GBCvANFCBE?I?GACCCC?eBSKAGCGKIMGQAW@O@OHi@F]?E@EDQLi@DMLYJU@EHORc@PWRULMHKNMNO^YROZQFELGTGREVGDAFAH?P?`@@P@D@VDXFHDJF\TLJLNLPNPVd@NZNZVh@f@nAJRJL@BDBDFNHNDF@DBHEH?D?JEHGJINUBU?G?KEc@?IA]CGe@oAINMN}@cC\~@^bALOHOd@nABFNRJJBDB@B@F@D?JCr@aA`@g@DKPQ@IDQDKFIFGDAFAD?D@HBFFFHDLBJBJ?L?L?LCJCJEJEHGFEBGBI?GAOB_@J_@NUNURY\GJIHABSXGRITEJAHBZ@VCLCNEJGHGHGBIBIAGAIEEEEGCGEIAICKAYM_@So@EKcAyBQ_@GMSg@KOIOKMOSOOMM_@YGCMGQIGAYCWEWAO?G@E@c@FMDQHEBGBMHSNSNWTEDa@ZUR]b@Q^Wf@Qf@Of@EXGVKt@AJG~@C`A?JAvG?LAt@@P?J?^ATABEVo@~@GJKRILKNEPADEJBHFDXd@V`@FJ?\@P?X\l@HLNVNXXm@^y@gAsBuAkAGEUQk@g@GEOKO[EGCICICGA[?S?I@I@KDSXUDEVOlAi@T[@ABMDU@{@?uC@c@@g@@SBg@@O@OHi@F]?E@EDQLi@DMLYJU@EHORc@PWRULMHKNMNO^YROZQFELGTGREVGDAFAH?P?`@@P@D@VDXFHDJF\TLJLNLPNPVd@NZNZENCLGFKPEFSZ}A|BK@a@M?h@Ap@EbAC|@A|@	Click to Generate
S25	60	1			3	Stan (S25)	Crow Girl (S25)	Abbey School (S25)	6726	5044	yldeIv~qGi@KqCYFuA?g@?SLmCDw@N{@Jg@Zm@BC\g@NOKi@GSMKOGiCc@KOCM?WFW~@qBRVpH~ARHq@hBMP??QJk@NUDMBa@FQHON]f@CB[l@Kf@Oz@Ev@MlC?R?f@GtApCXh@JvCx@FBnCr@VLnB`C~CtDzCjDLJj@d@PLb@VjCjALFFBx@Z~@h@`DzBvDbCvBvAr@f@d@d@f@b@BDRTV\Pu@H]P{@J[L_@f@yAZy@Rm@JYF_@Da@Da@NuAJmAJcAJkANyAHy@Dk@@EB[@W@[AkAA_BAi@Ee@G]CKQWm@{@GKGUG[UcBG]Ku@AIAGCUAO?S@ODQFOHKFGRWt@y@^c@RYR_@R_@To@FSDSFUDWHk@BKFq@Bc@Be@?a@?W?SAMCa@AQC]Im@Ik@Mo@Oi@Oi@Og@Qa@Q_@Wi@[i@MSCCQYWYIKc@c@g@a@OI}@g@}@i@KKKOEGIUI[CWAc@?S@WDa@Fg@Fa@UISMQO]c@GIc@k@i@u@s@}@KOk@u@k@s@EGSWu@{@MMQMCNCJk@bAILMTQRSVYZ[d@e@r@a@r@ILOTQRMPKJQNC@@J?NCPIf@IXIXERADAFGTELNXDNDVTxAf@|Cz@tFTzAFd@^jBJnA@x@GtAEZG`@GTWlBYdAo@bAcAr@g@FgBLa@FINCR?VAl@??@m@?WBSHO`@GfBMf@GbAs@n@cAXeAVmBFUFa@D[FuAAy@KoA_@kBGe@U{A{@uFg@}CUyAEWEOOYM`@ITKLGJSPc@^QTIRKXMd@Kh@QvAOh@s@fAiAxAiBxBeAxBeA`CiAfCk@xASr@q@hBMPQJk@NUDMBa@FQHON]f@CB[l@Kf@Oz@Ev@MlC?R?f@GtApCXh@J	Click to Generate
S25	45	1			3	Tinsley Meadows Primary School (S25)	Tinsley Sports and Social Club (S25)	Madani Education Centre (S25)	4026	3020	gz~dI`joGvAqARp@BHHXFVRp@HZ_Ax@GFq@l@q@r@UVg@j@WZ[f@u@hAm@`AINmAvDELQ`@]h@U\OX]r@EIa@s@e@gA]eA[_AtAmBq@qBM@KDCDOa@??N`@BEJELAp@pBuAlBZ~@\dAd@fA`@r@DH\s@NYT]\i@Pa@DMlAwDHOl@aAt@iAZg@V[f@k@TWp@s@p@m@FG~@y@bC{BRQd@e@X]T]N]Pc@DQFWF_@@Ib@qDLeAPyAX}BBOD_@D]Ju@MAIAG@}A|@OFM???L?NG|A}@FAH@L@Kt@E\E^CNY|BQxAMdAc@pDAHG^GVEPQb@O\U\Y\e@d@SPcCzB_Ax@GFq@l@q@r@UVg@j@WZ[f@u@hAm@`AINmAvDELQ`@]h@U\OX]r@EIa@s@e@gAqEjGmBaCtFyHNh@BHVt@\dAd@fA`@r@DH\s@NYT]\i@Pa@DMlAwDHOl@aAt@iAZg@V[f@k@TWG]Kq@G_@Oy@Ie@`A}@	Click to Generate
S25	30	1			3	Volksgear (S25)	Shirefreen News 'n' Booze (S25)	Beck Primary School (S25)	2093	1570	c_deIzpwG??RVt@t@BDf@hAC\Ch@Gf@I|@Mt@CRIEEMAOAIOIECOAI@EF_@xB^yBDGHAN@TL@H@NDLHDe@hCHCNEJAH?L?D?FCDNFNb@l@x@jASfAUxAOrAKfAOjBGdAEtACl@ClAZ@??[A?JCjA?zB@dB@b@?h@Bp@[n@FFFHJB^B|@@`@Gd@K~@W?J?JANG\NvA??OwAF]@O?K?K_AVe@Ja@F}@A_@CKCGIGGZo@Cq@?i@Ac@AeB?{BBkA?KBmABm@DuAFeANkBJgANsATyARgAy@kAc@m@GOEOIa@Ie@Cg@AKAGEILu@H}@Fg@Bi@B]g@iACEu@u@SW??	Click to Generate
S25	45	1			3	Mint Nail (S25)	Flannels (S25)	The Cruise Holiday Shop (S25)	3442	2582	i}_eIr`sGLVRXBBBDB?B?DEHOP_@x@gBgAsBuAkAGEUQk@g@GEOKO[EGCICICGA[?S?I@I@KDSXUDEVOlAi@T[@ABMDU@{@?uCJe@@QDOHGFEHAH@nBRFBBD@D?D?D?B?RAFE@QAwAOCBAF?F?DBFR@ZDZBZDP@B@@B@JMzEAZt@pB??SZ}@_C@m@NkFP@B@@B@JEzAG~B[C[C[E[CQCLkFCG?E?G@GBCvANFCBE?I?GACCCC?eBSKAGCGKIMGQAW@O@OHi@F]?E@EDQLi@DMLYJU@EHORc@PWRULMHKNMNO^YROZQFELGTGREVGDAFAH?P?`@@P@D@VDXFHDJF\TLJLNLPNPVd@NZNZENCLGFKPEFSZ}A|BK@a@M?h@Ap@EbAC|@CbAC~@p@fB??T]T[T]T[V]T]CGQc@Qc@Qe@Qe@Qc@Qc@Qg@BUpBwCBK@A@O@MCYKOIOKMOSOOMM_@YGCMGQIGAYCWEWAO?G@E@c@FMDQHEBGBMHSNSNWTEDa@ZUR]b@Q^Wf@Qf@Of@EXGVKt@AJG~@C`A?JAvG?LAt@@P?J?^ATABEVo@~@GJKRILKNEPADEJBHAHCn@?t@@p@DZt@lA	Click to Generate
S25	45	1			3	Beck Primary School (S25)	Shirefreen News 'n' Booze (S25)	Shiregreen Medical Centre (S25)	3316	2487	q~beItjzGLeAq@Us@Qw@Qw@Ks@Ge@ACSGQKSe@cA]{@_@cAWy@Qq@Me@SaAUkAQmAEYMiAKcAGaAEu@wA^_@L?J?JANG\NvA??OwAF]@O?K?K_AVe@Ja@F}@A_@CKCGIGGZo@Cq@?i@Ac@AeB?{BBkA?KZ@??[ABmABm@DuAFeANkBJgANsATyARgAT^R^RVRNPHRHPBT?d@Cl@IpA_@@?bBi@XKXK`@ONGx@Ul@M\GLAd@E`@@XFPHvAn@rAp@h@VPHPLNLJJPBLBPF\PjB~@`Ah@B@HD|Az@d@Rf@Tj@TZHNDv@PD@AT]nFWbFcDc@y@Im@Ga@CM@C@EFgAgAMK]]CAGEMGMAc@@M??R?xB?V@bA?nC?L?l@Cd@C`@Er@IdAM`BGf@I|@Iv@MtA[lDUvBANIv@QjAo@]OGOIMdA	Click to Generate
S25	60	1			3	Ernest Jones (S25)	Jump Inc (S25)	SYPTE (S25)	5179	3884	im_eIdhrGAVp@fBT]T[T]T[V]T]CGQc@Qc@Qe@Qe@Qc@Qc@Qg@BUpBwCBK@A@O@MCYKOIOKMOSOOMM_@YGCMGQIGAYCWEWAO?G@E@c@FMDQHEBGBMHSNSNWTEDa@ZUR]b@Q^Wf@Qf@Of@EXGVKt@AJ@N@LDJ?@HLnBRFBBD@D?D?D?B?RAFE@QAwAOCBAF?F?DBFR@ZDZBZDP@B@@B@JMzEAZt@pB??SZ}@_C@m@NkF[E[C[ESACG?E?G@GBCvANFCBE?I?GACCCC?eBSKAGCGKIMGQAW@O@OHi@F]?E@EDQLi@DMLYJU@EHORc@PWRULMHKNMNO^YROZQFELGTGREVGDAFAH?P?`@@P@D@VDXFHDJF\TLJLNLPNPVd@NZNZVh@f@nAJRJL@BDBDFNHNDF@DBHEH?D?JEHGJINUBU?G?KEc@?IA]CGe@oAINMN}@cC\~@^bALOHOd@nABFNRJJBDB@B@F@D?JCr@aA`@g@DKPQ@IDQDKFIFGDAFAD?D@HBFFFHDLBJBJ?L?L?LCJCJEJEHGFEBGBI?GAOB_@J_@NUNURY\GJIHABSXGRITEJAHBZ@VCLCNEJGHGHGBIBIAGAIEEEEGCGEIAICKAYM_@So@EKcAyBQ_@GMSg@KOIOKMOSOOMM_@YGCMGQIGAYCWEWAO?G@E@c@FMDQHEBGBMHSNSNWTEDa@ZUR]b@Q^Wf@Qf@Of@EXGVKt@AJG~@C`A?JAvG?LAt@@P?J?^ATABEVo@~@GJKRILKNEPADEJBHFDXd@V`@FJ?\@P?X\l@HLNVNXXm@^y@gAsBuAkAGEUQk@g@GEOKO[EGCICICGA[?S?I@I@KDSXUDEVOlAi@T[@ABMDU@{@?uC@c@@g@@SBg@@O@OHi@F]?E@EDQLi@DMLYJU@EHORc@PWRULMHKNMNO^YROZQFELGTGREVGDAFAH?P?`@@P@D@VDXFHDJF\TLJLNLPNPVd@NZNZENCLGFKPEFSZ}A|BK@a@M?h@Ap@EbAC|@CbAAf@	Click to Generate
S25	60	1			3	Tinsley Sports and Social Club (S25)	Refuel (S25)	Sheffield Hallam University Sports Park (S25)	12141	9106	ie_eIfukGFb@Fv@@|@ErAMpAMbAFjANhA`@nB`CcDd@g@f@]b@Od@EpD@fA?~DA^@HATIVfBFd@BRF^F`@RvAh@~D~@`HD`@F^@FNtABLXdCXlCFz@@X?NAv@Et@AJKfAQjAE\SfAY|AS~AIp@O`BGrAMhEEdAGx@MAIAG@}A|@OFM???L?NG|A}@FAH@L@Kt@E\E^CNY|BQxAMdAc@pDAHG^GVEPQb@O\U\Y\e@d@SPcCzB_Ax@GFq@l@q@r@UVg@j@WZ[f@u@hAm@`AINmAvDELQ`@]h@U\OX]r@EIa@s@e@gAqEjGmBaCqBaCkAfBOTISqAyCYs@EK]cAUo@[g@MYGMGKY_@UU[a@GKKMCO?O@Y?GDk@Bm@Cq@AMCUAu@COEc@CWQyBa@aFE_@Ei@A]GmAAYQgECkAEgBAo@Ae@?Y@q@Bs@@a@Dg@Bg@Do@NwBPaDBWFoAHcBHcBFu@HuALuB@Y@]@k@A}@GeAKyBIqBE{AK}A_@eGUwBEg@Ky@UsBOmBKeAE]EUOu@Qm@Si@Se@Uc@QKA?[GEAKHC@KLEDIRoApBcAzAuAjB\xAR~@@~@A`B@z@Dp@Jr@Lp@X|@Lb@DLVpARdALhAHfADbA@t@@V?`ACt@MfA?HAn@BfA@z@RvL@|@ZxQ[yQA}@CqAOeJA{@CgA@o@?ILgABu@?aAAWAu@EcAIgAMiASeAWqAEMMc@Y}@Mq@Ks@Eq@A{@@aBA_AS_A]yAtAkBbA{AnAqBHS@KBU?C@]AO@QBKFMFGHAD?JFDFDR@N@R@PBDH^Tb@Rd@Rh@Pl@Nt@DTD\JdANlBTrBJx@Df@TvB^dGJ|ADzAHpBJxBFdA@|@Aj@A\AXMtBItAGt@IbBIbBGnACVQ`DOvBEn@Cf@Ef@A`@Cr@Ap@?X@d@@n@DfBBjAPfE@XFlA@\Dh@D^`@`FPxBBVDb@BNLh@?@Ht@BXN~@Nv@BLFPFPTv@f@bBNr@Tn@\bADJXr@pAxCHRl@lA`@z@DF`@x@Xd@`@j@JLRXHHVRNHTHVENBd@Fh@NN@VCDA\OVe@Ra@NeAHoAHy@No@L[LU\s@NYT]\i@Pa@DMlAwDHOl@aAt@iAZg@V[f@k@TWp@s@p@m@FG~@y@bC{BRQd@e@X]T]N]Pc@DQFWF_@@Ib@qDLeAPyAX}BBOD_@D]Ju@Fy@DeALiEFsANaBHq@R_BX}ARgAD]PkAJgA@K\NXN\RB@Jb@h@rCr@rBDRFRBT@XvA`Dk@qAk@oAAYCUGSESs@sBi@sCKc@CA]SYO]ODu@@w@?OAYG{@YmCYeCCMOuAAGG_@Ea@_AaHi@_ESwAGa@G_@CSGe@WgBUHI@_@A_E@gA?qDAe@Dc@Ng@\e@f@aCbDa@oBOiAGkALcALqADsAA}@Gw@Gc@	Click to Generate
S25	45	1			3	Reiss (S25)	SYPTE (S25)	Jump Inc (S25)	3614	2710	cv_eI`erG?HCJ@JMzEAZt@pB??SZ}@_C@m@NkF[E[C[ESACG?E?G@GBCvANFCBE?I?GACCCC?eBSIDA@EDGNEP?JAvG?LAt@@P?J?^ATABEVo@~@GJKRILKNEPADEJBHFDXd@V`@FJ?\@P?X\l@HLNVNXXm@^y@gAsBuAkAGEUQk@g@GEOKO[EGCICICGA[?S?I@I@KDSXUDEVOlAi@T[@ABMDU@{@?uC@c@@g@@SBg@@O@OHi@F]?E@EDQLi@DMLYJU@EHORc@PWRULMHKNMNO^YROZQFELGTGREVGDAFAH?P?`@@P@D@VDXFHDJF\TLJLNLPNPVd@NZNZVh@f@nAJRJL@BDBDFNHNDF@DBHEH?D?JEHGJINUBU?G?KEc@?IA]CGe@oAINMN}@cC\~@^bALOHOd@nABFNRJJBDB@B@F@D?JCr@aA`@g@DKPQ@IDQDKFIFGDAFAD?D@HBFFFHDLBJBJ?L?L?LCJCJEJEHGFEBGBI?GAOB_@J_@NUNURY\GJIHABSXGRITEJAHBZ@VCLCNEJGHGHGBIBIAGAIEEEEGCGEIAICKAYM_@So@EKcAyBQ_@GMSg@KOIOKMOSOOMM_@YGCMGQIGAYCWEWAO?G@E@c@FMDQHEBGBMHSNSNWTEDa@ZUR]b@Q^Wf@Qf@Of@EXGVKt@AJ@N@LDJ?@HLnBRFBBD@D?D?D?B?RAFE@QAwAOCBAF?F?DBFR@ZDZBZDP@B@@BBK?I	Click to Generate
S25	60	1			3	Blackburn Meadows Nature Reserve (S25)	ItsaGoal (S25)	Hanfia Masjid (S25)	12469	9352	qq`eIvumGOeJA{@CgA@o@?ILgABu@?aAAWAu@EcAIgAMiASeAWqAEMMc@Y}@Mq@Ks@Eq@A{@@aBA_AS_A]yAtAkBbA{AnAqBHS@KBU?C@]AOK_@ACQc@q@i@kAeAUW_@e@]i@Yq@Ww@Qm@Q_Ag@}C_@eCs@{ECU[qBc@oCKs@c@}AESGQIUK[IUYcAKSU[CCGMCOCk@GWMg@Ys@c@_A[i@]m@UUw@g@KCIEc@S]Ea@?e@LeIdDeBd@uAV_@BK@qAF}AAaBKWJMJIJEFCFGPKd@?FDlA@`@BTDl@DVD\Ff@Hx@D^Bd@Bn@@`A?~A?N?vA?f@?|@Ef@ShBw@dHMbAg@rEKx@C`@?\FnABz@@nA@p@?DAf@AjA?RChAAvA?xAApAC|B?b@?JCjBAdB?~@?FAZ?VAvBAxA?XCbE?P@\?BBNDRVd@HMNQLMj@i@^i@PYt@oAXe@`A_BTa@Zk@t@qALSdAkBDWB_@Hm@FIRCB?HCJEJM\e@NMPID@FBDFDJNr@BR@XNrG@d@@NBNl@LjA`@LB^@ZAP?TIL[VKREVGDSC{FBzFER??WFSDWJMZUHQ?[@_@AMCkAa@m@MCOAOAe@OsGAYCSOs@EKEGGCEAQHOL]d@KLKDIBC?SBGHIl@C^EVeAjBMRu@pA[j@U`@aA~AYd@u@nAQX_@h@k@h@MLOPILMZQp@b@b@bA`A\^j@x@FHnA`C`@t@l@nAf@vAN`@Pf@HTXx@`@nAZ~@BLPj@^|A?DHl@BNDVFp@HtAFtADtAFxBB`@FpB@j@Bb@@l@BV@T@PHrAJdABTRdBNdANlAj@lERxAD`@Jv@DZRxA@L`@|CVrBHn@P`AN`A^|BPhAl@bDRbAr@tDLn@ZxAZfAf@~AX|@d@rAZbA\fAl@~Ar@~Ah@vAFN^dAZnATrAPfABHHZFRDJHRFJ^TLFN?\GTIj@m@jEgE|KiJ|EeEnCmCfCsCbFeGn@cA?ALSH]BODs@Cg@?_@@]@UBQDSJa@Ve@Ra@NeAHoAHy@No@L[LUEIa@s@e@gA]eA[_AOi@kAgDcCaHYkEQFKeB@Q`AYLMHQDUSKY]OyBIoAXhEX\RJETIPMLaAXAPJdBPGXjEbC`HaBxB}AtBoA~AKNkAfBOTIS{@oBUi@Ys@EK]cAUo@[g@MYGMGKY_@UU[a@GKKMCO?O@Y?GDk@Bm@Cq@AMCUAu@COEc@CWQyBa@aFE_@Ei@A]GmAAYQgECkAEgBAo@Ae@?Y@q@Bs@@a@Dg@Bg@Do@NwBPaDBWFoAHcBHcBFu@HuALuB@Y@]@k@A}@GeAKyBIqBE{AK}A_@eGUwBEg@Ky@UsBOmBKeAE]EUOu@Qm@Si@Se@Uc@QKA?[GEAKHC@KLEDIRoApBcAzAuAjB\xAR~@@~@A`B@z@Dp@Jr@Lp@X|@Lb@DLVpARdALhAHfADbA@t@@V?`ACt@MfA?HAn@BfA@z@NdJ	Click to Generate
S25	60	1			3	Molton Brown (S25)	SYPTE (S25)	Jump Inc (S25)	5157	3868	_u_eIlqrG??SZ}@_C@m@NkF[E[C[ESACG?E?G@GBCvANFCBE?I?GACCCC?eBSKAGCGKIMGQAW@O@OHi@F]?E@EDQLi@DMLYJU@EHORc@PWRULMHKNMNO^YROZQFELGTGREVGDAFAH?P?`@@P@D@VDXFHDJF\TLJLNLPNPVd@NZNZENCLGFKPEFSZ}A|BK@a@M?h@Ap@EbAC|@A|@ADbAhCT[T]T[V]T]CGQc@Qc@Qe@Qe@Qc@Qc@Qg@BUpBwCBK@A@O@MCYKOIOKMOSOOMM_@YGCMGQIGAYCWEWAO?G@E@c@FMDQHEBGBMHSNSNWTEDa@ZUR]b@Q^Wf@Qf@Of@EXGVKt@AJG~@C`A?JAvG?LAt@@P?J?^ATABEVo@~@GJKRILKNEPADEJBHFDXd@V`@FJ?\@P?X\l@HLNVNXXm@^y@gAsBuAkAGEUQk@g@GEOKO[EGCICICGA[?S?I@I@KDSXUDEVOlAi@T[@ABMDU@{@?uC@c@@g@@SBg@@O@OHi@F]?E@EDQLi@DMLYJU@EHORc@PWRULMHKNMNO^YROZQFELGTGREVGDAFAH?P?`@@P@D@VDXFHDJF\TLJLNLPNPVd@NZNZVh@f@nAJRJL@BDBDFNHNDF@DBHEH?D?JEHGJINUBU?G?KEc@?IA]CGe@oAINMN}@cC\~@^bALOHOd@nABFNRJJBDB@B@F@D?JCr@aA`@g@DKPQ@IDQDKFIFGDAFAD?D@HBFFFHDLBJBJ?L?L?LCJCJEJEHGFEBGBI?GAOB_@J_@NUNURY\GJIHABSXGRITEJAHBZ@VCLCNEJGHGHGBIBIAGAIEEEEGCGEIAICKAYM_@So@EKcAyBQ_@GMSg@KOIOKMOSOOMM_@YGCMGQIGAYCWEWAO?G@E@c@FMDQHEBGBMHSNSNWTEDa@ZUR]b@Q^Wf@Qf@Of@EXGVKt@AJ@N@LDJ?@HLnBRFBBD@D?D?D?B?RAFE@QAwAOCBAF?F?DBFR@ZDZBZDP@B@@B@JMzEAZt@pB	Click to Generate
S25	15	1			3	Two Dinners Ignatiu (S25)	Abbey School (S25)	Winterhill School (S25)	1255	941	ikceInhqGGhBIZkCpB??ODQCg@YYCw@Eq@@Al@??@m@?WBSHO`@GfBMf@GbAs@n@cAXeAVmBFUFa@D[FuAAy@KoA_@kBGe@U{A{@uFDCHEBCBA`@WPK??QJa@VC@CBIDEBz@tFTzAFd@^jBJnA@x@GtAEZC`A?zAEfA	Click to Generate
S25	20	1			3	St Thomas Church Wincobank (S25)	Wincobank Post Office (S25)	Eastwoods (S25)	1566	1174	{daeInctGBPPt@fCDHBHBdAdBFJLN`@l@d@j@VV^^^\^`@VVPLIk@w@oHSgBOkA_@eDO{AOuAPIDA~@]LEd@lEf@nElAtKv@dH?JADCDCDcA`@AEGOGUWuAKo@OoAQMWW_@a@_@]_@_@WWe@k@a@m@MOGKeAeBICICgCEQu@CQ	Click to Generate
S25	60	1			3	Blackburn Meadows Nature Reserve (S25)	ItsaGoal (S25)	Hanfia Masjid (S25)	12561	9421	kq`eI`zmGAw@SwLA{@CgA@o@?ILgABu@?aAAWAu@EcAIgAMiASeAWqAEMMc@Y}@Mq@Ks@Eq@A{@@aBA_AS_A]yAtAkBbA{AnAqBHS@KBU?C@]AOK_@ACQc@q@i@kAeAUW_@e@]i@Yq@Ww@Qm@Q_Ag@}C_@eCs@{ECU[qBc@oCKs@c@}AESGQIUK[IUYcAKSU[CCGMCOCk@GWMg@Ys@c@_A[i@]m@UUw@g@KCIEc@S]Ea@?e@LeIdDeBd@uAV_@BK@qAF}AAaBKWJMJIJEFCFGPKd@?FDlA@`@BTDl@DVD\Ff@Hx@D^Bd@Bn@@`A?~A?N?vA?f@?|@Ef@ShBw@dHMbAg@rEKx@C`@?\FnABz@@nA@p@?DAf@AjA?RChAAvA?xAApAC|B?b@?JCjBAdB?~@?FAZ?VAvBAxA?XCbE?P@\?BBNDRVd@HMNQLMj@i@^i@PYt@oAXe@`A_BTa@Zk@t@qALSdAkBDWB_@Hm@FIRCB?HCJEJM\e@NMPID@FBDFDJNr@BR@XNrG@d@@NBNl@LjA`@LB^@ZAP?TIL[VKREVGDSC{FBzFER??WFSDWJMZUHQ?[@_@AMCkAa@m@MCOAOAe@OsGAYCSOs@EKEGGCEAQHOL]d@KLKDIBC?SBGHIl@C^EVeAjBMRu@pA[j@U`@aA~AYd@u@nAQX_@h@k@h@MLOPILMZQp@b@b@bA`A\^j@x@FHnA`C`@t@l@nAf@vAN`@Pf@HTXx@`@nAZ~@BLPj@^|A?DHl@BNDVFp@HtAFtADtAFxBB`@FpB@j@Bb@@l@BV@T@PHrAJdABTRdBNdANlAj@lERxAD`@Jv@DZRxA@L`@|CVrBHn@P`AN`A^|BPhAl@bDRbAr@tDLn@ZxAZfAf@~AX|@d@rAZbA\fAl@~Ar@~Ah@vAFN^dAZnATrAPfABHHZFRDJHRFJ^TLFN?\GTIj@m@jEgE|KiJ|EeEnCmCfCsCbFeGn@cA?ALSH]BODs@Cg@?_@@]@UBQDSJa@Ve@Ra@NeAHoAHy@No@L[LUEIa@s@e@gA]eA[_AOi@kAgDcCaHYkEQFKeB@Q`AYLMHQDUSKY]OyBIoAXhEX\RJETIPMLaAXAPJdBPGXjEbC`HaBxB}AtBoA~AKNkAfBOTIS{@oBUi@Ys@EK]cAUo@[g@MYGMGKY_@UU[a@GKKMCO?O@Y?GDk@Bm@Cq@AMCUAu@COEc@CWQyBa@aFE_@Ei@A]GmAAYQgECkAEgBAo@Ae@?Y@q@Bs@@a@Dg@Bg@Do@NwBPaDBWFoAHcBHcBFu@HuALuB@Y@]@k@A}@GeAKyBIqBE{AK}A_@eGUwBEg@Ky@UsBOmBKeAE]EUOu@Qm@Si@Se@Uc@QKA?[GEAKHC@KLEDIRoApBcAzAuAjB\xAR~@@~@A`B@z@Dp@Jr@Lp@X|@Lb@DLVpARdALhAHfADbA@t@@V?`ACt@MfA?HAn@BfA@z@RvL@v@	Click to Generate
S25	45	1			3	Tinsley Sports and Social Club (S25)	St Lawrence Church (S25)	Cohens Chemist (S25)	3088	2316	{z}dId_nGk@oAAYCUGSESs@sBi@sCKc@CA]SYO]OAJKfAQjAE\SfAY|AS~AIp@O`BGrAMhEEdAGx@MAIAG@}A|@OFM???L?NG|A}@FAH@L@Kt@E\E^CNY|BQxAMdAc@pDAHG^GVEPQb@O\U\Y\e@d@SPcCzBI[Sq@GWIYCISq@IQAEEGCEKIOC@_@?SBODMr@}ADGFEHAH?NJLFHBFAFdABHDBB@CAECCIGeAG@ICMGOKI?I@GDEFs@|AEL?BCJ?RA^NBJHBDDF@DHPRp@BHHXFVRp@HZ_Ax@GFq@l@q@r@G]Kq@G_@Oy@Ie@v@u@`ByARp@BHHXFVRp@HZbC{BRQd@e@X]T]N]Pc@DQFWF_@@Ib@qDLeAPyAX}BBOD_@D]Ju@Fy@DeALiEFsANaBHq@R_BX}ARgAD]PkAJgA@K\NXN\RB@Jb@h@rCr@rBDRFRBT@Xj@nA	Click to Generate
S25	45	1			3	Beck Primary School (S25)	Volksgear (S25)	Muscle Fusion (S25)	3087	2315	wzceIh|xG[A?JCjA?zB@dB@b@?h@Bp@[n@FFFHJB^B|@@`@Gd@K~@W?J?JANG\NvA??OwAF]@O?K?K_AVe@Ja@F}@A_@CKCGIGGQ^Qb@K`@Ib@Kf@Ed@AXCXCACCEECIE]G}@AWEo@UgDOcDCUCIIIHyBJsCDmABi@Bw@LsCBq@Bq@JsAJmAL}@Lu@Hm@DWd@iCIEEMAOAIOIECOAI@EF_@xB^yBDGHAN@TL@H@NDLHDBSLu@H}@Fg@Bi@B]g@iACEu@u@SW??OWUg@KUIOYm@aAcBh@oB\cATi@Vi@^q@x@_BdAwBR\v@~Ae@Td@Uw@_BS]eAvBy@~A_@p@Wh@Uh@]bAi@nB`AbBXl@HNJTTf@NVRVt@t@BDf@hAC\Ch@Gf@I|@Mt@DH@F@JBf@Hd@H`@DNFNb@l@x@jASfAUxAOrAKfAOjBGdAEtACl@ClAZ@	Click to Generate
S25	60	1			3	Hartley Brook Road Post Office (S25)	Beck Primary School (S25)	Woolley Wood LNR (S25)	7235	5426	ynbeItnxGaAi@kB_A]QQGMCQCBZ?t@?RAhD?`D?fC?r@?R?xB?V@bA?nC?L?l@Cd@C`@Er@IdAM`BGf@I|@Iv@MtA[lDUvBANcAk@E@C@ADEVU|Aq@Us@Qw@Qw@Ks@Ge@ACSGQKSe@cA]{@_@cAWy@Qq@Me@SaAUkAQmAEYMiAKcAGaAEu@wA^_@L?J?JANG\NvA??OwAF]@O?K?K_AVe@Ja@F}@A_@CKCGIGGZo@Cq@?i@Ac@AeB?{BBkA?KBmABm@DuAFeANkBJgANsATyARgAy@kAc@m@GOEOIa@Ie@Cg@AKAGEILu@H}@Fg@Bi@B]@KDa@B_@Fc@@MLi@H_@Vw@^{@l@oAt@mAt@gA`CyC~@qAn@_Ar@iAjAwBj@uAbAcDx@kCr@kBz@gBhCeGj@kAjDcHtAiCvDcGxA{AxAeAhCwAbBy@nAo@pA_ArBoB~@iAh@cAnB}DxAoC?\?TG\Kj@Jk@F]?U?]yAnCoB|Di@bA_AhAsBnBqA~@oAn@cBx@iCvAyAdAyAzAwDbGuAhCwEnJiCdG{@fBs@jBy@jCcAbDk@tAkAvBs@hAo@~@_ApAaCxCu@fAu@lAm@nA_@z@Wv@I^Mh@ALGb@C^E`@AJC\Ch@Gf@I|@Mt@DH@F@JBf@Hd@H`@DNFNb@l@x@jAT^R^RVRNPHRHPBT?d@Cl@IpA_@@?bBi@XKXK`@ONGx@Ul@M\GLAd@E`@@XFPHvAn@rAp@h@VPHPLNLJJPBLBPF\PjB~@`Ah@	Click to Generate
S25	20	1			3	St Lawrence Church (S25)	Tinsley Meadows Primary School (S25)	Madani Education Centre (S25)	2011	1508	kz~dI~noG[^Jp@F\p@s@p@m@FG~@y@I[Sq@GWIYCISq@IQAEEGCEKIOC@_@?SBODMr@}ADGFEHAH?NJLFHBFAFdABHDBB@CAECCIGeAG@ICMGOKI?I@GDEFs@|AEL?BCJ?RA^NBJHBDDF@DHPRp@BHHXFVRp@HZ_Ax@GFq@l@q@r@UVg@j@WZ[f@u@hAm@`AINmAvDELQ`@]h@U\OX]r@EIa@s@e@gA]eA[_AtAmBq@qBM@KDCDOa@??N`@BEJELAp@pBuAlBBHVt@\dAd@fA`@r@DH\s@NYT]\i@Pa@DMlAwDHOl@aAt@iAZg@V[f@k@TWG]Kq@Z_@	Click to Generate
S25	30	1			3	Kelford School (S25)	Dave's Fish Bar (S25)	Meadow View Primary School (S25)	2617	1963	edbeIvkoGQMc@]CAy@m@mE}CEIAI?E?Uf@}CtB}Mj@j@r@v@\^Z\FHTTHHGNEDIBGAEIEHK\_@vAAH?JDVDNB@@B@D?@@BAD?DCBA@C@CACCAC?EAE@E@CBC@AB?EOEW?K@I^wAJ]DIAI?KFWGI[]]_@s@w@k@k@uB|Mg@|C?T?D@HDHlE|Co@`DERYvAMd@Od@Ul@u@tBCHw@rBg@rAKVm@u@[]SOSMe@QKEo@SUISMQO]c@GIc@k@i@u@s@}@^oARm@??Sl@_@nAr@|@h@t@b@j@FH\b@PNRLTHn@RJDd@PRLRNZ\l@t@r@kBv@sBBIt@uBTm@Ne@Le@XwADSn@aDx@l@B@b@\PL	Click to Generate
S25	20	1			3	The Colin (S25)	Zena (S25)	The Salvation Army - Rotherham (S25)	1875	1406	gfdeIrxoGBE?Q?SCOEQIMAKCOAM?OBM@MXgCvB`C|A|AFFHDHALGLMz@{AJLFBHDF@PDVDh@H`@DD@\Dd@DdAFH?D@HFDHDLd@lBDLC@@J?NCPIf@IXIXERADAFGTGGEEAK?QDIHE??H?FBERADAFGTELNXEJMd@Kj@??Jk@Le@DKOYDMFU@G@EDSHY@]?QAQESZYBAPOJKLQPSNUHM`@s@d@s@Ze@X[HVLZDHb@j@c@k@EIM[IWYZOTKNe@r@a@r@ILOTQRMPKJQNEMe@mBEMEIIGEAI?eAGe@E]EEAa@Ei@IWEQEGAIEGCKM{@zAMLMFI@IEGG}A}AwBaCYfCALCL?N@LBN@JHLDPBN?R?PCD	Click to Generate
S25	45	1			3	Cohens Chemist (S25)	Tinsley Sports and Social Club (S25)	Tinsley Meadows Primary School (S25)	3040	2280	{x~dIzcoGCJ?RA^NBJHBDDF@DHPRp@BHHXFVRp@HZ_Ax@GFq@l@q@r@G]Kq@G_@Oy@Ie@v@u@`ByARp@BHHXFVRp@HZbC{BRQd@e@X]T]N]Pc@DQFWF_@@Ib@qDLeAPyAX}BBOD_@D]Ju@MAIAG@}A|@OFM???L?NG|A}@FAH@L@Kt@E\E^CNY|BQxAMdAc@pDAHG^GVEPQb@O\U\Y\e@d@SPcCzB_Ax@GFq@l@q@r@UVg@j@WZ[f@u@hAm@`AINmAvDELQ`@]h@U\OX]r@EIa@s@e@gA]eA[_AtAmBq@qBM@KDCDOa@??N`@BEJELAp@pBuAlBZ~@\dAd@fA`@r@DH\s@NYT]\i@Pa@DMlAwDHOl@aAt@iAZg@V[f@k@TWp@s@p@m@FG~@y@I[Sq@GWIYCISq@IQAEEGCEKIOC@_@?SBK	Click to Generate
S25	20	1			3	The Salvation Army - Rotherham (S25)	Bake N Butty (S25)	The Manor Barn (S25)	1779	1334	qhceI~hoGQTOJFP|@vCMTQRSVYZ[d@e@r@a@r@ILOTQRMPKJQNC@@J?NCPIf@IX@]?QAQESZYBAPOJKLQPSNUHM`@s@d@s@JONUX[RWPSLUHMj@cABKBOPLLLLNf@j@RVDFj@r@j@t@JN^oARm@Sl@_@nAKOk@u@k@s@EGSWu@{@MMQM?MAOCWGu@K}@EWKi@GS]sAKi@G]GYGm@Gm@Ci@Ae@@c@@O@UHg@Hc@Rs@NTR\p@~AJPLLXXaBjDMRGHYTJh@\rAFRJh@DVJ|@Ft@BV@N?LCNCJk@bAIL}@wCGQNKPU	Click to Generate
S25	15	1			3	Wincobank Post Office (S25)	Savemore (S25)	Eastwoods (S25)	1426	1070	ix`eInatGNjAbBu@g@oEe@mEMD_A\E@QHm@V}@ZwB`A]HI@OAU?a@?YDQHYTRdAXvAXrABPPt@fCDHBHBdAdBFJLN`@l@d@j@VV^^^\^`@VVPLNnAJn@VtAFTFN@DbAa@BEBE@E?Kw@eHeBv@w@oHSgBOkA	Click to Generate
S25	60	1			3	Morris (S25)	Abbey School (S25)	Crow Girl (S25)	8505	6379	yideIrjqG??QJk@NUDMBa@FQHON]f@CB[l@Kf@Oz@Ev@MlC?R?f@GtApCXh@J??vCx@FBnCr@VLnGvHzCjDLJj@d@PLb@VjCjALFFBx@Z~@h@`DzBvDbCvBvAr@f@d@d@f@b@BDRTV\Pu@H]P{@J[L_@f@yAZy@Rm@JYF_@Da@Da@NuAJmAJcAJkANyAHy@Dk@@EB[@W@[AkAA_BAi@Ee@G]CKQWm@{@GKGUG[UcBG]Ku@AIAGCUAO?S@ODQFOHKFGRWt@y@^c@RYR_@R_@To@FSDSFUDWHk@BKFq@Bc@Be@?a@?W?SAMCa@AQC]Im@Ik@Mo@Oi@Oi@Og@Qa@Q_@Wi@[i@MSCCQYWYIKc@c@g@a@OI}@g@}@i@KKKOEGIUI[CWAc@?S@WDa@Fg@Fa@UISMQO]c@GIc@k@i@u@s@}@KOk@u@k@s@EGSWu@{@MMQMCNCJk@bAILMTQRSVYZ[d@e@r@a@r@ILOTQRMPKJQNC@@J?NCPIf@IXIXERADAFGTELNXDNDVTxAf@|Cz@tFTzAFd@^jBJnA@x@GtAEZG`@GTWlBYdAo@bAcAr@g@FgBLa@FINCR?VAl@??@m@?WBSHO`@GfBMf@GbAs@n@cAXeAVmBFUFa@D[FuAAy@KoA_@kBGe@U{A{@uFg@}CUyAEWEOOYDMFU@G@EDSHY@]?QAQESZYBAPOJKLQPSNUHM`@s@d@s@Ze@X[RWPSLUHMj@cABKBOPLLLt@z@RVDFj@r@j@t@JNr@|@h@t@b@j@FH\b@PNRLTHG`@Gf@E`@AV?R@b@BVHZHTDFJNJJ|@h@|@f@NHf@`@b@b@HJVXPXBBLRZh@Vh@P^P`@Nf@Nh@Nh@Ln@Hj@Hl@B\@PB`@@L?R?V?`@Cd@Cb@Gp@CJIj@EVGTERGRUn@S^S^SX_@b@u@x@SVGFIJGNEPAN?R@NBT@F@HJt@F\TbBFZFTFJl@z@PVBJF\Dd@@h@@~A@jAAZAVCZADEj@Ix@OxAKjAKbAKlAOtAE`@E`@G^KXSl@[x@g@xAM^KZQz@I\Qt@W]SUCEg@c@e@e@s@g@wBwAwDcCaD{B_Ai@y@[GCMGkCkAc@WQMk@e@MK{CkD_DuDoBaCWMoCs@GCwCy@i@KqCYFuA?g@?SLmCDw@N{@Jg@Zm@BC\g@NOPI`@GLCTEj@OPK??	Click to Generate
S25	60	1			3	H.Samuel (S25)	Jump Inc (S25)	SYPTE (S25)	5179	3884	im_eInhrGALp@fBT]T[T]T[V]T]CGQc@Qc@Qe@Qe@Qc@Qc@Qg@BUpBwCBK@A@O@MCYKOIOKMOSOOMM_@YGCMGQIGAYCWEWAO?G@E@c@FMDQHEBGBMHSNSNWTEDa@ZUR]b@Q^Wf@Qf@Of@EXGVKt@AJ@N@LDJ?@HLnBRFBBD@D?D?D?B?RAFE@QAwAOCBAF?F?DBFR@ZDZBZDP@B@@B@JMzEAZt@pB??SZ}@_C@m@NkF[E[C[ESACG?E?G@GBCvANFCBE?I?GACCCC?eBSKAGCGKIMGQAW@O@OHi@F]?E@EDQLi@DMLYJU@EHORc@PWRULMHKNMNO^YROZQFELGTGREVGDAFAH?P?`@@P@D@VDXFHDJF\TLJLNLPNPVd@NZNZVh@f@nAJRJL@BDBDFNHNDF@DBHEH?D?JEHGJINUBU?G?KEc@?IA]CGe@oAINMN}@cC\~@^bALOHOd@nABFNRJJBDB@B@F@D?JCr@aA`@g@DKPQ@IDQDKFIFGDAFAD?D@HBFFFHDLBJBJ?L?L?LCJCJEJEHGFEBGBI?GAOB_@J_@NUNURY\GJIHABSXGRITEJAHBZ@VCLCNEJGHGHGBIBIAGAIEEEEGCGEIAICKAYM_@So@EKcAyBQ_@GMSg@KOIOKMOSOOMM_@YGCMGQIGAYCWEWAO?G@E@c@FMDQHEBGBMHSNSNWTEDa@ZUR]b@Q^Wf@Qf@Of@EXGVKt@AJG~@C`A?JAvG?LAt@@P?J?^ATABEVo@~@GJKRILKNEPADEJBHFDXd@V`@FJ?\@P?X\l@HLNVNXXm@^y@gAsBuAkAGEUQk@g@GEOKO[EGCICICGA[?S?I@I@KDSXUDEVOlAi@T[@ABMDU@{@?uC@c@@g@@SBg@@O@OHi@F]?E@EDQLi@DMLYJU@EHORc@PWRULMHKNMNO^YROZQFELGTGREVGDAFAH?P?`@@P@D@VDXFHDJF\TLJLNLPNPVd@NZNZENCLGFKPEFSZ}A|BK@a@M?h@Ap@EbAC|@CbAAp@	Click to Generate
S25	45	1			3	Freddy (S25)	Crow Girl (S25)	Yazier (S25)	3416	2562	_xceIvnrGxAbBLJj@d@PLb@VjCjALFFBx@Z~@h@`DzBvDbCvBvAr@f@d@d@f@b@[bBAJKv@Kz@E~@Al@Aj@?l@IEECIQCSDYFGBALE@m@D_AJ{@Jw@@KZcBg@c@e@e@s@g@wBwAwDcCaD{B_Ai@y@[GCMGkCkAc@WMKCAk@e@MK{CkD_DuDoBaCWMoCs@A~@?f@FVbBdBf@fAj@r@J`@@f@CHEL@h@t@pBhBpDr@`B^l@b@dAxAv@n@f@rApA`AHfAl@Zp@@jAFYDIHIL@JH|@bAx@xAv@|BJFFWKcCO{@[qA[eAYiASw@c@y@Qw@SqA??Ky@Mg@I]C]@g@GCMGkCkAc@WQMk@e@MKyAcB	Click to Generate
S25	60	1			3	Phase Eight (S25)	SYPTE (S25)	Jump Inc (S25)	5179	3884	_u_eIlqrG??SZ}@_C@m@NkF[E[C[ESACG?E?G@GBCvANFCBE?I?GACCCC?eBSKAGCGKIMGQAW@O@OHi@F]?E@EDQLi@DMLYJU@EHORc@PWRULMHKNMNO^YROZQFELGTGREVGDAFAH?P?`@@P@D@VDXFHDJF\TLJLNLPNPVd@NZNZENCLGFKPEFSZ}A|BK@a@M?h@Ap@EbAC|@CbAAf@AVp@fBT]T[T]T[V]T]CGQc@Qc@Qe@Qe@Qc@Qc@Qg@BUpBwCBK@A@O@MCYKOIOKMOSOOMM_@YGCMGQIGAYCWEWAO?G@E@c@FMDQHEBGBMHSNSNWTEDa@ZUR]b@Q^Wf@Qf@Of@EXGVKt@AJG~@C`A?JAvG?LAt@@P?J?^ATABEVo@~@GJKRILKNEPADEJBHFDXd@V`@FJ?\@P?X\l@HLNVNXXm@^y@gAsBuAkAGEUQk@g@GEOKO[EGCICICGA[?S?I@I@KDSXUDEVOlAi@T[@ABMDU@{@?uC@c@@g@@SBg@@O@OHi@F]?E@EDQLi@DMLYJU@EHORc@PWRULMHKNMNO^YROZQFELGTGREVGDAFAH?P?`@@P@D@VDXFHDJF\TLJLNLPNPVd@NZNZVh@f@nAJRJL@BDBDFNHNDF@DBHEH?D?JEHGJINUBU?G?KEc@?IA]CGe@oAINMN}@cC\~@^bALOHOd@nABFNRJJBDB@B@F@D?JCr@aA`@g@DKPQ@IDQDKFIFGDAFAD?D@HBFFFHDLBJBJ?L?L?LCJCJEJEHGFEBGBI?GAOB_@J_@NUNURY\GJIHABSXGRITEJAHBZ@VCLCNEJGHGHGBIBIAGAIEEEEGCGEIAICKAYM_@So@EKcAyBQ_@GMSg@KOIOKMOSOOMM_@YGCMGQIGAYCWEWAO?G@E@c@FMDQHEBGBMHSNSNWTEDa@ZUR]b@Q^Wf@Qf@Of@EXGVKt@AJ@N@LDJ?@HLnBRFBBD@D?D?D?B?RAFE@QAwAOCBAF?F?DBFR@ZDZBZDP@B@@B@JMzEAZt@pB	Click to Generate
S25	45	1			3	Mint Nail (S25)	Flannels (S25)	The Cruise Holiday Shop (S25)	3403	2552	{y_eIj_sG^y@gAsBuAkAGEUQk@g@GEOKO[EGCICICGA[?S?I@I@KDSXUDEVOlAi@T[@ABMDU@{@?uCJe@@QDOHGFEHAH@nBRFBBD@D?D?D?B?RAFE@QAwAOCBAF?F?DBFR@ZDZBZDP@B@@B@JMzEAZt@pB??SZ}@_C@m@NkFP@B@@B@JEzAG~B[C[C[E[CQCLkFCG?E?G@GBCvANFCBE?I?GACCCC?eBSKAGCGKIMGQAW@O@OHi@F]?E@EDQLi@DMLYJU@EHORc@PWRULMHKNMNO^YROZQFELGTGREVGDAFAH?P?`@@P@D@VDXFHDJF\TLJLNLPNPVd@NZNZENCLGFKPEFSZ}A|BK@a@M?h@Ap@EbAC|@CbAC~@p@fB??T]T[T]T[V]T]CGQc@Qc@Qe@Qe@Qc@Qc@Qg@BUpBwCBK@A@O@MCYKOIOKMOSOOMM_@YGCMGQIGAYCWEWAO?G@E@c@FMDQHEBGBMHSNSNWTEDa@ZUR]b@Q^Wf@Qf@Of@EXGVKt@AJG~@C`A?JAvG?LAt@@P?J?^ATABEVo@~@GJKRILKNEPADEJBHFDXd@V`@FJ?\@P?X\l@HLNVNXXm@	Click to Generate
S25	15	1			3	Zena (S25)	The Salvation Army - Rotherham (S25)	Winterhill School (S25)	1060	795	mqceId~oG??H?FBERADAFGTELNXEJMd@Kj@??Jk@Le@DKOYDMFU@G@EDSHY@]?QAQESZYBAPOJKLQPSNUHM`@s@d@s@Ze@X[HVLZDHb@j@c@k@EIM[IWYZOTKNe@r@a@r@ILOTQRMPKJQNC@@J?NCPIf@IXIXERADAFGTELNXDNDVTxAf@|CDCHEBCBA`@WPK??QJa@VC@CBIDEBg@}CUyAEWEOOYDMGGEEAK?QDIHE	Click to Generate
S25	45	1			3	Baytree Interiors (S25)	Eurochange (S25)	SYPTE (S25)	3374	2530	yk_eIdlrG??T]T[uAqDCbA?TCh@p@fBT]T[T]T[V]T]CGQc@Qc@Qe@Qe@Qc@Qc@Qg@BUpBwCBK@A@O@MCYKOIOKMOSOOMM_@YGCMGQIGAYCWEWAO?G@E@c@FMDQHEBGBMHSNSNWTEDa@ZUR]b@Q^Wf@Qf@Of@EXGVKt@AJ@N@LDJ?@HLnBRFBBD@D?D?D?B?RAFE@QAwAOCBAF?F?DBFR@ZDZBZDP@B@@B@JMzEAZt@pB??SZ}@_C@m@NkF[E[C[ESACG?E?G@GBCvANFCBE?I?GACCCC?eBSIDA@EDGNEP?JAvG?LAt@@P?J?^ATABEVo@~@GJKRILKNEPADEJBHFDXd@V`@FJ?\@P?X\l@HLNVNXXm@^y@gAsBuAkAGEUQk@g@GEOKO[EGCICICGA[?S?I@I@KDSXUDEVOlAi@T[@ABMDU@{@?uC@c@@g@@SBg@@O@OHi@F]?E@EDQLi@DMLYJU@EHORc@PWRULMHKNMNO^YROZQFELGTGREVGDAFAH?P?`@@P@D@VDXFHDJF\TLJLNLPNPVd@NZNZENCLGFKPEFSZ}A|BK@a@M?h@Ap@EbAC|@CbAC~@p@fB	Click to Generate
S25	60	1			3	Brutus (S25)	Two Dinners Ignatiu (S25)	Dave's Fish Bar (S25)	4878	3658	aobeIpuqG[PG]Ku@AIAGCUAO?S@ODQFOHKFGRWt@y@^c@RYR_@R_@To@FSDSFUDWHk@BKFq@Bc@Be@?a@?W?SAMCa@AQC]Im@Ik@Mo@Oi@Oi@Og@Qa@Q_@Wi@[i@MSCCQYWYIKc@c@g@a@OI}@g@}@i@KKKOEGIUI[CWAc@?S@WDa@Fg@Fa@UISMQO]c@GIc@k@i@u@s@}@KOk@u@k@s@EGSWu@{@MMQMCNCJk@bAILMTQRSVYZ[d@e@r@a@r@ILOTQRMPKJQNC@@J?NCPIf@IXIXERADAFGTELNXDNDVTxAf@|Cz@tFTzAFd@^jBJnA@x@GtAEZC`A?zAMpDADGTkCpB??ODQCg@YYCw@Eq@@?WBSHO`@GfBMf@GbAs@n@cAXeAVmBFUFa@D[FuAAy@KoA_@kBGe@U{A{@uFg@}CUyAEWEOOYDMFU@G@EDSHY@]?QAQESZYBAPOJKLQPSNUHM`@s@d@s@Ze@X[RWPSLUHMj@cABKBOPLLLt@z@RVDFj@r@j@t@JNr@|@h@t@b@j@FH\b@PNRLTHn@RJDd@PRLRNZ\l@t@r@kB`DlDaDmDg@rAKVm@u@[]SOSMe@QKEo@SG`@Gf@E`@AV?R@b@BVHZHTDFJNJJ|@h@|@f@NHf@`@b@b@HJVXPXBBLRZh@Vh@P^P`@Nf@Nh@Nh@Ln@Hj@Hl@B\@PB`@@L?R?V?`@Cd@Cb@Gp@CJIj@EVGTERGRUn@S^S^SX_@b@u@x@SVGFIJGNEPAN?R@NBT@F@HJt@F\ZQ	Click to Generate
S25	30	1			3	Kimberworth Library (S25)	Kimberworth Community Primary School (S25)	The Salvation Army - Rotherham (S25)	2109	1582	oiceIfwnGANAb@@d@Bh@Fl@Fl@FXF\XU@CDELS`BkDYYMMKQq@_BS]OUN_@DMNc@Vi@HQHSDSBM@QHk@t@t@NLF@FCDGXmBN}@BKBEF@TLTN\T@FO~@Mz@GDG?IEEEAE?G^eCD[@E@SAKKMUCQE]SKEC?G?ICc@YCPO`AK~@MlACRIj@APCLERIRIPWh@Ob@ELO^Sr@Ib@If@Cd@Ab@@d@Bh@Fl@Fl@FXF\Jh@\rAFRJh@DVJ|@Ft@BV@N?LCNCJk@bAILMTQRSVYZ[d@e@r@a@r@ILOTQRMPKJQNC@@J?NCPIf@IX@]?QAQESZYBAPOJKLQPSNUHM`@s@d@s@JONUX[RWPSLUHMj@cABKBO?MAOCWGu@K}@EWKi@GS]sAKi@G]GYGm@Gm@Ci@Ae@@c@@O	Click to Generate
S25	15	1			3	St Thomas (S25)	Bake N Butty (S25)	The Colin (S25)	1224	918	kjceI~roGNUX[RWPSLU}@wCGQNKV[EDQTOJFP|@vCHMj@cABKBOPLLLLNf@j@RVDFj@r@j@t@JN^oARm@Sl@_@nAKOk@u@k@s@EGSWu@{@MMQMCNCJk@bAILMTQRSVYZ[d@e@r@a@r@ILOTQRMPKJQNC@@J?NCPIf@IXIXERADAFGTGGEEAK?QDIHE??H?FBHY@]?QAQESZYBAPOJKLQPSNUHM`@s@d@s@JO	Click to Generate
S25	20	1			3	The Manor Barn (S25)	Bake N Butty (S25)	The Salvation Army - Rotherham (S25)	1712	1284	oiceI~coGDBfAj@PJKi@GS]sAKi@G]GYGm@Gm@Ci@Ae@@c@@O@UHg@Hc@Rs@NTR\p@~AJPLLXXaBjDMRGHYTJh@\rAFRJh@DVJ|@Ft@BV@N?LPLLLLNf@j@RVDFj@r@j@t@JN^oARm@Sl@_@nAKOk@u@k@s@EGSWu@{@MMQMCNCJk@bAILMTQRSVYZ[d@e@r@a@r@ILOTQRMPKJQNC@@J?NCPIf@IX@]?QAQESZYBAPOJKLQPSNUHM`@s@d@s@JONUX[RWPSLUHMj@cABKBO?MAOCWGu@K}@EWQKgAk@EC	Click to Generate
S25	30	1			3	Masjid Abu Bakr (S25)	Tinsley Meadows Primary School (S25)	Tinsley Sports and Social Club (S25)	2698	2024	cw~dIvkoG\YRp@HZ_Ax@GFq@l@q@r@UVZlBJEHEPQd@c@w@t@IDKD[mBg@j@WZ[f@u@hAm@`AINmAvDELQ`@]h@U\OX]r@EIa@s@e@gA]eA[_AtAmBq@qBM@KDCDOa@??N`@BEJELAp@pBuAlBZ~@\dAd@fA`@r@DH\s@NYT]\i@Pa@DMlAwDHOl@aAt@iAZg@V[f@k@TWp@s@p@m@FG~@y@bC{BRQd@e@X]T]N]Pc@DQFWF_@@Ib@qDLeAPyAX}BBOD_@D]Ju@MAIAG@}A|@OFM???L?NG|A}@FAH@L@Kt@E\E^CNY|BQxAMdAc@pDAHG^GVEPQb@O\U\Y\e@d@SPcCzBI[Sq@]X	Click to Generate
S25	30	1			3	Madani Education Centre (S25)	Cooling Tower in Nature's Fabric (S25)	Hanfia Masjid (S25)	2579	1934	ml_eIpwoGN`@BEJELAp@pBuAlBBHVt@\dAqEjGmBaCtFyHkAgDcCaHYkEQFKeB@Q`AYLMHQDUJk@HMDEK_@Q_C?SDGpAm@vAk@\CT@CvCA^INqDlAC@EDILKj@ETIPMLaAXAB?LJdBoFbBiFvASHIBEBBXN~@Nv@BLFPFPTv@f@bBNr@Tn@\bADJXr@Th@z@nBHRNUjAgBJOnA_B|AuB`ByBjAfDNh@tAmBq@qBM@KDCDOa@	Click to Generate
S25	45	1			3	Tinsley Meadows Primary School (S25)	Tinsley Sports and Social Club (S25)	Madani Education Centre (S25)	4026	3020	oy~dIjioG~@{@Rp@BHHXFVRp@HZ_Ax@GFq@l@q@r@UVg@j@WZ[f@u@hAm@`AINmAvDELQ`@]h@U\OX]r@EIa@s@e@gA]eA[_AtAmBq@qBM@KDCDOa@??N`@BEJELAp@pBuAlBZ~@\dAd@fA`@r@DH\s@NYT]\i@Pa@DMlAwDHOl@aAt@iAZg@V[f@k@TWp@s@p@m@FG~@y@bC{BRQd@e@X]T]N]Pc@DQFWF_@@Ib@qDLeAPyAX}BBOD_@D]Ju@MAIAG@}A|@OFM???L?NG|A}@FAH@L@Kt@E\E^CNY|BQxAMdAc@pDAHG^GVEPQb@O\U\Y\e@d@SPcCzB_Ax@GFq@l@q@r@UVg@j@WZ[f@u@hAm@`AINmAvDELQ`@]h@U\OX]r@EIa@s@e@gAqEjGmBaCtFyHNh@BHVt@\dAd@fA`@r@DH\s@NYT]\i@Pa@DMlAwDHOl@aAt@iAZg@V[f@k@TWG]Kq@G_@Oy@Ie@xAsA	Click to Generate
S25	45	1			3	St Lawrence Church (S25)	Cohens Chemist (S25)	Sheffield Hallam University Sports Park (S25)	3161	2371	am~dItpnGL?NG|A}@FAH@L@Kt@E\E^CNY|BQxAMdAc@pDAHG^GVEPQb@O\U\Y\e@d@SPcCzBI[Sq@GWIYCISq@IQAEEGCEKIOC@_@?SBODMr@}ADGFEHAH?NJLFHBFAFdABHDBB@CAECCIGeAG@ICMGOKI?I@GDEFs@|AEL?BCJ?RA^NBJHBDDF@DHPRp@BHHXFVRp@HZ_Ax@GFq@l@q@r@G]Kq@G_@Oy@Ie@v@u@`ByARp@BHHXFVRp@HZbC{BRQd@e@X]T]N]Pc@DQFWF_@@Ib@qDLeAPyAX}BBOD_@D]Ju@Fy@DeALiEFsANaBHq@R_BX}ARgAD]PkAJgA@K\NXN\RB@Jb@h@rCr@rBDRFRBT@XvA`Dk@qAk@oAAYCUGSESs@sBi@sCKc@CA]SYO]OAJKfAQjAE\SfAY|AS~AIp@O`BGrAMhEEdAGx@MAIAG@}A|@OFM?	Click to Generate
S25	60	1			3	Brutus (S25)	Freddy (S25)	Abbey School (S25)	5607	4205	gpceIfpqG??jCqBFU@ELqD?{ABaAD[FuAAy@KoA_@kBGe@U{A{@uFg@}CUyAEWEOOYDMFU@G@EDSHY@]?QAQESZYBAPOJKLQPSNUHM`@s@d@s@Ze@X[RWPSLUHMj@cABKBOPLLLt@z@RVDFj@r@j@t@JNr@|@h@t@b@j@FH\b@PNRLTHG`@Gf@E`@AV?R@b@BVHZHTDFJNJJ|@h@|@f@NHf@`@b@b@HJVXPXBBLRZh@Vh@P^P`@Nf@Nh@Nh@Ln@Hj@Hl@B\@PB`@@L?R?V?`@Cd@Cb@Gp@CJIj@EVGTERGRUn@S^S^SX_@b@u@x@SVGFIJGNEPAN?R@NBT@F@HJt@F\TbBFZFTFJl@z@PVBJF\Dd@@h@@~A@jAAZAVCZADEj@Ix@OxAKjAKbAKlAOtAE`@E`@G^KXSl@[x@g@xAM^KZQz@I\Qt@W]SUCEg@c@e@e@s@g@wBwAwDcCaD{B_Ai@y@[GCMGkCkAc@WMKCAk@e@MK{CkDoGwHWMoCs@GCwCy@i@KqCYFuA?g@?SLmCDw@N{@Jg@Zm@BC\g@NOPI`@GLCTEj@OPKLQp@iBRs@j@yAhAgCdAaCdAyBhByBhAyAr@gANi@PwAJi@Le@JYHSPUb@_@RQFKJMHULa@NXDNDVTxAf@|Cz@tFTzAFd@^jBJnA@x@GtAEZG`@GTWlBYdAo@bAcAr@g@FgBLa@FINCR?VAl@??@m@p@Av@DXBf@XPBNE	Click to Generate
S25	30	1			3	Muscle Fusion (S25)	Shirefreen News 'n' Booze (S25)	Beck Primary School (S25)	2953	2215	}}ceIx{wGNH@H@NDLHDBSLu@H}@Fg@Bi@B]g@iACEu@u@SW??OWUg@KUIOYm@aAcBh@oB\cATi@Vi@^q@x@_BdAwBR\v@~Ae@Td@Uw@_BS]eAvBy@~A_@p@Wh@Uh@]bAi@nB`AbBXl@HNJTTf@NVRVt@t@BDf@hAC\Ch@Gf@I|@Mt@DH@F@JBf@Hd@H`@DNFNb@l@x@jASfAUxAOrAKfAOjBGdAEtACl@ClAZ@??[A?JCjA?zB@dB@b@?h@Bp@[n@FFFHJB^B|@@`@Gd@K~@W?J?JANG\NvA??OwAF]@O?K?K_AVe@Ja@F}@A_@CKCGIGGQ^Qb@K`@Ib@Kf@Ed@AXCXCACCEECIE]G}@AWEo@UgDOcDCUCIIIHyBJsCDmABi@Bw@LsCBq@Bq@JsAJmAL}@Lu@Hm@DWd@iCIEEMAOAIOI	Click to Generate
S25	60	1			3	AllSaints (S25)	Jump Inc (S25)	SYPTE (S25)	5179	3884	gm_eIpgrGCj@p@fBT]T[T]T[V]T]CGQc@Qc@Qe@Qe@Qc@Qc@Qg@BUpBwCBK@A@O@MCYKOIOKMOSOOMM_@YGCMGQIGAYCWEWAO?G@E@c@FMDQHEBGBMHSNSNWTEDa@ZUR]b@Q^Wf@Qf@Of@EXGVKt@AJ@N@LDJ?@HLnBRFBBD@D?D?D?B?RAFE@QAwAOCBAF?F?DBFR@ZDZBZDP@B@@B@JMzEAZt@pB??SZ}@_C@m@NkF[E[C[ESACG?E?G@GBCvANFCBE?I?GACCCC?eBSKAGCGKIMGQAW@O@OHi@F]?E@EDQLi@DMLYJU@EHORc@PWRULMHKNMNO^YROZQFELGTGREVGDAFAH?P?`@@P@D@VDXFHDJF\TLJLNLPNPVd@NZNZVh@f@nAJRJL@BDBDFNHNDF@DBHEH?D?JEHGJINUBU?G?KEc@?IA]CGe@oAINMN}@cC\~@^bALOHOd@nABFNRJJBDB@B@F@D?JCr@aA`@g@DKPQ@IDQDKFIFGDAFAD?D@HBFFFHDLBJBJ?L?L?LCJCJEJEHGFEBGBI?GAOB_@J_@NUNURY\GJIHABSXGRITEJAHBZ@VCLCNEJGHGHGBIBIAGAIEEEEGCGEIAICKAYM_@So@EKcAyBQ_@GMSg@KOIOKMOSOOMM_@YGCMGQIGAYCWEWAO?G@E@c@FMDQHEBGBMHSNSNWTEDa@ZUR]b@Q^Wf@Qf@Of@EXGVKt@AJG~@C`A?JAvG?LAt@@P?J?^ATABEVo@~@GJKRILKNEPADEJBHFDXd@V`@FJ?\@P?X\l@HLNVNXXm@^y@gAsBuAkAGEUQk@g@GEOKO[EGCICICGA[?S?I@I@KDSXUDEVOlAi@T[@ABMDU@{@?uC@c@@g@@SBg@@O@OHi@F]?E@EDQLi@DMLYJU@EHORc@PWRULMHKNMNO^YROZQFELGTGREVGDAFAH?P?`@@P@D@VDXFHDJF\TLJLNLPNPVd@NZNZENCLGFKPEFSZ}A|BK@a@M?h@Ap@EbAC|@CbA?R	Click to Generate
S25	20	1			3	St Thomas Church Wincobank (S25)	Wincobank Post Office (S25)	Eastwoods (S25)	1593	1195	gdaeI|`tGzBDDHZvCdAdBFJLN`@l@d@j@VV^^^\^`@VVPLIk@w@oHSgBOkA_@eDO{AOuAPIDA~@]LEd@lEf@nElAtKv@dH?JADCDCDcA`@AEGOGUWuAKo@OoAQMWW_@a@_@]_@_@WWe@k@a@m@MOGKeAeB[wCEI{BE	Click to Generate
S25	20	1			3	St Thomas Church Wincobank (S25)	Wincobank Fish Bar (S25)	Eastwoods (S25)	1673	1255	wy`eIlvsGDA~@]LEd@lEf@nEcBt@OkA_@eDO{AOuAm@V}@ZwB`A]HI@OAU?a@?YDQHYTRdAXvAl@@zBDDHZvCdAdBFJLN`@l@d@j@VV^^^\^`@VVPLNnAJn@VtAFTFN@DbAa@BEBE@E?Kw@eHeBv@w@oHSgBo@qFO{AOuAPI	Click to Generate
S25	20	1			3	Zena (S25)	St Thomas (S25)	Winterhill School (S25)	1592	1194	aoceIruoGKg@KS]_@EACDK^CLGVHFDHDLd@lBDLC@@J?NCPIf@IXIXERADAFGTELNXEJMd@Kj@??Jk@Le@DKOYDMFU@G@EDSHY@]?QAQESZYBAPOJKLQPSNUHM`@s@d@s@Ze@X[RWPSLU}@wCGQNKV[EDQTOJFP|@vCMTQRSVYZ[d@e@r@a@r@ILOTQRMPKJQNC@@J?NCPIf@IXIXERADAFGTELNXDNDVTxAf@|CDCHEBCBA`@WPK??QJa@VC@CBIDEBg@}CUyAEWEOOYDMFU@G@EDSHY@]?QAQESZYBAEMe@mBEMEIIGFWBMJ_@BED@\^JRJf@	Click to Generate
S25	10	1			3	Zena (S25)	The Colin (S25)	The Salvation Army - Rotherham (S25)	982	736	mlceIthpGQJa@VC@CBIDEBg@}CUyAEWEOEJMd@Kj@??Jk@Le@DKOYDMGGEEAK?QDIHE??H?FBHY@]?QAQESZYBAPOJKLQPSNUHM`@s@d@s@Ze@X[HVLZDHb@j@c@k@EIM[IWYZOTKNe@r@a@r@ILOTQRMPKJQNC@@J?NCPIf@IXIXERADAFGTELNXDNDVTxAf@|CDCHEBCBA`@WPK	Click to Generate
S25	30	1			3	Hancock Cars (S25)	Shirefreen News 'n' Booze (S25)	Beck Primary School (S25)	2103	1577	i_deIppwGDHRVt@t@BDf@hAC\Ch@Gf@I|@Mt@CRIEEMAOAIMGGEOAI@EF_@xB^yBDGHAN@TL@H@NDLHDe@hCHCNEJAH?L?D?FCDNFNb@l@x@jASfAUxAOrAKfAOjBGdAEtACl@ClAZ@??[A?JCjA?zB@dB@b@?h@Bp@[n@FFFHJB^B|@@`@Gd@K~@W?J?JANG\NvA??OwAF]@O?K?K_AVe@Ja@F}@A_@CKCGIGGZo@Cq@?i@Ac@AeB?{BBkA?KBmABm@DuAFeANkBJgANsATyARgAy@kAc@m@GOEOIa@Ie@Cg@AKAGEILu@H}@Fg@Bi@B]g@iACEu@u@SWEI	Click to Generate
S25	60	1			3	Blackburn Minimarket (S25)	Blackburn Primary School (S25)	Shiregreen Medical Centre (S25)	8581	6436	kybeIzwuGjDcHtAiCvDcGxA{AxAeAhCwAbBy@nAo@pA_ArBoB~@iAh@cAnB}DxAoCd@y@rAuBLOX[Qw@UaAI]K[GOOa@GOKQGSCi@Ei@EYGUEMY\i@d@QLSJg@^eAf@aDzAuCpAqClAeAd@}BfAa@TCBi@^Om@w@oCOg@s@{B[cAYw@Yu@m@kAOWi@{@CCQUQUW]SUCE[bBAJKv@Kz@E~@Al@Aj@?l@Ar@?FCf@Cd@C`@Gr@Gj@Ih@Gb@En@Cn@?n@?NC~@AHARGVSb@IMOSEMAQJk@BUO`A@PDLNRHLRc@FW|@l@DMDSN_@j@eA??k@dAO^EREL}@m@@S@IB_A?O?o@Bo@Do@Fc@Hi@Fk@Fs@Ba@Be@Bg@?G@s@?m@@k@@m@D_AJ{@Jw@@KZcBBDRTV\PTPTBBh@z@NVl@jAXt@Xv@ZbAr@zBNf@v@nCNl@yC~BML}@jBaBvD{ApDy@jB}AbDmBlEa@bA}AzDoBnEUh@kCbGc@`AkBlEaBpDqAzC_BpD{AfDeAvBy@~A_@p@Wh@Uh@]bAi@nB`AbBXl@HNJTTf@NVRVt@t@BDf@hAC\Ch@Gf@I|@Mt@DH@F@JBf@Hd@H`@DNFNb@l@x@jAT^R^RVRNPHRHPBT?d@Cl@IpA_@@?bBi@XKXK`@ONGx@Ul@M\GLAd@E`@@XFPHvAn@rAp@h@VPHPLNLJJBm@@s@DsAFeA?IBo@VL@?zBfArFpCs@dGCV}A{@IECAaAi@kB_A]QQGMCQCKKOMQMQIi@WsAq@wAo@QIYGa@Ae@DM@]Fm@Ly@TOFa@NYJYJcBh@A?qA^m@He@BU?QCSIQISOSWS_@U_@y@kAc@m@GOEOIa@Ie@Cg@AKAGEILu@H}@Fg@Bi@B]@KDa@B_@Fc@@MLi@H_@Vw@^{@l@oAt@mAt@gA`CyC~@qAn@_Ar@iAjAwBj@uAbAcDx@kCr@kBz@gBhCeGj@kA	Click to Generate
S25	60	1			3	Freddy (S25)	Suzy (S25)	Two Dinners Ignatiu (S25)	4847	3635	mkceIp}rGKy@Mg@I]C]@g@GCMGkCkAc@WMKCAk@e@MKyAcBaAgAoGwHWMoCs@GCwCy@i@KqCYFuA?g@?SLmCDw@N{@Jg@Zm@BC\g@NOPI`@GLCTEj@OPKLQp@iBRs@j@yAhAgCdAaCdAyBhByBhAyAr@gANi@PwAJi@Le@JYHSPUb@_@RQFKJMHULa@NXDNDVTxAf@|Cz@tFTzAFd@^jBJnA@x@GtAEZC`A?zAMpDIZkCpB??ODQCg@YYCw@Eq@@?WBSHO`@GfBMf@GbAs@n@cAXeAVmBFUFa@D[FuAAy@KoA_@kBGe@U{A{@uFg@}CUyAEWEOOYM`@ITKLGJSPc@^QTIRKXMd@Kh@QvAOh@s@fAiAxAiBxBeAxBeA`CiAfCk@xASr@q@hBMPQJk@NUDMBa@FQHON]f@CB[l@Kf@Oz@Ev@MlC?R?f@GtApCXh@JvCx@FBnCr@VLnGvHzCjDLJj@d@PLb@VjCjALFFBAf@B\H\Lf@Jx@	Click to Generate
S25	45	1			3	American Golf (S25)	Madani Education Centre (S25)	Air Haus (S25)	4186	3140	uo_eIpxpGoAmB?EHs@VENBd@Fh@NN@VCDA\OVe@Ra@d@k@ZWNE^CP@R@ZR\ZVl@Jh@Ff@@H@fAAVC^@dAFl@Jh@Vd@X\CVK\EJIDG@[Hk@Xk@ZEY`@UQJOHDXj@[j@YZIFAHEDKJ]_@_@S]OYKISGSAU@_@b@WPWJ[BG?QEQGa@[SUOa@Mg@Go@Cg@Mi@KYKSYUi@Mc@GMKMMUIOIWSIISYKMa@k@Ye@a@y@EGa@{@m@mANUjAgBJOnA_B|AuB`ByBjAfDNh@BHVt@\dAd@fA`@r@DHI`@E\CV?V@H@RFRLZBFV\P@R@ZR\ZVl@Jh@Ff@@H@fAAVC^Ot@Un@c@h@_@b@Oh@EPCPAT?TBd@Lh@R^NTHFz@v@XXl@l@d@f@f@d@`@d@JLPPJLf@j@`@d@FFT\HBFFFHDLBJBJ?L?L?LCJCJEJEHGFEBGBI?GAOB_@J_@NUNURY\GJIHABSXGRITEJAHBZ@VCLCNEJGHGHGBIBIAGAIEEEEGCGEIAICKAY@O@QBMFMDKHGHEH?D?JEHGJINUBU?G?KEc@?IA]CGe@oAo@{AMYGKIGK?K@KJyAyD~@`CXv@JKJAJ?HFFJLXn@zAd@nABFNRJJBDB@B@F@D?JCr@aA`@g@DKPQ@IM}@GYM[GKQWQSUWaB_Bg@g@oAkA]]KMk@y@MSM]K]I[G[EMUk@a@[SUOa@Mg@Go@Cg@Mi@KYKSYUi@Mc@GMKMMIr@?DnAlB	Click to Generate
S25	15	1			3	The Colin (S25)	Winterhill School (S25)	The Salvation Army - Rotherham (S25)	1060	795	crceIfdpGJk@Le@DKOYDMGGEEAK?QDIHE??H?FBERADAFGTELNXDNDVTxAf@|CDCHEBCBA`@WPK??QJa@VC@CBIDEBg@}CUyAEWEOOYDMFU@G@EDSHY@]?QAQESZYBAPOJKLQPSNUHM`@s@d@s@Ze@X[HVLZDHb@j@c@k@EIM[IWYZOTKNe@r@a@r@ILOTQRMPKJQNC@@J?NCPIf@IXIXERADAFGTELNXEJMd@Kj@	Click to Generate
S25	45	1			3	Two Dinners Ignatiu (S25)	Stan (S25)	Brutus (S25)	3133	2350	wvceItpqG@m@p@Av@DXBf@XPBNE??jCqBH[LqD?{ABaAD[FuAAy@KoA_@kBGe@U{A{@uFg@}CUyAEWEOOYM`@ITKLGJSPc@^QTIRKXMd@Kh@QvAOh@s@fAiAxAiBxBeAxBeA`CiAfCk@xASr@q@hBMP??QJk@NUDMBa@FQHKi@GSMKOGiCc@KOCM?WFW~@qBRVpH~ARHRs@j@yAhAgCdAaCdAyBhByBhAyAr@gANi@PwAJi@Le@JYHSPUb@_@RQFKJMHULa@NXDNDVTxAf@|Cz@tFTzAFd@^jBJnA@x@GtAEZC`A?zAMpDADGTkCpBODQCg@YYCw@Eq@@Al@	Click to Generate
S25	45	1			3	Shirefreen News 'n' Booze (S25)	Beck Primary School (S25)	Shiregreen Medical Centre (S25)	3382	2536	{}ceIjvwG`@sABGf@hAC\Ch@Gf@I|@Mt@DH@F@JBf@Hd@H`@DNFNb@l@x@jASfAUxAOrAKfAOjBGdAEtACl@ClAZ@??[A?JCjA?zB@dB@b@?h@Bp@[n@FFFHJB^B|@@`@Gd@K~@W?J?JANG\NvA??OwAF]@O?K?K^MvA_@Cg@E_AAw@Ac@@e@?W?WFCAe@?G?YAS?M@g@?SBi@D}ABe@Bi@Hk@N{@R}@Tu@Vi@JSd@y@P[HU@QAQXKXK`@ONGx@Ul@M\GLAd@E`@@XFPHvAn@rAp@h@VPHPLNLJJBm@@s@DsAFeA?IBo@VL@?zBfArFpCs@dGCV}A{@IECAaAi@kB_A]QQGMCQCKKOMQMQIi@WsAq@wAo@QIYGa@Ae@DM@]Fm@Ly@TOFa@NYJYJcBh@A?qA^m@He@BU?QCSIQISOSWS_@U_@y@kAc@m@GOEOIa@Ie@Cg@AKAGEILu@H}@Fg@Bi@B]g@iACFa@rA	Click to Generate
S25	60	1			3	American Golf (S25)	Sainsbury's (S25)	M&C Tailoring (S25)	4846	3634	oe_eIxoqGXv@JKJAJ?HFFJLXn@zAd@nABFNRJJBDB@B@F@D?JCr@aA`@g@DKPQ@IM}@GYM[GKQWQSUWaB_Bg@g@oAkA]]KMk@y@MSM]K]I[G[EMUk@a@[SUOa@Mg@Go@Cg@?_@@]@UBQDSJa@Ve@Ra@d@k@ZWNE^CP@R@ZR\ZVl@Jh@Ff@@H@fAAVC^@dAFl@Jh@Vd@X\CVK\EJIDG@[Hk@Xk@ZEY`@UQJOHDXj@[j@YZIFAHEDKJ]_@_@S]OYKISGSAU@_@b@Oh@EPCPAT?TBd@Lh@R^NTHFz@v@XXl@l@d@f@f@d@`@d@JLPPJLf@j@`@d@FFT\HBFFFHDLBJBJ?L?L?LCJCJEJEHGFEBGBI?GAOB_@J_@NUNURY\GJIHABSXGRITEJAHBZ@VCLCNEJGHGHGBIBIAGAIEEEEGCGEIAICKAY@O@QBMFMDKHGHEH?D?JEHGJINUBU?G?KEc@?IA]CGl@{@Rb@??@An@eA@O?K?EEMaArAm@z@BFNRJJBDB@B@F@D?JCr@aA`@g@DKPQ@IM}@GYM[GKQWQSUWaB_Bg@g@oAkA]]KMk@y@MSM]K]I[G[EMUk@a@[SUOa@Mg@Go@Cg@Mi@KYKSYUi@Mc@GMKMMIr@?DvBdDAAuBcD?EHs@VENBd@Fh@NN@VCDA\OVe@Ra@d@k@ZWNE^CP@R@ZR\ZVl@Jh@Ff@@H@fAAVC^Ot@Un@c@h@_@b@Oh@EPCPAT?TBd@Lh@R^NTHFz@v@XXl@l@d@f@f@d@`@d@JLPPJLf@j@`@d@FFT\HBFFFHDLBJBJ?L?L?LCJCJEJEHGFEBGBI?GAOB_@J_@NUNURY\GJIHABSXGRITEJAHBZ@VCLCNEJGHGHGBIBIAGAIEEEEGCGEIAICKAY@O@QBMFMDKHGHEH?D?JEHGJINUBU?G?KEc@?IA]CGe@oAo@{AMYGKIGK?K@KJYw@	Click to Generate
S25	60	1			3	White Stuff (S25)	SYPTE (S25)	Jump Inc (S25)	5179	3884	_u_eIlqrG??SZ}@_C@m@NkF[E[C[ESACG?E?G@GBCvANFCBE?I?GACCCC?eBSKAGCGKIMGQAW@O@OHi@F]?E@EDQLi@DMLYJU@EHORc@PWRULMHKNMNO^YROZQFELGTGREVGDAFAH?P?`@@P@D@VDXFHDJF\TLJLNLPNPVd@NZNZENCLGFKPEFSZ}A|BK@a@M?h@Ap@EbAC|@CbA?RCj@p@fBT]T[T]T[V]T]CGQc@Qc@Qe@Qe@Qc@Qc@Qg@BUpBwCBK@A@O@MCYKOIOKMOSOOMM_@YGCMGQIGAYCWEWAO?G@E@c@FMDQHEBGBMHSNSNWTEDa@ZUR]b@Q^Wf@Qf@Of@EXGVKt@AJG~@C`A?JAvG?LAt@@P?J?^ATABEVo@~@GJKRILKNEPADEJBHFDXd@V`@FJ?\@P?X\l@HLNVNXXm@^y@gAsBuAkAGEUQk@g@GEOKO[EGCICICGA[?S?I@I@KDSXUDEVOlAi@T[@ABMDU@{@?uC@c@@g@@SBg@@O@OHi@F]?E@EDQLi@DMLYJU@EHORc@PWRULMHKNMNO^YROZQFELGTGREVGDAFAH?P?`@@P@D@VDXFHDJF\TLJLNLPNPVd@NZNZVh@f@nAJRJL@BDBDFNHNDF@DBHEH?D?JEHGJINUBU?G?KEc@?IA]CGe@oAINMN}@cC\~@^bALOHOd@nABFNRJJBDB@B@F@D?JCr@aA`@g@DKPQ@IDQDKFIFGDAFAD?D@HBFFFHDLBJBJ?L?L?LCJCJEJEHGFEBGBI?GAOB_@J_@NUNURY\GJIHABSXGRITEJAHBZ@VCLCNEJGHGHGBIBIAGAIEEEEGCGEIAICKAYM_@So@EKcAyBQ_@GMSg@KOIOKMOSOOMM_@YGCMGQIGAYCWEWAO?G@E@c@FMDQHEBGBMHSNSNWTEDa@ZUR]b@Q^Wf@Qf@Of@EXGVKt@AJ@N@LDJ?@HLnBRFBBD@D?D?D?B?RAFE@QAwAOCBAF?F?DBFR@ZDZBZDP@B@@B@JMzEAZt@pB	Click to Generate
S25	60	1			3	Air Haus (S25)	M&C Tailoring (S25)	Sainsbury's (S25)	4937	3703	yd_eIzbqGOHDXj@[j@YZIFAHEDKJ]_@_@S]OYKISGSAU@_@b@Oh@EPCPAT?TBd@Lh@R^NTHFz@v@XXl@l@d@f@f@d@`@d@JLPPJLf@j@`@d@FFT\HBFFFHDLBJBJ?L?L?LCJCJEJEHGFEBGBI?GAOB_@J_@NUNURY\GJIHABSXGRITEJAHBZ@VCLCNEJGHGHGBIBIAGAIEEEEGCGEIAICKAY@O@QBMFMDKHGHEH?D?JEHGJINUBU?G?KEc@?IA]CGe@oAo@{AMYGKIGK?K@KJyAyD~@`CXv@JKJAJ?HFFJLXn@zAd@nABFNRJJBDB@B@F@D?JCr@aA`@g@DKPQ@IM}@GYM[GKQWQSUWaB_Bg@g@oAkA]]KMk@y@MSM]K]I[G[EMUk@a@[SUOa@Mg@Go@Cg@Mi@KYKSYUi@Mc@GMKMMIr@?DvBdDAAuBcD?EHs@VENBd@Fh@NN@VCDA\OVe@Ra@d@k@ZWNE^CP@R@ZR\ZVl@Jh@Ff@@H@fAAVC^Ot@Un@c@h@_@b@Oh@EPCPAT?TBd@Lh@R^NTHFz@v@XXl@l@d@f@f@d@`@d@JLPPJLf@j@`@d@FFT\HBFFFHDLBJBJ?L?L?LCJCJEJEHGFEBGBI?GAOB_@J_@NUNURY\GJIHABSXGRITEJAHBZ@VCLCNEJGHGHGBIBIAGAIEEEEGCGEIAICKAY@O@QBMFMDKHGHEH?D?JEHGJINUBU?G?KEc@?IA]CGl@{@Rb@??@An@eA@O?K?EEMaArAm@z@BFNRJJBDB@B@F@D?JCr@aA`@g@DKPQ@IM}@GYM[GKQWQSUWaB_Bg@g@oAkA]]KMk@y@MSM]K]I[G[EMUk@a@[SUOa@Mg@Go@Cg@?_@@]@UBQDSJa@Ve@Ra@d@k@ZWNE^CP@R@ZR\ZVl@Jh@Ff@@H@fAAVC^@dAFl@Jh@Vd@X\CVK\EJIDG@[Hk@Xk@ZEYNI	Click to Generate
S25	15	1			3	St Thomas (S25)	The Salvation Army - Rotherham (S25)	Meadow View Primary School (S25)	1142	856	adceIhmoGMOMMQMCNCJk@bAIL}@wCGQNKV[EDQTOJFP|@vCMTQRSVYZ[d@e@r@a@r@ILOTQRMPKJQNC@@J?NCPIf@IX@]?QAQESZYBAPOJKLQPSNUHM`@s@d@s@JONUX[RWPSLUHMj@cABKBOPLLLt@z@RVDFj@r@j@t@JN^oARm@??Sl@_@nAKOk@u@k@s@EGSWg@k@	Click to Generate
S25	45	1			3	The Cruise Holiday Shop (S25)	Mint Nail (S25)	Jump Inc (S25)	3326	2494	gm_eIrgrGCh@p@fB??T]T[T]T[V]T]CGQc@Qc@Qe@Qe@Qc@Qc@Qg@BUpBwCBK@A@O@MCYKOIOKMOSOOMM_@YGCMGQIGAYCWEWAO?G@E@c@FMDQHEBGBMHSNSNWTEDa@ZUR]b@Q^Wf@Qf@Of@EXGVKt@AJ@N@LDJ?@HLnBRFBBD@D?D?D?B?RAFE@QAwAOCBAF?F?DBFR@ZDZBZDP@B@@B@JMzEAZt@pB??SZ}@_C@m@NkF[E[C[ESACG?E?G@GBCvANFCBE?I?GACCCC?eBSKAGCGKIMGQAW@O@OHi@F]?E@EDQLi@DMLYJU@EHORc@PWRULMHKNMNO^YROZQFELGTGREVGDAFAH?P?`@@P@D@VDXFHDJF\TLJLNLPNPVd@NZNZVh@f@nAJRJL@BDBDFNHNDF@DBHEH?D?JEHGJINUBU?G?KEc@?IA]CGe@oAINMN}@cC\~@^bALOHOd@nABFNRJJBDB@B@F@D?JCr@aA`@g@DKPQ@IDQDKFIFGDAFAD?D@HBFFFHDLBJBJ?L?L?LCJCJEJEHGFEBGBI?GAOB_@J_@NUNURY\GJIHABSXGRITEJAHBZ@VCLCNEJGHGHGBIBIAGAIEEEEGCGEIAICKAYM_@So@EKcAyBQ_@GFKPEFSZ}A|BK@a@M?h@Ap@EbAC|@CbA?T	Click to Generate
S25	45	1			3	Shirefreen News 'n' Booze (S25)	Hartley Brook Road Post Office (S25)	Volksgear (S25)	3970	2978	ctceI~oyGOwAF]@O?K?K_AVe@Ja@F}@A_@CKCGIGGZo@Cq@?i@Ac@AeB?{BBkA?KZ@??[A?JCjA?zB@dB@b@?h@Bp@[n@Q^Qb@K`@Ib@Kf@Ed@AXCXAl@@n@@d@D`@F^DRLh@Rj@Rj@Th@RZDF\f@Z\`@\b@NZL`AR`AFn@@rBA^AT?bAAXAT?d@@r@Fv@Jv@Pr@Pp@TT}ADW@EBADAbAj@@OTwBZmDLuAHw@H}@Fg@LaBHeADs@Ba@Be@?m@?M?oCAcA?W?yB?S?s@?gC?aD@iD?S?u@C[KKOMQMQIi@WsAq@wAo@QIYGa@Ae@DM@]Fm@Ly@TOFa@NYJYJcBh@A?qA^m@He@BU?QCSIQISOSWS_@U_@y@kAc@m@GOEOIa@Ie@Cg@AKAGEICRIEEMAOAIOIECOAI@EF_@xB^yBDGHAN@TL@H@NDLHDe@hCEVIl@Mt@M|@KlAKrACp@Cp@MrCCv@Ch@ElAKrCIxBHHBHBTNbDTfDDn@@VF|@D\BHDDBBB@BY@YDe@Jg@Hc@Ja@Pc@P_@FFFHJB^B|@@`@Gd@K~@W?J?JANG\NvA	Click to Generate
S25	45	1			3	Beck Primary School (S25)	Shiregreen Medical Centre (S25)	Shirefreen News 'n' Booze (S25)	4141	3106	i|beIrgzG??KJGNEPOGOIq@Us@Qw@Qw@Ks@Ge@ACSGQKSe@cA]{@_@cAWy@Qq@Me@SaAUkAQmAEYMiAKcAGaAEu@wA^_@L?J?JANG\NvA??OwAF]@O?K?K^MvA_@Cg@E_AAw@Ac@@e@?W?WFCAe@?G?YAS?M@g@?SBi@D}ABe@Bi@Hk@N{@R}@Tu@Vi@JSd@y@P[HU@QAQXKXK`@ONGx@Ul@M\GLAd@E`@@XFPHvAn@rAp@h@VPHPLNLJJBm@@s@DsAFeA?IBo@VL@?zBfArFpCs@dGCV}A{@IECAaAi@kB_A]QQGMCQCKKOMQMQIi@WsAq@wAo@QIYGa@Ae@DM@]Fm@Ly@TOFa@NYJYJcBh@A?qA^m@He@BU?QCSIQISOSWS_@U_@SfAUxAOrAKfAOjBGdAEtACl@ClAZ@??[A?JCjA?zB@dB@b@?h@Bp@[n@Q^Qb@K`@Ib@Kf@Ed@AXCXAl@@n@@d@D`@F^DRLh@Rj@Rj@Th@RZDF\f@Z\`@\b@NZL`AR`AFn@@rBA^AT?bAAXAT?d@@r@Fv@Jv@Pr@Pp@TNHNFDQFOJK??	Click to Generate
S25	60	1			3	Sci-Tek Snack Shack (S25)	Kelford School (S25)	South Street Convenience Store (S25)	12335	9251	}paeIxxlGWFSDWJMZUHQ?[@_@AMCkAa@m@MCOAOAe@OsGAYCSOs@EKEGGCEAQHOL]d@KLKDIBC?SBGHIl@C^EVeAjBMRu@pA[j@U`@aA~AYd@u@nAQX_@h@k@h@MLOPILWe@ESCO?CA]?QBcE?Y@yA@wB?W@[?G?_A@eBBkB?K?c@B}B@qA?yA@wABiA?S@kA@g@?EAq@AoAC{@GoA?]Ba@Jy@f@sELcAv@eHRiBDg@?}@?g@?wA?O?_BAaACo@Ce@E_@Iy@Gg@E]EWEm@CUAa@EmAGm@AQAo@?S?k@?g@NBr@DbADL@xAJnB?pBBd@AtAWdI}CtAi@PQHOBQBOHOHKJGLCJ@JDJJHLDRDR@VF^N|@VdAFVPx@b@~@Xr@RRJHVNH@DBHPBNAT?@?V@RJn@Nl@Nr@B\FPDRb@|AJr@b@nCZpBBTr@zE^dCf@|CP~@Pl@Vv@Xp@\h@^d@TVjAdAp@h@XHD@TFHAD?JFDFDR@N?JETILGDE@EAKHC@KLEDIRoApBcAzAuAjB\xAR~@@~@A`B@z@Dp@Jr@Lp@X|@Lb@DLVpARdALhAHfADbA@t@@V?`ACt@MfA?HAn@BfA@z@RvL@|@ZxQ[yQ?EAw@SwLA{@CgA@o@?ILgABu@?aAAWAu@EcAIgAMiASeAWqAEMMc@Y}@Mq@Ks@Eq@A{@@aBA_AS_A]yAtAkBbA{AnAqBHS@KBU?C@]AOK_@ACQc@q@i@kAeAUW_@e@]i@Yq@Ww@Qm@Q_Ag@}C_@eCs@{ECU[qBc@oCKs@c@}AESGQIUK[IUYcAKSU[CCGMCOCk@GWMg@Ys@c@_A[i@]m@UUw@g@KCIEc@S]Ea@?e@LeIdDeBd@uAV_@BK@qAF}AAaBKWJMJIJEFCFGPKd@?FDlA@`@BTDl@DVD\Ff@Hx@D^Bd@Bn@@`A?~A?N?vA?f@?|@Ef@ShBw@dHMbAg@rEKx@C`@?\FnABz@@nA@p@?DAf@AjA?RChAAvA?xAApAC|B?b@?JCjBAdB?~@?FAZ?VAvBAxA?XCbE?P@\?BBNDRVd@MZQp@b@b@bA`A\^j@x@FHnA`C`@t@l@nAf@vAN`@Pf@HTXx@`@nAZ~@BLPj@^|A?DHl@BNDVFp@HtAFtADtAFxBB`@eAHECqByBGNEDIBGAEIEHK\_@vAAH?JDVDNB@@B@D?@@BAD?DCBA@C@CACCAC?EAE@E@CBC@AB?EOEW?K@I^wAJ]DIAI?KFWGI[]]_@s@w@k@k@uB|Mg@|C?T?D@HDHlE|Cx@l@B@b@\PLxAdAJJJPb@z@h@jAdBnD^v@FLXl@FFH@F?FCFCE[Kw@Ea@SyAk@mEOmAOeASeBCUKeAIsAAQAUCWAm@Cc@Ak@GqBCa@GyBEuAGuAIuAGq@EWCOIm@?E_@}AQk@CM[_Aa@oAYy@IUQg@Oa@g@wAm@oAa@u@oAaCGIk@y@]_@cAaAc@c@Pq@L[HMNQLMj@i@^i@PYt@oAXe@`A_BTa@Zk@t@qALSdAkBDWB_@Hm@FIRCB?HCJEJM\e@NMPID@FBDFDJNr@BR@XNrG@d@@NBNl@LjA`@LB^@ZAP?TIL[VKREVG	Click to Generate
S25	30	1			3	Blackburn Primary School (S25)	Blackburn Youth Club (S25)	Csk Motors (S25)	2427	1820	y{beIlftGKj@@PDLNRHLRc@FW|@l@DMDSN_@j@eA??k@dAO^EREL}@m@@S@IB_A?O?o@Bo@Do@Fc@Hi@Fk@Fs@Ba@Be@Bg@XAJ???K?Y@?G@s@?m@@k@@m@D_AJ{@Jw@@KZcBBDRTV\PTPTBBh@z@NVl@jAXt@Xv@ZbAr@zBNf@v@nCNl@h@_@BC`@U|BgAdAe@pCmAKQYMw@_@ECGIFHDBv@^XLJP}BbASHeAd@}BfAa@TCBi@^Om@w@oCOg@s@{B[cAYw@Yu@m@kAOWi@{@CCQUQUW]SUCE[bBAJKv@Kz@E~@Al@Aj@?l@Ar@?FCf@Cd@C`@Gr@Gj@Ih@Gb@En@Cn@?n@?NC~@AHARGVSb@IMOSEMAQJk@	Click to Generate
S25	30	1			3	Blackburn Youth Club (S25)	Blackburn Minimarket (S25)	Csk Motors (S25)	2810	2108	avbeIdetGk@dAO^EREL}@m@@S@IB_A?O?o@Bo@Do@Fc@Hi@Fk@Fs@Ba@Be@Bg@XAJ???K?Y@Cf@Cd@C`@Gr@Gj@Ih@Gb@En@Cn@?n@?NC~@AHARGVSb@IMOSEMAQJk@BUO`A@PDLNRHLRc@FW@S@IB_A?O?o@Bo@Do@Fc@Hi@Fk@Fs@Ba@Be@Bg@?G@s@?m@@k@@m@D_AJ{@Jw@@KZcBBDRTV\PTPTBBh@z@NVl@jAXt@Xv@ZbAr@zBNf@v@nCNl@h@_@BC`@U|BgAdAe@pCmAKQYMw@_@ECGIFHDBv@^XLJP}BbASHeAd@}BfAa@TCBi@^Om@w@oCOg@s@{B[cAYw@Yu@m@kAOWi@{@CCQUQUW]SUCE[bBAJKv@Kz@E~@Al@Aj@?l@Ar@?FCf@Cd@C`@Gr@Gj@Ih@Gb@En@Cn@?n@?NC~@AHAR|@l@DMDSN_@j@eA	Click to Generate
S25	30	1			3	Blackburn Primary School (S25)	Blackburn Minimarket (S25)	Csk Motors (S25)	2441	1831	awbeI`wsGK?Y@Cf@Cd@C`@Gr@Gj@Ih@Gb@En@Cn@?n@?NC~@AHAR|@l@DMDSN_@j@eA??k@dAO^EREL}@m@GVSb@IMOSEMAQJk@BUO`A@PDLNRHLRc@FW@S@IB_A?O?o@Bo@Do@Fc@Hi@Fk@Fs@Ba@Be@Bg@?G@s@?m@@k@@m@D_AJ{@Jw@@KZcBBDRTV\PTPTBBh@z@NVl@jAXt@Xv@ZbAr@zBNf@v@nCNl@h@_@BC`@U|BgAdAe@pCmAKQYMw@_@ECGIFHDBv@^XLJP}BbASHeAd@}BfAa@TCBi@^Om@w@oCOg@s@{B[cAYw@Yu@m@kAOWi@{@CCQUQUW]SUCE[bBAJKv@Kz@E~@Al@Aj@?l@Ar@?FXAJ?	Click to Generate
S25	60	1			3	Two Dinners Ignatiu (S25)	Abbey School (S25)	Freddy (S25)	5607	4205	skceI~kqGGTkCpB??ODQCg@YYCw@Eq@@Al@??@m@?WBSHO`@GfBMf@GbAs@n@cAXeAVmBFUFa@D[FuAAy@KoA_@kBGe@U{A{@uFg@}CUyAEWEOOYDMFU@G@EDSHY@]?QAQESZYBAPOJKLQPSNUHM`@s@d@s@Ze@X[RWPSLUHMj@cABKBOPLLLt@z@RVDFj@r@j@t@JNr@|@h@t@b@j@FH\b@PNRLTHG`@Gf@E`@AV?R@b@BVHZHTDFJNJJ|@h@|@f@NHf@`@b@b@HJVXPXBBLRZh@Vh@P^P`@Nf@Nh@Nh@Ln@Hj@Hl@B\@PB`@@L?R?V?`@Cd@Cb@Gp@CJIj@EVGTERGRUn@S^S^SX_@b@u@x@SVGFIJGNEPAN?R@NBT@F@HJt@F\TbBFZFTFJl@z@PVBJF\Dd@@h@@~A@jAAZAVCZADEj@Ix@OxAKjAKbAKlAOtAE`@E`@G^KXSl@[x@g@xAM^KZQz@I\Qt@W]SUCEg@c@e@e@s@g@wBwAwDcCaD{B_Ai@y@[GCMGkCkAc@WMKCAk@e@MK{CkDoGwHWMoCs@GCwCy@i@KqCYFuA?g@?SLmCDw@N{@Jg@Zm@BC\g@NOPI`@GLCTEj@OPKLQp@iBRs@j@yAhAgCdAaCdAyBhByBhAyAr@gANi@PwAJi@Le@JYHSPUb@_@RQFKJMHULa@NXDNDVTxAf@|Cz@tFTzAFd@^jBJnA@x@GtAEZC`A?zAMpDAD	Click to Generate
S25	45	1			3	AllSaints (S25)	SYPTE (S25)	Jump Inc (S25)	3597	2698	ev_eInfrGMnEAZt@pB??SZ}@_C@m@NkF[E[C[ESACG?E?G@GBCvANFCBE?I?GACCCC?eBSIDA@EDGNEP?JAvG?LAt@@P?J?^ATABEVo@~@GJKRILKNEPADEJBHFDXd@V`@FJ?\@P?X\l@HLNVNXXm@^y@gAsBuAkAGEUQk@g@GEOKO[EGCICICGA[?S?I@I@KDSXUDEVOlAi@T[@ABMDU@{@?uC@c@@g@@SBg@@O@OHi@F]?E@EDQLi@DMLYJU@EHORc@PWRULMHKNMNO^YROZQFELGTGREVGDAFAH?P?`@@P@D@VDXFHDJF\TLJLNLPNPVd@NZNZVh@f@nAJRJL@BDBDFNHNDF@DBHEH?D?JEHGJINUBU?G?KEc@?IA]CGe@oAINMN}@cC\~@^bALOHOd@nABFNRJJBDB@B@F@D?JCr@aA`@g@DKPQ@IDQDKFIFGDAFAD?D@HBFFFHDLBJBJ?L?L?LCJCJEJEHGFEBGBI?GAOB_@J_@NUNURY\GJIHABSXGRITEJAHBZ@VCLCNEJGHGHGBIBIAGAIEEEEGCGEIAICKAYM_@So@EKcAyBQ_@GMSg@KOIOKMOSOOMM_@YGCMGQIGAYCWEWAO?G@E@c@FMDQHEBGBMHSNSNWTEDa@ZUR]b@Q^Wf@Qf@Of@EXGVKt@AJ@N@LDJ?@HLnBRFBBD@D?D?D?B?RAFE@QAwAOCBAF?F?DBFR@ZDZBZDP@B@@B@J?J	Click to Generate
S25	20	1			3	St Lawrence Church (S25)	Tinsley Meadows Primary School (S25)	Madani Education Centre (S25)	1903	1427	qz~dIhjoG`ByAIQAEEGCEKIOC@_@?SBODMr@}ADGFEHAH?NJLFHBFAFdABHDBB@CAECCIGeAG@ICMGOKI?I@GDEFs@|AEL?BCJ?RA^NBJHBDDF@DHPRp@BHHXFVRp@HZ_Ax@GFq@l@q@r@UVg@j@WZ[f@u@hAm@`AINmAvDELQ`@]h@U\OX]r@EIa@s@e@gA]eA[_AtAmBq@qBM@KDCDOa@??N`@BEJELAp@pBuAlBBHVt@\dAd@fA`@r@DH\s@NYT]\i@Pa@DMlAwDHOl@aAt@iAZg@V[f@k@TWG]Kq@G_@Oy@Ie@v@u@	Click to Generate
S25	30	1			3	Tinsley Meadows Primary School (S25)	Hanfia Masjid (S25)	Madani Education Centre (S25)	2239	1679	{t_eIxeoG?LJdBPGXjEbC`HjAfDNh@tAmBq@qBM@KDCDOa@??N`@BEJELAp@pBuAlBOi@kAgDcCaH{Bl@cCn@yBp@GBi@Ng@JIFGDKNTv@f@bBNr@Tn@\bADJXr@Th@z@nBHRl@lA`@z@DF`@x@Xd@`@j@JLRXHHVRNHTHVENBd@Fh@NN@VCDA\OVe@Ra@NeAHoAHy@No@L[LUEIa@s@e@gA]eAWu@CIOi@kAgDcCaHYkEQFKeB?M	Click to Generate
S25	30	1			3	Suzy (S25)	Freddy (S25)	Morris (S25)	2863	2147	a_deIxfrG~CtD`AfAxAbBLJj@d@B@LJb@VjCjALFFBx@Z~@h@`DzBvDbCvBvAr@f@d@d@f@b@[bBAJKv@Kz@E~@Al@Aj@?l@IEECIQCSDYFGBALE@m@D_AJ{@Jw@@KZcBg@c@e@e@s@g@wBwAwDcCaD{B_Ai@y@[GCMGkCkAc@WQMk@e@MK{CkDoGwHWMoCs@GCwCy@i@KqCYFuA?g@?SnAPoAQ?R?f@GtApCXh@J??vCx@FBnCr@VLnB`C	Click to Generate
S25	30	1			3	Blackburn Primary School (S25)	Blackburn Youth Club (S25)	Blackburn Minimarket (S25)	2532	1899	a`beIf{sGSHeAd@}BfAa@TCBi@^Om@w@oCOg@s@{B[cAYw@Yu@m@kAOWi@{@CCQUQUW]SUCE[bBAJKv@Kz@E~@Al@Aj@?l@Ar@?FCf@Cd@C`@Gr@Gj@Ih@Gb@En@Cn@?n@?NC~@AHAR|@l@DMDSN_@j@eA??k@dAO^EREL}@m@@S@IB_A?O?o@Bo@Do@Fc@Hi@Fk@Fs@Ba@Be@Bg@XAJ???K?Y@Cf@Cd@C`@Gr@Gj@Ih@Gb@En@Cn@?n@?NC~@AHARGVSb@IMOSEMAQJk@BUO`A@PDLNRHLRc@FW@S@IB_A?O?o@Bo@Do@Fc@Hi@Fk@Fs@Ba@Be@Bg@?G@s@?m@@k@@m@D_AJ{@Jw@@KZcBBDRTV\PTPTBBh@z@NVl@jAXt@Xv@ZbAr@zBNf@v@nCNl@h@_@BC`@U|BgAdAe@RI	Click to Generate
S25	30	1			3	Meadow View Primary School (S25)	South Street Convenience Store (S25)	Bake N Butty (S25)	2618	1964	wpbeIj_pGKVm@u@[]SOSMe@QKEo@SUISMQO]c@GIc@k@i@u@s@}@^oARm@??Sl@_@nAr@|@h@t@b@j@FH\b@PNRLTHn@RJDd@PRLRNZ\l@t@r@kBv@sBBIt@uBTm@Ne@Le@XwADSn@aDx@l@B@b@\PLxAdA{AlFWYiA|CGHIEaCoCu@tBCHw@rBs@jBm@u@[]SOSMe@QKEo@SUISMQO]c@GIc@k@i@u@s@}@KOk@u@k@s@EGSWg@k@MOMMQM?MAOCWGu@K}@XOLONUFGRYSXGFOTMNYNJ|@Ft@BV@N?LPLLLt@z@RVDFj@r@j@t@JNr@|@h@t@b@j@FH\b@PNRLTHn@RJDd@PRLRNZ\l@t@JW	Click to Generate
S25	20	1			3	St Thomas Church Wincobank (S25)	Fife Street Stores (S25)	Wincobank Post Office (S25)	1773	1330	_s`eIzytGGOGUWuAKo@OoAIk@w@oHSgBOkA_@eDO{AOuAm@V}@ZwB`A@LHRL\DPBR?X?f@Al@DHZvCdAdBkAz@[TOX_@t@GWs@gEAEKo@Qu@]eBYwASeAXUPIXE`@?T?N@HA\IvBaA|@[l@WPIDA~@]LEd@lEf@nElAtKv@dH?JADCDCDcA`@AE	Click to Generate
S25	60	1			3	Phase Eight (S25)	SYPTE (S25)	Jump Inc (S25)	5179	3884	_u_eIlqrG??SZ}@_C@m@NkF[E[C[ESACG?E?G@GBCvANFCBE?I?GACCCC?eBSKAGCGKIMGQAW@O@OHi@F]?E@EDQLi@DMLYJU@EHORc@PWRULMHKNMNO^YROZQFELGTGREVGDAFAH?P?`@@P@D@VDXFHDJF\TLJLNLPNPVd@NZNZENCLGFKPEFSZ}A|BK@a@M?h@Ap@EbAC|@CbAAf@AVp@fBT]T[T]T[V]T]CGQc@Qc@Qe@Qe@Qc@Qc@Qg@BUpBwCBK@A@O@MCYKOIOKMOSOOMM_@YGCMGQIGAYCWEWAO?G@E@c@FMDQHEBGBMHSNSNWTEDa@ZUR]b@Q^Wf@Qf@Of@EXGVKt@AJG~@C`A?JAvG?LAt@@P?J?^ATABEVo@~@GJKRILKNEPADEJBHFDXd@V`@FJ?\@P?X\l@HLNVNXXm@^y@gAsBuAkAGEUQk@g@GEOKO[EGCICICGA[?S?I@I@KDSXUDEVOlAi@T[@ABMDU@{@?uC@c@@g@@SBg@@O@OHi@F]?E@EDQLi@DMLYJU@EHORc@PWRULMHKNMNO^YROZQFELGTGREVGDAFAH?P?`@@P@D@VDXFHDJF\TLJLNLPNPVd@NZNZVh@f@nAJRJL@BDBDFNHNDF@DBHEH?D?JEHGJINUBU?G?KEc@?IA]CGe@oAINMN}@cC\~@^bALOHOd@nABFNRJJBDB@B@F@D?JCr@aA`@g@DKPQ@IDQDKFIFGDAFAD?D@HBFFFHDLBJBJ?L?L?LCJCJEJEHGFEBGBI?GAOB_@J_@NUNURY\GJIHABSXGRITEJAHBZ@VCLCNEJGHGHGBIBIAGAIEEEEGCGEIAICKAYM_@So@EKcAyBQ_@GMSg@KOIOKMOSOOMM_@YGCMGQIGAYCWEWAO?G@E@c@FMDQHEBGBMHSNSNWTEDa@ZUR]b@Q^Wf@Qf@Of@EXGVKt@AJ@N@LDJ?@HLnBRFBBD@D?D?D?B?RAFE@QAwAOCBAF?F?DBFR@ZDZBZDP@B@@B@JMzEAZt@pB	Click to Generate
S25	45	1			3	Zara (S25)	The Cruise Holiday Shop (S25)	SYPTE (S25)	3403	2552	_u_eIlqrG??SZ}@_C@m@NkFP@B@@B@JKnDAj@[C[C[E[CQCLkFCG?E?G@GBCvANFCBE?I?GACCCC?eBSKAGCGKIMGQAW@O@OHi@F]?E@EDQLi@DMLYJU@EHORc@PWRULMHKNMNO^YROZQFELGTGREVGDAFAH?P?`@@P@D@VDXFHDJF\TLJLNLPNPVd@NZNZENCLGFKPEFSZ}A|BK@a@M?h@Ap@EbAC|@CbAC~@p@fB??T]T[T]T[V]T]CGQc@Qc@Qe@Qe@Qc@Qc@Qg@BUpBwCBK@A@O@MCYKOIOKMOSOOMM_@YGCMGQIGAYCWEWAO?G@E@c@FMDQHEBGBMHSNSNWTEDa@ZUR]b@Q^Wf@Qf@Of@EXGVKt@AJG~@C`A?JAvG?LAt@@P?J?^ATABEVo@~@GJKRILKNEPADEJBHFDXd@V`@FJ?\@P?X\l@HLNVNXXm@^y@gAsBuAkAGEUQk@g@GEOKO[EGCICICGA[?S?I@I@KDSXUDEVOlAi@T[@ABMDU@{@?uCJe@@QDOHGFEHAH@nBRFBBD@D?D?D?B?RAFE@QAwAOCBAF?F?DBFR@ZDZBZDP@B@@B@JMzEAZt@pB	Click to Generate
S25	20	1			3	St Thomas Church Wincobank (S25)	Wincobank Post Office (S25)	Eastwoods (S25)	1548	1161	ycaeIfgtGKo@fCDHBHBdAdBFJLN`@l@d@j@VV^^^\^`@VVPLIk@w@oHSgBOkA_@eDO{AOuAPIDA~@]LEd@lEf@nElAtKv@dH?JADCDCDcA`@AEGOGUWuAKo@OoAQMWW_@a@_@]_@_@WWe@k@a@m@MOGKeAeBICICgCEJn@	Click to Generate
S25	45	1			3	The White Company (S25)	Barbour (S25)	Jump Inc (S25)	4159	3119	up_eIl{qG_@EWCGCECE?ICGCEGG@EACECEAO@KCYEUIe@AEAQ?S?K@I@MJ[ROZQFELGTGREVGDAFAH?P?`@@P@D@VDXFHDJF\TLJLNLPNPVd@NZNZENCLGFKPEFSZ}A|BK@a@M?h@Ap@EbAC|@CbAC~@??p@fBT]T[T]T[V]T]CGQc@Qc@Qe@Qe@Qc@Qc@Qg@BUpBwCBK@A@O@MCYKOIOKMOSOOMM_@YGCMGQIGAYCWEWAO?G@E@c@FMDQHEBGBMHSNSNWTEDa@ZUR]b@Q^Wf@Qf@Of@EXGVKt@AJ@N@LDJ?@HLnBRFBBD@D?D?D?B?RAFE@QAwAOCBAF?F?DBFR@ZDZBZDP@B@@B@JMzEAZt@pB??SZ}@_C@m@NkF[E[C[ESACG?E?G@GBCvANFCBE?I?GACCCC?eBSKAGCGKIMGQAW@O@OHi@F]?E@EDQLi@DMLYJU@EHORc@PWRULMHKNMNO^YROZQFELGTGREVGDAFAH?P?`@@P@D@VDXFHDJF\TLJLNLPNPVd@NZNZVh@f@nAJRJL@BDBDFNHNDF@DBHEH?D?JEHGJINUBU?G?KEc@?IA]CGe@oAINMN}@cC\~@^bALOHOd@nABFNRJJBDB@B@F@D?JCr@aA`@g@DKPQ@IDQDKFIFGDAFAD?D@HBFFFHDLBJBJ?L?L?LCJCJEJEHGFEBGBI?GAOB_@J_@NUNURY\GJIHABSXGRITEJAHBZ@VCLCNEJGHGHGBIBIAGAIEEEEGCGEIAICKAYM_@So@EKcAyBQ_@GMSg@KOIOKMOSOOMM_@YGCMGQIGAYCWEWAO?G@E@c@FMDQHEBGBMHSNSNWTH`@@FVnABRDFFLFJFNDBFBVB^D	Click to Generate
S25	60	1			3	Suzy (S25)	Yazier (S25)	Two Dinners Ignatiu (S25)	6233	4675	gsceInsrGCAk@e@MKyAcBaAgAoGwHWMoCs@A~@?f@FVbBdBf@fAj@r@J`@@f@CHEL@h@t@pBhBpDr@`B^l@b@dAxAv@n@f@rApA`AHfAl@Zp@@jAFYDIHIL@JH|@bAx@xAv@|BJFFWKcCO{@[qA[eAYiASw@c@y@Qw@SqA??Ky@Mg@I]C]@g@GCMGkCkAc@WQMk@e@MK{CkDoGwHWMoCs@GCwCy@i@KqCYFuA?g@?SLmCDw@N{@Jg@Zm@BC\g@NOPI`@GLCTEj@OPKLQp@iBRs@j@yAhAgCdAaCdAyBhByBhAyAr@gANi@PwAJi@Le@JYHSPUb@_@RQFKJMHULa@NXDNDVTxAf@|Cz@tFTzAFd@^jBJnA@x@GtAEZC`A?zAMpDIZkCpB??ODQCg@YYCw@Eq@@?WBSHO`@GfBMf@GbAs@n@cAXeAVmBFUFa@D[FuAAy@KoA_@kBGe@U{A{@uFg@}CUyAEWEOOYM`@ITKLGJSPc@^QTIRKXMd@Kh@QvAOh@s@fAiAxAiBxBeAxBeA`CiAfCk@xASr@q@hBMPQJk@NUDMBa@FQHON]f@CB[l@Kf@Oz@Ev@MlC?R?f@GtApCXh@JvCx@FBnCr@VLnGvHzCjDLJj@d@B@	Click to Generate
S25	45	1			3	Beck Primary School (S25)	Shiregreen Medical Centre (S25)	Shirefreen News 'n' Booze (S25)	4129	3097	s|beI|gzGA@GNEPOGOIq@Us@Qw@Qw@Ks@Ge@ACSGQKSe@cA]{@_@cAWy@Qq@Me@SaAUkAQmAEYMiAKcAGaAEu@wA^_@L?J?JANG\NvA??OwAF]@O?K?K^MvA_@Cg@E_AAw@Ac@@e@?W?WFCAe@?G?YAS?M@g@?SBi@D}ABe@Bi@Hk@N{@R}@Tu@Vi@JSd@y@P[HU@QAQXKXK`@ONGx@Ul@M\GLAd@E`@@XFPHvAn@rAp@h@VPHPLNLJJBm@@s@DsAFeA?IBo@VL@?zBfArFpCs@dGCV}A{@IECAaAi@kB_A]QQGMCQCKKOMQMQIi@WsAq@wAo@QIYGa@Ae@DM@]Fm@Ly@TOFa@NYJYJcBh@A?qA^m@He@BU?QCSIQISOSWS_@U_@SfAUxAOrAKfAOjBGdAEtACl@ClAZ@??[A?JCjA?zB@dB@b@?h@Bp@[n@Q^Qb@K`@Ib@Kf@Ed@AXCXAl@@n@@d@D`@F^DRLh@Rj@Rj@Th@RZDF\f@Z\`@\b@NZL`AR`AFn@@rBA^AT?bAAXAT?d@@r@Fv@Jv@Pr@Pp@TNHNFDQFO@A	Click to Generate
S25	45	1			3	Beck Primary School (S25)	Shirefreen News 'n' Booze (S25)	Shiregreen Medical Centre (S25)	3310	2482	o~beIljzGJ}@q@Us@Qw@Qw@Ks@Ge@ACSGQKSe@cA]{@_@cAWy@Qq@Me@SaAUkAQmAEYMiAKcAGaAEu@wA^_@L?J?JANG\NvA??OwAF]@O?K?K_AVe@Ja@F}@A_@CKCGIGGZo@Cq@?i@Ac@AeB?{BBkA?KZ@??[ABmABm@DuAFeANkBJgANsATyARgAT^R^RVRNPHRHPBT?d@Cl@IpA_@@?bBi@XKXK`@ONGx@Ul@M\GLAd@E`@@XFPHvAn@rAp@h@VPHPLNLJJPBLBPF\PjB~@`Ah@B@HD|Az@d@Rf@Tj@TZHNDv@PD@AT]nFWbFcDc@y@Im@Ga@CM@C@EFgAgAMK]]CAGEMGMAc@@M??R?xB?V@bA?nC?L?l@Cd@C`@Er@IdAM`BGf@I|@Iv@MtA[lDUvBANIv@QjAo@]OGOIK|@	Click to Generate
S25	45	1			3	Beck Primary School (S25)	Shirefreen News 'n' Booze (S25)	Shiregreen Medical Centre (S25)	3307	2480	y|beInkzGAGEUCU@YOGOIq@Us@Qw@Qw@Ks@Ge@ACSGQKSe@cA]{@_@cAWy@Qq@Me@SaAUkAQmAEYMiAKcAGaAEu@wA^_@L?J?JANG\NvA??OwAF]@O?K?K_AVe@Ja@F}@A_@CKCGIGGZo@Cq@?i@Ac@AeB?{BBkA?KZ@??[ABmABm@DuAFeANkBJgANsATyARgAT^R^RVRNPHRHPBT?d@Cl@IpA_@@?bBi@XKXK`@ONGx@Ul@M\GLAd@E`@@XFPHvAn@rAp@h@VPHPLNLJJPBLBPF\PjB~@`Ah@B@HD|Az@d@Rf@Tj@TZHNDv@PD@AT]nFWbFcDc@y@Im@Ga@CM@C@EFgAgAMK]]CAGEMGMAc@@M??R?xB?V@bA?nC?L?l@Cd@C`@Er@IdAM`BGf@I|@Iv@MtA[lDUvBANIv@QjAOfAKEEICG	Click to Generate
S25	60	1			3	Crow Girl (S25)	Suzy (S25)	Yazier (S25)	5157	3868	obeeI|`uGMa@m@qBmCol@IoDUyEUiFC}A?SDyEBgAAKOy@d@eBXw@fFeNd@qABIHJ\^h@f@\Xd@\nBzA^HXBrBNpCXh@JvCx@FBnCr@VLnB`C~CtD`AfAxAbBLJj@d@PLb@VjCjALFFBAf@B\H\Lf@Jx@??RpAPv@b@x@Rv@XhAZdAZpANz@JbCGVKGw@}By@yA}@cAKIMAIHEHGXAkA[q@gAm@aAIsAqAo@g@yAw@c@eA_@m@s@aBiBqDu@qBAi@DMBIAg@Ka@k@s@g@gAcBeBGW?g@@_AGCwCy@i@KqCYsBOYC_@IoB{Ae@]]Yi@g@]_@IKCHe@pAgFdNYv@e@dBNx@@JCfAExE?RB|AThFTxEHnDlCnl@l@pBL`@	Click to Generate
S25	30	1			3	Wooley Tyres (S25)	Shirefreen News 'n' Booze (S25)	Beck Primary School (S25)	2949	2212	{}ceIz{wGLF@H@NDLHDBSLu@H}@Fg@Bi@B]g@iACEu@u@SWEIIMUg@KUIOYm@aAcBh@oB\cATi@Vi@^q@x@_BdAwBR\v@~Ae@Td@Uw@_BS]eAvBy@~A_@p@Wh@Uh@]bAi@nB`AbBXl@HNJTTf@NVRVt@t@BDf@hAC\Ch@Gf@I|@Mt@DH@F@JBf@Hd@H`@DNFNb@l@x@jASfAUxAOrAKfAOjBGdAEtACl@ClAZ@??[A?JCjA?zB@dB@b@?h@Bp@[n@FFFHJB^B|@@`@Gd@K~@W?J?JANG\NvA??OwAF]@O?K?K_AVe@Ja@F}@A_@CKCGIGGQ^Qb@K`@Ib@Kf@Ed@AXCXCACCEECIE]G}@AWEo@UgDOcDCUCIIIHyBJsCDmABi@Bw@LsCBq@Bq@JsAJmAL}@Lu@Hm@DWd@iCIEEMAOAIMG	Click to Generate
S25	20	1			3	Madani Education Centre (S25)	Tinsley Meadows Primary School (S25)	Lily Chinese Massage (S25)	1945	1459	}|_eIlcpGz@nBHRl@lA`@z@DF`@x@Xd@`@j@JLRXHHVRNHTHVENBd@Fh@NN@VCDA\OVe@Ra@NeAHoAHy@No@L[LUEIa@s@e@gA]eAWu@CItAmBq@qBM@KDCDOa@??N`@BEJELAp@pBuAlBOi@kAgDaBxB}AtBoA~AKNkAfBOTl@lA`@z@DF`@x@Xd@`@j@JLRXHHVRNHTHIr@?DvBdDu@iAaA{A?EHs@UIOIWSIISYKMa@k@Ye@a@y@EGa@{@m@mAIS{@oB	Click to Generate
S25	45	1			3	Beck Primary School (S25)	Shiregreen Medical Centre (S25)	Shirefreen News 'n' Booze (S25)	4128	3096	m}beIpezGU|Aq@Us@Qw@Qw@Ks@Ge@ACSGQKSe@cA]{@_@cAWy@Qq@Me@SaAUkAQmAEYMiAKcAGaAEu@wA^_@L?J?JANG\NvA??OwAF]@O?K?K^MvA_@Cg@E_AAw@Ac@@e@?W?WFCAe@?G?YAS?M@g@?SBi@D}ABe@Bi@Hk@N{@R}@Tu@Vi@JSd@y@P[HU@QAQXKXK`@ONGx@Ul@M\GLAd@E`@@XFPHvAn@rAp@h@VPHPLNLJJBm@@s@DsAFeA?IBo@VL@?zBfArFpCs@dGCV}A{@IECAaAi@kB_A]QQGMCQCKKOMQMQIi@WsAq@wAo@QIYGa@Ae@DM@]Fm@Ly@TOFa@NYJYJcBh@A?qA^m@He@BU?QCSIQISOSWS_@U_@SfAUxAOrAKfAOjBGdAEtACl@ClAZ@??[A?JCjA?zB@dB@b@?h@Bp@[n@Q^Qb@K`@Ib@Kf@Ed@AXCXAl@@n@@d@D`@F^DRLh@Rj@Rj@Th@RZDF\f@Z\`@\b@NZL`AR`AFn@@rBA^AT?bAAXAT?d@@r@Fv@Jv@Pr@Pp@TT}A	Click to Generate
S25	45	1			3	AllSaints (S25)	SYPTE (S25)	Jump Inc (S25)	3606	2704	cv_eIjerG??CJ@JMzEAZt@pB??SZ}@_C@m@NkF[E[C[ESACG?E?G@GBCvANFCBE?I?GACCCC?eBSIDA@EDGNEP?JAvG?LAt@@P?J?^ATABEVo@~@GJKRILKNEPADEJBHFDXd@V`@FJ?\@P?X\l@HLNVNXXm@^y@gAsBuAkAGEUQk@g@GEOKO[EGCICICGA[?S?I@I@KDSXUDEVOlAi@T[@ABMDU@{@?uC@c@@g@@SBg@@O@OHi@F]?E@EDQLi@DMLYJU@EHORc@PWRULMHKNMNO^YROZQFELGTGREVGDAFAH?P?`@@P@D@VDXFHDJF\TLJLNLPNPVd@NZNZVh@f@nAJRJL@BDBDFNHNDF@DBHEH?D?JEHGJINUBU?G?KEc@?IA]CGe@oAINMN}@cC\~@^bALOHOd@nABFNRJJBDB@B@F@D?JCr@aA`@g@DKPQ@IDQDKFIFGDAFAD?D@HBFFFHDLBJBJ?L?L?LCJCJEJEHGFEBGBI?GAOB_@J_@NUNURY\GJIHABSXGRITEJAHBZ@VCLCNEJGHGHGBIBIAGAIEEEEGCGEIAICKAYM_@So@EKcAyBQ_@GMSg@KOIOKMOSOOMM_@YGCMGQIGAYCWEWAO?G@E@c@FMDQHEBGBMHSNSNWTEDa@ZUR]b@Q^Wf@Qf@Of@EXGVKt@AJ@N@LDJ?@HLnBRFBBD@D?D?D?B?RAFE@QAwAOCBAF?F?DBFR@ZDZBZDP@B@@BBK??	Click to Generate
S25	30	1			3	Hancock Cars (S25)	Shirefreen News 'n' Booze (S25)	Beck Primary School (S25)	2116	1587	s_deIbpwG??NVRVt@t@BDf@hAC\Ch@Gf@I|@Mt@CRIEEMAOAIMGGEOAI@EF_@xB^yBDGHAN@TL@H@NDLHDe@hCHCNEJAH?L?D?FCDNFNb@l@x@jASfAUxAOrAKfAOjBGdAEtACl@ClAZ@??[A?JCjA?zB@dB@b@?h@Bp@[n@FFFHJB^B|@@`@Gd@K~@W?J?JANG\NvA??OwAF]@O?K?K_AVe@Ja@F}@A_@CKCGIGGZo@Cq@?i@Ac@AeB?{BBkA?KBmABm@DuAFeANkBJgANsATyARgAy@kAc@m@GOEOIa@Ie@Cg@AKAGEILu@H}@Fg@Bi@B]g@iACEu@u@SWOW??	Click to Generate
S25	30	1			3	Masjid Abu Bakr (S25)	Tinsley Sports and Social Club (S25)	Tinsley Meadows Primary School (S25)	2948	2211	cw~dIvkoG\YRp@HZ_Ax@GFq@l@q@r@UVZlBJEHEPQd@c@w@t@IDKD[mBTWp@s@p@m@FG~@y@bC{BRQd@e@X]T]N]Pc@DQFWF_@@Ib@qDLeAPyAX}BBOD_@D]Ju@MAIAG@}A|@OFM???L?NG|A}@FAH@L@Kt@E\E^CNY|BQxAMdAc@pDAHG^GVEPQb@O\U\Y\e@d@SPcCzB_Ax@GFq@l@q@r@UVg@j@WZ[f@u@hAm@`AINmAvDELQ`@]h@U\OX]r@EIa@s@e@gA]eA[_AtAmBq@qBM@KDCDOa@??N`@BEJELAp@pBuAlBZ~@\dAd@fA`@r@DH\s@NYT]\i@Pa@DMlAwDHOl@aAt@iAZg@V[f@k@TWp@s@p@m@FG~@y@I[Sq@]X	Click to Generate
S25	20	1			3	St Lawrence Church (S25)	Tinsley Meadows Primary School (S25)	Madani Education Centre (S25)	2011	1508	kz~dI~noG[^Jp@F\p@s@p@m@FG~@y@I[Sq@GWIYCISq@IQAEEGCEKIOC@_@?SBODMr@}ADGFEHAH?NJLFHBFAFdABHDBB@CAECCIGeAG@ICMGOKI?I@GDEFs@|AEL?BCJ?RA^NBJHBDDF@DHPRp@BHHXFVRp@HZ_Ax@GFq@l@q@r@UVg@j@WZ[f@u@hAm@`AINmAvDELQ`@]h@U\OX]r@EIa@s@e@gA]eA[_AtAmBq@qBM@KDCDOa@??N`@BEJELAp@pBuAlBBHVt@\dAd@fA`@r@DH\s@NYT]\i@Pa@DMlAwDHOl@aAt@iAZg@V[f@k@TWG]Kq@Z_@	Click to Generate
S25	45	1			3	Ernest Jones (S25)	SYPTE (S25)	Jump Inc (S25)	3597	2698	gv_eIfgrGKvDAZt@pB??SZ}@_C@m@NkF[E[C[ESACG?E?G@GBCvANFCBE?I?GACCCC?eBSIDA@EDGNEP?JAvG?LAt@@P?J?^ATABEVo@~@GJKRILKNEPADEJBHFDXd@V`@FJ?\@P?X\l@HLNVNXXm@^y@gAsBuAkAGEUQk@g@GEOKO[EGCICICGA[?S?I@I@KDSXUDEVOlAi@T[@ABMDU@{@?uC@c@@g@@SBg@@O@OHi@F]?E@EDQLi@DMLYJU@EHORc@PWRULMHKNMNO^YROZQFELGTGREVGDAFAH?P?`@@P@D@VDXFHDJF\TLJLNLPNPVd@NZNZVh@f@nAJRJL@BDBDFNHNDF@DBHEH?D?JEHGJINUBU?G?KEc@?IA]CGe@oAINMN}@cC\~@^bALOHOd@nABFNRJJBDB@B@F@D?JCr@aA`@g@DKPQ@IDQDKFIFGDAFAD?D@HBFFFHDLBJBJ?L?L?LCJCJEJEHGFEBGBI?GAOB_@J_@NUNURY\GJIHABSXGRITEJAHBZ@VCLCNEJGHGHGBIBIAGAIEEEEGCGEIAICKAYM_@So@EKcAyBQ_@GMSg@KOIOKMOSOOMM_@YGCMGQIGAYCWEWAO?G@E@c@FMDQHEBGBMHSNSNWTEDa@ZUR]b@Q^Wf@Qf@Of@EXGVKt@AJ@N@LDJ?@HLnBRFBBD@D?D?D?B?RAFE@QAwAOCBAF?F?DBFR@ZDZBZDP@B@@B@JAb@	Click to Generate
S25	45	1			3	Wincobank Fish Bar (S25)	Eastwoods (S25)	Northern Trains (S25)	3344	2508	qx`eI~_tGWuBO{AOuAm@V}@ZwB`A]HI@OAU?a@?YDQHYTRdAXvAl@@zBDDHZvCdAdBFJLN`@l@d@j@VV^^^\^`@VVPLNnAJn@VtAFTFN@DbAa@BEBE@E?Kw@eHmAuKg@oEe@mEbBo@xAq@@?FC\MGm@AKIo@QiBCYAQ?U?Q@MBUBODMDMHMFGHI\QLGPGb@ONCBAn@IJALCLELGDO@M?C?KMa@So@M[K]EMI[EQPIFEFEDCPMNQPQVa@j@aAV_@NOTWb@MJCJ?JANBNFNJ^f@Nh@Fj@EPADEJBHAHCn@?t@@p@DZt@lALVRXBBBDB?B?DEHOP_@x@gBgAsBuAkAGEUQk@g@GEOKKE_@KKAO?OBOBQHOLKLMNYh@SVYZKJWf@CJCFEVAVDd@Rn@L`@HTBL?L?JCFCDI@GAQGGAKAK@o@HC@OBc@NQFMF]PIHGFILELELCNCTAL?P?T@PBXPhBHn@@JFl@]LGBA?yAp@cBn@MD_A\WJNtANzAVtB	Click to Generate
S25	20	1			3	Tinsley Meadows Primary School (S25)	Madani Education Centre (S25)	Hanfia Masjid (S25)	2025	1519	ws_eI`~nGNxBX\RJETIPMLaAXAPJdBPGXjEbC`HjAfDNh@tAmBq@qBM@KDCDOa@??N`@BEJELAp@pBuAlBBHVt@\dAqEjGmBaCqBaCkAfBOTIS{@oBUi@Ys@EK]cAUo@[g@MYGMGKY_@UU[a@GKKMCO?O@Y?GDk@Bm@Cq@AMCUAu@Lh@?@Ht@DCHCRIhFwAnFcBKeB@Q`AYLMHQDUSKY]OyB	Click to Generate
S25	60	1			3	Reiss (S25)	Jump Inc (S25)	SYPTE (S25)	5157	3868	em_eIpfrGAJbAhCT[T]T[V]T]CGQc@Qc@Qe@Qe@Qc@Qc@Qg@BUpBwCBK@A@O@MCYKOIOKMOSOOMM_@YGCMGQIGAYCWEWAO?G@E@c@FMDQHEBGBMHSNSNWTEDa@ZUR]b@Q^Wf@Qf@Of@EXGVKt@AJ@N@LDJ?@HLnBRFBBD@D?D?D?B?RAFE@QAwAOCBAF?F?DBFR@ZDZBZDP@B@@B@JMzEAZt@pB??SZ}@_C@m@NkF[E[C[ESACG?E?G@GBCvANFCBE?I?GACCCC?eBSKAGCGKIMGQAW@O@OHi@F]?E@EDQLi@DMLYJU@EHORc@PWRULMHKNMNO^YROZQFELGTGREVGDAFAH?P?`@@P@D@VDXFHDJF\TLJLNLPNPVd@NZNZVh@f@nAJRJL@BDBDFNHNDF@DBHEH?D?JEHGJINUBU?G?KEc@?IA]CGe@oAINMN}@cC\~@^bALOHOd@nABFNRJJBDB@B@F@D?JCr@aA`@g@DKPQ@IDQDKFIFGDAFAD?D@HBFFFHDLBJBJ?L?L?LCJCJEJEHGFEBGBI?GAOB_@J_@NUNURY\GJIHABSXGRITEJAHBZ@VCLCNEJGHGHGBIBIAGAIEEEEGCGEIAICKAYM_@So@EKcAyBQ_@GMSg@KOIOKMOSOOMM_@YGCMGQIGAYCWEWAO?G@E@c@FMDQHEBGBMHSNSNWTEDa@ZUR]b@Q^Wf@Qf@Of@EXGVKt@AJG~@C`A?JAvG?LAt@@P?J?^ATABEVo@~@GJKRILKNEPADEJBHFDXd@V`@FJ?\@P?X\l@HLNVNXXm@^y@gAsBuAkAGEUQk@g@GEOKO[EGCICICGA[?S?I@I@KDSXUDEVOlAi@T[@ABMDU@{@?uC@c@@g@@SBg@@O@OHi@F]?E@EDQLi@DMLYJU@EHORc@PWRULMHKNMNO^YROZQFELGTGREVGDAFAH?P?`@@P@D@VDXFHDJF\TLJLNLPNPVd@NZNZENCLGFKPEFSZ}A|BK@a@M?h@Ap@EbAC|@Av@	Click to Generate
S25	30	1			3	South Street Convenience Store (S25)	Dave's Fish Bar (S25)	Meadow View Primary School (S25)	2895	2171	uebeIv{nG@BAD?DCBA@C@CACCAC?EAE@E@CBC@AB?EOEW?K@I^wAJ]DIAI?KFWTTHHpBxBDBdAIFpB@j@Bb@@l@BV@T@PHrAJdABTRdBNdANlAj@lERxAD`@Jv@DZGBGBG?IAGGYm@GM_@w@eBoDi@kAc@{@KQKKyAeAQMc@]CAy@m@o@`DERYvAMd@Od@Ul@u@tBCHw@rBg@rAKVm@u@[]SOSMe@QKEo@SUISMQO]c@GIc@k@i@u@s@}@^oARm@??Sl@_@nAr@|@h@t@b@j@FH\b@PNRLTHn@RJDd@PRLRNZ\l@t@r@kBv@sBBIt@uBTm@Ne@Le@XwADSn@aDmE}CEIAI?E?Uf@}CtB}Mj@j@r@v@\^Z\FHTTHHGNEDIBGAEIEHK\_@vAAH?JDVDNB@@B@D?@	Click to Generate
S25	20	1			3	The Manor Barn (S25)	Kimberworth Library (S25)	Meadow View Primary School (S25)	2043	1532	k~beIhjnGMz@GDG?IEEEAE?G^eCD[@E@SAKKMUCQE]SKEC?G?ICc@YCPO`AK~@MlACRIj@APCLERIRIPWh@Ob@ELO^Sr@Ib@If@ATANAb@@d@Bh@Fl@Fl@FXF\XU@CDELS`BkDYYMMKQq@_BS]OUSr@Ib@If@Cd@Ab@@d@Bh@Fl@Fl@FXF\Jh@\rAFRJh@DVJ|@Ft@BV@N?LPLLLt@z@RVDFj@r@j@t@JN^oARm@??Sl@_@nAKOk@u@k@s@EGSWu@{@MMQM?MAOCWGu@K}@EWKi@GS]sAKi@G]GYGm@Gm@Ci@Ae@@c@Be@Hg@Hc@Rs@N_@DMNc@Vi@HQHSDSBM@QHk@t@t@NLF@FCDGXmBN}@BKBEF@TLTN\T@FO~@	Click to Generate
S25	20	1			3	The Manor Barn (S25)	Bake N Butty (S25)	The Salvation Army - Rotherham (S25)	1598	1198	qgceId_oGDELS`BkDYYMMKQq@_BS]OUSr@Ib@If@ATANAb@@d@Bh@Fl@Fl@FXF\Jh@\rAFRJh@DVJ|@Ft@BV@N?LPLLLLNf@j@RVDFj@r@j@t@JN^oARm@Sl@_@nAKOk@u@k@s@EGSWu@{@MMQMCNCJk@bAILMTQRSVYZ[d@e@r@a@r@ILOTQRMPKJQNC@@J?NCPIf@IX@]?QAQESZYBAPOJKLQPSNUHM`@s@d@s@JONUX[RWPSLUHMj@cABKBO?MAOCWGu@K}@EWKi@GS]sAKi@XU@C	Click to Generate
S25	20	1			3	The Manor Barn (S25)	Bake N Butty (S25)	The Salvation Army - Rotherham (S25)	1598	1198	qgceId_oGDELS`BkDYYMMKQq@_BS]OUSr@Ib@If@ATANAb@@d@Bh@Fl@Fl@FXF\Jh@\rAFRJh@DVJ|@Ft@BV@N?LPLLLLNf@j@RVDFj@r@j@t@JN^oARm@Sl@_@nAKOk@u@k@s@EGSWu@{@MMQMCNCJk@bAILMTQRSVYZ[d@e@r@a@r@ILOTQRMPKJQNC@@J?NCPIf@IX@]?QAQESZYBAPOJKLQPSNUHM`@s@d@s@JONUX[RWPSLUHMj@cABKBO?MAOCWGu@K}@EWKi@GS]sAKi@XU@C	Click to Generate
S25	30	1			3	American Golf (S25)	Madani Education Centre (S25)	Hanfia Masjid (S25)	2380	1785	cp_eI~wpGaA{A?EHs@VENBd@Fh@NN@VCDA\OVe@Ra@d@k@ZWNE^CP@R@ZR\ZVl@Jh@Ff@@H@fAAVC^@dAFl@Jh@Vd@X\CVK\EJIDG@[Hk@Xk@ZEY`@UQJOHDXj@[j@YZIFAHEDKJ]_@_@S]OYKISGSAU@_@b@WPWJ[BG?QEQGa@[SUOa@Mg@Go@Cg@?_@@]@UBQDSJa@Ve@Ra@NeAHoAHy@No@L[LUEIa@s@e@gA]eAWu@CIOi@kAgDcCaH{Bl@cCn@yBp@GBi@Ng@JIFGDKNTv@f@bBNr@Tn@\bADJXr@Th@z@nBHRl@lA`@z@DF`@x@Xd@`@j@JLRXHHVRNHTHIr@?D`AzA	Click to Generate
S25	45	1			3	Ernest Jones (S25)	SYPTE (S25)	Jump Inc (S25)	3597	2698	gv_eIfgrGKvDAZt@pB??SZ}@_C@m@NkF[E[C[ESACG?E?G@GBCvANFCBE?I?GACCCC?eBSIDA@EDGNEP?JAvG?LAt@@P?J?^ATABEVo@~@GJKRILKNEPADEJBHFDXd@V`@FJ?\@P?X\l@HLNVNXXm@^y@gAsBuAkAGEUQk@g@GEOKO[EGCICICGA[?S?I@I@KDSXUDEVOlAi@T[@ABMDU@{@?uC@c@@g@@SBg@@O@OHi@F]?E@EDQLi@DMLYJU@EHORc@PWRULMHKNMNO^YROZQFELGTGREVGDAFAH?P?`@@P@D@VDXFHDJF\TLJLNLPNPVd@NZNZVh@f@nAJRJL@BDBDFNHNDF@DBHEH?D?JEHGJINUBU?G?KEc@?IA]CGe@oAINMN}@cC\~@^bALOHOd@nABFNRJJBDB@B@F@D?JCr@aA`@g@DKPQ@IDQDKFIFGDAFAD?D@HBFFFHDLBJBJ?L?L?LCJCJEJEHGFEBGBI?GAOB_@J_@NUNURY\GJIHABSXGRITEJAHBZ@VCLCNEJGHGHGBIBIAGAIEEEEGCGEIAICKAYM_@So@EKcAyBQ_@GMSg@KOIOKMOSOOMM_@YGCMGQIGAYCWEWAO?G@E@c@FMDQHEBGBMHSNSNWTEDa@ZUR]b@Q^Wf@Qf@Of@EXGVKt@AJ@N@LDJ?@HLnBRFBBD@D?D?D?B?RAFE@QAwAOCBAF?F?DBFR@ZDZBZDP@B@@B@JAb@	Click to Generate
S25	30	1			3	Tinsley Meadows Primary School (S25)	Lily Chinese Massage (S25)	Hanfia Masjid (S25)	2312	1734	_l_eIn_pGCItAmBq@qBM@KDCDOa@??N`@BEJELAp@pBuAlBOi@kAgDaBxB}AtBoA~AKNkAfBOTl@lA`@z@DF`@x@Xd@`@j@JLRXHHVRNHTHIr@?DvBdDu@iAaA{A?EHs@UIOIWSIISYKMa@k@Ye@a@y@EGa@{@m@mAISqAyCYs@EK]cAUo@[g@MYGMGKY_@UU[a@GKKMCO?O@Y?GDk@Bm@Cq@AMCUAu@Lh@?@Ht@BXN~@Nv@BLFPFPTv@f@bBNr@Tn@\bADJXr@Th@z@nBHRNUjAgBJOnA_B|AuB`ByBjAfDNh@BH	Click to Generate
S25	60	1			3	Blackburn Meadows Nature Reserve (S25)	ItsaGoal (S25)	Hanfia Masjid (S25)	11048	8286	aj`eI~{mGDnB@xC`@b@Dg@Bg@Do@NwBPaDBWFoAHcBHcBFu@HuALuB@Y@]@k@A}@GeAKyBIqBE{AK}A_@eGUwBEg@Ky@UsBOmBKeAE]EUOu@Qm@Si@Se@Uc@QKA?[GEAGCIICGCMAOK_@ACQc@q@i@kAeAUW_@e@]i@Yq@Ww@Qm@Q_Ag@}C_@eCs@{ECU[qBc@oCKs@c@}AESGQIUK[IUYcAKSU[CCGMCOCk@GWMg@Ys@c@_A[i@]m@UUw@g@KCIEc@S]Ea@?e@LeIdDeBd@uAV_@BK@qAF}AAaBKWJMJIJEFCFGPKd@?FDlA@`@BTDl@DVD\Ff@Hx@D^Bd@Bn@@`A?~A?N?vA?f@?|@Ef@ShBw@dHMbAg@rEKx@C`@?\FnABz@@nA@p@?DAf@AjA?RChAAvA?xAApAC|B?b@?JCjBAdB?~@?FAZ?VAvBAxA?XCbE?P@\?BBNDRVd@HMNQLMj@i@^i@PYt@oAXe@`A_BTa@Zk@t@qALSdAkBDWB_@Hm@FIRCB?HCJEJM\e@NMPID@FBDFDJNr@BR@XNrG@d@@NBNl@LjA`@LB^@ZAP?TIL[VKREVGDSC{FBzFER??WFSDWJMZUHQ?[@_@AMCkAa@m@MCOAOAe@OsGAYCSOs@EKEGGCEAQHOL]d@KLKDIBC?SBGHIl@C^EVeAjBMRu@pA[j@U`@aA~AYd@u@nAQX_@h@k@h@MLOPILMZQp@b@b@bA`A\^j@x@FHnA`C`@t@l@nAf@vAN`@Pf@HTXx@`@nAZ~@BLPj@^|A?DHl@BNDVFp@HtAFtADtAFxBB`@FpB@j@Bb@@l@BV@T@PHrAJdABTRdBNdANlAj@lERxAD`@Jv@DZRxA@L`@|CVrBHn@P`AN`A^|BPhAl@bDRbAr@tDLn@ZxAZfAf@~AX|@d@rAZbA\fAl@~Ar@~Ah@vAFN^dAZnATrAPfABHHZFRDJHRFJ^TLFN?\GTIj@m@jEgE|KiJ|EeEnCmCfCsCbFeGn@cA?ALSH]BODs@Cg@?_@@]@UBQDSJa@Ve@Ra@NeAHoAHy@No@L[LUEIa@s@e@gA]eA[_AOi@kAgDcCaHYkEQFKeB@Q`AYLMHQDUSKY]OyBIoAXhEX\RJETIPMLaAXAPJdBPGXjEbC`HaBxB}AtBoA~AKNkAfBOTIS{@oBUi@Ys@EK]cAUo@[g@MYGMGKY_@UU[a@GKKMCO?O@Y?GDk@Bm@Cq@AMCUAu@COEc@CWQyBa@aFE_@Ei@A]GmAAYQgECkAEgBAo@Ae@?Y@q@Bs@@a@a@c@AyCEoB	Click to Generate
S25	20	1			3	Tinsley Barbers (S25)	Tinsley Meadows Primary School (S25)	Madani Education Centre (S25)	1621	1216	ey~dIvuoGQPIDKD[mBTWp@s@p@m@FG~@y@I[Sq@]X??\YRp@HZ_Ax@GFq@l@q@r@UVg@j@WZ[f@u@hAm@`AINmAvDELQ`@]h@U\OX]r@EIa@s@e@gA]eA[_AtAmBq@qBM@KDCDOa@??N`@BEJELAp@pBuAlBBHVt@\dAd@fA`@r@DH\s@NYT]\i@Pa@DMlAwDHOl@aAt@iAZg@V[f@k@ZlBJEHEPQ	Click to Generate
S25	60	1			3	American Golf (S25)	Madani Education Centre (S25)	Air Haus (S25)	4242	3182	on_eIfzpGuBcD?EHs@VENBd@Fh@NN@VCDA\OVe@Ra@d@k@ZWNE^CP@R@ZR\ZVl@Jh@Ff@@H@fAAVC^@dAFl@Jh@Vd@X\CVK\EJIDG@[Hk@Xk@ZEY`@UQJOHDXj@[j@YZIFAHEDKJ]_@_@S]OYKISGSAU@_@b@WPWJ[BG?QEQGa@[SUOa@Mg@Go@Cg@Mi@KYKSYUi@Mc@GMKMMUIOIWSIISYKMa@k@Ye@a@y@EGa@{@m@mANUjAgBJOnA_B|AuB`ByBjAfDNh@BHVt@\dAd@fA`@r@DHI`@E\CV?V@H@RFRLZBFV\P@R@ZR\ZVl@Jh@Ff@@H@fAAVC^Ot@Un@c@h@_@b@Oh@EPCPAT?TBd@Lh@R^NTHFz@v@XXl@l@d@f@f@d@`@d@JLPPJLf@j@`@d@FFT\HBFFFHDLBJBJ?L?L?LCJCJEJEHGFEBGBI?GAOB_@J_@NUNURY\GJIHABSXGRITEJAHBZ@VCLCNEJGHGHGBIBIAGAIEEEEGCGEIAICKAY@O@QBMFMDKHGHEH?D?JEHGJINUBU?G?KEc@?IA]CGe@oAo@{AMYGKIGK?K@KJyAyD~@`CXv@JKJAJ?HFFJLXn@zAd@nABFNRJJBDB@B@F@D?JCr@aA`@g@DKPQ@IM}@GYM[GKQWQSUWaB_Bg@g@oAkA]]KMk@y@MSM]K]I[G[EMUk@a@[SUOa@Mg@Go@Cg@Mi@KYKSYUi@Mc@GMKMMIr@?DtBbD	Click to Generate
S25	20	1			3	Bake N Butty (S25)	Kimberworth Post Office (S25)	The Salvation Army - Rotherham (S25)	1598	1198	g}beIpooGSl@_@nAKOk@u@k@s@EGSWg@k@MOMMQM?MAOCWGu@K}@EWKi@GS]sAKi@G]GYGm@Gm@Ci@Ae@@c@Be@Hg@Hc@Rs@NTR\p@~AJPLLXXaBjDMREDABYTJh@\rAFRJh@DVJ|@Ft@BV@N?LCNCJk@bAILMTQRSVYZ[d@e@r@a@r@ILOTQRMPKJQNC@@J?NCPIf@IX@]?QAQESZYBAPOJKLQPSNUHM`@s@d@s@JONUX[RWPSLUHMj@cABKBOPLLLt@z@RVDFj@r@j@t@JN^oARm@	Click to Generate
S25	60	1			3	Reiss (S25)	Jump Inc (S25)	SYPTE (S25)	4245	3184	ct_eIx_rG@SBu@BsA?OG@EACECEAO@KCYEUIe@ECAAGEGCM?UR]b@Q^Wf@Qf@Of@EXGVKt@AJ@N@LDJ?@HLnBRFBBD@D?D?D?B?RAFE@QAwAOCBAF?F?DBFR@ZDZBZDP@B@@B@JMzEAZt@pB??SZ}@_C@m@NkF[E[C[ESACG?E?G@GBCvANFCBE?I?GACCCC?eBSKAGCGKIMGQAW@O@OHi@F]?E@EDQLi@DMLYJU@EHORc@PWRULMHKNMNO^YROZQFELGTGREVGDAFAH?P?`@@P@D@VDXFHDJF\TLJLNLPNPVd@NZNZVh@f@nAJRJL@BDBDFNHNDF@DBHEH?D?JEHGJINUBU?G?KEc@?IA]CGe@oAINMN}@cC\~@^bALOHOd@nABFNRJJBDB@B@F@D?JCr@aA`@g@DKPQ@IDQDKFIFGDAFAD?D@HBFFFHDLBJBJ?L?L?LCJCJEJEHGFEBGBI?GAOB_@J_@NUNURY\GJIHABSXGRITEJAHBZ@VCLCNEJGHGHGBIBIAGAIEEEEGCGEIAICKAYM_@So@EKcAyBQ_@GMSg@KOIOKMOSOOMM_@YGCMGQIGAYCWEWAO?G@E@c@FMDQHEBGBMHSNSNWTEDa@ZUR]b@Q^Wf@Qf@Of@EXGVKt@AJG~@C`A?JAvG?LAt@@P?J?^ATABEVo@~@GJKRILKNEPADEJBHFDXd@V`@FJ?\@P?X\l@HLNVNXXm@^y@gAsBuAkAGEUQk@g@GEOKO[EGCICICGA[?S?I@I@KDSXUDEVOlAi@T[@ABMDU@{@?uC@c@@g@@SBg@@O@OHi@F]?E@EDQLi@DMLYJU@EHORc@PWRULMHKPCJGF@D@BBDDH`@@FVnABR@H?JAJ?NCrACt@AR	Click to Generate
S25	45	1			3	AllSaints (S25)	SYPTE (S25)	Jump Inc (S25)	3606	2704	cv_eIjerG??CJ@JMzEAZt@pB??SZ}@_C@m@NkF[E[C[ESACG?E?G@GBCvANFCBE?I?GACCCC?eBSIDA@EDGNEP?JAvG?LAt@@P?J?^ATABEVo@~@GJKRILKNEPADEJBHFDXd@V`@FJ?\@P?X\l@HLNVNXXm@^y@gAsBuAkAGEUQk@g@GEOKO[EGCICICGA[?S?I@I@KDSXUDEVOlAi@T[@ABMDU@{@?uC@c@@g@@SBg@@O@OHi@F]?E@EDQLi@DMLYJU@EHORc@PWRULMHKNMNO^YROZQFELGTGREVGDAFAH?P?`@@P@D@VDXFHDJF\TLJLNLPNPVd@NZNZVh@f@nAJRJL@BDBDFNHNDF@DBHEH?D?JEHGJINUBU?G?KEc@?IA]CGe@oAINMN}@cC\~@^bALOHOd@nABFNRJJBDB@B@F@D?JCr@aA`@g@DKPQ@IDQDKFIFGDAFAD?D@HBFFFHDLBJBJ?L?L?LCJCJEJEHGFEBGBI?GAOB_@J_@NUNURY\GJIHABSXGRITEJAHBZ@VCLCNEJGHGHGBIBIAGAIEEEEGCGEIAICKAYM_@So@EKcAyBQ_@GMSg@KOIOKMOSOOMM_@YGCMGQIGAYCWEWAO?G@E@c@FMDQHEBGBMHSNSNWTEDa@ZUR]b@Q^Wf@Qf@Of@EXGVKt@AJ@N@LDJ?@HLnBRFBBD@D?D?D?B?RAFE@QAwAOCBAF?F?DBFR@ZDZBZDP@B@@BBK??	Click to Generate
S25	60	1			3	Reiss (S25)	Jump Inc (S25)	SYPTE (S25)	5157	3868	em_eIvfrGADbAhCT[T]T[V]T]CGQc@Qc@Qe@Qe@Qc@Qc@Qg@BUpBwCBK@A@O@MCYKOIOKMOSOOMM_@YGCMGQIGAYCWEWAO?G@E@c@FMDQHEBGBMHSNSNWTEDa@ZUR]b@Q^Wf@Qf@Of@EXGVKt@AJ@N@LDJ?@HLnBRFBBD@D?D?D?B?RAFE@QAwAOCBAF?F?DBFR@ZDZBZDP@B@@B@JMzEAZt@pB??SZ}@_C@m@NkF[E[C[ESACG?E?G@GBCvANFCBE?I?GACCCC?eBSKAGCGKIMGQAW@O@OHi@F]?E@EDQLi@DMLYJU@EHORc@PWRULMHKNMNO^YROZQFELGTGREVGDAFAH?P?`@@P@D@VDXFHDJF\TLJLNLPNPVd@NZNZVh@f@nAJRJL@BDBDFNHNDF@DBHEH?D?JEHGJINUBU?G?KEc@?IA]CGe@oAINMN}@cC\~@^bALOHOd@nABFNRJJBDB@B@F@D?JCr@aA`@g@DKPQ@IDQDKFIFGDAFAD?D@HBFFFHDLBJBJ?L?L?LCJCJEJEHGFEBGBI?GAOB_@J_@NUNURY\GJIHABSXGRITEJAHBZ@VCLCNEJGHGHGBIBIAGAIEEEEGCGEIAICKAYM_@So@EKcAyBQ_@GMSg@KOIOKMOSOOMM_@YGCMGQIGAYCWEWAO?G@E@c@FMDQHEBGBMHSNSNWTEDa@ZUR]b@Q^Wf@Qf@Of@EXGVKt@AJG~@C`A?JAvG?LAt@@P?J?^ATABEVo@~@GJKRILKNEPADEJBHFDXd@V`@FJ?\@P?X\l@HLNVNXXm@^y@gAsBuAkAGEUQk@g@GEOKO[EGCICICGA[?S?I@I@KDSXUDEVOlAi@T[@ABMDU@{@?uC@c@@g@@SBg@@O@OHi@F]?E@EDQLi@DMLYJU@EHORc@PWRULMHKNMNO^YROZQFELGTGREVGDAFAH?P?`@@P@D@VDXFHDJF\TLJLNLPNPVd@NZNZENCLGFKPEFSZ}A|BK@a@M?h@Ap@EbAC|@A|@	Click to Generate
S25	60	1			3	Stan (S25)	Crow Girl (S25)	Abbey School (S25)	6726	5044	yldeIv~qGi@KqCYFuA?g@?SLmCDw@N{@Jg@Zm@BC\g@NOKi@GSMKOGiCc@KOCM?WFW~@qBRVpH~ARHq@hBMP??QJk@NUDMBa@FQHON]f@CB[l@Kf@Oz@Ev@MlC?R?f@GtApCXh@JvCx@FBnCr@VLnB`C~CtDzCjDLJj@d@PLb@VjCjALFFBx@Z~@h@`DzBvDbCvBvAr@f@d@d@f@b@BDRTV\Pu@H]P{@J[L_@f@yAZy@Rm@JYF_@Da@Da@NuAJmAJcAJkANyAHy@Dk@@EB[@W@[AkAA_BAi@Ee@G]CKQWm@{@GKGUG[UcBG]Ku@AIAGCUAO?S@ODQFOHKFGRWt@y@^c@RYR_@R_@To@FSDSFUDWHk@BKFq@Bc@Be@?a@?W?SAMCa@AQC]Im@Ik@Mo@Oi@Oi@Og@Qa@Q_@Wi@[i@MSCCQYWYIKc@c@g@a@OI}@g@}@i@KKKOEGIUI[CWAc@?S@WDa@Fg@Fa@UISMQO]c@GIc@k@i@u@s@}@KOk@u@k@s@EGSWu@{@MMQMCNCJk@bAILMTQRSVYZ[d@e@r@a@r@ILOTQRMPKJQNC@@J?NCPIf@IXIXERADAFGTELNXDNDVTxAf@|Cz@tFTzAFd@^jBJnA@x@GtAEZG`@GTWlBYdAo@bAcAr@g@FgBLa@FINCR?VAl@??@m@?WBSHO`@GfBMf@GbAs@n@cAXeAVmBFUFa@D[FuAAy@KoA_@kBGe@U{A{@uFg@}CUyAEWEOOYM`@ITKLGJSPc@^QTIRKXMd@Kh@QvAOh@s@fAiAxAiBxBeAxBeA`CiAfCk@xASr@q@hBMPQJk@NUDMBa@FQHON]f@CB[l@Kf@Oz@Ev@MlC?R?f@GtApCXh@J	Click to Generate
S25	45	1			3	Tinsley Meadows Primary School (S25)	Tinsley Sports and Social Club (S25)	Madani Education Centre (S25)	4026	3020	gz~dI`joGvAqARp@BHHXFVRp@HZ_Ax@GFq@l@q@r@UVg@j@WZ[f@u@hAm@`AINmAvDELQ`@]h@U\OX]r@EIa@s@e@gA]eA[_AtAmBq@qBM@KDCDOa@??N`@BEJELAp@pBuAlBZ~@\dAd@fA`@r@DH\s@NYT]\i@Pa@DMlAwDHOl@aAt@iAZg@V[f@k@TWp@s@p@m@FG~@y@bC{BRQd@e@X]T]N]Pc@DQFWF_@@Ib@qDLeAPyAX}BBOD_@D]Ju@MAIAG@}A|@OFM???L?NG|A}@FAH@L@Kt@E\E^CNY|BQxAMdAc@pDAHG^GVEPQb@O\U\Y\e@d@SPcCzB_Ax@GFq@l@q@r@UVg@j@WZ[f@u@hAm@`AINmAvDELQ`@]h@U\OX]r@EIa@s@e@gAqEjGmBaCtFyHNh@BHVt@\dAd@fA`@r@DH\s@NYT]\i@Pa@DMlAwDHOl@aAt@iAZg@V[f@k@TWG]Kq@G_@Oy@Ie@`A}@	Click to Generate
S25	30	1			3	Volksgear (S25)	Shirefreen News 'n' Booze (S25)	Beck Primary School (S25)	2093	1570	c_deIzpwG??RVt@t@BDf@hAC\Ch@Gf@I|@Mt@CRIEEMAOAIOIECOAI@EF_@xB^yBDGHAN@TL@H@NDLHDe@hCHCNEJAH?L?D?FCDNFNb@l@x@jASfAUxAOrAKfAOjBGdAEtACl@ClAZ@??[A?JCjA?zB@dB@b@?h@Bp@[n@FFFHJB^B|@@`@Gd@K~@W?J?JANG\NvA??OwAF]@O?K?K_AVe@Ja@F}@A_@CKCGIGGZo@Cq@?i@Ac@AeB?{BBkA?KBmABm@DuAFeANkBJgANsATyARgAy@kAc@m@GOEOIa@Ie@Cg@AKAGEILu@H}@Fg@Bi@B]g@iACEu@u@SW??	Click to Generate
S25	45	1			3	Mint Nail (S25)	Flannels (S25)	The Cruise Holiday Shop (S25)	3442	2582	i}_eIr`sGLVRXBBBDB?B?DEHOP_@x@gBgAsBuAkAGEUQk@g@GEOKO[EGCICICGA[?S?I@I@KDSXUDEVOlAi@T[@ABMDU@{@?uCJe@@QDOHGFEHAH@nBRFBBD@D?D?D?B?RAFE@QAwAOCBAF?F?DBFR@ZDZBZDP@B@@B@JMzEAZt@pB??SZ}@_C@m@NkFP@B@@B@JEzAG~B[C[C[E[CQCLkFCG?E?G@GBCvANFCBE?I?GACCCC?eBSKAGCGKIMGQAW@O@OHi@F]?E@EDQLi@DMLYJU@EHORc@PWRULMHKNMNO^YROZQFELGTGREVGDAFAH?P?`@@P@D@VDXFHDJF\TLJLNLPNPVd@NZNZENCLGFKPEFSZ}A|BK@a@M?h@Ap@EbAC|@CbAC~@p@fB??T]T[T]T[V]T]CGQc@Qc@Qe@Qe@Qc@Qc@Qg@BUpBwCBK@A@O@MCYKOIOKMOSOOMM_@YGCMGQIGAYCWEWAO?G@E@c@FMDQHEBGBMHSNSNWTEDa@ZUR]b@Q^Wf@Qf@Of@EXGVKt@AJG~@C`A?JAvG?LAt@@P?J?^ATABEVo@~@GJKRILKNEPADEJBHAHCn@?t@@p@DZt@lA	Click to Generate
S25	45	1			3	Beck Primary School (S25)	Shirefreen News 'n' Booze (S25)	Shiregreen Medical Centre (S25)	3316	2487	q~beItjzGLeAq@Us@Qw@Qw@Ks@Ge@ACSGQKSe@cA]{@_@cAWy@Qq@Me@SaAUkAQmAEYMiAKcAGaAEu@wA^_@L?J?JANG\NvA??OwAF]@O?K?K_AVe@Ja@F}@A_@CKCGIGGZo@Cq@?i@Ac@AeB?{BBkA?KZ@??[ABmABm@DuAFeANkBJgANsATyARgAT^R^RVRNPHRHPBT?d@Cl@IpA_@@?bBi@XKXK`@ONGx@Ul@M\GLAd@E`@@XFPHvAn@rAp@h@VPHPLNLJJPBLBPF\PjB~@`Ah@B@HD|Az@d@Rf@Tj@TZHNDv@PD@AT]nFWbFcDc@y@Im@Ga@CM@C@EFgAgAMK]]CAGEMGMAc@@M??R?xB?V@bA?nC?L?l@Cd@C`@Er@IdAM`BGf@I|@Iv@MtA[lDUvBANIv@QjAo@]OGOIMdA	Click to Generate
S25	60	1			3	Ernest Jones (S25)	Jump Inc (S25)	SYPTE (S25)	5179	3884	im_eIdhrGAVp@fBT]T[T]T[V]T]CGQc@Qc@Qe@Qe@Qc@Qc@Qg@BUpBwCBK@A@O@MCYKOIOKMOSOOMM_@YGCMGQIGAYCWEWAO?G@E@c@FMDQHEBGBMHSNSNWTEDa@ZUR]b@Q^Wf@Qf@Of@EXGVKt@AJ@N@LDJ?@HLnBRFBBD@D?D?D?B?RAFE@QAwAOCBAF?F?DBFR@ZDZBZDP@B@@B@JMzEAZt@pB??SZ}@_C@m@NkF[E[C[ESACG?E?G@GBCvANFCBE?I?GACCCC?eBSKAGCGKIMGQAW@O@OHi@F]?E@EDQLi@DMLYJU@EHORc@PWRULMHKNMNO^YROZQFELGTGREVGDAFAH?P?`@@P@D@VDXFHDJF\TLJLNLPNPVd@NZNZVh@f@nAJRJL@BDBDFNHNDF@DBHEH?D?JEHGJINUBU?G?KEc@?IA]CGe@oAINMN}@cC\~@^bALOHOd@nABFNRJJBDB@B@F@D?JCr@aA`@g@DKPQ@IDQDKFIFGDAFAD?D@HBFFFHDLBJBJ?L?L?LCJCJEJEHGFEBGBI?GAOB_@J_@NUNURY\GJIHABSXGRITEJAHBZ@VCLCNEJGHGHGBIBIAGAIEEEEGCGEIAICKAYM_@So@EKcAyBQ_@GMSg@KOIOKMOSOOMM_@YGCMGQIGAYCWEWAO?G@E@c@FMDQHEBGBMHSNSNWTEDa@ZUR]b@Q^Wf@Qf@Of@EXGVKt@AJG~@C`A?JAvG?LAt@@P?J?^ATABEVo@~@GJKRILKNEPADEJBHFDXd@V`@FJ?\@P?X\l@HLNVNXXm@^y@gAsBuAkAGEUQk@g@GEOKO[EGCICICGA[?S?I@I@KDSXUDEVOlAi@T[@ABMDU@{@?uC@c@@g@@SBg@@O@OHi@F]?E@EDQLi@DMLYJU@EHORc@PWRULMHKNMNO^YROZQFELGTGREVGDAFAH?P?`@@P@D@VDXFHDJF\TLJLNLPNPVd@NZNZENCLGFKPEFSZ}A|BK@a@M?h@Ap@EbAC|@CbAAf@	Click to Generate
S25	60	1			3	Tinsley Sports and Social Club (S25)	Refuel (S25)	Sheffield Hallam University Sports Park (S25)	12141	9106	ie_eIfukGFb@Fv@@|@ErAMpAMbAFjANhA`@nB`CcDd@g@f@]b@Od@EpD@fA?~DA^@HATIVfBFd@BRF^F`@RvAh@~D~@`HD`@F^@FNtABLXdCXlCFz@@X?NAv@Et@AJKfAQjAE\SfAY|AS~AIp@O`BGrAMhEEdAGx@MAIAG@}A|@OFM???L?NG|A}@FAH@L@Kt@E\E^CNY|BQxAMdAc@pDAHG^GVEPQb@O\U\Y\e@d@SPcCzB_Ax@GFq@l@q@r@UVg@j@WZ[f@u@hAm@`AINmAvDELQ`@]h@U\OX]r@EIa@s@e@gAqEjGmBaCqBaCkAfBOTISqAyCYs@EK]cAUo@[g@MYGMGKY_@UU[a@GKKMCO?O@Y?GDk@Bm@Cq@AMCUAu@COEc@CWQyBa@aFE_@Ei@A]GmAAYQgECkAEgBAo@Ae@?Y@q@Bs@@a@Dg@Bg@Do@NwBPaDBWFoAHcBHcBFu@HuALuB@Y@]@k@A}@GeAKyBIqBE{AK}A_@eGUwBEg@Ky@UsBOmBKeAE]EUOu@Qm@Si@Se@Uc@QKA?[GEAKHC@KLEDIRoApBcAzAuAjB\xAR~@@~@A`B@z@Dp@Jr@Lp@X|@Lb@DLVpARdALhAHfADbA@t@@V?`ACt@MfA?HAn@BfA@z@RvL@|@ZxQ[yQA}@CqAOeJA{@CgA@o@?ILgABu@?aAAWAu@EcAIgAMiASeAWqAEMMc@Y}@Mq@Ks@Eq@A{@@aBA_AS_A]yAtAkBbA{AnAqBHS@KBU?C@]AO@QBKFMFGHAD?JFDFDR@N@R@PBDH^Tb@Rd@Rh@Pl@Nt@DTD\JdANlBTrBJx@Df@TvB^dGJ|ADzAHpBJxBFdA@|@Aj@A\AXMtBItAGt@IbBIbBGnACVQ`DOvBEn@Cf@Ef@A`@Cr@Ap@?X@d@@n@DfBBjAPfE@XFlA@\Dh@D^`@`FPxBBVDb@BNLh@?@Ht@BXN~@Nv@BLFPFPTv@f@bBNr@Tn@\bADJXr@pAxCHRl@lA`@z@DF`@x@Xd@`@j@JLRXHHVRNHTHVENBd@Fh@NN@VCDA\OVe@Ra@NeAHoAHy@No@L[LU\s@NYT]\i@Pa@DMlAwDHOl@aAt@iAZg@V[f@k@TWp@s@p@m@FG~@y@bC{BRQd@e@X]T]N]Pc@DQFWF_@@Ib@qDLeAPyAX}BBOD_@D]Ju@Fy@DeALiEFsANaBHq@R_BX}ARgAD]PkAJgA@K\NXN\RB@Jb@h@rCr@rBDRFRBT@XvA`Dk@qAk@oAAYCUGSESs@sBi@sCKc@CA]SYO]ODu@@w@?OAYG{@YmCYeCCMOuAAGG_@Ea@_AaHi@_ESwAGa@G_@CSGe@WgBUHI@_@A_E@gA?qDAe@Dc@Ng@\e@f@aCbDa@oBOiAGkALcALqADsAA}@Gw@Gc@	Click to Generate
S25	45	1			3	Reiss (S25)	SYPTE (S25)	Jump Inc (S25)	3614	2710	cv_eI`erG?HCJ@JMzEAZt@pB??SZ}@_C@m@NkF[E[C[ESACG?E?G@GBCvANFCBE?I?GACCCC?eBSIDA@EDGNEP?JAvG?LAt@@P?J?^ATABEVo@~@GJKRILKNEPADEJBHFDXd@V`@FJ?\@P?X\l@HLNVNXXm@^y@gAsBuAkAGEUQk@g@GEOKO[EGCICICGA[?S?I@I@KDSXUDEVOlAi@T[@ABMDU@{@?uC@c@@g@@SBg@@O@OHi@F]?E@EDQLi@DMLYJU@EHORc@PWRULMHKNMNO^YROZQFELGTGREVGDAFAH?P?`@@P@D@VDXFHDJF\TLJLNLPNPVd@NZNZVh@f@nAJRJL@BDBDFNHNDF@DBHEH?D?JEHGJINUBU?G?KEc@?IA]CGe@oAINMN}@cC\~@^bALOHOd@nABFNRJJBDB@B@F@D?JCr@aA`@g@DKPQ@IDQDKFIFGDAFAD?D@HBFFFHDLBJBJ?L?L?LCJCJEJEHGFEBGBI?GAOB_@J_@NUNURY\GJIHABSXGRITEJAHBZ@VCLCNEJGHGHGBIBIAGAIEEEEGCGEIAICKAYM_@So@EKcAyBQ_@GMSg@KOIOKMOSOOMM_@YGCMGQIGAYCWEWAO?G@E@c@FMDQHEBGBMHSNSNWTEDa@ZUR]b@Q^Wf@Qf@Of@EXGVKt@AJ@N@LDJ?@HLnBRFBBD@D?D?D?B?RAFE@QAwAOCBAF?F?DBFR@ZDZBZDP@B@@BBK?I	Click to Generate
S25	60	1			3	Blackburn Meadows Nature Reserve (S25)	ItsaGoal (S25)	Hanfia Masjid (S25)	12469	9352	qq`eIvumGOeJA{@CgA@o@?ILgABu@?aAAWAu@EcAIgAMiASeAWqAEMMc@Y}@Mq@Ks@Eq@A{@@aBA_AS_A]yAtAkBbA{AnAqBHS@KBU?C@]AOK_@ACQc@q@i@kAeAUW_@e@]i@Yq@Ww@Qm@Q_Ag@}C_@eCs@{ECU[qBc@oCKs@c@}AESGQIUK[IUYcAKSU[CCGMCOCk@GWMg@Ys@c@_A[i@]m@UUw@g@KCIEc@S]Ea@?e@LeIdDeBd@uAV_@BK@qAF}AAaBKWJMJIJEFCFGPKd@?FDlA@`@BTDl@DVD\Ff@Hx@D^Bd@Bn@@`A?~A?N?vA?f@?|@Ef@ShBw@dHMbAg@rEKx@C`@?\FnABz@@nA@p@?DAf@AjA?RChAAvA?xAApAC|B?b@?JCjBAdB?~@?FAZ?VAvBAxA?XCbE?P@\?BBNDRVd@HMNQLMj@i@^i@PYt@oAXe@`A_BTa@Zk@t@qALSdAkBDWB_@Hm@FIRCB?HCJEJM\e@NMPID@FBDFDJNr@BR@XNrG@d@@NBNl@LjA`@LB^@ZAP?TIL[VKREVGDSC{FBzFER??WFSDWJMZUHQ?[@_@AMCkAa@m@MCOAOAe@OsGAYCSOs@EKEGGCEAQHOL]d@KLKDIBC?SBGHIl@C^EVeAjBMRu@pA[j@U`@aA~AYd@u@nAQX_@h@k@h@MLOPILMZQp@b@b@bA`A\^j@x@FHnA`C`@t@l@nAf@vAN`@Pf@HTXx@`@nAZ~@BLPj@^|A?DHl@BNDVFp@HtAFtADtAFxBB`@FpB@j@Bb@@l@BV@T@PHrAJdABTRdBNdANlAj@lERxAD`@Jv@DZRxA@L`@|CVrBHn@P`AN`A^|BPhAl@bDRbAr@tDLn@ZxAZfAf@~AX|@d@rAZbA\fAl@~Ar@~Ah@vAFN^dAZnATrAPfABHHZFRDJHRFJ^TLFN?\GTIj@m@jEgE|KiJ|EeEnCmCfCsCbFeGn@cA?ALSH]BODs@Cg@?_@@]@UBQDSJa@Ve@Ra@NeAHoAHy@No@L[LUEIa@s@e@gA]eA[_AOi@kAgDcCaHYkEQFKeB@Q`AYLMHQDUSKY]OyBIoAXhEX\RJETIPMLaAXAPJdBPGXjEbC`HaBxB}AtBoA~AKNkAfBOTIS{@oBUi@Ys@EK]cAUo@[g@MYGMGKY_@UU[a@GKKMCO?O@Y?GDk@Bm@Cq@AMCUAu@COEc@CWQyBa@aFE_@Ei@A]GmAAYQgECkAEgBAo@Ae@?Y@q@Bs@@a@Dg@Bg@Do@NwBPaDBWFoAHcBHcBFu@HuALuB@Y@]@k@A}@GeAKyBIqBE{AK}A_@eGUwBEg@Ky@UsBOmBKeAE]EUOu@Qm@Si@Se@Uc@QKA?[GEAKHC@KLEDIRoApBcAzAuAjB\xAR~@@~@A`B@z@Dp@Jr@Lp@X|@Lb@DLVpARdALhAHfADbA@t@@V?`ACt@MfA?HAn@BfA@z@NdJ	Click to Generate
S25	60	1			3	Molton Brown (S25)	SYPTE (S25)	Jump Inc (S25)	5157	3868	_u_eIlqrG??SZ}@_C@m@NkF[E[C[ESACG?E?G@GBCvANFCBE?I?GACCCC?eBSKAGCGKIMGQAW@O@OHi@F]?E@EDQLi@DMLYJU@EHORc@PWRULMHKNMNO^YROZQFELGTGREVGDAFAH?P?`@@P@D@VDXFHDJF\TLJLNLPNPVd@NZNZENCLGFKPEFSZ}A|BK@a@M?h@Ap@EbAC|@A|@ADbAhCT[T]T[V]T]CGQc@Qc@Qe@Qe@Qc@Qc@Qg@BUpBwCBK@A@O@MCYKOIOKMOSOOMM_@YGCMGQIGAYCWEWAO?G@E@c@FMDQHEBGBMHSNSNWTEDa@ZUR]b@Q^Wf@Qf@Of@EXGVKt@AJG~@C`A?JAvG?LAt@@P?J?^ATABEVo@~@GJKRILKNEPADEJBHFDXd@V`@FJ?\@P?X\l@HLNVNXXm@^y@gAsBuAkAGEUQk@g@GEOKO[EGCICICGA[?S?I@I@KDSXUDEVOlAi@T[@ABMDU@{@?uC@c@@g@@SBg@@O@OHi@F]?E@EDQLi@DMLYJU@EHORc@PWRULMHKNMNO^YROZQFELGTGREVGDAFAH?P?`@@P@D@VDXFHDJF\TLJLNLPNPVd@NZNZVh@f@nAJRJL@BDBDFNHNDF@DBHEH?D?JEHGJINUBU?G?KEc@?IA]CGe@oAINMN}@cC\~@^bALOHOd@nABFNRJJBDB@B@F@D?JCr@aA`@g@DKPQ@IDQDKFIFGDAFAD?D@HBFFFHDLBJBJ?L?L?LCJCJEJEHGFEBGBI?GAOB_@J_@NUNURY\GJIHABSXGRITEJAHBZ@VCLCNEJGHGHGBIBIAGAIEEEEGCGEIAICKAYM_@So@EKcAyBQ_@GMSg@KOIOKMOSOOMM_@YGCMGQIGAYCWEWAO?G@E@c@FMDQHEBGBMHSNSNWTEDa@ZUR]b@Q^Wf@Qf@Of@EXGVKt@AJ@N@LDJ?@HLnBRFBBD@D?D?D?B?RAFE@QAwAOCBAF?F?DBFR@ZDZBZDP@B@@B@JMzEAZt@pB	Click to Generate
S25	15	1			3	Two Dinners Ignatiu (S25)	Abbey School (S25)	Winterhill School (S25)	1255	941	ikceInhqGGhBIZkCpB??ODQCg@YYCw@Eq@@Al@??@m@?WBSHO`@GfBMf@GbAs@n@cAXeAVmBFUFa@D[FuAAy@KoA_@kBGe@U{A{@uFDCHEBCBA`@WPK??QJa@VC@CBIDEBz@tFTzAFd@^jBJnA@x@GtAEZC`A?zAEfA	Click to Generate
S25	20	1			3	St Thomas Church Wincobank (S25)	Wincobank Post Office (S25)	Eastwoods (S25)	1566	1174	{daeInctGBPPt@fCDHBHBdAdBFJLN`@l@d@j@VV^^^\^`@VVPLIk@w@oHSgBOkA_@eDO{AOuAPIDA~@]LEd@lEf@nElAtKv@dH?JADCDCDcA`@AEGOGUWuAKo@OoAQMWW_@a@_@]_@_@WWe@k@a@m@MOGKeAeBICICgCEQu@CQ	Click to Generate
S25	60	1			3	Blackburn Meadows Nature Reserve (S25)	ItsaGoal (S25)	Hanfia Masjid (S25)	12561	9421	kq`eI`zmGAw@SwLA{@CgA@o@?ILgABu@?aAAWAu@EcAIgAMiASeAWqAEMMc@Y}@Mq@Ks@Eq@A{@@aBA_AS_A]yAtAkBbA{AnAqBHS@KBU?C@]AOK_@ACQc@q@i@kAeAUW_@e@]i@Yq@Ww@Qm@Q_Ag@}C_@eCs@{ECU[qBc@oCKs@c@}AESGQIUK[IUYcAKSU[CCGMCOCk@GWMg@Ys@c@_A[i@]m@UUw@g@KCIEc@S]Ea@?e@LeIdDeBd@uAV_@BK@qAF}AAaBKWJMJIJEFCFGPKd@?FDlA@`@BTDl@DVD\Ff@Hx@D^Bd@Bn@@`A?~A?N?vA?f@?|@Ef@ShBw@dHMbAg@rEKx@C`@?\FnABz@@nA@p@?DAf@AjA?RChAAvA?xAApAC|B?b@?JCjBAdB?~@?FAZ?VAvBAxA?XCbE?P@\?BBNDRVd@HMNQLMj@i@^i@PYt@oAXe@`A_BTa@Zk@t@qALSdAkBDWB_@Hm@FIRCB?HCJEJM\e@NMPID@FBDFDJNr@BR@XNrG@d@@NBNl@LjA`@LB^@ZAP?TIL[VKREVGDSC{FBzFER??WFSDWJMZUHQ?[@_@AMCkAa@m@MCOAOAe@OsGAYCSOs@EKEGGCEAQHOL]d@KLKDIBC?SBGHIl@C^EVeAjBMRu@pA[j@U`@aA~AYd@u@nAQX_@h@k@h@MLOPILMZQp@b@b@bA`A\^j@x@FHnA`C`@t@l@nAf@vAN`@Pf@HTXx@`@nAZ~@BLPj@^|A?DHl@BNDVFp@HtAFtADtAFxBB`@FpB@j@Bb@@l@BV@T@PHrAJdABTRdBNdANlAj@lERxAD`@Jv@DZRxA@L`@|CVrBHn@P`AN`A^|BPhAl@bDRbAr@tDLn@ZxAZfAf@~AX|@d@rAZbA\fAl@~Ar@~Ah@vAFN^dAZnATrAPfABHHZFRDJHRFJ^TLFN?\GTIj@m@jEgE|KiJ|EeEnCmCfCsCbFeGn@cA?ALSH]BODs@Cg@?_@@]@UBQDSJa@Ve@Ra@NeAHoAHy@No@L[LUEIa@s@e@gA]eA[_AOi@kAgDcCaHYkEQFKeB@Q`AYLMHQDUSKY]OyBIoAXhEX\RJETIPMLaAXAPJdBPGXjEbC`HaBxB}AtBoA~AKNkAfBOTIS{@oBUi@Ys@EK]cAUo@[g@MYGMGKY_@UU[a@GKKMCO?O@Y?GDk@Bm@Cq@AMCUAu@COEc@CWQyBa@aFE_@Ei@A]GmAAYQgECkAEgBAo@Ae@?Y@q@Bs@@a@Dg@Bg@Do@NwBPaDBWFoAHcBHcBFu@HuALuB@Y@]@k@A}@GeAKyBIqBE{AK}A_@eGUwBEg@Ky@UsBOmBKeAE]EUOu@Qm@Si@Se@Uc@QKA?[GEAKHC@KLEDIRoApBcAzAuAjB\xAR~@@~@A`B@z@Dp@Jr@Lp@X|@Lb@DLVpARdALhAHfADbA@t@@V?`ACt@MfA?HAn@BfA@z@RvL@v@	Click to Generate
S25	45	1			3	Tinsley Sports and Social Club (S25)	St Lawrence Church (S25)	Cohens Chemist (S25)	3088	2316	{z}dId_nGk@oAAYCUGSESs@sBi@sCKc@CA]SYO]OAJKfAQjAE\SfAY|AS~AIp@O`BGrAMhEEdAGx@MAIAG@}A|@OFM???L?NG|A}@FAH@L@Kt@E\E^CNY|BQxAMdAc@pDAHG^GVEPQb@O\U\Y\e@d@SPcCzBI[Sq@GWIYCISq@IQAEEGCEKIOC@_@?SBODMr@}ADGFEHAH?NJLFHBFAFdABHDBB@CAECCIGeAG@ICMGOKI?I@GDEFs@|AEL?BCJ?RA^NBJHBDDF@DHPRp@BHHXFVRp@HZ_Ax@GFq@l@q@r@G]Kq@G_@Oy@Ie@v@u@`ByARp@BHHXFVRp@HZbC{BRQd@e@X]T]N]Pc@DQFWF_@@Ib@qDLeAPyAX}BBOD_@D]Ju@Fy@DeALiEFsANaBHq@R_BX}ARgAD]PkAJgA@K\NXN\RB@Jb@h@rCr@rBDRFRBT@Xj@nA	Click to Generate
S25	45	1			3	Beck Primary School (S25)	Volksgear (S25)	Muscle Fusion (S25)	3087	2315	wzceIh|xG[A?JCjA?zB@dB@b@?h@Bp@[n@FFFHJB^B|@@`@Gd@K~@W?J?JANG\NvA??OwAF]@O?K?K_AVe@Ja@F}@A_@CKCGIGGQ^Qb@K`@Ib@Kf@Ed@AXCXCACCEECIE]G}@AWEo@UgDOcDCUCIIIHyBJsCDmABi@Bw@LsCBq@Bq@JsAJmAL}@Lu@Hm@DWd@iCIEEMAOAIOIECOAI@EF_@xB^yBDGHAN@TL@H@NDLHDBSLu@H}@Fg@Bi@B]g@iACEu@u@SW??OWUg@KUIOYm@aAcBh@oB\cATi@Vi@^q@x@_BdAwBR\v@~Ae@Td@Uw@_BS]eAvBy@~A_@p@Wh@Uh@]bAi@nB`AbBXl@HNJTTf@NVRVt@t@BDf@hAC\Ch@Gf@I|@Mt@DH@F@JBf@Hd@H`@DNFNb@l@x@jASfAUxAOrAKfAOjBGdAEtACl@ClAZ@	Click to Generate
S25	60	1			3	Hartley Brook Road Post Office (S25)	Beck Primary School (S25)	Woolley Wood LNR (S25)	7235	5426	ynbeItnxGaAi@kB_A]QQGMCQCBZ?t@?RAhD?`D?fC?r@?R?xB?V@bA?nC?L?l@Cd@C`@Er@IdAM`BGf@I|@Iv@MtA[lDUvBANcAk@E@C@ADEVU|Aq@Us@Qw@Qw@Ks@Ge@ACSGQKSe@cA]{@_@cAWy@Qq@Me@SaAUkAQmAEYMiAKcAGaAEu@wA^_@L?J?JANG\NvA??OwAF]@O?K?K_AVe@Ja@F}@A_@CKCGIGGZo@Cq@?i@Ac@AeB?{BBkA?KBmABm@DuAFeANkBJgANsATyARgAy@kAc@m@GOEOIa@Ie@Cg@AKAGEILu@H}@Fg@Bi@B]@KDa@B_@Fc@@MLi@H_@Vw@^{@l@oAt@mAt@gA`CyC~@qAn@_Ar@iAjAwBj@uAbAcDx@kCr@kBz@gBhCeGj@kAjDcHtAiCvDcGxA{AxAeAhCwAbBy@nAo@pA_ArBoB~@iAh@cAnB}DxAoC?\?TG\Kj@Jk@F]?U?]yAnCoB|Di@bA_AhAsBnBqA~@oAn@cBx@iCvAyAdAyAzAwDbGuAhCwEnJiCdG{@fBs@jBy@jCcAbDk@tAkAvBs@hAo@~@_ApAaCxCu@fAu@lAm@nA_@z@Wv@I^Mh@ALGb@C^E`@AJC\Ch@Gf@I|@Mt@DH@F@JBf@Hd@H`@DNFNb@l@x@jAT^R^RVRNPHRHPBT?d@Cl@IpA_@@?bBi@XKXK`@ONGx@Ul@M\GLAd@E`@@XFPHvAn@rAp@h@VPHPLNLJJPBLBPF\PjB~@`Ah@	Click to Generate
S25	20	1			3	St Lawrence Church (S25)	Tinsley Meadows Primary School (S25)	Madani Education Centre (S25)	2011	1508	kz~dI~noG[^Jp@F\p@s@p@m@FG~@y@I[Sq@GWIYCISq@IQAEEGCEKIOC@_@?SBODMr@}ADGFEHAH?NJLFHBFAFdABHDBB@CAECCIGeAG@ICMGOKI?I@GDEFs@|AEL?BCJ?RA^NBJHBDDF@DHPRp@BHHXFVRp@HZ_Ax@GFq@l@q@r@UVg@j@WZ[f@u@hAm@`AINmAvDELQ`@]h@U\OX]r@EIa@s@e@gA]eA[_AtAmBq@qBM@KDCDOa@??N`@BEJELAp@pBuAlBBHVt@\dAd@fA`@r@DH\s@NYT]\i@Pa@DMlAwDHOl@aAt@iAZg@V[f@k@TWG]Kq@Z_@	Click to Generate
S25	30	1			3	Kelford School (S25)	Dave's Fish Bar (S25)	Meadow View Primary School (S25)	2617	1963	edbeIvkoGQMc@]CAy@m@mE}CEIAI?E?Uf@}CtB}Mj@j@r@v@\^Z\FHTTHHGNEDIBGAEIEHK\_@vAAH?JDVDNB@@B@D?@@BAD?DCBA@C@CACCAC?EAE@E@CBC@AB?EOEW?K@I^wAJ]DIAI?KFWGI[]]_@s@w@k@k@uB|Mg@|C?T?D@HDHlE|Co@`DERYvAMd@Od@Ul@u@tBCHw@rBg@rAKVm@u@[]SOSMe@QKEo@SUISMQO]c@GIc@k@i@u@s@}@^oARm@??Sl@_@nAr@|@h@t@b@j@FH\b@PNRLTHn@RJDd@PRLRNZ\l@t@r@kBv@sBBIt@uBTm@Ne@Le@XwADSn@aDx@l@B@b@\PL	Click to Generate
S25	20	1			3	The Colin (S25)	Zena (S25)	The Salvation Army - Rotherham (S25)	1875	1406	gfdeIrxoGBE?Q?SCOEQIMAKCOAM?OBM@MXgCvB`C|A|AFFHDHALGLMz@{AJLFBHDF@PDVDh@H`@DD@\Dd@DdAFH?D@HFDHDLd@lBDLC@@J?NCPIf@IXIXERADAFGTGGEEAK?QDIHE??H?FBERADAFGTELNXEJMd@Kj@??Jk@Le@DKOYDMFU@G@EDSHY@]?QAQESZYBAPOJKLQPSNUHM`@s@d@s@Ze@X[HVLZDHb@j@c@k@EIM[IWYZOTKNe@r@a@r@ILOTQRMPKJQNEMe@mBEMEIIGEAI?eAGe@E]EEAa@Ei@IWEQEGAIEGCKM{@zAMLMFI@IEGG}A}AwBaCYfCALCL?N@LBN@JHLDPBN?R?PCD	Click to Generate
S25	45	1			3	Cohens Chemist (S25)	Tinsley Sports and Social Club (S25)	Tinsley Meadows Primary School (S25)	3040	2280	{x~dIzcoGCJ?RA^NBJHBDDF@DHPRp@BHHXFVRp@HZ_Ax@GFq@l@q@r@G]Kq@G_@Oy@Ie@v@u@`ByARp@BHHXFVRp@HZbC{BRQd@e@X]T]N]Pc@DQFWF_@@Ib@qDLeAPyAX}BBOD_@D]Ju@MAIAG@}A|@OFM???L?NG|A}@FAH@L@Kt@E\E^CNY|BQxAMdAc@pDAHG^GVEPQb@O\U\Y\e@d@SPcCzB_Ax@GFq@l@q@r@UVg@j@WZ[f@u@hAm@`AINmAvDELQ`@]h@U\OX]r@EIa@s@e@gA]eA[_AtAmBq@qBM@KDCDOa@??N`@BEJELAp@pBuAlBZ~@\dAd@fA`@r@DH\s@NYT]\i@Pa@DMlAwDHOl@aAt@iAZg@V[f@k@TWp@s@p@m@FG~@y@I[Sq@GWIYCISq@IQAEEGCEKIOC@_@?SBK	Click to Generate
S25	20	1			3	The Salvation Army - Rotherham (S25)	Bake N Butty (S25)	The Manor Barn (S25)	1779	1334	qhceI~hoGQTOJFP|@vCMTQRSVYZ[d@e@r@a@r@ILOTQRMPKJQNC@@J?NCPIf@IX@]?QAQESZYBAPOJKLQPSNUHM`@s@d@s@JONUX[RWPSLUHMj@cABKBOPLLLLNf@j@RVDFj@r@j@t@JN^oARm@Sl@_@nAKOk@u@k@s@EGSWu@{@MMQM?MAOCWGu@K}@EWKi@GS]sAKi@G]GYGm@Gm@Ci@Ae@@c@@O@UHg@Hc@Rs@NTR\p@~AJPLLXXaBjDMRGHYTJh@\rAFRJh@DVJ|@Ft@BV@N?LCNCJk@bAIL}@wCGQNKPU	Click to Generate
S25	15	1			3	Wincobank Post Office (S25)	Savemore (S25)	Eastwoods (S25)	1426	1070	ix`eInatGNjAbBu@g@oEe@mEMD_A\E@QHm@V}@ZwB`A]HI@OAU?a@?YDQHYTRdAXvAXrABPPt@fCDHBHBdAdBFJLN`@l@d@j@VV^^^\^`@VVPLNnAJn@VtAFTFN@DbAa@BEBE@E?Kw@eHeBv@w@oHSgBOkA	Click to Generate
S25	60	1			3	Morris (S25)	Abbey School (S25)	Crow Girl (S25)	8505	6379	yideIrjqG??QJk@NUDMBa@FQHON]f@CB[l@Kf@Oz@Ev@MlC?R?f@GtApCXh@J??vCx@FBnCr@VLnGvHzCjDLJj@d@PLb@VjCjALFFBx@Z~@h@`DzBvDbCvBvAr@f@d@d@f@b@BDRTV\Pu@H]P{@J[L_@f@yAZy@Rm@JYF_@Da@Da@NuAJmAJcAJkANyAHy@Dk@@EB[@W@[AkAA_BAi@Ee@G]CKQWm@{@GKGUG[UcBG]Ku@AIAGCUAO?S@ODQFOHKFGRWt@y@^c@RYR_@R_@To@FSDSFUDWHk@BKFq@Bc@Be@?a@?W?SAMCa@AQC]Im@Ik@Mo@Oi@Oi@Og@Qa@Q_@Wi@[i@MSCCQYWYIKc@c@g@a@OI}@g@}@i@KKKOEGIUI[CWAc@?S@WDa@Fg@Fa@UISMQO]c@GIc@k@i@u@s@}@KOk@u@k@s@EGSWu@{@MMQMCNCJk@bAILMTQRSVYZ[d@e@r@a@r@ILOTQRMPKJQNC@@J?NCPIf@IXIXERADAFGTELNXDNDVTxAf@|Cz@tFTzAFd@^jBJnA@x@GtAEZG`@GTWlBYdAo@bAcAr@g@FgBLa@FINCR?VAl@??@m@?WBSHO`@GfBMf@GbAs@n@cAXeAVmBFUFa@D[FuAAy@KoA_@kBGe@U{A{@uFg@}CUyAEWEOOYDMFU@G@EDSHY@]?QAQESZYBAPOJKLQPSNUHM`@s@d@s@Ze@X[RWPSLUHMj@cABKBOPLLLt@z@RVDFj@r@j@t@JNr@|@h@t@b@j@FH\b@PNRLTHG`@Gf@E`@AV?R@b@BVHZHTDFJNJJ|@h@|@f@NHf@`@b@b@HJVXPXBBLRZh@Vh@P^P`@Nf@Nh@Nh@Ln@Hj@Hl@B\@PB`@@L?R?V?`@Cd@Cb@Gp@CJIj@EVGTERGRUn@S^S^SX_@b@u@x@SVGFIJGNEPAN?R@NBT@F@HJt@F\TbBFZFTFJl@z@PVBJF\Dd@@h@@~A@jAAZAVCZADEj@Ix@OxAKjAKbAKlAOtAE`@E`@G^KXSl@[x@g@xAM^KZQz@I\Qt@W]SUCEg@c@e@e@s@g@wBwAwDcCaD{B_Ai@y@[GCMGkCkAc@WQMk@e@MK{CkD_DuDoBaCWMoCs@GCwCy@i@KqCYFuA?g@?SLmCDw@N{@Jg@Zm@BC\g@NOPI`@GLCTEj@OPK??	Click to Generate
S25	60	1			3	H.Samuel (S25)	Jump Inc (S25)	SYPTE (S25)	5179	3884	im_eInhrGALp@fBT]T[T]T[V]T]CGQc@Qc@Qe@Qe@Qc@Qc@Qg@BUpBwCBK@A@O@MCYKOIOKMOSOOMM_@YGCMGQIGAYCWEWAO?G@E@c@FMDQHEBGBMHSNSNWTEDa@ZUR]b@Q^Wf@Qf@Of@EXGVKt@AJ@N@LDJ?@HLnBRFBBD@D?D?D?B?RAFE@QAwAOCBAF?F?DBFR@ZDZBZDP@B@@B@JMzEAZt@pB??SZ}@_C@m@NkF[E[C[ESACG?E?G@GBCvANFCBE?I?GACCCC?eBSKAGCGKIMGQAW@O@OHi@F]?E@EDQLi@DMLYJU@EHORc@PWRULMHKNMNO^YROZQFELGTGREVGDAFAH?P?`@@P@D@VDXFHDJF\TLJLNLPNPVd@NZNZVh@f@nAJRJL@BDBDFNHNDF@DBHEH?D?JEHGJINUBU?G?KEc@?IA]CGe@oAINMN}@cC\~@^bALOHOd@nABFNRJJBDB@B@F@D?JCr@aA`@g@DKPQ@IDQDKFIFGDAFAD?D@HBFFFHDLBJBJ?L?L?LCJCJEJEHGFEBGBI?GAOB_@J_@NUNURY\GJIHABSXGRITEJAHBZ@VCLCNEJGHGHGBIBIAGAIEEEEGCGEIAICKAYM_@So@EKcAyBQ_@GMSg@KOIOKMOSOOMM_@YGCMGQIGAYCWEWAO?G@E@c@FMDQHEBGBMHSNSNWTEDa@ZUR]b@Q^Wf@Qf@Of@EXGVKt@AJG~@C`A?JAvG?LAt@@P?J?^ATABEVo@~@GJKRILKNEPADEJBHFDXd@V`@FJ?\@P?X\l@HLNVNXXm@^y@gAsBuAkAGEUQk@g@GEOKO[EGCICICGA[?S?I@I@KDSXUDEVOlAi@T[@ABMDU@{@?uC@c@@g@@SBg@@O@OHi@F]?E@EDQLi@DMLYJU@EHORc@PWRULMHKNMNO^YROZQFELGTGREVGDAFAH?P?`@@P@D@VDXFHDJF\TLJLNLPNPVd@NZNZENCLGFKPEFSZ}A|BK@a@M?h@Ap@EbAC|@CbAAp@	Click to Generate
S25	45	1			3	Freddy (S25)	Crow Girl (S25)	Yazier (S25)	3416	2562	_xceIvnrGxAbBLJj@d@PLb@VjCjALFFBx@Z~@h@`DzBvDbCvBvAr@f@d@d@f@b@[bBAJKv@Kz@E~@Al@Aj@?l@IEECIQCSDYFGBALE@m@D_AJ{@Jw@@KZcBg@c@e@e@s@g@wBwAwDcCaD{B_Ai@y@[GCMGkCkAc@WMKCAk@e@MK{CkD_DuDoBaCWMoCs@A~@?f@FVbBdBf@fAj@r@J`@@f@CHEL@h@t@pBhBpDr@`B^l@b@dAxAv@n@f@rApA`AHfAl@Zp@@jAFYDIHIL@JH|@bAx@xAv@|BJFFWKcCO{@[qA[eAYiASw@c@y@Qw@SqA??Ky@Mg@I]C]@g@GCMGkCkAc@WQMk@e@MKyAcB	Click to Generate
S25	60	1			3	Phase Eight (S25)	SYPTE (S25)	Jump Inc (S25)	5179	3884	_u_eIlqrG??SZ}@_C@m@NkF[E[C[ESACG?E?G@GBCvANFCBE?I?GACCCC?eBSKAGCGKIMGQAW@O@OHi@F]?E@EDQLi@DMLYJU@EHORc@PWRULMHKNMNO^YROZQFELGTGREVGDAFAH?P?`@@P@D@VDXFHDJF\TLJLNLPNPVd@NZNZENCLGFKPEFSZ}A|BK@a@M?h@Ap@EbAC|@CbAAf@AVp@fBT]T[T]T[V]T]CGQc@Qc@Qe@Qe@Qc@Qc@Qg@BUpBwCBK@A@O@MCYKOIOKMOSOOMM_@YGCMGQIGAYCWEWAO?G@E@c@FMDQHEBGBMHSNSNWTEDa@ZUR]b@Q^Wf@Qf@Of@EXGVKt@AJG~@C`A?JAvG?LAt@@P?J?^ATABEVo@~@GJKRILKNEPADEJBHFDXd@V`@FJ?\@P?X\l@HLNVNXXm@^y@gAsBuAkAGEUQk@g@GEOKO[EGCICICGA[?S?I@I@KDSXUDEVOlAi@T[@ABMDU@{@?uC@c@@g@@SBg@@O@OHi@F]?E@EDQLi@DMLYJU@EHORc@PWRULMHKNMNO^YROZQFELGTGREVGDAFAH?P?`@@P@D@VDXFHDJF\TLJLNLPNPVd@NZNZVh@f@nAJRJL@BDBDFNHNDF@DBHEH?D?JEHGJINUBU?G?KEc@?IA]CGe@oAINMN}@cC\~@^bALOHOd@nABFNRJJBDB@B@F@D?JCr@aA`@g@DKPQ@IDQDKFIFGDAFAD?D@HBFFFHDLBJBJ?L?L?LCJCJEJEHGFEBGBI?GAOB_@J_@NUNURY\GJIHABSXGRITEJAHBZ@VCLCNEJGHGHGBIBIAGAIEEEEGCGEIAICKAYM_@So@EKcAyBQ_@GMSg@KOIOKMOSOOMM_@YGCMGQIGAYCWEWAO?G@E@c@FMDQHEBGBMHSNSNWTEDa@ZUR]b@Q^Wf@Qf@Of@EXGVKt@AJ@N@LDJ?@HLnBRFBBD@D?D?D?B?RAFE@QAwAOCBAF?F?DBFR@ZDZBZDP@B@@B@JMzEAZt@pB	Click to Generate
S25	45	1			3	Mint Nail (S25)	Flannels (S25)	The Cruise Holiday Shop (S25)	3403	2552	{y_eIj_sG^y@gAsBuAkAGEUQk@g@GEOKO[EGCICICGA[?S?I@I@KDSXUDEVOlAi@T[@ABMDU@{@?uCJe@@QDOHGFEHAH@nBRFBBD@D?D?D?B?RAFE@QAwAOCBAF?F?DBFR@ZDZBZDP@B@@B@JMzEAZt@pB??SZ}@_C@m@NkFP@B@@B@JEzAG~B[C[C[E[CQCLkFCG?E?G@GBCvANFCBE?I?GACCCC?eBSKAGCGKIMGQAW@O@OHi@F]?E@EDQLi@DMLYJU@EHORc@PWRULMHKNMNO^YROZQFELGTGREVGDAFAH?P?`@@P@D@VDXFHDJF\TLJLNLPNPVd@NZNZENCLGFKPEFSZ}A|BK@a@M?h@Ap@EbAC|@CbAC~@p@fB??T]T[T]T[V]T]CGQc@Qc@Qe@Qe@Qc@Qc@Qg@BUpBwCBK@A@O@MCYKOIOKMOSOOMM_@YGCMGQIGAYCWEWAO?G@E@c@FMDQHEBGBMHSNSNWTEDa@ZUR]b@Q^Wf@Qf@Of@EXGVKt@AJG~@C`A?JAvG?LAt@@P?J?^ATABEVo@~@GJKRILKNEPADEJBHFDXd@V`@FJ?\@P?X\l@HLNVNXXm@	Click to Generate
S25	15	1			3	Zena (S25)	The Salvation Army - Rotherham (S25)	Winterhill School (S25)	1060	795	mqceId~oG??H?FBERADAFGTELNXEJMd@Kj@??Jk@Le@DKOYDMFU@G@EDSHY@]?QAQESZYBAPOJKLQPSNUHM`@s@d@s@Ze@X[HVLZDHb@j@c@k@EIM[IWYZOTKNe@r@a@r@ILOTQRMPKJQNC@@J?NCPIf@IXIXERADAFGTELNXDNDVTxAf@|CDCHEBCBA`@WPK??QJa@VC@CBIDEBg@}CUyAEWEOOYDMGGEEAK?QDIHE	Click to Generate
S25	45	1			3	Baytree Interiors (S25)	Eurochange (S25)	SYPTE (S25)	3374	2530	yk_eIdlrG??T]T[uAqDCbA?TCh@p@fBT]T[T]T[V]T]CGQc@Qc@Qe@Qe@Qc@Qc@Qg@BUpBwCBK@A@O@MCYKOIOKMOSOOMM_@YGCMGQIGAYCWEWAO?G@E@c@FMDQHEBGBMHSNSNWTEDa@ZUR]b@Q^Wf@Qf@Of@EXGVKt@AJ@N@LDJ?@HLnBRFBBD@D?D?D?B?RAFE@QAwAOCBAF?F?DBFR@ZDZBZDP@B@@B@JMzEAZt@pB??SZ}@_C@m@NkF[E[C[ESACG?E?G@GBCvANFCBE?I?GACCCC?eBSIDA@EDGNEP?JAvG?LAt@@P?J?^ATABEVo@~@GJKRILKNEPADEJBHFDXd@V`@FJ?\@P?X\l@HLNVNXXm@^y@gAsBuAkAGEUQk@g@GEOKO[EGCICICGA[?S?I@I@KDSXUDEVOlAi@T[@ABMDU@{@?uC@c@@g@@SBg@@O@OHi@F]?E@EDQLi@DMLYJU@EHORc@PWRULMHKNMNO^YROZQFELGTGREVGDAFAH?P?`@@P@D@VDXFHDJF\TLJLNLPNPVd@NZNZENCLGFKPEFSZ}A|BK@a@M?h@Ap@EbAC|@CbAC~@p@fB	Click to Generate
S25	60	1			3	Brutus (S25)	Two Dinners Ignatiu (S25)	Dave's Fish Bar (S25)	4878	3658	aobeIpuqG[PG]Ku@AIAGCUAO?S@ODQFOHKFGRWt@y@^c@RYR_@R_@To@FSDSFUDWHk@BKFq@Bc@Be@?a@?W?SAMCa@AQC]Im@Ik@Mo@Oi@Oi@Og@Qa@Q_@Wi@[i@MSCCQYWYIKc@c@g@a@OI}@g@}@i@KKKOEGIUI[CWAc@?S@WDa@Fg@Fa@UISMQO]c@GIc@k@i@u@s@}@KOk@u@k@s@EGSWu@{@MMQMCNCJk@bAILMTQRSVYZ[d@e@r@a@r@ILOTQRMPKJQNC@@J?NCPIf@IXIXERADAFGTELNXDNDVTxAf@|Cz@tFTzAFd@^jBJnA@x@GtAEZC`A?zAMpDADGTkCpB??ODQCg@YYCw@Eq@@?WBSHO`@GfBMf@GbAs@n@cAXeAVmBFUFa@D[FuAAy@KoA_@kBGe@U{A{@uFg@}CUyAEWEOOYDMFU@G@EDSHY@]?QAQESZYBAPOJKLQPSNUHM`@s@d@s@Ze@X[RWPSLUHMj@cABKBOPLLLt@z@RVDFj@r@j@t@JNr@|@h@t@b@j@FH\b@PNRLTHn@RJDd@PRLRNZ\l@t@r@kB`DlDaDmDg@rAKVm@u@[]SOSMe@QKEo@SG`@Gf@E`@AV?R@b@BVHZHTDFJNJJ|@h@|@f@NHf@`@b@b@HJVXPXBBLRZh@Vh@P^P`@Nf@Nh@Nh@Ln@Hj@Hl@B\@PB`@@L?R?V?`@Cd@Cb@Gp@CJIj@EVGTERGRUn@S^S^SX_@b@u@x@SVGFIJGNEPAN?R@NBT@F@HJt@F\ZQ	Click to Generate
S25	30	1			3	Kimberworth Library (S25)	Kimberworth Community Primary School (S25)	The Salvation Army - Rotherham (S25)	2109	1582	oiceIfwnGANAb@@d@Bh@Fl@Fl@FXF\XU@CDELS`BkDYYMMKQq@_BS]OUN_@DMNc@Vi@HQHSDSBM@QHk@t@t@NLF@FCDGXmBN}@BKBEF@TLTN\T@FO~@Mz@GDG?IEEEAE?G^eCD[@E@SAKKMUCQE]SKEC?G?ICc@YCPO`AK~@MlACRIj@APCLERIRIPWh@Ob@ELO^Sr@Ib@If@Cd@Ab@@d@Bh@Fl@Fl@FXF\Jh@\rAFRJh@DVJ|@Ft@BV@N?LCNCJk@bAILMTQRSVYZ[d@e@r@a@r@ILOTQRMPKJQNC@@J?NCPIf@IX@]?QAQESZYBAPOJKLQPSNUHM`@s@d@s@JONUX[RWPSLUHMj@cABKBO?MAOCWGu@K}@EWKi@GS]sAKi@G]GYGm@Gm@Ci@Ae@@c@@O	Click to Generate
S25	15	1			3	St Thomas (S25)	Bake N Butty (S25)	The Colin (S25)	1224	918	kjceI~roGNUX[RWPSLU}@wCGQNKV[EDQTOJFP|@vCHMj@cABKBOPLLLLNf@j@RVDFj@r@j@t@JN^oARm@Sl@_@nAKOk@u@k@s@EGSWu@{@MMQMCNCJk@bAILMTQRSVYZ[d@e@r@a@r@ILOTQRMPKJQNC@@J?NCPIf@IXIXERADAFGTGGEEAK?QDIHE??H?FBHY@]?QAQESZYBAPOJKLQPSNUHM`@s@d@s@JO	Click to Generate
S25	20	1			3	The Manor Barn (S25)	Bake N Butty (S25)	The Salvation Army - Rotherham (S25)	1712	1284	oiceI~coGDBfAj@PJKi@GS]sAKi@G]GYGm@Gm@Ci@Ae@@c@@O@UHg@Hc@Rs@NTR\p@~AJPLLXXaBjDMRGHYTJh@\rAFRJh@DVJ|@Ft@BV@N?LPLLLLNf@j@RVDFj@r@j@t@JN^oARm@Sl@_@nAKOk@u@k@s@EGSWu@{@MMQMCNCJk@bAILMTQRSVYZ[d@e@r@a@r@ILOTQRMPKJQNC@@J?NCPIf@IX@]?QAQESZYBAPOJKLQPSNUHM`@s@d@s@JONUX[RWPSLUHMj@cABKBO?MAOCWGu@K}@EWQKgAk@EC	Click to Generate
S25	30	1			3	Masjid Abu Bakr (S25)	Tinsley Meadows Primary School (S25)	Tinsley Sports and Social Club (S25)	2698	2024	cw~dIvkoG\YRp@HZ_Ax@GFq@l@q@r@UVZlBJEHEPQd@c@w@t@IDKD[mBg@j@WZ[f@u@hAm@`AINmAvDELQ`@]h@U\OX]r@EIa@s@e@gA]eA[_AtAmBq@qBM@KDCDOa@??N`@BEJELAp@pBuAlBZ~@\dAd@fA`@r@DH\s@NYT]\i@Pa@DMlAwDHOl@aAt@iAZg@V[f@k@TWp@s@p@m@FG~@y@bC{BRQd@e@X]T]N]Pc@DQFWF_@@Ib@qDLeAPyAX}BBOD_@D]Ju@MAIAG@}A|@OFM???L?NG|A}@FAH@L@Kt@E\E^CNY|BQxAMdAc@pDAHG^GVEPQb@O\U\Y\e@d@SPcCzBI[Sq@]X	Click to Generate
S25	30	1			3	Madani Education Centre (S25)	Cooling Tower in Nature's Fabric (S25)	Hanfia Masjid (S25)	2579	1934	ml_eIpwoGN`@BEJELAp@pBuAlBBHVt@\dAqEjGmBaCtFyHkAgDcCaHYkEQFKeB@Q`AYLMHQDUJk@HMDEK_@Q_C?SDGpAm@vAk@\CT@CvCA^INqDlAC@EDILKj@ETIPMLaAXAB?LJdBoFbBiFvASHIBEBBXN~@Nv@BLFPFPTv@f@bBNr@Tn@\bADJXr@Th@z@nBHRNUjAgBJOnA_B|AuB`ByBjAfDNh@tAmBq@qBM@KDCDOa@	Click to Generate
S25	45	1			3	Tinsley Meadows Primary School (S25)	Tinsley Sports and Social Club (S25)	Madani Education Centre (S25)	4026	3020	oy~dIjioG~@{@Rp@BHHXFVRp@HZ_Ax@GFq@l@q@r@UVg@j@WZ[f@u@hAm@`AINmAvDELQ`@]h@U\OX]r@EIa@s@e@gA]eA[_AtAmBq@qBM@KDCDOa@??N`@BEJELAp@pBuAlBZ~@\dAd@fA`@r@DH\s@NYT]\i@Pa@DMlAwDHOl@aAt@iAZg@V[f@k@TWp@s@p@m@FG~@y@bC{BRQd@e@X]T]N]Pc@DQFWF_@@Ib@qDLeAPyAX}BBOD_@D]Ju@MAIAG@}A|@OFM???L?NG|A}@FAH@L@Kt@E\E^CNY|BQxAMdAc@pDAHG^GVEPQb@O\U\Y\e@d@SPcCzB_Ax@GFq@l@q@r@UVg@j@WZ[f@u@hAm@`AINmAvDELQ`@]h@U\OX]r@EIa@s@e@gAqEjGmBaCtFyHNh@BHVt@\dAd@fA`@r@DH\s@NYT]\i@Pa@DMlAwDHOl@aAt@iAZg@V[f@k@TWG]Kq@G_@Oy@Ie@xAsA	Click to Generate
S25	45	1			3	St Lawrence Church (S25)	Cohens Chemist (S25)	Sheffield Hallam University Sports Park (S25)	3161	2371	am~dItpnGL?NG|A}@FAH@L@Kt@E\E^CNY|BQxAMdAc@pDAHG^GVEPQb@O\U\Y\e@d@SPcCzBI[Sq@GWIYCISq@IQAEEGCEKIOC@_@?SBODMr@}ADGFEHAH?NJLFHBFAFdABHDBB@CAECCIGeAG@ICMGOKI?I@GDEFs@|AEL?BCJ?RA^NBJHBDDF@DHPRp@BHHXFVRp@HZ_Ax@GFq@l@q@r@G]Kq@G_@Oy@Ie@v@u@`ByARp@BHHXFVRp@HZbC{BRQd@e@X]T]N]Pc@DQFWF_@@Ib@qDLeAPyAX}BBOD_@D]Ju@Fy@DeALiEFsANaBHq@R_BX}ARgAD]PkAJgA@K\NXN\RB@Jb@h@rCr@rBDRFRBT@XvA`Dk@qAk@oAAYCUGSESs@sBi@sCKc@CA]SYO]OAJKfAQjAE\SfAY|AS~AIp@O`BGrAMhEEdAGx@MAIAG@}A|@OFM?	Click to Generate
S25	60	1			3	Brutus (S25)	Freddy (S25)	Abbey School (S25)	5607	4205	gpceIfpqG??jCqBFU@ELqD?{ABaAD[FuAAy@KoA_@kBGe@U{A{@uFg@}CUyAEWEOOYDMFU@G@EDSHY@]?QAQESZYBAPOJKLQPSNUHM`@s@d@s@Ze@X[RWPSLUHMj@cABKBOPLLLt@z@RVDFj@r@j@t@JNr@|@h@t@b@j@FH\b@PNRLTHG`@Gf@E`@AV?R@b@BVHZHTDFJNJJ|@h@|@f@NHf@`@b@b@HJVXPXBBLRZh@Vh@P^P`@Nf@Nh@Nh@Ln@Hj@Hl@B\@PB`@@L?R?V?`@Cd@Cb@Gp@CJIj@EVGTERGRUn@S^S^SX_@b@u@x@SVGFIJGNEPAN?R@NBT@F@HJt@F\TbBFZFTFJl@z@PVBJF\Dd@@h@@~A@jAAZAVCZADEj@Ix@OxAKjAKbAKlAOtAE`@E`@G^KXSl@[x@g@xAM^KZQz@I\Qt@W]SUCEg@c@e@e@s@g@wBwAwDcCaD{B_Ai@y@[GCMGkCkAc@WMKCAk@e@MK{CkDoGwHWMoCs@GCwCy@i@KqCYFuA?g@?SLmCDw@N{@Jg@Zm@BC\g@NOPI`@GLCTEj@OPKLQp@iBRs@j@yAhAgCdAaCdAyBhByBhAyAr@gANi@PwAJi@Le@JYHSPUb@_@RQFKJMHULa@NXDNDVTxAf@|Cz@tFTzAFd@^jBJnA@x@GtAEZG`@GTWlBYdAo@bAcAr@g@FgBLa@FINCR?VAl@??@m@p@Av@DXBf@XPBNE	Click to Generate
S25	30	1			3	Muscle Fusion (S25)	Shirefreen News 'n' Booze (S25)	Beck Primary School (S25)	2953	2215	}}ceIx{wGNH@H@NDLHDBSLu@H}@Fg@Bi@B]g@iACEu@u@SW??OWUg@KUIOYm@aAcBh@oB\cATi@Vi@^q@x@_BdAwBR\v@~Ae@Td@Uw@_BS]eAvBy@~A_@p@Wh@Uh@]bAi@nB`AbBXl@HNJTTf@NVRVt@t@BDf@hAC\Ch@Gf@I|@Mt@DH@F@JBf@Hd@H`@DNFNb@l@x@jASfAUxAOrAKfAOjBGdAEtACl@ClAZ@??[A?JCjA?zB@dB@b@?h@Bp@[n@FFFHJB^B|@@`@Gd@K~@W?J?JANG\NvA??OwAF]@O?K?K_AVe@Ja@F}@A_@CKCGIGGQ^Qb@K`@Ib@Kf@Ed@AXCXCACCEECIE]G}@AWEo@UgDOcDCUCIIIHyBJsCDmABi@Bw@LsCBq@Bq@JsAJmAL}@Lu@Hm@DWd@iCIEEMAOAIOI	Click to Generate
S25	60	1			3	AllSaints (S25)	Jump Inc (S25)	SYPTE (S25)	5179	3884	gm_eIpgrGCj@p@fBT]T[T]T[V]T]CGQc@Qc@Qe@Qe@Qc@Qc@Qg@BUpBwCBK@A@O@MCYKOIOKMOSOOMM_@YGCMGQIGAYCWEWAO?G@E@c@FMDQHEBGBMHSNSNWTEDa@ZUR]b@Q^Wf@Qf@Of@EXGVKt@AJ@N@LDJ?@HLnBRFBBD@D?D?D?B?RAFE@QAwAOCBAF?F?DBFR@ZDZBZDP@B@@B@JMzEAZt@pB??SZ}@_C@m@NkF[E[C[ESACG?E?G@GBCvANFCBE?I?GACCCC?eBSKAGCGKIMGQAW@O@OHi@F]?E@EDQLi@DMLYJU@EHORc@PWRULMHKNMNO^YROZQFELGTGREVGDAFAH?P?`@@P@D@VDXFHDJF\TLJLNLPNPVd@NZNZVh@f@nAJRJL@BDBDFNHNDF@DBHEH?D?JEHGJINUBU?G?KEc@?IA]CGe@oAINMN}@cC\~@^bALOHOd@nABFNRJJBDB@B@F@D?JCr@aA`@g@DKPQ@IDQDKFIFGDAFAD?D@HBFFFHDLBJBJ?L?L?LCJCJEJEHGFEBGBI?GAOB_@J_@NUNURY\GJIHABSXGRITEJAHBZ@VCLCNEJGHGHGBIBIAGAIEEEEGCGEIAICKAYM_@So@EKcAyBQ_@GMSg@KOIOKMOSOOMM_@YGCMGQIGAYCWEWAO?G@E@c@FMDQHEBGBMHSNSNWTEDa@ZUR]b@Q^Wf@Qf@Of@EXGVKt@AJG~@C`A?JAvG?LAt@@P?J?^ATABEVo@~@GJKRILKNEPADEJBHFDXd@V`@FJ?\@P?X\l@HLNVNXXm@^y@gAsBuAkAGEUQk@g@GEOKO[EGCICICGA[?S?I@I@KDSXUDEVOlAi@T[@ABMDU@{@?uC@c@@g@@SBg@@O@OHi@F]?E@EDQLi@DMLYJU@EHORc@PWRULMHKNMNO^YROZQFELGTGREVGDAFAH?P?`@@P@D@VDXFHDJF\TLJLNLPNPVd@NZNZENCLGFKPEFSZ}A|BK@a@M?h@Ap@EbAC|@CbA?R	Click to Generate
S25	20	1			3	St Thomas Church Wincobank (S25)	Wincobank Post Office (S25)	Eastwoods (S25)	1593	1195	gdaeI|`tGzBDDHZvCdAdBFJLN`@l@d@j@VV^^^\^`@VVPLIk@w@oHSgBOkA_@eDO{AOuAPIDA~@]LEd@lEf@nElAtKv@dH?JADCDCDcA`@AEGOGUWuAKo@OoAQMWW_@a@_@]_@_@WWe@k@a@m@MOGKeAeB[wCEI{BE	Click to Generate
S25	20	1			3	St Thomas Church Wincobank (S25)	Wincobank Fish Bar (S25)	Eastwoods (S25)	1673	1255	wy`eIlvsGDA~@]LEd@lEf@nEcBt@OkA_@eDO{AOuAm@V}@ZwB`A]HI@OAU?a@?YDQHYTRdAXvAl@@zBDDHZvCdAdBFJLN`@l@d@j@VV^^^\^`@VVPLNnAJn@VtAFTFN@DbAa@BEBE@E?Kw@eHeBv@w@oHSgBo@qFO{AOuAPI	Click to Generate
S25	20	1			3	Zena (S25)	St Thomas (S25)	Winterhill School (S25)	1592	1194	aoceIruoGKg@KS]_@EACDK^CLGVHFDHDLd@lBDLC@@J?NCPIf@IXIXERADAFGTELNXEJMd@Kj@??Jk@Le@DKOYDMFU@G@EDSHY@]?QAQESZYBAPOJKLQPSNUHM`@s@d@s@Ze@X[RWPSLU}@wCGQNKV[EDQTOJFP|@vCMTQRSVYZ[d@e@r@a@r@ILOTQRMPKJQNC@@J?NCPIf@IXIXERADAFGTELNXDNDVTxAf@|CDCHEBCBA`@WPK??QJa@VC@CBIDEBg@}CUyAEWEOOYDMFU@G@EDSHY@]?QAQESZYBAEMe@mBEMEIIGFWBMJ_@BED@\^JRJf@	Click to Generate
S25	10	1			3	Zena (S25)	The Colin (S25)	The Salvation Army - Rotherham (S25)	982	736	mlceIthpGQJa@VC@CBIDEBg@}CUyAEWEOEJMd@Kj@??Jk@Le@DKOYDMGGEEAK?QDIHE??H?FBHY@]?QAQESZYBAPOJKLQPSNUHM`@s@d@s@Ze@X[HVLZDHb@j@c@k@EIM[IWYZOTKNe@r@a@r@ILOTQRMPKJQNC@@J?NCPIf@IXIXERADAFGTELNXDNDVTxAf@|CDCHEBCBA`@WPK	Click to Generate
S25	30	1			3	Hancock Cars (S25)	Shirefreen News 'n' Booze (S25)	Beck Primary School (S25)	2103	1577	i_deIppwGDHRVt@t@BDf@hAC\Ch@Gf@I|@Mt@CRIEEMAOAIMGGEOAI@EF_@xB^yBDGHAN@TL@H@NDLHDe@hCHCNEJAH?L?D?FCDNFNb@l@x@jASfAUxAOrAKfAOjBGdAEtACl@ClAZ@??[A?JCjA?zB@dB@b@?h@Bp@[n@FFFHJB^B|@@`@Gd@K~@W?J?JANG\NvA??OwAF]@O?K?K_AVe@Ja@F}@A_@CKCGIGGZo@Cq@?i@Ac@AeB?{BBkA?KBmABm@DuAFeANkBJgANsATyARgAy@kAc@m@GOEOIa@Ie@Cg@AKAGEILu@H}@Fg@Bi@B]g@iACEu@u@SWEI	Click to Generate
S25	60	1			3	Blackburn Minimarket (S25)	Blackburn Primary School (S25)	Shiregreen Medical Centre (S25)	8581	6436	kybeIzwuGjDcHtAiCvDcGxA{AxAeAhCwAbBy@nAo@pA_ArBoB~@iAh@cAnB}DxAoCd@y@rAuBLOX[Qw@UaAI]K[GOOa@GOKQGSCi@Ei@EYGUEMY\i@d@QLSJg@^eAf@aDzAuCpAqClAeAd@}BfAa@TCBi@^Om@w@oCOg@s@{B[cAYw@Yu@m@kAOWi@{@CCQUQUW]SUCE[bBAJKv@Kz@E~@Al@Aj@?l@Ar@?FCf@Cd@C`@Gr@Gj@Ih@Gb@En@Cn@?n@?NC~@AHARGVSb@IMOSEMAQJk@BUO`A@PDLNRHLRc@FW|@l@DMDSN_@j@eA??k@dAO^EREL}@m@@S@IB_A?O?o@Bo@Do@Fc@Hi@Fk@Fs@Ba@Be@Bg@?G@s@?m@@k@@m@D_AJ{@Jw@@KZcBBDRTV\PTPTBBh@z@NVl@jAXt@Xv@ZbAr@zBNf@v@nCNl@yC~BML}@jBaBvD{ApDy@jB}AbDmBlEa@bA}AzDoBnEUh@kCbGc@`AkBlEaBpDqAzC_BpD{AfDeAvBy@~A_@p@Wh@Uh@]bAi@nB`AbBXl@HNJTTf@NVRVt@t@BDf@hAC\Ch@Gf@I|@Mt@DH@F@JBf@Hd@H`@DNFNb@l@x@jAT^R^RVRNPHRHPBT?d@Cl@IpA_@@?bBi@XKXK`@ONGx@Ul@M\GLAd@E`@@XFPHvAn@rAp@h@VPHPLNLJJBm@@s@DsAFeA?IBo@VL@?zBfArFpCs@dGCV}A{@IECAaAi@kB_A]QQGMCQCKKOMQMQIi@WsAq@wAo@QIYGa@Ae@DM@]Fm@Ly@TOFa@NYJYJcBh@A?qA^m@He@BU?QCSIQISOSWS_@U_@y@kAc@m@GOEOIa@Ie@Cg@AKAGEILu@H}@Fg@Bi@B]@KDa@B_@Fc@@MLi@H_@Vw@^{@l@oAt@mAt@gA`CyC~@qAn@_Ar@iAjAwBj@uAbAcDx@kCr@kBz@gBhCeGj@kA	Click to Generate
S25	60	1			3	Freddy (S25)	Suzy (S25)	Two Dinners Ignatiu (S25)	4847	3635	mkceIp}rGKy@Mg@I]C]@g@GCMGkCkAc@WMKCAk@e@MKyAcBaAgAoGwHWMoCs@GCwCy@i@KqCYFuA?g@?SLmCDw@N{@Jg@Zm@BC\g@NOPI`@GLCTEj@OPKLQp@iBRs@j@yAhAgCdAaCdAyBhByBhAyAr@gANi@PwAJi@Le@JYHSPUb@_@RQFKJMHULa@NXDNDVTxAf@|Cz@tFTzAFd@^jBJnA@x@GtAEZC`A?zAMpDIZkCpB??ODQCg@YYCw@Eq@@?WBSHO`@GfBMf@GbAs@n@cAXeAVmBFUFa@D[FuAAy@KoA_@kBGe@U{A{@uFg@}CUyAEWEOOYM`@ITKLGJSPc@^QTIRKXMd@Kh@QvAOh@s@fAiAxAiBxBeAxBeA`CiAfCk@xASr@q@hBMPQJk@NUDMBa@FQHON]f@CB[l@Kf@Oz@Ev@MlC?R?f@GtApCXh@JvCx@FBnCr@VLnGvHzCjDLJj@d@PLb@VjCjALFFBAf@B\H\Lf@Jx@	Click to Generate
S25	45	1			3	American Golf (S25)	Madani Education Centre (S25)	Air Haus (S25)	4186	3140	uo_eIpxpGoAmB?EHs@VENBd@Fh@NN@VCDA\OVe@Ra@d@k@ZWNE^CP@R@ZR\ZVl@Jh@Ff@@H@fAAVC^@dAFl@Jh@Vd@X\CVK\EJIDG@[Hk@Xk@ZEY`@UQJOHDXj@[j@YZIFAHEDKJ]_@_@S]OYKISGSAU@_@b@WPWJ[BG?QEQGa@[SUOa@Mg@Go@Cg@Mi@KYKSYUi@Mc@GMKMMUIOIWSIISYKMa@k@Ye@a@y@EGa@{@m@mANUjAgBJOnA_B|AuB`ByBjAfDNh@BHVt@\dAd@fA`@r@DHI`@E\CV?V@H@RFRLZBFV\P@R@ZR\ZVl@Jh@Ff@@H@fAAVC^Ot@Un@c@h@_@b@Oh@EPCPAT?TBd@Lh@R^NTHFz@v@XXl@l@d@f@f@d@`@d@JLPPJLf@j@`@d@FFT\HBFFFHDLBJBJ?L?L?LCJCJEJEHGFEBGBI?GAOB_@J_@NUNURY\GJIHABSXGRITEJAHBZ@VCLCNEJGHGHGBIBIAGAIEEEEGCGEIAICKAY@O@QBMFMDKHGHEH?D?JEHGJINUBU?G?KEc@?IA]CGe@oAo@{AMYGKIGK?K@KJyAyD~@`CXv@JKJAJ?HFFJLXn@zAd@nABFNRJJBDB@B@F@D?JCr@aA`@g@DKPQ@IM}@GYM[GKQWQSUWaB_Bg@g@oAkA]]KMk@y@MSM]K]I[G[EMUk@a@[SUOa@Mg@Go@Cg@Mi@KYKSYUi@Mc@GMKMMIr@?DnAlB	Click to Generate
S25	15	1			3	The Colin (S25)	Winterhill School (S25)	The Salvation Army - Rotherham (S25)	1060	795	crceIfdpGJk@Le@DKOYDMGGEEAK?QDIHE??H?FBERADAFGTELNXDNDVTxAf@|CDCHEBCBA`@WPK??QJa@VC@CBIDEBg@}CUyAEWEOOYDMFU@G@EDSHY@]?QAQESZYBAPOJKLQPSNUHM`@s@d@s@Ze@X[HVLZDHb@j@c@k@EIM[IWYZOTKNe@r@a@r@ILOTQRMPKJQNC@@J?NCPIf@IXIXERADAFGTELNXEJMd@Kj@	Click to Generate
S25	45	1			3	Two Dinners Ignatiu (S25)	Stan (S25)	Brutus (S25)	3133	2350	wvceItpqG@m@p@Av@DXBf@XPBNE??jCqBH[LqD?{ABaAD[FuAAy@KoA_@kBGe@U{A{@uFg@}CUyAEWEOOYM`@ITKLGJSPc@^QTIRKXMd@Kh@QvAOh@s@fAiAxAiBxBeAxBeA`CiAfCk@xASr@q@hBMP??QJk@NUDMBa@FQHKi@GSMKOGiCc@KOCM?WFW~@qBRVpH~ARHRs@j@yAhAgCdAaCdAyBhByBhAyAr@gANi@PwAJi@Le@JYHSPUb@_@RQFKJMHULa@NXDNDVTxAf@|Cz@tFTzAFd@^jBJnA@x@GtAEZC`A?zAMpDADGTkCpBODQCg@YYCw@Eq@@Al@	Click to Generate
S25	45	1			3	Shirefreen News 'n' Booze (S25)	Beck Primary School (S25)	Shiregreen Medical Centre (S25)	3382	2536	{}ceIjvwG`@sABGf@hAC\Ch@Gf@I|@Mt@DH@F@JBf@Hd@H`@DNFNb@l@x@jASfAUxAOrAKfAOjBGdAEtACl@ClAZ@??[A?JCjA?zB@dB@b@?h@Bp@[n@FFFHJB^B|@@`@Gd@K~@W?J?JANG\NvA??OwAF]@O?K?K^MvA_@Cg@E_AAw@Ac@@e@?W?WFCAe@?G?YAS?M@g@?SBi@D}ABe@Bi@Hk@N{@R}@Tu@Vi@JSd@y@P[HU@QAQXKXK`@ONGx@Ul@M\GLAd@E`@@XFPHvAn@rAp@h@VPHPLNLJJBm@@s@DsAFeA?IBo@VL@?zBfArFpCs@dGCV}A{@IECAaAi@kB_A]QQGMCQCKKOMQMQIi@WsAq@wAo@QIYGa@Ae@DM@]Fm@Ly@TOFa@NYJYJcBh@A?qA^m@He@BU?QCSIQISOSWS_@U_@y@kAc@m@GOEOIa@Ie@Cg@AKAGEILu@H}@Fg@Bi@B]g@iACFa@rA	Click to Generate
S25	60	1			3	American Golf (S25)	Sainsbury's (S25)	M&C Tailoring (S25)	4846	3634	oe_eIxoqGXv@JKJAJ?HFFJLXn@zAd@nABFNRJJBDB@B@F@D?JCr@aA`@g@DKPQ@IM}@GYM[GKQWQSUWaB_Bg@g@oAkA]]KMk@y@MSM]K]I[G[EMUk@a@[SUOa@Mg@Go@Cg@?_@@]@UBQDSJa@Ve@Ra@d@k@ZWNE^CP@R@ZR\ZVl@Jh@Ff@@H@fAAVC^@dAFl@Jh@Vd@X\CVK\EJIDG@[Hk@Xk@ZEY`@UQJOHDXj@[j@YZIFAHEDKJ]_@_@S]OYKISGSAU@_@b@Oh@EPCPAT?TBd@Lh@R^NTHFz@v@XXl@l@d@f@f@d@`@d@JLPPJLf@j@`@d@FFT\HBFFFHDLBJBJ?L?L?LCJCJEJEHGFEBGBI?GAOB_@J_@NUNURY\GJIHABSXGRITEJAHBZ@VCLCNEJGHGHGBIBIAGAIEEEEGCGEIAICKAY@O@QBMFMDKHGHEH?D?JEHGJINUBU?G?KEc@?IA]CGl@{@Rb@??@An@eA@O?K?EEMaArAm@z@BFNRJJBDB@B@F@D?JCr@aA`@g@DKPQ@IM}@GYM[GKQWQSUWaB_Bg@g@oAkA]]KMk@y@MSM]K]I[G[EMUk@a@[SUOa@Mg@Go@Cg@Mi@KYKSYUi@Mc@GMKMMIr@?DvBdDAAuBcD?EHs@VENBd@Fh@NN@VCDA\OVe@Ra@d@k@ZWNE^CP@R@ZR\ZVl@Jh@Ff@@H@fAAVC^Ot@Un@c@h@_@b@Oh@EPCPAT?TBd@Lh@R^NTHFz@v@XXl@l@d@f@f@d@`@d@JLPPJLf@j@`@d@FFT\HBFFFHDLBJBJ?L?L?LCJCJEJEHGFEBGBI?GAOB_@J_@NUNURY\GJIHABSXGRITEJAHBZ@VCLCNEJGHGHGBIBIAGAIEEEEGCGEIAICKAY@O@QBMFMDKHGHEH?D?JEHGJINUBU?G?KEc@?IA]CGe@oAo@{AMYGKIGK?K@KJYw@	Click to Generate
S25	60	1			3	White Stuff (S25)	SYPTE (S25)	Jump Inc (S25)	5179	3884	_u_eIlqrG??SZ}@_C@m@NkF[E[C[ESACG?E?G@GBCvANFCBE?I?GACCCC?eBSKAGCGKIMGQAW@O@OHi@F]?E@EDQLi@DMLYJU@EHORc@PWRULMHKNMNO^YROZQFELGTGREVGDAFAH?P?`@@P@D@VDXFHDJF\TLJLNLPNPVd@NZNZENCLGFKPEFSZ}A|BK@a@M?h@Ap@EbAC|@CbA?RCj@p@fBT]T[T]T[V]T]CGQc@Qc@Qe@Qe@Qc@Qc@Qg@BUpBwCBK@A@O@MCYKOIOKMOSOOMM_@YGCMGQIGAYCWEWAO?G@E@c@FMDQHEBGBMHSNSNWTEDa@ZUR]b@Q^Wf@Qf@Of@EXGVKt@AJG~@C`A?JAvG?LAt@@P?J?^ATABEVo@~@GJKRILKNEPADEJBHFDXd@V`@FJ?\@P?X\l@HLNVNXXm@^y@gAsBuAkAGEUQk@g@GEOKO[EGCICICGA[?S?I@I@KDSXUDEVOlAi@T[@ABMDU@{@?uC@c@@g@@SBg@@O@OHi@F]?E@EDQLi@DMLYJU@EHORc@PWRULMHKNMNO^YROZQFELGTGREVGDAFAH?P?`@@P@D@VDXFHDJF\TLJLNLPNPVd@NZNZVh@f@nAJRJL@BDBDFNHNDF@DBHEH?D?JEHGJINUBU?G?KEc@?IA]CGe@oAINMN}@cC\~@^bALOHOd@nABFNRJJBDB@B@F@D?JCr@aA`@g@DKPQ@IDQDKFIFGDAFAD?D@HBFFFHDLBJBJ?L?L?LCJCJEJEHGFEBGBI?GAOB_@J_@NUNURY\GJIHABSXGRITEJAHBZ@VCLCNEJGHGHGBIBIAGAIEEEEGCGEIAICKAYM_@So@EKcAyBQ_@GMSg@KOIOKMOSOOMM_@YGCMGQIGAYCWEWAO?G@E@c@FMDQHEBGBMHSNSNWTEDa@ZUR]b@Q^Wf@Qf@Of@EXGVKt@AJ@N@LDJ?@HLnBRFBBD@D?D?D?B?RAFE@QAwAOCBAF?F?DBFR@ZDZBZDP@B@@B@JMzEAZt@pB	Click to Generate
S25	60	1			3	Air Haus (S25)	M&C Tailoring (S25)	Sainsbury's (S25)	4937	3703	yd_eIzbqGOHDXj@[j@YZIFAHEDKJ]_@_@S]OYKISGSAU@_@b@Oh@EPCPAT?TBd@Lh@R^NTHFz@v@XXl@l@d@f@f@d@`@d@JLPPJLf@j@`@d@FFT\HBFFFHDLBJBJ?L?L?LCJCJEJEHGFEBGBI?GAOB_@J_@NUNURY\GJIHABSXGRITEJAHBZ@VCLCNEJGHGHGBIBIAGAIEEEEGCGEIAICKAY@O@QBMFMDKHGHEH?D?JEHGJINUBU?G?KEc@?IA]CGe@oAo@{AMYGKIGK?K@KJyAyD~@`CXv@JKJAJ?HFFJLXn@zAd@nABFNRJJBDB@B@F@D?JCr@aA`@g@DKPQ@IM}@GYM[GKQWQSUWaB_Bg@g@oAkA]]KMk@y@MSM]K]I[G[EMUk@a@[SUOa@Mg@Go@Cg@Mi@KYKSYUi@Mc@GMKMMIr@?DvBdDAAuBcD?EHs@VENBd@Fh@NN@VCDA\OVe@Ra@d@k@ZWNE^CP@R@ZR\ZVl@Jh@Ff@@H@fAAVC^Ot@Un@c@h@_@b@Oh@EPCPAT?TBd@Lh@R^NTHFz@v@XXl@l@d@f@f@d@`@d@JLPPJLf@j@`@d@FFT\HBFFFHDLBJBJ?L?L?LCJCJEJEHGFEBGBI?GAOB_@J_@NUNURY\GJIHABSXGRITEJAHBZ@VCLCNEJGHGHGBIBIAGAIEEEEGCGEIAICKAY@O@QBMFMDKHGHEH?D?JEHGJINUBU?G?KEc@?IA]CGl@{@Rb@??@An@eA@O?K?EEMaArAm@z@BFNRJJBDB@B@F@D?JCr@aA`@g@DKPQ@IM}@GYM[GKQWQSUWaB_Bg@g@oAkA]]KMk@y@MSM]K]I[G[EMUk@a@[SUOa@Mg@Go@Cg@?_@@]@UBQDSJa@Ve@Ra@d@k@ZWNE^CP@R@ZR\ZVl@Jh@Ff@@H@fAAVC^@dAFl@Jh@Vd@X\CVK\EJIDG@[Hk@Xk@ZEYNI	Click to Generate
S25	15	1			3	St Thomas (S25)	The Salvation Army - Rotherham (S25)	Meadow View Primary School (S25)	1142	856	adceIhmoGMOMMQMCNCJk@bAIL}@wCGQNKV[EDQTOJFP|@vCMTQRSVYZ[d@e@r@a@r@ILOTQRMPKJQNC@@J?NCPIf@IX@]?QAQESZYBAPOJKLQPSNUHM`@s@d@s@JONUX[RWPSLUHMj@cABKBOPLLLt@z@RVDFj@r@j@t@JN^oARm@??Sl@_@nAKOk@u@k@s@EGSWg@k@	Click to Generate
S25	45	1			3	The Cruise Holiday Shop (S25)	Mint Nail (S25)	Jump Inc (S25)	3326	2494	gm_eIrgrGCh@p@fB??T]T[T]T[V]T]CGQc@Qc@Qe@Qe@Qc@Qc@Qg@BUpBwCBK@A@O@MCYKOIOKMOSOOMM_@YGCMGQIGAYCWEWAO?G@E@c@FMDQHEBGBMHSNSNWTEDa@ZUR]b@Q^Wf@Qf@Of@EXGVKt@AJ@N@LDJ?@HLnBRFBBD@D?D?D?B?RAFE@QAwAOCBAF?F?DBFR@ZDZBZDP@B@@B@JMzEAZt@pB??SZ}@_C@m@NkF[E[C[ESACG?E?G@GBCvANFCBE?I?GACCCC?eBSKAGCGKIMGQAW@O@OHi@F]?E@EDQLi@DMLYJU@EHORc@PWRULMHKNMNO^YROZQFELGTGREVGDAFAH?P?`@@P@D@VDXFHDJF\TLJLNLPNPVd@NZNZVh@f@nAJRJL@BDBDFNHNDF@DBHEH?D?JEHGJINUBU?G?KEc@?IA]CGe@oAINMN}@cC\~@^bALOHOd@nABFNRJJBDB@B@F@D?JCr@aA`@g@DKPQ@IDQDKFIFGDAFAD?D@HBFFFHDLBJBJ?L?L?LCJCJEJEHGFEBGBI?GAOB_@J_@NUNURY\GJIHABSXGRITEJAHBZ@VCLCNEJGHGHGBIBIAGAIEEEEGCGEIAICKAYM_@So@EKcAyBQ_@GFKPEFSZ}A|BK@a@M?h@Ap@EbAC|@CbA?T	Click to Generate
S25	45	1			3	Shirefreen News 'n' Booze (S25)	Hartley Brook Road Post Office (S25)	Volksgear (S25)	3970	2978	ctceI~oyGOwAF]@O?K?K_AVe@Ja@F}@A_@CKCGIGGZo@Cq@?i@Ac@AeB?{BBkA?KZ@??[A?JCjA?zB@dB@b@?h@Bp@[n@Q^Qb@K`@Ib@Kf@Ed@AXCXAl@@n@@d@D`@F^DRLh@Rj@Rj@Th@RZDF\f@Z\`@\b@NZL`AR`AFn@@rBA^AT?bAAXAT?d@@r@Fv@Jv@Pr@Pp@TT}ADW@EBADAbAj@@OTwBZmDLuAHw@H}@Fg@LaBHeADs@Ba@Be@?m@?M?oCAcA?W?yB?S?s@?gC?aD@iD?S?u@C[KKOMQMQIi@WsAq@wAo@QIYGa@Ae@DM@]Fm@Ly@TOFa@NYJYJcBh@A?qA^m@He@BU?QCSIQISOSWS_@U_@y@kAc@m@GOEOIa@Ie@Cg@AKAGEICRIEEMAOAIOIECOAI@EF_@xB^yBDGHAN@TL@H@NDLHDe@hCEVIl@Mt@M|@KlAKrACp@Cp@MrCCv@Ch@ElAKrCIxBHHBHBTNbDTfDDn@@VF|@D\BHDDBBB@BY@YDe@Jg@Hc@Ja@Pc@P_@FFFHJB^B|@@`@Gd@K~@W?J?JANG\NvA	Click to Generate
S25	45	1			3	Beck Primary School (S25)	Shiregreen Medical Centre (S25)	Shirefreen News 'n' Booze (S25)	4141	3106	i|beIrgzG??KJGNEPOGOIq@Us@Qw@Qw@Ks@Ge@ACSGQKSe@cA]{@_@cAWy@Qq@Me@SaAUkAQmAEYMiAKcAGaAEu@wA^_@L?J?JANG\NvA??OwAF]@O?K?K^MvA_@Cg@E_AAw@Ac@@e@?W?WFCAe@?G?YAS?M@g@?SBi@D}ABe@Bi@Hk@N{@R}@Tu@Vi@JSd@y@P[HU@QAQXKXK`@ONGx@Ul@M\GLAd@E`@@XFPHvAn@rAp@h@VPHPLNLJJBm@@s@DsAFeA?IBo@VL@?zBfArFpCs@dGCV}A{@IECAaAi@kB_A]QQGMCQCKKOMQMQIi@WsAq@wAo@QIYGa@Ae@DM@]Fm@Ly@TOFa@NYJYJcBh@A?qA^m@He@BU?QCSIQISOSWS_@U_@SfAUxAOrAKfAOjBGdAEtACl@ClAZ@??[A?JCjA?zB@dB@b@?h@Bp@[n@Q^Qb@K`@Ib@Kf@Ed@AXCXAl@@n@@d@D`@F^DRLh@Rj@Rj@Th@RZDF\f@Z\`@\b@NZL`AR`AFn@@rBA^AT?bAAXAT?d@@r@Fv@Jv@Pr@Pp@TNHNFDQFOJK??	Click to Generate
S25	60	1			3	Sci-Tek Snack Shack (S25)	Kelford School (S25)	South Street Convenience Store (S25)	12335	9251	}paeIxxlGWFSDWJMZUHQ?[@_@AMCkAa@m@MCOAOAe@OsGAYCSOs@EKEGGCEAQHOL]d@KLKDIBC?SBGHIl@C^EVeAjBMRu@pA[j@U`@aA~AYd@u@nAQX_@h@k@h@MLOPILWe@ESCO?CA]?QBcE?Y@yA@wB?W@[?G?_A@eBBkB?K?c@B}B@qA?yA@wABiA?S@kA@g@?EAq@AoAC{@GoA?]Ba@Jy@f@sELcAv@eHRiBDg@?}@?g@?wA?O?_BAaACo@Ce@E_@Iy@Gg@E]EWEm@CUAa@EmAGm@AQAo@?S?k@?g@NBr@DbADL@xAJnB?pBBd@AtAWdI}CtAi@PQHOBQBOHOHKJGLCJ@JDJJHLDRDR@VF^N|@VdAFVPx@b@~@Xr@RRJHVNH@DBHPBNAT?@?V@RJn@Nl@Nr@B\FPDRb@|AJr@b@nCZpBBTr@zE^dCf@|CP~@Pl@Vv@Xp@\h@^d@TVjAdAp@h@XHD@TFHAD?JFDFDR@N?JETILGDE@EAKHC@KLEDIRoApBcAzAuAjB\xAR~@@~@A`B@z@Dp@Jr@Lp@X|@Lb@DLVpARdALhAHfADbA@t@@V?`ACt@MfA?HAn@BfA@z@RvL@|@ZxQ[yQ?EAw@SwLA{@CgA@o@?ILgABu@?aAAWAu@EcAIgAMiASeAWqAEMMc@Y}@Mq@Ks@Eq@A{@@aBA_AS_A]yAtAkBbA{AnAqBHS@KBU?C@]AOK_@ACQc@q@i@kAeAUW_@e@]i@Yq@Ww@Qm@Q_Ag@}C_@eCs@{ECU[qBc@oCKs@c@}AESGQIUK[IUYcAKSU[CCGMCOCk@GWMg@Ys@c@_A[i@]m@UUw@g@KCIEc@S]Ea@?e@LeIdDeBd@uAV_@BK@qAF}AAaBKWJMJIJEFCFGPKd@?FDlA@`@BTDl@DVD\Ff@Hx@D^Bd@Bn@@`A?~A?N?vA?f@?|@Ef@ShBw@dHMbAg@rEKx@C`@?\FnABz@@nA@p@?DAf@AjA?RChAAvA?xAApAC|B?b@?JCjBAdB?~@?FAZ?VAvBAxA?XCbE?P@\?BBNDRVd@MZQp@b@b@bA`A\^j@x@FHnA`C`@t@l@nAf@vAN`@Pf@HTXx@`@nAZ~@BLPj@^|A?DHl@BNDVFp@HtAFtADtAFxBB`@eAHECqByBGNEDIBGAEIEHK\_@vAAH?JDVDNB@@B@D?@@BAD?DCBA@C@CACCAC?EAE@E@CBC@AB?EOEW?K@I^wAJ]DIAI?KFWGI[]]_@s@w@k@k@uB|Mg@|C?T?D@HDHlE|Cx@l@B@b@\PLxAdAJJJPb@z@h@jAdBnD^v@FLXl@FFH@F?FCFCE[Kw@Ea@SyAk@mEOmAOeASeBCUKeAIsAAQAUCWAm@Cc@Ak@GqBCa@GyBEuAGuAIuAGq@EWCOIm@?E_@}AQk@CM[_Aa@oAYy@IUQg@Oa@g@wAm@oAa@u@oAaCGIk@y@]_@cAaAc@c@Pq@L[HMNQLMj@i@^i@PYt@oAXe@`A_BTa@Zk@t@qALSdAkBDWB_@Hm@FIRCB?HCJEJM\e@NMPID@FBDFDJNr@BR@XNrG@d@@NBNl@LjA`@LB^@ZAP?TIL[VKREVG	Click to Generate
S25	30	1			3	Blackburn Primary School (S25)	Blackburn Youth Club (S25)	Csk Motors (S25)	2427	1820	y{beIlftGKj@@PDLNRHLRc@FW|@l@DMDSN_@j@eA??k@dAO^EREL}@m@@S@IB_A?O?o@Bo@Do@Fc@Hi@Fk@Fs@Ba@Be@Bg@XAJ???K?Y@?G@s@?m@@k@@m@D_AJ{@Jw@@KZcBBDRTV\PTPTBBh@z@NVl@jAXt@Xv@ZbAr@zBNf@v@nCNl@h@_@BC`@U|BgAdAe@pCmAKQYMw@_@ECGIFHDBv@^XLJP}BbASHeAd@}BfAa@TCBi@^Om@w@oCOg@s@{B[cAYw@Yu@m@kAOWi@{@CCQUQUW]SUCE[bBAJKv@Kz@E~@Al@Aj@?l@Ar@?FCf@Cd@C`@Gr@Gj@Ih@Gb@En@Cn@?n@?NC~@AHARGVSb@IMOSEMAQJk@	Click to Generate
S25	30	1			3	Blackburn Youth Club (S25)	Blackburn Minimarket (S25)	Csk Motors (S25)	2810	2108	avbeIdetGk@dAO^EREL}@m@@S@IB_A?O?o@Bo@Do@Fc@Hi@Fk@Fs@Ba@Be@Bg@XAJ???K?Y@Cf@Cd@C`@Gr@Gj@Ih@Gb@En@Cn@?n@?NC~@AHARGVSb@IMOSEMAQJk@BUO`A@PDLNRHLRc@FW@S@IB_A?O?o@Bo@Do@Fc@Hi@Fk@Fs@Ba@Be@Bg@?G@s@?m@@k@@m@D_AJ{@Jw@@KZcBBDRTV\PTPTBBh@z@NVl@jAXt@Xv@ZbAr@zBNf@v@nCNl@h@_@BC`@U|BgAdAe@pCmAKQYMw@_@ECGIFHDBv@^XLJP}BbASHeAd@}BfAa@TCBi@^Om@w@oCOg@s@{B[cAYw@Yu@m@kAOWi@{@CCQUQUW]SUCE[bBAJKv@Kz@E~@Al@Aj@?l@Ar@?FCf@Cd@C`@Gr@Gj@Ih@Gb@En@Cn@?n@?NC~@AHAR|@l@DMDSN_@j@eA	Click to Generate
S25	30	1			3	Blackburn Primary School (S25)	Blackburn Minimarket (S25)	Csk Motors (S25)	2441	1831	awbeI`wsGK?Y@Cf@Cd@C`@Gr@Gj@Ih@Gb@En@Cn@?n@?NC~@AHAR|@l@DMDSN_@j@eA??k@dAO^EREL}@m@GVSb@IMOSEMAQJk@BUO`A@PDLNRHLRc@FW@S@IB_A?O?o@Bo@Do@Fc@Hi@Fk@Fs@Ba@Be@Bg@?G@s@?m@@k@@m@D_AJ{@Jw@@KZcBBDRTV\PTPTBBh@z@NVl@jAXt@Xv@ZbAr@zBNf@v@nCNl@h@_@BC`@U|BgAdAe@pCmAKQYMw@_@ECGIFHDBv@^XLJP}BbASHeAd@}BfAa@TCBi@^Om@w@oCOg@s@{B[cAYw@Yu@m@kAOWi@{@CCQUQUW]SUCE[bBAJKv@Kz@E~@Al@Aj@?l@Ar@?FXAJ?	Click to Generate
S25	60	1			3	Two Dinners Ignatiu (S25)	Abbey School (S25)	Freddy (S25)	5607	4205	skceI~kqGGTkCpB??ODQCg@YYCw@Eq@@Al@??@m@?WBSHO`@GfBMf@GbAs@n@cAXeAVmBFUFa@D[FuAAy@KoA_@kBGe@U{A{@uFg@}CUyAEWEOOYDMFU@G@EDSHY@]?QAQESZYBAPOJKLQPSNUHM`@s@d@s@Ze@X[RWPSLUHMj@cABKBOPLLLt@z@RVDFj@r@j@t@JNr@|@h@t@b@j@FH\b@PNRLTHG`@Gf@E`@AV?R@b@BVHZHTDFJNJJ|@h@|@f@NHf@`@b@b@HJVXPXBBLRZh@Vh@P^P`@Nf@Nh@Nh@Ln@Hj@Hl@B\@PB`@@L?R?V?`@Cd@Cb@Gp@CJIj@EVGTERGRUn@S^S^SX_@b@u@x@SVGFIJGNEPAN?R@NBT@F@HJt@F\TbBFZFTFJl@z@PVBJF\Dd@@h@@~A@jAAZAVCZADEj@Ix@OxAKjAKbAKlAOtAE`@E`@G^KXSl@[x@g@xAM^KZQz@I\Qt@W]SUCEg@c@e@e@s@g@wBwAwDcCaD{B_Ai@y@[GCMGkCkAc@WMKCAk@e@MK{CkDoGwHWMoCs@GCwCy@i@KqCYFuA?g@?SLmCDw@N{@Jg@Zm@BC\g@NOPI`@GLCTEj@OPKLQp@iBRs@j@yAhAgCdAaCdAyBhByBhAyAr@gANi@PwAJi@Le@JYHSPUb@_@RQFKJMHULa@NXDNDVTxAf@|Cz@tFTzAFd@^jBJnA@x@GtAEZC`A?zAMpDAD	Click to Generate
S25	45	1			3	AllSaints (S25)	SYPTE (S25)	Jump Inc (S25)	3597	2698	ev_eInfrGMnEAZt@pB??SZ}@_C@m@NkF[E[C[ESACG?E?G@GBCvANFCBE?I?GACCCC?eBSIDA@EDGNEP?JAvG?LAt@@P?J?^ATABEVo@~@GJKRILKNEPADEJBHFDXd@V`@FJ?\@P?X\l@HLNVNXXm@^y@gAsBuAkAGEUQk@g@GEOKO[EGCICICGA[?S?I@I@KDSXUDEVOlAi@T[@ABMDU@{@?uC@c@@g@@SBg@@O@OHi@F]?E@EDQLi@DMLYJU@EHORc@PWRULMHKNMNO^YROZQFELGTGREVGDAFAH?P?`@@P@D@VDXFHDJF\TLJLNLPNPVd@NZNZVh@f@nAJRJL@BDBDFNHNDF@DBHEH?D?JEHGJINUBU?G?KEc@?IA]CGe@oAINMN}@cC\~@^bALOHOd@nABFNRJJBDB@B@F@D?JCr@aA`@g@DKPQ@IDQDKFIFGDAFAD?D@HBFFFHDLBJBJ?L?L?LCJCJEJEHGFEBGBI?GAOB_@J_@NUNURY\GJIHABSXGRITEJAHBZ@VCLCNEJGHGHGBIBIAGAIEEEEGCGEIAICKAYM_@So@EKcAyBQ_@GMSg@KOIOKMOSOOMM_@YGCMGQIGAYCWEWAO?G@E@c@FMDQHEBGBMHSNSNWTEDa@ZUR]b@Q^Wf@Qf@Of@EXGVKt@AJ@N@LDJ?@HLnBRFBBD@D?D?D?B?RAFE@QAwAOCBAF?F?DBFR@ZDZBZDP@B@@B@J?J	Click to Generate
S25	20	1			3	St Lawrence Church (S25)	Tinsley Meadows Primary School (S25)	Madani Education Centre (S25)	1903	1427	qz~dIhjoG`ByAIQAEEGCEKIOC@_@?SBODMr@}ADGFEHAH?NJLFHBFAFdABHDBB@CAECCIGeAG@ICMGOKI?I@GDEFs@|AEL?BCJ?RA^NBJHBDDF@DHPRp@BHHXFVRp@HZ_Ax@GFq@l@q@r@UVg@j@WZ[f@u@hAm@`AINmAvDELQ`@]h@U\OX]r@EIa@s@e@gA]eA[_AtAmBq@qBM@KDCDOa@??N`@BEJELAp@pBuAlBBHVt@\dAd@fA`@r@DH\s@NYT]\i@Pa@DMlAwDHOl@aAt@iAZg@V[f@k@TWG]Kq@G_@Oy@Ie@v@u@	Click to Generate
S25	30	1			3	Tinsley Meadows Primary School (S25)	Hanfia Masjid (S25)	Madani Education Centre (S25)	2239	1679	{t_eIxeoG?LJdBPGXjEbC`HjAfDNh@tAmBq@qBM@KDCDOa@??N`@BEJELAp@pBuAlBOi@kAgDcCaH{Bl@cCn@yBp@GBi@Ng@JIFGDKNTv@f@bBNr@Tn@\bADJXr@Th@z@nBHRl@lA`@z@DF`@x@Xd@`@j@JLRXHHVRNHTHVENBd@Fh@NN@VCDA\OVe@Ra@NeAHoAHy@No@L[LUEIa@s@e@gA]eAWu@CIOi@kAgDcCaHYkEQFKeB?M	Click to Generate
S25	30	1			3	Suzy (S25)	Freddy (S25)	Morris (S25)	2863	2147	a_deIxfrG~CtD`AfAxAbBLJj@d@B@LJb@VjCjALFFBx@Z~@h@`DzBvDbCvBvAr@f@d@d@f@b@[bBAJKv@Kz@E~@Al@Aj@?l@IEECIQCSDYFGBALE@m@D_AJ{@Jw@@KZcBg@c@e@e@s@g@wBwAwDcCaD{B_Ai@y@[GCMGkCkAc@WQMk@e@MK{CkDoGwHWMoCs@GCwCy@i@KqCYFuA?g@?SnAPoAQ?R?f@GtApCXh@J??vCx@FBnCr@VLnB`C	Click to Generate
S25	30	1			3	Blackburn Primary School (S25)	Blackburn Youth Club (S25)	Blackburn Minimarket (S25)	2532	1899	a`beIf{sGSHeAd@}BfAa@TCBi@^Om@w@oCOg@s@{B[cAYw@Yu@m@kAOWi@{@CCQUQUW]SUCE[bBAJKv@Kz@E~@Al@Aj@?l@Ar@?FCf@Cd@C`@Gr@Gj@Ih@Gb@En@Cn@?n@?NC~@AHAR|@l@DMDSN_@j@eA??k@dAO^EREL}@m@@S@IB_A?O?o@Bo@Do@Fc@Hi@Fk@Fs@Ba@Be@Bg@XAJ???K?Y@Cf@Cd@C`@Gr@Gj@Ih@Gb@En@Cn@?n@?NC~@AHARGVSb@IMOSEMAQJk@BUO`A@PDLNRHLRc@FW@S@IB_A?O?o@Bo@Do@Fc@Hi@Fk@Fs@Ba@Be@Bg@?G@s@?m@@k@@m@D_AJ{@Jw@@KZcBBDRTV\PTPTBBh@z@NVl@jAXt@Xv@ZbAr@zBNf@v@nCNl@h@_@BC`@U|BgAdAe@RI	Click to Generate
S25	30	1			3	Meadow View Primary School (S25)	South Street Convenience Store (S25)	Bake N Butty (S25)	2618	1964	wpbeIj_pGKVm@u@[]SOSMe@QKEo@SUISMQO]c@GIc@k@i@u@s@}@^oARm@??Sl@_@nAr@|@h@t@b@j@FH\b@PNRLTHn@RJDd@PRLRNZ\l@t@r@kBv@sBBIt@uBTm@Ne@Le@XwADSn@aDx@l@B@b@\PLxAdA{AlFWYiA|CGHIEaCoCu@tBCHw@rBs@jBm@u@[]SOSMe@QKEo@SUISMQO]c@GIc@k@i@u@s@}@KOk@u@k@s@EGSWg@k@MOMMQM?MAOCWGu@K}@XOLONUFGRYSXGFOTMNYNJ|@Ft@BV@N?LPLLLt@z@RVDFj@r@j@t@JNr@|@h@t@b@j@FH\b@PNRLTHn@RJDd@PRLRNZ\l@t@JW	Click to Generate
S25	20	1			3	St Thomas Church Wincobank (S25)	Fife Street Stores (S25)	Wincobank Post Office (S25)	1773	1330	_s`eIzytGGOGUWuAKo@OoAIk@w@oHSgBOkA_@eDO{AOuAm@V}@ZwB`A@LHRL\DPBR?X?f@Al@DHZvCdAdBkAz@[TOX_@t@GWs@gEAEKo@Qu@]eBYwASeAXUPIXE`@?T?N@HA\IvBaA|@[l@WPIDA~@]LEd@lEf@nElAtKv@dH?JADCDCDcA`@AE	Click to Generate
S25	60	1			3	Phase Eight (S25)	SYPTE (S25)	Jump Inc (S25)	5179	3884	_u_eIlqrG??SZ}@_C@m@NkF[E[C[ESACG?E?G@GBCvANFCBE?I?GACCCC?eBSKAGCGKIMGQAW@O@OHi@F]?E@EDQLi@DMLYJU@EHORc@PWRULMHKNMNO^YROZQFELGTGREVGDAFAH?P?`@@P@D@VDXFHDJF\TLJLNLPNPVd@NZNZENCLGFKPEFSZ}A|BK@a@M?h@Ap@EbAC|@CbAAf@AVp@fBT]T[T]T[V]T]CGQc@Qc@Qe@Qe@Qc@Qc@Qg@BUpBwCBK@A@O@MCYKOIOKMOSOOMM_@YGCMGQIGAYCWEWAO?G@E@c@FMDQHEBGBMHSNSNWTEDa@ZUR]b@Q^Wf@Qf@Of@EXGVKt@AJG~@C`A?JAvG?LAt@@P?J?^ATABEVo@~@GJKRILKNEPADEJBHFDXd@V`@FJ?\@P?X\l@HLNVNXXm@^y@gAsBuAkAGEUQk@g@GEOKO[EGCICICGA[?S?I@I@KDSXUDEVOlAi@T[@ABMDU@{@?uC@c@@g@@SBg@@O@OHi@F]?E@EDQLi@DMLYJU@EHORc@PWRULMHKNMNO^YROZQFELGTGREVGDAFAH?P?`@@P@D@VDXFHDJF\TLJLNLPNPVd@NZNZVh@f@nAJRJL@BDBDFNHNDF@DBHEH?D?JEHGJINUBU?G?KEc@?IA]CGe@oAINMN}@cC\~@^bALOHOd@nABFNRJJBDB@B@F@D?JCr@aA`@g@DKPQ@IDQDKFIFGDAFAD?D@HBFFFHDLBJBJ?L?L?LCJCJEJEHGFEBGBI?GAOB_@J_@NUNURY\GJIHABSXGRITEJAHBZ@VCLCNEJGHGHGBIBIAGAIEEEEGCGEIAICKAYM_@So@EKcAyBQ_@GMSg@KOIOKMOSOOMM_@YGCMGQIGAYCWEWAO?G@E@c@FMDQHEBGBMHSNSNWTEDa@ZUR]b@Q^Wf@Qf@Of@EXGVKt@AJ@N@LDJ?@HLnBRFBBD@D?D?D?B?RAFE@QAwAOCBAF?F?DBFR@ZDZBZDP@B@@B@JMzEAZt@pB	Click to Generate
S25	45	1			3	Zara (S25)	The Cruise Holiday Shop (S25)	SYPTE (S25)	3403	2552	_u_eIlqrG??SZ}@_C@m@NkFP@B@@B@JKnDAj@[C[C[E[CQCLkFCG?E?G@GBCvANFCBE?I?GACCCC?eBSKAGCGKIMGQAW@O@OHi@F]?E@EDQLi@DMLYJU@EHORc@PWRULMHKNMNO^YROZQFELGTGREVGDAFAH?P?`@@P@D@VDXFHDJF\TLJLNLPNPVd@NZNZENCLGFKPEFSZ}A|BK@a@M?h@Ap@EbAC|@CbAC~@p@fB??T]T[T]T[V]T]CGQc@Qc@Qe@Qe@Qc@Qc@Qg@BUpBwCBK@A@O@MCYKOIOKMOSOOMM_@YGCMGQIGAYCWEWAO?G@E@c@FMDQHEBGBMHSNSNWTEDa@ZUR]b@Q^Wf@Qf@Of@EXGVKt@AJG~@C`A?JAvG?LAt@@P?J?^ATABEVo@~@GJKRILKNEPADEJBHFDXd@V`@FJ?\@P?X\l@HLNVNXXm@^y@gAsBuAkAGEUQk@g@GEOKO[EGCICICGA[?S?I@I@KDSXUDEVOlAi@T[@ABMDU@{@?uCJe@@QDOHGFEHAH@nBRFBBD@D?D?D?B?RAFE@QAwAOCBAF?F?DBFR@ZDZBZDP@B@@B@JMzEAZt@pB	Click to Generate
S25	20	1			3	St Thomas Church Wincobank (S25)	Wincobank Post Office (S25)	Eastwoods (S25)	1548	1161	ycaeIfgtGKo@fCDHBHBdAdBFJLN`@l@d@j@VV^^^\^`@VVPLIk@w@oHSgBOkA_@eDO{AOuAPIDA~@]LEd@lEf@nElAtKv@dH?JADCDCDcA`@AEGOGUWuAKo@OoAQMWW_@a@_@]_@_@WWe@k@a@m@MOGKeAeBICICgCEJn@	Click to Generate
S25	45	1			3	The White Company (S25)	Barbour (S25)	Jump Inc (S25)	4159	3119	up_eIl{qG_@EWCGCECE?ICGCEGG@EACECEAO@KCYEUIe@AEAQ?S?K@I@MJ[ROZQFELGTGREVGDAFAH?P?`@@P@D@VDXFHDJF\TLJLNLPNPVd@NZNZENCLGFKPEFSZ}A|BK@a@M?h@Ap@EbAC|@CbAC~@??p@fBT]T[T]T[V]T]CGQc@Qc@Qe@Qe@Qc@Qc@Qg@BUpBwCBK@A@O@MCYKOIOKMOSOOMM_@YGCMGQIGAYCWEWAO?G@E@c@FMDQHEBGBMHSNSNWTEDa@ZUR]b@Q^Wf@Qf@Of@EXGVKt@AJ@N@LDJ?@HLnBRFBBD@D?D?D?B?RAFE@QAwAOCBAF?F?DBFR@ZDZBZDP@B@@B@JMzEAZt@pB??SZ}@_C@m@NkF[E[C[ESACG?E?G@GBCvANFCBE?I?GACCCC?eBSKAGCGKIMGQAW@O@OHi@F]?E@EDQLi@DMLYJU@EHORc@PWRULMHKNMNO^YROZQFELGTGREVGDAFAH?P?`@@P@D@VDXFHDJF\TLJLNLPNPVd@NZNZVh@f@nAJRJL@BDBDFNHNDF@DBHEH?D?JEHGJINUBU?G?KEc@?IA]CGe@oAINMN}@cC\~@^bALOHOd@nABFNRJJBDB@B@F@D?JCr@aA`@g@DKPQ@IDQDKFIFGDAFAD?D@HBFFFHDLBJBJ?L?L?LCJCJEJEHGFEBGBI?GAOB_@J_@NUNURY\GJIHABSXGRITEJAHBZ@VCLCNEJGHGHGBIBIAGAIEEEEGCGEIAICKAYM_@So@EKcAyBQ_@GMSg@KOIOKMOSOOMM_@YGCMGQIGAYCWEWAO?G@E@c@FMDQHEBGBMHSNSNWTH`@@FVnABRDFFLFJFNDBFBVB^D	Click to Generate
S25	60	1			3	Suzy (S25)	Yazier (S25)	Two Dinners Ignatiu (S25)	6233	4675	gsceInsrGCAk@e@MKyAcBaAgAoGwHWMoCs@A~@?f@FVbBdBf@fAj@r@J`@@f@CHEL@h@t@pBhBpDr@`B^l@b@dAxAv@n@f@rApA`AHfAl@Zp@@jAFYDIHIL@JH|@bAx@xAv@|BJFFWKcCO{@[qA[eAYiASw@c@y@Qw@SqA??Ky@Mg@I]C]@g@GCMGkCkAc@WQMk@e@MK{CkDoGwHWMoCs@GCwCy@i@KqCYFuA?g@?SLmCDw@N{@Jg@Zm@BC\g@NOPI`@GLCTEj@OPKLQp@iBRs@j@yAhAgCdAaCdAyBhByBhAyAr@gANi@PwAJi@Le@JYHSPUb@_@RQFKJMHULa@NXDNDVTxAf@|Cz@tFTzAFd@^jBJnA@x@GtAEZC`A?zAMpDIZkCpB??ODQCg@YYCw@Eq@@?WBSHO`@GfBMf@GbAs@n@cAXeAVmBFUFa@D[FuAAy@KoA_@kBGe@U{A{@uFg@}CUyAEWEOOYM`@ITKLGJSPc@^QTIRKXMd@Kh@QvAOh@s@fAiAxAiBxBeAxBeA`CiAfCk@xASr@q@hBMPQJk@NUDMBa@FQHON]f@CB[l@Kf@Oz@Ev@MlC?R?f@GtApCXh@JvCx@FBnCr@VLnGvHzCjDLJj@d@B@	Click to Generate
S25	45	1			3	Beck Primary School (S25)	Shiregreen Medical Centre (S25)	Shirefreen News 'n' Booze (S25)	4129	3097	s|beI|gzGA@GNEPOGOIq@Us@Qw@Qw@Ks@Ge@ACSGQKSe@cA]{@_@cAWy@Qq@Me@SaAUkAQmAEYMiAKcAGaAEu@wA^_@L?J?JANG\NvA??OwAF]@O?K?K^MvA_@Cg@E_AAw@Ac@@e@?W?WFCAe@?G?YAS?M@g@?SBi@D}ABe@Bi@Hk@N{@R}@Tu@Vi@JSd@y@P[HU@QAQXKXK`@ONGx@Ul@M\GLAd@E`@@XFPHvAn@rAp@h@VPHPLNLJJBm@@s@DsAFeA?IBo@VL@?zBfArFpCs@dGCV}A{@IECAaAi@kB_A]QQGMCQCKKOMQMQIi@WsAq@wAo@QIYGa@Ae@DM@]Fm@Ly@TOFa@NYJYJcBh@A?qA^m@He@BU?QCSIQISOSWS_@U_@SfAUxAOrAKfAOjBGdAEtACl@ClAZ@??[A?JCjA?zB@dB@b@?h@Bp@[n@Q^Qb@K`@Ib@Kf@Ed@AXCXAl@@n@@d@D`@F^DRLh@Rj@Rj@Th@RZDF\f@Z\`@\b@NZL`AR`AFn@@rBA^AT?bAAXAT?d@@r@Fv@Jv@Pr@Pp@TNHNFDQFO@A	Click to Generate
S25	45	1			3	Beck Primary School (S25)	Shirefreen News 'n' Booze (S25)	Shiregreen Medical Centre (S25)	3310	2482	o~beIljzGJ}@q@Us@Qw@Qw@Ks@Ge@ACSGQKSe@cA]{@_@cAWy@Qq@Me@SaAUkAQmAEYMiAKcAGaAEu@wA^_@L?J?JANG\NvA??OwAF]@O?K?K_AVe@Ja@F}@A_@CKCGIGGZo@Cq@?i@Ac@AeB?{BBkA?KZ@??[ABmABm@DuAFeANkBJgANsATyARgAT^R^RVRNPHRHPBT?d@Cl@IpA_@@?bBi@XKXK`@ONGx@Ul@M\GLAd@E`@@XFPHvAn@rAp@h@VPHPLNLJJPBLBPF\PjB~@`Ah@B@HD|Az@d@Rf@Tj@TZHNDv@PD@AT]nFWbFcDc@y@Im@Ga@CM@C@EFgAgAMK]]CAGEMGMAc@@M??R?xB?V@bA?nC?L?l@Cd@C`@Er@IdAM`BGf@I|@Iv@MtA[lDUvBANIv@QjAo@]OGOIK|@	Click to Generate
S25	45	1			3	Beck Primary School (S25)	Shirefreen News 'n' Booze (S25)	Shiregreen Medical Centre (S25)	3307	2480	y|beInkzGAGEUCU@YOGOIq@Us@Qw@Qw@Ks@Ge@ACSGQKSe@cA]{@_@cAWy@Qq@Me@SaAUkAQmAEYMiAKcAGaAEu@wA^_@L?J?JANG\NvA??OwAF]@O?K?K_AVe@Ja@F}@A_@CKCGIGGZo@Cq@?i@Ac@AeB?{BBkA?KZ@??[ABmABm@DuAFeANkBJgANsATyARgAT^R^RVRNPHRHPBT?d@Cl@IpA_@@?bBi@XKXK`@ONGx@Ul@M\GLAd@E`@@XFPHvAn@rAp@h@VPHPLNLJJPBLBPF\PjB~@`Ah@B@HD|Az@d@Rf@Tj@TZHNDv@PD@AT]nFWbFcDc@y@Im@Ga@CM@C@EFgAgAMK]]CAGEMGMAc@@M??R?xB?V@bA?nC?L?l@Cd@C`@Er@IdAM`BGf@I|@Iv@MtA[lDUvBANIv@QjAOfAKEEICG	Click to Generate
S25	60	1			3	Crow Girl (S25)	Suzy (S25)	Yazier (S25)	5157	3868	obeeI|`uGMa@m@qBmCol@IoDUyEUiFC}A?SDyEBgAAKOy@d@eBXw@fFeNd@qABIHJ\^h@f@\Xd@\nBzA^HXBrBNpCXh@JvCx@FBnCr@VLnB`C~CtD`AfAxAbBLJj@d@PLb@VjCjALFFBAf@B\H\Lf@Jx@??RpAPv@b@x@Rv@XhAZdAZpANz@JbCGVKGw@}By@yA}@cAKIMAIHEHGXAkA[q@gAm@aAIsAqAo@g@yAw@c@eA_@m@s@aBiBqDu@qBAi@DMBIAg@Ka@k@s@g@gAcBeBGW?g@@_AGCwCy@i@KqCYsBOYC_@IoB{Ae@]]Yi@g@]_@IKCHe@pAgFdNYv@e@dBNx@@JCfAExE?RB|AThFTxEHnDlCnl@l@pBL`@	Click to Generate
S25	30	1			3	Wooley Tyres (S25)	Shirefreen News 'n' Booze (S25)	Beck Primary School (S25)	2949	2212	{}ceIz{wGLF@H@NDLHDBSLu@H}@Fg@Bi@B]g@iACEu@u@SWEIIMUg@KUIOYm@aAcBh@oB\cATi@Vi@^q@x@_BdAwBR\v@~Ae@Td@Uw@_BS]eAvBy@~A_@p@Wh@Uh@]bAi@nB`AbBXl@HNJTTf@NVRVt@t@BDf@hAC\Ch@Gf@I|@Mt@DH@F@JBf@Hd@H`@DNFNb@l@x@jASfAUxAOrAKfAOjBGdAEtACl@ClAZ@??[A?JCjA?zB@dB@b@?h@Bp@[n@FFFHJB^B|@@`@Gd@K~@W?J?JANG\NvA??OwAF]@O?K?K_AVe@Ja@F}@A_@CKCGIGGQ^Qb@K`@Ib@Kf@Ed@AXCXCACCEECIE]G}@AWEo@UgDOcDCUCIIIHyBJsCDmABi@Bw@LsCBq@Bq@JsAJmAL}@Lu@Hm@DWd@iCIEEMAOAIMG	Click to Generate
S25	20	1			3	Madani Education Centre (S25)	Tinsley Meadows Primary School (S25)	Lily Chinese Massage (S25)	1945	1459	}|_eIlcpGz@nBHRl@lA`@z@DF`@x@Xd@`@j@JLRXHHVRNHTHVENBd@Fh@NN@VCDA\OVe@Ra@NeAHoAHy@No@L[LUEIa@s@e@gA]eAWu@CItAmBq@qBM@KDCDOa@??N`@BEJELAp@pBuAlBOi@kAgDaBxB}AtBoA~AKNkAfBOTl@lA`@z@DF`@x@Xd@`@j@JLRXHHVRNHTHIr@?DvBdDu@iAaA{A?EHs@UIOIWSIISYKMa@k@Ye@a@y@EGa@{@m@mAIS{@oB	Click to Generate
S25	45	1			3	Beck Primary School (S25)	Shiregreen Medical Centre (S25)	Shirefreen News 'n' Booze (S25)	4128	3096	m}beIpezGU|Aq@Us@Qw@Qw@Ks@Ge@ACSGQKSe@cA]{@_@cAWy@Qq@Me@SaAUkAQmAEYMiAKcAGaAEu@wA^_@L?J?JANG\NvA??OwAF]@O?K?K^MvA_@Cg@E_AAw@Ac@@e@?W?WFCAe@?G?YAS?M@g@?SBi@D}ABe@Bi@Hk@N{@R}@Tu@Vi@JSd@y@P[HU@QAQXKXK`@ONGx@Ul@M\GLAd@E`@@XFPHvAn@rAp@h@VPHPLNLJJBm@@s@DsAFeA?IBo@VL@?zBfArFpCs@dGCV}A{@IECAaAi@kB_A]QQGMCQCKKOMQMQIi@WsAq@wAo@QIYGa@Ae@DM@]Fm@Ly@TOFa@NYJYJcBh@A?qA^m@He@BU?QCSIQISOSWS_@U_@SfAUxAOrAKfAOjBGdAEtACl@ClAZ@??[A?JCjA?zB@dB@b@?h@Bp@[n@Q^Qb@K`@Ib@Kf@Ed@AXCXAl@@n@@d@D`@F^DRLh@Rj@Rj@Th@RZDF\f@Z\`@\b@NZL`AR`AFn@@rBA^AT?bAAXAT?d@@r@Fv@Jv@Pr@Pp@TT}A	Click to Generate
S25	45	1			3	AllSaints (S25)	SYPTE (S25)	Jump Inc (S25)	3606	2704	cv_eIjerG??CJ@JMzEAZt@pB??SZ}@_C@m@NkF[E[C[ESACG?E?G@GBCvANFCBE?I?GACCCC?eBSIDA@EDGNEP?JAvG?LAt@@P?J?^ATABEVo@~@GJKRILKNEPADEJBHFDXd@V`@FJ?\@P?X\l@HLNVNXXm@^y@gAsBuAkAGEUQk@g@GEOKO[EGCICICGA[?S?I@I@KDSXUDEVOlAi@T[@ABMDU@{@?uC@c@@g@@SBg@@O@OHi@F]?E@EDQLi@DMLYJU@EHORc@PWRULMHKNMNO^YROZQFELGTGREVGDAFAH?P?`@@P@D@VDXFHDJF\TLJLNLPNPVd@NZNZVh@f@nAJRJL@BDBDFNHNDF@DBHEH?D?JEHGJINUBU?G?KEc@?IA]CGe@oAINMN}@cC\~@^bALOHOd@nABFNRJJBDB@B@F@D?JCr@aA`@g@DKPQ@IDQDKFIFGDAFAD?D@HBFFFHDLBJBJ?L?L?LCJCJEJEHGFEBGBI?GAOB_@J_@NUNURY\GJIHABSXGRITEJAHBZ@VCLCNEJGHGHGBIBIAGAIEEEEGCGEIAICKAYM_@So@EKcAyBQ_@GMSg@KOIOKMOSOOMM_@YGCMGQIGAYCWEWAO?G@E@c@FMDQHEBGBMHSNSNWTEDa@ZUR]b@Q^Wf@Qf@Of@EXGVKt@AJ@N@LDJ?@HLnBRFBBD@D?D?D?B?RAFE@QAwAOCBAF?F?DBFR@ZDZBZDP@B@@BBK??	Click to Generate
S25	30	1			3	Hancock Cars (S25)	Shirefreen News 'n' Booze (S25)	Beck Primary School (S25)	2116	1587	s_deIbpwG??NVRVt@t@BDf@hAC\Ch@Gf@I|@Mt@CRIEEMAOAIMGGEOAI@EF_@xB^yBDGHAN@TL@H@NDLHDe@hCHCNEJAH?L?D?FCDNFNb@l@x@jASfAUxAOrAKfAOjBGdAEtACl@ClAZ@??[A?JCjA?zB@dB@b@?h@Bp@[n@FFFHJB^B|@@`@Gd@K~@W?J?JANG\NvA??OwAF]@O?K?K_AVe@Ja@F}@A_@CKCGIGGZo@Cq@?i@Ac@AeB?{BBkA?KBmABm@DuAFeANkBJgANsATyARgAy@kAc@m@GOEOIa@Ie@Cg@AKAGEILu@H}@Fg@Bi@B]g@iACEu@u@SWOW??	Click to Generate
S25	30	1			3	Masjid Abu Bakr (S25)	Tinsley Sports and Social Club (S25)	Tinsley Meadows Primary School (S25)	2948	2211	cw~dIvkoG\YRp@HZ_Ax@GFq@l@q@r@UVZlBJEHEPQd@c@w@t@IDKD[mBTWp@s@p@m@FG~@y@bC{BRQd@e@X]T]N]Pc@DQFWF_@@Ib@qDLeAPyAX}BBOD_@D]Ju@MAIAG@}A|@OFM???L?NG|A}@FAH@L@Kt@E\E^CNY|BQxAMdAc@pDAHG^GVEPQb@O\U\Y\e@d@SPcCzB_Ax@GFq@l@q@r@UVg@j@WZ[f@u@hAm@`AINmAvDELQ`@]h@U\OX]r@EIa@s@e@gA]eA[_AtAmBq@qBM@KDCDOa@??N`@BEJELAp@pBuAlBZ~@\dAd@fA`@r@DH\s@NYT]\i@Pa@DMlAwDHOl@aAt@iAZg@V[f@k@TWp@s@p@m@FG~@y@I[Sq@]X	Click to Generate
S25	20	1			3	St Lawrence Church (S25)	Tinsley Meadows Primary School (S25)	Madani Education Centre (S25)	2011	1508	kz~dI~noG[^Jp@F\p@s@p@m@FG~@y@I[Sq@GWIYCISq@IQAEEGCEKIOC@_@?SBODMr@}ADGFEHAH?NJLFHBFAFdABHDBB@CAECCIGeAG@ICMGOKI?I@GDEFs@|AEL?BCJ?RA^NBJHBDDF@DHPRp@BHHXFVRp@HZ_Ax@GFq@l@q@r@UVg@j@WZ[f@u@hAm@`AINmAvDELQ`@]h@U\OX]r@EIa@s@e@gA]eA[_AtAmBq@qBM@KDCDOa@??N`@BEJELAp@pBuAlBBHVt@\dAd@fA`@r@DH\s@NYT]\i@Pa@DMlAwDHOl@aAt@iAZg@V[f@k@TWG]Kq@Z_@	Click to Generate
S25	45	1			3	Ernest Jones (S25)	SYPTE (S25)	Jump Inc (S25)	3597	2698	gv_eIfgrGKvDAZt@pB??SZ}@_C@m@NkF[E[C[ESACG?E?G@GBCvANFCBE?I?GACCCC?eBSIDA@EDGNEP?JAvG?LAt@@P?J?^ATABEVo@~@GJKRILKNEPADEJBHFDXd@V`@FJ?\@P?X\l@HLNVNXXm@^y@gAsBuAkAGEUQk@g@GEOKO[EGCICICGA[?S?I@I@KDSXUDEVOlAi@T[@ABMDU@{@?uC@c@@g@@SBg@@O@OHi@F]?E@EDQLi@DMLYJU@EHORc@PWRULMHKNMNO^YROZQFELGTGREVGDAFAH?P?`@@P@D@VDXFHDJF\TLJLNLPNPVd@NZNZVh@f@nAJRJL@BDBDFNHNDF@DBHEH?D?JEHGJINUBU?G?KEc@?IA]CGe@oAINMN}@cC\~@^bALOHOd@nABFNRJJBDB@B@F@D?JCr@aA`@g@DKPQ@IDQDKFIFGDAFAD?D@HBFFFHDLBJBJ?L?L?LCJCJEJEHGFEBGBI?GAOB_@J_@NUNURY\GJIHABSXGRITEJAHBZ@VCLCNEJGHGHGBIBIAGAIEEEEGCGEIAICKAYM_@So@EKcAyBQ_@GMSg@KOIOKMOSOOMM_@YGCMGQIGAYCWEWAO?G@E@c@FMDQHEBGBMHSNSNWTEDa@ZUR]b@Q^Wf@Qf@Of@EXGVKt@AJ@N@LDJ?@HLnBRFBBD@D?D?D?B?RAFE@QAwAOCBAF?F?DBFR@ZDZBZDP@B@@B@JAb@	Click to Generate
S25	45	1			3	Wincobank Fish Bar (S25)	Eastwoods (S25)	Northern Trains (S25)	3344	2508	qx`eI~_tGWuBO{AOuAm@V}@ZwB`A]HI@OAU?a@?YDQHYTRdAXvAl@@zBDDHZvCdAdBFJLN`@l@d@j@VV^^^\^`@VVPLNnAJn@VtAFTFN@DbAa@BEBE@E?Kw@eHmAuKg@oEe@mEbBo@xAq@@?FC\MGm@AKIo@QiBCYAQ?U?Q@MBUBODMDMHMFGHI\QLGPGb@ONCBAn@IJALCLELGDO@M?C?KMa@So@M[K]EMI[EQPIFEFEDCPMNQPQVa@j@aAV_@NOTWb@MJCJ?JANBNFNJ^f@Nh@Fj@EPADEJBHAHCn@?t@@p@DZt@lALVRXBBBDB?B?DEHOP_@x@gBgAsBuAkAGEUQk@g@GEOKKE_@KKAO?OBOBQHOLKLMNYh@SVYZKJWf@CJCFEVAVDd@Rn@L`@HTBL?L?JCFCDI@GAQGGAKAK@o@HC@OBc@NQFMF]PIHGFILELELCNCTAL?P?T@PBXPhBHn@@JFl@]LGBA?yAp@cBn@MD_A\WJNtANzAVtB	Click to Generate
S25	20	1			3	Tinsley Meadows Primary School (S25)	Madani Education Centre (S25)	Hanfia Masjid (S25)	2025	1519	ws_eI`~nGNxBX\RJETIPMLaAXAPJdBPGXjEbC`HjAfDNh@tAmBq@qBM@KDCDOa@??N`@BEJELAp@pBuAlBBHVt@\dAqEjGmBaCqBaCkAfBOTIS{@oBUi@Ys@EK]cAUo@[g@MYGMGKY_@UU[a@GKKMCO?O@Y?GDk@Bm@Cq@AMCUAu@Lh@?@Ht@DCHCRIhFwAnFcBKeB@Q`AYLMHQDUSKY]OyB	Click to Generate
S25	60	1			3	Reiss (S25)	Jump Inc (S25)	SYPTE (S25)	5157	3868	em_eIpfrGAJbAhCT[T]T[V]T]CGQc@Qc@Qe@Qe@Qc@Qc@Qg@BUpBwCBK@A@O@MCYKOIOKMOSOOMM_@YGCMGQIGAYCWEWAO?G@E@c@FMDQHEBGBMHSNSNWTEDa@ZUR]b@Q^Wf@Qf@Of@EXGVKt@AJ@N@LDJ?@HLnBRFBBD@D?D?D?B?RAFE@QAwAOCBAF?F?DBFR@ZDZBZDP@B@@B@JMzEAZt@pB??SZ}@_C@m@NkF[E[C[ESACG?E?G@GBCvANFCBE?I?GACCCC?eBSKAGCGKIMGQAW@O@OHi@F]?E@EDQLi@DMLYJU@EHORc@PWRULMHKNMNO^YROZQFELGTGREVGDAFAH?P?`@@P@D@VDXFHDJF\TLJLNLPNPVd@NZNZVh@f@nAJRJL@BDBDFNHNDF@DBHEH?D?JEHGJINUBU?G?KEc@?IA]CGe@oAINMN}@cC\~@^bALOHOd@nABFNRJJBDB@B@F@D?JCr@aA`@g@DKPQ@IDQDKFIFGDAFAD?D@HBFFFHDLBJBJ?L?L?LCJCJEJEHGFEBGBI?GAOB_@J_@NUNURY\GJIHABSXGRITEJAHBZ@VCLCNEJGHGHGBIBIAGAIEEEEGCGEIAICKAYM_@So@EKcAyBQ_@GMSg@KOIOKMOSOOMM_@YGCMGQIGAYCWEWAO?G@E@c@FMDQHEBGBMHSNSNWTEDa@ZUR]b@Q^Wf@Qf@Of@EXGVKt@AJG~@C`A?JAvG?LAt@@P?J?^ATABEVo@~@GJKRILKNEPADEJBHFDXd@V`@FJ?\@P?X\l@HLNVNXXm@^y@gAsBuAkAGEUQk@g@GEOKO[EGCICICGA[?S?I@I@KDSXUDEVOlAi@T[@ABMDU@{@?uC@c@@g@@SBg@@O@OHi@F]?E@EDQLi@DMLYJU@EHORc@PWRULMHKNMNO^YROZQFELGTGREVGDAFAH?P?`@@P@D@VDXFHDJF\TLJLNLPNPVd@NZNZENCLGFKPEFSZ}A|BK@a@M?h@Ap@EbAC|@Av@	Click to Generate
S25	30	1			3	South Street Convenience Store (S25)	Dave's Fish Bar (S25)	Meadow View Primary School (S25)	2895	2171	uebeIv{nG@BAD?DCBA@C@CACCAC?EAE@E@CBC@AB?EOEW?K@I^wAJ]DIAI?KFWTTHHpBxBDBdAIFpB@j@Bb@@l@BV@T@PHrAJdABTRdBNdANlAj@lERxAD`@Jv@DZGBGBG?IAGGYm@GM_@w@eBoDi@kAc@{@KQKKyAeAQMc@]CAy@m@o@`DERYvAMd@Od@Ul@u@tBCHw@rBg@rAKVm@u@[]SOSMe@QKEo@SUISMQO]c@GIc@k@i@u@s@}@^oARm@??Sl@_@nAr@|@h@t@b@j@FH\b@PNRLTHn@RJDd@PRLRNZ\l@t@r@kBv@sBBIt@uBTm@Ne@Le@XwADSn@aDmE}CEIAI?E?Uf@}CtB}Mj@j@r@v@\^Z\FHTTHHGNEDIBGAEIEHK\_@vAAH?JDVDNB@@B@D?@	Click to Generate
S25	20	1			3	The Manor Barn (S25)	Kimberworth Library (S25)	Meadow View Primary School (S25)	2043	1532	k~beIhjnGMz@GDG?IEEEAE?G^eCD[@E@SAKKMUCQE]SKEC?G?ICc@YCPO`AK~@MlACRIj@APCLERIRIPWh@Ob@ELO^Sr@Ib@If@ATANAb@@d@Bh@Fl@Fl@FXF\XU@CDELS`BkDYYMMKQq@_BS]OUSr@Ib@If@Cd@Ab@@d@Bh@Fl@Fl@FXF\Jh@\rAFRJh@DVJ|@Ft@BV@N?LPLLLt@z@RVDFj@r@j@t@JN^oARm@??Sl@_@nAKOk@u@k@s@EGSWu@{@MMQM?MAOCWGu@K}@EWKi@GS]sAKi@G]GYGm@Gm@Ci@Ae@@c@Be@Hg@Hc@Rs@N_@DMNc@Vi@HQHSDSBM@QHk@t@t@NLF@FCDGXmBN}@BKBEF@TLTN\T@FO~@	Click to Generate
S25	20	1			3	The Manor Barn (S25)	Bake N Butty (S25)	The Salvation Army - Rotherham (S25)	1598	1198	qgceId_oGDELS`BkDYYMMKQq@_BS]OUSr@Ib@If@ATANAb@@d@Bh@Fl@Fl@FXF\Jh@\rAFRJh@DVJ|@Ft@BV@N?LPLLLLNf@j@RVDFj@r@j@t@JN^oARm@Sl@_@nAKOk@u@k@s@EGSWu@{@MMQMCNCJk@bAILMTQRSVYZ[d@e@r@a@r@ILOTQRMPKJQNC@@J?NCPIf@IX@]?QAQESZYBAPOJKLQPSNUHM`@s@d@s@JONUX[RWPSLUHMj@cABKBO?MAOCWGu@K}@EWKi@GS]sAKi@XU@C	Click to Generate
S25	20	1			3	The Manor Barn (S25)	Bake N Butty (S25)	The Salvation Army - Rotherham (S25)	1598	1198	qgceId_oGDELS`BkDYYMMKQq@_BS]OUSr@Ib@If@ATANAb@@d@Bh@Fl@Fl@FXF\Jh@\rAFRJh@DVJ|@Ft@BV@N?LPLLLLNf@j@RVDFj@r@j@t@JN^oARm@Sl@_@nAKOk@u@k@s@EGSWu@{@MMQMCNCJk@bAILMTQRSVYZ[d@e@r@a@r@ILOTQRMPKJQNC@@J?NCPIf@IX@]?QAQESZYBAPOJKLQPSNUHM`@s@d@s@JONUX[RWPSLUHMj@cABKBO?MAOCWGu@K}@EWKi@GS]sAKi@XU@C	Click to Generate
S25	30	1			3	American Golf (S25)	Madani Education Centre (S25)	Hanfia Masjid (S25)	2380	1785	cp_eI~wpGaA{A?EHs@VENBd@Fh@NN@VCDA\OVe@Ra@d@k@ZWNE^CP@R@ZR\ZVl@Jh@Ff@@H@fAAVC^@dAFl@Jh@Vd@X\CVK\EJIDG@[Hk@Xk@ZEY`@UQJOHDXj@[j@YZIFAHEDKJ]_@_@S]OYKISGSAU@_@b@WPWJ[BG?QEQGa@[SUOa@Mg@Go@Cg@?_@@]@UBQDSJa@Ve@Ra@NeAHoAHy@No@L[LUEIa@s@e@gA]eAWu@CIOi@kAgDcCaH{Bl@cCn@yBp@GBi@Ng@JIFGDKNTv@f@bBNr@Tn@\bADJXr@Th@z@nBHRl@lA`@z@DF`@x@Xd@`@j@JLRXHHVRNHTHIr@?D`AzA	Click to Generate
S25	45	1			3	Ernest Jones (S25)	SYPTE (S25)	Jump Inc (S25)	3597	2698	gv_eIfgrGKvDAZt@pB??SZ}@_C@m@NkF[E[C[ESACG?E?G@GBCvANFCBE?I?GACCCC?eBSIDA@EDGNEP?JAvG?LAt@@P?J?^ATABEVo@~@GJKRILKNEPADEJBHFDXd@V`@FJ?\@P?X\l@HLNVNXXm@^y@gAsBuAkAGEUQk@g@GEOKO[EGCICICGA[?S?I@I@KDSXUDEVOlAi@T[@ABMDU@{@?uC@c@@g@@SBg@@O@OHi@F]?E@EDQLi@DMLYJU@EHORc@PWRULMHKNMNO^YROZQFELGTGREVGDAFAH?P?`@@P@D@VDXFHDJF\TLJLNLPNPVd@NZNZVh@f@nAJRJL@BDBDFNHNDF@DBHEH?D?JEHGJINUBU?G?KEc@?IA]CGe@oAINMN}@cC\~@^bALOHOd@nABFNRJJBDB@B@F@D?JCr@aA`@g@DKPQ@IDQDKFIFGDAFAD?D@HBFFFHDLBJBJ?L?L?LCJCJEJEHGFEBGBI?GAOB_@J_@NUNURY\GJIHABSXGRITEJAHBZ@VCLCNEJGHGHGBIBIAGAIEEEEGCGEIAICKAYM_@So@EKcAyBQ_@GMSg@KOIOKMOSOOMM_@YGCMGQIGAYCWEWAO?G@E@c@FMDQHEBGBMHSNSNWTEDa@ZUR]b@Q^Wf@Qf@Of@EXGVKt@AJ@N@LDJ?@HLnBRFBBD@D?D?D?B?RAFE@QAwAOCBAF?F?DBFR@ZDZBZDP@B@@B@JAb@	Click to Generate
S25	30	1			3	Tinsley Meadows Primary School (S25)	Lily Chinese Massage (S25)	Hanfia Masjid (S25)	2312	1734	_l_eIn_pGCItAmBq@qBM@KDCDOa@??N`@BEJELAp@pBuAlBOi@kAgDaBxB}AtBoA~AKNkAfBOTl@lA`@z@DF`@x@Xd@`@j@JLRXHHVRNHTHIr@?DvBdDu@iAaA{A?EHs@UIOIWSIISYKMa@k@Ye@a@y@EGa@{@m@mAISqAyCYs@EK]cAUo@[g@MYGMGKY_@UU[a@GKKMCO?O@Y?GDk@Bm@Cq@AMCUAu@Lh@?@Ht@BXN~@Nv@BLFPFPTv@f@bBNr@Tn@\bADJXr@Th@z@nBHRNUjAgBJOnA_B|AuB`ByBjAfDNh@BH	Click to Generate
S25	60	1			3	Blackburn Meadows Nature Reserve (S25)	ItsaGoal (S25)	Hanfia Masjid (S25)	11048	8286	aj`eI~{mGDnB@xC`@b@Dg@Bg@Do@NwBPaDBWFoAHcBHcBFu@HuALuB@Y@]@k@A}@GeAKyBIqBE{AK}A_@eGUwBEg@Ky@UsBOmBKeAE]EUOu@Qm@Si@Se@Uc@QKA?[GEAGCIICGCMAOK_@ACQc@q@i@kAeAUW_@e@]i@Yq@Ww@Qm@Q_Ag@}C_@eCs@{ECU[qBc@oCKs@c@}AESGQIUK[IUYcAKSU[CCGMCOCk@GWMg@Ys@c@_A[i@]m@UUw@g@KCIEc@S]Ea@?e@LeIdDeBd@uAV_@BK@qAF}AAaBKWJMJIJEFCFGPKd@?FDlA@`@BTDl@DVD\Ff@Hx@D^Bd@Bn@@`A?~A?N?vA?f@?|@Ef@ShBw@dHMbAg@rEKx@C`@?\FnABz@@nA@p@?DAf@AjA?RChAAvA?xAApAC|B?b@?JCjBAdB?~@?FAZ?VAvBAxA?XCbE?P@\?BBNDRVd@HMNQLMj@i@^i@PYt@oAXe@`A_BTa@Zk@t@qALSdAkBDWB_@Hm@FIRCB?HCJEJM\e@NMPID@FBDFDJNr@BR@XNrG@d@@NBNl@LjA`@LB^@ZAP?TIL[VKREVGDSC{FBzFER??WFSDWJMZUHQ?[@_@AMCkAa@m@MCOAOAe@OsGAYCSOs@EKEGGCEAQHOL]d@KLKDIBC?SBGHIl@C^EVeAjBMRu@pA[j@U`@aA~AYd@u@nAQX_@h@k@h@MLOPILMZQp@b@b@bA`A\^j@x@FHnA`C`@t@l@nAf@vAN`@Pf@HTXx@`@nAZ~@BLPj@^|A?DHl@BNDVFp@HtAFtADtAFxBB`@FpB@j@Bb@@l@BV@T@PHrAJdABTRdBNdANlAj@lERxAD`@Jv@DZRxA@L`@|CVrBHn@P`AN`A^|BPhAl@bDRbAr@tDLn@ZxAZfAf@~AX|@d@rAZbA\fAl@~Ar@~Ah@vAFN^dAZnATrAPfABHHZFRDJHRFJ^TLFN?\GTIj@m@jEgE|KiJ|EeEnCmCfCsCbFeGn@cA?ALSH]BODs@Cg@?_@@]@UBQDSJa@Ve@Ra@NeAHoAHy@No@L[LUEIa@s@e@gA]eA[_AOi@kAgDcCaHYkEQFKeB@Q`AYLMHQDUSKY]OyBIoAXhEX\RJETIPMLaAXAPJdBPGXjEbC`HaBxB}AtBoA~AKNkAfBOTIS{@oBUi@Ys@EK]cAUo@[g@MYGMGKY_@UU[a@GKKMCO?O@Y?GDk@Bm@Cq@AMCUAu@COEc@CWQyBa@aFE_@Ei@A]GmAAYQgECkAEgBAo@Ae@?Y@q@Bs@@a@a@c@AyCEoB	Click to Generate
S25	20	1			3	Tinsley Barbers (S25)	Tinsley Meadows Primary School (S25)	Madani Education Centre (S25)	1621	1216	ey~dIvuoGQPIDKD[mBTWp@s@p@m@FG~@y@I[Sq@]X??\YRp@HZ_Ax@GFq@l@q@r@UVg@j@WZ[f@u@hAm@`AINmAvDELQ`@]h@U\OX]r@EIa@s@e@gA]eA[_AtAmBq@qBM@KDCDOa@??N`@BEJELAp@pBuAlBBHVt@\dAd@fA`@r@DH\s@NYT]\i@Pa@DMlAwDHOl@aAt@iAZg@V[f@k@ZlBJEHEPQ	Click to Generate
S25	60	1			3	American Golf (S25)	Madani Education Centre (S25)	Air Haus (S25)	4242	3182	on_eIfzpGuBcD?EHs@VENBd@Fh@NN@VCDA\OVe@Ra@d@k@ZWNE^CP@R@ZR\ZVl@Jh@Ff@@H@fAAVC^@dAFl@Jh@Vd@X\CVK\EJIDG@[Hk@Xk@ZEY`@UQJOHDXj@[j@YZIFAHEDKJ]_@_@S]OYKISGSAU@_@b@WPWJ[BG?QEQGa@[SUOa@Mg@Go@Cg@Mi@KYKSYUi@Mc@GMKMMUIOIWSIISYKMa@k@Ye@a@y@EGa@{@m@mANUjAgBJOnA_B|AuB`ByBjAfDNh@BHVt@\dAd@fA`@r@DHI`@E\CV?V@H@RFRLZBFV\P@R@ZR\ZVl@Jh@Ff@@H@fAAVC^Ot@Un@c@h@_@b@Oh@EPCPAT?TBd@Lh@R^NTHFz@v@XXl@l@d@f@f@d@`@d@JLPPJLf@j@`@d@FFT\HBFFFHDLBJBJ?L?L?LCJCJEJEHGFEBGBI?GAOB_@J_@NUNURY\GJIHABSXGRITEJAHBZ@VCLCNEJGHGHGBIBIAGAIEEEEGCGEIAICKAY@O@QBMFMDKHGHEH?D?JEHGJINUBU?G?KEc@?IA]CGe@oAo@{AMYGKIGK?K@KJyAyD~@`CXv@JKJAJ?HFFJLXn@zAd@nABFNRJJBDB@B@F@D?JCr@aA`@g@DKPQ@IM}@GYM[GKQWQSUWaB_Bg@g@oAkA]]KMk@y@MSM]K]I[G[EMUk@a@[SUOa@Mg@Go@Cg@Mi@KYKSYUi@Mc@GMKMMIr@?DtBbD	Click to Generate
S25	20	1			3	Bake N Butty (S25)	Kimberworth Post Office (S25)	The Salvation Army - Rotherham (S25)	1598	1198	g}beIpooGSl@_@nAKOk@u@k@s@EGSWg@k@MOMMQM?MAOCWGu@K}@EWKi@GS]sAKi@G]GYGm@Gm@Ci@Ae@@c@Be@Hg@Hc@Rs@NTR\p@~AJPLLXXaBjDMREDABYTJh@\rAFRJh@DVJ|@Ft@BV@N?LCNCJk@bAILMTQRSVYZ[d@e@r@a@r@ILOTQRMPKJQNC@@J?NCPIf@IX@]?QAQESZYBAPOJKLQPSNUHM`@s@d@s@JONUX[RWPSLUHMj@cABKBOPLLLt@z@RVDFj@r@j@t@JN^oARm@	Click to Generate
S25	60	1			3	Reiss (S25)	Jump Inc (S25)	SYPTE (S25)	4245	3184	ct_eIx_rG@SBu@BsA?OG@EACECEAO@KCYEUIe@ECAAGEGCM?UR]b@Q^Wf@Qf@Of@EXGVKt@AJ@N@LDJ?@HLnBRFBBD@D?D?D?B?RAFE@QAwAOCBAF?F?DBFR@ZDZBZDP@B@@B@JMzEAZt@pB??SZ}@_C@m@NkF[E[C[ESACG?E?G@GBCvANFCBE?I?GACCCC?eBSKAGCGKIMGQAW@O@OHi@F]?E@EDQLi@DMLYJU@EHORc@PWRULMHKNMNO^YROZQFELGTGREVGDAFAH?P?`@@P@D@VDXFHDJF\TLJLNLPNPVd@NZNZVh@f@nAJRJL@BDBDFNHNDF@DBHEH?D?JEHGJINUBU?G?KEc@?IA]CGe@oAINMN}@cC\~@^bALOHOd@nABFNRJJBDB@B@F@D?JCr@aA`@g@DKPQ@IDQDKFIFGDAFAD?D@HBFFFHDLBJBJ?L?L?LCJCJEJEHGFEBGBI?GAOB_@J_@NUNURY\GJIHABSXGRITEJAHBZ@VCLCNEJGHGHGBIBIAGAIEEEEGCGEIAICKAYM_@So@EKcAyBQ_@GMSg@KOIOKMOSOOMM_@YGCMGQIGAYCWEWAO?G@E@c@FMDQHEBGBMHSNSNWTEDa@ZUR]b@Q^Wf@Qf@Of@EXGVKt@AJG~@C`A?JAvG?LAt@@P?J?^ATABEVo@~@GJKRILKNEPADEJBHFDXd@V`@FJ?\@P?X\l@HLNVNXXm@^y@gAsBuAkAGEUQk@g@GEOKO[EGCICICGA[?S?I@I@KDSXUDEVOlAi@T[@ABMDU@{@?uC@c@@g@@SBg@@O@OHi@F]?E@EDQLi@DMLYJU@EHORc@PWRULMHKPCJGF@D@BBDDH`@@FVnABR@H?JAJ?NCrACt@AR	Click to Generate
S25	45	1			3	AllSaints (S25)	SYPTE (S25)	Jump Inc (S25)	3606	2704	cv_eIjerG??CJ@JMzEAZt@pB??SZ}@_C@m@NkF[E[C[ESACG?E?G@GBCvANFCBE?I?GACCCC?eBSIDA@EDGNEP?JAvG?LAt@@P?J?^ATABEVo@~@GJKRILKNEPADEJBHFDXd@V`@FJ?\@P?X\l@HLNVNXXm@^y@gAsBuAkAGEUQk@g@GEOKO[EGCICICGA[?S?I@I@KDSXUDEVOlAi@T[@ABMDU@{@?uC@c@@g@@SBg@@O@OHi@F]?E@EDQLi@DMLYJU@EHORc@PWRULMHKNMNO^YROZQFELGTGREVGDAFAH?P?`@@P@D@VDXFHDJF\TLJLNLPNPVd@NZNZVh@f@nAJRJL@BDBDFNHNDF@DBHEH?D?JEHGJINUBU?G?KEc@?IA]CGe@oAINMN}@cC\~@^bALOHOd@nABFNRJJBDB@B@F@D?JCr@aA`@g@DKPQ@IDQDKFIFGDAFAD?D@HBFFFHDLBJBJ?L?L?LCJCJEJEHGFEBGBI?GAOB_@J_@NUNURY\GJIHABSXGRITEJAHBZ@VCLCNEJGHGHGBIBIAGAIEEEEGCGEIAICKAYM_@So@EKcAyBQ_@GMSg@KOIOKMOSOOMM_@YGCMGQIGAYCWEWAO?G@E@c@FMDQHEBGBMHSNSNWTEDa@ZUR]b@Q^Wf@Qf@Of@EXGVKt@AJ@N@LDJ?@HLnBRFBBD@D?D?D?B?RAFE@QAwAOCBAF?F?DBFR@ZDZBZDP@B@@BBK??	Click to Generate
S25	60	1			3	Reiss (S25)	Jump Inc (S25)	SYPTE (S25)	5157	3868	em_eIvfrGADbAhCT[T]T[V]T]CGQc@Qc@Qe@Qe@Qc@Qc@Qg@BUpBwCBK@A@O@MCYKOIOKMOSOOMM_@YGCMGQIGAYCWEWAO?G@E@c@FMDQHEBGBMHSNSNWTEDa@ZUR]b@Q^Wf@Qf@Of@EXGVKt@AJ@N@LDJ?@HLnBRFBBD@D?D?D?B?RAFE@QAwAOCBAF?F?DBFR@ZDZBZDP@B@@B@JMzEAZt@pB??SZ}@_C@m@NkF[E[C[ESACG?E?G@GBCvANFCBE?I?GACCCC?eBSKAGCGKIMGQAW@O@OHi@F]?E@EDQLi@DMLYJU@EHORc@PWRULMHKNMNO^YROZQFELGTGREVGDAFAH?P?`@@P@D@VDXFHDJF\TLJLNLPNPVd@NZNZVh@f@nAJRJL@BDBDFNHNDF@DBHEH?D?JEHGJINUBU?G?KEc@?IA]CGe@oAINMN}@cC\~@^bALOHOd@nABFNRJJBDB@B@F@D?JCr@aA`@g@DKPQ@IDQDKFIFGDAFAD?D@HBFFFHDLBJBJ?L?L?LCJCJEJEHGFEBGBI?GAOB_@J_@NUNURY\GJIHABSXGRITEJAHBZ@VCLCNEJGHGHGBIBIAGAIEEEEGCGEIAICKAYM_@So@EKcAyBQ_@GMSg@KOIOKMOSOOMM_@YGCMGQIGAYCWEWAO?G@E@c@FMDQHEBGBMHSNSNWTEDa@ZUR]b@Q^Wf@Qf@Of@EXGVKt@AJG~@C`A?JAvG?LAt@@P?J?^ATABEVo@~@GJKRILKNEPADEJBHFDXd@V`@FJ?\@P?X\l@HLNVNXXm@^y@gAsBuAkAGEUQk@g@GEOKO[EGCICICGA[?S?I@I@KDSXUDEVOlAi@T[@ABMDU@{@?uC@c@@g@@SBg@@O@OHi@F]?E@EDQLi@DMLYJU@EHORc@PWRULMHKNMNO^YROZQFELGTGREVGDAFAH?P?`@@P@D@VDXFHDJF\TLJLNLPNPVd@NZNZENCLGFKPEFSZ}A|BK@a@M?h@Ap@EbAC|@A|@	Click to Generate
S25	60	1			3	Stan (S25)	Crow Girl (S25)	Abbey School (S25)	6726	5044	yldeIv~qGi@KqCYFuA?g@?SLmCDw@N{@Jg@Zm@BC\g@NOKi@GSMKOGiCc@KOCM?WFW~@qBRVpH~ARHq@hBMP??QJk@NUDMBa@FQHON]f@CB[l@Kf@Oz@Ev@MlC?R?f@GtApCXh@JvCx@FBnCr@VLnB`C~CtDzCjDLJj@d@PLb@VjCjALFFBx@Z~@h@`DzBvDbCvBvAr@f@d@d@f@b@BDRTV\Pu@H]P{@J[L_@f@yAZy@Rm@JYF_@Da@Da@NuAJmAJcAJkANyAHy@Dk@@EB[@W@[AkAA_BAi@Ee@G]CKQWm@{@GKGUG[UcBG]Ku@AIAGCUAO?S@ODQFOHKFGRWt@y@^c@RYR_@R_@To@FSDSFUDWHk@BKFq@Bc@Be@?a@?W?SAMCa@AQC]Im@Ik@Mo@Oi@Oi@Og@Qa@Q_@Wi@[i@MSCCQYWYIKc@c@g@a@OI}@g@}@i@KKKOEGIUI[CWAc@?S@WDa@Fg@Fa@UISMQO]c@GIc@k@i@u@s@}@KOk@u@k@s@EGSWu@{@MMQMCNCJk@bAILMTQRSVYZ[d@e@r@a@r@ILOTQRMPKJQNC@@J?NCPIf@IXIXERADAFGTELNXDNDVTxAf@|Cz@tFTzAFd@^jBJnA@x@GtAEZG`@GTWlBYdAo@bAcAr@g@FgBLa@FINCR?VAl@??@m@?WBSHO`@GfBMf@GbAs@n@cAXeAVmBFUFa@D[FuAAy@KoA_@kBGe@U{A{@uFg@}CUyAEWEOOYM`@ITKLGJSPc@^QTIRKXMd@Kh@QvAOh@s@fAiAxAiBxBeAxBeA`CiAfCk@xASr@q@hBMPQJk@NUDMBa@FQHON]f@CB[l@Kf@Oz@Ev@MlC?R?f@GtApCXh@J	Click to Generate
S25	45	1			3	Tinsley Meadows Primary School (S25)	Tinsley Sports and Social Club (S25)	Madani Education Centre (S25)	4026	3020	gz~dI`joGvAqARp@BHHXFVRp@HZ_Ax@GFq@l@q@r@UVg@j@WZ[f@u@hAm@`AINmAvDELQ`@]h@U\OX]r@EIa@s@e@gA]eA[_AtAmBq@qBM@KDCDOa@??N`@BEJELAp@pBuAlBZ~@\dAd@fA`@r@DH\s@NYT]\i@Pa@DMlAwDHOl@aAt@iAZg@V[f@k@TWp@s@p@m@FG~@y@bC{BRQd@e@X]T]N]Pc@DQFWF_@@Ib@qDLeAPyAX}BBOD_@D]Ju@MAIAG@}A|@OFM???L?NG|A}@FAH@L@Kt@E\E^CNY|BQxAMdAc@pDAHG^GVEPQb@O\U\Y\e@d@SPcCzB_Ax@GFq@l@q@r@UVg@j@WZ[f@u@hAm@`AINmAvDELQ`@]h@U\OX]r@EIa@s@e@gAqEjGmBaCtFyHNh@BHVt@\dAd@fA`@r@DH\s@NYT]\i@Pa@DMlAwDHOl@aAt@iAZg@V[f@k@TWG]Kq@G_@Oy@Ie@`A}@	Click to Generate
S25	30	1			3	Volksgear (S25)	Shirefreen News 'n' Booze (S25)	Beck Primary School (S25)	2093	1570	c_deIzpwG??RVt@t@BDf@hAC\Ch@Gf@I|@Mt@CRIEEMAOAIOIECOAI@EF_@xB^yBDGHAN@TL@H@NDLHDe@hCHCNEJAH?L?D?FCDNFNb@l@x@jASfAUxAOrAKfAOjBGdAEtACl@ClAZ@??[A?JCjA?zB@dB@b@?h@Bp@[n@FFFHJB^B|@@`@Gd@K~@W?J?JANG\NvA??OwAF]@O?K?K_AVe@Ja@F}@A_@CKCGIGGZo@Cq@?i@Ac@AeB?{BBkA?KBmABm@DuAFeANkBJgANsATyARgAy@kAc@m@GOEOIa@Ie@Cg@AKAGEILu@H}@Fg@Bi@B]g@iACEu@u@SW??	Click to Generate
S25	45	1			3	Mint Nail (S25)	Flannels (S25)	The Cruise Holiday Shop (S25)	3442	2582	i}_eIr`sGLVRXBBBDB?B?DEHOP_@x@gBgAsBuAkAGEUQk@g@GEOKO[EGCICICGA[?S?I@I@KDSXUDEVOlAi@T[@ABMDU@{@?uCJe@@QDOHGFEHAH@nBRFBBD@D?D?D?B?RAFE@QAwAOCBAF?F?DBFR@ZDZBZDP@B@@B@JMzEAZt@pB??SZ}@_C@m@NkFP@B@@B@JEzAG~B[C[C[E[CQCLkFCG?E?G@GBCvANFCBE?I?GACCCC?eBSKAGCGKIMGQAW@O@OHi@F]?E@EDQLi@DMLYJU@EHORc@PWRULMHKNMNO^YROZQFELGTGREVGDAFAH?P?`@@P@D@VDXFHDJF\TLJLNLPNPVd@NZNZENCLGFKPEFSZ}A|BK@a@M?h@Ap@EbAC|@CbAC~@p@fB??T]T[T]T[V]T]CGQc@Qc@Qe@Qe@Qc@Qc@Qg@BUpBwCBK@A@O@MCYKOIOKMOSOOMM_@YGCMGQIGAYCWEWAO?G@E@c@FMDQHEBGBMHSNSNWTEDa@ZUR]b@Q^Wf@Qf@Of@EXGVKt@AJG~@C`A?JAvG?LAt@@P?J?^ATABEVo@~@GJKRILKNEPADEJBHAHCn@?t@@p@DZt@lA	Click to Generate
S25	45	1			3	Beck Primary School (S25)	Shirefreen News 'n' Booze (S25)	Shiregreen Medical Centre (S25)	3316	2487	q~beItjzGLeAq@Us@Qw@Qw@Ks@Ge@ACSGQKSe@cA]{@_@cAWy@Qq@Me@SaAUkAQmAEYMiAKcAGaAEu@wA^_@L?J?JANG\NvA??OwAF]@O?K?K_AVe@Ja@F}@A_@CKCGIGGZo@Cq@?i@Ac@AeB?{BBkA?KZ@??[ABmABm@DuAFeANkBJgANsATyARgAT^R^RVRNPHRHPBT?d@Cl@IpA_@@?bBi@XKXK`@ONGx@Ul@M\GLAd@E`@@XFPHvAn@rAp@h@VPHPLNLJJPBLBPF\PjB~@`Ah@B@HD|Az@d@Rf@Tj@TZHNDv@PD@AT]nFWbFcDc@y@Im@Ga@CM@C@EFgAgAMK]]CAGEMGMAc@@M??R?xB?V@bA?nC?L?l@Cd@C`@Er@IdAM`BGf@I|@Iv@MtA[lDUvBANIv@QjAo@]OGOIMdA	Click to Generate
S25	60	1			3	Ernest Jones (S25)	Jump Inc (S25)	SYPTE (S25)	5179	3884	im_eIdhrGAVp@fBT]T[T]T[V]T]CGQc@Qc@Qe@Qe@Qc@Qc@Qg@BUpBwCBK@A@O@MCYKOIOKMOSOOMM_@YGCMGQIGAYCWEWAO?G@E@c@FMDQHEBGBMHSNSNWTEDa@ZUR]b@Q^Wf@Qf@Of@EXGVKt@AJ@N@LDJ?@HLnBRFBBD@D?D?D?B?RAFE@QAwAOCBAF?F?DBFR@ZDZBZDP@B@@B@JMzEAZt@pB??SZ}@_C@m@NkF[E[C[ESACG?E?G@GBCvANFCBE?I?GACCCC?eBSKAGCGKIMGQAW@O@OHi@F]?E@EDQLi@DMLYJU@EHORc@PWRULMHKNMNO^YROZQFELGTGREVGDAFAH?P?`@@P@D@VDXFHDJF\TLJLNLPNPVd@NZNZVh@f@nAJRJL@BDBDFNHNDF@DBHEH?D?JEHGJINUBU?G?KEc@?IA]CGe@oAINMN}@cC\~@^bALOHOd@nABFNRJJBDB@B@F@D?JCr@aA`@g@DKPQ@IDQDKFIFGDAFAD?D@HBFFFHDLBJBJ?L?L?LCJCJEJEHGFEBGBI?GAOB_@J_@NUNURY\GJIHABSXGRITEJAHBZ@VCLCNEJGHGHGBIBIAGAIEEEEGCGEIAICKAYM_@So@EKcAyBQ_@GMSg@KOIOKMOSOOMM_@YGCMGQIGAYCWEWAO?G@E@c@FMDQHEBGBMHSNSNWTEDa@ZUR]b@Q^Wf@Qf@Of@EXGVKt@AJG~@C`A?JAvG?LAt@@P?J?^ATABEVo@~@GJKRILKNEPADEJBHFDXd@V`@FJ?\@P?X\l@HLNVNXXm@^y@gAsBuAkAGEUQk@g@GEOKO[EGCICICGA[?S?I@I@KDSXUDEVOlAi@T[@ABMDU@{@?uC@c@@g@@SBg@@O@OHi@F]?E@EDQLi@DMLYJU@EHORc@PWRULMHKNMNO^YROZQFELGTGREVGDAFAH?P?`@@P@D@VDXFHDJF\TLJLNLPNPVd@NZNZENCLGFKPEFSZ}A|BK@a@M?h@Ap@EbAC|@CbAAf@	Click to Generate
S25	60	1			3	Tinsley Sports and Social Club (S25)	Refuel (S25)	Sheffield Hallam University Sports Park (S25)	12141	9106	ie_eIfukGFb@Fv@@|@ErAMpAMbAFjANhA`@nB`CcDd@g@f@]b@Od@EpD@fA?~DA^@HATIVfBFd@BRF^F`@RvAh@~D~@`HD`@F^@FNtABLXdCXlCFz@@X?NAv@Et@AJKfAQjAE\SfAY|AS~AIp@O`BGrAMhEEdAGx@MAIAG@}A|@OFM???L?NG|A}@FAH@L@Kt@E\E^CNY|BQxAMdAc@pDAHG^GVEPQb@O\U\Y\e@d@SPcCzB_Ax@GFq@l@q@r@UVg@j@WZ[f@u@hAm@`AINmAvDELQ`@]h@U\OX]r@EIa@s@e@gAqEjGmBaCqBaCkAfBOTISqAyCYs@EK]cAUo@[g@MYGMGKY_@UU[a@GKKMCO?O@Y?GDk@Bm@Cq@AMCUAu@COEc@CWQyBa@aFE_@Ei@A]GmAAYQgECkAEgBAo@Ae@?Y@q@Bs@@a@Dg@Bg@Do@NwBPaDBWFoAHcBHcBFu@HuALuB@Y@]@k@A}@GeAKyBIqBE{AK}A_@eGUwBEg@Ky@UsBOmBKeAE]EUOu@Qm@Si@Se@Uc@QKA?[GEAKHC@KLEDIRoApBcAzAuAjB\xAR~@@~@A`B@z@Dp@Jr@Lp@X|@Lb@DLVpARdALhAHfADbA@t@@V?`ACt@MfA?HAn@BfA@z@RvL@|@ZxQ[yQA}@CqAOeJA{@CgA@o@?ILgABu@?aAAWAu@EcAIgAMiASeAWqAEMMc@Y}@Mq@Ks@Eq@A{@@aBA_AS_A]yAtAkBbA{AnAqBHS@KBU?C@]AO@QBKFMFGHAD?JFDFDR@N@R@PBDH^Tb@Rd@Rh@Pl@Nt@DTD\JdANlBTrBJx@Df@TvB^dGJ|ADzAHpBJxBFdA@|@Aj@A\AXMtBItAGt@IbBIbBGnACVQ`DOvBEn@Cf@Ef@A`@Cr@Ap@?X@d@@n@DfBBjAPfE@XFlA@\Dh@D^`@`FPxBBVDb@BNLh@?@Ht@BXN~@Nv@BLFPFPTv@f@bBNr@Tn@\bADJXr@pAxCHRl@lA`@z@DF`@x@Xd@`@j@JLRXHHVRNHTHVENBd@Fh@NN@VCDA\OVe@Ra@NeAHoAHy@No@L[LU\s@NYT]\i@Pa@DMlAwDHOl@aAt@iAZg@V[f@k@TWp@s@p@m@FG~@y@bC{BRQd@e@X]T]N]Pc@DQFWF_@@Ib@qDLeAPyAX}BBOD_@D]Ju@Fy@DeALiEFsANaBHq@R_BX}ARgAD]PkAJgA@K\NXN\RB@Jb@h@rCr@rBDRFRBT@XvA`Dk@qAk@oAAYCUGSESs@sBi@sCKc@CA]SYO]ODu@@w@?OAYG{@YmCYeCCMOuAAGG_@Ea@_AaHi@_ESwAGa@G_@CSGe@WgBUHI@_@A_E@gA?qDAe@Dc@Ng@\e@f@aCbDa@oBOiAGkALcALqADsAA}@Gw@Gc@	Click to Generate
S25	45	1			3	Reiss (S25)	SYPTE (S25)	Jump Inc (S25)	3614	2710	cv_eI`erG?HCJ@JMzEAZt@pB??SZ}@_C@m@NkF[E[C[ESACG?E?G@GBCvANFCBE?I?GACCCC?eBSIDA@EDGNEP?JAvG?LAt@@P?J?^ATABEVo@~@GJKRILKNEPADEJBHFDXd@V`@FJ?\@P?X\l@HLNVNXXm@^y@gAsBuAkAGEUQk@g@GEOKO[EGCICICGA[?S?I@I@KDSXUDEVOlAi@T[@ABMDU@{@?uC@c@@g@@SBg@@O@OHi@F]?E@EDQLi@DMLYJU@EHORc@PWRULMHKNMNO^YROZQFELGTGREVGDAFAH?P?`@@P@D@VDXFHDJF\TLJLNLPNPVd@NZNZVh@f@nAJRJL@BDBDFNHNDF@DBHEH?D?JEHGJINUBU?G?KEc@?IA]CGe@oAINMN}@cC\~@^bALOHOd@nABFNRJJBDB@B@F@D?JCr@aA`@g@DKPQ@IDQDKFIFGDAFAD?D@HBFFFHDLBJBJ?L?L?LCJCJEJEHGFEBGBI?GAOB_@J_@NUNURY\GJIHABSXGRITEJAHBZ@VCLCNEJGHGHGBIBIAGAIEEEEGCGEIAICKAYM_@So@EKcAyBQ_@GMSg@KOIOKMOSOOMM_@YGCMGQIGAYCWEWAO?G@E@c@FMDQHEBGBMHSNSNWTEDa@ZUR]b@Q^Wf@Qf@Of@EXGVKt@AJ@N@LDJ?@HLnBRFBBD@D?D?D?B?RAFE@QAwAOCBAF?F?DBFR@ZDZBZDP@B@@BBK?I	Click to Generate
S25	60	1			3	Blackburn Meadows Nature Reserve (S25)	ItsaGoal (S25)	Hanfia Masjid (S25)	12469	9352	qq`eIvumGOeJA{@CgA@o@?ILgABu@?aAAWAu@EcAIgAMiASeAWqAEMMc@Y}@Mq@Ks@Eq@A{@@aBA_AS_A]yAtAkBbA{AnAqBHS@KBU?C@]AOK_@ACQc@q@i@kAeAUW_@e@]i@Yq@Ww@Qm@Q_Ag@}C_@eCs@{ECU[qBc@oCKs@c@}AESGQIUK[IUYcAKSU[CCGMCOCk@GWMg@Ys@c@_A[i@]m@UUw@g@KCIEc@S]Ea@?e@LeIdDeBd@uAV_@BK@qAF}AAaBKWJMJIJEFCFGPKd@?FDlA@`@BTDl@DVD\Ff@Hx@D^Bd@Bn@@`A?~A?N?vA?f@?|@Ef@ShBw@dHMbAg@rEKx@C`@?\FnABz@@nA@p@?DAf@AjA?RChAAvA?xAApAC|B?b@?JCjBAdB?~@?FAZ?VAvBAxA?XCbE?P@\?BBNDRVd@HMNQLMj@i@^i@PYt@oAXe@`A_BTa@Zk@t@qALSdAkBDWB_@Hm@FIRCB?HCJEJM\e@NMPID@FBDFDJNr@BR@XNrG@d@@NBNl@LjA`@LB^@ZAP?TIL[VKREVGDSC{FBzFER??WFSDWJMZUHQ?[@_@AMCkAa@m@MCOAOAe@OsGAYCSOs@EKEGGCEAQHOL]d@KLKDIBC?SBGHIl@C^EVeAjBMRu@pA[j@U`@aA~AYd@u@nAQX_@h@k@h@MLOPILMZQp@b@b@bA`A\^j@x@FHnA`C`@t@l@nAf@vAN`@Pf@HTXx@`@nAZ~@BLPj@^|A?DHl@BNDVFp@HtAFtADtAFxBB`@FpB@j@Bb@@l@BV@T@PHrAJdABTRdBNdANlAj@lERxAD`@Jv@DZRxA@L`@|CVrBHn@P`AN`A^|BPhAl@bDRbAr@tDLn@ZxAZfAf@~AX|@d@rAZbA\fAl@~Ar@~Ah@vAFN^dAZnATrAPfABHHZFRDJHRFJ^TLFN?\GTIj@m@jEgE|KiJ|EeEnCmCfCsCbFeGn@cA?ALSH]BODs@Cg@?_@@]@UBQDSJa@Ve@Ra@NeAHoAHy@No@L[LUEIa@s@e@gA]eA[_AOi@kAgDcCaHYkEQFKeB@Q`AYLMHQDUSKY]OyBIoAXhEX\RJETIPMLaAXAPJdBPGXjEbC`HaBxB}AtBoA~AKNkAfBOTIS{@oBUi@Ys@EK]cAUo@[g@MYGMGKY_@UU[a@GKKMCO?O@Y?GDk@Bm@Cq@AMCUAu@COEc@CWQyBa@aFE_@Ei@A]GmAAYQgECkAEgBAo@Ae@?Y@q@Bs@@a@Dg@Bg@Do@NwBPaDBWFoAHcBHcBFu@HuALuB@Y@]@k@A}@GeAKyBIqBE{AK}A_@eGUwBEg@Ky@UsBOmBKeAE]EUOu@Qm@Si@Se@Uc@QKA?[GEAKHC@KLEDIRoApBcAzAuAjB\xAR~@@~@A`B@z@Dp@Jr@Lp@X|@Lb@DLVpARdALhAHfADbA@t@@V?`ACt@MfA?HAn@BfA@z@NdJ	Click to Generate
S25	60	1			3	Molton Brown (S25)	SYPTE (S25)	Jump Inc (S25)	5157	3868	_u_eIlqrG??SZ}@_C@m@NkF[E[C[ESACG?E?G@GBCvANFCBE?I?GACCCC?eBSKAGCGKIMGQAW@O@OHi@F]?E@EDQLi@DMLYJU@EHORc@PWRULMHKNMNO^YROZQFELGTGREVGDAFAH?P?`@@P@D@VDXFHDJF\TLJLNLPNPVd@NZNZENCLGFKPEFSZ}A|BK@a@M?h@Ap@EbAC|@A|@ADbAhCT[T]T[V]T]CGQc@Qc@Qe@Qe@Qc@Qc@Qg@BUpBwCBK@A@O@MCYKOIOKMOSOOMM_@YGCMGQIGAYCWEWAO?G@E@c@FMDQHEBGBMHSNSNWTEDa@ZUR]b@Q^Wf@Qf@Of@EXGVKt@AJG~@C`A?JAvG?LAt@@P?J?^ATABEVo@~@GJKRILKNEPADEJBHFDXd@V`@FJ?\@P?X\l@HLNVNXXm@^y@gAsBuAkAGEUQk@g@GEOKO[EGCICICGA[?S?I@I@KDSXUDEVOlAi@T[@ABMDU@{@?uC@c@@g@@SBg@@O@OHi@F]?E@EDQLi@DMLYJU@EHORc@PWRULMHKNMNO^YROZQFELGTGREVGDAFAH?P?`@@P@D@VDXFHDJF\TLJLNLPNPVd@NZNZVh@f@nAJRJL@BDBDFNHNDF@DBHEH?D?JEHGJINUBU?G?KEc@?IA]CGe@oAINMN}@cC\~@^bALOHOd@nABFNRJJBDB@B@F@D?JCr@aA`@g@DKPQ@IDQDKFIFGDAFAD?D@HBFFFHDLBJBJ?L?L?LCJCJEJEHGFEBGBI?GAOB_@J_@NUNURY\GJIHABSXGRITEJAHBZ@VCLCNEJGHGHGBIBIAGAIEEEEGCGEIAICKAYM_@So@EKcAyBQ_@GMSg@KOIOKMOSOOMM_@YGCMGQIGAYCWEWAO?G@E@c@FMDQHEBGBMHSNSNWTEDa@ZUR]b@Q^Wf@Qf@Of@EXGVKt@AJ@N@LDJ?@HLnBRFBBD@D?D?D?B?RAFE@QAwAOCBAF?F?DBFR@ZDZBZDP@B@@B@JMzEAZt@pB	Click to Generate
S25	15	1			3	Two Dinners Ignatiu (S25)	Abbey School (S25)	Winterhill School (S25)	1255	941	ikceInhqGGhBIZkCpB??ODQCg@YYCw@Eq@@Al@??@m@?WBSHO`@GfBMf@GbAs@n@cAXeAVmBFUFa@D[FuAAy@KoA_@kBGe@U{A{@uFDCHEBCBA`@WPK??QJa@VC@CBIDEBz@tFTzAFd@^jBJnA@x@GtAEZC`A?zAEfA	Click to Generate
S25	20	1			3	St Thomas Church Wincobank (S25)	Wincobank Post Office (S25)	Eastwoods (S25)	1566	1174	{daeInctGBPPt@fCDHBHBdAdBFJLN`@l@d@j@VV^^^\^`@VVPLIk@w@oHSgBOkA_@eDO{AOuAPIDA~@]LEd@lEf@nElAtKv@dH?JADCDCDcA`@AEGOGUWuAKo@OoAQMWW_@a@_@]_@_@WWe@k@a@m@MOGKeAeBICICgCEQu@CQ	Click to Generate
S25	60	1			3	Blackburn Meadows Nature Reserve (S25)	ItsaGoal (S25)	Hanfia Masjid (S25)	12561	9421	kq`eI`zmGAw@SwLA{@CgA@o@?ILgABu@?aAAWAu@EcAIgAMiASeAWqAEMMc@Y}@Mq@Ks@Eq@A{@@aBA_AS_A]yAtAkBbA{AnAqBHS@KBU?C@]AOK_@ACQc@q@i@kAeAUW_@e@]i@Yq@Ww@Qm@Q_Ag@}C_@eCs@{ECU[qBc@oCKs@c@}AESGQIUK[IUYcAKSU[CCGMCOCk@GWMg@Ys@c@_A[i@]m@UUw@g@KCIEc@S]Ea@?e@LeIdDeBd@uAV_@BK@qAF}AAaBKWJMJIJEFCFGPKd@?FDlA@`@BTDl@DVD\Ff@Hx@D^Bd@Bn@@`A?~A?N?vA?f@?|@Ef@ShBw@dHMbAg@rEKx@C`@?\FnABz@@nA@p@?DAf@AjA?RChAAvA?xAApAC|B?b@?JCjBAdB?~@?FAZ?VAvBAxA?XCbE?P@\?BBNDRVd@HMNQLMj@i@^i@PYt@oAXe@`A_BTa@Zk@t@qALSdAkBDWB_@Hm@FIRCB?HCJEJM\e@NMPID@FBDFDJNr@BR@XNrG@d@@NBNl@LjA`@LB^@ZAP?TIL[VKREVGDSC{FBzFER??WFSDWJMZUHQ?[@_@AMCkAa@m@MCOAOAe@OsGAYCSOs@EKEGGCEAQHOL]d@KLKDIBC?SBGHIl@C^EVeAjBMRu@pA[j@U`@aA~AYd@u@nAQX_@h@k@h@MLOPILMZQp@b@b@bA`A\^j@x@FHnA`C`@t@l@nAf@vAN`@Pf@HTXx@`@nAZ~@BLPj@^|A?DHl@BNDVFp@HtAFtADtAFxBB`@FpB@j@Bb@@l@BV@T@PHrAJdABTRdBNdANlAj@lERxAD`@Jv@DZRxA@L`@|CVrBHn@P`AN`A^|BPhAl@bDRbAr@tDLn@ZxAZfAf@~AX|@d@rAZbA\fAl@~Ar@~Ah@vAFN^dAZnATrAPfABHHZFRDJHRFJ^TLFN?\GTIj@m@jEgE|KiJ|EeEnCmCfCsCbFeGn@cA?ALSH]BODs@Cg@?_@@]@UBQDSJa@Ve@Ra@NeAHoAHy@No@L[LUEIa@s@e@gA]eA[_AOi@kAgDcCaHYkEQFKeB@Q`AYLMHQDUSKY]OyBIoAXhEX\RJETIPMLaAXAPJdBPGXjEbC`HaBxB}AtBoA~AKNkAfBOTIS{@oBUi@Ys@EK]cAUo@[g@MYGMGKY_@UU[a@GKKMCO?O@Y?GDk@Bm@Cq@AMCUAu@COEc@CWQyBa@aFE_@Ei@A]GmAAYQgECkAEgBAo@Ae@?Y@q@Bs@@a@Dg@Bg@Do@NwBPaDBWFoAHcBHcBFu@HuALuB@Y@]@k@A}@GeAKyBIqBE{AK}A_@eGUwBEg@Ky@UsBOmBKeAE]EUOu@Qm@Si@Se@Uc@QKA?[GEAKHC@KLEDIRoApBcAzAuAjB\xAR~@@~@A`B@z@Dp@Jr@Lp@X|@Lb@DLVpARdALhAHfADbA@t@@V?`ACt@MfA?HAn@BfA@z@RvL@v@	Click to Generate
S25	45	1			3	Tinsley Sports and Social Club (S25)	St Lawrence Church (S25)	Cohens Chemist (S25)	3088	2316	{z}dId_nGk@oAAYCUGSESs@sBi@sCKc@CA]SYO]OAJKfAQjAE\SfAY|AS~AIp@O`BGrAMhEEdAGx@MAIAG@}A|@OFM???L?NG|A}@FAH@L@Kt@E\E^CNY|BQxAMdAc@pDAHG^GVEPQb@O\U\Y\e@d@SPcCzBI[Sq@GWIYCISq@IQAEEGCEKIOC@_@?SBODMr@}ADGFEHAH?NJLFHBFAFdABHDBB@CAECCIGeAG@ICMGOKI?I@GDEFs@|AEL?BCJ?RA^NBJHBDDF@DHPRp@BHHXFVRp@HZ_Ax@GFq@l@q@r@G]Kq@G_@Oy@Ie@v@u@`ByARp@BHHXFVRp@HZbC{BRQd@e@X]T]N]Pc@DQFWF_@@Ib@qDLeAPyAX}BBOD_@D]Ju@Fy@DeALiEFsANaBHq@R_BX}ARgAD]PkAJgA@K\NXN\RB@Jb@h@rCr@rBDRFRBT@Xj@nA	Click to Generate
S25	45	1			3	Beck Primary School (S25)	Volksgear (S25)	Muscle Fusion (S25)	3087	2315	wzceIh|xG[A?JCjA?zB@dB@b@?h@Bp@[n@FFFHJB^B|@@`@Gd@K~@W?J?JANG\NvA??OwAF]@O?K?K_AVe@Ja@F}@A_@CKCGIGGQ^Qb@K`@Ib@Kf@Ed@AXCXCACCEECIE]G}@AWEo@UgDOcDCUCIIIHyBJsCDmABi@Bw@LsCBq@Bq@JsAJmAL}@Lu@Hm@DWd@iCIEEMAOAIOIECOAI@EF_@xB^yBDGHAN@TL@H@NDLHDBSLu@H}@Fg@Bi@B]g@iACEu@u@SW??OWUg@KUIOYm@aAcBh@oB\cATi@Vi@^q@x@_BdAwBR\v@~Ae@Td@Uw@_BS]eAvBy@~A_@p@Wh@Uh@]bAi@nB`AbBXl@HNJTTf@NVRVt@t@BDf@hAC\Ch@Gf@I|@Mt@DH@F@JBf@Hd@H`@DNFNb@l@x@jASfAUxAOrAKfAOjBGdAEtACl@ClAZ@	Click to Generate
S25	60	1			3	Hartley Brook Road Post Office (S25)	Beck Primary School (S25)	Woolley Wood LNR (S25)	7235	5426	ynbeItnxGaAi@kB_A]QQGMCQCBZ?t@?RAhD?`D?fC?r@?R?xB?V@bA?nC?L?l@Cd@C`@Er@IdAM`BGf@I|@Iv@MtA[lDUvBANcAk@E@C@ADEVU|Aq@Us@Qw@Qw@Ks@Ge@ACSGQKSe@cA]{@_@cAWy@Qq@Me@SaAUkAQmAEYMiAKcAGaAEu@wA^_@L?J?JANG\NvA??OwAF]@O?K?K_AVe@Ja@F}@A_@CKCGIGGZo@Cq@?i@Ac@AeB?{BBkA?KBmABm@DuAFeANkBJgANsATyARgAy@kAc@m@GOEOIa@Ie@Cg@AKAGEILu@H}@Fg@Bi@B]@KDa@B_@Fc@@MLi@H_@Vw@^{@l@oAt@mAt@gA`CyC~@qAn@_Ar@iAjAwBj@uAbAcDx@kCr@kBz@gBhCeGj@kAjDcHtAiCvDcGxA{AxAeAhCwAbBy@nAo@pA_ArBoB~@iAh@cAnB}DxAoC?\?TG\Kj@Jk@F]?U?]yAnCoB|Di@bA_AhAsBnBqA~@oAn@cBx@iCvAyAdAyAzAwDbGuAhCwEnJiCdG{@fBs@jBy@jCcAbDk@tAkAvBs@hAo@~@_ApAaCxCu@fAu@lAm@nA_@z@Wv@I^Mh@ALGb@C^E`@AJC\Ch@Gf@I|@Mt@DH@F@JBf@Hd@H`@DNFNb@l@x@jAT^R^RVRNPHRHPBT?d@Cl@IpA_@@?bBi@XKXK`@ONGx@Ul@M\GLAd@E`@@XFPHvAn@rAp@h@VPHPLNLJJPBLBPF\PjB~@`Ah@	Click to Generate
S25	20	1			3	St Lawrence Church (S25)	Tinsley Meadows Primary School (S25)	Madani Education Centre (S25)	2011	1508	kz~dI~noG[^Jp@F\p@s@p@m@FG~@y@I[Sq@GWIYCISq@IQAEEGCEKIOC@_@?SBODMr@}ADGFEHAH?NJLFHBFAFdABHDBB@CAECCIGeAG@ICMGOKI?I@GDEFs@|AEL?BCJ?RA^NBJHBDDF@DHPRp@BHHXFVRp@HZ_Ax@GFq@l@q@r@UVg@j@WZ[f@u@hAm@`AINmAvDELQ`@]h@U\OX]r@EIa@s@e@gA]eA[_AtAmBq@qBM@KDCDOa@??N`@BEJELAp@pBuAlBBHVt@\dAd@fA`@r@DH\s@NYT]\i@Pa@DMlAwDHOl@aAt@iAZg@V[f@k@TWG]Kq@Z_@	Click to Generate
S25	30	1			3	Kelford School (S25)	Dave's Fish Bar (S25)	Meadow View Primary School (S25)	2617	1963	edbeIvkoGQMc@]CAy@m@mE}CEIAI?E?Uf@}CtB}Mj@j@r@v@\^Z\FHTTHHGNEDIBGAEIEHK\_@vAAH?JDVDNB@@B@D?@@BAD?DCBA@C@CACCAC?EAE@E@CBC@AB?EOEW?K@I^wAJ]DIAI?KFWGI[]]_@s@w@k@k@uB|Mg@|C?T?D@HDHlE|Co@`DERYvAMd@Od@Ul@u@tBCHw@rBg@rAKVm@u@[]SOSMe@QKEo@SUISMQO]c@GIc@k@i@u@s@}@^oARm@??Sl@_@nAr@|@h@t@b@j@FH\b@PNRLTHn@RJDd@PRLRNZ\l@t@r@kBv@sBBIt@uBTm@Ne@Le@XwADSn@aDx@l@B@b@\PL	Click to Generate
S25	20	1			3	The Colin (S25)	Zena (S25)	The Salvation Army - Rotherham (S25)	1875	1406	gfdeIrxoGBE?Q?SCOEQIMAKCOAM?OBM@MXgCvB`C|A|AFFHDHALGLMz@{AJLFBHDF@PDVDh@H`@DD@\Dd@DdAFH?D@HFDHDLd@lBDLC@@J?NCPIf@IXIXERADAFGTGGEEAK?QDIHE??H?FBERADAFGTELNXEJMd@Kj@??Jk@Le@DKOYDMFU@G@EDSHY@]?QAQESZYBAPOJKLQPSNUHM`@s@d@s@Ze@X[HVLZDHb@j@c@k@EIM[IWYZOTKNe@r@a@r@ILOTQRMPKJQNEMe@mBEMEIIGEAI?eAGe@E]EEAa@Ei@IWEQEGAIEGCKM{@zAMLMFI@IEGG}A}AwBaCYfCALCL?N@LBN@JHLDPBN?R?PCD	Click to Generate
S25	45	1			3	Cohens Chemist (S25)	Tinsley Sports and Social Club (S25)	Tinsley Meadows Primary School (S25)	3040	2280	{x~dIzcoGCJ?RA^NBJHBDDF@DHPRp@BHHXFVRp@HZ_Ax@GFq@l@q@r@G]Kq@G_@Oy@Ie@v@u@`ByARp@BHHXFVRp@HZbC{BRQd@e@X]T]N]Pc@DQFWF_@@Ib@qDLeAPyAX}BBOD_@D]Ju@MAIAG@}A|@OFM???L?NG|A}@FAH@L@Kt@E\E^CNY|BQxAMdAc@pDAHG^GVEPQb@O\U\Y\e@d@SPcCzB_Ax@GFq@l@q@r@UVg@j@WZ[f@u@hAm@`AINmAvDELQ`@]h@U\OX]r@EIa@s@e@gA]eA[_AtAmBq@qBM@KDCDOa@??N`@BEJELAp@pBuAlBZ~@\dAd@fA`@r@DH\s@NYT]\i@Pa@DMlAwDHOl@aAt@iAZg@V[f@k@TWp@s@p@m@FG~@y@I[Sq@GWIYCISq@IQAEEGCEKIOC@_@?SBK	Click to Generate
S25	20	1			3	The Salvation Army - Rotherham (S25)	Bake N Butty (S25)	The Manor Barn (S25)	1779	1334	qhceI~hoGQTOJFP|@vCMTQRSVYZ[d@e@r@a@r@ILOTQRMPKJQNC@@J?NCPIf@IX@]?QAQESZYBAPOJKLQPSNUHM`@s@d@s@JONUX[RWPSLUHMj@cABKBOPLLLLNf@j@RVDFj@r@j@t@JN^oARm@Sl@_@nAKOk@u@k@s@EGSWu@{@MMQM?MAOCWGu@K}@EWKi@GS]sAKi@G]GYGm@Gm@Ci@Ae@@c@@O@UHg@Hc@Rs@NTR\p@~AJPLLXXaBjDMRGHYTJh@\rAFRJh@DVJ|@Ft@BV@N?LCNCJk@bAIL}@wCGQNKPU	Click to Generate
S25	15	1			3	Wincobank Post Office (S25)	Savemore (S25)	Eastwoods (S25)	1426	1070	ix`eInatGNjAbBu@g@oEe@mEMD_A\E@QHm@V}@ZwB`A]HI@OAU?a@?YDQHYTRdAXvAXrABPPt@fCDHBHBdAdBFJLN`@l@d@j@VV^^^\^`@VVPLNnAJn@VtAFTFN@DbAa@BEBE@E?Kw@eHeBv@w@oHSgBOkA	Click to Generate
S25	60	1			3	Morris (S25)	Abbey School (S25)	Crow Girl (S25)	8505	6379	yideIrjqG??QJk@NUDMBa@FQHON]f@CB[l@Kf@Oz@Ev@MlC?R?f@GtApCXh@J??vCx@FBnCr@VLnGvHzCjDLJj@d@PLb@VjCjALFFBx@Z~@h@`DzBvDbCvBvAr@f@d@d@f@b@BDRTV\Pu@H]P{@J[L_@f@yAZy@Rm@JYF_@Da@Da@NuAJmAJcAJkANyAHy@Dk@@EB[@W@[AkAA_BAi@Ee@G]CKQWm@{@GKGUG[UcBG]Ku@AIAGCUAO?S@ODQFOHKFGRWt@y@^c@RYR_@R_@To@FSDSFUDWHk@BKFq@Bc@Be@?a@?W?SAMCa@AQC]Im@Ik@Mo@Oi@Oi@Og@Qa@Q_@Wi@[i@MSCCQYWYIKc@c@g@a@OI}@g@}@i@KKKOEGIUI[CWAc@?S@WDa@Fg@Fa@UISMQO]c@GIc@k@i@u@s@}@KOk@u@k@s@EGSWu@{@MMQMCNCJk@bAILMTQRSVYZ[d@e@r@a@r@ILOTQRMPKJQNC@@J?NCPIf@IXIXERADAFGTELNXDNDVTxAf@|Cz@tFTzAFd@^jBJnA@x@GtAEZG`@GTWlBYdAo@bAcAr@g@FgBLa@FINCR?VAl@??@m@?WBSHO`@GfBMf@GbAs@n@cAXeAVmBFUFa@D[FuAAy@KoA_@kBGe@U{A{@uFg@}CUyAEWEOOYDMFU@G@EDSHY@]?QAQESZYBAPOJKLQPSNUHM`@s@d@s@Ze@X[RWPSLUHMj@cABKBOPLLLt@z@RVDFj@r@j@t@JNr@|@h@t@b@j@FH\b@PNRLTHG`@Gf@E`@AV?R@b@BVHZHTDFJNJJ|@h@|@f@NHf@`@b@b@HJVXPXBBLRZh@Vh@P^P`@Nf@Nh@Nh@Ln@Hj@Hl@B\@PB`@@L?R?V?`@Cd@Cb@Gp@CJIj@EVGTERGRUn@S^S^SX_@b@u@x@SVGFIJGNEPAN?R@NBT@F@HJt@F\TbBFZFTFJl@z@PVBJF\Dd@@h@@~A@jAAZAVCZADEj@Ix@OxAKjAKbAKlAOtAE`@E`@G^KXSl@[x@g@xAM^KZQz@I\Qt@W]SUCEg@c@e@e@s@g@wBwAwDcCaD{B_Ai@y@[GCMGkCkAc@WQMk@e@MK{CkD_DuDoBaCWMoCs@GCwCy@i@KqCYFuA?g@?SLmCDw@N{@Jg@Zm@BC\g@NOPI`@GLCTEj@OPK??	Click to Generate
S25	60	1			3	H.Samuel (S25)	Jump Inc (S25)	SYPTE (S25)	5179	3884	im_eInhrGALp@fBT]T[T]T[V]T]CGQc@Qc@Qe@Qe@Qc@Qc@Qg@BUpBwCBK@A@O@MCYKOIOKMOSOOMM_@YGCMGQIGAYCWEWAO?G@E@c@FMDQHEBGBMHSNSNWTEDa@ZUR]b@Q^Wf@Qf@Of@EXGVKt@AJ@N@LDJ?@HLnBRFBBD@D?D?D?B?RAFE@QAwAOCBAF?F?DBFR@ZDZBZDP@B@@B@JMzEAZt@pB??SZ}@_C@m@NkF[E[C[ESACG?E?G@GBCvANFCBE?I?GACCCC?eBSKAGCGKIMGQAW@O@OHi@F]?E@EDQLi@DMLYJU@EHORc@PWRULMHKNMNO^YROZQFELGTGREVGDAFAH?P?`@@P@D@VDXFHDJF\TLJLNLPNPVd@NZNZVh@f@nAJRJL@BDBDFNHNDF@DBHEH?D?JEHGJINUBU?G?KEc@?IA]CGe@oAINMN}@cC\~@^bALOHOd@nABFNRJJBDB@B@F@D?JCr@aA`@g@DKPQ@IDQDKFIFGDAFAD?D@HBFFFHDLBJBJ?L?L?LCJCJEJEHGFEBGBI?GAOB_@J_@NUNURY\GJIHABSXGRITEJAHBZ@VCLCNEJGHGHGBIBIAGAIEEEEGCGEIAICKAYM_@So@EKcAyBQ_@GMSg@KOIOKMOSOOMM_@YGCMGQIGAYCWEWAO?G@E@c@FMDQHEBGBMHSNSNWTEDa@ZUR]b@Q^Wf@Qf@Of@EXGVKt@AJG~@C`A?JAvG?LAt@@P?J?^ATABEVo@~@GJKRILKNEPADEJBHFDXd@V`@FJ?\@P?X\l@HLNVNXXm@^y@gAsBuAkAGEUQk@g@GEOKO[EGCICICGA[?S?I@I@KDSXUDEVOlAi@T[@ABMDU@{@?uC@c@@g@@SBg@@O@OHi@F]?E@EDQLi@DMLYJU@EHORc@PWRULMHKNMNO^YROZQFELGTGREVGDAFAH?P?`@@P@D@VDXFHDJF\TLJLNLPNPVd@NZNZENCLGFKPEFSZ}A|BK@a@M?h@Ap@EbAC|@CbAAp@	Click to Generate
S25	45	1			3	Freddy (S25)	Crow Girl (S25)	Yazier (S25)	3416	2562	_xceIvnrGxAbBLJj@d@PLb@VjCjALFFBx@Z~@h@`DzBvDbCvBvAr@f@d@d@f@b@[bBAJKv@Kz@E~@Al@Aj@?l@IEECIQCSDYFGBALE@m@D_AJ{@Jw@@KZcBg@c@e@e@s@g@wBwAwDcCaD{B_Ai@y@[GCMGkCkAc@WMKCAk@e@MK{CkD_DuDoBaCWMoCs@A~@?f@FVbBdBf@fAj@r@J`@@f@CHEL@h@t@pBhBpDr@`B^l@b@dAxAv@n@f@rApA`AHfAl@Zp@@jAFYDIHIL@JH|@bAx@xAv@|BJFFWKcCO{@[qA[eAYiASw@c@y@Qw@SqA??Ky@Mg@I]C]@g@GCMGkCkAc@WQMk@e@MKyAcB	Click to Generate
S25	60	1			3	Phase Eight (S25)	SYPTE (S25)	Jump Inc (S25)	5179	3884	_u_eIlqrG??SZ}@_C@m@NkF[E[C[ESACG?E?G@GBCvANFCBE?I?GACCCC?eBSKAGCGKIMGQAW@O@OHi@F]?E@EDQLi@DMLYJU@EHORc@PWRULMHKNMNO^YROZQFELGTGREVGDAFAH?P?`@@P@D@VDXFHDJF\TLJLNLPNPVd@NZNZENCLGFKPEFSZ}A|BK@a@M?h@Ap@EbAC|@CbAAf@AVp@fBT]T[T]T[V]T]CGQc@Qc@Qe@Qe@Qc@Qc@Qg@BUpBwCBK@A@O@MCYKOIOKMOSOOMM_@YGCMGQIGAYCWEWAO?G@E@c@FMDQHEBGBMHSNSNWTEDa@ZUR]b@Q^Wf@Qf@Of@EXGVKt@AJG~@C`A?JAvG?LAt@@P?J?^ATABEVo@~@GJKRILKNEPADEJBHFDXd@V`@FJ?\@P?X\l@HLNVNXXm@^y@gAsBuAkAGEUQk@g@GEOKO[EGCICICGA[?S?I@I@KDSXUDEVOlAi@T[@ABMDU@{@?uC@c@@g@@SBg@@O@OHi@F]?E@EDQLi@DMLYJU@EHORc@PWRULMHKNMNO^YROZQFELGTGREVGDAFAH?P?`@@P@D@VDXFHDJF\TLJLNLPNPVd@NZNZVh@f@nAJRJL@BDBDFNHNDF@DBHEH?D?JEHGJINUBU?G?KEc@?IA]CGe@oAINMN}@cC\~@^bALOHOd@nABFNRJJBDB@B@F@D?JCr@aA`@g@DKPQ@IDQDKFIFGDAFAD?D@HBFFFHDLBJBJ?L?L?LCJCJEJEHGFEBGBI?GAOB_@J_@NUNURY\GJIHABSXGRITEJAHBZ@VCLCNEJGHGHGBIBIAGAIEEEEGCGEIAICKAYM_@So@EKcAyBQ_@GMSg@KOIOKMOSOOMM_@YGCMGQIGAYCWEWAO?G@E@c@FMDQHEBGBMHSNSNWTEDa@ZUR]b@Q^Wf@Qf@Of@EXGVKt@AJ@N@LDJ?@HLnBRFBBD@D?D?D?B?RAFE@QAwAOCBAF?F?DBFR@ZDZBZDP@B@@B@JMzEAZt@pB	Click to Generate
S25	45	1			3	Mint Nail (S25)	Flannels (S25)	The Cruise Holiday Shop (S25)	3403	2552	{y_eIj_sG^y@gAsBuAkAGEUQk@g@GEOKO[EGCICICGA[?S?I@I@KDSXUDEVOlAi@T[@ABMDU@{@?uCJe@@QDOHGFEHAH@nBRFBBD@D?D?D?B?RAFE@QAwAOCBAF?F?DBFR@ZDZBZDP@B@@B@JMzEAZt@pB??SZ}@_C@m@NkFP@B@@B@JEzAG~B[C[C[E[CQCLkFCG?E?G@GBCvANFCBE?I?GACCCC?eBSKAGCGKIMGQAW@O@OHi@F]?E@EDQLi@DMLYJU@EHORc@PWRULMHKNMNO^YROZQFELGTGREVGDAFAH?P?`@@P@D@VDXFHDJF\TLJLNLPNPVd@NZNZENCLGFKPEFSZ}A|BK@a@M?h@Ap@EbAC|@CbAC~@p@fB??T]T[T]T[V]T]CGQc@Qc@Qe@Qe@Qc@Qc@Qg@BUpBwCBK@A@O@MCYKOIOKMOSOOMM_@YGCMGQIGAYCWEWAO?G@E@c@FMDQHEBGBMHSNSNWTEDa@ZUR]b@Q^Wf@Qf@Of@EXGVKt@AJG~@C`A?JAvG?LAt@@P?J?^ATABEVo@~@GJKRILKNEPADEJBHFDXd@V`@FJ?\@P?X\l@HLNVNXXm@	Click to Generate
S25	15	1			3	Zena (S25)	The Salvation Army - Rotherham (S25)	Winterhill School (S25)	1060	795	mqceId~oG??H?FBERADAFGTELNXEJMd@Kj@??Jk@Le@DKOYDMFU@G@EDSHY@]?QAQESZYBAPOJKLQPSNUHM`@s@d@s@Ze@X[HVLZDHb@j@c@k@EIM[IWYZOTKNe@r@a@r@ILOTQRMPKJQNC@@J?NCPIf@IXIXERADAFGTELNXDNDVTxAf@|CDCHEBCBA`@WPK??QJa@VC@CBIDEBg@}CUyAEWEOOYDMGGEEAK?QDIHE	Click to Generate
S25	45	1			3	Baytree Interiors (S25)	Eurochange (S25)	SYPTE (S25)	3374	2530	yk_eIdlrG??T]T[uAqDCbA?TCh@p@fBT]T[T]T[V]T]CGQc@Qc@Qe@Qe@Qc@Qc@Qg@BUpBwCBK@A@O@MCYKOIOKMOSOOMM_@YGCMGQIGAYCWEWAO?G@E@c@FMDQHEBGBMHSNSNWTEDa@ZUR]b@Q^Wf@Qf@Of@EXGVKt@AJ@N@LDJ?@HLnBRFBBD@D?D?D?B?RAFE@QAwAOCBAF?F?DBFR@ZDZBZDP@B@@B@JMzEAZt@pB??SZ}@_C@m@NkF[E[C[ESACG?E?G@GBCvANFCBE?I?GACCCC?eBSIDA@EDGNEP?JAvG?LAt@@P?J?^ATABEVo@~@GJKRILKNEPADEJBHFDXd@V`@FJ?\@P?X\l@HLNVNXXm@^y@gAsBuAkAGEUQk@g@GEOKO[EGCICICGA[?S?I@I@KDSXUDEVOlAi@T[@ABMDU@{@?uC@c@@g@@SBg@@O@OHi@F]?E@EDQLi@DMLYJU@EHORc@PWRULMHKNMNO^YROZQFELGTGREVGDAFAH?P?`@@P@D@VDXFHDJF\TLJLNLPNPVd@NZNZENCLGFKPEFSZ}A|BK@a@M?h@Ap@EbAC|@CbAC~@p@fB	Click to Generate
S25	60	1			3	Brutus (S25)	Two Dinners Ignatiu (S25)	Dave's Fish Bar (S25)	4878	3658	aobeIpuqG[PG]Ku@AIAGCUAO?S@ODQFOHKFGRWt@y@^c@RYR_@R_@To@FSDSFUDWHk@BKFq@Bc@Be@?a@?W?SAMCa@AQC]Im@Ik@Mo@Oi@Oi@Og@Qa@Q_@Wi@[i@MSCCQYWYIKc@c@g@a@OI}@g@}@i@KKKOEGIUI[CWAc@?S@WDa@Fg@Fa@UISMQO]c@GIc@k@i@u@s@}@KOk@u@k@s@EGSWu@{@MMQMCNCJk@bAILMTQRSVYZ[d@e@r@a@r@ILOTQRMPKJQNC@@J?NCPIf@IXIXERADAFGTELNXDNDVTxAf@|Cz@tFTzAFd@^jBJnA@x@GtAEZC`A?zAMpDADGTkCpB??ODQCg@YYCw@Eq@@?WBSHO`@GfBMf@GbAs@n@cAXeAVmBFUFa@D[FuAAy@KoA_@kBGe@U{A{@uFg@}CUyAEWEOOYDMFU@G@EDSHY@]?QAQESZYBAPOJKLQPSNUHM`@s@d@s@Ze@X[RWPSLUHMj@cABKBOPLLLt@z@RVDFj@r@j@t@JNr@|@h@t@b@j@FH\b@PNRLTHn@RJDd@PRLRNZ\l@t@r@kB`DlDaDmDg@rAKVm@u@[]SOSMe@QKEo@SG`@Gf@E`@AV?R@b@BVHZHTDFJNJJ|@h@|@f@NHf@`@b@b@HJVXPXBBLRZh@Vh@P^P`@Nf@Nh@Nh@Ln@Hj@Hl@B\@PB`@@L?R?V?`@Cd@Cb@Gp@CJIj@EVGTERGRUn@S^S^SX_@b@u@x@SVGFIJGNEPAN?R@NBT@F@HJt@F\ZQ	Click to Generate
S25	30	1			3	Kimberworth Library (S25)	Kimberworth Community Primary School (S25)	The Salvation Army - Rotherham (S25)	2109	1582	oiceIfwnGANAb@@d@Bh@Fl@Fl@FXF\XU@CDELS`BkDYYMMKQq@_BS]OUN_@DMNc@Vi@HQHSDSBM@QHk@t@t@NLF@FCDGXmBN}@BKBEF@TLTN\T@FO~@Mz@GDG?IEEEAE?G^eCD[@E@SAKKMUCQE]SKEC?G?ICc@YCPO`AK~@MlACRIj@APCLERIRIPWh@Ob@ELO^Sr@Ib@If@Cd@Ab@@d@Bh@Fl@Fl@FXF\Jh@\rAFRJh@DVJ|@Ft@BV@N?LCNCJk@bAILMTQRSVYZ[d@e@r@a@r@ILOTQRMPKJQNC@@J?NCPIf@IX@]?QAQESZYBAPOJKLQPSNUHM`@s@d@s@JONUX[RWPSLUHMj@cABKBO?MAOCWGu@K}@EWKi@GS]sAKi@G]GYGm@Gm@Ci@Ae@@c@@O	Click to Generate
S25	15	1			3	St Thomas (S25)	Bake N Butty (S25)	The Colin (S25)	1224	918	kjceI~roGNUX[RWPSLU}@wCGQNKV[EDQTOJFP|@vCHMj@cABKBOPLLLLNf@j@RVDFj@r@j@t@JN^oARm@Sl@_@nAKOk@u@k@s@EGSWu@{@MMQMCNCJk@bAILMTQRSVYZ[d@e@r@a@r@ILOTQRMPKJQNC@@J?NCPIf@IXIXERADAFGTGGEEAK?QDIHE??H?FBHY@]?QAQESZYBAPOJKLQPSNUHM`@s@d@s@JO	Click to Generate
S25	20	1			3	The Manor Barn (S25)	Bake N Butty (S25)	The Salvation Army - Rotherham (S25)	1712	1284	oiceI~coGDBfAj@PJKi@GS]sAKi@G]GYGm@Gm@Ci@Ae@@c@@O@UHg@Hc@Rs@NTR\p@~AJPLLXXaBjDMRGHYTJh@\rAFRJh@DVJ|@Ft@BV@N?LPLLLLNf@j@RVDFj@r@j@t@JN^oARm@Sl@_@nAKOk@u@k@s@EGSWu@{@MMQMCNCJk@bAILMTQRSVYZ[d@e@r@a@r@ILOTQRMPKJQNC@@J?NCPIf@IX@]?QAQESZYBAPOJKLQPSNUHM`@s@d@s@JONUX[RWPSLUHMj@cABKBO?MAOCWGu@K}@EWQKgAk@EC	Click to Generate
S25	30	1			3	Masjid Abu Bakr (S25)	Tinsley Meadows Primary School (S25)	Tinsley Sports and Social Club (S25)	2698	2024	cw~dIvkoG\YRp@HZ_Ax@GFq@l@q@r@UVZlBJEHEPQd@c@w@t@IDKD[mBg@j@WZ[f@u@hAm@`AINmAvDELQ`@]h@U\OX]r@EIa@s@e@gA]eA[_AtAmBq@qBM@KDCDOa@??N`@BEJELAp@pBuAlBZ~@\dAd@fA`@r@DH\s@NYT]\i@Pa@DMlAwDHOl@aAt@iAZg@V[f@k@TWp@s@p@m@FG~@y@bC{BRQd@e@X]T]N]Pc@DQFWF_@@Ib@qDLeAPyAX}BBOD_@D]Ju@MAIAG@}A|@OFM???L?NG|A}@FAH@L@Kt@E\E^CNY|BQxAMdAc@pDAHG^GVEPQb@O\U\Y\e@d@SPcCzBI[Sq@]X	Click to Generate
S25	30	1			3	Madani Education Centre (S25)	Cooling Tower in Nature's Fabric (S25)	Hanfia Masjid (S25)	2579	1934	ml_eIpwoGN`@BEJELAp@pBuAlBBHVt@\dAqEjGmBaCtFyHkAgDcCaHYkEQFKeB@Q`AYLMHQDUJk@HMDEK_@Q_C?SDGpAm@vAk@\CT@CvCA^INqDlAC@EDILKj@ETIPMLaAXAB?LJdBoFbBiFvASHIBEBBXN~@Nv@BLFPFPTv@f@bBNr@Tn@\bADJXr@Th@z@nBHRNUjAgBJOnA_B|AuB`ByBjAfDNh@tAmBq@qBM@KDCDOa@	Click to Generate
S25	45	1			3	Tinsley Meadows Primary School (S25)	Tinsley Sports and Social Club (S25)	Madani Education Centre (S25)	4026	3020	oy~dIjioG~@{@Rp@BHHXFVRp@HZ_Ax@GFq@l@q@r@UVg@j@WZ[f@u@hAm@`AINmAvDELQ`@]h@U\OX]r@EIa@s@e@gA]eA[_AtAmBq@qBM@KDCDOa@??N`@BEJELAp@pBuAlBZ~@\dAd@fA`@r@DH\s@NYT]\i@Pa@DMlAwDHOl@aAt@iAZg@V[f@k@TWp@s@p@m@FG~@y@bC{BRQd@e@X]T]N]Pc@DQFWF_@@Ib@qDLeAPyAX}BBOD_@D]Ju@MAIAG@}A|@OFM???L?NG|A}@FAH@L@Kt@E\E^CNY|BQxAMdAc@pDAHG^GVEPQb@O\U\Y\e@d@SPcCzB_Ax@GFq@l@q@r@UVg@j@WZ[f@u@hAm@`AINmAvDELQ`@]h@U\OX]r@EIa@s@e@gAqEjGmBaCtFyHNh@BHVt@\dAd@fA`@r@DH\s@NYT]\i@Pa@DMlAwDHOl@aAt@iAZg@V[f@k@TWG]Kq@G_@Oy@Ie@xAsA	Click to Generate
S25	45	1			3	St Lawrence Church (S25)	Cohens Chemist (S25)	Sheffield Hallam University Sports Park (S25)	3161	2371	am~dItpnGL?NG|A}@FAH@L@Kt@E\E^CNY|BQxAMdAc@pDAHG^GVEPQb@O\U\Y\e@d@SPcCzBI[Sq@GWIYCISq@IQAEEGCEKIOC@_@?SBODMr@}ADGFEHAH?NJLFHBFAFdABHDBB@CAECCIGeAG@ICMGOKI?I@GDEFs@|AEL?BCJ?RA^NBJHBDDF@DHPRp@BHHXFVRp@HZ_Ax@GFq@l@q@r@G]Kq@G_@Oy@Ie@v@u@`ByARp@BHHXFVRp@HZbC{BRQd@e@X]T]N]Pc@DQFWF_@@Ib@qDLeAPyAX}BBOD_@D]Ju@Fy@DeALiEFsANaBHq@R_BX}ARgAD]PkAJgA@K\NXN\RB@Jb@h@rCr@rBDRFRBT@XvA`Dk@qAk@oAAYCUGSESs@sBi@sCKc@CA]SYO]OAJKfAQjAE\SfAY|AS~AIp@O`BGrAMhEEdAGx@MAIAG@}A|@OFM?	Click to Generate
S25	60	1			3	Brutus (S25)	Freddy (S25)	Abbey School (S25)	5607	4205	gpceIfpqG??jCqBFU@ELqD?{ABaAD[FuAAy@KoA_@kBGe@U{A{@uFg@}CUyAEWEOOYDMFU@G@EDSHY@]?QAQESZYBAPOJKLQPSNUHM`@s@d@s@Ze@X[RWPSLUHMj@cABKBOPLLLt@z@RVDFj@r@j@t@JNr@|@h@t@b@j@FH\b@PNRLTHG`@Gf@E`@AV?R@b@BVHZHTDFJNJJ|@h@|@f@NHf@`@b@b@HJVXPXBBLRZh@Vh@P^P`@Nf@Nh@Nh@Ln@Hj@Hl@B\@PB`@@L?R?V?`@Cd@Cb@Gp@CJIj@EVGTERGRUn@S^S^SX_@b@u@x@SVGFIJGNEPAN?R@NBT@F@HJt@F\TbBFZFTFJl@z@PVBJF\Dd@@h@@~A@jAAZAVCZADEj@Ix@OxAKjAKbAKlAOtAE`@E`@G^KXSl@[x@g@xAM^KZQz@I\Qt@W]SUCEg@c@e@e@s@g@wBwAwDcCaD{B_Ai@y@[GCMGkCkAc@WMKCAk@e@MK{CkDoGwHWMoCs@GCwCy@i@KqCYFuA?g@?SLmCDw@N{@Jg@Zm@BC\g@NOPI`@GLCTEj@OPKLQp@iBRs@j@yAhAgCdAaCdAyBhByBhAyAr@gANi@PwAJi@Le@JYHSPUb@_@RQFKJMHULa@NXDNDVTxAf@|Cz@tFTzAFd@^jBJnA@x@GtAEZG`@GTWlBYdAo@bAcAr@g@FgBLa@FINCR?VAl@??@m@p@Av@DXBf@XPBNE	Click to Generate
S25	30	1			3	Muscle Fusion (S25)	Shirefreen News 'n' Booze (S25)	Beck Primary School (S25)	2953	2215	}}ceIx{wGNH@H@NDLHDBSLu@H}@Fg@Bi@B]g@iACEu@u@SW??OWUg@KUIOYm@aAcBh@oB\cATi@Vi@^q@x@_BdAwBR\v@~Ae@Td@Uw@_BS]eAvBy@~A_@p@Wh@Uh@]bAi@nB`AbBXl@HNJTTf@NVRVt@t@BDf@hAC\Ch@Gf@I|@Mt@DH@F@JBf@Hd@H`@DNFNb@l@x@jASfAUxAOrAKfAOjBGdAEtACl@ClAZ@??[A?JCjA?zB@dB@b@?h@Bp@[n@FFFHJB^B|@@`@Gd@K~@W?J?JANG\NvA??OwAF]@O?K?K_AVe@Ja@F}@A_@CKCGIGGQ^Qb@K`@Ib@Kf@Ed@AXCXCACCEECIE]G}@AWEo@UgDOcDCUCIIIHyBJsCDmABi@Bw@LsCBq@Bq@JsAJmAL}@Lu@Hm@DWd@iCIEEMAOAIOI	Click to Generate
S25	60	1			3	AllSaints (S25)	Jump Inc (S25)	SYPTE (S25)	5179	3884	gm_eIpgrGCj@p@fBT]T[T]T[V]T]CGQc@Qc@Qe@Qe@Qc@Qc@Qg@BUpBwCBK@A@O@MCYKOIOKMOSOOMM_@YGCMGQIGAYCWEWAO?G@E@c@FMDQHEBGBMHSNSNWTEDa@ZUR]b@Q^Wf@Qf@Of@EXGVKt@AJ@N@LDJ?@HLnBRFBBD@D?D?D?B?RAFE@QAwAOCBAF?F?DBFR@ZDZBZDP@B@@B@JMzEAZt@pB??SZ}@_C@m@NkF[E[C[ESACG?E?G@GBCvANFCBE?I?GACCCC?eBSKAGCGKIMGQAW@O@OHi@F]?E@EDQLi@DMLYJU@EHORc@PWRULMHKNMNO^YROZQFELGTGREVGDAFAH?P?`@@P@D@VDXFHDJF\TLJLNLPNPVd@NZNZVh@f@nAJRJL@BDBDFNHNDF@DBHEH?D?JEHGJINUBU?G?KEc@?IA]CGe@oAINMN}@cC\~@^bALOHOd@nABFNRJJBDB@B@F@D?JCr@aA`@g@DKPQ@IDQDKFIFGDAFAD?D@HBFFFHDLBJBJ?L?L?LCJCJEJEHGFEBGBI?GAOB_@J_@NUNURY\GJIHABSXGRITEJAHBZ@VCLCNEJGHGHGBIBIAGAIEEEEGCGEIAICKAYM_@So@EKcAyBQ_@GMSg@KOIOKMOSOOMM_@YGCMGQIGAYCWEWAO?G@E@c@FMDQHEBGBMHSNSNWTEDa@ZUR]b@Q^Wf@Qf@Of@EXGVKt@AJG~@C`A?JAvG?LAt@@P?J?^ATABEVo@~@GJKRILKNEPADEJBHFDXd@V`@FJ?\@P?X\l@HLNVNXXm@^y@gAsBuAkAGEUQk@g@GEOKO[EGCICICGA[?S?I@I@KDSXUDEVOlAi@T[@ABMDU@{@?uC@c@@g@@SBg@@O@OHi@F]?E@EDQLi@DMLYJU@EHORc@PWRULMHKNMNO^YROZQFELGTGREVGDAFAH?P?`@@P@D@VDXFHDJF\TLJLNLPNPVd@NZNZENCLGFKPEFSZ}A|BK@a@M?h@Ap@EbAC|@CbA?R	Click to Generate
S25	20	1			3	St Thomas Church Wincobank (S25)	Wincobank Post Office (S25)	Eastwoods (S25)	1593	1195	gdaeI|`tGzBDDHZvCdAdBFJLN`@l@d@j@VV^^^\^`@VVPLIk@w@oHSgBOkA_@eDO{AOuAPIDA~@]LEd@lEf@nElAtKv@dH?JADCDCDcA`@AEGOGUWuAKo@OoAQMWW_@a@_@]_@_@WWe@k@a@m@MOGKeAeB[wCEI{BE	Click to Generate
S25	20	1			3	St Thomas Church Wincobank (S25)	Wincobank Fish Bar (S25)	Eastwoods (S25)	1673	1255	wy`eIlvsGDA~@]LEd@lEf@nEcBt@OkA_@eDO{AOuAm@V}@ZwB`A]HI@OAU?a@?YDQHYTRdAXvAl@@zBDDHZvCdAdBFJLN`@l@d@j@VV^^^\^`@VVPLNnAJn@VtAFTFN@DbAa@BEBE@E?Kw@eHeBv@w@oHSgBo@qFO{AOuAPI	Click to Generate
S25	20	1			3	Zena (S25)	St Thomas (S25)	Winterhill School (S25)	1592	1194	aoceIruoGKg@KS]_@EACDK^CLGVHFDHDLd@lBDLC@@J?NCPIf@IXIXERADAFGTELNXEJMd@Kj@??Jk@Le@DKOYDMFU@G@EDSHY@]?QAQESZYBAPOJKLQPSNUHM`@s@d@s@Ze@X[RWPSLU}@wCGQNKV[EDQTOJFP|@vCMTQRSVYZ[d@e@r@a@r@ILOTQRMPKJQNC@@J?NCPIf@IXIXERADAFGTELNXDNDVTxAf@|CDCHEBCBA`@WPK??QJa@VC@CBIDEBg@}CUyAEWEOOYDMFU@G@EDSHY@]?QAQESZYBAEMe@mBEMEIIGFWBMJ_@BED@\^JRJf@	Click to Generate
S25	10	1			3	Zena (S25)	The Colin (S25)	The Salvation Army - Rotherham (S25)	982	736	mlceIthpGQJa@VC@CBIDEBg@}CUyAEWEOEJMd@Kj@??Jk@Le@DKOYDMGGEEAK?QDIHE??H?FBHY@]?QAQESZYBAPOJKLQPSNUHM`@s@d@s@Ze@X[HVLZDHb@j@c@k@EIM[IWYZOTKNe@r@a@r@ILOTQRMPKJQNC@@J?NCPIf@IXIXERADAFGTELNXDNDVTxAf@|CDCHEBCBA`@WPK	Click to Generate
S25	30	1			3	Hancock Cars (S25)	Shirefreen News 'n' Booze (S25)	Beck Primary School (S25)	2103	1577	i_deIppwGDHRVt@t@BDf@hAC\Ch@Gf@I|@Mt@CRIEEMAOAIMGGEOAI@EF_@xB^yBDGHAN@TL@H@NDLHDe@hCHCNEJAH?L?D?FCDNFNb@l@x@jASfAUxAOrAKfAOjBGdAEtACl@ClAZ@??[A?JCjA?zB@dB@b@?h@Bp@[n@FFFHJB^B|@@`@Gd@K~@W?J?JANG\NvA??OwAF]@O?K?K_AVe@Ja@F}@A_@CKCGIGGZo@Cq@?i@Ac@AeB?{BBkA?KBmABm@DuAFeANkBJgANsATyARgAy@kAc@m@GOEOIa@Ie@Cg@AKAGEILu@H}@Fg@Bi@B]g@iACEu@u@SWEI	Click to Generate
S25	60	1			3	Blackburn Minimarket (S25)	Blackburn Primary School (S25)	Shiregreen Medical Centre (S25)	8581	6436	kybeIzwuGjDcHtAiCvDcGxA{AxAeAhCwAbBy@nAo@pA_ArBoB~@iAh@cAnB}DxAoCd@y@rAuBLOX[Qw@UaAI]K[GOOa@GOKQGSCi@Ei@EYGUEMY\i@d@QLSJg@^eAf@aDzAuCpAqClAeAd@}BfAa@TCBi@^Om@w@oCOg@s@{B[cAYw@Yu@m@kAOWi@{@CCQUQUW]SUCE[bBAJKv@Kz@E~@Al@Aj@?l@Ar@?FCf@Cd@C`@Gr@Gj@Ih@Gb@En@Cn@?n@?NC~@AHARGVSb@IMOSEMAQJk@BUO`A@PDLNRHLRc@FW|@l@DMDSN_@j@eA??k@dAO^EREL}@m@@S@IB_A?O?o@Bo@Do@Fc@Hi@Fk@Fs@Ba@Be@Bg@?G@s@?m@@k@@m@D_AJ{@Jw@@KZcBBDRTV\PTPTBBh@z@NVl@jAXt@Xv@ZbAr@zBNf@v@nCNl@yC~BML}@jBaBvD{ApDy@jB}AbDmBlEa@bA}AzDoBnEUh@kCbGc@`AkBlEaBpDqAzC_BpD{AfDeAvBy@~A_@p@Wh@Uh@]bAi@nB`AbBXl@HNJTTf@NVRVt@t@BDf@hAC\Ch@Gf@I|@Mt@DH@F@JBf@Hd@H`@DNFNb@l@x@jAT^R^RVRNPHRHPBT?d@Cl@IpA_@@?bBi@XKXK`@ONGx@Ul@M\GLAd@E`@@XFPHvAn@rAp@h@VPHPLNLJJBm@@s@DsAFeA?IBo@VL@?zBfArFpCs@dGCV}A{@IECAaAi@kB_A]QQGMCQCKKOMQMQIi@WsAq@wAo@QIYGa@Ae@DM@]Fm@Ly@TOFa@NYJYJcBh@A?qA^m@He@BU?QCSIQISOSWS_@U_@y@kAc@m@GOEOIa@Ie@Cg@AKAGEILu@H}@Fg@Bi@B]@KDa@B_@Fc@@MLi@H_@Vw@^{@l@oAt@mAt@gA`CyC~@qAn@_Ar@iAjAwBj@uAbAcDx@kCr@kBz@gBhCeGj@kA	Click to Generate
S25	60	1			3	Freddy (S25)	Suzy (S25)	Two Dinners Ignatiu (S25)	4847	3635	mkceIp}rGKy@Mg@I]C]@g@GCMGkCkAc@WMKCAk@e@MKyAcBaAgAoGwHWMoCs@GCwCy@i@KqCYFuA?g@?SLmCDw@N{@Jg@Zm@BC\g@NOPI`@GLCTEj@OPKLQp@iBRs@j@yAhAgCdAaCdAyBhByBhAyAr@gANi@PwAJi@Le@JYHSPUb@_@RQFKJMHULa@NXDNDVTxAf@|Cz@tFTzAFd@^jBJnA@x@GtAEZC`A?zAMpDIZkCpB??ODQCg@YYCw@Eq@@?WBSHO`@GfBMf@GbAs@n@cAXeAVmBFUFa@D[FuAAy@KoA_@kBGe@U{A{@uFg@}CUyAEWEOOYM`@ITKLGJSPc@^QTIRKXMd@Kh@QvAOh@s@fAiAxAiBxBeAxBeA`CiAfCk@xASr@q@hBMPQJk@NUDMBa@FQHON]f@CB[l@Kf@Oz@Ev@MlC?R?f@GtApCXh@JvCx@FBnCr@VLnGvHzCjDLJj@d@PLb@VjCjALFFBAf@B\H\Lf@Jx@	Click to Generate
S25	45	1			3	American Golf (S25)	Madani Education Centre (S25)	Air Haus (S25)	4186	3140	uo_eIpxpGoAmB?EHs@VENBd@Fh@NN@VCDA\OVe@Ra@d@k@ZWNE^CP@R@ZR\ZVl@Jh@Ff@@H@fAAVC^@dAFl@Jh@Vd@X\CVK\EJIDG@[Hk@Xk@ZEY`@UQJOHDXj@[j@YZIFAHEDKJ]_@_@S]OYKISGSAU@_@b@WPWJ[BG?QEQGa@[SUOa@Mg@Go@Cg@Mi@KYKSYUi@Mc@GMKMMUIOIWSIISYKMa@k@Ye@a@y@EGa@{@m@mANUjAgBJOnA_B|AuB`ByBjAfDNh@BHVt@\dAd@fA`@r@DHI`@E\CV?V@H@RFRLZBFV\P@R@ZR\ZVl@Jh@Ff@@H@fAAVC^Ot@Un@c@h@_@b@Oh@EPCPAT?TBd@Lh@R^NTHFz@v@XXl@l@d@f@f@d@`@d@JLPPJLf@j@`@d@FFT\HBFFFHDLBJBJ?L?L?LCJCJEJEHGFEBGBI?GAOB_@J_@NUNURY\GJIHABSXGRITEJAHBZ@VCLCNEJGHGHGBIBIAGAIEEEEGCGEIAICKAY@O@QBMFMDKHGHEH?D?JEHGJINUBU?G?KEc@?IA]CGe@oAo@{AMYGKIGK?K@KJyAyD~@`CXv@JKJAJ?HFFJLXn@zAd@nABFNRJJBDB@B@F@D?JCr@aA`@g@DKPQ@IM}@GYM[GKQWQSUWaB_Bg@g@oAkA]]KMk@y@MSM]K]I[G[EMUk@a@[SUOa@Mg@Go@Cg@Mi@KYKSYUi@Mc@GMKMMIr@?DnAlB	Click to Generate
S25	15	1			3	The Colin (S25)	Winterhill School (S25)	The Salvation Army - Rotherham (S25)	1060	795	crceIfdpGJk@Le@DKOYDMGGEEAK?QDIHE??H?FBERADAFGTELNXDNDVTxAf@|CDCHEBCBA`@WPK??QJa@VC@CBIDEBg@}CUyAEWEOOYDMFU@G@EDSHY@]?QAQESZYBAPOJKLQPSNUHM`@s@d@s@Ze@X[HVLZDHb@j@c@k@EIM[IWYZOTKNe@r@a@r@ILOTQRMPKJQNC@@J?NCPIf@IXIXERADAFGTELNXEJMd@Kj@	Click to Generate
