Postcode	Duration (min)	Route Index	Name	Description	Waypoint Count	Waypoint 1	Waypoint 2	Waypoint 3	Distance (m)	Duration (sec)	Polyline	Generate Polyline
S26	20	1			2	The Strad (S26)	Outwood Academy City (S26)		1942	1456	oaudIfmoGL_@f@_Bf@}AFO@EAG@GDEBGLJLWBKBIDDBBHFFYJm@Ho@Fo@D}@@aAF_C@_@DUFGLAh@@r@DH?@{@?]Au@AgAAc@Ae@?C?UL?@?F?FEBI?YCa@?QDKJEPAj@JN@LCVEREX@HDDJ@T?|E@n@LdB?p@?jA?pAAjBG~BI`BHaBF_C@kB?}C?q@MeBAo@?}EAUEKIEYASDWDMBOAk@KQ@KDEJ?PB`@?XCHGDG?A?M??T?B@d@@b@@fA@t@?\Az@I?s@Ei@AM@GFETA^G~BA`AE|@Gn@In@Kl@GX]fACHEECCUYADGNg@|Ag@~AM^	Click to Generate
S26	30	1			2	Charnock Hall Road (S26)	Carter Hall Lane (S26)		3023	2267	aipdIbjtGKq@EQUc@KVO^}BbGw@pBELEJQd@K\}@tEKZMVKLOHUDQ?QE_Ao@hA}GD]?[?YEe@GY?CKc@Mc@Sy@I]CGGYQs@EOGKMUQQMGOAQ@y@Fy@FAe@AYBO@EJ]HSHQJWVe@Vg@@KBOBGVg@^cAr@aCfAkDZoAJ]`@}@l@oAZk@nAiCPWPQ`@W^Sn@U^CFA`@D`@H~@Z\J?n@@HHPIQAI?o@]K_A[a@Ia@Eg@Do@T_@Ra@VQPQVoAhC[j@m@nAa@|@K\[nAgAjDs@`C_@bAWf@CFCNAJWf@Wd@KVIPIRK\ADCN@X@d@x@Gx@GPAN@LFPPLTFJDNPr@p@i@TYNYhBaFBGlCiHPc@HOLIHENAJBLJHJJTd@nAVv@^nAJ\D^?ZA\CVIXq@hBIRTb@DPJp@	Click to Generate
S26	20	1			2	Frecheville Post Office (S26)	The Co-operative Food (S26)		1543	1157	gyrdIpxpGiBxCW\EBE?KMzCcFT]DGDI`@o@V_@V_@LJHDB?@ADA^o@LUtBgD@I?KAIEKd@u@^i@dAeBb@s@z@sADIDGFKl@}@tAyBn@aAz@wABGPUXg@N\@J?JCHGDGAGGOSQTCF{@vAo@`AuAxBm@|@GJEFEH_BfCeAdB_@h@e@t@a@p@OTm@~@KNo@`Ae@p@W^W^N\uAvB	Click to Generate
S26	20	1			2	The Birley (S26)	The Co-operative Food (S26)		1713	1285	izrdI`zpGgAhBW\EBE?KMzCcFT]DGDI`@o@V_@V_@LJHDB?@AZv@JTHTYd@M@KMGEI?MP[{@O]V_@V_@d@q@n@aAJOl@_ANU`@q@d@u@^i@dAeBb@s@z@sADIDGFKl@}@tAyBn@aAz@wABGPUXg@N\@J?JCHGDGAGGOSQTCF{@vAo@`AuAxBm@|@GJEFEH_BfCeAdB_@h@e@t@a@p@OTm@~@KNo@`Ae@p@W^W^N\wBfD	Click to Generate
S26	15	1			2	Birley Moor Garden Centre (S26)	Birley Moor Fire Station (S26)		1298	974	umpdIpxmGGFE?ECEKIm@?OBQFWBS?OAMCKCG[y@oCdERb@LPD?DC??NUOTEBE?MQSc@{A~BgHvKi@z@`@`AL\@T]f@OAGK??FJN@\g@AUM]a@aAh@{@fHwKzA_CnCeEZx@BFBJ@L?NCRGVCP?NHl@DJDBD?FG	Click to Generate
S26	30	1			2	The Birley Academy (S26)	Birley Primary Academy (S26)		2954	2216	_bqdItxpG^Gv@K[gEc@J]JYF_AL[D}Fr@u@J{@Jk@@NnE~Cc@??FCBEXEB?H?BDJZ^fB_@gBK[CEI?C?YDCDGB_Db@OoEe@C[IUGME[QUOCA[W_@c@[g@]c@]]UKSKC?GC_AWADc@jGKjAAZA`@An@?j@AzA?n@?rEAZCXBHDJjAtFn@q@FEBKBG@I?K?KI]Qi@Yu@GYCWAW?MFQHMCs@Br@ILGP?L@VBVFXXt@BJL\H\?J?JAHCFCJGDo@p@kAuFEKCIBY@[?sE?o@x@BD?x@B\@\AXGFAXK^UTOHGZMZGF?|BWOoEj@Az@Kt@K|Fs@ZE~@MXG\Kb@KZfEw@J_@F	Click to Generate
S26	20	1			2	Meraki (S26)	The Co-operative Food (S26)		1875	1406	q|rdIj}pG??W\EBE?KMzCcFT]DGDI`@o@N\m@~@qCpEW\EBE?KMzCcFT]DGDI`@o@V_@V_@d@q@n@aAJOl@_ANU`@q@d@u@^i@dAeBb@s@z@sADIDGFKl@}@tAyBn@aAz@wABGPUXg@N\@J?JCHGDGAGGOSQTCF{@vAo@`AuAxBm@|@GJEFEH_BfCeAdB_@h@e@t@a@p@OTm@~@KNo@`Ae@p@W^W^N\_EpG	Click to Generate
S26	20	1			2	Grandpa Joe's Potting Shed (S26)	Birley Caravan Storage (S26)		1461	1096	qaqdIjnnGFJN@\g@AUM]a@aAh@{@fHwKzA_CRb@Y`@ADAF@HHVNb@Rd@BJDBDBFAZMFAD?E?G@[LG@ECECCKc@iAIWAI@G@EXa@Sc@nCeEZx@BFBJ@L?NCRGVCP?NHl@DJDBD?FG??GFE?ECEKIm@?OBQFWBS?OAMCKCG[y@oCdE{A~BgHvKi@z@`@`AL\@T]f@OAGK	Click to Generate
S26	60	1			2	Birley Caravan Storage (S26)	Ridgeway Primary School (S26)		4742	3556	qrpdIxxmGEBE?MQSc@nCeEZx@BFBJ@L?NCRGVCP?NHl@DJDBD?FG??GFE?ECEKIm@?OBQFWBS?OAMCKCG[y@`FyHvBsD~@eBrBkELULSRSxBwBTSHKJKxD_GFLHTDZB`@BpA?HBhCBdABvCBj@Bh@Fn@Dh@Jl@Hf@x@fFLbAPhBHz@@T@`@@`@?D?ZAZE`@EZOh@}@jCaAjCw@hBSh@ADI\EJMl@SlAU|ASbBMlAWvEG~@AXAJUbDDJJb@FNF@PHxArAdB`Bb@^j@h@DBh@\`@RXJB@PJRJTPVZ`@h@]zCw@Uw@WIC@ERaBF{@Bu@CAYK_@QAAi@]ECk@i@c@_@eBaByAsAQIGAGOKc@EKTcD@K@YF_AVwELmARcBT}ARmALm@DKH]@ERi@v@iB`AkC|@kCNi@D[Da@@[?[?EAa@Aa@AUI{@QiBMcAy@gFIg@Km@Ei@Go@Ci@Ck@CwCCeACiC?ICqACa@E[IUGMyD~FKJIJURyBvBSRMRMTsBjE_AdBwBrDaFxHoCdERb@LPD?DC	Click to Generate
S26	45	1			2	The Birley Academy (S26)	Birley Health Centre (S26)		3141	2356	}}qdIplqGL\H\?J?JAHCFCJGDo@p@kAuFEKCIBY@[?sE?o@x@BD?x@B\@\AXGFAXK^UTOHGZMZGF?|BW~Cc@??FCBEXEB?H?BDJZ^fB_@gBK[CEI?C?YDCDGB_Db@OoEj@Az@Kt@K|Fs@ZE~@MXG\Kb@KZfEw@J_@F??^Gv@KFp@Dt@L~ADd@Bd@Bf@@f@?f@@b@?V?RAVARAPE^ERG^I^G\GVGZGTGVIZGRGPGPGPGNOXMVMRQVW`@mAtByAlCINGNGNCRCLAR?^GpH?|Cc@Os@YGEcCkA{@g@SKqBy@_D_BqCuAuAs@[QGC{@a@QKCECCAEACAIAE?I@K@M@OZeBDODUXyAh@iCZ_BLq@|BbBFKFIn@q@FEBKBG@I?K?KI]M]	Click to Generate
S26	45	1			2	Birley Spa Primary Academy (S26)	Silkstone (S26)		4007	3005	oordIx{mGZ@d@AJ?VN`@d@^d@Xf@h@lABFD@JIFGVj@l@fAu@fBMP_@l@SZKSEIIEI?GFU^y@qBEEEAEFsArBrAsBDGD@DDRf@d@hAT_@FGH?HDDHJRMRc@p@CHCHETCT?TBZHX\v@_@j@QXKVGTCXCjAAl@ATCNEPc@v@g@v@GPEPCV?VDXDL@FXx@DFMRGREVAV@ZDTN^~@~BxArDJVFRBR@R?f@@d@DTFNL`@GJEFEH_BfCeAdB_@h@e@t@a@p@OTm@~@KNo@`Ae@p@W^W^a@n@EHEFU\]u@Qc@]}@K[Qg@Me@Ia@EOKk@K}@Gw@E{@A_A?aAB{@Dw@D_@Fq@Fo@P{Ah@cFBa@?I?S?_@?K?QKqACKEYACQaAEc@Ge@Ei@Em@As@Aq@MDo@NXITELE?e@?G@e@Bo@Bk@Fq@JeADc@@Y@_@?]A_@Ca@Ei@Ig@?AKc@WcAk@wBMe@Og@Og@O]k@uAGQy@oBGO`@m@f@m@n@s@z@q@`@[|@o@VQLKLMV[HKXi@HMb@aAj@mA^}@Pc@p@oBDM`@uALe@JNHN@BDLHZLvAD`@D^Fn@Db@LtAB\Hp@F^JZNXPPTJRDNBT@ClA?T?j@B~@Ft@Fv@Jp@Lv@Np@DNJ\Rf@GFKHEACGi@mAYg@_@e@a@e@WOK?e@@[A	Click to Generate
S26	30	1			2	Birley Spa (S26)	Our Lady of Lourdes (S26)		2532	1899	alrdItinGd@hAT_@FGH?HDDHJRMRc@p@CHCHETCT?TBZHX\v@Pb@N`@`CdGVa@LSNUdA}ALONKPGPCb@@`@??}@@qBQ_@QYm@cAGI{@sASYm@_AGKa@o@Wg@m@gAWk@GFKHEACGi@mAYg@_@e@a@e@WOK?e@@[AO?E?e@Ed@DD?j@@d@AJ?VN`@d@^d@Xf@h@lABFD@JIFGVj@l@fAVf@L_@Jc@DSBKD]@IDa@@_@@a@@i@?a@@_@B]Fa@?ABQNyAPoAb@sDHo@@IDQHSHOPQNIBLBVF\Ld@L^Vj@lAhBNTHLNPVRl@`@UzAG^]nBg@xCYbBOv@CRQdAMv@SlACLEDCDKRMLMFm@cAGI{@sASYm@_AGKa@o@Wg@u@fBMP_@l@SZKSEIIEI?GFU^e@iA	Click to Generate
S26	10	1			2	The Fairway (S26)	UK Welder (S26)		723	542	g_qdIx|oG{@KMyA\C??]BUH??C?A@AQIcAA@C?E@M@M@Y?_A@gAB]@e@H_@JC?KBZbD[cDNC^Kd@I\AfAC~@AX?LALADAB?@AHbA@P@AB???TILxAz@J	Click to Generate
S26	20	1			2	Golden City (S26)	The Co-operative Food (S26)		1874	1406	q{rdI|{pG_@l@W\EBE?KMzCcFT]DGDI`@o@N\U\iDrFW\EBE?KMzCcFT]DGDI`@o@V_@V_@d@q@n@aAJOl@_ANU`@q@d@u@^i@dAeBb@s@z@sADIDGFKl@}@tAyBn@aAz@wABGPUXg@N\@J?JCHGDGAGGOSQTCF{@vAo@`AuAxBm@|@GJEFEH_BfCeAdB_@h@e@t@a@p@OTm@~@KNo@`Ae@p@W^W^N\_DbF	Click to Generate
S26	60	1			2	View from Carter Hall Lane to Sunny Bank (S26)	Arnold Avenue in Charnock Hall (S26)		5234	3926	ckpdIp`sG_@Bo@T_@Ra@VQPQVoAhC[j@m@nAa@|@K\[nAgAjDs@`C_@bAWf@CFCNAJWf@Wd@KVIPIRK\ADCN@X@d@ODUHMHKHSRKN_A[aE{AsBq@QGEAECBW@G@O@IDe@L}@Lu@Jw@DWVwAzBwLz@mERiAd@qCLo@@EHe@N[Xs@jAgCtBaEzCqGlAuCHUz@t@??{@u@ITmAtC{CpGuB`EkAfCYr@OZId@ADMn@e@pCShA{@lE{BvLWvAEVKv@Mt@M|@Ed@AHANAFCVDBD@PFrBp@`EzA~@ZJORSJILITINEx@Gx@GPAN@LFPPLTFJDNPr@FXBFH\Rx@Lb@Jf@FXDd@?X?ZE\iA|G~@n@PDP?TENIJMLWJ[|@uEJ]Pe@DKDMv@qBNPJL~ApAHBFAFAFEDIFMZeAPg@BK@C?O?MUcBGg@Kq@EQUc@HSp@iBHYBW@]?[E_@K]_@oAWw@e@oAKUIKMKKCO@IDMHINQb@mChHCFiB`FOXUXq@h@Qs@EOGKMUQQMGOAQ@y@Fy@FAe@AYBO@EJ]HSHQJWVe@Vg@@KBOBGVg@^cAr@aCfAkDZoAJ]`@}@l@oAZk@nAiCPWPQ`@W^Sn@U^C	Click to Generate
S26	20	1			2	Charnock Hall Road (S26)	Arnold Avenue in Charnock Hall (S26)		1963	1472	qiqdIdgtGvBv@~@ZJORSJILITINEx@Gx@GPAN@LFPPLTFJDNPr@FXBFH\Rx@Lb@Jb@?BFXDd@?X?ZE\iA|G~@n@PDP?TENIJMLWJ[|@uEJ]Pe@DKDMv@qBNPJL~ApAHBFAFAFEDIFMZeAPg@BK@C?O?MUcBGg@Kq@EQUc@HSp@iBHYBW@]?[E_@K]_@oAWw@e@oAKUIKMKKCO@IDMHINQb@mChHCFiB`FOXUXq@h@Qs@EOGKMUQQMGOAQ@y@Fy@FODUHMHKHSRKN_A[wBw@	Click to Generate
S26	45	1			2	Arnold Avenue in Charnock Hall (S26)	Carter Hall Lane (S26)		3066	2300	qwpdIbqtG?BFXDd@?X?ZE\iA|G~@n@PDP?TENIJMLWJ[|@uEJ]Pe@DKDMv@qBNPJL~ApAHBFAFAFEDIFMZeAPg@BK@C?O?MUcBGg@Kq@EQUc@HSp@iBHYBW@]?[E_@K]_@oAWw@e@oAKUIKMKKCO@IDMHINQb@mChHCFiB`FOXUXq@h@Qs@EOGKMUQQMGOAQ@y@Fy@FAe@AYBO@EJ]HSHQJWVe@Vg@@KBOBGVg@^cAr@aCfAkDZoAJ]`@}@l@oAZk@nAiCPWPQ`@W^Sn@U^CFA`@D`@H~@Z\J?n@@HHPIQAI?o@]K_A[a@Ia@Eg@Do@T_@Ra@VQPQVoAhC[j@m@nAa@|@K\[nAgAjDs@`C_@bAWf@CFCNAJWf@Wd@KVIPIRK\ADCN@X@d@x@Gx@GPAN@LFPPLTFJDNPr@FXBFH\Rx@Lb@Jb@	Click to Generate
S26	30	1			2	Safa (S26)	Silkstone (S26)		2117	1588	cqrdIbupGu@lAm@|@O]M]O][{@O]V_@V_@d@q@n@aAJOk@oAACi@uAh@tAl@rAKNo@`Ae@p@W^W^a@n@EHEFU\]u@Qc@]}@K[Qg@Me@Ia@EOKk@K}@Gw@E{@A_A?aAB{@Dw@D_@Fq@Fo@P{Ah@cFBa@?I?S?_@?K?QKqACKEYACQaAEc@Ge@Ei@Em@As@Aq@MDo@NXITELE@p@@r@Dl@Dh@Fd@Db@P`A@BDXBJJpA?P?J?^?R?HC`@i@bFQzAGn@Gp@E^Ev@Cz@?`A@~@Dz@Fv@J|@Jj@DNH`@Ld@Pf@JZ\|@Pb@\t@T]DGDI`@o@N\Zz@N\L\N\l@}@t@mA	Click to Generate
S26	20	1			2	The Birley (S26)	The Co-operative Food (S26)		1713	1285	}yrdIpypGsAxBW\EBE?KMzCcFT]DGDI`@o@V_@V_@LJHDB?@AZv@JTHTYd@M@KMGEI?MP[{@O]V_@V_@d@q@n@aAJOl@_ANU`@q@d@u@^i@dAeBb@s@z@sADIDGFKl@}@tAyBn@aAz@wABGPUXg@N\@J?JCHGDGAGGOSQTCF{@vAo@`AuAxBm@|@GJEFEH_BfCeAdB_@h@e@t@a@p@OTm@~@KNo@`Ae@p@W^W^N\kBvC	Click to Generate
S26	30	1			2	Meraki (S26)	Birley Primary Academy (S26)		2578	1934	msrdIxppG_@n@E@A@C?IEMKW^W^N\m@~@qCpEW\EBE?KMIJk@x@MTk@z@q@fAW`@gAbBFL@BBBBB^Pp@Zn@XjCrAlCnAjCnAfHhDNLJJHPJTDTDNLfA@D@F@DBDZeBDODUXyAh@iCZ_BLq@|BbBFKFIn@q@FEBKBG@I?K?KI]Qi@Yu@GYCWAW?MFQHMCs@Br@ILGP?L@VBVFXXt@BJL\H\?J?JAHCFCJGDo@p@kAuFEKCIBY@[?sE?o@@{A?k@@o@@a@@[MOKOMYYs@IWoA{CuBdD{A`CuBdD_@j@sAgDO]M]O][{@O]V_@V_@LJHDB?@ADA^o@	Click to Generate
S26	30	1			2	Bullie Ink Tattoo Collective (S26)	Birley Primary Academy (S26)		2395	1796	gwrdIvupGiCdE_@l@W\EBE?KMIJk@x@MTk@z@q@fAW`@gAbBFL@BBBBB^Pp@Zn@XjCrAlCnAjCnAfHhDNLJJHPJTDTDNLfA@D@F@DBDZeBDODUXyAh@iCZ_BLq@|BbBFKFIn@q@FEBKBG@I?K?KI]Qi@Yu@GYCWAW?MFQHMCs@Br@ILGP?L@VBVFXXt@BJL\H\?J?JAHCFCJGDo@p@kAuFEKCIBY@[?sE?o@@{A?k@@o@@a@@[MOKOMYYs@IWoA{CuBdD{A`CuBdD_@j@sAgDO]M]O][{@U\	Click to Generate
S26	10	1			2	Spa View Community Church (S26)	St John Fisher Primary, A Catholic Voluntary Academy (S26)		934	700	oardIhfnGNa@k@o@QY@IDa@@_@@a@@i@?a@@_@B]KEGAE?G@CAEACG?E?GAGGKUOTNFJ??@F?F?DBFD@B@FAD?F@JDFa@?ABQNyAPoAb@sDHo@@IDQHSHOPQNIGg@I[NKJKHIJALB??MCK@IHKJOJHZFf@OHQPINIREPAHIn@c@rDQnAOxACP?@G`@C\A^?`@Ah@A`@A^E`@AHPXj@n@O`@	Click to Generate
S26	10	1			2	Spa View Community Church (S26)	St John Fisher Primary, A Catholic Voluntary Academy (S26)		863	647	_brdIddnGKMQY@IDa@@_@@a@@i@?a@@_@B]KEGAE?G@CAEACG?E?GAGGKUOTNFJ??@F?F?DBFD@B@FAD?F@JDFa@?ABQNyAPoAb@sDHo@@IDQHSHOPQNIGg@I[NKJKHIJALB??MCK@IHKJOJHZFf@OHQPINIREPAHIn@c@rDQnAOxACP?@G`@C\A^?`@Ah@A`@A^E`@AHPXJL	Click to Generate
S26	60	1			2	Birley Caravan Storage (S26)	Ridgeway Primary School (S26)		4814	3610	mspdI`|mGOc@IWAI@G@EXa@Sc@nCeEZx@BFBJ@L?NCRGVCP?NHl@DJDBD?FG??GFE?ECEKIm@?OBQFWBS?OAMCKCG[y@`FyHvBsD~@eBrBkELULSRSxBwBTSHKJKxD_GFLHTDZB`@BpA?HBhCBdABvCBj@Bh@Fn@Dh@Jl@Hf@x@fFLbAPhBHz@@T@`@@`@?D?ZAZE`@EZOh@}@jCaAjCw@hBSh@ADI\EJMl@SlAU|ASbBMlAWvEG~@AXAJUbDDJJb@FNF@PHxArAdB`Bb@^j@h@DBh@\`@RXJB@PJRJTPVZ`@h@]zCw@Uw@WIC@ERaBF{@Bu@CAYK_@QAAi@]ECk@i@c@_@eBaByAsAQIGAGOKc@EKTcD@K@YF_AVwELmARcBT}ARmALm@DKH]@ERi@v@iB`AkC|@kCNi@D[Da@@[?[?EAa@Aa@AUI{@QiBMcAy@gFIg@Km@Ei@Go@Ci@Ck@CwCCeACiC?ICqACa@E[IUGMyD~FKJIJURyBvBSRMRMTsBjE_AdBwBrDaFxHoCdERb@Y`@ADAF@HHVNb@	Click to Generate
S26	20	1			2	The Strad (S26)	Outwood Academy City (S26)		1917	1438	caudIjloG@Cf@_Bf@}AFO@EAG@GDEBGLJLWBKBIDDBBHFFYJm@Ho@Fo@D}@@aAF_C@_@DUFGLAh@@r@DH?@{@?]Au@AgAAc@Ae@?C?UL?@?F?FEBI?YCa@?QDKJEPAj@JN@LCVEREX@HDDJ@T?|E@n@LdB?p@?jA?pAAjBG~BI`BHaBF_C@kB?}C?q@MeBAo@?}EAUEKIEYASDWDMBOAk@KQ@KDEJ?PB`@?XCHGDG?A?M??T?B@d@@b@@fA@t@?\Az@I?s@Ei@AM@GFETA^G~BA`AE|@Gn@In@Kl@GX]fACHEECCUYADGNg@|Ag@~AAB	Click to Generate
S26	20	1			2	The Admiral (S26)	The Co-operative Food (S26)		1524	1143	yxrdI~wpGwBjDUZA@EBE?KMzCcFT]DGDI`@o@V_@V_@d@q@n@aAJOl@_ANU`@q@d@u@^i@dAeBb@s@z@sADIDGFKl@}@tAyBn@aAz@wABGPUXg@N\@J?JCHGDGAGGOSQTCF{@vAo@`AuAxBm@|@GJEFEH_BfCeAdB_@h@e@t@a@p@OTm@~@KNo@`Ae@p@W^W^N\gAdB	Click to Generate
S26	20	1			2	Frecheville Post Office (S26)	The Co-operative Food (S26)		1543	1157	_yrdIfxpGqBbDW\EBE?KMzCcFT]DGDI`@o@V_@V_@LJHDB?@ADA^o@LUtBgD@I?KAIEKd@u@^i@dAeBb@s@z@sADIDGFKl@}@tAyBn@aAz@wABGPUXg@N\@J?JCHGDGAGGOSQTCF{@vAo@`AuAxBm@|@GJEFEH_BfCeAdB_@h@e@t@a@p@OTm@~@KNo@`Ae@p@W^W^N\mAlB	Click to Generate
S26	45	1			2	Outwood Academy City (S26)	Stradbroke Community Centre (S26)		3990	2992	_`udIvioGDOf@}AFO@ETXBBDDBI\gAFYJm@Ho@Fo@D}@@aAF_C@_@DUFGLAh@@r@DH?@{@?]Au@AgAAc@Ae@?C?UL?@?F?FEBI?YCa@?QDKJEPAj@JN@LCVEREX@HDDJ@T?|E@n@LdB?p@?jA?pAAjBG~BI`BHaBF_C@kB?}C?q@MeBAo@?}EAUEKIEYASDWDMBOAk@KQ@KDEJ?PB`@?XCHGDG?A?M??T?B@d@@b@@fA@t@?\Az@ExCGtDAZCf@Gt@M|@Mp@IXIXQd@ITUp@qAxDOb@GRKZKf@Kn@Kp@SpAM~@SbAWpAGTYhAg@nBSt@Ur@Qj@Qj@CHGRy@fDIZU~@c@dB_@`B[nAeAnEENCLe@k@EEi@}@k@gACEUe@FMp@}BDQ?KUu@Ka@CYA[?_@?UBYDSDSDMFCFUTULOc@d@GTGBELERERCX?T?^@ZBXJ`@Tt@?JEPq@|BGLTd@BDj@fAh@|@DDd@j@BMDOdAoEZoA^aBb@eBT_AH[x@gDEGa@k@OWMUU[S[DMZ{@f@{AZcAPw@BKbAmFNq@\kBHc@f@wBEAE?[Ca@A?O@[\@F?FGZ_A`@oA	Click to Generate
S26	45	1			2	Birley Spa Primary Academy (S26)	Silkstone (S26)		3819	2864	ubrdIpanG??E`@AHE\CJERKb@M^Wg@u@fBMP_@l@SZKSEIIEI?GFU^y@qBEEEAEFsArBrAsBDGD@DDRf@d@hAT_@FGH?HDDHJRMRc@p@CHCHETCT?TBZHX\v@_@j@QXKVGTCXCjAAl@ATCNEPc@v@g@v@GPEPCV?VDXDL@FXx@DFMRGREVAV@ZDTN^~@~BxArDJVFRBR@R?f@@d@DTFNL`@GJEFEH_BfCeAdB_@h@e@t@a@p@OTm@~@KNo@`Ae@p@W^W^a@n@EHEFU\]u@Qc@]}@K[Qg@Me@Ia@EOKk@K}@Gw@E{@A_A?aAB{@Dw@D_@Fq@Fo@P{Ah@cFBa@?I?S?_@?K?QKqACKEYACQaAEc@Ge@Ei@Em@As@Aq@MDo@NXITELE?e@?G@e@Bo@Bk@Fq@JeADc@@Y@_@?]A_@Ca@Ei@Ig@?AKc@WcAk@wBMe@Og@Og@O]k@uAGQy@oBGO`@m@f@m@n@s@z@q@`@[|@o@VQLKLMV[HKXi@HMb@aAj@mA^}@Pc@p@oBDM`@uALe@JNHN@BDLHZLvAD`@D^Fn@Db@LtAB\Hp@F^JZNXPPTJRDNBT@ClA?T?j@B~@Ft@Fv@Jp@Lv@Np@DNJ\Rf@Vj@l@fAVf@L_@Jc@DSBKD]@IDa@??	Click to Generate
S26	20	1			2	Meraki (S26)	The Co-operative Food (S26)		1875	1406	m|rdIb}pGCFW\EBE?KMzCcFT]DGDI`@o@N\m@~@qCpEW\EBE?KMzCcFT]DGDI`@o@V_@V_@d@q@n@aAJOl@_ANU`@q@d@u@^i@dAeBb@s@z@sADIDGFKl@}@tAyBn@aAz@wABGPUXg@N\@J?JCHGDGAGGOSQTCF{@vAo@`AuAxBm@|@GJEFEH_BfCeAdB_@h@e@t@a@p@OTm@~@KNo@`Ae@p@W^W^N\{DhG	Click to Generate
S26	15	1			2	The Fairway (S26)	Birley Health Centre (S26)		1294	970	mnqdIjyoGDCTGXKNC^Kd@I\AfAC~@AX?LALADAB?@AHbA@P@AB???TI\C??]BUH??C?A@@VDj@@V@T?T@`@@z@BlB?X@R@JDv@Bb@?DDj@@TDn@BT@H@NFf@H~@ZfEw@J_@F??^Gv@K[gEI_AGg@AOAICUEo@AUEk@?ECc@Ew@AKAS?YCmBA{@Aa@?UAUAWEk@AWAQIcAA@C?E@M@M@Y?_A@gAB]@e@H_@JOBYJUFEB	Click to Generate
S26	20	1			2	Meraki (S26)	The Co-operative Food (S26)		1874	1406	y|rdIt}pGOREBE?KMzCcFT]DGDI`@o@N\m@~@qCpEW\EBE?KMzCcFT]DGDI`@o@V_@V_@d@q@n@aAJOl@_ANU`@q@d@u@^i@dAeBb@s@z@sADIDGFKl@}@tAyBn@aAz@wABGPUXg@N\@J?JCHGDGAGGOSQTCF{@vAo@`AuAxBm@|@GJEFEH_BfCeAdB_@h@e@t@a@p@OTm@~@KNo@`Ae@p@W^W^N\_EpGGH	Click to Generate
S26	20	1			2	The Birley (S26)	The Co-operative Food (S26)		1713	1285	e{rdIj{pGk@~@W\EBE?KMzCcFT]DGDI`@o@V_@V_@LJHDB?@AZv@JTHTYd@M@KMGEI?MP[{@O]V_@V_@d@q@n@aAJOl@_ANU`@q@d@u@^i@dAeBb@s@z@sADIDGFKl@}@tAyBn@aAz@wABGPUXg@N\@J?JCHGDGAGGOSQTCF{@vAo@`AuAxBm@|@GJEFEH_BfCeAdB_@h@e@t@a@p@OTm@~@KNo@`Ae@p@W^W^N\sCpE	Click to Generate
S26	30	1			2	Frecheville Post Office (S26)	Birley Primary Academy (S26)		2684	2013	_xrdIxvpGqCpEW\EBE?KMzCcFT]DGDI`@o@V_@V_@LJHDB?@ADA^o@LUtBgD@I?KAIEKd@u@^i@dAeB~AgCDIDGFKl@}@tAyBn@aAxAnDRj@FR@R?Ry@~LADc@jGKjAAZA`@An@?j@AzA?n@?rEAZCXBHDJjAtFn@q@FEBKBG@I?K?KI]Qi@Yu@GYCWAW?MFQHMCs@Br@ILGP?L@VBVFXXt@BJL\H\?J?JAHCFCJGDo@p@kAuFEKCIBY@[?sE?o@@{A?k@@o@@a@@[MOKOMYYs@IWoA{CuBdD{A`CuBdD_@j@sAgDO]M]O][{@m@~@	Click to Generate
S26	15	1			2	The Fairway (S26)	Birley Health Centre (S26)		1311	983	{nqdIryoGRKTGXKNC^Kd@I\AfAC~@AX?LALADAB?@AHbA@P@AB???TI\C??]BUH??C?A@@VDj@@V@T?T@`@@z@BlB?X@R@JDv@Bb@?DDj@@TDn@BT@H@NFf@H~@ZfEw@J_@F??^Gv@K[gEI_AGg@AOAICUEo@AUEk@?ECc@Ew@AKAS?YCmBA{@Aa@?UAUAWEk@AWAQIcAA@C?E@M@M@Y?_A@gAB]@e@H_@JOBYJUFSJ	Click to Generate
S26	15	1			2	Spa View Community Church (S26)	Birley Spa (S26)		1369	1027	k}qdIrjmGCMOHQPINIREPAHIn@c@rDQnAOxACP?@G`@KEGAE?G@CAEACG?E?GAGGKUOTNFJ??@F?F?DBFD@B@FAD?F@JDC\A^?`@Ah@A`@A^E`@AHE\CJERKb@M^Wg@m@gAWk@GFKHEACGi@mAYg@_@e@a@e@WOK?e@@[AO?E?e@Ed@DD?j@@d@AJ?VN`@d@^d@Xf@h@lABFD@JIFGVj@l@fAVf@L_@Jc@DSBKD]@IDa@@_@@a@@i@?a@@_@B]Fa@?ABQNyAPoAb@sDHo@@IDQHSHOPQNIBL	Click to Generate
S26	20	1			2	The Strad (S26)	Grayson's Plumbing & Heating Supplies (S26)		1759	1319	yntdIpxnG?kA?q@MeBAo@?}EAUEKIEYASDWDMBOAk@KQ@KDEJ?PB`@?XCHGDG?A?M??T?B@d@@b@@fA@t@?\Az@I?s@Ei@AM@GFETA^G~BA`AE|@Gn@In@Kl@GXIGCCEECHCJMVMKCFEDAF@FADGNg@|Ag@~AABYz@GFG?]AAZ?N`@@ZBD?D@`@sABMHUL_@Nc@HWb@uABI\gAFYJm@Ho@Fo@D}@@aAF_C@_@DUFGLAh@@r@DH?@{@?]Au@AgAAc@Ae@?C?UL?@?F?FEBI?YCa@?QDKJEPAj@JN@LCVEREX@HDDJ@T?|E@n@LdB?p@?jA	Click to Generate
S26	20	1			2	Golden City (S26)	The Co-operative Food (S26)		1874	1406	}{rdIl|pGS\W\EBE?KMzCcFT]DGDI`@o@N\U\iDrFW\EBE?KMzCcFT]DGDI`@o@V_@V_@d@q@n@aAJOl@_ANU`@q@d@u@^i@dAeBb@s@z@sADIDGFKl@}@tAyBn@aAz@wABGPUXg@N\@J?JCHGDGAGGOSQTCF{@vAo@`AuAxBm@|@GJEFEH_BfCeAdB_@h@e@t@a@p@OTm@~@KNo@`Ae@p@W^W^N\kDrF	Click to Generate
S26	20	1			2	The Swan (S26)	The Phoenix Inn (S26)		1944	1458	kmodItnoG`@RXJB@PJRJTPVZ`@h@r@t@j@b@r@d@E^U|AId@Q|A\NRHZ_CBOTo@HUF[aAi@s@e@k@c@s@u@a@i@W[UQSKQKCAYKa@Si@]ECk@i@c@_@eBaByAsAQIGAQDOHKJYdA[nAG`@_@lBOhA_@`ECVIr@]hCERTNUfC@HBHRZJJLJPHQIMKKKKQGICIAITgCUODS\iCHs@BW^aENiA^mBFa@ZoAXeAJKNIPEF@PHxArAdB`Bb@^j@h@DBh@\??	Click to Generate
S26	30	1			2	Stradbroke Community Centre (S26)	Antico (S26)		2682	2012	{vudIbwpGTTMh@EJ?BCF?BENEJEPX`@RZt@lAP\FMp@}BDQ?KUu@Ka@CYA[?_@?UBYDSDSDMFCFUTULOc@d@GTGBELERERCX?T?^@ZBXJ`@Tt@?JEPq@|BGLTd@BDj@fAh@|@DDd@j@BMDOdAoEZoA^aBb@eBT_AH[x@gDEGa@k@OWMUU[S[DMZ{@f@{AZcAPw@BKbAmFNq@\kBHc@f@wBEAE?[Ca@A?O@[\@F?FGL_@L_@f@_Bf@}AFO@ETXBBDDc@tAIVOb@M^ITCLa@rAg@vBIb@]jBOp@cAlFCJQv@[bAg@zA[z@ELRZTZLTNV`@j@DFy@fDIZU~@c@dB_@`B[nAeAnEENCLe@k@EEi@}@k@gACEUe@Q]u@mAS[Ya@DQDKDO?CBG?CDKLi@UU	Click to Generate
S26	20	1			2	The Swan (S26)	The Phoenix Inn (S26)		1944	1458	imodIvnoG^PXJB@PJRJTPVZ`@h@r@t@j@b@r@d@E^U|AId@Q|A\NRHZ_CBOTo@HUF[aAi@s@e@k@c@s@u@a@i@W[UQSKQKCAYKa@Si@]ECk@i@c@_@eBaByAsAQIGAQDOHKJYdA[nAG`@_@lBOhA_@`ECVIr@]hCERTNUfC@HBHRZJJLJPHQIMKKKKQGICIAITgCUODS\iCHs@BW^aENiA^mBFa@ZoAXeAJKNIPEF@PHxArAdB`Bb@^j@h@DBh@\@@	Click to Generate
S26	30	1			2	Frecheville Library (S26)	Birley Primary Academy (S26)		2415	1811	{srdIfkpGj@nAKNo@`Ae@p@W^W^N\Zz@N\L\N\l@}@t@mAzBmDPYr@cA`AaBrAfDnAzCHVXr@LXJNLNAZA`@An@?j@AzA?n@?rEAZCXBHDJjAtFn@q@FEBKBG@I?K?KI]Qi@Yu@GYCWAW?MFQHMCs@Br@ILGP?L@VBVFXXt@BJL\H\?J?JAHCFCJGDo@p@kAuFEKCIBY@[?sE?o@@{A?k@@o@@a@@[JkAb@kG@Ex@_M?SASGSSk@yAoDo@`AuAxBm@|@GJEFEH_BfCeAdB_@h@e@t@a@p@OTm@~@k@oA	Click to Generate
S26	45	1			2	Birley Spa Primary Academy (S26)	Safa (S26)		3820	2865	g`sdItboGJINGRGNCJCAs@Aq@?e@?G@e@Bo@Bk@Fq@JeADc@@Y@_@?]A_@Ca@Ei@Ig@?AKc@WcAk@wBMe@Og@Og@O]k@uAGQy@oBGO`@m@f@m@n@s@z@q@`@[|@o@VQLKLMV[HKXi@HMb@aAj@mA^}@Pc@p@oBDM`@uALe@JNHN@BDLHZLvAD`@D^Fn@Db@LtAB\Hp@F^JZNXPPTJRDNBT@ClA?T?j@B~@Ft@Fv@Jp@Lv@Np@DNJ\Rf@Vj@l@fAu@fBMP_@l@SZKSEIIEI?GFU^y@qBEEEAEFsArBrAsBDGD@DDRf@d@hAT_@FGH?HDDHJRMRc@p@CHCHETCT?TBZHX\v@_@j@QXKVGTCXCjAAl@ATCNEPc@v@g@v@GPEPCV?VDXDL@FXx@DFMRGREVAV@ZDTN^~@~BxArDJVFRBR@R?f@@d@DTFNL`@GJEFEH_BfCeAdB_@h@e@t@a@p@OTm@~@k@oAACi@uAh@tAl@rAKNo@`Ae@p@W^W^a@n@EHEFU\]u@Qc@]}@K[Qg@Me@Ia@EOKk@K}@Gw@E{@A_A?aAB{@Dw@D_@Fq@Fo@P{Ah@cFBa@?I?S?_@?K?QKqACKEYACQaAEc@Ge@Ei@Em@KBOBSFOFKH	Click to Generate
S26	60	1			2	Sleeping Giant (S26)	St John Fisher Primary, A Catholic Voluntary Academy (S26)		7129	5347	u_sdI~dlGAfBCpAC~AG`CGjAI`AEb@Eh@MbAM|@UrAUfASv@Sx@O`@]dAc@~@i@nAcErFoGnFkFlEWb@MPEJOZAHAJAR?VBh@?p@@L@d@?P?XJ@R?\BNBVHB@PJ\Z`@V\VZTTFJB\D\Af@Eb@ORKLIVUZ]Xa@HMJQTg@JYN_@La@Lc@Pm@ZcAPi@@ALc@\y@L[LYBIN[Xi@T[Va@`@m@f@m@n@s@z@q@`@[|@o@VQLKLMV[HKXi@HMb@aAj@mA^}@Pc@p@oBDM`@uALe@JNHN@BDLHZLvAD`@D^Fn@Db@LtAB\Hp@F^JZNXPPTJRDNBT@ClA?T?j@B~@Ft@Fv@Jp@Lv@Np@DNJ\Rf@GFKHEACGi@mAYg@_@e@a@e@WOK?e@@k@AE???e@Ed@DD?j@@d@AJ?VN`@d@^d@Xf@h@lABFD@JIFGVj@l@fAVf@L_@Jc@DSBKD]@IDa@@_@@a@@i@?a@@_@B]Fa@?ABQNyAPoAb@sDHo@@IDQHSHOPQNIGg@I[NKJKHIJALB??MCK@IHKJOJISGMIIEEOKEEgAe@[OIEc@SGCa@Oc@IC?o@G?{@CaAEq@SiCU{CMqAQ_BO{AIu@E]Ko@Gm@Gm@GcACi@EaB?i@Ac@?]?wAByNBmH?iFAqFAkBAq@Co@Es@Ek@Gg@Ii@Ea@C_@AYAW@U@]Fg@Fe@DUFUFSL[NWRSRUVM\IVEJAPCLCRKPONQLWHSHYH[DWDWBY@e@Ag@@s@?a@@_@B[D[Jg@Le@BIV{@Pe@mA}AaAkAsAeBmCkDkBcCwBkC_AkAq@y@WMOEMAGJGHK\k@fCIv@G`AErAGvCEhHGtEArBGdGIxIa@bd@OnNAvA?^KrM?P	Click to Generate
S26	60	1			2	Birley Spa Primary Academy (S26)	Sleeping Giant (S26)		4458	3344	c_sdIx~nGTELE?e@?G@e@Bo@Bk@Fq@JeADc@@Y@_@?]A_@Ca@Ei@Ig@?AKc@WcAk@wBMe@Og@Og@O]k@uAGQy@oBGO`@m@f@m@n@s@z@q@`@[|@o@VQLKLMV[HKXi@HMb@aAj@mA^}@Pc@p@oBDM`@uALe@JNHN@BDLHZLvAD`@D^Fn@Db@LtAB\Hp@F^JZNXPPTJRDNBT@ClA?T?j@B~@Ft@Fv@Jp@Lv@Np@DNJ\Rf@Vj@l@fAu@fBMP_@l@SZKSEIIEI?GFU^y@qBEEEAEFsArBrAsBDGD@DDRf@d@hAT_@FGH?HDDHJRMRc@p@CHCHETCT?TBZHX\v@Pb@N`@`CdGVa@LSNUdA}ALONKPGPCb@@`@??}@@qBQ_@QYm@cAGI{@sASYm@_AGKa@o@Wg@m@gAWk@GFKHEACGi@mAYg@_@e@a@e@WOK?e@@k@AE???e@Ed@DD?j@@d@AJ?VN`@d@^d@Xf@h@lABFD@JIFGSg@K]EOOq@Mw@Kq@Gw@Gu@C_A?k@?UBmAUAOCSEUKQQOYK[G_@Iq@C]MuAEc@Go@E_@Ea@MwAI[EMACIOKOMd@a@tAELq@nBQb@_@|@k@lAc@`AILYh@IJWZMLMJWP}@n@a@Z{@p@o@r@g@l@a@l@FNx@nBFPj@tAN\Nf@Nf@Ld@j@vBVbAJb@?@Hf@Dh@B`@@^?\A^AXEb@KdAGp@Cj@Cn@Ad@?F?d@MDUD	Click to Generate
S26	45	1			2	Birley Spa Primary Academy (S26)	Silkstone (S26)		4030	3022	eprdIx{mGD?j@@d@AJ?VN`@d@^d@Xf@h@lABFD@JIFGVj@l@fAu@fBMP_@l@SZKSEIIEI?GFU^y@qBEEEAEFsArBrAsBDGD@DDRf@d@hAT_@FGH?HDDHJRMRc@p@CHCHETCT?TBZHX\v@_@j@QXKVGTCXCjAAl@ATCNEPc@v@g@v@GPEPCV?VDXDL@FXx@DFMRGREVAV@ZDTN^~@~BxArDJVFRBR@R?f@@d@DTFNL`@GJEFEH_BfCeAdB_@h@e@t@a@p@OTm@~@KNo@`Ae@p@W^W^a@n@EHEFU\]u@Qc@]}@K[Qg@Me@Ia@EOKk@K}@Gw@E{@A_A?aAB{@Dw@D_@Fq@Fo@P{Ah@cFBa@?I?S?_@?K?QKqACKEYACQaAEc@Ge@Ei@Em@As@Aq@MDo@NXITELE?e@?G@e@Bo@Bk@Fq@JeADc@@Y@_@?]A_@Ca@Ei@Ig@?AKc@WcAk@wBMe@Og@Og@O]k@uAGQy@oBGO`@m@f@m@n@s@z@q@`@[|@o@VQLKLMV[HKXi@HMb@aAj@mA^}@Pc@p@oBDM`@uALe@JNHN@BDLHZLvAD`@D^Fn@Db@LtAB\Hp@F^JZNXPPTJRDNBT@ClA?T?j@B~@Ft@Fv@Jp@Lv@Np@DNJ\Rf@GFKHEACGi@mAYg@_@e@a@e@WOK?e@@k@AE?	Click to Generate
S26	30	1			2	GoLocal (S26)	Birley Moor Fire Station (S26)		2654	1990	{crdI|ymG@F?F?DBFD@B@FAD?F@JDC\A^?`@Ah@A`@A^E`@AHPXJL^`@e@pAK@K^l@~@RXz@rAFHl@bAPXP^ApB?|@?xAArA?RAbF?LAb@?d@B`@@TDVH^BHN\FIpAoBJMJQjPwV`@m@FIFIBEFKBCV_@DGJO^i@JO`@`AL\@T]f@OAGK??FJN@\g@AUM]a@aAKN_@h@KNEFW^CBGJCDGHGHa@l@kPvVKPKLqAnBGHO]CII_@EWAUCa@?e@@c@?M@cF?S@sA?yA?}@@qBQ_@QYm@cAGI{@sASYm@_AGKa@o@L_@Jc@DSBKD]@IDa@@_@@a@@i@?a@@_@B]KEGAE?G@CAEACG?E?GAG	Click to Generate
S26	30	1			2	Our Lady of Lourdes (S26)	Birley Moor Fire Station (S26)		2519	1889	oardIf~mGOAO??a@@_@B]Fa@?ABQNyAPoAb@sDHo@@IDQHSHOPQNIBLBVF\Ld@L^Vj@lAhBNTHLNPVRl@`@Ji@BMPkAVwAF]j@gDBIBG@EP_@@APr@BF?@~AfHn@rCLj@^~ALj@H\Nr@\xABJBHNj@\zA`@`BBHX|@HTBCV_@DGJO^i@JO`@`AL\@T]f@OAGK??FJN@\g@AUM]a@aAKN_@h@KNEFW^CBGJCDGHGHa@l@kPvVKPKLqAnBGHO]CII_@EWAUCa@?e@@c@?M@cF?S@sA?yA?}@@qBQ_@QYm@cAGI{@sASYm@_AGKa@o@L_@Jc@DSBKD]@IDa@@_@@a@@i@N?N@	Click to Generate
S26	20	1			2	Meraki (S26)	The Co-operative Food (S26)		1874	1406	a}rdI|}pGGJEBE?KMzCcFT]DGDI`@o@N\m@~@qCpEW\EBE?KMzCcFT]DGDI`@o@V_@V_@d@q@n@aAJOl@_ANU`@q@d@u@^i@dAeBb@s@z@sADIDGFKl@}@tAyBn@aAz@wABGPUXg@N\@J?JCHGDGAGGOSQTCF{@vAo@`AuAxBm@|@GJEFEH_BfCeAdB_@h@e@t@a@p@OTm@~@KNo@`Ae@p@W^W^N\_EpGOP	Click to Generate
S26	30	1			2	Frecheville Library (S26)	Silkstone (S26)		2282	1712	}krdIxvpGz@uAtBeDsAgDaA`Bs@bAQX{BlDu@lAm@|@O]M]O][{@O]a@n@EHEFU\]u@Qc@]}@K[Qg@Me@Ia@EOKk@K}@Gw@E{@A_A?aAB{@Dw@D_@Fq@Fo@P{Ah@cFBa@?I?S?_@?K?QKqACKEYACQaAEc@Ge@Ei@Em@As@Aq@MDo@NXITELE@p@@r@Dl@Dh@Fd@Db@P`A@BDXBJJpA?P?J?^?R?HC`@i@bFQzAGn@Gp@E^Ev@Cz@?`A@~@Dz@Fv@J|@Jj@DNH`@Ld@Pf@JZ\|@Pb@\t@T]DGDI`@o@N\Zz@N\L\N\rAfD^k@tBeD^k@	Click to Generate
S26	10	1			2	Spa View Community Church (S26)	GoLocal (S26)		995	746	a|qdI`gmGMCK@IHKJOJHZFf@OHQPINIREPAHIn@c@rDQnAOxACP?@G`@KEGAE?G@CAEACG?E?GAGGKUOTNFJ??@F?F?DBFD@B@FAD?F@JDC\A^?`@Ah@A`@A^E`@AHPXJL^`@e@pAK@K^GKa@o@L_@Jc@DSBKD]@IDa@@_@@a@@i@?a@@_@B]Fa@?ABQNyAPoAb@sDHo@@IDQHSHOPQNIGg@I[NKJKHIJALB	Click to Generate
S26	30	1			2	The Swan (S26)	Ridgeway Primary School (S26)		2127	1595	igndIbbpGGEaBy@w@a@WOu@_@y@SkA]wBk@MA_@Em@Ce@?a@Ac@GI?o@MGCYGa@OAAGZITUn@CN[~BSI]OP}AHe@T}AD_@s@e@k@c@s@u@a@i@W[UQSKQKCAYKa@Si@]ECk@i@c@_@eBaByAsAQIGAQDOHKJF_@DYDa@DJJb@FNF@PHxArAdB`Bb@^j@h@DBh@\@@^PXJB@PJRJTPVZ`@h@r@t@j@b@r@d@`Ah@@@`@NXFFBn@LH?b@F`@@d@?l@B^DL@vBj@jA\x@Rt@^VNv@`@`Bx@FD	Click to Generate
S26	30	1			2	Richmond Church (S26)	Antico (S26)		2583	1937	equdIhqpGUTGTGBELERERCX?T?^@ZBXJ`@Tt@?JEPq@|BGLQ]u@mAS[Ya@DQDKDO?CBG?CDKLi@UU??TTMh@EJ?BCF?BENEJEPi@u@[e@CEYc@IMW]MSDSTkAH]RaAH]F_@BIDSFYP}@Z{Ax@cEH]TaBTwBJaC@aB?a@GAGGEKAK@MBODIFCDAFBFHBJ@L?DT?dA?T?X?b@@b@?Z@\?T?@?T?T@|@?B?x@?d@??O@[\@F?FGL_@L_@f@_Bf@}AFO@ETXBBDDc@tAIVOb@M^ITCLa@rAg@vBIb@]jBOp@cAlFCJQv@[bAg@zA[z@ELRZTZLTNV`@j@DFy@fDIZU~@c@dB_@`B[nAeAnEENCLe@k@EEi@}@k@gACEUe@FMp@}BDQ?KUu@Ka@CYA[?_@?UBYDSDSDMFCFUTU	Click to Generate
S26	45	1			2	Outwood Academy City (S26)	Stradbroke Community Centre (S26)		3990	2992	k`udInjoGPg@f@}AFO@ETXBBDDBI\gAFYJm@Ho@Fo@D}@@aAF_C@_@DUFGLAh@@r@DH?@{@?]Au@AgAAc@Ae@?C?UL?@?F?FEBI?YCa@?QDKJEPAj@JN@LCVEREX@HDDJ@T?|E@n@LdB?p@?jA?pAAjBG~BI`BHaBF_C@kB?}C?q@MeBAo@?}EAUEKIEYASDWDMBOAk@KQ@KDEJ?PB`@?XCHGDG?A?M??T?B@d@@b@@fA@t@?\Az@ExCGtDAZCf@Gt@M|@Mp@IXIXQd@ITUp@qAxDOb@GRKZKf@Kn@Kp@SpAM~@SbAWpAGTYhAg@nBSt@Ur@Qj@Qj@CHGRy@fDIZU~@c@dB_@`B[nAeAnEENCLe@k@EEi@}@k@gACEUe@FMp@}BDQ?KUu@Ka@CYA[?_@?UBYDSDSDMFCFUTULOc@d@GTGBELERERCX?T?^@ZBXJ`@Tt@?JEPq@|BGLTd@BDj@fAh@|@DDd@j@BMDOdAoEZoA^aBb@eBT_AH[x@gDEGa@k@OWMUU[S[DMZ{@f@{AZcAPw@BKbAmFNq@\kBHc@f@wBEAE?[Ca@A?O@[\@F?FGZ_ATw@	Click to Generate
S26	45	1			2	Outwood Academy City (S26)	Stradbroke Community Centre (S26)		3995	2996	e_udIxgoGRo@FO@ETXBBDDBI\gAFYJm@Ho@Fo@D}@@aAF_C@_@DUFGLAh@@r@DH?@{@?]Au@AgAAc@Ae@?C?UL?@?F?FEBI?YCa@?QDKJEPAj@JN@LCVEREX@HDDJ@T?|E@n@LdB?p@?jA?pAAjBG~BI`BHaBF_C@kB?}C?q@MeBAo@?}EAUEKIEYASDWDMBOAk@KQ@KDEJ?PB`@?XCHGDG?A?M??T?B@d@@b@@fA@t@?\Az@ExCGtDAZCf@Gt@M|@Mp@IXIXQd@ITUp@qAxDOb@GRKZKf@Kn@Kp@SpAM~@SbAWpAGTYhAg@nBSt@Ur@Qj@Qj@CHGRy@fDIZU~@c@dB_@`B[nAeAnEENCLe@k@EEi@}@k@gACEUe@FMp@}BDQ?KUu@Ka@CYA[?_@?UBYDSDSDMFCFUTULOc@d@GTGBELERERCX?T?^@ZBXJ`@Tt@?JEPq@|BGLTd@BDj@fAh@|@DDd@j@BMDOdAoEZoA^aBb@eBT_AH[x@gDEGa@k@OWMUU[S[DMZ{@f@{AZcAPw@BKbAmFNq@\kBHc@f@wB`@sABMHUL_@Nc@HWb@uAEECCUYADGNSn@	Click to Generate
S26	45	1			2	Outwood Academy City (S26)	Stradbroke Community Centre (S26)		4012	3009	o_udIlhoG\cAFO@ETXBBDDBI\gAFYJm@Ho@Fo@D}@@aAF_C@_@DUFGLAh@@r@DH?@{@?]Au@AgAAc@Ae@?C?UL?@?F?FEBI?YCa@?QDKJEPAj@JN@LCVEREX@HDDJ@T?|E@n@LdB?p@?jA?pAAjBG~BI`BHaBF_C@kB?}C?q@MeBAo@?}EAUEKIEYASDWDMBOAk@KQ@KDEJ?PB`@?XCHGDG?A?M??T?B@d@@b@@fA@t@?\Az@ExCGtDAZCf@Gt@M|@Mp@IXIXQd@ITUp@qAxDOb@GRKZKf@Kn@Kp@SpAM~@SbAWpAGTYhAg@nBSt@Ur@Qj@Qj@CHGRy@fDIZU~@c@dB_@`B[nAeAnEENCLe@k@EEi@}@k@gACEUe@FMp@}BDQ?KUu@Ka@CYA[?_@?UBYDSDSDMFCFUTULOc@d@GTGBELERERCX?T?^@ZBXJ`@Tt@?JEPq@|BGLTd@BDj@fAh@|@DDd@j@BMDOdAoEZoA^aBb@eBT_AH[x@gDEGa@k@OWMUU[S[DMZ{@f@{AZcAPw@BKbAmFNq@\kBHc@f@wB`@sABMHUL_@Nc@HWb@uAEECCUYADGN]bA	Click to Generate
S26	20	1			2	Hair by Lisa (S26)	The Co-operative Food (S26)		1874	1406	g}rdIf~pGA@EBE?KMzCcFT]DGDI`@o@N\gAdBwBjDW\EBE?KMzCcFT]DGDI`@o@V_@V_@d@q@n@aAJOl@_ANU`@q@d@u@^i@dAeBb@s@z@sADIDGFKl@}@tAyBn@aAz@wABGPUXg@N\@J?JCHGDGAGGOSQTCF{@vAo@`AuAxBm@|@GJEFEH_BfCeAdB_@h@e@t@a@p@OTm@~@KNo@`Ae@p@W^W^N\_EpGUZ	Click to Generate
S26	30	1			2	Frecheville News, Cards & Gifts (S26)	Birley Primary Academy (S26)		2572	1929	wsrdIbtpG[w@A@C?IEMKW^W^N\kBvCsAxBW\EBE?KMIJk@x@MTk@z@q@fAW`@gAbBFL@BBBBB^Pp@Zn@XjCrAlCnAjCnAfHhDNLJJHPJTDTDNLfA@D@F@DBDZeBDODUXyAh@iCZ_BLq@|BbBFKFIn@q@FEBKBG@I?K?KI]Qi@Yu@GYCWAW?MFQHMCs@Br@ILGP?L@VBVFXXt@BJL\H\?J?JAHCFCJGDo@p@kAuFEKCIBY@[?sE?o@@{A?k@@o@@a@@[MOKOMYYs@IWoA{CuBdD{A`CuBdD_@j@sAgDO]M]O][{@O]V_@V_@LJHDB?@AZv@	Click to Generate
S26	20	1			2	Birley Health Centre (S26)	The Fairway (S26)		1804	1353	gmqdIf{pG??_Db@OoEj@Az@Kt@K|Fs@ZE~@MXG\Kb@KZfEw@J_@F??^Gv@K[gEI_AGg@AOAICUEo@AUEk@?ECc@Ew@AKAS?YCmBA{@Aa@?UAUAWEk@AW@AB???TI\C??]BUH??C?A@@VDj@@V@T?T@`@@z@BlB?X@R@JDv@Bb@?DDj@@TDn@BT@H@NFf@H~@c@J]JYF_AL[D}Fr@u@J{@Jk@@NnE~Cc@??	Click to Generate
S26	15	1			2	Safa (S26)	Hair by Lisa (S26)		1105	829	_jrdItapGc@r@eAdB_@h@e@t@a@p@OTm@~@k@oAACi@uAh@tAl@rAKNo@`Ae@p@W^W^N\gAdBwBjDW\EBE?KMzCcFT]DGDI`@o@V_@V_@d@q@n@aAJOl@_ANU`@q@d@u@^i@dAeBb@s@	Click to Generate
S26	60	1			2	Birley Wood Golf Club (S26)	The Phoenix Inn (S26)		5155	3866	s`qdInyoG]BLxAz@J??{@KMyAUH??C?A@@VDj@@V@T?T@`@@z@BlB?X@R@JDv@Bb@?DDj@@TDn@BT@H@NFf@H~@ZfEFp@Dt@L~ADd@Bd@Bf@@f@?f@@b@?V?RAVARAPE^ERG^I^G\GVGZGTGVIZGRGPGPGPGNOXMVMRQVW`@mAtByAlCINGNGNCRCLAR?^GpH?|Cj@RRJPFLLLLHTf@hBBFJRDFN[Xs@jAgCtBaEzCqGlAuCHUj@_BFQfDkLv@qCb@_Bf@_Bx@mChAsD`A_Dt@cDToATwAL_AJw@Ho@BURuALcADYTNUfC@HBHRZJJLJPHQIMKKKKQGICIAITgCUOEXMbAStACTIn@Kv@M~@UvAUnAu@bDaA~CiArDy@lCg@~Ac@~Aw@pCgDjLGPk@~AITmAtC{CpGuB`EkAfCYr@OZEGKSCGg@iBIUMMMMQGSKk@S?}CFqH?_@@SBMBSFOFOHOxAmClAuBVa@PWLSLWNYFOFQFQFQFSH[FWFUF[FWF]H_@F_@DSD_@@Q@S@W?S?WAc@?g@Ag@Cg@Ce@Ee@M_BEu@Gq@[gEI_AGg@AOAICUEo@AUEk@?ECc@Ew@AKAS?YCmBA{@Aa@?UAUAWEk@AW@AB???TI\C	Click to Generate
S26	20	1			2	Golden City (S26)	The Co-operative Food (S26)		1874	1406	g|rdIz|pGINW\EBE?KMzCcFT]DGDI`@o@N\U\iDrFW\EBE?KMzCcFT]DGDI`@o@V_@V_@d@q@n@aAJOl@_ANU`@q@d@u@^i@dAeBb@s@z@sADIDGFKl@}@tAyBn@aAz@wABGPUXg@N\@J?JCHGDGAGGOSQTCF{@vAo@`AuAxBm@|@GJEFEH_BfCeAdB_@h@e@t@a@p@OTm@~@KNo@`Ae@p@W^W^N\uD`G	Click to Generate
S26	60	1			2	Birley Wood Golf Club (S26)	Queens Head (S26)		6467	4850	e_pdItdpGGICIAITgCUOEXMbAStACTIn@Kv@M~@UvAUnAu@bDaA~CiArDy@lCg@~Ac@~Aw@pCgDjLGPk@~AITmAtC{CpGuB`EkAfCYr@OZEGKSCGg@iBIUMMMMQGSKk@S?}CFqH?_@@SBMBSFOFOHOxAmClAuBVa@PWLSLWNYFOFQFQFQFSH[FWFUF[FWF]H_@F_@DSD_@@Q@S@W?S?WAc@?g@Ag@Cg@Ce@Ee@M_BEu@Gq@[gEI_AGg@AOAICUEo@AUEk@?ECc@Ew@AKAS?YCmBA{@Aa@?UAUAWEk@AW@AB???TILxAz@J??{@KMyAUH??C?A@@VDj@@V@T?T@`@@z@BlB?X@R@JDv@Bb@?DDj@@TDn@BT@H@NFf@H~@ZfEFp@Dt@L~ADd@Bd@Bf@@f@?f@@b@?V?RAVARAPE^ERG^I^G\GVGZGTGVIZGRGPGPGPGNOXMVMRQVW`@mAtByAlCINGNGNCRCLAR?^GpH?|Cj@RRJPFLLLLHTf@hBBFJRDFN[Xs@jAgCtBaEzCqGlAuCHUj@_BFQfDkLv@qCb@_Bf@_Bx@mChAsD`A_Dt@cDToATwAL_AJw@Ho@BURuALcADYDS\iCHs@BW^aENiA^mBFa@ZoAXeAJKNIPEF@PHxArAdB`Bb@^j@h@DBh@\`@RXJB@PJRJTPVZ`@h@]zCw@Uw@WIC@ERaBF{@Bu@CAYKa@S??i@]ECk@i@c@_@eBaByAsAQIGAQDOHKJYdA[nAG`@_@lBOhA_@`ECVIr@]hCERTNUfC@HBHFH	Click to Generate
S26	30	1			2	Golden City (S26)	Birley Primary Academy (S26)		2654	1990	kvrdI|mpGZr@DBNW?NBDHTe@p@W^W^N\U\iDrFW\EBE?KMIJk@x@MTk@z@q@fAW`@gAbBFL@BBBBB^Pp@Zn@XjCrAlCnAjCnAfHhDNLJJHPJTDTDNLfA@D@F@DBDZeBDODUXyAh@iCZ_BLq@|BbBFKFIn@q@FEBKBG@I?K?KI]Qi@Yu@GYCWAW?MFQHMCs@Br@ILGP?L@VBVFXXt@BJL\H\?J?JAHCFCJGDo@p@kAuFEKCIBY@[?sE?o@@{A?k@@o@@a@@[MOKOMYYs@IWoA{CuBdD{A`CuBdD_@j@sAgDO]M]O][{@O]V_@V_@d@q@IUCE?OOVEC[s@	Click to Generate
S26	30	1			2	Grayson's Plumbing & Heating Supplies (S26)	Stradbroke Community Centre (S26)		2455	1841	}|tdI|coGCJMVMKCFEDAF@FADGNg@|Ag@~AABYz@GFG?]AAZ?N`@@ZBD?D@g@vBIb@]jBOp@cAlFCJQv@[bAg@zA[z@ELRZTZLTNV`@j@DFy@fDIZU~@c@dB_@`B[nAeAnEENCLe@k@EEi@}@k@gACEUe@FMp@}BDQ?KUu@Ka@CYA[?_@?UBYDSDSDMFCFUTULOc@d@GTGBELERERCX?T?^@ZBXJ`@Tt@?JEPq@|BGLTd@BDj@fAh@|@DDd@j@BMDOdAoEZoA^aBb@eBT_AH[x@gDEGa@k@OWMUU[S[DMZ{@f@{AZcAPw@BKbAmFNq@\kBHc@f@wB`@sABMHUL_@Nc@HWb@uABI\gAIGCCEECH	Click to Generate
S26	30	1			2	Queens Head (S26)	St John the Evangelist (S26)		2488	1866	qaodIbzoGHUF[aAi@s@e@k@c@s@u@a@i@W[UQSKQKCAYKa@Si@]ECk@i@c@_@eBaByAsAQIGAQDOHKJF_@DYDa@DJJb@FNF@PHxArAdB`Bb@^j@h@DBh@\??`@RXJB@PJRJTPVZ`@h@r@t@j@b@r@d@`Ah@@@`@NXFFBn@LH?b@F`@@d@?l@B^DL@vBj@jA\x@Rt@^VNv@`@`Bx@FDPFZLVHPDzA\dDt@@yA@{@Az@AxAeDu@{A]QEWI[MYMaBy@w@a@WOu@_@y@SkA]wBk@MA_@Em@Ce@?a@Ac@GI?o@MGCYGa@OAAGZIT	Click to Generate
S26	20	1			2	The Birley (S26)	The Co-operative Food (S26)		1713	1285	szrdIrzpG}@vAW\EBE?KMzCcFT]DGDI`@o@V_@V_@LJHDB?@AZv@JTHTYd@M@KMGEI?MP[{@O]V_@V_@d@q@n@aAJOl@_ANU`@q@d@u@^i@dAeBb@s@z@sADIDGFKl@}@tAyBn@aAz@wABGPUXg@N\@J?JCHGDGAGGOSQTCF{@vAo@`AuAxBm@|@GJEFEH_BfCeAdB_@h@e@t@a@p@OTm@~@KNo@`Ae@p@W^W^N\aCxD	Click to Generate
S26	15	1			2	The Fairway (S26)	Birley Health Centre (S26)		1219	914	klqdInxoGB?^Kd@I\AfAC~@AX?LALADAB?@AHbA@P@AB???TI\C??]BUH??C?A@@VDj@@V@T?T@`@@z@BlB?X@R@JDv@Bb@?DDj@@TDn@BT@H@NFf@H~@ZfEw@J_@F??^Gv@K[gEI_AGg@AOAICUEo@AUEk@?ECc@Ew@AKAS?YCmBA{@Aa@?UAUAWEk@AWAQIcAA@C?E@M@M@Y?_A@gAB]@e@H_@JC?	Click to Generate
S26	60	1			2	Outwood Academy City (S26)	Scowerdons Community Centre (S26)		6473	4855	s_tdIvpoG?GAc@?GA[A[?IAo@CaAAm@CiACsAAyA?wA?S?mA?}A?s@?eB?U?y@?[?g@?E?O?Y?QAe@AMEWCUM]Q]A?EECCGKCKAI?I?I?M@E@SBg@BYHc@BW@[B[@W?WAq@IqCA]CYCSWoBS}AGa@My@WyAUuAIF]Ty@p@m@l@i@n@EI]w@[w@_@s@_@o@U]q@}@SQMIKGMCYGk@I]EG`C?HCjAC|@?x@AXAjB?~A?~@?~C?t@BH?T?NCL?f@?J?R@JPxE@R?NBx@?R?H@V@|@L?@?F?FEBI?YCa@?QDKJEPAj@JN@LCVEREX@HDDJ@T?|E@n@LdB?p@?jA?pAAjBG~BI`BHaBF_C@kB?}C?q@MeBAo@?}EAUEKIEYASDWDMBOAk@KQ@KDEJ?PB`@?XCHGDG?A?M?A}@AW?I?SCy@?OASQyEAK?S?K?g@BM?O?UCI?u@?_D?_A?_B@kB@Y?y@B}@BkA?IFaC\Dj@HXFLBJFLHRPp@|@T\^n@^r@Zv@\v@DHh@o@l@m@x@q@\UHGTtAVxALx@F`@R|AVnBBRBX@\HpC@p@?VAVCZAZCV?T@N@JBLHJFPDDBDDHBP@H?HAHAJAR?VBh@?p@@L@d@?P?XJ@R?\BNBVHB@PJ\Z`@V\VZTTFJB\D\Af@Eb@ORKLIVUZ]Xa@HMJQTg@JYN_@La@Lc@Pm@ZcAPi@@ALc@\y@L[LYBIN[Xi@T[Va@FNx@nBFPj@tAN\Nf@Nf@Ld@j@vBVbAJb@?@Hf@Dh@B`@@^?\A^AXEb@KdAGp@Cj@Cn@Ad@?F?d@@p@@r@KBOBSFOFYVWXOTKNUZ_@j@GDGAF@FE^k@T[JONUVYLMJINGRGNCJCAs@Aq@?e@?G@e@Bo@Bk@Fq@JeADc@WIA?QCS?QBGBQFSBO?OCOIQOa@_@GGOMOGMGOCC?K?I@G@UH]P]PA@OFQDO@OCOEQIMIMOACKOKU]}@AAEKY`@[\WTMHSJc@Ng@D]@]EKCUG[U]Wa@W][QKCAWIOC]CS?KA?N?D?f@?Z?x@?T?dB?r@?|A?lA?R?vA@xABrABhA@l@B`A@n@?H@Z@Z?F@b@?F	Click to Generate
S26	60	1			2	Carter Hall Lane (S26)	Birley Health Centre (S26)		5655	4241	otpdIdarG{@u@ITmAtC{CpGuB`EkAfCYr@OZId@ADMn@e@pCShA{@lE{BvLWvAEVKv@Mt@M|@Ed@AHANAFCVDBD@PFrBp@`EzA~@ZJORSJILITINEAe@AYBO@EJ]HSHQJWVe@Vg@@KBOBGVg@^cAr@aCfAkDZoAJ]`@}@l@oAZk@nAiCPWPQ`@W^Sn@U^CFA`@D`@H~@Z\J?n@@HHPIQAI?o@]K_A[a@Ia@Eg@Do@T_@Ra@VQPQVoAhC[j@m@nAa@|@K\[nAgAjDs@`C_@bAWf@CFCNAJWf@Wd@KVIPIRK\ADCN@X@d@ODUHMHKHSRKN_A[aE{AsBq@QGEAECBW@G@O@IDe@L}@Lu@Jw@DWVwAzBwLz@mERiAd@qCLo@@EHe@EGKSCGg@iBIUMMMMQGSKk@S?}CFqH?_@@SBMBSFOFOHOxAmClAuBVa@PWLSLWNYFOFQFQFQFSH[FWFUF[FWF]H_@F_@DSD_@@Q@S@W?S?WAc@?g@Ag@Cg@Ce@Ee@M_BEu@Gq@w@J_@F??^Gv@KFp@Dt@L~ADd@Bd@Bf@@f@?f@@b@?V?RAVARAPE^ERG^I^G\GVGZGTGVIZGRGPGPGPGNOXMVMRQVW`@mAtByAlCINGNGNCRCLAR?^GpH?|Cj@RRJPFLLLLHTf@hBBFJRDFN[Xs@jAgCtBaEzCqGlAuCHUz@t@	Click to Generate
S26	45	1			2	Carter Hall Road, Charnock (S26)	Charnock Hall Road (S26)		4058	3044	kbsdId~tGPbAPlA@HBR`@?P?^@f@@h@H`AHVBF?^DrANZBN@lBRr@Jv@HTFZJb@Nb@R^Tb@^PPl@n@~@dAVJHBJ@FBH@F?JCH?\m@V[TUBEj@g@LMJKNOJKHIFIFOHUDQLe@Jm@BOf@qCd@}BtAiHNy@Lu@Jo@Jw@PkB@ILcBDBD@PFrBp@hAb@vBv@~@ZJORSJILITINEx@Gx@GPAN@LFPPLTFJDNPr@FXBFH\Rx@Lb@Jb@?BFXDd@?X?ZE\iA|GG^Kb@GRGXU|@IZS~@c@~BiBeA[MECgC}@k@So@U_A]o@SiC}@k@Ug@Qg@Qu@YQEC?g@pCCNKl@E^E`@Oz@Ip@AJC^Gv@Gr@Gp@Ef@?VA`@AVELELEFGFIDC@KDE@I?OCuAaBOCG@G@GDKFG`@G^YrBGVENGRGPSn@GPELEPKf@Id@EZCZE^QvBKbAG^I^Yz@Sp@cA~CGKGMEMOu@OmAA]BuEIE_DmBc@[UUgDqFg@}@Q_@M]Q{@WcBQgA?Ak@qDG]Mw@Ii@?CCOG]?CCKAIAGCSAIQmAQcA	Click to Generate
S26	60	1			2	Outwood Academy City (S26)	The Strad (S26)		5103	3827	eatdIlooG??Dc@@IVFD?@@DAA[?IAo@CaAAm@CiACsAAyA?wA?S?mA?}A?s@?eB?U?y@?[?g@?E?O?Y?QAe@AMEWCUM]Q]A?EECCGKCKAI?I?I?M@E@SBg@BYHc@BW@[B[@W?WAq@IqCA]CYCSWoBS}AGa@My@WyAUuAIF]Ty@p@m@l@i@n@EI]w@[w@_@s@_@o@U]q@}@SQMIKGMCYGk@I]EG`C?HCjAC|@?x@AXAjB?~A?~@?~C?t@BH?T?NCL?f@?J?R@JPxE@R?NBx@?R?H@V@|@L?@?F?FEBI?YCa@?QDKJEPAj@JN@LCVEREX@HDDJ@T?|E@n@LdB?p@?jA?pAAjBG~BI`BHaBF_C@kB?}C?q@MeBAo@?}EAUEKIEYASDWDMBOAk@KQ@KDEJ?PB`@?XCHGDG?A?M??T?B@d@@b@@fA@t@?\Az@I?s@Ei@AM@GFETA^G~BA`AE|@Gn@In@Kl@GX]fACHEECCUYAG@GDEBGLJLWBKBIDDBBHFFYJm@Ho@Fo@D}@@aAF_C@_@DUFGLAh@@r@DH?@{@?]Au@AgAAc@Ae@?C?UA}@AW?I?SCy@?OASQyEAK?S?K?g@BM?O?UCI?u@?_D?_A?_B@kB@Y?y@B}@BkA?IFaC\Dj@HXFLBJFLHRPp@|@T\^n@^r@Zv@\v@DHh@o@l@m@x@q@\UHGTtAVxALx@F`@R|AVnBBRBX@\HpC@p@?VAVCZAZCV?T@N@JBLHJFPDDBDDHBP@H?HAHAJAR?VBh@?p@@L@d@?P?X?N?D?f@?Z?x@?T?dB?r@?|A?lA?R?vA@xABrABhA@l@B`A@n@?H@ZE@AAE?WGAHEb@??	Click to Generate
S26	20	1			2	The Strad (S26)	Outwood Academy City (S26)		1942	1456	oaudIfmoGL_@f@_Bf@}AFO@EAG@GDEBGLJLWBKBIDDBBHFFYJm@Ho@Fo@D}@@aAF_C@_@DUFGLAh@@r@DH?@{@?]Au@AgAAc@Ae@?C?UL?@?F?FEBI?YCa@?QDKJEPAj@JN@LCVEREX@HDDJ@T?|E@n@LdB?p@?jA?pAAjBG~BI`BHaBF_C@kB?}C?q@MeBAo@?}EAUEKIEYASDWDMBOAk@KQ@KDEJ?PB`@?XCHGDG?A?M??T?B@d@@b@@fA@t@?\Az@I?s@Ei@AM@GFETA^G~BA`AE|@Gn@In@Kl@GX]fACHEECCUYADGNg@|Ag@~AM^	Click to Generate
S26	30	1			2	Charnock Hall Road (S26)	Carter Hall Lane (S26)		3023	2267	aipdIbjtGKq@EQUc@KVO^}BbGw@pBELEJQd@K\}@tEKZMVKLOHUDQ?QE_Ao@hA}GD]?[?YEe@GY?CKc@Mc@Sy@I]CGGYQs@EOGKMUQQMGOAQ@y@Fy@FAe@AYBO@EJ]HSHQJWVe@Vg@@KBOBGVg@^cAr@aCfAkDZoAJ]`@}@l@oAZk@nAiCPWPQ`@W^Sn@U^CFA`@D`@H~@Z\J?n@@HHPIQAI?o@]K_A[a@Ia@Eg@Do@T_@Ra@VQPQVoAhC[j@m@nAa@|@K\[nAgAjDs@`C_@bAWf@CFCNAJWf@Wd@KVIPIRK\ADCN@X@d@x@Gx@GPAN@LFPPLTFJDNPr@p@i@TYNYhBaFBGlCiHPc@HOLIHENAJBLJHJJTd@nAVv@^nAJ\D^?ZA\CVIXq@hBIRTb@DPJp@	Click to Generate
S26	20	1			2	Frecheville Post Office (S26)	St Cyprian (S26)		1515	1136	gyrdIpxpGiBxCW\EBE?KMzCcFT]DGDI`@o@V_@V_@d@q@n@aAJOl@_ANU`@q@DJ@H?JAHuBfDMT_@n@E@A@C?IEMKW^W^N\Zz@N\L\N\l@}@pD{FPYr@cA`AaBrAfDuBdD{@tA_@j@uBdD_@j@sAgDO]M]O][{@uAvB	Click to Generate
S26	10	1			2	The Birley (S26)	Safa (S26)		895	671	izrdI`zpGgAhBW\EBE?KMzCcFT]DGDI`@o@V_@V_@LJHDB?@AZv@JTHTYd@M@KMGEI?MP[{@O]V_@V_@d@q@n@aAJOk@oAACi@uAh@tAl@rAKNo@`Ae@p@W^W^N\wBfD	Click to Generate
S26	15	1			2	Birley Moor Garden Centre (S26)	Birley Moor Fire Station (S26)		1298	974	umpdIpxmGGFE?ECEKIm@?OBQFWBS?OAMCKCG[y@oCdERb@LPD?DC??NUOTEBE?MQSc@{A~BgHvKi@z@`@`AL\@T]f@OAGK??FJN@\g@AUM]a@aAh@{@fHwKzA_CnCeEZx@BFBJ@L?NCRGVCP?NHl@DJDBD?FG	Click to Generate
S26	20	1			2	The Birley Academy (S26)	The Fairway (S26)		1972	1479	_bqdItxpG^Gv@K[gEc@J]JYF_AL[D}Fr@u@J{@Jk@@NnE~Cc@??FCBEXEB?H?BDJZ^fB_@gBK[CEI?C?YDCDGB_Db@OoEj@Az@Kt@K|Fs@ZE~@MXG\Kb@KI_AGg@AOAICUEo@AUEk@?ECc@Ew@AKAS?YCmBA{@Aa@?UAUAWEk@AW@AB???TI\C??]BUH??C?A@@VDj@@V@T?T@`@@z@BlB?X@R@JDv@Bb@?DDj@@TDn@BT@H@NFf@H~@ZfEw@J_@F	Click to Generate
S26	15	1			2	Meraki (S26)	Frecheville Post Office (S26)		1067	800	q|rdIj}pG??W\EBE?KMzCcFT]DGDI`@o@N\m@~@qCpEW\EBE?KMzCcFT]DGDI`@o@V_@V_@d@q@n@aAJOl@_ANU`@q@DJ@H?JAHuBfDMT_@n@E@A@C?IEMKW^W^N\_EpG	Click to Generate
S26	20	1			2	Grandpa Joe's Potting Shed (S26)	Birley Caravan Storage (S26)		1461	1096	qaqdIjnnGFJN@\g@AUM]a@aAh@{@fHwKzA_CRb@Y`@ADAF@HHVNb@Rd@BJDBDBFAZMFAD?E?G@[LG@ECECCKc@iAIWAI@G@EXa@Sc@nCeEZx@BFBJ@L?NCRGVCP?NHl@DJDBD?FG??GFE?ECEKIm@?OBQFWBS?OAMCKCG[y@oCdE{A~BgHvKi@z@`@`AL\@T]f@OAGK	Click to Generate
S26	15	1			2	Birley Caravan Storage (S26)	Birley Moor Fire Station (S26)		1276	957	qrpdIxxmGEBE?MQSc@nCeEZx@BFBJ@L?NCRGVCP?NHl@DJDBD?FG??GFE?ECEKIm@?OBQFWBS?OAMCKCG[y@oCdE{A~BgHvKi@z@`@`AL\@T]f@OAGK??FJN@\g@AUM]a@aAh@{@fHwKzA_CRb@LPD?DC	Click to Generate
S26	30	1			2	The Birley Academy (S26)	St Cyprian (S26)		2659	1994	}}qdIplqGL\H\?J?JAHCFCJGDo@p@kAuFEKCIBY@[?sE?o@x@BD?x@B\@\AXGFAXK^UTOHGZMZGF?|BW~Cc@??FCBEXEB?H?BDJZ^fB_@gBK[CEI?C?YDCDGB_Db@OoEe@C[IUGME[QUOCA[W_@c@[g@]c@]]UKSKC?GC_AWADc@jGKjAMOKOMYYs@IWoA{CuBdD{@tA_@j@uBdD_@j@sAgDl@}@pD{FPYr@cA`AaBrAfDnAzCHVXr@LXJNLNAZA`@An@?j@AzA?n@?rEAZCXBHDJjAtFn@q@FEBKBG@I?K?KI]M]	Click to Generate
S26	20	1			2	Birley Spa Primary Academy (S26)	Spa View Community Church (S26)		1964	1473	oordIx{mGZ@d@AJ?VN`@d@^d@Xf@h@lABFD@JIFGVj@l@fAu@fBMP_@l@SZKSEIIEI?GFU^y@qBEEEAEFsArBrAsBDGD@DDRf@d@hAT_@FGH?HDDHJRMRc@p@CHCHETCT?TBZHX\v@Pb@N`@`CdGVa@LSNUdA}ALONKPGPCb@@`@??}@@qBQ_@QYm@cAGI{@sASYm@_AGKa@o@L_@Jc@DSBKD]@IDa@@_@@a@@i@?a@@_@B]KEGAE?G@CAEACG?E?GAGGKUOTNFJ??@F?F?DBFD@B@FAD?F@JDC\A^?`@Ah@A`@A^E`@AHE\CJERKb@M^Wg@m@gAWk@GFKHEACGi@mAYg@_@e@a@e@WOK?e@@[A	Click to Generate
S26	20	1			2	Birley Spa (S26)	Golden Plover (S26)		1687	1265	alrdItinGd@hAT_@FGH?HDDHJRMRc@p@CHCHETCT?TBZHX\v@Pb@N`@`CdGVa@LSNUdA}ALONKPGPCb@@`@??}@@qBQ_@QYm@cAGI{@sASYm@_AGKa@o@Wg@m@gAWk@GFKHEACGi@mAYg@_@e@a@e@WOK?e@@[AO?E?e@Ed@DD?j@@d@AJ?VN`@d@^d@Xf@h@lABFD@JIFGVj@l@fAVf@L_@Jc@DSBKD]PXj@n@O`@Un@K@K^GKa@o@Wg@u@fBMP_@l@SZKSEIIEI?GFU^e@iA	Click to Generate
S26	10	1			2	The Fairway (S26)	Birley Health Centre (S26)		945	709	g_qdIx|oG{@KMyA\C??]BUH??C?A@@VDj@@V@T?T@`@@z@BlB?X@R@JDv@Bb@?DDj@@TDn@BT@H@NFf@H~@ZfEw@J_@F??^Gv@K[gEI_AGg@AOAICUEo@AUEk@?ECc@Ew@AKAS?YCmBA{@Aa@?UAUAWEk@AW@AB???TILxAz@J	Click to Generate
S26	10	1			2	Golden City (S26)	The Sherwood (S26)		988	741	q{rdI|{pG_@l@W\EBE?KMzCcFT]DGDI`@o@N\U\iDrFW\EBE?KMzCcFT]DGDI`@o@V_@V_@d@q@IUCE?OOVEC[s@?Ac@r@\t@`@s@DBNW?NBDHTe@p@W^W^N\_DbF	Click to Generate
S26	60	1			2	View from Carter Hall Lane to Sunny Bank (S26)	Arnold Avenue in Charnock Hall (S26)		5234	3926	ckpdIp`sG_@Bo@T_@Ra@VQPQVoAhC[j@m@nAa@|@K\[nAgAjDs@`C_@bAWf@CFCNAJWf@Wd@KVIPIRK\ADCN@X@d@ODUHMHKHSRKN_A[aE{AsBq@QGEAECBW@G@O@IDe@L}@Lu@Jw@DWVwAzBwLz@mERiAd@qCLo@@EHe@N[Xs@jAgCtBaEzCqGlAuCHUz@t@??{@u@ITmAtC{CpGuB`EkAfCYr@OZId@ADMn@e@pCShA{@lE{BvLWvAEVKv@Mt@M|@Ed@AHANAFCVDBD@PFrBp@`EzA~@ZJORSJILITINEx@Gx@GPAN@LFPPLTFJDNPr@FXBFH\Rx@Lb@Jf@FXDd@?X?ZE\iA|G~@n@PDP?TENIJMLWJ[|@uEJ]Pe@DKDMv@qBNPJL~ApAHBFAFAFEDIFMZeAPg@BK@C?O?MUcBGg@Kq@EQUc@HSp@iBHYBW@]?[E_@K]_@oAWw@e@oAKUIKMKKCO@IDMHINQb@mChHCFiB`FOXUXq@h@Qs@EOGKMUQQMGOAQ@y@Fy@FAe@AYBO@EJ]HSHQJWVe@Vg@@KBOBGVg@^cAr@aCfAkDZoAJ]`@}@l@oAZk@nAiCPWPQ`@W^Sn@U^C	Click to Generate
S26	20	1			2	Charnock Hall Road (S26)	Arnold Avenue in Charnock Hall (S26)		1963	1472	qiqdIdgtGvBv@~@ZJORSJILITINEx@Gx@GPAN@LFPPLTFJDNPr@FXBFH\Rx@Lb@Jb@?BFXDd@?X?ZE\iA|G~@n@PDP?TENIJMLWJ[|@uEJ]Pe@DKDMv@qBNPJL~ApAHBFAFAFEDIFMZeAPg@BK@C?O?MUcBGg@Kq@EQUc@HSp@iBHYBW@]?[E_@K]_@oAWw@e@oAKUIKMKKCO@IDMHINQb@mChHCFiB`FOXUXq@h@Qs@EOGKMUQQMGOAQ@y@Fy@FODUHMHKHSRKN_A[wBw@	Click to Generate
S26	30	1			2	Arnold Avenue in Charnock Hall (S26)	Carter Hall Road, Charnock (S26)		2260	1695	qwpdIbqtG?BFXDd@?X?ZE\iA|G~@n@PDP?TENIJMLWJ[|@uEJ]Pe@DKDMv@qBNPJL~ApAHBFAFAFEDIFMZeAPg@BK@C?O?MUcBGg@Kq@EQUc@HSp@iBHYBW@]?[E_@K]_@oAWw@e@oAKUIKMKKCO@IDMHINQb@mChHCFiB`FOXUXq@h@Qs@EOGKMUQQMGOAQ@y@Fy@FODUHMHKHSRKNq@rAO\KVKZOf@_AtCuBeCKKOKx@}HhAb@vBv@~@ZJORSJILITINEx@Gx@GPAN@LFPPLTFJDNPr@FXBFH\Rx@Lb@Jb@	Click to Generate
S26	10	1			2	Safa (S26)	Meraki (S26)		1009	757	cqrdIbupGu@lAm@|@O]M]O][{@O]V_@V_@d@q@n@aAJOk@oAACi@uAh@tAl@rAKNo@`Ae@p@W^W^N\m@~@qCpEW\EBE?KMzCcFT]DGDI`@o@N\Zz@N\L\N\l@}@t@mA	Click to Generate
S26	10	1			2	The Birley (S26)	Safa (S26)		895	671	}yrdIpypGsAxBW\EBE?KMzCcFT]DGDI`@o@V_@V_@LJHDB?@AZv@JTHTYd@M@KMGEI?MP[{@O]V_@V_@d@q@n@aAJOk@oAACi@uAh@tAl@rAKNo@`Ae@p@W^W^N\kBvC	Click to Generate
S26	15	1			2	Meraki (S26)	St Cyprian (S26)		1332	999	msrdIxppG_@n@E@A@C?IEMKW^W^N\m@~@qCpEW\EBE?KMzCcFT]DGDI`@o@N\Zz@N\L\N\l@}@pD{FPYr@cA`AaBrAfDuBdD{@tA_@j@uBdD_@j@sAgDO]M]O][{@O]V_@V_@LJHDB?@ADA^o@	Click to Generate
S26	5	1			2	Bullie Ink Tattoo Collective (S26)	The Sherwood (S26)		638	478	gwrdIvupGiCdE_@l@W\EBE?KMzCcFT]DGDI`@o@V_@V_@d@q@IUCE?OOVEC[s@?Ac@r@\t@`@s@DBNW?NBDHTe@p@W^W^N\U\	Click to Generate
S26	20	1			2	Spa View Community Church (S26)	Birley Spa Primary Academy (S26)		1515	1136	oardIhfnGNa@k@o@QY@IDa@@_@@a@@i@?a@@_@B]KEGAE?G@CAEACG?E?GAGGKUOTNFJ??@F?F?DBFD@B@FAD?F@JDC\A^?`@Ah@A`@A^E`@AHE\CJERKb@M^Wg@u@fBMP_@l@SZKSEIIEI?GFU^y@qBEEEAEFsArBrAsBDGD@DDRf@d@hAT_@FGH?HDDHJRMRc@p@CHCHETCT?TBZHX\v@Pb@N`@`CdGVa@LSNUdA}ALONKPGPCb@@`@??}@@qBQ_@QYm@cAGI{@sASYm@_AJ_@JATo@	Click to Generate
S26	20	1			2	Spa View Community Church (S26)	Birley Spa Primary Academy (S26)		1543	1157	_brdIddnGKMQY@IDa@@_@@a@@i@?a@@_@B]KEGAE?G@CAEACG?E?GAGGKUOTNFJ??@F?F?DBFD@B@FAD?F@JDC\A^?`@Ah@A`@A^E`@AHE\CJERKb@M^Wg@u@fBMP_@l@SZKSEIIEI?GFU^y@qBEEEAEFsArBrAsBDGD@DDRf@d@hAT_@FGH?HDDHJRMRc@p@CHCHETCT?TBZHX\v@Pb@N`@`CdGVa@LSNUdA}ALONKPGPCb@@`@??}@@qBQ_@QYm@cAGI{@sASYm@_AGKa@o@L_@Jc@DSBKD]PXJL	Click to Generate
S26	15	1			2	Birley Caravan Storage (S26)	Birley Moor Fire Station (S26)		1347	1010	mspdI`|mGOc@IWAI@G@EXa@Sc@nCeEZx@BFBJ@L?NCRGVCP?NHl@DJDBD?FG??GFE?ECEKIm@?OBQFWBS?OAMCKCG[y@oCdE{A~BgHvKi@z@`@`AL\@T]f@OAGK??FJN@\g@AUM]a@aAh@{@fHwKzA_CRb@Y`@ADAF@HHVNb@	Click to Generate
S26	20	1			2	The Strad (S26)	Outwood Academy City (S26)		1917	1438	caudIjloG@Cf@_Bf@}AFO@EAG@GDEBGLJLWBKBIDDBBHFFYJm@Ho@Fo@D}@@aAF_C@_@DUFGLAh@@r@DH?@{@?]Au@AgAAc@Ae@?C?UL?@?F?FEBI?YCa@?QDKJEPAj@JN@LCVEREX@HDDJ@T?|E@n@LdB?p@?jA?pAAjBG~BI`BHaBF_C@kB?}C?q@MeBAo@?}EAUEKIEYASDWDMBOAk@KQ@KDEJ?PB`@?XCHGDG?A?M??T?B@d@@b@@fA@t@?\Az@I?s@Ei@AM@GFETA^G~BA`AE|@Gn@In@Kl@GX]fACHEECCUYADGNg@|Ag@~AAB	Click to Generate
S26	10	1			2	The Admiral (S26)	Frecheville Post Office (S26)		717	538	yxrdI~wpGwBjDUZA@EBE?KMzCcFT]DGDI`@o@V_@V_@d@q@n@aAJOl@_ANU`@q@DJ@H?JAHuBfDMT_@n@E@A@C?IEMKW^W^N\gAdB	Click to Generate
S26	20	1			2	Frecheville Post Office (S26)	St Cyprian (S26)		1515	1136	_yrdIfxpGqBbDW\EBE?KMzCcFT]DGDI`@o@V_@V_@d@q@n@aAJOl@_ANU`@q@DJ@H?JAHuBfDMT_@n@E@A@C?IEMKW^W^N\Zz@N\L\N\l@}@pD{FPYr@cA`AaBrAfDuBdD{@tA_@j@uBdD_@j@sAgDO]M]O][{@mAlB	Click to Generate
S26	45	1			2	Outwood Academy City (S26)	Stradbroke Community Centre (S26)		3990	2992	_`udIvioGDOf@}AFO@ETXBBDDBI\gAFYJm@Ho@Fo@D}@@aAF_C@_@DUFGLAh@@r@DH?@{@?]Au@AgAAc@Ae@?C?UL?@?F?FEBI?YCa@?QDKJEPAj@JN@LCVEREX@HDDJ@T?|E@n@LdB?p@?jA?pAAjBG~BI`BHaBF_C@kB?}C?q@MeBAo@?}EAUEKIEYASDWDMBOAk@KQ@KDEJ?PB`@?XCHGDG?A?M??T?B@d@@b@@fA@t@?\Az@ExCGtDAZCf@Gt@M|@Mp@IXIXQd@ITUp@qAxDOb@GRKZKf@Kn@Kp@SpAM~@SbAWpAGTYhAg@nBSt@Ur@Qj@Qj@CHGRy@fDIZU~@c@dB_@`B[nAeAnEENCLe@k@EEi@}@k@gACEUe@FMp@}BDQ?KUu@Ka@CYA[?_@?UBYDSDSDMFCFUTULOc@d@GTGBELERERCX?T?^@ZBXJ`@Tt@?JEPq@|BGLTd@BDj@fAh@|@DDd@j@BMDOdAoEZoA^aBb@eBT_AH[x@gDEGa@k@OWMUU[S[DMZ{@f@{AZcAPw@BKbAmFNq@\kBHc@f@wBEAE?[Ca@A?O@[\@F?FGZ_A`@oA	Click to Generate
S26	20	1			2	Birley Spa Primary Academy (S26)	Birley Spa (S26)		1819	1364	ubrdIpanG??E`@AHE\CJERKb@M^Wg@u@fBMP_@l@SZKSEIIEI?GFU^y@qBEEEAEFsArBrAsBDGD@DDRf@d@hAT_@FGH?HDDHJRMRc@p@CHCHETCT?TBZHX\v@Pb@N`@`CdGVa@LSNUdA}ALONKPGPCb@@`@??}@@qBQ_@QYm@cAGI{@sASYm@_AGKa@o@Wg@m@gAWk@GFKHEACGi@mAYg@_@e@a@e@WOK?e@@[AO?E?e@Ed@DD?j@@d@AJ?VN`@d@^d@Xf@h@lABFD@JIFGVj@l@fAVf@L_@Jc@DSBKD]@IDa@??	Click to Generate
S26	15	1			2	Meraki (S26)	Frecheville Post Office (S26)		1067	800	m|rdIb}pGCFW\EBE?KMzCcFT]DGDI`@o@N\m@~@qCpEW\EBE?KMzCcFT]DGDI`@o@V_@V_@d@q@n@aAJOl@_ANU`@q@DJ@H?JAHuBfDMT_@n@E@A@C?IEMKW^W^N\{DhG	Click to Generate
S26	15	1			2	The Fairway (S26)	Birley Health Centre (S26)		1294	970	mnqdIjyoGDCTGXKNC^Kd@I\AfAC~@AX?LALADAB?@AHbA@P@AB???TI\C??]BUH??C?A@@VDj@@V@T?T@`@@z@BlB?X@R@JDv@Bb@?DDj@@TDn@BT@H@NFf@H~@ZfEw@J_@F??^Gv@K[gEI_AGg@AOAICUEo@AUEk@?ECc@Ew@AKAS?YCmBA{@Aa@?UAUAWEk@AWAQIcAA@C?E@M@M@Y?_A@gAB]@e@H_@JOBYJUFEB	Click to Generate
S26	15	1			2	Meraki (S26)	Frecheville Post Office (S26)		1067	800	y|rdIt}pGOREBE?KMzCcFT]DGDI`@o@N\m@~@qCpEW\EBE?KMzCcFT]DGDI`@o@V_@V_@d@q@n@aAJOl@_ANU`@q@DJ@H?JAHuBfDMT_@n@E@A@C?IEMKW^W^N\_EpGGH	Click to Generate
S26	10	1			2	The Birley (S26)	Safa (S26)		895	671	e{rdIj{pGk@~@W\EBE?KMzCcFT]DGDI`@o@V_@V_@LJHDB?@AZv@JTHTYd@M@KMGEI?MP[{@O]V_@V_@d@q@n@aAJOk@oAACi@uAh@tAl@rAKNo@`Ae@p@W^W^N\sCpE	Click to Generate
S26	15	1			2	Frecheville Post Office (S26)	Kieu’s Nails (S26)		1067	800	_xrdIxvpGqCpEW\EBE?KMzCcFT]DGDI`@o@V_@V_@d@q@n@aAJOl@_ANU`@q@DJ@H?JAHuBfDMT_@n@E@A@C?IEMKW^W^N\{DhGCFW\EBE?KMzCcFT]DGDI`@o@N\m@~@	Click to Generate
S26	15	1			2	The Fairway (S26)	Birley Health Centre (S26)		1311	983	{nqdIryoGRKTGXKNC^Kd@I\AfAC~@AX?LALADAB?@AHbA@P@AB???TI\C??]BUH??C?A@@VDj@@V@T?T@`@@z@BlB?X@R@JDv@Bb@?DDj@@TDn@BT@H@NFf@H~@ZfEw@J_@F??^Gv@K[gEI_AGg@AOAICUEo@AUEk@?ECc@Ew@AKAS?YCmBA{@Aa@?UAUAWEk@AWAQIcAA@C?E@M@M@Y?_A@gAB]@e@H_@JOBYJUFSJ	Click to Generate
S26	10	1			2	Spa View Community Church (S26)	GoLocal (S26)		879	659	k}qdIrjmGCMOHQPINIREPAHIn@c@rDQnAOxACP?@G`@KEGAE?G@CAEACG?E?GAGGKUOTNFJ??@F?F?DBFD@B@FAD?F@JDC\A^?`@Ah@A`@A^E`@AHPXJL^`@e@pAK@K^GKa@o@L_@Jc@DSBKD]@IDa@@_@@a@@i@?a@@_@B]Fa@?ABQNyAPoAb@sDHo@@IDQHSHOPQNIBL	Click to Generate
S26	20	1			2	The Strad (S26)	Grayson's Plumbing & Heating Supplies (S26)		1759	1319	yntdIpxnG?kA?q@MeBAo@?}EAUEKIEYASDWDMBOAk@KQ@KDEJ?PB`@?XCHGDG?A?M??T?B@d@@b@@fA@t@?\Az@I?s@Ei@AM@GFETA^G~BA`AE|@Gn@In@Kl@GXIGCCEECHCJMVMKCFEDAF@FADGNg@|Ag@~AABYz@GFG?]AAZ?N`@@ZBD?D@`@sABMHUL_@Nc@HWb@uABI\gAFYJm@Ho@Fo@D}@@aAF_C@_@DUFGLAh@@r@DH?@{@?]Au@AgAAc@Ae@?C?UL?@?F?FEBI?YCa@?QDKJEPAj@JN@LCVEREX@HDDJ@T?|E@n@LdB?p@?jA	Click to Generate
S26	10	1			2	Golden City (S26)	The Sherwood (S26)		988	741	}{rdIl|pGS\W\EBE?KMzCcFT]DGDI`@o@N\U\iDrFW\EBE?KMzCcFT]DGDI`@o@V_@V_@d@q@IUCE?OOVEC[s@?Ac@r@\t@`@s@DBNW?NBDHTe@p@W^W^N\kDrF	Click to Generate
S26	20	1			2	The Swan (S26)	The Phoenix Inn (S26)		1944	1458	kmodItnoG`@RXJB@PJRJTPVZ`@h@r@t@j@b@r@d@E^U|AId@Q|A\NRHZ_CBOTo@HUF[aAi@s@e@k@c@s@u@a@i@W[UQSKQKCAYKa@Si@]ECk@i@c@_@eBaByAsAQIGAQDOHKJYdA[nAG`@_@lBOhA_@`ECVIr@]hCERTNUfC@HBHRZJJLJPHQIMKKKKQGICIAITgCUODS\iCHs@BW^aENiA^mBFa@ZoAXeAJKNIPEF@PHxArAdB`Bb@^j@h@DBh@\??	Click to Generate
S26	30	1			2	Stradbroke Community Centre (S26)	Antico (S26)		2682	2012	{vudIbwpGTTMh@EJ?BCF?BENEJEPX`@RZt@lAP\FMp@}BDQ?KUu@Ka@CYA[?_@?UBYDSDSDMFCFUTULOc@d@GTGBELERERCX?T?^@ZBXJ`@Tt@?JEPq@|BGLTd@BDj@fAh@|@DDd@j@BMDOdAoEZoA^aBb@eBT_AH[x@gDEGa@k@OWMUU[S[DMZ{@f@{AZcAPw@BKbAmFNq@\kBHc@f@wBEAE?[Ca@A?O@[\@F?FGL_@L_@f@_Bf@}AFO@ETXBBDDc@tAIVOb@M^ITCLa@rAg@vBIb@]jBOp@cAlFCJQv@[bAg@zA[z@ELRZTZLTNV`@j@DFy@fDIZU~@c@dB_@`B[nAeAnEENCLe@k@EEi@}@k@gACEUe@Q]u@mAS[Ya@DQDKDO?CBG?CDKLi@UU	Click to Generate
S26	20	1			2	The Swan (S26)	The Phoenix Inn (S26)		1944	1458	imodIvnoG^PXJB@PJRJTPVZ`@h@r@t@j@b@r@d@E^U|AId@Q|A\NRHZ_CBOTo@HUF[aAi@s@e@k@c@s@u@a@i@W[UQSKQKCAYKa@Si@]ECk@i@c@_@eBaByAsAQIGAQDOHKJYdA[nAG`@_@lBOhA_@`ECVIr@]hCERTNUfC@HBHRZJJLJPHQIMKKKKQGICIAITgCUODS\iCHs@BW^aENiA^mBFa@ZoAXeAJKNIPEF@PHxArAdB`Bb@^j@h@DBh@\@@	Click to Generate
S26	20	1			2	Frecheville Library (S26)	Meraki (S26)		1536	1152	{srdIfkpGj@nAl@_ANU`@q@d@u@^i@dAeB~AgCDIDGFKl@}@tAyBn@aAxAnDqDtF[f@oB|CaA`Bs@bAQX{BlDu@lAm@|@O]M]O][{@m@~@qCpEW\EBE?KMzCcFT]DGDI`@o@V_@V_@d@q@n@aAJOk@oA	Click to Generate
S26	45	1			2	Birley Spa Primary Academy (S26)	Safa (S26)		3820	2865	g`sdItboGJINGRGNCJCAs@Aq@?e@?G@e@Bo@Bk@Fq@JeADc@@Y@_@?]A_@Ca@Ei@Ig@?AKc@WcAk@wBMe@Og@Og@O]k@uAGQy@oBGO`@m@f@m@n@s@z@q@`@[|@o@VQLKLMV[HKXi@HMb@aAj@mA^}@Pc@p@oBDM`@uALe@JNHN@BDLHZLvAD`@D^Fn@Db@LtAB\Hp@F^JZNXPPTJRDNBT@ClA?T?j@B~@Ft@Fv@Jp@Lv@Np@DNJ\Rf@Vj@l@fAu@fBMP_@l@SZKSEIIEI?GFU^y@qBEEEAEFsArBrAsBDGD@DDRf@d@hAT_@FGH?HDDHJRMRc@p@CHCHETCT?TBZHX\v@_@j@QXKVGTCXCjAAl@ATCNEPc@v@g@v@GPEPCV?VDXDL@FXx@DFMRGREVAV@ZDTN^~@~BxArDJVFRBR@R?f@@d@DTFNL`@GJEFEH_BfCeAdB_@h@e@t@a@p@OTm@~@k@oAACi@uAh@tAl@rAKNo@`Ae@p@W^W^a@n@EHEFU\]u@Qc@]}@K[Qg@Me@Ia@EOKk@K}@Gw@E{@A_A?aAB{@Dw@D_@Fq@Fo@P{Ah@cFBa@?I?S?_@?K?QKqACKEYACQaAEc@Ge@Ei@Em@KBOBSFOFKH	Click to Generate
S26	60	1			2	Sleeping Giant (S26)	St John Fisher Primary, A Catholic Voluntary Academy (S26)		7129	5347	u_sdI~dlGAfBCpAC~AG`CGjAI`AEb@Eh@MbAM|@UrAUfASv@Sx@O`@]dAc@~@i@nAcErFoGnFkFlEWb@MPEJOZAHAJAR?VBh@?p@@L@d@?P?XJ@R?\BNBVHB@PJ\Z`@V\VZTTFJB\D\Af@Eb@ORKLIVUZ]Xa@HMJQTg@JYN_@La@Lc@Pm@ZcAPi@@ALc@\y@L[LYBIN[Xi@T[Va@`@m@f@m@n@s@z@q@`@[|@o@VQLKLMV[HKXi@HMb@aAj@mA^}@Pc@p@oBDM`@uALe@JNHN@BDLHZLvAD`@D^Fn@Db@LtAB\Hp@F^JZNXPPTJRDNBT@ClA?T?j@B~@Ft@Fv@Jp@Lv@Np@DNJ\Rf@GFKHEACGi@mAYg@_@e@a@e@WOK?e@@k@AE???e@Ed@DD?j@@d@AJ?VN`@d@^d@Xf@h@lABFD@JIFGVj@l@fAVf@L_@Jc@DSBKD]@IDa@@_@@a@@i@?a@@_@B]Fa@?ABQNyAPoAb@sDHo@@IDQHSHOPQNIGg@I[NKJKHIJALB??MCK@IHKJOJISGMIIEEOKEEgAe@[OIEc@SGCa@Oc@IC?o@G?{@CaAEq@SiCU{CMqAQ_BO{AIu@E]Ko@Gm@Gm@GcACi@EaB?i@Ac@?]?wAByNBmH?iFAqFAkBAq@Co@Es@Ek@Gg@Ii@Ea@C_@AYAW@U@]Fg@Fe@DUFUFSL[NWRSRUVM\IVEJAPCLCRKPONQLWHSHYH[DWDWBY@e@Ag@@s@?a@@_@B[D[Jg@Le@BIV{@Pe@mA}AaAkAsAeBmCkDkBcCwBkC_AkAq@y@WMOEMAGJGHK\k@fCIv@G`AErAGvCEhHGtEArBGdGIxIa@bd@OnNAvA?^KrM?P	Click to Generate
S26	60	1			2	Birley Spa Primary Academy (S26)	Sleeping Giant (S26)		4458	3344	c_sdIx~nGTELE?e@?G@e@Bo@Bk@Fq@JeADc@@Y@_@?]A_@Ca@Ei@Ig@?AKc@WcAk@wBMe@Og@Og@O]k@uAGQy@oBGO`@m@f@m@n@s@z@q@`@[|@o@VQLKLMV[HKXi@HMb@aAj@mA^}@Pc@p@oBDM`@uALe@JNHN@BDLHZLvAD`@D^Fn@Db@LtAB\Hp@F^JZNXPPTJRDNBT@ClA?T?j@B~@Ft@Fv@Jp@Lv@Np@DNJ\Rf@Vj@l@fAu@fBMP_@l@SZKSEIIEI?GFU^y@qBEEEAEFsArBrAsBDGD@DDRf@d@hAT_@FGH?HDDHJRMRc@p@CHCHETCT?TBZHX\v@Pb@N`@`CdGVa@LSNUdA}ALONKPGPCb@@`@??}@@qBQ_@QYm@cAGI{@sASYm@_AGKa@o@Wg@m@gAWk@GFKHEACGi@mAYg@_@e@a@e@WOK?e@@k@AE???e@Ed@DD?j@@d@AJ?VN`@d@^d@Xf@h@lABFD@JIFGSg@K]EOOq@Mw@Kq@Gw@Gu@C_A?k@?UBmAUAOCSEUKQQOYK[G_@Iq@C]MuAEc@Go@E_@Ea@MwAI[EMACIOKOMd@a@tAELq@nBQb@_@|@k@lAc@`AILYh@IJWZMLMJWP}@n@a@Z{@p@o@r@g@l@a@l@FNx@nBFPj@tAN\Nf@Nf@Ld@j@vBVbAJb@?@Hf@Dh@B`@@^?\A^AXEb@KdAGp@Cj@Cn@Ad@?F?d@MDUD	Click to Generate
S26	20	1			2	Birley Spa Primary Academy (S26)	Spa View Community Church (S26)		1988	1491	eprdIx{mGD?j@@d@AJ?VN`@d@^d@Xf@h@lABFD@JIFGVj@l@fAu@fBMP_@l@SZKSEIIEI?GFU^y@qBEEEAEFsArBrAsBDGD@DDRf@d@hAT_@FGH?HDDHJRMRc@p@CHCHETCT?TBZHX\v@Pb@N`@`CdGVa@LSNUdA}ALONKPGPCb@@`@??}@@qBQ_@QYm@cAGI{@sASYm@_AGKa@o@L_@Jc@DSBKD]@IDa@@_@@a@@i@?a@@_@B]KEGAE?G@CAEACG?E?GAGGKUOTNFJ??@F?F?DBFD@B@FAD?F@JDC\A^?`@Ah@A`@A^E`@AHE\CJERKb@M^Wg@m@gAWk@GFKHEACGi@mAYg@_@e@a@e@WOK?e@@k@AE?	Click to Generate
S26	15	1			2	GoLocal (S26)	Our Lady of Lourdes (S26)		1108	831	{crdI|ymG@F?F?DBFD@B@FAD?F@JDC\A^?`@Ah@A`@A^E`@AHPXJL^`@e@pAK@K^l@~@RXz@rAFHl@bALGLMJSBEDEBMRmALw@PeABSNw@XcBf@yC\oBF_@T{Am@a@WSOQIMOUmAiBWk@M_@Me@G]CWCMOHQPINIREPAHIn@c@rDQnAOxACP?@G`@KEGAE?G@CAEACG?E?GAG	Click to Generate
S26	20	1			2	Our Lady of Lourdes (S26)	Birley Spa Primary Academy (S26)		1928	1446	oardIf~mG??LBLDLNRVdAaCHSHQxBkFmAiBWk@M_@Me@G]CWCMOHQPINIREPAHIn@c@rDQnAOxACP?@G`@C\A^?`@Ah@A`@A^E`@AHE\CJERKb@M^Wg@u@fBMP_@l@SZKSEIIEI?GFU^y@qBEEEAEFsArBrAsBDGD@DDRf@d@hAT_@FGH?HDDHJRMRc@p@CHCHETCT?TBZHX\v@Pb@N`@`CdGVa@LSNUdA}ALONKPGPCb@@`@??}@@qBQ_@QYm@cAGI{@sASYm@_AGKa@o@L_@Jc@DSBKD]@IDa@@_@@a@@i@N?N@	Click to Generate
S26	15	1			2	Meraki (S26)	Frecheville Post Office (S26)		1067	800	a}rdI|}pGGJEBE?KMzCcFT]DGDI`@o@N\m@~@qCpEW\EBE?KMzCcFT]DGDI`@o@V_@V_@d@q@n@aAJOl@_ANU`@q@DJ@H?JAHuBfDMT_@n@E@A@C?IEMKW^W^N\_EpGOP	Click to Generate
S26	15	1			2	Frecheville Library (S26)	Safa (S26)		1180	885	}krdIxvpGz@uAtBeDsAgDaA`Bs@bAQX{BlDu@lAm@|@O]M]O][{@O]V_@V_@d@q@n@aAJOk@oAACi@uAh@tAl@rAKNo@`Ae@p@W^W^N\Zz@N\L\N\rAfD^k@tBeD^k@	Click to Generate
S26	10	1			2	Spa View Community Church (S26)	GoLocal (S26)		995	746	a|qdI`gmGMCK@IHKJOJHZFf@OHQPINIREPAHIn@c@rDQnAOxACP?@G`@KEGAE?G@CAEACG?E?GAGGKUOTNFJ??@F?F?DBFD@B@FAD?F@JDC\A^?`@Ah@A`@A^E`@AHPXJL^`@e@pAK@K^GKa@o@L_@Jc@DSBKD]@IDa@@_@@a@@i@?a@@_@B]Fa@?ABQNyAPoAb@sDHo@@IDQHSHOPQNIGg@I[NKJKHIJALB	Click to Generate
S26	30	1			2	The Swan (S26)	Ridgeway Primary School (S26)		2127	1595	igndIbbpGGEaBy@w@a@WOu@_@y@SkA]wBk@MA_@Em@Ce@?a@Ac@GI?o@MGCYGa@OAAGZITUn@CN[~BSI]OP}AHe@T}AD_@s@e@k@c@s@u@a@i@W[UQSKQKCAYKa@Si@]ECk@i@c@_@eBaByAsAQIGAQDOHKJF_@DYDa@DJJb@FNF@PHxArAdB`Bb@^j@h@DBh@\@@^PXJB@PJRJTPVZ`@h@r@t@j@b@r@d@`Ah@@@`@NXFFBn@LH?b@F`@@d@?l@B^DL@vBj@jA\x@Rt@^VNv@`@`Bx@FD	Click to Generate
S26	30	1			2	Richmond Church (S26)	Antico (S26)		2583	1937	equdIhqpGUTGTGBELERERCX?T?^@ZBXJ`@Tt@?JEPq@|BGLQ]u@mAS[Ya@DQDKDO?CBG?CDKLi@UU??TTMh@EJ?BCF?BENEJEPi@u@[e@CEYc@IMW]MSDSTkAH]RaAH]F_@BIDSFYP}@Z{Ax@cEH]TaBTwBJaC@aB?a@GAGGEKAK@MBODIFCDAFBFHBJ@L?DT?dA?T?X?b@@b@?Z@\?T?@?T?T@|@?B?x@?d@??O@[\@F?FGL_@L_@f@_Bf@}AFO@ETXBBDDc@tAIVOb@M^ITCLa@rAg@vBIb@]jBOp@cAlFCJQv@[bAg@zA[z@ELRZTZLTNV`@j@DFy@fDIZU~@c@dB_@`B[nAeAnEENCLe@k@EEi@}@k@gACEUe@FMp@}BDQ?KUu@Ka@CYA[?_@?UBYDSDSDMFCFUTU	Click to Generate
S26	45	1			2	Outwood Academy City (S26)	Stradbroke Community Centre (S26)		3990	2992	k`udInjoGPg@f@}AFO@ETXBBDDBI\gAFYJm@Ho@Fo@D}@@aAF_C@_@DUFGLAh@@r@DH?@{@?]Au@AgAAc@Ae@?C?UL?@?F?FEBI?YCa@?QDKJEPAj@JN@LCVEREX@HDDJ@T?|E@n@LdB?p@?jA?pAAjBG~BI`BHaBF_C@kB?}C?q@MeBAo@?}EAUEKIEYASDWDMBOAk@KQ@KDEJ?PB`@?XCHGDG?A?M??T?B@d@@b@@fA@t@?\Az@ExCGtDAZCf@Gt@M|@Mp@IXIXQd@ITUp@qAxDOb@GRKZKf@Kn@Kp@SpAM~@SbAWpAGTYhAg@nBSt@Ur@Qj@Qj@CHGRy@fDIZU~@c@dB_@`B[nAeAnEENCLe@k@EEi@}@k@gACEUe@FMp@}BDQ?KUu@Ka@CYA[?_@?UBYDSDSDMFCFUTULOc@d@GTGBELERERCX?T?^@ZBXJ`@Tt@?JEPq@|BGLTd@BDj@fAh@|@DDd@j@BMDOdAoEZoA^aBb@eBT_AH[x@gDEGa@k@OWMUU[S[DMZ{@f@{AZcAPw@BKbAmFNq@\kBHc@f@wBEAE?[Ca@A?O@[\@F?FGZ_ATw@	Click to Generate
S26	45	1			2	Outwood Academy City (S26)	Stradbroke Community Centre (S26)		3995	2996	e_udIxgoGRo@FO@ETXBBDDBI\gAFYJm@Ho@Fo@D}@@aAF_C@_@DUFGLAh@@r@DH?@{@?]Au@AgAAc@Ae@?C?UL?@?F?FEBI?YCa@?QDKJEPAj@JN@LCVEREX@HDDJ@T?|E@n@LdB?p@?jA?pAAjBG~BI`BHaBF_C@kB?}C?q@MeBAo@?}EAUEKIEYASDWDMBOAk@KQ@KDEJ?PB`@?XCHGDG?A?M??T?B@d@@b@@fA@t@?\Az@ExCGtDAZCf@Gt@M|@Mp@IXIXQd@ITUp@qAxDOb@GRKZKf@Kn@Kp@SpAM~@SbAWpAGTYhAg@nBSt@Ur@Qj@Qj@CHGRy@fDIZU~@c@dB_@`B[nAeAnEENCLe@k@EEi@}@k@gACEUe@FMp@}BDQ?KUu@Ka@CYA[?_@?UBYDSDSDMFCFUTULOc@d@GTGBELERERCX?T?^@ZBXJ`@Tt@?JEPq@|BGLTd@BDj@fAh@|@DDd@j@BMDOdAoEZoA^aBb@eBT_AH[x@gDEGa@k@OWMUU[S[DMZ{@f@{AZcAPw@BKbAmFNq@\kBHc@f@wB`@sABMHUL_@Nc@HWb@uAEECCUYADGNSn@	Click to Generate
S26	45	1			2	Outwood Academy City (S26)	Stradbroke Community Centre (S26)		4012	3009	o_udIlhoG\cAFO@ETXBBDDBI\gAFYJm@Ho@Fo@D}@@aAF_C@_@DUFGLAh@@r@DH?@{@?]Au@AgAAc@Ae@?C?UL?@?F?FEBI?YCa@?QDKJEPAj@JN@LCVEREX@HDDJ@T?|E@n@LdB?p@?jA?pAAjBG~BI`BHaBF_C@kB?}C?q@MeBAo@?}EAUEKIEYASDWDMBOAk@KQ@KDEJ?PB`@?XCHGDG?A?M??T?B@d@@b@@fA@t@?\Az@ExCGtDAZCf@Gt@M|@Mp@IXIXQd@ITUp@qAxDOb@GRKZKf@Kn@Kp@SpAM~@SbAWpAGTYhAg@nBSt@Ur@Qj@Qj@CHGRy@fDIZU~@c@dB_@`B[nAeAnEENCLe@k@EEi@}@k@gACEUe@FMp@}BDQ?KUu@Ka@CYA[?_@?UBYDSDSDMFCFUTULOc@d@GTGBELERERCX?T?^@ZBXJ`@Tt@?JEPq@|BGLTd@BDj@fAh@|@DDd@j@BMDOdAoEZoA^aBb@eBT_AH[x@gDEGa@k@OWMUU[S[DMZ{@f@{AZcAPw@BKbAmFNq@\kBHc@f@wB`@sABMHUL_@Nc@HWb@uAEECCUYADGN]bA	Click to Generate
S26	15	1			2	Hair by Lisa (S26)	Frecheville Post Office (S26)		1067	800	g}rdIf~pGA@EBE?KMzCcFT]DGDI`@o@N\gAdBwBjDW\EBE?KMzCcFT]DGDI`@o@V_@V_@d@q@n@aAJOl@_ANU`@q@DJ@H?JAHuBfDMT_@n@E@A@C?IEMKW^W^N\_EpGUZ	Click to Generate
S26	10	1			2	Frecheville News, Cards & Gifts (S26)	Safa (S26)		791	593	wsrdIbtpG[w@A@C?IEMKW^W^N\kBvCsAxBW\EBE?KMzCcFT]DGDI`@o@V_@V_@d@q@n@aAJOk@oAACi@uAh@tAl@rAKNo@`Ae@p@LJHDB?@AZv@	Click to Generate
S26	45	1			2	Birley Health Centre (S26)	Birley Primary Academy (S26)		3154	2366	gmqdIf{pG??_Db@OoEj@Az@Kt@K|Fs@ZE~@MXG\Kb@KZfEw@J_@F??^Gv@KFp@Dt@L~ADd@Bd@Bf@@f@?f@@b@?V?RAVARAPE^ERG^I^G\GVGZGTGVIZGRGPGPGPGNOXMVMRQVW`@mAtByAlCINGNGNCRCLAR?^GpH?|Cc@Os@YGEcCkA{@g@SKqBy@_D_BqCuAuAs@[QGC{@a@QKCECCAEACAIAE?I@K@M@OZeBDODUXyAh@iCZ_BLq@|BbBFKFIn@q@FEBKBG@I?K?KI]Qi@Yu@GYCWAW?MFQHMCs@Br@ILGP?L@VBVFXXt@BJL\H\?J?JAHCFCJGDo@p@kAuFEKCIBY@[?sE?o@x@BD?x@B\@\AXGFAXK^UTOHGZMZGF?|BW~Cc@??	Click to Generate
S26	15	1			2	Safa (S26)	St Cyprian (S26)		1433	1075	_jrdItapGc@r@eAdB_@h@e@t@a@p@OTm@~@k@oAACi@uAh@tAl@rAKNo@`Ae@p@W^W^N\Zz@N\L\N\rAfD^k@tBeD^k@z@uAtBeDsAgDnB}CZg@pDuFyAoDo@`AuAxBm@|@GJEFEH{@rA	Click to Generate
S26	10	1			2	Birley Wood Golf Club (S26)	UK Welder (S26)		723	542	s`qdInyoG]BLxAz@J??{@KMyAUH??C?A@AQIcAA@C?E@M@M@Y?_A@gAB]@e@H_@JC?KBZbD[cDNC^Kd@I\AfAC~@AX?LALADAB?@AHbA@P@AB???TI\C	Click to Generate
S26	10	1			2	Golden City (S26)	The Sherwood (S26)		988	741	g|rdIz|pGINW\EBE?KMzCcFT]DGDI`@o@N\U\iDrFW\EBE?KMzCcFT]DGDI`@o@V_@V_@d@q@IUCE?OOVEC[s@?Ac@r@\t@`@s@DBNW?NBDHTe@p@W^W^N\uD`G	Click to Generate
S26	60	1			2	Birley Wood Golf Club (S26)	Queens Head (S26)		6467	4850	e_pdItdpGGICIAITgCUOEXMbAStACTIn@Kv@M~@UvAUnAu@bDaA~CiArDy@lCg@~Ac@~Aw@pCgDjLGPk@~AITmAtC{CpGuB`EkAfCYr@OZEGKSCGg@iBIUMMMMQGSKk@S?}CFqH?_@@SBMBSFOFOHOxAmClAuBVa@PWLSLWNYFOFQFQFQFSH[FWFUF[FWF]H_@F_@DSD_@@Q@S@W?S?WAc@?g@Ag@Cg@Ce@Ee@M_BEu@Gq@[gEI_AGg@AOAICUEo@AUEk@?ECc@Ew@AKAS?YCmBA{@Aa@?UAUAWEk@AW@AB???TILxAz@J??{@KMyAUH??C?A@@VDj@@V@T?T@`@@z@BlB?X@R@JDv@Bb@?DDj@@TDn@BT@H@NFf@H~@ZfEFp@Dt@L~ADd@Bd@Bf@@f@?f@@b@?V?RAVARAPE^ERG^I^G\GVGZGTGVIZGRGPGPGPGNOXMVMRQVW`@mAtByAlCINGNGNCRCLAR?^GpH?|Cj@RRJPFLLLLHTf@hBBFJRDFN[Xs@jAgCtBaEzCqGlAuCHUj@_BFQfDkLv@qCb@_Bf@_Bx@mChAsD`A_Dt@cDToATwAL_AJw@Ho@BURuALcADYDS\iCHs@BW^aENiA^mBFa@ZoAXeAJKNIPEF@PHxArAdB`Bb@^j@h@DBh@\`@RXJB@PJRJTPVZ`@h@]zCw@Uw@WIC@ERaBF{@Bu@CAYKa@S??i@]ECk@i@c@_@eBaByAsAQIGAQDOHKJYdA[nAG`@_@lBOhA_@`ECVIr@]hCERTNUfC@HBHFH	Click to Generate
S26	5	1			2	Golden City (S26)	Bullie Ink Tattoo Collective (S26)		584	438	kvrdI|mpGZr@DBNW?NBDHTe@p@W^W^N\U\iCdE_@l@W\EBE?KMzCcFT]DGDI`@o@V_@V_@d@q@IUCE?OOVEC[s@	Click to Generate
S26	20	1			2	Grayson's Plumbing & Heating Supplies (S26)	Outwood Academy City (S26)		2069	1552	}|tdI|coGBIDDBBHF]fACHc@tAIVOb@M^ITCLa@rAEAE?[Ca@A?O@[\@F?FGX{@@Cf@_Bf@}AFO@ETXBBDDBI\gAFYJm@Ho@Fo@D}@@aAF_C@_@DUFGLAh@@r@DH?@{@?]Au@AgAAc@Ae@?C?UL?@?F?FEBI?YCa@?QDKJEPAj@JN@LCVEREX@HDDJ@T?|E@n@LdB?p@?jA?pAAjBG~BI`BHaBF_C@kB?}C?q@MeBAo@?}EAUEKIEYASDWDMBOAk@KQ@KDEJ?PB`@?XCHGDG?A?M??T?B@d@@b@@fA@t@?\Az@I?s@Ei@AM@GFETA^G~BA`AE|@Gn@In@Kl@GXIGCCEECH	Click to Generate
S26	30	1			2	Queens Head (S26)	St John the Evangelist (S26)		2488	1866	qaodIbzoGHUF[aAi@s@e@k@c@s@u@a@i@W[UQSKQKCAYKa@Si@]ECk@i@c@_@eBaByAsAQIGAQDOHKJF_@DYDa@DJJb@FNF@PHxArAdB`Bb@^j@h@DBh@\??`@RXJB@PJRJTPVZ`@h@r@t@j@b@r@d@`Ah@@@`@NXFFBn@LH?b@F`@@d@?l@B^DL@vBj@jA\x@Rt@^VNv@`@`Bx@FDPFZLVHPDzA\dDt@@yA@{@Az@AxAeDu@{A]QEWI[MYMaBy@w@a@WOu@_@y@SkA]wBk@MA_@Em@Ce@?a@Ac@GI?o@MGCYGa@OAAGZIT	Click to Generate
S26	10	1			2	The Birley (S26)	Safa (S26)		895	671	szrdIrzpG}@vAW\EBE?KMzCcFT]DGDI`@o@V_@V_@LJHDB?@AZv@JTHTYd@M@KMGEI?MP[{@O]V_@V_@d@q@n@aAJOk@oAACi@uAh@tAl@rAKNo@`Ae@p@W^W^N\aCxD	Click to Generate
S26	15	1			2	The Fairway (S26)	Birley Health Centre (S26)		1219	914	klqdInxoGB?^Kd@I\AfAC~@AX?LALADAB?@AHbA@P@AB???TI\C??]BUH??C?A@@VDj@@V@T?T@`@@z@BlB?X@R@JDv@Bb@?DDj@@TDn@BT@H@NFf@H~@ZfEw@J_@F??^Gv@K[gEI_AGg@AOAICUEo@AUEk@?ECc@Ew@AKAS?YCmBA{@Aa@?UAUAWEk@AWAQIcAA@C?E@M@M@Y?_A@gAB]@e@H_@JC?	Click to Generate
S26	60	1			2	Outwood Academy City (S26)	Scowerdons Community Centre (S26)		6473	4855	s_tdIvpoG?GAc@?GA[A[?IAo@CaAAm@CiACsAAyA?wA?S?mA?}A?s@?eB?U?y@?[?g@?E?O?Y?QAe@AMEWCUM]Q]A?EECCGKCKAI?I?I?M@E@SBg@BYHc@BW@[B[@W?WAq@IqCA]CYCSWoBS}AGa@My@WyAUuAIF]Ty@p@m@l@i@n@EI]w@[w@_@s@_@o@U]q@}@SQMIKGMCYGk@I]EG`C?HCjAC|@?x@AXAjB?~A?~@?~C?t@BH?T?NCL?f@?J?R@JPxE@R?NBx@?R?H@V@|@L?@?F?FEBI?YCa@?QDKJEPAj@JN@LCVEREX@HDDJ@T?|E@n@LdB?p@?jA?pAAjBG~BI`BHaBF_C@kB?}C?q@MeBAo@?}EAUEKIEYASDWDMBOAk@KQ@KDEJ?PB`@?XCHGDG?A?M?A}@AW?I?SCy@?OASQyEAK?S?K?g@BM?O?UCI?u@?_D?_A?_B@kB@Y?y@B}@BkA?IFaC\Dj@HXFLBJFLHRPp@|@T\^n@^r@Zv@\v@DHh@o@l@m@x@q@\UHGTtAVxALx@F`@R|AVnBBRBX@\HpC@p@?VAVCZAZCV?T@N@JBLHJFPDDBDDHBP@H?HAHAJAR?VBh@?p@@L@d@?P?XJ@R?\BNBVHB@PJ\Z`@V\VZTTFJB\D\Af@Eb@ORKLIVUZ]Xa@HMJQTg@JYN_@La@Lc@Pm@ZcAPi@@ALc@\y@L[LYBIN[Xi@T[Va@FNx@nBFPj@tAN\Nf@Nf@Ld@j@vBVbAJb@?@Hf@Dh@B`@@^?\A^AXEb@KdAGp@Cj@Cn@Ad@?F?d@@p@@r@KBOBSFOFYVWXOTKNUZ_@j@GDGAF@FE^k@T[JONUVYLMJINGRGNCJCAs@Aq@?e@?G@e@Bo@Bk@Fq@JeADc@WIA?QCS?QBGBQFSBO?OCOIQOa@_@GGOMOGMGOCC?K?I@G@UH]P]PA@OFQDO@OCOEQIMIMOACKOKU]}@AAEKY`@[\WTMHSJc@Ng@D]@]EKCUG[U]Wa@W][QKCAWIOC]CS?KA?N?D?f@?Z?x@?T?dB?r@?|A?lA?R?vA@xABrABhA@l@B`A@n@?H@Z@Z?F@b@?F	Click to Generate
S26	60	1			2	Carter Hall Lane (S26)	Birley Health Centre (S26)		5655	4241	otpdIdarG{@u@ITmAtC{CpGuB`EkAfCYr@OZId@ADMn@e@pCShA{@lE{BvLWvAEVKv@Mt@M|@Ed@AHANAFCVDBD@PFrBp@`EzA~@ZJORSJILITINEAe@AYBO@EJ]HSHQJWVe@Vg@@KBOBGVg@^cAr@aCfAkDZoAJ]`@}@l@oAZk@nAiCPWPQ`@W^Sn@U^CFA`@D`@H~@Z\J?n@@HHPIQAI?o@]K_A[a@Ia@Eg@Do@T_@Ra@VQPQVoAhC[j@m@nAa@|@K\[nAgAjDs@`C_@bAWf@CFCNAJWf@Wd@KVIPIRK\ADCN@X@d@ODUHMHKHSRKN_A[aE{AsBq@QGEAECBW@G@O@IDe@L}@Lu@Jw@DWVwAzBwLz@mERiAd@qCLo@@EHe@EGKSCGg@iBIUMMMMQGSKk@S?}CFqH?_@@SBMBSFOFOHOxAmClAuBVa@PWLSLWNYFOFQFQFQFSH[FWFUF[FWF]H_@F_@DSD_@@Q@S@W?S?WAc@?g@Ag@Cg@Ce@Ee@M_BEu@Gq@w@J_@F??^Gv@KFp@Dt@L~ADd@Bd@Bf@@f@?f@@b@?V?RAVARAPE^ERG^I^G\GVGZGTGVIZGRGPGPGPGNOXMVMRQVW`@mAtByAlCINGNGNCRCLAR?^GpH?|Cj@RRJPFLLLLHTf@hBBFJRDFN[Xs@jAgCtBaEzCqGlAuCHUz@t@	Click to Generate
S26	45	1			2	Carter Hall Road, Charnock (S26)	Charnock Hall Road (S26)		4058	3044	kbsdId~tGPbAPlA@HBR`@?P?^@f@@h@H`AHVBF?^DrANZBN@lBRr@Jv@HTFZJb@Nb@R^Tb@^PPl@n@~@dAVJHBJ@FBH@F?JCH?\m@V[TUBEj@g@LMJKNOJKHIFIFOHUDQLe@Jm@BOf@qCd@}BtAiHNy@Lu@Jo@Jw@PkB@ILcBDBD@PFrBp@hAb@vBv@~@ZJORSJILITINEx@Gx@GPAN@LFPPLTFJDNPr@FXBFH\Rx@Lb@Jb@?BFXDd@?X?ZE\iA|GG^Kb@GRGXU|@IZS~@c@~BiBeA[MECgC}@k@So@U_A]o@SiC}@k@Ug@Qg@Qu@YQEC?g@pCCNKl@E^E`@Oz@Ip@AJC^Gv@Gr@Gp@Ef@?VA`@AVELELEFGFIDC@KDE@I?OCuAaBOCG@G@GDKFG`@G^YrBGVENGRGPSn@GPELEPKf@Id@EZCZE^QvBKbAG^I^Yz@Sp@cA~CGKGMEMOu@OmAA]BuEIE_DmBc@[UUgDqFg@}@Q_@M]Q{@WcBQgA?Ak@qDG]Mw@Ii@?CCOG]?CCKAIAGCSAIQmAQcA	Click to Generate
S26	60	1			2	Outwood Academy City (S26)	The Strad (S26)		5103	3827	eatdIlooG??Dc@@IVFD?@@DAA[?IAo@CaAAm@CiACsAAyA?wA?S?mA?}A?s@?eB?U?y@?[?g@?E?O?Y?QAe@AMEWCUM]Q]A?EECCGKCKAI?I?I?M@E@SBg@BYHc@BW@[B[@W?WAq@IqCA]CYCSWoBS}AGa@My@WyAUuAIF]Ty@p@m@l@i@n@EI]w@[w@_@s@_@o@U]q@}@SQMIKGMCYGk@I]EG`C?HCjAC|@?x@AXAjB?~A?~@?~C?t@BH?T?NCL?f@?J?R@JPxE@R?NBx@?R?H@V@|@L?@?F?FEBI?YCa@?QDKJEPAj@JN@LCVEREX@HDDJ@T?|E@n@LdB?p@?jA?pAAjBG~BI`BHaBF_C@kB?}C?q@MeBAo@?}EAUEKIEYASDWDMBOAk@KQ@KDEJ?PB`@?XCHGDG?A?M??T?B@d@@b@@fA@t@?\Az@I?s@Ei@AM@GFETA^G~BA`AE|@Gn@In@Kl@GX]fACHEECCUYAG@GDEBGLJLWBKBIDDBBHFFYJm@Ho@Fo@D}@@aAF_C@_@DUFGLAh@@r@DH?@{@?]Au@AgAAc@Ae@?C?UA}@AW?I?SCy@?OASQyEAK?S?K?g@BM?O?UCI?u@?_D?_A?_B@kB@Y?y@B}@BkA?IFaC\Dj@HXFLBJFLHRPp@|@T\^n@^r@Zv@\v@DHh@o@l@m@x@q@\UHGTtAVxALx@F`@R|AVnBBRBX@\HpC@p@?VAVCZAZCV?T@N@JBLHJFPDDBDDHBP@H?HAHAJAR?VBh@?p@@L@d@?P?X?N?D?f@?Z?x@?T?dB?r@?|A?lA?R?vA@xABrABhA@l@B`A@n@?H@ZE@AAE?WGAHEb@??	Click to Generate
S26	45	1			3	The Strad (S26)	Outwood Academy City (S26)	Stradbroke Community Centre (S26)	3990	2992	oaudIfmoGL_@f@_Bf@}AFO@EAG@GDEBGLJLWBKBIDDBBHFFYJm@Ho@Fo@D}@@aAF_C@_@DUFGLAh@@r@DH?@{@?]Au@AgAAc@Ae@?C?UL?@?F?FEBI?YCa@?QDKJEPAj@JN@LCVEREX@HDDJ@T?|E@n@LdB?p@?jA?pAAjBG~BI`BHaBF_C@kB?}C?q@MeBAo@?}EAUEKIEYASDWDMBOAk@KQ@KDEJ?PB`@?XCHGDG?A?M??T?B@d@@b@@fA@t@?\Az@ExCGtDAZCf@Gt@M|@Mp@IXIXQd@ITUp@qAxDOb@GRKZKf@Kn@Kp@SpAM~@SbAWpAGTYhAg@nBSt@Ur@Qj@Qj@CHGRy@fDIZU~@c@dB_@`B[nAeAnEENCLe@k@EEi@}@k@gACEUe@FMp@}BDQ?KUu@Ka@CYA[?_@?UBYDSDSDMFCFUTULOc@d@GTGBELERERCX?T?^@ZBXJ`@Tt@?JEPq@|BGLTd@BDj@fAh@|@DDd@j@BMDOdAoEZoA^aBb@eBT_AH[x@gDEGa@k@OWMUU[S[DMZ{@f@{AZcAPw@BKbAmFNq@\kBHc@f@wBEAE?[Ca@A?O@[\@F?FGL_@	Click to Generate
S26	45	1			3	Charnock Hall Road (S26)	Carter Hall Lane (S26)	Carter Hall Road, Charnock (S26)	3650	2738	aipdIbjtGKq@EQUc@KVO^}BbGw@pBELEJQd@K\}@tEKZMVKLOHUDQ?QE_Ao@hA}GD]?[?YEe@GY?CKc@Mc@Sy@I]CGGYQs@EOGKMUQQMGOAQ@y@Fy@FAe@AYBO@EJ]HSHQJWVe@Vg@@KBOBGVg@^cAr@aCfAkDZoAJ]`@}@l@oAZk@nAiCPWPQ`@W^Sn@U^CFA`@D`@H~@Z\J?n@@HHPIQAI?o@]K_A[a@Ia@Eg@Do@T_@Ra@VQPQVoAhC[j@m@nAa@|@K\[nAgAjDs@`C_@bAWf@CFCNAJWf@Wd@KVIPIRK\ADCN@X@d@ODUHMHKHSRKNq@rAO\KVKZOf@_AtCuBeCKKOKx@}HhAb@vBv@~@ZJORSJILITINEx@Gx@GPAN@LFPPLTFJDNPr@p@i@TYNYhBaFBGlCiHPc@HOLIHENAJBLJHJJTd@nAVv@^nAJ\D^?ZA\CVIXq@hBIRTb@DPJp@	Click to Generate
S26	20	1			3	Frecheville Post Office (S26)	St Cyprian (S26)	The Co-operative Food (S26)	2000	1500	gyrdIpxpGiBxCW\EBE?KMzCcFT]DGDI`@o@V_@V_@d@q@n@aAJOl@_ANU`@q@DJ@H?JAHuBfDMT_@n@E@A@C?IEMKW^W^N\Zz@N\L\N\rAfD^k@tBeD^k@z@uAtBeDsAgDnB}CZg@pDuFyAoDo@`AuAxBm@|@GJEFEH{@rAc@r@eAdB_@h@e@t@a@p@OTm@~@KNo@`Ae@p@W^W^N\uAvB	Click to Generate
S26	20	1			3	The Birley (S26)	Safa (S26)	St Cyprian (S26)	1694	1270	izrdI`zpGgAhBW\EBE?KMzCcFT]DGDI`@o@V_@V_@LJHDB?@AZv@JTHTYd@M@KMGEI?MP[{@O]V_@V_@d@q@n@aAJOk@oAACi@uAh@tAl@rAKNo@`Ae@p@W^W^N\Zz@N\L\N\l@}@pD{FPYr@cA`AaBrAfDuBdD{@tA_@j@uBdD_@j@sAgDO]M]O][{@wBfD	Click to Generate
S26	60	1			3	Birley Moor Garden Centre (S26)	Birley Moor Fire Station (S26)	Ridgeway Primary School (S26)	5558	4168	umpdIpxmGGFE?ECEKIm@?OBQFWBS?OAMCKCG[y@oCdERb@LPD?DC??NUOTEBE?MQSc@{A~BgHvKi@z@`@`AL\@T]f@OAGK??FJN@\g@AUM]a@aAh@{@fHwKzA_CnCeE`FyHvBsD~@eBrBkELULSRSxBwBTSHKJKxD_GFLHTDZB`@BpA?HBhCBdABvCBj@Bh@Fn@Dh@Jl@Hf@x@fFLbAPhBHz@@T@`@@`@?D?ZAZE`@EZOh@}@jCaAjCw@hBSh@ADI\EJMl@SlAU|ASbBMlAWvEG~@AXAJUbDDJJb@FNF@PHxArAdB`Bb@^j@h@DBh@\`@RXJB@PJRJTPVZ`@h@]zCw@Uw@WIC@ERaBF{@Bu@CAYK_@QAAi@]ECk@i@c@_@eBaByAsAQIGAGOKc@EKTcD@K@YF_AVwELmARcBT}ARmALm@DKH]@ERi@v@iB`AkC|@kCNi@D[Da@@[?[?EAa@Aa@AUI{@QiBMcAy@gFIg@Km@Ei@Go@Ci@Ck@CwCCeACiC?ICqACa@E[IUGMyD~FKJIJURyBvBSRMRMTsBjE_AdBwBrDaFxHZx@BFBJ@L?NCRGVCP?NHl@DJDBD?FG	Click to Generate
S26	30	1			3	The Birley Academy (S26)	The Fairway (S26)	Birley Wood Golf Club (S26)	2101	1576	_bqdItxpG^Gv@K[gEc@J]JYF_AL[D}Fr@u@J{@Jk@@NnE~Cc@??FCBEXEB?H?BDJZ^fB_@gBK[CEI?C?YDCDGB_Db@OoEj@Az@Kt@K|Fs@ZE~@MXG\Kb@KI_AGg@AOAICUEo@AUEk@?ECc@Ew@AKAS?YCmBA{@Aa@?UAUAWEk@AW@AB???TI\C??]BLxAz@J??{@KMyAUH??C?A@@VDj@@V@T?T@`@@z@BlB?X@R@JDv@Bb@?DDj@@TDn@BT@H@NFf@H~@ZfEw@J_@F	Click to Generate
S26	20	1			3	Meraki (S26)	Frecheville Post Office (S26)	St Cyprian (S26)	1866	1400	q|rdIj}pG??W\EBE?KMzCcFT]DGDI`@o@N\m@~@qCpEW\EBE?KMzCcFT]DGDI`@o@V_@V_@d@q@n@aAJOl@_ANU`@q@DJ@H?JAHuBfDMT_@n@E@A@C?IEMKW^W^N\Zz@N\L\N\l@}@pD{FPYr@cA`AaBrAfDuBdD{@tA_@j@uBdD_@j@sAgDO]M]O][{@_EpG	Click to Generate
S26	30	1			3	Grandpa Joe's Potting Shed (S26)	Birley Caravan Storage (S26)	UK Welder (S26)	2996	2247	qaqdIjnnGFJN@\g@AUM]a@aAh@{@fHwKzA_CRb@Y`@ADAF@HHVNb@Rd@BJDBDBFAZMFAD?E?G@[LG@ECECCKc@iAIWAI@G@EXa@Sc@nCeEZx@BFBJ@L?NCRGVCP?NHl@DJDBD?FG??GFE?ECEKIm@?OBQFWBS?OAMCKCG[y@oCdE{A~BgHvKi@z@KN_@h@KNEFW^CBLXDJDHJd@Jd@Jf@@LF`ABz@@|@?v@Al@Ep@Et@Gx@Ed@Af@Af@?|@@v@?d@Ab@CdBA`@AX?ZAZ?\@V@d@?TB`@@\A@C?E@M@M@Y?_A@gAB]@e@H_@JC?KBYJUFq@Zo@^SkAUeASaAQ{@Ms@IYG[Qm@AEOg@EKCKISUk@AEEIGIEKJQjPwV`@m@FIFIBEFKBCV_@DGJO^i@JO`@`AL\@T]f@OAGK	Click to Generate
S26	30	1			3	Birley Caravan Storage (S26)	Birley Moor Fire Station (S26)	The Fairway (S26)	2450	1838	qrpdIxxmGEBE?MQSc@nCeEZx@BFBJ@L?NCRGVCP?NHl@DJDBD?FG??GFE?ECEKIm@?OBQFWBS?OAMCKCG[y@oCdE{A~BgHvKi@z@`@`AL\@T]f@OAGK??FJN@\g@AUM]a@aAKN_@h@KNEFW^CBLXDJDHJd@Jd@Jf@@LF`ABz@@|@?v@Al@Ep@Et@Gx@Ed@Af@Af@?|@@v@?d@Ab@CdBA`@AX?ZAZ?\@V@d@?TB`@@\HbA@P@AB???TI\C??]BUH??C?A@AQIcAA]Ca@?UAe@AW?]@[?[@Y@a@BeB@c@?e@Aw@?}@@g@@g@De@Fy@Du@Dq@@m@?w@A}@C{@GaAAMKg@Ke@U[EGEMKWFKBCV_@DGJO^i@JOh@{@fHwKzA_CRb@LPD?DC	Click to Generate
S26	30	1			3	The Birley Academy (S26)	St Cyprian (S26)	Frecheville Library (S26)	2659	1994	}}qdIplqGL\H\?J?JAHCFCJGDo@p@kAuFEKCIBY@[?sE?o@x@BD?x@B\@\AXGFAXK^UTOHGZMZGF?|BW~Cc@??FCBEXEB?H?BDJZ^fB_@gBK[CEI?C?YDCDGB_Db@OoEe@C[IUGME[QUOCA[W_@c@[g@]c@]]UKSKC?GC_AWADc@jGKjAMOKOMYYs@IWoA{CuBdD{@tA_@j@uBdD_@j@sAgDl@}@t@mAzBmDPYr@cA`AaBrAfDnAzCHVXr@LXJNLNAZA`@An@?j@AzA?n@?rEAZCXBHDJjAtFn@q@FEBKBG@I?K?KI]M]	Click to Generate
S26	20	1			3	Birley Spa Primary Academy (S26)	Spa View Community Church (S26)	GoLocal (S26)	2042	1532	oordIx{mGZ@d@AJ?VN`@d@^d@Xf@h@lABFD@JIFGVj@l@fAu@fBMP_@l@SZKSEIIEI?GFU^y@qBEEEAEFsArBrAsBDGD@DDRf@d@hAT_@FGH?HDDHJRMRc@p@CHCHETCT?TBZHX\v@Pb@N`@`CdGVa@LSNUdA}ALONKPGPCb@@`@??}@@qBQ_@QYm@cAGI{@sASYm@_AGKa@o@L_@Jc@DSBKD]@IDa@@_@@a@@i@?a@@_@B]KEGAE?G@CAEACG?E?GAGGKUOTNFJ??@F?F?DBFD@B@FAD?F@JDC\A^?`@Ah@A`@A^E`@AHPXJL^`@e@pAK@K^GKa@o@Wg@m@gAWk@GFKHEACGi@mAYg@_@e@a@e@WOK?e@@[A	Click to Generate
S26	20	1			3	Birley Spa (S26)	Golden Plover (S26)	Spa View Community Church (S26)	1967	1475	alrdItinGd@hAT_@FGH?HDDHJRMRc@p@CHCHETCT?TBZHX\v@Pb@N`@`CdGVa@LSNUdA}ALONKPGPCb@@`@??}@@qBQ_@QYm@cAGI{@sASYm@_AGKa@o@Wg@m@gAWk@GFKHEACGi@mAYg@_@e@a@e@WOK?e@@[AO?E?e@Ed@DD?j@@d@AJ?VN`@d@^d@Xf@h@lABFD@JIFGVj@l@fAVf@`@n@FJJ_@JATo@Na@k@o@QY@IDa@@_@@a@@i@?a@@_@B]KEGAE?G@CAEACG?E?GAGGKUOTNFJ??@F?F?DBFD@B@FAD?F@JDC\A^?`@Ah@A`@A^E`@AHE\CJERKb@M^Wg@u@fBMP_@l@SZKSEIIEI?GFU^e@iA	Click to Generate
S26	60	1			3	The Fairway (S26)	Birley Health Centre (S26)	The Phoenix Inn (S26)	5254	3940	g_qdIx|oG{@KMyA\C??]BUH??C?A@@VDj@@V@T?T@`@@z@BlB?X@R@JDv@Bb@?DDj@@TDn@BT@H@NFf@H~@ZfEw@J_@F??^Gv@KFp@Dt@L~ADd@Bd@Bf@@f@?f@@b@?V?RAVARAPE^ERG^I^G\GVGZGTGVIZGRGPGPGPGNOXMVMRQVW`@mAtByAlCINGNGNCRCLAR?^GpH?|Cj@RRJPFLLLLHTf@hBBFJRDFN[Xs@jAgCtBaEzCqGlAuCHUj@_BFQfDkLv@qCb@_Bf@_Bx@mChAsD`A_Dt@cDToATwAL_AJw@Ho@BURuALcADYTNUfC@HBHRZJJLJPHQIMKKKKQGICIAITgCUOEXMbAStACTIn@Kv@M~@UvAUnAu@bDaA~CiArDy@lCg@~Ac@~Aw@pCgDjLGPk@~AITmAtC{CpGuB`EkAfCYr@OZEGKSCGg@iBIUMMMMQGSKk@S?}CFqH?_@@SBMBSFOFOHOxAmClAuBVa@PWLSLWNYFOFQFQFQFSH[FWFUF[FWF]H_@F_@DSD_@@Q@S@W?S?WAc@?g@Ag@Cg@Ce@Ee@M_BEu@Gq@[gEI_AGg@AOAICUEo@AUEk@?ECc@Ew@AKAS?YCmBA{@Aa@?UAUAWEk@AW@AB???TILxAz@J	Click to Generate
S26	20	1			3	Golden City (S26)	The Sherwood (S26)	St Cyprian (S26)	1787	1340	q{rdI|{pG_@l@W\EBE?KMzCcFT]DGDI`@o@N\U\iDrFW\EBE?KMzCcFT]DGDI`@o@V_@V_@d@q@IUCE?OOVEC[s@?Ac@r@\t@`@s@DBNW?NBDHTe@p@W^W^N\Zz@N\L\N\l@}@pD{FPYr@cA`AaBrAfDuBdD{@tA_@j@uBdD_@j@sAgDO]M]O][{@_DbF	Click to Generate
S26	60	1			3	View from Carter Hall Lane to Sunny Bank (S26)	Arnold Avenue in Charnock Hall (S26)	Charnock Hall Road (S26)	5234	3926	ckpdIp`sG_@Bo@T_@Ra@VQPQVoAhC[j@m@nAa@|@K\[nAgAjDs@`C_@bAWf@CFCNAJWf@Wd@KVIPIRK\ADCN@X@d@ODUHMHKHSRKN_A[aE{AsBq@QGEAECBW@G@O@IDe@L}@Lu@Jw@DWVwAzBwLz@mERiAd@qCLo@@EHe@N[Xs@jAgCtBaEzCqGlAuCHUz@t@??{@u@ITmAtC{CpGuB`EkAfCYr@OZId@ADMn@e@pCShA{@lE{BvLWvAEVKv@Mt@M|@Ed@AHANAFCVDBD@PFrBp@`EzA~@ZJORSJILITINEx@Gx@GPAN@LFPPLTFJDNPr@p@i@TYNYhBaFBGlCiHPc@HOLIHENAJBLJHJJTd@nAVv@^nAJ\D^?ZA\CVIXq@hBIRTb@DPJp@Ff@TbB?L?NABCJQf@[dAGLEHGDG@G@IC_BqAKMOQw@pBELEJQd@K\}@tEKZMVKLOHUDQ?QE_Ao@hA}GD]?[?YEe@GY?CKc@Mc@Sy@I]CGGYQs@EOGKMUQQMGOAQ@y@Fy@FAe@AYBO@EJ]HSHQJWVe@Vg@@KBOBGVg@^cAr@aCfAkDZoAJ]`@}@l@oAZk@nAiCPWPQ`@W^Sn@U^C	Click to Generate
S26	45	1			3	Charnock Hall Road (S26)	Arnold Avenue in Charnock Hall (S26)	Carter Hall Lane (S26)	3396	2547	qiqdIdgtGvBv@~@ZJORSJILITINEx@Gx@GPAN@LFPPLTFJDNPr@FXBFH\Rx@Lb@Jb@?BFXDd@?X?ZE\iA|G~@n@PDP?TENIJMLWJ[|@uEJ]Pe@DKDMv@qBNPJL~ApAHBFAFAFEDIFMZeAPg@BK@C?O?MUcBGg@Kq@EQUc@HSp@iBHYBW@]?[E_@K]_@oAWw@e@oAKUIKMKKCO@IDMHINQb@mChHCFiB`FOXUXq@h@Qs@EOGKMUQQMGOAQ@y@Fy@FAe@AYBO@EJ]HSHQJWVe@Vg@@KBOBGVg@^cAr@aCfAkDZoAJ]`@}@l@oAZk@nAiCPWPQ`@W^Sn@U^CFA`@D`@H~@Z\J?n@@HHPIQAI?o@]K_A[a@Ia@Eg@Do@T_@Ra@VQPQVoAhC[j@m@nAa@|@K\[nAgAjDs@`C_@bAWf@CFCNAJWf@Wd@KVIPIRK\ADCN@X@d@ODUHMHKHSRKN_A[wBw@	Click to Generate
S26	45	1			3	Arnold Avenue in Charnock Hall (S26)	Carter Hall Road, Charnock (S26)	Carter Hall Lane (S26)	3693	2770	qwpdIbqtG?BFXDd@?X?ZE\iA|G~@n@PDP?TENIJMLWJ[|@uEJ]Pe@DKDMv@qBNPJL~ApAHBFAFAFEDIFMZeAPg@BK@C?O?MUcBGg@Kq@EQUc@HSp@iBHYBW@]?[E_@K]_@oAWw@e@oAKUIKMKKCO@IDMHINQb@mChHCFiB`FOXUXq@h@Qs@EOGKMUQQMGOAQ@y@Fy@FODUHMHKHSRKNq@rAO\KVKZOf@_AtCuBeCKKOKx@}HhAb@vBv@~@ZJORSJILITINEAe@AYBO@EJ]HSHQJWVe@Vg@@KBOBGVg@^cAr@aCfAkDZoAJ]`@}@l@oAZk@nAiCPWPQ`@W^Sn@U^CFA`@D`@H~@Z\J?n@@HHPIQAI?o@]K_A[a@Ia@Eg@Do@T_@Ra@VQPQVoAhC[j@m@nAa@|@K\[nAgAjDs@`C_@bAWf@CFCNAJWf@Wd@KVIPIRK\ADCN@X@d@x@Gx@GPAN@LFPPLTFJDNPr@FXBFH\Rx@Lb@Jb@	Click to Generate
S26	20	1			3	Safa (S26)	Meraki (S26)	St Cyprian (S26)	1531	1148	cqrdIbupGu@lAm@|@O]M]O][{@O]V_@V_@d@q@n@aAJOk@oAACi@uAh@tAl@rAKNo@`Ae@p@W^W^N\m@~@qCpEW\EBE?KMzCcFT]DGDI`@o@N\Zz@N\L\N\rAfD^k@tBeD^k@z@uAtBeDsAgDaA`Bs@bAQX{BlD	Click to Generate
S26	20	1			3	The Birley (S26)	Safa (S26)	St Cyprian (S26)	1694	1270	}yrdIpypGsAxBW\EBE?KMzCcFT]DGDI`@o@V_@V_@LJHDB?@AZv@JTHTYd@M@KMGEI?MP[{@O]V_@V_@d@q@n@aAJOk@oAACi@uAh@tAl@rAKNo@`Ae@p@W^W^N\Zz@N\L\N\l@}@pD{FPYr@cA`AaBrAfDuBdD{@tA_@j@uBdD_@j@sAgDO]M]O][{@kBvC	Click to Generate
S26	20	1			3	Meraki (S26)	St Cyprian (S26)	Kieu’s Nails (S26)	1657	1243	msrdIxppG_@n@E@A@C?IEMKW^W^N\m@~@qCpEW\EBE?KMzCcFT]DGDI`@o@N\Zz@N\L\N\l@}@pD{FPYr@cA`AaBrAfDuBdD{@tA_@j@uBdD_@j@sAgDO]M]O][{@{DhGCFW\EBE?KMzCcFT]DGDI`@o@V_@V_@LJHDB?@ADA^o@	Click to Generate
S26	15	1			3	Bullie Ink Tattoo Collective (S26)	The Sherwood (S26)	St Cyprian (S26)	1437	1078	gwrdIvupGiCdE_@l@W\EBE?KMzCcFT]DGDI`@o@V_@V_@d@q@IUCE?OOVEC[s@?Ac@r@\t@`@s@DBNW?NBDHTe@p@W^W^N\Zz@N\L\N\l@}@pD{FPYr@cA`AaBrAfDuBdD{@tA_@j@uBdD_@j@sAgDO]M]O][{@U\	Click to Generate
S26	30	1			3	Spa View Community Church (S26)	Birley Spa Primary Academy (S26)	Birley Spa (S26)	2145	1609	oardIhfnGNa@k@o@QY@IDa@@_@@a@@i@?a@@_@B]KEGAE?G@CAEACG?E?GAGGKUOTNFJ??@F?F?DBFD@B@FAD?F@JDC\A^?`@Ah@A`@A^E`@AHE\CJERKb@M^Wg@u@fBMP_@l@SZKSEIIEI?GFU^y@qBEEEAEFsArBrAsBDGD@DDRf@d@hAT_@FGH?HDDHJRMRc@p@CHCHETCT?TBZHX\v@Pb@N`@`CdGVa@LSNUdA}ALONKPGPCb@@`@??}@@qBQ_@QYm@cAGI{@sASYm@_AGKa@o@Wg@m@gAWk@GFKHEACGi@mAYg@_@e@a@e@WOK?e@@[AO?E?e@Ed@DD?j@@d@AJ?VN`@d@^d@Xf@h@lABFD@JIFGVj@l@fAVf@`@n@FJJ_@JATo@	Click to Generate
S26	30	1			3	Spa View Community Church (S26)	Birley Spa Primary Academy (S26)	Birley Spa (S26)	2110	1582	_brdIddnGKMQY@IDa@@_@@a@@i@?a@@_@B]KEGAE?G@CAEACG?E?GAGGKUOTNFJ??@F?F?DBFD@B@FAD?F@JDC\A^?`@Ah@A`@A^E`@AHE\CJERKb@M^Wg@u@fBMP_@l@SZKSEIIEI?GFU^y@qBEEEAEFsArBrAsBDGD@DDRf@d@hAT_@FGH?HDDHJRMRc@p@CHCHETCT?TBZHX\v@Pb@N`@`CdGVa@LSNUdA}ALONKPGPCb@@`@??}@@qBQ_@QYm@cAGI{@sASYm@_AGKa@o@Wg@m@gAWk@GFKHEACGi@mAYg@_@e@a@e@WOK?e@@[AO?E?e@Ed@DD?j@@d@AJ?VN`@d@^d@Xf@h@lABFD@JIFGVj@l@fAVf@L_@Jc@DSBKD]PXJL	Click to Generate
S26	30	1			3	Birley Caravan Storage (S26)	Birley Moor Fire Station (S26)	The Fairway (S26)	2522	1892	mspdI`|mGOc@IWAI@G@EXa@Sc@nCeEZx@BFBJ@L?NCRGVCP?NHl@DJDBD?FG??GFE?ECEKIm@?OBQFWBS?OAMCKCG[y@oCdE{A~BgHvKi@z@`@`AL\@T]f@OAGK??FJN@\g@AUM]a@aAKN_@h@KNEFW^CBLXDJDHJd@Jd@Jf@@LF`ABz@@|@?v@Al@Ep@Et@Gx@Ed@Af@Af@?|@@v@?d@Ab@CdBA`@AX?ZAZ?\@V@d@?TB`@@\HbA@P@AB???TI\C??]BUH??C?A@AQIcAA]Ca@?UAe@AW?]@[?[@Y@a@BeB@c@?e@Aw@?}@@g@@g@De@Fy@Du@Dq@@m@?w@A}@C{@GaAAMKg@Ke@U[EGEMKWFKBCV_@DGJO^i@JOh@{@fHwKzA_CRb@Y`@ADAF@HHVNb@	Click to Generate
S26	45	1			3	The Strad (S26)	Outwood Academy City (S26)	Stradbroke Community Centre (S26)	3990	2992	caudIjloG@Cf@_Bf@}AFO@EAG@GDEBGLJLWBKBIDDBBHFFYJm@Ho@Fo@D}@@aAF_C@_@DUFGLAh@@r@DH?@{@?]Au@AgAAc@Ae@?C?UL?@?F?FEBI?YCa@?QDKJEPAj@JN@LCVEREX@HDDJ@T?|E@n@LdB?p@?jA?pAAjBG~BI`BHaBF_C@kB?}C?q@MeBAo@?}EAUEKIEYASDWDMBOAk@KQ@KDEJ?PB`@?XCHGDG?A?M??T?B@d@@b@@fA@t@?\Az@ExCGtDAZCf@Gt@M|@Mp@IXIXQd@ITUp@qAxDOb@GRKZKf@Kn@Kp@SpAM~@SbAWpAGTYhAg@nBSt@Ur@Qj@Qj@CHGRy@fDIZU~@c@dB_@`B[nAeAnEENCLe@k@EEi@}@k@gACEUe@FMp@}BDQ?KUu@Ka@CYA[?_@?UBYDSDSDMFCFUTULOc@d@GTGBELERERCX?T?^@ZBXJ`@Tt@?JEPq@|BGLTd@BDj@fAh@|@DDd@j@BMDOdAoEZoA^aBb@eBT_AH[x@gDEGa@k@OWMUU[S[DMZ{@f@{AZcAPw@BKbAmFNq@\kBHc@f@wBEAE?[Ca@A?O@[\@F?FGX{@	Click to Generate
S26	20	1			3	The Admiral (S26)	Frecheville Post Office (S26)	St Cyprian (S26)	1515	1136	yxrdI~wpGwBjDUZA@EBE?KMzCcFT]DGDI`@o@V_@V_@d@q@n@aAJOl@_ANU`@q@DJ@H?JAHuBfDMT_@n@E@A@C?IEMKW^W^N\Zz@N\L\N\l@}@pD{FPYr@cA`AaBrAfDuBdD{@tA_@j@uBdD_@j@sAgDO]M]O][{@gAdB	Click to Generate
S26	20	1			3	Frecheville Post Office (S26)	St Cyprian (S26)	The Co-operative Food (S26)	2000	1500	_yrdIfxpGqBbDW\EBE?KMzCcFT]DGDI`@o@V_@V_@d@q@n@aAJOl@_ANU`@q@DJ@H?JAHuBfDMT_@n@E@A@C?IEMKW^W^N\Zz@N\L\N\rAfD^k@tBeD^k@z@uAtBeDsAgDnB}CZg@pDuFyAoDo@`AuAxBm@|@GJEFEH{@rAc@r@eAdB_@h@e@t@a@p@OTm@~@KNo@`Ae@p@W^W^N\mAlB	Click to Generate
S26	60	1			3	Outwood Academy City (S26)	Stradbroke Community Centre (S26)	WD Motors (S26)	7641	5731	_`udIvioGDOf@}AFO@ETXBBDDBI\gAFYJm@Ho@Fo@D}@@aAF_C@_@DUFGLAh@@r@DH?@{@?]Au@AgAAc@Ae@?C?UL?@?F?FEBI?YCa@?QDKJEPAj@JN@LCVEREX@HDDJ@T?|E@n@LdB?p@?jA?pAAjBG~BI`BHaBF_C@kB?}C?q@MeBAo@?}EAUEKIEYASDWDMBOAk@KQ@KDEJ?PB`@?XCHGDG?A?M??T?B@d@@b@@fA@t@?\Az@ExCGtDAZCf@Gt@M|@Mp@IXIXQd@ITUp@qAxDOb@GRKZKf@Kn@Kp@SpAM~@SbAWpAGTYhAg@nBSt@Ur@Qj@Qj@CHGRy@fDIZU~@c@dB_@`B[nAeAnEENCLe@k@EEi@}@k@gACEUe@FMp@}BDQ?KUu@Ka@CYA[?_@?UBYDSDSDMFCFUTULOc@d@GTGBELERERCX?T?^@ZBXJ`@Tt@?JEPq@|BGLTd@BDj@fAh@|@DDd@j@Z\^d@\n@Zr@\x@FLFJZh@BDFJBFDFDDf@t@HLX^T\Rd@Vd@Pb@Tp@Tv@T`At@bCl@fCZtAPbARbAV~APnAPvADd@@L??@\@T@N?P?VAf@Ad@MjCF@D?@?DCDEDIDQv@iDh@wBPu@Jq@XqCj@uFHs@De@rC{Wn@_GLgAHg@BYLy@NkAxAaJ@CJs@d@sCD]LeANaA^yBTmAn@sDXgBHk@Hc@Da@BY@]?g@Ac@?GA[E@AAE?WGAHEb@??E^ERETEl@Iz@KhAC`ABaAJiAH{@Dm@DUDSD_@Dc@@IVFD?@@DAA[?IAo@CaAAm@CiACsAAyA?wA?S?mA?}A?s@?eB?U?y@?[?g@?E?O?Y?QAe@AMEWCUM]Q]A?EECCGKCKAI?I?I?M@E@SBg@BYHc@BW@[B[@W?WAq@IqCA]CYCSWoBS}AGa@My@WyAUuAIF]Ty@p@m@l@i@n@EI]w@[w@_@s@_@o@U]q@}@SQMIKGMCYGk@I]EG`C?HCjAC|@?x@AXAjB?~A?~@?~C?t@BH?T?NCL?f@?J?R@JPxE@R?NBx@?R?H@V@|@?T?B@d@@b@@fA@t@?\Az@I?s@Ei@AM@GFETA^G~BA`AE|@Gn@In@Kl@GX]fACHEECCUYADGNg@|AEN	Click to Generate
S26	30	1			3	Birley Spa Primary Academy (S26)	Birley Spa (S26)	Our Lady of Lourdes (S26)	2496	1872	ubrdIpanG??E`@AHE\CJERKb@M^Wg@u@fBMP_@l@SZKSEIIEI?GFU^y@qBEEEAEFsArBrAsBDGD@DDRf@d@hAT_@FGH?HDDHJRMRc@p@CHCHETCT?TBZHX\v@Pb@N`@`CdGVa@LSNUdA}ALONKPGPCb@@`@??}@@qBQ_@QYm@cAGI{@sASYm@_AGKa@o@Wg@m@gAWk@GFKHEACGi@mAYg@_@e@a@e@WOK?e@@[AO?E?e@Ed@DD?j@@d@AJ?VN`@d@^d@Xf@h@lABFD@JIFGVj@l@fAVf@L_@Jc@DSBKD]@IDa@@_@@a@@i@?a@@_@B]Fa@?ABQNyAPoAb@sDHo@@IDQHSHOPQNIBLBVF\Ld@L^Vj@lAhByBjFIPIReA`CSWMOMEMCOAO?Ah@A`@A^	Click to Generate
S26	20	1			3	Meraki (S26)	Frecheville Post Office (S26)	St Cyprian (S26)	1866	1400	m|rdIb}pGCFW\EBE?KMzCcFT]DGDI`@o@N\m@~@qCpEW\EBE?KMzCcFT]DGDI`@o@V_@V_@d@q@n@aAJOl@_ANU`@q@DJ@H?JAHuBfDMT_@n@E@A@C?IEMKW^W^N\Zz@N\L\N\l@}@pD{FPYr@cA`AaBrAfDuBdD{@tA_@j@uBdD_@j@sAgDO]M]O][{@{DhG	Click to Generate
S26	20	1			3	The Fairway (S26)	Birley Health Centre (S26)	The Birley Academy (S26)	2045	1534	mnqdIjyoGDCTGXKNC^Kd@I\AfAC~@AX?LALADAB?@AHbA@P@AB???TI\C??]BUH??C?A@@VDj@@V@T?T@`@@z@BlB?X@R@JDv@Bb@?DDj@@TDn@BT@H@NFf@H~@ZfEw@J_@F??^Gv@K[gEc@J]JYF_AL[D}Fr@u@J{@Jk@@NnE~Cc@??FCBEXEB?H?BDJZ^fB_@gBK[CEI?C?YDCDGB_Db@OoEj@Az@Kt@KQmECUAWAYUwECc@I_AMoAOgASsAn@_@j@W	Click to Generate
S26	20	1			3	Meraki (S26)	Frecheville Post Office (S26)	St Cyprian (S26)	1866	1400	y|rdIt}pGOREBE?KMzCcFT]DGDI`@o@N\m@~@qCpEW\EBE?KMzCcFT]DGDI`@o@V_@V_@d@q@n@aAJOl@_ANU`@q@DJ@H?JAHuBfDMT_@n@E@A@C?IEMKW^W^N\Zz@N\L\N\l@}@pD{FPYr@cA`AaBrAfDuBdD{@tA_@j@uBdD_@j@sAgDO]M]O][{@_EpGGH	Click to Generate
S26	20	1			3	The Birley (S26)	Safa (S26)	St Cyprian (S26)	1694	1270	e{rdIj{pGk@~@W\EBE?KMzCcFT]DGDI`@o@V_@V_@LJHDB?@AZv@JTHTYd@M@KMGEI?MP[{@O]V_@V_@d@q@n@aAJOk@oAACi@uAh@tAl@rAKNo@`Ae@p@W^W^N\Zz@N\L\N\l@}@pD{FPYr@cA`AaBrAfDuBdD{@tA_@j@uBdD_@j@sAgDO]M]O][{@sCpE	Click to Generate
S26	20	1			3	Frecheville Post Office (S26)	Kieu’s Nails (S26)	St Cyprian (S26)	1866	1400	_xrdIxvpGqCpEW\EBE?KMzCcFT]DGDI`@o@V_@V_@d@q@n@aAJOl@_ANU`@q@DJ@H?JAHuBfDMT_@n@E@A@C?IEMKW^W^N\{DhGCFW\EBE?KMzCcFT]DGDI`@o@N\Zz@N\L\N\l@}@pD{FPYr@cA`AaBrAfDuBdD{@tA_@j@uBdD_@j@sAgDO]M]O][{@m@~@	Click to Generate
S26	30	1			3	The Fairway (S26)	Birley Health Centre (S26)	The Co-operative Food (S26)	2872	2154	{nqdIryoGRKTGXKNC^Kd@I\AfAC~@AX?LALADAB?@AHbA@P@AB???TI\C??]BUH??C?A@@VDj@@V@T?T@`@@z@BlB?X@R@JDv@Bb@?DDj@@TDn@BT@H@NFf@H~@ZfEw@J_@F??^Gv@K[gEc@J]JYF_AL[D}Fr@u@J{@Jk@@e@C[IUGME[QUOCA[W_@c@[g@]c@]]UKSKC?GC_AWx@_M?SASGSSk@yAoDo@`AuAxBm@|@GJEFEH{@rAc@r@eAdB_@h@e@t@a@p@C[@IDKj@y@DCPF^i@dAeB~AgCDIDGFKl@}@tAyBn@aAz@wABGPUXg@NSV_@Va@FIb@s@FIpAoBJMDJFHDH@DTj@HRBJDJNf@@DPl@FZHXLr@Pz@R`ATdARjAn@_@\O	Click to Generate
S26	20	1			3	Spa View Community Church (S26)	GoLocal (S26)	Birley Spa (S26)	1446	1084	k}qdIrjmGCMOHQPINIREPAHIn@c@rDQnAOxACP?@G`@KEGAE?G@CAEACG?E?GAGGKUOTNFJ??@F?F?DBFD@B@FAD?F@JDC\A^?`@Ah@A`@A^E`@AHPXJL^`@e@pAK@K^GKa@o@Wg@m@gAWk@GFKHEACGi@mAYg@_@e@a@e@WOK?e@@[AO?E?e@Ed@DD?j@@d@AJ?VN`@d@^d@Xf@h@lABFD@JIFGVj@l@fAVf@L_@Jc@DSBKD]@IDa@@_@@a@@i@?a@@_@B]Fa@?ABQNyAPoAb@sDHo@@IDQHSHOPQNIBL	Click to Generate
S26	60	1			3	The Strad (S26)	Grayson's Plumbing & Heating Supplies (S26)	WD Motors (S26)	5342	4006	yntdIpxnG?kA?q@MeBAo@?}EAUEKIEYASDWDMBOAk@KQ@KDEJ?PB`@?XCHGDG?A?M??T?B@d@@b@@fA@t@?\Az@I?s@Ei@AM@GFETA^G~BA`AE|@Gn@In@Kl@GXIGCCEECHCJMVMKCFEDAF@FADGNg@|Ag@~AABYz@GFG?]AAZ?N`@@ZBD?D@`@sABMHUL_@Nc@HWb@uABI\gAFYJm@Ho@Fo@D}@@aAF_C@_@DUFGLAh@@r@DH?@{@?]Au@AgAAc@Ae@?C?UA}@AW?I?SCy@?OASQyEAK?S?K?g@BM?O?UCI?u@?_D?_A?_B@kB@Y?y@B}@BkA?IFaC\Dj@HXFLBJFLHRPp@|@T\^n@^r@Zv@\v@DHh@o@l@m@x@q@\UHGTtAVxALx@F`@R|AVnBBRBX@\HpC@p@?VAVCZAZCV?T@N@JBLHJFPDDBDDHBP@H?HAHAJAR?VBh@?p@@L@d@?P?X?N?D?f@?Z?x@?T?dB?r@?|A?lA?R?vA@xABrABhA@l@B`A@n@?H@ZE@AAE?WGAHEb@??E^ERETEl@Iz@KhAC`ABaAJiAH{@Dm@DUDSD_@Dc@@IVFD?@@DAA[?IAo@CaAAm@CiACsAAyA?wA?S?mA?}A?s@?eB?U?y@?[?g@?E?O?Y?QAe@AMEWCUM]Q]A?EECCGKCKAI?I?I?M@E@SBg@BYHc@BW@[B[@W?WAq@IqCA]CYCSWoBS}AGa@My@WyAUuAIF]Ty@p@m@l@i@n@EI]w@[w@_@s@_@o@U]q@}@SQMIKGMCYGk@I]EG`C?HCjAC|@?x@AXAjB?~A?~@?~C?t@BH?T?NCL?f@?J?R@JPxE@R?NBx@?R?H@V@|@L?@?F?FEBI?YCa@?QDKJEPAj@JN@LCVEREX@HDDJ@T?|E@n@LdB?p@?jA	Click to Generate
S26	20	1			3	Golden City (S26)	The Sherwood (S26)	St Cyprian (S26)	1787	1340	}{rdIl|pGS\W\EBE?KMzCcFT]DGDI`@o@N\U\iDrFW\EBE?KMzCcFT]DGDI`@o@V_@V_@d@q@IUCE?OOVEC[s@?Ac@r@\t@`@s@DBNW?NBDHTe@p@W^W^N\Zz@N\L\N\l@}@pD{FPYr@cA`AaBrAfDuBdD{@tA_@j@uBdD_@j@sAgDO]M]O][{@kDrF	Click to Generate
S26	45	1			3	The Swan (S26)	The Phoenix Inn (S26)	St John the Evangelist (S26)	3873	2905	kmodItnoG`@RXJB@PJRJTPVZ`@h@r@t@j@b@r@d@E^U|AId@Q|A\NRHZ_CBOTo@HUF[aAi@s@e@k@c@s@u@a@i@W[UQSKQKCAYKa@Si@]ECk@i@c@_@eBaByAsAQIGAQDOHKJYdA[nAG`@_@lBOhA_@`ECVIr@]hCERTNUfC@HBHRZJJLJPHQIMKKKKQGICIAITgCUODS\iCHs@BW^aENiA^mBFa@ZoAXeAJKNIPEF@PHxArAdB`Bb@^j@h@DBh@\`@RXJB@PJRJTPVZ`@h@r@t@j@b@r@d@`Ah@@@`@NXFFBn@LH?b@F`@@d@?l@B^DL@vBj@jA\x@Rt@^VNv@`@`Bx@FDPFZLVHPDzA\dDt@@yA@{@Az@AxAeDu@{A]QEWI[MYMaBy@w@a@WOu@_@y@SkA]wBk@MA_@Em@Ce@?a@Ac@GI?o@MGCYGa@OAAaAi@s@e@k@c@s@u@a@i@W[UQSKQKCAYKa@S	Click to Generate
S26	30	1			3	Stradbroke Community Centre (S26)	Antico (S26)	The Strad (S26)	2747	2060	{vudIbwpGTTMh@EJ?BCF?BENEJEPX`@RZt@lAP\FMp@}BDQ?KUu@Ka@CYA[?_@?UBYDSDSDMFCFUTULOc@d@GTGBELERERCX?T?^@ZBXJ`@Tt@?JEPq@|BGLTd@BDj@fAh@|@DDd@j@BMDOdAoEZoA^aBb@eBT_AH[x@gDEGa@k@OWMUU[S[DMZ{@f@{AZcAPw@BKbAmFNq@\kBHc@f@wBEAE?[Ca@A?O@[\@F?FGL_@L_@f@_Bf@}AFO@EAG@GDEBGLJLWBKBIDDBBHF]fACHc@tAIVOb@M^ITCLa@rAg@vBIb@]jBOp@cAlFCJQv@[bAg@zA[z@ELRZTZLTNV`@j@DFy@fDIZU~@c@dB_@`B[nAeAnEENCLe@k@EEi@}@k@gACEUe@Q]u@mAS[Ya@DQDKDO?CBG?CDKLi@UU	Click to Generate
S26	45	1			3	The Swan (S26)	The Phoenix Inn (S26)	St John the Evangelist (S26)	3869	2902	imodIvnoG^PXJB@PJRJTPVZ`@h@r@t@j@b@r@d@E^U|AId@Q|A\NRHZ_CBOTo@HUF[aAi@s@e@k@c@s@u@a@i@W[UQSKQKCAYKa@Si@]ECk@i@c@_@eBaByAsAQIGAQDOHKJYdA[nAG`@_@lBOhA_@`ECVIr@]hCERTNUfC@HBHRZJJLJPHQIMKKKKQGICIAITgCUODS\iCHs@BW^aENiA^mBFa@ZoAXeAJKNIPEF@PHxArAdB`Bb@^j@h@DBh@\`@RXJB@PJRJTPVZ`@h@r@t@j@b@r@d@`Ah@@@`@NXFFBn@LH?b@F`@@d@?l@B^DL@vBj@jA\x@Rt@^VNv@`@`Bx@FDPFZLVHPDzA\dDt@@yA@{@Az@AxAeDu@{A]QEWI[MYMaBy@w@a@WOu@_@y@SkA]wBk@MA_@Em@Ce@?a@Ac@GI?o@MGCYGa@OAAaAi@s@e@k@c@s@u@a@i@W[UQSKQKCAYK_@Q	Click to Generate
S26	30	1			3	Frecheville Library (S26)	Meraki (S26)	The Co-operative Food (S26)	2503	1877	{srdIfkpGj@nAl@_ANU`@q@d@u@^i@dAeB~AgCDIDGFKl@}@tAyBn@aAxAnDqDtF[f@oB|CaA`Bs@bAQX{BlDu@lAm@|@O]M]O][{@m@~@qCpEW\EBE?KMzCcFT]DGDI`@o@V_@V_@d@q@n@aAJOl@_ANU`@q@d@u@^i@dAeBb@s@z@sADIDGFKl@}@tAyBn@aAz@wABGPUXg@N\@J?JCHGDGAGGOSQTCF{@vAo@`AuAxBm@|@GJEFEH_BfCeAdB_@h@e@t@a@p@OTm@~@k@oA	Click to Generate
S26	60	1			3	Birley Spa Primary Academy (S26)	Safa (S26)	Sleeping Giant (S26)	5985	4489	g`sdItboGJINGRGNCJCAs@Aq@?e@?G@e@Bo@Bk@Fq@JeADc@@Y@_@?]A_@Ca@Ei@Ig@?AKc@WcAk@wBMe@Og@Og@O]k@uAGQy@oBGO`@m@f@m@n@s@z@q@`@[|@o@VQLKLMV[HKXi@HMb@aAj@mA^}@Pc@p@oBDM`@uALe@JNHN@BDLHZLvAD`@D^Fn@Db@LtAB\Hp@F^JZNXPPTJRDNBT@ClA?T?j@B~@Ft@Fv@Jp@Lv@Np@DNJ\Rf@Vj@l@fAu@fBMP_@l@SZKSEIIEI?GFU^y@qBEEEAEFsArBrAsBDGD@DDRf@d@hAT_@FGH?HDDHJRMRc@p@CHCHETCT?TBZHX\v@_@j@QXKVGTCXCjAAl@ATCNEPc@v@g@v@GPEPCV?VDXDL@FXx@DFMRGREVAV@ZDTN^~@~BxArDJVFRBR@R?f@@d@DTFNL`@GJEFEH_BfCeAdB_@h@e@t@a@p@OTm@~@k@oAACi@uAh@tAl@rAl@_ANU`@q@d@u@^i@dAeB~AgCDIDGFKl@}@tAyBn@aAz@wABGPUXg@NSV_@Va@FIb@s@O]CII_@EWAUCa@?e@@c@?M@cF?S@sA?yA?}@@qBQ_@QYm@cAGI{@sASYm@_AGKa@o@Wg@m@gAWk@GFKHEACGi@mAYg@_@e@a@e@WOK?e@@k@AE???e@Ed@DD?j@@d@AJ?VN`@d@^d@Xf@h@lABFD@JIFGSg@K]EOOq@Mw@Kq@Gw@Gu@C_A?k@?UBmAUAOCSEUKQQOYK[G_@Iq@C]MuAEc@Go@E_@Ea@MwAI[EMACIOKOMd@a@tAELq@nBQb@_@|@k@lAc@`AILYh@IJWZMLMJWP}@n@a@Z{@p@o@r@g@l@a@l@FNx@nBFPj@tAN\Nf@Nf@Ld@j@vBVbAJb@?@Hf@Dh@B`@@^?\A^AXEb@KdAGp@Cj@Cn@Ad@?F?d@@p@@r@KBOBSFOFKH	Click to Generate
S26	60	1			3	Sleeping Giant (S26)	St John Fisher Primary, A Catholic Voluntary Academy (S26)	Spa View Community Church (S26)	6727	5045	u_sdI~dlGAfBCpAC~AG`CGjAI`AEb@Eh@MbAM|@UrAUfASv@Sx@O`@]dAc@~@i@nAcErFoGnFkFlEWb@MPEJOZAHAJAR?VBh@?p@@L@d@?P?XJ@R?\BNBVHB@PJ\Z`@V\VZTTFJB\D\Af@Eb@ORKLIVUZ]Xa@HMJQTg@JYN_@La@Lc@Pm@ZcAPi@@ALc@\y@L[LYBIN[Xi@T[Va@`@m@f@m@n@s@z@q@`@[|@o@VQLKLMV[HKXi@HMb@aAj@mA^}@Pc@p@oBDM`@uALe@JNHN@BDLHZLvAD`@D^Fn@Db@LtAB\Hp@F^JZNXPPTJRDNBT@ClA?T?j@B~@Ft@Fv@Jp@Lv@Np@DNJ\Rf@GFKHEACGi@mAYg@_@e@a@e@WOK?e@@k@AE???e@Ed@DD?j@@d@AJ?VN`@d@^d@Xf@h@lABFD@JIFGVj@l@fAVf@L_@Jc@DSBKD]@IDa@@_@@a@@i@?a@@_@B]Fa@?ABQNyAPoAb@sDHo@@IDQHSHOPQNIGg@I[NKJKHIJALB??MCK@IHKJOJHZFf@OHQPINIREPAHIn@c@rDQnAOxACP?@G`@KEGAE?G@CAEACG?E?GAGGKUOTNFJ??@F?F?DBFD@B@FAD?F@JDC\A^?`@Ah@A`@A^E`@AHE\CJERKb@M^Wg@m@gAWk@Sg@K]EOOq@Mw@Kq@Gw@Gu@C_A?k@?UBmAUAOCSEUKQQOYK[G_@Iq@C]MuAEc@Go@E_@Ea@MwAI[EMACIOKOMd@a@tAELq@nBQb@_@|@k@lAc@`AILYh@IJWZMLMJWP}@n@a@Z{@p@o@r@g@l@a@l@W`@UZYh@OZCHMXMZ]x@Mb@A@Qh@[bAQl@Mb@M`@O^KXUf@KPILY`@[\WTMHSJc@Ng@D]@]EKCUG[U]Wa@W][QKCAWIOC]CS?KA?Y?QAe@AMEWCUM]Q]A?EECCGKCKAI?I?I?M@EBIBEFIFCFAD?FBXGTG`@QjFmEnGoFbEsFh@oAb@_A\eANa@Ry@Rw@TgATsAL}@LcADi@Dc@HaAFkAFaCB_BBqA@gB	Click to Generate
S26	60	1			3	Birley Spa Primary Academy (S26)	Sleeping Giant (S26)	Safa (S26)	5116	3837	c_sdIx~nGTELE?e@?G@e@Bo@Bk@Fq@JeADc@@Y@_@?]A_@Ca@Ei@Ig@?AKc@WcAk@wBMe@Og@Og@O]k@uAGQy@oBGO`@m@f@m@n@s@z@q@`@[|@o@VQLKLMV[HKXi@HMb@aAj@mA^}@Pc@p@oBDM`@uALe@JNHN@BDLHZLvAD`@D^Fn@Db@LtAB\Hp@F^JZNXPPTJRDNBT@ClA?T?j@B~@Ft@Fv@Jp@Lv@Np@DNJ\Rf@Vj@l@fAu@fBMP_@l@SZKSEIIEI?GFU^y@qBEEEAEFsArBrAsBDGD@DDRf@d@hAT_@FGH?HDDHJRMRc@p@CHCHETCT?TBZHX\v@Pb@N`@`CdGVa@LSNUdA}ALONKPGPCb@@`@??}@@qBQ_@QYm@cAGI{@sASYm@_AGKa@o@Wg@m@gAWk@GFKHEACGi@mAYg@_@e@a@e@WOK?e@@k@AE???e@Ed@DD?j@@d@AJ?VN`@d@^d@Xf@h@lABFD@JIFGVj@l@fAVf@`@n@FJl@~@RXz@rAFHl@bAPXP^ApB?|@?xAArA?RAbF?LAb@?d@B`@@TDVH^BHN\c@r@GHW`@W^ORYf@QTCF{@vAo@`AuAxBm@|@GJEFEH_BfCeAdB_@h@e@t@a@p@OTm@~@k@oAACi@uAh@tAl@rAKNo@`Ae@p@W^W^a@n@EHEFU\]u@Qc@]}@K[Qg@Me@Ia@EOKk@K}@Gw@E{@A_A?aAB{@Dw@D_@Fq@Fo@P{Ah@cFBa@?I?S?_@?K?QKqACKEYACQaAEc@Ge@Ei@Em@As@Aq@MDUD	Click to Generate
S26	20	1			3	Birley Spa Primary Academy (S26)	Spa View Community Church (S26)	GoLocal (S26)	2066	1550	eprdIx{mGD?j@@d@AJ?VN`@d@^d@Xf@h@lABFD@JIFGVj@l@fAu@fBMP_@l@SZKSEIIEI?GFU^y@qBEEEAEFsArBrAsBDGD@DDRf@d@hAT_@FGH?HDDHJRMRc@p@CHCHETCT?TBZHX\v@Pb@N`@`CdGVa@LSNUdA}ALONKPGPCb@@`@??}@@qBQ_@QYm@cAGI{@sASYm@_AGKa@o@L_@Jc@DSBKD]@IDa@@_@@a@@i@?a@@_@B]KEGAE?G@CAEACG?E?GAGGKUOTNFJ??@F?F?DBFD@B@FAD?F@JDC\A^?`@Ah@A`@A^E`@AHPXJL^`@e@pAK@K^GKa@o@Wg@m@gAWk@GFKHEACGi@mAYg@_@e@a@e@WOK?e@@k@AE?	Click to Generate
S26	20	1			3	GoLocal (S26)	Our Lady of Lourdes (S26)	Birley Spa (S26)	2004	1503	{crdI|ymG@F?F?DBFD@B@FAD?F@JDC\A^?`@Ah@A`@A^E`@AHPXJL^`@e@pAK@K^GKa@o@L_@Jc@DSBKD]@IDa@@_@@a@@i@?a@@_@B]Fa@?ABQNyAPoAb@sDHo@@IDQHSHOPQNIBLBVF\Ld@L^Vj@lAhBNTHLNPVRl@`@UzAG^]nBg@xCYbBOv@CRQdAMv@SlACLEDCDKRMLMFm@cAGI{@sASYm@_AGKa@o@Wg@m@gAWk@GFKHEACGi@mAYg@_@e@a@e@WOK?e@@[AO?E?e@Ed@DD?j@@d@AJ?VN`@d@^d@Xf@h@lABFD@JIFGVj@l@fAVf@L_@Jc@DSBKD]@IDa@@_@@a@@i@?a@@_@B]KEGAE?G@CAEACG?E?GAG	Click to Generate
S26	30	1			3	Our Lady of Lourdes (S26)	Birley Spa Primary Academy (S26)	Birley Spa (S26)	2496	1872	oardIf~mG??LBLDLNRVdAaCHSHQxBkFmAiBWk@M_@Me@G]CWCMOHQPINIREPAHIn@c@rDQnAOxACP?@G`@C\A^?`@Ah@A`@A^E`@AHE\CJERKb@M^Wg@u@fBMP_@l@SZKSEIIEI?GFU^y@qBEEEAEFsArBrAsBDGD@DDRf@d@hAT_@FGH?HDDHJRMRc@p@CHCHETCT?TBZHX\v@Pb@N`@`CdGVa@LSNUdA}ALONKPGPCb@@`@??}@@qBQ_@QYm@cAGI{@sASYm@_AGKa@o@Wg@m@gAWk@GFKHEACGi@mAYg@_@e@a@e@WOK?e@@[AO?E?e@Ed@DD?j@@d@AJ?VN`@d@^d@Xf@h@lABFD@JIFGVj@l@fAVf@L_@Jc@DSBKD]@IDa@@_@@a@@i@N?N@	Click to Generate
S26	20	1			3	Meraki (S26)	Frecheville Post Office (S26)	St Cyprian (S26)	1866	1400	a}rdI|}pGGJEBE?KMzCcFT]DGDI`@o@N\m@~@qCpEW\EBE?KMzCcFT]DGDI`@o@V_@V_@d@q@n@aAJOl@_ANU`@q@DJ@H?JAHuBfDMT_@n@E@A@C?IEMKW^W^N\Zz@N\L\N\l@}@pD{FPYr@cA`AaBrAfDuBdD{@tA_@j@uBdD_@j@sAgDO]M]O][{@_EpGOP	Click to Generate
S26	20	1			3	Frecheville Library (S26)	Safa (S26)	Meraki (S26)	1531	1148	}krdIxvpGz@uAtBeDsAgDaA`Bs@bAQX{BlDu@lAm@|@O]M]O][{@O]V_@V_@d@q@n@aAJOk@oAACi@uAh@tAl@rAKNo@`Ae@p@W^W^N\m@~@qCpEW\EBE?KMzCcFT]DGDI`@o@N\Zz@N\L\N\rAfD^k@tBeD^k@	Click to Generate
S26	20	1			3	Spa View Community Church (S26)	GoLocal (S26)	Birley Spa (S26)	1563	1172	a|qdI`gmGMCK@IHKJOJHZFf@OHQPINIREPAHIn@c@rDQnAOxACP?@G`@KEGAE?G@CAEACG?E?GAGGKUOTNFJ??@F?F?DBFD@B@FAD?F@JDC\A^?`@Ah@A`@A^E`@AHPXJL^`@e@pAK@K^GKa@o@Wg@m@gAWk@GFKHEACGi@mAYg@_@e@a@e@WOK?e@@[AO?E?e@Ed@DD?j@@d@AJ?VN`@d@^d@Xf@h@lABFD@JIFGVj@l@fAVf@L_@Jc@DSBKD]@IDa@@_@@a@@i@?a@@_@B]Fa@?ABQNyAPoAb@sDHo@@IDQHSHOPQNIGg@I[NKJKHIJALB	Click to Generate
S26	30	1			3	The Swan (S26)	Ridgeway Primary School (S26)	The Phoenix Inn (S26)	2887	2165	igndIbbpGGEaBy@w@a@WOu@_@y@SkA]wBk@MA_@Em@Ce@?a@Ac@GI?o@MGCYGa@OAAGZITUn@CN[~BSI]OP}AHe@T}AD_@s@e@k@c@s@u@a@i@W[UQSKQKCAYK_@QAAi@]ECk@i@c@_@eBaByAsAQIGAQDOHKJYdA[nAG`@_@lBOhA_@`ECVIr@]hCERTNUfC@HBHRZJJLJPHQIMKKKKQGICIAITgCUODS\iCHs@BW^aENiA^mBFa@ZoAXeAJKNIPEF@PHxArAdB`Bb@^j@h@DBh@\`@RXJB@PJRJTPVZ`@h@r@t@j@b@r@d@`Ah@@@`@NXFFBn@LH?b@F`@@d@?l@B^DL@vBj@jA\x@Rt@^VNv@`@`Bx@FD	Click to Generate
S26	30	1			3	Richmond Church (S26)	Antico (S26)	The Strad (S26)	2648	1986	equdIhqpGUTGTGBELERERCX?T?^@ZBXJ`@Tt@?JEPq@|BGLQ]u@mAS[Ya@DQDKDO?CBG?CDKLi@UU??TTMh@EJ?BCF?BENEJEPi@u@[e@CEYc@IMW]MSDSTkAH]RaAH]F_@BIDSFYP}@Z{Ax@cEH]TaBTwBJaC@aB?a@GAGGEKAK@MBODIFCDAFBFHBJ@L?DT?dA?T?X?b@@b@?Z@\?T?@?T?T@|@?B?x@?d@??O@[\@F?FGL_@L_@f@_Bf@}AFO@EAG@GDEBGLJLWBKBIDDBBHF]fACHc@tAIVOb@M^ITCLa@rAg@vBIb@]jBOp@cAlFCJQv@[bAg@zA[z@ELRZTZLTNV`@j@DFy@fDIZU~@c@dB_@`B[nAeAnEENCLe@k@EEi@}@k@gACEUe@FMp@}BDQ?KUu@Ka@CYA[?_@?UBYDSDSDMFCFUTU	Click to Generate
S26	60	1			3	Outwood Academy City (S26)	Stradbroke Community Centre (S26)	WD Motors (S26)	7661	5746	k`udInjoGPg@f@}AFO@ETXBBDDBI\gAFYJm@Ho@Fo@D}@@aAF_C@_@DUFGLAh@@r@DH?@{@?]Au@AgAAc@Ae@?C?UL?@?F?FEBI?YCa@?QDKJEPAj@JN@LCVEREX@HDDJ@T?|E@n@LdB?p@?jA?pAAjBG~BI`BHaBF_C@kB?}C?q@MeBAo@?}EAUEKIEYASDWDMBOAk@KQ@KDEJ?PB`@?XCHGDG?A?M??T?B@d@@b@@fA@t@?\Az@ExCGtDAZCf@Gt@M|@Mp@IXIXQd@ITUp@qAxDOb@GRKZKf@Kn@Kp@SpAM~@SbAWpAGTYhAg@nBSt@Ur@Qj@Qj@CHGRy@fDIZU~@c@dB_@`B[nAeAnEENCLe@k@EEi@}@k@gACEUe@FMp@}BDQ?KUu@Ka@CYA[?_@?UBYDSDSDMFCFUTULOc@d@GTGBELERERCX?T?^@ZBXJ`@Tt@?JEPq@|BGLTd@BDj@fAh@|@DDd@j@Z\^d@\n@Zr@\x@FLFJZh@BDFJBFDFDDf@t@HLX^T\Rd@Vd@Pb@Tp@Tv@T`At@bCl@fCZtAPbARbAV~APnAPvADd@@L??@\@T@N?P?VAf@Ad@MjCF@D?@?DCDEDIDQv@iDh@wBPu@Jq@XqCj@uFHs@De@rC{Wn@_GLgAHg@BYLy@NkAxAaJ@CJs@d@sCD]LeANaA^yBTmAn@sDXgBHk@Hc@Da@BY@]?g@Ac@?GA[E@AAE?WGAHEb@??E^ERETEl@Iz@KhAC`ABaAJiAH{@Dm@DUDSD_@Dc@@IVFD?@@DAA[?IAo@CaAAm@CiACsAAyA?wA?S?mA?}A?s@?eB?U?y@?[?g@?E?O?Y?QAe@AMEWCUM]Q]A?EECCGKCKAI?I?I?M@E@SBg@BYHc@BW@[B[@W?WAq@IqCA]CYCSWoBS}AGa@My@WyAUuAIF]Ty@p@m@l@i@n@EI]w@[w@_@s@_@o@U]q@}@SQMIKGMCYGk@I]EG`C?HCjAC|@?x@AXAjB?~A?~@?~C?t@BH?T?NCL?f@?J?R@JPxE@R?NBx@?R?H@V@|@?T?B@d@@b@@fA@t@?\Az@I?s@Ei@AM@GFETA^G~BA`AE|@Gn@In@Kl@GX]fACHEECCUYADGNg@|AQf@	Click to Generate
S26	60	1			3	Outwood Academy City (S26)	Stradbroke Community Centre (S26)	WD Motors (S26)	7590	5692	e_udIxgoGRo@FO@ETXBBDDBI\gAFYJm@Ho@Fo@D}@@aAF_C@_@DUFGLAh@@r@DH?@{@?]Au@AgAAc@Ae@?C?UL?@?F?FEBI?YCa@?QDKJEPAj@JN@LCVEREX@HDDJ@T?|E@n@LdB?p@?jA?pAAjBG~BI`BHaBF_C@kB?}C?q@MeBAo@?}EAUEKIEYASDWDMBOAk@KQ@KDEJ?PB`@?XCHGDG?A?M??T?B@d@@b@@fA@t@?\Az@ExCGtDAZCf@Gt@M|@Mp@IXIXQd@ITUp@qAxDOb@GRKZKf@Kn@Kp@SpAM~@SbAWpAGTYhAg@nBSt@Ur@Qj@Qj@CHGRy@fDIZU~@c@dB_@`B[nAeAnEENCLe@k@EEi@}@k@gACEUe@FMp@}BDQ?KUu@Ka@CYA[?_@?UBYDSDSDMFCFUTULOc@d@GTGBELERERCX?T?^@ZBXJ`@Tt@?JEPq@|BGLTd@BDj@fAh@|@DDd@j@Z\^d@\n@Zr@\x@FLFJZh@BDFJBFDFDDf@t@HLX^T\Rd@Vd@Pb@Tp@Tv@T`At@bCl@fCZtAPbARbAV~APnAPvADd@@L??@\@T@N?P?VAf@Ad@MjCF@D?@?DCDEDIDQv@iDh@wBPu@Jq@XqCj@uFHs@De@rC{Wn@_GLgAHg@BYLy@NkAxAaJ@CJs@d@sCD]LeANaA^yBTmAn@sDXgBHk@Hc@Da@BY@]?g@Ac@?GA[E@AAE?WGAHEb@??E^ERETEl@Iz@KhAC`ABaAJiAH{@Dm@DUDSD_@Dc@@IVFD?@@DAA[?IAo@CaAAm@CiACsAAyA?wA?S?mA?}A?s@?eB?U?y@?[?g@?E?O?Y?QAe@AMEWCUM]Q]A?EECCGKCKAI?I?I?M@E@SBg@BYHc@BW@[B[@W?WAq@IqCA]CYCSWoBS}AGa@My@WyAUuAIF]Ty@p@m@l@i@n@EI]w@[w@_@s@_@o@U]q@}@SQMIKGMCYGk@I]EG`C?HCjAC|@?x@AXAjB?~A?~@?~C?t@BH?T?NCL?f@?J?R@JPxE@R?NBx@?R?H@V@|@?T?B@d@@b@@fA@t@?\Az@I?s@Ei@AM@GFETA^G~BA`AE|@Gn@In@Kl@GX]fACHEECCUYADGNSn@	Click to Generate
S26	60	1			3	Outwood Academy City (S26)	Stradbroke Community Centre (S26)	WD Motors (S26)	7607	5705	o_udIlhoG\cAFO@ETXBBDDBI\gAFYJm@Ho@Fo@D}@@aAF_C@_@DUFGLAh@@r@DH?@{@?]Au@AgAAc@Ae@?C?UL?@?F?FEBI?YCa@?QDKJEPAj@JN@LCVEREX@HDDJ@T?|E@n@LdB?p@?jA?pAAjBG~BI`BHaBF_C@kB?}C?q@MeBAo@?}EAUEKIEYASDWDMBOAk@KQ@KDEJ?PB`@?XCHGDG?A?M??T?B@d@@b@@fA@t@?\Az@ExCGtDAZCf@Gt@M|@Mp@IXIXQd@ITUp@qAxDOb@GRKZKf@Kn@Kp@SpAM~@SbAWpAGTYhAg@nBSt@Ur@Qj@Qj@CHGRy@fDIZU~@c@dB_@`B[nAeAnEENCLe@k@EEi@}@k@gACEUe@FMp@}BDQ?KUu@Ka@CYA[?_@?UBYDSDSDMFCFUTULOc@d@GTGBELERERCX?T?^@ZBXJ`@Tt@?JEPq@|BGLTd@BDj@fAh@|@DDd@j@Z\^d@\n@Zr@\x@FLFJZh@BDFJBFDFDDf@t@HLX^T\Rd@Vd@Pb@Tp@Tv@T`At@bCl@fCZtAPbARbAV~APnAPvADd@@L??@\@T@N?P?VAf@Ad@MjCF@D?@?DCDEDIDQv@iDh@wBPu@Jq@XqCj@uFHs@De@rC{Wn@_GLgAHg@BYLy@NkAxAaJ@CJs@d@sCD]LeANaA^yBTmAn@sDXgBHk@Hc@Da@BY@]?g@Ac@?GA[E@AAE?WGAHEb@??E^ERETEl@Iz@KhAC`ABaAJiAH{@Dm@DUDSD_@Dc@@IVFD?@@DAA[?IAo@CaAAm@CiACsAAyA?wA?S?mA?}A?s@?eB?U?y@?[?g@?E?O?Y?QAe@AMEWCUM]Q]A?EECCGKCKAI?I?I?M@E@SBg@BYHc@BW@[B[@W?WAq@IqCA]CYCSWoBS}AGa@My@WyAUuAIF]Ty@p@m@l@i@n@EI]w@[w@_@s@_@o@U]q@}@SQMIKGMCYGk@I]EG`C?HCjAC|@?x@AXAjB?~A?~@?~C?t@BH?T?NCL?f@?J?R@JPxE@R?NBx@?R?H@V@|@?T?B@d@@b@@fA@t@?\Az@I?s@Ei@AM@GFETA^G~BA`AE|@Gn@In@Kl@GX]fACHEECCUYADGN]bA	Click to Generate
S26	20	1			3	Hair by Lisa (S26)	Frecheville Post Office (S26)	St Cyprian (S26)	1866	1400	g}rdIf~pGA@EBE?KMzCcFT]DGDI`@o@N\gAdBwBjDW\EBE?KMzCcFT]DGDI`@o@V_@V_@d@q@n@aAJOl@_ANU`@q@DJ@H?JAHuBfDMT_@n@E@A@C?IEMKW^W^N\Zz@N\L\N\l@}@pD{FPYr@cA`AaBrAfDuBdD{@tA_@j@uBdD_@j@sAgDO]M]O][{@_EpGUZ	Click to Generate
S26	20	1			3	Frecheville News, Cards & Gifts (S26)	Safa (S26)	St Cyprian (S26)	1683	1262	wsrdIbtpG[w@A@C?IEMKW^W^N\kBvCsAxBW\EBE?KMzCcFT]DGDI`@o@V_@V_@d@q@n@aAJOk@oAACi@uAh@tAl@rAKNo@`Ae@p@W^W^N\Zz@N\L\N\l@}@pD{FPYr@cA`AaBrAfDuBdD{@tA_@j@uBdD_@j@sAgDO]M]O][{@O]V_@V_@LJHDB?@AZv@	Click to Generate
S26	60	1			3	Birley Health Centre (S26)	Birley Primary Academy (S26)	New Loon Fung (S26)	4346	3260	gmqdIf{pG??_Db@OoEj@Az@Kt@K|Fs@ZE~@MXG\Kb@KZfEw@J_@F??^Gv@KFp@Dt@L~ADd@Bd@Bf@@f@?f@@b@?V?RAVARAPE^ERG^I^G\GVGZGTGVIZGRGPGPGPGNOXMVMRQVW`@mAtByAlCINGNGNCRCLAR?^GpH?|Cc@Os@YGEcCkA{@g@SKqBy@_D_BqCuAuAs@[QGC{@a@QKCECCAEACAIAE?I@K@M@OZeBDODUXyAh@iCZ_BLq@|BbBFKFIn@q@FEBKBG@I?K?KI]Qi@Yu@GYCWAW?MFQHMCs@Br@ILGP?L@VBVFXXt@BJL\H\?J?JAHCFCJGDo@p@kAuFEKCIBY@[?sE?o@@{A?k@@o@@a@@[JkAb@kG@E~@VFBB?RJTJT_ALk@Lu@Hq@Bi@Dq@J}EHqDB}@@GB_@D[BI@GBGHUNQFIJMhAoAFZHXPMXS@?v@a@j@YTERARBPHFHBBFPDXHd@@DB\Fr@Dr@DnA_@JOBYJUFSJ]No@^RrANfALnAH~@Bb@TvE@X@VBTPlEu@J{@Jk@@NnE~Cc@??	Click to Generate
S26	20	1			3	Safa (S26)	St Cyprian (S26)	Frecheville Library (S26)	1579	1184	_jrdItapGc@r@eAdB_@h@e@t@a@p@OTm@~@k@oAACi@uAh@tAl@rAKNo@`Ae@p@W^W^N\Zz@N\L\N\rAfD^k@tBeD^k@z@uAtBeDsAgDaA`Bs@bAQX{BlDu@lAm@|@O]M]O][{@O]V_@V_@d@q@n@aAJOl@_ANU`@q@d@u@^i@dAeBb@s@	Click to Generate
S26	20	1			3	Birley Wood Golf Club (S26)	UK Welder (S26)	Birley Health Centre (S26)	1511	1133	s`qdInyoG]BLxAz@J??{@KMyAUH??C?A@AQIcAA@C?E@M@M@Y?_A@gAB]@e@H_@JC?KBYJUFq@Zo@^RrANfALnAH~@Bb@TvE@X@VBTPlE|Fs@ZE~@MXG\Kb@KZfEw@J_@F??^Gv@K[gEI_AGg@AOAICUEo@AUEk@?ECc@Ew@AKAS?YCmBA{@Aa@?UAUAWEk@AW@AB???TI\C	Click to Generate
S26	20	1			3	Golden City (S26)	The Sherwood (S26)	St Cyprian (S26)	1787	1340	g|rdIz|pGINW\EBE?KMzCcFT]DGDI`@o@N\U\iDrFW\EBE?KMzCcFT]DGDI`@o@V_@V_@d@q@IUCE?OOVEC[s@?Ac@r@\t@`@s@DBNW?NBDHTe@p@W^W^N\Zz@N\L\N\l@}@pD{FPYr@cA`AaBrAfDuBdD{@tA_@j@uBdD_@j@sAgDO]M]O][{@uD`G	Click to Generate
S26	60	1			3	Birley Wood Golf Club (S26)	Queens Head (S26)	The Swan (S26)	6778	5084	e_pdItdpGGICIAITgCUOEXMbAStACTIn@Kv@M~@UvAUnAu@bDaA~CiArDy@lCg@~Ac@~Aw@pCgDjLGPk@~AITmAtC{CpGuB`EkAfCYr@OZEGKSCGg@iBIUMMMMQGSKk@S?}CFqH?_@@SBMBSFOFOHOxAmClAuBVa@PWLSLWNYFOFQFQFQFSH[FWFUF[FWF]H_@F_@DSD_@@Q@S@W?S?WAc@?g@Ag@Cg@Ce@Ee@M_BEu@Gq@[gEI_AGg@AOAICUEo@AUEk@?ECc@Ew@AKAS?YCmBA{@Aa@?UAUAWEk@AW@AB???TILxAz@J??{@KMyAUH??C?A@@VDj@@V@T?T@`@@z@BlB?X@R@JDv@Bb@?DDj@@TDn@BT@H@NFf@H~@ZfEFp@Dt@L~ADd@Bd@Bf@@f@?f@@b@?V?RAVARAPE^ERG^I^G\GVGZGTGVIZGRGPGPGPGNOXMVMRQVW`@mAtByAlCINGNGNCRCLAR?^GpH?|Cj@RRJPFLLLLHTf@hBBFJRDFN[Xs@jAgCtBaEzCqGlAuCHUj@_BFQfDkLv@qCb@_Bf@_Bx@mChAsD`A_Dt@cDToATwAL_AJw@Ho@BURuALcADYDS\iCHs@BW^aENiA^mBFa@ZoAXeAJKNIPEF@PHxArAdB`Bb@^j@h@DBh@\??`@RXJB@PJRJTPVZ`@h@r@t@j@b@r@d@E^U|AId@Q|A\NRHZ_CBOTo@HUF[aAi@s@e@k@c@s@u@a@i@W[UQSKQKCAYKa@Si@]ECk@i@c@_@eBaByAsAQIGAQDOHKJYdA[nAG`@_@lBOhA_@`ECVIr@]hCERTNUfC@HBHFH	Click to Generate
S26	15	1			3	Golden City (S26)	Bullie Ink Tattoo Collective (S26)	St Cyprian (S26)	1408	1056	kvrdI|mpGZr@DBNW?NBDHTe@p@W^W^N\U\iCdE_@l@W\EBE?KMzCcFT]DGDI`@o@N\Zz@N\L\N\l@}@pD{FPYr@cA`AaBrAfDuBdD{@tA_@j@uBdD_@j@sAgDO]M]O][{@O]V_@V_@d@q@IUCE?OOVEC[s@	Click to Generate
S26	60	1			3	Grayson's Plumbing & Heating Supplies (S26)	Outwood Academy City (S26)	WD Motors (S26)	5652	4239	}|tdI|coGBIDDBBHF]fACHc@tAIVOb@M^ITCLa@rAEAE?[Ca@A?O@[\@F?FGX{@@Cf@_Bf@}AFO@ETXBBDDBI\gAFYJm@Ho@Fo@D}@@aAF_C@_@DUFGLAh@@r@DH?@{@?]Au@AgAAc@Ae@?C?UL?@?F?FEBI?YCa@?QDKJEPAj@JN@LCVEREX@HDDJ@T?|E@n@LdB?p@?jA?pAAjBG~BI`BHaBF_C@kB?}C?q@MeBAo@?}EAUEKIEYASDWDMBOAk@KQ@KDEJ?PB`@?XCHGDG?A?M?A}@AW?I?SCy@?OASQyEAK?S?K?g@BM?O?UCI?u@?_D?_A?_B@kB@Y?y@B}@BkA?IFaC\Dj@HXFLBJFLHRPp@|@T\^n@^r@Zv@\v@DHh@o@l@m@x@q@\UHGTtAVxALx@F`@R|AVnBBRBX@\HpC@p@?VAVCZAZCV?T@N@JBLHJFPDDBDDHBP@H?HAHAJAR?VBh@?p@@L@d@?P?X?N?D?f@?Z?x@?T?dB?r@?|A?lA?R?vA@xABrABhA@l@B`A@n@?H@ZE@AAE?WGAHEb@??E^ERETEl@Iz@KhAC`ABaAJiAH{@Dm@DUDSD_@Dc@@IVFD?@@DAA[?IAo@CaAAm@CiACsAAyA?wA?S?mA?}A?s@?eB?U?y@?[?g@?E?O?Y?QAe@AMEWCUM]Q]A?EECCGKCKAI?I?I?M@E@SBg@BYHc@BW@[B[@W?WAq@IqCA]CYCSWoBS}AGa@My@WyAUuAIF]Ty@p@m@l@i@n@EI]w@[w@_@s@_@o@U]q@}@SQMIKGMCYGk@I]EG`C?HCjAC|@?x@AXAjB?~A?~@?~C?t@BH?T?NCL?f@?J?R@JPxE@R?NBx@?R?H@V@|@?T?B@d@@b@@fA@t@?\Az@I?s@Ei@AM@GFETA^G~BA`AE|@Gn@In@Kl@GXIGCCEECH	Click to Generate
S26	60	1			3	Queens Head (S26)	St John the Evangelist (S26)	The Phoenix Inn (S26)	4261	3196	qaodIbzoGHUF[aAi@s@e@k@c@s@u@a@i@W[UQSKQKCAYKa@Si@]ECk@i@c@_@eBaByAsAQIGAQDOHKJF_@DYDa@DJJb@FNF@PHxArAdB`Bb@^j@h@DBh@\??`@RXJB@PJRJTPVZ`@h@r@t@j@b@r@d@`Ah@@@`@NXFFBn@LH?b@F`@@d@?l@B^DL@vBj@jA\x@Rt@^VNv@`@`Bx@FDPFZLVHPDzA\dDt@@yA@{@Az@AxAeDu@{A]QEWI[MYMaBy@w@a@WOu@_@y@SkA]wBk@MA_@Em@Ce@?a@Ac@GI?o@MGCYGa@OAAaAi@s@e@k@c@s@u@a@i@W[UQSKQKCAYKa@Si@]ECk@i@c@_@eBaByAsAQIGAQDOHKJYdA[nAG`@_@lBOhA_@`ECVIr@]hCERTNUfC@HBHRZJJLJPHQIMKKKKQGICIAITgCUODS\iCHs@BW^aENiA^mBFa@ZoAXeAJKNIPEF@PHxArAdB`Bb@^j@h@DBh@\`@RXJB@PJRJTPVZ`@h@r@t@j@b@r@d@`Ah@GZIT	Click to Generate
S26	20	1			3	The Birley (S26)	Safa (S26)	St Cyprian (S26)	1694	1270	szrdIrzpG}@vAW\EBE?KMzCcFT]DGDI`@o@V_@V_@LJHDB?@AZv@JTHTYd@M@KMGEI?MP[{@O]V_@V_@d@q@n@aAJOk@oAACi@uAh@tAl@rAKNo@`Ae@p@W^W^N\Zz@N\L\N\l@}@pD{FPYr@cA`AaBrAfDuBdD{@tA_@j@uBdD_@j@sAgDO]M]O][{@aCxD	Click to Generate
S26	15	1			3	The Fairway (S26)	Birley Health Centre (S26)	Birley Wood Golf Club (S26)	1381	1036	klqdInxoGB?^Kd@I\AfAC~@AX?LALADAB?@AHbA@P@AB???TI\C??]BUH??C?A@@VDj@@V@T?T@`@@z@BlB?X@R@JDv@Bb@?DDj@@TDn@BT@H@NFf@H~@ZfEw@J_@F??^Gv@K[gEI_AGg@AOAICUEo@AUEk@?ECc@Ew@AKAS?YCmBA{@Aa@?UAUAWEk@AW@AB???TILxAz@J??{@KMyAUH??C?A@AQIcAA@C?E@M@M@Y?_A@gAB]@e@H_@JC?	Click to Generate
S26	60	1			3	Outwood Academy City (S26)	Scowerdons Community Centre (S26)	The Strad (S26)	9849	7387	s_tdIvpoG?GAc@?GA[A[?IAo@CaAAm@CiACsAAyA?wA?S?mA?}A?s@?eB?U?y@?[?g@?E?O?Y?QAe@AMEWCUM]Q]A?EECCGKCKAI?I?I?M@E@SBg@BYHc@BW@[B[@W?WAq@IqCA]CYCSWoBS}AGa@My@WyAUuAIF]Ty@p@m@l@i@n@EI]w@[w@_@s@_@o@U]q@}@SQMIKGMCYGk@I]EG`C?HCjAC|@?x@AXAjB?~A?~@?~C?t@BH?T?NCL?f@?J?R@JPxE@R?NBx@?R?H@V@|@L?@?F?FEBI?YCa@?QDKJEPAj@JN@LCVEREX@HDDJ@T?|E@n@LdB?p@?jA?pAAjBG~BI`BHaBF_C@kB?}C?q@MeBAo@?}EAUEKIEYASDWDMBOAk@KQ@KDEJ?PB`@?XCHGDG?A?M?A}@AW?I?SCy@?OASQyEAK?S?K?g@BM?O?UCI?u@?_D?_A?_B@kB@Y?y@B}@BkA?IFaC\Dj@HXFLBJFLHRPp@|@T\^n@^r@Zv@\v@DHh@o@l@m@x@q@\UHGTtAVxALx@F`@R|AVnBBRBX@\HpC@p@?VAVCZAZCV?T@N@JBLHJFPDDBDDHBP@H?HAHAJAR?VBh@?p@@L@d@?P?XJ@R?\BNBVHB@PJ\Z`@V\VZTTFJB\D\Af@Eb@ORKLIVUZ]Xa@HMJQTg@JYN_@La@Lc@Pm@ZcAPi@@ALc@\y@L[LYBIN[Xi@T[Va@FNx@nBFPj@tAN\Nf@Nf@Ld@j@vBVbAJb@?@Hf@Dh@B`@@^?\A^AXEb@KdAGp@Cj@Cn@Ad@?F?d@@p@@r@KBOBSFOFYVWXOTKNUZ_@j@GDGAF@FE^k@T[JONUVYLMJINGRGNCJCAs@Aq@?e@?G@e@Bo@Bk@Fq@JeADc@WIA?QCS?QBGBQFSBO?OCOIQOa@_@GGOMOGMGOCC?K?I@G@UH]P]PA@OFQDO@OCOEQIMIMOACKOKU]}@AAEKY`@[\WTMHSJc@Ng@D]@]EKCUG[U]Wa@W][QKCAWIOC]CS?KA?Y?QAe@AMEWCUM]Q]A?EECCGKCKAI?I?I?M@E@SBg@BYHc@BW@[B[@W?WAq@IqCA]CYCSWoBS}AGa@My@WyAUuAIF]Ty@p@m@l@i@n@EI]w@[w@_@s@_@o@U]q@}@SQMIKGMCYGk@I]EG`C?HCjAC|@?x@AXAjB?~A?~@?~C?t@BH?T?NCL?f@?J?R@JPxE@R?NBx@?R?H@V@|@?T?B@d@@b@@fA@t@?\Az@I?s@Ei@AM@GFETA^G~BA`AE|@Gn@In@Kl@GX]fACHEECCUYAG@GDEBGLJLWBKBIDDBBHFFYJm@Ho@Fo@D}@@aAF_C@_@DUFGLAh@@r@DH?@{@?]Au@AgAAc@Ae@?C?UA}@AW?I?SCy@?OASQyEAK?S?K?g@BM?O?UCI?u@?_D?_A?_B@kB@Y?y@B}@BkA?IFaC\Dj@HXFLBJFLHRPp@|@T\^n@^r@Zv@\v@DHh@o@l@m@x@q@\UHGTtAVxALx@F`@R|AVnBBRBX@\HpC@p@?VAVCZAZCV?T@N@JBLHJFPDDBDDHBP@H?HAHAJAR?VBh@?p@@L@d@?P?X?N?D?f@?Z?x@?T?dB?r@?|A?lA?R?vA@xABrABhA@l@B`A@n@?H@Z@Z?F@b@?F	Click to Generate
S26	60	1			3	Carter Hall Lane (S26)	Birley Health Centre (S26)	The Birley Academy (S26)	6947	5210	otpdIdarG{@u@ITmAtC{CpGuB`EkAfCYr@OZId@ADMn@e@pCShA{@lE{BvLWvAEVKv@Mt@M|@Ed@AHANAFCVDBD@PFrBp@`EzA~@ZJORSJILITINEAe@AYBO@EJ]HSHQJWVe@Vg@@KBOBGVg@^cAr@aCfAkDZoAJ]`@}@l@oAZk@nAiCPWPQ`@W^Sn@U^CFA`@D`@H~@Z\J?n@@HHPIQAI?o@]K_A[a@Ia@Eg@Do@T_@Ra@VQPQVoAhC[j@m@nAa@|@K\[nAgAjDs@`C_@bAWf@CFCNAJWf@Wd@KVIPIRK\ADCN@X@d@ODUHMHKHSRKN_A[aE{AsBq@QGEAECBW@G@O@IDe@L}@Lu@Jw@DWVwAzBwLz@mERiAd@qCLo@@EHe@EGKSCGg@iBIUMMMMQGSKk@S?}CFqH?_@@SBMBSFOFOHOxAmClAuBVa@PWLSLWNYFOFQFQFQFSH[FWFUF[FWF]H_@F_@DSD_@@Q@S@W?S?WAc@?g@Ag@Cg@Ce@Ee@M_BEu@Gq@w@J_@F??^Gv@K[gEc@J]JYF_AL[D}Fr@u@J{@Jk@@NnE~Cc@??FCBEXEB?H?BDJZ^fB_@gBK[CEI?C?YDCDGB_Db@OoEj@Az@Kt@K|Fs@ZE~@MXG\Kb@KZfEFp@Dt@L~ADd@Bd@Bf@@f@?f@@b@?V?RAVARAPE^ERG^I^G\GVGZGTGVIZGRGPGPGPGNOXMVMRQVW`@mAtByAlCINGNGNCRCLAR?^GpH?|Cj@RRJPFLLLLHTf@hBBFJRDFN[Xs@jAgCtBaEzCqGlAuCHUz@t@	Click to Generate
S26	60	1			3	Carter Hall Road, Charnock (S26)	Charnock Hall Road (S26)	The Admiral (S26)	6930	5198	kbsdId~tGPbAPlA@HBR`@?P?^@f@@h@H`AHVBF?^DrANZBN@lBRr@Jv@HTFZJb@Nb@R^Tb@^PPl@n@~@dAVJHBJ@FBH@F?JCH?\m@V[TUBEj@g@LMJKNOJKHIFIFOHUDQLe@Jm@BOf@qCd@}BtAiHNy@Lu@Jo@Jw@PkB@ILcBDBD@PFrBp@hAb@vBv@~@ZJORSJILITINEx@Gx@GPAN@LFPPLTFJDNPr@FXBFH\Rx@Lb@Jb@?BFXDd@?X?ZE\iA|GG^Kb@GRGXU|@IZS~@c@~BiBeA[MECgC}@k@So@U_A]o@SiC}@k@Ug@Qg@Qu@YQEC?d@}BtAiHNy@Lu@Jo@Jw@PkB@ILcBBW@G@O@IDe@L}@Lu@Jw@DWVwAzBwLz@mERiAd@qCLo@@EHe@EGKSCGg@iBIUMMMMQGSKk@Sc@Os@YGEcCkA{@g@SKqBy@_D_BqCuAuAs@[QGC{@a@QKCECCAEACAIAE?I@K@M@OCEAEAGAEMgAEOEUKUIQKKOMgHiDkCoAmCoAkCsAo@Yq@[_@QCCCCACGMfAcBVa@p@gAj@{@LUj@y@HKzCcFT]DGDI`@o@N\_EpGUZA@EBE?KMIJk@x@MTk@z@q@fAW`@gAbBMTe@r@eAdBiAlBiAnBOXKPgBfDWb@OXKPINCFe@x@CFIPEHEFGL[j@c@z@Yr@i@jAUl@e@jAITO^K\CFIPFHDFBF`@~@JVN\BDLZBHZr@hApCtAdD\~@f@`BTv@@DHXT`A?Dt@xCj@xBTbAH\H^r@lCLf@XlAp@rCTbA`@rBjAxGhAdH?@	Click to Generate
S26	60	1			3	Outwood Academy City (S26)	The Strad (S26)	Grayson's Plumbing & Heating Supplies (S26)	5398	4048	eatdIlooG??Dc@@IVFD?@@DAA[?IAo@CaAAm@CiACsAAyA?wA?S?mA?}A?s@?eB?U?y@?[?g@?E?O?Y?QAe@AMEWCUM]Q]A?EECCGKCKAI?I?I?M@E@SBg@BYHc@BW@[B[@W?WAq@IqCA]CYCSWoBS}AGa@My@WyAUuAIF]Ty@p@m@l@i@n@EI]w@[w@_@s@_@o@U]q@}@SQMIKGMCYGk@I]EG`C?HCjAC|@?x@AXAjB?~A?~@?~C?t@BH?T?NCL?f@?J?R@JPxE@R?NBx@?R?H@V@|@L?@?F?FEBI?YCa@?QDKJEPAj@JN@LCVEREX@HDDJ@T?|E@n@LdB?p@?jA?pAAjBG~BI`BHaBF_C@kB?}C?q@MeBAo@?}EAUEKIEYASDWDMBOAk@KQ@KDEJ?PB`@?XCHGDG?A?M??T?B@d@@b@@fA@t@?\Az@I?s@Ei@AM@GFETA^G~BA`AE|@Gn@In@Kl@GXIGCCEECHCJMVMKCFEDAF@FADGNg@|Ag@~AABYz@GFG?]AAZ?N`@@ZBD?D@`@sABMHUL_@Nc@HWb@uABI\gAFYJm@Ho@Fo@D}@@aAF_C@_@DUFGLAh@@r@DH?@{@?]Au@AgAAc@Ae@?C?UA}@AW?I?SCy@?OASQyEAK?S?K?g@BM?O?UCI?u@?_D?_A?_B@kB@Y?y@B}@BkA?IFaC\Dj@HXFLBJFLHRPp@|@T\^n@^r@Zv@\v@DHh@o@l@m@x@q@\UHGTtAVxALx@F`@R|AVnBBRBX@\HpC@p@?VAVCZAZCV?T@N@JBLHJFPDDBDDHBP@H?HAHAJAR?VBh@?p@@L@d@?P?X?N?D?f@?Z?x@?T?dB?r@?|A?lA?R?vA@xABrABhA@l@B`A@n@?H@ZE@AAE?WGAHEb@??	Click to Generate
S26	45	1			3	The Strad (S26)	Outwood Academy City (S26)	Stradbroke Community Centre (S26)	3990	2992	oaudIfmoGL_@f@_Bf@}AFO@EAG@GDEBGLJLWBKBIDDBBHFFYJm@Ho@Fo@D}@@aAF_C@_@DUFGLAh@@r@DH?@{@?]Au@AgAAc@Ae@?C?UL?@?F?FEBI?YCa@?QDKJEPAj@JN@LCVEREX@HDDJ@T?|E@n@LdB?p@?jA?pAAjBG~BI`BHaBF_C@kB?}C?q@MeBAo@?}EAUEKIEYASDWDMBOAk@KQ@KDEJ?PB`@?XCHGDG?A?M??T?B@d@@b@@fA@t@?\Az@ExCGtDAZCf@Gt@M|@Mp@IXIXQd@ITUp@qAxDOb@GRKZKf@Kn@Kp@SpAM~@SbAWpAGTYhAg@nBSt@Ur@Qj@Qj@CHGRy@fDIZU~@c@dB_@`B[nAeAnEENCLe@k@EEi@}@k@gACEUe@FMp@}BDQ?KUu@Ka@CYA[?_@?UBYDSDSDMFCFUTULOc@d@GTGBELERERCX?T?^@ZBXJ`@Tt@?JEPq@|BGLTd@BDj@fAh@|@DDd@j@BMDOdAoEZoA^aBb@eBT_AH[x@gDEGa@k@OWMUU[S[DMZ{@f@{AZcAPw@BKbAmFNq@\kBHc@f@wBEAE?[Ca@A?O@[\@F?FGL_@	Click to Generate
S26	45	1			3	Charnock Hall Road (S26)	Carter Hall Lane (S26)	Carter Hall Road, Charnock (S26)	3650	2738	aipdIbjtGKq@EQUc@KVO^}BbGw@pBELEJQd@K\}@tEKZMVKLOHUDQ?QE_Ao@hA}GD]?[?YEe@GY?CKc@Mc@Sy@I]CGGYQs@EOGKMUQQMGOAQ@y@Fy@FAe@AYBO@EJ]HSHQJWVe@Vg@@KBOBGVg@^cAr@aCfAkDZoAJ]`@}@l@oAZk@nAiCPWPQ`@W^Sn@U^CFA`@D`@H~@Z\J?n@@HHPIQAI?o@]K_A[a@Ia@Eg@Do@T_@Ra@VQPQVoAhC[j@m@nAa@|@K\[nAgAjDs@`C_@bAWf@CFCNAJWf@Wd@KVIPIRK\ADCN@X@d@ODUHMHKHSRKNq@rAO\KVKZOf@_AtCuBeCKKOKx@}HhAb@vBv@~@ZJORSJILITINEx@Gx@GPAN@LFPPLTFJDNPr@p@i@TYNYhBaFBGlCiHPc@HOLIHENAJBLJHJJTd@nAVv@^nAJ\D^?ZA\CVIXq@hBIRTb@DPJp@	Click to Generate
S26	20	1			3	Frecheville Post Office (S26)	St Cyprian (S26)	The Co-operative Food (S26)	2000	1500	gyrdIpxpGiBxCW\EBE?KMzCcFT]DGDI`@o@V_@V_@d@q@n@aAJOl@_ANU`@q@DJ@H?JAHuBfDMT_@n@E@A@C?IEMKW^W^N\Zz@N\L\N\rAfD^k@tBeD^k@z@uAtBeDsAgDnB}CZg@pDuFyAoDo@`AuAxBm@|@GJEFEH{@rAc@r@eAdB_@h@e@t@a@p@OTm@~@KNo@`Ae@p@W^W^N\uAvB	Click to Generate
S26	20	1			3	The Birley (S26)	Safa (S26)	St Cyprian (S26)	1694	1270	izrdI`zpGgAhBW\EBE?KMzCcFT]DGDI`@o@V_@V_@LJHDB?@AZv@JTHTYd@M@KMGEI?MP[{@O]V_@V_@d@q@n@aAJOk@oAACi@uAh@tAl@rAKNo@`Ae@p@W^W^N\Zz@N\L\N\l@}@pD{FPYr@cA`AaBrAfDuBdD{@tA_@j@uBdD_@j@sAgDO]M]O][{@wBfD	Click to Generate
S26	60	1			3	Birley Moor Garden Centre (S26)	Birley Moor Fire Station (S26)	Ridgeway Primary School (S26)	5558	4168	umpdIpxmGGFE?ECEKIm@?OBQFWBS?OAMCKCG[y@oCdERb@LPD?DC??NUOTEBE?MQSc@{A~BgHvKi@z@`@`AL\@T]f@OAGK??FJN@\g@AUM]a@aAh@{@fHwKzA_CnCeE`FyHvBsD~@eBrBkELULSRSxBwBTSHKJKxD_GFLHTDZB`@BpA?HBhCBdABvCBj@Bh@Fn@Dh@Jl@Hf@x@fFLbAPhBHz@@T@`@@`@?D?ZAZE`@EZOh@}@jCaAjCw@hBSh@ADI\EJMl@SlAU|ASbBMlAWvEG~@AXAJUbDDJJb@FNF@PHxArAdB`Bb@^j@h@DBh@\`@RXJB@PJRJTPVZ`@h@]zCw@Uw@WIC@ERaBF{@Bu@CAYK_@QAAi@]ECk@i@c@_@eBaByAsAQIGAGOKc@EKTcD@K@YF_AVwELmARcBT}ARmALm@DKH]@ERi@v@iB`AkC|@kCNi@D[Da@@[?[?EAa@Aa@AUI{@QiBMcAy@gFIg@Km@Ei@Go@Ci@Ck@CwCCeACiC?ICqACa@E[IUGMyD~FKJIJURyBvBSRMRMTsBjE_AdBwBrDaFxHZx@BFBJ@L?NCRGVCP?NHl@DJDBD?FG	Click to Generate
S26	30	1			3	The Birley Academy (S26)	The Fairway (S26)	Birley Wood Golf Club (S26)	2101	1576	_bqdItxpG^Gv@K[gEc@J]JYF_AL[D}Fr@u@J{@Jk@@NnE~Cc@??FCBEXEB?H?BDJZ^fB_@gBK[CEI?C?YDCDGB_Db@OoEj@Az@Kt@K|Fs@ZE~@MXG\Kb@KI_AGg@AOAICUEo@AUEk@?ECc@Ew@AKAS?YCmBA{@Aa@?UAUAWEk@AW@AB???TI\C??]BLxAz@J??{@KMyAUH??C?A@@VDj@@V@T?T@`@@z@BlB?X@R@JDv@Bb@?DDj@@TDn@BT@H@NFf@H~@ZfEw@J_@F	Click to Generate
S26	20	1			3	Meraki (S26)	Frecheville Post Office (S26)	St Cyprian (S26)	1866	1400	q|rdIj}pG??W\EBE?KMzCcFT]DGDI`@o@N\m@~@qCpEW\EBE?KMzCcFT]DGDI`@o@V_@V_@d@q@n@aAJOl@_ANU`@q@DJ@H?JAHuBfDMT_@n@E@A@C?IEMKW^W^N\Zz@N\L\N\l@}@pD{FPYr@cA`AaBrAfDuBdD{@tA_@j@uBdD_@j@sAgDO]M]O][{@_EpG	Click to Generate
S26	30	1			3	Grandpa Joe's Potting Shed (S26)	Birley Caravan Storage (S26)	UK Welder (S26)	2996	2247	qaqdIjnnGFJN@\g@AUM]a@aAh@{@fHwKzA_CRb@Y`@ADAF@HHVNb@Rd@BJDBDBFAZMFAD?E?G@[LG@ECECCKc@iAIWAI@G@EXa@Sc@nCeEZx@BFBJ@L?NCRGVCP?NHl@DJDBD?FG??GFE?ECEKIm@?OBQFWBS?OAMCKCG[y@oCdE{A~BgHvKi@z@KN_@h@KNEFW^CBLXDJDHJd@Jd@Jf@@LF`ABz@@|@?v@Al@Ep@Et@Gx@Ed@Af@Af@?|@@v@?d@Ab@CdBA`@AX?ZAZ?\@V@d@?TB`@@\A@C?E@M@M@Y?_A@gAB]@e@H_@JC?KBYJUFq@Zo@^SkAUeASaAQ{@Ms@IYG[Qm@AEOg@EKCKISUk@AEEIGIEKJQjPwV`@m@FIFIBEFKBCV_@DGJO^i@JO`@`AL\@T]f@OAGK	Click to Generate
S26	30	1			3	Birley Caravan Storage (S26)	Birley Moor Fire Station (S26)	The Fairway (S26)	2450	1838	qrpdIxxmGEBE?MQSc@nCeEZx@BFBJ@L?NCRGVCP?NHl@DJDBD?FG??GFE?ECEKIm@?OBQFWBS?OAMCKCG[y@oCdE{A~BgHvKi@z@`@`AL\@T]f@OAGK??FJN@\g@AUM]a@aAKN_@h@KNEFW^CBLXDJDHJd@Jd@Jf@@LF`ABz@@|@?v@Al@Ep@Et@Gx@Ed@Af@Af@?|@@v@?d@Ab@CdBA`@AX?ZAZ?\@V@d@?TB`@@\HbA@P@AB???TI\C??]BUH??C?A@AQIcAA]Ca@?UAe@AW?]@[?[@Y@a@BeB@c@?e@Aw@?}@@g@@g@De@Fy@Du@Dq@@m@?w@A}@C{@GaAAMKg@Ke@U[EGEMKWFKBCV_@DGJO^i@JOh@{@fHwKzA_CRb@LPD?DC	Click to Generate
S26	30	1			3	The Birley Academy (S26)	St Cyprian (S26)	Frecheville Library (S26)	2659	1994	}}qdIplqGL\H\?J?JAHCFCJGDo@p@kAuFEKCIBY@[?sE?o@x@BD?x@B\@\AXGFAXK^UTOHGZMZGF?|BW~Cc@??FCBEXEB?H?BDJZ^fB_@gBK[CEI?C?YDCDGB_Db@OoEe@C[IUGME[QUOCA[W_@c@[g@]c@]]UKSKC?GC_AWADc@jGKjAMOKOMYYs@IWoA{CuBdD{@tA_@j@uBdD_@j@sAgDl@}@t@mAzBmDPYr@cA`AaBrAfDnAzCHVXr@LXJNLNAZA`@An@?j@AzA?n@?rEAZCXBHDJjAtFn@q@FEBKBG@I?K?KI]M]	Click to Generate
S26	20	1			3	Birley Spa Primary Academy (S26)	Spa View Community Church (S26)	GoLocal (S26)	2042	1532	oordIx{mGZ@d@AJ?VN`@d@^d@Xf@h@lABFD@JIFGVj@l@fAu@fBMP_@l@SZKSEIIEI?GFU^y@qBEEEAEFsArBrAsBDGD@DDRf@d@hAT_@FGH?HDDHJRMRc@p@CHCHETCT?TBZHX\v@Pb@N`@`CdGVa@LSNUdA}ALONKPGPCb@@`@??}@@qBQ_@QYm@cAGI{@sASYm@_AGKa@o@L_@Jc@DSBKD]@IDa@@_@@a@@i@?a@@_@B]KEGAE?G@CAEACG?E?GAGGKUOTNFJ??@F?F?DBFD@B@FAD?F@JDC\A^?`@Ah@A`@A^E`@AHPXJL^`@e@pAK@K^GKa@o@Wg@m@gAWk@GFKHEACGi@mAYg@_@e@a@e@WOK?e@@[A	Click to Generate
S26	20	1			3	Birley Spa (S26)	Golden Plover (S26)	Spa View Community Church (S26)	1967	1475	alrdItinGd@hAT_@FGH?HDDHJRMRc@p@CHCHETCT?TBZHX\v@Pb@N`@`CdGVa@LSNUdA}ALONKPGPCb@@`@??}@@qBQ_@QYm@cAGI{@sASYm@_AGKa@o@Wg@m@gAWk@GFKHEACGi@mAYg@_@e@a@e@WOK?e@@[AO?E?e@Ed@DD?j@@d@AJ?VN`@d@^d@Xf@h@lABFD@JIFGVj@l@fAVf@`@n@FJJ_@JATo@Na@k@o@QY@IDa@@_@@a@@i@?a@@_@B]KEGAE?G@CAEACG?E?GAGGKUOTNFJ??@F?F?DBFD@B@FAD?F@JDC\A^?`@Ah@A`@A^E`@AHE\CJERKb@M^Wg@u@fBMP_@l@SZKSEIIEI?GFU^e@iA	Click to Generate
S26	60	1			3	The Fairway (S26)	Birley Health Centre (S26)	The Phoenix Inn (S26)	5254	3940	g_qdIx|oG{@KMyA\C??]BUH??C?A@@VDj@@V@T?T@`@@z@BlB?X@R@JDv@Bb@?DDj@@TDn@BT@H@NFf@H~@ZfEw@J_@F??^Gv@KFp@Dt@L~ADd@Bd@Bf@@f@?f@@b@?V?RAVARAPE^ERG^I^G\GVGZGTGVIZGRGPGPGPGNOXMVMRQVW`@mAtByAlCINGNGNCRCLAR?^GpH?|Cj@RRJPFLLLLHTf@hBBFJRDFN[Xs@jAgCtBaEzCqGlAuCHUj@_BFQfDkLv@qCb@_Bf@_Bx@mChAsD`A_Dt@cDToATwAL_AJw@Ho@BURuALcADYTNUfC@HBHRZJJLJPHQIMKKKKQGICIAITgCUOEXMbAStACTIn@Kv@M~@UvAUnAu@bDaA~CiArDy@lCg@~Ac@~Aw@pCgDjLGPk@~AITmAtC{CpGuB`EkAfCYr@OZEGKSCGg@iBIUMMMMQGSKk@S?}CFqH?_@@SBMBSFOFOHOxAmClAuBVa@PWLSLWNYFOFQFQFQFSH[FWFUF[FWF]H_@F_@DSD_@@Q@S@W?S?WAc@?g@Ag@Cg@Ce@Ee@M_BEu@Gq@[gEI_AGg@AOAICUEo@AUEk@?ECc@Ew@AKAS?YCmBA{@Aa@?UAUAWEk@AW@AB???TILxAz@J	Click to Generate
S26	20	1			3	Golden City (S26)	The Sherwood (S26)	St Cyprian (S26)	1787	1340	q{rdI|{pG_@l@W\EBE?KMzCcFT]DGDI`@o@N\U\iDrFW\EBE?KMzCcFT]DGDI`@o@V_@V_@d@q@IUCE?OOVEC[s@?Ac@r@\t@`@s@DBNW?NBDHTe@p@W^W^N\Zz@N\L\N\l@}@pD{FPYr@cA`AaBrAfDuBdD{@tA_@j@uBdD_@j@sAgDO]M]O][{@_DbF	Click to Generate
S26	60	1			3	View from Carter Hall Lane to Sunny Bank (S26)	Arnold Avenue in Charnock Hall (S26)	Charnock Hall Road (S26)	5234	3926	ckpdIp`sG_@Bo@T_@Ra@VQPQVoAhC[j@m@nAa@|@K\[nAgAjDs@`C_@bAWf@CFCNAJWf@Wd@KVIPIRK\ADCN@X@d@ODUHMHKHSRKN_A[aE{AsBq@QGEAECBW@G@O@IDe@L}@Lu@Jw@DWVwAzBwLz@mERiAd@qCLo@@EHe@N[Xs@jAgCtBaEzCqGlAuCHUz@t@??{@u@ITmAtC{CpGuB`EkAfCYr@OZId@ADMn@e@pCShA{@lE{BvLWvAEVKv@Mt@M|@Ed@AHANAFCVDBD@PFrBp@`EzA~@ZJORSJILITINEx@Gx@GPAN@LFPPLTFJDNPr@p@i@TYNYhBaFBGlCiHPc@HOLIHENAJBLJHJJTd@nAVv@^nAJ\D^?ZA\CVIXq@hBIRTb@DPJp@Ff@TbB?L?NABCJQf@[dAGLEHGDG@G@IC_BqAKMOQw@pBELEJQd@K\}@tEKZMVKLOHUDQ?QE_Ao@hA}GD]?[?YEe@GY?CKc@Mc@Sy@I]CGGYQs@EOGKMUQQMGOAQ@y@Fy@FAe@AYBO@EJ]HSHQJWVe@Vg@@KBOBGVg@^cAr@aCfAkDZoAJ]`@}@l@oAZk@nAiCPWPQ`@W^Sn@U^C	Click to Generate
S26	45	1			3	Charnock Hall Road (S26)	Arnold Avenue in Charnock Hall (S26)	Carter Hall Lane (S26)	3396	2547	qiqdIdgtGvBv@~@ZJORSJILITINEx@Gx@GPAN@LFPPLTFJDNPr@FXBFH\Rx@Lb@Jb@?BFXDd@?X?ZE\iA|G~@n@PDP?TENIJMLWJ[|@uEJ]Pe@DKDMv@qBNPJL~ApAHBFAFAFEDIFMZeAPg@BK@C?O?MUcBGg@Kq@EQUc@HSp@iBHYBW@]?[E_@K]_@oAWw@e@oAKUIKMKKCO@IDMHINQb@mChHCFiB`FOXUXq@h@Qs@EOGKMUQQMGOAQ@y@Fy@FAe@AYBO@EJ]HSHQJWVe@Vg@@KBOBGVg@^cAr@aCfAkDZoAJ]`@}@l@oAZk@nAiCPWPQ`@W^Sn@U^CFA`@D`@H~@Z\J?n@@HHPIQAI?o@]K_A[a@Ia@Eg@Do@T_@Ra@VQPQVoAhC[j@m@nAa@|@K\[nAgAjDs@`C_@bAWf@CFCNAJWf@Wd@KVIPIRK\ADCN@X@d@ODUHMHKHSRKN_A[wBw@	Click to Generate
S26	45	1			3	Arnold Avenue in Charnock Hall (S26)	Carter Hall Road, Charnock (S26)	Carter Hall Lane (S26)	3693	2770	qwpdIbqtG?BFXDd@?X?ZE\iA|G~@n@PDP?TENIJMLWJ[|@uEJ]Pe@DKDMv@qBNPJL~ApAHBFAFAFEDIFMZeAPg@BK@C?O?MUcBGg@Kq@EQUc@HSp@iBHYBW@]?[E_@K]_@oAWw@e@oAKUIKMKKCO@IDMHINQb@mChHCFiB`FOXUXq@h@Qs@EOGKMUQQMGOAQ@y@Fy@FODUHMHKHSRKNq@rAO\KVKZOf@_AtCuBeCKKOKx@}HhAb@vBv@~@ZJORSJILITINEAe@AYBO@EJ]HSHQJWVe@Vg@@KBOBGVg@^cAr@aCfAkDZoAJ]`@}@l@oAZk@nAiCPWPQ`@W^Sn@U^CFA`@D`@H~@Z\J?n@@HHPIQAI?o@]K_A[a@Ia@Eg@Do@T_@Ra@VQPQVoAhC[j@m@nAa@|@K\[nAgAjDs@`C_@bAWf@CFCNAJWf@Wd@KVIPIRK\ADCN@X@d@x@Gx@GPAN@LFPPLTFJDNPr@FXBFH\Rx@Lb@Jb@	Click to Generate
S26	20	1			3	Safa (S26)	Meraki (S26)	St Cyprian (S26)	1531	1148	cqrdIbupGu@lAm@|@O]M]O][{@O]V_@V_@d@q@n@aAJOk@oAACi@uAh@tAl@rAKNo@`Ae@p@W^W^N\m@~@qCpEW\EBE?KMzCcFT]DGDI`@o@N\Zz@N\L\N\rAfD^k@tBeD^k@z@uAtBeDsAgDaA`Bs@bAQX{BlD	Click to Generate
S26	20	1			3	The Birley (S26)	Safa (S26)	St Cyprian (S26)	1694	1270	}yrdIpypGsAxBW\EBE?KMzCcFT]DGDI`@o@V_@V_@LJHDB?@AZv@JTHTYd@M@KMGEI?MP[{@O]V_@V_@d@q@n@aAJOk@oAACi@uAh@tAl@rAKNo@`Ae@p@W^W^N\Zz@N\L\N\l@}@pD{FPYr@cA`AaBrAfDuBdD{@tA_@j@uBdD_@j@sAgDO]M]O][{@kBvC	Click to Generate
S26	20	1			3	Meraki (S26)	St Cyprian (S26)	Kieu’s Nails (S26)	1657	1243	msrdIxppG_@n@E@A@C?IEMKW^W^N\m@~@qCpEW\EBE?KMzCcFT]DGDI`@o@N\Zz@N\L\N\l@}@pD{FPYr@cA`AaBrAfDuBdD{@tA_@j@uBdD_@j@sAgDO]M]O][{@{DhGCFW\EBE?KMzCcFT]DGDI`@o@V_@V_@LJHDB?@ADA^o@	Click to Generate
S26	15	1			3	Bullie Ink Tattoo Collective (S26)	The Sherwood (S26)	St Cyprian (S26)	1437	1078	gwrdIvupGiCdE_@l@W\EBE?KMzCcFT]DGDI`@o@V_@V_@d@q@IUCE?OOVEC[s@?Ac@r@\t@`@s@DBNW?NBDHTe@p@W^W^N\Zz@N\L\N\l@}@pD{FPYr@cA`AaBrAfDuBdD{@tA_@j@uBdD_@j@sAgDO]M]O][{@U\	Click to Generate
S26	30	1			3	Spa View Community Church (S26)	Birley Spa Primary Academy (S26)	Birley Spa (S26)	2145	1609	oardIhfnGNa@k@o@QY@IDa@@_@@a@@i@?a@@_@B]KEGAE?G@CAEACG?E?GAGGKUOTNFJ??@F?F?DBFD@B@FAD?F@JDC\A^?`@Ah@A`@A^E`@AHE\CJERKb@M^Wg@u@fBMP_@l@SZKSEIIEI?GFU^y@qBEEEAEFsArBrAsBDGD@DDRf@d@hAT_@FGH?HDDHJRMRc@p@CHCHETCT?TBZHX\v@Pb@N`@`CdGVa@LSNUdA}ALONKPGPCb@@`@??}@@qBQ_@QYm@cAGI{@sASYm@_AGKa@o@Wg@m@gAWk@GFKHEACGi@mAYg@_@e@a@e@WOK?e@@[AO?E?e@Ed@DD?j@@d@AJ?VN`@d@^d@Xf@h@lABFD@JIFGVj@l@fAVf@`@n@FJJ_@JATo@	Click to Generate
S26	30	1			3	Spa View Community Church (S26)	Birley Spa Primary Academy (S26)	Birley Spa (S26)	2110	1582	_brdIddnGKMQY@IDa@@_@@a@@i@?a@@_@B]KEGAE?G@CAEACG?E?GAGGKUOTNFJ??@F?F?DBFD@B@FAD?F@JDC\A^?`@Ah@A`@A^E`@AHE\CJERKb@M^Wg@u@fBMP_@l@SZKSEIIEI?GFU^y@qBEEEAEFsArBrAsBDGD@DDRf@d@hAT_@FGH?HDDHJRMRc@p@CHCHETCT?TBZHX\v@Pb@N`@`CdGVa@LSNUdA}ALONKPGPCb@@`@??}@@qBQ_@QYm@cAGI{@sASYm@_AGKa@o@Wg@m@gAWk@GFKHEACGi@mAYg@_@e@a@e@WOK?e@@[AO?E?e@Ed@DD?j@@d@AJ?VN`@d@^d@Xf@h@lABFD@JIFGVj@l@fAVf@L_@Jc@DSBKD]PXJL	Click to Generate
S26	30	1			3	Birley Caravan Storage (S26)	Birley Moor Fire Station (S26)	The Fairway (S26)	2522	1892	mspdI`|mGOc@IWAI@G@EXa@Sc@nCeEZx@BFBJ@L?NCRGVCP?NHl@DJDBD?FG??GFE?ECEKIm@?OBQFWBS?OAMCKCG[y@oCdE{A~BgHvKi@z@`@`AL\@T]f@OAGK??FJN@\g@AUM]a@aAKN_@h@KNEFW^CBLXDJDHJd@Jd@Jf@@LF`ABz@@|@?v@Al@Ep@Et@Gx@Ed@Af@Af@?|@@v@?d@Ab@CdBA`@AX?ZAZ?\@V@d@?TB`@@\HbA@P@AB???TI\C??]BUH??C?A@AQIcAA]Ca@?UAe@AW?]@[?[@Y@a@BeB@c@?e@Aw@?}@@g@@g@De@Fy@Du@Dq@@m@?w@A}@C{@GaAAMKg@Ke@U[EGEMKWFKBCV_@DGJO^i@JOh@{@fHwKzA_CRb@Y`@ADAF@HHVNb@	Click to Generate
S26	45	1			3	The Strad (S26)	Outwood Academy City (S26)	Stradbroke Community Centre (S26)	3990	2992	caudIjloG@Cf@_Bf@}AFO@EAG@GDEBGLJLWBKBIDDBBHFFYJm@Ho@Fo@D}@@aAF_C@_@DUFGLAh@@r@DH?@{@?]Au@AgAAc@Ae@?C?UL?@?F?FEBI?YCa@?QDKJEPAj@JN@LCVEREX@HDDJ@T?|E@n@LdB?p@?jA?pAAjBG~BI`BHaBF_C@kB?}C?q@MeBAo@?}EAUEKIEYASDWDMBOAk@KQ@KDEJ?PB`@?XCHGDG?A?M??T?B@d@@b@@fA@t@?\Az@ExCGtDAZCf@Gt@M|@Mp@IXIXQd@ITUp@qAxDOb@GRKZKf@Kn@Kp@SpAM~@SbAWpAGTYhAg@nBSt@Ur@Qj@Qj@CHGRy@fDIZU~@c@dB_@`B[nAeAnEENCLe@k@EEi@}@k@gACEUe@FMp@}BDQ?KUu@Ka@CYA[?_@?UBYDSDSDMFCFUTULOc@d@GTGBELERERCX?T?^@ZBXJ`@Tt@?JEPq@|BGLTd@BDj@fAh@|@DDd@j@BMDOdAoEZoA^aBb@eBT_AH[x@gDEGa@k@OWMUU[S[DMZ{@f@{AZcAPw@BKbAmFNq@\kBHc@f@wBEAE?[Ca@A?O@[\@F?FGX{@	Click to Generate
S26	20	1			3	The Admiral (S26)	Frecheville Post Office (S26)	St Cyprian (S26)	1515	1136	yxrdI~wpGwBjDUZA@EBE?KMzCcFT]DGDI`@o@V_@V_@d@q@n@aAJOl@_ANU`@q@DJ@H?JAHuBfDMT_@n@E@A@C?IEMKW^W^N\Zz@N\L\N\l@}@pD{FPYr@cA`AaBrAfDuBdD{@tA_@j@uBdD_@j@sAgDO]M]O][{@gAdB	Click to Generate
S26	20	1			3	Frecheville Post Office (S26)	St Cyprian (S26)	The Co-operative Food (S26)	2000	1500	_yrdIfxpGqBbDW\EBE?KMzCcFT]DGDI`@o@V_@V_@d@q@n@aAJOl@_ANU`@q@DJ@H?JAHuBfDMT_@n@E@A@C?IEMKW^W^N\Zz@N\L\N\rAfD^k@tBeD^k@z@uAtBeDsAgDnB}CZg@pDuFyAoDo@`AuAxBm@|@GJEFEH{@rAc@r@eAdB_@h@e@t@a@p@OTm@~@KNo@`Ae@p@W^W^N\mAlB	Click to Generate
S26	60	1			3	Outwood Academy City (S26)	Stradbroke Community Centre (S26)	WD Motors (S26)	7641	5731	_`udIvioGDOf@}AFO@ETXBBDDBI\gAFYJm@Ho@Fo@D}@@aAF_C@_@DUFGLAh@@r@DH?@{@?]Au@AgAAc@Ae@?C?UL?@?F?FEBI?YCa@?QDKJEPAj@JN@LCVEREX@HDDJ@T?|E@n@LdB?p@?jA?pAAjBG~BI`BHaBF_C@kB?}C?q@MeBAo@?}EAUEKIEYASDWDMBOAk@KQ@KDEJ?PB`@?XCHGDG?A?M??T?B@d@@b@@fA@t@?\Az@ExCGtDAZCf@Gt@M|@Mp@IXIXQd@ITUp@qAxDOb@GRKZKf@Kn@Kp@SpAM~@SbAWpAGTYhAg@nBSt@Ur@Qj@Qj@CHGRy@fDIZU~@c@dB_@`B[nAeAnEENCLe@k@EEi@}@k@gACEUe@FMp@}BDQ?KUu@Ka@CYA[?_@?UBYDSDSDMFCFUTULOc@d@GTGBELERERCX?T?^@ZBXJ`@Tt@?JEPq@|BGLTd@BDj@fAh@|@DDd@j@Z\^d@\n@Zr@\x@FLFJZh@BDFJBFDFDDf@t@HLX^T\Rd@Vd@Pb@Tp@Tv@T`At@bCl@fCZtAPbARbAV~APnAPvADd@@L??@\@T@N?P?VAf@Ad@MjCF@D?@?DCDEDIDQv@iDh@wBPu@Jq@XqCj@uFHs@De@rC{Wn@_GLgAHg@BYLy@NkAxAaJ@CJs@d@sCD]LeANaA^yBTmAn@sDXgBHk@Hc@Da@BY@]?g@Ac@?GA[E@AAE?WGAHEb@??E^ERETEl@Iz@KhAC`ABaAJiAH{@Dm@DUDSD_@Dc@@IVFD?@@DAA[?IAo@CaAAm@CiACsAAyA?wA?S?mA?}A?s@?eB?U?y@?[?g@?E?O?Y?QAe@AMEWCUM]Q]A?EECCGKCKAI?I?I?M@E@SBg@BYHc@BW@[B[@W?WAq@IqCA]CYCSWoBS}AGa@My@WyAUuAIF]Ty@p@m@l@i@n@EI]w@[w@_@s@_@o@U]q@}@SQMIKGMCYGk@I]EG`C?HCjAC|@?x@AXAjB?~A?~@?~C?t@BH?T?NCL?f@?J?R@JPxE@R?NBx@?R?H@V@|@?T?B@d@@b@@fA@t@?\Az@I?s@Ei@AM@GFETA^G~BA`AE|@Gn@In@Kl@GX]fACHEECCUYADGNg@|AEN	Click to Generate
S26	30	1			3	Birley Spa Primary Academy (S26)	Birley Spa (S26)	Our Lady of Lourdes (S26)	2496	1872	ubrdIpanG??E`@AHE\CJERKb@M^Wg@u@fBMP_@l@SZKSEIIEI?GFU^y@qBEEEAEFsArBrAsBDGD@DDRf@d@hAT_@FGH?HDDHJRMRc@p@CHCHETCT?TBZHX\v@Pb@N`@`CdGVa@LSNUdA}ALONKPGPCb@@`@??}@@qBQ_@QYm@cAGI{@sASYm@_AGKa@o@Wg@m@gAWk@GFKHEACGi@mAYg@_@e@a@e@WOK?e@@[AO?E?e@Ed@DD?j@@d@AJ?VN`@d@^d@Xf@h@lABFD@JIFGVj@l@fAVf@L_@Jc@DSBKD]@IDa@@_@@a@@i@?a@@_@B]Fa@?ABQNyAPoAb@sDHo@@IDQHSHOPQNIBLBVF\Ld@L^Vj@lAhByBjFIPIReA`CSWMOMEMCOAO?Ah@A`@A^	Click to Generate
S26	20	1			3	Meraki (S26)	Frecheville Post Office (S26)	St Cyprian (S26)	1866	1400	m|rdIb}pGCFW\EBE?KMzCcFT]DGDI`@o@N\m@~@qCpEW\EBE?KMzCcFT]DGDI`@o@V_@V_@d@q@n@aAJOl@_ANU`@q@DJ@H?JAHuBfDMT_@n@E@A@C?IEMKW^W^N\Zz@N\L\N\l@}@pD{FPYr@cA`AaBrAfDuBdD{@tA_@j@uBdD_@j@sAgDO]M]O][{@{DhG	Click to Generate
S26	20	1			3	The Fairway (S26)	Birley Health Centre (S26)	The Birley Academy (S26)	2045	1534	mnqdIjyoGDCTGXKNC^Kd@I\AfAC~@AX?LALADAB?@AHbA@P@AB???TI\C??]BUH??C?A@@VDj@@V@T?T@`@@z@BlB?X@R@JDv@Bb@?DDj@@TDn@BT@H@NFf@H~@ZfEw@J_@F??^Gv@K[gEc@J]JYF_AL[D}Fr@u@J{@Jk@@NnE~Cc@??FCBEXEB?H?BDJZ^fB_@gBK[CEI?C?YDCDGB_Db@OoEj@Az@Kt@KQmECUAWAYUwECc@I_AMoAOgASsAn@_@j@W	Click to Generate
S26	20	1			3	Meraki (S26)	Frecheville Post Office (S26)	St Cyprian (S26)	1866	1400	y|rdIt}pGOREBE?KMzCcFT]DGDI`@o@N\m@~@qCpEW\EBE?KMzCcFT]DGDI`@o@V_@V_@d@q@n@aAJOl@_ANU`@q@DJ@H?JAHuBfDMT_@n@E@A@C?IEMKW^W^N\Zz@N\L\N\l@}@pD{FPYr@cA`AaBrAfDuBdD{@tA_@j@uBdD_@j@sAgDO]M]O][{@_EpGGH	Click to Generate
S26	20	1			3	The Birley (S26)	Safa (S26)	St Cyprian (S26)	1694	1270	e{rdIj{pGk@~@W\EBE?KMzCcFT]DGDI`@o@V_@V_@LJHDB?@AZv@JTHTYd@M@KMGEI?MP[{@O]V_@V_@d@q@n@aAJOk@oAACi@uAh@tAl@rAKNo@`Ae@p@W^W^N\Zz@N\L\N\l@}@pD{FPYr@cA`AaBrAfDuBdD{@tA_@j@uBdD_@j@sAgDO]M]O][{@sCpE	Click to Generate
S26	20	1			3	Frecheville Post Office (S26)	Kieu’s Nails (S26)	St Cyprian (S26)	1866	1400	_xrdIxvpGqCpEW\EBE?KMzCcFT]DGDI`@o@V_@V_@d@q@n@aAJOl@_ANU`@q@DJ@H?JAHuBfDMT_@n@E@A@C?IEMKW^W^N\{DhGCFW\EBE?KMzCcFT]DGDI`@o@N\Zz@N\L\N\l@}@pD{FPYr@cA`AaBrAfDuBdD{@tA_@j@uBdD_@j@sAgDO]M]O][{@m@~@	Click to Generate
S26	30	1			3	The Fairway (S26)	Birley Health Centre (S26)	The Co-operative Food (S26)	2872	2154	{nqdIryoGRKTGXKNC^Kd@I\AfAC~@AX?LALADAB?@AHbA@P@AB???TI\C??]BUH??C?A@@VDj@@V@T?T@`@@z@BlB?X@R@JDv@Bb@?DDj@@TDn@BT@H@NFf@H~@ZfEw@J_@F??^Gv@K[gEc@J]JYF_AL[D}Fr@u@J{@Jk@@e@C[IUGME[QUOCA[W_@c@[g@]c@]]UKSKC?GC_AWx@_M?SASGSSk@yAoDo@`AuAxBm@|@GJEFEH{@rAc@r@eAdB_@h@e@t@a@p@C[@IDKj@y@DCPF^i@dAeB~AgCDIDGFKl@}@tAyBn@aAz@wABGPUXg@NSV_@Va@FIb@s@FIpAoBJMDJFHDH@DTj@HRBJDJNf@@DPl@FZHXLr@Pz@R`ATdARjAn@_@\O	Click to Generate
S26	20	1			3	Spa View Community Church (S26)	GoLocal (S26)	Birley Spa (S26)	1446	1084	k}qdIrjmGCMOHQPINIREPAHIn@c@rDQnAOxACP?@G`@KEGAE?G@CAEACG?E?GAGGKUOTNFJ??@F?F?DBFD@B@FAD?F@JDC\A^?`@Ah@A`@A^E`@AHPXJL^`@e@pAK@K^GKa@o@Wg@m@gAWk@GFKHEACGi@mAYg@_@e@a@e@WOK?e@@[AO?E?e@Ed@DD?j@@d@AJ?VN`@d@^d@Xf@h@lABFD@JIFGVj@l@fAVf@L_@Jc@DSBKD]@IDa@@_@@a@@i@?a@@_@B]Fa@?ABQNyAPoAb@sDHo@@IDQHSHOPQNIBL	Click to Generate
S26	60	1			3	The Strad (S26)	Grayson's Plumbing & Heating Supplies (S26)	WD Motors (S26)	5342	4006	yntdIpxnG?kA?q@MeBAo@?}EAUEKIEYASDWDMBOAk@KQ@KDEJ?PB`@?XCHGDG?A?M??T?B@d@@b@@fA@t@?\Az@I?s@Ei@AM@GFETA^G~BA`AE|@Gn@In@Kl@GXIGCCEECHCJMVMKCFEDAF@FADGNg@|Ag@~AABYz@GFG?]AAZ?N`@@ZBD?D@`@sABMHUL_@Nc@HWb@uABI\gAFYJm@Ho@Fo@D}@@aAF_C@_@DUFGLAh@@r@DH?@{@?]Au@AgAAc@Ae@?C?UA}@AW?I?SCy@?OASQyEAK?S?K?g@BM?O?UCI?u@?_D?_A?_B@kB@Y?y@B}@BkA?IFaC\Dj@HXFLBJFLHRPp@|@T\^n@^r@Zv@\v@DHh@o@l@m@x@q@\UHGTtAVxALx@F`@R|AVnBBRBX@\HpC@p@?VAVCZAZCV?T@N@JBLHJFPDDBDDHBP@H?HAHAJAR?VBh@?p@@L@d@?P?X?N?D?f@?Z?x@?T?dB?r@?|A?lA?R?vA@xABrABhA@l@B`A@n@?H@ZE@AAE?WGAHEb@??E^ERETEl@Iz@KhAC`ABaAJiAH{@Dm@DUDSD_@Dc@@IVFD?@@DAA[?IAo@CaAAm@CiACsAAyA?wA?S?mA?}A?s@?eB?U?y@?[?g@?E?O?Y?QAe@AMEWCUM]Q]A?EECCGKCKAI?I?I?M@E@SBg@BYHc@BW@[B[@W?WAq@IqCA]CYCSWoBS}AGa@My@WyAUuAIF]Ty@p@m@l@i@n@EI]w@[w@_@s@_@o@U]q@}@SQMIKGMCYGk@I]EG`C?HCjAC|@?x@AXAjB?~A?~@?~C?t@BH?T?NCL?f@?J?R@JPxE@R?NBx@?R?H@V@|@L?@?F?FEBI?YCa@?QDKJEPAj@JN@LCVEREX@HDDJ@T?|E@n@LdB?p@?jA	Click to Generate
S26	20	1			3	Golden City (S26)	The Sherwood (S26)	St Cyprian (S26)	1787	1340	}{rdIl|pGS\W\EBE?KMzCcFT]DGDI`@o@N\U\iDrFW\EBE?KMzCcFT]DGDI`@o@V_@V_@d@q@IUCE?OOVEC[s@?Ac@r@\t@`@s@DBNW?NBDHTe@p@W^W^N\Zz@N\L\N\l@}@pD{FPYr@cA`AaBrAfDuBdD{@tA_@j@uBdD_@j@sAgDO]M]O][{@kDrF	Click to Generate
S26	45	1			3	The Swan (S26)	The Phoenix Inn (S26)	St John the Evangelist (S26)	3873	2905	kmodItnoG`@RXJB@PJRJTPVZ`@h@r@t@j@b@r@d@E^U|AId@Q|A\NRHZ_CBOTo@HUF[aAi@s@e@k@c@s@u@a@i@W[UQSKQKCAYKa@Si@]ECk@i@c@_@eBaByAsAQIGAQDOHKJYdA[nAG`@_@lBOhA_@`ECVIr@]hCERTNUfC@HBHRZJJLJPHQIMKKKKQGICIAITgCUODS\iCHs@BW^aENiA^mBFa@ZoAXeAJKNIPEF@PHxArAdB`Bb@^j@h@DBh@\`@RXJB@PJRJTPVZ`@h@r@t@j@b@r@d@`Ah@@@`@NXFFBn@LH?b@F`@@d@?l@B^DL@vBj@jA\x@Rt@^VNv@`@`Bx@FDPFZLVHPDzA\dDt@@yA@{@Az@AxAeDu@{A]QEWI[MYMaBy@w@a@WOu@_@y@SkA]wBk@MA_@Em@Ce@?a@Ac@GI?o@MGCYGa@OAAaAi@s@e@k@c@s@u@a@i@W[UQSKQKCAYKa@S	Click to Generate
S26	30	1			3	Stradbroke Community Centre (S26)	Antico (S26)	The Strad (S26)	2747	2060	{vudIbwpGTTMh@EJ?BCF?BENEJEPX`@RZt@lAP\FMp@}BDQ?KUu@Ka@CYA[?_@?UBYDSDSDMFCFUTULOc@d@GTGBELERERCX?T?^@ZBXJ`@Tt@?JEPq@|BGLTd@BDj@fAh@|@DDd@j@BMDOdAoEZoA^aBb@eBT_AH[x@gDEGa@k@OWMUU[S[DMZ{@f@{AZcAPw@BKbAmFNq@\kBHc@f@wBEAE?[Ca@A?O@[\@F?FGL_@L_@f@_Bf@}AFO@EAG@GDEBGLJLWBKBIDDBBHF]fACHc@tAIVOb@M^ITCLa@rAg@vBIb@]jBOp@cAlFCJQv@[bAg@zA[z@ELRZTZLTNV`@j@DFy@fDIZU~@c@dB_@`B[nAeAnEENCLe@k@EEi@}@k@gACEUe@Q]u@mAS[Ya@DQDKDO?CBG?CDKLi@UU	Click to Generate
S26	45	1			3	The Swan (S26)	The Phoenix Inn (S26)	St John the Evangelist (S26)	3869	2902	imodIvnoG^PXJB@PJRJTPVZ`@h@r@t@j@b@r@d@E^U|AId@Q|A\NRHZ_CBOTo@HUF[aAi@s@e@k@c@s@u@a@i@W[UQSKQKCAYKa@Si@]ECk@i@c@_@eBaByAsAQIGAQDOHKJYdA[nAG`@_@lBOhA_@`ECVIr@]hCERTNUfC@HBHRZJJLJPHQIMKKKKQGICIAITgCUODS\iCHs@BW^aENiA^mBFa@ZoAXeAJKNIPEF@PHxArAdB`Bb@^j@h@DBh@\`@RXJB@PJRJTPVZ`@h@r@t@j@b@r@d@`Ah@@@`@NXFFBn@LH?b@F`@@d@?l@B^DL@vBj@jA\x@Rt@^VNv@`@`Bx@FDPFZLVHPDzA\dDt@@yA@{@Az@AxAeDu@{A]QEWI[MYMaBy@w@a@WOu@_@y@SkA]wBk@MA_@Em@Ce@?a@Ac@GI?o@MGCYGa@OAAaAi@s@e@k@c@s@u@a@i@W[UQSKQKCAYK_@Q	Click to Generate
S26	30	1			3	Frecheville Library (S26)	Meraki (S26)	The Co-operative Food (S26)	2503	1877	{srdIfkpGj@nAl@_ANU`@q@d@u@^i@dAeB~AgCDIDGFKl@}@tAyBn@aAxAnDqDtF[f@oB|CaA`Bs@bAQX{BlDu@lAm@|@O]M]O][{@m@~@qCpEW\EBE?KMzCcFT]DGDI`@o@V_@V_@d@q@n@aAJOl@_ANU`@q@d@u@^i@dAeBb@s@z@sADIDGFKl@}@tAyBn@aAz@wABGPUXg@N\@J?JCHGDGAGGOSQTCF{@vAo@`AuAxBm@|@GJEFEH_BfCeAdB_@h@e@t@a@p@OTm@~@k@oA	Click to Generate
S26	60	1			3	Birley Spa Primary Academy (S26)	Safa (S26)	Sleeping Giant (S26)	5985	4489	g`sdItboGJINGRGNCJCAs@Aq@?e@?G@e@Bo@Bk@Fq@JeADc@@Y@_@?]A_@Ca@Ei@Ig@?AKc@WcAk@wBMe@Og@Og@O]k@uAGQy@oBGO`@m@f@m@n@s@z@q@`@[|@o@VQLKLMV[HKXi@HMb@aAj@mA^}@Pc@p@oBDM`@uALe@JNHN@BDLHZLvAD`@D^Fn@Db@LtAB\Hp@F^JZNXPPTJRDNBT@ClA?T?j@B~@Ft@Fv@Jp@Lv@Np@DNJ\Rf@Vj@l@fAu@fBMP_@l@SZKSEIIEI?GFU^y@qBEEEAEFsArBrAsBDGD@DDRf@d@hAT_@FGH?HDDHJRMRc@p@CHCHETCT?TBZHX\v@_@j@QXKVGTCXCjAAl@ATCNEPc@v@g@v@GPEPCV?VDXDL@FXx@DFMRGREVAV@ZDTN^~@~BxArDJVFRBR@R?f@@d@DTFNL`@GJEFEH_BfCeAdB_@h@e@t@a@p@OTm@~@k@oAACi@uAh@tAl@rAl@_ANU`@q@d@u@^i@dAeB~AgCDIDGFKl@}@tAyBn@aAz@wABGPUXg@NSV_@Va@FIb@s@O]CII_@EWAUCa@?e@@c@?M@cF?S@sA?yA?}@@qBQ_@QYm@cAGI{@sASYm@_AGKa@o@Wg@m@gAWk@GFKHEACGi@mAYg@_@e@a@e@WOK?e@@k@AE???e@Ed@DD?j@@d@AJ?VN`@d@^d@Xf@h@lABFD@JIFGSg@K]EOOq@Mw@Kq@Gw@Gu@C_A?k@?UBmAUAOCSEUKQQOYK[G_@Iq@C]MuAEc@Go@E_@Ea@MwAI[EMACIOKOMd@a@tAELq@nBQb@_@|@k@lAc@`AILYh@IJWZMLMJWP}@n@a@Z{@p@o@r@g@l@a@l@FNx@nBFPj@tAN\Nf@Nf@Ld@j@vBVbAJb@?@Hf@Dh@B`@@^?\A^AXEb@KdAGp@Cj@Cn@Ad@?F?d@@p@@r@KBOBSFOFKH	Click to Generate
S26	60	1			3	Sleeping Giant (S26)	St John Fisher Primary, A Catholic Voluntary Academy (S26)	Spa View Community Church (S26)	6727	5045	u_sdI~dlGAfBCpAC~AG`CGjAI`AEb@Eh@MbAM|@UrAUfASv@Sx@O`@]dAc@~@i@nAcErFoGnFkFlEWb@MPEJOZAHAJAR?VBh@?p@@L@d@?P?XJ@R?\BNBVHB@PJ\Z`@V\VZTTFJB\D\Af@Eb@ORKLIVUZ]Xa@HMJQTg@JYN_@La@Lc@Pm@ZcAPi@@ALc@\y@L[LYBIN[Xi@T[Va@`@m@f@m@n@s@z@q@`@[|@o@VQLKLMV[HKXi@HMb@aAj@mA^}@Pc@p@oBDM`@uALe@JNHN@BDLHZLvAD`@D^Fn@Db@LtAB\Hp@F^JZNXPPTJRDNBT@ClA?T?j@B~@Ft@Fv@Jp@Lv@Np@DNJ\Rf@GFKHEACGi@mAYg@_@e@a@e@WOK?e@@k@AE???e@Ed@DD?j@@d@AJ?VN`@d@^d@Xf@h@lABFD@JIFGVj@l@fAVf@L_@Jc@DSBKD]@IDa@@_@@a@@i@?a@@_@B]Fa@?ABQNyAPoAb@sDHo@@IDQHSHOPQNIGg@I[NKJKHIJALB??MCK@IHKJOJHZFf@OHQPINIREPAHIn@c@rDQnAOxACP?@G`@KEGAE?G@CAEACG?E?GAGGKUOTNFJ??@F?F?DBFD@B@FAD?F@JDC\A^?`@Ah@A`@A^E`@AHE\CJERKb@M^Wg@m@gAWk@Sg@K]EOOq@Mw@Kq@Gw@Gu@C_A?k@?UBmAUAOCSEUKQQOYK[G_@Iq@C]MuAEc@Go@E_@Ea@MwAI[EMACIOKOMd@a@tAELq@nBQb@_@|@k@lAc@`AILYh@IJWZMLMJWP}@n@a@Z{@p@o@r@g@l@a@l@W`@UZYh@OZCHMXMZ]x@Mb@A@Qh@[bAQl@Mb@M`@O^KXUf@KPILY`@[\WTMHSJc@Ng@D]@]EKCUG[U]Wa@W][QKCAWIOC]CS?KA?Y?QAe@AMEWCUM]Q]A?EECCGKCKAI?I?I?M@EBIBEFIFCFAD?FBXGTG`@QjFmEnGoFbEsFh@oAb@_A\eANa@Ry@Rw@TgATsAL}@LcADi@Dc@HaAFkAFaCB_BBqA@gB	Click to Generate
S26	60	1			3	Birley Spa Primary Academy (S26)	Sleeping Giant (S26)	Safa (S26)	5116	3837	c_sdIx~nGTELE?e@?G@e@Bo@Bk@Fq@JeADc@@Y@_@?]A_@Ca@Ei@Ig@?AKc@WcAk@wBMe@Og@Og@O]k@uAGQy@oBGO`@m@f@m@n@s@z@q@`@[|@o@VQLKLMV[HKXi@HMb@aAj@mA^}@Pc@p@oBDM`@uALe@JNHN@BDLHZLvAD`@D^Fn@Db@LtAB\Hp@F^JZNXPPTJRDNBT@ClA?T?j@B~@Ft@Fv@Jp@Lv@Np@DNJ\Rf@Vj@l@fAu@fBMP_@l@SZKSEIIEI?GFU^y@qBEEEAEFsArBrAsBDGD@DDRf@d@hAT_@FGH?HDDHJRMRc@p@CHCHETCT?TBZHX\v@Pb@N`@`CdGVa@LSNUdA}ALONKPGPCb@@`@??}@@qBQ_@QYm@cAGI{@sASYm@_AGKa@o@Wg@m@gAWk@GFKHEACGi@mAYg@_@e@a@e@WOK?e@@k@AE???e@Ed@DD?j@@d@AJ?VN`@d@^d@Xf@h@lABFD@JIFGVj@l@fAVf@`@n@FJl@~@RXz@rAFHl@bAPXP^ApB?|@?xAArA?RAbF?LAb@?d@B`@@TDVH^BHN\c@r@GHW`@W^ORYf@QTCF{@vAo@`AuAxBm@|@GJEFEH_BfCeAdB_@h@e@t@a@p@OTm@~@k@oAACi@uAh@tAl@rAKNo@`Ae@p@W^W^a@n@EHEFU\]u@Qc@]}@K[Qg@Me@Ia@EOKk@K}@Gw@E{@A_A?aAB{@Dw@D_@Fq@Fo@P{Ah@cFBa@?I?S?_@?K?QKqACKEYACQaAEc@Ge@Ei@Em@As@Aq@MDUD	Click to Generate
S26	20	1			3	Birley Spa Primary Academy (S26)	Spa View Community Church (S26)	GoLocal (S26)	2066	1550	eprdIx{mGD?j@@d@AJ?VN`@d@^d@Xf@h@lABFD@JIFGVj@l@fAu@fBMP_@l@SZKSEIIEI?GFU^y@qBEEEAEFsArBrAsBDGD@DDRf@d@hAT_@FGH?HDDHJRMRc@p@CHCHETCT?TBZHX\v@Pb@N`@`CdGVa@LSNUdA}ALONKPGPCb@@`@??}@@qBQ_@QYm@cAGI{@sASYm@_AGKa@o@L_@Jc@DSBKD]@IDa@@_@@a@@i@?a@@_@B]KEGAE?G@CAEACG?E?GAGGKUOTNFJ??@F?F?DBFD@B@FAD?F@JDC\A^?`@Ah@A`@A^E`@AHPXJL^`@e@pAK@K^GKa@o@Wg@m@gAWk@GFKHEACGi@mAYg@_@e@a@e@WOK?e@@k@AE?	Click to Generate
S26	20	1			3	GoLocal (S26)	Our Lady of Lourdes (S26)	Birley Spa (S26)	2004	1503	{crdI|ymG@F?F?DBFD@B@FAD?F@JDC\A^?`@Ah@A`@A^E`@AHPXJL^`@e@pAK@K^GKa@o@L_@Jc@DSBKD]@IDa@@_@@a@@i@?a@@_@B]Fa@?ABQNyAPoAb@sDHo@@IDQHSHOPQNIBLBVF\Ld@L^Vj@lAhBNTHLNPVRl@`@UzAG^]nBg@xCYbBOv@CRQdAMv@SlACLEDCDKRMLMFm@cAGI{@sASYm@_AGKa@o@Wg@m@gAWk@GFKHEACGi@mAYg@_@e@a@e@WOK?e@@[AO?E?e@Ed@DD?j@@d@AJ?VN`@d@^d@Xf@h@lABFD@JIFGVj@l@fAVf@L_@Jc@DSBKD]@IDa@@_@@a@@i@?a@@_@B]KEGAE?G@CAEACG?E?GAG	Click to Generate
S26	30	1			3	Our Lady of Lourdes (S26)	Birley Spa Primary Academy (S26)	Birley Spa (S26)	2496	1872	oardIf~mG??LBLDLNRVdAaCHSHQxBkFmAiBWk@M_@Me@G]CWCMOHQPINIREPAHIn@c@rDQnAOxACP?@G`@C\A^?`@Ah@A`@A^E`@AHE\CJERKb@M^Wg@u@fBMP_@l@SZKSEIIEI?GFU^y@qBEEEAEFsArBrAsBDGD@DDRf@d@hAT_@FGH?HDDHJRMRc@p@CHCHETCT?TBZHX\v@Pb@N`@`CdGVa@LSNUdA}ALONKPGPCb@@`@??}@@qBQ_@QYm@cAGI{@sASYm@_AGKa@o@Wg@m@gAWk@GFKHEACGi@mAYg@_@e@a@e@WOK?e@@[AO?E?e@Ed@DD?j@@d@AJ?VN`@d@^d@Xf@h@lABFD@JIFGVj@l@fAVf@L_@Jc@DSBKD]@IDa@@_@@a@@i@N?N@	Click to Generate
S26	20	1			3	Meraki (S26)	Frecheville Post Office (S26)	St Cyprian (S26)	1866	1400	a}rdI|}pGGJEBE?KMzCcFT]DGDI`@o@N\m@~@qCpEW\EBE?KMzCcFT]DGDI`@o@V_@V_@d@q@n@aAJOl@_ANU`@q@DJ@H?JAHuBfDMT_@n@E@A@C?IEMKW^W^N\Zz@N\L\N\l@}@pD{FPYr@cA`AaBrAfDuBdD{@tA_@j@uBdD_@j@sAgDO]M]O][{@_EpGOP	Click to Generate
S26	20	1			3	Frecheville Library (S26)	Safa (S26)	Meraki (S26)	1531	1148	}krdIxvpGz@uAtBeDsAgDaA`Bs@bAQX{BlDu@lAm@|@O]M]O][{@O]V_@V_@d@q@n@aAJOk@oAACi@uAh@tAl@rAKNo@`Ae@p@W^W^N\m@~@qCpEW\EBE?KMzCcFT]DGDI`@o@N\Zz@N\L\N\rAfD^k@tBeD^k@	Click to Generate
S26	20	1			3	Spa View Community Church (S26)	GoLocal (S26)	Birley Spa (S26)	1563	1172	a|qdI`gmGMCK@IHKJOJHZFf@OHQPINIREPAHIn@c@rDQnAOxACP?@G`@KEGAE?G@CAEACG?E?GAGGKUOTNFJ??@F?F?DBFD@B@FAD?F@JDC\A^?`@Ah@A`@A^E`@AHPXJL^`@e@pAK@K^GKa@o@Wg@m@gAWk@GFKHEACGi@mAYg@_@e@a@e@WOK?e@@[AO?E?e@Ed@DD?j@@d@AJ?VN`@d@^d@Xf@h@lABFD@JIFGVj@l@fAVf@L_@Jc@DSBKD]@IDa@@_@@a@@i@?a@@_@B]Fa@?ABQNyAPoAb@sDHo@@IDQHSHOPQNIGg@I[NKJKHIJALB	Click to Generate
S26	30	1			3	The Swan (S26)	Ridgeway Primary School (S26)	The Phoenix Inn (S26)	2887	2165	igndIbbpGGEaBy@w@a@WOu@_@y@SkA]wBk@MA_@Em@Ce@?a@Ac@GI?o@MGCYGa@OAAGZITUn@CN[~BSI]OP}AHe@T}AD_@s@e@k@c@s@u@a@i@W[UQSKQKCAYK_@QAAi@]ECk@i@c@_@eBaByAsAQIGAQDOHKJYdA[nAG`@_@lBOhA_@`ECVIr@]hCERTNUfC@HBHRZJJLJPHQIMKKKKQGICIAITgCUODS\iCHs@BW^aENiA^mBFa@ZoAXeAJKNIPEF@PHxArAdB`Bb@^j@h@DBh@\`@RXJB@PJRJTPVZ`@h@r@t@j@b@r@d@`Ah@@@`@NXFFBn@LH?b@F`@@d@?l@B^DL@vBj@jA\x@Rt@^VNv@`@`Bx@FD	Click to Generate
S26	30	1			3	Richmond Church (S26)	Antico (S26)	The Strad (S26)	2648	1986	equdIhqpGUTGTGBELERERCX?T?^@ZBXJ`@Tt@?JEPq@|BGLQ]u@mAS[Ya@DQDKDO?CBG?CDKLi@UU??TTMh@EJ?BCF?BENEJEPi@u@[e@CEYc@IMW]MSDSTkAH]RaAH]F_@BIDSFYP}@Z{Ax@cEH]TaBTwBJaC@aB?a@GAGGEKAK@MBODIFCDAFBFHBJ@L?DT?dA?T?X?b@@b@?Z@\?T?@?T?T@|@?B?x@?d@??O@[\@F?FGL_@L_@f@_Bf@}AFO@EAG@GDEBGLJLWBKBIDDBBHF]fACHc@tAIVOb@M^ITCLa@rAg@vBIb@]jBOp@cAlFCJQv@[bAg@zA[z@ELRZTZLTNV`@j@DFy@fDIZU~@c@dB_@`B[nAeAnEENCLe@k@EEi@}@k@gACEUe@FMp@}BDQ?KUu@Ka@CYA[?_@?UBYDSDSDMFCFUTU	Click to Generate
S26	60	1			3	Outwood Academy City (S26)	Stradbroke Community Centre (S26)	WD Motors (S26)	7661	5746	k`udInjoGPg@f@}AFO@ETXBBDDBI\gAFYJm@Ho@Fo@D}@@aAF_C@_@DUFGLAh@@r@DH?@{@?]Au@AgAAc@Ae@?C?UL?@?F?FEBI?YCa@?QDKJEPAj@JN@LCVEREX@HDDJ@T?|E@n@LdB?p@?jA?pAAjBG~BI`BHaBF_C@kB?}C?q@MeBAo@?}EAUEKIEYASDWDMBOAk@KQ@KDEJ?PB`@?XCHGDG?A?M??T?B@d@@b@@fA@t@?\Az@ExCGtDAZCf@Gt@M|@Mp@IXIXQd@ITUp@qAxDOb@GRKZKf@Kn@Kp@SpAM~@SbAWpAGTYhAg@nBSt@Ur@Qj@Qj@CHGRy@fDIZU~@c@dB_@`B[nAeAnEENCLe@k@EEi@}@k@gACEUe@FMp@}BDQ?KUu@Ka@CYA[?_@?UBYDSDSDMFCFUTULOc@d@GTGBELERERCX?T?^@ZBXJ`@Tt@?JEPq@|BGLTd@BDj@fAh@|@DDd@j@Z\^d@\n@Zr@\x@FLFJZh@BDFJBFDFDDf@t@HLX^T\Rd@Vd@Pb@Tp@Tv@T`At@bCl@fCZtAPbARbAV~APnAPvADd@@L??@\@T@N?P?VAf@Ad@MjCF@D?@?DCDEDIDQv@iDh@wBPu@Jq@XqCj@uFHs@De@rC{Wn@_GLgAHg@BYLy@NkAxAaJ@CJs@d@sCD]LeANaA^yBTmAn@sDXgBHk@Hc@Da@BY@]?g@Ac@?GA[E@AAE?WGAHEb@??E^ERETEl@Iz@KhAC`ABaAJiAH{@Dm@DUDSD_@Dc@@IVFD?@@DAA[?IAo@CaAAm@CiACsAAyA?wA?S?mA?}A?s@?eB?U?y@?[?g@?E?O?Y?QAe@AMEWCUM]Q]A?EECCGKCKAI?I?I?M@E@SBg@BYHc@BW@[B[@W?WAq@IqCA]CYCSWoBS}AGa@My@WyAUuAIF]Ty@p@m@l@i@n@EI]w@[w@_@s@_@o@U]q@}@SQMIKGMCYGk@I]EG`C?HCjAC|@?x@AXAjB?~A?~@?~C?t@BH?T?NCL?f@?J?R@JPxE@R?NBx@?R?H@V@|@?T?B@d@@b@@fA@t@?\Az@I?s@Ei@AM@GFETA^G~BA`AE|@Gn@In@Kl@GX]fACHEECCUYADGNg@|AQf@	Click to Generate
S26	60	1			3	Outwood Academy City (S26)	Stradbroke Community Centre (S26)	WD Motors (S26)	7590	5692	e_udIxgoGRo@FO@ETXBBDDBI\gAFYJm@Ho@Fo@D}@@aAF_C@_@DUFGLAh@@r@DH?@{@?]Au@AgAAc@Ae@?C?UL?@?F?FEBI?YCa@?QDKJEPAj@JN@LCVEREX@HDDJ@T?|E@n@LdB?p@?jA?pAAjBG~BI`BHaBF_C@kB?}C?q@MeBAo@?}EAUEKIEYASDWDMBOAk@KQ@KDEJ?PB`@?XCHGDG?A?M??T?B@d@@b@@fA@t@?\Az@ExCGtDAZCf@Gt@M|@Mp@IXIXQd@ITUp@qAxDOb@GRKZKf@Kn@Kp@SpAM~@SbAWpAGTYhAg@nBSt@Ur@Qj@Qj@CHGRy@fDIZU~@c@dB_@`B[nAeAnEENCLe@k@EEi@}@k@gACEUe@FMp@}BDQ?KUu@Ka@CYA[?_@?UBYDSDSDMFCFUTULOc@d@GTGBELERERCX?T?^@ZBXJ`@Tt@?JEPq@|BGLTd@BDj@fAh@|@DDd@j@Z\^d@\n@Zr@\x@FLFJZh@BDFJBFDFDDf@t@HLX^T\Rd@Vd@Pb@Tp@Tv@T`At@bCl@fCZtAPbARbAV~APnAPvADd@@L??@\@T@N?P?VAf@Ad@MjCF@D?@?DCDEDIDQv@iDh@wBPu@Jq@XqCj@uFHs@De@rC{Wn@_GLgAHg@BYLy@NkAxAaJ@CJs@d@sCD]LeANaA^yBTmAn@sDXgBHk@Hc@Da@BY@]?g@Ac@?GA[E@AAE?WGAHEb@??E^ERETEl@Iz@KhAC`ABaAJiAH{@Dm@DUDSD_@Dc@@IVFD?@@DAA[?IAo@CaAAm@CiACsAAyA?wA?S?mA?}A?s@?eB?U?y@?[?g@?E?O?Y?QAe@AMEWCUM]Q]A?EECCGKCKAI?I?I?M@E@SBg@BYHc@BW@[B[@W?WAq@IqCA]CYCSWoBS}AGa@My@WyAUuAIF]Ty@p@m@l@i@n@EI]w@[w@_@s@_@o@U]q@}@SQMIKGMCYGk@I]EG`C?HCjAC|@?x@AXAjB?~A?~@?~C?t@BH?T?NCL?f@?J?R@JPxE@R?NBx@?R?H@V@|@?T?B@d@@b@@fA@t@?\Az@I?s@Ei@AM@GFETA^G~BA`AE|@Gn@In@Kl@GX]fACHEECCUYADGNSn@	Click to Generate
S26	60	1			3	Outwood Academy City (S26)	Stradbroke Community Centre (S26)	WD Motors (S26)	7607	5705	o_udIlhoG\cAFO@ETXBBDDBI\gAFYJm@Ho@Fo@D}@@aAF_C@_@DUFGLAh@@r@DH?@{@?]Au@AgAAc@Ae@?C?UL?@?F?FEBI?YCa@?QDKJEPAj@JN@LCVEREX@HDDJ@T?|E@n@LdB?p@?jA?pAAjBG~BI`BHaBF_C@kB?}C?q@MeBAo@?}EAUEKIEYASDWDMBOAk@KQ@KDEJ?PB`@?XCHGDG?A?M??T?B@d@@b@@fA@t@?\Az@ExCGtDAZCf@Gt@M|@Mp@IXIXQd@ITUp@qAxDOb@GRKZKf@Kn@Kp@SpAM~@SbAWpAGTYhAg@nBSt@Ur@Qj@Qj@CHGRy@fDIZU~@c@dB_@`B[nAeAnEENCLe@k@EEi@}@k@gACEUe@FMp@}BDQ?KUu@Ka@CYA[?_@?UBYDSDSDMFCFUTULOc@d@GTGBELERERCX?T?^@ZBXJ`@Tt@?JEPq@|BGLTd@BDj@fAh@|@DDd@j@Z\^d@\n@Zr@\x@FLFJZh@BDFJBFDFDDf@t@HLX^T\Rd@Vd@Pb@Tp@Tv@T`At@bCl@fCZtAPbARbAV~APnAPvADd@@L??@\@T@N?P?VAf@Ad@MjCF@D?@?DCDEDIDQv@iDh@wBPu@Jq@XqCj@uFHs@De@rC{Wn@_GLgAHg@BYLy@NkAxAaJ@CJs@d@sCD]LeANaA^yBTmAn@sDXgBHk@Hc@Da@BY@]?g@Ac@?GA[E@AAE?WGAHEb@??E^ERETEl@Iz@KhAC`ABaAJiAH{@Dm@DUDSD_@Dc@@IVFD?@@DAA[?IAo@CaAAm@CiACsAAyA?wA?S?mA?}A?s@?eB?U?y@?[?g@?E?O?Y?QAe@AMEWCUM]Q]A?EECCGKCKAI?I?I?M@E@SBg@BYHc@BW@[B[@W?WAq@IqCA]CYCSWoBS}AGa@My@WyAUuAIF]Ty@p@m@l@i@n@EI]w@[w@_@s@_@o@U]q@}@SQMIKGMCYGk@I]EG`C?HCjAC|@?x@AXAjB?~A?~@?~C?t@BH?T?NCL?f@?J?R@JPxE@R?NBx@?R?H@V@|@?T?B@d@@b@@fA@t@?\Az@I?s@Ei@AM@GFETA^G~BA`AE|@Gn@In@Kl@GX]fACHEECCUYADGN]bA	Click to Generate
S26	20	1			3	Hair by Lisa (S26)	Frecheville Post Office (S26)	St Cyprian (S26)	1866	1400	g}rdIf~pGA@EBE?KMzCcFT]DGDI`@o@N\gAdBwBjDW\EBE?KMzCcFT]DGDI`@o@V_@V_@d@q@n@aAJOl@_ANU`@q@DJ@H?JAHuBfDMT_@n@E@A@C?IEMKW^W^N\Zz@N\L\N\l@}@pD{FPYr@cA`AaBrAfDuBdD{@tA_@j@uBdD_@j@sAgDO]M]O][{@_EpGUZ	Click to Generate
S26	20	1			3	Frecheville News, Cards & Gifts (S26)	Safa (S26)	St Cyprian (S26)	1683	1262	wsrdIbtpG[w@A@C?IEMKW^W^N\kBvCsAxBW\EBE?KMzCcFT]DGDI`@o@V_@V_@d@q@n@aAJOk@oAACi@uAh@tAl@rAKNo@`Ae@p@W^W^N\Zz@N\L\N\l@}@pD{FPYr@cA`AaBrAfDuBdD{@tA_@j@uBdD_@j@sAgDO]M]O][{@O]V_@V_@LJHDB?@AZv@	Click to Generate
S26	60	1			3	Birley Health Centre (S26)	Birley Primary Academy (S26)	New Loon Fung (S26)	4346	3260	gmqdIf{pG??_Db@OoEj@Az@Kt@K|Fs@ZE~@MXG\Kb@KZfEw@J_@F??^Gv@KFp@Dt@L~ADd@Bd@Bf@@f@?f@@b@?V?RAVARAPE^ERG^I^G\GVGZGTGVIZGRGPGPGPGNOXMVMRQVW`@mAtByAlCINGNGNCRCLAR?^GpH?|Cc@Os@YGEcCkA{@g@SKqBy@_D_BqCuAuAs@[QGC{@a@QKCECCAEACAIAE?I@K@M@OZeBDODUXyAh@iCZ_BLq@|BbBFKFIn@q@FEBKBG@I?K?KI]Qi@Yu@GYCWAW?MFQHMCs@Br@ILGP?L@VBVFXXt@BJL\H\?J?JAHCFCJGDo@p@kAuFEKCIBY@[?sE?o@@{A?k@@o@@a@@[JkAb@kG@E~@VFBB?RJTJT_ALk@Lu@Hq@Bi@Dq@J}EHqDB}@@GB_@D[BI@GBGHUNQFIJMhAoAFZHXPMXS@?v@a@j@YTERARBPHFHBBFPDXHd@@DB\Fr@Dr@DnA_@JOBYJUFSJ]No@^RrANfALnAH~@Bb@TvE@X@VBTPlEu@J{@Jk@@NnE~Cc@??	Click to Generate
S26	20	1			3	Safa (S26)	St Cyprian (S26)	Frecheville Library (S26)	1579	1184	_jrdItapGc@r@eAdB_@h@e@t@a@p@OTm@~@k@oAACi@uAh@tAl@rAKNo@`Ae@p@W^W^N\Zz@N\L\N\rAfD^k@tBeD^k@z@uAtBeDsAgDaA`Bs@bAQX{BlDu@lAm@|@O]M]O][{@O]V_@V_@d@q@n@aAJOl@_ANU`@q@d@u@^i@dAeBb@s@	Click to Generate
S26	20	1			3	Birley Wood Golf Club (S26)	UK Welder (S26)	Birley Health Centre (S26)	1511	1133	s`qdInyoG]BLxAz@J??{@KMyAUH??C?A@AQIcAA@C?E@M@M@Y?_A@gAB]@e@H_@JC?KBYJUFq@Zo@^RrANfALnAH~@Bb@TvE@X@VBTPlE|Fs@ZE~@MXG\Kb@KZfEw@J_@F??^Gv@K[gEI_AGg@AOAICUEo@AUEk@?ECc@Ew@AKAS?YCmBA{@Aa@?UAUAWEk@AW@AB???TI\C	Click to Generate
S26	20	1			3	Golden City (S26)	The Sherwood (S26)	St Cyprian (S26)	1787	1340	g|rdIz|pGINW\EBE?KMzCcFT]DGDI`@o@N\U\iDrFW\EBE?KMzCcFT]DGDI`@o@V_@V_@d@q@IUCE?OOVEC[s@?Ac@r@\t@`@s@DBNW?NBDHTe@p@W^W^N\Zz@N\L\N\l@}@pD{FPYr@cA`AaBrAfDuBdD{@tA_@j@uBdD_@j@sAgDO]M]O][{@uD`G	Click to Generate
S26	60	1			3	Birley Wood Golf Club (S26)	Queens Head (S26)	The Swan (S26)	6778	5084	e_pdItdpGGICIAITgCUOEXMbAStACTIn@Kv@M~@UvAUnAu@bDaA~CiArDy@lCg@~Ac@~Aw@pCgDjLGPk@~AITmAtC{CpGuB`EkAfCYr@OZEGKSCGg@iBIUMMMMQGSKk@S?}CFqH?_@@SBMBSFOFOHOxAmClAuBVa@PWLSLWNYFOFQFQFQFSH[FWFUF[FWF]H_@F_@DSD_@@Q@S@W?S?WAc@?g@Ag@Cg@Ce@Ee@M_BEu@Gq@[gEI_AGg@AOAICUEo@AUEk@?ECc@Ew@AKAS?YCmBA{@Aa@?UAUAWEk@AW@AB???TILxAz@J??{@KMyAUH??C?A@@VDj@@V@T?T@`@@z@BlB?X@R@JDv@Bb@?DDj@@TDn@BT@H@NFf@H~@ZfEFp@Dt@L~ADd@Bd@Bf@@f@?f@@b@?V?RAVARAPE^ERG^I^G\GVGZGTGVIZGRGPGPGPGNOXMVMRQVW`@mAtByAlCINGNGNCRCLAR?^GpH?|Cj@RRJPFLLLLHTf@hBBFJRDFN[Xs@jAgCtBaEzCqGlAuCHUj@_BFQfDkLv@qCb@_Bf@_Bx@mChAsD`A_Dt@cDToATwAL_AJw@Ho@BURuALcADYDS\iCHs@BW^aENiA^mBFa@ZoAXeAJKNIPEF@PHxArAdB`Bb@^j@h@DBh@\??`@RXJB@PJRJTPVZ`@h@r@t@j@b@r@d@E^U|AId@Q|A\NRHZ_CBOTo@HUF[aAi@s@e@k@c@s@u@a@i@W[UQSKQKCAYKa@Si@]ECk@i@c@_@eBaByAsAQIGAQDOHKJYdA[nAG`@_@lBOhA_@`ECVIr@]hCERTNUfC@HBHFH	Click to Generate
S26	15	1			3	Golden City (S26)	Bullie Ink Tattoo Collective (S26)	St Cyprian (S26)	1408	1056	kvrdI|mpGZr@DBNW?NBDHTe@p@W^W^N\U\iCdE_@l@W\EBE?KMzCcFT]DGDI`@o@N\Zz@N\L\N\l@}@pD{FPYr@cA`AaBrAfDuBdD{@tA_@j@uBdD_@j@sAgDO]M]O][{@O]V_@V_@d@q@IUCE?OOVEC[s@	Click to Generate
S26	60	1			3	Grayson's Plumbing & Heating Supplies (S26)	Outwood Academy City (S26)	WD Motors (S26)	5652	4239	}|tdI|coGBIDDBBHF]fACHc@tAIVOb@M^ITCLa@rAEAE?[Ca@A?O@[\@F?FGX{@@Cf@_Bf@}AFO@ETXBBDDBI\gAFYJm@Ho@Fo@D}@@aAF_C@_@DUFGLAh@@r@DH?@{@?]Au@AgAAc@Ae@?C?UL?@?F?FEBI?YCa@?QDKJEPAj@JN@LCVEREX@HDDJ@T?|E@n@LdB?p@?jA?pAAjBG~BI`BHaBF_C@kB?}C?q@MeBAo@?}EAUEKIEYASDWDMBOAk@KQ@KDEJ?PB`@?XCHGDG?A?M?A}@AW?I?SCy@?OASQyEAK?S?K?g@BM?O?UCI?u@?_D?_A?_B@kB@Y?y@B}@BkA?IFaC\Dj@HXFLBJFLHRPp@|@T\^n@^r@Zv@\v@DHh@o@l@m@x@q@\UHGTtAVxALx@F`@R|AVnBBRBX@\HpC@p@?VAVCZAZCV?T@N@JBLHJFPDDBDDHBP@H?HAHAJAR?VBh@?p@@L@d@?P?X?N?D?f@?Z?x@?T?dB?r@?|A?lA?R?vA@xABrABhA@l@B`A@n@?H@ZE@AAE?WGAHEb@??E^ERETEl@Iz@KhAC`ABaAJiAH{@Dm@DUDSD_@Dc@@IVFD?@@DAA[?IAo@CaAAm@CiACsAAyA?wA?S?mA?}A?s@?eB?U?y@?[?g@?E?O?Y?QAe@AMEWCUM]Q]A?EECCGKCKAI?I?I?M@E@SBg@BYHc@BW@[B[@W?WAq@IqCA]CYCSWoBS}AGa@My@WyAUuAIF]Ty@p@m@l@i@n@EI]w@[w@_@s@_@o@U]q@}@SQMIKGMCYGk@I]EG`C?HCjAC|@?x@AXAjB?~A?~@?~C?t@BH?T?NCL?f@?J?R@JPxE@R?NBx@?R?H@V@|@?T?B@d@@b@@fA@t@?\Az@I?s@Ei@AM@GFETA^G~BA`AE|@Gn@In@Kl@GXIGCCEECH	Click to Generate
S26	60	1			3	Queens Head (S26)	St John the Evangelist (S26)	The Phoenix Inn (S26)	4261	3196	qaodIbzoGHUF[aAi@s@e@k@c@s@u@a@i@W[UQSKQKCAYKa@Si@]ECk@i@c@_@eBaByAsAQIGAQDOHKJF_@DYDa@DJJb@FNF@PHxArAdB`Bb@^j@h@DBh@\??`@RXJB@PJRJTPVZ`@h@r@t@j@b@r@d@`Ah@@@`@NXFFBn@LH?b@F`@@d@?l@B^DL@vBj@jA\x@Rt@^VNv@`@`Bx@FDPFZLVHPDzA\dDt@@yA@{@Az@AxAeDu@{A]QEWI[MYMaBy@w@a@WOu@_@y@SkA]wBk@MA_@Em@Ce@?a@Ac@GI?o@MGCYGa@OAAaAi@s@e@k@c@s@u@a@i@W[UQSKQKCAYKa@Si@]ECk@i@c@_@eBaByAsAQIGAQDOHKJYdA[nAG`@_@lBOhA_@`ECVIr@]hCERTNUfC@HBHRZJJLJPHQIMKKKKQGICIAITgCUODS\iCHs@BW^aENiA^mBFa@ZoAXeAJKNIPEF@PHxArAdB`Bb@^j@h@DBh@\`@RXJB@PJRJTPVZ`@h@r@t@j@b@r@d@`Ah@GZIT	Click to Generate
S26	20	1			3	The Birley (S26)	Safa (S26)	St Cyprian (S26)	1694	1270	szrdIrzpG}@vAW\EBE?KMzCcFT]DGDI`@o@V_@V_@LJHDB?@AZv@JTHTYd@M@KMGEI?MP[{@O]V_@V_@d@q@n@aAJOk@oAACi@uAh@tAl@rAKNo@`Ae@p@W^W^N\Zz@N\L\N\l@}@pD{FPYr@cA`AaBrAfDuBdD{@tA_@j@uBdD_@j@sAgDO]M]O][{@aCxD	Click to Generate
S26	15	1			3	The Fairway (S26)	Birley Health Centre (S26)	Birley Wood Golf Club (S26)	1381	1036	klqdInxoGB?^Kd@I\AfAC~@AX?LALADAB?@AHbA@P@AB???TI\C??]BUH??C?A@@VDj@@V@T?T@`@@z@BlB?X@R@JDv@Bb@?DDj@@TDn@BT@H@NFf@H~@ZfEw@J_@F??^Gv@K[gEI_AGg@AOAICUEo@AUEk@?ECc@Ew@AKAS?YCmBA{@Aa@?UAUAWEk@AW@AB???TILxAz@J??{@KMyAUH??C?A@AQIcAA@C?E@M@M@Y?_A@gAB]@e@H_@JC?	Click to Generate
S26	60	1			3	Outwood Academy City (S26)	Scowerdons Community Centre (S26)	The Strad (S26)	9849	7387	s_tdIvpoG?GAc@?GA[A[?IAo@CaAAm@CiACsAAyA?wA?S?mA?}A?s@?eB?U?y@?[?g@?E?O?Y?QAe@AMEWCUM]Q]A?EECCGKCKAI?I?I?M@E@SBg@BYHc@BW@[B[@W?WAq@IqCA]CYCSWoBS}AGa@My@WyAUuAIF]Ty@p@m@l@i@n@EI]w@[w@_@s@_@o@U]q@}@SQMIKGMCYGk@I]EG`C?HCjAC|@?x@AXAjB?~A?~@?~C?t@BH?T?NCL?f@?J?R@JPxE@R?NBx@?R?H@V@|@L?@?F?FEBI?YCa@?QDKJEPAj@JN@LCVEREX@HDDJ@T?|E@n@LdB?p@?jA?pAAjBG~BI`BHaBF_C@kB?}C?q@MeBAo@?}EAUEKIEYASDWDMBOAk@KQ@KDEJ?PB`@?XCHGDG?A?M?A}@AW?I?SCy@?OASQyEAK?S?K?g@BM?O?UCI?u@?_D?_A?_B@kB@Y?y@B}@BkA?IFaC\Dj@HXFLBJFLHRPp@|@T\^n@^r@Zv@\v@DHh@o@l@m@x@q@\UHGTtAVxALx@F`@R|AVnBBRBX@\HpC@p@?VAVCZAZCV?T@N@JBLHJFPDDBDDHBP@H?HAHAJAR?VBh@?p@@L@d@?P?XJ@R?\BNBVHB@PJ\Z`@V\VZTTFJB\D\Af@Eb@ORKLIVUZ]Xa@HMJQTg@JYN_@La@Lc@Pm@ZcAPi@@ALc@\y@L[LYBIN[Xi@T[Va@FNx@nBFPj@tAN\Nf@Nf@Ld@j@vBVbAJb@?@Hf@Dh@B`@@^?\A^AXEb@KdAGp@Cj@Cn@Ad@?F?d@@p@@r@KBOBSFOFYVWXOTKNUZ_@j@GDGAF@FE^k@T[JONUVYLMJINGRGNCJCAs@Aq@?e@?G@e@Bo@Bk@Fq@JeADc@WIA?QCS?QBGBQFSBO?OCOIQOa@_@GGOMOGMGOCC?K?I@G@UH]P]PA@OFQDO@OCOEQIMIMOACKOKU]}@AAEKY`@[\WTMHSJc@Ng@D]@]EKCUG[U]Wa@W][QKCAWIOC]CS?KA?Y?QAe@AMEWCUM]Q]A?EECCGKCKAI?I?I?M@E@SBg@BYHc@BW@[B[@W?WAq@IqCA]CYCSWoBS}AGa@My@WyAUuAIF]Ty@p@m@l@i@n@EI]w@[w@_@s@_@o@U]q@}@SQMIKGMCYGk@I]EG`C?HCjAC|@?x@AXAjB?~A?~@?~C?t@BH?T?NCL?f@?J?R@JPxE@R?NBx@?R?H@V@|@?T?B@d@@b@@fA@t@?\Az@I?s@Ei@AM@GFETA^G~BA`AE|@Gn@In@Kl@GX]fACHEECCUYAG@GDEBGLJLWBKBIDDBBHFFYJm@Ho@Fo@D}@@aAF_C@_@DUFGLAh@@r@DH?@{@?]Au@AgAAc@Ae@?C?UA}@AW?I?SCy@?OASQyEAK?S?K?g@BM?O?UCI?u@?_D?_A?_B@kB@Y?y@B}@BkA?IFaC\Dj@HXFLBJFLHRPp@|@T\^n@^r@Zv@\v@DHh@o@l@m@x@q@\UHGTtAVxALx@F`@R|AVnBBRBX@\HpC@p@?VAVCZAZCV?T@N@JBLHJFPDDBDDHBP@H?HAHAJAR?VBh@?p@@L@d@?P?X?N?D?f@?Z?x@?T?dB?r@?|A?lA?R?vA@xABrABhA@l@B`A@n@?H@Z@Z?F@b@?F	Click to Generate
S26	60	1			3	Carter Hall Lane (S26)	Birley Health Centre (S26)	The Birley Academy (S26)	6947	5210	otpdIdarG{@u@ITmAtC{CpGuB`EkAfCYr@OZId@ADMn@e@pCShA{@lE{BvLWvAEVKv@Mt@M|@Ed@AHANAFCVDBD@PFrBp@`EzA~@ZJORSJILITINEAe@AYBO@EJ]HSHQJWVe@Vg@@KBOBGVg@^cAr@aCfAkDZoAJ]`@}@l@oAZk@nAiCPWPQ`@W^Sn@U^CFA`@D`@H~@Z\J?n@@HHPIQAI?o@]K_A[a@Ia@Eg@Do@T_@Ra@VQPQVoAhC[j@m@nAa@|@K\[nAgAjDs@`C_@bAWf@CFCNAJWf@Wd@KVIPIRK\ADCN@X@d@ODUHMHKHSRKN_A[aE{AsBq@QGEAECBW@G@O@IDe@L}@Lu@Jw@DWVwAzBwLz@mERiAd@qCLo@@EHe@EGKSCGg@iBIUMMMMQGSKk@S?}CFqH?_@@SBMBSFOFOHOxAmClAuBVa@PWLSLWNYFOFQFQFQFSH[FWFUF[FWF]H_@F_@DSD_@@Q@S@W?S?WAc@?g@Ag@Cg@Ce@Ee@M_BEu@Gq@w@J_@F??^Gv@K[gEc@J]JYF_AL[D}Fr@u@J{@Jk@@NnE~Cc@??FCBEXEB?H?BDJZ^fB_@gBK[CEI?C?YDCDGB_Db@OoEj@Az@Kt@K|Fs@ZE~@MXG\Kb@KZfEFp@Dt@L~ADd@Bd@Bf@@f@?f@@b@?V?RAVARAPE^ERG^I^G\GVGZGTGVIZGRGPGPGPGNOXMVMRQVW`@mAtByAlCINGNGNCRCLAR?^GpH?|Cj@RRJPFLLLLHTf@hBBFJRDFN[Xs@jAgCtBaEzCqGlAuCHUz@t@	Click to Generate
S26	60	1			3	Carter Hall Road, Charnock (S26)	Charnock Hall Road (S26)	The Admiral (S26)	6930	5198	kbsdId~tGPbAPlA@HBR`@?P?^@f@@h@H`AHVBF?^DrANZBN@lBRr@Jv@HTFZJb@Nb@R^Tb@^PPl@n@~@dAVJHBJ@FBH@F?JCH?\m@V[TUBEj@g@LMJKNOJKHIFIFOHUDQLe@Jm@BOf@qCd@}BtAiHNy@Lu@Jo@Jw@PkB@ILcBDBD@PFrBp@hAb@vBv@~@ZJORSJILITINEx@Gx@GPAN@LFPPLTFJDNPr@FXBFH\Rx@Lb@Jb@?BFXDd@?X?ZE\iA|GG^Kb@GRGXU|@IZS~@c@~BiBeA[MECgC}@k@So@U_A]o@SiC}@k@Ug@Qg@Qu@YQEC?d@}BtAiHNy@Lu@Jo@Jw@PkB@ILcBBW@G@O@IDe@L}@Lu@Jw@DWVwAzBwLz@mERiAd@qCLo@@EHe@EGKSCGg@iBIUMMMMQGSKk@Sc@Os@YGEcCkA{@g@SKqBy@_D_BqCuAuAs@[QGC{@a@QKCECCAEACAIAE?I@K@M@OCEAEAGAEMgAEOEUKUIQKKOMgHiDkCoAmCoAkCsAo@Yq@[_@QCCCCACGMfAcBVa@p@gAj@{@LUj@y@HKzCcFT]DGDI`@o@N\_EpGUZA@EBE?KMIJk@x@MTk@z@q@fAW`@gAbBMTe@r@eAdBiAlBiAnBOXKPgBfDWb@OXKPINCFe@x@CFIPEHEFGL[j@c@z@Yr@i@jAUl@e@jAITO^K\CFIPFHDFBF`@~@JVN\BDLZBHZr@hApCtAdD\~@f@`BTv@@DHXT`A?Dt@xCj@xBTbAH\H^r@lCLf@XlAp@rCTbA`@rBjAxGhAdH?@	Click to Generate
S26	60	1			3	Outwood Academy City (S26)	The Strad (S26)	Grayson's Plumbing & Heating Supplies (S26)	5398	4048	eatdIlooG??Dc@@IVFD?@@DAA[?IAo@CaAAm@CiACsAAyA?wA?S?mA?}A?s@?eB?U?y@?[?g@?E?O?Y?QAe@AMEWCUM]Q]A?EECCGKCKAI?I?I?M@E@SBg@BYHc@BW@[B[@W?WAq@IqCA]CYCSWoBS}AGa@My@WyAUuAIF]Ty@p@m@l@i@n@EI]w@[w@_@s@_@o@U]q@}@SQMIKGMCYGk@I]EG`C?HCjAC|@?x@AXAjB?~A?~@?~C?t@BH?T?NCL?f@?J?R@JPxE@R?NBx@?R?H@V@|@L?@?F?FEBI?YCa@?QDKJEPAj@JN@LCVEREX@HDDJ@T?|E@n@LdB?p@?jA?pAAjBG~BI`BHaBF_C@kB?}C?q@MeBAo@?}EAUEKIEYASDWDMBOAk@KQ@KDEJ?PB`@?XCHGDG?A?M??T?B@d@@b@@fA@t@?\Az@I?s@Ei@AM@GFETA^G~BA`AE|@Gn@In@Kl@GXIGCCEECHCJMVMKCFEDAF@FADGNg@|Ag@~AABYz@GFG?]AAZ?N`@@ZBD?D@`@sABMHUL_@Nc@HWb@uABI\gAFYJm@Ho@Fo@D}@@aAF_C@_@DUFGLAh@@r@DH?@{@?]Au@AgAAc@Ae@?C?UA}@AW?I?SCy@?OASQyEAK?S?K?g@BM?O?UCI?u@?_D?_A?_B@kB@Y?y@B}@BkA?IFaC\Dj@HXFLBJFLHRPp@|@T\^n@^r@Zv@\v@DHh@o@l@m@x@q@\UHGTtAVxALx@F`@R|AVnBBRBX@\HpC@p@?VAVCZAZCV?T@N@JBLHJFPDDBDDHBP@H?HAHAJAR?VBh@?p@@L@d@?P?X?N?D?f@?Z?x@?T?dB?r@?|A?lA?R?vA@xABrABhA@l@B`A@n@?H@ZE@AAE?WGAHEb@??	Click to Generate
S26	45	1			3	The Strad (S26)	Outwood Academy City (S26)	Stradbroke Community Centre (S26)	3990	2992	oaudIfmoGL_@f@_Bf@}AFO@EAG@GDEBGLJLWBKBIDDBBHFFYJm@Ho@Fo@D}@@aAF_C@_@DUFGLAh@@r@DH?@{@?]Au@AgAAc@Ae@?C?UL?@?F?FEBI?YCa@?QDKJEPAj@JN@LCVEREX@HDDJ@T?|E@n@LdB?p@?jA?pAAjBG~BI`BHaBF_C@kB?}C?q@MeBAo@?}EAUEKIEYASDWDMBOAk@KQ@KDEJ?PB`@?XCHGDG?A?M??T?B@d@@b@@fA@t@?\Az@ExCGtDAZCf@Gt@M|@Mp@IXIXQd@ITUp@qAxDOb@GRKZKf@Kn@Kp@SpAM~@SbAWpAGTYhAg@nBSt@Ur@Qj@Qj@CHGRy@fDIZU~@c@dB_@`B[nAeAnEENCLe@k@EEi@}@k@gACEUe@FMp@}BDQ?KUu@Ka@CYA[?_@?UBYDSDSDMFCFUTULOc@d@GTGBELERERCX?T?^@ZBXJ`@Tt@?JEPq@|BGLTd@BDj@fAh@|@DDd@j@BMDOdAoEZoA^aBb@eBT_AH[x@gDEGa@k@OWMUU[S[DMZ{@f@{AZcAPw@BKbAmFNq@\kBHc@f@wBEAE?[Ca@A?O@[\@F?FGL_@	Click to Generate
S26	45	1			3	Charnock Hall Road (S26)	Carter Hall Lane (S26)	Carter Hall Road, Charnock (S26)	3650	2738	aipdIbjtGKq@EQUc@KVO^}BbGw@pBELEJQd@K\}@tEKZMVKLOHUDQ?QE_Ao@hA}GD]?[?YEe@GY?CKc@Mc@Sy@I]CGGYQs@EOGKMUQQMGOAQ@y@Fy@FAe@AYBO@EJ]HSHQJWVe@Vg@@KBOBGVg@^cAr@aCfAkDZoAJ]`@}@l@oAZk@nAiCPWPQ`@W^Sn@U^CFA`@D`@H~@Z\J?n@@HHPIQAI?o@]K_A[a@Ia@Eg@Do@T_@Ra@VQPQVoAhC[j@m@nAa@|@K\[nAgAjDs@`C_@bAWf@CFCNAJWf@Wd@KVIPIRK\ADCN@X@d@ODUHMHKHSRKNq@rAO\KVKZOf@_AtCuBeCKKOKx@}HhAb@vBv@~@ZJORSJILITINEx@Gx@GPAN@LFPPLTFJDNPr@p@i@TYNYhBaFBGlCiHPc@HOLIHENAJBLJHJJTd@nAVv@^nAJ\D^?ZA\CVIXq@hBIRTb@DPJp@	Click to Generate
S26	20	1			3	Frecheville Post Office (S26)	St Cyprian (S26)	The Co-operative Food (S26)	2000	1500	gyrdIpxpGiBxCW\EBE?KMzCcFT]DGDI`@o@V_@V_@d@q@n@aAJOl@_ANU`@q@DJ@H?JAHuBfDMT_@n@E@A@C?IEMKW^W^N\Zz@N\L\N\rAfD^k@tBeD^k@z@uAtBeDsAgDnB}CZg@pDuFyAoDo@`AuAxBm@|@GJEFEH{@rAc@r@eAdB_@h@e@t@a@p@OTm@~@KNo@`Ae@p@W^W^N\uAvB	Click to Generate
S26	20	1			3	The Birley (S26)	Safa (S26)	St Cyprian (S26)	1694	1270	izrdI`zpGgAhBW\EBE?KMzCcFT]DGDI`@o@V_@V_@LJHDB?@AZv@JTHTYd@M@KMGEI?MP[{@O]V_@V_@d@q@n@aAJOk@oAACi@uAh@tAl@rAKNo@`Ae@p@W^W^N\Zz@N\L\N\l@}@pD{FPYr@cA`AaBrAfDuBdD{@tA_@j@uBdD_@j@sAgDO]M]O][{@wBfD	Click to Generate
S26	60	1			3	Birley Moor Garden Centre (S26)	Birley Moor Fire Station (S26)	Ridgeway Primary School (S26)	5558	4168	umpdIpxmGGFE?ECEKIm@?OBQFWBS?OAMCKCG[y@oCdERb@LPD?DC??NUOTEBE?MQSc@{A~BgHvKi@z@`@`AL\@T]f@OAGK??FJN@\g@AUM]a@aAh@{@fHwKzA_CnCeE`FyHvBsD~@eBrBkELULSRSxBwBTSHKJKxD_GFLHTDZB`@BpA?HBhCBdABvCBj@Bh@Fn@Dh@Jl@Hf@x@fFLbAPhBHz@@T@`@@`@?D?ZAZE`@EZOh@}@jCaAjCw@hBSh@ADI\EJMl@SlAU|ASbBMlAWvEG~@AXAJUbDDJJb@FNF@PHxArAdB`Bb@^j@h@DBh@\`@RXJB@PJRJTPVZ`@h@]zCw@Uw@WIC@ERaBF{@Bu@CAYK_@QAAi@]ECk@i@c@_@eBaByAsAQIGAGOKc@EKTcD@K@YF_AVwELmARcBT}ARmALm@DKH]@ERi@v@iB`AkC|@kCNi@D[Da@@[?[?EAa@Aa@AUI{@QiBMcAy@gFIg@Km@Ei@Go@Ci@Ck@CwCCeACiC?ICqACa@E[IUGMyD~FKJIJURyBvBSRMRMTsBjE_AdBwBrDaFxHZx@BFBJ@L?NCRGVCP?NHl@DJDBD?FG	Click to Generate
S26	30	1			3	The Birley Academy (S26)	The Fairway (S26)	Birley Wood Golf Club (S26)	2101	1576	_bqdItxpG^Gv@K[gEc@J]JYF_AL[D}Fr@u@J{@Jk@@NnE~Cc@??FCBEXEB?H?BDJZ^fB_@gBK[CEI?C?YDCDGB_Db@OoEj@Az@Kt@K|Fs@ZE~@MXG\Kb@KI_AGg@AOAICUEo@AUEk@?ECc@Ew@AKAS?YCmBA{@Aa@?UAUAWEk@AW@AB???TI\C??]BLxAz@J??{@KMyAUH??C?A@@VDj@@V@T?T@`@@z@BlB?X@R@JDv@Bb@?DDj@@TDn@BT@H@NFf@H~@ZfEw@J_@F	Click to Generate
S26	20	1			3	Meraki (S26)	Frecheville Post Office (S26)	St Cyprian (S26)	1866	1400	q|rdIj}pG??W\EBE?KMzCcFT]DGDI`@o@N\m@~@qCpEW\EBE?KMzCcFT]DGDI`@o@V_@V_@d@q@n@aAJOl@_ANU`@q@DJ@H?JAHuBfDMT_@n@E@A@C?IEMKW^W^N\Zz@N\L\N\l@}@pD{FPYr@cA`AaBrAfDuBdD{@tA_@j@uBdD_@j@sAgDO]M]O][{@_EpG	Click to Generate
S26	30	1			3	Grandpa Joe's Potting Shed (S26)	Birley Caravan Storage (S26)	UK Welder (S26)	2996	2247	qaqdIjnnGFJN@\g@AUM]a@aAh@{@fHwKzA_CRb@Y`@ADAF@HHVNb@Rd@BJDBDBFAZMFAD?E?G@[LG@ECECCKc@iAIWAI@G@EXa@Sc@nCeEZx@BFBJ@L?NCRGVCP?NHl@DJDBD?FG??GFE?ECEKIm@?OBQFWBS?OAMCKCG[y@oCdE{A~BgHvKi@z@KN_@h@KNEFW^CBLXDJDHJd@Jd@Jf@@LF`ABz@@|@?v@Al@Ep@Et@Gx@Ed@Af@Af@?|@@v@?d@Ab@CdBA`@AX?ZAZ?\@V@d@?TB`@@\A@C?E@M@M@Y?_A@gAB]@e@H_@JC?KBYJUFq@Zo@^SkAUeASaAQ{@Ms@IYG[Qm@AEOg@EKCKISUk@AEEIGIEKJQjPwV`@m@FIFIBEFKBCV_@DGJO^i@JO`@`AL\@T]f@OAGK	Click to Generate
S26	30	1			3	Birley Caravan Storage (S26)	Birley Moor Fire Station (S26)	The Fairway (S26)	2450	1838	qrpdIxxmGEBE?MQSc@nCeEZx@BFBJ@L?NCRGVCP?NHl@DJDBD?FG??GFE?ECEKIm@?OBQFWBS?OAMCKCG[y@oCdE{A~BgHvKi@z@`@`AL\@T]f@OAGK??FJN@\g@AUM]a@aAKN_@h@KNEFW^CBLXDJDHJd@Jd@Jf@@LF`ABz@@|@?v@Al@Ep@Et@Gx@Ed@Af@Af@?|@@v@?d@Ab@CdBA`@AX?ZAZ?\@V@d@?TB`@@\HbA@P@AB???TI\C??]BUH??C?A@AQIcAA]Ca@?UAe@AW?]@[?[@Y@a@BeB@c@?e@Aw@?}@@g@@g@De@Fy@Du@Dq@@m@?w@A}@C{@GaAAMKg@Ke@U[EGEMKWFKBCV_@DGJO^i@JOh@{@fHwKzA_CRb@LPD?DC	Click to Generate
S26	30	1			3	The Birley Academy (S26)	St Cyprian (S26)	Frecheville Library (S26)	2659	1994	}}qdIplqGL\H\?J?JAHCFCJGDo@p@kAuFEKCIBY@[?sE?o@x@BD?x@B\@\AXGFAXK^UTOHGZMZGF?|BW~Cc@??FCBEXEB?H?BDJZ^fB_@gBK[CEI?C?YDCDGB_Db@OoEe@C[IUGME[QUOCA[W_@c@[g@]c@]]UKSKC?GC_AWADc@jGKjAMOKOMYYs@IWoA{CuBdD{@tA_@j@uBdD_@j@sAgDl@}@t@mAzBmDPYr@cA`AaBrAfDnAzCHVXr@LXJNLNAZA`@An@?j@AzA?n@?rEAZCXBHDJjAtFn@q@FEBKBG@I?K?KI]M]	Click to Generate
S26	20	1			3	Birley Spa Primary Academy (S26)	Spa View Community Church (S26)	GoLocal (S26)	2042	1532	oordIx{mGZ@d@AJ?VN`@d@^d@Xf@h@lABFD@JIFGVj@l@fAu@fBMP_@l@SZKSEIIEI?GFU^y@qBEEEAEFsArBrAsBDGD@DDRf@d@hAT_@FGH?HDDHJRMRc@p@CHCHETCT?TBZHX\v@Pb@N`@`CdGVa@LSNUdA}ALONKPGPCb@@`@??}@@qBQ_@QYm@cAGI{@sASYm@_AGKa@o@L_@Jc@DSBKD]@IDa@@_@@a@@i@?a@@_@B]KEGAE?G@CAEACG?E?GAGGKUOTNFJ??@F?F?DBFD@B@FAD?F@JDC\A^?`@Ah@A`@A^E`@AHPXJL^`@e@pAK@K^GKa@o@Wg@m@gAWk@GFKHEACGi@mAYg@_@e@a@e@WOK?e@@[A	Click to Generate
S26	20	1			3	Birley Spa (S26)	Golden Plover (S26)	Spa View Community Church (S26)	1967	1475	alrdItinGd@hAT_@FGH?HDDHJRMRc@p@CHCHETCT?TBZHX\v@Pb@N`@`CdGVa@LSNUdA}ALONKPGPCb@@`@??}@@qBQ_@QYm@cAGI{@sASYm@_AGKa@o@Wg@m@gAWk@GFKHEACGi@mAYg@_@e@a@e@WOK?e@@[AO?E?e@Ed@DD?j@@d@AJ?VN`@d@^d@Xf@h@lABFD@JIFGVj@l@fAVf@`@n@FJJ_@JATo@Na@k@o@QY@IDa@@_@@a@@i@?a@@_@B]KEGAE?G@CAEACG?E?GAGGKUOTNFJ??@F?F?DBFD@B@FAD?F@JDC\A^?`@Ah@A`@A^E`@AHE\CJERKb@M^Wg@u@fBMP_@l@SZKSEIIEI?GFU^e@iA	Click to Generate
S26	60	1			3	The Fairway (S26)	Birley Health Centre (S26)	The Phoenix Inn (S26)	5254	3940	g_qdIx|oG{@KMyA\C??]BUH??C?A@@VDj@@V@T?T@`@@z@BlB?X@R@JDv@Bb@?DDj@@TDn@BT@H@NFf@H~@ZfEw@J_@F??^Gv@KFp@Dt@L~ADd@Bd@Bf@@f@?f@@b@?V?RAVARAPE^ERG^I^G\GVGZGTGVIZGRGPGPGPGNOXMVMRQVW`@mAtByAlCINGNGNCRCLAR?^GpH?|Cj@RRJPFLLLLHTf@hBBFJRDFN[Xs@jAgCtBaEzCqGlAuCHUj@_BFQfDkLv@qCb@_Bf@_Bx@mChAsD`A_Dt@cDToATwAL_AJw@Ho@BURuALcADYTNUfC@HBHRZJJLJPHQIMKKKKQGICIAITgCUOEXMbAStACTIn@Kv@M~@UvAUnAu@bDaA~CiArDy@lCg@~Ac@~Aw@pCgDjLGPk@~AITmAtC{CpGuB`EkAfCYr@OZEGKSCGg@iBIUMMMMQGSKk@S?}CFqH?_@@SBMBSFOFOHOxAmClAuBVa@PWLSLWNYFOFQFQFQFSH[FWFUF[FWF]H_@F_@DSD_@@Q@S@W?S?WAc@?g@Ag@Cg@Ce@Ee@M_BEu@Gq@[gEI_AGg@AOAICUEo@AUEk@?ECc@Ew@AKAS?YCmBA{@Aa@?UAUAWEk@AW@AB???TILxAz@J	Click to Generate
S26	20	1			3	Golden City (S26)	The Sherwood (S26)	St Cyprian (S26)	1787	1340	q{rdI|{pG_@l@W\EBE?KMzCcFT]DGDI`@o@N\U\iDrFW\EBE?KMzCcFT]DGDI`@o@V_@V_@d@q@IUCE?OOVEC[s@?Ac@r@\t@`@s@DBNW?NBDHTe@p@W^W^N\Zz@N\L\N\l@}@pD{FPYr@cA`AaBrAfDuBdD{@tA_@j@uBdD_@j@sAgDO]M]O][{@_DbF	Click to Generate
S26	60	1			3	View from Carter Hall Lane to Sunny Bank (S26)	Arnold Avenue in Charnock Hall (S26)	Charnock Hall Road (S26)	5234	3926	ckpdIp`sG_@Bo@T_@Ra@VQPQVoAhC[j@m@nAa@|@K\[nAgAjDs@`C_@bAWf@CFCNAJWf@Wd@KVIPIRK\ADCN@X@d@ODUHMHKHSRKN_A[aE{AsBq@QGEAECBW@G@O@IDe@L}@Lu@Jw@DWVwAzBwLz@mERiAd@qCLo@@EHe@N[Xs@jAgCtBaEzCqGlAuCHUz@t@??{@u@ITmAtC{CpGuB`EkAfCYr@OZId@ADMn@e@pCShA{@lE{BvLWvAEVKv@Mt@M|@Ed@AHANAFCVDBD@PFrBp@`EzA~@ZJORSJILITINEx@Gx@GPAN@LFPPLTFJDNPr@p@i@TYNYhBaFBGlCiHPc@HOLIHENAJBLJHJJTd@nAVv@^nAJ\D^?ZA\CVIXq@hBIRTb@DPJp@Ff@TbB?L?NABCJQf@[dAGLEHGDG@G@IC_BqAKMOQw@pBELEJQd@K\}@tEKZMVKLOHUDQ?QE_Ao@hA}GD]?[?YEe@GY?CKc@Mc@Sy@I]CGGYQs@EOGKMUQQMGOAQ@y@Fy@FAe@AYBO@EJ]HSHQJWVe@Vg@@KBOBGVg@^cAr@aCfAkDZoAJ]`@}@l@oAZk@nAiCPWPQ`@W^Sn@U^C	Click to Generate
S26	45	1			3	Charnock Hall Road (S26)	Arnold Avenue in Charnock Hall (S26)	Carter Hall Lane (S26)	3396	2547	qiqdIdgtGvBv@~@ZJORSJILITINEx@Gx@GPAN@LFPPLTFJDNPr@FXBFH\Rx@Lb@Jb@?BFXDd@?X?ZE\iA|G~@n@PDP?TENIJMLWJ[|@uEJ]Pe@DKDMv@qBNPJL~ApAHBFAFAFEDIFMZeAPg@BK@C?O?MUcBGg@Kq@EQUc@HSp@iBHYBW@]?[E_@K]_@oAWw@e@oAKUIKMKKCO@IDMHINQb@mChHCFiB`FOXUXq@h@Qs@EOGKMUQQMGOAQ@y@Fy@FAe@AYBO@EJ]HSHQJWVe@Vg@@KBOBGVg@^cAr@aCfAkDZoAJ]`@}@l@oAZk@nAiCPWPQ`@W^Sn@U^CFA`@D`@H~@Z\J?n@@HHPIQAI?o@]K_A[a@Ia@Eg@Do@T_@Ra@VQPQVoAhC[j@m@nAa@|@K\[nAgAjDs@`C_@bAWf@CFCNAJWf@Wd@KVIPIRK\ADCN@X@d@ODUHMHKHSRKN_A[wBw@	Click to Generate
S26	45	1			3	Arnold Avenue in Charnock Hall (S26)	Carter Hall Road, Charnock (S26)	Carter Hall Lane (S26)	3693	2770	qwpdIbqtG?BFXDd@?X?ZE\iA|G~@n@PDP?TENIJMLWJ[|@uEJ]Pe@DKDMv@qBNPJL~ApAHBFAFAFEDIFMZeAPg@BK@C?O?MUcBGg@Kq@EQUc@HSp@iBHYBW@]?[E_@K]_@oAWw@e@oAKUIKMKKCO@IDMHINQb@mChHCFiB`FOXUXq@h@Qs@EOGKMUQQMGOAQ@y@Fy@FODUHMHKHSRKNq@rAO\KVKZOf@_AtCuBeCKKOKx@}HhAb@vBv@~@ZJORSJILITINEAe@AYBO@EJ]HSHQJWVe@Vg@@KBOBGVg@^cAr@aCfAkDZoAJ]`@}@l@oAZk@nAiCPWPQ`@W^Sn@U^CFA`@D`@H~@Z\J?n@@HHPIQAI?o@]K_A[a@Ia@Eg@Do@T_@Ra@VQPQVoAhC[j@m@nAa@|@K\[nAgAjDs@`C_@bAWf@CFCNAJWf@Wd@KVIPIRK\ADCN@X@d@x@Gx@GPAN@LFPPLTFJDNPr@FXBFH\Rx@Lb@Jb@	Click to Generate
S26	20	1			3	Safa (S26)	Meraki (S26)	St Cyprian (S26)	1531	1148	cqrdIbupGu@lAm@|@O]M]O][{@O]V_@V_@d@q@n@aAJOk@oAACi@uAh@tAl@rAKNo@`Ae@p@W^W^N\m@~@qCpEW\EBE?KMzCcFT]DGDI`@o@N\Zz@N\L\N\rAfD^k@tBeD^k@z@uAtBeDsAgDaA`Bs@bAQX{BlD	Click to Generate
S26	20	1			3	The Birley (S26)	Safa (S26)	St Cyprian (S26)	1694	1270	}yrdIpypGsAxBW\EBE?KMzCcFT]DGDI`@o@V_@V_@LJHDB?@AZv@JTHTYd@M@KMGEI?MP[{@O]V_@V_@d@q@n@aAJOk@oAACi@uAh@tAl@rAKNo@`Ae@p@W^W^N\Zz@N\L\N\l@}@pD{FPYr@cA`AaBrAfDuBdD{@tA_@j@uBdD_@j@sAgDO]M]O][{@kBvC	Click to Generate
S26	20	1			3	Meraki (S26)	St Cyprian (S26)	Kieu’s Nails (S26)	1657	1243	msrdIxppG_@n@E@A@C?IEMKW^W^N\m@~@qCpEW\EBE?KMzCcFT]DGDI`@o@N\Zz@N\L\N\l@}@pD{FPYr@cA`AaBrAfDuBdD{@tA_@j@uBdD_@j@sAgDO]M]O][{@{DhGCFW\EBE?KMzCcFT]DGDI`@o@V_@V_@LJHDB?@ADA^o@	Click to Generate
S26	15	1			3	Bullie Ink Tattoo Collective (S26)	The Sherwood (S26)	St Cyprian (S26)	1437	1078	gwrdIvupGiCdE_@l@W\EBE?KMzCcFT]DGDI`@o@V_@V_@d@q@IUCE?OOVEC[s@?Ac@r@\t@`@s@DBNW?NBDHTe@p@W^W^N\Zz@N\L\N\l@}@pD{FPYr@cA`AaBrAfDuBdD{@tA_@j@uBdD_@j@sAgDO]M]O][{@U\	Click to Generate
S26	30	1			3	Spa View Community Church (S26)	Birley Spa Primary Academy (S26)	Birley Spa (S26)	2145	1609	oardIhfnGNa@k@o@QY@IDa@@_@@a@@i@?a@@_@B]KEGAE?G@CAEACG?E?GAGGKUOTNFJ??@F?F?DBFD@B@FAD?F@JDC\A^?`@Ah@A`@A^E`@AHE\CJERKb@M^Wg@u@fBMP_@l@SZKSEIIEI?GFU^y@qBEEEAEFsArBrAsBDGD@DDRf@d@hAT_@FGH?HDDHJRMRc@p@CHCHETCT?TBZHX\v@Pb@N`@`CdGVa@LSNUdA}ALONKPGPCb@@`@??}@@qBQ_@QYm@cAGI{@sASYm@_AGKa@o@Wg@m@gAWk@GFKHEACGi@mAYg@_@e@a@e@WOK?e@@[AO?E?e@Ed@DD?j@@d@AJ?VN`@d@^d@Xf@h@lABFD@JIFGVj@l@fAVf@`@n@FJJ_@JATo@	Click to Generate
S26	30	1			3	Spa View Community Church (S26)	Birley Spa Primary Academy (S26)	Birley Spa (S26)	2110	1582	_brdIddnGKMQY@IDa@@_@@a@@i@?a@@_@B]KEGAE?G@CAEACG?E?GAGGKUOTNFJ??@F?F?DBFD@B@FAD?F@JDC\A^?`@Ah@A`@A^E`@AHE\CJERKb@M^Wg@u@fBMP_@l@SZKSEIIEI?GFU^y@qBEEEAEFsArBrAsBDGD@DDRf@d@hAT_@FGH?HDDHJRMRc@p@CHCHETCT?TBZHX\v@Pb@N`@`CdGVa@LSNUdA}ALONKPGPCb@@`@??}@@qBQ_@QYm@cAGI{@sASYm@_AGKa@o@Wg@m@gAWk@GFKHEACGi@mAYg@_@e@a@e@WOK?e@@[AO?E?e@Ed@DD?j@@d@AJ?VN`@d@^d@Xf@h@lABFD@JIFGVj@l@fAVf@L_@Jc@DSBKD]PXJL	Click to Generate
S26	30	1			3	Birley Caravan Storage (S26)	Birley Moor Fire Station (S26)	The Fairway (S26)	2522	1892	mspdI`|mGOc@IWAI@G@EXa@Sc@nCeEZx@BFBJ@L?NCRGVCP?NHl@DJDBD?FG??GFE?ECEKIm@?OBQFWBS?OAMCKCG[y@oCdE{A~BgHvKi@z@`@`AL\@T]f@OAGK??FJN@\g@AUM]a@aAKN_@h@KNEFW^CBLXDJDHJd@Jd@Jf@@LF`ABz@@|@?v@Al@Ep@Et@Gx@Ed@Af@Af@?|@@v@?d@Ab@CdBA`@AX?ZAZ?\@V@d@?TB`@@\HbA@P@AB???TI\C??]BUH??C?A@AQIcAA]Ca@?UAe@AW?]@[?[@Y@a@BeB@c@?e@Aw@?}@@g@@g@De@Fy@Du@Dq@@m@?w@A}@C{@GaAAMKg@Ke@U[EGEMKWFKBCV_@DGJO^i@JOh@{@fHwKzA_CRb@Y`@ADAF@HHVNb@	Click to Generate
S26	45	1			3	The Strad (S26)	Outwood Academy City (S26)	Stradbroke Community Centre (S26)	3990	2992	caudIjloG@Cf@_Bf@}AFO@EAG@GDEBGLJLWBKBIDDBBHFFYJm@Ho@Fo@D}@@aAF_C@_@DUFGLAh@@r@DH?@{@?]Au@AgAAc@Ae@?C?UL?@?F?FEBI?YCa@?QDKJEPAj@JN@LCVEREX@HDDJ@T?|E@n@LdB?p@?jA?pAAjBG~BI`BHaBF_C@kB?}C?q@MeBAo@?}EAUEKIEYASDWDMBOAk@KQ@KDEJ?PB`@?XCHGDG?A?M??T?B@d@@b@@fA@t@?\Az@ExCGtDAZCf@Gt@M|@Mp@IXIXQd@ITUp@qAxDOb@GRKZKf@Kn@Kp@SpAM~@SbAWpAGTYhAg@nBSt@Ur@Qj@Qj@CHGRy@fDIZU~@c@dB_@`B[nAeAnEENCLe@k@EEi@}@k@gACEUe@FMp@}BDQ?KUu@Ka@CYA[?_@?UBYDSDSDMFCFUTULOc@d@GTGBELERERCX?T?^@ZBXJ`@Tt@?JEPq@|BGLTd@BDj@fAh@|@DDd@j@BMDOdAoEZoA^aBb@eBT_AH[x@gDEGa@k@OWMUU[S[DMZ{@f@{AZcAPw@BKbAmFNq@\kBHc@f@wBEAE?[Ca@A?O@[\@F?FGX{@	Click to Generate
S26	20	1			3	The Admiral (S26)	Frecheville Post Office (S26)	St Cyprian (S26)	1515	1136	yxrdI~wpGwBjDUZA@EBE?KMzCcFT]DGDI`@o@V_@V_@d@q@n@aAJOl@_ANU`@q@DJ@H?JAHuBfDMT_@n@E@A@C?IEMKW^W^N\Zz@N\L\N\l@}@pD{FPYr@cA`AaBrAfDuBdD{@tA_@j@uBdD_@j@sAgDO]M]O][{@gAdB	Click to Generate
S26	20	1			3	Frecheville Post Office (S26)	St Cyprian (S26)	The Co-operative Food (S26)	2000	1500	_yrdIfxpGqBbDW\EBE?KMzCcFT]DGDI`@o@V_@V_@d@q@n@aAJOl@_ANU`@q@DJ@H?JAHuBfDMT_@n@E@A@C?IEMKW^W^N\Zz@N\L\N\rAfD^k@tBeD^k@z@uAtBeDsAgDnB}CZg@pDuFyAoDo@`AuAxBm@|@GJEFEH{@rAc@r@eAdB_@h@e@t@a@p@OTm@~@KNo@`Ae@p@W^W^N\mAlB	Click to Generate
S26	60	1			3	Outwood Academy City (S26)	Stradbroke Community Centre (S26)	WD Motors (S26)	7641	5731	_`udIvioGDOf@}AFO@ETXBBDDBI\gAFYJm@Ho@Fo@D}@@aAF_C@_@DUFGLAh@@r@DH?@{@?]Au@AgAAc@Ae@?C?UL?@?F?FEBI?YCa@?QDKJEPAj@JN@LCVEREX@HDDJ@T?|E@n@LdB?p@?jA?pAAjBG~BI`BHaBF_C@kB?}C?q@MeBAo@?}EAUEKIEYASDWDMBOAk@KQ@KDEJ?PB`@?XCHGDG?A?M??T?B@d@@b@@fA@t@?\Az@ExCGtDAZCf@Gt@M|@Mp@IXIXQd@ITUp@qAxDOb@GRKZKf@Kn@Kp@SpAM~@SbAWpAGTYhAg@nBSt@Ur@Qj@Qj@CHGRy@fDIZU~@c@dB_@`B[nAeAnEENCLe@k@EEi@}@k@gACEUe@FMp@}BDQ?KUu@Ka@CYA[?_@?UBYDSDSDMFCFUTULOc@d@GTGBELERERCX?T?^@ZBXJ`@Tt@?JEPq@|BGLTd@BDj@fAh@|@DDd@j@Z\^d@\n@Zr@\x@FLFJZh@BDFJBFDFDDf@t@HLX^T\Rd@Vd@Pb@Tp@Tv@T`At@bCl@fCZtAPbARbAV~APnAPvADd@@L??@\@T@N?P?VAf@Ad@MjCF@D?@?DCDEDIDQv@iDh@wBPu@Jq@XqCj@uFHs@De@rC{Wn@_GLgAHg@BYLy@NkAxAaJ@CJs@d@sCD]LeANaA^yBTmAn@sDXgBHk@Hc@Da@BY@]?g@Ac@?GA[E@AAE?WGAHEb@??E^ERETEl@Iz@KhAC`ABaAJiAH{@Dm@DUDSD_@Dc@@IVFD?@@DAA[?IAo@CaAAm@CiACsAAyA?wA?S?mA?}A?s@?eB?U?y@?[?g@?E?O?Y?QAe@AMEWCUM]Q]A?EECCGKCKAI?I?I?M@E@SBg@BYHc@BW@[B[@W?WAq@IqCA]CYCSWoBS}AGa@My@WyAUuAIF]Ty@p@m@l@i@n@EI]w@[w@_@s@_@o@U]q@}@SQMIKGMCYGk@I]EG`C?HCjAC|@?x@AXAjB?~A?~@?~C?t@BH?T?NCL?f@?J?R@JPxE@R?NBx@?R?H@V@|@?T?B@d@@b@@fA@t@?\Az@I?s@Ei@AM@GFETA^G~BA`AE|@Gn@In@Kl@GX]fACHEECCUYADGNg@|AEN	Click to Generate
S26	30	1			3	Birley Spa Primary Academy (S26)	Birley Spa (S26)	Our Lady of Lourdes (S26)	2496	1872	ubrdIpanG??E`@AHE\CJERKb@M^Wg@u@fBMP_@l@SZKSEIIEI?GFU^y@qBEEEAEFsArBrAsBDGD@DDRf@d@hAT_@FGH?HDDHJRMRc@p@CHCHETCT?TBZHX\v@Pb@N`@`CdGVa@LSNUdA}ALONKPGPCb@@`@??}@@qBQ_@QYm@cAGI{@sASYm@_AGKa@o@Wg@m@gAWk@GFKHEACGi@mAYg@_@e@a@e@WOK?e@@[AO?E?e@Ed@DD?j@@d@AJ?VN`@d@^d@Xf@h@lABFD@JIFGVj@l@fAVf@L_@Jc@DSBKD]@IDa@@_@@a@@i@?a@@_@B]Fa@?ABQNyAPoAb@sDHo@@IDQHSHOPQNIBLBVF\Ld@L^Vj@lAhByBjFIPIReA`CSWMOMEMCOAO?Ah@A`@A^	Click to Generate
S26	20	1			3	Meraki (S26)	Frecheville Post Office (S26)	St Cyprian (S26)	1866	1400	m|rdIb}pGCFW\EBE?KMzCcFT]DGDI`@o@N\m@~@qCpEW\EBE?KMzCcFT]DGDI`@o@V_@V_@d@q@n@aAJOl@_ANU`@q@DJ@H?JAHuBfDMT_@n@E@A@C?IEMKW^W^N\Zz@N\L\N\l@}@pD{FPYr@cA`AaBrAfDuBdD{@tA_@j@uBdD_@j@sAgDO]M]O][{@{DhG	Click to Generate
S26	20	1			3	The Fairway (S26)	Birley Health Centre (S26)	The Birley Academy (S26)	2045	1534	mnqdIjyoGDCTGXKNC^Kd@I\AfAC~@AX?LALADAB?@AHbA@P@AB???TI\C??]BUH??C?A@@VDj@@V@T?T@`@@z@BlB?X@R@JDv@Bb@?DDj@@TDn@BT@H@NFf@H~@ZfEw@J_@F??^Gv@K[gEc@J]JYF_AL[D}Fr@u@J{@Jk@@NnE~Cc@??FCBEXEB?H?BDJZ^fB_@gBK[CEI?C?YDCDGB_Db@OoEj@Az@Kt@KQmECUAWAYUwECc@I_AMoAOgASsAn@_@j@W	Click to Generate
S26	20	1			3	Meraki (S26)	Frecheville Post Office (S26)	St Cyprian (S26)	1866	1400	y|rdIt}pGOREBE?KMzCcFT]DGDI`@o@N\m@~@qCpEW\EBE?KMzCcFT]DGDI`@o@V_@V_@d@q@n@aAJOl@_ANU`@q@DJ@H?JAHuBfDMT_@n@E@A@C?IEMKW^W^N\Zz@N\L\N\l@}@pD{FPYr@cA`AaBrAfDuBdD{@tA_@j@uBdD_@j@sAgDO]M]O][{@_EpGGH	Click to Generate
S26	20	1			3	The Birley (S26)	Safa (S26)	St Cyprian (S26)	1694	1270	e{rdIj{pGk@~@W\EBE?KMzCcFT]DGDI`@o@V_@V_@LJHDB?@AZv@JTHTYd@M@KMGEI?MP[{@O]V_@V_@d@q@n@aAJOk@oAACi@uAh@tAl@rAKNo@`Ae@p@W^W^N\Zz@N\L\N\l@}@pD{FPYr@cA`AaBrAfDuBdD{@tA_@j@uBdD_@j@sAgDO]M]O][{@sCpE	Click to Generate
S26	20	1			3	Frecheville Post Office (S26)	Kieu’s Nails (S26)	St Cyprian (S26)	1866	1400	_xrdIxvpGqCpEW\EBE?KMzCcFT]DGDI`@o@V_@V_@d@q@n@aAJOl@_ANU`@q@DJ@H?JAHuBfDMT_@n@E@A@C?IEMKW^W^N\{DhGCFW\EBE?KMzCcFT]DGDI`@o@N\Zz@N\L\N\l@}@pD{FPYr@cA`AaBrAfDuBdD{@tA_@j@uBdD_@j@sAgDO]M]O][{@m@~@	Click to Generate
S26	30	1			3	The Fairway (S26)	Birley Health Centre (S26)	The Co-operative Food (S26)	2872	2154	{nqdIryoGRKTGXKNC^Kd@I\AfAC~@AX?LALADAB?@AHbA@P@AB???TI\C??]BUH??C?A@@VDj@@V@T?T@`@@z@BlB?X@R@JDv@Bb@?DDj@@TDn@BT@H@NFf@H~@ZfEw@J_@F??^Gv@K[gEc@J]JYF_AL[D}Fr@u@J{@Jk@@e@C[IUGME[QUOCA[W_@c@[g@]c@]]UKSKC?GC_AWx@_M?SASGSSk@yAoDo@`AuAxBm@|@GJEFEH{@rAc@r@eAdB_@h@e@t@a@p@C[@IDKj@y@DCPF^i@dAeB~AgCDIDGFKl@}@tAyBn@aAz@wABGPUXg@NSV_@Va@FIb@s@FIpAoBJMDJFHDH@DTj@HRBJDJNf@@DPl@FZHXLr@Pz@R`ATdARjAn@_@\O	Click to Generate
S26	20	1			3	Spa View Community Church (S26)	GoLocal (S26)	Birley Spa (S26)	1446	1084	k}qdIrjmGCMOHQPINIREPAHIn@c@rDQnAOxACP?@G`@KEGAE?G@CAEACG?E?GAGGKUOTNFJ??@F?F?DBFD@B@FAD?F@JDC\A^?`@Ah@A`@A^E`@AHPXJL^`@e@pAK@K^GKa@o@Wg@m@gAWk@GFKHEACGi@mAYg@_@e@a@e@WOK?e@@[AO?E?e@Ed@DD?j@@d@AJ?VN`@d@^d@Xf@h@lABFD@JIFGVj@l@fAVf@L_@Jc@DSBKD]@IDa@@_@@a@@i@?a@@_@B]Fa@?ABQNyAPoAb@sDHo@@IDQHSHOPQNIBL	Click to Generate
S26	60	1			3	The Strad (S26)	Grayson's Plumbing & Heating Supplies (S26)	WD Motors (S26)	5342	4006	yntdIpxnG?kA?q@MeBAo@?}EAUEKIEYASDWDMBOAk@KQ@KDEJ?PB`@?XCHGDG?A?M??T?B@d@@b@@fA@t@?\Az@I?s@Ei@AM@GFETA^G~BA`AE|@Gn@In@Kl@GXIGCCEECHCJMVMKCFEDAF@FADGNg@|Ag@~AABYz@GFG?]AAZ?N`@@ZBD?D@`@sABMHUL_@Nc@HWb@uABI\gAFYJm@Ho@Fo@D}@@aAF_C@_@DUFGLAh@@r@DH?@{@?]Au@AgAAc@Ae@?C?UA}@AW?I?SCy@?OASQyEAK?S?K?g@BM?O?UCI?u@?_D?_A?_B@kB@Y?y@B}@BkA?IFaC\Dj@HXFLBJFLHRPp@|@T\^n@^r@Zv@\v@DHh@o@l@m@x@q@\UHGTtAVxALx@F`@R|AVnBBRBX@\HpC@p@?VAVCZAZCV?T@N@JBLHJFPDDBDDHBP@H?HAHAJAR?VBh@?p@@L@d@?P?X?N?D?f@?Z?x@?T?dB?r@?|A?lA?R?vA@xABrABhA@l@B`A@n@?H@ZE@AAE?WGAHEb@??E^ERETEl@Iz@KhAC`ABaAJiAH{@Dm@DUDSD_@Dc@@IVFD?@@DAA[?IAo@CaAAm@CiACsAAyA?wA?S?mA?}A?s@?eB?U?y@?[?g@?E?O?Y?QAe@AMEWCUM]Q]A?EECCGKCKAI?I?I?M@E@SBg@BYHc@BW@[B[@W?WAq@IqCA]CYCSWoBS}AGa@My@WyAUuAIF]Ty@p@m@l@i@n@EI]w@[w@_@s@_@o@U]q@}@SQMIKGMCYGk@I]EG`C?HCjAC|@?x@AXAjB?~A?~@?~C?t@BH?T?NCL?f@?J?R@JPxE@R?NBx@?R?H@V@|@L?@?F?FEBI?YCa@?QDKJEPAj@JN@LCVEREX@HDDJ@T?|E@n@LdB?p@?jA	Click to Generate
S26	20	1			3	Golden City (S26)	The Sherwood (S26)	St Cyprian (S26)	1787	1340	}{rdIl|pGS\W\EBE?KMzCcFT]DGDI`@o@N\U\iDrFW\EBE?KMzCcFT]DGDI`@o@V_@V_@d@q@IUCE?OOVEC[s@?Ac@r@\t@`@s@DBNW?NBDHTe@p@W^W^N\Zz@N\L\N\l@}@pD{FPYr@cA`AaBrAfDuBdD{@tA_@j@uBdD_@j@sAgDO]M]O][{@kDrF	Click to Generate
S26	45	1			3	The Swan (S26)	The Phoenix Inn (S26)	St John the Evangelist (S26)	3873	2905	kmodItnoG`@RXJB@PJRJTPVZ`@h@r@t@j@b@r@d@E^U|AId@Q|A\NRHZ_CBOTo@HUF[aAi@s@e@k@c@s@u@a@i@W[UQSKQKCAYKa@Si@]ECk@i@c@_@eBaByAsAQIGAQDOHKJYdA[nAG`@_@lBOhA_@`ECVIr@]hCERTNUfC@HBHRZJJLJPHQIMKKKKQGICIAITgCUODS\iCHs@BW^aENiA^mBFa@ZoAXeAJKNIPEF@PHxArAdB`Bb@^j@h@DBh@\`@RXJB@PJRJTPVZ`@h@r@t@j@b@r@d@`Ah@@@`@NXFFBn@LH?b@F`@@d@?l@B^DL@vBj@jA\x@Rt@^VNv@`@`Bx@FDPFZLVHPDzA\dDt@@yA@{@Az@AxAeDu@{A]QEWI[MYMaBy@w@a@WOu@_@y@SkA]wBk@MA_@Em@Ce@?a@Ac@GI?o@MGCYGa@OAAaAi@s@e@k@c@s@u@a@i@W[UQSKQKCAYKa@S	Click to Generate
S26	30	1			3	Stradbroke Community Centre (S26)	Antico (S26)	The Strad (S26)	2747	2060	{vudIbwpGTTMh@EJ?BCF?BENEJEPX`@RZt@lAP\FMp@}BDQ?KUu@Ka@CYA[?_@?UBYDSDSDMFCFUTULOc@d@GTGBELERERCX?T?^@ZBXJ`@Tt@?JEPq@|BGLTd@BDj@fAh@|@DDd@j@BMDOdAoEZoA^aBb@eBT_AH[x@gDEGa@k@OWMUU[S[DMZ{@f@{AZcAPw@BKbAmFNq@\kBHc@f@wBEAE?[Ca@A?O@[\@F?FGL_@L_@f@_Bf@}AFO@EAG@GDEBGLJLWBKBIDDBBHF]fACHc@tAIVOb@M^ITCLa@rAg@vBIb@]jBOp@cAlFCJQv@[bAg@zA[z@ELRZTZLTNV`@j@DFy@fDIZU~@c@dB_@`B[nAeAnEENCLe@k@EEi@}@k@gACEUe@Q]u@mAS[Ya@DQDKDO?CBG?CDKLi@UU	Click to Generate
S26	45	1			3	The Swan (S26)	The Phoenix Inn (S26)	St John the Evangelist (S26)	3869	2902	imodIvnoG^PXJB@PJRJTPVZ`@h@r@t@j@b@r@d@E^U|AId@Q|A\NRHZ_CBOTo@HUF[aAi@s@e@k@c@s@u@a@i@W[UQSKQKCAYKa@Si@]ECk@i@c@_@eBaByAsAQIGAQDOHKJYdA[nAG`@_@lBOhA_@`ECVIr@]hCERTNUfC@HBHRZJJLJPHQIMKKKKQGICIAITgCUODS\iCHs@BW^aENiA^mBFa@ZoAXeAJKNIPEF@PHxArAdB`Bb@^j@h@DBh@\`@RXJB@PJRJTPVZ`@h@r@t@j@b@r@d@`Ah@@@`@NXFFBn@LH?b@F`@@d@?l@B^DL@vBj@jA\x@Rt@^VNv@`@`Bx@FDPFZLVHPDzA\dDt@@yA@{@Az@AxAeDu@{A]QEWI[MYMaBy@w@a@WOu@_@y@SkA]wBk@MA_@Em@Ce@?a@Ac@GI?o@MGCYGa@OAAaAi@s@e@k@c@s@u@a@i@W[UQSKQKCAYK_@Q	Click to Generate
S26	30	1			3	Frecheville Library (S26)	Meraki (S26)	The Co-operative Food (S26)	2503	1877	{srdIfkpGj@nAl@_ANU`@q@d@u@^i@dAeB~AgCDIDGFKl@}@tAyBn@aAxAnDqDtF[f@oB|CaA`Bs@bAQX{BlDu@lAm@|@O]M]O][{@m@~@qCpEW\EBE?KMzCcFT]DGDI`@o@V_@V_@d@q@n@aAJOl@_ANU`@q@d@u@^i@dAeBb@s@z@sADIDGFKl@}@tAyBn@aAz@wABGPUXg@N\@J?JCHGDGAGGOSQTCF{@vAo@`AuAxBm@|@GJEFEH_BfCeAdB_@h@e@t@a@p@OTm@~@k@oA	Click to Generate
S26	60	1			3	Birley Spa Primary Academy (S26)	Safa (S26)	Sleeping Giant (S26)	5985	4489	g`sdItboGJINGRGNCJCAs@Aq@?e@?G@e@Bo@Bk@Fq@JeADc@@Y@_@?]A_@Ca@Ei@Ig@?AKc@WcAk@wBMe@Og@Og@O]k@uAGQy@oBGO`@m@f@m@n@s@z@q@`@[|@o@VQLKLMV[HKXi@HMb@aAj@mA^}@Pc@p@oBDM`@uALe@JNHN@BDLHZLvAD`@D^Fn@Db@LtAB\Hp@F^JZNXPPTJRDNBT@ClA?T?j@B~@Ft@Fv@Jp@Lv@Np@DNJ\Rf@Vj@l@fAu@fBMP_@l@SZKSEIIEI?GFU^y@qBEEEAEFsArBrAsBDGD@DDRf@d@hAT_@FGH?HDDHJRMRc@p@CHCHETCT?TBZHX\v@_@j@QXKVGTCXCjAAl@ATCNEPc@v@g@v@GPEPCV?VDXDL@FXx@DFMRGREVAV@ZDTN^~@~BxArDJVFRBR@R?f@@d@DTFNL`@GJEFEH_BfCeAdB_@h@e@t@a@p@OTm@~@k@oAACi@uAh@tAl@rAl@_ANU`@q@d@u@^i@dAeB~AgCDIDGFKl@}@tAyBn@aAz@wABGPUXg@NSV_@Va@FIb@s@O]CII_@EWAUCa@?e@@c@?M@cF?S@sA?yA?}@@qBQ_@QYm@cAGI{@sASYm@_AGKa@o@Wg@m@gAWk@GFKHEACGi@mAYg@_@e@a@e@WOK?e@@k@AE???e@Ed@DD?j@@d@AJ?VN`@d@^d@Xf@h@lABFD@JIFGSg@K]EOOq@Mw@Kq@Gw@Gu@C_A?k@?UBmAUAOCSEUKQQOYK[G_@Iq@C]MuAEc@Go@E_@Ea@MwAI[EMACIOKOMd@a@tAELq@nBQb@_@|@k@lAc@`AILYh@IJWZMLMJWP}@n@a@Z{@p@o@r@g@l@a@l@FNx@nBFPj@tAN\Nf@Nf@Ld@j@vBVbAJb@?@Hf@Dh@B`@@^?\A^AXEb@KdAGp@Cj@Cn@Ad@?F?d@@p@@r@KBOBSFOFKH	Click to Generate
S26	60	1			3	Sleeping Giant (S26)	St John Fisher Primary, A Catholic Voluntary Academy (S26)	Spa View Community Church (S26)	6727	5045	u_sdI~dlGAfBCpAC~AG`CGjAI`AEb@Eh@MbAM|@UrAUfASv@Sx@O`@]dAc@~@i@nAcErFoGnFkFlEWb@MPEJOZAHAJAR?VBh@?p@@L@d@?P?XJ@R?\BNBVHB@PJ\Z`@V\VZTTFJB\D\Af@Eb@ORKLIVUZ]Xa@HMJQTg@JYN_@La@Lc@Pm@ZcAPi@@ALc@\y@L[LYBIN[Xi@T[Va@`@m@f@m@n@s@z@q@`@[|@o@VQLKLMV[HKXi@HMb@aAj@mA^}@Pc@p@oBDM`@uALe@JNHN@BDLHZLvAD`@D^Fn@Db@LtAB\Hp@F^JZNXPPTJRDNBT@ClA?T?j@B~@Ft@Fv@Jp@Lv@Np@DNJ\Rf@GFKHEACGi@mAYg@_@e@a@e@WOK?e@@k@AE???e@Ed@DD?j@@d@AJ?VN`@d@^d@Xf@h@lABFD@JIFGVj@l@fAVf@L_@Jc@DSBKD]@IDa@@_@@a@@i@?a@@_@B]Fa@?ABQNyAPoAb@sDHo@@IDQHSHOPQNIGg@I[NKJKHIJALB??MCK@IHKJOJHZFf@OHQPINIREPAHIn@c@rDQnAOxACP?@G`@KEGAE?G@CAEACG?E?GAGGKUOTNFJ??@F?F?DBFD@B@FAD?F@JDC\A^?`@Ah@A`@A^E`@AHE\CJERKb@M^Wg@m@gAWk@Sg@K]EOOq@Mw@Kq@Gw@Gu@C_A?k@?UBmAUAOCSEUKQQOYK[G_@Iq@C]MuAEc@Go@E_@Ea@MwAI[EMACIOKOMd@a@tAELq@nBQb@_@|@k@lAc@`AILYh@IJWZMLMJWP}@n@a@Z{@p@o@r@g@l@a@l@W`@UZYh@OZCHMXMZ]x@Mb@A@Qh@[bAQl@Mb@M`@O^KXUf@KPILY`@[\WTMHSJc@Ng@D]@]EKCUG[U]Wa@W][QKCAWIOC]CS?KA?Y?QAe@AMEWCUM]Q]A?EECCGKCKAI?I?I?M@EBIBEFIFCFAD?FBXGTG`@QjFmEnGoFbEsFh@oAb@_A\eANa@Ry@Rw@TgATsAL}@LcADi@Dc@HaAFkAFaCB_BBqA@gB	Click to Generate
S26	60	1			3	Birley Spa Primary Academy (S26)	Sleeping Giant (S26)	Safa (S26)	5116	3837	c_sdIx~nGTELE?e@?G@e@Bo@Bk@Fq@JeADc@@Y@_@?]A_@Ca@Ei@Ig@?AKc@WcAk@wBMe@Og@Og@O]k@uAGQy@oBGO`@m@f@m@n@s@z@q@`@[|@o@VQLKLMV[HKXi@HMb@aAj@mA^}@Pc@p@oBDM`@uALe@JNHN@BDLHZLvAD`@D^Fn@Db@LtAB\Hp@F^JZNXPPTJRDNBT@ClA?T?j@B~@Ft@Fv@Jp@Lv@Np@DNJ\Rf@Vj@l@fAu@fBMP_@l@SZKSEIIEI?GFU^y@qBEEEAEFsArBrAsBDGD@DDRf@d@hAT_@FGH?HDDHJRMRc@p@CHCHETCT?TBZHX\v@Pb@N`@`CdGVa@LSNUdA}ALONKPGPCb@@`@??}@@qBQ_@QYm@cAGI{@sASYm@_AGKa@o@Wg@m@gAWk@GFKHEACGi@mAYg@_@e@a@e@WOK?e@@k@AE???e@Ed@DD?j@@d@AJ?VN`@d@^d@Xf@h@lABFD@JIFGVj@l@fAVf@`@n@FJl@~@RXz@rAFHl@bAPXP^ApB?|@?xAArA?RAbF?LAb@?d@B`@@TDVH^BHN\c@r@GHW`@W^ORYf@QTCF{@vAo@`AuAxBm@|@GJEFEH_BfCeAdB_@h@e@t@a@p@OTm@~@k@oAACi@uAh@tAl@rAKNo@`Ae@p@W^W^a@n@EHEFU\]u@Qc@]}@K[Qg@Me@Ia@EOKk@K}@Gw@E{@A_A?aAB{@Dw@D_@Fq@Fo@P{Ah@cFBa@?I?S?_@?K?QKqACKEYACQaAEc@Ge@Ei@Em@As@Aq@MDUD	Click to Generate
S26	20	1			3	Birley Spa Primary Academy (S26)	Spa View Community Church (S26)	GoLocal (S26)	2066	1550	eprdIx{mGD?j@@d@AJ?VN`@d@^d@Xf@h@lABFD@JIFGVj@l@fAu@fBMP_@l@SZKSEIIEI?GFU^y@qBEEEAEFsArBrAsBDGD@DDRf@d@hAT_@FGH?HDDHJRMRc@p@CHCHETCT?TBZHX\v@Pb@N`@`CdGVa@LSNUdA}ALONKPGPCb@@`@??}@@qBQ_@QYm@cAGI{@sASYm@_AGKa@o@L_@Jc@DSBKD]@IDa@@_@@a@@i@?a@@_@B]KEGAE?G@CAEACG?E?GAGGKUOTNFJ??@F?F?DBFD@B@FAD?F@JDC\A^?`@Ah@A`@A^E`@AHPXJL^`@e@pAK@K^GKa@o@Wg@m@gAWk@GFKHEACGi@mAYg@_@e@a@e@WOK?e@@k@AE?	Click to Generate
S26	20	1			3	GoLocal (S26)	Our Lady of Lourdes (S26)	Birley Spa (S26)	2004	1503	{crdI|ymG@F?F?DBFD@B@FAD?F@JDC\A^?`@Ah@A`@A^E`@AHPXJL^`@e@pAK@K^GKa@o@L_@Jc@DSBKD]@IDa@@_@@a@@i@?a@@_@B]Fa@?ABQNyAPoAb@sDHo@@IDQHSHOPQNIBLBVF\Ld@L^Vj@lAhBNTHLNPVRl@`@UzAG^]nBg@xCYbBOv@CRQdAMv@SlACLEDCDKRMLMFm@cAGI{@sASYm@_AGKa@o@Wg@m@gAWk@GFKHEACGi@mAYg@_@e@a@e@WOK?e@@[AO?E?e@Ed@DD?j@@d@AJ?VN`@d@^d@Xf@h@lABFD@JIFGVj@l@fAVf@L_@Jc@DSBKD]@IDa@@_@@a@@i@?a@@_@B]KEGAE?G@CAEACG?E?GAG	Click to Generate
S26	30	1			3	Our Lady of Lourdes (S26)	Birley Spa Primary Academy (S26)	Birley Spa (S26)	2496	1872	oardIf~mG??LBLDLNRVdAaCHSHQxBkFmAiBWk@M_@Me@G]CWCMOHQPINIREPAHIn@c@rDQnAOxACP?@G`@C\A^?`@Ah@A`@A^E`@AHE\CJERKb@M^Wg@u@fBMP_@l@SZKSEIIEI?GFU^y@qBEEEAEFsArBrAsBDGD@DDRf@d@hAT_@FGH?HDDHJRMRc@p@CHCHETCT?TBZHX\v@Pb@N`@`CdGVa@LSNUdA}ALONKPGPCb@@`@??}@@qBQ_@QYm@cAGI{@sASYm@_AGKa@o@Wg@m@gAWk@GFKHEACGi@mAYg@_@e@a@e@WOK?e@@[AO?E?e@Ed@DD?j@@d@AJ?VN`@d@^d@Xf@h@lABFD@JIFGVj@l@fAVf@L_@Jc@DSBKD]@IDa@@_@@a@@i@N?N@	Click to Generate
S26	20	1			3	Meraki (S26)	Frecheville Post Office (S26)	St Cyprian (S26)	1866	1400	a}rdI|}pGGJEBE?KMzCcFT]DGDI`@o@N\m@~@qCpEW\EBE?KMzCcFT]DGDI`@o@V_@V_@d@q@n@aAJOl@_ANU`@q@DJ@H?JAHuBfDMT_@n@E@A@C?IEMKW^W^N\Zz@N\L\N\l@}@pD{FPYr@cA`AaBrAfDuBdD{@tA_@j@uBdD_@j@sAgDO]M]O][{@_EpGOP	Click to Generate
S26	20	1			3	Frecheville Library (S26)	Safa (S26)	Meraki (S26)	1531	1148	}krdIxvpGz@uAtBeDsAgDaA`Bs@bAQX{BlDu@lAm@|@O]M]O][{@O]V_@V_@d@q@n@aAJOk@oAACi@uAh@tAl@rAKNo@`Ae@p@W^W^N\m@~@qCpEW\EBE?KMzCcFT]DGDI`@o@N\Zz@N\L\N\rAfD^k@tBeD^k@	Click to Generate
S26	20	1			3	Spa View Community Church (S26)	GoLocal (S26)	Birley Spa (S26)	1563	1172	a|qdI`gmGMCK@IHKJOJHZFf@OHQPINIREPAHIn@c@rDQnAOxACP?@G`@KEGAE?G@CAEACG?E?GAGGKUOTNFJ??@F?F?DBFD@B@FAD?F@JDC\A^?`@Ah@A`@A^E`@AHPXJL^`@e@pAK@K^GKa@o@Wg@m@gAWk@GFKHEACGi@mAYg@_@e@a@e@WOK?e@@[AO?E?e@Ed@DD?j@@d@AJ?VN`@d@^d@Xf@h@lABFD@JIFGVj@l@fAVf@L_@Jc@DSBKD]@IDa@@_@@a@@i@?a@@_@B]Fa@?ABQNyAPoAb@sDHo@@IDQHSHOPQNIGg@I[NKJKHIJALB	Click to Generate
S26	30	1			3	The Swan (S26)	Ridgeway Primary School (S26)	The Phoenix Inn (S26)	2887	2165	igndIbbpGGEaBy@w@a@WOu@_@y@SkA]wBk@MA_@Em@Ce@?a@Ac@GI?o@MGCYGa@OAAGZITUn@CN[~BSI]OP}AHe@T}AD_@s@e@k@c@s@u@a@i@W[UQSKQKCAYK_@QAAi@]ECk@i@c@_@eBaByAsAQIGAQDOHKJYdA[nAG`@_@lBOhA_@`ECVIr@]hCERTNUfC@HBHRZJJLJPHQIMKKKKQGICIAITgCUODS\iCHs@BW^aENiA^mBFa@ZoAXeAJKNIPEF@PHxArAdB`Bb@^j@h@DBh@\`@RXJB@PJRJTPVZ`@h@r@t@j@b@r@d@`Ah@@@`@NXFFBn@LH?b@F`@@d@?l@B^DL@vBj@jA\x@Rt@^VNv@`@`Bx@FD	Click to Generate
S26	30	1			3	Richmond Church (S26)	Antico (S26)	The Strad (S26)	2648	1986	equdIhqpGUTGTGBELERERCX?T?^@ZBXJ`@Tt@?JEPq@|BGLQ]u@mAS[Ya@DQDKDO?CBG?CDKLi@UU??TTMh@EJ?BCF?BENEJEPi@u@[e@CEYc@IMW]MSDSTkAH]RaAH]F_@BIDSFYP}@Z{Ax@cEH]TaBTwBJaC@aB?a@GAGGEKAK@MBODIFCDAFBFHBJ@L?DT?dA?T?X?b@@b@?Z@\?T?@?T?T@|@?B?x@?d@??O@[\@F?FGL_@L_@f@_Bf@}AFO@EAG@GDEBGLJLWBKBIDDBBHF]fACHc@tAIVOb@M^ITCLa@rAg@vBIb@]jBOp@cAlFCJQv@[bAg@zA[z@ELRZTZLTNV`@j@DFy@fDIZU~@c@dB_@`B[nAeAnEENCLe@k@EEi@}@k@gACEUe@FMp@}BDQ?KUu@Ka@CYA[?_@?UBYDSDSDMFCFUTU	Click to Generate
S26	60	1			3	Outwood Academy City (S26)	Stradbroke Community Centre (S26)	WD Motors (S26)	7661	5746	k`udInjoGPg@f@}AFO@ETXBBDDBI\gAFYJm@Ho@Fo@D}@@aAF_C@_@DUFGLAh@@r@DH?@{@?]Au@AgAAc@Ae@?C?UL?@?F?FEBI?YCa@?QDKJEPAj@JN@LCVEREX@HDDJ@T?|E@n@LdB?p@?jA?pAAjBG~BI`BHaBF_C@kB?}C?q@MeBAo@?}EAUEKIEYASDWDMBOAk@KQ@KDEJ?PB`@?XCHGDG?A?M??T?B@d@@b@@fA@t@?\Az@ExCGtDAZCf@Gt@M|@Mp@IXIXQd@ITUp@qAxDOb@GRKZKf@Kn@Kp@SpAM~@SbAWpAGTYhAg@nBSt@Ur@Qj@Qj@CHGRy@fDIZU~@c@dB_@`B[nAeAnEENCLe@k@EEi@}@k@gACEUe@FMp@}BDQ?KUu@Ka@CYA[?_@?UBYDSDSDMFCFUTULOc@d@GTGBELERERCX?T?^@ZBXJ`@Tt@?JEPq@|BGLTd@BDj@fAh@|@DDd@j@Z\^d@\n@Zr@\x@FLFJZh@BDFJBFDFDDf@t@HLX^T\Rd@Vd@Pb@Tp@Tv@T`At@bCl@fCZtAPbARbAV~APnAPvADd@@L??@\@T@N?P?VAf@Ad@MjCF@D?@?DCDEDIDQv@iDh@wBPu@Jq@XqCj@uFHs@De@rC{Wn@_GLgAHg@BYLy@NkAxAaJ@CJs@d@sCD]LeANaA^yBTmAn@sDXgBHk@Hc@Da@BY@]?g@Ac@?GA[E@AAE?WGAHEb@??E^ERETEl@Iz@KhAC`ABaAJiAH{@Dm@DUDSD_@Dc@@IVFD?@@DAA[?IAo@CaAAm@CiACsAAyA?wA?S?mA?}A?s@?eB?U?y@?[?g@?E?O?Y?QAe@AMEWCUM]Q]A?EECCGKCKAI?I?I?M@E@SBg@BYHc@BW@[B[@W?WAq@IqCA]CYCSWoBS}AGa@My@WyAUuAIF]Ty@p@m@l@i@n@EI]w@[w@_@s@_@o@U]q@}@SQMIKGMCYGk@I]EG`C?HCjAC|@?x@AXAjB?~A?~@?~C?t@BH?T?NCL?f@?J?R@JPxE@R?NBx@?R?H@V@|@?T?B@d@@b@@fA@t@?\Az@I?s@Ei@AM@GFETA^G~BA`AE|@Gn@In@Kl@GX]fACHEECCUYADGNg@|AQf@	Click to Generate
S26	60	1			3	Outwood Academy City (S26)	Stradbroke Community Centre (S26)	WD Motors (S26)	7590	5692	e_udIxgoGRo@FO@ETXBBDDBI\gAFYJm@Ho@Fo@D}@@aAF_C@_@DUFGLAh@@r@DH?@{@?]Au@AgAAc@Ae@?C?UL?@?F?FEBI?YCa@?QDKJEPAj@JN@LCVEREX@HDDJ@T?|E@n@LdB?p@?jA?pAAjBG~BI`BHaBF_C@kB?}C?q@MeBAo@?}EAUEKIEYASDWDMBOAk@KQ@KDEJ?PB`@?XCHGDG?A?M??T?B@d@@b@@fA@t@?\Az@ExCGtDAZCf@Gt@M|@Mp@IXIXQd@ITUp@qAxDOb@GRKZKf@Kn@Kp@SpAM~@SbAWpAGTYhAg@nBSt@Ur@Qj@Qj@CHGRy@fDIZU~@c@dB_@`B[nAeAnEENCLe@k@EEi@}@k@gACEUe@FMp@}BDQ?KUu@Ka@CYA[?_@?UBYDSDSDMFCFUTULOc@d@GTGBELERERCX?T?^@ZBXJ`@Tt@?JEPq@|BGLTd@BDj@fAh@|@DDd@j@Z\^d@\n@Zr@\x@FLFJZh@BDFJBFDFDDf@t@HLX^T\Rd@Vd@Pb@Tp@Tv@T`At@bCl@fCZtAPbARbAV~APnAPvADd@@L??@\@T@N?P?VAf@Ad@MjCF@D?@?DCDEDIDQv@iDh@wBPu@Jq@XqCj@uFHs@De@rC{Wn@_GLgAHg@BYLy@NkAxAaJ@CJs@d@sCD]LeANaA^yBTmAn@sDXgBHk@Hc@Da@BY@]?g@Ac@?GA[E@AAE?WGAHEb@??E^ERETEl@Iz@KhAC`ABaAJiAH{@Dm@DUDSD_@Dc@@IVFD?@@DAA[?IAo@CaAAm@CiACsAAyA?wA?S?mA?}A?s@?eB?U?y@?[?g@?E?O?Y?QAe@AMEWCUM]Q]A?EECCGKCKAI?I?I?M@E@SBg@BYHc@BW@[B[@W?WAq@IqCA]CYCSWoBS}AGa@My@WyAUuAIF]Ty@p@m@l@i@n@EI]w@[w@_@s@_@o@U]q@}@SQMIKGMCYGk@I]EG`C?HCjAC|@?x@AXAjB?~A?~@?~C?t@BH?T?NCL?f@?J?R@JPxE@R?NBx@?R?H@V@|@?T?B@d@@b@@fA@t@?\Az@I?s@Ei@AM@GFETA^G~BA`AE|@Gn@In@Kl@GX]fACHEECCUYADGNSn@	Click to Generate
S26	60	1			3	Outwood Academy City (S26)	Stradbroke Community Centre (S26)	WD Motors (S26)	7607	5705	o_udIlhoG\cAFO@ETXBBDDBI\gAFYJm@Ho@Fo@D}@@aAF_C@_@DUFGLAh@@r@DH?@{@?]Au@AgAAc@Ae@?C?UL?@?F?FEBI?YCa@?QDKJEPAj@JN@LCVEREX@HDDJ@T?|E@n@LdB?p@?jA?pAAjBG~BI`BHaBF_C@kB?}C?q@MeBAo@?}EAUEKIEYASDWDMBOAk@KQ@KDEJ?PB`@?XCHGDG?A?M??T?B@d@@b@@fA@t@?\Az@ExCGtDAZCf@Gt@M|@Mp@IXIXQd@ITUp@qAxDOb@GRKZKf@Kn@Kp@SpAM~@SbAWpAGTYhAg@nBSt@Ur@Qj@Qj@CHGRy@fDIZU~@c@dB_@`B[nAeAnEENCLe@k@EEi@}@k@gACEUe@FMp@}BDQ?KUu@Ka@CYA[?_@?UBYDSDSDMFCFUTULOc@d@GTGBELERERCX?T?^@ZBXJ`@Tt@?JEPq@|BGLTd@BDj@fAh@|@DDd@j@Z\^d@\n@Zr@\x@FLFJZh@BDFJBFDFDDf@t@HLX^T\Rd@Vd@Pb@Tp@Tv@T`At@bCl@fCZtAPbARbAV~APnAPvADd@@L??@\@T@N?P?VAf@Ad@MjCF@D?@?DCDEDIDQv@iDh@wBPu@Jq@XqCj@uFHs@De@rC{Wn@_GLgAHg@BYLy@NkAxAaJ@CJs@d@sCD]LeANaA^yBTmAn@sDXgBHk@Hc@Da@BY@]?g@Ac@?GA[E@AAE?WGAHEb@??E^ERETEl@Iz@KhAC`ABaAJiAH{@Dm@DUDSD_@Dc@@IVFD?@@DAA[?IAo@CaAAm@CiACsAAyA?wA?S?mA?}A?s@?eB?U?y@?[?g@?E?O?Y?QAe@AMEWCUM]Q]A?EECCGKCKAI?I?I?M@E@SBg@BYHc@BW@[B[@W?WAq@IqCA]CYCSWoBS}AGa@My@WyAUuAIF]Ty@p@m@l@i@n@EI]w@[w@_@s@_@o@U]q@}@SQMIKGMCYGk@I]EG`C?HCjAC|@?x@AXAjB?~A?~@?~C?t@BH?T?NCL?f@?J?R@JPxE@R?NBx@?R?H@V@|@?T?B@d@@b@@fA@t@?\Az@I?s@Ei@AM@GFETA^G~BA`AE|@Gn@In@Kl@GX]fACHEECCUYADGN]bA	Click to Generate
S26	20	1			3	Hair by Lisa (S26)	Frecheville Post Office (S26)	St Cyprian (S26)	1866	1400	g}rdIf~pGA@EBE?KMzCcFT]DGDI`@o@N\gAdBwBjDW\EBE?KMzCcFT]DGDI`@o@V_@V_@d@q@n@aAJOl@_ANU`@q@DJ@H?JAHuBfDMT_@n@E@A@C?IEMKW^W^N\Zz@N\L\N\l@}@pD{FPYr@cA`AaBrAfDuBdD{@tA_@j@uBdD_@j@sAgDO]M]O][{@_EpGUZ	Click to Generate
S26	20	1			3	Frecheville News, Cards & Gifts (S26)	Safa (S26)	St Cyprian (S26)	1683	1262	wsrdIbtpG[w@A@C?IEMKW^W^N\kBvCsAxBW\EBE?KMzCcFT]DGDI`@o@V_@V_@d@q@n@aAJOk@oAACi@uAh@tAl@rAKNo@`Ae@p@W^W^N\Zz@N\L\N\l@}@pD{FPYr@cA`AaBrAfDuBdD{@tA_@j@uBdD_@j@sAgDO]M]O][{@O]V_@V_@LJHDB?@AZv@	Click to Generate
S26	60	1			3	Birley Health Centre (S26)	Birley Primary Academy (S26)	New Loon Fung (S26)	4346	3260	gmqdIf{pG??_Db@OoEj@Az@Kt@K|Fs@ZE~@MXG\Kb@KZfEw@J_@F??^Gv@KFp@Dt@L~ADd@Bd@Bf@@f@?f@@b@?V?RAVARAPE^ERG^I^G\GVGZGTGVIZGRGPGPGPGNOXMVMRQVW`@mAtByAlCINGNGNCRCLAR?^GpH?|Cc@Os@YGEcCkA{@g@SKqBy@_D_BqCuAuAs@[QGC{@a@QKCECCAEACAIAE?I@K@M@OZeBDODUXyAh@iCZ_BLq@|BbBFKFIn@q@FEBKBG@I?K?KI]Qi@Yu@GYCWAW?MFQHMCs@Br@ILGP?L@VBVFXXt@BJL\H\?J?JAHCFCJGDo@p@kAuFEKCIBY@[?sE?o@@{A?k@@o@@a@@[JkAb@kG@E~@VFBB?RJTJT_ALk@Lu@Hq@Bi@Dq@J}EHqDB}@@GB_@D[BI@GBGHUNQFIJMhAoAFZHXPMXS@?v@a@j@YTERARBPHFHBBFPDXHd@@DB\Fr@Dr@DnA_@JOBYJUFSJ]No@^RrANfALnAH~@Bb@TvE@X@VBTPlEu@J{@Jk@@NnE~Cc@??	Click to Generate
S26	20	1			3	Safa (S26)	St Cyprian (S26)	Frecheville Library (S26)	1579	1184	_jrdItapGc@r@eAdB_@h@e@t@a@p@OTm@~@k@oAACi@uAh@tAl@rAKNo@`Ae@p@W^W^N\Zz@N\L\N\rAfD^k@tBeD^k@z@uAtBeDsAgDaA`Bs@bAQX{BlDu@lAm@|@O]M]O][{@O]V_@V_@d@q@n@aAJOl@_ANU`@q@d@u@^i@dAeBb@s@	Click to Generate
S26	20	1			3	Birley Wood Golf Club (S26)	UK Welder (S26)	Birley Health Centre (S26)	1511	1133	s`qdInyoG]BLxAz@J??{@KMyAUH??C?A@AQIcAA@C?E@M@M@Y?_A@gAB]@e@H_@JC?KBYJUFq@Zo@^RrANfALnAH~@Bb@TvE@X@VBTPlE|Fs@ZE~@MXG\Kb@KZfEw@J_@F??^Gv@K[gEI_AGg@AOAICUEo@AUEk@?ECc@Ew@AKAS?YCmBA{@Aa@?UAUAWEk@AW@AB???TI\C	Click to Generate
S26	20	1			3	Golden City (S26)	The Sherwood (S26)	St Cyprian (S26)	1787	1340	g|rdIz|pGINW\EBE?KMzCcFT]DGDI`@o@N\U\iDrFW\EBE?KMzCcFT]DGDI`@o@V_@V_@d@q@IUCE?OOVEC[s@?Ac@r@\t@`@s@DBNW?NBDHTe@p@W^W^N\Zz@N\L\N\l@}@pD{FPYr@cA`AaBrAfDuBdD{@tA_@j@uBdD_@j@sAgDO]M]O][{@uD`G	Click to Generate
S26	60	1			3	Birley Wood Golf Club (S26)	Queens Head (S26)	The Swan (S26)	6778	5084	e_pdItdpGGICIAITgCUOEXMbAStACTIn@Kv@M~@UvAUnAu@bDaA~CiArDy@lCg@~Ac@~Aw@pCgDjLGPk@~AITmAtC{CpGuB`EkAfCYr@OZEGKSCGg@iBIUMMMMQGSKk@S?}CFqH?_@@SBMBSFOFOHOxAmClAuBVa@PWLSLWNYFOFQFQFQFSH[FWFUF[FWF]H_@F_@DSD_@@Q@S@W?S?WAc@?g@Ag@Cg@Ce@Ee@M_BEu@Gq@[gEI_AGg@AOAICUEo@AUEk@?ECc@Ew@AKAS?YCmBA{@Aa@?UAUAWEk@AW@AB???TILxAz@J??{@KMyAUH??C?A@@VDj@@V@T?T@`@@z@BlB?X@R@JDv@Bb@?DDj@@TDn@BT@H@NFf@H~@ZfEFp@Dt@L~ADd@Bd@Bf@@f@?f@@b@?V?RAVARAPE^ERG^I^G\GVGZGTGVIZGRGPGPGPGNOXMVMRQVW`@mAtByAlCINGNGNCRCLAR?^GpH?|Cj@RRJPFLLLLHTf@hBBFJRDFN[Xs@jAgCtBaEzCqGlAuCHUj@_BFQfDkLv@qCb@_Bf@_Bx@mChAsD`A_Dt@cDToATwAL_AJw@Ho@BURuALcADYDS\iCHs@BW^aENiA^mBFa@ZoAXeAJKNIPEF@PHxArAdB`Bb@^j@h@DBh@\??`@RXJB@PJRJTPVZ`@h@r@t@j@b@r@d@E^U|AId@Q|A\NRHZ_CBOTo@HUF[aAi@s@e@k@c@s@u@a@i@W[UQSKQKCAYKa@Si@]ECk@i@c@_@eBaByAsAQIGAQDOHKJYdA[nAG`@_@lBOhA_@`ECVIr@]hCERTNUfC@HBHFH	Click to Generate
S26	15	1			3	Golden City (S26)	Bullie Ink Tattoo Collective (S26)	St Cyprian (S26)	1408	1056	kvrdI|mpGZr@DBNW?NBDHTe@p@W^W^N\U\iCdE_@l@W\EBE?KMzCcFT]DGDI`@o@N\Zz@N\L\N\l@}@pD{FPYr@cA`AaBrAfDuBdD{@tA_@j@uBdD_@j@sAgDO]M]O][{@O]V_@V_@d@q@IUCE?OOVEC[s@	Click to Generate
S26	60	1			3	Grayson's Plumbing & Heating Supplies (S26)	Outwood Academy City (S26)	WD Motors (S26)	5652	4239	}|tdI|coGBIDDBBHF]fACHc@tAIVOb@M^ITCLa@rAEAE?[Ca@A?O@[\@F?FGX{@@Cf@_Bf@}AFO@ETXBBDDBI\gAFYJm@Ho@Fo@D}@@aAF_C@_@DUFGLAh@@r@DH?@{@?]Au@AgAAc@Ae@?C?UL?@?F?FEBI?YCa@?QDKJEPAj@JN@LCVEREX@HDDJ@T?|E@n@LdB?p@?jA?pAAjBG~BI`BHaBF_C@kB?}C?q@MeBAo@?}EAUEKIEYASDWDMBOAk@KQ@KDEJ?PB`@?XCHGDG?A?M?A}@AW?I?SCy@?OASQyEAK?S?K?g@BM?O?UCI?u@?_D?_A?_B@kB@Y?y@B}@BkA?IFaC\Dj@HXFLBJFLHRPp@|@T\^n@^r@Zv@\v@DHh@o@l@m@x@q@\UHGTtAVxALx@F`@R|AVnBBRBX@\HpC@p@?VAVCZAZCV?T@N@JBLHJFPDDBDDHBP@H?HAHAJAR?VBh@?p@@L@d@?P?X?N?D?f@?Z?x@?T?dB?r@?|A?lA?R?vA@xABrABhA@l@B`A@n@?H@ZE@AAE?WGAHEb@??E^ERETEl@Iz@KhAC`ABaAJiAH{@Dm@DUDSD_@Dc@@IVFD?@@DAA[?IAo@CaAAm@CiACsAAyA?wA?S?mA?}A?s@?eB?U?y@?[?g@?E?O?Y?QAe@AMEWCUM]Q]A?EECCGKCKAI?I?I?M@E@SBg@BYHc@BW@[B[@W?WAq@IqCA]CYCSWoBS}AGa@My@WyAUuAIF]Ty@p@m@l@i@n@EI]w@[w@_@s@_@o@U]q@}@SQMIKGMCYGk@I]EG`C?HCjAC|@?x@AXAjB?~A?~@?~C?t@BH?T?NCL?f@?J?R@JPxE@R?NBx@?R?H@V@|@?T?B@d@@b@@fA@t@?\Az@I?s@Ei@AM@GFETA^G~BA`AE|@Gn@In@Kl@GXIGCCEECH	Click to Generate
S26	60	1			3	Queens Head (S26)	St John the Evangelist (S26)	The Phoenix Inn (S26)	4261	3196	qaodIbzoGHUF[aAi@s@e@k@c@s@u@a@i@W[UQSKQKCAYKa@Si@]ECk@i@c@_@eBaByAsAQIGAQDOHKJF_@DYDa@DJJb@FNF@PHxArAdB`Bb@^j@h@DBh@\??`@RXJB@PJRJTPVZ`@h@r@t@j@b@r@d@`Ah@@@`@NXFFBn@LH?b@F`@@d@?l@B^DL@vBj@jA\x@Rt@^VNv@`@`Bx@FDPFZLVHPDzA\dDt@@yA@{@Az@AxAeDu@{A]QEWI[MYMaBy@w@a@WOu@_@y@SkA]wBk@MA_@Em@Ce@?a@Ac@GI?o@MGCYGa@OAAaAi@s@e@k@c@s@u@a@i@W[UQSKQKCAYKa@Si@]ECk@i@c@_@eBaByAsAQIGAQDOHKJYdA[nAG`@_@lBOhA_@`ECVIr@]hCERTNUfC@HBHRZJJLJPHQIMKKKKQGICIAITgCUODS\iCHs@BW^aENiA^mBFa@ZoAXeAJKNIPEF@PHxArAdB`Bb@^j@h@DBh@\`@RXJB@PJRJTPVZ`@h@r@t@j@b@r@d@`Ah@GZIT	Click to Generate
S26	20	1			3	The Birley (S26)	Safa (S26)	St Cyprian (S26)	1694	1270	szrdIrzpG}@vAW\EBE?KMzCcFT]DGDI`@o@V_@V_@LJHDB?@AZv@JTHTYd@M@KMGEI?MP[{@O]V_@V_@d@q@n@aAJOk@oAACi@uAh@tAl@rAKNo@`Ae@p@W^W^N\Zz@N\L\N\l@}@pD{FPYr@cA`AaBrAfDuBdD{@tA_@j@uBdD_@j@sAgDO]M]O][{@aCxD	Click to Generate
S26	15	1			3	The Fairway (S26)	Birley Health Centre (S26)	Birley Wood Golf Club (S26)	1381	1036	klqdInxoGB?^Kd@I\AfAC~@AX?LALADAB?@AHbA@P@AB???TI\C??]BUH??C?A@@VDj@@V@T?T@`@@z@BlB?X@R@JDv@Bb@?DDj@@TDn@BT@H@NFf@H~@ZfEw@J_@F??^Gv@K[gEI_AGg@AOAICUEo@AUEk@?ECc@Ew@AKAS?YCmBA{@Aa@?UAUAWEk@AW@AB???TILxAz@J??{@KMyAUH??C?A@AQIcAA@C?E@M@M@Y?_A@gAB]@e@H_@JC?	Click to Generate
S26	60	1			3	Outwood Academy City (S26)	Scowerdons Community Centre (S26)	The Strad (S26)	9849	7387	s_tdIvpoG?GAc@?GA[A[?IAo@CaAAm@CiACsAAyA?wA?S?mA?}A?s@?eB?U?y@?[?g@?E?O?Y?QAe@AMEWCUM]Q]A?EECCGKCKAI?I?I?M@E@SBg@BYHc@BW@[B[@W?WAq@IqCA]CYCSWoBS}AGa@My@WyAUuAIF]Ty@p@m@l@i@n@EI]w@[w@_@s@_@o@U]q@}@SQMIKGMCYGk@I]EG`C?HCjAC|@?x@AXAjB?~A?~@?~C?t@BH?T?NCL?f@?J?R@JPxE@R?NBx@?R?H@V@|@L?@?F?FEBI?YCa@?QDKJEPAj@JN@LCVEREX@HDDJ@T?|E@n@LdB?p@?jA?pAAjBG~BI`BHaBF_C@kB?}C?q@MeBAo@?}EAUEKIEYASDWDMBOAk@KQ@KDEJ?PB`@?XCHGDG?A?M?A}@AW?I?SCy@?OASQyEAK?S?K?g@BM?O?UCI?u@?_D?_A?_B@kB@Y?y@B}@BkA?IFaC\Dj@HXFLBJFLHRPp@|@T\^n@^r@Zv@\v@DHh@o@l@m@x@q@\UHGTtAVxALx@F`@R|AVnBBRBX@\HpC@p@?VAVCZAZCV?T@N@JBLHJFPDDBDDHBP@H?HAHAJAR?VBh@?p@@L@d@?P?XJ@R?\BNBVHB@PJ\Z`@V\VZTTFJB\D\Af@Eb@ORKLIVUZ]Xa@HMJQTg@JYN_@La@Lc@Pm@ZcAPi@@ALc@\y@L[LYBIN[Xi@T[Va@FNx@nBFPj@tAN\Nf@Nf@Ld@j@vBVbAJb@?@Hf@Dh@B`@@^?\A^AXEb@KdAGp@Cj@Cn@Ad@?F?d@@p@@r@KBOBSFOFYVWXOTKNUZ_@j@GDGAF@FE^k@T[JONUVYLMJINGRGNCJCAs@Aq@?e@?G@e@Bo@Bk@Fq@JeADc@WIA?QCS?QBGBQFSBO?OCOIQOa@_@GGOMOGMGOCC?K?I@G@UH]P]PA@OFQDO@OCOEQIMIMOACKOKU]}@AAEKY`@[\WTMHSJc@Ng@D]@]EKCUG[U]Wa@W][QKCAWIOC]CS?KA?Y?QAe@AMEWCUM]Q]A?EECCGKCKAI?I?I?M@E@SBg@BYHc@BW@[B[@W?WAq@IqCA]CYCSWoBS}AGa@My@WyAUuAIF]Ty@p@m@l@i@n@EI]w@[w@_@s@_@o@U]q@}@SQMIKGMCYGk@I]EG`C?HCjAC|@?x@AXAjB?~A?~@?~C?t@BH?T?NCL?f@?J?R@JPxE@R?NBx@?R?H@V@|@?T?B@d@@b@@fA@t@?\Az@I?s@Ei@AM@GFETA^G~BA`AE|@Gn@In@Kl@GX]fACHEECCUYAG@GDEBGLJLWBKBIDDBBHFFYJm@Ho@Fo@D}@@aAF_C@_@DUFGLAh@@r@DH?@{@?]Au@AgAAc@Ae@?C?UA}@AW?I?SCy@?OASQyEAK?S?K?g@BM?O?UCI?u@?_D?_A?_B@kB@Y?y@B}@BkA?IFaC\Dj@HXFLBJFLHRPp@|@T\^n@^r@Zv@\v@DHh@o@l@m@x@q@\UHGTtAVxALx@F`@R|AVnBBRBX@\HpC@p@?VAVCZAZCV?T@N@JBLHJFPDDBDDHBP@H?HAHAJAR?VBh@?p@@L@d@?P?X?N?D?f@?Z?x@?T?dB?r@?|A?lA?R?vA@xABrABhA@l@B`A@n@?H@Z@Z?F@b@?F	Click to Generate
S26	60	1			3	Carter Hall Lane (S26)	Birley Health Centre (S26)	The Birley Academy (S26)	6947	5210	otpdIdarG{@u@ITmAtC{CpGuB`EkAfCYr@OZId@ADMn@e@pCShA{@lE{BvLWvAEVKv@Mt@M|@Ed@AHANAFCVDBD@PFrBp@`EzA~@ZJORSJILITINEAe@AYBO@EJ]HSHQJWVe@Vg@@KBOBGVg@^cAr@aCfAkDZoAJ]`@}@l@oAZk@nAiCPWPQ`@W^Sn@U^CFA`@D`@H~@Z\J?n@@HHPIQAI?o@]K_A[a@Ia@Eg@Do@T_@Ra@VQPQVoAhC[j@m@nAa@|@K\[nAgAjDs@`C_@bAWf@CFCNAJWf@Wd@KVIPIRK\ADCN@X@d@ODUHMHKHSRKN_A[aE{AsBq@QGEAECBW@G@O@IDe@L}@Lu@Jw@DWVwAzBwLz@mERiAd@qCLo@@EHe@EGKSCGg@iBIUMMMMQGSKk@S?}CFqH?_@@SBMBSFOFOHOxAmClAuBVa@PWLSLWNYFOFQFQFQFSH[FWFUF[FWF]H_@F_@DSD_@@Q@S@W?S?WAc@?g@Ag@Cg@Ce@Ee@M_BEu@Gq@w@J_@F??^Gv@K[gEc@J]JYF_AL[D}Fr@u@J{@Jk@@NnE~Cc@??FCBEXEB?H?BDJZ^fB_@gBK[CEI?C?YDCDGB_Db@OoEj@Az@Kt@K|Fs@ZE~@MXG\Kb@KZfEFp@Dt@L~ADd@Bd@Bf@@f@?f@@b@?V?RAVARAPE^ERG^I^G\GVGZGTGVIZGRGPGPGPGNOXMVMRQVW`@mAtByAlCINGNGNCRCLAR?^GpH?|Cj@RRJPFLLLLHTf@hBBFJRDFN[Xs@jAgCtBaEzCqGlAuCHUz@t@	Click to Generate
S26	60	1			3	Carter Hall Road, Charnock (S26)	Charnock Hall Road (S26)	The Admiral (S26)	6930	5198	kbsdId~tGPbAPlA@HBR`@?P?^@f@@h@H`AHVBF?^DrANZBN@lBRr@Jv@HTFZJb@Nb@R^Tb@^PPl@n@~@dAVJHBJ@FBH@F?JCH?\m@V[TUBEj@g@LMJKNOJKHIFIFOHUDQLe@Jm@BOf@qCd@}BtAiHNy@Lu@Jo@Jw@PkB@ILcBDBD@PFrBp@hAb@vBv@~@ZJORSJILITINEx@Gx@GPAN@LFPPLTFJDNPr@FXBFH\Rx@Lb@Jb@?BFXDd@?X?ZE\iA|GG^Kb@GRGXU|@IZS~@c@~BiBeA[MECgC}@k@So@U_A]o@SiC}@k@Ug@Qg@Qu@YQEC?d@}BtAiHNy@Lu@Jo@Jw@PkB@ILcBBW@G@O@IDe@L}@Lu@Jw@DWVwAzBwLz@mERiAd@qCLo@@EHe@EGKSCGg@iBIUMMMMQGSKk@Sc@Os@YGEcCkA{@g@SKqBy@_D_BqCuAuAs@[QGC{@a@QKCECCAEACAIAE?I@K@M@OCEAEAGAEMgAEOEUKUIQKKOMgHiDkCoAmCoAkCsAo@Yq@[_@QCCCCACGMfAcBVa@p@gAj@{@LUj@y@HKzCcFT]DGDI`@o@N\_EpGUZA@EBE?KMIJk@x@MTk@z@q@fAW`@gAbBMTe@r@eAdBiAlBiAnBOXKPgBfDWb@OXKPINCFe@x@CFIPEHEFGL[j@c@z@Yr@i@jAUl@e@jAITO^K\CFIPFHDFBF`@~@JVN\BDLZBHZr@hApCtAdD\~@f@`BTv@@DHXT`A?Dt@xCj@xBTbAH\H^r@lCLf@XlAp@rCTbA`@rBjAxGhAdH?@	Click to Generate
S26	60	1			3	Outwood Academy City (S26)	The Strad (S26)	Grayson's Plumbing & Heating Supplies (S26)	5398	4048	eatdIlooG??Dc@@IVFD?@@DAA[?IAo@CaAAm@CiACsAAyA?wA?S?mA?}A?s@?eB?U?y@?[?g@?E?O?Y?QAe@AMEWCUM]Q]A?EECCGKCKAI?I?I?M@E@SBg@BYHc@BW@[B[@W?WAq@IqCA]CYCSWoBS}AGa@My@WyAUuAIF]Ty@p@m@l@i@n@EI]w@[w@_@s@_@o@U]q@}@SQMIKGMCYGk@I]EG`C?HCjAC|@?x@AXAjB?~A?~@?~C?t@BH?T?NCL?f@?J?R@JPxE@R?NBx@?R?H@V@|@L?@?F?FEBI?YCa@?QDKJEPAj@JN@LCVEREX@HDDJ@T?|E@n@LdB?p@?jA?pAAjBG~BI`BHaBF_C@kB?}C?q@MeBAo@?}EAUEKIEYASDWDMBOAk@KQ@KDEJ?PB`@?XCHGDG?A?M??T?B@d@@b@@fA@t@?\Az@I?s@Ei@AM@GFETA^G~BA`AE|@Gn@In@Kl@GXIGCCEECHCJMVMKCFEDAF@FADGNg@|Ag@~AABYz@GFG?]AAZ?N`@@ZBD?D@`@sABMHUL_@Nc@HWb@uABI\gAFYJm@Ho@Fo@D}@@aAF_C@_@DUFGLAh@@r@DH?@{@?]Au@AgAAc@Ae@?C?UA}@AW?I?SCy@?OASQyEAK?S?K?g@BM?O?UCI?u@?_D?_A?_B@kB@Y?y@B}@BkA?IFaC\Dj@HXFLBJFLHRPp@|@T\^n@^r@Zv@\v@DHh@o@l@m@x@q@\UHGTtAVxALx@F`@R|AVnBBRBX@\HpC@p@?VAVCZAZCV?T@N@JBLHJFPDDBDDHBP@H?HAHAJAR?VBh@?p@@L@d@?P?X?N?D?f@?Z?x@?T?dB?r@?|A?lA?R?vA@xABrABhA@l@B`A@n@?H@ZE@AAE?WGAHEb@??	Click to Generate
S26	45	1			3	The Strad (S26)	Outwood Academy City (S26)	Stradbroke Community Centre (S26)	3990	2992	oaudIfmoGL_@f@_Bf@}AFO@EAG@GDEBGLJLWBKBIDDBBHFFYJm@Ho@Fo@D}@@aAF_C@_@DUFGLAh@@r@DH?@{@?]Au@AgAAc@Ae@?C?UL?@?F?FEBI?YCa@?QDKJEPAj@JN@LCVEREX@HDDJ@T?|E@n@LdB?p@?jA?pAAjBG~BI`BHaBF_C@kB?}C?q@MeBAo@?}EAUEKIEYASDWDMBOAk@KQ@KDEJ?PB`@?XCHGDG?A?M??T?B@d@@b@@fA@t@?\Az@ExCGtDAZCf@Gt@M|@Mp@IXIXQd@ITUp@qAxDOb@GRKZKf@Kn@Kp@SpAM~@SbAWpAGTYhAg@nBSt@Ur@Qj@Qj@CHGRy@fDIZU~@c@dB_@`B[nAeAnEENCLe@k@EEi@}@k@gACEUe@FMp@}BDQ?KUu@Ka@CYA[?_@?UBYDSDSDMFCFUTULOc@d@GTGBELERERCX?T?^@ZBXJ`@Tt@?JEPq@|BGLTd@BDj@fAh@|@DDd@j@BMDOdAoEZoA^aBb@eBT_AH[x@gDEGa@k@OWMUU[S[DMZ{@f@{AZcAPw@BKbAmFNq@\kBHc@f@wBEAE?[Ca@A?O@[\@F?FGL_@	Click to Generate
S26	45	1			3	Charnock Hall Road (S26)	Carter Hall Lane (S26)	Carter Hall Road, Charnock (S26)	3650	2738	aipdIbjtGKq@EQUc@KVO^}BbGw@pBELEJQd@K\}@tEKZMVKLOHUDQ?QE_Ao@hA}GD]?[?YEe@GY?CKc@Mc@Sy@I]CGGYQs@EOGKMUQQMGOAQ@y@Fy@FAe@AYBO@EJ]HSHQJWVe@Vg@@KBOBGVg@^cAr@aCfAkDZoAJ]`@}@l@oAZk@nAiCPWPQ`@W^Sn@U^CFA`@D`@H~@Z\J?n@@HHPIQAI?o@]K_A[a@Ia@Eg@Do@T_@Ra@VQPQVoAhC[j@m@nAa@|@K\[nAgAjDs@`C_@bAWf@CFCNAJWf@Wd@KVIPIRK\ADCN@X@d@ODUHMHKHSRKNq@rAO\KVKZOf@_AtCuBeCKKOKx@}HhAb@vBv@~@ZJORSJILITINEx@Gx@GPAN@LFPPLTFJDNPr@p@i@TYNYhBaFBGlCiHPc@HOLIHENAJBLJHJJTd@nAVv@^nAJ\D^?ZA\CVIXq@hBIRTb@DPJp@	Click to Generate
S26	20	1			3	Frecheville Post Office (S26)	St Cyprian (S26)	The Co-operative Food (S26)	2000	1500	gyrdIpxpGiBxCW\EBE?KMzCcFT]DGDI`@o@V_@V_@d@q@n@aAJOl@_ANU`@q@DJ@H?JAHuBfDMT_@n@E@A@C?IEMKW^W^N\Zz@N\L\N\rAfD^k@tBeD^k@z@uAtBeDsAgDnB}CZg@pDuFyAoDo@`AuAxBm@|@GJEFEH{@rAc@r@eAdB_@h@e@t@a@p@OTm@~@KNo@`Ae@p@W^W^N\uAvB	Click to Generate
S26	20	1			3	The Birley (S26)	Safa (S26)	St Cyprian (S26)	1694	1270	izrdI`zpGgAhBW\EBE?KMzCcFT]DGDI`@o@V_@V_@LJHDB?@AZv@JTHTYd@M@KMGEI?MP[{@O]V_@V_@d@q@n@aAJOk@oAACi@uAh@tAl@rAKNo@`Ae@p@W^W^N\Zz@N\L\N\l@}@pD{FPYr@cA`AaBrAfDuBdD{@tA_@j@uBdD_@j@sAgDO]M]O][{@wBfD	Click to Generate
S26	60	1			3	Birley Moor Garden Centre (S26)	Birley Moor Fire Station (S26)	Ridgeway Primary School (S26)	5558	4168	umpdIpxmGGFE?ECEKIm@?OBQFWBS?OAMCKCG[y@oCdERb@LPD?DC??NUOTEBE?MQSc@{A~BgHvKi@z@`@`AL\@T]f@OAGK??FJN@\g@AUM]a@aAh@{@fHwKzA_CnCeE`FyHvBsD~@eBrBkELULSRSxBwBTSHKJKxD_GFLHTDZB`@BpA?HBhCBdABvCBj@Bh@Fn@Dh@Jl@Hf@x@fFLbAPhBHz@@T@`@@`@?D?ZAZE`@EZOh@}@jCaAjCw@hBSh@ADI\EJMl@SlAU|ASbBMlAWvEG~@AXAJUbDDJJb@FNF@PHxArAdB`Bb@^j@h@DBh@\`@RXJB@PJRJTPVZ`@h@]zCw@Uw@WIC@ERaBF{@Bu@CAYK_@QAAi@]ECk@i@c@_@eBaByAsAQIGAGOKc@EKTcD@K@YF_AVwELmARcBT}ARmALm@DKH]@ERi@v@iB`AkC|@kCNi@D[Da@@[?[?EAa@Aa@AUI{@QiBMcAy@gFIg@Km@Ei@Go@Ci@Ck@CwCCeACiC?ICqACa@E[IUGMyD~FKJIJURyBvBSRMRMTsBjE_AdBwBrDaFxHZx@BFBJ@L?NCRGVCP?NHl@DJDBD?FG	Click to Generate
S26	30	1			3	The Birley Academy (S26)	The Fairway (S26)	Birley Wood Golf Club (S26)	2101	1576	_bqdItxpG^Gv@K[gEc@J]JYF_AL[D}Fr@u@J{@Jk@@NnE~Cc@??FCBEXEB?H?BDJZ^fB_@gBK[CEI?C?YDCDGB_Db@OoEj@Az@Kt@K|Fs@ZE~@MXG\Kb@KI_AGg@AOAICUEo@AUEk@?ECc@Ew@AKAS?YCmBA{@Aa@?UAUAWEk@AW@AB???TI\C??]BLxAz@J??{@KMyAUH??C?A@@VDj@@V@T?T@`@@z@BlB?X@R@JDv@Bb@?DDj@@TDn@BT@H@NFf@H~@ZfEw@J_@F	Click to Generate
S26	20	1			3	Meraki (S26)	Frecheville Post Office (S26)	St Cyprian (S26)	1866	1400	q|rdIj}pG??W\EBE?KMzCcFT]DGDI`@o@N\m@~@qCpEW\EBE?KMzCcFT]DGDI`@o@V_@V_@d@q@n@aAJOl@_ANU`@q@DJ@H?JAHuBfDMT_@n@E@A@C?IEMKW^W^N\Zz@N\L\N\l@}@pD{FPYr@cA`AaBrAfDuBdD{@tA_@j@uBdD_@j@sAgDO]M]O][{@_EpG	Click to Generate
S26	30	1			3	Grandpa Joe's Potting Shed (S26)	Birley Caravan Storage (S26)	UK Welder (S26)	2996	2247	qaqdIjnnGFJN@\g@AUM]a@aAh@{@fHwKzA_CRb@Y`@ADAF@HHVNb@Rd@BJDBDBFAZMFAD?E?G@[LG@ECECCKc@iAIWAI@G@EXa@Sc@nCeEZx@BFBJ@L?NCRGVCP?NHl@DJDBD?FG??GFE?ECEKIm@?OBQFWBS?OAMCKCG[y@oCdE{A~BgHvKi@z@KN_@h@KNEFW^CBLXDJDHJd@Jd@Jf@@LF`ABz@@|@?v@Al@Ep@Et@Gx@Ed@Af@Af@?|@@v@?d@Ab@CdBA`@AX?ZAZ?\@V@d@?TB`@@\A@C?E@M@M@Y?_A@gAB]@e@H_@JC?KBYJUFq@Zo@^SkAUeASaAQ{@Ms@IYG[Qm@AEOg@EKCKISUk@AEEIGIEKJQjPwV`@m@FIFIBEFKBCV_@DGJO^i@JO`@`AL\@T]f@OAGK	Click to Generate
S26	30	1			3	Birley Caravan Storage (S26)	Birley Moor Fire Station (S26)	The Fairway (S26)	2450	1838	qrpdIxxmGEBE?MQSc@nCeEZx@BFBJ@L?NCRGVCP?NHl@DJDBD?FG??GFE?ECEKIm@?OBQFWBS?OAMCKCG[y@oCdE{A~BgHvKi@z@`@`AL\@T]f@OAGK??FJN@\g@AUM]a@aAKN_@h@KNEFW^CBLXDJDHJd@Jd@Jf@@LF`ABz@@|@?v@Al@Ep@Et@Gx@Ed@Af@Af@?|@@v@?d@Ab@CdBA`@AX?ZAZ?\@V@d@?TB`@@\HbA@P@AB???TI\C??]BUH??C?A@AQIcAA]Ca@?UAe@AW?]@[?[@Y@a@BeB@c@?e@Aw@?}@@g@@g@De@Fy@Du@Dq@@m@?w@A}@C{@GaAAMKg@Ke@U[EGEMKWFKBCV_@DGJO^i@JOh@{@fHwKzA_CRb@LPD?DC	Click to Generate
S26	30	1			3	The Birley Academy (S26)	St Cyprian (S26)	Frecheville Library (S26)	2659	1994	}}qdIplqGL\H\?J?JAHCFCJGDo@p@kAuFEKCIBY@[?sE?o@x@BD?x@B\@\AXGFAXK^UTOHGZMZGF?|BW~Cc@??FCBEXEB?H?BDJZ^fB_@gBK[CEI?C?YDCDGB_Db@OoEe@C[IUGME[QUOCA[W_@c@[g@]c@]]UKSKC?GC_AWADc@jGKjAMOKOMYYs@IWoA{CuBdD{@tA_@j@uBdD_@j@sAgDl@}@t@mAzBmDPYr@cA`AaBrAfDnAzCHVXr@LXJNLNAZA`@An@?j@AzA?n@?rEAZCXBHDJjAtFn@q@FEBKBG@I?K?KI]M]	Click to Generate
S26	20	1			3	Birley Spa Primary Academy (S26)	Spa View Community Church (S26)	GoLocal (S26)	2042	1532	oordIx{mGZ@d@AJ?VN`@d@^d@Xf@h@lABFD@JIFGVj@l@fAu@fBMP_@l@SZKSEIIEI?GFU^y@qBEEEAEFsArBrAsBDGD@DDRf@d@hAT_@FGH?HDDHJRMRc@p@CHCHETCT?TBZHX\v@Pb@N`@`CdGVa@LSNUdA}ALONKPGPCb@@`@??}@@qBQ_@QYm@cAGI{@sASYm@_AGKa@o@L_@Jc@DSBKD]@IDa@@_@@a@@i@?a@@_@B]KEGAE?G@CAEACG?E?GAGGKUOTNFJ??@F?F?DBFD@B@FAD?F@JDC\A^?`@Ah@A`@A^E`@AHPXJL^`@e@pAK@K^GKa@o@Wg@m@gAWk@GFKHEACGi@mAYg@_@e@a@e@WOK?e@@[A	Click to Generate
S26	20	1			3	Birley Spa (S26)	Golden Plover (S26)	Spa View Community Church (S26)	1967	1475	alrdItinGd@hAT_@FGH?HDDHJRMRc@p@CHCHETCT?TBZHX\v@Pb@N`@`CdGVa@LSNUdA}ALONKPGPCb@@`@??}@@qBQ_@QYm@cAGI{@sASYm@_AGKa@o@Wg@m@gAWk@GFKHEACGi@mAYg@_@e@a@e@WOK?e@@[AO?E?e@Ed@DD?j@@d@AJ?VN`@d@^d@Xf@h@lABFD@JIFGVj@l@fAVf@`@n@FJJ_@JATo@Na@k@o@QY@IDa@@_@@a@@i@?a@@_@B]KEGAE?G@CAEACG?E?GAGGKUOTNFJ??@F?F?DBFD@B@FAD?F@JDC\A^?`@Ah@A`@A^E`@AHE\CJERKb@M^Wg@u@fBMP_@l@SZKSEIIEI?GFU^e@iA	Click to Generate
S26	60	1			3	The Fairway (S26)	Birley Health Centre (S26)	The Phoenix Inn (S26)	5254	3940	g_qdIx|oG{@KMyA\C??]BUH??C?A@@VDj@@V@T?T@`@@z@BlB?X@R@JDv@Bb@?DDj@@TDn@BT@H@NFf@H~@ZfEw@J_@F??^Gv@KFp@Dt@L~ADd@Bd@Bf@@f@?f@@b@?V?RAVARAPE^ERG^I^G\GVGZGTGVIZGRGPGPGPGNOXMVMRQVW`@mAtByAlCINGNGNCRCLAR?^GpH?|Cj@RRJPFLLLLHTf@hBBFJRDFN[Xs@jAgCtBaEzCqGlAuCHUj@_BFQfDkLv@qCb@_Bf@_Bx@mChAsD`A_Dt@cDToATwAL_AJw@Ho@BURuALcADYTNUfC@HBHRZJJLJPHQIMKKKKQGICIAITgCUOEXMbAStACTIn@Kv@M~@UvAUnAu@bDaA~CiArDy@lCg@~Ac@~Aw@pCgDjLGPk@~AITmAtC{CpGuB`EkAfCYr@OZEGKSCGg@iBIUMMMMQGSKk@S?}CFqH?_@@SBMBSFOFOHOxAmClAuBVa@PWLSLWNYFOFQFQFQFSH[FWFUF[FWF]H_@F_@DSD_@@Q@S@W?S?WAc@?g@Ag@Cg@Ce@Ee@M_BEu@Gq@[gEI_AGg@AOAICUEo@AUEk@?ECc@Ew@AKAS?YCmBA{@Aa@?UAUAWEk@AW@AB???TILxAz@J	Click to Generate
S26	20	1			3	Golden City (S26)	The Sherwood (S26)	St Cyprian (S26)	1787	1340	q{rdI|{pG_@l@W\EBE?KMzCcFT]DGDI`@o@N\U\iDrFW\EBE?KMzCcFT]DGDI`@o@V_@V_@d@q@IUCE?OOVEC[s@?Ac@r@\t@`@s@DBNW?NBDHTe@p@W^W^N\Zz@N\L\N\l@}@pD{FPYr@cA`AaBrAfDuBdD{@tA_@j@uBdD_@j@sAgDO]M]O][{@_DbF	Click to Generate
S26	60	1			3	View from Carter Hall Lane to Sunny Bank (S26)	Arnold Avenue in Charnock Hall (S26)	Charnock Hall Road (S26)	5234	3926	ckpdIp`sG_@Bo@T_@Ra@VQPQVoAhC[j@m@nAa@|@K\[nAgAjDs@`C_@bAWf@CFCNAJWf@Wd@KVIPIRK\ADCN@X@d@ODUHMHKHSRKN_A[aE{AsBq@QGEAECBW@G@O@IDe@L}@Lu@Jw@DWVwAzBwLz@mERiAd@qCLo@@EHe@N[Xs@jAgCtBaEzCqGlAuCHUz@t@??{@u@ITmAtC{CpGuB`EkAfCYr@OZId@ADMn@e@pCShA{@lE{BvLWvAEVKv@Mt@M|@Ed@AHANAFCVDBD@PFrBp@`EzA~@ZJORSJILITINEx@Gx@GPAN@LFPPLTFJDNPr@p@i@TYNYhBaFBGlCiHPc@HOLIHENAJBLJHJJTd@nAVv@^nAJ\D^?ZA\CVIXq@hBIRTb@DPJp@Ff@TbB?L?NABCJQf@[dAGLEHGDG@G@IC_BqAKMOQw@pBELEJQd@K\}@tEKZMVKLOHUDQ?QE_Ao@hA}GD]?[?YEe@GY?CKc@Mc@Sy@I]CGGYQs@EOGKMUQQMGOAQ@y@Fy@FAe@AYBO@EJ]HSHQJWVe@Vg@@KBOBGVg@^cAr@aCfAkDZoAJ]`@}@l@oAZk@nAiCPWPQ`@W^Sn@U^C	Click to Generate
S26	45	1			3	Charnock Hall Road (S26)	Arnold Avenue in Charnock Hall (S26)	Carter Hall Lane (S26)	3396	2547	qiqdIdgtGvBv@~@ZJORSJILITINEx@Gx@GPAN@LFPPLTFJDNPr@FXBFH\Rx@Lb@Jb@?BFXDd@?X?ZE\iA|G~@n@PDP?TENIJMLWJ[|@uEJ]Pe@DKDMv@qBNPJL~ApAHBFAFAFEDIFMZeAPg@BK@C?O?MUcBGg@Kq@EQUc@HSp@iBHYBW@]?[E_@K]_@oAWw@e@oAKUIKMKKCO@IDMHINQb@mChHCFiB`FOXUXq@h@Qs@EOGKMUQQMGOAQ@y@Fy@FAe@AYBO@EJ]HSHQJWVe@Vg@@KBOBGVg@^cAr@aCfAkDZoAJ]`@}@l@oAZk@nAiCPWPQ`@W^Sn@U^CFA`@D`@H~@Z\J?n@@HHPIQAI?o@]K_A[a@Ia@Eg@Do@T_@Ra@VQPQVoAhC[j@m@nAa@|@K\[nAgAjDs@`C_@bAWf@CFCNAJWf@Wd@KVIPIRK\ADCN@X@d@ODUHMHKHSRKN_A[wBw@	Click to Generate
S26	45	1			3	Arnold Avenue in Charnock Hall (S26)	Carter Hall Road, Charnock (S26)	Carter Hall Lane (S26)	3693	2770	qwpdIbqtG?BFXDd@?X?ZE\iA|G~@n@PDP?TENIJMLWJ[|@uEJ]Pe@DKDMv@qBNPJL~ApAHBFAFAFEDIFMZeAPg@BK@C?O?MUcBGg@Kq@EQUc@HSp@iBHYBW@]?[E_@K]_@oAWw@e@oAKUIKMKKCO@IDMHINQb@mChHCFiB`FOXUXq@h@Qs@EOGKMUQQMGOAQ@y@Fy@FODUHMHKHSRKNq@rAO\KVKZOf@_AtCuBeCKKOKx@}HhAb@vBv@~@ZJORSJILITINEAe@AYBO@EJ]HSHQJWVe@Vg@@KBOBGVg@^cAr@aCfAkDZoAJ]`@}@l@oAZk@nAiCPWPQ`@W^Sn@U^CFA`@D`@H~@Z\J?n@@HHPIQAI?o@]K_A[a@Ia@Eg@Do@T_@Ra@VQPQVoAhC[j@m@nAa@|@K\[nAgAjDs@`C_@bAWf@CFCNAJWf@Wd@KVIPIRK\ADCN@X@d@x@Gx@GPAN@LFPPLTFJDNPr@FXBFH\Rx@Lb@Jb@	Click to Generate
S26	20	1			3	Safa (S26)	Meraki (S26)	St Cyprian (S26)	1531	1148	cqrdIbupGu@lAm@|@O]M]O][{@O]V_@V_@d@q@n@aAJOk@oAACi@uAh@tAl@rAKNo@`Ae@p@W^W^N\m@~@qCpEW\EBE?KMzCcFT]DGDI`@o@N\Zz@N\L\N\rAfD^k@tBeD^k@z@uAtBeDsAgDaA`Bs@bAQX{BlD	Click to Generate
S26	20	1			3	The Birley (S26)	Safa (S26)	St Cyprian (S26)	1694	1270	}yrdIpypGsAxBW\EBE?KMzCcFT]DGDI`@o@V_@V_@LJHDB?@AZv@JTHTYd@M@KMGEI?MP[{@O]V_@V_@d@q@n@aAJOk@oAACi@uAh@tAl@rAKNo@`Ae@p@W^W^N\Zz@N\L\N\l@}@pD{FPYr@cA`AaBrAfDuBdD{@tA_@j@uBdD_@j@sAgDO]M]O][{@kBvC	Click to Generate
S26	20	1			3	Meraki (S26)	St Cyprian (S26)	Kieu’s Nails (S26)	1657	1243	msrdIxppG_@n@E@A@C?IEMKW^W^N\m@~@qCpEW\EBE?KMzCcFT]DGDI`@o@N\Zz@N\L\N\l@}@pD{FPYr@cA`AaBrAfDuBdD{@tA_@j@uBdD_@j@sAgDO]M]O][{@{DhGCFW\EBE?KMzCcFT]DGDI`@o@V_@V_@LJHDB?@ADA^o@	Click to Generate
S26	15	1			3	Bullie Ink Tattoo Collective (S26)	The Sherwood (S26)	St Cyprian (S26)	1437	1078	gwrdIvupGiCdE_@l@W\EBE?KMzCcFT]DGDI`@o@V_@V_@d@q@IUCE?OOVEC[s@?Ac@r@\t@`@s@DBNW?NBDHTe@p@W^W^N\Zz@N\L\N\l@}@pD{FPYr@cA`AaBrAfDuBdD{@tA_@j@uBdD_@j@sAgDO]M]O][{@U\	Click to Generate
S26	30	1			3	Spa View Community Church (S26)	Birley Spa Primary Academy (S26)	Birley Spa (S26)	2145	1609	oardIhfnGNa@k@o@QY@IDa@@_@@a@@i@?a@@_@B]KEGAE?G@CAEACG?E?GAGGKUOTNFJ??@F?F?DBFD@B@FAD?F@JDC\A^?`@Ah@A`@A^E`@AHE\CJERKb@M^Wg@u@fBMP_@l@SZKSEIIEI?GFU^y@qBEEEAEFsArBrAsBDGD@DDRf@d@hAT_@FGH?HDDHJRMRc@p@CHCHETCT?TBZHX\v@Pb@N`@`CdGVa@LSNUdA}ALONKPGPCb@@`@??}@@qBQ_@QYm@cAGI{@sASYm@_AGKa@o@Wg@m@gAWk@GFKHEACGi@mAYg@_@e@a@e@WOK?e@@[AO?E?e@Ed@DD?j@@d@AJ?VN`@d@^d@Xf@h@lABFD@JIFGVj@l@fAVf@`@n@FJJ_@JATo@	Click to Generate
S26	30	1			3	Spa View Community Church (S26)	Birley Spa Primary Academy (S26)	Birley Spa (S26)	2110	1582	_brdIddnGKMQY@IDa@@_@@a@@i@?a@@_@B]KEGAE?G@CAEACG?E?GAGGKUOTNFJ??@F?F?DBFD@B@FAD?F@JDC\A^?`@Ah@A`@A^E`@AHE\CJERKb@M^Wg@u@fBMP_@l@SZKSEIIEI?GFU^y@qBEEEAEFsArBrAsBDGD@DDRf@d@hAT_@FGH?HDDHJRMRc@p@CHCHETCT?TBZHX\v@Pb@N`@`CdGVa@LSNUdA}ALONKPGPCb@@`@??}@@qBQ_@QYm@cAGI{@sASYm@_AGKa@o@Wg@m@gAWk@GFKHEACGi@mAYg@_@e@a@e@WOK?e@@[AO?E?e@Ed@DD?j@@d@AJ?VN`@d@^d@Xf@h@lABFD@JIFGVj@l@fAVf@L_@Jc@DSBKD]PXJL	Click to Generate
S26	30	1			3	Birley Caravan Storage (S26)	Birley Moor Fire Station (S26)	The Fairway (S26)	2522	1892	mspdI`|mGOc@IWAI@G@EXa@Sc@nCeEZx@BFBJ@L?NCRGVCP?NHl@DJDBD?FG??GFE?ECEKIm@?OBQFWBS?OAMCKCG[y@oCdE{A~BgHvKi@z@`@`AL\@T]f@OAGK??FJN@\g@AUM]a@aAKN_@h@KNEFW^CBLXDJDHJd@Jd@Jf@@LF`ABz@@|@?v@Al@Ep@Et@Gx@Ed@Af@Af@?|@@v@?d@Ab@CdBA`@AX?ZAZ?\@V@d@?TB`@@\HbA@P@AB???TI\C??]BUH??C?A@AQIcAA]Ca@?UAe@AW?]@[?[@Y@a@BeB@c@?e@Aw@?}@@g@@g@De@Fy@Du@Dq@@m@?w@A}@C{@GaAAMKg@Ke@U[EGEMKWFKBCV_@DGJO^i@JOh@{@fHwKzA_CRb@Y`@ADAF@HHVNb@	Click to Generate
S26	45	1			3	The Strad (S26)	Outwood Academy City (S26)	Stradbroke Community Centre (S26)	3990	2992	caudIjloG@Cf@_Bf@}AFO@EAG@GDEBGLJLWBKBIDDBBHFFYJm@Ho@Fo@D}@@aAF_C@_@DUFGLAh@@r@DH?@{@?]Au@AgAAc@Ae@?C?UL?@?F?FEBI?YCa@?QDKJEPAj@JN@LCVEREX@HDDJ@T?|E@n@LdB?p@?jA?pAAjBG~BI`BHaBF_C@kB?}C?q@MeBAo@?}EAUEKIEYASDWDMBOAk@KQ@KDEJ?PB`@?XCHGDG?A?M??T?B@d@@b@@fA@t@?\Az@ExCGtDAZCf@Gt@M|@Mp@IXIXQd@ITUp@qAxDOb@GRKZKf@Kn@Kp@SpAM~@SbAWpAGTYhAg@nBSt@Ur@Qj@Qj@CHGRy@fDIZU~@c@dB_@`B[nAeAnEENCLe@k@EEi@}@k@gACEUe@FMp@}BDQ?KUu@Ka@CYA[?_@?UBYDSDSDMFCFUTULOc@d@GTGBELERERCX?T?^@ZBXJ`@Tt@?JEPq@|BGLTd@BDj@fAh@|@DDd@j@BMDOdAoEZoA^aBb@eBT_AH[x@gDEGa@k@OWMUU[S[DMZ{@f@{AZcAPw@BKbAmFNq@\kBHc@f@wBEAE?[Ca@A?O@[\@F?FGX{@	Click to Generate
S26	20	1			3	The Admiral (S26)	Frecheville Post Office (S26)	St Cyprian (S26)	1515	1136	yxrdI~wpGwBjDUZA@EBE?KMzCcFT]DGDI`@o@V_@V_@d@q@n@aAJOl@_ANU`@q@DJ@H?JAHuBfDMT_@n@E@A@C?IEMKW^W^N\Zz@N\L\N\l@}@pD{FPYr@cA`AaBrAfDuBdD{@tA_@j@uBdD_@j@sAgDO]M]O][{@gAdB	Click to Generate
S26	20	1			3	Frecheville Post Office (S26)	St Cyprian (S26)	The Co-operative Food (S26)	2000	1500	_yrdIfxpGqBbDW\EBE?KMzCcFT]DGDI`@o@V_@V_@d@q@n@aAJOl@_ANU`@q@DJ@H?JAHuBfDMT_@n@E@A@C?IEMKW^W^N\Zz@N\L\N\rAfD^k@tBeD^k@z@uAtBeDsAgDnB}CZg@pDuFyAoDo@`AuAxBm@|@GJEFEH{@rAc@r@eAdB_@h@e@t@a@p@OTm@~@KNo@`Ae@p@W^W^N\mAlB	Click to Generate
S26	60	1			3	Outwood Academy City (S26)	Stradbroke Community Centre (S26)	WD Motors (S26)	7641	5731	_`udIvioGDOf@}AFO@ETXBBDDBI\gAFYJm@Ho@Fo@D}@@aAF_C@_@DUFGLAh@@r@DH?@{@?]Au@AgAAc@Ae@?C?UL?@?F?FEBI?YCa@?QDKJEPAj@JN@LCVEREX@HDDJ@T?|E@n@LdB?p@?jA?pAAjBG~BI`BHaBF_C@kB?}C?q@MeBAo@?}EAUEKIEYASDWDMBOAk@KQ@KDEJ?PB`@?XCHGDG?A?M??T?B@d@@b@@fA@t@?\Az@ExCGtDAZCf@Gt@M|@Mp@IXIXQd@ITUp@qAxDOb@GRKZKf@Kn@Kp@SpAM~@SbAWpAGTYhAg@nBSt@Ur@Qj@Qj@CHGRy@fDIZU~@c@dB_@`B[nAeAnEENCLe@k@EEi@}@k@gACEUe@FMp@}BDQ?KUu@Ka@CYA[?_@?UBYDSDSDMFCFUTULOc@d@GTGBELERERCX?T?^@ZBXJ`@Tt@?JEPq@|BGLTd@BDj@fAh@|@DDd@j@Z\^d@\n@Zr@\x@FLFJZh@BDFJBFDFDDf@t@HLX^T\Rd@Vd@Pb@Tp@Tv@T`At@bCl@fCZtAPbARbAV~APnAPvADd@@L??@\@T@N?P?VAf@Ad@MjCF@D?@?DCDEDIDQv@iDh@wBPu@Jq@XqCj@uFHs@De@rC{Wn@_GLgAHg@BYLy@NkAxAaJ@CJs@d@sCD]LeANaA^yBTmAn@sDXgBHk@Hc@Da@BY@]?g@Ac@?GA[E@AAE?WGAHEb@??E^ERETEl@Iz@KhAC`ABaAJiAH{@Dm@DUDSD_@Dc@@IVFD?@@DAA[?IAo@CaAAm@CiACsAAyA?wA?S?mA?}A?s@?eB?U?y@?[?g@?E?O?Y?QAe@AMEWCUM]Q]A?EECCGKCKAI?I?I?M@E@SBg@BYHc@BW@[B[@W?WAq@IqCA]CYCSWoBS}AGa@My@WyAUuAIF]Ty@p@m@l@i@n@EI]w@[w@_@s@_@o@U]q@}@SQMIKGMCYGk@I]EG`C?HCjAC|@?x@AXAjB?~A?~@?~C?t@BH?T?NCL?f@?J?R@JPxE@R?NBx@?R?H@V@|@?T?B@d@@b@@fA@t@?\Az@I?s@Ei@AM@GFETA^G~BA`AE|@Gn@In@Kl@GX]fACHEECCUYADGNg@|AEN	Click to Generate
S26	30	1			3	Birley Spa Primary Academy (S26)	Birley Spa (S26)	Our Lady of Lourdes (S26)	2496	1872	ubrdIpanG??E`@AHE\CJERKb@M^Wg@u@fBMP_@l@SZKSEIIEI?GFU^y@qBEEEAEFsArBrAsBDGD@DDRf@d@hAT_@FGH?HDDHJRMRc@p@CHCHETCT?TBZHX\v@Pb@N`@`CdGVa@LSNUdA}ALONKPGPCb@@`@??}@@qBQ_@QYm@cAGI{@sASYm@_AGKa@o@Wg@m@gAWk@GFKHEACGi@mAYg@_@e@a@e@WOK?e@@[AO?E?e@Ed@DD?j@@d@AJ?VN`@d@^d@Xf@h@lABFD@JIFGVj@l@fAVf@L_@Jc@DSBKD]@IDa@@_@@a@@i@?a@@_@B]Fa@?ABQNyAPoAb@sDHo@@IDQHSHOPQNIBLBVF\Ld@L^Vj@lAhByBjFIPIReA`CSWMOMEMCOAO?Ah@A`@A^	Click to Generate
S26	20	1			3	Meraki (S26)	Frecheville Post Office (S26)	St Cyprian (S26)	1866	1400	m|rdIb}pGCFW\EBE?KMzCcFT]DGDI`@o@N\m@~@qCpEW\EBE?KMzCcFT]DGDI`@o@V_@V_@d@q@n@aAJOl@_ANU`@q@DJ@H?JAHuBfDMT_@n@E@A@C?IEMKW^W^N\Zz@N\L\N\l@}@pD{FPYr@cA`AaBrAfDuBdD{@tA_@j@uBdD_@j@sAgDO]M]O][{@{DhG	Click to Generate
S26	20	1			3	The Fairway (S26)	Birley Health Centre (S26)	The Birley Academy (S26)	2045	1534	mnqdIjyoGDCTGXKNC^Kd@I\AfAC~@AX?LALADAB?@AHbA@P@AB???TI\C??]BUH??C?A@@VDj@@V@T?T@`@@z@BlB?X@R@JDv@Bb@?DDj@@TDn@BT@H@NFf@H~@ZfEw@J_@F??^Gv@K[gEc@J]JYF_AL[D}Fr@u@J{@Jk@@NnE~Cc@??FCBEXEB?H?BDJZ^fB_@gBK[CEI?C?YDCDGB_Db@OoEj@Az@Kt@KQmECUAWAYUwECc@I_AMoAOgASsAn@_@j@W	Click to Generate
S26	20	1			3	Meraki (S26)	Frecheville Post Office (S26)	St Cyprian (S26)	1866	1400	y|rdIt}pGOREBE?KMzCcFT]DGDI`@o@N\m@~@qCpEW\EBE?KMzCcFT]DGDI`@o@V_@V_@d@q@n@aAJOl@_ANU`@q@DJ@H?JAHuBfDMT_@n@E@A@C?IEMKW^W^N\Zz@N\L\N\l@}@pD{FPYr@cA`AaBrAfDuBdD{@tA_@j@uBdD_@j@sAgDO]M]O][{@_EpGGH	Click to Generate
S26	20	1			3	The Birley (S26)	Safa (S26)	St Cyprian (S26)	1694	1270	e{rdIj{pGk@~@W\EBE?KMzCcFT]DGDI`@o@V_@V_@LJHDB?@AZv@JTHTYd@M@KMGEI?MP[{@O]V_@V_@d@q@n@aAJOk@oAACi@uAh@tAl@rAKNo@`Ae@p@W^W^N\Zz@N\L\N\l@}@pD{FPYr@cA`AaBrAfDuBdD{@tA_@j@uBdD_@j@sAgDO]M]O][{@sCpE	Click to Generate
S26	20	1			3	Frecheville Post Office (S26)	Kieu’s Nails (S26)	St Cyprian (S26)	1866	1400	_xrdIxvpGqCpEW\EBE?KMzCcFT]DGDI`@o@V_@V_@d@q@n@aAJOl@_ANU`@q@DJ@H?JAHuBfDMT_@n@E@A@C?IEMKW^W^N\{DhGCFW\EBE?KMzCcFT]DGDI`@o@N\Zz@N\L\N\l@}@pD{FPYr@cA`AaBrAfDuBdD{@tA_@j@uBdD_@j@sAgDO]M]O][{@m@~@	Click to Generate
S26	30	1			3	The Fairway (S26)	Birley Health Centre (S26)	The Co-operative Food (S26)	2872	2154	{nqdIryoGRKTGXKNC^Kd@I\AfAC~@AX?LALADAB?@AHbA@P@AB???TI\C??]BUH??C?A@@VDj@@V@T?T@`@@z@BlB?X@R@JDv@Bb@?DDj@@TDn@BT@H@NFf@H~@ZfEw@J_@F??^Gv@K[gEc@J]JYF_AL[D}Fr@u@J{@Jk@@e@C[IUGME[QUOCA[W_@c@[g@]c@]]UKSKC?GC_AWx@_M?SASGSSk@yAoDo@`AuAxBm@|@GJEFEH{@rAc@r@eAdB_@h@e@t@a@p@C[@IDKj@y@DCPF^i@dAeB~AgCDIDGFKl@}@tAyBn@aAz@wABGPUXg@NSV_@Va@FIb@s@FIpAoBJMDJFHDH@DTj@HRBJDJNf@@DPl@FZHXLr@Pz@R`ATdARjAn@_@\O	Click to Generate
S26	20	1			3	Spa View Community Church (S26)	GoLocal (S26)	Birley Spa (S26)	1446	1084	k}qdIrjmGCMOHQPINIREPAHIn@c@rDQnAOxACP?@G`@KEGAE?G@CAEACG?E?GAGGKUOTNFJ??@F?F?DBFD@B@FAD?F@JDC\A^?`@Ah@A`@A^E`@AHPXJL^`@e@pAK@K^GKa@o@Wg@m@gAWk@GFKHEACGi@mAYg@_@e@a@e@WOK?e@@[AO?E?e@Ed@DD?j@@d@AJ?VN`@d@^d@Xf@h@lABFD@JIFGVj@l@fAVf@L_@Jc@DSBKD]@IDa@@_@@a@@i@?a@@_@B]Fa@?ABQNyAPoAb@sDHo@@IDQHSHOPQNIBL	Click to Generate
S26	60	1			3	The Strad (S26)	Grayson's Plumbing & Heating Supplies (S26)	WD Motors (S26)	5342	4006	yntdIpxnG?kA?q@MeBAo@?}EAUEKIEYASDWDMBOAk@KQ@KDEJ?PB`@?XCHGDG?A?M??T?B@d@@b@@fA@t@?\Az@I?s@Ei@AM@GFETA^G~BA`AE|@Gn@In@Kl@GXIGCCEECHCJMVMKCFEDAF@FADGNg@|Ag@~AABYz@GFG?]AAZ?N`@@ZBD?D@`@sABMHUL_@Nc@HWb@uABI\gAFYJm@Ho@Fo@D}@@aAF_C@_@DUFGLAh@@r@DH?@{@?]Au@AgAAc@Ae@?C?UA}@AW?I?SCy@?OASQyEAK?S?K?g@BM?O?UCI?u@?_D?_A?_B@kB@Y?y@B}@BkA?IFaC\Dj@HXFLBJFLHRPp@|@T\^n@^r@Zv@\v@DHh@o@l@m@x@q@\UHGTtAVxALx@F`@R|AVnBBRBX@\HpC@p@?VAVCZAZCV?T@N@JBLHJFPDDBDDHBP@H?HAHAJAR?VBh@?p@@L@d@?P?X?N?D?f@?Z?x@?T?dB?r@?|A?lA?R?vA@xABrABhA@l@B`A@n@?H@ZE@AAE?WGAHEb@??E^ERETEl@Iz@KhAC`ABaAJiAH{@Dm@DUDSD_@Dc@@IVFD?@@DAA[?IAo@CaAAm@CiACsAAyA?wA?S?mA?}A?s@?eB?U?y@?[?g@?E?O?Y?QAe@AMEWCUM]Q]A?EECCGKCKAI?I?I?M@E@SBg@BYHc@BW@[B[@W?WAq@IqCA]CYCSWoBS}AGa@My@WyAUuAIF]Ty@p@m@l@i@n@EI]w@[w@_@s@_@o@U]q@}@SQMIKGMCYGk@I]EG`C?HCjAC|@?x@AXAjB?~A?~@?~C?t@BH?T?NCL?f@?J?R@JPxE@R?NBx@?R?H@V@|@L?@?F?FEBI?YCa@?QDKJEPAj@JN@LCVEREX@HDDJ@T?|E@n@LdB?p@?jA	Click to Generate
S26	20	1			3	Golden City (S26)	The Sherwood (S26)	St Cyprian (S26)	1787	1340	}{rdIl|pGS\W\EBE?KMzCcFT]DGDI`@o@N\U\iDrFW\EBE?KMzCcFT]DGDI`@o@V_@V_@d@q@IUCE?OOVEC[s@?Ac@r@\t@`@s@DBNW?NBDHTe@p@W^W^N\Zz@N\L\N\l@}@pD{FPYr@cA`AaBrAfDuBdD{@tA_@j@uBdD_@j@sAgDO]M]O][{@kDrF	Click to Generate
S26	45	1			3	The Swan (S26)	The Phoenix Inn (S26)	St John the Evangelist (S26)	3873	2905	kmodItnoG`@RXJB@PJRJTPVZ`@h@r@t@j@b@r@d@E^U|AId@Q|A\NRHZ_CBOTo@HUF[aAi@s@e@k@c@s@u@a@i@W[UQSKQKCAYKa@Si@]ECk@i@c@_@eBaByAsAQIGAQDOHKJYdA[nAG`@_@lBOhA_@`ECVIr@]hCERTNUfC@HBHRZJJLJPHQIMKKKKQGICIAITgCUODS\iCHs@BW^aENiA^mBFa@ZoAXeAJKNIPEF@PHxArAdB`Bb@^j@h@DBh@\`@RXJB@PJRJTPVZ`@h@r@t@j@b@r@d@`Ah@@@`@NXFFBn@LH?b@F`@@d@?l@B^DL@vBj@jA\x@Rt@^VNv@`@`Bx@FDPFZLVHPDzA\dDt@@yA@{@Az@AxAeDu@{A]QEWI[MYMaBy@w@a@WOu@_@y@SkA]wBk@MA_@Em@Ce@?a@Ac@GI?o@MGCYGa@OAAaAi@s@e@k@c@s@u@a@i@W[UQSKQKCAYKa@S	Click to Generate
S26	30	1			3	Stradbroke Community Centre (S26)	Antico (S26)	The Strad (S26)	2747	2060	{vudIbwpGTTMh@EJ?BCF?BENEJEPX`@RZt@lAP\FMp@}BDQ?KUu@Ka@CYA[?_@?UBYDSDSDMFCFUTULOc@d@GTGBELERERCX?T?^@ZBXJ`@Tt@?JEPq@|BGLTd@BDj@fAh@|@DDd@j@BMDOdAoEZoA^aBb@eBT_AH[x@gDEGa@k@OWMUU[S[DMZ{@f@{AZcAPw@BKbAmFNq@\kBHc@f@wBEAE?[Ca@A?O@[\@F?FGL_@L_@f@_Bf@}AFO@EAG@GDEBGLJLWBKBIDDBBHF]fACHc@tAIVOb@M^ITCLa@rAg@vBIb@]jBOp@cAlFCJQv@[bAg@zA[z@ELRZTZLTNV`@j@DFy@fDIZU~@c@dB_@`B[nAeAnEENCLe@k@EEi@}@k@gACEUe@Q]u@mAS[Ya@DQDKDO?CBG?CDKLi@UU	Click to Generate
S26	45	1			3	The Swan (S26)	The Phoenix Inn (S26)	St John the Evangelist (S26)	3869	2902	imodIvnoG^PXJB@PJRJTPVZ`@h@r@t@j@b@r@d@E^U|AId@Q|A\NRHZ_CBOTo@HUF[aAi@s@e@k@c@s@u@a@i@W[UQSKQKCAYKa@Si@]ECk@i@c@_@eBaByAsAQIGAQDOHKJYdA[nAG`@_@lBOhA_@`ECVIr@]hCERTNUfC@HBHRZJJLJPHQIMKKKKQGICIAITgCUODS\iCHs@BW^aENiA^mBFa@ZoAXeAJKNIPEF@PHxArAdB`Bb@^j@h@DBh@\`@RXJB@PJRJTPVZ`@h@r@t@j@b@r@d@`Ah@@@`@NXFFBn@LH?b@F`@@d@?l@B^DL@vBj@jA\x@Rt@^VNv@`@`Bx@FDPFZLVHPDzA\dDt@@yA@{@Az@AxAeDu@{A]QEWI[MYMaBy@w@a@WOu@_@y@SkA]wBk@MA_@Em@Ce@?a@Ac@GI?o@MGCYGa@OAAaAi@s@e@k@c@s@u@a@i@W[UQSKQKCAYK_@Q	Click to Generate
S26	30	1			3	Frecheville Library (S26)	Meraki (S26)	The Co-operative Food (S26)	2503	1877	{srdIfkpGj@nAl@_ANU`@q@d@u@^i@dAeB~AgCDIDGFKl@}@tAyBn@aAxAnDqDtF[f@oB|CaA`Bs@bAQX{BlDu@lAm@|@O]M]O][{@m@~@qCpEW\EBE?KMzCcFT]DGDI`@o@V_@V_@d@q@n@aAJOl@_ANU`@q@d@u@^i@dAeBb@s@z@sADIDGFKl@}@tAyBn@aAz@wABGPUXg@N\@J?JCHGDGAGGOSQTCF{@vAo@`AuAxBm@|@GJEFEH_BfCeAdB_@h@e@t@a@p@OTm@~@k@oA	Click to Generate
S26	60	1			3	Birley Spa Primary Academy (S26)	Safa (S26)	Sleeping Giant (S26)	5985	4489	g`sdItboGJINGRGNCJCAs@Aq@?e@?G@e@Bo@Bk@Fq@JeADc@@Y@_@?]A_@Ca@Ei@Ig@?AKc@WcAk@wBMe@Og@Og@O]k@uAGQy@oBGO`@m@f@m@n@s@z@q@`@[|@o@VQLKLMV[HKXi@HMb@aAj@mA^}@Pc@p@oBDM`@uALe@JNHN@BDLHZLvAD`@D^Fn@Db@LtAB\Hp@F^JZNXPPTJRDNBT@ClA?T?j@B~@Ft@Fv@Jp@Lv@Np@DNJ\Rf@Vj@l@fAu@fBMP_@l@SZKSEIIEI?GFU^y@qBEEEAEFsArBrAsBDGD@DDRf@d@hAT_@FGH?HDDHJRMRc@p@CHCHETCT?TBZHX\v@_@j@QXKVGTCXCjAAl@ATCNEPc@v@g@v@GPEPCV?VDXDL@FXx@DFMRGREVAV@ZDTN^~@~BxArDJVFRBR@R?f@@d@DTFNL`@GJEFEH_BfCeAdB_@h@e@t@a@p@OTm@~@k@oAACi@uAh@tAl@rAl@_ANU`@q@d@u@^i@dAeB~AgCDIDGFKl@}@tAyBn@aAz@wABGPUXg@NSV_@Va@FIb@s@O]CII_@EWAUCa@?e@@c@?M@cF?S@sA?yA?}@@qBQ_@QYm@cAGI{@sASYm@_AGKa@o@Wg@m@gAWk@GFKHEACGi@mAYg@_@e@a@e@WOK?e@@k@AE???e@Ed@DD?j@@d@AJ?VN`@d@^d@Xf@h@lABFD@JIFGSg@K]EOOq@Mw@Kq@Gw@Gu@C_A?k@?UBmAUAOCSEUKQQOYK[G_@Iq@C]MuAEc@Go@E_@Ea@MwAI[EMACIOKOMd@a@tAELq@nBQb@_@|@k@lAc@`AILYh@IJWZMLMJWP}@n@a@Z{@p@o@r@g@l@a@l@FNx@nBFPj@tAN\Nf@Nf@Ld@j@vBVbAJb@?@Hf@Dh@B`@@^?\A^AXEb@KdAGp@Cj@Cn@Ad@?F?d@@p@@r@KBOBSFOFKH	Click to Generate
S26	60	1			3	Sleeping Giant (S26)	St John Fisher Primary, A Catholic Voluntary Academy (S26)	Spa View Community Church (S26)	6727	5045	u_sdI~dlGAfBCpAC~AG`CGjAI`AEb@Eh@MbAM|@UrAUfASv@Sx@O`@]dAc@~@i@nAcErFoGnFkFlEWb@MPEJOZAHAJAR?VBh@?p@@L@d@?P?XJ@R?\BNBVHB@PJ\Z`@V\VZTTFJB\D\Af@Eb@ORKLIVUZ]Xa@HMJQTg@JYN_@La@Lc@Pm@ZcAPi@@ALc@\y@L[LYBIN[Xi@T[Va@`@m@f@m@n@s@z@q@`@[|@o@VQLKLMV[HKXi@HMb@aAj@mA^}@Pc@p@oBDM`@uALe@JNHN@BDLHZLvAD`@D^Fn@Db@LtAB\Hp@F^JZNXPPTJRDNBT@ClA?T?j@B~@Ft@Fv@Jp@Lv@Np@DNJ\Rf@GFKHEACGi@mAYg@_@e@a@e@WOK?e@@k@AE???e@Ed@DD?j@@d@AJ?VN`@d@^d@Xf@h@lABFD@JIFGVj@l@fAVf@L_@Jc@DSBKD]@IDa@@_@@a@@i@?a@@_@B]Fa@?ABQNyAPoAb@sDHo@@IDQHSHOPQNIGg@I[NKJKHIJALB??MCK@IHKJOJHZFf@OHQPINIREPAHIn@c@rDQnAOxACP?@G`@KEGAE?G@CAEACG?E?GAGGKUOTNFJ??@F?F?DBFD@B@FAD?F@JDC\A^?`@Ah@A`@A^E`@AHE\CJERKb@M^Wg@m@gAWk@Sg@K]EOOq@Mw@Kq@Gw@Gu@C_A?k@?UBmAUAOCSEUKQQOYK[G_@Iq@C]MuAEc@Go@E_@Ea@MwAI[EMACIOKOMd@a@tAELq@nBQb@_@|@k@lAc@`AILYh@IJWZMLMJWP}@n@a@Z{@p@o@r@g@l@a@l@W`@UZYh@OZCHMXMZ]x@Mb@A@Qh@[bAQl@Mb@M`@O^KXUf@KPILY`@[\WTMHSJc@Ng@D]@]EKCUG[U]Wa@W][QKCAWIOC]CS?KA?Y?QAe@AMEWCUM]Q]A?EECCGKCKAI?I?I?M@EBIBEFIFCFAD?FBXGTG`@QjFmEnGoFbEsFh@oAb@_A\eANa@Ry@Rw@TgATsAL}@LcADi@Dc@HaAFkAFaCB_BBqA@gB	Click to Generate
S26	60	1			3	Birley Spa Primary Academy (S26)	Sleeping Giant (S26)	Safa (S26)	5116	3837	c_sdIx~nGTELE?e@?G@e@Bo@Bk@Fq@JeADc@@Y@_@?]A_@Ca@Ei@Ig@?AKc@WcAk@wBMe@Og@Og@O]k@uAGQy@oBGO`@m@f@m@n@s@z@q@`@[|@o@VQLKLMV[HKXi@HMb@aAj@mA^}@Pc@p@oBDM`@uALe@JNHN@BDLHZLvAD`@D^Fn@Db@LtAB\Hp@F^JZNXPPTJRDNBT@ClA?T?j@B~@Ft@Fv@Jp@Lv@Np@DNJ\Rf@Vj@l@fAu@fBMP_@l@SZKSEIIEI?GFU^y@qBEEEAEFsArBrAsBDGD@DDRf@d@hAT_@FGH?HDDHJRMRc@p@CHCHETCT?TBZHX\v@Pb@N`@`CdGVa@LSNUdA}ALONKPGPCb@@`@??}@@qBQ_@QYm@cAGI{@sASYm@_AGKa@o@Wg@m@gAWk@GFKHEACGi@mAYg@_@e@a@e@WOK?e@@k@AE???e@Ed@DD?j@@d@AJ?VN`@d@^d@Xf@h@lABFD@JIFGVj@l@fAVf@`@n@FJl@~@RXz@rAFHl@bAPXP^ApB?|@?xAArA?RAbF?LAb@?d@B`@@TDVH^BHN\c@r@GHW`@W^ORYf@QTCF{@vAo@`AuAxBm@|@GJEFEH_BfCeAdB_@h@e@t@a@p@OTm@~@k@oAACi@uAh@tAl@rAKNo@`Ae@p@W^W^a@n@EHEFU\]u@Qc@]}@K[Qg@Me@Ia@EOKk@K}@Gw@E{@A_A?aAB{@Dw@D_@Fq@Fo@P{Ah@cFBa@?I?S?_@?K?QKqACKEYACQaAEc@Ge@Ei@Em@As@Aq@MDUD	Click to Generate
S26	20	1			3	Birley Spa Primary Academy (S26)	Spa View Community Church (S26)	GoLocal (S26)	2066	1550	eprdIx{mGD?j@@d@AJ?VN`@d@^d@Xf@h@lABFD@JIFGVj@l@fAu@fBMP_@l@SZKSEIIEI?GFU^y@qBEEEAEFsArBrAsBDGD@DDRf@d@hAT_@FGH?HDDHJRMRc@p@CHCHETCT?TBZHX\v@Pb@N`@`CdGVa@LSNUdA}ALONKPGPCb@@`@??}@@qBQ_@QYm@cAGI{@sASYm@_AGKa@o@L_@Jc@DSBKD]@IDa@@_@@a@@i@?a@@_@B]KEGAE?G@CAEACG?E?GAGGKUOTNFJ??@F?F?DBFD@B@FAD?F@JDC\A^?`@Ah@A`@A^E`@AHPXJL^`@e@pAK@K^GKa@o@Wg@m@gAWk@GFKHEACGi@mAYg@_@e@a@e@WOK?e@@k@AE?	Click to Generate
S26	20	1			3	GoLocal (S26)	Our Lady of Lourdes (S26)	Birley Spa (S26)	2004	1503	{crdI|ymG@F?F?DBFD@B@FAD?F@JDC\A^?`@Ah@A`@A^E`@AHPXJL^`@e@pAK@K^GKa@o@L_@Jc@DSBKD]@IDa@@_@@a@@i@?a@@_@B]Fa@?ABQNyAPoAb@sDHo@@IDQHSHOPQNIBLBVF\Ld@L^Vj@lAhBNTHLNPVRl@`@UzAG^]nBg@xCYbBOv@CRQdAMv@SlACLEDCDKRMLMFm@cAGI{@sASYm@_AGKa@o@Wg@m@gAWk@GFKHEACGi@mAYg@_@e@a@e@WOK?e@@[AO?E?e@Ed@DD?j@@d@AJ?VN`@d@^d@Xf@h@lABFD@JIFGVj@l@fAVf@L_@Jc@DSBKD]@IDa@@_@@a@@i@?a@@_@B]KEGAE?G@CAEACG?E?GAG	Click to Generate
S26	30	1			3	Our Lady of Lourdes (S26)	Birley Spa Primary Academy (S26)	Birley Spa (S26)	2496	1872	oardIf~mG??LBLDLNRVdAaCHSHQxBkFmAiBWk@M_@Me@G]CWCMOHQPINIREPAHIn@c@rDQnAOxACP?@G`@C\A^?`@Ah@A`@A^E`@AHE\CJERKb@M^Wg@u@fBMP_@l@SZKSEIIEI?GFU^y@qBEEEAEFsArBrAsBDGD@DDRf@d@hAT_@FGH?HDDHJRMRc@p@CHCHETCT?TBZHX\v@Pb@N`@`CdGVa@LSNUdA}ALONKPGPCb@@`@??}@@qBQ_@QYm@cAGI{@sASYm@_AGKa@o@Wg@m@gAWk@GFKHEACGi@mAYg@_@e@a@e@WOK?e@@[AO?E?e@Ed@DD?j@@d@AJ?VN`@d@^d@Xf@h@lABFD@JIFGVj@l@fAVf@L_@Jc@DSBKD]@IDa@@_@@a@@i@N?N@	Click to Generate
S26	20	1			3	Meraki (S26)	Frecheville Post Office (S26)	St Cyprian (S26)	1866	1400	a}rdI|}pGGJEBE?KMzCcFT]DGDI`@o@N\m@~@qCpEW\EBE?KMzCcFT]DGDI`@o@V_@V_@d@q@n@aAJOl@_ANU`@q@DJ@H?JAHuBfDMT_@n@E@A@C?IEMKW^W^N\Zz@N\L\N\l@}@pD{FPYr@cA`AaBrAfDuBdD{@tA_@j@uBdD_@j@sAgDO]M]O][{@_EpGOP	Click to Generate
S26	20	1			3	Frecheville Library (S26)	Safa (S26)	Meraki (S26)	1531	1148	}krdIxvpGz@uAtBeDsAgDaA`Bs@bAQX{BlDu@lAm@|@O]M]O][{@O]V_@V_@d@q@n@aAJOk@oAACi@uAh@tAl@rAKNo@`Ae@p@W^W^N\m@~@qCpEW\EBE?KMzCcFT]DGDI`@o@N\Zz@N\L\N\rAfD^k@tBeD^k@	Click to Generate
S26	20	1			3	Spa View Community Church (S26)	GoLocal (S26)	Birley Spa (S26)	1563	1172	a|qdI`gmGMCK@IHKJOJHZFf@OHQPINIREPAHIn@c@rDQnAOxACP?@G`@KEGAE?G@CAEACG?E?GAGGKUOTNFJ??@F?F?DBFD@B@FAD?F@JDC\A^?`@Ah@A`@A^E`@AHPXJL^`@e@pAK@K^GKa@o@Wg@m@gAWk@GFKHEACGi@mAYg@_@e@a@e@WOK?e@@[AO?E?e@Ed@DD?j@@d@AJ?VN`@d@^d@Xf@h@lABFD@JIFGVj@l@fAVf@L_@Jc@DSBKD]@IDa@@_@@a@@i@?a@@_@B]Fa@?ABQNyAPoAb@sDHo@@IDQHSHOPQNIGg@I[NKJKHIJALB	Click to Generate
S26	30	1			3	The Swan (S26)	Ridgeway Primary School (S26)	The Phoenix Inn (S26)	2887	2165	igndIbbpGGEaBy@w@a@WOu@_@y@SkA]wBk@MA_@Em@Ce@?a@Ac@GI?o@MGCYGa@OAAGZITUn@CN[~BSI]OP}AHe@T}AD_@s@e@k@c@s@u@a@i@W[UQSKQKCAYK_@QAAi@]ECk@i@c@_@eBaByAsAQIGAQDOHKJYdA[nAG`@_@lBOhA_@`ECVIr@]hCERTNUfC@HBHRZJJLJPHQIMKKKKQGICIAITgCUODS\iCHs@BW^aENiA^mBFa@ZoAXeAJKNIPEF@PHxArAdB`Bb@^j@h@DBh@\`@RXJB@PJRJTPVZ`@h@r@t@j@b@r@d@`Ah@@@`@NXFFBn@LH?b@F`@@d@?l@B^DL@vBj@jA\x@Rt@^VNv@`@`Bx@FD	Click to Generate
S26	30	1			3	Richmond Church (S26)	Antico (S26)	The Strad (S26)	2648	1986	equdIhqpGUTGTGBELERERCX?T?^@ZBXJ`@Tt@?JEPq@|BGLQ]u@mAS[Ya@DQDKDO?CBG?CDKLi@UU??TTMh@EJ?BCF?BENEJEPi@u@[e@CEYc@IMW]MSDSTkAH]RaAH]F_@BIDSFYP}@Z{Ax@cEH]TaBTwBJaC@aB?a@GAGGEKAK@MBODIFCDAFBFHBJ@L?DT?dA?T?X?b@@b@?Z@\?T?@?T?T@|@?B?x@?d@??O@[\@F?FGL_@L_@f@_Bf@}AFO@EAG@GDEBGLJLWBKBIDDBBHF]fACHc@tAIVOb@M^ITCLa@rAg@vBIb@]jBOp@cAlFCJQv@[bAg@zA[z@ELRZTZLTNV`@j@DFy@fDIZU~@c@dB_@`B[nAeAnEENCLe@k@EEi@}@k@gACEUe@FMp@}BDQ?KUu@Ka@CYA[?_@?UBYDSDSDMFCFUTU	Click to Generate
S26	60	1			3	Outwood Academy City (S26)	Stradbroke Community Centre (S26)	WD Motors (S26)	7661	5746	k`udInjoGPg@f@}AFO@ETXBBDDBI\gAFYJm@Ho@Fo@D}@@aAF_C@_@DUFGLAh@@r@DH?@{@?]Au@AgAAc@Ae@?C?UL?@?F?FEBI?YCa@?QDKJEPAj@JN@LCVEREX@HDDJ@T?|E@n@LdB?p@?jA?pAAjBG~BI`BHaBF_C@kB?}C?q@MeBAo@?}EAUEKIEYASDWDMBOAk@KQ@KDEJ?PB`@?XCHGDG?A?M??T?B@d@@b@@fA@t@?\Az@ExCGtDAZCf@Gt@M|@Mp@IXIXQd@ITUp@qAxDOb@GRKZKf@Kn@Kp@SpAM~@SbAWpAGTYhAg@nBSt@Ur@Qj@Qj@CHGRy@fDIZU~@c@dB_@`B[nAeAnEENCLe@k@EEi@}@k@gACEUe@FMp@}BDQ?KUu@Ka@CYA[?_@?UBYDSDSDMFCFUTULOc@d@GTGBELERERCX?T?^@ZBXJ`@Tt@?JEPq@|BGLTd@BDj@fAh@|@DDd@j@Z\^d@\n@Zr@\x@FLFJZh@BDFJBFDFDDf@t@HLX^T\Rd@Vd@Pb@Tp@Tv@T`At@bCl@fCZtAPbARbAV~APnAPvADd@@L??@\@T@N?P?VAf@Ad@MjCF@D?@?DCDEDIDQv@iDh@wBPu@Jq@XqCj@uFHs@De@rC{Wn@_GLgAHg@BYLy@NkAxAaJ@CJs@d@sCD]LeANaA^yBTmAn@sDXgBHk@Hc@Da@BY@]?g@Ac@?GA[E@AAE?WGAHEb@??E^ERETEl@Iz@KhAC`ABaAJiAH{@Dm@DUDSD_@Dc@@IVFD?@@DAA[?IAo@CaAAm@CiACsAAyA?wA?S?mA?}A?s@?eB?U?y@?[?g@?E?O?Y?QAe@AMEWCUM]Q]A?EECCGKCKAI?I?I?M@E@SBg@BYHc@BW@[B[@W?WAq@IqCA]CYCSWoBS}AGa@My@WyAUuAIF]Ty@p@m@l@i@n@EI]w@[w@_@s@_@o@U]q@}@SQMIKGMCYGk@I]EG`C?HCjAC|@?x@AXAjB?~A?~@?~C?t@BH?T?NCL?f@?J?R@JPxE@R?NBx@?R?H@V@|@?T?B@d@@b@@fA@t@?\Az@I?s@Ei@AM@GFETA^G~BA`AE|@Gn@In@Kl@GX]fACHEECCUYADGNg@|AQf@	Click to Generate
S26	60	1			3	Outwood Academy City (S26)	Stradbroke Community Centre (S26)	WD Motors (S26)	7590	5692	e_udIxgoGRo@FO@ETXBBDDBI\gAFYJm@Ho@Fo@D}@@aAF_C@_@DUFGLAh@@r@DH?@{@?]Au@AgAAc@Ae@?C?UL?@?F?FEBI?YCa@?QDKJEPAj@JN@LCVEREX@HDDJ@T?|E@n@LdB?p@?jA?pAAjBG~BI`BHaBF_C@kB?}C?q@MeBAo@?}EAUEKIEYASDWDMBOAk@KQ@KDEJ?PB`@?XCHGDG?A?M??T?B@d@@b@@fA@t@?\Az@ExCGtDAZCf@Gt@M|@Mp@IXIXQd@ITUp@qAxDOb@GRKZKf@Kn@Kp@SpAM~@SbAWpAGTYhAg@nBSt@Ur@Qj@Qj@CHGRy@fDIZU~@c@dB_@`B[nAeAnEENCLe@k@EEi@}@k@gACEUe@FMp@}BDQ?KUu@Ka@CYA[?_@?UBYDSDSDMFCFUTULOc@d@GTGBELERERCX?T?^@ZBXJ`@Tt@?JEPq@|BGLTd@BDj@fAh@|@DDd@j@Z\^d@\n@Zr@\x@FLFJZh@BDFJBFDFDDf@t@HLX^T\Rd@Vd@Pb@Tp@Tv@T`At@bCl@fCZtAPbARbAV~APnAPvADd@@L??@\@T@N?P?VAf@Ad@MjCF@D?@?DCDEDIDQv@iDh@wBPu@Jq@XqCj@uFHs@De@rC{Wn@_GLgAHg@BYLy@NkAxAaJ@CJs@d@sCD]LeANaA^yBTmAn@sDXgBHk@Hc@Da@BY@]?g@Ac@?GA[E@AAE?WGAHEb@??E^ERETEl@Iz@KhAC`ABaAJiAH{@Dm@DUDSD_@Dc@@IVFD?@@DAA[?IAo@CaAAm@CiACsAAyA?wA?S?mA?}A?s@?eB?U?y@?[?g@?E?O?Y?QAe@AMEWCUM]Q]A?EECCGKCKAI?I?I?M@E@SBg@BYHc@BW@[B[@W?WAq@IqCA]CYCSWoBS}AGa@My@WyAUuAIF]Ty@p@m@l@i@n@EI]w@[w@_@s@_@o@U]q@}@SQMIKGMCYGk@I]EG`C?HCjAC|@?x@AXAjB?~A?~@?~C?t@BH?T?NCL?f@?J?R@JPxE@R?NBx@?R?H@V@|@?T?B@d@@b@@fA@t@?\Az@I?s@Ei@AM@GFETA^G~BA`AE|@Gn@In@Kl@GX]fACHEECCUYADGNSn@	Click to Generate
S26	60	1			3	Outwood Academy City (S26)	Stradbroke Community Centre (S26)	WD Motors (S26)	7607	5705	o_udIlhoG\cAFO@ETXBBDDBI\gAFYJm@Ho@Fo@D}@@aAF_C@_@DUFGLAh@@r@DH?@{@?]Au@AgAAc@Ae@?C?UL?@?F?FEBI?YCa@?QDKJEPAj@JN@LCVEREX@HDDJ@T?|E@n@LdB?p@?jA?pAAjBG~BI`BHaBF_C@kB?}C?q@MeBAo@?}EAUEKIEYASDWDMBOAk@KQ@KDEJ?PB`@?XCHGDG?A?M??T?B@d@@b@@fA@t@?\Az@ExCGtDAZCf@Gt@M|@Mp@IXIXQd@ITUp@qAxDOb@GRKZKf@Kn@Kp@SpAM~@SbAWpAGTYhAg@nBSt@Ur@Qj@Qj@CHGRy@fDIZU~@c@dB_@`B[nAeAnEENCLe@k@EEi@}@k@gACEUe@FMp@}BDQ?KUu@Ka@CYA[?_@?UBYDSDSDMFCFUTULOc@d@GTGBELERERCX?T?^@ZBXJ`@Tt@?JEPq@|BGLTd@BDj@fAh@|@DDd@j@Z\^d@\n@Zr@\x@FLFJZh@BDFJBFDFDDf@t@HLX^T\Rd@Vd@Pb@Tp@Tv@T`At@bCl@fCZtAPbARbAV~APnAPvADd@@L??@\@T@N?P?VAf@Ad@MjCF@D?@?DCDEDIDQv@iDh@wBPu@Jq@XqCj@uFHs@De@rC{Wn@_GLgAHg@BYLy@NkAxAaJ@CJs@d@sCD]LeANaA^yBTmAn@sDXgBHk@Hc@Da@BY@]?g@Ac@?GA[E@AAE?WGAHEb@??E^ERETEl@Iz@KhAC`ABaAJiAH{@Dm@DUDSD_@Dc@@IVFD?@@DAA[?IAo@CaAAm@CiACsAAyA?wA?S?mA?}A?s@?eB?U?y@?[?g@?E?O?Y?QAe@AMEWCUM]Q]A?EECCGKCKAI?I?I?M@E@SBg@BYHc@BW@[B[@W?WAq@IqCA]CYCSWoBS}AGa@My@WyAUuAIF]Ty@p@m@l@i@n@EI]w@[w@_@s@_@o@U]q@}@SQMIKGMCYGk@I]EG`C?HCjAC|@?x@AXAjB?~A?~@?~C?t@BH?T?NCL?f@?J?R@JPxE@R?NBx@?R?H@V@|@?T?B@d@@b@@fA@t@?\Az@I?s@Ei@AM@GFETA^G~BA`AE|@Gn@In@Kl@GX]fACHEECCUYADGN]bA	Click to Generate
S26	20	1			3	Hair by Lisa (S26)	Frecheville Post Office (S26)	St Cyprian (S26)	1866	1400	g}rdIf~pGA@EBE?KMzCcFT]DGDI`@o@N\gAdBwBjDW\EBE?KMzCcFT]DGDI`@o@V_@V_@d@q@n@aAJOl@_ANU`@q@DJ@H?JAHuBfDMT_@n@E@A@C?IEMKW^W^N\Zz@N\L\N\l@}@pD{FPYr@cA`AaBrAfDuBdD{@tA_@j@uBdD_@j@sAgDO]M]O][{@_EpGUZ	Click to Generate
S26	20	1			3	Frecheville News, Cards & Gifts (S26)	Safa (S26)	St Cyprian (S26)	1683	1262	wsrdIbtpG[w@A@C?IEMKW^W^N\kBvCsAxBW\EBE?KMzCcFT]DGDI`@o@V_@V_@d@q@n@aAJOk@oAACi@uAh@tAl@rAKNo@`Ae@p@W^W^N\Zz@N\L\N\l@}@pD{FPYr@cA`AaBrAfDuBdD{@tA_@j@uBdD_@j@sAgDO]M]O][{@O]V_@V_@LJHDB?@AZv@	Click to Generate
S26	60	1			3	Birley Health Centre (S26)	Birley Primary Academy (S26)	New Loon Fung (S26)	4346	3260	gmqdIf{pG??_Db@OoEj@Az@Kt@K|Fs@ZE~@MXG\Kb@KZfEw@J_@F??^Gv@KFp@Dt@L~ADd@Bd@Bf@@f@?f@@b@?V?RAVARAPE^ERG^I^G\GVGZGTGVIZGRGPGPGPGNOXMVMRQVW`@mAtByAlCINGNGNCRCLAR?^GpH?|Cc@Os@YGEcCkA{@g@SKqBy@_D_BqCuAuAs@[QGC{@a@QKCECCAEACAIAE?I@K@M@OZeBDODUXyAh@iCZ_BLq@|BbBFKFIn@q@FEBKBG@I?K?KI]Qi@Yu@GYCWAW?MFQHMCs@Br@ILGP?L@VBVFXXt@BJL\H\?J?JAHCFCJGDo@p@kAuFEKCIBY@[?sE?o@@{A?k@@o@@a@@[JkAb@kG@E~@VFBB?RJTJT_ALk@Lu@Hq@Bi@Dq@J}EHqDB}@@GB_@D[BI@GBGHUNQFIJMhAoAFZHXPMXS@?v@a@j@YTERARBPHFHBBFPDXHd@@DB\Fr@Dr@DnA_@JOBYJUFSJ]No@^RrANfALnAH~@Bb@TvE@X@VBTPlEu@J{@Jk@@NnE~Cc@??	Click to Generate
S26	20	1			3	Safa (S26)	St Cyprian (S26)	Frecheville Library (S26)	1579	1184	_jrdItapGc@r@eAdB_@h@e@t@a@p@OTm@~@k@oAACi@uAh@tAl@rAKNo@`Ae@p@W^W^N\Zz@N\L\N\rAfD^k@tBeD^k@z@uAtBeDsAgDaA`Bs@bAQX{BlDu@lAm@|@O]M]O][{@O]V_@V_@d@q@n@aAJOl@_ANU`@q@d@u@^i@dAeBb@s@	Click to Generate
S26	20	1			3	Birley Wood Golf Club (S26)	UK Welder (S26)	Birley Health Centre (S26)	1511	1133	s`qdInyoG]BLxAz@J??{@KMyAUH??C?A@AQIcAA@C?E@M@M@Y?_A@gAB]@e@H_@JC?KBYJUFq@Zo@^RrANfALnAH~@Bb@TvE@X@VBTPlE|Fs@ZE~@MXG\Kb@KZfEw@J_@F??^Gv@K[gEI_AGg@AOAICUEo@AUEk@?ECc@Ew@AKAS?YCmBA{@Aa@?UAUAWEk@AW@AB???TI\C	Click to Generate
S26	20	1			3	Golden City (S26)	The Sherwood (S26)	St Cyprian (S26)	1787	1340	g|rdIz|pGINW\EBE?KMzCcFT]DGDI`@o@N\U\iDrFW\EBE?KMzCcFT]DGDI`@o@V_@V_@d@q@IUCE?OOVEC[s@?Ac@r@\t@`@s@DBNW?NBDHTe@p@W^W^N\Zz@N\L\N\l@}@pD{FPYr@cA`AaBrAfDuBdD{@tA_@j@uBdD_@j@sAgDO]M]O][{@uD`G	Click to Generate
S26	60	1			3	Birley Wood Golf Club (S26)	Queens Head (S26)	The Swan (S26)	6778	5084	e_pdItdpGGICIAITgCUOEXMbAStACTIn@Kv@M~@UvAUnAu@bDaA~CiArDy@lCg@~Ac@~Aw@pCgDjLGPk@~AITmAtC{CpGuB`EkAfCYr@OZEGKSCGg@iBIUMMMMQGSKk@S?}CFqH?_@@SBMBSFOFOHOxAmClAuBVa@PWLSLWNYFOFQFQFQFSH[FWFUF[FWF]H_@F_@DSD_@@Q@S@W?S?WAc@?g@Ag@Cg@Ce@Ee@M_BEu@Gq@[gEI_AGg@AOAICUEo@AUEk@?ECc@Ew@AKAS?YCmBA{@Aa@?UAUAWEk@AW@AB???TILxAz@J??{@KMyAUH??C?A@@VDj@@V@T?T@`@@z@BlB?X@R@JDv@Bb@?DDj@@TDn@BT@H@NFf@H~@ZfEFp@Dt@L~ADd@Bd@Bf@@f@?f@@b@?V?RAVARAPE^ERG^I^G\GVGZGTGVIZGRGPGPGPGNOXMVMRQVW`@mAtByAlCINGNGNCRCLAR?^GpH?|Cj@RRJPFLLLLHTf@hBBFJRDFN[Xs@jAgCtBaEzCqGlAuCHUj@_BFQfDkLv@qCb@_Bf@_Bx@mChAsD`A_Dt@cDToATwAL_AJw@Ho@BURuALcADYDS\iCHs@BW^aENiA^mBFa@ZoAXeAJKNIPEF@PHxArAdB`Bb@^j@h@DBh@\??`@RXJB@PJRJTPVZ`@h@r@t@j@b@r@d@E^U|AId@Q|A\NRHZ_CBOTo@HUF[aAi@s@e@k@c@s@u@a@i@W[UQSKQKCAYKa@Si@]ECk@i@c@_@eBaByAsAQIGAQDOHKJYdA[nAG`@_@lBOhA_@`ECVIr@]hCERTNUfC@HBHFH	Click to Generate
S26	15	1			3	Golden City (S26)	Bullie Ink Tattoo Collective (S26)	St Cyprian (S26)	1408	1056	kvrdI|mpGZr@DBNW?NBDHTe@p@W^W^N\U\iCdE_@l@W\EBE?KMzCcFT]DGDI`@o@N\Zz@N\L\N\l@}@pD{FPYr@cA`AaBrAfDuBdD{@tA_@j@uBdD_@j@sAgDO]M]O][{@O]V_@V_@d@q@IUCE?OOVEC[s@	Click to Generate
S26	60	1			3	Grayson's Plumbing & Heating Supplies (S26)	Outwood Academy City (S26)	WD Motors (S26)	5652	4239	}|tdI|coGBIDDBBHF]fACHc@tAIVOb@M^ITCLa@rAEAE?[Ca@A?O@[\@F?FGX{@@Cf@_Bf@}AFO@ETXBBDDBI\gAFYJm@Ho@Fo@D}@@aAF_C@_@DUFGLAh@@r@DH?@{@?]Au@AgAAc@Ae@?C?UL?@?F?FEBI?YCa@?QDKJEPAj@JN@LCVEREX@HDDJ@T?|E@n@LdB?p@?jA?pAAjBG~BI`BHaBF_C@kB?}C?q@MeBAo@?}EAUEKIEYASDWDMBOAk@KQ@KDEJ?PB`@?XCHGDG?A?M?A}@AW?I?SCy@?OASQyEAK?S?K?g@BM?O?UCI?u@?_D?_A?_B@kB@Y?y@B}@BkA?IFaC\Dj@HXFLBJFLHRPp@|@T\^n@^r@Zv@\v@DHh@o@l@m@x@q@\UHGTtAVxALx@F`@R|AVnBBRBX@\HpC@p@?VAVCZAZCV?T@N@JBLHJFPDDBDDHBP@H?HAHAJAR?VBh@?p@@L@d@?P?X?N?D?f@?Z?x@?T?dB?r@?|A?lA?R?vA@xABrABhA@l@B`A@n@?H@ZE@AAE?WGAHEb@??E^ERETEl@Iz@KhAC`ABaAJiAH{@Dm@DUDSD_@Dc@@IVFD?@@DAA[?IAo@CaAAm@CiACsAAyA?wA?S?mA?}A?s@?eB?U?y@?[?g@?E?O?Y?QAe@AMEWCUM]Q]A?EECCGKCKAI?I?I?M@E@SBg@BYHc@BW@[B[@W?WAq@IqCA]CYCSWoBS}AGa@My@WyAUuAIF]Ty@p@m@l@i@n@EI]w@[w@_@s@_@o@U]q@}@SQMIKGMCYGk@I]EG`C?HCjAC|@?x@AXAjB?~A?~@?~C?t@BH?T?NCL?f@?J?R@JPxE@R?NBx@?R?H@V@|@?T?B@d@@b@@fA@t@?\Az@I?s@Ei@AM@GFETA^G~BA`AE|@Gn@In@Kl@GXIGCCEECH	Click to Generate
S26	60	1			3	Queens Head (S26)	St John the Evangelist (S26)	The Phoenix Inn (S26)	4261	3196	qaodIbzoGHUF[aAi@s@e@k@c@s@u@a@i@W[UQSKQKCAYKa@Si@]ECk@i@c@_@eBaByAsAQIGAQDOHKJF_@DYDa@DJJb@FNF@PHxArAdB`Bb@^j@h@DBh@\??`@RXJB@PJRJTPVZ`@h@r@t@j@b@r@d@`Ah@@@`@NXFFBn@LH?b@F`@@d@?l@B^DL@vBj@jA\x@Rt@^VNv@`@`Bx@FDPFZLVHPDzA\dDt@@yA@{@Az@AxAeDu@{A]QEWI[MYMaBy@w@a@WOu@_@y@SkA]wBk@MA_@Em@Ce@?a@Ac@GI?o@MGCYGa@OAAaAi@s@e@k@c@s@u@a@i@W[UQSKQKCAYKa@Si@]ECk@i@c@_@eBaByAsAQIGAQDOHKJYdA[nAG`@_@lBOhA_@`ECVIr@]hCERTNUfC@HBHRZJJLJPHQIMKKKKQGICIAITgCUODS\iCHs@BW^aENiA^mBFa@ZoAXeAJKNIPEF@PHxArAdB`Bb@^j@h@DBh@\`@RXJB@PJRJTPVZ`@h@r@t@j@b@r@d@`Ah@GZIT	Click to Generate
S26	20	1			3	The Birley (S26)	Safa (S26)	St Cyprian (S26)	1694	1270	szrdIrzpG}@vAW\EBE?KMzCcFT]DGDI`@o@V_@V_@LJHDB?@AZv@JTHTYd@M@KMGEI?MP[{@O]V_@V_@d@q@n@aAJOk@oAACi@uAh@tAl@rAKNo@`Ae@p@W^W^N\Zz@N\L\N\l@}@pD{FPYr@cA`AaBrAfDuBdD{@tA_@j@uBdD_@j@sAgDO]M]O][{@aCxD	Click to Generate
S26	15	1			3	The Fairway (S26)	Birley Health Centre (S26)	Birley Wood Golf Club (S26)	1381	1036	klqdInxoGB?^Kd@I\AfAC~@AX?LALADAB?@AHbA@P@AB???TI\C??]BUH??C?A@@VDj@@V@T?T@`@@z@BlB?X@R@JDv@Bb@?DDj@@TDn@BT@H@NFf@H~@ZfEw@J_@F??^Gv@K[gEI_AGg@AOAICUEo@AUEk@?ECc@Ew@AKAS?YCmBA{@Aa@?UAUAWEk@AW@AB???TILxAz@J??{@KMyAUH??C?A@AQIcAA@C?E@M@M@Y?_A@gAB]@e@H_@JC?	Click to Generate
S26	60	1			3	Outwood Academy City (S26)	Scowerdons Community Centre (S26)	The Strad (S26)	9849	7387	s_tdIvpoG?GAc@?GA[A[?IAo@CaAAm@CiACsAAyA?wA?S?mA?}A?s@?eB?U?y@?[?g@?E?O?Y?QAe@AMEWCUM]Q]A?EECCGKCKAI?I?I?M@E@SBg@BYHc@BW@[B[@W?WAq@IqCA]CYCSWoBS}AGa@My@WyAUuAIF]Ty@p@m@l@i@n@EI]w@[w@_@s@_@o@U]q@}@SQMIKGMCYGk@I]EG`C?HCjAC|@?x@AXAjB?~A?~@?~C?t@BH?T?NCL?f@?J?R@JPxE@R?NBx@?R?H@V@|@L?@?F?FEBI?YCa@?QDKJEPAj@JN@LCVEREX@HDDJ@T?|E@n@LdB?p@?jA?pAAjBG~BI`BHaBF_C@kB?}C?q@MeBAo@?}EAUEKIEYASDWDMBOAk@KQ@KDEJ?PB`@?XCHGDG?A?M?A}@AW?I?SCy@?OASQyEAK?S?K?g@BM?O?UCI?u@?_D?_A?_B@kB@Y?y@B}@BkA?IFaC\Dj@HXFLBJFLHRPp@|@T\^n@^r@Zv@\v@DHh@o@l@m@x@q@\UHGTtAVxALx@F`@R|AVnBBRBX@\HpC@p@?VAVCZAZCV?T@N@JBLHJFPDDBDDHBP@H?HAHAJAR?VBh@?p@@L@d@?P?XJ@R?\BNBVHB@PJ\Z`@V\VZTTFJB\D\Af@Eb@ORKLIVUZ]Xa@HMJQTg@JYN_@La@Lc@Pm@ZcAPi@@ALc@\y@L[LYBIN[Xi@T[Va@FNx@nBFPj@tAN\Nf@Nf@Ld@j@vBVbAJb@?@Hf@Dh@B`@@^?\A^AXEb@KdAGp@Cj@Cn@Ad@?F?d@@p@@r@KBOBSFOFYVWXOTKNUZ_@j@GDGAF@FE^k@T[JONUVYLMJINGRGNCJCAs@Aq@?e@?G@e@Bo@Bk@Fq@JeADc@WIA?QCS?QBGBQFSBO?OCOIQOa@_@GGOMOGMGOCC?K?I@G@UH]P]PA@OFQDO@OCOEQIMIMOACKOKU]}@AAEKY`@[\WTMHSJc@Ng@D]@]EKCUG[U]Wa@W][QKCAWIOC]CS?KA?Y?QAe@AMEWCUM]Q]A?EECCGKCKAI?I?I?M@E@SBg@BYHc@BW@[B[@W?WAq@IqCA]CYCSWoBS}AGa@My@WyAUuAIF]Ty@p@m@l@i@n@EI]w@[w@_@s@_@o@U]q@}@SQMIKGMCYGk@I]EG`C?HCjAC|@?x@AXAjB?~A?~@?~C?t@BH?T?NCL?f@?J?R@JPxE@R?NBx@?R?H@V@|@?T?B@d@@b@@fA@t@?\Az@I?s@Ei@AM@GFETA^G~BA`AE|@Gn@In@Kl@GX]fACHEECCUYAG@GDEBGLJLWBKBIDDBBHFFYJm@Ho@Fo@D}@@aAF_C@_@DUFGLAh@@r@DH?@{@?]Au@AgAAc@Ae@?C?UA}@AW?I?SCy@?OASQyEAK?S?K?g@BM?O?UCI?u@?_D?_A?_B@kB@Y?y@B}@BkA?IFaC\Dj@HXFLBJFLHRPp@|@T\^n@^r@Zv@\v@DHh@o@l@m@x@q@\UHGTtAVxALx@F`@R|AVnBBRBX@\HpC@p@?VAVCZAZCV?T@N@JBLHJFPDDBDDHBP@H?HAHAJAR?VBh@?p@@L@d@?P?X?N?D?f@?Z?x@?T?dB?r@?|A?lA?R?vA@xABrABhA@l@B`A@n@?H@Z@Z?F@b@?F	Click to Generate
S26	60	1			3	Carter Hall Lane (S26)	Birley Health Centre (S26)	The Birley Academy (S26)	6947	5210	otpdIdarG{@u@ITmAtC{CpGuB`EkAfCYr@OZId@ADMn@e@pCShA{@lE{BvLWvAEVKv@Mt@M|@Ed@AHANAFCVDBD@PFrBp@`EzA~@ZJORSJILITINEAe@AYBO@EJ]HSHQJWVe@Vg@@KBOBGVg@^cAr@aCfAkDZoAJ]`@}@l@oAZk@nAiCPWPQ`@W^Sn@U^CFA`@D`@H~@Z\J?n@@HHPIQAI?o@]K_A[a@Ia@Eg@Do@T_@Ra@VQPQVoAhC[j@m@nAa@|@K\[nAgAjDs@`C_@bAWf@CFCNAJWf@Wd@KVIPIRK\ADCN@X@d@ODUHMHKHSRKN_A[aE{AsBq@QGEAECBW@G@O@IDe@L}@Lu@Jw@DWVwAzBwLz@mERiAd@qCLo@@EHe@EGKSCGg@iBIUMMMMQGSKk@S?}CFqH?_@@SBMBSFOFOHOxAmClAuBVa@PWLSLWNYFOFQFQFQFSH[FWFUF[FWF]H_@F_@DSD_@@Q@S@W?S?WAc@?g@Ag@Cg@Ce@Ee@M_BEu@Gq@w@J_@F??^Gv@K[gEc@J]JYF_AL[D}Fr@u@J{@Jk@@NnE~Cc@??FCBEXEB?H?BDJZ^fB_@gBK[CEI?C?YDCDGB_Db@OoEj@Az@Kt@K|Fs@ZE~@MXG\Kb@KZfEFp@Dt@L~ADd@Bd@Bf@@f@?f@@b@?V?RAVARAPE^ERG^I^G\GVGZGTGVIZGRGPGPGPGNOXMVMRQVW`@mAtByAlCINGNGNCRCLAR?^GpH?|Cj@RRJPFLLLLHTf@hBBFJRDFN[Xs@jAgCtBaEzCqGlAuCHUz@t@	Click to Generate
S26	60	1			3	Carter Hall Road, Charnock (S26)	Charnock Hall Road (S26)	The Admiral (S26)	6930	5198	kbsdId~tGPbAPlA@HBR`@?P?^@f@@h@H`AHVBF?^DrANZBN@lBRr@Jv@HTFZJb@Nb@R^Tb@^PPl@n@~@dAVJHBJ@FBH@F?JCH?\m@V[TUBEj@g@LMJKNOJKHIFIFOHUDQLe@Jm@BOf@qCd@}BtAiHNy@Lu@Jo@Jw@PkB@ILcBDBD@PFrBp@hAb@vBv@~@ZJORSJILITINEx@Gx@GPAN@LFPPLTFJDNPr@FXBFH\Rx@Lb@Jb@?BFXDd@?X?ZE\iA|GG^Kb@GRGXU|@IZS~@c@~BiBeA[MECgC}@k@So@U_A]o@SiC}@k@Ug@Qg@Qu@YQEC?d@}BtAiHNy@Lu@Jo@Jw@PkB@ILcBBW@G@O@IDe@L}@Lu@Jw@DWVwAzBwLz@mERiAd@qCLo@@EHe@EGKSCGg@iBIUMMMMQGSKk@Sc@Os@YGEcCkA{@g@SKqBy@_D_BqCuAuAs@[QGC{@a@QKCECCAEACAIAE?I@K@M@OCEAEAGAEMgAEOEUKUIQKKOMgHiDkCoAmCoAkCsAo@Yq@[_@QCCCCACGMfAcBVa@p@gAj@{@LUj@y@HKzCcFT]DGDI`@o@N\_EpGUZA@EBE?KMIJk@x@MTk@z@q@fAW`@gAbBMTe@r@eAdBiAlBiAnBOXKPgBfDWb@OXKPINCFe@x@CFIPEHEFGL[j@c@z@Yr@i@jAUl@e@jAITO^K\CFIPFHDFBF`@~@JVN\BDLZBHZr@hApCtAdD\~@f@`BTv@@DHXT`A?Dt@xCj@xBTbAH\H^r@lCLf@XlAp@rCTbA`@rBjAxGhAdH?@	Click to Generate
S26	60	1			3	Outwood Academy City (S26)	The Strad (S26)	Grayson's Plumbing & Heating Supplies (S26)	5398	4048	eatdIlooG??Dc@@IVFD?@@DAA[?IAo@CaAAm@CiACsAAyA?wA?S?mA?}A?s@?eB?U?y@?[?g@?E?O?Y?QAe@AMEWCUM]Q]A?EECCGKCKAI?I?I?M@E@SBg@BYHc@BW@[B[@W?WAq@IqCA]CYCSWoBS}AGa@My@WyAUuAIF]Ty@p@m@l@i@n@EI]w@[w@_@s@_@o@U]q@}@SQMIKGMCYGk@I]EG`C?HCjAC|@?x@AXAjB?~A?~@?~C?t@BH?T?NCL?f@?J?R@JPxE@R?NBx@?R?H@V@|@L?@?F?FEBI?YCa@?QDKJEPAj@JN@LCVEREX@HDDJ@T?|E@n@LdB?p@?jA?pAAjBG~BI`BHaBF_C@kB?}C?q@MeBAo@?}EAUEKIEYASDWDMBOAk@KQ@KDEJ?PB`@?XCHGDG?A?M??T?B@d@@b@@fA@t@?\Az@I?s@Ei@AM@GFETA^G~BA`AE|@Gn@In@Kl@GXIGCCEECHCJMVMKCFEDAF@FADGNg@|Ag@~AABYz@GFG?]AAZ?N`@@ZBD?D@`@sABMHUL_@Nc@HWb@uABI\gAFYJm@Ho@Fo@D}@@aAF_C@_@DUFGLAh@@r@DH?@{@?]Au@AgAAc@Ae@?C?UA}@AW?I?SCy@?OASQyEAK?S?K?g@BM?O?UCI?u@?_D?_A?_B@kB@Y?y@B}@BkA?IFaC\Dj@HXFLBJFLHRPp@|@T\^n@^r@Zv@\v@DHh@o@l@m@x@q@\UHGTtAVxALx@F`@R|AVnBBRBX@\HpC@p@?VAVCZAZCV?T@N@JBLHJFPDDBDDHBP@H?HAHAJAR?VBh@?p@@L@d@?P?X?N?D?f@?Z?x@?T?dB?r@?|A?lA?R?vA@xABrABhA@l@B`A@n@?H@ZE@AAE?WGAHEb@??	Click to Generate
S26	45	1			3	The Strad (S26)	Outwood Academy City (S26)	Stradbroke Community Centre (S26)	3990	2992	oaudIfmoGL_@f@_Bf@}AFO@EAG@GDEBGLJLWBKBIDDBBHFFYJm@Ho@Fo@D}@@aAF_C@_@DUFGLAh@@r@DH?@{@?]Au@AgAAc@Ae@?C?UL?@?F?FEBI?YCa@?QDKJEPAj@JN@LCVEREX@HDDJ@T?|E@n@LdB?p@?jA?pAAjBG~BI`BHaBF_C@kB?}C?q@MeBAo@?}EAUEKIEYASDWDMBOAk@KQ@KDEJ?PB`@?XCHGDG?A?M??T?B@d@@b@@fA@t@?\Az@ExCGtDAZCf@Gt@M|@Mp@IXIXQd@ITUp@qAxDOb@GRKZKf@Kn@Kp@SpAM~@SbAWpAGTYhAg@nBSt@Ur@Qj@Qj@CHGRy@fDIZU~@c@dB_@`B[nAeAnEENCLe@k@EEi@}@k@gACEUe@FMp@}BDQ?KUu@Ka@CYA[?_@?UBYDSDSDMFCFUTULOc@d@GTGBELERERCX?T?^@ZBXJ`@Tt@?JEPq@|BGLTd@BDj@fAh@|@DDd@j@BMDOdAoEZoA^aBb@eBT_AH[x@gDEGa@k@OWMUU[S[DMZ{@f@{AZcAPw@BKbAmFNq@\kBHc@f@wBEAE?[Ca@A?O@[\@F?FGL_@	Click to Generate
S26	45	1			3	Charnock Hall Road (S26)	Carter Hall Lane (S26)	Carter Hall Road, Charnock (S26)	3650	2738	aipdIbjtGKq@EQUc@KVO^}BbGw@pBELEJQd@K\}@tEKZMVKLOHUDQ?QE_Ao@hA}GD]?[?YEe@GY?CKc@Mc@Sy@I]CGGYQs@EOGKMUQQMGOAQ@y@Fy@FAe@AYBO@EJ]HSHQJWVe@Vg@@KBOBGVg@^cAr@aCfAkDZoAJ]`@}@l@oAZk@nAiCPWPQ`@W^Sn@U^CFA`@D`@H~@Z\J?n@@HHPIQAI?o@]K_A[a@Ia@Eg@Do@T_@Ra@VQPQVoAhC[j@m@nAa@|@K\[nAgAjDs@`C_@bAWf@CFCNAJWf@Wd@KVIPIRK\ADCN@X@d@ODUHMHKHSRKNq@rAO\KVKZOf@_AtCuBeCKKOKx@}HhAb@vBv@~@ZJORSJILITINEx@Gx@GPAN@LFPPLTFJDNPr@p@i@TYNYhBaFBGlCiHPc@HOLIHENAJBLJHJJTd@nAVv@^nAJ\D^?ZA\CVIXq@hBIRTb@DPJp@	Click to Generate
S26	20	1			3	Frecheville Post Office (S26)	St Cyprian (S26)	The Co-operative Food (S26)	2000	1500	gyrdIpxpGiBxCW\EBE?KMzCcFT]DGDI`@o@V_@V_@d@q@n@aAJOl@_ANU`@q@DJ@H?JAHuBfDMT_@n@E@A@C?IEMKW^W^N\Zz@N\L\N\rAfD^k@tBeD^k@z@uAtBeDsAgDnB}CZg@pDuFyAoDo@`AuAxBm@|@GJEFEH{@rAc@r@eAdB_@h@e@t@a@p@OTm@~@KNo@`Ae@p@W^W^N\uAvB	Click to Generate
S26	20	1			3	The Birley (S26)	Safa (S26)	St Cyprian (S26)	1694	1270	izrdI`zpGgAhBW\EBE?KMzCcFT]DGDI`@o@V_@V_@LJHDB?@AZv@JTHTYd@M@KMGEI?MP[{@O]V_@V_@d@q@n@aAJOk@oAACi@uAh@tAl@rAKNo@`Ae@p@W^W^N\Zz@N\L\N\l@}@pD{FPYr@cA`AaBrAfDuBdD{@tA_@j@uBdD_@j@sAgDO]M]O][{@wBfD	Click to Generate
S26	60	1			3	Birley Moor Garden Centre (S26)	Birley Moor Fire Station (S26)	Ridgeway Primary School (S26)	5558	4168	umpdIpxmGGFE?ECEKIm@?OBQFWBS?OAMCKCG[y@oCdERb@LPD?DC??NUOTEBE?MQSc@{A~BgHvKi@z@`@`AL\@T]f@OAGK??FJN@\g@AUM]a@aAh@{@fHwKzA_CnCeE`FyHvBsD~@eBrBkELULSRSxBwBTSHKJKxD_GFLHTDZB`@BpA?HBhCBdABvCBj@Bh@Fn@Dh@Jl@Hf@x@fFLbAPhBHz@@T@`@@`@?D?ZAZE`@EZOh@}@jCaAjCw@hBSh@ADI\EJMl@SlAU|ASbBMlAWvEG~@AXAJUbDDJJb@FNF@PHxArAdB`Bb@^j@h@DBh@\`@RXJB@PJRJTPVZ`@h@]zCw@Uw@WIC@ERaBF{@Bu@CAYK_@QAAi@]ECk@i@c@_@eBaByAsAQIGAGOKc@EKTcD@K@YF_AVwELmARcBT}ARmALm@DKH]@ERi@v@iB`AkC|@kCNi@D[Da@@[?[?EAa@Aa@AUI{@QiBMcAy@gFIg@Km@Ei@Go@Ci@Ck@CwCCeACiC?ICqACa@E[IUGMyD~FKJIJURyBvBSRMRMTsBjE_AdBwBrDaFxHZx@BFBJ@L?NCRGVCP?NHl@DJDBD?FG	Click to Generate
S26	30	1			3	The Birley Academy (S26)	The Fairway (S26)	Birley Wood Golf Club (S26)	2101	1576	_bqdItxpG^Gv@K[gEc@J]JYF_AL[D}Fr@u@J{@Jk@@NnE~Cc@??FCBEXEB?H?BDJZ^fB_@gBK[CEI?C?YDCDGB_Db@OoEj@Az@Kt@K|Fs@ZE~@MXG\Kb@KI_AGg@AOAICUEo@AUEk@?ECc@Ew@AKAS?YCmBA{@Aa@?UAUAWEk@AW@AB???TI\C??]BLxAz@J??{@KMyAUH??C?A@@VDj@@V@T?T@`@@z@BlB?X@R@JDv@Bb@?DDj@@TDn@BT@H@NFf@H~@ZfEw@J_@F	Click to Generate
S26	20	1			3	Meraki (S26)	Frecheville Post Office (S26)	St Cyprian (S26)	1866	1400	q|rdIj}pG??W\EBE?KMzCcFT]DGDI`@o@N\m@~@qCpEW\EBE?KMzCcFT]DGDI`@o@V_@V_@d@q@n@aAJOl@_ANU`@q@DJ@H?JAHuBfDMT_@n@E@A@C?IEMKW^W^N\Zz@N\L\N\l@}@pD{FPYr@cA`AaBrAfDuBdD{@tA_@j@uBdD_@j@sAgDO]M]O][{@_EpG	Click to Generate
S26	30	1			3	Grandpa Joe's Potting Shed (S26)	Birley Caravan Storage (S26)	UK Welder (S26)	2996	2247	qaqdIjnnGFJN@\g@AUM]a@aAh@{@fHwKzA_CRb@Y`@ADAF@HHVNb@Rd@BJDBDBFAZMFAD?E?G@[LG@ECECCKc@iAIWAI@G@EXa@Sc@nCeEZx@BFBJ@L?NCRGVCP?NHl@DJDBD?FG??GFE?ECEKIm@?OBQFWBS?OAMCKCG[y@oCdE{A~BgHvKi@z@KN_@h@KNEFW^CBLXDJDHJd@Jd@Jf@@LF`ABz@@|@?v@Al@Ep@Et@Gx@Ed@Af@Af@?|@@v@?d@Ab@CdBA`@AX?ZAZ?\@V@d@?TB`@@\A@C?E@M@M@Y?_A@gAB]@e@H_@JC?KBYJUFq@Zo@^SkAUeASaAQ{@Ms@IYG[Qm@AEOg@EKCKISUk@AEEIGIEKJQjPwV`@m@FIFIBEFKBCV_@DGJO^i@JO`@`AL\@T]f@OAGK	Click to Generate
S26	30	1			3	Birley Caravan Storage (S26)	Birley Moor Fire Station (S26)	The Fairway (S26)	2450	1838	qrpdIxxmGEBE?MQSc@nCeEZx@BFBJ@L?NCRGVCP?NHl@DJDBD?FG??GFE?ECEKIm@?OBQFWBS?OAMCKCG[y@oCdE{A~BgHvKi@z@`@`AL\@T]f@OAGK??FJN@\g@AUM]a@aAKN_@h@KNEFW^CBLXDJDHJd@Jd@Jf@@LF`ABz@@|@?v@Al@Ep@Et@Gx@Ed@Af@Af@?|@@v@?d@Ab@CdBA`@AX?ZAZ?\@V@d@?TB`@@\HbA@P@AB???TI\C??]BUH??C?A@AQIcAA]Ca@?UAe@AW?]@[?[@Y@a@BeB@c@?e@Aw@?}@@g@@g@De@Fy@Du@Dq@@m@?w@A}@C{@GaAAMKg@Ke@U[EGEMKWFKBCV_@DGJO^i@JOh@{@fHwKzA_CRb@LPD?DC	Click to Generate
S26	30	1			3	The Birley Academy (S26)	St Cyprian (S26)	Frecheville Library (S26)	2659	1994	}}qdIplqGL\H\?J?JAHCFCJGDo@p@kAuFEKCIBY@[?sE?o@x@BD?x@B\@\AXGFAXK^UTOHGZMZGF?|BW~Cc@??FCBEXEB?H?BDJZ^fB_@gBK[CEI?C?YDCDGB_Db@OoEe@C[IUGME[QUOCA[W_@c@[g@]c@]]UKSKC?GC_AWADc@jGKjAMOKOMYYs@IWoA{CuBdD{@tA_@j@uBdD_@j@sAgDl@}@t@mAzBmDPYr@cA`AaBrAfDnAzCHVXr@LXJNLNAZA`@An@?j@AzA?n@?rEAZCXBHDJjAtFn@q@FEBKBG@I?K?KI]M]	Click to Generate
S26	20	1			3	Birley Spa Primary Academy (S26)	Spa View Community Church (S26)	GoLocal (S26)	2042	1532	oordIx{mGZ@d@AJ?VN`@d@^d@Xf@h@lABFD@JIFGVj@l@fAu@fBMP_@l@SZKSEIIEI?GFU^y@qBEEEAEFsArBrAsBDGD@DDRf@d@hAT_@FGH?HDDHJRMRc@p@CHCHETCT?TBZHX\v@Pb@N`@`CdGVa@LSNUdA}ALONKPGPCb@@`@??}@@qBQ_@QYm@cAGI{@sASYm@_AGKa@o@L_@Jc@DSBKD]@IDa@@_@@a@@i@?a@@_@B]KEGAE?G@CAEACG?E?GAGGKUOTNFJ??@F?F?DBFD@B@FAD?F@JDC\A^?`@Ah@A`@A^E`@AHPXJL^`@e@pAK@K^GKa@o@Wg@m@gAWk@GFKHEACGi@mAYg@_@e@a@e@WOK?e@@[A	Click to Generate
S26	20	1			3	Birley Spa (S26)	Golden Plover (S26)	Spa View Community Church (S26)	1967	1475	alrdItinGd@hAT_@FGH?HDDHJRMRc@p@CHCHETCT?TBZHX\v@Pb@N`@`CdGVa@LSNUdA}ALONKPGPCb@@`@??}@@qBQ_@QYm@cAGI{@sASYm@_AGKa@o@Wg@m@gAWk@GFKHEACGi@mAYg@_@e@a@e@WOK?e@@[AO?E?e@Ed@DD?j@@d@AJ?VN`@d@^d@Xf@h@lABFD@JIFGVj@l@fAVf@`@n@FJJ_@JATo@Na@k@o@QY@IDa@@_@@a@@i@?a@@_@B]KEGAE?G@CAEACG?E?GAGGKUOTNFJ??@F?F?DBFD@B@FAD?F@JDC\A^?`@Ah@A`@A^E`@AHE\CJERKb@M^Wg@u@fBMP_@l@SZKSEIIEI?GFU^e@iA	Click to Generate
S26	60	1			3	The Fairway (S26)	Birley Health Centre (S26)	The Phoenix Inn (S26)	5254	3940	g_qdIx|oG{@KMyA\C??]BUH??C?A@@VDj@@V@T?T@`@@z@BlB?X@R@JDv@Bb@?DDj@@TDn@BT@H@NFf@H~@ZfEw@J_@F??^Gv@KFp@Dt@L~ADd@Bd@Bf@@f@?f@@b@?V?RAVARAPE^ERG^I^G\GVGZGTGVIZGRGPGPGPGNOXMVMRQVW`@mAtByAlCINGNGNCRCLAR?^GpH?|Cj@RRJPFLLLLHTf@hBBFJRDFN[Xs@jAgCtBaEzCqGlAuCHUj@_BFQfDkLv@qCb@_Bf@_Bx@mChAsD`A_Dt@cDToATwAL_AJw@Ho@BURuALcADYTNUfC@HBHRZJJLJPHQIMKKKKQGICIAITgCUOEXMbAStACTIn@Kv@M~@UvAUnAu@bDaA~CiArDy@lCg@~Ac@~Aw@pCgDjLGPk@~AITmAtC{CpGuB`EkAfCYr@OZEGKSCGg@iBIUMMMMQGSKk@S?}CFqH?_@@SBMBSFOFOHOxAmClAuBVa@PWLSLWNYFOFQFQFQFSH[FWFUF[FWF]H_@F_@DSD_@@Q@S@W?S?WAc@?g@Ag@Cg@Ce@Ee@M_BEu@Gq@[gEI_AGg@AOAICUEo@AUEk@?ECc@Ew@AKAS?YCmBA{@Aa@?UAUAWEk@AW@AB???TILxAz@J	Click to Generate
S26	20	1			3	Golden City (S26)	The Sherwood (S26)	St Cyprian (S26)	1787	1340	q{rdI|{pG_@l@W\EBE?KMzCcFT]DGDI`@o@N\U\iDrFW\EBE?KMzCcFT]DGDI`@o@V_@V_@d@q@IUCE?OOVEC[s@?Ac@r@\t@`@s@DBNW?NBDHTe@p@W^W^N\Zz@N\L\N\l@}@pD{FPYr@cA`AaBrAfDuBdD{@tA_@j@uBdD_@j@sAgDO]M]O][{@_DbF	Click to Generate
S26	60	1			3	View from Carter Hall Lane to Sunny Bank (S26)	Arnold Avenue in Charnock Hall (S26)	Charnock Hall Road (S26)	5234	3926	ckpdIp`sG_@Bo@T_@Ra@VQPQVoAhC[j@m@nAa@|@K\[nAgAjDs@`C_@bAWf@CFCNAJWf@Wd@KVIPIRK\ADCN@X@d@ODUHMHKHSRKN_A[aE{AsBq@QGEAECBW@G@O@IDe@L}@Lu@Jw@DWVwAzBwLz@mERiAd@qCLo@@EHe@N[Xs@jAgCtBaEzCqGlAuCHUz@t@??{@u@ITmAtC{CpGuB`EkAfCYr@OZId@ADMn@e@pCShA{@lE{BvLWvAEVKv@Mt@M|@Ed@AHANAFCVDBD@PFrBp@`EzA~@ZJORSJILITINEx@Gx@GPAN@LFPPLTFJDNPr@p@i@TYNYhBaFBGlCiHPc@HOLIHENAJBLJHJJTd@nAVv@^nAJ\D^?ZA\CVIXq@hBIRTb@DPJp@Ff@TbB?L?NABCJQf@[dAGLEHGDG@G@IC_BqAKMOQw@pBELEJQd@K\}@tEKZMVKLOHUDQ?QE_Ao@hA}GD]?[?YEe@GY?CKc@Mc@Sy@I]CGGYQs@EOGKMUQQMGOAQ@y@Fy@FAe@AYBO@EJ]HSHQJWVe@Vg@@KBOBGVg@^cAr@aCfAkDZoAJ]`@}@l@oAZk@nAiCPWPQ`@W^Sn@U^C	Click to Generate
S26	45	1			3	Charnock Hall Road (S26)	Arnold Avenue in Charnock Hall (S26)	Carter Hall Lane (S26)	3396	2547	qiqdIdgtGvBv@~@ZJORSJILITINEx@Gx@GPAN@LFPPLTFJDNPr@FXBFH\Rx@Lb@Jb@?BFXDd@?X?ZE\iA|G~@n@PDP?TENIJMLWJ[|@uEJ]Pe@DKDMv@qBNPJL~ApAHBFAFAFEDIFMZeAPg@BK@C?O?MUcBGg@Kq@EQUc@HSp@iBHYBW@]?[E_@K]_@oAWw@e@oAKUIKMKKCO@IDMHINQb@mChHCFiB`FOXUXq@h@Qs@EOGKMUQQMGOAQ@y@Fy@FAe@AYBO@EJ]HSHQJWVe@Vg@@KBOBGVg@^cAr@aCfAkDZoAJ]`@}@l@oAZk@nAiCPWPQ`@W^Sn@U^CFA`@D`@H~@Z\J?n@@HHPIQAI?o@]K_A[a@Ia@Eg@Do@T_@Ra@VQPQVoAhC[j@m@nAa@|@K\[nAgAjDs@`C_@bAWf@CFCNAJWf@Wd@KVIPIRK\ADCN@X@d@ODUHMHKHSRKN_A[wBw@	Click to Generate
S26	45	1			3	Arnold Avenue in Charnock Hall (S26)	Carter Hall Road, Charnock (S26)	Carter Hall Lane (S26)	3693	2770	qwpdIbqtG?BFXDd@?X?ZE\iA|G~@n@PDP?TENIJMLWJ[|@uEJ]Pe@DKDMv@qBNPJL~ApAHBFAFAFEDIFMZeAPg@BK@C?O?MUcBGg@Kq@EQUc@HSp@iBHYBW@]?[E_@K]_@oAWw@e@oAKUIKMKKCO@IDMHINQb@mChHCFiB`FOXUXq@h@Qs@EOGKMUQQMGOAQ@y@Fy@FODUHMHKHSRKNq@rAO\KVKZOf@_AtCuBeCKKOKx@}HhAb@vBv@~@ZJORSJILITINEAe@AYBO@EJ]HSHQJWVe@Vg@@KBOBGVg@^cAr@aCfAkDZoAJ]`@}@l@oAZk@nAiCPWPQ`@W^Sn@U^CFA`@D`@H~@Z\J?n@@HHPIQAI?o@]K_A[a@Ia@Eg@Do@T_@Ra@VQPQVoAhC[j@m@nAa@|@K\[nAgAjDs@`C_@bAWf@CFCNAJWf@Wd@KVIPIRK\ADCN@X@d@x@Gx@GPAN@LFPPLTFJDNPr@FXBFH\Rx@Lb@Jb@	Click to Generate
S26	20	1			3	Safa (S26)	Meraki (S26)	St Cyprian (S26)	1531	1148	cqrdIbupGu@lAm@|@O]M]O][{@O]V_@V_@d@q@n@aAJOk@oAACi@uAh@tAl@rAKNo@`Ae@p@W^W^N\m@~@qCpEW\EBE?KMzCcFT]DGDI`@o@N\Zz@N\L\N\rAfD^k@tBeD^k@z@uAtBeDsAgDaA`Bs@bAQX{BlD	Click to Generate
S26	20	1			3	The Birley (S26)	Safa (S26)	St Cyprian (S26)	1694	1270	}yrdIpypGsAxBW\EBE?KMzCcFT]DGDI`@o@V_@V_@LJHDB?@AZv@JTHTYd@M@KMGEI?MP[{@O]V_@V_@d@q@n@aAJOk@oAACi@uAh@tAl@rAKNo@`Ae@p@W^W^N\Zz@N\L\N\l@}@pD{FPYr@cA`AaBrAfDuBdD{@tA_@j@uBdD_@j@sAgDO]M]O][{@kBvC	Click to Generate
S26	20	1			3	Meraki (S26)	St Cyprian (S26)	Kieu’s Nails (S26)	1657	1243	msrdIxppG_@n@E@A@C?IEMKW^W^N\m@~@qCpEW\EBE?KMzCcFT]DGDI`@o@N\Zz@N\L\N\l@}@pD{FPYr@cA`AaBrAfDuBdD{@tA_@j@uBdD_@j@sAgDO]M]O][{@{DhGCFW\EBE?KMzCcFT]DGDI`@o@V_@V_@LJHDB?@ADA^o@	Click to Generate
S26	15	1			3	Bullie Ink Tattoo Collective (S26)	The Sherwood (S26)	St Cyprian (S26)	1437	1078	gwrdIvupGiCdE_@l@W\EBE?KMzCcFT]DGDI`@o@V_@V_@d@q@IUCE?OOVEC[s@?Ac@r@\t@`@s@DBNW?NBDHTe@p@W^W^N\Zz@N\L\N\l@}@pD{FPYr@cA`AaBrAfDuBdD{@tA_@j@uBdD_@j@sAgDO]M]O][{@U\	Click to Generate
S26	30	1			3	Spa View Community Church (S26)	Birley Spa Primary Academy (S26)	Birley Spa (S26)	2145	1609	oardIhfnGNa@k@o@QY@IDa@@_@@a@@i@?a@@_@B]KEGAE?G@CAEACG?E?GAGGKUOTNFJ??@F?F?DBFD@B@FAD?F@JDC\A^?`@Ah@A`@A^E`@AHE\CJERKb@M^Wg@u@fBMP_@l@SZKSEIIEI?GFU^y@qBEEEAEFsArBrAsBDGD@DDRf@d@hAT_@FGH?HDDHJRMRc@p@CHCHETCT?TBZHX\v@Pb@N`@`CdGVa@LSNUdA}ALONKPGPCb@@`@??}@@qBQ_@QYm@cAGI{@sASYm@_AGKa@o@Wg@m@gAWk@GFKHEACGi@mAYg@_@e@a@e@WOK?e@@[AO?E?e@Ed@DD?j@@d@AJ?VN`@d@^d@Xf@h@lABFD@JIFGVj@l@fAVf@`@n@FJJ_@JATo@	Click to Generate
S26	30	1			3	Spa View Community Church (S26)	Birley Spa Primary Academy (S26)	Birley Spa (S26)	2110	1582	_brdIddnGKMQY@IDa@@_@@a@@i@?a@@_@B]KEGAE?G@CAEACG?E?GAGGKUOTNFJ??@F?F?DBFD@B@FAD?F@JDC\A^?`@Ah@A`@A^E`@AHE\CJERKb@M^Wg@u@fBMP_@l@SZKSEIIEI?GFU^y@qBEEEAEFsArBrAsBDGD@DDRf@d@hAT_@FGH?HDDHJRMRc@p@CHCHETCT?TBZHX\v@Pb@N`@`CdGVa@LSNUdA}ALONKPGPCb@@`@??}@@qBQ_@QYm@cAGI{@sASYm@_AGKa@o@Wg@m@gAWk@GFKHEACGi@mAYg@_@e@a@e@WOK?e@@[AO?E?e@Ed@DD?j@@d@AJ?VN`@d@^d@Xf@h@lABFD@JIFGVj@l@fAVf@L_@Jc@DSBKD]PXJL	Click to Generate
S26	30	1			3	Birley Caravan Storage (S26)	Birley Moor Fire Station (S26)	The Fairway (S26)	2522	1892	mspdI`|mGOc@IWAI@G@EXa@Sc@nCeEZx@BFBJ@L?NCRGVCP?NHl@DJDBD?FG??GFE?ECEKIm@?OBQFWBS?OAMCKCG[y@oCdE{A~BgHvKi@z@`@`AL\@T]f@OAGK??FJN@\g@AUM]a@aAKN_@h@KNEFW^CBLXDJDHJd@Jd@Jf@@LF`ABz@@|@?v@Al@Ep@Et@Gx@Ed@Af@Af@?|@@v@?d@Ab@CdBA`@AX?ZAZ?\@V@d@?TB`@@\HbA@P@AB???TI\C??]BUH??C?A@AQIcAA]Ca@?UAe@AW?]@[?[@Y@a@BeB@c@?e@Aw@?}@@g@@g@De@Fy@Du@Dq@@m@?w@A}@C{@GaAAMKg@Ke@U[EGEMKWFKBCV_@DGJO^i@JOh@{@fHwKzA_CRb@Y`@ADAF@HHVNb@	Click to Generate
S26	45	1			3	The Strad (S26)	Outwood Academy City (S26)	Stradbroke Community Centre (S26)	3990	2992	caudIjloG@Cf@_Bf@}AFO@EAG@GDEBGLJLWBKBIDDBBHFFYJm@Ho@Fo@D}@@aAF_C@_@DUFGLAh@@r@DH?@{@?]Au@AgAAc@Ae@?C?UL?@?F?FEBI?YCa@?QDKJEPAj@JN@LCVEREX@HDDJ@T?|E@n@LdB?p@?jA?pAAjBG~BI`BHaBF_C@kB?}C?q@MeBAo@?}EAUEKIEYASDWDMBOAk@KQ@KDEJ?PB`@?XCHGDG?A?M??T?B@d@@b@@fA@t@?\Az@ExCGtDAZCf@Gt@M|@Mp@IXIXQd@ITUp@qAxDOb@GRKZKf@Kn@Kp@SpAM~@SbAWpAGTYhAg@nBSt@Ur@Qj@Qj@CHGRy@fDIZU~@c@dB_@`B[nAeAnEENCLe@k@EEi@}@k@gACEUe@FMp@}BDQ?KUu@Ka@CYA[?_@?UBYDSDSDMFCFUTULOc@d@GTGBELERERCX?T?^@ZBXJ`@Tt@?JEPq@|BGLTd@BDj@fAh@|@DDd@j@BMDOdAoEZoA^aBb@eBT_AH[x@gDEGa@k@OWMUU[S[DMZ{@f@{AZcAPw@BKbAmFNq@\kBHc@f@wBEAE?[Ca@A?O@[\@F?FGX{@	Click to Generate
S26	20	1			3	The Admiral (S26)	Frecheville Post Office (S26)	St Cyprian (S26)	1515	1136	yxrdI~wpGwBjDUZA@EBE?KMzCcFT]DGDI`@o@V_@V_@d@q@n@aAJOl@_ANU`@q@DJ@H?JAHuBfDMT_@n@E@A@C?IEMKW^W^N\Zz@N\L\N\l@}@pD{FPYr@cA`AaBrAfDuBdD{@tA_@j@uBdD_@j@sAgDO]M]O][{@gAdB	Click to Generate
S26	20	1			3	Frecheville Post Office (S26)	St Cyprian (S26)	The Co-operative Food (S26)	2000	1500	_yrdIfxpGqBbDW\EBE?KMzCcFT]DGDI`@o@V_@V_@d@q@n@aAJOl@_ANU`@q@DJ@H?JAHuBfDMT_@n@E@A@C?IEMKW^W^N\Zz@N\L\N\rAfD^k@tBeD^k@z@uAtBeDsAgDnB}CZg@pDuFyAoDo@`AuAxBm@|@GJEFEH{@rAc@r@eAdB_@h@e@t@a@p@OTm@~@KNo@`Ae@p@W^W^N\mAlB	Click to Generate
S26	60	1			3	Outwood Academy City (S26)	Stradbroke Community Centre (S26)	WD Motors (S26)	7641	5731	_`udIvioGDOf@}AFO@ETXBBDDBI\gAFYJm@Ho@Fo@D}@@aAF_C@_@DUFGLAh@@r@DH?@{@?]Au@AgAAc@Ae@?C?UL?@?F?FEBI?YCa@?QDKJEPAj@JN@LCVEREX@HDDJ@T?|E@n@LdB?p@?jA?pAAjBG~BI`BHaBF_C@kB?}C?q@MeBAo@?}EAUEKIEYASDWDMBOAk@KQ@KDEJ?PB`@?XCHGDG?A?M??T?B@d@@b@@fA@t@?\Az@ExCGtDAZCf@Gt@M|@Mp@IXIXQd@ITUp@qAxDOb@GRKZKf@Kn@Kp@SpAM~@SbAWpAGTYhAg@nBSt@Ur@Qj@Qj@CHGRy@fDIZU~@c@dB_@`B[nAeAnEENCLe@k@EEi@}@k@gACEUe@FMp@}BDQ?KUu@Ka@CYA[?_@?UBYDSDSDMFCFUTULOc@d@GTGBELERERCX?T?^@ZBXJ`@Tt@?JEPq@|BGLTd@BDj@fAh@|@DDd@j@Z\^d@\n@Zr@\x@FLFJZh@BDFJBFDFDDf@t@HLX^T\Rd@Vd@Pb@Tp@Tv@T`At@bCl@fCZtAPbARbAV~APnAPvADd@@L??@\@T@N?P?VAf@Ad@MjCF@D?@?DCDEDIDQv@iDh@wBPu@Jq@XqCj@uFHs@De@rC{Wn@_GLgAHg@BYLy@NkAxAaJ@CJs@d@sCD]LeANaA^yBTmAn@sDXgBHk@Hc@Da@BY@]?g@Ac@?GA[E@AAE?WGAHEb@??E^ERETEl@Iz@KhAC`ABaAJiAH{@Dm@DUDSD_@Dc@@IVFD?@@DAA[?IAo@CaAAm@CiACsAAyA?wA?S?mA?}A?s@?eB?U?y@?[?g@?E?O?Y?QAe@AMEWCUM]Q]A?EECCGKCKAI?I?I?M@E@SBg@BYHc@BW@[B[@W?WAq@IqCA]CYCSWoBS}AGa@My@WyAUuAIF]Ty@p@m@l@i@n@EI]w@[w@_@s@_@o@U]q@}@SQMIKGMCYGk@I]EG`C?HCjAC|@?x@AXAjB?~A?~@?~C?t@BH?T?NCL?f@?J?R@JPxE@R?NBx@?R?H@V@|@?T?B@d@@b@@fA@t@?\Az@I?s@Ei@AM@GFETA^G~BA`AE|@Gn@In@Kl@GX]fACHEECCUYADGNg@|AEN	Click to Generate
S26	30	1			3	Birley Spa Primary Academy (S26)	Birley Spa (S26)	Our Lady of Lourdes (S26)	2496	1872	ubrdIpanG??E`@AHE\CJERKb@M^Wg@u@fBMP_@l@SZKSEIIEI?GFU^y@qBEEEAEFsArBrAsBDGD@DDRf@d@hAT_@FGH?HDDHJRMRc@p@CHCHETCT?TBZHX\v@Pb@N`@`CdGVa@LSNUdA}ALONKPGPCb@@`@??}@@qBQ_@QYm@cAGI{@sASYm@_AGKa@o@Wg@m@gAWk@GFKHEACGi@mAYg@_@e@a@e@WOK?e@@[AO?E?e@Ed@DD?j@@d@AJ?VN`@d@^d@Xf@h@lABFD@JIFGVj@l@fAVf@L_@Jc@DSBKD]@IDa@@_@@a@@i@?a@@_@B]Fa@?ABQNyAPoAb@sDHo@@IDQHSHOPQNIBLBVF\Ld@L^Vj@lAhByBjFIPIReA`CSWMOMEMCOAO?Ah@A`@A^	Click to Generate
S26	20	1			3	Meraki (S26)	Frecheville Post Office (S26)	St Cyprian (S26)	1866	1400	m|rdIb}pGCFW\EBE?KMzCcFT]DGDI`@o@N\m@~@qCpEW\EBE?KMzCcFT]DGDI`@o@V_@V_@d@q@n@aAJOl@_ANU`@q@DJ@H?JAHuBfDMT_@n@E@A@C?IEMKW^W^N\Zz@N\L\N\l@}@pD{FPYr@cA`AaBrAfDuBdD{@tA_@j@uBdD_@j@sAgDO]M]O][{@{DhG	Click to Generate
S26	20	1			3	The Fairway (S26)	Birley Health Centre (S26)	The Birley Academy (S26)	2045	1534	mnqdIjyoGDCTGXKNC^Kd@I\AfAC~@AX?LALADAB?@AHbA@P@AB???TI\C??]BUH??C?A@@VDj@@V@T?T@`@@z@BlB?X@R@JDv@Bb@?DDj@@TDn@BT@H@NFf@H~@ZfEw@J_@F??^Gv@K[gEc@J]JYF_AL[D}Fr@u@J{@Jk@@NnE~Cc@??FCBEXEB?H?BDJZ^fB_@gBK[CEI?C?YDCDGB_Db@OoEj@Az@Kt@KQmECUAWAYUwECc@I_AMoAOgASsAn@_@j@W	Click to Generate
S26	20	1			3	Meraki (S26)	Frecheville Post Office (S26)	St Cyprian (S26)	1866	1400	y|rdIt}pGOREBE?KMzCcFT]DGDI`@o@N\m@~@qCpEW\EBE?KMzCcFT]DGDI`@o@V_@V_@d@q@n@aAJOl@_ANU`@q@DJ@H?JAHuBfDMT_@n@E@A@C?IEMKW^W^N\Zz@N\L\N\l@}@pD{FPYr@cA`AaBrAfDuBdD{@tA_@j@uBdD_@j@sAgDO]M]O][{@_EpGGH	Click to Generate
S26	20	1			3	The Birley (S26)	Safa (S26)	St Cyprian (S26)	1694	1270	e{rdIj{pGk@~@W\EBE?KMzCcFT]DGDI`@o@V_@V_@LJHDB?@AZv@JTHTYd@M@KMGEI?MP[{@O]V_@V_@d@q@n@aAJOk@oAACi@uAh@tAl@rAKNo@`Ae@p@W^W^N\Zz@N\L\N\l@}@pD{FPYr@cA`AaBrAfDuBdD{@tA_@j@uBdD_@j@sAgDO]M]O][{@sCpE	Click to Generate
S26	20	1			3	Frecheville Post Office (S26)	Kieu’s Nails (S26)	St Cyprian (S26)	1866	1400	_xrdIxvpGqCpEW\EBE?KMzCcFT]DGDI`@o@V_@V_@d@q@n@aAJOl@_ANU`@q@DJ@H?JAHuBfDMT_@n@E@A@C?IEMKW^W^N\{DhGCFW\EBE?KMzCcFT]DGDI`@o@N\Zz@N\L\N\l@}@pD{FPYr@cA`AaBrAfDuBdD{@tA_@j@uBdD_@j@sAgDO]M]O][{@m@~@	Click to Generate
S26	30	1			3	The Fairway (S26)	Birley Health Centre (S26)	The Co-operative Food (S26)	2872	2154	{nqdIryoGRKTGXKNC^Kd@I\AfAC~@AX?LALADAB?@AHbA@P@AB???TI\C??]BUH??C?A@@VDj@@V@T?T@`@@z@BlB?X@R@JDv@Bb@?DDj@@TDn@BT@H@NFf@H~@ZfEw@J_@F??^Gv@K[gEc@J]JYF_AL[D}Fr@u@J{@Jk@@e@C[IUGME[QUOCA[W_@c@[g@]c@]]UKSKC?GC_AWx@_M?SASGSSk@yAoDo@`AuAxBm@|@GJEFEH{@rAc@r@eAdB_@h@e@t@a@p@C[@IDKj@y@DCPF^i@dAeB~AgCDIDGFKl@}@tAyBn@aAz@wABGPUXg@NSV_@Va@FIb@s@FIpAoBJMDJFHDH@DTj@HRBJDJNf@@DPl@FZHXLr@Pz@R`ATdARjAn@_@\O	Click to Generate
S26	20	1			3	Spa View Community Church (S26)	GoLocal (S26)	Birley Spa (S26)	1446	1084	k}qdIrjmGCMOHQPINIREPAHIn@c@rDQnAOxACP?@G`@KEGAE?G@CAEACG?E?GAGGKUOTNFJ??@F?F?DBFD@B@FAD?F@JDC\A^?`@Ah@A`@A^E`@AHPXJL^`@e@pAK@K^GKa@o@Wg@m@gAWk@GFKHEACGi@mAYg@_@e@a@e@WOK?e@@[AO?E?e@Ed@DD?j@@d@AJ?VN`@d@^d@Xf@h@lABFD@JIFGVj@l@fAVf@L_@Jc@DSBKD]@IDa@@_@@a@@i@?a@@_@B]Fa@?ABQNyAPoAb@sDHo@@IDQHSHOPQNIBL	Click to Generate
S26	60	1			3	The Strad (S26)	Grayson's Plumbing & Heating Supplies (S26)	WD Motors (S26)	5342	4006	yntdIpxnG?kA?q@MeBAo@?}EAUEKIEYASDWDMBOAk@KQ@KDEJ?PB`@?XCHGDG?A?M??T?B@d@@b@@fA@t@?\Az@I?s@Ei@AM@GFETA^G~BA`AE|@Gn@In@Kl@GXIGCCEECHCJMVMKCFEDAF@FADGNg@|Ag@~AABYz@GFG?]AAZ?N`@@ZBD?D@`@sABMHUL_@Nc@HWb@uABI\gAFYJm@Ho@Fo@D}@@aAF_C@_@DUFGLAh@@r@DH?@{@?]Au@AgAAc@Ae@?C?UA}@AW?I?SCy@?OASQyEAK?S?K?g@BM?O?UCI?u@?_D?_A?_B@kB@Y?y@B}@BkA?IFaC\Dj@HXFLBJFLHRPp@|@T\^n@^r@Zv@\v@DHh@o@l@m@x@q@\UHGTtAVxALx@F`@R|AVnBBRBX@\HpC@p@?VAVCZAZCV?T@N@JBLHJFPDDBDDHBP@H?HAHAJAR?VBh@?p@@L@d@?P?X?N?D?f@?Z?x@?T?dB?r@?|A?lA?R?vA@xABrABhA@l@B`A@n@?H@ZE@AAE?WGAHEb@??E^ERETEl@Iz@KhAC`ABaAJiAH{@Dm@DUDSD_@Dc@@IVFD?@@DAA[?IAo@CaAAm@CiACsAAyA?wA?S?mA?}A?s@?eB?U?y@?[?g@?E?O?Y?QAe@AMEWCUM]Q]A?EECCGKCKAI?I?I?M@E@SBg@BYHc@BW@[B[@W?WAq@IqCA]CYCSWoBS}AGa@My@WyAUuAIF]Ty@p@m@l@i@n@EI]w@[w@_@s@_@o@U]q@}@SQMIKGMCYGk@I]EG`C?HCjAC|@?x@AXAjB?~A?~@?~C?t@BH?T?NCL?f@?J?R@JPxE@R?NBx@?R?H@V@|@L?@?F?FEBI?YCa@?QDKJEPAj@JN@LCVEREX@HDDJ@T?|E@n@LdB?p@?jA	Click to Generate
S26	20	1			3	Golden City (S26)	The Sherwood (S26)	St Cyprian (S26)	1787	1340	}{rdIl|pGS\W\EBE?KMzCcFT]DGDI`@o@N\U\iDrFW\EBE?KMzCcFT]DGDI`@o@V_@V_@d@q@IUCE?OOVEC[s@?Ac@r@\t@`@s@DBNW?NBDHTe@p@W^W^N\Zz@N\L\N\l@}@pD{FPYr@cA`AaBrAfDuBdD{@tA_@j@uBdD_@j@sAgDO]M]O][{@kDrF	Click to Generate
S26	45	1			3	The Swan (S26)	The Phoenix Inn (S26)	St John the Evangelist (S26)	3873	2905	kmodItnoG`@RXJB@PJRJTPVZ`@h@r@t@j@b@r@d@E^U|AId@Q|A\NRHZ_CBOTo@HUF[aAi@s@e@k@c@s@u@a@i@W[UQSKQKCAYKa@Si@]ECk@i@c@_@eBaByAsAQIGAQDOHKJYdA[nAG`@_@lBOhA_@`ECVIr@]hCERTNUfC@HBHRZJJLJPHQIMKKKKQGICIAITgCUODS\iCHs@BW^aENiA^mBFa@ZoAXeAJKNIPEF@PHxArAdB`Bb@^j@h@DBh@\`@RXJB@PJRJTPVZ`@h@r@t@j@b@r@d@`Ah@@@`@NXFFBn@LH?b@F`@@d@?l@B^DL@vBj@jA\x@Rt@^VNv@`@`Bx@FDPFZLVHPDzA\dDt@@yA@{@Az@AxAeDu@{A]QEWI[MYMaBy@w@a@WOu@_@y@SkA]wBk@MA_@Em@Ce@?a@Ac@GI?o@MGCYGa@OAAaAi@s@e@k@c@s@u@a@i@W[UQSKQKCAYKa@S	Click to Generate
S26	30	1			3	Stradbroke Community Centre (S26)	Antico (S26)	The Strad (S26)	2747	2060	{vudIbwpGTTMh@EJ?BCF?BENEJEPX`@RZt@lAP\FMp@}BDQ?KUu@Ka@CYA[?_@?UBYDSDSDMFCFUTULOc@d@GTGBELERERCX?T?^@ZBXJ`@Tt@?JEPq@|BGLTd@BDj@fAh@|@DDd@j@BMDOdAoEZoA^aBb@eBT_AH[x@gDEGa@k@OWMUU[S[DMZ{@f@{AZcAPw@BKbAmFNq@\kBHc@f@wBEAE?[Ca@A?O@[\@F?FGL_@L_@f@_Bf@}AFO@EAG@GDEBGLJLWBKBIDDBBHF]fACHc@tAIVOb@M^ITCLa@rAg@vBIb@]jBOp@cAlFCJQv@[bAg@zA[z@ELRZTZLTNV`@j@DFy@fDIZU~@c@dB_@`B[nAeAnEENCLe@k@EEi@}@k@gACEUe@Q]u@mAS[Ya@DQDKDO?CBG?CDKLi@UU	Click to Generate
S26	45	1			3	The Swan (S26)	The Phoenix Inn (S26)	St John the Evangelist (S26)	3869	2902	imodIvnoG^PXJB@PJRJTPVZ`@h@r@t@j@b@r@d@E^U|AId@Q|A\NRHZ_CBOTo@HUF[aAi@s@e@k@c@s@u@a@i@W[UQSKQKCAYKa@Si@]ECk@i@c@_@eBaByAsAQIGAQDOHKJYdA[nAG`@_@lBOhA_@`ECVIr@]hCERTNUfC@HBHRZJJLJPHQIMKKKKQGICIAITgCUODS\iCHs@BW^aENiA^mBFa@ZoAXeAJKNIPEF@PHxArAdB`Bb@^j@h@DBh@\`@RXJB@PJRJTPVZ`@h@r@t@j@b@r@d@`Ah@@@`@NXFFBn@LH?b@F`@@d@?l@B^DL@vBj@jA\x@Rt@^VNv@`@`Bx@FDPFZLVHPDzA\dDt@@yA@{@Az@AxAeDu@{A]QEWI[MYMaBy@w@a@WOu@_@y@SkA]wBk@MA_@Em@Ce@?a@Ac@GI?o@MGCYGa@OAAaAi@s@e@k@c@s@u@a@i@W[UQSKQKCAYK_@Q	Click to Generate
S26	30	1			3	Frecheville Library (S26)	Meraki (S26)	The Co-operative Food (S26)	2503	1877	{srdIfkpGj@nAl@_ANU`@q@d@u@^i@dAeB~AgCDIDGFKl@}@tAyBn@aAxAnDqDtF[f@oB|CaA`Bs@bAQX{BlDu@lAm@|@O]M]O][{@m@~@qCpEW\EBE?KMzCcFT]DGDI`@o@V_@V_@d@q@n@aAJOl@_ANU`@q@d@u@^i@dAeBb@s@z@sADIDGFKl@}@tAyBn@aAz@wABGPUXg@N\@J?JCHGDGAGGOSQTCF{@vAo@`AuAxBm@|@GJEFEH_BfCeAdB_@h@e@t@a@p@OTm@~@k@oA	Click to Generate
S26	60	1			3	Birley Spa Primary Academy (S26)	Safa (S26)	Sleeping Giant (S26)	5985	4489	g`sdItboGJINGRGNCJCAs@Aq@?e@?G@e@Bo@Bk@Fq@JeADc@@Y@_@?]A_@Ca@Ei@Ig@?AKc@WcAk@wBMe@Og@Og@O]k@uAGQy@oBGO`@m@f@m@n@s@z@q@`@[|@o@VQLKLMV[HKXi@HMb@aAj@mA^}@Pc@p@oBDM`@uALe@JNHN@BDLHZLvAD`@D^Fn@Db@LtAB\Hp@F^JZNXPPTJRDNBT@ClA?T?j@B~@Ft@Fv@Jp@Lv@Np@DNJ\Rf@Vj@l@fAu@fBMP_@l@SZKSEIIEI?GFU^y@qBEEEAEFsArBrAsBDGD@DDRf@d@hAT_@FGH?HDDHJRMRc@p@CHCHETCT?TBZHX\v@_@j@QXKVGTCXCjAAl@ATCNEPc@v@g@v@GPEPCV?VDXDL@FXx@DFMRGREVAV@ZDTN^~@~BxArDJVFRBR@R?f@@d@DTFNL`@GJEFEH_BfCeAdB_@h@e@t@a@p@OTm@~@k@oAACi@uAh@tAl@rAl@_ANU`@q@d@u@^i@dAeB~AgCDIDGFKl@}@tAyBn@aAz@wABGPUXg@NSV_@Va@FIb@s@O]CII_@EWAUCa@?e@@c@?M@cF?S@sA?yA?}@@qBQ_@QYm@cAGI{@sASYm@_AGKa@o@Wg@m@gAWk@GFKHEACGi@mAYg@_@e@a@e@WOK?e@@k@AE???e@Ed@DD?j@@d@AJ?VN`@d@^d@Xf@h@lABFD@JIFGSg@K]EOOq@Mw@Kq@Gw@Gu@C_A?k@?UBmAUAOCSEUKQQOYK[G_@Iq@C]MuAEc@Go@E_@Ea@MwAI[EMACIOKOMd@a@tAELq@nBQb@_@|@k@lAc@`AILYh@IJWZMLMJWP}@n@a@Z{@p@o@r@g@l@a@l@FNx@nBFPj@tAN\Nf@Nf@Ld@j@vBVbAJb@?@Hf@Dh@B`@@^?\A^AXEb@KdAGp@Cj@Cn@Ad@?F?d@@p@@r@KBOBSFOFKH	Click to Generate
S26	60	1			3	Sleeping Giant (S26)	St John Fisher Primary, A Catholic Voluntary Academy (S26)	Spa View Community Church (S26)	6727	5045	u_sdI~dlGAfBCpAC~AG`CGjAI`AEb@Eh@MbAM|@UrAUfASv@Sx@O`@]dAc@~@i@nAcErFoGnFkFlEWb@MPEJOZAHAJAR?VBh@?p@@L@d@?P?XJ@R?\BNBVHB@PJ\Z`@V\VZTTFJB\D\Af@Eb@ORKLIVUZ]Xa@HMJQTg@JYN_@La@Lc@Pm@ZcAPi@@ALc@\y@L[LYBIN[Xi@T[Va@`@m@f@m@n@s@z@q@`@[|@o@VQLKLMV[HKXi@HMb@aAj@mA^}@Pc@p@oBDM`@uALe@JNHN@BDLHZLvAD`@D^Fn@Db@LtAB\Hp@F^JZNXPPTJRDNBT@ClA?T?j@B~@Ft@Fv@Jp@Lv@Np@DNJ\Rf@GFKHEACGi@mAYg@_@e@a@e@WOK?e@@k@AE???e@Ed@DD?j@@d@AJ?VN`@d@^d@Xf@h@lABFD@JIFGVj@l@fAVf@L_@Jc@DSBKD]@IDa@@_@@a@@i@?a@@_@B]Fa@?ABQNyAPoAb@sDHo@@IDQHSHOPQNIGg@I[NKJKHIJALB??MCK@IHKJOJHZFf@OHQPINIREPAHIn@c@rDQnAOxACP?@G`@KEGAE?G@CAEACG?E?GAGGKUOTNFJ??@F?F?DBFD@B@FAD?F@JDC\A^?`@Ah@A`@A^E`@AHE\CJERKb@M^Wg@m@gAWk@Sg@K]EOOq@Mw@Kq@Gw@Gu@C_A?k@?UBmAUAOCSEUKQQOYK[G_@Iq@C]MuAEc@Go@E_@Ea@MwAI[EMACIOKOMd@a@tAELq@nBQb@_@|@k@lAc@`AILYh@IJWZMLMJWP}@n@a@Z{@p@o@r@g@l@a@l@W`@UZYh@OZCHMXMZ]x@Mb@A@Qh@[bAQl@Mb@M`@O^KXUf@KPILY`@[\WTMHSJc@Ng@D]@]EKCUG[U]Wa@W][QKCAWIOC]CS?KA?Y?QAe@AMEWCUM]Q]A?EECCGKCKAI?I?I?M@EBIBEFIFCFAD?FBXGTG`@QjFmEnGoFbEsFh@oAb@_A\eANa@Ry@Rw@TgATsAL}@LcADi@Dc@HaAFkAFaCB_BBqA@gB	Click to Generate
S26	60	1			3	Birley Spa Primary Academy (S26)	Sleeping Giant (S26)	Safa (S26)	5116	3837	c_sdIx~nGTELE?e@?G@e@Bo@Bk@Fq@JeADc@@Y@_@?]A_@Ca@Ei@Ig@?AKc@WcAk@wBMe@Og@Og@O]k@uAGQy@oBGO`@m@f@m@n@s@z@q@`@[|@o@VQLKLMV[HKXi@HMb@aAj@mA^}@Pc@p@oBDM`@uALe@JNHN@BDLHZLvAD`@D^Fn@Db@LtAB\Hp@F^JZNXPPTJRDNBT@ClA?T?j@B~@Ft@Fv@Jp@Lv@Np@DNJ\Rf@Vj@l@fAu@fBMP_@l@SZKSEIIEI?GFU^y@qBEEEAEFsArBrAsBDGD@DDRf@d@hAT_@FGH?HDDHJRMRc@p@CHCHETCT?TBZHX\v@Pb@N`@`CdGVa@LSNUdA}ALONKPGPCb@@`@??}@@qBQ_@QYm@cAGI{@sASYm@_AGKa@o@Wg@m@gAWk@GFKHEACGi@mAYg@_@e@a@e@WOK?e@@k@AE???e@Ed@DD?j@@d@AJ?VN`@d@^d@Xf@h@lABFD@JIFGVj@l@fAVf@`@n@FJl@~@RXz@rAFHl@bAPXP^ApB?|@?xAArA?RAbF?LAb@?d@B`@@TDVH^BHN\c@r@GHW`@W^ORYf@QTCF{@vAo@`AuAxBm@|@GJEFEH_BfCeAdB_@h@e@t@a@p@OTm@~@k@oAACi@uAh@tAl@rAKNo@`Ae@p@W^W^a@n@EHEFU\]u@Qc@]}@K[Qg@Me@Ia@EOKk@K}@Gw@E{@A_A?aAB{@Dw@D_@Fq@Fo@P{Ah@cFBa@?I?S?_@?K?QKqACKEYACQaAEc@Ge@Ei@Em@As@Aq@MDUD	Click to Generate
S26	20	1			3	Birley Spa Primary Academy (S26)	Spa View Community Church (S26)	GoLocal (S26)	2066	1550	eprdIx{mGD?j@@d@AJ?VN`@d@^d@Xf@h@lABFD@JIFGVj@l@fAu@fBMP_@l@SZKSEIIEI?GFU^y@qBEEEAEFsArBrAsBDGD@DDRf@d@hAT_@FGH?HDDHJRMRc@p@CHCHETCT?TBZHX\v@Pb@N`@`CdGVa@LSNUdA}ALONKPGPCb@@`@??}@@qBQ_@QYm@cAGI{@sASYm@_AGKa@o@L_@Jc@DSBKD]@IDa@@_@@a@@i@?a@@_@B]KEGAE?G@CAEACG?E?GAGGKUOTNFJ??@F?F?DBFD@B@FAD?F@JDC\A^?`@Ah@A`@A^E`@AHPXJL^`@e@pAK@K^GKa@o@Wg@m@gAWk@GFKHEACGi@mAYg@_@e@a@e@WOK?e@@k@AE?	Click to Generate
S26	20	1			3	GoLocal (S26)	Our Lady of Lourdes (S26)	Birley Spa (S26)	2004	1503	{crdI|ymG@F?F?DBFD@B@FAD?F@JDC\A^?`@Ah@A`@A^E`@AHPXJL^`@e@pAK@K^GKa@o@L_@Jc@DSBKD]@IDa@@_@@a@@i@?a@@_@B]Fa@?ABQNyAPoAb@sDHo@@IDQHSHOPQNIBLBVF\Ld@L^Vj@lAhBNTHLNPVRl@`@UzAG^]nBg@xCYbBOv@CRQdAMv@SlACLEDCDKRMLMFm@cAGI{@sASYm@_AGKa@o@Wg@m@gAWk@GFKHEACGi@mAYg@_@e@a@e@WOK?e@@[AO?E?e@Ed@DD?j@@d@AJ?VN`@d@^d@Xf@h@lABFD@JIFGVj@l@fAVf@L_@Jc@DSBKD]@IDa@@_@@a@@i@?a@@_@B]KEGAE?G@CAEACG?E?GAG	Click to Generate
S26	30	1			3	Our Lady of Lourdes (S26)	Birley Spa Primary Academy (S26)	Birley Spa (S26)	2496	1872	oardIf~mG??LBLDLNRVdAaCHSHQxBkFmAiBWk@M_@Me@G]CWCMOHQPINIREPAHIn@c@rDQnAOxACP?@G`@C\A^?`@Ah@A`@A^E`@AHE\CJERKb@M^Wg@u@fBMP_@l@SZKSEIIEI?GFU^y@qBEEEAEFsArBrAsBDGD@DDRf@d@hAT_@FGH?HDDHJRMRc@p@CHCHETCT?TBZHX\v@Pb@N`@`CdGVa@LSNUdA}ALONKPGPCb@@`@??}@@qBQ_@QYm@cAGI{@sASYm@_AGKa@o@Wg@m@gAWk@GFKHEACGi@mAYg@_@e@a@e@WOK?e@@[AO?E?e@Ed@DD?j@@d@AJ?VN`@d@^d@Xf@h@lABFD@JIFGVj@l@fAVf@L_@Jc@DSBKD]@IDa@@_@@a@@i@N?N@	Click to Generate
S26	20	1			3	Meraki (S26)	Frecheville Post Office (S26)	St Cyprian (S26)	1866	1400	a}rdI|}pGGJEBE?KMzCcFT]DGDI`@o@N\m@~@qCpEW\EBE?KMzCcFT]DGDI`@o@V_@V_@d@q@n@aAJOl@_ANU`@q@DJ@H?JAHuBfDMT_@n@E@A@C?IEMKW^W^N\Zz@N\L\N\l@}@pD{FPYr@cA`AaBrAfDuBdD{@tA_@j@uBdD_@j@sAgDO]M]O][{@_EpGOP	Click to Generate
S26	20	1			3	Frecheville Library (S26)	Safa (S26)	Meraki (S26)	1531	1148	}krdIxvpGz@uAtBeDsAgDaA`Bs@bAQX{BlDu@lAm@|@O]M]O][{@O]V_@V_@d@q@n@aAJOk@oAACi@uAh@tAl@rAKNo@`Ae@p@W^W^N\m@~@qCpEW\EBE?KMzCcFT]DGDI`@o@N\Zz@N\L\N\rAfD^k@tBeD^k@	Click to Generate
S26	20	1			3	Spa View Community Church (S26)	GoLocal (S26)	Birley Spa (S26)	1563	1172	a|qdI`gmGMCK@IHKJOJHZFf@OHQPINIREPAHIn@c@rDQnAOxACP?@G`@KEGAE?G@CAEACG?E?GAGGKUOTNFJ??@F?F?DBFD@B@FAD?F@JDC\A^?`@Ah@A`@A^E`@AHPXJL^`@e@pAK@K^GKa@o@Wg@m@gAWk@GFKHEACGi@mAYg@_@e@a@e@WOK?e@@[AO?E?e@Ed@DD?j@@d@AJ?VN`@d@^d@Xf@h@lABFD@JIFGVj@l@fAVf@L_@Jc@DSBKD]@IDa@@_@@a@@i@?a@@_@B]Fa@?ABQNyAPoAb@sDHo@@IDQHSHOPQNIGg@I[NKJKHIJALB	Click to Generate
S26	30	1			3	The Swan (S26)	Ridgeway Primary School (S26)	The Phoenix Inn (S26)	2887	2165	igndIbbpGGEaBy@w@a@WOu@_@y@SkA]wBk@MA_@Em@Ce@?a@Ac@GI?o@MGCYGa@OAAGZITUn@CN[~BSI]OP}AHe@T}AD_@s@e@k@c@s@u@a@i@W[UQSKQKCAYK_@QAAi@]ECk@i@c@_@eBaByAsAQIGAQDOHKJYdA[nAG`@_@lBOhA_@`ECVIr@]hCERTNUfC@HBHRZJJLJPHQIMKKKKQGICIAITgCUODS\iCHs@BW^aENiA^mBFa@ZoAXeAJKNIPEF@PHxArAdB`Bb@^j@h@DBh@\`@RXJB@PJRJTPVZ`@h@r@t@j@b@r@d@`Ah@@@`@NXFFBn@LH?b@F`@@d@?l@B^DL@vBj@jA\x@Rt@^VNv@`@`Bx@FD	Click to Generate
S26	30	1			3	Richmond Church (S26)	Antico (S26)	The Strad (S26)	2648	1986	equdIhqpGUTGTGBELERERCX?T?^@ZBXJ`@Tt@?JEPq@|BGLQ]u@mAS[Ya@DQDKDO?CBG?CDKLi@UU??TTMh@EJ?BCF?BENEJEPi@u@[e@CEYc@IMW]MSDSTkAH]RaAH]F_@BIDSFYP}@Z{Ax@cEH]TaBTwBJaC@aB?a@GAGGEKAK@MBODIFCDAFBFHBJ@L?DT?dA?T?X?b@@b@?Z@\?T?@?T?T@|@?B?x@?d@??O@[\@F?FGL_@L_@f@_Bf@}AFO@EAG@GDEBGLJLWBKBIDDBBHF]fACHc@tAIVOb@M^ITCLa@rAg@vBIb@]jBOp@cAlFCJQv@[bAg@zA[z@ELRZTZLTNV`@j@DFy@fDIZU~@c@dB_@`B[nAeAnEENCLe@k@EEi@}@k@gACEUe@FMp@}BDQ?KUu@Ka@CYA[?_@?UBYDSDSDMFCFUTU	Click to Generate
S26	60	1			3	Outwood Academy City (S26)	Stradbroke Community Centre (S26)	WD Motors (S26)	7661	5746	k`udInjoGPg@f@}AFO@ETXBBDDBI\gAFYJm@Ho@Fo@D}@@aAF_C@_@DUFGLAh@@r@DH?@{@?]Au@AgAAc@Ae@?C?UL?@?F?FEBI?YCa@?QDKJEPAj@JN@LCVEREX@HDDJ@T?|E@n@LdB?p@?jA?pAAjBG~BI`BHaBF_C@kB?}C?q@MeBAo@?}EAUEKIEYASDWDMBOAk@KQ@KDEJ?PB`@?XCHGDG?A?M??T?B@d@@b@@fA@t@?\Az@ExCGtDAZCf@Gt@M|@Mp@IXIXQd@ITUp@qAxDOb@GRKZKf@Kn@Kp@SpAM~@SbAWpAGTYhAg@nBSt@Ur@Qj@Qj@CHGRy@fDIZU~@c@dB_@`B[nAeAnEENCLe@k@EEi@}@k@gACEUe@FMp@}BDQ?KUu@Ka@CYA[?_@?UBYDSDSDMFCFUTULOc@d@GTGBELERERCX?T?^@ZBXJ`@Tt@?JEPq@|BGLTd@BDj@fAh@|@DDd@j@Z\^d@\n@Zr@\x@FLFJZh@BDFJBFDFDDf@t@HLX^T\Rd@Vd@Pb@Tp@Tv@T`At@bCl@fCZtAPbARbAV~APnAPvADd@@L??@\@T@N?P?VAf@Ad@MjCF@D?@?DCDEDIDQv@iDh@wBPu@Jq@XqCj@uFHs@De@rC{Wn@_GLgAHg@BYLy@NkAxAaJ@CJs@d@sCD]LeANaA^yBTmAn@sDXgBHk@Hc@Da@BY@]?g@Ac@?GA[E@AAE?WGAHEb@??E^ERETEl@Iz@KhAC`ABaAJiAH{@Dm@DUDSD_@Dc@@IVFD?@@DAA[?IAo@CaAAm@CiACsAAyA?wA?S?mA?}A?s@?eB?U?y@?[?g@?E?O?Y?QAe@AMEWCUM]Q]A?EECCGKCKAI?I?I?M@E@SBg@BYHc@BW@[B[@W?WAq@IqCA]CYCSWoBS}AGa@My@WyAUuAIF]Ty@p@m@l@i@n@EI]w@[w@_@s@_@o@U]q@}@SQMIKGMCYGk@I]EG`C?HCjAC|@?x@AXAjB?~A?~@?~C?t@BH?T?NCL?f@?J?R@JPxE@R?NBx@?R?H@V@|@?T?B@d@@b@@fA@t@?\Az@I?s@Ei@AM@GFETA^G~BA`AE|@Gn@In@Kl@GX]fACHEECCUYADGNg@|AQf@	Click to Generate
S26	60	1			3	Outwood Academy City (S26)	Stradbroke Community Centre (S26)	WD Motors (S26)	7590	5692	e_udIxgoGRo@FO@ETXBBDDBI\gAFYJm@Ho@Fo@D}@@aAF_C@_@DUFGLAh@@r@DH?@{@?]Au@AgAAc@Ae@?C?UL?@?F?FEBI?YCa@?QDKJEPAj@JN@LCVEREX@HDDJ@T?|E@n@LdB?p@?jA?pAAjBG~BI`BHaBF_C@kB?}C?q@MeBAo@?}EAUEKIEYASDWDMBOAk@KQ@KDEJ?PB`@?XCHGDG?A?M??T?B@d@@b@@fA@t@?\Az@ExCGtDAZCf@Gt@M|@Mp@IXIXQd@ITUp@qAxDOb@GRKZKf@Kn@Kp@SpAM~@SbAWpAGTYhAg@nBSt@Ur@Qj@Qj@CHGRy@fDIZU~@c@dB_@`B[nAeAnEENCLe@k@EEi@}@k@gACEUe@FMp@}BDQ?KUu@Ka@CYA[?_@?UBYDSDSDMFCFUTULOc@d@GTGBELERERCX?T?^@ZBXJ`@Tt@?JEPq@|BGLTd@BDj@fAh@|@DDd@j@Z\^d@\n@Zr@\x@FLFJZh@BDFJBFDFDDf@t@HLX^T\Rd@Vd@Pb@Tp@Tv@T`At@bCl@fCZtAPbARbAV~APnAPvADd@@L??@\@T@N?P?VAf@Ad@MjCF@D?@?DCDEDIDQv@iDh@wBPu@Jq@XqCj@uFHs@De@rC{Wn@_GLgAHg@BYLy@NkAxAaJ@CJs@d@sCD]LeANaA^yBTmAn@sDXgBHk@Hc@Da@BY@]?g@Ac@?GA[E@AAE?WGAHEb@??E^ERETEl@Iz@KhAC`ABaAJiAH{@Dm@DUDSD_@Dc@@IVFD?@@DAA[?IAo@CaAAm@CiACsAAyA?wA?S?mA?}A?s@?eB?U?y@?[?g@?E?O?Y?QAe@AMEWCUM]Q]A?EECCGKCKAI?I?I?M@E@SBg@BYHc@BW@[B[@W?WAq@IqCA]CYCSWoBS}AGa@My@WyAUuAIF]Ty@p@m@l@i@n@EI]w@[w@_@s@_@o@U]q@}@SQMIKGMCYGk@I]EG`C?HCjAC|@?x@AXAjB?~A?~@?~C?t@BH?T?NCL?f@?J?R@JPxE@R?NBx@?R?H@V@|@?T?B@d@@b@@fA@t@?\Az@I?s@Ei@AM@GFETA^G~BA`AE|@Gn@In@Kl@GX]fACHEECCUYADGNSn@	Click to Generate
S26	60	1			3	Outwood Academy City (S26)	Stradbroke Community Centre (S26)	WD Motors (S26)	7607	5705	o_udIlhoG\cAFO@ETXBBDDBI\gAFYJm@Ho@Fo@D}@@aAF_C@_@DUFGLAh@@r@DH?@{@?]Au@AgAAc@Ae@?C?UL?@?F?FEBI?YCa@?QDKJEPAj@JN@LCVEREX@HDDJ@T?|E@n@LdB?p@?jA?pAAjBG~BI`BHaBF_C@kB?}C?q@MeBAo@?}EAUEKIEYASDWDMBOAk@KQ@KDEJ?PB`@?XCHGDG?A?M??T?B@d@@b@@fA@t@?\Az@ExCGtDAZCf@Gt@M|@Mp@IXIXQd@ITUp@qAxDOb@GRKZKf@Kn@Kp@SpAM~@SbAWpAGTYhAg@nBSt@Ur@Qj@Qj@CHGRy@fDIZU~@c@dB_@`B[nAeAnEENCLe@k@EEi@}@k@gACEUe@FMp@}BDQ?KUu@Ka@CYA[?_@?UBYDSDSDMFCFUTULOc@d@GTGBELERERCX?T?^@ZBXJ`@Tt@?JEPq@|BGLTd@BDj@fAh@|@DDd@j@Z\^d@\n@Zr@\x@FLFJZh@BDFJBFDFDDf@t@HLX^T\Rd@Vd@Pb@Tp@Tv@T`At@bCl@fCZtAPbARbAV~APnAPvADd@@L??@\@T@N?P?VAf@Ad@MjCF@D?@?DCDEDIDQv@iDh@wBPu@Jq@XqCj@uFHs@De@rC{Wn@_GLgAHg@BYLy@NkAxAaJ@CJs@d@sCD]LeANaA^yBTmAn@sDXgBHk@Hc@Da@BY@]?g@Ac@?GA[E@AAE?WGAHEb@??E^ERETEl@Iz@KhAC`ABaAJiAH{@Dm@DUDSD_@Dc@@IVFD?@@DAA[?IAo@CaAAm@CiACsAAyA?wA?S?mA?}A?s@?eB?U?y@?[?g@?E?O?Y?QAe@AMEWCUM]Q]A?EECCGKCKAI?I?I?M@E@SBg@BYHc@BW@[B[@W?WAq@IqCA]CYCSWoBS}AGa@My@WyAUuAIF]Ty@p@m@l@i@n@EI]w@[w@_@s@_@o@U]q@}@SQMIKGMCYGk@I]EG`C?HCjAC|@?x@AXAjB?~A?~@?~C?t@BH?T?NCL?f@?J?R@JPxE@R?NBx@?R?H@V@|@?T?B@d@@b@@fA@t@?\Az@I?s@Ei@AM@GFETA^G~BA`AE|@Gn@In@Kl@GX]fACHEECCUYADGN]bA	Click to Generate
S26	20	1			3	Hair by Lisa (S26)	Frecheville Post Office (S26)	St Cyprian (S26)	1866	1400	g}rdIf~pGA@EBE?KMzCcFT]DGDI`@o@N\gAdBwBjDW\EBE?KMzCcFT]DGDI`@o@V_@V_@d@q@n@aAJOl@_ANU`@q@DJ@H?JAHuBfDMT_@n@E@A@C?IEMKW^W^N\Zz@N\L\N\l@}@pD{FPYr@cA`AaBrAfDuBdD{@tA_@j@uBdD_@j@sAgDO]M]O][{@_EpGUZ	Click to Generate
S26	20	1			3	Frecheville News, Cards & Gifts (S26)	Safa (S26)	St Cyprian (S26)	1683	1262	wsrdIbtpG[w@A@C?IEMKW^W^N\kBvCsAxBW\EBE?KMzCcFT]DGDI`@o@V_@V_@d@q@n@aAJOk@oAACi@uAh@tAl@rAKNo@`Ae@p@W^W^N\Zz@N\L\N\l@}@pD{FPYr@cA`AaBrAfDuBdD{@tA_@j@uBdD_@j@sAgDO]M]O][{@O]V_@V_@LJHDB?@AZv@	Click to Generate
S26	60	1			3	Birley Health Centre (S26)	Birley Primary Academy (S26)	New Loon Fung (S26)	4346	3260	gmqdIf{pG??_Db@OoEj@Az@Kt@K|Fs@ZE~@MXG\Kb@KZfEw@J_@F??^Gv@KFp@Dt@L~ADd@Bd@Bf@@f@?f@@b@?V?RAVARAPE^ERG^I^G\GVGZGTGVIZGRGPGPGPGNOXMVMRQVW`@mAtByAlCINGNGNCRCLAR?^GpH?|Cc@Os@YGEcCkA{@g@SKqBy@_D_BqCuAuAs@[QGC{@a@QKCECCAEACAIAE?I@K@M@OZeBDODUXyAh@iCZ_BLq@|BbBFKFIn@q@FEBKBG@I?K?KI]Qi@Yu@GYCWAW?MFQHMCs@Br@ILGP?L@VBVFXXt@BJL\H\?J?JAHCFCJGDo@p@kAuFEKCIBY@[?sE?o@@{A?k@@o@@a@@[JkAb@kG@E~@VFBB?RJTJT_ALk@Lu@Hq@Bi@Dq@J}EHqDB}@@GB_@D[BI@GBGHUNQFIJMhAoAFZHXPMXS@?v@a@j@YTERARBPHFHBBFPDXHd@@DB\Fr@Dr@DnA_@JOBYJUFSJ]No@^RrANfALnAH~@Bb@TvE@X@VBTPlEu@J{@Jk@@NnE~Cc@??	Click to Generate
S26	20	1			3	Safa (S26)	St Cyprian (S26)	Frecheville Library (S26)	1579	1184	_jrdItapGc@r@eAdB_@h@e@t@a@p@OTm@~@k@oAACi@uAh@tAl@rAKNo@`Ae@p@W^W^N\Zz@N\L\N\rAfD^k@tBeD^k@z@uAtBeDsAgDaA`Bs@bAQX{BlDu@lAm@|@O]M]O][{@O]V_@V_@d@q@n@aAJOl@_ANU`@q@d@u@^i@dAeBb@s@	Click to Generate
S26	20	1			3	Birley Wood Golf Club (S26)	UK Welder (S26)	Birley Health Centre (S26)	1511	1133	s`qdInyoG]BLxAz@J??{@KMyAUH??C?A@AQIcAA@C?E@M@M@Y?_A@gAB]@e@H_@JC?KBYJUFq@Zo@^RrANfALnAH~@Bb@TvE@X@VBTPlE|Fs@ZE~@MXG\Kb@KZfEw@J_@F??^Gv@K[gEI_AGg@AOAICUEo@AUEk@?ECc@Ew@AKAS?YCmBA{@Aa@?UAUAWEk@AW@AB???TI\C	Click to Generate
S26	20	1			3	Golden City (S26)	The Sherwood (S26)	St Cyprian (S26)	1787	1340	g|rdIz|pGINW\EBE?KMzCcFT]DGDI`@o@N\U\iDrFW\EBE?KMzCcFT]DGDI`@o@V_@V_@d@q@IUCE?OOVEC[s@?Ac@r@\t@`@s@DBNW?NBDHTe@p@W^W^N\Zz@N\L\N\l@}@pD{FPYr@cA`AaBrAfDuBdD{@tA_@j@uBdD_@j@sAgDO]M]O][{@uD`G	Click to Generate
S26	60	1			3	Birley Wood Golf Club (S26)	Queens Head (S26)	The Swan (S26)	6778	5084	e_pdItdpGGICIAITgCUOEXMbAStACTIn@Kv@M~@UvAUnAu@bDaA~CiArDy@lCg@~Ac@~Aw@pCgDjLGPk@~AITmAtC{CpGuB`EkAfCYr@OZEGKSCGg@iBIUMMMMQGSKk@S?}CFqH?_@@SBMBSFOFOHOxAmClAuBVa@PWLSLWNYFOFQFQFQFSH[FWFUF[FWF]H_@F_@DSD_@@Q@S@W?S?WAc@?g@Ag@Cg@Ce@Ee@M_BEu@Gq@[gEI_AGg@AOAICUEo@AUEk@?ECc@Ew@AKAS?YCmBA{@Aa@?UAUAWEk@AW@AB???TILxAz@J??{@KMyAUH??C?A@@VDj@@V@T?T@`@@z@BlB?X@R@JDv@Bb@?DDj@@TDn@BT@H@NFf@H~@ZfEFp@Dt@L~ADd@Bd@Bf@@f@?f@@b@?V?RAVARAPE^ERG^I^G\GVGZGTGVIZGRGPGPGPGNOXMVMRQVW`@mAtByAlCINGNGNCRCLAR?^GpH?|Cj@RRJPFLLLLHTf@hBBFJRDFN[Xs@jAgCtBaEzCqGlAuCHUj@_BFQfDkLv@qCb@_Bf@_Bx@mChAsD`A_Dt@cDToATwAL_AJw@Ho@BURuALcADYDS\iCHs@BW^aENiA^mBFa@ZoAXeAJKNIPEF@PHxArAdB`Bb@^j@h@DBh@\??`@RXJB@PJRJTPVZ`@h@r@t@j@b@r@d@E^U|AId@Q|A\NRHZ_CBOTo@HUF[aAi@s@e@k@c@s@u@a@i@W[UQSKQKCAYKa@Si@]ECk@i@c@_@eBaByAsAQIGAQDOHKJYdA[nAG`@_@lBOhA_@`ECVIr@]hCERTNUfC@HBHFH	Click to Generate
S26	15	1			3	Golden City (S26)	Bullie Ink Tattoo Collective (S26)	St Cyprian (S26)	1408	1056	kvrdI|mpGZr@DBNW?NBDHTe@p@W^W^N\U\iCdE_@l@W\EBE?KMzCcFT]DGDI`@o@N\Zz@N\L\N\l@}@pD{FPYr@cA`AaBrAfDuBdD{@tA_@j@uBdD_@j@sAgDO]M]O][{@O]V_@V_@d@q@IUCE?OOVEC[s@	Click to Generate
S26	60	1			3	Grayson's Plumbing & Heating Supplies (S26)	Outwood Academy City (S26)	WD Motors (S26)	5652	4239	}|tdI|coGBIDDBBHF]fACHc@tAIVOb@M^ITCLa@rAEAE?[Ca@A?O@[\@F?FGX{@@Cf@_Bf@}AFO@ETXBBDDBI\gAFYJm@Ho@Fo@D}@@aAF_C@_@DUFGLAh@@r@DH?@{@?]Au@AgAAc@Ae@?C?UL?@?F?FEBI?YCa@?QDKJEPAj@JN@LCVEREX@HDDJ@T?|E@n@LdB?p@?jA?pAAjBG~BI`BHaBF_C@kB?}C?q@MeBAo@?}EAUEKIEYASDWDMBOAk@KQ@KDEJ?PB`@?XCHGDG?A?M?A}@AW?I?SCy@?OASQyEAK?S?K?g@BM?O?UCI?u@?_D?_A?_B@kB@Y?y@B}@BkA?IFaC\Dj@HXFLBJFLHRPp@|@T\^n@^r@Zv@\v@DHh@o@l@m@x@q@\UHGTtAVxALx@F`@R|AVnBBRBX@\HpC@p@?VAVCZAZCV?T@N@JBLHJFPDDBDDHBP@H?HAHAJAR?VBh@?p@@L@d@?P?X?N?D?f@?Z?x@?T?dB?r@?|A?lA?R?vA@xABrABhA@l@B`A@n@?H@ZE@AAE?WGAHEb@??E^ERETEl@Iz@KhAC`ABaAJiAH{@Dm@DUDSD_@Dc@@IVFD?@@DAA[?IAo@CaAAm@CiACsAAyA?wA?S?mA?}A?s@?eB?U?y@?[?g@?E?O?Y?QAe@AMEWCUM]Q]A?EECCGKCKAI?I?I?M@E@SBg@BYHc@BW@[B[@W?WAq@IqCA]CYCSWoBS}AGa@My@WyAUuAIF]Ty@p@m@l@i@n@EI]w@[w@_@s@_@o@U]q@}@SQMIKGMCYGk@I]EG`C?HCjAC|@?x@AXAjB?~A?~@?~C?t@BH?T?NCL?f@?J?R@JPxE@R?NBx@?R?H@V@|@?T?B@d@@b@@fA@t@?\Az@I?s@Ei@AM@GFETA^G~BA`AE|@Gn@In@Kl@GXIGCCEECH	Click to Generate
S26	60	1			3	Queens Head (S26)	St John the Evangelist (S26)	The Phoenix Inn (S26)	4261	3196	qaodIbzoGHUF[aAi@s@e@k@c@s@u@a@i@W[UQSKQKCAYKa@Si@]ECk@i@c@_@eBaByAsAQIGAQDOHKJF_@DYDa@DJJb@FNF@PHxArAdB`Bb@^j@h@DBh@\??`@RXJB@PJRJTPVZ`@h@r@t@j@b@r@d@`Ah@@@`@NXFFBn@LH?b@F`@@d@?l@B^DL@vBj@jA\x@Rt@^VNv@`@`Bx@FDPFZLVHPDzA\dDt@@yA@{@Az@AxAeDu@{A]QEWI[MYMaBy@w@a@WOu@_@y@SkA]wBk@MA_@Em@Ce@?a@Ac@GI?o@MGCYGa@OAAaAi@s@e@k@c@s@u@a@i@W[UQSKQKCAYKa@Si@]ECk@i@c@_@eBaByAsAQIGAQDOHKJYdA[nAG`@_@lBOhA_@`ECVIr@]hCERTNUfC@HBHRZJJLJPHQIMKKKKQGICIAITgCUODS\iCHs@BW^aENiA^mBFa@ZoAXeAJKNIPEF@PHxArAdB`Bb@^j@h@DBh@\`@RXJB@PJRJTPVZ`@h@r@t@j@b@r@d@`Ah@GZIT	Click to Generate
S26	20	1			3	The Birley (S26)	Safa (S26)	St Cyprian (S26)	1694	1270	szrdIrzpG}@vAW\EBE?KMzCcFT]DGDI`@o@V_@V_@LJHDB?@AZv@JTHTYd@M@KMGEI?MP[{@O]V_@V_@d@q@n@aAJOk@oAACi@uAh@tAl@rAKNo@`Ae@p@W^W^N\Zz@N\L\N\l@}@pD{FPYr@cA`AaBrAfDuBdD{@tA_@j@uBdD_@j@sAgDO]M]O][{@aCxD	Click to Generate
S26	15	1			3	The Fairway (S26)	Birley Health Centre (S26)	Birley Wood Golf Club (S26)	1381	1036	klqdInxoGB?^Kd@I\AfAC~@AX?LALADAB?@AHbA@P@AB???TI\C??]BUH??C?A@@VDj@@V@T?T@`@@z@BlB?X@R@JDv@Bb@?DDj@@TDn@BT@H@NFf@H~@ZfEw@J_@F??^Gv@K[gEI_AGg@AOAICUEo@AUEk@?ECc@Ew@AKAS?YCmBA{@Aa@?UAUAWEk@AW@AB???TILxAz@J??{@KMyAUH??C?A@AQIcAA@C?E@M@M@Y?_A@gAB]@e@H_@JC?	Click to Generate
S26	60	1			3	Outwood Academy City (S26)	Scowerdons Community Centre (S26)	The Strad (S26)	9849	7387	s_tdIvpoG?GAc@?GA[A[?IAo@CaAAm@CiACsAAyA?wA?S?mA?}A?s@?eB?U?y@?[?g@?E?O?Y?QAe@AMEWCUM]Q]A?EECCGKCKAI?I?I?M@E@SBg@BYHc@BW@[B[@W?WAq@IqCA]CYCSWoBS}AGa@My@WyAUuAIF]Ty@p@m@l@i@n@EI]w@[w@_@s@_@o@U]q@}@SQMIKGMCYGk@I]EG`C?HCjAC|@?x@AXAjB?~A?~@?~C?t@BH?T?NCL?f@?J?R@JPxE@R?NBx@?R?H@V@|@L?@?F?FEBI?YCa@?QDKJEPAj@JN@LCVEREX@HDDJ@T?|E@n@LdB?p@?jA?pAAjBG~BI`BHaBF_C@kB?}C?q@MeBAo@?}EAUEKIEYASDWDMBOAk@KQ@KDEJ?PB`@?XCHGDG?A?M?A}@AW?I?SCy@?OASQyEAK?S?K?g@BM?O?UCI?u@?_D?_A?_B@kB@Y?y@B}@BkA?IFaC\Dj@HXFLBJFLHRPp@|@T\^n@^r@Zv@\v@DHh@o@l@m@x@q@\UHGTtAVxALx@F`@R|AVnBBRBX@\HpC@p@?VAVCZAZCV?T@N@JBLHJFPDDBDDHBP@H?HAHAJAR?VBh@?p@@L@d@?P?XJ@R?\BNBVHB@PJ\Z`@V\VZTTFJB\D\Af@Eb@ORKLIVUZ]Xa@HMJQTg@JYN_@La@Lc@Pm@ZcAPi@@ALc@\y@L[LYBIN[Xi@T[Va@FNx@nBFPj@tAN\Nf@Nf@Ld@j@vBVbAJb@?@Hf@Dh@B`@@^?\A^AXEb@KdAGp@Cj@Cn@Ad@?F?d@@p@@r@KBOBSFOFYVWXOTKNUZ_@j@GDGAF@FE^k@T[JONUVYLMJINGRGNCJCAs@Aq@?e@?G@e@Bo@Bk@Fq@JeADc@WIA?QCS?QBGBQFSBO?OCOIQOa@_@GGOMOGMGOCC?K?I@G@UH]P]PA@OFQDO@OCOEQIMIMOACKOKU]}@AAEKY`@[\WTMHSJc@Ng@D]@]EKCUG[U]Wa@W][QKCAWIOC]CS?KA?Y?QAe@AMEWCUM]Q]A?EECCGKCKAI?I?I?M@E@SBg@BYHc@BW@[B[@W?WAq@IqCA]CYCSWoBS}AGa@My@WyAUuAIF]Ty@p@m@l@i@n@EI]w@[w@_@s@_@o@U]q@}@SQMIKGMCYGk@I]EG`C?HCjAC|@?x@AXAjB?~A?~@?~C?t@BH?T?NCL?f@?J?R@JPxE@R?NBx@?R?H@V@|@?T?B@d@@b@@fA@t@?\Az@I?s@Ei@AM@GFETA^G~BA`AE|@Gn@In@Kl@GX]fACHEECCUYAG@GDEBGLJLWBKBIDDBBHFFYJm@Ho@Fo@D}@@aAF_C@_@DUFGLAh@@r@DH?@{@?]Au@AgAAc@Ae@?C?UA}@AW?I?SCy@?OASQyEAK?S?K?g@BM?O?UCI?u@?_D?_A?_B@kB@Y?y@B}@BkA?IFaC\Dj@HXFLBJFLHRPp@|@T\^n@^r@Zv@\v@DHh@o@l@m@x@q@\UHGTtAVxALx@F`@R|AVnBBRBX@\HpC@p@?VAVCZAZCV?T@N@JBLHJFPDDBDDHBP@H?HAHAJAR?VBh@?p@@L@d@?P?X?N?D?f@?Z?x@?T?dB?r@?|A?lA?R?vA@xABrABhA@l@B`A@n@?H@Z@Z?F@b@?F	Click to Generate
S26	60	1			3	Carter Hall Lane (S26)	Birley Health Centre (S26)	The Birley Academy (S26)	6947	5210	otpdIdarG{@u@ITmAtC{CpGuB`EkAfCYr@OZId@ADMn@e@pCShA{@lE{BvLWvAEVKv@Mt@M|@Ed@AHANAFCVDBD@PFrBp@`EzA~@ZJORSJILITINEAe@AYBO@EJ]HSHQJWVe@Vg@@KBOBGVg@^cAr@aCfAkDZoAJ]`@}@l@oAZk@nAiCPWPQ`@W^Sn@U^CFA`@D`@H~@Z\J?n@@HHPIQAI?o@]K_A[a@Ia@Eg@Do@T_@Ra@VQPQVoAhC[j@m@nAa@|@K\[nAgAjDs@`C_@bAWf@CFCNAJWf@Wd@KVIPIRK\ADCN@X@d@ODUHMHKHSRKN_A[aE{AsBq@QGEAECBW@G@O@IDe@L}@Lu@Jw@DWVwAzBwLz@mERiAd@qCLo@@EHe@EGKSCGg@iBIUMMMMQGSKk@S?}CFqH?_@@SBMBSFOFOHOxAmClAuBVa@PWLSLWNYFOFQFQFQFSH[FWFUF[FWF]H_@F_@DSD_@@Q@S@W?S?WAc@?g@Ag@Cg@Ce@Ee@M_BEu@Gq@w@J_@F??^Gv@K[gEc@J]JYF_AL[D}Fr@u@J{@Jk@@NnE~Cc@??FCBEXEB?H?BDJZ^fB_@gBK[CEI?C?YDCDGB_Db@OoEj@Az@Kt@K|Fs@ZE~@MXG\Kb@KZfEFp@Dt@L~ADd@Bd@Bf@@f@?f@@b@?V?RAVARAPE^ERG^I^G\GVGZGTGVIZGRGPGPGPGNOXMVMRQVW`@mAtByAlCINGNGNCRCLAR?^GpH?|Cj@RRJPFLLLLHTf@hBBFJRDFN[Xs@jAgCtBaEzCqGlAuCHUz@t@	Click to Generate
S26	60	1			3	Carter Hall Road, Charnock (S26)	Charnock Hall Road (S26)	The Admiral (S26)	6930	5198	kbsdId~tGPbAPlA@HBR`@?P?^@f@@h@H`AHVBF?^DrANZBN@lBRr@Jv@HTFZJb@Nb@R^Tb@^PPl@n@~@dAVJHBJ@FBH@F?JCH?\m@V[TUBEj@g@LMJKNOJKHIFIFOHUDQLe@Jm@BOf@qCd@}BtAiHNy@Lu@Jo@Jw@PkB@ILcBDBD@PFrBp@hAb@vBv@~@ZJORSJILITINEx@Gx@GPAN@LFPPLTFJDNPr@FXBFH\Rx@Lb@Jb@?BFXDd@?X?ZE\iA|GG^Kb@GRGXU|@IZS~@c@~BiBeA[MECgC}@k@So@U_A]o@SiC}@k@Ug@Qg@Qu@YQEC?d@}BtAiHNy@Lu@Jo@Jw@PkB@ILcBBW@G@O@IDe@L}@Lu@Jw@DWVwAzBwLz@mERiAd@qCLo@@EHe@EGKSCGg@iBIUMMMMQGSKk@Sc@Os@YGEcCkA{@g@SKqBy@_D_BqCuAuAs@[QGC{@a@QKCECCAEACAIAE?I@K@M@OCEAEAGAEMgAEOEUKUIQKKOMgHiDkCoAmCoAkCsAo@Yq@[_@QCCCCACGMfAcBVa@p@gAj@{@LUj@y@HKzCcFT]DGDI`@o@N\_EpGUZA@EBE?KMIJk@x@MTk@z@q@fAW`@gAbBMTe@r@eAdBiAlBiAnBOXKPgBfDWb@OXKPINCFe@x@CFIPEHEFGL[j@c@z@Yr@i@jAUl@e@jAITO^K\CFIPFHDFBF`@~@JVN\BDLZBHZr@hApCtAdD\~@f@`BTv@@DHXT`A?Dt@xCj@xBTbAH\H^r@lCLf@XlAp@rCTbA`@rBjAxGhAdH?@	Click to Generate
S26	60	1			3	Outwood Academy City (S26)	The Strad (S26)	Grayson's Plumbing & Heating Supplies (S26)	5398	4048	eatdIlooG??Dc@@IVFD?@@DAA[?IAo@CaAAm@CiACsAAyA?wA?S?mA?}A?s@?eB?U?y@?[?g@?E?O?Y?QAe@AMEWCUM]Q]A?EECCGKCKAI?I?I?M@E@SBg@BYHc@BW@[B[@W?WAq@IqCA]CYCSWoBS}AGa@My@WyAUuAIF]Ty@p@m@l@i@n@EI]w@[w@_@s@_@o@U]q@}@SQMIKGMCYGk@I]EG`C?HCjAC|@?x@AXAjB?~A?~@?~C?t@BH?T?NCL?f@?J?R@JPxE@R?NBx@?R?H@V@|@L?@?F?FEBI?YCa@?QDKJEPAj@JN@LCVEREX@HDDJ@T?|E@n@LdB?p@?jA?pAAjBG~BI`BHaBF_C@kB?}C?q@MeBAo@?}EAUEKIEYASDWDMBOAk@KQ@KDEJ?PB`@?XCHGDG?A?M??T?B@d@@b@@fA@t@?\Az@I?s@Ei@AM@GFETA^G~BA`AE|@Gn@In@Kl@GXIGCCEECHCJMVMKCFEDAF@FADGNg@|Ag@~AABYz@GFG?]AAZ?N`@@ZBD?D@`@sABMHUL_@Nc@HWb@uABI\gAFYJm@Ho@Fo@D}@@aAF_C@_@DUFGLAh@@r@DH?@{@?]Au@AgAAc@Ae@?C?UA}@AW?I?SCy@?OASQyEAK?S?K?g@BM?O?UCI?u@?_D?_A?_B@kB@Y?y@B}@BkA?IFaC\Dj@HXFLBJFLHRPp@|@T\^n@^r@Zv@\v@DHh@o@l@m@x@q@\UHGTtAVxALx@F`@R|AVnBBRBX@\HpC@p@?VAVCZAZCV?T@N@JBLHJFPDDBDDHBP@H?HAHAJAR?VBh@?p@@L@d@?P?X?N?D?f@?Z?x@?T?dB?r@?|A?lA?R?vA@xABrABhA@l@B`A@n@?H@ZE@AAE?WGAHEb@??	Click to Generate
S26	45	1			3	The Strad (S26)	Outwood Academy City (S26)	Stradbroke Community Centre (S26)	3990	2992	oaudIfmoGL_@f@_Bf@}AFO@EAG@GDEBGLJLWBKBIDDBBHFFYJm@Ho@Fo@D}@@aAF_C@_@DUFGLAh@@r@DH?@{@?]Au@AgAAc@Ae@?C?UL?@?F?FEBI?YCa@?QDKJEPAj@JN@LCVEREX@HDDJ@T?|E@n@LdB?p@?jA?pAAjBG~BI`BHaBF_C@kB?}C?q@MeBAo@?}EAUEKIEYASDWDMBOAk@KQ@KDEJ?PB`@?XCHGDG?A?M??T?B@d@@b@@fA@t@?\Az@ExCGtDAZCf@Gt@M|@Mp@IXIXQd@ITUp@qAxDOb@GRKZKf@Kn@Kp@SpAM~@SbAWpAGTYhAg@nBSt@Ur@Qj@Qj@CHGRy@fDIZU~@c@dB_@`B[nAeAnEENCLe@k@EEi@}@k@gACEUe@FMp@}BDQ?KUu@Ka@CYA[?_@?UBYDSDSDMFCFUTULOc@d@GTGBELERERCX?T?^@ZBXJ`@Tt@?JEPq@|BGLTd@BDj@fAh@|@DDd@j@BMDOdAoEZoA^aBb@eBT_AH[x@gDEGa@k@OWMUU[S[DMZ{@f@{AZcAPw@BKbAmFNq@\kBHc@f@wBEAE?[Ca@A?O@[\@F?FGL_@	Click to Generate
S26	45	1			3	Charnock Hall Road (S26)	Carter Hall Lane (S26)	Carter Hall Road, Charnock (S26)	3650	2738	aipdIbjtGKq@EQUc@KVO^}BbGw@pBELEJQd@K\}@tEKZMVKLOHUDQ?QE_Ao@hA}GD]?[?YEe@GY?CKc@Mc@Sy@I]CGGYQs@EOGKMUQQMGOAQ@y@Fy@FAe@AYBO@EJ]HSHQJWVe@Vg@@KBOBGVg@^cAr@aCfAkDZoAJ]`@}@l@oAZk@nAiCPWPQ`@W^Sn@U^CFA`@D`@H~@Z\J?n@@HHPIQAI?o@]K_A[a@Ia@Eg@Do@T_@Ra@VQPQVoAhC[j@m@nAa@|@K\[nAgAjDs@`C_@bAWf@CFCNAJWf@Wd@KVIPIRK\ADCN@X@d@ODUHMHKHSRKNq@rAO\KVKZOf@_AtCuBeCKKOKx@}HhAb@vBv@~@ZJORSJILITINEx@Gx@GPAN@LFPPLTFJDNPr@p@i@TYNYhBaFBGlCiHPc@HOLIHENAJBLJHJJTd@nAVv@^nAJ\D^?ZA\CVIXq@hBIRTb@DPJp@	Click to Generate
S26	20	1			3	Frecheville Post Office (S26)	St Cyprian (S26)	The Co-operative Food (S26)	2000	1500	gyrdIpxpGiBxCW\EBE?KMzCcFT]DGDI`@o@V_@V_@d@q@n@aAJOl@_ANU`@q@DJ@H?JAHuBfDMT_@n@E@A@C?IEMKW^W^N\Zz@N\L\N\rAfD^k@tBeD^k@z@uAtBeDsAgDnB}CZg@pDuFyAoDo@`AuAxBm@|@GJEFEH{@rAc@r@eAdB_@h@e@t@a@p@OTm@~@KNo@`Ae@p@W^W^N\uAvB	Click to Generate
S26	20	1			3	The Birley (S26)	Safa (S26)	St Cyprian (S26)	1694	1270	izrdI`zpGgAhBW\EBE?KMzCcFT]DGDI`@o@V_@V_@LJHDB?@AZv@JTHTYd@M@KMGEI?MP[{@O]V_@V_@d@q@n@aAJOk@oAACi@uAh@tAl@rAKNo@`Ae@p@W^W^N\Zz@N\L\N\l@}@pD{FPYr@cA`AaBrAfDuBdD{@tA_@j@uBdD_@j@sAgDO]M]O][{@wBfD	Click to Generate
S26	60	1			3	Birley Moor Garden Centre (S26)	Birley Moor Fire Station (S26)	Ridgeway Primary School (S26)	5558	4168	umpdIpxmGGFE?ECEKIm@?OBQFWBS?OAMCKCG[y@oCdERb@LPD?DC??NUOTEBE?MQSc@{A~BgHvKi@z@`@`AL\@T]f@OAGK??FJN@\g@AUM]a@aAh@{@fHwKzA_CnCeE`FyHvBsD~@eBrBkELULSRSxBwBTSHKJKxD_GFLHTDZB`@BpA?HBhCBdABvCBj@Bh@Fn@Dh@Jl@Hf@x@fFLbAPhBHz@@T@`@@`@?D?ZAZE`@EZOh@}@jCaAjCw@hBSh@ADI\EJMl@SlAU|ASbBMlAWvEG~@AXAJUbDDJJb@FNF@PHxArAdB`Bb@^j@h@DBh@\`@RXJB@PJRJTPVZ`@h@]zCw@Uw@WIC@ERaBF{@Bu@CAYK_@QAAi@]ECk@i@c@_@eBaByAsAQIGAGOKc@EKTcD@K@YF_AVwELmARcBT}ARmALm@DKH]@ERi@v@iB`AkC|@kCNi@D[Da@@[?[?EAa@Aa@AUI{@QiBMcAy@gFIg@Km@Ei@Go@Ci@Ck@CwCCeACiC?ICqACa@E[IUGMyD~FKJIJURyBvBSRMRMTsBjE_AdBwBrDaFxHZx@BFBJ@L?NCRGVCP?NHl@DJDBD?FG	Click to Generate
S26	30	1			3	The Birley Academy (S26)	The Fairway (S26)	Birley Wood Golf Club (S26)	2101	1576	_bqdItxpG^Gv@K[gEc@J]JYF_AL[D}Fr@u@J{@Jk@@NnE~Cc@??FCBEXEB?H?BDJZ^fB_@gBK[CEI?C?YDCDGB_Db@OoEj@Az@Kt@K|Fs@ZE~@MXG\Kb@KI_AGg@AOAICUEo@AUEk@?ECc@Ew@AKAS?YCmBA{@Aa@?UAUAWEk@AW@AB???TI\C??]BLxAz@J??{@KMyAUH??C?A@@VDj@@V@T?T@`@@z@BlB?X@R@JDv@Bb@?DDj@@TDn@BT@H@NFf@H~@ZfEw@J_@F	Click to Generate
S26	20	1			3	Meraki (S26)	Frecheville Post Office (S26)	St Cyprian (S26)	1866	1400	q|rdIj}pG??W\EBE?KMzCcFT]DGDI`@o@N\m@~@qCpEW\EBE?KMzCcFT]DGDI`@o@V_@V_@d@q@n@aAJOl@_ANU`@q@DJ@H?JAHuBfDMT_@n@E@A@C?IEMKW^W^N\Zz@N\L\N\l@}@pD{FPYr@cA`AaBrAfDuBdD{@tA_@j@uBdD_@j@sAgDO]M]O][{@_EpG	Click to Generate
S26	30	1			3	Grandpa Joe's Potting Shed (S26)	Birley Caravan Storage (S26)	UK Welder (S26)	2996	2247	qaqdIjnnGFJN@\g@AUM]a@aAh@{@fHwKzA_CRb@Y`@ADAF@HHVNb@Rd@BJDBDBFAZMFAD?E?G@[LG@ECECCKc@iAIWAI@G@EXa@Sc@nCeEZx@BFBJ@L?NCRGVCP?NHl@DJDBD?FG??GFE?ECEKIm@?OBQFWBS?OAMCKCG[y@oCdE{A~BgHvKi@z@KN_@h@KNEFW^CBLXDJDHJd@Jd@Jf@@LF`ABz@@|@?v@Al@Ep@Et@Gx@Ed@Af@Af@?|@@v@?d@Ab@CdBA`@AX?ZAZ?\@V@d@?TB`@@\A@C?E@M@M@Y?_A@gAB]@e@H_@JC?KBYJUFq@Zo@^SkAUeASaAQ{@Ms@IYG[Qm@AEOg@EKCKISUk@AEEIGIEKJQjPwV`@m@FIFIBEFKBCV_@DGJO^i@JO`@`AL\@T]f@OAGK	Click to Generate
S26	30	1			3	Birley Caravan Storage (S26)	Birley Moor Fire Station (S26)	The Fairway (S26)	2450	1838	qrpdIxxmGEBE?MQSc@nCeEZx@BFBJ@L?NCRGVCP?NHl@DJDBD?FG??GFE?ECEKIm@?OBQFWBS?OAMCKCG[y@oCdE{A~BgHvKi@z@`@`AL\@T]f@OAGK??FJN@\g@AUM]a@aAKN_@h@KNEFW^CBLXDJDHJd@Jd@Jf@@LF`ABz@@|@?v@Al@Ep@Et@Gx@Ed@Af@Af@?|@@v@?d@Ab@CdBA`@AX?ZAZ?\@V@d@?TB`@@\HbA@P@AB???TI\C??]BUH??C?A@AQIcAA]Ca@?UAe@AW?]@[?[@Y@a@BeB@c@?e@Aw@?}@@g@@g@De@Fy@Du@Dq@@m@?w@A}@C{@GaAAMKg@Ke@U[EGEMKWFKBCV_@DGJO^i@JOh@{@fHwKzA_CRb@LPD?DC	Click to Generate
S26	30	1			3	The Birley Academy (S26)	St Cyprian (S26)	Frecheville Library (S26)	2659	1994	}}qdIplqGL\H\?J?JAHCFCJGDo@p@kAuFEKCIBY@[?sE?o@x@BD?x@B\@\AXGFAXK^UTOHGZMZGF?|BW~Cc@??FCBEXEB?H?BDJZ^fB_@gBK[CEI?C?YDCDGB_Db@OoEe@C[IUGME[QUOCA[W_@c@[g@]c@]]UKSKC?GC_AWADc@jGKjAMOKOMYYs@IWoA{CuBdD{@tA_@j@uBdD_@j@sAgDl@}@t@mAzBmDPYr@cA`AaBrAfDnAzCHVXr@LXJNLNAZA`@An@?j@AzA?n@?rEAZCXBHDJjAtFn@q@FEBKBG@I?K?KI]M]	Click to Generate
S26	20	1			3	Birley Spa Primary Academy (S26)	Spa View Community Church (S26)	GoLocal (S26)	2042	1532	oordIx{mGZ@d@AJ?VN`@d@^d@Xf@h@lABFD@JIFGVj@l@fAu@fBMP_@l@SZKSEIIEI?GFU^y@qBEEEAEFsArBrAsBDGD@DDRf@d@hAT_@FGH?HDDHJRMRc@p@CHCHETCT?TBZHX\v@Pb@N`@`CdGVa@LSNUdA}ALONKPGPCb@@`@??}@@qBQ_@QYm@cAGI{@sASYm@_AGKa@o@L_@Jc@DSBKD]@IDa@@_@@a@@i@?a@@_@B]KEGAE?G@CAEACG?E?GAGGKUOTNFJ??@F?F?DBFD@B@FAD?F@JDC\A^?`@Ah@A`@A^E`@AHPXJL^`@e@pAK@K^GKa@o@Wg@m@gAWk@GFKHEACGi@mAYg@_@e@a@e@WOK?e@@[A	Click to Generate
S26	20	1			3	Birley Spa (S26)	Golden Plover (S26)	Spa View Community Church (S26)	1967	1475	alrdItinGd@hAT_@FGH?HDDHJRMRc@p@CHCHETCT?TBZHX\v@Pb@N`@`CdGVa@LSNUdA}ALONKPGPCb@@`@??}@@qBQ_@QYm@cAGI{@sASYm@_AGKa@o@Wg@m@gAWk@GFKHEACGi@mAYg@_@e@a@e@WOK?e@@[AO?E?e@Ed@DD?j@@d@AJ?VN`@d@^d@Xf@h@lABFD@JIFGVj@l@fAVf@`@n@FJJ_@JATo@Na@k@o@QY@IDa@@_@@a@@i@?a@@_@B]KEGAE?G@CAEACG?E?GAGGKUOTNFJ??@F?F?DBFD@B@FAD?F@JDC\A^?`@Ah@A`@A^E`@AHE\CJERKb@M^Wg@u@fBMP_@l@SZKSEIIEI?GFU^e@iA	Click to Generate
S26	60	1			3	The Fairway (S26)	Birley Health Centre (S26)	The Phoenix Inn (S26)	5254	3940	g_qdIx|oG{@KMyA\C??]BUH??C?A@@VDj@@V@T?T@`@@z@BlB?X@R@JDv@Bb@?DDj@@TDn@BT@H@NFf@H~@ZfEw@J_@F??^Gv@KFp@Dt@L~ADd@Bd@Bf@@f@?f@@b@?V?RAVARAPE^ERG^I^G\GVGZGTGVIZGRGPGPGPGNOXMVMRQVW`@mAtByAlCINGNGNCRCLAR?^GpH?|Cj@RRJPFLLLLHTf@hBBFJRDFN[Xs@jAgCtBaEzCqGlAuCHUj@_BFQfDkLv@qCb@_Bf@_Bx@mChAsD`A_Dt@cDToATwAL_AJw@Ho@BURuALcADYTNUfC@HBHRZJJLJPHQIMKKKKQGICIAITgCUOEXMbAStACTIn@Kv@M~@UvAUnAu@bDaA~CiArDy@lCg@~Ac@~Aw@pCgDjLGPk@~AITmAtC{CpGuB`EkAfCYr@OZEGKSCGg@iBIUMMMMQGSKk@S?}CFqH?_@@SBMBSFOFOHOxAmClAuBVa@PWLSLWNYFOFQFQFQFSH[FWFUF[FWF]H_@F_@DSD_@@Q@S@W?S?WAc@?g@Ag@Cg@Ce@Ee@M_BEu@Gq@[gEI_AGg@AOAICUEo@AUEk@?ECc@Ew@AKAS?YCmBA{@Aa@?UAUAWEk@AW@AB???TILxAz@J	Click to Generate
S26	20	1			3	Golden City (S26)	The Sherwood (S26)	St Cyprian (S26)	1787	1340	q{rdI|{pG_@l@W\EBE?KMzCcFT]DGDI`@o@N\U\iDrFW\EBE?KMzCcFT]DGDI`@o@V_@V_@d@q@IUCE?OOVEC[s@?Ac@r@\t@`@s@DBNW?NBDHTe@p@W^W^N\Zz@N\L\N\l@}@pD{FPYr@cA`AaBrAfDuBdD{@tA_@j@uBdD_@j@sAgDO]M]O][{@_DbF	Click to Generate
S26	60	1			3	View from Carter Hall Lane to Sunny Bank (S26)	Arnold Avenue in Charnock Hall (S26)	Charnock Hall Road (S26)	5234	3926	ckpdIp`sG_@Bo@T_@Ra@VQPQVoAhC[j@m@nAa@|@K\[nAgAjDs@`C_@bAWf@CFCNAJWf@Wd@KVIPIRK\ADCN@X@d@ODUHMHKHSRKN_A[aE{AsBq@QGEAECBW@G@O@IDe@L}@Lu@Jw@DWVwAzBwLz@mERiAd@qCLo@@EHe@N[Xs@jAgCtBaEzCqGlAuCHUz@t@??{@u@ITmAtC{CpGuB`EkAfCYr@OZId@ADMn@e@pCShA{@lE{BvLWvAEVKv@Mt@M|@Ed@AHANAFCVDBD@PFrBp@`EzA~@ZJORSJILITINEx@Gx@GPAN@LFPPLTFJDNPr@p@i@TYNYhBaFBGlCiHPc@HOLIHENAJBLJHJJTd@nAVv@^nAJ\D^?ZA\CVIXq@hBIRTb@DPJp@Ff@TbB?L?NABCJQf@[dAGLEHGDG@G@IC_BqAKMOQw@pBELEJQd@K\}@tEKZMVKLOHUDQ?QE_Ao@hA}GD]?[?YEe@GY?CKc@Mc@Sy@I]CGGYQs@EOGKMUQQMGOAQ@y@Fy@FAe@AYBO@EJ]HSHQJWVe@Vg@@KBOBGVg@^cAr@aCfAkDZoAJ]`@}@l@oAZk@nAiCPWPQ`@W^Sn@U^C	Click to Generate
S26	45	1			3	Charnock Hall Road (S26)	Arnold Avenue in Charnock Hall (S26)	Carter Hall Lane (S26)	3396	2547	qiqdIdgtGvBv@~@ZJORSJILITINEx@Gx@GPAN@LFPPLTFJDNPr@FXBFH\Rx@Lb@Jb@?BFXDd@?X?ZE\iA|G~@n@PDP?TENIJMLWJ[|@uEJ]Pe@DKDMv@qBNPJL~ApAHBFAFAFEDIFMZeAPg@BK@C?O?MUcBGg@Kq@EQUc@HSp@iBHYBW@]?[E_@K]_@oAWw@e@oAKUIKMKKCO@IDMHINQb@mChHCFiB`FOXUXq@h@Qs@EOGKMUQQMGOAQ@y@Fy@FAe@AYBO@EJ]HSHQJWVe@Vg@@KBOBGVg@^cAr@aCfAkDZoAJ]`@}@l@oAZk@nAiCPWPQ`@W^Sn@U^CFA`@D`@H~@Z\J?n@@HHPIQAI?o@]K_A[a@Ia@Eg@Do@T_@Ra@VQPQVoAhC[j@m@nAa@|@K\[nAgAjDs@`C_@bAWf@CFCNAJWf@Wd@KVIPIRK\ADCN@X@d@ODUHMHKHSRKN_A[wBw@	Click to Generate
S26	45	1			3	Arnold Avenue in Charnock Hall (S26)	Carter Hall Road, Charnock (S26)	Carter Hall Lane (S26)	3693	2770	qwpdIbqtG?BFXDd@?X?ZE\iA|G~@n@PDP?TENIJMLWJ[|@uEJ]Pe@DKDMv@qBNPJL~ApAHBFAFAFEDIFMZeAPg@BK@C?O?MUcBGg@Kq@EQUc@HSp@iBHYBW@]?[E_@K]_@oAWw@e@oAKUIKMKKCO@IDMHINQb@mChHCFiB`FOXUXq@h@Qs@EOGKMUQQMGOAQ@y@Fy@FODUHMHKHSRKNq@rAO\KVKZOf@_AtCuBeCKKOKx@}HhAb@vBv@~@ZJORSJILITINEAe@AYBO@EJ]HSHQJWVe@Vg@@KBOBGVg@^cAr@aCfAkDZoAJ]`@}@l@oAZk@nAiCPWPQ`@W^Sn@U^CFA`@D`@H~@Z\J?n@@HHPIQAI?o@]K_A[a@Ia@Eg@Do@T_@Ra@VQPQVoAhC[j@m@nAa@|@K\[nAgAjDs@`C_@bAWf@CFCNAJWf@Wd@KVIPIRK\ADCN@X@d@x@Gx@GPAN@LFPPLTFJDNPr@FXBFH\Rx@Lb@Jb@	Click to Generate
S26	20	1			3	Safa (S26)	Meraki (S26)	St Cyprian (S26)	1531	1148	cqrdIbupGu@lAm@|@O]M]O][{@O]V_@V_@d@q@n@aAJOk@oAACi@uAh@tAl@rAKNo@`Ae@p@W^W^N\m@~@qCpEW\EBE?KMzCcFT]DGDI`@o@N\Zz@N\L\N\rAfD^k@tBeD^k@z@uAtBeDsAgDaA`Bs@bAQX{BlD	Click to Generate
S26	20	1			3	The Birley (S26)	Safa (S26)	St Cyprian (S26)	1694	1270	}yrdIpypGsAxBW\EBE?KMzCcFT]DGDI`@o@V_@V_@LJHDB?@AZv@JTHTYd@M@KMGEI?MP[{@O]V_@V_@d@q@n@aAJOk@oAACi@uAh@tAl@rAKNo@`Ae@p@W^W^N\Zz@N\L\N\l@}@pD{FPYr@cA`AaBrAfDuBdD{@tA_@j@uBdD_@j@sAgDO]M]O][{@kBvC	Click to Generate
S26	20	1			3	Meraki (S26)	St Cyprian (S26)	Kieu’s Nails (S26)	1657	1243	msrdIxppG_@n@E@A@C?IEMKW^W^N\m@~@qCpEW\EBE?KMzCcFT]DGDI`@o@N\Zz@N\L\N\l@}@pD{FPYr@cA`AaBrAfDuBdD{@tA_@j@uBdD_@j@sAgDO]M]O][{@{DhGCFW\EBE?KMzCcFT]DGDI`@o@V_@V_@LJHDB?@ADA^o@	Click to Generate
S26	15	1			3	Bullie Ink Tattoo Collective (S26)	The Sherwood (S26)	St Cyprian (S26)	1437	1078	gwrdIvupGiCdE_@l@W\EBE?KMzCcFT]DGDI`@o@V_@V_@d@q@IUCE?OOVEC[s@?Ac@r@\t@`@s@DBNW?NBDHTe@p@W^W^N\Zz@N\L\N\l@}@pD{FPYr@cA`AaBrAfDuBdD{@tA_@j@uBdD_@j@sAgDO]M]O][{@U\	Click to Generate
S26	30	1			3	Spa View Community Church (S26)	Birley Spa Primary Academy (S26)	Birley Spa (S26)	2145	1609	oardIhfnGNa@k@o@QY@IDa@@_@@a@@i@?a@@_@B]KEGAE?G@CAEACG?E?GAGGKUOTNFJ??@F?F?DBFD@B@FAD?F@JDC\A^?`@Ah@A`@A^E`@AHE\CJERKb@M^Wg@u@fBMP_@l@SZKSEIIEI?GFU^y@qBEEEAEFsArBrAsBDGD@DDRf@d@hAT_@FGH?HDDHJRMRc@p@CHCHETCT?TBZHX\v@Pb@N`@`CdGVa@LSNUdA}ALONKPGPCb@@`@??}@@qBQ_@QYm@cAGI{@sASYm@_AGKa@o@Wg@m@gAWk@GFKHEACGi@mAYg@_@e@a@e@WOK?e@@[AO?E?e@Ed@DD?j@@d@AJ?VN`@d@^d@Xf@h@lABFD@JIFGVj@l@fAVf@`@n@FJJ_@JATo@	Click to Generate
S26	30	1			3	Spa View Community Church (S26)	Birley Spa Primary Academy (S26)	Birley Spa (S26)	2110	1582	_brdIddnGKMQY@IDa@@_@@a@@i@?a@@_@B]KEGAE?G@CAEACG?E?GAGGKUOTNFJ??@F?F?DBFD@B@FAD?F@JDC\A^?`@Ah@A`@A^E`@AHE\CJERKb@M^Wg@u@fBMP_@l@SZKSEIIEI?GFU^y@qBEEEAEFsArBrAsBDGD@DDRf@d@hAT_@FGH?HDDHJRMRc@p@CHCHETCT?TBZHX\v@Pb@N`@`CdGVa@LSNUdA}ALONKPGPCb@@`@??}@@qBQ_@QYm@cAGI{@sASYm@_AGKa@o@Wg@m@gAWk@GFKHEACGi@mAYg@_@e@a@e@WOK?e@@[AO?E?e@Ed@DD?j@@d@AJ?VN`@d@^d@Xf@h@lABFD@JIFGVj@l@fAVf@L_@Jc@DSBKD]PXJL	Click to Generate
S26	30	1			3	Birley Caravan Storage (S26)	Birley Moor Fire Station (S26)	The Fairway (S26)	2522	1892	mspdI`|mGOc@IWAI@G@EXa@Sc@nCeEZx@BFBJ@L?NCRGVCP?NHl@DJDBD?FG??GFE?ECEKIm@?OBQFWBS?OAMCKCG[y@oCdE{A~BgHvKi@z@`@`AL\@T]f@OAGK??FJN@\g@AUM]a@aAKN_@h@KNEFW^CBLXDJDHJd@Jd@Jf@@LF`ABz@@|@?v@Al@Ep@Et@Gx@Ed@Af@Af@?|@@v@?d@Ab@CdBA`@AX?ZAZ?\@V@d@?TB`@@\HbA@P@AB???TI\C??]BUH??C?A@AQIcAA]Ca@?UAe@AW?]@[?[@Y@a@BeB@c@?e@Aw@?}@@g@@g@De@Fy@Du@Dq@@m@?w@A}@C{@GaAAMKg@Ke@U[EGEMKWFKBCV_@DGJO^i@JOh@{@fHwKzA_CRb@Y`@ADAF@HHVNb@	Click to Generate
S26	45	1			3	The Strad (S26)	Outwood Academy City (S26)	Stradbroke Community Centre (S26)	3990	2992	caudIjloG@Cf@_Bf@}AFO@EAG@GDEBGLJLWBKBIDDBBHFFYJm@Ho@Fo@D}@@aAF_C@_@DUFGLAh@@r@DH?@{@?]Au@AgAAc@Ae@?C?UL?@?F?FEBI?YCa@?QDKJEPAj@JN@LCVEREX@HDDJ@T?|E@n@LdB?p@?jA?pAAjBG~BI`BHaBF_C@kB?}C?q@MeBAo@?}EAUEKIEYASDWDMBOAk@KQ@KDEJ?PB`@?XCHGDG?A?M??T?B@d@@b@@fA@t@?\Az@ExCGtDAZCf@Gt@M|@Mp@IXIXQd@ITUp@qAxDOb@GRKZKf@Kn@Kp@SpAM~@SbAWpAGTYhAg@nBSt@Ur@Qj@Qj@CHGRy@fDIZU~@c@dB_@`B[nAeAnEENCLe@k@EEi@}@k@gACEUe@FMp@}BDQ?KUu@Ka@CYA[?_@?UBYDSDSDMFCFUTULOc@d@GTGBELERERCX?T?^@ZBXJ`@Tt@?JEPq@|BGLTd@BDj@fAh@|@DDd@j@BMDOdAoEZoA^aBb@eBT_AH[x@gDEGa@k@OWMUU[S[DMZ{@f@{AZcAPw@BKbAmFNq@\kBHc@f@wBEAE?[Ca@A?O@[\@F?FGX{@	Click to Generate
S26	20	1			3	The Admiral (S26)	Frecheville Post Office (S26)	St Cyprian (S26)	1515	1136	yxrdI~wpGwBjDUZA@EBE?KMzCcFT]DGDI`@o@V_@V_@d@q@n@aAJOl@_ANU`@q@DJ@H?JAHuBfDMT_@n@E@A@C?IEMKW^W^N\Zz@N\L\N\l@}@pD{FPYr@cA`AaBrAfDuBdD{@tA_@j@uBdD_@j@sAgDO]M]O][{@gAdB	Click to Generate
S26	20	1			3	Frecheville Post Office (S26)	St Cyprian (S26)	The Co-operative Food (S26)	2000	1500	_yrdIfxpGqBbDW\EBE?KMzCcFT]DGDI`@o@V_@V_@d@q@n@aAJOl@_ANU`@q@DJ@H?JAHuBfDMT_@n@E@A@C?IEMKW^W^N\Zz@N\L\N\rAfD^k@tBeD^k@z@uAtBeDsAgDnB}CZg@pDuFyAoDo@`AuAxBm@|@GJEFEH{@rAc@r@eAdB_@h@e@t@a@p@OTm@~@KNo@`Ae@p@W^W^N\mAlB	Click to Generate
S26	60	1			3	Outwood Academy City (S26)	Stradbroke Community Centre (S26)	WD Motors (S26)	7641	5731	_`udIvioGDOf@}AFO@ETXBBDDBI\gAFYJm@Ho@Fo@D}@@aAF_C@_@DUFGLAh@@r@DH?@{@?]Au@AgAAc@Ae@?C?UL?@?F?FEBI?YCa@?QDKJEPAj@JN@LCVEREX@HDDJ@T?|E@n@LdB?p@?jA?pAAjBG~BI`BHaBF_C@kB?}C?q@MeBAo@?}EAUEKIEYASDWDMBOAk@KQ@KDEJ?PB`@?XCHGDG?A?M??T?B@d@@b@@fA@t@?\Az@ExCGtDAZCf@Gt@M|@Mp@IXIXQd@ITUp@qAxDOb@GRKZKf@Kn@Kp@SpAM~@SbAWpAGTYhAg@nBSt@Ur@Qj@Qj@CHGRy@fDIZU~@c@dB_@`B[nAeAnEENCLe@k@EEi@}@k@gACEUe@FMp@}BDQ?KUu@Ka@CYA[?_@?UBYDSDSDMFCFUTULOc@d@GTGBELERERCX?T?^@ZBXJ`@Tt@?JEPq@|BGLTd@BDj@fAh@|@DDd@j@Z\^d@\n@Zr@\x@FLFJZh@BDFJBFDFDDf@t@HLX^T\Rd@Vd@Pb@Tp@Tv@T`At@bCl@fCZtAPbARbAV~APnAPvADd@@L??@\@T@N?P?VAf@Ad@MjCF@D?@?DCDEDIDQv@iDh@wBPu@Jq@XqCj@uFHs@De@rC{Wn@_GLgAHg@BYLy@NkAxAaJ@CJs@d@sCD]LeANaA^yBTmAn@sDXgBHk@Hc@Da@BY@]?g@Ac@?GA[E@AAE?WGAHEb@??E^ERETEl@Iz@KhAC`ABaAJiAH{@Dm@DUDSD_@Dc@@IVFD?@@DAA[?IAo@CaAAm@CiACsAAyA?wA?S?mA?}A?s@?eB?U?y@?[?g@?E?O?Y?QAe@AMEWCUM]Q]A?EECCGKCKAI?I?I?M@E@SBg@BYHc@BW@[B[@W?WAq@IqCA]CYCSWoBS}AGa@My@WyAUuAIF]Ty@p@m@l@i@n@EI]w@[w@_@s@_@o@U]q@}@SQMIKGMCYGk@I]EG`C?HCjAC|@?x@AXAjB?~A?~@?~C?t@BH?T?NCL?f@?J?R@JPxE@R?NBx@?R?H@V@|@?T?B@d@@b@@fA@t@?\Az@I?s@Ei@AM@GFETA^G~BA`AE|@Gn@In@Kl@GX]fACHEECCUYADGNg@|AEN	Click to Generate
S26	30	1			3	Birley Spa Primary Academy (S26)	Birley Spa (S26)	Our Lady of Lourdes (S26)	2496	1872	ubrdIpanG??E`@AHE\CJERKb@M^Wg@u@fBMP_@l@SZKSEIIEI?GFU^y@qBEEEAEFsArBrAsBDGD@DDRf@d@hAT_@FGH?HDDHJRMRc@p@CHCHETCT?TBZHX\v@Pb@N`@`CdGVa@LSNUdA}ALONKPGPCb@@`@??}@@qBQ_@QYm@cAGI{@sASYm@_AGKa@o@Wg@m@gAWk@GFKHEACGi@mAYg@_@e@a@e@WOK?e@@[AO?E?e@Ed@DD?j@@d@AJ?VN`@d@^d@Xf@h@lABFD@JIFGVj@l@fAVf@L_@Jc@DSBKD]@IDa@@_@@a@@i@?a@@_@B]Fa@?ABQNyAPoAb@sDHo@@IDQHSHOPQNIBLBVF\Ld@L^Vj@lAhByBjFIPIReA`CSWMOMEMCOAO?Ah@A`@A^	Click to Generate
S26	20	1			3	Meraki (S26)	Frecheville Post Office (S26)	St Cyprian (S26)	1866	1400	m|rdIb}pGCFW\EBE?KMzCcFT]DGDI`@o@N\m@~@qCpEW\EBE?KMzCcFT]DGDI`@o@V_@V_@d@q@n@aAJOl@_ANU`@q@DJ@H?JAHuBfDMT_@n@E@A@C?IEMKW^W^N\Zz@N\L\N\l@}@pD{FPYr@cA`AaBrAfDuBdD{@tA_@j@uBdD_@j@sAgDO]M]O][{@{DhG	Click to Generate
S26	20	1			3	The Fairway (S26)	Birley Health Centre (S26)	The Birley Academy (S26)	2045	1534	mnqdIjyoGDCTGXKNC^Kd@I\AfAC~@AX?LALADAB?@AHbA@P@AB???TI\C??]BUH??C?A@@VDj@@V@T?T@`@@z@BlB?X@R@JDv@Bb@?DDj@@TDn@BT@H@NFf@H~@ZfEw@J_@F??^Gv@K[gEc@J]JYF_AL[D}Fr@u@J{@Jk@@NnE~Cc@??FCBEXEB?H?BDJZ^fB_@gBK[CEI?C?YDCDGB_Db@OoEj@Az@Kt@KQmECUAWAYUwECc@I_AMoAOgASsAn@_@j@W	Click to Generate
S26	20	1			3	Meraki (S26)	Frecheville Post Office (S26)	St Cyprian (S26)	1866	1400	y|rdIt}pGOREBE?KMzCcFT]DGDI`@o@N\m@~@qCpEW\EBE?KMzCcFT]DGDI`@o@V_@V_@d@q@n@aAJOl@_ANU`@q@DJ@H?JAHuBfDMT_@n@E@A@C?IEMKW^W^N\Zz@N\L\N\l@}@pD{FPYr@cA`AaBrAfDuBdD{@tA_@j@uBdD_@j@sAgDO]M]O][{@_EpGGH	Click to Generate
S26	20	1			3	The Birley (S26)	Safa (S26)	St Cyprian (S26)	1694	1270	e{rdIj{pGk@~@W\EBE?KMzCcFT]DGDI`@o@V_@V_@LJHDB?@AZv@JTHTYd@M@KMGEI?MP[{@O]V_@V_@d@q@n@aAJOk@oAACi@uAh@tAl@rAKNo@`Ae@p@W^W^N\Zz@N\L\N\l@}@pD{FPYr@cA`AaBrAfDuBdD{@tA_@j@uBdD_@j@sAgDO]M]O][{@sCpE	Click to Generate
S26	20	1			3	Frecheville Post Office (S26)	Kieu’s Nails (S26)	St Cyprian (S26)	1866	1400	_xrdIxvpGqCpEW\EBE?KMzCcFT]DGDI`@o@V_@V_@d@q@n@aAJOl@_ANU`@q@DJ@H?JAHuBfDMT_@n@E@A@C?IEMKW^W^N\{DhGCFW\EBE?KMzCcFT]DGDI`@o@N\Zz@N\L\N\l@}@pD{FPYr@cA`AaBrAfDuBdD{@tA_@j@uBdD_@j@sAgDO]M]O][{@m@~@	Click to Generate
S26	30	1			3	The Fairway (S26)	Birley Health Centre (S26)	The Co-operative Food (S26)	2872	2154	{nqdIryoGRKTGXKNC^Kd@I\AfAC~@AX?LALADAB?@AHbA@P@AB???TI\C??]BUH??C?A@@VDj@@V@T?T@`@@z@BlB?X@R@JDv@Bb@?DDj@@TDn@BT@H@NFf@H~@ZfEw@J_@F??^Gv@K[gEc@J]JYF_AL[D}Fr@u@J{@Jk@@e@C[IUGME[QUOCA[W_@c@[g@]c@]]UKSKC?GC_AWx@_M?SASGSSk@yAoDo@`AuAxBm@|@GJEFEH{@rAc@r@eAdB_@h@e@t@a@p@C[@IDKj@y@DCPF^i@dAeB~AgCDIDGFKl@}@tAyBn@aAz@wABGPUXg@NSV_@Va@FIb@s@FIpAoBJMDJFHDH@DTj@HRBJDJNf@@DPl@FZHXLr@Pz@R`ATdARjAn@_@\O	Click to Generate
S26	20	1			3	Spa View Community Church (S26)	GoLocal (S26)	Birley Spa (S26)	1446	1084	k}qdIrjmGCMOHQPINIREPAHIn@c@rDQnAOxACP?@G`@KEGAE?G@CAEACG?E?GAGGKUOTNFJ??@F?F?DBFD@B@FAD?F@JDC\A^?`@Ah@A`@A^E`@AHPXJL^`@e@pAK@K^GKa@o@Wg@m@gAWk@GFKHEACGi@mAYg@_@e@a@e@WOK?e@@[AO?E?e@Ed@DD?j@@d@AJ?VN`@d@^d@Xf@h@lABFD@JIFGVj@l@fAVf@L_@Jc@DSBKD]@IDa@@_@@a@@i@?a@@_@B]Fa@?ABQNyAPoAb@sDHo@@IDQHSHOPQNIBL	Click to Generate
S26	60	1			3	The Strad (S26)	Grayson's Plumbing & Heating Supplies (S26)	WD Motors (S26)	5342	4006	yntdIpxnG?kA?q@MeBAo@?}EAUEKIEYASDWDMBOAk@KQ@KDEJ?PB`@?XCHGDG?A?M??T?B@d@@b@@fA@t@?\Az@I?s@Ei@AM@GFETA^G~BA`AE|@Gn@In@Kl@GXIGCCEECHCJMVMKCFEDAF@FADGNg@|Ag@~AABYz@GFG?]AAZ?N`@@ZBD?D@`@sABMHUL_@Nc@HWb@uABI\gAFYJm@Ho@Fo@D}@@aAF_C@_@DUFGLAh@@r@DH?@{@?]Au@AgAAc@Ae@?C?UA}@AW?I?SCy@?OASQyEAK?S?K?g@BM?O?UCI?u@?_D?_A?_B@kB@Y?y@B}@BkA?IFaC\Dj@HXFLBJFLHRPp@|@T\^n@^r@Zv@\v@DHh@o@l@m@x@q@\UHGTtAVxALx@F`@R|AVnBBRBX@\HpC@p@?VAVCZAZCV?T@N@JBLHJFPDDBDDHBP@H?HAHAJAR?VBh@?p@@L@d@?P?X?N?D?f@?Z?x@?T?dB?r@?|A?lA?R?vA@xABrABhA@l@B`A@n@?H@ZE@AAE?WGAHEb@??E^ERETEl@Iz@KhAC`ABaAJiAH{@Dm@DUDSD_@Dc@@IVFD?@@DAA[?IAo@CaAAm@CiACsAAyA?wA?S?mA?}A?s@?eB?U?y@?[?g@?E?O?Y?QAe@AMEWCUM]Q]A?EECCGKCKAI?I?I?M@E@SBg@BYHc@BW@[B[@W?WAq@IqCA]CYCSWoBS}AGa@My@WyAUuAIF]Ty@p@m@l@i@n@EI]w@[w@_@s@_@o@U]q@}@SQMIKGMCYGk@I]EG`C?HCjAC|@?x@AXAjB?~A?~@?~C?t@BH?T?NCL?f@?J?R@JPxE@R?NBx@?R?H@V@|@L?@?F?FEBI?YCa@?QDKJEPAj@JN@LCVEREX@HDDJ@T?|E@n@LdB?p@?jA	Click to Generate
S26	20	1			3	Golden City (S26)	The Sherwood (S26)	St Cyprian (S26)	1787	1340	}{rdIl|pGS\W\EBE?KMzCcFT]DGDI`@o@N\U\iDrFW\EBE?KMzCcFT]DGDI`@o@V_@V_@d@q@IUCE?OOVEC[s@?Ac@r@\t@`@s@DBNW?NBDHTe@p@W^W^N\Zz@N\L\N\l@}@pD{FPYr@cA`AaBrAfDuBdD{@tA_@j@uBdD_@j@sAgDO]M]O][{@kDrF	Click to Generate
S26	45	1			3	The Swan (S26)	The Phoenix Inn (S26)	St John the Evangelist (S26)	3873	2905	kmodItnoG`@RXJB@PJRJTPVZ`@h@r@t@j@b@r@d@E^U|AId@Q|A\NRHZ_CBOTo@HUF[aAi@s@e@k@c@s@u@a@i@W[UQSKQKCAYKa@Si@]ECk@i@c@_@eBaByAsAQIGAQDOHKJYdA[nAG`@_@lBOhA_@`ECVIr@]hCERTNUfC@HBHRZJJLJPHQIMKKKKQGICIAITgCUODS\iCHs@BW^aENiA^mBFa@ZoAXeAJKNIPEF@PHxArAdB`Bb@^j@h@DBh@\`@RXJB@PJRJTPVZ`@h@r@t@j@b@r@d@`Ah@@@`@NXFFBn@LH?b@F`@@d@?l@B^DL@vBj@jA\x@Rt@^VNv@`@`Bx@FDPFZLVHPDzA\dDt@@yA@{@Az@AxAeDu@{A]QEWI[MYMaBy@w@a@WOu@_@y@SkA]wBk@MA_@Em@Ce@?a@Ac@GI?o@MGCYGa@OAAaAi@s@e@k@c@s@u@a@i@W[UQSKQKCAYKa@S	Click to Generate
S26	30	1			3	Stradbroke Community Centre (S26)	Antico (S26)	The Strad (S26)	2747	2060	{vudIbwpGTTMh@EJ?BCF?BENEJEPX`@RZt@lAP\FMp@}BDQ?KUu@Ka@CYA[?_@?UBYDSDSDMFCFUTULOc@d@GTGBELERERCX?T?^@ZBXJ`@Tt@?JEPq@|BGLTd@BDj@fAh@|@DDd@j@BMDOdAoEZoA^aBb@eBT_AH[x@gDEGa@k@OWMUU[S[DMZ{@f@{AZcAPw@BKbAmFNq@\kBHc@f@wBEAE?[Ca@A?O@[\@F?FGL_@L_@f@_Bf@}AFO@EAG@GDEBGLJLWBKBIDDBBHF]fACHc@tAIVOb@M^ITCLa@rAg@vBIb@]jBOp@cAlFCJQv@[bAg@zA[z@ELRZTZLTNV`@j@DFy@fDIZU~@c@dB_@`B[nAeAnEENCLe@k@EEi@}@k@gACEUe@Q]u@mAS[Ya@DQDKDO?CBG?CDKLi@UU	Click to Generate
S26	45	1			3	The Swan (S26)	The Phoenix Inn (S26)	St John the Evangelist (S26)	3869	2902	imodIvnoG^PXJB@PJRJTPVZ`@h@r@t@j@b@r@d@E^U|AId@Q|A\NRHZ_CBOTo@HUF[aAi@s@e@k@c@s@u@a@i@W[UQSKQKCAYKa@Si@]ECk@i@c@_@eBaByAsAQIGAQDOHKJYdA[nAG`@_@lBOhA_@`ECVIr@]hCERTNUfC@HBHRZJJLJPHQIMKKKKQGICIAITgCUODS\iCHs@BW^aENiA^mBFa@ZoAXeAJKNIPEF@PHxArAdB`Bb@^j@h@DBh@\`@RXJB@PJRJTPVZ`@h@r@t@j@b@r@d@`Ah@@@`@NXFFBn@LH?b@F`@@d@?l@B^DL@vBj@jA\x@Rt@^VNv@`@`Bx@FDPFZLVHPDzA\dDt@@yA@{@Az@AxAeDu@{A]QEWI[MYMaBy@w@a@WOu@_@y@SkA]wBk@MA_@Em@Ce@?a@Ac@GI?o@MGCYGa@OAAaAi@s@e@k@c@s@u@a@i@W[UQSKQKCAYK_@Q	Click to Generate
S26	30	1			3	Frecheville Library (S26)	Meraki (S26)	The Co-operative Food (S26)	2503	1877	{srdIfkpGj@nAl@_ANU`@q@d@u@^i@dAeB~AgCDIDGFKl@}@tAyBn@aAxAnDqDtF[f@oB|CaA`Bs@bAQX{BlDu@lAm@|@O]M]O][{@m@~@qCpEW\EBE?KMzCcFT]DGDI`@o@V_@V_@d@q@n@aAJOl@_ANU`@q@d@u@^i@dAeBb@s@z@sADIDGFKl@}@tAyBn@aAz@wABGPUXg@N\@J?JCHGDGAGGOSQTCF{@vAo@`AuAxBm@|@GJEFEH_BfCeAdB_@h@e@t@a@p@OTm@~@k@oA	Click to Generate
S26	60	1			3	Birley Spa Primary Academy (S26)	Safa (S26)	Sleeping Giant (S26)	5985	4489	g`sdItboGJINGRGNCJCAs@Aq@?e@?G@e@Bo@Bk@Fq@JeADc@@Y@_@?]A_@Ca@Ei@Ig@?AKc@WcAk@wBMe@Og@Og@O]k@uAGQy@oBGO`@m@f@m@n@s@z@q@`@[|@o@VQLKLMV[HKXi@HMb@aAj@mA^}@Pc@p@oBDM`@uALe@JNHN@BDLHZLvAD`@D^Fn@Db@LtAB\Hp@F^JZNXPPTJRDNBT@ClA?T?j@B~@Ft@Fv@Jp@Lv@Np@DNJ\Rf@Vj@l@fAu@fBMP_@l@SZKSEIIEI?GFU^y@qBEEEAEFsArBrAsBDGD@DDRf@d@hAT_@FGH?HDDHJRMRc@p@CHCHETCT?TBZHX\v@_@j@QXKVGTCXCjAAl@ATCNEPc@v@g@v@GPEPCV?VDXDL@FXx@DFMRGREVAV@ZDTN^~@~BxArDJVFRBR@R?f@@d@DTFNL`@GJEFEH_BfCeAdB_@h@e@t@a@p@OTm@~@k@oAACi@uAh@tAl@rAl@_ANU`@q@d@u@^i@dAeB~AgCDIDGFKl@}@tAyBn@aAz@wABGPUXg@NSV_@Va@FIb@s@O]CII_@EWAUCa@?e@@c@?M@cF?S@sA?yA?}@@qBQ_@QYm@cAGI{@sASYm@_AGKa@o@Wg@m@gAWk@GFKHEACGi@mAYg@_@e@a@e@WOK?e@@k@AE???e@Ed@DD?j@@d@AJ?VN`@d@^d@Xf@h@lABFD@JIFGSg@K]EOOq@Mw@Kq@Gw@Gu@C_A?k@?UBmAUAOCSEUKQQOYK[G_@Iq@C]MuAEc@Go@E_@Ea@MwAI[EMACIOKOMd@a@tAELq@nBQb@_@|@k@lAc@`AILYh@IJWZMLMJWP}@n@a@Z{@p@o@r@g@l@a@l@FNx@nBFPj@tAN\Nf@Nf@Ld@j@vBVbAJb@?@Hf@Dh@B`@@^?\A^AXEb@KdAGp@Cj@Cn@Ad@?F?d@@p@@r@KBOBSFOFKH	Click to Generate
S26	60	1			3	Sleeping Giant (S26)	St John Fisher Primary, A Catholic Voluntary Academy (S26)	Spa View Community Church (S26)	6727	5045	u_sdI~dlGAfBCpAC~AG`CGjAI`AEb@Eh@MbAM|@UrAUfASv@Sx@O`@]dAc@~@i@nAcErFoGnFkFlEWb@MPEJOZAHAJAR?VBh@?p@@L@d@?P?XJ@R?\BNBVHB@PJ\Z`@V\VZTTFJB\D\Af@Eb@ORKLIVUZ]Xa@HMJQTg@JYN_@La@Lc@Pm@ZcAPi@@ALc@\y@L[LYBIN[Xi@T[Va@`@m@f@m@n@s@z@q@`@[|@o@VQLKLMV[HKXi@HMb@aAj@mA^}@Pc@p@oBDM`@uALe@JNHN@BDLHZLvAD`@D^Fn@Db@LtAB\Hp@F^JZNXPPTJRDNBT@ClA?T?j@B~@Ft@Fv@Jp@Lv@Np@DNJ\Rf@GFKHEACGi@mAYg@_@e@a@e@WOK?e@@k@AE???e@Ed@DD?j@@d@AJ?VN`@d@^d@Xf@h@lABFD@JIFGVj@l@fAVf@L_@Jc@DSBKD]@IDa@@_@@a@@i@?a@@_@B]Fa@?ABQNyAPoAb@sDHo@@IDQHSHOPQNIGg@I[NKJKHIJALB??MCK@IHKJOJHZFf@OHQPINIREPAHIn@c@rDQnAOxACP?@G`@KEGAE?G@CAEACG?E?GAGGKUOTNFJ??@F?F?DBFD@B@FAD?F@JDC\A^?`@Ah@A`@A^E`@AHE\CJERKb@M^Wg@m@gAWk@Sg@K]EOOq@Mw@Kq@Gw@Gu@C_A?k@?UBmAUAOCSEUKQQOYK[G_@Iq@C]MuAEc@Go@E_@Ea@MwAI[EMACIOKOMd@a@tAELq@nBQb@_@|@k@lAc@`AILYh@IJWZMLMJWP}@n@a@Z{@p@o@r@g@l@a@l@W`@UZYh@OZCHMXMZ]x@Mb@A@Qh@[bAQl@Mb@M`@O^KXUf@KPILY`@[\WTMHSJc@Ng@D]@]EKCUG[U]Wa@W][QKCAWIOC]CS?KA?Y?QAe@AMEWCUM]Q]A?EECCGKCKAI?I?I?M@EBIBEFIFCFAD?FBXGTG`@QjFmEnGoFbEsFh@oAb@_A\eANa@Ry@Rw@TgATsAL}@LcADi@Dc@HaAFkAFaCB_BBqA@gB	Click to Generate
S26	60	1			3	Birley Spa Primary Academy (S26)	Sleeping Giant (S26)	Safa (S26)	5116	3837	c_sdIx~nGTELE?e@?G@e@Bo@Bk@Fq@JeADc@@Y@_@?]A_@Ca@Ei@Ig@?AKc@WcAk@wBMe@Og@Og@O]k@uAGQy@oBGO`@m@f@m@n@s@z@q@`@[|@o@VQLKLMV[HKXi@HMb@aAj@mA^}@Pc@p@oBDM`@uALe@JNHN@BDLHZLvAD`@D^Fn@Db@LtAB\Hp@F^JZNXPPTJRDNBT@ClA?T?j@B~@Ft@Fv@Jp@Lv@Np@DNJ\Rf@Vj@l@fAu@fBMP_@l@SZKSEIIEI?GFU^y@qBEEEAEFsArBrAsBDGD@DDRf@d@hAT_@FGH?HDDHJRMRc@p@CHCHETCT?TBZHX\v@Pb@N`@`CdGVa@LSNUdA}ALONKPGPCb@@`@??}@@qBQ_@QYm@cAGI{@sASYm@_AGKa@o@Wg@m@gAWk@GFKHEACGi@mAYg@_@e@a@e@WOK?e@@k@AE???e@Ed@DD?j@@d@AJ?VN`@d@^d@Xf@h@lABFD@JIFGVj@l@fAVf@`@n@FJl@~@RXz@rAFHl@bAPXP^ApB?|@?xAArA?RAbF?LAb@?d@B`@@TDVH^BHN\c@r@GHW`@W^ORYf@QTCF{@vAo@`AuAxBm@|@GJEFEH_BfCeAdB_@h@e@t@a@p@OTm@~@k@oAACi@uAh@tAl@rAKNo@`Ae@p@W^W^a@n@EHEFU\]u@Qc@]}@K[Qg@Me@Ia@EOKk@K}@Gw@E{@A_A?aAB{@Dw@D_@Fq@Fo@P{Ah@cFBa@?I?S?_@?K?QKqACKEYACQaAEc@Ge@Ei@Em@As@Aq@MDUD	Click to Generate
S26	20	1			3	Birley Spa Primary Academy (S26)	Spa View Community Church (S26)	GoLocal (S26)	2066	1550	eprdIx{mGD?j@@d@AJ?VN`@d@^d@Xf@h@lABFD@JIFGVj@l@fAu@fBMP_@l@SZKSEIIEI?GFU^y@qBEEEAEFsArBrAsBDGD@DDRf@d@hAT_@FGH?HDDHJRMRc@p@CHCHETCT?TBZHX\v@Pb@N`@`CdGVa@LSNUdA}ALONKPGPCb@@`@??}@@qBQ_@QYm@cAGI{@sASYm@_AGKa@o@L_@Jc@DSBKD]@IDa@@_@@a@@i@?a@@_@B]KEGAE?G@CAEACG?E?GAGGKUOTNFJ??@F?F?DBFD@B@FAD?F@JDC\A^?`@Ah@A`@A^E`@AHPXJL^`@e@pAK@K^GKa@o@Wg@m@gAWk@GFKHEACGi@mAYg@_@e@a@e@WOK?e@@k@AE?	Click to Generate
S26	20	1			3	GoLocal (S26)	Our Lady of Lourdes (S26)	Birley Spa (S26)	2004	1503	{crdI|ymG@F?F?DBFD@B@FAD?F@JDC\A^?`@Ah@A`@A^E`@AHPXJL^`@e@pAK@K^GKa@o@L_@Jc@DSBKD]@IDa@@_@@a@@i@?a@@_@B]Fa@?ABQNyAPoAb@sDHo@@IDQHSHOPQNIBLBVF\Ld@L^Vj@lAhBNTHLNPVRl@`@UzAG^]nBg@xCYbBOv@CRQdAMv@SlACLEDCDKRMLMFm@cAGI{@sASYm@_AGKa@o@Wg@m@gAWk@GFKHEACGi@mAYg@_@e@a@e@WOK?e@@[AO?E?e@Ed@DD?j@@d@AJ?VN`@d@^d@Xf@h@lABFD@JIFGVj@l@fAVf@L_@Jc@DSBKD]@IDa@@_@@a@@i@?a@@_@B]KEGAE?G@CAEACG?E?GAG	Click to Generate
S26	30	1			3	Our Lady of Lourdes (S26)	Birley Spa Primary Academy (S26)	Birley Spa (S26)	2496	1872	oardIf~mG??LBLDLNRVdAaCHSHQxBkFmAiBWk@M_@Me@G]CWCMOHQPINIREPAHIn@c@rDQnAOxACP?@G`@C\A^?`@Ah@A`@A^E`@AHE\CJERKb@M^Wg@u@fBMP_@l@SZKSEIIEI?GFU^y@qBEEEAEFsArBrAsBDGD@DDRf@d@hAT_@FGH?HDDHJRMRc@p@CHCHETCT?TBZHX\v@Pb@N`@`CdGVa@LSNUdA}ALONKPGPCb@@`@??}@@qBQ_@QYm@cAGI{@sASYm@_AGKa@o@Wg@m@gAWk@GFKHEACGi@mAYg@_@e@a@e@WOK?e@@[AO?E?e@Ed@DD?j@@d@AJ?VN`@d@^d@Xf@h@lABFD@JIFGVj@l@fAVf@L_@Jc@DSBKD]@IDa@@_@@a@@i@N?N@	Click to Generate
S26	20	1			3	Meraki (S26)	Frecheville Post Office (S26)	St Cyprian (S26)	1866	1400	a}rdI|}pGGJEBE?KMzCcFT]DGDI`@o@N\m@~@qCpEW\EBE?KMzCcFT]DGDI`@o@V_@V_@d@q@n@aAJOl@_ANU`@q@DJ@H?JAHuBfDMT_@n@E@A@C?IEMKW^W^N\Zz@N\L\N\l@}@pD{FPYr@cA`AaBrAfDuBdD{@tA_@j@uBdD_@j@sAgDO]M]O][{@_EpGOP	Click to Generate
S26	20	1			3	Frecheville Library (S26)	Safa (S26)	Meraki (S26)	1531	1148	}krdIxvpGz@uAtBeDsAgDaA`Bs@bAQX{BlDu@lAm@|@O]M]O][{@O]V_@V_@d@q@n@aAJOk@oAACi@uAh@tAl@rAKNo@`Ae@p@W^W^N\m@~@qCpEW\EBE?KMzCcFT]DGDI`@o@N\Zz@N\L\N\rAfD^k@tBeD^k@	Click to Generate
S26	20	1			3	Spa View Community Church (S26)	GoLocal (S26)	Birley Spa (S26)	1563	1172	a|qdI`gmGMCK@IHKJOJHZFf@OHQPINIREPAHIn@c@rDQnAOxACP?@G`@KEGAE?G@CAEACG?E?GAGGKUOTNFJ??@F?F?DBFD@B@FAD?F@JDC\A^?`@Ah@A`@A^E`@AHPXJL^`@e@pAK@K^GKa@o@Wg@m@gAWk@GFKHEACGi@mAYg@_@e@a@e@WOK?e@@[AO?E?e@Ed@DD?j@@d@AJ?VN`@d@^d@Xf@h@lABFD@JIFGVj@l@fAVf@L_@Jc@DSBKD]@IDa@@_@@a@@i@?a@@_@B]Fa@?ABQNyAPoAb@sDHo@@IDQHSHOPQNIGg@I[NKJKHIJALB	Click to Generate
S26	30	1			3	The Swan (S26)	Ridgeway Primary School (S26)	The Phoenix Inn (S26)	2887	2165	igndIbbpGGEaBy@w@a@WOu@_@y@SkA]wBk@MA_@Em@Ce@?a@Ac@GI?o@MGCYGa@OAAGZITUn@CN[~BSI]OP}AHe@T}AD_@s@e@k@c@s@u@a@i@W[UQSKQKCAYK_@QAAi@]ECk@i@c@_@eBaByAsAQIGAQDOHKJYdA[nAG`@_@lBOhA_@`ECVIr@]hCERTNUfC@HBHRZJJLJPHQIMKKKKQGICIAITgCUODS\iCHs@BW^aENiA^mBFa@ZoAXeAJKNIPEF@PHxArAdB`Bb@^j@h@DBh@\`@RXJB@PJRJTPVZ`@h@r@t@j@b@r@d@`Ah@@@`@NXFFBn@LH?b@F`@@d@?l@B^DL@vBj@jA\x@Rt@^VNv@`@`Bx@FD	Click to Generate
S26	30	1			3	Richmond Church (S26)	Antico (S26)	The Strad (S26)	2648	1986	equdIhqpGUTGTGBELERERCX?T?^@ZBXJ`@Tt@?JEPq@|BGLQ]u@mAS[Ya@DQDKDO?CBG?CDKLi@UU??TTMh@EJ?BCF?BENEJEPi@u@[e@CEYc@IMW]MSDSTkAH]RaAH]F_@BIDSFYP}@Z{Ax@cEH]TaBTwBJaC@aB?a@GAGGEKAK@MBODIFCDAFBFHBJ@L?DT?dA?T?X?b@@b@?Z@\?T?@?T?T@|@?B?x@?d@??O@[\@F?FGL_@L_@f@_Bf@}AFO@EAG@GDEBGLJLWBKBIDDBBHF]fACHc@tAIVOb@M^ITCLa@rAg@vBIb@]jBOp@cAlFCJQv@[bAg@zA[z@ELRZTZLTNV`@j@DFy@fDIZU~@c@dB_@`B[nAeAnEENCLe@k@EEi@}@k@gACEUe@FMp@}BDQ?KUu@Ka@CYA[?_@?UBYDSDSDMFCFUTU	Click to Generate
S26	60	1			3	Outwood Academy City (S26)	Stradbroke Community Centre (S26)	WD Motors (S26)	7661	5746	k`udInjoGPg@f@}AFO@ETXBBDDBI\gAFYJm@Ho@Fo@D}@@aAF_C@_@DUFGLAh@@r@DH?@{@?]Au@AgAAc@Ae@?C?UL?@?F?FEBI?YCa@?QDKJEPAj@JN@LCVEREX@HDDJ@T?|E@n@LdB?p@?jA?pAAjBG~BI`BHaBF_C@kB?}C?q@MeBAo@?}EAUEKIEYASDWDMBOAk@KQ@KDEJ?PB`@?XCHGDG?A?M??T?B@d@@b@@fA@t@?\Az@ExCGtDAZCf@Gt@M|@Mp@IXIXQd@ITUp@qAxDOb@GRKZKf@Kn@Kp@SpAM~@SbAWpAGTYhAg@nBSt@Ur@Qj@Qj@CHGRy@fDIZU~@c@dB_@`B[nAeAnEENCLe@k@EEi@}@k@gACEUe@FMp@}BDQ?KUu@Ka@CYA[?_@?UBYDSDSDMFCFUTULOc@d@GTGBELERERCX?T?^@ZBXJ`@Tt@?JEPq@|BGLTd@BDj@fAh@|@DDd@j@Z\^d@\n@Zr@\x@FLFJZh@BDFJBFDFDDf@t@HLX^T\Rd@Vd@Pb@Tp@Tv@T`At@bCl@fCZtAPbARbAV~APnAPvADd@@L??@\@T@N?P?VAf@Ad@MjCF@D?@?DCDEDIDQv@iDh@wBPu@Jq@XqCj@uFHs@De@rC{Wn@_GLgAHg@BYLy@NkAxAaJ@CJs@d@sCD]LeANaA^yBTmAn@sDXgBHk@Hc@Da@BY@]?g@Ac@?GA[E@AAE?WGAHEb@??E^ERETEl@Iz@KhAC`ABaAJiAH{@Dm@DUDSD_@Dc@@IVFD?@@DAA[?IAo@CaAAm@CiACsAAyA?wA?S?mA?}A?s@?eB?U?y@?[?g@?E?O?Y?QAe@AMEWCUM]Q]A?EECCGKCKAI?I?I?M@E@SBg@BYHc@BW@[B[@W?WAq@IqCA]CYCSWoBS}AGa@My@WyAUuAIF]Ty@p@m@l@i@n@EI]w@[w@_@s@_@o@U]q@}@SQMIKGMCYGk@I]EG`C?HCjAC|@?x@AXAjB?~A?~@?~C?t@BH?T?NCL?f@?J?R@JPxE@R?NBx@?R?H@V@|@?T?B@d@@b@@fA@t@?\Az@I?s@Ei@AM@GFETA^G~BA`AE|@Gn@In@Kl@GX]fACHEECCUYADGNg@|AQf@	Click to Generate
S26	60	1			3	Outwood Academy City (S26)	Stradbroke Community Centre (S26)	WD Motors (S26)	7590	5692	e_udIxgoGRo@FO@ETXBBDDBI\gAFYJm@Ho@Fo@D}@@aAF_C@_@DUFGLAh@@r@DH?@{@?]Au@AgAAc@Ae@?C?UL?@?F?FEBI?YCa@?QDKJEPAj@JN@LCVEREX@HDDJ@T?|E@n@LdB?p@?jA?pAAjBG~BI`BHaBF_C@kB?}C?q@MeBAo@?}EAUEKIEYASDWDMBOAk@KQ@KDEJ?PB`@?XCHGDG?A?M??T?B@d@@b@@fA@t@?\Az@ExCGtDAZCf@Gt@M|@Mp@IXIXQd@ITUp@qAxDOb@GRKZKf@Kn@Kp@SpAM~@SbAWpAGTYhAg@nBSt@Ur@Qj@Qj@CHGRy@fDIZU~@c@dB_@`B[nAeAnEENCLe@k@EEi@}@k@gACEUe@FMp@}BDQ?KUu@Ka@CYA[?_@?UBYDSDSDMFCFUTULOc@d@GTGBELERERCX?T?^@ZBXJ`@Tt@?JEPq@|BGLTd@BDj@fAh@|@DDd@j@Z\^d@\n@Zr@\x@FLFJZh@BDFJBFDFDDf@t@HLX^T\Rd@Vd@Pb@Tp@Tv@T`At@bCl@fCZtAPbARbAV~APnAPvADd@@L??@\@T@N?P?VAf@Ad@MjCF@D?@?DCDEDIDQv@iDh@wBPu@Jq@XqCj@uFHs@De@rC{Wn@_GLgAHg@BYLy@NkAxAaJ@CJs@d@sCD]LeANaA^yBTmAn@sDXgBHk@Hc@Da@BY@]?g@Ac@?GA[E@AAE?WGAHEb@??E^ERETEl@Iz@KhAC`ABaAJiAH{@Dm@DUDSD_@Dc@@IVFD?@@DAA[?IAo@CaAAm@CiACsAAyA?wA?S?mA?}A?s@?eB?U?y@?[?g@?E?O?Y?QAe@AMEWCUM]Q]A?EECCGKCKAI?I?I?M@E@SBg@BYHc@BW@[B[@W?WAq@IqCA]CYCSWoBS}AGa@My@WyAUuAIF]Ty@p@m@l@i@n@EI]w@[w@_@s@_@o@U]q@}@SQMIKGMCYGk@I]EG`C?HCjAC|@?x@AXAjB?~A?~@?~C?t@BH?T?NCL?f@?J?R@JPxE@R?NBx@?R?H@V@|@?T?B@d@@b@@fA@t@?\Az@I?s@Ei@AM@GFETA^G~BA`AE|@Gn@In@Kl@GX]fACHEECCUYADGNSn@	Click to Generate
S26	60	1			3	Outwood Academy City (S26)	Stradbroke Community Centre (S26)	WD Motors (S26)	7607	5705	o_udIlhoG\cAFO@ETXBBDDBI\gAFYJm@Ho@Fo@D}@@aAF_C@_@DUFGLAh@@r@DH?@{@?]Au@AgAAc@Ae@?C?UL?@?F?FEBI?YCa@?QDKJEPAj@JN@LCVEREX@HDDJ@T?|E@n@LdB?p@?jA?pAAjBG~BI`BHaBF_C@kB?}C?q@MeBAo@?}EAUEKIEYASDWDMBOAk@KQ@KDEJ?PB`@?XCHGDG?A?M??T?B@d@@b@@fA@t@?\Az@ExCGtDAZCf@Gt@M|@Mp@IXIXQd@ITUp@qAxDOb@GRKZKf@Kn@Kp@SpAM~@SbAWpAGTYhAg@nBSt@Ur@Qj@Qj@CHGRy@fDIZU~@c@dB_@`B[nAeAnEENCLe@k@EEi@}@k@gACEUe@FMp@}BDQ?KUu@Ka@CYA[?_@?UBYDSDSDMFCFUTULOc@d@GTGBELERERCX?T?^@ZBXJ`@Tt@?JEPq@|BGLTd@BDj@fAh@|@DDd@j@Z\^d@\n@Zr@\x@FLFJZh@BDFJBFDFDDf@t@HLX^T\Rd@Vd@Pb@Tp@Tv@T`At@bCl@fCZtAPbARbAV~APnAPvADd@@L??@\@T@N?P?VAf@Ad@MjCF@D?@?DCDEDIDQv@iDh@wBPu@Jq@XqCj@uFHs@De@rC{Wn@_GLgAHg@BYLy@NkAxAaJ@CJs@d@sCD]LeANaA^yBTmAn@sDXgBHk@Hc@Da@BY@]?g@Ac@?GA[E@AAE?WGAHEb@??E^ERETEl@Iz@KhAC`ABaAJiAH{@Dm@DUDSD_@Dc@@IVFD?@@DAA[?IAo@CaAAm@CiACsAAyA?wA?S?mA?}A?s@?eB?U?y@?[?g@?E?O?Y?QAe@AMEWCUM]Q]A?EECCGKCKAI?I?I?M@E@SBg@BYHc@BW@[B[@W?WAq@IqCA]CYCSWoBS}AGa@My@WyAUuAIF]Ty@p@m@l@i@n@EI]w@[w@_@s@_@o@U]q@}@SQMIKGMCYGk@I]EG`C?HCjAC|@?x@AXAjB?~A?~@?~C?t@BH?T?NCL?f@?J?R@JPxE@R?NBx@?R?H@V@|@?T?B@d@@b@@fA@t@?\Az@I?s@Ei@AM@GFETA^G~BA`AE|@Gn@In@Kl@GX]fACHEECCUYADGN]bA	Click to Generate
S26	20	1			3	Hair by Lisa (S26)	Frecheville Post Office (S26)	St Cyprian (S26)	1866	1400	g}rdIf~pGA@EBE?KMzCcFT]DGDI`@o@N\gAdBwBjDW\EBE?KMzCcFT]DGDI`@o@V_@V_@d@q@n@aAJOl@_ANU`@q@DJ@H?JAHuBfDMT_@n@E@A@C?IEMKW^W^N\Zz@N\L\N\l@}@pD{FPYr@cA`AaBrAfDuBdD{@tA_@j@uBdD_@j@sAgDO]M]O][{@_EpGUZ	Click to Generate
S26	20	1			3	Frecheville News, Cards & Gifts (S26)	Safa (S26)	St Cyprian (S26)	1683	1262	wsrdIbtpG[w@A@C?IEMKW^W^N\kBvCsAxBW\EBE?KMzCcFT]DGDI`@o@V_@V_@d@q@n@aAJOk@oAACi@uAh@tAl@rAKNo@`Ae@p@W^W^N\Zz@N\L\N\l@}@pD{FPYr@cA`AaBrAfDuBdD{@tA_@j@uBdD_@j@sAgDO]M]O][{@O]V_@V_@LJHDB?@AZv@	Click to Generate
S26	60	1			3	Birley Health Centre (S26)	Birley Primary Academy (S26)	New Loon Fung (S26)	4346	3260	gmqdIf{pG??_Db@OoEj@Az@Kt@K|Fs@ZE~@MXG\Kb@KZfEw@J_@F??^Gv@KFp@Dt@L~ADd@Bd@Bf@@f@?f@@b@?V?RAVARAPE^ERG^I^G\GVGZGTGVIZGRGPGPGPGNOXMVMRQVW`@mAtByAlCINGNGNCRCLAR?^GpH?|Cc@Os@YGEcCkA{@g@SKqBy@_D_BqCuAuAs@[QGC{@a@QKCECCAEACAIAE?I@K@M@OZeBDODUXyAh@iCZ_BLq@|BbBFKFIn@q@FEBKBG@I?K?KI]Qi@Yu@GYCWAW?MFQHMCs@Br@ILGP?L@VBVFXXt@BJL\H\?J?JAHCFCJGDo@p@kAuFEKCIBY@[?sE?o@@{A?k@@o@@a@@[JkAb@kG@E~@VFBB?RJTJT_ALk@Lu@Hq@Bi@Dq@J}EHqDB}@@GB_@D[BI@GBGHUNQFIJMhAoAFZHXPMXS@?v@a@j@YTERARBPHFHBBFPDXHd@@DB\Fr@Dr@DnA_@JOBYJUFSJ]No@^RrANfALnAH~@Bb@TvE@X@VBTPlEu@J{@Jk@@NnE~Cc@??	Click to Generate
S26	20	1			3	Safa (S26)	St Cyprian (S26)	Frecheville Library (S26)	1579	1184	_jrdItapGc@r@eAdB_@h@e@t@a@p@OTm@~@k@oAACi@uAh@tAl@rAKNo@`Ae@p@W^W^N\Zz@N\L\N\rAfD^k@tBeD^k@z@uAtBeDsAgDaA`Bs@bAQX{BlDu@lAm@|@O]M]O][{@O]V_@V_@d@q@n@aAJOl@_ANU`@q@d@u@^i@dAeBb@s@	Click to Generate
S26	20	1			3	Birley Wood Golf Club (S26)	UK Welder (S26)	Birley Health Centre (S26)	1511	1133	s`qdInyoG]BLxAz@J??{@KMyAUH??C?A@AQIcAA@C?E@M@M@Y?_A@gAB]@e@H_@JC?KBYJUFq@Zo@^RrANfALnAH~@Bb@TvE@X@VBTPlE|Fs@ZE~@MXG\Kb@KZfEw@J_@F??^Gv@K[gEI_AGg@AOAICUEo@AUEk@?ECc@Ew@AKAS?YCmBA{@Aa@?UAUAWEk@AW@AB???TI\C	Click to Generate
S26	20	1			3	Golden City (S26)	The Sherwood (S26)	St Cyprian (S26)	1787	1340	g|rdIz|pGINW\EBE?KMzCcFT]DGDI`@o@N\U\iDrFW\EBE?KMzCcFT]DGDI`@o@V_@V_@d@q@IUCE?OOVEC[s@?Ac@r@\t@`@s@DBNW?NBDHTe@p@W^W^N\Zz@N\L\N\l@}@pD{FPYr@cA`AaBrAfDuBdD{@tA_@j@uBdD_@j@sAgDO]M]O][{@uD`G	Click to Generate
S26	60	1			3	Birley Wood Golf Club (S26)	Queens Head (S26)	The Swan (S26)	6778	5084	e_pdItdpGGICIAITgCUOEXMbAStACTIn@Kv@M~@UvAUnAu@bDaA~CiArDy@lCg@~Ac@~Aw@pCgDjLGPk@~AITmAtC{CpGuB`EkAfCYr@OZEGKSCGg@iBIUMMMMQGSKk@S?}CFqH?_@@SBMBSFOFOHOxAmClAuBVa@PWLSLWNYFOFQFQFQFSH[FWFUF[FWF]H_@F_@DSD_@@Q@S@W?S?WAc@?g@Ag@Cg@Ce@Ee@M_BEu@Gq@[gEI_AGg@AOAICUEo@AUEk@?ECc@Ew@AKAS?YCmBA{@Aa@?UAUAWEk@AW@AB???TILxAz@J??{@KMyAUH??C?A@@VDj@@V@T?T@`@@z@BlB?X@R@JDv@Bb@?DDj@@TDn@BT@H@NFf@H~@ZfEFp@Dt@L~ADd@Bd@Bf@@f@?f@@b@?V?RAVARAPE^ERG^I^G\GVGZGTGVIZGRGPGPGPGNOXMVMRQVW`@mAtByAlCINGNGNCRCLAR?^GpH?|Cj@RRJPFLLLLHTf@hBBFJRDFN[Xs@jAgCtBaEzCqGlAuCHUj@_BFQfDkLv@qCb@_Bf@_Bx@mChAsD`A_Dt@cDToATwAL_AJw@Ho@BURuALcADYDS\iCHs@BW^aENiA^mBFa@ZoAXeAJKNIPEF@PHxArAdB`Bb@^j@h@DBh@\??`@RXJB@PJRJTPVZ`@h@r@t@j@b@r@d@E^U|AId@Q|A\NRHZ_CBOTo@HUF[aAi@s@e@k@c@s@u@a@i@W[UQSKQKCAYKa@Si@]ECk@i@c@_@eBaByAsAQIGAQDOHKJYdA[nAG`@_@lBOhA_@`ECVIr@]hCERTNUfC@HBHFH	Click to Generate
S26	15	1			3	Golden City (S26)	Bullie Ink Tattoo Collective (S26)	St Cyprian (S26)	1408	1056	kvrdI|mpGZr@DBNW?NBDHTe@p@W^W^N\U\iCdE_@l@W\EBE?KMzCcFT]DGDI`@o@N\Zz@N\L\N\l@}@pD{FPYr@cA`AaBrAfDuBdD{@tA_@j@uBdD_@j@sAgDO]M]O][{@O]V_@V_@d@q@IUCE?OOVEC[s@	Click to Generate
S26	60	1			3	Grayson's Plumbing & Heating Supplies (S26)	Outwood Academy City (S26)	WD Motors (S26)	5652	4239	}|tdI|coGBIDDBBHF]fACHc@tAIVOb@M^ITCLa@rAEAE?[Ca@A?O@[\@F?FGX{@@Cf@_Bf@}AFO@ETXBBDDBI\gAFYJm@Ho@Fo@D}@@aAF_C@_@DUFGLAh@@r@DH?@{@?]Au@AgAAc@Ae@?C?UL?@?F?FEBI?YCa@?QDKJEPAj@JN@LCVEREX@HDDJ@T?|E@n@LdB?p@?jA?pAAjBG~BI`BHaBF_C@kB?}C?q@MeBAo@?}EAUEKIEYASDWDMBOAk@KQ@KDEJ?PB`@?XCHGDG?A?M?A}@AW?I?SCy@?OASQyEAK?S?K?g@BM?O?UCI?u@?_D?_A?_B@kB@Y?y@B}@BkA?IFaC\Dj@HXFLBJFLHRPp@|@T\^n@^r@Zv@\v@DHh@o@l@m@x@q@\UHGTtAVxALx@F`@R|AVnBBRBX@\HpC@p@?VAVCZAZCV?T@N@JBLHJFPDDBDDHBP@H?HAHAJAR?VBh@?p@@L@d@?P?X?N?D?f@?Z?x@?T?dB?r@?|A?lA?R?vA@xABrABhA@l@B`A@n@?H@ZE@AAE?WGAHEb@??E^ERETEl@Iz@KhAC`ABaAJiAH{@Dm@DUDSD_@Dc@@IVFD?@@DAA[?IAo@CaAAm@CiACsAAyA?wA?S?mA?}A?s@?eB?U?y@?[?g@?E?O?Y?QAe@AMEWCUM]Q]A?EECCGKCKAI?I?I?M@E@SBg@BYHc@BW@[B[@W?WAq@IqCA]CYCSWoBS}AGa@My@WyAUuAIF]Ty@p@m@l@i@n@EI]w@[w@_@s@_@o@U]q@}@SQMIKGMCYGk@I]EG`C?HCjAC|@?x@AXAjB?~A?~@?~C?t@BH?T?NCL?f@?J?R@JPxE@R?NBx@?R?H@V@|@?T?B@d@@b@@fA@t@?\Az@I?s@Ei@AM@GFETA^G~BA`AE|@Gn@In@Kl@GXIGCCEECH	Click to Generate
S26	60	1			3	Queens Head (S26)	St John the Evangelist (S26)	The Phoenix Inn (S26)	4261	3196	qaodIbzoGHUF[aAi@s@e@k@c@s@u@a@i@W[UQSKQKCAYKa@Si@]ECk@i@c@_@eBaByAsAQIGAQDOHKJF_@DYDa@DJJb@FNF@PHxArAdB`Bb@^j@h@DBh@\??`@RXJB@PJRJTPVZ`@h@r@t@j@b@r@d@`Ah@@@`@NXFFBn@LH?b@F`@@d@?l@B^DL@vBj@jA\x@Rt@^VNv@`@`Bx@FDPFZLVHPDzA\dDt@@yA@{@Az@AxAeDu@{A]QEWI[MYMaBy@w@a@WOu@_@y@SkA]wBk@MA_@Em@Ce@?a@Ac@GI?o@MGCYGa@OAAaAi@s@e@k@c@s@u@a@i@W[UQSKQKCAYKa@Si@]ECk@i@c@_@eBaByAsAQIGAQDOHKJYdA[nAG`@_@lBOhA_@`ECVIr@]hCERTNUfC@HBHRZJJLJPHQIMKKKKQGICIAITgCUODS\iCHs@BW^aENiA^mBFa@ZoAXeAJKNIPEF@PHxArAdB`Bb@^j@h@DBh@\`@RXJB@PJRJTPVZ`@h@r@t@j@b@r@d@`Ah@GZIT	Click to Generate
S26	20	1			3	The Birley (S26)	Safa (S26)	St Cyprian (S26)	1694	1270	szrdIrzpG}@vAW\EBE?KMzCcFT]DGDI`@o@V_@V_@LJHDB?@AZv@JTHTYd@M@KMGEI?MP[{@O]V_@V_@d@q@n@aAJOk@oAACi@uAh@tAl@rAKNo@`Ae@p@W^W^N\Zz@N\L\N\l@}@pD{FPYr@cA`AaBrAfDuBdD{@tA_@j@uBdD_@j@sAgDO]M]O][{@aCxD	Click to Generate
S26	15	1			3	The Fairway (S26)	Birley Health Centre (S26)	Birley Wood Golf Club (S26)	1381	1036	klqdInxoGB?^Kd@I\AfAC~@AX?LALADAB?@AHbA@P@AB???TI\C??]BUH??C?A@@VDj@@V@T?T@`@@z@BlB?X@R@JDv@Bb@?DDj@@TDn@BT@H@NFf@H~@ZfEw@J_@F??^Gv@K[gEI_AGg@AOAICUEo@AUEk@?ECc@Ew@AKAS?YCmBA{@Aa@?UAUAWEk@AW@AB???TILxAz@J??{@KMyAUH??C?A@AQIcAA@C?E@M@M@Y?_A@gAB]@e@H_@JC?	Click to Generate
S26	60	1			3	Outwood Academy City (S26)	Scowerdons Community Centre (S26)	The Strad (S26)	9849	7387	s_tdIvpoG?GAc@?GA[A[?IAo@CaAAm@CiACsAAyA?wA?S?mA?}A?s@?eB?U?y@?[?g@?E?O?Y?QAe@AMEWCUM]Q]A?EECCGKCKAI?I?I?M@E@SBg@BYHc@BW@[B[@W?WAq@IqCA]CYCSWoBS}AGa@My@WyAUuAIF]Ty@p@m@l@i@n@EI]w@[w@_@s@_@o@U]q@}@SQMIKGMCYGk@I]EG`C?HCjAC|@?x@AXAjB?~A?~@?~C?t@BH?T?NCL?f@?J?R@JPxE@R?NBx@?R?H@V@|@L?@?F?FEBI?YCa@?QDKJEPAj@JN@LCVEREX@HDDJ@T?|E@n@LdB?p@?jA?pAAjBG~BI`BHaBF_C@kB?}C?q@MeBAo@?}EAUEKIEYASDWDMBOAk@KQ@KDEJ?PB`@?XCHGDG?A?M?A}@AW?I?SCy@?OASQyEAK?S?K?g@BM?O?UCI?u@?_D?_A?_B@kB@Y?y@B}@BkA?IFaC\Dj@HXFLBJFLHRPp@|@T\^n@^r@Zv@\v@DHh@o@l@m@x@q@\UHGTtAVxALx@F`@R|AVnBBRBX@\HpC@p@?VAVCZAZCV?T@N@JBLHJFPDDBDDHBP@H?HAHAJAR?VBh@?p@@L@d@?P?XJ@R?\BNBVHB@PJ\Z`@V\VZTTFJB\D\Af@Eb@ORKLIVUZ]Xa@HMJQTg@JYN_@La@Lc@Pm@ZcAPi@@ALc@\y@L[LYBIN[Xi@T[Va@FNx@nBFPj@tAN\Nf@Nf@Ld@j@vBVbAJb@?@Hf@Dh@B`@@^?\A^AXEb@KdAGp@Cj@Cn@Ad@?F?d@@p@@r@KBOBSFOFYVWXOTKNUZ_@j@GDGAF@FE^k@T[JONUVYLMJINGRGNCJCAs@Aq@?e@?G@e@Bo@Bk@Fq@JeADc@WIA?QCS?QBGBQFSBO?OCOIQOa@_@GGOMOGMGOCC?K?I@G@UH]P]PA@OFQDO@OCOEQIMIMOACKOKU]}@AAEKY`@[\WTMHSJc@Ng@D]@]EKCUG[U]Wa@W][QKCAWIOC]CS?KA?Y?QAe@AMEWCUM]Q]A?EECCGKCKAI?I?I?M@E@SBg@BYHc@BW@[B[@W?WAq@IqCA]CYCSWoBS}AGa@My@WyAUuAIF]Ty@p@m@l@i@n@EI]w@[w@_@s@_@o@U]q@}@SQMIKGMCYGk@I]EG`C?HCjAC|@?x@AXAjB?~A?~@?~C?t@BH?T?NCL?f@?J?R@JPxE@R?NBx@?R?H@V@|@?T?B@d@@b@@fA@t@?\Az@I?s@Ei@AM@GFETA^G~BA`AE|@Gn@In@Kl@GX]fACHEECCUYAG@GDEBGLJLWBKBIDDBBHFFYJm@Ho@Fo@D}@@aAF_C@_@DUFGLAh@@r@DH?@{@?]Au@AgAAc@Ae@?C?UA}@AW?I?SCy@?OASQyEAK?S?K?g@BM?O?UCI?u@?_D?_A?_B@kB@Y?y@B}@BkA?IFaC\Dj@HXFLBJFLHRPp@|@T\^n@^r@Zv@\v@DHh@o@l@m@x@q@\UHGTtAVxALx@F`@R|AVnBBRBX@\HpC@p@?VAVCZAZCV?T@N@JBLHJFPDDBDDHBP@H?HAHAJAR?VBh@?p@@L@d@?P?X?N?D?f@?Z?x@?T?dB?r@?|A?lA?R?vA@xABrABhA@l@B`A@n@?H@Z@Z?F@b@?F	Click to Generate
S26	60	1			3	Carter Hall Lane (S26)	Birley Health Centre (S26)	The Birley Academy (S26)	6947	5210	otpdIdarG{@u@ITmAtC{CpGuB`EkAfCYr@OZId@ADMn@e@pCShA{@lE{BvLWvAEVKv@Mt@M|@Ed@AHANAFCVDBD@PFrBp@`EzA~@ZJORSJILITINEAe@AYBO@EJ]HSHQJWVe@Vg@@KBOBGVg@^cAr@aCfAkDZoAJ]`@}@l@oAZk@nAiCPWPQ`@W^Sn@U^CFA`@D`@H~@Z\J?n@@HHPIQAI?o@]K_A[a@Ia@Eg@Do@T_@Ra@VQPQVoAhC[j@m@nAa@|@K\[nAgAjDs@`C_@bAWf@CFCNAJWf@Wd@KVIPIRK\ADCN@X@d@ODUHMHKHSRKN_A[aE{AsBq@QGEAECBW@G@O@IDe@L}@Lu@Jw@DWVwAzBwLz@mERiAd@qCLo@@EHe@EGKSCGg@iBIUMMMMQGSKk@S?}CFqH?_@@SBMBSFOFOHOxAmClAuBVa@PWLSLWNYFOFQFQFQFSH[FWFUF[FWF]H_@F_@DSD_@@Q@S@W?S?WAc@?g@Ag@Cg@Ce@Ee@M_BEu@Gq@w@J_@F??^Gv@K[gEc@J]JYF_AL[D}Fr@u@J{@Jk@@NnE~Cc@??FCBEXEB?H?BDJZ^fB_@gBK[CEI?C?YDCDGB_Db@OoEj@Az@Kt@K|Fs@ZE~@MXG\Kb@KZfEFp@Dt@L~ADd@Bd@Bf@@f@?f@@b@?V?RAVARAPE^ERG^I^G\GVGZGTGVIZGRGPGPGPGNOXMVMRQVW`@mAtByAlCINGNGNCRCLAR?^GpH?|Cj@RRJPFLLLLHTf@hBBFJRDFN[Xs@jAgCtBaEzCqGlAuCHUz@t@	Click to Generate
S26	60	1			3	Carter Hall Road, Charnock (S26)	Charnock Hall Road (S26)	The Admiral (S26)	6930	5198	kbsdId~tGPbAPlA@HBR`@?P?^@f@@h@H`AHVBF?^DrANZBN@lBRr@Jv@HTFZJb@Nb@R^Tb@^PPl@n@~@dAVJHBJ@FBH@F?JCH?\m@V[TUBEj@g@LMJKNOJKHIFIFOHUDQLe@Jm@BOf@qCd@}BtAiHNy@Lu@Jo@Jw@PkB@ILcBDBD@PFrBp@hAb@vBv@~@ZJORSJILITINEx@Gx@GPAN@LFPPLTFJDNPr@FXBFH\Rx@Lb@Jb@?BFXDd@?X?ZE\iA|GG^Kb@GRGXU|@IZS~@c@~BiBeA[MECgC}@k@So@U_A]o@SiC}@k@Ug@Qg@Qu@YQEC?d@}BtAiHNy@Lu@Jo@Jw@PkB@ILcBBW@G@O@IDe@L}@Lu@Jw@DWVwAzBwLz@mERiAd@qCLo@@EHe@EGKSCGg@iBIUMMMMQGSKk@Sc@Os@YGEcCkA{@g@SKqBy@_D_BqCuAuAs@[QGC{@a@QKCECCAEACAIAE?I@K@M@OCEAEAGAEMgAEOEUKUIQKKOMgHiDkCoAmCoAkCsAo@Yq@[_@QCCCCACGMfAcBVa@p@gAj@{@LUj@y@HKzCcFT]DGDI`@o@N\_EpGUZA@EBE?KMIJk@x@MTk@z@q@fAW`@gAbBMTe@r@eAdBiAlBiAnBOXKPgBfDWb@OXKPINCFe@x@CFIPEHEFGL[j@c@z@Yr@i@jAUl@e@jAITO^K\CFIPFHDFBF`@~@JVN\BDLZBHZr@hApCtAdD\~@f@`BTv@@DHXT`A?Dt@xCj@xBTbAH\H^r@lCLf@XlAp@rCTbA`@rBjAxGhAdH?@	Click to Generate
S26	60	1			3	Outwood Academy City (S26)	The Strad (S26)	Grayson's Plumbing & Heating Supplies (S26)	5398	4048	eatdIlooG??Dc@@IVFD?@@DAA[?IAo@CaAAm@CiACsAAyA?wA?S?mA?}A?s@?eB?U?y@?[?g@?E?O?Y?QAe@AMEWCUM]Q]A?EECCGKCKAI?I?I?M@E@SBg@BYHc@BW@[B[@W?WAq@IqCA]CYCSWoBS}AGa@My@WyAUuAIF]Ty@p@m@l@i@n@EI]w@[w@_@s@_@o@U]q@}@SQMIKGMCYGk@I]EG`C?HCjAC|@?x@AXAjB?~A?~@?~C?t@BH?T?NCL?f@?J?R@JPxE@R?NBx@?R?H@V@|@L?@?F?FEBI?YCa@?QDKJEPAj@JN@LCVEREX@HDDJ@T?|E@n@LdB?p@?jA?pAAjBG~BI`BHaBF_C@kB?}C?q@MeBAo@?}EAUEKIEYASDWDMBOAk@KQ@KDEJ?PB`@?XCHGDG?A?M??T?B@d@@b@@fA@t@?\Az@I?s@Ei@AM@GFETA^G~BA`AE|@Gn@In@Kl@GXIGCCEECHCJMVMKCFEDAF@FADGNg@|Ag@~AABYz@GFG?]AAZ?N`@@ZBD?D@`@sABMHUL_@Nc@HWb@uABI\gAFYJm@Ho@Fo@D}@@aAF_C@_@DUFGLAh@@r@DH?@{@?]Au@AgAAc@Ae@?C?UA}@AW?I?SCy@?OASQyEAK?S?K?g@BM?O?UCI?u@?_D?_A?_B@kB@Y?y@B}@BkA?IFaC\Dj@HXFLBJFLHRPp@|@T\^n@^r@Zv@\v@DHh@o@l@m@x@q@\UHGTtAVxALx@F`@R|AVnBBRBX@\HpC@p@?VAVCZAZCV?T@N@JBLHJFPDDBDDHBP@H?HAHAJAR?VBh@?p@@L@d@?P?X?N?D?f@?Z?x@?T?dB?r@?|A?lA?R?vA@xABrABhA@l@B`A@n@?H@ZE@AAE?WGAHEb@??	Click to Generate
S26	45	1			3	The Strad (S26)	Outwood Academy City (S26)	Stradbroke Community Centre (S26)	3990	2992	oaudIfmoGL_@f@_Bf@}AFO@EAG@GDEBGLJLWBKBIDDBBHFFYJm@Ho@Fo@D}@@aAF_C@_@DUFGLAh@@r@DH?@{@?]Au@AgAAc@Ae@?C?UL?@?F?FEBI?YCa@?QDKJEPAj@JN@LCVEREX@HDDJ@T?|E@n@LdB?p@?jA?pAAjBG~BI`BHaBF_C@kB?}C?q@MeBAo@?}EAUEKIEYASDWDMBOAk@KQ@KDEJ?PB`@?XCHGDG?A?M??T?B@d@@b@@fA@t@?\Az@ExCGtDAZCf@Gt@M|@Mp@IXIXQd@ITUp@qAxDOb@GRKZKf@Kn@Kp@SpAM~@SbAWpAGTYhAg@nBSt@Ur@Qj@Qj@CHGRy@fDIZU~@c@dB_@`B[nAeAnEENCLe@k@EEi@}@k@gACEUe@FMp@}BDQ?KUu@Ka@CYA[?_@?UBYDSDSDMFCFUTULOc@d@GTGBELERERCX?T?^@ZBXJ`@Tt@?JEPq@|BGLTd@BDj@fAh@|@DDd@j@BMDOdAoEZoA^aBb@eBT_AH[x@gDEGa@k@OWMUU[S[DMZ{@f@{AZcAPw@BKbAmFNq@\kBHc@f@wBEAE?[Ca@A?O@[\@F?FGL_@	Click to Generate
S26	45	1			3	Charnock Hall Road (S26)	Carter Hall Lane (S26)	Carter Hall Road, Charnock (S26)	3650	2738	aipdIbjtGKq@EQUc@KVO^}BbGw@pBELEJQd@K\}@tEKZMVKLOHUDQ?QE_Ao@hA}GD]?[?YEe@GY?CKc@Mc@Sy@I]CGGYQs@EOGKMUQQMGOAQ@y@Fy@FAe@AYBO@EJ]HSHQJWVe@Vg@@KBOBGVg@^cAr@aCfAkDZoAJ]`@}@l@oAZk@nAiCPWPQ`@W^Sn@U^CFA`@D`@H~@Z\J?n@@HHPIQAI?o@]K_A[a@Ia@Eg@Do@T_@Ra@VQPQVoAhC[j@m@nAa@|@K\[nAgAjDs@`C_@bAWf@CFCNAJWf@Wd@KVIPIRK\ADCN@X@d@ODUHMHKHSRKNq@rAO\KVKZOf@_AtCuBeCKKOKx@}HhAb@vBv@~@ZJORSJILITINEx@Gx@GPAN@LFPPLTFJDNPr@p@i@TYNYhBaFBGlCiHPc@HOLIHENAJBLJHJJTd@nAVv@^nAJ\D^?ZA\CVIXq@hBIRTb@DPJp@	Click to Generate
S26	20	1			3	Frecheville Post Office (S26)	St Cyprian (S26)	The Co-operative Food (S26)	2000	1500	gyrdIpxpGiBxCW\EBE?KMzCcFT]DGDI`@o@V_@V_@d@q@n@aAJOl@_ANU`@q@DJ@H?JAHuBfDMT_@n@E@A@C?IEMKW^W^N\Zz@N\L\N\rAfD^k@tBeD^k@z@uAtBeDsAgDnB}CZg@pDuFyAoDo@`AuAxBm@|@GJEFEH{@rAc@r@eAdB_@h@e@t@a@p@OTm@~@KNo@`Ae@p@W^W^N\uAvB	Click to Generate
S26	20	1			3	The Birley (S26)	Safa (S26)	St Cyprian (S26)	1694	1270	izrdI`zpGgAhBW\EBE?KMzCcFT]DGDI`@o@V_@V_@LJHDB?@AZv@JTHTYd@M@KMGEI?MP[{@O]V_@V_@d@q@n@aAJOk@oAACi@uAh@tAl@rAKNo@`Ae@p@W^W^N\Zz@N\L\N\l@}@pD{FPYr@cA`AaBrAfDuBdD{@tA_@j@uBdD_@j@sAgDO]M]O][{@wBfD	Click to Generate
S26	60	1			3	Birley Moor Garden Centre (S26)	Birley Moor Fire Station (S26)	Ridgeway Primary School (S26)	5558	4168	umpdIpxmGGFE?ECEKIm@?OBQFWBS?OAMCKCG[y@oCdERb@LPD?DC??NUOTEBE?MQSc@{A~BgHvKi@z@`@`AL\@T]f@OAGK??FJN@\g@AUM]a@aAh@{@fHwKzA_CnCeE`FyHvBsD~@eBrBkELULSRSxBwBTSHKJKxD_GFLHTDZB`@BpA?HBhCBdABvCBj@Bh@Fn@Dh@Jl@Hf@x@fFLbAPhBHz@@T@`@@`@?D?ZAZE`@EZOh@}@jCaAjCw@hBSh@ADI\EJMl@SlAU|ASbBMlAWvEG~@AXAJUbDDJJb@FNF@PHxArAdB`Bb@^j@h@DBh@\`@RXJB@PJRJTPVZ`@h@]zCw@Uw@WIC@ERaBF{@Bu@CAYK_@QAAi@]ECk@i@c@_@eBaByAsAQIGAGOKc@EKTcD@K@YF_AVwELmARcBT}ARmALm@DKH]@ERi@v@iB`AkC|@kCNi@D[Da@@[?[?EAa@Aa@AUI{@QiBMcAy@gFIg@Km@Ei@Go@Ci@Ck@CwCCeACiC?ICqACa@E[IUGMyD~FKJIJURyBvBSRMRMTsBjE_AdBwBrDaFxHZx@BFBJ@L?NCRGVCP?NHl@DJDBD?FG	Click to Generate
S26	30	1			3	The Birley Academy (S26)	The Fairway (S26)	Birley Wood Golf Club (S26)	2101	1576	_bqdItxpG^Gv@K[gEc@J]JYF_AL[D}Fr@u@J{@Jk@@NnE~Cc@??FCBEXEB?H?BDJZ^fB_@gBK[CEI?C?YDCDGB_Db@OoEj@Az@Kt@K|Fs@ZE~@MXG\Kb@KI_AGg@AOAICUEo@AUEk@?ECc@Ew@AKAS?YCmBA{@Aa@?UAUAWEk@AW@AB???TI\C??]BLxAz@J??{@KMyAUH??C?A@@VDj@@V@T?T@`@@z@BlB?X@R@JDv@Bb@?DDj@@TDn@BT@H@NFf@H~@ZfEw@J_@F	Click to Generate
S26	20	1			3	Meraki (S26)	Frecheville Post Office (S26)	St Cyprian (S26)	1866	1400	q|rdIj}pG??W\EBE?KMzCcFT]DGDI`@o@N\m@~@qCpEW\EBE?KMzCcFT]DGDI`@o@V_@V_@d@q@n@aAJOl@_ANU`@q@DJ@H?JAHuBfDMT_@n@E@A@C?IEMKW^W^N\Zz@N\L\N\l@}@pD{FPYr@cA`AaBrAfDuBdD{@tA_@j@uBdD_@j@sAgDO]M]O][{@_EpG	Click to Generate
S26	30	1			3	Grandpa Joe's Potting Shed (S26)	Birley Caravan Storage (S26)	UK Welder (S26)	2996	2247	qaqdIjnnGFJN@\g@AUM]a@aAh@{@fHwKzA_CRb@Y`@ADAF@HHVNb@Rd@BJDBDBFAZMFAD?E?G@[LG@ECECCKc@iAIWAI@G@EXa@Sc@nCeEZx@BFBJ@L?NCRGVCP?NHl@DJDBD?FG??GFE?ECEKIm@?OBQFWBS?OAMCKCG[y@oCdE{A~BgHvKi@z@KN_@h@KNEFW^CBLXDJDHJd@Jd@Jf@@LF`ABz@@|@?v@Al@Ep@Et@Gx@Ed@Af@Af@?|@@v@?d@Ab@CdBA`@AX?ZAZ?\@V@d@?TB`@@\A@C?E@M@M@Y?_A@gAB]@e@H_@JC?KBYJUFq@Zo@^SkAUeASaAQ{@Ms@IYG[Qm@AEOg@EKCKISUk@AEEIGIEKJQjPwV`@m@FIFIBEFKBCV_@DGJO^i@JO`@`AL\@T]f@OAGK	Click to Generate
S26	30	1			3	Birley Caravan Storage (S26)	Birley Moor Fire Station (S26)	The Fairway (S26)	2450	1838	qrpdIxxmGEBE?MQSc@nCeEZx@BFBJ@L?NCRGVCP?NHl@DJDBD?FG??GFE?ECEKIm@?OBQFWBS?OAMCKCG[y@oCdE{A~BgHvKi@z@`@`AL\@T]f@OAGK??FJN@\g@AUM]a@aAKN_@h@KNEFW^CBLXDJDHJd@Jd@Jf@@LF`ABz@@|@?v@Al@Ep@Et@Gx@Ed@Af@Af@?|@@v@?d@Ab@CdBA`@AX?ZAZ?\@V@d@?TB`@@\HbA@P@AB???TI\C??]BUH??C?A@AQIcAA]Ca@?UAe@AW?]@[?[@Y@a@BeB@c@?e@Aw@?}@@g@@g@De@Fy@Du@Dq@@m@?w@A}@C{@GaAAMKg@Ke@U[EGEMKWFKBCV_@DGJO^i@JOh@{@fHwKzA_CRb@LPD?DC	Click to Generate
S26	30	1			3	The Birley Academy (S26)	St Cyprian (S26)	Frecheville Library (S26)	2659	1994	}}qdIplqGL\H\?J?JAHCFCJGDo@p@kAuFEKCIBY@[?sE?o@x@BD?x@B\@\AXGFAXK^UTOHGZMZGF?|BW~Cc@??FCBEXEB?H?BDJZ^fB_@gBK[CEI?C?YDCDGB_Db@OoEe@C[IUGME[QUOCA[W_@c@[g@]c@]]UKSKC?GC_AWADc@jGKjAMOKOMYYs@IWoA{CuBdD{@tA_@j@uBdD_@j@sAgDl@}@t@mAzBmDPYr@cA`AaBrAfDnAzCHVXr@LXJNLNAZA`@An@?j@AzA?n@?rEAZCXBHDJjAtFn@q@FEBKBG@I?K?KI]M]	Click to Generate
S26	20	1			3	Birley Spa Primary Academy (S26)	Spa View Community Church (S26)	GoLocal (S26)	2042	1532	oordIx{mGZ@d@AJ?VN`@d@^d@Xf@h@lABFD@JIFGVj@l@fAu@fBMP_@l@SZKSEIIEI?GFU^y@qBEEEAEFsArBrAsBDGD@DDRf@d@hAT_@FGH?HDDHJRMRc@p@CHCHETCT?TBZHX\v@Pb@N`@`CdGVa@LSNUdA}ALONKPGPCb@@`@??}@@qBQ_@QYm@cAGI{@sASYm@_AGKa@o@L_@Jc@DSBKD]@IDa@@_@@a@@i@?a@@_@B]KEGAE?G@CAEACG?E?GAGGKUOTNFJ??@F?F?DBFD@B@FAD?F@JDC\A^?`@Ah@A`@A^E`@AHPXJL^`@e@pAK@K^GKa@o@Wg@m@gAWk@GFKHEACGi@mAYg@_@e@a@e@WOK?e@@[A	Click to Generate
S26	20	1			3	Birley Spa (S26)	Golden Plover (S26)	Spa View Community Church (S26)	1967	1475	alrdItinGd@hAT_@FGH?HDDHJRMRc@p@CHCHETCT?TBZHX\v@Pb@N`@`CdGVa@LSNUdA}ALONKPGPCb@@`@??}@@qBQ_@QYm@cAGI{@sASYm@_AGKa@o@Wg@m@gAWk@GFKHEACGi@mAYg@_@e@a@e@WOK?e@@[AO?E?e@Ed@DD?j@@d@AJ?VN`@d@^d@Xf@h@lABFD@JIFGVj@l@fAVf@`@n@FJJ_@JATo@Na@k@o@QY@IDa@@_@@a@@i@?a@@_@B]KEGAE?G@CAEACG?E?GAGGKUOTNFJ??@F?F?DBFD@B@FAD?F@JDC\A^?`@Ah@A`@A^E`@AHE\CJERKb@M^Wg@u@fBMP_@l@SZKSEIIEI?GFU^e@iA	Click to Generate
S26	60	1			3	The Fairway (S26)	Birley Health Centre (S26)	The Phoenix Inn (S26)	5254	3940	g_qdIx|oG{@KMyA\C??]BUH??C?A@@VDj@@V@T?T@`@@z@BlB?X@R@JDv@Bb@?DDj@@TDn@BT@H@NFf@H~@ZfEw@J_@F??^Gv@KFp@Dt@L~ADd@Bd@Bf@@f@?f@@b@?V?RAVARAPE^ERG^I^G\GVGZGTGVIZGRGPGPGPGNOXMVMRQVW`@mAtByAlCINGNGNCRCLAR?^GpH?|Cj@RRJPFLLLLHTf@hBBFJRDFN[Xs@jAgCtBaEzCqGlAuCHUj@_BFQfDkLv@qCb@_Bf@_Bx@mChAsD`A_Dt@cDToATwAL_AJw@Ho@BURuALcADYTNUfC@HBHRZJJLJPHQIMKKKKQGICIAITgCUOEXMbAStACTIn@Kv@M~@UvAUnAu@bDaA~CiArDy@lCg@~Ac@~Aw@pCgDjLGPk@~AITmAtC{CpGuB`EkAfCYr@OZEGKSCGg@iBIUMMMMQGSKk@S?}CFqH?_@@SBMBSFOFOHOxAmClAuBVa@PWLSLWNYFOFQFQFQFSH[FWFUF[FWF]H_@F_@DSD_@@Q@S@W?S?WAc@?g@Ag@Cg@Ce@Ee@M_BEu@Gq@[gEI_AGg@AOAICUEo@AUEk@?ECc@Ew@AKAS?YCmBA{@Aa@?UAUAWEk@AW@AB???TILxAz@J	Click to Generate
S26	20	1			3	Golden City (S26)	The Sherwood (S26)	St Cyprian (S26)	1787	1340	q{rdI|{pG_@l@W\EBE?KMzCcFT]DGDI`@o@N\U\iDrFW\EBE?KMzCcFT]DGDI`@o@V_@V_@d@q@IUCE?OOVEC[s@?Ac@r@\t@`@s@DBNW?NBDHTe@p@W^W^N\Zz@N\L\N\l@}@pD{FPYr@cA`AaBrAfDuBdD{@tA_@j@uBdD_@j@sAgDO]M]O][{@_DbF	Click to Generate
S26	60	1			3	View from Carter Hall Lane to Sunny Bank (S26)	Arnold Avenue in Charnock Hall (S26)	Charnock Hall Road (S26)	5234	3926	ckpdIp`sG_@Bo@T_@Ra@VQPQVoAhC[j@m@nAa@|@K\[nAgAjDs@`C_@bAWf@CFCNAJWf@Wd@KVIPIRK\ADCN@X@d@ODUHMHKHSRKN_A[aE{AsBq@QGEAECBW@G@O@IDe@L}@Lu@Jw@DWVwAzBwLz@mERiAd@qCLo@@EHe@N[Xs@jAgCtBaEzCqGlAuCHUz@t@??{@u@ITmAtC{CpGuB`EkAfCYr@OZId@ADMn@e@pCShA{@lE{BvLWvAEVKv@Mt@M|@Ed@AHANAFCVDBD@PFrBp@`EzA~@ZJORSJILITINEx@Gx@GPAN@LFPPLTFJDNPr@p@i@TYNYhBaFBGlCiHPc@HOLIHENAJBLJHJJTd@nAVv@^nAJ\D^?ZA\CVIXq@hBIRTb@DPJp@Ff@TbB?L?NABCJQf@[dAGLEHGDG@G@IC_BqAKMOQw@pBELEJQd@K\}@tEKZMVKLOHUDQ?QE_Ao@hA}GD]?[?YEe@GY?CKc@Mc@Sy@I]CGGYQs@EOGKMUQQMGOAQ@y@Fy@FAe@AYBO@EJ]HSHQJWVe@Vg@@KBOBGVg@^cAr@aCfAkDZoAJ]`@}@l@oAZk@nAiCPWPQ`@W^Sn@U^C	Click to Generate
S26	45	1			3	Charnock Hall Road (S26)	Arnold Avenue in Charnock Hall (S26)	Carter Hall Lane (S26)	3396	2547	qiqdIdgtGvBv@~@ZJORSJILITINEx@Gx@GPAN@LFPPLTFJDNPr@FXBFH\Rx@Lb@Jb@?BFXDd@?X?ZE\iA|G~@n@PDP?TENIJMLWJ[|@uEJ]Pe@DKDMv@qBNPJL~ApAHBFAFAFEDIFMZeAPg@BK@C?O?MUcBGg@Kq@EQUc@HSp@iBHYBW@]?[E_@K]_@oAWw@e@oAKUIKMKKCO@IDMHINQb@mChHCFiB`FOXUXq@h@Qs@EOGKMUQQMGOAQ@y@Fy@FAe@AYBO@EJ]HSHQJWVe@Vg@@KBOBGVg@^cAr@aCfAkDZoAJ]`@}@l@oAZk@nAiCPWPQ`@W^Sn@U^CFA`@D`@H~@Z\J?n@@HHPIQAI?o@]K_A[a@Ia@Eg@Do@T_@Ra@VQPQVoAhC[j@m@nAa@|@K\[nAgAjDs@`C_@bAWf@CFCNAJWf@Wd@KVIPIRK\ADCN@X@d@ODUHMHKHSRKN_A[wBw@	Click to Generate
S26	45	1			3	Arnold Avenue in Charnock Hall (S26)	Carter Hall Road, Charnock (S26)	Carter Hall Lane (S26)	3693	2770	qwpdIbqtG?BFXDd@?X?ZE\iA|G~@n@PDP?TENIJMLWJ[|@uEJ]Pe@DKDMv@qBNPJL~ApAHBFAFAFEDIFMZeAPg@BK@C?O?MUcBGg@Kq@EQUc@HSp@iBHYBW@]?[E_@K]_@oAWw@e@oAKUIKMKKCO@IDMHINQb@mChHCFiB`FOXUXq@h@Qs@EOGKMUQQMGOAQ@y@Fy@FODUHMHKHSRKNq@rAO\KVKZOf@_AtCuBeCKKOKx@}HhAb@vBv@~@ZJORSJILITINEAe@AYBO@EJ]HSHQJWVe@Vg@@KBOBGVg@^cAr@aCfAkDZoAJ]`@}@l@oAZk@nAiCPWPQ`@W^Sn@U^CFA`@D`@H~@Z\J?n@@HHPIQAI?o@]K_A[a@Ia@Eg@Do@T_@Ra@VQPQVoAhC[j@m@nAa@|@K\[nAgAjDs@`C_@bAWf@CFCNAJWf@Wd@KVIPIRK\ADCN@X@d@x@Gx@GPAN@LFPPLTFJDNPr@FXBFH\Rx@Lb@Jb@	Click to Generate
S26	20	1			3	Safa (S26)	Meraki (S26)	St Cyprian (S26)	1531	1148	cqrdIbupGu@lAm@|@O]M]O][{@O]V_@V_@d@q@n@aAJOk@oAACi@uAh@tAl@rAKNo@`Ae@p@W^W^N\m@~@qCpEW\EBE?KMzCcFT]DGDI`@o@N\Zz@N\L\N\rAfD^k@tBeD^k@z@uAtBeDsAgDaA`Bs@bAQX{BlD	Click to Generate
S26	20	1			3	The Birley (S26)	Safa (S26)	St Cyprian (S26)	1694	1270	}yrdIpypGsAxBW\EBE?KMzCcFT]DGDI`@o@V_@V_@LJHDB?@AZv@JTHTYd@M@KMGEI?MP[{@O]V_@V_@d@q@n@aAJOk@oAACi@uAh@tAl@rAKNo@`Ae@p@W^W^N\Zz@N\L\N\l@}@pD{FPYr@cA`AaBrAfDuBdD{@tA_@j@uBdD_@j@sAgDO]M]O][{@kBvC	Click to Generate
S26	20	1			3	Meraki (S26)	St Cyprian (S26)	Kieu’s Nails (S26)	1657	1243	msrdIxppG_@n@E@A@C?IEMKW^W^N\m@~@qCpEW\EBE?KMzCcFT]DGDI`@o@N\Zz@N\L\N\l@}@pD{FPYr@cA`AaBrAfDuBdD{@tA_@j@uBdD_@j@sAgDO]M]O][{@{DhGCFW\EBE?KMzCcFT]DGDI`@o@V_@V_@LJHDB?@ADA^o@	Click to Generate
S26	15	1			3	Bullie Ink Tattoo Collective (S26)	The Sherwood (S26)	St Cyprian (S26)	1437	1078	gwrdIvupGiCdE_@l@W\EBE?KMzCcFT]DGDI`@o@V_@V_@d@q@IUCE?OOVEC[s@?Ac@r@\t@`@s@DBNW?NBDHTe@p@W^W^N\Zz@N\L\N\l@}@pD{FPYr@cA`AaBrAfDuBdD{@tA_@j@uBdD_@j@sAgDO]M]O][{@U\	Click to Generate
S26	30	1			3	Spa View Community Church (S26)	Birley Spa Primary Academy (S26)	Birley Spa (S26)	2145	1609	oardIhfnGNa@k@o@QY@IDa@@_@@a@@i@?a@@_@B]KEGAE?G@CAEACG?E?GAGGKUOTNFJ??@F?F?DBFD@B@FAD?F@JDC\A^?`@Ah@A`@A^E`@AHE\CJERKb@M^Wg@u@fBMP_@l@SZKSEIIEI?GFU^y@qBEEEAEFsArBrAsBDGD@DDRf@d@hAT_@FGH?HDDHJRMRc@p@CHCHETCT?TBZHX\v@Pb@N`@`CdGVa@LSNUdA}ALONKPGPCb@@`@??}@@qBQ_@QYm@cAGI{@sASYm@_AGKa@o@Wg@m@gAWk@GFKHEACGi@mAYg@_@e@a@e@WOK?e@@[AO?E?e@Ed@DD?j@@d@AJ?VN`@d@^d@Xf@h@lABFD@JIFGVj@l@fAVf@`@n@FJJ_@JATo@	Click to Generate
S26	30	1			3	Spa View Community Church (S26)	Birley Spa Primary Academy (S26)	Birley Spa (S26)	2110	1582	_brdIddnGKMQY@IDa@@_@@a@@i@?a@@_@B]KEGAE?G@CAEACG?E?GAGGKUOTNFJ??@F?F?DBFD@B@FAD?F@JDC\A^?`@Ah@A`@A^E`@AHE\CJERKb@M^Wg@u@fBMP_@l@SZKSEIIEI?GFU^y@qBEEEAEFsArBrAsBDGD@DDRf@d@hAT_@FGH?HDDHJRMRc@p@CHCHETCT?TBZHX\v@Pb@N`@`CdGVa@LSNUdA}ALONKPGPCb@@`@??}@@qBQ_@QYm@cAGI{@sASYm@_AGKa@o@Wg@m@gAWk@GFKHEACGi@mAYg@_@e@a@e@WOK?e@@[AO?E?e@Ed@DD?j@@d@AJ?VN`@d@^d@Xf@h@lABFD@JIFGVj@l@fAVf@L_@Jc@DSBKD]PXJL	Click to Generate
S26	30	1			3	Birley Caravan Storage (S26)	Birley Moor Fire Station (S26)	The Fairway (S26)	2522	1892	mspdI`|mGOc@IWAI@G@EXa@Sc@nCeEZx@BFBJ@L?NCRGVCP?NHl@DJDBD?FG??GFE?ECEKIm@?OBQFWBS?OAMCKCG[y@oCdE{A~BgHvKi@z@`@`AL\@T]f@OAGK??FJN@\g@AUM]a@aAKN_@h@KNEFW^CBLXDJDHJd@Jd@Jf@@LF`ABz@@|@?v@Al@Ep@Et@Gx@Ed@Af@Af@?|@@v@?d@Ab@CdBA`@AX?ZAZ?\@V@d@?TB`@@\HbA@P@AB???TI\C??]BUH??C?A@AQIcAA]Ca@?UAe@AW?]@[?[@Y@a@BeB@c@?e@Aw@?}@@g@@g@De@Fy@Du@Dq@@m@?w@A}@C{@GaAAMKg@Ke@U[EGEMKWFKBCV_@DGJO^i@JOh@{@fHwKzA_CRb@Y`@ADAF@HHVNb@	Click to Generate
S26	45	1			3	The Strad (S26)	Outwood Academy City (S26)	Stradbroke Community Centre (S26)	3990	2992	caudIjloG@Cf@_Bf@}AFO@EAG@GDEBGLJLWBKBIDDBBHFFYJm@Ho@Fo@D}@@aAF_C@_@DUFGLAh@@r@DH?@{@?]Au@AgAAc@Ae@?C?UL?@?F?FEBI?YCa@?QDKJEPAj@JN@LCVEREX@HDDJ@T?|E@n@LdB?p@?jA?pAAjBG~BI`BHaBF_C@kB?}C?q@MeBAo@?}EAUEKIEYASDWDMBOAk@KQ@KDEJ?PB`@?XCHGDG?A?M??T?B@d@@b@@fA@t@?\Az@ExCGtDAZCf@Gt@M|@Mp@IXIXQd@ITUp@qAxDOb@GRKZKf@Kn@Kp@SpAM~@SbAWpAGTYhAg@nBSt@Ur@Qj@Qj@CHGRy@fDIZU~@c@dB_@`B[nAeAnEENCLe@k@EEi@}@k@gACEUe@FMp@}BDQ?KUu@Ka@CYA[?_@?UBYDSDSDMFCFUTULOc@d@GTGBELERERCX?T?^@ZBXJ`@Tt@?JEPq@|BGLTd@BDj@fAh@|@DDd@j@BMDOdAoEZoA^aBb@eBT_AH[x@gDEGa@k@OWMUU[S[DMZ{@f@{AZcAPw@BKbAmFNq@\kBHc@f@wBEAE?[Ca@A?O@[\@F?FGX{@	Click to Generate
S26	20	1			3	The Admiral (S26)	Frecheville Post Office (S26)	St Cyprian (S26)	1515	1136	yxrdI~wpGwBjDUZA@EBE?KMzCcFT]DGDI`@o@V_@V_@d@q@n@aAJOl@_ANU`@q@DJ@H?JAHuBfDMT_@n@E@A@C?IEMKW^W^N\Zz@N\L\N\l@}@pD{FPYr@cA`AaBrAfDuBdD{@tA_@j@uBdD_@j@sAgDO]M]O][{@gAdB	Click to Generate
S26	20	1			3	Frecheville Post Office (S26)	St Cyprian (S26)	The Co-operative Food (S26)	2000	1500	_yrdIfxpGqBbDW\EBE?KMzCcFT]DGDI`@o@V_@V_@d@q@n@aAJOl@_ANU`@q@DJ@H?JAHuBfDMT_@n@E@A@C?IEMKW^W^N\Zz@N\L\N\rAfD^k@tBeD^k@z@uAtBeDsAgDnB}CZg@pDuFyAoDo@`AuAxBm@|@GJEFEH{@rAc@r@eAdB_@h@e@t@a@p@OTm@~@KNo@`Ae@p@W^W^N\mAlB	Click to Generate
S26	60	1			3	Outwood Academy City (S26)	Stradbroke Community Centre (S26)	WD Motors (S26)	7641	5731	_`udIvioGDOf@}AFO@ETXBBDDBI\gAFYJm@Ho@Fo@D}@@aAF_C@_@DUFGLAh@@r@DH?@{@?]Au@AgAAc@Ae@?C?UL?@?F?FEBI?YCa@?QDKJEPAj@JN@LCVEREX@HDDJ@T?|E@n@LdB?p@?jA?pAAjBG~BI`BHaBF_C@kB?}C?q@MeBAo@?}EAUEKIEYASDWDMBOAk@KQ@KDEJ?PB`@?XCHGDG?A?M??T?B@d@@b@@fA@t@?\Az@ExCGtDAZCf@Gt@M|@Mp@IXIXQd@ITUp@qAxDOb@GRKZKf@Kn@Kp@SpAM~@SbAWpAGTYhAg@nBSt@Ur@Qj@Qj@CHGRy@fDIZU~@c@dB_@`B[nAeAnEENCLe@k@EEi@}@k@gACEUe@FMp@}BDQ?KUu@Ka@CYA[?_@?UBYDSDSDMFCFUTULOc@d@GTGBELERERCX?T?^@ZBXJ`@Tt@?JEPq@|BGLTd@BDj@fAh@|@DDd@j@Z\^d@\n@Zr@\x@FLFJZh@BDFJBFDFDDf@t@HLX^T\Rd@Vd@Pb@Tp@Tv@T`At@bCl@fCZtAPbARbAV~APnAPvADd@@L??@\@T@N?P?VAf@Ad@MjCF@D?@?DCDEDIDQv@iDh@wBPu@Jq@XqCj@uFHs@De@rC{Wn@_GLgAHg@BYLy@NkAxAaJ@CJs@d@sCD]LeANaA^yBTmAn@sDXgBHk@Hc@Da@BY@]?g@Ac@?GA[E@AAE?WGAHEb@??E^ERETEl@Iz@KhAC`ABaAJiAH{@Dm@DUDSD_@Dc@@IVFD?@@DAA[?IAo@CaAAm@CiACsAAyA?wA?S?mA?}A?s@?eB?U?y@?[?g@?E?O?Y?QAe@AMEWCUM]Q]A?EECCGKCKAI?I?I?M@E@SBg@BYHc@BW@[B[@W?WAq@IqCA]CYCSWoBS}AGa@My@WyAUuAIF]Ty@p@m@l@i@n@EI]w@[w@_@s@_@o@U]q@}@SQMIKGMCYGk@I]EG`C?HCjAC|@?x@AXAjB?~A?~@?~C?t@BH?T?NCL?f@?J?R@JPxE@R?NBx@?R?H@V@|@?T?B@d@@b@@fA@t@?\Az@I?s@Ei@AM@GFETA^G~BA`AE|@Gn@In@Kl@GX]fACHEECCUYADGNg@|AEN	Click to Generate
S26	30	1			3	Birley Spa Primary Academy (S26)	Birley Spa (S26)	Our Lady of Lourdes (S26)	2496	1872	ubrdIpanG??E`@AHE\CJERKb@M^Wg@u@fBMP_@l@SZKSEIIEI?GFU^y@qBEEEAEFsArBrAsBDGD@DDRf@d@hAT_@FGH?HDDHJRMRc@p@CHCHETCT?TBZHX\v@Pb@N`@`CdGVa@LSNUdA}ALONKPGPCb@@`@??}@@qBQ_@QYm@cAGI{@sASYm@_AGKa@o@Wg@m@gAWk@GFKHEACGi@mAYg@_@e@a@e@WOK?e@@[AO?E?e@Ed@DD?j@@d@AJ?VN`@d@^d@Xf@h@lABFD@JIFGVj@l@fAVf@L_@Jc@DSBKD]@IDa@@_@@a@@i@?a@@_@B]Fa@?ABQNyAPoAb@sDHo@@IDQHSHOPQNIBLBVF\Ld@L^Vj@lAhByBjFIPIReA`CSWMOMEMCOAO?Ah@A`@A^	Click to Generate
S26	20	1			3	Meraki (S26)	Frecheville Post Office (S26)	St Cyprian (S26)	1866	1400	m|rdIb}pGCFW\EBE?KMzCcFT]DGDI`@o@N\m@~@qCpEW\EBE?KMzCcFT]DGDI`@o@V_@V_@d@q@n@aAJOl@_ANU`@q@DJ@H?JAHuBfDMT_@n@E@A@C?IEMKW^W^N\Zz@N\L\N\l@}@pD{FPYr@cA`AaBrAfDuBdD{@tA_@j@uBdD_@j@sAgDO]M]O][{@{DhG	Click to Generate
S26	20	1			3	The Fairway (S26)	Birley Health Centre (S26)	The Birley Academy (S26)	2045	1534	mnqdIjyoGDCTGXKNC^Kd@I\AfAC~@AX?LALADAB?@AHbA@P@AB???TI\C??]BUH??C?A@@VDj@@V@T?T@`@@z@BlB?X@R@JDv@Bb@?DDj@@TDn@BT@H@NFf@H~@ZfEw@J_@F??^Gv@K[gEc@J]JYF_AL[D}Fr@u@J{@Jk@@NnE~Cc@??FCBEXEB?H?BDJZ^fB_@gBK[CEI?C?YDCDGB_Db@OoEj@Az@Kt@KQmECUAWAYUwECc@I_AMoAOgASsAn@_@j@W	Click to Generate
S26	20	1			3	Meraki (S26)	Frecheville Post Office (S26)	St Cyprian (S26)	1866	1400	y|rdIt}pGOREBE?KMzCcFT]DGDI`@o@N\m@~@qCpEW\EBE?KMzCcFT]DGDI`@o@V_@V_@d@q@n@aAJOl@_ANU`@q@DJ@H?JAHuBfDMT_@n@E@A@C?IEMKW^W^N\Zz@N\L\N\l@}@pD{FPYr@cA`AaBrAfDuBdD{@tA_@j@uBdD_@j@sAgDO]M]O][{@_EpGGH	Click to Generate
S26	20	1			3	The Birley (S26)	Safa (S26)	St Cyprian (S26)	1694	1270	e{rdIj{pGk@~@W\EBE?KMzCcFT]DGDI`@o@V_@V_@LJHDB?@AZv@JTHTYd@M@KMGEI?MP[{@O]V_@V_@d@q@n@aAJOk@oAACi@uAh@tAl@rAKNo@`Ae@p@W^W^N\Zz@N\L\N\l@}@pD{FPYr@cA`AaBrAfDuBdD{@tA_@j@uBdD_@j@sAgDO]M]O][{@sCpE	Click to Generate
S26	20	1			3	Frecheville Post Office (S26)	Kieu’s Nails (S26)	St Cyprian (S26)	1866	1400	_xrdIxvpGqCpEW\EBE?KMzCcFT]DGDI`@o@V_@V_@d@q@n@aAJOl@_ANU`@q@DJ@H?JAHuBfDMT_@n@E@A@C?IEMKW^W^N\{DhGCFW\EBE?KMzCcFT]DGDI`@o@N\Zz@N\L\N\l@}@pD{FPYr@cA`AaBrAfDuBdD{@tA_@j@uBdD_@j@sAgDO]M]O][{@m@~@	Click to Generate
S26	30	1			3	The Fairway (S26)	Birley Health Centre (S26)	The Co-operative Food (S26)	2872	2154	{nqdIryoGRKTGXKNC^Kd@I\AfAC~@AX?LALADAB?@AHbA@P@AB???TI\C??]BUH??C?A@@VDj@@V@T?T@`@@z@BlB?X@R@JDv@Bb@?DDj@@TDn@BT@H@NFf@H~@ZfEw@J_@F??^Gv@K[gEc@J]JYF_AL[D}Fr@u@J{@Jk@@e@C[IUGME[QUOCA[W_@c@[g@]c@]]UKSKC?GC_AWx@_M?SASGSSk@yAoDo@`AuAxBm@|@GJEFEH{@rAc@r@eAdB_@h@e@t@a@p@C[@IDKj@y@DCPF^i@dAeB~AgCDIDGFKl@}@tAyBn@aAz@wABGPUXg@NSV_@Va@FIb@s@FIpAoBJMDJFHDH@DTj@HRBJDJNf@@DPl@FZHXLr@Pz@R`ATdARjAn@_@\O	Click to Generate
S26	20	1			3	Spa View Community Church (S26)	GoLocal (S26)	Birley Spa (S26)	1446	1084	k}qdIrjmGCMOHQPINIREPAHIn@c@rDQnAOxACP?@G`@KEGAE?G@CAEACG?E?GAGGKUOTNFJ??@F?F?DBFD@B@FAD?F@JDC\A^?`@Ah@A`@A^E`@AHPXJL^`@e@pAK@K^GKa@o@Wg@m@gAWk@GFKHEACGi@mAYg@_@e@a@e@WOK?e@@[AO?E?e@Ed@DD?j@@d@AJ?VN`@d@^d@Xf@h@lABFD@JIFGVj@l@fAVf@L_@Jc@DSBKD]@IDa@@_@@a@@i@?a@@_@B]Fa@?ABQNyAPoAb@sDHo@@IDQHSHOPQNIBL	Click to Generate
S26	60	1			3	The Strad (S26)	Grayson's Plumbing & Heating Supplies (S26)	WD Motors (S26)	5342	4006	yntdIpxnG?kA?q@MeBAo@?}EAUEKIEYASDWDMBOAk@KQ@KDEJ?PB`@?XCHGDG?A?M??T?B@d@@b@@fA@t@?\Az@I?s@Ei@AM@GFETA^G~BA`AE|@Gn@In@Kl@GXIGCCEECHCJMVMKCFEDAF@FADGNg@|Ag@~AABYz@GFG?]AAZ?N`@@ZBD?D@`@sABMHUL_@Nc@HWb@uABI\gAFYJm@Ho@Fo@D}@@aAF_C@_@DUFGLAh@@r@DH?@{@?]Au@AgAAc@Ae@?C?UA}@AW?I?SCy@?OASQyEAK?S?K?g@BM?O?UCI?u@?_D?_A?_B@kB@Y?y@B}@BkA?IFaC\Dj@HXFLBJFLHRPp@|@T\^n@^r@Zv@\v@DHh@o@l@m@x@q@\UHGTtAVxALx@F`@R|AVnBBRBX@\HpC@p@?VAVCZAZCV?T@N@JBLHJFPDDBDDHBP@H?HAHAJAR?VBh@?p@@L@d@?P?X?N?D?f@?Z?x@?T?dB?r@?|A?lA?R?vA@xABrABhA@l@B`A@n@?H@ZE@AAE?WGAHEb@??E^ERETEl@Iz@KhAC`ABaAJiAH{@Dm@DUDSD_@Dc@@IVFD?@@DAA[?IAo@CaAAm@CiACsAAyA?wA?S?mA?}A?s@?eB?U?y@?[?g@?E?O?Y?QAe@AMEWCUM]Q]A?EECCGKCKAI?I?I?M@E@SBg@BYHc@BW@[B[@W?WAq@IqCA]CYCSWoBS}AGa@My@WyAUuAIF]Ty@p@m@l@i@n@EI]w@[w@_@s@_@o@U]q@}@SQMIKGMCYGk@I]EG`C?HCjAC|@?x@AXAjB?~A?~@?~C?t@BH?T?NCL?f@?J?R@JPxE@R?NBx@?R?H@V@|@L?@?F?FEBI?YCa@?QDKJEPAj@JN@LCVEREX@HDDJ@T?|E@n@LdB?p@?jA	Click to Generate
S26	20	1			3	Golden City (S26)	The Sherwood (S26)	St Cyprian (S26)	1787	1340	}{rdIl|pGS\W\EBE?KMzCcFT]DGDI`@o@N\U\iDrFW\EBE?KMzCcFT]DGDI`@o@V_@V_@d@q@IUCE?OOVEC[s@?Ac@r@\t@`@s@DBNW?NBDHTe@p@W^W^N\Zz@N\L\N\l@}@pD{FPYr@cA`AaBrAfDuBdD{@tA_@j@uBdD_@j@sAgDO]M]O][{@kDrF	Click to Generate
S26	45	1			3	The Swan (S26)	The Phoenix Inn (S26)	St John the Evangelist (S26)	3873	2905	kmodItnoG`@RXJB@PJRJTPVZ`@h@r@t@j@b@r@d@E^U|AId@Q|A\NRHZ_CBOTo@HUF[aAi@s@e@k@c@s@u@a@i@W[UQSKQKCAYKa@Si@]ECk@i@c@_@eBaByAsAQIGAQDOHKJYdA[nAG`@_@lBOhA_@`ECVIr@]hCERTNUfC@HBHRZJJLJPHQIMKKKKQGICIAITgCUODS\iCHs@BW^aENiA^mBFa@ZoAXeAJKNIPEF@PHxArAdB`Bb@^j@h@DBh@\`@RXJB@PJRJTPVZ`@h@r@t@j@b@r@d@`Ah@@@`@NXFFBn@LH?b@F`@@d@?l@B^DL@vBj@jA\x@Rt@^VNv@`@`Bx@FDPFZLVHPDzA\dDt@@yA@{@Az@AxAeDu@{A]QEWI[MYMaBy@w@a@WOu@_@y@SkA]wBk@MA_@Em@Ce@?a@Ac@GI?o@MGCYGa@OAAaAi@s@e@k@c@s@u@a@i@W[UQSKQKCAYKa@S	Click to Generate
S26	30	1			3	Stradbroke Community Centre (S26)	Antico (S26)	The Strad (S26)	2747	2060	{vudIbwpGTTMh@EJ?BCF?BENEJEPX`@RZt@lAP\FMp@}BDQ?KUu@Ka@CYA[?_@?UBYDSDSDMFCFUTULOc@d@GTGBELERERCX?T?^@ZBXJ`@Tt@?JEPq@|BGLTd@BDj@fAh@|@DDd@j@BMDOdAoEZoA^aBb@eBT_AH[x@gDEGa@k@OWMUU[S[DMZ{@f@{AZcAPw@BKbAmFNq@\kBHc@f@wBEAE?[Ca@A?O@[\@F?FGL_@L_@f@_Bf@}AFO@EAG@GDEBGLJLWBKBIDDBBHF]fACHc@tAIVOb@M^ITCLa@rAg@vBIb@]jBOp@cAlFCJQv@[bAg@zA[z@ELRZTZLTNV`@j@DFy@fDIZU~@c@dB_@`B[nAeAnEENCLe@k@EEi@}@k@gACEUe@Q]u@mAS[Ya@DQDKDO?CBG?CDKLi@UU	Click to Generate
S26	45	1			3	The Swan (S26)	The Phoenix Inn (S26)	St John the Evangelist (S26)	3869	2902	imodIvnoG^PXJB@PJRJTPVZ`@h@r@t@j@b@r@d@E^U|AId@Q|A\NRHZ_CBOTo@HUF[aAi@s@e@k@c@s@u@a@i@W[UQSKQKCAYKa@Si@]ECk@i@c@_@eBaByAsAQIGAQDOHKJYdA[nAG`@_@lBOhA_@`ECVIr@]hCERTNUfC@HBHRZJJLJPHQIMKKKKQGICIAITgCUODS\iCHs@BW^aENiA^mBFa@ZoAXeAJKNIPEF@PHxArAdB`Bb@^j@h@DBh@\`@RXJB@PJRJTPVZ`@h@r@t@j@b@r@d@`Ah@@@`@NXFFBn@LH?b@F`@@d@?l@B^DL@vBj@jA\x@Rt@^VNv@`@`Bx@FDPFZLVHPDzA\dDt@@yA@{@Az@AxAeDu@{A]QEWI[MYMaBy@w@a@WOu@_@y@SkA]wBk@MA_@Em@Ce@?a@Ac@GI?o@MGCYGa@OAAaAi@s@e@k@c@s@u@a@i@W[UQSKQKCAYK_@Q	Click to Generate
S26	30	1			3	Frecheville Library (S26)	Meraki (S26)	The Co-operative Food (S26)	2503	1877	{srdIfkpGj@nAl@_ANU`@q@d@u@^i@dAeB~AgCDIDGFKl@}@tAyBn@aAxAnDqDtF[f@oB|CaA`Bs@bAQX{BlDu@lAm@|@O]M]O][{@m@~@qCpEW\EBE?KMzCcFT]DGDI`@o@V_@V_@d@q@n@aAJOl@_ANU`@q@d@u@^i@dAeBb@s@z@sADIDGFKl@}@tAyBn@aAz@wABGPUXg@N\@J?JCHGDGAGGOSQTCF{@vAo@`AuAxBm@|@GJEFEH_BfCeAdB_@h@e@t@a@p@OTm@~@k@oA	Click to Generate
S26	60	1			3	Birley Spa Primary Academy (S26)	Safa (S26)	Sleeping Giant (S26)	5985	4489	g`sdItboGJINGRGNCJCAs@Aq@?e@?G@e@Bo@Bk@Fq@JeADc@@Y@_@?]A_@Ca@Ei@Ig@?AKc@WcAk@wBMe@Og@Og@O]k@uAGQy@oBGO`@m@f@m@n@s@z@q@`@[|@o@VQLKLMV[HKXi@HMb@aAj@mA^}@Pc@p@oBDM`@uALe@JNHN@BDLHZLvAD`@D^Fn@Db@LtAB\Hp@F^JZNXPPTJRDNBT@ClA?T?j@B~@Ft@Fv@Jp@Lv@Np@DNJ\Rf@Vj@l@fAu@fBMP_@l@SZKSEIIEI?GFU^y@qBEEEAEFsArBrAsBDGD@DDRf@d@hAT_@FGH?HDDHJRMRc@p@CHCHETCT?TBZHX\v@_@j@QXKVGTCXCjAAl@ATCNEPc@v@g@v@GPEPCV?VDXDL@FXx@DFMRGREVAV@ZDTN^~@~BxArDJVFRBR@R?f@@d@DTFNL`@GJEFEH_BfCeAdB_@h@e@t@a@p@OTm@~@k@oAACi@uAh@tAl@rAl@_ANU`@q@d@u@^i@dAeB~AgCDIDGFKl@}@tAyBn@aAz@wABGPUXg@NSV_@Va@FIb@s@O]CII_@EWAUCa@?e@@c@?M@cF?S@sA?yA?}@@qBQ_@QYm@cAGI{@sASYm@_AGKa@o@Wg@m@gAWk@GFKHEACGi@mAYg@_@e@a@e@WOK?e@@k@AE???e@Ed@DD?j@@d@AJ?VN`@d@^d@Xf@h@lABFD@JIFGSg@K]EOOq@Mw@Kq@Gw@Gu@C_A?k@?UBmAUAOCSEUKQQOYK[G_@Iq@C]MuAEc@Go@E_@Ea@MwAI[EMACIOKOMd@a@tAELq@nBQb@_@|@k@lAc@`AILYh@IJWZMLMJWP}@n@a@Z{@p@o@r@g@l@a@l@FNx@nBFPj@tAN\Nf@Nf@Ld@j@vBVbAJb@?@Hf@Dh@B`@@^?\A^AXEb@KdAGp@Cj@Cn@Ad@?F?d@@p@@r@KBOBSFOFKH	Click to Generate
S26	60	1			3	Sleeping Giant (S26)	St John Fisher Primary, A Catholic Voluntary Academy (S26)	Spa View Community Church (S26)	6727	5045	u_sdI~dlGAfBCpAC~AG`CGjAI`AEb@Eh@MbAM|@UrAUfASv@Sx@O`@]dAc@~@i@nAcErFoGnFkFlEWb@MPEJOZAHAJAR?VBh@?p@@L@d@?P?XJ@R?\BNBVHB@PJ\Z`@V\VZTTFJB\D\Af@Eb@ORKLIVUZ]Xa@HMJQTg@JYN_@La@Lc@Pm@ZcAPi@@ALc@\y@L[LYBIN[Xi@T[Va@`@m@f@m@n@s@z@q@`@[|@o@VQLKLMV[HKXi@HMb@aAj@mA^}@Pc@p@oBDM`@uALe@JNHN@BDLHZLvAD`@D^Fn@Db@LtAB\Hp@F^JZNXPPTJRDNBT@ClA?T?j@B~@Ft@Fv@Jp@Lv@Np@DNJ\Rf@GFKHEACGi@mAYg@_@e@a@e@WOK?e@@k@AE???e@Ed@DD?j@@d@AJ?VN`@d@^d@Xf@h@lABFD@JIFGVj@l@fAVf@L_@Jc@DSBKD]@IDa@@_@@a@@i@?a@@_@B]Fa@?ABQNyAPoAb@sDHo@@IDQHSHOPQNIGg@I[NKJKHIJALB??MCK@IHKJOJHZFf@OHQPINIREPAHIn@c@rDQnAOxACP?@G`@KEGAE?G@CAEACG?E?GAGGKUOTNFJ??@F?F?DBFD@B@FAD?F@JDC\A^?`@Ah@A`@A^E`@AHE\CJERKb@M^Wg@m@gAWk@Sg@K]EOOq@Mw@Kq@Gw@Gu@C_A?k@?UBmAUAOCSEUKQQOYK[G_@Iq@C]MuAEc@Go@E_@Ea@MwAI[EMACIOKOMd@a@tAELq@nBQb@_@|@k@lAc@`AILYh@IJWZMLMJWP}@n@a@Z{@p@o@r@g@l@a@l@W`@UZYh@OZCHMXMZ]x@Mb@A@Qh@[bAQl@Mb@M`@O^KXUf@KPILY`@[\WTMHSJc@Ng@D]@]EKCUG[U]Wa@W][QKCAWIOC]CS?KA?Y?QAe@AMEWCUM]Q]A?EECCGKCKAI?I?I?M@EBIBEFIFCFAD?FBXGTG`@QjFmEnGoFbEsFh@oAb@_A\eANa@Ry@Rw@TgATsAL}@LcADi@Dc@HaAFkAFaCB_BBqA@gB	Click to Generate
S26	60	1			3	Birley Spa Primary Academy (S26)	Sleeping Giant (S26)	Safa (S26)	5116	3837	c_sdIx~nGTELE?e@?G@e@Bo@Bk@Fq@JeADc@@Y@_@?]A_@Ca@Ei@Ig@?AKc@WcAk@wBMe@Og@Og@O]k@uAGQy@oBGO`@m@f@m@n@s@z@q@`@[|@o@VQLKLMV[HKXi@HMb@aAj@mA^}@Pc@p@oBDM`@uALe@JNHN@BDLHZLvAD`@D^Fn@Db@LtAB\Hp@F^JZNXPPTJRDNBT@ClA?T?j@B~@Ft@Fv@Jp@Lv@Np@DNJ\Rf@Vj@l@fAu@fBMP_@l@SZKSEIIEI?GFU^y@qBEEEAEFsArBrAsBDGD@DDRf@d@hAT_@FGH?HDDHJRMRc@p@CHCHETCT?TBZHX\v@Pb@N`@`CdGVa@LSNUdA}ALONKPGPCb@@`@??}@@qBQ_@QYm@cAGI{@sASYm@_AGKa@o@Wg@m@gAWk@GFKHEACGi@mAYg@_@e@a@e@WOK?e@@k@AE???e@Ed@DD?j@@d@AJ?VN`@d@^d@Xf@h@lABFD@JIFGVj@l@fAVf@`@n@FJl@~@RXz@rAFHl@bAPXP^ApB?|@?xAArA?RAbF?LAb@?d@B`@@TDVH^BHN\c@r@GHW`@W^ORYf@QTCF{@vAo@`AuAxBm@|@GJEFEH_BfCeAdB_@h@e@t@a@p@OTm@~@k@oAACi@uAh@tAl@rAKNo@`Ae@p@W^W^a@n@EHEFU\]u@Qc@]}@K[Qg@Me@Ia@EOKk@K}@Gw@E{@A_A?aAB{@Dw@D_@Fq@Fo@P{Ah@cFBa@?I?S?_@?K?QKqACKEYACQaAEc@Ge@Ei@Em@As@Aq@MDUD	Click to Generate
S26	20	1			3	Birley Spa Primary Academy (S26)	Spa View Community Church (S26)	GoLocal (S26)	2066	1550	eprdIx{mGD?j@@d@AJ?VN`@d@^d@Xf@h@lABFD@JIFGVj@l@fAu@fBMP_@l@SZKSEIIEI?GFU^y@qBEEEAEFsArBrAsBDGD@DDRf@d@hAT_@FGH?HDDHJRMRc@p@CHCHETCT?TBZHX\v@Pb@N`@`CdGVa@LSNUdA}ALONKPGPCb@@`@??}@@qBQ_@QYm@cAGI{@sASYm@_AGKa@o@L_@Jc@DSBKD]@IDa@@_@@a@@i@?a@@_@B]KEGAE?G@CAEACG?E?GAGGKUOTNFJ??@F?F?DBFD@B@FAD?F@JDC\A^?`@Ah@A`@A^E`@AHPXJL^`@e@pAK@K^GKa@o@Wg@m@gAWk@GFKHEACGi@mAYg@_@e@a@e@WOK?e@@k@AE?	Click to Generate
S26	20	1			3	GoLocal (S26)	Our Lady of Lourdes (S26)	Birley Spa (S26)	2004	1503	{crdI|ymG@F?F?DBFD@B@FAD?F@JDC\A^?`@Ah@A`@A^E`@AHPXJL^`@e@pAK@K^GKa@o@L_@Jc@DSBKD]@IDa@@_@@a@@i@?a@@_@B]Fa@?ABQNyAPoAb@sDHo@@IDQHSHOPQNIBLBVF\Ld@L^Vj@lAhBNTHLNPVRl@`@UzAG^]nBg@xCYbBOv@CRQdAMv@SlACLEDCDKRMLMFm@cAGI{@sASYm@_AGKa@o@Wg@m@gAWk@GFKHEACGi@mAYg@_@e@a@e@WOK?e@@[AO?E?e@Ed@DD?j@@d@AJ?VN`@d@^d@Xf@h@lABFD@JIFGVj@l@fAVf@L_@Jc@DSBKD]@IDa@@_@@a@@i@?a@@_@B]KEGAE?G@CAEACG?E?GAG	Click to Generate
S26	30	1			3	Our Lady of Lourdes (S26)	Birley Spa Primary Academy (S26)	Birley Spa (S26)	2496	1872	oardIf~mG??LBLDLNRVdAaCHSHQxBkFmAiBWk@M_@Me@G]CWCMOHQPINIREPAHIn@c@rDQnAOxACP?@G`@C\A^?`@Ah@A`@A^E`@AHE\CJERKb@M^Wg@u@fBMP_@l@SZKSEIIEI?GFU^y@qBEEEAEFsArBrAsBDGD@DDRf@d@hAT_@FGH?HDDHJRMRc@p@CHCHETCT?TBZHX\v@Pb@N`@`CdGVa@LSNUdA}ALONKPGPCb@@`@??}@@qBQ_@QYm@cAGI{@sASYm@_AGKa@o@Wg@m@gAWk@GFKHEACGi@mAYg@_@e@a@e@WOK?e@@[AO?E?e@Ed@DD?j@@d@AJ?VN`@d@^d@Xf@h@lABFD@JIFGVj@l@fAVf@L_@Jc@DSBKD]@IDa@@_@@a@@i@N?N@	Click to Generate
S26	20	1			3	Meraki (S26)	Frecheville Post Office (S26)	St Cyprian (S26)	1866	1400	a}rdI|}pGGJEBE?KMzCcFT]DGDI`@o@N\m@~@qCpEW\EBE?KMzCcFT]DGDI`@o@V_@V_@d@q@n@aAJOl@_ANU`@q@DJ@H?JAHuBfDMT_@n@E@A@C?IEMKW^W^N\Zz@N\L\N\l@}@pD{FPYr@cA`AaBrAfDuBdD{@tA_@j@uBdD_@j@sAgDO]M]O][{@_EpGOP	Click to Generate
S26	20	1			3	Frecheville Library (S26)	Safa (S26)	Meraki (S26)	1531	1148	}krdIxvpGz@uAtBeDsAgDaA`Bs@bAQX{BlDu@lAm@|@O]M]O][{@O]V_@V_@d@q@n@aAJOk@oAACi@uAh@tAl@rAKNo@`Ae@p@W^W^N\m@~@qCpEW\EBE?KMzCcFT]DGDI`@o@N\Zz@N\L\N\rAfD^k@tBeD^k@	Click to Generate
S26	20	1			3	Spa View Community Church (S26)	GoLocal (S26)	Birley Spa (S26)	1563	1172	a|qdI`gmGMCK@IHKJOJHZFf@OHQPINIREPAHIn@c@rDQnAOxACP?@G`@KEGAE?G@CAEACG?E?GAGGKUOTNFJ??@F?F?DBFD@B@FAD?F@JDC\A^?`@Ah@A`@A^E`@AHPXJL^`@e@pAK@K^GKa@o@Wg@m@gAWk@GFKHEACGi@mAYg@_@e@a@e@WOK?e@@[AO?E?e@Ed@DD?j@@d@AJ?VN`@d@^d@Xf@h@lABFD@JIFGVj@l@fAVf@L_@Jc@DSBKD]@IDa@@_@@a@@i@?a@@_@B]Fa@?ABQNyAPoAb@sDHo@@IDQHSHOPQNIGg@I[NKJKHIJALB	Click to Generate
S26	30	1			3	The Swan (S26)	Ridgeway Primary School (S26)	The Phoenix Inn (S26)	2887	2165	igndIbbpGGEaBy@w@a@WOu@_@y@SkA]wBk@MA_@Em@Ce@?a@Ac@GI?o@MGCYGa@OAAGZITUn@CN[~BSI]OP}AHe@T}AD_@s@e@k@c@s@u@a@i@W[UQSKQKCAYK_@QAAi@]ECk@i@c@_@eBaByAsAQIGAQDOHKJYdA[nAG`@_@lBOhA_@`ECVIr@]hCERTNUfC@HBHRZJJLJPHQIMKKKKQGICIAITgCUODS\iCHs@BW^aENiA^mBFa@ZoAXeAJKNIPEF@PHxArAdB`Bb@^j@h@DBh@\`@RXJB@PJRJTPVZ`@h@r@t@j@b@r@d@`Ah@@@`@NXFFBn@LH?b@F`@@d@?l@B^DL@vBj@jA\x@Rt@^VNv@`@`Bx@FD	Click to Generate
S26	30	1			3	Richmond Church (S26)	Antico (S26)	The Strad (S26)	2648	1986	equdIhqpGUTGTGBELERERCX?T?^@ZBXJ`@Tt@?JEPq@|BGLQ]u@mAS[Ya@DQDKDO?CBG?CDKLi@UU??TTMh@EJ?BCF?BENEJEPi@u@[e@CEYc@IMW]MSDSTkAH]RaAH]F_@BIDSFYP}@Z{Ax@cEH]TaBTwBJaC@aB?a@GAGGEKAK@MBODIFCDAFBFHBJ@L?DT?dA?T?X?b@@b@?Z@\?T?@?T?T@|@?B?x@?d@??O@[\@F?FGL_@L_@f@_Bf@}AFO@EAG@GDEBGLJLWBKBIDDBBHF]fACHc@tAIVOb@M^ITCLa@rAg@vBIb@]jBOp@cAlFCJQv@[bAg@zA[z@ELRZTZLTNV`@j@DFy@fDIZU~@c@dB_@`B[nAeAnEENCLe@k@EEi@}@k@gACEUe@FMp@}BDQ?KUu@Ka@CYA[?_@?UBYDSDSDMFCFUTU	Click to Generate
S26	60	1			3	Outwood Academy City (S26)	Stradbroke Community Centre (S26)	WD Motors (S26)	7661	5746	k`udInjoGPg@f@}AFO@ETXBBDDBI\gAFYJm@Ho@Fo@D}@@aAF_C@_@DUFGLAh@@r@DH?@{@?]Au@AgAAc@Ae@?C?UL?@?F?FEBI?YCa@?QDKJEPAj@JN@LCVEREX@HDDJ@T?|E@n@LdB?p@?jA?pAAjBG~BI`BHaBF_C@kB?}C?q@MeBAo@?}EAUEKIEYASDWDMBOAk@KQ@KDEJ?PB`@?XCHGDG?A?M??T?B@d@@b@@fA@t@?\Az@ExCGtDAZCf@Gt@M|@Mp@IXIXQd@ITUp@qAxDOb@GRKZKf@Kn@Kp@SpAM~@SbAWpAGTYhAg@nBSt@Ur@Qj@Qj@CHGRy@fDIZU~@c@dB_@`B[nAeAnEENCLe@k@EEi@}@k@gACEUe@FMp@}BDQ?KUu@Ka@CYA[?_@?UBYDSDSDMFCFUTULOc@d@GTGBELERERCX?T?^@ZBXJ`@Tt@?JEPq@|BGLTd@BDj@fAh@|@DDd@j@Z\^d@\n@Zr@\x@FLFJZh@BDFJBFDFDDf@t@HLX^T\Rd@Vd@Pb@Tp@Tv@T`At@bCl@fCZtAPbARbAV~APnAPvADd@@L??@\@T@N?P?VAf@Ad@MjCF@D?@?DCDEDIDQv@iDh@wBPu@Jq@XqCj@uFHs@De@rC{Wn@_GLgAHg@BYLy@NkAxAaJ@CJs@d@sCD]LeANaA^yBTmAn@sDXgBHk@Hc@Da@BY@]?g@Ac@?GA[E@AAE?WGAHEb@??E^ERETEl@Iz@KhAC`ABaAJiAH{@Dm@DUDSD_@Dc@@IVFD?@@DAA[?IAo@CaAAm@CiACsAAyA?wA?S?mA?}A?s@?eB?U?y@?[?g@?E?O?Y?QAe@AMEWCUM]Q]A?EECCGKCKAI?I?I?M@E@SBg@BYHc@BW@[B[@W?WAq@IqCA]CYCSWoBS}AGa@My@WyAUuAIF]Ty@p@m@l@i@n@EI]w@[w@_@s@_@o@U]q@}@SQMIKGMCYGk@I]EG`C?HCjAC|@?x@AXAjB?~A?~@?~C?t@BH?T?NCL?f@?J?R@JPxE@R?NBx@?R?H@V@|@?T?B@d@@b@@fA@t@?\Az@I?s@Ei@AM@GFETA^G~BA`AE|@Gn@In@Kl@GX]fACHEECCUYADGNg@|AQf@	Click to Generate
S26	60	1			3	Outwood Academy City (S26)	Stradbroke Community Centre (S26)	WD Motors (S26)	7590	5692	e_udIxgoGRo@FO@ETXBBDDBI\gAFYJm@Ho@Fo@D}@@aAF_C@_@DUFGLAh@@r@DH?@{@?]Au@AgAAc@Ae@?C?UL?@?F?FEBI?YCa@?QDKJEPAj@JN@LCVEREX@HDDJ@T?|E@n@LdB?p@?jA?pAAjBG~BI`BHaBF_C@kB?}C?q@MeBAo@?}EAUEKIEYASDWDMBOAk@KQ@KDEJ?PB`@?XCHGDG?A?M??T?B@d@@b@@fA@t@?\Az@ExCGtDAZCf@Gt@M|@Mp@IXIXQd@ITUp@qAxDOb@GRKZKf@Kn@Kp@SpAM~@SbAWpAGTYhAg@nBSt@Ur@Qj@Qj@CHGRy@fDIZU~@c@dB_@`B[nAeAnEENCLe@k@EEi@}@k@gACEUe@FMp@}BDQ?KUu@Ka@CYA[?_@?UBYDSDSDMFCFUTULOc@d@GTGBELERERCX?T?^@ZBXJ`@Tt@?JEPq@|BGLTd@BDj@fAh@|@DDd@j@Z\^d@\n@Zr@\x@FLFJZh@BDFJBFDFDDf@t@HLX^T\Rd@Vd@Pb@Tp@Tv@T`At@bCl@fCZtAPbARbAV~APnAPvADd@@L??@\@T@N?P?VAf@Ad@MjCF@D?@?DCDEDIDQv@iDh@wBPu@Jq@XqCj@uFHs@De@rC{Wn@_GLgAHg@BYLy@NkAxAaJ@CJs@d@sCD]LeANaA^yBTmAn@sDXgBHk@Hc@Da@BY@]?g@Ac@?GA[E@AAE?WGAHEb@??E^ERETEl@Iz@KhAC`ABaAJiAH{@Dm@DUDSD_@Dc@@IVFD?@@DAA[?IAo@CaAAm@CiACsAAyA?wA?S?mA?}A?s@?eB?U?y@?[?g@?E?O?Y?QAe@AMEWCUM]Q]A?EECCGKCKAI?I?I?M@E@SBg@BYHc@BW@[B[@W?WAq@IqCA]CYCSWoBS}AGa@My@WyAUuAIF]Ty@p@m@l@i@n@EI]w@[w@_@s@_@o@U]q@}@SQMIKGMCYGk@I]EG`C?HCjAC|@?x@AXAjB?~A?~@?~C?t@BH?T?NCL?f@?J?R@JPxE@R?NBx@?R?H@V@|@?T?B@d@@b@@fA@t@?\Az@I?s@Ei@AM@GFETA^G~BA`AE|@Gn@In@Kl@GX]fACHEECCUYADGNSn@	Click to Generate
S26	60	1			3	Outwood Academy City (S26)	Stradbroke Community Centre (S26)	WD Motors (S26)	7607	5705	o_udIlhoG\cAFO@ETXBBDDBI\gAFYJm@Ho@Fo@D}@@aAF_C@_@DUFGLAh@@r@DH?@{@?]Au@AgAAc@Ae@?C?UL?@?F?FEBI?YCa@?QDKJEPAj@JN@LCVEREX@HDDJ@T?|E@n@LdB?p@?jA?pAAjBG~BI`BHaBF_C@kB?}C?q@MeBAo@?}EAUEKIEYASDWDMBOAk@KQ@KDEJ?PB`@?XCHGDG?A?M??T?B@d@@b@@fA@t@?\Az@ExCGtDAZCf@Gt@M|@Mp@IXIXQd@ITUp@qAxDOb@GRKZKf@Kn@Kp@SpAM~@SbAWpAGTYhAg@nBSt@Ur@Qj@Qj@CHGRy@fDIZU~@c@dB_@`B[nAeAnEENCLe@k@EEi@}@k@gACEUe@FMp@}BDQ?KUu@Ka@CYA[?_@?UBYDSDSDMFCFUTULOc@d@GTGBELERERCX?T?^@ZBXJ`@Tt@?JEPq@|BGLTd@BDj@fAh@|@DDd@j@Z\^d@\n@Zr@\x@FLFJZh@BDFJBFDFDDf@t@HLX^T\Rd@Vd@Pb@Tp@Tv@T`At@bCl@fCZtAPbARbAV~APnAPvADd@@L??@\@T@N?P?VAf@Ad@MjCF@D?@?DCDEDIDQv@iDh@wBPu@Jq@XqCj@uFHs@De@rC{Wn@_GLgAHg@BYLy@NkAxAaJ@CJs@d@sCD]LeANaA^yBTmAn@sDXgBHk@Hc@Da@BY@]?g@Ac@?GA[E@AAE?WGAHEb@??E^ERETEl@Iz@KhAC`ABaAJiAH{@Dm@DUDSD_@Dc@@IVFD?@@DAA[?IAo@CaAAm@CiACsAAyA?wA?S?mA?}A?s@?eB?U?y@?[?g@?E?O?Y?QAe@AMEWCUM]Q]A?EECCGKCKAI?I?I?M@E@SBg@BYHc@BW@[B[@W?WAq@IqCA]CYCSWoBS}AGa@My@WyAUuAIF]Ty@p@m@l@i@n@EI]w@[w@_@s@_@o@U]q@}@SQMIKGMCYGk@I]EG`C?HCjAC|@?x@AXAjB?~A?~@?~C?t@BH?T?NCL?f@?J?R@JPxE@R?NBx@?R?H@V@|@?T?B@d@@b@@fA@t@?\Az@I?s@Ei@AM@GFETA^G~BA`AE|@Gn@In@Kl@GX]fACHEECCUYADGN]bA	Click to Generate
S26	20	1			3	Hair by Lisa (S26)	Frecheville Post Office (S26)	St Cyprian (S26)	1866	1400	g}rdIf~pGA@EBE?KMzCcFT]DGDI`@o@N\gAdBwBjDW\EBE?KMzCcFT]DGDI`@o@V_@V_@d@q@n@aAJOl@_ANU`@q@DJ@H?JAHuBfDMT_@n@E@A@C?IEMKW^W^N\Zz@N\L\N\l@}@pD{FPYr@cA`AaBrAfDuBdD{@tA_@j@uBdD_@j@sAgDO]M]O][{@_EpGUZ	Click to Generate
S26	20	1			3	Frecheville News, Cards & Gifts (S26)	Safa (S26)	St Cyprian (S26)	1683	1262	wsrdIbtpG[w@A@C?IEMKW^W^N\kBvCsAxBW\EBE?KMzCcFT]DGDI`@o@V_@V_@d@q@n@aAJOk@oAACi@uAh@tAl@rAKNo@`Ae@p@W^W^N\Zz@N\L\N\l@}@pD{FPYr@cA`AaBrAfDuBdD{@tA_@j@uBdD_@j@sAgDO]M]O][{@O]V_@V_@LJHDB?@AZv@	Click to Generate
S26	60	1			3	Birley Health Centre (S26)	Birley Primary Academy (S26)	New Loon Fung (S26)	4346	3260	gmqdIf{pG??_Db@OoEj@Az@Kt@K|Fs@ZE~@MXG\Kb@KZfEw@J_@F??^Gv@KFp@Dt@L~ADd@Bd@Bf@@f@?f@@b@?V?RAVARAPE^ERG^I^G\GVGZGTGVIZGRGPGPGPGNOXMVMRQVW`@mAtByAlCINGNGNCRCLAR?^GpH?|Cc@Os@YGEcCkA{@g@SKqBy@_D_BqCuAuAs@[QGC{@a@QKCECCAEACAIAE?I@K@M@OZeBDODUXyAh@iCZ_BLq@|BbBFKFIn@q@FEBKBG@I?K?KI]Qi@Yu@GYCWAW?MFQHMCs@Br@ILGP?L@VBVFXXt@BJL\H\?J?JAHCFCJGDo@p@kAuFEKCIBY@[?sE?o@@{A?k@@o@@a@@[JkAb@kG@E~@VFBB?RJTJT_ALk@Lu@Hq@Bi@Dq@J}EHqDB}@@GB_@D[BI@GBGHUNQFIJMhAoAFZHXPMXS@?v@a@j@YTERARBPHFHBBFPDXHd@@DB\Fr@Dr@DnA_@JOBYJUFSJ]No@^RrANfALnAH~@Bb@TvE@X@VBTPlEu@J{@Jk@@NnE~Cc@??	Click to Generate
S26	20	1			3	Safa (S26)	St Cyprian (S26)	Frecheville Library (S26)	1579	1184	_jrdItapGc@r@eAdB_@h@e@t@a@p@OTm@~@k@oAACi@uAh@tAl@rAKNo@`Ae@p@W^W^N\Zz@N\L\N\rAfD^k@tBeD^k@z@uAtBeDsAgDaA`Bs@bAQX{BlDu@lAm@|@O]M]O][{@O]V_@V_@d@q@n@aAJOl@_ANU`@q@d@u@^i@dAeBb@s@	Click to Generate
S26	20	1			3	Birley Wood Golf Club (S26)	UK Welder (S26)	Birley Health Centre (S26)	1511	1133	s`qdInyoG]BLxAz@J??{@KMyAUH??C?A@AQIcAA@C?E@M@M@Y?_A@gAB]@e@H_@JC?KBYJUFq@Zo@^RrANfALnAH~@Bb@TvE@X@VBTPlE|Fs@ZE~@MXG\Kb@KZfEw@J_@F??^Gv@K[gEI_AGg@AOAICUEo@AUEk@?ECc@Ew@AKAS?YCmBA{@Aa@?UAUAWEk@AW@AB???TI\C	Click to Generate
S26	20	1			3	Golden City (S26)	The Sherwood (S26)	St Cyprian (S26)	1787	1340	g|rdIz|pGINW\EBE?KMzCcFT]DGDI`@o@N\U\iDrFW\EBE?KMzCcFT]DGDI`@o@V_@V_@d@q@IUCE?OOVEC[s@?Ac@r@\t@`@s@DBNW?NBDHTe@p@W^W^N\Zz@N\L\N\l@}@pD{FPYr@cA`AaBrAfDuBdD{@tA_@j@uBdD_@j@sAgDO]M]O][{@uD`G	Click to Generate
S26	60	1			3	Birley Wood Golf Club (S26)	Queens Head (S26)	The Swan (S26)	6778	5084	e_pdItdpGGICIAITgCUOEXMbAStACTIn@Kv@M~@UvAUnAu@bDaA~CiArDy@lCg@~Ac@~Aw@pCgDjLGPk@~AITmAtC{CpGuB`EkAfCYr@OZEGKSCGg@iBIUMMMMQGSKk@S?}CFqH?_@@SBMBSFOFOHOxAmClAuBVa@PWLSLWNYFOFQFQFQFSH[FWFUF[FWF]H_@F_@DSD_@@Q@S@W?S?WAc@?g@Ag@Cg@Ce@Ee@M_BEu@Gq@[gEI_AGg@AOAICUEo@AUEk@?ECc@Ew@AKAS?YCmBA{@Aa@?UAUAWEk@AW@AB???TILxAz@J??{@KMyAUH??C?A@@VDj@@V@T?T@`@@z@BlB?X@R@JDv@Bb@?DDj@@TDn@BT@H@NFf@H~@ZfEFp@Dt@L~ADd@Bd@Bf@@f@?f@@b@?V?RAVARAPE^ERG^I^G\GVGZGTGVIZGRGPGPGPGNOXMVMRQVW`@mAtByAlCINGNGNCRCLAR?^GpH?|Cj@RRJPFLLLLHTf@hBBFJRDFN[Xs@jAgCtBaEzCqGlAuCHUj@_BFQfDkLv@qCb@_Bf@_Bx@mChAsD`A_Dt@cDToATwAL_AJw@Ho@BURuALcADYDS\iCHs@BW^aENiA^mBFa@ZoAXeAJKNIPEF@PHxArAdB`Bb@^j@h@DBh@\??`@RXJB@PJRJTPVZ`@h@r@t@j@b@r@d@E^U|AId@Q|A\NRHZ_CBOTo@HUF[aAi@s@e@k@c@s@u@a@i@W[UQSKQKCAYKa@Si@]ECk@i@c@_@eBaByAsAQIGAQDOHKJYdA[nAG`@_@lBOhA_@`ECVIr@]hCERTNUfC@HBHFH	Click to Generate
S26	15	1			3	Golden City (S26)	Bullie Ink Tattoo Collective (S26)	St Cyprian (S26)	1408	1056	kvrdI|mpGZr@DBNW?NBDHTe@p@W^W^N\U\iCdE_@l@W\EBE?KMzCcFT]DGDI`@o@N\Zz@N\L\N\l@}@pD{FPYr@cA`AaBrAfDuBdD{@tA_@j@uBdD_@j@sAgDO]M]O][{@O]V_@V_@d@q@IUCE?OOVEC[s@	Click to Generate
S26	60	1			3	Grayson's Plumbing & Heating Supplies (S26)	Outwood Academy City (S26)	WD Motors (S26)	5652	4239	}|tdI|coGBIDDBBHF]fACHc@tAIVOb@M^ITCLa@rAEAE?[Ca@A?O@[\@F?FGX{@@Cf@_Bf@}AFO@ETXBBDDBI\gAFYJm@Ho@Fo@D}@@aAF_C@_@DUFGLAh@@r@DH?@{@?]Au@AgAAc@Ae@?C?UL?@?F?FEBI?YCa@?QDKJEPAj@JN@LCVEREX@HDDJ@T?|E@n@LdB?p@?jA?pAAjBG~BI`BHaBF_C@kB?}C?q@MeBAo@?}EAUEKIEYASDWDMBOAk@KQ@KDEJ?PB`@?XCHGDG?A?M?A}@AW?I?SCy@?OASQyEAK?S?K?g@BM?O?UCI?u@?_D?_A?_B@kB@Y?y@B}@BkA?IFaC\Dj@HXFLBJFLHRPp@|@T\^n@^r@Zv@\v@DHh@o@l@m@x@q@\UHGTtAVxALx@F`@R|AVnBBRBX@\HpC@p@?VAVCZAZCV?T@N@JBLHJFPDDBDDHBP@H?HAHAJAR?VBh@?p@@L@d@?P?X?N?D?f@?Z?x@?T?dB?r@?|A?lA?R?vA@xABrABhA@l@B`A@n@?H@ZE@AAE?WGAHEb@??E^ERETEl@Iz@KhAC`ABaAJiAH{@Dm@DUDSD_@Dc@@IVFD?@@DAA[?IAo@CaAAm@CiACsAAyA?wA?S?mA?}A?s@?eB?U?y@?[?g@?E?O?Y?QAe@AMEWCUM]Q]A?EECCGKCKAI?I?I?M@E@SBg@BYHc@BW@[B[@W?WAq@IqCA]CYCSWoBS}AGa@My@WyAUuAIF]Ty@p@m@l@i@n@EI]w@[w@_@s@_@o@U]q@}@SQMIKGMCYGk@I]EG`C?HCjAC|@?x@AXAjB?~A?~@?~C?t@BH?T?NCL?f@?J?R@JPxE@R?NBx@?R?H@V@|@?T?B@d@@b@@fA@t@?\Az@I?s@Ei@AM@GFETA^G~BA`AE|@Gn@In@Kl@GXIGCCEECH	Click to Generate
S26	60	1			3	Queens Head (S26)	St John the Evangelist (S26)	The Phoenix Inn (S26)	4261	3196	qaodIbzoGHUF[aAi@s@e@k@c@s@u@a@i@W[UQSKQKCAYKa@Si@]ECk@i@c@_@eBaByAsAQIGAQDOHKJF_@DYDa@DJJb@FNF@PHxArAdB`Bb@^j@h@DBh@\??`@RXJB@PJRJTPVZ`@h@r@t@j@b@r@d@`Ah@@@`@NXFFBn@LH?b@F`@@d@?l@B^DL@vBj@jA\x@Rt@^VNv@`@`Bx@FDPFZLVHPDzA\dDt@@yA@{@Az@AxAeDu@{A]QEWI[MYMaBy@w@a@WOu@_@y@SkA]wBk@MA_@Em@Ce@?a@Ac@GI?o@MGCYGa@OAAaAi@s@e@k@c@s@u@a@i@W[UQSKQKCAYKa@Si@]ECk@i@c@_@eBaByAsAQIGAQDOHKJYdA[nAG`@_@lBOhA_@`ECVIr@]hCERTNUfC@HBHRZJJLJPHQIMKKKKQGICIAITgCUODS\iCHs@BW^aENiA^mBFa@ZoAXeAJKNIPEF@PHxArAdB`Bb@^j@h@DBh@\`@RXJB@PJRJTPVZ`@h@r@t@j@b@r@d@`Ah@GZIT	Click to Generate
S26	20	1			3	The Birley (S26)	Safa (S26)	St Cyprian (S26)	1694	1270	szrdIrzpG}@vAW\EBE?KMzCcFT]DGDI`@o@V_@V_@LJHDB?@AZv@JTHTYd@M@KMGEI?MP[{@O]V_@V_@d@q@n@aAJOk@oAACi@uAh@tAl@rAKNo@`Ae@p@W^W^N\Zz@N\L\N\l@}@pD{FPYr@cA`AaBrAfDuBdD{@tA_@j@uBdD_@j@sAgDO]M]O][{@aCxD	Click to Generate
S26	15	1			3	The Fairway (S26)	Birley Health Centre (S26)	Birley Wood Golf Club (S26)	1381	1036	klqdInxoGB?^Kd@I\AfAC~@AX?LALADAB?@AHbA@P@AB???TI\C??]BUH??C?A@@VDj@@V@T?T@`@@z@BlB?X@R@JDv@Bb@?DDj@@TDn@BT@H@NFf@H~@ZfEw@J_@F??^Gv@K[gEI_AGg@AOAICUEo@AUEk@?ECc@Ew@AKAS?YCmBA{@Aa@?UAUAWEk@AW@AB???TILxAz@J??{@KMyAUH??C?A@AQIcAA@C?E@M@M@Y?_A@gAB]@e@H_@JC?	Click to Generate
S26	60	1			3	Outwood Academy City (S26)	Scowerdons Community Centre (S26)	The Strad (S26)	9849	7387	s_tdIvpoG?GAc@?GA[A[?IAo@CaAAm@CiACsAAyA?wA?S?mA?}A?s@?eB?U?y@?[?g@?E?O?Y?QAe@AMEWCUM]Q]A?EECCGKCKAI?I?I?M@E@SBg@BYHc@BW@[B[@W?WAq@IqCA]CYCSWoBS}AGa@My@WyAUuAIF]Ty@p@m@l@i@n@EI]w@[w@_@s@_@o@U]q@}@SQMIKGMCYGk@I]EG`C?HCjAC|@?x@AXAjB?~A?~@?~C?t@BH?T?NCL?f@?J?R@JPxE@R?NBx@?R?H@V@|@L?@?F?FEBI?YCa@?QDKJEPAj@JN@LCVEREX@HDDJ@T?|E@n@LdB?p@?jA?pAAjBG~BI`BHaBF_C@kB?}C?q@MeBAo@?}EAUEKIEYASDWDMBOAk@KQ@KDEJ?PB`@?XCHGDG?A?M?A}@AW?I?SCy@?OASQyEAK?S?K?g@BM?O?UCI?u@?_D?_A?_B@kB@Y?y@B}@BkA?IFaC\Dj@HXFLBJFLHRPp@|@T\^n@^r@Zv@\v@DHh@o@l@m@x@q@\UHGTtAVxALx@F`@R|AVnBBRBX@\HpC@p@?VAVCZAZCV?T@N@JBLHJFPDDBDDHBP@H?HAHAJAR?VBh@?p@@L@d@?P?XJ@R?\BNBVHB@PJ\Z`@V\VZTTFJB\D\Af@Eb@ORKLIVUZ]Xa@HMJQTg@JYN_@La@Lc@Pm@ZcAPi@@ALc@\y@L[LYBIN[Xi@T[Va@FNx@nBFPj@tAN\Nf@Nf@Ld@j@vBVbAJb@?@Hf@Dh@B`@@^?\A^AXEb@KdAGp@Cj@Cn@Ad@?F?d@@p@@r@KBOBSFOFYVWXOTKNUZ_@j@GDGAF@FE^k@T[JONUVYLMJINGRGNCJCAs@Aq@?e@?G@e@Bo@Bk@Fq@JeADc@WIA?QCS?QBGBQFSBO?OCOIQOa@_@GGOMOGMGOCC?K?I@G@UH]P]PA@OFQDO@OCOEQIMIMOACKOKU]}@AAEKY`@[\WTMHSJc@Ng@D]@]EKCUG[U]Wa@W][QKCAWIOC]CS?KA?Y?QAe@AMEWCUM]Q]A?EECCGKCKAI?I?I?M@E@SBg@BYHc@BW@[B[@W?WAq@IqCA]CYCSWoBS}AGa@My@WyAUuAIF]Ty@p@m@l@i@n@EI]w@[w@_@s@_@o@U]q@}@SQMIKGMCYGk@I]EG`C?HCjAC|@?x@AXAjB?~A?~@?~C?t@BH?T?NCL?f@?J?R@JPxE@R?NBx@?R?H@V@|@?T?B@d@@b@@fA@t@?\Az@I?s@Ei@AM@GFETA^G~BA`AE|@Gn@In@Kl@GX]fACHEECCUYAG@GDEBGLJLWBKBIDDBBHFFYJm@Ho@Fo@D}@@aAF_C@_@DUFGLAh@@r@DH?@{@?]Au@AgAAc@Ae@?C?UA}@AW?I?SCy@?OASQyEAK?S?K?g@BM?O?UCI?u@?_D?_A?_B@kB@Y?y@B}@BkA?IFaC\Dj@HXFLBJFLHRPp@|@T\^n@^r@Zv@\v@DHh@o@l@m@x@q@\UHGTtAVxALx@F`@R|AVnBBRBX@\HpC@p@?VAVCZAZCV?T@N@JBLHJFPDDBDDHBP@H?HAHAJAR?VBh@?p@@L@d@?P?X?N?D?f@?Z?x@?T?dB?r@?|A?lA?R?vA@xABrABhA@l@B`A@n@?H@Z@Z?F@b@?F	Click to Generate
S26	60	1			3	Carter Hall Lane (S26)	Birley Health Centre (S26)	The Birley Academy (S26)	6947	5210	otpdIdarG{@u@ITmAtC{CpGuB`EkAfCYr@OZId@ADMn@e@pCShA{@lE{BvLWvAEVKv@Mt@M|@Ed@AHANAFCVDBD@PFrBp@`EzA~@ZJORSJILITINEAe@AYBO@EJ]HSHQJWVe@Vg@@KBOBGVg@^cAr@aCfAkDZoAJ]`@}@l@oAZk@nAiCPWPQ`@W^Sn@U^CFA`@D`@H~@Z\J?n@@HHPIQAI?o@]K_A[a@Ia@Eg@Do@T_@Ra@VQPQVoAhC[j@m@nAa@|@K\[nAgAjDs@`C_@bAWf@CFCNAJWf@Wd@KVIPIRK\ADCN@X@d@ODUHMHKHSRKN_A[aE{AsBq@QGEAECBW@G@O@IDe@L}@Lu@Jw@DWVwAzBwLz@mERiAd@qCLo@@EHe@EGKSCGg@iBIUMMMMQGSKk@S?}CFqH?_@@SBMBSFOFOHOxAmClAuBVa@PWLSLWNYFOFQFQFQFSH[FWFUF[FWF]H_@F_@DSD_@@Q@S@W?S?WAc@?g@Ag@Cg@Ce@Ee@M_BEu@Gq@w@J_@F??^Gv@K[gEc@J]JYF_AL[D}Fr@u@J{@Jk@@NnE~Cc@??FCBEXEB?H?BDJZ^fB_@gBK[CEI?C?YDCDGB_Db@OoEj@Az@Kt@K|Fs@ZE~@MXG\Kb@KZfEFp@Dt@L~ADd@Bd@Bf@@f@?f@@b@?V?RAVARAPE^ERG^I^G\GVGZGTGVIZGRGPGPGPGNOXMVMRQVW`@mAtByAlCINGNGNCRCLAR?^GpH?|Cj@RRJPFLLLLHTf@hBBFJRDFN[Xs@jAgCtBaEzCqGlAuCHUz@t@	Click to Generate
S26	60	1			3	Carter Hall Road, Charnock (S26)	Charnock Hall Road (S26)	The Admiral (S26)	6930	5198	kbsdId~tGPbAPlA@HBR`@?P?^@f@@h@H`AHVBF?^DrANZBN@lBRr@Jv@HTFZJb@Nb@R^Tb@^PPl@n@~@dAVJHBJ@FBH@F?JCH?\m@V[TUBEj@g@LMJKNOJKHIFIFOHUDQLe@Jm@BOf@qCd@}BtAiHNy@Lu@Jo@Jw@PkB@ILcBDBD@PFrBp@hAb@vBv@~@ZJORSJILITINEx@Gx@GPAN@LFPPLTFJDNPr@FXBFH\Rx@Lb@Jb@?BFXDd@?X?ZE\iA|GG^Kb@GRGXU|@IZS~@c@~BiBeA[MECgC}@k@So@U_A]o@SiC}@k@Ug@Qg@Qu@YQEC?d@}BtAiHNy@Lu@Jo@Jw@PkB@ILcBBW@G@O@IDe@L}@Lu@Jw@DWVwAzBwLz@mERiAd@qCLo@@EHe@EGKSCGg@iBIUMMMMQGSKk@Sc@Os@YGEcCkA{@g@SKqBy@_D_BqCuAuAs@[QGC{@a@QKCECCAEACAIAE?I@K@M@OCEAEAGAEMgAEOEUKUIQKKOMgHiDkCoAmCoAkCsAo@Yq@[_@QCCCCACGMfAcBVa@p@gAj@{@LUj@y@HKzCcFT]DGDI`@o@N\_EpGUZA@EBE?KMIJk@x@MTk@z@q@fAW`@gAbBMTe@r@eAdBiAlBiAnBOXKPgBfDWb@OXKPINCFe@x@CFIPEHEFGL[j@c@z@Yr@i@jAUl@e@jAITO^K\CFIPFHDFBF`@~@JVN\BDLZBHZr@hApCtAdD\~@f@`BTv@@DHXT`A?Dt@xCj@xBTbAH\H^r@lCLf@XlAp@rCTbA`@rBjAxGhAdH?@	Click to Generate
S26	60	1			3	Outwood Academy City (S26)	The Strad (S26)	Grayson's Plumbing & Heating Supplies (S26)	5398	4048	eatdIlooG??Dc@@IVFD?@@DAA[?IAo@CaAAm@CiACsAAyA?wA?S?mA?}A?s@?eB?U?y@?[?g@?E?O?Y?QAe@AMEWCUM]Q]A?EECCGKCKAI?I?I?M@E@SBg@BYHc@BW@[B[@W?WAq@IqCA]CYCSWoBS}AGa@My@WyAUuAIF]Ty@p@m@l@i@n@EI]w@[w@_@s@_@o@U]q@}@SQMIKGMCYGk@I]EG`C?HCjAC|@?x@AXAjB?~A?~@?~C?t@BH?T?NCL?f@?J?R@JPxE@R?NBx@?R?H@V@|@L?@?F?FEBI?YCa@?QDKJEPAj@JN@LCVEREX@HDDJ@T?|E@n@LdB?p@?jA?pAAjBG~BI`BHaBF_C@kB?}C?q@MeBAo@?}EAUEKIEYASDWDMBOAk@KQ@KDEJ?PB`@?XCHGDG?A?M??T?B@d@@b@@fA@t@?\Az@I?s@Ei@AM@GFETA^G~BA`AE|@Gn@In@Kl@GXIGCCEECHCJMVMKCFEDAF@FADGNg@|Ag@~AABYz@GFG?]AAZ?N`@@ZBD?D@`@sABMHUL_@Nc@HWb@uABI\gAFYJm@Ho@Fo@D}@@aAF_C@_@DUFGLAh@@r@DH?@{@?]Au@AgAAc@Ae@?C?UA}@AW?I?SCy@?OASQyEAK?S?K?g@BM?O?UCI?u@?_D?_A?_B@kB@Y?y@B}@BkA?IFaC\Dj@HXFLBJFLHRPp@|@T\^n@^r@Zv@\v@DHh@o@l@m@x@q@\UHGTtAVxALx@F`@R|AVnBBRBX@\HpC@p@?VAVCZAZCV?T@N@JBLHJFPDDBDDHBP@H?HAHAJAR?VBh@?p@@L@d@?P?X?N?D?f@?Z?x@?T?dB?r@?|A?lA?R?vA@xABrABhA@l@B`A@n@?H@ZE@AAE?WGAHEb@??	Click to Generate
S26	45	1			3	The Strad (S26)	Outwood Academy City (S26)	Stradbroke Community Centre (S26)	3990	2992	oaudIfmoGL_@f@_Bf@}AFO@EAG@GDEBGLJLWBKBIDDBBHFFYJm@Ho@Fo@D}@@aAF_C@_@DUFGLAh@@r@DH?@{@?]Au@AgAAc@Ae@?C?UL?@?F?FEBI?YCa@?QDKJEPAj@JN@LCVEREX@HDDJ@T?|E@n@LdB?p@?jA?pAAjBG~BI`BHaBF_C@kB?}C?q@MeBAo@?}EAUEKIEYASDWDMBOAk@KQ@KDEJ?PB`@?XCHGDG?A?M??T?B@d@@b@@fA@t@?\Az@ExCGtDAZCf@Gt@M|@Mp@IXIXQd@ITUp@qAxDOb@GRKZKf@Kn@Kp@SpAM~@SbAWpAGTYhAg@nBSt@Ur@Qj@Qj@CHGRy@fDIZU~@c@dB_@`B[nAeAnEENCLe@k@EEi@}@k@gACEUe@FMp@}BDQ?KUu@Ka@CYA[?_@?UBYDSDSDMFCFUTULOc@d@GTGBELERERCX?T?^@ZBXJ`@Tt@?JEPq@|BGLTd@BDj@fAh@|@DDd@j@BMDOdAoEZoA^aBb@eBT_AH[x@gDEGa@k@OWMUU[S[DMZ{@f@{AZcAPw@BKbAmFNq@\kBHc@f@wBEAE?[Ca@A?O@[\@F?FGL_@	Click to Generate
S26	45	1			3	Charnock Hall Road (S26)	Carter Hall Lane (S26)	Carter Hall Road, Charnock (S26)	3650	2738	aipdIbjtGKq@EQUc@KVO^}BbGw@pBELEJQd@K\}@tEKZMVKLOHUDQ?QE_Ao@hA}GD]?[?YEe@GY?CKc@Mc@Sy@I]CGGYQs@EOGKMUQQMGOAQ@y@Fy@FAe@AYBO@EJ]HSHQJWVe@Vg@@KBOBGVg@^cAr@aCfAkDZoAJ]`@}@l@oAZk@nAiCPWPQ`@W^Sn@U^CFA`@D`@H~@Z\J?n@@HHPIQAI?o@]K_A[a@Ia@Eg@Do@T_@Ra@VQPQVoAhC[j@m@nAa@|@K\[nAgAjDs@`C_@bAWf@CFCNAJWf@Wd@KVIPIRK\ADCN@X@d@ODUHMHKHSRKNq@rAO\KVKZOf@_AtCuBeCKKOKx@}HhAb@vBv@~@ZJORSJILITINEx@Gx@GPAN@LFPPLTFJDNPr@p@i@TYNYhBaFBGlCiHPc@HOLIHENAJBLJHJJTd@nAVv@^nAJ\D^?ZA\CVIXq@hBIRTb@DPJp@	Click to Generate
S26	20	1			3	Frecheville Post Office (S26)	St Cyprian (S26)	The Co-operative Food (S26)	2000	1500	gyrdIpxpGiBxCW\EBE?KMzCcFT]DGDI`@o@V_@V_@d@q@n@aAJOl@_ANU`@q@DJ@H?JAHuBfDMT_@n@E@A@C?IEMKW^W^N\Zz@N\L\N\rAfD^k@tBeD^k@z@uAtBeDsAgDnB}CZg@pDuFyAoDo@`AuAxBm@|@GJEFEH{@rAc@r@eAdB_@h@e@t@a@p@OTm@~@KNo@`Ae@p@W^W^N\uAvB	Click to Generate
S26	20	1			3	The Birley (S26)	Safa (S26)	St Cyprian (S26)	1694	1270	izrdI`zpGgAhBW\EBE?KMzCcFT]DGDI`@o@V_@V_@LJHDB?@AZv@JTHTYd@M@KMGEI?MP[{@O]V_@V_@d@q@n@aAJOk@oAACi@uAh@tAl@rAKNo@`Ae@p@W^W^N\Zz@N\L\N\l@}@pD{FPYr@cA`AaBrAfDuBdD{@tA_@j@uBdD_@j@sAgDO]M]O][{@wBfD	Click to Generate
S26	60	1			3	Birley Moor Garden Centre (S26)	Birley Moor Fire Station (S26)	Ridgeway Primary School (S26)	5558	4168	umpdIpxmGGFE?ECEKIm@?OBQFWBS?OAMCKCG[y@oCdERb@LPD?DC??NUOTEBE?MQSc@{A~BgHvKi@z@`@`AL\@T]f@OAGK??FJN@\g@AUM]a@aAh@{@fHwKzA_CnCeE`FyHvBsD~@eBrBkELULSRSxBwBTSHKJKxD_GFLHTDZB`@BpA?HBhCBdABvCBj@Bh@Fn@Dh@Jl@Hf@x@fFLbAPhBHz@@T@`@@`@?D?ZAZE`@EZOh@}@jCaAjCw@hBSh@ADI\EJMl@SlAU|ASbBMlAWvEG~@AXAJUbDDJJb@FNF@PHxArAdB`Bb@^j@h@DBh@\`@RXJB@PJRJTPVZ`@h@]zCw@Uw@WIC@ERaBF{@Bu@CAYK_@QAAi@]ECk@i@c@_@eBaByAsAQIGAGOKc@EKTcD@K@YF_AVwELmARcBT}ARmALm@DKH]@ERi@v@iB`AkC|@kCNi@D[Da@@[?[?EAa@Aa@AUI{@QiBMcAy@gFIg@Km@Ei@Go@Ci@Ck@CwCCeACiC?ICqACa@E[IUGMyD~FKJIJURyBvBSRMRMTsBjE_AdBwBrDaFxHZx@BFBJ@L?NCRGVCP?NHl@DJDBD?FG	Click to Generate
S26	30	1			3	The Birley Academy (S26)	The Fairway (S26)	Birley Wood Golf Club (S26)	2101	1576	_bqdItxpG^Gv@K[gEc@J]JYF_AL[D}Fr@u@J{@Jk@@NnE~Cc@??FCBEXEB?H?BDJZ^fB_@gBK[CEI?C?YDCDGB_Db@OoEj@Az@Kt@K|Fs@ZE~@MXG\Kb@KI_AGg@AOAICUEo@AUEk@?ECc@Ew@AKAS?YCmBA{@Aa@?UAUAWEk@AW@AB???TI\C??]BLxAz@J??{@KMyAUH??C?A@@VDj@@V@T?T@`@@z@BlB?X@R@JDv@Bb@?DDj@@TDn@BT@H@NFf@H~@ZfEw@J_@F	Click to Generate
S26	20	1			3	Meraki (S26)	Frecheville Post Office (S26)	St Cyprian (S26)	1866	1400	q|rdIj}pG??W\EBE?KMzCcFT]DGDI`@o@N\m@~@qCpEW\EBE?KMzCcFT]DGDI`@o@V_@V_@d@q@n@aAJOl@_ANU`@q@DJ@H?JAHuBfDMT_@n@E@A@C?IEMKW^W^N\Zz@N\L\N\l@}@pD{FPYr@cA`AaBrAfDuBdD{@tA_@j@uBdD_@j@sAgDO]M]O][{@_EpG	Click to Generate
S26	30	1			3	Grandpa Joe's Potting Shed (S26)	Birley Caravan Storage (S26)	UK Welder (S26)	2996	2247	qaqdIjnnGFJN@\g@AUM]a@aAh@{@fHwKzA_CRb@Y`@ADAF@HHVNb@Rd@BJDBDBFAZMFAD?E?G@[LG@ECECCKc@iAIWAI@G@EXa@Sc@nCeEZx@BFBJ@L?NCRGVCP?NHl@DJDBD?FG??GFE?ECEKIm@?OBQFWBS?OAMCKCG[y@oCdE{A~BgHvKi@z@KN_@h@KNEFW^CBLXDJDHJd@Jd@Jf@@LF`ABz@@|@?v@Al@Ep@Et@Gx@Ed@Af@Af@?|@@v@?d@Ab@CdBA`@AX?ZAZ?\@V@d@?TB`@@\A@C?E@M@M@Y?_A@gAB]@e@H_@JC?KBYJUFq@Zo@^SkAUeASaAQ{@Ms@IYG[Qm@AEOg@EKCKISUk@AEEIGIEKJQjPwV`@m@FIFIBEFKBCV_@DGJO^i@JO`@`AL\@T]f@OAGK	Click to Generate
S26	30	1			3	Birley Caravan Storage (S26)	Birley Moor Fire Station (S26)	The Fairway (S26)	2450	1838	qrpdIxxmGEBE?MQSc@nCeEZx@BFBJ@L?NCRGVCP?NHl@DJDBD?FG??GFE?ECEKIm@?OBQFWBS?OAMCKCG[y@oCdE{A~BgHvKi@z@`@`AL\@T]f@OAGK??FJN@\g@AUM]a@aAKN_@h@KNEFW^CBLXDJDHJd@Jd@Jf@@LF`ABz@@|@?v@Al@Ep@Et@Gx@Ed@Af@Af@?|@@v@?d@Ab@CdBA`@AX?ZAZ?\@V@d@?TB`@@\HbA@P@AB???TI\C??]BUH??C?A@AQIcAA]Ca@?UAe@AW?]@[?[@Y@a@BeB@c@?e@Aw@?}@@g@@g@De@Fy@Du@Dq@@m@?w@A}@C{@GaAAMKg@Ke@U[EGEMKWFKBCV_@DGJO^i@JOh@{@fHwKzA_CRb@LPD?DC	Click to Generate
S26	30	1			3	The Birley Academy (S26)	St Cyprian (S26)	Frecheville Library (S26)	2659	1994	}}qdIplqGL\H\?J?JAHCFCJGDo@p@kAuFEKCIBY@[?sE?o@x@BD?x@B\@\AXGFAXK^UTOHGZMZGF?|BW~Cc@??FCBEXEB?H?BDJZ^fB_@gBK[CEI?C?YDCDGB_Db@OoEe@C[IUGME[QUOCA[W_@c@[g@]c@]]UKSKC?GC_AWADc@jGKjAMOKOMYYs@IWoA{CuBdD{@tA_@j@uBdD_@j@sAgDl@}@t@mAzBmDPYr@cA`AaBrAfDnAzCHVXr@LXJNLNAZA`@An@?j@AzA?n@?rEAZCXBHDJjAtFn@q@FEBKBG@I?K?KI]M]	Click to Generate
S26	20	1			3	Birley Spa Primary Academy (S26)	Spa View Community Church (S26)	GoLocal (S26)	2042	1532	oordIx{mGZ@d@AJ?VN`@d@^d@Xf@h@lABFD@JIFGVj@l@fAu@fBMP_@l@SZKSEIIEI?GFU^y@qBEEEAEFsArBrAsBDGD@DDRf@d@hAT_@FGH?HDDHJRMRc@p@CHCHETCT?TBZHX\v@Pb@N`@`CdGVa@LSNUdA}ALONKPGPCb@@`@??}@@qBQ_@QYm@cAGI{@sASYm@_AGKa@o@L_@Jc@DSBKD]@IDa@@_@@a@@i@?a@@_@B]KEGAE?G@CAEACG?E?GAGGKUOTNFJ??@F?F?DBFD@B@FAD?F@JDC\A^?`@Ah@A`@A^E`@AHPXJL^`@e@pAK@K^GKa@o@Wg@m@gAWk@GFKHEACGi@mAYg@_@e@a@e@WOK?e@@[A	Click to Generate
S26	20	1			3	Birley Spa (S26)	Golden Plover (S26)	Spa View Community Church (S26)	1967	1475	alrdItinGd@hAT_@FGH?HDDHJRMRc@p@CHCHETCT?TBZHX\v@Pb@N`@`CdGVa@LSNUdA}ALONKPGPCb@@`@??}@@qBQ_@QYm@cAGI{@sASYm@_AGKa@o@Wg@m@gAWk@GFKHEACGi@mAYg@_@e@a@e@WOK?e@@[AO?E?e@Ed@DD?j@@d@AJ?VN`@d@^d@Xf@h@lABFD@JIFGVj@l@fAVf@`@n@FJJ_@JATo@Na@k@o@QY@IDa@@_@@a@@i@?a@@_@B]KEGAE?G@CAEACG?E?GAGGKUOTNFJ??@F?F?DBFD@B@FAD?F@JDC\A^?`@Ah@A`@A^E`@AHE\CJERKb@M^Wg@u@fBMP_@l@SZKSEIIEI?GFU^e@iA	Click to Generate
S26	60	1			3	The Fairway (S26)	Birley Health Centre (S26)	The Phoenix Inn (S26)	5254	3940	g_qdIx|oG{@KMyA\C??]BUH??C?A@@VDj@@V@T?T@`@@z@BlB?X@R@JDv@Bb@?DDj@@TDn@BT@H@NFf@H~@ZfEw@J_@F??^Gv@KFp@Dt@L~ADd@Bd@Bf@@f@?f@@b@?V?RAVARAPE^ERG^I^G\GVGZGTGVIZGRGPGPGPGNOXMVMRQVW`@mAtByAlCINGNGNCRCLAR?^GpH?|Cj@RRJPFLLLLHTf@hBBFJRDFN[Xs@jAgCtBaEzCqGlAuCHUj@_BFQfDkLv@qCb@_Bf@_Bx@mChAsD`A_Dt@cDToATwAL_AJw@Ho@BURuALcADYTNUfC@HBHRZJJLJPHQIMKKKKQGICIAITgCUOEXMbAStACTIn@Kv@M~@UvAUnAu@bDaA~CiArDy@lCg@~Ac@~Aw@pCgDjLGPk@~AITmAtC{CpGuB`EkAfCYr@OZEGKSCGg@iBIUMMMMQGSKk@S?}CFqH?_@@SBMBSFOFOHOxAmClAuBVa@PWLSLWNYFOFQFQFQFSH[FWFUF[FWF]H_@F_@DSD_@@Q@S@W?S?WAc@?g@Ag@Cg@Ce@Ee@M_BEu@Gq@[gEI_AGg@AOAICUEo@AUEk@?ECc@Ew@AKAS?YCmBA{@Aa@?UAUAWEk@AW@AB???TILxAz@J	Click to Generate
S26	20	1			3	Golden City (S26)	The Sherwood (S26)	St Cyprian (S26)	1787	1340	q{rdI|{pG_@l@W\EBE?KMzCcFT]DGDI`@o@N\U\iDrFW\EBE?KMzCcFT]DGDI`@o@V_@V_@d@q@IUCE?OOVEC[s@?Ac@r@\t@`@s@DBNW?NBDHTe@p@W^W^N\Zz@N\L\N\l@}@pD{FPYr@cA`AaBrAfDuBdD{@tA_@j@uBdD_@j@sAgDO]M]O][{@_DbF	Click to Generate
S26	60	1			3	View from Carter Hall Lane to Sunny Bank (S26)	Arnold Avenue in Charnock Hall (S26)	Charnock Hall Road (S26)	5234	3926	ckpdIp`sG_@Bo@T_@Ra@VQPQVoAhC[j@m@nAa@|@K\[nAgAjDs@`C_@bAWf@CFCNAJWf@Wd@KVIPIRK\ADCN@X@d@ODUHMHKHSRKN_A[aE{AsBq@QGEAECBW@G@O@IDe@L}@Lu@Jw@DWVwAzBwLz@mERiAd@qCLo@@EHe@N[Xs@jAgCtBaEzCqGlAuCHUz@t@??{@u@ITmAtC{CpGuB`EkAfCYr@OZId@ADMn@e@pCShA{@lE{BvLWvAEVKv@Mt@M|@Ed@AHANAFCVDBD@PFrBp@`EzA~@ZJORSJILITINEx@Gx@GPAN@LFPPLTFJDNPr@p@i@TYNYhBaFBGlCiHPc@HOLIHENAJBLJHJJTd@nAVv@^nAJ\D^?ZA\CVIXq@hBIRTb@DPJp@Ff@TbB?L?NABCJQf@[dAGLEHGDG@G@IC_BqAKMOQw@pBELEJQd@K\}@tEKZMVKLOHUDQ?QE_Ao@hA}GD]?[?YEe@GY?CKc@Mc@Sy@I]CGGYQs@EOGKMUQQMGOAQ@y@Fy@FAe@AYBO@EJ]HSHQJWVe@Vg@@KBOBGVg@^cAr@aCfAkDZoAJ]`@}@l@oAZk@nAiCPWPQ`@W^Sn@U^C	Click to Generate
S26	45	1			3	Charnock Hall Road (S26)	Arnold Avenue in Charnock Hall (S26)	Carter Hall Lane (S26)	3396	2547	qiqdIdgtGvBv@~@ZJORSJILITINEx@Gx@GPAN@LFPPLTFJDNPr@FXBFH\Rx@Lb@Jb@?BFXDd@?X?ZE\iA|G~@n@PDP?TENIJMLWJ[|@uEJ]Pe@DKDMv@qBNPJL~ApAHBFAFAFEDIFMZeAPg@BK@C?O?MUcBGg@Kq@EQUc@HSp@iBHYBW@]?[E_@K]_@oAWw@e@oAKUIKMKKCO@IDMHINQb@mChHCFiB`FOXUXq@h@Qs@EOGKMUQQMGOAQ@y@Fy@FAe@AYBO@EJ]HSHQJWVe@Vg@@KBOBGVg@^cAr@aCfAkDZoAJ]`@}@l@oAZk@nAiCPWPQ`@W^Sn@U^CFA`@D`@H~@Z\J?n@@HHPIQAI?o@]K_A[a@Ia@Eg@Do@T_@Ra@VQPQVoAhC[j@m@nAa@|@K\[nAgAjDs@`C_@bAWf@CFCNAJWf@Wd@KVIPIRK\ADCN@X@d@ODUHMHKHSRKN_A[wBw@	Click to Generate
S26	45	1			3	Arnold Avenue in Charnock Hall (S26)	Carter Hall Road, Charnock (S26)	Carter Hall Lane (S26)	3693	2770	qwpdIbqtG?BFXDd@?X?ZE\iA|G~@n@PDP?TENIJMLWJ[|@uEJ]Pe@DKDMv@qBNPJL~ApAHBFAFAFEDIFMZeAPg@BK@C?O?MUcBGg@Kq@EQUc@HSp@iBHYBW@]?[E_@K]_@oAWw@e@oAKUIKMKKCO@IDMHINQb@mChHCFiB`FOXUXq@h@Qs@EOGKMUQQMGOAQ@y@Fy@FODUHMHKHSRKNq@rAO\KVKZOf@_AtCuBeCKKOKx@}HhAb@vBv@~@ZJORSJILITINEAe@AYBO@EJ]HSHQJWVe@Vg@@KBOBGVg@^cAr@aCfAkDZoAJ]`@}@l@oAZk@nAiCPWPQ`@W^Sn@U^CFA`@D`@H~@Z\J?n@@HHPIQAI?o@]K_A[a@Ia@Eg@Do@T_@Ra@VQPQVoAhC[j@m@nAa@|@K\[nAgAjDs@`C_@bAWf@CFCNAJWf@Wd@KVIPIRK\ADCN@X@d@x@Gx@GPAN@LFPPLTFJDNPr@FXBFH\Rx@Lb@Jb@	Click to Generate
S26	20	1			3	Safa (S26)	Meraki (S26)	St Cyprian (S26)	1531	1148	cqrdIbupGu@lAm@|@O]M]O][{@O]V_@V_@d@q@n@aAJOk@oAACi@uAh@tAl@rAKNo@`Ae@p@W^W^N\m@~@qCpEW\EBE?KMzCcFT]DGDI`@o@N\Zz@N\L\N\rAfD^k@tBeD^k@z@uAtBeDsAgDaA`Bs@bAQX{BlD	Click to Generate
S26	20	1			3	The Birley (S26)	Safa (S26)	St Cyprian (S26)	1694	1270	}yrdIpypGsAxBW\EBE?KMzCcFT]DGDI`@o@V_@V_@LJHDB?@AZv@JTHTYd@M@KMGEI?MP[{@O]V_@V_@d@q@n@aAJOk@oAACi@uAh@tAl@rAKNo@`Ae@p@W^W^N\Zz@N\L\N\l@}@pD{FPYr@cA`AaBrAfDuBdD{@tA_@j@uBdD_@j@sAgDO]M]O][{@kBvC	Click to Generate
S26	20	1			3	Meraki (S26)	St Cyprian (S26)	Kieu’s Nails (S26)	1657	1243	msrdIxppG_@n@E@A@C?IEMKW^W^N\m@~@qCpEW\EBE?KMzCcFT]DGDI`@o@N\Zz@N\L\N\l@}@pD{FPYr@cA`AaBrAfDuBdD{@tA_@j@uBdD_@j@sAgDO]M]O][{@{DhGCFW\EBE?KMzCcFT]DGDI`@o@V_@V_@LJHDB?@ADA^o@	Click to Generate
S26	15	1			3	Bullie Ink Tattoo Collective (S26)	The Sherwood (S26)	St Cyprian (S26)	1437	1078	gwrdIvupGiCdE_@l@W\EBE?KMzCcFT]DGDI`@o@V_@V_@d@q@IUCE?OOVEC[s@?Ac@r@\t@`@s@DBNW?NBDHTe@p@W^W^N\Zz@N\L\N\l@}@pD{FPYr@cA`AaBrAfDuBdD{@tA_@j@uBdD_@j@sAgDO]M]O][{@U\	Click to Generate
S26	30	1			3	Spa View Community Church (S26)	Birley Spa Primary Academy (S26)	Birley Spa (S26)	2145	1609	oardIhfnGNa@k@o@QY@IDa@@_@@a@@i@?a@@_@B]KEGAE?G@CAEACG?E?GAGGKUOTNFJ??@F?F?DBFD@B@FAD?F@JDC\A^?`@Ah@A`@A^E`@AHE\CJERKb@M^Wg@u@fBMP_@l@SZKSEIIEI?GFU^y@qBEEEAEFsArBrAsBDGD@DDRf@d@hAT_@FGH?HDDHJRMRc@p@CHCHETCT?TBZHX\v@Pb@N`@`CdGVa@LSNUdA}ALONKPGPCb@@`@??}@@qBQ_@QYm@cAGI{@sASYm@_AGKa@o@Wg@m@gAWk@GFKHEACGi@mAYg@_@e@a@e@WOK?e@@[AO?E?e@Ed@DD?j@@d@AJ?VN`@d@^d@Xf@h@lABFD@JIFGVj@l@fAVf@`@n@FJJ_@JATo@	Click to Generate
S26	30	1			3	Spa View Community Church (S26)	Birley Spa Primary Academy (S26)	Birley Spa (S26)	2110	1582	_brdIddnGKMQY@IDa@@_@@a@@i@?a@@_@B]KEGAE?G@CAEACG?E?GAGGKUOTNFJ??@F?F?DBFD@B@FAD?F@JDC\A^?`@Ah@A`@A^E`@AHE\CJERKb@M^Wg@u@fBMP_@l@SZKSEIIEI?GFU^y@qBEEEAEFsArBrAsBDGD@DDRf@d@hAT_@FGH?HDDHJRMRc@p@CHCHETCT?TBZHX\v@Pb@N`@`CdGVa@LSNUdA}ALONKPGPCb@@`@??}@@qBQ_@QYm@cAGI{@sASYm@_AGKa@o@Wg@m@gAWk@GFKHEACGi@mAYg@_@e@a@e@WOK?e@@[AO?E?e@Ed@DD?j@@d@AJ?VN`@d@^d@Xf@h@lABFD@JIFGVj@l@fAVf@L_@Jc@DSBKD]PXJL	Click to Generate
S26	30	1			3	Birley Caravan Storage (S26)	Birley Moor Fire Station (S26)	The Fairway (S26)	2522	1892	mspdI`|mGOc@IWAI@G@EXa@Sc@nCeEZx@BFBJ@L?NCRGVCP?NHl@DJDBD?FG??GFE?ECEKIm@?OBQFWBS?OAMCKCG[y@oCdE{A~BgHvKi@z@`@`AL\@T]f@OAGK??FJN@\g@AUM]a@aAKN_@h@KNEFW^CBLXDJDHJd@Jd@Jf@@LF`ABz@@|@?v@Al@Ep@Et@Gx@Ed@Af@Af@?|@@v@?d@Ab@CdBA`@AX?ZAZ?\@V@d@?TB`@@\HbA@P@AB???TI\C??]BUH??C?A@AQIcAA]Ca@?UAe@AW?]@[?[@Y@a@BeB@c@?e@Aw@?}@@g@@g@De@Fy@Du@Dq@@m@?w@A}@C{@GaAAMKg@Ke@U[EGEMKWFKBCV_@DGJO^i@JOh@{@fHwKzA_CRb@Y`@ADAF@HHVNb@	Click to Generate
S26	45	1			3	The Strad (S26)	Outwood Academy City (S26)	Stradbroke Community Centre (S26)	3990	2992	caudIjloG@Cf@_Bf@}AFO@EAG@GDEBGLJLWBKBIDDBBHFFYJm@Ho@Fo@D}@@aAF_C@_@DUFGLAh@@r@DH?@{@?]Au@AgAAc@Ae@?C?UL?@?F?FEBI?YCa@?QDKJEPAj@JN@LCVEREX@HDDJ@T?|E@n@LdB?p@?jA?pAAjBG~BI`BHaBF_C@kB?}C?q@MeBAo@?}EAUEKIEYASDWDMBOAk@KQ@KDEJ?PB`@?XCHGDG?A?M??T?B@d@@b@@fA@t@?\Az@ExCGtDAZCf@Gt@M|@Mp@IXIXQd@ITUp@qAxDOb@GRKZKf@Kn@Kp@SpAM~@SbAWpAGTYhAg@nBSt@Ur@Qj@Qj@CHGRy@fDIZU~@c@dB_@`B[nAeAnEENCLe@k@EEi@}@k@gACEUe@FMp@}BDQ?KUu@Ka@CYA[?_@?UBYDSDSDMFCFUTULOc@d@GTGBELERERCX?T?^@ZBXJ`@Tt@?JEPq@|BGLTd@BDj@fAh@|@DDd@j@BMDOdAoEZoA^aBb@eBT_AH[x@gDEGa@k@OWMUU[S[DMZ{@f@{AZcAPw@BKbAmFNq@\kBHc@f@wBEAE?[Ca@A?O@[\@F?FGX{@	Click to Generate
S26	20	1			3	The Admiral (S26)	Frecheville Post Office (S26)	St Cyprian (S26)	1515	1136	yxrdI~wpGwBjDUZA@EBE?KMzCcFT]DGDI`@o@V_@V_@d@q@n@aAJOl@_ANU`@q@DJ@H?JAHuBfDMT_@n@E@A@C?IEMKW^W^N\Zz@N\L\N\l@}@pD{FPYr@cA`AaBrAfDuBdD{@tA_@j@uBdD_@j@sAgDO]M]O][{@gAdB	Click to Generate
S26	20	1			3	Frecheville Post Office (S26)	St Cyprian (S26)	The Co-operative Food (S26)	2000	1500	_yrdIfxpGqBbDW\EBE?KMzCcFT]DGDI`@o@V_@V_@d@q@n@aAJOl@_ANU`@q@DJ@H?JAHuBfDMT_@n@E@A@C?IEMKW^W^N\Zz@N\L\N\rAfD^k@tBeD^k@z@uAtBeDsAgDnB}CZg@pDuFyAoDo@`AuAxBm@|@GJEFEH{@rAc@r@eAdB_@h@e@t@a@p@OTm@~@KNo@`Ae@p@W^W^N\mAlB	Click to Generate
S26	60	1			3	Outwood Academy City (S26)	Stradbroke Community Centre (S26)	WD Motors (S26)	7641	5731	_`udIvioGDOf@}AFO@ETXBBDDBI\gAFYJm@Ho@Fo@D}@@aAF_C@_@DUFGLAh@@r@DH?@{@?]Au@AgAAc@Ae@?C?UL?@?F?FEBI?YCa@?QDKJEPAj@JN@LCVEREX@HDDJ@T?|E@n@LdB?p@?jA?pAAjBG~BI`BHaBF_C@kB?}C?q@MeBAo@?}EAUEKIEYASDWDMBOAk@KQ@KDEJ?PB`@?XCHGDG?A?M??T?B@d@@b@@fA@t@?\Az@ExCGtDAZCf@Gt@M|@Mp@IXIXQd@ITUp@qAxDOb@GRKZKf@Kn@Kp@SpAM~@SbAWpAGTYhAg@nBSt@Ur@Qj@Qj@CHGRy@fDIZU~@c@dB_@`B[nAeAnEENCLe@k@EEi@}@k@gACEUe@FMp@}BDQ?KUu@Ka@CYA[?_@?UBYDSDSDMFCFUTULOc@d@GTGBELERERCX?T?^@ZBXJ`@Tt@?JEPq@|BGLTd@BDj@fAh@|@DDd@j@Z\^d@\n@Zr@\x@FLFJZh@BDFJBFDFDDf@t@HLX^T\Rd@Vd@Pb@Tp@Tv@T`At@bCl@fCZtAPbARbAV~APnAPvADd@@L??@\@T@N?P?VAf@Ad@MjCF@D?@?DCDEDIDQv@iDh@wBPu@Jq@XqCj@uFHs@De@rC{Wn@_GLgAHg@BYLy@NkAxAaJ@CJs@d@sCD]LeANaA^yBTmAn@sDXgBHk@Hc@Da@BY@]?g@Ac@?GA[E@AAE?WGAHEb@??E^ERETEl@Iz@KhAC`ABaAJiAH{@Dm@DUDSD_@Dc@@IVFD?@@DAA[?IAo@CaAAm@CiACsAAyA?wA?S?mA?}A?s@?eB?U?y@?[?g@?E?O?Y?QAe@AMEWCUM]Q]A?EECCGKCKAI?I?I?M@E@SBg@BYHc@BW@[B[@W?WAq@IqCA]CYCSWoBS}AGa@My@WyAUuAIF]Ty@p@m@l@i@n@EI]w@[w@_@s@_@o@U]q@}@SQMIKGMCYGk@I]EG`C?HCjAC|@?x@AXAjB?~A?~@?~C?t@BH?T?NCL?f@?J?R@JPxE@R?NBx@?R?H@V@|@?T?B@d@@b@@fA@t@?\Az@I?s@Ei@AM@GFETA^G~BA`AE|@Gn@In@Kl@GX]fACHEECCUYADGNg@|AEN	Click to Generate
S26	30	1			3	Birley Spa Primary Academy (S26)	Birley Spa (S26)	Our Lady of Lourdes (S26)	2496	1872	ubrdIpanG??E`@AHE\CJERKb@M^Wg@u@fBMP_@l@SZKSEIIEI?GFU^y@qBEEEAEFsArBrAsBDGD@DDRf@d@hAT_@FGH?HDDHJRMRc@p@CHCHETCT?TBZHX\v@Pb@N`@`CdGVa@LSNUdA}ALONKPGPCb@@`@??}@@qBQ_@QYm@cAGI{@sASYm@_AGKa@o@Wg@m@gAWk@GFKHEACGi@mAYg@_@e@a@e@WOK?e@@[AO?E?e@Ed@DD?j@@d@AJ?VN`@d@^d@Xf@h@lABFD@JIFGVj@l@fAVf@L_@Jc@DSBKD]@IDa@@_@@a@@i@?a@@_@B]Fa@?ABQNyAPoAb@sDHo@@IDQHSHOPQNIBLBVF\Ld@L^Vj@lAhByBjFIPIReA`CSWMOMEMCOAO?Ah@A`@A^	Click to Generate
S26	20	1			3	Meraki (S26)	Frecheville Post Office (S26)	St Cyprian (S26)	1866	1400	m|rdIb}pGCFW\EBE?KMzCcFT]DGDI`@o@N\m@~@qCpEW\EBE?KMzCcFT]DGDI`@o@V_@V_@d@q@n@aAJOl@_ANU`@q@DJ@H?JAHuBfDMT_@n@E@A@C?IEMKW^W^N\Zz@N\L\N\l@}@pD{FPYr@cA`AaBrAfDuBdD{@tA_@j@uBdD_@j@sAgDO]M]O][{@{DhG	Click to Generate
S26	20	1			3	The Fairway (S26)	Birley Health Centre (S26)	The Birley Academy (S26)	2045	1534	mnqdIjyoGDCTGXKNC^Kd@I\AfAC~@AX?LALADAB?@AHbA@P@AB???TI\C??]BUH??C?A@@VDj@@V@T?T@`@@z@BlB?X@R@JDv@Bb@?DDj@@TDn@BT@H@NFf@H~@ZfEw@J_@F??^Gv@K[gEc@J]JYF_AL[D}Fr@u@J{@Jk@@NnE~Cc@??FCBEXEB?H?BDJZ^fB_@gBK[CEI?C?YDCDGB_Db@OoEj@Az@Kt@KQmECUAWAYUwECc@I_AMoAOgASsAn@_@j@W	Click to Generate
S26	20	1			3	Meraki (S26)	Frecheville Post Office (S26)	St Cyprian (S26)	1866	1400	y|rdIt}pGOREBE?KMzCcFT]DGDI`@o@N\m@~@qCpEW\EBE?KMzCcFT]DGDI`@o@V_@V_@d@q@n@aAJOl@_ANU`@q@DJ@H?JAHuBfDMT_@n@E@A@C?IEMKW^W^N\Zz@N\L\N\l@}@pD{FPYr@cA`AaBrAfDuBdD{@tA_@j@uBdD_@j@sAgDO]M]O][{@_EpGGH	Click to Generate
S26	20	1			3	The Birley (S26)	Safa (S26)	St Cyprian (S26)	1694	1270	e{rdIj{pGk@~@W\EBE?KMzCcFT]DGDI`@o@V_@V_@LJHDB?@AZv@JTHTYd@M@KMGEI?MP[{@O]V_@V_@d@q@n@aAJOk@oAACi@uAh@tAl@rAKNo@`Ae@p@W^W^N\Zz@N\L\N\l@}@pD{FPYr@cA`AaBrAfDuBdD{@tA_@j@uBdD_@j@sAgDO]M]O][{@sCpE	Click to Generate
S26	20	1			3	Frecheville Post Office (S26)	Kieu’s Nails (S26)	St Cyprian (S26)	1866	1400	_xrdIxvpGqCpEW\EBE?KMzCcFT]DGDI`@o@V_@V_@d@q@n@aAJOl@_ANU`@q@DJ@H?JAHuBfDMT_@n@E@A@C?IEMKW^W^N\{DhGCFW\EBE?KMzCcFT]DGDI`@o@N\Zz@N\L\N\l@}@pD{FPYr@cA`AaBrAfDuBdD{@tA_@j@uBdD_@j@sAgDO]M]O][{@m@~@	Click to Generate
S26	30	1			3	The Fairway (S26)	Birley Health Centre (S26)	The Co-operative Food (S26)	2872	2154	{nqdIryoGRKTGXKNC^Kd@I\AfAC~@AX?LALADAB?@AHbA@P@AB???TI\C??]BUH??C?A@@VDj@@V@T?T@`@@z@BlB?X@R@JDv@Bb@?DDj@@TDn@BT@H@NFf@H~@ZfEw@J_@F??^Gv@K[gEc@J]JYF_AL[D}Fr@u@J{@Jk@@e@C[IUGME[QUOCA[W_@c@[g@]c@]]UKSKC?GC_AWx@_M?SASGSSk@yAoDo@`AuAxBm@|@GJEFEH{@rAc@r@eAdB_@h@e@t@a@p@C[@IDKj@y@DCPF^i@dAeB~AgCDIDGFKl@}@tAyBn@aAz@wABGPUXg@NSV_@Va@FIb@s@FIpAoBJMDJFHDH@DTj@HRBJDJNf@@DPl@FZHXLr@Pz@R`ATdARjAn@_@\O	Click to Generate
S26	20	1			3	Spa View Community Church (S26)	GoLocal (S26)	Birley Spa (S26)	1446	1084	k}qdIrjmGCMOHQPINIREPAHIn@c@rDQnAOxACP?@G`@KEGAE?G@CAEACG?E?GAGGKUOTNFJ??@F?F?DBFD@B@FAD?F@JDC\A^?`@Ah@A`@A^E`@AHPXJL^`@e@pAK@K^GKa@o@Wg@m@gAWk@GFKHEACGi@mAYg@_@e@a@e@WOK?e@@[AO?E?e@Ed@DD?j@@d@AJ?VN`@d@^d@Xf@h@lABFD@JIFGVj@l@fAVf@L_@Jc@DSBKD]@IDa@@_@@a@@i@?a@@_@B]Fa@?ABQNyAPoAb@sDHo@@IDQHSHOPQNIBL	Click to Generate
S26	60	1			3	The Strad (S26)	Grayson's Plumbing & Heating Supplies (S26)	WD Motors (S26)	5342	4006	yntdIpxnG?kA?q@MeBAo@?}EAUEKIEYASDWDMBOAk@KQ@KDEJ?PB`@?XCHGDG?A?M??T?B@d@@b@@fA@t@?\Az@I?s@Ei@AM@GFETA^G~BA`AE|@Gn@In@Kl@GXIGCCEECHCJMVMKCFEDAF@FADGNg@|Ag@~AABYz@GFG?]AAZ?N`@@ZBD?D@`@sABMHUL_@Nc@HWb@uABI\gAFYJm@Ho@Fo@D}@@aAF_C@_@DUFGLAh@@r@DH?@{@?]Au@AgAAc@Ae@?C?UA}@AW?I?SCy@?OASQyEAK?S?K?g@BM?O?UCI?u@?_D?_A?_B@kB@Y?y@B}@BkA?IFaC\Dj@HXFLBJFLHRPp@|@T\^n@^r@Zv@\v@DHh@o@l@m@x@q@\UHGTtAVxALx@F`@R|AVnBBRBX@\HpC@p@?VAVCZAZCV?T@N@JBLHJFPDDBDDHBP@H?HAHAJAR?VBh@?p@@L@d@?P?X?N?D?f@?Z?x@?T?dB?r@?|A?lA?R?vA@xABrABhA@l@B`A@n@?H@ZE@AAE?WGAHEb@??E^ERETEl@Iz@KhAC`ABaAJiAH{@Dm@DUDSD_@Dc@@IVFD?@@DAA[?IAo@CaAAm@CiACsAAyA?wA?S?mA?}A?s@?eB?U?y@?[?g@?E?O?Y?QAe@AMEWCUM]Q]A?EECCGKCKAI?I?I?M@E@SBg@BYHc@BW@[B[@W?WAq@IqCA]CYCSWoBS}AGa@My@WyAUuAIF]Ty@p@m@l@i@n@EI]w@[w@_@s@_@o@U]q@}@SQMIKGMCYGk@I]EG`C?HCjAC|@?x@AXAjB?~A?~@?~C?t@BH?T?NCL?f@?J?R@JPxE@R?NBx@?R?H@V@|@L?@?F?FEBI?YCa@?QDKJEPAj@JN@LCVEREX@HDDJ@T?|E@n@LdB?p@?jA	Click to Generate
S26	20	1			3	Golden City (S26)	The Sherwood (S26)	St Cyprian (S26)	1787	1340	}{rdIl|pGS\W\EBE?KMzCcFT]DGDI`@o@N\U\iDrFW\EBE?KMzCcFT]DGDI`@o@V_@V_@d@q@IUCE?OOVEC[s@?Ac@r@\t@`@s@DBNW?NBDHTe@p@W^W^N\Zz@N\L\N\l@}@pD{FPYr@cA`AaBrAfDuBdD{@tA_@j@uBdD_@j@sAgDO]M]O][{@kDrF	Click to Generate
S26	45	1			3	The Swan (S26)	The Phoenix Inn (S26)	St John the Evangelist (S26)	3873	2905	kmodItnoG`@RXJB@PJRJTPVZ`@h@r@t@j@b@r@d@E^U|AId@Q|A\NRHZ_CBOTo@HUF[aAi@s@e@k@c@s@u@a@i@W[UQSKQKCAYKa@Si@]ECk@i@c@_@eBaByAsAQIGAQDOHKJYdA[nAG`@_@lBOhA_@`ECVIr@]hCERTNUfC@HBHRZJJLJPHQIMKKKKQGICIAITgCUODS\iCHs@BW^aENiA^mBFa@ZoAXeAJKNIPEF@PHxArAdB`Bb@^j@h@DBh@\`@RXJB@PJRJTPVZ`@h@r@t@j@b@r@d@`Ah@@@`@NXFFBn@LH?b@F`@@d@?l@B^DL@vBj@jA\x@Rt@^VNv@`@`Bx@FDPFZLVHPDzA\dDt@@yA@{@Az@AxAeDu@{A]QEWI[MYMaBy@w@a@WOu@_@y@SkA]wBk@MA_@Em@Ce@?a@Ac@GI?o@MGCYGa@OAAaAi@s@e@k@c@s@u@a@i@W[UQSKQKCAYKa@S	Click to Generate
S26	30	1			3	Stradbroke Community Centre (S26)	Antico (S26)	The Strad (S26)	2747	2060	{vudIbwpGTTMh@EJ?BCF?BENEJEPX`@RZt@lAP\FMp@}BDQ?KUu@Ka@CYA[?_@?UBYDSDSDMFCFUTULOc@d@GTGBELERERCX?T?^@ZBXJ`@Tt@?JEPq@|BGLTd@BDj@fAh@|@DDd@j@BMDOdAoEZoA^aBb@eBT_AH[x@gDEGa@k@OWMUU[S[DMZ{@f@{AZcAPw@BKbAmFNq@\kBHc@f@wBEAE?[Ca@A?O@[\@F?FGL_@L_@f@_Bf@}AFO@EAG@GDEBGLJLWBKBIDDBBHF]fACHc@tAIVOb@M^ITCLa@rAg@vBIb@]jBOp@cAlFCJQv@[bAg@zA[z@ELRZTZLTNV`@j@DFy@fDIZU~@c@dB_@`B[nAeAnEENCLe@k@EEi@}@k@gACEUe@Q]u@mAS[Ya@DQDKDO?CBG?CDKLi@UU	Click to Generate
S26	45	1			3	The Swan (S26)	The Phoenix Inn (S26)	St John the Evangelist (S26)	3869	2902	imodIvnoG^PXJB@PJRJTPVZ`@h@r@t@j@b@r@d@E^U|AId@Q|A\NRHZ_CBOTo@HUF[aAi@s@e@k@c@s@u@a@i@W[UQSKQKCAYKa@Si@]ECk@i@c@_@eBaByAsAQIGAQDOHKJYdA[nAG`@_@lBOhA_@`ECVIr@]hCERTNUfC@HBHRZJJLJPHQIMKKKKQGICIAITgCUODS\iCHs@BW^aENiA^mBFa@ZoAXeAJKNIPEF@PHxArAdB`Bb@^j@h@DBh@\`@RXJB@PJRJTPVZ`@h@r@t@j@b@r@d@`Ah@@@`@NXFFBn@LH?b@F`@@d@?l@B^DL@vBj@jA\x@Rt@^VNv@`@`Bx@FDPFZLVHPDzA\dDt@@yA@{@Az@AxAeDu@{A]QEWI[MYMaBy@w@a@WOu@_@y@SkA]wBk@MA_@Em@Ce@?a@Ac@GI?o@MGCYGa@OAAaAi@s@e@k@c@s@u@a@i@W[UQSKQKCAYK_@Q	Click to Generate
S26	30	1			3	Frecheville Library (S26)	Meraki (S26)	The Co-operative Food (S26)	2503	1877	{srdIfkpGj@nAl@_ANU`@q@d@u@^i@dAeB~AgCDIDGFKl@}@tAyBn@aAxAnDqDtF[f@oB|CaA`Bs@bAQX{BlDu@lAm@|@O]M]O][{@m@~@qCpEW\EBE?KMzCcFT]DGDI`@o@V_@V_@d@q@n@aAJOl@_ANU`@q@d@u@^i@dAeBb@s@z@sADIDGFKl@}@tAyBn@aAz@wABGPUXg@N\@J?JCHGDGAGGOSQTCF{@vAo@`AuAxBm@|@GJEFEH_BfCeAdB_@h@e@t@a@p@OTm@~@k@oA	Click to Generate
S26	60	1			3	Birley Spa Primary Academy (S26)	Safa (S26)	Sleeping Giant (S26)	5985	4489	g`sdItboGJINGRGNCJCAs@Aq@?e@?G@e@Bo@Bk@Fq@JeADc@@Y@_@?]A_@Ca@Ei@Ig@?AKc@WcAk@wBMe@Og@Og@O]k@uAGQy@oBGO`@m@f@m@n@s@z@q@`@[|@o@VQLKLMV[HKXi@HMb@aAj@mA^}@Pc@p@oBDM`@uALe@JNHN@BDLHZLvAD`@D^Fn@Db@LtAB\Hp@F^JZNXPPTJRDNBT@ClA?T?j@B~@Ft@Fv@Jp@Lv@Np@DNJ\Rf@Vj@l@fAu@fBMP_@l@SZKSEIIEI?GFU^y@qBEEEAEFsArBrAsBDGD@DDRf@d@hAT_@FGH?HDDHJRMRc@p@CHCHETCT?TBZHX\v@_@j@QXKVGTCXCjAAl@ATCNEPc@v@g@v@GPEPCV?VDXDL@FXx@DFMRGREVAV@ZDTN^~@~BxArDJVFRBR@R?f@@d@DTFNL`@GJEFEH_BfCeAdB_@h@e@t@a@p@OTm@~@k@oAACi@uAh@tAl@rAl@_ANU`@q@d@u@^i@dAeB~AgCDIDGFKl@}@tAyBn@aAz@wABGPUXg@NSV_@Va@FIb@s@O]CII_@EWAUCa@?e@@c@?M@cF?S@sA?yA?}@@qBQ_@QYm@cAGI{@sASYm@_AGKa@o@Wg@m@gAWk@GFKHEACGi@mAYg@_@e@a@e@WOK?e@@k@AE???e@Ed@DD?j@@d@AJ?VN`@d@^d@Xf@h@lABFD@JIFGSg@K]EOOq@Mw@Kq@Gw@Gu@C_A?k@?UBmAUAOCSEUKQQOYK[G_@Iq@C]MuAEc@Go@E_@Ea@MwAI[EMACIOKOMd@a@tAELq@nBQb@_@|@k@lAc@`AILYh@IJWZMLMJWP}@n@a@Z{@p@o@r@g@l@a@l@FNx@nBFPj@tAN\Nf@Nf@Ld@j@vBVbAJb@?@Hf@Dh@B`@@^?\A^AXEb@KdAGp@Cj@Cn@Ad@?F?d@@p@@r@KBOBSFOFKH	Click to Generate
S26	60	1			3	Sleeping Giant (S26)	St John Fisher Primary, A Catholic Voluntary Academy (S26)	Spa View Community Church (S26)	6727	5045	u_sdI~dlGAfBCpAC~AG`CGjAI`AEb@Eh@MbAM|@UrAUfASv@Sx@O`@]dAc@~@i@nAcErFoGnFkFlEWb@MPEJOZAHAJAR?VBh@?p@@L@d@?P?XJ@R?\BNBVHB@PJ\Z`@V\VZTTFJB\D\Af@Eb@ORKLIVUZ]Xa@HMJQTg@JYN_@La@Lc@Pm@ZcAPi@@ALc@\y@L[LYBIN[Xi@T[Va@`@m@f@m@n@s@z@q@`@[|@o@VQLKLMV[HKXi@HMb@aAj@mA^}@Pc@p@oBDM`@uALe@JNHN@BDLHZLvAD`@D^Fn@Db@LtAB\Hp@F^JZNXPPTJRDNBT@ClA?T?j@B~@Ft@Fv@Jp@Lv@Np@DNJ\Rf@GFKHEACGi@mAYg@_@e@a@e@WOK?e@@k@AE???e@Ed@DD?j@@d@AJ?VN`@d@^d@Xf@h@lABFD@JIFGVj@l@fAVf@L_@Jc@DSBKD]@IDa@@_@@a@@i@?a@@_@B]Fa@?ABQNyAPoAb@sDHo@@IDQHSHOPQNIGg@I[NKJKHIJALB??MCK@IHKJOJHZFf@OHQPINIREPAHIn@c@rDQnAOxACP?@G`@KEGAE?G@CAEACG?E?GAGGKUOTNFJ??@F?F?DBFD@B@FAD?F@JDC\A^?`@Ah@A`@A^E`@AHE\CJERKb@M^Wg@m@gAWk@Sg@K]EOOq@Mw@Kq@Gw@Gu@C_A?k@?UBmAUAOCSEUKQQOYK[G_@Iq@C]MuAEc@Go@E_@Ea@MwAI[EMACIOKOMd@a@tAELq@nBQb@_@|@k@lAc@`AILYh@IJWZMLMJWP}@n@a@Z{@p@o@r@g@l@a@l@W`@UZYh@OZCHMXMZ]x@Mb@A@Qh@[bAQl@Mb@M`@O^KXUf@KPILY`@[\WTMHSJc@Ng@D]@]EKCUG[U]Wa@W][QKCAWIOC]CS?KA?Y?QAe@AMEWCUM]Q]A?EECCGKCKAI?I?I?M@EBIBEFIFCFAD?FBXGTG`@QjFmEnGoFbEsFh@oAb@_A\eANa@Ry@Rw@TgATsAL}@LcADi@Dc@HaAFkAFaCB_BBqA@gB	Click to Generate
S26	60	1			3	Birley Spa Primary Academy (S26)	Sleeping Giant (S26)	Safa (S26)	5116	3837	c_sdIx~nGTELE?e@?G@e@Bo@Bk@Fq@JeADc@@Y@_@?]A_@Ca@Ei@Ig@?AKc@WcAk@wBMe@Og@Og@O]k@uAGQy@oBGO`@m@f@m@n@s@z@q@`@[|@o@VQLKLMV[HKXi@HMb@aAj@mA^}@Pc@p@oBDM`@uALe@JNHN@BDLHZLvAD`@D^Fn@Db@LtAB\Hp@F^JZNXPPTJRDNBT@ClA?T?j@B~@Ft@Fv@Jp@Lv@Np@DNJ\Rf@Vj@l@fAu@fBMP_@l@SZKSEIIEI?GFU^y@qBEEEAEFsArBrAsBDGD@DDRf@d@hAT_@FGH?HDDHJRMRc@p@CHCHETCT?TBZHX\v@Pb@N`@`CdGVa@LSNUdA}ALONKPGPCb@@`@??}@@qBQ_@QYm@cAGI{@sASYm@_AGKa@o@Wg@m@gAWk@GFKHEACGi@mAYg@_@e@a@e@WOK?e@@k@AE???e@Ed@DD?j@@d@AJ?VN`@d@^d@Xf@h@lABFD@JIFGVj@l@fAVf@`@n@FJl@~@RXz@rAFHl@bAPXP^ApB?|@?xAArA?RAbF?LAb@?d@B`@@TDVH^BHN\c@r@GHW`@W^ORYf@QTCF{@vAo@`AuAxBm@|@GJEFEH_BfCeAdB_@h@e@t@a@p@OTm@~@k@oAACi@uAh@tAl@rAKNo@`Ae@p@W^W^a@n@EHEFU\]u@Qc@]}@K[Qg@Me@Ia@EOKk@K}@Gw@E{@A_A?aAB{@Dw@D_@Fq@Fo@P{Ah@cFBa@?I?S?_@?K?QKqACKEYACQaAEc@Ge@Ei@Em@As@Aq@MDUD	Click to Generate
S26	20	1			3	Birley Spa Primary Academy (S26)	Spa View Community Church (S26)	GoLocal (S26)	2066	1550	eprdIx{mGD?j@@d@AJ?VN`@d@^d@Xf@h@lABFD@JIFGVj@l@fAu@fBMP_@l@SZKSEIIEI?GFU^y@qBEEEAEFsArBrAsBDGD@DDRf@d@hAT_@FGH?HDDHJRMRc@p@CHCHETCT?TBZHX\v@Pb@N`@`CdGVa@LSNUdA}ALONKPGPCb@@`@??}@@qBQ_@QYm@cAGI{@sASYm@_AGKa@o@L_@Jc@DSBKD]@IDa@@_@@a@@i@?a@@_@B]KEGAE?G@CAEACG?E?GAGGKUOTNFJ??@F?F?DBFD@B@FAD?F@JDC\A^?`@Ah@A`@A^E`@AHPXJL^`@e@pAK@K^GKa@o@Wg@m@gAWk@GFKHEACGi@mAYg@_@e@a@e@WOK?e@@k@AE?	Click to Generate
S26	20	1			3	GoLocal (S26)	Our Lady of Lourdes (S26)	Birley Spa (S26)	2004	1503	{crdI|ymG@F?F?DBFD@B@FAD?F@JDC\A^?`@Ah@A`@A^E`@AHPXJL^`@e@pAK@K^GKa@o@L_@Jc@DSBKD]@IDa@@_@@a@@i@?a@@_@B]Fa@?ABQNyAPoAb@sDHo@@IDQHSHOPQNIBLBVF\Ld@L^Vj@lAhBNTHLNPVRl@`@UzAG^]nBg@xCYbBOv@CRQdAMv@SlACLEDCDKRMLMFm@cAGI{@sASYm@_AGKa@o@Wg@m@gAWk@GFKHEACGi@mAYg@_@e@a@e@WOK?e@@[AO?E?e@Ed@DD?j@@d@AJ?VN`@d@^d@Xf@h@lABFD@JIFGVj@l@fAVf@L_@Jc@DSBKD]@IDa@@_@@a@@i@?a@@_@B]KEGAE?G@CAEACG?E?GAG	Click to Generate
S26	30	1			3	Our Lady of Lourdes (S26)	Birley Spa Primary Academy (S26)	Birley Spa (S26)	2496	1872	oardIf~mG??LBLDLNRVdAaCHSHQxBkFmAiBWk@M_@Me@G]CWCMOHQPINIREPAHIn@c@rDQnAOxACP?@G`@C\A^?`@Ah@A`@A^E`@AHE\CJERKb@M^Wg@u@fBMP_@l@SZKSEIIEI?GFU^y@qBEEEAEFsArBrAsBDGD@DDRf@d@hAT_@FGH?HDDHJRMRc@p@CHCHETCT?TBZHX\v@Pb@N`@`CdGVa@LSNUdA}ALONKPGPCb@@`@??}@@qBQ_@QYm@cAGI{@sASYm@_AGKa@o@Wg@m@gAWk@GFKHEACGi@mAYg@_@e@a@e@WOK?e@@[AO?E?e@Ed@DD?j@@d@AJ?VN`@d@^d@Xf@h@lABFD@JIFGVj@l@fAVf@L_@Jc@DSBKD]@IDa@@_@@a@@i@N?N@	Click to Generate
S26	20	1			3	Meraki (S26)	Frecheville Post Office (S26)	St Cyprian (S26)	1866	1400	a}rdI|}pGGJEBE?KMzCcFT]DGDI`@o@N\m@~@qCpEW\EBE?KMzCcFT]DGDI`@o@V_@V_@d@q@n@aAJOl@_ANU`@q@DJ@H?JAHuBfDMT_@n@E@A@C?IEMKW^W^N\Zz@N\L\N\l@}@pD{FPYr@cA`AaBrAfDuBdD{@tA_@j@uBdD_@j@sAgDO]M]O][{@_EpGOP	Click to Generate
S26	20	1			3	Frecheville Library (S26)	Safa (S26)	Meraki (S26)	1531	1148	}krdIxvpGz@uAtBeDsAgDaA`Bs@bAQX{BlDu@lAm@|@O]M]O][{@O]V_@V_@d@q@n@aAJOk@oAACi@uAh@tAl@rAKNo@`Ae@p@W^W^N\m@~@qCpEW\EBE?KMzCcFT]DGDI`@o@N\Zz@N\L\N\rAfD^k@tBeD^k@	Click to Generate
S26	20	1			3	Spa View Community Church (S26)	GoLocal (S26)	Birley Spa (S26)	1563	1172	a|qdI`gmGMCK@IHKJOJHZFf@OHQPINIREPAHIn@c@rDQnAOxACP?@G`@KEGAE?G@CAEACG?E?GAGGKUOTNFJ??@F?F?DBFD@B@FAD?F@JDC\A^?`@Ah@A`@A^E`@AHPXJL^`@e@pAK@K^GKa@o@Wg@m@gAWk@GFKHEACGi@mAYg@_@e@a@e@WOK?e@@[AO?E?e@Ed@DD?j@@d@AJ?VN`@d@^d@Xf@h@lABFD@JIFGVj@l@fAVf@L_@Jc@DSBKD]@IDa@@_@@a@@i@?a@@_@B]Fa@?ABQNyAPoAb@sDHo@@IDQHSHOPQNIGg@I[NKJKHIJALB	Click to Generate
S26	30	1			3	The Swan (S26)	Ridgeway Primary School (S26)	The Phoenix Inn (S26)	2887	2165	igndIbbpGGEaBy@w@a@WOu@_@y@SkA]wBk@MA_@Em@Ce@?a@Ac@GI?o@MGCYGa@OAAGZITUn@CN[~BSI]OP}AHe@T}AD_@s@e@k@c@s@u@a@i@W[UQSKQKCAYK_@QAAi@]ECk@i@c@_@eBaByAsAQIGAQDOHKJYdA[nAG`@_@lBOhA_@`ECVIr@]hCERTNUfC@HBHRZJJLJPHQIMKKKKQGICIAITgCUODS\iCHs@BW^aENiA^mBFa@ZoAXeAJKNIPEF@PHxArAdB`Bb@^j@h@DBh@\`@RXJB@PJRJTPVZ`@h@r@t@j@b@r@d@`Ah@@@`@NXFFBn@LH?b@F`@@d@?l@B^DL@vBj@jA\x@Rt@^VNv@`@`Bx@FD	Click to Generate
S26	30	1			3	Richmond Church (S26)	Antico (S26)	The Strad (S26)	2648	1986	equdIhqpGUTGTGBELERERCX?T?^@ZBXJ`@Tt@?JEPq@|BGLQ]u@mAS[Ya@DQDKDO?CBG?CDKLi@UU??TTMh@EJ?BCF?BENEJEPi@u@[e@CEYc@IMW]MSDSTkAH]RaAH]F_@BIDSFYP}@Z{Ax@cEH]TaBTwBJaC@aB?a@GAGGEKAK@MBODIFCDAFBFHBJ@L?DT?dA?T?X?b@@b@?Z@\?T?@?T?T@|@?B?x@?d@??O@[\@F?FGL_@L_@f@_Bf@}AFO@EAG@GDEBGLJLWBKBIDDBBHF]fACHc@tAIVOb@M^ITCLa@rAg@vBIb@]jBOp@cAlFCJQv@[bAg@zA[z@ELRZTZLTNV`@j@DFy@fDIZU~@c@dB_@`B[nAeAnEENCLe@k@EEi@}@k@gACEUe@FMp@}BDQ?KUu@Ka@CYA[?_@?UBYDSDSDMFCFUTU	Click to Generate
S26	60	1			3	Outwood Academy City (S26)	Stradbroke Community Centre (S26)	WD Motors (S26)	7661	5746	k`udInjoGPg@f@}AFO@ETXBBDDBI\gAFYJm@Ho@Fo@D}@@aAF_C@_@DUFGLAh@@r@DH?@{@?]Au@AgAAc@Ae@?C?UL?@?F?FEBI?YCa@?QDKJEPAj@JN@LCVEREX@HDDJ@T?|E@n@LdB?p@?jA?pAAjBG~BI`BHaBF_C@kB?}C?q@MeBAo@?}EAUEKIEYASDWDMBOAk@KQ@KDEJ?PB`@?XCHGDG?A?M??T?B@d@@b@@fA@t@?\Az@ExCGtDAZCf@Gt@M|@Mp@IXIXQd@ITUp@qAxDOb@GRKZKf@Kn@Kp@SpAM~@SbAWpAGTYhAg@nBSt@Ur@Qj@Qj@CHGRy@fDIZU~@c@dB_@`B[nAeAnEENCLe@k@EEi@}@k@gACEUe@FMp@}BDQ?KUu@Ka@CYA[?_@?UBYDSDSDMFCFUTULOc@d@GTGBELERERCX?T?^@ZBXJ`@Tt@?JEPq@|BGLTd@BDj@fAh@|@DDd@j@Z\^d@\n@Zr@\x@FLFJZh@BDFJBFDFDDf@t@HLX^T\Rd@Vd@Pb@Tp@Tv@T`At@bCl@fCZtAPbARbAV~APnAPvADd@@L??@\@T@N?P?VAf@Ad@MjCF@D?@?DCDEDIDQv@iDh@wBPu@Jq@XqCj@uFHs@De@rC{Wn@_GLgAHg@BYLy@NkAxAaJ@CJs@d@sCD]LeANaA^yBTmAn@sDXgBHk@Hc@Da@BY@]?g@Ac@?GA[E@AAE?WGAHEb@??E^ERETEl@Iz@KhAC`ABaAJiAH{@Dm@DUDSD_@Dc@@IVFD?@@DAA[?IAo@CaAAm@CiACsAAyA?wA?S?mA?}A?s@?eB?U?y@?[?g@?E?O?Y?QAe@AMEWCUM]Q]A?EECCGKCKAI?I?I?M@E@SBg@BYHc@BW@[B[@W?WAq@IqCA]CYCSWoBS}AGa@My@WyAUuAIF]Ty@p@m@l@i@n@EI]w@[w@_@s@_@o@U]q@}@SQMIKGMCYGk@I]EG`C?HCjAC|@?x@AXAjB?~A?~@?~C?t@BH?T?NCL?f@?J?R@JPxE@R?NBx@?R?H@V@|@?T?B@d@@b@@fA@t@?\Az@I?s@Ei@AM@GFETA^G~BA`AE|@Gn@In@Kl@GX]fACHEECCUYADGNg@|AQf@	Click to Generate
S26	60	1			3	Outwood Academy City (S26)	Stradbroke Community Centre (S26)	WD Motors (S26)	7590	5692	e_udIxgoGRo@FO@ETXBBDDBI\gAFYJm@Ho@Fo@D}@@aAF_C@_@DUFGLAh@@r@DH?@{@?]Au@AgAAc@Ae@?C?UL?@?F?FEBI?YCa@?QDKJEPAj@JN@LCVEREX@HDDJ@T?|E@n@LdB?p@?jA?pAAjBG~BI`BHaBF_C@kB?}C?q@MeBAo@?}EAUEKIEYASDWDMBOAk@KQ@KDEJ?PB`@?XCHGDG?A?M??T?B@d@@b@@fA@t@?\Az@ExCGtDAZCf@Gt@M|@Mp@IXIXQd@ITUp@qAxDOb@GRKZKf@Kn@Kp@SpAM~@SbAWpAGTYhAg@nBSt@Ur@Qj@Qj@CHGRy@fDIZU~@c@dB_@`B[nAeAnEENCLe@k@EEi@}@k@gACEUe@FMp@}BDQ?KUu@Ka@CYA[?_@?UBYDSDSDMFCFUTULOc@d@GTGBELERERCX?T?^@ZBXJ`@Tt@?JEPq@|BGLTd@BDj@fAh@|@DDd@j@Z\^d@\n@Zr@\x@FLFJZh@BDFJBFDFDDf@t@HLX^T\Rd@Vd@Pb@Tp@Tv@T`At@bCl@fCZtAPbARbAV~APnAPvADd@@L??@\@T@N?P?VAf@Ad@MjCF@D?@?DCDEDIDQv@iDh@wBPu@Jq@XqCj@uFHs@De@rC{Wn@_GLgAHg@BYLy@NkAxAaJ@CJs@d@sCD]LeANaA^yBTmAn@sDXgBHk@Hc@Da@BY@]?g@Ac@?GA[E@AAE?WGAHEb@??E^ERETEl@Iz@KhAC`ABaAJiAH{@Dm@DUDSD_@Dc@@IVFD?@@DAA[?IAo@CaAAm@CiACsAAyA?wA?S?mA?}A?s@?eB?U?y@?[?g@?E?O?Y?QAe@AMEWCUM]Q]A?EECCGKCKAI?I?I?M@E@SBg@BYHc@BW@[B[@W?WAq@IqCA]CYCSWoBS}AGa@My@WyAUuAIF]Ty@p@m@l@i@n@EI]w@[w@_@s@_@o@U]q@}@SQMIKGMCYGk@I]EG`C?HCjAC|@?x@AXAjB?~A?~@?~C?t@BH?T?NCL?f@?J?R@JPxE@R?NBx@?R?H@V@|@?T?B@d@@b@@fA@t@?\Az@I?s@Ei@AM@GFETA^G~BA`AE|@Gn@In@Kl@GX]fACHEECCUYADGNSn@	Click to Generate
S26	60	1			3	Outwood Academy City (S26)	Stradbroke Community Centre (S26)	WD Motors (S26)	7607	5705	o_udIlhoG\cAFO@ETXBBDDBI\gAFYJm@Ho@Fo@D}@@aAF_C@_@DUFGLAh@@r@DH?@{@?]Au@AgAAc@Ae@?C?UL?@?F?FEBI?YCa@?QDKJEPAj@JN@LCVEREX@HDDJ@T?|E@n@LdB?p@?jA?pAAjBG~BI`BHaBF_C@kB?}C?q@MeBAo@?}EAUEKIEYASDWDMBOAk@KQ@KDEJ?PB`@?XCHGDG?A?M??T?B@d@@b@@fA@t@?\Az@ExCGtDAZCf@Gt@M|@Mp@IXIXQd@ITUp@qAxDOb@GRKZKf@Kn@Kp@SpAM~@SbAWpAGTYhAg@nBSt@Ur@Qj@Qj@CHGRy@fDIZU~@c@dB_@`B[nAeAnEENCLe@k@EEi@}@k@gACEUe@FMp@}BDQ?KUu@Ka@CYA[?_@?UBYDSDSDMFCFUTULOc@d@GTGBELERERCX?T?^@ZBXJ`@Tt@?JEPq@|BGLTd@BDj@fAh@|@DDd@j@Z\^d@\n@Zr@\x@FLFJZh@BDFJBFDFDDf@t@HLX^T\Rd@Vd@Pb@Tp@Tv@T`At@bCl@fCZtAPbARbAV~APnAPvADd@@L??@\@T@N?P?VAf@Ad@MjCF@D?@?DCDEDIDQv@iDh@wBPu@Jq@XqCj@uFHs@De@rC{Wn@_GLgAHg@BYLy@NkAxAaJ@CJs@d@sCD]LeANaA^yBTmAn@sDXgBHk@Hc@Da@BY@]?g@Ac@?GA[E@AAE?WGAHEb@??E^ERETEl@Iz@KhAC`ABaAJiAH{@Dm@DUDSD_@Dc@@IVFD?@@DAA[?IAo@CaAAm@CiACsAAyA?wA?S?mA?}A?s@?eB?U?y@?[?g@?E?O?Y?QAe@AMEWCUM]Q]A?EECCGKCKAI?I?I?M@E@SBg@BYHc@BW@[B[@W?WAq@IqCA]CYCSWoBS}AGa@My@WyAUuAIF]Ty@p@m@l@i@n@EI]w@[w@_@s@_@o@U]q@}@SQMIKGMCYGk@I]EG`C?HCjAC|@?x@AXAjB?~A?~@?~C?t@BH?T?NCL?f@?J?R@JPxE@R?NBx@?R?H@V@|@?T?B@d@@b@@fA@t@?\Az@I?s@Ei@AM@GFETA^G~BA`AE|@Gn@In@Kl@GX]fACHEECCUYADGN]bA	Click to Generate
S26	20	1			3	Hair by Lisa (S26)	Frecheville Post Office (S26)	St Cyprian (S26)	1866	1400	g}rdIf~pGA@EBE?KMzCcFT]DGDI`@o@N\gAdBwBjDW\EBE?KMzCcFT]DGDI`@o@V_@V_@d@q@n@aAJOl@_ANU`@q@DJ@H?JAHuBfDMT_@n@E@A@C?IEMKW^W^N\Zz@N\L\N\l@}@pD{FPYr@cA`AaBrAfDuBdD{@tA_@j@uBdD_@j@sAgDO]M]O][{@_EpGUZ	Click to Generate
S26	20	1			3	Frecheville News, Cards & Gifts (S26)	Safa (S26)	St Cyprian (S26)	1683	1262	wsrdIbtpG[w@A@C?IEMKW^W^N\kBvCsAxBW\EBE?KMzCcFT]DGDI`@o@V_@V_@d@q@n@aAJOk@oAACi@uAh@tAl@rAKNo@`Ae@p@W^W^N\Zz@N\L\N\l@}@pD{FPYr@cA`AaBrAfDuBdD{@tA_@j@uBdD_@j@sAgDO]M]O][{@O]V_@V_@LJHDB?@AZv@	Click to Generate
S26	60	1			3	Birley Health Centre (S26)	Birley Primary Academy (S26)	New Loon Fung (S26)	4346	3260	gmqdIf{pG??_Db@OoEj@Az@Kt@K|Fs@ZE~@MXG\Kb@KZfEw@J_@F??^Gv@KFp@Dt@L~ADd@Bd@Bf@@f@?f@@b@?V?RAVARAPE^ERG^I^G\GVGZGTGVIZGRGPGPGPGNOXMVMRQVW`@mAtByAlCINGNGNCRCLAR?^GpH?|Cc@Os@YGEcCkA{@g@SKqBy@_D_BqCuAuAs@[QGC{@a@QKCECCAEACAIAE?I@K@M@OZeBDODUXyAh@iCZ_BLq@|BbBFKFIn@q@FEBKBG@I?K?KI]Qi@Yu@GYCWAW?MFQHMCs@Br@ILGP?L@VBVFXXt@BJL\H\?J?JAHCFCJGDo@p@kAuFEKCIBY@[?sE?o@@{A?k@@o@@a@@[JkAb@kG@E~@VFBB?RJTJT_ALk@Lu@Hq@Bi@Dq@J}EHqDB}@@GB_@D[BI@GBGHUNQFIJMhAoAFZHXPMXS@?v@a@j@YTERARBPHFHBBFPDXHd@@DB\Fr@Dr@DnA_@JOBYJUFSJ]No@^RrANfALnAH~@Bb@TvE@X@VBTPlEu@J{@Jk@@NnE~Cc@??	Click to Generate
S26	20	1			3	Safa (S26)	St Cyprian (S26)	Frecheville Library (S26)	1579	1184	_jrdItapGc@r@eAdB_@h@e@t@a@p@OTm@~@k@oAACi@uAh@tAl@rAKNo@`Ae@p@W^W^N\Zz@N\L\N\rAfD^k@tBeD^k@z@uAtBeDsAgDaA`Bs@bAQX{BlDu@lAm@|@O]M]O][{@O]V_@V_@d@q@n@aAJOl@_ANU`@q@d@u@^i@dAeBb@s@	Click to Generate
S26	20	1			3	Birley Wood Golf Club (S26)	UK Welder (S26)	Birley Health Centre (S26)	1511	1133	s`qdInyoG]BLxAz@J??{@KMyAUH??C?A@AQIcAA@C?E@M@M@Y?_A@gAB]@e@H_@JC?KBYJUFq@Zo@^RrANfALnAH~@Bb@TvE@X@VBTPlE|Fs@ZE~@MXG\Kb@KZfEw@J_@F??^Gv@K[gEI_AGg@AOAICUEo@AUEk@?ECc@Ew@AKAS?YCmBA{@Aa@?UAUAWEk@AW@AB???TI\C	Click to Generate
S26	20	1			3	Golden City (S26)	The Sherwood (S26)	St Cyprian (S26)	1787	1340	g|rdIz|pGINW\EBE?KMzCcFT]DGDI`@o@N\U\iDrFW\EBE?KMzCcFT]DGDI`@o@V_@V_@d@q@IUCE?OOVEC[s@?Ac@r@\t@`@s@DBNW?NBDHTe@p@W^W^N\Zz@N\L\N\l@}@pD{FPYr@cA`AaBrAfDuBdD{@tA_@j@uBdD_@j@sAgDO]M]O][{@uD`G	Click to Generate
S26	60	1			3	Birley Wood Golf Club (S26)	Queens Head (S26)	The Swan (S26)	6778	5084	e_pdItdpGGICIAITgCUOEXMbAStACTIn@Kv@M~@UvAUnAu@bDaA~CiArDy@lCg@~Ac@~Aw@pCgDjLGPk@~AITmAtC{CpGuB`EkAfCYr@OZEGKSCGg@iBIUMMMMQGSKk@S?}CFqH?_@@SBMBSFOFOHOxAmClAuBVa@PWLSLWNYFOFQFQFQFSH[FWFUF[FWF]H_@F_@DSD_@@Q@S@W?S?WAc@?g@Ag@Cg@Ce@Ee@M_BEu@Gq@[gEI_AGg@AOAICUEo@AUEk@?ECc@Ew@AKAS?YCmBA{@Aa@?UAUAWEk@AW@AB???TILxAz@J??{@KMyAUH??C?A@@VDj@@V@T?T@`@@z@BlB?X@R@JDv@Bb@?DDj@@TDn@BT@H@NFf@H~@ZfEFp@Dt@L~ADd@Bd@Bf@@f@?f@@b@?V?RAVARAPE^ERG^I^G\GVGZGTGVIZGRGPGPGPGNOXMVMRQVW`@mAtByAlCINGNGNCRCLAR?^GpH?|Cj@RRJPFLLLLHTf@hBBFJRDFN[Xs@jAgCtBaEzCqGlAuCHUj@_BFQfDkLv@qCb@_Bf@_Bx@mChAsD`A_Dt@cDToATwAL_AJw@Ho@BURuALcADYDS\iCHs@BW^aENiA^mBFa@ZoAXeAJKNIPEF@PHxArAdB`Bb@^j@h@DBh@\??`@RXJB@PJRJTPVZ`@h@r@t@j@b@r@d@E^U|AId@Q|A\NRHZ_CBOTo@HUF[aAi@s@e@k@c@s@u@a@i@W[UQSKQKCAYKa@Si@]ECk@i@c@_@eBaByAsAQIGAQDOHKJYdA[nAG`@_@lBOhA_@`ECVIr@]hCERTNUfC@HBHFH	Click to Generate
S26	15	1			3	Golden City (S26)	Bullie Ink Tattoo Collective (S26)	St Cyprian (S26)	1408	1056	kvrdI|mpGZr@DBNW?NBDHTe@p@W^W^N\U\iCdE_@l@W\EBE?KMzCcFT]DGDI`@o@N\Zz@N\L\N\l@}@pD{FPYr@cA`AaBrAfDuBdD{@tA_@j@uBdD_@j@sAgDO]M]O][{@O]V_@V_@d@q@IUCE?OOVEC[s@	Click to Generate
S26	60	1			3	Grayson's Plumbing & Heating Supplies (S26)	Outwood Academy City (S26)	WD Motors (S26)	5652	4239	}|tdI|coGBIDDBBHF]fACHc@tAIVOb@M^ITCLa@rAEAE?[Ca@A?O@[\@F?FGX{@@Cf@_Bf@}AFO@ETXBBDDBI\gAFYJm@Ho@Fo@D}@@aAF_C@_@DUFGLAh@@r@DH?@{@?]Au@AgAAc@Ae@?C?UL?@?F?FEBI?YCa@?QDKJEPAj@JN@LCVEREX@HDDJ@T?|E@n@LdB?p@?jA?pAAjBG~BI`BHaBF_C@kB?}C?q@MeBAo@?}EAUEKIEYASDWDMBOAk@KQ@KDEJ?PB`@?XCHGDG?A?M?A}@AW?I?SCy@?OASQyEAK?S?K?g@BM?O?UCI?u@?_D?_A?_B@kB@Y?y@B}@BkA?IFaC\Dj@HXFLBJFLHRPp@|@T\^n@^r@Zv@\v@DHh@o@l@m@x@q@\UHGTtAVxALx@F`@R|AVnBBRBX@\HpC@p@?VAVCZAZCV?T@N@JBLHJFPDDBDDHBP@H?HAHAJAR?VBh@?p@@L@d@?P?X?N?D?f@?Z?x@?T?dB?r@?|A?lA?R?vA@xABrABhA@l@B`A@n@?H@ZE@AAE?WGAHEb@??E^ERETEl@Iz@KhAC`ABaAJiAH{@Dm@DUDSD_@Dc@@IVFD?@@DAA[?IAo@CaAAm@CiACsAAyA?wA?S?mA?}A?s@?eB?U?y@?[?g@?E?O?Y?QAe@AMEWCUM]Q]A?EECCGKCKAI?I?I?M@E@SBg@BYHc@BW@[B[@W?WAq@IqCA]CYCSWoBS}AGa@My@WyAUuAIF]Ty@p@m@l@i@n@EI]w@[w@_@s@_@o@U]q@}@SQMIKGMCYGk@I]EG`C?HCjAC|@?x@AXAjB?~A?~@?~C?t@BH?T?NCL?f@?J?R@JPxE@R?NBx@?R?H@V@|@?T?B@d@@b@@fA@t@?\Az@I?s@Ei@AM@GFETA^G~BA`AE|@Gn@In@Kl@GXIGCCEECH	Click to Generate
S26	60	1			3	Queens Head (S26)	St John the Evangelist (S26)	The Phoenix Inn (S26)	4261	3196	qaodIbzoGHUF[aAi@s@e@k@c@s@u@a@i@W[UQSKQKCAYKa@Si@]ECk@i@c@_@eBaByAsAQIGAQDOHKJF_@DYDa@DJJb@FNF@PHxArAdB`Bb@^j@h@DBh@\??`@RXJB@PJRJTPVZ`@h@r@t@j@b@r@d@`Ah@@@`@NXFFBn@LH?b@F`@@d@?l@B^DL@vBj@jA\x@Rt@^VNv@`@`Bx@FDPFZLVHPDzA\dDt@@yA@{@Az@AxAeDu@{A]QEWI[MYMaBy@w@a@WOu@_@y@SkA]wBk@MA_@Em@Ce@?a@Ac@GI?o@MGCYGa@OAAaAi@s@e@k@c@s@u@a@i@W[UQSKQKCAYKa@Si@]ECk@i@c@_@eBaByAsAQIGAQDOHKJYdA[nAG`@_@lBOhA_@`ECVIr@]hCERTNUfC@HBHRZJJLJPHQIMKKKKQGICIAITgCUODS\iCHs@BW^aENiA^mBFa@ZoAXeAJKNIPEF@PHxArAdB`Bb@^j@h@DBh@\`@RXJB@PJRJTPVZ`@h@r@t@j@b@r@d@`Ah@GZIT	Click to Generate
S26	20	1			3	The Birley (S26)	Safa (S26)	St Cyprian (S26)	1694	1270	szrdIrzpG}@vAW\EBE?KMzCcFT]DGDI`@o@V_@V_@LJHDB?@AZv@JTHTYd@M@KMGEI?MP[{@O]V_@V_@d@q@n@aAJOk@oAACi@uAh@tAl@rAKNo@`Ae@p@W^W^N\Zz@N\L\N\l@}@pD{FPYr@cA`AaBrAfDuBdD{@tA_@j@uBdD_@j@sAgDO]M]O][{@aCxD	Click to Generate
S26	15	1			3	The Fairway (S26)	Birley Health Centre (S26)	Birley Wood Golf Club (S26)	1381	1036	klqdInxoGB?^Kd@I\AfAC~@AX?LALADAB?@AHbA@P@AB???TI\C??]BUH??C?A@@VDj@@V@T?T@`@@z@BlB?X@R@JDv@Bb@?DDj@@TDn@BT@H@NFf@H~@ZfEw@J_@F??^Gv@K[gEI_AGg@AOAICUEo@AUEk@?ECc@Ew@AKAS?YCmBA{@Aa@?UAUAWEk@AW@AB???TILxAz@J??{@KMyAUH??C?A@AQIcAA@C?E@M@M@Y?_A@gAB]@e@H_@JC?	Click to Generate
S26	60	1			3	Outwood Academy City (S26)	Scowerdons Community Centre (S26)	The Strad (S26)	9849	7387	s_tdIvpoG?GAc@?GA[A[?IAo@CaAAm@CiACsAAyA?wA?S?mA?}A?s@?eB?U?y@?[?g@?E?O?Y?QAe@AMEWCUM]Q]A?EECCGKCKAI?I?I?M@E@SBg@BYHc@BW@[B[@W?WAq@IqCA]CYCSWoBS}AGa@My@WyAUuAIF]Ty@p@m@l@i@n@EI]w@[w@_@s@_@o@U]q@}@SQMIKGMCYGk@I]EG`C?HCjAC|@?x@AXAjB?~A?~@?~C?t@BH?T?NCL?f@?J?R@JPxE@R?NBx@?R?H@V@|@L?@?F?FEBI?YCa@?QDKJEPAj@JN@LCVEREX@HDDJ@T?|E@n@LdB?p@?jA?pAAjBG~BI`BHaBF_C@kB?}C?q@MeBAo@?}EAUEKIEYASDWDMBOAk@KQ@KDEJ?PB`@?XCHGDG?A?M?A}@AW?I?SCy@?OASQyEAK?S?K?g@BM?O?UCI?u@?_D?_A?_B@kB@Y?y@B}@BkA?IFaC\Dj@HXFLBJFLHRPp@|@T\^n@^r@Zv@\v@DHh@o@l@m@x@q@\UHGTtAVxALx@F`@R|AVnBBRBX@\HpC@p@?VAVCZAZCV?T@N@JBLHJFPDDBDDHBP@H?HAHAJAR?VBh@?p@@L@d@?P?XJ@R?\BNBVHB@PJ\Z`@V\VZTTFJB\D\Af@Eb@ORKLIVUZ]Xa@HMJQTg@JYN_@La@Lc@Pm@ZcAPi@@ALc@\y@L[LYBIN[Xi@T[Va@FNx@nBFPj@tAN\Nf@Nf@Ld@j@vBVbAJb@?@Hf@Dh@B`@@^?\A^AXEb@KdAGp@Cj@Cn@Ad@?F?d@@p@@r@KBOBSFOFYVWXOTKNUZ_@j@GDGAF@FE^k@T[JONUVYLMJINGRGNCJCAs@Aq@?e@?G@e@Bo@Bk@Fq@JeADc@WIA?QCS?QBGBQFSBO?OCOIQOa@_@GGOMOGMGOCC?K?I@G@UH]P]PA@OFQDO@OCOEQIMIMOACKOKU]}@AAEKY`@[\WTMHSJc@Ng@D]@]EKCUG[U]Wa@W][QKCAWIOC]CS?KA?Y?QAe@AMEWCUM]Q]A?EECCGKCKAI?I?I?M@E@SBg@BYHc@BW@[B[@W?WAq@IqCA]CYCSWoBS}AGa@My@WyAUuAIF]Ty@p@m@l@i@n@EI]w@[w@_@s@_@o@U]q@}@SQMIKGMCYGk@I]EG`C?HCjAC|@?x@AXAjB?~A?~@?~C?t@BH?T?NCL?f@?J?R@JPxE@R?NBx@?R?H@V@|@?T?B@d@@b@@fA@t@?\Az@I?s@Ei@AM@GFETA^G~BA`AE|@Gn@In@Kl@GX]fACHEECCUYAG@GDEBGLJLWBKBIDDBBHFFYJm@Ho@Fo@D}@@aAF_C@_@DUFGLAh@@r@DH?@{@?]Au@AgAAc@Ae@?C?UA}@AW?I?SCy@?OASQyEAK?S?K?g@BM?O?UCI?u@?_D?_A?_B@kB@Y?y@B}@BkA?IFaC\Dj@HXFLBJFLHRPp@|@T\^n@^r@Zv@\v@DHh@o@l@m@x@q@\UHGTtAVxALx@F`@R|AVnBBRBX@\HpC@p@?VAVCZAZCV?T@N@JBLHJFPDDBDDHBP@H?HAHAJAR?VBh@?p@@L@d@?P?X?N?D?f@?Z?x@?T?dB?r@?|A?lA?R?vA@xABrABhA@l@B`A@n@?H@Z@Z?F@b@?F	Click to Generate
S26	60	1			3	Carter Hall Lane (S26)	Birley Health Centre (S26)	The Birley Academy (S26)	6947	5210	otpdIdarG{@u@ITmAtC{CpGuB`EkAfCYr@OZId@ADMn@e@pCShA{@lE{BvLWvAEVKv@Mt@M|@Ed@AHANAFCVDBD@PFrBp@`EzA~@ZJORSJILITINEAe@AYBO@EJ]HSHQJWVe@Vg@@KBOBGVg@^cAr@aCfAkDZoAJ]`@}@l@oAZk@nAiCPWPQ`@W^Sn@U^CFA`@D`@H~@Z\J?n@@HHPIQAI?o@]K_A[a@Ia@Eg@Do@T_@Ra@VQPQVoAhC[j@m@nAa@|@K\[nAgAjDs@`C_@bAWf@CFCNAJWf@Wd@KVIPIRK\ADCN@X@d@ODUHMHKHSRKN_A[aE{AsBq@QGEAECBW@G@O@IDe@L}@Lu@Jw@DWVwAzBwLz@mERiAd@qCLo@@EHe@EGKSCGg@iBIUMMMMQGSKk@S?}CFqH?_@@SBMBSFOFOHOxAmClAuBVa@PWLSLWNYFOFQFQFQFSH[FWFUF[FWF]H_@F_@DSD_@@Q@S@W?S?WAc@?g@Ag@Cg@Ce@Ee@M_BEu@Gq@w@J_@F??^Gv@K[gEc@J]JYF_AL[D}Fr@u@J{@Jk@@NnE~Cc@??FCBEXEB?H?BDJZ^fB_@gBK[CEI?C?YDCDGB_Db@OoEj@Az@Kt@K|Fs@ZE~@MXG\Kb@KZfEFp@Dt@L~ADd@Bd@Bf@@f@?f@@b@?V?RAVARAPE^ERG^I^G\GVGZGTGVIZGRGPGPGPGNOXMVMRQVW`@mAtByAlCINGNGNCRCLAR?^GpH?|Cj@RRJPFLLLLHTf@hBBFJRDFN[Xs@jAgCtBaEzCqGlAuCHUz@t@	Click to Generate
S26	60	1			3	Carter Hall Road, Charnock (S26)	Charnock Hall Road (S26)	The Admiral (S26)	6930	5198	kbsdId~tGPbAPlA@HBR`@?P?^@f@@h@H`AHVBF?^DrANZBN@lBRr@Jv@HTFZJb@Nb@R^Tb@^PPl@n@~@dAVJHBJ@FBH@F?JCH?\m@V[TUBEj@g@LMJKNOJKHIFIFOHUDQLe@Jm@BOf@qCd@}BtAiHNy@Lu@Jo@Jw@PkB@ILcBDBD@PFrBp@hAb@vBv@~@ZJORSJILITINEx@Gx@GPAN@LFPPLTFJDNPr@FXBFH\Rx@Lb@Jb@?BFXDd@?X?ZE\iA|GG^Kb@GRGXU|@IZS~@c@~BiBeA[MECgC}@k@So@U_A]o@SiC}@k@Ug@Qg@Qu@YQEC?d@}BtAiHNy@Lu@Jo@Jw@PkB@ILcBBW@G@O@IDe@L}@Lu@Jw@DWVwAzBwLz@mERiAd@qCLo@@EHe@EGKSCGg@iBIUMMMMQGSKk@Sc@Os@YGEcCkA{@g@SKqBy@_D_BqCuAuAs@[QGC{@a@QKCECCAEACAIAE?I@K@M@OCEAEAGAEMgAEOEUKUIQKKOMgHiDkCoAmCoAkCsAo@Yq@[_@QCCCCACGMfAcBVa@p@gAj@{@LUj@y@HKzCcFT]DGDI`@o@N\_EpGUZA@EBE?KMIJk@x@MTk@z@q@fAW`@gAbBMTe@r@eAdBiAlBiAnBOXKPgBfDWb@OXKPINCFe@x@CFIPEHEFGL[j@c@z@Yr@i@jAUl@e@jAITO^K\CFIPFHDFBF`@~@JVN\BDLZBHZr@hApCtAdD\~@f@`BTv@@DHXT`A?Dt@xCj@xBTbAH\H^r@lCLf@XlAp@rCTbA`@rBjAxGhAdH?@	Click to Generate
S26	60	1			3	Outwood Academy City (S26)	The Strad (S26)	Grayson's Plumbing & Heating Supplies (S26)	5398	4048	eatdIlooG??Dc@@IVFD?@@DAA[?IAo@CaAAm@CiACsAAyA?wA?S?mA?}A?s@?eB?U?y@?[?g@?E?O?Y?QAe@AMEWCUM]Q]A?EECCGKCKAI?I?I?M@E@SBg@BYHc@BW@[B[@W?WAq@IqCA]CYCSWoBS}AGa@My@WyAUuAIF]Ty@p@m@l@i@n@EI]w@[w@_@s@_@o@U]q@}@SQMIKGMCYGk@I]EG`C?HCjAC|@?x@AXAjB?~A?~@?~C?t@BH?T?NCL?f@?J?R@JPxE@R?NBx@?R?H@V@|@L?@?F?FEBI?YCa@?QDKJEPAj@JN@LCVEREX@HDDJ@T?|E@n@LdB?p@?jA?pAAjBG~BI`BHaBF_C@kB?}C?q@MeBAo@?}EAUEKIEYASDWDMBOAk@KQ@KDEJ?PB`@?XCHGDG?A?M??T?B@d@@b@@fA@t@?\Az@I?s@Ei@AM@GFETA^G~BA`AE|@Gn@In@Kl@GXIGCCEECHCJMVMKCFEDAF@FADGNg@|Ag@~AABYz@GFG?]AAZ?N`@@ZBD?D@`@sABMHUL_@Nc@HWb@uABI\gAFYJm@Ho@Fo@D}@@aAF_C@_@DUFGLAh@@r@DH?@{@?]Au@AgAAc@Ae@?C?UA}@AW?I?SCy@?OASQyEAK?S?K?g@BM?O?UCI?u@?_D?_A?_B@kB@Y?y@B}@BkA?IFaC\Dj@HXFLBJFLHRPp@|@T\^n@^r@Zv@\v@DHh@o@l@m@x@q@\UHGTtAVxALx@F`@R|AVnBBRBX@\HpC@p@?VAVCZAZCV?T@N@JBLHJFPDDBDDHBP@H?HAHAJAR?VBh@?p@@L@d@?P?X?N?D?f@?Z?x@?T?dB?r@?|A?lA?R?vA@xABrABhA@l@B`A@n@?H@ZE@AAE?WGAHEb@??	Click to Generate
S26	45	1			3	The Strad (S26)	Outwood Academy City (S26)	Stradbroke Community Centre (S26)	3990	2992	oaudIfmoGL_@f@_Bf@}AFO@EAG@GDEBGLJLWBKBIDDBBHFFYJm@Ho@Fo@D}@@aAF_C@_@DUFGLAh@@r@DH?@{@?]Au@AgAAc@Ae@?C?UL?@?F?FEBI?YCa@?QDKJEPAj@JN@LCVEREX@HDDJ@T?|E@n@LdB?p@?jA?pAAjBG~BI`BHaBF_C@kB?}C?q@MeBAo@?}EAUEKIEYASDWDMBOAk@KQ@KDEJ?PB`@?XCHGDG?A?M??T?B@d@@b@@fA@t@?\Az@ExCGtDAZCf@Gt@M|@Mp@IXIXQd@ITUp@qAxDOb@GRKZKf@Kn@Kp@SpAM~@SbAWpAGTYhAg@nBSt@Ur@Qj@Qj@CHGRy@fDIZU~@c@dB_@`B[nAeAnEENCLe@k@EEi@}@k@gACEUe@FMp@}BDQ?KUu@Ka@CYA[?_@?UBYDSDSDMFCFUTULOc@d@GTGBELERERCX?T?^@ZBXJ`@Tt@?JEPq@|BGLTd@BDj@fAh@|@DDd@j@BMDOdAoEZoA^aBb@eBT_AH[x@gDEGa@k@OWMUU[S[DMZ{@f@{AZcAPw@BKbAmFNq@\kBHc@f@wBEAE?[Ca@A?O@[\@F?FGL_@	Click to Generate
S26	45	1			3	Charnock Hall Road (S26)	Carter Hall Lane (S26)	Carter Hall Road, Charnock (S26)	3650	2738	aipdIbjtGKq@EQUc@KVO^}BbGw@pBELEJQd@K\}@tEKZMVKLOHUDQ?QE_Ao@hA}GD]?[?YEe@GY?CKc@Mc@Sy@I]CGGYQs@EOGKMUQQMGOAQ@y@Fy@FAe@AYBO@EJ]HSHQJWVe@Vg@@KBOBGVg@^cAr@aCfAkDZoAJ]`@}@l@oAZk@nAiCPWPQ`@W^Sn@U^CFA`@D`@H~@Z\J?n@@HHPIQAI?o@]K_A[a@Ia@Eg@Do@T_@Ra@VQPQVoAhC[j@m@nAa@|@K\[nAgAjDs@`C_@bAWf@CFCNAJWf@Wd@KVIPIRK\ADCN@X@d@ODUHMHKHSRKNq@rAO\KVKZOf@_AtCuBeCKKOKx@}HhAb@vBv@~@ZJORSJILITINEx@Gx@GPAN@LFPPLTFJDNPr@p@i@TYNYhBaFBGlCiHPc@HOLIHENAJBLJHJJTd@nAVv@^nAJ\D^?ZA\CVIXq@hBIRTb@DPJp@	Click to Generate
S26	20	1			3	Frecheville Post Office (S26)	St Cyprian (S26)	The Co-operative Food (S26)	2000	1500	gyrdIpxpGiBxCW\EBE?KMzCcFT]DGDI`@o@V_@V_@d@q@n@aAJOl@_ANU`@q@DJ@H?JAHuBfDMT_@n@E@A@C?IEMKW^W^N\Zz@N\L\N\rAfD^k@tBeD^k@z@uAtBeDsAgDnB}CZg@pDuFyAoDo@`AuAxBm@|@GJEFEH{@rAc@r@eAdB_@h@e@t@a@p@OTm@~@KNo@`Ae@p@W^W^N\uAvB	Click to Generate
S26	20	1			3	The Birley (S26)	Safa (S26)	St Cyprian (S26)	1694	1270	izrdI`zpGgAhBW\EBE?KMzCcFT]DGDI`@o@V_@V_@LJHDB?@AZv@JTHTYd@M@KMGEI?MP[{@O]V_@V_@d@q@n@aAJOk@oAACi@uAh@tAl@rAKNo@`Ae@p@W^W^N\Zz@N\L\N\l@}@pD{FPYr@cA`AaBrAfDuBdD{@tA_@j@uBdD_@j@sAgDO]M]O][{@wBfD	Click to Generate
S26	60	1			3	Birley Moor Garden Centre (S26)	Birley Moor Fire Station (S26)	Ridgeway Primary School (S26)	5558	4168	umpdIpxmGGFE?ECEKIm@?OBQFWBS?OAMCKCG[y@oCdERb@LPD?DC??NUOTEBE?MQSc@{A~BgHvKi@z@`@`AL\@T]f@OAGK??FJN@\g@AUM]a@aAh@{@fHwKzA_CnCeE`FyHvBsD~@eBrBkELULSRSxBwBTSHKJKxD_GFLHTDZB`@BpA?HBhCBdABvCBj@Bh@Fn@Dh@Jl@Hf@x@fFLbAPhBHz@@T@`@@`@?D?ZAZE`@EZOh@}@jCaAjCw@hBSh@ADI\EJMl@SlAU|ASbBMlAWvEG~@AXAJUbDDJJb@FNF@PHxArAdB`Bb@^j@h@DBh@\`@RXJB@PJRJTPVZ`@h@]zCw@Uw@WIC@ERaBF{@Bu@CAYK_@QAAi@]ECk@i@c@_@eBaByAsAQIGAGOKc@EKTcD@K@YF_AVwELmARcBT}ARmALm@DKH]@ERi@v@iB`AkC|@kCNi@D[Da@@[?[?EAa@Aa@AUI{@QiBMcAy@gFIg@Km@Ei@Go@Ci@Ck@CwCCeACiC?ICqACa@E[IUGMyD~FKJIJURyBvBSRMRMTsBjE_AdBwBrDaFxHZx@BFBJ@L?NCRGVCP?NHl@DJDBD?FG	Click to Generate
S26	30	1			3	The Birley Academy (S26)	The Fairway (S26)	Birley Wood Golf Club (S26)	2101	1576	_bqdItxpG^Gv@K[gEc@J]JYF_AL[D}Fr@u@J{@Jk@@NnE~Cc@??FCBEXEB?H?BDJZ^fB_@gBK[CEI?C?YDCDGB_Db@OoEj@Az@Kt@K|Fs@ZE~@MXG\Kb@KI_AGg@AOAICUEo@AUEk@?ECc@Ew@AKAS?YCmBA{@Aa@?UAUAWEk@AW@AB???TI\C??]BLxAz@J??{@KMyAUH??C?A@@VDj@@V@T?T@`@@z@BlB?X@R@JDv@Bb@?DDj@@TDn@BT@H@NFf@H~@ZfEw@J_@F	Click to Generate
S26	20	1			3	Meraki (S26)	Frecheville Post Office (S26)	St Cyprian (S26)	1866	1400	q|rdIj}pG??W\EBE?KMzCcFT]DGDI`@o@N\m@~@qCpEW\EBE?KMzCcFT]DGDI`@o@V_@V_@d@q@n@aAJOl@_ANU`@q@DJ@H?JAHuBfDMT_@n@E@A@C?IEMKW^W^N\Zz@N\L\N\l@}@pD{FPYr@cA`AaBrAfDuBdD{@tA_@j@uBdD_@j@sAgDO]M]O][{@_EpG	Click to Generate
S26	30	1			3	Grandpa Joe's Potting Shed (S26)	Birley Caravan Storage (S26)	UK Welder (S26)	2996	2247	qaqdIjnnGFJN@\g@AUM]a@aAh@{@fHwKzA_CRb@Y`@ADAF@HHVNb@Rd@BJDBDBFAZMFAD?E?G@[LG@ECECCKc@iAIWAI@G@EXa@Sc@nCeEZx@BFBJ@L?NCRGVCP?NHl@DJDBD?FG??GFE?ECEKIm@?OBQFWBS?OAMCKCG[y@oCdE{A~BgHvKi@z@KN_@h@KNEFW^CBLXDJDHJd@Jd@Jf@@LF`ABz@@|@?v@Al@Ep@Et@Gx@Ed@Af@Af@?|@@v@?d@Ab@CdBA`@AX?ZAZ?\@V@d@?TB`@@\A@C?E@M@M@Y?_A@gAB]@e@H_@JC?KBYJUFq@Zo@^SkAUeASaAQ{@Ms@IYG[Qm@AEOg@EKCKISUk@AEEIGIEKJQjPwV`@m@FIFIBEFKBCV_@DGJO^i@JO`@`AL\@T]f@OAGK	Click to Generate
S26	30	1			3	Birley Caravan Storage (S26)	Birley Moor Fire Station (S26)	The Fairway (S26)	2450	1838	qrpdIxxmGEBE?MQSc@nCeEZx@BFBJ@L?NCRGVCP?NHl@DJDBD?FG??GFE?ECEKIm@?OBQFWBS?OAMCKCG[y@oCdE{A~BgHvKi@z@`@`AL\@T]f@OAGK??FJN@\g@AUM]a@aAKN_@h@KNEFW^CBLXDJDHJd@Jd@Jf@@LF`ABz@@|@?v@Al@Ep@Et@Gx@Ed@Af@Af@?|@@v@?d@Ab@CdBA`@AX?ZAZ?\@V@d@?TB`@@\HbA@P@AB???TI\C??]BUH??C?A@AQIcAA]Ca@?UAe@AW?]@[?[@Y@a@BeB@c@?e@Aw@?}@@g@@g@De@Fy@Du@Dq@@m@?w@A}@C{@GaAAMKg@Ke@U[EGEMKWFKBCV_@DGJO^i@JOh@{@fHwKzA_CRb@LPD?DC	Click to Generate
S26	30	1			3	The Birley Academy (S26)	St Cyprian (S26)	Frecheville Library (S26)	2659	1994	}}qdIplqGL\H\?J?JAHCFCJGDo@p@kAuFEKCIBY@[?sE?o@x@BD?x@B\@\AXGFAXK^UTOHGZMZGF?|BW~Cc@??FCBEXEB?H?BDJZ^fB_@gBK[CEI?C?YDCDGB_Db@OoEe@C[IUGME[QUOCA[W_@c@[g@]c@]]UKSKC?GC_AWADc@jGKjAMOKOMYYs@IWoA{CuBdD{@tA_@j@uBdD_@j@sAgDl@}@t@mAzBmDPYr@cA`AaBrAfDnAzCHVXr@LXJNLNAZA`@An@?j@AzA?n@?rEAZCXBHDJjAtFn@q@FEBKBG@I?K?KI]M]	Click to Generate
S26	20	1			3	Birley Spa Primary Academy (S26)	Spa View Community Church (S26)	GoLocal (S26)	2042	1532	oordIx{mGZ@d@AJ?VN`@d@^d@Xf@h@lABFD@JIFGVj@l@fAu@fBMP_@l@SZKSEIIEI?GFU^y@qBEEEAEFsArBrAsBDGD@DDRf@d@hAT_@FGH?HDDHJRMRc@p@CHCHETCT?TBZHX\v@Pb@N`@`CdGVa@LSNUdA}ALONKPGPCb@@`@??}@@qBQ_@QYm@cAGI{@sASYm@_AGKa@o@L_@Jc@DSBKD]@IDa@@_@@a@@i@?a@@_@B]KEGAE?G@CAEACG?E?GAGGKUOTNFJ??@F?F?DBFD@B@FAD?F@JDC\A^?`@Ah@A`@A^E`@AHPXJL^`@e@pAK@K^GKa@o@Wg@m@gAWk@GFKHEACGi@mAYg@_@e@a@e@WOK?e@@[A	Click to Generate
S26	20	1			3	Birley Spa (S26)	Golden Plover (S26)	Spa View Community Church (S26)	1967	1475	alrdItinGd@hAT_@FGH?HDDHJRMRc@p@CHCHETCT?TBZHX\v@Pb@N`@`CdGVa@LSNUdA}ALONKPGPCb@@`@??}@@qBQ_@QYm@cAGI{@sASYm@_AGKa@o@Wg@m@gAWk@GFKHEACGi@mAYg@_@e@a@e@WOK?e@@[AO?E?e@Ed@DD?j@@d@AJ?VN`@d@^d@Xf@h@lABFD@JIFGVj@l@fAVf@`@n@FJJ_@JATo@Na@k@o@QY@IDa@@_@@a@@i@?a@@_@B]KEGAE?G@CAEACG?E?GAGGKUOTNFJ??@F?F?DBFD@B@FAD?F@JDC\A^?`@Ah@A`@A^E`@AHE\CJERKb@M^Wg@u@fBMP_@l@SZKSEIIEI?GFU^e@iA	Click to Generate
S26	60	1			3	The Fairway (S26)	Birley Health Centre (S26)	The Phoenix Inn (S26)	5254	3940	g_qdIx|oG{@KMyA\C??]BUH??C?A@@VDj@@V@T?T@`@@z@BlB?X@R@JDv@Bb@?DDj@@TDn@BT@H@NFf@H~@ZfEw@J_@F??^Gv@KFp@Dt@L~ADd@Bd@Bf@@f@?f@@b@?V?RAVARAPE^ERG^I^G\GVGZGTGVIZGRGPGPGPGNOXMVMRQVW`@mAtByAlCINGNGNCRCLAR?^GpH?|Cj@RRJPFLLLLHTf@hBBFJRDFN[Xs@jAgCtBaEzCqGlAuCHUj@_BFQfDkLv@qCb@_Bf@_Bx@mChAsD`A_Dt@cDToATwAL_AJw@Ho@BURuALcADYTNUfC@HBHRZJJLJPHQIMKKKKQGICIAITgCUOEXMbAStACTIn@Kv@M~@UvAUnAu@bDaA~CiArDy@lCg@~Ac@~Aw@pCgDjLGPk@~AITmAtC{CpGuB`EkAfCYr@OZEGKSCGg@iBIUMMMMQGSKk@S?}CFqH?_@@SBMBSFOFOHOxAmClAuBVa@PWLSLWNYFOFQFQFQFSH[FWFUF[FWF]H_@F_@DSD_@@Q@S@W?S?WAc@?g@Ag@Cg@Ce@Ee@M_BEu@Gq@[gEI_AGg@AOAICUEo@AUEk@?ECc@Ew@AKAS?YCmBA{@Aa@?UAUAWEk@AW@AB???TILxAz@J	Click to Generate
S26	20	1			3	Golden City (S26)	The Sherwood (S26)	St Cyprian (S26)	1787	1340	q{rdI|{pG_@l@W\EBE?KMzCcFT]DGDI`@o@N\U\iDrFW\EBE?KMzCcFT]DGDI`@o@V_@V_@d@q@IUCE?OOVEC[s@?Ac@r@\t@`@s@DBNW?NBDHTe@p@W^W^N\Zz@N\L\N\l@}@pD{FPYr@cA`AaBrAfDuBdD{@tA_@j@uBdD_@j@sAgDO]M]O][{@_DbF	Click to Generate
S26	60	1			3	View from Carter Hall Lane to Sunny Bank (S26)	Arnold Avenue in Charnock Hall (S26)	Charnock Hall Road (S26)	5234	3926	ckpdIp`sG_@Bo@T_@Ra@VQPQVoAhC[j@m@nAa@|@K\[nAgAjDs@`C_@bAWf@CFCNAJWf@Wd@KVIPIRK\ADCN@X@d@ODUHMHKHSRKN_A[aE{AsBq@QGEAECBW@G@O@IDe@L}@Lu@Jw@DWVwAzBwLz@mERiAd@qCLo@@EHe@N[Xs@jAgCtBaEzCqGlAuCHUz@t@??{@u@ITmAtC{CpGuB`EkAfCYr@OZId@ADMn@e@pCShA{@lE{BvLWvAEVKv@Mt@M|@Ed@AHANAFCVDBD@PFrBp@`EzA~@ZJORSJILITINEx@Gx@GPAN@LFPPLTFJDNPr@p@i@TYNYhBaFBGlCiHPc@HOLIHENAJBLJHJJTd@nAVv@^nAJ\D^?ZA\CVIXq@hBIRTb@DPJp@Ff@TbB?L?NABCJQf@[dAGLEHGDG@G@IC_BqAKMOQw@pBELEJQd@K\}@tEKZMVKLOHUDQ?QE_Ao@hA}GD]?[?YEe@GY?CKc@Mc@Sy@I]CGGYQs@EOGKMUQQMGOAQ@y@Fy@FAe@AYBO@EJ]HSHQJWVe@Vg@@KBOBGVg@^cAr@aCfAkDZoAJ]`@}@l@oAZk@nAiCPWPQ`@W^Sn@U^C	Click to Generate
S26	45	1			3	Charnock Hall Road (S26)	Arnold Avenue in Charnock Hall (S26)	Carter Hall Lane (S26)	3396	2547	qiqdIdgtGvBv@~@ZJORSJILITINEx@Gx@GPAN@LFPPLTFJDNPr@FXBFH\Rx@Lb@Jb@?BFXDd@?X?ZE\iA|G~@n@PDP?TENIJMLWJ[|@uEJ]Pe@DKDMv@qBNPJL~ApAHBFAFAFEDIFMZeAPg@BK@C?O?MUcBGg@Kq@EQUc@HSp@iBHYBW@]?[E_@K]_@oAWw@e@oAKUIKMKKCO@IDMHINQb@mChHCFiB`FOXUXq@h@Qs@EOGKMUQQMGOAQ@y@Fy@FAe@AYBO@EJ]HSHQJWVe@Vg@@KBOBGVg@^cAr@aCfAkDZoAJ]`@}@l@oAZk@nAiCPWPQ`@W^Sn@U^CFA`@D`@H~@Z\J?n@@HHPIQAI?o@]K_A[a@Ia@Eg@Do@T_@Ra@VQPQVoAhC[j@m@nAa@|@K\[nAgAjDs@`C_@bAWf@CFCNAJWf@Wd@KVIPIRK\ADCN@X@d@ODUHMHKHSRKN_A[wBw@	Click to Generate
S26	45	1			3	Arnold Avenue in Charnock Hall (S26)	Carter Hall Road, Charnock (S26)	Carter Hall Lane (S26)	3693	2770	qwpdIbqtG?BFXDd@?X?ZE\iA|G~@n@PDP?TENIJMLWJ[|@uEJ]Pe@DKDMv@qBNPJL~ApAHBFAFAFEDIFMZeAPg@BK@C?O?MUcBGg@Kq@EQUc@HSp@iBHYBW@]?[E_@K]_@oAWw@e@oAKUIKMKKCO@IDMHINQb@mChHCFiB`FOXUXq@h@Qs@EOGKMUQQMGOAQ@y@Fy@FODUHMHKHSRKNq@rAO\KVKZOf@_AtCuBeCKKOKx@}HhAb@vBv@~@ZJORSJILITINEAe@AYBO@EJ]HSHQJWVe@Vg@@KBOBGVg@^cAr@aCfAkDZoAJ]`@}@l@oAZk@nAiCPWPQ`@W^Sn@U^CFA`@D`@H~@Z\J?n@@HHPIQAI?o@]K_A[a@Ia@Eg@Do@T_@Ra@VQPQVoAhC[j@m@nAa@|@K\[nAgAjDs@`C_@bAWf@CFCNAJWf@Wd@KVIPIRK\ADCN@X@d@x@Gx@GPAN@LFPPLTFJDNPr@FXBFH\Rx@Lb@Jb@	Click to Generate
S26	20	1			3	Safa (S26)	Meraki (S26)	St Cyprian (S26)	1531	1148	cqrdIbupGu@lAm@|@O]M]O][{@O]V_@V_@d@q@n@aAJOk@oAACi@uAh@tAl@rAKNo@`Ae@p@W^W^N\m@~@qCpEW\EBE?KMzCcFT]DGDI`@o@N\Zz@N\L\N\rAfD^k@tBeD^k@z@uAtBeDsAgDaA`Bs@bAQX{BlD	Click to Generate
S26	20	1			3	The Birley (S26)	Safa (S26)	St Cyprian (S26)	1694	1270	}yrdIpypGsAxBW\EBE?KMzCcFT]DGDI`@o@V_@V_@LJHDB?@AZv@JTHTYd@M@KMGEI?MP[{@O]V_@V_@d@q@n@aAJOk@oAACi@uAh@tAl@rAKNo@`Ae@p@W^W^N\Zz@N\L\N\l@}@pD{FPYr@cA`AaBrAfDuBdD{@tA_@j@uBdD_@j@sAgDO]M]O][{@kBvC	Click to Generate
S26	20	1			3	Meraki (S26)	St Cyprian (S26)	Kieu’s Nails (S26)	1657	1243	msrdIxppG_@n@E@A@C?IEMKW^W^N\m@~@qCpEW\EBE?KMzCcFT]DGDI`@o@N\Zz@N\L\N\l@}@pD{FPYr@cA`AaBrAfDuBdD{@tA_@j@uBdD_@j@sAgDO]M]O][{@{DhGCFW\EBE?KMzCcFT]DGDI`@o@V_@V_@LJHDB?@ADA^o@	Click to Generate
S26	15	1			3	Bullie Ink Tattoo Collective (S26)	The Sherwood (S26)	St Cyprian (S26)	1437	1078	gwrdIvupGiCdE_@l@W\EBE?KMzCcFT]DGDI`@o@V_@V_@d@q@IUCE?OOVEC[s@?Ac@r@\t@`@s@DBNW?NBDHTe@p@W^W^N\Zz@N\L\N\l@}@pD{FPYr@cA`AaBrAfDuBdD{@tA_@j@uBdD_@j@sAgDO]M]O][{@U\	Click to Generate
S26	30	1			3	Spa View Community Church (S26)	Birley Spa Primary Academy (S26)	Birley Spa (S26)	2145	1609	oardIhfnGNa@k@o@QY@IDa@@_@@a@@i@?a@@_@B]KEGAE?G@CAEACG?E?GAGGKUOTNFJ??@F?F?DBFD@B@FAD?F@JDC\A^?`@Ah@A`@A^E`@AHE\CJERKb@M^Wg@u@fBMP_@l@SZKSEIIEI?GFU^y@qBEEEAEFsArBrAsBDGD@DDRf@d@hAT_@FGH?HDDHJRMRc@p@CHCHETCT?TBZHX\v@Pb@N`@`CdGVa@LSNUdA}ALONKPGPCb@@`@??}@@qBQ_@QYm@cAGI{@sASYm@_AGKa@o@Wg@m@gAWk@GFKHEACGi@mAYg@_@e@a@e@WOK?e@@[AO?E?e@Ed@DD?j@@d@AJ?VN`@d@^d@Xf@h@lABFD@JIFGVj@l@fAVf@`@n@FJJ_@JATo@	Click to Generate
S26	30	1			3	Spa View Community Church (S26)	Birley Spa Primary Academy (S26)	Birley Spa (S26)	2110	1582	_brdIddnGKMQY@IDa@@_@@a@@i@?a@@_@B]KEGAE?G@CAEACG?E?GAGGKUOTNFJ??@F?F?DBFD@B@FAD?F@JDC\A^?`@Ah@A`@A^E`@AHE\CJERKb@M^Wg@u@fBMP_@l@SZKSEIIEI?GFU^y@qBEEEAEFsArBrAsBDGD@DDRf@d@hAT_@FGH?HDDHJRMRc@p@CHCHETCT?TBZHX\v@Pb@N`@`CdGVa@LSNUdA}ALONKPGPCb@@`@??}@@qBQ_@QYm@cAGI{@sASYm@_AGKa@o@Wg@m@gAWk@GFKHEACGi@mAYg@_@e@a@e@WOK?e@@[AO?E?e@Ed@DD?j@@d@AJ?VN`@d@^d@Xf@h@lABFD@JIFGVj@l@fAVf@L_@Jc@DSBKD]PXJL	Click to Generate
S26	30	1			3	Birley Caravan Storage (S26)	Birley Moor Fire Station (S26)	The Fairway (S26)	2522	1892	mspdI`|mGOc@IWAI@G@EXa@Sc@nCeEZx@BFBJ@L?NCRGVCP?NHl@DJDBD?FG??GFE?ECEKIm@?OBQFWBS?OAMCKCG[y@oCdE{A~BgHvKi@z@`@`AL\@T]f@OAGK??FJN@\g@AUM]a@aAKN_@h@KNEFW^CBLXDJDHJd@Jd@Jf@@LF`ABz@@|@?v@Al@Ep@Et@Gx@Ed@Af@Af@?|@@v@?d@Ab@CdBA`@AX?ZAZ?\@V@d@?TB`@@\HbA@P@AB???TI\C??]BUH??C?A@AQIcAA]Ca@?UAe@AW?]@[?[@Y@a@BeB@c@?e@Aw@?}@@g@@g@De@Fy@Du@Dq@@m@?w@A}@C{@GaAAMKg@Ke@U[EGEMKWFKBCV_@DGJO^i@JOh@{@fHwKzA_CRb@Y`@ADAF@HHVNb@	Click to Generate
S26	45	1			3	The Strad (S26)	Outwood Academy City (S26)	Stradbroke Community Centre (S26)	3990	2992	caudIjloG@Cf@_Bf@}AFO@EAG@GDEBGLJLWBKBIDDBBHFFYJm@Ho@Fo@D}@@aAF_C@_@DUFGLAh@@r@DH?@{@?]Au@AgAAc@Ae@?C?UL?@?F?FEBI?YCa@?QDKJEPAj@JN@LCVEREX@HDDJ@T?|E@n@LdB?p@?jA?pAAjBG~BI`BHaBF_C@kB?}C?q@MeBAo@?}EAUEKIEYASDWDMBOAk@KQ@KDEJ?PB`@?XCHGDG?A?M??T?B@d@@b@@fA@t@?\Az@ExCGtDAZCf@Gt@M|@Mp@IXIXQd@ITUp@qAxDOb@GRKZKf@Kn@Kp@SpAM~@SbAWpAGTYhAg@nBSt@Ur@Qj@Qj@CHGRy@fDIZU~@c@dB_@`B[nAeAnEENCLe@k@EEi@}@k@gACEUe@FMp@}BDQ?KUu@Ka@CYA[?_@?UBYDSDSDMFCFUTULOc@d@GTGBELERERCX?T?^@ZBXJ`@Tt@?JEPq@|BGLTd@BDj@fAh@|@DDd@j@BMDOdAoEZoA^aBb@eBT_AH[x@gDEGa@k@OWMUU[S[DMZ{@f@{AZcAPw@BKbAmFNq@\kBHc@f@wBEAE?[Ca@A?O@[\@F?FGX{@	Click to Generate
S26	20	1			3	The Admiral (S26)	Frecheville Post Office (S26)	St Cyprian (S26)	1515	1136	yxrdI~wpGwBjDUZA@EBE?KMzCcFT]DGDI`@o@V_@V_@d@q@n@aAJOl@_ANU`@q@DJ@H?JAHuBfDMT_@n@E@A@C?IEMKW^W^N\Zz@N\L\N\l@}@pD{FPYr@cA`AaBrAfDuBdD{@tA_@j@uBdD_@j@sAgDO]M]O][{@gAdB	Click to Generate
S26	20	1			3	Frecheville Post Office (S26)	St Cyprian (S26)	The Co-operative Food (S26)	2000	1500	_yrdIfxpGqBbDW\EBE?KMzCcFT]DGDI`@o@V_@V_@d@q@n@aAJOl@_ANU`@q@DJ@H?JAHuBfDMT_@n@E@A@C?IEMKW^W^N\Zz@N\L\N\rAfD^k@tBeD^k@z@uAtBeDsAgDnB}CZg@pDuFyAoDo@`AuAxBm@|@GJEFEH{@rAc@r@eAdB_@h@e@t@a@p@OTm@~@KNo@`Ae@p@W^W^N\mAlB	Click to Generate
S26	60	1			3	Outwood Academy City (S26)	Stradbroke Community Centre (S26)	WD Motors (S26)	7641	5731	_`udIvioGDOf@}AFO@ETXBBDDBI\gAFYJm@Ho@Fo@D}@@aAF_C@_@DUFGLAh@@r@DH?@{@?]Au@AgAAc@Ae@?C?UL?@?F?FEBI?YCa@?QDKJEPAj@JN@LCVEREX@HDDJ@T?|E@n@LdB?p@?jA?pAAjBG~BI`BHaBF_C@kB?}C?q@MeBAo@?}EAUEKIEYASDWDMBOAk@KQ@KDEJ?PB`@?XCHGDG?A?M??T?B@d@@b@@fA@t@?\Az@ExCGtDAZCf@Gt@M|@Mp@IXIXQd@ITUp@qAxDOb@GRKZKf@Kn@Kp@SpAM~@SbAWpAGTYhAg@nBSt@Ur@Qj@Qj@CHGRy@fDIZU~@c@dB_@`B[nAeAnEENCLe@k@EEi@}@k@gACEUe@FMp@}BDQ?KUu@Ka@CYA[?_@?UBYDSDSDMFCFUTULOc@d@GTGBELERERCX?T?^@ZBXJ`@Tt@?JEPq@|BGLTd@BDj@fAh@|@DDd@j@Z\^d@\n@Zr@\x@FLFJZh@BDFJBFDFDDf@t@HLX^T\Rd@Vd@Pb@Tp@Tv@T`At@bCl@fCZtAPbARbAV~APnAPvADd@@L??@\@T@N?P?VAf@Ad@MjCF@D?@?DCDEDIDQv@iDh@wBPu@Jq@XqCj@uFHs@De@rC{Wn@_GLgAHg@BYLy@NkAxAaJ@CJs@d@sCD]LeANaA^yBTmAn@sDXgBHk@Hc@Da@BY@]?g@Ac@?GA[E@AAE?WGAHEb@??E^ERETEl@Iz@KhAC`ABaAJiAH{@Dm@DUDSD_@Dc@@IVFD?@@DAA[?IAo@CaAAm@CiACsAAyA?wA?S?mA?}A?s@?eB?U?y@?[?g@?E?O?Y?QAe@AMEWCUM]Q]A?EECCGKCKAI?I?I?M@E@SBg@BYHc@BW@[B[@W?WAq@IqCA]CYCSWoBS}AGa@My@WyAUuAIF]Ty@p@m@l@i@n@EI]w@[w@_@s@_@o@U]q@}@SQMIKGMCYGk@I]EG`C?HCjAC|@?x@AXAjB?~A?~@?~C?t@BH?T?NCL?f@?J?R@JPxE@R?NBx@?R?H@V@|@?T?B@d@@b@@fA@t@?\Az@I?s@Ei@AM@GFETA^G~BA`AE|@Gn@In@Kl@GX]fACHEECCUYADGNg@|AEN	Click to Generate
S26	30	1			3	Birley Spa Primary Academy (S26)	Birley Spa (S26)	Our Lady of Lourdes (S26)	2496	1872	ubrdIpanG??E`@AHE\CJERKb@M^Wg@u@fBMP_@l@SZKSEIIEI?GFU^y@qBEEEAEFsArBrAsBDGD@DDRf@d@hAT_@FGH?HDDHJRMRc@p@CHCHETCT?TBZHX\v@Pb@N`@`CdGVa@LSNUdA}ALONKPGPCb@@`@??}@@qBQ_@QYm@cAGI{@sASYm@_AGKa@o@Wg@m@gAWk@GFKHEACGi@mAYg@_@e@a@e@WOK?e@@[AO?E?e@Ed@DD?j@@d@AJ?VN`@d@^d@Xf@h@lABFD@JIFGVj@l@fAVf@L_@Jc@DSBKD]@IDa@@_@@a@@i@?a@@_@B]Fa@?ABQNyAPoAb@sDHo@@IDQHSHOPQNIBLBVF\Ld@L^Vj@lAhByBjFIPIReA`CSWMOMEMCOAO?Ah@A`@A^	Click to Generate
S26	20	1			3	Meraki (S26)	Frecheville Post Office (S26)	St Cyprian (S26)	1866	1400	m|rdIb}pGCFW\EBE?KMzCcFT]DGDI`@o@N\m@~@qCpEW\EBE?KMzCcFT]DGDI`@o@V_@V_@d@q@n@aAJOl@_ANU`@q@DJ@H?JAHuBfDMT_@n@E@A@C?IEMKW^W^N\Zz@N\L\N\l@}@pD{FPYr@cA`AaBrAfDuBdD{@tA_@j@uBdD_@j@sAgDO]M]O][{@{DhG	Click to Generate
S26	20	1			3	The Fairway (S26)	Birley Health Centre (S26)	The Birley Academy (S26)	2045	1534	mnqdIjyoGDCTGXKNC^Kd@I\AfAC~@AX?LALADAB?@AHbA@P@AB???TI\C??]BUH??C?A@@VDj@@V@T?T@`@@z@BlB?X@R@JDv@Bb@?DDj@@TDn@BT@H@NFf@H~@ZfEw@J_@F??^Gv@K[gEc@J]JYF_AL[D}Fr@u@J{@Jk@@NnE~Cc@??FCBEXEB?H?BDJZ^fB_@gBK[CEI?C?YDCDGB_Db@OoEj@Az@Kt@KQmECUAWAYUwECc@I_AMoAOgASsAn@_@j@W	Click to Generate
S26	20	1			3	Meraki (S26)	Frecheville Post Office (S26)	St Cyprian (S26)	1866	1400	y|rdIt}pGOREBE?KMzCcFT]DGDI`@o@N\m@~@qCpEW\EBE?KMzCcFT]DGDI`@o@V_@V_@d@q@n@aAJOl@_ANU`@q@DJ@H?JAHuBfDMT_@n@E@A@C?IEMKW^W^N\Zz@N\L\N\l@}@pD{FPYr@cA`AaBrAfDuBdD{@tA_@j@uBdD_@j@sAgDO]M]O][{@_EpGGH	Click to Generate
S26	20	1			3	The Birley (S26)	Safa (S26)	St Cyprian (S26)	1694	1270	e{rdIj{pGk@~@W\EBE?KMzCcFT]DGDI`@o@V_@V_@LJHDB?@AZv@JTHTYd@M@KMGEI?MP[{@O]V_@V_@d@q@n@aAJOk@oAACi@uAh@tAl@rAKNo@`Ae@p@W^W^N\Zz@N\L\N\l@}@pD{FPYr@cA`AaBrAfDuBdD{@tA_@j@uBdD_@j@sAgDO]M]O][{@sCpE	Click to Generate
S26	20	1			3	Frecheville Post Office (S26)	Kieu’s Nails (S26)	St Cyprian (S26)	1866	1400	_xrdIxvpGqCpEW\EBE?KMzCcFT]DGDI`@o@V_@V_@d@q@n@aAJOl@_ANU`@q@DJ@H?JAHuBfDMT_@n@E@A@C?IEMKW^W^N\{DhGCFW\EBE?KMzCcFT]DGDI`@o@N\Zz@N\L\N\l@}@pD{FPYr@cA`AaBrAfDuBdD{@tA_@j@uBdD_@j@sAgDO]M]O][{@m@~@	Click to Generate
S26	30	1			3	The Fairway (S26)	Birley Health Centre (S26)	The Co-operative Food (S26)	2872	2154	{nqdIryoGRKTGXKNC^Kd@I\AfAC~@AX?LALADAB?@AHbA@P@AB???TI\C??]BUH??C?A@@VDj@@V@T?T@`@@z@BlB?X@R@JDv@Bb@?DDj@@TDn@BT@H@NFf@H~@ZfEw@J_@F??^Gv@K[gEc@J]JYF_AL[D}Fr@u@J{@Jk@@e@C[IUGME[QUOCA[W_@c@[g@]c@]]UKSKC?GC_AWx@_M?SASGSSk@yAoDo@`AuAxBm@|@GJEFEH{@rAc@r@eAdB_@h@e@t@a@p@C[@IDKj@y@DCPF^i@dAeB~AgCDIDGFKl@}@tAyBn@aAz@wABGPUXg@NSV_@Va@FIb@s@FIpAoBJMDJFHDH@DTj@HRBJDJNf@@DPl@FZHXLr@Pz@R`ATdARjAn@_@\O	Click to Generate
S26	20	1			3	Spa View Community Church (S26)	GoLocal (S26)	Birley Spa (S26)	1446	1084	k}qdIrjmGCMOHQPINIREPAHIn@c@rDQnAOxACP?@G`@KEGAE?G@CAEACG?E?GAGGKUOTNFJ??@F?F?DBFD@B@FAD?F@JDC\A^?`@Ah@A`@A^E`@AHPXJL^`@e@pAK@K^GKa@o@Wg@m@gAWk@GFKHEACGi@mAYg@_@e@a@e@WOK?e@@[AO?E?e@Ed@DD?j@@d@AJ?VN`@d@^d@Xf@h@lABFD@JIFGVj@l@fAVf@L_@Jc@DSBKD]@IDa@@_@@a@@i@?a@@_@B]Fa@?ABQNyAPoAb@sDHo@@IDQHSHOPQNIBL	Click to Generate
S26	60	1			3	The Strad (S26)	Grayson's Plumbing & Heating Supplies (S26)	WD Motors (S26)	5342	4006	yntdIpxnG?kA?q@MeBAo@?}EAUEKIEYASDWDMBOAk@KQ@KDEJ?PB`@?XCHGDG?A?M??T?B@d@@b@@fA@t@?\Az@I?s@Ei@AM@GFETA^G~BA`AE|@Gn@In@Kl@GXIGCCEECHCJMVMKCFEDAF@FADGNg@|Ag@~AABYz@GFG?]AAZ?N`@@ZBD?D@`@sABMHUL_@Nc@HWb@uABI\gAFYJm@Ho@Fo@D}@@aAF_C@_@DUFGLAh@@r@DH?@{@?]Au@AgAAc@Ae@?C?UA}@AW?I?SCy@?OASQyEAK?S?K?g@BM?O?UCI?u@?_D?_A?_B@kB@Y?y@B}@BkA?IFaC\Dj@HXFLBJFLHRPp@|@T\^n@^r@Zv@\v@DHh@o@l@m@x@q@\UHGTtAVxALx@F`@R|AVnBBRBX@\HpC@p@?VAVCZAZCV?T@N@JBLHJFPDDBDDHBP@H?HAHAJAR?VBh@?p@@L@d@?P?X?N?D?f@?Z?x@?T?dB?r@?|A?lA?R?vA@xABrABhA@l@B`A@n@?H@ZE@AAE?WGAHEb@??E^ERETEl@Iz@KhAC`ABaAJiAH{@Dm@DUDSD_@Dc@@IVFD?@@DAA[?IAo@CaAAm@CiACsAAyA?wA?S?mA?}A?s@?eB?U?y@?[?g@?E?O?Y?QAe@AMEWCUM]Q]A?EECCGKCKAI?I?I?M@E@SBg@BYHc@BW@[B[@W?WAq@IqCA]CYCSWoBS}AGa@My@WyAUuAIF]Ty@p@m@l@i@n@EI]w@[w@_@s@_@o@U]q@}@SQMIKGMCYGk@I]EG`C?HCjAC|@?x@AXAjB?~A?~@?~C?t@BH?T?NCL?f@?J?R@JPxE@R?NBx@?R?H@V@|@L?@?F?FEBI?YCa@?QDKJEPAj@JN@LCVEREX@HDDJ@T?|E@n@LdB?p@?jA	Click to Generate
S26	20	1			3	Golden City (S26)	The Sherwood (S26)	St Cyprian (S26)	1787	1340	}{rdIl|pGS\W\EBE?KMzCcFT]DGDI`@o@N\U\iDrFW\EBE?KMzCcFT]DGDI`@o@V_@V_@d@q@IUCE?OOVEC[s@?Ac@r@\t@`@s@DBNW?NBDHTe@p@W^W^N\Zz@N\L\N\l@}@pD{FPYr@cA`AaBrAfDuBdD{@tA_@j@uBdD_@j@sAgDO]M]O][{@kDrF	Click to Generate
S26	45	1			3	The Swan (S26)	The Phoenix Inn (S26)	St John the Evangelist (S26)	3873	2905	kmodItnoG`@RXJB@PJRJTPVZ`@h@r@t@j@b@r@d@E^U|AId@Q|A\NRHZ_CBOTo@HUF[aAi@s@e@k@c@s@u@a@i@W[UQSKQKCAYKa@Si@]ECk@i@c@_@eBaByAsAQIGAQDOHKJYdA[nAG`@_@lBOhA_@`ECVIr@]hCERTNUfC@HBHRZJJLJPHQIMKKKKQGICIAITgCUODS\iCHs@BW^aENiA^mBFa@ZoAXeAJKNIPEF@PHxArAdB`Bb@^j@h@DBh@\`@RXJB@PJRJTPVZ`@h@r@t@j@b@r@d@`Ah@@@`@NXFFBn@LH?b@F`@@d@?l@B^DL@vBj@jA\x@Rt@^VNv@`@`Bx@FDPFZLVHPDzA\dDt@@yA@{@Az@AxAeDu@{A]QEWI[MYMaBy@w@a@WOu@_@y@SkA]wBk@MA_@Em@Ce@?a@Ac@GI?o@MGCYGa@OAAaAi@s@e@k@c@s@u@a@i@W[UQSKQKCAYKa@S	Click to Generate
S26	30	1			3	Stradbroke Community Centre (S26)	Antico (S26)	The Strad (S26)	2747	2060	{vudIbwpGTTMh@EJ?BCF?BENEJEPX`@RZt@lAP\FMp@}BDQ?KUu@Ka@CYA[?_@?UBYDSDSDMFCFUTULOc@d@GTGBELERERCX?T?^@ZBXJ`@Tt@?JEPq@|BGLTd@BDj@fAh@|@DDd@j@BMDOdAoEZoA^aBb@eBT_AH[x@gDEGa@k@OWMUU[S[DMZ{@f@{AZcAPw@BKbAmFNq@\kBHc@f@wBEAE?[Ca@A?O@[\@F?FGL_@L_@f@_Bf@}AFO@EAG@GDEBGLJLWBKBIDDBBHF]fACHc@tAIVOb@M^ITCLa@rAg@vBIb@]jBOp@cAlFCJQv@[bAg@zA[z@ELRZTZLTNV`@j@DFy@fDIZU~@c@dB_@`B[nAeAnEENCLe@k@EEi@}@k@gACEUe@Q]u@mAS[Ya@DQDKDO?CBG?CDKLi@UU	Click to Generate
S26	45	1			3	The Swan (S26)	The Phoenix Inn (S26)	St John the Evangelist (S26)	3869	2902	imodIvnoG^PXJB@PJRJTPVZ`@h@r@t@j@b@r@d@E^U|AId@Q|A\NRHZ_CBOTo@HUF[aAi@s@e@k@c@s@u@a@i@W[UQSKQKCAYKa@Si@]ECk@i@c@_@eBaByAsAQIGAQDOHKJYdA[nAG`@_@lBOhA_@`ECVIr@]hCERTNUfC@HBHRZJJLJPHQIMKKKKQGICIAITgCUODS\iCHs@BW^aENiA^mBFa@ZoAXeAJKNIPEF@PHxArAdB`Bb@^j@h@DBh@\`@RXJB@PJRJTPVZ`@h@r@t@j@b@r@d@`Ah@@@`@NXFFBn@LH?b@F`@@d@?l@B^DL@vBj@jA\x@Rt@^VNv@`@`Bx@FDPFZLVHPDzA\dDt@@yA@{@Az@AxAeDu@{A]QEWI[MYMaBy@w@a@WOu@_@y@SkA]wBk@MA_@Em@Ce@?a@Ac@GI?o@MGCYGa@OAAaAi@s@e@k@c@s@u@a@i@W[UQSKQKCAYK_@Q	Click to Generate
S26	30	1			3	Frecheville Library (S26)	Meraki (S26)	The Co-operative Food (S26)	2503	1877	{srdIfkpGj@nAl@_ANU`@q@d@u@^i@dAeB~AgCDIDGFKl@}@tAyBn@aAxAnDqDtF[f@oB|CaA`Bs@bAQX{BlDu@lAm@|@O]M]O][{@m@~@qCpEW\EBE?KMzCcFT]DGDI`@o@V_@V_@d@q@n@aAJOl@_ANU`@q@d@u@^i@dAeBb@s@z@sADIDGFKl@}@tAyBn@aAz@wABGPUXg@N\@J?JCHGDGAGGOSQTCF{@vAo@`AuAxBm@|@GJEFEH_BfCeAdB_@h@e@t@a@p@OTm@~@k@oA	Click to Generate
S26	60	1			3	Birley Spa Primary Academy (S26)	Safa (S26)	Sleeping Giant (S26)	5985	4489	g`sdItboGJINGRGNCJCAs@Aq@?e@?G@e@Bo@Bk@Fq@JeADc@@Y@_@?]A_@Ca@Ei@Ig@?AKc@WcAk@wBMe@Og@Og@O]k@uAGQy@oBGO`@m@f@m@n@s@z@q@`@[|@o@VQLKLMV[HKXi@HMb@aAj@mA^}@Pc@p@oBDM`@uALe@JNHN@BDLHZLvAD`@D^Fn@Db@LtAB\Hp@F^JZNXPPTJRDNBT@ClA?T?j@B~@Ft@Fv@Jp@Lv@Np@DNJ\Rf@Vj@l@fAu@fBMP_@l@SZKSEIIEI?GFU^y@qBEEEAEFsArBrAsBDGD@DDRf@d@hAT_@FGH?HDDHJRMRc@p@CHCHETCT?TBZHX\v@_@j@QXKVGTCXCjAAl@ATCNEPc@v@g@v@GPEPCV?VDXDL@FXx@DFMRGREVAV@ZDTN^~@~BxArDJVFRBR@R?f@@d@DTFNL`@GJEFEH_BfCeAdB_@h@e@t@a@p@OTm@~@k@oAACi@uAh@tAl@rAl@_ANU`@q@d@u@^i@dAeB~AgCDIDGFKl@}@tAyBn@aAz@wABGPUXg@NSV_@Va@FIb@s@O]CII_@EWAUCa@?e@@c@?M@cF?S@sA?yA?}@@qBQ_@QYm@cAGI{@sASYm@_AGKa@o@Wg@m@gAWk@GFKHEACGi@mAYg@_@e@a@e@WOK?e@@k@AE???e@Ed@DD?j@@d@AJ?VN`@d@^d@Xf@h@lABFD@JIFGSg@K]EOOq@Mw@Kq@Gw@Gu@C_A?k@?UBmAUAOCSEUKQQOYK[G_@Iq@C]MuAEc@Go@E_@Ea@MwAI[EMACIOKOMd@a@tAELq@nBQb@_@|@k@lAc@`AILYh@IJWZMLMJWP}@n@a@Z{@p@o@r@g@l@a@l@FNx@nBFPj@tAN\Nf@Nf@Ld@j@vBVbAJb@?@Hf@Dh@B`@@^?\A^AXEb@KdAGp@Cj@Cn@Ad@?F?d@@p@@r@KBOBSFOFKH	Click to Generate
S26	60	1			3	Sleeping Giant (S26)	St John Fisher Primary, A Catholic Voluntary Academy (S26)	Spa View Community Church (S26)	6727	5045	u_sdI~dlGAfBCpAC~AG`CGjAI`AEb@Eh@MbAM|@UrAUfASv@Sx@O`@]dAc@~@i@nAcErFoGnFkFlEWb@MPEJOZAHAJAR?VBh@?p@@L@d@?P?XJ@R?\BNBVHB@PJ\Z`@V\VZTTFJB\D\Af@Eb@ORKLIVUZ]Xa@HMJQTg@JYN_@La@Lc@Pm@ZcAPi@@ALc@\y@L[LYBIN[Xi@T[Va@`@m@f@m@n@s@z@q@`@[|@o@VQLKLMV[HKXi@HMb@aAj@mA^}@Pc@p@oBDM`@uALe@JNHN@BDLHZLvAD`@D^Fn@Db@LtAB\Hp@F^JZNXPPTJRDNBT@ClA?T?j@B~@Ft@Fv@Jp@Lv@Np@DNJ\Rf@GFKHEACGi@mAYg@_@e@a@e@WOK?e@@k@AE???e@Ed@DD?j@@d@AJ?VN`@d@^d@Xf@h@lABFD@JIFGVj@l@fAVf@L_@Jc@DSBKD]@IDa@@_@@a@@i@?a@@_@B]Fa@?ABQNyAPoAb@sDHo@@IDQHSHOPQNIGg@I[NKJKHIJALB??MCK@IHKJOJHZFf@OHQPINIREPAHIn@c@rDQnAOxACP?@G`@KEGAE?G@CAEACG?E?GAGGKUOTNFJ??@F?F?DBFD@B@FAD?F@JDC\A^?`@Ah@A`@A^E`@AHE\CJERKb@M^Wg@m@gAWk@Sg@K]EOOq@Mw@Kq@Gw@Gu@C_A?k@?UBmAUAOCSEUKQQOYK[G_@Iq@C]MuAEc@Go@E_@Ea@MwAI[EMACIOKOMd@a@tAELq@nBQb@_@|@k@lAc@`AILYh@IJWZMLMJWP}@n@a@Z{@p@o@r@g@l@a@l@W`@UZYh@OZCHMXMZ]x@Mb@A@Qh@[bAQl@Mb@M`@O^KXUf@KPILY`@[\WTMHSJc@Ng@D]@]EKCUG[U]Wa@W][QKCAWIOC]CS?KA?Y?QAe@AMEWCUM]Q]A?EECCGKCKAI?I?I?M@EBIBEFIFCFAD?FBXGTG`@QjFmEnGoFbEsFh@oAb@_A\eANa@Ry@Rw@TgATsAL}@LcADi@Dc@HaAFkAFaCB_BBqA@gB	Click to Generate
S26	60	1			3	Birley Spa Primary Academy (S26)	Sleeping Giant (S26)	Safa (S26)	5116	3837	c_sdIx~nGTELE?e@?G@e@Bo@Bk@Fq@JeADc@@Y@_@?]A_@Ca@Ei@Ig@?AKc@WcAk@wBMe@Og@Og@O]k@uAGQy@oBGO`@m@f@m@n@s@z@q@`@[|@o@VQLKLMV[HKXi@HMb@aAj@mA^}@Pc@p@oBDM`@uALe@JNHN@BDLHZLvAD`@D^Fn@Db@LtAB\Hp@F^JZNXPPTJRDNBT@ClA?T?j@B~@Ft@Fv@Jp@Lv@Np@DNJ\Rf@Vj@l@fAu@fBMP_@l@SZKSEIIEI?GFU^y@qBEEEAEFsArBrAsBDGD@DDRf@d@hAT_@FGH?HDDHJRMRc@p@CHCHETCT?TBZHX\v@Pb@N`@`CdGVa@LSNUdA}ALONKPGPCb@@`@??}@@qBQ_@QYm@cAGI{@sASYm@_AGKa@o@Wg@m@gAWk@GFKHEACGi@mAYg@_@e@a@e@WOK?e@@k@AE???e@Ed@DD?j@@d@AJ?VN`@d@^d@Xf@h@lABFD@JIFGVj@l@fAVf@`@n@FJl@~@RXz@rAFHl@bAPXP^ApB?|@?xAArA?RAbF?LAb@?d@B`@@TDVH^BHN\c@r@GHW`@W^ORYf@QTCF{@vAo@`AuAxBm@|@GJEFEH_BfCeAdB_@h@e@t@a@p@OTm@~@k@oAACi@uAh@tAl@rAKNo@`Ae@p@W^W^a@n@EHEFU\]u@Qc@]}@K[Qg@Me@Ia@EOKk@K}@Gw@E{@A_A?aAB{@Dw@D_@Fq@Fo@P{Ah@cFBa@?I?S?_@?K?QKqACKEYACQaAEc@Ge@Ei@Em@As@Aq@MDUD	Click to Generate
S26	20	1			3	Birley Spa Primary Academy (S26)	Spa View Community Church (S26)	GoLocal (S26)	2066	1550	eprdIx{mGD?j@@d@AJ?VN`@d@^d@Xf@h@lABFD@JIFGVj@l@fAu@fBMP_@l@SZKSEIIEI?GFU^y@qBEEEAEFsArBrAsBDGD@DDRf@d@hAT_@FGH?HDDHJRMRc@p@CHCHETCT?TBZHX\v@Pb@N`@`CdGVa@LSNUdA}ALONKPGPCb@@`@??}@@qBQ_@QYm@cAGI{@sASYm@_AGKa@o@L_@Jc@DSBKD]@IDa@@_@@a@@i@?a@@_@B]KEGAE?G@CAEACG?E?GAGGKUOTNFJ??@F?F?DBFD@B@FAD?F@JDC\A^?`@Ah@A`@A^E`@AHPXJL^`@e@pAK@K^GKa@o@Wg@m@gAWk@GFKHEACGi@mAYg@_@e@a@e@WOK?e@@k@AE?	Click to Generate
S26	20	1			3	GoLocal (S26)	Our Lady of Lourdes (S26)	Birley Spa (S26)	2004	1503	{crdI|ymG@F?F?DBFD@B@FAD?F@JDC\A^?`@Ah@A`@A^E`@AHPXJL^`@e@pAK@K^GKa@o@L_@Jc@DSBKD]@IDa@@_@@a@@i@?a@@_@B]Fa@?ABQNyAPoAb@sDHo@@IDQHSHOPQNIBLBVF\Ld@L^Vj@lAhBNTHLNPVRl@`@UzAG^]nBg@xCYbBOv@CRQdAMv@SlACLEDCDKRMLMFm@cAGI{@sASYm@_AGKa@o@Wg@m@gAWk@GFKHEACGi@mAYg@_@e@a@e@WOK?e@@[AO?E?e@Ed@DD?j@@d@AJ?VN`@d@^d@Xf@h@lABFD@JIFGVj@l@fAVf@L_@Jc@DSBKD]@IDa@@_@@a@@i@?a@@_@B]KEGAE?G@CAEACG?E?GAG	Click to Generate
S26	30	1			3	Our Lady of Lourdes (S26)	Birley Spa Primary Academy (S26)	Birley Spa (S26)	2496	1872	oardIf~mG??LBLDLNRVdAaCHSHQxBkFmAiBWk@M_@Me@G]CWCMOHQPINIREPAHIn@c@rDQnAOxACP?@G`@C\A^?`@Ah@A`@A^E`@AHE\CJERKb@M^Wg@u@fBMP_@l@SZKSEIIEI?GFU^y@qBEEEAEFsArBrAsBDGD@DDRf@d@hAT_@FGH?HDDHJRMRc@p@CHCHETCT?TBZHX\v@Pb@N`@`CdGVa@LSNUdA}ALONKPGPCb@@`@??}@@qBQ_@QYm@cAGI{@sASYm@_AGKa@o@Wg@m@gAWk@GFKHEACGi@mAYg@_@e@a@e@WOK?e@@[AO?E?e@Ed@DD?j@@d@AJ?VN`@d@^d@Xf@h@lABFD@JIFGVj@l@fAVf@L_@Jc@DSBKD]@IDa@@_@@a@@i@N?N@	Click to Generate
S26	20	1			3	Meraki (S26)	Frecheville Post Office (S26)	St Cyprian (S26)	1866	1400	a}rdI|}pGGJEBE?KMzCcFT]DGDI`@o@N\m@~@qCpEW\EBE?KMzCcFT]DGDI`@o@V_@V_@d@q@n@aAJOl@_ANU`@q@DJ@H?JAHuBfDMT_@n@E@A@C?IEMKW^W^N\Zz@N\L\N\l@}@pD{FPYr@cA`AaBrAfDuBdD{@tA_@j@uBdD_@j@sAgDO]M]O][{@_EpGOP	Click to Generate
S26	20	1			3	Frecheville Library (S26)	Safa (S26)	Meraki (S26)	1531	1148	}krdIxvpGz@uAtBeDsAgDaA`Bs@bAQX{BlDu@lAm@|@O]M]O][{@O]V_@V_@d@q@n@aAJOk@oAACi@uAh@tAl@rAKNo@`Ae@p@W^W^N\m@~@qCpEW\EBE?KMzCcFT]DGDI`@o@N\Zz@N\L\N\rAfD^k@tBeD^k@	Click to Generate
S26	20	1			3	Spa View Community Church (S26)	GoLocal (S26)	Birley Spa (S26)	1563	1172	a|qdI`gmGMCK@IHKJOJHZFf@OHQPINIREPAHIn@c@rDQnAOxACP?@G`@KEGAE?G@CAEACG?E?GAGGKUOTNFJ??@F?F?DBFD@B@FAD?F@JDC\A^?`@Ah@A`@A^E`@AHPXJL^`@e@pAK@K^GKa@o@Wg@m@gAWk@GFKHEACGi@mAYg@_@e@a@e@WOK?e@@[AO?E?e@Ed@DD?j@@d@AJ?VN`@d@^d@Xf@h@lABFD@JIFGVj@l@fAVf@L_@Jc@DSBKD]@IDa@@_@@a@@i@?a@@_@B]Fa@?ABQNyAPoAb@sDHo@@IDQHSHOPQNIGg@I[NKJKHIJALB	Click to Generate
S26	30	1			3	The Swan (S26)	Ridgeway Primary School (S26)	The Phoenix Inn (S26)	2887	2165	igndIbbpGGEaBy@w@a@WOu@_@y@SkA]wBk@MA_@Em@Ce@?a@Ac@GI?o@MGCYGa@OAAGZITUn@CN[~BSI]OP}AHe@T}AD_@s@e@k@c@s@u@a@i@W[UQSKQKCAYK_@QAAi@]ECk@i@c@_@eBaByAsAQIGAQDOHKJYdA[nAG`@_@lBOhA_@`ECVIr@]hCERTNUfC@HBHRZJJLJPHQIMKKKKQGICIAITgCUODS\iCHs@BW^aENiA^mBFa@ZoAXeAJKNIPEF@PHxArAdB`Bb@^j@h@DBh@\`@RXJB@PJRJTPVZ`@h@r@t@j@b@r@d@`Ah@@@`@NXFFBn@LH?b@F`@@d@?l@B^DL@vBj@jA\x@Rt@^VNv@`@`Bx@FD	Click to Generate
S26	30	1			3	Richmond Church (S26)	Antico (S26)	The Strad (S26)	2648	1986	equdIhqpGUTGTGBELERERCX?T?^@ZBXJ`@Tt@?JEPq@|BGLQ]u@mAS[Ya@DQDKDO?CBG?CDKLi@UU??TTMh@EJ?BCF?BENEJEPi@u@[e@CEYc@IMW]MSDSTkAH]RaAH]F_@BIDSFYP}@Z{Ax@cEH]TaBTwBJaC@aB?a@GAGGEKAK@MBODIFCDAFBFHBJ@L?DT?dA?T?X?b@@b@?Z@\?T?@?T?T@|@?B?x@?d@??O@[\@F?FGL_@L_@f@_Bf@}AFO@EAG@GDEBGLJLWBKBIDDBBHF]fACHc@tAIVOb@M^ITCLa@rAg@vBIb@]jBOp@cAlFCJQv@[bAg@zA[z@ELRZTZLTNV`@j@DFy@fDIZU~@c@dB_@`B[nAeAnEENCLe@k@EEi@}@k@gACEUe@FMp@}BDQ?KUu@Ka@CYA[?_@?UBYDSDSDMFCFUTU	Click to Generate
S26	60	1			3	Outwood Academy City (S26)	Stradbroke Community Centre (S26)	WD Motors (S26)	7661	5746	k`udInjoGPg@f@}AFO@ETXBBDDBI\gAFYJm@Ho@Fo@D}@@aAF_C@_@DUFGLAh@@r@DH?@{@?]Au@AgAAc@Ae@?C?UL?@?F?FEBI?YCa@?QDKJEPAj@JN@LCVEREX@HDDJ@T?|E@n@LdB?p@?jA?pAAjBG~BI`BHaBF_C@kB?}C?q@MeBAo@?}EAUEKIEYASDWDMBOAk@KQ@KDEJ?PB`@?XCHGDG?A?M??T?B@d@@b@@fA@t@?\Az@ExCGtDAZCf@Gt@M|@Mp@IXIXQd@ITUp@qAxDOb@GRKZKf@Kn@Kp@SpAM~@SbAWpAGTYhAg@nBSt@Ur@Qj@Qj@CHGRy@fDIZU~@c@dB_@`B[nAeAnEENCLe@k@EEi@}@k@gACEUe@FMp@}BDQ?KUu@Ka@CYA[?_@?UBYDSDSDMFCFUTULOc@d@GTGBELERERCX?T?^@ZBXJ`@Tt@?JEPq@|BGLTd@BDj@fAh@|@DDd@j@Z\^d@\n@Zr@\x@FLFJZh@BDFJBFDFDDf@t@HLX^T\Rd@Vd@Pb@Tp@Tv@T`At@bCl@fCZtAPbARbAV~APnAPvADd@@L??@\@T@N?P?VAf@Ad@MjCF@D?@?DCDEDIDQv@iDh@wBPu@Jq@XqCj@uFHs@De@rC{Wn@_GLgAHg@BYLy@NkAxAaJ@CJs@d@sCD]LeANaA^yBTmAn@sDXgBHk@Hc@Da@BY@]?g@Ac@?GA[E@AAE?WGAHEb@??E^ERETEl@Iz@KhAC`ABaAJiAH{@Dm@DUDSD_@Dc@@IVFD?@@DAA[?IAo@CaAAm@CiACsAAyA?wA?S?mA?}A?s@?eB?U?y@?[?g@?E?O?Y?QAe@AMEWCUM]Q]A?EECCGKCKAI?I?I?M@E@SBg@BYHc@BW@[B[@W?WAq@IqCA]CYCSWoBS}AGa@My@WyAUuAIF]Ty@p@m@l@i@n@EI]w@[w@_@s@_@o@U]q@}@SQMIKGMCYGk@I]EG`C?HCjAC|@?x@AXAjB?~A?~@?~C?t@BH?T?NCL?f@?J?R@JPxE@R?NBx@?R?H@V@|@?T?B@d@@b@@fA@t@?\Az@I?s@Ei@AM@GFETA^G~BA`AE|@Gn@In@Kl@GX]fACHEECCUYADGNg@|AQf@	Click to Generate
S26	60	1			3	Outwood Academy City (S26)	Stradbroke Community Centre (S26)	WD Motors (S26)	7590	5692	e_udIxgoGRo@FO@ETXBBDDBI\gAFYJm@Ho@Fo@D}@@aAF_C@_@DUFGLAh@@r@DH?@{@?]Au@AgAAc@Ae@?C?UL?@?F?FEBI?YCa@?QDKJEPAj@JN@LCVEREX@HDDJ@T?|E@n@LdB?p@?jA?pAAjBG~BI`BHaBF_C@kB?}C?q@MeBAo@?}EAUEKIEYASDWDMBOAk@KQ@KDEJ?PB`@?XCHGDG?A?M??T?B@d@@b@@fA@t@?\Az@ExCGtDAZCf@Gt@M|@Mp@IXIXQd@ITUp@qAxDOb@GRKZKf@Kn@Kp@SpAM~@SbAWpAGTYhAg@nBSt@Ur@Qj@Qj@CHGRy@fDIZU~@c@dB_@`B[nAeAnEENCLe@k@EEi@}@k@gACEUe@FMp@}BDQ?KUu@Ka@CYA[?_@?UBYDSDSDMFCFUTULOc@d@GTGBELERERCX?T?^@ZBXJ`@Tt@?JEPq@|BGLTd@BDj@fAh@|@DDd@j@Z\^d@\n@Zr@\x@FLFJZh@BDFJBFDFDDf@t@HLX^T\Rd@Vd@Pb@Tp@Tv@T`At@bCl@fCZtAPbARbAV~APnAPvADd@@L??@\@T@N?P?VAf@Ad@MjCF@D?@?DCDEDIDQv@iDh@wBPu@Jq@XqCj@uFHs@De@rC{Wn@_GLgAHg@BYLy@NkAxAaJ@CJs@d@sCD]LeANaA^yBTmAn@sDXgBHk@Hc@Da@BY@]?g@Ac@?GA[E@AAE?WGAHEb@??E^ERETEl@Iz@KhAC`ABaAJiAH{@Dm@DUDSD_@Dc@@IVFD?@@DAA[?IAo@CaAAm@CiACsAAyA?wA?S?mA?}A?s@?eB?U?y@?[?g@?E?O?Y?QAe@AMEWCUM]Q]A?EECCGKCKAI?I?I?M@E@SBg@BYHc@BW@[B[@W?WAq@IqCA]CYCSWoBS}AGa@My@WyAUuAIF]Ty@p@m@l@i@n@EI]w@[w@_@s@_@o@U]q@}@SQMIKGMCYGk@I]EG`C?HCjAC|@?x@AXAjB?~A?~@?~C?t@BH?T?NCL?f@?J?R@JPxE@R?NBx@?R?H@V@|@?T?B@d@@b@@fA@t@?\Az@I?s@Ei@AM@GFETA^G~BA`AE|@Gn@In@Kl@GX]fACHEECCUYADGNSn@	Click to Generate
S26	60	1			3	Outwood Academy City (S26)	Stradbroke Community Centre (S26)	WD Motors (S26)	7607	5705	o_udIlhoG\cAFO@ETXBBDDBI\gAFYJm@Ho@Fo@D}@@aAF_C@_@DUFGLAh@@r@DH?@{@?]Au@AgAAc@Ae@?C?UL?@?F?FEBI?YCa@?QDKJEPAj@JN@LCVEREX@HDDJ@T?|E@n@LdB?p@?jA?pAAjBG~BI`BHaBF_C@kB?}C?q@MeBAo@?}EAUEKIEYASDWDMBOAk@KQ@KDEJ?PB`@?XCHGDG?A?M??T?B@d@@b@@fA@t@?\Az@ExCGtDAZCf@Gt@M|@Mp@IXIXQd@ITUp@qAxDOb@GRKZKf@Kn@Kp@SpAM~@SbAWpAGTYhAg@nBSt@Ur@Qj@Qj@CHGRy@fDIZU~@c@dB_@`B[nAeAnEENCLe@k@EEi@}@k@gACEUe@FMp@}BDQ?KUu@Ka@CYA[?_@?UBYDSDSDMFCFUTULOc@d@GTGBELERERCX?T?^@ZBXJ`@Tt@?JEPq@|BGLTd@BDj@fAh@|@DDd@j@Z\^d@\n@Zr@\x@FLFJZh@BDFJBFDFDDf@t@HLX^T\Rd@Vd@Pb@Tp@Tv@T`At@bCl@fCZtAPbARbAV~APnAPvADd@@L??@\@T@N?P?VAf@Ad@MjCF@D?@?DCDEDIDQv@iDh@wBPu@Jq@XqCj@uFHs@De@rC{Wn@_GLgAHg@BYLy@NkAxAaJ@CJs@d@sCD]LeANaA^yBTmAn@sDXgBHk@Hc@Da@BY@]?g@Ac@?GA[E@AAE?WGAHEb@??E^ERETEl@Iz@KhAC`ABaAJiAH{@Dm@DUDSD_@Dc@@IVFD?@@DAA[?IAo@CaAAm@CiACsAAyA?wA?S?mA?}A?s@?eB?U?y@?[?g@?E?O?Y?QAe@AMEWCUM]Q]A?EECCGKCKAI?I?I?M@E@SBg@BYHc@BW@[B[@W?WAq@IqCA]CYCSWoBS}AGa@My@WyAUuAIF]Ty@p@m@l@i@n@EI]w@[w@_@s@_@o@U]q@}@SQMIKGMCYGk@I]EG`C?HCjAC|@?x@AXAjB?~A?~@?~C?t@BH?T?NCL?f@?J?R@JPxE@R?NBx@?R?H@V@|@?T?B@d@@b@@fA@t@?\Az@I?s@Ei@AM@GFETA^G~BA`AE|@Gn@In@Kl@GX]fACHEECCUYADGN]bA	Click to Generate
S26	20	1			3	Hair by Lisa (S26)	Frecheville Post Office (S26)	St Cyprian (S26)	1866	1400	g}rdIf~pGA@EBE?KMzCcFT]DGDI`@o@N\gAdBwBjDW\EBE?KMzCcFT]DGDI`@o@V_@V_@d@q@n@aAJOl@_ANU`@q@DJ@H?JAHuBfDMT_@n@E@A@C?IEMKW^W^N\Zz@N\L\N\l@}@pD{FPYr@cA`AaBrAfDuBdD{@tA_@j@uBdD_@j@sAgDO]M]O][{@_EpGUZ	Click to Generate
S26	20	1			3	Frecheville News, Cards & Gifts (S26)	Safa (S26)	St Cyprian (S26)	1683	1262	wsrdIbtpG[w@A@C?IEMKW^W^N\kBvCsAxBW\EBE?KMzCcFT]DGDI`@o@V_@V_@d@q@n@aAJOk@oAACi@uAh@tAl@rAKNo@`Ae@p@W^W^N\Zz@N\L\N\l@}@pD{FPYr@cA`AaBrAfDuBdD{@tA_@j@uBdD_@j@sAgDO]M]O][{@O]V_@V_@LJHDB?@AZv@	Click to Generate
S26	60	1			3	Birley Health Centre (S26)	Birley Primary Academy (S26)	New Loon Fung (S26)	4346	3260	gmqdIf{pG??_Db@OoEj@Az@Kt@K|Fs@ZE~@MXG\Kb@KZfEw@J_@F??^Gv@KFp@Dt@L~ADd@Bd@Bf@@f@?f@@b@?V?RAVARAPE^ERG^I^G\GVGZGTGVIZGRGPGPGPGNOXMVMRQVW`@mAtByAlCINGNGNCRCLAR?^GpH?|Cc@Os@YGEcCkA{@g@SKqBy@_D_BqCuAuAs@[QGC{@a@QKCECCAEACAIAE?I@K@M@OZeBDODUXyAh@iCZ_BLq@|BbBFKFIn@q@FEBKBG@I?K?KI]Qi@Yu@GYCWAW?MFQHMCs@Br@ILGP?L@VBVFXXt@BJL\H\?J?JAHCFCJGDo@p@kAuFEKCIBY@[?sE?o@@{A?k@@o@@a@@[JkAb@kG@E~@VFBB?RJTJT_ALk@Lu@Hq@Bi@Dq@J}EHqDB}@@GB_@D[BI@GBGHUNQFIJMhAoAFZHXPMXS@?v@a@j@YTERARBPHFHBBFPDXHd@@DB\Fr@Dr@DnA_@JOBYJUFSJ]No@^RrANfALnAH~@Bb@TvE@X@VBTPlEu@J{@Jk@@NnE~Cc@??	Click to Generate
S26	20	1			3	Safa (S26)	St Cyprian (S26)	Frecheville Library (S26)	1579	1184	_jrdItapGc@r@eAdB_@h@e@t@a@p@OTm@~@k@oAACi@uAh@tAl@rAKNo@`Ae@p@W^W^N\Zz@N\L\N\rAfD^k@tBeD^k@z@uAtBeDsAgDaA`Bs@bAQX{BlDu@lAm@|@O]M]O][{@O]V_@V_@d@q@n@aAJOl@_ANU`@q@d@u@^i@dAeBb@s@	Click to Generate
S26	20	1			3	Birley Wood Golf Club (S26)	UK Welder (S26)	Birley Health Centre (S26)	1511	1133	s`qdInyoG]BLxAz@J??{@KMyAUH??C?A@AQIcAA@C?E@M@M@Y?_A@gAB]@e@H_@JC?KBYJUFq@Zo@^RrANfALnAH~@Bb@TvE@X@VBTPlE|Fs@ZE~@MXG\Kb@KZfEw@J_@F??^Gv@K[gEI_AGg@AOAICUEo@AUEk@?ECc@Ew@AKAS?YCmBA{@Aa@?UAUAWEk@AW@AB???TI\C	Click to Generate
S26	20	1			3	Golden City (S26)	The Sherwood (S26)	St Cyprian (S26)	1787	1340	g|rdIz|pGINW\EBE?KMzCcFT]DGDI`@o@N\U\iDrFW\EBE?KMzCcFT]DGDI`@o@V_@V_@d@q@IUCE?OOVEC[s@?Ac@r@\t@`@s@DBNW?NBDHTe@p@W^W^N\Zz@N\L\N\l@}@pD{FPYr@cA`AaBrAfDuBdD{@tA_@j@uBdD_@j@sAgDO]M]O][{@uD`G	Click to Generate
S26	60	1			3	Birley Wood Golf Club (S26)	Queens Head (S26)	The Swan (S26)	6778	5084	e_pdItdpGGICIAITgCUOEXMbAStACTIn@Kv@M~@UvAUnAu@bDaA~CiArDy@lCg@~Ac@~Aw@pCgDjLGPk@~AITmAtC{CpGuB`EkAfCYr@OZEGKSCGg@iBIUMMMMQGSKk@S?}CFqH?_@@SBMBSFOFOHOxAmClAuBVa@PWLSLWNYFOFQFQFQFSH[FWFUF[FWF]H_@F_@DSD_@@Q@S@W?S?WAc@?g@Ag@Cg@Ce@Ee@M_BEu@Gq@[gEI_AGg@AOAICUEo@AUEk@?ECc@Ew@AKAS?YCmBA{@Aa@?UAUAWEk@AW@AB???TILxAz@J??{@KMyAUH??C?A@@VDj@@V@T?T@`@@z@BlB?X@R@JDv@Bb@?DDj@@TDn@BT@H@NFf@H~@ZfEFp@Dt@L~ADd@Bd@Bf@@f@?f@@b@?V?RAVARAPE^ERG^I^G\GVGZGTGVIZGRGPGPGPGNOXMVMRQVW`@mAtByAlCINGNGNCRCLAR?^GpH?|Cj@RRJPFLLLLHTf@hBBFJRDFN[Xs@jAgCtBaEzCqGlAuCHUj@_BFQfDkLv@qCb@_Bf@_Bx@mChAsD`A_Dt@cDToATwAL_AJw@Ho@BURuALcADYDS\iCHs@BW^aENiA^mBFa@ZoAXeAJKNIPEF@PHxArAdB`Bb@^j@h@DBh@\??`@RXJB@PJRJTPVZ`@h@r@t@j@b@r@d@E^U|AId@Q|A\NRHZ_CBOTo@HUF[aAi@s@e@k@c@s@u@a@i@W[UQSKQKCAYKa@Si@]ECk@i@c@_@eBaByAsAQIGAQDOHKJYdA[nAG`@_@lBOhA_@`ECVIr@]hCERTNUfC@HBHFH	Click to Generate
S26	15	1			3	Golden City (S26)	Bullie Ink Tattoo Collective (S26)	St Cyprian (S26)	1408	1056	kvrdI|mpGZr@DBNW?NBDHTe@p@W^W^N\U\iCdE_@l@W\EBE?KMzCcFT]DGDI`@o@N\Zz@N\L\N\l@}@pD{FPYr@cA`AaBrAfDuBdD{@tA_@j@uBdD_@j@sAgDO]M]O][{@O]V_@V_@d@q@IUCE?OOVEC[s@	Click to Generate
S26	60	1			3	Grayson's Plumbing & Heating Supplies (S26)	Outwood Academy City (S26)	WD Motors (S26)	5652	4239	}|tdI|coGBIDDBBHF]fACHc@tAIVOb@M^ITCLa@rAEAE?[Ca@A?O@[\@F?FGX{@@Cf@_Bf@}AFO@ETXBBDDBI\gAFYJm@Ho@Fo@D}@@aAF_C@_@DUFGLAh@@r@DH?@{@?]Au@AgAAc@Ae@?C?UL?@?F?FEBI?YCa@?QDKJEPAj@JN@LCVEREX@HDDJ@T?|E@n@LdB?p@?jA?pAAjBG~BI`BHaBF_C@kB?}C?q@MeBAo@?}EAUEKIEYASDWDMBOAk@KQ@KDEJ?PB`@?XCHGDG?A?M?A}@AW?I?SCy@?OASQyEAK?S?K?g@BM?O?UCI?u@?_D?_A?_B@kB@Y?y@B}@BkA?IFaC\Dj@HXFLBJFLHRPp@|@T\^n@^r@Zv@\v@DHh@o@l@m@x@q@\UHGTtAVxALx@F`@R|AVnBBRBX@\HpC@p@?VAVCZAZCV?T@N@JBLHJFPDDBDDHBP@H?HAHAJAR?VBh@?p@@L@d@?P?X?N?D?f@?Z?x@?T?dB?r@?|A?lA?R?vA@xABrABhA@l@B`A@n@?H@ZE@AAE?WGAHEb@??E^ERETEl@Iz@KhAC`ABaAJiAH{@Dm@DUDSD_@Dc@@IVFD?@@DAA[?IAo@CaAAm@CiACsAAyA?wA?S?mA?}A?s@?eB?U?y@?[?g@?E?O?Y?QAe@AMEWCUM]Q]A?EECCGKCKAI?I?I?M@E@SBg@BYHc@BW@[B[@W?WAq@IqCA]CYCSWoBS}AGa@My@WyAUuAIF]Ty@p@m@l@i@n@EI]w@[w@_@s@_@o@U]q@}@SQMIKGMCYGk@I]EG`C?HCjAC|@?x@AXAjB?~A?~@?~C?t@BH?T?NCL?f@?J?R@JPxE@R?NBx@?R?H@V@|@?T?B@d@@b@@fA@t@?\Az@I?s@Ei@AM@GFETA^G~BA`AE|@Gn@In@Kl@GXIGCCEECH	Click to Generate
S26	60	1			3	Queens Head (S26)	St John the Evangelist (S26)	The Phoenix Inn (S26)	4261	3196	qaodIbzoGHUF[aAi@s@e@k@c@s@u@a@i@W[UQSKQKCAYKa@Si@]ECk@i@c@_@eBaByAsAQIGAQDOHKJF_@DYDa@DJJb@FNF@PHxArAdB`Bb@^j@h@DBh@\??`@RXJB@PJRJTPVZ`@h@r@t@j@b@r@d@`Ah@@@`@NXFFBn@LH?b@F`@@d@?l@B^DL@vBj@jA\x@Rt@^VNv@`@`Bx@FDPFZLVHPDzA\dDt@@yA@{@Az@AxAeDu@{A]QEWI[MYMaBy@w@a@WOu@_@y@SkA]wBk@MA_@Em@Ce@?a@Ac@GI?o@MGCYGa@OAAaAi@s@e@k@c@s@u@a@i@W[UQSKQKCAYKa@Si@]ECk@i@c@_@eBaByAsAQIGAQDOHKJYdA[nAG`@_@lBOhA_@`ECVIr@]hCERTNUfC@HBHRZJJLJPHQIMKKKKQGICIAITgCUODS\iCHs@BW^aENiA^mBFa@ZoAXeAJKNIPEF@PHxArAdB`Bb@^j@h@DBh@\`@RXJB@PJRJTPVZ`@h@r@t@j@b@r@d@`Ah@GZIT	Click to Generate
S26	20	1			3	The Birley (S26)	Safa (S26)	St Cyprian (S26)	1694	1270	szrdIrzpG}@vAW\EBE?KMzCcFT]DGDI`@o@V_@V_@LJHDB?@AZv@JTHTYd@M@KMGEI?MP[{@O]V_@V_@d@q@n@aAJOk@oAACi@uAh@tAl@rAKNo@`Ae@p@W^W^N\Zz@N\L\N\l@}@pD{FPYr@cA`AaBrAfDuBdD{@tA_@j@uBdD_@j@sAgDO]M]O][{@aCxD	Click to Generate
S26	15	1			3	The Fairway (S26)	Birley Health Centre (S26)	Birley Wood Golf Club (S26)	1381	1036	klqdInxoGB?^Kd@I\AfAC~@AX?LALADAB?@AHbA@P@AB???TI\C??]BUH??C?A@@VDj@@V@T?T@`@@z@BlB?X@R@JDv@Bb@?DDj@@TDn@BT@H@NFf@H~@ZfEw@J_@F??^Gv@K[gEI_AGg@AOAICUEo@AUEk@?ECc@Ew@AKAS?YCmBA{@Aa@?UAUAWEk@AW@AB???TILxAz@J??{@KMyAUH??C?A@AQIcAA@C?E@M@M@Y?_A@gAB]@e@H_@JC?	Click to Generate
S26	60	1			3	Outwood Academy City (S26)	Scowerdons Community Centre (S26)	The Strad (S26)	9849	7387	s_tdIvpoG?GAc@?GA[A[?IAo@CaAAm@CiACsAAyA?wA?S?mA?}A?s@?eB?U?y@?[?g@?E?O?Y?QAe@AMEWCUM]Q]A?EECCGKCKAI?I?I?M@E@SBg@BYHc@BW@[B[@W?WAq@IqCA]CYCSWoBS}AGa@My@WyAUuAIF]Ty@p@m@l@i@n@EI]w@[w@_@s@_@o@U]q@}@SQMIKGMCYGk@I]EG`C?HCjAC|@?x@AXAjB?~A?~@?~C?t@BH?T?NCL?f@?J?R@JPxE@R?NBx@?R?H@V@|@L?@?F?FEBI?YCa@?QDKJEPAj@JN@LCVEREX@HDDJ@T?|E@n@LdB?p@?jA?pAAjBG~BI`BHaBF_C@kB?}C?q@MeBAo@?}EAUEKIEYASDWDMBOAk@KQ@KDEJ?PB`@?XCHGDG?A?M?A}@AW?I?SCy@?OASQyEAK?S?K?g@BM?O?UCI?u@?_D?_A?_B@kB@Y?y@B}@BkA?IFaC\Dj@HXFLBJFLHRPp@|@T\^n@^r@Zv@\v@DHh@o@l@m@x@q@\UHGTtAVxALx@F`@R|AVnBBRBX@\HpC@p@?VAVCZAZCV?T@N@JBLHJFPDDBDDHBP@H?HAHAJAR?VBh@?p@@L@d@?P?XJ@R?\BNBVHB@PJ\Z`@V\VZTTFJB\D\Af@Eb@ORKLIVUZ]Xa@HMJQTg@JYN_@La@Lc@Pm@ZcAPi@@ALc@\y@L[LYBIN[Xi@T[Va@FNx@nBFPj@tAN\Nf@Nf@Ld@j@vBVbAJb@?@Hf@Dh@B`@@^?\A^AXEb@KdAGp@Cj@Cn@Ad@?F?d@@p@@r@KBOBSFOFYVWXOTKNUZ_@j@GDGAF@FE^k@T[JONUVYLMJINGRGNCJCAs@Aq@?e@?G@e@Bo@Bk@Fq@JeADc@WIA?QCS?QBGBQFSBO?OCOIQOa@_@GGOMOGMGOCC?K?I@G@UH]P]PA@OFQDO@OCOEQIMIMOACKOKU]}@AAEKY`@[\WTMHSJc@Ng@D]@]EKCUG[U]Wa@W][QKCAWIOC]CS?KA?Y?QAe@AMEWCUM]Q]A?EECCGKCKAI?I?I?M@E@SBg@BYHc@BW@[B[@W?WAq@IqCA]CYCSWoBS}AGa@My@WyAUuAIF]Ty@p@m@l@i@n@EI]w@[w@_@s@_@o@U]q@}@SQMIKGMCYGk@I]EG`C?HCjAC|@?x@AXAjB?~A?~@?~C?t@BH?T?NCL?f@?J?R@JPxE@R?NBx@?R?H@V@|@?T?B@d@@b@@fA@t@?\Az@I?s@Ei@AM@GFETA^G~BA`AE|@Gn@In@Kl@GX]fACHEECCUYAG@GDEBGLJLWBKBIDDBBHFFYJm@Ho@Fo@D}@@aAF_C@_@DUFGLAh@@r@DH?@{@?]Au@AgAAc@Ae@?C?UA}@AW?I?SCy@?OASQyEAK?S?K?g@BM?O?UCI?u@?_D?_A?_B@kB@Y?y@B}@BkA?IFaC\Dj@HXFLBJFLHRPp@|@T\^n@^r@Zv@\v@DHh@o@l@m@x@q@\UHGTtAVxALx@F`@R|AVnBBRBX@\HpC@p@?VAVCZAZCV?T@N@JBLHJFPDDBDDHBP@H?HAHAJAR?VBh@?p@@L@d@?P?X?N?D?f@?Z?x@?T?dB?r@?|A?lA?R?vA@xABrABhA@l@B`A@n@?H@Z@Z?F@b@?F	Click to Generate
S26	60	1			3	Carter Hall Lane (S26)	Birley Health Centre (S26)	The Birley Academy (S26)	6947	5210	otpdIdarG{@u@ITmAtC{CpGuB`EkAfCYr@OZId@ADMn@e@pCShA{@lE{BvLWvAEVKv@Mt@M|@Ed@AHANAFCVDBD@PFrBp@`EzA~@ZJORSJILITINEAe@AYBO@EJ]HSHQJWVe@Vg@@KBOBGVg@^cAr@aCfAkDZoAJ]`@}@l@oAZk@nAiCPWPQ`@W^Sn@U^CFA`@D`@H~@Z\J?n@@HHPIQAI?o@]K_A[a@Ia@Eg@Do@T_@Ra@VQPQVoAhC[j@m@nAa@|@K\[nAgAjDs@`C_@bAWf@CFCNAJWf@Wd@KVIPIRK\ADCN@X@d@ODUHMHKHSRKN_A[aE{AsBq@QGEAECBW@G@O@IDe@L}@Lu@Jw@DWVwAzBwLz@mERiAd@qCLo@@EHe@EGKSCGg@iBIUMMMMQGSKk@S?}CFqH?_@@SBMBSFOFOHOxAmClAuBVa@PWLSLWNYFOFQFQFQFSH[FWFUF[FWF]H_@F_@DSD_@@Q@S@W?S?WAc@?g@Ag@Cg@Ce@Ee@M_BEu@Gq@w@J_@F??^Gv@K[gEc@J]JYF_AL[D}Fr@u@J{@Jk@@NnE~Cc@??FCBEXEB?H?BDJZ^fB_@gBK[CEI?C?YDCDGB_Db@OoEj@Az@Kt@K|Fs@ZE~@MXG\Kb@KZfEFp@Dt@L~ADd@Bd@Bf@@f@?f@@b@?V?RAVARAPE^ERG^I^G\GVGZGTGVIZGRGPGPGPGNOXMVMRQVW`@mAtByAlCINGNGNCRCLAR?^GpH?|Cj@RRJPFLLLLHTf@hBBFJRDFN[Xs@jAgCtBaEzCqGlAuCHUz@t@	Click to Generate
S26	60	1			3	Carter Hall Road, Charnock (S26)	Charnock Hall Road (S26)	The Admiral (S26)	6930	5198	kbsdId~tGPbAPlA@HBR`@?P?^@f@@h@H`AHVBF?^DrANZBN@lBRr@Jv@HTFZJb@Nb@R^Tb@^PPl@n@~@dAVJHBJ@FBH@F?JCH?\m@V[TUBEj@g@LMJKNOJKHIFIFOHUDQLe@Jm@BOf@qCd@}BtAiHNy@Lu@Jo@Jw@PkB@ILcBDBD@PFrBp@hAb@vBv@~@ZJORSJILITINEx@Gx@GPAN@LFPPLTFJDNPr@FXBFH\Rx@Lb@Jb@?BFXDd@?X?ZE\iA|GG^Kb@GRGXU|@IZS~@c@~BiBeA[MECgC}@k@So@U_A]o@SiC}@k@Ug@Qg@Qu@YQEC?d@}BtAiHNy@Lu@Jo@Jw@PkB@ILcBBW@G@O@IDe@L}@Lu@Jw@DWVwAzBwLz@mERiAd@qCLo@@EHe@EGKSCGg@iBIUMMMMQGSKk@Sc@Os@YGEcCkA{@g@SKqBy@_D_BqCuAuAs@[QGC{@a@QKCECCAEACAIAE?I@K@M@OCEAEAGAEMgAEOEUKUIQKKOMgHiDkCoAmCoAkCsAo@Yq@[_@QCCCCACGMfAcBVa@p@gAj@{@LUj@y@HKzCcFT]DGDI`@o@N\_EpGUZA@EBE?KMIJk@x@MTk@z@q@fAW`@gAbBMTe@r@eAdBiAlBiAnBOXKPgBfDWb@OXKPINCFe@x@CFIPEHEFGL[j@c@z@Yr@i@jAUl@e@jAITO^K\CFIPFHDFBF`@~@JVN\BDLZBHZr@hApCtAdD\~@f@`BTv@@DHXT`A?Dt@xCj@xBTbAH\H^r@lCLf@XlAp@rCTbA`@rBjAxGhAdH?@	Click to Generate
S26	60	1			3	Outwood Academy City (S26)	The Strad (S26)	Grayson's Plumbing & Heating Supplies (S26)	5398	4048	eatdIlooG??Dc@@IVFD?@@DAA[?IAo@CaAAm@CiACsAAyA?wA?S?mA?}A?s@?eB?U?y@?[?g@?E?O?Y?QAe@AMEWCUM]Q]A?EECCGKCKAI?I?I?M@E@SBg@BYHc@BW@[B[@W?WAq@IqCA]CYCSWoBS}AGa@My@WyAUuAIF]Ty@p@m@l@i@n@EI]w@[w@_@s@_@o@U]q@}@SQMIKGMCYGk@I]EG`C?HCjAC|@?x@AXAjB?~A?~@?~C?t@BH?T?NCL?f@?J?R@JPxE@R?NBx@?R?H@V@|@L?@?F?FEBI?YCa@?QDKJEPAj@JN@LCVEREX@HDDJ@T?|E@n@LdB?p@?jA?pAAjBG~BI`BHaBF_C@kB?}C?q@MeBAo@?}EAUEKIEYASDWDMBOAk@KQ@KDEJ?PB`@?XCHGDG?A?M??T?B@d@@b@@fA@t@?\Az@I?s@Ei@AM@GFETA^G~BA`AE|@Gn@In@Kl@GXIGCCEECHCJMVMKCFEDAF@FADGNg@|Ag@~AABYz@GFG?]AAZ?N`@@ZBD?D@`@sABMHUL_@Nc@HWb@uABI\gAFYJm@Ho@Fo@D}@@aAF_C@_@DUFGLAh@@r@DH?@{@?]Au@AgAAc@Ae@?C?UA}@AW?I?SCy@?OASQyEAK?S?K?g@BM?O?UCI?u@?_D?_A?_B@kB@Y?y@B}@BkA?IFaC\Dj@HXFLBJFLHRPp@|@T\^n@^r@Zv@\v@DHh@o@l@m@x@q@\UHGTtAVxALx@F`@R|AVnBBRBX@\HpC@p@?VAVCZAZCV?T@N@JBLHJFPDDBDDHBP@H?HAHAJAR?VBh@?p@@L@d@?P?X?N?D?f@?Z?x@?T?dB?r@?|A?lA?R?vA@xABrABhA@l@B`A@n@?H@ZE@AAE?WGAHEb@??	Click to Generate
